source_schema,source_table,source_pk,source_label,source_code,source_type,source_commune,candidate_master_site_id,candidate_site_code,candidate_site_name,match_method,match_score,distance_m,source_priority,recommended_status,requires_review,reason,run_id,generated_at
infra,step,8,,ZAG_DOM,STEP,,,,,SPATIAL_NEAREST_25M,0.0,,3,ORPHAN_SITE,True,Aucun master site dans la tolerance.,e60088e9-cf94-4e41-ae65-a5390866b4b8,2026-05-19T17:00:26.089667+00:00
infra,step,9,,ZAG_DOM,STEP,,,,,SPATIAL_NEAREST_25M,0.0,,3,ORPHAN_SITE,True,Aucun master site dans la tolerance.,e60088e9-cf94-4e41-ae65-a5390866b4b8,2026-05-19T17:00:26.089667+00:00
infra,step_inventaire_pollution,5db5b9da-f1d7-4812-b80b-914178feec97,,ZAG_DOM,STEP,Zeggota,,,,SPATIAL_NEAREST_25M,0.0,,4,ORPHAN_SITE,True,Aucun master site dans la tolerance.,e60088e9-cf94-4e41-ae65-a5390866b4b8,2026-05-19T17:00:26.089667+00:00
infra,huilerie,82,Huilerie Doukali,KHM-UT-2,HUILERIE,,,,,SPATIAL_NEAREST_25M,0.0,,4,ORPHAN_SITE,True,Aucun master site dans la tolerance.,e60088e9-cf94-4e41-ae65-a5390866b4b8,2026-05-19T17:00:26.089667+00:00
infra,huilerie,90,Huilerie IHYHAA,ASB-UT-2,HUILERIE,,,,,SPATIAL_NEAREST_25M,0.0,,4,ORPHAN_SITE,True,Aucun master site dans la tolerance.,e60088e9-cf94-4e41-ae65-a5390866b4b8,2026-05-19T17:00:26.089667+00:00
infra,huilerie,87,Huilerie CHAIBI,SFF-UT-1,HUILERIE,,,,,SPATIAL_NEAREST_25M,0.0,,4,ORPHAN_SITE,True,Aucun master site dans la tolerance.,e60088e9-cf94-4e41-ae65-a5390866b4b8,2026-05-19T17:00:26.089667+00:00
infra,huilerie,262,Société Barakat allah,BJT-UT-1,HUILERIE,,,,,SPATIAL_NEAREST_25M,0.0,,4,ORPHAN_SITE,True,Aucun master site dans la tolerance.,e60088e9-cf94-4e41-ae65-a5390866b4b8,2026-05-19T17:00:26.089667+00:00
infra,huilerie,12,Societe Hajjy Invest,MSR-UT-1,HUILERIE,,,,,SPATIAL_NEAREST_25M,0.0,,4,ORPHAN_SITE,True,Aucun master site dans la tolerance.,e60088e9-cf94-4e41-ae65-a5390866b4b8,2026-05-19T17:00:26.089667+00:00
infra,huilerie,16,Huilerie Aromane ,BBT-UT-1,HUILERIE,,,,,SPATIAL_NEAREST_25M,0.0,,4,ORPHAN_SITE,True,Aucun master site dans la tolerance.,e60088e9-cf94-4e41-ae65-a5390866b4b8,2026-05-19T17:00:26.089667+00:00
infra,huilerie,20,Olivier El Hmaidii,BAC-UT-2,HUILERIE,,,,,SPATIAL_NEAREST_25M,0.0,,4,ORPHAN_SITE,True,Aucun master site dans la tolerance.,e60088e9-cf94-4e41-ae65-a5390866b4b8,2026-05-19T17:00:26.089667+00:00
infra,huilerie,429,Les huileries de meknes 1,,HUILERIE,,,,,SPATIAL_NEAREST_25M,0.0,,4,ORPHAN_SITE,True,Aucun master site dans la tolerance.,e60088e9-cf94-4e41-ae65-a5390866b4b8,2026-05-19T17:00:26.089667+00:00
infra,huilerie,347,Najat,T-UT-02,HUILERIE,,,,,SPATIAL_NEAREST_25M,0.0,,4,ORPHAN_SITE,True,Aucun master site dans la tolerance.,e60088e9-cf94-4e41-ae65-a5390866b4b8,2026-05-19T17:00:26.089667+00:00
infra,huilerie,348,Sté oumatan,T-UT-01,HUILERIE,,,,,SPATIAL_NEAREST_25M,0.0,,4,ORPHAN_SITE,True,Aucun master site dans la tolerance.,e60088e9-cf94-4e41-ae65-a5390866b4b8,2026-05-19T17:00:26.089667+00:00
infra,huilerie,329,Huile taza,T-UT-02,HUILERIE,,,,,SPATIAL_NEAREST_25M,0.0,,4,ORPHAN_SITE,True,Aucun master site dans la tolerance.,e60088e9-cf94-4e41-ae65-a5390866b4b8,2026-05-19T17:00:26.089667+00:00
infra,huilerie,557,ZYOUT MEKNESS,AYO-UT-01,HUILERIE,,,,,SPATIAL_NEAREST_25M,0.0,,4,ORPHAN_SITE,True,Aucun master site dans la tolerance.,e60088e9-cf94-4e41-ae65-a5390866b4b8,2026-05-19T17:00:26.089667+00:00
infra,huilerie,427,EVOO FACTORY,,HUILERIE,,,,,SPATIAL_NEAREST_25M,0.0,,4,ORPHAN_SITE,True,Aucun master site dans la tolerance.,e60088e9-cf94-4e41-ae65-a5390866b4b8,2026-05-19T17:00:26.089667+00:00
infra,huilerie,428,ALBADIYA OLIVE OIL SARL AU,,HUILERIE,,,,,SPATIAL_NEAREST_25M,0.0,,4,ORPHAN_SITE,True,Aucun master site dans la tolerance.,e60088e9-cf94-4e41-ae65-a5390866b4b8,2026-05-19T17:00:26.089667+00:00
infra,huilerie,458,Non-connue 7,KSK_UT01,HUILERIE,,,,,SPATIAL_NEAREST_25M,0.0,,4,ORPHAN_SITE,True,Aucun master site dans la tolerance.,e60088e9-cf94-4e41-ae65-a5390866b4b8,2026-05-19T17:00:26.089667+00:00
infra,huilerie,257,Huilerie Ain jouari,AMT-UT-1,HUILERIE,,,,,SPATIAL_NEAREST_25M,0.0,,4,ORPHAN_SITE,True,Aucun master site dans la tolerance.,e60088e9-cf94-4e41-ae65-a5390866b4b8,2026-05-19T17:00:26.089667+00:00
infra,huilerie,261,Huilerie Tamidet,BJT-UT-1,HUILERIE,,,,,SPATIAL_NEAREST_25M,0.0,,4,ORPHAN_SITE,True,Aucun master site dans la tolerance.,e60088e9-cf94-4e41-ae65-a5390866b4b8,2026-05-19T17:00:26.089667+00:00
infra,huilerie,263,Huilerie Serraf Ikhouan,BJT-UT-1,HUILERIE,,,,,SPATIAL_NEAREST_25M,0.0,,4,ORPHAN_SITE,True,Aucun master site dans la tolerance.,e60088e9-cf94-4e41-ae65-a5390866b4b8,2026-05-19T17:00:26.089667+00:00
infra,huilerie,237,Huilerie Quassemy Fréres,TZG-UT-2,HUILERIE,,,,,SPATIAL_NEAREST_25M,0.0,,4,ORPHAN_SITE,True,Aucun master site dans la tolerance.,e60088e9-cf94-4e41-ae65-a5390866b4b8,2026-05-19T17:00:26.089667+00:00
infra,huilerie,238,Huilerie Jaouda,TZG-UT-1,HUILERIE,,,,,SPATIAL_NEAREST_25M,0.0,,4,ORPHAN_SITE,True,Aucun master site dans la tolerance.,e60088e9-cf94-4e41-ae65-a5390866b4b8,2026-05-19T17:00:26.089667+00:00
infra,huilerie,510,Dika Food,,HUILERIE,,,,,SPATIAL_NEAREST_25M,0.0,,4,MISSING_GEOMETRY,True,Geometrie source absente.,e60088e9-cf94-4e41-ae65-a5390866b4b8,2026-05-19T17:00:26.089667+00:00
infra,huilerie,332,Huile bouchfaa,B-UT-02,HUILERIE,,,,,SPATIAL_NEAREST_25M,0.0,,4,ORPHAN_SITE,True,Aucun master site dans la tolerance.,e60088e9-cf94-4e41-ae65-a5390866b4b8,2026-05-19T17:00:26.089667+00:00
infra,huilerie,480,Ste Abbou,,HUILERIE,,,,,SPATIAL_NEAREST_25M,0.0,,4,MISSING_GEOMETRY,True,Geometrie source absente.,e60088e9-cf94-4e41-ae65-a5390866b4b8,2026-05-19T17:00:26.089667+00:00
infra,huilerie,482,Bouno huiles,,HUILERIE,,,,,SPATIAL_NEAREST_25M,0.0,,4,MISSING_GEOMETRY,True,Geometrie source absente.,e60088e9-cf94-4e41-ae65-a5390866b4b8,2026-05-19T17:00:26.089667+00:00
infra,huilerie,486,Ste Sofa Huile,,HUILERIE,,,,,SPATIAL_NEAREST_25M,0.0,,4,MISSING_GEOMETRY,True,Geometrie source absente.,e60088e9-cf94-4e41-ae65-a5390866b4b8,2026-05-19T17:00:26.089667+00:00
infra,huilerie,497,Siof,,HUILERIE,,,,,SPATIAL_NEAREST_25M,0.0,,4,MISSING_GEOMETRY,True,Geometrie source absente.,e60088e9-cf94-4e41-ae65-a5390866b4b8,2026-05-19T17:00:26.089667+00:00
infra,huilerie,501,Ste Nouvelles huiles Abdo,,HUILERIE,,,,,SPATIAL_NEAREST_25M,0.0,,4,MISSING_GEOMETRY,True,Geometrie source absente.,e60088e9-cf94-4e41-ae65-a5390866b4b8,2026-05-19T17:00:26.089667+00:00
infra,huilerie,504,SILICO,,HUILERIE,,,,,SPATIAL_NEAREST_25M,0.0,,4,MISSING_GEOMETRY,True,Geometrie source absente.,e60088e9-cf94-4e41-ae65-a5390866b4b8,2026-05-19T17:00:26.089667+00:00
infra,huilerie,505,Ste BOUAYAD ,,HUILERIE,,,,,SPATIAL_NEAREST_25M,0.0,,4,MISSING_GEOMETRY,True,Geometrie source absente.,e60088e9-cf94-4e41-ae65-a5390866b4b8,2026-05-19T17:00:26.089667+00:00
infra,huilerie,506,Ste BOUAANAN,,HUILERIE,,,,,SPATIAL_NEAREST_25M,0.0,,4,MISSING_GEOMETRY,True,Geometrie source absente.,e60088e9-cf94-4e41-ae65-a5390866b4b8,2026-05-19T17:00:26.089667+00:00
infra,huilerie,508,Ste Ben Chekroun Jamai,,HUILERIE,,,,,SPATIAL_NEAREST_25M,0.0,,4,MISSING_GEOMETRY,True,Geometrie source absente.,e60088e9-cf94-4e41-ae65-a5390866b4b8,2026-05-19T17:00:26.089667+00:00
infra,huilerie,509,Idriss Hadachi,,HUILERIE,,,,,SPATIAL_NEAREST_25M,0.0,,4,MISSING_GEOMETRY,True,Geometrie source absente.,e60088e9-cf94-4e41-ae65-a5390866b4b8,2026-05-19T17:00:26.089667+00:00
infra,huilerie,511,Oli Argana,,HUILERIE,,,,,SPATIAL_NEAREST_25M,0.0,,4,MISSING_GEOMETRY,True,Geometrie source absente.,e60088e9-cf94-4e41-ae65-a5390866b4b8,2026-05-19T17:00:26.089667+00:00
infra,huilerie,512,Larbi de huile et céreales,,HUILERIE,,,,,SPATIAL_NEAREST_25M,0.0,,4,MISSING_GEOMETRY,True,Geometrie source absente.,e60088e9-cf94-4e41-ae65-a5390866b4b8,2026-05-19T17:00:26.089667+00:00
infra,huilerie,610,Conserves bio,,HUILERIE,,,,,SPATIAL_NEAREST_25M,0.0,,4,ORPHAN_SITE,True,Aucun master site dans la tolerance.,e60088e9-cf94-4e41-ae65-a5390866b4b8,2026-05-19T17:00:26.089667+00:00
infra,huilerie,612,Les coserves oualili,,HUILERIE,,,,,SPATIAL_NEAREST_25M,0.0,,4,ORPHAN_SITE,True,Aucun master site dans la tolerance.,e60088e9-cf94-4e41-ae65-a5390866b4b8,2026-05-19T17:00:26.089667+00:00
infra,huilerie,611,Les conserves de meknes (aicha),,HUILERIE,,,,,SPATIAL_NEAREST_25M,0.0,,4,ORPHAN_SITE,True,Aucun master site dans la tolerance.,e60088e9-cf94-4e41-ae65-a5390866b4b8,2026-05-19T17:00:26.089667+00:00
infra,huilerie,327,Barada fréro,BF-UT-02,HUILERIE,,,,,SPATIAL_NEAREST_25M,0.0,,4,ORPHAN_SITE,True,Aucun master site dans la tolerance.,e60088e9-cf94-4e41-ae65-a5390866b4b8,2026-05-19T17:00:26.089667+00:00
infra,huilerie,314,Sté boulmakol,B-UT-01,HUILERIE,,,,,SPATIAL_NEAREST_25M,0.0,,4,ORPHAN_SITE,True,Aucun master site dans la tolerance.,e60088e9-cf94-4e41-ae65-a5390866b4b8,2026-05-19T17:00:26.089667+00:00
infra,huilerie,317,Meknasa olive,MA-UT-02,HUILERIE,,,,,SPATIAL_NEAREST_25M,0.0,,4,ORPHAN_SITE,True,Aucun master site dans la tolerance.,e60088e9-cf94-4e41-ae65-a5390866b4b8,2026-05-19T17:00:26.089667+00:00
infra,huilerie,114,H.SOUK SABT,ABO-UT-04,HUILERIE,,,,,SPATIAL_NEAREST_25M,0.0,,4,ORPHAN_SITE,True,Aucun master site dans la tolerance.,e60088e9-cf94-4e41-ae65-a5390866b4b8,2026-05-19T17:00:26.089667+00:00
infra,huilerie,485,Huilerie IDRISSIA,,HUILERIE,,,,,SPATIAL_NEAREST_25M,0.0,,4,ORPHAN_SITE,True,Aucun master site dans la tolerance.,e60088e9-cf94-4e41-ae65-a5390866b4b8,2026-05-19T17:00:26.089667+00:00
infra,huilerie_inventaire_pollution,a394a40d-c29a-4f74-9365-98fe3ad509b6,Barada fréro,BF-UT-02,HUILERIE,Bni ftah,,,,SPATIAL_NEAREST_25M,0.0,,5,ORPHAN_SITE,True,Aucun master site dans la tolerance.,e60088e9-cf94-4e41-ae65-a5390866b4b8,2026-05-19T17:00:26.089667+00:00
infra,huilerie_inventaire_pollution,c193b12b-dea4-4bdf-b1cc-12ce2cfff8db,H.SOUK SABT,ABO-UT-04,HUILERIE,SEBAA ROUDI,,,,SPATIAL_NEAREST_25M,0.0,,5,ORPHAN_SITE,True,Aucun master site dans la tolerance.,e60088e9-cf94-4e41-ae65-a5390866b4b8,2026-05-19T17:00:26.089667+00:00
infra,huilerie_inventaire_pollution,cf2c8e07-4ebf-4fa5-95b8-8761f3b90d8c,Huile bouchfaa,B-UT-02,HUILERIE,Bouchfaa,,,,SPATIAL_NEAREST_25M,0.0,,5,ORPHAN_SITE,True,Aucun master site dans la tolerance.,e60088e9-cf94-4e41-ae65-a5390866b4b8,2026-05-19T17:00:26.089667+00:00
infra,huilerie_inventaire_pollution,5232a595-5fbb-4993-b058-cfd5d954b3a2,Huile taza,T-UT-02,HUILERIE,Taza,,,,SPATIAL_NEAREST_25M,0.0,,5,ORPHAN_SITE,True,Aucun master site dans la tolerance.,e60088e9-cf94-4e41-ae65-a5390866b4b8,2026-05-19T17:00:26.089667+00:00
infra,huilerie_inventaire_pollution,d72727de-e1f7-4a38-9680-b4d0f3fae5de,Huilerie Ain jouari,AMT-UT-1,HUILERIE,Ain Maatouf,,,,SPATIAL_NEAREST_25M,0.0,,5,ORPHAN_SITE,True,Aucun master site dans la tolerance.,e60088e9-cf94-4e41-ae65-a5390866b4b8,2026-05-19T17:00:26.089667+00:00
infra,huilerie_inventaire_pollution,8e0de048-4d65-4c79-818b-31b01696a92e,Huilerie Aromane,BBT-UT-1,HUILERIE,Oued El Malha,,,,SPATIAL_NEAREST_25M,0.0,,5,ORPHAN_SITE,True,Aucun master site dans la tolerance.,e60088e9-cf94-4e41-ae65-a5390866b4b8,2026-05-19T17:00:26.089667+00:00
infra,huilerie_inventaire_pollution,4bf6a654-fff4-4538-b8fd-5af64004b5aa,Huilerie CHAIBI,SFF-UT-1,HUILERIE,Sfassif,,,,SPATIAL_NEAREST_25M,0.0,,5,ORPHAN_SITE,True,Aucun master site dans la tolerance.,e60088e9-cf94-4e41-ae65-a5390866b4b8,2026-05-19T17:00:26.089667+00:00
infra,huilerie_inventaire_pollution,e5a6e526-4fdd-4a7e-985a-62ad199178ee,Huilerie Doukali,KHM-UT-2,HUILERIE,Mu. Khemisset,,,,SPATIAL_NEAREST_25M,0.0,,5,ORPHAN_SITE,True,Aucun master site dans la tolerance.,e60088e9-cf94-4e41-ae65-a5390866b4b8,2026-05-19T17:00:26.089667+00:00
infra,huilerie_inventaire_pollution,bee862d4-e639-46aa-9510-d12768d716b7,Huilerie IHYHAA,ASB-UT-2,HUILERIE,Ait Siberne,,,,SPATIAL_NEAREST_25M,0.0,,5,ORPHAN_SITE,True,Aucun master site dans la tolerance.,e60088e9-cf94-4e41-ae65-a5390866b4b8,2026-05-19T17:00:26.089667+00:00
infra,huilerie_inventaire_pollution,feddb89f-d453-40d6-ae48-f1535dad056e,Huilerie Jaouda,TZG-UT-1,HUILERIE,Sidi Makhfi,,,,SPATIAL_NEAREST_25M,0.0,,5,ORPHAN_SITE,True,Aucun master site dans la tolerance.,e60088e9-cf94-4e41-ae65-a5390866b4b8,2026-05-19T17:00:26.089667+00:00
infra,huilerie_inventaire_pollution,8f8ae2fb-0414-48ba-81f2-e97e45205bd4,Huilerie Quassemy Fréres,TZG-UT-2,HUILERIE,Sidi Makhfi,,,,SPATIAL_NEAREST_25M,0.0,,5,ORPHAN_SITE,True,Aucun master site dans la tolerance.,e60088e9-cf94-4e41-ae65-a5390866b4b8,2026-05-19T17:00:26.089667+00:00
infra,huilerie_inventaire_pollution,88d988b5-bc19-4a19-838e-aab54ada5555,Huilerie Serraf Ikhouan,BJT-UT-1,HUILERIE,Bni Ounjel Tafraout,,,,SPATIAL_NEAREST_25M,0.0,,5,ORPHAN_SITE,True,Aucun master site dans la tolerance.,e60088e9-cf94-4e41-ae65-a5390866b4b8,2026-05-19T17:00:26.089667+00:00
infra,huilerie_inventaire_pollution,73607441-f39a-4bf6-a5af-af7b19fa0b02,Huilerie Tamidet,BJT-UT-1,HUILERIE,Tamidet,,,,SPATIAL_NEAREST_25M,0.0,,5,ORPHAN_SITE,True,Aucun master site dans la tolerance.,e60088e9-cf94-4e41-ae65-a5390866b4b8,2026-05-19T17:00:26.089667+00:00
infra,huilerie_inventaire_pollution,fe92cdf1-ccb9-41ae-be30-9da27435169d,Meknasa olive,MA-UT-02,HUILERIE,Meknassa algharbia,,,,SPATIAL_NEAREST_25M,0.0,,5,ORPHAN_SITE,True,Aucun master site dans la tolerance.,e60088e9-cf94-4e41-ae65-a5390866b4b8,2026-05-19T17:00:26.089667+00:00
infra,huilerie_inventaire_pollution,8a735aab-52b1-43c2-9ae8-04359e0df138,Najat,T-UT-02,HUILERIE,Tahla,,,,SPATIAL_NEAREST_25M,0.0,,5,ORPHAN_SITE,True,Aucun master site dans la tolerance.,e60088e9-cf94-4e41-ae65-a5390866b4b8,2026-05-19T17:00:26.089667+00:00
infra,huilerie_inventaire_pollution,d1672de6-95e8-4a18-b4cd-d63555e9c986,Non-connue 7,KSK_UT01,HUILERIE,KANDAR SIDI KHIAR,,,,SPATIAL_NEAREST_25M,0.0,,5,ORPHAN_SITE,True,Aucun master site dans la tolerance.,e60088e9-cf94-4e41-ae65-a5390866b4b8,2026-05-19T17:00:26.089667+00:00
infra,huilerie_inventaire_pollution,80bb765f-d3a9-4fe5-8322-071356943836,Olivier El Hmaidii,BAC-UT-2,HUILERIE,Beni Ahmed Gharbia,,,,SPATIAL_NEAREST_25M,0.0,,5,ORPHAN_SITE,True,Aucun master site dans la tolerance.,e60088e9-cf94-4e41-ae65-a5390866b4b8,2026-05-19T17:00:26.089667+00:00
infra,huilerie_inventaire_pollution,a2478ab2-0ed4-41c8-a76a-66b785dd7247,Société Barakat allah,BJT-UT-1,HUILERIE,Bni Ounjel Tafraout,,,,SPATIAL_NEAREST_25M,0.0,,5,ORPHAN_SITE,True,Aucun master site dans la tolerance.,e60088e9-cf94-4e41-ae65-a5390866b4b8,2026-05-19T17:00:26.089667+00:00
infra,huilerie_inventaire_pollution,4143059d-4ad8-418b-bd22-d82174f26e45,Societe Hajjy Invest,MSR-UT-1,HUILERIE,Mansoura,,,,SPATIAL_NEAREST_25M,0.0,,5,ORPHAN_SITE,True,Aucun master site dans la tolerance.,e60088e9-cf94-4e41-ae65-a5390866b4b8,2026-05-19T17:00:26.089667+00:00
infra,huilerie_inventaire_pollution,3ee1833e-4611-425e-82e4-558231a78bdf,Sté boulmakol,B-UT-01,HUILERIE,Bourd,,,,SPATIAL_NEAREST_25M,0.0,,5,ORPHAN_SITE,True,Aucun master site dans la tolerance.,e60088e9-cf94-4e41-ae65-a5390866b4b8,2026-05-19T17:00:26.089667+00:00
infra,huilerie_inventaire_pollution,ea9bdacc-9717-4ba3-a1db-3523ba30a836,Sté oumatan,T-UT-01,HUILERIE,Tahla,,,,SPATIAL_NEAREST_25M,0.0,,5,ORPHAN_SITE,True,Aucun master site dans la tolerance.,e60088e9-cf94-4e41-ae65-a5390866b4b8,2026-05-19T17:00:26.089667+00:00
infra,mine,10,,,MINE,,,,,SPATIAL_NEAREST_25M,0.0,,4,ORPHAN_SITE,True,Aucun master site dans la tolerance.,e60088e9-cf94-4e41-ae65-a5390866b4b8,2026-05-19T17:00:26.089667+00:00
infra,mine,23,Ste miniere de Taza,,MINE,,,,,SPATIAL_NEAREST_25M,0.0,,4,ORPHAN_SITE,True,Aucun master site dans la tolerance.,e60088e9-cf94-4e41-ae65-a5390866b4b8,2026-05-19T17:00:26.089667+00:00
infra,mine,24,STE HERIIERS LAFQUIH 1,,MINE,,,,,SPATIAL_NEAREST_25M,0.0,,4,ORPHAN_SITE,True,Aucun master site dans la tolerance.,e60088e9-cf94-4e41-ae65-a5390866b4b8,2026-05-19T17:00:26.089667+00:00
infra,mine,27,Salt factory,,MINE,,,,,SPATIAL_NEAREST_25M,0.0,,4,ORPHAN_SITE,True,Aucun master site dans la tolerance.,e60088e9-cf94-4e41-ae65-a5390866b4b8,2026-05-19T17:00:26.089667+00:00
infra,mine,40,STE SORECH  MINES,,MINE,,,,,SPATIAL_NEAREST_25M,0.0,,4,ORPHAN_SITE,True,Aucun master site dans la tolerance.,e60088e9-cf94-4e41-ae65-a5390866b4b8,2026-05-19T17:00:26.089667+00:00
infra,mine,41,,,MINE,,,,,SPATIAL_NEAREST_25M,0.0,,4,ORPHAN_SITE,True,Aucun master site dans la tolerance.,e60088e9-cf94-4e41-ae65-a5390866b4b8,2026-05-19T17:00:26.089667+00:00
infra,mine,42,,,MINE,,,,,SPATIAL_NEAREST_25M,0.0,,4,ORPHAN_SITE,True,Aucun master site dans la tolerance.,e60088e9-cf94-4e41-ae65-a5390866b4b8,2026-05-19T17:00:26.089667+00:00
infra,mine_inventaire_pollution,240d9b88-6e84-4c1d-a578-105427919c46,,,MINE,Oued El Makhazine,,,,SPATIAL_NEAREST_25M,0.0,,5,ORPHAN_SITE,True,Aucun master site dans la tolerance.,e60088e9-cf94-4e41-ae65-a5390866b4b8,2026-05-19T17:00:26.089667+00:00
infra,mine_inventaire_pollution,d1702768-81c2-4650-91a3-d0467ea4d0eb,STE HERIIERS LAFQUIH 1,,MINE,Bni Lent,,,,SPATIAL_NEAREST_25M,0.0,,5,ORPHAN_SITE,True,Aucun master site dans la tolerance.,e60088e9-cf94-4e41-ae65-a5390866b4b8,2026-05-19T17:00:26.089667+00:00
infra,mine_inventaire_pollution,6b770e03-98c2-450b-bde5-52d7afd2f7b1,Salt factory,,MINE,Meknassa Al Gharbia,,,,SPATIAL_NEAREST_25M,0.0,,5,ORPHAN_SITE,True,Aucun master site dans la tolerance.,e60088e9-cf94-4e41-ae65-a5390866b4b8,2026-05-19T17:00:26.089667+00:00
infra,mine_inventaire_pollution,825a0aeb-4429-42d1-b7e5-cafede78085a,STE SORECH  MINES,,MINE,Tazouta,,,,SPATIAL_NEAREST_25M,0.0,,5,ORPHAN_SITE,True,Aucun master site dans la tolerance.,e60088e9-cf94-4e41-ae65-a5390866b4b8,2026-05-19T17:00:26.089667+00:00
infra,decharge,135,néant,SMC_DEC,DECHARGE,,,,,SPATIAL_NEAREST_25M,0.0,,4,MISSING_GEOMETRY,True,Geometrie source absente.,e60088e9-cf94-4e41-ae65-a5390866b4b8,2026-05-19T17:00:26.089667+00:00
infra,decharge,138,néant,BTB_DEC,DECHARGE,,,,,SPATIAL_NEAREST_25M,0.0,,4,MISSING_GEOMETRY,True,Geometrie source absente.,e60088e9-cf94-4e41-ae65-a5390866b4b8,2026-05-19T17:00:26.089667+00:00
infra,decharge,139,néant,TKN_DEC,DECHARGE,,,,,SPATIAL_NEAREST_25M,0.0,,4,MISSING_GEOMETRY,True,Geometrie source absente.,e60088e9-cf94-4e41-ae65-a5390866b4b8,2026-05-19T17:00:26.089667+00:00
infra,decharge,150,néant,MAK_DEC,DECHARGE,,,,,SPATIAL_NEAREST_25M,0.0,,4,MISSING_GEOMETRY,True,Geometrie source absente.,e60088e9-cf94-4e41-ae65-a5390866b4b8,2026-05-19T17:00:26.089667+00:00
infra,decharge,153,néant,RZI_DEC,DECHARGE,,,,,SPATIAL_NEAREST_25M,0.0,,4,MISSING_GEOMETRY,True,Geometrie source absente.,e60088e9-cf94-4e41-ae65-a5390866b4b8,2026-05-19T17:00:26.089667+00:00
infra,decharge,205,néant, J_DECH,DECHARGE,,,,,SPATIAL_NEAREST_25M,0.0,,4,MISSING_GEOMETRY,True,Geometrie source absente.,e60088e9-cf94-4e41-ae65-a5390866b4b8,2026-05-19T17:00:26.089667+00:00
infra,decharge,206,néant,KE_DECH,DECHARGE,,,,,SPATIAL_NEAREST_25M,0.0,,4,MISSING_GEOMETRY,True,Geometrie source absente.,e60088e9-cf94-4e41-ae65-a5390866b4b8,2026-05-19T17:00:26.089667+00:00
infra,decharge,207,néant,B_DECH,DECHARGE,,,,,SPATIAL_NEAREST_25M,0.0,,4,MISSING_GEOMETRY,True,Geometrie source absente.,e60088e9-cf94-4e41-ae65-a5390866b4b8,2026-05-19T17:00:26.089667+00:00
infra,decharge,4,,BB_DECH,DECHARGE,,,,,SPATIAL_NEAREST_25M,0.0,,4,MISSING_GEOMETRY,True,Geometrie source absente.,e60088e9-cf94-4e41-ae65-a5390866b4b8,2026-05-19T17:00:26.089667+00:00
infra,decharge,63,,ABK-DECH,DECHARGE,,,,,SPATIAL_NEAREST_25M,0.0,,4,MISSING_GEOMETRY,True,Geometrie source absente.,e60088e9-cf94-4e41-ae65-a5390866b4b8,2026-05-19T17:00:26.089667+00:00
infra,decharge,86,néant,BQL_DECH,DECHARGE,,,,,SPATIAL_NEAREST_25M,0.0,,4,MISSING_GEOMETRY,True,Geometrie source absente.,e60088e9-cf94-4e41-ae65-a5390866b4b8,2026-05-19T17:00:26.089667+00:00
infra,decharge,87,néant,MZF_DECH,DECHARGE,,,,,SPATIAL_NEAREST_25M,0.0,,4,MISSING_GEOMETRY,True,Geometrie source absente.,e60088e9-cf94-4e41-ae65-a5390866b4b8,2026-05-19T17:00:26.089667+00:00
infra,decharge,88,néant,KABQ_DECH,DECHARGE,,,,,SPATIAL_NEAREST_25M,0.0,,4,MISSING_GEOMETRY,True,Geometrie source absente.,e60088e9-cf94-4e41-ae65-a5390866b4b8,2026-05-19T17:00:26.089667+00:00
infra,decharge,107,néant,OUN_DECH,DECHARGE,,,,,SPATIAL_NEAREST_25M,0.0,,4,MISSING_GEOMETRY,True,Geometrie source absente.,e60088e9-cf94-4e41-ae65-a5390866b4b8,2026-05-19T17:00:26.089667+00:00
infra,decharge,12,,C_DECH,DECHARGE,,,,,SPATIAL_NEAREST_25M,0.0,,4,MISSING_GEOMETRY,True,Geometrie source absente.,e60088e9-cf94-4e41-ae65-a5390866b4b8,2026-05-19T17:00:26.089667+00:00
infra,decharge,21,, BSH-DECH,DECHARGE,,,,,SPATIAL_NEAREST_25M,0.0,,4,MISSING_GEOMETRY,True,Geometrie source absente.,e60088e9-cf94-4e41-ae65-a5390866b4b8,2026-05-19T17:00:26.089667+00:00
infra,decharge,29,bou ahmed, TLT-DECH,DECHARGE,,,,,SPATIAL_NEAREST_25M,0.0,,4,MISSING_GEOMETRY,True,Geometrie source absente.,e60088e9-cf94-4e41-ae65-a5390866b4b8,2026-05-19T17:00:26.089667+00:00
infra,decharge,41,,LAA_DEC,DECHARGE,,,,,SPATIAL_NEAREST_25M,0.0,,4,MISSING_GEOMETRY,True,Geometrie source absente.,e60088e9-cf94-4e41-ae65-a5390866b4b8,2026-05-19T17:00:26.089667+00:00
infra,decharge,44,,,DECHARGE,,,,,SPATIAL_NEAREST_25M,0.0,,4,MISSING_GEOMETRY,True,Geometrie source absente.,e60088e9-cf94-4e41-ae65-a5390866b4b8,2026-05-19T17:00:26.089667+00:00
infra,decharge,46,néant,BMR_DEC,DECHARGE,,,,,SPATIAL_NEAREST_25M,0.0,,4,MISSING_GEOMETRY,True,Geometrie source absente.,e60088e9-cf94-4e41-ae65-a5390866b4b8,2026-05-19T17:00:26.089667+00:00
infra,decharge,47,néant,SBM_DEC,DECHARGE,,,,,SPATIAL_NEAREST_25M,0.0,,4,MISSING_GEOMETRY,True,Geometrie source absente.,e60088e9-cf94-4e41-ae65-a5390866b4b8,2026-05-19T17:00:26.089667+00:00
infra,decharge,50,chouafaa, CHA_DECH1,DECHARGE,,,,,SPATIAL_NEAREST_25M,0.0,,4,MISSING_GEOMETRY,True,Geometrie source absente.,e60088e9-cf94-4e41-ae65-a5390866b4b8,2026-05-19T17:00:26.089667+00:00
infra,decharge,51,haddada,HAA_DECH1,DECHARGE,,,,,SPATIAL_NEAREST_25M,0.0,,4,MISSING_GEOMETRY,True,Geometrie source absente.,e60088e9-cf94-4e41-ae65-a5390866b4b8,2026-05-19T17:00:26.089667+00:00
infra,decharge,52,kariat ben aouda,KBA_DECH1,DECHARGE,,,,,SPATIAL_NEAREST_25M,0.0,,4,MISSING_GEOMETRY,True,Geometrie source absente.,e60088e9-cf94-4e41-ae65-a5390866b4b8,2026-05-19T17:00:26.089667+00:00
infra,decharge,54,, INN-DECH,DECHARGE,,,,,SPATIAL_NEAREST_25M,0.0,,4,MISSING_GEOMETRY,True,Geometrie source absente.,e60088e9-cf94-4e41-ae65-a5390866b4b8,2026-05-19T17:00:26.089667+00:00
infra,decharge,56,ouled berjal ( convention de dépôt), MNA_DECH1,DECHARGE,,,,,SPATIAL_NEAREST_25M,0.0,,4,MISSING_GEOMETRY,True,Geometrie source absente.,e60088e9-cf94-4e41-ae65-a5390866b4b8,2026-05-19T17:00:26.089667+00:00
infra,decharge,58,la commune, ODM_DECH1,DECHARGE,,,,,SPATIAL_NEAREST_25M,0.0,,4,MISSING_GEOMETRY,True,Geometrie source absente.,e60088e9-cf94-4e41-ae65-a5390866b4b8,2026-05-19T17:00:26.089667+00:00
infra,decharge,59,sidi boubker el haj,SBH_DECH1,DECHARGE,,,,,SPATIAL_NEAREST_25M,0.0,,4,MISSING_GEOMETRY,True,Geometrie source absente.,e60088e9-cf94-4e41-ae65-a5390866b4b8,2026-05-19T17:00:26.089667+00:00
infra,decharge,60,sidi mohamed lahmar,SML_DECH1,DECHARGE,,,,,SPATIAL_NEAREST_25M,0.0,,4,MISSING_GEOMETRY,True,Geometrie source absente.,e60088e9-cf94-4e41-ae65-a5390866b4b8,2026-05-19T17:00:26.089667+00:00
infra,decharge,61,ouled berjal, ,DECHARGE,,,,,SPATIAL_NEAREST_25M,0.0,,4,MISSING_GEOMETRY,True,Geometrie source absente.,e60088e9-cf94-4e41-ae65-a5390866b4b8,2026-05-19T17:00:26.089667+00:00
infra,decharge,64,,SB_DOM,DECHARGE,,,,,SPATIAL_NEAREST_25M,0.0,,4,MISSING_GEOMETRY,True,Geometrie source absente.,e60088e9-cf94-4e41-ae65-a5390866b4b8,2026-05-19T17:00:26.089667+00:00
infra,decharge,65,,SFS-DECH,DECHARGE,,,,,SPATIAL_NEAREST_25M,0.0,,4,MISSING_GEOMETRY,True,Geometrie source absente.,e60088e9-cf94-4e41-ae65-a5390866b4b8,2026-05-19T17:00:26.089667+00:00
infra,decharge,66,,ABH-DECH,DECHARGE,,,,,SPATIAL_NEAREST_25M,0.0,,4,MISSING_GEOMETRY,True,Geometrie source absente.,e60088e9-cf94-4e41-ae65-a5390866b4b8,2026-05-19T17:00:26.089667+00:00
infra,decharge,68,bahara oulad ayad,BOA_DECH1,DECHARGE,,,,,SPATIAL_NEAREST_25M,0.0,,4,MISSING_GEOMETRY,True,Geometrie source absente.,e60088e9-cf94-4e41-ae65-a5390866b4b8,2026-05-19T17:00:26.089667+00:00
infra,decharge,71,,T_DOM,DECHARGE,,,,,SPATIAL_NEAREST_25M,0.0,,4,MISSING_GEOMETRY,True,Geometrie source absente.,e60088e9-cf94-4e41-ae65-a5390866b4b8,2026-05-19T17:00:26.089667+00:00
infra,decharge,73,decharge publique controlee fes ,LOD_DEC,DECHARGE,,,,,SPATIAL_NEAREST_25M,0.0,,4,MISSING_GEOMETRY,True,Geometrie source absente.,e60088e9-cf94-4e41-ae65-a5390866b4b8,2026-05-19T17:00:26.089667+00:00
infra,decharge,81,néant,SLY_DEC,DECHARGE,,,,,SPATIAL_NEAREST_25M,0.0,,4,MISSING_GEOMETRY,True,Geometrie source absente.,e60088e9-cf94-4e41-ae65-a5390866b4b8,2026-05-19T17:00:26.089667+00:00
infra,decharge,89,,SAL-DECH,DECHARGE,,,,,SPATIAL_NEAREST_25M,0.0,,4,MISSING_GEOMETRY,True,Geometrie source absente.,e60088e9-cf94-4e41-ae65-a5390866b4b8,2026-05-19T17:00:26.089667+00:00
infra,decharge,93,néant,SAC_DEC,DECHARGE,,,,,SPATIAL_NEAREST_25M,0.0,,4,MISSING_GEOMETRY,True,Geometrie source absente.,e60088e9-cf94-4e41-ae65-a5390866b4b8,2026-05-19T17:00:26.089667+00:00
infra,decharge,94,néant,ZGH_DEC,DECHARGE,,,,,SPATIAL_NEAREST_25M,0.0,,4,MISSING_GEOMETRY,True,Geometrie source absente.,e60088e9-cf94-4e41-ae65-a5390866b4b8,2026-05-19T17:00:26.089667+00:00
infra,decharge,99,,MTA_DEC,DECHARGE,,,,,SPATIAL_NEAREST_25M,0.0,,4,MISSING_GEOMETRY,True,Geometrie source absente.,e60088e9-cf94-4e41-ae65-a5390866b4b8,2026-05-19T17:00:26.089667+00:00
infra,decharge,102,,BSM__DECH ,DECHARGE,,,,,SPATIAL_NEAREST_25M,0.0,,4,MISSING_GEOMETRY,True,Geometrie source absente.,e60088e9-cf94-4e41-ae65-a5390866b4b8,2026-05-19T17:00:26.089667+00:00
infra,decharge,108,,AHS_DEC,DECHARGE,,,,,SPATIAL_NEAREST_25M,0.0,,4,MISSING_GEOMETRY,True,Geometrie source absente.,e60088e9-cf94-4e41-ae65-a5390866b4b8,2026-05-19T17:00:26.089667+00:00
infra,decharge,109,néant,BNS_DEC,DECHARGE,,,,,SPATIAL_NEAREST_25M,0.0,,4,MISSING_GEOMETRY,True,Geometrie source absente.,e60088e9-cf94-4e41-ae65-a5390866b4b8,2026-05-19T17:00:26.089667+00:00
infra,decharge,112,,TAF_DEC,DECHARGE,,,,,SPATIAL_NEAREST_25M,0.0,,4,MISSING_GEOMETRY,True,Geometrie source absente.,e60088e9-cf94-4e41-ae65-a5390866b4b8,2026-05-19T17:00:26.089667+00:00
infra,decharge,113,, KSK_DEC,DECHARGE,,,,,SPATIAL_NEAREST_25M,0.0,,4,MISSING_GEOMETRY,True,Geometrie source absente.,e60088e9-cf94-4e41-ae65-a5390866b4b8,2026-05-19T17:00:26.089667+00:00
infra,decharge,114,néant,KSN_DEC,DECHARGE,,,,,SPATIAL_NEAREST_25M,0.0,,4,MISSING_GEOMETRY,True,Geometrie source absente.,e60088e9-cf94-4e41-ae65-a5390866b4b8,2026-05-19T17:00:26.089667+00:00
infra,decharge,115,,ADE_DEC,DECHARGE,,,,,SPATIAL_NEAREST_25M,0.0,,4,MISSING_GEOMETRY,True,Geometrie source absente.,e60088e9-cf94-4e41-ae65-a5390866b4b8,2026-05-19T17:00:26.089667+00:00
infra,decharge,117,néant,BAT_DECH,DECHARGE,,,,,SPATIAL_NEAREST_25M,0.0,,4,MISSING_GEOMETRY,True,Geometrie source absente.,e60088e9-cf94-4e41-ae65-a5390866b4b8,2026-05-19T17:00:26.089667+00:00
infra,decharge,123,néant,BNO_DECH,DECHARGE,,,,,SPATIAL_NEAREST_25M,0.0,,4,MISSING_GEOMETRY,True,Geometrie source absente.,e60088e9-cf94-4e41-ae65-a5390866b4b8,2026-05-19T17:00:26.089667+00:00
infra,decharge,124,ouled berjal, ,DECHARGE,,,,,SPATIAL_NEAREST_25M,0.0,,4,MISSING_GEOMETRY,True,Geometrie source absente.,e60088e9-cf94-4e41-ae65-a5390866b4b8,2026-05-19T17:00:26.089667+00:00
infra,decharge,134,néant,LRH_DEC,DECHARGE,,,,,SPATIAL_NEAREST_25M,0.0,,4,MISSING_GEOMETRY,True,Geometrie source absente.,e60088e9-cf94-4e41-ae65-a5390866b4b8,2026-05-19T17:00:26.089667+00:00
infra,decharge,136,néant,SAK_DEC,DECHARGE,,,,,SPATIAL_NEAREST_25M,0.0,,4,MISSING_GEOMETRY,True,Geometrie source absente.,e60088e9-cf94-4e41-ae65-a5390866b4b8,2026-05-19T17:00:26.089667+00:00
infra,decharge,154,néant,TFN_DEC,DECHARGE,,,,,SPATIAL_NEAREST_25M,0.0,,4,MISSING_GEOMETRY,True,Geometrie source absente.,e60088e9-cf94-4e41-ae65-a5390866b4b8,2026-05-19T17:00:26.089667+00:00
infra,decharge,155,,,DECHARGE,,,,,SPATIAL_NEAREST_25M,0.0,,4,MISSING_GEOMETRY,True,Geometrie source absente.,e60088e9-cf94-4e41-ae65-a5390866b4b8,2026-05-19T17:00:26.089667+00:00
infra,decharge,156,,,DECHARGE,,,,,SPATIAL_NEAREST_25M,0.0,,4,MISSING_GEOMETRY,True,Geometrie source absente.,e60088e9-cf94-4e41-ae65-a5390866b4b8,2026-05-19T17:00:26.089667+00:00
infra,decharge,158,,,DECHARGE,,,,,SPATIAL_NEAREST_25M,0.0,,4,MISSING_GEOMETRY,True,Geometrie source absente.,e60088e9-cf94-4e41-ae65-a5390866b4b8,2026-05-19T17:00:26.089667+00:00
infra,decharge,159,,,DECHARGE,,,,,SPATIAL_NEAREST_25M,0.0,,4,MISSING_GEOMETRY,True,Geometrie source absente.,e60088e9-cf94-4e41-ae65-a5390866b4b8,2026-05-19T17:00:26.089667+00:00
infra,decharge,160,néant,OC_DECH,DECHARGE,,,,,SPATIAL_NEAREST_25M,0.0,,4,MISSING_GEOMETRY,True,Geometrie source absente.,e60088e9-cf94-4e41-ae65-a5390866b4b8,2026-05-19T17:00:26.089667+00:00
infra,decharge,161,,,DECHARGE,,,,,SPATIAL_NEAREST_25M,0.0,,4,MISSING_GEOMETRY,True,Geometrie source absente.,e60088e9-cf94-4e41-ae65-a5390866b4b8,2026-05-19T17:00:26.089667+00:00
infra,decharge,163,,,DECHARGE,,,,,SPATIAL_NEAREST_25M,0.0,,4,MISSING_GEOMETRY,True,Geometrie source absente.,e60088e9-cf94-4e41-ae65-a5390866b4b8,2026-05-19T17:00:26.089667+00:00
infra,decharge,166,,,DECHARGE,,,,,SPATIAL_NEAREST_25M,0.0,,4,MISSING_GEOMETRY,True,Geometrie source absente.,e60088e9-cf94-4e41-ae65-a5390866b4b8,2026-05-19T17:00:26.089667+00:00
infra,decharge,168,néant,ONL_DEC,DECHARGE,,,,,SPATIAL_NEAREST_25M,0.0,,4,MISSING_GEOMETRY,True,Geometrie source absente.,e60088e9-cf94-4e41-ae65-a5390866b4b8,2026-05-19T17:00:26.089667+00:00
infra,decharge,181,,AZR_DECH ,DECHARGE,,,,,SPATIAL_NEAREST_25M,0.0,,4,MISSING_GEOMETRY,True,Geometrie source absente.,e60088e9-cf94-4e41-ae65-a5390866b4b8,2026-05-19T17:00:26.089667+00:00
infra,decharge,182,,ALH__DECH ,DECHARGE,,,,,SPATIAL_NEAREST_25M,0.0,,4,MISSING_GEOMETRY,True,Geometrie source absente.,e60088e9-cf94-4e41-ae65-a5390866b4b8,2026-05-19T17:00:26.089667+00:00
infra,decharge,183,,OIF_DECH ,DECHARGE,,,,,SPATIAL_NEAREST_25M,0.0,,4,MISSING_GEOMETRY,True,Geometrie source absente.,e60088e9-cf94-4e41-ae65-a5390866b4b8,2026-05-19T17:00:26.089667+00:00
infra,decharge,184,,AIL_DEC,DECHARGE,,,,,SPATIAL_NEAREST_25M,0.0,,4,MISSING_GEOMETRY,True,Geometrie source absente.,e60088e9-cf94-4e41-ae65-a5390866b4b8,2026-05-19T17:00:26.089667+00:00
infra,decharge,62,souk el arbaa,,DECHARGE,,,,,SPATIAL_NEAREST_25M,0.0,,4,ORPHAN_SITE,True,Aucun master site dans la tolerance.,e60088e9-cf94-4e41-ae65-a5390866b4b8,2026-05-19T17:00:26.089667+00:00
infra,decharge,196,néant,B_DECH,DECHARGE,,,,,SPATIAL_NEAREST_25M,0.0,,4,MISSING_GEOMETRY,True,Geometrie source absente.,e60088e9-cf94-4e41-ae65-a5390866b4b8,2026-05-19T17:00:26.089667+00:00
infra,decharge,197,néant,G-A-DECH,DECHARGE,,,,,SPATIAL_NEAREST_25M,0.0,,4,MISSING_GEOMETRY,True,Geometrie source absente.,e60088e9-cf94-4e41-ae65-a5390866b4b8,2026-05-19T17:00:26.089667+00:00
infra,decharge,198,néant,B_DECH,DECHARGE,,,,,SPATIAL_NEAREST_25M,0.0,,4,MISSING_GEOMETRY,True,Geometrie source absente.,e60088e9-cf94-4e41-ae65-a5390866b4b8,2026-05-19T17:00:26.089667+00:00
infra,decharge,199,néant,B_DECH,DECHARGE,,,,,SPATIAL_NEAREST_25M,0.0,,4,MISSING_GEOMETRY,True,Geometrie source absente.,e60088e9-cf94-4e41-ae65-a5390866b4b8,2026-05-19T17:00:26.089667+00:00
infra,decharge,200,néant, G_DECH,DECHARGE,,,,,SPATIAL_NEAREST_25M,0.0,,4,MISSING_GEOMETRY,True,Geometrie source absente.,e60088e9-cf94-4e41-ae65-a5390866b4b8,2026-05-19T17:00:26.089667+00:00
infra,decharge,201,néant, T_DECH,DECHARGE,,,,,SPATIAL_NEAREST_25M,0.0,,4,MISSING_GEOMETRY,True,Geometrie source absente.,e60088e9-cf94-4e41-ae65-a5390866b4b8,2026-05-19T17:00:26.089667+00:00
infra,decharge,202,,,DECHARGE,,,,,SPATIAL_NEAREST_25M,0.0,,4,MISSING_GEOMETRY,True,Geometrie source absente.,e60088e9-cf94-4e41-ae65-a5390866b4b8,2026-05-19T17:00:26.089667+00:00
infra,decharge,203,néant, T_DECH,DECHARGE,,,,,SPATIAL_NEAREST_25M,0.0,,4,MISSING_GEOMETRY,True,Geometrie source absente.,e60088e9-cf94-4e41-ae65-a5390866b4b8,2026-05-19T17:00:26.089667+00:00
infra,decharge,204,néant, T_DECH,DECHARGE,,,,,SPATIAL_NEAREST_25M,0.0,,4,MISSING_GEOMETRY,True,Geometrie source absente.,e60088e9-cf94-4e41-ae65-a5390866b4b8,2026-05-19T17:00:26.089667+00:00
infra,decharge,20,, BFG-DECH,DECHARGE,,,,,SPATIAL_NEAREST_25M,0.0,,4,MISSING_GEOMETRY,True,Geometrie source absente.,e60088e9-cf94-4e41-ae65-a5390866b4b8,2026-05-19T17:00:26.089667+00:00
infra,decharge,152,,,DECHARGE,,,,,SPATIAL_NEAREST_25M,0.0,,4,MISSING_GEOMETRY,True,Geometrie source absente.,e60088e9-cf94-4e41-ae65-a5390866b4b8,2026-05-19T17:00:26.089667+00:00
infra,decharge,214,néant, T_DECH,DECHARGE,,,,,SPATIAL_NEAREST_25M,0.0,,4,MISSING_GEOMETRY,True,Geometrie source absente.,e60088e9-cf94-4e41-ae65-a5390866b4b8,2026-05-19T17:00:26.089667+00:00
infra,decharge,215,néant,RF_DECH,DECHARGE,,,,,SPATIAL_NEAREST_25M,0.0,,4,MISSING_GEOMETRY,True,Geometrie source absente.,e60088e9-cf94-4e41-ae65-a5390866b4b8,2026-05-19T17:00:26.089667+00:00
infra,decharge,218,,SID_DECH ,DECHARGE,,,,,SPATIAL_NEAREST_25M,0.0,,4,MISSING_GEOMETRY,True,Geometrie source absente.,e60088e9-cf94-4e41-ae65-a5390866b4b8,2026-05-19T17:00:26.089667+00:00
infra,decharge,221,,BOU_DEC,DECHARGE,,,,,SPATIAL_NEAREST_25M,0.0,,4,MISSING_GEOMETRY,True,Geometrie source absente.,e60088e9-cf94-4e41-ae65-a5390866b4b8,2026-05-19T17:00:26.089667+00:00
infra,decharge,222,,ELB_DEC,DECHARGE,,,,,SPATIAL_NEAREST_25M,0.0,,4,MISSING_GEOMETRY,True,Geometrie source absente.,e60088e9-cf94-4e41-ae65-a5390866b4b8,2026-05-19T17:00:26.089667+00:00
infra,decharge,223,,OUJ_DEC,DECHARGE,,,,,SPATIAL_NEAREST_25M,0.0,,4,MISSING_GEOMETRY,True,Geometrie source absente.,e60088e9-cf94-4e41-ae65-a5390866b4b8,2026-05-19T17:00:26.089667+00:00
infra,decharge,225,,IFR_DECH ,DECHARGE,,,,,SPATIAL_NEAREST_25M,0.0,,4,MISSING_GEOMETRY,True,Geometrie source absente.,e60088e9-cf94-4e41-ae65-a5390866b4b8,2026-05-19T17:00:26.089667+00:00
infra,decharge,227,,TMH_DECH ,DECHARGE,,,,,SPATIAL_NEAREST_25M,0.0,,4,MISSING_GEOMETRY,True,Geometrie source absente.,e60088e9-cf94-4e41-ae65-a5390866b4b8,2026-05-19T17:00:26.089667+00:00
infra,decharge,220,lakriaat,TFL-DECH,DECHARGE,,,,,SPATIAL_NEAREST_25M,0.0,,4,ORPHAN_SITE,True,Aucun master site dans la tolerance.,e60088e9-cf94-4e41-ae65-a5390866b4b8,2026-05-19T17:00:26.089667+00:00
infra,decharge,213, abdellah aghazi,BF_DECH,DECHARGE,,,,,SPATIAL_NEAREST_25M,0.0,,4,ORPHAN_SITE,True,Aucun master site dans la tolerance.,e60088e9-cf94-4e41-ae65-a5390866b4b8,2026-05-19T17:00:26.089667+00:00
infra,decharge,1,abdelghaya souahel,AS_DECH,DECHARGE,,,,,SPATIAL_NEAREST_25M,0.0,,4,ORPHAN_SITE,True,Aucun master site dans la tolerance.,e60088e9-cf94-4e41-ae65-a5390866b4b8,2026-05-19T17:00:26.089667+00:00
infra,decharge,5,bni bouchibet,BB_DOM,DECHARGE,,,,,SPATIAL_NEAREST_25M,0.0,,4,ORPHAN_SITE,True,Aucun master site dans la tolerance.,e60088e9-cf94-4e41-ae65-a5390866b4b8,2026-05-19T17:00:26.089667+00:00
infra,decharge_inventaire_pollution_general,63b2199f-73e3-4674-a0bb-1b98da2ec4f1,Abdellah aghazi,BF_DECH,DECHARGE,Bni Frassen,,,,SPATIAL_NEAREST_25M,0.0,,5,ORPHAN_SITE,True,Aucun master site dans la tolerance.,e60088e9-cf94-4e41-ae65-a5390866b4b8,2026-05-19T17:00:26.089667+00:00
infra,decharge_inventaire_pollution_general,fbb5a30a-7c18-4d6c-97e0-ada925082995,Abdelghaya souahel,AS_DECH,DECHARGE,Abdelghaya souahel,,,,SPATIAL_NEAREST_25M,0.0,,5,ORPHAN_SITE,True,Aucun master site dans la tolerance.,e60088e9-cf94-4e41-ae65-a5390866b4b8,2026-05-19T17:00:26.089667+00:00
infra,decharge_inventaire_pollution_general,dd44f8f2-ffc0-49c7-bac3-a36217215403,Bni bouchibet,BB_DOM,DECHARGE,Bni bouchibet,,,,SPATIAL_NEAREST_25M,0.0,,5,ORPHAN_SITE,True,Aucun master site dans la tolerance.,e60088e9-cf94-4e41-ae65-a5390866b4b8,2026-05-19T17:00:26.089667+00:00
infra,rejet_domestique,24,,,REJET_DOMESTIQUE,,,,,SPATIAL_NEAREST_25M,0.0,,4,MISSING_GEOMETRY,True,Geometrie source absente.,e60088e9-cf94-4e41-ae65-a5390866b4b8,2026-05-19T17:00:26.089667+00:00
infra,rejet_domestique,26,,,REJET_DOMESTIQUE,,,,,SPATIAL_NEAREST_25M,0.0,,4,MISSING_GEOMETRY,True,Geometrie source absente.,e60088e9-cf94-4e41-ae65-a5390866b4b8,2026-05-19T17:00:26.089667+00:00
infra,rejet_domestique,27,,,REJET_DOMESTIQUE,,,,,SPATIAL_NEAREST_25M,0.0,,4,MISSING_GEOMETRY,True,Geometrie source absente.,e60088e9-cf94-4e41-ae65-a5390866b4b8,2026-05-19T17:00:26.089667+00:00
infra,rejet_domestique,203,,,REJET_DOMESTIQUE,,,,,SPATIAL_NEAREST_25M,0.0,,4,MISSING_GEOMETRY,True,Geometrie source absente.,e60088e9-cf94-4e41-ae65-a5390866b4b8,2026-05-19T17:00:26.089667+00:00
infra,rejet_domestique,360,,,REJET_DOMESTIQUE,,,,,SPATIAL_NEAREST_25M,0.0,,4,ORPHAN_SITE,True,Aucun master site dans la tolerance.,e60088e9-cf94-4e41-ae65-a5390866b4b8,2026-05-19T17:00:26.089667+00:00
infra,rejet_domestique,362,,,REJET_DOMESTIQUE,,,,,SPATIAL_NEAREST_25M,0.0,,4,ORPHAN_SITE,True,Aucun master site dans la tolerance.,e60088e9-cf94-4e41-ae65-a5390866b4b8,2026-05-19T17:00:26.089667+00:00
infra,rejet_domestique,32,,,REJET_DOMESTIQUE,,,,,SPATIAL_NEAREST_25M,0.0,,4,MISSING_GEOMETRY,True,Geometrie source absente.,e60088e9-cf94-4e41-ae65-a5390866b4b8,2026-05-19T17:00:26.089667+00:00
infra,rejet_domestique,204,,,REJET_DOMESTIQUE,,,,,SPATIAL_NEAREST_25M,0.0,,4,MISSING_GEOMETRY,True,Geometrie source absente.,e60088e9-cf94-4e41-ae65-a5390866b4b8,2026-05-19T17:00:26.089667+00:00
infra,rejet_domestique,210,,,REJET_DOMESTIQUE,,,,,SPATIAL_NEAREST_25M,0.0,,4,MISSING_GEOMETRY,True,Geometrie source absente.,e60088e9-cf94-4e41-ae65-a5390866b4b8,2026-05-19T17:00:26.089667+00:00
infra,rejet_domestique,211,,,REJET_DOMESTIQUE,,,,,SPATIAL_NEAREST_25M,0.0,,4,MISSING_GEOMETRY,True,Geometrie source absente.,e60088e9-cf94-4e41-ae65-a5390866b4b8,2026-05-19T17:00:26.089667+00:00
infra,rejet_domestique,214,,,REJET_DOMESTIQUE,,,,,SPATIAL_NEAREST_25M,0.0,,4,MISSING_GEOMETRY,True,Geometrie source absente.,e60088e9-cf94-4e41-ae65-a5390866b4b8,2026-05-19T17:00:26.089667+00:00
infra,rejet_domestique,215,,,REJET_DOMESTIQUE,,,,,SPATIAL_NEAREST_25M,0.0,,4,MISSING_GEOMETRY,True,Geometrie source absente.,e60088e9-cf94-4e41-ae65-a5390866b4b8,2026-05-19T17:00:26.089667+00:00
infra,rejet_domestique,216,,,REJET_DOMESTIQUE,,,,,SPATIAL_NEAREST_25M,0.0,,4,MISSING_GEOMETRY,True,Geometrie source absente.,e60088e9-cf94-4e41-ae65-a5390866b4b8,2026-05-19T17:00:26.089667+00:00
infra,rejet_domestique,240,,,REJET_DOMESTIQUE,,,,,SPATIAL_NEAREST_25M,0.0,,4,MISSING_GEOMETRY,True,Geometrie source absente.,e60088e9-cf94-4e41-ae65-a5390866b4b8,2026-05-19T17:00:26.089667+00:00
infra,rejet_domestique,287,,,REJET_DOMESTIQUE,,,,,SPATIAL_NEAREST_25M,0.0,,4,MISSING_GEOMETRY,True,Geometrie source absente.,e60088e9-cf94-4e41-ae65-a5390866b4b8,2026-05-19T17:00:26.089667+00:00
infra,rejet_domestique,217,,,REJET_DOMESTIQUE,,,,,SPATIAL_NEAREST_25M,0.0,,4,MISSING_GEOMETRY,True,Geometrie source absente.,e60088e9-cf94-4e41-ae65-a5390866b4b8,2026-05-19T17:00:26.089667+00:00
infra,rejet_domestique,218,,,REJET_DOMESTIQUE,,,,,SPATIAL_NEAREST_25M,0.0,,4,MISSING_GEOMETRY,True,Geometrie source absente.,e60088e9-cf94-4e41-ae65-a5390866b4b8,2026-05-19T17:00:26.089667+00:00
infra,rejet_domestique,219,,,REJET_DOMESTIQUE,,,,,SPATIAL_NEAREST_25M,0.0,,4,MISSING_GEOMETRY,True,Geometrie source absente.,e60088e9-cf94-4e41-ae65-a5390866b4b8,2026-05-19T17:00:26.089667+00:00
infra,rejet_domestique,239,,,REJET_DOMESTIQUE,,,,,SPATIAL_NEAREST_25M,0.0,,4,MISSING_GEOMETRY,True,Geometrie source absente.,e60088e9-cf94-4e41-ae65-a5390866b4b8,2026-05-19T17:00:26.089667+00:00
infra,rejet_domestique,220,,,REJET_DOMESTIQUE,,,,,SPATIAL_NEAREST_25M,0.0,,4,MISSING_GEOMETRY,True,Geometrie source absente.,e60088e9-cf94-4e41-ae65-a5390866b4b8,2026-05-19T17:00:26.089667+00:00
infra,rejet_domestique,221,,,REJET_DOMESTIQUE,,,,,SPATIAL_NEAREST_25M,0.0,,4,MISSING_GEOMETRY,True,Geometrie source absente.,e60088e9-cf94-4e41-ae65-a5390866b4b8,2026-05-19T17:00:26.089667+00:00
infra,rejet_domestique,222,,,REJET_DOMESTIQUE,,,,,SPATIAL_NEAREST_25M,0.0,,4,MISSING_GEOMETRY,True,Geometrie source absente.,e60088e9-cf94-4e41-ae65-a5390866b4b8,2026-05-19T17:00:26.089667+00:00
infra,rejet_domestique,223,,,REJET_DOMESTIQUE,,,,,SPATIAL_NEAREST_25M,0.0,,4,MISSING_GEOMETRY,True,Geometrie source absente.,e60088e9-cf94-4e41-ae65-a5390866b4b8,2026-05-19T17:00:26.089667+00:00
infra,rejet_domestique,224,,,REJET_DOMESTIQUE,,,,,SPATIAL_NEAREST_25M,0.0,,4,MISSING_GEOMETRY,True,Geometrie source absente.,e60088e9-cf94-4e41-ae65-a5390866b4b8,2026-05-19T17:00:26.089667+00:00
infra,rejet_domestique,227,,,REJET_DOMESTIQUE,,,,,SPATIAL_NEAREST_25M,0.0,,4,MISSING_GEOMETRY,True,Geometrie source absente.,e60088e9-cf94-4e41-ae65-a5390866b4b8,2026-05-19T17:00:26.089667+00:00
infra,rejet_domestique,228,,,REJET_DOMESTIQUE,,,,,SPATIAL_NEAREST_25M,0.0,,4,MISSING_GEOMETRY,True,Geometrie source absente.,e60088e9-cf94-4e41-ae65-a5390866b4b8,2026-05-19T17:00:26.089667+00:00
infra,rejet_domestique,229,,,REJET_DOMESTIQUE,,,,,SPATIAL_NEAREST_25M,0.0,,4,MISSING_GEOMETRY,True,Geometrie source absente.,e60088e9-cf94-4e41-ae65-a5390866b4b8,2026-05-19T17:00:26.089667+00:00
infra,rejet_domestique,230,,,REJET_DOMESTIQUE,,,,,SPATIAL_NEAREST_25M,0.0,,4,MISSING_GEOMETRY,True,Geometrie source absente.,e60088e9-cf94-4e41-ae65-a5390866b4b8,2026-05-19T17:00:26.089667+00:00
infra,rejet_domestique,233,,,REJET_DOMESTIQUE,,,,,SPATIAL_NEAREST_25M,0.0,,4,MISSING_GEOMETRY,True,Geometrie source absente.,e60088e9-cf94-4e41-ae65-a5390866b4b8,2026-05-19T17:00:26.089667+00:00
infra,rejet_domestique,234,,,REJET_DOMESTIQUE,,,,,SPATIAL_NEAREST_25M,0.0,,4,MISSING_GEOMETRY,True,Geometrie source absente.,e60088e9-cf94-4e41-ae65-a5390866b4b8,2026-05-19T17:00:26.089667+00:00
infra,rejet_domestique,236,,,REJET_DOMESTIQUE,,,,,SPATIAL_NEAREST_25M,0.0,,4,MISSING_GEOMETRY,True,Geometrie source absente.,e60088e9-cf94-4e41-ae65-a5390866b4b8,2026-05-19T17:00:26.089667+00:00
infra,rejet_domestique,238,,,REJET_DOMESTIQUE,,,,,SPATIAL_NEAREST_25M,0.0,,4,MISSING_GEOMETRY,True,Geometrie source absente.,e60088e9-cf94-4e41-ae65-a5390866b4b8,2026-05-19T17:00:26.089667+00:00
infra,rejet_domestique,244,,,REJET_DOMESTIQUE,,,,,SPATIAL_NEAREST_25M,0.0,,4,MISSING_GEOMETRY,True,Geometrie source absente.,e60088e9-cf94-4e41-ae65-a5390866b4b8,2026-05-19T17:00:26.089667+00:00
infra,rejet_domestique,283,,,REJET_DOMESTIQUE,,,,,SPATIAL_NEAREST_25M,0.0,,4,MISSING_GEOMETRY,True,Geometrie source absente.,e60088e9-cf94-4e41-ae65-a5390866b4b8,2026-05-19T17:00:26.089667+00:00
infra,rejet_domestique,289,,,REJET_DOMESTIQUE,,,,,SPATIAL_NEAREST_25M,0.0,,4,MISSING_GEOMETRY,True,Geometrie source absente.,e60088e9-cf94-4e41-ae65-a5390866b4b8,2026-05-19T17:00:26.089667+00:00
infra,rejet_domestique,292,,,REJET_DOMESTIQUE,,,,,SPATIAL_NEAREST_25M,0.0,,4,MISSING_GEOMETRY,True,Geometrie source absente.,e60088e9-cf94-4e41-ae65-a5390866b4b8,2026-05-19T17:00:26.089667+00:00
infra,rejet_domestique,293,,,REJET_DOMESTIQUE,,,,,SPATIAL_NEAREST_25M,0.0,,4,MISSING_GEOMETRY,True,Geometrie source absente.,e60088e9-cf94-4e41-ae65-a5390866b4b8,2026-05-19T17:00:26.089667+00:00
infra,rejet_domestique,295,,,REJET_DOMESTIQUE,,,,,SPATIAL_NEAREST_25M,0.0,,4,MISSING_GEOMETRY,True,Geometrie source absente.,e60088e9-cf94-4e41-ae65-a5390866b4b8,2026-05-19T17:00:26.089667+00:00
infra,rejet_domestique,296,,,REJET_DOMESTIQUE,,,,,SPATIAL_NEAREST_25M,0.0,,4,MISSING_GEOMETRY,True,Geometrie source absente.,e60088e9-cf94-4e41-ae65-a5390866b4b8,2026-05-19T17:00:26.089667+00:00
infra,rejet_domestique,297,,,REJET_DOMESTIQUE,,,,,SPATIAL_NEAREST_25M,0.0,,4,MISSING_GEOMETRY,True,Geometrie source absente.,e60088e9-cf94-4e41-ae65-a5390866b4b8,2026-05-19T17:00:26.089667+00:00
infra,rejet_domestique,316,,,REJET_DOMESTIQUE,,,,,SPATIAL_NEAREST_25M,0.0,,4,MISSING_GEOMETRY,True,Geometrie source absente.,e60088e9-cf94-4e41-ae65-a5390866b4b8,2026-05-19T17:00:26.089667+00:00
infra,rejet_domestique,351,,,REJET_DOMESTIQUE,,,,,SPATIAL_NEAREST_25M,0.0,,4,MISSING_GEOMETRY,True,Geometrie source absente.,e60088e9-cf94-4e41-ae65-a5390866b4b8,2026-05-19T17:00:26.089667+00:00
infra,rejet_domestique,352,,,REJET_DOMESTIQUE,,,,,SPATIAL_NEAREST_25M,0.0,,4,MISSING_GEOMETRY,True,Geometrie source absente.,e60088e9-cf94-4e41-ae65-a5390866b4b8,2026-05-19T17:00:26.089667+00:00
infra,rejet_domestique,355,,,REJET_DOMESTIQUE,,,,,SPATIAL_NEAREST_25M,0.0,,4,MISSING_GEOMETRY,True,Geometrie source absente.,e60088e9-cf94-4e41-ae65-a5390866b4b8,2026-05-19T17:00:26.089667+00:00
infra,rejet_domestique,357,,,REJET_DOMESTIQUE,,,,,SPATIAL_NEAREST_25M,0.0,,4,MISSING_GEOMETRY,True,Geometrie source absente.,e60088e9-cf94-4e41-ae65-a5390866b4b8,2026-05-19T17:00:26.089667+00:00
infra,rejet_domestique,261,,,REJET_DOMESTIQUE,,,,,SPATIAL_NEAREST_25M,0.0,,4,MISSING_GEOMETRY,True,Geometrie source absente.,e60088e9-cf94-4e41-ae65-a5390866b4b8,2026-05-19T17:00:26.089667+00:00
infra,rejet_domestique,264,,,REJET_DOMESTIQUE,,,,,SPATIAL_NEAREST_25M,0.0,,4,MISSING_GEOMETRY,True,Geometrie source absente.,e60088e9-cf94-4e41-ae65-a5390866b4b8,2026-05-19T17:00:26.089667+00:00
infra,rejet_domestique,266,,,REJET_DOMESTIQUE,,,,,SPATIAL_NEAREST_25M,0.0,,4,MISSING_GEOMETRY,True,Geometrie source absente.,e60088e9-cf94-4e41-ae65-a5390866b4b8,2026-05-19T17:00:26.089667+00:00
infra,rejet_domestique,267,,,REJET_DOMESTIQUE,,,,,SPATIAL_NEAREST_25M,0.0,,4,MISSING_GEOMETRY,True,Geometrie source absente.,e60088e9-cf94-4e41-ae65-a5390866b4b8,2026-05-19T17:00:26.089667+00:00
infra,rejet_domestique,268,,,REJET_DOMESTIQUE,,,,,SPATIAL_NEAREST_25M,0.0,,4,MISSING_GEOMETRY,True,Geometrie source absente.,e60088e9-cf94-4e41-ae65-a5390866b4b8,2026-05-19T17:00:26.089667+00:00
infra,rejet_domestique,269,,,REJET_DOMESTIQUE,,,,,SPATIAL_NEAREST_25M,0.0,,4,MISSING_GEOMETRY,True,Geometrie source absente.,e60088e9-cf94-4e41-ae65-a5390866b4b8,2026-05-19T17:00:26.089667+00:00
infra,rejet_domestique,270,,,REJET_DOMESTIQUE,,,,,SPATIAL_NEAREST_25M,0.0,,4,MISSING_GEOMETRY,True,Geometrie source absente.,e60088e9-cf94-4e41-ae65-a5390866b4b8,2026-05-19T17:00:26.089667+00:00
infra,rejet_domestique,271,,,REJET_DOMESTIQUE,,,,,SPATIAL_NEAREST_25M,0.0,,4,MISSING_GEOMETRY,True,Geometrie source absente.,e60088e9-cf94-4e41-ae65-a5390866b4b8,2026-05-19T17:00:26.089667+00:00
infra,rejet_domestique,272,,,REJET_DOMESTIQUE,,,,,SPATIAL_NEAREST_25M,0.0,,4,MISSING_GEOMETRY,True,Geometrie source absente.,e60088e9-cf94-4e41-ae65-a5390866b4b8,2026-05-19T17:00:26.089667+00:00
infra,rejet_domestique,174,,,REJET_DOMESTIQUE,,,,,SPATIAL_NEAREST_25M,0.0,,4,MISSING_GEOMETRY,True,Geometrie source absente.,e60088e9-cf94-4e41-ae65-a5390866b4b8,2026-05-19T17:00:26.089667+00:00
infra,rejet_domestique,178,,,REJET_DOMESTIQUE,,,,,SPATIAL_NEAREST_25M,0.0,,4,MISSING_GEOMETRY,True,Geometrie source absente.,e60088e9-cf94-4e41-ae65-a5390866b4b8,2026-05-19T17:00:26.089667+00:00
infra,rejet_domestique,179,,,REJET_DOMESTIQUE,,,,,SPATIAL_NEAREST_25M,0.0,,4,MISSING_GEOMETRY,True,Geometrie source absente.,e60088e9-cf94-4e41-ae65-a5390866b4b8,2026-05-19T17:00:26.089667+00:00
infra,rejet_domestique,181,,,REJET_DOMESTIQUE,,,,,SPATIAL_NEAREST_25M,0.0,,4,MISSING_GEOMETRY,True,Geometrie source absente.,e60088e9-cf94-4e41-ae65-a5390866b4b8,2026-05-19T17:00:26.089667+00:00
infra,rejet_domestique,182,,,REJET_DOMESTIQUE,,,,,SPATIAL_NEAREST_25M,0.0,,4,MISSING_GEOMETRY,True,Geometrie source absente.,e60088e9-cf94-4e41-ae65-a5390866b4b8,2026-05-19T17:00:26.089667+00:00
infra,rejet_domestique,183,,,REJET_DOMESTIQUE,,,,,SPATIAL_NEAREST_25M,0.0,,4,MISSING_GEOMETRY,True,Geometrie source absente.,e60088e9-cf94-4e41-ae65-a5390866b4b8,2026-05-19T17:00:26.089667+00:00
infra,rejet_domestique,186,,,REJET_DOMESTIQUE,,,,,SPATIAL_NEAREST_25M,0.0,,4,MISSING_GEOMETRY,True,Geometrie source absente.,e60088e9-cf94-4e41-ae65-a5390866b4b8,2026-05-19T17:00:26.089667+00:00
infra,rejet_domestique,192,,,REJET_DOMESTIQUE,,,,,SPATIAL_NEAREST_25M,0.0,,4,MISSING_GEOMETRY,True,Geometrie source absente.,e60088e9-cf94-4e41-ae65-a5390866b4b8,2026-05-19T17:00:26.089667+00:00
infra,rejet_domestique,193,,,REJET_DOMESTIQUE,,,,,SPATIAL_NEAREST_25M,0.0,,4,MISSING_GEOMETRY,True,Geometrie source absente.,e60088e9-cf94-4e41-ae65-a5390866b4b8,2026-05-19T17:00:26.089667+00:00
infra,rejet_domestique,194,,,REJET_DOMESTIQUE,,,,,SPATIAL_NEAREST_25M,0.0,,4,MISSING_GEOMETRY,True,Geometrie source absente.,e60088e9-cf94-4e41-ae65-a5390866b4b8,2026-05-19T17:00:26.089667+00:00
infra,rejet_domestique,260,,,REJET_DOMESTIQUE,,,,,SPATIAL_NEAREST_25M,0.0,,4,MISSING_GEOMETRY,True,Geometrie source absente.,e60088e9-cf94-4e41-ae65-a5390866b4b8,2026-05-19T17:00:26.089667+00:00
infra,rejet_domestique,262,,,REJET_DOMESTIQUE,,,,,SPATIAL_NEAREST_25M,0.0,,4,MISSING_GEOMETRY,True,Geometrie source absente.,e60088e9-cf94-4e41-ae65-a5390866b4b8,2026-05-19T17:00:26.089667+00:00
infra,rejet_domestique,16,,,REJET_DOMESTIQUE,,,,,SPATIAL_NEAREST_25M,0.0,,4,MISSING_GEOMETRY,True,Geometrie source absente.,e60088e9-cf94-4e41-ae65-a5390866b4b8,2026-05-19T17:00:26.089667+00:00
infra,rejet_domestique,280,,RG-KHM-1,REJET_DOMESTIQUE,,,,,SPATIAL_NEAREST_25M,0.0,,4,ORPHAN_SITE,True,Aucun master site dans la tolerance.,e60088e9-cf94-4e41-ae65-a5390866b4b8,2026-05-19T17:00:26.089667+00:00
infra,rejet_domestique,172,,ACH_DOM_R1,REJET_DOMESTIQUE,,,,,SPATIAL_NEAREST_25M,0.0,,4,ORPHAN_SITE,True,Aucun master site dans la tolerance.,e60088e9-cf94-4e41-ae65-a5390866b4b8,2026-05-19T17:00:26.089667+00:00
infra,rejet_domestique,157,,KBM_PDS_R1,REJET_DOMESTIQUE,,,,,SPATIAL_NEAREST_25M,0.0,,4,ORPHAN_SITE,True,Aucun master site dans la tolerance.,e60088e9-cf94-4e41-ae65-a5390866b4b8,2026-05-19T17:00:26.089667+00:00
infra,rejet_domestique,209,,B_DOM_R1 ,REJET_DOMESTIQUE,,,,,SPATIAL_NEAREST_25M,0.0,,4,ORPHAN_SITE,True,Aucun master site dans la tolerance.,e60088e9-cf94-4e41-ae65-a5390866b4b8,2026-05-19T17:00:26.089667+00:00
infra,rejet_domestique,231,,R1,REJET_DOMESTIQUE,,,,,SPATIAL_NEAREST_25M,0.0,,4,ORPHAN_SITE,True,Aucun master site dans la tolerance.,e60088e9-cf94-4e41-ae65-a5390866b4b8,2026-05-19T17:00:26.089667+00:00
infra,rejet_domestique,331,,AID_DOM1_R2,REJET_DOMESTIQUE,,,,,SPATIAL_NEAREST_25M,0.0,,4,ORPHAN_SITE,True,Aucun master site dans la tolerance.,e60088e9-cf94-4e41-ae65-a5390866b4b8,2026-05-19T17:00:26.089667+00:00
infra,rejet_domestique,332,,AID_DOM1_R3,REJET_DOMESTIQUE,,,,,SPATIAL_NEAREST_25M,0.0,,4,ORPHAN_SITE,True,Aucun master site dans la tolerance.,e60088e9-cf94-4e41-ae65-a5390866b4b8,2026-05-19T17:00:26.089667+00:00
infra,rejet_domestique,311,,AID_DOM1_R1,REJET_DOMESTIQUE,,,,,SPATIAL_NEAREST_25M,0.0,,4,ORPHAN_SITE,True,Aucun master site dans la tolerance.,e60088e9-cf94-4e41-ae65-a5390866b4b8,2026-05-19T17:00:26.089667+00:00
infra,rejet_domestique,309,,SDK_DOM1_R3,REJET_DOMESTIQUE,,,,,SPATIAL_NEAREST_25M,0.0,,4,ORPHAN_SITE,True,Aucun master site dans la tolerance.,e60088e9-cf94-4e41-ae65-a5390866b4b8,2026-05-19T17:00:26.089667+00:00
infra,rejet_domestique,1,,C_DECH,REJET_DOMESTIQUE,,,,,SPATIAL_NEAREST_25M,0.0,,4,MISSING_GEOMETRY,True,Geometrie source absente.,e60088e9-cf94-4e41-ae65-a5390866b4b8,2026-05-19T17:00:26.089667+00:00
infra,rejet_domestique,3,,BB_DOM,REJET_DOMESTIQUE,,,,,SPATIAL_NEAREST_25M,0.0,,4,MISSING_GEOMETRY,True,Geometrie source absente.,e60088e9-cf94-4e41-ae65-a5390866b4b8,2026-05-19T17:00:26.089667+00:00
infra,rejet_domestique,4,,SB_DOM,REJET_DOMESTIQUE,,,,,SPATIAL_NEAREST_25M,0.0,,4,MISSING_GEOMETRY,True,Geometrie source absente.,e60088e9-cf94-4e41-ae65-a5390866b4b8,2026-05-19T17:00:26.089667+00:00
infra,rejet_domestique,6,,K_DECH,REJET_DOMESTIQUE,,,,,SPATIAL_NEAREST_25M,0.0,,4,MISSING_GEOMETRY,True,Geometrie source absente.,e60088e9-cf94-4e41-ae65-a5390866b4b8,2026-05-19T17:00:26.089667+00:00
infra,rejet_domestique,7,,T_DOM,REJET_DOMESTIQUE,,,,,SPATIAL_NEAREST_25M,0.0,,4,MISSING_GEOMETRY,True,Geometrie source absente.,e60088e9-cf94-4e41-ae65-a5390866b4b8,2026-05-19T17:00:26.089667+00:00
infra,rejet_domestique,17,,,REJET_DOMESTIQUE,,,,,SPATIAL_NEAREST_25M,0.0,,4,MISSING_GEOMETRY,True,Geometrie source absente.,e60088e9-cf94-4e41-ae65-a5390866b4b8,2026-05-19T17:00:26.089667+00:00
infra,rejet_domestique,18,,,REJET_DOMESTIQUE,,,,,SPATIAL_NEAREST_25M,0.0,,4,MISSING_GEOMETRY,True,Geometrie source absente.,e60088e9-cf94-4e41-ae65-a5390866b4b8,2026-05-19T17:00:26.089667+00:00
infra,rejet_domestique,19,,,REJET_DOMESTIQUE,,,,,SPATIAL_NEAREST_25M,0.0,,4,MISSING_GEOMETRY,True,Geometrie source absente.,e60088e9-cf94-4e41-ae65-a5390866b4b8,2026-05-19T17:00:26.089667+00:00
infra,rejet_domestique,20,,,REJET_DOMESTIQUE,,,,,SPATIAL_NEAREST_25M,0.0,,4,MISSING_GEOMETRY,True,Geometrie source absente.,e60088e9-cf94-4e41-ae65-a5390866b4b8,2026-05-19T17:00:26.089667+00:00
infra,rejet_domestique,21,,,REJET_DOMESTIQUE,,,,,SPATIAL_NEAREST_25M,0.0,,4,MISSING_GEOMETRY,True,Geometrie source absente.,e60088e9-cf94-4e41-ae65-a5390866b4b8,2026-05-19T17:00:26.089667+00:00
infra,rejet_domestique,22,,,REJET_DOMESTIQUE,,,,,SPATIAL_NEAREST_25M,0.0,,4,MISSING_GEOMETRY,True,Geometrie source absente.,e60088e9-cf94-4e41-ae65-a5390866b4b8,2026-05-19T17:00:26.089667+00:00
infra,rejet_domestique,169,,,REJET_DOMESTIQUE,,,,,SPATIAL_NEAREST_25M,0.0,,4,MISSING_GEOMETRY,True,Geometrie source absente.,e60088e9-cf94-4e41-ae65-a5390866b4b8,2026-05-19T17:00:26.089667+00:00
infra,rejet_domestique,171,,,REJET_DOMESTIQUE,,,,,SPATIAL_NEAREST_25M,0.0,,4,MISSING_GEOMETRY,True,Geometrie source absente.,e60088e9-cf94-4e41-ae65-a5390866b4b8,2026-05-19T17:00:26.089667+00:00
infra,rejet_industriel,1,ROY AGRI MAROC,,REJET_INDUSTRIEL,,,,,SPATIAL_NEAREST_25M,0.0,,4,ORPHAN_SITE,True,Aucun master site dans la tolerance.,e60088e9-cf94-4e41-ae65-a5390866b4b8,2026-05-19T17:00:26.089667+00:00
infra,rejet_industriel,2,UNIMER,,REJET_INDUSTRIEL,,,,,SPATIAL_NEAREST_25M,0.0,,4,ORPHAN_SITE,True,Aucun master site dans la tolerance.,e60088e9-cf94-4e41-ae65-a5390866b4b8,2026-05-19T17:00:26.089667+00:00
infra,rejet_industriel,3,NATBERRY MAROC,,REJET_INDUSTRIEL,,,,,SPATIAL_NEAREST_25M,0.0,,4,ORPHAN_SITE,True,Aucun master site dans la tolerance.,e60088e9-cf94-4e41-ae65-a5390866b4b8,2026-05-19T17:00:26.089667+00:00
infra,rejet_industriel,4,MAZARIA BASSITA,,REJET_INDUSTRIEL,,,,,SPATIAL_NEAREST_25M,0.0,,4,ORPHAN_SITE,True,Aucun master site dans la tolerance.,e60088e9-cf94-4e41-ae65-a5390866b4b8,2026-05-19T17:00:26.089667+00:00
infra,rejet_industriel,5,Exta Nouvelle,,REJET_INDUSTRIEL,,,,,SPATIAL_NEAREST_25M,0.0,,4,ORPHAN_SITE,True,Aucun master site dans la tolerance.,e60088e9-cf94-4e41-ae65-a5390866b4b8,2026-05-19T17:00:26.089667+00:00
infra,rejet_industriel,6,Tannerie Tazi,,REJET_INDUSTRIEL,,,,,SPATIAL_NEAREST_25M,0.0,,4,ORPHAN_SITE,True,Aucun master site dans la tolerance.,e60088e9-cf94-4e41-ae65-a5390866b4b8,2026-05-19T17:00:26.089667+00:00
infra,rejet_industriel,7,EnviroPack,,REJET_INDUSTRIEL,,,,,SPATIAL_NEAREST_25M,0.0,,4,ORPHAN_SITE,True,Aucun master site dans la tolerance.,e60088e9-cf94-4e41-ae65-a5390866b4b8,2026-05-19T17:00:26.089667+00:00
infra,rejet_industriel,8,Dépôt Arab Huiler,,REJET_INDUSTRIEL,,,,,SPATIAL_NEAREST_25M,0.0,,4,ORPHAN_SITE,True,Aucun master site dans la tolerance.,e60088e9-cf94-4e41-ae65-a5390866b4b8,2026-05-19T17:00:26.089667+00:00
infra,rejet_industriel,9,GASTROMIXTE ,,REJET_INDUSTRIEL,,,,,SPATIAL_NEAREST_25M,0.0,,4,ORPHAN_SITE,True,Aucun master site dans la tolerance.,e60088e9-cf94-4e41-ae65-a5390866b4b8,2026-05-19T17:00:26.089667+00:00
infra,rejet_industriel,10,Sotrameg,,REJET_INDUSTRIEL,,,,,SPATIAL_NEAREST_25M,0.0,,4,ORPHAN_SITE,True,Aucun master site dans la tolerance.,e60088e9-cf94-4e41-ae65-a5390866b4b8,2026-05-19T17:00:26.089667+00:00
infra,rejet_industriel,11,Sunabel,,REJET_INDUSTRIEL,,,,,SPATIAL_NEAREST_25M,0.0,,4,ORPHAN_SITE,True,Aucun master site dans la tolerance.,e60088e9-cf94-4e41-ae65-a5390866b4b8,2026-05-19T17:00:26.089667+00:00
infra,rejet_inventaire_pollution,b27bff10-0d5a-4343-a832-9918ff29326d,,SDK_DOM1_R3,REJET,Sidi kacem,,,,SPATIAL_NEAREST_25M,0.0,,5,ORPHAN_SITE,True,Aucun master site dans la tolerance.,e60088e9-cf94-4e41-ae65-a5390866b4b8,2026-05-19T17:00:26.089667+00:00
infra,rejet_inventaire_pollution,778547ee-220a-43fa-9123-3ed3f2406316,,AID_DOM1_R2,REJET,Chbanate,,,,SPATIAL_NEAREST_25M,0.0,,5,ORPHAN_SITE,True,Aucun master site dans la tolerance.,e60088e9-cf94-4e41-ae65-a5390866b4b8,2026-05-19T17:00:26.089667+00:00
infra,rejet_inventaire_pollution,29b0b172-8fd1-48e0-90b5-b20cf40cd113,,AID_DOM1_R3,REJET,Chbanate,,,,SPATIAL_NEAREST_25M,0.0,,5,ORPHAN_SITE,True,Aucun master site dans la tolerance.,e60088e9-cf94-4e41-ae65-a5390866b4b8,2026-05-19T17:00:26.089667+00:00
infra,rejet_inventaire_pollution,8d6f3db5-3a75-47c8-8bf5-693dd953c212,,AID_DOM1_R1,REJET,Ain dfali,,,,SPATIAL_NEAREST_25M,0.0,,5,ORPHAN_SITE,True,Aucun master site dans la tolerance.,e60088e9-cf94-4e41-ae65-a5390866b4b8,2026-05-19T17:00:26.089667+00:00
infra,rejet_inventaire_pollution,d00ee170-d1b3-4df9-8a11-b78755c76d0f,,R1,REJET,BAB MARZOUKA,,,,SPATIAL_NEAREST_25M,0.0,,5,ORPHAN_SITE,True,Aucun master site dans la tolerance.,e60088e9-cf94-4e41-ae65-a5390866b4b8,2026-05-19T17:00:26.089667+00:00
infra,rejet_inventaire_pollution,c8f8cfe5-d07f-4754-a9fc-e05babff954d,,B_DOM_R1,REJET,Bouchfaa,,,,SPATIAL_NEAREST_25M,0.0,,5,ORPHAN_SITE,True,Aucun master site dans la tolerance.,e60088e9-cf94-4e41-ae65-a5390866b4b8,2026-05-19T17:00:26.089667+00:00
infra,rejet_inventaire_pollution,462f7ec1-92b4-4d6c-9784-0382911ab0f2,,ACH_PDS_R1,REJET,GALAZ,,,,SPATIAL_NEAREST_25M,0.0,,5,ORPHAN_SITE,True,Aucun master site dans la tolerance.,e60088e9-cf94-4e41-ae65-a5390866b4b8,2026-05-19T17:00:26.089667+00:00
infra,fosses_septiques_abhs,7,,,FOSSE_SEPTIQUE,Ain Chkef,,,,SPATIAL_NEAREST_25M,0.0,,5,ORPHAN_SITE,True,Aucun master site dans la tolerance.,e60088e9-cf94-4e41-ae65-a5390866b4b8,2026-05-19T17:00:26.089667+00:00
staging,raw_idp_src_pollution_globale,40,,17,IDP_INVENTAIRE_GLOBAL,,,,,SPATIAL_NEAREST_25M,0.0,,6,MISSING_GEOMETRY,True,Geometrie source absente.,e60088e9-cf94-4e41-ae65-a5390866b4b8,2026-05-19T17:00:26.089667+00:00
staging,raw_idp_src_pollution_globale,187,,37,IDP_INVENTAIRE_GLOBAL,,,,,SPATIAL_NEAREST_25M,0.0,,6,MISSING_GEOMETRY,True,Geometrie source absente.,e60088e9-cf94-4e41-ae65-a5390866b4b8,2026-05-19T17:00:26.089667+00:00
staging,raw_idp_src_pollution_globale,188,,38,IDP_INVENTAIRE_GLOBAL,,,,,SPATIAL_NEAREST_25M,0.0,,6,MISSING_GEOMETRY,True,Geometrie source absente.,e60088e9-cf94-4e41-ae65-a5390866b4b8,2026-05-19T17:00:26.089667+00:00
staging,raw_idp_src_pollution_globale,157,,18,IDP_INVENTAIRE_GLOBAL,,,,,SPATIAL_NEAREST_25M,0.0,,6,MISSING_GEOMETRY,True,Geometrie source absente.,e60088e9-cf94-4e41-ae65-a5390866b4b8,2026-05-19T17:00:26.089667+00:00
staging,raw_idp_src_pollution_globale,158,,19,IDP_INVENTAIRE_GLOBAL,,,,,SPATIAL_NEAREST_25M,0.0,,6,MISSING_GEOMETRY,True,Geometrie source absente.,e60088e9-cf94-4e41-ae65-a5390866b4b8,2026-05-19T17:00:26.089667+00:00
staging,raw_idp_src_pollution_globale,174,,13,IDP_INVENTAIRE_GLOBAL,,,,,SPATIAL_NEAREST_25M,0.0,,6,MISSING_GEOMETRY,True,Geometrie source absente.,e60088e9-cf94-4e41-ae65-a5390866b4b8,2026-05-19T17:00:26.089667+00:00
staging,raw_idp_src_pollution_globale,175,,1,IDP_INVENTAIRE_GLOBAL,,,,,SPATIAL_NEAREST_25M,0.0,,6,MISSING_GEOMETRY,True,Geometrie source absente.,e60088e9-cf94-4e41-ae65-a5390866b4b8,2026-05-19T17:00:26.089667+00:00
staging,raw_idp_src_pollution_globale,176,,28,IDP_INVENTAIRE_GLOBAL,,,,,SPATIAL_NEAREST_25M,0.0,,6,MISSING_GEOMETRY,True,Geometrie source absente.,e60088e9-cf94-4e41-ae65-a5390866b4b8,2026-05-19T17:00:26.089667+00:00
staging,raw_idp_src_pollution_globale,177,,29,IDP_INVENTAIRE_GLOBAL,,,,,SPATIAL_NEAREST_25M,0.0,,6,MISSING_GEOMETRY,True,Geometrie source absente.,e60088e9-cf94-4e41-ae65-a5390866b4b8,2026-05-19T17:00:26.089667+00:00
staging,raw_idp_src_pollution_globale,178,,30,IDP_INVENTAIRE_GLOBAL,,,,,SPATIAL_NEAREST_25M,0.0,,6,MISSING_GEOMETRY,True,Geometrie source absente.,e60088e9-cf94-4e41-ae65-a5390866b4b8,2026-05-19T17:00:26.089667+00:00
staging,raw_idp_src_pollution_globale,179,,31,IDP_INVENTAIRE_GLOBAL,,,,,SPATIAL_NEAREST_25M,0.0,,6,MISSING_GEOMETRY,True,Geometrie source absente.,e60088e9-cf94-4e41-ae65-a5390866b4b8,2026-05-19T17:00:26.089667+00:00
staging,raw_idp_src_pollution_globale,180,,32,IDP_INVENTAIRE_GLOBAL,,,,,SPATIAL_NEAREST_25M,0.0,,6,MISSING_GEOMETRY,True,Geometrie source absente.,e60088e9-cf94-4e41-ae65-a5390866b4b8,2026-05-19T17:00:26.089667+00:00
staging,raw_idp_src_pollution_globale,181,,14,IDP_INVENTAIRE_GLOBAL,,,,,SPATIAL_NEAREST_25M,0.0,,6,MISSING_GEOMETRY,True,Geometrie source absente.,e60088e9-cf94-4e41-ae65-a5390866b4b8,2026-05-19T17:00:26.089667+00:00
staging,raw_idp_src_pollution_globale,182,,33,IDP_INVENTAIRE_GLOBAL,,,,,SPATIAL_NEAREST_25M,0.0,,6,MISSING_GEOMETRY,True,Geometrie source absente.,e60088e9-cf94-4e41-ae65-a5390866b4b8,2026-05-19T17:00:26.089667+00:00
staging,raw_idp_src_pollution_globale,183,,34,IDP_INVENTAIRE_GLOBAL,,,,,SPATIAL_NEAREST_25M,0.0,,6,MISSING_GEOMETRY,True,Geometrie source absente.,e60088e9-cf94-4e41-ae65-a5390866b4b8,2026-05-19T17:00:26.089667+00:00
staging,raw_idp_src_pollution_globale,184,,35,IDP_INVENTAIRE_GLOBAL,,,,,SPATIAL_NEAREST_25M,0.0,,6,MISSING_GEOMETRY,True,Geometrie source absente.,e60088e9-cf94-4e41-ae65-a5390866b4b8,2026-05-19T17:00:26.089667+00:00
staging,raw_idp_src_pollution_globale,185,,36,IDP_INVENTAIRE_GLOBAL,,,,,SPATIAL_NEAREST_25M,0.0,,6,MISSING_GEOMETRY,True,Geometrie source absente.,e60088e9-cf94-4e41-ae65-a5390866b4b8,2026-05-19T17:00:26.089667+00:00
staging,raw_idp_src_pollution_globale,186,,2,IDP_INVENTAIRE_GLOBAL,,,,,SPATIAL_NEAREST_25M,0.0,,6,MISSING_GEOMETRY,True,Geometrie source absente.,e60088e9-cf94-4e41-ae65-a5390866b4b8,2026-05-19T17:00:26.089667+00:00
staging,raw_idp_src_pollution_globale,189,,39,IDP_INVENTAIRE_GLOBAL,,,,,SPATIAL_NEAREST_25M,0.0,,6,MISSING_GEOMETRY,True,Geometrie source absente.,e60088e9-cf94-4e41-ae65-a5390866b4b8,2026-05-19T17:00:26.089667+00:00
staging,raw_idp_src_pollution_globale,190,,40,IDP_INVENTAIRE_GLOBAL,,,,,SPATIAL_NEAREST_25M,0.0,,6,MISSING_GEOMETRY,True,Geometrie source absente.,e60088e9-cf94-4e41-ae65-a5390866b4b8,2026-05-19T17:00:26.089667+00:00
staging,raw_idp_src_pollution_globale,191,,41,IDP_INVENTAIRE_GLOBAL,,,,,SPATIAL_NEAREST_25M,0.0,,6,MISSING_GEOMETRY,True,Geometrie source absente.,e60088e9-cf94-4e41-ae65-a5390866b4b8,2026-05-19T17:00:26.089667+00:00
staging,raw_idp_src_pollution_globale,192,,42,IDP_INVENTAIRE_GLOBAL,,,,,SPATIAL_NEAREST_25M,0.0,,6,MISSING_GEOMETRY,True,Geometrie source absente.,e60088e9-cf94-4e41-ae65-a5390866b4b8,2026-05-19T17:00:26.089667+00:00
staging,raw_idp_src_pollution_globale,193,,43,IDP_INVENTAIRE_GLOBAL,,,,,SPATIAL_NEAREST_25M,0.0,,6,MISSING_GEOMETRY,True,Geometrie source absente.,e60088e9-cf94-4e41-ae65-a5390866b4b8,2026-05-19T17:00:26.089667+00:00
staging,raw_idp_src_pollution_globale,194,,44,IDP_INVENTAIRE_GLOBAL,,,,,SPATIAL_NEAREST_25M,0.0,,6,MISSING_GEOMETRY,True,Geometrie source absente.,e60088e9-cf94-4e41-ae65-a5390866b4b8,2026-05-19T17:00:26.089667+00:00
staging,raw_idp_src_pollution_globale,195,,45,IDP_INVENTAIRE_GLOBAL,,,,,SPATIAL_NEAREST_25M,0.0,,6,MISSING_GEOMETRY,True,Geometrie source absente.,e60088e9-cf94-4e41-ae65-a5390866b4b8,2026-05-19T17:00:26.089667+00:00
staging,raw_idp_src_pollution_globale,196,,46,IDP_INVENTAIRE_GLOBAL,,,,,SPATIAL_NEAREST_25M,0.0,,6,MISSING_GEOMETRY,True,Geometrie source absente.,e60088e9-cf94-4e41-ae65-a5390866b4b8,2026-05-19T17:00:26.089667+00:00
staging,raw_idp_src_pollution_globale,197,,3,IDP_INVENTAIRE_GLOBAL,,,,,SPATIAL_NEAREST_25M,0.0,,6,MISSING_GEOMETRY,True,Geometrie source absente.,e60088e9-cf94-4e41-ae65-a5390866b4b8,2026-05-19T17:00:26.089667+00:00
staging,raw_idp_src_pollution_globale,198,,15,IDP_INVENTAIRE_GLOBAL,,,,,SPATIAL_NEAREST_25M,0.0,,6,MISSING_GEOMETRY,True,Geometrie source absente.,e60088e9-cf94-4e41-ae65-a5390866b4b8,2026-05-19T17:00:26.089667+00:00
staging,raw_idp_src_pollution_globale,199,,16,IDP_INVENTAIRE_GLOBAL,,,,,SPATIAL_NEAREST_25M,0.0,,6,MISSING_GEOMETRY,True,Geometrie source absente.,e60088e9-cf94-4e41-ae65-a5390866b4b8,2026-05-19T17:00:26.089667+00:00
staging,raw_idp_src_pollution_globale,200,,20,IDP_INVENTAIRE_GLOBAL,,,,,SPATIAL_NEAREST_25M,0.0,,6,MISSING_GEOMETRY,True,Geometrie source absente.,e60088e9-cf94-4e41-ae65-a5390866b4b8,2026-05-19T17:00:26.089667+00:00
staging,raw_idp_src_pollution_globale,201,,56,IDP_INVENTAIRE_GLOBAL,,,,,SPATIAL_NEAREST_25M,0.0,,6,MISSING_GEOMETRY,True,Geometrie source absente.,e60088e9-cf94-4e41-ae65-a5390866b4b8,2026-05-19T17:00:26.089667+00:00
staging,raw_idp_src_pollution_globale,202,,57,IDP_INVENTAIRE_GLOBAL,,,,,SPATIAL_NEAREST_25M,0.0,,6,MISSING_GEOMETRY,True,Geometrie source absente.,e60088e9-cf94-4e41-ae65-a5390866b4b8,2026-05-19T17:00:26.089667+00:00
staging,raw_idp_src_pollution_globale,203,,58,IDP_INVENTAIRE_GLOBAL,,,,,SPATIAL_NEAREST_25M,0.0,,6,MISSING_GEOMETRY,True,Geometrie source absente.,e60088e9-cf94-4e41-ae65-a5390866b4b8,2026-05-19T17:00:26.089667+00:00
staging,raw_idp_src_pollution_globale,204,,59,IDP_INVENTAIRE_GLOBAL,,,,,SPATIAL_NEAREST_25M,0.0,,6,MISSING_GEOMETRY,True,Geometrie source absente.,e60088e9-cf94-4e41-ae65-a5390866b4b8,2026-05-19T17:00:26.089667+00:00
staging,raw_idp_src_pollution_globale,205,,60,IDP_INVENTAIRE_GLOBAL,,,,,SPATIAL_NEAREST_25M,0.0,,6,MISSING_GEOMETRY,True,Geometrie source absente.,e60088e9-cf94-4e41-ae65-a5390866b4b8,2026-05-19T17:00:26.089667+00:00
staging,raw_idp_src_pollution_globale,206,,61,IDP_INVENTAIRE_GLOBAL,,,,,SPATIAL_NEAREST_25M,0.0,,6,MISSING_GEOMETRY,True,Geometrie source absente.,e60088e9-cf94-4e41-ae65-a5390866b4b8,2026-05-19T17:00:26.089667+00:00
staging,raw_idp_mesures_qualite_globale_2024,1,,1,IDP_MESURE_GLOBAL,,,,,SPATIAL_NEAREST_25M,0.0,,5,MISSING_GEOMETRY,True,Geometrie source absente.,e60088e9-cf94-4e41-ae65-a5390866b4b8,2026-05-19T17:00:26.089667+00:00
staging,raw_idp_mesures_qualite_globale_2024,2,,2,IDP_MESURE_GLOBAL,,,,,SPATIAL_NEAREST_25M,0.0,,5,MISSING_GEOMETRY,True,Geometrie source absente.,e60088e9-cf94-4e41-ae65-a5390866b4b8,2026-05-19T17:00:26.089667+00:00
staging,raw_idp_mesures_qualite_globale_2024,3,,3,IDP_MESURE_GLOBAL,,,,,SPATIAL_NEAREST_25M,0.0,,5,MISSING_GEOMETRY,True,Geometrie source absente.,e60088e9-cf94-4e41-ae65-a5390866b4b8,2026-05-19T17:00:26.089667+00:00
staging,raw_idp_mesures_qualite_globale_2024,49,,233,IDP_MESURE_GLOBAL,,,,,SPATIAL_NEAREST_25M,0.0,,5,MISSING_GEOMETRY,True,Geometrie source absente.,e60088e9-cf94-4e41-ae65-a5390866b4b8,2026-05-19T17:00:26.089667+00:00
staging,raw_idp_mesures_qualite_globale_2024,206,,204,IDP_MESURE_GLOBAL,,,,,SPATIAL_NEAREST_25M,0.0,,5,MISSING_GEOMETRY,True,Geometrie source absente.,e60088e9-cf94-4e41-ae65-a5390866b4b8,2026-05-19T17:00:26.089667+00:00
staging,raw_idp_mesures_qualite_globale_2024,94,,234,IDP_MESURE_GLOBAL,,,,,SPATIAL_NEAREST_25M,0.0,,5,MISSING_GEOMETRY,True,Geometrie source absente.,e60088e9-cf94-4e41-ae65-a5390866b4b8,2026-05-19T17:00:26.089667+00:00
staging,raw_idp_mesures_qualite_globale_2024,207,,205,IDP_MESURE_GLOBAL,,,,,SPATIAL_NEAREST_25M,0.0,,5,MISSING_GEOMETRY,True,Geometrie source absente.,e60088e9-cf94-4e41-ae65-a5390866b4b8,2026-05-19T17:00:26.089667+00:00
staging,raw_idp_mesures_qualite_globale_2024,199,,197,IDP_MESURE_GLOBAL,,,,,SPATIAL_NEAREST_25M,0.0,,5,MISSING_GEOMETRY,True,Geometrie source absente.,e60088e9-cf94-4e41-ae65-a5390866b4b8,2026-05-19T17:00:26.089667+00:00
staging,raw_idp_mesures_qualite_globale_2024,200,,198,IDP_MESURE_GLOBAL,,,,,SPATIAL_NEAREST_25M,0.0,,5,MISSING_GEOMETRY,True,Geometrie source absente.,e60088e9-cf94-4e41-ae65-a5390866b4b8,2026-05-19T17:00:26.089667+00:00
staging,raw_idp_mesures_qualite_globale_2024,201,,199,IDP_MESURE_GLOBAL,,,,,SPATIAL_NEAREST_25M,0.0,,5,MISSING_GEOMETRY,True,Geometrie source absente.,e60088e9-cf94-4e41-ae65-a5390866b4b8,2026-05-19T17:00:26.089667+00:00
staging,raw_idp_mesures_qualite_globale_2024,202,,200,IDP_MESURE_GLOBAL,,,,,SPATIAL_NEAREST_25M,0.0,,5,MISSING_GEOMETRY,True,Geometrie source absente.,e60088e9-cf94-4e41-ae65-a5390866b4b8,2026-05-19T17:00:26.089667+00:00
staging,raw_idp_mesures_qualite_globale_2024,203,,201,IDP_MESURE_GLOBAL,,,,,SPATIAL_NEAREST_25M,0.0,,5,MISSING_GEOMETRY,True,Geometrie source absente.,e60088e9-cf94-4e41-ae65-a5390866b4b8,2026-05-19T17:00:26.089667+00:00
staging,raw_idp_mesures_qualite_globale_2024,204,,202,IDP_MESURE_GLOBAL,,,,,SPATIAL_NEAREST_25M,0.0,,5,MISSING_GEOMETRY,True,Geometrie source absente.,e60088e9-cf94-4e41-ae65-a5390866b4b8,2026-05-19T17:00:26.089667+00:00
staging,raw_idp_mesures_qualite_globale_2024,205,,203,IDP_MESURE_GLOBAL,,,,,SPATIAL_NEAREST_25M,0.0,,5,MISSING_GEOMETRY,True,Geometrie source absente.,e60088e9-cf94-4e41-ae65-a5390866b4b8,2026-05-19T17:00:26.089667+00:00
staging,raw_idp_mesures_qualite_globale_2024,208,,206,IDP_MESURE_GLOBAL,,,,,SPATIAL_NEAREST_25M,0.0,,5,MISSING_GEOMETRY,True,Geometrie source absente.,e60088e9-cf94-4e41-ae65-a5390866b4b8,2026-05-19T17:00:26.089667+00:00
staging,raw_idp_mesures_qualite_globale_2024,209,,207,IDP_MESURE_GLOBAL,,,,,SPATIAL_NEAREST_25M,0.0,,5,MISSING_GEOMETRY,True,Geometrie source absente.,e60088e9-cf94-4e41-ae65-a5390866b4b8,2026-05-19T17:00:26.089667+00:00
staging,raw_idp_mesures_qualite_globale_2024,210,,208,IDP_MESURE_GLOBAL,,,,,SPATIAL_NEAREST_25M,0.0,,5,MISSING_GEOMETRY,True,Geometrie source absente.,e60088e9-cf94-4e41-ae65-a5390866b4b8,2026-05-19T17:00:26.089667+00:00
staging,raw_idp_mesures_qualite_globale_2024,211,,209,IDP_MESURE_GLOBAL,,,,,SPATIAL_NEAREST_25M,0.0,,5,MISSING_GEOMETRY,True,Geometrie source absente.,e60088e9-cf94-4e41-ae65-a5390866b4b8,2026-05-19T17:00:26.089667+00:00
staging,raw_idp_mesures_qualite_globale_2024,212,,210,IDP_MESURE_GLOBAL,,,,,SPATIAL_NEAREST_25M,0.0,,5,MISSING_GEOMETRY,True,Geometrie source absente.,e60088e9-cf94-4e41-ae65-a5390866b4b8,2026-05-19T17:00:26.089667+00:00
staging,raw_idp_mesures_qualite_globale_2024,213,,211,IDP_MESURE_GLOBAL,,,,,SPATIAL_NEAREST_25M,0.0,,5,MISSING_GEOMETRY,True,Geometrie source absente.,e60088e9-cf94-4e41-ae65-a5390866b4b8,2026-05-19T17:00:26.089667+00:00
staging,raw_idp_mesures_qualite_globale_2024,214,,212,IDP_MESURE_GLOBAL,,,,,SPATIAL_NEAREST_25M,0.0,,5,MISSING_GEOMETRY,True,Geometrie source absente.,e60088e9-cf94-4e41-ae65-a5390866b4b8,2026-05-19T17:00:26.089667+00:00
staging,raw_idp_mesures_qualite_globale_2024,215,,213,IDP_MESURE_GLOBAL,,,,,SPATIAL_NEAREST_25M,0.0,,5,MISSING_GEOMETRY,True,Geometrie source absente.,e60088e9-cf94-4e41-ae65-a5390866b4b8,2026-05-19T17:00:26.089667+00:00
staging,raw_idp_mesures_qualite_globale_2024,216,,214,IDP_MESURE_GLOBAL,,,,,SPATIAL_NEAREST_25M,0.0,,5,MISSING_GEOMETRY,True,Geometrie source absente.,e60088e9-cf94-4e41-ae65-a5390866b4b8,2026-05-19T17:00:26.089667+00:00
staging,raw_idp_mesures_qualite_globale_2024,217,,215,IDP_MESURE_GLOBAL,,,,,SPATIAL_NEAREST_25M,0.0,,5,MISSING_GEOMETRY,True,Geometrie source absente.,e60088e9-cf94-4e41-ae65-a5390866b4b8,2026-05-19T17:00:26.089667+00:00
staging,raw_idp_mesures_qualite_globale_2024,218,,216,IDP_MESURE_GLOBAL,,,,,SPATIAL_NEAREST_25M,0.0,,5,MISSING_GEOMETRY,True,Geometrie source absente.,e60088e9-cf94-4e41-ae65-a5390866b4b8,2026-05-19T17:00:26.089667+00:00
staging,raw_idp_mesures_qualite_globale_2024,219,,217,IDP_MESURE_GLOBAL,,,,,SPATIAL_NEAREST_25M,0.0,,5,MISSING_GEOMETRY,True,Geometrie source absente.,e60088e9-cf94-4e41-ae65-a5390866b4b8,2026-05-19T17:00:26.089667+00:00
staging,raw_idp_mesures_qualite_globale_2024,220,,218,IDP_MESURE_GLOBAL,,,,,SPATIAL_NEAREST_25M,0.0,,5,MISSING_GEOMETRY,True,Geometrie source absente.,e60088e9-cf94-4e41-ae65-a5390866b4b8,2026-05-19T17:00:26.089667+00:00
staging,raw_idp_mesures_qualite_globale_2024,221,,219,IDP_MESURE_GLOBAL,,,,,SPATIAL_NEAREST_25M,0.0,,5,MISSING_GEOMETRY,True,Geometrie source absente.,e60088e9-cf94-4e41-ae65-a5390866b4b8,2026-05-19T17:00:26.089667+00:00
staging,raw_idp_mesures_qualite_globale_2024,222,,220,IDP_MESURE_GLOBAL,,,,,SPATIAL_NEAREST_25M,0.0,,5,MISSING_GEOMETRY,True,Geometrie source absente.,e60088e9-cf94-4e41-ae65-a5390866b4b8,2026-05-19T17:00:26.089667+00:00
staging,raw_idp_mesures_qualite_globale_2024,223,,221,IDP_MESURE_GLOBAL,,,,,SPATIAL_NEAREST_25M,0.0,,5,MISSING_GEOMETRY,True,Geometrie source absente.,e60088e9-cf94-4e41-ae65-a5390866b4b8,2026-05-19T17:00:26.089667+00:00
staging,raw_idp_mesures_qualite_globale_2024,224,,222,IDP_MESURE_GLOBAL,,,,,SPATIAL_NEAREST_25M,0.0,,5,MISSING_GEOMETRY,True,Geometrie source absente.,e60088e9-cf94-4e41-ae65-a5390866b4b8,2026-05-19T17:00:26.089667+00:00
staging,raw_idp_mesures_qualite_globale_2024,225,,223,IDP_MESURE_GLOBAL,,,,,SPATIAL_NEAREST_25M,0.0,,5,MISSING_GEOMETRY,True,Geometrie source absente.,e60088e9-cf94-4e41-ae65-a5390866b4b8,2026-05-19T17:00:26.089667+00:00
staging,raw_idp_mesures_qualite_globale_2024,226,,224,IDP_MESURE_GLOBAL,,,,,SPATIAL_NEAREST_25M,0.0,,5,MISSING_GEOMETRY,True,Geometrie source absente.,e60088e9-cf94-4e41-ae65-a5390866b4b8,2026-05-19T17:00:26.089667+00:00
staging,raw_idp_mesures_qualite_globale_2024,227,,225,IDP_MESURE_GLOBAL,,,,,SPATIAL_NEAREST_25M,0.0,,5,MISSING_GEOMETRY,True,Geometrie source absente.,e60088e9-cf94-4e41-ae65-a5390866b4b8,2026-05-19T17:00:26.089667+00:00
staging,raw_idp_mesures_qualite_globale_2024,228,,226,IDP_MESURE_GLOBAL,,,,,SPATIAL_NEAREST_25M,0.0,,5,MISSING_GEOMETRY,True,Geometrie source absente.,e60088e9-cf94-4e41-ae65-a5390866b4b8,2026-05-19T17:00:26.089667+00:00
staging,raw_idp_mesures_qualite_globale_2024,229,,227,IDP_MESURE_GLOBAL,,,,,SPATIAL_NEAREST_25M,0.0,,5,MISSING_GEOMETRY,True,Geometrie source absente.,e60088e9-cf94-4e41-ae65-a5390866b4b8,2026-05-19T17:00:26.089667+00:00
staging,raw_idp_mesures_qualite_globale_2024,230,,228,IDP_MESURE_GLOBAL,,,,,SPATIAL_NEAREST_25M,0.0,,5,MISSING_GEOMETRY,True,Geometrie source absente.,e60088e9-cf94-4e41-ae65-a5390866b4b8,2026-05-19T17:00:26.089667+00:00
staging,raw_idp_mesures_qualite_globale_2024,231,,229,IDP_MESURE_GLOBAL,,,,,SPATIAL_NEAREST_25M,0.0,,5,MISSING_GEOMETRY,True,Geometrie source absente.,e60088e9-cf94-4e41-ae65-a5390866b4b8,2026-05-19T17:00:26.089667+00:00
staging,raw_idp_mesures_qualite_globale_2024,232,,230,IDP_MESURE_GLOBAL,,,,,SPATIAL_NEAREST_25M,0.0,,5,MISSING_GEOMETRY,True,Geometrie source absente.,e60088e9-cf94-4e41-ae65-a5390866b4b8,2026-05-19T17:00:26.089667+00:00
staging,raw_idp_mesures_qualite_globale_2024,233,,231,IDP_MESURE_GLOBAL,,,,,SPATIAL_NEAREST_25M,0.0,,5,MISSING_GEOMETRY,True,Geometrie source absente.,e60088e9-cf94-4e41-ae65-a5390866b4b8,2026-05-19T17:00:26.089667+00:00
staging,raw_idp_mesures_qualite_globale_2024,234,,232,IDP_MESURE_GLOBAL,,,,,SPATIAL_NEAREST_25M,0.0,,5,MISSING_GEOMETRY,True,Geometrie source absente.,e60088e9-cf94-4e41-ae65-a5390866b4b8,2026-05-19T17:00:26.089667+00:00
staging,raw_idp_mesures_qualite_globale_2024,235,,235,IDP_MESURE_GLOBAL,,,,,SPATIAL_NEAREST_25M,0.0,,5,MISSING_GEOMETRY,True,Geometrie source absente.,e60088e9-cf94-4e41-ae65-a5390866b4b8,2026-05-19T17:00:26.089667+00:00
staging,raw_idp_mesures_qualite_globale_2024,236,,236,IDP_MESURE_GLOBAL,,,,,SPATIAL_NEAREST_25M,0.0,,5,MISSING_GEOMETRY,True,Geometrie source absente.,e60088e9-cf94-4e41-ae65-a5390866b4b8,2026-05-19T17:00:26.089667+00:00
staging,raw_idp_mesures_qualite_globale_2024,237,,237,IDP_MESURE_GLOBAL,,,,,SPATIAL_NEAREST_25M,0.0,,5,MISSING_GEOMETRY,True,Geometrie source absente.,e60088e9-cf94-4e41-ae65-a5390866b4b8,2026-05-19T17:00:26.089667+00:00
staging,raw_idp_mesures_qualite_globale_2024,238,,238,IDP_MESURE_GLOBAL,,,,,SPATIAL_NEAREST_25M,0.0,,5,MISSING_GEOMETRY,True,Geometrie source absente.,e60088e9-cf94-4e41-ae65-a5390866b4b8,2026-05-19T17:00:26.089667+00:00
staging,raw_idp_mesures_qualite_globale_2024,239,,239,IDP_MESURE_GLOBAL,,,,,SPATIAL_NEAREST_25M,0.0,,5,MISSING_GEOMETRY,True,Geometrie source absente.,e60088e9-cf94-4e41-ae65-a5390866b4b8,2026-05-19T17:00:26.089667+00:00
staging,raw_idp_mesures_qualite_globale_2024,240,,240,IDP_MESURE_GLOBAL,,,,,SPATIAL_NEAREST_25M,0.0,,5,MISSING_GEOMETRY,True,Geometrie source absente.,e60088e9-cf94-4e41-ae65-a5390866b4b8,2026-05-19T17:00:26.089667+00:00
staging,raw_idp_mesures_qualite_globale_2024,241,,241,IDP_MESURE_GLOBAL,,,,,SPATIAL_NEAREST_25M,0.0,,5,MISSING_GEOMETRY,True,Geometrie source absente.,e60088e9-cf94-4e41-ae65-a5390866b4b8,2026-05-19T17:00:26.089667+00:00
staging,raw_idp_mesures_qualite_globale_2024,242,,242,IDP_MESURE_GLOBAL,,,,,SPATIAL_NEAREST_25M,0.0,,5,MISSING_GEOMETRY,True,Geometrie source absente.,e60088e9-cf94-4e41-ae65-a5390866b4b8,2026-05-19T17:00:26.089667+00:00
staging,raw_idp_mesures_qualite_globale_2024,243,,243,IDP_MESURE_GLOBAL,,,,,SPATIAL_NEAREST_25M,0.0,,5,MISSING_GEOMETRY,True,Geometrie source absente.,e60088e9-cf94-4e41-ae65-a5390866b4b8,2026-05-19T17:00:26.089667+00:00
staging,raw_idp_mesures_qualite_globale_2024,244,,244,IDP_MESURE_GLOBAL,,,,,SPATIAL_NEAREST_25M,0.0,,5,MISSING_GEOMETRY,True,Geometrie source absente.,e60088e9-cf94-4e41-ae65-a5390866b4b8,2026-05-19T17:00:26.089667+00:00
staging,raw_idp_mesures_qualite_globale_2024,245,,245,IDP_MESURE_GLOBAL,,,,,SPATIAL_NEAREST_25M,0.0,,5,MISSING_GEOMETRY,True,Geometrie source absente.,e60088e9-cf94-4e41-ae65-a5390866b4b8,2026-05-19T17:00:26.089667+00:00
staging,raw_idp_mesures_qualite_globale_2024,246,,246,IDP_MESURE_GLOBAL,,,,,SPATIAL_NEAREST_25M,0.0,,5,MISSING_GEOMETRY,True,Geometrie source absente.,e60088e9-cf94-4e41-ae65-a5390866b4b8,2026-05-19T17:00:26.089667+00:00
staging,raw_idp_mesures_qualite_globale_2024,247,,247,IDP_MESURE_GLOBAL,,,,,SPATIAL_NEAREST_25M,0.0,,5,MISSING_GEOMETRY,True,Geometrie source absente.,e60088e9-cf94-4e41-ae65-a5390866b4b8,2026-05-19T17:00:26.089667+00:00
staging,raw_idp_mesures_qualite_globale_2024,248,,248,IDP_MESURE_GLOBAL,,,,,SPATIAL_NEAREST_25M,0.0,,5,MISSING_GEOMETRY,True,Geometrie source absente.,e60088e9-cf94-4e41-ae65-a5390866b4b8,2026-05-19T17:00:26.089667+00:00
staging,raw_idp_mesures_qualite_globale_2024,249,,249,IDP_MESURE_GLOBAL,,,,,SPATIAL_NEAREST_25M,0.0,,5,MISSING_GEOMETRY,True,Geometrie source absente.,e60088e9-cf94-4e41-ae65-a5390866b4b8,2026-05-19T17:00:26.089667+00:00
staging,raw_idp_mesures_qualite_globale_2024,250,,250,IDP_MESURE_GLOBAL,,,,,SPATIAL_NEAREST_25M,0.0,,5,MISSING_GEOMETRY,True,Geometrie source absente.,e60088e9-cf94-4e41-ae65-a5390866b4b8,2026-05-19T17:00:26.089667+00:00
staging,raw_idp_mesures_qualite_globale_2024,251,,251,IDP_MESURE_GLOBAL,,,,,SPATIAL_NEAREST_25M,0.0,,5,MISSING_GEOMETRY,True,Geometrie source absente.,e60088e9-cf94-4e41-ae65-a5390866b4b8,2026-05-19T17:00:26.089667+00:00
staging,raw_idp_mesures_qualite_globale_2024,252,,252,IDP_MESURE_GLOBAL,,,,,SPATIAL_NEAREST_25M,0.0,,5,MISSING_GEOMETRY,True,Geometrie source absente.,e60088e9-cf94-4e41-ae65-a5390866b4b8,2026-05-19T17:00:26.089667+00:00
staging,raw_idp_mesures_qualite_globale_2024,253,,253,IDP_MESURE_GLOBAL,,,,,SPATIAL_NEAREST_25M,0.0,,5,MISSING_GEOMETRY,True,Geometrie source absente.,e60088e9-cf94-4e41-ae65-a5390866b4b8,2026-05-19T17:00:26.089667+00:00
staging,raw_idp_mesures_qualite_globale_2024,254,,254,IDP_MESURE_GLOBAL,,,,,SPATIAL_NEAREST_25M,0.0,,5,MISSING_GEOMETRY,True,Geometrie source absente.,e60088e9-cf94-4e41-ae65-a5390866b4b8,2026-05-19T17:00:26.089667+00:00
staging,raw_idp_mesures_qualite_globale_2024,255,,255,IDP_MESURE_GLOBAL,,,,,SPATIAL_NEAREST_25M,0.0,,5,MISSING_GEOMETRY,True,Geometrie source absente.,e60088e9-cf94-4e41-ae65-a5390866b4b8,2026-05-19T17:00:26.089667+00:00
staging,raw_idp_mesures_qualite_globale_2024,256,,256,IDP_MESURE_GLOBAL,,,,,SPATIAL_NEAREST_25M,0.0,,5,MISSING_GEOMETRY,True,Geometrie source absente.,e60088e9-cf94-4e41-ae65-a5390866b4b8,2026-05-19T17:00:26.089667+00:00
staging,raw_idp_mesures_qualite_globale_2024,257,,257,IDP_MESURE_GLOBAL,,,,,SPATIAL_NEAREST_25M,0.0,,5,MISSING_GEOMETRY,True,Geometrie source absente.,e60088e9-cf94-4e41-ae65-a5390866b4b8,2026-05-19T17:00:26.089667+00:00
staging,raw_idp_mesures_qualite_globale_2024,258,,258,IDP_MESURE_GLOBAL,,,,,SPATIAL_NEAREST_25M,0.0,,5,MISSING_GEOMETRY,True,Geometrie source absente.,e60088e9-cf94-4e41-ae65-a5390866b4b8,2026-05-19T17:00:26.089667+00:00
staging,raw_idp_mesures_qualite_globale_2024,259,,259,IDP_MESURE_GLOBAL,,,,,SPATIAL_NEAREST_25M,0.0,,5,MISSING_GEOMETRY,True,Geometrie source absente.,e60088e9-cf94-4e41-ae65-a5390866b4b8,2026-05-19T17:00:26.089667+00:00
staging,raw_idp_mesures_qualite_globale_2024,260,,260,IDP_MESURE_GLOBAL,,,,,SPATIAL_NEAREST_25M,0.0,,5,MISSING_GEOMETRY,True,Geometrie source absente.,e60088e9-cf94-4e41-ae65-a5390866b4b8,2026-05-19T17:00:26.089667+00:00
staging,raw_idp_mesures_qualite_globale_2024,261,,261,IDP_MESURE_GLOBAL,,,,,SPATIAL_NEAREST_25M,0.0,,5,MISSING_GEOMETRY,True,Geometrie source absente.,e60088e9-cf94-4e41-ae65-a5390866b4b8,2026-05-19T17:00:26.089667+00:00
staging,raw_idp_mesures_qualite_globale_2024,262,,262,IDP_MESURE_GLOBAL,,,,,SPATIAL_NEAREST_25M,0.0,,5,MISSING_GEOMETRY,True,Geometrie source absente.,e60088e9-cf94-4e41-ae65-a5390866b4b8,2026-05-19T17:00:26.089667+00:00
staging,raw_idp_mesures_qualite_globale_2024,263,,263,IDP_MESURE_GLOBAL,,,,,SPATIAL_NEAREST_25M,0.0,,5,MISSING_GEOMETRY,True,Geometrie source absente.,e60088e9-cf94-4e41-ae65-a5390866b4b8,2026-05-19T17:00:26.089667+00:00
staging,raw_idp_mesures_qualite_globale_2024,264,,264,IDP_MESURE_GLOBAL,,,,,SPATIAL_NEAREST_25M,0.0,,5,MISSING_GEOMETRY,True,Geometrie source absente.,e60088e9-cf94-4e41-ae65-a5390866b4b8,2026-05-19T17:00:26.089667+00:00
staging,raw_idp_mesures_qualite_globale_2024,404,,404,IDP_MESURE_GLOBAL,,,,,SPATIAL_NEAREST_25M,0.0,,5,MISSING_GEOMETRY,True,Geometrie source absente.,e60088e9-cf94-4e41-ae65-a5390866b4b8,2026-05-19T17:00:26.089667+00:00
staging,raw_idp_mesures_qualite_globale_2024,405,,405,IDP_MESURE_GLOBAL,,,,,SPATIAL_NEAREST_25M,0.0,,5,MISSING_GEOMETRY,True,Geometrie source absente.,e60088e9-cf94-4e41-ae65-a5390866b4b8,2026-05-19T17:00:26.089667+00:00
staging,raw_idp_mesures_qualite_globale_2024,406,,406,IDP_MESURE_GLOBAL,,,,,SPATIAL_NEAREST_25M,0.0,,5,MISSING_GEOMETRY,True,Geometrie source absente.,e60088e9-cf94-4e41-ae65-a5390866b4b8,2026-05-19T17:00:26.089667+00:00
staging,raw_idp_mesures_qualite_globale_2024,407,,407,IDP_MESURE_GLOBAL,,,,,SPATIAL_NEAREST_25M,0.0,,5,MISSING_GEOMETRY,True,Geometrie source absente.,e60088e9-cf94-4e41-ae65-a5390866b4b8,2026-05-19T17:00:26.089667+00:00
staging,raw_idp_mesures_qualite_globale_2024,408,,408,IDP_MESURE_GLOBAL,,,,,SPATIAL_NEAREST_25M,0.0,,5,MISSING_GEOMETRY,True,Geometrie source absente.,e60088e9-cf94-4e41-ae65-a5390866b4b8,2026-05-19T17:00:26.089667+00:00
staging,raw_idp_mesures_qualite_globale_2024,409,,409,IDP_MESURE_GLOBAL,,,,,SPATIAL_NEAREST_25M,0.0,,5,MISSING_GEOMETRY,True,Geometrie source absente.,e60088e9-cf94-4e41-ae65-a5390866b4b8,2026-05-19T17:00:26.089667+00:00
staging,raw_idp_mesures_qualite_globale_2024,410,,410,IDP_MESURE_GLOBAL,,,,,SPATIAL_NEAREST_25M,0.0,,5,MISSING_GEOMETRY,True,Geometrie source absente.,e60088e9-cf94-4e41-ae65-a5390866b4b8,2026-05-19T17:00:26.089667+00:00
staging,raw_idp_mesures_qualite_globale_2024,411,,411,IDP_MESURE_GLOBAL,,,,,SPATIAL_NEAREST_25M,0.0,,5,MISSING_GEOMETRY,True,Geometrie source absente.,e60088e9-cf94-4e41-ae65-a5390866b4b8,2026-05-19T17:00:26.089667+00:00
staging,raw_idp_mesures_qualite_globale_2024,412,,412,IDP_MESURE_GLOBAL,,,,,SPATIAL_NEAREST_25M,0.0,,5,MISSING_GEOMETRY,True,Geometrie source absente.,e60088e9-cf94-4e41-ae65-a5390866b4b8,2026-05-19T17:00:26.089667+00:00
staging,raw_idp_mesures_qualite_globale_2024,413,,413,IDP_MESURE_GLOBAL,,,,,SPATIAL_NEAREST_25M,0.0,,5,MISSING_GEOMETRY,True,Geometrie source absente.,e60088e9-cf94-4e41-ae65-a5390866b4b8,2026-05-19T17:00:26.089667+00:00
staging,raw_idp_mesures_qualite_globale_2024,414,,414,IDP_MESURE_GLOBAL,,,,,SPATIAL_NEAREST_25M,0.0,,5,MISSING_GEOMETRY,True,Geometrie source absente.,e60088e9-cf94-4e41-ae65-a5390866b4b8,2026-05-19T17:00:26.089667+00:00
staging,raw_idp_mesures_qualite_globale_2024,415,,415,IDP_MESURE_GLOBAL,,,,,SPATIAL_NEAREST_25M,0.0,,5,MISSING_GEOMETRY,True,Geometrie source absente.,e60088e9-cf94-4e41-ae65-a5390866b4b8,2026-05-19T17:00:26.089667+00:00
staging,raw_idp_mesures_qualite_globale_2024,416,,416,IDP_MESURE_GLOBAL,,,,,SPATIAL_NEAREST_25M,0.0,,5,MISSING_GEOMETRY,True,Geometrie source absente.,e60088e9-cf94-4e41-ae65-a5390866b4b8,2026-05-19T17:00:26.089667+00:00
staging,raw_idp_mesures_qualite_globale_2024,417,,417,IDP_MESURE_GLOBAL,,,,,SPATIAL_NEAREST_25M,0.0,,5,MISSING_GEOMETRY,True,Geometrie source absente.,e60088e9-cf94-4e41-ae65-a5390866b4b8,2026-05-19T17:00:26.089667+00:00
staging,raw_idp_mesures_qualite_globale_2024,418,,418,IDP_MESURE_GLOBAL,,,,,SPATIAL_NEAREST_25M,0.0,,5,MISSING_GEOMETRY,True,Geometrie source absente.,e60088e9-cf94-4e41-ae65-a5390866b4b8,2026-05-19T17:00:26.089667+00:00
staging,raw_idp_mesures_qualite_globale_2024,419,,419,IDP_MESURE_GLOBAL,,,,,SPATIAL_NEAREST_25M,0.0,,5,MISSING_GEOMETRY,True,Geometrie source absente.,e60088e9-cf94-4e41-ae65-a5390866b4b8,2026-05-19T17:00:26.089667+00:00
staging,raw_idp_mesures_qualite_globale_2024,420,,420,IDP_MESURE_GLOBAL,,,,,SPATIAL_NEAREST_25M,0.0,,5,MISSING_GEOMETRY,True,Geometrie source absente.,e60088e9-cf94-4e41-ae65-a5390866b4b8,2026-05-19T17:00:26.089667+00:00
staging,raw_idp_mesures_qualite_globale_2024,421,,421,IDP_MESURE_GLOBAL,,,,,SPATIAL_NEAREST_25M,0.0,,5,MISSING_GEOMETRY,True,Geometrie source absente.,e60088e9-cf94-4e41-ae65-a5390866b4b8,2026-05-19T17:00:26.089667+00:00
staging,raw_idp_mesures_qualite_globale_2024,422,,422,IDP_MESURE_GLOBAL,,,,,SPATIAL_NEAREST_25M,0.0,,5,MISSING_GEOMETRY,True,Geometrie source absente.,e60088e9-cf94-4e41-ae65-a5390866b4b8,2026-05-19T17:00:26.089667+00:00
staging,raw_idp_mesures_qualite_globale_2024,423,,423,IDP_MESURE_GLOBAL,,,,,SPATIAL_NEAREST_25M,0.0,,5,MISSING_GEOMETRY,True,Geometrie source absente.,e60088e9-cf94-4e41-ae65-a5390866b4b8,2026-05-19T17:00:26.089667+00:00
staging,raw_idp_mesures_qualite_globale_2024,424,,424,IDP_MESURE_GLOBAL,,,,,SPATIAL_NEAREST_25M,0.0,,5,MISSING_GEOMETRY,True,Geometrie source absente.,e60088e9-cf94-4e41-ae65-a5390866b4b8,2026-05-19T17:00:26.089667+00:00
staging,raw_idp_mesures_qualite_globale_2024,425,,425,IDP_MESURE_GLOBAL,,,,,SPATIAL_NEAREST_25M,0.0,,5,MISSING_GEOMETRY,True,Geometrie source absente.,e60088e9-cf94-4e41-ae65-a5390866b4b8,2026-05-19T17:00:26.089667+00:00
staging,raw_idp_mesures_qualite_globale_2024,426,,426,IDP_MESURE_GLOBAL,,,,,SPATIAL_NEAREST_25M,0.0,,5,MISSING_GEOMETRY,True,Geometrie source absente.,e60088e9-cf94-4e41-ae65-a5390866b4b8,2026-05-19T17:00:26.089667+00:00
staging,raw_idp_mesures_qualite_globale_2024,427,,427,IDP_MESURE_GLOBAL,,,,,SPATIAL_NEAREST_25M,0.0,,5,MISSING_GEOMETRY,True,Geometrie source absente.,e60088e9-cf94-4e41-ae65-a5390866b4b8,2026-05-19T17:00:26.089667+00:00
staging,raw_idp_mesures_qualite_globale_2024,428,,428,IDP_MESURE_GLOBAL,,,,,SPATIAL_NEAREST_25M,0.0,,5,MISSING_GEOMETRY,True,Geometrie source absente.,e60088e9-cf94-4e41-ae65-a5390866b4b8,2026-05-19T17:00:26.089667+00:00
staging,raw_idp_mesures_qualite_globale_2024,429,,429,IDP_MESURE_GLOBAL,,,,,SPATIAL_NEAREST_25M,0.0,,5,MISSING_GEOMETRY,True,Geometrie source absente.,e60088e9-cf94-4e41-ae65-a5390866b4b8,2026-05-19T17:00:26.089667+00:00
staging,raw_idp_mesures_qualite_globale_2024,430,,430,IDP_MESURE_GLOBAL,,,,,SPATIAL_NEAREST_25M,0.0,,5,MISSING_GEOMETRY,True,Geometrie source absente.,e60088e9-cf94-4e41-ae65-a5390866b4b8,2026-05-19T17:00:26.089667+00:00
staging,raw_idp_mesures_qualite_globale_2024,431,,431,IDP_MESURE_GLOBAL,,,,,SPATIAL_NEAREST_25M,0.0,,5,MISSING_GEOMETRY,True,Geometrie source absente.,e60088e9-cf94-4e41-ae65-a5390866b4b8,2026-05-19T17:00:26.089667+00:00
staging,raw_idp_mesures_qualite_globale_2024,432,,432,IDP_MESURE_GLOBAL,,,,,SPATIAL_NEAREST_25M,0.0,,5,MISSING_GEOMETRY,True,Geometrie source absente.,e60088e9-cf94-4e41-ae65-a5390866b4b8,2026-05-19T17:00:26.089667+00:00
staging,raw_idp_mesures_qualite_globale_2024,433,,433,IDP_MESURE_GLOBAL,,,,,SPATIAL_NEAREST_25M,0.0,,5,MISSING_GEOMETRY,True,Geometrie source absente.,e60088e9-cf94-4e41-ae65-a5390866b4b8,2026-05-19T17:00:26.089667+00:00
staging,raw_idp_mesures_qualite_globale_2024,434,,434,IDP_MESURE_GLOBAL,,,,,SPATIAL_NEAREST_25M,0.0,,5,MISSING_GEOMETRY,True,Geometrie source absente.,e60088e9-cf94-4e41-ae65-a5390866b4b8,2026-05-19T17:00:26.089667+00:00
staging,raw_idp_mesures_qualite_globale_2024,435,,435,IDP_MESURE_GLOBAL,,,,,SPATIAL_NEAREST_25M,0.0,,5,MISSING_GEOMETRY,True,Geometrie source absente.,e60088e9-cf94-4e41-ae65-a5390866b4b8,2026-05-19T17:00:26.089667+00:00
staging,raw_idp_mesures_qualite_globale_2024,436,,436,IDP_MESURE_GLOBAL,,,,,SPATIAL_NEAREST_25M,0.0,,5,MISSING_GEOMETRY,True,Geometrie source absente.,e60088e9-cf94-4e41-ae65-a5390866b4b8,2026-05-19T17:00:26.089667+00:00
staging,raw_idp_mesures_qualite_globale_2024,437,,437,IDP_MESURE_GLOBAL,,,,,SPATIAL_NEAREST_25M,0.0,,5,MISSING_GEOMETRY,True,Geometrie source absente.,e60088e9-cf94-4e41-ae65-a5390866b4b8,2026-05-19T17:00:26.089667+00:00
staging,raw_idp_mesures_qualite_globale_2024,438,,438,IDP_MESURE_GLOBAL,,,,,SPATIAL_NEAREST_25M,0.0,,5,MISSING_GEOMETRY,True,Geometrie source absente.,e60088e9-cf94-4e41-ae65-a5390866b4b8,2026-05-19T17:00:26.089667+00:00
staging,raw_idp_mesures_qualite_globale_2024,439,,439,IDP_MESURE_GLOBAL,,,,,SPATIAL_NEAREST_25M,0.0,,5,MISSING_GEOMETRY,True,Geometrie source absente.,e60088e9-cf94-4e41-ae65-a5390866b4b8,2026-05-19T17:00:26.089667+00:00
staging,raw_idp_mesures_qualite_globale_2024,440,,440,IDP_MESURE_GLOBAL,,,,,SPATIAL_NEAREST_25M,0.0,,5,MISSING_GEOMETRY,True,Geometrie source absente.,e60088e9-cf94-4e41-ae65-a5390866b4b8,2026-05-19T17:00:26.089667+00:00
staging,raw_idp_mesures_qualite_globale_2024,441,,441,IDP_MESURE_GLOBAL,,,,,SPATIAL_NEAREST_25M,0.0,,5,MISSING_GEOMETRY,True,Geometrie source absente.,e60088e9-cf94-4e41-ae65-a5390866b4b8,2026-05-19T17:00:26.089667+00:00
staging,raw_idp_mesures_qualite_globale_2024,442,,442,IDP_MESURE_GLOBAL,,,,,SPATIAL_NEAREST_25M,0.0,,5,MISSING_GEOMETRY,True,Geometrie source absente.,e60088e9-cf94-4e41-ae65-a5390866b4b8,2026-05-19T17:00:26.089667+00:00
staging,raw_idp_mesures_qualite_globale_2024,443,,443,IDP_MESURE_GLOBAL,,,,,SPATIAL_NEAREST_25M,0.0,,5,MISSING_GEOMETRY,True,Geometrie source absente.,e60088e9-cf94-4e41-ae65-a5390866b4b8,2026-05-19T17:00:26.089667+00:00
staging,raw_idp_mesures_qualite_globale_2024,444,,444,IDP_MESURE_GLOBAL,,,,,SPATIAL_NEAREST_25M,0.0,,5,MISSING_GEOMETRY,True,Geometrie source absente.,e60088e9-cf94-4e41-ae65-a5390866b4b8,2026-05-19T17:00:26.089667+00:00
staging,raw_idp_mesures_qualite_globale_2024,445,,445,IDP_MESURE_GLOBAL,,,,,SPATIAL_NEAREST_25M,0.0,,5,MISSING_GEOMETRY,True,Geometrie source absente.,e60088e9-cf94-4e41-ae65-a5390866b4b8,2026-05-19T17:00:26.089667+00:00
staging,raw_idp_mesures_qualite_globale_2024,446,,446,IDP_MESURE_GLOBAL,,,,,SPATIAL_NEAREST_25M,0.0,,5,MISSING_GEOMETRY,True,Geometrie source absente.,e60088e9-cf94-4e41-ae65-a5390866b4b8,2026-05-19T17:00:26.089667+00:00
staging,raw_idp_mesures_qualite_globale_2024,447,,447,IDP_MESURE_GLOBAL,,,,,SPATIAL_NEAREST_25M,0.0,,5,MISSING_GEOMETRY,True,Geometrie source absente.,e60088e9-cf94-4e41-ae65-a5390866b4b8,2026-05-19T17:00:26.089667+00:00
staging,raw_idp_mesures_qualite_globale_2024,448,,448,IDP_MESURE_GLOBAL,,,,,SPATIAL_NEAREST_25M,0.0,,5,MISSING_GEOMETRY,True,Geometrie source absente.,e60088e9-cf94-4e41-ae65-a5390866b4b8,2026-05-19T17:00:26.089667+00:00
staging,raw_idp_mesures_qualite_globale_2024,449,,449,IDP_MESURE_GLOBAL,,,,,SPATIAL_NEAREST_25M,0.0,,5,MISSING_GEOMETRY,True,Geometrie source absente.,e60088e9-cf94-4e41-ae65-a5390866b4b8,2026-05-19T17:00:26.089667+00:00
staging,raw_idp_mesures_qualite_globale_2024,450,,450,IDP_MESURE_GLOBAL,,,,,SPATIAL_NEAREST_25M,0.0,,5,MISSING_GEOMETRY,True,Geometrie source absente.,e60088e9-cf94-4e41-ae65-a5390866b4b8,2026-05-19T17:00:26.089667+00:00
staging,raw_idp_mesures_qualite_globale_2024,451,,451,IDP_MESURE_GLOBAL,,,,,SPATIAL_NEAREST_25M,0.0,,5,MISSING_GEOMETRY,True,Geometrie source absente.,e60088e9-cf94-4e41-ae65-a5390866b4b8,2026-05-19T17:00:26.089667+00:00
staging,raw_idp_mesures_qualite_globale_2024,452,,452,IDP_MESURE_GLOBAL,,,,,SPATIAL_NEAREST_25M,0.0,,5,MISSING_GEOMETRY,True,Geometrie source absente.,e60088e9-cf94-4e41-ae65-a5390866b4b8,2026-05-19T17:00:26.089667+00:00
staging,raw_idp_mesures_qualite_globale_2024,453,,453,IDP_MESURE_GLOBAL,,,,,SPATIAL_NEAREST_25M,0.0,,5,MISSING_GEOMETRY,True,Geometrie source absente.,e60088e9-cf94-4e41-ae65-a5390866b4b8,2026-05-19T17:00:26.089667+00:00
staging,raw_idp_mesures_qualite_globale_2024,454,,454,IDP_MESURE_GLOBAL,,,,,SPATIAL_NEAREST_25M,0.0,,5,MISSING_GEOMETRY,True,Geometrie source absente.,e60088e9-cf94-4e41-ae65-a5390866b4b8,2026-05-19T17:00:26.089667+00:00
staging,raw_idp_mesures_qualite_globale_2024,455,,455,IDP_MESURE_GLOBAL,,,,,SPATIAL_NEAREST_25M,0.0,,5,MISSING_GEOMETRY,True,Geometrie source absente.,e60088e9-cf94-4e41-ae65-a5390866b4b8,2026-05-19T17:00:26.089667+00:00
staging,raw_idp_mesures_qualite_globale_2024,456,,456,IDP_MESURE_GLOBAL,,,,,SPATIAL_NEAREST_25M,0.0,,5,MISSING_GEOMETRY,True,Geometrie source absente.,e60088e9-cf94-4e41-ae65-a5390866b4b8,2026-05-19T17:00:26.089667+00:00
staging,raw_idp_mesures_qualite_globale_2024,457,,457,IDP_MESURE_GLOBAL,,,,,SPATIAL_NEAREST_25M,0.0,,5,MISSING_GEOMETRY,True,Geometrie source absente.,e60088e9-cf94-4e41-ae65-a5390866b4b8,2026-05-19T17:00:26.089667+00:00
staging,raw_idp_mesures_qualite_globale_2024,458,,458,IDP_MESURE_GLOBAL,,,,,SPATIAL_NEAREST_25M,0.0,,5,MISSING_GEOMETRY,True,Geometrie source absente.,e60088e9-cf94-4e41-ae65-a5390866b4b8,2026-05-19T17:00:26.089667+00:00
staging,raw_idp_mesures_qualite_globale_2024,459,,459,IDP_MESURE_GLOBAL,,,,,SPATIAL_NEAREST_25M,0.0,,5,MISSING_GEOMETRY,True,Geometrie source absente.,e60088e9-cf94-4e41-ae65-a5390866b4b8,2026-05-19T17:00:26.089667+00:00
staging,raw_idp_mesures_qualite_globale_2024,460,,460,IDP_MESURE_GLOBAL,,,,,SPATIAL_NEAREST_25M,0.0,,5,MISSING_GEOMETRY,True,Geometrie source absente.,e60088e9-cf94-4e41-ae65-a5390866b4b8,2026-05-19T17:00:26.089667+00:00
staging,raw_idp_mesures_qualite_globale_2024,461,,461,IDP_MESURE_GLOBAL,,,,,SPATIAL_NEAREST_25M,0.0,,5,MISSING_GEOMETRY,True,Geometrie source absente.,e60088e9-cf94-4e41-ae65-a5390866b4b8,2026-05-19T17:00:26.089667+00:00
staging,raw_idp_mesures_qualite_globale_2024,462,,462,IDP_MESURE_GLOBAL,,,,,SPATIAL_NEAREST_25M,0.0,,5,MISSING_GEOMETRY,True,Geometrie source absente.,e60088e9-cf94-4e41-ae65-a5390866b4b8,2026-05-19T17:00:26.089667+00:00
staging,raw_idp_mesures_qualite_globale_2024,463,,463,IDP_MESURE_GLOBAL,,,,,SPATIAL_NEAREST_25M,0.0,,5,MISSING_GEOMETRY,True,Geometrie source absente.,e60088e9-cf94-4e41-ae65-a5390866b4b8,2026-05-19T17:00:26.089667+00:00
staging,raw_idp_mesures_qualite_globale_2024,464,,464,IDP_MESURE_GLOBAL,,,,,SPATIAL_NEAREST_25M,0.0,,5,MISSING_GEOMETRY,True,Geometrie source absente.,e60088e9-cf94-4e41-ae65-a5390866b4b8,2026-05-19T17:00:26.089667+00:00
staging,raw_idp_mesures_qualite_globale_2024,465,,465,IDP_MESURE_GLOBAL,,,,,SPATIAL_NEAREST_25M,0.0,,5,MISSING_GEOMETRY,True,Geometrie source absente.,e60088e9-cf94-4e41-ae65-a5390866b4b8,2026-05-19T17:00:26.089667+00:00
staging,raw_idp_mesures_qualite_globale_2024,466,,466,IDP_MESURE_GLOBAL,,,,,SPATIAL_NEAREST_25M,0.0,,5,MISSING_GEOMETRY,True,Geometrie source absente.,e60088e9-cf94-4e41-ae65-a5390866b4b8,2026-05-19T17:00:26.089667+00:00
staging,raw_idp_mesures_qualite_globale_2024,467,,467,IDP_MESURE_GLOBAL,,,,,SPATIAL_NEAREST_25M,0.0,,5,MISSING_GEOMETRY,True,Geometrie source absente.,e60088e9-cf94-4e41-ae65-a5390866b4b8,2026-05-19T17:00:26.089667+00:00
staging,raw_idp_mesures_qualite_globale_2024,468,,468,IDP_MESURE_GLOBAL,,,,,SPATIAL_NEAREST_25M,0.0,,5,MISSING_GEOMETRY,True,Geometrie source absente.,e60088e9-cf94-4e41-ae65-a5390866b4b8,2026-05-19T17:00:26.089667+00:00
staging,raw_idp_mesures_qualite_globale_2024,469,,469,IDP_MESURE_GLOBAL,,,,,SPATIAL_NEAREST_25M,0.0,,5,MISSING_GEOMETRY,True,Geometrie source absente.,e60088e9-cf94-4e41-ae65-a5390866b4b8,2026-05-19T17:00:26.089667+00:00
staging,raw_idp_mesures_qualite_globale_2024,470,,470,IDP_MESURE_GLOBAL,,,,,SPATIAL_NEAREST_25M,0.0,,5,MISSING_GEOMETRY,True,Geometrie source absente.,e60088e9-cf94-4e41-ae65-a5390866b4b8,2026-05-19T17:00:26.089667+00:00
staging,raw_idp_mesures_qualite_globale_2024,471,,471,IDP_MESURE_GLOBAL,,,,,SPATIAL_NEAREST_25M,0.0,,5,MISSING_GEOMETRY,True,Geometrie source absente.,e60088e9-cf94-4e41-ae65-a5390866b4b8,2026-05-19T17:00:26.089667+00:00
staging,raw_idp_mesures_qualite_globale_2024,472,,472,IDP_MESURE_GLOBAL,,,,,SPATIAL_NEAREST_25M,0.0,,5,MISSING_GEOMETRY,True,Geometrie source absente.,e60088e9-cf94-4e41-ae65-a5390866b4b8,2026-05-19T17:00:26.089667+00:00
staging,raw_idp_mesures_qualite_globale_2024,473,,473,IDP_MESURE_GLOBAL,,,,,SPATIAL_NEAREST_25M,0.0,,5,MISSING_GEOMETRY,True,Geometrie source absente.,e60088e9-cf94-4e41-ae65-a5390866b4b8,2026-05-19T17:00:26.089667+00:00
staging,raw_idp_mesures_qualite_globale_2024,474,,474,IDP_MESURE_GLOBAL,,,,,SPATIAL_NEAREST_25M,0.0,,5,MISSING_GEOMETRY,True,Geometrie source absente.,e60088e9-cf94-4e41-ae65-a5390866b4b8,2026-05-19T17:00:26.089667+00:00
staging,raw_idp_mesures_qualite_globale_2024,475,,475,IDP_MESURE_GLOBAL,,,,,SPATIAL_NEAREST_25M,0.0,,5,MISSING_GEOMETRY,True,Geometrie source absente.,e60088e9-cf94-4e41-ae65-a5390866b4b8,2026-05-19T17:00:26.089667+00:00
staging,raw_idp_mesures_qualite_globale_2024,476,,476,IDP_MESURE_GLOBAL,,,,,SPATIAL_NEAREST_25M,0.0,,5,MISSING_GEOMETRY,True,Geometrie source absente.,e60088e9-cf94-4e41-ae65-a5390866b4b8,2026-05-19T17:00:26.089667+00:00
staging,raw_idp_mesures_qualite_globale_2024,477,,477,IDP_MESURE_GLOBAL,,,,,SPATIAL_NEAREST_25M,0.0,,5,MISSING_GEOMETRY,True,Geometrie source absente.,e60088e9-cf94-4e41-ae65-a5390866b4b8,2026-05-19T17:00:26.089667+00:00
staging,raw_idp_mesures_qualite_globale_2024,478,,478,IDP_MESURE_GLOBAL,,,,,SPATIAL_NEAREST_25M,0.0,,5,MISSING_GEOMETRY,True,Geometrie source absente.,e60088e9-cf94-4e41-ae65-a5390866b4b8,2026-05-19T17:00:26.089667+00:00
staging,raw_idp_mesures_qualite_globale_2024,479,,479,IDP_MESURE_GLOBAL,,,,,SPATIAL_NEAREST_25M,0.0,,5,MISSING_GEOMETRY,True,Geometrie source absente.,e60088e9-cf94-4e41-ae65-a5390866b4b8,2026-05-19T17:00:26.089667+00:00
staging,raw_idp_mesures_qualite_globale_2024,480,,480,IDP_MESURE_GLOBAL,,,,,SPATIAL_NEAREST_25M,0.0,,5,MISSING_GEOMETRY,True,Geometrie source absente.,e60088e9-cf94-4e41-ae65-a5390866b4b8,2026-05-19T17:00:26.089667+00:00
staging,raw_idp_mesures_qualite_globale_2024,481,,481,IDP_MESURE_GLOBAL,,,,,SPATIAL_NEAREST_25M,0.0,,5,MISSING_GEOMETRY,True,Geometrie source absente.,e60088e9-cf94-4e41-ae65-a5390866b4b8,2026-05-19T17:00:26.089667+00:00
staging,raw_idp_mesures_qualite_globale_2024,482,,482,IDP_MESURE_GLOBAL,,,,,SPATIAL_NEAREST_25M,0.0,,5,MISSING_GEOMETRY,True,Geometrie source absente.,e60088e9-cf94-4e41-ae65-a5390866b4b8,2026-05-19T17:00:26.089667+00:00
staging,raw_idp_mesures_qualite_globale_2024,483,,483,IDP_MESURE_GLOBAL,,,,,SPATIAL_NEAREST_25M,0.0,,5,MISSING_GEOMETRY,True,Geometrie source absente.,e60088e9-cf94-4e41-ae65-a5390866b4b8,2026-05-19T17:00:26.089667+00:00
staging,raw_idp_mesures_qualite_globale_2024,484,,484,IDP_MESURE_GLOBAL,,,,,SPATIAL_NEAREST_25M,0.0,,5,MISSING_GEOMETRY,True,Geometrie source absente.,e60088e9-cf94-4e41-ae65-a5390866b4b8,2026-05-19T17:00:26.089667+00:00
staging,raw_idp_mesures_qualite_globale_2024,485,,485,IDP_MESURE_GLOBAL,,,,,SPATIAL_NEAREST_25M,0.0,,5,MISSING_GEOMETRY,True,Geometrie source absente.,e60088e9-cf94-4e41-ae65-a5390866b4b8,2026-05-19T17:00:26.089667+00:00
staging,raw_idp_mesures_qualite_globale_2024,486,,486,IDP_MESURE_GLOBAL,,,,,SPATIAL_NEAREST_25M,0.0,,5,MISSING_GEOMETRY,True,Geometrie source absente.,e60088e9-cf94-4e41-ae65-a5390866b4b8,2026-05-19T17:00:26.089667+00:00
staging,raw_idp_mesures_qualite_globale_2024,487,,487,IDP_MESURE_GLOBAL,,,,,SPATIAL_NEAREST_25M,0.0,,5,MISSING_GEOMETRY,True,Geometrie source absente.,e60088e9-cf94-4e41-ae65-a5390866b4b8,2026-05-19T17:00:26.089667+00:00
staging,raw_idp_mesures_qualite_globale_2024,488,,488,IDP_MESURE_GLOBAL,,,,,SPATIAL_NEAREST_25M,0.0,,5,MISSING_GEOMETRY,True,Geometrie source absente.,e60088e9-cf94-4e41-ae65-a5390866b4b8,2026-05-19T17:00:26.089667+00:00
staging,raw_idp_mesures_qualite_globale_2024,489,,489,IDP_MESURE_GLOBAL,,,,,SPATIAL_NEAREST_25M,0.0,,5,MISSING_GEOMETRY,True,Geometrie source absente.,e60088e9-cf94-4e41-ae65-a5390866b4b8,2026-05-19T17:00:26.089667+00:00
staging,raw_idp_mesures_qualite_globale_2024,490,,490,IDP_MESURE_GLOBAL,,,,,SPATIAL_NEAREST_25M,0.0,,5,MISSING_GEOMETRY,True,Geometrie source absente.,e60088e9-cf94-4e41-ae65-a5390866b4b8,2026-05-19T17:00:26.089667+00:00
staging,raw_idp_mesures_qualite_globale_2024,491,,491,IDP_MESURE_GLOBAL,,,,,SPATIAL_NEAREST_25M,0.0,,5,MISSING_GEOMETRY,True,Geometrie source absente.,e60088e9-cf94-4e41-ae65-a5390866b4b8,2026-05-19T17:00:26.089667+00:00
staging,raw_idp_mesures_qualite_globale_2024,492,,492,IDP_MESURE_GLOBAL,,,,,SPATIAL_NEAREST_25M,0.0,,5,MISSING_GEOMETRY,True,Geometrie source absente.,e60088e9-cf94-4e41-ae65-a5390866b4b8,2026-05-19T17:00:26.089667+00:00
staging,raw_idp_mesures_qualite_globale_2024,493,,493,IDP_MESURE_GLOBAL,,,,,SPATIAL_NEAREST_25M,0.0,,5,MISSING_GEOMETRY,True,Geometrie source absente.,e60088e9-cf94-4e41-ae65-a5390866b4b8,2026-05-19T17:00:26.089667+00:00
staging,raw_idp_mesures_qualite_globale_2024,494,,494,IDP_MESURE_GLOBAL,,,,,SPATIAL_NEAREST_25M,0.0,,5,MISSING_GEOMETRY,True,Geometrie source absente.,e60088e9-cf94-4e41-ae65-a5390866b4b8,2026-05-19T17:00:26.089667+00:00
staging,raw_idp_mesures_qualite_globale_2024,495,,495,IDP_MESURE_GLOBAL,,,,,SPATIAL_NEAREST_25M,0.0,,5,MISSING_GEOMETRY,True,Geometrie source absente.,e60088e9-cf94-4e41-ae65-a5390866b4b8,2026-05-19T17:00:26.089667+00:00
staging,raw_idp_mesures_qualite_globale_2024,496,,496,IDP_MESURE_GLOBAL,,,,,SPATIAL_NEAREST_25M,0.0,,5,MISSING_GEOMETRY,True,Geometrie source absente.,e60088e9-cf94-4e41-ae65-a5390866b4b8,2026-05-19T17:00:26.089667+00:00
staging,raw_idp_mesures_qualite_globale_2024,497,,497,IDP_MESURE_GLOBAL,,,,,SPATIAL_NEAREST_25M,0.0,,5,MISSING_GEOMETRY,True,Geometrie source absente.,e60088e9-cf94-4e41-ae65-a5390866b4b8,2026-05-19T17:00:26.089667+00:00
staging,raw_idp_mesures_qualite_globale_2024,498,,498,IDP_MESURE_GLOBAL,,,,,SPATIAL_NEAREST_25M,0.0,,5,MISSING_GEOMETRY,True,Geometrie source absente.,e60088e9-cf94-4e41-ae65-a5390866b4b8,2026-05-19T17:00:26.089667+00:00
staging,raw_idp_mesures_qualite_globale_2024,499,,499,IDP_MESURE_GLOBAL,,,,,SPATIAL_NEAREST_25M,0.0,,5,MISSING_GEOMETRY,True,Geometrie source absente.,e60088e9-cf94-4e41-ae65-a5390866b4b8,2026-05-19T17:00:26.089667+00:00
staging,raw_idp_mesures_qualite_globale_2024,500,,500,IDP_MESURE_GLOBAL,,,,,SPATIAL_NEAREST_25M,0.0,,5,MISSING_GEOMETRY,True,Geometrie source absente.,e60088e9-cf94-4e41-ae65-a5390866b4b8,2026-05-19T17:00:26.089667+00:00
staging,raw_idp_mesures_qualite_globale_2024,501,,501,IDP_MESURE_GLOBAL,,,,,SPATIAL_NEAREST_25M,0.0,,5,MISSING_GEOMETRY,True,Geometrie source absente.,e60088e9-cf94-4e41-ae65-a5390866b4b8,2026-05-19T17:00:26.089667+00:00
staging,raw_idp_mesures_qualite_globale_2024,502,,502,IDP_MESURE_GLOBAL,,,,,SPATIAL_NEAREST_25M,0.0,,5,MISSING_GEOMETRY,True,Geometrie source absente.,e60088e9-cf94-4e41-ae65-a5390866b4b8,2026-05-19T17:00:26.089667+00:00
staging,raw_idp_mesures_qualite_globale_2024,503,,503,IDP_MESURE_GLOBAL,,,,,SPATIAL_NEAREST_25M,0.0,,5,MISSING_GEOMETRY,True,Geometrie source absente.,e60088e9-cf94-4e41-ae65-a5390866b4b8,2026-05-19T17:00:26.089667+00:00
staging,raw_idp_mesures_qualite_globale_2024,504,,504,IDP_MESURE_GLOBAL,,,,,SPATIAL_NEAREST_25M,0.0,,5,MISSING_GEOMETRY,True,Geometrie source absente.,e60088e9-cf94-4e41-ae65-a5390866b4b8,2026-05-19T17:00:26.089667+00:00
staging,raw_idp_mesures_qualite_globale_2024,505,,505,IDP_MESURE_GLOBAL,,,,,SPATIAL_NEAREST_25M,0.0,,5,MISSING_GEOMETRY,True,Geometrie source absente.,e60088e9-cf94-4e41-ae65-a5390866b4b8,2026-05-19T17:00:26.089667+00:00
staging,raw_idp_mesures_qualite_globale_2024,506,,506,IDP_MESURE_GLOBAL,,,,,SPATIAL_NEAREST_25M,0.0,,5,MISSING_GEOMETRY,True,Geometrie source absente.,e60088e9-cf94-4e41-ae65-a5390866b4b8,2026-05-19T17:00:26.089667+00:00
staging,raw_idp_mesures_qualite_globale_2024,507,,507,IDP_MESURE_GLOBAL,,,,,SPATIAL_NEAREST_25M,0.0,,5,MISSING_GEOMETRY,True,Geometrie source absente.,e60088e9-cf94-4e41-ae65-a5390866b4b8,2026-05-19T17:00:26.089667+00:00
staging,raw_idp_mesures_qualite_globale_2024,508,,508,IDP_MESURE_GLOBAL,,,,,SPATIAL_NEAREST_25M,0.0,,5,MISSING_GEOMETRY,True,Geometrie source absente.,e60088e9-cf94-4e41-ae65-a5390866b4b8,2026-05-19T17:00:26.089667+00:00
staging,raw_idp_mesures_qualite_globale_2024,509,,509,IDP_MESURE_GLOBAL,,,,,SPATIAL_NEAREST_25M,0.0,,5,MISSING_GEOMETRY,True,Geometrie source absente.,e60088e9-cf94-4e41-ae65-a5390866b4b8,2026-05-19T17:00:26.089667+00:00
staging,raw_idp_mesures_qualite_globale_2024,510,,510,IDP_MESURE_GLOBAL,,,,,SPATIAL_NEAREST_25M,0.0,,5,MISSING_GEOMETRY,True,Geometrie source absente.,e60088e9-cf94-4e41-ae65-a5390866b4b8,2026-05-19T17:00:26.089667+00:00
staging,raw_idp_mesures_qualite_globale_2024,511,,511,IDP_MESURE_GLOBAL,,,,,SPATIAL_NEAREST_25M,0.0,,5,MISSING_GEOMETRY,True,Geometrie source absente.,e60088e9-cf94-4e41-ae65-a5390866b4b8,2026-05-19T17:00:26.089667+00:00
staging,raw_idp_mesures_qualite_globale_2024,512,,512,IDP_MESURE_GLOBAL,,,,,SPATIAL_NEAREST_25M,0.0,,5,MISSING_GEOMETRY,True,Geometrie source absente.,e60088e9-cf94-4e41-ae65-a5390866b4b8,2026-05-19T17:00:26.089667+00:00
staging,raw_idp_mesures_qualite_globale_2024,513,,513,IDP_MESURE_GLOBAL,,,,,SPATIAL_NEAREST_25M,0.0,,5,MISSING_GEOMETRY,True,Geometrie source absente.,e60088e9-cf94-4e41-ae65-a5390866b4b8,2026-05-19T17:00:26.089667+00:00
staging,raw_idp_mesures_qualite_globale_2024,514,,514,IDP_MESURE_GLOBAL,,,,,SPATIAL_NEAREST_25M,0.0,,5,MISSING_GEOMETRY,True,Geometrie source absente.,e60088e9-cf94-4e41-ae65-a5390866b4b8,2026-05-19T17:00:26.089667+00:00
staging,raw_idp_mesures_qualite_globale_2024,515,,515,IDP_MESURE_GLOBAL,,,,,SPATIAL_NEAREST_25M,0.0,,5,MISSING_GEOMETRY,True,Geometrie source absente.,e60088e9-cf94-4e41-ae65-a5390866b4b8,2026-05-19T17:00:26.089667+00:00
staging,raw_idp_mesures_qualite_globale_2024,516,,516,IDP_MESURE_GLOBAL,,,,,SPATIAL_NEAREST_25M,0.0,,5,MISSING_GEOMETRY,True,Geometrie source absente.,e60088e9-cf94-4e41-ae65-a5390866b4b8,2026-05-19T17:00:26.089667+00:00
staging,raw_idp_mesures_qualite_globale_2024,517,,517,IDP_MESURE_GLOBAL,,,,,SPATIAL_NEAREST_25M,0.0,,5,MISSING_GEOMETRY,True,Geometrie source absente.,e60088e9-cf94-4e41-ae65-a5390866b4b8,2026-05-19T17:00:26.089667+00:00
staging,raw_idp_mesures_qualite_globale_2024,518,,518,IDP_MESURE_GLOBAL,,,,,SPATIAL_NEAREST_25M,0.0,,5,MISSING_GEOMETRY,True,Geometrie source absente.,e60088e9-cf94-4e41-ae65-a5390866b4b8,2026-05-19T17:00:26.089667+00:00
staging,raw_idp_mesures_qualite_globale_2024,519,,519,IDP_MESURE_GLOBAL,,,,,SPATIAL_NEAREST_25M,0.0,,5,MISSING_GEOMETRY,True,Geometrie source absente.,e60088e9-cf94-4e41-ae65-a5390866b4b8,2026-05-19T17:00:26.089667+00:00
staging,raw_idp_mesures_qualite_globale_2024,520,,520,IDP_MESURE_GLOBAL,,,,,SPATIAL_NEAREST_25M,0.0,,5,MISSING_GEOMETRY,True,Geometrie source absente.,e60088e9-cf94-4e41-ae65-a5390866b4b8,2026-05-19T17:00:26.089667+00:00
staging,raw_idp_mesures_qualite_globale_2024,521,,521,IDP_MESURE_GLOBAL,,,,,SPATIAL_NEAREST_25M,0.0,,5,MISSING_GEOMETRY,True,Geometrie source absente.,e60088e9-cf94-4e41-ae65-a5390866b4b8,2026-05-19T17:00:26.089667+00:00
staging,raw_idp_mesures_qualite_globale_2024,522,,522,IDP_MESURE_GLOBAL,,,,,SPATIAL_NEAREST_25M,0.0,,5,MISSING_GEOMETRY,True,Geometrie source absente.,e60088e9-cf94-4e41-ae65-a5390866b4b8,2026-05-19T17:00:26.089667+00:00
staging,raw_idp_mesures_qualite_globale_2024,523,,523,IDP_MESURE_GLOBAL,,,,,SPATIAL_NEAREST_25M,0.0,,5,MISSING_GEOMETRY,True,Geometrie source absente.,e60088e9-cf94-4e41-ae65-a5390866b4b8,2026-05-19T17:00:26.089667+00:00
staging,raw_idp_mesures_qualite_globale_2024,524,,524,IDP_MESURE_GLOBAL,,,,,SPATIAL_NEAREST_25M,0.0,,5,MISSING_GEOMETRY,True,Geometrie source absente.,e60088e9-cf94-4e41-ae65-a5390866b4b8,2026-05-19T17:00:26.089667+00:00
staging,raw_idp_mesures_qualite_globale_2024,525,,525,IDP_MESURE_GLOBAL,,,,,SPATIAL_NEAREST_25M,0.0,,5,MISSING_GEOMETRY,True,Geometrie source absente.,e60088e9-cf94-4e41-ae65-a5390866b4b8,2026-05-19T17:00:26.089667+00:00
staging,raw_idp_mesures_qualite_globale_2024,526,,526,IDP_MESURE_GLOBAL,,,,,SPATIAL_NEAREST_25M,0.0,,5,MISSING_GEOMETRY,True,Geometrie source absente.,e60088e9-cf94-4e41-ae65-a5390866b4b8,2026-05-19T17:00:26.089667+00:00
staging,raw_idp_mesures_qualite_globale_2024,527,,527,IDP_MESURE_GLOBAL,,,,,SPATIAL_NEAREST_25M,0.0,,5,MISSING_GEOMETRY,True,Geometrie source absente.,e60088e9-cf94-4e41-ae65-a5390866b4b8,2026-05-19T17:00:26.089667+00:00
staging,raw_idp_mesures_qualite_globale_2024,528,,528,IDP_MESURE_GLOBAL,,,,,SPATIAL_NEAREST_25M,0.0,,5,MISSING_GEOMETRY,True,Geometrie source absente.,e60088e9-cf94-4e41-ae65-a5390866b4b8,2026-05-19T17:00:26.089667+00:00
staging,raw_idp_mesures_qualite_globale_2024,529,,529,IDP_MESURE_GLOBAL,,,,,SPATIAL_NEAREST_25M,0.0,,5,MISSING_GEOMETRY,True,Geometrie source absente.,e60088e9-cf94-4e41-ae65-a5390866b4b8,2026-05-19T17:00:26.089667+00:00
staging,raw_idp_mesures_qualite_globale_2024,530,,530,IDP_MESURE_GLOBAL,,,,,SPATIAL_NEAREST_25M,0.0,,5,MISSING_GEOMETRY,True,Geometrie source absente.,e60088e9-cf94-4e41-ae65-a5390866b4b8,2026-05-19T17:00:26.089667+00:00
staging,raw_idp_mesures_qualite_globale_2024,531,,531,IDP_MESURE_GLOBAL,,,,,SPATIAL_NEAREST_25M,0.0,,5,MISSING_GEOMETRY,True,Geometrie source absente.,e60088e9-cf94-4e41-ae65-a5390866b4b8,2026-05-19T17:00:26.089667+00:00
staging,raw_idp_mesures_qualite_globale_2024,532,,532,IDP_MESURE_GLOBAL,,,,,SPATIAL_NEAREST_25M,0.0,,5,MISSING_GEOMETRY,True,Geometrie source absente.,e60088e9-cf94-4e41-ae65-a5390866b4b8,2026-05-19T17:00:26.089667+00:00
staging,raw_idp_mesures_qualite_globale_2024,533,,533,IDP_MESURE_GLOBAL,,,,,SPATIAL_NEAREST_25M,0.0,,5,MISSING_GEOMETRY,True,Geometrie source absente.,e60088e9-cf94-4e41-ae65-a5390866b4b8,2026-05-19T17:00:26.089667+00:00
staging,raw_idp_mesures_qualite_globale_2024,534,,534,IDP_MESURE_GLOBAL,,,,,SPATIAL_NEAREST_25M,0.0,,5,MISSING_GEOMETRY,True,Geometrie source absente.,e60088e9-cf94-4e41-ae65-a5390866b4b8,2026-05-19T17:00:26.089667+00:00
staging,raw_idp_mesures_qualite_globale_2024,535,,535,IDP_MESURE_GLOBAL,,,,,SPATIAL_NEAREST_25M,0.0,,5,MISSING_GEOMETRY,True,Geometrie source absente.,e60088e9-cf94-4e41-ae65-a5390866b4b8,2026-05-19T17:00:26.089667+00:00
staging,raw_idp_mesures_qualite_globale_2024,536,,536,IDP_MESURE_GLOBAL,,,,,SPATIAL_NEAREST_25M,0.0,,5,MISSING_GEOMETRY,True,Geometrie source absente.,e60088e9-cf94-4e41-ae65-a5390866b4b8,2026-05-19T17:00:26.089667+00:00
staging,raw_idp_mesures_qualite_globale_2024,537,,537,IDP_MESURE_GLOBAL,,,,,SPATIAL_NEAREST_25M,0.0,,5,MISSING_GEOMETRY,True,Geometrie source absente.,e60088e9-cf94-4e41-ae65-a5390866b4b8,2026-05-19T17:00:26.089667+00:00
staging,raw_idp_mesures_qualite_globale_2024,538,,538,IDP_MESURE_GLOBAL,,,,,SPATIAL_NEAREST_25M,0.0,,5,MISSING_GEOMETRY,True,Geometrie source absente.,e60088e9-cf94-4e41-ae65-a5390866b4b8,2026-05-19T17:00:26.089667+00:00
staging,raw_idp_mesures_qualite_globale_2024,539,,539,IDP_MESURE_GLOBAL,,,,,SPATIAL_NEAREST_25M,0.0,,5,MISSING_GEOMETRY,True,Geometrie source absente.,e60088e9-cf94-4e41-ae65-a5390866b4b8,2026-05-19T17:00:26.089667+00:00
staging,raw_idp_mesures_qualite_globale_2024,540,,540,IDP_MESURE_GLOBAL,,,,,SPATIAL_NEAREST_25M,0.0,,5,MISSING_GEOMETRY,True,Geometrie source absente.,e60088e9-cf94-4e41-ae65-a5390866b4b8,2026-05-19T17:00:26.089667+00:00
staging,raw_idp_mesures_qualite_globale_2024,541,,541,IDP_MESURE_GLOBAL,,,,,SPATIAL_NEAREST_25M,0.0,,5,MISSING_GEOMETRY,True,Geometrie source absente.,e60088e9-cf94-4e41-ae65-a5390866b4b8,2026-05-19T17:00:26.089667+00:00
staging,raw_idp_mesures_qualite_globale_2024,789,,789,IDP_MESURE_GLOBAL,,,,,SPATIAL_NEAREST_25M,0.0,,5,MISSING_GEOMETRY,True,Geometrie source absente.,e60088e9-cf94-4e41-ae65-a5390866b4b8,2026-05-19T17:00:26.089667+00:00
staging,raw_idp_mesures_qualite_globale_2024,647,,775,IDP_MESURE_GLOBAL,,,,,SPATIAL_NEAREST_25M,0.0,,5,MISSING_GEOMETRY,True,Geometrie source absente.,e60088e9-cf94-4e41-ae65-a5390866b4b8,2026-05-19T17:00:26.089667+00:00
staging,raw_idp_mesures_qualite_globale_2024,689,,776,IDP_MESURE_GLOBAL,,,,,SPATIAL_NEAREST_25M,0.0,,5,MISSING_GEOMETRY,True,Geometrie source absente.,e60088e9-cf94-4e41-ae65-a5390866b4b8,2026-05-19T17:00:26.089667+00:00
staging,raw_idp_mesures_qualite_globale_2024,769,,767,IDP_MESURE_GLOBAL,,,,,SPATIAL_NEAREST_25M,0.0,,5,MISSING_GEOMETRY,True,Geometrie source absente.,e60088e9-cf94-4e41-ae65-a5390866b4b8,2026-05-19T17:00:26.089667+00:00
staging,raw_idp_mesures_qualite_globale_2024,770,,768,IDP_MESURE_GLOBAL,,,,,SPATIAL_NEAREST_25M,0.0,,5,MISSING_GEOMETRY,True,Geometrie source absente.,e60088e9-cf94-4e41-ae65-a5390866b4b8,2026-05-19T17:00:26.089667+00:00
staging,raw_idp_mesures_qualite_globale_2024,771,,769,IDP_MESURE_GLOBAL,,,,,SPATIAL_NEAREST_25M,0.0,,5,MISSING_GEOMETRY,True,Geometrie source absente.,e60088e9-cf94-4e41-ae65-a5390866b4b8,2026-05-19T17:00:26.089667+00:00
staging,raw_idp_mesures_qualite_globale_2024,772,,770,IDP_MESURE_GLOBAL,,,,,SPATIAL_NEAREST_25M,0.0,,5,MISSING_GEOMETRY,True,Geometrie source absente.,e60088e9-cf94-4e41-ae65-a5390866b4b8,2026-05-19T17:00:26.089667+00:00
staging,raw_idp_mesures_qualite_globale_2024,773,,771,IDP_MESURE_GLOBAL,,,,,SPATIAL_NEAREST_25M,0.0,,5,MISSING_GEOMETRY,True,Geometrie source absente.,e60088e9-cf94-4e41-ae65-a5390866b4b8,2026-05-19T17:00:26.089667+00:00
staging,raw_idp_mesures_qualite_globale_2024,774,,772,IDP_MESURE_GLOBAL,,,,,SPATIAL_NEAREST_25M,0.0,,5,MISSING_GEOMETRY,True,Geometrie source absente.,e60088e9-cf94-4e41-ae65-a5390866b4b8,2026-05-19T17:00:26.089667+00:00
staging,raw_idp_mesures_qualite_globale_2024,775,,773,IDP_MESURE_GLOBAL,,,,,SPATIAL_NEAREST_25M,0.0,,5,MISSING_GEOMETRY,True,Geometrie source absente.,e60088e9-cf94-4e41-ae65-a5390866b4b8,2026-05-19T17:00:26.089667+00:00
staging,raw_idp_mesures_qualite_globale_2024,776,,774,IDP_MESURE_GLOBAL,,,,,SPATIAL_NEAREST_25M,0.0,,5,MISSING_GEOMETRY,True,Geometrie source absente.,e60088e9-cf94-4e41-ae65-a5390866b4b8,2026-05-19T17:00:26.089667+00:00
staging,raw_idp_mesures_qualite_globale_2024,777,,777,IDP_MESURE_GLOBAL,,,,,SPATIAL_NEAREST_25M,0.0,,5,MISSING_GEOMETRY,True,Geometrie source absente.,e60088e9-cf94-4e41-ae65-a5390866b4b8,2026-05-19T17:00:26.089667+00:00
staging,raw_idp_mesures_qualite_globale_2024,778,,778,IDP_MESURE_GLOBAL,,,,,SPATIAL_NEAREST_25M,0.0,,5,MISSING_GEOMETRY,True,Geometrie source absente.,e60088e9-cf94-4e41-ae65-a5390866b4b8,2026-05-19T17:00:26.089667+00:00
staging,raw_idp_mesures_qualite_globale_2024,779,,779,IDP_MESURE_GLOBAL,,,,,SPATIAL_NEAREST_25M,0.0,,5,MISSING_GEOMETRY,True,Geometrie source absente.,e60088e9-cf94-4e41-ae65-a5390866b4b8,2026-05-19T17:00:26.089667+00:00
staging,raw_idp_mesures_qualite_globale_2024,780,,780,IDP_MESURE_GLOBAL,,,,,SPATIAL_NEAREST_25M,0.0,,5,MISSING_GEOMETRY,True,Geometrie source absente.,e60088e9-cf94-4e41-ae65-a5390866b4b8,2026-05-19T17:00:26.089667+00:00
staging,raw_idp_mesures_qualite_globale_2024,781,,781,IDP_MESURE_GLOBAL,,,,,SPATIAL_NEAREST_25M,0.0,,5,MISSING_GEOMETRY,True,Geometrie source absente.,e60088e9-cf94-4e41-ae65-a5390866b4b8,2026-05-19T17:00:26.089667+00:00
staging,raw_idp_mesures_qualite_globale_2024,782,,782,IDP_MESURE_GLOBAL,,,,,SPATIAL_NEAREST_25M,0.0,,5,MISSING_GEOMETRY,True,Geometrie source absente.,e60088e9-cf94-4e41-ae65-a5390866b4b8,2026-05-19T17:00:26.089667+00:00
staging,raw_idp_mesures_qualite_globale_2024,783,,783,IDP_MESURE_GLOBAL,,,,,SPATIAL_NEAREST_25M,0.0,,5,MISSING_GEOMETRY,True,Geometrie source absente.,e60088e9-cf94-4e41-ae65-a5390866b4b8,2026-05-19T17:00:26.089667+00:00
staging,raw_idp_mesures_qualite_globale_2024,784,,784,IDP_MESURE_GLOBAL,,,,,SPATIAL_NEAREST_25M,0.0,,5,MISSING_GEOMETRY,True,Geometrie source absente.,e60088e9-cf94-4e41-ae65-a5390866b4b8,2026-05-19T17:00:26.089667+00:00
staging,raw_idp_mesures_qualite_globale_2024,785,,785,IDP_MESURE_GLOBAL,,,,,SPATIAL_NEAREST_25M,0.0,,5,MISSING_GEOMETRY,True,Geometrie source absente.,e60088e9-cf94-4e41-ae65-a5390866b4b8,2026-05-19T17:00:26.089667+00:00
staging,raw_idp_mesures_qualite_globale_2024,786,,786,IDP_MESURE_GLOBAL,,,,,SPATIAL_NEAREST_25M,0.0,,5,MISSING_GEOMETRY,True,Geometrie source absente.,e60088e9-cf94-4e41-ae65-a5390866b4b8,2026-05-19T17:00:26.089667+00:00
staging,raw_idp_mesures_qualite_globale_2024,787,,787,IDP_MESURE_GLOBAL,,,,,SPATIAL_NEAREST_25M,0.0,,5,MISSING_GEOMETRY,True,Geometrie source absente.,e60088e9-cf94-4e41-ae65-a5390866b4b8,2026-05-19T17:00:26.089667+00:00
staging,raw_idp_mesures_qualite_globale_2024,788,,788,IDP_MESURE_GLOBAL,,,,,SPATIAL_NEAREST_25M,0.0,,5,MISSING_GEOMETRY,True,Geometrie source absente.,e60088e9-cf94-4e41-ae65-a5390866b4b8,2026-05-19T17:00:26.089667+00:00
staging,raw_idp_mesures_qualite_globale_2024,790,,790,IDP_MESURE_GLOBAL,,,,,SPATIAL_NEAREST_25M,0.0,,5,MISSING_GEOMETRY,True,Geometrie source absente.,e60088e9-cf94-4e41-ae65-a5390866b4b8,2026-05-19T17:00:26.089667+00:00
staging,raw_idp_mesures_qualite_globale_2024,791,,791,IDP_MESURE_GLOBAL,,,,,SPATIAL_NEAREST_25M,0.0,,5,MISSING_GEOMETRY,True,Geometrie source absente.,e60088e9-cf94-4e41-ae65-a5390866b4b8,2026-05-19T17:00:26.089667+00:00
staging,raw_idp_mesures_qualite_globale_2024,792,,792,IDP_MESURE_GLOBAL,,,,,SPATIAL_NEAREST_25M,0.0,,5,MISSING_GEOMETRY,True,Geometrie source absente.,e60088e9-cf94-4e41-ae65-a5390866b4b8,2026-05-19T17:00:26.089667+00:00
staging,raw_idp_mesures_qualite_globale_2024,793,,793,IDP_MESURE_GLOBAL,,,,,SPATIAL_NEAREST_25M,0.0,,5,MISSING_GEOMETRY,True,Geometrie source absente.,e60088e9-cf94-4e41-ae65-a5390866b4b8,2026-05-19T17:00:26.089667+00:00
staging,raw_idp_mesures_qualite_globale_2024,794,,794,IDP_MESURE_GLOBAL,,,,,SPATIAL_NEAREST_25M,0.0,,5,MISSING_GEOMETRY,True,Geometrie source absente.,e60088e9-cf94-4e41-ae65-a5390866b4b8,2026-05-19T17:00:26.089667+00:00
staging,raw_idp_mesures_qualite_globale_2024,795,,795,IDP_MESURE_GLOBAL,,,,,SPATIAL_NEAREST_25M,0.0,,5,MISSING_GEOMETRY,True,Geometrie source absente.,e60088e9-cf94-4e41-ae65-a5390866b4b8,2026-05-19T17:00:26.089667+00:00
staging,raw_idp_mesures_qualite_globale_2024,796,,796,IDP_MESURE_GLOBAL,,,,,SPATIAL_NEAREST_25M,0.0,,5,MISSING_GEOMETRY,True,Geometrie source absente.,e60088e9-cf94-4e41-ae65-a5390866b4b8,2026-05-19T17:00:26.089667+00:00
staging,raw_idp_mesures_qualite_globale_2024,797,,797,IDP_MESURE_GLOBAL,,,,,SPATIAL_NEAREST_25M,0.0,,5,MISSING_GEOMETRY,True,Geometrie source absente.,e60088e9-cf94-4e41-ae65-a5390866b4b8,2026-05-19T17:00:26.089667+00:00
staging,raw_idp_mesures_qualite_globale_2024,798,,798,IDP_MESURE_GLOBAL,,,,,SPATIAL_NEAREST_25M,0.0,,5,MISSING_GEOMETRY,True,Geometrie source absente.,e60088e9-cf94-4e41-ae65-a5390866b4b8,2026-05-19T17:00:26.089667+00:00
staging,raw_idp_mesures_qualite_globale_2024,799,,799,IDP_MESURE_GLOBAL,,,,,SPATIAL_NEAREST_25M,0.0,,5,MISSING_GEOMETRY,True,Geometrie source absente.,e60088e9-cf94-4e41-ae65-a5390866b4b8,2026-05-19T17:00:26.089667+00:00
staging,raw_idp_mesures_qualite_globale_2024,800,,800,IDP_MESURE_GLOBAL,,,,,SPATIAL_NEAREST_25M,0.0,,5,MISSING_GEOMETRY,True,Geometrie source absente.,e60088e9-cf94-4e41-ae65-a5390866b4b8,2026-05-19T17:00:26.089667+00:00
staging,raw_idp_mesures_qualite_globale_2024,801,,801,IDP_MESURE_GLOBAL,,,,,SPATIAL_NEAREST_25M,0.0,,5,MISSING_GEOMETRY,True,Geometrie source absente.,e60088e9-cf94-4e41-ae65-a5390866b4b8,2026-05-19T17:00:26.089667+00:00
staging,raw_idp_mesures_qualite_globale_2024,802,,802,IDP_MESURE_GLOBAL,,,,,SPATIAL_NEAREST_25M,0.0,,5,MISSING_GEOMETRY,True,Geometrie source absente.,e60088e9-cf94-4e41-ae65-a5390866b4b8,2026-05-19T17:00:26.089667+00:00
staging,raw_idp_mesures_qualite_globale_2024,803,,803,IDP_MESURE_GLOBAL,,,,,SPATIAL_NEAREST_25M,0.0,,5,MISSING_GEOMETRY,True,Geometrie source absente.,e60088e9-cf94-4e41-ae65-a5390866b4b8,2026-05-19T17:00:26.089667+00:00
staging,raw_idp_mesures_qualite_globale_2024,804,,804,IDP_MESURE_GLOBAL,,,,,SPATIAL_NEAREST_25M,0.0,,5,MISSING_GEOMETRY,True,Geometrie source absente.,e60088e9-cf94-4e41-ae65-a5390866b4b8,2026-05-19T17:00:26.089667+00:00
staging,raw_idp_mesures_qualite_globale_2024,805,,805,IDP_MESURE_GLOBAL,,,,,SPATIAL_NEAREST_25M,0.0,,5,MISSING_GEOMETRY,True,Geometrie source absente.,e60088e9-cf94-4e41-ae65-a5390866b4b8,2026-05-19T17:00:26.089667+00:00
staging,raw_idp_mesures_qualite_globale_2024,806,,806,IDP_MESURE_GLOBAL,,,,,SPATIAL_NEAREST_25M,0.0,,5,MISSING_GEOMETRY,True,Geometrie source absente.,e60088e9-cf94-4e41-ae65-a5390866b4b8,2026-05-19T17:00:26.089667+00:00
staging,raw_idp_mesures_qualite_globale_2024,807,,807,IDP_MESURE_GLOBAL,,,,,SPATIAL_NEAREST_25M,0.0,,5,MISSING_GEOMETRY,True,Geometrie source absente.,e60088e9-cf94-4e41-ae65-a5390866b4b8,2026-05-19T17:00:26.089667+00:00
staging,raw_idp_mesures_qualite_globale_2024,808,,808,IDP_MESURE_GLOBAL,,,,,SPATIAL_NEAREST_25M,0.0,,5,MISSING_GEOMETRY,True,Geometrie source absente.,e60088e9-cf94-4e41-ae65-a5390866b4b8,2026-05-19T17:00:26.089667+00:00
staging,raw_idp_mesures_qualite_globale_2024,809,,809,IDP_MESURE_GLOBAL,,,,,SPATIAL_NEAREST_25M,0.0,,5,MISSING_GEOMETRY,True,Geometrie source absente.,e60088e9-cf94-4e41-ae65-a5390866b4b8,2026-05-19T17:00:26.089667+00:00
staging,raw_idp_mesures_qualite_globale_2024,810,,810,IDP_MESURE_GLOBAL,,,,,SPATIAL_NEAREST_25M,0.0,,5,MISSING_GEOMETRY,True,Geometrie source absente.,e60088e9-cf94-4e41-ae65-a5390866b4b8,2026-05-19T17:00:26.089667+00:00
staging,raw_idp_mesures_qualite_globale_2024,811,,811,IDP_MESURE_GLOBAL,,,,,SPATIAL_NEAREST_25M,0.0,,5,MISSING_GEOMETRY,True,Geometrie source absente.,e60088e9-cf94-4e41-ae65-a5390866b4b8,2026-05-19T17:00:26.089667+00:00
staging,raw_idp_mesures_qualite_globale_2024,812,,812,IDP_MESURE_GLOBAL,,,,,SPATIAL_NEAREST_25M,0.0,,5,MISSING_GEOMETRY,True,Geometrie source absente.,e60088e9-cf94-4e41-ae65-a5390866b4b8,2026-05-19T17:00:26.089667+00:00
staging,raw_idp_mesures_qualite_globale_2024,813,,813,IDP_MESURE_GLOBAL,,,,,SPATIAL_NEAREST_25M,0.0,,5,MISSING_GEOMETRY,True,Geometrie source absente.,e60088e9-cf94-4e41-ae65-a5390866b4b8,2026-05-19T17:00:26.089667+00:00
staging,raw_idp_mesures_qualite_globale_2024,814,,814,IDP_MESURE_GLOBAL,,,,,SPATIAL_NEAREST_25M,0.0,,5,MISSING_GEOMETRY,True,Geometrie source absente.,e60088e9-cf94-4e41-ae65-a5390866b4b8,2026-05-19T17:00:26.089667+00:00
staging,raw_idp_mesures_qualite_globale_2024,815,,815,IDP_MESURE_GLOBAL,,,,,SPATIAL_NEAREST_25M,0.0,,5,MISSING_GEOMETRY,True,Geometrie source absente.,e60088e9-cf94-4e41-ae65-a5390866b4b8,2026-05-19T17:00:26.089667+00:00
staging,raw_idp_mesures_qualite_globale_2024,816,,816,IDP_MESURE_GLOBAL,,,,,SPATIAL_NEAREST_25M,0.0,,5,MISSING_GEOMETRY,True,Geometrie source absente.,e60088e9-cf94-4e41-ae65-a5390866b4b8,2026-05-19T17:00:26.089667+00:00
staging,raw_idp_mesures_qualite_globale_2024,817,,817,IDP_MESURE_GLOBAL,,,,,SPATIAL_NEAREST_25M,0.0,,5,MISSING_GEOMETRY,True,Geometrie source absente.,e60088e9-cf94-4e41-ae65-a5390866b4b8,2026-05-19T17:00:26.089667+00:00
staging,raw_idp_mesures_qualite_globale_2024,818,,818,IDP_MESURE_GLOBAL,,,,,SPATIAL_NEAREST_25M,0.0,,5,MISSING_GEOMETRY,True,Geometrie source absente.,e60088e9-cf94-4e41-ae65-a5390866b4b8,2026-05-19T17:00:26.089667+00:00
staging,raw_idp_mesures_qualite_globale_2024,819,,819,IDP_MESURE_GLOBAL,,,,,SPATIAL_NEAREST_25M,0.0,,5,MISSING_GEOMETRY,True,Geometrie source absente.,e60088e9-cf94-4e41-ae65-a5390866b4b8,2026-05-19T17:00:26.089667+00:00
staging,raw_idp_mesures_qualite_globale_2024,820,,820,IDP_MESURE_GLOBAL,,,,,SPATIAL_NEAREST_25M,0.0,,5,MISSING_GEOMETRY,True,Geometrie source absente.,e60088e9-cf94-4e41-ae65-a5390866b4b8,2026-05-19T17:00:26.089667+00:00
staging,raw_idp_mesures_qualite_globale_2024,821,,821,IDP_MESURE_GLOBAL,,,,,SPATIAL_NEAREST_25M,0.0,,5,MISSING_GEOMETRY,True,Geometrie source absente.,e60088e9-cf94-4e41-ae65-a5390866b4b8,2026-05-19T17:00:26.089667+00:00
staging,raw_idp_mesures_qualite_globale_2024,822,,822,IDP_MESURE_GLOBAL,,,,,SPATIAL_NEAREST_25M,0.0,,5,MISSING_GEOMETRY,True,Geometrie source absente.,e60088e9-cf94-4e41-ae65-a5390866b4b8,2026-05-19T17:00:26.089667+00:00
staging,raw_idp_mesures_qualite_globale_2024,823,,823,IDP_MESURE_GLOBAL,,,,,SPATIAL_NEAREST_25M,0.0,,5,MISSING_GEOMETRY,True,Geometrie source absente.,e60088e9-cf94-4e41-ae65-a5390866b4b8,2026-05-19T17:00:26.089667+00:00
staging,raw_idp_mesures_qualite_globale_2024,824,,824,IDP_MESURE_GLOBAL,,,,,SPATIAL_NEAREST_25M,0.0,,5,MISSING_GEOMETRY,True,Geometrie source absente.,e60088e9-cf94-4e41-ae65-a5390866b4b8,2026-05-19T17:00:26.089667+00:00
staging,raw_idp_mesures_qualite_globale_2024,825,,825,IDP_MESURE_GLOBAL,,,,,SPATIAL_NEAREST_25M,0.0,,5,MISSING_GEOMETRY,True,Geometrie source absente.,e60088e9-cf94-4e41-ae65-a5390866b4b8,2026-05-19T17:00:26.089667+00:00
staging,raw_idp_mesures_qualite_globale_2024,826,,826,IDP_MESURE_GLOBAL,,,,,SPATIAL_NEAREST_25M,0.0,,5,MISSING_GEOMETRY,True,Geometrie source absente.,e60088e9-cf94-4e41-ae65-a5390866b4b8,2026-05-19T17:00:26.089667+00:00
staging,raw_idp_mesures_qualite_globale_2024,827,,827,IDP_MESURE_GLOBAL,,,,,SPATIAL_NEAREST_25M,0.0,,5,MISSING_GEOMETRY,True,Geometrie source absente.,e60088e9-cf94-4e41-ae65-a5390866b4b8,2026-05-19T17:00:26.089667+00:00
staging,raw_idp_mesures_qualite_globale_2024,828,,828,IDP_MESURE_GLOBAL,,,,,SPATIAL_NEAREST_25M,0.0,,5,MISSING_GEOMETRY,True,Geometrie source absente.,e60088e9-cf94-4e41-ae65-a5390866b4b8,2026-05-19T17:00:26.089667+00:00
staging,raw_idp_mesures_qualite_globale_2024,829,,829,IDP_MESURE_GLOBAL,,,,,SPATIAL_NEAREST_25M,0.0,,5,MISSING_GEOMETRY,True,Geometrie source absente.,e60088e9-cf94-4e41-ae65-a5390866b4b8,2026-05-19T17:00:26.089667+00:00
staging,raw_idp_mesures_qualite_globale_2024,830,,830,IDP_MESURE_GLOBAL,,,,,SPATIAL_NEAREST_25M,0.0,,5,MISSING_GEOMETRY,True,Geometrie source absente.,e60088e9-cf94-4e41-ae65-a5390866b4b8,2026-05-19T17:00:26.089667+00:00
staging,raw_idp_mesures_qualite_globale_2024,831,,831,IDP_MESURE_GLOBAL,,,,,SPATIAL_NEAREST_25M,0.0,,5,MISSING_GEOMETRY,True,Geometrie source absente.,e60088e9-cf94-4e41-ae65-a5390866b4b8,2026-05-19T17:00:26.089667+00:00
staging,raw_idp_mesures_qualite_globale_2024,832,,832,IDP_MESURE_GLOBAL,,,,,SPATIAL_NEAREST_25M,0.0,,5,MISSING_GEOMETRY,True,Geometrie source absente.,e60088e9-cf94-4e41-ae65-a5390866b4b8,2026-05-19T17:00:26.089667+00:00
