table_source,id_ligne,date,code_source,nom_source,parametre,raison_orphelin,proposition_action
staging.raw_suivi_qualite_brg_garde_hebdo,1,2024-01-03,,,,code absent,"rattacher via referentiel si code corrige, sinon quarantaine"
staging.raw_suivi_qualite_brg_garde_hebdo,2,2024-01-03,,,,code absent,"rattacher via referentiel si code corrige, sinon quarantaine"
staging.raw_suivi_qualite_brg_garde_hebdo,3,2024-01-03,,,,code absent,"rattacher via referentiel si code corrige, sinon quarantaine"
staging.raw_suivi_qualite_brg_garde_hebdo,4,2024-01-03,,,,code absent,"rattacher via referentiel si code corrige, sinon quarantaine"
staging.raw_suivi_qualite_brg_garde_hebdo,5,2024-01-03,,,,code absent,"rattacher via referentiel si code corrige, sinon quarantaine"
staging.raw_suivi_qualite_brg_garde_hebdo,6,2024-01-03,,,,code absent,"rattacher via referentiel si code corrige, sinon quarantaine"
staging.raw_suivi_qualite_brg_garde_hebdo,7,2024-01-03,,,,code absent,"rattacher via referentiel si code corrige, sinon quarantaine"
staging.raw_suivi_qualite_brg_garde_hebdo,8,2024-01-03,,,,code absent,"rattacher via referentiel si code corrige, sinon quarantaine"
staging.raw_suivi_qualite_brg_garde_hebdo,9,2024-01-03,,,,code absent,"rattacher via referentiel si code corrige, sinon quarantaine"
staging.raw_suivi_qualite_brg_garde_hebdo,10,2024-01-03,,,,code absent,"rattacher via referentiel si code corrige, sinon quarantaine"
staging.raw_suivi_qualite_brg_garde_hebdo,11,2024-01-03,,,,code absent,"rattacher via referentiel si code corrige, sinon quarantaine"
staging.raw_suivi_qualite_brg_garde_hebdo,12,2024-01-03,,,,code absent,"rattacher via referentiel si code corrige, sinon quarantaine"
staging.raw_suivi_qualite_brg_garde_hebdo,13,2024-01-03,,,,code absent,"rattacher via referentiel si code corrige, sinon quarantaine"
staging.raw_suivi_qualite_brg_garde_hebdo,14,2024-01-03,,,,code absent,"rattacher via referentiel si code corrige, sinon quarantaine"
staging.raw_suivi_qualite_brg_garde_hebdo,15,2024-01-03,,,,code absent,"rattacher via referentiel si code corrige, sinon quarantaine"
staging.raw_suivi_qualite_brg_garde_hebdo,16,2024-01-03,,,,code absent,"rattacher via referentiel si code corrige, sinon quarantaine"
staging.raw_suivi_qualite_brg_garde_hebdo,17,2024-01-03,,,,code absent,"rattacher via referentiel si code corrige, sinon quarantaine"
staging.raw_suivi_qualite_brg_garde_hebdo,18,2024-01-03,,,,code absent,"rattacher via referentiel si code corrige, sinon quarantaine"
staging.raw_suivi_qualite_brg_garde_hebdo,19,2024-01-03,,,,code absent,"rattacher via referentiel si code corrige, sinon quarantaine"
staging.raw_suivi_qualite_brg_garde_hebdo,20,2024-01-03,,,,code absent,"rattacher via referentiel si code corrige, sinon quarantaine"
staging.raw_suivi_qualite_brg_garde_hebdo,21,2024-01-03,,,,code absent,"rattacher via referentiel si code corrige, sinon quarantaine"
staging.raw_suivi_qualite_brg_garde_hebdo,22,2024-01-03,,,,code absent,"rattacher via referentiel si code corrige, sinon quarantaine"
staging.raw_suivi_qualite_brg_garde_hebdo,23,2024-01-03,,,,code absent,"rattacher via referentiel si code corrige, sinon quarantaine"
staging.raw_suivi_qualite_brg_garde_hebdo,24,2024-01-03,,,,code absent,"rattacher via referentiel si code corrige, sinon quarantaine"
staging.raw_suivi_qualite_brg_garde_hebdo,25,2024-01-03,,,,code absent,"rattacher via referentiel si code corrige, sinon quarantaine"
staging.raw_suivi_qualite_brg_garde_hebdo,26,2024-01-03,,,,code absent,"rattacher via referentiel si code corrige, sinon quarantaine"
staging.raw_suivi_qualite_brg_garde_hebdo,27,2024-01-03,,,,code absent,"rattacher via referentiel si code corrige, sinon quarantaine"
staging.raw_suivi_qualite_brg_garde_hebdo,28,2024-01-03,,,,code absent,"rattacher via referentiel si code corrige, sinon quarantaine"
staging.raw_suivi_qualite_brg_garde_hebdo,29,2024-01-03,,,,code absent,"rattacher via referentiel si code corrige, sinon quarantaine"
staging.raw_suivi_qualite_brg_garde_hebdo,30,2024-01-03,,,,code absent,"rattacher via referentiel si code corrige, sinon quarantaine"
staging.raw_suivi_qualite_brg_garde_hebdo,31,2024-01-03,,,,code absent,"rattacher via referentiel si code corrige, sinon quarantaine"
staging.raw_suivi_qualite_brg_garde_hebdo,32,2024-01-03,,,,code absent,"rattacher via referentiel si code corrige, sinon quarantaine"
staging.raw_suivi_qualite_brg_garde_hebdo,33,2024-01-03,,,,code absent,"rattacher via referentiel si code corrige, sinon quarantaine"
staging.raw_suivi_qualite_brg_garde_hebdo,34,2024-01-03,,,,code absent,"rattacher via referentiel si code corrige, sinon quarantaine"
staging.raw_suivi_qualite_brg_garde_hebdo,35,2024-01-03,,,,code absent,"rattacher via referentiel si code corrige, sinon quarantaine"
staging.raw_suivi_qualite_brg_garde_hebdo,36,2024-01-03,,,,code absent,"rattacher via referentiel si code corrige, sinon quarantaine"
staging.raw_suivi_qualite_brg_garde_hebdo,37,2024-01-03,,,,code absent,"rattacher via referentiel si code corrige, sinon quarantaine"
staging.raw_suivi_qualite_brg_garde_hebdo,38,2024-01-03,,,,code absent,"rattacher via referentiel si code corrige, sinon quarantaine"
staging.raw_suivi_qualite_brg_garde_hebdo,39,2024-01-03,,,,code absent,"rattacher via referentiel si code corrige, sinon quarantaine"
staging.raw_suivi_qualite_brg_garde_hebdo,40,2024-01-10,,,,code absent,"rattacher via referentiel si code corrige, sinon quarantaine"
staging.raw_suivi_qualite_brg_garde_hebdo,41,2024-01-10,,,,code absent,"rattacher via referentiel si code corrige, sinon quarantaine"
staging.raw_suivi_qualite_brg_garde_hebdo,42,2024-01-10,,,,code absent,"rattacher via referentiel si code corrige, sinon quarantaine"
staging.raw_suivi_qualite_brg_garde_hebdo,43,2024-01-10,,,,code absent,"rattacher via referentiel si code corrige, sinon quarantaine"
staging.raw_suivi_qualite_brg_garde_hebdo,44,2024-01-10,,,,code absent,"rattacher via referentiel si code corrige, sinon quarantaine"
staging.raw_suivi_qualite_brg_garde_hebdo,45,2024-01-10,,,,code absent,"rattacher via referentiel si code corrige, sinon quarantaine"
staging.raw_suivi_qualite_brg_garde_hebdo,46,2024-01-10,,,,code absent,"rattacher via referentiel si code corrige, sinon quarantaine"
staging.raw_suivi_qualite_brg_garde_hebdo,47,2024-01-10,,,,code absent,"rattacher via referentiel si code corrige, sinon quarantaine"
staging.raw_suivi_qualite_brg_garde_hebdo,48,2024-01-10,,,,code absent,"rattacher via referentiel si code corrige, sinon quarantaine"
staging.raw_suivi_qualite_brg_garde_hebdo,49,2024-01-10,,,,code absent,"rattacher via referentiel si code corrige, sinon quarantaine"
staging.raw_suivi_qualite_brg_garde_hebdo,50,2024-01-10,,,,code absent,"rattacher via referentiel si code corrige, sinon quarantaine"
staging.raw_suivi_qualite_brg_garde_hebdo,51,2024-01-10,,,,code absent,"rattacher via referentiel si code corrige, sinon quarantaine"
staging.raw_suivi_qualite_brg_garde_hebdo,52,2024-01-10,,,,code absent,"rattacher via referentiel si code corrige, sinon quarantaine"
staging.raw_suivi_qualite_brg_garde_hebdo,53,2024-01-10,,,,code absent,"rattacher via referentiel si code corrige, sinon quarantaine"
staging.raw_suivi_qualite_brg_garde_hebdo,54,2024-01-10,,,,code absent,"rattacher via referentiel si code corrige, sinon quarantaine"
staging.raw_suivi_qualite_brg_garde_hebdo,55,2024-01-10,,,,code absent,"rattacher via referentiel si code corrige, sinon quarantaine"
staging.raw_suivi_qualite_brg_garde_hebdo,56,2024-01-10,,,,code absent,"rattacher via referentiel si code corrige, sinon quarantaine"
staging.raw_suivi_qualite_brg_garde_hebdo,57,2024-01-10,,,,code absent,"rattacher via referentiel si code corrige, sinon quarantaine"
staging.raw_suivi_qualite_brg_garde_hebdo,58,2024-01-10,,,,code absent,"rattacher via referentiel si code corrige, sinon quarantaine"
staging.raw_suivi_qualite_brg_garde_hebdo,59,2024-01-10,,,,code absent,"rattacher via referentiel si code corrige, sinon quarantaine"
staging.raw_suivi_qualite_brg_garde_hebdo,60,2024-01-10,,,,code absent,"rattacher via referentiel si code corrige, sinon quarantaine"
staging.raw_suivi_qualite_brg_garde_hebdo,61,2024-01-10,,,,code absent,"rattacher via referentiel si code corrige, sinon quarantaine"
staging.raw_suivi_qualite_brg_garde_hebdo,62,2024-01-10,,,,code absent,"rattacher via referentiel si code corrige, sinon quarantaine"
staging.raw_suivi_qualite_brg_garde_hebdo,63,2024-01-10,,,,code absent,"rattacher via referentiel si code corrige, sinon quarantaine"
staging.raw_suivi_qualite_brg_garde_hebdo,64,2024-01-10,,,,code absent,"rattacher via referentiel si code corrige, sinon quarantaine"
staging.raw_suivi_qualite_brg_garde_hebdo,65,2024-01-10,,,,code absent,"rattacher via referentiel si code corrige, sinon quarantaine"
staging.raw_suivi_qualite_brg_garde_hebdo,66,2024-01-10,,,,code absent,"rattacher via referentiel si code corrige, sinon quarantaine"
staging.raw_suivi_qualite_brg_garde_hebdo,67,2024-01-10,,,,code absent,"rattacher via referentiel si code corrige, sinon quarantaine"
staging.raw_suivi_qualite_brg_garde_hebdo,68,2024-01-10,,,,code absent,"rattacher via referentiel si code corrige, sinon quarantaine"
staging.raw_suivi_qualite_brg_garde_hebdo,69,2024-01-10,,,,code absent,"rattacher via referentiel si code corrige, sinon quarantaine"
staging.raw_suivi_qualite_brg_garde_hebdo,70,2024-01-10,,,,code absent,"rattacher via referentiel si code corrige, sinon quarantaine"
staging.raw_suivi_qualite_brg_garde_hebdo,71,2024-01-10,,,,code absent,"rattacher via referentiel si code corrige, sinon quarantaine"
staging.raw_suivi_qualite_brg_garde_hebdo,72,2024-01-10,,,,code absent,"rattacher via referentiel si code corrige, sinon quarantaine"
staging.raw_suivi_qualite_brg_garde_hebdo,73,2024-01-10,,,,code absent,"rattacher via referentiel si code corrige, sinon quarantaine"
staging.raw_suivi_qualite_brg_garde_hebdo,74,2024-01-10,,,,code absent,"rattacher via referentiel si code corrige, sinon quarantaine"
staging.raw_suivi_qualite_brg_garde_hebdo,75,2024-01-10,,,,code absent,"rattacher via referentiel si code corrige, sinon quarantaine"
staging.raw_suivi_qualite_brg_garde_hebdo,76,2024-01-10,,,,code absent,"rattacher via referentiel si code corrige, sinon quarantaine"
staging.raw_suivi_qualite_brg_garde_hebdo,77,2024-01-10,,,,code absent,"rattacher via referentiel si code corrige, sinon quarantaine"
staging.raw_suivi_qualite_brg_garde_hebdo,78,2024-01-10,,,,code absent,"rattacher via referentiel si code corrige, sinon quarantaine"
staging.raw_suivi_qualite_brg_garde_hebdo,79,2024-01-17,,,,code absent,"rattacher via referentiel si code corrige, sinon quarantaine"
staging.raw_suivi_qualite_brg_garde_hebdo,80,2024-01-17,,,,code absent,"rattacher via referentiel si code corrige, sinon quarantaine"
staging.raw_suivi_qualite_brg_garde_hebdo,81,2024-01-17,,,,code absent,"rattacher via referentiel si code corrige, sinon quarantaine"
staging.raw_suivi_qualite_brg_garde_hebdo,82,2024-01-17,,,,code absent,"rattacher via referentiel si code corrige, sinon quarantaine"
staging.raw_suivi_qualite_brg_garde_hebdo,83,2024-01-17,,,,code absent,"rattacher via referentiel si code corrige, sinon quarantaine"
staging.raw_suivi_qualite_brg_garde_hebdo,84,2024-01-17,,,,code absent,"rattacher via referentiel si code corrige, sinon quarantaine"
staging.raw_suivi_qualite_brg_garde_hebdo,85,2024-01-17,,,,code absent,"rattacher via referentiel si code corrige, sinon quarantaine"
staging.raw_suivi_qualite_brg_garde_hebdo,86,2024-01-17,,,,code absent,"rattacher via referentiel si code corrige, sinon quarantaine"
staging.raw_suivi_qualite_brg_garde_hebdo,87,2024-01-17,,,,code absent,"rattacher via referentiel si code corrige, sinon quarantaine"
staging.raw_suivi_qualite_brg_garde_hebdo,88,2024-01-17,,,,code absent,"rattacher via referentiel si code corrige, sinon quarantaine"
staging.raw_suivi_qualite_brg_garde_hebdo,89,2024-01-17,,,,code absent,"rattacher via referentiel si code corrige, sinon quarantaine"
staging.raw_suivi_qualite_brg_garde_hebdo,90,2024-01-17,,,,code absent,"rattacher via referentiel si code corrige, sinon quarantaine"
staging.raw_suivi_qualite_brg_garde_hebdo,91,2024-01-17,,,,code absent,"rattacher via referentiel si code corrige, sinon quarantaine"
staging.raw_suivi_qualite_brg_garde_hebdo,92,2024-01-17,,,,code absent,"rattacher via referentiel si code corrige, sinon quarantaine"
staging.raw_suivi_qualite_brg_garde_hebdo,93,2024-01-17,,,,code absent,"rattacher via referentiel si code corrige, sinon quarantaine"
staging.raw_suivi_qualite_brg_garde_hebdo,94,2024-01-17,,,,code absent,"rattacher via referentiel si code corrige, sinon quarantaine"
staging.raw_suivi_qualite_brg_garde_hebdo,95,2024-01-17,,,,code absent,"rattacher via referentiel si code corrige, sinon quarantaine"
staging.raw_suivi_qualite_brg_garde_hebdo,96,2024-01-17,,,,code absent,"rattacher via referentiel si code corrige, sinon quarantaine"
staging.raw_suivi_qualite_brg_garde_hebdo,97,2024-01-17,,,,code absent,"rattacher via referentiel si code corrige, sinon quarantaine"
staging.raw_suivi_qualite_brg_garde_hebdo,98,2024-01-17,,,,code absent,"rattacher via referentiel si code corrige, sinon quarantaine"
staging.raw_suivi_qualite_brg_garde_hebdo,99,2024-01-17,,,,code absent,"rattacher via referentiel si code corrige, sinon quarantaine"
staging.raw_suivi_qualite_brg_garde_hebdo,100,2024-01-17,,,,code absent,"rattacher via referentiel si code corrige, sinon quarantaine"
staging.raw_idp_2024_mesures_qualite_globale,,,,,,IRE absent,"rattacher via referentiel si code corrige, sinon quarantaine"
staging.raw_idp_2024_mesures_qualite_globale,,,,,,IRE absent,"rattacher via referentiel si code corrige, sinon quarantaine"
staging.raw_idp_2024_mesures_qualite_globale,,,,,,IRE absent,"rattacher via referentiel si code corrige, sinon quarantaine"
staging.raw_idp_2024_mesures_qualite_globale,,,,,,IRE absent,"rattacher via referentiel si code corrige, sinon quarantaine"
staging.raw_idp_2024_mesures_qualite_globale,,,,,,IRE absent,"rattacher via referentiel si code corrige, sinon quarantaine"
staging.raw_idp_2024_mesures_qualite_globale,,,,,,IRE absent,"rattacher via referentiel si code corrige, sinon quarantaine"
staging.raw_idp_2024_mesures_qualite_globale,,,,,,IRE absent,"rattacher via referentiel si code corrige, sinon quarantaine"
staging.raw_idp_2024_mesures_qualite_globale,,,,,,IRE absent,"rattacher via referentiel si code corrige, sinon quarantaine"
staging.raw_idp_2024_mesures_qualite_globale,,,,,,IRE absent,"rattacher via referentiel si code corrige, sinon quarantaine"
staging.raw_idp_2024_mesures_qualite_globale,,,,,,IRE absent,"rattacher via referentiel si code corrige, sinon quarantaine"
staging.raw_idp_2024_mesures_qualite_globale,,,,,,IRE absent,"rattacher via referentiel si code corrige, sinon quarantaine"
staging.raw_idp_2024_mesures_qualite_globale,,,,,,IRE absent,"rattacher via referentiel si code corrige, sinon quarantaine"
staging.raw_idp_2024_mesures_qualite_globale,,,,,,IRE absent,"rattacher via referentiel si code corrige, sinon quarantaine"
staging.raw_idp_2024_mesures_qualite_globale,,,,,,IRE absent,"rattacher via referentiel si code corrige, sinon quarantaine"
staging.raw_idp_2024_mesures_qualite_globale,,,,,,IRE absent,"rattacher via referentiel si code corrige, sinon quarantaine"
staging.raw_idp_2024_mesures_qualite_globale,,,,,,IRE absent,"rattacher via referentiel si code corrige, sinon quarantaine"
staging.raw_idp_2024_mesures_qualite_globale,,,,,,IRE absent,"rattacher via referentiel si code corrige, sinon quarantaine"
staging.raw_idp_2024_mesures_qualite_globale,,,,,,IRE absent,"rattacher via referentiel si code corrige, sinon quarantaine"
staging.raw_idp_2024_mesures_qualite_globale,,,,,,IRE absent,"rattacher via referentiel si code corrige, sinon quarantaine"
staging.raw_idp_2024_mesures_qualite_globale,,,,,,IRE absent,"rattacher via referentiel si code corrige, sinon quarantaine"
staging.raw_idp_2024_mesures_qualite_globale,,,,,,IRE absent,"rattacher via referentiel si code corrige, sinon quarantaine"
staging.raw_idp_2024_mesures_qualite_globale,,,,,,IRE absent,"rattacher via referentiel si code corrige, sinon quarantaine"
staging.raw_idp_2024_mesures_qualite_globale,,,,,,IRE absent,"rattacher via referentiel si code corrige, sinon quarantaine"
staging.raw_idp_2024_mesures_qualite_globale,,,,,,IRE absent,"rattacher via referentiel si code corrige, sinon quarantaine"
staging.raw_idp_2024_mesures_qualite_globale,,,,,,IRE absent,"rattacher via referentiel si code corrige, sinon quarantaine"
staging.raw_idp_2024_mesures_qualite_globale,,,,,,IRE absent,"rattacher via referentiel si code corrige, sinon quarantaine"
staging.raw_idp_2024_mesures_qualite_globale,,,,,,IRE absent,"rattacher via referentiel si code corrige, sinon quarantaine"
staging.raw_idp_2024_mesures_qualite_globale,,,,,,IRE absent,"rattacher via referentiel si code corrige, sinon quarantaine"
staging.raw_idp_2024_mesures_qualite_globale,,,,,,IRE absent,"rattacher via referentiel si code corrige, sinon quarantaine"
staging.raw_idp_2024_mesures_qualite_globale,,,,,,IRE absent,"rattacher via referentiel si code corrige, sinon quarantaine"
staging.raw_idp_2024_mesures_qualite_globale,,,,,,IRE absent,"rattacher via referentiel si code corrige, sinon quarantaine"
staging.raw_idp_2024_mesures_qualite_globale,,,,,,IRE absent,"rattacher via referentiel si code corrige, sinon quarantaine"
staging.raw_idp_2024_mesures_qualite_globale,,,,,,IRE absent,"rattacher via referentiel si code corrige, sinon quarantaine"
staging.raw_idp_2024_mesures_qualite_globale,,,,,,IRE absent,"rattacher via referentiel si code corrige, sinon quarantaine"
staging.raw_idp_2024_mesures_qualite_globale,,,,,,IRE absent,"rattacher via referentiel si code corrige, sinon quarantaine"
staging.raw_idp_2024_mesures_qualite_globale,,,,,,IRE absent,"rattacher via referentiel si code corrige, sinon quarantaine"
staging.raw_idp_2024_mesures_qualite_globale,,,,,,IRE absent,"rattacher via referentiel si code corrige, sinon quarantaine"
staging.raw_idp_2024_mesures_qualite_globale,,,,,,IRE absent,"rattacher via referentiel si code corrige, sinon quarantaine"
staging.raw_idp_2024_mesures_qualite_globale,,,,,,IRE absent,"rattacher via referentiel si code corrige, sinon quarantaine"
staging.raw_idp_2024_mesures_qualite_globale,,,,,,IRE absent,"rattacher via referentiel si code corrige, sinon quarantaine"
staging.raw_idp_2024_mesures_qualite_globale,,,,,,IRE absent,"rattacher via referentiel si code corrige, sinon quarantaine"
staging.raw_idp_2024_mesures_qualite_globale,,,,,,IRE absent,"rattacher via referentiel si code corrige, sinon quarantaine"
staging.raw_idp_2024_mesures_qualite_globale,,,,,,IRE absent,"rattacher via referentiel si code corrige, sinon quarantaine"
staging.raw_idp_2024_mesures_qualite_globale,,,,,,IRE absent,"rattacher via referentiel si code corrige, sinon quarantaine"
staging.raw_idp_2024_mesures_qualite_globale,,,,,,IRE absent,"rattacher via referentiel si code corrige, sinon quarantaine"
staging.raw_idp_2024_mesures_qualite_globale,,,,,,IRE absent,"rattacher via referentiel si code corrige, sinon quarantaine"
staging.raw_idp_2024_mesures_qualite_globale,,,,,,IRE absent,"rattacher via referentiel si code corrige, sinon quarantaine"
staging.raw_idp_2024_mesures_qualite_globale,,,,,,IRE absent,"rattacher via referentiel si code corrige, sinon quarantaine"
staging.raw_idp_2024_mesures_qualite_globale,,,,,,IRE absent,"rattacher via referentiel si code corrige, sinon quarantaine"
staging.raw_idp_2024_mesures_qualite_globale,,,,,,IRE absent,"rattacher via referentiel si code corrige, sinon quarantaine"
staging.raw_idp_2024_mesures_qualite_globale,,,,,,IRE absent,"rattacher via referentiel si code corrige, sinon quarantaine"
staging.raw_idp_2024_mesures_qualite_globale,,,,,,IRE absent,"rattacher via referentiel si code corrige, sinon quarantaine"
staging.raw_idp_2024_mesures_qualite_globale,,,,,,IRE absent,"rattacher via referentiel si code corrige, sinon quarantaine"
staging.raw_idp_2024_mesures_qualite_globale,,,,,,IRE absent,"rattacher via referentiel si code corrige, sinon quarantaine"
staging.raw_idp_2024_mesures_qualite_globale,,,,,,IRE absent,"rattacher via referentiel si code corrige, sinon quarantaine"
staging.raw_idp_2024_mesures_qualite_globale,,,,,,IRE absent,"rattacher via referentiel si code corrige, sinon quarantaine"
staging.raw_idp_2024_mesures_qualite_globale,,,,,,IRE absent,"rattacher via referentiel si code corrige, sinon quarantaine"
staging.raw_idp_2024_mesures_qualite_globale,,,,,,IRE absent,"rattacher via referentiel si code corrige, sinon quarantaine"
staging.raw_idp_2024_mesures_qualite_globale,,,,,,IRE absent,"rattacher via referentiel si code corrige, sinon quarantaine"
staging.raw_idp_2024_mesures_qualite_globale,,,,,,IRE absent,"rattacher via referentiel si code corrige, sinon quarantaine"
staging.raw_idp_2024_mesures_qualite_globale,,,,,,IRE absent,"rattacher via referentiel si code corrige, sinon quarantaine"
staging.raw_idp_2024_mesures_qualite_globale,,,,,,IRE absent,"rattacher via referentiel si code corrige, sinon quarantaine"
staging.raw_idp_2024_mesures_qualite_globale,,,,,,IRE absent,"rattacher via referentiel si code corrige, sinon quarantaine"
staging.raw_idp_2024_mesures_qualite_globale,,,,,,IRE absent,"rattacher via referentiel si code corrige, sinon quarantaine"
staging.raw_idp_2024_mesures_qualite_globale,,,,,,IRE absent,"rattacher via referentiel si code corrige, sinon quarantaine"
staging.raw_idp_2024_mesures_qualite_globale,,,,,,IRE absent,"rattacher via referentiel si code corrige, sinon quarantaine"
staging.raw_idp_2024_mesures_qualite_globale,,,,,,IRE absent,"rattacher via referentiel si code corrige, sinon quarantaine"
staging.raw_idp_2024_mesures_qualite_globale,,,,,,IRE absent,"rattacher via referentiel si code corrige, sinon quarantaine"
staging.raw_idp_2024_mesures_qualite_globale,,,,,,IRE absent,"rattacher via referentiel si code corrige, sinon quarantaine"
staging.raw_idp_2024_mesures_qualite_globale,,,,,,IRE absent,"rattacher via referentiel si code corrige, sinon quarantaine"
staging.raw_idp_2024_mesures_qualite_globale,,,,,,IRE absent,"rattacher via referentiel si code corrige, sinon quarantaine"
staging.raw_idp_2024_mesures_qualite_globale,,,,,,IRE absent,"rattacher via referentiel si code corrige, sinon quarantaine"
staging.raw_idp_2024_mesures_qualite_globale,,,,,,IRE absent,"rattacher via referentiel si code corrige, sinon quarantaine"
staging.raw_idp_2024_mesures_qualite_globale,,,,,,IRE absent,"rattacher via referentiel si code corrige, sinon quarantaine"
staging.raw_idp_2024_mesures_qualite_globale,,,,,,IRE absent,"rattacher via referentiel si code corrige, sinon quarantaine"
staging.raw_idp_2024_mesures_qualite_globale,,,,,,IRE absent,"rattacher via referentiel si code corrige, sinon quarantaine"
staging.raw_idp_2024_mesures_qualite_globale,,,,,,IRE absent,"rattacher via referentiel si code corrige, sinon quarantaine"
staging.raw_idp_2024_mesures_qualite_globale,,,,,,IRE absent,"rattacher via referentiel si code corrige, sinon quarantaine"
staging.raw_idp_2024_mesures_qualite_globale,,,,,,IRE absent,"rattacher via referentiel si code corrige, sinon quarantaine"
staging.raw_idp_2024_mesures_qualite_globale,,,,,,IRE absent,"rattacher via referentiel si code corrige, sinon quarantaine"
staging.raw_idp_2024_mesures_qualite_globale,,,,,,IRE absent,"rattacher via referentiel si code corrige, sinon quarantaine"
staging.raw_idp_2024_mesures_qualite_globale,,,,,,IRE absent,"rattacher via referentiel si code corrige, sinon quarantaine"
staging.raw_idp_2024_mesures_qualite_globale,,,,,,IRE absent,"rattacher via referentiel si code corrige, sinon quarantaine"
staging.raw_idp_2024_mesures_qualite_globale,,,,,,IRE absent,"rattacher via referentiel si code corrige, sinon quarantaine"
staging.raw_idp_2024_mesures_qualite_globale,,,,,,IRE absent,"rattacher via referentiel si code corrige, sinon quarantaine"
staging.raw_idp_2024_mesures_qualite_globale,,,,,,IRE absent,"rattacher via referentiel si code corrige, sinon quarantaine"
staging.raw_idp_2024_mesures_qualite_globale,,,,,,IRE absent,"rattacher via referentiel si code corrige, sinon quarantaine"
staging.raw_idp_2024_mesures_qualite_globale,,,,,,IRE absent,"rattacher via referentiel si code corrige, sinon quarantaine"
staging.raw_idp_2024_mesures_qualite_globale,,,,,,IRE absent,"rattacher via referentiel si code corrige, sinon quarantaine"
staging.raw_idp_2024_mesures_qualite_globale,,,,,,IRE absent,"rattacher via referentiel si code corrige, sinon quarantaine"
staging.raw_idp_2024_mesures_qualite_globale,,,,,,IRE absent,"rattacher via referentiel si code corrige, sinon quarantaine"
staging.raw_idp_2024_mesures_qualite_globale,,,,,,IRE absent,"rattacher via referentiel si code corrige, sinon quarantaine"
staging.raw_idp_2024_mesures_qualite_globale,,,,,,IRE absent,"rattacher via referentiel si code corrige, sinon quarantaine"
staging.raw_idp_2024_mesures_qualite_globale,,,,,,IRE absent,"rattacher via referentiel si code corrige, sinon quarantaine"
staging.raw_idp_2024_mesures_qualite_globale,,,,,,IRE absent,"rattacher via referentiel si code corrige, sinon quarantaine"
staging.raw_idp_2024_mesures_qualite_globale,,,,,,IRE absent,"rattacher via referentiel si code corrige, sinon quarantaine"
staging.raw_idp_2024_mesures_qualite_globale,,,,,,IRE absent,"rattacher via referentiel si code corrige, sinon quarantaine"
staging.raw_idp_2024_mesures_qualite_globale,,,,,,IRE absent,"rattacher via referentiel si code corrige, sinon quarantaine"
staging.raw_idp_2024_mesures_qualite_globale,,,,,,IRE absent,"rattacher via referentiel si code corrige, sinon quarantaine"
staging.raw_idp_2024_mesures_qualite_globale,,,,,,IRE absent,"rattacher via referentiel si code corrige, sinon quarantaine"
staging.raw_idp_2024_mesures_qualite_marche_cadre,,,,,,IRE absent,"rattacher via referentiel si code corrige, sinon quarantaine"
staging.raw_idp_2024_mesures_qualite_marche_cadre,,,,,,IRE absent,"rattacher via referentiel si code corrige, sinon quarantaine"
staging.raw_idp_2024_mesures_qualite_marche_cadre,,,,,,IRE absent,"rattacher via referentiel si code corrige, sinon quarantaine"
staging.raw_idp_2024_mesures_qualite_marche_cadre,,,,,,IRE absent,"rattacher via referentiel si code corrige, sinon quarantaine"
staging.raw_idp_2024_mesures_qualite_marche_cadre,,,,,,IRE absent,"rattacher via referentiel si code corrige, sinon quarantaine"
staging.raw_idp_2024_mesures_qualite_marche_cadre,,,,,,IRE absent,"rattacher via referentiel si code corrige, sinon quarantaine"
staging.raw_idp_2024_mesures_qualite_marche_cadre,,,,,,IRE absent,"rattacher via referentiel si code corrige, sinon quarantaine"
staging.raw_idp_2024_mesures_qualite_marche_cadre,,,,,,IRE absent,"rattacher via referentiel si code corrige, sinon quarantaine"
staging.raw_idp_2024_mesures_qualite_marche_cadre,,,,,,IRE absent,"rattacher via referentiel si code corrige, sinon quarantaine"
staging.raw_idp_2024_mesures_qualite_marche_cadre,,,,,,IRE absent,"rattacher via referentiel si code corrige, sinon quarantaine"
staging.raw_idp_2024_mesures_qualite_marche_cadre,,,,,,IRE absent,"rattacher via referentiel si code corrige, sinon quarantaine"
staging.raw_idp_2024_mesures_qualite_marche_cadre,,,,,,IRE absent,"rattacher via referentiel si code corrige, sinon quarantaine"
staging.raw_idp_2024_mesures_qualite_marche_cadre,,,,,,IRE absent,"rattacher via referentiel si code corrige, sinon quarantaine"
staging.raw_idp_2024_mesures_qualite_marche_cadre,,,,,,IRE absent,"rattacher via referentiel si code corrige, sinon quarantaine"
staging.raw_idp_2024_mesures_qualite_marche_cadre,,,,,,IRE absent,"rattacher via referentiel si code corrige, sinon quarantaine"
staging.raw_idp_2024_mesures_qualite_marche_cadre,,,,,,IRE absent,"rattacher via referentiel si code corrige, sinon quarantaine"
staging.raw_idp_2024_mesures_qualite_marche_cadre,,,,,,IRE absent,"rattacher via referentiel si code corrige, sinon quarantaine"
staging.raw_idp_2024_mesures_qualite_marche_cadre,,,,,,IRE absent,"rattacher via referentiel si code corrige, sinon quarantaine"
staging.raw_idp_2024_mesures_qualite_marche_cadre,,,,,,IRE absent,"rattacher via referentiel si code corrige, sinon quarantaine"
staging.raw_idp_2024_mesures_qualite_marche_cadre,,,,,,IRE absent,"rattacher via referentiel si code corrige, sinon quarantaine"
staging.raw_idp_2024_mesures_qualite_marche_cadre,,,,,,IRE absent,"rattacher via referentiel si code corrige, sinon quarantaine"
staging.raw_idp_2024_mesures_qualite_marche_cadre,,,,,,IRE absent,"rattacher via referentiel si code corrige, sinon quarantaine"
staging.raw_idp_2024_mesures_qualite_marche_cadre,,,,,,IRE absent,"rattacher via referentiel si code corrige, sinon quarantaine"
staging.raw_idp_2024_mesures_qualite_marche_cadre,,,,,,IRE absent,"rattacher via referentiel si code corrige, sinon quarantaine"
staging.raw_idp_2024_mesures_qualite_marche_cadre,,,,,,IRE absent,"rattacher via referentiel si code corrige, sinon quarantaine"
staging.raw_idp_2024_mesures_qualite_marche_cadre,,,,,,IRE absent,"rattacher via referentiel si code corrige, sinon quarantaine"
staging.raw_idp_2024_mesures_qualite_marche_cadre,,,,,,IRE absent,"rattacher via referentiel si code corrige, sinon quarantaine"
staging.raw_idp_2024_mesures_qualite_marche_cadre,,,,,,IRE absent,"rattacher via referentiel si code corrige, sinon quarantaine"
staging.raw_idp_2024_mesures_qualite_marche_cadre,,,,,,IRE absent,"rattacher via referentiel si code corrige, sinon quarantaine"
staging.raw_idp_2024_mesures_qualite_marche_cadre,,,,,,IRE absent,"rattacher via referentiel si code corrige, sinon quarantaine"
staging.raw_idp_2024_mesures_qualite_marche_cadre,,,,,,IRE absent,"rattacher via referentiel si code corrige, sinon quarantaine"
staging.raw_idp_2024_mesures_qualite_marche_cadre,,,,,,IRE absent,"rattacher via referentiel si code corrige, sinon quarantaine"
staging.raw_idp_2024_mesures_qualite_marche_cadre,,,,,,IRE absent,"rattacher via referentiel si code corrige, sinon quarantaine"
staging.raw_idp_2024_mesures_qualite_marche_cadre,,,,,,IRE absent,"rattacher via referentiel si code corrige, sinon quarantaine"
staging.raw_idp_2024_mesures_qualite_marche_cadre,,,,,,IRE absent,"rattacher via referentiel si code corrige, sinon quarantaine"
staging.raw_idp_2024_mesures_qualite_marche_cadre,,,,,,IRE absent,"rattacher via referentiel si code corrige, sinon quarantaine"
staging.raw_idp_2024_mesures_qualite_marche_cadre,,,,,,IRE absent,"rattacher via referentiel si code corrige, sinon quarantaine"
staging.raw_idp_2024_mesures_qualite_marche_cadre,,,,,,IRE absent,"rattacher via referentiel si code corrige, sinon quarantaine"
staging.raw_idp_2024_mesures_qualite_marche_cadre,,,,,,IRE absent,"rattacher via referentiel si code corrige, sinon quarantaine"
staging.raw_idp_2024_mesures_qualite_marche_cadre,,,,,,IRE absent,"rattacher via referentiel si code corrige, sinon quarantaine"
staging.raw_idp_2024_mesures_qualite_marche_cadre,,,,,,IRE absent,"rattacher via referentiel si code corrige, sinon quarantaine"
staging.raw_idp_2024_mesures_qualite_marche_cadre,,,,,,IRE absent,"rattacher via referentiel si code corrige, sinon quarantaine"
staging.raw_idp_2024_mesures_qualite_marche_cadre,,,,,,IRE absent,"rattacher via referentiel si code corrige, sinon quarantaine"
staging.raw_idp_2024_mesures_qualite_marche_cadre,,,,,,IRE absent,"rattacher via referentiel si code corrige, sinon quarantaine"
staging.raw_idp_2024_mesures_qualite_marche_cadre,,,,,,IRE absent,"rattacher via referentiel si code corrige, sinon quarantaine"
staging.raw_idp_2024_mesures_qualite_marche_cadre,,,,,,IRE absent,"rattacher via referentiel si code corrige, sinon quarantaine"
staging.raw_idp_2024_mesures_qualite_marche_cadre,,,,,,IRE absent,"rattacher via referentiel si code corrige, sinon quarantaine"
staging.raw_idp_2024_mesures_qualite_marche_cadre,,,,,,IRE absent,"rattacher via referentiel si code corrige, sinon quarantaine"
staging.raw_idp_2024_mesures_qualite_marche_cadre,,,,,,IRE absent,"rattacher via referentiel si code corrige, sinon quarantaine"
staging.raw_idp_2024_mesures_qualite_marche_cadre,,,,,,IRE absent,"rattacher via referentiel si code corrige, sinon quarantaine"
staging.raw_idp_2024_mesures_qualite_marche_cadre,,,,,,IRE absent,"rattacher via referentiel si code corrige, sinon quarantaine"
staging.raw_idp_2024_mesures_qualite_marche_cadre,,,,,,IRE absent,"rattacher via referentiel si code corrige, sinon quarantaine"
staging.raw_idp_2024_mesures_qualite_marche_cadre,,,,,,IRE absent,"rattacher via referentiel si code corrige, sinon quarantaine"
staging.raw_idp_2024_mesures_qualite_marche_cadre,,,,,,IRE absent,"rattacher via referentiel si code corrige, sinon quarantaine"
staging.raw_idp_2024_mesures_qualite_marche_cadre,,,,,,IRE absent,"rattacher via referentiel si code corrige, sinon quarantaine"
staging.raw_idp_2024_mesures_qualite_marche_cadre,,,,,,IRE absent,"rattacher via referentiel si code corrige, sinon quarantaine"
staging.raw_idp_2024_mesures_qualite_marche_cadre,,,,,,IRE absent,"rattacher via referentiel si code corrige, sinon quarantaine"
staging.raw_idp_2024_mesures_qualite_marche_cadre,,,,,,IRE absent,"rattacher via referentiel si code corrige, sinon quarantaine"
staging.raw_idp_2024_mesures_qualite_marche_cadre,,,,,,IRE absent,"rattacher via referentiel si code corrige, sinon quarantaine"
staging.raw_idp_2024_mesures_qualite_marche_cadre,,,,,,IRE absent,"rattacher via referentiel si code corrige, sinon quarantaine"
staging.raw_idp_2024_mesures_qualite_marche_cadre,,,,,,IRE absent,"rattacher via referentiel si code corrige, sinon quarantaine"
staging.raw_idp_2024_mesures_qualite_marche_cadre,,,,,,IRE absent,"rattacher via referentiel si code corrige, sinon quarantaine"
staging.raw_idp_2024_mesures_qualite_marche_cadre,,,,,,IRE absent,"rattacher via referentiel si code corrige, sinon quarantaine"
staging.raw_idp_2024_mesures_qualite_marche_cadre,,,,,,IRE absent,"rattacher via referentiel si code corrige, sinon quarantaine"
staging.raw_idp_2024_mesures_qualite_marche_cadre,,,,,,IRE absent,"rattacher via referentiel si code corrige, sinon quarantaine"
staging.raw_idp_2024_mesures_qualite_marche_cadre,,,,,,IRE absent,"rattacher via referentiel si code corrige, sinon quarantaine"
staging.raw_idp_2024_mesures_qualite_marche_cadre,,,,,,IRE absent,"rattacher via referentiel si code corrige, sinon quarantaine"
staging.raw_idp_2024_mesures_qualite_marche_cadre,,,,,,IRE absent,"rattacher via referentiel si code corrige, sinon quarantaine"
staging.raw_idp_2024_mesures_qualite_marche_cadre,,,,,,IRE absent,"rattacher via referentiel si code corrige, sinon quarantaine"
staging.raw_idp_2024_mesures_qualite_marche_cadre,,,,,,IRE absent,"rattacher via referentiel si code corrige, sinon quarantaine"
staging.raw_idp_2024_mesures_qualite_marche_cadre,,,,,,IRE absent,"rattacher via referentiel si code corrige, sinon quarantaine"
staging.raw_idp_2024_mesures_qualite_marche_cadre,,,,,,IRE absent,"rattacher via referentiel si code corrige, sinon quarantaine"
staging.raw_idp_2024_mesures_qualite_marche_cadre,,,,,,IRE absent,"rattacher via referentiel si code corrige, sinon quarantaine"
staging.raw_idp_2024_mesures_qualite_marche_cadre,,,,,,IRE absent,"rattacher via referentiel si code corrige, sinon quarantaine"
staging.raw_idp_2024_mesures_qualite_marche_cadre,,,,,,IRE absent,"rattacher via referentiel si code corrige, sinon quarantaine"
staging.raw_idp_2024_mesures_qualite_marche_cadre,,,,,,IRE absent,"rattacher via referentiel si code corrige, sinon quarantaine"
staging.raw_idp_2024_mesures_qualite_marche_cadre,,,,,,IRE absent,"rattacher via referentiel si code corrige, sinon quarantaine"
staging.raw_idp_2024_mesures_qualite_marche_cadre,,,,,,IRE absent,"rattacher via referentiel si code corrige, sinon quarantaine"
staging.raw_idp_2024_mesures_qualite_marche_cadre,,,,,,IRE absent,"rattacher via referentiel si code corrige, sinon quarantaine"
staging.raw_idp_2024_mesures_qualite_marche_cadre,,,,,,IRE absent,"rattacher via referentiel si code corrige, sinon quarantaine"
staging.raw_idp_2024_mesures_qualite_marche_cadre,,,,,,IRE absent,"rattacher via referentiel si code corrige, sinon quarantaine"
staging.raw_idp_2024_mesures_qualite_marche_cadre,,,,,,IRE absent,"rattacher via referentiel si code corrige, sinon quarantaine"
staging.raw_idp_2024_mesures_qualite_marche_cadre,,,,,,IRE absent,"rattacher via referentiel si code corrige, sinon quarantaine"
staging.raw_idp_2024_mesures_qualite_marche_cadre,,,,,,IRE absent,"rattacher via referentiel si code corrige, sinon quarantaine"
staging.raw_idp_2024_mesures_qualite_marche_cadre,,,,,,IRE absent,"rattacher via referentiel si code corrige, sinon quarantaine"
staging.raw_idp_2024_mesures_qualite_marche_cadre,,,,,,IRE absent,"rattacher via referentiel si code corrige, sinon quarantaine"
staging.raw_idp_2024_mesures_qualite_marche_cadre,,,,,,IRE absent,"rattacher via referentiel si code corrige, sinon quarantaine"
staging.raw_idp_2024_mesures_qualite_marche_cadre,,,,,,IRE absent,"rattacher via referentiel si code corrige, sinon quarantaine"
staging.raw_idp_2024_mesures_qualite_marche_cadre,,,,,,IRE absent,"rattacher via referentiel si code corrige, sinon quarantaine"
staging.raw_idp_2024_mesures_qualite_marche_cadre,,,,,,IRE absent,"rattacher via referentiel si code corrige, sinon quarantaine"
staging.raw_idp_2024_mesures_qualite_marche_cadre,,,,,,IRE absent,"rattacher via referentiel si code corrige, sinon quarantaine"
staging.raw_idp_2024_mesures_qualite_marche_cadre,,,,,,IRE absent,"rattacher via referentiel si code corrige, sinon quarantaine"
staging.raw_idp_2024_mesures_qualite_marche_cadre,,,,,,IRE absent,"rattacher via referentiel si code corrige, sinon quarantaine"
staging.raw_idp_2024_mesures_qualite_marche_cadre,,,,,,IRE absent,"rattacher via referentiel si code corrige, sinon quarantaine"
staging.raw_idp_2024_mesures_qualite_marche_cadre,,,,,,IRE absent,"rattacher via referentiel si code corrige, sinon quarantaine"
staging.raw_idp_2024_mesures_qualite_marche_cadre,,,,,,IRE absent,"rattacher via referentiel si code corrige, sinon quarantaine"
staging.raw_idp_2024_mesures_qualite_marche_cadre,,,,,,IRE absent,"rattacher via referentiel si code corrige, sinon quarantaine"
staging.raw_idp_2024_mesures_qualite_marche_cadre,,,,,,IRE absent,"rattacher via referentiel si code corrige, sinon quarantaine"
staging.raw_idp_2024_mesures_qualite_marche_cadre,,,,,,IRE absent,"rattacher via referentiel si code corrige, sinon quarantaine"
staging.raw_idp_2024_mesures_qualite_marche_cadre,,,,,,IRE absent,"rattacher via referentiel si code corrige, sinon quarantaine"
staging.raw_idp_2024_src_pollution_globale,,,,,,IRE absent,"rattacher via referentiel si code corrige, sinon quarantaine"
staging.raw_idp_2024_src_pollution_globale,,,,,,IRE absent,"rattacher via referentiel si code corrige, sinon quarantaine"
staging.raw_idp_2024_src_pollution_globale,,,,,,IRE absent,"rattacher via referentiel si code corrige, sinon quarantaine"
staging.raw_idp_2024_src_pollution_globale,,,,,,IRE absent,"rattacher via referentiel si code corrige, sinon quarantaine"
staging.raw_idp_2024_src_pollution_globale,,,,,,IRE absent,"rattacher via referentiel si code corrige, sinon quarantaine"
staging.raw_idp_2024_src_pollution_globale,,,,,,IRE absent,"rattacher via referentiel si code corrige, sinon quarantaine"
staging.raw_idp_2024_src_pollution_globale,,,,,,IRE absent,"rattacher via referentiel si code corrige, sinon quarantaine"
staging.raw_idp_2024_src_pollution_globale,,,,,,IRE absent,"rattacher via referentiel si code corrige, sinon quarantaine"
staging.raw_idp_2024_src_pollution_globale,,,,,,IRE absent,"rattacher via referentiel si code corrige, sinon quarantaine"
staging.raw_idp_2024_src_pollution_globale,,,,,,IRE absent,"rattacher via referentiel si code corrige, sinon quarantaine"
staging.raw_idp_2024_src_pollution_globale,,,,,,IRE absent,"rattacher via referentiel si code corrige, sinon quarantaine"
staging.raw_idp_2024_src_pollution_globale,,,,,,IRE absent,"rattacher via referentiel si code corrige, sinon quarantaine"
staging.raw_idp_2024_src_pollution_globale,,,,,,IRE absent,"rattacher via referentiel si code corrige, sinon quarantaine"
staging.raw_idp_2024_src_pollution_globale,,,,,,IRE absent,"rattacher via referentiel si code corrige, sinon quarantaine"
staging.raw_idp_2024_src_pollution_globale,,,,,,IRE absent,"rattacher via referentiel si code corrige, sinon quarantaine"
staging.raw_idp_2024_src_pollution_globale,,,,,,IRE absent,"rattacher via referentiel si code corrige, sinon quarantaine"
staging.raw_idp_2024_src_pollution_globale,,,,,,IRE absent,"rattacher via referentiel si code corrige, sinon quarantaine"
staging.raw_idp_2024_src_pollution_globale,,,,,,IRE absent,"rattacher via referentiel si code corrige, sinon quarantaine"
staging.raw_idp_2024_src_pollution_globale,,,,,,IRE absent,"rattacher via referentiel si code corrige, sinon quarantaine"
staging.raw_idp_2024_src_pollution_globale,,,,,,IRE absent,"rattacher via referentiel si code corrige, sinon quarantaine"
staging.raw_idp_2024_src_pollution_globale,,,,,,IRE absent,"rattacher via referentiel si code corrige, sinon quarantaine"
staging.raw_idp_2024_src_pollution_globale,,,,,,IRE absent,"rattacher via referentiel si code corrige, sinon quarantaine"
staging.raw_idp_2024_src_pollution_globale,,,,,,IRE absent,"rattacher via referentiel si code corrige, sinon quarantaine"
staging.raw_idp_2024_src_pollution_globale,,,,,,IRE absent,"rattacher via referentiel si code corrige, sinon quarantaine"
staging.raw_idp_2024_src_pollution_globale,,,,,,IRE absent,"rattacher via referentiel si code corrige, sinon quarantaine"
staging.raw_idp_2024_src_pollution_globale,,,,,,IRE absent,"rattacher via referentiel si code corrige, sinon quarantaine"
staging.raw_idp_2024_src_pollution_globale,,,,,,IRE absent,"rattacher via referentiel si code corrige, sinon quarantaine"
staging.raw_idp_2024_src_pollution_globale,,,,,,IRE absent,"rattacher via referentiel si code corrige, sinon quarantaine"
staging.raw_idp_2024_src_pollution_globale,,,,,,IRE absent,"rattacher via referentiel si code corrige, sinon quarantaine"
staging.raw_idp_2024_src_pollution_globale,,,,,,IRE absent,"rattacher via referentiel si code corrige, sinon quarantaine"
staging.raw_idp_2024_src_pollution_globale,,,,,,IRE absent,"rattacher via referentiel si code corrige, sinon quarantaine"
staging.raw_idp_2024_src_pollution_globale,,,,,,IRE absent,"rattacher via referentiel si code corrige, sinon quarantaine"
staging.raw_idp_2024_src_pollution_globale,,,,,,IRE absent,"rattacher via referentiel si code corrige, sinon quarantaine"
staging.raw_idp_2024_src_pollution_globale,,,,,,IRE absent,"rattacher via referentiel si code corrige, sinon quarantaine"
staging.raw_idp_2024_src_pollution_globale,,,,,,IRE absent,"rattacher via referentiel si code corrige, sinon quarantaine"
staging.raw_idp_2024_src_pollution_globale,,,,,,IRE absent,"rattacher via referentiel si code corrige, sinon quarantaine"
staging.raw_idp_2024_src_pollution_globale,,,,,,IRE absent,"rattacher via referentiel si code corrige, sinon quarantaine"
staging.raw_idp_2024_src_pollution_globale,,,,,,IRE absent,"rattacher via referentiel si code corrige, sinon quarantaine"
staging.raw_idp_2024_src_pollution_globale,,,,,,IRE absent,"rattacher via referentiel si code corrige, sinon quarantaine"
staging.raw_idp_2024_src_pollution_globale,,,,,,IRE absent,"rattacher via referentiel si code corrige, sinon quarantaine"
staging.raw_idp_2024_src_pollution_globale,,,,,,IRE absent,"rattacher via referentiel si code corrige, sinon quarantaine"
staging.raw_idp_2024_src_pollution_globale,,,,,,IRE absent,"rattacher via referentiel si code corrige, sinon quarantaine"
staging.raw_idp_2024_src_pollution_globale,,,,,,IRE absent,"rattacher via referentiel si code corrige, sinon quarantaine"
staging.raw_idp_2024_src_pollution_globale,,,,,,IRE absent,"rattacher via referentiel si code corrige, sinon quarantaine"
staging.raw_idp_2024_src_pollution_globale,,,,,,IRE absent,"rattacher via referentiel si code corrige, sinon quarantaine"
staging.raw_idp_2024_src_pollution_globale,,,,,,IRE absent,"rattacher via referentiel si code corrige, sinon quarantaine"
staging.raw_idp_2024_src_pollution_globale,,,,,,IRE absent,"rattacher via referentiel si code corrige, sinon quarantaine"
staging.raw_idp_2024_src_pollution_globale,,,,,,IRE absent,"rattacher via referentiel si code corrige, sinon quarantaine"
staging.raw_idp_2024_src_pollution_globale,,,,,,IRE absent,"rattacher via referentiel si code corrige, sinon quarantaine"
staging.raw_idp_2024_src_pollution_globale,,,,,,IRE absent,"rattacher via referentiel si code corrige, sinon quarantaine"
staging.raw_idp_2024_src_pollution_globale,,,,,,IRE absent,"rattacher via referentiel si code corrige, sinon quarantaine"
staging.raw_idp_2024_src_pollution_globale,,,,,,IRE absent,"rattacher via referentiel si code corrige, sinon quarantaine"
staging.raw_idp_2024_src_pollution_globale,,,,,,IRE absent,"rattacher via referentiel si code corrige, sinon quarantaine"
staging.raw_idp_2024_src_pollution_globale,,,,,,IRE absent,"rattacher via referentiel si code corrige, sinon quarantaine"
staging.raw_idp_2024_src_pollution_globale,,,,,,IRE absent,"rattacher via referentiel si code corrige, sinon quarantaine"
staging.raw_idp_2024_src_pollution_globale,,,,,,IRE absent,"rattacher via referentiel si code corrige, sinon quarantaine"
staging.raw_idp_2024_src_pollution_globale,,,,,,IRE absent,"rattacher via referentiel si code corrige, sinon quarantaine"
staging.raw_idp_2024_src_pollution_globale,,,,,,IRE absent,"rattacher via referentiel si code corrige, sinon quarantaine"
staging.raw_idp_2024_src_pollution_globale,,,,,,IRE absent,"rattacher via referentiel si code corrige, sinon quarantaine"
staging.raw_idp_2024_src_pollution_globale,,,,,,IRE absent,"rattacher via referentiel si code corrige, sinon quarantaine"
staging.raw_idp_2024_src_pollution_globale,,,,,A-B-C-D,IRE absent,"rattacher via referentiel si code corrige, sinon quarantaine"
staging.raw_idp_2024_src_pollution_globale,,,,,A-B-C-D,IRE absent,"rattacher via referentiel si code corrige, sinon quarantaine"
staging.raw_idp_2024_src_pollution_globale,,,,,,IRE absent,"rattacher via referentiel si code corrige, sinon quarantaine"
staging.raw_idp_2024_src_pollution_globale,,,,,,IRE absent,"rattacher via referentiel si code corrige, sinon quarantaine"
staging.raw_idp_2024_src_pollution_globale,,,,,,IRE absent,"rattacher via referentiel si code corrige, sinon quarantaine"
staging.raw_idp_2024_src_pollution_globale,,,,,,IRE absent,"rattacher via referentiel si code corrige, sinon quarantaine"
staging.raw_idp_2024_src_pollution_globale,,,,,Rejet,IRE absent,"rattacher via referentiel si code corrige, sinon quarantaine"
staging.raw_idp_2024_src_pollution_globale,,,,,Rejet,IRE absent,"rattacher via referentiel si code corrige, sinon quarantaine"
staging.raw_idp_2024_src_pollution_globale,,,,,Oued,IRE absent,"rattacher via referentiel si code corrige, sinon quarantaine"
staging.raw_idp_2024_src_pollution_globale,,,,,A-B-C-D-H-E,IRE absent,"rattacher via referentiel si code corrige, sinon quarantaine"
staging.raw_idp_2024_src_pollution_globale,,,,,A-B-C-D-H-E,IRE absent,"rattacher via referentiel si code corrige, sinon quarantaine"
staging.raw_idp_2024_src_pollution_globale,,,,,A-B-C-D-H-E,IRE absent,"rattacher via referentiel si code corrige, sinon quarantaine"
staging.raw_idp_2024_src_pollution_globale,,,,,Forage,IRE absent,"rattacher via referentiel si code corrige, sinon quarantaine"
staging.raw_idp_2024_src_pollution_globale,,,,,Rejet,IRE absent,"rattacher via referentiel si code corrige, sinon quarantaine"
staging.raw_idp_2024_src_pollution_globale,,,,,Source,IRE absent,"rattacher via referentiel si code corrige, sinon quarantaine"
staging.raw_idp_2024_src_pollution_globale,,,,,Puits,IRE absent,"rattacher via referentiel si code corrige, sinon quarantaine"
staging.raw_idp_2024_src_pollution_globale,,,,,Rejet,IRE absent,"rattacher via referentiel si code corrige, sinon quarantaine"
staging.raw_idp_2024_src_pollution_globale,,,,,Forage,IRE absent,"rattacher via referentiel si code corrige, sinon quarantaine"
staging.raw_idp_2024_src_pollution_globale,,,,,Oued,IRE absent,"rattacher via referentiel si code corrige, sinon quarantaine"
staging.raw_idp_2024_src_pollution_globale,,,,,Source,IRE absent,"rattacher via referentiel si code corrige, sinon quarantaine"
staging.raw_idp_2024_src_pollution_globale,,,,,Oued,IRE absent,"rattacher via referentiel si code corrige, sinon quarantaine"
staging.raw_idp_2024_src_pollution_globale,,,,,F-G-D,IRE absent,"rattacher via referentiel si code corrige, sinon quarantaine"
staging.raw_idp_2024_src_pollution_globale,,,,,A-B-C-D-H-E,IRE absent,"rattacher via referentiel si code corrige, sinon quarantaine"
staging.raw_idp_2024_src_pollution_globale,,,,,F-G-D,IRE absent,"rattacher via referentiel si code corrige, sinon quarantaine"
staging.raw_idp_2024_src_pollution_globale,,,,,A-B-C-D,IRE absent,"rattacher via referentiel si code corrige, sinon quarantaine"
staging.raw_idp_2024_src_pollution_globale,,,,,A-B-C-D-H-E,IRE absent,"rattacher via referentiel si code corrige, sinon quarantaine"
staging.raw_idp_2024_src_pollution_globale,,,,,A-B-C-D-H-E,IRE absent,"rattacher via referentiel si code corrige, sinon quarantaine"
staging.raw_idp_2024_src_pollution_globale,,,,,F-G-D,IRE absent,"rattacher via referentiel si code corrige, sinon quarantaine"
staging.raw_idp_2024_src_pollution_globale,,,,,A-B-C-D,IRE absent,"rattacher via referentiel si code corrige, sinon quarantaine"
staging.raw_idp_2024_src_pollution_globale,,,,,A-B-C-D,IRE absent,"rattacher via referentiel si code corrige, sinon quarantaine"
staging.raw_idp_2024_src_pollution_globale,,,,,A-B-C-D,IRE absent,"rattacher via referentiel si code corrige, sinon quarantaine"
staging.raw_idp_2024_src_pollution_globale,,,,,A-B-C-D-H-E,IRE absent,"rattacher via referentiel si code corrige, sinon quarantaine"
staging.raw_idp_2024_src_pollution_globale,,,,,A-B-C-D,IRE absent,"rattacher via referentiel si code corrige, sinon quarantaine"
staging.raw_idp_2024_src_pollution_globale,,,,,F-G-D,IRE absent,"rattacher via referentiel si code corrige, sinon quarantaine"
staging.raw_idp_2024_src_pollution_globale,,,,,F-G-D,IRE absent,"rattacher via referentiel si code corrige, sinon quarantaine"
staging.raw_idp_2024_src_pollution_globale,,,,,A-B-C-D-H-E,IRE absent,"rattacher via referentiel si code corrige, sinon quarantaine"
staging.raw_idp_2024_src_pollution_globale,,,,,A-B-C-D-H-E,IRE absent,"rattacher via referentiel si code corrige, sinon quarantaine"
staging.raw_idp_2024_src_pollution_globale,,,,,A-B-C-D,IRE absent,"rattacher via referentiel si code corrige, sinon quarantaine"
staging.raw_idp_2024_src_pollution_globale,,,,,A-B-C-D-H-E,IRE absent,"rattacher via referentiel si code corrige, sinon quarantaine"
staging.raw_idp_2024_src_pollution_globale,,,,,A-B-C-D-H-E,IRE absent,"rattacher via referentiel si code corrige, sinon quarantaine"
staging.raw_idp_2024_src_pollution_marche_cadre,,,,,,IRE absent,"rattacher via referentiel si code corrige, sinon quarantaine"
staging.raw_idp_2024_src_pollution_marche_cadre,,,,,,IRE absent,"rattacher via referentiel si code corrige, sinon quarantaine"
staging.raw_idp_2024_src_pollution_marche_cadre,,,,,,IRE absent,"rattacher via referentiel si code corrige, sinon quarantaine"
staging.raw_idp_2024_src_pollution_marche_cadre,,,,,,IRE absent,"rattacher via referentiel si code corrige, sinon quarantaine"
staging.raw_idp_2024_src_pollution_marche_cadre,,,,,,IRE absent,"rattacher via referentiel si code corrige, sinon quarantaine"
staging.raw_idp_2024_src_pollution_marche_cadre,,,,,,IRE absent,"rattacher via referentiel si code corrige, sinon quarantaine"
staging.raw_idp_2024_src_pollution_marche_cadre,,,,,,IRE absent,"rattacher via referentiel si code corrige, sinon quarantaine"
staging.raw_idp_2024_src_pollution_marche_cadre,,,,,,IRE absent,"rattacher via referentiel si code corrige, sinon quarantaine"
staging.raw_idp_2024_src_pollution_marche_cadre,,,,,,IRE absent,"rattacher via referentiel si code corrige, sinon quarantaine"
staging.raw_idp_2024_src_pollution_marche_cadre,,,,,,IRE absent,"rattacher via referentiel si code corrige, sinon quarantaine"
staging.raw_idp_2024_src_pollution_marche_cadre,,,,,,IRE absent,"rattacher via referentiel si code corrige, sinon quarantaine"
staging.raw_idp_2024_src_pollution_marche_cadre,,,,,,IRE absent,"rattacher via referentiel si code corrige, sinon quarantaine"
staging.raw_idp_2024_src_pollution_marche_cadre,,,,,,IRE absent,"rattacher via referentiel si code corrige, sinon quarantaine"
staging.raw_idp_2024_src_pollution_marche_cadre,,,,,,IRE absent,"rattacher via referentiel si code corrige, sinon quarantaine"
staging.raw_idp_2024_src_pollution_marche_cadre,,,,,,IRE absent,"rattacher via referentiel si code corrige, sinon quarantaine"
staging.raw_idp_2024_src_pollution_marche_cadre,,,,,,IRE absent,"rattacher via referentiel si code corrige, sinon quarantaine"
staging.raw_idp_2024_src_pollution_marche_cadre,,,,,,IRE absent,"rattacher via referentiel si code corrige, sinon quarantaine"
staging.raw_idp_2024_src_pollution_marche_cadre,,,,,,IRE absent,"rattacher via referentiel si code corrige, sinon quarantaine"
staging.raw_idp_2024_src_pollution_marche_cadre,,,,,,IRE absent,"rattacher via referentiel si code corrige, sinon quarantaine"
staging.raw_idp_2024_src_pollution_marche_cadre,,,,,,IRE absent,"rattacher via referentiel si code corrige, sinon quarantaine"
staging.raw_idp_2024_src_pollution_marche_cadre,,,,,,IRE absent,"rattacher via referentiel si code corrige, sinon quarantaine"
staging.raw_idp_2024_src_pollution_marche_cadre,,,,,,IRE absent,"rattacher via referentiel si code corrige, sinon quarantaine"
staging.raw_idp_2024_src_pollution_marche_cadre,,,,,,IRE absent,"rattacher via referentiel si code corrige, sinon quarantaine"
staging.raw_idp_2024_src_pollution_marche_cadre,,,,,,IRE absent,"rattacher via referentiel si code corrige, sinon quarantaine"
staging.raw_idp_2024_src_pollution_marche_cadre,,,,,,IRE absent,"rattacher via referentiel si code corrige, sinon quarantaine"
staging.raw_idp_2024_src_pollution_marche_cadre,,,,,,IRE absent,"rattacher via referentiel si code corrige, sinon quarantaine"
staging.raw_idp_2024_src_pollution_marche_cadre,,,,,,IRE absent,"rattacher via referentiel si code corrige, sinon quarantaine"
staging.raw_idp_2024_src_pollution_marche_cadre,,,,,,IRE absent,"rattacher via referentiel si code corrige, sinon quarantaine"
staging.raw_idp_2024_src_pollution_marche_cadre,,,,,,IRE absent,"rattacher via referentiel si code corrige, sinon quarantaine"
staging.raw_idp_2024_src_pollution_marche_cadre,,,,,,IRE absent,"rattacher via referentiel si code corrige, sinon quarantaine"
staging.raw_idp_2024_src_pollution_marche_cadre,,,,,,IRE absent,"rattacher via referentiel si code corrige, sinon quarantaine"
staging.raw_idp_2024_src_pollution_marche_cadre,,,,,,IRE absent,"rattacher via referentiel si code corrige, sinon quarantaine"
staging.raw_idp_2024_src_pollution_marche_cadre,,,,,,IRE absent,"rattacher via referentiel si code corrige, sinon quarantaine"
staging.raw_idp_2024_src_pollution_marche_cadre,,,,,,IRE absent,"rattacher via referentiel si code corrige, sinon quarantaine"
staging.raw_idp_2024_src_pollution_marche_cadre,,,,,,IRE absent,"rattacher via referentiel si code corrige, sinon quarantaine"
staging.raw_idp_2024_src_pollution_marche_cadre,,,,,,IRE absent,"rattacher via referentiel si code corrige, sinon quarantaine"
staging.raw_idp_2024_src_pollution_marche_cadre,,,,,,IRE absent,"rattacher via referentiel si code corrige, sinon quarantaine"
staging.raw_idp_2024_src_pollution_marche_cadre,,,,,,IRE absent,"rattacher via referentiel si code corrige, sinon quarantaine"
staging.raw_idp_2024_src_pollution_marche_cadre,,,,,,IRE absent,"rattacher via referentiel si code corrige, sinon quarantaine"
staging.raw_idp_2024_src_pollution_marche_cadre,,,,,,IRE absent,"rattacher via referentiel si code corrige, sinon quarantaine"
staging.raw_idp_2024_src_pollution_marche_cadre,,,,,,IRE absent,"rattacher via referentiel si code corrige, sinon quarantaine"
staging.raw_idp_2024_src_pollution_marche_cadre,,,,,,IRE absent,"rattacher via referentiel si code corrige, sinon quarantaine"
staging.raw_idp_2024_src_pollution_marche_cadre,,,,,,IRE absent,"rattacher via referentiel si code corrige, sinon quarantaine"
staging.raw_idp_2024_src_pollution_marche_cadre,,,,,,IRE absent,"rattacher via referentiel si code corrige, sinon quarantaine"
staging.raw_idp_2024_src_pollution_marche_cadre,,,,,,IRE absent,"rattacher via referentiel si code corrige, sinon quarantaine"
staging.raw_idp_2024_src_pollution_marche_cadre,,,,,,IRE absent,"rattacher via referentiel si code corrige, sinon quarantaine"
staging.raw_idp_2024_src_pollution_marche_cadre,,,,,,IRE absent,"rattacher via referentiel si code corrige, sinon quarantaine"
staging.raw_idp_2024_src_pollution_marche_cadre,,,,,,IRE absent,"rattacher via referentiel si code corrige, sinon quarantaine"
staging.raw_idp_2024_src_pollution_marche_cadre,,,,,,IRE absent,"rattacher via referentiel si code corrige, sinon quarantaine"
staging.raw_idp_2024_src_pollution_marche_cadre,,,,,,IRE absent,"rattacher via referentiel si code corrige, sinon quarantaine"
staging.raw_idp_2024_src_pollution_marche_cadre,,,,,,IRE absent,"rattacher via referentiel si code corrige, sinon quarantaine"
staging.raw_idp_2024_src_pollution_marche_cadre,,,,,,IRE absent,"rattacher via referentiel si code corrige, sinon quarantaine"
staging.raw_idp_2024_src_pollution_marche_cadre,,,,,,IRE absent,"rattacher via referentiel si code corrige, sinon quarantaine"
staging.raw_idp_2024_src_pollution_marche_cadre,,,,,,IRE absent,"rattacher via referentiel si code corrige, sinon quarantaine"
staging.raw_idp_2024_src_pollution_marche_cadre,,,,,,IRE absent,"rattacher via referentiel si code corrige, sinon quarantaine"
staging.raw_idp_2024_src_pollution_marche_cadre,,,,,,IRE absent,"rattacher via referentiel si code corrige, sinon quarantaine"
staging.raw_idp_2024_src_pollution_marche_cadre,,,,,,IRE absent,"rattacher via referentiel si code corrige, sinon quarantaine"
staging.raw_idp_2024_src_pollution_marche_cadre,,,,,,IRE absent,"rattacher via referentiel si code corrige, sinon quarantaine"
staging.raw_idp_2024_src_pollution_marche_cadre,,,,,,IRE absent,"rattacher via referentiel si code corrige, sinon quarantaine"
staging.raw_idp_2024_src_pollution_marche_cadre,,,,,,IRE absent,"rattacher via referentiel si code corrige, sinon quarantaine"
staging.raw_idp_2024_src_pollution_marche_cadre,,,,,,IRE absent,"rattacher via referentiel si code corrige, sinon quarantaine"
staging.raw_idp_2024_src_pollution_marche_cadre,,,,,,IRE absent,"rattacher via referentiel si code corrige, sinon quarantaine"
staging.raw_idp_2024_src_pollution_marche_cadre,,,,,,IRE absent,"rattacher via referentiel si code corrige, sinon quarantaine"
staging.raw_idp_2024_src_pollution_marche_cadre,,,,,,IRE absent,"rattacher via referentiel si code corrige, sinon quarantaine"
staging.raw_idp_2024_src_pollution_marche_cadre,,,,,,IRE absent,"rattacher via referentiel si code corrige, sinon quarantaine"
staging.raw_idp_2024_src_pollution_marche_cadre,,,,,,IRE absent,"rattacher via referentiel si code corrige, sinon quarantaine"
staging.raw_idp_2024_src_pollution_marche_cadre,,,,,,IRE absent,"rattacher via referentiel si code corrige, sinon quarantaine"
staging.raw_idp_2024_src_pollution_marche_cadre,,,,,,IRE absent,"rattacher via referentiel si code corrige, sinon quarantaine"
staging.raw_idp_2024_src_pollution_marche_cadre,,,,,,IRE absent,"rattacher via referentiel si code corrige, sinon quarantaine"
staging.raw_idp_2024_src_pollution_marche_cadre,,,,,,IRE absent,"rattacher via referentiel si code corrige, sinon quarantaine"
staging.raw_idp_2024_src_pollution_marche_cadre,,,,,,IRE absent,"rattacher via referentiel si code corrige, sinon quarantaine"
staging.raw_idp_2024_src_pollution_marche_cadre,,,,,,IRE absent,"rattacher via referentiel si code corrige, sinon quarantaine"
staging.raw_idp_2024_src_pollution_marche_cadre,,,,,,IRE absent,"rattacher via referentiel si code corrige, sinon quarantaine"
staging.raw_idp_2024_src_pollution_marche_cadre,,,,,,IRE absent,"rattacher via referentiel si code corrige, sinon quarantaine"
staging.raw_idp_2024_src_pollution_marche_cadre,,,,,,IRE absent,"rattacher via referentiel si code corrige, sinon quarantaine"
staging.raw_idp_2024_src_pollution_marche_cadre,,,,,,IRE absent,"rattacher via referentiel si code corrige, sinon quarantaine"
staging.raw_idp_2024_src_pollution_marche_cadre,,,,,,IRE absent,"rattacher via referentiel si code corrige, sinon quarantaine"
staging.raw_idp_2024_src_pollution_marche_cadre,,,,,,IRE absent,"rattacher via referentiel si code corrige, sinon quarantaine"
staging.raw_idp_2024_src_pollution_marche_cadre,,,,,,IRE absent,"rattacher via referentiel si code corrige, sinon quarantaine"
staging.raw_idp_2024_src_pollution_marche_cadre,,,,,,IRE absent,"rattacher via referentiel si code corrige, sinon quarantaine"
staging.raw_idp_2024_src_pollution_marche_cadre,,,,,,IRE absent,"rattacher via referentiel si code corrige, sinon quarantaine"
staging.raw_idp_2024_src_pollution_marche_cadre,,,,,,IRE absent,"rattacher via referentiel si code corrige, sinon quarantaine"
staging.raw_idp_2024_src_pollution_marche_cadre,,,,,,IRE absent,"rattacher via referentiel si code corrige, sinon quarantaine"
staging.raw_idp_2024_src_pollution_marche_cadre,,,,,,IRE absent,"rattacher via referentiel si code corrige, sinon quarantaine"
staging.raw_idp_2024_src_pollution_marche_cadre,,,,,,IRE absent,"rattacher via referentiel si code corrige, sinon quarantaine"
staging.raw_idp_2024_src_pollution_marche_cadre,,,,,,IRE absent,"rattacher via referentiel si code corrige, sinon quarantaine"
staging.raw_idp_2024_src_pollution_marche_cadre,,,,,,IRE absent,"rattacher via referentiel si code corrige, sinon quarantaine"
staging.raw_idp_2024_src_pollution_marche_cadre,,,,,,IRE absent,"rattacher via referentiel si code corrige, sinon quarantaine"
staging.raw_idp_2024_src_pollution_marche_cadre,,,,,,IRE absent,"rattacher via referentiel si code corrige, sinon quarantaine"
staging.raw_idp_2024_src_pollution_marche_cadre,,,,,,IRE absent,"rattacher via referentiel si code corrige, sinon quarantaine"
staging.raw_idp_2024_src_pollution_marche_cadre,,,,,,IRE absent,"rattacher via referentiel si code corrige, sinon quarantaine"
staging.raw_idp_2024_src_pollution_marche_cadre,,,,,,IRE absent,"rattacher via referentiel si code corrige, sinon quarantaine"
staging.raw_idp_2024_src_pollution_marche_cadre,,,,,,IRE absent,"rattacher via referentiel si code corrige, sinon quarantaine"
staging.raw_idp_2024_src_pollution_marche_cadre,,,,,,IRE absent,"rattacher via referentiel si code corrige, sinon quarantaine"
staging.raw_idp_2024_src_pollution_marche_cadre,,,,,,IRE absent,"rattacher via referentiel si code corrige, sinon quarantaine"
staging.raw_idp_2024_src_pollution_marche_cadre,,,,,,IRE absent,"rattacher via referentiel si code corrige, sinon quarantaine"
staging.raw_idp_2024_src_pollution_marche_cadre,,,,,,IRE absent,"rattacher via referentiel si code corrige, sinon quarantaine"
staging.raw_idp_2024_src_pollution_marche_cadre,,,,,,IRE absent,"rattacher via referentiel si code corrige, sinon quarantaine"
staging.raw_idp_2024_src_pollution_marche_cadre,,,,,,IRE absent,"rattacher via referentiel si code corrige, sinon quarantaine"
staging.raw_idp_2024_src_pollution_marche_cadre,,,,,,IRE absent,"rattacher via referentiel si code corrige, sinon quarantaine"
staging.raw_barrages_abhs,22,,,sidi abbou,,code absent,"rattacher via referentiel si code corrige, sinon quarantaine"
staging.raw_barrages_abhs,21,,,ratba,,code absent,"rattacher via referentiel si code corrige, sinon quarantaine"
staging.raw_barrages_abhs,20,,,m'dez,,code absent,"rattacher via referentiel si code corrige, sinon quarantaine"
staging.raw_barrages_abhs,19,,,ain smen,,code absent,"rattacher via referentiel si code corrige, sinon quarantaine"
staging.raw_barrages_abhs,12,,,ribate el kheir,,code absent,"rattacher via referentiel si code corrige, sinon quarantaine"
staging.raw_barrages_abhs,18,,,sid el mokhfi,,code absent,"rattacher via referentiel si code corrige, sinon quarantaine"
staging.raw_barrages_abhs,13,,,machraa lahjer,,code absent,"rattacher via referentiel si code corrige, sinon quarantaine"
staging.raw_barrages_abhs,15,,,kodiat borna,,code absent,"rattacher via referentiel si code corrige, sinon quarantaine"
staging.raw_barrages_abhs,17,,,tafrent,,code absent,"rattacher via referentiel si code corrige, sinon quarantaine"
staging.raw_barrages_abhs,16,,,bab ouander,,code absent,"rattacher via referentiel si code corrige, sinon quarantaine"
staging.raw_barrages_abhs,14,,,rdat,,code absent,"rattacher via referentiel si code corrige, sinon quarantaine"
staging.raw_barrages_abhs,24,,,blad  el  gaada,,code absent,"rattacher via referentiel si code corrige, sinon quarantaine"
staging.raw_barrages_abhs,25,,,mahraz,,code absent,"rattacher via referentiel si code corrige, sinon quarantaine"
staging.raw_barrages_abhs,26,,,aggay,,code absent,"rattacher via referentiel si code corrige, sinon quarantaine"
staging.raw_barrages_abhs,27,,,injil,,code absent,"rattacher via referentiel si code corrige, sinon quarantaine"
staging.raw_barrages_abhs,28,,,tizguit aval,,code absent,"rattacher via referentiel si code corrige, sinon quarantaine"
staging.raw_barrages_abhs,29,,,tizguit  amont,,code absent,"rattacher via referentiel si code corrige, sinon quarantaine"
staging.raw_barrages_abhs,30,,,aman  seyernine,,code absent,"rattacher via referentiel si code corrige, sinon quarantaine"
staging.raw_barrages_abhs,31,,,jorf el ghorab,,code absent,"rattacher via referentiel si code corrige, sinon quarantaine"
staging.raw_barrages_abhs,32,,,gharbia,,code absent,"rattacher via referentiel si code corrige, sinon quarantaine"
staging.raw_barrages_abhs,33,,,essaf,,code absent,"rattacher via referentiel si code corrige, sinon quarantaine"
staging.raw_barrages_abhs,34,,,,,code absent,"rattacher via referentiel si code corrige, sinon quarantaine"
staging.raw_points_eau_abhs,25,,ALH_PDOM1_PE1 ,Lahcen Bizizi,,code non reconnu,"rattacher via referentiel si code corrige, sinon quarantaine"
staging.raw_points_eau_abhs,33,, B_DECH_PE2,Puits ire 72/10,,code non reconnu,"rattacher via referentiel si code corrige, sinon quarantaine"
staging.raw_points_eau_abhs,45,, GIG_DECH_PE1,Puit LOUPARIS,,code non reconnu,"rattacher via referentiel si code corrige, sinon quarantaine"
staging.raw_points_eau_abhs,11,, M-DECH-PE3,Forage ire 3224/15 arte,,code non reconnu,"rattacher via referentiel si code corrige, sinon quarantaine"
staging.raw_points_eau_abhs,10,, M-DECH-PE1,Forage ire 2153/15 artezien,,code non reconnu,"rattacher via referentiel si code corrige, sinon quarantaine"
staging.raw_rejets_domestiques_abhs,24,,,,,code absent,"rattacher via referentiel si code corrige, sinon quarantaine"
staging.raw_rejets_domestiques_abhs,26,,,,,code absent,"rattacher via referentiel si code corrige, sinon quarantaine"
staging.raw_rejets_domestiques_abhs,27,,,,,code absent,"rattacher via referentiel si code corrige, sinon quarantaine"
staging.raw_rejets_domestiques_abhs,203,,,,,code absent,"rattacher via referentiel si code corrige, sinon quarantaine"
staging.raw_rejets_domestiques_abhs,358,,,,,code absent,"rattacher via referentiel si code corrige, sinon quarantaine"
staging.raw_rejets_domestiques_abhs,359,,,,,code absent,"rattacher via referentiel si code corrige, sinon quarantaine"
staging.raw_rejets_domestiques_abhs,360,,,,,code absent,"rattacher via referentiel si code corrige, sinon quarantaine"
staging.raw_rejets_domestiques_abhs,361,,,,,code absent,"rattacher via referentiel si code corrige, sinon quarantaine"
staging.raw_rejets_domestiques_abhs,362,,,,,code absent,"rattacher via referentiel si code corrige, sinon quarantaine"
staging.raw_rejets_domestiques_abhs,32,,,,,code absent,"rattacher via referentiel si code corrige, sinon quarantaine"
staging.raw_rejets_domestiques_abhs,204,,,,,code absent,"rattacher via referentiel si code corrige, sinon quarantaine"
staging.raw_rejets_domestiques_abhs,210,,,,,code absent,"rattacher via referentiel si code corrige, sinon quarantaine"
staging.raw_rejets_domestiques_abhs,211,,,,,code absent,"rattacher via referentiel si code corrige, sinon quarantaine"
staging.raw_rejets_domestiques_abhs,214,,,,,code absent,"rattacher via referentiel si code corrige, sinon quarantaine"
staging.raw_rejets_domestiques_abhs,215,,,,,code absent,"rattacher via referentiel si code corrige, sinon quarantaine"
staging.raw_rejets_domestiques_abhs,216,,,,,code absent,"rattacher via referentiel si code corrige, sinon quarantaine"
staging.raw_rejets_domestiques_abhs,240,,,,,code absent,"rattacher via referentiel si code corrige, sinon quarantaine"
staging.raw_rejets_domestiques_abhs,287,,,,,code absent,"rattacher via referentiel si code corrige, sinon quarantaine"
staging.raw_rejets_domestiques_abhs,217,,,,,code absent,"rattacher via referentiel si code corrige, sinon quarantaine"
staging.raw_rejets_domestiques_abhs,218,,,,,code absent,"rattacher via referentiel si code corrige, sinon quarantaine"
staging.raw_rejets_domestiques_abhs,219,,,,,code absent,"rattacher via referentiel si code corrige, sinon quarantaine"
staging.raw_rejets_domestiques_abhs,239,,,,,code absent,"rattacher via referentiel si code corrige, sinon quarantaine"
staging.raw_rejets_domestiques_abhs,220,,,,,code absent,"rattacher via referentiel si code corrige, sinon quarantaine"
staging.raw_rejets_domestiques_abhs,221,,,,,code absent,"rattacher via referentiel si code corrige, sinon quarantaine"
staging.raw_rejets_domestiques_abhs,222,,,,,code absent,"rattacher via referentiel si code corrige, sinon quarantaine"
staging.raw_rejets_domestiques_abhs,223,,,,,code absent,"rattacher via referentiel si code corrige, sinon quarantaine"
staging.raw_rejets_domestiques_abhs,224,,,,,code absent,"rattacher via referentiel si code corrige, sinon quarantaine"
staging.raw_rejets_domestiques_abhs,227,,,,,code absent,"rattacher via referentiel si code corrige, sinon quarantaine"
staging.raw_rejets_domestiques_abhs,228,,,,,code absent,"rattacher via referentiel si code corrige, sinon quarantaine"
staging.raw_rejets_domestiques_abhs,229,,,,,code absent,"rattacher via referentiel si code corrige, sinon quarantaine"
staging.raw_rejets_domestiques_abhs,230,,,,,code absent,"rattacher via referentiel si code corrige, sinon quarantaine"
staging.raw_rejets_domestiques_abhs,233,,,,,code absent,"rattacher via referentiel si code corrige, sinon quarantaine"
staging.raw_rejets_domestiques_abhs,234,,,,,code absent,"rattacher via referentiel si code corrige, sinon quarantaine"
staging.raw_rejets_domestiques_abhs,236,,,,,code absent,"rattacher via referentiel si code corrige, sinon quarantaine"
staging.raw_rejets_domestiques_abhs,238,,,,,code absent,"rattacher via referentiel si code corrige, sinon quarantaine"
staging.raw_rejets_domestiques_abhs,244,,,,,code absent,"rattacher via referentiel si code corrige, sinon quarantaine"
staging.raw_rejets_domestiques_abhs,283,,,,,code absent,"rattacher via referentiel si code corrige, sinon quarantaine"
staging.raw_rejets_domestiques_abhs,289,,,,,code absent,"rattacher via referentiel si code corrige, sinon quarantaine"
staging.raw_rejets_domestiques_abhs,292,,,,,code absent,"rattacher via referentiel si code corrige, sinon quarantaine"
staging.raw_rejets_domestiques_abhs,293,,,,,code absent,"rattacher via referentiel si code corrige, sinon quarantaine"
staging.raw_rejets_domestiques_abhs,295,,,,,code absent,"rattacher via referentiel si code corrige, sinon quarantaine"
staging.raw_rejets_domestiques_abhs,296,,,,,code absent,"rattacher via referentiel si code corrige, sinon quarantaine"
staging.raw_rejets_domestiques_abhs,297,,,,,code absent,"rattacher via referentiel si code corrige, sinon quarantaine"
staging.raw_rejets_domestiques_abhs,316,,,,,code absent,"rattacher via referentiel si code corrige, sinon quarantaine"
staging.raw_rejets_domestiques_abhs,351,,,,,code absent,"rattacher via referentiel si code corrige, sinon quarantaine"
staging.raw_rejets_domestiques_abhs,352,,,,,code absent,"rattacher via referentiel si code corrige, sinon quarantaine"
staging.raw_rejets_domestiques_abhs,355,,,,,code absent,"rattacher via referentiel si code corrige, sinon quarantaine"
staging.raw_rejets_domestiques_abhs,357,,,,,code absent,"rattacher via referentiel si code corrige, sinon quarantaine"
staging.raw_rejets_domestiques_abhs,261,,,,,code absent,"rattacher via referentiel si code corrige, sinon quarantaine"
staging.raw_rejets_domestiques_abhs,264,,,,,code absent,"rattacher via referentiel si code corrige, sinon quarantaine"
staging.raw_rejets_domestiques_abhs,266,,,,,code absent,"rattacher via referentiel si code corrige, sinon quarantaine"
staging.raw_rejets_domestiques_abhs,267,,,,,code absent,"rattacher via referentiel si code corrige, sinon quarantaine"
staging.raw_rejets_domestiques_abhs,268,,,,,code absent,"rattacher via referentiel si code corrige, sinon quarantaine"
staging.raw_rejets_domestiques_abhs,269,,,,,code absent,"rattacher via referentiel si code corrige, sinon quarantaine"
staging.raw_rejets_domestiques_abhs,270,,,,,code absent,"rattacher via referentiel si code corrige, sinon quarantaine"
staging.raw_rejets_domestiques_abhs,271,,,,,code absent,"rattacher via referentiel si code corrige, sinon quarantaine"
staging.raw_rejets_domestiques_abhs,272,,,,,code absent,"rattacher via referentiel si code corrige, sinon quarantaine"
staging.raw_rejets_domestiques_abhs,174,,,,,code absent,"rattacher via referentiel si code corrige, sinon quarantaine"
staging.raw_rejets_domestiques_abhs,178,,,,,code absent,"rattacher via referentiel si code corrige, sinon quarantaine"
staging.raw_rejets_domestiques_abhs,179,,,,,code absent,"rattacher via referentiel si code corrige, sinon quarantaine"
staging.raw_rejets_domestiques_abhs,181,,,,,code absent,"rattacher via referentiel si code corrige, sinon quarantaine"
staging.raw_rejets_domestiques_abhs,182,,,,,code absent,"rattacher via referentiel si code corrige, sinon quarantaine"
staging.raw_rejets_domestiques_abhs,183,,,,,code absent,"rattacher via referentiel si code corrige, sinon quarantaine"
staging.raw_rejets_domestiques_abhs,186,,,,,code absent,"rattacher via referentiel si code corrige, sinon quarantaine"
staging.raw_rejets_domestiques_abhs,192,,,,,code absent,"rattacher via referentiel si code corrige, sinon quarantaine"
staging.raw_rejets_domestiques_abhs,193,,,,,code absent,"rattacher via referentiel si code corrige, sinon quarantaine"
staging.raw_rejets_domestiques_abhs,194,,,,,code absent,"rattacher via referentiel si code corrige, sinon quarantaine"
staging.raw_rejets_domestiques_abhs,260,,,,,code absent,"rattacher via referentiel si code corrige, sinon quarantaine"
staging.raw_rejets_domestiques_abhs,262,,,,,code absent,"rattacher via referentiel si code corrige, sinon quarantaine"
staging.raw_rejets_domestiques_abhs,16,,,,,code absent,"rattacher via referentiel si code corrige, sinon quarantaine"
staging.raw_rejets_domestiques_abhs,184,,BHD_PDS_R1 ,,,code non reconnu,"rattacher via referentiel si code corrige, sinon quarantaine"
staging.raw_rejets_domestiques_abhs,298,,,,,code absent,"rattacher via referentiel si code corrige, sinon quarantaine"
staging.raw_rejets_domestiques_abhs,168,,THS_PDS_R1 ,,,code non reconnu,"rattacher via referentiel si code corrige, sinon quarantaine"
staging.raw_rejets_domestiques_abhs,149,, AZA_DOM_R1,,,code non reconnu,"rattacher via referentiel si code corrige, sinon quarantaine"
staging.raw_rejets_domestiques_abhs,148,, AZA_DOM_R2,,,code non reconnu,"rattacher via referentiel si code corrige, sinon quarantaine"
staging.raw_rejets_domestiques_abhs,59,,BOL_PDOM_R1 ,,,code non reconnu,"rattacher via referentiel si code corrige, sinon quarantaine"
staging.raw_rejets_domestiques_abhs,17,,,,,code absent,"rattacher via referentiel si code corrige, sinon quarantaine"
staging.raw_rejets_domestiques_abhs,18,,,,,code absent,"rattacher via referentiel si code corrige, sinon quarantaine"
staging.raw_rejets_domestiques_abhs,19,,,,,code absent,"rattacher via referentiel si code corrige, sinon quarantaine"
staging.raw_rejets_domestiques_abhs,20,,,,,code absent,"rattacher via referentiel si code corrige, sinon quarantaine"
staging.raw_rejets_domestiques_abhs,21,,,,,code absent,"rattacher via referentiel si code corrige, sinon quarantaine"
staging.raw_rejets_domestiques_abhs,22,,,,,code absent,"rattacher via referentiel si code corrige, sinon quarantaine"
staging.raw_rejets_domestiques_abhs,169,,,,,code absent,"rattacher via referentiel si code corrige, sinon quarantaine"
staging.raw_rejets_domestiques_abhs,171,,,,,code absent,"rattacher via referentiel si code corrige, sinon quarantaine"
staging.raw_rejets_ind_abhs,1,,,ROY AGRI MAROC,,code absent,"rattacher via referentiel si code corrige, sinon quarantaine"
staging.raw_rejets_ind_abhs,2,,,UNIMER,,code absent,"rattacher via referentiel si code corrige, sinon quarantaine"
staging.raw_rejets_ind_abhs,3,,,NATBERRY MAROC,,code absent,"rattacher via referentiel si code corrige, sinon quarantaine"
staging.raw_rejets_ind_abhs,4,,,MAZARIA BASSITA,,code absent,"rattacher via referentiel si code corrige, sinon quarantaine"
staging.raw_rejets_ind_abhs,5,,,Exta Nouvelle,,code absent,"rattacher via referentiel si code corrige, sinon quarantaine"
staging.raw_rejets_ind_abhs,6,,,Tannerie Tazi,,code absent,"rattacher via referentiel si code corrige, sinon quarantaine"
staging.raw_rejets_ind_abhs,7,,,EnviroPack,,code absent,"rattacher via referentiel si code corrige, sinon quarantaine"
staging.raw_rejets_ind_abhs,8,,,Dépôt Arab Huiler,,code absent,"rattacher via referentiel si code corrige, sinon quarantaine"
staging.raw_rejets_ind_abhs,9,,,GASTROMIXTE ,,code absent,"rattacher via referentiel si code corrige, sinon quarantaine"
staging.raw_rejets_ind_abhs,10,,,Sotrameg,,code absent,"rattacher via referentiel si code corrige, sinon quarantaine"
staging.raw_rejets_ind_abhs,11,,,Sunabel,,code absent,"rattacher via referentiel si code corrige, sinon quarantaine"
staging.raw_rejets_abattoirs_abhs,1,,,,,code absent,"rattacher via referentiel si code corrige, sinon quarantaine"
staging.raw_rejets_abattoirs_abhs,2,,,,,code absent,"rattacher via referentiel si code corrige, sinon quarantaine"
staging.raw_rejets_abattoirs_abhs,3,,,,,code absent,"rattacher via referentiel si code corrige, sinon quarantaine"
staging.raw_rejets_abattoirs_abhs,4,,,,,code absent,"rattacher via referentiel si code corrige, sinon quarantaine"
staging.raw_rejets_abattoirs_abhs,5,,,,,code absent,"rattacher via referentiel si code corrige, sinon quarantaine"
staging.raw_rejets_abattoirs_abhs,6,,,,,code absent,"rattacher via referentiel si code corrige, sinon quarantaine"
staging.raw_rejets_abattoirs_abhs,7,,,,,code absent,"rattacher via referentiel si code corrige, sinon quarantaine"
staging.raw_rejets_abattoirs_abhs,8,,,,,code absent,"rattacher via referentiel si code corrige, sinon quarantaine"
staging.raw_rejets_abattoirs_abhs,9,,,,,code absent,"rattacher via referentiel si code corrige, sinon quarantaine"
staging.raw_rejets_abattoirs_abhs,10,,,,,code absent,"rattacher via referentiel si code corrige, sinon quarantaine"
staging.raw_rejets_abattoirs_abhs,11,,,,,code absent,"rattacher via referentiel si code corrige, sinon quarantaine"
staging.raw_rejets_abattoirs_abhs,12,,,,,code absent,"rattacher via referentiel si code corrige, sinon quarantaine"
staging.raw_rejets_abattoirs_abhs,13,,,,,code absent,"rattacher via referentiel si code corrige, sinon quarantaine"
staging.raw_rejets_abattoirs_abhs,14,,,,,code absent,"rattacher via referentiel si code corrige, sinon quarantaine"
staging.raw_rejets_abattoirs_abhs,15,,,,,code absent,"rattacher via referentiel si code corrige, sinon quarantaine"
staging.raw_rejets_abattoirs_abhs,16,,,,,code absent,"rattacher via referentiel si code corrige, sinon quarantaine"
staging.raw_rejets_abattoirs_abhs,17,,,,,code absent,"rattacher via referentiel si code corrige, sinon quarantaine"
staging.raw_rejets_abattoirs_abhs,18,,,,,code absent,"rattacher via referentiel si code corrige, sinon quarantaine"
staging.raw_rejets_abattoirs_abhs,19,,,,,code absent,"rattacher via referentiel si code corrige, sinon quarantaine"
staging.raw_rejets_abattoirs_abhs,20,,,,,code absent,"rattacher via referentiel si code corrige, sinon quarantaine"
staging.raw_rejets_abattoirs_abhs,21,,,,,code absent,"rattacher via referentiel si code corrige, sinon quarantaine"
staging.raw_rejets_abattoirs_abhs,22,,,,,code absent,"rattacher via referentiel si code corrige, sinon quarantaine"
staging.raw_rejets_abattoirs_abhs,23,,,,,code absent,"rattacher via referentiel si code corrige, sinon quarantaine"
staging.raw_rejets_abattoirs_abhs,24,,,,,code absent,"rattacher via referentiel si code corrige, sinon quarantaine"
staging.raw_rejets_abattoirs_abhs,25,,,,,code absent,"rattacher via referentiel si code corrige, sinon quarantaine"
staging.raw_rejets_abattoirs_abhs,26,,,,,code absent,"rattacher via referentiel si code corrige, sinon quarantaine"
staging.raw_rejets_abattoirs_abhs,27,,,,,code absent,"rattacher via referentiel si code corrige, sinon quarantaine"
staging.raw_rejets_abattoirs_abhs,28,,,,,code absent,"rattacher via referentiel si code corrige, sinon quarantaine"
staging.raw_rejets_abattoirs_abhs,29,,,,,code absent,"rattacher via referentiel si code corrige, sinon quarantaine"
staging.raw_rejets_abattoirs_abhs,30,,,,,code absent,"rattacher via referentiel si code corrige, sinon quarantaine"
staging.raw_rejets_abattoirs_abhs,31,,,,,code absent,"rattacher via referentiel si code corrige, sinon quarantaine"
staging.raw_rejets_abattoirs_abhs,32,,,,,code absent,"rattacher via referentiel si code corrige, sinon quarantaine"
staging.raw_rejets_abattoirs_abhs,33,,,,,code absent,"rattacher via referentiel si code corrige, sinon quarantaine"
staging.raw_rejets_abattoirs_abhs,34,,,,,code absent,"rattacher via referentiel si code corrige, sinon quarantaine"
staging.raw_rejets_abattoirs_abhs,35,,,,,code absent,"rattacher via referentiel si code corrige, sinon quarantaine"
staging.raw_rejets_abattoirs_abhs,36,,,,,code absent,"rattacher via referentiel si code corrige, sinon quarantaine"
staging.raw_rejets_abattoirs_abhs,37,,,,,code absent,"rattacher via referentiel si code corrige, sinon quarantaine"
staging.raw_rejets_abattoirs_abhs,38,,,,,code absent,"rattacher via referentiel si code corrige, sinon quarantaine"
staging.raw_rejets_abattoirs_abhs,39,,,,,code absent,"rattacher via referentiel si code corrige, sinon quarantaine"
staging.raw_rejets_abattoirs_abhs,40,,,,,code absent,"rattacher via referentiel si code corrige, sinon quarantaine"
staging.raw_rejets_abattoirs_abhs,41,,,,,code absent,"rattacher via referentiel si code corrige, sinon quarantaine"
staging.raw_rejets_abattoirs_abhs,42,,,,,code absent,"rattacher via referentiel si code corrige, sinon quarantaine"
staging.raw_rejets_abattoirs_abhs,43,,,,,code absent,"rattacher via referentiel si code corrige, sinon quarantaine"
staging.raw_rejets_abattoirs_abhs,44,,,,,code absent,"rattacher via referentiel si code corrige, sinon quarantaine"
staging.raw_rejets_abattoirs_abhs,45,,,,,code absent,"rattacher via referentiel si code corrige, sinon quarantaine"
staging.raw_rejets_abattoirs_abhs,46,,,,,code absent,"rattacher via referentiel si code corrige, sinon quarantaine"
staging.raw_rejets_abattoirs_abhs,47,,,,,code absent,"rattacher via referentiel si code corrige, sinon quarantaine"
staging.raw_rejets_abattoirs_abhs,48,,,,,code absent,"rattacher via referentiel si code corrige, sinon quarantaine"
staging.raw_rejets_abattoirs_abhs,49,,,,,code absent,"rattacher via referentiel si code corrige, sinon quarantaine"
staging.raw_rejets_abattoirs_abhs,50,,,,,code absent,"rattacher via referentiel si code corrige, sinon quarantaine"
staging.raw_rejets_abattoirs_abhs,51,,,,,code absent,"rattacher via referentiel si code corrige, sinon quarantaine"
staging.raw_rejets_abattoirs_abhs,52,,,,,code absent,"rattacher via referentiel si code corrige, sinon quarantaine"
staging.raw_rejets_abattoirs_abhs,53,,,,,code absent,"rattacher via referentiel si code corrige, sinon quarantaine"
staging.raw_rejets_abattoirs_abhs,54,,,,,code absent,"rattacher via referentiel si code corrige, sinon quarantaine"
staging.raw_rejets_abattoirs_abhs,55,,,,,code absent,"rattacher via referentiel si code corrige, sinon quarantaine"
staging.raw_rejets_abattoirs_abhs,56,,,,,code absent,"rattacher via referentiel si code corrige, sinon quarantaine"
staging.raw_rejets_abattoirs_abhs,57,,,,,code absent,"rattacher via referentiel si code corrige, sinon quarantaine"
staging.raw_rejets_abattoirs_abhs,58,,,,,code absent,"rattacher via referentiel si code corrige, sinon quarantaine"
staging.raw_rejets_abattoirs_abhs,59,,,,,code absent,"rattacher via referentiel si code corrige, sinon quarantaine"
staging.raw_rejets_abattoirs_abhs,60,,,,,code absent,"rattacher via referentiel si code corrige, sinon quarantaine"
staging.raw_rejets_abattoirs_abhs,61,,,,,code absent,"rattacher via referentiel si code corrige, sinon quarantaine"
staging.raw_step_abhs,39,,,,,code absent,"rattacher via referentiel si code corrige, sinon quarantaine"
staging.raw_step_abhs,23,, ARA_DOM1,,,code non reconnu,"rattacher via referentiel si code corrige, sinon quarantaine"
staging.raw_step_abhs,1,,,,,code absent,"rattacher via referentiel si code corrige, sinon quarantaine"
staging.raw_step_abhs,13,, SBS_DOM,,,code non reconnu,"rattacher via referentiel si code corrige, sinon quarantaine"
staging.raw_step_abhs,32,, SDS_DOM1,,,code non reconnu,"rattacher via referentiel si code corrige, sinon quarantaine"
staging.raw_step_abhs,20,,  MEK_PDOM1,,,code non reconnu,"rattacher via referentiel si code corrige, sinon quarantaine"
staging.raw_step_abhs,40,,,,,code absent,"rattacher via referentiel si code corrige, sinon quarantaine"
staging.raw_step_abhs,35,, GFS-PDS,,,code non reconnu,"rattacher via referentiel si code corrige, sinon quarantaine"
staging.raw_step_abhs,24,, KEN_DOM1,,,code non reconnu,"rattacher via referentiel si code corrige, sinon quarantaine"
staging.raw_step_abhs,41,,,,,code absent,"rattacher via referentiel si code corrige, sinon quarantaine"
staging.raw_step_ind_abhs,1,,,SETEXAM,,code absent,"rattacher via referentiel si code corrige, sinon quarantaine"
staging.raw_step_ind_abhs,2,,,CMCP,,code absent,"rattacher via referentiel si code corrige, sinon quarantaine"
staging.raw_step_ind_abhs,3,,, EXTRALAIT,,code absent,"rattacher via referentiel si code corrige, sinon quarantaine"
staging.raw_step_ind_abhs,4,,,SOTRAMEG,,code absent,"rattacher via referentiel si code corrige, sinon quarantaine"
staging.raw_step_ind_abhs,5,,,Zone Franche Atlantic Kenitra,,code absent,"rattacher via referentiel si code corrige, sinon quarantaine"
staging.raw_step_ind_abhs,6,,,SURAC-SUNABEL BELKSIRI,,code absent,"rattacher via referentiel si code corrige, sinon quarantaine"
staging.raw_step_ind_abhs,7,,,Biorésine,,code absent,"rattacher via referentiel si code corrige, sinon quarantaine"
staging.raw_step_ind_abhs,8,,,Centrale Danone,,code absent,"rattacher via referentiel si code corrige, sinon quarantaine"
staging.raw_step_ind_abhs,9,,,Usine Chergui,,code absent,"rattacher via referentiel si code corrige, sinon quarantaine"
staging.raw_step_ind_abhs,10,,,Lafarge-Holcim,,code absent,"rattacher via referentiel si code corrige, sinon quarantaine"
staging.raw_step_ind_abhs,11,,,Huileries du Souss Belhassan,,code absent,"rattacher via referentiel si code corrige, sinon quarantaine"
staging.raw_step_ind_abhs,12,,,,,code absent,"rattacher via referentiel si code corrige, sinon quarantaine"
staging.raw_step_ind_abhs,13,,,Lafarge-Holcim fes,,code absent,"rattacher via referentiel si code corrige, sinon quarantaine"
staging.raw_step_ind_abhs,14,,,Lafarge-Holcim,,code absent,"rattacher via referentiel si code corrige, sinon quarantaine"
staging.raw_step_ind_abhs,15,,,Dar El Gueddari Sugar Plant,,code absent,"rattacher via referentiel si code corrige, sinon quarantaine"
staging.raw_decharges_abhs,205,, J_DECH,,,code non reconnu,"rattacher via referentiel si code corrige, sinon quarantaine"
staging.raw_decharges_abhs,21,, BSH-DECH,,,code non reconnu,"rattacher via referentiel si code corrige, sinon quarantaine"
staging.raw_decharges_abhs,29,, TLT-DECH,,,code non reconnu,"rattacher via referentiel si code corrige, sinon quarantaine"
staging.raw_decharges_abhs,44,,,,,code absent,"rattacher via referentiel si code corrige, sinon quarantaine"
staging.raw_decharges_abhs,50,, CHA_DECH1,,,code non reconnu,"rattacher via referentiel si code corrige, sinon quarantaine"
staging.raw_decharges_abhs,54,, INN-DECH,,,code non reconnu,"rattacher via referentiel si code corrige, sinon quarantaine"
staging.raw_decharges_abhs,56,, MNA_DECH1,,,code non reconnu,"rattacher via referentiel si code corrige, sinon quarantaine"
staging.raw_decharges_abhs,58,, ODM_DECH1,,,code non reconnu,"rattacher via referentiel si code corrige, sinon quarantaine"
staging.raw_decharges_abhs,61,, ,,,code absent,"rattacher via referentiel si code corrige, sinon quarantaine"
staging.raw_decharges_abhs,102,,BSM__DECH ,,,code non reconnu,"rattacher via referentiel si code corrige, sinon quarantaine"
staging.raw_decharges_abhs,113,, KSK_DEC,,,code non reconnu,"rattacher via referentiel si code corrige, sinon quarantaine"
staging.raw_decharges_abhs,124,, ,,,code absent,"rattacher via referentiel si code corrige, sinon quarantaine"
staging.raw_decharges_abhs,155,,,,,code absent,"rattacher via referentiel si code corrige, sinon quarantaine"
staging.raw_decharges_abhs,156,,,,,code absent,"rattacher via referentiel si code corrige, sinon quarantaine"
staging.raw_decharges_abhs,158,,,,,code absent,"rattacher via referentiel si code corrige, sinon quarantaine"
staging.raw_decharges_abhs,159,,,,,code absent,"rattacher via referentiel si code corrige, sinon quarantaine"
staging.raw_decharges_abhs,161,,,,,code absent,"rattacher via referentiel si code corrige, sinon quarantaine"
staging.raw_decharges_abhs,163,,,,,code absent,"rattacher via referentiel si code corrige, sinon quarantaine"
staging.raw_decharges_abhs,166,,,,,code absent,"rattacher via referentiel si code corrige, sinon quarantaine"
staging.raw_decharges_abhs,181,,AZR_DECH ,,,code non reconnu,"rattacher via referentiel si code corrige, sinon quarantaine"
staging.raw_decharges_abhs,182,,ALH__DECH ,,,code non reconnu,"rattacher via referentiel si code corrige, sinon quarantaine"
staging.raw_decharges_abhs,183,,OIF_DECH ,,,code non reconnu,"rattacher via referentiel si code corrige, sinon quarantaine"
staging.raw_decharges_abhs,42,, AY-DECH,,,code non reconnu,"rattacher via referentiel si code corrige, sinon quarantaine"
staging.raw_decharges_abhs,62,,,,,code absent,"rattacher via referentiel si code corrige, sinon quarantaine"
staging.raw_decharges_abhs,201,, T_DECH,,,code non reconnu,"rattacher via referentiel si code corrige, sinon quarantaine"
staging.raw_decharges_abhs,202,,,,,code absent,"rattacher via referentiel si code corrige, sinon quarantaine"
staging.raw_decharges_abhs,203,, T_DECH,,,code non reconnu,"rattacher via referentiel si code corrige, sinon quarantaine"
staging.raw_decharges_abhs,204,, T_DECH,,,code non reconnu,"rattacher via referentiel si code corrige, sinon quarantaine"
staging.raw_decharges_abhs,67,, SEG-DECH,,,code non reconnu,"rattacher via referentiel si code corrige, sinon quarantaine"
staging.raw_decharges_abhs,20,, BFG-DECH,,,code non reconnu,"rattacher via referentiel si code corrige, sinon quarantaine"
staging.raw_decharges_abhs,152,,,,,code absent,"rattacher via referentiel si code corrige, sinon quarantaine"
staging.raw_decharges_abhs,214,, T_DECH,,,code non reconnu,"rattacher via referentiel si code corrige, sinon quarantaine"
staging.raw_decharges_abhs,218,,SID_DECH ,,,code non reconnu,"rattacher via referentiel si code corrige, sinon quarantaine"
staging.raw_decharges_abhs,225,,IFR_DECH ,,,code non reconnu,"rattacher via referentiel si code corrige, sinon quarantaine"
staging.raw_decharges_abhs,227,,TMH_DECH ,,,code non reconnu,"rattacher via referentiel si code corrige, sinon quarantaine"
staging.raw_decharges_abhs,229,,,,,code absent,"rattacher via referentiel si code corrige, sinon quarantaine"
staging.raw_decharges_abhs,230,,,,,code absent,"rattacher via referentiel si code corrige, sinon quarantaine"
staging.raw_decharges_abhs,232,,,,,code absent,"rattacher via referentiel si code corrige, sinon quarantaine"
staging.raw_decharges_abhs,233,,,,,code absent,"rattacher via referentiel si code corrige, sinon quarantaine"
staging.raw_decharges_abhs,211,, T_DECH,,,code non reconnu,"rattacher via referentiel si code corrige, sinon quarantaine"
staging.raw_decharges_abhs,217,, A_DECH,,,code non reconnu,"rattacher via referentiel si code corrige, sinon quarantaine"
staging.raw_decharges_abhs,231,,,,,code absent,"rattacher via referentiel si code corrige, sinon quarantaine"
staging.raw_decharges_abhs,103,, E-DECH,,,code non reconnu,"rattacher via referentiel si code corrige, sinon quarantaine"
staging.raw_decharges_abhs,28,, BSN-DECH,,,code non reconnu,"rattacher via referentiel si code corrige, sinon quarantaine"
staging.raw_decharges_abhs,27,, TMT-DECH,,,code non reconnu,"rattacher via referentiel si code corrige, sinon quarantaine"
staging.raw_decharges_abhs,31,, FFI-DECH,,,code non reconnu,"rattacher via referentiel si code corrige, sinon quarantaine"
staging.raw_decharges_abhs,17,,  BTZ-DECH,,,code non reconnu,"rattacher via referentiel si code corrige, sinon quarantaine"
staging.raw_decharges_abhs,19,, BDR-DECH,,,code non reconnu,"rattacher via referentiel si code corrige, sinon quarantaine"
staging.raw_decharges_abhs,25,, OMH-DECH,,,code non reconnu,"rattacher via referentiel si code corrige, sinon quarantaine"
staging.raw_decharges_abhs,228,,,,,code absent,"rattacher via referentiel si code corrige, sinon quarantaine"
staging.raw_decharges_abhs,188,, AGA_DEC,,,code non reconnu,"rattacher via referentiel si code corrige, sinon quarantaine"
staging.raw_decharges_abhs,164,, GLZ-DECH,,,code non reconnu,"rattacher via referentiel si code corrige, sinon quarantaine"
staging.raw_decharges_abhs,195,, OUA_DEC,,,code non reconnu,"rattacher via referentiel si code corrige, sinon quarantaine"
staging.raw_decharges_abhs,174,, T_DECH,,,code non reconnu,"rattacher via referentiel si code corrige, sinon quarantaine"
staging.raw_decharges_abhs,57,, SBA_Déch1,,,code non reconnu,"rattacher via referentiel si code corrige, sinon quarantaine"
staging.raw_huileries_abhs,388,,,,,code absent,"rattacher via referentiel si code corrige, sinon quarantaine"
staging.raw_huileries_abhs,390,,,,,code absent,"rattacher via referentiel si code corrige, sinon quarantaine"
staging.raw_huileries_abhs,95,,,,,code absent,"rattacher via referentiel si code corrige, sinon quarantaine"
staging.raw_huileries_abhs,106,,,,,code absent,"rattacher via referentiel si code corrige, sinon quarantaine"
staging.raw_huileries_abhs,94,,,,,code absent,"rattacher via referentiel si code corrige, sinon quarantaine"
staging.raw_huileries_abhs,386,,,,,code absent,"rattacher via referentiel si code corrige, sinon quarantaine"
staging.raw_huileries_abhs,387,,,,,code absent,"rattacher via referentiel si code corrige, sinon quarantaine"
staging.raw_huileries_abhs,392,,,,,code absent,"rattacher via referentiel si code corrige, sinon quarantaine"
staging.raw_huileries_abhs,383,,,,,code absent,"rattacher via referentiel si code corrige, sinon quarantaine"
staging.raw_huileries_abhs,109,,,,,code absent,"rattacher via referentiel si code corrige, sinon quarantaine"
staging.raw_huileries_abhs,96,,,,,code absent,"rattacher via referentiel si code corrige, sinon quarantaine"
staging.raw_huileries_abhs,108,,,,,code absent,"rattacher via referentiel si code corrige, sinon quarantaine"
staging.raw_huileries_abhs,110,,,,,code absent,"rattacher via referentiel si code corrige, sinon quarantaine"
staging.raw_huileries_abhs,107,,,,,code absent,"rattacher via referentiel si code corrige, sinon quarantaine"
staging.raw_huileries_abhs,105,,,,,code absent,"rattacher via referentiel si code corrige, sinon quarantaine"
staging.raw_huileries_abhs,466,,,,,code absent,"rattacher via referentiel si code corrige, sinon quarantaine"
staging.raw_huileries_abhs,467,,,,,code absent,"rattacher via referentiel si code corrige, sinon quarantaine"
staging.raw_huileries_abhs,177,,,,,code absent,"rattacher via referentiel si code corrige, sinon quarantaine"
staging.raw_huileries_abhs,97,,,,,code absent,"rattacher via referentiel si code corrige, sinon quarantaine"
staging.raw_huileries_abhs,98,,,,,code absent,"rattacher via referentiel si code corrige, sinon quarantaine"
staging.raw_huileries_abhs,99,,,,,code absent,"rattacher via referentiel si code corrige, sinon quarantaine"
staging.raw_huileries_abhs,100,,,,,code absent,"rattacher via referentiel si code corrige, sinon quarantaine"
staging.raw_huileries_abhs,394,,,,,code absent,"rattacher via referentiel si code corrige, sinon quarantaine"
staging.raw_huileries_abhs,395,,,,,code absent,"rattacher via referentiel si code corrige, sinon quarantaine"
staging.raw_huileries_abhs,393,,,,,code absent,"rattacher via referentiel si code corrige, sinon quarantaine"
staging.raw_huileries_abhs,104,,,,,code absent,"rattacher via referentiel si code corrige, sinon quarantaine"
staging.raw_huileries_abhs,101,,,,,code absent,"rattacher via referentiel si code corrige, sinon quarantaine"
staging.raw_huileries_abhs,102,,,,,code absent,"rattacher via referentiel si code corrige, sinon quarantaine"
staging.raw_huileries_abhs,103,,,,,code absent,"rattacher via referentiel si code corrige, sinon quarantaine"
staging.raw_huileries_abhs,384,,,,,code absent,"rattacher via referentiel si code corrige, sinon quarantaine"
staging.raw_huileries_abhs,385,,,,,code absent,"rattacher via referentiel si code corrige, sinon quarantaine"
staging.raw_huileries_abhs,389,,,,,code absent,"rattacher via referentiel si code corrige, sinon quarantaine"
staging.raw_huileries_abhs,406,,,,,code absent,"rattacher via referentiel si code corrige, sinon quarantaine"
staging.raw_huileries_abhs,407,,,,,code absent,"rattacher via referentiel si code corrige, sinon quarantaine"
staging.raw_huileries_abhs,408,,,,,code absent,"rattacher via referentiel si code corrige, sinon quarantaine"
staging.raw_huileries_abhs,399,,,,,code absent,"rattacher via referentiel si code corrige, sinon quarantaine"
staging.raw_huileries_abhs,396,,,,,code absent,"rattacher via referentiel si code corrige, sinon quarantaine"
staging.raw_huileries_abhs,397,,,,,code absent,"rattacher via referentiel si code corrige, sinon quarantaine"
staging.raw_huileries_abhs,398,,,,,code absent,"rattacher via referentiel si code corrige, sinon quarantaine"
staging.raw_huileries_abhs,229,,,,,code absent,"rattacher via referentiel si code corrige, sinon quarantaine"
staging.raw_huileries_abhs,225,,,,,code absent,"rattacher via referentiel si code corrige, sinon quarantaine"
staging.raw_huileries_abhs,404,,,,,code absent,"rattacher via referentiel si code corrige, sinon quarantaine"
staging.raw_huileries_abhs,405,,,,,code absent,"rattacher via referentiel si code corrige, sinon quarantaine"
staging.raw_huileries_abhs,391,,,,,code absent,"rattacher via referentiel si code corrige, sinon quarantaine"
staging.raw_huileries_abhs,228,,,,,code absent,"rattacher via referentiel si code corrige, sinon quarantaine"
staging.raw_huileries_abhs,221,,,,,code absent,"rattacher via referentiel si code corrige, sinon quarantaine"
staging.raw_huileries_abhs,222,,,,,code absent,"rattacher via referentiel si code corrige, sinon quarantaine"
staging.raw_huileries_abhs,231,,,,,code absent,"rattacher via referentiel si code corrige, sinon quarantaine"
staging.raw_huileries_abhs,223,,,,,code absent,"rattacher via referentiel si code corrige, sinon quarantaine"
staging.raw_huileries_abhs,224,,,,,code absent,"rattacher via referentiel si code corrige, sinon quarantaine"
staging.raw_huileries_abhs,226,,,,,code absent,"rattacher via referentiel si code corrige, sinon quarantaine"
staging.raw_huileries_abhs,400,,,,,code absent,"rattacher via referentiel si code corrige, sinon quarantaine"
staging.raw_huileries_abhs,401,,,,,code absent,"rattacher via referentiel si code corrige, sinon quarantaine"
staging.raw_huileries_abhs,402,,,,,code absent,"rattacher via referentiel si code corrige, sinon quarantaine"
staging.raw_huileries_abhs,403,,,,,code absent,"rattacher via referentiel si code corrige, sinon quarantaine"
staging.raw_huileries_abhs,24,,,,,code absent,"rattacher via referentiel si code corrige, sinon quarantaine"
staging.raw_huileries_abhs,22,,,,,code absent,"rattacher via referentiel si code corrige, sinon quarantaine"
staging.raw_huileries_abhs,230,,,,,code absent,"rattacher via referentiel si code corrige, sinon quarantaine"
staging.raw_huileries_abhs,227,,,,,code absent,"rattacher via referentiel si code corrige, sinon quarantaine"
staging.raw_huileries_abhs,23,,,,,code absent,"rattacher via referentiel si code corrige, sinon quarantaine"
staging.raw_huileries_abhs,409,,,,,code absent,"rattacher via referentiel si code corrige, sinon quarantaine"
staging.raw_huileries_abhs,51,, HJB_UT_35,,,code non reconnu,"rattacher via referentiel si code corrige, sinon quarantaine"
staging.raw_huileries_abhs,61,,,,,code absent,"rattacher via referentiel si code corrige, sinon quarantaine"
staging.raw_huileries_abhs,59,,,,,code absent,"rattacher via referentiel si code corrige, sinon quarantaine"
staging.raw_huileries_abhs,60,,,,,code absent,"rattacher via referentiel si code corrige, sinon quarantaine"
staging.raw_huileries_abhs,410,,,,,code absent,"rattacher via referentiel si code corrige, sinon quarantaine"
staging.raw_huileries_abhs,411,,,,,code absent,"rattacher via referentiel si code corrige, sinon quarantaine"
staging.raw_huileries_abhs,412,,,,,code absent,"rattacher via referentiel si code corrige, sinon quarantaine"
staging.raw_huileries_abhs,413,,,,,code absent,"rattacher via referentiel si code corrige, sinon quarantaine"
staging.raw_huileries_abhs,414,,,,,code absent,"rattacher via referentiel si code corrige, sinon quarantaine"
staging.raw_huileries_abhs,429,,,,,code absent,"rattacher via referentiel si code corrige, sinon quarantaine"
staging.raw_huileries_abhs,420,,,,,code absent,"rattacher via referentiel si code corrige, sinon quarantaine"
staging.raw_huileries_abhs,421,,,,,code absent,"rattacher via referentiel si code corrige, sinon quarantaine"
staging.raw_huileries_abhs,580,,,,,code absent,"rattacher via referentiel si code corrige, sinon quarantaine"
staging.raw_huileries_abhs,424,,,,,code absent,"rattacher via referentiel si code corrige, sinon quarantaine"
staging.raw_huileries_abhs,425,,,,,code absent,"rattacher via referentiel si code corrige, sinon quarantaine"
staging.raw_huileries_abhs,570,,,,,code absent,"rattacher via referentiel si code corrige, sinon quarantaine"
staging.raw_huileries_abhs,592,,,,,code absent,"rattacher via referentiel si code corrige, sinon quarantaine"
staging.raw_huileries_abhs,593,,,,,code absent,"rattacher via referentiel si code corrige, sinon quarantaine"
staging.raw_huileries_abhs,572,,,,,code absent,"rattacher via referentiel si code corrige, sinon quarantaine"
staging.raw_huileries_abhs,573,,,,,code absent,"rattacher via referentiel si code corrige, sinon quarantaine"
staging.raw_huileries_abhs,574,,,,,code absent,"rattacher via referentiel si code corrige, sinon quarantaine"
staging.raw_huileries_abhs,575,,,,,code absent,"rattacher via referentiel si code corrige, sinon quarantaine"
staging.raw_huileries_abhs,576,,,,,code absent,"rattacher via referentiel si code corrige, sinon quarantaine"
staging.raw_huileries_abhs,583,,,,,code absent,"rattacher via referentiel si code corrige, sinon quarantaine"
staging.raw_huileries_abhs,584,,,,,code absent,"rattacher via referentiel si code corrige, sinon quarantaine"
staging.raw_huileries_abhs,577,,,,,code absent,"rattacher via referentiel si code corrige, sinon quarantaine"
staging.raw_huileries_abhs,578,,,,,code absent,"rattacher via referentiel si code corrige, sinon quarantaine"
staging.raw_huileries_abhs,585,,,,,code absent,"rattacher via referentiel si code corrige, sinon quarantaine"
staging.raw_huileries_abhs,361,,,,,code absent,"rattacher via referentiel si code corrige, sinon quarantaine"
staging.raw_huileries_abhs,162,,,,,code absent,"rattacher via referentiel si code corrige, sinon quarantaine"
staging.raw_huileries_abhs,163,,,,,code absent,"rattacher via referentiel si code corrige, sinon quarantaine"
staging.raw_huileries_abhs,164,,,,,code absent,"rattacher via referentiel si code corrige, sinon quarantaine"
staging.raw_huileries_abhs,165,,,,,code absent,"rattacher via referentiel si code corrige, sinon quarantaine"
staging.raw_huileries_abhs,166,,,,,code absent,"rattacher via referentiel si code corrige, sinon quarantaine"
staging.raw_huileries_abhs,167,,,,,code absent,"rattacher via referentiel si code corrige, sinon quarantaine"
staging.raw_huileries_abhs,168,,,,,code absent,"rattacher via referentiel si code corrige, sinon quarantaine"
staging.raw_huileries_abhs,169,,,,,code absent,"rattacher via referentiel si code corrige, sinon quarantaine"
staging.raw_huileries_abhs,170,,,,,code absent,"rattacher via referentiel si code corrige, sinon quarantaine"
staging.raw_huileries_abhs,171,,,,,code absent,"rattacher via referentiel si code corrige, sinon quarantaine"
staging.raw_mines_abhs,1,,,,,code absent,"rattacher via referentiel si code corrige, sinon quarantaine"
staging.raw_mines_abhs,2,,,,,code absent,"rattacher via referentiel si code corrige, sinon quarantaine"
staging.raw_mines_abhs,3,,,,,code absent,"rattacher via referentiel si code corrige, sinon quarantaine"
staging.raw_mines_abhs,4,,,,,code absent,"rattacher via referentiel si code corrige, sinon quarantaine"
staging.raw_mines_abhs,8,,,,,code absent,"rattacher via referentiel si code corrige, sinon quarantaine"
staging.raw_mines_abhs,9,,,,,code absent,"rattacher via referentiel si code corrige, sinon quarantaine"
staging.raw_mines_abhs,10,,,,,code absent,"rattacher via referentiel si code corrige, sinon quarantaine"
staging.raw_mines_abhs,11,,,,,code absent,"rattacher via referentiel si code corrige, sinon quarantaine"
staging.raw_mines_abhs,12,,,,,code absent,"rattacher via referentiel si code corrige, sinon quarantaine"
staging.raw_mines_abhs,13,,,,,code absent,"rattacher via referentiel si code corrige, sinon quarantaine"
staging.raw_mines_abhs,14,,,,,code absent,"rattacher via referentiel si code corrige, sinon quarantaine"
staging.raw_mines_abhs,15,,,,,code absent,"rattacher via referentiel si code corrige, sinon quarantaine"
staging.raw_mines_abhs,16,,,,,code absent,"rattacher via referentiel si code corrige, sinon quarantaine"
staging.raw_mines_abhs,17,,,,,code absent,"rattacher via referentiel si code corrige, sinon quarantaine"
staging.raw_mines_abhs,18,,,,,code absent,"rattacher via referentiel si code corrige, sinon quarantaine"
staging.raw_mines_abhs,19,,,,,code absent,"rattacher via referentiel si code corrige, sinon quarantaine"
staging.raw_mines_abhs,20,,,,,code absent,"rattacher via referentiel si code corrige, sinon quarantaine"
staging.raw_mines_abhs,21,,,,,code absent,"rattacher via referentiel si code corrige, sinon quarantaine"
staging.raw_mines_abhs,22,,,,,code absent,"rattacher via referentiel si code corrige, sinon quarantaine"
staging.raw_mines_abhs,23,,,,,code absent,"rattacher via referentiel si code corrige, sinon quarantaine"
staging.raw_mines_abhs,24,,,,,code absent,"rattacher via referentiel si code corrige, sinon quarantaine"
staging.raw_mines_abhs,25,,,,,code absent,"rattacher via referentiel si code corrige, sinon quarantaine"
staging.raw_mines_abhs,26,,,,,code absent,"rattacher via referentiel si code corrige, sinon quarantaine"
staging.raw_mines_abhs,5,,,,,code absent,"rattacher via referentiel si code corrige, sinon quarantaine"
staging.raw_mines_abhs,6,,,,,code absent,"rattacher via referentiel si code corrige, sinon quarantaine"
staging.raw_mines_abhs,7,,,,,code absent,"rattacher via referentiel si code corrige, sinon quarantaine"
staging.raw_mines_abhs,27,,,,,code absent,"rattacher via referentiel si code corrige, sinon quarantaine"
staging.raw_mines_abhs,28,,,,,code absent,"rattacher via referentiel si code corrige, sinon quarantaine"
staging.raw_mines_abhs,29,,,,,code absent,"rattacher via referentiel si code corrige, sinon quarantaine"
staging.raw_mines_abhs,30,,,,,code absent,"rattacher via referentiel si code corrige, sinon quarantaine"
staging.raw_mines_abhs,31,,,,,code absent,"rattacher via referentiel si code corrige, sinon quarantaine"
staging.raw_mines_abhs,32,,,,,code absent,"rattacher via referentiel si code corrige, sinon quarantaine"
staging.raw_mines_abhs,33,,,,,code absent,"rattacher via referentiel si code corrige, sinon quarantaine"
staging.raw_mines_abhs,34,,,,,code absent,"rattacher via referentiel si code corrige, sinon quarantaine"
staging.raw_mines_abhs,35,,,,,code absent,"rattacher via referentiel si code corrige, sinon quarantaine"
staging.raw_mines_abhs,36,,,,,code absent,"rattacher via referentiel si code corrige, sinon quarantaine"
staging.raw_mines_abhs,37,,,,,code absent,"rattacher via referentiel si code corrige, sinon quarantaine"
staging.raw_mines_abhs,38,,,,,code absent,"rattacher via referentiel si code corrige, sinon quarantaine"
staging.raw_mines_abhs,39,,,,,code absent,"rattacher via referentiel si code corrige, sinon quarantaine"
staging.raw_mines_abhs,40,,,,,code absent,"rattacher via referentiel si code corrige, sinon quarantaine"
staging.raw_mines_abhs,41,,,,,code absent,"rattacher via referentiel si code corrige, sinon quarantaine"
staging.raw_mines_abhs,42,,,,,code absent,"rattacher via referentiel si code corrige, sinon quarantaine"
staging.raw_stm_abhs,1,,,Skoura M'Daz,,code absent,"rattacher via referentiel si code corrige, sinon quarantaine"
staging.raw_stm_abhs,2,,,Ain Beida,,code absent,"rattacher via referentiel si code corrige, sinon quarantaine"
staging.raw_stm_abhs,3,,,MRhassiyine,,code absent,"rattacher via referentiel si code corrige, sinon quarantaine"
staging.raw_stm_abhs,4,,,M'Haya,,code absent,"rattacher via referentiel si code corrige, sinon quarantaine"
staging.raw_stm_abhs,5,,,Oulad Jamee,,code absent,"rattacher via referentiel si code corrige, sinon quarantaine"
staging.raw_stm_abhs,6,,,Oulad Mimoun,,code absent,"rattacher via referentiel si code corrige, sinon quarantaine"
staging.raw_stm_abhs,7,,,Ouezzane,,code absent,"rattacher via referentiel si code corrige, sinon quarantaine"
staging.raw_stm_abhs,8,,,station n°1 Séfrou,,code absent,"rattacher via referentiel si code corrige, sinon quarantaine"
staging.raw_stm_abhs,9,,,station n°2 Séfrou,,code absent,"rattacher via referentiel si code corrige, sinon quarantaine"
staging.raw_stm_abhs,10,,,El Menzel Bir Tamtam,,code absent,"rattacher via referentiel si code corrige, sinon quarantaine"
staging.raw_stm_abhs,11,,,Sidi Kacem,,code absent,"rattacher via referentiel si code corrige, sinon quarantaine"
staging.raw_stm_abhs,12,,,Ain Dfali,,code absent,"rattacher via referentiel si code corrige, sinon quarantaine"
staging.raw_stm_abhs,13,,,Karia Ba Mohamed,,code absent,"rattacher via referentiel si code corrige, sinon quarantaine"
staging.raw_stm_abhs,14,,,Tissa,,code absent,"rattacher via referentiel si code corrige, sinon quarantaine"
staging.raw_stm_abhs,15,,,Taounate,,code absent,"rattacher via referentiel si code corrige, sinon quarantaine"
staging.raw_stm_abhs,16,,,Bouhoda,,code absent,"rattacher via referentiel si code corrige, sinon quarantaine"
staging.raw_stm_abhs,17,,,Jahjouh,,code absent,"rattacher via referentiel si code corrige, sinon quarantaine"
staging.raw_stm_abhs,18,,,Bni Ahmed Gharbia,,code absent,"rattacher via referentiel si code corrige, sinon quarantaine"
