run_id,review_id,candidate_id,source_layer,source_id,master_site_id,distance_m,score,conflict_type,source_name,master_site_name,commune_source,commune_master,source_type_source,source_type_master,recommended_decision,review_priority,review_status,reason
e60088e9-cf94-4e41-ae65-a5390866b4b8,7ddebc95-9335-4901-ae13-b4ff30245888,6bd4c7b5-1c37-400d-b4ee-97cf39b84847,infra.rejet_inventaire_pollution,935e6ac6-8288-45a7-97ca-7d4aac4c3816,6310e4aa-b5aa-4406-ad1e-23f78e138c39,0.0,0.7250,DUPLICATE_EXACT,,AS_DOM_R1,Abdelghaya souahel,Abdelghaya souahel,REJET,infra.rejet_inventaire_pollution,MANUAL_REVIEW_REQUIRED,1,PENDING,distance=0.00m; nom=0.00; commune=1.00; priorite=5
e60088e9-cf94-4e41-ae65-a5390866b4b8,7dbc75f6-326c-45bd-ac5d-7bb21c223e49,f52cef2b-6122-45de-a23f-42d324bd1eef,infra.rejet_inventaire_pollution,80fce0ac-f807-406e-a017-0bbeec376f52,19a1320b-6ff3-4075-bdd2-f0006e4fe25d,0.0,0.7250,DUPLICATE_EXACT,,BA_DOM_R1,Bni ammart,Bni ammart,REJET,infra.rejet_inventaire_pollution,MANUAL_REVIEW_REQUIRED,1,PENDING,distance=0.00m; nom=0.00; commune=1.00; priorite=5
e60088e9-cf94-4e41-ae65-a5390866b4b8,c278ddec-a03d-4df0-83bf-c8517e9acf74,3d62f7c8-842b-481e-9e5b-3b707a1fdd27,infra.rejet_inventaire_pollution,4da73281-d322-4d88-996b-65d7f8f82498,a591ba92-8435-448e-b14c-c30340f71fe9,0.0,0.7250,DUPLICATE_EXACT,,BOL_PDOM_R1,Boulemane,Boulemane,REJET,infra.rejet_inventaire_pollution,MANUAL_REVIEW_REQUIRED,1,PENDING,distance=0.00m; nom=0.00; commune=1.00; priorite=5
e60088e9-cf94-4e41-ae65-a5390866b4b8,a23af26c-8a20-409c-93d7-796f891b3839,b3433ca5-1d30-43c1-bf2b-7871c2fc0eea,infra.rejet_inventaire_pollution,5f667288-7484-419e-844f-855bd5064ee5,a32d1eb1-8e6d-4647-bc4a-7e6cdbf34469,0.0,0.7250,DUPLICATE_EXACT,,BBR-PDS_R1,Bab berred,Bab berred,REJET,infra.rejet_inventaire_pollution,MANUAL_REVIEW_REQUIRED,1,PENDING,distance=0.00m; nom=0.00; commune=1.00; priorite=5
e60088e9-cf94-4e41-ae65-a5390866b4b8,f3a23b74-b1ee-4bde-b275-ff9d05bd7630,1a3022ec-8501-4849-a229-56411de73723,infra.rejet_inventaire_pollution,9f867079-89e6-46d4-add7-3ce900b572d2,c9c631b2-543d-4f70-8457-8faffaa85574,0.0,0.7250,DUPLICATE_EXACT,,BBR-PDS_R2,Bab berred,Bab berred,REJET,infra.rejet_inventaire_pollution,MANUAL_REVIEW_REQUIRED,1,PENDING,distance=0.00m; nom=0.00; commune=1.00; priorite=5
e60088e9-cf94-4e41-ae65-a5390866b4b8,ef4187b8-af37-449f-8b94-6b1b1e3842d0,cc8ece74-8cb9-43be-8973-408800ef5bb4,infra.rejet_inventaire_pollution,ba0dfc61-5b3b-4b63-a09a-1d44f338ef6e,6117aa43-5f06-4903-8755-a34d5f1b363e,0.0,0.7250,DUPLICATE_EXACT,,BBR-PDS_R3,Bab berred,Bab berred,REJET,infra.rejet_inventaire_pollution,MANUAL_REVIEW_REQUIRED,1,PENDING,distance=0.00m; nom=0.00; commune=1.00; priorite=5
e60088e9-cf94-4e41-ae65-a5390866b4b8,67aa7fa4-10f7-4ab1-a0d8-4de74e3ac0db,e16fe286-9376-4ca3-a01c-9c81d89d57cf,infra.rejet_inventaire_pollution,4e2f76d1-dd3f-4c60-a51b-86da160ace06,1484f1ac-9041-4ea8-8dda-10bf8a757e36,0.0,0.7250,DUPLICATE_EXACT,,BBR-PDS_R4,Bab berred,Bab berred,REJET,infra.rejet_inventaire_pollution,MANUAL_REVIEW_REQUIRED,1,PENDING,distance=0.00m; nom=0.00; commune=1.00; priorite=5
e60088e9-cf94-4e41-ae65-a5390866b4b8,8ffc89f3-9d6c-4959-b31f-a5b8f9828104,f2469293-c9a1-427d-ac8c-23902f9c20fe,infra.rejet_inventaire_pollution,b0ff3ef4-76f1-485c-9bae-cd545ba3a708,d6c0bab7-0e13-4442-ab7a-836c8ff2f884,0.0,0.7250,DUPLICATE_EXACT,,BBT-PDS-R1,Bab Taza,Bab Taza,REJET,infra.rejet_inventaire_pollution,MANUAL_REVIEW_REQUIRED,1,PENDING,distance=0.00m; nom=0.00; commune=1.00; priorite=5
e60088e9-cf94-4e41-ae65-a5390866b4b8,34b2ec1a-1a16-49f0-a767-68f449f65faa,f871bd68-77cc-43c4-b192-f2f6ec9c0397,infra.rejet_inventaire_pollution,6803bb4f-44a6-4b63-ab2d-45615a426180,67448c04-1350-4fea-aa59-29a064dd1c63,0.0,0.7250,DUPLICATE_EXACT,,BBT-PDS-R2,Bab Taza,Bab Taza,REJET,infra.rejet_inventaire_pollution,MANUAL_REVIEW_REQUIRED,1,PENDING,distance=0.00m; nom=0.00; commune=1.00; priorite=5
e60088e9-cf94-4e41-ae65-a5390866b4b8,a4e2aa68-a53f-4546-b3b9-e8cf7a87ed74,ce07ee01-803b-4b27-b701-5bb7106790fc,infra.rejet_inventaire_pollution,d969b3ad-ea53-4bd1-9734-ca0c45df1d98,3bdca5a2-1420-4295-8413-ad13e230a7d2,0.0,0.7250,DUPLICATE_EXACT,,BBT-PDS-R3,Bab Taza,Bab Taza,REJET,infra.rejet_inventaire_pollution,MANUAL_REVIEW_REQUIRED,1,PENDING,distance=0.00m; nom=0.00; commune=1.00; priorite=5
e60088e9-cf94-4e41-ae65-a5390866b4b8,c28f35d6-810e-4aa8-b55e-ef45a32a39de,6633ccc0-1806-41ba-bdea-9cff925b425a,infra.rejet_inventaire_pollution,6640f531-57ba-4a81-9cdc-14993e6dd2c4,63be6613-f0d5-48a1-8aa8-bc25c02f725d,0.0,0.7250,DUPLICATE_EXACT,,TAM-PDS_R1,Tamorot,Tamorot,REJET,infra.rejet_inventaire_pollution,MANUAL_REVIEW_REQUIRED,1,PENDING,distance=0.00m; nom=0.00; commune=1.00; priorite=5
e60088e9-cf94-4e41-ae65-a5390866b4b8,155bb02e-7b9c-4d27-ae90-60ccdf3e6d4c,575e8594-b655-4bd9-a196-7c353232b01d,infra.rejet_inventaire_pollution,660f5e8d-249e-4278-bfa6-7bcbe8ce8e90,2e99deb7-1365-477e-bc88-1d2efd4d3994,0.0,0.7250,DUPLICATE_EXACT,,SJH_DOM1_R2,Sebt Jahjouh,Sebt Jahjouh,REJET,infra.rejet_inventaire_pollution,MANUAL_REVIEW_REQUIRED,1,PENDING,distance=0.00m; nom=0.00; commune=1.00; priorite=5
e60088e9-cf94-4e41-ae65-a5390866b4b8,b04cd24e-6309-4ddc-9a3e-e90bd4e7a5e4,ef56852f-96ee-4cf4-9234-531a5a4907d6,infra.rejet_inventaire_pollution,e1d55570-9290-47c1-949f-0963b662b9a3,05b164c2-4d20-4d08-8e9b-077012adc8de,0.0,0.7250,DUPLICATE_EXACT,,AAZ_DOM1_R1,Ait Azem,Ait Azem,REJET,infra.rejet_inventaire_pollution,MANUAL_REVIEW_REQUIRED,1,PENDING,distance=0.00m; nom=0.00; commune=1.00; priorite=5
e60088e9-cf94-4e41-ae65-a5390866b4b8,4c723a94-f0f1-46fc-b0eb-1be20ccc8eb1,b2013808-21ac-4b92-b1a4-e674d5901720,infra.rejet_inventaire_pollution,608f7efa-518d-4e3e-883c-59bd507eb3de,40586a7e-0b13-4b88-a442-1d76035ec72a,0.0,0.7250,DUPLICATE_EXACT,,ATJ_DOM1_R2,Ain Taoujdate,Ain Taoujdate,REJET,infra.rejet_inventaire_pollution,MANUAL_REVIEW_REQUIRED,1,PENDING,distance=0.00m; nom=0.00; commune=1.00; priorite=5
e60088e9-cf94-4e41-ae65-a5390866b4b8,0e4c6f07-6d5b-4d0b-9332-ee61c67109d0,125baa45-1550-4001-b748-39bf3a655e6c,infra.rejet_inventaire_pollution,6c439087-4df1-4ae7-8410-39bbb6ac140d,19e67f36-5478-4826-80f1-53e6fbe39ac7,0.0,0.7250,DUPLICATE_EXACT,,SBA_DOM1_R1,Sebaa Ayoun,Sebaa Ayoun,REJET,infra.rejet_inventaire_pollution,MANUAL_REVIEW_REQUIRED,1,PENDING,distance=0.00m; nom=0.00; commune=1.00; priorite=5
e60088e9-cf94-4e41-ae65-a5390866b4b8,f790d574-7515-4612-8205-8b79298930b2,b305c1b0-16ca-4db4-8030-d109532776e5,infra.rejet_inventaire_pollution,0c12d114-485e-4422-8edc-9d5083a18963,0957a984-48d1-443e-a8e6-9ed598737891,0.0,0.7250,DUPLICATE_EXACT,,SBA_DOM1_R2,Sebaa Ayoun,Sebaa Ayoun,REJET,infra.rejet_inventaire_pollution,MANUAL_REVIEW_REQUIRED,1,PENDING,distance=0.00m; nom=0.00; commune=1.00; priorite=5
e60088e9-cf94-4e41-ae65-a5390866b4b8,d5487bca-750f-4226-82e2-3a8d3474f3f5,dcd99aff-227d-47ed-a70c-e018b3697553,infra.rejet_inventaire_pollution,0b4cded1-e485-481a-8718-c6be21245c5a,d8b6da3e-822b-4e26-ae34-749569fc318b,0.0,0.7250,DUPLICATE_EXACT,,SBA_DOM1_R3,Sebaa Ayoun,Sebaa Ayoun,REJET,infra.rejet_inventaire_pollution,MANUAL_REVIEW_REQUIRED,1,PENDING,distance=0.00m; nom=0.00; commune=1.00; priorite=5
e60088e9-cf94-4e41-ae65-a5390866b4b8,a28bfd1a-2be5-41c4-bff1-fec5df93e88a,ab3fd8ec-1e8d-46da-b0d3-ed6a81b8d644,infra.rejet_inventaire_pollution,b2dc7098-de27-4edd-a221-47060cd20b24,27cc49fd-37a8-4e7a-93ce-d922293e706e,0.0,0.7250,DUPLICATE_EXACT,,ABO_DOM1_R1,Ait boubidmane,Ait boubidmane,REJET,infra.rejet_inventaire_pollution,MANUAL_REVIEW_REQUIRED,1,PENDING,distance=0.00m; nom=0.00; commune=1.00; priorite=5
e60088e9-cf94-4e41-ae65-a5390866b4b8,99779708-481c-4fbc-a834-a62f84d498af,50348e07-2533-4164-a642-c9db4807154f,infra.rejet_inventaire_pollution,26fa0bc6-8bb4-4f5b-85ce-299a56573fe8,1218e779-e8da-4748-9e41-b6eb3f07b9e6,0.0,0.7250,DUPLICATE_EXACT,,ABO_DOM1_R2,Ait boubidmane,Ait boubidmane,REJET,infra.rejet_inventaire_pollution,MANUAL_REVIEW_REQUIRED,1,PENDING,distance=0.00m; nom=0.00; commune=1.00; priorite=5
e60088e9-cf94-4e41-ae65-a5390866b4b8,47a19f5a-0a36-48cd-bdad-c07341a52651,bd0430f4-5258-4d9a-a1c1-14d43557101b,infra.rejet_inventaire_pollution,2fa37eb3-a059-432c-ae0b-1ad1681c37e1,5b63df2f-cdd7-4f87-acf2-462d1d016a71,0.0,0.7250,DUPLICATE_EXACT,,ABO_DOM1_R3,Ait boubidmane,Ait boubidmane,REJET,infra.rejet_inventaire_pollution,MANUAL_REVIEW_REQUIRED,1,PENDING,distance=0.00m; nom=0.00; commune=1.00; priorite=5
e60088e9-cf94-4e41-ae65-a5390866b4b8,5bfea50a-9aff-41b0-a5e5-6ef7c06cc847,074faadb-0c39-4bc3-812d-032bed91a837,infra.rejet_inventaire_pollution,4e5c5724-e32d-49d7-804b-3bc2366cd938,6ed81096-f1db-4310-b678-17c7535efe6f,0.0,0.7250,DUPLICATE_EXACT,,ABO_DOM1_R4,Ait boubidmane,Ait boubidmane,REJET,infra.rejet_inventaire_pollution,MANUAL_REVIEW_REQUIRED,1,PENDING,distance=0.00m; nom=0.00; commune=1.00; priorite=5
e60088e9-cf94-4e41-ae65-a5390866b4b8,a8a02ba8-b82a-48fe-b237-81826e0e7250,2e5508eb-997c-457e-874b-4ea12f7e7259,infra.rejet_inventaire_pollution,9c1921ca-8c78-4d94-a5b2-6e6df6266938,62d84c9e-04df-489c-bd17-a3ef73f54b27,0.0,0.7250,DUPLICATE_EXACT,,AGR_DOM_R1,Agourai,Agourai,REJET,infra.rejet_inventaire_pollution,MANUAL_REVIEW_REQUIRED,1,PENDING,distance=0.00m; nom=0.00; commune=1.00; priorite=5
e60088e9-cf94-4e41-ae65-a5390866b4b8,40693f88-5458-4fed-8a8e-a576b081010e,af2a2090-d346-482c-ad67-1a6948834387,infra.rejet_inventaire_pollution,7e23e4bd-f5f0-40ab-8631-114aeef370e0,faa59d41-e144-4507-9b57-66602148bf72,0.0,0.7250,DUPLICATE_EXACT,,SJH_DOM1_R1,Sebt Jahjouh,Sebt Jahjouh,REJET,infra.rejet_inventaire_pollution,MANUAL_REVIEW_REQUIRED,1,PENDING,distance=0.00m; nom=0.00; commune=1.00; priorite=5
e60088e9-cf94-4e41-ae65-a5390866b4b8,4f9fbf66-239f-48c7-a9c7-0148607584f9,c28707ec-de27-48b2-9b45-149cedaaee80,infra.rejet_inventaire_pollution,39a97f7a-5bee-45e3-a44d-32923e37db40,5cb920b7-4fbf-454d-8811-716764b4b229,0.0,0.7250,DUPLICATE_EXACT,,SHZ_DOM4_R1,Sidi Harazem,Sidi Harazem,REJET,infra.rejet_inventaire_pollution,MANUAL_REVIEW_REQUIRED,1,PENDING,distance=0.00m; nom=0.00; commune=1.00; priorite=5
e60088e9-cf94-4e41-ae65-a5390866b4b8,69af26ba-2506-4662-abda-8694f7e7d725,8e2d7a45-020a-4988-8da6-4800884ecd05,infra.rejet_inventaire_pollution,b212db0b-abe8-4735-bb63-8d35e2ab4edd,c038185f-c8f0-4f3d-92f6-12a1554afdb1,0.0,0.7250,DUPLICATE_EXACT,,SHZ_DOM5_R1,Sidi Harazem,Sidi Harazem,REJET,infra.rejet_inventaire_pollution,MANUAL_REVIEW_REQUIRED,1,PENDING,distance=0.00m; nom=0.00; commune=1.00; priorite=5
e60088e9-cf94-4e41-ae65-a5390866b4b8,c3e73bad-8bab-415f-bb18-2ab6d98060c3,b83d6fce-e31f-414e-a137-ad38f950ccce,infra.rejet_inventaire_pollution,bde2371e-aa56-445e-b942-e257c4072807,1f25e02c-9796-4670-8150-43b5f085342a,0.0,0.7250,DUPLICATE_EXACT,,SHZ_DOM3_R1,Sidi Harazem,Sidi Harazem,REJET,infra.rejet_inventaire_pollution,MANUAL_REVIEW_REQUIRED,1,PENDING,distance=0.00m; nom=0.00; commune=1.00; priorite=5
e60088e9-cf94-4e41-ae65-a5390866b4b8,93871545-73fd-4222-8b96-2b6a161c8759,275e9170-be9c-473e-ad28-44fef12acc31,infra.rejet_inventaire_pollution,b4f18122-a6df-4307-805f-4c843647ad21,abb2cd00-be79-4317-b267-0d00d985c58b,0.0,0.7250,DUPLICATE_EXACT,,SHZ_DOM3_R2,Sidi Harazem,Sidi Harazem,REJET,infra.rejet_inventaire_pollution,MANUAL_REVIEW_REQUIRED,1,PENDING,distance=0.00m; nom=0.00; commune=1.00; priorite=5
e60088e9-cf94-4e41-ae65-a5390866b4b8,0e231d8f-562c-4257-b0e2-c867ecb8ba2c,65e75b83-2265-4a81-9f82-c81c7dbc20bb,infra.rejet_inventaire_pollution,b5f28259-fbd6-4a32-b221-5967858bbb00,bffa4bc3-288e-4333-b058-1c279172d0d1,0.0,0.7250,DUPLICATE_EXACT,,SHZ_DOM1_R1,Sidi Harazem,Sidi Harazem,REJET,infra.rejet_inventaire_pollution,MANUAL_REVIEW_REQUIRED,1,PENDING,distance=0.00m; nom=0.00; commune=1.00; priorite=5
e60088e9-cf94-4e41-ae65-a5390866b4b8,a80c4bb2-319a-4bf4-9359-22c57148180a,f91cf23e-e534-423c-becb-385ea3a364f5,infra.rejet_inventaire_pollution,10800794-d247-46bb-bd24-aaa4f68450d7,1de17714-c8f9-47fa-a92e-d8d0bded5b47,0.0,0.7250,DUPLICATE_EXACT,,SHZ_DOM2_R1,Sidi Harazem,Sidi Harazem,REJET,infra.rejet_inventaire_pollution,MANUAL_REVIEW_REQUIRED,1,PENDING,distance=0.00m; nom=0.00; commune=1.00; priorite=5
e60088e9-cf94-4e41-ae65-a5390866b4b8,9aae9c82-4f67-4db1-bc34-e1b1950d9765,f68eb36f-e1e8-4c67-99e8-9655c13ec509,infra.rejet_inventaire_pollution,71eabde1-ab92-43f9-8b59-873e8071da4a,af198d07-c56d-4cf9-8a3c-1c2ad2e82cd7,0.0,0.7250,DUPLICATE_EXACT,,SHZ_DOM2_R2,Sidi Harazem,Sidi Harazem,REJET,infra.rejet_inventaire_pollution,MANUAL_REVIEW_REQUIRED,1,PENDING,distance=0.00m; nom=0.00; commune=1.00; priorite=5
e60088e9-cf94-4e41-ae65-a5390866b4b8,31f00813-019f-4add-9aad-12c32c27a8c7,6d45a7cb-38a7-41ab-96ca-5cd514bfc7d9,infra.rejet_inventaire_pollution,c250d98c-7c96-4444-b4a4-23033ff7a250,dea73f55-595f-4351-94c8-056088710865,0.0,0.7250,DUPLICATE_EXACT,,SHZ_DOM2_R3,Sidi Harazem,Sidi Harazem,REJET,infra.rejet_inventaire_pollution,MANUAL_REVIEW_REQUIRED,1,PENDING,distance=0.00m; nom=0.00; commune=1.00; priorite=5
e60088e9-cf94-4e41-ae65-a5390866b4b8,7f3c01c0-d843-4a33-a9c1-ddc7c06de77c,509043f3-310a-47c8-bbbc-ef786a137da5,infra.rejet_inventaire_pollution,06ebcfa8-6604-463a-a809-284189bbc1af,8591bd26-e50b-470a-8c52-46cfc4f99b81,0.0,0.7250,DUPLICATE_EXACT,,SHZ_DOM2_R4,Sidi Harazem,Sidi Harazem,REJET,infra.rejet_inventaire_pollution,MANUAL_REVIEW_REQUIRED,1,PENDING,distance=0.00m; nom=0.00; commune=1.00; priorite=5
e60088e9-cf94-4e41-ae65-a5390866b4b8,3d766392-4492-4748-82ba-a40f837322ac,ef20b5df-7252-4103-8c7e-2b5829323649,infra.rejet_inventaire_pollution,cdf4bf22-03c4-409f-a4f3-bc91093b99ef,791c8ad5-8a48-44c6-bf30-2f7c03a34eb0,0.0,0.7250,DUPLICATE_EXACT,,SHZ_DOM2_R5,Sidi Harazem,Sidi Harazem,REJET,infra.rejet_inventaire_pollution,MANUAL_REVIEW_REQUIRED,1,PENDING,distance=0.00m; nom=0.00; commune=1.00; priorite=5
e60088e9-cf94-4e41-ae65-a5390866b4b8,e0acf3b6-a238-4901-808f-f7f1b5f4a8ca,413036f6-ae31-44b8-82eb-86c97d4ade8e,infra.rejet_inventaire_pollution,0ecd4e7f-34c6-4bde-a490-ec62c9724548,11d9c767-296b-46ac-acb5-72dc8ff0f2a4,0.0,0.7250,DUPLICATE_EXACT,,AZR_PDOM1_R1,Azrou,Azrou,REJET,infra.rejet_inventaire_pollution,MANUAL_REVIEW_REQUIRED,1,PENDING,distance=0.00m; nom=0.00; commune=1.00; priorite=5
e60088e9-cf94-4e41-ae65-a5390866b4b8,7dd82825-ad1d-4ee6-8c06-6844988d2684,44007a4a-fb1e-4af0-83fb-72df1fd7c2c1,infra.rejet_inventaire_pollution,ebc37ca9-4073-4590-861a-368527d9483c,271937d0-0593-4e79-9c30-ec349f803b55,0.0,0.7250,DUPLICATE_EXACT,,ALH_PDOM1_R1,Ain Leuh,Ain Leuh,REJET,infra.rejet_inventaire_pollution,MANUAL_REVIEW_REQUIRED,1,PENDING,distance=0.00m; nom=0.00; commune=1.00; priorite=5
e60088e9-cf94-4e41-ae65-a5390866b4b8,193285eb-5f65-4545-9615-08c26993ccba,9fa8241b-a03d-4dff-a7f8-b7e5cc7e2e1a,infra.rejet_inventaire_pollution,8b5d11de-7c22-4b4f-a5e7-72778f7566db,b4a3606f-42d9-47b0-a021-b89c76801ce3,0.0,0.7250,DUPLICATE_EXACT,,ALH_PDOM1_R2,Ain Leuh,Ain Leuh,REJET,infra.rejet_inventaire_pollution,MANUAL_REVIEW_REQUIRED,1,PENDING,distance=0.00m; nom=0.00; commune=1.00; priorite=5
e60088e9-cf94-4e41-ae65-a5390866b4b8,f77bac8f-c82c-4965-8c0f-b23c0e5e51dd,a567ae4d-5a96-4b74-8698-c09d138853f6,infra.rejet_inventaire_pollution,aa4096bd-20f4-482d-8397-73542fe344e6,b4a3606f-42d9-47b0-a021-b89c76801ce3,0.0,0.7250,DUPLICATE_EXACT,,ALH_PDOM1_R2,Ain Leuh,Ain Leuh,REJET,infra.rejet_inventaire_pollution,MANUAL_REVIEW_REQUIRED,1,PENDING,distance=0.00m; nom=0.00; commune=1.00; priorite=5
e60088e9-cf94-4e41-ae65-a5390866b4b8,f005df4c-ad46-486e-8c34-cd801caedc4d,17dea3d6-38ee-4a34-9053-6347f295090e,infra.rejet_inventaire_pollution,9657c4b5-baa4-4b73-bb3d-2c7e13d8a202,b7ba58fe-351e-4f1a-b13e-01c91733ce12,0.0,0.7250,DUPLICATE_EXACT,,ALH_PDOM1_R4,Ain Leuh,Ain Leuh,REJET,infra.rejet_inventaire_pollution,MANUAL_REVIEW_REQUIRED,1,PENDING,distance=0.00m; nom=0.00; commune=1.00; priorite=5
e60088e9-cf94-4e41-ae65-a5390866b4b8,64fc6851-7474-46c0-a36d-d8996f9d3480,cd0862f5-ca0a-41f6-a0f4-49be971ae7ff,infra.rejet_inventaire_pollution,361da0b7-1771-4597-aa68-3bfd2068c420,c379b7b4-39ad-407b-9bf6-6b8b1ea86c9d,0.0,0.7250,DUPLICATE_EXACT,,ALH_PDOM1_R5,Ain Leuh,Ain Leuh,REJET,infra.rejet_inventaire_pollution,MANUAL_REVIEW_REQUIRED,1,PENDING,distance=0.00m; nom=0.00; commune=1.00; priorite=5
e60088e9-cf94-4e41-ae65-a5390866b4b8,509a19e5-bc01-48c2-b635-2ce9d3b6c3f7,f10e4e4d-217d-4375-94c9-74e9c0eb22b4,infra.rejet_inventaire_pollution,54c71f5b-8081-4978-b98a-9dfd8423ffcc,24940a45-7bbd-46f1-b667-a1238a6af973,0.0,0.7250,DUPLICATE_EXACT,,ALH_PDOM1_R6,Ain Leuh,Ain Leuh,REJET,infra.rejet_inventaire_pollution,MANUAL_REVIEW_REQUIRED,1,PENDING,distance=0.00m; nom=0.00; commune=1.00; priorite=5
e60088e9-cf94-4e41-ae65-a5390866b4b8,177af09f-6c25-4b9c-85c4-9c334d877ada,62016568-2956-430f-b3c8-99114a921c56,infra.rejet_inventaire_pollution,c0c12c0c-5f17-429e-9bfe-64042bd49674,c6df629c-8d51-4e80-844f-0c302c380191,0.0,0.7250,DUPLICATE_EXACT,,BSM_PDOM1_R1,Ben Smim,Ben Smim,REJET,infra.rejet_inventaire_pollution,MANUAL_REVIEW_REQUIRED,1,PENDING,distance=0.00m; nom=0.00; commune=1.00; priorite=5
e60088e9-cf94-4e41-ae65-a5390866b4b8,1ae9143c-425d-44af-8361-21f06967e895,9c547783-60e2-4d2c-aada-654e6f0298a9,infra.rejet_inventaire_pollution,a1403c79-fb13-41a6-baae-899648eb0952,b5bd3bc7-678c-4617-ac35-e7e169b4e821,0.0,0.7250,DUPLICATE_EXACT,,BSM_PDOM1_R2,Ben Smim,Ben Smim,REJET,infra.rejet_inventaire_pollution,MANUAL_REVIEW_REQUIRED,1,PENDING,distance=0.00m; nom=0.00; commune=1.00; priorite=5
e60088e9-cf94-4e41-ae65-a5390866b4b8,20e47048-4b94-4ea4-8421-f1d11d58d57b,7601df99-0fc9-4465-a429-80201bff2388,infra.rejet_inventaire_pollution,ef47349a-488f-4b52-ae0d-ef407aadf131,71552e9b-afab-46c7-bdbc-1f55ad345acd,0.0,0.7250,DUPLICATE_EXACT,,OIF_PDOM1_R1,Oued Ifrane,Oued Ifrane,REJET,infra.rejet_inventaire_pollution,MANUAL_REVIEW_REQUIRED,1,PENDING,distance=0.00m; nom=0.00; commune=1.00; priorite=5
e60088e9-cf94-4e41-ae65-a5390866b4b8,50a426d5-8039-4572-a15e-e8e1a3f954a3,31e704b3-4fae-4ffc-a60e-0187b4ac2ecd,infra.rejet_inventaire_pollution,994b71f1-67fd-44cc-9923-9f6fec24dbe3,5e9badaf-d39b-4018-954d-b44799a1343e,0.0,0.7250,DUPLICATE_EXACT,,OIF_PDOM1_R2,Oued Ifrane,Oued Ifrane,REJET,infra.rejet_inventaire_pollution,MANUAL_REVIEW_REQUIRED,1,PENDING,distance=0.00m; nom=0.00; commune=1.00; priorite=5
e60088e9-cf94-4e41-ae65-a5390866b4b8,26bb3bde-e531-4bf0-b55f-22d023f1e09a,065043b9-0a19-4659-b4be-ae2360a6699f,infra.rejet_inventaire_pollution,fa2e2026-2f27-4be1-bc35-4b0ef7665b02,85fadd09-4dcd-46fe-b69d-9e2b4c0b5614,0.0,0.7250,DUPLICATE_EXACT,,SID_PDOM1_R1,Sidi El Makhfi,Sidi El Makhfi,REJET,infra.rejet_inventaire_pollution,MANUAL_REVIEW_REQUIRED,1,PENDING,distance=0.00m; nom=0.00; commune=1.00; priorite=5
e60088e9-cf94-4e41-ae65-a5390866b4b8,622407a1-cf80-400b-9590-31a674f6a677,b42419a8-d716-494d-9c5b-8cb790910dc3,infra.rejet_inventaire_pollution,e51256f2-ddec-4802-8387-108c70d65a9f,c04f6a23-c336-4872-99bf-7c28df3344ce,0.0,0.7250,DUPLICATE_EXACT,,SID_PDOM1_R2,Sidi El Makhfi,Sidi El Makhfi,REJET,infra.rejet_inventaire_pollution,MANUAL_REVIEW_REQUIRED,1,PENDING,distance=0.00m; nom=0.00; commune=1.00; priorite=5
e60088e9-cf94-4e41-ae65-a5390866b4b8,649516e8-0c41-45ed-aed5-e73a4048e030,d428caef-24ee-4eb1-99e7-e7cd132ce973,infra.rejet_inventaire_pollution,123daa97-29db-4695-9a5f-cd18f5403b2b,8f414f33-29af-4c0e-933f-b7c6558bdbbd,0.0,0.7250,DUPLICATE_EXACT,,SID_PDOM1_R3,Sidi El Makhfi,Sidi El Makhfi,REJET,infra.rejet_inventaire_pollution,MANUAL_REVIEW_REQUIRED,1,PENDING,distance=0.00m; nom=0.00; commune=1.00; priorite=5
e60088e9-cf94-4e41-ae65-a5390866b4b8,e373d6c5-468d-423a-baf3-943b90592ab2,f6e16863-8650-480d-aa6d-573ec39bca80,infra.rejet_inventaire_pollution,bf3dc7d0-4597-457e-852c-0710eee12d61,0ba11972-4988-4545-9a33-e3a15e8e157b,0.0,0.7250,DUPLICATE_EXACT,,SID_PDOM1_R4,Sidi El Makhfi,Sidi El Makhfi,REJET,infra.rejet_inventaire_pollution,MANUAL_REVIEW_REQUIRED,1,PENDING,distance=0.00m; nom=0.00; commune=1.00; priorite=5
e60088e9-cf94-4e41-ae65-a5390866b4b8,97b958b1-1d23-44d6-9894-f8d4f3811253,3827db68-0309-4508-97c7-6ee1eb79e69a,infra.rejet_inventaire_pollution,5fa8c853-07c9-4bfc-af77-7a71ad702a02,2dd121c2-9587-4c42-bf55-cbf23cc2acec,0.0,0.7250,DUPLICATE_EXACT,,TIG_PDOM1_R1,Tigrigra,Tigrigra,REJET,infra.rejet_inventaire_pollution,MANUAL_REVIEW_REQUIRED,1,PENDING,distance=0.00m; nom=0.00; commune=1.00; priorite=5
e60088e9-cf94-4e41-ae65-a5390866b4b8,cece8a4e-4d82-445e-a0b9-abc189935052,2cc36188-842c-4725-bf1e-caee8af888ac,infra.rejet_inventaire_pollution,fc74f083-5ae6-4cf3-8143-08b341d29b49,544ad713-440a-405c-8b3b-68021a281728,0.0,0.7250,DUPLICATE_EXACT,,TIG_PDOM1_R2,Tigrigra,Tigrigra,REJET,infra.rejet_inventaire_pollution,MANUAL_REVIEW_REQUIRED,1,PENDING,distance=0.00m; nom=0.00; commune=1.00; priorite=5
e60088e9-cf94-4e41-ae65-a5390866b4b8,150efa15-0a4c-486b-96f4-f2af0bcab6d7,ada03406-029a-46e3-acc6-fb0a70e7658e,infra.rejet_inventaire_pollution,715ec404-ed1f-443b-88b2-0814363a0b00,0181055a-b668-48fd-b6f6-20711c3cd530,0.0,0.7250,DUPLICATE_EXACT,,TIG_PDOM1_R3,Tigrigra,Tigrigra,REJET,infra.rejet_inventaire_pollution,MANUAL_REVIEW_REQUIRED,1,PENDING,distance=0.00m; nom=0.00; commune=1.00; priorite=5
e60088e9-cf94-4e41-ae65-a5390866b4b8,02994edb-a449-4a46-aa92-44b0c9a0567b,d74f0bf5-0a20-453c-95fb-f060e46cefbf,infra.rejet_inventaire_pollution,fdde0243-cc97-4a85-9f48-7bfdbb2a59f0,f29b5883-6f5d-4fd6-881d-3c4a898a1b9c,0.0,0.7250,DUPLICATE_EXACT,,TIG_PDOM1_R4,Tigrigra,Tigrigra,REJET,infra.rejet_inventaire_pollution,MANUAL_REVIEW_REQUIRED,1,PENDING,distance=0.00m; nom=0.00; commune=1.00; priorite=5
e60088e9-cf94-4e41-ae65-a5390866b4b8,3e2c1286-24eb-4b84-b3c2-adc83be02093,6b57dbde-de03-481d-ad2a-dc335ddc5cf1,infra.rejet_inventaire_pollution,f34969f3-0917-4e90-9093-db8322d9d404,b91a55e9-17d5-4d50-b747-7da12e73f83e,0.0,0.7250,DUPLICATE_EXACT,,TIG_PDOM1_R5,Tigrigra,Tigrigra,REJET,infra.rejet_inventaire_pollution,MANUAL_REVIEW_REQUIRED,1,PENDING,distance=0.00m; nom=0.00; commune=1.00; priorite=5
e60088e9-cf94-4e41-ae65-a5390866b4b8,067e5a00-ccf2-4993-886c-83055cc4de19,3e3deed0-af5c-4185-8892-681b4b6596d6,infra.rejet_inventaire_pollution,18738629-9b85-4796-b648-f6ef13a66de0,1be90f17-bf78-4ecb-b523-cb3742ee2dcc,0.0,0.7250,DUPLICATE_EXACT,,TIG_PDOM1_R6,Tigrigra,Tigrigra,REJET,infra.rejet_inventaire_pollution,MANUAL_REVIEW_REQUIRED,1,PENDING,distance=0.00m; nom=0.00; commune=1.00; priorite=5
e60088e9-cf94-4e41-ae65-a5390866b4b8,311f48ee-9015-4c7f-963e-acb2d633be2c,4b81a2b1-bd11-44c5-b15c-f0ec28c365fe,infra.rejet_inventaire_pollution,33b8b1d7-7dbc-49f5-9251-d296339b1f11,8d5f54a6-f185-44eb-802d-077e9776e2b3,0.0,0.7250,DUPLICATE_EXACT,,TIG_PDOM1_R7,Tigrigra,Tigrigra,REJET,infra.rejet_inventaire_pollution,MANUAL_REVIEW_REQUIRED,1,PENDING,distance=0.00m; nom=0.00; commune=1.00; priorite=5
e60088e9-cf94-4e41-ae65-a5390866b4b8,835e0a6f-041e-499d-84df-3789dd093edc,df8d97f4-b640-4b5c-8211-e1cf63468587,infra.rejet_inventaire_pollution,9e46d8f4-587f-46c7-873f-6a51463759cc,a1ba5241-1674-4c3d-be27-7f2ec7666ec0,0.0,0.7250,DUPLICATE_EXACT,,TMH_PDOM1_R1,Timahdit,Timahdit,REJET,infra.rejet_inventaire_pollution,MANUAL_REVIEW_REQUIRED,1,PENDING,distance=0.00m; nom=0.00; commune=1.00; priorite=5
e60088e9-cf94-4e41-ae65-a5390866b4b8,21d53444-cd01-46d1-9430-28127743025c,e35f000e-9176-4bc2-b5b7-93e42d872c17,infra.rejet_inventaire_pollution,1f754791-1f4f-48a8-a270-c909ab5c9088,e2e29d6c-2469-46e0-9353-596a923a44bc,0.0,0.7250,DUPLICATE_EXACT,,TMH_PDOM1_R2,Timahdit,Timahdit,REJET,infra.rejet_inventaire_pollution,MANUAL_REVIEW_REQUIRED,1,PENDING,distance=0.00m; nom=0.00; commune=1.00; priorite=5
e60088e9-cf94-4e41-ae65-a5390866b4b8,feb3939b-1d9a-447a-8e30-a72ae009f615,f8dedd47-aa7e-49f0-8f45-b3ebb3ff74a3,infra.rejet_inventaire_pollution,fe81f2d9-290e-4d15-b850-16f62955abe3,e640a010-38bf-4a66-93b0-6bded080cbce,0.0,0.7250,DUPLICATE_EXACT,,TMH_PDOM1_R3,Timahdit,Timahdit,REJET,infra.rejet_inventaire_pollution,MANUAL_REVIEW_REQUIRED,1,PENDING,distance=0.00m; nom=0.00; commune=1.00; priorite=5
e60088e9-cf94-4e41-ae65-a5390866b4b8,a4d8b3c7-9563-4cd3-8f22-2ddc8150c0b1,6d49926c-f8f1-44eb-837b-1c5e7be69270,infra.rejet_inventaire_pollution,effd111e-f484-4383-8796-4fd7602e0b94,c4327d3d-0f60-4bf8-baec-ae604f672f9e,0.0,0.7250,DUPLICATE_EXACT,,KEN_dom1_R.A,Kénitra,Kénitra,REJET,infra.rejet_inventaire_pollution,MANUAL_REVIEW_REQUIRED,1,PENDING,distance=0.00m; nom=0.00; commune=1.00; priorite=5
e60088e9-cf94-4e41-ae65-a5390866b4b8,7ee36753-dfe8-43af-af73-d3cc55a60764,980a4d1c-6463-4b87-b6ea-6dec787f3e0e,infra.rejet_inventaire_pollution,f30b9954-e5b4-4440-9591-3dbb5d7dc5f9,41a260bf-aafd-49e2-a873-ef0b5d05f6ea,0.0,0.7250,DUPLICATE_EXACT,,KEN_dom1_R.B,Kénitra,Kénitra,REJET,infra.rejet_inventaire_pollution,MANUAL_REVIEW_REQUIRED,1,PENDING,distance=0.00m; nom=0.00; commune=1.00; priorite=5
e60088e9-cf94-4e41-ae65-a5390866b4b8,fc006bc0-a8bf-4532-8947-c0fe8a14b1ba,ea874fd0-6d51-4477-9987-8c8e001443a9,infra.rejet_inventaire_pollution,a9eb0381-a270-4d11-8afe-4efd3adf938e,41a260bf-aafd-49e2-a873-ef0b5d05f6ea,0.0,0.7250,DUPLICATE_EXACT,,KEN_dom1_R.B,Kénitra,Kénitra,REJET,infra.rejet_inventaire_pollution,MANUAL_REVIEW_REQUIRED,1,PENDING,distance=0.00m; nom=0.00; commune=1.00; priorite=5
e60088e9-cf94-4e41-ae65-a5390866b4b8,a6b55b9a-db12-40c2-8eb5-48aebc7cbe97,c121e1a9-1eaf-4bdf-8c84-7e51c4b25175,infra.rejet_inventaire_pollution,f57f69b0-062b-425c-8267-f7329b7c3e71,b82dca4d-30c7-47cf-a492-82ccd8072283,0.0,0.7250,DUPLICATE_EXACT,,KEN_dom1_R.C,Kénitra,Kénitra,REJET,infra.rejet_inventaire_pollution,MANUAL_REVIEW_REQUIRED,1,PENDING,distance=0.00m; nom=0.00; commune=1.00; priorite=5
e60088e9-cf94-4e41-ae65-a5390866b4b8,0898171e-156f-41e2-a02f-7896a1c43318,f014dc88-f895-41d5-8fa8-a91cd10ee008,infra.rejet_inventaire_pollution,906e3efb-d93b-4ccd-9b8e-078a156e7aff,833ade52-6545-425f-81bc-9e94e364f1c5,0.0,0.7250,DUPLICATE_EXACT,,KEN_dom1_R.D,Kénitra,Kénitra,REJET,infra.rejet_inventaire_pollution,MANUAL_REVIEW_REQUIRED,1,PENDING,distance=0.00m; nom=0.00; commune=1.00; priorite=5
e60088e9-cf94-4e41-ae65-a5390866b4b8,50485399-3e31-4d4a-8225-4c747872662e,008964d0-fc17-4ea0-a515-297d7722a422,infra.rejet_inventaire_pollution,d433bbe7-d702-422f-ae03-210fd35fef53,833ade52-6545-425f-81bc-9e94e364f1c5,0.0,0.7250,DUPLICATE_EXACT,,KEN_dom1_R.D,Kénitra,Kénitra,REJET,infra.rejet_inventaire_pollution,MANUAL_REVIEW_REQUIRED,1,PENDING,distance=0.00m; nom=0.00; commune=1.00; priorite=5
e60088e9-cf94-4e41-ae65-a5390866b4b8,24301bc2-4cf5-47d5-826f-1fa00565b44b,28368e7c-a995-46ff-b66e-3c853781fa17,infra.rejet_inventaire_pollution,54f4cc87-067d-4dc2-ab85-35f98cc7b1d6,6a845a8a-38f8-41e5-8562-d4963762f3e6,0.0,0.7250,DUPLICATE_EXACT,,KEN_dom1_R.E,Kénitra,Kénitra,REJET,infra.rejet_inventaire_pollution,MANUAL_REVIEW_REQUIRED,1,PENDING,distance=0.00m; nom=0.00; commune=1.00; priorite=5
e60088e9-cf94-4e41-ae65-a5390866b4b8,af2a658a-a780-43ac-99cb-2aa53cee7ad2,9143b607-0054-40bb-833c-4a282eb05c54,infra.rejet_inventaire_pollution,e904a6eb-c903-4f45-9b46-b8effb05233f,4aca1694-3c50-41d8-a9b0-2a8f9182affc,0.0,0.7250,DUPLICATE_EXACT,,KEN_dom1_R.F,Kénitra,Kénitra,REJET,infra.rejet_inventaire_pollution,MANUAL_REVIEW_REQUIRED,1,PENDING,distance=0.00m; nom=0.00; commune=1.00; priorite=5
e60088e9-cf94-4e41-ae65-a5390866b4b8,1a0c89fa-a1d9-4493-aa7f-7dcbc73ac56f,3ed6b3ee-52a6-4693-9bc4-e4fd1f123fc3,infra.rejet_inventaire_pollution,f9cfa467-a656-4fee-a8fe-4d6e171701aa,4aca1694-3c50-41d8-a9b0-2a8f9182affc,0.0,0.7250,DUPLICATE_EXACT,,KEN_dom1_R.F,Kénitra,Kénitra,REJET,infra.rejet_inventaire_pollution,MANUAL_REVIEW_REQUIRED,1,PENDING,distance=0.00m; nom=0.00; commune=1.00; priorite=5
e60088e9-cf94-4e41-ae65-a5390866b4b8,f47d4a7a-1af9-4e2f-b989-fcc305e55c60,2f53ff6b-c535-4375-8763-9fe532bf89ac,infra.rejet_inventaire_pollution,fd15ad1b-7483-4d19-a428-a85f465d848c,ba6d3f70-fc92-4b54-b65c-c46a5d6317f7,0.0,0.7250,DUPLICATE_EXACT,,ORG_DOM_R3,Ourtzagh,Ourtzagh,REJET,infra.rejet_inventaire_pollution,MANUAL_REVIEW_REQUIRED,1,PENDING,distance=0.00m; nom=0.00; commune=1.00; priorite=5
e60088e9-cf94-4e41-ae65-a5390866b4b8,b1eaf9aa-1f5f-4ccc-b756-0de34ca1e552,dc6d89e0-514b-4119-b9cd-794cc8508c60,infra.rejet_inventaire_pollution,7859ceaa-6b37-411a-88d6-7a3b00627473,ac778e14-7231-4bb9-8f91-e34d21a0b64b,0.0,0.7250,DUPLICATE_EXACT,,MHD_dom1_BILADI R.2,Mhedya,Mhedya,REJET,infra.rejet_inventaire_pollution,MANUAL_REVIEW_REQUIRED,1,PENDING,distance=0.00m; nom=0.00; commune=1.00; priorite=5
e60088e9-cf94-4e41-ae65-a5390866b4b8,b39b824d-0569-493a-8de0-bdb4b15c7f32,93aa4c3a-e59e-401b-8b41-add2f47d64a2,infra.rejet_inventaire_pollution,0792468d-a533-4482-b685-65efb85af001,86682cb4-d462-4e31-a9ad-9f98a423bc08,0.0,0.7250,DUPLICATE_EXACT,,MHD_dom1_BILADI R.1,Mhedya,Mhedya,REJET,infra.rejet_inventaire_pollution,MANUAL_REVIEW_REQUIRED,1,PENDING,distance=0.00m; nom=0.00; commune=1.00; priorite=5
e60088e9-cf94-4e41-ae65-a5390866b4b8,7c224a41-3075-4f88-afb7-b67881a8b411,d1a0a576-4f31-4844-a006-59adf84e28b3,infra.rejet_inventaire_pollution,a9eed01f-d667-41e5-ba8a-6fb24ded347d,35d80bc0-49ee-44c4-9880-0f48c0226156,0.0,0.7250,DUPLICATE_EXACT,,SAT_DOM_R1,Ben Mansour,Ben Mansour,REJET,infra.rejet_inventaire_pollution,MANUAL_REVIEW_REQUIRED,1,PENDING,distance=0.00m; nom=0.00; commune=1.00; priorite=5
e60088e9-cf94-4e41-ae65-a5390866b4b8,81d8a511-8f35-45e9-96bf-f662409583a4,ec8731ef-f79b-45c1-93c3-4832c0fbc11e,infra.rejet_inventaire_pollution,1e3cac8c-c0c9-42dc-8e64-19d45f1e8ae7,df82349f-52e4-403a-ae69-e18630fea11a,0.0,0.7250,DUPLICATE_EXACT,,MOG_DOM_R1,Mograne,Mograne,REJET,infra.rejet_inventaire_pollution,MANUAL_REVIEW_REQUIRED,1,PENDING,distance=0.00m; nom=0.00; commune=1.00; priorite=5
e60088e9-cf94-4e41-ae65-a5390866b4b8,8af4b271-51a6-462b-8ed2-c1610b38ef4a,97e52499-c76a-4d59-b799-fdff5ec23701,infra.rejet_inventaire_pollution,53e87d01-06e9-41ec-9030-a88632a31018,83279a5b-9109-41df-afaa-fd4920c551aa,0.0,0.7250,DUPLICATE_EXACT,,Narjiss,Ait malek,Ait malek,REJET,infra.rejet_inventaire_pollution,MANUAL_REVIEW_REQUIRED,1,PENDING,distance=0.00m; nom=0.00; commune=1.00; priorite=5
e60088e9-cf94-4e41-ae65-a5390866b4b8,81317b28-6b86-4904-a3a8-23f60c2b3ddb,aa45d3be-5e2c-4873-97d2-62a6a7c0010b,infra.rejet_inventaire_pollution,6ddc06cf-e004-4913-a531-0d98afe4bfc6,76b72637-5c02-4968-9d0b-f08169c1c277,0.0,0.7250,DUPLICATE_EXACT,,Jawharat,Ait malek,Ait malek,REJET,infra.rejet_inventaire_pollution,MANUAL_REVIEW_REQUIRED,1,PENDING,distance=0.00m; nom=0.00; commune=1.00; priorite=5
e60088e9-cf94-4e41-ae65-a5390866b4b8,449c4788-bcee-4cc5-b66b-044cb13d24c5,35058465-16be-45fd-97b1-63073a427c91,infra.rejet_inventaire_pollution,4e1b1ffe-1622-4be3-821b-2aacc9bbf932,4adacd79-4764-4bb2-b41c-14e0b03a6d48,0.0,0.7250,DUPLICATE_EXACT,,RG-BQC-1,Bouqachmir,Bouqachmir,REJET,infra.rejet_inventaire_pollution,MANUAL_REVIEW_REQUIRED,1,PENDING,distance=0.00m; nom=0.00; commune=1.00; priorite=5
e60088e9-cf94-4e41-ae65-a5390866b4b8,0c69d7b9-f722-4a5f-aaf3-68e10102fa01,78cea605-6d04-4345-9a07-661232ee9215,infra.rejet_inventaire_pollution,3a672d4a-4a10-4a54-9565-67da0a316d8e,94208ea8-7b3a-45cf-b9b3-6f0eaf2e68c1,0.0,0.7250,DUPLICATE_EXACT,,RG-MQT-1,Mqam tolba,Mqam tolba,REJET,infra.rejet_inventaire_pollution,MANUAL_REVIEW_REQUIRED,1,PENDING,distance=0.00m; nom=0.00; commune=1.00; priorite=5
e60088e9-cf94-4e41-ae65-a5390866b4b8,0381d901-6a10-4dcd-9fff-e3b33173c860,02ef3e69-f272-4f3e-883c-968dc99dda18,infra.rejet_inventaire_pollution,4e6b5d16-3ea2-490c-b765-0842fa582a0e,dfdaa7c6-73d6-4e90-b423-bf7023496027,0.0,0.7250,DUPLICATE_EXACT,,RG-KHM-2,Khemissat,Khemissat,REJET,infra.rejet_inventaire_pollution,MANUAL_REVIEW_REQUIRED,1,PENDING,distance=0.00m; nom=0.00; commune=1.00; priorite=5
e60088e9-cf94-4e41-ae65-a5390866b4b8,a06171b8-5375-412f-ae64-fb231c80a03f,3642f800-3c17-4be6-b791-f69643e3033a,infra.rejet_inventaire_pollution,31f707b5-8196-4d7d-b9b9-14738920534a,c460e2a3-d424-4afb-a6d2-923f22014b18,0.0,0.7250,DUPLICATE_EXACT,,RG-KHM-3,Khemissat,Khemissat,REJET,infra.rejet_inventaire_pollution,MANUAL_REVIEW_REQUIRED,1,PENDING,distance=0.00m; nom=0.00; commune=1.00; priorite=5
e60088e9-cf94-4e41-ae65-a5390866b4b8,7ebcc374-16e7-474d-82f2-370167ad1c7c,9cfade5e-9b9b-4da8-ba0b-15dec33591f7,infra.rejet_inventaire_pollution,bd52918f-f917-43cc-af35-8d0d5fa3417e,0f3e777b-0518-4c4e-bc1d-c288706ae98b,0.0,0.7250,DUPLICATE_EXACT,,RG-KHM-4,Khemissat,Khemissat,REJET,infra.rejet_inventaire_pollution,MANUAL_REVIEW_REQUIRED,1,PENDING,distance=0.00m; nom=0.00; commune=1.00; priorite=5
e60088e9-cf94-4e41-ae65-a5390866b4b8,bbc4d0db-de1b-4d73-9d24-6139848d0dca,4aaa4563-9164-45e4-87a0-9c6ce559d107,infra.rejet_inventaire_pollution,5041bb45-bf4d-4ccd-8484-acb64b857fb5,51f51afd-f9bb-4889-8829-565ce987700c,0.0,0.7250,DUPLICATE_EXACT,,RG-KHM-5,Khemissat,Khemissat,REJET,infra.rejet_inventaire_pollution,MANUAL_REVIEW_REQUIRED,1,PENDING,distance=0.00m; nom=0.00; commune=1.00; priorite=5
e60088e9-cf94-4e41-ae65-a5390866b4b8,d8131be7-0b9d-4cbb-a1f9-57624b63be89,55425b43-e614-46bb-b40b-cdbe32f28602,infra.rejet_inventaire_pollution,38750621-3d28-497d-97c1-277f6c3dd421,08c3dc3e-971d-4b31-b900-685e1daa8fe0,0.0,0.7250,DUPLICATE_EXACT,,RG-KHM-6,Khemissat,Khemissat,REJET,infra.rejet_inventaire_pollution,MANUAL_REVIEW_REQUIRED,1,PENDING,distance=0.00m; nom=0.00; commune=1.00; priorite=5
e60088e9-cf94-4e41-ae65-a5390866b4b8,f6ea5b42-63b9-4045-811a-8bdc64b26993,1aa51073-c4d3-4543-b5da-db92c8854fdb,infra.rejet_inventaire_pollution,2080c2be-1c98-431d-ab57-a9c20a83f85c,34f5f34c-310d-47b9-8597-adc3167d3fbf,0.0,0.7250,DUPLICATE_EXACT,,RG-KHM-7,Khemissat,Khemissat,REJET,infra.rejet_inventaire_pollution,MANUAL_REVIEW_REQUIRED,1,PENDING,distance=0.00m; nom=0.00; commune=1.00; priorite=5
e60088e9-cf94-4e41-ae65-a5390866b4b8,0dcc71af-f4aa-4540-89fc-4b4590bff3a3,3fc58717-a788-40c5-a36f-4d047d984625,infra.rejet_inventaire_pollution,f673e848-3832-4239-a3f1-faf6ffe544f5,97bcab2b-2ca3-4327-b4c4-9e2a08c80a55,0.0,0.7250,DUPLICATE_EXACT,,RG-KHM-8,Khemissat,Khemissat,REJET,infra.rejet_inventaire_pollution,MANUAL_REVIEW_REQUIRED,1,PENDING,distance=0.00m; nom=0.00; commune=1.00; priorite=5
e60088e9-cf94-4e41-ae65-a5390866b4b8,fa47d195-e28d-4416-9860-83a2c174f1f6,15fad24e-53de-4afd-a34f-e4af5771dbda,infra.rejet_inventaire_pollution,9ab55342-d7b4-4222-accd-1b056ba5910c,57600ec2-22ff-4c14-bd9f-2b3fccef78a4,0.0,0.7250,DUPLICATE_EXACT,,RG-TFL-1,Tiflet,Tiflet,REJET,infra.rejet_inventaire_pollution,MANUAL_REVIEW_REQUIRED,1,PENDING,distance=0.00m; nom=0.00; commune=1.00; priorite=5
e60088e9-cf94-4e41-ae65-a5390866b4b8,af251db8-1d70-45d2-983c-36ac901708ba,99c25f4c-07c6-46db-91db-4cf34b15166f,infra.rejet_inventaire_pollution,83dc574f-14fa-4268-a9af-d85d55efeaf5,3d4b39cf-6cdf-4463-adfb-98e8bb8ec9f3,0.0,0.7250,DUPLICATE_EXACT,,RG-SFF-1,SFASSIF,SFASSIF,REJET,infra.rejet_inventaire_pollution,MANUAL_REVIEW_REQUIRED,1,PENDING,distance=0.00m; nom=0.00; commune=1.00; priorite=5
e60088e9-cf94-4e41-ae65-a5390866b4b8,d87928f0-79a5-4943-a5dc-f0dac27f9fad,e243e071-639b-461d-9599-2afb8f113263,infra.rejet_inventaire_pollution,96b31fd4-d8f6-40a8-88c6-bdf28b5648b2,3c30c4ec-e520-4964-8c12-7b91d51e439e,0.0,0.7250,DUPLICATE_EXACT,,RG-SAL-2,Sidi alal el bahraoui,Sidi alal el bahraoui,REJET,infra.rejet_inventaire_pollution,MANUAL_REVIEW_REQUIRED,1,PENDING,distance=0.00m; nom=0.00; commune=1.00; priorite=5
e60088e9-cf94-4e41-ae65-a5390866b4b8,8e8c12bf-a0fa-468a-960c-d10ef870ef4a,52e7b3c2-b1d4-4df1-9d24-8be9fce555b2,infra.rejet_inventaire_pollution,6e630584-67ff-46d1-8406-109ab25fb137,5d9fa349-0b8e-4834-b6f0-dd2dbdf1ec5e,0.0,0.7250,DUPLICATE_EXACT,,RG-AIY-1,Ait yadine,Ait yadine,REJET,infra.rejet_inventaire_pollution,MANUAL_REVIEW_REQUIRED,1,PENDING,distance=0.00m; nom=0.00; commune=1.00; priorite=5
e60088e9-cf94-4e41-ae65-a5390866b4b8,a8f25a05-f4a0-49c4-a125-a3b05cbea839,6f817bb7-e844-4d92-b68d-6c9d90f8f20a,infra.rejet_inventaire_pollution,ba228196-0736-4b33-a6f7-cb70c6680654,6edb0d6e-fc19-4971-8077-6a7899609687,0.0,0.7250,DUPLICATE_EXACT,,RG-AIM-1,Majmaa tolba,Majmaa tolba,REJET,infra.rejet_inventaire_pollution,MANUAL_REVIEW_REQUIRED,1,PENDING,distance=0.00m; nom=0.00; commune=1.00; priorite=5
e60088e9-cf94-4e41-ae65-a5390866b4b8,e9a26cc6-c836-4210-a85d-c9a40e1adb2e,3fde4c80-e215-47b1-86e9-87a5da37977d,infra.rejet_inventaire_pollution,bdc3ec21-0609-4f78-8f7e-d24afb5156f9,5fe5b2a6-3933-4989-9c98-612b78f064fa,0.0,0.7250,DUPLICATE_EXACT,,RG-1,Ait ouribel,Ait ouribel,REJET,infra.rejet_inventaire_pollution,MANUAL_REVIEW_REQUIRED,1,PENDING,distance=0.00m; nom=0.00; commune=1.00; priorite=5
e60088e9-cf94-4e41-ae65-a5390866b4b8,007863f7-585a-464c-91b3-163beb096b60,a8856c8e-32fe-4aef-9d06-a744060e6729,infra.rejet_inventaire_pollution,c742322a-e333-4aab-bd3c-50e2f5e3a91b,2171edbf-a01f-43cc-9ccc-8cf7869cdbec,0.0,0.7250,DUPLICATE_EXACT,,RG-AIS-1,Ait siberne,Ait siberne,REJET,infra.rejet_inventaire_pollution,MANUAL_REVIEW_REQUIRED,1,PENDING,distance=0.00m; nom=0.00; commune=1.00; priorite=5
e60088e9-cf94-4e41-ae65-a5390866b4b8,c3323908-f5f0-4b4d-a64e-b5e796a41959,8df05205-9ea0-4b83-8913-d5fd5f890f8f,infra.rejet_inventaire_pollution,551e3a57-37b2-41c5-9049-c8c9a59fb721,f95c35c4-29ef-41b2-8e63-5a0930d13660,0.0,0.7250,DUPLICATE_EXACT,,RG-AIS-2,Ait siberne,Ait siberne,REJET,infra.rejet_inventaire_pollution,MANUAL_REVIEW_REQUIRED,1,PENDING,distance=0.00m; nom=0.00; commune=1.00; priorite=5
e60088e9-cf94-4e41-ae65-a5390866b4b8,4bd2dfb6-bf6b-4b10-97c9-fefc545809ce,b94f68a1-8787-4c74-8ace-fd099e04d8e4,infra.rejet_inventaire_pollution,1514c236-5576-496e-aa47-e381624d201b,23d61fd7-16ec-4908-9eea-30f7ac3ec4c4,0.0,0.7250,DUPLICATE_EXACT,,BFK_PDOM1_R1,Boufkrane,Boufkrane,REJET,infra.rejet_inventaire_pollution,MANUAL_REVIEW_REQUIRED,1,PENDING,distance=0.00m; nom=0.00; commune=1.00; priorite=5
e60088e9-cf94-4e41-ae65-a5390866b4b8,5c16f224-be86-435d-b547-b4bae4b16366,169a1f2b-98b9-4667-afc7-ba19fa1bde2f,infra.rejet_inventaire_pollution,83455d27-33cb-4fba-a691-98f71b8a5d08,7600d0ef-a738-4ff1-b2b4-883fb62d911d,0.0,0.7250,DUPLICATE_EXACT,,OJD_PDOM1_R1,Oued Jdida,Oued Jdida,REJET,infra.rejet_inventaire_pollution,MANUAL_REVIEW_REQUIRED,1,PENDING,distance=0.00m; nom=0.00; commune=1.00; priorite=5
e60088e9-cf94-4e41-ae65-a5390866b4b8,52e03c95-9e19-4ee5-87f7-8b36368776c9,2d2bdd5a-977c-44b5-bd2b-9dc503b21e74,infra.rejet_inventaire_pollution,bc73f542-22c2-4802-8a89-f16a33c70165,3e34205b-f0c5-4d8d-a2cf-d45e64099592,0.0,0.7250,DUPLICATE_EXACT,,SMK_PDOM1_R1,Sidi Slimane Moul Al Kifane,Sidi Slimane Moul Al Kifane,REJET,infra.rejet_inventaire_pollution,MANUAL_REVIEW_REQUIRED,1,PENDING,distance=0.00m; nom=0.00; commune=1.00; priorite=5
e60088e9-cf94-4e41-ae65-a5390866b4b8,f0f4a8a3-8a5b-40ba-a19f-5a35a994e7e6,2c4921d3-67ab-4b9f-8e19-42a92ba730ae,infra.rejet_inventaire_pollution,0f7402ea-ec35-4f6d-a5cd-47a44c46abe5,d09f8bf3-1d29-45d6-ae2b-651772bf646f,0.0,0.7250,DUPLICATE_EXACT,,SMK_PDOM1_R2,Sidi Slimane Moul Al Kifane,Sidi Slimane Moul Al Kifane,REJET,infra.rejet_inventaire_pollution,MANUAL_REVIEW_REQUIRED,1,PENDING,distance=0.00m; nom=0.00; commune=1.00; priorite=5
e60088e9-cf94-4e41-ae65-a5390866b4b8,65b8e5b5-b32f-4d6b-9865-49aeb3c98ac3,9b1197dd-9492-40d4-b45a-da3c94f6abcc,infra.rejet_inventaire_pollution,14ad9ca6-6d67-4446-904c-f2f4f737b729,2e98fc61-06f4-45c2-8544-cb7c056676ac,0.0,0.7250,DUPLICATE_EXACT,,AOR_PDOM1_R1,Ain ORMA,Ain ORMA,REJET,infra.rejet_inventaire_pollution,MANUAL_REVIEW_REQUIRED,1,PENDING,distance=0.00m; nom=0.00; commune=1.00; priorite=5
e60088e9-cf94-4e41-ae65-a5390866b4b8,23250391-a865-4339-8e84-bd3400182a36,d13efd65-f407-40c0-ba6e-73dd959fd377,infra.rejet_inventaire_pollution,5f39a0d9-caa2-4aa2-821e-23e9627d0977,a1cedca3-9a30-45ff-b1e0-68dab523ca7c,0.0,0.7250,DUPLICATE_EXACT,,DOS_PDOM1_R1,Dar Oum Sultane,Dar Oum Sultane,REJET,infra.rejet_inventaire_pollution,MANUAL_REVIEW_REQUIRED,1,PENDING,distance=0.00m; nom=0.00; commune=1.00; priorite=5
e60088e9-cf94-4e41-ae65-a5390866b4b8,a1f64483-5678-46fe-a5af-045bd6da1076,eae752db-10c6-4e35-9433-fe16fc1f5804,infra.rejet_inventaire_pollution,bc9cdf79-4802-4938-b230-5f520e3624e4,ff579bba-0a54-47bc-9d91-823d1c0b47b7,0.0,0.7250,DUPLICATE_EXACT,,DOS_PDOM1_R2,Dar Oum Sultane,Dar Oum Sultane,REJET,infra.rejet_inventaire_pollution,MANUAL_REVIEW_REQUIRED,1,PENDING,distance=0.00m; nom=0.00; commune=1.00; priorite=5
e60088e9-cf94-4e41-ae65-a5390866b4b8,febba666-1695-4051-8248-3866b0d686cf,d79a501c-262d-43b6-b971-7a7c1fed0559,infra.rejet_inventaire_pollution,df77176f-e66f-462d-89d3-3803eb38d187,4e961c9a-643e-45d5-a68e-44a87deffd4a,0.0,0.7250,DUPLICATE_EXACT,,MGH_PDOM1_R1,M'ghassiyine,M'ghassiyine,REJET,infra.rejet_inventaire_pollution,MANUAL_REVIEW_REQUIRED,1,PENDING,distance=0.00m; nom=0.00; commune=1.00; priorite=5
e60088e9-cf94-4e41-ae65-a5390866b4b8,9eae7e7d-126e-43ad-b6c0-493f2ef9fa14,661cedc5-5e92-4eb1-aeed-4f233f42f574,infra.rejet_inventaire_pollution,3950382c-bf80-4d27-8bd5-8906fc6669c6,9fbb9146-7618-49ec-a39f-2429b562e1e9,0.0,0.7250,DUPLICATE_EXACT,,MGH_PDOM1_R2,M'ghassiyine,M'ghassiyine,REJET,infra.rejet_inventaire_pollution,MANUAL_REVIEW_REQUIRED,1,PENDING,distance=0.00m; nom=0.00; commune=1.00; priorite=5
e60088e9-cf94-4e41-ae65-a5390866b4b8,a39c7b37-f739-4090-a48e-069a8ba6b0f9,f9a9f361-bde8-40b2-840e-80d5a286a414,infra.rejet_inventaire_pollution,9650c323-c6e8-42aa-b229-cf2b6353c11a,11dcc959-b94d-47cd-bd41-ceec3f0854cf,0.0,0.7250,DUPLICATE_EXACT,,DDZ_PDOM1_R1,Moulay Driss Zarhoune,Moulay Driss Zarhoune,REJET,infra.rejet_inventaire_pollution,MANUAL_REVIEW_REQUIRED,1,PENDING,distance=0.00m; nom=0.00; commune=1.00; priorite=5
e60088e9-cf94-4e41-ae65-a5390866b4b8,237c52d7-f296-47d4-b6a9-80e55e5d83fd,ce1e5c54-80b4-486c-bbca-de73355c8f48,infra.rejet_inventaire_pollution,1c2378ff-848a-4a63-adde-5eb89653ae11,7cfbdde2-cc07-4108-a51d-4ff89667b759,0.0,0.7250,DUPLICATE_EXACT,,DDZ_PDOM1_R2,Moulay Driss Zarhoune,Moulay Driss Zarhoune,REJET,infra.rejet_inventaire_pollution,MANUAL_REVIEW_REQUIRED,1,PENDING,distance=0.00m; nom=0.00; commune=1.00; priorite=5
e60088e9-cf94-4e41-ae65-a5390866b4b8,0cb9070b-b167-40e3-8533-287f36231040,e9fc3a75-d876-4a28-bfc1-f1dab062e57f,infra.rejet_inventaire_pollution,7de0f067-48eb-419d-a224-adf2e922f0f8,9f910d48-7c80-4ee3-b86b-03fecea5144f,0.0,0.7250,DUPLICATE_EXACT,,DDZ_PDOM1_R3,Moulay Driss Zarhoune,Moulay Driss Zarhoune,REJET,infra.rejet_inventaire_pollution,MANUAL_REVIEW_REQUIRED,1,PENDING,distance=0.00m; nom=0.00; commune=1.00; priorite=5
e60088e9-cf94-4e41-ae65-a5390866b4b8,de311097-0b0d-4aeb-9ccd-e4e5aa665fe3,b4bce691-7cea-441a-be6d-ee9d64af29d0,infra.rejet_inventaire_pollution,11d828a2-3f99-443d-84d6-990e4176bc7f,0c655f09-fdba-4591-85a6-09f7a7bd8073,0.0,0.7250,DUPLICATE_EXACT,,DDZ_PDOM1_R4,Moulay Driss Zarhoune,Moulay Driss Zarhoune,REJET,infra.rejet_inventaire_pollution,MANUAL_REVIEW_REQUIRED,1,PENDING,distance=0.00m; nom=0.00; commune=1.00; priorite=5
e60088e9-cf94-4e41-ae65-a5390866b4b8,b32c72bf-eac1-4977-993c-7a72e50bf25d,c1a3a6ab-bad3-491b-a4bc-ed67fa13a4ae,infra.rejet_inventaire_pollution,70186e4c-8ea5-41dc-924d-7bde5d322b5e,d68700cf-be9f-49b5-a946-acbb39c7ebdd,0.0,0.7250,DUPLICATE_EXACT,,DDZ_PDOM1_R5,Moulay Driss Zarhoune,Moulay Driss Zarhoune,REJET,infra.rejet_inventaire_pollution,MANUAL_REVIEW_REQUIRED,1,PENDING,distance=0.00m; nom=0.00; commune=1.00; priorite=5
e60088e9-cf94-4e41-ae65-a5390866b4b8,5f55bc3d-4e6e-476e-8504-54cae36c6dff,a6d9c03e-8ffe-47f9-b93f-0a2ecf904b62,infra.rejet_inventaire_pollution,c09e49dc-8313-4e77-84d3-0534c5e93666,27241e66-3080-492d-81ac-8740d2383046,0.0,0.7250,DUPLICATE_EXACT,,DDZ_PDOM1_R6,Moulay Driss Zarhoune,Moulay Driss Zarhoune,REJET,infra.rejet_inventaire_pollution,MANUAL_REVIEW_REQUIRED,1,PENDING,distance=0.00m; nom=0.00; commune=1.00; priorite=5
e60088e9-cf94-4e41-ae65-a5390866b4b8,2ddf47ef-55df-4b08-a134-733ca8895751,dee9813e-0e97-44a1-9861-ff3aa0e8afed,infra.rejet_inventaire_pollution,9a6da56b-a4ae-423f-97ec-590edafc62a3,527c159f-7915-4e62-9f8f-5f2ed7567504,0.0,0.7250,DUPLICATE_EXACT,,LMJ_DOM,Lamjaara,Lamjaara,REJET,infra.rejet_inventaire_pollution,MANUAL_REVIEW_REQUIRED,1,PENDING,distance=0.00m; nom=0.00; commune=1.00; priorite=5
e60088e9-cf94-4e41-ae65-a5390866b4b8,3a392084-bb87-4149-97e5-69be95d6d6bb,8c714cbb-558a-41f7-ba05-c470af05edf1,infra.rejet_inventaire_pollution,c0947fa2-36e1-445f-968e-181caf73ec78,4910948a-a6be-4848-954e-e5f24a51cc72,0.0,0.7250,DUPLICATE_EXACT,,DDZ_PDOM1_R7,Moulay Driss Zarhoune,Moulay Driss Zarhoune,REJET,infra.rejet_inventaire_pollution,MANUAL_REVIEW_REQUIRED,1,PENDING,distance=0.00m; nom=0.00; commune=1.00; priorite=5
e60088e9-cf94-4e41-ae65-a5390866b4b8,ef40fa18-485f-4fac-b316-57a59c896b3a,ad6c7157-9d72-4fe2-b7d0-24d830720854,infra.rejet_inventaire_pollution,c9500214-3b37-44e8-ab39-f61d8692e58c,3ece3ba2-701b-4b05-bbce-82d769439599,0.0,0.7250,DUPLICATE_EXACT,,AJA_PDOM1_R1,Ain Jemaa,Ain Jemaa,REJET,infra.rejet_inventaire_pollution,MANUAL_REVIEW_REQUIRED,1,PENDING,distance=0.00m; nom=0.00; commune=1.00; priorite=5
e60088e9-cf94-4e41-ae65-a5390866b4b8,53ff3aae-16ff-46e1-a9ca-808ab9adad6a,f2a0c9f4-dc0d-42c2-a6e8-0eec3d8c7ee1,infra.rejet_inventaire_pollution,f6a63407-6796-4176-81d2-974c604eb86b,4b24baeb-c773-4c4b-932c-954aa9bd9f79,0.0,0.7250,DUPLICATE_EXACT,,MEK_PDOM1_R1,MEKNES,MEKNES,REJET,infra.rejet_inventaire_pollution,MANUAL_REVIEW_REQUIRED,1,PENDING,distance=0.00m; nom=0.00; commune=1.00; priorite=5
e60088e9-cf94-4e41-ae65-a5390866b4b8,4fe2b8f9-8925-44a9-ba9f-e081b05a42b1,cd2193d7-6260-4c60-acce-368ce9e5ba06,infra.rejet_inventaire_pollution,e386ac05-f8c7-42fc-916b-d411c971f665,23fec7d7-2725-466b-8f3e-cdb4a898846f,0.0,0.7250,DUPLICATE_EXACT,,MHA_PDOM1_R2,M'HAYA,M'HAYA,REJET,infra.rejet_inventaire_pollution,MANUAL_REVIEW_REQUIRED,1,PENDING,distance=0.00m; nom=0.00; commune=1.00; priorite=5
e60088e9-cf94-4e41-ae65-a5390866b4b8,4705d87e-6806-42da-9c0f-dc6cea8d3bee,07755635-03e1-472e-8df6-a8700651bb5b,infra.rejet_inventaire_pollution,967efe33-9a70-48a1-9dba-7bd380f2d39f,53e4fec6-70c1-4ca6-b6f7-ffe7813155b2,0.0,0.7250,DUPLICATE_EXACT,,_PDOM1_R1,Nzalat Beni Amar,Nzalat Beni Amar,REJET,infra.rejet_inventaire_pollution,MANUAL_REVIEW_REQUIRED,1,PENDING,distance=0.00m; nom=0.00; commune=1.00; priorite=5
e60088e9-cf94-4e41-ae65-a5390866b4b8,b62314d8-2c7b-43e7-93d8-98e74f882588,5ec2529e-d7dd-4862-a935-e30981c8a1c4,infra.rejet_inventaire_pollution,df829345-bf46-4e83-b2ce-300450197b4f,e1bc8844-a639-4669-8571-6c45fa633ce3,0.0,0.7250,DUPLICATE_EXACT,,_PDOM1_R2,Nzalat Beni Amar,Nzalat Beni Amar,REJET,infra.rejet_inventaire_pollution,MANUAL_REVIEW_REQUIRED,1,PENDING,distance=0.00m; nom=0.00; commune=1.00; priorite=5
e60088e9-cf94-4e41-ae65-a5390866b4b8,5161feaf-c599-4434-a75f-43ad23e75262,9000d6ac-976e-4406-8c43-e09b6f9a1e81,infra.rejet_inventaire_pollution,556b5249-0693-4efb-b27a-30eb841edd2e,0512505d-cf13-40a9-be42-e84d0d9ab630,0.0,0.7250,DUPLICATE_EXACT,,AKA_PDOM1_R1,Ain Karma_ Oued Romane,Ain Karma_ Oued Romane,REJET,infra.rejet_inventaire_pollution,MANUAL_REVIEW_REQUIRED,1,PENDING,distance=0.00m; nom=0.00; commune=1.00; priorite=5
e60088e9-cf94-4e41-ae65-a5390866b4b8,1c7fa12d-bf7d-478c-b101-1cb636d47d66,882738d7-ca3f-4910-859c-1efedb99d73d,infra.rejet_inventaire_pollution,6c72e6c2-e489-451b-9038-77555c825bee,573d8dcf-531e-4fae-8318-be3e6691bb28,0.0,0.7250,DUPLICATE_EXACT,,CHQ_DOM_R1,Charqaoua,Charqaoua,REJET,infra.rejet_inventaire_pollution,MANUAL_REVIEW_REQUIRED,1,PENDING,distance=0.00m; nom=0.00; commune=1.00; priorite=5
e60088e9-cf94-4e41-ae65-a5390866b4b8,bdbcb86c-1c6b-4c0a-89f8-f20457d97d99,79abeca4-a50e-499a-a8f3-b04c2c367f55,infra.rejet_inventaire_pollution,2be96b34-6d7c-4a9a-8f83-6289a5c01623,8810ce4f-eb18-42f8-9dcb-c8675e3e1128,0.0,0.7250,DUPLICATE_EXACT,,CHQ_DOM_R2,Charqaoua,Charqaoua,REJET,infra.rejet_inventaire_pollution,MANUAL_REVIEW_REQUIRED,1,PENDING,distance=0.00m; nom=0.00; commune=1.00; priorite=5
e60088e9-cf94-4e41-ae65-a5390866b4b8,68afcd0f-719d-4341-ae4a-fac13a3cde6f,f4934890-c009-4dd9-bdda-0c53cd123e9a,infra.rejet_inventaire_pollution,674578b8-dae5-4955-85aa-3654024477b5,e3d848ca-3b4a-4b12-b213-f7c4976e053f,0.0,0.7250,DUPLICATE_EXACT,,MCB_DOM_R1,Moulay Yacoub,Moulay Yacoub,REJET,infra.rejet_inventaire_pollution,MANUAL_REVIEW_REQUIRED,1,PENDING,distance=0.00m; nom=0.00; commune=1.00; priorite=5
e60088e9-cf94-4e41-ae65-a5390866b4b8,90c296c2-1440-4ef6-b471-8413c8d4ef35,08b23711-d911-4066-b9d9-c7a6969996e4,infra.rejet_inventaire_pollution,614a8cfc-5b4e-49b9-a249-b1257c5f7dc1,04afe25e-61cb-4ff2-b200-40b23f91c313,0.0,0.7250,DUPLICATE_EXACT,,LOD_DOM_R1,Louadaine,Louadaine,REJET,infra.rejet_inventaire_pollution,MANUAL_REVIEW_REQUIRED,1,PENDING,distance=0.00m; nom=0.00; commune=1.00; priorite=5
e60088e9-cf94-4e41-ae65-a5390866b4b8,d813d33e-d5f7-40a7-ad68-92b7251521b6,339ad10d-daf2-4c9d-9c3e-b98ac1aa64a7,infra.rejet_inventaire_pollution,c2e94f8b-6d92-45d3-90d1-d2879e0d4514,01cea633-7877-43cf-8a61-0f10fd879ade,0.0,0.7250,DUPLICATE_EXACT,,LOD_DOM_R2,Louadaine,Louadaine,REJET,infra.rejet_inventaire_pollution,MANUAL_REVIEW_REQUIRED,1,PENDING,distance=0.00m; nom=0.00; commune=1.00; priorite=5
e60088e9-cf94-4e41-ae65-a5390866b4b8,34324819-447c-44a1-a7c9-71923a724a44,8850e8c5-9551-48fa-8d68-ac160954321c,infra.rejet_inventaire_pollution,adb2b9b1-3a2b-471e-8cae-397f24c62e91,13e90ac7-adb8-4b02-a593-af08a87bb16f,0.0,0.7250,DUPLICATE_EXACT,,LOD_DOM_R3,Louadaine,Louadaine,REJET,infra.rejet_inventaire_pollution,MANUAL_REVIEW_REQUIRED,1,PENDING,distance=0.00m; nom=0.00; commune=1.00; priorite=5
e60088e9-cf94-4e41-ae65-a5390866b4b8,4b88f273-eb38-4706-ae7a-607ad8205ffb,f7dc8ed7-5bf1-41c1-9253-704a9f54e490,infra.rejet_inventaire_pollution,7b2d5bd0-0c72-4705-977f-a48d41d3f835,81115cf0-969e-47c6-89ca-b3b7e29776d0,0.0,0.7250,DUPLICATE_EXACT,,AKA_DOM_R1,Ain Kansra,Ain Kansra,REJET,infra.rejet_inventaire_pollution,MANUAL_REVIEW_REQUIRED,1,PENDING,distance=0.00m; nom=0.00; commune=1.00; priorite=5
e60088e9-cf94-4e41-ae65-a5390866b4b8,b1b84c60-19b6-499a-901a-1812e42ef8db,7c5b40bb-ae86-473a-9a19-35cf03d1912d,infra.rejet_inventaire_pollution,492c4534-e104-4355-ae38-7694634e25af,0b8d9367-60d9-448a-8083-9749c2b2f7f7,0.0,0.7250,DUPLICATE_EXACT,,AKA_DOM_R2,Ain Kansra,Ain Kansra,REJET,infra.rejet_inventaire_pollution,MANUAL_REVIEW_REQUIRED,1,PENDING,distance=0.00m; nom=0.00; commune=1.00; priorite=5
e60088e9-cf94-4e41-ae65-a5390866b4b8,1d0144e1-7d3a-401e-b5f2-505a4e9f992f,39f230cb-8c9c-4905-830f-7e8f2d9f7f28,infra.rejet_inventaire_pollution,67edd460-96c1-4940-831c-9e962f96f988,7c7f39c2-b503-4aff-a23a-c509192f30b1,0.0,0.7250,DUPLICATE_EXACT,,JEO_DOM_R1,Ain Bou Ali,Ain Bou Ali,REJET,infra.rejet_inventaire_pollution,MANUAL_REVIEW_REQUIRED,1,PENDING,distance=0.00m; nom=0.00; commune=1.00; priorite=5
e60088e9-cf94-4e41-ae65-a5390866b4b8,6c1c55e6-c8c5-4255-ab89-939f7a0c8f13,a3247d80-7a04-4d5b-8da4-acd9430470bd,infra.rejet_inventaire_pollution,ba34bb75-cc87-43db-b933-8d614287dd3b,7b51f64a-5c51-420c-ab7c-65b9b664338a,0.0,0.7250,DUPLICATE_EXACT,,MOKR_PDOM_R1,Mokrisset,Mokrisset,REJET,infra.rejet_inventaire_pollution,MANUAL_REVIEW_REQUIRED,1,PENDING,distance=0.00m; nom=0.00; commune=1.00; priorite=5
e60088e9-cf94-4e41-ae65-a5390866b4b8,88b3677d-f58e-4cec-8d11-2286794c74af,7937c82c-752e-4e36-934a-f504454993d3,infra.rejet_inventaire_pollution,f37d5502-f330-4a10-8b56-427441308143,3c4e28be-a7ca-4d00-9b88-399c48c37f35,0.0,0.7250,DUPLICATE_EXACT,,SDR_PDOM_R1,Sidi Redouane,Sidi Redouane,REJET,infra.rejet_inventaire_pollution,MANUAL_REVIEW_REQUIRED,1,PENDING,distance=0.00m; nom=0.00; commune=1.00; priorite=5
e60088e9-cf94-4e41-ae65-a5390866b4b8,b1aeb673-be5b-4be4-8b44-87d26d0a4729,c166e8ba-0e24-4392-9538-821c21d03bfb,infra.rejet_inventaire_pollution,5a362a45-d05c-4df2-9598-026314479686,9f8abd55-e48a-4620-86cd-23dcbcb5091b,0.0,0.7250,DUPLICATE_EXACT,,ZOM_PDOM_R1,Zoumi,Zoumi,REJET,infra.rejet_inventaire_pollution,MANUAL_REVIEW_REQUIRED,1,PENDING,distance=0.00m; nom=0.00; commune=1.00; priorite=5
e60088e9-cf94-4e41-ae65-a5390866b4b8,bd0dbd38-887d-4944-859d-825a018af2a6,6b5dfc09-1214-445f-aa81-87c66724f7ee,infra.rejet_inventaire_pollution,5ba99ed2-7f71-41b9-9341-e9a09086ddd9,97df9889-cf4d-433b-a931-b373a00525f4,0.0,0.7250,DUPLICATE_EXACT,,ZOM_PDOM_R2,Zoumi,Zoumi,REJET,infra.rejet_inventaire_pollution,MANUAL_REVIEW_REQUIRED,1,PENDING,distance=0.00m; nom=0.00; commune=1.00; priorite=5
e60088e9-cf94-4e41-ae65-a5390866b4b8,fc648807-5263-4a4c-87e0-b7e89c9cd7f7,c50ac90e-4918-4fed-a0bf-dd624fbaf0ae,infra.rejet_inventaire_pollution,607b879c-dc13-43d8-b13e-663e63c096c3,031376b9-f94c-469d-bffc-c22517696dd9,0.0,0.7250,DUPLICATE_EXACT,,OUZ_PDOM_R3,Ouazzane,Ouazzane,REJET,infra.rejet_inventaire_pollution,MANUAL_REVIEW_REQUIRED,1,PENDING,distance=0.00m; nom=0.00; commune=1.00; priorite=5
e60088e9-cf94-4e41-ae65-a5390866b4b8,d4c5965e-1349-43c8-b4b4-c88ab2edc7ba,f639173b-15cb-4984-8b75-cb3848c8a1e3,infra.rejet_inventaire_pollution,3396f935-9a2d-4047-a0df-65391abfe64f,1cb2c872-297c-4891-80b5-bf24bae15ab0,0.0,0.7250,DUPLICATE_EXACT,,TRL_DOM_R1,Teroual,Teroual,REJET,infra.rejet_inventaire_pollution,MANUAL_REVIEW_REQUIRED,1,PENDING,distance=0.00m; nom=0.00; commune=1.00; priorite=5
e60088e9-cf94-4e41-ae65-a5390866b4b8,b8dfc60b-bd1f-4b72-b81e-89c7ef91ae06,1f26cedb-4d8a-4b94-8dac-4f266f9749fc,infra.rejet_inventaire_pollution,9d47fcae-a818-41d3-b9bb-2bdcde057eec,1cd0589d-0d1f-4a2b-bffe-2f8a2be227b2,0.0,0.7250,DUPLICATE_EXACT,,TRL_DOM_R2,Teroual,Teroual,REJET,infra.rejet_inventaire_pollution,MANUAL_REVIEW_REQUIRED,1,PENDING,distance=0.00m; nom=0.00; commune=1.00; priorite=5
e60088e9-cf94-4e41-ae65-a5390866b4b8,970f9f5a-15b9-4a36-942a-cd40fda73f6f,685bb6ea-5cd1-42eb-b743-b025e0077175,infra.rejet_inventaire_pollution,b41afc17-6086-49fc-bf73-3c7fd68773b9,beac08bf-476d-43b7-8a10-49b02f8b295d,0.0,0.7250,DUPLICATE_EXACT,,BHL_DOM_R1,Bhalil,Bhalil,REJET,infra.rejet_inventaire_pollution,MANUAL_REVIEW_REQUIRED,1,PENDING,distance=0.00m; nom=0.00; commune=1.00; priorite=5
e60088e9-cf94-4e41-ae65-a5390866b4b8,b61cc18c-3340-487f-b0eb-e3e65822bc06,f52f5e3f-8c1f-4cd8-baa2-f97136683fe6,infra.rejet_inventaire_pollution,1c187c20-b3ee-4664-b60b-3d34d156d071,bb496816-c4f4-46d4-ae0b-b23facfba8f3,0.0,0.7250,DUPLICATE_EXACT,,BHL_DOM_R2,Bhalil,Bhalil,REJET,infra.rejet_inventaire_pollution,MANUAL_REVIEW_REQUIRED,1,PENDING,distance=0.00m; nom=0.00; commune=1.00; priorite=5
e60088e9-cf94-4e41-ae65-a5390866b4b8,abb7ee00-c756-439a-a0bf-1193d5bb27e8,6f0776f0-cc45-4509-a238-34a37052624e,infra.rejet_inventaire_pollution,ee588db0-842d-4c28-8fcb-5f5e14f0c588,541a2f8e-1942-42b4-ab09-eceafac5b489,0.0,0.7250,DUPLICATE_EXACT,,BHL_DOM_R3,Bhalil,Bhalil,REJET,infra.rejet_inventaire_pollution,MANUAL_REVIEW_REQUIRED,1,PENDING,distance=0.00m; nom=0.00; commune=1.00; priorite=5
e60088e9-cf94-4e41-ae65-a5390866b4b8,cfd82821-3b7d-4278-afbc-c463be8097b8,78bdebd4-f5d1-409c-b7dc-33ee837d805e,infra.rejet_inventaire_pollution,2a903033-3b72-464d-b0ee-3ef9ce9151ae,97d08c54-39d0-42c3-b15d-c01394e2c200,0.0,0.7250,DUPLICATE_EXACT,,BHL_DOM_R4,Bhalil,Bhalil,REJET,infra.rejet_inventaire_pollution,MANUAL_REVIEW_REQUIRED,1,PENDING,distance=0.00m; nom=0.00; commune=1.00; priorite=5
e60088e9-cf94-4e41-ae65-a5390866b4b8,05ef0fd6-8cc3-47bd-9075-57f466ee0d31,3c5d395e-eab1-4237-8659-d402b133277a,infra.rejet_inventaire_pollution,bb0b9cc8-feb2-4751-87fd-ea5e72e23251,32774315-2888-4f7c-ac2f-d61ddb55e3bc,0.0,0.7250,DUPLICATE_EXACT,,CHG_DOM_R1,Ain Cheggag,Ain Cheggag,REJET,infra.rejet_inventaire_pollution,MANUAL_REVIEW_REQUIRED,1,PENDING,distance=0.00m; nom=0.00; commune=1.00; priorite=5
e60088e9-cf94-4e41-ae65-a5390866b4b8,5aef466e-c9f5-4d29-8a83-927b1a608cbb,61c968ed-76b3-4290-9ccc-76c543ace34c,infra.rejet_inventaire_pollution,e7473f3c-8441-4e71-b1d8-b529835bf8a2,00d5099d-449a-4d50-961b-4f435cda9713,0.0,0.7250,DUPLICATE_EXACT,,CHG_DOM_R2,Ain Cheggag,Ain Cheggag,REJET,infra.rejet_inventaire_pollution,MANUAL_REVIEW_REQUIRED,1,PENDING,distance=0.00m; nom=0.00; commune=1.00; priorite=5
e60088e9-cf94-4e41-ae65-a5390866b4b8,c15c679f-e5f6-4f1e-b166-d94b6870847e,c38f3c96-dc34-4190-a1ac-6f455d65a977,infra.rejet_inventaire_pollution,53938c6e-895a-47c0-8ef6-4a39e378b3c3,84efce50-2b2b-4b2e-9553-dbc6b6a7dc5f,0.0,0.7250,DUPLICATE_EXACT,,CHG_DOM_R3,Ain Cheggag,Ain Cheggag,REJET,infra.rejet_inventaire_pollution,MANUAL_REVIEW_REQUIRED,1,PENDING,distance=0.00m; nom=0.00; commune=1.00; priorite=5
e60088e9-cf94-4e41-ae65-a5390866b4b8,52056f1d-06ee-410a-affe-c73e92a5a995,0be6b660-e796-4d74-a7cf-28d1d53e86b9,infra.rejet_inventaire_pollution,152bac25-20ba-44b5-ad69-2e7418617cf9,884340a1-6b54-4d85-9f85-34095f77f167,0.0,0.7250,DUPLICATE_EXACT,,MNZ_DOM_R1,El Menzel,El Menzel,REJET,infra.rejet_inventaire_pollution,MANUAL_REVIEW_REQUIRED,1,PENDING,distance=0.00m; nom=0.00; commune=1.00; priorite=5
e60088e9-cf94-4e41-ae65-a5390866b4b8,a9c9562a-23ab-4265-9d1f-0aae4abe7ef7,8c451fa4-379d-408e-b05e-f03943e3d5c7,infra.rejet_inventaire_pollution,589cf413-b21e-4df4-8888-0151a9842319,41caef8e-0d89-481c-95b7-f3af5426920c,0.0,0.7250,DUPLICATE_EXACT,,MNZ_DOM_R2,El Menzel,El Menzel,REJET,infra.rejet_inventaire_pollution,MANUAL_REVIEW_REQUIRED,1,PENDING,distance=0.00m; nom=0.00; commune=1.00; priorite=5
e60088e9-cf94-4e41-ae65-a5390866b4b8,042fa3b0-141a-4238-b6c8-ab1331c0b1b6,0d3bf963-4d6b-4d9d-8108-d26ced79a93d,infra.rejet_inventaire_pollution,eba890cf-9ae9-4220-9c42-70f2fa423645,67cfced2-4ad4-46a8-9af1-9433a93e09d0,0.0,0.7250,DUPLICATE_EXACT,,MNZ_DOM_R3,El Menzel,El Menzel,REJET,infra.rejet_inventaire_pollution,MANUAL_REVIEW_REQUIRED,1,PENDING,distance=0.00m; nom=0.00; commune=1.00; priorite=5
e60088e9-cf94-4e41-ae65-a5390866b4b8,7a398a85-b67c-45b5-b175-ded273267992,40b516f7-97d7-4342-833c-0fb2c3fded0b,infra.rejet_inventaire_pollution,1d8e3d9b-dd9d-44c7-9b1a-adf76121d078,c37bb471-f16c-4088-8b16-ea7439221fbe,0.0,0.7250,DUPLICATE_EXACT,,MNZ_DOM_R4,El Menzel,El Menzel,REJET,infra.rejet_inventaire_pollution,MANUAL_REVIEW_REQUIRED,1,PENDING,distance=0.00m; nom=0.00; commune=1.00; priorite=5
e60088e9-cf94-4e41-ae65-a5390866b4b8,70863c80-cf21-4e44-a63f-e10603cddedd,ce0b6974-e8ed-4923-ae32-047b7a92d6f2,infra.rejet_inventaire_pollution,d90e483e-fc0c-4908-b7f9-34dc13dfd218,8c6b9ecf-5bb0-47ae-96a7-db43db41e606,0.0,0.7250,DUPLICATE_EXACT,,MNZ_DOM_R5,El Menzel,El Menzel,REJET,infra.rejet_inventaire_pollution,MANUAL_REVIEW_REQUIRED,1,PENDING,distance=0.00m; nom=0.00; commune=1.00; priorite=5
e60088e9-cf94-4e41-ae65-a5390866b4b8,5502bb77-486f-415e-8676-cd61efd79211,2ac48f4b-3c2e-4e64-b88e-3a8594c3722f,infra.rejet_inventaire_pollution,2a3c03fc-b30b-4096-8378-1715dadc5b72,e0ea2324-8a9b-4a43-a519-9a3c6f3878dc,0.0,0.7250,DUPLICATE_EXACT,,MNZ_DOM_R6,El Menzel,El Menzel,REJET,infra.rejet_inventaire_pollution,MANUAL_REVIEW_REQUIRED,1,PENDING,distance=0.00m; nom=0.00; commune=1.00; priorite=5
e60088e9-cf94-4e41-ae65-a5390866b4b8,f1232419-267d-4dec-807d-aa39a3d57507,b1cfaed0-7698-47e1-9ceb-08e35d2f167c,infra.rejet_inventaire_pollution,8f46f757-2911-4c58-9017-5f944db55f76,bb5aa31d-a2a7-420c-9c7c-74e476f574da,0.0,0.7250,DUPLICATE_EXACT,,MNZ_DOM_R7,El Menzel,El Menzel,REJET,infra.rejet_inventaire_pollution,MANUAL_REVIEW_REQUIRED,1,PENDING,distance=0.00m; nom=0.00; commune=1.00; priorite=5
e60088e9-cf94-4e41-ae65-a5390866b4b8,8ed166de-fc95-470b-80e3-27c561eb5b1f,e3557c6f-99ba-4e2e-8dac-c14e08db50af,infra.rejet_inventaire_pollution,7fc04f72-aab8-4417-a754-0003c80f64ad,6dd42df8-fdb1-4974-bc9b-3d665207b990,0.0,0.7250,DUPLICATE_EXACT,,MNZ_DOM_R8,El Menzel,El Menzel,REJET,infra.rejet_inventaire_pollution,MANUAL_REVIEW_REQUIRED,1,PENDING,distance=0.00m; nom=0.00; commune=1.00; priorite=5
e60088e9-cf94-4e41-ae65-a5390866b4b8,47d4ce5e-c6f5-48d1-8fca-14eeb0080aa2,c40b0cbc-8a85-4e1f-82aa-695500847649,infra.rejet_inventaire_pollution,1786390c-ccc9-45de-b8e3-c96f3c80bc4a,a7a409cc-db16-429f-9759-2004c0b2776e,0.0,0.7250,DUPLICATE_EXACT,,MNZ_DOM_R9,El Menzel,El Menzel,REJET,infra.rejet_inventaire_pollution,MANUAL_REVIEW_REQUIRED,1,PENDING,distance=0.00m; nom=0.00; commune=1.00; priorite=5
e60088e9-cf94-4e41-ae65-a5390866b4b8,22c36d92-f8ee-4762-a319-eb97ff464252,63320d6e-ac7d-4f30-bfa1-fdaed010b6c8,infra.rejet_inventaire_pollution,4c1e980e-73e4-4734-b9ae-9dc0014e4514,64163890-e1e2-4b04-9e8e-6f3ca3839454,0.0,0.7250,DUPLICATE_EXACT,,MNZ_DOM_R10,El Menzel,El Menzel,REJET,infra.rejet_inventaire_pollution,MANUAL_REVIEW_REQUIRED,1,PENDING,distance=0.00m; nom=0.00; commune=1.00; priorite=5
e60088e9-cf94-4e41-ae65-a5390866b4b8,926a1433-dbe3-4b54-9535-9a76f71d468d,b851962c-139c-4323-8f57-95c5df0396a8,infra.rejet_inventaire_pollution,9ee057e2-cb72-4427-a0b0-138565a20637,bda69e33-03e2-46c0-b55a-49a1aef85b8a,0.0,0.7250,DUPLICATE_EXACT,,MNZ_DOM_R11,El Menzel,El Menzel,REJET,infra.rejet_inventaire_pollution,MANUAL_REVIEW_REQUIRED,1,PENDING,distance=0.00m; nom=0.00; commune=1.00; priorite=5
e60088e9-cf94-4e41-ae65-a5390866b4b8,3fc15994-0034-437b-b1dc-7e4bbf942af3,d987e584-9c15-4357-9cbb-c63bd89f8983,infra.rejet_inventaire_pollution,716d502b-42fa-424b-9cb6-210f41e697b5,2c3dfd03-d75e-4e3e-bbdc-efe2ceace469,0.0,0.7250,DUPLICATE_EXACT,,MNZ_DOM_R12,El Menzel,El Menzel,REJET,infra.rejet_inventaire_pollution,MANUAL_REVIEW_REQUIRED,1,PENDING,distance=0.00m; nom=0.00; commune=1.00; priorite=5
e60088e9-cf94-4e41-ae65-a5390866b4b8,6b923e4b-b9bf-41e3-88bd-14d84c494c90,321ed1d9-c9d1-42ce-a502-761bc9001e74,infra.rejet_inventaire_pollution,d34eea9e-a313-434c-8063-6ab2f10d3398,c13c27e3-c10d-46f5-b7d1-37bb942590c6,0.0,0.7250,DUPLICATE_EXACT,,SYB_DOM_R1,SIDI YOUSSEF BEN AHMED,SIDI YOUSSEF BEN AHMED,REJET,infra.rejet_inventaire_pollution,MANUAL_REVIEW_REQUIRED,1,PENDING,distance=0.00m; nom=0.00; commune=1.00; priorite=5
e60088e9-cf94-4e41-ae65-a5390866b4b8,cefc1937-3f03-4c8b-b90d-e45697328e88,493e5486-d0ff-4821-be21-ac89a4c3e1e9,infra.rejet_inventaire_pollution,3d71c907-7b22-4c28-8de0-8b29ba78c3d5,0d985ed7-521a-455f-a323-bd674f1407e8,0.0,0.7250,DUPLICATE_EXACT,,SYB_DOM_R2,SIDI YOUSSEF BEN AHMED,SIDI YOUSSEF BEN AHMED,REJET,infra.rejet_inventaire_pollution,MANUAL_REVIEW_REQUIRED,1,PENDING,distance=0.00m; nom=0.00; commune=1.00; priorite=5
e60088e9-cf94-4e41-ae65-a5390866b4b8,d6630451-6819-487f-b682-bee8625de01f,3090074c-edd9-4567-aba0-9c3cb97fff58,infra.rejet_inventaire_pollution,414c5526-55e3-444b-8ad9-f27dff3a8115,5ec71bef-966b-46dc-be43-1e6c227edae9,0.0,0.7250,DUPLICATE_EXACT,,RAT_DOM_R1,RAS TABOUDA,RAS TABOUDA,REJET,infra.rejet_inventaire_pollution,MANUAL_REVIEW_REQUIRED,1,PENDING,distance=0.00m; nom=0.00; commune=1.00; priorite=5
e60088e9-cf94-4e41-ae65-a5390866b4b8,ec6e92a2-065f-4186-a3f0-82bdb1d206f4,f9f6f001-4346-44fc-836a-7cae6d4a527d,infra.rejet_inventaire_pollution,0a692b3d-13e1-41d6-bed3-358a442fa058,40e1aee2-136a-4a83-84a6-9007769970ea,0.0,0.7250,DUPLICATE_EXACT,,BTT_DOM_R1,BIR TAM TAM,BIR TAM TAM,REJET,infra.rejet_inventaire_pollution,MANUAL_REVIEW_REQUIRED,1,PENDING,distance=0.00m; nom=0.00; commune=1.00; priorite=5
e60088e9-cf94-4e41-ae65-a5390866b4b8,d1b08338-708f-4eab-adaf-d268d1951c46,06dc71c7-ec38-4799-b120-b74a54063399,infra.rejet_inventaire_pollution,ca11df71-2c6f-498a-8f0e-52a624c7a6b0,8b5c43cc-94c2-4868-a50e-a1cb4f031c83,0.0,0.7250,DUPLICATE_EXACT,,IMK_DOM_R1,IMOUZZER KANDAR,IMOUZZER KANDAR,REJET,infra.rejet_inventaire_pollution,MANUAL_REVIEW_REQUIRED,1,PENDING,distance=0.00m; nom=0.00; commune=1.00; priorite=5
e60088e9-cf94-4e41-ae65-a5390866b4b8,d1a0262d-eb9d-458c-8e58-8abb4f5006e3,abf066e5-53d6-4c16-ae7e-343ab6317300,infra.rejet_inventaire_pollution,9d44570e-d1ed-48e2-b629-2d8c6bc85572,e2e9a0ff-af5e-4455-88ff-d8edc532f581,0.0,0.7250,DUPLICATE_EXACT,,IMK_DOM_R2,IMOUZZER KANDAR,IMOUZZER KANDAR,REJET,infra.rejet_inventaire_pollution,MANUAL_REVIEW_REQUIRED,1,PENDING,distance=0.00m; nom=0.00; commune=1.00; priorite=5
e60088e9-cf94-4e41-ae65-a5390866b4b8,7baceff9-7072-4598-99ee-5d0d3d1c3b23,1386b359-130d-4959-a661-f83c9cb0e2f7,infra.rejet_inventaire_pollution,895ea81a-2bc2-46b1-aa8b-13d0381a5eb4,29a35b3f-ea23-41a3-939c-b837f552c61a,0.0,0.7250,DUPLICATE_EXACT,,IMK_DOM_R3,IMOUZZER KANDAR,IMOUZZER KANDAR,REJET,infra.rejet_inventaire_pollution,MANUAL_REVIEW_REQUIRED,1,PENDING,distance=0.00m; nom=0.00; commune=1.00; priorite=5
e60088e9-cf94-4e41-ae65-a5390866b4b8,ea228258-1624-4923-b014-2707f8068b3c,9f5e425a-ff9e-40e9-88bc-3d8d6a84e3da,infra.rejet_inventaire_pollution,607ffef8-e627-48eb-92bc-f718b64dd0a5,00317f67-e733-4fbc-a862-765896b80eff,0.0,0.7250,DUPLICATE_EXACT,,GFS_PDS_R4,GHAFSAI,GHAFSAI,REJET,infra.rejet_inventaire_pollution,MANUAL_REVIEW_REQUIRED,1,PENDING,distance=0.00m; nom=0.00; commune=1.00; priorite=5
e60088e9-cf94-4e41-ae65-a5390866b4b8,d61d1a5e-01bd-4d3e-8a60-d862f1a01cfd,9cb9e5f1-82b1-4c44-a736-601f0b0cbc2f,infra.rejet_inventaire_pollution,10b53a45-68dd-4d19-96ed-30173604bd03,d99f8e8e-7542-4387-b2f3-54917349c41f,0.0,0.7250,DUPLICATE_EXACT,,SEF_DOM_1,SEFROU,SEFROU,REJET,infra.rejet_inventaire_pollution,MANUAL_REVIEW_REQUIRED,1,PENDING,distance=0.00m; nom=0.00; commune=1.00; priorite=5
e60088e9-cf94-4e41-ae65-a5390866b4b8,79a6b4ca-b316-4546-93eb-7a795d105cd7,2fbfd511-1bc8-4148-8133-48c6efafcc09,infra.rejet_inventaire_pollution,f3fe2189-bb11-4403-8529-dc5852aeaa42,4b79e0f1-ec53-47a2-b925-d22681ee4393,0.0,0.7250,DUPLICATE_EXACT,,SEF_DOM_2,SEFROU,SEFROU,REJET,infra.rejet_inventaire_pollution,MANUAL_REVIEW_REQUIRED,1,PENDING,distance=0.00m; nom=0.00; commune=1.00; priorite=5
e60088e9-cf94-4e41-ae65-a5390866b4b8,c8240cdc-c922-4998-abd4-246bd95ae1d6,289306ad-c651-4879-bca9-63120170f2e6,infra.rejet_inventaire_pollution,b3ac49be-9357-4f74-893a-6e7e81972375,e135f707-8e93-4c12-ae14-55d5fbeee07a,0.0,0.7250,DUPLICATE_EXACT,,SEF_DOM_3,SEFROU,SEFROU,REJET,infra.rejet_inventaire_pollution,MANUAL_REVIEW_REQUIRED,1,PENDING,distance=0.00m; nom=0.00; commune=1.00; priorite=5
e60088e9-cf94-4e41-ae65-a5390866b4b8,b3b9a838-27ce-45b3-82ad-5a4e7500ee63,5b521863-008f-421e-8dc4-c56033b1b0f2,infra.rejet_inventaire_pollution,b70b503c-8e24-4a44-9254-dd323374e038,27c51afa-5a3c-41f4-9e2c-0edc6fadb174,0.0,0.7250,DUPLICATE_EXACT,,SEF_DOM_4,SEFROU,SEFROU,REJET,infra.rejet_inventaire_pollution,MANUAL_REVIEW_REQUIRED,1,PENDING,distance=0.00m; nom=0.00; commune=1.00; priorite=5
e60088e9-cf94-4e41-ae65-a5390866b4b8,b577254f-df5c-4719-a426-21533d84ecd0,2cc11b86-98be-4ba8-bb53-72f33443e7dc,infra.rejet_inventaire_pollution,dd6362f1-fb2d-441f-801a-e52042832893,3b4cdb07-1d83-4729-a623-f9b48023a96e,0.0,0.7250,DUPLICATE_EXACT,,SEF_DOM_5,SEFROU,SEFROU,REJET,infra.rejet_inventaire_pollution,MANUAL_REVIEW_REQUIRED,1,PENDING,distance=0.00m; nom=0.00; commune=1.00; priorite=5
e60088e9-cf94-4e41-ae65-a5390866b4b8,3b3a6f6c-5ab1-475b-8211-502dd3c70636,3303b3b7-c4d3-4386-bf1c-91a145569b15,infra.rejet_inventaire_pollution,53dc0e85-ce56-450a-8150-9557b606a2d2,063673a8-f473-40c7-8b64-479b0b078cd1,0.0,0.7250,DUPLICATE_EXACT,,SEF_DOM_6,SEFROU,SEFROU,REJET,infra.rejet_inventaire_pollution,MANUAL_REVIEW_REQUIRED,1,PENDING,distance=0.00m; nom=0.00; commune=1.00; priorite=5
e60088e9-cf94-4e41-ae65-a5390866b4b8,7d865254-bece-4f67-a8c8-6b03e75020c4,b8014d91-2c3a-4aac-9b41-b2c5e08ef8bd,infra.rejet_inventaire_pollution,397c8dc0-26f6-4614-8976-5c2b065c2d57,9bf5bc16-d295-47e6-a7e7-c3e0c854c44f,0.0,0.7250,DUPLICATE_EXACT,,SEF_DOM_7,SEFROU,SEFROU,REJET,infra.rejet_inventaire_pollution,MANUAL_REVIEW_REQUIRED,1,PENDING,distance=0.00m; nom=0.00; commune=1.00; priorite=5
e60088e9-cf94-4e41-ae65-a5390866b4b8,9a4f54f8-217e-4c5f-8825-2e9b70eaa63f,22fc4b5e-b319-4a5e-aa96-5d8c469a95d1,infra.rejet_inventaire_pollution,87ab95d6-8716-47c0-a633-ea384e1d29d5,0e913ab6-dc50-4bb5-84e5-ea5e6f6bf253,0.0,0.7250,DUPLICATE_EXACT,,SEF_DOM_8,SEFROU,SEFROU,REJET,infra.rejet_inventaire_pollution,MANUAL_REVIEW_REQUIRED,1,PENDING,distance=0.00m; nom=0.00; commune=1.00; priorite=5
e60088e9-cf94-4e41-ae65-a5390866b4b8,a0215212-e565-4bb4-a484-82c3893db696,61633c42-60bb-4236-8bce-de16e74d1ce6,infra.rejet_inventaire_pollution,4394bf26-0e28-49f8-81f1-2661cfd484ac,2f77584c-1016-4bdd-b8c3-9aad3513e028,0.0,0.7250,DUPLICATE_EXACT,,SEF_DOM_9,SEFROU,SEFROU,REJET,infra.rejet_inventaire_pollution,MANUAL_REVIEW_REQUIRED,1,PENDING,distance=0.00m; nom=0.00; commune=1.00; priorite=5
e60088e9-cf94-4e41-ae65-a5390866b4b8,29a01124-3a31-43a5-9286-aac7e915e5f1,c0d0d3b5-735b-45dc-beb0-fd3b833b45da,infra.rejet_inventaire_pollution,82d58851-75b3-45d2-8c31-38bd7003df1e,1fc88a50-b013-47bc-a238-0fd5cecb78b7,0.0,0.7250,DUPLICATE_EXACT,,SEF_DOM_10,SEFROU,SEFROU,REJET,infra.rejet_inventaire_pollution,MANUAL_REVIEW_REQUIRED,1,PENDING,distance=0.00m; nom=0.00; commune=1.00; priorite=5
e60088e9-cf94-4e41-ae65-a5390866b4b8,cdf6bc9e-17da-49a3-9327-61135fa7753e,38a3fd20-9b28-4624-ad7a-a98ba2e2b55e,infra.rejet_inventaire_pollution,842b752f-f1cb-40f4-b2c8-dc26f153a833,4e049493-cf16-429a-a878-5fcd69c7f19a,0.0,0.7250,DUPLICATE_EXACT,,SEF_DOM_11,SEFROU,SEFROU,REJET,infra.rejet_inventaire_pollution,MANUAL_REVIEW_REQUIRED,1,PENDING,distance=0.00m; nom=0.00; commune=1.00; priorite=5
e60088e9-cf94-4e41-ae65-a5390866b4b8,52a6528f-8e64-469f-b314-d0672f7eb6f3,d238d616-ef67-4cf5-97be-f75b566884c3,infra.rejet_inventaire_pollution,aa2a2090-3a44-48ef-94b5-d26d503e62c0,612229ef-7154-49d0-a1fa-67ee3ed01f28,0.0,0.7250,DUPLICATE_EXACT,,SEF_DOM_12,SEFROU,SEFROU,REJET,infra.rejet_inventaire_pollution,MANUAL_REVIEW_REQUIRED,1,PENDING,distance=0.00m; nom=0.00; commune=1.00; priorite=5
e60088e9-cf94-4e41-ae65-a5390866b4b8,e29492f1-ce30-4183-ba0f-6703108cb332,41f8c611-e031-48f5-b3ad-3a6938aa4fe8,infra.rejet_inventaire_pollution,46786874-ec09-43bc-b99c-2741b608b8bb,a41e6b34-bd32-44fd-b301-1c84168d9e1d,0.0,0.7250,DUPLICATE_EXACT,,SEF_DOM_13,SEFROU,SEFROU,REJET,infra.rejet_inventaire_pollution,MANUAL_REVIEW_REQUIRED,1,PENDING,distance=0.00m; nom=0.00; commune=1.00; priorite=5
e60088e9-cf94-4e41-ae65-a5390866b4b8,f47311f6-fdd7-46a5-8b57-1bba8d2c39e9,12dbc904-1f57-4be1-816d-708749661f50,infra.rejet_inventaire_pollution,69240e38-8d0d-4e71-bb58-cb9bf9e181b4,57f26e13-512b-4340-9ba9-cdb481ab4efe,0.0,0.7250,DUPLICATE_EXACT,,SEF_DOM_14,SEFROU,SEFROU,REJET,infra.rejet_inventaire_pollution,MANUAL_REVIEW_REQUIRED,1,PENDING,distance=0.00m; nom=0.00; commune=1.00; priorite=5
e60088e9-cf94-4e41-ae65-a5390866b4b8,2710993d-2141-479c-8727-8c5de1607d10,900c5e46-1565-48d4-ad6d-199c14054d44,infra.rejet_inventaire_pollution,e3b06a18-7a1f-43be-8954-462ec65b833f,50e3f8d1-4b01-43dd-ac3f-a74e341b87a0,0.0,0.7250,DUPLICATE_EXACT,,SEF_DOM_15,SEFROU,SEFROU,REJET,infra.rejet_inventaire_pollution,MANUAL_REVIEW_REQUIRED,1,PENDING,distance=0.00m; nom=0.00; commune=1.00; priorite=5
e60088e9-cf94-4e41-ae65-a5390866b4b8,3f2b1d62-94b6-4673-890e-69b6345c067e,3caf6d76-9ee6-41dc-b985-1807a3db09a3,infra.rejet_inventaire_pollution,c646ded0-7cf8-4c82-92c2-ebb38726e625,017d126e-328c-4b3d-9cca-27c0027a9523,0.0,0.7250,DUPLICATE_EXACT,,SEF_DOM_16,SEFROU,SEFROU,REJET,infra.rejet_inventaire_pollution,MANUAL_REVIEW_REQUIRED,1,PENDING,distance=0.00m; nom=0.00; commune=1.00; priorite=5
e60088e9-cf94-4e41-ae65-a5390866b4b8,457666bb-2c84-4f1c-94a9-01bb92c33124,0fe0f169-5c2e-4056-838f-f379f5178d20,infra.rejet_inventaire_pollution,3a6d7409-9626-4941-aeb5-5f429ff737d8,b7cdace9-55e2-4e57-9a6b-7c18cef7046e,0.0,0.7250,DUPLICATE_EXACT,,SEF_DOM_17,SEFROU,SEFROU,REJET,infra.rejet_inventaire_pollution,MANUAL_REVIEW_REQUIRED,1,PENDING,distance=0.00m; nom=0.00; commune=1.00; priorite=5
e60088e9-cf94-4e41-ae65-a5390866b4b8,9a3cc677-188b-4a3d-89c8-ba815695fbe0,b13a4697-3c65-4d94-bf58-eaf53a902045,infra.rejet_inventaire_pollution,44f4f9a8-e17e-4960-a944-712ec213377c,feced0ab-c40b-410e-a622-3975ff17b8cb,0.0,0.7250,DUPLICATE_EXACT,,AZA_DOM_R1,AZZABA,AZZABA,REJET,infra.rejet_inventaire_pollution,MANUAL_REVIEW_REQUIRED,1,PENDING,distance=0.00m; nom=0.00; commune=1.00; priorite=5
e60088e9-cf94-4e41-ae65-a5390866b4b8,efdb4ff1-bdab-4f6c-80bd-71b78f77c5ee,aec154c6-31f2-4591-8954-446111596ef2,infra.rejet_inventaire_pollution,07aeebed-48fe-48a8-a630-35f254b997cf,977bd3e3-b2de-4e6b-8f9b-340e50643b3e,0.0,0.7250,DUPLICATE_EXACT,,AZA_DOM_R2,AZZABA,AZZABA,REJET,infra.rejet_inventaire_pollution,MANUAL_REVIEW_REQUIRED,1,PENDING,distance=0.00m; nom=0.00; commune=1.00; priorite=5
e60088e9-cf94-4e41-ae65-a5390866b4b8,ee5497ce-17f9-412b-b2ea-48eb4c9bf259,6107c407-0da1-4f77-8eee-bc3ece613527,infra.rejet_inventaire_pollution,910d553b-3a5a-4275-81aa-30eafdc84880,57ceae13-8982-4c4f-847a-48ebc98df11d,0.0,0.7250,DUPLICATE_EXACT,,SDS_DOM1_R2,Sidi slimane,Sidi slimane,REJET,infra.rejet_inventaire_pollution,MANUAL_REVIEW_REQUIRED,1,PENDING,distance=0.00m; nom=0.00; commune=1.00; priorite=5
e60088e9-cf94-4e41-ae65-a5390866b4b8,9dee4ccd-e64f-4a21-b894-73d0e8b0a7af,954ebc28-930c-4c68-92fe-df6a8b06fc5c,infra.rejet_inventaire_pollution,00f891af-ed8c-4c14-b4e2-1876ada3a77b,1f687ec7-9ba1-4b76-9c36-d7480db4ba3d,0.0,0.7250,DUPLICATE_EXACT,,SDS_DOM1_R3,Sidi slimane,Sidi slimane,REJET,infra.rejet_inventaire_pollution,MANUAL_REVIEW_REQUIRED,1,PENDING,distance=0.00m; nom=0.00; commune=1.00; priorite=5
e60088e9-cf94-4e41-ae65-a5390866b4b8,75dc425d-788a-404f-a666-1c323e058731,1280902e-3798-4a49-b21f-e9945d1ca927,infra.rejet_inventaire_pollution,b6523480-8045-4193-b66a-1cf9d9bb93b9,ea025222-a3b6-471a-92b1-8e542db43452,0.0,0.7250,DUPLICATE_EXACT,,SDS_DOM1_R4,Sidi slimane,Sidi slimane,REJET,infra.rejet_inventaire_pollution,MANUAL_REVIEW_REQUIRED,1,PENDING,distance=0.00m; nom=0.00; commune=1.00; priorite=5
e60088e9-cf94-4e41-ae65-a5390866b4b8,11ee7c84-e08a-4af0-b894-2823c6a16eac,d344722e-67a8-4351-b7ee-5dce40b45868,infra.rejet_inventaire_pollution,284c8932-53a0-498a-9bc1-ad27468958bf,2ce9c73d-0a94-486f-b100-8a9c86b352f4,0.0,0.7250,DUPLICATE_EXACT,,SDS_DOM1_R5,Sidi slimane,Sidi slimane,REJET,infra.rejet_inventaire_pollution,MANUAL_REVIEW_REQUIRED,1,PENDING,distance=0.00m; nom=0.00; commune=1.00; priorite=5
e60088e9-cf94-4e41-ae65-a5390866b4b8,784d5b2b-793f-4cfe-bb0a-19cc12e3ac3a,46c2ca8f-9629-4b71-906f-29491f90ac4a,infra.rejet_inventaire_pollution,5655fd05-07c3-4336-8525-dd41caf67b3f,43c8498c-444e-4292-9bcf-b6448bffe53d,0.0,0.7250,DUPLICATE_EXACT,,SDS_DOM1_R6,Sidi slimane,Sidi slimane,REJET,infra.rejet_inventaire_pollution,MANUAL_REVIEW_REQUIRED,1,PENDING,distance=0.00m; nom=0.00; commune=1.00; priorite=5
e60088e9-cf94-4e41-ae65-a5390866b4b8,41fcf422-81b6-4a6d-a43f-6a9549bf8c19,7ec6c920-36fa-4da5-86fc-ecb09da4a600,infra.rejet_inventaire_pollution,809552e1-1723-4241-91ad-39a0da5c5748,1a67f232-fff9-463e-acbb-9014d81195f7,0.0,0.7250,DUPLICATE_EXACT,,SDS_DOM1_R7,Sidi slimane,Sidi slimane,REJET,infra.rejet_inventaire_pollution,MANUAL_REVIEW_REQUIRED,1,PENDING,distance=0.00m; nom=0.00; commune=1.00; priorite=5
e60088e9-cf94-4e41-ae65-a5390866b4b8,5c157283-d9f9-43fc-aab9-cd71c9113855,fd0ff4e5-4cd0-4262-8247-02a9ff504b25,infra.rejet_inventaire_pollution,566170f0-67e8-4155-9882-1b025e69cd06,d6550cb3-f30b-495d-b155-d4a7e67b66ea,0.0,0.7250,DUPLICATE_EXACT,,SDS_DOM1_R8,Sidi slimane,Sidi slimane,REJET,infra.rejet_inventaire_pollution,MANUAL_REVIEW_REQUIRED,1,PENDING,distance=0.00m; nom=0.00; commune=1.00; priorite=5
e60088e9-cf94-4e41-ae65-a5390866b4b8,daaa75ec-5768-4b2c-a94e-0fb6ded1e8d2,bb34ea2b-ac57-494d-abfa-92df3dcf9dd3,infra.rejet_inventaire_pollution,b25dbfd2-5a24-4dc8-b971-5f59fc7fc996,562d389f-7818-4918-bab0-61b5a0d448c1,0.0,0.7250,DUPLICATE_EXACT,,SDS_DOM1_R9,Sidi slimane,Sidi slimane,REJET,infra.rejet_inventaire_pollution,MANUAL_REVIEW_REQUIRED,1,PENDING,distance=0.00m; nom=0.00; commune=1.00; priorite=5
e60088e9-cf94-4e41-ae65-a5390866b4b8,77a83343-ed7f-47b4-9c52-6ef66e5d86bd,ca9d3336-de9c-41e0-b476-2ec998439c64,infra.rejet_inventaire_pollution,6b98b281-ed49-4be9-a225-a0a7523d52d3,3aeb917e-1087-4db9-bf32-721afaa22fa5,0.0,0.7250,DUPLICATE_EXACT,,SDS_DOM1_R310,Sidi slimane,Sidi slimane,REJET,infra.rejet_inventaire_pollution,MANUAL_REVIEW_REQUIRED,1,PENDING,distance=0.00m; nom=0.00; commune=1.00; priorite=5
e60088e9-cf94-4e41-ae65-a5390866b4b8,f182516a-0fa5-45d6-a490-39e8c53fe356,1752da5a-da26-4197-a210-14b75fb1ea57,infra.rejet_inventaire_pollution,01cf4957-fef5-4672-b9d9-9fb92dc5f94f,93284d95-3181-486a-a6ae-9fd98e018eb6,0.0,0.7250,DUPLICATE_EXACT,,SDS_DOM1_R11,Sidi slimane,Sidi slimane,REJET,infra.rejet_inventaire_pollution,MANUAL_REVIEW_REQUIRED,1,PENDING,distance=0.00m; nom=0.00; commune=1.00; priorite=5
e60088e9-cf94-4e41-ae65-a5390866b4b8,2fc067d5-9283-4aa4-a200-bc57454660a9,f510d05a-657a-4c65-95e5-caebe5c93926,infra.rejet_inventaire_pollution,28c778b4-ea07-4e4f-9cb2-4a56742623a0,6322e74c-59c7-48f5-9212-a7720132830c,0.0,0.7250,DUPLICATE_EXACT,,DBA_DOM1_R1,Dar bel amri,Dar bel amri,REJET,infra.rejet_inventaire_pollution,MANUAL_REVIEW_REQUIRED,1,PENDING,distance=0.00m; nom=0.00; commune=1.00; priorite=5
e60088e9-cf94-4e41-ae65-a5390866b4b8,45e461e8-bdca-43c3-901e-731cc1055335,6587c218-643d-48be-b039-4e22e58531d8,infra.rejet_inventaire_pollution,509d52dc-b73c-49e4-9007-1ddf14902677,bb841ec1-e896-4925-82e3-757cc07a5705,0.0,0.7250,DUPLICATE_EXACT,,DBA_DOM1_R2,Dar bel amri,Dar bel amri,REJET,infra.rejet_inventaire_pollution,MANUAL_REVIEW_REQUIRED,1,PENDING,distance=0.00m; nom=0.00; commune=1.00; priorite=5
e60088e9-cf94-4e41-ae65-a5390866b4b8,09dc3225-63d2-4d5a-b870-3077f2a611c8,7a237ec3-e3ef-4975-b1fe-a10599c0605f,infra.rejet_inventaire_pollution,c9efefde-de60-4537-9598-fbe7d1a8f2d4,e72d9f60-c485-4679-9567-77bed61ef326,0.0,0.7250,DUPLICATE_EXACT,,MSA_DOM1,M'Saada,M'Saada,REJET,infra.rejet_inventaire_pollution,MANUAL_REVIEW_REQUIRED,1,PENDING,distance=0.00m; nom=0.00; commune=1.00; priorite=5
e60088e9-cf94-4e41-ae65-a5390866b4b8,2a1fa996-f473-4907-8da9-317746adf643,b7c80a2c-db2d-4ea7-a7ea-4052163e330a,infra.rejet_inventaire_pollution,1a8d0cc8-a8e3-44b2-a8cf-a733a23cb200,14f08e78-6153-4d08-96e3-69c1125c973d,0.0,0.7250,DUPLICATE_EXACT,,SDK_DOM1_R1,Sidi kacem,Sidi kacem,REJET,infra.rejet_inventaire_pollution,MANUAL_REVIEW_REQUIRED,1,PENDING,distance=0.00m; nom=0.00; commune=1.00; priorite=5
e60088e9-cf94-4e41-ae65-a5390866b4b8,1ef45af4-53e7-4ca1-828d-d40e75314751,4253e92d-2451-4782-ae58-dffbfcd71093,infra.rejet_inventaire_pollution,8c80345f-d7d2-484f-a20e-8ff6968631d8,69708226-7eb1-4267-b38b-985cacd5900d,0.0,0.7250,DUPLICATE_EXACT,,SDK_DOM1_R2,Sidi kacem,SIDI KACEM,REJET,qualite.source_pollution_prelevement,MANUAL_REVIEW_REQUIRED,1,PENDING,distance=0.00m; nom=0.00; commune=1.00; priorite=5
e60088e9-cf94-4e41-ae65-a5390866b4b8,c8b795a6-7a22-4fb0-9333-f2a0cbc1220e,b63af370-b8e1-4f92-adc8-a7fd9be500db,infra.rejet_inventaire_pollution,698f6777-1f84-4378-9a58-ba85ccdea421,808e51ad-8fb2-4f27-aced-13460ca75d90,0.0,0.7250,DUPLICATE_EXACT,,ORG_DOM_R2,Ourtzagh,Ourtzagh,REJET,infra.rejet_inventaire_pollution,MANUAL_REVIEW_REQUIRED,1,PENDING,distance=0.00m; nom=0.00; commune=1.00; priorite=5
e60088e9-cf94-4e41-ae65-a5390866b4b8,fd092ed2-a2fe-49c9-a801-1e6f910748b8,09e52d09-0660-4a92-862f-4a6b296b3fb9,infra.rejet_inventaire_pollution,1a2a5445-beca-4502-9e4c-b7959cd4bda6,817d0f29-f6b6-425c-bf4c-61b5dc72024f,0.0,0.7250,DUPLICATE_EXACT,,SDK_DOM1_R2,Zirara,Zirara,REJET,infra.rejet_inventaire_pollution,MANUAL_REVIEW_REQUIRED,1,PENDING,distance=0.00m; nom=0.00; commune=1.00; priorite=5
e60088e9-cf94-4e41-ae65-a5390866b4b8,e626aa88-a0bc-4d5c-8cc7-45741c6fc015,2855d588-ee6a-4ed2-b243-bf80f0a6cb35,infra.rejet_inventaire_pollution,53bf7cec-c0a9-4906-8d5c-baa234ebeaaf,d9bdddd8-2877-44d6-b9ec-f2675a6921d8,0.0,0.7250,DUPLICATE_EXACT,,SDK_DOM1_R3,Zirara,Zirara,REJET,infra.rejet_inventaire_pollution,MANUAL_REVIEW_REQUIRED,1,PENDING,distance=0.00m; nom=0.00; commune=1.00; priorite=5
e60088e9-cf94-4e41-ae65-a5390866b4b8,af6cc781-2330-4844-9bf0-3b4fca4193db,7de8b358-76ef-4d8c-b532-03db68e4e144,infra.rejet_inventaire_pollution,d08f82da-fe5b-4b2b-82c7-cd2b671c37ca,a647b6e2-f4bf-4722-ace8-4e6f631a68d3,0.0,0.7250,DUPLICATE_EXACT,,SDK_DOM1_R4,Zirara,Zirara,REJET,infra.rejet_inventaire_pollution,MANUAL_REVIEW_REQUIRED,1,PENDING,distance=0.00m; nom=0.00; commune=1.00; priorite=5
e60088e9-cf94-4e41-ae65-a5390866b4b8,c5d21036-f972-4a07-bef2-b7eef66c76ea,3878fc02-a891-4115-90f2-a08409aea4af,infra.rejet_inventaire_pollution,10b4df5d-d03c-4e0c-97fc-4935d2bf6582,2debf502-85fe-4a49-b676-9b9553c953e8,0.0,0.7250,DUPLICATE_EXACT,,SDK_DOM1_R5,Zirara,Zirara,REJET,infra.rejet_inventaire_pollution,MANUAL_REVIEW_REQUIRED,1,PENDING,distance=0.00m; nom=0.00; commune=1.00; priorite=5
e60088e9-cf94-4e41-ae65-a5390866b4b8,a286e4a2-2bbe-40ad-b447-c7e1914a95a6,6b578d11-e1f9-4b8b-b568-3b878ec6c751,infra.rejet_inventaire_pollution,ae073c0c-dabc-41ab-9d6c-3eb4cc021434,7b9c5f57-24d6-4980-bf94-160360abed75,0.0,0.7250,DUPLICATE_EXACT,,SDK_DOM1_R6,Zirara,Zirara,REJET,infra.rejet_inventaire_pollution,MANUAL_REVIEW_REQUIRED,1,PENDING,distance=0.00m; nom=0.00; commune=1.00; priorite=5
e60088e9-cf94-4e41-ae65-a5390866b4b8,71bce01f-823b-41a5-ab5d-a36d14ee3b5c,685c9525-aa21-48d9-b100-d79101573c70,infra.rejet_inventaire_pollution,7b6b32bb-57ff-4daf-a5a2-a78861f052f5,3c824504-c4f9-491c-849e-fc438fb89369,0.0,0.7250,DUPLICATE_EXACT,,AID_DOM1_R1,Chbanate,Chbanate,REJET,infra.rejet_inventaire_pollution,MANUAL_REVIEW_REQUIRED,1,PENDING,distance=0.00m; nom=0.00; commune=1.00; priorite=5
e60088e9-cf94-4e41-ae65-a5390866b4b8,4a8d3292-4c91-4c4c-94be-9bb8b57c569c,00a1c21d-21f5-4100-8bc7-4598e71071c2,infra.rejet_inventaire_pollution,e25c1ee0-6268-4dd5-ab41-760a5abc3b4b,99a9d4ff-7133-48c8-b828-a1213dcc834c,0.0,0.7250,DUPLICATE_EXACT,,ORG_DOM_R1,Ourtzagh,Ourtzagh,REJET,infra.rejet_inventaire_pollution,MANUAL_REVIEW_REQUIRED,1,PENDING,distance=0.00m; nom=0.00; commune=1.00; priorite=5
e60088e9-cf94-4e41-ae65-a5390866b4b8,b5847c23-93d2-4a7a-8b79-4e33a75a8c75,47baa2b6-a0df-43e2-a230-735fb30d51db,infra.rejet_inventaire_pollution,2dbabf52-9ac5-4b12-9a85-6183b9f4b165,a7222800-334f-49a9-b959-a7cf608eb1e5,0.0,0.7250,DUPLICATE_EXACT,,HDK_DOM1_R1,Had kourt,Had kourt,REJET,infra.rejet_inventaire_pollution,MANUAL_REVIEW_REQUIRED,1,PENDING,distance=0.00m; nom=0.00; commune=1.00; priorite=5
e60088e9-cf94-4e41-ae65-a5390866b4b8,9cc0389d-dbbd-4e68-b445-2afc3094ceae,4b7ac3a7-d47f-4aa7-9e67-22739975f52a,infra.rejet_inventaire_pollution,5ec2befa-eece-42d6-91c3-779b3b6ef1e7,ab132da6-2226-402c-bb41-2154ae870678,0.0,0.7250,DUPLICATE_EXACT,,AID_DOM1_R2,Ain dfali,Ain dfali,REJET,infra.rejet_inventaire_pollution,MANUAL_REVIEW_REQUIRED,1,PENDING,distance=0.00m; nom=0.00; commune=1.00; priorite=5
e60088e9-cf94-4e41-ae65-a5390866b4b8,e8376f02-6524-4924-95fb-23890ebc89e0,f454eb7d-9e64-484e-84bf-f79ec53c8e87,infra.rejet_inventaire_pollution,074496bd-38f7-4594-b077-83ff4f29dbcc,801d52aa-940c-441f-af71-830cbffed933,0.0,0.7250,DUPLICATE_EXACT,,AID_DOM1_R3,Ain dfali,Ain dfali,REJET,infra.rejet_inventaire_pollution,MANUAL_REVIEW_REQUIRED,1,PENDING,distance=0.00m; nom=0.00; commune=1.00; priorite=5
e60088e9-cf94-4e41-ae65-a5390866b4b8,a451bce5-7119-4125-8dd8-93b0d2f2bca7,c3dc507e-31d7-448e-8184-3b8303a7fafc,infra.rejet_inventaire_pollution,caaef190-665d-47e4-87e8-898121404ac7,0411a9a9-0cca-4cbb-a14f-f56686967a8e,0.0,0.7250,DUPLICATE_EXACT,,AID_DOM1_R4,Ain dfali,Ain dfali,REJET,infra.rejet_inventaire_pollution,MANUAL_REVIEW_REQUIRED,1,PENDING,distance=0.00m; nom=0.00; commune=1.00; priorite=5
e60088e9-cf94-4e41-ae65-a5390866b4b8,4dc42e13-b51f-40dc-9b25-82a70621027e,55fb0cf8-e996-4765-bfcd-aec1b40d29c0,infra.rejet_inventaire_pollution,4092947f-2261-4b8a-8c20-e0ae0868b6b3,2225f585-24fb-403d-b1de-bf6fa0045f2e,0.0,0.7250,DUPLICATE_EXACT,,AID_DOM1_R5,Ain dfali,Ain dfali,REJET,infra.rejet_inventaire_pollution,MANUAL_REVIEW_REQUIRED,1,PENDING,distance=0.00m; nom=0.00; commune=1.00; priorite=5
e60088e9-cf94-4e41-ae65-a5390866b4b8,a34375c0-ed06-455b-a368-a88fa1a54508,0a2a53b9-1de2-4893-9488-2b3174318a8f,infra.rejet_inventaire_pollution,3b2b6d63-12f9-4b24-8683-21dd558acc1d,9e015b80-7bb1-459f-9997-9f460cc7ce6b,0.0,0.7250,DUPLICATE_EXACT,,AID_DOM1_R6,Ain dfali,Ain dfali,REJET,infra.rejet_inventaire_pollution,MANUAL_REVIEW_REQUIRED,1,PENDING,distance=0.00m; nom=0.00; commune=1.00; priorite=5
e60088e9-cf94-4e41-ae65-a5390866b4b8,d21b373d-8fef-487a-a8e2-5667adb00760,de9b8662-c8cc-4022-959e-087ddffb59f9,infra.rejet_inventaire_pollution,26b166ba-5a20-4e08-9c16-e3a105630ca5,988279df-5a48-44a9-aa45-eb29d4ef1bdc,0.0,0.7250,DUPLICATE_EXACT,,SAH_DOM1_R1,Sidi Ameur Al Hadi,Sidi Ameur Al Hadi,REJET,infra.rejet_inventaire_pollution,MANUAL_REVIEW_REQUIRED,1,PENDING,distance=0.00m; nom=0.00; commune=1.00; priorite=5
e60088e9-cf94-4e41-ae65-a5390866b4b8,ffef8977-6885-4e4d-b0b8-ef777e826d7d,e589a22c-6d0b-46ae-bab3-b7be1cb130d2,infra.rejet_inventaire_pollution,2a624aad-0ac3-4d50-ba52-c701e4ee8197,c03f6df5-326f-448c-b25d-ef8cb88abb1f,0.0,0.7250,DUPLICATE_EXACT,,SAH_DOM1_R2,Sidi Ameur Al Hadi,Sidi Ameur Al Hadi,REJET,infra.rejet_inventaire_pollution,MANUAL_REVIEW_REQUIRED,1,PENDING,distance=0.00m; nom=0.00; commune=1.00; priorite=5
e60088e9-cf94-4e41-ae65-a5390866b4b8,5bd3914b-566d-4acc-995a-f569fdbb4fde,64898610-55fa-42fe-b87f-da4d68f65bee,infra.rejet_inventaire_pollution,a6089aae-a444-472d-9f5f-d7b7b932ccfb,5317cadf-a758-4b69-bea2-c7b5d2e35665,0.0,0.7250,DUPLICATE_EXACT,,ERM_DOM1_R1,Ermilate,Ermilate,REJET,infra.rejet_inventaire_pollution,MANUAL_REVIEW_REQUIRED,1,PENDING,distance=0.00m; nom=0.00; commune=1.00; priorite=5
e60088e9-cf94-4e41-ae65-a5390866b4b8,f1a80626-194f-427f-b5b0-ce866e33fe2a,e7eaebf1-5383-47f6-8571-1b3f9b167e4d,infra.rejet_inventaire_pollution,150d9ab3-6780-42e5-bafb-03b46927f28e,5f22153e-cb3a-4bfd-9826-8d8df619d506,0.0,0.7250,DUPLICATE_EXACT,,HFT_DOM_R1,Al Haouafate,Al Haouafate,REJET,infra.rejet_inventaire_pollution,MANUAL_REVIEW_REQUIRED,1,PENDING,distance=0.00m; nom=0.00; commune=1.00; priorite=5
e60088e9-cf94-4e41-ae65-a5390866b4b8,56d2b93b-1d19-4373-847a-fd51894f6068,2d5816b1-a7eb-4f67-bdef-92276dcdb407,infra.rejet_inventaire_pollution,55c6a4c2-da79-409a-bcb8-1b5ab69a0d8b,27ef5418-d8ca-43b8-b7f1-813b3bdf1265,0.0,0.7250,DUPLICATE_EXACT,,HFT_DOM_R2,Al Haouafate,Al Haouafate,REJET,infra.rejet_inventaire_pollution,MANUAL_REVIEW_REQUIRED,1,PENDING,distance=0.00m; nom=0.00; commune=1.00; priorite=5
e60088e9-cf94-4e41-ae65-a5390866b4b8,9d3d7a49-455e-432d-b4b8-6c58cf96b0da,421eeeb0-68a5-4926-96df-39594458c90b,infra.rejet_inventaire_pollution,f48319b3-3454-4579-9e21-0b1387114695,f8d38646-3f3b-42db-965a-cb44da0b16a8,0.0,0.7250,DUPLICATE_EXACT,,HFT_DOM_R3,Al Haouafate,Al Haouafate,REJET,infra.rejet_inventaire_pollution,MANUAL_REVIEW_REQUIRED,1,PENDING,distance=0.00m; nom=0.00; commune=1.00; priorite=5
e60088e9-cf94-4e41-ae65-a5390866b4b8,a666f8a2-c406-4dcb-836b-fef6f09707b9,837bd94c-8763-4898-9088-a52363d05bc7,infra.rejet_inventaire_pollution,6b7bb343-c346-48da-abec-9381b58c7887,58f81215-6afa-4568-bde4-f90db66f05be,0.0,0.7250,DUPLICATE_EXACT,,JEM_DOM_R1,Jorf El Melha,Jorf El Melha,REJET,infra.rejet_inventaire_pollution,MANUAL_REVIEW_REQUIRED,1,PENDING,distance=0.00m; nom=0.00; commune=1.00; priorite=5
e60088e9-cf94-4e41-ae65-a5390866b4b8,7d114070-3c3d-4f94-8f9f-f7f4adec263d,75f0a205-f195-4329-8e70-436c8b715fc2,infra.rejet_inventaire_pollution,a588be82-519e-4281-b1f0-89cde81864d1,e3885aea-2998-40e0-bc18-12c8d70c6bdb,0.0,0.7250,DUPLICATE_EXACT,,JEM_DOM_R2,Jorf El Melha,Jorf El Melha,REJET,infra.rejet_inventaire_pollution,MANUAL_REVIEW_REQUIRED,1,PENDING,distance=0.00m; nom=0.00; commune=1.00; priorite=5
e60088e9-cf94-4e41-ae65-a5390866b4b8,6158e792-cf2f-4f07-b9fd-42663aa3ed84,6f82630b-b5cd-484d-86d1-82a09811e960,infra.rejet_inventaire_pollution,0004bf14-31c0-4bfd-82f5-0feae3c88d22,b051dc69-6ba6-432f-97e8-7fcf476500be,0.0,0.7250,DUPLICATE_EXACT,,JEM_DOM_R3,Lamrabih,Lamrabih,REJET,infra.rejet_inventaire_pollution,MANUAL_REVIEW_REQUIRED,1,PENDING,distance=0.00m; nom=0.00; commune=1.00; priorite=5
e60088e9-cf94-4e41-ae65-a5390866b4b8,3f0ab349-7e13-43a8-869d-6a59db0c2e8c,931e1d7c-8f32-4d44-8d2e-998ed555fc96,infra.rejet_inventaire_pollution,b766fe0d-7816-43e3-a25d-e0b2799128ca,ba898a77-48ca-4e04-8662-be55509f7ed2,0.0,0.7250,DUPLICATE_EXACT,,KNH_DOM_R1,Khnichet,Khnichet,REJET,infra.rejet_inventaire_pollution,MANUAL_REVIEW_REQUIRED,1,PENDING,distance=0.00m; nom=0.00; commune=1.00; priorite=5
e60088e9-cf94-4e41-ae65-a5390866b4b8,cbf01ff6-d4fa-47d6-bd8e-e5ec9037e2e4,55ac9ded-102d-4cea-a4d5-925ab0357b3c,infra.rejet_inventaire_pollution,db701a54-fc12-44ca-b6b1-903e5ca4b69b,b9cc879f-d006-48a6-97ba-fb8d880d4a39,0.0,0.7250,DUPLICATE_EXACT,,MBK_DOM_R1,Nouirate,Nouirate,REJET,infra.rejet_inventaire_pollution,MANUAL_REVIEW_REQUIRED,1,PENDING,distance=0.00m; nom=0.00; commune=1.00; priorite=5
e60088e9-cf94-4e41-ae65-a5390866b4b8,9c74a27c-31a1-4393-8ec6-ecfde1d92aff,f30ed785-e690-4d30-8443-c5c0465edf42,infra.rejet_inventaire_pollution,f8d25641-b55d-4ffe-8b81-79f240afa3be,40ba73f2-b1cc-49e9-8b3c-aca1c270e2e0,0.0,0.7250,DUPLICATE_EXACT,,MBK_DOM_R2,Mechra Bel Ksiri,Mechra Bel Ksiri,REJET,infra.rejet_inventaire_pollution,MANUAL_REVIEW_REQUIRED,1,PENDING,distance=0.00m; nom=0.00; commune=1.00; priorite=5
e60088e9-cf94-4e41-ae65-a5390866b4b8,3f6ed369-223b-4b32-a89a-e85b3b4f684d,5c5bfd20-eb1e-4d68-9384-6c4b907ee2bf,infra.rejet_inventaire_pollution,3438a2ad-595e-46b7-adf2-63d4be337a83,4ffea746-c764-4aed-87e0-5901bbd1d837,0.0,0.7250,DUPLICATE_EXACT,,MBK_DOM_R3,Mechra Bel Ksiri,Mechra Bel Ksiri,REJET,infra.rejet_inventaire_pollution,MANUAL_REVIEW_REQUIRED,1,PENDING,distance=0.00m; nom=0.00; commune=1.00; priorite=5
e60088e9-cf94-4e41-ae65-a5390866b4b8,d5da8f6c-4ce2-4f94-b603-85d7c9df729d,8b64289a-e1aa-41ea-8cd0-e60623fe1feb,infra.rejet_inventaire_pollution,36ccc9d1-3e83-435c-b24c-c44a29edf5ed,09521f6d-1545-4120-ac54-383e8140eb33,0.0,0.7250,DUPLICATE_EXACT,,MBK_DOM_R4,Mechra Bel Ksiri,Mechra Bel Ksiri,REJET,infra.rejet_inventaire_pollution,MANUAL_REVIEW_REQUIRED,1,PENDING,distance=0.00m; nom=0.00; commune=1.00; priorite=5
e60088e9-cf94-4e41-ae65-a5390866b4b8,50419a67-38d2-4165-b763-e5900405eef1,8940018b-960c-49ac-a21c-3af16f6dd7b2,infra.rejet_inventaire_pollution,4d731ae1-1146-4fc4-a10c-09862b57c249,f693bbc9-dbef-489e-ad2f-3004dace1ff1,0.0,0.7250,DUPLICATE_EXACT,,MBK_DOM_R5,Nouirate,Nouirate,REJET,infra.rejet_inventaire_pollution,MANUAL_REVIEW_REQUIRED,1,PENDING,distance=0.00m; nom=0.00; commune=1.00; priorite=5
e60088e9-cf94-4e41-ae65-a5390866b4b8,d61247b3-2e3f-4579-bc09-e96fef07fa28,ab995d2f-4328-47a9-977d-5f5cc6c3752c,infra.rejet_inventaire_pollution,ff5a0b4e-2c58-4424-b8a2-0dce94bf031e,8952748b-140d-49e3-a767-065bc30a884b,0.0,0.7250,DUPLICATE_EXACT,,NRT_DOM_R1,Nouirate,Nouirate,REJET,infra.rejet_inventaire_pollution,MANUAL_REVIEW_REQUIRED,1,PENDING,distance=0.00m; nom=0.00; commune=1.00; priorite=5
e60088e9-cf94-4e41-ae65-a5390866b4b8,f8376ff9-f6a7-4f02-a4a9-6544390565cd,08ca78ef-bd8b-4533-bab5-16fd533fbfc8,infra.rejet_inventaire_pollution,361d4644-850d-44aa-9084-b2baa000b677,bed2e7ed-0abe-4b17-95d3-649e3619855b,0.0,0.7250,DUPLICATE_EXACT,,SAZ_DOM_R1,Sidi Azzouz,Sidi Azzouz,REJET,infra.rejet_inventaire_pollution,MANUAL_REVIEW_REQUIRED,1,PENDING,distance=0.00m; nom=0.00; commune=1.00; priorite=5
e60088e9-cf94-4e41-ae65-a5390866b4b8,1a5784bc-09bd-4d98-be70-078835c8dc68,52a7f7fb-db02-4c0b-8788-21c50eabef1a,infra.rejet_inventaire_pollution,b077b943-5afc-4071-a9e5-65c29e3f6a7d,4f1044db-2cd3-46fb-86ec-6c081d010a37,0.0,0.7250,DUPLICATE_EXACT,,SAZ_DOM_R2,Sidi Azzouz,Sidi Azzouz,REJET,infra.rejet_inventaire_pollution,MANUAL_REVIEW_REQUIRED,1,PENDING,distance=0.00m; nom=0.00; commune=1.00; priorite=5
e60088e9-cf94-4e41-ae65-a5390866b4b8,cde3820c-9d61-4bca-bf22-958b119331c6,be2e2a68-c7b0-4018-887e-8999c078f84c,infra.rejet_inventaire_pollution,75a9e43b-7c1e-4ca2-a4bd-163066ab844c,6d28e4d0-34c9-4a40-b1b4-e812f6bfa3f8,0.0,0.7250,DUPLICATE_EXACT,,SMC_DOM_R1,Sidi M'Hamed Chelh,Sidi M'Hamed Chelh,REJET,infra.rejet_inventaire_pollution,MANUAL_REVIEW_REQUIRED,1,PENDING,distance=0.00m; nom=0.00; commune=1.00; priorite=5
e60088e9-cf94-4e41-ae65-a5390866b4b8,fc59c4e5-8385-46b8-9cb7-d36fcaf1ab08,b91f8484-e9e4-4b93-8dc4-1ea71d6fffc1,infra.rejet_inventaire_pollution,6ffeac07-e9c3-4b31-803d-b813e585b666,e063fe6b-24a7-4c2d-a4e9-ae2dad1f5680,0.0,0.7250,DUPLICATE_EXACT,,OA_DOM_R1,oued amlil,oued amlil,REJET,infra.rejet_inventaire_pollution,MANUAL_REVIEW_REQUIRED,1,PENDING,distance=0.00m; nom=0.00; commune=1.00; priorite=5
e60088e9-cf94-4e41-ae65-a5390866b4b8,28ed6a80-8a8b-4044-9a47-2da30c412ca2,861cef0e-fd38-4b05-9f01-8c16dfae3278,infra.rejet_inventaire_pollution,f80bf231-49cb-4016-8569-b4f6f216d8f0,cbcee52c-8022-4065-8912-1956ad7b4b3b,0.0,0.7250,DUPLICATE_EXACT,,OA_DOM_R2,oued amlil,oued amlil,REJET,infra.rejet_inventaire_pollution,MANUAL_REVIEW_REQUIRED,1,PENDING,distance=0.00m; nom=0.00; commune=1.00; priorite=5
e60088e9-cf94-4e41-ae65-a5390866b4b8,7c8246a1-7fdb-4851-bc59-da4e27a211bd,fd05ae37-34d7-4ad9-95be-59824c63eb1f,infra.rejet_inventaire_pollution,ec3ded8e-e4a2-4a52-879e-c9031b05e4b3,28a74eb9-4da2-4ab3-990a-6a18f42a7203,0.0,0.7250,DUPLICATE_EXACT,,OA_DOM_R3,oued amlil,oued amlil,REJET,infra.rejet_inventaire_pollution,MANUAL_REVIEW_REQUIRED,1,PENDING,distance=0.00m; nom=0.00; commune=1.00; priorite=5
e60088e9-cf94-4e41-ae65-a5390866b4b8,2f926392-52e2-43cf-8c20-41fb079df297,8e56028b-5540-497a-b428-64f85f267194,infra.rejet_inventaire_pollution,9bfb35ae-db4c-4fa0-bfa6-0c95c52c0971,931cafed-560c-4985-a183-b1926a7f2fd8,0.0,0.7250,DUPLICATE_EXACT,,T_DOM_R1,Taza,Taza,REJET,infra.rejet_inventaire_pollution,MANUAL_REVIEW_REQUIRED,1,PENDING,distance=0.00m; nom=0.00; commune=1.00; priorite=5
e60088e9-cf94-4e41-ae65-a5390866b4b8,7809e2ec-b3dd-42a4-a565-3f95886fdf53,e5d4f024-44e3-48a1-9ebd-3a4760a7011f,infra.rejet_inventaire_pollution,fbb1c321-c54f-4aa8-8a65-931e1f153eaf,3dfd690a-ba04-43e6-9b77-2c9b54c7abd0,0.0,0.7250,DUPLICATE_EXACT,,T_DOM_R2,Taza,Taza,REJET,infra.rejet_inventaire_pollution,MANUAL_REVIEW_REQUIRED,1,PENDING,distance=0.00m; nom=0.00; commune=1.00; priorite=5
e60088e9-cf94-4e41-ae65-a5390866b4b8,9d587a5c-914d-4b90-869b-c566bd75377c,fd29680d-c146-4dd4-b8ad-d757bfe5736c,infra.rejet_inventaire_pollution,929af223-9468-4e8d-87d0-5cf5acdb8eaf,e96719c9-0caf-4d03-a827-d6cef42c3ece,0.0,0.7250,DUPLICATE_EXACT,,T_DOM_R3,Taza,Taza,REJET,infra.rejet_inventaire_pollution,MANUAL_REVIEW_REQUIRED,1,PENDING,distance=0.00m; nom=0.00; commune=1.00; priorite=5
e60088e9-cf94-4e41-ae65-a5390866b4b8,b8ad1cd4-3a14-4bfe-a140-87cde74c9239,97fcd9c9-3c2d-4efc-a27e-59fd3ab6ac37,infra.rejet_inventaire_pollution,2b34a83f-e968-4f23-acf7-af98f8fbaeb7,73085e4b-3971-4a0b-b28b-f0fa6e462718,0.0,0.7250,DUPLICATE_EXACT,,T_DOM_R4,Taza,Taza,REJET,infra.rejet_inventaire_pollution,MANUAL_REVIEW_REQUIRED,1,PENDING,distance=0.00m; nom=0.00; commune=1.00; priorite=5
e60088e9-cf94-4e41-ae65-a5390866b4b8,5d60c268-d65f-4547-b854-ce0c9c527e88,7bd09a27-6509-49ae-aa8e-3687df43cee0,infra.rejet_inventaire_pollution,cf07b94c-4c22-45df-ab19-b0478a5ef947,f77f63fc-d744-443d-ba71-38bf50bdbf67,0.0,0.7250,DUPLICATE_EXACT,,OZ_DECH_R1,Ouled zbair,Ouled zbair,REJET,infra.rejet_inventaire_pollution,MANUAL_REVIEW_REQUIRED,1,PENDING,distance=0.00m; nom=0.00; commune=1.00; priorite=5
e60088e9-cf94-4e41-ae65-a5390866b4b8,fa2e8743-073c-4d00-9da6-f80d21e3e07d,585532d3-cc5c-4349-83fc-bcfc53843d8a,infra.rejet_inventaire_pollution,3890bd20-76fc-439e-bf67-b9ed51e9af0c,7ca7912b-c53f-4240-9e81-921ba0183f9b,0.0,0.7250,DUPLICATE_EXACT,,OZ_DECH_R2,Ouled zbair,Ouled zbair,REJET,infra.rejet_inventaire_pollution,MANUAL_REVIEW_REQUIRED,1,PENDING,distance=0.00m; nom=0.00; commune=1.00; priorite=5
e60088e9-cf94-4e41-ae65-a5390866b4b8,f2bb2a3c-acec-4a1c-ba21-b3ac6530530c,84752aec-4049-4aa4-b154-5254dadad18a,infra.rejet_inventaire_pollution,408ae771-d00f-4834-80d1-116981a71805,a72eb5fc-b4b2-492f-b270-0769e9f0f5cf,0.0,0.7250,DUPLICATE_EXACT,,BF_DOM_R1,Bni Frassen,Bni Frassen,REJET,infra.rejet_inventaire_pollution,MANUAL_REVIEW_REQUIRED,1,PENDING,distance=0.00m; nom=0.00; commune=1.00; priorite=5
e60088e9-cf94-4e41-ae65-a5390866b4b8,34acc1e4-7bde-4290-97fd-74c48ff4213a,51c5af62-c86f-4526-87ea-9e61b562dcee,infra.rejet_inventaire_pollution,7b61980b-590d-49b4-a750-77f637cf3cf7,4ad5f924-e36d-44b4-94ea-2594949c66d0,0.0,0.7250,DUPLICATE_EXACT,,BF_DOM_R2,Bni Frassen,Bni Frassen,REJET,infra.rejet_inventaire_pollution,MANUAL_REVIEW_REQUIRED,1,PENDING,distance=0.00m; nom=0.00; commune=1.00; priorite=5
e60088e9-cf94-4e41-ae65-a5390866b4b8,d1df9c5f-8ad8-49a9-9b62-388d3916bc86,f1272127-e92f-4052-b7b9-57419a17f3ea,infra.rejet_inventaire_pollution,d0681a40-ad05-476c-9b95-ae3e8224b3d3,8a44a524-bfd1-4929-b718-d14d4e722ef1,0.0,0.7250,DUPLICATE_EXACT,,BF_DOM_R3,Bni Frassen,Bni Frassen,REJET,infra.rejet_inventaire_pollution,MANUAL_REVIEW_REQUIRED,1,PENDING,distance=0.00m; nom=0.00; commune=1.00; priorite=5
e60088e9-cf94-4e41-ae65-a5390866b4b8,00dfc2ea-8749-4049-9698-ef693b03f0f9,848c0b53-b422-4feb-9209-9345ebd45ddd,infra.rejet_inventaire_pollution,7e4830ae-b38f-4fe7-80a8-9548abff9284,71bf916c-df46-40e7-a9d9-49842a1c9494,0.0,0.7250,DUPLICATE_EXACT,,BF_DOM_R4,Bni Frassen,Bni Frassen,REJET,infra.rejet_inventaire_pollution,MANUAL_REVIEW_REQUIRED,1,PENDING,distance=0.00m; nom=0.00; commune=1.00; priorite=5
e60088e9-cf94-4e41-ae65-a5390866b4b8,cf4972fa-04da-49d9-9429-8650a4931f7c,e6b247eb-bed5-44c1-a82b-1e60c1f8d114,infra.rejet_inventaire_pollution,dda5170e-2b6f-4eb2-ba1c-39d54b0323e0,a57cff4d-4f53-48cc-b7ae-c273e7ba59b8,0.0,0.7250,DUPLICATE_EXACT,,BL_DOM_R1,Bni Lent,Bni Lent,REJET,infra.rejet_inventaire_pollution,MANUAL_REVIEW_REQUIRED,1,PENDING,distance=0.00m; nom=0.00; commune=1.00; priorite=5
e60088e9-cf94-4e41-ae65-a5390866b4b8,db54ddf4-cca4-4dd1-891e-867345a86b9c,d3acaaa1-1a89-4a0b-90e2-40bec178588f,infra.rejet_inventaire_pollution,3845e2fd-0cda-4e0d-9335-cdb16c8c5833,83de4da2-1ba1-41bb-ab6b-f2ec26499170,0.0,0.7250,DUPLICATE_EXACT,,R1,Meknasa algharbia,Meknasa algharbia,REJET,infra.rejet_inventaire_pollution,MANUAL_REVIEW_REQUIRED,1,PENDING,distance=0.00m; nom=0.00; commune=1.00; priorite=5
e60088e9-cf94-4e41-ae65-a5390866b4b8,d9ca1c28-1802-4ba1-b789-2752d4104353,d7791584-5c71-445b-a73c-8391a6e9dcbe,infra.rejet_inventaire_pollution,dd305cba-b4ea-4dd0-b720-be5f24d4b512,b77d2024-6e8b-4443-b4ce-39b1a9d0238b,0.0,0.7250,DUPLICATE_EXACT,,M_DOM_R1,MSILA,MSILA,REJET,infra.rejet_inventaire_pollution,MANUAL_REVIEW_REQUIRED,1,PENDING,distance=0.00m; nom=0.00; commune=1.00; priorite=5
e60088e9-cf94-4e41-ae65-a5390866b4b8,56a38294-7abe-4541-b407-ccd71fc9a7cf,e099a307-3057-4b4e-a6bd-d6e4e6c6450c,infra.rejet_inventaire_pollution,7d6efda2-ff6c-48ab-8bac-9b70d4112906,1f498f1c-a2ab-47e9-a07b-73dea3e71de1,0.0,0.7250,DUPLICATE_EXACT,,M_DOM_R2,MSILA,MSILA,REJET,infra.rejet_inventaire_pollution,MANUAL_REVIEW_REQUIRED,1,PENDING,distance=0.00m; nom=0.00; commune=1.00; priorite=5
e60088e9-cf94-4e41-ae65-a5390866b4b8,bda04a6a-d95c-474b-bf27-ff7c90d28e32,962538e1-27de-4499-998c-b9132d4b3892,infra.rejet_inventaire_pollution,a91a2d44-b6f3-4d05-95be-be9f4f2484e2,7c99b19d-4b02-4433-a3bb-f95e93f125be,0.0,0.7250,DUPLICATE_EXACT,,B_DOM_R1,Bourd,Bourd,REJET,infra.rejet_inventaire_pollution,MANUAL_REVIEW_REQUIRED,1,PENDING,distance=0.00m; nom=0.00; commune=1.00; priorite=5
e60088e9-cf94-4e41-ae65-a5390866b4b8,ed717b38-da0f-4394-a791-71a533e91afc,9d9d1477-14db-4085-be2a-0f6df051e5d8,infra.rejet_inventaire_pollution,7e053a6b-32be-44b3-b467-d9c49059e246,07644ff1-d393-4c4f-a36a-af1f943782ea,0.0,0.7250,DUPLICATE_EXACT,,GFS_PDS_R5,GHAFSAI,GHAFSAI,REJET,infra.rejet_inventaire_pollution,MANUAL_REVIEW_REQUIRED,1,PENDING,distance=0.00m; nom=0.00; commune=1.00; priorite=5
e60088e9-cf94-4e41-ae65-a5390866b4b8,9259fd54-052b-4047-9b9c-14b350c50a1c,041fec5f-cfa5-48db-a20a-07db2df923ff,infra.rejet_inventaire_pollution,0f1e3b1b-b40e-4849-bf50-b5f3dd31c91f,56616587-5ea8-4164-b5bc-8bcafbce7809,0.0,0.7250,DUPLICATE_EXACT,,GFS_PDS_R1,GHAFSAI,GHAFSAI,REJET,infra.rejet_inventaire_pollution,MANUAL_REVIEW_REQUIRED,1,PENDING,distance=0.00m; nom=0.00; commune=1.00; priorite=5
e60088e9-cf94-4e41-ae65-a5390866b4b8,38e7da03-4909-4482-b8d0-c6ff38627836,8b1fbb04-c2ff-49ff-9087-72e2325dca15,infra.rejet_inventaire_pollution,e72ad80d-622f-4c67-841a-1dc0c75f2ac4,54fde838-ac36-4622-b880-17a8764eb676,0.0,0.7250,DUPLICATE_EXACT,,GFS_PDS_R2,GHAFSAI,GHAFSAI,REJET,infra.rejet_inventaire_pollution,MANUAL_REVIEW_REQUIRED,1,PENDING,distance=0.00m; nom=0.00; commune=1.00; priorite=5
e60088e9-cf94-4e41-ae65-a5390866b4b8,0e81ad2f-1ef1-4293-beee-a6b84075cd06,7569505d-4076-4f8b-a15c-1171a7aaf745,infra.rejet_inventaire_pollution,ad8939ca-e440-4fe3-b986-fd27a15cc3c5,d58f0417-169c-400e-a257-5f05a46e88e3,0.0,0.7250,DUPLICATE_EXACT,,GFS_PDS_R3,GHAFSAI,GHAFSAI,REJET,infra.rejet_inventaire_pollution,MANUAL_REVIEW_REQUIRED,1,PENDING,distance=0.00m; nom=0.00; commune=1.00; priorite=5
e60088e9-cf94-4e41-ae65-a5390866b4b8,bf748a0c-35d3-4a5b-8f2e-b0decbc0f143,770a54ed-d178-4932-83f9-45abd81a0d5c,infra.rejet_inventaire_pollution,f5e1be18-8587-48fe-ad1c-ea64b2b93846,d6afe3c0-edde-42b4-bb8f-15e63e754401,0.0,0.7250,DUPLICATE_EXACT,,ACH_PDS_R3,AIN AICHA,AIN AICHA,REJET,infra.rejet_inventaire_pollution,MANUAL_REVIEW_REQUIRED,1,PENDING,distance=0.00m; nom=0.00; commune=1.00; priorite=5
e60088e9-cf94-4e41-ae65-a5390866b4b8,b9d39893-ad7f-49c6-aa18-1274a0ceb214,d22b7cf0-5b59-451e-8a74-439b2f212c66,infra.rejet_inventaire_pollution,b17e8e2b-d71c-4f39-90b3-2af9ceb1c17e,7f405a15-1f39-4133-843f-70d2719cf467,0.0,0.7250,DUPLICATE_EXACT,,ACH_PDS_R4,AIN AICHA,AIN AICHA,REJET,infra.rejet_inventaire_pollution,MANUAL_REVIEW_REQUIRED,1,PENDING,distance=0.00m; nom=0.00; commune=1.00; priorite=5
e60088e9-cf94-4e41-ae65-a5390866b4b8,2fdf8708-ce93-48b5-8561-a550db6b7fa3,b3efefc7-4c42-4657-bf63-1ed2eb3b3459,infra.rejet_inventaire_pollution,86229124-58f7-4ce1-b654-ff737651e152,c7b18800-36d2-4805-834a-a19e80f80ae6,0.0,0.7250,DUPLICATE_EXACT,,ACH_PDS_R2,AIN AICHA,AIN AICHA,REJET,infra.rejet_inventaire_pollution,MANUAL_REVIEW_REQUIRED,1,PENDING,distance=0.00m; nom=0.00; commune=1.00; priorite=5
e60088e9-cf94-4e41-ae65-a5390866b4b8,32015807-8971-459c-a4da-fdbde0a8f3cc,1b60b013-40d3-4f1b-91cc-cc5b656b075d,infra.rejet_inventaire_pollution,384560cd-8ce0-4097-a3b7-79e290f2d26e,d3eadffe-e9fd-4e45-9cb8-eb318dbacea4,0.0,0.7250,DUPLICATE_EXACT,,ACH_PDS_R1,AIN AICHA,AIN AICHA,REJET,infra.rejet_inventaire_pollution,MANUAL_REVIEW_REQUIRED,1,PENDING,distance=0.00m; nom=0.00; commune=1.00; priorite=5
e60088e9-cf94-4e41-ae65-a5390866b4b8,cc957e4d-5bbe-4223-b396-af4982ac0938,df8b2d08-9167-479f-b40a-227822e74dda,infra.rejet_inventaire_pollution,e8cbcb32-4c2a-42d0-a554-8c82d5df8236,7612da21-9b56-4346-bcc6-030468e257a0,0.0,0.7250,DUPLICATE_EXACT,,TNT_PDS_R7,TAOUNATE,TAOUNATE,REJET,infra.rejet_inventaire_pollution,MANUAL_REVIEW_REQUIRED,1,PENDING,distance=0.00m; nom=0.00; commune=1.00; priorite=5
e60088e9-cf94-4e41-ae65-a5390866b4b8,adbab3ba-7ad7-4025-9513-a3a23d683ddb,715aa4d9-307a-4170-918d-90c0ba9b5b9e,infra.rejet_inventaire_pollution,ef5ba9b9-2159-48b6-9566-c6e9c088ac13,ff2da265-8f9e-4ef1-8ea3-cb5c53e4757b,0.0,0.7250,DUPLICATE_EXACT,,TNT_PDS_R5,TAOUNATE,TAOUNATE,REJET,infra.rejet_inventaire_pollution,MANUAL_REVIEW_REQUIRED,1,PENDING,distance=0.00m; nom=0.00; commune=1.00; priorite=5
e60088e9-cf94-4e41-ae65-a5390866b4b8,7728a507-a7c7-4d08-8d0e-8b4539554f98,be5e8459-0386-42cb-90e4-b8beeaf3759a,infra.rejet_inventaire_pollution,36807ff5-94c2-4960-b6c3-dd3739b98ba8,f5b1bf11-7d9d-4c9e-b647-51e6d39a1a4a,0.0,0.7250,DUPLICATE_EXACT,,TNT_PDS_R6,TAOUNATE,TAOUNATE,REJET,infra.rejet_inventaire_pollution,MANUAL_REVIEW_REQUIRED,1,PENDING,distance=0.00m; nom=0.00; commune=1.00; priorite=5
e60088e9-cf94-4e41-ae65-a5390866b4b8,d4db85d3-df7a-407c-a94e-e91470f5161c,22d1c02b-db29-428d-980b-836d88ae304b,infra.rejet_inventaire_pollution,80264ba9-162b-4f81-867c-fd0b2a25b975,23cadc99-9efb-446a-ae07-6b8f3eaeee22,0.0,0.7250,DUPLICATE_EXACT,,TNT_PDS_R2,TAOUNATE,TAOUNATE,REJET,infra.rejet_inventaire_pollution,MANUAL_REVIEW_REQUIRED,1,PENDING,distance=0.00m; nom=0.00; commune=1.00; priorite=5
e60088e9-cf94-4e41-ae65-a5390866b4b8,71fe0739-bdab-48e6-83c4-bfe8e4b8de03,d54b9de3-47ab-4716-a4ac-d12b0ba83487,infra.rejet_inventaire_pollution,1a90ad14-f74f-4232-af5d-1cda6de8c402,5e8b2db6-b895-4ffb-84d5-4cbe7bc40831,0.0,0.7250,DUPLICATE_EXACT,,TNT_PDS_R3,TAOUNATE,TAOUNATE,REJET,infra.rejet_inventaire_pollution,MANUAL_REVIEW_REQUIRED,1,PENDING,distance=0.00m; nom=0.00; commune=1.00; priorite=5
e60088e9-cf94-4e41-ae65-a5390866b4b8,19cf8037-2674-4fd1-9c17-4db589734b16,b413e678-5ede-4cdc-9d07-618f4ef81ad6,infra.rejet_inventaire_pollution,305faa45-7920-4a74-a53e-db7509872b7d,f0e40aef-c167-43df-8a3f-4a09df24018f,0.0,0.7250,DUPLICATE_EXACT,,TNT_PDS_R4,TAOUNATE,TAOUNATE,REJET,infra.rejet_inventaire_pollution,MANUAL_REVIEW_REQUIRED,1,PENDING,distance=0.00m; nom=0.00; commune=1.00; priorite=5
e60088e9-cf94-4e41-ae65-a5390866b4b8,988a38ea-2341-40a7-a692-bd1ab7d76a01,b78d1479-7572-4e98-963c-07bc85ea21f2,infra.rejet_inventaire_pollution,97c3900b-29c0-4c2e-a3ba-e94cc756f3b9,a86d8786-6e47-4867-8f59-7bf7837b9231,0.0,0.7250,DUPLICATE_EXACT,,TNT_PDS_R1,TAOUNATE,TAOUNATE,REJET,infra.rejet_inventaire_pollution,MANUAL_REVIEW_REQUIRED,1,PENDING,distance=0.00m; nom=0.00; commune=1.00; priorite=5
e60088e9-cf94-4e41-ae65-a5390866b4b8,f7a78f80-2946-4241-9394-d2565f35d9ae,f0b6e6d3-d363-4044-9378-e8b483af30b7,infra.rejet_inventaire_pollution,39b28167-e63e-45fa-84fb-1130bbbbee7f,79fcb5b6-9b72-4e76-911a-fefb9edc8a5e,0.0,0.7250,DUPLICATE_EXACT,,BHD_PDS_R1,BOUHOUDA,BOUHOUDA,REJET,infra.rejet_inventaire_pollution,MANUAL_REVIEW_REQUIRED,1,PENDING,distance=0.00m; nom=0.00; commune=1.00; priorite=5
e60088e9-cf94-4e41-ae65-a5390866b4b8,51cad566-84e5-49e1-bf11-1ea68634ab30,fbdb69e7-9942-47d0-93fe-f67f436fa4ef,infra.rejet_inventaire_pollution,20def716-436f-4ef6-a5d9-b8dfe740e73f,61e0e7ee-d68e-453a-b870-2f996e8fb0a3,0.0,0.7250,DUPLICATE_EXACT,,BHD_PDS_R2,BOUHOUDA,BOUHOUDA,REJET,infra.rejet_inventaire_pollution,MANUAL_REVIEW_REQUIRED,1,PENDING,distance=0.00m; nom=0.00; commune=1.00; priorite=5
e60088e9-cf94-4e41-ae65-a5390866b4b8,4ca7ffb9-0888-48fa-9938-879fcb19c2f6,f81c27bd-3322-4e32-9d4c-be294ff3f177,infra.rejet_inventaire_pollution,4ad15d84-2335-456a-9a05-c31a33296f95,48d578f6-18d0-47d0-b221-162b39cf673b,0.0,0.7250,DUPLICATE_EXACT,,THS_PDS_R1,TAHER SOUK,TAHER SOUK,REJET,infra.rejet_inventaire_pollution,MANUAL_REVIEW_REQUIRED,1,PENDING,distance=0.00m; nom=0.00; commune=1.00; priorite=5
e60088e9-cf94-4e41-ae65-a5390866b4b8,4db73f6b-d0e8-4182-b67c-9ea4f9dbb368,986b09f7-7ff1-4663-b676-f66564e91845,infra.rejet_inventaire_pollution,a122a272-dc05-40f5-83f9-efd2e1d6f4cd,35dae058-bd7f-4964-8446-726d5f4984ac,0.0,0.7250,DUPLICATE_EXACT,,THS_PDS_R2,TAHER SOUK,TAHER SOUK,REJET,infra.rejet_inventaire_pollution,MANUAL_REVIEW_REQUIRED,1,PENDING,distance=0.00m; nom=0.00; commune=1.00; priorite=5
e60088e9-cf94-4e41-ae65-a5390866b4b8,f345a51f-e2de-4016-8f9a-fe42c741674e,94e59873-fc16-4289-979a-4e555825be8b,infra.rejet_inventaire_pollution,9e911c2a-8fea-4ecf-9593-cb50255402e7,1c710ba7-e9d6-4f32-a35f-6ac07fcdee1b,0.0,0.7250,DUPLICATE_EXACT,,THS_PDS_R3,TAHER SOUK,TAHER SOUK,REJET,infra.rejet_inventaire_pollution,MANUAL_REVIEW_REQUIRED,1,PENDING,distance=0.00m; nom=0.00; commune=1.00; priorite=5
e60088e9-cf94-4e41-ae65-a5390866b4b8,11d22d65-eb68-4656-a164-a69520e0fb5c,dd957a08-3510-43c9-8073-dd6b1d43d19e,infra.rejet_inventaire_pollution,7a9aec7d-3caa-4230-b65b-f71a7fe12819,0db46521-e6ac-4dd7-b193-99854663acbd,0.0,0.7250,DUPLICATE_EXACT,,KBM_PDS_R2,Kariat Ba Mohamed,Kariat Ba Mohamed,REJET,infra.rejet_inventaire_pollution,MANUAL_REVIEW_REQUIRED,1,PENDING,distance=0.00m; nom=0.00; commune=1.00; priorite=5
e60088e9-cf94-4e41-ae65-a5390866b4b8,6f7020bd-ee5a-4aad-bc37-e7fbe5f56493,83986d73-3900-4af9-a3c8-6da34b7b29b1,infra.rejet_inventaire_pollution,de133bda-882c-47b9-b80c-6a4629cbd63a,5006291a-c617-41b3-b10e-7da6e019b73d,0.0,0.7250,DUPLICATE_EXACT,,TIS_DOM_R1,Tissa,Tissa,REJET,infra.rejet_inventaire_pollution,MANUAL_REVIEW_REQUIRED,1,PENDING,distance=0.00m; nom=0.00; commune=1.00; priorite=5
e60088e9-cf94-4e41-ae65-a5390866b4b8,a48e0cc9-70cb-4c1d-9380-ab97d4a79800,837cd6c4-3a56-42bb-8316-5a7e179de609,infra.rejet_inventaire_pollution,9bb9b2f7-7baf-42e1-b0bd-050111b8f8a3,79db90d6-9ecf-40dc-a64c-e3bc9f587aae,0.0,0.7250,DUPLICATE_EXACT,,AIL_DOM_R1,Ain Legdah,Ain Legdah,REJET,infra.rejet_inventaire_pollution,MANUAL_REVIEW_REQUIRED,1,PENDING,distance=0.00m; nom=0.00; commune=1.00; priorite=5
e60088e9-cf94-4e41-ae65-a5390866b4b8,2fa89ff2-4a6b-44d7-84be-6f16ac471294,1369fbfd-e048-4f98-94f7-4f0838188ec8,infra.rejet_inventaire_pollution,f03fc35a-fc17-4f1e-9f63-c08ffce65dad,bf5f22a4-e328-4eff-af98-12dfeeb536e0,0.0,0.7250,DUPLICATE_EXACT,,KSN_DOM_R1,Kissane,Kissane,REJET,infra.rejet_inventaire_pollution,MANUAL_REVIEW_REQUIRED,1,PENDING,distance=0.00m; nom=0.00; commune=1.00; priorite=5
e60088e9-cf94-4e41-ae65-a5390866b4b8,d2c3e5a7-2162-4481-992d-c772c0df4494,02267cc7-223a-4cbe-a5d6-7e042b418321,infra.rejet_inventaire_pollution,9f73feb9-7227-4e88-8032-730dc0da59d6,d3220ee8-9027-4c7f-8d62-82674583299e,0.0,0.7250,DUPLICATE_EXACT,,MKS_DOM_R1,Mkansa,Mkansa,REJET,infra.rejet_inventaire_pollution,MANUAL_REVIEW_REQUIRED,1,PENDING,distance=0.00m; nom=0.00; commune=1.00; priorite=5
e60088e9-cf94-4e41-ae65-a5390866b4b8,bc049fce-5404-402f-af46-efd89bf5b786,265e8260-62d9-4739-9cc6-d8d2d8492a4a,infra.rejet_domestique,318,c03f6df5-326f-448c-b25d-ef8cb88abb1f,0.0,0.5400,DUPLICATE_EXACT,,SAH_DOM1_R2,,Sidi Ameur Al Hadi,REJET_DOMESTIQUE,infra.rejet_inventaire_pollution,MANUAL_REVIEW_REQUIRED,1,PENDING,distance=0.00m; nom=0.00; commune=0.00; priorite=4
e60088e9-cf94-4e41-ae65-a5390866b4b8,90eb9897-f2e9-42cf-b21f-12af5f997c3d,77563c59-7310-4d42-b680-325c6ca81778,infra.rejet_domestique,340,5317cadf-a758-4b69-bea2-c7b5d2e35665,0.0,0.5400,DUPLICATE_EXACT,,ERM_DOM1_R1,,Ermilate,REJET_DOMESTIQUE,infra.rejet_inventaire_pollution,MANUAL_REVIEW_REQUIRED,1,PENDING,distance=0.00m; nom=0.00; commune=0.00; priorite=4
e60088e9-cf94-4e41-ae65-a5390866b4b8,97f8b0e3-3044-4d2f-86ca-f2ce6e879bc2,2ab772f5-8dcd-43b6-820d-486a80b7e8e9,infra.rejet_domestique,242,0b8d9367-60d9-448a-8083-9749c2b2f7f7,0.0,0.5400,DUPLICATE_EXACT,,AKA_DOM_R2,,Ain Kansra,REJET_DOMESTIQUE,infra.rejet_inventaire_pollution,MANUAL_REVIEW_REQUIRED,1,PENDING,distance=0.00m; nom=0.00; commune=0.00; priorite=4
e60088e9-cf94-4e41-ae65-a5390866b4b8,892fe649-e7b6-439f-b919-5d2ad1098fb0,f3411120-7a7b-476e-9db7-20c894753958,infra.rejet_domestique,308,14f08e78-6153-4d08-96e3-69c1125c973d,0.0,0.5400,DUPLICATE_EXACT,,SDK_DOM1_R1,,Sidi kacem,REJET_DOMESTIQUE,infra.rejet_inventaire_pollution,MANUAL_REVIEW_REQUIRED,1,PENDING,distance=0.00m; nom=0.00; commune=0.00; priorite=4
e60088e9-cf94-4e41-ae65-a5390866b4b8,28030d8b-2168-46fb-a249-3ce0f3aa6b21,8d457666-d49e-49e0-872f-04d8c023a563,infra.rejet_domestique,358,299eecec-c563-424b-bcfc-6cecac1b74e1,0.0,0.5400,DUPLICATE_EXACT,,MBK_DOM_R6,,MECHRAA BEL KSIRI,REJET_DOMESTIQUE,qualite.source_pollution_prelevement,MANUAL_REVIEW_REQUIRED,1,PENDING,distance=0.00m; nom=0.00; commune=0.00; priorite=4
e60088e9-cf94-4e41-ae65-a5390866b4b8,c444f8f8-19ef-4fd6-8a37-1406659773fa,6d30f1bd-a1c1-4ce8-889a-cc4dd031cb7a,infra.rejet_domestique,301,a7222800-334f-49a9-b959-a7cf608eb1e5,0.0,0.5400,DUPLICATE_EXACT,,HDK_DOM1_R1,,Had kourt,REJET_DOMESTIQUE,infra.rejet_inventaire_pollution,MANUAL_REVIEW_REQUIRED,1,PENDING,distance=0.00m; nom=0.00; commune=0.00; priorite=4
e60088e9-cf94-4e41-ae65-a5390866b4b8,495d428d-95f4-41dc-ae5a-9213b9b71d2c,490c2d48-a346-49d6-bb7d-d3d438475838,infra.rejet_domestique,334,14f08e78-6153-4d08-96e3-69c1125c973d,0.0,0.5400,DUPLICATE_EXACT,,SDK_DOM1_R1,,Sidi kacem,REJET_DOMESTIQUE,infra.rejet_inventaire_pollution,MANUAL_REVIEW_REQUIRED,1,PENDING,distance=0.00m; nom=0.00; commune=0.00; priorite=4
e60088e9-cf94-4e41-ae65-a5390866b4b8,bab08b19-321c-43bc-bf20-000f05459153,689a33d1-26b8-429b-8fdc-99de28cf273c,infra.rejet_domestique,359,c6c50b21-eb26-4c03-aeb9-0666b5f8f5d6,0.0,0.5400,DUPLICATE_EXACT,,MBC_DOM_R1,,MOULAY BOUCHTA,REJET_DOMESTIQUE,qualite.source_pollution_prelevement,MANUAL_REVIEW_REQUIRED,1,PENDING,distance=0.00m; nom=0.00; commune=0.00; priorite=4
e60088e9-cf94-4e41-ae65-a5390866b4b8,3b55c34b-9b13-48e7-86d7-ca2b4466b0c3,ae365009-e001-43de-9c2d-8b921719b5cf,infra.rejet_domestique,361,30bfcb92-7c9d-4010-a06b-bc733420a44d,0.0,0.5400,DUPLICATE_EXACT,,OHN_DOM_R1,,OULED H'CINE,REJET_DOMESTIQUE,qualite.source_pollution_prelevement,MANUAL_REVIEW_REQUIRED,1,PENDING,distance=0.00m; nom=0.00; commune=0.00; priorite=4
e60088e9-cf94-4e41-ae65-a5390866b4b8,9361df7d-22a1-4941-9017-02c57abcf309,234c425b-75f0-433e-9fa0-c718f1eac8d8,infra.rejet_domestique,274,0f3e777b-0518-4c4e-bc1d-c288706ae98b,0.0,0.5400,DUPLICATE_EXACT,,RG-KHM-4,,Khemissat,REJET_DOMESTIQUE,infra.rejet_inventaire_pollution,MANUAL_REVIEW_REQUIRED,1,PENDING,distance=0.00m; nom=0.00; commune=0.00; priorite=4
e60088e9-cf94-4e41-ae65-a5390866b4b8,3dd670e9-a1e0-4b22-bce1-01d7080125f7,5191abbb-33cf-4b59-836d-6663450b6d24,infra.rejet_domestique,33,97df9889-cf4d-433b-a931-b373a00525f4,0.0,0.5400,DUPLICATE_EXACT,,ZOM_PDOM_R2,,Zoumi,REJET_DOMESTIQUE,infra.rejet_inventaire_pollution,MANUAL_REVIEW_REQUIRED,1,PENDING,distance=0.00m; nom=0.00; commune=0.00; priorite=4
e60088e9-cf94-4e41-ae65-a5390866b4b8,d417c7ed-4e5b-46bf-93c9-fd9e02093391,5c77d7b7-1661-4d71-8067-0b814ce73e51,infra.rejet_domestique,47,ff579bba-0a54-47bc-9d91-823d1c0b47b7,0.0,0.5400,DUPLICATE_EXACT,,DOS_PDOM1_R2,,Dar Oum Sultane,REJET_DOMESTIQUE,infra.rejet_inventaire_pollution,MANUAL_REVIEW_REQUIRED,1,PENDING,distance=0.00m; nom=0.00; commune=0.00; priorite=4
e60088e9-cf94-4e41-ae65-a5390866b4b8,8dd1d52e-aaba-4d73-a727-0beb019b3121,e478a4a8-a908-439b-b9ae-3624ce1b177c,infra.rejet_domestique,48,a1cedca3-9a30-45ff-b1e0-68dab523ca7c,0.0,0.5400,DUPLICATE_EXACT,,DOS_PDOM1_R1,,Dar Oum Sultane,REJET_DOMESTIQUE,infra.rejet_inventaire_pollution,MANUAL_REVIEW_REQUIRED,1,PENDING,distance=0.00m; nom=0.00; commune=0.00; priorite=4
e60088e9-cf94-4e41-ae65-a5390866b4b8,255695f6-afaa-4cb4-8970-ae44130980ed,a6ef0a37-ea4f-4c51-a84c-0d5d7f545dc6,infra.rejet_domestique,51,3e34205b-f0c5-4d8d-a2cf-d45e64099592,0.0,0.5400,DUPLICATE_EXACT,,SMK_PDOM1_R1,,Sidi Slimane Moul Al Kifane,REJET_DOMESTIQUE,infra.rejet_inventaire_pollution,MANUAL_REVIEW_REQUIRED,1,PENDING,distance=0.00m; nom=0.00; commune=0.00; priorite=4
e60088e9-cf94-4e41-ae65-a5390866b4b8,fdfc1347-41c0-4a21-9f20-33d16b75f685,d3cf410d-87ac-476c-a760-29c1ad4fd034,infra.rejet_domestique,275,51f51afd-f9bb-4889-8829-565ce987700c,0.0,0.5400,DUPLICATE_EXACT,,RG-KHM-5,,Khemissat,REJET_DOMESTIQUE,infra.rejet_inventaire_pollution,MANUAL_REVIEW_REQUIRED,1,PENDING,distance=0.00m; nom=0.00; commune=0.00; priorite=4
e60088e9-cf94-4e41-ae65-a5390866b4b8,6f35579a-1805-49d7-b02b-cc74d22fd09d,6d007045-463f-4916-a8fa-91b9202e5a8d,infra.rejet_domestique,40,9f910d48-7c80-4ee3-b86b-03fecea5144f,0.0,0.5400,DUPLICATE_EXACT,,DDZ_PDOM1_R3,,Moulay Driss Zarhoune,REJET_DOMESTIQUE,infra.rejet_inventaire_pollution,MANUAL_REVIEW_REQUIRED,1,PENDING,distance=0.00m; nom=0.00; commune=0.00; priorite=4
e60088e9-cf94-4e41-ae65-a5390866b4b8,aa28c462-4763-44c0-836c-be5fd3be415b,fbd4429f-2c6e-4c89-a7b0-c670c01a3c53,infra.rejet_domestique,38,7cfbdde2-cc07-4108-a51d-4ff89667b759,0.0,0.5400,DUPLICATE_EXACT,,DDZ_PDOM1_R2,,Moulay Driss Zarhoune,REJET_DOMESTIQUE,infra.rejet_inventaire_pollution,MANUAL_REVIEW_REQUIRED,1,PENDING,distance=0.00m; nom=0.00; commune=0.00; priorite=4
e60088e9-cf94-4e41-ae65-a5390866b4b8,b9301740-389a-4170-9264-c4d1b7cc0b3d,e497850a-7da3-4e61-a6e6-a0df70cfc062,infra.rejet_domestique,37,4910948a-a6be-4848-954e-e5f24a51cc72,0.0,0.5400,DUPLICATE_EXACT,,DDZ_PDOM1_R7,,Moulay Driss Zarhoune,REJET_DOMESTIQUE,infra.rejet_inventaire_pollution,MANUAL_REVIEW_REQUIRED,1,PENDING,distance=0.00m; nom=0.00; commune=0.00; priorite=4
e60088e9-cf94-4e41-ae65-a5390866b4b8,81f01cc2-7a89-4320-a3c3-265823f0752a,31379a9b-10c2-4fe9-8c14-064093f64961,infra.rejet_domestique,43,27241e66-3080-492d-81ac-8740d2383046,0.0,0.5400,DUPLICATE_EXACT,,DDZ_PDOM1_R6,,Moulay Driss Zarhoune,REJET_DOMESTIQUE,infra.rejet_inventaire_pollution,MANUAL_REVIEW_REQUIRED,1,PENDING,distance=0.00m; nom=0.00; commune=0.00; priorite=4
e60088e9-cf94-4e41-ae65-a5390866b4b8,deee887a-5736-4bdd-8dfd-d726e39a3a4d,01f313ff-0cf6-40de-9c80-7932676173e5,infra.rejet_domestique,42,d68700cf-be9f-49b5-a946-acbb39c7ebdd,0.0,0.5400,DUPLICATE_EXACT,,DDZ_PDOM1_R5,,Moulay Driss Zarhoune,REJET_DOMESTIQUE,infra.rejet_inventaire_pollution,MANUAL_REVIEW_REQUIRED,1,PENDING,distance=0.00m; nom=0.00; commune=0.00; priorite=4
e60088e9-cf94-4e41-ae65-a5390866b4b8,5d5c56ff-e626-42c1-93b4-287b52313ce2,f5b9a4ea-09ea-4ef7-9937-1016c09dfd34,infra.rejet_domestique,41,0c655f09-fdba-4591-85a6-09f7a7bd8073,0.0,0.5400,DUPLICATE_EXACT,,DDZ_PDOM1_R4,,Moulay Driss Zarhoune,REJET_DOMESTIQUE,infra.rejet_inventaire_pollution,MANUAL_REVIEW_REQUIRED,1,PENDING,distance=0.00m; nom=0.00; commune=0.00; priorite=4
e60088e9-cf94-4e41-ae65-a5390866b4b8,48df8bc0-3815-4c63-9561-14ae3492ddf1,d367f2c7-da8c-4e1a-b502-e5eb8e5b92f8,infra.rejet_domestique,39,11dcc959-b94d-47cd-bd41-ceec3f0854cf,0.0,0.5400,DUPLICATE_EXACT,,DDZ_PDOM1_R1,,Moulay Driss Zarhoune,REJET_DOMESTIQUE,infra.rejet_inventaire_pollution,MANUAL_REVIEW_REQUIRED,1,PENDING,distance=0.00m; nom=0.00; commune=0.00; priorite=4
e60088e9-cf94-4e41-ae65-a5390866b4b8,8d256665-470e-493a-9a84-8f50df36f1a1,40ec5102-d75c-440a-b96b-5e0be20e93e2,infra.rejet_domestique,82,11d9c767-296b-46ac-acb5-72dc8ff0f2a4,0.0,0.5400,DUPLICATE_EXACT,,AZR_PDOM1_R1,,Azrou,REJET_DOMESTIQUE,infra.rejet_inventaire_pollution,MANUAL_REVIEW_REQUIRED,1,PENDING,distance=0.00m; nom=0.00; commune=0.00; priorite=4
e60088e9-cf94-4e41-ae65-a5390866b4b8,e5ef19a1-6766-4d63-ba2c-cf6312c31f06,d519fb75-c8ae-4a6b-921f-3ae91a3cb558,infra.rejet_domestique,151,0d985ed7-521a-455f-a323-bd674f1407e8,0.0,0.5400,DUPLICATE_EXACT,,SYB_DOM_R2,,SIDI YOUSSEF BEN AHMED,REJET_DOMESTIQUE,infra.rejet_inventaire_pollution,MANUAL_REVIEW_REQUIRED,1,PENDING,distance=0.00m; nom=0.00; commune=0.00; priorite=4
e60088e9-cf94-4e41-ae65-a5390866b4b8,7a354921-9f3e-415e-83bf-402bd90da1c7,9df5fdea-0d1c-4763-9686-8e9a307c0b3e,infra.rejet_domestique,110,97d08c54-39d0-42c3-b15d-c01394e2c200,0.0,0.5400,DUPLICATE_EXACT,,BHL_DOM_R4,,Bhalil,REJET_DOMESTIQUE,infra.rejet_inventaire_pollution,MANUAL_REVIEW_REQUIRED,1,PENDING,distance=0.00m; nom=0.00; commune=0.00; priorite=4
e60088e9-cf94-4e41-ae65-a5390866b4b8,2d01330e-feb6-4afe-bc2c-b241cf5ebbf9,83d2d356-debd-4005-b1c3-98c4f5132850,infra.rejet_domestique,107,541a2f8e-1942-42b4-ab09-eceafac5b489,0.0,0.5400,DUPLICATE_EXACT,,BHL_DOM_R3,,Bhalil,REJET_DOMESTIQUE,infra.rejet_inventaire_pollution,MANUAL_REVIEW_REQUIRED,1,PENDING,distance=0.00m; nom=0.00; commune=0.00; priorite=4
e60088e9-cf94-4e41-ae65-a5390866b4b8,6314aec0-9abf-433b-b067-01c9a75fa4d3,1df7dafc-736d-40ae-bff0-8e3795cabe0c,infra.rejet_domestique,123,29a35b3f-ea23-41a3-939c-b837f552c61a,0.0,0.5400,DUPLICATE_EXACT,,IMK_DOM_R3,,IMOUZZER KANDAR,REJET_DOMESTIQUE,infra.rejet_inventaire_pollution,MANUAL_REVIEW_REQUIRED,1,PENDING,distance=0.00m; nom=0.00; commune=0.00; priorite=4
e60088e9-cf94-4e41-ae65-a5390866b4b8,97e25cf9-2cc7-499a-ab74-1e1d7d01fd77,5015e9a6-0205-4bd7-8d22-ddfde3c218d1,infra.rejet_domestique,126,063673a8-f473-40c7-8b64-479b0b078cd1,0.0,0.5400,DUPLICATE_EXACT,,SEF_DOM_6,,SEFROU,REJET_DOMESTIQUE,infra.rejet_inventaire_pollution,MANUAL_REVIEW_REQUIRED,1,PENDING,distance=0.00m; nom=0.00; commune=0.00; priorite=4
e60088e9-cf94-4e41-ae65-a5390866b4b8,cc83ffd3-3b81-45e5-b5a2-9d480efe5ffa,eacc410a-ee4a-4978-b7f8-42a7727362ae,infra.rejet_domestique,127,9bf5bc16-d295-47e6-a7e7-c3e0c854c44f,0.0,0.5400,DUPLICATE_EXACT,,SEF_DOM_7,,SEFROU,REJET_DOMESTIQUE,infra.rejet_inventaire_pollution,MANUAL_REVIEW_REQUIRED,1,PENDING,distance=0.00m; nom=0.00; commune=0.00; priorite=4
e60088e9-cf94-4e41-ae65-a5390866b4b8,a8dd1945-46c0-4a92-a5f8-dd2fa34993d4,ba28c4da-d84c-4a13-b3c0-3461f71da847,infra.rejet_domestique,128,0e913ab6-dc50-4bb5-84e5-ea5e6f6bf253,0.0,0.5400,DUPLICATE_EXACT,,SEF_DOM_8,,SEFROU,REJET_DOMESTIQUE,infra.rejet_inventaire_pollution,MANUAL_REVIEW_REQUIRED,1,PENDING,distance=0.00m; nom=0.00; commune=0.00; priorite=4
e60088e9-cf94-4e41-ae65-a5390866b4b8,fb697192-a84c-42bb-a9f1-c6d6e125220a,9dee88b7-d904-4cd1-a267-729c64877eb3,infra.rejet_domestique,129,2f77584c-1016-4bdd-b8c3-9aad3513e028,0.0,0.5400,DUPLICATE_EXACT,,SEF_DOM_9,,SEFROU,REJET_DOMESTIQUE,infra.rejet_inventaire_pollution,MANUAL_REVIEW_REQUIRED,1,PENDING,distance=0.00m; nom=0.00; commune=0.00; priorite=4
e60088e9-cf94-4e41-ae65-a5390866b4b8,ab318d7f-b5cb-4ac6-840d-9acb9678c9b2,4611fa84-3672-47ed-af0e-1eb1b5edff2e,infra.rejet_domestique,130,27c51afa-5a3c-41f4-9e2c-0edc6fadb174,0.0,0.5400,DUPLICATE_EXACT,,SEF_DOM_4,,SEFROU,REJET_DOMESTIQUE,infra.rejet_inventaire_pollution,MANUAL_REVIEW_REQUIRED,1,PENDING,distance=0.00m; nom=0.00; commune=0.00; priorite=4
e60088e9-cf94-4e41-ae65-a5390866b4b8,549ffc6e-198d-49eb-89dc-9fb66a9127ed,e3f817b5-8b10-40d7-8125-e74f13bea960,infra.rejet_domestique,131,3b4cdb07-1d83-4729-a623-f9b48023a96e,0.0,0.5400,DUPLICATE_EXACT,,SEF_DOM_5,,SEFROU,REJET_DOMESTIQUE,infra.rejet_inventaire_pollution,MANUAL_REVIEW_REQUIRED,1,PENDING,distance=0.00m; nom=0.00; commune=0.00; priorite=4
e60088e9-cf94-4e41-ae65-a5390866b4b8,744cf4b5-195d-47bd-9d97-bdde2c1e43c0,5ba208c6-28d9-452c-b591-e4a3304849b9,infra.rejet_domestique,133,a41e6b34-bd32-44fd-b301-1c84168d9e1d,0.0,0.5400,DUPLICATE_EXACT,,SEF_DOM_13,,SEFROU,REJET_DOMESTIQUE,infra.rejet_inventaire_pollution,MANUAL_REVIEW_REQUIRED,1,PENDING,distance=0.00m; nom=0.00; commune=0.00; priorite=4
e60088e9-cf94-4e41-ae65-a5390866b4b8,84276ab6-a9fe-4639-833a-8c7297c2a62f,074b4337-2e27-450d-b1f9-306202aaa7f2,infra.rejet_domestique,134,57f26e13-512b-4340-9ba9-cdb481ab4efe,0.0,0.5400,DUPLICATE_EXACT,,SEF_DOM_14,,SEFROU,REJET_DOMESTIQUE,infra.rejet_inventaire_pollution,MANUAL_REVIEW_REQUIRED,1,PENDING,distance=0.00m; nom=0.00; commune=0.00; priorite=4
e60088e9-cf94-4e41-ae65-a5390866b4b8,0df8ceda-3f1b-4605-9da7-b9eb9f10be49,41de1517-88ca-4958-8aa0-168076f09014,infra.rejet_domestique,135,017d126e-328c-4b3d-9cca-27c0027a9523,0.0,0.5400,DUPLICATE_EXACT,,SEF_DOM_16,,SEFROU,REJET_DOMESTIQUE,infra.rejet_inventaire_pollution,MANUAL_REVIEW_REQUIRED,1,PENDING,distance=0.00m; nom=0.00; commune=0.00; priorite=4
e60088e9-cf94-4e41-ae65-a5390866b4b8,8e17b4fd-8341-4a8c-8c79-0dc532eb54d5,f8e63f65-b105-4ff2-8c2c-bb3b3b901812,infra.rejet_domestique,138,d99f8e8e-7542-4387-b2f3-54917349c41f,0.0,0.5400,DUPLICATE_EXACT,,SEF_DOM_1,,SEFROU,REJET_DOMESTIQUE,infra.rejet_inventaire_pollution,MANUAL_REVIEW_REQUIRED,1,PENDING,distance=0.00m; nom=0.00; commune=0.00; priorite=4
e60088e9-cf94-4e41-ae65-a5390866b4b8,6b7a4d51-199b-44c6-a3b9-6e560538bb1d,df700ff9-fd9c-45d7-8166-9e8f4c810fa2,infra.rejet_domestique,132,e135f707-8e93-4c12-ae14-55d5fbeee07a,0.0,0.5400,DUPLICATE_EXACT,,SEF_DOM_3,,SEFROU,REJET_DOMESTIQUE,infra.rejet_inventaire_pollution,MANUAL_REVIEW_REQUIRED,1,PENDING,distance=0.00m; nom=0.00; commune=0.00; priorite=4
e60088e9-cf94-4e41-ae65-a5390866b4b8,6257a999-c3fb-44d0-8c10-dfaff84ed29a,92bc9832-3940-4c96-8939-0b598679a630,infra.rejet_domestique,136,4b79e0f1-ec53-47a2-b925-d22681ee4393,0.0,0.5400,DUPLICATE_EXACT,,SEF_DOM_2,,SEFROU,REJET_DOMESTIQUE,infra.rejet_inventaire_pollution,MANUAL_REVIEW_REQUIRED,1,PENDING,distance=0.00m; nom=0.00; commune=0.00; priorite=4
e60088e9-cf94-4e41-ae65-a5390866b4b8,95d10ce5-ce20-4fdc-bdbd-0c5beb0527c6,90b63eaa-76b2-450b-8f74-43a48af57ab5,infra.rejet_domestique,137,612229ef-7154-49d0-a1fa-67ee3ed01f28,0.0,0.5400,DUPLICATE_EXACT,,SEF_DOM_12,,SEFROU,REJET_DOMESTIQUE,infra.rejet_inventaire_pollution,MANUAL_REVIEW_REQUIRED,1,PENDING,distance=0.00m; nom=0.00; commune=0.00; priorite=4
e60088e9-cf94-4e41-ae65-a5390866b4b8,3f860639-6a71-4b02-8f4b-c818d1aaa1d1,663acf7d-b0dc-47bc-94e5-07bbb15351a4,infra.rejet_domestique,139,50e3f8d1-4b01-43dd-ac3f-a74e341b87a0,0.0,0.5400,DUPLICATE_EXACT,,SEF_DOM_15,,SEFROU,REJET_DOMESTIQUE,infra.rejet_inventaire_pollution,MANUAL_REVIEW_REQUIRED,1,PENDING,distance=0.00m; nom=0.00; commune=0.00; priorite=4
e60088e9-cf94-4e41-ae65-a5390866b4b8,23914880-f981-4664-8936-157523686f6f,bb52cc3b-3270-4374-b266-850c33a14e75,infra.rejet_domestique,140,b7cdace9-55e2-4e57-9a6b-7c18cef7046e,0.0,0.5400,DUPLICATE_EXACT,,SEF_DOM_17,,SEFROU,REJET_DOMESTIQUE,infra.rejet_inventaire_pollution,MANUAL_REVIEW_REQUIRED,1,PENDING,distance=0.00m; nom=0.00; commune=0.00; priorite=4
e60088e9-cf94-4e41-ae65-a5390866b4b8,5c22c47c-8a9e-4127-a1a0-396d88eb15fc,71bc62bd-f142-4587-ba06-b1f304e29889,infra.rejet_domestique,109,beac08bf-476d-43b7-8a10-49b02f8b295d,0.0,0.5400,DUPLICATE_EXACT,,BHL_DOM_R1,,Bhalil,REJET_DOMESTIQUE,infra.rejet_inventaire_pollution,MANUAL_REVIEW_REQUIRED,1,PENDING,distance=0.00m; nom=0.00; commune=0.00; priorite=4
e60088e9-cf94-4e41-ae65-a5390866b4b8,34789133-5366-41fb-ae2d-a524645319c4,907025fd-8b7e-4034-97c2-48ee5576131b,infra.rejet_domestique,118,884340a1-6b54-4d85-9f85-34095f77f167,0.0,0.5400,DUPLICATE_EXACT,,MNZ_DOM_R1,,El Menzel,REJET_DOMESTIQUE,infra.rejet_inventaire_pollution,MANUAL_REVIEW_REQUIRED,1,PENDING,distance=0.00m; nom=0.00; commune=0.00; priorite=4
e60088e9-cf94-4e41-ae65-a5390866b4b8,9b8cf34d-a88d-462d-a984-a11a5cace8e1,f79c59bd-b519-48f5-b284-b63613836ac4,infra.rejet_domestique,117,bda69e33-03e2-46c0-b55a-49a1aef85b8a,0.0,0.5400,DUPLICATE_EXACT,,MNZ_DOM_R11,,El Menzel,REJET_DOMESTIQUE,infra.rejet_inventaire_pollution,MANUAL_REVIEW_REQUIRED,1,PENDING,distance=0.00m; nom=0.00; commune=0.00; priorite=4
e60088e9-cf94-4e41-ae65-a5390866b4b8,0103c899-d771-405c-9309-4a17b1cf0fd3,f39c139c-0caf-453d-b45d-a6e6e042a2b7,infra.rejet_domestique,119,8c6b9ecf-5bb0-47ae-96a7-db43db41e606,0.0,0.5400,DUPLICATE_EXACT,,MNZ_DOM_R5,,El Menzel,REJET_DOMESTIQUE,infra.rejet_inventaire_pollution,MANUAL_REVIEW_REQUIRED,1,PENDING,distance=0.00m; nom=0.00; commune=0.00; priorite=4
e60088e9-cf94-4e41-ae65-a5390866b4b8,3c35240b-b4a6-4d28-b716-39e4adce6b94,fa63185b-7f34-450d-8a22-9152e8916ba6,infra.rejet_domestique,120,c37bb471-f16c-4088-8b16-ea7439221fbe,0.0,0.5400,DUPLICATE_EXACT,,MNZ_DOM_R4,,El Menzel,REJET_DOMESTIQUE,infra.rejet_inventaire_pollution,MANUAL_REVIEW_REQUIRED,1,PENDING,distance=0.00m; nom=0.00; commune=0.00; priorite=4
e60088e9-cf94-4e41-ae65-a5390866b4b8,ef299887-f447-48cf-aa52-5e10d772de05,9a87a321-2cd8-47a3-b1de-2c41c8f15c41,infra.rejet_domestique,121,64163890-e1e2-4b04-9e8e-6f3ca3839454,0.0,0.5400,DUPLICATE_EXACT,,MNZ_DOM_R10,,El Menzel,REJET_DOMESTIQUE,infra.rejet_inventaire_pollution,MANUAL_REVIEW_REQUIRED,1,PENDING,distance=0.00m; nom=0.00; commune=0.00; priorite=4
e60088e9-cf94-4e41-ae65-a5390866b4b8,1095d292-d435-49a4-809f-3bf01c142752,8db2d734-2ed9-4370-af54-5d759ad58753,infra.rejet_domestique,122,2c3dfd03-d75e-4e3e-bbdc-efe2ceace469,0.0,0.5400,DUPLICATE_EXACT,,MNZ_DOM_R12,,El Menzel,REJET_DOMESTIQUE,infra.rejet_inventaire_pollution,MANUAL_REVIEW_REQUIRED,1,PENDING,distance=0.00m; nom=0.00; commune=0.00; priorite=4
e60088e9-cf94-4e41-ae65-a5390866b4b8,4ef45f0e-fdbf-4c37-83de-824b3f0366d5,9edad9ba-b2ce-48d8-beda-1cbfb3e1af0c,infra.rejet_domestique,111,a7a409cc-db16-429f-9759-2004c0b2776e,0.0,0.5400,DUPLICATE_EXACT,,MNZ_DOM_R9,,El Menzel,REJET_DOMESTIQUE,infra.rejet_inventaire_pollution,MANUAL_REVIEW_REQUIRED,1,PENDING,distance=0.00m; nom=0.00; commune=0.00; priorite=4
e60088e9-cf94-4e41-ae65-a5390866b4b8,5bbb1d3f-3cfc-4046-92b9-77694509fb25,9b4e9a30-3a7f-4189-bfdd-dde1659b337e,infra.rejet_domestique,112,67cfced2-4ad4-46a8-9af1-9433a93e09d0,0.0,0.5400,DUPLICATE_EXACT,,MNZ_DOM_R3,,El Menzel,REJET_DOMESTIQUE,infra.rejet_inventaire_pollution,MANUAL_REVIEW_REQUIRED,1,PENDING,distance=0.00m; nom=0.00; commune=0.00; priorite=4
e60088e9-cf94-4e41-ae65-a5390866b4b8,fcfc230b-5513-41c1-a7f2-d08b3d1c7e7e,ecb25eab-8cc3-453b-91c5-122d74313473,infra.rejet_domestique,113,41caef8e-0d89-481c-95b7-f3af5426920c,0.0,0.5400,DUPLICATE_EXACT,,MNZ_DOM_R2,,El Menzel,REJET_DOMESTIQUE,infra.rejet_inventaire_pollution,MANUAL_REVIEW_REQUIRED,1,PENDING,distance=0.00m; nom=0.00; commune=0.00; priorite=4
e60088e9-cf94-4e41-ae65-a5390866b4b8,d812128d-6b35-41b6-b6b2-4fbb1ca2d2f4,4fba55a2-c8a2-426a-ae9b-49bf111e5ec1,infra.rejet_domestique,114,e0ea2324-8a9b-4a43-a519-9a3c6f3878dc,0.0,0.5400,DUPLICATE_EXACT,,MNZ_DOM_R6,,El Menzel,REJET_DOMESTIQUE,infra.rejet_inventaire_pollution,MANUAL_REVIEW_REQUIRED,1,PENDING,distance=0.00m; nom=0.00; commune=0.00; priorite=4
e60088e9-cf94-4e41-ae65-a5390866b4b8,b8aa6cd9-2de6-435e-8f09-767d2e35ccb2,8acabab3-2d01-464d-8be1-5137ce3ae2b6,infra.rejet_domestique,115,bb5aa31d-a2a7-420c-9c7c-74e476f574da,0.0,0.5400,DUPLICATE_EXACT,,MNZ_DOM_R7,,El Menzel,REJET_DOMESTIQUE,infra.rejet_inventaire_pollution,MANUAL_REVIEW_REQUIRED,1,PENDING,distance=0.00m; nom=0.00; commune=0.00; priorite=4
e60088e9-cf94-4e41-ae65-a5390866b4b8,c2821b9f-aa0d-4d51-9db4-975dd5c907b3,a3089bb0-d16b-4ca9-9020-9df928744124,infra.rejet_domestique,116,6dd42df8-fdb1-4974-bc9b-3d665207b990,0.0,0.5400,DUPLICATE_EXACT,,MNZ_DOM_R8,,El Menzel,REJET_DOMESTIQUE,infra.rejet_inventaire_pollution,MANUAL_REVIEW_REQUIRED,1,PENDING,distance=0.00m; nom=0.00; commune=0.00; priorite=4
e60088e9-cf94-4e41-ae65-a5390866b4b8,f9fdc40e-46af-44af-980e-a724dc2f8074,d9b599bd-5d1d-4537-b4af-723ab9cce9b9,infra.rejet_domestique,147,32774315-2888-4f7c-ac2f-d61ddb55e3bc,0.0,0.5400,DUPLICATE_EXACT,,CHG_DOM_R1,,Ain Cheggag,REJET_DOMESTIQUE,infra.rejet_inventaire_pollution,MANUAL_REVIEW_REQUIRED,1,PENDING,distance=0.00m; nom=0.00; commune=0.00; priorite=4
e60088e9-cf94-4e41-ae65-a5390866b4b8,91b6928f-98d1-4293-bbc6-3ee0b4bcae03,84d270d7-3638-407f-be06-ac84dd9aa395,infra.rejet_domestique,276,08c3dc3e-971d-4b31-b900-685e1daa8fe0,0.0,0.5400,DUPLICATE_EXACT,,RG-KHM-6,,Khemissat,REJET_DOMESTIQUE,infra.rejet_inventaire_pollution,MANUAL_REVIEW_REQUIRED,1,PENDING,distance=0.00m; nom=0.00; commune=0.00; priorite=4
e60088e9-cf94-4e41-ae65-a5390866b4b8,6adcbaff-385a-4adb-bad2-23b2f2190bfc,64d8b833-55b3-4ad2-92a1-e8a9226aa0c3,infra.rejet_domestique,277,34f5f34c-310d-47b9-8597-adc3167d3fbf,0.0,0.5400,DUPLICATE_EXACT,,RG-KHM-7,,Khemissat,REJET_DOMESTIQUE,infra.rejet_inventaire_pollution,MANUAL_REVIEW_REQUIRED,1,PENDING,distance=0.00m; nom=0.00; commune=0.00; priorite=4
e60088e9-cf94-4e41-ae65-a5390866b4b8,050ee5f7-7a03-4312-a4a8-9a33cf67f844,b303fe98-dc12-45cc-a223-df1df5efc2fb,infra.rejet_domestique,279,c460e2a3-d424-4afb-a6d2-923f22014b18,0.0,0.5400,DUPLICATE_EXACT,,RG-KHM-3,,Khemissat,REJET_DOMESTIQUE,infra.rejet_inventaire_pollution,MANUAL_REVIEW_REQUIRED,1,PENDING,distance=0.00m; nom=0.00; commune=0.00; priorite=4
e60088e9-cf94-4e41-ae65-a5390866b4b8,82084704-ed32-4be9-b104-d6ed223c762f,d66d2ee1-3818-435b-a041-53549d80ede1,infra.rejet_domestique,273,dfdaa7c6-73d6-4e90-b423-bf7023496027,0.0,0.5400,DUPLICATE_EXACT,,RG-KHM-2,,Khemissat,REJET_DOMESTIQUE,infra.rejet_inventaire_pollution,MANUAL_REVIEW_REQUIRED,1,PENDING,distance=0.00m; nom=0.00; commune=0.00; priorite=4
e60088e9-cf94-4e41-ae65-a5390866b4b8,0abeca68-ec7f-4984-b2a5-c7c9fc3dcccc,02b1072f-0d62-42a7-aa9a-1aef74a92fb0,infra.rejet_domestique,108,bb496816-c4f4-46d4-ae0b-b23facfba8f3,0.0,0.5400,DUPLICATE_EXACT,,BHL_DOM_R2,,Bhalil,REJET_DOMESTIQUE,infra.rejet_inventaire_pollution,MANUAL_REVIEW_REQUIRED,1,PENDING,distance=0.00m; nom=0.00; commune=0.00; priorite=4
e60088e9-cf94-4e41-ae65-a5390866b4b8,38cab122-ca6e-48c9-8584-4355920d2f2e,8ccfd56b-7757-473f-a410-22a50c735cc6,infra.rejet_domestique,124,e2e9a0ff-af5e-4455-88ff-d8edc532f581,0.0,0.5400,DUPLICATE_EXACT,,IMK_DOM_R2,,IMOUZZER KANDAR,REJET_DOMESTIQUE,infra.rejet_inventaire_pollution,MANUAL_REVIEW_REQUIRED,1,PENDING,distance=0.00m; nom=0.00; commune=0.00; priorite=4
e60088e9-cf94-4e41-ae65-a5390866b4b8,dda45ea7-636e-40d2-84d8-479c3b26574d,3106eda4-ad9b-4a8f-9aff-02df36ca9318,infra.rejet_domestique,125,8b5c43cc-94c2-4868-a50e-a1cb4f031c83,0.0,0.5400,DUPLICATE_EXACT,,IMK_DOM_R1,,IMOUZZER KANDAR,REJET_DOMESTIQUE,infra.rejet_inventaire_pollution,MANUAL_REVIEW_REQUIRED,1,PENDING,distance=0.00m; nom=0.00; commune=0.00; priorite=4
e60088e9-cf94-4e41-ae65-a5390866b4b8,28cd2f5b-0466-42be-a034-343e2375d2c6,cea9442d-436e-40b6-80c5-380bf71cb284,infra.rejet_domestique,141,1fc88a50-b013-47bc-a238-0fd5cecb78b7,0.0,0.5400,DUPLICATE_EXACT,,SEF_DOM_10,,SEFROU,REJET_DOMESTIQUE,infra.rejet_inventaire_pollution,MANUAL_REVIEW_REQUIRED,1,PENDING,distance=0.00m; nom=0.00; commune=0.00; priorite=4
e60088e9-cf94-4e41-ae65-a5390866b4b8,7ba7c076-7c09-49a5-8480-93e8a50ea1c8,155479b1-3ab1-40f2-a609-627ab6b975ab,infra.rejet_domestique,142,4e049493-cf16-429a-a878-5fcd69c7f19a,0.0,0.5400,DUPLICATE_EXACT,,SEF_DOM_11,,SEFROU,REJET_DOMESTIQUE,infra.rejet_inventaire_pollution,MANUAL_REVIEW_REQUIRED,1,PENDING,distance=0.00m; nom=0.00; commune=0.00; priorite=4
e60088e9-cf94-4e41-ae65-a5390866b4b8,bd4c94a3-78e2-4f5a-afb1-bcb6fd91f293,5f19017d-051d-4f59-8273-5e2424b31d01,infra.rejet_domestique,288,5d9fa349-0b8e-4834-b6f0-dd2dbdf1ec5e,0.0,0.5400,DUPLICATE_EXACT,,RG-AIY-1,,Ait yadine,REJET_DOMESTIQUE,infra.rejet_inventaire_pollution,MANUAL_REVIEW_REQUIRED,1,PENDING,distance=0.00m; nom=0.00; commune=0.00; priorite=4
e60088e9-cf94-4e41-ae65-a5390866b4b8,073fa706-eeb6-459a-bd7f-cda4e6168cc1,b1cd3a30-372b-4741-9532-8541f4b07e7c,infra.rejet_domestique,263,35d80bc0-49ee-44c4-9880-0f48c0226156,0.0,0.5400,DUPLICATE_EXACT,,SAT_DOM_R1,,Ben Mansour,REJET_DOMESTIQUE,infra.rejet_inventaire_pollution,MANUAL_REVIEW_REQUIRED,1,PENDING,distance=0.00m; nom=0.00; commune=0.00; priorite=4
e60088e9-cf94-4e41-ae65-a5390866b4b8,6bfcf022-1e79-49d1-844a-57c77998b21a,c626bb8f-5507-43ed-8e9f-34f048cb311c,infra.rejet_domestique,91,5e9badaf-d39b-4018-954d-b44799a1343e,0.0,0.5400,DUPLICATE_EXACT,,OIF_PDOM1_R2,,Oued Ifrane,REJET_DOMESTIQUE,infra.rejet_inventaire_pollution,MANUAL_REVIEW_REQUIRED,1,PENDING,distance=0.00m; nom=0.00; commune=0.00; priorite=4
e60088e9-cf94-4e41-ae65-a5390866b4b8,7927a8fe-239b-4be7-a2f6-c6c4a6a3cb70,b6acf373-a915-42d0-a564-ec08be02e4a3,infra.rejet_domestique,341,57ceae13-8982-4c4f-847a-48ebc98df11d,0.0,0.5400,DUPLICATE_EXACT,,SDS_DOM1_R2,,Sidi slimane,REJET_DOMESTIQUE,infra.rejet_inventaire_pollution,MANUAL_REVIEW_REQUIRED,1,PENDING,distance=0.00m; nom=0.00; commune=0.00; priorite=4
e60088e9-cf94-4e41-ae65-a5390866b4b8,f62a37a9-bae0-4ff4-b125-2046ed14258d,d0a6b768-65fe-413d-bfff-a310b223dd71,infra.rejet_domestique,342,1f687ec7-9ba1-4b76-9c36-d7480db4ba3d,0.0,0.5400,DUPLICATE_EXACT,,SDS_DOM1_R3,,Sidi slimane,REJET_DOMESTIQUE,infra.rejet_inventaire_pollution,MANUAL_REVIEW_REQUIRED,1,PENDING,distance=0.00m; nom=0.00; commune=0.00; priorite=4
e60088e9-cf94-4e41-ae65-a5390866b4b8,0466f00b-4239-4f40-8732-b76c4cb6903d,8b196683-63a4-40af-b39a-e8f1afa65e3a,infra.rejet_domestique,343,ea025222-a3b6-471a-92b1-8e542db43452,0.0,0.5400,DUPLICATE_EXACT,,SDS_DOM1_R4,,Sidi slimane,REJET_DOMESTIQUE,infra.rejet_inventaire_pollution,MANUAL_REVIEW_REQUIRED,1,PENDING,distance=0.00m; nom=0.00; commune=0.00; priorite=4
e60088e9-cf94-4e41-ae65-a5390866b4b8,94306194-43bb-4d14-9642-0d47f19f2ce1,b067f2dc-c316-4b44-b2e4-120135758744,infra.rejet_domestique,344,2ce9c73d-0a94-486f-b100-8a9c86b352f4,0.0,0.5400,DUPLICATE_EXACT,,SDS_DOM1_R5,,Sidi slimane,REJET_DOMESTIQUE,infra.rejet_inventaire_pollution,MANUAL_REVIEW_REQUIRED,1,PENDING,distance=0.00m; nom=0.00; commune=0.00; priorite=4
e60088e9-cf94-4e41-ae65-a5390866b4b8,7f2d7e58-effd-4dd1-a461-29f9122c454c,c62655ea-6993-4d0c-99db-012ccd9cf1e7,infra.rejet_domestique,345,43c8498c-444e-4292-9bcf-b6448bffe53d,0.0,0.5400,DUPLICATE_EXACT,,SDS_DOM1_R6,,Sidi slimane,REJET_DOMESTIQUE,infra.rejet_inventaire_pollution,MANUAL_REVIEW_REQUIRED,1,PENDING,distance=0.00m; nom=0.00; commune=0.00; priorite=4
e60088e9-cf94-4e41-ae65-a5390866b4b8,a1b3d564-b927-424d-9fc5-b7890902b13e,d5c0c842-dd70-4232-b896-29c378a8c4b1,infra.rejet_domestique,346,1a67f232-fff9-463e-acbb-9014d81195f7,0.0,0.5400,DUPLICATE_EXACT,,SDS_DOM1_R7,,Sidi slimane,REJET_DOMESTIQUE,infra.rejet_inventaire_pollution,MANUAL_REVIEW_REQUIRED,1,PENDING,distance=0.00m; nom=0.00; commune=0.00; priorite=4
e60088e9-cf94-4e41-ae65-a5390866b4b8,1a64bbd5-091e-4440-a46e-8bafc09193d4,702363cd-e614-45bd-afbb-a22c1d91c935,infra.rejet_domestique,347,d6550cb3-f30b-495d-b155-d4a7e67b66ea,0.0,0.5400,DUPLICATE_EXACT,,SDS_DOM1_R8,,Sidi slimane,REJET_DOMESTIQUE,infra.rejet_inventaire_pollution,MANUAL_REVIEW_REQUIRED,1,PENDING,distance=0.00m; nom=0.00; commune=0.00; priorite=4
e60088e9-cf94-4e41-ae65-a5390866b4b8,53166616-da0e-4b34-acb6-e1e3900f8ac6,a86d2261-f329-424b-af4f-0458b35d5072,infra.rejet_domestique,348,562d389f-7818-4918-bab0-61b5a0d448c1,0.0,0.5400,DUPLICATE_EXACT,,SDS_DOM1_R9,,Sidi slimane,REJET_DOMESTIQUE,infra.rejet_inventaire_pollution,MANUAL_REVIEW_REQUIRED,1,PENDING,distance=0.00m; nom=0.00; commune=0.00; priorite=4
e60088e9-cf94-4e41-ae65-a5390866b4b8,2948833f-6345-4ee1-a61b-52a6f47b4bb4,da4e9e78-c576-4733-99c4-c0ba423ca725,infra.rejet_domestique,349,3aeb917e-1087-4db9-bf32-721afaa22fa5,0.0,0.5400,DUPLICATE_EXACT,,SDS_DOM1_R310,,Sidi slimane,REJET_DOMESTIQUE,infra.rejet_inventaire_pollution,MANUAL_REVIEW_REQUIRED,1,PENDING,distance=0.00m; nom=0.00; commune=0.00; priorite=4
e60088e9-cf94-4e41-ae65-a5390866b4b8,c284ff63-7e80-44b4-82fd-b525cc3cdf72,90e27dc9-9e75-4352-82bf-7b3d827ceb11,infra.rejet_domestique,350,93284d95-3181-486a-a6ae-9fd98e018eb6,0.0,0.5400,DUPLICATE_EXACT,,SDS_DOM1_R11,,Sidi slimane,REJET_DOMESTIQUE,infra.rejet_inventaire_pollution,MANUAL_REVIEW_REQUIRED,1,PENDING,distance=0.00m; nom=0.00; commune=0.00; priorite=4
e60088e9-cf94-4e41-ae65-a5390866b4b8,f8fd3a45-9b13-4a90-905c-f18db5fbedd6,059cbdf3-dbf7-4a36-b478-8b6993d39900,infra.rejet_domestique,103,1be90f17-bf78-4ecb-b523-cb3742ee2dcc,0.0,0.5400,DUPLICATE_EXACT,,TIG_PDOM1_R6,,Tigrigra,REJET_DOMESTIQUE,infra.rejet_inventaire_pollution,MANUAL_REVIEW_REQUIRED,1,PENDING,distance=0.00m; nom=0.00; commune=0.00; priorite=4
e60088e9-cf94-4e41-ae65-a5390866b4b8,0b407cef-3169-4642-bab5-f86db4fc82d4,a2c07957-26ee-458a-8a4e-fa1871c43a14,infra.rejet_domestique,99,8d5f54a6-f185-44eb-802d-077e9776e2b3,0.0,0.5400,DUPLICATE_EXACT,,TIG_PDOM1_R7,,Tigrigra,REJET_DOMESTIQUE,infra.rejet_inventaire_pollution,MANUAL_REVIEW_REQUIRED,1,PENDING,distance=0.00m; nom=0.00; commune=0.00; priorite=4
e60088e9-cf94-4e41-ae65-a5390866b4b8,32d8d9f6-5aff-49f6-8dfb-069d73a0742e,dd210468-c67e-4c84-b2a3-2a94482de478,infra.rejet_domestique,62,d8b6da3e-822b-4e26-ae34-749569fc318b,0.0,0.5400,DUPLICATE_EXACT,,SBA_DOM1_R3,,Sebaa Ayoun,REJET_DOMESTIQUE,infra.rejet_inventaire_pollution,MANUAL_REVIEW_REQUIRED,1,PENDING,distance=0.00m; nom=0.00; commune=0.00; priorite=4
e60088e9-cf94-4e41-ae65-a5390866b4b8,817ba4b4-8e35-4945-b711-6705c58f1b27,6995cb90-ba6e-44db-89fc-81198d8eca41,infra.rejet_domestique,64,0957a984-48d1-443e-a8e6-9ed598737891,0.0,0.5400,DUPLICATE_EXACT,,SBA_DOM1_R2,,Sebaa Ayoun,REJET_DOMESTIQUE,infra.rejet_inventaire_pollution,MANUAL_REVIEW_REQUIRED,1,PENDING,distance=0.00m; nom=0.00; commune=0.00; priorite=4
e60088e9-cf94-4e41-ae65-a5390866b4b8,2952698c-8a51-470e-9c8b-474407e2abc6,04ec682a-47d9-417c-bef3-3dd9aeb2128c,infra.rejet_domestique,150,c13c27e3-c10d-46f5-b7d1-37bb942590c6,0.0,0.5400,DUPLICATE_EXACT,,SYB_DOM_R1,,SIDI YOUSSEF BEN AHMED,REJET_DOMESTIQUE,infra.rejet_inventaire_pollution,MANUAL_REVIEW_REQUIRED,1,PENDING,distance=0.00m; nom=0.00; commune=0.00; priorite=4
e60088e9-cf94-4e41-ae65-a5390866b4b8,ca702728-775e-4bc1-9539-da1e05e97e31,063e1e47-6ee6-4f0c-9d45-96ed6c72bc41,infra.rejet_domestique,282,3c30c4ec-e520-4964-8c12-7b91d51e439e,0.0,0.5400,DUPLICATE_EXACT,,RG-SAL-2,,Sidi alal el bahraoui,REJET_DOMESTIQUE,infra.rejet_inventaire_pollution,MANUAL_REVIEW_REQUIRED,1,PENDING,distance=0.00m; nom=0.00; commune=0.00; priorite=4
e60088e9-cf94-4e41-ae65-a5390866b4b8,776d96f9-c9e9-44bd-830b-786ea5c45836,2c10760c-5465-4473-a4c7-c0e9e94f2b8e,infra.rejet_domestique,284,5fe5b2a6-3933-4989-9c98-612b78f064fa,0.0,0.5400,DUPLICATE_EXACT,,RG-1,,Ait ouribel,REJET_DOMESTIQUE,infra.rejet_inventaire_pollution,MANUAL_REVIEW_REQUIRED,1,PENDING,distance=0.00m; nom=0.00; commune=0.00; priorite=4
e60088e9-cf94-4e41-ae65-a5390866b4b8,8e5275ad-a51d-4c35-995b-a2847fa8edd6,d8126251-6305-4ea0-970c-80a41de7d617,infra.rejet_domestique,300,94208ea8-7b3a-45cf-b9b3-6f0eaf2e68c1,0.0,0.5400,DUPLICATE_EXACT,,RG-MQT-1,,Mqam tolba,REJET_DOMESTIQUE,infra.rejet_inventaire_pollution,MANUAL_REVIEW_REQUIRED,1,PENDING,distance=0.00m; nom=0.00; commune=0.00; priorite=4
e60088e9-cf94-4e41-ae65-a5390866b4b8,b2f97f5e-ffe5-4609-91a8-027c211523f2,42474610-04a6-4987-928e-111925492024,infra.rejet_domestique,144,5ec71bef-966b-46dc-be43-1e6c227edae9,0.0,0.5400,DUPLICATE_EXACT,,RAT_DOM_R1,,RAS TABOUDA,REJET_DOMESTIQUE,infra.rejet_inventaire_pollution,MANUAL_REVIEW_REQUIRED,1,PENDING,distance=0.00m; nom=0.00; commune=0.00; priorite=4
e60088e9-cf94-4e41-ae65-a5390866b4b8,e6bb4c36-0df6-4fd0-b7ad-49c49e870830,933ff701-8697-4824-bc48-7615da32bab1,infra.rejet_domestique,159,7612da21-9b56-4346-bcc6-030468e257a0,0.0,0.5400,DUPLICATE_EXACT,,TNT_PDS_R7,,TAOUNATE,REJET_DOMESTIQUE,infra.rejet_inventaire_pollution,MANUAL_REVIEW_REQUIRED,1,PENDING,distance=0.00m; nom=0.00; commune=0.00; priorite=4
e60088e9-cf94-4e41-ae65-a5390866b4b8,c9ced512-4dbc-4173-829f-5f755982ec3d,b140d974-015a-466f-80bc-1f3a4377028a,infra.rejet_domestique,160,ff2da265-8f9e-4ef1-8ea3-cb5c53e4757b,0.0,0.5400,DUPLICATE_EXACT,,TNT_PDS_R5,,TAOUNATE,REJET_DOMESTIQUE,infra.rejet_inventaire_pollution,MANUAL_REVIEW_REQUIRED,1,PENDING,distance=0.00m; nom=0.00; commune=0.00; priorite=4
e60088e9-cf94-4e41-ae65-a5390866b4b8,67d654af-f2d4-461f-8d44-5fa82efe577f,dc7e6ac6-8333-4f5c-9a9f-e5d2ad62eb72,infra.rejet_domestique,161,f5b1bf11-7d9d-4c9e-b647-51e6d39a1a4a,0.0,0.5400,DUPLICATE_EXACT,,TNT_PDS_R6,,TAOUNATE,REJET_DOMESTIQUE,infra.rejet_inventaire_pollution,MANUAL_REVIEW_REQUIRED,1,PENDING,distance=0.00m; nom=0.00; commune=0.00; priorite=4
e60088e9-cf94-4e41-ae65-a5390866b4b8,500ee6bc-1ee4-4a8a-88ac-78e3c78e6804,ca17ab3e-b5cc-4236-9e5a-30fa90387cf2,infra.rejet_domestique,162,23cadc99-9efb-446a-ae07-6b8f3eaeee22,0.0,0.5400,DUPLICATE_EXACT,,TNT_PDS_R2,,TAOUNATE,REJET_DOMESTIQUE,infra.rejet_inventaire_pollution,MANUAL_REVIEW_REQUIRED,1,PENDING,distance=0.00m; nom=0.00; commune=0.00; priorite=4
e60088e9-cf94-4e41-ae65-a5390866b4b8,770ca88e-af01-4e2c-ac1a-48f80fea4380,85bfbf3a-d7ff-4e81-8932-ff31c16656ec,infra.rejet_domestique,163,5e8b2db6-b895-4ffb-84d5-4cbe7bc40831,0.0,0.5400,DUPLICATE_EXACT,,TNT_PDS_R3,,TAOUNATE,REJET_DOMESTIQUE,infra.rejet_inventaire_pollution,MANUAL_REVIEW_REQUIRED,1,PENDING,distance=0.00m; nom=0.00; commune=0.00; priorite=4
e60088e9-cf94-4e41-ae65-a5390866b4b8,f9f86c88-08b9-4024-a0ee-67903635b109,984e9ab2-b998-4d61-a241-d216ce0eec23,infra.rejet_domestique,164,f0e40aef-c167-43df-8a3f-4a09df24018f,0.0,0.5400,DUPLICATE_EXACT,,TNT_PDS_R4,,TAOUNATE,REJET_DOMESTIQUE,infra.rejet_inventaire_pollution,MANUAL_REVIEW_REQUIRED,1,PENDING,distance=0.00m; nom=0.00; commune=0.00; priorite=4
e60088e9-cf94-4e41-ae65-a5390866b4b8,0fbb704d-7e02-4885-b35f-642ec551dc66,61e2672a-1a7a-4558-a41d-22ee519d4b3b,infra.rejet_domestique,291,3d4b39cf-6cdf-4463-adfb-98e8bb8ec9f3,0.0,0.5400,DUPLICATE_EXACT,,RG-SFF-1,,SFASSIF,REJET_DOMESTIQUE,infra.rejet_inventaire_pollution,MANUAL_REVIEW_REQUIRED,1,PENDING,distance=0.00m; nom=0.00; commune=0.00; priorite=4
e60088e9-cf94-4e41-ae65-a5390866b4b8,c5dcc333-8773-41e7-9559-25aae31f9461,0d656c8f-d490-4f8a-b827-ab36e9ee9599,infra.rejet_domestique,31,7b51f64a-5c51-420c-ab7c-65b9b664338a,0.0,0.5400,DUPLICATE_EXACT,,MOKR_PDOM_R1,,Mokrisset,REJET_DOMESTIQUE,infra.rejet_inventaire_pollution,MANUAL_REVIEW_REQUIRED,1,PENDING,distance=0.00m; nom=0.00; commune=0.00; priorite=4
e60088e9-cf94-4e41-ae65-a5390866b4b8,5ce702e2-f9d7-45ce-9da0-3c37ac5631e4,0faff0c4-de77-4e7f-8a2f-15d864c30f75,infra.rejet_domestique,61,40586a7e-0b13-4b88-a442-1d76035ec72a,0.0,0.5400,DUPLICATE_EXACT,,ATJ_DOM1_R2,,Ain Taoujdate,REJET_DOMESTIQUE,infra.rejet_inventaire_pollution,MANUAL_REVIEW_REQUIRED,1,PENDING,distance=0.00m; nom=0.00; commune=0.00; priorite=4
e60088e9-cf94-4e41-ae65-a5390866b4b8,6122d2d3-b5bd-41cc-8482-1da165e78084,4a047931-c182-42e3-b919-23b1d656d58a,infra.rejet_domestique,184,79fcb5b6-9b72-4e76-911a-fefb9edc8a5e,0.0,0.5400,DUPLICATE_EXACT,,BHD_PDS_R1,,BOUHOUDA,REJET_DOMESTIQUE,infra.rejet_inventaire_pollution,MANUAL_REVIEW_REQUIRED,1,PENDING,distance=0.00m; nom=0.00; commune=0.00; priorite=4
e60088e9-cf94-4e41-ae65-a5390866b4b8,a0790bb2-4cac-4793-b199-cb654af0eb86,69df2f0c-c0e6-4f20-aa9c-a25ffc78271f,infra.rejet_domestique,53,573d8dcf-531e-4fae-8318-be3e6691bb28,0.0,0.5400,DUPLICATE_EXACT,,CHQ_DOM_R1,,Charqaoua,REJET_DOMESTIQUE,infra.rejet_inventaire_pollution,MANUAL_REVIEW_REQUIRED,1,PENDING,distance=0.00m; nom=0.00; commune=0.00; priorite=4
e60088e9-cf94-4e41-ae65-a5390866b4b8,73028e2c-fd65-476e-870a-ec6a955aadf9,e888ba8d-832e-4eff-946f-fda6ca69650a,infra.rejet_domestique,54,8810ce4f-eb18-42f8-9dcb-c8675e3e1128,0.0,0.5400,DUPLICATE_EXACT,,CHQ_DOM_R2,,Charqaoua,REJET_DOMESTIQUE,infra.rejet_inventaire_pollution,MANUAL_REVIEW_REQUIRED,1,PENDING,distance=0.00m; nom=0.00; commune=0.00; priorite=4
e60088e9-cf94-4e41-ae65-a5390866b4b8,0db57c93-1a59-4de4-a90c-aa0fd76ba890,821f9ec5-ce25-4b79-8d12-9cc1dc963613,infra.rejet_domestique,328,b051dc69-6ba6-432f-97e8-7fcf476500be,0.0,0.5400,DUPLICATE_EXACT,,JEM_DOM_R3,,Lamrabih,REJET_DOMESTIQUE,infra.rejet_inventaire_pollution,MANUAL_REVIEW_REQUIRED,1,PENDING,distance=0.00m; nom=0.00; commune=0.00; priorite=4
e60088e9-cf94-4e41-ae65-a5390866b4b8,d5373d68-318f-4a9c-a26d-c904b05b2550,8bf78e94-e58e-456c-8850-bca51c6bf079,infra.rejet_domestique,302,58f81215-6afa-4568-bde4-f90db66f05be,0.0,0.5400,DUPLICATE_EXACT,,JEM_DOM_R1,,Jorf El Melha,REJET_DOMESTIQUE,infra.rejet_inventaire_pollution,MANUAL_REVIEW_REQUIRED,1,PENDING,distance=0.00m; nom=0.00; commune=0.00; priorite=4
e60088e9-cf94-4e41-ae65-a5390866b4b8,24d8435e-a138-4e6d-b481-77472e61e0a3,3abe0604-6fd1-4116-8a50-4bb81d243a39,infra.rejet_domestique,303,e3885aea-2998-40e0-bc18-12c8d70c6bdb,0.0,0.5400,DUPLICATE_EXACT,,JEM_DOM_R2,,Jorf El Melha,REJET_DOMESTIQUE,infra.rejet_inventaire_pollution,MANUAL_REVIEW_REQUIRED,1,PENDING,distance=0.00m; nom=0.00; commune=0.00; priorite=4
e60088e9-cf94-4e41-ae65-a5390866b4b8,965ddffa-dede-450d-8ea8-cd67736493e6,43dac833-4c1b-4f9f-9c39-b1659207731f,infra.rejet_domestique,319,bed2e7ed-0abe-4b17-95d3-649e3619855b,0.0,0.5400,DUPLICATE_EXACT,,SAZ_DOM_R1,,Sidi Azzouz,REJET_DOMESTIQUE,infra.rejet_inventaire_pollution,MANUAL_REVIEW_REQUIRED,1,PENDING,distance=0.00m; nom=0.00; commune=0.00; priorite=4
e60088e9-cf94-4e41-ae65-a5390866b4b8,1fcb05a0-71f6-4c06-8963-893137529629,dc89c217-9797-4bea-b045-7b7b44cd321b,infra.rejet_domestique,320,4f1044db-2cd3-46fb-86ec-6c081d010a37,0.0,0.5400,DUPLICATE_EXACT,,SAZ_DOM_R2,,Sidi Azzouz,REJET_DOMESTIQUE,infra.rejet_inventaire_pollution,MANUAL_REVIEW_REQUIRED,1,PENDING,distance=0.00m; nom=0.00; commune=0.00; priorite=4
e60088e9-cf94-4e41-ae65-a5390866b4b8,250d6439-5b41-4ffa-a621-0ccbc17bb6f4,936dbfa2-44a7-4aea-91ce-7776b9490f4c,infra.rejet_domestique,180,d3220ee8-9027-4c7f-8d62-82674583299e,0.0,0.5400,DUPLICATE_EXACT,,MKS_DOM_R1,,Mkansa,REJET_DOMESTIQUE,infra.rejet_inventaire_pollution,MANUAL_REVIEW_REQUIRED,1,PENDING,distance=0.00m; nom=0.00; commune=0.00; priorite=4
e60088e9-cf94-4e41-ae65-a5390866b4b8,f00517d9-8e2d-4aaf-b850-cab27e177228,ee52ac34-f192-4023-8bf9-d69291820998,infra.rejet_domestique,245,01cea633-7877-43cf-8a61-0f10fd879ade,0.0,0.5400,DUPLICATE_EXACT,,LOD_DOM_R2,,Louadaine,REJET_DOMESTIQUE,infra.rejet_inventaire_pollution,MANUAL_REVIEW_REQUIRED,1,PENDING,distance=0.00m; nom=0.00; commune=0.00; priorite=4
e60088e9-cf94-4e41-ae65-a5390866b4b8,1c7e99ba-0e69-44de-a659-d6b2ff640aec,d551f288-52b9-4368-981f-aacff30c1738,infra.rejet_domestique,247,13e90ac7-adb8-4b02-a593-af08a87bb16f,0.0,0.5400,DUPLICATE_EXACT,,LOD_DOM_R3,,Louadaine,REJET_DOMESTIQUE,infra.rejet_inventaire_pollution,MANUAL_REVIEW_REQUIRED,1,PENDING,distance=0.00m; nom=0.00; commune=0.00; priorite=4
e60088e9-cf94-4e41-ae65-a5390866b4b8,7309fdd6-19c3-49b9-8a06-033cf8c8b6c5,02f0afe4-bd8c-4639-b6b6-d1cae099994a,infra.rejet_domestique,329,6d28e4d0-34c9-4a40-b1b4-e812f6bfa3f8,0.0,0.5400,DUPLICATE_EXACT,,SMC_DOM_R1,,Sidi M'Hamed Chelh,REJET_DOMESTIQUE,infra.rejet_inventaire_pollution,MANUAL_REVIEW_REQUIRED,1,PENDING,distance=0.00m; nom=0.00; commune=0.00; priorite=4
e60088e9-cf94-4e41-ae65-a5390866b4b8,eb880f66-f3ef-45b9-ade5-fc520aac614c,940ac061-0e53-4938-95d6-0c408ae07a14,infra.rejet_domestique,28,3c4e28be-a7ca-4d00-9b88-399c48c37f35,0.0,0.5400,DUPLICATE_EXACT,,SDR_PDOM_R1,,Sidi Redouane,REJET_DOMESTIQUE,infra.rejet_inventaire_pollution,MANUAL_REVIEW_REQUIRED,1,PENDING,distance=0.00m; nom=0.00; commune=0.00; priorite=4
e60088e9-cf94-4e41-ae65-a5390866b4b8,731bb0bd-4d1a-4e7f-87c4-59e14341d752,32d5991e-a771-42a1-8da8-7c8a835f7b30,infra.rejet_domestique,87,b7ba58fe-351e-4f1a-b13e-01c91733ce12,0.0,0.5400,DUPLICATE_EXACT,,ALH_PDOM1_R4,,Ain Leuh,REJET_DOMESTIQUE,infra.rejet_inventaire_pollution,MANUAL_REVIEW_REQUIRED,1,PENDING,distance=0.00m; nom=0.00; commune=0.00; priorite=4
e60088e9-cf94-4e41-ae65-a5390866b4b8,3400022f-3a10-4267-a74e-fef28e03b305,b37b3d14-2727-4a0b-9511-0b47dcec76ae,infra.rejet_domestique,90,c6df629c-8d51-4e80-844f-0c302c380191,0.0,0.5400,DUPLICATE_EXACT,,BSM_PDOM1_R1,,Ben Smim,REJET_DOMESTIQUE,infra.rejet_inventaire_pollution,MANUAL_REVIEW_REQUIRED,1,PENDING,distance=0.00m; nom=0.00; commune=0.00; priorite=4
e60088e9-cf94-4e41-ae65-a5390866b4b8,2bbd8f6b-facd-41bf-8a65-84180b55b059,bc1f08eb-f47d-40c8-bf37-1044254a5fe4,infra.rejet_domestique,34,9f8abd55-e48a-4620-86cd-23dcbcb5091b,0.0,0.5400,DUPLICATE_EXACT,,ZOM_PDOM_R1,,Zoumi,REJET_DOMESTIQUE,infra.rejet_inventaire_pollution,MANUAL_REVIEW_REQUIRED,1,PENDING,distance=0.00m; nom=0.00; commune=0.00; priorite=4
e60088e9-cf94-4e41-ae65-a5390866b4b8,7422c809-0307-41bb-9421-9cdcc2ff3723,6ee8fd0d-a775-4368-a4cf-585153cc0531,infra.rejet_domestique,298,83279a5b-9109-41df-afaa-fd4920c551aa,0.0,0.5400,DUPLICATE_EXACT,,Narjiss,,Ait malek,REJET_DOMESTIQUE,infra.rejet_inventaire_pollution,MANUAL_REVIEW_REQUIRED,1,PENDING,distance=0.00m; nom=0.00; commune=0.00; priorite=4
e60088e9-cf94-4e41-ae65-a5390866b4b8,546f2b60-8473-46a1-ade2-3ddf8aac1add,bc59311d-f967-43f2-8c6b-f93abb395197,infra.rejet_domestique,299,76b72637-5c02-4968-9d0b-f08169c1c277,0.0,0.5400,DUPLICATE_EXACT,,Jawharat,,Ait malek,REJET_DOMESTIQUE,infra.rejet_inventaire_pollution,MANUAL_REVIEW_REQUIRED,1,PENDING,distance=0.00m; nom=0.00; commune=0.00; priorite=4
e60088e9-cf94-4e41-ae65-a5390866b4b8,96a41f1a-4d7f-481e-b45e-4d4d71cb05db,67f62194-5ba3-458a-b2cd-31132a233715,infra.rejet_domestique,97,f29b5883-6f5d-4fd6-881d-3c4a898a1b9c,0.0,0.5400,DUPLICATE_EXACT,,TIG_PDOM1_R4,,Tigrigra,REJET_DOMESTIQUE,infra.rejet_inventaire_pollution,MANUAL_REVIEW_REQUIRED,1,PENDING,distance=0.00m; nom=0.00; commune=0.00; priorite=4
e60088e9-cf94-4e41-ae65-a5390866b4b8,f5c8463f-b6bc-4c58-b260-892ec53968d1,29bdb024-570a-4031-8447-0dfdbd03f99c,infra.rejet_domestique,191,79db90d6-9ecf-40dc-a64c-e3bc9f587aae,0.0,0.5400,DUPLICATE_EXACT,,AIL_DOM_R1,,Ain Legdah,REJET_DOMESTIQUE,infra.rejet_inventaire_pollution,MANUAL_REVIEW_REQUIRED,1,PENDING,distance=0.00m; nom=0.00; commune=0.00; priorite=4
e60088e9-cf94-4e41-ae65-a5390866b4b8,dfc81c1d-47fd-4901-a56f-e5fd27640397,a2d9191c-67ed-4579-bf18-752cfbc6da80,infra.rejet_domestique,143,40e1aee2-136a-4a83-84a6-9007769970ea,0.0,0.5400,DUPLICATE_EXACT,,BTT_DOM_R1,,BIR TAM TAM,REJET_DOMESTIQUE,infra.rejet_inventaire_pollution,MANUAL_REVIEW_REQUIRED,1,PENDING,distance=0.00m; nom=0.00; commune=0.00; priorite=4
e60088e9-cf94-4e41-ae65-a5390866b4b8,30220321-9350-46c3-8269-d5bf961c8681,4edd39ca-7da0-44fb-9c41-65e5a75e4adb,infra.rejet_domestique,68,6ed81096-f1db-4310-b678-17c7535efe6f,0.0,0.5400,DUPLICATE_EXACT,,ABO_DOM1_R4,,Ait boubidmane,REJET_DOMESTIQUE,infra.rejet_inventaire_pollution,MANUAL_REVIEW_REQUIRED,1,PENDING,distance=0.00m; nom=0.00; commune=0.00; priorite=4
e60088e9-cf94-4e41-ae65-a5390866b4b8,815dfa20-81ed-409c-9497-bca7501206f1,04b66e07-1d6d-4b09-9c26-8d7065f5cece,infra.rejet_domestique,71,5b63df2f-cdd7-4f87-acf2-462d1d016a71,0.0,0.5400,DUPLICATE_EXACT,,ABO_DOM1_R3,,Ait boubidmane,REJET_DOMESTIQUE,infra.rejet_inventaire_pollution,MANUAL_REVIEW_REQUIRED,1,PENDING,distance=0.00m; nom=0.00; commune=0.00; priorite=4
e60088e9-cf94-4e41-ae65-a5390866b4b8,c86ebea1-8162-40b1-a305-b74d03c64fff,cd55030b-17ca-4daf-8c4e-6972edc5b937,infra.rejet_domestique,105,e2e29d6c-2469-46e0-9353-596a923a44bc,0.0,0.5400,DUPLICATE_EXACT,,TMH_PDOM1_R2,,Timahdit,REJET_DOMESTIQUE,infra.rejet_inventaire_pollution,MANUAL_REVIEW_REQUIRED,1,PENDING,distance=0.00m; nom=0.00; commune=0.00; priorite=4
e60088e9-cf94-4e41-ae65-a5390866b4b8,2cd47501-8227-4f2e-aefa-dab777d1d100,63339a83-7f76-4fc4-bd21-a5358e762355,infra.rejet_domestique,83,c379b7b4-39ad-407b-9bf6-6b8b1ea86c9d,0.0,0.5400,DUPLICATE_EXACT,,ALH_PDOM1_R5,,Ain Leuh,REJET_DOMESTIQUE,infra.rejet_inventaire_pollution,MANUAL_REVIEW_REQUIRED,1,PENDING,distance=0.00m; nom=0.00; commune=0.00; priorite=4
e60088e9-cf94-4e41-ae65-a5390866b4b8,aebc2bf5-40a8-432a-bd33-9511d8efa5d5,2ae0e5ba-fdad-4ada-ab3a-612d72df6462,infra.rejet_domestique,84,24940a45-7bbd-46f1-b667-a1238a6af973,0.0,0.5400,DUPLICATE_EXACT,,ALH_PDOM1_R6,,Ain Leuh,REJET_DOMESTIQUE,infra.rejet_inventaire_pollution,MANUAL_REVIEW_REQUIRED,1,PENDING,distance=0.00m; nom=0.00; commune=0.00; priorite=4
e60088e9-cf94-4e41-ae65-a5390866b4b8,482033dd-55c4-4ccd-88c9-a3297f1fcf3d,2b799ffe-a72f-4ea4-bd69-cc5373e6f466,infra.rejet_domestique,98,b91a55e9-17d5-4d50-b747-7da12e73f83e,0.0,0.5400,DUPLICATE_EXACT,,TIG_PDOM1_R5,,Tigrigra,REJET_DOMESTIQUE,infra.rejet_inventaire_pollution,MANUAL_REVIEW_REQUIRED,1,PENDING,distance=0.00m; nom=0.00; commune=0.00; priorite=4
e60088e9-cf94-4e41-ae65-a5390866b4b8,4665f192-7b4a-4ec0-8e3c-1397f1a87892,c0a121f2-4f16-4d16-b4e4-05c97a993316,infra.rejet_domestique,25,527c159f-7915-4e62-9f8f-5f2ed7567504,0.0,0.5400,DUPLICATE_EXACT,,LMJ_DOM,,Lamjaara,REJET_DOMESTIQUE,infra.rejet_inventaire_pollution,MANUAL_REVIEW_REQUIRED,1,PENDING,distance=0.00m; nom=0.00; commune=0.00; priorite=4
e60088e9-cf94-4e41-ae65-a5390866b4b8,b8e66a6d-0b4e-4089-9515-c8c7ba27cca1,76e9397f-934e-41c4-9d45-e01fd7675896,infra.rejet_domestique,212,7ca7912b-c53f-4240-9e81-921ba0183f9b,0.0,0.5400,DUPLICATE_EXACT,,OZ_DECH_R2,,Ouled zbair,REJET_DOMESTIQUE,infra.rejet_inventaire_pollution,MANUAL_REVIEW_REQUIRED,1,PENDING,distance=0.00m; nom=0.00; commune=0.00; priorite=4
e60088e9-cf94-4e41-ae65-a5390866b4b8,047e2957-71f2-4c64-b06c-d73b9cd4c75b,8fda0f46-5576-4deb-a797-899a13c389e0,infra.rejet_domestique,213,f77f63fc-d744-443d-ba71-38bf50bdbf67,0.0,0.5400,DUPLICATE_EXACT,,OZ_DECH_R1,,Ouled zbair,REJET_DOMESTIQUE,infra.rejet_inventaire_pollution,MANUAL_REVIEW_REQUIRED,1,PENDING,distance=0.00m; nom=0.00; commune=0.00; priorite=4
e60088e9-cf94-4e41-ae65-a5390866b4b8,46553d36-b677-4459-9f22-bc14497d66b3,b3c64742-728f-4250-8848-b2438486e7b1,infra.rejet_domestique,353,bb841ec1-e896-4925-82e3-757cc07a5705,0.0,0.5400,DUPLICATE_EXACT,,DBA_DOM1_R2,,Dar bel amri,REJET_DOMESTIQUE,infra.rejet_inventaire_pollution,MANUAL_REVIEW_REQUIRED,1,PENDING,distance=0.00m; nom=0.00; commune=0.00; priorite=4
e60088e9-cf94-4e41-ae65-a5390866b4b8,50efa9bb-b793-4f5b-b2c8-90a131b9255d,befc0d03-d472-46ff-93a5-80cb1da2367c,infra.rejet_domestique,354,6322e74c-59c7-48f5-9212-a7720132830c,0.0,0.5400,DUPLICATE_EXACT,,DBA_DOM1_R1,,Dar bel amri,REJET_DOMESTIQUE,infra.rejet_inventaire_pollution,MANUAL_REVIEW_REQUIRED,1,PENDING,distance=0.00m; nom=0.00; commune=0.00; priorite=4
e60088e9-cf94-4e41-ae65-a5390866b4b8,6e739428-4560-42ef-a85a-2609f2c4ae0d,3be8263d-0d7d-4265-8022-52ac69d68455,infra.rejet_domestique,69,27cc49fd-37a8-4e7a-93ce-d922293e706e,0.0,0.5400,DUPLICATE_EXACT,,ABO_DOM1_R1,,Ait boubidmane,REJET_DOMESTIQUE,infra.rejet_inventaire_pollution,MANUAL_REVIEW_REQUIRED,1,PENDING,distance=0.00m; nom=0.00; commune=0.00; priorite=4
e60088e9-cf94-4e41-ae65-a5390866b4b8,8a387e3a-7f2a-44bc-b46f-bbff4c8afaf7,a9f54282-fe1f-4150-b36f-e6d9743b6c66,infra.rejet_domestique,70,1218e779-e8da-4748-9e41-b6eb3f07b9e6,0.0,0.5400,DUPLICATE_EXACT,,ABO_DOM1_R2,,Ait boubidmane,REJET_DOMESTIQUE,infra.rejet_inventaire_pollution,MANUAL_REVIEW_REQUIRED,1,PENDING,distance=0.00m; nom=0.00; commune=0.00; priorite=4
e60088e9-cf94-4e41-ae65-a5390866b4b8,ea0db534-de11-4ef6-92b0-c362ad9c3848,1fb87a1e-2cdf-4a34-a4e0-f725552b0ab1,infra.rejet_domestique,88,271937d0-0593-4e79-9c30-ec349f803b55,0.0,0.5400,DUPLICATE_EXACT,,ALH_PDOM1_R1,,Ain Leuh,REJET_DOMESTIQUE,infra.rejet_inventaire_pollution,MANUAL_REVIEW_REQUIRED,1,PENDING,distance=0.00m; nom=0.00; commune=0.00; priorite=4
e60088e9-cf94-4e41-ae65-a5390866b4b8,86a94849-4035-405d-8142-039de756af6d,b7f61c7e-8634-41c2-9fc9-90437eb32fb7,infra.rejet_domestique,85,b4a3606f-42d9-47b0-a021-b89c76801ce3,0.0,0.5400,DUPLICATE_EXACT,,ALH_PDOM1_R2,,Ain Leuh,REJET_DOMESTIQUE,infra.rejet_inventaire_pollution,MANUAL_REVIEW_REQUIRED,1,PENDING,distance=0.00m; nom=0.00; commune=0.00; priorite=4
e60088e9-cf94-4e41-ae65-a5390866b4b8,a1e28973-64f4-40a9-a0d4-2f714fcb5418,6df39db2-45cb-4f4a-8afb-f1d253b1114e,infra.rejet_domestique,86,b4a3606f-42d9-47b0-a021-b89c76801ce3,0.0,0.5400,DUPLICATE_EXACT,,ALH_PDOM1_R2,,Ain Leuh,REJET_DOMESTIQUE,infra.rejet_inventaire_pollution,MANUAL_REVIEW_REQUIRED,1,PENDING,distance=0.00m; nom=0.00; commune=0.00; priorite=4
e60088e9-cf94-4e41-ae65-a5390866b4b8,a538e4a6-512c-47a5-89dc-228e1638085e,1adc5bb9-c055-4bd7-8d91-cd7e9435f659,infra.rejet_domestique,46,2e98fc61-06f4-45c2-8544-cb7c056676ac,0.0,0.5400,DUPLICATE_EXACT,,AOR_PDOM1_R1,,Ain ORMA,REJET_DOMESTIQUE,infra.rejet_inventaire_pollution,MANUAL_REVIEW_REQUIRED,1,PENDING,distance=0.00m; nom=0.00; commune=0.00; priorite=4
e60088e9-cf94-4e41-ae65-a5390866b4b8,f645f0de-5da4-4e71-af04-09bc2131c184,868a8154-c80c-4704-8e74-3abeecf1c5f9,infra.rejet_domestique,167,1c710ba7-e9d6-4f32-a35f-6ac07fcdee1b,0.0,0.5400,DUPLICATE_EXACT,,THS_PDS_R3,,TAHER SOUK,REJET_DOMESTIQUE,infra.rejet_inventaire_pollution,MANUAL_REVIEW_REQUIRED,1,PENDING,distance=0.00m; nom=0.00; commune=0.00; priorite=4
e60088e9-cf94-4e41-ae65-a5390866b4b8,17160379-0734-40e0-9fd9-e27033f56936,41af5ffa-7798-4c68-83e9-ffbecccba23f,infra.rejet_domestique,152,d58f0417-169c-400e-a257-5f05a46e88e3,0.0,0.5400,DUPLICATE_EXACT,,GFS_PDS_R3,,GHAFSAI,REJET_DOMESTIQUE,infra.rejet_inventaire_pollution,MANUAL_REVIEW_REQUIRED,1,PENDING,distance=0.00m; nom=0.00; commune=0.00; priorite=4
e60088e9-cf94-4e41-ae65-a5390866b4b8,3c3443d0-1e7f-48ba-8efb-a497a2a9a395,2f8d1887-1bae-451a-bc4e-9fef980d8036,infra.rejet_domestique,153,00317f67-e733-4fbc-a862-765896b80eff,0.0,0.5400,DUPLICATE_EXACT,,GFS_PDS_R4,,GHAFSAI,REJET_DOMESTIQUE,infra.rejet_inventaire_pollution,MANUAL_REVIEW_REQUIRED,1,PENDING,distance=0.00m; nom=0.00; commune=0.00; priorite=4
e60088e9-cf94-4e41-ae65-a5390866b4b8,e2bed494-9c18-47b1-b8b8-1cd5c749ad9c,8dcc8302-b4a2-4adf-b1cb-feb646af7ea6,infra.rejet_domestique,154,54fde838-ac36-4622-b880-17a8764eb676,0.0,0.5400,DUPLICATE_EXACT,,GFS_PDS_R2,,GHAFSAI,REJET_DOMESTIQUE,infra.rejet_inventaire_pollution,MANUAL_REVIEW_REQUIRED,1,PENDING,distance=0.00m; nom=0.00; commune=0.00; priorite=4
e60088e9-cf94-4e41-ae65-a5390866b4b8,081c2958-6186-4925-85a5-28ad676ff8a4,a36dd2f2-a336-4990-8f47-2510acfb57aa,infra.rejet_domestique,155,07644ff1-d393-4c4f-a36a-af1f943782ea,0.0,0.5400,DUPLICATE_EXACT,,GFS_PDS_R5,,GHAFSAI,REJET_DOMESTIQUE,infra.rejet_inventaire_pollution,MANUAL_REVIEW_REQUIRED,1,PENDING,distance=0.00m; nom=0.00; commune=0.00; priorite=4
e60088e9-cf94-4e41-ae65-a5390866b4b8,c2886283-51bf-4e2d-8b21-a54814a380a6,17934e72-1a01-4963-931b-784984989b9c,infra.rejet_domestique,156,56616587-5ea8-4164-b5bc-8bcafbce7809,0.0,0.5400,DUPLICATE_EXACT,,GFS_PDS_R1,,GHAFSAI,REJET_DOMESTIQUE,infra.rejet_inventaire_pollution,MANUAL_REVIEW_REQUIRED,1,PENDING,distance=0.00m; nom=0.00; commune=0.00; priorite=4
e60088e9-cf94-4e41-ae65-a5390866b4b8,5a3177a9-d204-4faf-bc3b-a4b67e9b9dba,1a3c9259-1e71-4e20-a64f-f9e6fca31a52,infra.rejet_domestique,66,2e99deb7-1365-477e-bc88-1d2efd4d3994,0.0,0.5400,DUPLICATE_EXACT,,SJH_DOM1_R2,,Sebt Jahjouh,REJET_DOMESTIQUE,infra.rejet_inventaire_pollution,MANUAL_REVIEW_REQUIRED,1,PENDING,distance=0.00m; nom=0.00; commune=0.00; priorite=4
e60088e9-cf94-4e41-ae65-a5390866b4b8,b9358794-015e-41ee-85c7-f73747d7b8ce,e61855f8-02f1-42cc-8f08-bdf6ba14ac6b,infra.rejet_domestique,67,faa59d41-e144-4507-9b57-66602148bf72,0.0,0.5400,DUPLICATE_EXACT,,SJH_DOM1_R1,,Sebt Jahjouh,REJET_DOMESTIQUE,infra.rejet_inventaire_pollution,MANUAL_REVIEW_REQUIRED,1,PENDING,distance=0.00m; nom=0.00; commune=0.00; priorite=4
e60088e9-cf94-4e41-ae65-a5390866b4b8,429f0a99-e6ae-4540-bdb4-2c1cca800773,30e2644f-bb5b-4b23-bc3b-f0fcc2600507,infra.rejet_domestique,285,2171edbf-a01f-43cc-9ccc-8cf7869cdbec,0.0,0.5400,DUPLICATE_EXACT,,RG-AIS-1,,Ait siberne,REJET_DOMESTIQUE,infra.rejet_inventaire_pollution,MANUAL_REVIEW_REQUIRED,1,PENDING,distance=0.00m; nom=0.00; commune=0.00; priorite=4
e60088e9-cf94-4e41-ae65-a5390866b4b8,62dee0fe-b18f-4d14-9f40-7c6063118688,f4c02c6c-7c42-461f-ae2d-9eed9a8270c3,infra.rejet_domestique,286,f95c35c4-29ef-41b2-8e63-5a0930d13660,0.0,0.5400,DUPLICATE_EXACT,,RG-AIS-2,,Ait siberne,REJET_DOMESTIQUE,infra.rejet_inventaire_pollution,MANUAL_REVIEW_REQUIRED,1,PENDING,distance=0.00m; nom=0.00; commune=0.00; priorite=4
e60088e9-cf94-4e41-ae65-a5390866b4b8,1ebbcc43-414b-42b9-a5cf-a31acd496ee5,0a5c8ec3-8109-4315-bd20-90e5831cbd5a,infra.rejet_domestique,265,df82349f-52e4-403a-ae69-e18630fea11a,0.0,0.5400,DUPLICATE_EXACT,,MOG_DOM_R1,,Mograne,REJET_DOMESTIQUE,infra.rejet_inventaire_pollution,MANUAL_REVIEW_REQUIRED,1,PENDING,distance=0.00m; nom=0.00; commune=0.00; priorite=4
e60088e9-cf94-4e41-ae65-a5390866b4b8,550e9fe4-4570-4a20-a4f2-286584905fde,5360fdec-31af-45c1-807e-84909a8fe07d,infra.rejet_domestique,44,3ece3ba2-701b-4b05-bbce-82d769439599,0.0,0.5400,DUPLICATE_EXACT,,AJA_PDOM1_R1,,Ain Jemaa,REJET_DOMESTIQUE,infra.rejet_inventaire_pollution,MANUAL_REVIEW_REQUIRED,1,PENDING,distance=0.00m; nom=0.00; commune=0.00; priorite=4
e60088e9-cf94-4e41-ae65-a5390866b4b8,2c675ebc-943a-4ddc-aca9-e748afcf6085,58c5b83f-b0ee-49a4-b69f-2d3e386742ba,infra.rejet_domestique,89,b5bd3bc7-678c-4617-ac35-e7e169b4e821,0.0,0.5400,DUPLICATE_EXACT,,BSM_PDOM1_R2,,Ben Smim,REJET_DOMESTIQUE,infra.rejet_inventaire_pollution,MANUAL_REVIEW_REQUIRED,1,PENDING,distance=0.00m; nom=0.00; commune=0.00; priorite=4
e60088e9-cf94-4e41-ae65-a5390866b4b8,ee905cc9-fcf7-4032-9495-9c50000d6dd3,03b36c40-56b7-4c33-b9e3-09ba8ad8f036,infra.rejet_domestique,36,23d61fd7-16ec-4908-9eea-30f7ac3ec4c4,0.0,0.5400,DUPLICATE_EXACT,,BFK_PDOM1_R1,,Boufkrane,REJET_DOMESTIQUE,infra.rejet_inventaire_pollution,MANUAL_REVIEW_REQUIRED,1,PENDING,distance=0.00m; nom=0.00; commune=0.00; priorite=4
e60088e9-cf94-4e41-ae65-a5390866b4b8,405fec81-7af2-4811-a3d9-aa574f94799a,fcc51230-4d73-493f-9f07-998047044e52,infra.rejet_domestique,102,544ad713-440a-405c-8b3b-68021a281728,0.0,0.5400,DUPLICATE_EXACT,,TIG_PDOM1_R2,,Tigrigra,REJET_DOMESTIQUE,infra.rejet_inventaire_pollution,MANUAL_REVIEW_REQUIRED,1,PENDING,distance=0.00m; nom=0.00; commune=0.00; priorite=4
e60088e9-cf94-4e41-ae65-a5390866b4b8,a845697d-53c7-4bf2-950f-10002af6f0e5,a3a2c7a1-0139-447f-9e25-3ddea04d618d,infra.rejet_domestique,237,e3d848ca-3b4a-4b12-b213-f7c4976e053f,0.0,0.5400,DUPLICATE_EXACT,,MCB_DOM_R1,,Moulay Yacoub,REJET_DOMESTIQUE,infra.rejet_inventaire_pollution,MANUAL_REVIEW_REQUIRED,1,PENDING,distance=0.00m; nom=0.00; commune=0.00; priorite=4
e60088e9-cf94-4e41-ae65-a5390866b4b8,8236840e-d6eb-4da9-ac44-fccf3325908f,94a9075a-feb4-4137-b3ff-e95d5b4c53a4,infra.rejet_domestique,55,4e961c9a-643e-45d5-a68e-44a87deffd4a,0.0,0.5400,DUPLICATE_EXACT,,MGH_PDOM1_R1,,M'ghassiyine,REJET_DOMESTIQUE,infra.rejet_inventaire_pollution,MANUAL_REVIEW_REQUIRED,1,PENDING,distance=0.00m; nom=0.00; commune=0.00; priorite=4
e60088e9-cf94-4e41-ae65-a5390866b4b8,604e608c-d450-4f9e-a535-14532e08c37f,969c9c53-affa-424c-9c6c-c83ad461f7eb,infra.rejet_domestique,56,9fbb9146-7618-49ec-a39f-2429b562e1e9,0.0,0.5400,DUPLICATE_EXACT,,MGH_PDOM1_R2,,M'ghassiyine,REJET_DOMESTIQUE,infra.rejet_inventaire_pollution,MANUAL_REVIEW_REQUIRED,1,PENDING,distance=0.00m; nom=0.00; commune=0.00; priorite=4
e60088e9-cf94-4e41-ae65-a5390866b4b8,efe3f4bc-02c9-46c2-8ed2-8558ff2d5e30,b8e3c626-af10-448b-aff6-d6d645cd9e6c,infra.rejet_domestique,29,1cd0589d-0d1f-4a2b-bffe-2f8a2be227b2,0.0,0.5400,DUPLICATE_EXACT,,TRL_DOM_R2,,Teroual,REJET_DOMESTIQUE,infra.rejet_inventaire_pollution,MANUAL_REVIEW_REQUIRED,1,PENDING,distance=0.00m; nom=0.00; commune=0.00; priorite=4
e60088e9-cf94-4e41-ae65-a5390866b4b8,723f58a9-6cc6-40dc-8893-6ed24948b06f,80f34e4b-8995-434d-90a7-64a4352498d4,infra.rejet_domestique,30,1cb2c872-297c-4891-80b5-bf24bae15ab0,0.0,0.5400,DUPLICATE_EXACT,,TRL_DOM_R1,,Teroual,REJET_DOMESTIQUE,infra.rejet_inventaire_pollution,MANUAL_REVIEW_REQUIRED,1,PENDING,distance=0.00m; nom=0.00; commune=0.00; priorite=4
e60088e9-cf94-4e41-ae65-a5390866b4b8,1d532e2d-ead2-470c-a496-43a1a6dccfdd,028f6a5e-d668-41d8-a71d-7300f4c08c30,infra.rejet_domestique,185,61e0e7ee-d68e-453a-b870-2f996e8fb0a3,0.0,0.5400,DUPLICATE_EXACT,,BHD_PDS_R2,,BOUHOUDA,REJET_DOMESTIQUE,infra.rejet_inventaire_pollution,MANUAL_REVIEW_REQUIRED,1,PENDING,distance=0.00m; nom=0.00; commune=0.00; priorite=4
e60088e9-cf94-4e41-ae65-a5390866b4b8,d217f92f-f441-4829-a747-65e5d97dda42,7ceb6c65-d475-49e3-99a9-2e3246489d7a,infra.rejet_domestique,104,a1ba5241-1674-4c3d-be27-7f2ec7666ec0,0.0,0.5400,DUPLICATE_EXACT,,TMH_PDOM1_R1,,Timahdit,REJET_DOMESTIQUE,infra.rejet_inventaire_pollution,MANUAL_REVIEW_REQUIRED,1,PENDING,distance=0.00m; nom=0.00; commune=0.00; priorite=4
e60088e9-cf94-4e41-ae65-a5390866b4b8,ff1cf5e6-f367-466f-9a0a-43618f29f76a,dda4c760-9988-4b91-83bd-6fffbaf03c68,infra.rejet_domestique,158,0db46521-e6ac-4dd7-b193-99854663acbd,0.0,0.5400,DUPLICATE_EXACT,,KBM_PDS_R2,,Kariat Ba Mohamed,REJET_DOMESTIQUE,infra.rejet_inventaire_pollution,MANUAL_REVIEW_REQUIRED,1,PENDING,distance=0.00m; nom=0.00; commune=0.00; priorite=4
e60088e9-cf94-4e41-ae65-a5390866b4b8,4d6598c4-c695-42b1-b1e7-ed4625fcebe8,efd07c1a-4ac6-4fc4-b242-47c68256eebc,infra.rejet_domestique,92,71552e9b-afab-46c7-bdbc-1f55ad345acd,0.0,0.5400,DUPLICATE_EXACT,,OIF_PDOM1_R1,,Oued Ifrane,REJET_DOMESTIQUE,infra.rejet_inventaire_pollution,MANUAL_REVIEW_REQUIRED,1,PENDING,distance=0.00m; nom=0.00; commune=0.00; priorite=4
e60088e9-cf94-4e41-ae65-a5390866b4b8,721df1ee-5bf4-45ad-8759-7b1e6dd74c44,a9de4e54-585e-45fd-ae07-18672e320886,infra.rejet_domestique,63,19e67f36-5478-4826-80f1-53e6fbe39ac7,0.0,0.5400,DUPLICATE_EXACT,,SBA_DOM1_R1,,Sebaa Ayoun,REJET_DOMESTIQUE,infra.rejet_inventaire_pollution,MANUAL_REVIEW_REQUIRED,1,PENDING,distance=0.00m; nom=0.00; commune=0.00; priorite=4
e60088e9-cf94-4e41-ae65-a5390866b4b8,7a694781-8362-46b8-94b7-5b43f4428b2c,60413245-b80a-49c7-be02-a66e5c84799f,infra.rejet_domestique,50,7600d0ef-a738-4ff1-b2b4-883fb62d911d,0.0,0.5400,DUPLICATE_EXACT,,OJD_PDOM1_R1,,Oued Jdida,REJET_DOMESTIQUE,infra.rejet_inventaire_pollution,MANUAL_REVIEW_REQUIRED,1,PENDING,distance=0.00m; nom=0.00; commune=0.00; priorite=4
e60088e9-cf94-4e41-ae65-a5390866b4b8,c763d6d1-5142-439c-ad3d-47a80d17f6e5,0932daab-d325-4d7e-8ea6-cf78dc3fdb2e,infra.rejet_domestique,65,05b164c2-4d20-4d08-8e9b-077012adc8de,0.0,0.5400,DUPLICATE_EXACT,,AAZ_DOM1_R1,,Ait Azem,REJET_DOMESTIQUE,infra.rejet_inventaire_pollution,MANUAL_REVIEW_REQUIRED,1,PENDING,distance=0.00m; nom=0.00; commune=0.00; priorite=4
e60088e9-cf94-4e41-ae65-a5390866b4b8,a05e7889-4e38-4a61-baa6-d83bd966973d,25adb1e8-558c-4030-8527-860617ea8c78,infra.rejet_domestique,290,6edb0d6e-fc19-4971-8077-6a7899609687,0.0,0.5400,DUPLICATE_EXACT,,RG-AIM-1,,Majmaa tolba,REJET_DOMESTIQUE,infra.rejet_inventaire_pollution,MANUAL_REVIEW_REQUIRED,1,PENDING,distance=0.00m; nom=0.00; commune=0.00; priorite=4
e60088e9-cf94-4e41-ae65-a5390866b4b8,2bf7394f-c872-440d-ba69-7136e1016e3e,0f11ed46-da1d-4395-b6a7-fdf89b7fd8ed,infra.rejet_domestique,278,97bcab2b-2ca3-4327-b4c4-9e2a08c80a55,0.0,0.5400,DUPLICATE_EXACT,,RG-KHM-8,,Khemissat,REJET_DOMESTIQUE,infra.rejet_inventaire_pollution,MANUAL_REVIEW_REQUIRED,1,PENDING,distance=0.00m; nom=0.00; commune=0.00; priorite=4
e60088e9-cf94-4e41-ae65-a5390866b4b8,2c5c91d3-6fa6-48b7-bd3e-c85eb1c209c7,b5a0057c-0d21-4d90-81d5-ca9cbd7729c0,infra.rejet_domestique,58,e1bc8844-a639-4669-8571-6c45fa633ce3,0.0,0.5400,DUPLICATE_EXACT,,_PDOM1_R2,,Nzalat Beni Amar,REJET_DOMESTIQUE,infra.rejet_inventaire_pollution,MANUAL_REVIEW_REQUIRED,1,PENDING,distance=0.00m; nom=0.00; commune=0.00; priorite=4
e60088e9-cf94-4e41-ae65-a5390866b4b8,aaa9b516-3ef2-426e-a31f-da0eab624eea,21822a95-cc6a-4836-9382-54ae41adb803,infra.rejet_domestique,57,53e4fec6-70c1-4ca6-b6f7-ffe7813155b2,0.0,0.5400,DUPLICATE_EXACT,,_PDOM1_R1,,Nzalat Beni Amar,REJET_DOMESTIQUE,infra.rejet_inventaire_pollution,MANUAL_REVIEW_REQUIRED,1,PENDING,distance=0.00m; nom=0.00; commune=0.00; priorite=4
e60088e9-cf94-4e41-ae65-a5390866b4b8,44f2d5c0-e13f-4258-abbb-1417f2959db7,85c83cb0-6da2-4970-960d-60ac0062c6fe,infra.rejet_domestique,49,23fec7d7-2725-466b-8f3e-cdb4a898846f,0.0,0.5400,DUPLICATE_EXACT,,MHA_PDOM1_R2,,M'HAYA,REJET_DOMESTIQUE,infra.rejet_inventaire_pollution,MANUAL_REVIEW_REQUIRED,1,PENDING,distance=0.00m; nom=0.00; commune=0.00; priorite=4
e60088e9-cf94-4e41-ae65-a5390866b4b8,25eaf0df-1f1d-43c6-b2ef-9ee4bb516bd2,d6132087-50b6-46af-b52b-e0c9cba7efe2,infra.rejet_domestique,166,35dae058-bd7f-4964-8446-726d5f4984ac,0.0,0.5400,DUPLICATE_EXACT,,THS_PDS_R2,,TAHER SOUK,REJET_DOMESTIQUE,infra.rejet_inventaire_pollution,MANUAL_REVIEW_REQUIRED,1,PENDING,distance=0.00m; nom=0.00; commune=0.00; priorite=4
e60088e9-cf94-4e41-ae65-a5390866b4b8,ffc3e451-069c-4f07-9fcc-a932f659e0c1,1e87a616-1199-4242-a4fb-b1305442ad00,infra.rejet_domestique,168,48d578f6-18d0-47d0-b221-162b39cf673b,0.0,0.5400,DUPLICATE_EXACT,,THS_PDS_R1,,TAHER SOUK,REJET_DOMESTIQUE,infra.rejet_inventaire_pollution,MANUAL_REVIEW_REQUIRED,1,PENDING,distance=0.00m; nom=0.00; commune=0.00; priorite=4
e60088e9-cf94-4e41-ae65-a5390866b4b8,5251bac0-1e89-4233-992d-6c912fa2d447,42d49627-4ecd-4190-a2ec-de08d0372284,infra.rejet_domestique,187,d6afe3c0-edde-42b4-bb8f-15e63e754401,0.0,0.5400,DUPLICATE_EXACT,,ACH_PDS_R3,,AIN AICHA,REJET_DOMESTIQUE,infra.rejet_inventaire_pollution,MANUAL_REVIEW_REQUIRED,1,PENDING,distance=0.00m; nom=0.00; commune=0.00; priorite=4
e60088e9-cf94-4e41-ae65-a5390866b4b8,5a50fa8d-10a5-4f00-85bc-aa5542b494f4,b77e2a65-e46f-4094-be4d-47db70db43be,infra.rejet_domestique,188,7f405a15-1f39-4133-843f-70d2719cf467,0.0,0.5400,DUPLICATE_EXACT,,ACH_PDS_R4,,AIN AICHA,REJET_DOMESTIQUE,infra.rejet_inventaire_pollution,MANUAL_REVIEW_REQUIRED,1,PENDING,distance=0.00m; nom=0.00; commune=0.00; priorite=4
e60088e9-cf94-4e41-ae65-a5390866b4b8,c33e78e9-cf6a-4369-b12e-7962eca0371c,0a68fec6-b416-463e-b77c-58409be6ea59,infra.rejet_domestique,189,c7b18800-36d2-4805-834a-a19e80f80ae6,0.0,0.5400,DUPLICATE_EXACT,,ACH_PDS_R2,,AIN AICHA,REJET_DOMESTIQUE,infra.rejet_inventaire_pollution,MANUAL_REVIEW_REQUIRED,1,PENDING,distance=0.00m; nom=0.00; commune=0.00; priorite=4
e60088e9-cf94-4e41-ae65-a5390866b4b8,a5b093c9-633f-4fcd-beaf-0af28f09a0bd,b5e44133-94e1-4e2d-857a-29e9491282ff,infra.rejet_domestique,190,d3eadffe-e9fd-4e45-9cb8-eb318dbacea4,0.0,0.5400,DUPLICATE_EXACT,,ACH_PDS_R1,,AIN AICHA,REJET_DOMESTIQUE,infra.rejet_inventaire_pollution,MANUAL_REVIEW_REQUIRED,1,PENDING,distance=0.00m; nom=0.00; commune=0.00; priorite=4
e60088e9-cf94-4e41-ae65-a5390866b4b8,0c2cc003-4f60-4b86-a7c1-996baf69bcce,142fd9bf-8b70-4412-9cfe-5dd4db251336,infra.rejet_domestique,52,d09f8bf3-1d29-45d6-ae2b-651772bf646f,0.0,0.5400,DUPLICATE_EXACT,,SMK_PDOM1_R2,,Sidi Slimane Moul Al Kifane,REJET_DOMESTIQUE,infra.rejet_inventaire_pollution,MANUAL_REVIEW_REQUIRED,1,PENDING,distance=0.00m; nom=0.00; commune=0.00; priorite=4
e60088e9-cf94-4e41-ae65-a5390866b4b8,94296f61-9c5d-41ba-8b16-ad6b32b8db0c,835304e8-db2c-48a8-aa46-3b3b480c5363,infra.rejet_domestique,45,0512505d-cf13-40a9-be42-e84d0d9ab630,0.0,0.5400,DUPLICATE_EXACT,,AKA_PDOM1_R1,,Ain Karma_ Oued Romane,REJET_DOMESTIQUE,infra.rejet_inventaire_pollution,MANUAL_REVIEW_REQUIRED,1,PENDING,distance=0.00m; nom=0.00; commune=0.00; priorite=4
e60088e9-cf94-4e41-ae65-a5390866b4b8,64c9f02b-f45c-4f3e-b0d5-49c02721ccb0,e9c812af-5fd5-4942-9857-c133b1a33948,infra.rejet_domestique,305,4ffea746-c764-4aed-87e0-5901bbd1d837,0.0,0.5400,DUPLICATE_EXACT,,MBK_DOM_R3,,Mechra Bel Ksiri,REJET_DOMESTIQUE,infra.rejet_inventaire_pollution,MANUAL_REVIEW_REQUIRED,1,PENDING,distance=0.00m; nom=0.00; commune=0.00; priorite=4
e60088e9-cf94-4e41-ae65-a5390866b4b8,6851f363-f381-49d7-b390-a30bb2daaf1a,9db5a078-04f6-422d-a75f-0b2e73f227f1,infra.rejet_domestique,306,40ba73f2-b1cc-49e9-8b3c-aca1c270e2e0,0.0,0.5400,DUPLICATE_EXACT,,MBK_DOM_R2,,Mechra Bel Ksiri,REJET_DOMESTIQUE,infra.rejet_inventaire_pollution,MANUAL_REVIEW_REQUIRED,1,PENDING,distance=0.00m; nom=0.00; commune=0.00; priorite=4
e60088e9-cf94-4e41-ae65-a5390866b4b8,a8b5837e-2bc9-41ed-8960-0514cb3d17eb,d57a3bd1-c4de-4ae9-9e3a-efd31d2a577e,infra.rejet_domestique,322,27ef5418-d8ca-43b8-b7f1-813b3bdf1265,0.0,0.5400,DUPLICATE_EXACT,,HFT_DOM_R2,,Al Haouafate,REJET_DOMESTIQUE,infra.rejet_inventaire_pollution,MANUAL_REVIEW_REQUIRED,1,PENDING,distance=0.00m; nom=0.00; commune=0.00; priorite=4
e60088e9-cf94-4e41-ae65-a5390866b4b8,5d682a84-1df4-41ad-81d8-a5b1bb3cec7c,a8ef90c2-03cc-4af4-9278-f871b13b6280,infra.rejet_domestique,326,b9cc879f-d006-48a6-97ba-fb8d880d4a39,0.0,0.5400,DUPLICATE_EXACT,,MBK_DOM_R1,,Nouirate,REJET_DOMESTIQUE,infra.rejet_inventaire_pollution,MANUAL_REVIEW_REQUIRED,1,PENDING,distance=0.00m; nom=0.00; commune=0.00; priorite=4
e60088e9-cf94-4e41-ae65-a5390866b4b8,77e23eb0-3d8f-4222-bb71-d6366d53f464,d9495b27-094f-4e50-9512-ae7997ce3fc1,infra.rejet_domestique,258,ac778e14-7231-4bb9-8f91-e34d21a0b64b,0.0,0.5400,DUPLICATE_EXACT,,MHD_dom1_BILADI R.2,,Mhedya,REJET_DOMESTIQUE,infra.rejet_inventaire_pollution,MANUAL_REVIEW_REQUIRED,1,PENDING,distance=0.00m; nom=0.00; commune=0.00; priorite=4
e60088e9-cf94-4e41-ae65-a5390866b4b8,d40c1b54-f5e1-401a-bccc-97ed478d9e2c,2ce1a81e-2e57-4605-96da-0058808456bc,infra.rejet_domestique,257,724c387d-7609-4f60-a42a-a5ad5e51989e,0.0,0.5400,DUPLICATE_EXACT,,MHD_DOM1_BILADI_R1,,MEHDIA,REJET_DOMESTIQUE,qualite.source_pollution_prelevement,MANUAL_REVIEW_REQUIRED,1,PENDING,distance=0.00m; nom=0.00; commune=0.00; priorite=4
e60088e9-cf94-4e41-ae65-a5390866b4b8,6a71f7d3-8b35-4705-b903-b8a231152f73,e2747e9e-9989-4bd1-8494-78059386cfc8,infra.rejet_domestique,259,86682cb4-d462-4e31-a9ad-9f98a423bc08,0.0,0.5400,DUPLICATE_EXACT,,MHD_dom1_BILADI R.1,,Mhedya,REJET_DOMESTIQUE,infra.rejet_inventaire_pollution,MANUAL_REVIEW_REQUIRED,1,PENDING,distance=0.00m; nom=0.00; commune=0.00; priorite=4
e60088e9-cf94-4e41-ae65-a5390866b4b8,ccbafde4-0839-4626-940f-51aa20c7729c,c7e9e407-7c36-4730-932c-e44cb9cad391,infra.rejet_domestique,304,09521f6d-1545-4120-ac54-383e8140eb33,0.0,0.5400,DUPLICATE_EXACT,,MBK_DOM_R4,,Mechra Bel Ksiri,REJET_DOMESTIQUE,infra.rejet_inventaire_pollution,MANUAL_REVIEW_REQUIRED,1,PENDING,distance=0.00m; nom=0.00; commune=0.00; priorite=4
e60088e9-cf94-4e41-ae65-a5390866b4b8,8fd7318f-e2c3-4bc8-9143-9d97c580bd34,a8e54de1-20ee-4597-ad8e-1f3936e297c9,infra.rejet_domestique,321,5f22153e-cb3a-4bfd-9826-8d8df619d506,0.0,0.5400,DUPLICATE_EXACT,,HFT_DOM_R1,,Al Haouafate,REJET_DOMESTIQUE,infra.rejet_inventaire_pollution,MANUAL_REVIEW_REQUIRED,1,PENDING,distance=0.00m; nom=0.00; commune=0.00; priorite=4
e60088e9-cf94-4e41-ae65-a5390866b4b8,4c8c0958-3498-4e3e-84ba-f80344537d7b,f0652936-b78b-4157-9095-92beeea981ef,infra.rejet_domestique,323,f8d38646-3f3b-42db-965a-cb44da0b16a8,0.0,0.5400,DUPLICATE_EXACT,,HFT_DOM_R3,,Al Haouafate,REJET_DOMESTIQUE,infra.rejet_inventaire_pollution,MANUAL_REVIEW_REQUIRED,1,PENDING,distance=0.00m; nom=0.00; commune=0.00; priorite=4
e60088e9-cf94-4e41-ae65-a5390866b4b8,4e1ea48f-5d50-4e8d-a7a3-fc674b9639cf,520e2f42-244c-498d-89bc-cebc17d0894f,infra.rejet_domestique,165,a86d8786-6e47-4867-8f59-7bf7837b9231,0.0,0.5400,DUPLICATE_EXACT,,TNT_PDS_R1,,TAOUNATE,REJET_DOMESTIQUE,infra.rejet_inventaire_pollution,MANUAL_REVIEW_REQUIRED,1,PENDING,distance=0.00m; nom=0.00; commune=0.00; priorite=4
e60088e9-cf94-4e41-ae65-a5390866b4b8,d0f00567-1c95-47c1-8066-8e8e9554d5aa,c9ab31e0-c156-4746-a8b0-ffae90b09134,infra.rejet_domestique,281,57600ec2-22ff-4c14-bd9f-2b3fccef78a4,0.0,0.5400,DUPLICATE_EXACT,,RG-TFL-1,,Tiflet,REJET_DOMESTIQUE,infra.rejet_inventaire_pollution,MANUAL_REVIEW_REQUIRED,1,PENDING,distance=0.00m; nom=0.00; commune=0.00; priorite=4
e60088e9-cf94-4e41-ae65-a5390866b4b8,f98fe087-d890-48d0-baa1-a93403523ea1,8fb6ef08-6f73-496e-8d59-4538a5642560,infra.rejet_domestique,93,85fadd09-4dcd-46fe-b69d-9e2b4c0b5614,0.0,0.5400,DUPLICATE_EXACT,,SID_PDOM1_R1,,Sidi El Makhfi,REJET_DOMESTIQUE,infra.rejet_inventaire_pollution,MANUAL_REVIEW_REQUIRED,1,PENDING,distance=0.00m; nom=0.00; commune=0.00; priorite=4
e60088e9-cf94-4e41-ae65-a5390866b4b8,89109599-27d6-41d4-ada2-0af5bb824cae,78ef77db-ebb6-4f26-9c86-2d62f43acdf9,infra.rejet_domestique,94,c04f6a23-c336-4872-99bf-7c28df3344ce,0.0,0.5400,DUPLICATE_EXACT,,SID_PDOM1_R2,,Sidi El Makhfi,REJET_DOMESTIQUE,infra.rejet_inventaire_pollution,MANUAL_REVIEW_REQUIRED,1,PENDING,distance=0.00m; nom=0.00; commune=0.00; priorite=4
e60088e9-cf94-4e41-ae65-a5390866b4b8,454e5207-7665-4786-9c4b-76cd34fd6386,00a9bf2a-20e8-4562-aeb9-75c027b9d348,infra.rejet_domestique,100,2dd121c2-9587-4c42-bf55-cbf23cc2acec,0.0,0.5400,DUPLICATE_EXACT,,TIG_PDOM1_R1,,Tigrigra,REJET_DOMESTIQUE,infra.rejet_inventaire_pollution,MANUAL_REVIEW_REQUIRED,1,PENDING,distance=0.00m; nom=0.00; commune=0.00; priorite=4
e60088e9-cf94-4e41-ae65-a5390866b4b8,1437e281-a450-4eb5-9873-63c340ca5f2b,16d106cb-aaa0-4803-8546-6fd9c3de776b,infra.rejet_domestique,101,0181055a-b668-48fd-b6f6-20711c3cd530,0.0,0.5400,DUPLICATE_EXACT,,TIG_PDOM1_R3,,Tigrigra,REJET_DOMESTIQUE,infra.rejet_inventaire_pollution,MANUAL_REVIEW_REQUIRED,1,PENDING,distance=0.00m; nom=0.00; commune=0.00; priorite=4
e60088e9-cf94-4e41-ae65-a5390866b4b8,184ac3fb-545c-417f-8b3f-7fe0f002a3ab,9f6d310e-314d-4df9-82ef-71224b3d87ad,infra.rejet_domestique,106,e640a010-38bf-4a66-93b0-6bded080cbce,0.0,0.5400,DUPLICATE_EXACT,,TMH_PDOM1_R3,,Timahdit,REJET_DOMESTIQUE,infra.rejet_inventaire_pollution,MANUAL_REVIEW_REQUIRED,1,PENDING,distance=0.00m; nom=0.00; commune=0.00; priorite=4
e60088e9-cf94-4e41-ae65-a5390866b4b8,b125267b-1017-4069-99cf-5841a7c887b3,bf2caf2d-5146-40e8-8601-bbc9fe543817,infra.rejet_domestique,23,031376b9-f94c-469d-bffc-c22517696dd9,0.0,0.5400,DUPLICATE_EXACT,,OUZ_PDOM_R3,,Ouazzane,REJET_DOMESTIQUE,infra.rejet_inventaire_pollution,MANUAL_REVIEW_REQUIRED,1,PENDING,distance=0.00m; nom=0.00; commune=0.00; priorite=4
e60088e9-cf94-4e41-ae65-a5390866b4b8,6939223e-b31b-4e8b-8003-c45a270c4468,a91c6eea-dd43-44ff-8ead-4bde34d0b999,infra.rejet_domestique,96,0ba11972-4988-4545-9a33-e3a15e8e157b,0.0,0.5400,DUPLICATE_EXACT,,SID_PDOM1_R4,,Sidi El Makhfi,REJET_DOMESTIQUE,infra.rejet_inventaire_pollution,MANUAL_REVIEW_REQUIRED,1,PENDING,distance=0.00m; nom=0.00; commune=0.00; priorite=4
e60088e9-cf94-4e41-ae65-a5390866b4b8,42273811-a42e-416b-981f-7fedffd93cb4,6b3b1e5c-6434-4423-9aa2-12e882928c14,infra.rejet_domestique,60,62d84c9e-04df-489c-bd17-a3ef73f54b27,0.0,0.5400,DUPLICATE_EXACT,,AGR_DOM_R1,,Agourai,REJET_DOMESTIQUE,infra.rejet_inventaire_pollution,MANUAL_REVIEW_REQUIRED,1,PENDING,distance=0.00m; nom=0.00; commune=0.00; priorite=4
e60088e9-cf94-4e41-ae65-a5390866b4b8,3f6bbcd9-0bfe-4d76-8471-6b2eca9aaf85,949ba264-ef99-407d-b8e5-d0a306c51a7b,infra.rejet_domestique,95,8f414f33-29af-4c0e-933f-b7c6558bdbbd,0.0,0.5400,DUPLICATE_EXACT,,SID_PDOM1_R3,,Sidi El Makhfi,REJET_DOMESTIQUE,infra.rejet_inventaire_pollution,MANUAL_REVIEW_REQUIRED,1,PENDING,distance=0.00m; nom=0.00; commune=0.00; priorite=4
e60088e9-cf94-4e41-ae65-a5390866b4b8,53bf0405-63e0-4aa8-b296-32ff07fc1321,087d2952-dbcf-4fd5-91ce-5247413920c0,infra.rejet_domestique,173,bf5f22a4-e328-4eff-af98-12dfeeb536e0,0.0,0.5400,DUPLICATE_EXACT,,KSN_DOM_R1,,Kissane,REJET_DOMESTIQUE,infra.rejet_inventaire_pollution,MANUAL_REVIEW_REQUIRED,1,PENDING,distance=0.00m; nom=0.00; commune=0.00; priorite=4
e60088e9-cf94-4e41-ae65-a5390866b4b8,02242688-55cf-4e6d-8b15-ada768c16cf1,a26b6a5f-18bb-4b49-9297-423bbdfff3c2,infra.rejet_domestique,35,4b24baeb-c773-4c4b-932c-954aa9bd9f79,0.0,0.5400,DUPLICATE_EXACT,,MEK_PDOM1_R1,,MEKNES,REJET_DOMESTIQUE,infra.rejet_inventaire_pollution,MANUAL_REVIEW_REQUIRED,1,PENDING,distance=0.00m; nom=0.00; commune=0.00; priorite=4
e60088e9-cf94-4e41-ae65-a5390866b4b8,cf4f9eb9-29c4-4cbb-8e6d-cac2ef065bf7,fdf5db82-254b-4d35-a4a4-fa1c7983133d,infra.rejet_domestique,246,04afe25e-61cb-4ff2-b200-40b23f91c313,0.0,0.5400,DUPLICATE_EXACT,,LOD_DOM_R1,,Louadaine,REJET_DOMESTIQUE,infra.rejet_inventaire_pollution,MANUAL_REVIEW_REQUIRED,1,PENDING,distance=0.00m; nom=0.00; commune=0.00; priorite=4
e60088e9-cf94-4e41-ae65-a5390866b4b8,4e3ed7f6-f44a-43da-ab08-440ff641a2b8,4be971ee-a82f-4f71-87cd-1b4c322f0fbc,infra.rejet_domestique,79,af198d07-c56d-4cf9-8a3c-1c2ad2e82cd7,0.0,0.5400,DUPLICATE_EXACT,,SHZ_DOM2_R2,,Sidi Harazem,REJET_DOMESTIQUE,infra.rejet_inventaire_pollution,MANUAL_REVIEW_REQUIRED,1,PENDING,distance=0.00m; nom=0.00; commune=0.00; priorite=4
e60088e9-cf94-4e41-ae65-a5390866b4b8,abb8449a-b54c-4194-89b3-17dba88c8377,766f4923-588a-4da8-b724-2d930dcb426f,infra.rejet_domestique,80,dea73f55-595f-4351-94c8-056088710865,0.0,0.5400,DUPLICATE_EXACT,,SHZ_DOM2_R3,,Sidi Harazem,REJET_DOMESTIQUE,infra.rejet_inventaire_pollution,MANUAL_REVIEW_REQUIRED,1,PENDING,distance=0.00m; nom=0.00; commune=0.00; priorite=4
e60088e9-cf94-4e41-ae65-a5390866b4b8,235485b7-1b2a-4ff5-a331-1b6553956b1f,8eac6baf-7538-45a9-b9f6-d180f3702b2b,infra.rejet_domestique,81,791c8ad5-8a48-44c6-bf30-2f7c03a34eb0,0.0,0.5400,DUPLICATE_EXACT,,SHZ_DOM2_R5,,Sidi Harazem,REJET_DOMESTIQUE,infra.rejet_inventaire_pollution,MANUAL_REVIEW_REQUIRED,1,PENDING,distance=0.00m; nom=0.00; commune=0.00; priorite=4
e60088e9-cf94-4e41-ae65-a5390866b4b8,62c3846a-3606-4960-84c6-1d85c566fa89,4ad53f32-bbac-466d-ab33-cfbb42108917,infra.rejet_domestique,74,8591bd26-e50b-470a-8c52-46cfc4f99b81,0.0,0.5400,DUPLICATE_EXACT,,SHZ_DOM2_R4,,Sidi Harazem,REJET_DOMESTIQUE,infra.rejet_inventaire_pollution,MANUAL_REVIEW_REQUIRED,1,PENDING,distance=0.00m; nom=0.00; commune=0.00; priorite=4
e60088e9-cf94-4e41-ae65-a5390866b4b8,2fd7b203-bdb2-4863-a8e3-d483972c95c9,514cf900-5e88-44fa-a830-0fb026c6b121,infra.rejet_domestique,77,1de17714-c8f9-47fa-a92e-d8d0bded5b47,0.0,0.5400,DUPLICATE_EXACT,,SHZ_DOM2_R1,,Sidi Harazem,REJET_DOMESTIQUE,infra.rejet_inventaire_pollution,MANUAL_REVIEW_REQUIRED,1,PENDING,distance=0.00m; nom=0.00; commune=0.00; priorite=4
e60088e9-cf94-4e41-ae65-a5390866b4b8,fe39e51c-522b-42b0-bc96-4ec15d393d0c,b9f50025-d907-4e15-8b4e-9b73b6347b40,infra.rejet_domestique,325,8952748b-140d-49e3-a767-065bc30a884b,0.0,0.5400,DUPLICATE_EXACT,,NRT_DOM_R1,,Nouirate,REJET_DOMESTIQUE,infra.rejet_inventaire_pollution,MANUAL_REVIEW_REQUIRED,1,PENDING,distance=0.00m; nom=0.00; commune=0.00; priorite=4
e60088e9-cf94-4e41-ae65-a5390866b4b8,2556b6f4-d0eb-45c7-9e61-6e271795971d,94c7898e-8916-4aa1-a13c-fdc477855d3d,infra.rejet_domestique,324,f693bbc9-dbef-489e-ad2f-3004dace1ff1,0.0,0.5400,DUPLICATE_EXACT,,MBK_DOM_R5,,Nouirate,REJET_DOMESTIQUE,infra.rejet_inventaire_pollution,MANUAL_REVIEW_REQUIRED,1,PENDING,distance=0.00m; nom=0.00; commune=0.00; priorite=4
e60088e9-cf94-4e41-ae65-a5390866b4b8,cb297a13-d526-4ea4-95ad-545f415d8a51,8195f42a-5b2f-49bb-ab7f-9b6fd88f97c2,infra.rejet_domestique,241,7c7f39c2-b503-4aff-a23a-c509192f30b1,0.0,0.5400,DUPLICATE_EXACT,,JEO_DOM_R1,,Ain Bou Ali,REJET_DOMESTIQUE,infra.rejet_inventaire_pollution,MANUAL_REVIEW_REQUIRED,1,PENDING,distance=0.00m; nom=0.00; commune=0.00; priorite=4
e60088e9-cf94-4e41-ae65-a5390866b4b8,22d4ae89-1ff3-43b7-8e06-c0ff830b5e9c,69338e84-1dac-4d98-b3c1-47814bfd6bf2,infra.rejet_domestique,78,bffa4bc3-288e-4333-b058-1c279172d0d1,0.0,0.5400,DUPLICATE_EXACT,,SHZ_DOM1_R1,,Sidi Harazem,REJET_DOMESTIQUE,infra.rejet_inventaire_pollution,MANUAL_REVIEW_REQUIRED,1,PENDING,distance=0.00m; nom=0.00; commune=0.00; priorite=4
e60088e9-cf94-4e41-ae65-a5390866b4b8,fcb2aa88-daa1-4089-a7e9-74f3a5ad11db,fea0df4f-620d-48bc-a449-0c5b9cda3e42,infra.rejet_domestique,243,81115cf0-969e-47c6-89ca-b3b7e29776d0,0.0,0.5400,DUPLICATE_EXACT,,AKA_DOM_R1,,Ain Kansra,REJET_DOMESTIQUE,infra.rejet_inventaire_pollution,MANUAL_REVIEW_REQUIRED,1,PENDING,distance=0.00m; nom=0.00; commune=0.00; priorite=4
e60088e9-cf94-4e41-ae65-a5390866b4b8,bb1370c6-f30c-483d-a5cd-e4d66f498a35,c0c25adb-a6c6-43e5-851d-9994dbf51b4f,infra.rejet_domestique,149,feced0ab-c40b-410e-a622-3975ff17b8cb,0.0,0.5400,DUPLICATE_EXACT,,AZA_DOM_R1,,AZZABA,REJET_DOMESTIQUE,infra.rejet_inventaire_pollution,MANUAL_REVIEW_REQUIRED,1,PENDING,distance=0.00m; nom=0.00; commune=0.00; priorite=4
e60088e9-cf94-4e41-ae65-a5390866b4b8,1b376326-9952-414d-8fe0-0c960ab49c06,6f2dd353-1e19-4e70-b4bb-e7be9a991856,infra.rejet_domestique,12,63be6613-f0d5-48a1-8aa8-bc25c02f725d,0.0,0.5400,DUPLICATE_EXACT,,TAM-PDS_R1,,Tamorot,REJET_DOMESTIQUE,infra.rejet_inventaire_pollution,MANUAL_REVIEW_REQUIRED,1,PENDING,distance=0.00m; nom=0.00; commune=0.00; priorite=4
e60088e9-cf94-4e41-ae65-a5390866b4b8,23fc5716-657d-4a1f-80c1-ef506e5601fa,7984abab-cadc-452b-a3de-8735d46e8911,infra.rejet_domestique,15,d6c0bab7-0e13-4442-ab7a-836c8ff2f884,0.0,0.5400,DUPLICATE_EXACT,,BBT-PDS-R1,,Bab Taza,REJET_DOMESTIQUE,infra.rejet_inventaire_pollution,MANUAL_REVIEW_REQUIRED,1,PENDING,distance=0.00m; nom=0.00; commune=0.00; priorite=4
e60088e9-cf94-4e41-ae65-a5390866b4b8,21a5489d-1998-4743-89c4-55eb12c5ae4b,d0e3bc30-1666-48bd-87c8-afe5d9cc918d,infra.rejet_domestique,14,3bdca5a2-1420-4295-8413-ad13e230a7d2,0.0,0.5400,DUPLICATE_EXACT,,BBT-PDS-R3,,Bab Taza,REJET_DOMESTIQUE,infra.rejet_inventaire_pollution,MANUAL_REVIEW_REQUIRED,1,PENDING,distance=0.00m; nom=0.00; commune=0.00; priorite=4
e60088e9-cf94-4e41-ae65-a5390866b4b8,d1cf3eda-ee34-4bad-b020-4c24454c41fe,f35178ab-a4f1-44b5-8896-58cbac637111,infra.rejet_domestique,13,67448c04-1350-4fea-aa59-29a064dd1c63,0.0,0.5400,DUPLICATE_EXACT,,BBT-PDS-R2,,Bab Taza,REJET_DOMESTIQUE,infra.rejet_inventaire_pollution,MANUAL_REVIEW_REQUIRED,1,PENDING,distance=0.00m; nom=0.00; commune=0.00; priorite=4
e60088e9-cf94-4e41-ae65-a5390866b4b8,2dcec4a2-8a04-49e4-93a5-12b877439549,c7d74bbc-f8dc-4162-a7fe-92ec9bb506d0,infra.rejet_domestique,176,808e51ad-8fb2-4f27-aced-13460ca75d90,0.0,0.5400,DUPLICATE_EXACT,,ORG_DOM_R2,,Ourtzagh,REJET_DOMESTIQUE,infra.rejet_inventaire_pollution,MANUAL_REVIEW_REQUIRED,1,PENDING,distance=0.00m; nom=0.00; commune=0.00; priorite=4
e60088e9-cf94-4e41-ae65-a5390866b4b8,045cd95b-1fdd-4ec6-85d0-dc4e3da6f169,133f3c8e-dc12-4325-9222-75ab3f649cba,infra.rejet_domestique,177,ba6d3f70-fc92-4b54-b65c-c46a5d6317f7,0.0,0.5400,DUPLICATE_EXACT,,ORG_DOM_R3,,Ourtzagh,REJET_DOMESTIQUE,infra.rejet_inventaire_pollution,MANUAL_REVIEW_REQUIRED,1,PENDING,distance=0.00m; nom=0.00; commune=0.00; priorite=4
e60088e9-cf94-4e41-ae65-a5390866b4b8,9eef12ae-2a37-468a-be60-804b6294bb91,089ea0e7-b061-4cb9-bca5-f0d7e9017419,infra.rejet_domestique,175,99a9d4ff-7133-48c8-b828-a1213dcc834c,0.0,0.5400,DUPLICATE_EXACT,,ORG_DOM_R1,,Ourtzagh,REJET_DOMESTIQUE,infra.rejet_inventaire_pollution,MANUAL_REVIEW_REQUIRED,1,PENDING,distance=0.00m; nom=0.00; commune=0.00; priorite=4
e60088e9-cf94-4e41-ae65-a5390866b4b8,5084b3ac-2095-4eba-9652-aac214795d50,a6c27803-cd75-44af-8cfe-3c03b2e3ca28,infra.rejet_domestique,73,c038185f-c8f0-4f3d-92f6-12a1554afdb1,0.0,0.5400,DUPLICATE_EXACT,,SHZ_DOM5_R1,,Sidi Harazem,REJET_DOMESTIQUE,infra.rejet_inventaire_pollution,MANUAL_REVIEW_REQUIRED,1,PENDING,distance=0.00m; nom=0.00; commune=0.00; priorite=4
e60088e9-cf94-4e41-ae65-a5390866b4b8,e48bc89d-5d44-46e4-bd96-4a7152403498,d7809234-891f-4316-aaba-847a29bf4be3,infra.rejet_domestique,72,5cb920b7-4fbf-454d-8811-716764b4b229,0.0,0.5400,DUPLICATE_EXACT,,SHZ_DOM4_R1,,Sidi Harazem,REJET_DOMESTIQUE,infra.rejet_inventaire_pollution,MANUAL_REVIEW_REQUIRED,1,PENDING,distance=0.00m; nom=0.00; commune=0.00; priorite=4
e60088e9-cf94-4e41-ae65-a5390866b4b8,e3b14f1c-0319-4d9d-b625-33cb909738e6,0612a75b-c588-4f07-80e1-ebca6d8b0db0,infra.rejet_domestique,148,977bd3e3-b2de-4e6b-8f9b-340e50643b3e,0.0,0.5400,DUPLICATE_EXACT,,AZA_DOM_R2,,AZZABA,REJET_DOMESTIQUE,infra.rejet_inventaire_pollution,MANUAL_REVIEW_REQUIRED,1,PENDING,distance=0.00m; nom=0.00; commune=0.00; priorite=4
e60088e9-cf94-4e41-ae65-a5390866b4b8,82c3c60c-48cd-43e5-a690-f50ba9db55c1,590c7772-36b0-4e05-a71e-0da1bb1b8de1,infra.rejet_domestique,232,a57cff4d-4f53-48cc-b7ae-c273e7ba59b8,0.0,0.5400,DUPLICATE_EXACT,,BL_DOM_R1,,Bni Lent,REJET_DOMESTIQUE,infra.rejet_inventaire_pollution,MANUAL_REVIEW_REQUIRED,1,PENDING,distance=0.00m; nom=0.00; commune=0.00; priorite=4
e60088e9-cf94-4e41-ae65-a5390866b4b8,ac0dd8ee-223c-48f1-8a11-26c8859ff284,e2090998-4083-467d-ba59-e3828afd444d,infra.rejet_domestique,235,83de4da2-1ba1-41bb-ab6b-f2ec26499170,0.0,0.5400,DUPLICATE_EXACT,,R1,,Meknasa algharbia,REJET_DOMESTIQUE,infra.rejet_inventaire_pollution,MANUAL_REVIEW_REQUIRED,1,PENDING,distance=0.00m; nom=0.00; commune=0.00; priorite=4
e60088e9-cf94-4e41-ae65-a5390866b4b8,b9dae1ab-dd42-4bd4-9106-ec82fe0fa113,a2736520-498f-438c-a3b3-bbf5a7009b70,infra.rejet_domestique,5,6310e4aa-b5aa-4406-ad1e-23f78e138c39,0.0,0.5400,DUPLICATE_EXACT,,AS_DOM_R1,,Abdelghaya souahel,REJET_DOMESTIQUE,infra.rejet_inventaire_pollution,MANUAL_REVIEW_REQUIRED,1,PENDING,distance=0.00m; nom=0.00; commune=0.00; priorite=4
e60088e9-cf94-4e41-ae65-a5390866b4b8,a713354f-1777-47e7-9428-22f9c55de034,38df5723-a89b-429c-a4d6-7a263f8b370f,infra.rejet_domestique,356,e72d9f60-c485-4679-9567-77bed61ef326,0.0,0.5400,DUPLICATE_EXACT,,MSA_DOM1,,M'Saada,REJET_DOMESTIQUE,infra.rejet_inventaire_pollution,MANUAL_REVIEW_REQUIRED,1,PENDING,distance=0.00m; nom=0.00; commune=0.00; priorite=4
e60088e9-cf94-4e41-ae65-a5390866b4b8,c71ca4e6-df18-4f2e-ae66-82ac28d982b6,274fe5cb-2aba-4b64-b5cc-bd8c2ffbb649,infra.rejet_domestique,2,19a1320b-6ff3-4075-bdd2-f0006e4fe25d,0.0,0.5400,DUPLICATE_EXACT,,BA_DOM_R1,,Bni ammart,REJET_DOMESTIQUE,infra.rejet_inventaire_pollution,MANUAL_REVIEW_REQUIRED,1,PENDING,distance=0.00m; nom=0.00; commune=0.00; priorite=4
e60088e9-cf94-4e41-ae65-a5390866b4b8,7503b606-5788-4224-8683-a16f1b364858,e77c3af6-0b0d-46b2-871a-5405128f8d54,infra.rejet_domestique,226,1f498f1c-a2ab-47e9-a07b-73dea3e71de1,0.0,0.5400,DUPLICATE_EXACT,,M_DOM_R2,,MSILA,REJET_DOMESTIQUE,infra.rejet_inventaire_pollution,MANUAL_REVIEW_REQUIRED,1,PENDING,distance=0.00m; nom=0.00; commune=0.00; priorite=4
e60088e9-cf94-4e41-ae65-a5390866b4b8,9d0d5228-975c-4a7e-bc25-31f151f3a0fa,14b6ee9b-8df9-4183-beff-4f1631ae638d,infra.rejet_domestique,206,4ad5f924-e36d-44b4-94ea-2594949c66d0,0.0,0.5400,DUPLICATE_EXACT,,BF_DOM_R2,,Bni Frassen,REJET_DOMESTIQUE,infra.rejet_inventaire_pollution,MANUAL_REVIEW_REQUIRED,1,PENDING,distance=0.00m; nom=0.00; commune=0.00; priorite=4
e60088e9-cf94-4e41-ae65-a5390866b4b8,37ecd525-da25-4d1c-94bc-b8baf8cc8645,6a17595f-3cac-4730-a991-6296a364ceb6,infra.rejet_domestique,207,8a44a524-bfd1-4929-b718-d14d4e722ef1,0.0,0.5400,DUPLICATE_EXACT,,BF_DOM_R3,,Bni Frassen,REJET_DOMESTIQUE,infra.rejet_inventaire_pollution,MANUAL_REVIEW_REQUIRED,1,PENDING,distance=0.00m; nom=0.00; commune=0.00; priorite=4
e60088e9-cf94-4e41-ae65-a5390866b4b8,fcce87aa-4de6-4294-b367-b886ca0944aa,6302b300-f421-4a72-8b2d-8b0a634f64dc,infra.rejet_domestique,208,71bf916c-df46-40e7-a9d9-49842a1c9494,0.0,0.5400,DUPLICATE_EXACT,,BF_DOM_R4,,Bni Frassen,REJET_DOMESTIQUE,infra.rejet_inventaire_pollution,MANUAL_REVIEW_REQUIRED,1,PENDING,distance=0.00m; nom=0.00; commune=0.00; priorite=4
e60088e9-cf94-4e41-ae65-a5390866b4b8,a4d70b54-4dc4-4d7a-9e75-6f2090a10c6c,c5446af3-7778-4b87-a9ac-ffc71d7bf038,infra.rejet_domestique,225,b77d2024-6e8b-4443-b4ce-39b1a9d0238b,0.0,0.5400,DUPLICATE_EXACT,,M_DOM_R1,,MSILA,REJET_DOMESTIQUE,infra.rejet_inventaire_pollution,MANUAL_REVIEW_REQUIRED,1,PENDING,distance=0.00m; nom=0.00; commune=0.00; priorite=4
e60088e9-cf94-4e41-ae65-a5390866b4b8,fbe9fba1-8913-406d-86a4-a651fd7438ea,e24d6b26-a152-42ac-b38d-be019cc01d6a,infra.rejet_domestique,205,a72eb5fc-b4b2-492f-b270-0769e9f0f5cf,0.0,0.5400,DUPLICATE_EXACT,,BF_DOM_R1,,Bni Frassen,REJET_DOMESTIQUE,infra.rejet_inventaire_pollution,MANUAL_REVIEW_REQUIRED,1,PENDING,distance=0.00m; nom=0.00; commune=0.00; priorite=4
e60088e9-cf94-4e41-ae65-a5390866b4b8,e9f5edd1-8646-4b61-932c-71cbd6554feb,4515df03-b111-4d31-8aed-1e3945064b21,infra.rejet_domestique,195,cbcee52c-8022-4065-8912-1956ad7b4b3b,0.0,0.5400,DUPLICATE_EXACT,,OA_DOM_R2,,oued amlil,REJET_DOMESTIQUE,infra.rejet_inventaire_pollution,MANUAL_REVIEW_REQUIRED,1,PENDING,distance=0.00m; nom=0.00; commune=0.00; priorite=4
e60088e9-cf94-4e41-ae65-a5390866b4b8,b47c6aaf-0881-4022-8901-0e983e76c148,00bd8c2d-bee0-4a57-8845-8ab88880f0c3,infra.rejet_domestique,196,e063fe6b-24a7-4c2d-a4e9-ae2dad1f5680,0.0,0.5400,DUPLICATE_EXACT,,OA_DOM_R1,,oued amlil,REJET_DOMESTIQUE,infra.rejet_inventaire_pollution,MANUAL_REVIEW_REQUIRED,1,PENDING,distance=0.00m; nom=0.00; commune=0.00; priorite=4
e60088e9-cf94-4e41-ae65-a5390866b4b8,30ecb9f0-e426-495e-a835-6f62e87db0a7,fda2bfdc-759c-4e68-bc64-e33846b75ce7,infra.rejet_domestique,197,28a74eb9-4da2-4ab3-990a-6a18f42a7203,0.0,0.5400,DUPLICATE_EXACT,,OA_DOM_R3,,oued amlil,REJET_DOMESTIQUE,infra.rejet_inventaire_pollution,MANUAL_REVIEW_REQUIRED,1,PENDING,distance=0.00m; nom=0.00; commune=0.00; priorite=4
e60088e9-cf94-4e41-ae65-a5390866b4b8,b624d2fc-0886-4a94-9413-eeb1d0e81bbe,c0de92c0-3bc7-44d8-a20a-8dcd2c7489d2,infra.rejet_domestique,202,7c99b19d-4b02-4433-a3bb-f95e93f125be,0.0,0.5400,DUPLICATE_EXACT,,B_DOM_R1,,Bourd,REJET_DOMESTIQUE,infra.rejet_inventaire_pollution,MANUAL_REVIEW_REQUIRED,1,PENDING,distance=0.00m; nom=0.00; commune=0.00; priorite=4
e60088e9-cf94-4e41-ae65-a5390866b4b8,06bf7f9e-5076-4857-a904-6c4ea937bd05,53fb1d1d-8be8-412e-9893-029e98712e05,infra.rejet_domestique,198,931cafed-560c-4985-a183-b1926a7f2fd8,0.0,0.5400,DUPLICATE_EXACT,,T_DOM_R1,,Taza,REJET_DOMESTIQUE,infra.rejet_inventaire_pollution,MANUAL_REVIEW_REQUIRED,1,PENDING,distance=0.00m; nom=0.00; commune=0.00; priorite=4
e60088e9-cf94-4e41-ae65-a5390866b4b8,9d6f66f9-1f28-4d2d-bc84-8ad8a1d9eec4,723108a0-6638-470b-8dc1-f87d0da054cb,infra.rejet_domestique,199,3dfd690a-ba04-43e6-9b77-2c9b54c7abd0,0.0,0.5400,DUPLICATE_EXACT,,T_DOM_R2,,Taza,REJET_DOMESTIQUE,infra.rejet_inventaire_pollution,MANUAL_REVIEW_REQUIRED,1,PENDING,distance=0.00m; nom=0.00; commune=0.00; priorite=4
e60088e9-cf94-4e41-ae65-a5390866b4b8,32dfa960-b341-4013-8a4a-70f91f7bcfe4,a63198d5-6c7d-4d8c-9f4b-e0d773e4822b,infra.rejet_domestique,200,e96719c9-0caf-4d03-a827-d6cef42c3ece,0.0,0.5400,DUPLICATE_EXACT,,T_DOM_R3,,Taza,REJET_DOMESTIQUE,infra.rejet_inventaire_pollution,MANUAL_REVIEW_REQUIRED,1,PENDING,distance=0.00m; nom=0.00; commune=0.00; priorite=4
e60088e9-cf94-4e41-ae65-a5390866b4b8,6f61cb7a-c24c-4e90-bdb1-115ba6eadbf7,ecce068b-fa7a-41f0-904d-5b22b5bfdc5e,infra.rejet_domestique,201,73085e4b-3971-4a0b-b28b-f0fa6e462718,0.0,0.5400,DUPLICATE_EXACT,,T_DOM_R4,,Taza,REJET_DOMESTIQUE,infra.rejet_inventaire_pollution,MANUAL_REVIEW_REQUIRED,1,PENDING,distance=0.00m; nom=0.00; commune=0.00; priorite=4
e60088e9-cf94-4e41-ae65-a5390866b4b8,ba3ea762-6171-423c-b363-56a3358720e7,86734cf9-b752-4527-abbf-01f9db2c8c8b,infra.rejet_domestique,330,3c824504-c4f9-491c-849e-fc438fb89369,0.0,0.5400,DUPLICATE_EXACT,,AID_DOM1_R1,,Chbanate,REJET_DOMESTIQUE,infra.rejet_inventaire_pollution,MANUAL_REVIEW_REQUIRED,1,PENDING,distance=0.00m; nom=0.00; commune=0.00; priorite=4
e60088e9-cf94-4e41-ae65-a5390866b4b8,a837ddd2-9690-4d3c-a6c1-422b98e1573b,4f698ae9-49e3-4072-9b67-d35f7395820a,infra.rejet_domestique,333,73dbdb6c-e3ba-4d67-9113-24c91e3795e8,0.0,0.5400,DUPLICATE_EXACT,,AID_DOM1_R4,,ECHEBANATE,REJET_DOMESTIQUE,qualite.source_pollution_prelevement,MANUAL_REVIEW_REQUIRED,1,PENDING,distance=0.00m; nom=0.00; commune=0.00; priorite=4
e60088e9-cf94-4e41-ae65-a5390866b4b8,e47fb3b1-1816-4bd1-8173-4f4b11558be3,c8615142-8454-4cec-9f23-2b765fb0a542,infra.rejet_domestique,75,1f25e02c-9796-4670-8150-43b5f085342a,0.0,0.5400,DUPLICATE_EXACT,,SHZ_DOM3_R1,,Sidi Harazem,REJET_DOMESTIQUE,infra.rejet_inventaire_pollution,MANUAL_REVIEW_REQUIRED,1,PENDING,distance=0.00m; nom=0.00; commune=0.00; priorite=4
e60088e9-cf94-4e41-ae65-a5390866b4b8,8c1a00ac-b2ba-4d09-80eb-9bf04f028b40,3120871a-2bb9-4b4f-860b-ad3b18376949,infra.rejet_domestique,76,abb2cd00-be79-4317-b267-0d00d985c58b,0.0,0.5400,DUPLICATE_EXACT,,SHZ_DOM3_R2,,Sidi Harazem,REJET_DOMESTIQUE,infra.rejet_inventaire_pollution,MANUAL_REVIEW_REQUIRED,1,PENDING,distance=0.00m; nom=0.00; commune=0.00; priorite=4
e60088e9-cf94-4e41-ae65-a5390866b4b8,7a86a089-e118-40b6-8651-5919bc24003b,0cc7ffe3-f422-481f-9ade-e01057fa4d40,infra.rejet_domestique,59,a591ba92-8435-448e-b14c-c30340f71fe9,0.0,0.5400,DUPLICATE_EXACT,,BOL_PDOM_R1,,Boulemane,REJET_DOMESTIQUE,infra.rejet_inventaire_pollution,MANUAL_REVIEW_REQUIRED,1,PENDING,distance=0.00m; nom=0.00; commune=0.00; priorite=4
e60088e9-cf94-4e41-ae65-a5390866b4b8,b0205ee8-fd26-4a44-993b-69fa04b647a8,d74ec832-2e65-45f5-9cc4-904e340572c4,infra.rejet_domestique,294,4adacd79-4764-4bb2-b41c-14e0b03a6d48,0.0,0.5400,DUPLICATE_EXACT,,RG-BQC-1,,Bouqachmir,REJET_DOMESTIQUE,infra.rejet_inventaire_pollution,MANUAL_REVIEW_REQUIRED,1,PENDING,distance=0.00m; nom=0.00; commune=0.00; priorite=4
e60088e9-cf94-4e41-ae65-a5390866b4b8,3e368d67-6de5-491f-8db3-90b6914d700e,8a48d60b-3829-4608-a3b5-88e5e8fb1e63,infra.rejet_domestique,145,84efce50-2b2b-4b2e-9553-dbc6b6a7dc5f,0.0,0.5400,DUPLICATE_EXACT,,CHG_DOM_R3,,Ain Cheggag,REJET_DOMESTIQUE,infra.rejet_inventaire_pollution,MANUAL_REVIEW_REQUIRED,1,PENDING,distance=0.00m; nom=0.00; commune=0.00; priorite=4
e60088e9-cf94-4e41-ae65-a5390866b4b8,356bd1fe-57ba-420b-9c4e-0d12c818a1f3,0d7bf944-3e95-4e31-879c-145b692537dd,infra.rejet_domestique,146,00d5099d-449a-4d50-961b-4f435cda9713,0.0,0.5400,DUPLICATE_EXACT,,CHG_DOM_R2,,Ain Cheggag,REJET_DOMESTIQUE,infra.rejet_inventaire_pollution,MANUAL_REVIEW_REQUIRED,1,PENDING,distance=0.00m; nom=0.00; commune=0.00; priorite=4
e60088e9-cf94-4e41-ae65-a5390866b4b8,485e0a91-b47d-4faa-b209-f044025eb2e6,d156d106-b404-405c-8d17-edc8363096de,infra.rejet_domestique,170,5006291a-c617-41b3-b10e-7da6e019b73d,0.0,0.5400,DUPLICATE_EXACT,,TIS_DOM_R1,,Tissa,REJET_DOMESTIQUE,infra.rejet_inventaire_pollution,MANUAL_REVIEW_REQUIRED,1,PENDING,distance=0.00m; nom=0.00; commune=0.00; priorite=4
e60088e9-cf94-4e41-ae65-a5390866b4b8,e507248c-5343-4719-87fb-3633cb02cdc6,9e571cbf-951b-488f-9a62-d65a313a4225,infra.rejet_domestique,327,ba898a77-48ca-4e04-8662-be55509f7ed2,0.0,0.5400,DUPLICATE_EXACT,,KNH_DOM_R1,,Khnichet,REJET_DOMESTIQUE,infra.rejet_inventaire_pollution,MANUAL_REVIEW_REQUIRED,1,PENDING,distance=0.00m; nom=0.00; commune=0.00; priorite=4
e60088e9-cf94-4e41-ae65-a5390866b4b8,a17025c8-f100-4049-9bbd-5845380d97b0,b3effcdd-a103-48d4-9dcc-4ecbf33d321b,infra.rejet_domestique,307,69708226-7eb1-4267-b38b-985cacd5900d,0.0,0.5400,DUPLICATE_EXACT,,SDK_DOM1_R2,,SIDI KACEM,REJET_DOMESTIQUE,qualite.source_pollution_prelevement,MANUAL_REVIEW_REQUIRED,1,PENDING,distance=0.00m; nom=0.00; commune=0.00; priorite=4
e60088e9-cf94-4e41-ae65-a5390866b4b8,d4bc5664-86fd-4547-abb9-337de4a99bdb,8d58f7fd-1f5a-4a48-a403-475c445b6135,infra.rejet_domestique,335,817d0f29-f6b6-425c-bf4c-61b5dc72024f,0.0,0.5400,DUPLICATE_EXACT,,SDK_DOM1_R2,,Zirara,REJET_DOMESTIQUE,infra.rejet_inventaire_pollution,MANUAL_REVIEW_REQUIRED,1,PENDING,distance=0.00m; nom=0.00; commune=0.00; priorite=4
e60088e9-cf94-4e41-ae65-a5390866b4b8,282c7c38-bafb-4d4f-bcef-0317f8e2091f,ddb2fca2-7f81-489a-b2d2-50d7969458ea,infra.rejet_domestique,336,d9bdddd8-2877-44d6-b9ec-f2675a6921d8,0.0,0.5400,DUPLICATE_EXACT,,SDK_DOM1_R3,,Zirara,REJET_DOMESTIQUE,infra.rejet_inventaire_pollution,MANUAL_REVIEW_REQUIRED,1,PENDING,distance=0.00m; nom=0.00; commune=0.00; priorite=4
e60088e9-cf94-4e41-ae65-a5390866b4b8,a06f8073-3abe-4ab2-9331-76a000c6730d,555f9ae6-7caf-4624-b5c2-bac4c070620f,infra.rejet_domestique,337,a647b6e2-f4bf-4722-ace8-4e6f631a68d3,0.0,0.5400,DUPLICATE_EXACT,,SDK_DOM1_R4,,Zirara,REJET_DOMESTIQUE,infra.rejet_inventaire_pollution,MANUAL_REVIEW_REQUIRED,1,PENDING,distance=0.00m; nom=0.00; commune=0.00; priorite=4
e60088e9-cf94-4e41-ae65-a5390866b4b8,a87c11eb-2bba-44ef-8dc5-74e61b429b1e,02711e14-69ea-4cd2-b117-e099af655359,infra.rejet_domestique,338,2debf502-85fe-4a49-b676-9b9553c953e8,0.0,0.5400,DUPLICATE_EXACT,,SDK_DOM1_R5,,Zirara,REJET_DOMESTIQUE,infra.rejet_inventaire_pollution,MANUAL_REVIEW_REQUIRED,1,PENDING,distance=0.00m; nom=0.00; commune=0.00; priorite=4
e60088e9-cf94-4e41-ae65-a5390866b4b8,cd29f342-ab8d-41fc-b558-3a19e87154b4,1ed55445-15c1-43b5-9b68-11c306682067,infra.rejet_domestique,339,7b9c5f57-24d6-4980-bf94-160360abed75,0.0,0.5400,DUPLICATE_EXACT,,SDK_DOM1_R6,,Zirara,REJET_DOMESTIQUE,infra.rejet_inventaire_pollution,MANUAL_REVIEW_REQUIRED,1,PENDING,distance=0.00m; nom=0.00; commune=0.00; priorite=4
e60088e9-cf94-4e41-ae65-a5390866b4b8,bfab0d3b-becd-4308-9c5a-5c0164460bff,6685f113-f60a-487d-856f-d66ccc4489b2,infra.rejet_domestique,253,b82dca4d-30c7-47cf-a492-82ccd8072283,0.0,0.5400,DUPLICATE_EXACT,,KEN_dom1_R.C,,Kénitra,REJET_DOMESTIQUE,infra.rejet_inventaire_pollution,MANUAL_REVIEW_REQUIRED,1,PENDING,distance=0.00m; nom=0.00; commune=0.00; priorite=4
e60088e9-cf94-4e41-ae65-a5390866b4b8,d54f22d7-3640-48bf-bce0-4218da0752be,69a4ee06-b19e-456e-bfaa-65f246aebbb1,infra.rejet_domestique,254,833ade52-6545-425f-81bc-9e94e364f1c5,0.0,0.5400,DUPLICATE_EXACT,,KEN_dom1_R.D,,Kénitra,REJET_DOMESTIQUE,infra.rejet_inventaire_pollution,MANUAL_REVIEW_REQUIRED,1,PENDING,distance=0.00m; nom=0.00; commune=0.00; priorite=4
e60088e9-cf94-4e41-ae65-a5390866b4b8,bb2b037c-e629-4029-a685-bd50a58e5171,e5cf8096-c026-4e6a-a329-6c200363c1b4,infra.rejet_domestique,248,833ade52-6545-425f-81bc-9e94e364f1c5,0.0,0.5400,DUPLICATE_EXACT,,KEN_dom1_R.D,,Kénitra,REJET_DOMESTIQUE,infra.rejet_inventaire_pollution,MANUAL_REVIEW_REQUIRED,1,PENDING,distance=0.00m; nom=0.00; commune=0.00; priorite=4
e60088e9-cf94-4e41-ae65-a5390866b4b8,784706ed-ae26-4dca-974a-32ed901463da,17ffffb3-3e95-4daf-a705-19761db53ada,infra.rejet_domestique,250,c4327d3d-0f60-4bf8-baec-ae604f672f9e,0.0,0.5400,DUPLICATE_EXACT,,KEN_dom1_R.A,,Kénitra,REJET_DOMESTIQUE,infra.rejet_inventaire_pollution,MANUAL_REVIEW_REQUIRED,1,PENDING,distance=0.00m; nom=0.00; commune=0.00; priorite=4
e60088e9-cf94-4e41-ae65-a5390866b4b8,3459acb1-3d22-407c-8daf-757a0b4ed364,8b179c70-0d9e-43aa-9876-d2c70bd842f5,infra.rejet_domestique,249,4aca1694-3c50-41d8-a9b0-2a8f9182affc,0.0,0.5400,DUPLICATE_EXACT,,KEN_dom1_R.F,,Kénitra,REJET_DOMESTIQUE,infra.rejet_inventaire_pollution,MANUAL_REVIEW_REQUIRED,1,PENDING,distance=0.00m; nom=0.00; commune=0.00; priorite=4
e60088e9-cf94-4e41-ae65-a5390866b4b8,2e57243d-c003-4354-a777-113a782b127e,fda74bd3-fcc0-4eb5-9f41-437328036640,infra.rejet_domestique,251,41a260bf-aafd-49e2-a873-ef0b5d05f6ea,0.0,0.5400,DUPLICATE_EXACT,,KEN_dom1_R.B,,Kénitra,REJET_DOMESTIQUE,infra.rejet_inventaire_pollution,MANUAL_REVIEW_REQUIRED,1,PENDING,distance=0.00m; nom=0.00; commune=0.00; priorite=4
e60088e9-cf94-4e41-ae65-a5390866b4b8,de8b760a-fdbe-4167-94b0-0ac2c5d6c38b,0c7d9bff-22f3-4450-a1fb-02cddcddd344,infra.rejet_domestique,252,41a260bf-aafd-49e2-a873-ef0b5d05f6ea,0.0,0.5400,DUPLICATE_EXACT,,KEN_dom1_R.B,,Kénitra,REJET_DOMESTIQUE,infra.rejet_inventaire_pollution,MANUAL_REVIEW_REQUIRED,1,PENDING,distance=0.00m; nom=0.00; commune=0.00; priorite=4
e60088e9-cf94-4e41-ae65-a5390866b4b8,9f9f4724-3d8e-418f-af36-56162cd11286,dae88288-e700-4953-8768-50b18d07c4df,infra.rejet_domestique,255,6a845a8a-38f8-41e5-8562-d4963762f3e6,0.0,0.5400,DUPLICATE_EXACT,,KEN_dom1_R.E,,Kénitra,REJET_DOMESTIQUE,infra.rejet_inventaire_pollution,MANUAL_REVIEW_REQUIRED,1,PENDING,distance=0.00m; nom=0.00; commune=0.00; priorite=4
e60088e9-cf94-4e41-ae65-a5390866b4b8,4b7023ed-947e-4f09-9f30-c47a38a21b87,499fd4be-43aa-49f0-874a-04493b901b32,infra.rejet_domestique,256,4aca1694-3c50-41d8-a9b0-2a8f9182affc,0.0,0.5400,DUPLICATE_EXACT,,KEN_dom1_R.F,,Kénitra,REJET_DOMESTIQUE,infra.rejet_inventaire_pollution,MANUAL_REVIEW_REQUIRED,1,PENDING,distance=0.00m; nom=0.00; commune=0.00; priorite=4
e60088e9-cf94-4e41-ae65-a5390866b4b8,c46cdda0-7631-4b85-9ad5-13ca70fcffa0,5637a62b-f4f3-4f51-80cc-a95864ceae94,infra.rejet_domestique,8,a32d1eb1-8e6d-4647-bc4a-7e6cdbf34469,0.0,0.5400,DUPLICATE_EXACT,,BBR-PDS_R1,,Bab berred,REJET_DOMESTIQUE,infra.rejet_inventaire_pollution,MANUAL_REVIEW_REQUIRED,1,PENDING,distance=0.00m; nom=0.00; commune=0.00; priorite=4
e60088e9-cf94-4e41-ae65-a5390866b4b8,fb041e4c-ccda-463b-9321-47c63f6ada62,3f20891d-bbfa-4392-87eb-c8c0ea445ad5,infra.rejet_domestique,9,c9c631b2-543d-4f70-8457-8faffaa85574,0.0,0.5400,DUPLICATE_EXACT,,BBR-PDS_R2,,Bab berred,REJET_DOMESTIQUE,infra.rejet_inventaire_pollution,MANUAL_REVIEW_REQUIRED,1,PENDING,distance=0.00m; nom=0.00; commune=0.00; priorite=4
e60088e9-cf94-4e41-ae65-a5390866b4b8,d85572a7-7164-40f2-bee0-01150fd7563a,f67cf7a5-4e3b-48f2-8180-01bdf076cc95,infra.rejet_domestique,10,6117aa43-5f06-4903-8755-a34d5f1b363e,0.0,0.5400,DUPLICATE_EXACT,,BBR-PDS_R3,,Bab berred,REJET_DOMESTIQUE,infra.rejet_inventaire_pollution,MANUAL_REVIEW_REQUIRED,1,PENDING,distance=0.00m; nom=0.00; commune=0.00; priorite=4
e60088e9-cf94-4e41-ae65-a5390866b4b8,24f2fae4-f47f-4a24-9617-04829df9b647,5f11083e-fcc3-4383-840c-9f643bd40fc4,infra.rejet_domestique,11,1484f1ac-9041-4ea8-8dda-10bf8a757e36,0.0,0.5400,DUPLICATE_EXACT,,BBR-PDS_R4,,Bab berred,REJET_DOMESTIQUE,infra.rejet_inventaire_pollution,MANUAL_REVIEW_REQUIRED,1,PENDING,distance=0.00m; nom=0.00; commune=0.00; priorite=4
e60088e9-cf94-4e41-ae65-a5390866b4b8,91309a3d-b967-481f-b039-07a21d8c4b75,fe4a8c43-cb90-4053-bb5a-f7cb76449808,infra.rejet_domestique,310,2225f585-24fb-403d-b1de-bf6fa0045f2e,0.0,0.5400,DUPLICATE_EXACT,,AID_DOM1_R5,,Ain dfali,REJET_DOMESTIQUE,infra.rejet_inventaire_pollution,MANUAL_REVIEW_REQUIRED,1,PENDING,distance=0.00m; nom=0.00; commune=0.00; priorite=4
e60088e9-cf94-4e41-ae65-a5390866b4b8,0ef87aaa-c1df-413d-b5fc-3cd0992f61f3,69da622d-c587-4c36-9612-17e48ef37247,infra.rejet_domestique,312,ab132da6-2226-402c-bb41-2154ae870678,0.0,0.5400,DUPLICATE_EXACT,,AID_DOM1_R2,,Ain dfali,REJET_DOMESTIQUE,infra.rejet_inventaire_pollution,MANUAL_REVIEW_REQUIRED,1,PENDING,distance=0.00m; nom=0.00; commune=0.00; priorite=4
e60088e9-cf94-4e41-ae65-a5390866b4b8,22d8d65a-b3b2-4db9-ada3-cc8b6a31f40f,c1861ce3-e46f-46cc-b5b6-38ba09723c0a,infra.rejet_domestique,313,9e015b80-7bb1-459f-9997-9f460cc7ce6b,0.0,0.5400,DUPLICATE_EXACT,,AID_DOM1_R6,,Ain dfali,REJET_DOMESTIQUE,infra.rejet_inventaire_pollution,MANUAL_REVIEW_REQUIRED,1,PENDING,distance=0.00m; nom=0.00; commune=0.00; priorite=4
e60088e9-cf94-4e41-ae65-a5390866b4b8,cfc81aee-c7b0-4a0a-a753-c4bde5bff6a9,5dd1ed03-7945-4aa0-a7f6-d4bc1ea9c816,infra.rejet_domestique,314,801d52aa-940c-441f-af71-830cbffed933,0.0,0.5400,DUPLICATE_EXACT,,AID_DOM1_R3,,Ain dfali,REJET_DOMESTIQUE,infra.rejet_inventaire_pollution,MANUAL_REVIEW_REQUIRED,1,PENDING,distance=0.00m; nom=0.00; commune=0.00; priorite=4
e60088e9-cf94-4e41-ae65-a5390866b4b8,56cdda24-6153-4ce3-ad2f-84df409f63c3,05923c79-80dc-4b10-ab9d-55cf57cdc6cb,infra.rejet_domestique,315,0411a9a9-0cca-4cbb-a14f-f56686967a8e,0.0,0.5400,DUPLICATE_EXACT,,AID_DOM1_R4,,Ain dfali,REJET_DOMESTIQUE,infra.rejet_inventaire_pollution,MANUAL_REVIEW_REQUIRED,1,PENDING,distance=0.00m; nom=0.00; commune=0.00; priorite=4
e60088e9-cf94-4e41-ae65-a5390866b4b8,ef31fc12-0467-4008-9a45-61d90deae55e,1590431e-c3ca-421c-9a33-3154a6f3c5c9,infra.rejet_domestique,317,988279df-5a48-44a9-aa45-eb29d4ef1bdc,0.0,0.5400,DUPLICATE_EXACT,,SAH_DOM1_R1,,Sidi Ameur Al Hadi,REJET_DOMESTIQUE,infra.rejet_inventaire_pollution,MANUAL_REVIEW_REQUIRED,1,PENDING,distance=0.00m; nom=0.00; commune=0.00; priorite=4
e60088e9-cf94-4e41-ae65-a5390866b4b8,ad66ad76-4d2b-44c2-ab29-2fcd33e9add1,19aceb9d-06a9-40a2-9126-0485e8369288,infra.rejet_inventaire_pollution,e46e7483-01c3-4e3c-aefb-c811015fa2b2,73dbdb6c-e3ba-4d67-9113-24c91e3795e8,0.0,0.5250,DUPLICATE_EXACT,,AID_DOM1_R4,Chbanate,ECHEBANATE,REJET,qualite.source_pollution_prelevement,MANUAL_REVIEW_REQUIRED,1,PENDING,distance=0.00m; nom=0.00; commune=0.00; priorite=5
e60088e9-cf94-4e41-ae65-a5390866b4b8,b2baca83-f5e4-4e7a-b9b2-12f0dc24ec90,187d65ec-b730-4443-896f-0198cbfe01a9,infra.rejet_inventaire_pollution,aef12977-432f-48d3-af76-289e70417044,14f08e78-6153-4d08-96e3-69c1125c973d,0.0,0.5250,DUPLICATE_EXACT,,SDK_DOM1_R1,Zirara,Sidi kacem,REJET,infra.rejet_inventaire_pollution,MANUAL_REVIEW_REQUIRED,1,PENDING,distance=0.00m; nom=0.00; commune=0.00; priorite=5
e60088e9-cf94-4e41-ae65-a5390866b4b8,2c2b2761-d17a-4a68-b2b2-e404888bdb0c,cbde7e51-54bb-4eae-8b72-d4269cbe29c8,infra.rejet_inventaire_pollution,729f5bdd-f6c4-466f-b7fd-1473661e0a51,724c387d-7609-4f60-a42a-a5ad5e51989e,0.0,0.5250,DUPLICATE_EXACT,,MHD_DOM1_BILADI_R1,Mhedya,MEHDIA,REJET,qualite.source_pollution_prelevement,MANUAL_REVIEW_REQUIRED,1,PENDING,distance=0.00m; nom=0.00; commune=0.00; priorite=5
