run_id,review_id,candidate_id,source_layer,source_id,master_site_id,distance_m,score,conflict_type,source_name,master_site_name,commune_source,commune_master,source_type_source,source_type_master,recommended_decision,review_priority,review_status,reason
e60088e9-cf94-4e41-ae65-a5390866b4b8,89a68959-a148-4787-8478-79c0a9f56211,40f252f2-4c63-4f36-99b2-ab7187ef58f7,infra.huilerie_inventaire_pollution,64031fd6-79a5-495a-bc72-c76aa2621a6a,9864f838-228f-402d-9a4c-54451a6169f3,0.0,0.9250,DUPLICATE_EXACT,Huilerie Dromamed,Huilerie Dromamed,Oued El Malha,Oued El Malha,HUILERIE,infra.huilerie_inventaire_pollution,MANUAL_REVIEW_REQUIRED,1,PENDING,distance=0.00m; nom=1.00; commune=1.00; priorite=5
e60088e9-cf94-4e41-ae65-a5390866b4b8,c089a239-620d-45f9-a2d8-19bece7c43ab,7459b82e-99a5-4279-bfbd-661e1b6ef3f6,infra.huilerie_inventaire_pollution,6191e801-18b9-4602-a309-a474b1a9083d,86a72638-02dd-4894-950e-93ded7912d0f,0.0,0.9250,DUPLICATE_EXACT,Abd Errahmane Outaleb,Abd Errahmane Outaleb,Ait Yaazem,Ait Yaazem,HUILERIE,infra.huilerie_inventaire_pollution,MANUAL_REVIEW_REQUIRED,1,PENDING,distance=0.00m; nom=1.00; commune=1.00; priorite=5
e60088e9-cf94-4e41-ae65-a5390866b4b8,87c31ff0-3504-4935-92cb-1341cd5cbbe1,09a837e0-ddc3-4c92-a467-d895ef130c20,infra.huilerie_inventaire_pollution,9bd8390a-1116-4d89-b380-b37b5d73468b,66d005c6-87ab-436c-bacb-394dfe8ecd4f,0.0,0.9250,DUPLICATE_EXACT,Abdelaziz Lkhayat,Abdelaziz Lkhayat,N'ZALAT BNI AMAR,N'ZALAT BNI AMAR,HUILERIE,infra.huilerie_inventaire_pollution,MANUAL_REVIEW_REQUIRED,1,PENDING,distance=0.00m; nom=1.00; commune=1.00; priorite=5
e60088e9-cf94-4e41-ae65-a5390866b4b8,da1253cf-3ff5-4a5a-9226-a5fecf46ebbd,08aa327d-6150-4155-90b5-a3a7d122641e,infra.huilerie_inventaire_pollution,c124e975-f6a1-4de6-89ad-5fea521bb6bf,c3d81ada-4817-445d-8633-cae94e99bd2d,0.0,0.9250,DUPLICATE_EXACT,Abdelouahab Lehgui,Abdelouahab Lehgui,M'HAYA,M'HAYA,HUILERIE,infra.huilerie_inventaire_pollution,MANUAL_REVIEW_REQUIRED,1,PENDING,distance=0.00m; nom=1.00; commune=1.00; priorite=5
e60088e9-cf94-4e41-ae65-a5390866b4b8,b14e8522-fb8b-4f40-9e18-ae3a4617b01c,bc149d8c-4bec-4fb0-924d-b82b109c7e38,infra.huilerie_inventaire_pollution,d9621775-4b37-43fe-9113-7c11f950040e,adfcaeff-06c5-4729-a20b-74e72ed8bf6e,0.0,0.9250,DUPLICATE_EXACT,Abdlaoui,Abdlaoui,Bab marzouka,Bab marzouka,HUILERIE,infra.huilerie_inventaire_pollution,MANUAL_REVIEW_REQUIRED,1,PENDING,distance=0.00m; nom=1.00; commune=1.00; priorite=5
e60088e9-cf94-4e41-ae65-a5390866b4b8,3715240c-506f-41d7-83eb-1af51146da1d,e07d1f85-0a37-46b9-842a-b12eebfe10cd,infra.huilerie_inventaire_pollution,91b20f17-8194-44db-bf32-0efb7c47acb4,bbc96a55-7d83-4699-88f5-37c50dd66604,0.0,0.9250,DUPLICATE_EXACT,Abou Karim,Abou Karim,LAQSIR,LAQSIR,HUILERIE,infra.huilerie_inventaire_pollution,MANUAL_REVIEW_REQUIRED,1,PENDING,distance=0.00m; nom=1.00; commune=1.00; priorite=5
e60088e9-cf94-4e41-ae65-a5390866b4b8,71ca9738-2f3e-4b53-9ee2-8413aae8cd9c,2b15acce-4fe5-4752-8535-aa6a715eb80a,infra.huilerie_inventaire_pollution,b562ed7b-ad7e-4660-824e-bd7c32224666,dc892f54-47f7-4847-9198-71c67d3d9172,0.0,0.9250,DUPLICATE_EXACT,ABOUSSAAD,ABOUSSAAD,Ratba,Ratba,HUILERIE,infra.huilerie_inventaire_pollution,MANUAL_REVIEW_REQUIRED,1,PENDING,distance=0.00m; nom=1.00; commune=1.00; priorite=5
e60088e9-cf94-4e41-ae65-a5390866b4b8,880c1122-f8bc-4ced-b938-a6116501a0f0,76ffc7af-7638-4f8e-a67c-af851bbb26db,infra.huilerie_inventaire_pollution,3bd426cd-4589-440c-a77c-39aa8d1bce15,edf55a5f-d476-4c8a-9c2a-ee9013be81d4,0.0,0.9250,DUPLICATE_EXACT,Achbar,Achbar,Zrarda,Zrarda,HUILERIE,infra.huilerie_inventaire_pollution,MANUAL_REVIEW_REQUIRED,1,PENDING,distance=0.00m; nom=1.00; commune=1.00; priorite=5
e60088e9-cf94-4e41-ae65-a5390866b4b8,2b41caad-3c11-4440-83fd-ba1a5f0f67b2,bbcd48ec-567e-4256-8b0b-c282a68759b9,infra.huilerie_inventaire_pollution,947d3da2-abbd-4e70-8d7e-c05bc820745e,05bc414b-1587-420b-87ef-fef50a71687c,0.0,0.9250,DUPLICATE_EXACT,Achbari Chaib,Achbari Chaib,Ait Yaazem,Ait Yaazem,HUILERIE,infra.huilerie_inventaire_pollution,MANUAL_REVIEW_REQUIRED,1,PENDING,distance=0.00m; nom=1.00; commune=1.00; priorite=5
e60088e9-cf94-4e41-ae65-a5390866b4b8,c4455e09-8b39-42e9-adad-48f654125f7e,af3603bb-d812-4d35-8765-2e8d083ad055,infra.huilerie_inventaire_pollution,4b76959e-41dc-44ae-a6fe-fce2887e861e,55f6c676-1ac1-4244-a83f-eb76ab26feb8,0.0,0.9250,DUPLICATE_EXACT,Adouyat,Adouyat,SBAA ROUADI,SBAA ROUADI,HUILERIE,infra.huilerie_inventaire_pollution,MANUAL_REVIEW_REQUIRED,1,PENDING,distance=0.00m; nom=1.00; commune=1.00; priorite=5
e60088e9-cf94-4e41-ae65-a5390866b4b8,ee72ccfa-935c-4d7f-9678-6a6ad027d498,f1c1f688-0e5a-4a82-8efe-ca52359ef56a,infra.huilerie_inventaire_pollution,3c393312-47e2-46fa-ac85-bbbb570e3cb1,76b41a0d-6d5a-4736-8cf9-da2fe2400823,0.0,0.9250,DUPLICATE_EXACT,Aghbal,Aghbal,Bouchfaa,Bouchfaa,HUILERIE,infra.huilerie_inventaire_pollution,MANUAL_REVIEW_REQUIRED,1,PENDING,distance=0.00m; nom=1.00; commune=1.00; priorite=5
e60088e9-cf94-4e41-ae65-a5390866b4b8,7f47fd1d-d968-4d3a-812b-cf72dad80aaf,ec6651b3-1811-4d72-8cde-3ddb964f9956,infra.huilerie_inventaire_pollution,ed479b72-2d0d-489a-aead-e2c4c183eb18,bfbdf87b-4efb-49f9-a248-6687e2a5b40d,0.0,0.9250,DUPLICATE_EXACT,Agri M'Haya,Agri M'Haya,LAQSIR,LAQSIR,HUILERIE,infra.huilerie_inventaire_pollution,MANUAL_REVIEW_REQUIRED,1,PENDING,distance=0.00m; nom=1.00; commune=1.00; priorite=5
e60088e9-cf94-4e41-ae65-a5390866b4b8,dee15a73-5bd6-4011-a415-96abcfc9cf2e,4405e947-2714-429d-95b2-e237138835f2,infra.huilerie_inventaire_pollution,4c167cd4-9580-4868-8484-452d6264b2bb,32aeb5b4-c38f-4bdb-92d4-bf8a94906b17,0.0,0.9250,DUPLICATE_EXACT,AHMED BOUHSABA1,AHMED BOUHSABA1,dkhissa,dkhissa,HUILERIE,infra.huilerie_inventaire_pollution,MANUAL_REVIEW_REQUIRED,1,PENDING,distance=0.00m; nom=1.00; commune=1.00; priorite=5
e60088e9-cf94-4e41-ae65-a5390866b4b8,cf5cd6b5-843e-4577-a293-94223170d8b6,709a0888-f78c-40ef-9b77-25339f9c43d5,infra.huilerie_inventaire_pollution,df435249-d65b-4635-b641-ec574b3df6ae,90f3960b-5c85-4f8a-aa7d-a58204d50ba3,0.0,0.9250,DUPLICATE_EXACT,Ahmed el khider,Ahmed el khider,Oued jdida,Oued jdida,HUILERIE,infra.huilerie_inventaire_pollution,MANUAL_REVIEW_REQUIRED,1,PENDING,distance=0.00m; nom=1.00; commune=1.00; priorite=5
e60088e9-cf94-4e41-ae65-a5390866b4b8,38f92f6d-db9b-48de-8a1d-d167fc74370e,ee18bbcf-66ad-4be1-b185-2b86621a3f06,infra.huilerie_inventaire_pollution,de77f782-00a6-42b1-aa4c-ec684a3e8d8c,e94c4c78-860d-4b17-a66f-ba4376d11605,0.0,0.9250,DUPLICATE_EXACT,Ain Alah,Ain Alah,SBAA ROUADI,SBAA ROUADI,HUILERIE,infra.huilerie_inventaire_pollution,MANUAL_REVIEW_REQUIRED,1,PENDING,distance=0.00m; nom=1.00; commune=1.00; priorite=5
e60088e9-cf94-4e41-ae65-a5390866b4b8,a6362879-bb55-42da-8d8d-ff9efc4f463f,91fabce2-3fa7-4f5f-97fc-b79d9d04cf4e,infra.huilerie_inventaire_pollution,90d1e60d-29c9-4f60-9e4b-ff8a73931faa,a32a13ec-a661-4f4e-80b3-5d9da6289724,0.0,0.9250,DUPLICATE_EXACT,Ain Mandar,Ain Mandar,Ouannana,Ouannana,HUILERIE,infra.huilerie_inventaire_pollution,MANUAL_REVIEW_REQUIRED,1,PENDING,distance=0.00m; nom=1.00; commune=1.00; priorite=5
e60088e9-cf94-4e41-ae65-a5390866b4b8,2c22b550-b7da-4218-b047-ede9d2c87016,ce2eba02-5bfc-4f19-be3d-6aa3a96b396b,infra.huilerie_inventaire_pollution,32faf141-934d-4f16-adb8-70318d2aba48,a541d0fc-6f7d-44db-8898-4d456142e5ce,0.0,0.9250,DUPLICATE_EXACT,Ait ali ouahmed,Ait ali ouahmed,Aghbalou aqorar,Aghbalou aqorar,HUILERIE,infra.huilerie_inventaire_pollution,MANUAL_REVIEW_REQUIRED,1,PENDING,distance=0.00m; nom=1.00; commune=1.00; priorite=5
e60088e9-cf94-4e41-ae65-a5390866b4b8,84a8146c-a3f3-4efa-a268-c2a0025eca78,7093178e-e8a4-4b78-8c0b-953872c3a738,infra.huilerie_inventaire_pollution,7d7f77c0-282a-46bb-a962-417354da131b,c38685b4-4fab-42b9-b547-2eafb3b86d2d,0.0,0.9250,DUPLICATE_EXACT,Ait El Maati Abd Ellah,Ait El Maati Abd Ellah,Ait Yaazem,Ait Yaazem,HUILERIE,infra.huilerie_inventaire_pollution,MANUAL_REVIEW_REQUIRED,1,PENDING,distance=0.00m; nom=1.00; commune=1.00; priorite=5
e60088e9-cf94-4e41-ae65-a5390866b4b8,e07841b8-448c-48f7-b5ee-ebc7dfbbfca7,26745cb9-3121-4882-8067-2ab3a7b8fef0,infra.huilerie_inventaire_pollution,75885cc0-b17a-44b1-98ad-0bd293010cab,91491ee0-09f5-41a1-b318-55074e5dc65e,0.0,0.9250,DUPLICATE_EXACT,Ait El Maati Med,Ait El Maati Med,Ait Yaazem,Ait Yaazem,HUILERIE,infra.huilerie_inventaire_pollution,MANUAL_REVIEW_REQUIRED,1,PENDING,distance=0.00m; nom=1.00; commune=1.00; priorite=5
e60088e9-cf94-4e41-ae65-a5390866b4b8,71d2d7e1-83b8-4e04-93e3-2f7a81e8bdbd,1eaf1ce6-e396-4256-808f-16cf25ef6d96,infra.huilerie_inventaire_pollution,ed314de8-145e-462c-afba-f47cff1b6044,7a7caa89-c98d-4acb-b6c5-462ef66a0895,0.0,0.9250,DUPLICATE_EXACT,AJAMS,AJAMS,Sidi Redouane,Sidi Redouane,HUILERIE,infra.huilerie_inventaire_pollution,MANUAL_REVIEW_REQUIRED,1,PENDING,distance=0.00m; nom=1.00; commune=1.00; priorite=5
e60088e9-cf94-4e41-ae65-a5390866b4b8,0605f805-e2ac-414e-aa8d-5da7451b2b8b,746e63ef-b1c2-4611-abda-71e72b15cb2e,infra.huilerie_inventaire_pollution,4676ce04-cc8d-4f9d-80d9-025e23b8d644,afe01b28-0f77-4940-bf9e-df1259a86adb,0.0,0.9250,DUPLICATE_EXACT,Aklla,Aklla,Oued amlil,Oued amlil,HUILERIE,infra.huilerie_inventaire_pollution,MANUAL_REVIEW_REQUIRED,1,PENDING,distance=0.00m; nom=1.00; commune=1.00; priorite=5
e60088e9-cf94-4e41-ae65-a5390866b4b8,c18c0bdc-3625-4e85-850c-1e5c99a9c6e3,44be9225-ce2e-444b-9b0b-38e7a7fb03a7,infra.huilerie_inventaire_pollution,fe5dbdf6-ff6f-434f-90b6-8bb42ca11461,113b9549-17f6-4f2a-bb6d-75c00136ded4,0.0,0.9250,DUPLICATE_EXACT,Al Jouira Alghinaoui,Al Jouira Alghinaoui,LAAJAJRA,LAAJAJRA,HUILERIE,infra.huilerie_inventaire_pollution,MANUAL_REVIEW_REQUIRED,1,PENDING,distance=0.00m; nom=1.00; commune=1.00; priorite=5
e60088e9-cf94-4e41-ae65-a5390866b4b8,62cdc4ce-fe37-49fe-ae7a-0f3261ecbb86,e4e01bf3-cfa8-468a-91ab-9e7c0d4a2d01,infra.huilerie_inventaire_pollution,88085654-c578-4e3b-b20b-44224e8ec6a1,3553520c-f5c0-4b11-b7bb-b64909203643,0.0,0.9250,DUPLICATE_EXACT,Al Mahmoudi,Al Mahmoudi,Bni Qoulla,Bni Qoulla,HUILERIE,infra.huilerie_inventaire_pollution,MANUAL_REVIEW_REQUIRED,1,PENDING,distance=0.00m; nom=1.00; commune=1.00; priorite=5
e60088e9-cf94-4e41-ae65-a5390866b4b8,2d3a6a29-dcef-42f6-a1ca-efd50a8faca9,45d2cc29-1fa8-4544-91ae-ea1bf1580219,infra.huilerie_inventaire_pollution,e7ffe877-8e1c-44a0-a453-c4d75f052dd0,8b59aa7e-5153-4fc1-b661-58cdd3b9cd00,0.0,0.9250,DUPLICATE_EXACT,Al Mansoura,Al Mansoura,Bni Qoulla,Bni Qoulla,HUILERIE,infra.huilerie_inventaire_pollution,MANUAL_REVIEW_REQUIRED,1,PENDING,distance=0.00m; nom=1.00; commune=1.00; priorite=5
e60088e9-cf94-4e41-ae65-a5390866b4b8,7b4aaaea-54c7-4103-8614-2bbb0b188930,cdd949ab-3ee2-4f0b-98c1-ad123ca9659a,infra.huilerie_inventaire_pollution,31901b12-9c92-4161-8354-30f9423197fa,1b5268eb-280e-403a-9bb4-efab7e6e78e1,0.0,0.9250,DUPLICATE_EXACT,Al Marinyenne,Al Marinyenne,Bni Qoulla,Bni Qoulla,HUILERIE,infra.huilerie_inventaire_pollution,MANUAL_REVIEW_REQUIRED,1,PENDING,distance=0.00m; nom=1.00; commune=1.00; priorite=5
e60088e9-cf94-4e41-ae65-a5390866b4b8,e63f8440-331d-4343-a84d-8a592ba7b308,1afa87f7-24a6-4f70-b31d-c578862b147a,infra.huilerie_inventaire_pollution,f3fc194b-70ab-4db2-a223-f95512058158,3b05cc77-ffbf-4731-8e7a-d6fc4c218480,0.0,0.9250,DUPLICATE_EXACT,Al Masmoudia,Al Masmoudia,Masmouda,Masmouda,HUILERIE,infra.huilerie_inventaire_pollution,MANUAL_REVIEW_REQUIRED,1,PENDING,distance=0.00m; nom=1.00; commune=1.00; priorite=5
e60088e9-cf94-4e41-ae65-a5390866b4b8,cff39937-4bdb-4da9-b872-725335e68374,f4977785-b7d8-44e9-b813-92631feb80ec,infra.huilerie_inventaire_pollution,edc121e0-5cab-452d-8d6f-c615d0ab2e19,38793702-8f55-451e-bcfb-d30743bc1a5c,0.0,0.9250,DUPLICATE_EXACT,ATTARI MOHAMED,ATTARI MOHAMED,MGHASSIYINE,MGHASSIYINE,HUILERIE,infra.huilerie_inventaire_pollution,MANUAL_REVIEW_REQUIRED,1,PENDING,distance=0.00m; nom=1.00; commune=1.00; priorite=5
e60088e9-cf94-4e41-ae65-a5390866b4b8,b4a96e6d-a1a6-48c6-ba96-036ac8f9edd4,9df5f074-8ab3-4573-9efd-5913d56fbe54,infra.huilerie_inventaire_pollution,b9618954-31f3-4bf6-9b8b-d4d9656f26a8,68c2ef39-af73-46ee-8e9f-60ed84a20838,0.0,0.9250,DUPLICATE_EXACT,Alhalouiyine,Alhalouiyine,Sidi Redouane,Sidi Redouane,HUILERIE,infra.huilerie_inventaire_pollution,MANUAL_REVIEW_REQUIRED,1,PENDING,distance=0.00m; nom=1.00; commune=1.00; priorite=5
e60088e9-cf94-4e41-ae65-a5390866b4b8,c69e2c1b-bff8-49ed-9ade-c6bb92c9dd6e,eb8b78e9-ce9d-4f83-9bb3-c9af021668c6,infra.huilerie_inventaire_pollution,e0e34604-6310-4f48-9ffc-0b77d7636984,1dc1b9bd-3236-4a50-b0b7-fd818e3c481b,0.0,0.9250,DUPLICATE_EXACT,Amellal agro,Amellal agro,Zrarda,Zrarda,HUILERIE,infra.huilerie_inventaire_pollution,MANUAL_REVIEW_REQUIRED,1,PENDING,distance=0.00m; nom=1.00; commune=1.00; priorite=5
e60088e9-cf94-4e41-ae65-a5390866b4b8,636e388d-9fd3-4bd6-aa27-dab2c71ee9a9,c3cc64ba-8a26-4e9f-88c6-6d999ae1f9ea,infra.huilerie_inventaire_pollution,ff527a8a-7fa8-4ff4-824c-3e91f930d581,84f40d93-5d30-4643-a28a-f4f8123649d9,0.0,0.9250,DUPLICATE_EXACT,ANSSAM,ANSSAM,IGHZRAN,IGHZRAN,HUILERIE,infra.huilerie_inventaire_pollution,MANUAL_REVIEW_REQUIRED,1,PENDING,distance=0.00m; nom=1.00; commune=1.00; priorite=5
e60088e9-cf94-4e41-ae65-a5390866b4b8,8ee91db8-b48f-4e60-9621-07c0d5ba19df,c3aad554-19c9-472d-909b-8c82d17b1553,infra.huilerie_inventaire_pollution,275b6db2-4849-4196-806a-ad6777322c09,5d420dc7-0e5e-4d12-8aab-2218256d701f,0.0,0.9250,DUPLICATE_EXACT,Association Taskana,Association Taskana,Mansoura,Mansoura,HUILERIE,infra.huilerie_inventaire_pollution,MANUAL_REVIEW_REQUIRED,1,PENDING,distance=0.00m; nom=1.00; commune=1.00; priorite=5
e60088e9-cf94-4e41-ae65-a5390866b4b8,0cebb306-e51d-4fd5-8a21-2c9342cff9a1,63a6f43d-fd6a-4a94-a6d5-ca2d4a364496,infra.huilerie_inventaire_pollution,e249af5d-9746-43c1-a383-0ef382347357,ca489fd3-fbba-4caa-afd3-efaac0d55f6d,0.0,0.9250,DUPLICATE_EXACT,Bab Ezzhar,Bab Ezzhar,Moulay Driss Zerhoun,Moulay Driss Zerhoun,HUILERIE,infra.huilerie_inventaire_pollution,MANUAL_REVIEW_REQUIRED,1,PENDING,distance=0.00m; nom=1.00; commune=1.00; priorite=5
e60088e9-cf94-4e41-ae65-a5390866b4b8,c1c495fd-9cb5-4ecc-adeb-ee17a75f834d,eabeb52a-0159-420a-9623-acd90173ddb6,infra.huilerie_inventaire_pollution,49a0b922-e40d-410c-9132-1a146e8c03a4,c147cd72-d085-4ebd-bd19-7123c24e7e28,0.0,0.9250,DUPLICATE_EXACT,Bab haoura,Bab haoura,Oulad zbair,Oulad zbair,HUILERIE,infra.huilerie_inventaire_pollution,MANUAL_REVIEW_REQUIRED,1,PENDING,distance=0.00m; nom=1.00; commune=1.00; priorite=5
e60088e9-cf94-4e41-ae65-a5390866b4b8,cf4969e8-c2fd-43d4-a699-38ca665c70f6,d5bce26d-bf92-4114-91b2-0a179b876366,infra.huilerie_inventaire_pollution,a22c5e1a-6942-47b2-a527-9cd8bf0b0058,e2078b14-7faa-42d9-9517-b1eba18ab3f4,0.0,0.9250,DUPLICATE_EXACT,BADAS,BADAS,LAAJAJRA,LAAJAJRA,HUILERIE,infra.huilerie_inventaire_pollution,MANUAL_REVIEW_REQUIRED,1,PENDING,distance=0.00m; nom=1.00; commune=1.00; priorite=5
e60088e9-cf94-4e41-ae65-a5390866b4b8,5b753715-ec9b-4985-bb7a-feffd47e88c1,e92005ff-6c76-4d18-87e2-2c4d5fa50036,infra.huilerie_inventaire_pollution,cfc2b55f-3e83-4fa9-8d4c-ec3892260141,ac6176c6-6cf1-4264-97bc-436dda75cc16,0.0,0.9250,DUPLICATE_EXACT,Bakir Mustafa,Bakir Mustafa,M'HAYA,M'HAYA,HUILERIE,infra.huilerie_inventaire_pollution,MANUAL_REVIEW_REQUIRED,1,PENDING,distance=0.00m; nom=1.00; commune=1.00; priorite=5
e60088e9-cf94-4e41-ae65-a5390866b4b8,24299278-2932-4fc2-8dcc-b44a5756894d,94f382fe-e3b3-49e7-a2d0-d9f73e0c6760,infra.huilerie_inventaire_pollution,5822a5af-3809-4553-9e0f-d70555e774ad,6907e2b0-76f9-4e1c-8a13-6a24fb98a908,0.0,0.9250,DUPLICATE_EXACT,Barajlin,Barajlin,Majmaa tolba,Majmaa tolba,HUILERIE,infra.huilerie_inventaire_pollution,MANUAL_REVIEW_REQUIRED,1,PENDING,distance=0.00m; nom=1.00; commune=1.00; priorite=5
e60088e9-cf94-4e41-ae65-a5390866b4b8,30388e15-e662-43e8-9c2e-acdb21588b5e,57d6653e-aeac-44de-b37a-a43b6a87d316,infra.huilerie_inventaire_pollution,24b8d147-89af-4e20-972d-44b84766b517,d78474b8-041a-4e68-bf4c-2ef330f9b421,0.0,0.9250,DUPLICATE_EXACT,Baraka,Baraka,Khlalfa,Khlalfa,HUILERIE,infra.huilerie_inventaire_pollution,MANUAL_REVIEW_REQUIRED,1,PENDING,distance=0.00m; nom=1.00; commune=1.00; priorite=5
e60088e9-cf94-4e41-ae65-a5390866b4b8,6a3bce8d-e298-4bb0-901d-39f752a3047e,34a38654-db0c-4150-aa32-e1ff90c12bf1,infra.huilerie_inventaire_pollution,8a39fc18-4434-4d9d-8f93-198a4e07f64a,6eadca42-a17c-4bd5-b835-964129ade136,0.0,0.9250,DUPLICATE_EXACT,BARAKA,BARAKA,Sefrou,Sefrou,HUILERIE,infra.huilerie_inventaire_pollution,MANUAL_REVIEW_REQUIRED,1,PENDING,distance=0.00m; nom=1.00; commune=1.00; priorite=5
e60088e9-cf94-4e41-ae65-a5390866b4b8,8cff1f03-e85c-4af1-a760-d1f2183cb427,a0685a63-9010-4a3f-8f7c-bb6404591d19,infra.huilerie_inventaire_pollution,85976281-6e7e-40fe-b1be-f90ecc9b4fdb,9acf3e36-6083-4df6-a623-b46b8645cedc,0.0,0.9250,DUPLICATE_EXACT,Baraka,Baraka,Skoura m'daz,Skoura m'daz,HUILERIE,infra.huilerie_inventaire_pollution,MANUAL_REVIEW_REQUIRED,1,PENDING,distance=0.00m; nom=1.00; commune=1.00; priorite=5
e60088e9-cf94-4e41-ae65-a5390866b4b8,701af977-c64a-4b05-a595-9ae2afc6dd71,1dfc8c75-7856-4f80-ab90-ae2a78259cd8,infra.huilerie_inventaire_pollution,6d9eccfe-274f-41e6-b88a-8a193129b356,e0438218-ea95-408a-99fe-d7b8a7ab0da9,0.0,0.9250,DUPLICATE_EXACT,Bassatine Ouezzane,Bassatine Ouezzane,Bni Qoulla,Bni Qoulla,HUILERIE,infra.huilerie_inventaire_pollution,MANUAL_REVIEW_REQUIRED,1,PENDING,distance=0.00m; nom=1.00; commune=1.00; priorite=5
e60088e9-cf94-4e41-ae65-a5390866b4b8,812434cb-f662-4722-a04e-8a85cafc1a55,ea1b6e98-fa8f-40cb-9634-a11cb9dc90ee,infra.huilerie_inventaire_pollution,8309be39-3f93-4f02-85f5-6b5e93118182,78cd639d-69f2-442a-b228-9c89016823f7,0.0,0.9250,DUPLICATE_EXACT,Bel Abbass,Bel Abbass,M_D Zarhoune,M_D Zarhoune,HUILERIE,infra.huilerie_inventaire_pollution,MANUAL_REVIEW_REQUIRED,1,PENDING,distance=0.00m; nom=1.00; commune=1.00; priorite=5
e60088e9-cf94-4e41-ae65-a5390866b4b8,a470c36c-d213-4def-81e3-6f644a8c4f10,e3c83982-a08f-4944-8e59-d0a61ced4233,infra.huilerie_inventaire_pollution,7907a356-a948-467e-ab9f-dedc7a04b582,1f0a00a7-d06a-4b04-a5c9-2e87d95f4be9,0.0,0.9250,DUPLICATE_EXACT,Belaid M'hamad,Belaid M'hamad,N'ZALAT BNI AMAR,N'ZALAT BNI AMAR,HUILERIE,infra.huilerie_inventaire_pollution,MANUAL_REVIEW_REQUIRED,1,PENDING,distance=0.00m; nom=1.00; commune=1.00; priorite=5
e60088e9-cf94-4e41-ae65-a5390866b4b8,135b485b-d8e1-4143-b4b1-3a35bf88789f,6e63409b-0371-47ef-9c83-fb34585d6114,infra.huilerie_inventaire_pollution,ea09590f-1963-42a8-b519-b141dd25bc07,47d278c7-a72f-404e-922d-a8e653222cc9,0.0,0.9250,DUPLICATE_EXACT,Belhaj,Belhaj,Bni Qoulla,Bni Qoulla,HUILERIE,infra.huilerie_inventaire_pollution,MANUAL_REVIEW_REQUIRED,1,PENDING,distance=0.00m; nom=1.00; commune=1.00; priorite=5
e60088e9-cf94-4e41-ae65-a5390866b4b8,30239c4b-a3ae-4a3a-99c1-e553bf762537,b2b194be-7fa0-4bfe-92f8-cfec7a0cf892,infra.huilerie_inventaire_pollution,c66a74df-0bd3-4ab7-9767-36fab33de147,b3e20f90-a760-4055-ad8e-68971fadbd3f,0.0,0.9250,DUPLICATE_EXACT,Belhaj Ali,Belhaj Ali,MGHASSIYINE,MGHASSIYINE,HUILERIE,infra.huilerie_inventaire_pollution,MANUAL_REVIEW_REQUIRED,1,PENDING,distance=0.00m; nom=1.00; commune=1.00; priorite=5
e60088e9-cf94-4e41-ae65-a5390866b4b8,9408eaac-622b-47ad-84f8-f2f68920ac85,ee141e2d-c97e-4e3b-86a7-1a10f360107a,infra.huilerie_inventaire_pollution,2c10049d-c898-47b4-a710-9ce61a14055b,91ecfb57-59a3-4eb8-a929-b8f690c656ed,0.0,0.9250,DUPLICATE_EXACT,Ben salem Defaa,Ben salem Defaa,N'ZALAT BNI AMAR,N'ZALAT BNI AMAR,HUILERIE,infra.huilerie_inventaire_pollution,MANUAL_REVIEW_REQUIRED,1,PENDING,distance=0.00m; nom=1.00; commune=1.00; priorite=5
e60088e9-cf94-4e41-ae65-a5390866b4b8,c881ab4a-6b50-44a6-9709-49742bcfe352,9c285f1b-5e63-4341-b0a1-be74a6b4b6af,infra.huilerie_inventaire_pollution,81763713-dadf-43ad-a108-cf2c640a8317,5d648bd6-91a3-4728-9aa0-adac7bb7188a,0.0,0.9250,DUPLICATE_EXACT,Bouaza Thami,Bouaza Thami,Dkhissa,Dkhissa,HUILERIE,infra.huilerie_inventaire_pollution,MANUAL_REVIEW_REQUIRED,1,PENDING,distance=0.00m; nom=1.00; commune=1.00; priorite=5
e60088e9-cf94-4e41-ae65-a5390866b4b8,de393f6e-b602-439c-9ba2-d8aec30df0f5,a546f1de-57cd-4f4c-8766-e2bdfbe941c1,infra.huilerie_inventaire_pollution,56c0dffb-cf70-452b-9580-67eb1ecae09d,494d1c2d-2340-49c5-8338-ac877911ca5c,0.0,0.9250,DUPLICATE_EXACT,Benaouda allal,Benaouda allal,Sidi Slimane Moul Alkifane,Sidi Slimane Moul Alkifane,HUILERIE,infra.huilerie_inventaire_pollution,MANUAL_REVIEW_REQUIRED,1,PENDING,distance=0.00m; nom=1.00; commune=1.00; priorite=5
e60088e9-cf94-4e41-ae65-a5390866b4b8,4ab4896c-390b-44d2-be68-04c06c91722b,25b91d95-3a61-4dea-8195-c215e4fb6eaf,infra.huilerie_inventaire_pollution,9b1f317f-8cfb-4b40-8de8-41b9c42c2e75,c209a3ad-ff98-4d25-a6f4-9c15ecfae708,0.0,0.9250,DUPLICATE_EXACT,Bengraa Khalid,Bengraa Khalid,M'HAYA,M'HAYA,HUILERIE,infra.huilerie_inventaire_pollution,MANUAL_REVIEW_REQUIRED,1,PENDING,distance=0.00m; nom=1.00; commune=1.00; priorite=5
e60088e9-cf94-4e41-ae65-a5390866b4b8,20d4382a-43c2-41a3-8ab9-46e1982d114b,d65dd90a-5048-4bbf-a09d-95533282c7bf,infra.huilerie_inventaire_pollution,7fe24f8d-c83e-4e40-bbaf-6bbcff487ead,b4f2f52a-b9ca-476f-bef9-8bdbc13a52b1,0.0,0.9250,DUPLICATE_EXACT,Benslimane,Benslimane,Masmouda,Masmouda,HUILERIE,infra.huilerie_inventaire_pollution,MANUAL_REVIEW_REQUIRED,1,PENDING,distance=0.00m; nom=1.00; commune=1.00; priorite=5
e60088e9-cf94-4e41-ae65-a5390866b4b8,09f9de83-b64d-4ac7-a3ad-21ba07a7b428,7fac3e35-b939-4562-a997-1f4c86e17c7c,infra.huilerie_inventaire_pollution,8159b913-c1d1-49a8-8745-0934e1ffebb9,695ba4c9-90cd-4b2a-8215-9e14c28f211b,0.0,0.9250,DUPLICATE_EXACT,Bioliva,Bioliva,Galaz,Galaz,HUILERIE,infra.huilerie_inventaire_pollution,MANUAL_REVIEW_REQUIRED,1,PENDING,distance=0.00m; nom=1.00; commune=1.00; priorite=5
e60088e9-cf94-4e41-ae65-a5390866b4b8,00f0b150-404a-4ae3-bb91-22a4d3efe1fa,d0ba6599-98ac-45cc-b8f2-40dddebc5c8e,infra.huilerie_inventaire_pollution,c3c1eba2-10da-4433-a632-d77246b2ee61,91c896b2-173f-44f8-b1fb-f73e52ea53ae,0.0,0.9250,DUPLICATE_EXACT,BISMILLAH,BISMILLAH,M'HAYA,M'HAYA,HUILERIE,infra.huilerie_inventaire_pollution,MANUAL_REVIEW_REQUIRED,1,PENDING,distance=0.00m; nom=1.00; commune=1.00; priorite=5
e60088e9-cf94-4e41-ae65-a5390866b4b8,fa4e3c9c-5423-448e-ae47-6ec0d166d51f,d4e46565-ac14-4d2b-ba03-4695d4cb38ef,infra.huilerie_inventaire_pollution,6ce0e627-1487-4611-bf4a-87e7f7d14777,f165d268-8d56-4fed-9eec-1603a5d4a94d,0.0,0.9250,DUPLICATE_EXACT,Bit tamtam,Bit tamtam,Bir tamtam,Bir tamtam,HUILERIE,infra.huilerie_inventaire_pollution,MANUAL_REVIEW_REQUIRED,1,PENDING,distance=0.00m; nom=1.00; commune=1.00; priorite=5
e60088e9-cf94-4e41-ae65-a5390866b4b8,a70ee2e6-7516-4273-9614-51640705a3cc,d3a91955-495d-4824-b932-cbda168567a2,infra.huilerie_inventaire_pollution,ddd1eac4-e05f-4687-8db2-0079c3632866,b6dd82a0-1d39-40f7-a504-e8cea0361a3d,0.0,0.9250,DUPLICATE_EXACT,BLADI,BLADI,Laajara,Laajara,HUILERIE,infra.huilerie_inventaire_pollution,MANUAL_REVIEW_REQUIRED,1,PENDING,distance=0.00m; nom=1.00; commune=1.00; priorite=5
e60088e9-cf94-4e41-ae65-a5390866b4b8,add094f3-97d7-4588-88c2-4099bafde693,d19d194b-2266-4255-b8d5-7dfc26c86bb0,infra.huilerie_inventaire_pollution,84b17927-550d-49b2-9271-e9b9272ede9a,9cb96b3a-082d-4eb4-a1b0-86529d05509a,0.0,0.9250,DUPLICATE_EXACT,BLADI,BLADI,Laajara,Laajara,HUILERIE,infra.huilerie_inventaire_pollution,MANUAL_REVIEW_REQUIRED,1,PENDING,distance=0.00m; nom=1.00; commune=1.00; priorite=5
e60088e9-cf94-4e41-ae65-a5390866b4b8,0ca1a22d-a4f4-4d8e-ba22-7a2cb1396677,9b6ec491-e18c-40dd-b35b-cd159c94f2f7,infra.huilerie_inventaire_pollution,2c2bd4d9-b8ce-4139-a3a0-6ac144288a00,6903bad5-be1f-4ac1-b50f-8a2ec83dd3b0,0.0,0.9250,DUPLICATE_EXACT,BOUAYAD Med,BOUAYAD Med,El Bsabsa,El Bsabsa,HUILERIE,infra.huilerie_inventaire_pollution,MANUAL_REVIEW_REQUIRED,1,PENDING,distance=0.00m; nom=1.00; commune=1.00; priorite=5
e60088e9-cf94-4e41-ae65-a5390866b4b8,d9e186d8-ddaf-4fa9-b54b-b60a53e7df5a,5fa36f16-3824-430d-8fac-30f4bdc2a2e5,infra.huilerie_inventaire_pollution,305a1676-ec2a-45cc-afbf-9c67993d7e5e,06b24991-cab6-49f1-80d3-05c142a65001,0.0,0.9250,DUPLICATE_EXACT,Bouchama,Bouchama,Ain Jemaa,Ain Jemaa,HUILERIE,infra.huilerie_inventaire_pollution,MANUAL_REVIEW_REQUIRED,1,PENDING,distance=0.00m; nom=1.00; commune=1.00; priorite=5
e60088e9-cf94-4e41-ae65-a5390866b4b8,326066cd-8282-4744-b69a-65c32de53024,7e818dc2-b4ae-45f0-a073-7d8620e29606,infra.huilerie_inventaire_pollution,a2590ee7-bcde-4384-854f-9cb8ad834000,45a4c1e9-5878-49e0-949b-96c6a23954f2,0.0,0.9250,DUPLICATE_EXACT,Boungab Abdelkader,Boungab Abdelkader,M'HAYA,M'HAYA,HUILERIE,infra.huilerie_inventaire_pollution,MANUAL_REVIEW_REQUIRED,1,PENDING,distance=0.00m; nom=1.00; commune=1.00; priorite=5
e60088e9-cf94-4e41-ae65-a5390866b4b8,c73a75d2-1e91-4128-9122-4bb602a4cc48,e1e21df0-313a-4c72-849b-c437a1707b63,infra.huilerie_inventaire_pollution,5a0decef-e86b-4282-b187-ef8649cec62d,f4f6daa9-c2fd-49ad-b6f4-e07102a8c8e5,0.0,0.9250,DUPLICATE_EXACT,Boungab Abdessalam,Boungab Abdessalam,M'HAYA,M'HAYA,HUILERIE,infra.huilerie_inventaire_pollution,MANUAL_REVIEW_REQUIRED,1,PENDING,distance=0.00m; nom=1.00; commune=1.00; priorite=5
e60088e9-cf94-4e41-ae65-a5390866b4b8,9800852f-0b00-4fdb-ab2a-9100fe6f52e6,a644531f-48ae-40b7-883e-44dd300ae400,infra.huilerie_inventaire_pollution,8817707f-b1bc-4538-8257-4c73d686a520,99c533f9-9fb4-42d5-a732-b5b437c5575c,0.0,0.9250,DUPLICATE_EXACT,Boungab nabil,Boungab nabil,oued jdida,oued jdida,HUILERIE,infra.huilerie_inventaire_pollution,MANUAL_REVIEW_REQUIRED,1,PENDING,distance=0.00m; nom=1.00; commune=1.00; priorite=5
e60088e9-cf94-4e41-ae65-a5390866b4b8,be980068-dba1-42ef-ae6d-ea4ca095f5b2,ef35f8db-b2b2-4738-9245-2b1321b32bf6,infra.huilerie_inventaire_pollution,346e8258-5e40-4b91-8060-eb85fd872d37,8cb78d23-aacc-4007-8e81-93b4dddad53f,0.0,0.9250,DUPLICATE_EXACT,Cooperative Ait Ali,Cooperative Ait Ali,Ait Naamane,Ait Naamane,HUILERIE,infra.huilerie_inventaire_pollution,MANUAL_REVIEW_REQUIRED,1,PENDING,distance=0.00m; nom=1.00; commune=1.00; priorite=5
e60088e9-cf94-4e41-ae65-a5390866b4b8,3a3c920c-d200-4654-934d-f2adea8e7b0a,1757b633-1678-4c34-9a92-89eee6bbc91f,infra.huilerie_inventaire_pollution,43afd9a2-af91-4110-ae93-22bcf3ef084b,5de743ab-08f4-4254-9cf4-2f3ca83a1492,0.0,0.9250,DUPLICATE_EXACT,Boushaba,Boushaba,Bab marzouka,Bab marzouka,HUILERIE,infra.huilerie_inventaire_pollution,MANUAL_REVIEW_REQUIRED,1,PENDING,distance=0.00m; nom=1.00; commune=1.00; priorite=5
e60088e9-cf94-4e41-ae65-a5390866b4b8,fae763ed-5413-4882-a9d7-fa0fee01ce04,15108b5e-f3a1-4312-84da-cfd436db45a5,infra.huilerie_inventaire_pollution,b74ac104-706c-4d59-ab4c-fc6622b4c400,df7cff8f-079a-486e-9370-7f10f0ba4be1,0.0,0.9250,DUPLICATE_EXACT,CHABACH,CHABACH,LAAJAJRA,LAAJAJRA,HUILERIE,infra.huilerie_inventaire_pollution,MANUAL_REVIEW_REQUIRED,1,PENDING,distance=0.00m; nom=1.00; commune=1.00; priorite=5
e60088e9-cf94-4e41-ae65-a5390866b4b8,b691c367-da47-4f50-8d39-52c15ef1c50f,f6722b46-07c3-445c-9e6e-6f229b7549d3,infra.huilerie_inventaire_pollution,746d6ed2-5dd5-4ec2-a427-86799fc08d03,aa40c5c1-0834-4d07-a09b-d006bacfc115,0.0,0.9250,DUPLICATE_EXACT,Chajara mobarika,Chajara mobarika,Oulad zbair,Oulad zbair,HUILERIE,infra.huilerie_inventaire_pollution,MANUAL_REVIEW_REQUIRED,1,PENDING,distance=0.00m; nom=1.00; commune=1.00; priorite=5
e60088e9-cf94-4e41-ae65-a5390866b4b8,774eabc5-83bd-4afa-8216-5326cc2d03d1,948f3052-86b3-43db-b32c-32aafdfb7d93,infra.huilerie_inventaire_pollution,b9c68f7f-d3ec-408e-b51c-9145e341382d,253110fb-ed14-4ee9-9a9b-e79e0a0be91a,0.0,0.9250,DUPLICATE_EXACT,Chmof,Chmof,Ghaita elgharbia,Ghaita elgharbia,HUILERIE,infra.huilerie_inventaire_pollution,MANUAL_REVIEW_REQUIRED,1,PENDING,distance=0.00m; nom=1.00; commune=1.00; priorite=5
e60088e9-cf94-4e41-ae65-a5390866b4b8,a07b7dfb-d90f-4449-a027-2e5418ff83b0,6838dd6b-3f5f-4133-8f3b-8c208cf556a2,infra.huilerie_inventaire_pollution,62c0e4a6-72c8-4e14-92b5-2227b064c16f,22884afa-5981-4786-b283-245d73569d2d,0.0,0.9250,DUPLICATE_EXACT,Coopérative agricole El Hassania,Coopérative agricole El Hassania,Ain Kansara,Ain Kansara,HUILERIE,infra.huilerie_inventaire_pollution,MANUAL_REVIEW_REQUIRED,1,PENDING,distance=0.00m; nom=1.00; commune=1.00; priorite=5
e60088e9-cf94-4e41-ae65-a5390866b4b8,93695698-3819-427e-a3ae-aede2b03b7eb,d43b7a4e-709f-4dc5-b748-51636b578682,infra.huilerie_inventaire_pollution,f037fca4-e311-4b97-b272-3e9489d132f0,cc5daf55-e274-4079-ba61-b67366aaa242,0.0,0.9250,DUPLICATE_EXACT,Coopérative Al Nasser EL ALAOUI EL TADLI,Coopérative Al Nasser EL ALAOUI EL TADLI,Ouled Mimoune,Ouled Mimoune,HUILERIE,infra.huilerie_inventaire_pollution,MANUAL_REVIEW_REQUIRED,1,PENDING,distance=0.00m; nom=1.00; commune=1.00; priorite=5
e60088e9-cf94-4e41-ae65-a5390866b4b8,f3139429-f4ea-41ea-b86a-c40bdfa28e9b,c224668f-099d-4c3b-aca4-9a6fe2cd870e,infra.huilerie_inventaire_pollution,c7ee02b0-1d82-4199-84eb-44611706456e,70e939fc-636b-4d46-8e7e-adfda46f8088,0.0,0.9250,DUPLICATE_EXACT,Coopérative Almazgueldia,Coopérative Almazgueldia,Zghira,Zghira,HUILERIE,infra.huilerie_inventaire_pollution,MANUAL_REVIEW_REQUIRED,1,PENDING,distance=0.00m; nom=1.00; commune=1.00; priorite=5
e60088e9-cf94-4e41-ae65-a5390866b4b8,6db9930c-c8aa-4742-83c0-43c4874b09f6,a408393e-4754-40f3-95a2-d6b541388031,infra.huilerie_inventaire_pollution,c1352dd9-231a-4045-95cc-ae0aa75f0bd9,b065bd4d-cc7f-450d-8b10-a8947e19b6d2,0.0,0.9250,DUPLICATE_EXACT,Cooperative Almoumnia Essatia,Cooperative Almoumnia Essatia,Sidi Bousber,Sidi Bousber,HUILERIE,infra.huilerie_inventaire_pollution,MANUAL_REVIEW_REQUIRED,1,PENDING,distance=0.00m; nom=1.00; commune=1.00; priorite=5
e60088e9-cf94-4e41-ae65-a5390866b4b8,2a453a68-c4f1-4e5b-9339-b8a99ad174c0,877fcf72-bfc1-4a72-9b91-a01f945302a9,infra.huilerie_inventaire_pollution,aa13cfb7-9dd9-4436-9dc4-c3154b019819,e787c0ee-23f4-46c2-a597-fb20f3bd7e64,0.0,0.9250,DUPLICATE_EXACT,Coopérative ARIAF KISSANE,Coopérative ARIAF KISSANE,Kissane,Kissane,HUILERIE,infra.huilerie_inventaire_pollution,MANUAL_REVIEW_REQUIRED,1,PENDING,distance=0.00m; nom=1.00; commune=1.00; priorite=5
e60088e9-cf94-4e41-ae65-a5390866b4b8,6e2206c2-1feb-4250-8244-0ae08a86ffea,a9d18ea5-838f-4ca5-bbec-e390a6a74d53,infra.huilerie_inventaire_pollution,0837385f-24c0-41c1-9a8d-f7e447181d18,65e65f2f-7890-4d8b-8caa-709b36cb9181,0.0,0.9250,DUPLICATE_EXACT,Coopérative BENKEROUACH,Coopérative BENKEROUACH,Louadaine,Louadaine,HUILERIE,infra.huilerie_inventaire_pollution,MANUAL_REVIEW_REQUIRED,1,PENDING,distance=0.00m; nom=1.00; commune=1.00; priorite=5
e60088e9-cf94-4e41-ae65-a5390866b4b8,7cf219c5-1f9d-4002-95b4-659d0de2151b,8d324071-869a-4430-ae35-cb957e5da88c,infra.huilerie_inventaire_pollution,b4096e4b-5ef5-4280-b155-19bb93d20a88,dc8c7be3-4c5b-42e7-b97a-8f1242131148,0.0,0.9250,DUPLICATE_EXACT,Coopérative des olives Lamrabih,Coopérative des olives Lamrabih,Lamrabih,Lamrabih,HUILERIE,infra.huilerie_inventaire_pollution,MANUAL_REVIEW_REQUIRED,1,PENDING,distance=0.00m; nom=1.00; commune=1.00; priorite=5
e60088e9-cf94-4e41-ae65-a5390866b4b8,9e9203dd-5302-479b-9812-943e8f9edea1,08317061-08c6-4c98-82c3-9400007bf3df,infra.huilerie_inventaire_pollution,766bdf56-7fcc-4c45-95ac-a3e8b46cefd8,e8549c01-71b7-4f42-8df5-15db8cc87442,0.0,0.9250,DUPLICATE_EXACT,Coopérative El Abassia,Coopérative El Abassia,LAQSIR,LAQSIR,HUILERIE,infra.huilerie_inventaire_pollution,MANUAL_REVIEW_REQUIRED,1,PENDING,distance=0.00m; nom=1.00; commune=1.00; priorite=5
e60088e9-cf94-4e41-ae65-a5390866b4b8,d8e35629-91ed-494c-96e1-67087306e02e,f4981cef-7982-49a9-9cf5-8811b5dd73d9,infra.huilerie_inventaire_pollution,613705fa-b284-409d-a495-be364499a332,1d6e155c-0729-4420-9e11-9fba9b6311f3,0.0,0.9250,DUPLICATE_EXACT,Coopérative el keir 1,Coopérative el keir 1,Galdamane,Galdamane,HUILERIE,infra.huilerie_inventaire_pollution,MANUAL_REVIEW_REQUIRED,1,PENDING,distance=0.00m; nom=1.00; commune=1.00; priorite=5
e60088e9-cf94-4e41-ae65-a5390866b4b8,4f937b9e-17ea-4b7f-8b4c-fa4d26787d21,58ba481b-4159-4254-bbad-3e7c4db95df4,infra.huilerie_inventaire_pollution,e9f1df37-d02a-4d43-b765-4ae7761a4503,ff8293e8-fa68-42f0-a1c9-9a7307d03e01,0.0,0.9250,DUPLICATE_EXACT,Coopérative el keir 2,Coopérative el keir 2,Galdamane,Galdamane,HUILERIE,infra.huilerie_inventaire_pollution,MANUAL_REVIEW_REQUIRED,1,PENDING,distance=0.00m; nom=1.00; commune=1.00; priorite=5
e60088e9-cf94-4e41-ae65-a5390866b4b8,e54c55ad-c2e6-4d96-b367-6049b9e008e2,37a554cc-2c51-4d37-b90d-563a923a7ed6,infra.huilerie_inventaire_pollution,ef705675-8682-48f4-b27c-1faa3325a459,e7b58078-1dde-488e-8c73-ab762edc81f6,0.0,0.9250,DUPLICATE_EXACT,Coopérative GIO LEMTA,Coopérative GIO LEMTA,Ain Bouali,Ain Bouali,HUILERIE,infra.huilerie_inventaire_pollution,MANUAL_REVIEW_REQUIRED,1,PENDING,distance=0.00m; nom=1.00; commune=1.00; priorite=5
e60088e9-cf94-4e41-ae65-a5390866b4b8,9bd3781b-352f-4d01-8495-2a94ea5fba12,08e18bcc-3017-4be8-b8d4-7b2ceeac1541,infra.huilerie_inventaire_pollution,6908d782-c9c2-42e9-a7e3-0fbdb9bcb23a,b4fb5777-81cd-4af7-aebe-998f3c7cfacf,0.0,0.9250,DUPLICATE_EXACT,COOPERATIVE HUILERIE BIR DJAJ,COOPERATIVE HUILERIE BIR DJAJ,LAAJAJRA,LAAJAJRA,HUILERIE,infra.huilerie_inventaire_pollution,MANUAL_REVIEW_REQUIRED,1,PENDING,distance=0.00m; nom=1.00; commune=1.00; priorite=5
e60088e9-cf94-4e41-ae65-a5390866b4b8,efd357dd-fb56-4f8c-9a24-6fc7e392d68a,dfba43f4-8f38-4bb2-980b-0f6777cde38f,infra.huilerie_inventaire_pollution,0d036df5-22ee-468d-aae4-c302d5559403,5aef0d5b-20c8-4cd4-887a-adfe69672030,0.0,0.9250,DUPLICATE_EXACT,COOPERATIVE JOUIRA,COOPERATIVE JOUIRA,LAAJAJRA,LAAJAJRA,HUILERIE,infra.huilerie_inventaire_pollution,MANUAL_REVIEW_REQUIRED,1,PENDING,distance=0.00m; nom=1.00; commune=1.00; priorite=5
e60088e9-cf94-4e41-ae65-a5390866b4b8,2d064193-4774-4443-b03d-da44cff0b25d,f1cbb848-3869-43f6-aa45-ee86585fc42d,infra.huilerie_inventaire_pollution,63917b0b-71c6-4f71-95c5-6069bd8a04f0,eb4f351c-9556-4701-9b9d-099c40310210,0.0,0.9250,DUPLICATE_EXACT,Coopérative l'oil olive,Coopérative l'oil olive,Matmata,Matmata,HUILERIE,infra.huilerie_inventaire_pollution,MANUAL_REVIEW_REQUIRED,1,PENDING,distance=0.00m; nom=1.00; commune=1.00; priorite=5
e60088e9-cf94-4e41-ae65-a5390866b4b8,bff513d6-c864-4ca9-87f4-10fea8676351,7702e42d-464d-472b-962b-c9ac471076e8,infra.huilerie_inventaire_pollution,7d898abb-90af-4d4a-8792-55b61f47650e,8b38693c-10f1-494a-96ce-bbfbae3dfd6e,0.0,0.9250,DUPLICATE_EXACT,Coopérative Olea ghafsai,Coopérative Olea ghafsai,Ghafsai,Ghafsai,HUILERIE,infra.huilerie_inventaire_pollution,MANUAL_REVIEW_REQUIRED,1,PENDING,distance=0.00m; nom=1.00; commune=1.00; priorite=5
e60088e9-cf94-4e41-ae65-a5390866b4b8,89dde45f-ee33-4a70-af1b-4186f3dafd1b,919225ae-f7bd-4e3c-8972-6a33abf7a4e1,infra.huilerie_inventaire_pollution,24dfadfb-3d03-4b7b-a964-145d9c4961cf,3b0aefc7-6e39-4ba2-82e7-8153e98a1ead,0.0,0.9250,DUPLICATE_EXACT,DAHMAN Abdellah,DAHMAN Abdellah,LAAJAJRA,LAAJAJRA,HUILERIE,infra.huilerie_inventaire_pollution,MANUAL_REVIEW_REQUIRED,1,PENDING,distance=0.00m; nom=1.00; commune=1.00; priorite=5
e60088e9-cf94-4e41-ae65-a5390866b4b8,976b0b5f-bf25-4269-a4b8-318f125e1c5c,5748f8fe-4181-4ef6-b10f-8542966e8032,infra.huilerie_inventaire_pollution,e045e949-0166-468e-a2ca-46485c6add8b,a750f1fa-d97a-48ce-b2b2-13497fe5412c,0.0,0.9250,DUPLICATE_EXACT,Dahra Morroco,Dahra Morroco,Ait Boubidmane,Ait Boubidmane,HUILERIE,infra.huilerie_inventaire_pollution,MANUAL_REVIEW_REQUIRED,1,PENDING,distance=0.00m; nom=1.00; commune=1.00; priorite=5
e60088e9-cf94-4e41-ae65-a5390866b4b8,589aaf97-7849-43aa-aba6-2bc8078e8049,fbf5b870-9410-4179-95b8-2b8d4e083ef3,infra.huilerie_inventaire_pollution,00f38a1c-fa56-442c-bcb5-ebb241acd11d,91664556-3973-49c2-9196-d68ad7a792c0,0.0,0.9250,DUPLICATE_EXACT,Dar Zit Zaitoune,Dar Zit Zaitoune,Oulad Daoud,Oulad Daoud,HUILERIE,infra.huilerie_inventaire_pollution,MANUAL_REVIEW_REQUIRED,1,PENDING,distance=0.00m; nom=1.00; commune=1.00; priorite=5
e60088e9-cf94-4e41-ae65-a5390866b4b8,04ed7e53-4b30-414a-80c3-a5ed67f82de8,527b8fa3-ade3-4b73-a491-db88873b0f7d,infra.huilerie_inventaire_pollution,a2814d4b-f42f-47db-942c-fa1753eed927,f00edf3b-af6d-44fe-b100-b047edb2a048,0.0,0.9250,DUPLICATE_EXACT,El Aji Hatim,El Aji Hatim,Ain Maatouf,Ain Maatouf,HUILERIE,infra.huilerie_inventaire_pollution,MANUAL_REVIEW_REQUIRED,1,PENDING,distance=0.00m; nom=1.00; commune=1.00; priorite=5
e60088e9-cf94-4e41-ae65-a5390866b4b8,d3ec680f-f1fa-4523-8386-5d1ea593dd72,22277513-d4e1-47b0-95ab-4d8469291ce1,infra.huilerie_inventaire_pollution,2449a350-73ec-4a65-8b82-18479f8fc8e0,0dde1ce0-4673-40ce-b507-6e54ae0c9ba1,0.0,0.9250,DUPLICATE_EXACT,El Balghiti Idriss,El Balghiti Idriss,RAS IJERRI,RAS IJERRI,HUILERIE,infra.huilerie_inventaire_pollution,MANUAL_REVIEW_REQUIRED,1,PENDING,distance=0.00m; nom=1.00; commune=1.00; priorite=5
e60088e9-cf94-4e41-ae65-a5390866b4b8,21c37b05-40bf-456a-abb9-67969204f5cc,2d2580ff-4a03-4eaf-af59-caa8c1d20236,infra.huilerie_inventaire_pollution,e0134cc1-ef8f-46d0-a807-9fc7395ec8f2,af65b748-11e4-4ab1-9605-41342a76b6ce,0.0,0.9250,DUPLICATE_EXACT,El Gouraa Abdelkader,El Gouraa Abdelkader,M'HAYA,M'HAYA,HUILERIE,infra.huilerie_inventaire_pollution,MANUAL_REVIEW_REQUIRED,1,PENDING,distance=0.00m; nom=1.00; commune=1.00; priorite=5
e60088e9-cf94-4e41-ae65-a5390866b4b8,2276d1ec-6857-4963-92d8-d10da55a1ef3,d306a059-1055-446c-9064-ea6f7f721843,infra.huilerie_inventaire_pollution,9eb3d1ec-3797-4a3c-9dc7-b0c9ef5aef41,74c86b19-930a-44e7-9988-745ec5f88ee9,0.0,0.9250,DUPLICATE_EXACT,EL HABLI DRISS,EL HABLI DRISS,M'HAYA,M'HAYA,HUILERIE,infra.huilerie_inventaire_pollution,MANUAL_REVIEW_REQUIRED,1,PENDING,distance=0.00m; nom=1.00; commune=1.00; priorite=5
e60088e9-cf94-4e41-ae65-a5390866b4b8,43311193-3c41-4f7d-bced-8810671d9737,0979e9c0-0525-4180-82b7-7754abd365fd,infra.huilerie_inventaire_pollution,9b7c20eb-9902-4016-9664-645aaca2d131,7807374e-ce08-4659-9f48-f8df7e7af196,0.0,0.9250,DUPLICATE_EXACT,El Ibrahimi,El Ibrahimi,Sidi Redouane,Sidi Redouane,HUILERIE,infra.huilerie_inventaire_pollution,MANUAL_REVIEW_REQUIRED,1,PENDING,distance=0.00m; nom=1.00; commune=1.00; priorite=5
e60088e9-cf94-4e41-ae65-a5390866b4b8,af78c66d-9ea3-4f23-98dc-ee7daec7e005,9a1c36d3-188a-4199-99e9-495f66b2c5a1,infra.huilerie_inventaire_pollution,ed3e6bdc-d802-4c55-9b8f-de728ea50b11,e57cb5d6-5be2-4e52-bbd7-367fd8be0a04,0.0,0.9250,DUPLICATE_EXACT,El Khayari,El Khayari,AIT HARZ ALLAH,AIT HARZ ALLAH,HUILERIE,infra.huilerie_inventaire_pollution,MANUAL_REVIEW_REQUIRED,1,PENDING,distance=0.00m; nom=1.00; commune=1.00; priorite=5
e60088e9-cf94-4e41-ae65-a5390866b4b8,2f3413d5-df05-433c-a15f-5ba5d168e1ab,406d6af7-2553-4ed3-8743-a991452a9c99,infra.huilerie_inventaire_pollution,8cd66a22-cb03-4e04-9c49-dcfd1830f2b0,599e01b1-5682-4b63-b868-3532466652e7,0.0,0.9250,DUPLICATE_EXACT,El Moualij Khalid,El Moualij Khalid,MGHASSIYINE,MGHASSIYINE,HUILERIE,infra.huilerie_inventaire_pollution,MANUAL_REVIEW_REQUIRED,1,PENDING,distance=0.00m; nom=1.00; commune=1.00; priorite=5
e60088e9-cf94-4e41-ae65-a5390866b4b8,d805eae5-8c40-46a9-87eb-0f818ba18638,9f68680c-7ddf-42e2-967e-83bb20efc238,infra.huilerie_inventaire_pollution,07da7721-c90f-4499-a2f2-a46d4489d865,f3b04980-7398-468a-826b-518d993cd9aa,0.0,0.9250,DUPLICATE_EXACT,El Mrihy Mohammed,El Mrihy Mohammed,Ain Mediouna,Ain Mediouna,HUILERIE,infra.huilerie_inventaire_pollution,MANUAL_REVIEW_REQUIRED,1,PENDING,distance=0.00m; nom=1.00; commune=1.00; priorite=5
e60088e9-cf94-4e41-ae65-a5390866b4b8,22cb6915-7629-4a46-9508-0a782505dfb6,fe3b9c33-b5a6-4e6b-be46-0c5f16a8631d,infra.huilerie_inventaire_pollution,cef8d1d1-0db1-456d-864d-38531b30b341,255b0193-004b-474e-94b3-0a073c37c1aa,0.0,0.9250,DUPLICATE_EXACT,El Omari,El Omari,Ait Yaazem,Ait Yaazem,HUILERIE,infra.huilerie_inventaire_pollution,MANUAL_REVIEW_REQUIRED,1,PENDING,distance=0.00m; nom=1.00; commune=1.00; priorite=5
e60088e9-cf94-4e41-ae65-a5390866b4b8,8c9622dd-6117-4329-aac0-1436fd65ebad,4ada7380-ae04-41ed-81a0-d48308aa2b9d,infra.huilerie_inventaire_pollution,8addf1bd-8fd5-4aa6-aacb-496420d64cea,e16ad55a-bfb7-4b93-b3c6-99f60824defd,0.0,0.9250,DUPLICATE_EXACT,El Yahyaoui Abdenabi,El Yahyaoui Abdenabi,MGHASSIYINE,MGHASSIYINE,HUILERIE,infra.huilerie_inventaire_pollution,MANUAL_REVIEW_REQUIRED,1,PENDING,distance=0.00m; nom=1.00; commune=1.00; priorite=5
e60088e9-cf94-4e41-ae65-a5390866b4b8,f088ea65-7950-4485-a2fa-adf1b27e0993,816f7cba-2d2b-444f-a14f-b3e8afd2bca8,infra.huilerie_inventaire_pollution,cdac3dbe-200e-4e94-bd6c-0d306ddee8b1,a2fca49b-069d-4475-9c8d-e0df04402607,0.0,0.9250,DUPLICATE_EXACT,Elaasmi,Elaasmi,Masmouda,Masmouda,HUILERIE,infra.huilerie_inventaire_pollution,MANUAL_REVIEW_REQUIRED,1,PENDING,distance=0.00m; nom=1.00; commune=1.00; priorite=5
e60088e9-cf94-4e41-ae65-a5390866b4b8,87ebdc18-b91e-43f2-9745-a439ce6ab5c1,fa41e874-1d5c-4958-b792-e91b3e4bf7ed,infra.huilerie_inventaire_pollution,66049fb4-8870-41b5-b362-58d5f02c976b,62b7db1c-0a09-4f3c-b51d-6eeabe385a88,0.0,0.9250,DUPLICATE_EXACT,Elchatbyenne,Elchatbyenne,Zoumi,Zoumi,HUILERIE,infra.huilerie_inventaire_pollution,MANUAL_REVIEW_REQUIRED,1,PENDING,distance=0.00m; nom=1.00; commune=1.00; priorite=5
e60088e9-cf94-4e41-ae65-a5390866b4b8,fb4a816b-4957-40d2-8a7c-98cec8e099d2,e7e748ab-9956-466f-bfa1-437dfd07fb4a,infra.huilerie_inventaire_pollution,40804e8a-c4a2-4d07-8e1d-8bd4119447cc,2eeb167e-8d24-44bc-9b47-ca609c3d90b8,0.0,0.9250,DUPLICATE_EXACT,Elfalah,Elfalah,Bourd,Bourd,HUILERIE,infra.huilerie_inventaire_pollution,MANUAL_REVIEW_REQUIRED,1,PENDING,distance=0.00m; nom=1.00; commune=1.00; priorite=5
e60088e9-cf94-4e41-ae65-a5390866b4b8,392ddd12-9838-4671-a339-d250f33e6006,b1bef31c-d7bc-43d9-9446-19766334185d,infra.huilerie_inventaire_pollution,bcccd004-f3c5-4a41-99c2-2723908b9b8d,0968b682-9ed5-48cb-b2b8-4f54fab326b1,0.0,0.9250,DUPLICATE_EXACT,Elhaj Ali,Elhaj Ali,Sidi Redouane,Sidi Redouane,HUILERIE,infra.huilerie_inventaire_pollution,MANUAL_REVIEW_REQUIRED,1,PENDING,distance=0.00m; nom=1.00; commune=1.00; priorite=5
e60088e9-cf94-4e41-ae65-a5390866b4b8,d40effe6-ae12-4cf7-a741-6b92c35abe6c,06ed188c-4a0d-47f2-990e-174ab15dad1b,infra.huilerie_inventaire_pollution,c263bb93-51bf-497b-b99c-56de9b4ebfb7,f2561306-02de-46eb-b26d-6f261c16a5bb,0.0,0.9250,DUPLICATE_EXACT,ELKARCH Abdelali,ELKARCH Abdelali,LAAJAJRA,LAAJAJRA,HUILERIE,infra.huilerie_inventaire_pollution,MANUAL_REVIEW_REQUIRED,1,PENDING,distance=0.00m; nom=1.00; commune=1.00; priorite=5
e60088e9-cf94-4e41-ae65-a5390866b4b8,e2b6fd43-5488-4842-9aa6-55f867ba3fce,605e1b55-c231-40c4-ba92-b2d8147517bc,infra.huilerie_inventaire_pollution,6015df43-983c-4868-8c40-da037b3d9230,34b247ac-a646-4802-bdab-3ee250b7d2e6,0.0,0.9250,DUPLICATE_EXACT,Elkharouba,Elkharouba,Sidi Redouane,Sidi Redouane,HUILERIE,infra.huilerie_inventaire_pollution,MANUAL_REVIEW_REQUIRED,1,PENDING,distance=0.00m; nom=1.00; commune=1.00; priorite=5
e60088e9-cf94-4e41-ae65-a5390866b4b8,7c000fbd-282e-47ee-aa18-456aceeb8a41,1d9ff2d8-713b-4ec8-b9f5-ca9bc55cd2a4,infra.huilerie_inventaire_pollution,28818c63-3d49-40f3-8d69-68694d0ecd38,212266b9-dd64-42f9-9afd-f5f752eb350f,0.0,0.9250,DUPLICATE_EXACT,Elkhawda,Elkhawda,Masmouda,Masmouda,HUILERIE,infra.huilerie_inventaire_pollution,MANUAL_REVIEW_REQUIRED,1,PENDING,distance=0.00m; nom=1.00; commune=1.00; priorite=5
e60088e9-cf94-4e41-ae65-a5390866b4b8,bbd13634-6b1c-4a42-bfb6-aadb302a4c44,e1f8cc61-0800-46a2-b93a-28c94acc0ac5,infra.huilerie_inventaire_pollution,4c7449c2-23d9-4f5b-9a29-c9fc2ee4c59b,1198a38f-e288-47ed-8ad3-786f65467676,0.0,0.9250,DUPLICATE_EXACT,Erradouania,Erradouania,Sidi Redouane,Sidi Redouane,HUILERIE,infra.huilerie_inventaire_pollution,MANUAL_REVIEW_REQUIRED,1,PENDING,distance=0.00m; nom=1.00; commune=1.00; priorite=5
e60088e9-cf94-4e41-ae65-a5390866b4b8,9ad29999-2f11-46a9-a7ec-548571c65fed,09aaab2c-0317-4655-828c-10ad44a26b06,infra.huilerie_inventaire_pollution,d3bcd372-db3d-47c8-b506-09f5beabd89c,a63cc90b-6cfd-4ea1-8cee-3a162f118885,0.0,0.9250,DUPLICATE_EXACT,Erragragui essi company/Erragragui essi,Erragragui essi company/Erragragui essi,Sefrou,Sefrou,HUILERIE,infra.huilerie_inventaire_pollution,MANUAL_REVIEW_REQUIRED,1,PENDING,distance=0.00m; nom=1.00; commune=1.00; priorite=5
e60088e9-cf94-4e41-ae65-a5390866b4b8,a16dbb0e-a463-4a52-8616-2a33e9fab275,b25debe1-540c-42fb-8646-61ca9598bcb9,infra.huilerie_inventaire_pollution,3debbb87-1944-4bc9-ad55-f694cfe11135,748a88cb-3c54-4c9d-85eb-137dc72ea04c,0.0,0.9250,DUPLICATE_EXACT,ERRAHMA,ERRAHMA,SBAA ROUADI,SBAA ROUADI,HUILERIE,infra.huilerie_inventaire_pollution,MANUAL_REVIEW_REQUIRED,1,PENDING,distance=0.00m; nom=1.00; commune=1.00; priorite=5
e60088e9-cf94-4e41-ae65-a5390866b4b8,5a74a0bf-7766-423b-a959-8048bab6a83e,edc7459c-86fa-4067-a5bc-be5b51c92427,infra.huilerie_inventaire_pollution,e96f07d7-0db4-43a1-8b7a-1e4268c063c2,9468b0de-bc23-452c-9df9-cc8b63a4c5b4,0.0,0.9250,DUPLICATE_EXACT,Ezzahouani,Ezzahouani,AGHBALOU AQOURAR,AGHBALOU AQOURAR,HUILERIE,infra.huilerie_inventaire_pollution,MANUAL_REVIEW_REQUIRED,1,PENDING,distance=0.00m; nom=1.00; commune=1.00; priorite=5
e60088e9-cf94-4e41-ae65-a5390866b4b8,f41a6982-b1e2-4c1b-b1ec-0944563a6fd1,cc2959ed-3456-4528-bf90-b1f54fc8e412,infra.huilerie_inventaire_pollution,39725f60-78f1-4401-bbc8-4819899d7bef,c1ae2178-3ce6-4ea0-afac-9e3d8bf7cd3e,0.0,0.9250,DUPLICATE_EXACT,FAHMI MOHAMED,FAHMI MOHAMED,MGHASSIYINE,MGHASSIYINE,HUILERIE,infra.huilerie_inventaire_pollution,MANUAL_REVIEW_REQUIRED,1,PENDING,distance=0.00m; nom=1.00; commune=1.00; priorite=5
e60088e9-cf94-4e41-ae65-a5390866b4b8,32f8f393-1190-4622-9c8a-6c3f0849b95b,a3fa34d7-e83b-4718-8c1c-f6c1a118a8ca,infra.huilerie_inventaire_pollution,39709f8d-0032-48f6-ac69-2856a7957f74,73a8443c-2e8e-481e-8d0d-d20f70261f70,0.0,0.9250,DUPLICATE_EXACT,Fakir Bouchta,Fakir Bouchta,M'HAYA,M'HAYA,HUILERIE,infra.huilerie_inventaire_pollution,MANUAL_REVIEW_REQUIRED,1,PENDING,distance=0.00m; nom=1.00; commune=1.00; priorite=5
e60088e9-cf94-4e41-ae65-a5390866b4b8,e3a1f5d3-986e-44ce-9aaa-ab14d72941bb,cc321bab-55b7-447f-a891-1a781b20709c,infra.huilerie_inventaire_pollution,1750f3c2-1ef8-4eb3-9bf0-3138cee03dab,e2d22709-8cd4-46e5-887c-75baf18bb7dd,0.0,0.9250,DUPLICATE_EXACT,Falah,Falah,Abdelghaya souahel,Abdelghaya souahel,HUILERIE,infra.huilerie_inventaire_pollution,MANUAL_REVIEW_REQUIRED,1,PENDING,distance=0.00m; nom=1.00; commune=1.00; priorite=5
e60088e9-cf94-4e41-ae65-a5390866b4b8,eb582bf7-9d00-4277-82fe-d6c1e94b1062,fdcf64da-e56f-48b8-bd00-335f858a429f,infra.huilerie_inventaire_pollution,a4124ea5-e64b-4f5e-8461-8de8dcd07a42,b2108fe1-bd30-4246-bb52-c5da42d9a54a,0.0,0.9250,DUPLICATE_EXACT,H Al YOUMN,H Al YOUMN,Ras ijri,Ras ijri,HUILERIE,infra.huilerie_inventaire_pollution,MANUAL_REVIEW_REQUIRED,1,PENDING,distance=0.00m; nom=1.00; commune=1.00; priorite=5
e60088e9-cf94-4e41-ae65-a5390866b4b8,92433e7e-2b3d-44bf-8bfe-292c5db8c1ab,37edd410-774b-436e-83ed-549f992d34e4,infra.huilerie_inventaire_pollution,40480f4e-293d-45e6-94d1-92dbbaf00741,6f46d7f3-79de-4992-ae53-f1e5aeff77dc,0.0,0.9250,DUPLICATE_EXACT,Fatna Said,Fatna Said,Ain Chkef,Ain Chkef,HUILERIE,infra.huilerie_inventaire_pollution,MANUAL_REVIEW_REQUIRED,1,PENDING,distance=0.00m; nom=1.00; commune=1.00; priorite=5
e60088e9-cf94-4e41-ae65-a5390866b4b8,de1c23b3-df6f-447c-bcab-682d7ff60baf,4c19d561-9b50-4804-9487-daab7718544e,infra.huilerie_inventaire_pollution,f98e8838-1bd2-404c-88bc-3fc1dc72a307,4e1d779c-3b2e-419d-9d53-ff213c02adc0,0.0,0.9250,DUPLICATE_EXACT,FATTAH ABDELLKADAR,FATTAH ABDELLKADAR,SEBT JAHJOUH,SEBT JAHJOUH,HUILERIE,infra.huilerie_inventaire_pollution,MANUAL_REVIEW_REQUIRED,1,PENDING,distance=0.00m; nom=1.00; commune=1.00; priorite=5
e60088e9-cf94-4e41-ae65-a5390866b4b8,e5311106-864f-4faa-8312-35480a61e3b5,bcdbb9ef-054e-4470-ba62-7a50ca9eff62,infra.huilerie_inventaire_pollution,c495a2ee-0882-4217-9dcd-9760997f0b80,6cbfca8e-ca4a-409b-b60b-4a4867e37afc,0.0,0.9250,DUPLICATE_EXACT,G.P Société Oliverta,G.P Société Oliverta,Ain Aicha,Ain Aicha,HUILERIE,infra.huilerie_inventaire_pollution,MANUAL_REVIEW_REQUIRED,1,PENDING,distance=0.00m; nom=1.00; commune=1.00; priorite=5
e60088e9-cf94-4e41-ae65-a5390866b4b8,2843ecc4-a16a-4d5b-985d-7c0ce7ab2e34,0958bb27-74ff-476e-bcce-3002a3d7e9e3,infra.huilerie_inventaire_pollution,a43de7fd-3cfc-4e19-a113-8996d6de9590,5b2b6773-49d9-4de0-b7ef-8b597a7813d7,0.0,0.9250,DUPLICATE_EXACT,GHAOUI Med et consorts,GHAOUI Med et consorts,Ain Aicha,Ain Aicha,HUILERIE,infra.huilerie_inventaire_pollution,MANUAL_REVIEW_REQUIRED,1,PENDING,distance=0.00m; nom=1.00; commune=1.00; priorite=5
e60088e9-cf94-4e41-ae65-a5390866b4b8,44c0448a-4fa3-422a-8aee-f3c186d2092e,85592b28-4524-42fa-be1f-de0855b2251a,infra.huilerie_inventaire_pollution,896d658a-09ae-4247-b0be-fe03dde8c925,0489acb6-f516-44da-9dbd-8ca6a2fceed3,0.0,0.9250,DUPLICATE_EXACT,H.ABDESSALLAM OUCHOUAA,H.ABDESSALLAM OUCHOUAA,AIT YAAZEM,AIT YAAZEM,HUILERIE,infra.huilerie_inventaire_pollution,MANUAL_REVIEW_REQUIRED,1,PENDING,distance=0.00m; nom=1.00; commune=1.00; priorite=5
e60088e9-cf94-4e41-ae65-a5390866b4b8,204ebbd2-33c7-4bf4-ad4e-505a3af261d9,335940a1-fd36-444a-b6a0-3be1341a6f7e,infra.huilerie_inventaire_pollution,10cb5025-d885-444b-b6a1-19434055f820,2fa82045-05c6-428b-9d94-be48077e8f07,0.0,0.9250,DUPLICATE_EXACT,Ghiata algharbia,Ghiata algharbia,Ghaita elgharbia,Ghaita elgharbia,HUILERIE,infra.huilerie_inventaire_pollution,MANUAL_REVIEW_REQUIRED,1,PENDING,distance=0.00m; nom=1.00; commune=1.00; priorite=5
e60088e9-cf94-4e41-ae65-a5390866b4b8,fde5b1e3-ed99-47ff-9478-2cb3c0ddb0f2,7bbbe07d-6000-43a4-bb73-8a414dd293e0,infra.huilerie_inventaire_pollution,2f4a37e2-c7fc-465f-945b-ed4f99e463a6,36068bfe-347f-43cb-9594-e782a483a970,0.0,0.9250,DUPLICATE_EXACT,GIE,GIE,AZZABA,AZZABA,HUILERIE,infra.huilerie_inventaire_pollution,MANUAL_REVIEW_REQUIRED,1,PENDING,distance=0.00m; nom=1.00; commune=1.00; priorite=5
e60088e9-cf94-4e41-ae65-a5390866b4b8,c33f45fc-d1f1-4ea6-8dca-500e2459daf7,72aedf99-1375-4aab-a056-5034a383631d,infra.huilerie_inventaire_pollution,c28fc345-53d5-40d0-8dbf-9d88cce646ac,7299209a-e16e-4c56-a1a6-17ed1777e1dd,0.0,0.9250,DUPLICATE_EXACT,Gie Ain Aicha,Gie Ain Aicha,Ain Aicha,Ain Aicha,HUILERIE,infra.huilerie_inventaire_pollution,MANUAL_REVIEW_REQUIRED,1,PENDING,distance=0.00m; nom=1.00; commune=1.00; priorite=5
e60088e9-cf94-4e41-ae65-a5390866b4b8,2ae22e40-4d78-4a3c-8c5b-3087b59373f9,ff749f92-06d5-4a11-a723-1fe66e5f783b,infra.huilerie_inventaire_pollution,89fb8ae9-506b-44d2-b638-abdf5e4e8676,136aa6b2-a8dc-4ea0-9129-0c72420ff2ab,0.0,0.9250,DUPLICATE_EXACT,Gie Alwahda Ghafsai,Gie Alwahda Ghafsai,Galaz,Galaz,HUILERIE,infra.huilerie_inventaire_pollution,MANUAL_REVIEW_REQUIRED,1,PENDING,distance=0.00m; nom=1.00; commune=1.00; priorite=5
e60088e9-cf94-4e41-ae65-a5390866b4b8,b3430435-49e4-4bcd-958f-8f9d35be8128,ee91eef2-9436-48bf-a8fd-aeb522c95e7e,infra.huilerie_inventaire_pollution,944b6fd6-7bda-46fe-9a8d-684ac097ce2c,5b82802c-c9ff-423b-be14-ffec16e23dde,0.0,0.9250,DUPLICATE_EXACT,H.ANOOR,H.ANOOR,M'HAYA,M'HAYA,HUILERIE,infra.huilerie_inventaire_pollution,MANUAL_REVIEW_REQUIRED,1,PENDING,distance=0.00m; nom=1.00; commune=1.00; priorite=5
e60088e9-cf94-4e41-ae65-a5390866b4b8,43475469-757a-4def-b435-d25ecda085f6,6e7ce881-0e17-4e81-a12a-0b226ac3b814,infra.huilerie_inventaire_pollution,8a3fa7aa-7b82-46ab-a766-e1ff28cd0412,5b446acd-31a4-4609-8106-b5bc0f88bbd1,0.0,0.9250,DUPLICATE_EXACT,GIE Jnane Ouazzane,GIE Jnane Ouazzane,Bni Qoulla,Bni Qoulla,HUILERIE,infra.huilerie_inventaire_pollution,MANUAL_REVIEW_REQUIRED,1,PENDING,distance=0.00m; nom=1.00; commune=1.00; priorite=5
e60088e9-cf94-4e41-ae65-a5390866b4b8,c5451284-8031-4bbc-90dd-5e0d407291b0,ab43bb6f-a0b0-4f54-8041-9247b16ff09c,infra.huilerie_inventaire_pollution,b422287c-937e-4e1a-b504-78313dc350ba,0dbae4c5-76f7-43a2-b9fe-fb0350f290de,0.0,0.9250,DUPLICATE_EXACT,GIE LAMTA FES,GIE LAMTA FES,AIN BOUALI,AIN BOUALI,HUILERIE,infra.huilerie_inventaire_pollution,MANUAL_REVIEW_REQUIRED,1,PENDING,distance=0.00m; nom=1.00; commune=1.00; priorite=5
e60088e9-cf94-4e41-ae65-a5390866b4b8,36b0674f-9905-4647-8b1c-188f6fbaa2fc,e220074f-2feb-4bd0-b068-001174373bee,infra.huilerie_inventaire_pollution,965b8856-a2ba-4c68-9476-ddab4d46cda8,42f237fd-ab8b-4fff-bed1-ec2ea9629707,0.0,0.9250,DUPLICATE_EXACT,Gie Olea Jabalia,Gie Olea Jabalia,Bni Oulid,Bni Oulid,HUILERIE,infra.huilerie_inventaire_pollution,MANUAL_REVIEW_REQUIRED,1,PENDING,distance=0.00m; nom=1.00; commune=1.00; priorite=5
e60088e9-cf94-4e41-ae65-a5390866b4b8,8e79068e-81a0-4577-8eb9-e4553dfdb965,4c61d7ef-0c9d-4ec8-ab6a-bd5d9f5d7acf,infra.huilerie_inventaire_pollution,0f047c34-8323-4862-9a58-72d496df38d2,a2ad5ec5-6efa-43e8-804e-e21223bac40e,0.0,0.9250,DUPLICATE_EXACT,GIE PRODUITS DE TERROIR WALILI,GIE PRODUITS DE TERROIR WALILI,N'zalat Bni Amar,N'zalat Bni Amar,HUILERIE,infra.huilerie_inventaire_pollution,MANUAL_REVIEW_REQUIRED,1,PENDING,distance=0.00m; nom=1.00; commune=1.00; priorite=5
e60088e9-cf94-4e41-ae65-a5390866b4b8,8e46e367-007f-4ea4-85ea-adfb914db813,3468b6cf-55f0-4eb7-bc40-8fd613077176,infra.huilerie_inventaire_pollution,606f4ff0-1791-4174-bb22-dc290d4f60c9,1b25789a-cc9e-4942-9814-dedda992ba02,0.0,0.9250,DUPLICATE_EXACT,GIE Tsouli,GIE Tsouli,Oulad zbair,Oulad zbair,HUILERIE,infra.huilerie_inventaire_pollution,MANUAL_REVIEW_REQUIRED,1,PENDING,distance=0.00m; nom=1.00; commune=1.00; priorite=5
e60088e9-cf94-4e41-ae65-a5390866b4b8,ed9346f5-c342-4d54-8d23-d76b67d5385c,d5fe1fbc-f03c-49b0-ae74-d380ee0d5b81,infra.huilerie_inventaire_pollution,f013e17d-8a7c-42d6-93d6-c7045b77bd50,ef0693c9-198f-46b6-875f-d24e33d0329f,0.0,0.9250,DUPLICATE_EXACT,"H, BEN MOUSSA","H, BEN MOUSSA",MOLAY DRISS ZARHON,MOLAY DRISS ZARHON,HUILERIE,infra.huilerie_inventaire_pollution,MANUAL_REVIEW_REQUIRED,1,PENDING,distance=0.00m; nom=1.00; commune=1.00; priorite=5
e60088e9-cf94-4e41-ae65-a5390866b4b8,50337eb6-082b-46d0-89e3-85b9b2fb4bef,a21dd0e3-4368-4af6-91c4-e4f7f99802a1,infra.huilerie_inventaire_pollution,70e1ef92-588c-4b4c-82a6-731e861184c4,77046c88-db08-4508-a9f0-8f7cb036ad02,0.0,0.9250,DUPLICATE_EXACT,"H, KHALID MOUALIJ","H, KHALID MOUALIJ",MGHASIYINE,MGHASIYINE,HUILERIE,infra.huilerie_inventaire_pollution,MANUAL_REVIEW_REQUIRED,1,PENDING,distance=0.00m; nom=1.00; commune=1.00; priorite=5
e60088e9-cf94-4e41-ae65-a5390866b4b8,d4f4fde8-78db-4949-bacb-3a05fdcd80c9,c76e82e4-5269-4dbc-9192-8b917228650e,infra.huilerie_inventaire_pollution,8df49451-6719-42f7-a7c0-f2c960dee84f,423135aa-ac1f-4449-82ec-10a72f9c9b40,0.0,0.9250,DUPLICATE_EXACT,"H, ZGAGH MOHAMED","H, ZGAGH MOHAMED",OUALIL,OUALIL,HUILERIE,infra.huilerie_inventaire_pollution,MANUAL_REVIEW_REQUIRED,1,PENDING,distance=0.00m; nom=1.00; commune=1.00; priorite=5
e60088e9-cf94-4e41-ae65-a5390866b4b8,8f8ff23e-606e-4d57-859f-194593383c81,c2a43830-3d62-40d5-b8fe-4b99a2d8fda8,infra.huilerie_inventaire_pollution,8d1257f3-1785-416a-a2a1-3815197fc57d,f4b1b063-2ade-40b6-9a17-e2b237cda50c,0.0,0.9250,DUPLICATE_EXACT,"H,BOUHDIOUI","H,BOUHDIOUI",SEFROU,SEFROU,HUILERIE,infra.huilerie_inventaire_pollution,MANUAL_REVIEW_REQUIRED,1,PENDING,distance=0.00m; nom=1.00; commune=1.00; priorite=5
e60088e9-cf94-4e41-ae65-a5390866b4b8,4dad5092-68db-4cec-9c1e-1c5e42b78c42,4bfd470d-f291-490b-b6b9-e346c423c16b,infra.huilerie_inventaire_pollution,675d9cd3-939f-46e5-9d46-01bb723d6a8d,ea5c5a68-be00-4414-bcf9-066ebc471585,0.0,0.9250,DUPLICATE_EXACT,"H,CHAJARA EL MOBARAKA","H,CHAJARA EL MOBARAKA",AIN BOUALI,AIN BOUALI,HUILERIE,infra.huilerie_inventaire_pollution,MANUAL_REVIEW_REQUIRED,1,PENDING,distance=0.00m; nom=1.00; commune=1.00; priorite=5
e60088e9-cf94-4e41-ae65-a5390866b4b8,667b57e7-100a-41c2-b32f-4c704d1ed979,416a4da7-3e2a-4af1-9cf2-599d44561863,infra.huilerie_inventaire_pollution,7a118c0f-b5c9-4834-a554-1b08a3efdb05,3eeae7fb-9ff3-4678-9437-aa1f1300d845,0.0,0.9250,DUPLICATE_EXACT,"H,DRISS NAJI","H,DRISS NAJI",OULAD MIMOUN,OULAD MIMOUN,HUILERIE,infra.huilerie_inventaire_pollution,MANUAL_REVIEW_REQUIRED,1,PENDING,distance=0.00m; nom=1.00; commune=1.00; priorite=5
e60088e9-cf94-4e41-ae65-a5390866b4b8,e8a44249-c8e0-4ab9-b5ae-a9c5e412814a,195e2296-3c12-4d43-9030-a83cebffb0b5,infra.huilerie_inventaire_pollution,724b28a3-0ba0-4a9e-b491-8e7a4f467e24,ebf8fe79-81ae-402e-b2d1-7378571e268c,0.0,0.9250,DUPLICATE_EXACT,"H,EL BARAKA","H,EL BARAKA",AIN BOUALI,AIN BOUALI,HUILERIE,infra.huilerie_inventaire_pollution,MANUAL_REVIEW_REQUIRED,1,PENDING,distance=0.00m; nom=1.00; commune=1.00; priorite=5
e60088e9-cf94-4e41-ae65-a5390866b4b8,5efe9bef-eb94-4783-8fae-da52c333dcc7,b7abf42b-84a6-409a-9c09-9fb51648d4c7,infra.huilerie_inventaire_pollution,0f6133cb-3396-4d08-86dd-27966bb38c59,c4f1d1e0-73d7-4bb5-9a58-9a69349b991d,0.0,0.9250,DUPLICATE_EXACT,"H,EL FALLAH","H,EL FALLAH",AGHBALOU AQORAR,AGHBALOU AQORAR,HUILERIE,infra.huilerie_inventaire_pollution,MANUAL_REVIEW_REQUIRED,1,PENDING,distance=0.00m; nom=1.00; commune=1.00; priorite=5
e60088e9-cf94-4e41-ae65-a5390866b4b8,5c36940d-573a-4e29-898c-e5a48661c1a5,46cec287-0100-48aa-8aa9-320ddfc3099c,infra.huilerie_inventaire_pollution,d65c24a0-8401-4df2-b2e5-145e1a199838,2e1c7830-d70d-4491-8b9a-603772af536f,0.0,0.9250,DUPLICATE_EXACT,"H,EL MASIRA","H,EL MASIRA",AIN CHQAF,AIN CHQAF,HUILERIE,infra.huilerie_inventaire_pollution,MANUAL_REVIEW_REQUIRED,1,PENDING,distance=0.00m; nom=1.00; commune=1.00; priorite=5
e60088e9-cf94-4e41-ae65-a5390866b4b8,e2da8bd7-11be-42d8-9285-f5a81e94bf12,27470f9b-4484-49d5-93e4-e99dd041832b,infra.huilerie_inventaire_pollution,f1644b1e-d0db-418a-83e4-707f311a1ab1,6ec91ed0-6f67-44c8-a99b-cdc4f9df2806,0.0,0.9250,DUPLICATE_EXACT,"H,OUERYAGHLI ADNAN","H,OUERYAGHLI ADNAN",MOLAY DRISS ZARHOUN,MOLAY DRISS ZARHOUN,HUILERIE,infra.huilerie_inventaire_pollution,MANUAL_REVIEW_REQUIRED,1,PENDING,distance=0.00m; nom=1.00; commune=1.00; priorite=5
e60088e9-cf94-4e41-ae65-a5390866b4b8,4741fe44-be54-454e-8141-8555232949a0,ec51ee56-891f-4d10-966d-0b021ae4e419,infra.huilerie_inventaire_pollution,ea6d1e9c-2905-4adc-80e5-38ca8bdbface,f6d0148c-f502-40fa-9f5c-1f319424e1b0,0.0,0.9250,DUPLICATE_EXACT,"H,SAHL SAYS","H,SAHL SAYS",N'zalat Bni Amar,N'zalat Bni Amar,HUILERIE,infra.huilerie_inventaire_pollution,MANUAL_REVIEW_REQUIRED,1,PENDING,distance=0.00m; nom=1.00; commune=1.00; priorite=5
e60088e9-cf94-4e41-ae65-a5390866b4b8,ac5ce19c-09a9-45f4-8e73-8dc7228f0363,f5408ac6-fe64-42ad-b6b7-824223518e7b,infra.huilerie_inventaire_pollution,0f841958-fe21-427c-a641-5c58e7623d5e,0951d912-b6cd-49d6-948c-2d65f509d652,0.0,0.9250,DUPLICATE_EXACT,"H,YOUSSEF","H,YOUSSEF",AGHBALOU AQORAR,AGHBALOU AQORAR,HUILERIE,infra.huilerie_inventaire_pollution,MANUAL_REVIEW_REQUIRED,1,PENDING,distance=0.00m; nom=1.00; commune=1.00; priorite=5
e60088e9-cf94-4e41-ae65-a5390866b4b8,1d08c1af-dfc3-41cc-b88d-057299b4474a,750bd295-c265-4df2-9e3d-75793f97fa0f,infra.huilerie_inventaire_pollution,7d480636-6562-4e8b-8e5a-90af1be9c732,5c292b4b-1a7f-4eef-b58f-de87a83a43d4,0.0,0.9250,DUPLICATE_EXACT,"H,YOUSSEF MKDAD","H,YOUSSEF MKDAD",M'HAYA,M'HAYA,HUILERIE,infra.huilerie_inventaire_pollution,MANUAL_REVIEW_REQUIRED,1,PENDING,distance=0.00m; nom=1.00; commune=1.00; priorite=5
e60088e9-cf94-4e41-ae65-a5390866b4b8,3ddc564c-3913-40e8-ba0d-00b03b2d02a8,d3b2a8db-abf6-4124-a9cf-0e8a482fcfde,infra.huilerie_inventaire_pollution,b209901c-e3ab-4186-9ee3-41676b356171,51fe363c-cf35-4d8a-92f5-7e185bc84e44,0.0,0.9250,DUPLICATE_EXACT,H. SFAR,H. SFAR,SIDI YOUSEF BEN HMED,SIDI YOUSEF BEN HMED,HUILERIE,infra.huilerie_inventaire_pollution,MANUAL_REVIEW_REQUIRED,1,PENDING,distance=0.00m; nom=1.00; commune=1.00; priorite=5
e60088e9-cf94-4e41-ae65-a5390866b4b8,487649d8-1974-4d3b-b813-95d98bd27406,5dd75bdb-9574-4f31-a054-857564b2e330,infra.huilerie_inventaire_pollution,5ec6eb8a-5412-42d0-b84f-99e07ce09aa6,3846efc6-583b-438d-8021-abfb588b7bd4,0.0,0.9250,DUPLICATE_EXACT,H.ABDELKADAR TAZI,H.ABDELKADAR TAZI,AIN CHEGAG,AIN CHEGAG,HUILERIE,infra.huilerie_inventaire_pollution,MANUAL_REVIEW_REQUIRED,1,PENDING,distance=0.00m; nom=1.00; commune=1.00; priorite=5
e60088e9-cf94-4e41-ae65-a5390866b4b8,2e790d57-4067-4ce8-9732-e99921d34a2e,1f56368e-335c-4d36-890c-2aefcd827a54,infra.huilerie_inventaire_pollution,93d69704-991c-4722-846c-98e24ac53706,7e05d762-77f8-40e8-9b7c-2ca56fda5840,0.0,0.9250,DUPLICATE_EXACT,H.AFRIQUIA,H.AFRIQUIA,LAQSIR,LAQSIR,HUILERIE,infra.huilerie_inventaire_pollution,MANUAL_REVIEW_REQUIRED,1,PENDING,distance=0.00m; nom=1.00; commune=1.00; priorite=5
e60088e9-cf94-4e41-ae65-a5390866b4b8,53be7463-7e11-4e32-91d4-9145fb62545b,371b75bc-daf9-420e-a8a2-f836b12a3652,infra.huilerie_inventaire_pollution,b1daaac1-3af8-4d67-b3d2-55aa3815656d,ff9f454a-c0be-442d-b8db-22c5da5b642c,0.0,0.9250,DUPLICATE_EXACT,H.AIN SANIA,H.AIN SANIA,AIN BOUALI,AIN BOUALI,HUILERIE,infra.huilerie_inventaire_pollution,MANUAL_REVIEW_REQUIRED,1,PENDING,distance=0.00m; nom=1.00; commune=1.00; priorite=5
e60088e9-cf94-4e41-ae65-a5390866b4b8,cfe1983b-1d66-4ab4-b9a4-9213fdaef6ba,b6d44e53-85d6-49db-b308-c4167cb92129,infra.huilerie_inventaire_pollution,97e2a079-4605-4215-9dfe-411e3125c8d1,10779ec2-5b0c-45f3-9363-4c4b99235756,0.0,0.9250,DUPLICATE_EXACT,H.AL FADLE,H.AL FADLE,LAQSIR,LAQSIR,HUILERIE,infra.huilerie_inventaire_pollution,MANUAL_REVIEW_REQUIRED,1,PENDING,distance=0.00m; nom=1.00; commune=1.00; priorite=5
e60088e9-cf94-4e41-ae65-a5390866b4b8,e99c5733-cd97-4b6f-8a5a-ae5268a0dfb8,620f970a-b9d5-44b7-9ad0-084484ea319f,infra.huilerie_inventaire_pollution,6ecd685b-0f2a-4650-8c89-ff5b93d3a4ff,3029e4a6-eb61-4b1c-b8c4-f65eb2b045a2,0.0,0.9250,DUPLICATE_EXACT,H.ALLAMI BATTAS,H.ALLAMI BATTAS,OUALIL,OUALIL,HUILERIE,infra.huilerie_inventaire_pollution,MANUAL_REVIEW_REQUIRED,1,PENDING,distance=0.00m; nom=1.00; commune=1.00; priorite=5
e60088e9-cf94-4e41-ae65-a5390866b4b8,e34962d1-9e5d-4549-99be-72d2ab48aa60,a8ec6aff-6841-406b-8781-b601d025d2df,infra.huilerie_inventaire_pollution,a2f0e49f-259b-4bfe-a8e6-cff7321f9cb6,83855cb8-b45f-4668-b6f4-59f8d2bab049,0.0,0.9250,DUPLICATE_EXACT,H.AMRI,H.AMRI,AIT YAAZEM,AIT YAAZEM,HUILERIE,infra.huilerie_inventaire_pollution,MANUAL_REVIEW_REQUIRED,1,PENDING,distance=0.00m; nom=1.00; commune=1.00; priorite=5
e60088e9-cf94-4e41-ae65-a5390866b4b8,2b15851e-bb28-4572-8c62-1a9747ef640f,c2e4a168-9914-482e-b8b7-c3f66950bf53,infra.huilerie_inventaire_pollution,71a9d3bd-804e-4cf9-bb14-59bb40a0dcd4,745898cb-8140-44e1-9ec5-f12a8a6122cf,0.0,0.9250,DUPLICATE_EXACT,H.ASSALA,H.ASSALA,OUALIL,OUALIL,HUILERIE,infra.huilerie_inventaire_pollution,MANUAL_REVIEW_REQUIRED,1,PENDING,distance=0.00m; nom=1.00; commune=1.00; priorite=5
e60088e9-cf94-4e41-ae65-a5390866b4b8,f9c0d551-77f4-4090-ba82-20f3dbf066b8,ec9debb0-cb8d-4147-a139-8ee504d53310,infra.huilerie_inventaire_pollution,ea4f1ba9-2419-4d21-b5d1-e25b9d802b61,bdd6e1ab-e5b9-4a71-bbac-45796b195dbb,0.0,0.9250,DUPLICATE_EXACT,H.BELAID,H.BELAID,M'HAYA,M'HAYA,HUILERIE,infra.huilerie_inventaire_pollution,MANUAL_REVIEW_REQUIRED,1,PENDING,distance=0.00m; nom=1.00; commune=1.00; priorite=5
e60088e9-cf94-4e41-ae65-a5390866b4b8,468c5159-e66c-4c9f-9730-b2e055b1453c,ff6f6e53-4564-47aa-8faf-b8e170d59825,infra.huilerie_inventaire_pollution,fcf31a06-b0fe-4a85-a669-be4c08292f51,a03f8faa-0fa4-4660-929f-808415ebda10,0.0,0.9250,DUPLICATE_EXACT,H.ben lmahdi,H.ben lmahdi,M'HAYA,M'HAYA,HUILERIE,infra.huilerie_inventaire_pollution,MANUAL_REVIEW_REQUIRED,1,PENDING,distance=0.00m; nom=1.00; commune=1.00; priorite=5
e60088e9-cf94-4e41-ae65-a5390866b4b8,f26c2740-97e3-4f02-b315-e1a843070e90,f5884c77-ca14-486a-a240-b20f04e3a29e,infra.huilerie_inventaire_pollution,3e3c9092-12eb-4e67-8d17-502fd12ff24a,615fd7a8-89ae-4c1a-809b-8862d297e868,0.0,0.9250,DUPLICATE_EXACT,H.BENAYAD,H.BENAYAD,RIBATE EL KHEIR,RIBATE EL KHEIR,HUILERIE,infra.huilerie_inventaire_pollution,MANUAL_REVIEW_REQUIRED,1,PENDING,distance=0.00m; nom=1.00; commune=1.00; priorite=5
e60088e9-cf94-4e41-ae65-a5390866b4b8,d8551a14-a30d-4a2c-a3f1-d2f6db6731ef,a945d9c9-9bc9-4415-84ce-b552ae3c61f2,infra.huilerie_inventaire_pollution,132582ea-f075-4ab9-a546-fa3f520c37ba,ab515cd3-84c7-4435-ab4a-858132eb875c,0.0,0.9250,DUPLICATE_EXACT,H.bengraa khalid,H.bengraa khalid,oued jdida,oued jdida,HUILERIE,infra.huilerie_inventaire_pollution,MANUAL_REVIEW_REQUIRED,1,PENDING,distance=0.00m; nom=1.00; commune=1.00; priorite=5
e60088e9-cf94-4e41-ae65-a5390866b4b8,742b7b19-73cb-43f9-bb17-a1a66feadc04,bfaffc4c-17b6-4632-b231-2ab9fc6a318b,infra.huilerie_inventaire_pollution,56e4fca9-dfdc-436d-be63-9e7aba5625ba,934b873b-16df-452d-9761-483004577129,0.0,0.9250,DUPLICATE_EXACT,H.BISMILLAH,H.BISMILLAH,RIBAT EL KHEIR,RIBAT EL KHEIR,HUILERIE,infra.huilerie_inventaire_pollution,MANUAL_REVIEW_REQUIRED,1,PENDING,distance=0.00m; nom=1.00; commune=1.00; priorite=5
e60088e9-cf94-4e41-ae65-a5390866b4b8,395f2857-c762-4151-b333-580aafddea39,38ff8407-e2cf-466b-b923-6388677af562,infra.huilerie_inventaire_pollution,a3b6a729-04b8-4647-8046-e41a71d7a0ae,1761519c-ee9e-426a-a21a-2f2281c28cb8,0.0,0.9250,DUPLICATE_EXACT,H.BISMILLAH RASS LAINE,H.BISMILLAH RASS LAINE,SIDI ABDELLAH EL KHAYAT,SIDI ABDELLAH EL KHAYAT,HUILERIE,infra.huilerie_inventaire_pollution,MANUAL_REVIEW_REQUIRED,1,PENDING,distance=0.00m; nom=1.00; commune=1.00; priorite=5
e60088e9-cf94-4e41-ae65-a5390866b4b8,d89eab3b-80be-49ed-bc96-3d69591372c0,0b12f3e6-ce2f-448b-ba34-d41d29d87297,infra.huilerie_inventaire_pollution,2850e9d6-cf73-4f3a-9b9f-d71063888b86,eaac5cd4-37a7-4fbf-98f2-ce383a10b5ed,0.0,0.9250,DUPLICATE_EXACT,H.BOIDIS,H.BOIDIS,sidi lahcen,sidi lahcen,HUILERIE,infra.huilerie_inventaire_pollution,MANUAL_REVIEW_REQUIRED,1,PENDING,distance=0.00m; nom=1.00; commune=1.00; priorite=5
e60088e9-cf94-4e41-ae65-a5390866b4b8,8b98a7ce-1210-4572-8b17-1bc5a4b306cc,b77c2af9-caa4-4712-aba4-23414401b07e,infra.huilerie_inventaire_pollution,af341d86-e23b-4102-885f-c9fdb1f90585,40eaeabb-e7c0-4f13-beef-3b545be7a9b7,0.0,0.9250,DUPLICATE_EXACT,H.bongab abdessallam,H.bongab abdessallam,oued jdida,oued jdida,HUILERIE,infra.huilerie_inventaire_pollution,MANUAL_REVIEW_REQUIRED,1,PENDING,distance=0.00m; nom=1.00; commune=1.00; priorite=5
e60088e9-cf94-4e41-ae65-a5390866b4b8,5653d4c2-91b1-4799-a9e4-40ab02ce90d7,36de1bb3-02ac-45fb-9cdd-d9ac00b07f74,infra.huilerie_inventaire_pollution,a90fd0e7-38d4-4cda-8d6a-e9c91ded8932,8925cba7-d796-48bd-9fb5-b880768c835f,0.0,0.9250,DUPLICATE_EXACT,H.BOUAAOUDA,H.BOUAAOUDA,M'HAYA,M'HAYA,HUILERIE,infra.huilerie_inventaire_pollution,MANUAL_REVIEW_REQUIRED,1,PENDING,distance=0.00m; nom=1.00; commune=1.00; priorite=5
e60088e9-cf94-4e41-ae65-a5390866b4b8,8dcc6031-126b-4bed-809c-ab15f4f1b0b8,d38e3993-85df-4c4e-b276-63b4a127ac63,infra.huilerie_inventaire_pollution,952879a3-e2f6-44bc-9719-07a334457cce,9adb4369-be51-4eb6-8ef7-54ddf94d71a4,0.0,0.9250,DUPLICATE_EXACT,H.BOUAYAD,H.BOUAYAD,Sebaa Rouadi,Sebaa Rouadi,HUILERIE,infra.huilerie_inventaire_pollution,MANUAL_REVIEW_REQUIRED,1,PENDING,distance=0.00m; nom=1.00; commune=1.00; priorite=5
e60088e9-cf94-4e41-ae65-a5390866b4b8,6dfa734a-d49f-4f6a-aea8-9aed72fcb918,b7e75347-ba43-4480-8e3a-519e696cab21,infra.huilerie_inventaire_pollution,c39e9a72-aa4f-4aec-8d85-8e0d742b2bd4,1cdb97c4-2e83-44ee-af52-05eb07008047,0.0,0.9250,DUPLICATE_EXACT,H.BRAHIM ZNIBAR,H.BRAHIM ZNIBAR,AIT NAAMANE,AIT NAAMANE,HUILERIE,infra.huilerie_inventaire_pollution,MANUAL_REVIEW_REQUIRED,1,PENDING,distance=0.00m; nom=1.00; commune=1.00; priorite=5
e60088e9-cf94-4e41-ae65-a5390866b4b8,f123505d-d800-434e-a968-a28a41cb5295,53e45459-eb20-4018-9754-1b337493d504,infra.huilerie_inventaire_pollution,7fbe575c-4172-4b19-ab37-dcd4a8a01fbc,7ae31183-778b-4661-aae5-b1db55092a1d,0.0,0.9250,DUPLICATE_EXACT,H.DARIH,H.DARIH,SIDI LAHCEN,SIDI LAHCEN,HUILERIE,infra.huilerie_inventaire_pollution,MANUAL_REVIEW_REQUIRED,1,PENDING,distance=0.00m; nom=1.00; commune=1.00; priorite=5
e60088e9-cf94-4e41-ae65-a5390866b4b8,2a848220-e79e-4a25-a538-adaeac29809f,6c56b50e-bfa6-424b-bdd5-d72d5adca0ab,infra.huilerie_inventaire_pollution,182b2801-ad40-4273-85be-6d6c0c72113a,8018b320-f36d-46c6-bb84-a5add380b489,0.0,0.9250,DUPLICATE_EXACT,H.DOUKALI,H.DOUKALI,M'HAYA,M'HAYA,HUILERIE,infra.huilerie_inventaire_pollution,MANUAL_REVIEW_REQUIRED,1,PENDING,distance=0.00m; nom=1.00; commune=1.00; priorite=5
e60088e9-cf94-4e41-ae65-a5390866b4b8,48eabcda-46fd-4b16-b1b3-d8be5928f4ca,56822f9a-75e5-4041-af9c-2eff3533b44d,infra.huilerie_inventaire_pollution,cdacd6b1-0f24-49f2-b601-82d414b2cc04,ec7dcf28-1b43-4bb5-9594-e6fd23acedcf,0.0,0.9250,DUPLICATE_EXACT,H.DRISS BOUAYADI,H.DRISS BOUAYADI,SIDI ABDELLAH EL KHAYAT,SIDI ABDELLAH EL KHAYAT,HUILERIE,infra.huilerie_inventaire_pollution,MANUAL_REVIEW_REQUIRED,1,PENDING,distance=0.00m; nom=1.00; commune=1.00; priorite=5
e60088e9-cf94-4e41-ae65-a5390866b4b8,8b29bd84-219e-451c-8348-ba5a085180da,25c4c0b3-1e47-4c79-ae9f-4567d5f8cc89,infra.huilerie_inventaire_pollution,ed15e140-b4e6-4371-b81d-1060eb02d502,12443e98-d41e-474d-a5b1-779374f7a302,0.0,0.9250,DUPLICATE_EXACT,H.EL BARAKA,H.EL BARAKA,SEBAA ROUDI,SEBAA ROUDI,HUILERIE,infra.huilerie_inventaire_pollution,MANUAL_REVIEW_REQUIRED,1,PENDING,distance=0.00m; nom=1.00; commune=1.00; priorite=5
e60088e9-cf94-4e41-ae65-a5390866b4b8,96bc2a94-7bc8-4c37-8896-d6d1e4a8aa51,25a90870-c4a1-4c48-85e0-ebb19e6684ae,infra.huilerie_inventaire_pollution,037dbd1c-7b3e-47a3-9d67-f79f4a7f9e4d,31f55044-e6c3-4006-90ea-3bb7a2a5dc7f,0.0,0.9250,DUPLICATE_EXACT,H.EL BARAKA,H.EL BARAKA,AIN CHEGGAG,AIN CHEGGAG,HUILERIE,infra.huilerie_inventaire_pollution,MANUAL_REVIEW_REQUIRED,1,PENDING,distance=0.00m; nom=1.00; commune=1.00; priorite=5
e60088e9-cf94-4e41-ae65-a5390866b4b8,f5394b79-8c9b-4c69-b9f7-4f99a7573f40,84b19652-29d5-4c00-a9d6-9cde9264dcc3,infra.huilerie_inventaire_pollution,85ac63e2-b6d6-4ab1-a0ce-311143bc7038,c208302b-bb68-4132-be07-51133a875b7e,0.0,0.9250,DUPLICATE_EXACT,H.EL BARAKA,H.EL BARAKA,LAAJAJRA,LAAJAJRA,HUILERIE,infra.huilerie_inventaire_pollution,MANUAL_REVIEW_REQUIRED,1,PENDING,distance=0.00m; nom=1.00; commune=1.00; priorite=5
e60088e9-cf94-4e41-ae65-a5390866b4b8,7eff4cd5-4c47-4a68-bc66-ebcf741e1c5b,72298f48-32b1-4263-80b6-b50fce3fbd0c,infra.huilerie_inventaire_pollution,53b4326e-f097-4504-9ac4-6dfeeede8218,920698c1-3a10-493e-8830-3872f68e588d,0.0,0.9250,DUPLICATE_EXACT,H.EL BARAKA,H.EL BARAKA,OUALIL,OUALIL,HUILERIE,infra.huilerie_inventaire_pollution,MANUAL_REVIEW_REQUIRED,1,PENDING,distance=0.00m; nom=1.00; commune=1.00; priorite=5
e60088e9-cf94-4e41-ae65-a5390866b4b8,01bee757-14d8-4898-8924-e9f02094359b,4210cc87-aa30-43dd-9dd2-e76f4b8a38e0,infra.huilerie_inventaire_pollution,835e4c84-5d65-40d9-b6b0-0ee2e9770c8a,31f15708-d334-4017-ab3b-bbea55e5f821,0.0,0.9250,DUPLICATE_EXACT,H.EL JAOUDA,H.EL JAOUDA,SEBAA ROUDI,SEBAA ROUDI,HUILERIE,infra.huilerie_inventaire_pollution,MANUAL_REVIEW_REQUIRED,1,PENDING,distance=0.00m; nom=1.00; commune=1.00; priorite=5
e60088e9-cf94-4e41-ae65-a5390866b4b8,8315c9d5-90b6-44a8-9aef-b931dc047de9,0194ad11-bc01-404a-a658-5f04f24f5742,infra.huilerie_inventaire_pollution,c9338ec8-489a-4960-a6d0-2b547190f75f,f8c37f0c-60f6-4295-b913-edfd50ceb7ab,0.0,0.9250,DUPLICATE_EXACT,H.EL KARAM,H.EL KARAM,M'HAYA,M'HAYA,HUILERIE,infra.huilerie_inventaire_pollution,MANUAL_REVIEW_REQUIRED,1,PENDING,distance=0.00m; nom=1.00; commune=1.00; priorite=5
e60088e9-cf94-4e41-ae65-a5390866b4b8,0301fa36-bcbd-47f0-b255-ef6cd89dd210,daf2ec53-d02f-4478-9b84-af40e1828335,infra.huilerie_inventaire_pollution,c9bcd912-af18-4a30-9f39-fc69faab3b46,ad4b3ace-f3c1-4b60-b4a5-c9abbf89e6bc,0.0,0.9250,DUPLICATE_EXACT,H.EL KHAYR,H.EL KHAYR,OUALIL,OUALIL,HUILERIE,infra.huilerie_inventaire_pollution,MANUAL_REVIEW_REQUIRED,1,PENDING,distance=0.00m; nom=1.00; commune=1.00; priorite=5
e60088e9-cf94-4e41-ae65-a5390866b4b8,2fac4f7b-5bb5-45d7-8d36-0885bb3b97ff,54c1beb9-9dfe-4d8e-9d42-8c178645a6f6,infra.huilerie_inventaire_pollution,13e39f7f-c3eb-4d6a-ad9b-bc7764477e49,2243dcd3-cc81-4541-b65d-36e5ac9d8f9a,0.0,0.9250,DUPLICATE_EXACT,H.el ouaste Mohammed,H.el ouaste Mohammed,Moulay Driss Zerhoun,Moulay Driss Zerhoun,HUILERIE,infra.huilerie_inventaire_pollution,MANUAL_REVIEW_REQUIRED,1,PENDING,distance=0.00m; nom=1.00; commune=1.00; priorite=5
e60088e9-cf94-4e41-ae65-a5390866b4b8,a9065e07-cd20-4ac2-bb25-cd7e45bef7f2,ff6ae195-c64e-46de-b6b7-5e37626fd3a3,infra.huilerie_inventaire_pollution,cd35682b-0269-42a8-8b77-0e5e1a2d18be,1ec3a544-7331-4551-b576-c267e4fe81f8,0.0,0.9250,DUPLICATE_EXACT,H.EL OUATYA,H.EL OUATYA,LAAJAJRA,LAAJAJRA,HUILERIE,infra.huilerie_inventaire_pollution,MANUAL_REVIEW_REQUIRED,1,PENDING,distance=0.00m; nom=1.00; commune=1.00; priorite=5
e60088e9-cf94-4e41-ae65-a5390866b4b8,63cd56e5-bc6b-4dc4-a4ae-d2b34060dbd2,eeb57526-04e1-41cb-9594-07a82b32d3ce,infra.huilerie_inventaire_pollution,7d4c81d1-b226-4c1c-ad8e-bc8dc27e562d,34e51ba1-4e4c-486f-876f-c8668884806b,0.0,0.9250,DUPLICATE_EXACT,H.HAJ LKHAYAT,H.HAJ LKHAYAT,M'HAYA,M'HAYA,HUILERIE,infra.huilerie_inventaire_pollution,MANUAL_REVIEW_REQUIRED,1,PENDING,distance=0.00m; nom=1.00; commune=1.00; priorite=5
e60088e9-cf94-4e41-ae65-a5390866b4b8,8f15cdd1-654b-423b-9732-74568562a2e4,fe794755-7d5d-4483-8466-cc2b9af2a22f,infra.huilerie_inventaire_pollution,8619b76d-f940-4b90-9724-6d9b6691d996,1fc57149-4b5d-48ff-9ca3-c7b2b7065b37,0.0,0.9250,DUPLICATE_EXACT,H.HAJ MIMOUN CHACHOU,H.HAJ MIMOUN CHACHOU,AIT HARZ ALLAH,AIT HARZ ALLAH,HUILERIE,infra.huilerie_inventaire_pollution,MANUAL_REVIEW_REQUIRED,1,PENDING,distance=0.00m; nom=1.00; commune=1.00; priorite=5
e60088e9-cf94-4e41-ae65-a5390866b4b8,7834e786-cf79-4a73-b95e-19dd5ed9f7dd,31bd3dac-a3ad-4f8b-8ffc-52fe8a6b6c96,infra.huilerie_inventaire_pollution,a32a35a4-8804-49d8-906b-79d730814eae,dff1e7ea-b1da-467c-ad9a-bc1b29523b37,0.0,0.9250,DUPLICATE_EXACT,H.HAJ MOHAMED,H.HAJ MOHAMED,IGHZRAN,IGHZRAN,HUILERIE,infra.huilerie_inventaire_pollution,MANUAL_REVIEW_REQUIRED,1,PENDING,distance=0.00m; nom=1.00; commune=1.00; priorite=5
e60088e9-cf94-4e41-ae65-a5390866b4b8,85154cc2-935a-4f28-9703-9011b7a081fd,ea652f3f-86b7-4c74-81f4-50aa4752e199,infra.huilerie_inventaire_pollution,daf725db-46b6-4c26-a76a-117fc2408311,a4c72713-56ac-4835-a0cb-10208a0d6851,0.0,0.9250,DUPLICATE_EXACT,H.HAJAR,H.HAJAR,M'HAYA,M'HAYA,HUILERIE,infra.huilerie_inventaire_pollution,MANUAL_REVIEW_REQUIRED,1,PENDING,distance=0.00m; nom=1.00; commune=1.00; priorite=5
e60088e9-cf94-4e41-ae65-a5390866b4b8,bd010d4e-44b1-42c3-8851-2f9096bf33c7,afc9cb3a-e013-495f-975d-2f019056642d,infra.huilerie_inventaire_pollution,7f8143d9-ca17-4e66-a51c-da9d5a0a302e,1194c91e-b63a-4eb8-8eeb-899f73e3b724,0.0,0.9250,DUPLICATE_EXACT,H.JBEL ZARHOUN,H.JBEL ZARHOUN,MGHASSIYINE,MGHASSIYINE,HUILERIE,infra.huilerie_inventaire_pollution,MANUAL_REVIEW_REQUIRED,1,PENDING,distance=0.00m; nom=1.00; commune=1.00; priorite=5
e60088e9-cf94-4e41-ae65-a5390866b4b8,2b0c4a0c-d94c-40af-b59c-fea1207dbfc1,114db562-d2a3-4296-bf70-741579f63afd,infra.huilerie_inventaire_pollution,88eda6fe-ac27-4c80-bb02-3d43c1e94e9a,4a72ac77-2460-4b88-9c84-7f6728e78e9c,0.0,0.9250,DUPLICATE_EXACT,H.JEBAR,H.JEBAR,AIT YAAZEM,AIT YAAZEM,HUILERIE,infra.huilerie_inventaire_pollution,MANUAL_REVIEW_REQUIRED,1,PENDING,distance=0.00m; nom=1.00; commune=1.00; priorite=5
e60088e9-cf94-4e41-ae65-a5390866b4b8,c19e1ec9-b90f-4d56-b0f3-187db02855a1,48feaf92-fc54-41f7-a03c-4072f94e1728,infra.huilerie_inventaire_pollution,5c9d0192-2b57-4a10-8fb4-3694d8f01af2,d4b960b4-f2a8-401c-be0e-245cf9e65a0d,0.0,0.9250,DUPLICATE_EXACT,H.KARDOUNE MOHAMED,H.KARDOUNE MOHAMED,MTARNAGHA,MTARNAGHA,HUILERIE,infra.huilerie_inventaire_pollution,MANUAL_REVIEW_REQUIRED,1,PENDING,distance=0.00m; nom=1.00; commune=1.00; priorite=5
e60088e9-cf94-4e41-ae65-a5390866b4b8,0b63a261-f6a4-4a6d-9683-e0cebc490e3e,e23adca4-99a2-4bc4-8c6b-ac382ba467e4,infra.huilerie_inventaire_pollution,f49afe80-a2ea-4b7c-83ef-1eb4c6bc4711,4b15134b-76d9-46de-829a-a270f2143980,0.0,0.9250,DUPLICATE_EXACT,H.kazdari,H.kazdari,M'HAYA,M'HAYA,HUILERIE,infra.huilerie_inventaire_pollution,MANUAL_REVIEW_REQUIRED,1,PENDING,distance=0.00m; nom=1.00; commune=1.00; priorite=5
e60088e9-cf94-4e41-ae65-a5390866b4b8,19eb5c65-95c1-4eb6-944e-3eee9e665903,547a4fba-7c92-45b9-b389-d4e5e1024637,infra.huilerie_inventaire_pollution,80b119f5-7259-4934-8f25-6a4d093d4aa8,c802ad72-3f3b-407f-a49c-2697a063e38d,0.0,0.9250,DUPLICATE_EXACT,H.khanchaoui dris,H.khanchaoui dris,oued jdida,oued jdida,HUILERIE,infra.huilerie_inventaire_pollution,MANUAL_REVIEW_REQUIRED,1,PENDING,distance=0.00m; nom=1.00; commune=1.00; priorite=5
e60088e9-cf94-4e41-ae65-a5390866b4b8,bf18bb40-91ea-4a76-abdb-4e1b4fcbb6a4,e188b664-d483-4174-b8be-5d411a9f4d6d,infra.huilerie_inventaire_pollution,35ab5f1f-c62a-47e8-9d4a-a622e37d0ceb,4becc80d-31b1-4449-aa6d-4e37c418cb2d,0.0,0.9250,DUPLICATE_EXACT,H.LAAMARTI,H.LAAMARTI,SIDI ABDELLAH EL KHAYAT,SIDI ABDELLAH EL KHAYAT,HUILERIE,infra.huilerie_inventaire_pollution,MANUAL_REVIEW_REQUIRED,1,PENDING,distance=0.00m; nom=1.00; commune=1.00; priorite=5
e60088e9-cf94-4e41-ae65-a5390866b4b8,fd44475c-1ade-4669-946d-2c301ade0d43,c660227d-7d36-448f-840a-4b341dbd029c,infra.huilerie_inventaire_pollution,c3a75105-0dce-46d8-a059-bafd748bca14,3b640b2f-a3c9-4809-88ad-25f569c45654,0.0,0.9250,DUPLICATE_EXACT,H.LAGNAOUI HMED,H.LAGNAOUI HMED,AIN TAOUJDATE,AIN TAOUJDATE,HUILERIE,infra.huilerie_inventaire_pollution,MANUAL_REVIEW_REQUIRED,1,PENDING,distance=0.00m; nom=1.00; commune=1.00; priorite=5
e60088e9-cf94-4e41-ae65-a5390866b4b8,2f0fbb11-6007-47f7-8052-6f3c33e94b99,35983de0-fa2b-469c-9097-35cd1444c38c,infra.huilerie_inventaire_pollution,320d797b-0539-453c-ac5d-ebc0692b05d8,71370851-16ec-4862-b6fa-27cf12ebf194,0.0,0.9250,DUPLICATE_EXACT,H.lalla joumana,H.lalla joumana,oued jdida,oued jdida,HUILERIE,infra.huilerie_inventaire_pollution,MANUAL_REVIEW_REQUIRED,1,PENDING,distance=0.00m; nom=1.00; commune=1.00; priorite=5
e60088e9-cf94-4e41-ae65-a5390866b4b8,93c8fed3-ff4e-48d5-9b3b-ad3da3466f58,d7fc4bc3-585c-4b19-911e-cba4235cc761,infra.huilerie_inventaire_pollution,9aec3317-65eb-4386-b782-932f023b1892,785d27ef-a146-463f-a9be-2ee5f741e0eb,0.0,0.9250,DUPLICATE_EXACT,H.LMKADAM SAID,H.LMKADAM SAID,AIT YAAZEM,AIT YAAZEM,HUILERIE,infra.huilerie_inventaire_pollution,MANUAL_REVIEW_REQUIRED,1,PENDING,distance=0.00m; nom=1.00; commune=1.00; priorite=5
e60088e9-cf94-4e41-ae65-a5390866b4b8,07a36540-edb3-44d5-be16-6611adb0ba60,042ce46a-604d-4a0d-b113-9217b19b8106,infra.huilerie_inventaire_pollution,e910d767-f429-4a4a-9b9b-44ed40369c00,fa9bbc64-700b-49b3-a59b-3de99c534bfc,0.0,0.9250,DUPLICATE_EXACT,H.MAMOUNIA,H.MAMOUNIA,AIN CHEGGAG,AIN CHEGGAG,HUILERIE,infra.huilerie_inventaire_pollution,MANUAL_REVIEW_REQUIRED,1,PENDING,distance=0.00m; nom=1.00; commune=1.00; priorite=5
e60088e9-cf94-4e41-ae65-a5390866b4b8,cd0edbf9-6a6c-4e30-95d2-267e95495aa2,72246cbc-644a-4d55-a932-ada8ac2c6a07,infra.huilerie_inventaire_pollution,67c6b1ea-c057-4368-98df-7d4536f3c06b,d96d9168-4fbc-4a3b-b75a-06d298d89d92,0.0,0.9250,DUPLICATE_EXACT,H.MARIF,H.MARIF,AGHBALOU AQORAR,AGHBALOU AQORAR,HUILERIE,infra.huilerie_inventaire_pollution,MANUAL_REVIEW_REQUIRED,1,PENDING,distance=0.00m; nom=1.00; commune=1.00; priorite=5
e60088e9-cf94-4e41-ae65-a5390866b4b8,2016ee7d-a6c8-4235-953a-e465106a1521,7616178a-17dd-4928-b4b3-42f0d61c3e7d,infra.huilerie_inventaire_pollution,f33253c1-7de7-47f9-be71-b687ec0d5fa8,6cc2ea41-bcc4-4248-8d8c-310c67d591df,0.0,0.9250,DUPLICATE_EXACT,H.MDAZ ALLAL,H.MDAZ ALLAL,Dkhissa,Dkhissa,HUILERIE,infra.huilerie_inventaire_pollution,MANUAL_REVIEW_REQUIRED,1,PENDING,distance=0.00m; nom=1.00; commune=1.00; priorite=5
e60088e9-cf94-4e41-ae65-a5390866b4b8,bf58be01-dd51-4f03-8f4f-96e9a0e083e5,5fa3767c-a3ea-42d0-8f19-3e5d92e220d3,infra.huilerie_inventaire_pollution,222e96a2-10cb-4021-a2f3-f8bc97b0d3d2,81799bd3-ad73-4a16-957e-383b1b0c3ba8,0.0,0.9250,DUPLICATE_EXACT,H.MOHAMED  FAHSSI,H.MOHAMED  FAHSSI,M'HAYA,M'HAYA,HUILERIE,infra.huilerie_inventaire_pollution,MANUAL_REVIEW_REQUIRED,1,PENDING,distance=0.00m; nom=1.00; commune=1.00; priorite=5
e60088e9-cf94-4e41-ae65-a5390866b4b8,77a3c4d6-b483-40d6-bbc5-13805a5db738,1232d3e7-e983-4882-b9ca-0d4bd4eda737,infra.huilerie_inventaire_pollution,83662c71-c752-4157-9517-cb757629d3e1,f1056c63-4f7c-4f71-8cc4-05076cac9bf5,0.0,0.9250,DUPLICATE_EXACT,H.MONSIF,H.MONSIF,RIBATE EL KHEIR,RIBATE EL KHEIR,HUILERIE,infra.huilerie_inventaire_pollution,MANUAL_REVIEW_REQUIRED,1,PENDING,distance=0.00m; nom=1.00; commune=1.00; priorite=5
e60088e9-cf94-4e41-ae65-a5390866b4b8,2014fe80-51b4-4046-b978-f4717af6d01d,a4be213c-f8fe-4f52-9bd7-f299d9a4607b,infra.huilerie_inventaire_pollution,abf706b6-ae67-438f-8160-ca0e945edaec,a8f1aa7d-ab3f-4481-b88d-eecf17acb649,0.0,0.9250,DUPLICATE_EXACT,H.MOULAY DRISS EL AZHAR,H.MOULAY DRISS EL AZHAR,AIN BOUALI,AIN BOUALI,HUILERIE,infra.huilerie_inventaire_pollution,MANUAL_REVIEW_REQUIRED,1,PENDING,distance=0.00m; nom=1.00; commune=1.00; priorite=5
e60088e9-cf94-4e41-ae65-a5390866b4b8,f648bce0-adb9-4992-9942-8ec3c624ad09,42b36a9c-0b45-4f2d-accd-15216bba25ba,infra.huilerie_inventaire_pollution,6f04bc0c-d6ce-45c3-9800-58d003f7bc31,9670b40b-2291-463b-a96b-e71f352d2fd0,0.0,0.9250,DUPLICATE_EXACT,H.NACHATE,H.NACHATE,LAQSIR,LAQSIR,HUILERIE,infra.huilerie_inventaire_pollution,MANUAL_REVIEW_REQUIRED,1,PENDING,distance=0.00m; nom=1.00; commune=1.00; priorite=5
e60088e9-cf94-4e41-ae65-a5390866b4b8,855f07f0-0692-431f-9b81-fddd38426a14,ba535bc7-fe24-4056-a256-018ecb62d750,infra.huilerie_inventaire_pollution,2bd9d9ec-1a29-46a0-b4ff-88e95509f914,1856bb29-fa42-496d-ba67-5bb698b6d1c3,0.0,0.9250,DUPLICATE_EXACT,H.OUELD BEN SLIMANE,H.OUELD BEN SLIMANE,oued jdida,oued jdida,HUILERIE,infra.huilerie_inventaire_pollution,MANUAL_REVIEW_REQUIRED,1,PENDING,distance=0.00m; nom=1.00; commune=1.00; priorite=5
e60088e9-cf94-4e41-ae65-a5390866b4b8,f4e5247e-ee94-4eae-8b69-5996ffac9360,df7b5245-a7a7-47f3-a35d-299e0b8c6b8f,infra.huilerie_inventaire_pollution,af6262f3-4f58-45ab-a654-7f48d345705f,a18f02aa-e75b-4bce-8d72-4099ce869c76,0.0,0.9250,DUPLICATE_EXACT,H.OULAD NAJAT,H.OULAD NAJAT,Sebaa Rouadi,Sebaa Rouadi,HUILERIE,infra.huilerie_inventaire_pollution,MANUAL_REVIEW_REQUIRED,1,PENDING,distance=0.00m; nom=1.00; commune=1.00; priorite=5
e60088e9-cf94-4e41-ae65-a5390866b4b8,ba367bd3-9f88-4084-812f-86bf87e382eb,e5687743-483e-49de-9f5f-2089e7d8a7f0,infra.huilerie_inventaire_pollution,961d517f-d2b1-4b15-b48f-d50bfc943b64,c70b723c-6369-4ce7-8e1f-505be2d805df,0.0,0.9250,DUPLICATE_EXACT,H.SAHEL ABDERRAHMANE,H.SAHEL ABDERRAHMANE,M'HAYA,M'HAYA,HUILERIE,infra.huilerie_inventaire_pollution,MANUAL_REVIEW_REQUIRED,1,PENDING,distance=0.00m; nom=1.00; commune=1.00; priorite=5
e60088e9-cf94-4e41-ae65-a5390866b4b8,c1e69603-4c5e-4e09-8879-476235acd320,8a5b54d1-1eae-4a51-b832-a8df9bcc31dd,infra.huilerie_inventaire_pollution,1b6cd1cf-3bf3-4582-9bb4-1f6ca4c633a0,1b65ac7d-89b2-4c99-8ecd-c0d33cae6f33,0.0,0.9250,DUPLICATE_EXACT,H.SGHIR,H.SGHIR,OULAD MKOUDOU,OULAD MKOUDOU,HUILERIE,infra.huilerie_inventaire_pollution,MANUAL_REVIEW_REQUIRED,1,PENDING,distance=0.00m; nom=1.00; commune=1.00; priorite=5
e60088e9-cf94-4e41-ae65-a5390866b4b8,6691735c-0e76-4a89-9af4-6dfa5e701a27,1ea4d3b4-2c2d-4e4e-8499-2bfcc011e819,infra.huilerie_inventaire_pollution,607110bc-295d-4c80-b3af-68571c5ba48c,865b974e-8d2e-4f73-a66a-cc620535338d,0.0,0.9250,DUPLICATE_EXACT,H.SLINI ABDELHAK,H.SLINI ABDELHAK,Dkhissa,Dkhissa,HUILERIE,infra.huilerie_inventaire_pollution,MANUAL_REVIEW_REQUIRED,1,PENDING,distance=0.00m; nom=1.00; commune=1.00; priorite=5
e60088e9-cf94-4e41-ae65-a5390866b4b8,50fcea73-9618-4de3-b7cb-2d3519964e87,5332176e-e868-4be1-9d1c-c137f29ea5fe,infra.huilerie_inventaire_pollution,ddfcce1d-3129-4e4c-aebd-bddf27e37764,4c9de65b-2e06-45fe-a79c-757f8fccdd34,0.0,0.9250,DUPLICATE_EXACT,H.STTU MHAMED,H.STTU MHAMED,AIT YAAZEM,AIT YAAZEM,HUILERIE,infra.huilerie_inventaire_pollution,MANUAL_REVIEW_REQUIRED,1,PENDING,distance=0.00m; nom=1.00; commune=1.00; priorite=5
e60088e9-cf94-4e41-ae65-a5390866b4b8,8713278a-5866-4b64-b52a-56748857ffc5,8a9570df-949b-4e52-826c-562a30ee8062,infra.huilerie_inventaire_pollution,a9d8ff2a-af21-47e6-ac02-c7f0e28fd036,fafa5783-8785-4a3d-8372-f19cdc72a4d1,0.0,0.9250,DUPLICATE_EXACT,H.VOLUBILIS S.A.R.L,H.VOLUBILIS S.A.R.L,MGHASSIYINE,MGHASSIYINE,HUILERIE,infra.huilerie_inventaire_pollution,MANUAL_REVIEW_REQUIRED,1,PENDING,distance=0.00m; nom=1.00; commune=1.00; priorite=5
e60088e9-cf94-4e41-ae65-a5390866b4b8,5010567a-5696-4ef5-b865-4a9bc912209f,5d739722-9438-4dcb-a239-debe5a3526a2,infra.huilerie_inventaire_pollution,94f71d66-724b-459d-a18b-aa5df7ff3f42,6a641973-fb86-46e5-94ac-f219cd9c5961,0.0,0.9250,DUPLICATE_EXACT,H.YAHYAOUI ABDENABI,H.YAHYAOUI ABDENABI,MGHASIYIN,MGHASIYIN,HUILERIE,infra.huilerie_inventaire_pollution,MANUAL_REVIEW_REQUIRED,1,PENDING,distance=0.00m; nom=1.00; commune=1.00; priorite=5
e60088e9-cf94-4e41-ae65-a5390866b4b8,ee8892e6-0372-4cf5-8f63-2274feb0d558,0028371e-078b-4517-954c-3d01ea78e24c,infra.huilerie_inventaire_pollution,ca7a9a4b-dc01-4e84-a80e-7fcd90e6d9bb,7cb2a6d4-ee39-4d6b-898f-f80a40ffc801,0.0,0.9250,DUPLICATE_EXACT,H.ZAMOURI/MAAROUFI,H.ZAMOURI/MAAROUFI,Dkhissa,Dkhissa,HUILERIE,infra.huilerie_inventaire_pollution,MANUAL_REVIEW_REQUIRED,1,PENDING,distance=0.00m; nom=1.00; commune=1.00; priorite=5
e60088e9-cf94-4e41-ae65-a5390866b4b8,08e974a6-cdce-4952-9adc-79ddd9d785c7,553877b5-78e4-48c0-9ae1-87be3d419ea0,infra.huilerie_inventaire_pollution,2807f23d-41a5-4cd1-9133-2dc6d3795d66,7f84d151-34a6-4d8a-9c61-56829b5e0325,0.0,0.9250,DUPLICATE_EXACT,H.ZAYTOUN AL AKHAOUAYNE,H.ZAYTOUN AL AKHAOUAYNE,AIN CHEGAG,AIN CHEGAG,HUILERIE,infra.huilerie_inventaire_pollution,MANUAL_REVIEW_REQUIRED,1,PENDING,distance=0.00m; nom=1.00; commune=1.00; priorite=5
e60088e9-cf94-4e41-ae65-a5390866b4b8,7ddc78e2-e090-4328-9efa-85a44a7bdf98,a53ed3d1-db3f-4456-8204-41e5b0afbb00,infra.huilerie_inventaire_pollution,6783f0bc-b2fa-47ff-898d-5c3f3d971d0c,8a7aa555-8128-4a64-b281-defa41b6a10d,0.0,0.9250,DUPLICATE_EXACT,H.ZAYTOUNA,H.ZAYTOUNA,AIT OUIKHLFEN,AIT OUIKHLFEN,HUILERIE,infra.huilerie_inventaire_pollution,MANUAL_REVIEW_REQUIRED,1,PENDING,distance=0.00m; nom=1.00; commune=1.00; priorite=5
e60088e9-cf94-4e41-ae65-a5390866b4b8,9a352e30-ec84-4a2b-a44e-a48aba7c3f22,d437371a-fb8f-4ebe-9a0c-73d6c245d418,infra.huilerie_inventaire_pollution,ecc49e86-760e-4804-a3b4-ac5451a140cf,3ddbebeb-c6b9-459a-a93f-408746541c6f,0.0,0.9250,DUPLICATE_EXACT,Hachmi Ahmed,Hachmi Ahmed,Bni Oulid,Bni Oulid,HUILERIE,infra.huilerie_inventaire_pollution,MANUAL_REVIEW_REQUIRED,1,PENDING,distance=0.00m; nom=1.00; commune=1.00; priorite=5
e60088e9-cf94-4e41-ae65-a5390866b4b8,574254bd-276d-40ae-adc7-8dc82d11d99c,416f4f21-3d79-4e06-a55a-78423de39b10,infra.huilerie_inventaire_pollution,237f1b42-114c-4b8f-aaf5-16a242d514fb,b4867e26-fbf7-4d00-b207-6a97f0fccfbd,0.0,0.9250,DUPLICATE_EXACT,Hamid Amarouch,Hamid Amarouch,M'HAYA,M'HAYA,HUILERIE,infra.huilerie_inventaire_pollution,MANUAL_REVIEW_REQUIRED,1,PENDING,distance=0.00m; nom=1.00; commune=1.00; priorite=5
e60088e9-cf94-4e41-ae65-a5390866b4b8,45d0b7fa-1c8e-4bb9-afbe-b7f277777b72,68132d65-5c51-4193-856c-a49227ee598c,infra.huilerie_inventaire_pollution,26e8a666-8b42-4f2f-be26-49350a896da4,23484c11-adfb-49ff-9dac-7c82026f940c,0.0,0.9250,DUPLICATE_EXACT,HAMID LFAHSSI,HAMID LFAHSSI,Dkhissa,Dkhissa,HUILERIE,infra.huilerie_inventaire_pollution,MANUAL_REVIEW_REQUIRED,1,PENDING,distance=0.00m; nom=1.00; commune=1.00; priorite=5
e60088e9-cf94-4e41-ae65-a5390866b4b8,8d13d0ba-9209-4571-822a-469e781a0ed0,1c277df7-a57d-4ab7-8960-635c3b0e7647,infra.huilerie_inventaire_pollution,c17418b5-fa23-4298-af22-5aa0fa5d0456,e86f0834-b842-44fe-9fac-413ba8c0163b,0.0,0.9250,DUPLICATE_EXACT,HASSAN BOUAAYAD,HASSAN BOUAAYAD,Sidi Abdallah Al Khayat,Sidi Abdallah Al Khayat,HUILERIE,infra.huilerie_inventaire_pollution,MANUAL_REVIEW_REQUIRED,1,PENDING,distance=0.00m; nom=1.00; commune=1.00; priorite=5
e60088e9-cf94-4e41-ae65-a5390866b4b8,afc81a96-2e75-4abe-81e4-546bf2072ee0,00dcb9d3-cf8f-40dc-bb79-bb85b60d4acb,infra.huilerie_inventaire_pollution,efcc437e-4ed3-4d99-a643-d43260882023,2748bb60-0487-4a0b-ab61-250363ea756f,0.0,0.9250,DUPLICATE_EXACT,Hassan El Harassi,Hassan El Harassi,SEBT JAHJOUH,SEBT JAHJOUH,HUILERIE,infra.huilerie_inventaire_pollution,MANUAL_REVIEW_REQUIRED,1,PENDING,distance=0.00m; nom=1.00; commune=1.00; priorite=5
e60088e9-cf94-4e41-ae65-a5390866b4b8,64554c9c-7469-4ebf-ad47-28278dfa7448,abedb224-b885-41a8-bc84-8d21dd7cffba,infra.huilerie_inventaire_pollution,61d0cee0-0a68-41e8-902c-d6a1d3d72433,18246279-4e0f-4a00-a197-dee8ea25525b,0.0,0.9250,DUPLICATE_EXACT,Hassouni,Hassouni,Sidi Yahia Bni Zeroual,Sidi Yahia Bni Zeroual,HUILERIE,infra.huilerie_inventaire_pollution,MANUAL_REVIEW_REQUIRED,1,PENDING,distance=0.00m; nom=1.00; commune=1.00; priorite=5
e60088e9-cf94-4e41-ae65-a5390866b4b8,8b5382d7-5fcd-4469-9876-216453ce85ca,a7d62a47-540c-4b06-9854-88d4fa7f9b1e,infra.huilerie_inventaire_pollution,ff73d9fb-5777-4346-8cc9-2828743b4ca8,9e48bc45-70eb-430c-af9e-670255b6abae,0.0,0.9250,DUPLICATE_EXACT,Hat hat,Hat hat,Oued amlil,Oued amlil,HUILERIE,infra.huilerie_inventaire_pollution,MANUAL_REVIEW_REQUIRED,1,PENDING,distance=0.00m; nom=1.00; commune=1.00; priorite=5
e60088e9-cf94-4e41-ae65-a5390866b4b8,8986def0-4595-4b4a-affa-f8450a35caed,def29814-0235-47aa-bcf7-d889031d07bc,infra.huilerie_inventaire_pollution,8cf68fed-b399-48f4-87da-eafe72553f12,48835392-b347-448a-bdb2-f4cbab454cfe,0.0,0.9250,DUPLICATE_EXACT,Héritier Abou Loula,Héritier Abou Loula,MGHASSIYINE,MGHASSIYINE,HUILERIE,infra.huilerie_inventaire_pollution,MANUAL_REVIEW_REQUIRED,1,PENDING,distance=0.00m; nom=1.00; commune=1.00; priorite=5
e60088e9-cf94-4e41-ae65-a5390866b4b8,292f2b7e-8ed6-473a-b4d8-c17ddbb9344d,719d6341-f15c-474b-90ed-f2ce630548e5,infra.huilerie_inventaire_pollution,c153b9fe-5662-4a7c-8d8a-103abaa87d42,2d114757-4a11-4de9-b161-d0c0116fa4f5,0.0,0.9250,DUPLICATE_EXACT,Héritier Etouibi Hmad,Héritier Etouibi Hmad,N'ZALAT BNI AMAR,N'ZALAT BNI AMAR,HUILERIE,infra.huilerie_inventaire_pollution,MANUAL_REVIEW_REQUIRED,1,PENDING,distance=0.00m; nom=1.00; commune=1.00; priorite=5
e60088e9-cf94-4e41-ae65-a5390866b4b8,abc23b2c-5d95-4a68-a886-2e96a9249110,0748a47e-82e2-44df-8b12-f06b8d8e6e62,infra.huilerie_inventaire_pollution,1c047035-5940-436d-a2a4-018496f3264a,15e22abf-621b-4555-b705-f9cbede3b33a,0.0,0.9250,DUPLICATE_EXACT,Héritier Hlimi Hamid,Héritier Hlimi Hamid,N'ZALAT BNI AMAR,N'ZALAT BNI AMAR,HUILERIE,infra.huilerie_inventaire_pollution,MANUAL_REVIEW_REQUIRED,1,PENDING,distance=0.00m; nom=1.00; commune=1.00; priorite=5
e60088e9-cf94-4e41-ae65-a5390866b4b8,b9b81b3c-444f-4e8a-9db8-c0faa9464b58,0f9050b1-260b-4090-951a-088459bbae6b,infra.huilerie_inventaire_pollution,7d087133-4b3a-42db-a740-7742f98e7325,5be9539e-3a6a-47bf-adb5-c4df9acffa01,0.0,0.9250,DUPLICATE_EXACT,Héritier Houmaini,Héritier Houmaini,N'ZALAT BNI AMAR,N'ZALAT BNI AMAR,HUILERIE,infra.huilerie_inventaire_pollution,MANUAL_REVIEW_REQUIRED,1,PENDING,distance=0.00m; nom=1.00; commune=1.00; priorite=5
e60088e9-cf94-4e41-ae65-a5390866b4b8,48a9c6eb-0073-4965-93cf-56ae651f7a9a,cb5685b6-7be0-4616-b649-748cfc30f32c,infra.huilerie_inventaire_pollution,cbde6c74-7791-4f6c-b7ee-b955c9588d2e,64ccb710-0578-445e-8bff-d62dc0c6d831,0.0,0.9250,DUPLICATE_EXACT,Héritiers BEN FARES MED,Héritiers BEN FARES MED,Ain Aicha,Ain Aicha,HUILERIE,infra.huilerie_inventaire_pollution,MANUAL_REVIEW_REQUIRED,1,PENDING,distance=0.00m; nom=1.00; commune=1.00; priorite=5
e60088e9-cf94-4e41-ae65-a5390866b4b8,fec64910-f3dc-45e3-8958-1d4028f72ac0,6c487130-0ed0-41dc-b251-ad6217ae992e,infra.huilerie_inventaire_pollution,08926f8b-9142-40e6-a941-ec4664b9b50d,d42ab296-857e-48e7-9bb5-32f4f38c0b4c,0.0,0.9250,DUPLICATE_EXACT,Héritiers NADAH Med,Héritiers NADAH Med,Ain Aicha,Ain Aicha,HUILERIE,infra.huilerie_inventaire_pollution,MANUAL_REVIEW_REQUIRED,1,PENDING,distance=0.00m; nom=1.00; commune=1.00; priorite=5
e60088e9-cf94-4e41-ae65-a5390866b4b8,eb76b76d-a265-4b77-8b6b-4c1d2690589c,06ed5d6e-9c5a-4207-a35b-3ea6babf6ad2,infra.huilerie_inventaire_pollution,c6efd265-501d-44e5-a137-bd30d739fc1f,d687bec4-e442-40e4-831f-d4717829a56b,0.0,0.9250,DUPLICATE_EXACT,Hicham hanin,Hicham hanin,Tahla,Tahla,HUILERIE,infra.huilerie_inventaire_pollution,MANUAL_REVIEW_REQUIRED,1,PENDING,distance=0.00m; nom=1.00; commune=1.00; priorite=5
e60088e9-cf94-4e41-ae65-a5390866b4b8,819f2829-b815-4e36-be4f-62c05fdd72c5,13c4357f-c77c-4e12-80bf-4d11c2e8ebfb,infra.huilerie_inventaire_pollution,e5363fd3-bf67-4633-85d2-62d9ef6f3a70,a8f4b352-02a4-455d-b9ec-dad5fbf6f52c,0.0,0.9250,DUPLICATE_EXACT,Hida mbarka,Hida mbarka,Meknassa algharbia,Meknassa algharbia,HUILERIE,infra.huilerie_inventaire_pollution,MANUAL_REVIEW_REQUIRED,1,PENDING,distance=0.00m; nom=1.00; commune=1.00; priorite=5
e60088e9-cf94-4e41-ae65-a5390866b4b8,891db684-ab78-4faf-9388-461fe5a712d0,f20eef27-feea-4c7e-94c5-f9decbd0753d,infra.huilerie_inventaire_pollution,530f99eb-3ddc-47ef-b41a-281b987756f0,c254b47b-e987-4e2e-9837-31cb2a7853a7,0.0,0.9250,DUPLICATE_EXACT,Houncho,Houncho,Bourd,Bourd,HUILERIE,infra.huilerie_inventaire_pollution,MANUAL_REVIEW_REQUIRED,1,PENDING,distance=0.00m; nom=1.00; commune=1.00; priorite=5
e60088e9-cf94-4e41-ae65-a5390866b4b8,ad3d8b4a-0ca0-4930-accb-23edca72eb72,37638788-c2f1-4418-81f5-37cc70cb71ee,infra.huilerie_inventaire_pollution,0b3f9c4f-bce8-4e6f-921f-22e962f2f03c,79bb197b-4ee7-41e8-ab4a-64bed83d9e86,0.0,0.9250,DUPLICATE_EXACT,Huile d'olive reda,Huile d'olive reda,Taza,Taza,HUILERIE,infra.huilerie_inventaire_pollution,MANUAL_REVIEW_REQUIRED,1,PENDING,distance=0.00m; nom=1.00; commune=1.00; priorite=5
e60088e9-cf94-4e41-ae65-a5390866b4b8,618551a1-40cd-4c88-b6ed-0bae8a80605b,4dc4e942-7d98-478e-be3e-4cf98797b03f,infra.huilerie_inventaire_pollution,e32be06d-fd83-414f-8739-57f889e7740b,19cb25c5-5ab9-42a5-91ba-1d522dc4a55d,0.0,0.9250,DUPLICATE_EXACT,Huile nakhla,Huile nakhla,Oulad zbair,Oulad zbair,HUILERIE,infra.huilerie_inventaire_pollution,MANUAL_REVIEW_REQUIRED,1,PENDING,distance=0.00m; nom=1.00; commune=1.00; priorite=5
e60088e9-cf94-4e41-ae65-a5390866b4b8,a4d514b1-0e1b-4250-a7f4-a571d5a9d9a2,10520763-a8c1-4ab6-99a4-6fc2202809f3,infra.huilerie_inventaire_pollution,cb4435d1-e081-4890-8038-7457bf2224df,1baa710b-d39b-45cf-ab64-75ef7f4945d6,0.0,0.9250,DUPLICATE_EXACT,Huilerie Abdelrahime BERZOUK,Huilerie Abdelrahime BERZOUK,Ouled Mimoune,Ouled Mimoune,HUILERIE,infra.huilerie_inventaire_pollution,MANUAL_REVIEW_REQUIRED,1,PENDING,distance=0.00m; nom=1.00; commune=1.00; priorite=5
e60088e9-cf94-4e41-ae65-a5390866b4b8,2ad56845-b98e-4d1c-9f9b-aea79def7f3e,b2680b90-842b-4ea3-b023-bbf3e1fba188,infra.huilerie_inventaire_pollution,bf9c58b0-40ed-439e-b67f-0b1ba276be76,3cdff170-54ac-4454-8084-43a7d716a065,0.0,0.9250,DUPLICATE_EXACT,Huile Tresor Vert,Huile Tresor Vert,Galaz,Galaz,HUILERIE,infra.huilerie_inventaire_pollution,MANUAL_REVIEW_REQUIRED,1,PENDING,distance=0.00m; nom=1.00; commune=1.00; priorite=5
e60088e9-cf94-4e41-ae65-a5390866b4b8,9287bbe4-c793-4763-8985-d2640457bc5b,2387fa38-58aa-4b8e-b00c-adae5fcd8d84,infra.huilerie_inventaire_pollution,8eff5e3d-3ceb-4e37-b26d-50d124248b1b,87762ac6-5361-4dec-a6a7-e45c2faf814e,0.0,0.9250,DUPLICATE_EXACT,Huileire Beni Salah,Huileire Beni Salah,Bni Salah,Bni Salah,HUILERIE,infra.huilerie_inventaire_pollution,MANUAL_REVIEW_REQUIRED,1,PENDING,distance=0.00m; nom=1.00; commune=1.00; priorite=5
e60088e9-cf94-4e41-ae65-a5390866b4b8,63e3ce9c-24b2-444d-b626-39657b833cd1,df06f809-05fd-4b31-8626-5b072812a61c,infra.huilerie_inventaire_pollution,a639b6f9-52b8-4ef0-860c-d8a500c9e8dd,fe1442b8-e68a-4579-aa0c-757d95c136e1,0.0,0.9250,DUPLICATE_EXACT,Huileire Fifi,Huileire Fifi,Fifi,Fifi,HUILERIE,infra.huilerie_inventaire_pollution,MANUAL_REVIEW_REQUIRED,1,PENDING,distance=0.00m; nom=1.00; commune=1.00; priorite=5
e60088e9-cf94-4e41-ae65-a5390866b4b8,c5d37b07-b5f9-4118-b519-d3225bb0f4f2,5f4ab128-43e6-46fb-ac94-24afd651c4a8,infra.huilerie_inventaire_pollution,1b51dd8b-f778-482d-86b6-fc628a50c89b,e7a19a5c-3979-40f7-926a-fc8e3b2797c6,0.0,0.9250,DUPLICATE_EXACT,Huilerie   Rahma,Huilerie   Rahma,Ait Bouyahya Hajjama,Ait Bouyahya Hajjama,HUILERIE,infra.huilerie_inventaire_pollution,MANUAL_REVIEW_REQUIRED,1,PENDING,distance=0.00m; nom=1.00; commune=1.00; priorite=5
e60088e9-cf94-4e41-ae65-a5390866b4b8,4fb285a0-6899-42e3-8363-41cce1b87442,03a4c0b6-e951-4a32-a45b-04c17f6805d4,infra.huilerie_inventaire_pollution,d2ab8063-5ac6-4929-b478-eab000fc50d5,4a22a5cd-73e4-4bfe-993f-a93bfe03be90,0.0,0.9250,DUPLICATE_EXACT,Huilerie  Ziyane,Huilerie  Ziyane,Ait Bouyahya Hajjama,Ait Bouyahya Hajjama,HUILERIE,infra.huilerie_inventaire_pollution,MANUAL_REVIEW_REQUIRED,1,PENDING,distance=0.00m; nom=1.00; commune=1.00; priorite=5
e60088e9-cf94-4e41-ae65-a5390866b4b8,e9708556-bac9-4f43-b84e-298e6aa9df47,e468f91a-f3c1-457f-9d35-7ddf5d932b0a,infra.huilerie_inventaire_pollution,dd9296f3-6822-439f-a4e3-8aa9b05b9686,d1d7ecdd-ddb9-4686-9a55-5e13a4c10f75,0.0,0.9250,DUPLICATE_EXACT,Huilerie Abdelali EL YAZAMI,Huilerie Abdelali EL YAZAMI,Ouled Mimoune,Ouled Mimoune,HUILERIE,infra.huilerie_inventaire_pollution,MANUAL_REVIEW_REQUIRED,1,PENDING,distance=0.00m; nom=1.00; commune=1.00; priorite=5
e60088e9-cf94-4e41-ae65-a5390866b4b8,9da5b9bb-8b20-4c22-8272-27de5947a4e6,84c2d823-d69d-4735-b356-2749657a6a18,infra.huilerie_inventaire_pollution,22c64cba-563e-4543-88fb-d7541c98bf20,a89f3455-7987-44af-bb85-991b36264901,0.0,0.9250,DUPLICATE_EXACT,Huilerie Abdelaziz EL MELALI,Huilerie Abdelaziz EL MELALI,Ain Bouali,Ain Bouali,HUILERIE,infra.huilerie_inventaire_pollution,MANUAL_REVIEW_REQUIRED,1,PENDING,distance=0.00m; nom=1.00; commune=1.00; priorite=5
e60088e9-cf94-4e41-ae65-a5390866b4b8,e5ebf1cf-3fd4-4b75-9191-beaa675720f1,4c9d375c-8746-4e6e-849d-8b41bba60d23,infra.huilerie_inventaire_pollution,3253ac31-d1e9-40d2-8280-c3feb5a98cce,7870d873-76f6-4542-b915-975193bd2ad3,0.0,0.9250,DUPLICATE_EXACT,Huilerie Abdelaziz MARZOUKI,Huilerie Abdelaziz MARZOUKI,Ouled Mimoune,Ouled Mimoune,HUILERIE,infra.huilerie_inventaire_pollution,MANUAL_REVIEW_REQUIRED,1,PENDING,distance=0.00m; nom=1.00; commune=1.00; priorite=5
e60088e9-cf94-4e41-ae65-a5390866b4b8,e86faffe-f7ec-4ce6-b04e-dabedcfafafb,a0f3f012-eba2-48df-b877-59912f4f4c96,infra.huilerie_inventaire_pollution,fee78261-0c2a-4d3a-bc26-5996067f1539,77f3b7d2-84a0-4850-9326-72abfe093e4b,0.0,0.9250,DUPLICATE_EXACT,Huilerie Abdelhadi AZIM,Huilerie Abdelhadi AZIM,Sebt Loudaya,Sebt Loudaya,HUILERIE,infra.huilerie_inventaire_pollution,MANUAL_REVIEW_REQUIRED,1,PENDING,distance=0.00m; nom=1.00; commune=1.00; priorite=5
e60088e9-cf94-4e41-ae65-a5390866b4b8,4caa0711-d32d-448f-a8ef-0567b30dea32,cadb7bd4-0445-4db2-9f20-592a6ef79b6f,infra.huilerie_inventaire_pollution,e7a7be1a-892e-40f0-b212-bdffd573b8ed,c3f5a350-481a-493e-be2a-667c1afa0440,0.0,0.9250,DUPLICATE_EXACT,Huilerie Abdellah HABI,Huilerie Abdellah HABI,Ain Bouali,Ain Bouali,HUILERIE,infra.huilerie_inventaire_pollution,MANUAL_REVIEW_REQUIRED,1,PENDING,distance=0.00m; nom=1.00; commune=1.00; priorite=5
e60088e9-cf94-4e41-ae65-a5390866b4b8,20ba1b72-292b-4c60-9f3a-df2c060dbba5,74d651d9-6f4d-4a3c-a060-c75f308cb4c6,infra.huilerie_inventaire_pollution,78a14448-90fc-4c6a-bda4-5f48be4a5a24,3f2b007c-e489-4cf1-9a15-871ab5e711b6,0.0,0.9250,DUPLICATE_EXACT,Huilerie Abdelrahime SABER,Huilerie Abdelrahime SABER,Louadaine,Louadaine,HUILERIE,infra.huilerie_inventaire_pollution,MANUAL_REVIEW_REQUIRED,1,PENDING,distance=0.00m; nom=1.00; commune=1.00; priorite=5
e60088e9-cf94-4e41-ae65-a5390866b4b8,da68a6b1-e34b-4ee5-ada3-d3bdbb251c80,4df74734-8302-409f-a0ac-e70dabc4f782,infra.huilerie_inventaire_pollution,66e80ecd-86ce-4020-8e02-45fdfac974b6,fbebd2e0-47c8-415b-a497-b4c1b5ae0395,0.0,0.9250,DUPLICATE_EXACT,Huilerie Abderrafiaâ EL AYDOUNI,Huilerie Abderrafiaâ EL AYDOUNI,My Abdelkrim,My Abdelkrim,HUILERIE,infra.huilerie_inventaire_pollution,MANUAL_REVIEW_REQUIRED,1,PENDING,distance=0.00m; nom=1.00; commune=1.00; priorite=5
e60088e9-cf94-4e41-ae65-a5390866b4b8,caa25327-d926-46ec-a011-0f20e5271014,72441972-4bfa-4be8-8d2a-d5a6ff0385a5,infra.huilerie_inventaire_pollution,ebc02dd7-9df0-4f21-972e-1bb3d6c26805,6e9998d5-e735-4b14-8706-f8755cc66b88,0.0,0.9250,DUPLICATE_EXACT,Huilerie Abderrahmane MRAOUBAE,Huilerie Abderrahmane MRAOUBAE,Zghira,Zghira,HUILERIE,infra.huilerie_inventaire_pollution,MANUAL_REVIEW_REQUIRED,1,PENDING,distance=0.00m; nom=1.00; commune=1.00; priorite=5
e60088e9-cf94-4e41-ae65-a5390866b4b8,fa830d9e-4d11-44a4-8aad-fc2868cb95b6,7741fcc1-a241-410d-9c89-6d085df6d910,infra.huilerie_inventaire_pollution,807e577a-85d6-422f-a283-8d118323a0ee,fd6c48d4-f7ca-41a9-94e6-031a46b94a88,0.0,0.9250,DUPLICATE_EXACT,Huilerie Abderrezak SATTOURI,Huilerie Abderrezak SATTOURI,Ain Bouali,Ain Bouali,HUILERIE,infra.huilerie_inventaire_pollution,MANUAL_REVIEW_REQUIRED,1,PENDING,distance=0.00m; nom=1.00; commune=1.00; priorite=5
e60088e9-cf94-4e41-ae65-a5390866b4b8,6e3369ac-9de3-49f1-b764-7e126326d7b9,59a8990a-54a4-429c-93fb-97b57a8544d1,infra.huilerie_inventaire_pollution,02c92df0-830c-466b-9d4e-0b6fc9c2a555,937af28d-ec59-48ec-9a61-8070d03b0463,0.0,0.9250,DUPLICATE_EXACT,Huilerie Abdessalam ZOUINE,Huilerie Abdessalam ZOUINE,Sebt Loudaya,Sebt Loudaya,HUILERIE,infra.huilerie_inventaire_pollution,MANUAL_REVIEW_REQUIRED,1,PENDING,distance=0.00m; nom=1.00; commune=1.00; priorite=5
e60088e9-cf94-4e41-ae65-a5390866b4b8,3bbc2a60-a476-423d-82ca-25b13b7f9339,ac7f093a-f641-4a70-9528-507ae4c513fb,infra.huilerie_inventaire_pollution,975eeeaa-db5a-4d83-89d7-d02fac43573c,c686eb8d-38a9-4323-aea0-f4011074b278,0.0,0.9250,DUPLICATE_EXACT,Huilerie Abdesslam BOUSEBER,Huilerie Abdesslam BOUSEBER,Ain Bouali,Ain Bouali,HUILERIE,infra.huilerie_inventaire_pollution,MANUAL_REVIEW_REQUIRED,1,PENDING,distance=0.00m; nom=1.00; commune=1.00; priorite=5
e60088e9-cf94-4e41-ae65-a5390866b4b8,1a331828-5ed7-4d02-ac04-a2d1485d9928,58852511-0b35-49fd-9eb5-8c5784ad8deb,infra.huilerie_inventaire_pollution,34ee5c3c-a996-4282-bee5-8649ba83e4f9,e774452b-54ad-42d1-bd00-167322d3c394,0.0,0.9250,DUPLICATE_EXACT,Huilerie aberchane,Huilerie aberchane,Zrarda,Zrarda,HUILERIE,infra.huilerie_inventaire_pollution,MANUAL_REVIEW_REQUIRED,1,PENDING,distance=0.00m; nom=1.00; commune=1.00; priorite=5
e60088e9-cf94-4e41-ae65-a5390866b4b8,c333f232-0b2e-4fd0-8a46-82d8df1b9245,48da3208-c7c0-4d3e-9b1f-edd20726042d,infra.huilerie_inventaire_pollution,baa541a4-4062-44cd-9b95-130352a16940,eed041ce-f878-4097-8aab-4f7d352f9ac1,0.0,0.9250,DUPLICATE_EXACT,Huilerie ADEBAR,Huilerie ADEBAR,Ras Ijirri,Ras Ijirri,HUILERIE,infra.huilerie_inventaire_pollution,MANUAL_REVIEW_REQUIRED,1,PENDING,distance=0.00m; nom=1.00; commune=1.00; priorite=5
e60088e9-cf94-4e41-ae65-a5390866b4b8,502451b6-76fb-47dd-b1ad-67ac236150ce,e6797973-0c42-48d9-ac64-723c7e50a0a5,infra.huilerie_inventaire_pollution,724c30dd-3153-44b2-9cda-a24ac72e0557,20161e77-9482-4f57-9e2d-c85481f6d25c,0.0,0.9250,DUPLICATE_EXACT,Huilerie Ahmed HMAMOUCHI,Huilerie Ahmed HMAMOUCHI,Ouartzagh,Ouartzagh,HUILERIE,infra.huilerie_inventaire_pollution,MANUAL_REVIEW_REQUIRED,1,PENDING,distance=0.00m; nom=1.00; commune=1.00; priorite=5
e60088e9-cf94-4e41-ae65-a5390866b4b8,db4c80fb-d0e7-4f74-8719-78f0749b8ec9,482d174e-2d6d-4349-83ad-fa054acf1247,infra.huilerie_inventaire_pollution,871a5912-703c-4274-8630-b46ead0a2e2e,5e0add9b-4a40-498f-a61c-65e838d52bba,0.0,0.9250,DUPLICATE_EXACT,Huilerie Ahmed LAHLIMI,Huilerie Ahmed LAHLIMI,Ouartzagh,Ouartzagh,HUILERIE,infra.huilerie_inventaire_pollution,MANUAL_REVIEW_REQUIRED,1,PENDING,distance=0.00m; nom=1.00; commune=1.00; priorite=5
e60088e9-cf94-4e41-ae65-a5390866b4b8,dda7204d-0a58-43cb-81de-0f72c3c503cb,f86fadd7-0ad8-44bd-b2cb-a8b04aa10a0c,infra.huilerie_inventaire_pollution,d8dfb7eb-3b73-476d-b64c-72ded4950f53,1c1717ef-dc0b-41c4-87c4-2241dbcf5a08,0.0,0.9250,DUPLICATE_EXACT,Huilerie Ain Chajra,Huilerie Ain Chajra,Sidi Ahmed Cherif,Sidi Ahmed Cherif,HUILERIE,infra.huilerie_inventaire_pollution,MANUAL_REVIEW_REQUIRED,1,PENDING,distance=0.00m; nom=1.00; commune=1.00; priorite=5
e60088e9-cf94-4e41-ae65-a5390866b4b8,f6a01edc-f024-4ffa-a2da-de1135178ca9,8a2c6281-8673-4670-9d62-5203f9842050,infra.huilerie_inventaire_pollution,cc1f2a0e-bfa7-4a17-a49b-a5e2f5fb036c,bce6e87f-9acb-4ce0-b81d-7c3dc9d8386f,0.0,0.9250,DUPLICATE_EXACT,Huilerie Ain Maatarf,Huilerie Ain Maatarf,Ain Maatouf,Ain Maatouf,HUILERIE,infra.huilerie_inventaire_pollution,MANUAL_REVIEW_REQUIRED,1,PENDING,distance=0.00m; nom=1.00; commune=1.00; priorite=5
e60088e9-cf94-4e41-ae65-a5390866b4b8,5491384a-716e-44c5-ae8e-42b7bf1cad14,8202d964-ada2-49e4-ad80-e5c17eeb3b19,infra.huilerie_inventaire_pollution,3eb077bf-8e6d-416a-bbef-62a94d6572d6,b562d28b-c0a0-4536-8cef-71b9b1a39e6f,0.0,0.9250,DUPLICATE_EXACT,Huilerie Ait hssi ouali,Huilerie Ait hssi ouali,Ait Boubidmane,Ait Boubidmane,HUILERIE,infra.huilerie_inventaire_pollution,MANUAL_REVIEW_REQUIRED,1,PENDING,distance=0.00m; nom=1.00; commune=1.00; priorite=5
e60088e9-cf94-4e41-ae65-a5390866b4b8,ed41f011-d5e3-4a6e-a15e-fde4e0247c77,50899ce9-6230-426e-8422-66cc7194a70c,infra.huilerie_inventaire_pollution,171a1a60-e6d4-498f-b12b-8073c0fb56e9,ca9b9cdc-edc8-4c4d-9b75-d7486628c35f,0.0,0.9250,DUPLICATE_EXACT,Huilerie Akoudad,Huilerie Akoudad,Sebt Jahjouh,Sebt Jahjouh,HUILERIE,infra.huilerie_inventaire_pollution,MANUAL_REVIEW_REQUIRED,1,PENDING,distance=0.00m; nom=1.00; commune=1.00; priorite=5
e60088e9-cf94-4e41-ae65-a5390866b4b8,73f5f8f1-5856-4833-8f50-78e32535c113,6b7b864d-487d-465a-a29b-f51f0cefb653,infra.huilerie_inventaire_pollution,e8df85bd-7213-42c1-b08a-bbf43fac3504,2c9c650d-7bf4-4ce3-bc69-e95f56d27104,0.0,0.9250,DUPLICATE_EXACT,Huilerie AL AKHAOUAYNE,Huilerie AL AKHAOUAYNE,Tafrante,Tafrante,HUILERIE,infra.huilerie_inventaire_pollution,MANUAL_REVIEW_REQUIRED,1,PENDING,distance=0.00m; nom=1.00; commune=1.00; priorite=5
e60088e9-cf94-4e41-ae65-a5390866b4b8,cede6b77-5803-42cf-b751-83e3c225654e,bf987927-a8c5-4aab-911b-27ff1bc6c303,infra.huilerie_inventaire_pollution,c028d397-b9cb-4b29-9172-71994f018faf,c1840950-59d5-44f2-80a0-6dbcace78628,0.0,0.9250,DUPLICATE_EXACT,Huilerie Al Nassr,Huilerie Al Nassr,Zirara,Zirara,HUILERIE,infra.huilerie_inventaire_pollution,MANUAL_REVIEW_REQUIRED,1,PENDING,distance=0.00m; nom=1.00; commune=1.00; priorite=5
e60088e9-cf94-4e41-ae65-a5390866b4b8,a55ec3bf-8ab2-4a91-95e8-82193124248a,0239fc6d-a285-439c-a8b5-f2f72c6e1dc9,infra.huilerie_inventaire_pollution,73974880-a459-4e61-8d22-7d223e241938,083d98b3-3007-4e3e-a459-69222a755397,0.0,0.9250,DUPLICATE_EXACT,Huilerie Al Wafaa,Huilerie Al Wafaa,Sidi Kacem,Sidi Kacem,HUILERIE,infra.huilerie_inventaire_pollution,MANUAL_REVIEW_REQUIRED,1,PENDING,distance=0.00m; nom=1.00; commune=1.00; priorite=5
e60088e9-cf94-4e41-ae65-a5390866b4b8,e2532f47-c030-4fc9-a977-3acace061e77,5aad5a0e-8002-4081-9707-bf753cb49064,infra.huilerie_inventaire_pollution,150f471e-b101-4bdc-b25f-3341605c4f80,b1c91373-79f2-4e5c-90e2-ec46cc2efd34,0.0,0.9250,DUPLICATE_EXACT,Huilerie Alami,Huilerie Alami,Sidi Yahya Bni Zarwal,Sidi Yahya Bni Zarwal,HUILERIE,infra.huilerie_inventaire_pollution,MANUAL_REVIEW_REQUIRED,1,PENDING,distance=0.00m; nom=1.00; commune=1.00; priorite=5
e60088e9-cf94-4e41-ae65-a5390866b4b8,f5bc33dd-758b-46c1-89e2-2fd80bf86c7c,8f360861-23b6-4b7b-9ca2-d7cea5739f50,infra.huilerie_inventaire_pollution,71200457-a146-413b-8939-3e4bb7e7ee2a,1ace0c49-d458-4dd6-86f3-e287f6995dcd,0.0,0.9250,DUPLICATE_EXACT,Huilerie Allal El MOUNADI,Huilerie Allal El MOUNADI,Ouled Mimoune,Ouled Mimoune,HUILERIE,infra.huilerie_inventaire_pollution,MANUAL_REVIEW_REQUIRED,1,PENDING,distance=0.00m; nom=1.00; commune=1.00; priorite=5
e60088e9-cf94-4e41-ae65-a5390866b4b8,5e02cf2c-d258-495b-9238-29675479b274,e359fb0b-47f0-4bd5-83ae-03f8762a6137,infra.huilerie_inventaire_pollution,fd8e710c-b512-43cb-bb26-e162738efbca,3f44df85-cad7-47eb-a999-f12188faada9,0.0,0.9250,DUPLICATE_EXACT,Huilerie ALLAMI,Huilerie ALLAMI,Sidi El Abed,Sidi El Abed,HUILERIE,infra.huilerie_inventaire_pollution,MANUAL_REVIEW_REQUIRED,1,PENDING,distance=0.00m; nom=1.00; commune=1.00; priorite=5
e60088e9-cf94-4e41-ae65-a5390866b4b8,895ac351-d4ff-4952-91f4-ff0f7be64c22,d96611f6-2085-4abc-b31e-ae6f87206004,infra.huilerie_inventaire_pollution,a7b1b951-90ca-4891-bbf5-3da3ac30dee4,896a3998-7a89-4904-9790-924afb31d0f9,0.0,0.9250,DUPLICATE_EXACT,Huilerie AMRACHE,Huilerie AMRACHE,Sidi Ghandour,Sidi Ghandour,HUILERIE,infra.huilerie_inventaire_pollution,MANUAL_REVIEW_REQUIRED,1,PENDING,distance=0.00m; nom=1.00; commune=1.00; priorite=5
e60088e9-cf94-4e41-ae65-a5390866b4b8,9c5211fe-f812-420a-aa72-cfbe9208aa95,b4a9f7e3-8688-4a2e-8bdf-2155a66a6d27,infra.huilerie_inventaire_pollution,85b5d784-4901-4b6f-a1a6-c5cbd88852ae,32a545a2-f295-48db-9742-a828fcf9fc29,0.0,0.9250,DUPLICATE_EXACT,Huilerie ARAB HUILE,Huilerie ARAB HUILE,Louadaine,Louadaine,HUILERIE,infra.huilerie_inventaire_pollution,MANUAL_REVIEW_REQUIRED,1,PENDING,distance=0.00m; nom=1.00; commune=1.00; priorite=5
e60088e9-cf94-4e41-ae65-a5390866b4b8,4d9a2e20-3d1b-4d27-bff4-87ff092aa9d7,ac4236d6-3153-492e-ad5f-a308ab377c52,infra.huilerie_inventaire_pollution,a99ecca3-d45c-4eed-88c1-ae13454dcaa5,fd3f75db-d064-4161-b366-012dfd917e72,0.0,0.9250,DUPLICATE_EXACT,Huilerie ARBIROUCH,Huilerie ARBIROUCH,Mu. Khemisset,Mu. Khemisset,HUILERIE,infra.huilerie_inventaire_pollution,MANUAL_REVIEW_REQUIRED,1,PENDING,distance=0.00m; nom=1.00; commune=1.00; priorite=5
e60088e9-cf94-4e41-ae65-a5390866b4b8,1f3817c8-91c4-49d8-9961-f94bbef83654,b35c968f-b4f8-43ec-992d-5a6159d949dd,infra.huilerie_inventaire_pollution,bddf799e-6fc4-486f-ad92-5b959da1825c,0d533a34-a8b9-4b44-96a5-1512c4855360,0.0,0.9250,DUPLICATE_EXACT,Huilerie Ascar,Huilerie Ascar,Zrizer,Zrizer,HUILERIE,infra.huilerie_inventaire_pollution,MANUAL_REVIEW_REQUIRED,1,PENDING,distance=0.00m; nom=1.00; commune=1.00; priorite=5
e60088e9-cf94-4e41-ae65-a5390866b4b8,64b09f10-4aa2-4a91-81aa-54a06b729d7e,01fab718-04aa-4055-bb61-362ae263d3b8,infra.huilerie_inventaire_pollution,99842d1b-e4c9-41c0-9946-f17e5ae20c24,8fe08318-c64c-400c-9887-16a50f4bc814,0.0,0.9250,DUPLICATE_EXACT,Huilerie Ayachi BOUARFA,Huilerie Ayachi BOUARFA,My Boucheta,My Boucheta,HUILERIE,infra.huilerie_inventaire_pollution,MANUAL_REVIEW_REQUIRED,1,PENDING,distance=0.00m; nom=1.00; commune=1.00; priorite=5
e60088e9-cf94-4e41-ae65-a5390866b4b8,ed4554f3-c75e-479b-9a85-c98a6a2ff30a,12c6f94a-396c-429a-aec7-0de74024823a,infra.huilerie_inventaire_pollution,3172c56d-029d-49ff-aaaf-791b7ae42ce5,5be75631-323f-4d45-a218-eb81f01906d1,0.0,0.9250,DUPLICATE_EXACT,Huilerie BACHA,Huilerie BACHA,Ras Ijirri,Ras Ijirri,HUILERIE,infra.huilerie_inventaire_pollution,MANUAL_REVIEW_REQUIRED,1,PENDING,distance=0.00m; nom=1.00; commune=1.00; priorite=5
e60088e9-cf94-4e41-ae65-a5390866b4b8,db3e5a7a-88a4-486f-b130-cae105ce02fa,fa8d9860-53cd-433e-a932-4b8081ec4ad4,infra.huilerie_inventaire_pollution,ac114f3f-9390-466d-8158-d2998aad2a70,3924d31e-dfbf-45b7-80f8-ab6b2fcf8dc9,0.0,0.9250,DUPLICATE_EXACT,Huilerie BARAKA,Huilerie BARAKA,Sidi M'HamedBen Lahcen,Sidi M'HamedBen Lahcen,HUILERIE,infra.huilerie_inventaire_pollution,MANUAL_REVIEW_REQUIRED,1,PENDING,distance=0.00m; nom=1.00; commune=1.00; priorite=5
e60088e9-cf94-4e41-ae65-a5390866b4b8,07680a23-7c20-4c8b-8860-f0f0e8b2d46b,a8db8553-ace8-44f0-bb3a-5ced7ec462f4,infra.huilerie_inventaire_pollution,e046e4a2-7300-405a-8110-39e42f066014,20a3dbeb-bbff-4941-84fd-6443f001ecc8,0.0,0.9250,DUPLICATE_EXACT,Huilerie Bazio EL BARNOUSI,Huilerie Bazio EL BARNOUSI,Ain Bouali,Ain Bouali,HUILERIE,infra.huilerie_inventaire_pollution,MANUAL_REVIEW_REQUIRED,1,PENDING,distance=0.00m; nom=1.00; commune=1.00; priorite=5
e60088e9-cf94-4e41-ae65-a5390866b4b8,232f3af4-1633-4fb2-b15c-0bf9d7625ef0,82f3fd4b-1c33-4082-b06c-d74d5ea36353,infra.huilerie_inventaire_pollution,df56075a-adbe-4757-8c78-542afaaab74b,79aabec7-c096-4dcf-8e8d-8ffa7cdb05ec,0.0,0.9250,DUPLICATE_EXACT,Huilerie Bel Asri,Huilerie Bel Asri,Zagota,Zagota,HUILERIE,infra.huilerie_inventaire_pollution,MANUAL_REVIEW_REQUIRED,1,PENDING,distance=0.00m; nom=1.00; commune=1.00; priorite=5
e60088e9-cf94-4e41-ae65-a5390866b4b8,db6201b0-fed5-4773-87f9-1e7faa40bb55,5bce919c-8a49-4209-90b4-3499ece849d3,infra.huilerie_inventaire_pollution,4437fa43-061e-4c67-9557-9a81584fa347,d41a5b3c-1fc9-4519-8982-746a1a395470,0.0,0.9250,DUPLICATE_EXACT,Huilerie bel kaid fatima,Huilerie bel kaid fatima,Skoura m'daz,Skoura m'daz,HUILERIE,infra.huilerie_inventaire_pollution,MANUAL_REVIEW_REQUIRED,1,PENDING,distance=0.00m; nom=1.00; commune=1.00; priorite=5
e60088e9-cf94-4e41-ae65-a5390866b4b8,81d3e2d7-3e91-44cd-9478-543c025b358d,f2a25ddb-6be3-405d-85e2-d2965bd448c3,infra.huilerie_inventaire_pollution,2ecf1798-c26a-419c-8882-f8415a3cd4c1,8e82df5f-1adc-4021-899c-bf2a4faf463d,0.0,0.9250,DUPLICATE_EXACT,Huilerie Bel Kaid Mohamed,Huilerie Bel Kaid Mohamed,Skoura m'daz,Skoura m'daz,HUILERIE,infra.huilerie_inventaire_pollution,MANUAL_REVIEW_REQUIRED,1,PENDING,distance=0.00m; nom=1.00; commune=1.00; priorite=5
e60088e9-cf94-4e41-ae65-a5390866b4b8,98e2cd6b-b800-4177-b4cf-2abf384b7ad4,2eb2af85-06a5-4013-90cd-510ac76e8834,infra.huilerie_inventaire_pollution,b20ed5bb-3d97-4cc5-88f8-7ab9ddee850e,517bbe27-d416-42b2-b650-7dc55e2d47aa,0.0,0.9250,DUPLICATE_EXACT,Huilerie Ben Ali,Huilerie Ben Ali,Mezraoua,Mezraoua,HUILERIE,infra.huilerie_inventaire_pollution,MANUAL_REVIEW_REQUIRED,1,PENDING,distance=0.00m; nom=1.00; commune=1.00; priorite=5
e60088e9-cf94-4e41-ae65-a5390866b4b8,05ba835c-966e-448c-94a8-4a39168317b0,a510fa4c-13d7-4129-90cd-586587c7e8c7,infra.huilerie_inventaire_pollution,3cb78fb8-6d6e-4c30-9ab3-1192a05d579b,368c279d-33ff-4ef5-81d4-e1a1516407b0,0.0,0.9250,DUPLICATE_EXACT,Huilerie Ben Ouah,Huilerie Ben Ouah,Sfassif,Sfassif,HUILERIE,infra.huilerie_inventaire_pollution,MANUAL_REVIEW_REQUIRED,1,PENDING,distance=0.00m; nom=1.00; commune=1.00; priorite=5
e60088e9-cf94-4e41-ae65-a5390866b4b8,ce950fdc-82bd-4e8f-a9cb-d9cc493d0554,89766a96-fe6b-4b54-a342-eab39294286d,infra.huilerie_inventaire_pollution,7b49e8a7-f276-4acc-9174-3eca47354ca0,bbc9d9c7-0c37-4810-acb6-5f40f28fd12c,0.0,0.9250,DUPLICATE_EXACT,Huilerie Ben Said,Huilerie Ben Said,Zagota,Zagota,HUILERIE,infra.huilerie_inventaire_pollution,MANUAL_REVIEW_REQUIRED,1,PENDING,distance=0.00m; nom=1.00; commune=1.00; priorite=5
e60088e9-cf94-4e41-ae65-a5390866b4b8,84965aaf-3c18-4cf3-a297-350c2a39d89d,6a3d5aec-8e77-41e4-9d98-7d404616d9a6,infra.huilerie_inventaire_pollution,d313d9b0-9ed5-4721-bbb2-bb6168f0b708,2d16de61-236d-474f-b4f8-0e2124c4477e,0.0,0.9250,DUPLICATE_EXACT,Huilerie Ben Taleb,Huilerie Ben Taleb,Ait Sibren,Ait Sibren,HUILERIE,infra.huilerie_inventaire_pollution,MANUAL_REVIEW_REQUIRED,1,PENDING,distance=0.00m; nom=1.00; commune=1.00; priorite=5
e60088e9-cf94-4e41-ae65-a5390866b4b8,764ba1e9-a6aa-49d8-895f-ca7b4dd2c101,2fb722dc-ffb5-4fb1-ab10-02321e09b8df,infra.huilerie_inventaire_pollution,f5f98b2d-9428-4169-a459-4bf875b9b8a8,b3b6add1-1aea-48c7-a9ab-2a78ce08a5f9,0.0,0.9250,DUPLICATE_EXACT,Huilerie Ben Zahra,Huilerie Ben Zahra,Ait mimoun,Ait mimoun,HUILERIE,infra.huilerie_inventaire_pollution,MANUAL_REVIEW_REQUIRED,1,PENDING,distance=0.00m; nom=1.00; commune=1.00; priorite=5
e60088e9-cf94-4e41-ae65-a5390866b4b8,9b71963c-1c41-44ea-bb47-60ad0b8d6d39,39cc54ea-3085-45f0-8354-8675f918f76d,infra.huilerie_inventaire_pollution,86dc692f-3894-4866-92f3-416f90571c73,eba1d7dd-f575-4ae1-ae53-63d6a62112cb,0.0,0.9250,DUPLICATE_EXACT,Huilerie Bentahour,Huilerie Bentahour,Khlalfa,Khlalfa,HUILERIE,infra.huilerie_inventaire_pollution,MANUAL_REVIEW_REQUIRED,1,PENDING,distance=0.00m; nom=1.00; commune=1.00; priorite=5
e60088e9-cf94-4e41-ae65-a5390866b4b8,bf952755-2a4d-4047-9e85-2a5ce7684721,23415310-eb6f-4328-92ef-a5693a36f2d0,infra.huilerie_inventaire_pollution,45a64d9d-c5b2-443d-970a-14920755df72,f4650d81-2a03-4ec6-90a0-3312e2bc7386,0.0,0.9250,DUPLICATE_EXACT,Huilerie BERRADA,Huilerie BERRADA,Louadaine,Louadaine,HUILERIE,infra.huilerie_inventaire_pollution,MANUAL_REVIEW_REQUIRED,1,PENDING,distance=0.00m; nom=1.00; commune=1.00; priorite=5
e60088e9-cf94-4e41-ae65-a5390866b4b8,f9218fb8-ee05-48d0-8451-323ce4fa9f01,a7ecfd27-6548-4f39-92b3-060d0282c58a,infra.huilerie_inventaire_pollution,773f2f4c-e3f7-4391-980a-281007e0225d,581e76c2-f0e8-45c0-b3c3-eedd25b0c114,0.0,0.9250,DUPLICATE_EXACT,huilerie besouni allel,huilerie besouni allel,Skoura m'daz,Skoura m'daz,HUILERIE,infra.huilerie_inventaire_pollution,MANUAL_REVIEW_REQUIRED,1,PENDING,distance=0.00m; nom=1.00; commune=1.00; priorite=5
e60088e9-cf94-4e41-ae65-a5390866b4b8,3177c405-649e-40d1-bcb1-77149b48f258,df0e1dae-481d-4d57-9018-45a05fef0e07,infra.huilerie_inventaire_pollution,571d1255-8f11-4f31-a094-c5ed68938ee4,02cd81d2-3f91-497d-a407-33c9423b20cc,0.0,0.9250,DUPLICATE_EXACT,Huilerie Bismi Allah,Huilerie Bismi Allah,Sidi Ahmed Cherif,Sidi Ahmed Cherif,HUILERIE,infra.huilerie_inventaire_pollution,MANUAL_REVIEW_REQUIRED,1,PENDING,distance=0.00m; nom=1.00; commune=1.00; priorite=5
e60088e9-cf94-4e41-ae65-a5390866b4b8,315ebea3-c55d-4948-9a7c-8f097996649c,9827df35-9628-4892-a3db-cfdadf53da0b,infra.huilerie_inventaire_pollution,05a51ec8-94b2-4064-a0dc-2006c7ba5f86,3695f834-3eeb-48c3-95e0-f995f5e6eb9c,0.0,0.9250,DUPLICATE_EXACT,Huilerie Boucheta HAMOUCH,Huilerie Boucheta HAMOUCH,Ain Bouali,Ain Bouali,HUILERIE,infra.huilerie_inventaire_pollution,MANUAL_REVIEW_REQUIRED,1,PENDING,distance=0.00m; nom=1.00; commune=1.00; priorite=5
e60088e9-cf94-4e41-ae65-a5390866b4b8,7633989d-6345-4130-ae1a-e1ef7cb05dec,67301c16-ca0f-4af1-b34b-cd092b7948f9,infra.huilerie_inventaire_pollution,fbfb8d7f-aa29-4a59-80d9-f38326833bb0,cc751f8b-d644-4666-a7e9-c991d3c5a5c7,0.0,0.9250,DUPLICATE_EXACT,Huilerie Boucheta MOUMNI,Huilerie Boucheta MOUMNI,Ouled Mimoune,Ouled Mimoune,HUILERIE,infra.huilerie_inventaire_pollution,MANUAL_REVIEW_REQUIRED,1,PENDING,distance=0.00m; nom=1.00; commune=1.00; priorite=5
e60088e9-cf94-4e41-ae65-a5390866b4b8,7f7b94ff-bb3f-4c26-bf26-5224786da095,de30a127-b42b-43d6-8832-94ed093ed48b,infra.huilerie_inventaire_pollution,c689da08-39ca-4d35-8c8b-8981d47b2295,8b234ada-0965-4931-b286-0da750c95a3c,0.0,0.9250,DUPLICATE_EXACT,Huilerie Chaachoui,Huilerie Chaachoui,Mu. Khemisset,Mu. Khemisset,HUILERIE,infra.huilerie_inventaire_pollution,MANUAL_REVIEW_REQUIRED,1,PENDING,distance=0.00m; nom=1.00; commune=1.00; priorite=5
e60088e9-cf94-4e41-ae65-a5390866b4b8,d28c240d-a25f-41f8-87de-02ec5812e85e,e2ab39d9-4a0c-4d4a-9414-deb60fc2f735,infra.huilerie_inventaire_pollution,71aca1a9-7a92-4a51-9299-024527028fce,6e51bd3e-fbb1-457f-892a-d119a1fd8138,0.0,0.9250,DUPLICATE_EXACT,Huilerie CHAJARA MOUBARAKA,Huilerie CHAJARA MOUBARAKA,My Boucheta,My Boucheta,HUILERIE,infra.huilerie_inventaire_pollution,MANUAL_REVIEW_REQUIRED,1,PENDING,distance=0.00m; nom=1.00; commune=1.00; priorite=5
e60088e9-cf94-4e41-ae65-a5390866b4b8,e0fafac5-c9cf-4338-8e82-4a8c97795012,29758bc0-207b-471e-9ccd-58f9d5ae5c2d,infra.huilerie_inventaire_pollution,15434045-7de2-4efc-8afa-428cb8de8b13,49c17202-45f0-4c54-9de4-401a3366bb71,0.0,0.9250,DUPLICATE_EXACT,Huilerie Chajarat Azaytoune  El Mobaraka,Huilerie Chajarat Azaytoune  El Mobaraka,Lamjaara,Lamjaara,HUILERIE,infra.huilerie_inventaire_pollution,MANUAL_REVIEW_REQUIRED,1,PENDING,distance=0.00m; nom=1.00; commune=1.00; priorite=5
e60088e9-cf94-4e41-ae65-a5390866b4b8,c41bf1eb-b032-4adb-b44f-704bb6d7f32e,0fa19a70-d1ed-4d98-adb5-36063aead2cf,infra.huilerie_inventaire_pollution,8ccef2bd-49c3-444d-b8e8-866fa64aebad,5450deb4-195e-400d-8f55-dfa1d82550dc,0.0,0.9250,DUPLICATE_EXACT,Huilerie Charki Lahcen,Huilerie Charki Lahcen,Ras El Oued,Ras El Oued,HUILERIE,infra.huilerie_inventaire_pollution,MANUAL_REVIEW_REQUIRED,1,PENDING,distance=0.00m; nom=1.00; commune=1.00; priorite=5
e60088e9-cf94-4e41-ae65-a5390866b4b8,f737434f-ad65-45d3-b0fc-2d11a3ce5349,4b9c9032-d3f6-48dc-93cb-5c23baf2b20e,infra.huilerie_inventaire_pollution,1a50ccdf-3147-4b43-ae88-cf5edbbd6f1e,826df13e-79f6-4181-a6a0-c30ed04047cb,0.0,0.9250,DUPLICATE_EXACT,Huilerie CHEBABE,Huilerie CHEBABE,Sidi Ghandour,Sidi Ghandour,HUILERIE,infra.huilerie_inventaire_pollution,MANUAL_REVIEW_REQUIRED,1,PENDING,distance=0.00m; nom=1.00; commune=1.00; priorite=5
e60088e9-cf94-4e41-ae65-a5390866b4b8,232878fb-2ec5-4701-9445-345dc3c66a71,09c97144-ae86-4c79-8922-e82d809c73a8,infra.huilerie_inventaire_pollution,e8dfc40e-6735-4808-aab5-585692e5b153,a66606b2-01c7-48a1-85de-d887e16f7563,0.0,0.9250,DUPLICATE_EXACT,Huilerie Chekchaki,Huilerie Chekchaki,Sidi Ahmed Cherif,Sidi Ahmed Cherif,HUILERIE,infra.huilerie_inventaire_pollution,MANUAL_REVIEW_REQUIRED,1,PENDING,distance=0.00m; nom=1.00; commune=1.00; priorite=5
e60088e9-cf94-4e41-ae65-a5390866b4b8,7960ae4a-a917-4ced-8c26-15f8d25ab6e3,ea9f68c4-9434-427d-bd85-05fa43de2a53,infra.huilerie_inventaire_pollution,92703900-ff70-42a1-b561-efb99fa0b6ad,d9c4f33d-a65c-40b2-a50f-dd98a4c5a805,0.0,0.9250,DUPLICATE_EXACT,Huilerie coopérative Bni Darkoun,Huilerie coopérative Bni Darkoun,Bni Darkoul,Bni Darkoul,HUILERIE,infra.huilerie_inventaire_pollution,MANUAL_REVIEW_REQUIRED,1,PENDING,distance=0.00m; nom=1.00; commune=1.00; priorite=5
e60088e9-cf94-4e41-ae65-a5390866b4b8,f30159eb-d75a-45b4-9c37-804b97fc88ce,368ef8b2-2caf-4f41-ace7-cb4230efdff0,infra.huilerie_inventaire_pollution,d1e04224-f263-42d8-a18b-64ce0f307d4b,90a46181-cdbe-4f47-be5a-796c0db312b9,0.0,0.9250,DUPLICATE_EXACT,Huilerie Coopérative Bni Falghoum,Huilerie Coopérative Bni Falghoum,Bni Falghoun,Bni Falghoun,HUILERIE,infra.huilerie_inventaire_pollution,MANUAL_REVIEW_REQUIRED,1,PENDING,distance=0.00m; nom=1.00; commune=1.00; priorite=5
e60088e9-cf94-4e41-ae65-a5390866b4b8,2afceab2-ceb0-4c2f-abf8-fcd6fa8cec8e,27abbffe-470f-43d0-959b-72a9a7b884e5,infra.huilerie_inventaire_pollution,1a29eb87-d24f-4699-a1ca-594eb2ec7b8f,9825b610-1bae-45c5-b2bf-5450b1a2ffeb,0.0,0.9250,DUPLICATE_EXACT,Huilerie Coopérative Idryssia,Huilerie Coopérative Idryssia,RAS IJERRI,RAS IJERRI,HUILERIE,infra.huilerie_inventaire_pollution,MANUAL_REVIEW_REQUIRED,1,PENDING,distance=0.00m; nom=1.00; commune=1.00; priorite=5
e60088e9-cf94-4e41-ae65-a5390866b4b8,8c9c446b-a7ca-4111-a09a-1e9b75f25922,eb2c07f1-9e05-4f28-9c31-9697fd821680,infra.huilerie_inventaire_pollution,388aa176-0347-49f5-a449-96462fd5b651,70526432-b002-435c-9448-0bb76a250a31,0.0,0.9250,DUPLICATE_EXACT,Huilerie d'olivier d'or,Huilerie d'olivier d'or,Lamjaara,Lamjaara,HUILERIE,infra.huilerie_inventaire_pollution,MANUAL_REVIEW_REQUIRED,1,PENDING,distance=0.00m; nom=1.00; commune=1.00; priorite=5
e60088e9-cf94-4e41-ae65-a5390866b4b8,0ff92b44-cf59-4108-b209-1b6b1d816223,5d7fd341-300b-493c-8998-6519a545b567,infra.huilerie_inventaire_pollution,3ca0cff6-46c7-4a08-844c-358567eed00d,b4a59182-e129-4f3e-ab9b-a54c167e7b17,0.0,0.9250,DUPLICATE_EXACT,Huilerie dada,Huilerie dada,Matmata,Matmata,HUILERIE,infra.huilerie_inventaire_pollution,MANUAL_REVIEW_REQUIRED,1,PENDING,distance=0.00m; nom=1.00; commune=1.00; priorite=5
e60088e9-cf94-4e41-ae65-a5390866b4b8,e42800e9-416d-461f-b9c4-9dd7161b672e,9a213be0-3351-4df6-aa56-cd773096230b,infra.huilerie_inventaire_pollution,f71f30ca-0d3e-4404-99d4-e7dc448a6318,556a2987-2b05-4255-a48d-a0d151351f7b,0.0,0.9250,DUPLICATE_EXACT,Huilerie De Bouarous,Huilerie De Bouarous,Bouarous,Bouarous,HUILERIE,infra.huilerie_inventaire_pollution,MANUAL_REVIEW_REQUIRED,1,PENDING,distance=0.00m; nom=1.00; commune=1.00; priorite=5
e60088e9-cf94-4e41-ae65-a5390866b4b8,abb793bf-b410-4a44-ba8d-fd949e7fb187,53d973b9-df78-414f-82d0-96a1ea467817,infra.huilerie_inventaire_pollution,49f65601-5beb-4d42-8ac7-a00c8f6a1245,a5cb76d2-9be2-40fe-ae24-f7de09a7de0c,0.0,0.9250,DUPLICATE_EXACT,Huilerie Dedokhali,Huilerie Dedokhali,Mu. Khemisset,Mu. Khemisset,HUILERIE,infra.huilerie_inventaire_pollution,MANUAL_REVIEW_REQUIRED,1,PENDING,distance=0.00m; nom=1.00; commune=1.00; priorite=5
e60088e9-cf94-4e41-ae65-a5390866b4b8,cc4b4a5c-fec3-417d-9892-8b150d4c971f,de7f6672-bfef-4102-9952-32973aa48ba4,infra.huilerie_inventaire_pollution,d3b825e7-8674-4dc8-b919-b2557c05c4d0,39fc310d-7bc4-4af1-87be-4fef7efe8bae,0.0,0.9250,DUPLICATE_EXACT,Huilerie Dekkoun,Huilerie Dekkoun,Ghafsai,Ghafsai,HUILERIE,infra.huilerie_inventaire_pollution,MANUAL_REVIEW_REQUIRED,1,PENDING,distance=0.00m; nom=1.00; commune=1.00; priorite=5
e60088e9-cf94-4e41-ae65-a5390866b4b8,c8b32e1e-d4e5-493c-a75f-8975a73aba57,4f7913de-30f3-41ff-84ab-dd54d8d2668f,infra.huilerie_inventaire_pollution,44f769eb-738d-4266-b3c3-b82d37867725,1ee204a6-d553-43fe-9bbe-9ad1bf6de7d7,0.0,0.9250,DUPLICATE_EXACT,Huilerie Délices de Saiss,Huilerie Délices de Saiss,LAQSIR,LAQSIR,HUILERIE,infra.huilerie_inventaire_pollution,MANUAL_REVIEW_REQUIRED,1,PENDING,distance=0.00m; nom=1.00; commune=1.00; priorite=5
e60088e9-cf94-4e41-ae65-a5390866b4b8,b6208587-f6d0-4d93-9cb4-c67fb00858b9,85f4f22f-8a00-4c44-83fb-d8e897e0b106,infra.huilerie_inventaire_pollution,b663eefc-ab35-4c63-841e-32978c266b2c,24d90614-03b8-44d2-b599-8f612dfef1d2,0.0,0.9250,DUPLICATE_EXACT,Huilerie Domain El Gour,Huilerie Domain El Gour,Ait Boubidmane,Ait Boubidmane,HUILERIE,infra.huilerie_inventaire_pollution,MANUAL_REVIEW_REQUIRED,1,PENDING,distance=0.00m; nom=1.00; commune=1.00; priorite=5
e60088e9-cf94-4e41-ae65-a5390866b4b8,46643f12-94b4-4b01-a561-0927c59f17c9,b8018a93-0dab-4a25-af6a-0fe4690cdc13,infra.huilerie_inventaire_pollution,f80abe52-7fb2-4acf-a4ad-e8158fddd6c0,97362b16-14e2-4190-b964-17ae94d385c8,0.0,0.9250,DUPLICATE_EXACT,Huilerie Domaine La Zouina,Huilerie Domaine La Zouina,Ait Bourzouine,Ait Bourzouine,HUILERIE,infra.huilerie_inventaire_pollution,MANUAL_REVIEW_REQUIRED,1,PENDING,distance=0.00m; nom=1.00; commune=1.00; priorite=5
e60088e9-cf94-4e41-ae65-a5390866b4b8,6b45aa16-8026-489f-a5e4-8409bdbce519,c6c94206-7064-45c8-bb47-e74967a8fba8,infra.huilerie_inventaire_pollution,e3d6fc29-268e-4aa4-bdae-5aeddf8282d0,de1129c8-8664-4dc5-a554-f5bb241088dc,0.0,0.9250,DUPLICATE_EXACT,Huilerie Driss HAMMIOUI,Huilerie Driss HAMMIOUI,My Boucheta,My Boucheta,HUILERIE,infra.huilerie_inventaire_pollution,MANUAL_REVIEW_REQUIRED,1,PENDING,distance=0.00m; nom=1.00; commune=1.00; priorite=5
e60088e9-cf94-4e41-ae65-a5390866b4b8,5071c5e6-5666-409a-b427-7e8f8c101924,2f2b9a5e-6cf4-429d-9a39-137b15914273,infra.huilerie_inventaire_pollution,541acddb-2c91-4631-a1f7-c45385cdc633,7f9644e5-843b-4053-8314-df52c0f3b3e1,0.0,0.9250,DUPLICATE_EXACT,Huilerie el gandoui,Huilerie el gandoui,Ghiata al gharbia,Ghiata al gharbia,HUILERIE,infra.huilerie_inventaire_pollution,MANUAL_REVIEW_REQUIRED,1,PENDING,distance=0.00m; nom=1.00; commune=1.00; priorite=5
e60088e9-cf94-4e41-ae65-a5390866b4b8,7e814b7f-b85c-4e90-afa2-c749e14a2a24,8c4ed328-f112-4b6c-834c-4222fe713dce,infra.huilerie_inventaire_pollution,17b5b5df-8bf4-49a2-a92e-92f889890aae,83bbd1d8-b3d1-41f3-95d3-c28d4923e2ec,0.0,0.9250,DUPLICATE_EXACT,Huilerie EL BARAKA,Huilerie EL BARAKA,Mu. Khemisset,Mu. Khemisset,HUILERIE,infra.huilerie_inventaire_pollution,MANUAL_REVIEW_REQUIRED,1,PENDING,distance=0.00m; nom=1.00; commune=1.00; priorite=5
e60088e9-cf94-4e41-ae65-a5390866b4b8,04e4d79f-7a00-4fe7-a4ea-badd99aba631,d9f97108-bbe1-49a1-9806-09655719b399,infra.huilerie_inventaire_pollution,48d74de1-690f-4242-83a2-cf005854ed50,abf8c8fe-6714-416c-ae5a-020c599bd989,0.0,0.9250,DUPLICATE_EXACT,Huilerie EL BARAKA,Huilerie EL BARAKA,Kissane,Kissane,HUILERIE,infra.huilerie_inventaire_pollution,MANUAL_REVIEW_REQUIRED,1,PENDING,distance=0.00m; nom=1.00; commune=1.00; priorite=5
e60088e9-cf94-4e41-ae65-a5390866b4b8,022c4046-6124-4377-a3bc-11fabe3bb094,be66e53a-0993-485a-813c-61df252fc557,infra.huilerie_inventaire_pollution,34152afb-06e2-4a41-bea0-4c91f6c639d5,ed2159a8-12af-41e2-99d4-3eb7e42cf183,0.0,0.9250,DUPLICATE_EXACT,Huilerie El Baraka,Huilerie El Baraka,Beni Ahmed Charkia,Beni Ahmed Charkia,HUILERIE,infra.huilerie_inventaire_pollution,MANUAL_REVIEW_REQUIRED,1,PENDING,distance=0.00m; nom=1.00; commune=1.00; priorite=5
e60088e9-cf94-4e41-ae65-a5390866b4b8,19ad9724-1975-48c8-8252-f8e2d27d8efb,3234306b-e214-4cb4-b416-c82f9f1bcf77,infra.huilerie_inventaire_pollution,a2d69002-3870-452f-8ee7-d6ef847e7e0b,9d24c6f8-af94-4a7c-a4b0-f59e4b5eaa59,0.0,0.9250,DUPLICATE_EXACT,Huilerie El baraka,Huilerie El baraka,Taounate,Taounate,HUILERIE,infra.huilerie_inventaire_pollution,MANUAL_REVIEW_REQUIRED,1,PENDING,distance=0.00m; nom=1.00; commune=1.00; priorite=5
e60088e9-cf94-4e41-ae65-a5390866b4b8,946f6907-7eb5-443a-ad22-f7f49be8e650,e589c20d-50eb-4c88-a145-d49057ef203d,infra.huilerie_inventaire_pollution,88bf6d34-237f-4626-b3e4-ebea9177fb51,37915bec-fa42-480f-960f-75b45ec5c0ac,0.0,0.9250,DUPLICATE_EXACT,Huilerie El Berake,Huilerie El Berake,Ait Yadine,Ait Yadine,HUILERIE,infra.huilerie_inventaire_pollution,MANUAL_REVIEW_REQUIRED,1,PENDING,distance=0.00m; nom=1.00; commune=1.00; priorite=5
e60088e9-cf94-4e41-ae65-a5390866b4b8,21593cfa-63b2-4354-9ac6-e4bac67a184d,b8c2802c-c4b4-4d33-a5a6-ae72a1d8a95d,infra.huilerie_inventaire_pollution,f27ad31f-976c-4c37-9981-43ea0cdd5429,b519f3ef-39d7-4ba7-8dd0-49394787554b,0.0,0.9250,DUPLICATE_EXACT,Huilerie El boukhari,Huilerie El boukhari,Agourai,Agourai,HUILERIE,infra.huilerie_inventaire_pollution,MANUAL_REVIEW_REQUIRED,1,PENDING,distance=0.00m; nom=1.00; commune=1.00; priorite=5
e60088e9-cf94-4e41-ae65-a5390866b4b8,cbd1ba0c-9d68-444b-b772-91f6e7edb27f,8d6ad494-2db7-4fc4-b80a-7a1866a8f8d5,infra.huilerie_inventaire_pollution,11aac3eb-5c1f-4fd7-b29b-6142c97515fa,7d8beee5-fc57-4452-ac6b-75daab953f55,0.0,0.9250,DUPLICATE_EXACT,Huilerie El Boussaadani,Huilerie El Boussaadani,Sidi M'hamed Belahcen,Sidi M'hamed Belahcen,HUILERIE,infra.huilerie_inventaire_pollution,MANUAL_REVIEW_REQUIRED,1,PENDING,distance=0.00m; nom=1.00; commune=1.00; priorite=5
e60088e9-cf94-4e41-ae65-a5390866b4b8,c33151ad-cc85-4bca-9b8b-136e21f22c3f,da62dc53-9115-4423-b3b9-4767ceee893e,infra.huilerie_inventaire_pollution,cb21e7ea-9fdf-45cf-80d5-7d77ba9e5efa,baf80f31-3dba-44f1-ace3-2e0782d07f0c,0.0,0.9250,DUPLICATE_EXACT,Huilerie El Fehama,Huilerie El Fehama,Zirara,Zirara,HUILERIE,infra.huilerie_inventaire_pollution,MANUAL_REVIEW_REQUIRED,1,PENDING,distance=0.00m; nom=1.00; commune=1.00; priorite=5
e60088e9-cf94-4e41-ae65-a5390866b4b8,6ec0932a-2b9d-458a-8f7e-2b05456ba2dc,8849a41e-763f-4cfb-8c49-ca6b21687692,infra.huilerie_inventaire_pollution,ce86bb26-8c81-4d5f-93cd-3069fdaead08,2f5ee1be-79c1-4963-84c2-7c1df507ee29,0.0,0.9250,DUPLICATE_EXACT,Huilerie el wahda,Huilerie el wahda,Taounate,Taounate,HUILERIE,infra.huilerie_inventaire_pollution,MANUAL_REVIEW_REQUIRED,1,PENDING,distance=0.00m; nom=1.00; commune=1.00; priorite=5
e60088e9-cf94-4e41-ae65-a5390866b4b8,d76b4ccd-beaa-4870-8fe5-432e5f46a1f8,ded9692e-95ce-48ce-a6b3-90efc08940e7,infra.huilerie_inventaire_pollution,be6b66aa-8713-4b51-a147-648811a020b4,91010e7e-94c2-4894-b565-2573063f598b,0.0,0.9250,DUPLICATE_EXACT,Huilerie El Hajoui Ikhouane,Huilerie El Hajoui Ikhouane,Sabaa ayoun,Sabaa ayoun,HUILERIE,infra.huilerie_inventaire_pollution,MANUAL_REVIEW_REQUIRED,1,PENDING,distance=0.00m; nom=1.00; commune=1.00; priorite=5
e60088e9-cf94-4e41-ae65-a5390866b4b8,3b6498ef-ee59-414a-a63e-4222e033f3a2,9b0dc74f-2318-4da9-957b-4db2131c7094,infra.huilerie_inventaire_pollution,a80eaf8c-32ba-4dd2-9e5d-35fd3c718325,05dd2fde-d425-41b5-b669-539c1813bd8d,0.0,0.9250,DUPLICATE_EXACT,Huilerie El Jabalia,Huilerie El Jabalia,Taounate,Taounate,HUILERIE,infra.huilerie_inventaire_pollution,MANUAL_REVIEW_REQUIRED,1,PENDING,distance=0.00m; nom=1.00; commune=1.00; priorite=5
e60088e9-cf94-4e41-ae65-a5390866b4b8,4c8d7cae-5282-45ab-b207-35d924348fe6,da73dcd0-6597-4857-abc8-e9b569db64dd,infra.huilerie_inventaire_pollution,844c1095-d490-4f00-a64f-8e267380f2f7,f30b2823-7436-4f29-9342-fdd073f790db,0.0,0.9250,DUPLICATE_EXACT,Huilerie el jadida,Huilerie el jadida,Centre taza,Centre taza,HUILERIE,infra.huilerie_inventaire_pollution,MANUAL_REVIEW_REQUIRED,1,PENDING,distance=0.00m; nom=1.00; commune=1.00; priorite=5
e60088e9-cf94-4e41-ae65-a5390866b4b8,e8b9b949-2c82-466e-8da5-c7c4a79f08b6,60b6a82b-e67a-4166-99a6-b5a0c7f1bd07,infra.huilerie_inventaire_pollution,315e4881-fa12-4b56-a656-8c1678dfca4e,e5b5f041-20a6-45ff-af29-3f691f2b3ef0,0.0,0.9250,DUPLICATE_EXACT,Huilerie El Jadida,Huilerie El Jadida,Sidi Kacem,Sidi Kacem,HUILERIE,infra.huilerie_inventaire_pollution,MANUAL_REVIEW_REQUIRED,1,PENDING,distance=0.00m; nom=1.00; commune=1.00; priorite=5
e60088e9-cf94-4e41-ae65-a5390866b4b8,a4d828fc-0f38-4b30-a3e9-b674e83acbdb,6101394e-2222-489b-97f0-926de35f34f4,infra.huilerie_inventaire_pollution,cc89fe71-4f51-4dcf-b520-6873128e8c68,49c53b23-9b31-4c08-aaa6-44bd389b7031,0.0,0.9250,DUPLICATE_EXACT,Huilerie El Wahda,Huilerie El Wahda,Taounate,Taounate,HUILERIE,infra.huilerie_inventaire_pollution,MANUAL_REVIEW_REQUIRED,1,PENDING,distance=0.00m; nom=1.00; commune=1.00; priorite=5
e60088e9-cf94-4e41-ae65-a5390866b4b8,7ab67d3a-b743-4e33-9746-6224301c417e,02ea2868-d054-4696-bde7-2bc3c494221c,infra.huilerie_inventaire_pollution,1e696f9c-db50-4406-9d4b-6c5088856d28,5ea62d97-7d59-408e-9864-57aa7c623c79,0.0,0.9250,DUPLICATE_EXACT,Huilerie El Kabaelles,Huilerie El Kabaelles,Ain Mediouna,Ain Mediouna,HUILERIE,infra.huilerie_inventaire_pollution,MANUAL_REVIEW_REQUIRED,1,PENDING,distance=0.00m; nom=1.00; commune=1.00; priorite=5
e60088e9-cf94-4e41-ae65-a5390866b4b8,245e7de4-0435-4b73-bb3d-e4c4cfeb48a6,1bbb959d-5a32-4f2c-a19c-0502ee348703,infra.huilerie_inventaire_pollution,6814c994-6d0b-45ff-b563-f1ccdb7ee181,1e89b462-4b68-457b-a7ed-edcc4cae9ebd,0.0,0.9250,DUPLICATE_EXACT,Huilerie El khaire,Huilerie El khaire,Ait Siberne,Ait Siberne,HUILERIE,infra.huilerie_inventaire_pollution,MANUAL_REVIEW_REQUIRED,1,PENDING,distance=0.00m; nom=1.00; commune=1.00; priorite=5
e60088e9-cf94-4e41-ae65-a5390866b4b8,c819ca40-4b02-4c27-ac22-b7e06d673f1a,c2fbec72-8754-4826-aaf3-807a1a25de8e,infra.huilerie_inventaire_pollution,f0df0b08-41fa-474e-9a60-b589062b29c6,1058a6cd-dcbf-4f31-85eb-e1ffcf3536d6,0.0,0.9250,DUPLICATE_EXACT,Huilerie El Kherifi Ali,Huilerie El Kherifi Ali,Lamjaara,Lamjaara,HUILERIE,infra.huilerie_inventaire_pollution,MANUAL_REVIEW_REQUIRED,1,PENDING,distance=0.00m; nom=1.00; commune=1.00; priorite=5
e60088e9-cf94-4e41-ae65-a5390866b4b8,16d6e65a-ce6f-434e-a4d4-898e46e7a366,7bb8938a-a439-4306-802a-952bcd2aa64e,infra.huilerie_inventaire_pollution,1a9219e4-f9ef-4b50-81d3-fb5d8f735012,61c38295-4837-4cb0-92c4-cb1acdb6c8c2,0.0,0.9250,DUPLICATE_EXACT,Huilerie El Maarif Bni Snana Taoughilt,Huilerie El Maarif Bni Snana Taoughilt,Taoughilt,Taoughilt,HUILERIE,infra.huilerie_inventaire_pollution,MANUAL_REVIEW_REQUIRED,1,PENDING,distance=0.00m; nom=1.00; commune=1.00; priorite=5
e60088e9-cf94-4e41-ae65-a5390866b4b8,0b53dd37-7833-4137-9032-f299d7e72a7a,42057074-e48a-452c-ad42-ba7fde911413,infra.huilerie_inventaire_pollution,5ad5ed88-4294-4ecd-a984-878d23fad850,a78b3ff0-ea25-4f0f-a02e-eb0b4c02724a,0.0,0.9250,DUPLICATE_EXACT,Huilerie El Nour,Huilerie El Nour,Taounate,Taounate,HUILERIE,infra.huilerie_inventaire_pollution,MANUAL_REVIEW_REQUIRED,1,PENDING,distance=0.00m; nom=1.00; commune=1.00; priorite=5
e60088e9-cf94-4e41-ae65-a5390866b4b8,4b8815f4-04f1-47b4-9fa5-af11e398f5a3,03999932-6907-4e71-afe5-ed68449dc0bb,infra.huilerie_inventaire_pollution,38d9e3c5-fbe2-4475-bda8-a181383fdf62,1b6c6974-11a2-4627-85c9-c29fd34e9fda,0.0,0.9250,DUPLICATE_EXACT,Huilerie El Zarhouni,Huilerie El Zarhouni,Zirara,Zirara,HUILERIE,infra.huilerie_inventaire_pollution,MANUAL_REVIEW_REQUIRED,1,PENDING,distance=0.00m; nom=1.00; commune=1.00; priorite=5
e60088e9-cf94-4e41-ae65-a5390866b4b8,da1dda1f-02eb-4670-861f-8ff40ad5add4,940945b0-5383-4ca0-b915-dedf97e13813,infra.huilerie_inventaire_pollution,4502220b-0be7-496d-bc3c-246c2c0f15fb,f73ee695-1d9a-49f8-a9ed-54c7fd0a1244,0.0,0.9250,DUPLICATE_EXACT,Huilerie Elharrati ait Krat,Huilerie Elharrati ait Krat,Sebt Jahjouh,Sebt Jahjouh,HUILERIE,infra.huilerie_inventaire_pollution,MANUAL_REVIEW_REQUIRED,1,PENDING,distance=0.00m; nom=1.00; commune=1.00; priorite=5
e60088e9-cf94-4e41-ae65-a5390866b4b8,c0d8d139-a03d-4bfd-9c8d-5f7206a55bea,781a8566-c150-4a0a-945c-1ca8935375a1,infra.huilerie_inventaire_pollution,33e55efc-7b6f-4bb7-a6ca-1ff9675c869a,5b883c87-9dcb-423a-a580-cc157baf78c2,0.0,0.9250,DUPLICATE_EXACT,Huilerie Elhmad,Huilerie Elhmad,Zirara,Zirara,HUILERIE,infra.huilerie_inventaire_pollution,MANUAL_REVIEW_REQUIRED,1,PENDING,distance=0.00m; nom=1.00; commune=1.00; priorite=5
e60088e9-cf94-4e41-ae65-a5390866b4b8,f0823a6f-5c26-426a-b7b3-8afdbe82b8e8,ca221b05-07c6-4006-a823-7f0a908d97ee,infra.huilerie_inventaire_pollution,715d5a3c-7d75-452f-9b91-68337c2fd770,6bf940d2-a2f8-48f3-92ed-62702a6e1134,0.0,0.9250,DUPLICATE_EXACT,Huilerie extra du maroc,Huilerie extra du maroc,M'HAYA,M'HAYA,HUILERIE,infra.huilerie_inventaire_pollution,MANUAL_REVIEW_REQUIRED,1,PENDING,distance=0.00m; nom=1.00; commune=1.00; priorite=5
e60088e9-cf94-4e41-ae65-a5390866b4b8,7731ac31-126a-4bd1-bc06-4b0d879140f1,586bd523-61f6-4469-93c4-9c58f065beb4,infra.huilerie_inventaire_pollution,a87dcd71-4939-4cfc-ae54-369f0850aeb9,27dd1221-29d5-406d-849a-8b6a7f84c646,0.0,0.9250,DUPLICATE_EXACT,Huilerie extra du Maroc,Huilerie extra du Maroc,oued jdida,oued jdida,HUILERIE,infra.huilerie_inventaire_pollution,MANUAL_REVIEW_REQUIRED,1,PENDING,distance=0.00m; nom=1.00; commune=1.00; priorite=5
e60088e9-cf94-4e41-ae65-a5390866b4b8,d1e7e357-da55-4987-b7e5-313bd522ba2e,cd797c73-9fc6-4952-b02d-96ab5e612e01,infra.huilerie_inventaire_pollution,2d12bd6b-3753-4c2c-8e11-6a670dc5a08d,17bf4111-6891-40e9-b500-340c140eb7f9,0.0,0.9250,DUPLICATE_EXACT,Huilerie Khlifi Fel,Huilerie Khlifi Fel,Timezgana,Timezgana,HUILERIE,infra.huilerie_inventaire_pollution,MANUAL_REVIEW_REQUIRED,1,PENDING,distance=0.00m; nom=1.00; commune=1.00; priorite=5
e60088e9-cf94-4e41-ae65-a5390866b4b8,c1b7a957-dee7-4004-aae9-ba99c516afec,fce791db-1b09-4205-8d38-f84bd59eb8b5,infra.huilerie_inventaire_pollution,2a6188a1-bd4f-4945-9717-9d3fde757e87,e76bc15c-b3f3-40c4-ba20-231572c8e325,0.0,0.9250,DUPLICATE_EXACT,Huilerie Hafoudi,Huilerie Hafoudi,Agourai,Agourai,HUILERIE,infra.huilerie_inventaire_pollution,MANUAL_REVIEW_REQUIRED,1,PENDING,distance=0.00m; nom=1.00; commune=1.00; priorite=5
e60088e9-cf94-4e41-ae65-a5390866b4b8,65a068c3-f2b3-41b8-ade5-d75f32c1a2f7,85e80ea0-3eb8-4859-af59-07e498d6a67f,infra.huilerie_inventaire_pollution,851a29b6-cb75-424b-af96-46e2b512ae57,7e12ee8e-55f6-47f2-b3d0-dee29069ae9a,0.0,0.9250,DUPLICATE_EXACT,Huilerie Haj Dkir,Huilerie Haj Dkir,Ain dfali,Ain dfali,HUILERIE,infra.huilerie_inventaire_pollution,MANUAL_REVIEW_REQUIRED,1,PENDING,distance=0.00m; nom=1.00; commune=1.00; priorite=5
e60088e9-cf94-4e41-ae65-a5390866b4b8,b7e7ce7e-4292-4c22-bfd6-ddf182b6b300,618cb5b6-0e8d-492e-b445-f19e5bc598c5,infra.huilerie_inventaire_pollution,8fee9779-7c64-4b70-835c-68f8da2b1d24,a9fac709-65c3-4380-bf3d-3b05b72bdc01,0.0,0.9250,DUPLICATE_EXACT,Huilerie Hamid EL AICHI,Huilerie Hamid EL AICHI,My Abdelkrim,My Abdelkrim,HUILERIE,infra.huilerie_inventaire_pollution,MANUAL_REVIEW_REQUIRED,1,PENDING,distance=0.00m; nom=1.00; commune=1.00; priorite=5
e60088e9-cf94-4e41-ae65-a5390866b4b8,d0f6bc87-b19b-47c9-b6be-66c5b0e8d44d,5c3242e0-8eff-4c2c-bd85-65844a6645a6,infra.huilerie_inventaire_pollution,3576b1fb-00e8-4d88-afd9-2c1554153367,65ef989b-7637-4535-99ce-f42b0499c91a,0.0,0.9250,DUPLICATE_EXACT,Huilerie Hassan MOUNACH,Huilerie Hassan MOUNACH,Ouled Mimoune,Ouled Mimoune,HUILERIE,infra.huilerie_inventaire_pollution,MANUAL_REVIEW_REQUIRED,1,PENDING,distance=0.00m; nom=1.00; commune=1.00; priorite=5
e60088e9-cf94-4e41-ae65-a5390866b4b8,eee72ea1-f831-413d-a1bf-836b22941495,eae71e82-8a50-4794-97b2-4bcfce4e7cdb,infra.huilerie_inventaire_pollution,141c306c-5591-42ec-861e-5be3b577970e,207a00af-ec96-44c9-949b-15280304a914,0.0,0.9250,DUPLICATE_EXACT,Huilerie Idriss BOUTEOUR,Huilerie Idriss BOUTEOUR,Ain Bouali,Ain Bouali,HUILERIE,infra.huilerie_inventaire_pollution,MANUAL_REVIEW_REQUIRED,1,PENDING,distance=0.00m; nom=1.00; commune=1.00; priorite=5
e60088e9-cf94-4e41-ae65-a5390866b4b8,59f5f865-7ace-4e4f-ba9c-e661faed6e8c,d6410109-46ac-487d-9db7-59c3ede2ad9b,infra.huilerie_inventaire_pollution,5ab15729-b135-459b-ab6f-50a49cb5d292,995a62a8-cef9-4992-ab64-39f54a4df043,0.0,0.9250,DUPLICATE_EXACT,Huilerie Idriss EL NAJAII,Huilerie Idriss EL NAJAII,Ouled Mimoune,Ouled Mimoune,HUILERIE,infra.huilerie_inventaire_pollution,MANUAL_REVIEW_REQUIRED,1,PENDING,distance=0.00m; nom=1.00; commune=1.00; priorite=5
e60088e9-cf94-4e41-ae65-a5390866b4b8,1fdc4952-addf-40de-a228-fbe69d1be6ef,bdd5be0e-9507-48e8-80f8-cd1589bca8b3,infra.huilerie_inventaire_pollution,cf446e36-245a-434b-93d0-85d4faa01c70,4ed7c1b1-640a-404a-b664-083352e51b67,0.0,0.9250,DUPLICATE_EXACT,Huilerie IMASE,Huilerie IMASE,CR SIDI EL GHANDOUR,CR SIDI EL GHANDOUR,HUILERIE,infra.huilerie_inventaire_pollution,MANUAL_REVIEW_REQUIRED,1,PENDING,distance=0.00m; nom=1.00; commune=1.00; priorite=5
e60088e9-cf94-4e41-ae65-a5390866b4b8,9eaf29b5-7108-47c8-8575-b3ae00dd98dd,674f8325-3a03-4288-a086-4c146361ca61,infra.huilerie_inventaire_pollution,42a685bd-54dc-4f67-bb23-0b5cea180f1e,f7430226-42c5-475c-b013-efa96f6d99b0,0.0,0.9250,DUPLICATE_EXACT,Huilerie issidouni,Huilerie issidouni,Ghiata al gharbia,Ghiata al gharbia,HUILERIE,infra.huilerie_inventaire_pollution,MANUAL_REVIEW_REQUIRED,1,PENDING,distance=0.00m; nom=1.00; commune=1.00; priorite=5
e60088e9-cf94-4e41-ae65-a5390866b4b8,516ba4d8-b0d7-4428-9131-f5efff294cd0,0c549f0f-1d37-46ee-8ded-9c48b0b48e7d,infra.huilerie_inventaire_pollution,ce8168b6-a906-4519-b77b-62c0e2e1c35a,b16c9cd3-7fe0-47ec-994b-d26f1ff09fcb,0.0,0.9250,DUPLICATE_EXACT,Huilerie JEAAIT,Huilerie JEAAIT,Sidi Abdrrazake,Sidi Abdrrazake,HUILERIE,infra.huilerie_inventaire_pollution,MANUAL_REVIEW_REQUIRED,1,PENDING,distance=0.00m; nom=1.00; commune=1.00; priorite=5
e60088e9-cf94-4e41-ae65-a5390866b4b8,a3155b54-b3fb-416b-9434-51f17a5b4af3,9990b952-a0a9-4c87-b48e-e6129e7b9c83,infra.huilerie_inventaire_pollution,85f996bc-3b3a-4fba-a891-2be1733e9de3,004bcade-d656-4cfb-869a-3a0990d59fb8,0.0,0.9250,DUPLICATE_EXACT,Huilerie JOUIRI Mhamed,Huilerie JOUIRI Mhamed,Mkansa,Mkansa,HUILERIE,infra.huilerie_inventaire_pollution,MANUAL_REVIEW_REQUIRED,1,PENDING,distance=0.00m; nom=1.00; commune=1.00; priorite=5
e60088e9-cf94-4e41-ae65-a5390866b4b8,def71d23-d989-49d8-b395-8c2301e2c38c,3dd27d6e-db51-4a59-bbe8-beb858f9b418,infra.huilerie_inventaire_pollution,0efba830-b347-4d40-9715-e108cb95f413,3fd799cf-1ea5-4536-9dea-638862c357fc,0.0,0.9250,DUPLICATE_EXACT,Huilerie Kachour Abdelaziz,Huilerie Kachour Abdelaziz,Bab Taza,Bab Taza,HUILERIE,infra.huilerie_inventaire_pollution,MANUAL_REVIEW_REQUIRED,1,PENDING,distance=0.00m; nom=1.00; commune=1.00; priorite=5
e60088e9-cf94-4e41-ae65-a5390866b4b8,8af3bcc7-1fa8-4a5e-ab05-47947841e177,1e985dca-19c5-42a6-9bc4-d93d56df8d8d,infra.huilerie_inventaire_pollution,275d0eca-8083-45b7-9433-b9656a96c3c6,6f694f34-518c-430e-aed1-bd3ad9e4740b,0.0,0.9250,DUPLICATE_EXACT,Huilerie Karam,Huilerie Karam,Outa Bouabane,Outa Bouabane,HUILERIE,infra.huilerie_inventaire_pollution,MANUAL_REVIEW_REQUIRED,1,PENDING,distance=0.00m; nom=1.00; commune=1.00; priorite=5
e60088e9-cf94-4e41-ae65-a5390866b4b8,ec0cc053-6c78-4955-b4f0-5c129f6de784,87af0590-1f01-4ba2-b600-29acc793148d,infra.huilerie_inventaire_pollution,228ce611-ccd4-4aab-b368-761a74852ad0,01e3831c-f792-4309-83a4-690fa1912603,0.0,0.9250,DUPLICATE_EXACT,Huilerie Khalid HARBOUCH,Huilerie Khalid HARBOUCH,Ouartzagh,Ouartzagh,HUILERIE,infra.huilerie_inventaire_pollution,MANUAL_REVIEW_REQUIRED,1,PENDING,distance=0.00m; nom=1.00; commune=1.00; priorite=5
e60088e9-cf94-4e41-ae65-a5390866b4b8,d9b81c50-b9cc-496c-964b-a3c80191329c,8cf4141d-c9fb-44a3-842b-39d91f807a9b,infra.huilerie_inventaire_pollution,14634249-249e-40f6-916a-c27005e0269a,cec6603e-070e-4e92-a8b8-bccf2644cd72,0.0,0.9250,DUPLICATE_EXACT,Huilerie Khenichet Agricole,Huilerie Khenichet Agricole,Khenichet,Khenichet,HUILERIE,infra.huilerie_inventaire_pollution,MANUAL_REVIEW_REQUIRED,1,PENDING,distance=0.00m; nom=1.00; commune=1.00; priorite=5
e60088e9-cf94-4e41-ae65-a5390866b4b8,7ce7f9e7-d965-4439-a192-dd41b240d2ae,e1fa7224-5dfa-4570-9f36-2c07d3aa80ed,infra.huilerie_inventaire_pollution,d4029bb8-11b3-4e2c-a295-ac3e70dbb336,862c4d52-ff12-47be-9458-858e5bbbdaa9,0.0,0.9250,DUPLICATE_EXACT,Huilerie Khribech,Huilerie Khribech,Outa Bouabane,Outa Bouabane,HUILERIE,infra.huilerie_inventaire_pollution,MANUAL_REVIEW_REQUIRED,1,PENDING,distance=0.00m; nom=1.00; commune=1.00; priorite=5
e60088e9-cf94-4e41-ae65-a5390866b4b8,0f562f0a-f0ee-471e-bab4-83c46dcea176,1746f631-1906-43ae-86cc-104b1574a7c8,infra.huilerie_inventaire_pollution,06d56108-81a3-4c6e-a4a2-832dbc1078d7,11fc9383-d71f-4700-be3b-839abc390506,0.0,0.9250,DUPLICATE_EXACT,Huilerie Krafssen,Huilerie Krafssen,Sidi Kacem,Sidi Kacem,HUILERIE,infra.huilerie_inventaire_pollution,MANUAL_REVIEW_REQUIRED,1,PENDING,distance=0.00m; nom=1.00; commune=1.00; priorite=5
e60088e9-cf94-4e41-ae65-a5390866b4b8,c654d77b-9a2f-4714-9306-5c23340ac953,82108658-0ed8-4679-be5b-7444ada6e18d,infra.huilerie_inventaire_pollution,19dd55b0-d362-44b9-8a0c-bb9b0d750f6d,23314434-6a12-4002-88df-c0d75846f6db,0.0,0.9250,DUPLICATE_EXACT,Huilerie La Nouvelle Huilerie du Nord,Huilerie La Nouvelle Huilerie du Nord,Rhouazi,Rhouazi,HUILERIE,infra.huilerie_inventaire_pollution,MANUAL_REVIEW_REQUIRED,1,PENDING,distance=0.00m; nom=1.00; commune=1.00; priorite=5
e60088e9-cf94-4e41-ae65-a5390866b4b8,99b5a75a-abc0-4903-a159-80f1f69acbbc,5c40e29c-85f9-43ba-bd0d-75335d0fc396,infra.huilerie_inventaire_pollution,ae974c97-21c7-48c4-a7f2-fe8ea2029568,b4e300b4-e545-4579-bd10-5ecc302cb9b1,0.0,0.9250,DUPLICATE_EXACT,Huilerie Lalla Joumana,Huilerie Lalla Joumana,M'HAYA,M'HAYA,HUILERIE,infra.huilerie_inventaire_pollution,MANUAL_REVIEW_REQUIRED,1,PENDING,distance=0.00m; nom=1.00; commune=1.00; priorite=5
e60088e9-cf94-4e41-ae65-a5390866b4b8,5c0517e3-ea3b-4e8b-baec-880df0a27334,d193c689-8bd1-4623-ad47-a506daefae76,infra.huilerie_inventaire_pollution,63736a8c-b7f3-4069-8e99-a1c327536261,94e98b37-fb97-46ff-9a0e-88e3fb6b813c,0.0,0.9250,DUPLICATE_EXACT,Huilerie Lina Olive,Huilerie Lina Olive,Ait Boubidmane,Ait Boubidmane,HUILERIE,infra.huilerie_inventaire_pollution,MANUAL_REVIEW_REQUIRED,1,PENDING,distance=0.00m; nom=1.00; commune=1.00; priorite=5
e60088e9-cf94-4e41-ae65-a5390866b4b8,bd127427-d8b4-4e6f-a9e8-09fd0a8f4a07,39f1d8a4-9349-465b-a195-59de5aa251b5,infra.huilerie_inventaire_pollution,f9463172-f7cc-4fd9-a652-ebd72c06c0db,ed435ca2-c7fc-4fd1-9c2d-336d23cff313,0.0,0.9250,DUPLICATE_EXACT,Huilerie Loulja Moderne,Huilerie Loulja Moderne,Loulja,Loulja,HUILERIE,infra.huilerie_inventaire_pollution,MANUAL_REVIEW_REQUIRED,1,PENDING,distance=0.00m; nom=1.00; commune=1.00; priorite=5
e60088e9-cf94-4e41-ae65-a5390866b4b8,dc075e6c-c345-449b-b769-859145d43cfd,961354f0-5f3b-4e3a-85e7-47ebd0849bfb,infra.huilerie_inventaire_pollution,8bd9a7ea-9368-40be-89fc-08766554de81,00d89a3f-af73-485f-a3e7-14f01e71e29f,0.0,0.9250,DUPLICATE_EXACT,Huilerie Maakacha,Huilerie Maakacha,Bab Taza,Bab Taza,HUILERIE,infra.huilerie_inventaire_pollution,MANUAL_REVIEW_REQUIRED,1,PENDING,distance=0.00m; nom=1.00; commune=1.00; priorite=5
e60088e9-cf94-4e41-ae65-a5390866b4b8,a20ab0b5-4724-48c5-9b48-78703743fc53,49d702eb-0d8c-4e32-84cd-55abc7611b6f,infra.huilerie_inventaire_pollution,ec274856-5406-4a92-8218-5ada0518fd7f,fe8ed23d-a088-4e5d-86f6-7d702f73f8ea,0.0,0.9250,DUPLICATE_EXACT,Huilerie Mahfoud EL KHABIR,Huilerie Mahfoud EL KHABIR,Ouartzagh,Ouartzagh,HUILERIE,infra.huilerie_inventaire_pollution,MANUAL_REVIEW_REQUIRED,1,PENDING,distance=0.00m; nom=1.00; commune=1.00; priorite=5
e60088e9-cf94-4e41-ae65-a5390866b4b8,0f78be53-ba80-48f1-8317-e6875d48d058,21d73a8e-31e9-432c-9efa-bf4b5c8b94fc,infra.huilerie_inventaire_pollution,856e0472-9f27-4313-8455-27038d54d412,b35ebb49-3ca5-41c0-8a1b-219606dbd984,0.0,0.9250,DUPLICATE_EXACT,Huilerie Massoud EL SAYEBE,Huilerie Massoud EL SAYEBE,Ain Bouali,Ain Bouali,HUILERIE,infra.huilerie_inventaire_pollution,MANUAL_REVIEW_REQUIRED,1,PENDING,distance=0.00m; nom=1.00; commune=1.00; priorite=5
e60088e9-cf94-4e41-ae65-a5390866b4b8,1cf595c3-f919-41fa-8e54-853db5a6435e,7efc8847-caab-4449-8a09-08005e867939,infra.huilerie_inventaire_pollution,f9bba4fa-0855-464d-9758-4ff8a1d51ded,2de522fc-986f-4f9f-b42c-303f95b1c3c8,0.0,0.9250,DUPLICATE_EXACT,Huilerie matmata,Huilerie matmata,Matmata,Matmata,HUILERIE,infra.huilerie_inventaire_pollution,MANUAL_REVIEW_REQUIRED,1,PENDING,distance=0.00m; nom=1.00; commune=1.00; priorite=5
e60088e9-cf94-4e41-ae65-a5390866b4b8,f8b65dc0-73b5-4552-96c8-726ddc147a11,222d282a-0c96-4d11-bc07-f6a644088add,infra.huilerie_inventaire_pollution,7555327f-003e-400c-893b-6d2128de305b,53eb2774-d5da-4141-a0f9-fca51dca1cb1,0.0,0.9250,DUPLICATE_EXACT,Huilerie Mohamed Fguih,Huilerie Mohamed Fguih,Zghira,Zghira,HUILERIE,infra.huilerie_inventaire_pollution,MANUAL_REVIEW_REQUIRED,1,PENDING,distance=0.00m; nom=1.00; commune=1.00; priorite=5
e60088e9-cf94-4e41-ae65-a5390866b4b8,a026aedc-de14-4f09-a24c-9fd13aa8ac3e,3f9491e7-268c-43aa-82fb-57a12042685a,infra.huilerie_inventaire_pollution,272b620f-214a-41ff-8bf8-87d365df2889,8feb8c67-0b41-475b-9781-93e506876dd9,0.0,0.9250,DUPLICATE_EXACT,Huilerie Meskin,Huilerie Meskin,Bni Ahmed Gharbia,Bni Ahmed Gharbia,HUILERIE,infra.huilerie_inventaire_pollution,MANUAL_REVIEW_REQUIRED,1,PENDING,distance=0.00m; nom=1.00; commune=1.00; priorite=5
e60088e9-cf94-4e41-ae65-a5390866b4b8,3d87b893-60d7-4101-a927-81f7812e515c,50e48965-3f72-48d9-83eb-d0763adbd8e9,infra.huilerie_inventaire_pollution,3c4e22d5-5419-46ab-92d4-4f3b4ecbc223,86cb4918-ce01-4dc4-a0a9-09a88d676d02,0.0,0.9250,DUPLICATE_EXACT,Huilerie Modèrene Ouannana,Huilerie Modèrene Ouannana,Ouannana,Ouannana,HUILERIE,infra.huilerie_inventaire_pollution,MANUAL_REVIEW_REQUIRED,1,PENDING,distance=0.00m; nom=1.00; commune=1.00; priorite=5
e60088e9-cf94-4e41-ae65-a5390866b4b8,83da7129-2b85-4b1b-a4de-1e1d9d5a169c,83b26076-2e2b-42ca-82b4-3995382c3b73,infra.huilerie_inventaire_pollution,109f932a-9075-4dc7-8290-cda98893a913,e5c58e3c-85a0-463d-be04-8bf26f042b37,0.0,0.9250,DUPLICATE_EXACT,Huilerie Moderne de Teroual,Huilerie Moderne de Teroual,Teroual,Teroual,HUILERIE,infra.huilerie_inventaire_pollution,MANUAL_REVIEW_REQUIRED,1,PENDING,distance=0.00m; nom=1.00; commune=1.00; priorite=5
e60088e9-cf94-4e41-ae65-a5390866b4b8,29d658be-f378-4e35-8a48-07307004ec80,42431fc2-097f-4eef-a0d4-af1bba842a27,infra.huilerie_inventaire_pollution,df9ff2f8-b015-4537-80e7-0c04c2c6fa52,a198bdfa-dbc0-4220-98e8-74053319354e,0.0,0.9250,DUPLICATE_EXACT,Huilerie Mohamed BOUAANANI,Huilerie Mohamed BOUAANANI,Ain Bouali,Ain Bouali,HUILERIE,infra.huilerie_inventaire_pollution,MANUAL_REVIEW_REQUIRED,1,PENDING,distance=0.00m; nom=1.00; commune=1.00; priorite=5
e60088e9-cf94-4e41-ae65-a5390866b4b8,e0db8cf4-dee5-42d4-924d-e14d9f756865,5845378c-14d2-49a1-adee-27afd2a3020a,infra.huilerie_inventaire_pollution,c20c0753-88ea-4ab1-ade5-7958ef1a35ce,b52238e7-2cb8-4562-ae5a-711a3202318b,0.0,0.9250,DUPLICATE_EXACT,Huilerie Mohamed CHGARI,Huilerie Mohamed CHGARI,Ouartzagh,Ouartzagh,HUILERIE,infra.huilerie_inventaire_pollution,MANUAL_REVIEW_REQUIRED,1,PENDING,distance=0.00m; nom=1.00; commune=1.00; priorite=5
e60088e9-cf94-4e41-ae65-a5390866b4b8,1ff22c07-225d-4569-b781-816a5af3dc93,0959d45f-6365-4ac6-99e9-8c81be37bdd0,infra.huilerie_inventaire_pollution,36cc658e-b9d9-4811-9bdc-b0abd4f76360,339ae9f9-003d-4dcd-945f-47c8566f3e66,0.0,0.9250,DUPLICATE_EXACT,Huilerie Mohamed IDRISSI MOUNADI,Huilerie Mohamed IDRISSI MOUNADI,Louadaine,Louadaine,HUILERIE,infra.huilerie_inventaire_pollution,MANUAL_REVIEW_REQUIRED,1,PENDING,distance=0.00m; nom=1.00; commune=1.00; priorite=5
e60088e9-cf94-4e41-ae65-a5390866b4b8,51187ce7-0ffa-469a-a568-ab439656b161,ef8a4e83-72dc-466e-8f2f-d8c218d531ab,infra.huilerie_inventaire_pollution,85b39ea3-0a9e-4138-8962-98768c1565aa,0557b034-3232-4fc3-bce9-242c6da98898,0.0,0.9250,DUPLICATE_EXACT,Huilerie Mohamed KCHABOU,Huilerie Mohamed KCHABOU,Ain Bouali,Ain Bouali,HUILERIE,infra.huilerie_inventaire_pollution,MANUAL_REVIEW_REQUIRED,1,PENDING,distance=0.00m; nom=1.00; commune=1.00; priorite=5
e60088e9-cf94-4e41-ae65-a5390866b4b8,6c9e4bbf-cf9d-4180-877f-0a30bfc50b6e,c4e1c704-9715-41e1-9b9c-800834922562,infra.huilerie_inventaire_pollution,ff0d5cfd-730a-4f7d-8ea7-2630c7ffb3a4,b7f7b28f-416e-4f60-aebd-82ba40a4fc1e,0.0,0.9250,DUPLICATE_EXACT,Huilerie Mokhtar BAHTAT,Huilerie Mokhtar BAHTAT,Louadaine,Louadaine,HUILERIE,infra.huilerie_inventaire_pollution,MANUAL_REVIEW_REQUIRED,1,PENDING,distance=0.00m; nom=1.00; commune=1.00; priorite=5
e60088e9-cf94-4e41-ae65-a5390866b4b8,226df176-3eea-44c5-a12e-3a64b080917b,972c3f64-3aa0-4320-9872-d49e1e37d4c9,infra.huilerie_inventaire_pollution,6dd4b205-d2f7-464d-a4bd-6a4c8a46a0c4,22505cfd-7527-40c2-9e6c-80b6a5e87b59,0.0,0.9250,DUPLICATE_EXACT,Huilerie My BOUCHETTA,Huilerie My BOUCHETTA,My Boucheta,My Boucheta,HUILERIE,infra.huilerie_inventaire_pollution,MANUAL_REVIEW_REQUIRED,1,PENDING,distance=0.00m; nom=1.00; commune=1.00; priorite=5
e60088e9-cf94-4e41-ae65-a5390866b4b8,cf3dbb32-ce85-4fb7-9444-68456b7fe86c,199d55e8-01e6-4ef2-87ef-59153f710782,infra.huilerie_inventaire_pollution,0f1dba41-bc8b-4eda-92c1-68231f2d33e2,8e189605-c041-484b-94a3-4941876db3aa,0.0,0.9250,DUPLICATE_EXACT,Huilerie NACHITE,Huilerie NACHITE,Mu. Khemisset,Mu. Khemisset,HUILERIE,infra.huilerie_inventaire_pollution,MANUAL_REVIEW_REQUIRED,1,PENDING,distance=0.00m; nom=1.00; commune=1.00; priorite=5
e60088e9-cf94-4e41-ae65-a5390866b4b8,49580713-9f25-4e87-ba93-3d5a092706c5,1d55e651-9afc-44bd-ba09-c7aea1835bf1,infra.huilerie_inventaire_pollution,0e55f31f-f83a-40b6-97a3-5474715fe927,eda165c1-4c87-4ba0-bf50-f2a032633eca,0.0,0.9250,DUPLICATE_EXACT,"Huilerie Nadi
","Huilerie Nadi
",SFASSIF,SFASSIF,HUILERIE,infra.huilerie_inventaire_pollution,MANUAL_REVIEW_REQUIRED,1,PENDING,distance=0.00m; nom=1.00; commune=1.00; priorite=5
e60088e9-cf94-4e41-ae65-a5390866b4b8,266f2e54-97e6-4780-a5cc-56c2ee4cf977,1b9b0e70-3699-4c4d-b708-633dbaa5e3c1,infra.huilerie_inventaire_pollution,4eaeab01-ada5-4854-b631-bd9ad90e1473,4c7df9bf-a5d8-449a-9e0b-eda1e7a1b5fa,0.0,0.9250,DUPLICATE_EXACT,Huilerie Nour,Huilerie Nour,Mu. Khemisset,Mu. Khemisset,HUILERIE,infra.huilerie_inventaire_pollution,MANUAL_REVIEW_REQUIRED,1,PENDING,distance=0.00m; nom=1.00; commune=1.00; priorite=5
e60088e9-cf94-4e41-ae65-a5390866b4b8,376c844f-5771-4716-b162-2bd48b33991b,60ab10ee-5663-497c-aa31-ed936dbf65a9,infra.huilerie_inventaire_pollution,3d841d5a-9aea-47e2-94ef-df6f8d08af09,ab04e279-391e-49b1-80f9-25bd359ea3f3,0.0,0.9250,DUPLICATE_EXACT,Huilerie Nour,Huilerie Nour,Thar Es-souk,Thar Es-souk,HUILERIE,infra.huilerie_inventaire_pollution,MANUAL_REVIEW_REQUIRED,1,PENDING,distance=0.00m; nom=1.00; commune=1.00; priorite=5
e60088e9-cf94-4e41-ae65-a5390866b4b8,6e4766f9-a555-4cbc-814f-b8d61e65f3bc,9b893434-ffec-41f5-854c-e610f05bbae3,infra.huilerie_inventaire_pollution,2d96895b-1d97-4542-9fe2-303aaf4eb300,e9432048-a84e-4cca-9c7a-529edd24ad71,0.0,0.9250,DUPLICATE_EXACT,Huilerie nouvelle géenartion,Huilerie nouvelle géenartion,Sidi Kacem,Sidi Kacem,HUILERIE,infra.huilerie_inventaire_pollution,MANUAL_REVIEW_REQUIRED,1,PENDING,distance=0.00m; nom=1.00; commune=1.00; priorite=5
e60088e9-cf94-4e41-ae65-a5390866b4b8,8ca18381-c5de-469a-977c-f59bd74a6af6,1d467269-dc1b-4992-92b2-a335ebda642e,infra.huilerie_inventaire_pollution,53a09dd9-5dc6-48d1-b7ca-b93d28542368,b1fc7dd4-d363-490d-a0ed-c8e1bb7e6769,0.0,0.9250,DUPLICATE_EXACT,Huilerie OR vert d'Olives,Huilerie OR vert d'Olives,Rhouazi,Rhouazi,HUILERIE,infra.huilerie_inventaire_pollution,MANUAL_REVIEW_REQUIRED,1,PENDING,distance=0.00m; nom=1.00; commune=1.00; priorite=5
e60088e9-cf94-4e41-ae65-a5390866b4b8,f8f2cd83-589c-44c4-ae04-9f91607f2de2,7d1b7ec8-a430-4bdb-bb56-5e19177e1c0d,infra.huilerie_inventaire_pollution,9c443f31-43a7-4837-b3d9-14083fd0c3cc,c3b2d35f-f22a-4ff8-8be5-ae70226fab4e,0.0,0.9250,DUPLICATE_EXACT,Huilerie Ouala,Huilerie Ouala,Ain dfali,Ain dfali,HUILERIE,infra.huilerie_inventaire_pollution,MANUAL_REVIEW_REQUIRED,1,PENDING,distance=0.00m; nom=1.00; commune=1.00; priorite=5
e60088e9-cf94-4e41-ae65-a5390866b4b8,cf28c4bd-1368-4ca4-b70c-55c11d592c81,703e2072-8024-42de-a23f-7314c7735666,infra.huilerie_inventaire_pollution,681fe317-f556-4989-90f0-7553c2e592b9,266a6a88-37b9-49e9-bd6c-e5e79a3efc85,0.0,0.9250,DUPLICATE_EXACT,Huilerie OUARAD,Huilerie OUARAD,CR SIDI ALLAL LAMSADDER,CR SIDI ALLAL LAMSADDER,HUILERIE,infra.huilerie_inventaire_pollution,MANUAL_REVIEW_REQUIRED,1,PENDING,distance=0.00m; nom=1.00; commune=1.00; priorite=5
e60088e9-cf94-4e41-ae65-a5390866b4b8,0089b925-c1b2-44ca-a147-295472beab57,8dcc3df3-f00d-4a44-9ae1-9c98944a4b66,infra.huilerie_inventaire_pollution,b97a896e-767e-415b-9489-b9f28c53d849,f7328d3d-b00c-4121-9fa8-7e7369090422,0.0,0.9250,DUPLICATE_EXACT,Huilerie Oued Drader,Huilerie Oued Drader,Ain Mediouna,Ain Mediouna,HUILERIE,infra.huilerie_inventaire_pollution,MANUAL_REVIEW_REQUIRED,1,PENDING,distance=0.00m; nom=1.00; commune=1.00; priorite=5
e60088e9-cf94-4e41-ae65-a5390866b4b8,5464f336-1b0e-47d1-a75f-8987a37615e9,e41e4e69-91cd-4816-9fe0-f5d392aa34dd,infra.huilerie_inventaire_pollution,b16314bc-ff96-4df0-93a9-9505c4e1f757,81bf644b-0368-4533-b9ca-8da5f3a34cc6,0.0,0.9250,DUPLICATE_EXACT,Huilerie Oued Drader,Huilerie Oued Drader,Sidi Ahmed Cherif,Sidi Ahmed Cherif,HUILERIE,infra.huilerie_inventaire_pollution,MANUAL_REVIEW_REQUIRED,1,PENDING,distance=0.00m; nom=1.00; commune=1.00; priorite=5
e60088e9-cf94-4e41-ae65-a5390866b4b8,d8f2a480-4933-4b8f-bd8f-88f95008b1e6,a527b260-6b59-49f4-bd34-04a7dcd481d0,infra.huilerie_inventaire_pollution,a8951a09-b125-4c70-8877-d7513a31deb6,1b274415-9e87-4ee4-9453-06d95d4ca601,0.0,0.9250,DUPLICATE_EXACT,huilerie Oujda,huilerie Oujda,M'HAYA,M'HAYA,HUILERIE,infra.huilerie_inventaire_pollution,MANUAL_REVIEW_REQUIRED,1,PENDING,distance=0.00m; nom=1.00; commune=1.00; priorite=5
e60088e9-cf94-4e41-ae65-a5390866b4b8,f69fa279-9df5-447c-907e-bfee0aebaa50,95d5a625-6d93-409a-9436-f82dbb59b651,infra.huilerie_inventaire_pollution,c9a7bc88-e36b-4ff3-8e36-6cff3002f296,d0c9e274-305d-4902-ab67-98390e094844,0.0,0.9250,DUPLICATE_EXACT,Huilerie Ouled Brih,Huilerie Ouled Brih,Meknassa achrqia,Meknassa achrqia,HUILERIE,infra.huilerie_inventaire_pollution,MANUAL_REVIEW_REQUIRED,1,PENDING,distance=0.00m; nom=1.00; commune=1.00; priorite=5
e60088e9-cf94-4e41-ae65-a5390866b4b8,ac13536c-0cd8-45af-90a4-baf7c0fa1e6b,ee0ee70f-f4dd-4821-b885-703db1a5aeea,infra.huilerie_inventaire_pollution,d38c9009-d242-4523-bdb1-c86801ae8d69,1a076af0-0d73-4ab9-8a2d-041398dd1c6f,0.0,0.9250,DUPLICATE_EXACT,Huilerie Said BOUHTATA,Huilerie Said BOUHTATA,Ain Bouali,Ain Bouali,HUILERIE,infra.huilerie_inventaire_pollution,MANUAL_REVIEW_REQUIRED,1,PENDING,distance=0.00m; nom=1.00; commune=1.00; priorite=5
e60088e9-cf94-4e41-ae65-a5390866b4b8,a7eb5f7b-a2e2-4864-a7cb-ebe1cc74d67a,88662a74-cbd5-41f8-959c-0e6738b9025f,infra.huilerie_inventaire_pollution,3e339f6c-6690-45dd-b083-facee9c25f86,e1b49fde-fc46-4143-900e-4ec9a71e4492,0.0,0.9250,DUPLICATE_EXACT,Huilerie Ouled Hmaidi,Huilerie Ouled Hmaidi,Beni Ahmed Charkia,Beni Ahmed Charkia,HUILERIE,infra.huilerie_inventaire_pollution,MANUAL_REVIEW_REQUIRED,1,PENDING,distance=0.00m; nom=1.00; commune=1.00; priorite=5
e60088e9-cf94-4e41-ae65-a5390866b4b8,678c59ee-0c29-4552-ba53-8a377a4bf569,aeefcbaa-d877-45c2-b9ae-9666a76297ca,infra.huilerie_inventaire_pollution,195e6457-de89-4939-adb5-8f3b361c42db,491867ac-307c-48e7-81e9-5c63f99a454c,0.0,0.9250,DUPLICATE_EXACT,Huilerie ouled si hamou,Huilerie ouled si hamou,Zirara,Zirara,HUILERIE,infra.huilerie_inventaire_pollution,MANUAL_REVIEW_REQUIRED,1,PENDING,distance=0.00m; nom=1.00; commune=1.00; priorite=5
e60088e9-cf94-4e41-ae65-a5390866b4b8,d1b602fa-28d0-41c4-bc0e-07fbe172bcaa,0dad2812-82b5-41c4-b20b-5f2413a6d81c,infra.huilerie_inventaire_pollution,fd4ab02b-fdc8-4690-9802-13e346a2c738,92c86c0e-6377-4159-ab1a-e1f4ec994698,0.0,0.9250,DUPLICATE_EXACT,Huilerie Ouljat Jamae,Huilerie Ouljat Jamae,Sidi Yahya Bni Zarwal,Sidi Yahya Bni Zarwal,HUILERIE,infra.huilerie_inventaire_pollution,MANUAL_REVIEW_REQUIRED,1,PENDING,distance=0.00m; nom=1.00; commune=1.00; priorite=5
e60088e9-cf94-4e41-ae65-a5390866b4b8,5e0850d6-1dae-45e4-8e48-ac15741aa9d4,bc88b7f0-2cd0-4607-bddb-5703f7f557fd,infra.huilerie_inventaire_pollution,27abc015-a813-4320-8684-103cb76a758f,478cd721-d285-4a21-bccb-f184fbbf43ff,0.0,0.9250,DUPLICATE_EXACT,Huilerie Ozinos,Huilerie Ozinos,Ain dfali,Ain dfali,HUILERIE,infra.huilerie_inventaire_pollution,MANUAL_REVIEW_REQUIRED,1,PENDING,distance=0.00m; nom=1.00; commune=1.00; priorite=5
e60088e9-cf94-4e41-ae65-a5390866b4b8,89386c4f-e4c9-45ff-a679-10e317e91cfa,21dc7b3f-a276-406f-bb99-17a19178a673,infra.huilerie_inventaire_pollution,eba2b6da-b808-44ec-8db3-8556592510d8,012f2c36-cc0b-4138-a329-adee5f9d6545,0.0,0.9250,DUPLICATE_EXACT,Huilerie REHMA,Huilerie REHMA,Khemmisset,Khemmisset,HUILERIE,infra.huilerie_inventaire_pollution,MANUAL_REVIEW_REQUIRED,1,PENDING,distance=0.00m; nom=1.00; commune=1.00; priorite=5
e60088e9-cf94-4e41-ae65-a5390866b4b8,9563922d-c1a9-497d-9cd3-0b2b32a17c03,2402cac9-299a-41d3-bdf5-6cb6d13860df,infra.huilerie_inventaire_pollution,ce15f5d2-050f-4ef0-8090-62ed16dd7730,2605e6f6-9225-4834-9b5d-864648f94644,0.0,0.9250,DUPLICATE_EXACT,Huilerie RHALMI,Huilerie RHALMI,Sidi Allal Msadder,Sidi Allal Msadder,HUILERIE,infra.huilerie_inventaire_pollution,MANUAL_REVIEW_REQUIRED,1,PENDING,distance=0.00m; nom=1.00; commune=1.00; priorite=5
e60088e9-cf94-4e41-ae65-a5390866b4b8,e05c7096-374b-4a6f-aff9-ef364e297cc6,5677d83b-3019-4108-96df-aaf4d0528cd3,infra.huilerie_inventaire_pollution,4be6857a-e832-4186-b724-2fba971b3a41,f0f46179-3bb0-41cc-88aa-ee3e07288de0,0.0,0.9250,DUPLICATE_EXACT,Huilerie Sabir,Huilerie Sabir,M'Qam Tolba,M'Qam Tolba,HUILERIE,infra.huilerie_inventaire_pollution,MANUAL_REVIEW_REQUIRED,1,PENDING,distance=0.00m; nom=1.00; commune=1.00; priorite=5
e60088e9-cf94-4e41-ae65-a5390866b4b8,3ec1ea2c-dd3c-4c58-b7d6-8df5a0421069,934d469c-c287-4bbe-8b4e-d377b9a146ad,infra.huilerie_inventaire_pollution,9388ea94-e403-4145-9bc1-33af8b072165,96766567-c798-41a4-b673-e4f7db4d8f45,0.0,0.9250,DUPLICATE_EXACT,Huilerie Safaa,Huilerie Safaa,Mu. Khemisset,Mu. Khemisset,HUILERIE,infra.huilerie_inventaire_pollution,MANUAL_REVIEW_REQUIRED,1,PENDING,distance=0.00m; nom=1.00; commune=1.00; priorite=5
e60088e9-cf94-4e41-ae65-a5390866b4b8,64865091-f9f7-4b18-824e-f48f6c3401d8,d5c6cdd6-9dc3-4590-9bdf-c82109734b08,infra.huilerie_inventaire_pollution,fa171818-dc7e-4452-9213-1b8c443b7273,be70954a-51f9-48e3-b85d-e0a4a1846443,0.0,0.9250,DUPLICATE_EXACT,Huilerie Salama,Huilerie Salama,Taza,Taza,HUILERIE,infra.huilerie_inventaire_pollution,MANUAL_REVIEW_REQUIRED,1,PENDING,distance=0.00m; nom=1.00; commune=1.00; priorite=5
e60088e9-cf94-4e41-ae65-a5390866b4b8,efb7cb29-1870-42eb-9ab5-944236610739,c24cce30-d7ab-4a02-bebb-6f61a153ef72,infra.huilerie_inventaire_pollution,58155ca3-550e-46e9-85ad-01c2218dccb7,cddff16d-50d6-4121-a5cf-3ba3047f378b,0.0,0.9250,DUPLICATE_EXACT,Huilerie Sarah,Huilerie Sarah,Sidi Kacem,Sidi Kacem,HUILERIE,infra.huilerie_inventaire_pollution,MANUAL_REVIEW_REQUIRED,1,PENDING,distance=0.00m; nom=1.00; commune=1.00; priorite=5
e60088e9-cf94-4e41-ae65-a5390866b4b8,5c314c85-d038-481b-a613-54cee6edc638,9faf144b-cc7e-40b3-8b3b-0f5c7abc1c02,infra.huilerie_inventaire_pollution,865b2dce-a955-4db1-80e6-4fb389a7444b,d6af50c0-9637-4a85-bee0-ed2b388b9b89,0.0,0.9250,DUPLICATE_EXACT,Huilerie SIKA,Huilerie SIKA,Ait yadine,Ait yadine,HUILERIE,infra.huilerie_inventaire_pollution,MANUAL_REVIEW_REQUIRED,1,PENDING,distance=0.00m; nom=1.00; commune=1.00; priorite=5
e60088e9-cf94-4e41-ae65-a5390866b4b8,27abc4df-4646-41a7-890c-be8130ff9a8d,264d8f10-6806-4970-b906-0b8b36cfc77c,infra.huilerie_inventaire_pollution,4e6d2035-0e37-437f-88cf-66a1367356f9,7ee523af-0aae-4564-842b-a9c81297fa26,0.0,0.9250,DUPLICATE_EXACT,Huilerie Slass,Huilerie Slass,Ourtzagh,Ourtzagh,HUILERIE,infra.huilerie_inventaire_pollution,MANUAL_REVIEW_REQUIRED,1,PENDING,distance=0.00m; nom=1.00; commune=1.00; priorite=5
e60088e9-cf94-4e41-ae65-a5390866b4b8,d5c85c2b-4a9f-40fe-a6ae-863a60aa0189,79ad1889-76ec-4f0e-ab4c-4d1e53425dc5,infra.huilerie_inventaire_pollution,8579853f-0c49-4822-b296-81c5ffbd73ee,e7c94829-b721-4cc3-92b0-3406e43fd2c3,0.0,0.9250,DUPLICATE_EXACT,Huilerie Smouni,Huilerie Smouni,Bni Snous,Bni Snous,HUILERIE,infra.huilerie_inventaire_pollution,MANUAL_REVIEW_REQUIRED,1,PENDING,distance=0.00m; nom=1.00; commune=1.00; priorite=5
e60088e9-cf94-4e41-ae65-a5390866b4b8,7c7b75ae-b25a-4162-ad96-c96685e198bc,45c34b3a-3437-4003-87df-fa0a1852d9c0,infra.huilerie_inventaire_pollution,f70edcb9-b456-4a08-a82b-b987b52fb3f0,f0f3811f-c898-421e-9aa7-0b1fecebe7c7,0.0,0.9250,DUPLICATE_EXACT,Huilerie Société Haloni Frére,Huilerie Société Haloni Frére,Galaz,Galaz,HUILERIE,infra.huilerie_inventaire_pollution,MANUAL_REVIEW_REQUIRED,1,PENDING,distance=0.00m; nom=1.00; commune=1.00; priorite=5
e60088e9-cf94-4e41-ae65-a5390866b4b8,8e4a6c4a-3b5d-46b4-9b84-bc0fa3954ab3,46bb4c6f-69de-4ae6-be2c-fd18967ed526,infra.huilerie_inventaire_pollution,0cfd52a7-2b36-4ac8-9398-dbbf43cdf88c,5f2cd349-b920-4fab-8816-b0608e04f47b,0.0,0.9250,DUPLICATE_EXACT,Huilerie Société Olive,Huilerie Société Olive,Ghafsai,Ghafsai,HUILERIE,infra.huilerie_inventaire_pollution,MANUAL_REVIEW_REQUIRED,1,PENDING,distance=0.00m; nom=1.00; commune=1.00; priorite=5
e60088e9-cf94-4e41-ae65-a5390866b4b8,906eb8e8-98a7-4bbb-a645-89e0394acc47,86fa5dfe-3cdd-4075-bfd5-feaa25b5c7e2,infra.huilerie_inventaire_pollution,9e76e6d9-7efe-405d-98b2-6eb97a74e55b,5de421b3-b529-45a6-ab8c-0ab8601efd20,0.0,0.9250,DUPLICATE_EXACT,Huilerie Souaber,Huilerie Souaber,Ait Siberne,Ait Siberne,HUILERIE,infra.huilerie_inventaire_pollution,MANUAL_REVIEW_REQUIRED,1,PENDING,distance=0.00m; nom=1.00; commune=1.00; priorite=5
e60088e9-cf94-4e41-ae65-a5390866b4b8,360e77ba-97a1-41e3-935c-78bfc92d7fc8,6680fedb-3786-42a1-8cab-dff402cb4053,infra.huilerie_inventaire_pollution,73f95c52-faa8-40b9-92be-d7dda6e7dbf6,f62a5fd6-5576-438b-b999-a13a98c47efc,0.0,0.9250,DUPLICATE_EXACT,Huilerie ZENASSENI,Huilerie ZENASSENI,Rhouazi,Rhouazi,HUILERIE,infra.huilerie_inventaire_pollution,MANUAL_REVIEW_REQUIRED,1,PENDING,distance=0.00m; nom=1.00; commune=1.00; priorite=5
e60088e9-cf94-4e41-ae65-a5390866b4b8,61a085a1-4d82-4b70-a20d-cd0622cd2a01,78a84a8f-06ed-43a7-a7ff-b8d263e77cd3,infra.huilerie_inventaire_pollution,001a5e61-0671-4639-a1c8-ae1618264c4c,d06592cf-1497-4710-a7dd-fbd562399715,0.0,0.9250,DUPLICATE_EXACT,Huilerie Tamimi,Huilerie Tamimi,Sidi Makhfi,Sidi Makhfi,HUILERIE,infra.huilerie_inventaire_pollution,MANUAL_REVIEW_REQUIRED,1,PENDING,distance=0.00m; nom=1.00; commune=1.00; priorite=5
e60088e9-cf94-4e41-ae65-a5390866b4b8,d6148f79-2c9e-4b8b-8f84-22b55257ea8e,57ad4d58-7f27-413e-bf14-796c8913450c,infra.huilerie_inventaire_pollution,47cbbe87-72d1-444c-86c3-56b4d75c8d6c,afd62c71-d808-47f6-8b4e-a3a59e5c36fb,0.0,0.9250,DUPLICATE_EXACT,Huilerie Taounate,Huilerie Taounate,Bouhouda,Bouhouda,HUILERIE,infra.huilerie_inventaire_pollution,MANUAL_REVIEW_REQUIRED,1,PENDING,distance=0.00m; nom=1.00; commune=1.00; priorite=5
e60088e9-cf94-4e41-ae65-a5390866b4b8,45f7a3eb-be83-4475-951c-b82750654986,aef2b02d-f408-4059-9ced-f5ff73885c4e,infra.huilerie_inventaire_pollution,9dec371d-7e8d-4368-8dec-34f13ed9800b,4457edcf-73f5-4e54-92ad-b6f5ae235f00,0.0,0.9250,DUPLICATE_EXACT,Huilerie Tifrite,Huilerie Tifrite,RAS IJERRI,RAS IJERRI,HUILERIE,infra.huilerie_inventaire_pollution,MANUAL_REVIEW_REQUIRED,1,PENDING,distance=0.00m; nom=1.00; commune=1.00; priorite=5
e60088e9-cf94-4e41-ae65-a5390866b4b8,224f590c-0d4f-4eb8-8cc9-bff7a582e9bb,2d31ac8a-126d-4ea7-bcbe-ac4346293be3,infra.huilerie_inventaire_pollution,a0913816-7e7d-4189-8de7-eadc41d92725,1c98aa22-373a-4ec5-b75d-221fd9c149a5,0.0,0.9250,DUPLICATE_EXACT,Huilerie Touaress,Huilerie Touaress,Lamrabih,Lamrabih,HUILERIE,infra.huilerie_inventaire_pollution,MANUAL_REVIEW_REQUIRED,1,PENDING,distance=0.00m; nom=1.00; commune=1.00; priorite=5
e60088e9-cf94-4e41-ae65-a5390866b4b8,82027131-ee0c-4954-b49c-394a4934a33e,b35f94f5-421f-43e0-91a0-50a46e0b6075,infra.huilerie_inventaire_pollution,7ff669c6-7cce-4ef2-a0f7-d749a6016c35,f1737210-2129-40d1-9412-e96e92e3dc38,0.0,0.9250,DUPLICATE_EXACT,Huilerie Touita,Huilerie Touita,rghioua,rghioua,HUILERIE,infra.huilerie_inventaire_pollution,MANUAL_REVIEW_REQUIRED,1,PENDING,distance=0.00m; nom=1.00; commune=1.00; priorite=5
e60088e9-cf94-4e41-ae65-a5390866b4b8,08a37c88-e7d7-432d-8eeb-4b9576a9cdeb,87503930-3798-463b-a840-6eab227f327d,infra.huilerie_inventaire_pollution,8034d27f-d2be-4ec9-92e4-218cd1590f38,470976f9-4741-4160-99c8-21f061bb327b,0.0,0.9250,DUPLICATE_EXACT,Huilerie Youssef SATTOURI,Huilerie Youssef SATTOURI,Ain Bouali,Ain Bouali,HUILERIE,infra.huilerie_inventaire_pollution,MANUAL_REVIEW_REQUIRED,1,PENDING,distance=0.00m; nom=1.00; commune=1.00; priorite=5
e60088e9-cf94-4e41-ae65-a5390866b4b8,7d321868-a9a7-44dc-8d0c-d3bdab79601c,280670cd-c4e2-4c07-8753-012485dc708b,infra.huilerie_inventaire_pollution,1b368e8d-2f43-4902-963f-e701b2b9007a,18636ebf-a8ba-4697-8366-02b1f3df269f,0.0,0.9250,DUPLICATE_EXACT,Huilerie Zagota,Huilerie Zagota,Zagota,Zagota,HUILERIE,infra.huilerie_inventaire_pollution,MANUAL_REVIEW_REQUIRED,1,PENDING,distance=0.00m; nom=1.00; commune=1.00; priorite=5
e60088e9-cf94-4e41-ae65-a5390866b4b8,53273a7f-6f00-41c6-9c9a-86805178f115,85478254-ed14-4575-8952-62852caf4658,infra.huilerie_inventaire_pollution,97b1ecba-2fc7-45e9-9faa-1c109a2f8994,01ed8482-d259-4538-aa59-80acb7d1d760,0.0,0.9250,DUPLICATE_EXACT,Huilerie ZALAGH,Huilerie ZALAGH,Louadaine,Louadaine,HUILERIE,infra.huilerie_inventaire_pollution,MANUAL_REVIEW_REQUIRED,1,PENDING,distance=0.00m; nom=1.00; commune=1.00; priorite=5
e60088e9-cf94-4e41-ae65-a5390866b4b8,ced4384b-4f3c-402b-b5fd-2833b8876c85,6d773f85-67f9-4129-b992-39b815f397e6,infra.huilerie_inventaire_pollution,0977f34c-80dd-4d7a-9d9d-49e37220a01f,7145ba36-ec30-450e-b89c-ad6e25886ce7,0.0,0.9250,DUPLICATE_EXACT,Huilerie Zerouali,Huilerie Zerouali,Dkhissa,Dkhissa,HUILERIE,infra.huilerie_inventaire_pollution,MANUAL_REVIEW_REQUIRED,1,PENDING,distance=0.00m; nom=1.00; commune=1.00; priorite=5
e60088e9-cf94-4e41-ae65-a5390866b4b8,bfbbb791-6146-49bc-b6e2-7a7aa0323600,f83694dd-a8d5-479c-9454-6733f7f6fbac,infra.huilerie_inventaire_pollution,6020e284-2f8c-4923-b0e3-213374185117,31bc5a56-8453-43d7-83fe-f55983c7f311,0.0,0.9250,DUPLICATE_EXACT,Huilerie Zhana,Huilerie Zhana,Dar Bel Amri,Dar Bel Amri,HUILERIE,infra.huilerie_inventaire_pollution,MANUAL_REVIEW_REQUIRED,1,PENDING,distance=0.00m; nom=1.00; commune=1.00; priorite=5
e60088e9-cf94-4e41-ae65-a5390866b4b8,43748d3f-5447-4b9c-af95-98efd1b66b47,f1397cc6-83b9-446c-a8f4-f1d0dabfd43f,infra.huilerie_inventaire_pollution,6dee4ca7-6abe-437c-869f-2db8cbec334b,be88f6d2-95c7-4e13-946f-fe93a81ddd34,0.0,0.9250,DUPLICATE_EXACT,Huilerie Zouhri,Huilerie Zouhri,Sabaa ayoun,Sabaa ayoun,HUILERIE,infra.huilerie_inventaire_pollution,MANUAL_REVIEW_REQUIRED,1,PENDING,distance=0.00m; nom=1.00; commune=1.00; priorite=5
e60088e9-cf94-4e41-ae65-a5390866b4b8,e69ac0d1-0498-4186-89a8-83c93455d173,8b3dd998-4b0b-4920-acc6-faa24f15100c,infra.huilerie_inventaire_pollution,eb7e6b55-f95d-45df-8ee9-54b957d07a63,943010b3-f4cd-463e-a17d-e5cd9b9d1842,0.0,0.9250,DUPLICATE_EXACT,"Huilerie ZOUINE
","Huilerie ZOUINE
",CR SIDI EL GHANDOUR,CR SIDI EL GHANDOUR,HUILERIE,infra.huilerie_inventaire_pollution,MANUAL_REVIEW_REQUIRED,1,PENDING,distance=0.00m; nom=1.00; commune=1.00; priorite=5
e60088e9-cf94-4e41-ae65-a5390866b4b8,de0821a2-af73-43e2-9eb3-b91d50336728,7c8cad66-5521-4020-9614-a5777ea7f88a,infra.huilerie_inventaire_pollution,8b55417e-62fa-4e5e-bb19-b78c7a1bd6b2,1c08d1c6-bc1e-4fbe-b748-71b392b144b9,0.0,0.9250,DUPLICATE_EXACT,Huileries Agouzoul,Huileries Agouzoul,Tifelt,Tifelt,HUILERIE,infra.huilerie_inventaire_pollution,MANUAL_REVIEW_REQUIRED,1,PENDING,distance=0.00m; nom=1.00; commune=1.00; priorite=5
e60088e9-cf94-4e41-ae65-a5390866b4b8,a701f661-55d3-40c0-8fdc-e42bd7af2a0c,32ba092a-7d5d-4945-9725-c08143c9890f,infra.huilerie_inventaire_pollution,5f8a4d99-3b74-4ce5-bbd6-6e18c32fbaac,f7f2189f-91be-426b-91e7-995140e40faf,0.0,0.9250,DUPLICATE_EXACT,Huileries amocran,Huileries amocran,Skoura m'daz,Skoura m'daz,HUILERIE,infra.huilerie_inventaire_pollution,MANUAL_REVIEW_REQUIRED,1,PENDING,distance=0.00m; nom=1.00; commune=1.00; priorite=5
e60088e9-cf94-4e41-ae65-a5390866b4b8,032f7e56-225a-4b2d-8592-c9654c74ce5e,ae0b23d3-98e8-4948-ba06-b5d9548934fb,infra.huilerie_inventaire_pollution,719d156f-0dc7-44e0-97a2-37033d5bbc3b,efc765e5-efbc-4710-a91a-d845bfe28ddb,0.0,0.9250,DUPLICATE_EXACT,Huileries hanchou,Huileries hanchou,Bourd,Bourd,HUILERIE,infra.huilerie_inventaire_pollution,MANUAL_REVIEW_REQUIRED,1,PENDING,distance=0.00m; nom=1.00; commune=1.00; priorite=5
e60088e9-cf94-4e41-ae65-a5390866b4b8,4030b5a7-4c22-42a1-90c9-ca2ac9d5e547,49e74fda-06d6-428a-badd-f5449fd892f8,infra.huilerie_inventaire_pollution,c5ebc0b5-4dd9-43c4-9e94-52fa4157ef2d,97cbe82f-6fce-4cd0-996e-8f6f4d959249,0.0,0.9250,DUPLICATE_EXACT,Huillerie Bachir,Huillerie Bachir,Bni Qoulla,Bni Qoulla,HUILERIE,infra.huilerie_inventaire_pollution,MANUAL_REVIEW_REQUIRED,1,PENDING,distance=0.00m; nom=1.00; commune=1.00; priorite=5
e60088e9-cf94-4e41-ae65-a5390866b4b8,cf4b4087-5da2-4ae9-8c19-c9128a614d46,cf0705df-cd70-4992-92b3-81a29fb94190,infra.huilerie_inventaire_pollution,78754c35-5ed6-486e-b19c-7fdf5a4a6fbb,5063f2b0-2c77-417e-96c4-813b4ed6edfc,0.0,0.9250,DUPLICATE_EXACT,Huillerie Beni Kaoulech,Huillerie Beni Kaoulech,Kalaat Bouqorra,Kalaat Bouqorra,HUILERIE,infra.huilerie_inventaire_pollution,MANUAL_REVIEW_REQUIRED,1,PENDING,distance=0.00m; nom=1.00; commune=1.00; priorite=5
e60088e9-cf94-4e41-ae65-a5390866b4b8,757d2053-c696-47be-a246-436bd617551d,13c6a299-bb61-4c42-a167-f266fd4c0c6f,infra.huilerie_inventaire_pollution,2f0e4b50-3bb4-4159-b148-6997afb93ede,5215cb91-8545-4006-be93-92d830a7625a,0.0,0.9250,DUPLICATE_EXACT,Huillerie Boudroua,Huillerie Boudroua,Masmouda,Masmouda,HUILERIE,infra.huilerie_inventaire_pollution,MANUAL_REVIEW_REQUIRED,1,PENDING,distance=0.00m; nom=1.00; commune=1.00; priorite=5
e60088e9-cf94-4e41-ae65-a5390866b4b8,aafc112f-a296-4086-9d0d-56b2922f4619,cf387283-25fc-475b-9f6c-4737d95ebaef,infra.huilerie_inventaire_pollution,db7a20d1-2cbd-4292-afe1-0c7cd973504e,bfd6ff02-d6ce-47a8-a25f-157f54c65336,0.0,0.9250,DUPLICATE_EXACT,Huillerie Edahbia,Huillerie Edahbia,Kalaat Bouqorra,Kalaat Bouqorra,HUILERIE,infra.huilerie_inventaire_pollution,MANUAL_REVIEW_REQUIRED,1,PENDING,distance=0.00m; nom=1.00; commune=1.00; priorite=5
e60088e9-cf94-4e41-ae65-a5390866b4b8,99b62c74-75c5-4a59-a28f-229596fed563,7bb1db60-9e4f-48be-b33c-7709aaa2df39,infra.huilerie_inventaire_pollution,9a631779-dc85-4c02-aaa0-d6370d5f77ab,e1c9c773-efed-46f9-be40-b3b96d284713,0.0,0.9250,DUPLICATE_EXACT,Huillerie Lhaj Azouz,Huillerie Lhaj Azouz,Zoumi,Zoumi,HUILERIE,infra.huilerie_inventaire_pollution,MANUAL_REVIEW_REQUIRED,1,PENDING,distance=0.00m; nom=1.00; commune=1.00; priorite=5
e60088e9-cf94-4e41-ae65-a5390866b4b8,6bafe72f-06a3-4abe-b0ec-bd1212aa83ad,62e5b0a4-7de3-4b7e-b35e-da79c3fd23dc,infra.huilerie_inventaire_pollution,a9475524-1d40-4ff6-a2ec-f99fa331ca1d,0724cbcf-c126-4091-a17e-03aca72364f5,0.0,0.9250,DUPLICATE_EXACT,Huillerie Zoyoute Janat,Huillerie Zoyoute Janat,Zoumi,Zoumi,HUILERIE,infra.huilerie_inventaire_pollution,MANUAL_REVIEW_REQUIRED,1,PENDING,distance=0.00m; nom=1.00; commune=1.00; priorite=5
e60088e9-cf94-4e41-ae65-a5390866b4b8,98c07df6-d61a-48ed-b93d-f3e7b599ff5e,9ebe4bed-dc59-4ad7-9dfd-fa3b69b0f0ba,infra.huilerie_inventaire_pollution,53484c9d-81e1-4de8-9c78-6247bb6d324a,222d87a7-36c7-45a5-9cc2-1eec5f3fc4a6,0.0,0.9250,DUPLICATE_EXACT,Huiulerie Baraka,Huiulerie Baraka,Sefrou,Sefrou,HUILERIE,infra.huilerie_inventaire_pollution,MANUAL_REVIEW_REQUIRED,1,PENDING,distance=0.00m; nom=1.00; commune=1.00; priorite=5
e60088e9-cf94-4e41-ae65-a5390866b4b8,bb50a546-38e2-4a92-b047-370014959cb2,4f7ac913-f771-4c01-8d8d-4ac215d90246,infra.huilerie_inventaire_pollution,a7420fc5-c5fd-4b29-8f5b-877ab28aed95,3db5e2d3-627a-4f82-a8aa-f242e801f9d1,0.0,0.9250,DUPLICATE_EXACT,Huiulerie JAOUDA,Huiulerie JAOUDA,BHALIL,BHALIL,HUILERIE,infra.huilerie_inventaire_pollution,MANUAL_REVIEW_REQUIRED,1,PENDING,distance=0.00m; nom=1.00; commune=1.00; priorite=5
e60088e9-cf94-4e41-ae65-a5390866b4b8,7696332d-9f84-4789-80dc-ed167a581b42,d3dff5eb-7933-4ff4-8235-eca4db36c7c2,infra.huilerie_inventaire_pollution,01c6a03b-1341-464d-935b-99bcde0fcb95,9ef0bca6-62d7-4ec8-b870-413cd07bf0b4,0.0,0.9250,DUPLICATE_EXACT,Huiulerie Rihab,Huiulerie Rihab,AGHBALOU AQOURAR,AGHBALOU AQOURAR,HUILERIE,infra.huilerie_inventaire_pollution,MANUAL_REVIEW_REQUIRED,1,PENDING,distance=0.00m; nom=1.00; commune=1.00; priorite=5
e60088e9-cf94-4e41-ae65-a5390866b4b8,44c8f8ab-4ced-4163-a2d8-787f31e5c71b,a9daf17c-e29d-43a9-bf2c-4860df195e6a,infra.huilerie_inventaire_pollution,f0053493-3c55-460f-9845-273f198169e3,1961edea-da37-425f-b5a4-80a6814fbd47,0.0,0.9250,DUPLICATE_EXACT,Idrissi,Idrissi,Skoura m'daz,Skoura m'daz,HUILERIE,infra.huilerie_inventaire_pollution,MANUAL_REVIEW_REQUIRED,1,PENDING,distance=0.00m; nom=1.00; commune=1.00; priorite=5
e60088e9-cf94-4e41-ae65-a5390866b4b8,97c4c20f-1ae4-435b-bf11-e5bc05b3cb06,47ea4c29-dca6-4ea2-be83-797e82b17e7f,infra.huilerie_inventaire_pollution,26a53ef4-dd33-4dc5-88a0-93d7d56c70e6,b8a961a6-4a44-4eba-b055-030b8103fa74,0.0,0.9250,DUPLICATE_EXACT,Ikawan,Ikawan,Abdelghaya souahel,Abdelghaya souahel,HUILERIE,infra.huilerie_inventaire_pollution,MANUAL_REVIEW_REQUIRED,1,PENDING,distance=0.00m; nom=1.00; commune=1.00; priorite=5
e60088e9-cf94-4e41-ae65-a5390866b4b8,0ee037cd-631c-4f71-88c4-3ab1b94a49bb,b2699e58-6a07-4a41-98e9-42b34d7e9cf8,infra.huilerie_inventaire_pollution,3f59b36d-7f55-4965-8b66-81c6712f5683,e5a82ad7-7bf9-464f-8f83-0895c51ce99c,0.0,0.9250,DUPLICATE_EXACT,Ikhlas,Ikhlas,Matmata,Matmata,HUILERIE,infra.huilerie_inventaire_pollution,MANUAL_REVIEW_REQUIRED,1,PENDING,distance=0.00m; nom=1.00; commune=1.00; priorite=5
e60088e9-cf94-4e41-ae65-a5390866b4b8,2425d5aa-99d6-457b-af2f-49036c02048f,dec78bdc-ea32-45ab-93fa-23a56e452558,infra.huilerie_inventaire_pollution,c2a4da18-17d9-4e1f-bce2-7ff78962b1b8,14005f5d-39f7-4c6a-934c-2e7c67fa04df,0.0,0.9250,DUPLICATE_EXACT,IMMAD ZAIMI,IMMAD ZAIMI,MGHASSIYINE,MGHASSIYINE,HUILERIE,infra.huilerie_inventaire_pollution,MANUAL_REVIEW_REQUIRED,1,PENDING,distance=0.00m; nom=1.00; commune=1.00; priorite=5
e60088e9-cf94-4e41-ae65-a5390866b4b8,21c11df4-e75c-4079-8946-5b4172eab274,e6af63e3-ab41-4e8e-9261-cee3e78dd6fe,infra.huilerie_inventaire_pollution,3f3552ff-e1c8-478f-aa22-7b704faf9dce,bbbde521-b558-4ca8-b25f-e2efa6155763,0.0,0.9250,DUPLICATE_EXACT,Jabour Ziane,Jabour Ziane,RAS IJERRI,RAS IJERRI,HUILERIE,infra.huilerie_inventaire_pollution,MANUAL_REVIEW_REQUIRED,1,PENDING,distance=0.00m; nom=1.00; commune=1.00; priorite=5
e60088e9-cf94-4e41-ae65-a5390866b4b8,e4f5499c-8885-42b4-97b7-d14aba5825fc,76567870-3f0e-4c04-aade-4f0ae08f5ad0,infra.huilerie_inventaire_pollution,61e99128-d219-403f-9818-7d601f188277,44820fab-b045-4fc7-926d-609eafc9e247,0.0,0.9250,DUPLICATE_EXACT,JAI Frére,JAI Frére,Khlalfa,Khlalfa,HUILERIE,infra.huilerie_inventaire_pollution,MANUAL_REVIEW_REQUIRED,1,PENDING,distance=0.00m; nom=1.00; commune=1.00; priorite=5
e60088e9-cf94-4e41-ae65-a5390866b4b8,4ef213cb-27da-407c-af44-578f01eb10d5,e8a4d987-6ae3-49f6-ad5b-5175fc43c756,infra.huilerie_inventaire_pollution,fb86b867-def7-410b-a395-f74ee5d4871f,9ddd198a-ad0b-4e12-a315-2ce5ae77d832,0.0,0.9250,DUPLICATE_EXACT,JAWHARAT ZOYOUT LEHGUI,JAWHARAT ZOYOUT LEHGUI,M'HAYA,M'HAYA,HUILERIE,infra.huilerie_inventaire_pollution,MANUAL_REVIEW_REQUIRED,1,PENDING,distance=0.00m; nom=1.00; commune=1.00; priorite=5
e60088e9-cf94-4e41-ae65-a5390866b4b8,9db90b62-1b16-4805-b461-2665bbbc1ff8,fc37099d-6b77-49f6-b025-b0c4b51bfd97,infra.huilerie_inventaire_pollution,ff1ecfa5-5c0f-4bd9-9034-2f0ff0fefb8b,e45a0cc9-04fd-4df3-88d5-16a1658f0fb3,0.0,0.9250,DUPLICATE_EXACT,jebal zarhoune,jebal zarhoune,Mghassiyine,Mghassiyine,HUILERIE,infra.huilerie_inventaire_pollution,MANUAL_REVIEW_REQUIRED,1,PENDING,distance=0.00m; nom=1.00; commune=1.00; priorite=5
e60088e9-cf94-4e41-ae65-a5390866b4b8,63484f40-7ac7-46f5-9e48-7ee4bfe26337,55e28373-26c2-416e-9c19-0500d4d971e2,infra.huilerie_inventaire_pollution,097736b4-8598-4137-a245-dc6b86ef60d1,580e15af-403e-49ca-9e62-6c6eda5473e5,0.0,0.9250,DUPLICATE_EXACT,Kerouach,Kerouach,LAQSIR,LAQSIR,HUILERIE,infra.huilerie_inventaire_pollution,MANUAL_REVIEW_REQUIRED,1,PENDING,distance=0.00m; nom=1.00; commune=1.00; priorite=5
e60088e9-cf94-4e41-ae65-a5390866b4b8,ad7bc246-8352-4df5-84b1-f7622a0c45b9,27045aef-dd57-4640-a53b-cb86ca57aee6,infra.huilerie_inventaire_pollution,56099f43-0c77-4b61-be44-4a992f1aa260,c8025731-f3d7-44af-9046-78a77c06b054,0.0,0.9250,DUPLICATE_EXACT,Khadouri,Khadouri,Nzalat Beni Amar,Nzalat Beni Amar,HUILERIE,infra.huilerie_inventaire_pollution,MANUAL_REVIEW_REQUIRED,1,PENDING,distance=0.00m; nom=1.00; commune=1.00; priorite=5
e60088e9-cf94-4e41-ae65-a5390866b4b8,be8a2232-199f-40f1-8414-cdc550de482b,595f5cc3-fbfc-4846-be90-16b7c32c4f32,infra.huilerie_inventaire_pollution,2a1d384b-8bf3-40bf-9d5b-5e0eb8888c9c,fdc1f951-02ec-4548-8c26-d8975e303e05,0.0,0.9250,DUPLICATE_EXACT,Khanchaoui Driss,Khanchaoui Driss,M'HAYA,M'HAYA,HUILERIE,infra.huilerie_inventaire_pollution,MANUAL_REVIEW_REQUIRED,1,PENDING,distance=0.00m; nom=1.00; commune=1.00; priorite=5
e60088e9-cf94-4e41-ae65-a5390866b4b8,b3f92f1a-712e-4900-b9ec-1bc48572f62e,ff1f76db-2e21-4c60-bd08-790843943c34,infra.huilerie_inventaire_pollution,a52a46a1-b758-44de-9ca2-f26482e4600b,bfe05d90-ac73-46d4-ad20-64ace4d3e218,0.0,0.9250,DUPLICATE_EXACT,KHANCHAOUI MOHAMED,KHANCHAOUI MOHAMED,OUAD JDIDA,OUAD JDIDA,HUILERIE,infra.huilerie_inventaire_pollution,MANUAL_REVIEW_REQUIRED,1,PENDING,distance=0.00m; nom=1.00; commune=1.00; priorite=5
e60088e9-cf94-4e41-ae65-a5390866b4b8,c2be31c7-8b95-49e1-90b6-bf407efd0844,bbdc36a6-7007-4e6f-83b6-43cb318f63ba,infra.huilerie_inventaire_pollution,d1845ec0-25be-4071-9e9d-5bdf2061febf,670575b0-8244-4668-a485-268fcfe60b72,0.0,0.9250,DUPLICATE_EXACT,Lahlou (Ben Labiad),Lahlou (Ben Labiad),N'ZALAT BNI AMAR,N'ZALAT BNI AMAR,HUILERIE,infra.huilerie_inventaire_pollution,MANUAL_REVIEW_REQUIRED,1,PENDING,distance=0.00m; nom=1.00; commune=1.00; priorite=5
e60088e9-cf94-4e41-ae65-a5390866b4b8,dd708318-a6f5-4e23-9325-ac5329a3288d,2358a412-e4b5-45c6-bbba-cd0d28f38561,infra.huilerie_inventaire_pollution,ebd313fb-06e4-493d-956c-fdc98425b131,f8f48c41-fed4-4c41-a473-1c9932843618,0.0,0.9250,DUPLICATE_EXACT,Laouinat (jarbi Malika),Laouinat (jarbi Malika),N'ZALAT BNI AMAR,N'ZALAT BNI AMAR,HUILERIE,infra.huilerie_inventaire_pollution,MANUAL_REVIEW_REQUIRED,1,PENDING,distance=0.00m; nom=1.00; commune=1.00; priorite=5
e60088e9-cf94-4e41-ae65-a5390866b4b8,7c18a971-379a-447d-a291-6b598f235815,bd30f19b-a4ba-4a57-8fe7-d0c3e8b37ecb,infra.huilerie_inventaire_pollution,11920ceb-628f-45cb-9edf-b22920dba08c,c9fb96a7-9c73-4fca-872f-e609acd14ff2,0.0,0.9250,DUPLICATE_EXACT,Les deux domaine,Les deux domaine,Had ait mimoun,Had ait mimoun,HUILERIE,infra.huilerie_inventaire_pollution,MANUAL_REVIEW_REQUIRED,1,PENDING,distance=0.00m; nom=1.00; commune=1.00; priorite=5
e60088e9-cf94-4e41-ae65-a5390866b4b8,3d6f988f-7b7f-46a5-ae6b-20607831b8cd,eb13c4a4-7f91-4542-a77d-11b26f8c8d09,infra.huilerie_inventaire_pollution,0552b4c8-e8af-4cf7-a5c6-26de66180891,6dfc9a71-4a64-438c-8dea-25c0bb4b9271,0.0,0.9250,DUPLICATE_EXACT,Les huileries de Saiss,Les huileries de Saiss,LAQSIR,LAQSIR,HUILERIE,infra.huilerie_inventaire_pollution,MANUAL_REVIEW_REQUIRED,1,PENDING,distance=0.00m; nom=1.00; commune=1.00; priorite=5
e60088e9-cf94-4e41-ae65-a5390866b4b8,0e7d6d42-2e93-494c-8317-3b1667586c67,2743f0bf-bdea-47fc-8c22-15cc4a7137c3,infra.huilerie_inventaire_pollution,96886809-04f9-467d-afc1-01ca0b36f125,6ffab696-7e78-43a4-9927-a28e29cae370,0.0,0.9250,DUPLICATE_EXACT,Lhaj Abdessalam,Lhaj Abdessalam,Mokrisset,Mokrisset,HUILERIE,infra.huilerie_inventaire_pollution,MANUAL_REVIEW_REQUIRED,1,PENDING,distance=0.00m; nom=1.00; commune=1.00; priorite=5
e60088e9-cf94-4e41-ae65-a5390866b4b8,cbd779ca-eda1-4559-9d18-73e0041b4efd,3abaf7c0-6b46-49cd-bde0-dc19a9f2c59a,infra.huilerie_inventaire_pollution,178fc39e-ec91-46af-bdc5-530b9c796cca,2feb3889-620f-493b-89fb-2f388f748c35,0.0,0.9250,DUPLICATE_EXACT,Lhaj GARDA Lahcen,Lhaj GARDA Lahcen,El Bibane,El Bibane,HUILERIE,infra.huilerie_inventaire_pollution,MANUAL_REVIEW_REQUIRED,1,PENDING,distance=0.00m; nom=1.00; commune=1.00; priorite=5
e60088e9-cf94-4e41-ae65-a5390866b4b8,a5591a99-4ed9-4bd1-83b7-d3038b7ad28c,60762813-8192-403a-9e38-eb510a4539c1,infra.huilerie_inventaire_pollution,e375a1fa-8990-4a1d-baee-1b65dc761556,977726c6-86a4-42c8-8aea-07c6b2b46225,0.0,0.9250,DUPLICATE_EXACT,Lkhaydar Ahmed,Lkhaydar Ahmed,M'HAYA,M'HAYA,HUILERIE,infra.huilerie_inventaire_pollution,MANUAL_REVIEW_REQUIRED,1,PENDING,distance=0.00m; nom=1.00; commune=1.00; priorite=5
e60088e9-cf94-4e41-ae65-a5390866b4b8,93bf26c5-daf6-4559-bd7b-dcdef87040f2,7fcf9857-988b-4581-be3a-5df468f773c1,infra.huilerie_inventaire_pollution,f6a5ac87-1701-4169-8416-3a43b787f056,65322e9a-b892-4ff6-b45a-24e433dc5f3e,0.0,0.9250,DUPLICATE_EXACT,Maasra abbouz,Maasra abbouz,Ait saghouchen,Ait saghouchen,HUILERIE,infra.huilerie_inventaire_pollution,MANUAL_REVIEW_REQUIRED,1,PENDING,distance=0.00m; nom=1.00; commune=1.00; priorite=5
e60088e9-cf94-4e41-ae65-a5390866b4b8,b77c9f5d-992a-42c7-8647-4fdaf7192f54,b5729023-1002-4d12-b649-16c809e4fbf4,infra.huilerie_inventaire_pollution,5b869dd8-4bb5-4f0c-aac1-4210965d6873,1310851d-4168-4451-bc8e-bf1f0469d300,0.0,0.9250,DUPLICATE_EXACT,Lmt taza,Lmt taza,Taza,Taza,HUILERIE,infra.huilerie_inventaire_pollution,MANUAL_REVIEW_REQUIRED,1,PENDING,distance=0.00m; nom=1.00; commune=1.00; priorite=5
e60088e9-cf94-4e41-ae65-a5390866b4b8,b381e7d8-8735-4049-a817-bc6a408eeda7,f78653bc-a7b5-42d5-8f0e-1d968cc36c5f,infra.huilerie_inventaire_pollution,59d1382d-dd63-4add-9e9f-3286710a50ba,72bde6ed-a382-42ec-8665-339004136c6c,0.0,0.9250,DUPLICATE_EXACT,M'tioua nabat,M'tioua nabat,Bni frassen,Bni frassen,HUILERIE,infra.huilerie_inventaire_pollution,MANUAL_REVIEW_REQUIRED,1,PENDING,distance=0.00m; nom=1.00; commune=1.00; priorite=5
e60088e9-cf94-4e41-ae65-a5390866b4b8,a5b2cd4f-389c-47be-8fbc-357af149680d,267ab8b6-5837-4623-b05d-e96d3c73c281,infra.huilerie_inventaire_pollution,e8d3cc01-a1c0-4e61-a558-5aa85986123d,97d8fa7d-8693-4a2a-a701-c4bfe3294bb9,0.0,0.9250,DUPLICATE_EXACT,Maaroufi,Maaroufi,Dkhissa,Dkhissa,HUILERIE,infra.huilerie_inventaire_pollution,MANUAL_REVIEW_REQUIRED,1,PENDING,distance=0.00m; nom=1.00; commune=1.00; priorite=5
e60088e9-cf94-4e41-ae65-a5390866b4b8,a85a1fa1-77a1-4402-a125-7f74ef66fd6f,4ca1d01a-a3c8-4b0f-a44d-b4d68f12ddc9,infra.huilerie_inventaire_pollution,7fa9fe15-c3e3-465d-b8e7-d34dfa763961,41128b7c-4675-403d-8750-289dc0c24159,0.0,0.9250,DUPLICATE_EXACT,MAASARA AIT KRAT (Ait Aziz),MAASARA AIT KRAT (Ait Aziz),SEBT JAHJOUH,SEBT JAHJOUH,HUILERIE,infra.huilerie_inventaire_pollution,MANUAL_REVIEW_REQUIRED,1,PENDING,distance=0.00m; nom=1.00; commune=1.00; priorite=5
e60088e9-cf94-4e41-ae65-a5390866b4b8,d39d85aa-c138-4d7e-824f-b455458f7668,e0151e7f-a067-4fb7-a404-d2e32de24008,infra.huilerie_inventaire_pollution,ff410ddc-4216-4f6b-9f11-da2cf99df2ea,09ab132e-3a7a-44d0-b087-cadb570fdbc5,0.0,0.9250,DUPLICATE_EXACT,Maasra abbadi,Maasra abbadi,Galdamane,Galdamane,HUILERIE,infra.huilerie_inventaire_pollution,MANUAL_REVIEW_REQUIRED,1,PENDING,distance=0.00m; nom=1.00; commune=1.00; priorite=5
e60088e9-cf94-4e41-ae65-a5390866b4b8,6191014b-cb16-41eb-b42c-7f32a8ba4509,05972b1d-751d-495f-97f5-17df28a27838,infra.huilerie_inventaire_pollution,e4f6dad5-1617-441f-8941-16dc2ea53176,ba967e28-b8d9-4ea1-bf36-15ab2af274cf,0.0,0.9250,DUPLICATE_EXACT,"maasra Adarissa
","maasra Adarissa
",Ait Bouyahya Hajjama,Ait Bouyahya Hajjama,HUILERIE,infra.huilerie_inventaire_pollution,MANUAL_REVIEW_REQUIRED,1,PENDING,distance=0.00m; nom=1.00; commune=1.00; priorite=5
e60088e9-cf94-4e41-ae65-a5390866b4b8,37db81ab-a64d-4faf-be76-e93f18e708f1,690bcd87-83c5-497b-ac4e-8564b4cc9737,infra.huilerie_inventaire_pollution,e1eefe06-1497-48d2-8f33-704a7707d023,ff046558-dc25-4f96-ac61-2a47bdb96013,0.0,0.9250,DUPLICATE_EXACT,Maasra bachari,Maasra bachari,Galdamane,Galdamane,HUILERIE,infra.huilerie_inventaire_pollution,MANUAL_REVIEW_REQUIRED,1,PENDING,distance=0.00m; nom=1.00; commune=1.00; priorite=5
e60088e9-cf94-4e41-ae65-a5390866b4b8,4648079a-0d0d-49b8-afc6-aaee9b9712cc,84ba4b73-d315-47f5-ad08-58cf0025bbdc,infra.huilerie_inventaire_pollution,f14c738d-327f-4d34-a8ac-e8adff0b125d,bd989f86-0c28-40d7-807a-99857a6a9d98,0.0,0.9250,DUPLICATE_EXACT,Maasra brachma (azoughari),Maasra brachma (azoughari),Skoura m'daz,Skoura m'daz,HUILERIE,infra.huilerie_inventaire_pollution,MANUAL_REVIEW_REQUIRED,1,PENDING,distance=0.00m; nom=1.00; commune=1.00; priorite=5
e60088e9-cf94-4e41-ae65-a5390866b4b8,906ee170-e905-4e98-9df2-44144ce971dd,e00b9210-f93e-49f6-8883-ad460a6e0c7c,infra.huilerie_inventaire_pollution,0ed2565d-a057-483f-8028-7d8ba9b456f7,bca7c5f5-fe82-42b3-be7e-94fee875d52e,0.0,0.9250,DUPLICATE_EXACT,maasra Charradi,maasra Charradi,MAJMAA TOLBA,MAJMAA TOLBA,HUILERIE,infra.huilerie_inventaire_pollution,MANUAL_REVIEW_REQUIRED,1,PENDING,distance=0.00m; nom=1.00; commune=1.00; priorite=5
e60088e9-cf94-4e41-ae65-a5390866b4b8,4229a24f-d018-40f1-a63d-c94fc0a254ae,b3a93ede-d9e3-441e-900e-0a7cff5ba7a6,infra.huilerie_inventaire_pollution,86371ea3-fc6d-4204-a9b7-bd318c4074f7,e90ca716-6e52-46b7-aa08-78d99904b3e3,0.0,0.9250,DUPLICATE_EXACT,Maasra el asri,Maasra el asri,Ait saghouchen,Ait saghouchen,HUILERIE,infra.huilerie_inventaire_pollution,MANUAL_REVIEW_REQUIRED,1,PENDING,distance=0.00m; nom=1.00; commune=1.00; priorite=5
e60088e9-cf94-4e41-ae65-a5390866b4b8,15a447e3-fb49-42d0-8089-8e57222bfee1,f264d8b2-6253-4511-ab51-91d91d7f3adc,infra.huilerie_inventaire_pollution,c16eaa91-261f-4a73-aa6f-1ca2d1f062f8,2f402137-b9d1-44e5-ba64-a83719dd3a84,0.0,0.9250,DUPLICATE_EXACT,maasra El bahli,maasra El bahli,MAJMAA TOLBA,MAJMAA TOLBA,HUILERIE,infra.huilerie_inventaire_pollution,MANUAL_REVIEW_REQUIRED,1,PENDING,distance=0.00m; nom=1.00; commune=1.00; priorite=5
e60088e9-cf94-4e41-ae65-a5390866b4b8,c55afef6-81ab-40a2-9b23-147c34a92246,60fbf07e-46c5-4769-97cf-9b01bb17120e,infra.huilerie_inventaire_pollution,8ff122d2-bb6a-4d4b-a530-cb0f64322ded,b091fb9f-e02f-4e9d-92f0-4ef9eb0de5ad,0.0,0.9250,DUPLICATE_EXACT,Maasra el kajj,Maasra el kajj,Ait saghouchen,Ait saghouchen,HUILERIE,infra.huilerie_inventaire_pollution,MANUAL_REVIEW_REQUIRED,1,PENDING,distance=0.00m; nom=1.00; commune=1.00; priorite=5
e60088e9-cf94-4e41-ae65-a5390866b4b8,1dbae79b-5b8e-477c-8f7b-997cd7eea4e5,fd02ab18-5575-4b8a-8879-0e05a58d3edf,infra.huilerie_inventaire_pollution,c0680c66-2556-4d3b-9c86-c3c87591e18e,7a504086-ca69-45d6-8662-e989ebd3e918,0.0,0.9250,DUPLICATE_EXACT,Maasra Fatima Oukanza,Maasra Fatima Oukanza,Skoura m'daz,Skoura m'daz,HUILERIE,infra.huilerie_inventaire_pollution,MANUAL_REVIEW_REQUIRED,1,PENDING,distance=0.00m; nom=1.00; commune=1.00; priorite=5
e60088e9-cf94-4e41-ae65-a5390866b4b8,000f0ec3-b98b-4387-b775-e468d588bd3d,54599398-6816-4d30-90d9-9ae2527598cb,infra.huilerie_inventaire_pollution,389d1f52-b24f-4893-903f-2f674de18d17,4fccccf0-b176-4017-a973-f520808eb853,0.0,0.9250,DUPLICATE_EXACT,Maasra Haj Molid,Maasra Haj Molid,Ait Bourzouine,Ait Bourzouine,HUILERIE,infra.huilerie_inventaire_pollution,MANUAL_REVIEW_REQUIRED,1,PENDING,distance=0.00m; nom=1.00; commune=1.00; priorite=5
e60088e9-cf94-4e41-ae65-a5390866b4b8,8ce2278e-a31b-4eec-bdea-0612d77b86d9,c8917b2c-6a74-4049-a01a-06bf1f69eaa1,infra.huilerie_inventaire_pollution,8c76430f-d497-47ba-88b2-d440d02cc7f0,a2e22201-0e16-492e-8499-69e6db48edb0,0.0,0.9250,DUPLICATE_EXACT,maasra Hajjaj,maasra Hajjaj,Ait Bouyahya Hajjama,Ait Bouyahya Hajjama,HUILERIE,infra.huilerie_inventaire_pollution,MANUAL_REVIEW_REQUIRED,1,PENDING,distance=0.00m; nom=1.00; commune=1.00; priorite=5
e60088e9-cf94-4e41-ae65-a5390866b4b8,420c23c9-ab0f-4145-91d7-50bd3299299e,c2181031-edd5-435c-b01b-6cfced04a98c,infra.huilerie_inventaire_pollution,cec564e5-0702-4d9e-8987-8039a83490ac,3f6310d8-259f-4f22-b244-1a2654e94620,0.0,0.9250,DUPLICATE_EXACT,maasra Ichou,maasra Ichou,MAJMAA TOLBA,MAJMAA TOLBA,HUILERIE,infra.huilerie_inventaire_pollution,MANUAL_REVIEW_REQUIRED,1,PENDING,distance=0.00m; nom=1.00; commune=1.00; priorite=5
e60088e9-cf94-4e41-ae65-a5390866b4b8,33b7a5c4-fef7-4813-961d-912778030c82,5a2ed6e4-a0f4-4c27-9fa2-6556a859628c,infra.huilerie_inventaire_pollution,aca8fbc3-0704-44a1-8204-e845505f3252,f62215f5-bc95-413d-8f3b-fa2236237230,0.0,0.9250,DUPLICATE_EXACT,Maasra Idhrine Boutamjine,Maasra Idhrine Boutamjine,Skoura m'daz,Skoura m'daz,HUILERIE,infra.huilerie_inventaire_pollution,MANUAL_REVIEW_REQUIRED,1,PENDING,distance=0.00m; nom=1.00; commune=1.00; priorite=5
e60088e9-cf94-4e41-ae65-a5390866b4b8,40a427b3-03f3-4e35-8982-cefa7b28cb48,93414e43-ecd9-4955-9d18-bcae1dd3a8f9,infra.huilerie_inventaire_pollution,a362819f-f6d9-41fe-a6dd-2ac328e6e144,fa2686e3-22ac-4552-995d-c4ac2132f81c,0.0,0.9250,DUPLICATE_EXACT,Maasra ikhouane berrada,Maasra ikhouane berrada,Bni ftah,Bni ftah,HUILERIE,infra.huilerie_inventaire_pollution,MANUAL_REVIEW_REQUIRED,1,PENDING,distance=0.00m; nom=1.00; commune=1.00; priorite=5
e60088e9-cf94-4e41-ae65-a5390866b4b8,76743ced-5a6a-45e2-a693-4ab85fb8fe6e,06c84296-3220-426c-8e6f-e2b819b0c634,infra.huilerie_inventaire_pollution,b0976842-c088-4765-8f68-975c513cc938,61bc49a0-b588-464d-a9b6-fed69b41c730,0.0,0.9250,DUPLICATE_EXACT,Maasra ksili abdessalam,Maasra ksili abdessalam,Bni ftah,Bni ftah,HUILERIE,infra.huilerie_inventaire_pollution,MANUAL_REVIEW_REQUIRED,1,PENDING,distance=0.00m; nom=1.00; commune=1.00; priorite=5
e60088e9-cf94-4e41-ae65-a5390866b4b8,1fba1c18-891d-4c31-ba9b-24829ba05919,f3945d08-3b15-46a1-8626-e76f7ff09530,infra.huilerie_inventaire_pollution,a017874b-7c21-4507-8616-f8bb2c975f32,3e251efe-ed61-46c4-bcf0-c24a1f4cfbf3,0.0,0.9250,DUPLICATE_EXACT,Maasra Lamkhantar,Maasra Lamkhantar,Ait ourbil,Ait ourbil,HUILERIE,infra.huilerie_inventaire_pollution,MANUAL_REVIEW_REQUIRED,1,PENDING,distance=0.00m; nom=1.00; commune=1.00; priorite=5
e60088e9-cf94-4e41-ae65-a5390866b4b8,49d6290c-1684-48a0-8529-b2a9d2ebe8bc,2251e1b6-f32b-4c91-8ff8-0f4e0d337fd1,infra.huilerie_inventaire_pollution,c8424341-d4b1-4ac8-b0b3-1f28c25bd202,c728f827-f39a-40ce-b7b4-e89761a4be8d,0.0,0.9250,DUPLICATE_EXACT,Maasra med bouayadi,Maasra med bouayadi,Skoura m'daz,Skoura m'daz,HUILERIE,infra.huilerie_inventaire_pollution,MANUAL_REVIEW_REQUIRED,1,PENDING,distance=0.00m; nom=1.00; commune=1.00; priorite=5
e60088e9-cf94-4e41-ae65-a5390866b4b8,e9013f96-ffd5-4649-bdd7-9549f5ba1c80,f4590fc5-3395-446f-a0fa-4b8ac1a0e081,infra.huilerie_inventaire_pollution,501c9fca-fcda-4e26-a8a0-94b02669169e,43aca9b5-f809-47b7-83b4-cf3a6f765a34,0.0,0.9250,DUPLICATE_EXACT,Maasra OLEA Capital,Maasra OLEA Capital,Sebt Jahjouh,Sebt Jahjouh,HUILERIE,infra.huilerie_inventaire_pollution,MANUAL_REVIEW_REQUIRED,1,PENDING,distance=0.00m; nom=1.00; commune=1.00; priorite=5
e60088e9-cf94-4e41-ae65-a5390866b4b8,07a28bbc-bec0-4fb2-ba78-43f37b9ada9f,968f0ec9-45d8-44e4-941d-6e69d4e06d74,infra.huilerie_inventaire_pollution,e1fc3007-81e6-4924-806c-fd05b1c9efb6,940780fb-0245-4da3-9d63-f936f6f9c6eb,0.0,0.9250,DUPLICATE_EXACT,Maasra oum errabia,Maasra oum errabia,Sebt Jahjouh,Sebt Jahjouh,HUILERIE,infra.huilerie_inventaire_pollution,MANUAL_REVIEW_REQUIRED,1,PENDING,distance=0.00m; nom=1.00; commune=1.00; priorite=5
e60088e9-cf94-4e41-ae65-a5390866b4b8,757f7a55-0ad6-40d1-949c-658ee4dc4199,1843a836-202d-4a3c-a8af-d93d17d75e9a,infra.huilerie_inventaire_pollution,4c6e0673-c67f-4063-a263-8f02a4f6c01b,5e69cb88-ff38-4ee2-90d4-6ce0261def8a,0.0,0.9250,DUPLICATE_EXACT,Maasra Talaa,Maasra Talaa,Sabaa ayoun,Sabaa ayoun,HUILERIE,infra.huilerie_inventaire_pollution,MANUAL_REVIEW_REQUIRED,1,PENDING,distance=0.00m; nom=1.00; commune=1.00; priorite=5
e60088e9-cf94-4e41-ae65-a5390866b4b8,d88b3637-51c0-48ba-a1c8-7d30a7db8a77,dbaf1315-3b0c-4a43-afa2-5da307dec5fb,infra.huilerie_inventaire_pollution,29e28bf2-397e-49b4-9356-5f1330899e24,eb2718a9-ce48-4c82-b85b-3ccbc1058a3e,0.0,0.9250,DUPLICATE_EXACT,Maasra tfazza,Maasra tfazza,Bni frassen,Bni frassen,HUILERIE,infra.huilerie_inventaire_pollution,MANUAL_REVIEW_REQUIRED,1,PENDING,distance=0.00m; nom=1.00; commune=1.00; priorite=5
e60088e9-cf94-4e41-ae65-a5390866b4b8,0a06cb40-9a0f-469f-b9ce-5c17d935adb9,f1c6ee30-c0ad-422b-8459-5c068c5afda0,infra.huilerie_inventaire_pollution,a92cf610-0255-4919-9ad7-6b74c5f312cd,3713dc14-4589-4d48-90ca-56bc594e0aa0,0.0,0.9250,DUPLICATE_EXACT,maasra Zaakour,maasra Zaakour,MAJMAA TOLBA,MAJMAA TOLBA,HUILERIE,infra.huilerie_inventaire_pollution,MANUAL_REVIEW_REQUIRED,1,PENDING,distance=0.00m; nom=1.00; commune=1.00; priorite=5
e60088e9-cf94-4e41-ae65-a5390866b4b8,e950813c-b6f0-4469-83e2-796f3177277c,4e87b8ef-dd1d-4b6d-a787-1f64d51f4fce,infra.huilerie_inventaire_pollution,89c73fe8-2165-475d-8092-2c6b83fa363f,02af4b57-1117-4e70-bcce-3c884cdeb143,0.0,0.9250,DUPLICATE_EXACT,Madrar,Madrar,Bni lent,Bni lent,HUILERIE,infra.huilerie_inventaire_pollution,MANUAL_REVIEW_REQUIRED,1,PENDING,distance=0.00m; nom=1.00; commune=1.00; priorite=5
e60088e9-cf94-4e41-ae65-a5390866b4b8,9cf48258-6804-4131-a74e-06467bdd287c,8165f2c3-17d2-435b-a077-c14edaadd2cb,infra.huilerie_inventaire_pollution,a1469984-05d5-41ff-b5fc-8aca4eb05a86,774a0e8e-fde9-4434-aca8-c595da997109,0.0,0.9250,DUPLICATE_EXACT,Majmat yaakoubi,Majmat yaakoubi,Bab marzouka,Bab marzouka,HUILERIE,infra.huilerie_inventaire_pollution,MANUAL_REVIEW_REQUIRED,1,PENDING,distance=0.00m; nom=1.00; commune=1.00; priorite=5
e60088e9-cf94-4e41-ae65-a5390866b4b8,b4c8067d-5d9e-43c2-a72c-eaa4d07eccc0,17b93f76-8ef7-4fe1-8c67-0ea1ced6cb37,infra.huilerie_inventaire_pollution,bda46e13-f345-4361-afc5-b2b83e15db86,6c2ebbd5-56d1-4cbf-bd1c-e5934ab34667,0.0,0.9250,DUPLICATE_EXACT,Masmouda Alaasria,Masmouda Alaasria,Masmouda,Masmouda,HUILERIE,infra.huilerie_inventaire_pollution,MANUAL_REVIEW_REQUIRED,1,PENDING,distance=0.00m; nom=1.00; commune=1.00; priorite=5
e60088e9-cf94-4e41-ae65-a5390866b4b8,dd76f819-3967-45ad-8f8a-8bf1428ce7ef,dcd7ec18-1882-4d4f-b846-c625e1563d82,infra.huilerie_inventaire_pollution,51f29343-75fe-4c8c-b961-4417e5e08f3f,98e01d87-fc89-4716-8693-0b936fab9c09,0.0,0.9250,DUPLICATE_EXACT,Massra dahmani,Massra dahmani,Ait saghouchen,Ait saghouchen,HUILERIE,infra.huilerie_inventaire_pollution,MANUAL_REVIEW_REQUIRED,1,PENDING,distance=0.00m; nom=1.00; commune=1.00; priorite=5
e60088e9-cf94-4e41-ae65-a5390866b4b8,b0011160-ee08-4d50-999a-4011d4345dd2,7f8ae161-08c7-4952-8224-34b1e5833b7b,infra.huilerie_inventaire_pollution,ce63e1dc-28b1-4607-b170-de19cbbc85e8,60f06414-85a5-4e78-8606-661b57c15474,0.0,0.9250,DUPLICATE_EXACT,Massra machkour,Massra machkour,Ait saghouchen,Ait saghouchen,HUILERIE,infra.huilerie_inventaire_pollution,MANUAL_REVIEW_REQUIRED,1,PENDING,distance=0.00m; nom=1.00; commune=1.00; priorite=5
e60088e9-cf94-4e41-ae65-a5390866b4b8,f97563f6-0a68-45e9-abb0-f47b5b854fed,91999eb2-80f1-4270-9a02-646ef2a85094,infra.huilerie_inventaire_pollution,893c31a3-e6d6-4d3c-a1c3-c315438eeaa2,64086148-6453-42ce-9f4f-c5f71cdfb625,0.0,0.9250,DUPLICATE_EXACT,Mchachti,Mchachti,Bourd,Bourd,HUILERIE,infra.huilerie_inventaire_pollution,MANUAL_REVIEW_REQUIRED,1,PENDING,distance=0.00m; nom=1.00; commune=1.00; priorite=5
e60088e9-cf94-4e41-ae65-a5390866b4b8,71d1ff97-dc96-459c-b46b-2e5f4d43cb22,5184936e-a9eb-4a60-b08b-907d31304c87,infra.huilerie_inventaire_pollution,c0d7dfe5-a74e-47db-9c78-b9ee1caced97,ee37a1eb-40c7-4c1a-97ce-f7ec286a366d,0.0,0.9250,DUPLICATE_EXACT,Mimouna,Mimouna,Meknassa alcharqia,Meknassa alcharqia,HUILERIE,infra.huilerie_inventaire_pollution,MANUAL_REVIEW_REQUIRED,1,PENDING,distance=0.00m; nom=1.00; commune=1.00; priorite=5
e60088e9-cf94-4e41-ae65-a5390866b4b8,1ca02117-c90e-424b-9a2c-c213534dbcb8,258dac97-5599-43e1-9ab2-162130fbf2c5,infra.huilerie_inventaire_pollution,e4d2a889-5020-4571-a676-8a8b4f64c1db,ce833b55-92c4-44c8-8e14-2aa492ab0853,0.0,0.9250,DUPLICATE_EXACT,Moderne jerri,Moderne jerri,Had ait mimoun,Had ait mimoun,HUILERIE,infra.huilerie_inventaire_pollution,MANUAL_REVIEW_REQUIRED,1,PENDING,distance=0.00m; nom=1.00; commune=1.00; priorite=5
e60088e9-cf94-4e41-ae65-a5390866b4b8,5e8f3891-7ac9-40e2-b841-ec545c6557ce,674f10bb-d6bb-4243-be48-3c799eb33bed,infra.huilerie_inventaire_pollution,cbbf4e3a-ebe8-445a-aff3-99898080d2b6,9df4df8f-0b5b-4f98-849c-6e3b0cec8913,0.0,0.9250,DUPLICATE_EXACT,Mohamed El Kahira,Mohamed El Kahira,MU Agourai,MU Agourai,HUILERIE,infra.huilerie_inventaire_pollution,MANUAL_REVIEW_REQUIRED,1,PENDING,distance=0.00m; nom=1.00; commune=1.00; priorite=5
e60088e9-cf94-4e41-ae65-a5390866b4b8,955d1a58-fdcc-4a98-9fd8-9a6cab38de81,24d52ef5-5c6e-4c1f-9e91-143d9822b1b0,infra.huilerie_inventaire_pollution,b90a9e9f-dbd1-4b01-a46d-1cd5252d88d9,7382768a-dae2-4f6e-827e-3e2d34a09d04,0.0,0.9250,DUPLICATE_EXACT,Mohamed Hallami,Mohamed Hallami,MGHASSIYINE,MGHASSIYINE,HUILERIE,infra.huilerie_inventaire_pollution,MANUAL_REVIEW_REQUIRED,1,PENDING,distance=0.00m; nom=1.00; commune=1.00; priorite=5
e60088e9-cf94-4e41-ae65-a5390866b4b8,43325949-2d95-4a2b-81ba-d96c90b946c9,6d1561bc-0bcb-4f46-b234-5e1dd9fd0372,infra.huilerie_inventaire_pollution,b40e4048-732f-46dc-a58b-321cc39508d9,feb3b5de-1796-4326-b854-c2572f4ad816,0.0,0.9250,DUPLICATE_EXACT,Mohamed Mokhlis,Mohamed Mokhlis,Ain Chkef;,Ain Chkef;,HUILERIE,infra.huilerie_inventaire_pollution,MANUAL_REVIEW_REQUIRED,1,PENDING,distance=0.00m; nom=1.00; commune=1.00; priorite=5
e60088e9-cf94-4e41-ae65-a5390866b4b8,b67ffcc1-66b0-45f0-9806-e8908efc35ec,fb158b58-12e1-4479-a552-b2d8d704a9ae,infra.huilerie_inventaire_pollution,3cab3fff-fe25-4739-907e-7d49c8710987,4af7e5ac-e338-481e-884f-6cafa45e35a6,0.0,0.9250,DUPLICATE_EXACT,Mohamed Yaakoubi,Mohamed Yaakoubi,AIT HARZ ALLAH,AIT HARZ ALLAH,HUILERIE,infra.huilerie_inventaire_pollution,MANUAL_REVIEW_REQUIRED,1,PENDING,distance=0.00m; nom=1.00; commune=1.00; priorite=5
e60088e9-cf94-4e41-ae65-a5390866b4b8,3d466201-2c4e-401b-afcf-3fa845412b78,c3b70bdb-3aa8-4234-886a-c325d4a9116c,infra.huilerie_inventaire_pollution,da3b590c-58e2-40bd-9fa6-da1c4f0baa5a,298fdc58-a6f7-4c5d-bd1a-fff7b275a642,0.0,0.9250,DUPLICATE_EXACT,Mouatassim Abderrahmane,Mouatassim Abderrahmane,El Bibane,El Bibane,HUILERIE,infra.huilerie_inventaire_pollution,MANUAL_REVIEW_REQUIRED,1,PENDING,distance=0.00m; nom=1.00; commune=1.00; priorite=5
e60088e9-cf94-4e41-ae65-a5390866b4b8,4bdeeacb-ce17-4db9-9e35-244ca4eb43f7,b9914a36-5ed8-4174-b7d8-e447fe23903c,infra.huilerie_inventaire_pollution,09d625b1-3288-450f-a749-65ec20b51750,f530c473-2a3e-4ff3-aa75-7f16b52c5e12,0.0,0.9250,DUPLICATE_EXACT,Mr ELARDI SAID,Mr ELARDI SAID,AGHBALOU AQORAR,AGHBALOU AQORAR,HUILERIE,infra.huilerie_inventaire_pollution,MANUAL_REVIEW_REQUIRED,1,PENDING,distance=0.00m; nom=1.00; commune=1.00; priorite=5
e60088e9-cf94-4e41-ae65-a5390866b4b8,c13aa081-32ea-4f4f-a325-7066788eabfe,ccfdff05-8f8c-41ae-81a5-d4314bb76bfa,infra.huilerie_inventaire_pollution,25e68a9c-7d60-4654-b1d8-7696cd83e9b9,f01e09e1-75f5-4843-b799-8b0567804a58,0.0,0.9250,DUPLICATE_EXACT,Mrilo,Mrilo,Bni frassen,Bni frassen,HUILERIE,infra.huilerie_inventaire_pollution,MANUAL_REVIEW_REQUIRED,1,PENDING,distance=0.00m; nom=1.00; commune=1.00; priorite=5
e60088e9-cf94-4e41-ae65-a5390866b4b8,de86e166-5198-4d7e-9975-bb415e43dca7,80d80dee-9c5f-4f27-8e88-e341106c14bd,infra.huilerie_inventaire_pollution,6347bf13-eb57-46ab-a917-c0d8519dd2fe,21980f05-094c-4bba-8ff6-9d0a073f2dd9,0.0,0.9250,DUPLICATE_EXACT,Mustafa El Bakri,Mustafa El Bakri,M'HAYA,M'HAYA,HUILERIE,infra.huilerie_inventaire_pollution,MANUAL_REVIEW_REQUIRED,1,PENDING,distance=0.00m; nom=1.00; commune=1.00; priorite=5
e60088e9-cf94-4e41-ae65-a5390866b4b8,747f5448-6667-4db3-970e-e92d8cbfcad2,7440293b-156d-4fea-9ebf-9a498783ff3a,infra.huilerie_inventaire_pollution,25ab5955-66ac-4fa6-a5b1-bad28bd60a2d,7a50b65b-b7fb-428e-af08-41027a6b0830,0.0,0.9250,DUPLICATE_EXACT,Nader Thami,Nader Thami,Ras El Oued,Ras El Oued,HUILERIE,infra.huilerie_inventaire_pollution,MANUAL_REVIEW_REQUIRED,1,PENDING,distance=0.00m; nom=1.00; commune=1.00; priorite=5
e60088e9-cf94-4e41-ae65-a5390866b4b8,84a2ece5-0172-40ab-a7d6-56f58d54199e,e7e7ed50-ab63-4dde-acb3-d7e5b7eef4a0,infra.huilerie_inventaire_pollution,c4be9cf6-652e-465a-8c1a-f6fcd9adcc9a,775c2363-8bbd-4c34-8489-bfa570963269,0.0,0.9250,DUPLICATE_EXACT,Non-connue,Non-connue,Abdelghaya souahel,Abdelghaya souahel,HUILERIE,infra.huilerie_inventaire_pollution,MANUAL_REVIEW_REQUIRED,1,PENDING,distance=0.00m; nom=1.00; commune=1.00; priorite=5
e60088e9-cf94-4e41-ae65-a5390866b4b8,0832b4e8-6b13-4bb4-bf79-439e972874db,ea216cab-0922-4f99-80ac-1c89413bd9aa,infra.huilerie_inventaire_pollution,032e2456-923f-4efc-b077-0e2fca1c558d,ab5f8b69-913c-4e5c-a06d-91a3432f3611,0.0,0.9250,DUPLICATE_EXACT,Non-connue 01,Non-connue 01,Matmata,Matmata,HUILERIE,infra.huilerie_inventaire_pollution,MANUAL_REVIEW_REQUIRED,1,PENDING,distance=0.00m; nom=1.00; commune=1.00; priorite=5
e60088e9-cf94-4e41-ae65-a5390866b4b8,b5e2d2b5-e39f-4f21-99cd-7ab3eab81d09,d905970c-f4ec-46fc-917c-db81808b9a01,infra.huilerie_inventaire_pollution,058f195d-81ac-4042-9ccd-75a9f031bf13,c483f161-8c1c-4a5e-96c9-1740ee5bafd3,0.0,0.9250,DUPLICATE_EXACT,Non-connue 02,Non-connue 02,Matmata,Matmata,HUILERIE,infra.huilerie_inventaire_pollution,MANUAL_REVIEW_REQUIRED,1,PENDING,distance=0.00m; nom=1.00; commune=1.00; priorite=5
e60088e9-cf94-4e41-ae65-a5390866b4b8,52aa2837-9320-4f16-ae7a-9153dab06df6,65aea001-bbe3-477c-b5fe-a768433c789e,infra.huilerie_inventaire_pollution,2eb31526-b6a0-401e-a1d3-beffbde6db42,bbf870e8-97f1-4431-b305-b5e1cd0d5d54,0.0,0.9250,DUPLICATE_EXACT,Non-connue 03,Non-connue 03,Matmata,Matmata,HUILERIE,infra.huilerie_inventaire_pollution,MANUAL_REVIEW_REQUIRED,1,PENDING,distance=0.00m; nom=1.00; commune=1.00; priorite=5
e60088e9-cf94-4e41-ae65-a5390866b4b8,30503d33-60d7-4b2c-b737-6f150f3fbb6c,8cf7d7b7-a2ab-4d7d-b851-78703c17a957,infra.huilerie_inventaire_pollution,82b5b6ef-3dcd-458a-bf53-3cd92d3eed43,1d024e20-3e0e-42aa-9380-40b03d0f8cf8,0.0,0.9250,DUPLICATE_EXACT,Non-connue 04,Non-connue 04,Matmata,Matmata,HUILERIE,infra.huilerie_inventaire_pollution,MANUAL_REVIEW_REQUIRED,1,PENDING,distance=0.00m; nom=1.00; commune=1.00; priorite=5
e60088e9-cf94-4e41-ae65-a5390866b4b8,6e83850e-e5a2-42c9-8f49-1a164934e4a1,f7175720-d165-4135-9ad9-297bfd878c5c,infra.huilerie_inventaire_pollution,301066a9-0164-4b20-9bf3-a2feca3706e0,5b9257a3-fc10-46d2-9e59-6714c4872c83,0.0,0.9250,DUPLICATE_EXACT,Non-connue 1,Non-connue 1,BHALIL,BHALIL,HUILERIE,infra.huilerie_inventaire_pollution,MANUAL_REVIEW_REQUIRED,1,PENDING,distance=0.00m; nom=1.00; commune=1.00; priorite=5
e60088e9-cf94-4e41-ae65-a5390866b4b8,bf1d0383-ff99-415d-b55b-b4516f2f5908,34b71385-79d4-46b3-8b3c-df85b378c434,infra.huilerie_inventaire_pollution,64ad8cc2-6ce2-4e63-9cc0-e6ecea8ddff3,935d8572-85a2-4ca3-aba9-8b877a6a9f99,0.0,0.9250,DUPLICATE_EXACT,Non-connue 2,Non-connue 2,AIN TIMGUENAI,AIN TIMGUENAI,HUILERIE,infra.huilerie_inventaire_pollution,MANUAL_REVIEW_REQUIRED,1,PENDING,distance=0.00m; nom=1.00; commune=1.00; priorite=5
e60088e9-cf94-4e41-ae65-a5390866b4b8,dc525940-7c25-4403-8663-3bfc6d484b69,e133d9b1-5e3f-4723-b7be-cf9163c7b779,infra.huilerie_inventaire_pollution,631a2aa2-aac6-41a9-8a8f-1de1bef77ae0,46b5ed1a-3edc-4f99-8054-b10a148ea321,0.0,0.9250,DUPLICATE_EXACT,Non-connue 3,Non-connue 3,Azzaba,Azzaba,HUILERIE,infra.huilerie_inventaire_pollution,MANUAL_REVIEW_REQUIRED,1,PENDING,distance=0.00m; nom=1.00; commune=1.00; priorite=5
e60088e9-cf94-4e41-ae65-a5390866b4b8,56305b93-f137-4ffd-b641-71f64e86d0fd,32978302-830e-4f25-b4b9-df06a6e4580b,infra.huilerie_inventaire_pollution,29bf1ebe-96d2-4d36-a9e5-0c0e8b3c8ce4,95e27c80-297e-4e0c-8079-66b9d3f3c7a7,0.0,0.9250,DUPLICATE_EXACT,Non-connue 4,Non-connue 4,RIBAT EL KHEIR,RIBAT EL KHEIR,HUILERIE,infra.huilerie_inventaire_pollution,MANUAL_REVIEW_REQUIRED,1,PENDING,distance=0.00m; nom=1.00; commune=1.00; priorite=5
e60088e9-cf94-4e41-ae65-a5390866b4b8,e79d9c5b-9294-4be0-87d9-4fe977d14e4a,419c9f3f-6b96-43ad-99b5-312647a445cb,infra.huilerie_inventaire_pollution,d94e7f29-d3ed-4d53-bca5-9b92a3d4c846,dcef388d-628f-46fe-b796-7223e7afc3a6,0.0,0.9250,DUPLICATE_EXACT,Non-connue 5,Non-connue 5,IGHZRAN,IGHZRAN,HUILERIE,infra.huilerie_inventaire_pollution,MANUAL_REVIEW_REQUIRED,1,PENDING,distance=0.00m; nom=1.00; commune=1.00; priorite=5
e60088e9-cf94-4e41-ae65-a5390866b4b8,4e1c549c-5d4e-4b20-b08a-53cd258a39b4,1ee366db-61b7-4e87-8d67-78307d5716e9,infra.huilerie_inventaire_pollution,ba0a3a8e-a805-475f-8177-14b907833d50,9ba4d3de-1344-4769-842b-853a14ef1012,0.0,0.9250,DUPLICATE_EXACT,Non-connue 6,Non-connue 6,AIN CHEGAG,AIN CHEGAG,HUILERIE,infra.huilerie_inventaire_pollution,MANUAL_REVIEW_REQUIRED,1,PENDING,distance=0.00m; nom=1.00; commune=1.00; priorite=5
e60088e9-cf94-4e41-ae65-a5390866b4b8,1cc6e6b4-1a2c-4492-b6d4-ebc3843927ec,5e0faee4-6e12-4730-9130-1a5ebeb411ff,infra.huilerie_inventaire_pollution,ce229ffa-ddfc-4149-b8ab-455d00aa7825,7962727f-b430-4dd8-8b4f-c0f05dca02dd,0.0,0.9250,DUPLICATE_EXACT,Nour,Nour,Bourd,Bourd,HUILERIE,infra.huilerie_inventaire_pollution,MANUAL_REVIEW_REQUIRED,1,PENDING,distance=0.00m; nom=1.00; commune=1.00; priorite=5
e60088e9-cf94-4e41-ae65-a5390866b4b8,a6d3c38a-59ee-40a8-8329-0ea018f43f4a,9492e543-8c67-48ca-96a6-b1bca7b3f4eb,infra.huilerie_inventaire_pollution,04e6c029-314f-480f-af2d-10933b095599,4fb334c1-7c27-40c2-a79a-52d69cd76984,0.0,0.9250,DUPLICATE_EXACT,OLEA FOOD,OLEA FOOD,OUED JDIDA,OUED JDIDA,HUILERIE,infra.huilerie_inventaire_pollution,MANUAL_REVIEW_REQUIRED,1,PENDING,distance=0.00m; nom=1.00; commune=1.00; priorite=5
e60088e9-cf94-4e41-ae65-a5390866b4b8,6635d544-db4a-4321-bf61-9521040aa70d,7eb3e8c4-707e-439c-a47f-d4f987c368ce,infra.huilerie_inventaire_pollution,170ed4c4-69d8-4639-b024-c690d58c9ef9,96a8eb10-c5a6-45ba-abb9-fb5ecb2d30c8,0.0,0.9250,DUPLICATE_EXACT,OLEA SAISS,OLEA SAISS,MGHASSIYINE,MGHASSIYINE,HUILERIE,infra.huilerie_inventaire_pollution,MANUAL_REVIEW_REQUIRED,1,PENDING,distance=0.00m; nom=1.00; commune=1.00; priorite=5
e60088e9-cf94-4e41-ae65-a5390866b4b8,b3120145-1d1c-496c-bebe-e8be4f708013,a1090649-a09c-449d-a892-af974b685fbf,infra.huilerie_inventaire_pollution,5d0ad6a0-d886-410d-8fc9-f4b9daa4a023,89a9a85e-d72f-43cd-99af-c945368fac07,0.0,0.9250,DUPLICATE_EXACT,Omar ghizlan,Omar ghizlan,M'HAYA,M'HAYA,HUILERIE,infra.huilerie_inventaire_pollution,MANUAL_REVIEW_REQUIRED,1,PENDING,distance=0.00m; nom=1.00; commune=1.00; priorite=5
e60088e9-cf94-4e41-ae65-a5390866b4b8,7d3f63b8-695d-4967-8927-8f9e9a405744,c6b2f54d-fc97-42b2-979f-a4ea11f3dc60,infra.huilerie_inventaire_pollution,23d21ba9-74ff-44ae-99a0-c22b134033a7,3a25f7af-3664-4a19-bcc9-32325dca413d,0.0,0.9250,DUPLICATE_EXACT,Omari Thami,Omari Thami,MGHASSIYINE,MGHASSIYINE,HUILERIE,infra.huilerie_inventaire_pollution,MANUAL_REVIEW_REQUIRED,1,PENDING,distance=0.00m; nom=1.00; commune=1.00; priorite=5
e60088e9-cf94-4e41-ae65-a5390866b4b8,c7d11ddd-54a6-4d61-8d4f-eb1c2c3dee74,5d0d7a2f-6f27-4589-a63d-c2409544a4c4,infra.huilerie_inventaire_pollution,c852abdb-b393-4244-8f90-b2ebd6f57ba0,a1b39b5f-072e-4573-8ebd-88068c7e683b,0.0,0.9250,DUPLICATE_EXACT,OUAKILI ABDESSAMAD,OUAKILI ABDESSAMAD,Ighzrane,Ighzrane,HUILERIE,infra.huilerie_inventaire_pollution,MANUAL_REVIEW_REQUIRED,1,PENDING,distance=0.00m; nom=1.00; commune=1.00; priorite=5
e60088e9-cf94-4e41-ae65-a5390866b4b8,019d71a6-d802-422d-aa78-8821a5acaf48,9d92ce82-4cb1-403e-b8f3-97279fb0ed73,infra.huilerie_inventaire_pollution,465ecdcd-f429-4f83-9809-825d88d77d37,d67cb4e9-4c48-454d-a4bb-e89f750b0388,0.0,0.9250,DUPLICATE_EXACT,Oudka,Oudka,Oudka,Oudka,HUILERIE,infra.huilerie_inventaire_pollution,MANUAL_REVIEW_REQUIRED,1,PENDING,distance=0.00m; nom=1.00; commune=1.00; priorite=5
e60088e9-cf94-4e41-ae65-a5390866b4b8,359c9c0e-5a32-451d-b263-06222a893acf,83c4afe7-c375-4075-85da-87aeef237232,infra.huilerie_inventaire_pollution,fd70a2fb-772b-45ed-a067-10d20a7930fb,27013b4b-79d6-4596-8a1c-cb5401ecda5d,0.0,0.9250,DUPLICATE_EXACT,OUED NJA,OUED NJA,SBAA ROUADI,SBAA ROUADI,HUILERIE,infra.huilerie_inventaire_pollution,MANUAL_REVIEW_REQUIRED,1,PENDING,distance=0.00m; nom=1.00; commune=1.00; priorite=5
e60088e9-cf94-4e41-ae65-a5390866b4b8,2315eac5-072f-4092-8809-1840bfee9449,e853f28e-14d1-4dfd-a874-ce91506953fb,infra.huilerie_inventaire_pollution,4200e936-2e1d-4f78-8ba4-4a943839984d,aab0a90e-0a2f-41f7-810c-2fbe38357184,0.0,0.9250,DUPLICATE_EXACT,Oulad zbair,Oulad zbair,Oulad zbair,Oulad zbair,HUILERIE,infra.huilerie_inventaire_pollution,MANUAL_REVIEW_REQUIRED,1,PENDING,distance=0.00m; nom=1.00; commune=1.00; priorite=5
e60088e9-cf94-4e41-ae65-a5390866b4b8,d4431ea2-5011-4291-b5f0-514d89ef61ac,9c6f5555-4d9b-43c8-a605-c64f9bb4a4f1,infra.huilerie_inventaire_pollution,0873b721-7b80-49ac-ab62-0032852dfd08,2bfef60e-203f-4c74-8e3f-eccef69ecc03,0.0,0.9250,DUPLICATE_EXACT,Ouled alien,Ouled alien,Ras El Oued,Ras El Oued,HUILERIE,infra.huilerie_inventaire_pollution,MANUAL_REVIEW_REQUIRED,1,PENDING,distance=0.00m; nom=1.00; commune=1.00; priorite=5
e60088e9-cf94-4e41-ae65-a5390866b4b8,8387302a-7842-4fab-b92f-7b0da5b6d08c,26db5e24-bad6-4156-8d04-0a1b579caef8,infra.huilerie_inventaire_pollution,90c8505f-3b0d-42f4-a883-8376a1a209d3,20a65182-a6ce-42e1-81fa-c5f57c97cecb,0.0,0.9250,DUPLICATE_EXACT,Rachid el ghoulami,Rachid el ghoulami,Galaz,Galaz,HUILERIE,infra.huilerie_inventaire_pollution,MANUAL_REVIEW_REQUIRED,1,PENDING,distance=0.00m; nom=1.00; commune=1.00; priorite=5
e60088e9-cf94-4e41-ae65-a5390866b4b8,42221409-f678-4f55-b781-c90a4aa1ec30,7f4773dc-f355-41bb-a432-76174bbb3787,infra.huilerie_inventaire_pollution,e1628dcd-faac-4228-9c84-7daacf9002b6,253f6050-1375-4817-860a-ccdf2b409e9a,0.0,0.9250,DUPLICATE_EXACT,REGRAGI BRAHIM,REGRAGI BRAHIM,Sefrou,Sefrou,HUILERIE,infra.huilerie_inventaire_pollution,MANUAL_REVIEW_REQUIRED,1,PENDING,distance=0.00m; nom=1.00; commune=1.00; priorite=5
e60088e9-cf94-4e41-ae65-a5390866b4b8,f5a90b4b-80d8-4943-ae48-ad8176380e35,b3bca78b-d1f8-4ec1-a905-8bba0d3ec668,infra.huilerie_inventaire_pollution,2c34f77b-a124-4b29-a906-05e1e1349dd2,edb4af25-0c0b-42be-8692-9a346c529a18,0.0,0.9250,DUPLICATE_EXACT,S.I.M.O.O,S.I.M.O.O,Ouazzane,Ouazzane,HUILERIE,infra.huilerie_inventaire_pollution,MANUAL_REVIEW_REQUIRED,1,PENDING,distance=0.00m; nom=1.00; commune=1.00; priorite=5
e60088e9-cf94-4e41-ae65-a5390866b4b8,6d11badf-b74b-440d-bc3c-75a15e9b1b42,70f243c8-7ceb-4bb4-bd19-e505dd2caa65,infra.huilerie_inventaire_pollution,6c1805ca-f58c-42ce-8174-ca34be9aa2f7,b2219be4-b06f-4e3d-b556-5d5070802442,0.0,0.9250,DUPLICATE_EXACT,Scieté Zoyout Mjaara,Scieté Zoyout Mjaara,Teroual,Teroual,HUILERIE,infra.huilerie_inventaire_pollution,MANUAL_REVIEW_REQUIRED,1,PENDING,distance=0.00m; nom=1.00; commune=1.00; priorite=5
e60088e9-cf94-4e41-ae65-a5390866b4b8,e3cc5fc1-a531-4edc-8729-08afcc8b9926,6dde5a3d-9a4f-4d4c-87b4-a30465afcb01,infra.huilerie_inventaire_pollution,7f62e644-c471-4144-93b4-348a71c94c23,74fa3afe-676c-484e-b833-14bb743ea149,0.0,0.9250,DUPLICATE_EXACT,Sebou,Sebou,AGHBALOU AQOURAR,AGHBALOU AQOURAR,HUILERIE,infra.huilerie_inventaire_pollution,MANUAL_REVIEW_REQUIRED,1,PENDING,distance=0.00m; nom=1.00; commune=1.00; priorite=5
e60088e9-cf94-4e41-ae65-a5390866b4b8,523b364f-ae54-483c-8bc8-ea15b78b2a75,ed02cf7d-7347-4020-9641-bc5ad87bba98,infra.huilerie_inventaire_pollution,ae73b68c-34eb-416a-a250-8934e7346dcf,9fdbe928-4c56-4976-91b2-76db5888751e,0.0,0.9250,DUPLICATE_EXACT,Société des Huiles BAKALI,Société des Huiles BAKALI,Loulja,Loulja,HUILERIE,infra.huilerie_inventaire_pollution,MANUAL_REVIEW_REQUIRED,1,PENDING,distance=0.00m; nom=1.00; commune=1.00; priorite=5
e60088e9-cf94-4e41-ae65-a5390866b4b8,68d7b914-2e2a-4a1f-986e-c9f796d895a9,7c5627b4-d576-43ff-8a64-fee1b6213e3b,infra.huilerie_inventaire_pollution,23b36973-21a3-4b2e-967c-cf703f5d8e9c,efd38c21-4d78-4771-a63b-0854015b6503,0.0,0.9250,DUPLICATE_EXACT,Sidi Bousber,Sidi Bousber,Sidi Bousber,Sidi Bousber,HUILERIE,infra.huilerie_inventaire_pollution,MANUAL_REVIEW_REQUIRED,1,PENDING,distance=0.00m; nom=1.00; commune=1.00; priorite=5
e60088e9-cf94-4e41-ae65-a5390866b4b8,31bc1bbb-d3ab-4ee6-8319-d3b70b43b26d,2c56c3ce-9295-422c-9523-9fb149901ecf,infra.huilerie_inventaire_pollution,f3754b5b-9fcc-4583-b988-b43a72ad08dd,8c1046e5-0cf9-4ccf-ab17-320bcc6472ae,0.0,0.9250,DUPLICATE_EXACT,Smimih,Smimih,Zoumi,Zoumi,HUILERIE,infra.huilerie_inventaire_pollution,MANUAL_REVIEW_REQUIRED,1,PENDING,distance=0.00m; nom=1.00; commune=1.00; priorite=5
e60088e9-cf94-4e41-ae65-a5390866b4b8,1d78cead-21e2-4a3c-8340-c2416d3f5c8f,cb21ce02-1d18-4dd0-a875-780ff1efb073,infra.huilerie_inventaire_pollution,e608ec7d-ddde-4483-8e32-9d4c021691d5,ffc2fed2-9c0c-4ed5-bad1-702f61dc6bbb,0.0,0.9250,DUPLICATE_EXACT,Sni Messara,Sni Messara,Sidi Redouane,Sidi Redouane,HUILERIE,infra.huilerie_inventaire_pollution,MANUAL_REVIEW_REQUIRED,1,PENDING,distance=0.00m; nom=1.00; commune=1.00; priorite=5
e60088e9-cf94-4e41-ae65-a5390866b4b8,2db5968d-77c3-44d7-897b-1be469ea3f49,798ef8a2-6957-452d-bf1f-d01edd436d5e,infra.huilerie_inventaire_pollution,4c353470-2453-44e4-8b45-d4dbd994d21b,fd4eedcc-a57c-4185-acff-b5474e361726,0.0,0.9250,DUPLICATE_EXACT,Société  Zitoun,Société  Zitoun,Timezgana,Timezgana,HUILERIE,infra.huilerie_inventaire_pollution,MANUAL_REVIEW_REQUIRED,1,PENDING,distance=0.00m; nom=1.00; commune=1.00; priorite=5
e60088e9-cf94-4e41-ae65-a5390866b4b8,57cce766-5ab8-4316-9c29-9fe33a042c5c,14fdcfdd-42ff-49db-b1b6-e5b1447bcf37,infra.huilerie_inventaire_pollution,5fa67778-9f8a-4c8e-abd2-4b6e8f71c61b,657aea9c-73bd-44ca-9d04-0b0bc552e0e8,0.0,0.9250,DUPLICATE_EXACT,Société AHMIROU,Société AHMIROU,Bouhouda,Bouhouda,HUILERIE,infra.huilerie_inventaire_pollution,MANUAL_REVIEW_REQUIRED,1,PENDING,distance=0.00m; nom=1.00; commune=1.00; priorite=5
e60088e9-cf94-4e41-ae65-a5390866b4b8,6ac8f23c-4826-420c-b039-3a6ed549ade5,f19a0c05-317e-4dab-90ae-9ce315588e43,infra.huilerie_inventaire_pollution,3bde94ad-a4c6-4fae-ac89-85fd097088c8,3ed83482-3632-454e-8fc6-ca36dc7d0529,0.0,0.9250,DUPLICATE_EXACT,Société AHMIROU,Société AHMIROU,Bouhouda,Bouhouda,HUILERIE,infra.huilerie_inventaire_pollution,MANUAL_REVIEW_REQUIRED,1,PENDING,distance=0.00m; nom=1.00; commune=1.00; priorite=5
e60088e9-cf94-4e41-ae65-a5390866b4b8,345524bd-674e-49d8-887f-7c055cfd4765,26abcde1-3f34-4901-842f-ccccd436ab2f,infra.huilerie_inventaire_pollution,c4d73eff-7302-4d69-8bc6-c6d36404f6bf,0e1eee65-fe66-427e-9a01-1f2595339182,0.0,0.9250,DUPLICATE_EXACT,Société BOUSTANE LEMTA,Société BOUSTANE LEMTA,Ain Bouali,Ain Bouali,HUILERIE,infra.huilerie_inventaire_pollution,MANUAL_REVIEW_REQUIRED,1,PENDING,distance=0.00m; nom=1.00; commune=1.00; priorite=5
e60088e9-cf94-4e41-ae65-a5390866b4b8,d2edf13f-a9c7-4375-9e4b-7f6159f72964,71cf8122-ae3d-4c1c-b22c-c44c700dc276,infra.huilerie_inventaire_pollution,dcc64ff6-28b8-48be-a212-c063698e12f5,7009aa34-aed6-4029-8b37-af3c8fb18696,0.0,0.9250,DUPLICATE_EXACT,Société HIHI,Société HIHI,Ain Aicha,Ain Aicha,HUILERIE,infra.huilerie_inventaire_pollution,MANUAL_REVIEW_REQUIRED,1,PENDING,distance=0.00m; nom=1.00; commune=1.00; priorite=5
e60088e9-cf94-4e41-ae65-a5390866b4b8,b4fb12db-e3ec-4a68-b8ba-4d86c92073cb,d4c4f15f-4b14-41c0-ad91-c5ffe26de858,infra.huilerie_inventaire_pollution,213549a5-4905-4ac9-8821-72833dd34d36,e93aae6f-f7cf-4980-b997-026fc9b0b3de,0.0,0.9250,DUPLICATE_EXACT,SOCIETE HSBC,SOCIETE HSBC,AIN TAOUJDATE,AIN TAOUJDATE,HUILERIE,infra.huilerie_inventaire_pollution,MANUAL_REVIEW_REQUIRED,1,PENDING,distance=0.00m; nom=1.00; commune=1.00; priorite=5
e60088e9-cf94-4e41-ae65-a5390866b4b8,fe605357-8927-4d88-979a-c4a47a9f4fec,921c77fc-3989-4574-880a-6031a598e5b2,infra.huilerie_inventaire_pollution,d4687aa7-753a-4a3c-b2a0-981db310c0df,cc61e112-02b7-4170-ac7c-d3d2f482caf6,0.0,0.9250,DUPLICATE_EXACT,Société Huilerie el fahssi,Société Huilerie el fahssi,Sidi Yahya Bni Zarwal,Sidi Yahya Bni Zarwal,HUILERIE,infra.huilerie_inventaire_pollution,MANUAL_REVIEW_REQUIRED,1,PENDING,distance=0.00m; nom=1.00; commune=1.00; priorite=5
e60088e9-cf94-4e41-ae65-a5390866b4b8,e987e179-1ca7-4ada-bea7-9bd12330e35d,eb68517b-0488-49c9-9d31-de18690fd1a3,infra.huilerie_inventaire_pollution,2d7eba00-dade-48b7-92c2-0f455330b5d0,90cff753-118b-4e54-89ce-6d8906805c9a,0.0,0.9250,DUPLICATE_EXACT,Société Huilerie Galaz,Société Huilerie Galaz,Galaz,Galaz,HUILERIE,infra.huilerie_inventaire_pollution,MANUAL_REVIEW_REQUIRED,1,PENDING,distance=0.00m; nom=1.00; commune=1.00; priorite=5
e60088e9-cf94-4e41-ae65-a5390866b4b8,d1c54fb6-7b65-4c45-a52f-baddf0ed39d1,95360741-e35b-4a59-ad9b-9d304055a002,infra.huilerie_inventaire_pollution,89b40154-e8ed-4744-9056-8af944940469,6dcf7611-0613-4eab-8df4-e27963999481,0.0,0.9250,DUPLICATE_EXACT,Société Jnan Zitoun,Société Jnan Zitoun,Timezgana,Timezgana,HUILERIE,infra.huilerie_inventaire_pollution,MANUAL_REVIEW_REQUIRED,1,PENDING,distance=0.00m; nom=1.00; commune=1.00; priorite=5
e60088e9-cf94-4e41-ae65-a5390866b4b8,339aa1a9-83ea-4922-85ca-e5dd4a79596e,be82c5da-c5ee-4521-a7fb-8a01c0fcc520,infra.huilerie_inventaire_pollution,aed73444-3bef-4c01-987e-7e2200addcb4,43528815-00c1-48e7-934f-f290ae228672,0.0,0.9250,DUPLICATE_EXACT,SOCIETE L'OLEASTRE,SOCIETE L'OLEASTRE,MGHASSIYINE,MGHASSIYINE,HUILERIE,infra.huilerie_inventaire_pollution,MANUAL_REVIEW_REQUIRED,1,PENDING,distance=0.00m; nom=1.00; commune=1.00; priorite=5
e60088e9-cf94-4e41-ae65-a5390866b4b8,6044c968-e1e2-4dfd-a23b-444ef6590f93,b83fbebb-6d3d-403f-aca5-09df403d86e4,infra.huilerie_inventaire_pollution,5cbef47c-f4ed-404b-87fc-16c5eb52fe2a,bc1e20c4-a266-4ddd-88cb-611aedd39087,0.0,0.9250,DUPLICATE_EXACT,Société Maghnaoui,Société Maghnaoui,Bouhouda,Bouhouda,HUILERIE,infra.huilerie_inventaire_pollution,MANUAL_REVIEW_REQUIRED,1,PENDING,distance=0.00m; nom=1.00; commune=1.00; priorite=5
e60088e9-cf94-4e41-ae65-a5390866b4b8,9c7b65f5-2cfc-4a10-9a10-c8a91c1c6cea,ddeb87f5-dbb8-49e3-b187-7d24585413d7,infra.huilerie_inventaire_pollution,640db752-74b1-4964-ad48-4c82686a97ea,2ab742ab-ef1d-47f3-9b4d-945ded034222,0.0,0.9250,DUPLICATE_EXACT,SOCIETE NORA,SOCIETE NORA,SABAA AIYOUN,SABAA AIYOUN,HUILERIE,infra.huilerie_inventaire_pollution,MANUAL_REVIEW_REQUIRED,1,PENDING,distance=0.00m; nom=1.00; commune=1.00; priorite=5
e60088e9-cf94-4e41-ae65-a5390866b4b8,9f0fc45a-5245-41c0-824b-71dc500ec1ea,6039938a-eff5-4772-8abe-53709eb1f04d,infra.huilerie_inventaire_pollution,ceb15113-d483-469c-9ef4-fa6f2b0fcf6c,1c520727-5a18-44ce-83fd-db306c80df7e,0.0,0.9250,DUPLICATE_EXACT,societe oudka,societe oudka,Ghafsai,Ghafsai,HUILERIE,infra.huilerie_inventaire_pollution,MANUAL_REVIEW_REQUIRED,1,PENDING,distance=0.00m; nom=1.00; commune=1.00; priorite=5
e60088e9-cf94-4e41-ae65-a5390866b4b8,cee07716-3ae6-4b31-a171-09bc61145c56,c5c28de6-640b-46d3-a2f0-ceeda1114f7b,infra.huilerie_inventaire_pollution,b1efbf25-9926-4d49-b2d8-4b88d89f0b6f,8b72a167-17e9-4b5c-978d-2b7f21d6decf,0.0,0.9250,DUPLICATE_EXACT,Société Ouled Anajate,Société Ouled Anajate,LAQSIR,LAQSIR,HUILERIE,infra.huilerie_inventaire_pollution,MANUAL_REVIEW_REQUIRED,1,PENDING,distance=0.00m; nom=1.00; commune=1.00; priorite=5
e60088e9-cf94-4e41-ae65-a5390866b4b8,4e6c46fb-672d-4088-ad59-bc621370833f,d6c10335-2ed9-4599-9836-9b34f76eafcb,infra.huilerie_inventaire_pollution,5bdd1fd2-0b68-4622-84b5-9b76f71bf381,4dc97b60-c0b2-4ed3-8698-6c9f2a8f6475,0.0,0.9250,DUPLICATE_EXACT,Societé Zoyoute Alwahda,Societé Zoyoute Alwahda,Zghira,Zghira,HUILERIE,infra.huilerie_inventaire_pollution,MANUAL_REVIEW_REQUIRED,1,PENDING,distance=0.00m; nom=1.00; commune=1.00; priorite=5
e60088e9-cf94-4e41-ae65-a5390866b4b8,197e078a-59b4-43b6-864a-f9bbe93be27e,8aeedb04-9056-433d-85a7-627250108a11,infra.huilerie_inventaire_pollution,744782c3-248f-44ef-b1ee-498e4ca66ebd,ab7e9b52-1d4a-48c0-b611-fc35274c05bb,0.0,0.9250,DUPLICATE_EXACT,STE .BOUIBLANE,STE .BOUIBLANE,DAR EL HAMRA,DAR EL HAMRA,HUILERIE,infra.huilerie_inventaire_pollution,MANUAL_REVIEW_REQUIRED,1,PENDING,distance=0.00m; nom=1.00; commune=1.00; priorite=5
e60088e9-cf94-4e41-ae65-a5390866b4b8,9c6786b8-4ee9-4c8a-abb3-dc40f7a7e25c,1bfa2143-9cb5-42a0-931a-9d08f0638a72,infra.huilerie_inventaire_pollution,c95015d0-225b-4103-9642-5b148f78b080,21659462-92e7-48c9-8491-1f8e47abe89c,0.0,0.9250,DUPLICATE_EXACT,Sté agard,Sté agard,Aghbalou akourar,Aghbalou akourar,HUILERIE,infra.huilerie_inventaire_pollution,MANUAL_REVIEW_REQUIRED,1,PENDING,distance=0.00m; nom=1.00; commune=1.00; priorite=5
e60088e9-cf94-4e41-ae65-a5390866b4b8,838c37de-adc1-4ddb-8810-863efe4ce1c9,c6b67fef-f6ff-4f89-9026-0338bfe18937,infra.huilerie_inventaire_pollution,8336a7e6-0af6-4041-9b17-e2251b9247a3,26b97f12-2549-41e7-98d1-654af0b65a09,0.0,0.9250,DUPLICATE_EXACT,Sté agrolia,Sté agrolia,Aghbalou akourar,Aghbalou akourar,HUILERIE,infra.huilerie_inventaire_pollution,MANUAL_REVIEW_REQUIRED,1,PENDING,distance=0.00m; nom=1.00; commune=1.00; priorite=5
e60088e9-cf94-4e41-ae65-a5390866b4b8,9368beb0-e823-4124-bc59-f94992457f87,b26a9fc9-86db-438c-b0db-7da0d29cc831,infra.huilerie_inventaire_pollution,56ff72ed-9b91-4103-a3d7-9ea47f336399,0def6a1f-dd31-4f08-82e9-daf770363ff2,0.0,0.9250,DUPLICATE_EXACT,Sté chajara moubaraka,Sté chajara moubaraka,Oulad chrif,Oulad chrif,HUILERIE,infra.huilerie_inventaire_pollution,MANUAL_REVIEW_REQUIRED,1,PENDING,distance=0.00m; nom=1.00; commune=1.00; priorite=5
e60088e9-cf94-4e41-ae65-a5390866b4b8,bd2d6a02-e6cb-47cb-a5fa-06ffdaa0ae0f,a3294789-fb49-4a4b-a5c2-a8e57ccb3d1a,infra.huilerie_inventaire_pollution,64a32a1a-f1df-4ac3-a3d7-8e8b901097fc,a25e8724-113c-4f95-8592-f9956fc3c1fe,0.0,0.9250,DUPLICATE_EXACT,Sté ech-echouti,Sté ech-echouti,RAS TABOUDA,RAS TABOUDA,HUILERIE,infra.huilerie_inventaire_pollution,MANUAL_REVIEW_REQUIRED,1,PENDING,distance=0.00m; nom=1.00; commune=1.00; priorite=5
e60088e9-cf94-4e41-ae65-a5390866b4b8,c3fc936e-f3b1-4fe1-9aad-48033b1cfa87,984d2d9c-8cdc-4148-b4fa-83b714418035,infra.huilerie_inventaire_pollution,f74e0bb4-669d-449f-b513-d9ab8d55a287,0b071fa1-ea62-423d-8063-c3f79319e268,0.0,0.9250,DUPLICATE_EXACT,Sté ezzahouani,Sté ezzahouani,Aghbalou akourar,Aghbalou akourar,HUILERIE,infra.huilerie_inventaire_pollution,MANUAL_REVIEW_REQUIRED,1,PENDING,distance=0.00m; nom=1.00; commune=1.00; priorite=5
e60088e9-cf94-4e41-ae65-a5390866b4b8,fdab8b94-8e5c-4b09-b3b3-a4b8ee3503d6,48d4a21b-ceb3-4697-8cca-339ea894bf5f,infra.huilerie_inventaire_pollution,e230ad1b-49e1-4412-ba60-7462a6068647,6ca8ffa0-fb6e-446d-8282-f9730e4c2c64,0.0,0.9250,DUPLICATE_EXACT,Sté foukar,Sté foukar,Msila,Msila,HUILERIE,infra.huilerie_inventaire_pollution,MANUAL_REVIEW_REQUIRED,1,PENDING,distance=0.00m; nom=1.00; commune=1.00; priorite=5
e60088e9-cf94-4e41-ae65-a5390866b4b8,626e052f-142d-4510-99e6-b58a53c35452,756f9337-839a-44fd-9669-d7581eda523b,infra.huilerie_inventaire_pollution,1b2243f2-dfda-4a1c-8e88-f59073839aac,a377460c-b728-48d8-b067-b893fd8ebc85,0.0,0.9250,DUPLICATE_EXACT,Ste Hawd,Ste Hawd,Sidi Bousber,Sidi Bousber,HUILERIE,infra.huilerie_inventaire_pollution,MANUAL_REVIEW_REQUIRED,1,PENDING,distance=0.00m; nom=1.00; commune=1.00; priorite=5
e60088e9-cf94-4e41-ae65-a5390866b4b8,eeefa128-bd3f-4065-acf7-e53d7bd82b0c,8fccac9a-cc93-4e5d-83bd-b4cff97065a3,infra.huilerie_inventaire_pollution,adff7bfb-beef-4491-8664-ab1a72b9fdb4,57c80642-d693-4c21-aae6-6854c8a65648,0.0,0.9250,DUPLICATE_EXACT,Sté huile d'olive,Sté huile d'olive,Brarha,Brarha,HUILERIE,infra.huilerie_inventaire_pollution,MANUAL_REVIEW_REQUIRED,1,PENDING,distance=0.00m; nom=1.00; commune=1.00; priorite=5
e60088e9-cf94-4e41-ae65-a5390866b4b8,4b3ae92f-8028-4b4a-aae6-01e4ddc1becb,a0aab1eb-e9d9-48a4-9b29-a9fa03ea0b6b,infra.huilerie_inventaire_pollution,d25553b1-c83d-4389-a31d-14eb3954387f,b566ee6e-7401-414f-8c67-fb5781dd0d81,0.0,0.9250,DUPLICATE_EXACT,Ste Huile d'olive des produits de terroir,Ste Huile d'olive des produits de terroir,Bni Qoulla,Bni Qoulla,HUILERIE,infra.huilerie_inventaire_pollution,MANUAL_REVIEW_REQUIRED,1,PENDING,distance=0.00m; nom=1.00; commune=1.00; priorite=5
e60088e9-cf94-4e41-ae65-a5390866b4b8,5131b5f9-cdab-42f1-974c-c07485cfed5e,3d5bcaad-cb51-425e-aef1-930cecc1812d,infra.huilerie_inventaire_pollution,cb82380d-8a23-4c30-9c16-6fa31cae3662,163544a2-145a-46bd-b391-e7a181fda013,0.0,0.9250,DUPLICATE_EXACT,Ste Huillerie Dalila,Ste Huillerie Dalila,Kalaat Bouqorra,Kalaat Bouqorra,HUILERIE,infra.huilerie_inventaire_pollution,MANUAL_REVIEW_REQUIRED,1,PENDING,distance=0.00m; nom=1.00; commune=1.00; priorite=5
e60088e9-cf94-4e41-ae65-a5390866b4b8,bf35d62f-6f6f-4bca-bc9d-a520e2d3d7f4,e9621fa2-5406-4fa7-855b-852aa593a9c4,infra.huilerie_inventaire_pollution,8c4d69cf-8fe1-4f50-a710-af69132f398d,97511e7f-0331-4933-ba12-f5fd7da43a61,0.0,0.9250,DUPLICATE_EXACT,Sté johako,Sté johako,Bni ammart,Bni ammart,HUILERIE,infra.huilerie_inventaire_pollution,MANUAL_REVIEW_REQUIRED,1,PENDING,distance=0.00m; nom=1.00; commune=1.00; priorite=5
e60088e9-cf94-4e41-ae65-a5390866b4b8,c27545c3-1596-4e1c-aa50-ba48b2245072,653486fc-69ed-4259-a587-e221c40a1292,infra.huilerie_inventaire_pollution,68ed5074-2bb4-45d4-9c63-c976b21bb4c4,3bbef397-dc02-4f96-b746-d176a93542f9,0.0,0.9250,DUPLICATE_EXACT,Ste SONEPRA,Ste SONEPRA,N'ZALAT BNI AMAR,N'ZALAT BNI AMAR,HUILERIE,infra.huilerie_inventaire_pollution,MANUAL_REVIEW_REQUIRED,1,PENDING,distance=0.00m; nom=1.00; commune=1.00; priorite=5
e60088e9-cf94-4e41-ae65-a5390866b4b8,14b07b5f-8709-4ef6-9c8f-fb7809c61b7d,d13f6981-fc12-49b5-85dc-d6e0670fdffc,infra.huilerie_inventaire_pollution,518caa13-d536-4dde-8d72-38a0daed85a0,c2fd620b-f424-4aff-b36a-72ae3dfad573,0.0,0.9250,DUPLICATE_EXACT,Sté taiba huiles,Sté taiba huiles,Bir tamtam,Bir tamtam,HUILERIE,infra.huilerie_inventaire_pollution,MANUAL_REVIEW_REQUIRED,1,PENDING,distance=0.00m; nom=1.00; commune=1.00; priorite=5
e60088e9-cf94-4e41-ae65-a5390866b4b8,44746e72-e503-40d6-9a28-a7add4e4f846,6c0d91aa-d05c-4026-9c54-59404555ad18,infra.huilerie_inventaire_pollution,add4e150-4111-4455-83f0-70ea78049ef2,44c70989-5b3c-473e-8d1d-b3fe2ef935fe,0.0,0.9250,DUPLICATE_EXACT,Sté wafa,Sté wafa,Bab marzouka,Bab marzouka,HUILERIE,infra.huilerie_inventaire_pollution,MANUAL_REVIEW_REQUIRED,1,PENDING,distance=0.00m; nom=1.00; commune=1.00; priorite=5
e60088e9-cf94-4e41-ae65-a5390866b4b8,c4c66aa8-f81f-426a-acc3-62faf0c01931,5c1c7670-8569-4eba-a7df-90ed49ac76fb,infra.huilerie_inventaire_pollution,621ecc6c-2b6d-4d94-89fe-3ddfdd4844c8,930dc301-8e55-4819-b905-18577a2026c4,0.0,0.9250,DUPLICATE_EXACT,"STE,ZOYOUT MABROUKA","STE,ZOYOUT MABROUKA",AIN CHEGGAG,AIN CHEGGAG,HUILERIE,infra.huilerie_inventaire_pollution,MANUAL_REVIEW_REQUIRED,1,PENDING,distance=0.00m; nom=1.00; commune=1.00; priorite=5
e60088e9-cf94-4e41-ae65-a5390866b4b8,f8d0e706-e8db-4102-b57b-2bb692a85a5a,40441f2d-4f60-44cc-9ab0-bcd8dbc15777,infra.huilerie_inventaire_pollution,18da2c13-5ba0-4839-92c1-0c34c577cdec,2db962ed-b31c-47a9-acad-105cfdbaca12,0.0,0.9250,DUPLICATE_EXACT,STE.HOLDING DE TRAITEMENT D'OLIVE,STE.HOLDING DE TRAITEMENT D'OLIVE,AQADDAR,AQADDAR,HUILERIE,infra.huilerie_inventaire_pollution,MANUAL_REVIEW_REQUIRED,1,PENDING,distance=0.00m; nom=1.00; commune=1.00; priorite=5
e60088e9-cf94-4e41-ae65-a5390866b4b8,5c4a69c6-d6f9-4fe9-920f-9acc47fcbd67,1cc1d521-e4c3-4cde-a116-5165c5fad91e,infra.huilerie_inventaire_pollution,21471e96-d637-4a0d-ab02-8791feb7eb2c,b39a1804-d79a-4101-afe1-91c5ada4d78b,0.0,0.9250,DUPLICATE_EXACT,STE.MABROUKA CHAYMA(ADBAR),STE.MABROUKA CHAYMA(ADBAR),RAS IJERRI,RAS IJERRI,HUILERIE,infra.huilerie_inventaire_pollution,MANUAL_REVIEW_REQUIRED,1,PENDING,distance=0.00m; nom=1.00; commune=1.00; priorite=5
e60088e9-cf94-4e41-ae65-a5390866b4b8,70f5d87f-cf5a-4452-a89f-78bfcb17aff4,8bd38723-37bc-4645-a2e1-e9cc9edf3500,infra.huilerie_inventaire_pollution,38bf9ed7-9186-43d0-982b-0e9742a8cd72,a79614df-4685-4116-9a2f-3541dc522632,0.0,0.9250,DUPLICATE_EXACT,STE.OLIVIER NORD,STE.OLIVIER NORD,oulad mkoudou,oulad mkoudou,HUILERIE,infra.huilerie_inventaire_pollution,MANUAL_REVIEW_REQUIRED,1,PENDING,distance=0.00m; nom=1.00; commune=1.00; priorite=5
e60088e9-cf94-4e41-ae65-a5390866b4b8,251306ad-685e-4f46-a961-2cde39b61fb6,e5791627-f9dc-4287-87df-80f4ad84e104,infra.huilerie_inventaire_pollution,12ae8874-1ead-4eaa-b538-737059c61442,1e7bd290-3da8-4b33-9ec0-a0d6a1cd4b80,0.0,0.9250,DUPLICATE_EXACT,SVCM,SVCM,Sabaa ayoun,Sabaa ayoun,HUILERIE,infra.huilerie_inventaire_pollution,MANUAL_REVIEW_REQUIRED,1,PENDING,distance=0.00m; nom=1.00; commune=1.00; priorite=5
e60088e9-cf94-4e41-ae65-a5390866b4b8,67f2893f-1fbd-41a0-80ca-435e58bdf41a,729ffaf4-e5e7-497d-908e-af106950315e,infra.huilerie_inventaire_pollution,9dc1cb3a-8954-4e91-8c53-e4e5d079c4ff,db501611-ddce-4b5c-bc57-9034d7b06998,0.0,0.9250,DUPLICATE_EXACT,Taghzouti,Taghzouti,Tissa,Tissa,HUILERIE,infra.huilerie_inventaire_pollution,MANUAL_REVIEW_REQUIRED,1,PENDING,distance=0.00m; nom=1.00; commune=1.00; priorite=5
e60088e9-cf94-4e41-ae65-a5390866b4b8,cf1dc727-44df-423b-a5c6-d96a7347be4b,e01a463c-f267-431f-84c4-3cd5a247af10,infra.huilerie_inventaire_pollution,725434c0-8f8b-4977-8b8e-365fb3b19014,837d337f-0329-471f-b855-a7bb13b66a8e,0.0,0.9250,DUPLICATE_EXACT,THAMI KACEMI,THAMI KACEMI,Dkhissa,Dkhissa,HUILERIE,infra.huilerie_inventaire_pollution,MANUAL_REVIEW_REQUIRED,1,PENDING,distance=0.00m; nom=1.00; commune=1.00; priorite=5
e60088e9-cf94-4e41-ae65-a5390866b4b8,c3fec264-7a2e-4514-a765-60c07f58f7c8,904abd97-a2e4-476a-b1c8-f3045f72606a,infra.huilerie_inventaire_pollution,e3e94f99-c5c5-4370-a620-11343838cbf5,454e06d7-2460-4a3f-b6bd-3007b4480e4a,0.0,0.9250,DUPLICATE_EXACT,Tizin tayda,Tizin tayda,Oulad chrif,Oulad chrif,HUILERIE,infra.huilerie_inventaire_pollution,MANUAL_REVIEW_REQUIRED,1,PENDING,distance=0.00m; nom=1.00; commune=1.00; priorite=5
e60088e9-cf94-4e41-ae65-a5390866b4b8,5f65a1b0-8ffc-40f3-9767-9f6d35b78a2d,beafebc3-ccad-4836-a085-c0d488577eda,infra.huilerie_inventaire_pollution,364b0aa0-4f22-4812-946a-60b831346bac,9fb547f2-a36d-4111-a78d-b71ad5bd36a7,0.0,0.9250,DUPLICATE_EXACT,Zarik,Zarik,Oued amlil,Oued amlil,HUILERIE,infra.huilerie_inventaire_pollution,MANUAL_REVIEW_REQUIRED,1,PENDING,distance=0.00m; nom=1.00; commune=1.00; priorite=5
e60088e9-cf94-4e41-ae65-a5390866b4b8,8ec7b6a4-b7ee-4c3e-b064-7dbec52ad3ff,c6d52572-5d59-4aa3-9049-f491a1fad4de,infra.huilerie_inventaire_pollution,1bf2ac88-7600-4a26-aada-e1b12174e92a,08f36f4f-d37d-4797-bbd9-47d2d1d4805c,0.0,0.9250,DUPLICATE_EXACT,Zayt Zarhoun,Zayt Zarhoun,MGHASSIYINE,MGHASSIYINE,HUILERIE,infra.huilerie_inventaire_pollution,MANUAL_REVIEW_REQUIRED,1,PENDING,distance=0.00m; nom=1.00; commune=1.00; priorite=5
e60088e9-cf94-4e41-ae65-a5390866b4b8,a94e9dac-88a8-4346-bc3d-d7fb8be1997a,8d8d52e0-838f-49ae-aa8a-1f1edf528a47,infra.huilerie_inventaire_pollution,ded8cf95-42cc-4c2a-8bdd-5cf131694efb,e1cbf4f2-84f9-470b-a191-5a0c2a01c7e3,0.0,0.9250,DUPLICATE_EXACT,Zeit Jbala,Zeit Jbala,Bni Qoulla,Bni Qoulla,HUILERIE,infra.huilerie_inventaire_pollution,MANUAL_REVIEW_REQUIRED,1,PENDING,distance=0.00m; nom=1.00; commune=1.00; priorite=5
e60088e9-cf94-4e41-ae65-a5390866b4b8,2c823d19-f181-4c25-b2df-8ac613ec31ba,b6f87214-bc14-4cb5-bfe2-dc011e453df5,infra.huilerie_inventaire_pollution,57c2050a-6626-4f9f-975e-89b61f999c4d,3227e0cc-9633-442c-a682-9aa1e6b09e8c,0.0,0.9250,DUPLICATE_EXACT,Zemouri huilerie,Zemouri huilerie,M'HAYA,M'HAYA,HUILERIE,infra.huilerie_inventaire_pollution,MANUAL_REVIEW_REQUIRED,1,PENDING,distance=0.00m; nom=1.00; commune=1.00; priorite=5
e60088e9-cf94-4e41-ae65-a5390866b4b8,bde60ccd-acbd-4eb8-8627-9f449537b722,e4154592-a69e-4f7f-9850-5a474975fcf5,infra.huilerie_inventaire_pollution,468292df-bf36-485b-b589-fedf7558d2c0,8b08cd41-a4fe-4253-b3ca-1d798b74f715,0.0,0.9250,DUPLICATE_EXACT,Zit Zitoun Al Baraka,Zit Zitoun Al Baraka,SBAA ROUADI,SBAA ROUADI,HUILERIE,infra.huilerie_inventaire_pollution,MANUAL_REVIEW_REQUIRED,1,PENDING,distance=0.00m; nom=1.00; commune=1.00; priorite=5
e60088e9-cf94-4e41-ae65-a5390866b4b8,55c8448a-975f-49c3-b649-d2587506ee2b,0e85ca69-e337-400d-ad05-188bcd0a1953,infra.huilerie_inventaire_pollution,7f708a5e-69ab-4740-be51-54408c4e9ef0,bf980225-b178-4da7-a69a-7ea3eb449c14,0.0,0.9250,DUPLICATE_EXACT,ZITOUNE ATLAS,ZITOUNE ATLAS,SIDI YOUSEF BEN HMED,SIDI YOUSEF BEN HMED,HUILERIE,infra.huilerie_inventaire_pollution,MANUAL_REVIEW_REQUIRED,1,PENDING,distance=0.00m; nom=1.00; commune=1.00; priorite=5
e60088e9-cf94-4e41-ae65-a5390866b4b8,e3bc0c9d-7c87-45be-8ba1-bd28fff57fd4,6eb36cae-a2ae-4039-b64e-c2471af3c5fa,infra.huilerie_inventaire_pollution,0443c315-e530-45b3-ac35-848320addc46,e7cf790f-9f8c-44f9-8bc8-cd749fbe7677,0.0,0.9250,DUPLICATE_EXACT,Zmaro ikhwan,Zmaro ikhwan,Bouchfaa,Bouchfaa,HUILERIE,infra.huilerie_inventaire_pollution,MANUAL_REVIEW_REQUIRED,1,PENDING,distance=0.00m; nom=1.00; commune=1.00; priorite=5
e60088e9-cf94-4e41-ae65-a5390866b4b8,a03312ae-4b83-491a-8726-5c53406ee076,7298eff1-6b13-4f80-a5be-27607a464d15,infra.huilerie_inventaire_pollution,aea4288a-f794-41d1-bb55-b27aa54fd8e1,a30e7cc4-c49c-4dd7-9ed8-95ab6fe79b05,0.0,0.9250,DUPLICATE_EXACT,Zolati,Zolati,Oued amlil,Oued amlil,HUILERIE,infra.huilerie_inventaire_pollution,MANUAL_REVIEW_REQUIRED,1,PENDING,distance=0.00m; nom=1.00; commune=1.00; priorite=5
e60088e9-cf94-4e41-ae65-a5390866b4b8,1aebeeb9-3e15-47b7-acfa-8e92b23a4e75,af1e49d4-b932-4c02-a5d7-53b953c4e643,infra.huilerie_inventaire_pollution,180fd65c-3e92-4d2d-ba6e-f7fe4df2dba2,e7668cf1-2a4f-4ead-adc1-9c1cf1ac1fdd,0.0,0.9250,DUPLICATE_EXACT,Zoumi,Zoumi,Zoumi,Zoumi,HUILERIE,infra.huilerie_inventaire_pollution,MANUAL_REVIEW_REQUIRED,1,PENDING,distance=0.00m; nom=1.00; commune=1.00; priorite=5
e60088e9-cf94-4e41-ae65-a5390866b4b8,ba09b9fd-280b-41b7-9ae2-5be40dda04f9,d4b6114e-2967-4a40-868b-d3b54079bb12,infra.huilerie_inventaire_pollution,9e0ccb3c-951e-47b8-ab6e-c1f60909db93,6c322d08-8313-4cf3-8156-0aa13bfdbfca,0.0,0.9250,DUPLICATE_EXACT,Zouyout Ain Barda,Zouyout Ain Barda,El Bibane,El Bibane,HUILERIE,infra.huilerie_inventaire_pollution,MANUAL_REVIEW_REQUIRED,1,PENDING,distance=0.00m; nom=1.00; commune=1.00; priorite=5
e60088e9-cf94-4e41-ae65-a5390866b4b8,2b02d434-4067-4fe4-be99-46c5707a5f4b,fb6f96f6-73f7-44cc-8a1e-366fc33a1a93,infra.huilerie_inventaire_pollution,352c103c-8603-44ea-8670-62db93842b77,17d0b5c4-bf0c-4d40-a282-409c5fdff535,0.0,0.9250,DUPLICATE_EXACT,Zouyout Ain Barda 2,Zouyout Ain Barda 2,El Bibane,El Bibane,HUILERIE,infra.huilerie_inventaire_pollution,MANUAL_REVIEW_REQUIRED,1,PENDING,distance=0.00m; nom=1.00; commune=1.00; priorite=5
e60088e9-cf94-4e41-ae65-a5390866b4b8,c8a611cf-d19b-43c5-a058-5d1273c70c2a,ad3de3df-fc42-46e3-b380-e5e31a479de3,infra.huilerie_inventaire_pollution,ff6efe1c-5df0-4f50-9959-63451c290c76,fbfcfcbb-a262-4edf-aa1d-2faecddf1581,0.0,0.9250,DUPLICATE_EXACT,Zoyout Chefchaouen,Zoyout Chefchaouen,Mokrisset,Mokrisset,HUILERIE,infra.huilerie_inventaire_pollution,MANUAL_REVIEW_REQUIRED,1,PENDING,distance=0.00m; nom=1.00; commune=1.00; priorite=5
e60088e9-cf94-4e41-ae65-a5390866b4b8,25c5035d-eab5-4900-aaf3-97d0ee57f494,e098873b-3e34-431a-ae65-34463dc145cf,infra.huilerie_inventaire_pollution,b515620c-68c5-4b91-816c-e78868576939,dc3fdeb2-8e08-44a3-ad26-e985e2e701a3,0.0,0.9250,DUPLICATE_EXACT,Zoyout el maghrib,Zoyout el maghrib,Ras El Oued,Ras El Oued,HUILERIE,infra.huilerie_inventaire_pollution,MANUAL_REVIEW_REQUIRED,1,PENDING,distance=0.00m; nom=1.00; commune=1.00; priorite=5
e60088e9-cf94-4e41-ae65-a5390866b4b8,22d95173-b6a5-4d29-bb16-0d3ad99d05c3,50926702-8cb9-41be-b920-ad2c4af306c0,infra.huilerie_inventaire_pollution,03b7696b-acfc-4bb9-88ac-1c5a4a159a34,b562d28b-c0a0-4536-8cef-71b9b1a39e6f,0.0,0.7536,DUPLICATE_EXACT,Huilerie Domaine El Gour,Huilerie Ait hssi ouali,Ait Boubidmane,Ait Boubidmane,HUILERIE,infra.huilerie_inventaire_pollution,MANUAL_REVIEW_REQUIRED,1,PENDING,distance=0.00m; nom=0.14; commune=1.00; priorite=5
e60088e9-cf94-4e41-ae65-a5390866b4b8,c2fbec00-7435-48f2-b11a-1c2ba70a0dee,d1058475-dc80-4d7c-a832-e5a6b64eb53e,infra.huilerie,48,be88f6d2-95c7-4e13-946f-fe93a81ddd34,0.0,0.7400,DUPLICATE_EXACT,Huilerie Zouhri ,Huilerie Zouhri,,Sabaa ayoun,HUILERIE,infra.huilerie_inventaire_pollution,MANUAL_REVIEW_REQUIRED,1,PENDING,distance=0.00m; nom=1.00; commune=0.00; priorite=4
e60088e9-cf94-4e41-ae65-a5390866b4b8,156b3304-6b18-4639-b515-6a763b80eccc,8e383d4b-8487-4737-bc14-34705114dcdf,infra.huilerie,49,91010e7e-94c2-4894-b565-2573063f598b,0.0,0.7400,DUPLICATE_EXACT,Huilerie El Hajoui Ikhouane,Huilerie El Hajoui Ikhouane,,Sabaa ayoun,HUILERIE,infra.huilerie_inventaire_pollution,MANUAL_REVIEW_REQUIRED,1,PENDING,distance=0.00m; nom=1.00; commune=0.00; priorite=4
e60088e9-cf94-4e41-ae65-a5390866b4b8,742a6bab-7d46-4049-8eef-fbf28a622082,6710c9ad-0cf8-48fb-b031-fb6eed732b30,infra.huilerie,50,1e7bd290-3da8-4b33-9ec0-a0d6a1cd4b80,0.0,0.7400,DUPLICATE_EXACT,SVCM,SVCM,,Sabaa ayoun,HUILERIE,infra.huilerie_inventaire_pollution,MANUAL_REVIEW_REQUIRED,1,PENDING,distance=0.00m; nom=1.00; commune=0.00; priorite=4
e60088e9-cf94-4e41-ae65-a5390866b4b8,2e60caa6-2d16-43b5-86eb-4eb7d2705ee3,2efff5a2-640d-4e03-9057-8748377882b1,infra.huilerie,56,2ab742ab-ef1d-47f3-9b4d-945ded034222,0.0,0.7400,DUPLICATE_EXACT,SOCIETE NORA,SOCIETE NORA,,SABAA AIYOUN,HUILERIE,infra.huilerie_inventaire_pollution,MANUAL_REVIEW_REQUIRED,1,PENDING,distance=0.00m; nom=1.00; commune=0.00; priorite=4
e60088e9-cf94-4e41-ae65-a5390866b4b8,32b42eff-57d4-4cb8-b1c0-9611951a61dd,6eb4b878-78b2-4d70-b42c-488c9d743989,infra.huilerie,477,04fda84a-3599-44b9-b7cd-5c840aa358ff,0.0,0.7400,DUPLICATE_EXACT,Ste kenza amour et fils -SKAEF-,Ste kenza amour et fils -SKAEF-,,,HUILERIE,infra.huilerie_inventaire_pollution,MANUAL_REVIEW_REQUIRED,1,PENDING,distance=0.00m; nom=1.00; commune=0.00; priorite=4
e60088e9-cf94-4e41-ae65-a5390866b4b8,ccaceafe-3589-4adc-86cb-edceec95a3d0,58497675-c950-4e2f-9fc1-f7616dd333ad,infra.huilerie,478,7a560c6b-1342-458b-b936-b178b98485e9,0.0,0.7400,DUPLICATE_EXACT,sohna1,sohna1,,,HUILERIE,infra.huilerie_inventaire_pollution,MANUAL_REVIEW_REQUIRED,1,PENDING,distance=0.00m; nom=1.00; commune=0.00; priorite=4
e60088e9-cf94-4e41-ae65-a5390866b4b8,b9b178f0-6b73-43d0-bd06-61d28c0aefbc,49e36b0d-a580-4d1f-9ec7-058fb145d3ba,infra.huilerie,479,f3673005-fe22-4b9d-9123-5f4e366f5f29,0.0,0.7400,DUPLICATE_EXACT,sohna2,sohna2,,,HUILERIE,infra.huilerie_inventaire_pollution,MANUAL_REVIEW_REQUIRED,1,PENDING,distance=0.00m; nom=1.00; commune=0.00; priorite=4
e60088e9-cf94-4e41-ae65-a5390866b4b8,6441718b-362b-44da-a5e7-7db882d46cd4,2c651261-c4d3-4c35-bf95-db9a8bb2d911,infra.huilerie,481,0510b632-f6dc-4ba8-a265-8dc21a9015a5,0.0,0.7400,DUPLICATE_EXACT,Ste Al Houda,Ste Al Houda,,,HUILERIE,infra.huilerie_inventaire_pollution,MANUAL_REVIEW_REQUIRED,1,PENDING,distance=0.00m; nom=1.00; commune=0.00; priorite=4
e60088e9-cf94-4e41-ae65-a5390866b4b8,85326ad1-da07-4258-8e59-9df2dc3f52ca,00e2e16c-01e9-427d-af35-5da0c2808cc9,infra.huilerie,483,7b49b22b-ce5b-4dae-b638-e90767dc05e4,0.0,0.7400,DUPLICATE_EXACT,Anas Sebti,Anas Sebti,,,HUILERIE,infra.huilerie_inventaire_pollution,MANUAL_REVIEW_REQUIRED,1,PENDING,distance=0.00m; nom=1.00; commune=0.00; priorite=4
e60088e9-cf94-4e41-ae65-a5390866b4b8,049b8496-1e7a-46a7-9965-2917b2734991,401bcdae-ecce-4bdb-bc67-099daf4cb634,infra.huilerie,484,a897b614-1afb-4bd8-9537-585a2dc91032,0.0,0.7400,DUPLICATE_EXACT,Ste MEDAGRO,Ste MEDAGRO,,,HUILERIE,infra.huilerie_inventaire_pollution,MANUAL_REVIEW_REQUIRED,1,PENDING,distance=0.00m; nom=1.00; commune=0.00; priorite=4
e60088e9-cf94-4e41-ae65-a5390866b4b8,7ef2f6e3-7f9d-4cfa-889f-e1d72142ad8a,471414b3-d43e-4e33-abdf-45b5dd0422e3,infra.huilerie,487,6eee0d0c-daa6-4deb-bce8-a109b5ca5d22,0.0,0.7400,DUPLICATE_EXACT,SICOC 1,SICOC 1,,,HUILERIE,infra.huilerie_inventaire_pollution,MANUAL_REVIEW_REQUIRED,1,PENDING,distance=0.00m; nom=1.00; commune=0.00; priorite=4
e60088e9-cf94-4e41-ae65-a5390866b4b8,7828dabc-6d9b-4c61-8f3d-5c4909def54a,804a2bc4-1d2e-4d16-8acd-3e32d0f5ca51,infra.huilerie,488,5dc9fcdf-845d-4ecf-9c9b-b8ead1eed11d,0.0,0.7400,DUPLICATE_EXACT,SICOC 2,SICOC 2,,,HUILERIE,infra.huilerie_inventaire_pollution,MANUAL_REVIEW_REQUIRED,1,PENDING,distance=0.00m; nom=1.00; commune=0.00; priorite=4
e60088e9-cf94-4e41-ae65-a5390866b4b8,a858c20a-0861-4007-b6f5-cc1570cd4ce3,38c2880c-d46c-4b72-ae1b-4f2fbf895daa,infra.huilerie,489,325a92bd-41ea-47ff-b429-d1edabbf5411,0.0,0.7400,DUPLICATE_EXACT,STE Annasere,STE Annasere,,,HUILERIE,infra.huilerie_inventaire_pollution,MANUAL_REVIEW_REQUIRED,1,PENDING,distance=0.00m; nom=1.00; commune=0.00; priorite=4
e60088e9-cf94-4e41-ae65-a5390866b4b8,586b8b42-a52e-48bf-b2f3-9590fc4d7bc1,78495d23-b5b3-45c0-83ab-9c310320112c,infra.huilerie,490,ee3ceab6-5848-4139-8c5b-9ae3ed2c7189,0.0,0.7400,DUPLICATE_EXACT,Agro Huiles,Agro Huiles,,,HUILERIE,infra.huilerie_inventaire_pollution,MANUAL_REVIEW_REQUIRED,1,PENDING,distance=0.00m; nom=1.00; commune=0.00; priorite=4
e60088e9-cf94-4e41-ae65-a5390866b4b8,d7e3cb28-8e34-4e55-b4f7-c044e0545274,f5cc1f33-8829-4dec-8444-239e83c0b15d,infra.huilerie,491,22d6ff52-79db-4bca-8c79-983b2140c19e,0.0,0.7400,DUPLICATE_EXACT,Bouayad bouenan,Bouayad bouenan,,,HUILERIE,infra.huilerie_inventaire_pollution,MANUAL_REVIEW_REQUIRED,1,PENDING,distance=0.00m; nom=1.00; commune=0.00; priorite=4
e60088e9-cf94-4e41-ae65-a5390866b4b8,54a5b321-2158-46fd-b03d-f14aa40642bc,3a8ddf71-342c-4ef6-9e32-8fdaf762ec3e,infra.huilerie,492,7c45d992-0f4c-458a-b9ac-da7cc6d1a126,0.0,0.7400,DUPLICATE_EXACT,Marzouki Ali,Marzouki Ali,,,HUILERIE,infra.huilerie_inventaire_pollution,MANUAL_REVIEW_REQUIRED,1,PENDING,distance=0.00m; nom=1.00; commune=0.00; priorite=4
e60088e9-cf94-4e41-ae65-a5390866b4b8,5440909b-f050-4765-98ff-de12067c5a77,c57f8f6a-800b-43ba-b5d6-625981764ba8,infra.huilerie,493,22515a1d-239d-4de8-8eca-0827f1abcb1b,0.0,0.7400,DUPLICATE_EXACT,Sabhok,Sabhok,,,HUILERIE,infra.huilerie_inventaire_pollution,MANUAL_REVIEW_REQUIRED,1,PENDING,distance=0.00m; nom=1.00; commune=0.00; priorite=4
e60088e9-cf94-4e41-ae65-a5390866b4b8,2f1aae8e-4acb-40f6-9a7c-b711ceacb77a,154e8f88-0e10-4443-89f1-9df59e66483e,infra.huilerie,494,010e8af0-846d-48e2-ba22-522d8f19447d,0.0,0.7400,DUPLICATE_EXACT,Maroc Food ,Maroc Food,,,HUILERIE,infra.huilerie_inventaire_pollution,MANUAL_REVIEW_REQUIRED,1,PENDING,distance=0.00m; nom=1.00; commune=0.00; priorite=4
e60088e9-cf94-4e41-ae65-a5390866b4b8,d7dfdce8-8571-4bf2-8ac3-e6b332909ce6,53e272e3-fd83-4d01-8248-90b26c656a0a,infra.huilerie,495,50e61087-35c9-452a-9e8c-777d1bc5750e,0.0,0.7400,DUPLICATE_EXACT,Ste pro négoce said,Ste pro négoce said,,,HUILERIE,infra.huilerie_inventaire_pollution,MANUAL_REVIEW_REQUIRED,1,PENDING,distance=0.00m; nom=1.00; commune=0.00; priorite=4
e60088e9-cf94-4e41-ae65-a5390866b4b8,28cd0485-4ea1-48a5-8dc7-61291fd6a649,81daac8a-0d74-4733-b1a8-871f4b4fa6b7,infra.huilerie,496,4e68ea89-f5b0-43a1-91e6-e31be3cc3033,0.0,0.7400,DUPLICATE_EXACT,Ste Abbas ben Makhlouf,Ste Abbas ben Makhlouf,,,HUILERIE,infra.huilerie_inventaire_pollution,MANUAL_REVIEW_REQUIRED,1,PENDING,distance=0.00m; nom=1.00; commune=0.00; priorite=4
e60088e9-cf94-4e41-ae65-a5390866b4b8,f39db644-679d-437e-af70-793421a8a6b6,3b5660a5-c64f-47b5-8f03-1fe29360ba33,infra.huilerie,498,dc8a6ae4-f6f8-4d82-86ab-cb1f74cb0661,0.0,0.7400,DUPLICATE_EXACT,Ste Alaoui mdaghri,Ste Alaoui mdaghri,,,HUILERIE,infra.huilerie_inventaire_pollution,MANUAL_REVIEW_REQUIRED,1,PENDING,distance=0.00m; nom=1.00; commune=0.00; priorite=4
e60088e9-cf94-4e41-ae65-a5390866b4b8,905a3b62-18bf-445e-9d11-813faabc209a,794941f0-755f-465b-b9bb-36bf9e438d8b,infra.huilerie,499,31d0fd0c-8eef-45d4-9282-f26fe8ae6bc3,0.0,0.7400,DUPLICATE_EXACT,Faraji,Faraji,,,HUILERIE,infra.huilerie_inventaire_pollution,MANUAL_REVIEW_REQUIRED,1,PENDING,distance=0.00m; nom=1.00; commune=0.00; priorite=4
e60088e9-cf94-4e41-ae65-a5390866b4b8,92db0100-5a61-47a1-9794-7ae16f61aef1,1e1b673f-eb0d-4761-9201-7894c287355b,infra.huilerie,500,9a396fc9-5b52-4616-914e-18ea58aff413,0.0,0.7400,DUPLICATE_EXACT,Errahmouni,Errahmouni,,,HUILERIE,infra.huilerie_inventaire_pollution,MANUAL_REVIEW_REQUIRED,1,PENDING,distance=0.00m; nom=1.00; commune=0.00; priorite=4
e60088e9-cf94-4e41-ae65-a5390866b4b8,29a81285-2110-4ab5-84b7-0572cf93e87f,09eb7ac2-8c69-46bb-9f14-2c92937f6f08,infra.huilerie,502,17c1b4b9-8b52-4394-b16a-7f2d3fd9a316,0.0,0.7400,DUPLICATE_EXACT,Ste LARABI,Ste LARABI,,,HUILERIE,infra.huilerie_inventaire_pollution,MANUAL_REVIEW_REQUIRED,1,PENDING,distance=0.00m; nom=1.00; commune=0.00; priorite=4
e60088e9-cf94-4e41-ae65-a5390866b4b8,218f333f-2dd7-4e48-91fd-6f3b79ea59c4,341596de-01ab-4e0a-b211-ffba906a6495,infra.huilerie,503,f219dc89-d501-4604-a878-35c1cf736132,0.0,0.7400,DUPLICATE_EXACT,Ste Bouayad et fils,Ste Bouayad et fils,,,HUILERIE,infra.huilerie_inventaire_pollution,MANUAL_REVIEW_REQUIRED,1,PENDING,distance=0.00m; nom=1.00; commune=0.00; priorite=4
e60088e9-cf94-4e41-ae65-a5390866b4b8,ebe14333-7d54-40f0-ba90-7660a6a879a8,373a4420-4b30-45ae-8ce7-e6347dd39a23,infra.huilerie,266,b1c91373-79f2-4e5c-90e2-ec46cc2efd34,0.0,0.7400,DUPLICATE_EXACT,Huilerie Alami,Huilerie Alami,,Sidi Yahya Bni Zarwal,HUILERIE,infra.huilerie_inventaire_pollution,MANUAL_REVIEW_REQUIRED,1,PENDING,distance=0.00m; nom=1.00; commune=0.00; priorite=4
e60088e9-cf94-4e41-ae65-a5390866b4b8,49a43ef6-f8e3-4451-ae51-558388c80f2b,1ca6cd37-e21f-4646-a49b-a44ccf2ed121,infra.huilerie,265,cc61e112-02b7-4170-ac7c-d3d2f482caf6,0.0,0.7400,DUPLICATE_EXACT,Société Huilerie el fahssi,Société Huilerie el fahssi,,Sidi Yahya Bni Zarwal,HUILERIE,infra.huilerie_inventaire_pollution,MANUAL_REVIEW_REQUIRED,1,PENDING,distance=0.00m; nom=1.00; commune=0.00; priorite=4
e60088e9-cf94-4e41-ae65-a5390866b4b8,eb0f9301-1111-40bf-a70c-e08d040d0387,38eb098c-d91e-453c-b758-75aba6f1a888,infra.huilerie,47,5e69cb88-ff38-4ee2-90d4-6ce0261def8a,0.0,0.7400,DUPLICATE_EXACT,Maasra Talaa ,Maasra Talaa,,Sabaa ayoun,HUILERIE,infra.huilerie_inventaire_pollution,MANUAL_REVIEW_REQUIRED,1,PENDING,distance=0.00m; nom=1.00; commune=0.00; priorite=4
e60088e9-cf94-4e41-ae65-a5390866b4b8,d1235974-f7a5-41f4-a1ac-4c55f71730ff,edf7b86a-5903-48dc-8d0f-afce965f6594,infra.huilerie,303,3ed83482-3632-454e-8fc6-ca36dc7d0529,0.0,0.7400,DUPLICATE_EXACT,Société AHMIROU,Société AHMIROU,,Bouhouda,HUILERIE,infra.huilerie_inventaire_pollution,MANUAL_REVIEW_REQUIRED,1,PENDING,distance=0.00m; nom=1.00; commune=0.00; priorite=4
e60088e9-cf94-4e41-ae65-a5390866b4b8,968b6a82-2822-470b-8be1-34ba8dbcb2d5,06f28ff5-fa57-4471-a6bb-13b504ffc866,infra.huilerie,304,18246279-4e0f-4a00-a197-dee8ea25525b,0.0,0.7400,DUPLICATE_EXACT,Hassouni,Hassouni,,Sidi Yahia Bni Zeroual,HUILERIE,infra.huilerie_inventaire_pollution,MANUAL_REVIEW_REQUIRED,1,PENDING,distance=0.00m; nom=1.00; commune=0.00; priorite=4
e60088e9-cf94-4e41-ae65-a5390866b4b8,56e350f9-8096-491e-9319-fc0b0b703948,8682160c-9121-4d7f-93c6-483231a83e14,infra.huilerie,305,3cdff170-54ac-4454-8084-43a7d716a065,0.0,0.7400,DUPLICATE_EXACT,Huile Tresor Vert,Huile Tresor Vert,,Galaz,HUILERIE,infra.huilerie_inventaire_pollution,MANUAL_REVIEW_REQUIRED,1,PENDING,distance=0.00m; nom=1.00; commune=0.00; priorite=4
e60088e9-cf94-4e41-ae65-a5390866b4b8,fe1f362d-c581-467a-9844-1e5a941d5013,148d5f1b-8988-4bf2-8f40-c4611c9af20f,infra.huilerie,283,f1737210-2129-40d1-9412-e96e92e3dc38,0.0,0.7400,DUPLICATE_EXACT,Huilerie Touita,Huilerie Touita,,rghioua,HUILERIE,infra.huilerie_inventaire_pollution,MANUAL_REVIEW_REQUIRED,1,PENDING,distance=0.00m; nom=1.00; commune=0.00; priorite=4
e60088e9-cf94-4e41-ae65-a5390866b4b8,4fa7e26f-c404-47fb-887d-b300d311962e,4b82f7d0-3cd8-4865-a28d-b396bb026697,infra.huilerie,161,3f44df85-cad7-47eb-a999-f12188faada9,0.0,0.7400,DUPLICATE_EXACT,Huilerie ALLAMI,Huilerie ALLAMI,,Sidi El Abed,HUILERIE,infra.huilerie_inventaire_pollution,MANUAL_REVIEW_REQUIRED,1,PENDING,distance=0.00m; nom=1.00; commune=0.00; priorite=4
e60088e9-cf94-4e41-ae65-a5390866b4b8,4e79e6db-03da-4c10-a1a1-aaf0d200f4b9,62c554e6-6a7b-47db-99c0-d52ac4707f7f,infra.huilerie,251,db501611-ddce-4b5c-bc57-9034d7b06998,0.0,0.7400,DUPLICATE_EXACT,Taghzouti ,Taghzouti,,Tissa,HUILERIE,infra.huilerie_inventaire_pollution,MANUAL_REVIEW_REQUIRED,1,PENDING,distance=0.00m; nom=1.00; commune=0.00; priorite=4
e60088e9-cf94-4e41-ae65-a5390866b4b8,549380e1-7fa1-4b25-90d0-878bb589dfdf,bb8c8ebf-0367-488c-8526-78005386b96f,infra.huilerie,336,5de743ab-08f4-4254-9cf4-2f3ca83a1492,0.0,0.7400,DUPLICATE_EXACT,Boushaba,Boushaba,,Bab marzouka,HUILERIE,infra.huilerie_inventaire_pollution,MANUAL_REVIEW_REQUIRED,1,PENDING,distance=0.00m; nom=1.00; commune=0.00; priorite=4
e60088e9-cf94-4e41-ae65-a5390866b4b8,55d0a190-bc55-4899-a343-05882564164f,e942a222-61ca-45a9-bac0-e5165b3c0144,infra.huilerie,337,774a0e8e-fde9-4434-aca8-c595da997109,0.0,0.7400,DUPLICATE_EXACT,Majmat yaakoubi,Majmat yaakoubi,,Bab marzouka,HUILERIE,infra.huilerie_inventaire_pollution,MANUAL_REVIEW_REQUIRED,1,PENDING,distance=0.00m; nom=1.00; commune=0.00; priorite=4
e60088e9-cf94-4e41-ae65-a5390866b4b8,a0e3100a-0851-40d0-b415-2e7ec5b96709,d3c84658-371c-430b-9c65-7c51424a94cb,infra.huilerie,338,44c70989-5b3c-473e-8d1d-b3fe2ef935fe,0.0,0.7400,DUPLICATE_EXACT,Sté wafa,Sté wafa,,Bab marzouka,HUILERIE,infra.huilerie_inventaire_pollution,MANUAL_REVIEW_REQUIRED,1,PENDING,distance=0.00m; nom=1.00; commune=0.00; priorite=4
e60088e9-cf94-4e41-ae65-a5390866b4b8,df737b72-0bfc-4883-bcd7-a319695c7634,4c5e972b-806c-45f9-aa57-8df58f0e52c1,infra.huilerie,339,adfcaeff-06c5-4729-a20b-74e72ed8bf6e,0.0,0.7400,DUPLICATE_EXACT,Abdlaoui,Abdlaoui,,Bab marzouka,HUILERIE,infra.huilerie_inventaire_pollution,MANUAL_REVIEW_REQUIRED,1,PENDING,distance=0.00m; nom=1.00; commune=0.00; priorite=4
e60088e9-cf94-4e41-ae65-a5390866b4b8,f632fd56-8f13-4a6c-9550-d276681f16bd,c2d48ef3-2680-4116-918b-6a986e760119,infra.huilerie,300,0d533a34-a8b9-4b44-96a5-1512c4855360,0.0,0.7400,DUPLICATE_EXACT,Huilerie Ascar,Huilerie Ascar,,Zrizer,HUILERIE,infra.huilerie_inventaire_pollution,MANUAL_REVIEW_REQUIRED,1,PENDING,distance=0.00m; nom=1.00; commune=0.00; priorite=4
e60088e9-cf94-4e41-ae65-a5390866b4b8,d255cdf2-d1d4-4ff6-a96a-dd3d5a8c0e81,1365af88-ea17-46c9-80ba-988541311c94,infra.huilerie,293,517bbe27-d416-42b2-b650-7dc55e2d47aa,0.0,0.7400,DUPLICATE_EXACT,Huilerie Ben Ali,Huilerie Ben Ali,,Mezraoua,HUILERIE,infra.huilerie_inventaire_pollution,MANUAL_REVIEW_REQUIRED,1,PENDING,distance=0.00m; nom=1.00; commune=0.00; priorite=4
e60088e9-cf94-4e41-ae65-a5390866b4b8,375834cc-6181-4a17-8b6b-b66e431c9ba9,2a725845-7fe7-4351-8812-13dddb669466,infra.huilerie,241,d78474b8-041a-4e68-bf4c-2ef330f9b421,0.0,0.7400,DUPLICATE_EXACT,Baraka,Baraka,,Khlalfa,HUILERIE,infra.huilerie_inventaire_pollution,MANUAL_REVIEW_REQUIRED,1,PENDING,distance=0.00m; nom=1.00; commune=0.00; priorite=4
e60088e9-cf94-4e41-ae65-a5390866b4b8,e8925b40-8f93-4854-96cb-83a0c7d67d13,2558f64a-52db-4db4-855e-dc52827b6202,infra.huilerie,242,44820fab-b045-4fc7-926d-609eafc9e247,0.0,0.7400,DUPLICATE_EXACT,JAI Frére,JAI Frére,,Khlalfa,HUILERIE,infra.huilerie_inventaire_pollution,MANUAL_REVIEW_REQUIRED,1,PENDING,distance=0.00m; nom=1.00; commune=0.00; priorite=4
e60088e9-cf94-4e41-ae65-a5390866b4b8,0d3105dd-505b-4581-8e0a-ee215e7eb76e,f3a8ddca-0679-463f-936d-2ddb9b810462,infra.huilerie,243,eba1d7dd-f575-4ae1-ae53-63d6a62112cb,0.0,0.7400,DUPLICATE_EXACT,Huilerie Bentahour,Huilerie Bentahour,,Khlalfa,HUILERIE,infra.huilerie_inventaire_pollution,MANUAL_REVIEW_REQUIRED,1,PENDING,distance=0.00m; nom=1.00; commune=0.00; priorite=4
e60088e9-cf94-4e41-ae65-a5390866b4b8,f2494954-a274-418d-bf19-b875a4d523ae,984ee26b-b410-4abc-b71a-c996c0d300a8,infra.huilerie,269,1c520727-5a18-44ce-83fd-db306c80df7e,0.0,0.7400,DUPLICATE_EXACT,societe oudka,societe oudka,,Ghafsai,HUILERIE,infra.huilerie_inventaire_pollution,MANUAL_REVIEW_REQUIRED,1,PENDING,distance=0.00m; nom=1.00; commune=0.00; priorite=4
e60088e9-cf94-4e41-ae65-a5390866b4b8,4879677e-223f-4e83-b22c-d7ea25cc2c4d,aba30509-d4ec-4419-880f-e3c15294b23f,infra.huilerie,270,8b38693c-10f1-494a-96ce-bbfbae3dfd6e,0.0,0.7400,DUPLICATE_EXACT,Coopérative Olea ghafsai,Coopérative Olea ghafsai,,Ghafsai,HUILERIE,infra.huilerie_inventaire_pollution,MANUAL_REVIEW_REQUIRED,1,PENDING,distance=0.00m; nom=1.00; commune=0.00; priorite=4
e60088e9-cf94-4e41-ae65-a5390866b4b8,e52956d7-d68b-416f-98c8-481c52cc2acd,3035d3b1-2856-4bf3-9406-8017ede943dc,infra.huilerie,271,39fc310d-7bc4-4af1-87be-4fef7efe8bae,0.0,0.7400,DUPLICATE_EXACT,Huilerie Dekkoun,Huilerie Dekkoun,,Ghafsai,HUILERIE,infra.huilerie_inventaire_pollution,MANUAL_REVIEW_REQUIRED,1,PENDING,distance=0.00m; nom=1.00; commune=0.00; priorite=4
e60088e9-cf94-4e41-ae65-a5390866b4b8,10d42295-d3b6-4124-8be5-94e602cdab4b,353e3b90-7071-4f75-8b76-7ada2b8ad49e,infra.huilerie,272,5f2cd349-b920-4fab-8816-b0608e04f47b,0.0,0.7400,DUPLICATE_EXACT,Huilerie Société Olive,Huilerie Société Olive,,Ghafsai,HUILERIE,infra.huilerie_inventaire_pollution,MANUAL_REVIEW_REQUIRED,1,PENDING,distance=0.00m; nom=1.00; commune=0.00; priorite=4
e60088e9-cf94-4e41-ae65-a5390866b4b8,8a4c09bd-b2d2-4066-8b07-1bb159e90657,ad266536-46e6-4aec-9585-150aaf933666,infra.huilerie,267,d67cb4e9-4c48-454d-a4bb-e89f750b0388,0.0,0.7400,DUPLICATE_EXACT,Oudka,Oudka,,Oudka,HUILERIE,infra.huilerie_inventaire_pollution,MANUAL_REVIEW_REQUIRED,1,PENDING,distance=0.00m; nom=1.00; commune=0.00; priorite=4
e60088e9-cf94-4e41-ae65-a5390866b4b8,5f855bb4-37e6-4938-974c-b86217f5fd3c,2c1c4e0a-d583-4d46-b3b1-435ac4cd5249,infra.huilerie,146,b52238e7-2cb8-4562-ae5a-711a3202318b,0.0,0.7400,DUPLICATE_EXACT,Huilerie Mohamed CHGARI,Huilerie Mohamed CHGARI,,Ouartzagh,HUILERIE,infra.huilerie_inventaire_pollution,MANUAL_REVIEW_REQUIRED,1,PENDING,distance=0.00m; nom=1.00; commune=0.00; priorite=4
e60088e9-cf94-4e41-ae65-a5390866b4b8,ba89d29e-f27b-4313-a821-5ee96de5e5c3,7785cf73-46b1-49fc-b3fe-158958c028c7,infra.huilerie,147,20161e77-9482-4f57-9e2d-c85481f6d25c,0.0,0.7400,DUPLICATE_EXACT,Huilerie Ahmed HMAMOUCHI,Huilerie Ahmed HMAMOUCHI,,Ouartzagh,HUILERIE,infra.huilerie_inventaire_pollution,MANUAL_REVIEW_REQUIRED,1,PENDING,distance=0.00m; nom=1.00; commune=0.00; priorite=4
e60088e9-cf94-4e41-ae65-a5390866b4b8,283eafbb-d136-4788-ac4f-ad1a4f522763,0322f9bf-81c6-45e3-ac11-073a593ec11d,infra.huilerie,148,fe8ed23d-a088-4e5d-86f6-7d702f73f8ea,0.0,0.7400,DUPLICATE_EXACT,Huilerie Mahfoud EL KHABIR,Huilerie Mahfoud EL KHABIR,,Ouartzagh,HUILERIE,infra.huilerie_inventaire_pollution,MANUAL_REVIEW_REQUIRED,1,PENDING,distance=0.00m; nom=1.00; commune=0.00; priorite=4
e60088e9-cf94-4e41-ae65-a5390866b4b8,c00e6f3f-6116-40e5-841d-c30c4fcbea27,3d4a8f96-0086-44fb-a651-b7506f14a282,infra.huilerie,149,5e0add9b-4a40-498f-a61c-65e838d52bba,0.0,0.7400,DUPLICATE_EXACT,Huilerie Ahmed LAHLIMI,Huilerie Ahmed LAHLIMI,,Ouartzagh,HUILERIE,infra.huilerie_inventaire_pollution,MANUAL_REVIEW_REQUIRED,1,PENDING,distance=0.00m; nom=1.00; commune=0.00; priorite=4
e60088e9-cf94-4e41-ae65-a5390866b4b8,a7dff654-9e18-4c69-ad9f-d82065c83425,5a9bbe7e-cfcf-47a9-9f7c-41ddc0009d78,infra.huilerie,150,01e3831c-f792-4309-83a4-690fa1912603,0.0,0.7400,DUPLICATE_EXACT,Huilerie Khalid HARBOUCH,Huilerie Khalid HARBOUCH,,Ouartzagh,HUILERIE,infra.huilerie_inventaire_pollution,MANUAL_REVIEW_REQUIRED,1,PENDING,distance=0.00m; nom=1.00; commune=0.00; priorite=4
e60088e9-cf94-4e41-ae65-a5390866b4b8,24f05028-55f1-4517-a007-e5e3a4318d8f,de894a7a-4fef-4bc1-9103-5942c78fb700,infra.huilerie,232,7ee523af-0aae-4564-842b-a9c81297fa26,0.0,0.7400,DUPLICATE_EXACT,Huilerie Slass,Huilerie Slass,,Ourtzagh,HUILERIE,infra.huilerie_inventaire_pollution,MANUAL_REVIEW_REQUIRED,1,PENDING,distance=0.00m; nom=1.00; commune=0.00; priorite=4
e60088e9-cf94-4e41-ae65-a5390866b4b8,a5d5cc42-0d34-4955-8d68-4c5dff937aa3,191ba27b-3c3c-4dcb-8aa8-cd8ae85d8138,infra.huilerie,247,556a2987-2b05-4255-a48d-a0d151351f7b,0.0,0.7400,DUPLICATE_EXACT,Huilerie De Bouarous ,Huilerie De Bouarous,,Bouarous,HUILERIE,infra.huilerie_inventaire_pollution,MANUAL_REVIEW_REQUIRED,1,PENDING,distance=0.00m; nom=1.00; commune=0.00; priorite=4
e60088e9-cf94-4e41-ae65-a5390866b4b8,c3eddb26-492e-4907-8dde-084c4a9e4c7a,b683bc98-a9a7-47ad-bdcd-0898a31857f1,infra.huilerie,248,862c4d52-ff12-47be-9458-858e5bbbdaa9,0.0,0.7400,DUPLICATE_EXACT,Huilerie Khribech ,Huilerie Khribech,,Outa Bouabane,HUILERIE,infra.huilerie_inventaire_pollution,MANUAL_REVIEW_REQUIRED,1,PENDING,distance=0.00m; nom=1.00; commune=0.00; priorite=4
e60088e9-cf94-4e41-ae65-a5390866b4b8,923296f9-6ab9-4e48-abaa-af19e7c763b6,cb2eb177-67fa-4b0e-9ea7-02af49e90f9a,infra.huilerie,249,6f694f34-518c-430e-aed1-bd3ad9e4740b,0.0,0.7400,DUPLICATE_EXACT,Huilerie Karam,Huilerie Karam,,Outa Bouabane,HUILERIE,infra.huilerie_inventaire_pollution,MANUAL_REVIEW_REQUIRED,1,PENDING,distance=0.00m; nom=1.00; commune=0.00; priorite=4
e60088e9-cf94-4e41-ae65-a5390866b4b8,99f6dea7-0d8d-4d04-91e3-57241d45f5cb,6f483870-c83e-44b6-a8d8-c6e2535f72f7,infra.huilerie,151,22505cfd-7527-40c2-9e6c-80b6a5e87b59,0.0,0.7400,DUPLICATE_EXACT,Huilerie My BOUCHETTA,Huilerie My BOUCHETTA,,My Boucheta,HUILERIE,infra.huilerie_inventaire_pollution,MANUAL_REVIEW_REQUIRED,1,PENDING,distance=0.00m; nom=1.00; commune=0.00; priorite=4
e60088e9-cf94-4e41-ae65-a5390866b4b8,0d4d7542-6575-4445-9ff9-6bf499381565,7c3df4d1-1dee-4279-9c69-b2c75a1b886f,infra.huilerie,152,6e51bd3e-fbb1-457f-892a-d119a1fd8138,0.0,0.7400,DUPLICATE_EXACT,Huilerie CHAJARA MOUBARAKA,Huilerie CHAJARA MOUBARAKA,,My Boucheta,HUILERIE,infra.huilerie_inventaire_pollution,MANUAL_REVIEW_REQUIRED,1,PENDING,distance=0.00m; nom=1.00; commune=0.00; priorite=4
e60088e9-cf94-4e41-ae65-a5390866b4b8,5f1342ab-5076-4161-9413-7ebab8be88f1,feb153a5-00be-4918-a431-945c34228931,infra.huilerie,153,de1129c8-8664-4dc5-a554-f5bb241088dc,0.0,0.7400,DUPLICATE_EXACT,Huilerie Driss HAMMIOUI,Huilerie Driss HAMMIOUI,,My Boucheta,HUILERIE,infra.huilerie_inventaire_pollution,MANUAL_REVIEW_REQUIRED,1,PENDING,distance=0.00m; nom=1.00; commune=0.00; priorite=4
e60088e9-cf94-4e41-ae65-a5390866b4b8,afc2bb0e-786e-47d3-8be4-08544f140083,cfff6cf3-2941-4c96-bc2c-23f4917516ea,infra.huilerie,154,8fe08318-c64c-400c-9887-16a50f4bc814,0.0,0.7400,DUPLICATE_EXACT,Huilerie Ayachi BOUARFA,Huilerie Ayachi BOUARFA,,My Boucheta,HUILERIE,infra.huilerie_inventaire_pollution,MANUAL_REVIEW_REQUIRED,1,PENDING,distance=0.00m; nom=1.00; commune=0.00; priorite=4
e60088e9-cf94-4e41-ae65-a5390866b4b8,86b45849-ecf6-4449-b4b0-2d7390dcad6e,ce13ec3f-5da7-45ea-a064-d5dfd51022b9,infra.huilerie,273,136aa6b2-a8dc-4ea0-9129-0c72420ff2ab,0.0,0.7400,DUPLICATE_EXACT,Gie Alwahda Ghafsai  ,Gie Alwahda Ghafsai,,Galaz,HUILERIE,infra.huilerie_inventaire_pollution,MANUAL_REVIEW_REQUIRED,1,PENDING,distance=0.00m; nom=1.00; commune=0.00; priorite=4
e60088e9-cf94-4e41-ae65-a5390866b4b8,68aea332-9d0b-4ca5-9774-c6019258e987,baddd464-18b6-4c74-9ba5-f1b8c6928c60,infra.huilerie,280,afd62c71-d808-47f6-8b4e-a3a59e5c36fb,0.0,0.7400,DUPLICATE_EXACT,Huilerie Taounate,Huilerie Taounate,,Bouhouda,HUILERIE,infra.huilerie_inventaire_pollution,MANUAL_REVIEW_REQUIRED,1,PENDING,distance=0.00m; nom=1.00; commune=0.00; priorite=4
e60088e9-cf94-4e41-ae65-a5390866b4b8,e591e5e9-a51b-4a13-a199-9eb2c33209a4,09c97035-110f-4c11-aed2-b2befd74c6c3,infra.huilerie,281,bc1e20c4-a266-4ddd-88cb-611aedd39087,0.0,0.7400,DUPLICATE_EXACT,Société Maghnaoui,Société Maghnaoui,,Bouhouda,HUILERIE,infra.huilerie_inventaire_pollution,MANUAL_REVIEW_REQUIRED,1,PENDING,distance=0.00m; nom=1.00; commune=0.00; priorite=4
e60088e9-cf94-4e41-ae65-a5390866b4b8,13741382-fe44-443c-8e6b-eac00783ca4b,a5cdfb72-dfbd-42c7-8392-3635ba786fd2,infra.huilerie,282,657aea9c-73bd-44ca-9d04-0b0bc552e0e8,0.0,0.7400,DUPLICATE_EXACT,Société AHMIROU,Société AHMIROU,,Bouhouda,HUILERIE,infra.huilerie_inventaire_pollution,MANUAL_REVIEW_REQUIRED,1,PENDING,distance=0.00m; nom=1.00; commune=0.00; priorite=4
e60088e9-cf94-4e41-ae65-a5390866b4b8,4132b8d7-d271-4e2e-a273-86c5a8de5143,a92b98a4-4f4b-4824-b42b-673242cde5e0,infra.huilerie,143,f62a5fd6-5576-438b-b999-a13a98c47efc,0.0,0.7400,DUPLICATE_EXACT,Huilerie ZENASSENI,Huilerie ZENASSENI,,Rhouazi,HUILERIE,infra.huilerie_inventaire_pollution,MANUAL_REVIEW_REQUIRED,1,PENDING,distance=0.00m; nom=1.00; commune=0.00; priorite=4
e60088e9-cf94-4e41-ae65-a5390866b4b8,e3d9b403-0e05-4dd0-ba70-d07c38f3e885,74677b11-1d2a-44f3-9e58-29245e8257c4,infra.huilerie,144,b1fc7dd4-d363-490d-a0ed-c8e1bb7e6769,0.0,0.7400,DUPLICATE_EXACT,Huilerie OR vert d'Olives,Huilerie OR vert d'Olives,,Rhouazi,HUILERIE,infra.huilerie_inventaire_pollution,MANUAL_REVIEW_REQUIRED,1,PENDING,distance=0.00m; nom=1.00; commune=0.00; priorite=4
e60088e9-cf94-4e41-ae65-a5390866b4b8,b7e4e38d-1e22-4939-9b9d-58c2b07f4294,04cb2024-6ff1-41c4-9aef-b45552a586fc,infra.huilerie,145,23314434-6a12-4002-88df-c0d75846f6db,0.0,0.7400,DUPLICATE_EXACT,Huilerie La Nouvelle Huilerie du Nord,Huilerie La Nouvelle Huilerie du Nord,,Rhouazi,HUILERIE,infra.huilerie_inventaire_pollution,MANUAL_REVIEW_REQUIRED,1,PENDING,distance=0.00m; nom=1.00; commune=0.00; priorite=4
e60088e9-cf94-4e41-ae65-a5390866b4b8,d4fd8072-b5fc-4f92-b582-82693128ffae,8cd337fd-c61d-4248-bbab-bbc45c9ee21b,infra.huilerie,331,57c80642-d693-4c21-aae6-6854c8a65648,0.0,0.7400,DUPLICATE_EXACT,Sté huile d'olive,Sté huile d'olive,,Brarha,HUILERIE,infra.huilerie_inventaire_pollution,MANUAL_REVIEW_REQUIRED,1,PENDING,distance=0.00m; nom=1.00; commune=0.00; priorite=4
e60088e9-cf94-4e41-ae65-a5390866b4b8,2f6b4ab2-7c52-45b1-8cc3-a0f10db83e18,899be6d3-2d76-497a-b143-8cc0c40d1a38,infra.huilerie,342,a30e7cc4-c49c-4dd7-9ed8-95ab6fe79b05,0.0,0.7400,DUPLICATE_EXACT,Zolati,Zolati,,Oued amlil,HUILERIE,infra.huilerie_inventaire_pollution,MANUAL_REVIEW_REQUIRED,1,PENDING,distance=0.00m; nom=1.00; commune=0.00; priorite=4
e60088e9-cf94-4e41-ae65-a5390866b4b8,36217e66-dbb6-4a73-86d6-1a1a58a45731,a4b4bc50-d065-4088-8d58-50cc65b0a243,infra.huilerie,343,9fb547f2-a36d-4111-a78d-b71ad5bd36a7,0.0,0.7400,DUPLICATE_EXACT,Zarik,Zarik,,Oued amlil,HUILERIE,infra.huilerie_inventaire_pollution,MANUAL_REVIEW_REQUIRED,1,PENDING,distance=0.00m; nom=1.00; commune=0.00; priorite=4
e60088e9-cf94-4e41-ae65-a5390866b4b8,40f89a84-1718-47b4-b101-6f22863e4ca2,6df64e70-728c-4bed-9869-d8486a81a8f5,infra.huilerie,344,afe01b28-0f77-4940-bf9e-df1259a86adb,0.0,0.7400,DUPLICATE_EXACT,Aklla,Aklla,,Oued amlil,HUILERIE,infra.huilerie_inventaire_pollution,MANUAL_REVIEW_REQUIRED,1,PENDING,distance=0.00m; nom=1.00; commune=0.00; priorite=4
e60088e9-cf94-4e41-ae65-a5390866b4b8,fdd54dc9-63f8-47ef-9582-49032e460327,de1450aa-7ce6-4d23-b3c7-67817d1891ba,infra.huilerie,345,9e48bc45-70eb-430c-af9e-670255b6abae,0.0,0.7400,DUPLICATE_EXACT,Hat hat,Hat hat,,Oued amlil,HUILERIE,infra.huilerie_inventaire_pollution,MANUAL_REVIEW_REQUIRED,1,PENDING,distance=0.00m; nom=1.00; commune=0.00; priorite=4
e60088e9-cf94-4e41-ae65-a5390866b4b8,bb70c2d0-d15d-4eff-8dfa-193b3cedbda6,fd162e3e-3e13-46d0-acdd-a0860463d16a,infra.huilerie,306,d0c9e274-305d-4902-ab67-98390e094844,0.0,0.7400,DUPLICATE_EXACT,Huilerie Ouled Brih,Huilerie Ouled Brih,,Meknassa achrqia,HUILERIE,infra.huilerie_inventaire_pollution,MANUAL_REVIEW_REQUIRED,1,PENDING,distance=0.00m; nom=1.00; commune=0.00; priorite=4
e60088e9-cf94-4e41-ae65-a5390866b4b8,2bc0e4db-6539-4271-9b70-b322e5462a4d,e2ca4035-1230-4ebe-87f5-9295a0ccb160,infra.huilerie,309,ee37a1eb-40c7-4c1a-97ce-f7ec286a366d,0.0,0.7400,DUPLICATE_EXACT,Mimouna,Mimouna,,Meknassa alcharqia,HUILERIE,infra.huilerie_inventaire_pollution,MANUAL_REVIEW_REQUIRED,1,PENDING,distance=0.00m; nom=1.00; commune=0.00; priorite=4
e60088e9-cf94-4e41-ae65-a5390866b4b8,9d51b435-8bd1-4904-b9b6-178741a2364a,2986acb6-c4b1-4221-8712-05471c84a33f,infra.huilerie,334,2fa82045-05c6-428b-9d94-be48077e8f07,0.0,0.7400,DUPLICATE_EXACT,Ghiata algharbia,Ghiata algharbia,,Ghaita elgharbia,HUILERIE,infra.huilerie_inventaire_pollution,MANUAL_REVIEW_REQUIRED,1,PENDING,distance=0.00m; nom=1.00; commune=0.00; priorite=4
e60088e9-cf94-4e41-ae65-a5390866b4b8,15d8c2cf-afbe-498e-88e6-a70972d860d2,5ee6b996-8c64-4555-8880-d2fee3da646a,infra.huilerie,335,253110fb-ed14-4ee9-9a9b-e79e0a0be91a,0.0,0.7400,DUPLICATE_EXACT,Chmof,Chmof,,Ghaita elgharbia,HUILERIE,infra.huilerie_inventaire_pollution,MANUAL_REVIEW_REQUIRED,1,PENDING,distance=0.00m; nom=1.00; commune=0.00; priorite=4
e60088e9-cf94-4e41-ae65-a5390866b4b8,f1cda0a7-495b-47f4-a629-ba4e28c2a123,98f978b7-7fe3-46ec-9320-a1816421bb31,infra.huilerie,358,f7430226-42c5-475c-b013-efa96f6d99b0,0.0,0.7400,DUPLICATE_EXACT,Huilerie issidouni,Huilerie issidouni,,Ghiata al gharbia,HUILERIE,infra.huilerie_inventaire_pollution,MANUAL_REVIEW_REQUIRED,1,PENDING,distance=0.00m; nom=1.00; commune=0.00; priorite=4
e60088e9-cf94-4e41-ae65-a5390866b4b8,3bf1aadf-dd27-452a-8cd3-4c8052716377,6b328332-4b7d-4f12-b2b5-a2ba6c7041f2,infra.huilerie,359,7f9644e5-843b-4053-8314-df52c0f3b3e1,0.0,0.7400,DUPLICATE_EXACT,Huilerie el gandoui,Huilerie el gandoui,,Ghiata al gharbia,HUILERIE,infra.huilerie_inventaire_pollution,MANUAL_REVIEW_REQUIRED,1,PENDING,distance=0.00m; nom=1.00; commune=0.00; priorite=4
e60088e9-cf94-4e41-ae65-a5390866b4b8,88125740-fd93-4cc3-baca-36ada2fe9374,19067853-a311-4216-be21-beee8604c76b,infra.huilerie,319,c147cd72-d085-4ebd-bd19-7123c24e7e28,0.0,0.7400,DUPLICATE_EXACT,Bab haoura,Bab haoura,,Oulad zbair,HUILERIE,infra.huilerie_inventaire_pollution,MANUAL_REVIEW_REQUIRED,1,PENDING,distance=0.00m; nom=1.00; commune=0.00; priorite=4
e60088e9-cf94-4e41-ae65-a5390866b4b8,885050eb-0800-4855-acad-219a3e073588,8b299a14-ed71-46f9-9b34-ae873ae55da6,infra.huilerie,320,aa40c5c1-0834-4d07-a09b-d006bacfc115,0.0,0.7400,DUPLICATE_EXACT,Chajara mobarika,Chajara mobarika,,Oulad zbair,HUILERIE,infra.huilerie_inventaire_pollution,MANUAL_REVIEW_REQUIRED,1,PENDING,distance=0.00m; nom=1.00; commune=0.00; priorite=4
e60088e9-cf94-4e41-ae65-a5390866b4b8,0cf10f55-2681-4f83-ae96-344624f35948,2a60840f-c3c6-4cb0-ad1b-843938a46de3,infra.huilerie,321,19cb25c5-5ab9-42a5-91ba-1d522dc4a55d,0.0,0.7400,DUPLICATE_EXACT,Huile nakhla,Huile nakhla,,Oulad zbair,HUILERIE,infra.huilerie_inventaire_pollution,MANUAL_REVIEW_REQUIRED,1,PENDING,distance=0.00m; nom=1.00; commune=0.00; priorite=4
e60088e9-cf94-4e41-ae65-a5390866b4b8,51e750cb-89e6-4b02-8817-8026d9a6cb10,ad8dbe86-fdec-4d05-920f-7dddf8571da6,infra.huilerie,322,aab0a90e-0a2f-41f7-810c-2fbe38357184,0.0,0.7400,DUPLICATE_EXACT,Oulad zbair,Oulad zbair,,Oulad zbair,HUILERIE,infra.huilerie_inventaire_pollution,MANUAL_REVIEW_REQUIRED,1,PENDING,distance=0.00m; nom=1.00; commune=0.00; priorite=4
e60088e9-cf94-4e41-ae65-a5390866b4b8,35432b05-e99c-4f3b-8ad4-fc0e28d88b8e,8fc7d5d0-68b8-4880-9342-dfc3db398007,infra.huilerie,365,1b25789a-cc9e-4942-9814-dedda992ba02,0.0,0.7400,DUPLICATE_EXACT,GIE Tsouli,GIE Tsouli,,Oulad zbair,HUILERIE,infra.huilerie_inventaire_pollution,MANUAL_REVIEW_REQUIRED,1,PENDING,distance=0.00m; nom=1.00; commune=0.00; priorite=4
e60088e9-cf94-4e41-ae65-a5390866b4b8,8e6709cf-9219-4fad-af3c-5cfa5a7d1793,851ecccb-2aea-47f6-849e-c3b5c962597e,infra.huilerie,333,e7cf790f-9f8c-44f9-8bc8-cd749fbe7677,0.0,0.7400,DUPLICATE_EXACT,Zmaro ikhwan,Zmaro ikhwan,,Bouchfaa,HUILERIE,infra.huilerie_inventaire_pollution,MANUAL_REVIEW_REQUIRED,1,PENDING,distance=0.00m; nom=1.00; commune=0.00; priorite=4
e60088e9-cf94-4e41-ae65-a5390866b4b8,1079f990-a198-499c-945a-fce58db1409b,c53b3d17-e227-4187-b2ec-ed31a04a5486,infra.huilerie,360,76b41a0d-6d5a-4736-8cf9-da2fe2400823,0.0,0.7400,DUPLICATE_EXACT,Aghbal,Aghbal,,Bouchfaa,HUILERIE,infra.huilerie_inventaire_pollution,MANUAL_REVIEW_REQUIRED,1,PENDING,distance=0.00m; nom=1.00; commune=0.00; priorite=4
e60088e9-cf94-4e41-ae65-a5390866b4b8,a2dd660d-e87e-41fd-b712-bb5a3eb92910,9c6301f3-ff5d-4af1-ba01-2b93cba52d9f,infra.huilerie,340,e5a82ad7-7bf9-464f-8f83-0895c51ce99c,0.0,0.7400,DUPLICATE_EXACT,Ikhlas,Ikhlas,,Matmata,HUILERIE,infra.huilerie_inventaire_pollution,MANUAL_REVIEW_REQUIRED,1,PENDING,distance=0.00m; nom=1.00; commune=0.00; priorite=4
e60088e9-cf94-4e41-ae65-a5390866b4b8,dca27412-fb9d-4164-8e6a-29f711634b7d,d77646fe-25d3-46fb-baf2-1588647afbf2,infra.huilerie,341,eb4f351c-9556-4701-9b9d-099c40310210,0.0,0.7400,DUPLICATE_EXACT,Coopérative l'oil olive,Coopérative l'oil olive,,Matmata,HUILERIE,infra.huilerie_inventaire_pollution,MANUAL_REVIEW_REQUIRED,1,PENDING,distance=0.00m; nom=1.00; commune=0.00; priorite=4
e60088e9-cf94-4e41-ae65-a5390866b4b8,0d60f348-cc2f-44b9-973c-ec41b8696366,3d15ca41-3981-413a-947a-f176b64acf27,infra.huilerie,352,b4a59182-e129-4f3e-ab9b-a54c167e7b17,0.0,0.7400,DUPLICATE_EXACT,Huilerie dada,Huilerie dada,,Matmata,HUILERIE,infra.huilerie_inventaire_pollution,MANUAL_REVIEW_REQUIRED,1,PENDING,distance=0.00m; nom=1.00; commune=0.00; priorite=4
e60088e9-cf94-4e41-ae65-a5390866b4b8,971dcb1a-c1ec-477e-bc61-1856f53e13b5,faa9218f-fcc6-4577-ba42-8973bd30953d,infra.huilerie,353,2de522fc-986f-4f9f-b42c-303f95b1c3c8,0.0,0.7400,DUPLICATE_EXACT,Huilerie matmata,Huilerie matmata,,Matmata,HUILERIE,infra.huilerie_inventaire_pollution,MANUAL_REVIEW_REQUIRED,1,PENDING,distance=0.00m; nom=1.00; commune=0.00; priorite=4
e60088e9-cf94-4e41-ae65-a5390866b4b8,21d48e77-6bcd-4b90-85a6-b33ff056aca3,d05f625e-6074-4782-bfec-4e081835c421,infra.huilerie,354,ab5f8b69-913c-4e5c-a06d-91a3432f3611,0.0,0.7400,DUPLICATE_EXACT,Non-connue 01,Non-connue 01,,Matmata,HUILERIE,infra.huilerie_inventaire_pollution,MANUAL_REVIEW_REQUIRED,1,PENDING,distance=0.00m; nom=1.00; commune=0.00; priorite=4
e60088e9-cf94-4e41-ae65-a5390866b4b8,fc8a618c-b7ad-4d45-a3ec-c7bb6d7d1d12,7f803e57-8299-45b8-8bee-d13aca82e447,infra.huilerie,291,dc892f54-47f7-4847-9198-71c67d3d9172,0.0,0.7400,DUPLICATE_EXACT,ABOUSSAAD,ABOUSSAAD,,Ratba,HUILERIE,infra.huilerie_inventaire_pollution,MANUAL_REVIEW_REQUIRED,1,PENDING,distance=0.00m; nom=1.00; commune=0.00; priorite=4
e60088e9-cf94-4e41-ae65-a5390866b4b8,bb59e977-1f4d-4a4f-aacd-bd9c774a5525,866343c7-b1ef-4897-8f44-5d8f73dd7b1e,infra.huilerie,594,21980f05-094c-4bba-8ff6-9d0a073f2dd9,0.0,0.7400,DUPLICATE_EXACT,Mustafa El Bakri,Mustafa El Bakri,,M'HAYA,HUILERIE,infra.huilerie_inventaire_pollution,MANUAL_REVIEW_REQUIRED,1,PENDING,distance=0.00m; nom=1.00; commune=0.00; priorite=4
e60088e9-cf94-4e41-ae65-a5390866b4b8,d4ccf49f-871c-47ae-b81e-96fbb1655c2f,3cfbddbe-1a42-4de3-9982-3b854004f8fe,infra.huilerie,595,1b274415-9e87-4ee4-9453-06d95d4ca601,0.0,0.7400,DUPLICATE_EXACT,huilerie Oujda,huilerie Oujda,,M'HAYA,HUILERIE,infra.huilerie_inventaire_pollution,MANUAL_REVIEW_REQUIRED,1,PENDING,distance=0.00m; nom=1.00; commune=0.00; priorite=4
e60088e9-cf94-4e41-ae65-a5390866b4b8,4e238b4f-430c-449c-b197-702c3e5030e4,b4f2c5cc-ab5c-4e05-adf8-e02251f344dc,infra.huilerie,596,6bf940d2-a2f8-48f3-92ed-62702a6e1134,0.0,0.7400,DUPLICATE_EXACT,Huilerie extra du maroc,Huilerie extra du maroc,,M'HAYA,HUILERIE,infra.huilerie_inventaire_pollution,MANUAL_REVIEW_REQUIRED,1,PENDING,distance=0.00m; nom=1.00; commune=0.00; priorite=4
e60088e9-cf94-4e41-ae65-a5390866b4b8,062e8875-25e1-49cb-a8ad-1d18868141d3,00561856-8e47-4a62-9f73-44a5c2f262e8,infra.huilerie,597,af65b748-11e4-4ab1-9605-41342a76b6ce,0.0,0.7400,DUPLICATE_EXACT,El Gouraa Abdelkader,El Gouraa Abdelkader,,M'HAYA,HUILERIE,infra.huilerie_inventaire_pollution,MANUAL_REVIEW_REQUIRED,1,PENDING,distance=0.00m; nom=1.00; commune=0.00; priorite=4
e60088e9-cf94-4e41-ae65-a5390866b4b8,87db1aa9-22b6-4090-b88d-38ea53114cba,360b56e7-b03a-4005-b2f1-ac7310332dfa,infra.huilerie,598,c209a3ad-ff98-4d25-a6f4-9c15ecfae708,0.0,0.7400,DUPLICATE_EXACT,Bengraa Khalid,Bengraa Khalid,,M'HAYA,HUILERIE,infra.huilerie_inventaire_pollution,MANUAL_REVIEW_REQUIRED,1,PENDING,distance=0.00m; nom=1.00; commune=0.00; priorite=4
e60088e9-cf94-4e41-ae65-a5390866b4b8,223bbbb4-8766-4c19-aea6-fd515b5f9088,ca134a4b-fd91-48a6-9860-870e43b2c43f,infra.huilerie,599,fdc1f951-02ec-4548-8c26-d8975e303e05,0.0,0.7400,DUPLICATE_EXACT,Khanchaoui Driss,Khanchaoui Driss,,M'HAYA,HUILERIE,infra.huilerie_inventaire_pollution,MANUAL_REVIEW_REQUIRED,1,PENDING,distance=0.00m; nom=1.00; commune=0.00; priorite=4
e60088e9-cf94-4e41-ae65-a5390866b4b8,57f7b898-ccde-44db-97b8-5be7aa9bb36f,0651c83c-6833-4d74-aa1d-c46d79a7d11d,infra.huilerie,600,45a4c1e9-5878-49e0-949b-96c6a23954f2,0.0,0.7400,DUPLICATE_EXACT,Boungab Abdelkader,Boungab Abdelkader,,M'HAYA,HUILERIE,infra.huilerie_inventaire_pollution,MANUAL_REVIEW_REQUIRED,1,PENDING,distance=0.00m; nom=1.00; commune=0.00; priorite=4
e60088e9-cf94-4e41-ae65-a5390866b4b8,185d565a-f31b-4281-a2a8-2998e58c5f69,5c43d6ac-1ff7-4d70-80e6-1ba8ef3736a6,infra.huilerie,607,7145ba36-ec30-450e-b89c-ad6e25886ce7,0.0,0.7400,DUPLICATE_EXACT,Huilerie Zerouali,Huilerie Zerouali,,Dkhissa,HUILERIE,infra.huilerie_inventaire_pollution,MANUAL_REVIEW_REQUIRED,1,PENDING,distance=0.00m; nom=1.00; commune=0.00; priorite=4
e60088e9-cf94-4e41-ae65-a5390866b4b8,caa5f85d-65d9-4332-a8ea-63805bbe779b,e9f29aac-772d-45a6-9651-09b3b79f4b17,infra.huilerie,355,c483f161-8c1c-4a5e-96c9-1740ee5bafd3,0.0,0.7400,DUPLICATE_EXACT,Non-connue 02,Non-connue 02,,Matmata,HUILERIE,infra.huilerie_inventaire_pollution,MANUAL_REVIEW_REQUIRED,1,PENDING,distance=0.00m; nom=1.00; commune=0.00; priorite=4
e60088e9-cf94-4e41-ae65-a5390866b4b8,d5765e0b-c9e9-47d0-865b-0e0998095196,146233d7-89d0-4c6e-a1b2-7f664dd8b9ac,infra.huilerie,356,bbf870e8-97f1-4431-b305-b5e1cd0d5d54,0.0,0.7400,DUPLICATE_EXACT,Non-connue 03,Non-connue 03,,Matmata,HUILERIE,infra.huilerie_inventaire_pollution,MANUAL_REVIEW_REQUIRED,1,PENDING,distance=0.00m; nom=1.00; commune=0.00; priorite=4
e60088e9-cf94-4e41-ae65-a5390866b4b8,399c744a-a635-41a2-aa92-3a67d73edb75,6c692565-52ad-45c6-89fc-a0fe7fc16f8b,infra.huilerie,357,1d024e20-3e0e-42aa-9380-40b03d0f8cf8,0.0,0.7400,DUPLICATE_EXACT,Non-connue 04,Non-connue 04,,Matmata,HUILERIE,infra.huilerie_inventaire_pollution,MANUAL_REVIEW_REQUIRED,1,PENDING,distance=0.00m; nom=1.00; commune=0.00; priorite=4
e60088e9-cf94-4e41-ae65-a5390866b4b8,3cd992f3-1577-4c58-a2f2-24e9f377c853,f06dfb86-53e9-4059-89fe-c766c7186cb5,infra.huilerie,371,b091fb9f-e02f-4e9d-92f0-4ef9eb0de5ad,0.0,0.7400,DUPLICATE_EXACT,Maasra el kajj,Maasra el kajj,,Ait saghouchen,HUILERIE,infra.huilerie_inventaire_pollution,MANUAL_REVIEW_REQUIRED,1,PENDING,distance=0.00m; nom=1.00; commune=0.00; priorite=4
e60088e9-cf94-4e41-ae65-a5390866b4b8,7c9aa676-6978-4505-a15c-2df7400b2df7,5e3b127c-a2e8-453d-851c-dfa3e5e37367,infra.huilerie,372,60f06414-85a5-4e78-8606-661b57c15474,0.0,0.7400,DUPLICATE_EXACT,Massra machkour,Massra machkour,,Ait saghouchen,HUILERIE,infra.huilerie_inventaire_pollution,MANUAL_REVIEW_REQUIRED,1,PENDING,distance=0.00m; nom=1.00; commune=0.00; priorite=4
e60088e9-cf94-4e41-ae65-a5390866b4b8,f6abf92e-6a0b-4b5e-aabb-fc88a8f69c8f,54ead893-fdaf-4448-8729-7ce24cb22934,infra.huilerie,373,65322e9a-b892-4ff6-b45a-24e433dc5f3e,0.0,0.7400,DUPLICATE_EXACT,Maasra abbouz,Maasra abbouz,,Ait saghouchen,HUILERIE,infra.huilerie_inventaire_pollution,MANUAL_REVIEW_REQUIRED,1,PENDING,distance=0.00m; nom=1.00; commune=0.00; priorite=4
e60088e9-cf94-4e41-ae65-a5390866b4b8,0068b66f-469a-4831-8c01-31c91d3ddd1b,2f14ed3e-e6a2-42f8-989b-6ad062fa9dbd,infra.huilerie,374,98e01d87-fc89-4716-8693-0b936fab9c09,0.0,0.7400,DUPLICATE_EXACT,Massra dahmani,Massra dahmani,,Ait saghouchen,HUILERIE,infra.huilerie_inventaire_pollution,MANUAL_REVIEW_REQUIRED,1,PENDING,distance=0.00m; nom=1.00; commune=0.00; priorite=4
e60088e9-cf94-4e41-ae65-a5390866b4b8,e0c470bf-d396-4cb8-aac2-bf52322cb942,d7f5e088-6cfc-48da-a873-6c4d99f6ca40,infra.huilerie,324,6ca8ffa0-fb6e-446d-8282-f9730e4c2c64,0.0,0.7400,DUPLICATE_EXACT,Sté foukar,Sté foukar,,Msila,HUILERIE,infra.huilerie_inventaire_pollution,MANUAL_REVIEW_REQUIRED,1,PENDING,distance=0.00m; nom=1.00; commune=0.00; priorite=4
e60088e9-cf94-4e41-ae65-a5390866b4b8,06e874a7-f570-44c1-ab05-7f7ddb7fecae,544c47fc-0742-4304-abc0-9ce21bc0cf03,infra.huilerie,362,61bc49a0-b588-464d-a9b6-fed69b41c730,0.0,0.7400,DUPLICATE_EXACT,Maasra ksili abdessalam,Maasra ksili abdessalam,,Bni ftah,HUILERIE,infra.huilerie_inventaire_pollution,MANUAL_REVIEW_REQUIRED,1,PENDING,distance=0.00m; nom=1.00; commune=0.00; priorite=4
e60088e9-cf94-4e41-ae65-a5390866b4b8,02351f0c-6c34-4bb4-b842-04e698c0ae5a,976154b4-cdbc-4573-aa0a-7b04c0f3ca28,infra.huilerie,363,fa2686e3-22ac-4552-995d-c4ac2132f81c,0.0,0.7400,DUPLICATE_EXACT,Maasra ikhouane berrada,Maasra ikhouane berrada,,Bni ftah,HUILERIE,infra.huilerie_inventaire_pollution,MANUAL_REVIEW_REQUIRED,1,PENDING,distance=0.00m; nom=1.00; commune=0.00; priorite=4
e60088e9-cf94-4e41-ae65-a5390866b4b8,78cd7fac-331e-4f69-bec9-3702004fc4fa,b5ec522f-06bd-4918-8fcd-3bdf9130ffc0,infra.huilerie,310,2eeb167e-8d24-44bc-9b47-ca609c3d90b8,0.0,0.7400,DUPLICATE_EXACT,Elfalah,Elfalah,,Bourd,HUILERIE,infra.huilerie_inventaire_pollution,MANUAL_REVIEW_REQUIRED,1,PENDING,distance=0.00m; nom=1.00; commune=0.00; priorite=4
e60088e9-cf94-4e41-ae65-a5390866b4b8,2a5bc007-8dec-4cf9-844a-1b81d8248f65,b2d5ca24-7c59-4f0e-b83a-cfc0b55d3e6d,infra.huilerie,311,64086148-6453-42ce-9f4f-c5f71cdfb625,0.0,0.7400,DUPLICATE_EXACT,Mchachti,Mchachti,,Bourd,HUILERIE,infra.huilerie_inventaire_pollution,MANUAL_REVIEW_REQUIRED,1,PENDING,distance=0.00m; nom=1.00; commune=0.00; priorite=4
e60088e9-cf94-4e41-ae65-a5390866b4b8,c652fefb-6e5d-4994-ba3e-24256f79a3a0,8fed10f5-6b07-47a6-831d-2e4e19acb343,infra.huilerie,312,c254b47b-e987-4e2e-9837-31cb2a7853a7,0.0,0.7400,DUPLICATE_EXACT,Houncho,Houncho,,Bourd,HUILERIE,infra.huilerie_inventaire_pollution,MANUAL_REVIEW_REQUIRED,1,PENDING,distance=0.00m; nom=1.00; commune=0.00; priorite=4
e60088e9-cf94-4e41-ae65-a5390866b4b8,a6b0fc54-6e4a-438e-b9d0-2d15dc035c06,6a229907-c5d6-458f-8cbd-8e6588bddf44,infra.huilerie,313,7962727f-b430-4dd8-8b4f-c0f05dca02dd,0.0,0.7400,DUPLICATE_EXACT,Nour,Nour,,Bourd,HUILERIE,infra.huilerie_inventaire_pollution,MANUAL_REVIEW_REQUIRED,1,PENDING,distance=0.00m; nom=1.00; commune=0.00; priorite=4
e60088e9-cf94-4e41-ae65-a5390866b4b8,bc31410c-b8dc-4048-95c3-2379e447fc91,95e6552b-7db0-4c5a-9496-c50e650c4bcb,infra.huilerie,350,efc765e5-efbc-4710-a91a-d845bfe28ddb,0.0,0.7400,DUPLICATE_EXACT,Huileries hanchou,Huileries hanchou,,Bourd,HUILERIE,infra.huilerie_inventaire_pollution,MANUAL_REVIEW_REQUIRED,1,PENDING,distance=0.00m; nom=1.00; commune=0.00; priorite=4
e60088e9-cf94-4e41-ae65-a5390866b4b8,abb6afa3-859c-422b-a033-8f00abdb0bde,7c721b01-9050-459e-9a07-cc994eb2baa6,infra.huilerie,308,edf55a5f-d476-4c8a-9c2a-ee9013be81d4,0.0,0.7400,DUPLICATE_EXACT,Achbar,Achbar,,Zrarda,HUILERIE,infra.huilerie_inventaire_pollution,MANUAL_REVIEW_REQUIRED,1,PENDING,distance=0.00m; nom=1.00; commune=0.00; priorite=4
e60088e9-cf94-4e41-ae65-a5390866b4b8,5c1fec90-0077-40df-a484-842387929ccf,dd0bdb22-352c-4f2e-a799-c37208f1129c,infra.huilerie,349,1dc1b9bd-3236-4a50-b0b7-fd818e3c481b,0.0,0.7400,DUPLICATE_EXACT,Amellal agro,Amellal agro,,Zrarda,HUILERIE,infra.huilerie_inventaire_pollution,MANUAL_REVIEW_REQUIRED,1,PENDING,distance=0.00m; nom=1.00; commune=0.00; priorite=4
e60088e9-cf94-4e41-ae65-a5390866b4b8,7a56c9e8-47d2-4882-bcd9-3f4a7a6fd69d,3e0d5385-00fe-401c-91f1-76e4d72fc199,infra.huilerie,351,e774452b-54ad-42d1-bd00-167322d3c394,0.0,0.7400,DUPLICATE_EXACT,Huilerie aberchane,Huilerie aberchane,,Zrarda,HUILERIE,infra.huilerie_inventaire_pollution,MANUAL_REVIEW_REQUIRED,1,PENDING,distance=0.00m; nom=1.00; commune=0.00; priorite=4
e60088e9-cf94-4e41-ae65-a5390866b4b8,6e579b93-1f7e-42ce-b704-88a0b9c2bbd0,1e279dab-8dca-4f7e-8d3f-f76b60798d9d,infra.huilerie,323,f01e09e1-75f5-4843-b799-8b0567804a58,0.0,0.7400,DUPLICATE_EXACT,Mrilo,Mrilo,,Bni frassen,HUILERIE,infra.huilerie_inventaire_pollution,MANUAL_REVIEW_REQUIRED,1,PENDING,distance=0.00m; nom=1.00; commune=0.00; priorite=4
e60088e9-cf94-4e41-ae65-a5390866b4b8,1bef78c1-c124-4b55-8987-70d25df01a38,0ec6fe36-bea2-44b4-aeae-855b50d24c21,infra.huilerie,326,72bde6ed-a382-42ec-8665-339004136c6c,0.0,0.7400,DUPLICATE_EXACT,M'tioua nabat,M'tioua nabat,,Bni frassen,HUILERIE,infra.huilerie_inventaire_pollution,MANUAL_REVIEW_REQUIRED,1,PENDING,distance=0.00m; nom=1.00; commune=0.00; priorite=4
e60088e9-cf94-4e41-ae65-a5390866b4b8,7b2c4dfc-3c62-461c-b482-e96f84bae251,c0ac7c60-93a8-4390-b5de-8f4861a66d07,infra.huilerie,364,eb2718a9-ce48-4c82-b85b-3ccbc1058a3e,0.0,0.7400,DUPLICATE_EXACT,Maasra tfazza,Maasra tfazza,,Bni frassen,HUILERIE,infra.huilerie_inventaire_pollution,MANUAL_REVIEW_REQUIRED,1,PENDING,distance=0.00m; nom=1.00; commune=0.00; priorite=4
e60088e9-cf94-4e41-ae65-a5390866b4b8,97d5c01c-29a9-4f9c-aedf-2abfe08bd124,48f041fd-377c-4984-8f7c-6830596e63e6,infra.huilerie,370,e90ca716-6e52-46b7-aa08-78d99904b3e3,0.0,0.7400,DUPLICATE_EXACT,Maasra el asri,Maasra el asri,,Ait saghouchen,HUILERIE,infra.huilerie_inventaire_pollution,MANUAL_REVIEW_REQUIRED,1,PENDING,distance=0.00m; nom=1.00; commune=0.00; priorite=4
e60088e9-cf94-4e41-ae65-a5390866b4b8,027a93e2-34f4-4a50-9f4a-06f17d3ace35,2d638217-ff5b-4a88-ba12-2419881551ed,infra.huilerie,325,02af4b57-1117-4e70-bcce-3c884cdeb143,0.0,0.7400,DUPLICATE_EXACT,Madrar,Madrar,,Bni lent,HUILERIE,infra.huilerie_inventaire_pollution,MANUAL_REVIEW_REQUIRED,1,PENDING,distance=0.00m; nom=1.00; commune=0.00; priorite=4
e60088e9-cf94-4e41-ae65-a5390866b4b8,5cb02a65-baec-4e98-83ff-e05eac837519,5296f152-279d-4a74-8b41-9b9b3bdfb902,infra.huilerie,366,1d6e155c-0729-4420-9e11-9fba9b6311f3,0.0,0.7400,DUPLICATE_EXACT,Coopérative el keir 1,Coopérative el keir 1,,Galdamane,HUILERIE,infra.huilerie_inventaire_pollution,MANUAL_REVIEW_REQUIRED,1,PENDING,distance=0.00m; nom=1.00; commune=0.00; priorite=4
e60088e9-cf94-4e41-ae65-a5390866b4b8,b3d725f0-8bd0-487e-bd29-da9b610fe630,99d862cc-fe65-4132-aa84-e4025257cd45,infra.huilerie,367,ff046558-dc25-4f96-ac61-2a47bdb96013,0.0,0.7400,DUPLICATE_EXACT,Maasra bachari,Maasra bachari,,Galdamane,HUILERIE,infra.huilerie_inventaire_pollution,MANUAL_REVIEW_REQUIRED,1,PENDING,distance=0.00m; nom=1.00; commune=0.00; priorite=4
e60088e9-cf94-4e41-ae65-a5390866b4b8,ac9b4fa2-44ff-4191-8f19-48ed18775af7,cb13790b-bf49-412d-8e88-925ec20920ae,infra.huilerie,368,09ab132e-3a7a-44d0-b087-cadb570fdbc5,0.0,0.7400,DUPLICATE_EXACT,Maasra abbadi,Maasra abbadi,,Galdamane,HUILERIE,infra.huilerie_inventaire_pollution,MANUAL_REVIEW_REQUIRED,1,PENDING,distance=0.00m; nom=1.00; commune=0.00; priorite=4
e60088e9-cf94-4e41-ae65-a5390866b4b8,558bd0e2-bd55-4bb5-a44e-2e91ec99a615,e5d01161-191a-4938-96d4-31c027ac000a,infra.huilerie,369,ff8293e8-fa68-42f0-a1c9-9a7307d03e01,0.0,0.7400,DUPLICATE_EXACT,Coopérative el keir 2,Coopérative el keir 2,,Galdamane,HUILERIE,infra.huilerie_inventaire_pollution,MANUAL_REVIEW_REQUIRED,1,PENDING,distance=0.00m; nom=1.00; commune=0.00; priorite=4
e60088e9-cf94-4e41-ae65-a5390866b4b8,f270f344-586d-486a-b10a-f1cf09fd70a1,0655270d-1259-458d-9f59-28234b280def,infra.huilerie,318,a8f4b352-02a4-455d-b9ec-dad5fbf6f52c,0.0,0.7400,DUPLICATE_EXACT,Hida mbarka,Hida mbarka,,Meknassa algharbia,HUILERIE,infra.huilerie_inventaire_pollution,MANUAL_REVIEW_REQUIRED,1,PENDING,distance=0.00m; nom=1.00; commune=0.00; priorite=4
e60088e9-cf94-4e41-ae65-a5390866b4b8,78a031c8-ca2c-4798-afb2-493e554dc281,bf45bbef-0677-40f0-8c11-466e57ed91fa,infra.huilerie,315,0def6a1f-dd31-4f08-82e9-daf770363ff2,0.0,0.7400,DUPLICATE_EXACT,Sté chajara moubaraka,Sté chajara moubaraka,,Oulad chrif,HUILERIE,infra.huilerie_inventaire_pollution,MANUAL_REVIEW_REQUIRED,1,PENDING,distance=0.00m; nom=1.00; commune=0.00; priorite=4
e60088e9-cf94-4e41-ae65-a5390866b4b8,d4cdc931-0057-49fb-9dcf-d6eaa3ebe2cc,c109caf8-7531-495b-bb2e-b27015013806,infra.huilerie,316,454e06d7-2460-4a3f-b6bd-3007b4480e4a,0.0,0.7400,DUPLICATE_EXACT,Tizin tayda,Tizin tayda,,Oulad chrif,HUILERIE,infra.huilerie_inventaire_pollution,MANUAL_REVIEW_REQUIRED,1,PENDING,distance=0.00m; nom=1.00; commune=0.00; priorite=4
e60088e9-cf94-4e41-ae65-a5390866b4b8,db58e2fd-19dc-4f75-9237-585dd202c124,6a2274f9-ced1-43f1-99b7-0f5cdaa0f32c,infra.huilerie,191,937af28d-ec59-48ec-9a61-8070d03b0463,0.0,0.7400,DUPLICATE_EXACT,Huilerie Abdessalam ZOUINE,Huilerie Abdessalam ZOUINE,,Sebt Loudaya,HUILERIE,infra.huilerie_inventaire_pollution,MANUAL_REVIEW_REQUIRED,1,PENDING,distance=0.00m; nom=1.00; commune=0.00; priorite=4
e60088e9-cf94-4e41-ae65-a5390866b4b8,2688e8f6-c2bc-4d46-99da-c2e4872e7675,350fad6f-6449-469d-8b5a-cd50083a4ae1,infra.huilerie,192,77f3b7d2-84a0-4850-9326-72abfe093e4b,0.0,0.7400,DUPLICATE_EXACT,Huilerie Abdelhadi AZIM,Huilerie Abdelhadi AZIM,,Sebt Loudaya,HUILERIE,infra.huilerie_inventaire_pollution,MANUAL_REVIEW_REQUIRED,1,PENDING,distance=0.00m; nom=1.00; commune=0.00; priorite=4
e60088e9-cf94-4e41-ae65-a5390866b4b8,50f9fe6f-bc7e-49cf-a9d7-5e6b52488ca5,a1db0b67-fb83-4e41-bde6-2b1068e5ffb5,infra.huilerie,193,22884afa-5981-4786-b283-245d73569d2d,0.0,0.7400,DUPLICATE_EXACT,Coopérative agricole El Hassania,Coopérative agricole El Hassania,,Ain Kansara,HUILERIE,infra.huilerie_inventaire_pollution,MANUAL_REVIEW_REQUIRED,1,PENDING,distance=0.00m; nom=1.00; commune=0.00; priorite=4
e60088e9-cf94-4e41-ae65-a5390866b4b8,ee3265c5-a718-410f-a55f-8905e20e621e,3af8bf0b-bed3-435e-97b6-63fd379ddc38,infra.huilerie,116,31f15708-d334-4017-ab3b-bbea55e5f821,0.0,0.7400,DUPLICATE_EXACT,H.EL JAOUDA,H.EL JAOUDA,,SEBAA ROUDI,HUILERIE,infra.huilerie_inventaire_pollution,MANUAL_REVIEW_REQUIRED,1,PENDING,distance=0.00m; nom=1.00; commune=0.00; priorite=4
e60088e9-cf94-4e41-ae65-a5390866b4b8,bdede1cd-4ad1-4a7c-9dde-55ff047b2a8d,47acb979-01f1-45cd-8000-5a81d9bdfa20,infra.huilerie,117,12443e98-d41e-474d-a5b1-779374f7a302,0.0,0.7400,DUPLICATE_EXACT,H.EL BARAKA,H.EL BARAKA,,SEBAA ROUDI,HUILERIE,infra.huilerie_inventaire_pollution,MANUAL_REVIEW_REQUIRED,1,PENDING,distance=0.00m; nom=1.00; commune=0.00; priorite=4
e60088e9-cf94-4e41-ae65-a5390866b4b8,fd68120a-4ca6-4060-bae4-d3d3846d6bfe,9fb18bf3-a82c-4a96-a477-85dc4d0c3100,infra.huilerie,122,e94c4c78-860d-4b17-a66f-ba4376d11605,0.0,0.7400,DUPLICATE_EXACT,Ain Alah,Ain Alah,,SBAA ROUADI,HUILERIE,infra.huilerie_inventaire_pollution,MANUAL_REVIEW_REQUIRED,1,PENDING,distance=0.00m; nom=1.00; commune=0.00; priorite=4
e60088e9-cf94-4e41-ae65-a5390866b4b8,74a4fcea-d312-455b-aedd-b2e30f3343cd,5216b348-a718-4a76-8370-a20f54168193,infra.huilerie,126,748a88cb-3c54-4c9d-85eb-137dc72ea04c,0.0,0.7400,DUPLICATE_EXACT,ERRAHMA ,ERRAHMA,,SBAA ROUADI,HUILERIE,infra.huilerie_inventaire_pollution,MANUAL_REVIEW_REQUIRED,1,PENDING,distance=0.00m; nom=1.00; commune=0.00; priorite=4
e60088e9-cf94-4e41-ae65-a5390866b4b8,d2a14815-6dbb-4fd2-8dab-a77f6f2fe176,5102c0c8-5607-4d92-839f-4694fc08b6c2,infra.huilerie,127,8b08cd41-a4fe-4253-b3ca-1d798b74f715,0.0,0.7400,DUPLICATE_EXACT,Zit Zitoun Al Baraka ,Zit Zitoun Al Baraka,,SBAA ROUADI,HUILERIE,infra.huilerie_inventaire_pollution,MANUAL_REVIEW_REQUIRED,1,PENDING,distance=0.00m; nom=1.00; commune=0.00; priorite=4
e60088e9-cf94-4e41-ae65-a5390866b4b8,f87ed00b-c405-4f8a-b29b-9b6b1c18a0c3,177ddfb9-5812-4a56-bafb-3922cbba2609,infra.huilerie,129,55f6c676-1ac1-4244-a83f-eb76ab26feb8,0.0,0.7400,DUPLICATE_EXACT,Adouyat,Adouyat,,SBAA ROUADI,HUILERIE,infra.huilerie_inventaire_pollution,MANUAL_REVIEW_REQUIRED,1,PENDING,distance=0.00m; nom=1.00; commune=0.00; priorite=4
e60088e9-cf94-4e41-ae65-a5390866b4b8,814c29f3-6167-4186-b0f3-f0ff04f3fb2b,f2cd160b-d9c9-45d5-bc07-6614eaa9de4b,infra.huilerie,134,27013b4b-79d6-4596-8a1c-cb5401ecda5d,0.0,0.7400,DUPLICATE_EXACT,OUED NJA  ,OUED NJA,,SBAA ROUADI,HUILERIE,infra.huilerie_inventaire_pollution,MANUAL_REVIEW_REQUIRED,1,PENDING,distance=0.00m; nom=1.00; commune=0.00; priorite=4
e60088e9-cf94-4e41-ae65-a5390866b4b8,e17b6465-fb3c-4706-9435-8855b6c143b6,398aee40-605e-44bb-ab28-ac15924579e8,infra.huilerie,137,ebf8fe79-81ae-402e-b2d1-7378571e268c,0.0,0.7400,DUPLICATE_EXACT,"H,EL BARAKA","H,EL BARAKA",,AIN BOUALI,HUILERIE,infra.huilerie_inventaire_pollution,MANUAL_REVIEW_REQUIRED,1,PENDING,distance=0.00m; nom=1.00; commune=0.00; priorite=4
e60088e9-cf94-4e41-ae65-a5390866b4b8,52cd0b76-980e-4a90-b6f2-12b1a9d7cf3e,6742800a-7d2c-4b82-b3f2-6e3cd2ee2862,infra.huilerie,138,ea5c5a68-be00-4414-bcf9-066ebc471585,0.0,0.7400,DUPLICATE_EXACT,"H,CHAJARA EL MOBARAKA","H,CHAJARA EL MOBARAKA",,AIN BOUALI,HUILERIE,infra.huilerie_inventaire_pollution,MANUAL_REVIEW_REQUIRED,1,PENDING,distance=0.00m; nom=1.00; commune=0.00; priorite=4
e60088e9-cf94-4e41-ae65-a5390866b4b8,bab592fc-9ebd-4e61-acc5-468560801e0b,9d6ccccf-f712-4a2d-8f1a-8265aace8771,infra.huilerie,179,a198bdfa-dbc0-4220-98e8-74053319354e,0.0,0.7400,DUPLICATE_EXACT,Huilerie Mohamed BOUAANANI,Huilerie Mohamed BOUAANANI,,Ain Bouali,HUILERIE,infra.huilerie_inventaire_pollution,MANUAL_REVIEW_REQUIRED,1,PENDING,distance=0.00m; nom=1.00; commune=0.00; priorite=4
e60088e9-cf94-4e41-ae65-a5390866b4b8,31caa12b-84a5-43d9-b7a8-998c9cc90d4c,23d150af-d752-4dab-b2da-fb836a09bd13,infra.huilerie,180,0557b034-3232-4fc3-bce9-242c6da98898,0.0,0.7400,DUPLICATE_EXACT,Huilerie Mohamed KCHABOU,Huilerie Mohamed KCHABOU,,Ain Bouali,HUILERIE,infra.huilerie_inventaire_pollution,MANUAL_REVIEW_REQUIRED,1,PENDING,distance=0.00m; nom=1.00; commune=0.00; priorite=4
e60088e9-cf94-4e41-ae65-a5390866b4b8,34bc5f0f-b257-47cc-b660-926527c8f157,7d0fe8d9-187c-434f-97c0-ffabc30903b9,infra.huilerie,181,e7b58078-1dde-488e-8c73-ab762edc81f6,0.0,0.7400,DUPLICATE_EXACT,Coopérative GIO LEMTA,Coopérative GIO LEMTA,,Ain Bouali,HUILERIE,infra.huilerie_inventaire_pollution,MANUAL_REVIEW_REQUIRED,1,PENDING,distance=0.00m; nom=1.00; commune=0.00; priorite=4
e60088e9-cf94-4e41-ae65-a5390866b4b8,491c070c-55db-4976-a001-5084094034e3,356febf6-61b5-4b0f-9957-1465ed5b483c,infra.huilerie,182,3695f834-3eeb-48c3-95e0-f995f5e6eb9c,0.0,0.7400,DUPLICATE_EXACT,Huilerie Boucheta HAMOUCH,Huilerie Boucheta HAMOUCH,,Ain Bouali,HUILERIE,infra.huilerie_inventaire_pollution,MANUAL_REVIEW_REQUIRED,1,PENDING,distance=0.00m; nom=1.00; commune=0.00; priorite=4
e60088e9-cf94-4e41-ae65-a5390866b4b8,4fcd2f05-27bb-4cfb-a8c1-349ac65572d1,c7df5790-3c44-444b-a9fb-c297b347a542,infra.huilerie,183,1a076af0-0d73-4ab9-8a2d-041398dd1c6f,0.0,0.7400,DUPLICATE_EXACT,Huilerie Said BOUHTATA,Huilerie Said BOUHTATA,,Ain Bouali,HUILERIE,infra.huilerie_inventaire_pollution,MANUAL_REVIEW_REQUIRED,1,PENDING,distance=0.00m; nom=1.00; commune=0.00; priorite=4
e60088e9-cf94-4e41-ae65-a5390866b4b8,cd52f4b8-e68b-4c25-b07b-d7691d6743be,d429220f-105b-48f5-914f-1ab98889274e,infra.huilerie,184,fd6c48d4-f7ca-41a9-94e6-031a46b94a88,0.0,0.7400,DUPLICATE_EXACT,Huilerie Abderrezak SATTOURI,Huilerie Abderrezak SATTOURI,,Ain Bouali,HUILERIE,infra.huilerie_inventaire_pollution,MANUAL_REVIEW_REQUIRED,1,PENDING,distance=0.00m; nom=1.00; commune=0.00; priorite=4
e60088e9-cf94-4e41-ae65-a5390866b4b8,4f2c9721-d8b9-4724-a1af-8e10a7a15a4a,701602f8-85ae-4911-ac47-c3003c6a2931,infra.huilerie,185,470976f9-4741-4160-99c8-21f061bb327b,0.0,0.7400,DUPLICATE_EXACT,Huilerie Youssef SATTOURI,Huilerie Youssef SATTOURI,,Ain Bouali,HUILERIE,infra.huilerie_inventaire_pollution,MANUAL_REVIEW_REQUIRED,1,PENDING,distance=0.00m; nom=1.00; commune=0.00; priorite=4
e60088e9-cf94-4e41-ae65-a5390866b4b8,b5348d6c-abd6-4886-bf83-47f277276964,d25f8923-21fb-4607-9020-cab18ee77b03,infra.huilerie,186,c3f5a350-481a-493e-be2a-667c1afa0440,0.0,0.7400,DUPLICATE_EXACT,Huilerie Abdellah HABI,Huilerie Abdellah HABI,,Ain Bouali,HUILERIE,infra.huilerie_inventaire_pollution,MANUAL_REVIEW_REQUIRED,1,PENDING,distance=0.00m; nom=1.00; commune=0.00; priorite=4
e60088e9-cf94-4e41-ae65-a5390866b4b8,f5a84d07-3bc0-4ce9-a780-c5865fb19f9a,f9c43f82-5f44-4ffc-801a-bee869fe8ef8,infra.huilerie,187,207a00af-ec96-44c9-949b-15280304a914,0.0,0.7400,DUPLICATE_EXACT,Huilerie Idriss BOUTEOUR,Huilerie Idriss BOUTEOUR,,Ain Bouali,HUILERIE,infra.huilerie_inventaire_pollution,MANUAL_REVIEW_REQUIRED,1,PENDING,distance=0.00m; nom=1.00; commune=0.00; priorite=4
e60088e9-cf94-4e41-ae65-a5390866b4b8,8b023805-6409-4814-8fc9-e71cc665db4a,5e005709-7cb2-4449-b735-e28fc05c76ba,infra.huilerie,188,20a3dbeb-bbff-4941-84fd-6443f001ecc8,0.0,0.7400,DUPLICATE_EXACT,Huilerie Bazio EL BARNOUSI,Huilerie Bazio EL BARNOUSI,,Ain Bouali,HUILERIE,infra.huilerie_inventaire_pollution,MANUAL_REVIEW_REQUIRED,1,PENDING,distance=0.00m; nom=1.00; commune=0.00; priorite=4
e60088e9-cf94-4e41-ae65-a5390866b4b8,5b27aa02-173b-41ae-bb95-7f87a8bb1b4c,39ee763c-04cb-45f9-8a38-f16f505c5538,infra.huilerie,189,0e1eee65-fe66-427e-9a01-1f2595339182,0.0,0.7400,DUPLICATE_EXACT,Société BOUSTANE LEMTA,Société BOUSTANE LEMTA,,Ain Bouali,HUILERIE,infra.huilerie_inventaire_pollution,MANUAL_REVIEW_REQUIRED,1,PENDING,distance=0.00m; nom=1.00; commune=0.00; priorite=4
e60088e9-cf94-4e41-ae65-a5390866b4b8,7d310f39-364b-4b5d-aae1-68fd525e3658,67972613-d360-41ff-81bd-f54783e1cc3f,infra.huilerie,190,b35ebb49-3ca5-41c0-8a1b-219606dbd984,0.0,0.7400,DUPLICATE_EXACT,Huilerie Massoud EL SAYEBE,Huilerie Massoud EL SAYEBE,,Ain Bouali,HUILERIE,infra.huilerie_inventaire_pollution,MANUAL_REVIEW_REQUIRED,1,PENDING,distance=0.00m; nom=1.00; commune=0.00; priorite=4
e60088e9-cf94-4e41-ae65-a5390866b4b8,bbce62db-9a8d-4b57-9964-a767db115277,6185f107-353e-4205-a88c-f17a50eb97b9,infra.huilerie,123,feb3b5de-1796-4326-b854-c2572f4ad816,0.0,0.7400,DUPLICATE_EXACT,Mohamed Mokhlis ,Mohamed Mokhlis,,Ain Chkef;,HUILERIE,infra.huilerie_inventaire_pollution,MANUAL_REVIEW_REQUIRED,1,PENDING,distance=0.00m; nom=1.00; commune=0.00; priorite=4
e60088e9-cf94-4e41-ae65-a5390866b4b8,5e0aecb5-ea71-4979-b22b-a459893f0093,0ffb872e-048b-40fc-b02f-21381b023545,infra.huilerie,135,6f46d7f3-79de-4992-ae53-f1e5aeff77dc,0.0,0.7400,DUPLICATE_EXACT,Fatna Said ,Fatna Said,,Ain Chkef,HUILERIE,infra.huilerie_inventaire_pollution,MANUAL_REVIEW_REQUIRED,1,PENDING,distance=0.00m; nom=1.00; commune=0.00; priorite=4
e60088e9-cf94-4e41-ae65-a5390866b4b8,e9471975-1c7c-4947-82b1-a9e342342cdf,de71a895-8f65-42e3-a875-73588343dd45,infra.huilerie,45,eed041ce-f878-4097-8aab-4f7d352f9ac1,0.0,0.7400,DUPLICATE_EXACT,Huilerie ADEBAR,Huilerie ADEBAR,,Ras Ijirri,HUILERIE,infra.huilerie_inventaire_pollution,MANUAL_REVIEW_REQUIRED,1,PENDING,distance=0.00m; nom=1.00; commune=0.00; priorite=4
e60088e9-cf94-4e41-ae65-a5390866b4b8,efb12523-ae01-4219-b563-49fbe4a9721e,4b04eb15-dc06-48ba-ab3f-3e46fdab68d4,infra.huilerie,46,5be75631-323f-4d45-a218-eb81f01906d1,0.0,0.7400,DUPLICATE_EXACT,Huilerie BACHA,Huilerie BACHA,,Ras Ijirri,HUILERIE,infra.huilerie_inventaire_pollution,MANUAL_REVIEW_REQUIRED,1,PENDING,distance=0.00m; nom=1.00; commune=0.00; priorite=4
e60088e9-cf94-4e41-ae65-a5390866b4b8,040832da-b1b6-4c1f-9221-f4ca8f503156,adcfba42-274e-4921-b896-88818b0b8de0,infra.huilerie,62,4457edcf-73f5-4e54-92ad-b6f5ae235f00,0.0,0.7400,DUPLICATE_EXACT,Huilerie Tifrite,Huilerie Tifrite,,RAS IJERRI,HUILERIE,infra.huilerie_inventaire_pollution,MANUAL_REVIEW_REQUIRED,1,PENDING,distance=0.00m; nom=1.00; commune=0.00; priorite=4
e60088e9-cf94-4e41-ae65-a5390866b4b8,683d3eac-65e9-4745-83c4-dc6aa3661b93,029d1e2a-4272-4b5f-8f6b-d5b3fe3ed185,infra.huilerie,65,b2108fe1-bd30-4246-bb52-c5da42d9a54a,0.0,0.7400,DUPLICATE_EXACT,H Al YOUMN ,H Al YOUMN,,Ras ijri,HUILERIE,infra.huilerie_inventaire_pollution,MANUAL_REVIEW_REQUIRED,1,PENDING,distance=0.00m; nom=1.00; commune=0.00; priorite=4
e60088e9-cf94-4e41-ae65-a5390866b4b8,550e77ad-338f-40df-905d-551f0986e1ee,6fccdb45-af9e-45d5-bf3e-2368c7f9ceaf,infra.huilerie,415,9825b610-1bae-45c5-b2bf-5450b1a2ffeb,0.0,0.7400,DUPLICATE_EXACT,Huilerie Coopérative Idryssia,Huilerie Coopérative Idryssia,,RAS IJERRI,HUILERIE,infra.huilerie_inventaire_pollution,MANUAL_REVIEW_REQUIRED,1,PENDING,distance=0.00m; nom=1.00; commune=0.00; priorite=4
e60088e9-cf94-4e41-ae65-a5390866b4b8,38d1d55a-e1f9-4c24-8f90-d413d9f7a728,12efae6b-6a85-469f-a777-c0f06b3ad5c4,infra.huilerie,416,0dde1ce0-4673-40ce-b507-6e54ae0c9ba1,0.0,0.7400,DUPLICATE_EXACT,El Balghiti Idriss,El Balghiti Idriss,,RAS IJERRI,HUILERIE,infra.huilerie_inventaire_pollution,MANUAL_REVIEW_REQUIRED,1,PENDING,distance=0.00m; nom=1.00; commune=0.00; priorite=4
e60088e9-cf94-4e41-ae65-a5390866b4b8,8f57c560-eb05-458b-b3a1-ce600ba40bfe,d0f06ca0-1789-4f54-9249-6b6e083cd120,infra.huilerie,417,bbbde521-b558-4ca8-b25f-e2efa6155763,0.0,0.7400,DUPLICATE_EXACT,Jabour Ziane,Jabour Ziane,,RAS IJERRI,HUILERIE,infra.huilerie_inventaire_pollution,MANUAL_REVIEW_REQUIRED,1,PENDING,distance=0.00m; nom=1.00; commune=0.00; priorite=4
e60088e9-cf94-4e41-ae65-a5390866b4b8,2c945f1a-5d10-4467-90fc-57b89d9d6951,134e7ca0-3763-417c-88a0-f29bb7521467,infra.huilerie,418,2748bb60-0487-4a0b-ab61-250363ea756f,0.0,0.7400,DUPLICATE_EXACT,Hassan El Harassi,Hassan El Harassi,,SEBT JAHJOUH,HUILERIE,infra.huilerie_inventaire_pollution,MANUAL_REVIEW_REQUIRED,1,PENDING,distance=0.00m; nom=1.00; commune=0.00; priorite=4
e60088e9-cf94-4e41-ae65-a5390866b4b8,a05d357c-1366-4c6d-a586-928c04040bb8,4e28a6a2-8394-410b-99b2-3d1b79390e95,infra.huilerie,381,baf80f31-3dba-44f1-ace3-2e0782d07f0c,0.0,0.7400,DUPLICATE_EXACT,Huilerie El Fehama,Huilerie El Fehama,,Zirara,HUILERIE,infra.huilerie_inventaire_pollution,MANUAL_REVIEW_REQUIRED,1,PENDING,distance=0.00m; nom=1.00; commune=0.00; priorite=4
e60088e9-cf94-4e41-ae65-a5390866b4b8,eca9ffba-0c5f-406c-9816-2535c0775894,1b08dbdc-c4e6-4158-8da0-01d1558f219f,infra.huilerie,388,c1840950-59d5-44f2-80a0-6dbcace78628,0.0,0.7400,DUPLICATE_EXACT,Huilerie Al Nassr,Huilerie Al Nassr,,Zirara,HUILERIE,infra.huilerie_inventaire_pollution,MANUAL_REVIEW_REQUIRED,1,PENDING,distance=0.00m; nom=1.00; commune=0.00; priorite=4
e60088e9-cf94-4e41-ae65-a5390866b4b8,6383c9ea-17c3-4246-9fef-28d1b7c18276,bb203282-28e0-4e71-9ea0-c606a88e6109,infra.huilerie,390,5b883c87-9dcb-423a-a580-cc157baf78c2,0.0,0.7400,DUPLICATE_EXACT,Huilerie Elhmad,Huilerie Elhmad,,Zirara,HUILERIE,infra.huilerie_inventaire_pollution,MANUAL_REVIEW_REQUIRED,1,PENDING,distance=0.00m; nom=1.00; commune=0.00; priorite=4
e60088e9-cf94-4e41-ae65-a5390866b4b8,17130bd5-cddd-4fea-88d8-73b562dc14b9,986d0a2f-2ae1-4f3d-85da-6de00f8f7003,infra.huilerie,95,3e251efe-ed61-46c4-bcf0-c24a1f4cfbf3,0.0,0.7400,DUPLICATE_EXACT,Maasra Lamkhantar,Maasra Lamkhantar,,Ait ourbil,HUILERIE,infra.huilerie_inventaire_pollution,MANUAL_REVIEW_REQUIRED,1,PENDING,distance=0.00m; nom=1.00; commune=0.00; priorite=4
e60088e9-cf94-4e41-ae65-a5390866b4b8,202080e3-0230-41d3-b96b-7601c734de3a,f0fc9306-8b52-40c8-b72e-928468bba589,infra.huilerie,74,37915bec-fa42-480f-960f-75b45ec5c0ac,0.0,0.7400,DUPLICATE_EXACT,Huilerie El Berake,Huilerie El Berake,,Ait Yadine,HUILERIE,infra.huilerie_inventaire_pollution,MANUAL_REVIEW_REQUIRED,1,PENDING,distance=0.00m; nom=1.00; commune=0.00; priorite=4
e60088e9-cf94-4e41-ae65-a5390866b4b8,0a35e544-1748-4bca-88a2-be34e8674400,425debb0-4b40-41d4-b190-6367e287e3ec,infra.huilerie,106,d6af50c0-9637-4a85-bee0-ed2b388b9b89,0.0,0.7400,DUPLICATE_EXACT,Huilerie SIKA,Huilerie SIKA,,Ait yadine,HUILERIE,infra.huilerie_inventaire_pollution,MANUAL_REVIEW_REQUIRED,1,PENDING,distance=0.00m; nom=1.00; commune=0.00; priorite=4
e60088e9-cf94-4e41-ae65-a5390866b4b8,ee6400db-b7d1-4c8b-bdba-4499055f2e75,b5cafe73-7f7b-4183-845e-b21678ce820b,infra.huilerie,94,b3b6add1-1aea-48c7-a9ab-2a78ce08a5f9,0.0,0.7400,DUPLICATE_EXACT,Huilerie Ben Zahra,Huilerie Ben Zahra,,Ait mimoun,HUILERIE,infra.huilerie_inventaire_pollution,MANUAL_REVIEW_REQUIRED,1,PENDING,distance=0.00m; nom=1.00; commune=0.00; priorite=4
e60088e9-cf94-4e41-ae65-a5390866b4b8,ba1c6794-b006-4000-9814-a53b8e21ba9b,ca2e354d-a95f-4b94-a321-bb2e8cc13ccf,infra.huilerie,70,ce833b55-92c4-44c8-8e14-2aa492ab0853,0.0,0.7400,DUPLICATE_EXACT,Moderne jerri,Moderne jerri,,Had ait mimoun,HUILERIE,infra.huilerie_inventaire_pollution,MANUAL_REVIEW_REQUIRED,1,PENDING,distance=0.00m; nom=1.00; commune=0.00; priorite=4
e60088e9-cf94-4e41-ae65-a5390866b4b8,721ca07e-c2d6-435a-964f-4fc06ec93384,6c4e37b5-f7a7-4d76-9d12-87cdd16f9fa4,infra.huilerie,71,c9fb96a7-9c73-4fca-872f-e609acd14ff2,0.0,0.7400,DUPLICATE_EXACT,Les deux domaine,Les deux domaine,,Had ait mimoun,HUILERIE,infra.huilerie_inventaire_pollution,MANUAL_REVIEW_REQUIRED,1,PENDING,distance=0.00m; nom=1.00; commune=0.00; priorite=4
e60088e9-cf94-4e41-ae65-a5390866b4b8,9a943ea0-c994-4d05-b5e5-e6d44222bb8b,84b78206-18c5-4c9b-b9b7-bf022d85c8ab,infra.huilerie,380,18636ebf-a8ba-4697-8366-02b1f3df269f,0.0,0.7400,DUPLICATE_EXACT,Huilerie Zagota,Huilerie Zagota,,Zagota,HUILERIE,infra.huilerie_inventaire_pollution,MANUAL_REVIEW_REQUIRED,1,PENDING,distance=0.00m; nom=1.00; commune=0.00; priorite=4
e60088e9-cf94-4e41-ae65-a5390866b4b8,91fc8acf-d9fc-46c7-a353-be880ffd6189,fc7a227f-a156-4b00-b9e2-717115abe601,infra.huilerie,386,79aabec7-c096-4dcf-8e8d-8ffa7cdb05ec,0.0,0.7400,DUPLICATE_EXACT,Huilerie Bel Asri,Huilerie Bel Asri,,Zagota,HUILERIE,infra.huilerie_inventaire_pollution,MANUAL_REVIEW_REQUIRED,1,PENDING,distance=0.00m; nom=1.00; commune=0.00; priorite=4
e60088e9-cf94-4e41-ae65-a5390866b4b8,f7dac1b3-9084-4d57-bcd0-4c3a6a2cf449,d3e3ead2-6d7e-4477-90a9-73298122b7f2,infra.huilerie,387,bbc9d9c7-0c37-4810-acb6-5f40f28fd12c,0.0,0.7400,DUPLICATE_EXACT,Huilerie Ben Said,Huilerie Ben Said,,Zagota,HUILERIE,infra.huilerie_inventaire_pollution,MANUAL_REVIEW_REQUIRED,1,PENDING,distance=0.00m; nom=1.00; commune=0.00; priorite=4
e60088e9-cf94-4e41-ae65-a5390866b4b8,1894e7fe-48d1-4f37-b04c-c9e6dbca7a43,fb6677e4-e29c-41bb-9779-226b47e29cd0,infra.huilerie,392,cec6603e-070e-4e92-a8b8-bccf2644cd72,0.0,0.7400,DUPLICATE_EXACT,Huilerie Khenichet Agricole,Huilerie Khenichet Agricole,,Khenichet,HUILERIE,infra.huilerie_inventaire_pollution,MANUAL_REVIEW_REQUIRED,1,PENDING,distance=0.00m; nom=1.00; commune=0.00; priorite=4
e60088e9-cf94-4e41-ae65-a5390866b4b8,18f23008-d06c-4d0b-b87b-91821b2e8dca,83db4cdd-1cf9-4586-803d-93fc6bcf9b1f,infra.huilerie,375,c3b2d35f-f22a-4ff8-8be5-ae70226fab4e,0.0,0.7400,DUPLICATE_EXACT,Huilerie Ouala,Huilerie Ouala,,Ain dfali,HUILERIE,infra.huilerie_inventaire_pollution,MANUAL_REVIEW_REQUIRED,1,PENDING,distance=0.00m; nom=1.00; commune=0.00; priorite=4
e60088e9-cf94-4e41-ae65-a5390866b4b8,6898de2e-a4b7-4c91-862f-3f14f30decbb,2b68a471-acc7-4914-8023-34426337c49a,infra.huilerie,376,478cd721-d285-4a21-bccb-f184fbbf43ff,0.0,0.7400,DUPLICATE_EXACT,Huilerie Ozinos,Huilerie Ozinos,,Ain dfali,HUILERIE,infra.huilerie_inventaire_pollution,MANUAL_REVIEW_REQUIRED,1,PENDING,distance=0.00m; nom=1.00; commune=0.00; priorite=4
e60088e9-cf94-4e41-ae65-a5390866b4b8,ab7bbf5c-d158-42bc-95a1-b8e05466b2cd,bd9a20cc-fc8c-4254-81a4-f444ff20ee4a,infra.huilerie,383,7e12ee8e-55f6-47f2-b3d0-dee29069ae9a,0.0,0.7400,DUPLICATE_EXACT,Huilerie Haj Dkir,Huilerie Haj Dkir,,Ain dfali,HUILERIE,infra.huilerie_inventaire_pollution,MANUAL_REVIEW_REQUIRED,1,PENDING,distance=0.00m; nom=1.00; commune=0.00; priorite=4
e60088e9-cf94-4e41-ae65-a5390866b4b8,7abf6970-6391-410f-a111-ba080037ce93,9c2cf9c8-8fcf-4ddb-a7f5-a9f50f986c3a,infra.huilerie,109,1c08d1c6-bc1e-4fbe-b748-71b392b144b9,0.0,0.7400,DUPLICATE_EXACT,Huileries Agouzoul,Huileries Agouzoul,,Tifelt,HUILERIE,infra.huilerie_inventaire_pollution,MANUAL_REVIEW_REQUIRED,1,PENDING,distance=0.00m; nom=1.00; commune=0.00; priorite=4
e60088e9-cf94-4e41-ae65-a5390866b4b8,47b46c17-bc3f-4170-a9f3-dca4bda234de,a4322854-37d9-49ab-acef-7be7fc6780e7,infra.huilerie,77,96766567-c798-41a4-b673-e4f7db4d8f45,0.0,0.7400,DUPLICATE_EXACT,Huilerie Safaa,Huilerie Safaa,,Mu. Khemisset,HUILERIE,infra.huilerie_inventaire_pollution,MANUAL_REVIEW_REQUIRED,1,PENDING,distance=0.00m; nom=1.00; commune=0.00; priorite=4
e60088e9-cf94-4e41-ae65-a5390866b4b8,8a412508-cdc5-428e-a1f6-d3fb556222ea,8254fae0-585e-4f20-b3f9-8304e74394a8,infra.huilerie,78,a5cb76d2-9be2-40fe-ae24-f7de09a7de0c,0.0,0.7400,DUPLICATE_EXACT,Huilerie Dedokhali,Huilerie Dedokhali,,Mu. Khemisset,HUILERIE,infra.huilerie_inventaire_pollution,MANUAL_REVIEW_REQUIRED,1,PENDING,distance=0.00m; nom=1.00; commune=0.00; priorite=4
e60088e9-cf94-4e41-ae65-a5390866b4b8,9081b8ca-17a3-4aa1-9095-9f27b8cc0e2a,7e3da220-b7aa-410d-93ab-0d0f90bc216f,infra.huilerie,79,8b234ada-0965-4931-b286-0da750c95a3c,0.0,0.7400,DUPLICATE_EXACT,Huilerie Chaachoui,Huilerie Chaachoui,,Mu. Khemisset,HUILERIE,infra.huilerie_inventaire_pollution,MANUAL_REVIEW_REQUIRED,1,PENDING,distance=0.00m; nom=1.00; commune=0.00; priorite=4
e60088e9-cf94-4e41-ae65-a5390866b4b8,693480f5-3137-4058-806b-f44921ca3e31,ce38b4b8-9700-4168-abc1-ea1e31a47d02,infra.huilerie,80,fd3f75db-d064-4161-b366-012dfd917e72,0.0,0.7400,DUPLICATE_EXACT,Huilerie ARBIROUCH,Huilerie ARBIROUCH,,Mu. Khemisset,HUILERIE,infra.huilerie_inventaire_pollution,MANUAL_REVIEW_REQUIRED,1,PENDING,distance=0.00m; nom=1.00; commune=0.00; priorite=4
e60088e9-cf94-4e41-ae65-a5390866b4b8,15fb75d3-d4a0-49c8-a916-be41bbd72cd0,5ba87852-9292-49e5-8a71-94fd574737b0,infra.huilerie,81,4c7df9bf-a5d8-449a-9e0b-eda1e7a1b5fa,0.0,0.7400,DUPLICATE_EXACT,Huilerie Nour,Huilerie Nour,,Mu. Khemisset,HUILERIE,infra.huilerie_inventaire_pollution,MANUAL_REVIEW_REQUIRED,1,PENDING,distance=0.00m; nom=1.00; commune=0.00; priorite=4
e60088e9-cf94-4e41-ae65-a5390866b4b8,9cb08a08-8aaf-4373-b08d-334fbda3f9f6,27abed91-da45-49fb-8b95-678715382f70,infra.huilerie,83,83bbd1d8-b3d1-41f3-95d3-c28d4923e2ec,0.0,0.7400,DUPLICATE_EXACT,Huilerie EL BARAKA,Huilerie EL BARAKA,,Mu. Khemisset,HUILERIE,infra.huilerie_inventaire_pollution,MANUAL_REVIEW_REQUIRED,1,PENDING,distance=0.00m; nom=1.00; commune=0.00; priorite=4
e60088e9-cf94-4e41-ae65-a5390866b4b8,8899966b-c9d5-4a38-a478-5f956c2cb0b3,42d63814-c28a-4481-bb6d-7a3bd4dba4a2,infra.huilerie,84,8e189605-c041-484b-94a3-4941876db3aa,0.0,0.7400,DUPLICATE_EXACT,Huilerie NACHITE,Huilerie NACHITE,,Mu. Khemisset,HUILERIE,infra.huilerie_inventaire_pollution,MANUAL_REVIEW_REQUIRED,1,PENDING,distance=0.00m; nom=1.00; commune=0.00; priorite=4
e60088e9-cf94-4e41-ae65-a5390866b4b8,befb7e9f-e448-4743-abef-dd5f2dc434b9,639b9509-bcca-4bd7-b768-4778d739daf9,infra.huilerie,96,012f2c36-cc0b-4138-a329-adee5f9d6545,0.0,0.7400,DUPLICATE_EXACT,Huilerie REHMA,Huilerie REHMA,,Khemmisset,HUILERIE,infra.huilerie_inventaire_pollution,MANUAL_REVIEW_REQUIRED,1,PENDING,distance=0.00m; nom=1.00; commune=0.00; priorite=4
e60088e9-cf94-4e41-ae65-a5390866b4b8,fdbd5030-7795-4883-9c80-e730356ba7b0,81211323-d015-44bd-bc21-feda3ca1ae07,infra.huilerie,92,896a3998-7a89-4904-9790-924afb31d0f9,0.0,0.7400,DUPLICATE_EXACT,Huilerie AMRACHE,Huilerie AMRACHE,,Sidi Ghandour,HUILERIE,infra.huilerie_inventaire_pollution,MANUAL_REVIEW_REQUIRED,1,PENDING,distance=0.00m; nom=1.00; commune=0.00; priorite=4
e60088e9-cf94-4e41-ae65-a5390866b4b8,84f7be5b-6f32-42fd-8baa-8d09301a0f6a,aac05e4e-ea35-42b4-9df1-1640d99cbb19,infra.huilerie,93,826df13e-79f6-4181-a6a0-c30ed04047cb,0.0,0.7400,DUPLICATE_EXACT,Huilerie CHEBABE ,Huilerie CHEBABE,,Sidi Ghandour,HUILERIE,infra.huilerie_inventaire_pollution,MANUAL_REVIEW_REQUIRED,1,PENDING,distance=0.00m; nom=1.00; commune=0.00; priorite=4
e60088e9-cf94-4e41-ae65-a5390866b4b8,ef7f4166-15a9-46db-bfcb-3483cbe4fcdf,4df4e56c-bc4a-448a-b051-bee01dda8885,infra.huilerie,108,943010b3-f4cd-463e-a17d-e5cd9b9d1842,0.0,0.7400,DUPLICATE_EXACT,"Huilerie ZOUINE
","Huilerie ZOUINE
",,CR SIDI EL GHANDOUR,HUILERIE,infra.huilerie_inventaire_pollution,MANUAL_REVIEW_REQUIRED,1,PENDING,distance=0.00m; nom=1.00; commune=0.00; priorite=4
e60088e9-cf94-4e41-ae65-a5390866b4b8,5c4de90d-542c-44b1-880e-008dd9d1c9e7,2695b8f3-8f2e-46f9-9069-700d4c193143,infra.huilerie,110,4ed7c1b1-640a-404a-b664-083352e51b67,0.0,0.7400,DUPLICATE_EXACT,Huilerie IMASE,Huilerie IMASE,,CR SIDI EL GHANDOUR,HUILERIE,infra.huilerie_inventaire_pollution,MANUAL_REVIEW_REQUIRED,1,PENDING,distance=0.00m; nom=1.00; commune=0.00; priorite=4
e60088e9-cf94-4e41-ae65-a5390866b4b8,d9029e96-a6cb-44d5-a6b9-2588abf6e863,22693641-7b1e-49dc-a1fd-6dcbb40da862,infra.huilerie,76,2605e6f6-9225-4834-9b5d-864648f94644,0.0,0.7400,DUPLICATE_EXACT,Huilerie RHALMI,Huilerie RHALMI,,Sidi Allal Msadder,HUILERIE,infra.huilerie_inventaire_pollution,MANUAL_REVIEW_REQUIRED,1,PENDING,distance=0.00m; nom=1.00; commune=0.00; priorite=4
e60088e9-cf94-4e41-ae65-a5390866b4b8,de317606-6fbf-44b0-bba2-3241e68d1512,6fed1a66-2e77-4cd9-b1c1-3f3f83b05bc5,infra.huilerie,107,266a6a88-37b9-49e9-bd6c-e5e79a3efc85,0.0,0.7400,DUPLICATE_EXACT,Huilerie OUARAD,Huilerie OUARAD,,CR SIDI ALLAL LAMSADDER,HUILERIE,infra.huilerie_inventaire_pollution,MANUAL_REVIEW_REQUIRED,1,PENDING,distance=0.00m; nom=1.00; commune=0.00; priorite=4
e60088e9-cf94-4e41-ae65-a5390866b4b8,975d09dd-47a8-4a7f-aafa-cde4ea0175e6,884738d8-aaea-4925-830f-4ec1f1c7d00f,infra.huilerie,89,1e89b462-4b68-457b-a7ed-edcc4cae9ebd,0.0,0.7400,DUPLICATE_EXACT,Huilerie El khaire,Huilerie El khaire,,Ait Siberne,HUILERIE,infra.huilerie_inventaire_pollution,MANUAL_REVIEW_REQUIRED,1,PENDING,distance=0.00m; nom=1.00; commune=0.00; priorite=4
e60088e9-cf94-4e41-ae65-a5390866b4b8,5c4ada83-96cc-4ee5-811a-4b5e9ffcbd18,00b2be7e-35d3-48d7-a950-c9f298413f20,infra.huilerie,91,5de421b3-b529-45a6-ab8c-0ab8601efd20,0.0,0.7400,DUPLICATE_EXACT,Huilerie Souaber,Huilerie Souaber,,Ait Siberne,HUILERIE,infra.huilerie_inventaire_pollution,MANUAL_REVIEW_REQUIRED,1,PENDING,distance=0.00m; nom=1.00; commune=0.00; priorite=4
e60088e9-cf94-4e41-ae65-a5390866b4b8,9f8202e4-4255-4129-9bb2-067622158e98,2fd7393d-ffa5-4d1b-9598-b52853d5f5ef,infra.huilerie,105,2d16de61-236d-474f-b4f8-0e2124c4477e,0.0,0.7400,DUPLICATE_EXACT,Huilerie Ben Taleb,Huilerie Ben Taleb,,Ait Sibren,HUILERIE,infra.huilerie_inventaire_pollution,MANUAL_REVIEW_REQUIRED,1,PENDING,distance=0.00m; nom=1.00; commune=0.00; priorite=4
e60088e9-cf94-4e41-ae65-a5390866b4b8,5c0c81ca-a4f1-43d3-a3ec-0660441e9c2c,1c3fe59d-dff7-4ae5-8817-7a1319424046,infra.huilerie,466,5b9257a3-fc10-46d2-9e59-6714c4872c83,0.0,0.7400,DUPLICATE_EXACT,Non-connue 1,Non-connue 1,,BHALIL,HUILERIE,infra.huilerie_inventaire_pollution,MANUAL_REVIEW_REQUIRED,1,PENDING,distance=0.00m; nom=1.00; commune=0.00; priorite=4
e60088e9-cf94-4e41-ae65-a5390866b4b8,0addf0c7-7762-4a7b-b909-dbf1618a8dfe,27e0fd1b-3a51-4fd3-890b-cedc645eadcb,infra.huilerie,467,3db5e2d3-627a-4f82-a8aa-f242e801f9d1,0.0,0.7400,DUPLICATE_EXACT,Huiulerie JAOUDA,Huiulerie JAOUDA,,BHALIL,HUILERIE,infra.huilerie_inventaire_pollution,MANUAL_REVIEW_REQUIRED,1,PENDING,distance=0.00m; nom=1.00; commune=0.00; priorite=4
e60088e9-cf94-4e41-ae65-a5390866b4b8,a6c0bd2e-a76e-4ba4-9a6a-db376b9c4184,922a7d8b-e1b2-426c-9a74-fd48f92365d7,infra.huilerie,75,f0f46179-3bb0-41cc-88aa-ee3e07288de0,0.0,0.7400,DUPLICATE_EXACT,Huilerie Sabir,Huilerie Sabir,,M'Qam Tolba,HUILERIE,infra.huilerie_inventaire_pollution,MANUAL_REVIEW_REQUIRED,1,PENDING,distance=0.00m; nom=1.00; commune=0.00; priorite=4
e60088e9-cf94-4e41-ae65-a5390866b4b8,e710508c-d98b-47c6-a130-a16bfc696e7e,d3b260b1-1fea-43de-b7df-84672bd5bd88,infra.huilerie,72,6907e2b0-76f9-4e1c-8a13-6a24fb98a908,0.0,0.7400,DUPLICATE_EXACT,Barajlin,Barajlin,,Majmaa tolba,HUILERIE,infra.huilerie_inventaire_pollution,MANUAL_REVIEW_REQUIRED,1,PENDING,distance=0.00m; nom=1.00; commune=0.00; priorite=4
e60088e9-cf94-4e41-ae65-a5390866b4b8,fef70b58-64a8-4c48-a742-bd306270acfe,602ec022-df92-41ab-9cd3-99e458f29cd0,infra.huilerie,177,a89f3455-7987-44af-bb85-991b36264901,0.0,0.7400,DUPLICATE_EXACT,Huilerie Abdelaziz EL MELALI,Huilerie Abdelaziz EL MELALI,,Ain Bouali,HUILERIE,infra.huilerie_inventaire_pollution,MANUAL_REVIEW_REQUIRED,1,PENDING,distance=0.00m; nom=1.00; commune=0.00; priorite=4
e60088e9-cf94-4e41-ae65-a5390866b4b8,e4a6af09-119c-46a7-9442-ea70fdf9243c,a2aa97fb-c910-47b5-ba62-2f270009a460,infra.huilerie,97,3713dc14-4589-4d48-90ca-56bc594e0aa0,0.0,0.7400,DUPLICATE_EXACT,maasra Zaakour,maasra Zaakour,,MAJMAA TOLBA,HUILERIE,infra.huilerie_inventaire_pollution,MANUAL_REVIEW_REQUIRED,1,PENDING,distance=0.00m; nom=1.00; commune=0.00; priorite=4
e60088e9-cf94-4e41-ae65-a5390866b4b8,7a1299a3-9b3c-486d-b740-78a435efb837,43831185-4bcc-4b48-a54a-6d3fb75ddf57,infra.huilerie,98,2f402137-b9d1-44e5-ba64-a83719dd3a84,0.0,0.7400,DUPLICATE_EXACT,maasra El bahli,maasra El bahli,,MAJMAA TOLBA,HUILERIE,infra.huilerie_inventaire_pollution,MANUAL_REVIEW_REQUIRED,1,PENDING,distance=0.00m; nom=1.00; commune=0.00; priorite=4
e60088e9-cf94-4e41-ae65-a5390866b4b8,80efe39b-4ded-4b99-911f-f9403cb623fb,25f15938-c83b-45d1-9668-507b6c2220dc,infra.huilerie,99,bca7c5f5-fe82-42b3-be7e-94fee875d52e,0.0,0.7400,DUPLICATE_EXACT,maasra Charradi,maasra Charradi,,MAJMAA TOLBA,HUILERIE,infra.huilerie_inventaire_pollution,MANUAL_REVIEW_REQUIRED,1,PENDING,distance=0.00m; nom=1.00; commune=0.00; priorite=4
e60088e9-cf94-4e41-ae65-a5390866b4b8,8ae5453b-0345-4c83-81d1-3c3f040165c8,e21a1417-d13d-421c-ba80-b7c6c074b82f,infra.huilerie,100,3f6310d8-259f-4f22-b244-1a2654e94620,0.0,0.7400,DUPLICATE_EXACT,maasra Ichou,maasra Ichou,,MAJMAA TOLBA,HUILERIE,infra.huilerie_inventaire_pollution,MANUAL_REVIEW_REQUIRED,1,PENDING,distance=0.00m; nom=1.00; commune=0.00; priorite=4
e60088e9-cf94-4e41-ae65-a5390866b4b8,84737fdb-96f5-4760-b454-8182489296ab,159e1964-d7f0-4c50-a3c1-0a0f5f365688,infra.huilerie,459,bf980225-b178-4da7-a69a-7ea3eb449c14,0.0,0.7400,DUPLICATE_EXACT,ZITOUNE ATLAS,ZITOUNE ATLAS,,SIDI YOUSEF BEN HMED,HUILERIE,infra.huilerie_inventaire_pollution,MANUAL_REVIEW_REQUIRED,1,PENDING,distance=0.00m; nom=1.00; commune=0.00; priorite=4
e60088e9-cf94-4e41-ae65-a5390866b4b8,7ebf190d-c5aa-4561-8135-f111e29691da,4d381b72-a3a4-4e4e-a6c6-c595025d7938,infra.huilerie,394,1c98aa22-373a-4ec5-b75d-221fd9c149a5,0.0,0.7400,DUPLICATE_EXACT,Huilerie Touaress,Huilerie Touaress,,Lamrabih,HUILERIE,infra.huilerie_inventaire_pollution,MANUAL_REVIEW_REQUIRED,1,PENDING,distance=0.00m; nom=1.00; commune=0.00; priorite=4
e60088e9-cf94-4e41-ae65-a5390866b4b8,a3bbfb06-1b43-4c0a-86a9-0997e99f2016,6e07015f-ea6c-420a-9dc0-0eed64060b7d,infra.huilerie,395,dc8c7be3-4c5b-42e7-b97a-8f1242131148,0.0,0.7400,DUPLICATE_EXACT,Coopérative des olives Lamrabih,Coopérative des olives Lamrabih,,Lamrabih,HUILERIE,infra.huilerie_inventaire_pollution,MANUAL_REVIEW_REQUIRED,1,PENDING,distance=0.00m; nom=1.00; commune=0.00; priorite=4
e60088e9-cf94-4e41-ae65-a5390866b4b8,8b103c99-f69a-4af9-9c64-92f3c108a298,38815be2-8dee-4894-815f-b5bdaa890275,infra.huilerie,393,61c38295-4837-4cb0-92c4-cb1acdb6c8c2,0.0,0.7400,DUPLICATE_EXACT,Huilerie El Maarif Bni Snana Taoughilt,Huilerie El Maarif Bni Snana Taoughilt,,Taoughilt,HUILERIE,infra.huilerie_inventaire_pollution,MANUAL_REVIEW_REQUIRED,1,PENDING,distance=0.00m; nom=1.00; commune=0.00; priorite=4
e60088e9-cf94-4e41-ae65-a5390866b4b8,7ea6bc89-6963-42df-bb70-cd281a5b901c,db547b56-1e5b-41eb-8bbd-842737e88f4f,infra.huilerie,88,368c279d-33ff-4ef5-81d4-e1a1516407b0,0.0,0.7400,DUPLICATE_EXACT,Huilerie Ben Ouah,Huilerie Ben Ouah,,Sfassif,HUILERIE,infra.huilerie_inventaire_pollution,MANUAL_REVIEW_REQUIRED,1,PENDING,distance=0.00m; nom=1.00; commune=0.00; priorite=4
e60088e9-cf94-4e41-ae65-a5390866b4b8,0f1f9bfe-5487-41bf-849d-31672f8b0202,2c5105b7-d508-4757-b5c3-e299a9ca0925,infra.huilerie,104,eda165c1-4c87-4ba0-bf50-f2a032633eca,0.0,0.7400,DUPLICATE_EXACT,"Huilerie Nadi
","Huilerie Nadi
",,SFASSIF,HUILERIE,infra.huilerie_inventaire_pollution,MANUAL_REVIEW_REQUIRED,1,PENDING,distance=0.00m; nom=1.00; commune=0.00; priorite=4
e60088e9-cf94-4e41-ae65-a5390866b4b8,f1895672-4a18-4d0d-ba7e-cf341052b76b,1cb2f31e-525e-4368-863d-f2b3d1e4ac4a,infra.huilerie,101,b16c9cd3-7fe0-47ec-994b-d26f1ff09fcb,0.0,0.7400,DUPLICATE_EXACT,Huilerie JEAAIT,Huilerie JEAAIT,,Sidi Abdrrazake,HUILERIE,infra.huilerie_inventaire_pollution,MANUAL_REVIEW_REQUIRED,1,PENDING,distance=0.00m; nom=1.00; commune=0.00; priorite=4
e60088e9-cf94-4e41-ae65-a5390866b4b8,69f8f97d-4323-4ee7-a1a5-f8b4416d93d9,42d246ad-e056-4006-8646-117ace3773f5,infra.huilerie,85,e7a19a5c-3979-40f7-926a-fc8e3b2797c6,0.0,0.7400,DUPLICATE_EXACT,Huilerie   Rahma ,Huilerie   Rahma,,Ait Bouyahya Hajjama,HUILERIE,infra.huilerie_inventaire_pollution,MANUAL_REVIEW_REQUIRED,1,PENDING,distance=0.00m; nom=1.00; commune=0.00; priorite=4
e60088e9-cf94-4e41-ae65-a5390866b4b8,b9809a53-77a2-444c-848a-169aded56578,bc9171f0-c4f0-4ead-891a-65edbf5cd07b,infra.huilerie,86,4a22a5cd-73e4-4bfe-993f-a93bfe03be90,0.0,0.7400,DUPLICATE_EXACT,Huilerie  Ziyane ,Huilerie  Ziyane,,Ait Bouyahya Hajjama,HUILERIE,infra.huilerie_inventaire_pollution,MANUAL_REVIEW_REQUIRED,1,PENDING,distance=0.00m; nom=1.00; commune=0.00; priorite=4
e60088e9-cf94-4e41-ae65-a5390866b4b8,e1b4e6be-ecb7-4972-b18b-d68ed5d0db58,c641fa34-7706-470f-9404-ba5df20966e3,infra.huilerie,102,ba967e28-b8d9-4ea1-bf36-15ab2af274cf,0.0,0.7400,DUPLICATE_EXACT,"maasra Adarissa
","maasra Adarissa
",,Ait Bouyahya Hajjama,HUILERIE,infra.huilerie_inventaire_pollution,MANUAL_REVIEW_REQUIRED,1,PENDING,distance=0.00m; nom=1.00; commune=0.00; priorite=4
e60088e9-cf94-4e41-ae65-a5390866b4b8,e358b274-5050-41cb-96f0-457556dadacd,3d3d2eae-6b95-460e-bf77-e287e1d203e5,infra.huilerie,103,a2e22201-0e16-492e-8499-69e6db48edb0,0.0,0.7400,DUPLICATE_EXACT,maasra Hajjaj,maasra Hajjaj,,Ait Bouyahya Hajjama,HUILERIE,infra.huilerie_inventaire_pollution,MANUAL_REVIEW_REQUIRED,1,PENDING,distance=0.00m; nom=1.00; commune=0.00; priorite=4
e60088e9-cf94-4e41-ae65-a5390866b4b8,f0e18940-e577-4116-9956-83674b460db5,3b671924-a4d0-4f88-9d16-463b570a4b51,infra.huilerie,377,e5b5f041-20a6-45ff-af29-3f691f2b3ef0,0.0,0.7400,DUPLICATE_EXACT,Huilerie El Jadida,Huilerie El Jadida,,Sidi Kacem,HUILERIE,infra.huilerie_inventaire_pollution,MANUAL_REVIEW_REQUIRED,1,PENDING,distance=0.00m; nom=1.00; commune=0.00; priorite=4
e60088e9-cf94-4e41-ae65-a5390866b4b8,ae4739e5-bb90-48da-86e6-8ec68cf060bb,5c9305ec-2a4c-4a94-b67b-42cbeaef66ea,infra.huilerie,378,e9432048-a84e-4cca-9c7a-529edd24ad71,0.0,0.7400,DUPLICATE_EXACT,Huilerie nouvelle géenartion,Huilerie nouvelle géenartion,,Sidi Kacem,HUILERIE,infra.huilerie_inventaire_pollution,MANUAL_REVIEW_REQUIRED,1,PENDING,distance=0.00m; nom=1.00; commune=0.00; priorite=4
e60088e9-cf94-4e41-ae65-a5390866b4b8,b2b9e18d-ecad-4c37-98c7-0571321c6514,d3653133-65c6-4862-acbc-077f0bd5d1b3,infra.huilerie,379,083d98b3-3007-4e3e-a459-69222a755397,0.0,0.7400,DUPLICATE_EXACT,Huilerie Al Wafaa,Huilerie Al Wafaa,,Sidi Kacem,HUILERIE,infra.huilerie_inventaire_pollution,MANUAL_REVIEW_REQUIRED,1,PENDING,distance=0.00m; nom=1.00; commune=0.00; priorite=4
e60088e9-cf94-4e41-ae65-a5390866b4b8,ef53f536-8c97-4f2c-9028-4fbaa3fa4387,44562582-81c9-4f10-bc11-f1ddabb57601,infra.huilerie,382,491867ac-307c-48e7-81e9-5c63f99a454c,0.0,0.7400,DUPLICATE_EXACT,Huilerie ouled si hamou ,Huilerie ouled si hamou,,Zirara,HUILERIE,infra.huilerie_inventaire_pollution,MANUAL_REVIEW_REQUIRED,1,PENDING,distance=0.00m; nom=1.00; commune=0.00; priorite=4
e60088e9-cf94-4e41-ae65-a5390866b4b8,21ee5faf-de31-4de3-bd58-94a0582a3bbe,04a985e5-50a7-4aa5-9e78-48a3aebe72ea,infra.huilerie,384,cddff16d-50d6-4121-a5cf-3ba3047f378b,0.0,0.7400,DUPLICATE_EXACT,Huilerie Sarah,Huilerie Sarah,,Sidi Kacem,HUILERIE,infra.huilerie_inventaire_pollution,MANUAL_REVIEW_REQUIRED,1,PENDING,distance=0.00m; nom=1.00; commune=0.00; priorite=4
e60088e9-cf94-4e41-ae65-a5390866b4b8,ac5fe174-96ba-4fb3-b8e3-0553da67e4cd,d1d4a81d-6a52-4e37-99e8-6894e9b2c154,infra.huilerie,385,11fc9383-d71f-4700-be3b-839abc390506,0.0,0.7400,DUPLICATE_EXACT,Huilerie Krafssen,Huilerie Krafssen,,Sidi Kacem,HUILERIE,infra.huilerie_inventaire_pollution,MANUAL_REVIEW_REQUIRED,1,PENDING,distance=0.00m; nom=1.00; commune=0.00; priorite=4
e60088e9-cf94-4e41-ae65-a5390866b4b8,5c823ad1-7831-494e-8ba0-3a0027bc3366,398bed64-e87a-4e5a-86a7-3e27f0c89861,infra.huilerie,389,1b6c6974-11a2-4627-85c9-c29fd34e9fda,0.0,0.7400,DUPLICATE_EXACT,Huilerie El Zarhouni,Huilerie El Zarhouni,,Zirara,HUILERIE,infra.huilerie_inventaire_pollution,MANUAL_REVIEW_REQUIRED,1,PENDING,distance=0.00m; nom=1.00; commune=0.00; priorite=4
e60088e9-cf94-4e41-ae65-a5390866b4b8,b82a2569-03a3-4972-b4a6-a1afc294a85d,9879b96d-b8fa-479b-b647-d059af84ad15,infra.huilerie,406,1058a6cd-dcbf-4f31-85eb-e1ffcf3536d6,0.0,0.7400,DUPLICATE_EXACT,Huilerie El Kherifi Ali ,Huilerie El Kherifi Ali,,Lamjaara,HUILERIE,infra.huilerie_inventaire_pollution,MANUAL_REVIEW_REQUIRED,1,PENDING,distance=0.00m; nom=1.00; commune=0.00; priorite=4
e60088e9-cf94-4e41-ae65-a5390866b4b8,9e68aaa6-d7f2-435c-acc6-ec62252f11d8,63a1ad4f-b373-4984-95f3-a94f14a7ddd4,infra.huilerie,407,49c17202-45f0-4c54-9de4-401a3366bb71,0.0,0.7400,DUPLICATE_EXACT,Huilerie Chajarat Azaytoune  El Mobaraka,Huilerie Chajarat Azaytoune  El Mobaraka,,Lamjaara,HUILERIE,infra.huilerie_inventaire_pollution,MANUAL_REVIEW_REQUIRED,1,PENDING,distance=0.00m; nom=1.00; commune=0.00; priorite=4
e60088e9-cf94-4e41-ae65-a5390866b4b8,01accad6-c191-4eee-809a-ed8cf43fac4a,2659df2f-aa67-493d-b73b-05a651c3c13e,infra.huilerie,408,70526432-b002-435c-9448-0bb76a250a31,0.0,0.7400,DUPLICATE_EXACT,Huilerie d'olivier d'or,Huilerie d'olivier d'or,,Lamjaara,HUILERIE,infra.huilerie_inventaire_pollution,MANUAL_REVIEW_REQUIRED,1,PENDING,distance=0.00m; nom=1.00; commune=0.00; priorite=4
e60088e9-cf94-4e41-ae65-a5390866b4b8,1cbc5d4b-1185-406a-b811-641e5e5cac21,375e3c5d-7717-4b89-85f4-f26b9fa9ff62,infra.huilerie,399,4dc97b60-c0b2-4ed3-8698-6c9f2a8f6475,0.0,0.7400,DUPLICATE_EXACT,Societé Zoyoute Alwahda,Societé Zoyoute Alwahda,,Zghira,HUILERIE,infra.huilerie_inventaire_pollution,MANUAL_REVIEW_REQUIRED,1,PENDING,distance=0.00m; nom=1.00; commune=0.00; priorite=4
e60088e9-cf94-4e41-ae65-a5390866b4b8,9294c4f4-7775-4294-a10e-7c9417761feb,c00713cc-40dc-43dd-a96e-ceae6b3cea34,infra.huilerie,396,70e939fc-636b-4d46-8e7e-adfda46f8088,0.0,0.7400,DUPLICATE_EXACT,Coopérative Almazgueldia,Coopérative Almazgueldia,,Zghira,HUILERIE,infra.huilerie_inventaire_pollution,MANUAL_REVIEW_REQUIRED,1,PENDING,distance=0.00m; nom=1.00; commune=0.00; priorite=4
e60088e9-cf94-4e41-ae65-a5390866b4b8,9d82edfc-83de-4287-afcd-323d17334093,391eb253-2919-416d-b2cf-8225224f5875,infra.huilerie,397,53eb2774-d5da-4141-a0f9-fca51dca1cb1,0.0,0.7400,DUPLICATE_EXACT,Huilerie Mohamed Fguih,Huilerie Mohamed Fguih,,Zghira,HUILERIE,infra.huilerie_inventaire_pollution,MANUAL_REVIEW_REQUIRED,1,PENDING,distance=0.00m; nom=1.00; commune=0.00; priorite=4
e60088e9-cf94-4e41-ae65-a5390866b4b8,7f99d5af-78e3-459a-b7d0-e8fc8f17866d,b719324f-107a-48c8-8f81-d28941f8beb5,infra.huilerie,398,6e9998d5-e735-4b14-8706-f8755cc66b88,0.0,0.7400,DUPLICATE_EXACT,Huilerie Abderrahmane MRAOUBAE,Huilerie Abderrahmane MRAOUBAE,,Zghira,HUILERIE,infra.huilerie_inventaire_pollution,MANUAL_REVIEW_REQUIRED,1,PENDING,distance=0.00m; nom=1.00; commune=0.00; priorite=4
e60088e9-cf94-4e41-ae65-a5390866b4b8,c061e6b3-7d55-4795-8f7f-e1dcb3b178a1,f9332248-a065-42b9-adf6-12c1bd50138e,infra.huilerie,404,e5c58e3c-85a0-463d-be04-8bf26f042b37,0.0,0.7400,DUPLICATE_EXACT,Huilerie Moderne de Teroual,Huilerie Moderne de Teroual,,Teroual,HUILERIE,infra.huilerie_inventaire_pollution,MANUAL_REVIEW_REQUIRED,1,PENDING,distance=0.00m; nom=1.00; commune=0.00; priorite=4
e60088e9-cf94-4e41-ae65-a5390866b4b8,fb800b17-061a-4720-87e5-ce24ed9c5e6a,d78c14ba-37a3-4121-8a28-db214cee15c0,infra.huilerie,405,b2219be4-b06f-4e3d-b556-5d5070802442,0.0,0.7400,DUPLICATE_EXACT,Scieté Zoyout Mjaara,Scieté Zoyout Mjaara,,Teroual,HUILERIE,infra.huilerie_inventaire_pollution,MANUAL_REVIEW_REQUIRED,1,PENDING,distance=0.00m; nom=1.00; commune=0.00; priorite=4
e60088e9-cf94-4e41-ae65-a5390866b4b8,adbfb006-4767-4e4b-872d-db4d111cb209,43af311b-bf0d-468e-90e8-414674a74679,infra.huilerie,391,31bc5a56-8453-43d7-83fe-f55983c7f311,0.0,0.7400,DUPLICATE_EXACT,Huilerie Zhana,Huilerie Zhana,,Dar Bel Amri,HUILERIE,infra.huilerie_inventaire_pollution,MANUAL_REVIEW_REQUIRED,1,PENDING,distance=0.00m; nom=1.00; commune=0.00; priorite=4
e60088e9-cf94-4e41-ae65-a5390866b4b8,f6e3fb4a-ce55-4b53-8b50-df356f39ad11,000d4225-2819-4c0e-8cfe-133593ad4764,infra.huilerie,228,edb4af25-0c0b-42be-8692-9a346c529a18,0.0,0.7400,DUPLICATE_EXACT,S.I.M.O.O,S.I.M.O.O,,Ouazzane,HUILERIE,infra.huilerie_inventaire_pollution,MANUAL_REVIEW_REQUIRED,1,PENDING,distance=0.00m; nom=1.00; commune=0.00; priorite=4
e60088e9-cf94-4e41-ae65-a5390866b4b8,9a6d2af0-f838-49f9-9e11-9f33ccfee80b,1d0abc45-bd2f-4fa0-b600-84d49e49dd09,infra.huilerie,400,a66606b2-01c7-48a1-85de-d887e16f7563,0.0,0.7400,DUPLICATE_EXACT,Huilerie Chekchaki,Huilerie Chekchaki,,Sidi Ahmed Cherif,HUILERIE,infra.huilerie_inventaire_pollution,MANUAL_REVIEW_REQUIRED,1,PENDING,distance=0.00m; nom=1.00; commune=0.00; priorite=4
e60088e9-cf94-4e41-ae65-a5390866b4b8,89734d5d-14a9-4d28-827a-36041ce6ed93,0748b4a3-768c-4dc5-b15f-7b21f88e37d7,infra.huilerie,401,02cd81d2-3f91-497d-a407-33c9423b20cc,0.0,0.7400,DUPLICATE_EXACT,Huilerie Bismi Allah,Huilerie Bismi Allah,,Sidi Ahmed Cherif,HUILERIE,infra.huilerie_inventaire_pollution,MANUAL_REVIEW_REQUIRED,1,PENDING,distance=0.00m; nom=1.00; commune=0.00; priorite=4
e60088e9-cf94-4e41-ae65-a5390866b4b8,47f8644f-cb3e-46f0-b5dd-7b6198aeba39,287a9b53-79f7-4e61-baf9-1322f1455661,infra.huilerie,402,81bf644b-0368-4533-b9ca-8da5f3a34cc6,0.0,0.7400,DUPLICATE_EXACT,Huilerie Oued Drader,Huilerie Oued Drader,,Sidi Ahmed Cherif,HUILERIE,infra.huilerie_inventaire_pollution,MANUAL_REVIEW_REQUIRED,1,PENDING,distance=0.00m; nom=1.00; commune=0.00; priorite=4
e60088e9-cf94-4e41-ae65-a5390866b4b8,920e5e77-8c00-48ee-9b53-8064ee007728,2bfd770d-6f9e-450a-a1cf-6cd7e772992a,infra.huilerie,403,1c1717ef-dc0b-41c4-87c4-2241dbcf5a08,0.0,0.7400,DUPLICATE_EXACT,Huilerie Ain Chajra,Huilerie Ain Chajra,,Sidi Ahmed Cherif,HUILERIE,infra.huilerie_inventaire_pollution,MANUAL_REVIEW_REQUIRED,1,PENDING,distance=0.00m; nom=1.00; commune=0.00; priorite=4
e60088e9-cf94-4e41-ae65-a5390866b4b8,674c2ed2-42d9-4c99-af78-dc0a8ab0e92b,fb6bbfee-5e8d-4e35-a3e3-e402630c4ffa,infra.huilerie,66,e2d22709-8cd4-46e5-887c-75baf18bb7dd,0.0,0.7400,DUPLICATE_EXACT,Falah,Falah,,Abdelghaya souahel,HUILERIE,infra.huilerie_inventaire_pollution,MANUAL_REVIEW_REQUIRED,1,PENDING,distance=0.00m; nom=1.00; commune=0.00; priorite=4
e60088e9-cf94-4e41-ae65-a5390866b4b8,341c5f12-b275-49c8-b690-9ce940eb240a,e2e274c8-d558-480e-a7aa-9db7c0763475,infra.huilerie,67,b8a961a6-4a44-4eba-b055-030b8103fa74,0.0,0.7400,DUPLICATE_EXACT,Ikawan,Ikawan,,Abdelghaya souahel,HUILERIE,infra.huilerie_inventaire_pollution,MANUAL_REVIEW_REQUIRED,1,PENDING,distance=0.00m; nom=1.00; commune=0.00; priorite=4
e60088e9-cf94-4e41-ae65-a5390866b4b8,35173cdc-90c5-4125-a97f-6e6669b2f17e,21e0e0b3-adc5-466c-a1f7-157e6d2f86a1,infra.huilerie,68,775c2363-8bbd-4c34-8489-bfa570963269,0.0,0.7400,DUPLICATE_EXACT,Non-connue,Non-connue,,Abdelghaya souahel,HUILERIE,infra.huilerie_inventaire_pollution,MANUAL_REVIEW_REQUIRED,1,PENDING,distance=0.00m; nom=1.00; commune=0.00; priorite=4
e60088e9-cf94-4e41-ae65-a5390866b4b8,fba843eb-d708-4aa2-bf25-7c1f0d4d0047,445159cb-12de-4fca-9610-04d6bb251281,infra.huilerie,15,9864f838-228f-402d-9a4c-54451a6169f3,0.0,0.7400,DUPLICATE_EXACT,Huilerie Dromamed,Huilerie Dromamed,,Oued El Malha,HUILERIE,infra.huilerie_inventaire_pollution,MANUAL_REVIEW_REQUIRED,1,PENDING,distance=0.00m; nom=1.00; commune=0.00; priorite=4
e60088e9-cf94-4e41-ae65-a5390866b4b8,35642fcc-f3dc-4a01-aa02-d2c70bfd6af3,fcf42230-10ee-48c3-a40f-b04b3957b95b,infra.huilerie,11,5d420dc7-0e5e-4d12-8aab-2218256d701f,0.0,0.7400,DUPLICATE_EXACT,Association Taskana,Association Taskana,,Mansoura,HUILERIE,infra.huilerie_inventaire_pollution,MANUAL_REVIEW_REQUIRED,1,PENDING,distance=0.00m; nom=1.00; commune=0.00; priorite=4
e60088e9-cf94-4e41-ae65-a5390866b4b8,3fe727e5-2797-484f-a59b-2fe8d54f7910,bed74f8b-3573-424f-8bc1-210e133291e4,infra.huilerie,18,e1b49fde-fc46-4143-900e-4ec9a71e4492,0.0,0.7400,DUPLICATE_EXACT,Huilerie Ouled Hmaidi,Huilerie Ouled Hmaidi,,Beni Ahmed Charkia,HUILERIE,infra.huilerie_inventaire_pollution,MANUAL_REVIEW_REQUIRED,1,PENDING,distance=0.00m; nom=1.00; commune=0.00; priorite=4
e60088e9-cf94-4e41-ae65-a5390866b4b8,eb7a859f-f3c5-4527-99d4-f75ec6b96e7d,567663dc-e259-4e9b-9b85-99ebc77e62a6,infra.huilerie,19,ed2159a8-12af-41e2-99d4-3eb7e42cf183,0.0,0.7400,DUPLICATE_EXACT,Huilerie El Baraka,Huilerie El Baraka,,Beni Ahmed Charkia,HUILERIE,infra.huilerie_inventaire_pollution,MANUAL_REVIEW_REQUIRED,1,PENDING,distance=0.00m; nom=1.00; commune=0.00; priorite=4
e60088e9-cf94-4e41-ae65-a5390866b4b8,7c822835-a2a2-4b72-83fb-0ba27d99cb7f,472302e5-acbc-4a68-b269-7d2390c73b2b,infra.huilerie,21,8feb8c67-0b41-475b-9781-93e506876dd9,0.0,0.7400,DUPLICATE_EXACT,Huilerie Meskin,Huilerie Meskin,,Bni Ahmed Gharbia,HUILERIE,infra.huilerie_inventaire_pollution,MANUAL_REVIEW_REQUIRED,1,PENDING,distance=0.00m; nom=1.00; commune=0.00; priorite=4
e60088e9-cf94-4e41-ae65-a5390866b4b8,b48d3568-683c-4b4d-a314-a489d3989d2c,c3d48780-ac4d-48cf-8a27-e579eb010f93,infra.huilerie,13,90a46181-cdbe-4f47-be5a-796c0db312b9,0.0,0.7400,DUPLICATE_EXACT,Huilerie Coopérative Bni Falghoum,Huilerie Coopérative Bni Falghoum,,Bni Falghoun,HUILERIE,infra.huilerie_inventaire_pollution,MANUAL_REVIEW_REQUIRED,1,PENDING,distance=0.00m; nom=1.00; commune=0.00; priorite=4
e60088e9-cf94-4e41-ae65-a5390866b4b8,da3ca92c-3e39-4c5e-8b11-6cd75a38a6e0,1f31a34c-2950-4303-8711-469f6522e149,infra.huilerie,14,87762ac6-5361-4dec-a6a7-e45c2faf814e,0.0,0.7400,DUPLICATE_EXACT,Huileire Beni Salah ,Huileire Beni Salah,,Bni Salah,HUILERIE,infra.huilerie_inventaire_pollution,MANUAL_REVIEW_REQUIRED,1,PENDING,distance=0.00m; nom=1.00; commune=0.00; priorite=4
e60088e9-cf94-4e41-ae65-a5390866b4b8,100e3e24-b5d6-41a1-82ca-51d82e41d226,15b4d23e-72d5-4d02-ba40-8d2e5a230931,infra.huilerie,24,fe1442b8-e68a-4579-aa0c-757d95c136e1,0.0,0.7400,DUPLICATE_EXACT,Huileire Fifi,Huileire Fifi,,Fifi,HUILERIE,infra.huilerie_inventaire_pollution,MANUAL_REVIEW_REQUIRED,1,PENDING,distance=0.00m; nom=1.00; commune=0.00; priorite=4
e60088e9-cf94-4e41-ae65-a5390866b4b8,22b0cea4-209c-4002-978c-2c5c9079d5c8,32c97566-ef8c-4ce2-ba41-95b42bd5fefc,infra.huilerie,17,00d89a3f-af73-485f-a3e7-14f01e71e29f,0.0,0.7400,DUPLICATE_EXACT,Huilerie Maakacha,Huilerie Maakacha,,Bab Taza,HUILERIE,infra.huilerie_inventaire_pollution,MANUAL_REVIEW_REQUIRED,1,PENDING,distance=0.00m; nom=1.00; commune=0.00; priorite=4
e60088e9-cf94-4e41-ae65-a5390866b4b8,2c9f4c31-aaaf-428d-897a-888e7ad739b5,16b36519-a92f-4f5f-afea-e90de36f2a96,infra.huilerie,22,3fd799cf-1ea5-4536-9dea-638862c357fc,0.0,0.7400,DUPLICATE_EXACT,Huilerie Kachour Abdelaziz,Huilerie Kachour Abdelaziz,,Bab Taza,HUILERIE,infra.huilerie_inventaire_pollution,MANUAL_REVIEW_REQUIRED,1,PENDING,distance=0.00m; nom=1.00; commune=0.00; priorite=4
e60088e9-cf94-4e41-ae65-a5390866b4b8,d44ecdf2-7b27-43d4-bc0f-8c0f08d6a8a1,d323aca4-5fb8-461d-81de-7a2aa2ea0487,infra.huilerie,69,97511e7f-0331-4933-ba12-f5fd7da43a61,0.0,0.7400,DUPLICATE_EXACT,Sté johako,Sté johako,,Bni ammart,HUILERIE,infra.huilerie_inventaire_pollution,MANUAL_REVIEW_REQUIRED,1,PENDING,distance=0.00m; nom=1.00; commune=0.00; priorite=4
e60088e9-cf94-4e41-ae65-a5390866b4b8,ae27aaac-4ad2-4833-8f52-81ceedffb413,968d8746-7908-4793-82d6-eaffece7c3e1,infra.huilerie,23,d9c4f33d-a65c-40b2-a50f-dd98a4c5a805,0.0,0.7400,DUPLICATE_EXACT,Huilerie coopérative Bni Darkoun,Huilerie coopérative Bni Darkoun,,Bni Darkoul,HUILERIE,infra.huilerie_inventaire_pollution,MANUAL_REVIEW_REQUIRED,1,PENDING,distance=0.00m; nom=1.00; commune=0.00; priorite=4
e60088e9-cf94-4e41-ae65-a5390866b4b8,26d84180-85fc-4f66-912c-1f9b0aec4560,96afed99-91a1-40b7-a356-4bdb84c3e62f,infra.huilerie,43,b519f3ef-39d7-4ba7-8dd0-49394787554b,0.0,0.7400,DUPLICATE_EXACT,Huilerie El boukhari ,Huilerie El boukhari,,Agourai,HUILERIE,infra.huilerie_inventaire_pollution,MANUAL_REVIEW_REQUIRED,1,PENDING,distance=0.00m; nom=1.00; commune=0.00; priorite=4
e60088e9-cf94-4e41-ae65-a5390866b4b8,b6a8ad81-f342-481f-ba47-75fc80fdcb95,05c0b4c8-6896-4fcc-8c53-0372064c02cf,infra.huilerie,44,e76bc15c-b3f3-40c4-ba20-231572c8e325,0.0,0.7400,DUPLICATE_EXACT,Huilerie Hafoudi,Huilerie Hafoudi,,Agourai,HUILERIE,infra.huilerie_inventaire_pollution,MANUAL_REVIEW_REQUIRED,1,PENDING,distance=0.00m; nom=1.00; commune=0.00; priorite=4
e60088e9-cf94-4e41-ae65-a5390866b4b8,1b9b9fc4-af42-4a6c-b83f-6e84d61bac5f,bd108d79-e567-40d9-b681-7db401c8c4a9,infra.huilerie,409,9df4df8f-0b5b-4f98-849c-6e3b0cec8913,0.0,0.7400,DUPLICATE_EXACT,Mohamed El Kahira,Mohamed El Kahira,,MU Agourai,HUILERIE,infra.huilerie_inventaire_pollution,MANUAL_REVIEW_REQUIRED,1,PENDING,distance=0.00m; nom=1.00; commune=0.00; priorite=4
e60088e9-cf94-4e41-ae65-a5390866b4b8,5c4d3a9c-a0b7-45fb-b538-808b55773e15,8b1498f9-7dde-44b3-b427-d63a8434f33a,infra.huilerie,51,940780fb-0245-4da3-9d63-f936f6f9c6eb,0.0,0.7400,DUPLICATE_EXACT,Maasra oum errabia,Maasra oum errabia,,Sebt Jahjouh,HUILERIE,infra.huilerie_inventaire_pollution,MANUAL_REVIEW_REQUIRED,1,PENDING,distance=0.00m; nom=1.00; commune=0.00; priorite=4
e60088e9-cf94-4e41-ae65-a5390866b4b8,b6fe3699-af61-4c5d-bbce-19d4d095ef8f,5c770540-a426-49d3-b2fe-2a2bb9bedbd5,infra.huilerie,53,f73ee695-1d9a-49f8-a9ed-54c7fd0a1244,0.0,0.7400,DUPLICATE_EXACT,Huilerie Elharrati ait Krat,Huilerie Elharrati ait Krat,,Sebt Jahjouh,HUILERIE,infra.huilerie_inventaire_pollution,MANUAL_REVIEW_REQUIRED,1,PENDING,distance=0.00m; nom=1.00; commune=0.00; priorite=4
e60088e9-cf94-4e41-ae65-a5390866b4b8,60bdf588-e7ef-421b-802b-77b54a8db660,11383c27-66e7-49bf-93fb-a0a9d9813a44,infra.huilerie,54,43aca9b5-f809-47b7-83b4-cf3a6f765a34,0.0,0.7400,DUPLICATE_EXACT,Maasra OLEA Capital,Maasra OLEA Capital,,Sebt Jahjouh,HUILERIE,infra.huilerie_inventaire_pollution,MANUAL_REVIEW_REQUIRED,1,PENDING,distance=0.00m; nom=1.00; commune=0.00; priorite=4
e60088e9-cf94-4e41-ae65-a5390866b4b8,5aa57de6-a0a2-474f-ab01-29143e23c276,dc2c9d74-4d76-44f2-95b7-38e45819fc07,infra.huilerie,430,615fd7a8-89ae-4c1a-809b-8862d297e868,0.0,0.7400,DUPLICATE_EXACT,H.BENAYAD,H.BENAYAD,,RIBATE EL KHEIR,HUILERIE,infra.huilerie_inventaire_pollution,MANUAL_REVIEW_REQUIRED,1,PENDING,distance=0.00m; nom=1.00; commune=0.00; priorite=4
e60088e9-cf94-4e41-ae65-a5390866b4b8,86351909-c1e6-42d9-b72e-e829a22cc3a0,6011a5b7-eb9c-47e6-a1ed-0d1d88c420c2,infra.huilerie,455,7ae31183-778b-4661-aae5-b1db55092a1d,0.0,0.7400,DUPLICATE_EXACT,H.DARIH,H.DARIH,,SIDI LAHCEN,HUILERIE,infra.huilerie_inventaire_pollution,MANUAL_REVIEW_REQUIRED,1,PENDING,distance=0.00m; nom=1.00; commune=0.00; priorite=4
e60088e9-cf94-4e41-ae65-a5390866b4b8,6b6c0fae-3ef2-4663-b111-bae8c56ca046,ac121cac-1e8d-4c0c-8b1a-03db165bf931,infra.huilerie,456,eaac5cd4-37a7-4fbf-98f2-ce383a10b5ed,0.0,0.7400,DUPLICATE_EXACT,H.BOIDIS,H.BOIDIS,,sidi lahcen,HUILERIE,infra.huilerie_inventaire_pollution,MANUAL_REVIEW_REQUIRED,1,PENDING,distance=0.00m; nom=1.00; commune=0.00; priorite=4
e60088e9-cf94-4e41-ae65-a5390866b4b8,03011f29-cf67-4f97-81d8-77c663c3bce0,c27a9446-1360-4562-a651-a974aaf9e3fb,infra.huilerie,26,83855cb8-b45f-4668-b6f4-59f8d2bab049,0.0,0.7400,DUPLICATE_EXACT,H.AMRI,H.AMRI,,AIT YAAZEM,HUILERIE,infra.huilerie_inventaire_pollution,MANUAL_REVIEW_REQUIRED,1,PENDING,distance=0.00m; nom=1.00; commune=0.00; priorite=4
e60088e9-cf94-4e41-ae65-a5390866b4b8,5bd843e0-6c22-4558-aa4c-064bc5bbde38,63bd443b-2c77-4a75-97e1-d7119c2b3e09,infra.huilerie,27,4a72ac77-2460-4b88-9c84-7f6728e78e9c,0.0,0.7400,DUPLICATE_EXACT,H.JEBAR,H.JEBAR,,AIT YAAZEM,HUILERIE,infra.huilerie_inventaire_pollution,MANUAL_REVIEW_REQUIRED,1,PENDING,distance=0.00m; nom=1.00; commune=0.00; priorite=4
e60088e9-cf94-4e41-ae65-a5390866b4b8,8bc7cefb-aeac-477d-a088-267211e55ae6,7f0bb331-1185-454d-9bb8-63bb683e49d0,infra.huilerie,28,4c9de65b-2e06-45fe-a79c-757f8fccdd34,0.0,0.7400,DUPLICATE_EXACT,H.STTU MHAMED,H.STTU MHAMED,,AIT YAAZEM,HUILERIE,infra.huilerie_inventaire_pollution,MANUAL_REVIEW_REQUIRED,1,PENDING,distance=0.00m; nom=1.00; commune=0.00; priorite=4
e60088e9-cf94-4e41-ae65-a5390866b4b8,fadaa2db-4bfc-4e90-95de-3e28269f7b98,913efc7d-44ae-42b7-bc09-ea1ee3c83922,infra.huilerie,52,ca9b9cdc-edc8-4c4d-9b75-d7486628c35f,0.0,0.7400,DUPLICATE_EXACT,Huilerie Akoudad ,Huilerie Akoudad,,Sebt Jahjouh,HUILERIE,infra.huilerie_inventaire_pollution,MANUAL_REVIEW_REQUIRED,1,PENDING,distance=0.00m; nom=1.00; commune=0.00; priorite=4
e60088e9-cf94-4e41-ae65-a5390866b4b8,9ca2ba2f-e82d-4cdd-8a45-6f2e5447c808,5ce0df95-4e58-4df0-a9b0-09f7f7db5c37,infra.huilerie,59,0489acb6-f516-44da-9dbd-8ca6a2fceed3,0.0,0.7400,DUPLICATE_EXACT,H.ABDESSALLAM OUCHOUAA,H.ABDESSALLAM OUCHOUAA,,AIT YAAZEM,HUILERIE,infra.huilerie_inventaire_pollution,MANUAL_REVIEW_REQUIRED,1,PENDING,distance=0.00m; nom=1.00; commune=0.00; priorite=4
e60088e9-cf94-4e41-ae65-a5390866b4b8,13ac3a12-efe2-44e5-8078-234eb613cdd3,6cd23af0-87f9-41ae-a320-bcf90aaad0fb,infra.huilerie,60,785d27ef-a146-463f-a9be-2ee5f741e0eb,0.0,0.7400,DUPLICATE_EXACT,H.LMKADAM SAID,H.LMKADAM SAID,,AIT YAAZEM,HUILERIE,infra.huilerie_inventaire_pollution,MANUAL_REVIEW_REQUIRED,1,PENDING,distance=0.00m; nom=1.00; commune=0.00; priorite=4
e60088e9-cf94-4e41-ae65-a5390866b4b8,9754af18-e265-437a-b3f2-137936c565ec,aa2f1583-d680-48ff-86d0-48ceb61bf232,infra.huilerie,410,255b0193-004b-474e-94b3-0a073c37c1aa,0.0,0.7400,DUPLICATE_EXACT,El Omari,El Omari,,Ait Yaazem,HUILERIE,infra.huilerie_inventaire_pollution,MANUAL_REVIEW_REQUIRED,1,PENDING,distance=0.00m; nom=1.00; commune=0.00; priorite=4
e60088e9-cf94-4e41-ae65-a5390866b4b8,5f052d79-5aa4-4c0d-8d44-ee66aa9ee0eb,d29a15d1-a962-47b5-82cb-0ec029fadcb7,infra.huilerie,411,86a72638-02dd-4894-950e-93ded7912d0f,0.0,0.7400,DUPLICATE_EXACT,Abd Errahmane Outaleb,Abd Errahmane Outaleb,,Ait Yaazem,HUILERIE,infra.huilerie_inventaire_pollution,MANUAL_REVIEW_REQUIRED,1,PENDING,distance=0.00m; nom=1.00; commune=0.00; priorite=4
e60088e9-cf94-4e41-ae65-a5390866b4b8,755a7450-cdab-41b0-83b4-b671e21b424d,2a2ae5de-acd8-450b-b475-e961b29fb572,infra.huilerie,412,91491ee0-09f5-41a1-b318-55074e5dc65e,0.0,0.7400,DUPLICATE_EXACT,Ait El Maati Med,Ait El Maati Med,,Ait Yaazem,HUILERIE,infra.huilerie_inventaire_pollution,MANUAL_REVIEW_REQUIRED,1,PENDING,distance=0.00m; nom=1.00; commune=0.00; priorite=4
e60088e9-cf94-4e41-ae65-a5390866b4b8,9af6c0fe-1f1c-40ff-887a-f7dba6002638,da5bad9b-db2e-4f99-b4d4-1b3d624ad44f,infra.huilerie,413,c38685b4-4fab-42b9-b547-2eafb3b86d2d,0.0,0.7400,DUPLICATE_EXACT,Ait El Maati Abd Ellah,Ait El Maati Abd Ellah,,Ait Yaazem,HUILERIE,infra.huilerie_inventaire_pollution,MANUAL_REVIEW_REQUIRED,1,PENDING,distance=0.00m; nom=1.00; commune=0.00; priorite=4
e60088e9-cf94-4e41-ae65-a5390866b4b8,a2a82221-6f6f-4235-af94-5057653a4f36,596d2951-d762-4c85-be21-a293214bf16e,infra.huilerie,414,05bc414b-1587-420b-87ef-fef50a71687c,0.0,0.7400,DUPLICATE_EXACT,Achbari Chaib,Achbari Chaib,,Ait Yaazem,HUILERIE,infra.huilerie_inventaire_pollution,MANUAL_REVIEW_REQUIRED,1,PENDING,distance=0.00m; nom=1.00; commune=0.00; priorite=4
e60088e9-cf94-4e41-ae65-a5390866b4b8,1f5b1cdd-3a5e-4a39-973f-d28f16405580,e1eb7831-e968-4f7e-9084-8d90177654a8,infra.huilerie,39,94e98b37-fb97-46ff-9a0e-88e3fb6b813c,0.0,0.7400,DUPLICATE_EXACT,Huilerie Lina Olive,Huilerie Lina Olive,,Ait Boubidmane,HUILERIE,infra.huilerie_inventaire_pollution,MANUAL_REVIEW_REQUIRED,1,PENDING,distance=0.00m; nom=1.00; commune=0.00; priorite=4
e60088e9-cf94-4e41-ae65-a5390866b4b8,6fdd6e02-40ba-473a-8126-b7e8a8b55286,5d9ceb48-75da-49e9-8aa0-be1d6a609603,infra.huilerie,40,b562d28b-c0a0-4536-8cef-71b9b1a39e6f,0.0,0.7400,DUPLICATE_EXACT,Huilerie Ait hssi ouali          ,Huilerie Ait hssi ouali,,Ait Boubidmane,HUILERIE,infra.huilerie_inventaire_pollution,MANUAL_REVIEW_REQUIRED,1,PENDING,distance=0.00m; nom=1.00; commune=0.00; priorite=4
e60088e9-cf94-4e41-ae65-a5390866b4b8,46d42557-c4b0-4211-8859-bc71f092d8f4,0b58722d-4617-452f-b660-6aab9f1091c1,infra.huilerie,420,a750f1fa-d97a-48ce-b2b2-13497fe5412c,0.0,0.7400,DUPLICATE_EXACT,Dahra Morroco,Dahra Morroco,,Ait Boubidmane,HUILERIE,infra.huilerie_inventaire_pollution,MANUAL_REVIEW_REQUIRED,1,PENDING,distance=0.00m; nom=1.00; commune=0.00; priorite=4
e60088e9-cf94-4e41-ae65-a5390866b4b8,e30e1094-3853-458e-92aa-838433d9bf25,354e5eca-2a6a-458a-8d21-c328d046b077,infra.huilerie,421,24d90614-03b8-44d2-b599-8f612dfef1d2,0.0,0.7400,DUPLICATE_EXACT,Huilerie Domain El Gour,Huilerie Domain El Gour,,Ait Boubidmane,HUILERIE,infra.huilerie_inventaire_pollution,MANUAL_REVIEW_REQUIRED,1,PENDING,distance=0.00m; nom=1.00; commune=0.00; priorite=4
e60088e9-cf94-4e41-ae65-a5390866b4b8,8efcebac-f302-4622-b74a-6c39820e36a2,889bf181-c39f-453c-81e3-abd88b680753,infra.huilerie,561,494d1c2d-2340-49c5-8338-ac877911ca5c,0.0,0.7400,DUPLICATE_EXACT,Benaouda allal,Benaouda allal,,Sidi Slimane Moul Alkifane,HUILERIE,infra.huilerie_inventaire_pollution,MANUAL_REVIEW_REQUIRED,1,PENDING,distance=0.00m; nom=1.00; commune=0.00; priorite=4
e60088e9-cf94-4e41-ae65-a5390866b4b8,4c7fbcfa-eeee-41ff-964c-337c743cdb71,62adbdac-a268-490a-9590-beb212483732,infra.huilerie,346,d687bec4-e442-40e4-831f-d4717829a56b,0.0,0.7400,DUPLICATE_EXACT,Hicham hanin,Hicham hanin,,Tahla,HUILERIE,infra.huilerie_inventaire_pollution,MANUAL_REVIEW_REQUIRED,1,PENDING,distance=0.00m; nom=1.00; commune=0.00; priorite=4
e60088e9-cf94-4e41-ae65-a5390866b4b8,6ab74922-d6ab-4888-b82a-ecf8b3f3cbd0,7f5a6042-d616-46ec-8690-9cf4bba3a8f7,infra.huilerie,543,4becc80d-31b1-4449-aa6d-4e37c418cb2d,0.0,0.7400,DUPLICATE_EXACT,H.LAAMARTI,H.LAAMARTI,,SIDI ABDELLAH EL KHAYAT,HUILERIE,infra.huilerie_inventaire_pollution,MANUAL_REVIEW_REQUIRED,1,PENDING,distance=0.00m; nom=1.00; commune=0.00; priorite=4
e60088e9-cf94-4e41-ae65-a5390866b4b8,96e192ef-5dbd-44f9-97ad-4a28c971612f,f7c2bdf7-7290-4f15-86ff-1ed75ef9f65b,infra.huilerie,544,ec7dcf28-1b43-4bb5-9594-e6fd23acedcf,0.0,0.7400,DUPLICATE_EXACT,H.DRISS BOUAYADI,H.DRISS BOUAYADI,,SIDI ABDELLAH EL KHAYAT,HUILERIE,infra.huilerie_inventaire_pollution,MANUAL_REVIEW_REQUIRED,1,PENDING,distance=0.00m; nom=1.00; commune=0.00; priorite=4
e60088e9-cf94-4e41-ae65-a5390866b4b8,ebbeb6a6-47c8-49f5-baa1-5ae8ffef27ee,5218c8b6-9121-403a-9e9f-f262d5f2919e,infra.huilerie,555,1761519c-ee9e-426a-a21a-2f2281c28cb8,0.0,0.7400,DUPLICATE_EXACT,H.BISMILLAH RASS LAINE,H.BISMILLAH RASS LAINE,,SIDI ABDELLAH EL KHAYAT,HUILERIE,infra.huilerie_inventaire_pollution,MANUAL_REVIEW_REQUIRED,1,PENDING,distance=0.00m; nom=1.00; commune=0.00; priorite=4
e60088e9-cf94-4e41-ae65-a5390866b4b8,820775bd-feb7-4088-a9e7-621540d90880,dc9e1b73-f85b-4e2d-9a4a-4fa28a98bd8d,infra.huilerie,580,e86f0834-b842-44fe-9fac-413ba8c0163b,0.0,0.7400,DUPLICATE_EXACT,HASSAN BOUAAYAD,HASSAN BOUAAYAD,,Sidi Abdallah Al Khayat,HUILERIE,infra.huilerie_inventaire_pollution,MANUAL_REVIEW_REQUIRED,1,PENDING,distance=0.00m; nom=1.00; commune=0.00; priorite=4
e60088e9-cf94-4e41-ae65-a5390866b4b8,15c11490-c2f7-4701-9003-a80cfe157be4,497f218c-b906-48da-8370-3e0e8fafe918,infra.huilerie,424,bfbdf87b-4efb-49f9-a248-6687e2a5b40d,0.0,0.7400,DUPLICATE_EXACT,Agri M'Haya,Agri M'Haya,,LAQSIR,HUILERIE,infra.huilerie_inventaire_pollution,MANUAL_REVIEW_REQUIRED,1,PENDING,distance=0.00m; nom=1.00; commune=0.00; priorite=4
e60088e9-cf94-4e41-ae65-a5390866b4b8,6793c790-0081-45ff-a3f0-f266c4dc8a94,02ceaab2-0ef9-4622-a4d5-d97af82bd2a2,infra.huilerie,425,bbc96a55-7d83-4699-88f5-37c50dd66604,0.0,0.7400,DUPLICATE_EXACT,Abou Karim,Abou Karim,,LAQSIR,HUILERIE,infra.huilerie_inventaire_pollution,MANUAL_REVIEW_REQUIRED,1,PENDING,distance=0.00m; nom=1.00; commune=0.00; priorite=4
e60088e9-cf94-4e41-ae65-a5390866b4b8,9e5edc94-6f9a-49b7-9ed8-28aa25be960b,a67f12f6-4bbd-4343-bc52-bd13711cbe21,infra.huilerie,516,81799bd3-ad73-4a16-957e-383b1b0c3ba8,0.0,0.7400,DUPLICATE_EXACT,H.MOHAMED  FAHSSI,H.MOHAMED  FAHSSI,,M'HAYA,HUILERIE,infra.huilerie_inventaire_pollution,MANUAL_REVIEW_REQUIRED,1,PENDING,distance=0.00m; nom=1.00; commune=0.00; priorite=4
e60088e9-cf94-4e41-ae65-a5390866b4b8,972e1d06-ee4e-4ea1-ac27-b44a1598af11,92b6a157-9795-414b-9d32-6fd8926fb842,infra.huilerie,517,91c896b2-173f-44f8-b1fb-f73e52ea53ae,0.0,0.7400,DUPLICATE_EXACT,BISMILLAH,BISMILLAH,,M'HAYA,HUILERIE,infra.huilerie_inventaire_pollution,MANUAL_REVIEW_REQUIRED,1,PENDING,distance=0.00m; nom=1.00; commune=0.00; priorite=4
e60088e9-cf94-4e41-ae65-a5390866b4b8,b576e5f7-d301-4482-98b2-4383b4f8ef23,9817075e-6600-4994-b392-8b83cf34d815,infra.huilerie,518,74c86b19-930a-44e7-9988-745ec5f88ee9,0.0,0.7400,DUPLICATE_EXACT,EL HABLI DRISS,EL HABLI DRISS,,M'HAYA,HUILERIE,infra.huilerie_inventaire_pollution,MANUAL_REVIEW_REQUIRED,1,PENDING,distance=0.00m; nom=1.00; commune=0.00; priorite=4
e60088e9-cf94-4e41-ae65-a5390866b4b8,8bf291b5-7b34-4386-8517-110dd8752bb4,3d19eb16-b2d4-4e78-8e6d-6d5fb0849e97,infra.huilerie,519,c70b723c-6369-4ce7-8e1f-505be2d805df,0.0,0.7400,DUPLICATE_EXACT,H.SAHEL ABDERRAHMANE,H.SAHEL ABDERRAHMANE,,M'HAYA,HUILERIE,infra.huilerie_inventaire_pollution,MANUAL_REVIEW_REQUIRED,1,PENDING,distance=0.00m; nom=1.00; commune=0.00; priorite=4
e60088e9-cf94-4e41-ae65-a5390866b4b8,2cd05a7b-0f38-4fa7-b2c0-d44ef409db15,79dede1d-81fa-4210-979b-44d6064ce15f,infra.huilerie,520,5b82802c-c9ff-423b-be14-ffec16e23dde,0.0,0.7400,DUPLICATE_EXACT,H.ANOOR,H.ANOOR,,M'HAYA,HUILERIE,infra.huilerie_inventaire_pollution,MANUAL_REVIEW_REQUIRED,1,PENDING,distance=0.00m; nom=1.00; commune=0.00; priorite=4
e60088e9-cf94-4e41-ae65-a5390866b4b8,9a953eea-75f3-4277-9c6c-a2b2f9690aaa,6d2ef3f7-e57c-453d-9aec-6d4119972fa5,infra.huilerie,522,a4c72713-56ac-4835-a0cb-10208a0d6851,0.0,0.7400,DUPLICATE_EXACT,H.HAJAR,H.HAJAR,,M'HAYA,HUILERIE,infra.huilerie_inventaire_pollution,MANUAL_REVIEW_REQUIRED,1,PENDING,distance=0.00m; nom=1.00; commune=0.00; priorite=4
e60088e9-cf94-4e41-ae65-a5390866b4b8,568992d4-7eb3-4873-83f2-0e3cc86efcc1,1f19535f-3f9c-4e4d-a027-0b6663c7ceaf,infra.huilerie,523,8018b320-f36d-46c6-bb84-a5add380b489,0.0,0.7400,DUPLICATE_EXACT,H.DOUKALI,H.DOUKALI,,M'HAYA,HUILERIE,infra.huilerie_inventaire_pollution,MANUAL_REVIEW_REQUIRED,1,PENDING,distance=0.00m; nom=1.00; commune=0.00; priorite=4
e60088e9-cf94-4e41-ae65-a5390866b4b8,33bf40a3-c483-4195-b770-feadfe444dcd,ceafd2ae-1da4-45fc-8019-6bc92632cd0b,infra.huilerie,524,4b15134b-76d9-46de-829a-a270f2143980,0.0,0.7400,DUPLICATE_EXACT,H.kazdari,H.kazdari,,M'HAYA,HUILERIE,infra.huilerie_inventaire_pollution,MANUAL_REVIEW_REQUIRED,1,PENDING,distance=0.00m; nom=1.00; commune=0.00; priorite=4
e60088e9-cf94-4e41-ae65-a5390866b4b8,94c0c628-fb75-47d5-b19d-e8a0db291b9f,d103acd2-5b66-442f-96cb-8afe1690834f,infra.huilerie,525,a03f8faa-0fa4-4660-929f-808415ebda10,0.0,0.7400,DUPLICATE_EXACT,H.ben lmahdi,H.ben lmahdi,,M'HAYA,HUILERIE,infra.huilerie_inventaire_pollution,MANUAL_REVIEW_REQUIRED,1,PENDING,distance=0.00m; nom=1.00; commune=0.00; priorite=4
e60088e9-cf94-4e41-ae65-a5390866b4b8,30ed1df8-4524-4ee4-a4f3-5fd138e0293f,233021dd-3abb-4e80-be7b-f4dc852d7914,infra.huilerie,526,bdd6e1ab-e5b9-4a71-bbac-45796b195dbb,0.0,0.7400,DUPLICATE_EXACT,H.BELAID,H.BELAID,,M'HAYA,HUILERIE,infra.huilerie_inventaire_pollution,MANUAL_REVIEW_REQUIRED,1,PENDING,distance=0.00m; nom=1.00; commune=0.00; priorite=4
e60088e9-cf94-4e41-ae65-a5390866b4b8,66d69c87-063f-481e-97c8-d36a58cc1fb5,e492733f-57e5-40ee-983c-97e51c5ed637,infra.huilerie,527,f8c37f0c-60f6-4295-b913-edfd50ceb7ab,0.0,0.7400,DUPLICATE_EXACT,H.EL KARAM,H.EL KARAM,,M'HAYA,HUILERIE,infra.huilerie_inventaire_pollution,MANUAL_REVIEW_REQUIRED,1,PENDING,distance=0.00m; nom=1.00; commune=0.00; priorite=4
e60088e9-cf94-4e41-ae65-a5390866b4b8,25aaef62-3343-4a4d-bda9-10a88283d81d,cbca2de9-9631-4401-99a7-df51da1e1b9d,infra.huilerie,556,8925cba7-d796-48bd-9fb5-b880768c835f,0.0,0.7400,DUPLICATE_EXACT,H.BOUAAOUDA,H.BOUAAOUDA,,M'HAYA,HUILERIE,infra.huilerie_inventaire_pollution,MANUAL_REVIEW_REQUIRED,1,PENDING,distance=0.00m; nom=1.00; commune=0.00; priorite=4
e60088e9-cf94-4e41-ae65-a5390866b4b8,91ac43f4-668d-4a97-9280-547d53bc83ea,ea5ea337-bfe0-499a-b33e-ffe4b67c0abd,infra.huilerie,570,89a9a85e-d72f-43cd-99af-c945368fac07,0.0,0.7400,DUPLICATE_EXACT,Omar ghizlan,Omar ghizlan,,M'HAYA,HUILERIE,infra.huilerie_inventaire_pollution,MANUAL_REVIEW_REQUIRED,1,PENDING,distance=0.00m; nom=1.00; commune=0.00; priorite=4
e60088e9-cf94-4e41-ae65-a5390866b4b8,9cd0e4f8-1b0d-4391-bb83-f31eb49cca40,b1860dd5-2ac1-40d5-93e7-dc852f8c2092,infra.huilerie,593,c3d81ada-4817-445d-8633-cae94e99bd2d,0.0,0.7400,DUPLICATE_EXACT,Abdelouahab Lehgui,Abdelouahab Lehgui,,M'HAYA,HUILERIE,infra.huilerie_inventaire_pollution,MANUAL_REVIEW_REQUIRED,1,PENDING,distance=0.00m; nom=1.00; commune=0.00; priorite=4
e60088e9-cf94-4e41-ae65-a5390866b4b8,c1908c5c-2699-4282-9b88-021862884bb6,9e1855f5-153e-4046-98e6-4b1d974b01bc,infra.huilerie,553,f6d0148c-f502-40fa-9f5c-1f319424e1b0,0.0,0.7400,DUPLICATE_EXACT,"H,SAHL SAYS","H,SAHL SAYS",,N'zalat Bni Amar,HUILERIE,infra.huilerie_inventaire_pollution,MANUAL_REVIEW_REQUIRED,1,PENDING,distance=0.00m; nom=1.00; commune=0.00; priorite=4
e60088e9-cf94-4e41-ae65-a5390866b4b8,55a96cc8-9430-46ad-8ea2-ea3d9b7ca88b,92fbd7d1-c604-4bd9-a88d-148dc69e6212,infra.huilerie,554,a2ad5ec5-6efa-43e8-804e-e21223bac40e,0.0,0.7400,DUPLICATE_EXACT,GIE PRODUITS DE TERROIR WALILI,GIE PRODUITS DE TERROIR WALILI,,N'zalat Bni Amar,HUILERIE,infra.huilerie_inventaire_pollution,MANUAL_REVIEW_REQUIRED,1,PENDING,distance=0.00m; nom=1.00; commune=0.00; priorite=4
e60088e9-cf94-4e41-ae65-a5390866b4b8,9abf4f15-1737-4d18-8201-a726cb42ce50,fafeadd2-49ee-4a3c-8e93-4b97b2b37110,infra.huilerie,560,c8025731-f3d7-44af-9046-78a77c06b054,0.0,0.7400,DUPLICATE_EXACT,Khadouri,Khadouri,,Nzalat Beni Amar,HUILERIE,infra.huilerie_inventaire_pollution,MANUAL_REVIEW_REQUIRED,1,PENDING,distance=0.00m; nom=1.00; commune=0.00; priorite=4
e60088e9-cf94-4e41-ae65-a5390866b4b8,ac2ef8b5-1d97-48a1-839c-8f2cd0280c54,b60979d6-218f-4a7b-a8b3-1d019835b153,infra.huilerie,572,1f0a00a7-d06a-4b04-a5c9-2e87d95f4be9,0.0,0.7400,DUPLICATE_EXACT,Belaid M'hamad,Belaid M'hamad,,N'ZALAT BNI AMAR,HUILERIE,infra.huilerie_inventaire_pollution,MANUAL_REVIEW_REQUIRED,1,PENDING,distance=0.00m; nom=1.00; commune=0.00; priorite=4
e60088e9-cf94-4e41-ae65-a5390866b4b8,2462f734-858b-4b82-8f03-b423e7f7d72e,2e29c0e2-e4ed-4591-9520-2d7c68b05c34,infra.huilerie,574,91ecfb57-59a3-4eb8-a929-b8f690c656ed,0.0,0.7400,DUPLICATE_EXACT,Ben salem Defaa,Ben salem Defaa,,N'ZALAT BNI AMAR,HUILERIE,infra.huilerie_inventaire_pollution,MANUAL_REVIEW_REQUIRED,1,PENDING,distance=0.00m; nom=1.00; commune=0.00; priorite=4
e60088e9-cf94-4e41-ae65-a5390866b4b8,d26fd1a9-c284-403c-b823-8846b66fa9a6,f2b6893a-5ee4-4411-a040-172f78e3d214,infra.huilerie,575,15e22abf-621b-4555-b705-f9cbede3b33a,0.0,0.7400,DUPLICATE_EXACT,Héritier Hlimi Hamid,Héritier Hlimi Hamid,,N'ZALAT BNI AMAR,HUILERIE,infra.huilerie_inventaire_pollution,MANUAL_REVIEW_REQUIRED,1,PENDING,distance=0.00m; nom=1.00; commune=0.00; priorite=4
e60088e9-cf94-4e41-ae65-a5390866b4b8,d4eca80b-0e45-44a3-bdac-1b732aca9e8d,75792321-0482-4e64-8072-d602bedb8cb0,infra.huilerie,576,5be9539e-3a6a-47bf-adb5-c4df9acffa01,0.0,0.7400,DUPLICATE_EXACT,Héritier Houmaini,Héritier Houmaini,,N'ZALAT BNI AMAR,HUILERIE,infra.huilerie_inventaire_pollution,MANUAL_REVIEW_REQUIRED,1,PENDING,distance=0.00m; nom=1.00; commune=0.00; priorite=4
e60088e9-cf94-4e41-ae65-a5390866b4b8,13413fd2-649c-4285-bf09-aa4146f6decf,765b160e-a223-447b-826d-d4478cc45940,infra.huilerie,583,f8f48c41-fed4-4c41-a473-1c9932843618,0.0,0.7400,DUPLICATE_EXACT,Laouinat (jarbi Malika),Laouinat (jarbi Malika),,N'ZALAT BNI AMAR,HUILERIE,infra.huilerie_inventaire_pollution,MANUAL_REVIEW_REQUIRED,1,PENDING,distance=0.00m; nom=1.00; commune=0.00; priorite=4
e60088e9-cf94-4e41-ae65-a5390866b4b8,fcb5cf20-da16-4d84-912d-f99a9fcc0a58,c04eba28-72f3-42f3-9930-b3f30568c7db,infra.huilerie,584,670575b0-8244-4668-a485-268fcfe60b72,0.0,0.7400,DUPLICATE_EXACT,Lahlou (Ben Labiad),Lahlou (Ben Labiad),,N'ZALAT BNI AMAR,HUILERIE,infra.huilerie_inventaire_pollution,MANUAL_REVIEW_REQUIRED,1,PENDING,distance=0.00m; nom=1.00; commune=0.00; priorite=4
e60088e9-cf94-4e41-ae65-a5390866b4b8,4afaf44b-e921-4f21-a833-6dff504060db,275a1a82-8f6c-4074-98b2-5f92f7d09191,infra.huilerie,545,745898cb-8140-44e1-9ec5-f12a8a6122cf,0.0,0.7400,DUPLICATE_EXACT,H.ASSALA,H.ASSALA,,OUALIL,HUILERIE,infra.huilerie_inventaire_pollution,MANUAL_REVIEW_REQUIRED,1,PENDING,distance=0.00m; nom=1.00; commune=0.00; priorite=4
e60088e9-cf94-4e41-ae65-a5390866b4b8,f4f1d0c6-0113-4ac3-bfc1-5f1e8857a960,b85e5295-f4ca-492f-b0c0-89379fdfb5db,infra.huilerie,546,ad4b3ace-f3c1-4b60-b4a5-c9abbf89e6bc,0.0,0.7400,DUPLICATE_EXACT,H.EL KHAYR,H.EL KHAYR,,OUALIL,HUILERIE,infra.huilerie_inventaire_pollution,MANUAL_REVIEW_REQUIRED,1,PENDING,distance=0.00m; nom=1.00; commune=0.00; priorite=4
e60088e9-cf94-4e41-ae65-a5390866b4b8,3b9c618f-979d-4df0-bf8a-4b72df0efc1b,063ab245-a0bf-419e-aad7-9351090c9a8b,infra.huilerie,577,3029e4a6-eb61-4b1c-b8c4-f65eb2b045a2,0.0,0.7400,DUPLICATE_EXACT,H.ALLAMI BATTAS,H.ALLAMI BATTAS,,OUALIL,HUILERIE,infra.huilerie_inventaire_pollution,MANUAL_REVIEW_REQUIRED,1,PENDING,distance=0.00m; nom=1.00; commune=0.00; priorite=4
e60088e9-cf94-4e41-ae65-a5390866b4b8,16d8bed0-4eaf-4dc1-b363-0282f7ad2fdb,0de29399-102b-4171-9c69-fc454723f910,infra.huilerie,578,423135aa-ac1f-4449-82ec-10a72f9c9b40,0.0,0.7400,DUPLICATE_EXACT,"H, ZGAGH MOHAMED","H, ZGAGH MOHAMED",,OUALIL,HUILERIE,infra.huilerie_inventaire_pollution,MANUAL_REVIEW_REQUIRED,1,PENDING,distance=0.00m; nom=1.00; commune=0.00; priorite=4
e60088e9-cf94-4e41-ae65-a5390866b4b8,1a3137bd-eaef-4914-9fba-a3cc58f77a41,198764dd-dd85-4faa-a056-442fdd4a7923,infra.huilerie,585,2d114757-4a11-4de9-b161-d0c0116fa4f5,0.0,0.7400,DUPLICATE_EXACT,Héritier Etouibi Hmad,Héritier Etouibi Hmad,,N'ZALAT BNI AMAR,HUILERIE,infra.huilerie_inventaire_pollution,MANUAL_REVIEW_REQUIRED,1,PENDING,distance=0.00m; nom=1.00; commune=0.00; priorite=4
e60088e9-cf94-4e41-ae65-a5390866b4b8,a7c013e2-317b-446a-a0e2-c55977122f19,c03cb1f3-6fa5-4d01-89e6-805ee2f228cb,infra.huilerie,562,06b24991-cab6-49f1-80d3-05c142a65001,0.0,0.7400,DUPLICATE_EXACT,Bouchama,Bouchama,,Ain Jemaa,HUILERIE,infra.huilerie_inventaire_pollution,MANUAL_REVIEW_REQUIRED,1,PENDING,distance=0.00m; nom=1.00; commune=0.00; priorite=4
e60088e9-cf94-4e41-ae65-a5390866b4b8,7accce24-2c3f-4285-bff8-661b56492049,0ede7932-43a5-4930-9ab9-1f26007ff715,infra.huilerie,124,9cb96b3a-082d-4eb4-a1b0-86529d05509a,0.0,0.7400,DUPLICATE_EXACT,BLADI ,BLADI,,Laajara,HUILERIE,infra.huilerie_inventaire_pollution,MANUAL_REVIEW_REQUIRED,1,PENDING,distance=0.00m; nom=1.00; commune=0.00; priorite=4
e60088e9-cf94-4e41-ae65-a5390866b4b8,59fd9f71-0f49-4c64-87bd-6c79e60ea0fb,823bf90b-4944-4dfa-8694-2e795b0916ef,infra.huilerie,125,b6dd82a0-1d39-40f7-a504-e8cea0361a3d,0.0,0.7400,DUPLICATE_EXACT,BLADI ,BLADI,,Laajara,HUILERIE,infra.huilerie_inventaire_pollution,MANUAL_REVIEW_REQUIRED,1,PENDING,distance=0.00m; nom=1.00; commune=0.00; priorite=4
e60088e9-cf94-4e41-ae65-a5390866b4b8,96605e50-92af-4659-9180-1c74837656fc,11bbb21c-af0f-4964-a9d5-3d186b9d66dc,infra.huilerie,128,f2561306-02de-46eb-b26d-6f261c16a5bb,0.0,0.7400,DUPLICATE_EXACT,ELKARCH Abdelali  ,ELKARCH Abdelali,,LAAJAJRA,HUILERIE,infra.huilerie_inventaire_pollution,MANUAL_REVIEW_REQUIRED,1,PENDING,distance=0.00m; nom=1.00; commune=0.00; priorite=4
e60088e9-cf94-4e41-ae65-a5390866b4b8,b99f0ac7-2dc1-4d91-a1c5-778845322d8a,59d984d3-e0a1-4696-a2a7-05968ddb1e4e,infra.huilerie,130,e2078b14-7faa-42d9-9517-b1eba18ab3f4,0.0,0.7400,DUPLICATE_EXACT,BADAS  ,BADAS,,LAAJAJRA,HUILERIE,infra.huilerie_inventaire_pollution,MANUAL_REVIEW_REQUIRED,1,PENDING,distance=0.00m; nom=1.00; commune=0.00; priorite=4
e60088e9-cf94-4e41-ae65-a5390866b4b8,ec5c9b57-2d58-473d-b4b2-023549e2578d,01ec9e0c-2f73-49d9-9876-b8d312ed2b36,infra.huilerie,131,113b9549-17f6-4f2a-bb6d-75c00136ded4,0.0,0.7400,DUPLICATE_EXACT,Al Jouira Alghinaoui ,Al Jouira Alghinaoui,,LAAJAJRA,HUILERIE,infra.huilerie_inventaire_pollution,MANUAL_REVIEW_REQUIRED,1,PENDING,distance=0.00m; nom=1.00; commune=0.00; priorite=4
e60088e9-cf94-4e41-ae65-a5390866b4b8,49fbfaa6-df7f-4e6e-b0c1-267cba8ee10a,37674acc-8b2a-45bb-8f85-675db42f68ba,infra.huilerie,132,df7cff8f-079a-486e-9370-7f10f0ba4be1,0.0,0.7400,DUPLICATE_EXACT,CHABACH ,CHABACH,,LAAJAJRA,HUILERIE,infra.huilerie_inventaire_pollution,MANUAL_REVIEW_REQUIRED,1,PENDING,distance=0.00m; nom=1.00; commune=0.00; priorite=4
e60088e9-cf94-4e41-ae65-a5390866b4b8,97d46259-f316-4084-a490-f8b32f4c992a,86ab01dc-ef45-4c19-86b4-fede7c67d65e,infra.huilerie,133,3b0aefc7-6e39-4ba2-82e7-8153e98a1ead,0.0,0.7400,DUPLICATE_EXACT,DAHMAN Abdellah  ,DAHMAN Abdellah,,LAAJAJRA,HUILERIE,infra.huilerie_inventaire_pollution,MANUAL_REVIEW_REQUIRED,1,PENDING,distance=0.00m; nom=1.00; commune=0.00; priorite=4
e60088e9-cf94-4e41-ae65-a5390866b4b8,6875b09c-35f2-4564-a70c-3bccde42c40b,9871e24e-abf0-470d-afef-d91bea83550d,infra.huilerie,307,be70954a-51f9-48e3-b85d-e0a4a1846443,0.0,0.7400,DUPLICATE_EXACT,Huilerie Salama,Huilerie Salama,,Taza,HUILERIE,infra.huilerie_inventaire_pollution,MANUAL_REVIEW_REQUIRED,1,PENDING,distance=0.00m; nom=1.00; commune=0.00; priorite=4
e60088e9-cf94-4e41-ae65-a5390866b4b8,8439869b-f989-4d69-808c-3c6a72a9760b,ba449011-a22b-4b0b-9ea9-9bfe29183fa3,infra.huilerie,328,1310851d-4168-4451-bc8e-bf1f0469d300,0.0,0.7400,DUPLICATE_EXACT,Lmt taza,Lmt taza,,Taza,HUILERIE,infra.huilerie_inventaire_pollution,MANUAL_REVIEW_REQUIRED,1,PENDING,distance=0.00m; nom=1.00; commune=0.00; priorite=4
e60088e9-cf94-4e41-ae65-a5390866b4b8,13218fd3-83bc-4948-8e1e-17d3834176ec,ee078672-683b-4dee-a599-ea01600a6949,infra.huilerie,330,79bb197b-4ee7-41e8-ab4a-64bed83d9e86,0.0,0.7400,DUPLICATE_EXACT,Huile d'olive reda,Huile d'olive reda,,Taza,HUILERIE,infra.huilerie_inventaire_pollution,MANUAL_REVIEW_REQUIRED,1,PENDING,distance=0.00m; nom=1.00; commune=0.00; priorite=4
e60088e9-cf94-4e41-ae65-a5390866b4b8,9b1ce8b6-e305-4a16-ad5a-60c33bae39e3,ff5cad0d-2339-47be-916e-46544eb1ac61,infra.huilerie,361,f30b2823-7436-4f29-9342-fdd073f790db,0.0,0.7400,DUPLICATE_EXACT,Huilerie el jadida,Huilerie el jadida,,Centre taza,HUILERIE,infra.huilerie_inventaire_pollution,MANUAL_REVIEW_REQUIRED,1,PENDING,distance=0.00m; nom=1.00; commune=0.00; priorite=4
e60088e9-cf94-4e41-ae65-a5390866b4b8,0270c753-0e65-42da-a369-7bea12ed4f21,af27ae67-3742-415f-aa26-c31805cb8190,infra.huilerie,162,32a545a2-f295-48db-9742-a828fcf9fc29,0.0,0.7400,DUPLICATE_EXACT,Huilerie ARAB HUILE,Huilerie ARAB HUILE,,Louadaine,HUILERIE,infra.huilerie_inventaire_pollution,MANUAL_REVIEW_REQUIRED,1,PENDING,distance=0.00m; nom=1.00; commune=0.00; priorite=4
e60088e9-cf94-4e41-ae65-a5390866b4b8,c7248fdc-b427-409b-a859-d9bddb17621c,78664ce8-eeaa-46d6-90ab-1e30b4b8b7cb,infra.huilerie,163,01ed8482-d259-4538-aa59-80acb7d1d760,0.0,0.7400,DUPLICATE_EXACT,Huilerie ZALAGH,Huilerie ZALAGH,,Louadaine,HUILERIE,infra.huilerie_inventaire_pollution,MANUAL_REVIEW_REQUIRED,1,PENDING,distance=0.00m; nom=1.00; commune=0.00; priorite=4
e60088e9-cf94-4e41-ae65-a5390866b4b8,f5806393-ceca-426e-80ea-813fa2d83326,3c340bcf-9318-4cd0-ad49-8a7f243bf773,infra.huilerie,164,f4650d81-2a03-4ec6-90a0-3312e2bc7386,0.0,0.7400,DUPLICATE_EXACT,Huilerie BERRADA,Huilerie BERRADA,,Louadaine,HUILERIE,infra.huilerie_inventaire_pollution,MANUAL_REVIEW_REQUIRED,1,PENDING,distance=0.00m; nom=1.00; commune=0.00; priorite=4
e60088e9-cf94-4e41-ae65-a5390866b4b8,60bbec4a-88f7-43aa-aa48-e879806ce793,efc6be46-6b4f-42b1-95f2-aeb6ef24aadb,infra.huilerie,165,65e65f2f-7890-4d8b-8caa-709b36cb9181,0.0,0.7400,DUPLICATE_EXACT,Coopérative BENKEROUACH,Coopérative BENKEROUACH,,Louadaine,HUILERIE,infra.huilerie_inventaire_pollution,MANUAL_REVIEW_REQUIRED,1,PENDING,distance=0.00m; nom=1.00; commune=0.00; priorite=4
e60088e9-cf94-4e41-ae65-a5390866b4b8,79191cb4-6737-43f4-adb1-9abbf358fb1b,f9882c03-d345-4694-9736-039be0c05374,infra.huilerie,166,b7f7b28f-416e-4f60-aebd-82ba40a4fc1e,0.0,0.7400,DUPLICATE_EXACT,Huilerie Mokhtar BAHTAT,Huilerie Mokhtar BAHTAT,,Louadaine,HUILERIE,infra.huilerie_inventaire_pollution,MANUAL_REVIEW_REQUIRED,1,PENDING,distance=0.00m; nom=1.00; commune=0.00; priorite=4
e60088e9-cf94-4e41-ae65-a5390866b4b8,e533f096-2795-4b71-9e53-429bec5ae15d,d5c95bea-ac36-4790-8c6a-53b4c9c6acc5,infra.huilerie,167,3f2b007c-e489-4cf1-9a15-871ab5e711b6,0.0,0.7400,DUPLICATE_EXACT,Huilerie Abdelrahime SABER,Huilerie Abdelrahime SABER,,Louadaine,HUILERIE,infra.huilerie_inventaire_pollution,MANUAL_REVIEW_REQUIRED,1,PENDING,distance=0.00m; nom=1.00; commune=0.00; priorite=4
e60088e9-cf94-4e41-ae65-a5390866b4b8,ff83545f-33d2-4627-9133-0babcc051736,469224bc-40be-4506-829f-781448c9ca3e,infra.huilerie,168,339ae9f9-003d-4dcd-945f-47c8566f3e66,0.0,0.7400,DUPLICATE_EXACT,Huilerie Mohamed IDRISSI MOUNADI,Huilerie Mohamed IDRISSI MOUNADI,,Louadaine,HUILERIE,infra.huilerie_inventaire_pollution,MANUAL_REVIEW_REQUIRED,1,PENDING,distance=0.00m; nom=1.00; commune=0.00; priorite=4
e60088e9-cf94-4e41-ae65-a5390866b4b8,45ec27e9-11f4-4f9e-bfed-662bad2b0889,4534333c-fc4a-4eff-b545-cf98a12639ae,infra.huilerie,139,3eeae7fb-9ff3-4678-9437-aa1f1300d845,0.0,0.7400,DUPLICATE_EXACT,"H,DRISS NAJI","H,DRISS NAJI",,OULAD MIMOUN,HUILERIE,infra.huilerie_inventaire_pollution,MANUAL_REVIEW_REQUIRED,1,PENDING,distance=0.00m; nom=1.00; commune=0.00; priorite=4
e60088e9-cf94-4e41-ae65-a5390866b4b8,df95ee55-19d1-44b5-94ba-6aa900ee67e4,5d49dbb2-4b4f-4e65-8197-cb3895cdb44a,infra.huilerie,169,1baa710b-d39b-45cf-ab64-75ef7f4945d6,0.0,0.7400,DUPLICATE_EXACT,Huilerie Abdelrahime BERZOUK,Huilerie Abdelrahime BERZOUK,,Ouled Mimoune,HUILERIE,infra.huilerie_inventaire_pollution,MANUAL_REVIEW_REQUIRED,1,PENDING,distance=0.00m; nom=1.00; commune=0.00; priorite=4
e60088e9-cf94-4e41-ae65-a5390866b4b8,b3187407-4720-4dc9-b0cd-9a60448be414,c8e4c00f-ecb1-4af6-bf52-b2a14f20600b,infra.huilerie,170,1ace0c49-d458-4dd6-86f3-e287f6995dcd,0.0,0.7400,DUPLICATE_EXACT,Huilerie Allal El MOUNADI,Huilerie Allal El MOUNADI,,Ouled Mimoune,HUILERIE,infra.huilerie_inventaire_pollution,MANUAL_REVIEW_REQUIRED,1,PENDING,distance=0.00m; nom=1.00; commune=0.00; priorite=4
e60088e9-cf94-4e41-ae65-a5390866b4b8,e9a2acf5-f209-494a-b45a-356dec847934,3806c3ec-1a11-4e48-8e9e-8e039fdf827f,infra.huilerie,171,d1d7ecdd-ddb9-4686-9a55-5e13a4c10f75,0.0,0.7400,DUPLICATE_EXACT,Huilerie Abdelali EL YAZAMI,Huilerie Abdelali EL YAZAMI,,Ouled Mimoune,HUILERIE,infra.huilerie_inventaire_pollution,MANUAL_REVIEW_REQUIRED,1,PENDING,distance=0.00m; nom=1.00; commune=0.00; priorite=4
e60088e9-cf94-4e41-ae65-a5390866b4b8,a4d7b6f4-fb4a-4415-a106-94f7cb8c18e8,e72e2af7-9dde-465c-ac37-036338095de5,infra.huilerie,172,995a62a8-cef9-4992-ab64-39f54a4df043,0.0,0.7400,DUPLICATE_EXACT,Huilerie Idriss EL NAJAII,Huilerie Idriss EL NAJAII,,Ouled Mimoune,HUILERIE,infra.huilerie_inventaire_pollution,MANUAL_REVIEW_REQUIRED,1,PENDING,distance=0.00m; nom=1.00; commune=0.00; priorite=4
e60088e9-cf94-4e41-ae65-a5390866b4b8,c70bf313-de86-40bb-bddd-3c1e1a76a166,4898d46f-6c4b-4a32-ac27-c7ccc650bf49,infra.huilerie,173,cc5daf55-e274-4079-ba61-b67366aaa242,0.0,0.7400,DUPLICATE_EXACT,Coopérative Al Nasser EL ALAOUI EL TADLI,Coopérative Al Nasser EL ALAOUI EL TADLI,,Ouled Mimoune,HUILERIE,infra.huilerie_inventaire_pollution,MANUAL_REVIEW_REQUIRED,1,PENDING,distance=0.00m; nom=1.00; commune=0.00; priorite=4
e60088e9-cf94-4e41-ae65-a5390866b4b8,70dcaaa9-98d4-46b7-8e41-c773a2103b4c,bb2bb3bb-0709-4f91-84d3-8c6f238f2c27,infra.huilerie,174,cc751f8b-d644-4666-a7e9-c991d3c5a5c7,0.0,0.7400,DUPLICATE_EXACT,Huilerie Boucheta MOUMNI,Huilerie Boucheta MOUMNI,,Ouled Mimoune,HUILERIE,infra.huilerie_inventaire_pollution,MANUAL_REVIEW_REQUIRED,1,PENDING,distance=0.00m; nom=1.00; commune=0.00; priorite=4
e60088e9-cf94-4e41-ae65-a5390866b4b8,49bfa11c-0d91-433a-8fd6-6ccf2a67d19e,80cea896-667f-4582-8f01-cdd234366e85,infra.huilerie,175,7870d873-76f6-4542-b915-975193bd2ad3,0.0,0.7400,DUPLICATE_EXACT,Huilerie Abdelaziz MARZOUKI,Huilerie Abdelaziz MARZOUKI,,Ouled Mimoune,HUILERIE,infra.huilerie_inventaire_pollution,MANUAL_REVIEW_REQUIRED,1,PENDING,distance=0.00m; nom=1.00; commune=0.00; priorite=4
e60088e9-cf94-4e41-ae65-a5390866b4b8,e8bbf911-ff35-43d9-ad64-dd1f04db8807,143168fc-b60f-467f-8b0a-efff55013466,infra.huilerie,176,65ef989b-7637-4535-99ce-f42b0499c91a,0.0,0.7400,DUPLICATE_EXACT,Huilerie Hassan MOUNACH,Huilerie Hassan MOUNACH,,Ouled Mimoune,HUILERIE,infra.huilerie_inventaire_pollution,MANUAL_REVIEW_REQUIRED,1,PENDING,distance=0.00m; nom=1.00; commune=0.00; priorite=4
e60088e9-cf94-4e41-ae65-a5390866b4b8,05f06b4a-bca2-4361-82a5-bb5f7df36c68,e7dc4554-dc6d-40c1-a776-7b14d6a02dfa,infra.huilerie,457,36068bfe-347f-43cb-9594-e782a483a970,0.0,0.7400,DUPLICATE_EXACT,GIE,GIE,,AZZABA,HUILERIE,infra.huilerie_inventaire_pollution,MANUAL_REVIEW_REQUIRED,1,PENDING,distance=0.00m; nom=1.00; commune=0.00; priorite=4
e60088e9-cf94-4e41-ae65-a5390866b4b8,1ffc23ab-226f-4804-ac9f-1e6944b8f3fd,a4817289-1440-4faf-8a06-93c106581d59,infra.huilerie,475,46b5ed1a-3edc-4f99-8054-b10a148ea321,0.0,0.7400,DUPLICATE_EXACT,Non-connue 3,Non-connue 3,,Azzaba,HUILERIE,infra.huilerie_inventaire_pollution,MANUAL_REVIEW_REQUIRED,1,PENDING,distance=0.00m; nom=1.00; commune=0.00; priorite=4
e60088e9-cf94-4e41-ae65-a5390866b4b8,054c6ffa-cbf2-400f-ba25-9e37c342961a,f7f89bc6-b096-4437-a4e9-1ddb3ef4e388,infra.huilerie,529,27dd1221-29d5-406d-849a-8b6a7f84c646,0.0,0.7400,DUPLICATE_EXACT,Huilerie extra du Maroc,Huilerie extra du Maroc,,oued jdida,HUILERIE,infra.huilerie_inventaire_pollution,MANUAL_REVIEW_REQUIRED,1,PENDING,distance=0.00m; nom=1.00; commune=0.00; priorite=4
e60088e9-cf94-4e41-ae65-a5390866b4b8,b534a9ba-f81a-4b96-9848-c9b7f8144c61,02c94e53-174c-4df5-9161-1a5f0a1a132f,infra.huilerie,530,1856bb29-fa42-496d-ba67-5bb698b6d1c3,0.0,0.7400,DUPLICATE_EXACT,H.OUELD BEN SLIMANE,H.OUELD BEN SLIMANE,,oued jdida,HUILERIE,infra.huilerie_inventaire_pollution,MANUAL_REVIEW_REQUIRED,1,PENDING,distance=0.00m; nom=1.00; commune=0.00; priorite=4
e60088e9-cf94-4e41-ae65-a5390866b4b8,1147f3c6-3a53-41a9-a4fa-b39375953299,7ff2050b-ffcd-43e1-a745-e4819d2da14d,infra.huilerie,531,ab515cd3-84c7-4435-ab4a-858132eb875c,0.0,0.7400,DUPLICATE_EXACT,H.bengraa khalid,H.bengraa khalid,,oued jdida,HUILERIE,infra.huilerie_inventaire_pollution,MANUAL_REVIEW_REQUIRED,1,PENDING,distance=0.00m; nom=1.00; commune=0.00; priorite=4
e60088e9-cf94-4e41-ae65-a5390866b4b8,c779474d-65cf-4efa-a6e4-97c4a30390ec,e37b2797-0224-4658-b388-549d365a0746,infra.huilerie,532,c802ad72-3f3b-407f-a49c-2697a063e38d,0.0,0.7400,DUPLICATE_EXACT,H.khanchaoui dris,H.khanchaoui dris,,oued jdida,HUILERIE,infra.huilerie_inventaire_pollution,MANUAL_REVIEW_REQUIRED,1,PENDING,distance=0.00m; nom=1.00; commune=0.00; priorite=4
e60088e9-cf94-4e41-ae65-a5390866b4b8,d44abd7d-c69a-4b21-8339-20c4335b8f61,9402be24-f666-4bd1-86a7-b2cd81ede388,infra.huilerie,533,99c533f9-9fb4-42d5-a732-b5b437c5575c,0.0,0.7400,DUPLICATE_EXACT,Boungab nabil,Boungab nabil,,oued jdida,HUILERIE,infra.huilerie_inventaire_pollution,MANUAL_REVIEW_REQUIRED,1,PENDING,distance=0.00m; nom=1.00; commune=0.00; priorite=4
e60088e9-cf94-4e41-ae65-a5390866b4b8,a32672fe-c3ec-4c8f-a92d-f76a1b44c1e2,37bc16f4-6124-4472-a86b-4b28c23f764e,infra.huilerie,535,40eaeabb-e7c0-4f13-beef-3b545be7a9b7,0.0,0.7400,DUPLICATE_EXACT,H.bongab abdessallam,H.bongab abdessallam,,oued jdida,HUILERIE,infra.huilerie_inventaire_pollution,MANUAL_REVIEW_REQUIRED,1,PENDING,distance=0.00m; nom=1.00; commune=0.00; priorite=4
e60088e9-cf94-4e41-ae65-a5390866b4b8,12af7966-d7b9-4b91-9b86-fb1f48f70cdd,ca63909c-9bcf-4f8b-843e-7591622e403f,infra.huilerie,537,4fb334c1-7c27-40c2-a79a-52d69cd76984,0.0,0.7400,DUPLICATE_EXACT,OLEA FOOD,OLEA FOOD,,OUED JDIDA,HUILERIE,infra.huilerie_inventaire_pollution,MANUAL_REVIEW_REQUIRED,1,PENDING,distance=0.00m; nom=1.00; commune=0.00; priorite=4
e60088e9-cf94-4e41-ae65-a5390866b4b8,4fcfe5fa-a55e-4a46-ad73-0c9e71108a9d,34fc6afb-152b-4bf6-816d-46900655979c,infra.huilerie,551,bfe05d90-ac73-46d4-ad20-64ace4d3e218,0.0,0.7400,DUPLICATE_EXACT,KHANCHAOUI MOHAMED,KHANCHAOUI MOHAMED,,OUAD JDIDA,HUILERIE,infra.huilerie_inventaire_pollution,MANUAL_REVIEW_REQUIRED,1,PENDING,distance=0.00m; nom=1.00; commune=0.00; priorite=4
e60088e9-cf94-4e41-ae65-a5390866b4b8,4a0bbafe-569d-464c-ac06-da4032322347,778bce72-8f72-49c6-9eec-ad665465554c,infra.huilerie,559,90f3960b-5c85-4f8a-aa7d-a58204d50ba3,0.0,0.7400,DUPLICATE_EXACT,Ahmed el khider,Ahmed el khider,,Oued jdida,HUILERIE,infra.huilerie_inventaire_pollution,MANUAL_REVIEW_REQUIRED,1,PENDING,distance=0.00m; nom=1.00; commune=0.00; priorite=4
e60088e9-cf94-4e41-ae65-a5390866b4b8,2f51c022-7284-4762-9af5-88f1ef87a96f,c8edaa91-f3f0-458f-bb22-c661a6f6ac51,infra.huilerie,449,d96d9168-4fbc-4a3b-b75a-06d298d89d92,0.0,0.7400,DUPLICATE_EXACT,H.MARIF,H.MARIF,,AGHBALOU AQORAR,HUILERIE,infra.huilerie_inventaire_pollution,MANUAL_REVIEW_REQUIRED,1,PENDING,distance=0.00m; nom=1.00; commune=0.00; priorite=4
e60088e9-cf94-4e41-ae65-a5390866b4b8,4643a616-12e6-4f20-8633-b199354ceabb,9a3b029b-7476-41b7-9ff3-d9e06b5a02ac,infra.huilerie,450,c4f1d1e0-73d7-4bb5-9a58-9a69349b991d,0.0,0.7400,DUPLICATE_EXACT,"H,EL FALLAH","H,EL FALLAH",,AGHBALOU AQORAR,HUILERIE,infra.huilerie_inventaire_pollution,MANUAL_REVIEW_REQUIRED,1,PENDING,distance=0.00m; nom=1.00; commune=0.00; priorite=4
e60088e9-cf94-4e41-ae65-a5390866b4b8,c4d999c0-3955-4974-abcb-328d86ba68e7,c1dfeaed-7a89-48c8-8271-34a2fca4cabb,infra.huilerie,451,9468b0de-bc23-452c-9df9-cc8b63a4c5b4,0.0,0.7400,DUPLICATE_EXACT,Ezzahouani,Ezzahouani,,AGHBALOU AQOURAR,HUILERIE,infra.huilerie_inventaire_pollution,MANUAL_REVIEW_REQUIRED,1,PENDING,distance=0.00m; nom=1.00; commune=0.00; priorite=4
e60088e9-cf94-4e41-ae65-a5390866b4b8,72e22cf2-e061-453f-a9ee-6f71c3f014ef,0f118aab-9b6f-45ce-98a4-1549fa03e027,infra.huilerie,452,a541d0fc-6f7d-44db-8898-4d456142e5ce,0.0,0.7400,DUPLICATE_EXACT,Ait ali ouahmed,Ait ali ouahmed,,Aghbalou aqorar,HUILERIE,infra.huilerie_inventaire_pollution,MANUAL_REVIEW_REQUIRED,1,PENDING,distance=0.00m; nom=1.00; commune=0.00; priorite=4
e60088e9-cf94-4e41-ae65-a5390866b4b8,7ed2113c-8101-44c6-be62-ff84fd0b57ae,2fd512ca-cf96-4684-9bea-52584fbbe307,infra.huilerie,453,0951d912-b6cd-49d6-948c-2d65f509d652,0.0,0.7400,DUPLICATE_EXACT,"H,YOUSSEF","H,YOUSSEF",,AGHBALOU AQORAR,HUILERIE,infra.huilerie_inventaire_pollution,MANUAL_REVIEW_REQUIRED,1,PENDING,distance=0.00m; nom=1.00; commune=0.00; priorite=4
e60088e9-cf94-4e41-ae65-a5390866b4b8,6e405903-991f-4f88-afd9-56a00eaa70cd,b3ed10db-e69d-4c7c-8de1-6fbf7bb012e1,infra.huilerie,454,f530c473-2a3e-4ff3-aa75-7f16b52c5e12,0.0,0.7400,DUPLICATE_EXACT,Mr ELARDI SAID,Mr ELARDI SAID,,AGHBALOU AQORAR,HUILERIE,infra.huilerie_inventaire_pollution,MANUAL_REVIEW_REQUIRED,1,PENDING,distance=0.00m; nom=1.00; commune=0.00; priorite=4
e60088e9-cf94-4e41-ae65-a5390866b4b8,e218e224-b405-4092-b4dd-edd5fc05fcca,f3c105ca-94d6-4f0e-9539-4b1df9570351,infra.huilerie,461,0b071fa1-ea62-423d-8063-c3f79319e268,0.0,0.7400,DUPLICATE_EXACT,Sté ezzahouani,Sté ezzahouani,,Aghbalou akourar,HUILERIE,infra.huilerie_inventaire_pollution,MANUAL_REVIEW_REQUIRED,1,PENDING,distance=0.00m; nom=1.00; commune=0.00; priorite=4
e60088e9-cf94-4e41-ae65-a5390866b4b8,ceba185f-d493-4da9-bc32-7f82ffde1997,50128563-9b83-479b-9eb0-8f21165e4e2c,infra.huilerie,462,21659462-92e7-48c9-8491-1f8e47abe89c,0.0,0.7400,DUPLICATE_EXACT,Sté agard,Sté agard,,Aghbalou akourar,HUILERIE,infra.huilerie_inventaire_pollution,MANUAL_REVIEW_REQUIRED,1,PENDING,distance=0.00m; nom=1.00; commune=0.00; priorite=4
e60088e9-cf94-4e41-ae65-a5390866b4b8,0a06a88f-67e8-47f9-bf92-3f9b6efa9edd,e2163dbc-4a14-4205-9d0c-a46ad54e559f,infra.huilerie,463,26b97f12-2549-41e7-98d1-654af0b65a09,0.0,0.7400,DUPLICATE_EXACT,Sté agrolia,Sté agrolia,,Aghbalou akourar,HUILERIE,infra.huilerie_inventaire_pollution,MANUAL_REVIEW_REQUIRED,1,PENDING,distance=0.00m; nom=1.00; commune=0.00; priorite=4
e60088e9-cf94-4e41-ae65-a5390866b4b8,76148730-8600-4474-88f8-3a7663d4bfdf,e09f07fb-50e9-444e-a5e6-62bbf6cf961e,infra.huilerie,473,74fa3afe-676c-484e-b833-14bb743ea149,0.0,0.7400,DUPLICATE_EXACT,Sebou,Sebou,,AGHBALOU AQOURAR,HUILERIE,infra.huilerie_inventaire_pollution,MANUAL_REVIEW_REQUIRED,1,PENDING,distance=0.00m; nom=1.00; commune=0.00; priorite=4
e60088e9-cf94-4e41-ae65-a5390866b4b8,bf9dcf1d-cf67-4dcb-a4a3-011134901532,b8933008-48e1-4031-a9a0-3b4c42f95256,infra.huilerie,474,9ef0bca6-62d7-4ec8-b870-413cd07bf0b4,0.0,0.7400,DUPLICATE_EXACT,Huiulerie Rihab,Huiulerie Rihab,,AGHBALOU AQOURAR,HUILERIE,infra.huilerie_inventaire_pollution,MANUAL_REVIEW_REQUIRED,1,PENDING,distance=0.00m; nom=1.00; commune=0.00; priorite=4
e60088e9-cf94-4e41-ae65-a5390866b4b8,21bfc8d9-09b6-446e-8ac2-e4d8495962cb,9d4ca7b6-416b-4a8c-aa96-635363c24ace,infra.huilerie,514,32aeb5b4-c38f-4bdb-92d4-bf8a94906b17,0.0,0.7400,DUPLICATE_EXACT,AHMED BOUHSABA1,AHMED BOUHSABA1,,dkhissa,HUILERIE,infra.huilerie_inventaire_pollution,MANUAL_REVIEW_REQUIRED,1,PENDING,distance=0.00m; nom=1.00; commune=0.00; priorite=4
e60088e9-cf94-4e41-ae65-a5390866b4b8,8f167389-eb4b-4b6a-8a95-e2a84ec2bb5d,51a03394-ba68-4295-8179-c9543931ad38,infra.huilerie,515,865b974e-8d2e-4f73-a66a-cc620535338d,0.0,0.7400,DUPLICATE_EXACT,H.SLINI ABDELHAK,H.SLINI ABDELHAK,,Dkhissa,HUILERIE,infra.huilerie_inventaire_pollution,MANUAL_REVIEW_REQUIRED,1,PENDING,distance=0.00m; nom=1.00; commune=0.00; priorite=4
e60088e9-cf94-4e41-ae65-a5390866b4b8,c6921d25-b1d6-4ad2-aa30-1934a0b2eef1,bcf232fa-9dd5-432f-b8b4-148203c75ddf,infra.huilerie,564,7cb2a6d4-ee39-4d6b-898f-f80a40ffc801,0.0,0.7400,DUPLICATE_EXACT,H.ZAMOURI/MAAROUFI,H.ZAMOURI/MAAROUFI,,Dkhissa,HUILERIE,infra.huilerie_inventaire_pollution,MANUAL_REVIEW_REQUIRED,1,PENDING,distance=0.00m; nom=1.00; commune=0.00; priorite=4
e60088e9-cf94-4e41-ae65-a5390866b4b8,6bf83169-590c-40c0-8b31-c07ec55afd37,c478d2a4-04be-4167-aaaa-72c34e401cb0,infra.huilerie,565,837d337f-0329-471f-b855-a7bb13b66a8e,0.0,0.7400,DUPLICATE_EXACT,THAMI KACEMI,THAMI KACEMI,,Dkhissa,HUILERIE,infra.huilerie_inventaire_pollution,MANUAL_REVIEW_REQUIRED,1,PENDING,distance=0.00m; nom=1.00; commune=0.00; priorite=4
e60088e9-cf94-4e41-ae65-a5390866b4b8,39aab262-9abf-4243-b75a-460317bfd782,b336fbdd-39c0-48bb-95f6-63df8f599565,infra.huilerie,566,97d8fa7d-8693-4a2a-a701-c4bfe3294bb9,0.0,0.7400,DUPLICATE_EXACT,Maaroufi,Maaroufi,,Dkhissa,HUILERIE,infra.huilerie_inventaire_pollution,MANUAL_REVIEW_REQUIRED,1,PENDING,distance=0.00m; nom=1.00; commune=0.00; priorite=4
e60088e9-cf94-4e41-ae65-a5390866b4b8,8a945a38-1de7-4155-9205-6903f5889041,18b4c49e-1add-4bd9-8f2c-1957426f0f77,infra.huilerie,567,6cc2ea41-bcc4-4248-8d8c-310c67d591df,0.0,0.7400,DUPLICATE_EXACT,H.MDAZ ALLAL,H.MDAZ ALLAL,,Dkhissa,HUILERIE,infra.huilerie_inventaire_pollution,MANUAL_REVIEW_REQUIRED,1,PENDING,distance=0.00m; nom=1.00; commune=0.00; priorite=4
e60088e9-cf94-4e41-ae65-a5390866b4b8,fad63bae-aa3c-4a21-b76f-eb30129b8aa7,fff9e319-2ecb-4e11-b2da-097922c65399,infra.huilerie,568,5d648bd6-91a3-4728-9aa0-adac7bb7188a,0.0,0.7400,DUPLICATE_EXACT,Bouaza Thami,Bouaza Thami,,Dkhissa,HUILERIE,infra.huilerie_inventaire_pollution,MANUAL_REVIEW_REQUIRED,1,PENDING,distance=0.00m; nom=1.00; commune=0.00; priorite=4
e60088e9-cf94-4e41-ae65-a5390866b4b8,b4557bbd-d595-48a6-a1e3-50646e9ab825,0e7ea198-c59b-4474-8074-6511feb00265,infra.huilerie,569,23484c11-adfb-49ff-9dac-7c82026f940c,0.0,0.7400,DUPLICATE_EXACT,HAMID LFAHSSI,HAMID LFAHSSI,,Dkhissa,HUILERIE,infra.huilerie_inventaire_pollution,MANUAL_REVIEW_REQUIRED,1,PENDING,distance=0.00m; nom=1.00; commune=0.00; priorite=4
e60088e9-cf94-4e41-ae65-a5390866b4b8,0ef524af-5840-4fbf-bfd3-56182a08954f,e9dd5388-6b94-49b1-90ea-50de10e2d81e,infra.huilerie,178,c686eb8d-38a9-4323-aea0-f4011074b278,0.0,0.7400,DUPLICATE_EXACT,Huilerie Abdesslam BOUSEBER,Huilerie Abdesslam BOUSEBER,,Ain Bouali,HUILERIE,infra.huilerie_inventaire_pollution,MANUAL_REVIEW_REQUIRED,1,PENDING,distance=0.00m; nom=1.00; commune=0.00; priorite=4
e60088e9-cf94-4e41-ae65-a5390866b4b8,0009a6f0-62b8-41ee-836f-f1bb628c3560,2e41f65a-bfb7-4856-8c7b-a2a455227199,infra.huilerie,63,e8549c01-71b7-4f42-8df5-15db8cc87442,0.0,0.7400,DUPLICATE_EXACT,Coopérative El Abassia,Coopérative El Abassia,,LAQSIR,HUILERIE,infra.huilerie_inventaire_pollution,MANUAL_REVIEW_REQUIRED,1,PENDING,distance=0.00m; nom=1.00; commune=0.00; priorite=4
e60088e9-cf94-4e41-ae65-a5390866b4b8,1484237c-c689-4c85-9cec-5b19677bbecb,c43d340b-7813-470e-8b06-ba55a21fb47c,infra.huilerie,426,580e15af-403e-49ca-9e62-6c6eda5473e5,0.0,0.7400,DUPLICATE_EXACT,Kerouach,Kerouach,,LAQSIR,HUILERIE,infra.huilerie_inventaire_pollution,MANUAL_REVIEW_REQUIRED,1,PENDING,distance=0.00m; nom=1.00; commune=0.00; priorite=4
e60088e9-cf94-4e41-ae65-a5390866b4b8,0fbbc39f-e566-4a05-b4ba-72ad36414aa8,4ca5ca3d-6279-45b5-80a8-5eeb35d9ffdf,infra.huilerie,538,38793702-8f55-451e-bcfb-d30743bc1a5c,0.0,0.7400,DUPLICATE_EXACT,ATTARI MOHAMED ,ATTARI MOHAMED,,MGHASSIYINE,HUILERIE,infra.huilerie_inventaire_pollution,MANUAL_REVIEW_REQUIRED,1,PENDING,distance=0.00m; nom=1.00; commune=0.00; priorite=4
e60088e9-cf94-4e41-ae65-a5390866b4b8,c463748d-3643-4460-ba76-cd62e60f841b,cb5d418d-7fe1-49ae-ae81-d445e8d6c621,infra.huilerie,550,77046c88-db08-4508-a9f0-8f7cb036ad02,0.0,0.7400,DUPLICATE_EXACT,"H, KHALID MOUALIJ","H, KHALID MOUALIJ",,MGHASIYINE,HUILERIE,infra.huilerie_inventaire_pollution,MANUAL_REVIEW_REQUIRED,1,PENDING,distance=0.00m; nom=1.00; commune=0.00; priorite=4
e60088e9-cf94-4e41-ae65-a5390866b4b8,ca53ed94-450e-4eb1-9ff7-cf69b52eacbd,e01fd3f9-f89b-4377-b7a2-ddd8ef9911de,infra.huilerie,552,6a641973-fb86-46e5-94ac-f219cd9c5961,0.0,0.7400,DUPLICATE_EXACT,H.YAHYAOUI ABDENABI,H.YAHYAOUI ABDENABI,,MGHASIYIN,HUILERIE,infra.huilerie_inventaire_pollution,MANUAL_REVIEW_REQUIRED,1,PENDING,distance=0.00m; nom=1.00; commune=0.00; priorite=4
e60088e9-cf94-4e41-ae65-a5390866b4b8,3b9d221d-b8b9-4ec7-bb10-644a79905aab,fd7e38eb-8922-4da1-8972-dc88a060ccbf,infra.huilerie,558,e45a0cc9-04fd-4df3-88d5-16a1658f0fb3,0.0,0.7400,DUPLICATE_EXACT,jebal zarhoune,jebal zarhoune,,Mghassiyine,HUILERIE,infra.huilerie_inventaire_pollution,MANUAL_REVIEW_REQUIRED,1,PENDING,distance=0.00m; nom=1.00; commune=0.00; priorite=4
e60088e9-cf94-4e41-ae65-a5390866b4b8,73563976-78ce-408b-a0ad-85f6b830128c,24cb811c-6974-43af-8869-19f00f9bce82,infra.huilerie,571,14005f5d-39f7-4c6a-934c-2e7c67fa04df,0.0,0.7400,DUPLICATE_EXACT,IMMAD ZAIMI,IMMAD ZAIMI,,MGHASSIYINE,HUILERIE,infra.huilerie_inventaire_pollution,MANUAL_REVIEW_REQUIRED,1,PENDING,distance=0.00m; nom=1.00; commune=0.00; priorite=4
e60088e9-cf94-4e41-ae65-a5390866b4b8,621ab1e2-9889-41e8-a963-3587e7382ed2,407b0569-859d-4e34-a1e4-3d777299eb5a,infra.huilerie,579,c1ae2178-3ce6-4ea0-afac-9e3d8bf7cd3e,0.0,0.7400,DUPLICATE_EXACT,FAHMI MOHAMED,FAHMI MOHAMED,,MGHASSIYINE,HUILERIE,infra.huilerie_inventaire_pollution,MANUAL_REVIEW_REQUIRED,1,PENDING,distance=0.00m; nom=1.00; commune=0.00; priorite=4
e60088e9-cf94-4e41-ae65-a5390866b4b8,4179f369-90c8-41c8-a78c-31baed1cc55a,b8b1d327-eaa5-4dab-bf44-642d72be3d23,infra.huilerie,586,08f36f4f-d37d-4797-bbd9-47d2d1d4805c,0.0,0.7400,DUPLICATE_EXACT,Zayt Zarhoun,Zayt Zarhoun,,MGHASSIYINE,HUILERIE,infra.huilerie_inventaire_pollution,MANUAL_REVIEW_REQUIRED,1,PENDING,distance=0.00m; nom=1.00; commune=0.00; priorite=4
e60088e9-cf94-4e41-ae65-a5390866b4b8,c2f4e441-1444-4b75-8197-9b4c7d8a0e56,e28f6875-5c7c-4d68-8425-5c1d040425f1,infra.huilerie,587,599e01b1-5682-4b63-b868-3532466652e7,0.0,0.7400,DUPLICATE_EXACT,El Moualij Khalid,El Moualij Khalid,,MGHASSIYINE,HUILERIE,infra.huilerie_inventaire_pollution,MANUAL_REVIEW_REQUIRED,1,PENDING,distance=0.00m; nom=1.00; commune=0.00; priorite=4
e60088e9-cf94-4e41-ae65-a5390866b4b8,afe4e20a-bd1c-4c4a-8662-317c78302444,48307a6c-d9a5-48d5-864e-53aed738b784,infra.huilerie,588,e16ad55a-bfb7-4b93-b3c6-99f60824defd,0.0,0.7400,DUPLICATE_EXACT,El Yahyaoui Abdenabi,El Yahyaoui Abdenabi,,MGHASSIYINE,HUILERIE,infra.huilerie_inventaire_pollution,MANUAL_REVIEW_REQUIRED,1,PENDING,distance=0.00m; nom=1.00; commune=0.00; priorite=4
e60088e9-cf94-4e41-ae65-a5390866b4b8,0469d45b-cf7c-47bb-a003-9f84f5a40c33,d0e8e879-cec7-468c-af21-22a01eb1c278,infra.huilerie,589,48835392-b347-448a-bdb2-f4cbab454cfe,0.0,0.7400,DUPLICATE_EXACT,Héritier Abou Loula,Héritier Abou Loula,,MGHASSIYINE,HUILERIE,infra.huilerie_inventaire_pollution,MANUAL_REVIEW_REQUIRED,1,PENDING,distance=0.00m; nom=1.00; commune=0.00; priorite=4
e60088e9-cf94-4e41-ae65-a5390866b4b8,adf2a9e8-fc7d-499d-8e51-31b8b223d93f,13ec095c-07fb-4aa1-8017-4c628c19d316,infra.huilerie,590,b3e20f90-a760-4055-ad8e-68971fadbd3f,0.0,0.7400,DUPLICATE_EXACT,Belhaj Ali,Belhaj Ali,,MGHASSIYINE,HUILERIE,infra.huilerie_inventaire_pollution,MANUAL_REVIEW_REQUIRED,1,PENDING,distance=0.00m; nom=1.00; commune=0.00; priorite=4
e60088e9-cf94-4e41-ae65-a5390866b4b8,e4bcc81b-4e86-4ffb-be99-856c65e69e4b,b4932548-3079-4426-93b1-4ecc636ed2c2,infra.huilerie,591,7382768a-dae2-4f6e-827e-3e2d34a09d04,0.0,0.7400,DUPLICATE_EXACT,Mohamed Hallami,Mohamed Hallami,,MGHASSIYINE,HUILERIE,infra.huilerie_inventaire_pollution,MANUAL_REVIEW_REQUIRED,1,PENDING,distance=0.00m; nom=1.00; commune=0.00; priorite=4
e60088e9-cf94-4e41-ae65-a5390866b4b8,9d94d422-949f-44bb-bd0e-2548512f1b02,c9b80c41-9c98-4936-9a3f-527267f813c5,infra.huilerie,563,78cd639d-69f2-442a-b228-9c89016823f7,0.0,0.7400,DUPLICATE_EXACT,Bel Abbass,Bel Abbass,,M_D Zarhoune,HUILERIE,infra.huilerie_inventaire_pollution,MANUAL_REVIEW_REQUIRED,1,PENDING,distance=0.00m; nom=1.00; commune=0.00; priorite=4
e60088e9-cf94-4e41-ae65-a5390866b4b8,ae37a95e-4843-41c9-8e6c-ee35659d44ff,9ff900e4-1da9-4ba9-9c26-5ee1b0414efc,infra.huilerie,582,ca489fd3-fbba-4caa-afd3-efaac0d55f6d,0.0,0.7400,DUPLICATE_EXACT,Bab Ezzhar,Bab Ezzhar,,Moulay Driss Zerhoun,HUILERIE,infra.huilerie_inventaire_pollution,MANUAL_REVIEW_REQUIRED,1,PENDING,distance=0.00m; nom=1.00; commune=0.00; priorite=4
e60088e9-cf94-4e41-ae65-a5390866b4b8,b393764f-0c28-4b4b-991d-153c5f9da72a,7f52c6c3-1825-42ba-b61f-540430596626,infra.huilerie,443,9ba4d3de-1344-4769-842b-853a14ef1012,0.0,0.7400,DUPLICATE_EXACT,Non-connue 6,Non-connue 6,,AIN CHEGAG,HUILERIE,infra.huilerie_inventaire_pollution,MANUAL_REVIEW_REQUIRED,1,PENDING,distance=0.00m; nom=1.00; commune=0.00; priorite=4
e60088e9-cf94-4e41-ae65-a5390866b4b8,ba9ad166-672e-4f02-8e61-681d2bbe3921,84297d4d-3477-4cd0-8beb-45dda2c59e9b,infra.huilerie,444,7f84d151-34a6-4d8a-9c61-56829b5e0325,0.0,0.7400,DUPLICATE_EXACT,H.ZAYTOUN AL AKHAOUAYNE,H.ZAYTOUN AL AKHAOUAYNE,,AIN CHEGAG,HUILERIE,infra.huilerie_inventaire_pollution,MANUAL_REVIEW_REQUIRED,1,PENDING,distance=0.00m; nom=1.00; commune=0.00; priorite=4
e60088e9-cf94-4e41-ae65-a5390866b4b8,0d6c62b1-b7b2-4538-aa9e-3866b58b9ee7,9ebbac11-c6eb-43e1-8a96-6e47388c13a1,infra.huilerie,446,31f55044-e6c3-4006-90ea-3bb7a2a5dc7f,0.0,0.7400,DUPLICATE_EXACT,H.EL BARAKA,H.EL BARAKA,,AIN CHEGGAG,HUILERIE,infra.huilerie_inventaire_pollution,MANUAL_REVIEW_REQUIRED,1,PENDING,distance=0.00m; nom=1.00; commune=0.00; priorite=4
e60088e9-cf94-4e41-ae65-a5390866b4b8,6944d2b8-c02b-4a1c-a79d-af3241496f3b,ac57fd38-a617-4a6d-a992-a5c06e43a0b6,infra.huilerie,448,930dc301-8e55-4819-b905-18577a2026c4,0.0,0.7400,DUPLICATE_EXACT,"STE,ZOYOUT MABROUKA","STE,ZOYOUT MABROUKA",,AIN CHEGGAG,HUILERIE,infra.huilerie_inventaire_pollution,MANUAL_REVIEW_REQUIRED,1,PENDING,distance=0.00m; nom=1.00; commune=0.00; priorite=4
e60088e9-cf94-4e41-ae65-a5390866b4b8,a5706856-9f97-4cf3-857f-42e8a02cb8e7,0c71f3fe-6890-4f96-b0f4-517c32716392,infra.huilerie,1,1961edea-da37-425f-b5a4-80a6814fbd47,0.0,0.7400,DUPLICATE_EXACT,Idrissi,Idrissi,,Skoura m'daz,HUILERIE,infra.huilerie_inventaire_pollution,MANUAL_REVIEW_REQUIRED,1,PENDING,distance=0.00m; nom=1.00; commune=0.00; priorite=4
e60088e9-cf94-4e41-ae65-a5390866b4b8,c53f03f0-298c-4633-bca7-5882f40f9598,fa030b45-92bf-40ef-bcf0-fc495a8e5f1b,infra.huilerie,2,9acf3e36-6083-4df6-a623-b46b8645cedc,0.0,0.7400,DUPLICATE_EXACT,Baraka,Baraka,,Skoura m'daz,HUILERIE,infra.huilerie_inventaire_pollution,MANUAL_REVIEW_REQUIRED,1,PENDING,distance=0.00m; nom=1.00; commune=0.00; priorite=4
e60088e9-cf94-4e41-ae65-a5390866b4b8,04241227-6221-4687-92a4-3c5f42f8983f,eb45425f-c237-4de5-8316-b16e2ae16fc4,infra.huilerie,3,581e76c2-f0e8-45c0-b3c3-eedd25b0c114,0.0,0.7400,DUPLICATE_EXACT,huilerie besouni allel,huilerie besouni allel,,Skoura m'daz,HUILERIE,infra.huilerie_inventaire_pollution,MANUAL_REVIEW_REQUIRED,1,PENDING,distance=0.00m; nom=1.00; commune=0.00; priorite=4
e60088e9-cf94-4e41-ae65-a5390866b4b8,2dbd1b8c-65a2-4ec7-8a75-0e562b318e50,5c46c5a1-5384-48f8-980e-e221255e85d6,infra.huilerie,4,d41a5b3c-1fc9-4519-8982-746a1a395470,0.0,0.7400,DUPLICATE_EXACT,Huilerie bel kaid fatima,Huilerie bel kaid fatima,,Skoura m'daz,HUILERIE,infra.huilerie_inventaire_pollution,MANUAL_REVIEW_REQUIRED,1,PENDING,distance=0.00m; nom=1.00; commune=0.00; priorite=4
e60088e9-cf94-4e41-ae65-a5390866b4b8,6a0edbfe-d7eb-466c-90cc-3ea54f3ef0c6,f93892c6-c360-4357-a5a2-111361d70605,infra.huilerie,5,f7f2189f-91be-426b-91e7-995140e40faf,0.0,0.7400,DUPLICATE_EXACT,Huileries amocran,Huileries amocran,,Skoura m'daz,HUILERIE,infra.huilerie_inventaire_pollution,MANUAL_REVIEW_REQUIRED,1,PENDING,distance=0.00m; nom=1.00; commune=0.00; priorite=4
e60088e9-cf94-4e41-ae65-a5390866b4b8,68a6fce0-e338-45f5-9326-dcbe94c01bef,262b484c-1b20-44c7-b308-6362549f7c41,infra.huilerie,6,bd989f86-0c28-40d7-807a-99857a6a9d98,0.0,0.7400,DUPLICATE_EXACT,Maasra brachma (azoughari),Maasra brachma (azoughari),,Skoura m'daz,HUILERIE,infra.huilerie_inventaire_pollution,MANUAL_REVIEW_REQUIRED,1,PENDING,distance=0.00m; nom=1.00; commune=0.00; priorite=4
e60088e9-cf94-4e41-ae65-a5390866b4b8,fed75279-3e48-407d-bf04-0cf139e385a5,87a8d9df-bb3c-4b87-8cc9-a25b246ad355,infra.huilerie,7,c728f827-f39a-40ce-b7b4-e89761a4be8d,0.0,0.7400,DUPLICATE_EXACT,Maasra med bouayadi,Maasra med bouayadi,,Skoura m'daz,HUILERIE,infra.huilerie_inventaire_pollution,MANUAL_REVIEW_REQUIRED,1,PENDING,distance=0.00m; nom=1.00; commune=0.00; priorite=4
e60088e9-cf94-4e41-ae65-a5390866b4b8,a3d3af48-f515-493c-9fc8-37760891de99,be7679c3-6eb5-4958-98c6-f52e25d7487e,infra.huilerie,8,7a504086-ca69-45d6-8662-e989ebd3e918,0.0,0.7400,DUPLICATE_EXACT,Maasra Fatima Oukanza,Maasra Fatima Oukanza,,Skoura m'daz,HUILERIE,infra.huilerie_inventaire_pollution,MANUAL_REVIEW_REQUIRED,1,PENDING,distance=0.00m; nom=1.00; commune=0.00; priorite=4
e60088e9-cf94-4e41-ae65-a5390866b4b8,7e8fbd52-d12b-4566-9b8f-f507a960472b,368a5435-439e-4728-9229-7ac11ab30905,infra.huilerie,9,8e82df5f-1adc-4021-899c-bf2a4faf463d,0.0,0.7400,DUPLICATE_EXACT,Huilerie Bel Kaid Mohamed,Huilerie Bel Kaid Mohamed,,Skoura m'daz,HUILERIE,infra.huilerie_inventaire_pollution,MANUAL_REVIEW_REQUIRED,1,PENDING,distance=0.00m; nom=1.00; commune=0.00; priorite=4
e60088e9-cf94-4e41-ae65-a5390866b4b8,b7ba3d8c-8cd9-4299-8e71-11ed197fba78,680a931e-8b3f-4c2b-a0ef-8e5e70bdf517,infra.huilerie,10,f62215f5-bc95-413d-8f3b-fa2236237230,0.0,0.7400,DUPLICATE_EXACT,Maasra Idhrine Boutamjine,Maasra Idhrine Boutamjine,,Skoura m'daz,HUILERIE,infra.huilerie_inventaire_pollution,MANUAL_REVIEW_REQUIRED,1,PENDING,distance=0.00m; nom=1.00; commune=0.00; priorite=4
e60088e9-cf94-4e41-ae65-a5390866b4b8,6a2381d2-ccc7-4565-b662-109a85fd1933,a687a540-b942-46cd-ab88-0017228fc9fc,infra.huilerie,422,4af7e5ac-e338-481e-884f-6cafa45e35a6,0.0,0.7400,DUPLICATE_EXACT,Mohamed Yaakoubi,Mohamed Yaakoubi,,AIT HARZ ALLAH,HUILERIE,infra.huilerie_inventaire_pollution,MANUAL_REVIEW_REQUIRED,1,PENDING,distance=0.00m; nom=1.00; commune=0.00; priorite=4
e60088e9-cf94-4e41-ae65-a5390866b4b8,cfd19b07-174a-4a07-bcd2-10d45c2836be,85d0f9bf-6a74-47ca-8177-53d195316e27,infra.huilerie,423,e57cb5d6-5be2-4e52-bbd7-367fd8be0a04,0.0,0.7400,DUPLICATE_EXACT,El Khayari,El Khayari,,AIT HARZ ALLAH,HUILERIE,infra.huilerie_inventaire_pollution,MANUAL_REVIEW_REQUIRED,1,PENDING,distance=0.00m; nom=1.00; commune=0.00; priorite=4
e60088e9-cf94-4e41-ae65-a5390866b4b8,36085b5e-a036-4fd5-98aa-5ee3659463a6,67740b40-1a5f-44e4-8741-228991608abc,infra.huilerie,42,97362b16-14e2-4190-b964-17ae94d385c8,0.0,0.7400,DUPLICATE_EXACT,Huilerie Domaine La Zouina,Huilerie Domaine La Zouina,,Ait Bourzouine,HUILERIE,infra.huilerie_inventaire_pollution,MANUAL_REVIEW_REQUIRED,1,PENDING,distance=0.00m; nom=1.00; commune=0.00; priorite=4
e60088e9-cf94-4e41-ae65-a5390866b4b8,dcb3ee33-65a6-422d-af35-75446cbc8e8c,7089b493-2a98-46ab-b45e-7d01afc353c0,infra.huilerie,55,4fccccf0-b176-4017-a973-f520808eb853,0.0,0.7400,DUPLICATE_EXACT,Maasra Haj Molid        ,Maasra Haj Molid,,Ait Bourzouine,HUILERIE,infra.huilerie_inventaire_pollution,MANUAL_REVIEW_REQUIRED,1,PENDING,distance=0.00m; nom=1.00; commune=0.00; priorite=4
e60088e9-cf94-4e41-ae65-a5390866b4b8,9763a230-2c9b-4f91-b03d-1dfcaf0853ec,6ff76e3e-6a92-4459-99bc-1ae297f06ff5,infra.huilerie,419,8cb78d23-aacc-4007-8e81-93b4dddad53f,0.0,0.7400,DUPLICATE_EXACT,Cooperative Ait Ali,Cooperative Ait Ali,,Ait Naamane,HUILERIE,infra.huilerie_inventaire_pollution,MANUAL_REVIEW_REQUIRED,1,PENDING,distance=0.00m; nom=1.00; commune=0.00; priorite=4
e60088e9-cf94-4e41-ae65-a5390866b4b8,c906ee53-dc52-4bd3-95f9-1d0d12313cda,0395342c-7d7c-4e1d-8b10-fc71fa8bc822,infra.huilerie,433,f4b1b063-2ade-40b6-9a17-e2b237cda50c,0.0,0.7400,DUPLICATE_EXACT,"H,BOUHDIOUI","H,BOUHDIOUI",,SEFROU,HUILERIE,infra.huilerie_inventaire_pollution,MANUAL_REVIEW_REQUIRED,1,PENDING,distance=0.00m; nom=1.00; commune=0.00; priorite=4
e60088e9-cf94-4e41-ae65-a5390866b4b8,e9b1455b-1f07-4702-8a3d-9d632934142f,6a195a61-5f4a-4dce-b737-01fae72be50a,infra.huilerie,465,a63cc90b-6cfd-4ea1-8cee-3a162f118885,0.0,0.7400,DUPLICATE_EXACT,Erragragui essi company/Erragragui essi,Erragragui essi company/Erragragui essi,,Sefrou,HUILERIE,infra.huilerie_inventaire_pollution,MANUAL_REVIEW_REQUIRED,1,PENDING,distance=0.00m; nom=1.00; commune=0.00; priorite=4
e60088e9-cf94-4e41-ae65-a5390866b4b8,f6576203-ec0b-439c-846a-8cf230275def,b395f171-0eee-4fb6-ac10-55207f1719b5,infra.huilerie,470,222d87a7-36c7-45a5-9cc2-1eec5f3fc4a6,0.0,0.7400,DUPLICATE_EXACT,Huiulerie Baraka,Huiulerie Baraka,,Sefrou,HUILERIE,infra.huilerie_inventaire_pollution,MANUAL_REVIEW_REQUIRED,1,PENDING,distance=0.00m; nom=1.00; commune=0.00; priorite=4
e60088e9-cf94-4e41-ae65-a5390866b4b8,433144fc-8c98-4607-b42c-502464a12c70,4a48e7ab-bcaf-44fc-b902-d65bcaf03802,infra.huilerie,507,8b3b8ec4-c72b-479f-8851-5ff50d5ba593,0.0,0.7400,DUPLICATE_EXACT,Faraj ,Faraj,,,HUILERIE,infra.huilerie_inventaire_pollution,MANUAL_REVIEW_REQUIRED,1,PENDING,distance=0.00m; nom=1.00; commune=0.00; priorite=4
e60088e9-cf94-4e41-ae65-a5390866b4b8,8a15e0bd-3afa-42c8-8797-fde8ccad4226,a48915ac-76e3-4104-ad45-5ec5ab3e5de5,infra.huilerie,431,f1056c63-4f7c-4f71-8cc4-05076cac9bf5,0.0,0.7400,DUPLICATE_EXACT,H.MONSIF,H.MONSIF,,RIBATE EL KHEIR,HUILERIE,infra.huilerie_inventaire_pollution,MANUAL_REVIEW_REQUIRED,1,PENDING,distance=0.00m; nom=1.00; commune=0.00; priorite=4
e60088e9-cf94-4e41-ae65-a5390866b4b8,97676b52-4c02-4933-bf36-814e3957294d,c3d264fb-f447-47cb-8b78-7720a5771f26,infra.huilerie,438,934b873b-16df-452d-9761-483004577129,0.0,0.7400,DUPLICATE_EXACT,H.BISMILLAH,H.BISMILLAH,,RIBAT EL KHEIR,HUILERIE,infra.huilerie_inventaire_pollution,MANUAL_REVIEW_REQUIRED,1,PENDING,distance=0.00m; nom=1.00; commune=0.00; priorite=4
e60088e9-cf94-4e41-ae65-a5390866b4b8,c1a722d9-3a9a-493f-a20c-efedb4b2e018,3669c317-ebf5-4b01-8e41-61c8e90adb4c,infra.huilerie,472,84f40d93-5d30-4643-a28a-f4f8123649d9,0.0,0.7400,DUPLICATE_EXACT,ANSSAM,ANSSAM,,IGHZRAN,HUILERIE,infra.huilerie_inventaire_pollution,MANUAL_REVIEW_REQUIRED,1,PENDING,distance=0.00m; nom=1.00; commune=0.00; priorite=4
e60088e9-cf94-4e41-ae65-a5390866b4b8,e639d17d-6067-4d78-bb13-6fd458a54950,106d28b9-e910-44e9-9bbe-f9ed631d2e17,infra.huilerie,439,d4b960b4-f2a8-401c-be0e-245cf9e65a0d,0.0,0.7400,DUPLICATE_EXACT,H.KARDOUNE MOHAMED ,H.KARDOUNE MOHAMED,,MTARNAGHA,HUILERIE,infra.huilerie_inventaire_pollution,MANUAL_REVIEW_REQUIRED,1,PENDING,distance=0.00m; nom=1.00; commune=0.00; priorite=4
e60088e9-cf94-4e41-ae65-a5390866b4b8,fa9a17e0-3901-48f0-b08b-41becfecd4ce,ad137c5f-23c3-414f-a64b-dce3a1ae350f,infra.huilerie,435,ab7e9b52-1d4a-48c0-b611-fc35274c05bb,0.0,0.7400,DUPLICATE_EXACT,STE .BOUIBLANE,STE .BOUIBLANE,,DAR EL HAMRA,HUILERIE,infra.huilerie_inventaire_pollution,MANUAL_REVIEW_REQUIRED,1,PENDING,distance=0.00m; nom=1.00; commune=0.00; priorite=4
e60088e9-cf94-4e41-ae65-a5390866b4b8,c18a6065-0ac5-451f-8f71-81a444f8ca6a,b3272539-a518-439c-8fcc-63d7b1027fe6,infra.huilerie,292,17bf4111-6891-40e9-b500-340c140eb7f9,0.0,0.7400,DUPLICATE_EXACT,Huilerie Khlifi Fel,Huilerie Khlifi Fel,,Timezgana,HUILERIE,infra.huilerie_inventaire_pollution,MANUAL_REVIEW_REQUIRED,1,PENDING,distance=0.00m; nom=1.00; commune=0.00; priorite=4
e60088e9-cf94-4e41-ae65-a5390866b4b8,b355631a-1a56-49ca-b0aa-97d7e0546b5e,4454d040-f812-4161-82e5-da14b85d80f0,infra.huilerie,440,1b65ac7d-89b2-4c99-8ecd-c0d33cae6f33,0.0,0.7400,DUPLICATE_EXACT,H.SGHIR,H.SGHIR,,OULAD MKOUDOU,HUILERIE,infra.huilerie_inventaire_pollution,MANUAL_REVIEW_REQUIRED,1,PENDING,distance=0.00m; nom=1.00; commune=0.00; priorite=4
e60088e9-cf94-4e41-ae65-a5390866b4b8,2054ab05-a562-4a3d-96ee-cb882bbe74e2,62b54cfe-f582-4683-9fbb-544b6c249dd6,infra.huilerie,442,a25e8724-113c-4f95-8592-f9956fc3c1fe,0.0,0.7400,DUPLICATE_EXACT,Sté ech-echouti ,Sté ech-echouti,,RAS TABOUDA,HUILERIE,infra.huilerie_inventaire_pollution,MANUAL_REVIEW_REQUIRED,1,PENDING,distance=0.00m; nom=1.00; commune=0.00; priorite=4
e60088e9-cf94-4e41-ae65-a5390866b4b8,4c9a1ced-681a-4f4f-b49c-182cee14c8e1,cce1d1af-a152-417f-b758-791b8b8c3429,infra.huilerie,434,f165d268-8d56-4fed-9eec-1603a5d4a94d,0.0,0.7400,DUPLICATE_EXACT,Bit tamtam,Bit tamtam,,Bir tamtam,HUILERIE,infra.huilerie_inventaire_pollution,MANUAL_REVIEW_REQUIRED,1,PENDING,distance=0.00m; nom=1.00; commune=0.00; priorite=4
e60088e9-cf94-4e41-ae65-a5390866b4b8,7cea0e49-454d-4872-9ab3-aa9f84e2f030,d3d4a2c1-8590-499a-8422-20d0a04a0043,infra.huilerie,476,c2fd620b-f424-4aff-b36a-72ae3dfad573,0.0,0.7400,DUPLICATE_EXACT,Sté taiba huiles,Sté taiba huiles,,Bir tamtam,HUILERIE,infra.huilerie_inventaire_pollution,MANUAL_REVIEW_REQUIRED,1,PENDING,distance=0.00m; nom=1.00; commune=0.00; priorite=4
e60088e9-cf94-4e41-ae65-a5390866b4b8,ff4aa944-cf43-4fd2-accf-a7447518f000,e12acfc9-2ba2-4138-8b43-c5bbbf741fc1,infra.huilerie,289,ab04e279-391e-49b1-80f9-25bd359ea3f3,0.0,0.7400,DUPLICATE_EXACT,Huilerie Nour,Huilerie Nour,,Thar Es-souk,HUILERIE,infra.huilerie_inventaire_pollution,MANUAL_REVIEW_REQUIRED,1,PENDING,distance=0.00m; nom=1.00; commune=0.00; priorite=4
e60088e9-cf94-4e41-ae65-a5390866b4b8,c2e97a46-2564-4cc1-9f97-43dc5b9fe429,79f4ba17-0bba-4d78-8a9a-3dab70b82c51,infra.huilerie,256,f00edf3b-af6d-44fe-b100-b047edb2a048,0.0,0.7400,DUPLICATE_EXACT,El Aji Hatim,El Aji Hatim,,Ain Maatouf,HUILERIE,infra.huilerie_inventaire_pollution,MANUAL_REVIEW_REQUIRED,1,PENDING,distance=0.00m; nom=1.00; commune=0.00; priorite=4
e60088e9-cf94-4e41-ae65-a5390866b4b8,62ea3e48-1927-4a65-8b3f-f811de52265f,dfbe0efa-d856-48d5-b10d-450aa90591e9,infra.huilerie,297,5b2b6773-49d9-4de0-b7ef-8b597a7813d7,0.0,0.7400,DUPLICATE_EXACT,GHAOUI Med et consorts,GHAOUI Med et consorts,,Ain Aicha,HUILERIE,infra.huilerie_inventaire_pollution,MANUAL_REVIEW_REQUIRED,1,PENDING,distance=0.00m; nom=1.00; commune=0.00; priorite=4
e60088e9-cf94-4e41-ae65-a5390866b4b8,c2c79218-cb37-4561-89f6-3f26aa5115a7,894eefc8-7609-4b52-a413-1d5df95abae0,infra.huilerie,302,bce6e87f-9acb-4ce0-b81d-7c3dc9d8386f,0.0,0.7400,DUPLICATE_EXACT,Huilerie Ain Maatarf,Huilerie Ain Maatarf,,Ain Maatouf,HUILERIE,infra.huilerie_inventaire_pollution,MANUAL_REVIEW_REQUIRED,1,PENDING,distance=0.00m; nom=1.00; commune=0.00; priorite=4
e60088e9-cf94-4e41-ae65-a5390866b4b8,1cf179c8-b47c-4f0b-872c-2e935e2df6e2,5af43009-32da-4c86-9e87-110ba40ecc0c,infra.huilerie,471,935d8572-85a2-4ca3-aba9-8b877a6a9f99,0.0,0.7400,DUPLICATE_EXACT,Non-connue 2,Non-connue 2,,AIN TIMGUENAI,HUILERIE,infra.huilerie_inventaire_pollution,MANUAL_REVIEW_REQUIRED,1,PENDING,distance=0.00m; nom=1.00; commune=0.00; priorite=4
e60088e9-cf94-4e41-ae65-a5390866b4b8,958c9bbe-36e9-43d9-897a-1c8b29ad340c,91cae0b7-933e-4504-a500-578fce2403e2,infra.huilerie,250,7d8beee5-fc57-4452-ac6b-75daab953f55,0.0,0.7400,DUPLICATE_EXACT,Huilerie El Boussaadani ,Huilerie El Boussaadani,,Sidi M'hamed Belahcen,HUILERIE,infra.huilerie_inventaire_pollution,MANUAL_REVIEW_REQUIRED,1,PENDING,distance=0.00m; nom=1.00; commune=0.00; priorite=4
e60088e9-cf94-4e41-ae65-a5390866b4b8,6e8d605c-d285-43e2-873c-e4126e3e7b7f,9d735b56-4624-473a-9afe-0898987e7bd1,infra.huilerie,299,3924d31e-dfbf-45b7-80f8-ab6b2fcf8dc9,0.0,0.7400,DUPLICATE_EXACT,Huilerie BARAKA,Huilerie BARAKA,,Sidi M'HamedBen Lahcen,HUILERIE,infra.huilerie_inventaire_pollution,MANUAL_REVIEW_REQUIRED,1,PENDING,distance=0.00m; nom=1.00; commune=0.00; priorite=4
e60088e9-cf94-4e41-ae65-a5390866b4b8,5ccf1caf-68cd-4ec7-982b-b1b336a262f7,59b57723-e41d-487f-81f9-daa5b65522f4,infra.huilerie,284,49c53b23-9b31-4c08-aaa6-44bd389b7031,0.0,0.7400,DUPLICATE_EXACT,Huilerie El Wahda,Huilerie El Wahda,,Taounate,HUILERIE,infra.huilerie_inventaire_pollution,MANUAL_REVIEW_REQUIRED,1,PENDING,distance=0.00m; nom=1.00; commune=0.00; priorite=4
e60088e9-cf94-4e41-ae65-a5390866b4b8,450b71c9-f70b-459b-8cfc-983101a2f3da,1a238b97-007f-437c-ac90-77f3766e19b9,infra.huilerie,285,05dd2fde-d425-41b5-b669-539c1813bd8d,0.0,0.7400,DUPLICATE_EXACT,Huilerie El Jabalia,Huilerie El Jabalia,,Taounate,HUILERIE,infra.huilerie_inventaire_pollution,MANUAL_REVIEW_REQUIRED,1,PENDING,distance=0.00m; nom=1.00; commune=0.00; priorite=4
e60088e9-cf94-4e41-ae65-a5390866b4b8,943c0cb8-84a9-4463-8037-3211aec3750a,63bd348d-ff80-438d-8621-ea3ff2639e6f,infra.huilerie,286,a78b3ff0-ea25-4f0f-a02e-eb0b4c02724a,0.0,0.7400,DUPLICATE_EXACT,Huilerie El Nour,Huilerie El Nour,,Taounate,HUILERIE,infra.huilerie_inventaire_pollution,MANUAL_REVIEW_REQUIRED,1,PENDING,distance=0.00m; nom=1.00; commune=0.00; priorite=4
e60088e9-cf94-4e41-ae65-a5390866b4b8,4c1a5db3-7b4e-4495-827c-47c5345da3a8,0622ba20-2983-4fd1-8045-d5b6a9c14241,infra.huilerie,287,9d24c6f8-af94-4a7c-a4b0-f59e4b5eaa59,0.0,0.7400,DUPLICATE_EXACT,Huilerie El baraka,Huilerie El baraka,,Taounate,HUILERIE,infra.huilerie_inventaire_pollution,MANUAL_REVIEW_REQUIRED,1,PENDING,distance=0.00m; nom=1.00; commune=0.00; priorite=4
e60088e9-cf94-4e41-ae65-a5390866b4b8,bb233163-813d-4118-977d-6f2b9b1da59d,6b6c36fb-fd85-45ef-b0f6-9c323877ce24,infra.huilerie,288,2f5ee1be-79c1-4963-84c2-7c1df507ee29,0.0,0.7400,DUPLICATE_EXACT,Huilerie el wahda,Huilerie el wahda,,Taounate,HUILERIE,infra.huilerie_inventaire_pollution,MANUAL_REVIEW_REQUIRED,1,PENDING,distance=0.00m; nom=1.00; commune=0.00; priorite=4
e60088e9-cf94-4e41-ae65-a5390866b4b8,6bbd5d15-fdb4-4ed2-827c-c907df362128,a0347b3b-ac4d-4b8e-a733-3b55711ec0c7,infra.huilerie,160,004bcade-d656-4cfb-869a-3a0990d59fb8,0.0,0.7400,DUPLICATE_EXACT,Huilerie JOUIRI Mhamed,Huilerie JOUIRI Mhamed,,Mkansa,HUILERIE,infra.huilerie_inventaire_pollution,MANUAL_REVIEW_REQUIRED,1,PENDING,distance=0.00m; nom=1.00; commune=0.00; priorite=4
e60088e9-cf94-4e41-ae65-a5390866b4b8,c9b272ae-9ca1-45de-aea2-b657cd016b24,d7953ada-f248-41a3-abcf-77fcdecd0e99,infra.huilerie,290,2feb3889-620f-493b-89fb-2f388f748c35,0.0,0.7400,DUPLICATE_EXACT,Lhaj GARDA Lahcen,Lhaj GARDA Lahcen,,El Bibane,HUILERIE,infra.huilerie_inventaire_pollution,MANUAL_REVIEW_REQUIRED,1,PENDING,distance=0.00m; nom=1.00; commune=0.00; priorite=4
e60088e9-cf94-4e41-ae65-a5390866b4b8,eb2ea9f1-d80c-47ae-b626-17863735d660,589fc3c2-bc30-4c93-b89f-1d8a6ddf87c7,infra.huilerie,234,6c322d08-8313-4cf3-8156-0aa13bfdbfca,0.0,0.7400,DUPLICATE_EXACT,Zouyout Ain Barda,Zouyout Ain Barda,,El Bibane,HUILERIE,infra.huilerie_inventaire_pollution,MANUAL_REVIEW_REQUIRED,1,PENDING,distance=0.00m; nom=1.00; commune=0.00; priorite=4
e60088e9-cf94-4e41-ae65-a5390866b4b8,324ac01b-2d6b-4ca5-bc48-12b69b8c70e3,8ec263e9-0e7f-4a63-a460-055066d98582,infra.huilerie,235,17d0b5c4-bf0c-4d40-a282-409c5fdff535,0.0,0.7400,DUPLICATE_EXACT,Zouyout Ain Barda 2,Zouyout Ain Barda 2,,El Bibane,HUILERIE,infra.huilerie_inventaire_pollution,MANUAL_REVIEW_REQUIRED,1,PENDING,distance=0.00m; nom=1.00; commune=0.00; priorite=4
e60088e9-cf94-4e41-ae65-a5390866b4b8,7b035105-eb14-4b9d-bc9f-28e5736c077b,1e6258ed-6b72-47bd-ba91-b28dbdb0d2c2,infra.huilerie,244,6cbfca8e-ca4a-409b-b60b-4a4867e37afc,0.0,0.7400,DUPLICATE_EXACT,G.P Société Oliverta ,G.P Société Oliverta,,Ain Aicha,HUILERIE,infra.huilerie_inventaire_pollution,MANUAL_REVIEW_REQUIRED,1,PENDING,distance=0.00m; nom=1.00; commune=0.00; priorite=4
e60088e9-cf94-4e41-ae65-a5390866b4b8,6e6259d4-357e-445c-b6bb-24559a506c73,9d4bc4e0-8cb7-418c-9a49-110809688e02,infra.huilerie,245,7299209a-e16e-4c56-a1a6-17ed1777e1dd,0.0,0.7400,DUPLICATE_EXACT,Gie Ain Aicha  ,Gie Ain Aicha,,Ain Aicha,HUILERIE,infra.huilerie_inventaire_pollution,MANUAL_REVIEW_REQUIRED,1,PENDING,distance=0.00m; nom=1.00; commune=0.00; priorite=4
e60088e9-cf94-4e41-ae65-a5390866b4b8,184dd0a2-3833-4884-98b4-c040829123ea,241012e4-d17b-4509-92e6-3848eae895cf,infra.huilerie,246,91664556-3973-49c2-9196-d68ad7a792c0,0.0,0.7400,DUPLICATE_EXACT,Dar Zit Zaitoune  ,Dar Zit Zaitoune,,Oulad Daoud,HUILERIE,infra.huilerie_inventaire_pollution,MANUAL_REVIEW_REQUIRED,1,PENDING,distance=0.00m; nom=1.00; commune=0.00; priorite=4
e60088e9-cf94-4e41-ae65-a5390866b4b8,74c41ea9-8865-42cf-b538-32da11609978,df104ef4-12d9-4086-945c-01bcc9a6d3f5,infra.huilerie,294,64ccb710-0578-445e-8bff-d62dc0c6d831,0.0,0.7400,DUPLICATE_EXACT,Héritiers BEN FARES MED,Héritiers BEN FARES MED,,Ain Aicha,HUILERIE,infra.huilerie_inventaire_pollution,MANUAL_REVIEW_REQUIRED,1,PENDING,distance=0.00m; nom=1.00; commune=0.00; priorite=4
e60088e9-cf94-4e41-ae65-a5390866b4b8,ad1a96d0-affb-4783-9441-0fca26756cea,1697d4fc-d334-4a75-91a6-5e5b0684c799,infra.huilerie,295,7009aa34-aed6-4029-8b37-af3c8fb18696,0.0,0.7400,DUPLICATE_EXACT, Société HIHI,Société HIHI,,Ain Aicha,HUILERIE,infra.huilerie_inventaire_pollution,MANUAL_REVIEW_REQUIRED,1,PENDING,distance=0.00m; nom=1.00; commune=0.00; priorite=4
e60088e9-cf94-4e41-ae65-a5390866b4b8,330abb83-7b76-4f00-8484-3a7ac46a167d,3bc6702d-a6b9-4643-a9c8-3656042a60fb,infra.huilerie,296,d42ab296-857e-48e7-9bb5-32f4f38c0b4c,0.0,0.7400,DUPLICATE_EXACT, Héritiers NADAH Med,Héritiers NADAH Med,,Ain Aicha,HUILERIE,infra.huilerie_inventaire_pollution,MANUAL_REVIEW_REQUIRED,1,PENDING,distance=0.00m; nom=1.00; commune=0.00; priorite=4
e60088e9-cf94-4e41-ae65-a5390866b4b8,a91a1b89-eb25-49f4-a386-30aca186f5f5,53c416ef-4b81-4b0b-83ee-49e7c15dfe17,infra.huilerie,239,fd4eedcc-a57c-4185-acff-b5474e361726,0.0,0.7400,DUPLICATE_EXACT,Société  Zitoun ,Société  Zitoun,,Timezgana,HUILERIE,infra.huilerie_inventaire_pollution,MANUAL_REVIEW_REQUIRED,1,PENDING,distance=0.00m; nom=1.00; commune=0.00; priorite=4
e60088e9-cf94-4e41-ae65-a5390866b4b8,66746688-1786-4cbd-999e-03b2ab402a7b,6092eadf-228c-4774-baa0-c51b427d50ce,infra.huilerie,240,6dcf7611-0613-4eab-8df4-e27963999481,0.0,0.7400,DUPLICATE_EXACT,Société Jnan Zitoun ,Société Jnan Zitoun,,Timezgana,HUILERIE,infra.huilerie_inventaire_pollution,MANUAL_REVIEW_REQUIRED,1,PENDING,distance=0.00m; nom=1.00; commune=0.00; priorite=4
e60088e9-cf94-4e41-ae65-a5390866b4b8,8c677cf4-bdd2-403b-9d82-81ef99eac737,5fcf761b-419b-48c5-90d9-955bf0825c83,infra.huilerie,252,5450deb4-195e-400d-8f55-dfa1d82550dc,0.0,0.7400,DUPLICATE_EXACT,Huilerie Charki Lahcen,Huilerie Charki Lahcen,,Ras El Oued,HUILERIE,infra.huilerie_inventaire_pollution,MANUAL_REVIEW_REQUIRED,1,PENDING,distance=0.00m; nom=1.00; commune=0.00; priorite=4
e60088e9-cf94-4e41-ae65-a5390866b4b8,bebc4706-ca6b-454b-8b9f-8963d95113bb,981caf68-5c7f-4dc3-8b3a-4223614672cc,infra.huilerie,253,2bfef60e-203f-4c74-8e3f-eccef69ecc03,0.0,0.7400,DUPLICATE_EXACT,Ouled alien,Ouled alien,,Ras El Oued,HUILERIE,infra.huilerie_inventaire_pollution,MANUAL_REVIEW_REQUIRED,1,PENDING,distance=0.00m; nom=1.00; commune=0.00; priorite=4
e60088e9-cf94-4e41-ae65-a5390866b4b8,5c2fe5c4-db77-4a1f-a1bd-cbfbff0512dd,1e901dee-956f-4b7d-8c86-c183b7ba7703,infra.huilerie,254,7a50b65b-b7fb-428e-af08-41027a6b0830,0.0,0.7400,DUPLICATE_EXACT,Nader Thami ,Nader Thami,,Ras El Oued,HUILERIE,infra.huilerie_inventaire_pollution,MANUAL_REVIEW_REQUIRED,1,PENDING,distance=0.00m; nom=1.00; commune=0.00; priorite=4
e60088e9-cf94-4e41-ae65-a5390866b4b8,3503c539-6843-4f7d-ae09-06e05d78ea2c,8ce057b8-784d-40b6-887b-44c5a9796518,infra.huilerie,255,dc3fdeb2-8e08-44a3-ad26-e985e2e701a3,0.0,0.7400,DUPLICATE_EXACT,Zoyout el maghrib,Zoyout el maghrib,,Ras El Oued,HUILERIE,infra.huilerie_inventaire_pollution,MANUAL_REVIEW_REQUIRED,1,PENDING,distance=0.00m; nom=1.00; commune=0.00; priorite=4
e60088e9-cf94-4e41-ae65-a5390866b4b8,33ad4043-d823-498b-9810-edf7848a3889,dfb9e989-8d9a-465b-9e26-4d973aa98008,infra.huilerie,301,298fdc58-a6f7-4c5d-bd1a-fff7b275a642,0.0,0.7400,DUPLICATE_EXACT,Mouatassim Abderrahmane,Mouatassim Abderrahmane,,El Bibane,HUILERIE,infra.huilerie_inventaire_pollution,MANUAL_REVIEW_REQUIRED,1,PENDING,distance=0.00m; nom=1.00; commune=0.00; priorite=4
e60088e9-cf94-4e41-ae65-a5390866b4b8,313216e1-d4c4-4403-8b02-e74ae567db0b,29a464a1-e98c-4d53-afae-e78cd0bf0d20,infra.huilerie,158,9fdbe928-4c56-4976-91b2-76db5888751e,0.0,0.7400,DUPLICATE_EXACT,Société des Huiles BAKALI,Société des Huiles BAKALI,,Loulja,HUILERIE,infra.huilerie_inventaire_pollution,MANUAL_REVIEW_REQUIRED,1,PENDING,distance=0.00m; nom=1.00; commune=0.00; priorite=4
e60088e9-cf94-4e41-ae65-a5390866b4b8,f0906eb9-b12e-4ea5-b48a-9fde0cfefc0d,de959a52-0445-47c3-a731-0c6582b7fb58,infra.huilerie,159,ed435ca2-c7fc-4fd1-9c2d-336d23cff313,0.0,0.7400,DUPLICATE_EXACT,Huilerie Loulja Moderne,Huilerie Loulja Moderne,,Loulja,HUILERIE,infra.huilerie_inventaire_pollution,MANUAL_REVIEW_REQUIRED,1,PENDING,distance=0.00m; nom=1.00; commune=0.00; priorite=4
e60088e9-cf94-4e41-ae65-a5390866b4b8,af09f3ab-eb23-43b1-a8d0-d20e3c1bab6b,570d220d-30fb-41bb-8a1c-8bf730622726,infra.huilerie,274,90cff753-118b-4e54-89ce-6d8906805c9a,0.0,0.7400,DUPLICATE_EXACT,Société Huilerie Galaz ,Société Huilerie Galaz,,Galaz,HUILERIE,infra.huilerie_inventaire_pollution,MANUAL_REVIEW_REQUIRED,1,PENDING,distance=0.00m; nom=1.00; commune=0.00; priorite=4
e60088e9-cf94-4e41-ae65-a5390866b4b8,9ccd1746-a76b-4b00-8934-586db8894d37,bbc8114b-804a-42ae-a3da-53f98dbeee85,infra.huilerie,275,f0f3811f-c898-421e-9aa7-0b1fecebe7c7,0.0,0.7400,DUPLICATE_EXACT,Huilerie Société Haloni Frére,Huilerie Société Haloni Frére,,Galaz,HUILERIE,infra.huilerie_inventaire_pollution,MANUAL_REVIEW_REQUIRED,1,PENDING,distance=0.00m; nom=1.00; commune=0.00; priorite=4
e60088e9-cf94-4e41-ae65-a5390866b4b8,36d69688-5070-414d-b80c-f3b1ace2c776,6758e664-29fb-45c3-a4ef-361d60e59f4f,infra.huilerie,276,20a65182-a6ce-42e1-81fa-c5f57c97cecb,0.0,0.7400,DUPLICATE_EXACT,Rachid el ghoulami,Rachid el ghoulami,,Galaz,HUILERIE,infra.huilerie_inventaire_pollution,MANUAL_REVIEW_REQUIRED,1,PENDING,distance=0.00m; nom=1.00; commune=0.00; priorite=4
e60088e9-cf94-4e41-ae65-a5390866b4b8,81cf82fa-6560-4392-94c3-40b60ca436df,a69e25a3-9f64-426c-a7f6-a770455ff282,infra.huilerie,277,695ba4c9-90cd-4b2a-8215-9e14c28f211b,0.0,0.7400,DUPLICATE_EXACT,Bioliva,Bioliva,,Galaz,HUILERIE,infra.huilerie_inventaire_pollution,MANUAL_REVIEW_REQUIRED,1,PENDING,distance=0.00m; nom=1.00; commune=0.00; priorite=4
e60088e9-cf94-4e41-ae65-a5390866b4b8,0f970a04-56d1-44fb-950f-50a9a77b89b6,51d477b0-5efa-406b-b887-782e73153c00,infra.huilerie,155,e787c0ee-23f4-46c2-a597-fb20f3bd7e64,0.0,0.7400,DUPLICATE_EXACT,Coopérative ARIAF KISSANE,Coopérative ARIAF KISSANE,,Kissane,HUILERIE,infra.huilerie_inventaire_pollution,MANUAL_REVIEW_REQUIRED,1,PENDING,distance=0.00m; nom=1.00; commune=0.00; priorite=4
e60088e9-cf94-4e41-ae65-a5390866b4b8,38605ecc-e470-44e8-bc03-e7f05847db5a,9d86911e-0ddb-49f9-8b4a-f14e9e00df14,infra.huilerie,156,abf8c8fe-6714-416c-ae5a-020c599bd989,0.0,0.7400,DUPLICATE_EXACT,Huilerie EL BARAKA,Huilerie EL BARAKA,,Kissane,HUILERIE,infra.huilerie_inventaire_pollution,MANUAL_REVIEW_REQUIRED,1,PENDING,distance=0.00m; nom=1.00; commune=0.00; priorite=4
e60088e9-cf94-4e41-ae65-a5390866b4b8,306a0a45-9054-4759-ba55-9e93713c8e03,68f484af-e0fe-426f-aac3-712c26c7154e,infra.huilerie,258,f7328d3d-b00c-4121-9fa8-7e7369090422,0.0,0.7400,DUPLICATE_EXACT,Huilerie Oued Drader,Huilerie Oued Drader,,Ain Mediouna,HUILERIE,infra.huilerie_inventaire_pollution,MANUAL_REVIEW_REQUIRED,1,PENDING,distance=0.00m; nom=1.00; commune=0.00; priorite=4
e60088e9-cf94-4e41-ae65-a5390866b4b8,2ed3aee9-9f8b-457e-854b-7f5e08fead8e,7f089659-465e-437e-842b-7f18b1feab28,infra.huilerie,259,5ea62d97-7d59-408e-9864-57aa7c623c79,0.0,0.7400,DUPLICATE_EXACT,Huilerie El Kabaelles,Huilerie El Kabaelles,,Ain Mediouna,HUILERIE,infra.huilerie_inventaire_pollution,MANUAL_REVIEW_REQUIRED,1,PENDING,distance=0.00m; nom=1.00; commune=0.00; priorite=4
e60088e9-cf94-4e41-ae65-a5390866b4b8,c95b3b7f-cad3-4d68-b1bb-888627ab0d9f,a39cd45e-7a19-434d-a392-8dfce321b4cf,infra.huilerie,260,f3b04980-7398-468a-826b-518d993cd9aa,0.0,0.7400,DUPLICATE_EXACT,El Mrihy Mohammed,El Mrihy Mohammed,,Ain Mediouna,HUILERIE,infra.huilerie_inventaire_pollution,MANUAL_REVIEW_REQUIRED,1,PENDING,distance=0.00m; nom=1.00; commune=0.00; priorite=4
e60088e9-cf94-4e41-ae65-a5390866b4b8,b115b38f-5d23-4309-9d66-a14b47015b46,3b3b0c74-fd67-493f-ab66-ef79f314486f,infra.huilerie,298,6903bad5-be1f-4ac1-b50f-8a2ec83dd3b0,0.0,0.7400,DUPLICATE_EXACT,BOUAYAD Med,BOUAYAD Med,,El Bsabsa,HUILERIE,infra.huilerie_inventaire_pollution,MANUAL_REVIEW_REQUIRED,1,PENDING,distance=0.00m; nom=1.00; commune=0.00; priorite=4
e60088e9-cf94-4e41-ae65-a5390866b4b8,b0be90be-7446-4dc1-8d8d-5d017d6a01c2,f1680ba2-53ce-41f8-8e10-4f495113735d,infra.huilerie,278,42f237fd-ab8b-4fff-bed1-ec2ea9629707,0.0,0.7400,DUPLICATE_EXACT,Gie Olea Jabalia ,Gie Olea Jabalia,,Bni Oulid,HUILERIE,infra.huilerie_inventaire_pollution,MANUAL_REVIEW_REQUIRED,1,PENDING,distance=0.00m; nom=1.00; commune=0.00; priorite=4
e60088e9-cf94-4e41-ae65-a5390866b4b8,57786c57-328a-45e8-b5a3-62c52a91634d,1a98fb4a-5241-4054-a336-bad469b1680a,infra.huilerie,279,3ddbebeb-c6b9-459a-a93f-408746541c6f,0.0,0.7400,DUPLICATE_EXACT,Hachmi Ahmed ,Hachmi Ahmed,,Bni Oulid,HUILERIE,infra.huilerie_inventaire_pollution,MANUAL_REVIEW_REQUIRED,1,PENDING,distance=0.00m; nom=1.00; commune=0.00; priorite=4
e60088e9-cf94-4e41-ae65-a5390866b4b8,988e61a6-acec-432a-a3e6-0b201f378661,4f2b5648-a959-46ba-b704-c99483a90e64,infra.huilerie,141,a9fac709-65c3-4380-bf3d-3b05b72bdc01,0.0,0.7400,DUPLICATE_EXACT,Huilerie Hamid EL AICHI,Huilerie Hamid EL AICHI,,My Abdelkrim,HUILERIE,infra.huilerie_inventaire_pollution,MANUAL_REVIEW_REQUIRED,1,PENDING,distance=0.00m; nom=1.00; commune=0.00; priorite=4
e60088e9-cf94-4e41-ae65-a5390866b4b8,e6ae59cb-ee6d-4679-bb8b-5af354b0b8ea,2d751196-91bb-47b9-a47e-17fca56c5849,infra.huilerie,142,fbebd2e0-47c8-415b-a497-b4c1b5ae0395,0.0,0.7400,DUPLICATE_EXACT,Huilerie Abderrafiaâ EL AYDOUNI,Huilerie Abderrafiaâ EL AYDOUNI,,My Abdelkrim,HUILERIE,infra.huilerie_inventaire_pollution,MANUAL_REVIEW_REQUIRED,1,PENDING,distance=0.00m; nom=1.00; commune=0.00; priorite=4
e60088e9-cf94-4e41-ae65-a5390866b4b8,a3d4b816-636b-4dfb-9d15-f33781757623,e6e39133-320e-46e2-baf4-c203b0297dd0,infra.huilerie,233,e7c94829-b721-4cc3-92b0-3406e43fd2c3,0.0,0.7400,DUPLICATE_EXACT,Huilerie Smouni,Huilerie Smouni,,Bni Snous,HUILERIE,infra.huilerie_inventaire_pollution,MANUAL_REVIEW_REQUIRED,1,PENDING,distance=0.00m; nom=1.00; commune=0.00; priorite=4
e60088e9-cf94-4e41-ae65-a5390866b4b8,cd8354d2-59a5-452b-9107-3da694925429,bf3d3f34-a205-4a26-9bbf-babf7f4ec60f,infra.huilerie,157,2c9c650d-7bf4-4ce3-bc69-e95f56d27104,0.0,0.7400,DUPLICATE_EXACT,Huilerie AL AKHAOUAYNE,Huilerie AL AKHAOUAYNE,,Tafrante,HUILERIE,infra.huilerie_inventaire_pollution,MANUAL_REVIEW_REQUIRED,1,PENDING,distance=0.00m; nom=1.00; commune=0.00; priorite=4
e60088e9-cf94-4e41-ae65-a5390866b4b8,56135a8a-7abe-41f9-bec1-6b6d28444497,4c0aa4d2-f717-45f7-b2da-706968403fe5,infra.huilerie,236,d06592cf-1497-4710-a7dd-fbd562399715,0.0,0.7400,DUPLICATE_EXACT,Huilerie Tamimi ,Huilerie Tamimi,,Sidi Makhfi,HUILERIE,infra.huilerie_inventaire_pollution,MANUAL_REVIEW_REQUIRED,1,PENDING,distance=0.00m; nom=1.00; commune=0.00; priorite=4
e60088e9-cf94-4e41-ae65-a5390866b4b8,b15f1249-3ced-4f26-b0f0-e8533c6db5e9,5b81a745-ef6b-439c-8c23-76d5541535ba,infra.huilerie,264,92c86c0e-6377-4159-ab1a-e1f4ec994698,0.0,0.7400,DUPLICATE_EXACT,Huilerie Ouljat Jamae,Huilerie Ouljat Jamae,,Sidi Yahya Bni Zarwal,HUILERIE,infra.huilerie_inventaire_pollution,MANUAL_REVIEW_REQUIRED,1,PENDING,distance=0.00m; nom=1.00; commune=0.00; priorite=4
e60088e9-cf94-4e41-ae65-a5390866b4b8,379cf99c-d853-4db0-95af-9b3f7bf8eeac,2c6fbe94-2d1e-4d37-a57e-414643246893,infra.huilerie_inventaire_pollution,d12a73bc-e3d2-43b4-a191-c67d9d07f535,7a560c6b-1342-458b-b936-b178b98485e9,0.0,0.7250,DUPLICATE_EXACT,sohna1,sohna1,,,HUILERIE,infra.huilerie_inventaire_pollution,MANUAL_REVIEW_REQUIRED,1,PENDING,distance=0.00m; nom=1.00; commune=0.00; priorite=5
e60088e9-cf94-4e41-ae65-a5390866b4b8,7d1478f2-c870-43af-b7cc-ef8752c60a2b,485dbcac-3e05-4582-88d6-eed3ce7548c6,infra.huilerie_inventaire_pollution,af0d36e6-51d8-4215-a0b2-87caa355ba51,8b3b8ec4-c72b-479f-8851-5ff50d5ba593,0.0,0.7250,DUPLICATE_EXACT,Faraj,Faraj,,,HUILERIE,infra.huilerie_inventaire_pollution,MANUAL_REVIEW_REQUIRED,1,PENDING,distance=0.00m; nom=1.00; commune=0.00; priorite=5
e60088e9-cf94-4e41-ae65-a5390866b4b8,da52f142-e67a-455d-a78b-0eff6baf9526,8801ee75-bdf4-44b6-9ca7-ca43eec384b7,infra.huilerie_inventaire_pollution,7995ab8b-54c0-48d3-a821-b21a83ad2f63,3713dc14-4589-4d48-90ca-56bc594e0aa0,0.0,0.7250,DUPLICATE_EXACT,Semi-moderne,maasra Zaakour,Majmaa tolba,MAJMAA TOLBA,HUILERIE,infra.huilerie_inventaire_pollution,MANUAL_REVIEW_REQUIRED,1,PENDING,distance=0.00m; nom=0.00; commune=1.00; priorite=5
e60088e9-cf94-4e41-ae65-a5390866b4b8,cc8cbd87-4f98-43d3-8225-b7278a9ade16,5cc8e685-c614-47cc-80c5-d63e268f6c8a,infra.huilerie_inventaire_pollution,2846d3f8-d8f0-48a1-bc8c-fb3cf6b407d1,6eee0d0c-daa6-4deb-bce8-a109b5ca5d22,0.0,0.7250,DUPLICATE_EXACT,SICOC 1,SICOC 1,,,HUILERIE,infra.huilerie_inventaire_pollution,MANUAL_REVIEW_REQUIRED,1,PENDING,distance=0.00m; nom=1.00; commune=0.00; priorite=5
e60088e9-cf94-4e41-ae65-a5390866b4b8,3f6a8f00-5b62-4f00-8bb5-bb0e84d0c9b1,9117badf-4f19-40a8-b979-38e7977d45c4,infra.huilerie_inventaire_pollution,05e164fe-58c4-4023-a646-3349d62c47de,5dc9fcdf-845d-4ecf-9c9b-b8ead1eed11d,0.0,0.7250,DUPLICATE_EXACT,SICOC 2,SICOC 2,,,HUILERIE,infra.huilerie_inventaire_pollution,MANUAL_REVIEW_REQUIRED,1,PENDING,distance=0.00m; nom=1.00; commune=0.00; priorite=5
e60088e9-cf94-4e41-ae65-a5390866b4b8,4461cfd5-dd1b-46a1-a8a2-fb2c9c646530,f4fe95dd-6b22-4747-bd29-0a699829d2bf,infra.huilerie_inventaire_pollution,097d7536-a3a8-4b9a-9d71-637caf554720,7b49b22b-ce5b-4dae-b638-e90767dc05e4,0.0,0.7250,DUPLICATE_EXACT,Anas Sebti,Anas Sebti,,,HUILERIE,infra.huilerie_inventaire_pollution,MANUAL_REVIEW_REQUIRED,1,PENDING,distance=0.00m; nom=1.00; commune=0.00; priorite=5
e60088e9-cf94-4e41-ae65-a5390866b4b8,81113528-fb26-425c-85d7-6b2f16c168cc,ab3425ba-1e3d-47fe-82a6-6c908d42e90c,infra.huilerie_inventaire_pollution,3ff19bf0-fc49-4792-83f5-60c3a5c46c6b,17c1b4b9-8b52-4394-b16a-7f2d3fd9a316,0.0,0.7250,DUPLICATE_EXACT,Ste LARABI,Ste LARABI,,,HUILERIE,infra.huilerie_inventaire_pollution,MANUAL_REVIEW_REQUIRED,1,PENDING,distance=0.00m; nom=1.00; commune=0.00; priorite=5
e60088e9-cf94-4e41-ae65-a5390866b4b8,d3a8a955-b26f-4448-a5f7-0420ee317304,fd9c8ff2-9a49-47b6-85d1-fc66af3de65a,infra.huilerie_inventaire_pollution,39619ee1-468e-479c-99d2-5a0a3684e11f,50e61087-35c9-452a-9e8c-777d1bc5750e,0.0,0.7250,DUPLICATE_EXACT,Ste pro négoce said,Ste pro négoce said,,,HUILERIE,infra.huilerie_inventaire_pollution,MANUAL_REVIEW_REQUIRED,1,PENDING,distance=0.00m; nom=1.00; commune=0.00; priorite=5
e60088e9-cf94-4e41-ae65-a5390866b4b8,72d4a74e-66c0-41e7-bacc-116f6b9bfc88,594a6614-4a8f-457e-9b6a-f3c015a6c3a3,infra.huilerie_inventaire_pollution,f1ef484a-8cfd-4676-809f-900d731c7370,4e68ea89-f5b0-43a1-91e6-e31be3cc3033,0.0,0.7250,DUPLICATE_EXACT,Ste Abbas ben Makhlouf,Ste Abbas ben Makhlouf,,,HUILERIE,infra.huilerie_inventaire_pollution,MANUAL_REVIEW_REQUIRED,1,PENDING,distance=0.00m; nom=1.00; commune=0.00; priorite=5
e60088e9-cf94-4e41-ae65-a5390866b4b8,0853bd52-e07c-4878-9f15-148b082f4d8e,9f91b11b-0279-4d72-a724-d23afba53d15,infra.huilerie_inventaire_pollution,6aa496f7-3131-4c8c-b560-fb358f92d808,0510b632-f6dc-4ba8-a265-8dc21a9015a5,0.0,0.7250,DUPLICATE_EXACT,Ste Al Houda,Ste Al Houda,,,HUILERIE,infra.huilerie_inventaire_pollution,MANUAL_REVIEW_REQUIRED,1,PENDING,distance=0.00m; nom=1.00; commune=0.00; priorite=5
e60088e9-cf94-4e41-ae65-a5390866b4b8,5fa4e438-9e7d-48d8-8f20-fd4198987507,7f1c7021-07e7-4335-8e33-aa9103461433,infra.huilerie_inventaire_pollution,fed66e9f-916e-4927-8c13-e5d8beac9840,dc8a6ae4-f6f8-4d82-86ab-cb1f74cb0661,0.0,0.7250,DUPLICATE_EXACT,Ste Alaoui mdaghri,Ste Alaoui mdaghri,,,HUILERIE,infra.huilerie_inventaire_pollution,MANUAL_REVIEW_REQUIRED,1,PENDING,distance=0.00m; nom=1.00; commune=0.00; priorite=5
e60088e9-cf94-4e41-ae65-a5390866b4b8,8fcfbda9-b366-442a-bb28-334665c4a7cb,f980a1ba-9ccd-4f56-8988-d1fd11d49370,infra.huilerie_inventaire_pollution,fa660bea-2662-42db-a9e1-186a6725a950,325a92bd-41ea-47ff-b429-d1edabbf5411,0.0,0.7250,DUPLICATE_EXACT,STE Annasere,STE Annasere,,,HUILERIE,infra.huilerie_inventaire_pollution,MANUAL_REVIEW_REQUIRED,1,PENDING,distance=0.00m; nom=1.00; commune=0.00; priorite=5
e60088e9-cf94-4e41-ae65-a5390866b4b8,a90df012-afe2-4798-8ed7-fbe0303e8b87,95fdec12-694d-48b7-a106-99ede6b7ba8b,infra.huilerie_inventaire_pollution,a4a1986a-c5d9-4ec8-b7f0-7c18d1965b8e,a897b614-1afb-4bd8-9537-585a2dc91032,0.0,0.7250,DUPLICATE_EXACT,Ste MEDAGRO,Ste MEDAGRO,,,HUILERIE,infra.huilerie_inventaire_pollution,MANUAL_REVIEW_REQUIRED,1,PENDING,distance=0.00m; nom=1.00; commune=0.00; priorite=5
e60088e9-cf94-4e41-ae65-a5390866b4b8,f4149a0a-ed43-4c8f-b61c-98145bc006be,4403ff67-7902-4692-9fa5-52b08717f689,infra.huilerie_inventaire_pollution,ebf8d47a-8830-425b-8c08-353f4f3ecaba,ee3ceab6-5848-4139-8c5b-9ae3ed2c7189,0.0,0.7250,DUPLICATE_EXACT,Agro Huiles,Agro Huiles,,,HUILERIE,infra.huilerie_inventaire_pollution,MANUAL_REVIEW_REQUIRED,1,PENDING,distance=0.00m; nom=1.00; commune=0.00; priorite=5
e60088e9-cf94-4e41-ae65-a5390866b4b8,04062e94-6dd3-496a-b9b6-817441640602,565dad71-3c73-47ce-a1c6-0982d2484022,infra.huilerie_inventaire_pollution,39d17c5f-2cb6-445b-860a-84cbc0577e1a,f3673005-fe22-4b9d-9123-5f4e366f5f29,0.0,0.7250,DUPLICATE_EXACT,sohna2,sohna2,,,HUILERIE,infra.huilerie_inventaire_pollution,MANUAL_REVIEW_REQUIRED,1,PENDING,distance=0.00m; nom=1.00; commune=0.00; priorite=5
e60088e9-cf94-4e41-ae65-a5390866b4b8,111529a8-1214-47e9-aac2-5bfb000790ed,14be9d98-6976-4733-925f-f1183aff08c0,infra.huilerie_inventaire_pollution,bcf07c8f-2f0f-42d7-975d-33ae2ce4af73,22d6ff52-79db-4bca-8c79-983b2140c19e,0.0,0.7250,DUPLICATE_EXACT,Bouayad bouenan,Bouayad bouenan,,,HUILERIE,infra.huilerie_inventaire_pollution,MANUAL_REVIEW_REQUIRED,1,PENDING,distance=0.00m; nom=1.00; commune=0.00; priorite=5
e60088e9-cf94-4e41-ae65-a5390866b4b8,73571470-1f3a-4975-95cf-b48383898926,68223417-14dd-415a-b765-078ee6d0eb22,infra.huilerie_inventaire_pollution,0c80baf0-d787-4bd3-b51b-71ebef57958f,e22ec92c-3615-4b99-8f70-6b6fd7d14ec0,0.0,0.7250,DUPLICATE_EXACT,Ste BOUAANAN,Ste BOUAANAN,,,HUILERIE,infra.huilerie_inventaire_pollution,MANUAL_REVIEW_REQUIRED,1,PENDING,distance=0.00m; nom=1.00; commune=0.00; priorite=5
e60088e9-cf94-4e41-ae65-a5390866b4b8,dbb8dcd1-1b77-4bd0-b7d1-b32f3ef05ddd,0f378ae7-08de-4e2c-b714-fc7f7222b067,infra.huilerie_inventaire_pollution,fa984d94-f50b-40e9-9d79-3ee4f9e4f50e,f219dc89-d501-4604-a878-35c1cf736132,0.0,0.7250,DUPLICATE_EXACT,Ste Bouayad et fils,Ste Bouayad et fils,,,HUILERIE,infra.huilerie_inventaire_pollution,MANUAL_REVIEW_REQUIRED,1,PENDING,distance=0.00m; nom=1.00; commune=0.00; priorite=5
e60088e9-cf94-4e41-ae65-a5390866b4b8,83b00b80-71e3-435b-9d28-79c2a718f24e,77d2755d-121d-4aec-9d22-3db88240f486,infra.huilerie_inventaire_pollution,574dd431-c05c-444f-84aa-35d39fa42d46,7c45d992-0f4c-458a-b9ac-da7cc6d1a126,0.0,0.7250,DUPLICATE_EXACT,Marzouki Ali,Marzouki Ali,,,HUILERIE,infra.huilerie_inventaire_pollution,MANUAL_REVIEW_REQUIRED,1,PENDING,distance=0.00m; nom=1.00; commune=0.00; priorite=5
e60088e9-cf94-4e41-ae65-a5390866b4b8,baab08da-5fd7-4632-ae38-c1b654483132,f9ef3d5e-cdb4-4dbf-9fe0-06443a306e1a,infra.huilerie_inventaire_pollution,00d0ed6c-c6cb-4468-91cd-0f0fd56619f2,010e8af0-846d-48e2-ba22-522d8f19447d,0.0,0.7250,DUPLICATE_EXACT,Maroc Food,Maroc Food,,,HUILERIE,infra.huilerie_inventaire_pollution,MANUAL_REVIEW_REQUIRED,1,PENDING,distance=0.00m; nom=1.00; commune=0.00; priorite=5
e60088e9-cf94-4e41-ae65-a5390866b4b8,0b894fde-2918-47dc-a0a2-1267e9234e25,089c4b41-bb12-4a76-9bf0-949155555289,infra.huilerie_inventaire_pollution,afe62424-e63b-4739-b551-56b8fe55483a,22515a1d-239d-4de8-8eca-0827f1abcb1b,0.0,0.7250,DUPLICATE_EXACT,Sabhok,Sabhok,,,HUILERIE,infra.huilerie_inventaire_pollution,MANUAL_REVIEW_REQUIRED,1,PENDING,distance=0.00m; nom=1.00; commune=0.00; priorite=5
e60088e9-cf94-4e41-ae65-a5390866b4b8,a5d2d026-a7c4-4cb6-bbae-67204d16cfe5,186b2af1-2c19-46ee-83bd-a539d909a151,infra.huilerie_inventaire_pollution,31bbce91-b106-4dea-ab5b-6d85fe2ddaca,9a396fc9-5b52-4616-914e-18ea58aff413,0.0,0.7250,DUPLICATE_EXACT,Errahmouni,Errahmouni,,,HUILERIE,infra.huilerie_inventaire_pollution,MANUAL_REVIEW_REQUIRED,1,PENDING,distance=0.00m; nom=1.00; commune=0.00; priorite=5
e60088e9-cf94-4e41-ae65-a5390866b4b8,758a7a1f-a7ad-4f4d-af57-f9f25b016c05,2c87ad13-8add-4dc8-9c8b-61cd2c7fe36c,infra.huilerie_inventaire_pollution,831679b2-5eb0-415e-9887-2327c14dadad,31d0fd0c-8eef-45d4-9282-f26fe8ae6bc3,0.0,0.7250,DUPLICATE_EXACT,Faraji,Faraji,,,HUILERIE,infra.huilerie_inventaire_pollution,MANUAL_REVIEW_REQUIRED,1,PENDING,distance=0.00m; nom=1.00; commune=0.00; priorite=5
e60088e9-cf94-4e41-ae65-a5390866b4b8,f83f1b6a-76a0-43d8-bb01-02eedfc267cf,e7e0dbf5-837b-4008-b390-e9665498a865,infra.huilerie_inventaire_pollution,1da9021c-0491-4362-bc94-5d4280adffa4,04fda84a-3599-44b9-b7cd-5c840aa358ff,0.0,0.7250,DUPLICATE_EXACT,Ste kenza amour et fils -SKAEF-,Ste kenza amour et fils -SKAEF-,,,HUILERIE,infra.huilerie_inventaire_pollution,MANUAL_REVIEW_REQUIRED,1,PENDING,distance=0.00m; nom=1.00; commune=0.00; priorite=5
e60088e9-cf94-4e41-ae65-a5390866b4b8,23914583-effd-4e77-8f38-4c95b9cc6dbe,21e06d36-e047-4845-925b-d71e4dd62dda,infra.huilerie_inventaire_pollution,5d1ab729-ec8b-414c-b7f7-4fb161b56747,e22ec92c-3615-4b99-8f70-6b6fd7d14ec0,0.0,0.5917,DUPLICATE_EXACT,Ste Abbou,Ste BOUAANAN,,,HUILERIE,infra.huilerie_inventaire_pollution,MANUAL_REVIEW_REQUIRED,1,PENDING,distance=0.00m; nom=0.33; commune=0.00; priorite=5
e60088e9-cf94-4e41-ae65-a5390866b4b8,8e53335a-be73-4f7e-99ed-05cfadad2337,d8be96be-045e-401b-a21c-072d388b2cfe,infra.huilerie_inventaire_pollution,242e334d-12dc-4ccc-a9c2-f1a65d909d77,e22ec92c-3615-4b99-8f70-6b6fd7d14ec0,0.0,0.5917,DUPLICATE_EXACT,Ste BOUAYAD,Ste BOUAANAN,,,HUILERIE,infra.huilerie_inventaire_pollution,MANUAL_REVIEW_REQUIRED,1,PENDING,distance=0.00m; nom=0.33; commune=0.00; priorite=5
e60088e9-cf94-4e41-ae65-a5390866b4b8,ae8bc518-b0ec-4f5c-b7bc-a1dc32a72444,7d77d6cc-3d1d-4329-af96-d21a91b12f9a,infra.huilerie_inventaire_pollution,364ff1b0-e7c1-4b60-995c-29165b191957,e22ec92c-3615-4b99-8f70-6b6fd7d14ec0,0.0,0.5750,DUPLICATE_EXACT,Ste Sofa Huile,Ste BOUAANAN,,,HUILERIE,infra.huilerie_inventaire_pollution,MANUAL_REVIEW_REQUIRED,1,PENDING,distance=0.00m; nom=0.25; commune=0.00; priorite=5
e60088e9-cf94-4e41-ae65-a5390866b4b8,bed4379c-48c3-47ad-81ea-a42bfa5b8df7,d9794e06-595c-41ee-9c6b-f9bfafcb70f6,infra.huilerie,41,b562d28b-c0a0-4536-8cef-71b9b1a39e6f,0.0,0.5686,DUPLICATE_EXACT,Huilerie Domaine El Gour          ,Huilerie Ait hssi ouali,,Ait Boubidmane,HUILERIE,infra.huilerie_inventaire_pollution,MANUAL_REVIEW_REQUIRED,1,PENDING,distance=0.00m; nom=0.14; commune=0.00; priorite=4
e60088e9-cf94-4e41-ae65-a5390866b4b8,a82c60ae-db52-4c88-8afb-4d7697e871f3,cfa727c1-6ca0-4ea5-bbdf-7ffe24299e59,infra.huilerie_inventaire_pollution,6db2a48f-e83e-4aa5-a2f4-1dd04156fbc2,e22ec92c-3615-4b99-8f70-6b6fd7d14ec0,0.0,0.5650,DUPLICATE_EXACT,Ste Nouvelles huiles Abdo,Ste BOUAANAN,,,HUILERIE,infra.huilerie_inventaire_pollution,MANUAL_REVIEW_REQUIRED,1,PENDING,distance=0.00m; nom=0.20; commune=0.00; priorite=5
e60088e9-cf94-4e41-ae65-a5390866b4b8,8a2715df-36fd-47e1-8e22-33a979dc3cbc,a72cf6ce-0a22-4983-9563-6c782836766a,infra.huilerie_inventaire_pollution,2f1c3cfb-dea6-42d4-b84b-feedacd9feb8,e22ec92c-3615-4b99-8f70-6b6fd7d14ec0,0.0,0.5650,DUPLICATE_EXACT,Ste Ben Chekroun Jamai,Ste BOUAANAN,,,HUILERIE,infra.huilerie_inventaire_pollution,MANUAL_REVIEW_REQUIRED,1,PENDING,distance=0.00m; nom=0.20; commune=0.00; priorite=5
e60088e9-cf94-4e41-ae65-a5390866b4b8,a944c215-c559-4f03-9a0f-c9fdd88e9a10,8b0449dd-19b4-4076-8e90-fee33ae4a5fb,infra.huilerie,268,3cdff170-54ac-4454-8084-43a7d716a065,0.0,0.5400,DUPLICATE_EXACT,Huilerie Zakaria Alami,Huile Tresor Vert,,Galaz,HUILERIE,infra.huilerie_inventaire_pollution,MANUAL_REVIEW_REQUIRED,1,PENDING,distance=0.00m; nom=0.00; commune=0.00; priorite=4
e60088e9-cf94-4e41-ae65-a5390866b4b8,4bb2c882-edfe-425a-bcfc-e4d12439efed,c72a05a3-4fb3-4c5c-b542-abe75f002ddb,infra.huilerie,609,f8f48c41-fed4-4c41-a473-1c9932843618,0.0,0.5400,DUPLICATE_EXACT,Abdelaziz Lkhayat,Laouinat (jarbi Malika),,N'ZALAT BNI AMAR,HUILERIE,infra.huilerie_inventaire_pollution,MANUAL_REVIEW_REQUIRED,1,PENDING,distance=0.00m; nom=0.00; commune=0.00; priorite=4
e60088e9-cf94-4e41-ae65-a5390866b4b8,268b73a4-b865-4fa1-8d49-7bfaaa92fbec,fe3f4f91-69b4-495a-b40f-9934417e5c85,infra.huilerie,73,3713dc14-4589-4d48-90ca-56bc594e0aa0,0.0,0.5400,DUPLICATE_EXACT,Semi-moderne,maasra Zaakour,,MAJMAA TOLBA,HUILERIE,infra.huilerie_inventaire_pollution,MANUAL_REVIEW_REQUIRED,1,PENDING,distance=0.00m; nom=0.00; commune=0.00; priorite=4
e60088e9-cf94-4e41-ae65-a5390866b4b8,6370aefd-85cd-4896-9888-7d06b3e306c9,1e84f992-17fb-4c7f-a34d-f380c6533c71,infra.huilerie_inventaire_pollution,9285636a-bfa7-4076-b922-f3532ca02a27,e22ec92c-3615-4b99-8f70-6b6fd7d14ec0,0.0,0.5250,DUPLICATE_EXACT,Siof,Ste BOUAANAN,,,HUILERIE,infra.huilerie_inventaire_pollution,MANUAL_REVIEW_REQUIRED,1,PENDING,distance=0.00m; nom=0.00; commune=0.00; priorite=5
e60088e9-cf94-4e41-ae65-a5390866b4b8,5bb7900e-fed6-4697-b99f-4259e8298aa9,ea7eb16b-caf9-429e-8546-e7b3c1af6ca9,infra.huilerie_inventaire_pollution,68b751bc-fb89-4020-a89f-e46be3c00b2f,e22ec92c-3615-4b99-8f70-6b6fd7d14ec0,0.0,0.5250,DUPLICATE_EXACT,ZYOUT MEKNESS,Ste BOUAANAN,AYT OUALALE,,HUILERIE,infra.huilerie_inventaire_pollution,MANUAL_REVIEW_REQUIRED,1,PENDING,distance=0.00m; nom=0.00; commune=0.00; priorite=5
e60088e9-cf94-4e41-ae65-a5390866b4b8,2591e6dc-1987-4aa4-bc8f-f66aa37020b3,fd1c10b8-6626-4958-bc19-d63698896bba,infra.huilerie_inventaire_pollution,4acbd868-e4cd-42ba-9a49-591f94a8dcfe,e22ec92c-3615-4b99-8f70-6b6fd7d14ec0,0.0,0.5250,DUPLICATE_EXACT,Bouno huiles,Ste BOUAANAN,,,HUILERIE,infra.huilerie_inventaire_pollution,MANUAL_REVIEW_REQUIRED,1,PENDING,distance=0.00m; nom=0.00; commune=0.00; priorite=5
e60088e9-cf94-4e41-ae65-a5390866b4b8,45a8e980-6769-4de9-88fa-e7b26cc771e4,0ec449b0-5fb8-40be-abdf-211eb4b91282,infra.huilerie_inventaire_pollution,ed73678e-0c9f-4aa3-8cb1-d4fec6272028,3cdff170-54ac-4454-8084-43a7d716a065,0.0,0.5250,DUPLICATE_EXACT,Huilerie Zakaria Alami,Huile Tresor Vert,Ghafsai,Galaz,HUILERIE,infra.huilerie_inventaire_pollution,MANUAL_REVIEW_REQUIRED,1,PENDING,distance=0.00m; nom=0.00; commune=0.00; priorite=5
e60088e9-cf94-4e41-ae65-a5390866b4b8,f9c5cb9b-3f67-4c79-ac87-83020fde5f92,f678dd00-4c5f-4ab1-add4-374c892f68ff,infra.huilerie_inventaire_pollution,74a8d4f8-89e5-41e1-bc40-c3868f1b982b,e22ec92c-3615-4b99-8f70-6b6fd7d14ec0,0.0,0.5250,DUPLICATE_EXACT,Huilerie IDRISSIA,Ste BOUAANAN,,,HUILERIE,infra.huilerie_inventaire_pollution,MANUAL_REVIEW_REQUIRED,1,PENDING,distance=0.00m; nom=0.00; commune=0.00; priorite=5
e60088e9-cf94-4e41-ae65-a5390866b4b8,564af7fc-052d-4623-9656-898f520a9f70,65c72ca0-a93f-45a0-a8d3-76c8c697110f,infra.huilerie_inventaire_pollution,5107371e-b990-40d9-aaa3-508630cb8fbd,e22ec92c-3615-4b99-8f70-6b6fd7d14ec0,0.0,0.5250,DUPLICATE_EXACT,Oli Argana,Ste BOUAANAN,,,HUILERIE,infra.huilerie_inventaire_pollution,MANUAL_REVIEW_REQUIRED,1,PENDING,distance=0.00m; nom=0.00; commune=0.00; priorite=5
e60088e9-cf94-4e41-ae65-a5390866b4b8,5f51d13b-72ab-4943-848f-5b7813bab5c6,0bc8e9d7-0c33-4e42-88f5-d16906b01ffb,infra.huilerie_inventaire_pollution,cd7b0708-3c69-48a3-b4c5-be4a777db88a,e22ec92c-3615-4b99-8f70-6b6fd7d14ec0,0.0,0.5250,DUPLICATE_EXACT,Idriss Hadachi,Ste BOUAANAN,,,HUILERIE,infra.huilerie_inventaire_pollution,MANUAL_REVIEW_REQUIRED,1,PENDING,distance=0.00m; nom=0.00; commune=0.00; priorite=5
e60088e9-cf94-4e41-ae65-a5390866b4b8,841ca59b-6638-439a-8334-549db1643366,98fab3fb-b97f-4d09-b3ba-d0f7e437a77b,infra.huilerie_inventaire_pollution,c4292472-449c-4da6-bc24-1c68f109992a,e22ec92c-3615-4b99-8f70-6b6fd7d14ec0,0.0,0.5250,DUPLICATE_EXACT,H.mostapha bakir,Ste BOUAANAN,oued jdida,,HUILERIE,infra.huilerie_inventaire_pollution,MANUAL_REVIEW_REQUIRED,1,PENDING,distance=0.00m; nom=0.00; commune=0.00; priorite=5
e60088e9-cf94-4e41-ae65-a5390866b4b8,0c9755e3-860c-493a-8cb5-a6d703f6cf32,aff05f4d-c3af-4d20-842c-b83e60af7f6c,infra.huilerie_inventaire_pollution,bea67c91-7e74-4d4c-a23d-1ae83c729736,e22ec92c-3615-4b99-8f70-6b6fd7d14ec0,0.0,0.5250,DUPLICATE_EXACT,Dika Food,Ste BOUAANAN,,,HUILERIE,infra.huilerie_inventaire_pollution,MANUAL_REVIEW_REQUIRED,1,PENDING,distance=0.00m; nom=0.00; commune=0.00; priorite=5
e60088e9-cf94-4e41-ae65-a5390866b4b8,0a3139df-1e95-4df7-9072-ecf89909f818,1c3bb530-1260-4b48-adba-f79eacc9ab7b,infra.huilerie_inventaire_pollution,686f4484-5099-412b-91ef-62eab10dfdfe,e22ec92c-3615-4b99-8f70-6b6fd7d14ec0,0.0,0.5250,DUPLICATE_EXACT,SILICO,Ste BOUAANAN,,,HUILERIE,infra.huilerie_inventaire_pollution,MANUAL_REVIEW_REQUIRED,1,PENDING,distance=0.00m; nom=0.00; commune=0.00; priorite=5
e60088e9-cf94-4e41-ae65-a5390866b4b8,d7f9edc9-ce60-4f9c-a6c1-eca5b30ca457,17e8bee4-9620-4400-9d80-33fd362e21d6,infra.huilerie_inventaire_pollution,e08f3884-c5bb-4585-9506-719a7e1ec862,e22ec92c-3615-4b99-8f70-6b6fd7d14ec0,0.0,0.5250,DUPLICATE_EXACT,Larbi de huile et céreales,Ste BOUAANAN,,,HUILERIE,infra.huilerie_inventaire_pollution,MANUAL_REVIEW_REQUIRED,1,PENDING,distance=0.00m; nom=0.00; commune=0.00; priorite=5
e60088e9-cf94-4e41-ae65-a5390866b4b8,04bc2b52-9fae-4a3d-90a6-24e235323ce3,4a7be678-8115-46e3-804b-2ed76400b37c,infra.huilerie,208,b065bd4d-cc7f-450d-8b10-a8947e19b6d2,0.04242640691070552,0.7400,POSSIBLE_MATCH,Cooperative Almoumnia Essatia,Cooperative Almoumnia Essatia,,Sidi Bousber,HUILERIE,infra.huilerie_inventaire_pollution,MANUAL_REVIEW,2,PENDING,distance=0.04m; nom=1.00; commune=0.00; priorite=4
e60088e9-cf94-4e41-ae65-a5390866b4b8,b4335a1d-a5e3-40cb-908b-95a008256c8f,bd471a35-269e-4243-926c-311236da3043,infra.huilerie,549,6ec91ed0-6f67-44c8-a99b-cdc4f9df2806,0.058309518952845314,0.7400,POSSIBLE_MATCH,"H,OUERYAGHLI ADNAN","H,OUERYAGHLI ADNAN",,MOLAY DRISS ZARHOUN,HUILERIE,infra.huilerie_inventaire_pollution,MANUAL_REVIEW,2,PENDING,distance=0.06m; nom=1.00; commune=0.00; priorite=4
e60088e9-cf94-4e41-ae65-a5390866b4b8,7bb2c1ad-6dd2-4a99-a975-4cb952939f6c,59c2aa3e-be38-4ec8-a4c4-0bb411854b1c,infra.huilerie,227,fbfcfcbb-a262-4edf-aa1d-2faecddf1581,0.06324555320704896,0.7400,POSSIBLE_MATCH,Zoyout Chefchaouen,Zoyout Chefchaouen,,Mokrisset,HUILERIE,infra.huilerie_inventaire_pollution,MANUAL_REVIEW,2,PENDING,distance=0.06m; nom=1.00; commune=0.00; priorite=4
e60088e9-cf94-4e41-ae65-a5390866b4b8,acd8f58f-3aae-4814-9bad-b641694a6fb4,b645a12b-6218-4434-83cd-7d956e9d7860,infra.huilerie,201,163544a2-145a-46bd-b391-e7a181fda013,0.07810249674982515,0.7400,POSSIBLE_MATCH,Ste Huillerie Dalila,Ste Huillerie Dalila,,Kalaat Bouqorra,HUILERIE,infra.huilerie_inventaire_pollution,MANUAL_REVIEW,2,PENDING,distance=0.08m; nom=1.00; commune=0.00; priorite=4
e60088e9-cf94-4e41-ae65-a5390866b4b8,4099fb59-8327-40ec-b28d-dfdc8d1efd69,f02c9192-7d94-4fe6-930f-57f69ef782cd,infra.huilerie,31,8b72a167-17e9-4b5c-978d-2b7f21d6decf,0.08246211253268232,0.7400,POSSIBLE_MATCH,Société Ouled Anajate,Société Ouled Anajate,,LAQSIR,HUILERIE,infra.huilerie_inventaire_pollution,MANUAL_REVIEW,2,PENDING,distance=0.08m; nom=1.00; commune=0.00; priorite=4
e60088e9-cf94-4e41-ae65-a5390866b4b8,e473b7af-5450-4f7d-aa40-fc5e650fa33f,09e5965a-6fc1-460c-b6c6-cee14ebc9641,infra.huilerie,513,5c292b4b-1a7f-4eef-b58f-de87a83a43d4,0.11661903787574304,0.7400,POSSIBLE_MATCH,"H,YOUSSEF MKDAD","H,YOUSSEF MKDAD",,M'HAYA,HUILERIE,infra.huilerie_inventaire_pollution,MANUAL_REVIEW,2,PENDING,distance=0.12m; nom=1.00; commune=0.00; priorite=4
e60088e9-cf94-4e41-ae65-a5390866b4b8,f8417848-d914-4f02-b92b-1cca062cb1e0,425b459e-b466-475b-a6f9-5b093dac210c,infra.huilerie,207,86cb4918-ce01-4dc4-a0a9-09a88d676d02,0.13928388277200837,0.7400,POSSIBLE_MATCH,Huilerie Modèrene Ouannana,Huilerie Modèrene Ouannana,,Ouannana,HUILERIE,infra.huilerie_inventaire_pollution,MANUAL_REVIEW,2,PENDING,distance=0.14m; nom=1.00; commune=0.00; priorite=4
e60088e9-cf94-4e41-ae65-a5390866b4b8,1d94de6b-10b3-45c9-923c-96b81808f26c,e9b9ae3a-853b-4c5f-b277-d0e71f86a14d,infra.huilerie,539,96a8eb10-c5a6-45ba-abb9-fb5ecb2d30c8,0.13928388277200837,0.7400,POSSIBLE_MATCH,OLEA SAISS,OLEA SAISS,,MGHASSIYINE,HUILERIE,infra.huilerie_inventaire_pollution,MANUAL_REVIEW,2,PENDING,distance=0.14m; nom=1.00; commune=0.00; priorite=4
e60088e9-cf94-4e41-ae65-a5390866b4b8,de917302-ac85-4700-8666-3190a1f29dd4,9013a2fe-554f-4293-8755-a41457d77ab7,infra.huilerie,206,6ffab696-7e78-43a4-9927-a28e29cae370,0.1562049934996503,0.7400,POSSIBLE_MATCH,Lhaj Abdessalam,Lhaj Abdessalam,,Mokrisset,HUILERIE,infra.huilerie_inventaire_pollution,MANUAL_REVIEW,2,PENDING,distance=0.16m; nom=1.00; commune=0.00; priorite=4
e60088e9-cf94-4e41-ae65-a5390866b4b8,e258ee17-ae4f-4544-81a7-87619006567d,087fde67-e8a2-453b-a399-f82fb19e835e,infra.huilerie,118,a8f1aa7d-ab3f-4481-b88d-eecf17acb649,0.16763054613184608,0.7400,POSSIBLE_MATCH,H.MOULAY DRISS EL AZHAR,H.MOULAY DRISS EL AZHAR,,AIN BOUALI,HUILERIE,infra.huilerie_inventaire_pollution,MANUAL_REVIEW,2,PENDING,distance=0.17m; nom=1.00; commune=0.00; priorite=4
e60088e9-cf94-4e41-ae65-a5390866b4b8,51018de5-685f-44bd-9fce-1049cdc3c103,b4a32c55-b945-4055-b03d-61337a11cad6,infra.huilerie,212,7807374e-ce08-4659-9f48-f8df7e7af196,0.1711724276722267,0.7400,POSSIBLE_MATCH,El Ibrahimi,El Ibrahimi,,Sidi Redouane,HUILERIE,infra.huilerie_inventaire_pollution,MANUAL_REVIEW,2,PENDING,distance=0.17m; nom=1.00; commune=0.00; priorite=4
e60088e9-cf94-4e41-ae65-a5390866b4b8,e62923a7-3d18-4ce0-94d1-c5ac4cf4a76c,61337eb4-7cf3-4c78-ab0d-b84cdbed46b1,infra.huilerie,437,dff1e7ea-b1da-467c-ad9a-bc1b29523b37,0.17204650533868726,0.7400,POSSIBLE_MATCH,H.HAJ MOHAMED,H.HAJ MOHAMED,,IGHZRAN,HUILERIE,infra.huilerie_inventaire_pollution,MANUAL_REVIEW,2,PENDING,distance=0.17m; nom=1.00; commune=0.00; priorite=4
e60088e9-cf94-4e41-ae65-a5390866b4b8,e43316d5-312f-4f92-a3dc-b760095e24d8,8475aab6-440c-4aa8-a469-161a46ab2775,infra.huilerie,540,43528815-00c1-48e7-934f-f290ae228672,0.17720045144777277,0.7400,POSSIBLE_MATCH,SOCIETE L'OLEASTRE,SOCIETE L'OLEASTRE,,MGHASSIYINE,HUILERIE,infra.huilerie_inventaire_pollution,MANUAL_REVIEW,2,PENDING,distance=0.18m; nom=1.00; commune=0.00; priorite=4
e60088e9-cf94-4e41-ae65-a5390866b4b8,95c04cf2-6007-4ec3-934b-d85c6e61c2c5,2508fec7-f430-48c7-8849-cafa5e973330,infra.huilerie,601,977726c6-86a4-42c8-8aea-07c6b2b46225,0.1844911922285659,0.7400,POSSIBLE_MATCH,Lkhaydar Ahmed,Lkhaydar Ahmed,,M'HAYA,HUILERIE,infra.huilerie_inventaire_pollution,MANUAL_REVIEW,2,PENDING,distance=0.18m; nom=1.00; commune=0.00; priorite=4
e60088e9-cf94-4e41-ae65-a5390866b4b8,010e12e3-2be8-4fce-a840-bdebd2ab18f0,590282ad-e064-4a11-b949-8d6fe23c72a7,infra.huilerie,221,47d278c7-a72f-404e-922d-a8e653222cc9,0.1910497317588336,0.7400,POSSIBLE_MATCH,Belhaj,Belhaj,,Bni Qoulla,HUILERIE,infra.huilerie_inventaire_pollution,MANUAL_REVIEW,2,PENDING,distance=0.19m; nom=1.00; commune=0.00; priorite=4
e60088e9-cf94-4e41-ae65-a5390866b4b8,41bf78b4-65f4-4335-b094-b57964ea51f3,81c551b8-6c7c-496d-a0f4-5122692a27c1,infra.huilerie,460,51fe363c-cf35-4d8a-92f5-7e185bc84e44,0.20024984395709994,0.7400,POSSIBLE_MATCH,H. SFAR,H. SFAR,,SIDI YOUSEF BEN HMED,HUILERIE,infra.huilerie_inventaire_pollution,MANUAL_REVIEW,2,PENDING,distance=0.20m; nom=1.00; commune=0.00; priorite=4
e60088e9-cf94-4e41-ae65-a5390866b4b8,4b620565-afe8-4ea4-b900-0326c4357f16,2c383044-be28-463f-a3e6-b8813e9b300d,infra.huilerie,447,fa9bbc64-700b-49b3-a59b-3de99c534bfc,0.21213203438065967,0.7400,POSSIBLE_MATCH,H.MAMOUNIA,H.MAMOUNIA,,AIN CHEGGAG,HUILERIE,infra.huilerie_inventaire_pollution,MANUAL_REVIEW,2,PENDING,distance=0.21m; nom=1.00; commune=0.00; priorite=4
e60088e9-cf94-4e41-ae65-a5390866b4b8,f7bdccee-5bc9-410c-80a3-da342f9d3c35,b700c9b5-52a1-468d-98fc-25691069a024,infra.huilerie,573,3bbef397-dc02-4f96-b746-d176a93542f9,0.21540659230224204,0.7400,POSSIBLE_MATCH,Ste SONEPRA,Ste SONEPRA,,N'ZALAT BNI AMAR,HUILERIE,infra.huilerie_inventaire_pollution,MANUAL_REVIEW,2,PENDING,distance=0.22m; nom=1.00; commune=0.00; priorite=4
e60088e9-cf94-4e41-ae65-a5390866b4b8,77c14b27-8047-48bc-b5b3-73c8eee98745,76a21f50-4fb3-41c8-87ef-a43601111d6d,infra.huilerie,219,e7668cf1-2a4f-4ead-adc1-9c1cf1ac1fdd,0.22360679774997896,0.7400,POSSIBLE_MATCH,Zoumi,Zoumi,,Zoumi,HUILERIE,infra.huilerie_inventaire_pollution,MANUAL_REVIEW,2,PENDING,distance=0.22m; nom=1.00; commune=0.00; priorite=4
e60088e9-cf94-4e41-ae65-a5390866b4b8,eaa2067c-683b-4c53-ade3-b06e0e635c8e,e35f0762-f929-41ad-9efe-9c565fa4eff1,infra.huilerie,464,a1b39b5f-072e-4573-8ebd-88068c7e683b,0.23021728862093865,0.7400,POSSIBLE_MATCH,OUAKILI ABDESSAMAD,OUAKILI ABDESSAMAD,,Ighzrane,HUILERIE,infra.huilerie_inventaire_pollution,MANUAL_REVIEW,2,PENDING,distance=0.23m; nom=1.00; commune=0.00; priorite=4
e60088e9-cf94-4e41-ae65-a5390866b4b8,490a6da5-1959-4caf-a08e-3db01d690823,a4431cdf-df05-46a0-a37f-d541f1acaa12,infra.huilerie,225,a32a13ec-a661-4f4e-80b3-5d9da6289724,0.23537204589812205,0.7400,POSSIBLE_MATCH,Ain Mandar,Ain Mandar,,Ouannana,HUILERIE,infra.huilerie_inventaire_pollution,MANUAL_REVIEW,2,PENDING,distance=0.24m; nom=1.00; commune=0.00; priorite=4
e60088e9-cf94-4e41-ae65-a5390866b4b8,4be280aa-8b8e-481b-b132-e8b642293f19,37220543-fa73-4dcd-b593-d62c0aac0590,infra.huilerie,605,b4e300b4-e545-4579-bd10-5ecc302cb9b1,0.24803225598850537,0.7400,POSSIBLE_MATCH,Huilerie Lalla Joumana,Huilerie Lalla Joumana,,M'HAYA,HUILERIE,infra.huilerie_inventaire_pollution,MANUAL_REVIEW,2,PENDING,distance=0.25m; nom=1.00; commune=0.00; priorite=4
e60088e9-cf94-4e41-ae65-a5390866b4b8,d3ee2bc2-53e9-4873-ad08-f2f1f63aaa57,7003b946-cf51-4a42-a5f6-a7fec153a202,infra.huilerie,603,f4f6daa9-c2fd-49ad-b6f4-e07102a8c8e5,0.24867046468964313,0.7400,POSSIBLE_MATCH,Boungab Abdessalam,Boungab Abdessalam,,M'HAYA,HUILERIE,infra.huilerie_inventaire_pollution,MANUAL_REVIEW,2,PENDING,distance=0.25m; nom=1.00; commune=0.00; priorite=4
e60088e9-cf94-4e41-ae65-a5390866b4b8,dd22ee53-e8bd-4dd4-a341-bfbe65e2fa11,ea6ba43b-3455-4e7d-869b-0c5647e73fc4,infra.huilerie,211,ffc2fed2-9c0c-4ed5-bad1-702f61dc6bbb,0.24999999999301506,0.7400,POSSIBLE_MATCH,Sni Messara,Sni Messara,,Sidi Redouane,HUILERIE,infra.huilerie_inventaire_pollution,MANUAL_REVIEW,2,PENDING,distance=0.25m; nom=1.00; commune=0.00; priorite=4
e60088e9-cf94-4e41-ae65-a5390866b4b8,e2748999-c4e6-4a5b-b496-126e3d288e76,7d4e97e9-edb1-4f67-b710-93054213d23f,infra.huilerie,528,9ddd198a-ad0b-4e12-a315-2ce5ae77d832,0.2517935662436123,0.7400,POSSIBLE_MATCH,JAWHARAT ZOYOUT LEHGUI ,JAWHARAT ZOYOUT LEHGUI,,M'HAYA,HUILERIE,infra.huilerie_inventaire_pollution,MANUAL_REVIEW,2,PENDING,distance=0.25m; nom=1.00; commune=0.00; priorite=4
e60088e9-cf94-4e41-ae65-a5390866b4b8,0ab327c1-f577-48d5-8bd8-2f0f533ed9bd,3d311078-aecb-4d99-afb7-fb206d6b6011,infra.huilerie,213,68c2ef39-af73-46ee-8e9f-60ed84a20838,0.27658633373015096,0.7400,POSSIBLE_MATCH,Alhalouiyine,Alhalouiyine,,Sidi Redouane,HUILERIE,infra.huilerie_inventaire_pollution,MANUAL_REVIEW,2,PENDING,distance=0.28m; nom=1.00; commune=0.00; priorite=4
e60088e9-cf94-4e41-ae65-a5390866b4b8,c8cb722c-0261-457e-8f8e-b5d8bff59314,6cc3bed0-8d03-4d10-979b-5496e548c793,infra.huilerie,469,6eadca42-a17c-4bd5-b835-964129ade136,0.28071337698155974,0.7400,POSSIBLE_MATCH,BARAKA,BARAKA,,Sefrou,HUILERIE,infra.huilerie_inventaire_pollution,MANUAL_REVIEW,2,PENDING,distance=0.28m; nom=1.00; commune=0.00; priorite=4
e60088e9-cf94-4e41-ae65-a5390866b4b8,f327361e-1913-4c9d-838d-9df0d1ed5703,88fbfaa6-6d02-4e7f-86c2-076c0e3b5a2d,infra.huilerie,548,ef0693c9-198f-46b6-875f-d24e33d0329f,0.28178005607425577,0.7400,POSSIBLE_MATCH,"H, BEN MOUSSA","H, BEN MOUSSA",,MOLAY DRISS ZARHON,HUILERIE,infra.huilerie_inventaire_pollution,MANUAL_REVIEW,2,PENDING,distance=0.28m; nom=1.00; commune=0.00; priorite=4
e60088e9-cf94-4e41-ae65-a5390866b4b8,88ca8611-f60f-4bbe-be10-d11ac2701faf,abb54a9b-a782-4a17-909d-64b9f4cdc454,infra.huilerie,38,2db962ed-b31c-47a9-acad-105cfdbaca12,0.30413812653787725,0.7400,POSSIBLE_MATCH,STE.HOLDING DE TRAITEMENT D'OLIVE,STE.HOLDING DE TRAITEMENT D'OLIVE,,AQADDAR,HUILERIE,infra.huilerie_inventaire_pollution,MANUAL_REVIEW,2,PENDING,distance=0.30m; nom=1.00; commune=0.00; priorite=4
e60088e9-cf94-4e41-ae65-a5390866b4b8,7855d6cc-0ecc-43f4-b6d7-05bb3d561359,3cd66f4a-b247-46ca-80c5-b628f8512de2,infra.huilerie,196,b566ee6e-7401-414f-8c67-fb5781dd0d81,0.3106444913390571,0.7400,POSSIBLE_MATCH,Ste Huile d'olive des produits de terroir,Ste Huile d'olive des produits de terroir,,Bni Qoulla,HUILERIE,infra.huilerie_inventaire_pollution,MANUAL_REVIEW,2,PENDING,distance=0.31m; nom=1.00; commune=0.00; priorite=4
e60088e9-cf94-4e41-ae65-a5390866b4b8,2f678fdd-3d3f-44bd-9701-f435248584eb,9a877d69-2848-4340-a5d0-c101ec2c71d4,infra.huilerie,61,4e1d779c-3b2e-419d-9d53-ff213c02adc0,0.31240998703656425,0.7400,POSSIBLE_MATCH,FATTAH ABDELLKADAR,FATTAH ABDELLKADAR,,SEBT JAHJOUH,HUILERIE,infra.huilerie_inventaire_pollution,MANUAL_REVIEW,2,PENDING,distance=0.31m; nom=1.00; commune=0.00; priorite=4
e60088e9-cf94-4e41-ae65-a5390866b4b8,756eb62a-38bd-4ea1-81c3-25faaf735173,7d9dd105-3946-4cf2-95c5-85caf3edf324,infra.huilerie,198,97cbe82f-6fce-4cd0-996e-8f6f4d959249,0.333766385379943,0.7400,POSSIBLE_MATCH,Huillerie Bachir,Huillerie Bachir,,Bni Qoulla,HUILERIE,infra.huilerie_inventaire_pollution,MANUAL_REVIEW,2,PENDING,distance=0.33m; nom=1.00; commune=0.00; priorite=4
e60088e9-cf94-4e41-ae65-a5390866b4b8,1688cb08-2828-43c8-bb97-d914cbae2380,02ba37e4-47dc-4173-803f-9ce12321602b,infra.huilerie,57,3b640b2f-a3c9-4809-88ad-25f569c45654,0.33541019662496846,0.7400,POSSIBLE_MATCH,H.LAGNAOUI HMED,H.LAGNAOUI HMED,,AIN TAOUJDATE,HUILERIE,infra.huilerie_inventaire_pollution,MANUAL_REVIEW,2,PENDING,distance=0.34m; nom=1.00; commune=0.00; priorite=4
e60088e9-cf94-4e41-ae65-a5390866b4b8,de0dd92e-0ccd-4e5b-8bcf-e61b86699a20,07e99fe8-745d-418f-bb62-f4424b7e011a,infra.huilerie,30,1fc57149-4b5d-48ff-9ca3-c7b2b7065b37,0.33615472627908594,0.7400,POSSIBLE_MATCH,H.HAJ MIMOUN CHACHOU,H.HAJ MIMOUN CHACHOU,,AIT HARZ ALLAH,HUILERIE,infra.huilerie_inventaire_pollution,MANUAL_REVIEW,2,PENDING,distance=0.34m; nom=1.00; commune=0.00; priorite=4
e60088e9-cf94-4e41-ae65-a5390866b4b8,e19be4d1-01d3-421c-b80e-f1d3cb1716fb,e0cef5c7-6137-4f68-ab03-7f4830807206,infra.huilerie,36,b39a1804-d79a-4101-afe1-91c5ada4d78b,0.3401470270375268,0.7400,POSSIBLE_MATCH,STE.MABROUKA CHAYMA(ADBAR),STE.MABROUKA CHAYMA(ADBAR),,RAS IJERRI,HUILERIE,infra.huilerie_inventaire_pollution,MANUAL_REVIEW,2,PENDING,distance=0.34m; nom=1.00; commune=0.00; priorite=4
e60088e9-cf94-4e41-ae65-a5390866b4b8,759bd20e-5925-4f3d-abf5-cd1f2cd8d39e,b83063cc-0382-4084-a266-231104e82430,infra.huilerie,606,b4867e26-fbf7-4d00-b207-6a97f0fccfbd,0.3466770831675963,0.7400,POSSIBLE_MATCH,Hamid Amarouch,Hamid Amarouch,,M'HAYA,HUILERIE,infra.huilerie_inventaire_pollution,MANUAL_REVIEW,2,PENDING,distance=0.35m; nom=1.00; commune=0.00; priorite=4
e60088e9-cf94-4e41-ae65-a5390866b4b8,0916867e-e5cb-44f0-900f-f3736e03ca65,92cf4e87-8795-46e6-bbe5-0e39352e6fb7,infra.huilerie,436,dcef388d-628f-46fe-b796-7223e7afc3a6,0.35999999998603016,0.7400,POSSIBLE_MATCH,Non-connue 5,Non-connue 5,,IGHZRAN,HUILERIE,infra.huilerie_inventaire_pollution,MANUAL_REVIEW,2,PENDING,distance=0.36m; nom=1.00; commune=0.00; priorite=4
e60088e9-cf94-4e41-ae65-a5390866b4b8,0d0647f1-41ba-4fc2-82c9-3625dd792d8f,d7bda39f-e6dd-4368-99f1-c1c29c00fd21,infra.huilerie,445,3846efc6-583b-438d-8021-abfb588b7bd4,0.3605551275334838,0.7400,POSSIBLE_MATCH,H.ABDELKADAR TAZI,H.ABDELKADAR TAZI,,AIN CHEGAG,HUILERIE,infra.huilerie_inventaire_pollution,MANUAL_REVIEW,2,PENDING,distance=0.36m; nom=1.00; commune=0.00; priorite=4
e60088e9-cf94-4e41-ae65-a5390866b4b8,98304b87-4ba8-4879-a4d5-84470feb7e48,ff75e589-a61a-4482-8047-44f3749f76ec,infra.huilerie,441,a79614df-4685-4116-9a2f-3541dc522632,0.37643060451713584,0.7400,POSSIBLE_MATCH,STE.OLIVIER NORD,STE.OLIVIER NORD,,oulad mkoudou,HUILERIE,infra.huilerie_inventaire_pollution,MANUAL_REVIEW,2,PENDING,distance=0.38m; nom=1.00; commune=0.00; priorite=4
e60088e9-cf94-4e41-ae65-a5390866b4b8,2c13ceaf-c1cb-4785-96e0-a385f364a452,875be412-7470-4d35-9d5e-f337dedcc7e5,infra.huilerie,468,253f6050-1375-4817-860a-ccdf2b409e9a,0.37947331920548,0.7400,POSSIBLE_MATCH,REGRAGI BRAHIM,REGRAGI BRAHIM,,Sefrou,HUILERIE,infra.huilerie_inventaire_pollution,MANUAL_REVIEW,2,PENDING,distance=0.38m; nom=1.00; commune=0.00; priorite=4
e60088e9-cf94-4e41-ae65-a5390866b4b8,b15ca81e-8627-4fc7-ac3b-60c994d0670b,e7bc82df-661d-4b5f-8a28-d079847a5771,infra.huilerie,230,8c1046e5-0cf9-4ccf-ab17-320bcc6472ae,0.3820994635176672,0.7400,POSSIBLE_MATCH,Smimih,Smimih,,Zoumi,HUILERIE,infra.huilerie_inventaire_pollution,MANUAL_REVIEW,2,PENDING,distance=0.38m; nom=1.00; commune=0.00; priorite=4
e60088e9-cf94-4e41-ae65-a5390866b4b8,b48c7205-c839-4308-83d9-53f0c0dbd8c5,cc13d837-531d-4b30-a85f-3999f2e7b092,infra.huilerie,216,0968b682-9ed5-48cb-b2b8-4f54fab326b1,0.3841874542310625,0.7400,POSSIBLE_MATCH,Elhaj Ali,Elhaj Ali,,Sidi Redouane,HUILERIE,infra.huilerie_inventaire_pollution,MANUAL_REVIEW,2,PENDING,distance=0.38m; nom=1.00; commune=0.00; priorite=4
e60088e9-cf94-4e41-ae65-a5390866b4b8,435a36d6-aa64-4621-9e05-892e94d32055,f307455d-6b48-4d8f-819b-e6137b1fb8f9,infra.huilerie,119,0dbae4c5-76f7-43a2-b9fe-fb0350f290de,0.38897300676966845,0.7400,POSSIBLE_MATCH,GIE LAMTA FES,GIE LAMTA FES,,AIN BOUALI,HUILERIE,infra.huilerie_inventaire_pollution,MANUAL_REVIEW,2,PENDING,distance=0.39m; nom=1.00; commune=0.00; priorite=4
e60088e9-cf94-4e41-ae65-a5390866b4b8,24abe0ae-0e57-4729-bf69-657f20fd7549,9411943f-a467-4f6c-a68c-da10b4eb9ad4,infra.huilerie,205,b4f2f52a-b9ca-476f-bef9-8bdbc13a52b1,0.39204591569001207,0.7400,POSSIBLE_MATCH,Benslimane,Benslimane,,Masmouda,HUILERIE,infra.huilerie_inventaire_pollution,MANUAL_REVIEW,2,PENDING,distance=0.39m; nom=1.00; commune=0.00; priorite=4
e60088e9-cf94-4e41-ae65-a5390866b4b8,6e764d8a-e9f5-42a3-a553-29e88300130f,fa261330-4b45-49a5-a8d6-ec3030fffa32,infra.huilerie,223,212266b9-dd64-42f9-9afd-f5f752eb350f,0.3921734310197018,0.7400,POSSIBLE_MATCH,Elkhawda,Elkhawda,,Masmouda,HUILERIE,infra.huilerie_inventaire_pollution,MANUAL_REVIEW,2,PENDING,distance=0.39m; nom=1.00; commune=0.00; priorite=4
e60088e9-cf94-4e41-ae65-a5390866b4b8,6170593f-bce4-43d9-92df-a426df1236e3,22717723-8225-43b6-a713-e02e24a89d41,infra.huilerie,224,6c2ebbd5-56d1-4cbf-bd1c-e5934ab34667,0.3921734310197018,0.7400,POSSIBLE_MATCH,Masmouda Alaasria,Masmouda Alaasria,,Masmouda,HUILERIE,infra.huilerie_inventaire_pollution,MANUAL_REVIEW,2,PENDING,distance=0.39m; nom=1.00; commune=0.00; priorite=4
e60088e9-cf94-4e41-ae65-a5390866b4b8,ab0bd472-407a-40b4-be1c-6fa3dc05f74a,e4a06e45-323d-47da-8722-8b50678bb674,infra.huilerie,199,8b59aa7e-5153-4fc1-b661-58cdd3b9cd00,0.3940812098995614,0.7400,POSSIBLE_MATCH,Al Mansoura,Al Mansoura,,Bni Qoulla,HUILERIE,infra.huilerie_inventaire_pollution,MANUAL_REVIEW,2,PENDING,distance=0.39m; nom=1.00; commune=0.00; priorite=4
e60088e9-cf94-4e41-ae65-a5390866b4b8,16a9a4de-af69-4abe-b919-153509c145ca,988ebd0e-c3e9-401c-876e-4c6fd6aed14b,infra.huilerie,200,e0438218-ea95-408a-99fe-d7b8a7ab0da9,0.39849717690646375,0.7400,POSSIBLE_MATCH,Bassatine Ouezzane,Bassatine Ouezzane,,Bni Qoulla,HUILERIE,infra.huilerie_inventaire_pollution,MANUAL_REVIEW,2,PENDING,distance=0.40m; nom=1.00; commune=0.00; priorite=4
e60088e9-cf94-4e41-ae65-a5390866b4b8,9a176eaa-e22d-4540-875e-862ac56b51b0,bf05b790-dbd5-440c-9045-1fe1d6909834,infra.huilerie,111,9adb4369-be51-4eb6-8ef7-54ddf94d71a4,0.4,0.7400,POSSIBLE_MATCH,H.BOUAYAD,H.BOUAYAD,,Sebaa Rouadi,HUILERIE,infra.huilerie_inventaire_pollution,MANUAL_REVIEW,2,PENDING,distance=0.40m; nom=1.00; commune=0.00; priorite=4
e60088e9-cf94-4e41-ae65-a5390866b4b8,98fdd733-35e9-4be7-8c85-56cb238f55c4,d013b5e5-b702-43ff-af2e-5f42c10dacf2,infra.huilerie,204,3b05cc77-ffbf-4731-8e7a-d6fc4c218480,0.4001249804983597,0.7400,POSSIBLE_MATCH,Al Masmoudia,Al Masmoudia,,Masmouda,HUILERIE,infra.huilerie_inventaire_pollution,MANUAL_REVIEW,2,PENDING,distance=0.40m; nom=1.00; commune=0.00; priorite=4
e60088e9-cf94-4e41-ae65-a5390866b4b8,27a7fd39-d495-48d6-b9e3-0c491698ef44,8af0cbdf-367f-4df5-bd88-8e6e2d8cca5a,infra.huilerie,32,10779ec2-5b0c-45f3-9363-4c4b99235756,0.4011234224279391,0.7400,POSSIBLE_MATCH,H.AL FADLE,H.AL FADLE,,LAQSIR,HUILERIE,infra.huilerie_inventaire_pollution,MANUAL_REVIEW,2,PENDING,distance=0.40m; nom=1.00; commune=0.00; priorite=4
e60088e9-cf94-4e41-ae65-a5390866b4b8,005fd869-f709-4a15-ba26-5d20783173a5,1c525a4f-0b34-4c27-81cd-898325d09a68,infra.huilerie,113,5aef0d5b-20c8-4cd4-887a-adfe69672030,0.40447496835444835,0.7400,POSSIBLE_MATCH,COOPERATIVE JOUIRA,COOPERATIVE JOUIRA,,LAAJAJRA,HUILERIE,infra.huilerie_inventaire_pollution,MANUAL_REVIEW,2,PENDING,distance=0.40m; nom=1.00; commune=0.00; priorite=4
e60088e9-cf94-4e41-ae65-a5390866b4b8,bfab05de-1b95-4139-b629-6e98acb3e04b,fdc8dc52-ecf5-44d8-8ad4-22b8e1bf6b7b,infra.huilerie,215,34b247ac-a646-4802-bdab-3ee250b7d2e6,0.4101219330585631,0.7400,POSSIBLE_MATCH,Elkharouba,Elkharouba,,Sidi Redouane,HUILERIE,infra.huilerie_inventaire_pollution,MANUAL_REVIEW,2,PENDING,distance=0.41m; nom=1.00; commune=0.00; priorite=4
e60088e9-cf94-4e41-ae65-a5390866b4b8,fc91941f-ff62-4c38-886e-706255f1cd2c,b75599c7-e63e-4ee9-9d31-e5f6b76351a6,infra.huilerie,521,34e51ba1-4e4c-486f-876f-c8668884806b,0.41400483090268014,0.7400,POSSIBLE_MATCH,H.HAJ LKHAYAT,H.HAJ LKHAYAT,,M'HAYA,HUILERIE,infra.huilerie_inventaire_pollution,MANUAL_REVIEW,2,PENDING,distance=0.41m; nom=1.00; commune=0.00; priorite=4
e60088e9-cf94-4e41-ae65-a5390866b4b8,b89973fd-0b05-49ec-8674-edfdbdf53d49,8157edf0-643d-41bb-853f-8e5698861740,infra.huilerie,195,1b5268eb-280e-403a-9bb4-efab7e6e78e1,0.42047592081717905,0.7400,POSSIBLE_MATCH,Al Marinyenne,Al Marinyenne,,Bni Qoulla,HUILERIE,infra.huilerie_inventaire_pollution,MANUAL_REVIEW,2,PENDING,distance=0.42m; nom=1.00; commune=0.00; priorite=4
e60088e9-cf94-4e41-ae65-a5390866b4b8,5e42ee07-d242-46cc-b1ad-6d3fc206d79a,140b3a85-8d5c-480a-a00a-d6d50aa07706,infra.huilerie,136,a18f02aa-e75b-4bce-8d72-4099ce869c76,0.4237924020349327,0.7400,POSSIBLE_MATCH,H.OULAD NAJAT,H.OULAD NAJAT,,Sebaa Rouadi,HUILERIE,infra.huilerie_inventaire_pollution,MANUAL_REVIEW,2,PENDING,distance=0.42m; nom=1.00; commune=0.00; priorite=4
e60088e9-cf94-4e41-ae65-a5390866b4b8,7cede2df-f49f-4ddd-8de1-98326b7083c3,8c9bf7a4-8e09-4345-8706-b51455bb5ebb,infra.huilerie,115,c208302b-bb68-4132-be07-51133a875b7e,0.4310452412980892,0.7400,POSSIBLE_MATCH,H.EL BARAKA,H.EL BARAKA,,LAAJAJRA,HUILERIE,infra.huilerie_inventaire_pollution,MANUAL_REVIEW,2,PENDING,distance=0.43m; nom=1.00; commune=0.00; priorite=4
e60088e9-cf94-4e41-ae65-a5390866b4b8,65b4d27c-a35b-4805-84e9-89b09fead53a,850672f1-de5a-414d-b195-d8d2946636c7,infra.huilerie,194,5b446acd-31a4-4609-8106-b5bc0f88bbd1,0.43139309219269095,0.7400,POSSIBLE_MATCH,GIE Jnane Ouazzane,GIE Jnane Ouazzane,,Bni Qoulla,HUILERIE,infra.huilerie_inventaire_pollution,MANUAL_REVIEW,2,PENDING,distance=0.43m; nom=1.00; commune=0.00; priorite=4
e60088e9-cf94-4e41-ae65-a5390866b4b8,518d17c4-c8ab-40ad-acea-753fc66c0c77,1103bdfa-13de-40ac-be66-16fb334a9535,infra.huilerie,121,b4fb5777-81cd-4af7-aebe-998f3c7cfacf,0.4317406628772103,0.7400,POSSIBLE_MATCH,COOPERATIVE HUILERIE BIR DJAJ,COOPERATIVE HUILERIE BIR DJAJ,,LAAJAJRA,HUILERIE,infra.huilerie_inventaire_pollution,MANUAL_REVIEW,2,PENDING,distance=0.43m; nom=1.00; commune=0.00; priorite=4
e60088e9-cf94-4e41-ae65-a5390866b4b8,d92aa0e5-226f-4725-a411-371a7bad22fb,47c07e60-dd4c-484c-9120-cf48a8b0ee6a,infra.huilerie,202,5063f2b0-2c77-417e-96c4-813b4ed6edfc,0.43266615303888906,0.7400,POSSIBLE_MATCH,Huillerie Beni Kaoulech,Huillerie Beni Kaoulech,,Kalaat Bouqorra,HUILERIE,infra.huilerie_inventaire_pollution,MANUAL_REVIEW,2,PENDING,distance=0.43m; nom=1.00; commune=0.00; priorite=4
e60088e9-cf94-4e41-ae65-a5390866b4b8,06658f15-9d71-464d-bed3-90fd94a743d8,ffe18545-dc24-48f6-a7b4-4ca2014cc825,infra.huilerie,217,e1c9c773-efed-46f9-be40-b3b96d284713,0.44283179651068955,0.7400,POSSIBLE_MATCH,Huillerie Lhaj Azouz,Huillerie Lhaj Azouz,,Zoumi,HUILERIE,infra.huilerie_inventaire_pollution,MANUAL_REVIEW,2,PENDING,distance=0.44m; nom=1.00; commune=0.00; priorite=4
e60088e9-cf94-4e41-ae65-a5390866b4b8,cc67a894-282f-41af-9097-b3a50e801804,1cc8f772-a3c4-4da4-8afb-eb47a0ac5071,infra.huilerie,210,efd38c21-4d78-4771-a63b-0854015b6503,0.4429446918292367,0.7400,POSSIBLE_MATCH,Sidi Bousber,Sidi Bousber,,Sidi Bousber,HUILERIE,infra.huilerie_inventaire_pollution,MANUAL_REVIEW,2,PENDING,distance=0.44m; nom=1.00; commune=0.00; priorite=4
e60088e9-cf94-4e41-ae65-a5390866b4b8,abe82718-51a1-4037-9bca-29d7c83b1f30,5f97c9af-11b5-49a8-a799-302eb6231dac,infra.huilerie,64,6dfc9a71-4a64-438c-8dea-25c0bb4b9271,0.4438468204132137,0.7400,POSSIBLE_MATCH,Les huileries de Saiss,Les huileries de Saiss,,LAQSIR,HUILERIE,infra.huilerie_inventaire_pollution,MANUAL_REVIEW,2,PENDING,distance=0.44m; nom=1.00; commune=0.00; priorite=4
e60088e9-cf94-4e41-ae65-a5390866b4b8,476f77a8-be3e-49d9-b291-5fbff4a9f2d5,4dc062dd-a94d-44e1-8d95-135903d14fbe,infra.huilerie,541,fafa5783-8785-4a3d-8372-f19cdc72a4d1,0.4494441010605367,0.7400,POSSIBLE_MATCH,H.VOLUBILIS S.A.R.L,H.VOLUBILIS S.A.R.L,,MGHASSIYINE,HUILERIE,infra.huilerie_inventaire_pollution,MANUAL_REVIEW,2,PENDING,distance=0.45m; nom=1.00; commune=0.00; priorite=4
e60088e9-cf94-4e41-ae65-a5390866b4b8,4135a285-aa1f-4fc3-a684-276f17c4b687,994feaf2-b9ad-49df-87a8-3fb57f1990ea,infra.huilerie,197,e1cbf4f2-84f9-470b-a191-5a0c2a01c7e3,0.45607017004067624,0.7400,POSSIBLE_MATCH,Zeit Jbala,Zeit Jbala,,Bni Qoulla,HUILERIE,infra.huilerie_inventaire_pollution,MANUAL_REVIEW,2,PENDING,distance=0.46m; nom=1.00; commune=0.00; priorite=4
e60088e9-cf94-4e41-ae65-a5390866b4b8,32bedec0-6f26-4ac9-b900-27afc322759d,074cb5af-a02e-4629-a8a3-da9d4c1938cf,infra.huilerie,226,a2fca49b-069d-4475-9c8d-e0df04402607,0.456179789100367,0.7400,POSSIBLE_MATCH,Elaasmi,Elaasmi,,Masmouda,HUILERIE,infra.huilerie_inventaire_pollution,MANUAL_REVIEW,2,PENDING,distance=0.46m; nom=1.00; commune=0.00; priorite=4
e60088e9-cf94-4e41-ae65-a5390866b4b8,6376b812-91dd-4730-8c73-dc14ef3b7f99,28b78a1c-f7d6-4bdc-a480-f6bcf0aa4c62,infra.huilerie,432,95e27c80-297e-4e0c-8079-66b9d3f3c7a7,0.45650848842746944,0.7400,POSSIBLE_MATCH,Non-connue 4,Non-connue 4,,RIBAT EL KHEIR,HUILERIE,infra.huilerie_inventaire_pollution,MANUAL_REVIEW,2,PENDING,distance=0.46m; nom=1.00; commune=0.00; priorite=4
e60088e9-cf94-4e41-ae65-a5390866b4b8,7cafd824-325c-48cb-a27d-f324edd82d64,8a3a92fe-dbab-402d-b336-257cf05f4010,infra.huilerie,37,1cdb97c4-2e83-44ee-af52-05eb07008047,0.45880278986270057,0.7400,POSSIBLE_MATCH,H.BRAHIM ZNIBAR,H.BRAHIM ZNIBAR,,AIT NAAMANE,HUILERIE,infra.huilerie_inventaire_pollution,MANUAL_REVIEW,2,PENDING,distance=0.46m; nom=1.00; commune=0.00; priorite=4
e60088e9-cf94-4e41-ae65-a5390866b4b8,7e5c8b6b-ec7c-4a29-a5fe-7d30f670e7c2,2863e30c-d08d-480c-a133-b396e39ecbc3,infra.huilerie,112,ff9f454a-c0be-442d-b8db-22c5da5b642c,0.4606517122898057,0.7400,POSSIBLE_MATCH,H.AIN SANIA,H.AIN SANIA,,AIN BOUALI,HUILERIE,infra.huilerie_inventaire_pollution,MANUAL_REVIEW,2,PENDING,distance=0.46m; nom=1.00; commune=0.00; priorite=4
e60088e9-cf94-4e41-ae65-a5390866b4b8,7774aaf4-9615-4624-bf19-171c43d1b441,5769eb43-fbd7-4b41-9991-a913c1090e6e,infra.huilerie,209,a377460c-b728-48d8-b067-b893fd8ebc85,0.46400431033795403,0.7400,POSSIBLE_MATCH,Ste Hawd,Ste Hawd,,Sidi Bousber,HUILERIE,infra.huilerie_inventaire_pollution,MANUAL_REVIEW,2,PENDING,distance=0.46m; nom=1.00; commune=0.00; priorite=4
e60088e9-cf94-4e41-ae65-a5390866b4b8,9696b461-4693-4e3a-9895-aecc7ef095f5,f1aa77a1-c094-45bf-8cb7-1fba58912fe8,infra.huilerie,592,3227e0cc-9633-442c-a682-9aa1e6b09e8c,0.4661265922800037,0.7400,POSSIBLE_MATCH,Zemouri huilerie,Zemouri huilerie,,M'HAYA,HUILERIE,infra.huilerie_inventaire_pollution,MANUAL_REVIEW,2,PENDING,distance=0.47m; nom=1.00; commune=0.00; priorite=4
e60088e9-cf94-4e41-ae65-a5390866b4b8,80acb33a-57b4-486c-9ef5-f31d4a24b028,1c9d3d62-3767-4549-abb4-1a9dfcc83cd6,infra.huilerie,536,71370851-16ec-4862-b6fa-27cf12ebf194,0.4695742752697496,0.7400,POSSIBLE_MATCH,H.lalla joumana,H.lalla joumana,,oued jdida,HUILERIE,infra.huilerie_inventaire_pollution,MANUAL_REVIEW,2,PENDING,distance=0.47m; nom=1.00; commune=0.00; priorite=4
e60088e9-cf94-4e41-ae65-a5390866b4b8,71e7b46f-2ffb-4ed2-969a-8a0446822baf,a7bf83cf-bf2e-47cf-8032-4382a0cadb8f,infra.huilerie,220,0724cbcf-c126-4091-a17e-03aca72364f5,0.4770744176996597,0.7400,POSSIBLE_MATCH,Huillerie Zoyoute Janat,Huillerie Zoyoute Janat,,Zoumi,HUILERIE,infra.huilerie_inventaire_pollution,MANUAL_REVIEW,2,PENDING,distance=0.48m; nom=1.00; commune=0.00; priorite=4
e60088e9-cf94-4e41-ae65-a5390866b4b8,502c06b1-a536-4ada-84bd-486ef3db8e80,7ce117ea-ff87-4236-a2fe-ca434ae9076e,infra.huilerie,229,1198a38f-e288-47ed-8ad3-786f65467676,0.4770744176996597,0.7400,POSSIBLE_MATCH,Erradouania,Erradouania,,Sidi Redouane,HUILERIE,infra.huilerie_inventaire_pollution,MANUAL_REVIEW,2,PENDING,distance=0.48m; nom=1.00; commune=0.00; priorite=4
e60088e9-cf94-4e41-ae65-a5390866b4b8,7fa69395-088c-4b97-b4c9-1695a5159d26,ebec7219-9431-422f-ac93-a5a59f558ace,infra.huilerie,231,5215cb91-8545-4006-be93-92d830a7625a,0.48083261123096666,0.7400,POSSIBLE_MATCH,Huillerie Boudroua,Huillerie Boudroua,,Masmouda,HUILERIE,infra.huilerie_inventaire_pollution,MANUAL_REVIEW,2,PENDING,distance=0.48m; nom=1.00; commune=0.00; priorite=4
e60088e9-cf94-4e41-ae65-a5390866b4b8,29569931-5196-4573-8ab6-2832158fe9aa,29035f39-e7d6-48db-9efe-0df5bf55389d,infra.huilerie,214,7a7caa89-c98d-4acb-b6c5-462ef66a0895,0.48093658623959457,0.7400,POSSIBLE_MATCH,AJAMS,AJAMS,,Sidi Redouane,HUILERIE,infra.huilerie_inventaire_pollution,MANUAL_REVIEW,2,PENDING,distance=0.48m; nom=1.00; commune=0.00; priorite=4
e60088e9-cf94-4e41-ae65-a5390866b4b8,bb63abd4-43e3-45d6-83b2-88a8c0156ef2,f10c513c-1499-4837-ae13-1e20b018ec3f,infra.huilerie,35,9670b40b-2291-463b-a96b-e71f352d2fd0,0.4816637831313895,0.7400,POSSIBLE_MATCH,H.NACHATE,H.NACHATE,,LAQSIR,HUILERIE,infra.huilerie_inventaire_pollution,MANUAL_REVIEW,2,PENDING,distance=0.48m; nom=1.00; commune=0.00; priorite=4
e60088e9-cf94-4e41-ae65-a5390866b4b8,1bc8251a-3819-4203-abf1-59360f1730fe,61eb36f6-5bf9-4d66-8e34-8b5851e6ca03,infra.huilerie,58,e93aae6f-f7cf-4980-b997-026fc9b0b3de,0.4846648326503201,0.7400,POSSIBLE_MATCH,SOCIETE HSBC,SOCIETE HSBC,,AIN TAOUJDATE,HUILERIE,infra.huilerie_inventaire_pollution,MANUAL_REVIEW,2,PENDING,distance=0.48m; nom=1.00; commune=0.00; priorite=4
e60088e9-cf94-4e41-ae65-a5390866b4b8,3348823c-1460-4859-87aa-a8e6e369d9d0,2bfab319-f2fc-4d90-aa4e-535e1dbd1b65,infra.huilerie,604,73a8443c-2e8e-481e-8d0d-d20f70261f70,0.48485564862748487,0.7400,POSSIBLE_MATCH,Fakir Bouchta,Fakir Bouchta,,M'HAYA,HUILERIE,infra.huilerie_inventaire_pollution,MANUAL_REVIEW,2,PENDING,distance=0.48m; nom=1.00; commune=0.00; priorite=4
e60088e9-cf94-4e41-ae65-a5390866b4b8,71180663-fe40-44bc-bf12-2a8082d878db,eca0f63f-8dbe-4a57-ac13-153223895095,infra.huilerie,218,62b7db1c-0a09-4f3c-b51d-6eeabe385a88,0.4916299421202869,0.7400,POSSIBLE_MATCH,Elchatbyenne,Elchatbyenne,,Zoumi,HUILERIE,infra.huilerie_inventaire_pollution,MANUAL_REVIEW,2,PENDING,distance=0.49m; nom=1.00; commune=0.00; priorite=4
e60088e9-cf94-4e41-ae65-a5390866b4b8,3baa8050-6cfa-4e70-9019-7fa0113fa880,5b458940-fbb0-4aee-a505-e8fd5b12cc1f,infra.huilerie,25,8a7aa555-8128-4a64-b281-defa41b6a10d,0.5015974481832369,0.7400,POSSIBLE_MATCH,H.ZAYTOUNA,H.ZAYTOUNA,,AIT OUIKHLFEN,HUILERIE,infra.huilerie_inventaire_pollution,MANUAL_REVIEW,2,PENDING,distance=0.50m; nom=1.00; commune=0.00; priorite=4
e60088e9-cf94-4e41-ae65-a5390866b4b8,ad228d6f-fce6-4b8d-b352-27ec03ada328,2eebee5a-991a-40c8-82e1-ebb20a20ad06,infra.huilerie,608,3a25f7af-3664-4a19-bcc9-32325dca413d,0.5026658930418991,0.7400,POSSIBLE_MATCH,Omari Thami,Omari Thami,,MGHASSIYINE,HUILERIE,infra.huilerie_inventaire_pollution,MANUAL_REVIEW,2,PENDING,distance=0.50m; nom=1.00; commune=0.00; priorite=4
e60088e9-cf94-4e41-ae65-a5390866b4b8,6a76a6c1-3214-4352-ad81-c3f5f29205ef,6826ba7c-5bc5-4ee5-8ffc-b38c56b90b9f,infra.huilerie,33,7e05d762-77f8-40e8-9b7c-2ca56fda5840,0.5028916384163725,0.7400,POSSIBLE_MATCH,H.AFRIQUIA,H.AFRIQUIA,,LAQSIR,HUILERIE,infra.huilerie_inventaire_pollution,MANUAL_REVIEW,2,PENDING,distance=0.50m; nom=1.00; commune=0.00; priorite=4
e60088e9-cf94-4e41-ae65-a5390866b4b8,d3c7a6d3-e830-41e8-9dda-cd3c014ff1ac,b2febd96-d4aa-492f-860e-653eedcf5f2d,infra.huilerie,547,920698c1-3a10-493e-8830-3872f68e588d,0.5197114584221905,0.7400,POSSIBLE_MATCH,H.EL BARAKA,H.EL BARAKA,,OUALIL,HUILERIE,infra.huilerie_inventaire_pollution,MANUAL_REVIEW,2,PENDING,distance=0.52m; nom=1.00; commune=0.00; priorite=4
e60088e9-cf94-4e41-ae65-a5390866b4b8,5dbb99d7-c420-439c-a1b0-b148cda9c02c,973c8e6e-c349-4bf5-a11b-78cc788b33ef,infra.huilerie,203,bfd6ff02-d6ce-47a8-a25f-157f54c65336,0.5283937925677413,0.7400,POSSIBLE_MATCH,Huillerie Edahbia,Huillerie Edahbia,,Kalaat Bouqorra,HUILERIE,infra.huilerie_inventaire_pollution,MANUAL_REVIEW,2,PENDING,distance=0.53m; nom=1.00; commune=0.00; priorite=4
e60088e9-cf94-4e41-ae65-a5390866b4b8,5b0e6c1b-2f94-4acd-b884-8a2368f4602a,8611029a-a4bd-4afa-9907-979652e70124,infra.huilerie,34,1ee204a6-d553-43fe-9bbe-9ad1bf6de7d7,0.5500909015707068,0.7400,POSSIBLE_MATCH,Huilerie Délices de Saiss,Huilerie Délices de Saiss,,LAQSIR,HUILERIE,infra.huilerie_inventaire_pollution,MANUAL_REVIEW,2,PENDING,distance=0.55m; nom=1.00; commune=0.00; priorite=4
e60088e9-cf94-4e41-ae65-a5390866b4b8,bb841654-94f8-438f-8853-63075708b049,ad8d1ece-0938-4f08-8c7a-4ff572a47878,infra.huilerie,140,2e1c7830-d70d-4491-8b9a-603772af536f,0.5693856338007829,0.7400,POSSIBLE_MATCH,"H,EL MASIRA","H,EL MASIRA",,AIN CHQAF,HUILERIE,infra.huilerie_inventaire_pollution,MANUAL_REVIEW,2,PENDING,distance=0.57m; nom=1.00; commune=0.00; priorite=4
e60088e9-cf94-4e41-ae65-a5390866b4b8,892adfe6-1b21-4690-a0f4-f129fdd24baf,f7350b40-7d02-4e56-b629-2a042ddb3325,infra.huilerie,120,1ec3a544-7331-4551-b576-c267e4fe81f8,0.580086200483301,0.7400,POSSIBLE_MATCH,H.EL OUATYA,H.EL OUATYA,,LAAJAJRA,HUILERIE,infra.huilerie_inventaire_pollution,MANUAL_REVIEW,2,PENDING,distance=0.58m; nom=1.00; commune=0.00; priorite=4
e60088e9-cf94-4e41-ae65-a5390866b4b8,94f21dac-2a1c-4806-90d3-d378e1a40314,7bbc167d-f81a-43d3-82bb-cdc74d4e6a4e,infra.huilerie,542,1194c91e-b63a-4eb8-8eeb-899f73e3b724,0.5907622195110566,0.7400,POSSIBLE_MATCH,H.JBEL ZARHOUN,H.JBEL ZARHOUN,,MGHASSIYINE,HUILERIE,infra.huilerie_inventaire_pollution,MANUAL_REVIEW,2,PENDING,distance=0.59m; nom=1.00; commune=0.00; priorite=4
e60088e9-cf94-4e41-ae65-a5390866b4b8,6da07a69-604f-4ab2-9441-5334dcdf7736,37565826-f10e-4fcc-a503-b1339455e6dd,infra.huilerie,602,ac6176c6-6cf1-4264-97bc-436dda75cc16,0.5941346648679552,0.7400,POSSIBLE_MATCH,Bakir Mustafa,Bakir Mustafa,,M'HAYA,HUILERIE,infra.huilerie_inventaire_pollution,MANUAL_REVIEW,2,PENDING,distance=0.59m; nom=1.00; commune=0.00; priorite=4
e60088e9-cf94-4e41-ae65-a5390866b4b8,c97e58a4-0b87-4599-bf92-f9509739286b,36c89bf6-a8bd-494f-8528-d38cef6dd627,infra.huilerie,581,2243dcd3-cc81-4541-b65d-36e5ac9d8f9a,0.66319303372309,0.7400,POSSIBLE_MATCH,H.el ouaste Mohammed,H.el ouaste Mohammed,,Moulay Driss Zerhoun,HUILERIE,infra.huilerie_inventaire_pollution,MANUAL_REVIEW,2,PENDING,distance=0.66m; nom=1.00; commune=0.00; priorite=4
e60088e9-cf94-4e41-ae65-a5390866b4b8,2bd81a36-9b1e-4b51-b256-03948c507657,efe751c6-c0e1-4bc4-9fab-ba54688d95b8,infra.huilerie,29,41128b7c-4675-403d-8750-289dc0c24159,0.6652818951402107,0.7400,POSSIBLE_MATCH,MAASARA AIT KRAT (Ait Aziz),MAASARA AIT KRAT (Ait Aziz),,SEBT JAHJOUH,HUILERIE,infra.huilerie_inventaire_pollution,MANUAL_REVIEW,2,PENDING,distance=0.67m; nom=1.00; commune=0.00; priorite=4
e60088e9-cf94-4e41-ae65-a5390866b4b8,11e83436-bac0-4840-ae3c-951fd12c6cde,b0347fa8-9916-4ea1-9c6f-f80de8cfd88b,infra.huilerie,222,3553520c-f5c0-4b11-b7bb-b64909203643,0.6788225099127438,0.7400,POSSIBLE_MATCH,Al Mahmoudi,Al Mahmoudi,,Bni Qoulla,HUILERIE,infra.huilerie_inventaire_pollution,MANUAL_REVIEW,2,PENDING,distance=0.68m; nom=1.00; commune=0.00; priorite=4
e60088e9-cf94-4e41-ae65-a5390866b4b8,5c7ace41-916c-429a-b805-e4b3650ef8b2,77df03b8-280e-4cfe-b238-7366f63a9c8c,infra.huilerie,534,ac6176c6-6cf1-4264-97bc-436dda75cc16,10.18949439372149,0.4492,TO_VALIDATE,H.mostapha bakir,Bakir Mustafa,,M'HAYA,HUILERIE,infra.huilerie_inventaire_pollution,MANUAL_REVIEW_REQUIRED,4,PENDING,distance=10.19m; nom=0.33; commune=0.00; priorite=4
