run_id,review_id,candidate_id,source_layer,source_id,master_site_id,distance_m,score,conflict_type,source_name,master_site_name,commune_source,commune_master,source_type_source,source_type_master,recommended_decision,review_priority,review_status,reason
e60088e9-cf94-4e41-ae65-a5390866b4b8,9663d4fa-792d-4f89-9c14-ea02a89bab32,a35b7bc8-1e53-46c5-a09a-787aaf2491aa,infra.decharge_inventaire_pollution_general,6cbb4ab6-7372-4831-9f94-8770cf793e19,fe0b0c55-772b-4667-80e6-e67b5c4bd4c9,0.0,0.9250,DUPLICATE_EXACT,El Batma,El Batma,Ouazzane,Ouazzane,DECHARGE,infra.decharge_inventaire_pollution_general,MANUAL_REVIEW_REQUIRED,1,PENDING,distance=0.00m; nom=1.00; commune=1.00; priorite=5
e60088e9-cf94-4e41-ae65-a5390866b4b8,017299d8-17d4-40d2-888d-71af8860816a,00993119-75c0-45f3-8ce0-88f383b23fd2,infra.decharge_inventaire_pollution_general,c06c3fb6-c4be-43d9-8fc1-15914c9663a5,ec71d9fa-0888-4dbb-a32b-e95db08c2205,0.0,0.9250,DUPLICATE_EXACT,Sahel Belfal,Sahel Belfal,Azghar,Azghar,DECHARGE,infra.decharge_inventaire_pollution_general,MANUAL_REVIEW_REQUIRED,1,PENDING,distance=0.00m; nom=1.00; commune=1.00; priorite=5
e60088e9-cf94-4e41-ae65-a5390866b4b8,a1fb9936-6827-4de0-bcee-5cf51c378495,cba63aae-4042-4f26-bedc-630cbfa85597,infra.decharge_inventaire_pollution_general,7e019c46-aa70-4326-9202-eb71270b28ad,cc941929-a34f-49a5-bea8-72543ef4deb7,0.0,0.9250,DUPLICATE_EXACT,Dar bel amri,Dar bel amri,Dar bel amri,Dar bel amri,DECHARGE,infra.decharge_inventaire_pollution_general,MANUAL_REVIEW_REQUIRED,1,PENDING,distance=0.00m; nom=1.00; commune=1.00; priorite=5
e60088e9-cf94-4e41-ae65-a5390866b4b8,7ec89995-7c44-4c1d-af49-950baaede5cd,63611283-52be-47dc-a8d6-d008154eec58,infra.decharge_inventaire_pollution_general,90a229ae-dff2-478b-a17b-586e38c0f96e,e1e55eb3-7b2c-40f9-9a91-3dad806cdda0,0.0,0.9250,DUPLICATE_EXACT,Décharge Souk,Décharge Souk,Sidi Bousber,Sidi Bousber,DECHARGE,infra.decharge_inventaire_pollution_general,MANUAL_REVIEW_REQUIRED,1,PENDING,distance=0.00m; nom=1.00; commune=1.00; priorite=5
e60088e9-cf94-4e41-ae65-a5390866b4b8,74c94d8e-0267-4d3a-a13b-9038279b1415,9bb2eae6-779c-4fb0-b5dc-2e1d980daa7a,infra.decharge_inventaire_pollution_general,779ce1bd-1a64-4786-8647-fab551310845,428c19f1-d40b-41af-a507-dbd97864ad5e,0.0,0.9250,DUPLICATE_EXACT,Depots a cote du souk,Depots a cote du souk,Sefsaf,Sefsaf,DECHARGE,infra.decharge_inventaire_pollution_general,MANUAL_REVIEW_REQUIRED,1,PENDING,distance=0.00m; nom=1.00; commune=1.00; priorite=5
e60088e9-cf94-4e41-ae65-a5390866b4b8,67519bb3-e86d-494e-aaa9-0742651e2592,a95b73da-5d60-4fcf-ab77-fc219ee5c7c0,infra.mine_inventaire_pollution,61b8cf9c-1a0f-45c7-928a-b8a7d4f0bb34,7e2e1520-678e-4278-9b0b-8d69982caca4,0.0,0.9250,DUPLICATE_EXACT,Ste ZMFC,Ste ZMFC,Guigou,Guigou,MINE,infra.mine_inventaire_pollution,MANUAL_REVIEW_REQUIRED,1,PENDING,distance=0.00m; nom=1.00; commune=1.00; priorite=5
e60088e9-cf94-4e41-ae65-a5390866b4b8,0325d814-540b-43df-a23f-b363849b7ec7,63e34e97-65ca-468f-92c6-dc78ec72e9d8,infra.mine_inventaire_pollution,96fca539-b2de-4860-abbd-7abb27804f1f,a7f8caa9-e0e8-4e45-840d-e743286507dd,0.0,0.9250,DUPLICATE_EXACT,STE OMYA,STE OMYA,Serghina,Serghina,MINE,infra.mine_inventaire_pollution,MANUAL_REVIEW_REQUIRED,1,PENDING,distance=0.00m; nom=1.00; commune=1.00; priorite=5
e60088e9-cf94-4e41-ae65-a5390866b4b8,3a7fbd03-51ad-4b73-96f2-7f18cd790482,5a089c43-bb84-42b3-afcc-c00142bb384a,infra.mine_inventaire_pollution,906b29f0-a8cf-4ad0-a335-a63a4575403f,0503063f-6bf7-49fa-9d1e-fcd2e3dfa7bc,0.0,0.9250,DUPLICATE_EXACT,Ste Atlas Calcite,Ste Atlas Calcite,Serghina,Serghina,MINE,infra.mine_inventaire_pollution,MANUAL_REVIEW_REQUIRED,1,PENDING,distance=0.00m; nom=1.00; commune=1.00; priorite=5
e60088e9-cf94-4e41-ae65-a5390866b4b8,06b00401-8ae5-4284-b59c-19132f8f2ba8,03832871-1b3e-45a2-9686-c5d42ca06a86,infra.mine_inventaire_pollution,b43fd063-34c7-4f88-a3d4-744e862dd962,c929624a-db01-4a89-9ff5-35292a6b093d,0.0,0.9250,DUPLICATE_EXACT,Ste Minière Elkheir,Ste Minière Elkheir,Serghina,Serghina,MINE,infra.mine_inventaire_pollution,MANUAL_REVIEW_REQUIRED,1,PENDING,distance=0.00m; nom=1.00; commune=1.00; priorite=5
e60088e9-cf94-4e41-ae65-a5390866b4b8,2ffc3da9-ea5d-4762-a2e3-35ed23fa6d34,6260a78d-b533-4393-9a70-331711370c7b,infra.mine_inventaire_pollution,87c8e0d3-7cef-468c-af4a-e764c99ea7d9,45409a2b-ea0c-4407-b7ec-abc05a299220,0.0,0.9250,DUPLICATE_EXACT,Sté SALINE LUX,Sté SALINE LUX,Sidi Boubker El Haj,Sidi Boubker El Haj,MINE,infra.mine_inventaire_pollution,MANUAL_REVIEW_REQUIRED,1,PENDING,distance=0.00m; nom=1.00; commune=1.00; priorite=5
e60088e9-cf94-4e41-ae65-a5390866b4b8,8773e146-415d-4e4d-b6bc-7f1ec1d84502,36cb57a2-dc6d-4b0f-bd6b-698f447b38c4,infra.decharge_inventaire_pollution_general,44ab0fb3-9dcc-4935-809b-3a742d374f20,66420067-3d6f-47c0-b185-5fc80e4868ab,0.0,0.9250,DUPLICATE_EXACT,Chbanate,Chbanate,Chbanate,Chbanate,DECHARGE,infra.decharge_inventaire_pollution_general,MANUAL_REVIEW_REQUIRED,1,PENDING,distance=0.00m; nom=1.00; commune=1.00; priorite=5
e60088e9-cf94-4e41-ae65-a5390866b4b8,a99af14b-f503-4c40-9904-69969d004c8e,f2813485-2b97-4250-950f-50b187525882,infra.decharge_inventaire_pollution_general,10e773af-82e6-4f80-941d-6d5d193f857b,b24133d5-464d-4e82-bd9c-f91fe4b32da8,0.0,0.9250,DUPLICATE_EXACT,Dar El Gueddari,Dar El Gueddari,Dar El Gueddari,Dar El Gueddari,DECHARGE,infra.decharge_inventaire_pollution_general,MANUAL_REVIEW_REQUIRED,1,PENDING,distance=0.00m; nom=1.00; commune=1.00; priorite=5
e60088e9-cf94-4e41-ae65-a5390866b4b8,671bb618-57d4-4824-834b-8dae261d3e7f,4bfcb6b8-f6f9-4963-87f8-da0581ccd171,infra.mine_inventaire_pollution,dc1c3d04-2adf-4572-8393-c49740499e18,904abe24-301e-42c3-98e2-feffb4bbb967,0.0,0.9250,DUPLICATE_EXACT,FAHSI SEL,FAHSI SEL,Beni Malek,Beni Malek,MINE,infra.mine_inventaire_pollution,MANUAL_REVIEW_REQUIRED,1,PENDING,distance=0.00m; nom=1.00; commune=1.00; priorite=5
e60088e9-cf94-4e41-ae65-a5390866b4b8,d248c332-8896-4361-88f7-608b9e5e4afd,5ec7f6b7-0b4c-4563-9587-39c31dd3c464,infra.decharge_inventaire_pollution_general,89a60fd4-4c9a-4612-a8ac-6cf907ca51e1,52f9f619-d007-4e71-97fd-149c1dafab21,0.0,0.9250,DUPLICATE_EXACT,Decharge publique de jorf el melha,Decharge publique de jorf el melha,Jorf el melha,Jorf el melha,DECHARGE,infra.decharge_inventaire_pollution_general,MANUAL_REVIEW_REQUIRED,1,PENDING,distance=0.00m; nom=1.00; commune=1.00; priorite=5
e60088e9-cf94-4e41-ae65-a5390866b4b8,f9818bbe-f2ee-4118-ad96-5901ac83bc98,72f8db81-c1fe-424d-a3b8-7af79407ad94,infra.decharge_inventaire_pollution_general,57a53a2c-6c6f-445c-8314-14fc74848f1f,463d2bc2-8248-430b-9121-1366875e8e20,0.0,0.9250,DUPLICATE_EXACT,Kaaouana,Kaaouana,Tigrigra,Tigrigra,DECHARGE,infra.decharge_inventaire_pollution_general,MANUAL_REVIEW_REQUIRED,1,PENDING,distance=0.00m; nom=1.00; commune=1.00; priorite=5
e60088e9-cf94-4e41-ae65-a5390866b4b8,3662c4f8-e725-4fa5-a907-0053574d8dc0,63c007a0-28d8-41b1-8bce-30a18aaf9bf3,infra.decharge_inventaire_pollution_general,d3527c72-216e-4f33-ad9d-1ca322fd9e6d,67c71534-0bda-43c4-95b7-36d411961a61,0.0,0.9250,DUPLICATE_EXACT,Douar Ait Bouhcine,Douar Ait Bouhcine,Ain Taoujdate,Ain Taoujdate,DECHARGE,infra.decharge_inventaire_pollution_general,MANUAL_REVIEW_REQUIRED,1,PENDING,distance=0.00m; nom=1.00; commune=1.00; priorite=5
e60088e9-cf94-4e41-ae65-a5390866b4b8,36fc104c-fd26-444c-bcb5-e8ffd8e5b480,82676191-69df-4183-bbdf-f365136d64bd,infra.decharge_inventaire_pollution_general,1e540270-1faf-40ef-81e5-2d668056b419,7c6c53bb-c205-40e6-a6d8-34ad27bb287d,0.0,0.9250,DUPLICATE_EXACT,EDDIR ELOUAAR,EDDIR ELOUAAR,Bhalil,Bhalil,DECHARGE,infra.decharge_inventaire_pollution_general,MANUAL_REVIEW_REQUIRED,1,PENDING,distance=0.00m; nom=1.00; commune=1.00; priorite=5
e60088e9-cf94-4e41-ae65-a5390866b4b8,8efe67ad-9c1a-4aa8-956b-a9642db511b5,e580d44d-f1b8-4e06-9cf7-be34e81985c8,infra.decharge_inventaire_pollution_general,afc3652d-3522-454f-99d5-79428c63d8ee,ca40f38e-7954-416b-83ec-290ac233f0ad,0.0,0.9250,DUPLICATE_EXACT,CEV Meknès,CEV Meknès,Dkhissa,Dkhissa,DECHARGE,infra.decharge_inventaire_pollution_general,MANUAL_REVIEW_REQUIRED,1,PENDING,distance=0.00m; nom=1.00; commune=1.00; priorite=5
e60088e9-cf94-4e41-ae65-a5390866b4b8,1ae1845a-b60a-4591-a69b-b714d500cc88,8795b70b-6ac8-452e-8070-6a2ac809fad2,infra.decharge_inventaire_pollution_general,8a7c5e5f-9a49-406c-b1ee-6dde18a93888,b39b4779-8477-4b61-81ad-798c2bdfae54,0.0,0.9250,DUPLICATE_EXACT,Décharge Nzalat Beni Amar,Décharge Nzalat Beni Amar,Nzalat Beni Amar,Nzalat Beni Amar,DECHARGE,infra.decharge_inventaire_pollution_general,MANUAL_REVIEW_REQUIRED,1,PENDING,distance=0.00m; nom=1.00; commune=1.00; priorite=5
e60088e9-cf94-4e41-ae65-a5390866b4b8,309eba3d-fe5d-4c77-92bb-ea24e39bda5f,c74d4d5e-d08b-4a0a-8027-c5d0fa3822be,infra.decharge_inventaire_pollution_general,901254d9-0274-4a3e-9dd0-449acb96eab5,31beed27-17b2-4f88-b5a3-d255bf3619bd,0.0,0.9250,DUPLICATE_EXACT,Décharge M'haya,Décharge M'haya,M'haya,M'haya,DECHARGE,infra.decharge_inventaire_pollution_general,MANUAL_REVIEW_REQUIRED,1,PENDING,distance=0.00m; nom=1.00; commune=1.00; priorite=5
e60088e9-cf94-4e41-ae65-a5390866b4b8,fd3868e3-90da-4eb1-9aa7-675c8dbc4925,bd1ad6a6-fed2-453c-bfd6-0c39c9f6027f,infra.decharge_inventaire_pollution_general,14ab1ec5-2878-40fe-8fe6-f073d050fce5,5044e3b5-0ada-4724-99be-dc46400540be,0.0,0.9250,DUPLICATE_EXACT,IMOUZZER KANDAR,IMOUZZER KANDAR,IMOUZZER KANDAR,IMOUZZER KANDAR,DECHARGE,infra.decharge_inventaire_pollution_general,MANUAL_REVIEW_REQUIRED,1,PENDING,distance=0.00m; nom=1.00; commune=1.00; priorite=5
e60088e9-cf94-4e41-ae65-a5390866b4b8,fc686df8-b33b-49ce-83c5-fa4417c4885d,f2471506-1e5e-4e33-a9b1-c879bde21e21,infra.decharge_inventaire_pollution_general,989ea0cf-b709-4ada-8205-ba78b7e44a18,87acb4a3-b0c7-4339-88d7-ea550f17e5e8,0.0,0.9250,DUPLICATE_EXACT,Agourai,Agourai,Agourai,Agourai,DECHARGE,infra.decharge_inventaire_pollution_general,MANUAL_REVIEW_REQUIRED,1,PENDING,distance=0.00m; nom=1.00; commune=1.00; priorite=5
e60088e9-cf94-4e41-ae65-a5390866b4b8,b4f5d8dc-1f58-428b-98e4-e2324248967b,1ff92f60-23cd-4e60-ada5-2470b0d11818,infra.decharge_inventaire_pollution_general,9c35f19a-9427-4420-8174-7bfb8529404e,e0caeac9-c931-4764-8d27-f7c1daba0dbc,0.0,0.9250,DUPLICATE_EXACT,Bab dhammou,Bab dhammou,Bni darkoul,Bni darkoul,DECHARGE,infra.decharge_inventaire_pollution_general,MANUAL_REVIEW_REQUIRED,1,PENDING,distance=0.00m; nom=1.00; commune=1.00; priorite=5
e60088e9-cf94-4e41-ae65-a5390866b4b8,389aed7a-f74e-411f-b4b9-c8ed6258c429,edaf891f-b981-4b77-b898-41fc08f4ea01,infra.decharge_inventaire_pollution_general,2d1caf91-27cb-488e-8f55-c6e92d1a771b,4fa5f31c-4c0d-4f29-8df2-a8b91fcc9422,0.0,0.9250,DUPLICATE_EXACT,Bni bounsar,Bni bounsar,Bni bounsar,Bni bounsar,DECHARGE,infra.decharge_inventaire_pollution_general,MANUAL_REVIEW_REQUIRED,1,PENDING,distance=0.00m; nom=1.00; commune=1.00; priorite=5
e60088e9-cf94-4e41-ae65-a5390866b4b8,49126b4b-be5c-4168-bb96-43d238d77aba,69fccdf4-5371-4c49-990d-67101360d21b,infra.mine_inventaire_pollution,825b8897-a9ab-4769-9675-d7de7797167c,2052a482-ac28-4929-85f1-d98a137628cb,0.0,0.9250,DUPLICATE_EXACT,STE INTERSELING,STE INTERSELING,Bab Merzouka,Bab Merzouka,MINE,infra.mine_inventaire_pollution,MANUAL_REVIEW_REQUIRED,1,PENDING,distance=0.00m; nom=1.00; commune=1.00; priorite=5
e60088e9-cf94-4e41-ae65-a5390866b4b8,0f7592b1-f24d-4c71-8744-1035a0367061,5bc805ee-4a65-48a1-b2c7-136c00800377,infra.mine_inventaire_pollution,caf08dc2-3de6-4f49-b626-c7e6a3d207c0,dafc1243-91d5-4c18-b6c4-122ec2e20cba,0.0,0.9250,DUPLICATE_EXACT,STE EXPLOI SEL,STE EXPLOI SEL,Taifa,Taifa,MINE,infra.mine_inventaire_pollution,MANUAL_REVIEW_REQUIRED,1,PENDING,distance=0.00m; nom=1.00; commune=1.00; priorite=5
e60088e9-cf94-4e41-ae65-a5390866b4b8,1d2045a0-8290-42d4-b7dc-2a4799199f22,6bcc558c-b90c-464d-8032-21fbd9252d4b,infra.mine_inventaire_pollution,e1345172-b628-490c-8073-8967c3822fa2,50fe9f08-87f2-46ec-b9ed-21e47b0ef2d6,0.0,0.9250,DUPLICATE_EXACT,Ste TA GROUT,Ste TA GROUT,Talzemt,Talzemt,MINE,infra.mine_inventaire_pollution,MANUAL_REVIEW_REQUIRED,1,PENDING,distance=0.00m; nom=1.00; commune=1.00; priorite=5
e60088e9-cf94-4e41-ae65-a5390866b4b8,4ff3a108-658b-48f0-987e-e6ef4d1fb7ba,7b9319d7-0ca7-4752-8077-72bb1f609a9d,infra.mine_inventaire_pollution,4d9e493f-a5ae-4006-a352-ab2d97c26536,bf212695-f1b4-4f12-bce8-c9409a431185,0.0,0.9250,DUPLICATE_EXACT,Ste ZMFC,Ste ZMFC,Talzemt,Talzemt,MINE,infra.mine_inventaire_pollution,MANUAL_REVIEW_REQUIRED,1,PENDING,distance=0.00m; nom=1.00; commune=1.00; priorite=5
e60088e9-cf94-4e41-ae65-a5390866b4b8,804d45ca-03ae-4760-b9b9-82fb004cc345,557365c5-3e5b-4a28-bf4f-f3b80fcc197f,infra.mine_inventaire_pollution,59174f50-027d-4ae7-8940-7a7eff3a4afb,6af8728a-63c9-4c30-aac9-3b883ca460c9,0.0,0.9250,DUPLICATE_EXACT,STE HERIIERS LAFQUIH 2,STE HERIIERS LAFQUIH 2,Bni Lent,Bni Lent,MINE,infra.mine_inventaire_pollution,MANUAL_REVIEW_REQUIRED,1,PENDING,distance=0.00m; nom=1.00; commune=1.00; priorite=5
e60088e9-cf94-4e41-ae65-a5390866b4b8,67482ccc-9eb9-41ba-bcf9-fb56a9707286,1fe5c730-4f40-42ec-818f-19d14930f46e,infra.mine_inventaire_pollution,0a60f5c1-071b-41b6-9dc4-03abceb7e3ba,374ce75b-8be3-4f80-a0a1-df44a3622a94,0.0,0.9250,DUPLICATE_EXACT,ATLAMIR,ATLAMIR,Louadaine,Louadaine,MINE,infra.mine_inventaire_pollution,MANUAL_REVIEW_REQUIRED,1,PENDING,distance=0.00m; nom=1.00; commune=1.00; priorite=5
e60088e9-cf94-4e41-ae65-a5390866b4b8,dd01c120-7258-496e-b03a-3226191a4216,53661182-0ac2-4dac-b9bd-c296fb4e8439,infra.decharge_inventaire_pollution_general,ca08c0f8-2626-40f7-a06f-f454da684e46,bbde937f-87aa-41eb-a46d-96a71e4181de,0.0,0.9250,DUPLICATE_EXACT,HABBRA,HABBRA,Had kourt,Had kourt,DECHARGE,infra.decharge_inventaire_pollution_general,MANUAL_REVIEW_REQUIRED,1,PENDING,distance=0.00m; nom=1.00; commune=1.00; priorite=5
e60088e9-cf94-4e41-ae65-a5390866b4b8,024c12d6-d9f4-457e-8472-e7b082ad1380,c19b184d-810d-44d6-af54-cbd0dc54dfc4,infra.decharge_inventaire_pollution_general,9e8552e7-9ada-4849-a389-5a2d1b09f55d,ab8d6841-66ad-47a0-b4a9-50cfb2044f9a,0.0,0.9250,DUPLICATE_EXACT,Ajdir,Ajdir,Ajdir,Ajdir,DECHARGE,infra.decharge_inventaire_pollution_general,MANUAL_REVIEW_REQUIRED,1,PENDING,distance=0.00m; nom=1.00; commune=1.00; priorite=5
e60088e9-cf94-4e41-ae65-a5390866b4b8,75b88c9d-9c54-456c-ad3e-d7ad819bedbf,078ed74f-74ac-4c30-9b61-2fe44f847dd3,infra.decharge_inventaire_pollution_general,b9d96fad-0460-4b9d-b74b-41b37cfa1dbc,7b9c9deb-dfcf-4dd9-abb9-aa6f79d2cd83,0.0,0.9250,DUPLICATE_EXACT,Pas de nom,Pas de nom,Bourd,Bourd,DECHARGE,infra.decharge_inventaire_pollution_general,MANUAL_REVIEW_REQUIRED,1,PENDING,distance=0.00m; nom=1.00; commune=1.00; priorite=5
e60088e9-cf94-4e41-ae65-a5390866b4b8,8663d596-788b-44f7-bfac-9fed44074ff7,97f8e300-43a1-499e-8416-ec7d8f0073a2,infra.decharge_inventaire_pollution_general,0702e02e-7637-41d8-9a95-a0d6ab9a8357,71277417-1a85-486c-a3e0-e1382990ce7e,0.0,0.9250,DUPLICATE_EXACT,Bni ftah,Bni ftah,Bni ftah,Bni ftah,DECHARGE,infra.decharge_inventaire_pollution_general,MANUAL_REVIEW_REQUIRED,1,PENDING,distance=0.00m; nom=1.00; commune=1.00; priorite=5
e60088e9-cf94-4e41-ae65-a5390866b4b8,e5379313-34d4-4d69-804d-7184d670d69b,d8d451eb-9d78-4ec5-a335-7b569841abf4,infra.decharge_inventaire_pollution_general,685c3e88-a44e-4949-b07d-83c5234bf13e,f671bf6e-f6ba-4c85-a6de-ed08a28edfdd,0.0,0.9250,DUPLICATE_EXACT,MSILA,MSILA,MSILA,MSILA,DECHARGE,infra.decharge_inventaire_pollution_general,MANUAL_REVIEW_REQUIRED,1,PENDING,distance=0.00m; nom=1.00; commune=1.00; priorite=5
e60088e9-cf94-4e41-ae65-a5390866b4b8,80711eb0-2685-4f5e-b91b-d599dd517934,12a4e1d7-8780-401b-b4cc-3c8c726c6f1e,infra.decharge_inventaire_pollution_general,d2b4d450-a9e2-4b79-a5df-0e4a0aed2119,8a9aa444-2a49-4f79-9830-16f9682aa200,0.0,0.9250,DUPLICATE_EXACT,DOUYEZ,DOUYEZ,Ait saghrouchen,Ait saghrouchen,DECHARGE,infra.decharge_inventaire_pollution_general,MANUAL_REVIEW_REQUIRED,1,PENDING,distance=0.00m; nom=1.00; commune=1.00; priorite=5
e60088e9-cf94-4e41-ae65-a5390866b4b8,e700ad75-892f-45da-9c7e-1146ead8a7f8,d5619b96-b3c6-45ad-831c-4a3ee0c448df,infra.mine_inventaire_pollution,65ff8a8e-432a-4f46-af3f-45c64c13da86,0526c8b7-1da2-4e96-b606-ea3f849a6ae2,0.0,0.9250,DUPLICATE_EXACT,STE RIHAM IKHWANE,STE RIHAM IKHWANE,Mikkes,Mikkes,MINE,infra.mine_inventaire_pollution,MANUAL_REVIEW_REQUIRED,1,PENDING,distance=0.00m; nom=1.00; commune=1.00; priorite=5
e60088e9-cf94-4e41-ae65-a5390866b4b8,cc1dd142-4cd2-4f2a-ba56-c4ec5616a8ed,03122882-33f0-4108-b429-f78e12fd8cee,infra.mine_inventaire_pollution,b940fdd2-7276-4f7b-832f-f75680e0f5ba,0d14cb69-bd63-4250-a713-81a95239c592,0.0,0.9250,DUPLICATE_EXACT,société OUZAID MINE,société OUZAID MINE,Tamchachate,Tamchachate,MINE,infra.mine_inventaire_pollution,MANUAL_REVIEW_REQUIRED,1,PENDING,distance=0.00m; nom=1.00; commune=1.00; priorite=5
e60088e9-cf94-4e41-ae65-a5390866b4b8,7ba71ee4-fc23-4cdb-92c8-50e64f5559e5,a2d2ecb5-6dbc-4bfa-ba19-a95264138aed,infra.mine_inventaire_pollution,ae620724-f414-4458-b849-a2fae046e5e3,9bdd4dd1-962d-4375-a9a4-4b6f243d6f04,0.0,0.9250,DUPLICATE_EXACT,ONHYM,ONHYM,Mrhassiyine,Mrhassiyine,MINE,infra.mine_inventaire_pollution,MANUAL_REVIEW_REQUIRED,1,PENDING,distance=0.00m; nom=1.00; commune=1.00; priorite=5
e60088e9-cf94-4e41-ae65-a5390866b4b8,357d3347-2dc5-42ee-9468-3ad3ff788537,89862068-5f5d-43b0-8c96-6adfea05c2a0,infra.decharge_inventaire_pollution_general,c0f5e976-4ed3-4593-892b-b4ed45928a96,c632a2d3-af7a-4aa6-b0d1-7cdef7b52751,0.0,0.9250,DUPLICATE_EXACT,Decharge khemisset,Decharge khemisset,Ait ouribel,Ait ouribel,DECHARGE,infra.decharge_inventaire_pollution_general,MANUAL_REVIEW_REQUIRED,1,PENDING,distance=0.00m; nom=1.00; commune=1.00; priorite=5
e60088e9-cf94-4e41-ae65-a5390866b4b8,05c628ac-6e9f-495f-bd2f-d6405139b5cd,80ef1d09-7c55-4bc1-92a8-177e0e76b2da,infra.mine_inventaire_pollution,12ac56ea-7252-48aa-a422-fbf68f31d647,6e598f87-c726-4220-b656-8dd2cb1f3859,0.0,0.9250,DUPLICATE_EXACT,STE MINIERE BOUHRAMAT,STE MINIERE BOUHRAMAT,Sebaa Rouadi,Sebaa Rouadi,MINE,infra.mine_inventaire_pollution,MANUAL_REVIEW_REQUIRED,1,PENDING,distance=0.00m; nom=1.00; commune=1.00; priorite=5
e60088e9-cf94-4e41-ae65-a5390866b4b8,8e0b9217-ba53-4349-aa99-eee482143a90,16d314af-7359-4c7a-8498-17a50620a535,infra.decharge_inventaire_pollution_general,ef7ff4f2-8e0c-46b9-ae46-81c085244672,3020f60a-77ac-4911-9b08-708135aea007,0.0,0.9250,DUPLICATE_EXACT,Decharge de la commune Nouirate,Decharge de la commune Nouirate,Mechraa bel ksiri,Mechraa bel ksiri,DECHARGE,infra.decharge_inventaire_pollution_general,MANUAL_REVIEW_REQUIRED,1,PENDING,distance=0.00m; nom=1.00; commune=1.00; priorite=5
e60088e9-cf94-4e41-ae65-a5390866b4b8,fa0d1b0c-65a5-41e3-a19a-fffe9890f88a,ed14134d-0391-4278-a689-db1d61ef55f4,infra.mine_inventaire_pollution,4aa486a8-cabe-49de-91af-87b024726f36,e15b32d2-4243-4c36-8077-9ee51977a10c,0.0,0.9250,DUPLICATE_EXACT,STE MINIERE BOUHRAMAT,STE MINIERE BOUHRAMAT,Sebaa Rouadi,Sebaa Rouadi,MINE,infra.mine_inventaire_pollution,MANUAL_REVIEW_REQUIRED,1,PENDING,distance=0.00m; nom=1.00; commune=1.00; priorite=5
e60088e9-cf94-4e41-ae65-a5390866b4b8,d572522d-4695-4704-8b05-202413685388,aad27c44-6f3a-4045-8220-e48878dd8c6f,infra.decharge_inventaire_pollution_general,25e4a6b2-f744-4f40-9264-bd25050b3c5a,6ad25e3e-97a2-4372-bb2c-7834c83ce983,0.0,0.9250,DUPLICATE_EXACT,Bni ahmed lmoukazan,Bni ahmed lmoukazan,Bni ahmed lmoukazan,Bni ahmed lmoukazan,DECHARGE,infra.decharge_inventaire_pollution_general,MANUAL_REVIEW_REQUIRED,1,PENDING,distance=0.00m; nom=1.00; commune=1.00; priorite=5
e60088e9-cf94-4e41-ae65-a5390866b4b8,24929234-83cc-4c06-9768-01ebbcabc631,b3d5ed35-8b3c-401b-9403-264bc14a588e,infra.mine_inventaire_pollution,f551a214-41fe-4096-9d35-223b2d9ecaee,c390f4da-f617-4b7c-a36b-e7613d7c7eb5,0.0,0.9250,DUPLICATE_EXACT,ZMF CONSULTING,ZMF CONSULTING,Talzemt,Talzemt,MINE,infra.mine_inventaire_pollution,MANUAL_REVIEW_REQUIRED,1,PENDING,distance=0.00m; nom=1.00; commune=1.00; priorite=5
e60088e9-cf94-4e41-ae65-a5390866b4b8,5eb0f577-f581-47ee-bfae-31ad0fd45583,397ba454-57a2-44b8-829d-f48c3a59685a,infra.mine_inventaire_pollution,ff9ff12a-6753-418b-8e43-a405c97b6c7f,3732e36b-e2d3-49bc-abfb-3f5e9d4e74ec,0.0,0.9250,DUPLICATE_EXACT,STE BENI KHELEF,STE BENI KHELEF,Sidi El Makhfi,Sidi El Makhfi,MINE,infra.mine_inventaire_pollution,MANUAL_REVIEW_REQUIRED,1,PENDING,distance=0.00m; nom=1.00; commune=1.00; priorite=5
e60088e9-cf94-4e41-ae65-a5390866b4b8,4adde2a0-f4d8-411a-b241-a26e4b37bd58,a145376c-3eee-4559-b135-70fb40b1a80e,infra.mine_inventaire_pollution,57993e6e-d368-4a18-8b41-43b794c9d139,6934f0c0-40a6-4fd0-9877-39cceeb7244d,0.0,0.9250,DUPLICATE_EXACT,STE UNION D'EXPLOITATION DESMINES ET CARRIERES,STE UNION D'EXPLOITATION DESMINES ET CARRIERES,Iqaddar,Iqaddar,MINE,infra.mine_inventaire_pollution,MANUAL_REVIEW_REQUIRED,1,PENDING,distance=0.00m; nom=1.00; commune=1.00; priorite=5
e60088e9-cf94-4e41-ae65-a5390866b4b8,5d8bc836-3066-4645-a1f7-de9195e8f24f,131b82a9-5906-48f0-ab57-25bfd9788d0d,infra.mine_inventaire_pollution,fdb80e4e-4d0e-49ee-bc4f-d96bd660950e,3c07866d-d4d8-4278-a85d-9bf043e99bff,0.0,0.9250,DUPLICATE_EXACT,HAMADA MINERALS,HAMADA MINERALS,Ait Ouikhalfen,Ait Ouikhalfen,MINE,infra.mine_inventaire_pollution,MANUAL_REVIEW_REQUIRED,1,PENDING,distance=0.00m; nom=1.00; commune=1.00; priorite=5
e60088e9-cf94-4e41-ae65-a5390866b4b8,2ddaf503-d3ee-48fb-bff7-45579368ba02,44d7b370-007e-4c21-9d63-94ba6db56f7c,infra.mine_inventaire_pollution,73c365d5-c08f-4f91-b826-c0a6e28306ca,67ff88a9-1e1a-4193-a3ec-caccd9ee12a3,0.0,0.9250,DUPLICATE_EXACT,ONHYM,ONHYM,Mrhassiyine,Mrhassiyine,MINE,infra.mine_inventaire_pollution,MANUAL_REVIEW_REQUIRED,1,PENDING,distance=0.00m; nom=1.00; commune=1.00; priorite=5
e60088e9-cf94-4e41-ae65-a5390866b4b8,c2129dab-a4f4-4276-be94-f35a3df9baf8,b1f238e7-b849-44fb-b1f5-219355e85176,infra.mine_inventaire_pollution,68bbdbeb-a261-425e-8e7e-0eb3ad798201,05a9236d-74e8-40a0-8370-7f69d42cd18b,0.0,0.9250,DUPLICATE_EXACT,STE RIHAM IKHWANE,STE RIHAM IKHWANE,Mikkes,Mikkes,MINE,infra.mine_inventaire_pollution,MANUAL_REVIEW_REQUIRED,1,PENDING,distance=0.00m; nom=1.00; commune=1.00; priorite=5
e60088e9-cf94-4e41-ae65-a5390866b4b8,b11e1f32-9cf6-49e5-8a2d-cfebe533e6ff,56e310b6-a9b8-4526-ac8e-4f9a8090413d,infra.mine_inventaire_pollution,be653726-477a-4e06-ace5-82b8a40d6371,e8fc176d-c484-4855-bb1d-84ec361ffc30,0.0,0.9250,DUPLICATE_EXACT,HAMADA MINERALS,HAMADA MINERALS,Bouqachmir,Bouqachmir,MINE,infra.mine_inventaire_pollution,MANUAL_REVIEW_REQUIRED,1,PENDING,distance=0.00m; nom=1.00; commune=1.00; priorite=5
e60088e9-cf94-4e41-ae65-a5390866b4b8,f43ffdc1-82ce-4ca0-ae51-0ec41f72cb56,0fbc59f0-e530-416d-8138-bb59b5802e59,infra.decharge_inventaire_pollution_general,978da5a1-0226-4f02-a973-ba4fc58c9595,c12ed63a-afcc-4add-95c9-cf602338a9b5,0.0,0.9250,DUPLICATE_EXACT,Lalla Mimouna centre,Lalla Mimouna centre,Lalla Mimouna centre,Lalla Mimouna centre,DECHARGE,infra.decharge_inventaire_pollution_general,MANUAL_REVIEW_REQUIRED,1,PENDING,distance=0.00m; nom=1.00; commune=1.00; priorite=5
e60088e9-cf94-4e41-ae65-a5390866b4b8,af1131bd-9829-4fe5-94bf-03e59f842b1a,24f4c4da-ca97-41fd-99af-6bce03fc838c,infra.decharge_inventaire_pollution_general,d3e8fc94-62fc-46a4-a349-79c84254ed99,2bc00d19-8710-4c39-80ff-1eb78b3f04d0,0.0,0.9250,DUPLICATE_EXACT,Ketama,Ketama,Ketama,Ketama,DECHARGE,infra.decharge_inventaire_pollution_general,MANUAL_REVIEW_REQUIRED,1,PENDING,distance=0.00m; nom=1.00; commune=1.00; priorite=5
e60088e9-cf94-4e41-ae65-a5390866b4b8,acce31c8-0880-43b9-8696-33e0f02000a9,b1d60de3-c3ee-436b-86b7-07ce1605bcb3,infra.decharge_inventaire_pollution_general,c6ef670f-c3a5-4575-93f1-8b0162aa087e,3334e12e-dbb8-43d7-a6de-881dde8e7302,0.0,0.9250,DUPLICATE_EXACT,Décharge Serghina,Décharge Serghina,Serghina,Serghina,DECHARGE,infra.decharge_inventaire_pollution_general,MANUAL_REVIEW_REQUIRED,1,PENDING,distance=0.00m; nom=1.00; commune=1.00; priorite=5
e60088e9-cf94-4e41-ae65-a5390866b4b8,9832e7dd-b8d7-40bc-916e-8743cb991fff,723d1523-725f-4efe-b82b-9ed8e7c708bc,infra.decharge_inventaire_pollution_general,fd808364-3190-48ef-aae4-748d629a5407,9cbff591-07c4-4022-9d58-3145a589f191,0.0,0.9250,DUPLICATE_EXACT,La commune ouartzagh,La commune ouartzagh,Ouartzagh,Ouartzagh,DECHARGE,infra.decharge_inventaire_pollution_general,MANUAL_REVIEW_REQUIRED,1,PENDING,distance=0.00m; nom=1.00; commune=1.00; priorite=5
e60088e9-cf94-4e41-ae65-a5390866b4b8,a9534286-f9ca-4644-8cbe-7a34a12f2b00,8a1924bc-0f11-4aaa-8978-1309eff7291c,infra.decharge_inventaire_pollution_general,8c6441d0-2d2f-411e-afb8-df6eef389f16,d84401dc-13fa-43be-8d0f-bb7c3365b508,0.0,0.9250,DUPLICATE_EXACT,Ghafsai,Ghafsai,Ghafsai,Ghafsai,DECHARGE,infra.decharge_inventaire_pollution_general,MANUAL_REVIEW_REQUIRED,1,PENDING,distance=0.00m; nom=1.00; commune=1.00; priorite=5
e60088e9-cf94-4e41-ae65-a5390866b4b8,b1786d3d-7e99-48d6-aa24-ca02f734b2db,590e666d-da68-4c34-8101-21b7037a172d,infra.decharge_inventaire_pollution_general,81f752a8-8103-4daa-b47e-5ba42a0d05ab,df29bbcd-dc33-4d51-92d4-a1de5244ef1b,0.0,0.9250,DUPLICATE_EXACT,Bni Oulid,Bni Oulid,Bni Oulid,Bni Oulid,DECHARGE,infra.decharge_inventaire_pollution_general,MANUAL_REVIEW_REQUIRED,1,PENDING,distance=0.00m; nom=1.00; commune=1.00; priorite=5
e60088e9-cf94-4e41-ae65-a5390866b4b8,78818a48-cf3f-40a6-9b6d-ecfb2acb6e2f,13f1a18d-32f0-4a12-92fc-242ce2d65cd3,infra.decharge_inventaire_pollution_general,90f3db6e-a58b-4513-b8e0-6c4ed79247d5,1bfcbd2d-01dc-4d4c-b33e-8d0ef0054cf3,0.0,0.9250,DUPLICATE_EXACT,Ain Mediouna,Ain Mediouna,Ain Mediouna,Ain Mediouna,DECHARGE,infra.decharge_inventaire_pollution_general,MANUAL_REVIEW_REQUIRED,1,PENDING,distance=0.00m; nom=1.00; commune=1.00; priorite=5
e60088e9-cf94-4e41-ae65-a5390866b4b8,589af44f-7644-40c2-8f6c-f333cdb3fd83,7975a219-6fa0-42d2-bad8-e340158ad72c,infra.decharge_inventaire_pollution_general,3d10be28-ed7f-4197-bc93-658943d2a1de,d0ae84ce-f888-4b90-b85a-4a8f169da8e6,0.0,0.9250,DUPLICATE_EXACT,Bir hassna,Bir hassna,Ain Aicha,Ain Aicha,DECHARGE,infra.decharge_inventaire_pollution_general,MANUAL_REVIEW_REQUIRED,1,PENDING,distance=0.00m; nom=1.00; commune=1.00; priorite=5
e60088e9-cf94-4e41-ae65-a5390866b4b8,b662b95e-5fa0-476a-a6c0-44641194567f,1da5cfa3-e221-4e2d-8d7d-37c3a522314b,infra.decharge_inventaire_pollution_general,eda240d4-f08b-4ae1-97e3-8d31111f3e01,fed30e05-b72b-478b-a663-41d005402b8f,0.0,0.9250,DUPLICATE_EXACT,Décharge Taounate,Décharge Taounate,Taounate,Taounate,DECHARGE,infra.decharge_inventaire_pollution_general,MANUAL_REVIEW_REQUIRED,1,PENDING,distance=0.00m; nom=1.00; commune=1.00; priorite=5
e60088e9-cf94-4e41-ae65-a5390866b4b8,eda6ad5b-3e02-4a07-859c-cdbfbde610e1,43dc64b5-4498-4a9c-87ee-6514d07b9192,infra.decharge_inventaire_pollution_general,a5825b54-7d5f-4b5d-a40e-143a53cad250,f0d23d4e-862a-442b-8cfc-03a5f591a475,0.0,0.9250,DUPLICATE_EXACT,El Marj ( TIMOUYAS),El Marj ( TIMOUYAS),Ain Timguenai,Ain Timguenai,DECHARGE,infra.decharge_inventaire_pollution_general,MANUAL_REVIEW_REQUIRED,1,PENDING,distance=0.00m; nom=1.00; commune=1.00; priorite=5
e60088e9-cf94-4e41-ae65-a5390866b4b8,a3c94df1-198c-4f5a-8713-875a0f5f3789,d2ece5c1-14b8-40de-a018-1819daa9a0a2,infra.decharge_inventaire_pollution_general,7b57b7f4-80ba-44e9-b67e-0c7fb30de271,a2d2645e-cd5e-4a0f-b692-3fbdc0d5381b,0.0,0.9250,DUPLICATE_EXACT,BIR TAM TAM,BIR TAM TAM,BIR TAM TAM,BIR TAM TAM,DECHARGE,infra.decharge_inventaire_pollution_general,MANUAL_REVIEW_REQUIRED,1,PENDING,distance=0.00m; nom=1.00; commune=1.00; priorite=5
e60088e9-cf94-4e41-ae65-a5390866b4b8,ce8e73df-c0c5-4bea-9dd9-48206f111146,009d69a9-38ea-4fcc-9b91-b5725950866b,infra.decharge_inventaire_pollution_general,6c11ffa8-9feb-487a-808a-bf65908b353a,e53e0e81-75ce-4627-a2a6-c1a7d5b1f5aa,0.0,0.9250,DUPLICATE_EXACT,RIBAT EL KHIR,RIBAT EL KHIR,IGHZRANE,IGHZRANE,DECHARGE,infra.decharge_inventaire_pollution_general,MANUAL_REVIEW_REQUIRED,1,PENDING,distance=0.00m; nom=1.00; commune=1.00; priorite=5
e60088e9-cf94-4e41-ae65-a5390866b4b8,5fea206a-2fb8-4b06-9fe5-dd5aa62e7806,e7a00541-3eeb-4ebd-9162-5b083e6b39cd,infra.decharge_inventaire_pollution_general,8f87a79f-520a-4d4f-abd7-3086b0ff003e,12803586-bf7b-4746-a63b-fd25a5f3e6cd,0.0,0.9250,DUPLICATE_EXACT,Decharge controlee EcoMed,Decharge controlee EcoMed,Sidi Hrazem,Sidi Hrazem,DECHARGE,infra.decharge_inventaire_pollution_general,MANUAL_REVIEW_REQUIRED,1,PENDING,distance=0.00m; nom=1.00; commune=1.00; priorite=5
e60088e9-cf94-4e41-ae65-a5390866b4b8,c3acbc00-301a-4143-88db-9562ee481311,fab265d0-38c2-4f96-88e8-42cb00061fd8,infra.decharge_inventaire_pollution_general,57deef72-df20-4f13-bc92-63ac0363b99c,8352a46b-009c-46e1-8c33-acdb5b3b9a8f,0.0,0.9250,DUPLICATE_EXACT,Sidi Ameur Al Hadi,Sidi Ameur Al Hadi,Sidi Ameur Al Hadi,Sidi Ameur Al Hadi,DECHARGE,infra.decharge_inventaire_pollution_general,MANUAL_REVIEW_REQUIRED,1,PENDING,distance=0.00m; nom=1.00; commune=1.00; priorite=5
e60088e9-cf94-4e41-ae65-a5390866b4b8,8e074eda-9ebb-4a47-b24f-fc2cf3ee9174,ed912bd1-1bb4-4444-9874-39eec4c541ed,infra.decharge_inventaire_pollution_general,7cccea21-b79d-4663-a660-a44c6e4ca7fa,a0e26611-5124-47e9-b62e-bc55c092f7f3,0.0,0.9250,DUPLICATE_EXACT,Décharge de Sefrou,Décharge de Sefrou,AZZABA,AZZABA,DECHARGE,infra.decharge_inventaire_pollution_general,MANUAL_REVIEW_REQUIRED,1,PENDING,distance=0.00m; nom=1.00; commune=1.00; priorite=5
e60088e9-cf94-4e41-ae65-a5390866b4b8,e638d1f5-bbe7-4cb2-90f7-a44993e11a97,da043288-b81c-4e7f-a092-1fc26eb842ee,infra.decharge_inventaire_pollution_general,95c343be-a031-4fce-a8c2-c356cba2d8a9,d7d93ad5-1f87-4e48-946e-479ddc95927f,0.0,0.9250,DUPLICATE_EXACT,Décharge Elhajeb,Décharge Elhajeb,El Hajeb,El Hajeb,DECHARGE,infra.decharge_inventaire_pollution_general,MANUAL_REVIEW_REQUIRED,1,PENDING,distance=0.00m; nom=1.00; commune=1.00; priorite=5
e60088e9-cf94-4e41-ae65-a5390866b4b8,e20dfc79-f680-4d97-a902-0511d46046ee,833cd892-42bb-4aec-b16b-0f8a10b45828,infra.decharge_inventaire_pollution_general,64a91e26-51e8-4620-b9e6-3a57a5b612d5,8e1ce34e-875f-43cb-81f5-d3290cecc93d,0.0,0.9250,DUPLICATE_EXACT,TAZOUTA,TAZOUTA,TAZOUTA,TAZOUTA,DECHARGE,infra.decharge_inventaire_pollution_general,MANUAL_REVIEW_REQUIRED,1,PENDING,distance=0.00m; nom=1.00; commune=1.00; priorite=5
e60088e9-cf94-4e41-ae65-a5390866b4b8,00da35e4-7d57-4752-8e5e-e54fc285b335,6a5f1630-3c75-43d4-9d31-9d161516bf47,infra.decharge_inventaire_pollution_general,aecbed79-12f0-4dd4-aae3-d8b034148634,009f5446-73ea-42f3-8b26-99a307e5e801,0.0,0.9250,DUPLICATE_EXACT,Décharge publique,Décharge publique,Ait siberne,Ait siberne,DECHARGE,infra.decharge_inventaire_pollution_general,MANUAL_REVIEW_REQUIRED,1,PENDING,distance=0.00m; nom=1.00; commune=1.00; priorite=5
e60088e9-cf94-4e41-ae65-a5390866b4b8,f005247f-5837-469c-ac60-78ae25bcc0bf,675607a9-2141-4f94-9312-ce0049d30b52,infra.decharge_inventaire_pollution_general,f1423fc6-49e4-420e-a1aa-cb19194f6627,d8976205-3d6c-4a4a-a2c8-7f867e00e7a2,0.0,0.9250,DUPLICATE_EXACT,AIN CHIFA,AIN CHIFA,AIT SEBAA LAJROUF,AIT SEBAA LAJROUF,DECHARGE,infra.decharge_inventaire_pollution_general,MANUAL_REVIEW_REQUIRED,1,PENDING,distance=0.00m; nom=1.00; commune=1.00; priorite=5
e60088e9-cf94-4e41-ae65-a5390866b4b8,4345bf80-0140-4a98-b28f-c11132af5cf8,0c003dad-d35b-4e6b-9b63-a9a178810055,infra.decharge_inventaire_pollution_general,c17c2a41-1366-4ca4-a8f9-48ed427ab5d6,1346cba8-3264-4a7c-bc8c-f60887ead237,0.0,0.9250,DUPLICATE_EXACT,Décharge de tissa,Décharge de tissa,Oulad Daoud,Oulad Daoud,DECHARGE,infra.decharge_inventaire_pollution_general,MANUAL_REVIEW_REQUIRED,1,PENDING,distance=0.00m; nom=1.00; commune=1.00; priorite=5
e60088e9-cf94-4e41-ae65-a5390866b4b8,3b2a35a2-cbfa-4535-9c85-6ad34591cbf3,0f887b01-f40b-4e81-ac6d-003066eef460,infra.decharge_inventaire_pollution_general,c786d9e7-1b15-4981-b16d-08b49ddd8cf4,d642a965-f6c3-41a9-ab65-d65f8452a452,0.0,0.9250,DUPLICATE_EXACT,Bouadel,Bouadel,Bouadel,Bouadel,DECHARGE,infra.decharge_inventaire_pollution_general,MANUAL_REVIEW_REQUIRED,1,PENDING,distance=0.00m; nom=1.00; commune=1.00; priorite=5
e60088e9-cf94-4e41-ae65-a5390866b4b8,1dcce5ac-76ab-4730-9181-f282730ff107,d302fa17-5cc7-4ffd-ac04-6f98ead4c1e9,infra.decharge_inventaire_pollution_general,d4668939-2245-4c73-8acc-27108032bec5,1b563c12-5860-46db-b5b8-351293703c90,0.0,0.9250,DUPLICATE_EXACT,Oulad Ayyad,Oulad Ayyad,Oulad Ayyad,Oulad Ayyad,DECHARGE,infra.decharge_inventaire_pollution_general,MANUAL_REVIEW_REQUIRED,1,PENDING,distance=0.00m; nom=1.00; commune=1.00; priorite=5
e60088e9-cf94-4e41-ae65-a5390866b4b8,d4f60b39-656a-4d7f-8a2e-f6d7bbe175d7,67729bcc-636a-4249-9c28-7344f5b35c47,infra.decharge_inventaire_pollution_general,83e5cb2c-ae85-43e1-80ff-7c261d04049e,2e563206-50f6-4898-9c56-dd0cd413e4ee,0.0,0.9250,DUPLICATE_EXACT,Décharge Sebaa Ayoun,Décharge Sebaa Ayoun,Sebaa AYOUN,Sebaa AYOUN,DECHARGE,infra.decharge_inventaire_pollution_general,MANUAL_REVIEW_REQUIRED,1,PENDING,distance=0.00m; nom=1.00; commune=1.00; priorite=5
e60088e9-cf94-4e41-ae65-a5390866b4b8,c6f66162-ae7d-49b3-bf31-c864beeff65c,23356fe6-8d6a-4582-b86d-68a56bbe8ebf,infra.decharge_inventaire_pollution_general,9064b068-4ba6-453c-a7b8-978c05cd360b,276ae862-9501-41ec-8a73-c0c112abd909,0.0,0.9250,DUPLICATE_EXACT,Décharge Inzalt Boulemane,Décharge Inzalt Boulemane,Boulemane,Boulemane,DECHARGE,infra.decharge_inventaire_pollution_general,MANUAL_REVIEW_REQUIRED,1,PENDING,distance=0.00m; nom=1.00; commune=1.00; priorite=5
e60088e9-cf94-4e41-ae65-a5390866b4b8,9f5f8758-e555-4e10-a0bd-6bc77af0fc9c,90488a95-1654-42cc-a516-bc0346bd1662,infra.decharge_inventaire_pollution_general,2a076e4f-c460-4cc4-bd54-e6f5393bfcd4,0286e2f4-60f4-4725-bc10-a4df74a48be2,0.0,0.9250,DUPLICATE_EXACT,Saf louza,Saf louza,Bab boudir,Bab boudir,DECHARGE,infra.decharge_inventaire_pollution_general,MANUAL_REVIEW_REQUIRED,1,PENDING,distance=0.00m; nom=1.00; commune=1.00; priorite=5
e60088e9-cf94-4e41-ae65-a5390866b4b8,560b7ded-ab58-4c44-a112-f2ba8366f7df,3da4e253-30de-4d55-96fc-fc0bdfaedacd,infra.decharge_inventaire_pollution_general,5e27ceaa-2ef1-4643-81f8-c8ee86ab66fb,64f5d7d4-4394-4727-a7bb-9b408ebdd23f,0.0,0.9250,DUPLICATE_EXACT,Décharge route laghouzi,Décharge route laghouzi,Mu Karia Ba Mohamed,Mu Karia Ba Mohamed,DECHARGE,infra.decharge_inventaire_pollution_general,MANUAL_REVIEW_REQUIRED,1,PENDING,distance=0.00m; nom=1.00; commune=1.00; priorite=5
e60088e9-cf94-4e41-ae65-a5390866b4b8,45596545-94a0-4741-b1aa-a6c6b48a8664,189bcf02-60dc-487c-894f-69b2cb75c4e7,infra.decharge_inventaire_pollution_general,e3085891-0188-4786-b869-a879a3f2116f,5f1b18db-4825-4cad-9df1-5167a8ada3e6,0.0,0.9250,DUPLICATE_EXACT,Bni ammart,Bni ammart,Bni ammart,Bni ammart,DECHARGE,infra.decharge_inventaire_pollution_general,MANUAL_REVIEW_REQUIRED,1,PENDING,distance=0.00m; nom=1.00; commune=1.00; priorite=5
e60088e9-cf94-4e41-ae65-a5390866b4b8,5b494a23-030a-4b3b-9095-3b846ba2cd67,8ba6245d-cb9f-457e-bbf0-9c316640ba21,infra.decharge_inventaire_pollution_general,a771aae1-3104-49f8-bdb5-d2f98f3358ef,d2329708-0407-4b9c-9857-5e49e1880334,0.0,0.9250,DUPLICATE_EXACT,Décharge Guigou,Décharge Guigou,Guigou,Guigou,DECHARGE,infra.decharge_inventaire_pollution_general,MANUAL_REVIEW_REQUIRED,1,PENDING,distance=0.00m; nom=1.00; commune=1.00; priorite=5
e60088e9-cf94-4e41-ae65-a5390866b4b8,fb0a1107-2c1e-494a-adad-4bed7951fec7,a253fb44-db88-4f67-b833-6ac76cdf8569,infra.decharge_inventaire_pollution_general,ae5c1293-59aa-4fd8-b27a-66eac5fa7bd2,a4f2a302-0b7a-48fa-8eb8-1e982dc36da4,0.0,0.9250,DUPLICATE_EXACT,Mayzal,Mayzal,Skoura M'daz,Skoura M'daz,DECHARGE,infra.decharge_inventaire_pollution_general,MANUAL_REVIEW_REQUIRED,1,PENDING,distance=0.00m; nom=1.00; commune=1.00; priorite=5
e60088e9-cf94-4e41-ae65-a5390866b4b8,5efad5f0-4da1-46ec-9f3b-1187b9e63f3e,e8c883d8-ecaf-4423-b726-bb7f53f1a35e,infra.decharge_inventaire_pollution_general,e1c7acb4-8d77-4485-8089-36cb73ca238a,22d98ec2-005f-4044-bbae-9ed5f96e285e,0.0,0.9250,DUPLICATE_EXACT,Décharge Public,Décharge Public,Mokrisset,Mokrisset,DECHARGE,infra.decharge_inventaire_pollution_general,MANUAL_REVIEW_REQUIRED,1,PENDING,distance=0.00m; nom=1.00; commune=1.00; priorite=5
e60088e9-cf94-4e41-ae65-a5390866b4b8,8d9e33bb-9c01-4ca3-bd27-517e4a1bba00,9521682f-3b5d-4b6f-933c-d8a240525817,infra.decharge_inventaire_pollution_general,42785f84-8966-40a0-9091-c2997cc1e44d,68a01c0a-edee-42d0-9489-84dfe9493944,0.0,0.9250,DUPLICATE_EXACT,Imouzzer Marmoucha,Imouzzer Marmoucha,Imouzzer Marmoucha,Imouzzer Marmoucha,DECHARGE,infra.decharge_inventaire_pollution_general,MANUAL_REVIEW_REQUIRED,1,PENDING,distance=0.00m; nom=1.00; commune=1.00; priorite=5
e60088e9-cf94-4e41-ae65-a5390866b4b8,f7a18221-2557-4a49-aa84-1c3f5509041d,7ffd8a79-c906-4481-b38f-39d1dc5866c4,infra.decharge_inventaire_pollution_general,f3fbf9f9-a895-419a-a3d9-c38246186a37,ff39b5a5-88a3-4b1f-a328-7639a89b8332,0.0,0.9250,DUPLICATE_EXACT,Décharge Elmers,Décharge Elmers,Elmers,Elmers,DECHARGE,infra.decharge_inventaire_pollution_general,MANUAL_REVIEW_REQUIRED,1,PENDING,distance=0.00m; nom=1.00; commune=1.00; priorite=5
e60088e9-cf94-4e41-ae65-a5390866b4b8,a5751aad-2218-42b5-983e-279337cc7412,cce6ef19-eea0-4196-856d-455f111f8bc1,infra.decharge_inventaire_pollution_general,99372657-3f49-4231-87fd-faf5f0c5353b,98538950-7d92-443c-9445-6627c69b0ad1,0.0,0.9250,DUPLICATE_EXACT,Décharge zoumi,Décharge zoumi,Zoumi,Zoumi,DECHARGE,infra.decharge_inventaire_pollution_general,MANUAL_REVIEW_REQUIRED,1,PENDING,distance=0.00m; nom=1.00; commune=1.00; priorite=5
e60088e9-cf94-4e41-ae65-a5390866b4b8,93632933-2a4b-47ea-91e8-4c8d5b7e4117,0f0913ba-1ebc-4d69-8cc4-7d0f3595bdb1,infra.decharge_inventaire_pollution_general,199b1a4b-f488-414d-845c-44ac0bd19ce0,a04d9291-4c1c-498e-a6dc-9d45026a69dd,0.0,0.9250,DUPLICATE_EXACT,Al Hamd Tichaw,Al Hamd Tichaw,Ain Cheggag,Ain Cheggag,DECHARGE,infra.decharge_inventaire_pollution_general,MANUAL_REVIEW_REQUIRED,1,PENDING,distance=0.00m; nom=1.00; commune=1.00; priorite=5
e60088e9-cf94-4e41-ae65-a5390866b4b8,9f23127b-53b1-456c-9fa8-0a9441736b05,6f572a8d-1ec9-466a-a2b8-6f362071e61f,infra.decharge_inventaire_pollution_general,3673a846-eb98-4a70-a4dc-92da4efc2129,39c4a84b-4147-4044-bfe2-e75dc5f579d3,0.0,0.9250,DUPLICATE_EXACT,Fifi,Fifi,Fifi,Fifi,DECHARGE,infra.decharge_inventaire_pollution_general,MANUAL_REVIEW_REQUIRED,1,PENDING,distance=0.00m; nom=1.00; commune=1.00; priorite=5
e60088e9-cf94-4e41-ae65-a5390866b4b8,8eaccfa3-3d0a-4fd4-beb3-50a74b11869d,857cb6be-95b2-4d66-8eeb-5426fbdc39f8,infra.decharge_inventaire_pollution_general,8d2819e1-e17a-4002-94e5-bfe43c30a4e0,65b83198-0865-4d79-b799-1133017c6ea1,0.0,0.9250,DUPLICATE_EXACT,El hafa,El hafa,Bab berred,Bab berred,DECHARGE,infra.decharge_inventaire_pollution_general,MANUAL_REVIEW_REQUIRED,1,PENDING,distance=0.00m; nom=1.00; commune=1.00; priorite=5
e60088e9-cf94-4e41-ae65-a5390866b4b8,65713d00-d9c0-4533-8972-810abd83d4cf,4762e024-ece4-4cd0-ab7f-3ce171c7b537,infra.decharge_inventaire_pollution_general,6fbe8082-977d-4bef-9bb8-371c13dbe95d,3575641a-ce7f-46a4-9f68-b3c62893694d,0.0,0.9250,DUPLICATE_EXACT,hab lamlouk,hab lamlouk,Tamorot,Tamorot,DECHARGE,infra.decharge_inventaire_pollution_general,MANUAL_REVIEW_REQUIRED,1,PENDING,distance=0.00m; nom=1.00; commune=1.00; priorite=5
e60088e9-cf94-4e41-ae65-a5390866b4b8,2abc0009-8741-43be-b522-7d3009a5887e,733304f7-6e2b-4478-bbcd-dfd9c680aec0,infra.decharge_inventaire_pollution_general,b8312531-52ae-491d-af94-bee175953cd1,a3f5445e-12c1-45dd-82a9-6de1f1064f16,0.0,0.9250,DUPLICATE_EXACT,sidi hjaj,sidi hjaj,Bni ahmed charqia,Bni ahmed charqia,DECHARGE,infra.decharge_inventaire_pollution_general,MANUAL_REVIEW_REQUIRED,1,PENDING,distance=0.00m; nom=1.00; commune=1.00; priorite=5
e60088e9-cf94-4e41-ae65-a5390866b4b8,9c948a14-aa82-4d07-898e-40261953985a,b674cf50-32c5-4cd6-b3ff-891c1434541a,infra.decharge_inventaire_pollution_general,2ac34899-119e-44c7-8859-a7dc8d4071af,463f4ec7-0b9d-4e98-bd64-dbde8d464176,0.0,0.9250,DUPLICATE_EXACT,Néant,Néant,M'kansa,M'kansa,DECHARGE,infra.decharge_inventaire_pollution_general,MANUAL_REVIEW_REQUIRED,1,PENDING,distance=0.00m; nom=1.00; commune=1.00; priorite=5
e60088e9-cf94-4e41-ae65-a5390866b4b8,0d110bec-5222-4e16-a93b-34801c9842ee,ac7753b8-a712-4bf0-9e0a-bf6c151d1477,infra.decharge_inventaire_pollution_general,b7d91ef7-5577-4840-b7aa-a6eae15da363,d30ea909-404a-4abb-9aff-6fd494c7a4e3,0.0,0.9250,DUPLICATE_EXACT,Néant,Néant,Teroual,Teroual,DECHARGE,infra.decharge_inventaire_pollution_general,MANUAL_REVIEW_REQUIRED,1,PENDING,distance=0.00m; nom=1.00; commune=1.00; priorite=5
e60088e9-cf94-4e41-ae65-a5390866b4b8,71cf8c35-9497-42ad-88fb-ad4b8e9d3cd5,29fcd30b-bb7c-4e5e-8774-bb04773f299c,infra.decharge_inventaire_pollution_general,63cdc6d8-d173-4c4f-9a2a-b437c18d8aa8,b2f46094-aab6-4881-9b83-a87e6d8f1c5f,0.0,0.9250,DUPLICATE_EXACT,Néant,Néant,Lamjaara,Lamjaara,DECHARGE,infra.decharge_inventaire_pollution_general,MANUAL_REVIEW_REQUIRED,1,PENDING,distance=0.00m; nom=1.00; commune=1.00; priorite=5
e60088e9-cf94-4e41-ae65-a5390866b4b8,3c52b72f-6801-40f7-9354-11685190f133,afa8e825-47da-4e53-aa8d-38792bbf4a77,infra.decharge_inventaire_pollution_general,cb0c1757-dd70-49ed-af11-baf4f3aa5aee,32127fa9-16a3-49ca-a2a4-3b84dbdd700c,0.0,0.9250,DUPLICATE_EXACT,Néant,Néant,Sidi Azzouz,Sidi Azzouz,DECHARGE,infra.decharge_inventaire_pollution_general,MANUAL_REVIEW_REQUIRED,1,PENDING,distance=0.00m; nom=1.00; commune=1.00; priorite=5
e60088e9-cf94-4e41-ae65-a5390866b4b8,30edd100-ce85-412a-92a8-2c1ed0e94043,8fff9170-589d-4d93-9740-a869544e9e70,infra.decharge_inventaire_pollution_general,e6d38cfa-d6af-4b59-9c99-871865fd64e0,f9ef742c-8e98-4096-838c-3ba08b4b017d,0.0,0.9250,DUPLICATE_EXACT,Néant,Néant,Sidi Allal Tazi,Sidi Allal Tazi,DECHARGE,infra.decharge_inventaire_pollution_general,MANUAL_REVIEW_REQUIRED,1,PENDING,distance=0.00m; nom=1.00; commune=1.00; priorite=5
e60088e9-cf94-4e41-ae65-a5390866b4b8,d8df13da-94cd-428e-8d7f-fc9190a583ed,2b2ec7ff-c3ca-4bd4-899f-a596f3d5c45e,infra.decharge_inventaire_pollution_general,af799467-55d4-4695-95d8-ec80b0938f63,16b49cda-2d14-4e9d-a149-e084cb2939cd,0.0,0.9250,DUPLICATE_EXACT,Néant,Néant,Nouirate,Nouirate,DECHARGE,infra.decharge_inventaire_pollution_general,MANUAL_REVIEW_REQUIRED,1,PENDING,distance=0.00m; nom=1.00; commune=1.00; priorite=5
e60088e9-cf94-4e41-ae65-a5390866b4b8,16df0a78-8172-4c48-ab19-eb392fb44959,504f0624-29e6-4b26-996b-0a66255a3848,infra.decharge_inventaire_pollution_general,4bb1ce09-9102-4264-b2bf-db6868e43629,62e2fa37-225b-41d0-8f9d-c989c6af5e17,0.0,0.9250,DUPLICATE_EXACT,Néant,Néant,Selfat,Selfat,DECHARGE,infra.decharge_inventaire_pollution_general,MANUAL_REVIEW_REQUIRED,1,PENDING,distance=0.00m; nom=1.00; commune=1.00; priorite=5
e60088e9-cf94-4e41-ae65-a5390866b4b8,c1c7c262-fbc8-46b3-ae50-4993ac9c3c11,42ab5827-e676-401a-942b-505bae3a36d2,infra.decharge_inventaire_pollution_general,9329e2e0-0958-4642-a92c-baac52b75909,9c8646de-e487-4803-bf96-1899ff6e977f,0.0,0.9250,DUPLICATE_EXACT,Néant,Néant,Al Haouafate,Al Haouafate,DECHARGE,infra.decharge_inventaire_pollution_general,MANUAL_REVIEW_REQUIRED,1,PENDING,distance=0.00m; nom=1.00; commune=1.00; priorite=5
e60088e9-cf94-4e41-ae65-a5390866b4b8,3c69c77d-9b4a-4520-a4ea-3448e641d0bb,da5b8c9b-2bcc-4d4d-b334-bcaac9e4a48d,infra.decharge_inventaire_pollution_general,60541930-ae80-4da0-aaa9-7c7293e5b299,2aec2f76-4781-40db-8094-5bb5fddbfce5,0.0,0.9250,DUPLICATE_EXACT,Bou ahmed,Bou ahmed,Bni selmane,Bni selmane,DECHARGE,infra.decharge_inventaire_pollution_general,MANUAL_REVIEW_REQUIRED,1,PENDING,distance=0.00m; nom=1.00; commune=1.00; priorite=5
e60088e9-cf94-4e41-ae65-a5390866b4b8,49206954-1267-475f-bc27-f372cd393879,7e6ab230-298f-4333-86b4-56cb6ace676c,infra.decharge_inventaire_pollution_general,27d3cc0d-d2c4-494e-ad5c-d9ac524bb2a8,91e93f44-53a7-4361-9cb7-a41ec1d6a885,0.0,0.9250,DUPLICATE_EXACT,La commune,La commune,Moulay Bouselham,Moulay Bouselham,DECHARGE,infra.decharge_inventaire_pollution_general,MANUAL_REVIEW_REQUIRED,1,PENDING,distance=0.00m; nom=1.00; commune=1.00; priorite=5
e60088e9-cf94-4e41-ae65-a5390866b4b8,e9dd4710-b4f3-49b0-810e-57f7b4003723,8be891e9-4588-4ed9-a641-12caf51d80cf,infra.decharge_inventaire_pollution_general,1b58490f-0b3f-4c85-be7f-d95c09636565,75832eba-082a-4498-89fb-69adfecca817,0.0,0.9250,DUPLICATE_EXACT,Ouled berjal,Ouled berjal,Kénitra,Kénitra,DECHARGE,infra.decharge_inventaire_pollution_general,MANUAL_REVIEW_REQUIRED,1,PENDING,distance=0.00m; nom=1.00; commune=1.00; priorite=5
e60088e9-cf94-4e41-ae65-a5390866b4b8,1ec9ad65-0180-4515-84e2-25cade8b2797,cbc4cd74-5b0d-4b91-b614-95aa9104a5d7,infra.decharge_inventaire_pollution_general,22dcdda5-8680-4e11-adb8-36b4c9469829,652c727b-b994-4986-bf6d-abeb00075c5f,0.0,0.9250,DUPLICATE_EXACT,Zaggota,Zaggota,Zeggota,Zeggota,DECHARGE,infra.decharge_inventaire_pollution_general,MANUAL_REVIEW_REQUIRED,1,PENDING,distance=0.00m; nom=1.00; commune=1.00; priorite=5
e60088e9-cf94-4e41-ae65-a5390866b4b8,83e972ed-373a-434b-87a3-119bc65067db,dc14303d-d9ce-4747-8114-e8cf9a165cc8,infra.decharge_inventaire_pollution_general,c02aa489-cf49-4984-b6e9-c520c154cfbb,bf242e6e-fe86-4070-9a2c-aa93c892e923,0.0,0.9250,DUPLICATE_EXACT,Décharge Publique,Décharge Publique,Sidi Redouane,Sidi Redouane,DECHARGE,infra.decharge_inventaire_pollution_general,MANUAL_REVIEW_REQUIRED,1,PENDING,distance=0.00m; nom=1.00; commune=1.00; priorite=5
e60088e9-cf94-4e41-ae65-a5390866b4b8,6cc509bc-2b47-4a7a-bf67-e33a250afc88,78ee5be7-5620-4947-a4aa-c37aed50e1b8,infra.decharge_inventaire_pollution_general,77377686-cd11-40fd-9eb7-2dd6da3780df,e9f92b53-303d-4fab-baf4-f48088aa384c,0.0,0.9250,DUPLICATE_EXACT,bab tiouka,bab tiouka,Sidi kacem,Sidi kacem,DECHARGE,infra.decharge_inventaire_pollution_general,MANUAL_REVIEW_REQUIRED,1,PENDING,distance=0.00m; nom=1.00; commune=1.00; priorite=5
e60088e9-cf94-4e41-ae65-a5390866b4b8,20deacd6-7da0-41c8-ae21-29d18205091e,d1b9e96a-7ca0-4222-93fb-040b613cbfd4,infra.decharge_inventaire_pollution_general,57434c67-1f62-45c8-8740-29f94c787308,b45c53d9-c8bd-46d7-911c-fe2fdd662f32,0.0,0.9250,DUPLICATE_EXACT,Ancienne decharge du centre khnichet,Ancienne decharge du centre khnichet,khnichet,khnichet,DECHARGE,infra.decharge_inventaire_pollution_general,MANUAL_REVIEW_REQUIRED,1,PENDING,distance=0.00m; nom=1.00; commune=1.00; priorite=5
e60088e9-cf94-4e41-ae65-a5390866b4b8,dc62505d-7fe9-403f-b1a6-1ad33f5fe40e,7f755012-150a-45da-95f7-5a98db04e16c,infra.decharge_inventaire_pollution_general,400a0cf7-a78d-4952-9c2e-f87efddf74b1,5849fdfa-a243-46eb-9430-e326529fd187,0.0,0.9250,DUPLICATE_EXACT,Ain dfali,Ain dfali,Ain dfali,Ain dfali,DECHARGE,infra.decharge_inventaire_pollution_general,MANUAL_REVIEW_REQUIRED,1,PENDING,distance=0.00m; nom=1.00; commune=1.00; priorite=5
e60088e9-cf94-4e41-ae65-a5390866b4b8,2b370efd-24a3-4798-9d19-90434ef22414,1652e30a-0ccf-4a81-8f03-eae5a3c41fe4,infra.decharge_inventaire_pollution_general,0236baad-c47c-4d9b-b291-6d3a742aa968,ef0832e5-31c9-43fc-9187-7cc9c1fff8fb,0.0,0.9250,DUPLICATE_EXACT,Décharge de la Commune,Décharge de la Commune,Morgane,Morgane,DECHARGE,infra.decharge_inventaire_pollution_general,MANUAL_REVIEW_REQUIRED,1,PENDING,distance=0.00m; nom=1.00; commune=1.00; priorite=5
e60088e9-cf94-4e41-ae65-a5390866b4b8,00a0019e-dc7f-4025-83c7-de4863802470,483280b4-6daf-4775-a6ae-9c73901e3e4a,infra.decharge_inventaire_pollution_general,2f0fec91-0175-4992-8bc4-1309f71606ef,60fda689-7bff-4958-a108-fa884aca20d6,0.0,0.9250,DUPLICATE_EXACT,Commune,Commune,Arbaoua,Arbaoua,DECHARGE,infra.decharge_inventaire_pollution_general,MANUAL_REVIEW_REQUIRED,1,PENDING,distance=0.00m; nom=1.00; commune=1.00; priorite=5
e60088e9-cf94-4e41-ae65-a5390866b4b8,95711522-639b-4d3a-9afd-20c280c17a59,aab42fdb-0941-4715-89a6-888b0e31bc42,infra.decharge_inventaire_pollution_general,9e6e4b0b-0e3b-4181-b8ef-f84b0f8608ce,7e5b5548-02d6-4046-9a63-8d2a1fe194d7,0.0,0.9250,DUPLICATE_EXACT,Décharge de la Commune au niveau souk,Décharge de la Commune au niveau souk,Souk Tlet El Gherb,Souk Tlet El Gherb,DECHARGE,infra.decharge_inventaire_pollution_general,MANUAL_REVIEW_REQUIRED,1,PENDING,distance=0.00m; nom=1.00; commune=1.00; priorite=5
e60088e9-cf94-4e41-ae65-a5390866b4b8,3e047298-955f-470d-98bc-ba7fd48412e3,06e0e0c4-b2c5-43a5-a58a-a80208168528,infra.decharge_inventaire_pollution_general,f40651f1-5ef0-4a08-9bd1-6c91cccf87ff,2805b74f-2d40-4329-b649-4d357c7cff34,0.0,0.9250,DUPLICATE_EXACT,Sidi Yahya El Ghareb,Sidi Yahya El Ghareb,Sidi Yahya El Ghareb,Sidi Yahya El Ghareb,DECHARGE,infra.decharge_inventaire_pollution_general,MANUAL_REVIEW_REQUIRED,1,PENDING,distance=0.00m; nom=1.00; commune=1.00; priorite=5
e60088e9-cf94-4e41-ae65-a5390866b4b8,5e8e2a47-b1d4-4190-8e9f-0c9a48639ba6,ac12a7d8-62be-4377-9f52-13ea628a5ddc,infra.decharge_inventaire_pollution_general,e902e80d-d75d-40b1-bce0-e752438bca18,c191ed27-aabc-459a-b2ba-a1ac22579b7f,0.0,0.9250,DUPLICATE_EXACT,Décharge publique,Décharge publique,Galaz,Galaz,DECHARGE,infra.decharge_inventaire_pollution_general,MANUAL_REVIEW_REQUIRED,1,PENDING,distance=0.00m; nom=1.00; commune=1.00; priorite=5
e60088e9-cf94-4e41-ae65-a5390866b4b8,c841f395-24bc-4c33-80ca-a0cffaff1221,e8eda318-7cc9-49f4-bf55-451cdcbf134d,infra.decharge_inventaire_pollution_general,9e42654e-7fef-44bf-bb12-91b8859ef812,f4125d88-496d-431f-b868-ecab128effa8,0.0,0.9250,DUPLICATE_EXACT,Décharge publique,Décharge publique,Bouhouda,Bouhouda,DECHARGE,infra.decharge_inventaire_pollution_general,MANUAL_REVIEW_REQUIRED,1,PENDING,distance=0.00m; nom=1.00; commune=1.00; priorite=5
e60088e9-cf94-4e41-ae65-a5390866b4b8,7e6c861d-ee8c-4e96-8d16-0645b7e11976,8f1de28e-941b-4372-8c9b-e4692be38730,infra.decharge_inventaire_pollution_general,ccf235a5-f9bb-44a7-8baf-db15bc90fb0e,65f01196-e425-4b9b-ab3f-7ba2f5488b4b,0.0,0.9250,DUPLICATE_EXACT,Décharge publique,Décharge publique,Oudka,Oudka,DECHARGE,infra.decharge_inventaire_pollution_general,MANUAL_REVIEW_REQUIRED,1,PENDING,distance=0.00m; nom=1.00; commune=1.00; priorite=5
e60088e9-cf94-4e41-ae65-a5390866b4b8,a3da5da3-878e-4d70-baa9-90496eae4118,c3b78088-a6d3-4fbc-9812-06818418abeb,infra.decharge_inventaire_pollution_general,ce87705b-5279-453b-a1b6-8f46d9dc0907,291149ad-d324-4cc1-ab59-a6e73d930448,0.0,0.9250,DUPLICATE_EXACT,Décharge publique,Décharge publique,El bibane,El bibane,DECHARGE,infra.decharge_inventaire_pollution_general,MANUAL_REVIEW_REQUIRED,1,PENDING,distance=0.00m; nom=1.00; commune=1.00; priorite=5
e60088e9-cf94-4e41-ae65-a5390866b4b8,20f29ccb-9b9b-4572-b0fd-1d27a3a8065f,b409f6a4-0662-4593-8fd5-ba81fb79cdbf,infra.decharge_inventaire_pollution_general,77aaba52-b552-4898-87f7-89ac09189a6c,03c6880e-6e3a-452b-8331-ac45f4f466e3,0.0,0.9250,DUPLICATE_EXACT,Décharge publique,Décharge publique,Thar Es-souk,Thar Es-souk,DECHARGE,infra.decharge_inventaire_pollution_general,MANUAL_REVIEW_REQUIRED,1,PENDING,distance=0.00m; nom=1.00; commune=1.00; priorite=5
e60088e9-cf94-4e41-ae65-a5390866b4b8,f8f1358f-aca6-4c55-998a-ee24edc1a1df,e229dc30-344a-4fcd-9f8d-26db4e9999d3,infra.decharge_inventaire_pollution_general,ee809cc9-62ed-409c-a00c-18bffa0e422e,a1b7abe5-e517-46fa-98be-a306e03a99b4,0.0,0.9250,DUPLICATE_EXACT,Décharge publique,Décharge publique,Khlalfa,Khlalfa,DECHARGE,infra.decharge_inventaire_pollution_general,MANUAL_REVIEW_REQUIRED,1,PENDING,distance=0.00m; nom=1.00; commune=1.00; priorite=5
e60088e9-cf94-4e41-ae65-a5390866b4b8,acf29982-c2b0-47fc-bb66-80bb41a2840b,0faace7c-1229-4dde-b65d-e2be88349db5,infra.decharge_inventaire_pollution_general,6c957584-5e68-43f7-98a4-d40e27db32b4,56649160-3e25-48d5-99df-943aa8872d94,0.0,0.9250,DUPLICATE_EXACT,Décharge publique,Décharge publique,SidiYahyaBniZeroual,SidiYahyaBniZeroual,DECHARGE,infra.decharge_inventaire_pollution_general,MANUAL_REVIEW_REQUIRED,1,PENDING,distance=0.00m; nom=1.00; commune=1.00; priorite=5
e60088e9-cf94-4e41-ae65-a5390866b4b8,df523ce8-9951-478d-9c23-4ddc4cc9815d,04ffc2c9-5fdc-4e93-bc0c-e8f93e30bfb1,infra.decharge_inventaire_pollution_general,b9f3565d-5997-4027-aa4b-b09ea1a85c67,9ee671de-5fd9-41bd-bc67-e5164799e1d8,0.0,0.9250,DUPLICATE_EXACT,Décharge publique,Décharge publique,Sidi Mokhfi,Sidi Mokhfi,DECHARGE,infra.decharge_inventaire_pollution_general,MANUAL_REVIEW_REQUIRED,1,PENDING,distance=0.00m; nom=1.00; commune=1.00; priorite=5
e60088e9-cf94-4e41-ae65-a5390866b4b8,325c0aaf-6c67-4418-99cd-a22d0af0aa2b,2e0add77-c22b-4ef7-add5-5d2844d7945f,infra.decharge_inventaire_pollution_general,dd3d5f2d-5aa7-4fea-97a5-f1afe0e96c5b,9cd739b6-a603-401a-a21f-a8abae780e86,0.0,0.9250,DUPLICATE_EXACT,Décharge publique,Décharge publique,Jbabra,Jbabra,DECHARGE,infra.decharge_inventaire_pollution_general,MANUAL_REVIEW_REQUIRED,1,PENDING,distance=0.00m; nom=1.00; commune=1.00; priorite=5
e60088e9-cf94-4e41-ae65-a5390866b4b8,3ed81b23-2493-48a1-ab53-f7a87c0b2da2,4510cac9-162f-4a76-abef-649d39ff72f1,infra.decharge_inventaire_pollution_general,578f426b-eed3-4efe-a6d0-7c6e9290948b,8ff94460-347a-4cdb-b326-809781420871,0.0,0.9250,DUPLICATE_EXACT,Décharge publique,Décharge publique,Bouchabel,Bouchabel,DECHARGE,infra.decharge_inventaire_pollution_general,MANUAL_REVIEW_REQUIRED,1,PENDING,distance=0.00m; nom=1.00; commune=1.00; priorite=5
e60088e9-cf94-4e41-ae65-a5390866b4b8,8ab2d542-f21e-4313-bb1a-ca4ad861a185,643c189e-8a97-48fe-b499-0e80c2303b31,infra.decharge_inventaire_pollution_general,253ff006-90cd-473f-b541-9a0c3fb7e931,8112dedd-e39a-486f-8885-d3df94f740d0,0.0,0.9250,DUPLICATE_EXACT,Décharge publique,Décharge publique,Timezgana,Timezgana,DECHARGE,infra.decharge_inventaire_pollution_general,MANUAL_REVIEW_REQUIRED,1,PENDING,distance=0.00m; nom=1.00; commune=1.00; priorite=5
e60088e9-cf94-4e41-ae65-a5390866b4b8,6ecb6361-ccc7-4fc3-8fd7-4640a1dab912,945f4a6f-e441-4747-a03d-6370e9e1359b,infra.decharge_inventaire_pollution_general,c421ee71-8f0c-4c95-bf33-4e60784b0b20,093031a4-c15e-4aa1-a399-b4b07b8e1604,0.0,0.9250,DUPLICATE_EXACT,Décharge publique,Décharge publique,Tamedit,Tamedit,DECHARGE,infra.decharge_inventaire_pollution_general,MANUAL_REVIEW_REQUIRED,1,PENDING,distance=0.00m; nom=1.00; commune=1.00; priorite=5
e60088e9-cf94-4e41-ae65-a5390866b4b8,8de8203a-3767-454c-9c1f-88befa9814f8,40a725bf-2ef0-4b8e-91b6-e46e3ec4ee14,infra.decharge,210,8a9aa444-2a49-4f79-9830-16f9682aa200,0.0,0.7400,DUPLICATE_EXACT,douyez,DOUYEZ,,Ait saghrouchen,DECHARGE,infra.decharge_inventaire_pollution_general,MANUAL_REVIEW_REQUIRED,1,PENDING,distance=0.00m; nom=1.00; commune=0.00; priorite=4
e60088e9-cf94-4e41-ae65-a5390866b4b8,e4d206ff-eefb-43e9-954b-bfe1d16f09a5,956e9fec-d9f8-464e-bafb-fe5e4bd15856,infra.decharge,57,2e563206-50f6-4898-9c56-dd0cd413e4ee,0.0,0.7400,DUPLICATE_EXACT,décharge sebaa ayoun,Décharge Sebaa Ayoun,,Sebaa AYOUN,DECHARGE,infra.decharge_inventaire_pollution_general,MANUAL_REVIEW_REQUIRED,1,PENDING,distance=0.00m; nom=1.00; commune=0.00; priorite=4
e60088e9-cf94-4e41-ae65-a5390866b4b8,7a63e68c-fd1f-4492-a61d-4f1589235684,14c4e6c0-501b-4f18-b00f-6227cdf0c515,infra.decharge,173,fed30e05-b72b-478b-a663-41d005402b8f,0.0,0.7400,DUPLICATE_EXACT,décharge taounate,Décharge Taounate,,Taounate,DECHARGE,infra.decharge_inventaire_pollution_general,MANUAL_REVIEW_REQUIRED,1,PENDING,distance=0.00m; nom=1.00; commune=0.00; priorite=4
e60088e9-cf94-4e41-ae65-a5390866b4b8,f83af651-ebc4-4659-9bf0-c48e8b169e58,ce3991dd-fa6f-44ae-96f3-b554d8b6dcd6,infra.decharge,43,f9ef742c-8e98-4096-838c-3ba08b4b017d,0.0,0.7400,DUPLICATE_EXACT,néant,Néant,,Sidi Allal Tazi,DECHARGE,infra.decharge_inventaire_pollution_general,MANUAL_REVIEW_REQUIRED,1,PENDING,distance=0.00m; nom=1.00; commune=0.00; priorite=4
e60088e9-cf94-4e41-ae65-a5390866b4b8,e4859c84-7a4e-47a5-b027-93a77332529d,5bde230f-4cd3-4d4d-99b3-433ab875f923,infra.decharge,67,c632a2d3-af7a-4aa6-b0d1-7cdef7b52751,0.0,0.7400,DUPLICATE_EXACT,decharge khemisset,Decharge khemisset,,Ait ouribel,DECHARGE,infra.decharge_inventaire_pollution_general,MANUAL_REVIEW_REQUIRED,1,PENDING,distance=0.00m; nom=1.00; commune=0.00; priorite=4
e60088e9-cf94-4e41-ae65-a5390866b4b8,5750fbfc-13d6-4d60-b9ec-daff1bfc9636,a5bf7035-8e97-4d93-9af4-88fb3c027e29,infra.decharge,229,6be34e53-2a66-4f2c-84a8-46d5e3304459,0.0,0.7400,DUPLICATE_EXACT,kasbat mehdia,Kasbat Mehdia,,Mhedya,DECHARGE,infra.decharge_inventaire_pollution,MANUAL_REVIEW_REQUIRED,1,PENDING,distance=0.00m; nom=1.00; commune=0.00; priorite=4
e60088e9-cf94-4e41-ae65-a5390866b4b8,94797bfb-7836-42b0-9778-afb40b76525d,c139ecb8-344e-444f-bc90-b75005969b4d,infra.decharge,230,d11fee06-7098-4c9c-892a-ccb9117cdad2,0.0,0.7400,DUPLICATE_EXACT,dandoune,Dandoune,,Sidi Taibi,DECHARGE,infra.decharge_inventaire_pollution,MANUAL_REVIEW_REQUIRED,1,PENDING,distance=0.00m; nom=1.00; commune=0.00; priorite=4
e60088e9-cf94-4e41-ae65-a5390866b4b8,bf8f88b3-6530-4e5c-9faf-5445fed15636,15cdd577-ae02-4ae2-b25b-58925821fb6d,infra.decharge,69,c632a2d3-af7a-4aa6-b0d1-7cdef7b52751,0.0,0.7400,DUPLICATE_EXACT,decharge khemisset,Decharge khemisset,,Ait ouribel,DECHARGE,infra.decharge_inventaire_pollution_general,MANUAL_REVIEW_REQUIRED,1,PENDING,distance=0.00m; nom=1.00; commune=0.00; priorite=4
e60088e9-cf94-4e41-ae65-a5390866b4b8,93e3cccb-da61-4267-9d04-96e9c87d6bad,686f5259-f50d-43a7-b1a4-68e86742edcc,infra.decharge,72,c632a2d3-af7a-4aa6-b0d1-7cdef7b52751,0.0,0.7400,DUPLICATE_EXACT,decharge khemisset,Decharge khemisset,,Ait ouribel,DECHARGE,infra.decharge_inventaire_pollution_general,MANUAL_REVIEW_REQUIRED,1,PENDING,distance=0.00m; nom=1.00; commune=0.00; priorite=4
e60088e9-cf94-4e41-ae65-a5390866b4b8,2a49f5f4-adbb-412b-bbdf-84b3eda52a76,b7d751ca-a3b0-4945-bd83-96da7d78b111,infra.decharge,75,c632a2d3-af7a-4aa6-b0d1-7cdef7b52751,0.0,0.7400,DUPLICATE_EXACT,decharge khemisset,Decharge khemisset,,Ait ouribel,DECHARGE,infra.decharge_inventaire_pollution_general,MANUAL_REVIEW_REQUIRED,1,PENDING,distance=0.00m; nom=1.00; commune=0.00; priorite=4
e60088e9-cf94-4e41-ae65-a5390866b4b8,fa3d06c3-69ed-4dc5-a45d-a1a85b3d77cb,307d147c-bdd7-4992-baa9-6f469cc14671,infra.decharge,211,8a9aa444-2a49-4f79-9830-16f9682aa200,0.0,0.7400,DUPLICATE_EXACT,douyez,DOUYEZ,,Ait saghrouchen,DECHARGE,infra.decharge_inventaire_pollution_general,MANUAL_REVIEW_REQUIRED,1,PENDING,distance=0.00m; nom=1.00; commune=0.00; priorite=4
e60088e9-cf94-4e41-ae65-a5390866b4b8,053b5c96-b943-4395-b208-1c9a98378c67,97708088-dfb9-4f09-9805-528599effd79,infra.decharge,212,8a9aa444-2a49-4f79-9830-16f9682aa200,0.0,0.7400,DUPLICATE_EXACT,douyez,DOUYEZ,,Ait saghrouchen,DECHARGE,infra.decharge_inventaire_pollution_general,MANUAL_REVIEW_REQUIRED,1,PENDING,distance=0.00m; nom=1.00; commune=0.00; priorite=4
e60088e9-cf94-4e41-ae65-a5390866b4b8,8f2fc766-af43-4d52-92ba-5daa55a6eb37,8b773f58-5aaa-44e8-87a5-1fd75cfade07,infra.decharge,224,f671bf6e-f6ba-4c85-a6de-ed08a28edfdd,0.0,0.7400,DUPLICATE_EXACT,msila,MSILA,,MSILA,DECHARGE,infra.decharge_inventaire_pollution_general,MANUAL_REVIEW_REQUIRED,1,PENDING,distance=0.00m; nom=1.00; commune=0.00; priorite=4
e60088e9-cf94-4e41-ae65-a5390866b4b8,ca5cd6f2-2bff-4789-ae9b-dcbe0f1f913e,ac00b99a-4964-4348-b69b-68111828e447,infra.decharge,226,71277417-1a85-486c-a3e0-e1382990ce7e,0.0,0.7400,DUPLICATE_EXACT,bni ftah,Bni ftah,,Bni ftah,DECHARGE,infra.decharge_inventaire_pollution_general,MANUAL_REVIEW_REQUIRED,1,PENDING,distance=0.00m; nom=1.00; commune=0.00; priorite=4
e60088e9-cf94-4e41-ae65-a5390866b4b8,16a013c3-faba-4383-95a4-3563d69c584d,cd63d944-9fd1-446c-a968-53a7f8334c5f,infra.decharge,216,7b9c9deb-dfcf-4dd9-abb9-aa6f79d2cd83,0.0,0.7400,DUPLICATE_EXACT,pas de nom,Pas de nom,,Bourd,DECHARGE,infra.decharge_inventaire_pollution_general,MANUAL_REVIEW_REQUIRED,1,PENDING,distance=0.00m; nom=1.00; commune=0.00; priorite=4
e60088e9-cf94-4e41-ae65-a5390866b4b8,7fbf573d-a3ef-4902-bb2b-114ad82f19a7,656d3966-281a-4efd-a60b-84648d12e8e1,infra.decharge,217,ab8d6841-66ad-47a0-b4a9-50cfb2044f9a,0.0,0.7400,DUPLICATE_EXACT,ajdir,Ajdir,,Ajdir,DECHARGE,infra.decharge_inventaire_pollution_general,MANUAL_REVIEW_REQUIRED,1,PENDING,distance=0.00m; nom=1.00; commune=0.00; priorite=4
e60088e9-cf94-4e41-ae65-a5390866b4b8,be921d59-d2fe-43e1-8fd6-2167ef51501c,2a047847-9976-4aac-b6ec-c846a09f3855,infra.decharge,133,32127fa9-16a3-49ca-a2a4-3b84dbdd700c,0.0,0.7400,DUPLICATE_EXACT,néant,Néant,,Sidi Azzouz,DECHARGE,infra.decharge_inventaire_pollution_general,MANUAL_REVIEW_REQUIRED,1,PENDING,distance=0.00m; nom=1.00; commune=0.00; priorite=4
e60088e9-cf94-4e41-ae65-a5390866b4b8,309ff1fb-315f-444a-bbc7-13532ed28133,e03d312a-1fe4-4a36-b3ea-87e883a9600d,infra.mine,1,7e2e1520-678e-4278-9b0b-8d69982caca4,0.0,0.7400,DUPLICATE_EXACT,Ste ZMFC,Ste ZMFC,,Guigou,MINE,infra.mine_inventaire_pollution,MANUAL_REVIEW_REQUIRED,1,PENDING,distance=0.00m; nom=1.00; commune=0.00; priorite=4
e60088e9-cf94-4e41-ae65-a5390866b4b8,83e0cf71-2790-4a75-bfb1-5398059a5090,90daba98-be2e-4eea-8a4b-de5d2db92e04,infra.mine,2,a7f8caa9-e0e8-4e45-840d-e743286507dd,0.0,0.7400,DUPLICATE_EXACT,STE OMYA,STE OMYA,,Serghina,MINE,infra.mine_inventaire_pollution,MANUAL_REVIEW_REQUIRED,1,PENDING,distance=0.00m; nom=1.00; commune=0.00; priorite=4
e60088e9-cf94-4e41-ae65-a5390866b4b8,6acaf63b-2749-46c9-b6bf-a8f39abc8d58,6ce374d7-8c65-4d73-af42-57e38246a0da,infra.mine,3,0503063f-6bf7-49fa-9d1e-fcd2e3dfa7bc,0.0,0.7400,DUPLICATE_EXACT,Ste Atlas Calcite,Ste Atlas Calcite,,Serghina,MINE,infra.mine_inventaire_pollution,MANUAL_REVIEW_REQUIRED,1,PENDING,distance=0.00m; nom=1.00; commune=0.00; priorite=4
e60088e9-cf94-4e41-ae65-a5390866b4b8,c915d57f-55e5-46be-b25e-947c7fe65268,ed28c0d5-4148-4102-8244-cf7bfb63b236,infra.mine,4,c929624a-db01-4a89-9ff5-35292a6b093d,0.0,0.7400,DUPLICATE_EXACT,Ste Minière Elkheir,Ste Minière Elkheir,,Serghina,MINE,infra.mine_inventaire_pollution,MANUAL_REVIEW_REQUIRED,1,PENDING,distance=0.00m; nom=1.00; commune=0.00; priorite=4
e60088e9-cf94-4e41-ae65-a5390866b4b8,3bb110b4-6d17-4cb3-913d-c172a114fc35,14c69ba3-724a-4fb5-acb4-80083c0af5ee,infra.mine,8,45409a2b-ea0c-4407-b7ec-abc05a299220,0.0,0.7400,DUPLICATE_EXACT,Sté SALINE LUX,Sté SALINE LUX,,Sidi Boubker El Haj,MINE,infra.mine_inventaire_pollution,MANUAL_REVIEW_REQUIRED,1,PENDING,distance=0.00m; nom=1.00; commune=0.00; priorite=4
e60088e9-cf94-4e41-ae65-a5390866b4b8,9cf38ee0-14bd-4809-8ae3-0ad2c4831a07,d230c3d9-4bb4-47dc-b0e2-9175705e6410,infra.mine,9,904abe24-301e-42c3-98e2-feffb4bbb967,0.0,0.7400,DUPLICATE_EXACT,FAHSI SEL,FAHSI SEL,,Beni Malek,MINE,infra.mine_inventaire_pollution,MANUAL_REVIEW_REQUIRED,1,PENDING,distance=0.00m; nom=1.00; commune=0.00; priorite=4
e60088e9-cf94-4e41-ae65-a5390866b4b8,925c46c2-15fb-45e5-a93c-3857fd3a2ea2,9cfe8405-e509-4699-b660-d10277e4a79a,infra.mine,25,2052a482-ac28-4929-85f1-d98a137628cb,0.0,0.7400,DUPLICATE_EXACT,STE INTERSELING,STE INTERSELING,,Bab Merzouka,MINE,infra.mine_inventaire_pollution,MANUAL_REVIEW_REQUIRED,1,PENDING,distance=0.00m; nom=1.00; commune=0.00; priorite=4
e60088e9-cf94-4e41-ae65-a5390866b4b8,817bbfc1-cf9a-4773-8648-4f4e1951239d,711c7ee9-96a1-4ae7-94b6-121df9d7e427,infra.mine,26,dafc1243-91d5-4c18-b6c4-122ec2e20cba,0.0,0.7400,DUPLICATE_EXACT,STE EXPLOI SEL,STE EXPLOI SEL,,Taifa,MINE,infra.mine_inventaire_pollution,MANUAL_REVIEW_REQUIRED,1,PENDING,distance=0.00m; nom=1.00; commune=0.00; priorite=4
e60088e9-cf94-4e41-ae65-a5390866b4b8,73bd0cf8-0cb1-4e0b-9f7e-716bac0014fe,67db6f05-4243-4a81-8d6e-fb8fcc6d27c4,infra.mine,5,50fe9f08-87f2-46ec-b9ed-21e47b0ef2d6,0.0,0.7400,DUPLICATE_EXACT,Ste TA GROUT,Ste TA GROUT,,Talzemt,MINE,infra.mine_inventaire_pollution,MANUAL_REVIEW_REQUIRED,1,PENDING,distance=0.00m; nom=1.00; commune=0.00; priorite=4
e60088e9-cf94-4e41-ae65-a5390866b4b8,27f438b5-8db9-4581-a81b-5fb6c803a36b,c7fd68b8-d2ae-4cb4-b3e3-6bf19965b913,infra.mine,6,bf212695-f1b4-4f12-bce8-c9409a431185,0.0,0.7400,DUPLICATE_EXACT,Ste ZMFC,Ste ZMFC,,Talzemt,MINE,infra.mine_inventaire_pollution,MANUAL_REVIEW_REQUIRED,1,PENDING,distance=0.00m; nom=1.00; commune=0.00; priorite=4
e60088e9-cf94-4e41-ae65-a5390866b4b8,c5bebb41-0b37-48bb-95ce-1ee33ac5b521,14a401eb-0c02-4fb3-9a5d-e44f637ce8d2,infra.mine,28,6af8728a-63c9-4c30-aac9-3b883ca460c9,0.0,0.7400,DUPLICATE_EXACT,STE HERIIERS LAFQUIH 2,STE HERIIERS LAFQUIH 2,,Bni Lent,MINE,infra.mine_inventaire_pollution,MANUAL_REVIEW_REQUIRED,1,PENDING,distance=0.00m; nom=1.00; commune=0.00; priorite=4
e60088e9-cf94-4e41-ae65-a5390866b4b8,0510c4e8-6c50-4376-87df-a81cffdf2d48,6cccec78-0704-4750-ba81-a7c93513f370,infra.mine,29,374ce75b-8be3-4f80-a0a1-df44a3622a94,0.0,0.7400,DUPLICATE_EXACT,ATLAMIR,ATLAMIR,,Louadaine,MINE,infra.mine_inventaire_pollution,MANUAL_REVIEW_REQUIRED,1,PENDING,distance=0.00m; nom=1.00; commune=0.00; priorite=4
e60088e9-cf94-4e41-ae65-a5390866b4b8,6a8c10d0-6a2a-4081-b372-1fda8865ba74,b76ea014-e347-4a3f-a8bf-b633e35a2672,infra.decharge,189,652c727b-b994-4986-bf6d-abeb00075c5f,0.0,0.7400,DUPLICATE_EXACT,zaggota,Zaggota,,Zeggota,DECHARGE,infra.decharge_inventaire_pollution_general,MANUAL_REVIEW_REQUIRED,1,PENDING,distance=0.00m; nom=1.00; commune=0.00; priorite=4
e60088e9-cf94-4e41-ae65-a5390866b4b8,133c53f8-a41f-4252-99da-c33831a6de3e,b8bc7feb-8dab-4885-9f77-727448e61c8e,infra.decharge,118,e9f92b53-303d-4fab-baf4-f48088aa384c,0.0,0.7400,DUPLICATE_EXACT,bab tiouka,bab tiouka,,Sidi kacem,DECHARGE,infra.decharge_inventaire_pollution_general,MANUAL_REVIEW_REQUIRED,1,PENDING,distance=0.00m; nom=1.00; commune=0.00; priorite=4
e60088e9-cf94-4e41-ae65-a5390866b4b8,5b5bc956-326f-4c82-b049-528635578b3c,1a57116a-e161-4967-a3e5-b1cee2a64b6c,infra.decharge,9,75832eba-082a-4498-89fb-69adfecca817,0.0,0.7400,DUPLICATE_EXACT,ouled berjal,Ouled berjal,,Kénitra,DECHARGE,infra.decharge_inventaire_pollution_general,MANUAL_REVIEW_REQUIRED,1,PENDING,distance=0.00m; nom=1.00; commune=0.00; priorite=4
e60088e9-cf94-4e41-ae65-a5390866b4b8,d4b356b5-ef50-4b74-b136-883bc29ff2c8,b19497b1-48b5-46ab-9fc7-80f82d3c7b8c,infra.decharge,119,e9f92b53-303d-4fab-baf4-f48088aa384c,0.0,0.7400,DUPLICATE_EXACT,bab tiouka,bab tiouka,,Sidi kacem,DECHARGE,infra.decharge_inventaire_pollution_general,MANUAL_REVIEW_REQUIRED,1,PENDING,distance=0.00m; nom=1.00; commune=0.00; priorite=4
e60088e9-cf94-4e41-ae65-a5390866b4b8,5c6b010f-9365-45d2-8d9d-93ca3d51e95b,863e3ffa-098f-4097-a7de-b36015db7989,infra.decharge,128,b45c53d9-c8bd-46d7-911c-fe2fdd662f32,0.0,0.7400,DUPLICATE_EXACT,ancienne decharge du centre khnichet,Ancienne decharge du centre khnichet,,khnichet,DECHARGE,infra.decharge_inventaire_pollution_general,MANUAL_REVIEW_REQUIRED,1,PENDING,distance=0.00m; nom=1.00; commune=0.00; priorite=4
e60088e9-cf94-4e41-ae65-a5390866b4b8,181649f7-75ed-4db2-9ebb-bd5e88cd3226,70e0fe05-92df-4f39-aa46-f3d502cdb255,infra.decharge,122,5849fdfa-a243-46eb-9430-e326529fd187,0.0,0.7400,DUPLICATE_EXACT,ain dfali,Ain dfali,,Ain dfali,DECHARGE,infra.decharge_inventaire_pollution_general,MANUAL_REVIEW_REQUIRED,1,PENDING,distance=0.00m; nom=1.00; commune=0.00; priorite=4
e60088e9-cf94-4e41-ae65-a5390866b4b8,1b419e05-5b80-4e28-bd5e-79bbcad86856,aa5783f0-a560-40ac-adc1-46382f737f1d,infra.decharge,126,9c8646de-e487-4803-bf96-1899ff6e977f,0.0,0.7400,DUPLICATE_EXACT,néant,Néant,,Al Haouafate,DECHARGE,infra.decharge_inventaire_pollution_general,MANUAL_REVIEW_REQUIRED,1,PENDING,distance=0.00m; nom=1.00; commune=0.00; priorite=4
e60088e9-cf94-4e41-ae65-a5390866b4b8,430f617b-50a5-4394-9881-caf6cacfeced,1dd95b7f-450a-40e3-86d3-be2a4563f160,infra.decharge,74,ef0832e5-31c9-43fc-9187-7cc9c1fff8fb,0.0,0.7400,DUPLICATE_EXACT,décharge de la commune,Décharge de la Commune,,Morgane,DECHARGE,infra.decharge_inventaire_pollution_general,MANUAL_REVIEW_REQUIRED,1,PENDING,distance=0.00m; nom=1.00; commune=0.00; priorite=4
e60088e9-cf94-4e41-ae65-a5390866b4b8,f92ab226-5cce-4da5-9e45-007c1cb66288,9717fcd2-189b-4770-8a42-8ddb1d58ee67,infra.decharge,22,91e93f44-53a7-4361-9cb7-a41ec1d6a885,0.0,0.7400,DUPLICATE_EXACT,la commune,La commune,,Moulay Bouselham,DECHARGE,infra.decharge_inventaire_pollution_general,MANUAL_REVIEW_REQUIRED,1,PENDING,distance=0.00m; nom=1.00; commune=0.00; priorite=4
e60088e9-cf94-4e41-ae65-a5390866b4b8,769af982-6862-41ac-bfe8-910e65de0425,8d6dc6db-2060-4b6a-bd98-09f186f70de8,infra.decharge,7,60fda689-7bff-4958-a108-fa884aca20d6,0.0,0.7400,DUPLICATE_EXACT,commune,Commune,,Arbaoua,DECHARGE,infra.decharge_inventaire_pollution_general,MANUAL_REVIEW_REQUIRED,1,PENDING,distance=0.00m; nom=1.00; commune=0.00; priorite=4
e60088e9-cf94-4e41-ae65-a5390866b4b8,556bc97b-2c8f-448a-9fd5-9c6314b172a9,12e18be3-beb7-4641-b4e5-158a3201edbf,infra.decharge,78,7e5b5548-02d6-4046-9a63-8d2a1fe194d7,0.0,0.7400,DUPLICATE_EXACT,décharge de la commune au niveau souk,Décharge de la Commune au niveau souk,,Souk Tlet El Gherb,DECHARGE,infra.decharge_inventaire_pollution_general,MANUAL_REVIEW_REQUIRED,1,PENDING,distance=0.00m; nom=1.00; commune=0.00; priorite=4
e60088e9-cf94-4e41-ae65-a5390866b4b8,6b554c77-bbe7-47c9-b6b2-bacc949258de,7484ff42-68fc-4df5-9863-a34d91275743,infra.decharge,192,2805b74f-2d40-4329-b649-4d357c7cff34,0.0,0.7400,DUPLICATE_EXACT,sidi yahya el ghareb,Sidi Yahya El Ghareb,,Sidi Yahya El Ghareb,DECHARGE,infra.decharge_inventaire_pollution_general,MANUAL_REVIEW_REQUIRED,1,PENDING,distance=0.00m; nom=1.00; commune=0.00; priorite=4
e60088e9-cf94-4e41-ae65-a5390866b4b8,5d39b9d5-cc31-4f90-96f2-aa9636da0cdf,802027fc-01cb-4b8a-937a-452db0618ea3,infra.decharge,105,009f5446-73ea-42f3-8b26-99a307e5e801,0.0,0.7400,DUPLICATE_EXACT,décharge publique,Décharge publique,,Ait siberne,DECHARGE,infra.decharge_inventaire_pollution_general,MANUAL_REVIEW_REQUIRED,1,PENDING,distance=0.00m; nom=1.00; commune=0.00; priorite=4
e60088e9-cf94-4e41-ae65-a5390866b4b8,6ac6d18c-b195-42b5-be9c-31f267126e3d,9e05c057-ee0a-4cda-85c1-e39903bae251,infra.decharge,45,8352a46b-009c-46e1-8c33-acdb5b3b9a8f,0.0,0.7400,DUPLICATE_EXACT, sidi ameur al hadi,Sidi Ameur Al Hadi,,Sidi Ameur Al Hadi,DECHARGE,infra.decharge_inventaire_pollution_general,MANUAL_REVIEW_REQUIRED,1,PENDING,distance=0.00m; nom=1.00; commune=0.00; priorite=4
e60088e9-cf94-4e41-ae65-a5390866b4b8,3b5e3a8f-cbc3-4ad2-ba93-7035fdbaa362,f13bc23e-ddef-4d93-85ee-3a1fb0a1d237,infra.decharge,132,62e2fa37-225b-41d0-8f9d-c989c6af5e17,0.0,0.7400,DUPLICATE_EXACT,néant,Néant,,Selfat,DECHARGE,infra.decharge_inventaire_pollution_general,MANUAL_REVIEW_REQUIRED,1,PENDING,distance=0.00m; nom=1.00; commune=0.00; priorite=4
e60088e9-cf94-4e41-ae65-a5390866b4b8,7f2c3977-8740-456c-9609-1d572c704f18,6be6eee7-5515-4795-a6ba-5a7efe2d2744,infra.decharge,10,c12ed63a-afcc-4add-95c9-cf602338a9b5,0.0,0.7400,DUPLICATE_EXACT,lalla mimouna centre,Lalla Mimouna centre,,Lalla Mimouna centre,DECHARGE,infra.decharge_inventaire_pollution_general,MANUAL_REVIEW_REQUIRED,1,PENDING,distance=0.00m; nom=1.00; commune=0.00; priorite=4
e60088e9-cf94-4e41-ae65-a5390866b4b8,d4311e35-ee3f-4175-97ca-b411d890f0ec,febab909-8102-4688-b9ce-cd3994ef9123,infra.decharge,129,3020f60a-77ac-4911-9b08-708135aea007,0.0,0.7400,DUPLICATE_EXACT,decharge de la commune nouirate ,Decharge de la commune Nouirate,,Mechraa bel ksiri,DECHARGE,infra.decharge_inventaire_pollution_general,MANUAL_REVIEW_REQUIRED,1,PENDING,distance=0.00m; nom=1.00; commune=0.00; priorite=4
e60088e9-cf94-4e41-ae65-a5390866b4b8,3ffec1a3-1b8d-4e68-bec1-fb8a1f4f4868,d8f2253b-b74b-4deb-93cd-18b2249490cf,infra.decharge,130,16b49cda-2d14-4e9d-a149-e084cb2939cd,0.0,0.7400,DUPLICATE_EXACT,néant,Néant,,Nouirate,DECHARGE,infra.decharge_inventaire_pollution_general,MANUAL_REVIEW_REQUIRED,1,PENDING,distance=0.00m; nom=1.00; commune=0.00; priorite=4
e60088e9-cf94-4e41-ae65-a5390866b4b8,4a5a0884-d0c8-42d0-bb81-958be46aeda7,4a7cc349-1b44-4f07-aa62-dfc6f4d59aae,infra.decharge,121,bbde937f-87aa-41eb-a46d-96a71e4181de,0.0,0.7400,DUPLICATE_EXACT, habbra,HABBRA,,Had kourt,DECHARGE,infra.decharge_inventaire_pollution_general,MANUAL_REVIEW_REQUIRED,1,PENDING,distance=0.00m; nom=1.00; commune=0.00; priorite=4
e60088e9-cf94-4e41-ae65-a5390866b4b8,cb44a9f2-7b15-4075-a8e1-28fd1cf31729,5084aeb7-0e6e-4bb8-b7fa-1637bf237267,infra.decharge,127,52f9f619-d007-4e71-97fd-149c1dafab21,0.0,0.7400,DUPLICATE_EXACT,decharge publique de jorf el melha,Decharge publique de jorf el melha,,Jorf el melha,DECHARGE,infra.decharge_inventaire_pollution_general,MANUAL_REVIEW_REQUIRED,1,PENDING,distance=0.00m; nom=1.00; commune=0.00; priorite=4
e60088e9-cf94-4e41-ae65-a5390866b4b8,887804d6-8442-4656-bc2b-02b2e921ea44,43289455-3b37-4741-96d0-2f42e69a76e4,infra.decharge,125,b24133d5-464d-4e82-bd9c-f91fe4b32da8,0.0,0.7400,DUPLICATE_EXACT,dar el gueddari,Dar El Gueddari,,Dar El Gueddari,DECHARGE,infra.decharge_inventaire_pollution_general,MANUAL_REVIEW_REQUIRED,1,PENDING,distance=0.00m; nom=1.00; commune=0.00; priorite=4
e60088e9-cf94-4e41-ae65-a5390866b4b8,27d2b18b-0b60-45e1-801b-5a21128ea886,ca882d9d-0863-45b9-a48e-1a04225de070,infra.decharge,120,66420067-3d6f-47c0-b185-5fc80e4868ab,0.0,0.7400,DUPLICATE_EXACT,chbanate,Chbanate,,Chbanate,DECHARGE,infra.decharge_inventaire_pollution_general,MANUAL_REVIEW_REQUIRED,1,PENDING,distance=0.00m; nom=1.00; commune=0.00; priorite=4
e60088e9-cf94-4e41-ae65-a5390866b4b8,910a4b43-a75c-4a53-ab42-f696b8f63121,1e9fa39d-011e-45d5-8174-ca7be3a45d75,infra.decharge,144,428c19f1-d40b-41af-a507-dbd97864ad5e,0.0,0.7400,DUPLICATE_EXACT,depots a cote du souk,Depots a cote du souk,,Sefsaf,DECHARGE,infra.decharge_inventaire_pollution_general,MANUAL_REVIEW_REQUIRED,1,PENDING,distance=0.00m; nom=1.00; commune=0.00; priorite=4
e60088e9-cf94-4e41-ae65-a5390866b4b8,147380d8-e351-40e0-a3ec-f35edd833392,8b40ad98-a52a-4f59-8e50-967d53c8c35b,infra.decharge,91,b2f46094-aab6-4881-9b83-a87e6d8f1c5f,0.0,0.7400,DUPLICATE_EXACT,néant,Néant,,Lamjaara,DECHARGE,infra.decharge_inventaire_pollution_general,MANUAL_REVIEW_REQUIRED,1,PENDING,distance=0.00m; nom=1.00; commune=0.00; priorite=4
e60088e9-cf94-4e41-ae65-a5390866b4b8,4677f735-92c1-4985-ae19-6de1705aaa69,96148d67-a49b-4f96-a75e-9d61faf50bfe,infra.decharge,145,cc941929-a34f-49a5-bea8-72543ef4deb7,0.0,0.7400,DUPLICATE_EXACT,dar bel amri,Dar bel amri,,Dar bel amri,DECHARGE,infra.decharge_inventaire_pollution_general,MANUAL_REVIEW_REQUIRED,1,PENDING,distance=0.00m; nom=1.00; commune=0.00; priorite=4
e60088e9-cf94-4e41-ae65-a5390866b4b8,32abbe47-d763-4310-934e-d0e2768cc358,4d9a44bc-ef22-4718-8ed1-5b3030d7005c,infra.decharge,92,d30ea909-404a-4abb-9aff-6fd494c7a4e3,0.0,0.7400,DUPLICATE_EXACT,néant,Néant,,Teroual,DECHARGE,infra.decharge_inventaire_pollution_general,MANUAL_REVIEW_REQUIRED,1,PENDING,distance=0.00m; nom=1.00; commune=0.00; priorite=4
e60088e9-cf94-4e41-ae65-a5390866b4b8,7e9aadd2-db0d-4e52-81f0-b4f868124b42,cdec8331-10cc-4bd5-82f5-b56912998207,infra.decharge,28,2aec2f76-4781-40db-8094-5bb5fddbfce5,0.0,0.7400,DUPLICATE_EXACT,bou ahmed,Bou ahmed,,Bni selmane,DECHARGE,infra.decharge_inventaire_pollution_general,MANUAL_REVIEW_REQUIRED,1,PENDING,distance=0.00m; nom=1.00; commune=0.00; priorite=4
e60088e9-cf94-4e41-ae65-a5390866b4b8,abafb03b-9911-44d3-81c1-bf4fe8e1c0c5,6935c7ea-3aa7-4c3c-9cc1-37fefd461a95,infra.decharge,55,a3f5445e-12c1-45dd-82a9-6de1f1064f16,0.0,0.7400,DUPLICATE_EXACT,sidi hjaj,sidi hjaj,,Bni ahmed charqia,DECHARGE,infra.decharge_inventaire_pollution_general,MANUAL_REVIEW_REQUIRED,1,PENDING,distance=0.00m; nom=1.00; commune=0.00; priorite=4
e60088e9-cf94-4e41-ae65-a5390866b4b8,4ff50817-2a05-47df-a776-57e36d59d0ff,b6fef32e-a2f7-438b-8363-2080e4292aeb,infra.decharge,27,3575641a-ce7f-46a4-9f68-b3c62893694d,0.0,0.7400,DUPLICATE_EXACT,hab lamlouk,hab lamlouk,,Tamorot,DECHARGE,infra.decharge_inventaire_pollution_general,MANUAL_REVIEW_REQUIRED,1,PENDING,distance=0.00m; nom=1.00; commune=0.00; priorite=4
e60088e9-cf94-4e41-ae65-a5390866b4b8,5a678c92-01a1-4def-8b83-410d08b9e5ed,9f7a2d36-e4da-4427-bb61-95c666678383,infra.decharge,18,65b83198-0865-4d79-b799-1133017c6ea1,0.0,0.7400,DUPLICATE_EXACT,el hafa,El hafa,,Bab berred,DECHARGE,infra.decharge_inventaire_pollution_general,MANUAL_REVIEW_REQUIRED,1,PENDING,distance=0.00m; nom=1.00; commune=0.00; priorite=4
e60088e9-cf94-4e41-ae65-a5390866b4b8,2cd8eb5e-58e2-47bd-94f0-450dfa17b659,89ea440f-a82f-496c-a2ba-a826efde90fd,infra.decharge,31,39c4a84b-4147-4044-bfe2-e75dc5f579d3,0.0,0.7400,DUPLICATE_EXACT, fifi,Fifi,,Fifi,DECHARGE,infra.decharge_inventaire_pollution_general,MANUAL_REVIEW_REQUIRED,1,PENDING,distance=0.00m; nom=1.00; commune=0.00; priorite=4
e60088e9-cf94-4e41-ae65-a5390866b4b8,c522dfad-9035-4e45-b5e3-a188419f372e,fa56ce10-5344-4f26-9553-353d4bbf7e24,infra.decharge,3,5f1b18db-4825-4cad-9df1-5167a8ada3e6,0.0,0.7400,DUPLICATE_EXACT,bni ammart,Bni ammart,,Bni ammart,DECHARGE,infra.decharge_inventaire_pollution_general,MANUAL_REVIEW_REQUIRED,1,PENDING,distance=0.00m; nom=1.00; commune=0.00; priorite=4
e60088e9-cf94-4e41-ae65-a5390866b4b8,af8b46c1-2f8c-4301-80b1-7cb5e779ea11,e653c76c-30d7-4f57-bd1f-709225169bfb,infra.decharge,8,2bc00d19-8710-4c39-80ff-1eb78b3f04d0,0.0,0.7400,DUPLICATE_EXACT,ketama,Ketama,,Ketama,DECHARGE,infra.decharge_inventaire_pollution_general,MANUAL_REVIEW_REQUIRED,1,PENDING,distance=0.00m; nom=1.00; commune=0.00; priorite=4
e60088e9-cf94-4e41-ae65-a5390866b4b8,58cf4b49-bd45-4c7d-9b18-3f2228a6e134,b86492dc-b7d8-40d0-9d66-119b9ad37e8e,infra.decharge,2,6ad25e3e-97a2-4372-bb2c-7834c83ce983,0.0,0.7400,DUPLICATE_EXACT,bni ahmed lmoukazan,Bni ahmed lmoukazan,,Bni ahmed lmoukazan,DECHARGE,infra.decharge_inventaire_pollution_general,MANUAL_REVIEW_REQUIRED,1,PENDING,distance=0.00m; nom=1.00; commune=0.00; priorite=4
e60088e9-cf94-4e41-ae65-a5390866b4b8,4aa652df-9d39-4fe3-8db3-1ee28f811e27,f516ec2f-fd5f-4b20-bfcd-82648e960b6f,infra.decharge,6,4fa5f31c-4c0d-4f29-8df2-a8b91fcc9422,0.0,0.7400,DUPLICATE_EXACT,bni bounsar,Bni bounsar,,Bni bounsar,DECHARGE,infra.decharge_inventaire_pollution_general,MANUAL_REVIEW_REQUIRED,1,PENDING,distance=0.00m; nom=1.00; commune=0.00; priorite=4
e60088e9-cf94-4e41-ae65-a5390866b4b8,321993dd-973c-4c03-ac0b-1c3403cf01c2,6354a0d9-4d76-483f-82f5-bdcaa9619836,infra.decharge,17,e0caeac9-c931-4764-8d27-f7c1daba0dbc,0.0,0.7400,DUPLICATE_EXACT,bab dhammou,Bab dhammou,,Bni darkoul,DECHARGE,infra.decharge_inventaire_pollution_general,MANUAL_REVIEW_REQUIRED,1,PENDING,distance=0.00m; nom=1.00; commune=0.00; priorite=4
e60088e9-cf94-4e41-ae65-a5390866b4b8,fc8dc9e4-252d-44da-8a21-b7f2b8d93dd7,1a0ed29c-5de1-4817-ae33-bda096e056c9,infra.decharge,19,e0caeac9-c931-4764-8d27-f7c1daba0dbc,0.0,0.7400,DUPLICATE_EXACT,bab dhammou,Bab dhammou,,Bni darkoul,DECHARGE,infra.decharge_inventaire_pollution_general,MANUAL_REVIEW_REQUIRED,1,PENDING,distance=0.00m; nom=1.00; commune=0.00; priorite=4
e60088e9-cf94-4e41-ae65-a5390866b4b8,8e921731-7cde-46e7-a7ba-90de2584e49a,e93a4fa5-1780-4a24-ac66-87f69b6adacb,infra.decharge,24,e0caeac9-c931-4764-8d27-f7c1daba0dbc,0.0,0.7400,DUPLICATE_EXACT,bab dhammou,Bab dhammou,,Bni darkoul,DECHARGE,infra.decharge_inventaire_pollution_general,MANUAL_REVIEW_REQUIRED,1,PENDING,distance=0.00m; nom=1.00; commune=0.00; priorite=4
e60088e9-cf94-4e41-ae65-a5390866b4b8,e320190f-03be-44be-8f8c-b0c095ae608b,9ba7df67-8a50-45aa-9240-b6f0cb7248ea,infra.decharge,25,e0caeac9-c931-4764-8d27-f7c1daba0dbc,0.0,0.7400,DUPLICATE_EXACT,bab dhammou,Bab dhammou,,Bni darkoul,DECHARGE,infra.decharge_inventaire_pollution_general,MANUAL_REVIEW_REQUIRED,1,PENDING,distance=0.00m; nom=1.00; commune=0.00; priorite=4
e60088e9-cf94-4e41-ae65-a5390866b4b8,d9510444-5bd2-4074-9721-0f4eb4e76843,b0d5db46-57df-417e-9b9c-b2aa251b1b11,infra.decharge,170,87acb4a3-b0c7-4339-88d7-ea550f17e5e8,0.0,0.7400,DUPLICATE_EXACT,agourai,Agourai,,Agourai,DECHARGE,infra.decharge_inventaire_pollution_general,MANUAL_REVIEW_REQUIRED,1,PENDING,distance=0.00m; nom=1.00; commune=0.00; priorite=4
e60088e9-cf94-4e41-ae65-a5390866b4b8,4f5b902a-5d47-429e-b6ec-cc7a78992a78,92745004-bc87-495a-87d7-24fcd8f4c453,infra.decharge,185,5044e3b5-0ada-4724-99be-dc46400540be,0.0,0.7400,DUPLICATE_EXACT,imouzzer kandar,IMOUZZER KANDAR,,IMOUZZER KANDAR,DECHARGE,infra.decharge_inventaire_pollution_general,MANUAL_REVIEW_REQUIRED,1,PENDING,distance=0.00m; nom=1.00; commune=0.00; priorite=4
e60088e9-cf94-4e41-ae65-a5390866b4b8,089f2981-831c-4f12-9c9a-d836751e7c1a,e1a47468-8c62-4cc0-8b0c-48404b0488d3,infra.decharge,98,31beed27-17b2-4f88-b5a3-d255bf3619bd,0.0,0.7400,DUPLICATE_EXACT,décharge m'haya,Décharge M'haya,,M'haya,DECHARGE,infra.decharge_inventaire_pollution_general,MANUAL_REVIEW_REQUIRED,1,PENDING,distance=0.00m; nom=1.00; commune=0.00; priorite=4
e60088e9-cf94-4e41-ae65-a5390866b4b8,3a8e620b-b506-4ec1-8b94-16f64b9f3990,2dd79623-1f9c-43b8-a200-0a1237857869,infra.decharge,80,b39b4779-8477-4b61-81ad-798c2bdfae54,0.0,0.7400,DUPLICATE_EXACT, décharge nzalat beni amar,Décharge Nzalat Beni Amar,,Nzalat Beni Amar,DECHARGE,infra.decharge_inventaire_pollution_general,MANUAL_REVIEW_REQUIRED,1,PENDING,distance=0.00m; nom=1.00; commune=0.00; priorite=4
e60088e9-cf94-4e41-ae65-a5390866b4b8,50fff51c-66ee-4183-85ad-719fc92b2fe6,8ccbdb6d-b3bd-4fa8-8903-8bb6d1634f1d,infra.decharge,79,ca40f38e-7954-416b-83ec-290ac233f0ad,0.0,0.7400,DUPLICATE_EXACT,cev meknès,CEV Meknès,,Dkhissa,DECHARGE,infra.decharge_inventaire_pollution_general,MANUAL_REVIEW_REQUIRED,1,PENDING,distance=0.00m; nom=1.00; commune=0.00; priorite=4
e60088e9-cf94-4e41-ae65-a5390866b4b8,e8f0b04a-bdff-431e-8f23-7e19a00b7f0f,3fb88ee2-b2af-4ae4-9f73-c70dfef923be,infra.decharge,175,7c6c53bb-c205-40e6-a6d8-34ad27bb287d,0.0,0.7400,DUPLICATE_EXACT,eddir elouaar,EDDIR ELOUAAR,,Bhalil,DECHARGE,infra.decharge_inventaire_pollution_general,MANUAL_REVIEW_REQUIRED,1,PENDING,distance=0.00m; nom=1.00; commune=0.00; priorite=4
e60088e9-cf94-4e41-ae65-a5390866b4b8,338c4d7e-f137-42e1-a33b-b9123f0be6ec,1b180eb6-4bd1-4d86-8e7d-49869a98dbc8,infra.decharge,171,67c71534-0bda-43c4-95b7-36d411961a61,0.0,0.7400,DUPLICATE_EXACT,douar ait bouhcine,Douar Ait Bouhcine,,Ain Taoujdate,DECHARGE,infra.decharge_inventaire_pollution_general,MANUAL_REVIEW_REQUIRED,1,PENDING,distance=0.00m; nom=1.00; commune=0.00; priorite=4
e60088e9-cf94-4e41-ae65-a5390866b4b8,83336832-d9c9-47b3-9893-6e5ec648f34e,6187a951-7f3c-4a55-9efd-08577fdd8d7a,infra.decharge,40,463d2bc2-8248-430b-9121-1366875e8e20,0.0,0.7400,DUPLICATE_EXACT,kaaouana,Kaaouana,,Tigrigra,DECHARGE,infra.decharge_inventaire_pollution_general,MANUAL_REVIEW_REQUIRED,1,PENDING,distance=0.00m; nom=1.00; commune=0.00; priorite=4
e60088e9-cf94-4e41-ae65-a5390866b4b8,6f480111-7bf0-444b-b415-160568596237,cede7cf0-c8f6-4ab6-b177-766863522301,infra.decharge,219,a04d9291-4c1c-498e-a6dc-9d45026a69dd,0.0,0.7400,DUPLICATE_EXACT,al hamd tichaw,Al Hamd Tichaw,,Ain Cheggag,DECHARGE,infra.decharge_inventaire_pollution_general,MANUAL_REVIEW_REQUIRED,1,PENDING,distance=0.00m; nom=1.00; commune=0.00; priorite=4
e60088e9-cf94-4e41-ae65-a5390866b4b8,cfbe35ec-80e1-4e13-8b87-280d006c5af3,a47f6b46-fa45-44e2-8d7d-eece77b35f42,infra.decharge,193,d8976205-3d6c-4a4a-a2c8-7f867e00e7a2,0.0,0.7400,DUPLICATE_EXACT,ain chifa,AIN CHIFA,,AIT SEBAA LAJROUF,DECHARGE,infra.decharge_inventaire_pollution_general,MANUAL_REVIEW_REQUIRED,1,PENDING,distance=0.00m; nom=1.00; commune=0.00; priorite=4
e60088e9-cf94-4e41-ae65-a5390866b4b8,241a3fd4-5378-43df-bdd0-98148945fc44,853b933c-b67d-4e8a-b96b-1a8e424de566,infra.decharge,191,8e1ce34e-875f-43cb-81f5-d3290cecc93d,0.0,0.7400,DUPLICATE_EXACT,tazouta,TAZOUTA,,TAZOUTA,DECHARGE,infra.decharge_inventaire_pollution_general,MANUAL_REVIEW_REQUIRED,1,PENDING,distance=0.00m; nom=1.00; commune=0.00; priorite=4
e60088e9-cf94-4e41-ae65-a5390866b4b8,b615f4c5-b8ae-4903-99d4-1402c1c295f5,46239865-75ce-40dd-a88c-e064fc9ac562,infra.decharge,30,d7d93ad5-1f87-4e48-946e-479ddc95927f,0.0,0.7400,DUPLICATE_EXACT,décharge elhajeb,Décharge Elhajeb,,El Hajeb,DECHARGE,infra.decharge_inventaire_pollution_general,MANUAL_REVIEW_REQUIRED,1,PENDING,distance=0.00m; nom=1.00; commune=0.00; priorite=4
e60088e9-cf94-4e41-ae65-a5390866b4b8,b813ca3d-89dc-4d47-8e2a-f1cdc57d8fbe,9754096a-88e7-4fa9-9af3-34cea5c48a2c,infra.decharge,188,a0e26611-5124-47e9-b62e-bc55c092f7f3,0.0,0.7400,DUPLICATE_EXACT,décharge de sefrou,Décharge de Sefrou,,AZZABA,DECHARGE,infra.decharge_inventaire_pollution_general,MANUAL_REVIEW_REQUIRED,1,PENDING,distance=0.00m; nom=1.00; commune=0.00; priorite=4
e60088e9-cf94-4e41-ae65-a5390866b4b8,4f960903-53df-4a8f-94ee-b0af150cce8d,2f305a5e-7071-43aa-8cc2-7d686d50c80b,infra.decharge,194,a0e26611-5124-47e9-b62e-bc55c092f7f3,0.0,0.7400,DUPLICATE_EXACT,décharge de sefrou,Décharge de Sefrou,,AZZABA,DECHARGE,infra.decharge_inventaire_pollution_general,MANUAL_REVIEW_REQUIRED,1,PENDING,distance=0.00m; nom=1.00; commune=0.00; priorite=4
e60088e9-cf94-4e41-ae65-a5390866b4b8,28603ad0-50a8-453b-a93b-ff98a5f489e7,df6141e4-8d72-4526-b90e-04cbc30a34ce,infra.decharge,53,12803586-bf7b-4746-a63b-fd25a5f3e6cd,0.0,0.7400,DUPLICATE_EXACT,decharge controlee ecomed,Decharge controlee EcoMed,,Sidi Hrazem,DECHARGE,infra.decharge_inventaire_pollution_general,MANUAL_REVIEW_REQUIRED,1,PENDING,distance=0.00m; nom=1.00; commune=0.00; priorite=4
e60088e9-cf94-4e41-ae65-a5390866b4b8,9a2d554b-fa4b-4b47-a7dc-ff650ff9b090,57d10107-2d4e-4bde-a1b6-52cd831213f1,infra.decharge,110,e53e0e81-75ce-4627-a2a6-c1a7d5b1f5aa,0.0,0.7400,DUPLICATE_EXACT,ribat el khir,RIBAT EL KHIR,,IGHZRANE,DECHARGE,infra.decharge_inventaire_pollution_general,MANUAL_REVIEW_REQUIRED,1,PENDING,distance=0.00m; nom=1.00; commune=0.00; priorite=4
e60088e9-cf94-4e41-ae65-a5390866b4b8,12eac332-7a56-4464-a28f-aeddb592f173,e1351ec8-885f-41dd-b2cc-a078d716ea50,infra.decharge,116,e53e0e81-75ce-4627-a2a6-c1a7d5b1f5aa,0.0,0.7400,DUPLICATE_EXACT,ribat el khir,RIBAT EL KHIR,,IGHZRANE,DECHARGE,infra.decharge_inventaire_pollution_general,MANUAL_REVIEW_REQUIRED,1,PENDING,distance=0.00m; nom=1.00; commune=0.00; priorite=4
e60088e9-cf94-4e41-ae65-a5390866b4b8,ae6ac5c0-ec2c-4786-afab-265b832909f7,447f28c6-fc6c-4134-ad77-7dd545ae87d9,infra.decharge,180,a2d2645e-cd5e-4a0f-b692-3fbdc0d5381b,0.0,0.7400,DUPLICATE_EXACT,bir tam tam,BIR TAM TAM,,BIR TAM TAM,DECHARGE,infra.decharge_inventaire_pollution_general,MANUAL_REVIEW_REQUIRED,1,PENDING,distance=0.00m; nom=1.00; commune=0.00; priorite=4
e60088e9-cf94-4e41-ae65-a5390866b4b8,49a3672b-ae22-4ad5-ac02-59dd9f881533,a16a7164-b04f-44b6-9bd5-c33a78bc38d7,infra.decharge,172,03c6880e-6e3a-452b-8331-ac45f4f466e3,0.0,0.7400,DUPLICATE_EXACT,décharge publique,Décharge publique,,Thar Es-souk,DECHARGE,infra.decharge_inventaire_pollution_general,MANUAL_REVIEW_REQUIRED,1,PENDING,distance=0.00m; nom=1.00; commune=0.00; priorite=4
e60088e9-cf94-4e41-ae65-a5390866b4b8,7101a7a6-a037-4aeb-aedf-6c153a82dce8,929af149-01ba-4969-850d-47ead6cc92da,infra.decharge,177,f0d23d4e-862a-442b-8cfc-03a5f591a475,0.0,0.7400,DUPLICATE_EXACT,el marj ( timouyas),El Marj ( TIMOUYAS),,Ain Timguenai,DECHARGE,infra.decharge_inventaire_pollution_general,MANUAL_REVIEW_REQUIRED,1,PENDING,distance=0.00m; nom=1.00; commune=0.00; priorite=4
e60088e9-cf94-4e41-ae65-a5390866b4b8,89d0dc82-e2a5-4e9e-a8c1-ac0e1f9a5837,ba190496-df9e-40aa-ae75-2863d0120876,infra.decharge,178,f0d23d4e-862a-442b-8cfc-03a5f591a475,0.0,0.7400,DUPLICATE_EXACT,el marj ( timouyas),El Marj ( TIMOUYAS),,Ain Timguenai,DECHARGE,infra.decharge_inventaire_pollution_general,MANUAL_REVIEW_REQUIRED,1,PENDING,distance=0.00m; nom=1.00; commune=0.00; priorite=4
e60088e9-cf94-4e41-ae65-a5390866b4b8,00884f77-ae38-4d5c-824c-bbeb630096fb,fa27e193-cb39-4410-8605-b5c534e5906b,infra.decharge,179,f0d23d4e-862a-442b-8cfc-03a5f591a475,0.0,0.7400,DUPLICATE_EXACT,el marj ( timouyas),El Marj ( TIMOUYAS),,Ain Timguenai,DECHARGE,infra.decharge_inventaire_pollution_general,MANUAL_REVIEW_REQUIRED,1,PENDING,distance=0.00m; nom=1.00; commune=0.00; priorite=4
e60088e9-cf94-4e41-ae65-a5390866b4b8,43e97587-8cd8-43cf-80ac-09a833b72cd8,e2dfe254-3e86-441d-8faf-c3b8f126aeaf,infra.decharge,101,463f4ec7-0b9d-4e98-bd64-dbde8d464176,0.0,0.7400,DUPLICATE_EXACT,néant,Néant,,M'kansa,DECHARGE,infra.decharge_inventaire_pollution_general,MANUAL_REVIEW_REQUIRED,1,PENDING,distance=0.00m; nom=1.00; commune=0.00; priorite=4
e60088e9-cf94-4e41-ae65-a5390866b4b8,0e762687-c3ab-437f-96e1-3ce965a8737c,d9afbd1f-91bc-4276-9496-10c86b7c86e2,infra.decharge,162,093031a4-c15e-4aa1-a399-b4b07b8e1604,0.0,0.7400,DUPLICATE_EXACT,décharge publique,Décharge publique,,Tamedit,DECHARGE,infra.decharge_inventaire_pollution_general,MANUAL_REVIEW_REQUIRED,1,PENDING,distance=0.00m; nom=1.00; commune=0.00; priorite=4
e60088e9-cf94-4e41-ae65-a5390866b4b8,6008086e-38c0-4125-b823-17098e3d96f0,c0c4908d-076a-4da9-908c-ed62d158a9b8,infra.decharge,49,d0ae84ce-f888-4b90-b85a-4a8f169da8e6,0.0,0.7400,DUPLICATE_EXACT, bir hassna,Bir hassna,,Ain Aicha,DECHARGE,infra.decharge_inventaire_pollution_general,MANUAL_REVIEW_REQUIRED,1,PENDING,distance=0.00m; nom=1.00; commune=0.00; priorite=4
e60088e9-cf94-4e41-ae65-a5390866b4b8,b341d6ae-844f-43a7-b629-fcfe8f33b0dc,7635fbdc-0a50-48f8-843f-83a78a6f155a,infra.decharge,96,8112dedd-e39a-486f-8885-d3df94f740d0,0.0,0.7400,DUPLICATE_EXACT,décharge publique,Décharge publique,,Timezgana,DECHARGE,infra.decharge_inventaire_pollution_general,MANUAL_REVIEW_REQUIRED,1,PENDING,distance=0.00m; nom=1.00; commune=0.00; priorite=4
e60088e9-cf94-4e41-ae65-a5390866b4b8,d6aeb001-d7e4-4d3a-869e-f1620004ad8a,91199130-ba8b-4504-ab5f-f624fed62870,infra.decharge,164,c191ed27-aabc-459a-b2ba-a1ac22579b7f,0.0,0.7400,DUPLICATE_EXACT,décharge publique,Décharge publique,,Galaz,DECHARGE,infra.decharge_inventaire_pollution_general,MANUAL_REVIEW_REQUIRED,1,PENDING,distance=0.00m; nom=1.00; commune=0.00; priorite=4
e60088e9-cf94-4e41-ae65-a5390866b4b8,1e533c5b-1039-42d3-aa5e-1240ccf2d17b,918db5df-043f-4929-a8c3-bbadcc8712a7,infra.decharge,106,1bfcbd2d-01dc-4d4c-b33e-8d0ef0054cf3,0.0,0.7400,DUPLICATE_EXACT,ain mediouna,Ain Mediouna,,Ain Mediouna,DECHARGE,infra.decharge_inventaire_pollution_general,MANUAL_REVIEW_REQUIRED,1,PENDING,distance=0.00m; nom=1.00; commune=0.00; priorite=4
e60088e9-cf94-4e41-ae65-a5390866b4b8,bb0b9fce-f7de-4a0c-821a-b40a03459ff2,396624ee-1903-4364-bf46-571095d1c6ae,infra.decharge,100,df29bbcd-dc33-4d51-92d4-a1de5244ef1b,0.0,0.7400,DUPLICATE_EXACT,bni oulid,Bni Oulid,,Bni Oulid,DECHARGE,infra.decharge_inventaire_pollution_general,MANUAL_REVIEW_REQUIRED,1,PENDING,distance=0.00m; nom=1.00; commune=0.00; priorite=4
e60088e9-cf94-4e41-ae65-a5390866b4b8,d89a1065-3353-41aa-9924-ba2937fd0ec5,9e6df766-68e8-4258-9a89-08a421dac2f1,infra.decharge,77,8ff94460-347a-4cdb-b326-809781420871,0.0,0.7400,DUPLICATE_EXACT,décharge publique,Décharge publique,,Bouchabel,DECHARGE,infra.decharge_inventaire_pollution_general,MANUAL_REVIEW_REQUIRED,1,PENDING,distance=0.00m; nom=1.00; commune=0.00; priorite=4
e60088e9-cf94-4e41-ae65-a5390866b4b8,106c8b2f-5599-446f-8a59-142ce021d49d,d20dea88-8aa9-4788-893a-6846b1589962,infra.decharge,76,9cd739b6-a603-401a-a21f-a8abae780e86,0.0,0.7400,DUPLICATE_EXACT,décharge publique,Décharge publique,,Jbabra,DECHARGE,infra.decharge_inventaire_pollution_general,MANUAL_REVIEW_REQUIRED,1,PENDING,distance=0.00m; nom=1.00; commune=0.00; priorite=4
e60088e9-cf94-4e41-ae65-a5390866b4b8,3636312c-06e1-4167-a43e-83f181acc905,a2f475b1-2ca4-4dc8-bd05-e926f9711ee4,infra.decharge,169,9ee671de-5fd9-41bd-bc67-e5164799e1d8,0.0,0.7400,DUPLICATE_EXACT,décharge publique,Décharge publique,,Sidi Mokhfi,DECHARGE,infra.decharge_inventaire_pollution_general,MANUAL_REVIEW_REQUIRED,1,PENDING,distance=0.00m; nom=1.00; commune=0.00; priorite=4
e60088e9-cf94-4e41-ae65-a5390866b4b8,4f083d4d-5a73-4370-844a-3fae8485f619,6466801d-8843-4d97-9527-27d5b5193efb,infra.decharge,176,56649160-3e25-48d5-99df-943aa8872d94,0.0,0.7400,DUPLICATE_EXACT,décharge publique,Décharge publique,,SidiYahyaBniZeroual,DECHARGE,infra.decharge_inventaire_pollution_general,MANUAL_REVIEW_REQUIRED,1,PENDING,distance=0.00m; nom=1.00; commune=0.00; priorite=4
e60088e9-cf94-4e41-ae65-a5390866b4b8,67aa01b7-275c-4993-8cc6-c61a9198a3ef,17e4f800-e5fc-4396-a816-dce248348876,infra.decharge,104,1346cba8-3264-4a7c-bc8c-f60887ead237,0.0,0.7400,DUPLICATE_EXACT,décharge de tissa,Décharge de tissa,,Oulad Daoud,DECHARGE,infra.decharge_inventaire_pollution_general,MANUAL_REVIEW_REQUIRED,1,PENDING,distance=0.00m; nom=1.00; commune=0.00; priorite=4
e60088e9-cf94-4e41-ae65-a5390866b4b8,eafa70e7-8496-4833-89e9-9bee8a7877f3,61dcf880-40bc-4dc3-95a1-4fe278a11cc3,infra.decharge,131,d642a965-f6c3-41a9-ab65-d65f8452a452,0.0,0.7400,DUPLICATE_EXACT,bouadel,Bouadel,,Bouadel,DECHARGE,infra.decharge_inventaire_pollution_general,MANUAL_REVIEW_REQUIRED,1,PENDING,distance=0.00m; nom=1.00; commune=0.00; priorite=4
e60088e9-cf94-4e41-ae65-a5390866b4b8,7308d1f1-4b03-4f8d-8541-59386de5eef8,8d00d7c4-5743-476d-9d54-6d5574ce4f41,infra.decharge,167,a1b7abe5-e517-46fa-98be-a306e03a99b4,0.0,0.7400,DUPLICATE_EXACT,décharge publique,Décharge publique,,Khlalfa,DECHARGE,infra.decharge_inventaire_pollution_general,MANUAL_REVIEW_REQUIRED,1,PENDING,distance=0.00m; nom=1.00; commune=0.00; priorite=4
e60088e9-cf94-4e41-ae65-a5390866b4b8,4282f7a2-2a19-45c5-926b-5e334c11db32,ec0fc409-42f6-4ac4-8906-25a47a72eb79,infra.decharge,95,d84401dc-13fa-43be-8d0f-bb7c3365b508,0.0,0.7400,DUPLICATE_EXACT,ghafsai,Ghafsai,,Ghafsai,DECHARGE,infra.decharge_inventaire_pollution_general,MANUAL_REVIEW_REQUIRED,1,PENDING,distance=0.00m; nom=1.00; commune=0.00; priorite=4
e60088e9-cf94-4e41-ae65-a5390866b4b8,4aafd17d-f829-427e-b2ea-ce2ceed85d58,d9ed907f-0909-4de2-af8a-555c157c060e,infra.decharge,157,291149ad-d324-4cc1-ab59-a6e73d930448,0.0,0.7400,DUPLICATE_EXACT,décharge publique,Décharge publique,,El bibane,DECHARGE,infra.decharge_inventaire_pollution_general,MANUAL_REVIEW_REQUIRED,1,PENDING,distance=0.00m; nom=1.00; commune=0.00; priorite=4
e60088e9-cf94-4e41-ae65-a5390866b4b8,57143388-a0f9-4146-87e8-bab47b521722,553f54e2-d309-4310-89a8-e8b22e8de487,infra.decharge,151,65f01196-e425-4b9b-ab3f-7ba2f5488b4b,0.0,0.7400,DUPLICATE_EXACT,décharge publique,Décharge publique,,Oudka,DECHARGE,infra.decharge_inventaire_pollution_general,MANUAL_REVIEW_REQUIRED,1,PENDING,distance=0.00m; nom=1.00; commune=0.00; priorite=4
e60088e9-cf94-4e41-ae65-a5390866b4b8,14552a06-20f5-4c4c-a4e4-ebc4b36073a7,55b21bfe-813d-4fce-a7c9-08c05687009e,infra.decharge,137,9cbff591-07c4-4022-9d58-3145a589f191,0.0,0.7400,DUPLICATE_EXACT,la commune ouartzagh,La commune ouartzagh,,Ouartzagh,DECHARGE,infra.decharge_inventaire_pollution_general,MANUAL_REVIEW_REQUIRED,1,PENDING,distance=0.00m; nom=1.00; commune=0.00; priorite=4
e60088e9-cf94-4e41-ae65-a5390866b4b8,3b0cd2ea-1005-4866-af01-0880b4a02a50,c9bf4103-d735-41fd-9ac5-3d712a9be077,infra.decharge,195,1b563c12-5860-46db-b5b8-351293703c90,0.0,0.7400,DUPLICATE_EXACT,oulad ayyad,Oulad Ayyad,,Oulad Ayyad,DECHARGE,infra.decharge_inventaire_pollution_general,MANUAL_REVIEW_REQUIRED,1,PENDING,distance=0.00m; nom=1.00; commune=0.00; priorite=4
e60088e9-cf94-4e41-ae65-a5390866b4b8,ffb80b00-2fd8-4c91-b555-22b993d26e02,433b2b03-fc75-47cd-b72a-e0fbba67c87e,infra.decharge,165,f4125d88-496d-431f-b868-ecab128effa8,0.0,0.7400,DUPLICATE_EXACT,décharge publique,Décharge publique,,Bouhouda,DECHARGE,infra.decharge_inventaire_pollution_general,MANUAL_REVIEW_REQUIRED,1,PENDING,distance=0.00m; nom=1.00; commune=0.00; priorite=4
e60088e9-cf94-4e41-ae65-a5390866b4b8,652dd570-520b-45ca-89cb-a1bb55e2533b,0f7fdd6c-1ddf-4cb7-b774-0424facc148e,infra.decharge,90,64f5d7d4-4394-4727-a7bb-9b408ebdd23f,0.0,0.7400,DUPLICATE_EXACT,décharge route laghouzi,Décharge route laghouzi,,Mu Karia Ba Mohamed,DECHARGE,infra.decharge_inventaire_pollution_general,MANUAL_REVIEW_REQUIRED,1,PENDING,distance=0.00m; nom=1.00; commune=0.00; priorite=4
e60088e9-cf94-4e41-ae65-a5390866b4b8,375ee0bb-e4a4-444e-9180-2d0a00aaed65,0d20e4f9-ffce-4161-877e-1bb47be5c7f0,infra.decharge,23,0286e2f4-60f4-4725-bc10-a4df74a48be2,0.0,0.7400,DUPLICATE_EXACT,saf louza,Saf louza,,Bab boudir,DECHARGE,infra.decharge_inventaire_pollution_general,MANUAL_REVIEW_REQUIRED,1,PENDING,distance=0.00m; nom=1.00; commune=0.00; priorite=4
e60088e9-cf94-4e41-ae65-a5390866b4b8,32682ca7-ed8f-44f1-bd74-c0bf864a693a,5463c276-24a9-4804-b45f-0f685cc08541,infra.decharge,26,0286e2f4-60f4-4725-bc10-a4df74a48be2,0.0,0.7400,DUPLICATE_EXACT,saf louza,Saf louza,,Bab boudir,DECHARGE,infra.decharge_inventaire_pollution_general,MANUAL_REVIEW_REQUIRED,1,PENDING,distance=0.00m; nom=1.00; commune=0.00; priorite=4
e60088e9-cf94-4e41-ae65-a5390866b4b8,ff7303a0-3463-48fc-baed-b1c08dbbd67e,7c6d9fa1-0bf3-4774-a2ca-2962684ecc61,infra.decharge,32,0286e2f4-60f4-4725-bc10-a4df74a48be2,0.0,0.7400,DUPLICATE_EXACT,saf louza,Saf louza,,Bab boudir,DECHARGE,infra.decharge_inventaire_pollution_general,MANUAL_REVIEW_REQUIRED,1,PENDING,distance=0.00m; nom=1.00; commune=0.00; priorite=4
e60088e9-cf94-4e41-ae65-a5390866b4b8,e254ec2c-8381-44a3-972d-1843fd2d4fcd,6dcfcd28-f22c-425c-832d-2924bc2b619a,infra.decharge,33,0286e2f4-60f4-4725-bc10-a4df74a48be2,0.0,0.7400,DUPLICATE_EXACT,saf louza,Saf louza,,Bab boudir,DECHARGE,infra.decharge_inventaire_pollution_general,MANUAL_REVIEW_REQUIRED,1,PENDING,distance=0.00m; nom=1.00; commune=0.00; priorite=4
e60088e9-cf94-4e41-ae65-a5390866b4b8,4c50f4ee-f3f8-448b-885e-c6aa961a05f5,4d939e45-a0e3-4a9a-97f5-517619482332,infra.decharge,35,0286e2f4-60f4-4725-bc10-a4df74a48be2,0.0,0.7400,DUPLICATE_EXACT,saf louza,Saf louza,,Bab boudir,DECHARGE,infra.decharge_inventaire_pollution_general,MANUAL_REVIEW_REQUIRED,1,PENDING,distance=0.00m; nom=1.00; commune=0.00; priorite=4
e60088e9-cf94-4e41-ae65-a5390866b4b8,6f554430-a63a-4a09-a32b-05f67659c179,1773b763-e1bc-41a2-b374-ab27817c4319,infra.decharge,36,0286e2f4-60f4-4725-bc10-a4df74a48be2,0.0,0.7400,DUPLICATE_EXACT,saf louza,Saf louza,,Bab boudir,DECHARGE,infra.decharge_inventaire_pollution_general,MANUAL_REVIEW_REQUIRED,1,PENDING,distance=0.00m; nom=1.00; commune=0.00; priorite=4
e60088e9-cf94-4e41-ae65-a5390866b4b8,6850ef40-87ca-444c-8565-8e30999000b4,222d6cfa-c7e6-43ff-8095-431c1c5177d7,infra.decharge,38,0286e2f4-60f4-4725-bc10-a4df74a48be2,0.0,0.7400,DUPLICATE_EXACT,saf louza,Saf louza,,Bab boudir,DECHARGE,infra.decharge_inventaire_pollution_general,MANUAL_REVIEW_REQUIRED,1,PENDING,distance=0.00m; nom=1.00; commune=0.00; priorite=4
e60088e9-cf94-4e41-ae65-a5390866b4b8,8451cabe-6d8a-4a58-afbc-0dd6e13225a2,20f8c2a2-3c38-4650-bc15-39a2a24bfca1,infra.decharge,39,0286e2f4-60f4-4725-bc10-a4df74a48be2,0.0,0.7400,DUPLICATE_EXACT,saf louza,Saf louza,,Bab boudir,DECHARGE,infra.decharge_inventaire_pollution_general,MANUAL_REVIEW_REQUIRED,1,PENDING,distance=0.00m; nom=1.00; commune=0.00; priorite=4
e60088e9-cf94-4e41-ae65-a5390866b4b8,12661f99-1a4e-4553-9ab7-04d3511ba4ed,63ef914a-9979-423a-81f2-257192e03a29,infra.decharge,48,0286e2f4-60f4-4725-bc10-a4df74a48be2,0.0,0.7400,DUPLICATE_EXACT,saf louza,Saf louza,,Bab boudir,DECHARGE,infra.decharge_inventaire_pollution_general,MANUAL_REVIEW_REQUIRED,1,PENDING,distance=0.00m; nom=1.00; commune=0.00; priorite=4
e60088e9-cf94-4e41-ae65-a5390866b4b8,564a5d45-40b1-4949-92ef-09a17fcd0fb8,33fd30bd-8ef5-4d81-ac84-e033803fb788,infra.decharge,174,0286e2f4-60f4-4725-bc10-a4df74a48be2,0.0,0.7400,DUPLICATE_EXACT,saf louza,Saf louza,,Bab boudir,DECHARGE,infra.decharge_inventaire_pollution_general,MANUAL_REVIEW_REQUIRED,1,PENDING,distance=0.00m; nom=1.00; commune=0.00; priorite=4
e60088e9-cf94-4e41-ae65-a5390866b4b8,b80f40aa-42c6-4905-b281-48aae1d8f577,c2df12fe-9547-4e8e-8090-807c73957b6b,infra.decharge,208,8a9aa444-2a49-4f79-9830-16f9682aa200,0.0,0.7400,DUPLICATE_EXACT,douyez,DOUYEZ,,Ait saghrouchen,DECHARGE,infra.decharge_inventaire_pollution_general,MANUAL_REVIEW_REQUIRED,1,PENDING,distance=0.00m; nom=1.00; commune=0.00; priorite=4
e60088e9-cf94-4e41-ae65-a5390866b4b8,6b20c3c9-eba1-4b75-b92a-2e1265f1f288,53b38f0b-0b89-48d3-b0b4-80c006e52277,infra.decharge,209,8a9aa444-2a49-4f79-9830-16f9682aa200,0.0,0.7400,DUPLICATE_EXACT,douyez,DOUYEZ,,Ait saghrouchen,DECHARGE,infra.decharge_inventaire_pollution_general,MANUAL_REVIEW_REQUIRED,1,PENDING,distance=0.00m; nom=1.00; commune=0.00; priorite=4
e60088e9-cf94-4e41-ae65-a5390866b4b8,3d1b213a-f1b9-4734-b089-7ca7d52df5e0,2b7f1921-c394-4cfc-99d7-affe7d13f253,infra.decharge_inventaire_pollution_general,60dedc53-49c7-4128-b785-328bfe0df251,ec71d9fa-0888-4dbb-a32b-e95db08c2205,0.0,0.7250,DUPLICATE_EXACT,Sahel Belfal,Sahel Belfal,Msaada,Azghar,DECHARGE,infra.decharge_inventaire_pollution_general,MANUAL_REVIEW_REQUIRED,1,PENDING,distance=0.00m; nom=1.00; commune=0.00; priorite=5
e60088e9-cf94-4e41-ae65-a5390866b4b8,c1fce500-fed3-4fb6-8745-91ed1fd64d00,888058dd-e72a-417c-9ab2-1a6264c6a0a3,infra.decharge_inventaire_pollution_general,21f161e0-579b-4fdd-bbe7-630a2e8c0a1c,e9f92b53-303d-4fab-baf4-f48088aa384c,0.0,0.7250,DUPLICATE_EXACT,bab tiouka,bab tiouka,Zirara,Sidi kacem,DECHARGE,infra.decharge_inventaire_pollution_general,MANUAL_REVIEW_REQUIRED,1,PENDING,distance=0.00m; nom=1.00; commune=0.00; priorite=5
e60088e9-cf94-4e41-ae65-a5390866b4b8,37f9e50b-99fb-4edc-be7f-ae256b1c3cdc,f1a0a5f8-c6fa-4d85-af1f-9e8584a0a99d,infra.decharge_inventaire_pollution_general,142d5a30-8008-4c1e-b744-049063e9b781,c632a2d3-af7a-4aa6-b0d1-7cdef7b52751,0.0,0.7250,DUPLICATE_EXACT,Decharge khemisset,Decharge khemisset,SIDI EL GHANDOUR,Ait ouribel,DECHARGE,infra.decharge_inventaire_pollution_general,MANUAL_REVIEW_REQUIRED,1,PENDING,distance=0.00m; nom=1.00; commune=0.00; priorite=5
e60088e9-cf94-4e41-ae65-a5390866b4b8,77be13b2-d140-405b-81f6-dfca4dae86ee,09624385-5fd2-43f4-8ffa-d28ce403def1,infra.decharge_inventaire_pollution_general,4e290cbd-0751-4cf0-818e-b8c730507cb9,c632a2d3-af7a-4aa6-b0d1-7cdef7b52751,0.0,0.7250,DUPLICATE_EXACT,Decharge khemisset,Decharge khemisset,Khemissat,Ait ouribel,DECHARGE,infra.decharge_inventaire_pollution_general,MANUAL_REVIEW_REQUIRED,1,PENDING,distance=0.00m; nom=1.00; commune=0.00; priorite=5
e60088e9-cf94-4e41-ae65-a5390866b4b8,d112597e-33bc-4a9c-bef5-62f912119df2,96ab2992-3c2c-481d-ac28-8216bb0a91c2,infra.decharge_inventaire_pollution_general,6106c0a3-1aae-4012-92ac-6c78aa325ce9,c632a2d3-af7a-4aa6-b0d1-7cdef7b52751,0.0,0.7250,DUPLICATE_EXACT,Decharge khemisset,Decharge khemisset,Majmaa tolba,Ait ouribel,DECHARGE,infra.decharge_inventaire_pollution_general,MANUAL_REVIEW_REQUIRED,1,PENDING,distance=0.00m; nom=1.00; commune=0.00; priorite=5
e60088e9-cf94-4e41-ae65-a5390866b4b8,8b0e7b5a-054c-41eb-87a0-7c5d1ab68507,bece0f20-00b2-4b10-9e47-34d59b4ed01f,infra.decharge_inventaire_pollution_general,95859225-b3ae-43de-8a16-c18ac8c4b7d9,8a9aa444-2a49-4f79-9830-16f9682aa200,0.0,0.7250,DUPLICATE_EXACT,DOUYEZ,DOUYEZ,Tahla,Ait saghrouchen,DECHARGE,infra.decharge_inventaire_pollution_general,MANUAL_REVIEW_REQUIRED,1,PENDING,distance=0.00m; nom=1.00; commune=0.00; priorite=5
e60088e9-cf94-4e41-ae65-a5390866b4b8,2063b48a-c0d0-42be-b1a4-a5847110846b,21363076-d926-4fcc-936e-2a0278600ca7,infra.decharge_inventaire_pollution_general,3bed8698-17fb-41be-886e-0c81bd67b33a,8a9aa444-2a49-4f79-9830-16f9682aa200,0.0,0.7250,DUPLICATE_EXACT,DOUYEZ,DOUYEZ,Zrarda,Ait saghrouchen,DECHARGE,infra.decharge_inventaire_pollution_general,MANUAL_REVIEW_REQUIRED,1,PENDING,distance=0.00m; nom=1.00; commune=0.00; priorite=5
e60088e9-cf94-4e41-ae65-a5390866b4b8,12bd9c44-4898-4baf-b2f3-a204be7d2df9,96c1552b-1c09-428e-a610-a5c2a0f3d58d,infra.decharge_inventaire_pollution_general,d65ffeb6-08da-45d6-83e3-4d8b9640ae91,8a9aa444-2a49-4f79-9830-16f9682aa200,0.0,0.7250,DUPLICATE_EXACT,Douyez,DOUYEZ,Matmata,Ait saghrouchen,DECHARGE,infra.decharge_inventaire_pollution_general,MANUAL_REVIEW_REQUIRED,1,PENDING,distance=0.00m; nom=1.00; commune=0.00; priorite=5
e60088e9-cf94-4e41-ae65-a5390866b4b8,63ca8f72-26f4-4c16-9edd-c8e0d0aa8d68,5262c77d-4207-48df-8f47-1c3acb6327a0,infra.decharge_inventaire_pollution_general,a60f40b5-54e0-44e5-b327-a443d545fbeb,8a9aa444-2a49-4f79-9830-16f9682aa200,0.0,0.7250,DUPLICATE_EXACT,DOUYEZ,DOUYEZ,SMIA,Ait saghrouchen,DECHARGE,infra.decharge_inventaire_pollution_general,MANUAL_REVIEW_REQUIRED,1,PENDING,distance=0.00m; nom=1.00; commune=0.00; priorite=5
e60088e9-cf94-4e41-ae65-a5390866b4b8,a5813235-33f7-4128-a1ea-bbe08131b07a,4af6cc79-2b4c-4409-96d2-ae22216a2ddc,infra.decharge_inventaire_pollution_general,ecf20487-970d-4534-b5a2-0a9773e522da,ec71d9fa-0888-4dbb-a32b-e95db08c2205,0.0,0.7250,DUPLICATE_EXACT,Sahel Belfal,Sahel Belfal,Msaada,Azghar,DECHARGE,infra.decharge_inventaire_pollution_general,MANUAL_REVIEW_REQUIRED,1,PENDING,distance=0.00m; nom=1.00; commune=0.00; priorite=5
e60088e9-cf94-4e41-ae65-a5390866b4b8,504093d8-559d-4555-8206-bae2acafbece,27506924-0864-48ac-a33c-89f1ea377e28,infra.decharge_inventaire_pollution_general,b90c28a6-85d5-465c-9366-1581b3123989,ec71d9fa-0888-4dbb-a32b-e95db08c2205,0.0,0.7250,DUPLICATE_EXACT,Sahel Belfal,Sahel Belfal,Sfafaa,Azghar,DECHARGE,infra.decharge_inventaire_pollution_general,MANUAL_REVIEW_REQUIRED,1,PENDING,distance=0.00m; nom=1.00; commune=0.00; priorite=5
e60088e9-cf94-4e41-ae65-a5390866b4b8,5d0ae4d5-aa33-471a-8f5b-56e1b150b189,58bb3e35-dd87-4b66-a3b1-e1b48926e03f,infra.decharge_inventaire_pollution_general,f15c1243-40ad-4370-8717-6ea3e679e363,ec71d9fa-0888-4dbb-a32b-e95db08c2205,0.0,0.7250,DUPLICATE_EXACT,Sahel Belfal,Sahel Belfal,Sidi slimane,Azghar,DECHARGE,infra.decharge_inventaire_pollution_general,MANUAL_REVIEW_REQUIRED,1,PENDING,distance=0.00m; nom=1.00; commune=0.00; priorite=5
e60088e9-cf94-4e41-ae65-a5390866b4b8,ac001b3c-eebb-4762-a754-4a12537807c9,0b5a33eb-f816-4cc4-b24e-6308dda93a6c,infra.decharge_inventaire_pollution_general,a1db5940-d634-4426-afc5-139b0c62ec27,ec71d9fa-0888-4dbb-a32b-e95db08c2205,0.0,0.7250,DUPLICATE_EXACT,Sahel Belfal,Sahel Belfal,Oulad ben hammadi,Azghar,DECHARGE,infra.decharge_inventaire_pollution_general,MANUAL_REVIEW_REQUIRED,1,PENDING,distance=0.00m; nom=1.00; commune=0.00; priorite=5
e60088e9-cf94-4e41-ae65-a5390866b4b8,d19b884b-0745-44cd-80b6-fa60fb8fd5ea,e371bbb7-8618-4b15-aa6a-4a1b45f05bce,infra.decharge_inventaire_pollution_general,206536ba-3b78-4c1b-807c-b751244bc50a,ec71d9fa-0888-4dbb-a32b-e95db08c2205,0.0,0.7250,DUPLICATE_EXACT,Sahel Belfal,Sahel Belfal,Boumaiz,Azghar,DECHARGE,infra.decharge_inventaire_pollution_general,MANUAL_REVIEW_REQUIRED,1,PENDING,distance=0.00m; nom=1.00; commune=0.00; priorite=5
e60088e9-cf94-4e41-ae65-a5390866b4b8,78dfe332-c930-4273-b2c4-da8c15cdfe74,24cb3406-a549-4192-9032-a2c1cc0f1702,infra.decharge_inventaire_pollution_general,14d8fbd0-0cf4-4205-8da2-fc612831aaf6,ec71d9fa-0888-4dbb-a32b-e95db08c2205,0.0,0.7250,DUPLICATE_EXACT,Sahel Belfal,Sahel Belfal,Kceibya,Azghar,DECHARGE,infra.decharge_inventaire_pollution_general,MANUAL_REVIEW_REQUIRED,1,PENDING,distance=0.00m; nom=1.00; commune=0.00; priorite=5
e60088e9-cf94-4e41-ae65-a5390866b4b8,db6124e8-621d-4087-a30f-e41f35b0f5b8,285313aa-df8e-4ab6-ba29-7682c17ed80f,infra.mine_inventaire_pollution,2b377a4c-c9dd-4699-a0af-2b3d12aa018a,53d41cac-403b-486a-a01f-03d44d66cdbb,0.0,0.7250,DUPLICATE_EXACT,,343189.00000000000,Majmaa Tolba,Majmaa Tolba,MINE,infra.mine_inventaire_pollution,MANUAL_REVIEW_REQUIRED,1,PENDING,distance=0.00m; nom=0.00; commune=1.00; priorite=5
e60088e9-cf94-4e41-ae65-a5390866b4b8,f32d5a5e-3d50-482f-b5a9-bcf4939ddec0,11c7cd68-27ef-4081-93fc-612f65bb5f5e,infra.mine_inventaire_pollution,0f9e3a05-3bff-42df-a3e4-104489d901a3,7dd19bc1-a369-41fb-94f1-ef728815ae6e,0.0,0.7250,DUPLICATE_EXACT,,343181.00000000000,Moulay Abdelkader,Moulay Abdelkader,MINE,infra.mine_inventaire_pollution,MANUAL_REVIEW_REQUIRED,1,PENDING,distance=0.00m; nom=0.00; commune=1.00; priorite=5
e60088e9-cf94-4e41-ae65-a5390866b4b8,803514ec-a444-48c9-a22b-106effe5b916,539c13ec-a02e-40de-91a3-253d40f07a32,infra.decharge_inventaire_pollution_general,d19605b6-c9be-4c57-8b31-a13e0ba1df44,e0caeac9-c931-4764-8d27-f7c1daba0dbc,0.0,0.7250,DUPLICATE_EXACT,bab dhammou,Bab dhammou,Oued malha,Bni darkoul,DECHARGE,infra.decharge_inventaire_pollution_general,MANUAL_REVIEW_REQUIRED,1,PENDING,distance=0.00m; nom=1.00; commune=0.00; priorite=5
e60088e9-cf94-4e41-ae65-a5390866b4b8,639bc0c9-c252-4497-8217-ba1f83f61808,95305bd8-93d5-4237-92d0-7ae27f4fe4f6,infra.decharge_inventaire_pollution_general,1951b200-9e86-4d65-b6f6-980573db5d52,e0caeac9-c931-4764-8d27-f7c1daba0dbc,0.0,0.7250,DUPLICATE_EXACT,bab dhammou,Bab dhammou,Bab taza,Bni darkoul,DECHARGE,infra.decharge_inventaire_pollution_general,MANUAL_REVIEW_REQUIRED,1,PENDING,distance=0.00m; nom=1.00; commune=0.00; priorite=5
e60088e9-cf94-4e41-ae65-a5390866b4b8,763a0692-0a08-4864-82fd-a61e1463849c,34eb73ce-32f4-40b8-8733-7f14cc5dccf3,infra.mine_inventaire_pollution,aef64717-6fbc-4148-8d42-ba03630c9979,b20dab01-8321-4160-aa09-72bf727c79d1,0.0,0.7250,DUPLICATE_EXACT,,343194.00000000000,Selfat,Selfat,MINE,infra.mine_inventaire_pollution,MANUAL_REVIEW_REQUIRED,1,PENDING,distance=0.00m; nom=0.00; commune=1.00; priorite=5
e60088e9-cf94-4e41-ae65-a5390866b4b8,d2fc109a-d5da-4112-abb1-bf222a400793,f04ed761-e04f-450c-a9ca-b7e49a6cfe5a,infra.decharge_inventaire_pollution_general,a80a8890-ace2-4aea-8748-a39e1c8ce18e,e0caeac9-c931-4764-8d27-f7c1daba0dbc,0.0,0.7250,DUPLICATE_EXACT,bab dhammou,Bab dhammou,Mansoura,Bni darkoul,DECHARGE,infra.decharge_inventaire_pollution_general,MANUAL_REVIEW_REQUIRED,1,PENDING,distance=0.00m; nom=1.00; commune=0.00; priorite=5
e60088e9-cf94-4e41-ae65-a5390866b4b8,1470b57c-a396-49fd-a9d0-7081b9645601,c6b335a0-95b5-4be5-8a8c-9741abc0aa13,infra.mine_inventaire_pollution,a313f015-b9da-4fce-abab-2b6dafc52d49,a5ab3ae0-c9e5-46d5-90d2-0410275bafed,0.0,0.7250,DUPLICATE_EXACT,,343193.00000000000,Ain Dfali,Ain Dfali,MINE,infra.mine_inventaire_pollution,MANUAL_REVIEW_REQUIRED,1,PENDING,distance=0.00m; nom=0.00; commune=1.00; priorite=5
e60088e9-cf94-4e41-ae65-a5390866b4b8,7b850802-42f3-4968-8e7a-2262c44be2d3,62e561d8-8212-4202-9336-8677f0cc3b81,infra.mine_inventaire_pollution,f5e7fc58-4457-4456-960d-97022ce7bb61,c09376f0-f077-4a55-aeab-8898c5f00671,0.0,0.7250,DUPLICATE_EXACT,,343192.00000000000,Sidi Ahmed Benaissa,Sidi Ahmed Benaissa,MINE,infra.mine_inventaire_pollution,MANUAL_REVIEW_REQUIRED,1,PENDING,distance=0.00m; nom=0.00; commune=1.00; priorite=5
e60088e9-cf94-4e41-ae65-a5390866b4b8,946e51b0-3aa2-4d84-adfa-8d5f32a1f744,3b78d8cd-4408-481c-b512-9eea8c48224d,infra.mine_inventaire_pollution,6c03a97b-84c5-4731-bff2-b8fdf88732d1,554226db-3b86-4eac-a395-a5049909a571,0.0,0.7250,DUPLICATE_EXACT,,343191.00000000000,Ait Ikkou,Ait Ikkou,MINE,infra.mine_inventaire_pollution,MANUAL_REVIEW_REQUIRED,1,PENDING,distance=0.00m; nom=0.00; commune=1.00; priorite=5
e60088e9-cf94-4e41-ae65-a5390866b4b8,6a0a38de-ea10-4a69-ba16-d8dc86a8d10b,7c7bf2ac-7ecf-454d-a285-6ba7e43f5966,infra.mine_inventaire_pollution,a93963da-9b2a-4bad-a860-3c188f8c42d1,e69b92e0-b40d-4251-a278-b61d899cecf7,0.0,0.7250,DUPLICATE_EXACT,,343190.00000000000,Ait Siberne,Ait Siberne,MINE,infra.mine_inventaire_pollution,MANUAL_REVIEW_REQUIRED,1,PENDING,distance=0.00m; nom=0.00; commune=1.00; priorite=5
e60088e9-cf94-4e41-ae65-a5390866b4b8,6d624402-d0b8-4c92-9234-e49840236be3,a4954303-39b7-4caa-8ac5-10e68a5587c0,infra.mine_inventaire_pollution,ebd2296f-c157-4972-84b8-99c756f71348,2a501be0-4765-4275-8efe-6d087d9c4d66,0.0,0.7250,DUPLICATE_EXACT,,343169.00000000000,Bouqachmir,Bouqachmir,MINE,infra.mine_inventaire_pollution,MANUAL_REVIEW_REQUIRED,1,PENDING,distance=0.00m; nom=0.00; commune=1.00; priorite=5
e60088e9-cf94-4e41-ae65-a5390866b4b8,e65b7455-b051-4e3e-b4b5-a8075ca5bf74,4cfb076e-70b2-4c40-8a84-9b9489058143,infra.mine_inventaire_pollution,b284009a-8f2b-419f-8198-178d8b3baf72,1aaa1c66-baea-478d-b798-39c880dff6c2,0.0,0.7250,DUPLICATE_EXACT,,343187.00000000000,Bouqachmir,Bouqachmir,MINE,infra.mine_inventaire_pollution,MANUAL_REVIEW_REQUIRED,1,PENDING,distance=0.00m; nom=0.00; commune=1.00; priorite=5
e60088e9-cf94-4e41-ae65-a5390866b4b8,5f30183c-67ae-4da1-9362-129a07d5253b,52fed07b-860d-426c-9e4c-42b9e00fcc12,infra.mine_inventaire_pollution,50caf150-8487-4db5-8788-98fcdcdad225,d48d3885-4096-478c-b0a9-ad26571ada61,0.0,0.7250,DUPLICATE_EXACT,,343185.00000000000,Majmaa Tolba,Majmaa Tolba,MINE,infra.mine_inventaire_pollution,MANUAL_REVIEW_REQUIRED,1,PENDING,distance=0.00m; nom=0.00; commune=1.00; priorite=5
e60088e9-cf94-4e41-ae65-a5390866b4b8,389cc1ea-3e15-4c70-9991-c4e3bbd569bd,2c5cba29-604d-4b3b-bc5a-5572e8dd8f4a,infra.mine_inventaire_pollution,f4c07ee8-461d-4881-9805-da59d7ede2c3,6028db83-cf16-41e4-bbab-d4f868589ec4,0.0,0.7250,DUPLICATE_EXACT,,343180.00000000000,Ait Mimoune,Ait Mimoune,MINE,infra.mine_inventaire_pollution,MANUAL_REVIEW_REQUIRED,1,PENDING,distance=0.00m; nom=0.00; commune=1.00; priorite=5
e60088e9-cf94-4e41-ae65-a5390866b4b8,b76503f3-06b9-4d5b-918b-b919aba68f86,9109ec7e-257a-40a7-affc-c8f9b844535f,infra.decharge_inventaire_pollution_general,fb4da7ef-af03-4083-b4fa-91d0e3b3fc12,a0e26611-5124-47e9-b62e-bc55c092f7f3,0.0,0.7250,DUPLICATE_EXACT,Décharge de Sefrou,Décharge de Sefrou,AGHBALOU AQORAR,AZZABA,DECHARGE,infra.decharge_inventaire_pollution_general,MANUAL_REVIEW_REQUIRED,1,PENDING,distance=0.00m; nom=1.00; commune=0.00; priorite=5
e60088e9-cf94-4e41-ae65-a5390866b4b8,6f379546-35fa-47fd-a642-c34084b8895d,4ce0aa0b-3187-457f-8d07-7bcbffdfc2ab,infra.decharge_inventaire_pollution_general,eb143f96-62bf-4543-bf2b-77762e84954a,e53e0e81-75ce-4627-a2a6-c1a7d5b1f5aa,0.0,0.7250,DUPLICATE_EXACT,RIBAT EL KHIR,RIBAT EL KHIR,RIBAT EL KHIR,IGHZRANE,DECHARGE,infra.decharge_inventaire_pollution_general,MANUAL_REVIEW_REQUIRED,1,PENDING,distance=0.00m; nom=1.00; commune=0.00; priorite=5
e60088e9-cf94-4e41-ae65-a5390866b4b8,03752a77-cfbc-4454-9be6-572f1b5b72dc,9bc24d94-4b42-46c8-9af6-d003ddbb13cf,infra.decharge_inventaire_pollution_general,dcb13bd0-8e62-45a3-8a87-7ba21e655f21,f0d23d4e-862a-442b-8cfc-03a5f591a475,0.0,0.7250,DUPLICATE_EXACT,El Marj ( TIMOUYAS),El Marj ( TIMOUYAS),OULAD MKOUDOU,Ain Timguenai,DECHARGE,infra.decharge_inventaire_pollution_general,MANUAL_REVIEW_REQUIRED,1,PENDING,distance=0.00m; nom=1.00; commune=0.00; priorite=5
e60088e9-cf94-4e41-ae65-a5390866b4b8,f7bbaeb1-6052-45eb-b989-2294ec47d58b,6a37e03b-017e-4e1d-a7fa-4574ebeea4bb,infra.decharge_inventaire_pollution_general,ce775ceb-5347-4fb1-9c5e-0c9fc25fa5cd,f0d23d4e-862a-442b-8cfc-03a5f591a475,0.0,0.7250,DUPLICATE_EXACT,El Marj ( TIMOUYAS),El Marj ( TIMOUYAS),El Menzel,Ain Timguenai,DECHARGE,infra.decharge_inventaire_pollution_general,MANUAL_REVIEW_REQUIRED,1,PENDING,distance=0.00m; nom=1.00; commune=0.00; priorite=5
e60088e9-cf94-4e41-ae65-a5390866b4b8,3d8dcb70-fdc7-4b3a-acca-a27f771ef209,886b4c44-5bf6-4332-b23f-187602c036d3,infra.decharge_inventaire_pollution_general,0c3291ff-8839-497f-a616-52e95a12382c,0286e2f4-60f4-4725-bc10-a4df74a48be2,0.0,0.7250,DUPLICATE_EXACT,Saf louza,Saf louza,Taza,Bab boudir,DECHARGE,infra.decharge_inventaire_pollution_general,MANUAL_REVIEW_REQUIRED,1,PENDING,distance=0.00m; nom=1.00; commune=0.00; priorite=5
e60088e9-cf94-4e41-ae65-a5390866b4b8,04b833dd-1b2a-4b07-b3f2-bf98df6b02db,75e6c92d-6431-4e00-8341-69490a660104,infra.decharge_inventaire_pollution_general,cb847247-b206-4ffc-929d-3f4933db7378,0286e2f4-60f4-4725-bc10-a4df74a48be2,0.0,0.7250,DUPLICATE_EXACT,Saf louza,Saf louza,bni lent,Bab boudir,DECHARGE,infra.decharge_inventaire_pollution_general,MANUAL_REVIEW_REQUIRED,1,PENDING,distance=0.00m; nom=1.00; commune=0.00; priorite=5
e60088e9-cf94-4e41-ae65-a5390866b4b8,1acc25b6-8863-4a26-85b8-b48d4672180e,88886265-6557-48bf-85e2-1f78bdce8c2c,infra.decharge_inventaire_pollution_general,aa2ffd55-75b0-47d9-ba3e-4190497cb389,0286e2f4-60f4-4725-bc10-a4df74a48be2,0.0,0.7250,DUPLICATE_EXACT,Saf louza,Saf louza,Galdamane,Bab boudir,DECHARGE,infra.decharge_inventaire_pollution_general,MANUAL_REVIEW_REQUIRED,1,PENDING,distance=0.00m; nom=1.00; commune=0.00; priorite=5
e60088e9-cf94-4e41-ae65-a5390866b4b8,0d3917d1-83fe-4455-8420-903c69eada3e,a0f1f1ea-d61f-47aa-a29f-ff622ec66556,infra.decharge_inventaire_pollution_general,42b55bf9-d868-4b31-845c-84246e8c1939,0286e2f4-60f4-4725-bc10-a4df74a48be2,0.0,0.7250,DUPLICATE_EXACT,Saf louza,Saf louza,BAB MARZOUKA,Bab boudir,DECHARGE,infra.decharge_inventaire_pollution_general,MANUAL_REVIEW_REQUIRED,1,PENDING,distance=0.00m; nom=1.00; commune=0.00; priorite=5
e60088e9-cf94-4e41-ae65-a5390866b4b8,5bfff442-b0dd-4883-82a2-747e5d6f2fa1,1f33c56b-1f2b-4fdd-8ea1-e94ccdfbc771,infra.decharge_inventaire_pollution_general,662945f3-2c9f-4760-a181-db7922e90796,0286e2f4-60f4-4725-bc10-a4df74a48be2,0.0,0.7250,DUPLICATE_EXACT,Saf louza,Saf louza,oued amlil,Bab boudir,DECHARGE,infra.decharge_inventaire_pollution_general,MANUAL_REVIEW_REQUIRED,1,PENDING,distance=0.00m; nom=1.00; commune=0.00; priorite=5
e60088e9-cf94-4e41-ae65-a5390866b4b8,3a0cbb65-6134-4bdc-a4d9-729c23ad234b,19ecb7cf-8847-4141-8647-11c03feadcb1,infra.decharge_inventaire_pollution_general,7deb3bdd-d2ac-4d21-82fc-093a227fbc57,0286e2f4-60f4-4725-bc10-a4df74a48be2,0.0,0.7250,DUPLICATE_EXACT,Saf louza,Saf louza,Meknasa charqia,Bab boudir,DECHARGE,infra.decharge_inventaire_pollution_general,MANUAL_REVIEW_REQUIRED,1,PENDING,distance=0.00m; nom=1.00; commune=0.00; priorite=5
e60088e9-cf94-4e41-ae65-a5390866b4b8,e8d62dc6-a0e2-4c8d-bc22-ee8707eb7d66,d5424466-2adf-4e11-92f7-56df07f5e438,infra.decharge_inventaire_pollution_general,e3c86d3b-4867-4cf9-ae01-34d2ade798c4,0286e2f4-60f4-4725-bc10-a4df74a48be2,0.0,0.7250,DUPLICATE_EXACT,Saf louza,Saf louza,Meknasa algharbia,Bab boudir,DECHARGE,infra.decharge_inventaire_pollution_general,MANUAL_REVIEW_REQUIRED,1,PENDING,distance=0.00m; nom=1.00; commune=0.00; priorite=5
e60088e9-cf94-4e41-ae65-a5390866b4b8,40bb877d-2599-4523-a99e-6568a620aa09,69aef79e-314b-4e33-a1e9-a91ddcb79de8,infra.decharge_inventaire_pollution_general,869fccb5-6515-4204-a2e1-dd8a9a22f2e9,0286e2f4-60f4-4725-bc10-a4df74a48be2,0.0,0.7250,DUPLICATE_EXACT,Saf louza,Saf louza,Ghiata elgharbia,Bab boudir,DECHARGE,infra.decharge_inventaire_pollution_general,MANUAL_REVIEW_REQUIRED,1,PENDING,distance=0.00m; nom=1.00; commune=0.00; priorite=5
e60088e9-cf94-4e41-ae65-a5390866b4b8,4c42394d-1c9e-43e2-a315-29e69ce46b31,7185fb86-0378-45c0-b895-cc49eecf7709,infra.decharge_inventaire_pollution_general,ea211318-3719-4e7e-b4c6-981e148519ea,0286e2f4-60f4-4725-bc10-a4df74a48be2,0.0,0.7250,DUPLICATE_EXACT,Saf louza,Saf louza,Ouled zbair,Bab boudir,DECHARGE,infra.decharge_inventaire_pollution_general,MANUAL_REVIEW_REQUIRED,1,PENDING,distance=0.00m; nom=1.00; commune=0.00; priorite=5
e60088e9-cf94-4e41-ae65-a5390866b4b8,07f2798a-29e9-4c96-a5ca-8c896b646996,f4c4cb8e-57d1-428a-8f7a-11f563635676,infra.decharge_inventaire_pollution_general,bd329b19-9a8c-46f5-8959-7fcff2a9f85d,b66b249d-c584-4368-99e7-308026568e55,0.0,0.7250,DUPLICATE_EXACT,,E-DECH,EL Ganzara,EL Ganzara,DECHARGE,infra.decharge_inventaire_pollution_general,MANUAL_REVIEW_REQUIRED,1,PENDING,distance=0.00m; nom=0.00; commune=1.00; priorite=5
e60088e9-cf94-4e41-ae65-a5390866b4b8,99a4761d-98fb-47c9-b03a-c44238fc210d,cbb1af46-e1ea-43aa-8e14-3902fbfddbd9,infra.decharge_inventaire_pollution_general,8028e667-3fb4-4152-a01e-068fa5b436ab,28039e6a-4b12-4858-8084-14953fe80e93,0.0,0.7250,DUPLICATE_EXACT,,AY-DECH,Ait yadine,Ait yadine,DECHARGE,infra.decharge_inventaire_pollution_general,MANUAL_REVIEW_REQUIRED,1,PENDING,distance=0.00m; nom=0.00; commune=1.00; priorite=5
e60088e9-cf94-4e41-ae65-a5390866b4b8,40deaa8c-56d5-46e4-835b-d0b02e70cd0d,04a455d2-4c6f-4e8a-a5ce-986d1fe09c61,infra.decharge_inventaire_pollution_general,942bfff8-e1f1-4a72-a657-e094d300028a,d3020b1e-5a8a-4572-9cc9-97aeeeec8ca1,0.0,0.7250,DUPLICATE_EXACT,,B-DECH,Bouqachmir,Bouqachmir,DECHARGE,infra.decharge_inventaire_pollution_general,MANUAL_REVIEW_REQUIRED,1,PENDING,distance=0.00m; nom=0.00; commune=1.00; priorite=5
e60088e9-cf94-4e41-ae65-a5390866b4b8,ce8e69dd-f3a8-4669-9311-db3ed52fe18c,5a7fa86c-12d4-4261-bf57-cce34b5a0d2b,infra.decharge_inventaire_pollution_general,4ecef010-28b2-4c63-a9e3-db6aecbc1283,38f7c930-8351-4b4e-9adc-b4c99b38ebe7,0.0,0.7250,DUPLICATE_EXACT,,ATM-DECH,AIT MIMOUNE,AIT MIMOUNE,DECHARGE,infra.decharge_inventaire_pollution_general,MANUAL_REVIEW_REQUIRED,1,PENDING,distance=0.00m; nom=0.00; commune=1.00; priorite=5
e60088e9-cf94-4e41-ae65-a5390866b4b8,65c02514-00b4-47b6-bea5-38882ee013ea,e8a0faa8-029b-49f0-ac64-5616b28f2c1f,infra.decharge,187,a0e26611-5124-47e9-b62e-bc55c092f7f3,0.0,0.6067,DUPLICATE_EXACT,sefrou,Décharge de Sefrou,,AZZABA,DECHARGE,infra.decharge_inventaire_pollution_general,MANUAL_REVIEW_REQUIRED,1,PENDING,distance=0.00m; nom=0.33; commune=0.00; priorite=4
e60088e9-cf94-4e41-ae65-a5390866b4b8,82bbb514-1f00-4f98-adaa-d30d582b6c95,f41658c4-5ded-40e8-a52f-25184a34fd94,infra.decharge,190,a0e26611-5124-47e9-b62e-bc55c092f7f3,0.0,0.6067,DUPLICATE_EXACT,sefrou,Décharge de Sefrou,,AZZABA,DECHARGE,infra.decharge_inventaire_pollution_general,MANUAL_REVIEW_REQUIRED,1,PENDING,distance=0.00m; nom=0.33; commune=0.00; priorite=4
e60088e9-cf94-4e41-ae65-a5390866b4b8,60fc7be3-9a31-432a-a87c-775291a6b41a,28fcace6-5703-4c05-b334-42beb327e001,infra.decharge,186,1346cba8-3264-4a7c-bc8c-f60887ead237,0.0,0.6067,DUPLICATE_EXACT,tissa,Décharge de tissa,,Oulad Daoud,DECHARGE,infra.decharge_inventaire_pollution_general,MANUAL_REVIEW_REQUIRED,1,PENDING,distance=0.00m; nom=0.33; commune=0.00; priorite=4
e60088e9-cf94-4e41-ae65-a5390866b4b8,56dc8a0b-6935-4f3d-8a6e-dd7013a05b75,ba55767c-1d1b-4da4-9141-317dfd0a2406,infra.decharge_inventaire_pollution_general,02f48473-5952-40c3-bf4d-65bfcb058fd7,1346cba8-3264-4a7c-bc8c-f60887ead237,0.0,0.5917,DUPLICATE_EXACT,Tissa,Décharge de tissa,Tissa,Oulad Daoud,DECHARGE,infra.decharge_inventaire_pollution_general,MANUAL_REVIEW_REQUIRED,1,PENDING,distance=0.00m; nom=0.33; commune=0.00; priorite=5
e60088e9-cf94-4e41-ae65-a5390866b4b8,d865eea0-bb0c-4b36-b230-af8151c344d3,fad55dd2-7113-4960-b149-b49a3928f73d,infra.decharge_inventaire_pollution_general,bf357553-1ce3-4691-91cb-c06b9e05df76,a0e26611-5124-47e9-b62e-bc55c092f7f3,0.0,0.5917,DUPLICATE_EXACT,SEFROU,Décharge de Sefrou,SEFROU,AZZABA,DECHARGE,infra.decharge_inventaire_pollution_general,MANUAL_REVIEW_REQUIRED,1,PENDING,distance=0.00m; nom=0.33; commune=0.00; priorite=5
e60088e9-cf94-4e41-ae65-a5390866b4b8,c48e290e-0771-4567-bdb3-9f437a26e1d4,527a3ae7-584c-470d-9266-7fdee80e7e26,infra.decharge_inventaire_pollution_general,f4e049f7-12c3-4d32-b170-fdc4ac71ce0b,a0e26611-5124-47e9-b62e-bc55c092f7f3,0.0,0.5917,DUPLICATE_EXACT,SEFROU,Décharge de Sefrou,SIDI YOUSSEF BEN AHMED,AZZABA,DECHARGE,infra.decharge_inventaire_pollution_general,MANUAL_REVIEW_REQUIRED,1,PENDING,distance=0.00m; nom=0.33; commune=0.00; priorite=5
e60088e9-cf94-4e41-ae65-a5390866b4b8,a507b6cb-fdc6-4852-a70e-7b115e2f8fa0,9bef9c49-01de-4221-8b3c-352a13e6291b,infra.decharge,231,6af15e8f-8aad-43a5-b5da-83f22b7c297f,0.0,0.5400,DUPLICATE_EXACT,,4,,Sebaa Rouadi,DECHARGE,infra.decharge_inventaire_pollution,MANUAL_REVIEW_REQUIRED,1,PENDING,distance=0.00m; nom=0.00; commune=0.00; priorite=4
e60088e9-cf94-4e41-ae65-a5390866b4b8,a521429a-3f6f-4ce6-816d-f10075c0dba8,aec40337-90d4-4e84-adba-6f4d1f3ebfcd,infra.decharge,233,2130be1d-28a8-4fb1-92fe-9f0268440f0f,0.0,0.5400,DUPLICATE_EXACT,,6,,IGHZRANE,DECHARGE,infra.decharge_inventaire_pollution,MANUAL_REVIEW_REQUIRED,1,PENDING,distance=0.00m; nom=0.00; commune=0.00; priorite=4
e60088e9-cf94-4e41-ae65-a5390866b4b8,82d05466-1010-4f5b-8b63-e7b6990b6736,8a90b3e0-dafb-4c08-a90d-eec4327ead5e,infra.decharge,232,c2890520-beb0-4d8f-9485-56e3ad6dd38b,0.0,0.5400,DUPLICATE_EXACT,,5,,IGHZRANE,DECHARGE,infra.decharge_inventaire_pollution,MANUAL_REVIEW_REQUIRED,1,PENDING,distance=0.00m; nom=0.00; commune=0.00; priorite=4
e60088e9-cf94-4e41-ae65-a5390866b4b8,f8d36ff5-4ede-41e0-a79f-12f0e1f0bff7,d3035b40-9b8a-4adc-a653-db04d61ec677,infra.decharge,70,d3020b1e-5a8a-4572-9cc9-97aeeeec8ca1,0.0,0.5400,DUPLICATE_EXACT,,B-DECH,,Bouqachmir,DECHARGE,infra.decharge_inventaire_pollution_general,MANUAL_REVIEW_REQUIRED,1,PENDING,distance=0.00m; nom=0.00; commune=0.00; priorite=4
e60088e9-cf94-4e41-ae65-a5390866b4b8,9016aa4b-7290-411b-a7bf-a635116911f1,cbcd24d0-8959-4699-b0a7-21de26cf03ca,infra.decharge,97,d84401dc-13fa-43be-8d0f-bb7c3365b508,0.0,0.5400,DUPLICATE_EXACT,décharge publique,Ghafsai,,Ghafsai,DECHARGE,infra.decharge_inventaire_pollution_general,MANUAL_REVIEW_REQUIRED,1,PENDING,distance=0.00m; nom=0.00; commune=0.00; priorite=4
e60088e9-cf94-4e41-ae65-a5390866b4b8,d64ca5b3-326a-4232-9e10-03fbeca824b7,6529a58f-cbf5-46e6-91ee-5cad934851aa,infra.mine,15,e69b92e0-b40d-4251-a278-b61d899cecf7,0.0,0.5400,DUPLICATE_EXACT,,343190.00000000000,,Ait Siberne,MINE,infra.mine_inventaire_pollution,MANUAL_REVIEW_REQUIRED,1,PENDING,distance=0.00m; nom=0.00; commune=0.00; priorite=4
e60088e9-cf94-4e41-ae65-a5390866b4b8,847de81e-7780-4559-8660-e2109817dab9,6b4397fa-41d1-4eee-a1f3-4891e78c15b9,infra.mine,14,2a501be0-4765-4275-8efe-6d087d9c4d66,0.0,0.5400,DUPLICATE_EXACT,,343169.00000000000,,Bouqachmir,MINE,infra.mine_inventaire_pollution,MANUAL_REVIEW_REQUIRED,1,PENDING,distance=0.00m; nom=0.00; commune=0.00; priorite=4
e60088e9-cf94-4e41-ae65-a5390866b4b8,0580e88e-9175-4ba4-b886-7f7788750786,87b2049b-dc90-4564-a57b-d8c3c9d2e188,infra.mine,13,1aaa1c66-baea-478d-b798-39c880dff6c2,0.0,0.5400,DUPLICATE_EXACT,,343187.00000000000,,Bouqachmir,MINE,infra.mine_inventaire_pollution,MANUAL_REVIEW_REQUIRED,1,PENDING,distance=0.00m; nom=0.00; commune=0.00; priorite=4
e60088e9-cf94-4e41-ae65-a5390866b4b8,df51055a-0a53-4391-85a3-99b37c70de31,38d3397c-d7a8-4712-bdd1-1ddcba13117f,infra.mine,12,d48d3885-4096-478c-b0a9-ad26571ada61,0.0,0.5400,DUPLICATE_EXACT,,343185.00000000000,,Majmaa Tolba,MINE,infra.mine_inventaire_pollution,MANUAL_REVIEW_REQUIRED,1,PENDING,distance=0.00m; nom=0.00; commune=0.00; priorite=4
e60088e9-cf94-4e41-ae65-a5390866b4b8,c57cf051-1b71-4689-a340-3037c538f0f3,82af9614-c58d-4488-a427-bc822deb7be4,infra.mine,11,6028db83-cf16-41e4-bbab-d4f868589ec4,0.0,0.5400,DUPLICATE_EXACT,,343180.00000000000,,Ait Mimoune,MINE,infra.mine_inventaire_pollution,MANUAL_REVIEW_REQUIRED,1,PENDING,distance=0.00m; nom=0.00; commune=0.00; priorite=4
e60088e9-cf94-4e41-ae65-a5390866b4b8,4db9144e-49de-4c14-a523-aac266bb45dc,a9561274-a87a-45c3-9867-84b05246b5a0,infra.mine,22,7dd19bc1-a369-41fb-94f1-ef728815ae6e,0.0,0.5400,DUPLICATE_EXACT,,343181.00000000000,,Moulay Abdelkader,MINE,infra.mine_inventaire_pollution,MANUAL_REVIEW_REQUIRED,1,PENDING,distance=0.00m; nom=0.00; commune=0.00; priorite=4
e60088e9-cf94-4e41-ae65-a5390866b4b8,f13000fe-2eeb-4c19-99c3-55eea00e470b,5da8af2c-86d2-4211-a7a4-37100048519e,infra.mine,21,b20dab01-8321-4160-aa09-72bf727c79d1,0.0,0.5400,DUPLICATE_EXACT,,343194.00000000000,,Selfat,MINE,infra.mine_inventaire_pollution,MANUAL_REVIEW_REQUIRED,1,PENDING,distance=0.00m; nom=0.00; commune=0.00; priorite=4
e60088e9-cf94-4e41-ae65-a5390866b4b8,4fc89968-6caf-4626-9296-6c38093a72e8,b60c927c-2817-4fb9-bfdb-b826c0938c6b,infra.mine,20,a5ab3ae0-c9e5-46d5-90d2-0410275bafed,0.0,0.5400,DUPLICATE_EXACT,,343193.00000000000,,Ain Dfali,MINE,infra.mine_inventaire_pollution,MANUAL_REVIEW_REQUIRED,1,PENDING,distance=0.00m; nom=0.00; commune=0.00; priorite=4
e60088e9-cf94-4e41-ae65-a5390866b4b8,786c9cc7-3bf2-48cf-85d9-905f42386478,f2c68492-215e-41b8-a75d-1cc05bed06f2,infra.decharge,228,e9e94177-ec36-4e44-a9d8-ccf9191f46b5,0.0,0.5400,DUPLICATE_EXACT,,1,,Imouzzer Marmoucha,DECHARGE,infra.decharge_inventaire_pollution,MANUAL_REVIEW_REQUIRED,1,PENDING,distance=0.00m; nom=0.00; commune=0.00; priorite=4
e60088e9-cf94-4e41-ae65-a5390866b4b8,c98aa69b-4d0a-43e9-a9e6-5343077aef4d,c696fb53-68ff-4acb-b3ce-e63d9d2a7879,infra.mine,19,c09376f0-f077-4a55-aeab-8898c5f00671,0.0,0.5400,DUPLICATE_EXACT,,343192.00000000000,,Sidi Ahmed Benaissa,MINE,infra.mine_inventaire_pollution,MANUAL_REVIEW_REQUIRED,1,PENDING,distance=0.00m; nom=0.00; commune=0.00; priorite=4
e60088e9-cf94-4e41-ae65-a5390866b4b8,86709f8d-4081-4df2-8f05-2eacc93fbf7f,958483f3-7ca1-45bf-bc67-330116ea04d7,infra.decharge,103,b66b249d-c584-4368-99e7-308026568e55,0.0,0.5400,DUPLICATE_EXACT,,E-DECH,,EL Ganzara,DECHARGE,infra.decharge_inventaire_pollution_general,MANUAL_REVIEW_REQUIRED,1,PENDING,distance=0.00m; nom=0.00; commune=0.00; priorite=4
e60088e9-cf94-4e41-ae65-a5390866b4b8,c14cf421-ac7d-451b-affc-1adc8f467a42,6632e5bd-2933-4845-b82f-ac37d7baf6cc,infra.decharge,42,28039e6a-4b12-4858-8084-14953fe80e93,0.0,0.5400,DUPLICATE_EXACT,,AY-DECH,,Ait yadine,DECHARGE,infra.decharge_inventaire_pollution_general,MANUAL_REVIEW_REQUIRED,1,PENDING,distance=0.00m; nom=0.00; commune=0.00; priorite=4
e60088e9-cf94-4e41-ae65-a5390866b4b8,cfacb7a2-71de-4ec1-8238-45887d1d9a30,87a0ef36-4869-4f3f-94ea-ab194203d617,infra.mine,16,554226db-3b86-4eac-a395-a5049909a571,0.0,0.5400,DUPLICATE_EXACT,,343191.00000000000,,Ait Ikkou,MINE,infra.mine_inventaire_pollution,MANUAL_REVIEW_REQUIRED,1,PENDING,distance=0.00m; nom=0.00; commune=0.00; priorite=4
e60088e9-cf94-4e41-ae65-a5390866b4b8,4ad0659c-e04f-4dd5-9253-7af96b75a19d,f169eeb0-f677-429f-8858-e1d1ba12dc9a,infra.decharge_inventaire_pollution_general,43881c4a-7b6a-4469-91c1-62be6e34a715,d84401dc-13fa-43be-8d0f-bb7c3365b508,0.0,0.5250,DUPLICATE_EXACT,Décharge publique,Ghafsai,Ratba,Ghafsai,DECHARGE,infra.decharge_inventaire_pollution_general,MANUAL_REVIEW_REQUIRED,1,PENDING,distance=0.00m; nom=0.00; commune=0.00; priorite=5
e60088e9-cf94-4e41-ae65-a5390866b4b8,770bbf34-d936-4c2f-b8c9-94e6e5b59564,2f899a90-7e54-4aed-853f-9a07e92db8a4,infra.decharge,13,d2329708-0407-4b9c-9857-5e49e1880334,0.11045361015880333,0.7400,POSSIBLE_MATCH,décharge guigou,Décharge Guigou,,Guigou,DECHARGE,infra.decharge_inventaire_pollution_general,MANUAL_REVIEW,2,PENDING,distance=0.11m; nom=1.00; commune=0.00; priorite=4
e60088e9-cf94-4e41-ae65-a5390866b4b8,69118f7b-8443-426b-a262-c1812cc6e53a,06642078-8522-4334-9e44-90b24df7750f,infra.decharge,111,fe0b0c55-772b-4667-80e6-e67b5c4bd4c9,0.28017851455069226,0.7400,POSSIBLE_MATCH,el batma,El Batma,,Ouazzane,DECHARGE,infra.decharge_inventaire_pollution_general,MANUAL_REVIEW,2,PENDING,distance=0.28m; nom=1.00; commune=0.00; priorite=4
e60088e9-cf94-4e41-ae65-a5390866b4b8,5e9cb9c7-2df3-4f97-9a75-a65ce1e215ab,03bc1616-fdc7-4d70-8041-95f5fc8bfa38,infra.decharge,37,ff39b5a5-88a3-4b1f-a328-7639a89b8332,0.3224903099434936,0.7400,POSSIBLE_MATCH,décharge elmers,Décharge Elmers,,Elmers,DECHARGE,infra.decharge_inventaire_pollution_general,MANUAL_REVIEW,2,PENDING,distance=0.32m; nom=1.00; commune=0.00; priorite=4
e60088e9-cf94-4e41-ae65-a5390866b4b8,37f7fd9a-ad49-46bb-a160-2f6748a150b0,fca3e804-9cd3-4449-95f8-505525bef9c4,infra.decharge,148,ec71d9fa-0888-4dbb-a32b-e95db08c2205,0.3413209633454882,0.7400,POSSIBLE_MATCH,sahel belfal,Sahel Belfal,,Azghar,DECHARGE,infra.decharge_inventaire_pollution_general,MANUAL_REVIEW,2,PENDING,distance=0.34m; nom=1.00; commune=0.00; priorite=4
e60088e9-cf94-4e41-ae65-a5390866b4b8,b413ecaa-7d70-4f27-8d32-0a711113465d,32c8e6f9-f57c-43a9-bfbb-5e8318e2dbbb,infra.decharge,143,ec71d9fa-0888-4dbb-a32b-e95db08c2205,0.3413209633454882,0.7400,POSSIBLE_MATCH,sahel belfal,Sahel Belfal,,Azghar,DECHARGE,infra.decharge_inventaire_pollution_general,MANUAL_REVIEW,2,PENDING,distance=0.34m; nom=1.00; commune=0.00; priorite=4
e60088e9-cf94-4e41-ae65-a5390866b4b8,17089cf7-7789-4f61-a81b-9d8eeeb171fb,2b4dee13-fabe-4f8b-8831-867e2507f745,infra.decharge,142,ec71d9fa-0888-4dbb-a32b-e95db08c2205,0.3413209633454882,0.7400,POSSIBLE_MATCH,sahel belfal,Sahel Belfal,,Azghar,DECHARGE,infra.decharge_inventaire_pollution_general,MANUAL_REVIEW,2,PENDING,distance=0.34m; nom=1.00; commune=0.00; priorite=4
e60088e9-cf94-4e41-ae65-a5390866b4b8,e36c907f-dfdf-41d0-a992-720a17bdf9f5,927f2210-3f3d-4ac3-a86a-4496063d0051,infra.decharge,141,ec71d9fa-0888-4dbb-a32b-e95db08c2205,0.3413209633454882,0.7400,POSSIBLE_MATCH,sahel belfal,Sahel Belfal,,Azghar,DECHARGE,infra.decharge_inventaire_pollution_general,MANUAL_REVIEW,2,PENDING,distance=0.34m; nom=1.00; commune=0.00; priorite=4
e60088e9-cf94-4e41-ae65-a5390866b4b8,9146843f-0c2c-4e06-a952-44a216535762,00809a23-83c8-405c-9a5f-455c0ffd0fdb,infra.decharge,140,ec71d9fa-0888-4dbb-a32b-e95db08c2205,0.3413209633454882,0.7400,POSSIBLE_MATCH,sahel belfal,Sahel Belfal,,Azghar,DECHARGE,infra.decharge_inventaire_pollution_general,MANUAL_REVIEW,2,PENDING,distance=0.34m; nom=1.00; commune=0.00; priorite=4
e60088e9-cf94-4e41-ae65-a5390866b4b8,ad638bdd-312c-47cd-8afb-ac6f61935f6b,65386870-0fa6-4f2e-9797-c3e1b9b692e7,infra.decharge,146,ec71d9fa-0888-4dbb-a32b-e95db08c2205,0.3413209633454882,0.7400,POSSIBLE_MATCH,sahel belfal,Sahel Belfal,,Azghar,DECHARGE,infra.decharge_inventaire_pollution_general,MANUAL_REVIEW,2,PENDING,distance=0.34m; nom=1.00; commune=0.00; priorite=4
e60088e9-cf94-4e41-ae65-a5390866b4b8,e41aa469-e9df-4e4b-9f00-01dfb6aa6632,353f070c-6cfd-4ec9-a7fc-4ac783138f45,infra.decharge,149,ec71d9fa-0888-4dbb-a32b-e95db08c2205,0.3413209633454882,0.7400,POSSIBLE_MATCH,sahel belfal,Sahel Belfal,,Azghar,DECHARGE,infra.decharge_inventaire_pollution_general,MANUAL_REVIEW,2,PENDING,distance=0.34m; nom=1.00; commune=0.00; priorite=4
e60088e9-cf94-4e41-ae65-a5390866b4b8,2ad827a9-6301-463f-947e-36546861cc0e,c8c6e8e0-e640-487a-add4-c3edda03258d,infra.decharge,147,ec71d9fa-0888-4dbb-a32b-e95db08c2205,0.3413209633454882,0.7400,POSSIBLE_MATCH,sahel belfal,Sahel Belfal,,Azghar,DECHARGE,infra.decharge_inventaire_pollution_general,MANUAL_REVIEW,2,PENDING,distance=0.34m; nom=1.00; commune=0.00; priorite=4
e60088e9-cf94-4e41-ae65-a5390866b4b8,130663c9-ed66-44b7-b620-61a889d43542,ec34688d-178b-45f9-91c7-17a34dce63a4,infra.mine,17,53d41cac-403b-486a-a01f-03d44d66cdbb,0.36055512754317015,0.5400,TO_VALIDATE,,343189.00000000000,,Majmaa Tolba,MINE,infra.mine_inventaire_pollution,MANUAL_REVIEW_REQUIRED,2,PENDING,distance=0.36m; nom=0.00; commune=0.00; priorite=4
e60088e9-cf94-4e41-ae65-a5390866b4b8,84d702c4-7627-4fb2-a00a-1e99d851cddd,595952ce-d6d6-4bf3-a7c1-4fe90559e5c8,infra.mine,33,05a9236d-74e8-40a0-8370-7f69d42cd18b,0.36124783735216753,0.7400,POSSIBLE_MATCH,STE RIHAM IKHWANE,STE RIHAM IKHWANE,,Mikkes,MINE,infra.mine_inventaire_pollution,MANUAL_REVIEW,2,PENDING,distance=0.36m; nom=1.00; commune=0.00; priorite=4
e60088e9-cf94-4e41-ae65-a5390866b4b8,8ee85237-88b5-4a4e-b0ef-0a8df1612fad,c6decf74-6d40-486e-8c4a-90ce157451be,infra.mine,32,0526c8b7-1da2-4e96-b606-ea3f849a6ae2,0.36124783735216753,0.7400,POSSIBLE_MATCH,STE RIHAM IKHWANE,STE RIHAM IKHWANE,,Mikkes,MINE,infra.mine_inventaire_pollution,MANUAL_REVIEW,2,PENDING,distance=0.36m; nom=1.00; commune=0.00; priorite=4
e60088e9-cf94-4e41-ae65-a5390866b4b8,5aace782-f5cf-42b2-98a9-7a2a73c8fc5b,458d5e89-e96d-4df4-bc04-f43ed0e0b16b,infra.mine,30,e15b32d2-4243-4c36-8077-9ee51977a10c,0.3679673898731493,0.7400,POSSIBLE_MATCH,STE MINIERE BOUHRAMAT,STE MINIERE BOUHRAMAT,,Sebaa Rouadi,MINE,infra.mine_inventaire_pollution,MANUAL_REVIEW,2,PENDING,distance=0.37m; nom=1.00; commune=0.00; priorite=4
e60088e9-cf94-4e41-ae65-a5390866b4b8,5c35ff53-894a-47ff-b156-bc833d363ea9,b68e7d2a-4e4d-4075-a43b-974fbf6a2a27,infra.mine,38,67ff88a9-1e1a-4193-a3ec-caccd9ee12a3,0.380131556190583,0.7400,POSSIBLE_MATCH,ONHYM,ONHYM,,Mrhassiyine,MINE,infra.mine_inventaire_pollution,MANUAL_REVIEW,2,PENDING,distance=0.38m; nom=1.00; commune=0.00; priorite=4
e60088e9-cf94-4e41-ae65-a5390866b4b8,2c289eec-ca06-4dc7-8e71-3f664a88c547,73a2fd1b-33ea-4560-bfe4-fa2a5c55be2b,infra.decharge,84,bf242e6e-fe86-4070-9a2c-aa93c892e923,0.380131556190583,0.7400,POSSIBLE_MATCH,décharge publique,Décharge Publique,,Sidi Redouane,DECHARGE,infra.decharge_inventaire_pollution_general,MANUAL_REVIEW,2,PENDING,distance=0.38m; nom=1.00; commune=0.00; priorite=4
e60088e9-cf94-4e41-ae65-a5390866b4b8,5cef3c97-461a-4311-b48d-5be4d8873d56,f825b653-0f32-4b59-b009-aa4e024217fb,infra.mine,37,9bdd4dd1-962d-4375-a9a4-4b6f243d6f04,0.380131556190583,0.7400,POSSIBLE_MATCH,ONHYM,ONHYM,,Mrhassiyine,MINE,infra.mine_inventaire_pollution,MANUAL_REVIEW,2,PENDING,distance=0.38m; nom=1.00; commune=0.00; priorite=4
e60088e9-cf94-4e41-ae65-a5390866b4b8,a228bcaf-e760-4d7a-b365-2aa2368ca5fe,03fe48e7-02a6-44ef-8de4-8b30adda92a4,infra.mine,36,6934f0c0-40a6-4fd0-9877-39cceeb7244d,0.38078865528096656,0.7400,POSSIBLE_MATCH,STE UNION D'EXPLOITATION DESMINES ET CARRIERES,STE UNION D'EXPLOITATION DESMINES ET CARRIERES,,Iqaddar,MINE,infra.mine_inventaire_pollution,MANUAL_REVIEW,2,PENDING,distance=0.38m; nom=1.00; commune=0.00; priorite=4
e60088e9-cf94-4e41-ae65-a5390866b4b8,e724dc8b-bca7-43fc-b49b-563af838a394,4dc0d4b1-b30c-40f9-a639-cb6cba986f5c,infra.decharge,16,a4f2a302-0b7a-48fa-8eb8-1e982dc36da4,0.4085339643291901,0.7400,POSSIBLE_MATCH,mayzal,Mayzal,,Skoura M'daz,DECHARGE,infra.decharge_inventaire_pollution_general,MANUAL_REVIEW,2,PENDING,distance=0.41m; nom=1.00; commune=0.00; priorite=4
e60088e9-cf94-4e41-ae65-a5390866b4b8,32629fd9-62e6-4b0f-907c-68d6aaa54f44,4a1df001-d6e5-4d19-9d80-a73b78d59001,infra.decharge,14,38f7c930-8351-4b4e-9adc-b4c99b38ebe7,0.42011903073592827,0.5400,TO_VALIDATE,,ATM-DECH,,AIT MIMOUNE,DECHARGE,infra.decharge_inventaire_pollution_general,MANUAL_REVIEW_REQUIRED,2,PENDING,distance=0.42m; nom=0.00; commune=0.00; priorite=4
e60088e9-cf94-4e41-ae65-a5390866b4b8,bb320a81-378a-4558-98c8-d4cb3ccea775,58e1c6eb-52d2-4059-b0ad-2b77eb6cd349,infra.mine,34,3c07866d-d4d8-4278-a85d-9bf043e99bff,0.4318564576248879,0.7400,POSSIBLE_MATCH,HAMADA MINERALS,HAMADA MINERALS,,Ait Ouikhalfen,MINE,infra.mine_inventaire_pollution,MANUAL_REVIEW,2,PENDING,distance=0.43m; nom=1.00; commune=0.00; priorite=4
e60088e9-cf94-4e41-ae65-a5390866b4b8,21deb7e5-b4a7-48de-936f-b6f4f714f07b,35151e15-8a2d-4438-b182-16a98b1a5c1f,infra.mine,35,0d14cb69-bd63-4250-a713-81a95239c592,0.4318564576248879,0.7400,POSSIBLE_MATCH,société OUZAID MINE,société OUZAID MINE,,Tamchachate,MINE,infra.mine_inventaire_pollution,MANUAL_REVIEW,2,PENDING,distance=0.43m; nom=1.00; commune=0.00; priorite=4
e60088e9-cf94-4e41-ae65-a5390866b4b8,bf0cf794-4a08-462c-9674-75c1f640f011,f5b9fab2-8def-44ab-aaf7-4f2f3a85b0fc,infra.decharge,11,276ae862-9501-41ec-8a73-c0c112abd909,0.4472135954999579,0.7400,POSSIBLE_MATCH,décharge inzalt boulemane,Décharge Inzalt Boulemane,,Boulemane,DECHARGE,infra.decharge_inventaire_pollution_general,MANUAL_REVIEW,2,PENDING,distance=0.45m; nom=1.00; commune=0.00; priorite=4
e60088e9-cf94-4e41-ae65-a5390866b4b8,9d04b1d4-d63d-4389-b9dd-f806ab8d3455,6bc3212d-0bdd-4566-9dc7-e0240677a1c4,infra.decharge,15,3334e12e-dbb8-43d7-a6de-881dde8e7302,0.4652956049807858,0.7400,POSSIBLE_MATCH,décharge serghina,Décharge Serghina,,Serghina,DECHARGE,infra.decharge_inventaire_pollution_general,MANUAL_REVIEW,2,PENDING,distance=0.47m; nom=1.00; commune=0.00; priorite=4
e60088e9-cf94-4e41-ae65-a5390866b4b8,36f72252-1702-4268-839a-7150b28e6823,e663fe61-cc4d-429d-b62b-3df9cab09c3c,infra.decharge,85,98538950-7d92-443c-9445-6627c69b0ad1,0.4741307836177863,0.7400,POSSIBLE_MATCH,décharge zoumi,Décharge zoumi,,Zoumi,DECHARGE,infra.decharge_inventaire_pollution_general,MANUAL_REVIEW,2,PENDING,distance=0.47m; nom=1.00; commune=0.00; priorite=4
e60088e9-cf94-4e41-ae65-a5390866b4b8,a9c5dd9f-cb8d-49af-be0b-b21f32a27514,50b46b34-f860-4527-8e3b-9ac7f32a667b,infra.mine,18,e8fc176d-c484-4855-bb1d-84ec361ffc30,0.5147815070595265,0.7400,POSSIBLE_MATCH,HAMADA MINERALS,HAMADA MINERALS,,Bouqachmir,MINE,infra.mine_inventaire_pollution,MANUAL_REVIEW,2,PENDING,distance=0.51m; nom=1.00; commune=0.00; priorite=4
e60088e9-cf94-4e41-ae65-a5390866b4b8,f7c22a5c-53f0-4b3a-9473-a6743649236f,e046aed8-437e-4e10-a394-1cb8c052b33d,infra.decharge,83,e1e55eb3-7b2c-40f9-9a91-3dad806cdda0,0.5220153254343769,0.7400,POSSIBLE_MATCH,décharge souk,Décharge Souk,,Sidi Bousber,DECHARGE,infra.decharge_inventaire_pollution_general,MANUAL_REVIEW,2,PENDING,distance=0.52m; nom=1.00; commune=0.00; priorite=4
e60088e9-cf94-4e41-ae65-a5390866b4b8,361aabdc-c812-40d1-955e-44a90a1a9803,fbfb87b6-e243-429b-8850-cb7644a9cdb5,infra.mine,7,c390f4da-f617-4b7c-a36b-e7613d7c7eb5,0.5303772242471325,0.7400,POSSIBLE_MATCH,ZMF CONSULTING,ZMF CONSULTING,,Talzemt,MINE,infra.mine_inventaire_pollution,MANUAL_REVIEW,2,PENDING,distance=0.53m; nom=1.00; commune=0.00; priorite=4
e60088e9-cf94-4e41-ae65-a5390866b4b8,50be0253-4588-4f03-82e1-2d6df2306da9,c4ee7788-18fc-44f9-a6d9-0773405f22a7,infra.decharge,34,68a01c0a-edee-42d0-9489-84dfe9493944,0.5547071299829519,0.7400,POSSIBLE_MATCH,imouzzer marmoucha,Imouzzer Marmoucha,,Imouzzer Marmoucha,DECHARGE,infra.decharge_inventaire_pollution_general,MANUAL_REVIEW,2,PENDING,distance=0.55m; nom=1.00; commune=0.00; priorite=4
e60088e9-cf94-4e41-ae65-a5390866b4b8,93cf0554-f0f8-4973-bcf0-dd117c527603,abc07979-81d5-4ce6-be7e-a7e06020d9fb,infra.decharge,82,22d98ec2-005f-4044-bbae-9ed5f96e285e,0.5798275605638538,0.7400,POSSIBLE_MATCH,décharge public,Décharge Public,,Mokrisset,DECHARGE,infra.decharge_inventaire_pollution_general,MANUAL_REVIEW,2,PENDING,distance=0.58m; nom=1.00; commune=0.00; priorite=4
e60088e9-cf94-4e41-ae65-a5390866b4b8,43714f08-70a3-4cb4-8259-a91b5c029a5d,dfd1b52c-b7fc-4b82-be57-d3d920e4a427,infra.mine,31,6e598f87-c726-4220-b656-8dd2cb1f3859,0.6224146528276218,0.7400,POSSIBLE_MATCH,STE MINIERE BOUHRAMAT,STE MINIERE BOUHRAMAT,,Sebaa Rouadi,MINE,infra.mine_inventaire_pollution,MANUAL_REVIEW,2,PENDING,distance=0.62m; nom=1.00; commune=0.00; priorite=4
e60088e9-cf94-4e41-ae65-a5390866b4b8,e76bcfc9-142c-4f08-8b9a-aba7f6834df5,4d57099d-a484-4d8f-9db7-cdceca8e578b,infra.mine,39,3732e36b-e2d3-49bc-abfb-3f5e9d4e74ec,0.6403124237578297,0.7400,POSSIBLE_MATCH,STE BENI KHELEF,STE BENI KHELEF,,Sidi El Makhfi,MINE,infra.mine_inventaire_pollution,MANUAL_REVIEW,2,PENDING,distance=0.64m; nom=1.00; commune=0.00; priorite=4
