{"type": "FeatureCollection", "features": [{"type": "Feature", "geometry": {"type": "LineString", "crs": {"type": "name", "properties": {"name": "EPSG:26191"}}, "coordinates": [[451466.088699996, 382466.6774], [451398.898100004, 382522.803800002], [451344.497400001, 382638.135600001], [451274.376900002, 382711.465300001], [451247.992899999, 382791.5823], [451228.633400001, 382866.0418], [451227.583400004, 382937.6142], [451225.322099999, 383047.0722], [451221.456699997, 383118.647799998], [451264.062200002, 383181.582899999], [451350.338799998, 383237.267299999], [451552.4912, 383348.500599999], [451661.211300001, 383381.631099999], [451776.790799998, 383378.246399999], [451824.841799997, 383403.255199999], [451877.290600002, 383460.5218], [451876.172799997, 383519.464499999], [451873.68, 383584.013900001], [451822.952799998, 383588.481199998], [451741.282200001, 383607.131099999], [451725.943999998, 383640.873599999], [451724.9256, 383719.4542], [451731.064400002, 383819.045499999], [451713.235100001, 383917.348700002], [451650.236199997, 384003.248399999], [451578.464400001, 384027.460999999], [451517.929399997, 384043.201200001], [451458.757299997, 384049.110100001], [451420.735799998, 384057.718199998], [451335.041100003, 384115.668699998], [451254.788099997, 384134.3156], [451178.311399996, 384142.2434], [451109.834399998, 384118.6831], [451045.547799997, 384102.454], [451003.494199999, 384098.5317], [450966.973200001, 384102.609700002], [450938.8653, 384105.7579], [450886.232699998, 384110.627999999], [450841.836400002, 384099.8211], [450817.260499999, 384082.4705], [450790.810199998, 384057.7777], [450763.399400003, 384027.578699999], [450738.382700004, 384012.537], [450705.092, 384005.8101], [450691.739500001, 384013.6961], [450657.278899998, 384050.654199999], [450620.482600004, 384080.261500001], [450612.0304, 384092.865699999]]}, "properties": {"edge_id": 17, "source_node": 26, "target_node": 27, "length_m": 3323.854553978787, "z_start": 87.0, "z_end": 109.0, "dz": -22.0, "slope": -0.006618821504588737, "direction_status": "FLOW_REVERSED_SUSPECTED", "confidence": "NEED_REVIEW", "qa_comment": "Altitude de fin superieure a altitude de debut; inversion potentielle a arbitrer.", "review_status": "TO_REVIEW", "direction_runtime": "SOURCE_TO_TARGET", "direction_mnt": "TARGET_TO_SOURCE_CANDIDATE", "mnt_source": "C:\\dev\\WQDSS\\data\\MNT SEBOU 30N 30M\\seboureproj", "review_decision": "", "reviewer": "", "review_comment": "", "needs_business_validation": true}}, {"type": "Feature", "geometry": {"type": "LineString", "crs": {"type": "name", "properties": {"name": "EPSG:26191"}}, "coordinates": [[449033.010899998, 386889.7903], [449001.747299999, 386915.693300001], [448995.498199999, 386957.099399999], [449032.516400002, 386970.686999999], [449054.267099999, 386979.764600001], [449057.596199997, 386998.587200001], [449052.2623, 387038.602200002], [449037.674699999, 387073.609700002], [449025.741899997, 387108.081999999], [449007.0418, 387127.886100002], [449001.647500001, 387137.273800001], [448995.762800001, 387148.149999998], [448993.3891, 387166.880800001], [448994.439000003, 387178.6961], [449002.9322, 387193.432700001], [449015.380999997, 387207.6494], [449037.269900002, 387227.238600001], [449055.131200001, 387235.527399998], [449075.953000002, 387241.8156], [449089.316100001, 387242.243900001], [449109.0933, 387237.7038], [449133.355800003, 387238.5625], [449156.629600003, 387240.901299998], [449179.416900001, 387243.730700001], [449196.336199999, 387262.370700002], [449212.879100002, 387283.141899999], [449229.296499997, 387316.876699999], [449235.191200003, 387327.114], [449246.281900004, 387346.350400001], [449261.267800003, 387372.8739], [449272.321400002, 387404.341699999], [449303.1866, 387430.870299999], [449313.988899998, 387454.9542], [449318.876199998, 387482.440200001], [449313.952200003, 387507.582699999], [449320.081600003, 387555.432799999], [449338.812600002, 387592.4047], [449348.229699999, 387633.850200001], [449360.620399997, 387660.021600001], [449381.627099998, 387685.892700002], [449399.692500003, 387694.602400001], [449411.4274, 387696.115400001], [449426.5977, 387710.495700002], [449427.361000001, 387724.0647], [449428.7148, 387733.140999999]]}, "properties": {"edge_id": 19, "source_node": 28, "target_node": 29, "length_m": 1149.2933412623772, "z_start": 59.0, "z_end": 78.0, "dz": -19.0, "slope": -0.016531897747819987, "direction_status": "FLOW_REVERSED_SUSPECTED", "confidence": "NEED_REVIEW", "qa_comment": "Altitude de fin superieure a altitude de debut; inversion potentielle a arbitrer.", "review_status": "TO_REVIEW", "direction_runtime": "SOURCE_TO_TARGET", "direction_mnt": "TARGET_TO_SOURCE_CANDIDATE", "mnt_source": "C:\\dev\\WQDSS\\data\\MNT SEBOU 30N 30M\\seboureproj", "review_decision": "", "reviewer": "", "review_comment": "", "needs_business_validation": true}}, {"type": "Feature", "geometry": {"type": "LineString", "crs": {"type": "name", "properties": {"name": "EPSG:26191"}}, "coordinates": [[449702.867899999, 391327.241], [449696.199500002, 391347.2652], [449682.142200001, 391394.656100001], [449641.268100001, 391433.914799999], [449608.595700003, 391452.460499998], [449557.9881, 391483.9637], [449491.072800003, 391485.235100001], [449421.820799999, 391482.3829], [449389.4362, 391467.848900002], [449360.694799997, 391444.579799999], [449343.022100002, 391418.0255], [449299.0946, 391402.632199999], [449272.277199998, 391394.5121], [449227.980400004, 391396.575300001], [449186.3948, 391388.067600001], [449124.078100003, 391387.0218], [449061.797799997, 391392.862500001], [449006.931900002, 391403.721000001], [448997.311800003, 391417.555799998], [448986.876500003, 391451.599399999], [448973.2425, 391491.182300001], [448953.604800001, 391530.7971], [448936.643200003, 391551.557300001], [448925.852600001, 391607.204500001], [448893.8116, 391657.442200001], [448891.0374, 391742.899], [448867.238200001, 391780.240699999], [448804.9076, 391862.798300002], [448755.668499999, 391890.627999999], [448711.050099999, 391918.4223], [448685.898100004, 391961.283], [448663.579099998, 392016.5264], [448629.515600003, 392034.6171], [448594.902199998, 392034.3473], [448571.835600004, 392035.845600002], [448546.524800003, 392048.844300002], [448506.511500001, 392075.2399], [448468.391999997, 392110.818500001], [448444.474699996, 392125.639699999], [448402.9604, 392129.998500001], [448383.989799999, 392121.373], [448366.3354, 392098.502], [448346.454800002, 392092.176899999], [448330.319799997, 392096.399799999], [448296.757100001, 392120.011500001], [448254.843500003, 392135.850400001], [448228.137800001, 392146.561999999], [448163.249700002, 392180.899599999], [448133.562299997, 392238.9452], [448126.829700001, 392274.810699999], [448151.097400002, 392325.202300001], [448168.512900002, 392387.585099999], [448201.599600002, 392447.122299999], [448228.704099998, 392508.987300001], [448265.555299997, 392582.743099999], [448288.2557, 392599.155099999], [448309.614699997, 392623.381200001], [448329.7852, 392683.9087], [448384.053499997, 392735.0603], [448423.459200002, 392767.928199999], [448467.499899998, 392805.351199999], [448508.894299999, 392865.299800001], [448517.355700001, 392895.5724], [448529.068000004, 392926.759199999], [448554.9406, 392933.0526], [448577.634800002, 392948.545000002], [448591.765600003, 393002.673599999], [448620.808600001, 393053.584399998], [448631.184299998, 393095.324299999], [448635.988600001, 393131.593699999], [448628.004000001, 393192.2612], [448610.727300003, 393239.660100002], [448596.185800001, 393282.919300001], [448601.931199998, 393321.002300002], [448584.466600001, 393334.879500002], [448548.146200001, 393359.414500002], [448499.7984, 393379.888799999], [448407.754299998, 393424.9274], [448362.577600002, 393434.817400001], [448334.677199997, 393479.978399999], [448327.616899997, 393540.641199999], [448335.121100001, 393562.646299999], [448342.1426, 393582.358600002], [448362.111400001, 393605.682999998], [448375.590999998, 393622.599399999], [448384.905299999, 393640.004000001], [448387.328000002, 393660.195599999], [448394.798199996, 393677.609999999], [448418.920100004, 393699.991900001], [448425.931599997, 393717.863400001], [448424.259800002, 393750.020199999], [448408.910499997, 393812.568300001], [448380.111699998, 393863.699999999], [448350.299999997, 393897.8486], [448329.1831, 393918.1666], [448284.644500002, 393958.826299999], [448218.945299998, 394011.5321], [448168.0876, 394078.8627], [448161.809799999, 394113.3398], [448157.313500002, 394134.489100002], [448149.816100001, 394199.290899999], [448159.295299999, 394245.6263], [448159.9617, 394283.7366], [448182.124600001, 394372.253899999], [448191.588699996, 394415.828200001], [448215.794, 394455.663699999], [448260.631300002, 394471.036200002], [448308.8354, 394510.731800001], [448319.864799999, 394515.547200002], [448376.355599999, 394540.2106], [448418.973499998, 394571.6752], [448446.0264, 394625.2579], [448478.473099999, 394653.106699999], [448529.360799998, 394679.470899999], [448567.397200003, 394716.460999999], [448580.554399997, 394761.390999999], [448561.795400001, 394791.343699999], [448562.861599997, 394816.599399999], [448579.662299998, 394853.248500001], [448604.352799997, 394898.116999999], [448638.7861, 394951.206099998], [448704.568599999, 395001.366999999], [448746.614799999, 395012.631499998], [448774.7962, 395020.742899999], [448821.163800001, 395062.746399999], [448859.517499998, 395074.940400001], [448902.014300004, 395084.362300001], [448935.319200002, 395100.7196], [448958.070500001, 395126.315000001], [448959.550800003, 395144.671100002], [448932.757799998, 395226.097899999], [448903.1215, 395292.8356], [448879.270099998, 395318.678399999], [448858.186999999, 395344.972399998], [448834.6844, 395349.688299999], [448780.280199997, 395356.398499999], [448751.6369, 395349.6646], [448693.756399997, 395309.563499998], [448675.194399998, 395289.912500002], [448623.8697, 395269.072299998], [448556.953699999, 395265.2936], [448503.436700001, 395265.5799], [448463.331200004, 395272.226399999], [448425.594400004, 395290.792599998], [448363.523999996, 395329.239500001], [448323.0713, 395357.013700001], [448259.4344, 395362.8671], [448199.428199999, 395358.133299999], [448087.741300002, 395350.473700002], [447970.084799998, 395348.8138], [447928.068999998, 395343.063999999], [447872.716899998, 395346.579599999], [447849.6633, 395349], [447778.272699997, 395370.057799999], [447700.6602, 395437.059700001], [447701.2434, 395459.5568], [447706.0942, 395502.2355], [447710.970700003, 395551.345899999], [447700.0612, 395581.2577], [447709.899899997, 395608.750100002], [447729.5647, 395661.4507], [447755.567599997, 395692.991700001], [447812.001500003, 395719.322000001], [447860.962099999, 395730.9998], [447910.422499999, 395748.1754], [447936.3675, 395769.1602], [447975.152400002, 395774.461800002], [447979.826300003, 395786.379700001], [447981.875299998, 395822.641899999], [447982.517499998, 395856.161600001], [448002.017200001, 395880.3862], [448025.666199997, 395901.3836], [448074.268799998, 395932.3488], [448074.548799999, 395984.2344], [448083.0801, 396025.973000001], [448071.196000002, 396046.241999999], [448044.127999999, 396074.854499999], [448013.932800002, 396121.848000001], [447935.288000002, 396165.898899998], [447867.672700003, 396202.083700001], [447808.829999998, 396240.9716], [447767.470899999, 396270.582899999], [447703.688900001, 396333.3737], [447684.8508, 396347.714899998], [447650.360299997, 396367.186900001], [447622.8235, 396393.962400001], [447620.280599996, 396434.840599999], [447631.566299997, 396474.268399999], [447649.288800001, 396509.070300002], [447668.271399997, 396521.3649], [447693.213100001, 396527.649999998], [447747.246299997, 396538.844999999], [447844.779700004, 396575.498399999], [447888.197700001, 396585.8312], [447921.409599997, 396585.6514], [447950.433700003, 396578.142000001], [447975.011100002, 396602.350299999], [448016.2707, 396639.775699999], [448041.481600001, 396694.276900001], [448065.736299999, 396744.192299999], [448107.9168, 396781.613200001], [448162.470799997, 396804.274099998], [448224.937899999, 396839.7564], [448294.753899999, 396870.5975], [448394.580600001, 396904.493999999], [448478.257600002, 396938.4892], [448509.275799997, 396970.799400002]]}, "properties": {"edge_id": 21, "source_node": 33, "target_node": 34, "length_m": 10000.000020310268, "z_start": 71.0, "z_end": 89.0, "dz": -18.0, "slope": -0.0017999999963441518, "direction_status": "FLOW_REVERSED_SUSPECTED", "confidence": "NEED_REVIEW", "qa_comment": "Altitude de fin superieure a altitude de debut; inversion potentielle a arbitrer.", "review_status": "TO_REVIEW", "direction_runtime": "SOURCE_TO_TARGET", "direction_mnt": "TARGET_TO_SOURCE_CANDIDATE", "mnt_source": "C:\\dev\\WQDSS\\data\\MNT SEBOU 30N 30M\\seboureproj", "review_decision": "", "reviewer": "", "review_comment": "", "needs_business_validation": true}}, {"type": "Feature", "geometry": {"type": "LineString", "crs": {"type": "name", "properties": {"name": "EPSG:26191"}}, "coordinates": [[494520.0524, 314776.004000001], [494527.815700002, 314794.574900001], [494525.797600001, 314875.453000002], [494502.152800001, 314900.045499999], [494473.354000002, 314901.081799999], [494408.487400003, 314952.516600002], [494361.307499997, 315044.474300001], [494337.7174, 315161.208099999], [494364.508599997, 315242.069499999], [494399.4947, 315268.668299999], [494496.210199997, 315305.464899998], [494546.631200001, 315340.248500001], [494581.749899998, 315589.002], [494609.602700002, 315729.2326], [494669.544, 315823.003600001], [494721.803300001, 315893.996100001], [494729.036499999, 315948.2392], [494735.257399999, 316038.326000001], [494681.856799997, 316189.8653], [494592.383400001, 316221.6448], [494534.972000003, 316226.898800001], [494325.992299996, 316220.776999999], [494268.3521, 316153.248799998], [494129.515799999, 316187.1129], [494055.460199997, 316182.0359], [493879.069899999, 316224.452300001], [493668.682999998, 316128.022599999], [493612.072099999, 316064.588599998], [493575.975000002, 315917.204300001], [493554.268299997, 315759.566500001], [493504.861500002, 315714.554400001], [493380.369000003, 315673.695500001], [493301.146200001, 315635.866799999], [493069.711099997, 315639.100400001], [492928.821400002, 315691.4091], [492860.353200004, 315705.971700002], [492777.608400002, 315684.358600002], [492739.498800002, 315611.7029], [492748.696599998, 315530.818999998], [492751.736000001, 315468.365600001], [492740.359700002, 315383.406100001], [492704.326899998, 315342.4791], [492658.0211, 315325.107999999], [492582.934299998, 315330.287099998], [492517.671800002, 315370.0385], [492418.348200001, 315323.2524], [492252.713600002, 315295.733199999], [492124.082400002, 315242.6098], [492087.996299997, 315202.263500001]]}, "properties": {"edge_id": 40, "source_node": 40, "target_node": 53, "length_m": 5000.000002958417, "z_start": 877.0, "z_end": 883.0, "dz": -6.0, "slope": -0.00119999999928998, "direction_status": "FLOW_REVERSED_SUSPECTED", "confidence": "NEED_REVIEW", "qa_comment": "Altitude de fin superieure a altitude de debut; inversion potentielle a arbitrer.", "review_status": "TO_REVIEW", "direction_runtime": "SOURCE_TO_TARGET", "direction_mnt": "TARGET_TO_SOURCE_CANDIDATE", "mnt_source": "C:\\dev\\WQDSS\\data\\MNT SEBOU 30N 30M\\seboureproj", "review_decision": "", "reviewer": "", "review_comment": "", "needs_business_validation": true}}, {"type": "Feature", "geometry": {"type": "LineString", "crs": {"type": "name", "properties": {"name": "EPSG:26191"}}, "coordinates": [[468840.475900002, 348113.373], [468742.659500003, 348092.8968], [468663.934600003, 348251.3706], [468524.2667, 348359.5174], [468259.721900001, 348038.578000002], [468224.610699996, 348199.5955], [468186.748800002, 348298.543099999], [468118.121799998, 348332.974199999], [468000.7126, 348242.145], [467949.830300003, 348017.680300001], [467831.516599998, 348085.441], [467703.7359, 348125.305399999], [467638.482299998, 348099.068700001], [467534.716300003, 348009.408100002], [467437.6435, 348188.398899998], [467295.1347, 348230.768599998], [467328.933200002, 348346.596700002], [467285.8631, 348379.173300002], [467216.388899997, 348312.9278], [467123.807700001, 348159.181000002], [467064.774499998, 348047.4866], [467019.148500003, 348045.2029], [466995.709700003, 348083.2687], [466941.276900001, 348382.784699999], [466799.841899998, 348237.313099999], [466707.526100002, 348235.4131], [466722.694300003, 348284.611699998], [466730.466300003, 348365.169100001], [466685.767999999, 348448.900899999], [466608.008599997, 348508.864399999], [466510.479800001, 348488.301800001], [466436.9661, 348476.626499999], [466381.453199998, 348467.8607], [466231.688100003, 348517.633499999], [466204.545900002, 348472.956799999], [466156.468599997, 348444.763099998], [466143.0546, 348468.692600001], [466123.824699998, 348543.379099999], [466087.996799998, 348589.761999998], [466035.536899999, 348592.9287], [465934.8182, 348521.657499999], [465831.188900001, 348471.286600001], [465799.315899998, 348473.8994]]}, "properties": {"edge_id": 43, "source_node": 60, "target_node": 58, "length_m": 5000.000031322919, "z_start": 586.0, "z_end": 603.0, "dz": -17.0, "slope": -0.003399999978700415, "direction_status": "FLOW_REVERSED_SUSPECTED", "confidence": "NEED_REVIEW", "qa_comment": "Altitude de fin superieure a altitude de debut; inversion potentielle a arbitrer.", "review_status": "TO_REVIEW", "direction_runtime": "SOURCE_TO_TARGET", "direction_mnt": "TARGET_TO_SOURCE_CANDIDATE", "mnt_source": "C:\\dev\\WQDSS\\data\\MNT SEBOU 30N 30M\\seboureproj", "review_decision": "", "reviewer": "", "review_comment": "", "needs_business_validation": true}}, {"type": "Feature", "geometry": {"type": "LineString", "crs": {"type": "name", "properties": {"name": "EPSG:26191"}}, "coordinates": [[488623.875299998, 303638.2535], [488631.315200001, 303663.6642], [488638.025399998, 303735.2414], [488642.818300001, 303790.823199999], [488625.816699997, 303816.2753], [488592.683600001, 303815.371800002], [488561.435699999, 303803.158100002], [488516.933799997, 303790.0288], [488486.662600003, 303808.9005], [488462.074600004, 303824.9496], [488419.515900001, 303857.028900001], [488424.295699999, 303892.810199998], [488447.051299997, 303924.811799999], [488466.011299998, 303950.2326], [488484.988899998, 303990.708900001], [488485.069300003, 304058.535500001], [488452.944499999, 304106.611200001], [488438.7993, 304146.195500001], [488434.103799999, 304181.0568], [488419.966300003, 304234.765299998], [488403.909699999, 304255.504999999], [488377.4098, 304259.3061], [488351.860299997, 304264.0484], [488287.556900002, 304313.105599999], [488248.784000002, 304341.411800001], [488225.595899999, 304374.688099999], [488220.486599997, 304420.57], [488222.468500003, 304489.3367], [488235.778399996, 304544.896899998], [488246.230599999, 304576.901900001], [488266.145800002, 304607.964200001], [488280.345299996, 304614.543499999], [488324.874300003, 304653.103999998], [488339.104599997, 304677.5768], [488346.732799999, 304721.846900001], [488346.754199997, 304739.740400001], [488321.247900002, 304779.327500001], [488285.3002, 304795.390700001], [488271.121200003, 304813.3013], [488251.305799998, 304856.651099998], [488199.305500001, 304902.866999999], [488164.307700001, 304918.929499999], [488148.1998, 304903.871599998], [488133.979800001, 304880.341400001], [488113.108599998, 304843.637499999], [488096.053599998, 304830.465500001], [488069.533500001, 304808.835099999], [488043.0097, 304791.9166], [488008.927199997, 304780.650400002], [487944.936399996, 304762.547899999]]}, "properties": {"edge_id": 62, "source_node": 83, "target_node": 15, "length_m": 2029.5860754365442, "z_start": 845.0, "z_end": 847.0, "dz": -2.0, "slope": -0.0009854226062177823, "direction_status": "FLOW_REVERSED_SUSPECTED", "confidence": "NEED_REVIEW", "qa_comment": "Altitude de fin superieure a altitude de debut; inversion potentielle a arbitrer.", "review_status": "TO_REVIEW", "direction_runtime": "SOURCE_TO_TARGET", "direction_mnt": "TARGET_TO_SOURCE_CANDIDATE", "mnt_source": "C:\\dev\\WQDSS\\data\\MNT SEBOU 30N 30M\\seboureproj", "review_decision": "", "reviewer": "", "review_comment": "", "needs_business_validation": true}}, {"type": "Feature", "geometry": {"type": "LineString", "crs": {"type": "name", "properties": {"name": "EPSG:26191"}}, "coordinates": [[557296.220963974, 369017.924421037], [557174.960517744, 369169.033592492], [557126.456339252, 369407.823394299], [557178.691608397, 369555.201475101], [557008.926983676, 369700.714010577], [556810.384300001, 369692.933800001]]}, "properties": {"edge_id": 78, "source_node": 105, "target_node": 54, "length_m": 1016.063145125375, "z_start": 495.0, "z_end": 504.0, "dz": -9.0, "slope": -0.008857717203087279, "direction_status": "FLOW_REVERSED_SUSPECTED", "confidence": "NEED_REVIEW", "qa_comment": "Altitude de fin superieure a altitude de debut; inversion potentielle a arbitrer.", "review_status": "TO_REVIEW", "direction_runtime": "SOURCE_TO_TARGET", "direction_mnt": "TARGET_TO_SOURCE_CANDIDATE", "mnt_source": "C:\\dev\\WQDSS\\data\\MNT SEBOU 30N 30M\\seboureproj", "review_decision": "", "reviewer": "", "review_comment": "", "needs_business_validation": true}}, {"type": "Feature", "geometry": {"type": "LineString", "crs": {"type": "name", "properties": {"name": "EPSG:26191"}}, "coordinates": [[558036.748300001, 357898.677099999], [556741.161034381, 360510.536604759]]}, "properties": {"edge_id": 84, "source_node": 118, "target_node": 119, "length_m": 2915.5370749560266, "z_start": 822.0, "z_end": 826.0, "dz": -4.0, "slope": -0.001371959915845121, "direction_status": "FLOW_REVERSED_SUSPECTED", "confidence": "NEED_REVIEW", "qa_comment": "Altitude de fin superieure a altitude de debut; inversion potentielle a arbitrer.", "review_status": "TO_REVIEW", "direction_runtime": "SOURCE_TO_TARGET", "direction_mnt": "TARGET_TO_SOURCE_CANDIDATE", "mnt_source": "C:\\dev\\WQDSS\\data\\MNT SEBOU 30N 30M\\seboureproj", "review_decision": "", "reviewer": "", "review_comment": "", "needs_business_validation": true}}, {"type": "Feature", "geometry": {"type": "LineString", "crs": {"type": "name", "properties": {"name": "EPSG:26191"}}, "coordinates": [[473739.776199996, 391763.521899998], [473730.576800004, 391764.6732], [473703.3464, 391762.640700001], [473685.376599997, 391717.2357], [473674.4767, 391710.933699999], [473636.019400001, 391697.798599999], [473621.507299997, 391699.346500002], [473617.624700002, 391716.212499998], [473601.910099998, 391723.1752], [473584.377999999, 391726.538899999], [473561.103600003, 391731.116], [473551.094999999, 391720.309500001], [473541.387400001, 391711.609099999], [473526.245899998, 391705.6294], [473511.130099997, 391708.975499999], [473477.576700002, 391715.089299999], [473458.5163, 391712.7355], [473439.134199999, 391704.061900001], [473448.4745, 391689.886500001], [473453.886699997, 391679.3259], [473448.399700001, 391662.785], [473437.157799996, 391646.2601], [473425.019500002, 391632.443399999], [473415.6061, 391616.8116], [473413.452500001, 391605.085299998], [473413.087499998, 391583.107799999], [473395.544299997, 391582.546399999], [473382.865500003, 391593.426600002], [473368.382399999, 391605.509300001], [473351.779799998, 391618.196800001], [473324.8741, 391620.3783], [473316.4344, 391633.342599999], [473304.674599998, 391646.327199999], [473286.592299998, 391670.762200002], [473291.171499997, 391685.797400001], [473299.393700004, 391704.149099998], [473303.678599998, 391722.800099999], [473300.089199998, 391738.767299999], [473288.648900002, 391757.162500002], [473272.979800001, 391777.077599999], [473262.744400002, 391794.2608], [473244.629799999, 391806.9527], [473228.613799997, 391811.510499999], [473215.932099998, 391821.1822], [473220.524800003, 391841.041000001], [473227.855700001, 391867.213], [473211.563100003, 391881.707400002], [473199.747599997, 391874.521299999], [473181.018600002, 391881.792399999], [473158.319899999, 391877.641899999], [473145.873800002, 391862.628699999], [473137.6818, 391851.806499999], [473135.505999997, 391832.251400001], [473129.117299996, 391816.611499999], [473113.647, 391801.906199999], [473096.390900001, 391795.023800001], [473039.842299998, 391799.695300002], [473013.814000003, 391795.554400001], [473009.238600001, 391782.0275], [472997.131099999, 391779.3446], [472984.477399997, 391795.636700001], [472971.784199998, 391801.094900001], [472967.290700004, 391816.765299998], [472960.397, 391838.153299998], [472957.413599998, 391852.9212], [472956.871600002, 391873.393100001], [472940.8424, 391876.443300001], [472932.366099998, 391872.8521], [472902.6941, 391861.802200001], [472870.591300003, 391845.636100002], [472873.862099998, 391828.161499999], [472883.509199999, 391815.193399999], [472898.603399999, 391804.305799998], [472901.578400001, 391786.5438], [472902.427100003, 391766.9692], [472898.423699997, 391740.488699999], [472894.436499998, 391723.034699999], [472891.378399998, 391711.300000001], [472870.4969, 391707.455499999], [472860.875100002, 391726.145500001], [472846.689599998, 391738.827], [472833.100100003, 391743.677999999], [472809.497199997, 391742.846500002], [472795.8983, 391744.392999999], [472784.743000001, 391758.873599999], [472772.364299998, 391767.9351], [472784.523000002, 391788.681600001], [472787.011500001, 391810.952500001], [472788.000399999, 391841.045499999], [472783.855800003, 391872.372699998], [472766.935699999, 391879.950100001], [472759.669100001, 391876.954399999], [472755.119800001, 391872.753400002], [472747.205200002, 391852.604800001], [472733.540100001, 391833.980599999], [472708.353100002, 391804.544], [472707.377700001, 391782.5682], [472710.059100002, 391768.721500002], [472719.405100003, 391756.951699998], [472733.928900003, 391759.6162], [472738.158600002, 391758.406599998], [472747.779100001, 391736.101500001], [472753.765199997, 391713.496100001], [472754.033699997, 391700.853799999], [472746.428599998, 391685.827500001], [472736.392800003, 391668.989399999], [472706.711400002, 391654.923900001], [472676.7707, 391653.511799999], [472660.717200004, 391648.1349], [472661.584100001, 391631.875799999], [472661.531099997, 391613.213100001], [472644.571099997, 391606.929400001], [472619.174000002, 391610.916099999], [472583.175499998, 391610.1204], [472537.200000003, 391609.952], [472526.060199998, 391626.539799999], [472539.441399999, 391652.095199998], [472559.762599997, 391672.807], [472570.091300003, 391688.734700002], [472572.256200001, 391704.075800002], [472584.115199998, 391726.32], [472592.321699999, 391741.954399999], [472596.920900002, 391763.6204], [472580.940300003, 391780.521299999], [472551.601099998, 391779.706700001], [472531.612999998, 391772.234200001], [472508.912600003, 391764.470199998], [472475.605300002, 391753.1325], [472473.1571, 391741.995000001], [472486.706900001, 391723.293400001], [472493.337200001, 391713.338599998], [472489.021499999, 391684.4529], [472478.983199999, 391663.7007], [472470.460299998, 391647.169100001], [472458.930200003, 391633.6512], [472442.314199999, 391641.228300002], [472437.241899997, 391663.820099998], [472425.176399998, 391675.897399999], [472419.135899998, 391679.230300002], [472396.120800003, 391671.168000001], [472385.813500002, 391662.769900002], [472368.5678, 391659.803199999], [472352.255400002, 391667.0801], [472325.946900003, 391668.353300002], [472310.183799997, 391658.1635], [472317.695200004, 391640.388300002], [472316.141099997, 391625.932599999], [472307.624600001, 391608.502900001], [472303.075800002, 391604.601599999], [472289.468400002, 391606.4483], [472274.639799997, 391603.774099998], [472268.843800001, 391586.3367], [472274.546999998, 391571.560699999], [472294.747699998, 391550.133900002], [472303.4595, 391529.6384], [472297.385200001, 391521.217099998], [472282.263999999, 391519.464200001], [472278.932800002, 391518.863899998], [472270.173299998, 391522.803599998], [472265.340099998, 391525.833799999], [472253.295400001, 391545.130199999], [472237.605499998, 391557.2181], [472238.878799997, 391579.7918], [472217.416599996, 391585.875100002], [472204.376199998, 391573.271200001], [472177.710900001, 391556.492899999], [472169.477499999, 391531.832400002], [472170.618600003, 391508.641899999], [472166.620499998, 391487.883699998], [472167.163000002, 391464.9943], [472185.896300003, 391459.2293], [472201.901699998, 391447.739100002], [472255.693300001, 391433.1349], [472277.732799999, 391419.221099999], [472275.582599998, 391405.975900002], [472262.548100002, 391395.4789], [472254.995800003, 391399.115699999], [472251.104500003, 391415.383400001], [472231.7337, 391411.225499999], [472225.050099999, 391399.501499999], [472228.6382, 391386.849599998], [472228.607799999, 391376.304000001], [472218.584399998, 391360.9857], [472216.733599998, 391349.247699998], [472211.5374, 391328.792300001], [472195.809199996, 391330.944699999], [472190.032899998, 391320.4157], [472184.8609, 391308.387899999], [472172.154399998, 391309.333900001], [472161.294, 391317.194200002], [472131.602799997, 391300.413699999], [472108.263800003, 391286.032299999], [472111.623000003, 391296.2577], [472116.781999998, 391303.7722], [472107.435000002, 391311.9276], [472085.353699997, 391311.3928], [472071.743299998, 391312.330499999], [472059.982100002, 391324.407299999], [472045.500299998, 391336.4921], [472013.115699999, 391332.372400001], [472012.5066, 391329.058499999], [472037.833400004, 391300.685600001], [472041.104699999, 391283.820799999], [472037.138999999, 391271.1908], [472017.767800003, 391267.0332], [471997.837800004, 391280.0321], [471993.671999998, 391303.231400002], [471997.051299997, 391320.376400001], [471986.8081, 391334.2564], [471973.794200003, 391330.978700001], [471954.131899998, 391331.3464], [471951.151500002, 391346.702399999], [471958.766900003, 391364.744199999], [471973.619599998, 391375.546100002], [471996.963299997, 391394.739799999], [471993.3869, 391411.306200001], [471983.1237, 391418.2667], [471965.5929, 391425.237300001], [471952.324699998, 391439.126200002], [471941.163000002, 391447.896899998], [471924.5242, 391447.6349], [471903.018399999, 391435.655000001], [471896.617299996, 391419.716499999], [471882.644699998, 391400.795000002], [471862.392800003, 391404.469300002], [471852.751100004, 391418.9465], [471850.6734, 391430.695900001], [471860.994599998, 391443.606600001], [471869.526299998, 391465.8596], [471869.287, 391488.1382], [471851.169699997, 391496.319400001], [471839.354900002, 391493.0495], [471821.501900002, 391490.6954], [471799.123999998, 391489.552200001], [471789.4093, 391479.046100002], [471794.209700003, 391464.882399999], [471802.017200001, 391447.693700001], [471798.614100002, 391419.404399998], [471795.226499997, 391399.5427], [471800.015500002, 391381.464600001], [471811.4366, 391357.3457], [471824.346600004, 391325.0942], [471824.288400002, 391305.222800002], [471811.547899999, 391291.409899998], [471794.938900001, 391301.394400001], [471785.2883, 391312.866500001], [471768.931599997, 391305.0856], [471766.477300003, 391292.151900001], [471741.314999998, 391272.6536], [471727.671899997, 391262.458500002], [471693.855300002, 391282.728799999], [471665.441399999, 391289.732000001], [471662.3046, 391292.103399999]]}, "properties": {"edge_id": 102, "source_node": 146, "target_node": 130, "length_m": 5000.000039838507, "z_start": 183.0, "z_end": 205.0, "dz": -22.0, "slope": -0.004399999964942114, "direction_status": "FLOW_REVERSED_SUSPECTED", "confidence": "NEED_REVIEW", "qa_comment": "Altitude de fin superieure a altitude de debut; inversion potentielle a arbitrer.", "review_status": "TO_REVIEW", "direction_runtime": "SOURCE_TO_TARGET", "direction_mnt": "TARGET_TO_SOURCE_CANDIDATE", "mnt_source": "C:\\dev\\WQDSS\\data\\MNT SEBOU 30N 30M\\seboureproj", "review_decision": "", "reviewer": "", "review_comment": "", "needs_business_validation": true}}, {"type": "Feature", "geometry": {"type": "LineString", "crs": {"type": "name", "properties": {"name": "EPSG:26191"}}, "coordinates": [[411947.6184, 379429.3653], [411947.358099997, 379429.351199999], [411933.3292, 379433.294], [411911.065300003, 379433.497499999], [411906.897, 379437.172800001], [411911.000200003, 379446.583099999], [411913.263400003, 379454.734999999], [411911.652999997, 379458.3869], [411903.157399997, 379467.546399999], [411899.571400002, 379474.310199998], [411901.115000002, 379483.555399999], [411896.425099999, 379489.774799999], [411886.997100003, 379496.946899999], [411893.481899999, 379507.2447], [411899.169100001, 379510.109099999], [411910.597599998, 379502.5528], [411920.741800003, 379493.921599999], [411935.380199999, 379497.059], [411943.297300003, 379504.4274], [411942.798100002, 379510.4311], [411935.198399998, 379517.586399998], [411925.723999999, 379519.680100001], [411919.603299998, 379528.995299999], [411905.152900003, 379526.222100001], [411890.857299998, 379520.176199999], [411880.108499996, 379522.270500001], [411870.6589, 379527.080899999], [411856.354800001, 379540.296700001], [411849.250200003, 379542.002799999], [411834.421400003, 379537.226100002], [411824.948600002, 379539.497299999], [411822.883100003, 379552.956], [411826.050499998, 379580.183800001], [411828.030100003, 379596.699299999], [411823.741999999, 379607.461599998], [411815.917900004, 379610.261100002], [411812.7421, 379602.295000002], [411798.405000001, 379591.703200001], [411785.026900001, 379586.015000001], [411778.314099997, 379591.166299999], [411785.128300004, 379597.091899998], [411784.320600003, 379608.731699999], [411777.670299999, 379619.693], [411768.556100003, 379621.783599999], [411752.886399999, 379625.009799998], [411747.640199997, 379629.9703], [411748.078500003, 379638.504799999], [411755.120700002, 379649.1633], [411757.036300004, 379659.680300001], [411746.3759, 379671.410300002], [411730.458400004, 379687.901299998], [411718.413999997, 379707.827599999], [411706.598200001, 379713.380600002], [411702.667999998, 379722.864399999], [411690.351499997, 379734.243700001], [411681.622599997, 379737.051600002], [411673.497699998, 379747.3057], [411669.208999999, 379756.9703], [411662.189499997, 379767.9351], [411658.777500004, 379774.508900002], [411643.877599999, 379782.0973], [411621.115500003, 379788.305199999], [411593.587200001, 379792.372299999], [411586.323100001, 379796.7969], [411574.597199999, 379792.003199998], [411565.2218, 379785.724100001], [411549.905100003, 379787.139899999], [411530.227300003, 379791.312600002], [411518.755199999, 379795.055100001], [411517.311300002, 379796.7095], [411514.811800003, 379803.0865], [411515.049900003, 379808.894900002], [411516.208800003, 379815.426800001], [411506.013499998, 379818.425700001], [411496.1417, 379817.429699998], [411482.9969, 379817.006999999], [411477.602899998, 379825.961100001], [411475.639799997, 379850.5079], [411478.5132, 379865.739999998], [411471.821699999, 379872.1666], [411457.759400003, 379871.386500001], [411451.471600004, 379863.449099999], [411451.947099999, 379854.906199999], [411445.3125, 379848.424600001], [411435.998000003, 379847.7784], [411426.507299997, 379848.054099999], [411411.854199998, 379843.2764], [411402.524700001, 379841.0002], [411395.408699997, 379841.431600001], [411392.929399997, 379849.992899999], [411390.616499998, 379856.556699999], [411374.842799999, 379868.511500001], [411371.852200002, 379880.714699998], [411375.1963, 379886.8605], [411385.884499997, 379897.3079], [411392.518100001, 379904.687600002], [411400.406199999, 379907.886300001], [411404.829800002, 379912.9355], [411404.914999999, 379922.2051], [411407.954800002, 379935.439599998], [411416.831299998, 379947.711199999], [411420.015699998, 379956.586399998], [411414.606899999, 379963.910500001], [411410.856700003, 379972.849399999], [411411.846000001, 379981.012899999], [411416.102499999, 379986.972899999], [411417.451899998, 379995.133099999], [411416.446599998, 380005.322099999], [411416.349699996, 380013.861499999], [411421.3314, 380020.358199999], [411428.918399997, 380031.000500001], [411430.660599999, 380041.7075], [411433.487300001, 380051.861200001], [411440.489399999, 380058.150899999], [411442.591700003, 380068.854600001], [411447.426200002, 380078.4355], [411451.013300002, 380090.944200002], [411459.244400002, 380113.4014], [411466.218099996, 380116.608600002], [411479.7469, 380118.657699998], [411481.2993, 380128.823199999], [411476.277400002, 380139.048999999], [411466.689000003, 380148.762400001], [411464.424400002, 380160.592999998], [411452.5977, 380164.882199999], [411443.734700002, 380173.1362], [411444.7157, 380180.4016], [411447.765299998, 380194.722800002], [411447.1193, 380203.810600001], [411447.477600001, 380222.703000002], [411448.802000001, 380228.146600001], [411447.688000001, 380245.5999], [411454.725900002, 380256.801600002], [411463.405599996, 380267.799800001], [411468.233400002, 380276.659899998], [411468.516599998, 380287.380399998], [411465.676399998, 380296.8543], [411466.068099998, 380319.3836], [411470.567400001, 380331.6954], [411474.8596, 380342.556499999], [411472.578400001, 380352.568700001], [411458.477399997, 380367.6019], [411462.714299999, 380391.548500001], [411455.380400002, 380407.4177], [411441.780900002, 380417.722399998], [411420.577799998, 380434.6285], [411410.618100002, 380443.081099998], [411400.450199999, 380448.985300001], [411392.557499997, 380464.316300001], [411380.413699999, 380474.241799999], [411365.956299998, 380489.644400001], [411353.129799999, 380504.6549], [411334.169600002, 380507.379799999], [411329.178000003, 380499.785399999], [411313.8266, 380498.296599999], [411306.746200003, 380502.542300001], [411268.2654, 380526.3277], [411262.499499999, 380534.930500001], [411261.679899998, 380544.1974], [411260.9965, 380550.202799998], [411248.422399998, 380552.4921], [411238.964100003, 380556.216400001], [411226.478799999, 380568.141199999], [411218.714299999, 380577.2947], [411211.880599998, 380588.258200001], [411210.843000002, 380593.900899999], [411214.721600004, 380608.9685], [411217.2183, 380626.388500001], [411213.2016, 380634.420699999], [411210.937899999, 380642.2815], [411215.870099999, 380654.445099998], [411222.079899996, 380662.970800001], [411227.579099998, 380673.532299999], [411231.163900003, 380681.7828], [411230.5282, 380691.9573], [411235.878300004, 380702.375999998], [411240.152400002, 380706.262200002], [411247.790200002, 380711.425900001], [411256.030900002, 380717.892499998], [411266.079599999, 380731.173300002], [411282.135200001, 380745.995700002], [411285.8543, 380752.792300001], [411287.766599998, 380770.938499998], [411288.1932, 380785.184], [411290.445699997, 380792.1382], [411292.132399999, 380800.8387], [411294.278499998, 380811.287], [411300.7905, 380821.550900001], [411310.053199999, 380827.708799999], [411324.093599997, 380846.331099998], [411334.246299997, 380869.934999999], [411337.651900001, 380890.828699999], [411334.376699999, 380900.162500002], [411324.691500001, 380911.296300001], [411315.012900002, 380922.141800001], [411306.292300001, 380926.724199999], [411292.643399999, 380935.576900002], [411289.830200002, 380946.935800001], [411285.374399997, 380954.395399999], [411278.5493, 380959.2487], [411261.660499997, 380964.205800001], [411248.911499999, 380975.511999998], [411244.428400002, 380996.045899998], [411239.079400003, 381001.761700001], [411244.555600002, 381009.8506], [411255.251800001, 381014.265299998], [411257.541500002, 381024.2687], [411263.4943, 381036.999600001], [411261.9507, 381043.8446], [411256.222800002, 381055.529800002], [411260.0977, 381064.210099999], [411260.923500001, 381074.670499999], [411253.702100001, 381083.6083], [411235.588299997, 381098.8895], [411226.784400001, 381109.438700002], [411225.468999997, 381126.0178], [411223.540700004, 381154.235100001], [411219.933499999, 381174.605599999], [411208.601099998, 381212.3574], [411188.399999998, 381238.558499999], [411180.144599996, 381246.485599998], [411184.322999999, 381256.039099999], [411187.903700002, 381263.8572], [411185.812200002, 381275.353599999], [411180.572300002, 381276.854600001], [411167.542999998, 381288.7513], [411160.8873, 381295.9318], [411162.987899996, 381301.434799999], [411167.827500001, 381304.594900001], [411166.994400002, 381308.372900002], [411158.651699998, 381322.843400002], [411152.891800001, 381331.0359], [411153.118799999, 381340.625799999], [411148.8763, 381371.182], [411143.042400002, 381387.3704], [411137.620800003, 381417.216699999], [411141.3521, 381426.341899998], [411143.088500001, 381440.4201], [411140.117200002, 381450.6272], [411133.117899999, 381451.556699999], [411128.759199999, 381453.4932], [411116.706799999, 381461.156], [411113.681699999, 381481.532299999], [411107.548500001, 381497.291000001], [411106.797499999, 381510.9597], [411101.6127, 381518.414999999], [411098.3715, 381531.385899998], [411087.881200001, 381550.223200001], [411078.215599999, 381562.377300002], [411072.164499998, 381571.004999999], [411068.284000002, 381577.727499999], [411058.564999998, 381585.091699999], [411044.249600001, 381584.636100002], [411035.306699999, 381596.0517], [411018.1602, 381605.9573], [411014.192299999, 381618.2031], [411004.0097, 381622.355700001], [410979.608800001, 381636.542300001], [410950.899099998, 381659.041200001], [410923.376800001, 381683.125999998], [410895.248899996, 381704.610599998], [410891.983800001, 381714.953600001], [410879.8191, 381725.390099999], [410871.288900003, 381734.4844], [410859.544600002, 381743.453200001], [410848.8587, 381741.0792], [410833.876199998, 381747.328000002], [410808.394299999, 381754.394699998], [410792.268799998, 381763.836599998], [410775.819600001, 381769.223000001], [410764.583099999, 381770.2031], [410745.052699998, 381773.866], [410734.174900003, 381781.673700001], [410730.163199998, 381790.138500001], [410716.480700001, 381794.190900002], [410700.841700003, 381808.2859], [410695.607900001, 381811.395], [410687.2804, 381810.452], [410677.6448, 381810.829599999], [410668.513099998, 381817.745200001], [410657.580600001, 381835.578000002], [410659.826499999, 381841.800299998], [410659.6281, 381852.270199999], [410652.802500002, 381855.9707], [410643.5163, 381862.155900002], [410626.207800001, 381869.435600001], [410617.174199998, 381871.9923], [410611.973800004, 381877.706999999], [410609.576700002, 381887.033], [410611.230300002, 381892.1076], [410606.013800003, 381896.081500001], [410599.673199996, 381905.288800001], [410586.703699999, 381924.449200001], [410576.236199997, 381944.6065], [410575.282899998, 381952.311099999], [410577.831100002, 381959.273600001], [410582.5955, 381969.253899999], [410591.989399999, 381974.689100001], [410601.146300003, 381969.514199998], [410613.278800003, 381971.586199999], [410615.384800002, 381977.6657], [410614.867899999, 381984.645500001], [410621.226499997, 381993.3136], [410623.774700001, 382001.274099998], [410633.437600002, 382019.791999999], [410632.093400002, 382036.116500001], [410625.257100001, 382038.652800001], [410622.135399997, 382032.571699999], [410619.446500003, 382026.353500001], [410611.526100002, 382022.501400001], [410605.580300003, 382026.482099999], [410601.692199998, 382032.328899998], [410599.440200001, 382041.365200002], [410598.937100001, 382050.8178], [410601.9296, 382057.909200002], [410608.2786, 382065.546100002], [410611.850299999, 382073.364100002], [410610.494099997, 382084.421399999], [410614.937200002, 382090.634399999], [410623.749399997, 382096.074999999], [410633.429300003, 382101.507599998], [410639.459799998, 382105.6655], [410644.924999997, 382112.589899998], [410645.295900002, 382120.7258], [410642.892099999, 382129.32], [410637.2689, 382137.223200001], [410638.9749, 382147.9527], [410638.803499997, 382161.327799998], [410630.294200003, 382172.595600002], [410626.7258, 382181.056400001], [410621.3807, 382187.071899999], [410616.763400003, 382192.9254], [410609.235799998, 382200.546999998], [410603.757700004, 382208.160599999], [410596.497699998, 382227.700399999], [410583.914999999, 382240.747000001], [410572.047600001, 382236.355], [410561.936999999, 382233.255199999], [410554.3891, 382237.6833], [410550.956699997, 382245.854600001], [410548.543399997, 382252.419500001], [410536.039700002, 382258.057999998], [410525.432499997, 382264.111400001], [410522.276600003, 382270.239700001], [410516.634800002, 382276.113899998], [410485.9837, 382308.945099998], [410471.9846, 382326.518399999], [410458.367899999, 382337.545499999], [410446.010799997, 382343.038600002], [410434.063199997, 382345.910799999], [410429.152000003, 382351.9113], [410425.1435, 382360.664700002], [410412.472999997, 382380.110800002], [410408.613700002, 382389.017999999], [410404.637400001, 382400.243799999], [410402.151000001, 382415.813900001], [410399.4177, 382435.600099999], [410393.221500002, 382444.3849], [410384.810599998, 382451.294], [410383.297600001, 382461.332600001], [410383.647, 382467.140099999], [410388.751800001, 382476.995200001], [410391.760300003, 382485.805199999], [410388.086499996, 382492.814399999], [410385.484399997, 382501.898400001], [410385.3618, 382513.532000002], [410387.4353, 382523.049400002], [410393.5744, 382529.967300002], [410397.865400001, 382539.685800001], [410397.112999998, 382547.1336], [410390.525399998, 382554.524799999], [410381.018399999, 382561.699200001], [410375.572400004, 382566.750999998], [410371.523800001, 382577.1349], [410377.038999997, 382589.436799999], [410382.727499999, 382604.498399999], [410383.125699997, 382615.5394], [410382.566699997, 382633.852699999], [410383.059699997, 382656.081799999], [410387.609399997, 382673.771000002], [410389.228699997, 382691.043900002], [410396.414999999, 382710.305399999], [410408.356299996, 382722.691799998], [410417.055399999, 382731.9146], [410417.265299998, 382738.599399999], [410404.4331, 382740.6039], [410397.766800001, 382745.467500001], [410399.6369, 382757.947500002], [410406.913900003, 382775.402199998]]}, "properties": {"edge_id": 110, "source_node": 156, "target_node": 157, "length_m": 4999.999999578235, "z_start": 134.0, "z_end": 139.0, "dz": -5.0, "slope": -0.0010000000000843531, "direction_status": "FLOW_REVERSED_SUSPECTED", "confidence": "NEED_REVIEW", "qa_comment": "Altitude de fin superieure a altitude de debut; inversion potentielle a arbitrer.", "review_status": "TO_REVIEW", "direction_runtime": "SOURCE_TO_TARGET", "direction_mnt": "TARGET_TO_SOURCE_CANDIDATE", "mnt_source": "C:\\dev\\WQDSS\\data\\MNT SEBOU 30N 30M\\seboureproj", "review_decision": "", "reviewer": "", "review_comment": "", "needs_business_validation": true}}, {"type": "Feature", "geometry": {"type": "LineString", "crs": {"type": "name", "properties": {"name": "EPSG:26191"}}, "coordinates": [[410406.913900003, 382775.402199998], [410408.446800001, 382779.079100002], [410412.653899998, 382792.7018], [410429.439400002, 382807.804299999], [410451.251900002, 382829.4027], [410452.649099998, 382838.682399999], [410440.851199999, 382841.697500002], [410432.120700002, 382844.983399998], [410429.713, 382852.125], [410415.743199997, 382872.7476], [410413.216399998, 382883.960000001], [410413.8992, 382894.843199998], [410424.003399998, 382913.2126], [410430.803499997, 382922.741500001], [410439.7839, 382946.3444], [410439.0123, 382957.684599999], [410448.512000002, 382974.596000001], [410449.190800004, 382985.057799999], [410454.823600002, 382994.153999999], [410454.1822, 383003.607900001], [410448.059199996, 383020.231899999], [410439.459200002, 383052.425999999], [410429.4899, 383064.428399999], [410420.969499998, 383074.3992], [410411.383900002, 383080.010699999], [410394.903300002, 383081.7608], [410384.397399999, 383081.714400001], [410366.6941, 383093.932999998], [410362.5625, 383104.295400001], [410360.176700003, 383114.774700001], [410361.618600003, 383128.855500001], [410375.486599997, 383143.985199999], [410382.993900001, 383167.0251], [410389.095399998, 383178.877999999], [410387.443000004, 383189.794], [410392.587499998, 383208.930399999], [410395.253600001, 383213.6961], [410419.450099997, 383208.824700002], [410451.391599998, 383205.910700001], [410462.513800003, 383208.712699998], [410489.528999999, 383225.0288], [410502.644500002, 383237.692699999], [410511.766099997, 383245.747400001], [410522.460000001, 383249.141100001], [410542.041199997, 383251.276900001], [410554.619099997, 383253.777100001], [410574.07, 383256.790199999], [410584.950800002, 383265.4164], [410596.376599997, 383270.1008], [410608.989399999, 383275.362], [410619.099600002, 383295.4615], [410643.920000002, 383311.077599999], [410666.987599999, 383326.8431], [410695.009400003, 383342.2744], [410702.178099997, 383358.775199998], [410709.882799998, 383371.345400002], [410710.813600004, 383377.147399999], [410710.311499998, 383385.723999999], [410708.217, 383396.788199998], [410713.606299996, 383410.544199999], [410718.3618, 383419.6598], [410721.681699999, 383431.250399999], [410726.018299997, 383442.9758], [410732.122000001, 383455.128400002], [410738.080899999, 383468.5909], [410738.500100002, 383481.9494], [410737.862400003, 383491.835700002], [410737.420900002, 383506.954300001], [410736.776600003, 383516.119899999], [410735.853, 383527.029100001], [410729.548500001, 383540.017499998], [410731.125399999, 383552.788699999], [410729.148800001, 383559.637899999], [410721.709799998, 383576.706500001], [410714.2962, 383595.515900001], [410704.163099997, 383604.769499999], [410695.082800001, 383617.0517], [410695.598899998, 383625.918200001], [410697.457699999, 383637.234099999], [410693.863200001, 383643.8101], [410693.729199998, 383660.223200001], [410697.346000001, 383672.975499999], [410703.178499997, 383687.7476], [410708.003799997, 383704.414299998], [410721.162799999, 383721.8686], [410739.279799998, 383739.432300001], [410750.785599999, 383751.823100001], [410763.716300003, 383761.583799999], [410779.9032, 383775.0957], [410804.806400001, 383783.869399998], [410828.233900003, 383791.791999999], [410837.6862, 383787.778900001], [410844.703900002, 383789.022500001], [410852.7663, 383792.4298], [410875.635200001, 383802.830499999], [410890.708700001, 383806.7608], [410904.023000002, 383810.119600002], [410917.501199998, 383815.2291], [410953.410099998, 383830.299899999], [410964.237499997, 383833.249299999], [410974.023999996, 383833.4472], [410983.354099996, 383832.196600001], [410988.757799998, 383832.5902], [410993.446900003, 383834.576200001], [411001.388499998, 383840.901299998], [411010.644599996, 383846.626499999], [411022.076200001, 383852.043299999], [411029.601400003, 383860.257399999], [411039.311300002, 383868.151900001], [411048.762199998, 383879.985399999], [411059.526299998, 383902.0865], [411063.056400001, 383920.506299999], [411063.571999997, 383929.3618], [411062.946099997, 383940.556499999], [411061.163999997, 383952.493799999], [411062.427500002, 383963.3717], [411067.959799998, 383977.703299999], [411066.273100004, 383983.973099999], [411059.5845, 383987.372699998], [411054.902099997, 384002.098000001], [411049.167999998, 384012.896400001], [411043.383199997, 384019.204100002], [411032.526500002, 384029.040600002], [411034.7958, 384037.879900001], [411041.687100001, 384041.442400001], [411049.0242, 384045.3002], [411060.067400001, 384055.6664], [411067.695799999, 384059.078000002], [411081.836900003, 384057.0623], [411091.051299997, 384059.2949], [411097.433700003, 384054.733800001], [411106.885799997, 384050.721000001], [411113.022500001, 384051.540399998], [411117.727700002, 384055.2784], [411124.065700002, 384061.906599998], [411132.713200003, 384065.741300002], [411139.605700001, 384068.438900001], [411148.727300003, 384076.6384], [411148.352600001, 384083.0403], [411142.098999999, 384085.559799999], [411136.758599997, 384092.0075], [411137.388300002, 384097.235800002], [411148.5013, 384099.162599999], [411157.743799999, 384104.455600001], [411171.113899998, 384113.924400002], [411181.074600004, 384117.0262], [411187.114399999, 384123.357900001], [411194.295699999, 384126.352299999], [411201.115900002, 384122.219700001], [411207.903899998, 384113.585200001], [411213.571900003, 384110.627599999], [411220.197099999, 384117.386399999], [411221.417599998, 384122.609200001], [411228.004100002, 384125.1655], [411233.133400001, 384126.859299999], [411246.729199998, 384128.7744], [411248.391400002, 384134.858100001], [411242.734099999, 384138.98], [411236.073700003, 384145.4287], [411237.460600004, 384152.690400001], [411241.719899997, 384156.133200001], [411256.571699999, 384158.125399999], [411266.227600001, 384160.209899999], [411272.531999998, 384163.201400001], [411277.110799998, 384169.269299999], [411280.503799997, 384172.864300001], [411289.242799997, 384170.610300001], [411292.904600002, 384172.317600001], [411295.302599996, 384179.126400001], [411294.464599997, 384183.348000001], [411299.025799997, 384186.499699999], [411305.294, 384185.565900002], [411322.215999998, 384184.833500002], [411326.340899996, 384188.721099999], [411333.3851, 384192.870099999], [411344.574100003, 384203.079999998], [411350.325000003, 384209.1261], [411357.089699998, 384214.0097], [411371.931100003, 384224.9179], [411398.193300001, 384223.068399999], [411422.792800002, 384231.125700001], [411443.911600001, 384242.120499998], [411464.295999996, 384252.545400001], [411492.603699997, 384267.388700001], [411496.917499997, 384275.776900001], [411506.846500002, 384291.5321], [411523.595600002, 384303.143800002], [411530.332199998, 384305.987300001], [411544.859200001, 384313.849199999], [411550.172200002, 384320.476100002], [411546.903300002, 384330.386500001], [411545.6928, 384341.298300002], [411542.702, 384349.3211], [411547.246299997, 384367.731699999], [411554.057400003, 384377.693799999], [411563.553300001, 384378.471500002], [411581.282700002, 384385.2839], [411585.5898, 384393.9604], [411586.671700001, 384400.204799999], [411583.950900003, 384406.473000001], [411591.378200002, 384420.2108], [411600.6281, 384425.359999999], [411606.401299998, 384434.888099998], [411611.526900001, 384452.2843], [411613.260700002, 384466.2075], [411616.359800003, 384486.084100001], [411612.953900002, 384496.140000001], [411608.555600002, 384510.718199998], [411605.417000003, 384517.722100001], [411613.696999997, 384529.844300002], [411615.054099999, 384533.901500002], [411614.313299999, 384548.723499998], [411620.296899997, 384565.091600001], [411623.890799999, 384574.5066], [411630.9824, 384583.8785], [411646.0823, 384590.859200001], [411664.032399997, 384606.685199998], [411673.907399997, 384616.619199999], [411686.8358, 384625.3609], [411694.929300003, 384632.261799999], [411710.534699999, 384647.0781], [411741.113399997, 384655.0814], [411756.062799998, 384661.775400002], [411779.949000001, 384655.6017], [411810.136299998, 384652.1204], [411831.271200001, 384665.012200002], [411855.905000001, 384676.9848], [411874.478500001, 384680.307999998], [411887.241800003, 384687.166299999], [411920.5233, 384717.235100001], [411945.4076, 384724.326499999], [411966.560099997, 384725.0535], [411986.742799997, 384721.664299998], [412009.312200002, 384726.9472], [412029.205600001, 384741.4032], [412048.164499998, 384753.5834], [412065.738799997, 384765.7652], [412090.592699997, 384770.572799999], [412161.499600001, 384785.018300001], [412203.517099999, 384806.5918], [412219.396200001, 384834.347399998], [412223.253799997, 384853.529800002], [412225.273800001, 384873.638300002], [412240.067299999, 384883.5614], [412261.3103, 384895.2665], [412282.545599997, 384905.131000001], [412298.872500002, 384932.427999999], [412328.6184, 384968.751499999], [412356.082800001, 385006.9256], [412370.531099997, 385029.660100002], [412369.305799998, 385046.138700001], [412373.162, 385066.230500001], [412374.218099996, 385080.858600002], [412365.138499998, 385093.294599999], [412364.718599997, 385097.8671], [412369.576800004, 385126.6437], [412368.401500002, 385148.611000001], [412389.055100001, 385175.769099999], [412398.829899996, 385200.198399998], [412416.196000002, 385209.920899998], [412428.917199999, 385233.591600001], [412451.007100001, 385277.6699], [412474.281599998, 385290.632300001], [412492.455499999, 385308.021400001], [412508.3772, 385320.318799999], [412520.939199999, 385327.523600001], [412530.081100002, 385321.951400001], [412538.541199997, 385322.6065], [412558.468400002, 385330.8422], [412586.839000002, 385337.9036], [412598.748300001, 385353.531100001], [412620.202500001, 385368.340100002], [412629.1778, 385385.092], [412646.985399999, 385402.8618], [412653.349299997, 385415.612100001], [412674.087499998, 385431.8915], [412694.160300002, 385456.216600001], [412713.913599998, 385486.045000002], [412732.083400004, 385503.079700001], [412747.658600002, 385517.942200001], [412765.076700002, 385533.52], [412771.073899999, 385545.541900001], [412771.902199998, 385556.501600001], [412788.973700002, 385573.546300001], [412819.372000001, 385601.8147], [412841.810199998, 385603.075399999], [412871.567599997, 385601.3424], [412909.494499996, 385607.952300001], [412940.455300003, 385616.820900001], [412950.551100001, 385636.124699999], [412951.698200002, 385640.5057], [412966.508000001, 385652.436900001], [412981.660499997, 385661.448600002], [412974.051399998, 385673.227499999], [412977.454300001, 385684.175099999], [412983.889700003, 385703.877900001], [412979.264799997, 385721.119100001], [412984.217, 385740.103399999], [412979.918200001, 385752.5733], [412987.023699999, 385766.780900002], [412982.019100003, 385781.829799999], [412977.367899999, 385796.143599998], [412982.939900003, 385803.0462], [412987.6087, 385831.536600001], [412992.537699997, 385847.959600002], [412995.939800002, 385857.809300002], [413009.613700002, 385870.478700001]]}, "properties": {"edge_id": 117, "source_node": 157, "target_node": 161, "length_m": 5000.000054085717, "z_start": 139.0, "z_end": 153.0, "dz": -14.0, "slope": -0.0027999999697119987, "direction_status": "FLOW_REVERSED_SUSPECTED", "confidence": "NEED_REVIEW", "qa_comment": "Altitude de fin superieure a altitude de debut; inversion potentielle a arbitrer.", "review_status": "TO_REVIEW", "direction_runtime": "SOURCE_TO_TARGET", "direction_mnt": "TARGET_TO_SOURCE_CANDIDATE", "mnt_source": "C:\\dev\\WQDSS\\data\\MNT SEBOU 30N 30M\\seboureproj", "review_decision": "", "reviewer": "", "review_comment": "", "needs_business_validation": true}}, {"type": "Feature", "geometry": {"type": "LineString", "crs": {"type": "name", "properties": {"name": "EPSG:26191"}}, "coordinates": [[411202.718500003, 391136.6582], [411211.732600004, 391154.916700002], [411222.876400001, 391168.0658], [411229.507200003, 391189.950599998], [411232.873599999, 391205.921700001], [411232.728600003, 391240.2005], [411243.567100003, 391270.274999998], [411245.947899997, 391279.390700001], [411255.509000003, 391319.989799999], [411260.342299998, 391346.0055], [411269.696699999, 391364.194600001], [411267.623599999, 391388.444200002], [411266.941500001, 391414.5108], [411259.286499999, 391430.572299998], [411246.623800002, 391451.714699998], [411230.234899998, 391467.868000001], [411206.923799999, 391479.516199999], [411184.018200003, 391486.126200002], [411156.9943, 391493.2289], [411130.020300001, 391506.729800001], [411095.358099997, 391532.655499998], [411044.388499998, 391533.581099998], [411017.304799996, 391535.195500001], [410981.649599999, 391552.447700001], [410960.7403, 391576.405900002], [410945.354800001, 391601.233399998], [410941.8068, 391614.518100001], [410937.209600002, 391663.931000002], [410937.877999999, 391686.325599998], [410939.463600002, 391709.166299999], [410946.145400003, 391736.5288], [410952.311800003, 391757.031599998], [410951.262599997, 391793.1598], [410948.776500002, 391821.516399998], [410919.685000002, 391854.2445], [410900.049900003, 391866.303100001], [410861.942299999, 391867.576400001], [410843.960500002, 391859.9692], [410829.307400003, 391864.2192], [410815.280599996, 391886.295299999], [410788.333499998, 391902.535999998], [410759.648900002, 391929.3169], [410714.442299999, 391956.705899999], [410687.555, 391979.344999999], [410660.663699999, 392001.5407], [410617.9265, 391997.8233], [410600.836499996, 391987.923900001], [410575.501100004, 391979.021499999], [410524.922700003, 391972.172499999], [410498.839199998, 391982.0185], [410471.8675, 391995.521400001], [410491.748300001, 392009.963500001], [410502.004699998, 392025.870200001], [410504.094899997, 392053.2751], [410534.141800001, 392074.930799998], [410550.851300001, 392093.5167], [410567.9745, 392107.9846], [410602.006399997, 392162.517099999], [410611.543099999, 392201.2751], [410632.134900004, 392242.680599999], [410640.183499999, 392268.200399999], [410661.1039, 392296.351], [410675.787900001, 392344.198899999], [410689.101400003, 392393.445900001], [410689.748999998, 392413.5451], [410689.546599999, 392441.426100001], [410668.734200001, 392474.532900002], [410660.141800001, 392488.774], [410662.607799999, 392507.037700001], [410658.269900002, 392534.502300002], [410652.279399998, 392581.6329], [410621.851099998, 392618.022999998], [410605.097599998, 392644.2278], [410586.890199997, 392660.853799999], [410568.361199997, 392693.473999999], [410568.9837, 392710.834399998], [410587.68, 392745.858800001], [410591.917400002, 392757.241599999], [410598.480599999, 392771.807700001], [410612.508000001, 392798.6472], [410631.067500003, 392819.955200002], [410661.171899997, 392847.100099999], [410681.033699997, 392859.713], [410722.630500004, 392889.0359], [410748.293899998, 392933.577399999], [410761.357000001, 392954.947700001], [410778.5968, 392982.201200001], [410807.646799996, 392995.183899999], [410825.250200003, 393011.932300001], [410832.8741, 393042.491], [410840.316500001, 393052.469099998], [410862.144000001, 393079.236699998], [410899.278999999, 393121.853599999], [410936.781000003, 393155.329599999], [410936.129500002, 393184.578699999], [410924.928400002, 393214.845899999], [410897.664300002, 393245.2619], [410859.841700003, 393276.696199998], [410811.803599998, 393295.416900001], [410782.1677, 393317.626699999], [410750.248000003, 393342.142299999], [410727.9991, 393369.318399999], [410709.873499997, 393394.626600001], [410693.096299998, 393417.1721], [410680.906300001, 393440.129700001], [410677.939199999, 393466.206599999], [410694.7302, 393494.850400001], [410716.565499999, 393522.526900001], [410738.823600002, 393546.085299998], [410761.872299999, 393555.464000002], [410817.507700004, 393563.631299999], [410851.549000002, 393571.089699998], [410887.8402, 393572.5722], [410914.440099999, 393569.132100001], [410983.8715, 393580.366500001], [411011.413800001, 393580.1118], [411058.381099999, 393594.304699998], [411068.101999998, 393602.443300001], [411092.143200003, 393620.4967], [411101.580399998, 393647.833999999], [411109.625799999, 393674.263700001], [411101.055200003, 393690.799800001], [411091.681400001, 393719.220199998], [411092.872900002, 393749.3728], [411060.615999997, 393786.222100001], [411043.885300003, 393813.8013], [411026.668200001, 393838.6347], [410997.997199997, 393866.3244], [411003.2993, 393893.234099999], [411006.165399998, 393906.004900001], [410992.153899998, 393929.444800001], [410986.880999997, 393955.543000001], [410983.947099999, 393985.267999999], [410989.096199997, 393996.6426], [410994.364600003, 394019.904199999], [411003.763599999, 394043.127500001], [411018.561300002, 394054.867600001], [411042.436800003, 394055.101500001], [411069.526000001, 394054.851100002], [411126.270499997, 394034.676100001], [411194.536600001, 394018.964000002], [411218.832099996, 394013.738400001], [411262.410499997, 394009.688000001], [411295.1307, 394023.092999998], [411357.684299998, 394034.859200001], [411372.167800002, 394062.593899999], [411384.339599997, 394087.6219], [411389.276299998, 394125.048099998], [411403.425700001, 394165.583299998], [411417.139300004, 394208.872699998], [411431.560999997, 394280.023800001], [411432.8574, 394320.6884], [411445.442500003, 394341.587299999], [411446.189499997, 394372.653499998], [411444.356899999, 394398.2993]]}, "properties": {"edge_id": 118, "source_node": 155, "target_node": 165, "length_m": 5000.000083910918, "z_start": 92.0, "z_end": 95.0, "dz": -3.0, "slope": -0.00059999998993069, "direction_status": "FLOW_REVERSED_SUSPECTED", "confidence": "NEED_REVIEW", "qa_comment": "Altitude de fin superieure a altitude de debut; inversion potentielle a arbitrer.", "review_status": "TO_REVIEW", "direction_runtime": "SOURCE_TO_TARGET", "direction_mnt": "TARGET_TO_SOURCE_CANDIDATE", "mnt_source": "C:\\dev\\WQDSS\\data\\MNT SEBOU 30N 30M\\seboureproj", "review_decision": "", "reviewer": "", "review_comment": "", "needs_business_validation": true}}, {"type": "Feature", "geometry": {"type": "LineString", "crs": {"type": "name", "properties": {"name": "EPSG:26191"}}, "coordinates": [[413321.992200002, 432926.289799999], [413300.999700002, 432947.5612], [413281.725599997, 432984.381700002], [413272.119099997, 433005.6532], [413264.242200002, 433059.739700001], [413267.165799998, 433092.554900002], [413269.209399998, 433107.2991], [413269.359999999, 433123.945999999], [413260.717299998, 433146.162700001], [413238.589500003, 433184.195799999], [413210.505400002, 433224.6677], [413196.153899998, 433250.263599999], [413186.315499999, 433272.247200001], [413164.424400002, 433310.999299999], [413132.6655, 433367.443100002], [413107.675399996, 433406.700399999], [413099.426700003, 433419.630199999], [413075.211000003, 433437.9289], [413058.0154, 433440.4696], [413039.281400003, 433431.355999999], [413022.681500003, 433419.605500001], [413009.600199997, 433400.9243], [413004.407200001, 433381.217599999], [413001.603399999, 433362.686999999], [412999.410400003, 433331.528900001], [412994.445900001, 433285.411400002], [412984.880199999, 433232.192899998], [412970.695500001, 433170.919500001], [412958.719899997, 433116.292100001], [412948.881800003, 433085.691500001], [412942.300800003, 433071.942400001], [412930.239299998, 433059.441100001], [412915.828100003, 433053.1501], [412909.631200001, 433054.393199999], [412895.565200001, 433058.802299999], [412882.306299999, 433073.197500002], [412866.715599999, 433094.7568], [412842.933899999, 433108.304900002], [412792.001400001, 433133.513300002], [412744.759300001, 433144.424699999], [412705.609800003, 433150.4822], [412646.149300002, 433158.887899999], [412602.450199999, 433164.521499999], [412551.512000002, 433162.834399998], [412515.138800003, 433159.129099999], [412485.862800002, 433148.205200002], [412470.7205, 433139.3039], [412462.454599999, 433124.150899999], [412462.849399999, 433115.096700002], [412468.929300003, 433100.056600001], [412475.716700003, 433084.045200001], [412482.838299997, 433052.325199999], [412497.576700002, 433016.975299999], [412509.886399999, 432977.122400001], [412512.432099998, 432942.116799999], [412512.412299998, 432913.789500002], [412510.8147, 432895.725000002], [412505.364299998, 432874.113299999], [412494.864100002, 432850.651000001], [412482.388599999, 432820.0638], [412479.816, 432773.6809], [412481.738799997, 432748.907299999], [412489.644400001, 432724.5671], [412513.088399999, 432699.120099999], [412533.2958, 432686.324700002], [412578.844300002, 432673.7751], [412616.485399999, 432658.203299999], [412654.043700002, 432634.535700001], [412672.308799997, 432618.186900001], [412677.876500003, 432600.278999999], [412674.271399997, 432571.518599998], [412665.6668, 432545.421300001], [412644.780000001, 432483.732799999], [412639.522500001, 432431.895100001], [412639.5075, 432404.0559], [412648.551100001, 432373.505399998], [412665.243100002, 432341.6985], [412708.8662, 432301.083700001], [412768.437100001, 432251.750300001], [412803.1083, 432225.491999999], [412824.471900001, 432208.394400001], [412836.140699998, 432177.587400001], [412838.788000002, 432152.5744], [412832.951499999, 432115.737599999], [412814.5176, 432061.169300001], [412784.658799998, 431985.509500001], [412775.109700002, 431960.607500002], [412752.367899999, 431931.3004], [412735.528099999, 431920.750599999], [412716.604599997, 431916.397599999], [412691.035400003, 431918.538199998], [412648.137999997, 431934.157499999], [412575.722999997, 431964.087900002], [412541.398800001, 431976.069200002], [412517.498999998, 431977.951000001], [412483.303400002, 431976.832400002], [412432.490699999, 431964.4527], [412373.9388, 431941.418699998], [412332.391400002, 431921.811999999], [412299.951200001, 431903.774700001], [412275.379900001, 431884.4899], [412237.872100003, 431861.741], [412208.6448, 431855.586800002], [412181.3407, 431850.8347], [412159.0581, 431845.803800002], [412141.752899997, 431836.6789], [412127.997299999, 431823.007399999], [412120.2007, 431807.129500002], [412119.101599999, 431791.4342], [412123.9071, 431767.588100001], [412135.852700002, 431740.105099998], [412153.545599997, 431688.290399998], [412171.726499997, 431610.528700002], [412177.9661, 431560.726799998], [412177.834200002, 431520.266800001], [412167.849699996, 431475.138799999], [412157.508000001, 431442.1481], [412142.164099999, 431411.587900002], [412132.3979, 431389.2951], [412114.993699998, 431369.4681], [412104.173199996, 431362.4245], [412082.599200003, 431356.666299999], [412050.2654, 431351.494899999], [412003.418499999, 431354.2984], [411981.270199999, 431364.029199999], [411936.546400003, 431388.951900002], [411899.4516, 431411.4311], [411832.562299997, 431445.131700002], [411807.9428, 431446.788899999], [411771.264700003, 431436.645199999], [411730.805200003, 431404.886100002], [411677.490500003, 431354.678599998], [411647.542300001, 431322.346099999], [411620.433200002, 431287.136999998], [411606.596900001, 431264.882300001], [411600.630500004, 431240.4254], [411595.899999998, 431219.517499998], [411599.106799997, 431178.7938], [411607.811099999, 431136.577599999], [411625.281099997, 431086.671799999], [411631.211800002, 431055.439399999], [411633.583999999, 431027.8002], [411633.649599999, 431008.9998], [411629.600100003, 430995.745900001], [411626.252400003, 430984.789000001], [411615.091300003, 430966.802000001], [411586.193400003, 430944.930199999], [411565.465899996, 430927.508400001], [411550.459100001, 430907.882100001], [411547.859800003, 430886.011799999], [411542.8046, 430855.823600002], [411536.409999996, 430810.896200001], [411526.597499996, 430784.800099999], [411513.229500003, 430760.6446], [411484.119900003, 430715.927000001], [411434.307999998, 430656.6382], [411412.399899997, 430614.948800001], [411396.457699999, 430572.727400001], [411381.604199998, 430518.106899999], [411378.616300002, 430479.104200002], [411368.445799999, 430439.203000002], [411368.027599998, 430393.976599999], [411371.233599998, 430353.241900001], [411369.676399998, 430313.982000001], [411364.594700001, 430256.176800001], [411362.057999998, 430214.308400001], [411353.738300003, 430167.9683], [411342.677699998, 430136.1721], [411330.276900001, 430113.427700002], [411317.976999998, 430102.594300002], [411298.516099997, 430093.247000001], [411288.226300001, 430092.1554], [411238.314999998, 430099.993099999], [411197.103399999, 430117.754900001], [411161.922700003, 430140.940000001], [411122.376100004, 430183.675299998], [411074.559, 430236.968699999], [411035.460199997, 430275.419], [411000.087700002, 430304.5515], [410960.808200002, 430323.483100001], [410926.8803, 430327.125599999], [410888.193700001, 430332.731400002], [410829.581600003, 430331.368700001], [410776.440899998, 430325.674199998], [410734.518600002, 430318.2119], [410687.622699998, 430316.2641], [410636.5647, 430303.4082], [410593.881300002, 430291.1954], [410545.282200001, 430285.925700001], [410493.620800003, 430285.221099999], [410455.884800002, 430291.285599999], [410421.028300002, 430297.8002], [410351.174999997, 430320.3585], [410324.921099998, 430326.316100001], [410299.597999997, 430329.647500001], [410257.244400002, 430327.182399999], [410223.779100001, 430303.693799999], [410196.7201, 430273.712299999], [410182.3561, 430255.4575], [410175.903899998, 430247.254999999], [410171.410599999, 430227.532400001], [410169.502400003, 430202.317499999], [410174.991599999, 430149.892999999], [410190.598899998, 430105.714299999], [410206.335600004, 430075.331999999], [410236.472199999, 430049.3402], [410262.190899998, 430038.141199999], [410294.6822, 430034.0328], [410322.713399999, 430039.249600001], [410372.282399997, 430045.928800002], [410403.148199998, 430047.780900002], [410444.047799997, 430047.875700001], [410492.3803, 430050.0418], [410534.973800004, 430052.4947], [410574.846900001, 430044.979800001], [410604.604400001, 430030.4278], [410641.422700003, 430003.653999999], [410659.830700003, 429976.818999998], [410684.545299999, 429934.696899999], [410705.523000002, 429901.649099998], [410723.398199998, 429868.863200001], [410716.696599998, 429842.739100002], [410705.784400001, 429827.135499999], [410690.378399998, 429816.320799999], [410672.385300003, 429809.8226], [410652.512199998, 429807.634300001], [410618.312600002, 429807.9531], [410561.661499999, 429811.331900001], [410524.653700002, 429817.8662], [410499.039399996, 429815.731699999], [410472.8939, 429807.8792], [410451.255500004, 429795.703499999], [410437.702, 429778.682999998], [410420.111500002, 429738.6193], [410416.270900004, 429711.037900001], [410419.611100003, 429685.064199999], [410431.372100003, 429638.0493], [410441.8609, 429583.670699999], [410449.371699996, 429542.895599999], [410452.190099999, 429511.203699999], [410460.111000001, 429488.758699998], [410481.627599999, 429436.650600001], [410495.3323, 429418.665800002], [410516.366099998, 429391.573100001], [410523.046400003, 429364.137499999], [410530.8631, 429330.4914], [410530.3288, 429298.830800001], [410537.704599999, 429243.527600002], [410549.055799998, 429203.670699999], [410566.922899999, 429169.930799998], [410578.603799999, 429140.773899998], [410597.988600001, 429116.070300002], [410647.330700003, 429084.111200001], [410686.393200003, 429065.080699999], [410713.839400001, 429044.683400001], [410768.833700001, 428988.171700001], [410795.141800001, 428952.068999998], [410828.214699998, 428899.443999998], [410853.862800002, 428844.6699], [410856.6338, 428824.513599999], [410849.813299999, 428807.374499999], [410824.747400001, 428792.3794], [410784.922399998, 428781.947099999], [410747.2861, 428767.801100001], [410695.547899999, 428749.860399999], [410649.406900004, 428724.259199999], [410615.029200003, 428715.7399], [410583.189099997, 428715.293699998], [410541.569300003, 428724.2777], [410482.820100002, 428748.6611], [410460.596299998, 428773.4245], [410448.308300003, 428804.483800001], [410444.315300003, 428834.125399999]]}, "properties": {"edge_id": 139, "source_node": 188, "target_node": 183, "length_m": 10000.000084162282, "z_start": 8.0, "z_end": 10.0, "dz": -2.0, "slope": -0.00019999999831675437, "direction_status": "FLOW_REVERSED_SUSPECTED", "confidence": "NEED_REVIEW", "qa_comment": "Altitude de fin superieure a altitude de debut; inversion potentielle a arbitrer.", "review_status": "TO_REVIEW", "direction_runtime": "SOURCE_TO_TARGET", "direction_mnt": "TARGET_TO_SOURCE_CANDIDATE", "mnt_source": "C:\\dev\\WQDSS\\data\\MNT SEBOU 30N 30M\\seboureproj", "review_decision": "", "reviewer": "", "review_comment": "", "needs_business_validation": true}}, {"type": "Feature", "geometry": {"type": "LineString", "crs": {"type": "name", "properties": {"name": "EPSG:26191"}}, "coordinates": [[411712.2359, 416458.635200001], [411458.866099998, 416412.709600002], [410979.213, 416322.154599998], [410488.1118, 416226.329100002], [410087.211099997, 416150.7223], [409627.609999999, 416061.666200001], [409213.0999, 415982.4531], [408750.772600003, 415892.9212], [408369.920599997, 415821.4542], [408314.000699997, 415809.821699999], [408275.006499998, 415796.9298], [408114.525700003, 415687.3145], [407670.235299997, 415390.367800001], [407226.274099998, 415087.505100001], [407207.505099997, 415076.185600001], [407181.884300001, 415068.0266], [407156.600900002, 415067.173099998], [407091.711099997, 415086.688000001], [407005.132100001, 415115.5284]]}, "properties": {"edge_id": 140, "source_node": 185, "target_node": 186, "length_m": 5000.000007565115, "z_start": 5.0, "z_end": 7.0, "dz": -2.0, "slope": -0.0003999999993947908, "direction_status": "FLOW_REVERSED_SUSPECTED", "confidence": "NEED_REVIEW", "qa_comment": "Altitude de fin superieure a altitude de debut; inversion potentielle a arbitrer.", "review_status": "TO_REVIEW", "direction_runtime": "SOURCE_TO_TARGET", "direction_mnt": "TARGET_TO_SOURCE_CANDIDATE", "mnt_source": "C:\\dev\\WQDSS\\data\\MNT SEBOU 30N 30M\\seboureproj", "review_decision": "", "reviewer": "", "review_comment": "", "needs_business_validation": true}}, {"type": "Feature", "geometry": {"type": "LineString", "crs": {"type": "name", "properties": {"name": "EPSG:26191"}}, "coordinates": [[464724.5, 317307.566], [464696.796300001, 317413.731400002], [464725.740900002, 317680.462099999], [464764.517300002, 318118.847100001], [464746.417099997, 318237.241900001], [464588.118699998, 318298.141800001], [464476.18, 318289.271600001], [464405.961599998, 318210.646600001], [464407.859899998, 318092.310600001], [464377.748099998, 317990.5891], [464295.552100003, 317981.3457], [464158.312600002, 318065.3796], [464105.017800003, 318153.7498], [464084.245399997, 318298.6754], [464171.071900003, 318364.642099999], [464402.574100003, 318439.700800002], [464617.029799998, 318555.570999999], [464642.998000003, 318645.955499999], [464570.824100003, 318669.423599999], [464561.926799998, 318787.7742], [464559.848700002, 318857.384599999], [464504.0788, 318903.9868], [464396.769900002, 318881.1866], [464208.035899997, 318905.074999999], [464061.292499997, 318935.7848], [463954.3882, 319022.0156], [463980.6888, 319200.559300002], [464139.758000001, 319353.078499999], [464187.049199998, 319485.091600001], [463965.872100003, 319604.273699999], [464001.248300001, 319830.213399999], [463931.597499996, 319847.279800002], [463684.8499, 319806.559500001]]}, "properties": {"edge_id": 142, "source_node": 190, "target_node": 191, "length_m": 5000.0000009784135, "z_start": 640.0, "z_end": 649.0, "dz": -9.0, "slope": -0.001799999999647771, "direction_status": "FLOW_REVERSED_SUSPECTED", "confidence": "NEED_REVIEW", "qa_comment": "Altitude de fin superieure a altitude de debut; inversion potentielle a arbitrer.", "review_status": "TO_REVIEW", "direction_runtime": "SOURCE_TO_TARGET", "direction_mnt": "TARGET_TO_SOURCE_CANDIDATE", "mnt_source": "C:\\dev\\WQDSS\\data\\MNT SEBOU 30N 30M\\seboureproj", "review_decision": "", "reviewer": "", "review_comment": "", "needs_business_validation": true}}, {"type": "Feature", "geometry": {"type": "LineString", "crs": {"type": "name", "properties": {"name": "EPSG:26191"}}, "coordinates": [[483904.4714, 309015.105999999], [483788.441200003, 309126.6855], [483722.377899997, 309213.769900002], [483546.025300004, 309376.2632], [483524.741999999, 309408.1842], [483524.301399998, 309444.537700001], [483552.303000003, 309496.585900001], [483741.487899996, 309566.3673], [483810.558300003, 309577.028000001], [483871.307599999, 309606.738600001], [483907.916100003, 309662.188099999], [483923.446500003, 309750.544300001], [483901.876400001, 309817.254500002], [483834.461599998, 309894.861499999], [483596.641900003, 310096.193100002], [483538.991899997, 310115.803100001], [483399.6008, 310109.765500002], [483316.161700003, 310146.3389], [483278.043700002, 310176.559999999], [483258.128600001, 310223.723200001], [483232.211599998, 310258.291499998], [483186.634599999, 310272.0068], [483164.5405, 310274.373300001], [483132.385300003, 310240.482099999], [483123.295599997, 310147.8365], [483098.212899998, 310111.216899998], [483016.257600002, 310075.594700001], [482989.817900002, 310045.1087], [482978.405599996, 309907.112199999], [482950.141199999, 309828.3365], [482914.329000004, 309805.284000002], [482875.882299997, 309744.1873], [482869.5299, 309681.0495], [482914.579899996, 309599.0627], [482976.751199998, 309528.635499999]]}, "properties": {"edge_id": 152, "source_node": 205, "target_node": 189, "length_m": 3029.9028993186357, "z_start": 791.0, "z_end": 833.0, "dz": -42.0, "slope": -0.013861830360783164, "direction_status": "FLOW_REVERSED_SUSPECTED", "confidence": "NEED_REVIEW", "qa_comment": "Altitude de fin superieure a altitude de debut; inversion potentielle a arbitrer.", "review_status": "TO_REVIEW", "direction_runtime": "SOURCE_TO_TARGET", "direction_mnt": "TARGET_TO_SOURCE_CANDIDATE", "mnt_source": "C:\\dev\\WQDSS\\data\\MNT SEBOU 30N 30M\\seboureproj", "review_decision": "", "reviewer": "", "review_comment": "", "needs_business_validation": true}}, {"type": "Feature", "geometry": {"type": "LineString", "crs": {"type": "name", "properties": {"name": "EPSG:26191"}}, "coordinates": [[582114.982799999, 340973.3343], [582114.133900002, 340974.8816], [582071.547799997, 341084.265900001], [582041.542800002, 341155.548900001], [581994.632600002, 341196.619100001], [581903.696999997, 341228.368900001], [581763.474600002, 341293.032499999], [581681.981899999, 341316.748], [581683.580399998, 341451.365699999], [581660.259599999, 341473.7322], [581548.748199999, 341476.5614], [581492.337099999, 341482.594500002], [581453.508199997, 341491.481400002], [581419.502300002, 341528.793400001], [581413.924699999, 341585.6483], [581407.352200002, 341638.436799999], [581407.8248, 341703.469900001], [581394.190499999, 341746.031599998], [581334.442299999, 341809.5493], [581199.654700004, 341812.475099999], [581142.339599997, 341829.268800002], [581123.565399997, 341876.877], [581145.567100003, 341931.923300002], [581159.434799999, 341981.8343], [581174.177900001, 342050.0363], [581206.901799999, 342165.123799998], [581194.050700001, 342237.163400002], [581083.173299998, 342311.419], [580982.044299997, 342440.6303], [580955.096199997, 342488.159400001], [581016.272399999, 342619.739], [581058.386399999, 342710.522999998], [581052.8618, 342760.260400001], [581014.817400001, 342793.470899999], [580949.367700003, 342807.148499999], [580928.574100003, 342852.688999999], [580946.580300003, 342896.5363], [581003.335699998, 342945.774999998], [581036.620099999, 342993.808499999], [581081.8081, 343082.578299999], [581117.648599997, 343191.593699999], [581142.416299999, 343281.201499999], [581160.1906, 343352.4672], [581227.292199999, 343384.5306], [581268.867799997, 343417.388999999], [581275.578699999, 343469.258200001], [581256.764300004, 343521.9331], [581245.969999999, 343590.918900002], [581247.753799997, 343622.434099998], [581186.370499998, 343638.1732], [581144.676299997, 343619.5286], [581054.9912, 343603.542199999], [580930.543899998, 343593.3528], [580908.9441, 343612.4758], [580877.4032, 343721.936000001], [580917.202600002, 343845.198399998], [580965.829599999, 343889.290899999], [580973.544299997, 343943.1974], [580902.495099999, 344017.777600002], [580859.884800002, 344108.850699998], [580853.0198, 344197.173599999], [580843.869800001, 344314.9375], [580837.625500001, 344451.009300001], [580831.975400001, 344526.728300002]]}, "properties": {"edge_id": 156, "source_node": 152, "target_node": 209, "length_m": 5000.00000345783, "z_start": 736.0, "z_end": 773.0, "dz": -37.0, "slope": -0.007399999994882412, "direction_status": "FLOW_REVERSED_SUSPECTED", "confidence": "NEED_REVIEW", "qa_comment": "Altitude de fin superieure a altitude de debut; inversion potentielle a arbitrer.", "review_status": "TO_REVIEW", "direction_runtime": "SOURCE_TO_TARGET", "direction_mnt": "TARGET_TO_SOURCE_CANDIDATE", "mnt_source": "C:\\dev\\WQDSS\\data\\MNT SEBOU 30N 30M\\seboureproj", "review_decision": "", "reviewer": "", "review_comment": "", "needs_business_validation": true}}, {"type": "Feature", "geometry": {"type": "LineString", "crs": {"type": "name", "properties": {"name": "EPSG:26191"}}, "coordinates": [[457721.118500002, 320264.8444], [457724.7161, 320271.669300001], [457726.229199998, 320275.6318], [457727.761799999, 320284.051100001], [457727.316299997, 320296.947099999], [457724.8869, 320310.8495], [457721.4353, 320318.303800002], [457711.505099997, 320327.283100002], [457697.576099999, 320333.297499999], [457660.701899998, 320335.9309], [457620.808600001, 320330.151500002], [457602.355300002, 320327.759799998], [457586.400700003, 320327.330699999], [457565.479099996, 320329.905699998], [457547.562200002, 320335.4388], [457531.158600002, 320344.934500001], [457516.747599997, 320355.419300001], [457505.341300003, 320368.862199999], [457495.450400002, 320386.7553], [457490.029700004, 320400.670899998], [457490.081900001, 320412.578000002], [457491.1043, 320419.015000001], [457495.639600001, 320429.915600002], [457512.177900001, 320451.174199998], [457536.234200001, 320481.324900001], [457569.825300001, 320526.888900001], [457545.3781, 320560.201099999], [457495.232100002, 320570.077399999], [457435.134800002, 320588.224199999], [457408.398500003, 320637.500700001], [457424.045199998, 320722.357299998], [457382.918799996, 320765.455200002], [457300.201099999, 320747.936099999], [457207.517899998, 320708.121599998], [457130.262900002, 320707.564800002], [457085.884000003, 320825.7586], [457011.317599997, 320821.620900001], [456930.656199999, 320861.315099999], [456877.981799997, 320933.059500001], [456862.963, 320990.334600002], [456830.704499997, 321006.576299999], [456744.545299999, 321021.2623], [456610.815200001, 321043.313000001], [456581.339400001, 321079.200100001], [456592.320200004, 321124.740200002], [456610.698100001, 321218.508299999], [456535.467100002, 321264.434500001], [456488.876000002, 321489.9067], [456415.232299998, 321541.1373], [456364.1884, 321540.036499999], [456343.703400001, 321502.754900001], [456286.121699996, 321430.107000001], [456179.3772, 321374.223200001], [456079.733499996, 321528.460200001], [456078.170699999, 321591.573899999], [456098.017499998, 321625.177000001], [456128.4278, 321679.564599998], [456122.655199997, 321762.9087], [456088.317699999, 321793.087499998], [456018.103, 321784.2148], [455980.613200001, 321797.2568], [455946.295699999, 321831.715500001], [455920.702100001, 321888.807399999], [455834.128700003, 321936.9859], [455793.048699997, 321973.327500001], [455797.470700003, 321997.8094], [455815.461599998, 322027.750700001], [455861.129699998, 322054.494899999], [455909.781300001, 322059.173900001], [455939.2051, 322031.467], [455956.880099997, 321994.023899998], [455997.503300004, 321991.999000002], [456022.200499997, 322009.6481], [456045.189000003, 322056.108800001], [456077.951700002, 322086.593400002], [456119.345700003, 322119.489300001], [456130.0132, 322165.3851], [456107.939000003, 322183.246199999], [456067.252800003, 322171.179499999], [456033.8495, 322134.5779], [456006.6677, 322113.868900001], [455980.191600002, 322111.538899999], [455944.562799998, 322127.022799998], [455947.113499999, 322146.6129], [455966.313100003, 322172.868099999], [455991.121299997, 322215.029800002], [455989.989699997, 322235.8561], [455965.380999997, 322239.648699999], [455925.970200002, 322234.317600001], [455889.691600002, 322243.662599999], [455854.712800004, 322267.1043], [455844.029700004, 322307.786499999], [455857.704899996, 322371.3519], [455962.572300002, 322422.939100001], [456067.971299998, 322592.090500001], [456048.056400001, 322609.9527]]}, "properties": {"edge_id": 158, "source_node": 211, "target_node": 212, "length_m": 4999.999997954529, "z_start": 819.0, "z_end": 834.0, "dz": -15.0, "slope": -0.0030000000012272827, "direction_status": "FLOW_REVERSED_SUSPECTED", "confidence": "NEED_REVIEW", "qa_comment": "Altitude de fin superieure a altitude de debut; inversion potentielle a arbitrer.", "review_status": "TO_REVIEW", "direction_runtime": "SOURCE_TO_TARGET", "direction_mnt": "TARGET_TO_SOURCE_CANDIDATE", "mnt_source": "C:\\dev\\WQDSS\\data\\MNT SEBOU 30N 30M\\seboureproj", "review_decision": "", "reviewer": "", "review_comment": "", "needs_business_validation": true}}, {"type": "Feature", "geometry": {"type": "LineString", "crs": {"type": "name", "properties": {"name": "EPSG:26191"}}, "coordinates": [[460125.093900003, 327819.975200001], [460012.148000002, 327895.988499999], [459953.637599997, 327987.177000001], [459951.469899997, 327990.556400001], [459992.338799998, 328092.1774], [460248.032799996, 328418.9681], [460353.476800002, 328456.254000001], [460429.487599999, 328508.340500001], [460655.619800001, 328725.944800001], [460459.207400002, 328907.374400001], [460181.712899998, 328830.070300002], [460053.008400001, 328797.0951], [459938.818400003, 328823.976], [459814.6043, 328893.551600002], [459768.991599999, 328970.363400001], [459811.194899999, 329054.039500002], [459901.255000003, 329116.640700001], [459913.675099999, 329159.2412], [459934.364500001, 329226.187899999], [459920.632700004, 329362.338199999], [459912.919100001, 329470.0253], [459951.942599997, 329530.798300002], [460033.654100001, 329548.7434], [460196.816500001, 329523.691199999], [460300.567299999, 329562.923799999], [460381.005900003, 329648.8739], [460526.271200001, 329737.6536], [460596.4384, 329930.327], [460412.746799998, 329924.978100002], [460285.902900003, 329846.280299999], [460124.895499997, 329899.760600001], [459923.831500001, 330043.502599999], [459833.876599997, 330095.940000001], [459701.335299998, 330120.870999999], [459524.059799999, 330110.944400001], [459507.136, 330116.9179]]}, "properties": {"edge_id": 165, "source_node": 219, "target_node": 220, "length_m": 5000.000040228823, "z_start": 453.0, "z_end": 502.0, "dz": -49.0, "slope": -0.009799999921151508, "direction_status": "FLOW_REVERSED_SUSPECTED", "confidence": "NEED_REVIEW", "qa_comment": "Altitude de fin superieure a altitude de debut; inversion potentielle a arbitrer.", "review_status": "TO_REVIEW", "direction_runtime": "SOURCE_TO_TARGET", "direction_mnt": "TARGET_TO_SOURCE_CANDIDATE", "mnt_source": "C:\\dev\\WQDSS\\data\\MNT SEBOU 30N 30M\\seboureproj", "review_decision": "", "reviewer": "", "review_comment": "", "needs_business_validation": true}}, {"type": "Feature", "geometry": {"type": "LineString", "crs": {"type": "name", "properties": {"name": "EPSG:26191"}}, "coordinates": [[570559.118799999, 367973.557300001], [570456.082500003, 367896.359099999], [570392.8829, 367856.401000001], [570337.5238, 367830.327599999], [570260.7786, 367805.518100001], [570207.285300002, 367794.8609], [570161.673500001, 367792.555399999], [570084.140600003, 367813.714000002], [570042.3517, 367831.1853], [570002.4362, 367864.460099999], [569960.2755, 367933.268199999], [569944.029100001, 367984.489700001], [569935.4956, 368067.357900001]]}, "properties": {"edge_id": 169, "source_node": 222, "target_node": 148, "length_m": 840.9504408941796, "z_start": 419.0, "z_end": 426.0, "dz": -7.0, "slope": -0.008323915012823972, "direction_status": "FLOW_REVERSED_SUSPECTED", "confidence": "NEED_REVIEW", "qa_comment": "Altitude de fin superieure a altitude de debut; inversion potentielle a arbitrer.", "review_status": "TO_REVIEW", "direction_runtime": "SOURCE_TO_TARGET", "direction_mnt": "TARGET_TO_SOURCE_CANDIDATE", "mnt_source": "C:\\dev\\WQDSS\\data\\MNT SEBOU 30N 30M\\seboureproj", "review_decision": "", "reviewer": "", "review_comment": "", "needs_business_validation": true}}, {"type": "Feature", "geometry": {"type": "LineString", "crs": {"type": "name", "properties": {"name": "EPSG:26191"}}, "coordinates": [[487944.936399996, 304762.547899999], [487825.418200001, 304685.734900001], [487719.597099997, 304638.894900002], [487608.506999999, 304605.965100002], [487528.073600002, 304706.09], [487441.993900001, 304734.8704], [487266.014799997, 304766.5075], [487177.719499998, 304800.736699998], [487121.652099997, 304892.052299999], [487049.430299997, 304926.882199999], [486829.245700002, 305014.184799999], [486731.329999998, 305114.827799998], [486703.538599998, 305172.249299999], [486703.626500003, 305209.233600002], [486773.717600003, 305320.501400001], [486749.033399999, 305479.426100001], [486662.0603, 305494.656], [486528.832800001, 305537.5339], [486460.1593, 305609.669199999], [486424.606299996, 305683.942699999], [486494.668899998, 305815.042300001], [486445.905699998, 305950.819699999], [486323.320299998, 306092.5436], [486298.152599998, 306172.523600001], [486353.316100001, 306355.8827], [486433.160300002, 306398.476], [486437.094899997, 306399.014899999]]}, "properties": {"edge_id": 173, "source_node": 15, "target_node": 12, "length_m": 3084.3668343097047, "z_start": 847.0, "z_end": 873.0, "dz": -26.0, "slope": -0.008429606916655527, "direction_status": "FLOW_REVERSED_SUSPECTED", "confidence": "NEED_REVIEW", "qa_comment": "Altitude de fin superieure a altitude de debut; inversion potentielle a arbitrer.", "review_status": "TO_REVIEW", "direction_runtime": "SOURCE_TO_TARGET", "direction_mnt": "TARGET_TO_SOURCE_CANDIDATE", "mnt_source": "C:\\dev\\WQDSS\\data\\MNT SEBOU 30N 30M\\seboureproj", "review_decision": "", "reviewer": "", "review_comment": "", "needs_business_validation": true}}, {"type": "Feature", "geometry": {"type": "LineString", "crs": {"type": "name", "properties": {"name": "EPSG:26191"}}, "coordinates": [[479387.343999997, 377790.304299999], [479391.836599998, 377835.018599998], [479392.457900003, 377896.6582], [479405.924800001, 377936.0823], [479427.285300002, 377961.1853], [479452.613200001, 377993.177099999], [479455.135399997, 378010.924400002], [479448.737300001, 378033.625100002], [479464.161300004, 378064.163199998], [479522.254699998, 378121.245200001], [479568.455399998, 378184.262899999], [479599.236199997, 378214.2808], [479606.711499996, 378233.4925], [479599.803800002, 378246.8244], [479565.625600003, 378247.883699998], [479512.114600003, 378247.498300001], [479495.2513, 378239.1512], [479478.877300002, 378226.367800001], [479446.188299999, 378232.8466], [479431.379000001, 378256.552099999], [479429.4344, 378275.783799998], [479446.861599997, 378314.7005], [479461.774899997, 378339.817499999], [479481.684100002, 378382.177499998], [479466.888700001, 378412.292199999], [479433.284699999, 378452.803599998], [479367.946000002, 378479.0678], [479352.627999999, 378497.8402], [479323.949199997, 378522.0636], [479343.808899999, 378545.451000001], [479381.049099997, 378581.852499999], [479377.1184, 378596.4091], [479349.402900003, 378613.234299999], [479327.627099998, 378622.151799999], [479298.904299997, 378625.673], [479259.195299998, 378592.2267], [479195.821199998, 378608.142299999], [479173.991599999, 378596.357999999], [479140.187399998, 378539.225400001], [479099.557800002, 378537.339699998], [479076.718400002, 378515.700100001], [479048.915899999, 378488.138999999], [479011.242600001, 378478.363299999], [478995.442299999, 378500.097899999], [478965.761600003, 378521.851799998], [478941.968099996, 378515.9936], [478900.4538, 378561.447500002], [478874.847800002, 378634.477200002], [478843.230400004, 378673.999499999], [478811.505000003, 378664.200399999], [478767.871699996, 378648.517499998], [478750.104000002, 378678.140799999], [478762.102499999, 378729.398800001], [478758.218999997, 378764.912799999], [478752.385300003, 378812.262600001], [478736.576800004, 378833.9866], [478696.888499998, 378810.411400002], [478645.358400002, 378806.5779], [478617.704300001, 378846.081099998], [478611.858199999, 378887.520799998], [478613.970200002, 378948.658300001], [478612.081500001, 378988.104499999], [478643.854099996, 379019.592], [478669.675099999, 379049.118999999], [478707.394500002, 379080.593600001], [478733.320200004, 379153.510000002], [478741.3913, 379220.5447], [478751.434699997, 379281.664799999], [478753.515799999, 379325.038600002], [478733.737999998, 379342.835000001], [478711.913800001, 379333.025400002], [478688.0748, 379301.520100001], [478654.378899999, 379297.6472], [478624.570200004, 379260.245000001], [478590.742700003, 379197.204100002], [478568.848399997, 379151.900600001], [478545.012400001, 379126.3059], [478535.020199999, 379088.859900001], [478507.230999999, 379067.2216], [478467.5612, 379047.594700001], [478439.833099999, 379057.514400002], [478437.9054, 379079.219], [478463.762199998, 379124.5244], [478493.598300002, 379173.7575], [478475.810500003, 379193.523699999], [478436.202399999, 379205.443700001], [478400.5255, 379199.602299999], [478378.709899999, 379189.793499999], [478362.885300003, 379203.634300001], [478355.032899998, 379235.209899999], [478369.009400003, 379282.5156], [478398.836300001, 379331.748399999], [478442.502400003, 379363.2086], [478486.1109, 379369.021299999], [478488.179499999, 379410.432500001], [478470.4538, 379457.809099998], [478468.521799996, 379477.539999999], [478502.2826, 379514.932799999], [478533.979699999, 379508.940900002], [478593.328299999, 379467.393100001], [478626.988600001, 379455.486900002], [478680.500200003, 379463.2634], [478782.265900001, 379502.724800002], [478862.9234, 379522.019000001], [478908.455899999, 379500.23], [478930.175300002, 379466.650699999], [478922.161799997, 379425.252500001], [478937.917300001, 379383.802299999], [478969.562799998, 379358.096500002], [478997.342100002, 379371.8411], [478993.487400003, 379425.0968], [479007.395999998, 379442.819200002], [479051.025300004, 379458.5033], [479072.9723, 379529.455600001], [479061.143600002, 379555.118099999], [479030.467299998, 379571.9507], [479006.749499999, 379599.612799998], [478996.901500002, 379627.244800001], [479014.792599998, 379654.816399999], [479015.601999998, 379655.217]]}, "properties": {"edge_id": 198, "source_node": 248, "target_node": 249, "length_m": 4999.9999486967445, "z_start": 231.0, "z_end": 277.0, "dz": -46.0, "slope": -0.009200000094397991, "direction_status": "FLOW_REVERSED_SUSPECTED", "confidence": "NEED_REVIEW", "qa_comment": "Altitude de fin superieure a altitude de debut; inversion potentielle a arbitrer.", "review_status": "TO_REVIEW", "direction_runtime": "SOURCE_TO_TARGET", "direction_mnt": "TARGET_TO_SOURCE_CANDIDATE", "mnt_source": "C:\\dev\\WQDSS\\data\\MNT SEBOU 30N 30M\\seboureproj", "review_decision": "", "reviewer": "", "review_comment": "", "needs_business_validation": true}}, {"type": "Feature", "geometry": {"type": "LineString", "crs": {"type": "name", "properties": {"name": "EPSG:26191"}}, "coordinates": [[470627.487300001, 390950.6428], [470654.105700001, 390973.309099998], [470677.5326, 391000.450199999], [470687.436800003, 391021.112199999], [470671.4441, 391036.408300001], [470653.6272, 391055.336199999], [470655.517499998, 391076.3774], [470673.480099998, 391108.270199999], [470699.834299996, 391139.760499999], [470702.494099997, 391174.239300001], [470687.972900003, 391197.1492], [470678.259099998, 391238.9179], [470681.236500002, 391259.589899998], [470692.251199998, 391284.606600001], [470701.051299997, 391300.182100002], [470701.094400004, 391314.342700001], [470689.855599999, 391336.876600001], [470693.950499997, 391364.087699998], [470687.4472, 391381.894400001], [470681.309900001, 391404.778700002]]}, "properties": {"edge_id": 207, "source_node": 262, "target_node": 131, "length_m": 520.8520402347418, "z_start": 157.0, "z_end": 169.0, "dz": -12.0, "slope": -0.02303917249626543, "direction_status": "FLOW_REVERSED_SUSPECTED", "confidence": "NEED_REVIEW", "qa_comment": "Altitude de fin superieure a altitude de debut; inversion potentielle a arbitrer.", "review_status": "TO_REVIEW", "direction_runtime": "SOURCE_TO_TARGET", "direction_mnt": "TARGET_TO_SOURCE_CANDIDATE", "mnt_source": "C:\\dev\\WQDSS\\data\\MNT SEBOU 30N 30M\\seboureproj", "review_decision": "", "reviewer": "", "review_comment": "", "needs_business_validation": true}}, {"type": "Feature", "geometry": {"type": "LineString", "crs": {"type": "name", "properties": {"name": "EPSG:26191"}}, "coordinates": [[475993.559699997, 385871.906199999], [475979.365699999, 385872.4701], [475961.509000003, 385879.777800001], [475945.472999997, 385888.178800002], [475936.390100002, 385901.995999999], [475926.597199999, 385927.0812], [475921.544, 385947.064800002], [475906.236199997, 385955.098099999], [475885.798100002, 385952.243999999], [475872.281999998, 385946.101399999], [475858.020499997, 385933.429299999], [475844.861599997, 385922.561999999], [475834.650700003, 385924.406199999], [475824.8134, 385931.6941], [475813.5436, 385945.516899999], [475798.255999997, 385961.534200002], [475791.007799998, 385981.889400002], [475786.307499997, 385998.966899998], [475806.426700003, 386018.166499998], [475825.075000003, 386035.917199999], [475857.591899998, 386053.267299999], [475886.4454, 386063.363400001], [475902.930100001, 386090.556299999], [475910.9947, 386105.0625], [475912.134400003, 386125.396600001], [475918.018299997, 386142.447500002], [475931.559500001, 386158.7586], [475946.5405, 386167.791900001], [475963.353, 386182.2762], [475975.431500003, 386196.772500001], [475982.089599997, 386231.985100001], [475976.6501, 386245.0724], [475961.348200001, 386255.278999999], [475933.303400002, 386273.135499999], [475924.231600001, 386294.947799999], [475916.972599998, 386307.3189], [475898.806699999, 386338.2245], [475906.185800001, 386370.164099999], [475881.414499998, 386386.925900001], [475872.318499997, 386395.309700001], [475848.622699998, 386402.987100001], [475819.456699997, 386411.4102], [475807.792000003, 386418.347800002], [475751.295599997, 386438.460900001], [475698.799699999, 386453.119600002], [475667.8244, 386468.445], [475643.387999997, 386471.412], [475608.986199997, 386430.825300001], [475597.2038, 386387.641899999], [475574.518700004, 386360.8312], [475556.950300001, 386339.452100001], [475548.5255, 386324.947099999], [475544.109999999, 386312.250500001], [475548.818999998, 386298.798900001], [475566.690300003, 386294.0297], [475588.201899998, 386291.069899999], [475618.142099999, 386300.4417], [475628.773100004, 386318.933200002], [475642.292499997, 386326.528099999], [475660.886299998, 386322.843899999], [475677.265799999, 386304.6501], [475686.706900001, 386286.828699999], [475686.678499997, 386275.573600002], [475682.952799998, 386247.2621], [475672.3429, 386233.4833], [475669.024800003, 386220.418000001], [475670.445200004, 386205.5332], [475681.3407, 386186.2555], [475702.468999997, 386173.860300001], [475733.447099999, 386159.255800001], [475744.722900003, 386144.335099999], [475743.592799999, 386131.630199999], [475740.641099997, 386117.477200002], [475734.4234, 386114.5876], [475724.207199998, 386114.247400001], [475704.916000001, 386130.629900001], [475691.419299997, 386132.116599999], [475665.164099999, 386138.725299999], [475631.621699996, 386146.439199999], [475599.554799996, 386161.046799999], [475573.659599997, 386167.6437], [475536.466799997, 386173.182700001], [475502.9441, 386192.152199998], [475474.896200001, 386208.568599999], [475430.044699997, 386217.764600001], [475407.393100001, 386208.0088], [475391.676100001, 386196.427900001], [475367.566500001, 386183.061000001], [475339.805200003, 386170.779100001], [475316.443999998, 386168.6655], [475300.450900003, 386189.764199998], [475290.2795, 386206.855999999], [475278.304300003, 386233.034200002], [475269.971299998, 386254.479200002], [475258.011200003, 386286.467999998], [475268.325099997, 386324.9419], [475289.584799998, 386364.097399998], [475277.206200004, 386373.210999999], [475260.420199998, 386372.888099998], [475240.702399999, 386366.407499999], [475198.358199999, 386356.348000001], [475189.6096, 386359.6417], [475177.968500003, 386372.013599999], [475174.011600003, 386394.179299999], [475171.531300001, 386423.5933], [475169.403399996, 386446.475099999], [475181.146499999, 386473.679000001], [475180.1448, 386511.084199998], [475193.366099998, 386542.642299999], [475206.913599998, 386561.125799999], [475233.185199998, 386565.0612], [475259.434299998, 386556.632800002], [475279.509599999, 386558.765700001], [475291.205600001, 386567.817499999], [475292.336400002, 386584.148400001], [475287.630800001, 386598.686900001], [475262.183399998, 386631.796999998], [475253.475100003, 386650.703699999], [475234.558799997, 386672.175999999], [475203.568099998, 386680.971500002], [475188.273199998, 386689.726799998], [475177.716499999, 386700.2773], [475136.189000003, 386723.626699999], [475111.756200001, 386727.6818], [475084.779700004, 386736.4674], [475027.912, 386754.412300002], [475007.854699999, 386755.550999999], [474984.5326, 386767.953499999], [474978.0088, 386782.142000001], [474974.042099997, 386800.304699998], [474967.513899997, 386816.300799999], [474921.229500003, 386833.8418], [474880.445600003, 386865.906199999], [474857.8649, 386879.404800002], [474830.888099998, 386887.825199999], [474812.295699999, 386891.4998], [474782.377499998, 386890.125500001], [474765.581, 386885.456700001], [474754.251999997, 386875.683899999], [474737.437399998, 386864.106899999], [474716.9855, 386855.444699999], [474699.118500002, 386861.302200001], [474694.412, 386875.109099999], [474684.685000002, 386920.166499998], [474675.638700001, 386950.318700001], [474670.601999998, 386975.3928], [474677.2729, 387013.864700001], [474680.2478, 387036.3673], [474701.473099999, 387062.0931], [474704.795999996, 387076.610800002], [474713.946599998, 387089.660500001], [474730.383199997, 387097.967300002], [474748.306900002, 387113.8994], [474747.971199997, 387126.608100001], [474748.745800003, 387144.026700001], [474748.4507, 387168.7223], [474742.6263, 387174.914099999], [474728.766599998, 387174.584600002], [474711.626900002, 387176.082199998], [474694.491300002, 387182.658599999], [474692.702299997, 387193.5636], [474690.909699999, 387206.642099999], [474674.176700003, 387225.925299998], [474647.567199998, 387233.258499999], [474635.524300002, 387232.558400001], [474616.889600001, 387219.899599999], [474606.626699999, 387201.408300001], [474594.934600003, 387193.8211], [474583.585100003, 387179.690499999], [474587.8992, 387157.1576], [474592.981200002, 387145.888999999], [474591.486000001, 387131.732500002], [474582.338500001, 387123.4067], [474570.307599999, 387123.804400001], [474558.642700002, 387130.011700001], [474558.321199998, 387144.527899999], [474557.643100001, 387163.780000001], [474549.674199998, 387185.945500001], [474518.663800001, 387186.3935], [474496.415299997, 387188.991700001], [474473.792599998, 387186.146400001], [474468.662199996, 387175.636599999], [474469.721199997, 387164.378600001], [474482.819799997, 387149.0856], [474507.208999999, 387129.050000001], [474530.509800002, 387112.654399998], [474531.197499998, 387097.039500002], [474530.795699999, 387084.6875], [474529.315800004, 387076.341499999], [474526.0022, 387065.460999999], [474520.1448, 387055.673900001], [474509.556599997, 387053.883400001], [474486.946099997, 387055.7619], [474456.314900003, 387060.201000001], [474435.524999998, 387063.161400002], [474421.301799998, 387065.006700002], [474394.326899998, 387073.794199999], [474379.751599997, 387078.556899998], [474375.718599997, 387071.304400001], [474375.687600002, 387059.6833], [474393.5255, 387046.562100001], [474413.919399999, 387033.4452], [474417.895499997, 387019.2742], [474418.955899999, 387005.1109], [474410.537600003, 386993.5121], [474399.568300001, 386983.738699999], [474369.993799999, 386976.188200001], [474359.043700002, 386973.677999999], [474347.353100002, 386966.800799999], [474339.299400002, 386957.019699998], [474339.254900001, 386940.32], [474338.118199997, 386925.796599999], [474328.972800002, 386914.9318], [474318.379600003, 386911.322900001], [474298.684500001, 386913.193999998], [474289.960900001, 386925.5592], [474278.328400001, 386940.4826], [474257.932700001, 386952.879000001], [474241.877499998, 386952.9219], [474240.095799997, 386966.3664], [474228.0836, 386977.287799999], [474209.085500002, 386967.170200001], [474205.045699999, 386961.660700001]]}, "properties": {"edge_id": 215, "source_node": 272, "target_node": 271, "length_m": 4999.999986383637, "z_start": 189.0, "z_end": 236.0, "dz": -47.0, "slope": -0.009400000025598761, "direction_status": "FLOW_REVERSED_SUSPECTED", "confidence": "NEED_REVIEW", "qa_comment": "Altitude de fin superieure a altitude de debut; inversion potentielle a arbitrer.", "review_status": "TO_REVIEW", "direction_runtime": "SOURCE_TO_TARGET", "direction_mnt": "TARGET_TO_SOURCE_CANDIDATE", "mnt_source": "C:\\dev\\WQDSS\\data\\MNT SEBOU 30N 30M\\seboureproj", "review_decision": "", "reviewer": "", "review_comment": "", "needs_business_validation": true}}, {"type": "Feature", "geometry": {"type": "LineString", "crs": {"type": "name", "properties": {"name": "EPSG:26191"}}, "coordinates": [[487262.969939791, 449466.856650721], [487322.359999999, 449475.661200002], [487431.725199997, 449357.499000002], [487570.817599997, 449157.685400002], [487467.245200001, 449068.153700002], [487303.2509, 449126.702100001], [487287.676799998, 449252.039000001], [487176.736199997, 449247.6505], [486909.976400003, 449014.904599998], [486890.724699996, 448908.0385], [486906.340899996, 448863.804900002], [486901.3266, 448770.3961], [486936.073899999, 448751.059799999], [487038.101400003, 448878.300099999], [487167.564300001, 448820.458900001], [487146.8455, 448554.714600001], [487224.873499997, 448505.561900001], [487307.499600001, 448431.8686], [487489.5075, 448453.757100001], [487654.942400001, 448407.577599999], [487837.392099999, 448474.405299999], [488073.830499999, 448490.068799999], [488118.560800001, 448430.2392], [487995.568099998, 448246.279199999], [487983.257200003, 448072.885000002], [488043.781499997, 447935.7808], [488116.647, 447826.768399999], [488182.268600002, 447819.976599999], [488271.313299999, 447877.8994], [488391.8279, 447901.400199998], [488453.568899997, 447885.419799998], [488481.983800001, 447840.641199999], [488459.0546, 447781.383099999], [488362.270800002, 447745.385400001], [488284.384800002, 447613.232799999], [488178.085199997, 447580.531800002], [488016.695908995, 447481.078150408]]}, "properties": {"edge_id": 216, "source_node": 273, "target_node": 274, "length_m": 5000.00000000057, "z_start": 94.0, "z_end": 119.0, "dz": -25.0, "slope": -0.004999999999999429, "direction_status": "FLOW_REVERSED_SUSPECTED", "confidence": "NEED_REVIEW", "qa_comment": "Altitude de fin superieure a altitude de debut; inversion potentielle a arbitrer.", "review_status": "TO_REVIEW", "direction_runtime": "SOURCE_TO_TARGET", "direction_mnt": "TARGET_TO_SOURCE_CANDIDATE", "mnt_source": "C:\\dev\\WQDSS\\data\\MNT SEBOU 30N 30M\\seboureproj", "review_decision": "", "reviewer": "", "review_comment": "", "needs_business_validation": true}}, {"type": "Feature", "geometry": {"type": "LineString", "crs": {"type": "name", "properties": {"name": "EPSG:26191"}}, "coordinates": [[472099.583099999, 395887.432799999], [472063.478399999, 395875.9923], [472008.7157, 395846.044199999], [471961.9736, 395813.167599998], [471917.768100001, 395777.7445], [471893.651299998, 395758.586100001], [471862.651500002, 395753.231899999], [471829.488200001, 395755.147599999], [471814.237300001, 395772.9683], [471788.828699999, 395810.047600001], [471787.450900003, 395836.898699999], [471778.732199997, 395847.081999999], [471760.514600001, 395849.674899999], [471742.271399997, 395843.562899999], [471710.531499997, 395830.958999999], [471695.227899998, 395833.8983], [471674.135700002, 395849.562899999], [471656.698700003, 395869.9298], [471637.416900001, 395880.510299999], [471615.217200004, 395892.541000001], [471586.0933, 395904.237500001], [471550.409199998, 395917.040100001], [471527.505000003, 395937.057399999], [471530.147600003, 395967.168000001], [471539.4428, 396027.355099998], [471546.421599999, 396046.197299998], [471555.560400002, 396056.693999998], [471571.629299998, 396066.438299999], [471595.722800002, 396080.8829], [471616.176100001, 396095.6932], [471650.125299998, 396113.735199999], [471682.624300003, 396133.954999998], [471684.183300003, 396168.770599999], [471692.2491, 396184.3495], [471746.9586, 396196.519900002], [471780.133199997, 396198.962000001], [471835.556299999, 396209.3233], [471899.027400002, 396226.192899998], [471931.882799998, 396245.680599999], [471962.222499996, 396274.978700001], [471968.129500002, 396299.624000002], [471951.809, 396329.778900001], [471924.529200003, 396347.634599999], [471914.800499998, 396384.301899999], [471906.8433, 396405.727400001], [471904.033500001, 396444.1932], [471894.316699997, 396484.852699999], [471891.821599998, 396504.809500001], [471880.918799996, 396514.999200001], [471845.622199997, 396533.599300001], [471823.362099998, 396524.5935], [471812.3957, 396513.0262], [471779.548299998, 396496.067200001], [471758.382100001, 396489.242899999], [471724.850100003, 396487.156800002], [471648.715400003, 396498.625399999], [471599.593599997, 396527.070099998], [471577.126999997, 396569.941100001], [471558.309100002, 396615.3407], [471542.350599997, 396642.589899998], [471520.1549, 396655.3528], [471487.753600001, 396664.519900002], [471467.377099998, 396678.3642], [471464.189800002, 396707.0284], [471485.774800003, 396737.071800001], [471496.762900002, 396755.902100001], [471519.041100003, 396771.072799999], [471535.116300002, 396783.367600001], [471561.826800004, 396819.916499998], [471581.565300003, 396839.807799999], [471604.980800003, 396868.759300001], [471631.971100002, 396878.4826], [471668.105899997, 396894.699499998], [471701.006499998, 396930.143800002], [471720.365199998, 396946.410300002], [471755.009599999, 396954.292800002], [471792.926799998, 396959.260499999], [471825.029200003, 396967.8715], [471884.0502, 396961.888], [471950.681599997, 396942.1098], [471999.117399998, 396928.5506], [472031.115500003, 396904.515799999], [472059.838699996, 396882.664000001], [472090.807300001, 396878.581999999], [472118.509300001, 396879.5995], [472133.821000002, 396883.181299999], [472145.866700001, 396888.9461], [472158.679399997, 396908.137899999], [472154.408, 396941.8838], [472175.295699999, 396983.541299999], [472159.697400004, 397008.249000002], [472142.325599998, 397050.738000002], [472113.2403, 397074.7641], [472093.9331, 397075.906800002], [472071.316299997, 397070.527600002], [472025.7513, 397066.313000001], [472013.760300003, 397076.139699999], [471998.167099997, 397105.571800001], [471984.7663, 397131.360100001], [471976.087800004, 397154.961199999], [471958.760399997, 397212.321199998], [471945.024300002, 397252.626499999], [471933.779799998, 397268.616799999], [471904.685199998, 397289.0174], [471906.9353, 397311.499899998], [471915.763899997, 397339.408100002], [471952.731899999, 397395.522999998], [472010.194200002, 397478.780499998], [472057.366300002, 397535.587000001], [472096.061800003, 397558.684599999], [472117.259300001, 397580.391399998], [472120.5867, 397596.339299999], [472118.479099996, 397622.826699998], [472117.176299997, 397675.782000002], [472114.017099999, 397717.864], [472113.021300003, 397752.687399998], [472098.1294, 397769.420000002], [472083.189099997, 397769.463399999], [472001.562700003, 397768.613899998], [471983.032799996, 397789.338300001], [471968.894699998, 397814.774099998], [471958.420100004, 397844.901000001], [471939.889399998, 397865.2707], [471916.647600003, 397891.453899998], [471886.817199998, 397908.5854], [471857.386699997, 397939.4998], [471833.415100001, 397964.964499999], [471801.040600002, 397985.009100001], [471746.438299999, 398005.839899998], [471714.059799999, 398024.432], [471683.506399997, 398043.0189], [471639.145300001, 398073.612100001], [471575.550499998, 398132.562199999], [471539.196999997, 398162.4113], [471494.5242, 398211.868999999], [471471.329000004, 398256.184300002], [471440.148800001, 398308.507599998], [471427.2315, 398330.719500002]]}, "properties": {"edge_id": 222, "source_node": 280, "target_node": 278, "length_m": 5000.000058075278, "z_start": 129.0, "z_end": 142.0, "dz": -13.0, "slope": -0.002599999969800856, "direction_status": "FLOW_REVERSED_SUSPECTED", "confidence": "NEED_REVIEW", "qa_comment": "Altitude de fin superieure a altitude de debut; inversion potentielle a arbitrer.", "review_status": "TO_REVIEW", "direction_runtime": "SOURCE_TO_TARGET", "direction_mnt": "TARGET_TO_SOURCE_CANDIDATE", "mnt_source": "C:\\dev\\WQDSS\\data\\MNT SEBOU 30N 30M\\seboureproj", "review_decision": "", "reviewer": "", "review_comment": "", "needs_business_validation": true}}, {"type": "Feature", "geometry": {"type": "LineString", "crs": {"type": "name", "properties": {"name": "EPSG:26191"}}, "coordinates": [[451006.177000001, 359695.767000001], [451064.307700001, 359711.354200002], [451129.1655, 359748.037300002], [451221.126599997, 359856.323100001], [451277.895400003, 360030.516800001], [451407.642099999, 360212.470899999], [451557.633299999, 360376.8506], [451503.871200003, 360512.493700001], [451477.156599998, 360615.158500001], [451470.726000004, 360749.533], [451468.393299997, 360992.294300001], [451500.930699997, 361229.380899999], [451534.014799997, 361564.649500001], [451516.804499999, 361746.579500001], [451542.4551, 361965.173300002], [451578.873099998, 362104.533500001], [451678.221199997, 362217.344500002], [451724.012199998, 362335.424800001], [451704.506899998, 362436.257300001], [451633.174900003, 362584.152100001], [451558.358599998, 362686.160300002], [451527.609999999, 362746.999600001], [451564.167400002, 362842.7612], [451627.988700002, 362885.762200002], [451670.454499997, 363007.174600001], [451700.944499999, 363079.504700001], [451716.611100003, 363186.126899999], [451776.828500003, 363358.201099999], [451785.765299998, 363471.443399999], [451771.247000001, 363562.926199999], [451776.823100001, 363692.240899999], [451760.290799998, 363732.3072], [451673.695799999, 363822.709100001], [451576.4538, 363873.880199999], [451466.616099998, 363917.875], [451413.276500002, 363962.2962], [451339.982900001, 364033.473999999], [451329.593500003, 364053.4155]]}, "properties": {"edge_id": 229, "source_node": 285, "target_node": 286, "length_m": 4999.999964855884, "z_start": 147.0, "z_end": 167.0, "dz": -20.0, "slope": -0.004000000028115293, "direction_status": "FLOW_REVERSED_SUSPECTED", "confidence": "NEED_REVIEW", "qa_comment": "Altitude de fin superieure a altitude de debut; inversion potentielle a arbitrer.", "review_status": "TO_REVIEW", "direction_runtime": "SOURCE_TO_TARGET", "direction_mnt": "TARGET_TO_SOURCE_CANDIDATE", "mnt_source": "C:\\dev\\WQDSS\\data\\MNT SEBOU 30N 30M\\seboureproj", "review_decision": "", "reviewer": "", "review_comment": "", "needs_business_validation": true}}, {"type": "Feature", "geometry": {"type": "LineString", "crs": {"type": "name", "properties": {"name": "EPSG:26191"}}, "coordinates": [[450578.685500003, 368706.557599999], [450709.646399997, 368782.374600001], [450839.901100002, 368805.261500001], [450974.651699998, 368783.375], [451210.960100003, 368725.660100002], [451409.141800001, 368613.976799998], [451498.368699998, 368476.942600001], [451598.522500001, 368396.371300001], [451733.463100001, 368410.997099999], [451836.450599998, 368423.433499999], [451949.912, 368400.502799999], [452011.046499997, 368323.656300001], [452076.968199998, 368257.386799999], [452157.371399999, 368247.573800001], [452219.074199997, 368284.945900001], [452252.647699997, 368375.4483], [452249.383199997, 368433.1567], [452239.343900003, 368470.673599999], [452216.718999997, 368511.532000002]]}, "properties": {"edge_id": 234, "source_node": 210, "target_node": 291, "length_m": 2122.7947617208883, "z_start": 126.0, "z_end": 186.0, "dz": -60.0, "slope": -0.028264625993028047, "direction_status": "FLOW_REVERSED_SUSPECTED", "confidence": "NEED_REVIEW", "qa_comment": "Altitude de fin superieure a altitude de debut; inversion potentielle a arbitrer.", "review_status": "TO_REVIEW", "direction_runtime": "SOURCE_TO_TARGET", "direction_mnt": "TARGET_TO_SOURCE_CANDIDATE", "mnt_source": "C:\\dev\\WQDSS\\data\\MNT SEBOU 30N 30M\\seboureproj", "review_decision": "", "reviewer": "", "review_comment": "", "needs_business_validation": true}}, {"type": "Feature", "geometry": {"type": "LineString", "crs": {"type": "name", "properties": {"name": "EPSG:26191"}}, "coordinates": [[510920.297499999, 431234.774500001], [510998.805699997, 431231.336300001], [511155.214699998, 431338.865800008], [511705.774400003, 431564.090999998], [512087.908000007, 431643.7546], [512161.7839, 431623.9287], [512251.225199997, 431490.8629], [512816.279799998, 431448.302900001], [513157.053799994, 431660.268400002], [513526.717400007, 432156.669800002], [513954.151000008, 432792.284700002], [514741.2641, 433499.538600002], [514957.224299997, 433672.006100003], [515112.253200002, 433712.944800004], [515198.012800001, 433735.592700005], [515358.663800001, 433719.678099997], [515435.514500007, 433734.208799999], [515529.174900003, 433812.796000004], [515586.563699998, 434027.256900001], [515645.443000004, 434125.863600001], [515669.537199996, 434243.157700002], [515598.9098, 434480.746300008], [515487.809100002, 434693.315200001], [515389.428400002, 434837.7623], [515311.432600006, 434873.062300004], [515143.46069999, 434833.765800003], [514991.506200016, 434755.024100006], [514593.445300005, 435138.583100002], [514437.660300009, 435536.651299998], [514439.500800014, 435667.729100004], [514333.162700005, 436030.660300009], [514123.752400003, 436082.965800006], [513915.355599999, 436191.265500002], [513549.531700008, 436233.164900005], [513550.961100005, 436371.407200001], [513066.174900003, 436603.182799999], [512964.047500014, 436837.700300008], [512939.456000008, 437089.226700004], [512930.8759, 437124.421300005]]}, "properties": {"edge_id": 248, "source_node": 309, "target_node": 310, "length_m": 10865.912151105693, "z_start": 75.0, "z_end": 78.0, "dz": -3.0, "slope": -0.00027609278984412974, "direction_status": "FLOW_REVERSED_SUSPECTED", "confidence": "NEED_REVIEW", "qa_comment": "Altitude de fin superieure a altitude de debut; inversion potentielle a arbitrer.", "review_status": "TO_REVIEW", "direction_runtime": "SOURCE_TO_TARGET", "direction_mnt": "TARGET_TO_SOURCE_CANDIDATE", "mnt_source": "C:\\dev\\WQDSS\\data\\MNT SEBOU 30N 30M\\seboureproj", "review_decision": "", "reviewer": "", "review_comment": "", "needs_business_validation": true}}, {"type": "Feature", "geometry": {"type": "LineString", "crs": {"type": "name", "properties": {"name": "EPSG:26191"}}, "coordinates": [[454948.428199999, 339684.232500002], [454942.064599998, 339693.619899999], [454940.480599999, 339695.955600001], [454914.933899999, 339761.456599999], [454886.462499998, 339909.5832], [454863.6884, 340116.058200002], [454854.669699997, 340220.066399999], [454829.568800002, 340267.437899999], [454699.284000002, 340302.284699999], [454644.384800002, 340266.729800001], [454549.289700002, 340238.825599998], [454414.666299999, 340220.554900002], [454252.005999997, 340296.9384], [454121.305399999, 340300.318], [453985.3156, 340326.176399998], [453826.866300002, 340289.123300001], [453687.130099997, 340276.009599999], [453662.068000004, 340248.954399999], [453639.493199997, 340162.414799999], [453564.696500003, 340077.711300001], [453477.4221, 340032.450599998], [453399.802500002, 340018.643300001], [453213.263999999, 340066.797800001], [453088.2676, 340076.8605], [452908.624399997, 340024.7245], [452602.679099999, 339983.587299999], [452495.795900002, 339928.530499998], [452460.002499998, 339877.161200002], [452408.1677, 339867.315400001], [452367.759400003, 339908.947700001], [452349.577399999, 339976.9584], [452351.007200003, 340013.118299998], [452374.7465, 340090.812600002], [452372.059100002, 340164.601100002], [452347.195200004, 340270.829700001], [452270.401900001, 340471.479400001], [452162.186099999, 340637.559500001], [452120.922300003, 340711.539000001], [452117.071500003, 340754.000599999], [452138.535599999, 340782.189399999], [452227.788500004, 340762.5449], [452259.225500002, 340756.324999999], [452322.317299999, 340784.308899999], [452391.5902, 340832.475099999], [452457.826399997, 340881.6545], [452547.366499998, 340920.630600002], [452590.2522, 340970.945599999], [452608.758199997, 341018.342300002], [452588.726899996, 341074.021499999], [452538.748499997, 341140.7687], [452514.258100003, 341144.278900001]]}, "properties": {"edge_id": 252, "source_node": 315, "target_node": 267, "length_m": 4999.999956231064, "z_start": 300.0, "z_end": 315.0, "dz": -15.0, "slope": -0.0030000000262613616, "direction_status": "FLOW_REVERSED_SUSPECTED", "confidence": "NEED_REVIEW", "qa_comment": "Altitude de fin superieure a altitude de debut; inversion potentielle a arbitrer.", "review_status": "TO_REVIEW", "direction_runtime": "SOURCE_TO_TARGET", "direction_mnt": "TARGET_TO_SOURCE_CANDIDATE", "mnt_source": "C:\\dev\\WQDSS\\data\\MNT SEBOU 30N 30M\\seboureproj", "review_decision": "", "reviewer": "", "review_comment": "", "needs_business_validation": true}}, {"type": "Feature", "geometry": {"type": "LineString", "crs": {"type": "name", "properties": {"name": "EPSG:26191"}}, "coordinates": [[450608.486299999, 341838.282900002], [450572.240000002, 341904.404199999], [450492.204800002, 341976.2608], [450414.810199998, 342002.379999999], [450269.4723, 341992.215999998], [450020.150200002, 341989.686799999], [449916.068999998, 341887.167399999], [449840.700599998, 341839.0504], [449747.470200002, 341871.876200002], [449717.185400002, 341904.364500001], [449701.448200002, 342001.439199999], [449756.483000003, 342043.595899999], [449837.991800003, 342099.752099998], [449854.267399996, 342127.763300002], [449878.961099997, 342170.2665], [449906.043300003, 342303.4859], [449886.129600003, 342378.362799998], [449819.723800004, 342491.865499999], [449714.0044, 342464.1193], [449616.267800003, 342410.066500001], [449526.6598, 342355.983399998], [449441.492299996, 342376.6294], [449372.818400003, 342443.668499999], [449308.725699998, 342611.723999999], [449177.592200004, 342770.020199999], [449079.527500004, 343039.273800001], [448979.287799999, 343278.227000002], [448769.358599998, 343505.631900001], [448532.6435, 343656.403299998], [448240.861199997, 343756.960499998], [448157.888700001, 343803.872499999], [448139.836099997, 343847.620700002], [448160.470700003, 343906.894699998], [448237.785499997, 343940.829700001], [448469.508400001, 343998.178800002], [448563.380099997, 344090.614500001], [448602.642700002, 344221.726100002], [448621.360699996, 344306.479400001], [448633.531999998, 344350.168000001]]}, "properties": {"edge_id": 253, "source_node": 268, "target_node": 316, "length_m": 5000.0000143429515, "z_start": 246.0, "z_end": 359.0, "dz": -113.0, "slope": -0.02259999993516986, "direction_status": "FLOW_REVERSED_SUSPECTED", "confidence": "NEED_REVIEW", "qa_comment": "Altitude de fin superieure a altitude de debut; inversion potentielle a arbitrer.", "review_status": "TO_REVIEW", "direction_runtime": "SOURCE_TO_TARGET", "direction_mnt": "TARGET_TO_SOURCE_CANDIDATE", "mnt_source": "C:\\dev\\WQDSS\\data\\MNT SEBOU 30N 30M\\seboureproj", "review_decision": "", "reviewer": "", "review_comment": "", "needs_business_validation": true}}, {"type": "Feature", "geometry": {"type": "LineString", "crs": {"type": "name", "properties": {"name": "EPSG:26191"}}, "coordinates": [[502386.937200002, 319508.262800001], [502389.030900002, 319494.398400001], [502389.032300003, 319488.444899999], [502370.098099999, 319479.0165], [502357.640799999, 319467.1063], [502338.205799997, 319453.210000001], [502324.25, 319451.721000001], [502302.808300003, 319475.031199999], [502296.331100002, 319478.998799998], [502300.313600004, 319494.377], [502288.342, 319510.738200001], [502282.8561, 319526.6131], [502267.9027, 319540.002300002], [502259.929399997, 319544.468400002], [502257.431299999, 319538.5143], [502247.964199998, 319533.556299999], [502217.060800001, 319530.5669], [502173.196400002, 319523.117699999], [502162.734999999, 319518.647399999], [502155.256499998, 319512.692200001], [502152.267300002, 319500.296599999], [502143.305, 319481.436099999], [502129.8424, 319475.978399999], [502124.363399997, 319462.0856], [502106.423100002, 319452.159000002], [502080.508500002, 319451.665600002], [502069.0449, 319440.243799999], [502065.060599998, 319431.8171], [502041.136600003, 319420.4038], [502016.712300003, 319402.039000001], [502007.747699998, 319392.613499999], [502005.25, 319383.677000001], [502012.233900003, 319356.394099999], [502024.6972, 319342.017200001], [502040.652800001, 319335.0691], [502056.108499996, 319319.695099998], [502063.089500003, 319306.303800002], [502072.559299998, 319300.352299999], [502075.061999999, 319285.474399999], [502072.566600002, 319266.116500001], [502060.611500002, 319248.752099998], [502056.627999999, 319235.8574], [502050.645300001, 319229.902600002], [502035.192599997, 319230.3983], [502020.240900002, 319234.852000002], [502017.251999997, 319219.973000001], [502017.256499998, 319198.143199999], [502011.277199998, 319175.3255], [501981.874799997, 319141.582600001], [501960.629500002, 319113.7949], [501948.487999998, 319097.916299999]]}, "properties": {"edge_id": 262, "source_node": 228, "target_node": 229, "length_m": 927.3960400203371, "z_start": 984.0, "z_end": 991.0, "dz": -7.0, "slope": -0.007548015839971126, "direction_status": "FLOW_REVERSED_SUSPECTED", "confidence": "NEED_REVIEW", "qa_comment": "Altitude de fin superieure a altitude de debut; inversion potentielle a arbitrer.", "review_status": "TO_REVIEW", "direction_runtime": "SOURCE_TO_TARGET", "direction_mnt": "TARGET_TO_SOURCE_CANDIDATE", "mnt_source": "C:\\dev\\WQDSS\\data\\MNT SEBOU 30N 30M\\seboureproj", "review_decision": "", "reviewer": "", "review_comment": "", "needs_business_validation": true}}, {"type": "Feature", "geometry": {"type": "LineString", "crs": {"type": "name", "properties": {"name": "EPSG:26191"}}, "coordinates": [[453166.0013, 382337.903099999], [453150.767999999, 382336.516199999], [453100.619000003, 382337.957800001]]}, "properties": {"edge_id": 264, "source_node": 325, "target_node": 25, "length_m": 65.46602022224548, "z_start": 186.0, "z_end": 220.0, "dz": -34.0, "slope": -0.5193533971452069, "direction_status": "FLOW_REVERSED_SUSPECTED", "confidence": "NEED_REVIEW", "qa_comment": "Altitude de fin superieure a altitude de debut; inversion potentielle a arbitrer.", "review_status": "TO_REVIEW", "direction_runtime": "SOURCE_TO_TARGET", "direction_mnt": "TARGET_TO_SOURCE_CANDIDATE", "mnt_source": "C:\\dev\\WQDSS\\data\\MNT SEBOU 30N 30M\\seboureproj", "review_decision": "", "reviewer": "", "review_comment": "", "needs_business_validation": true}}, {"type": "Feature", "geometry": {"type": "LineString", "crs": {"type": "name", "properties": {"name": "EPSG:26191"}}, "coordinates": [[453275.990199998, 376612.7641], [453274.033200003, 376960.921], [453319.198899999, 378100.863400001], [453324.001599997, 378274.4212], [453385.167000003, 378629.160500001], [453445.441600002, 378798.491900001], [453549.245099999, 378955.782200001], [453780.119400002, 379167.684900001], [454169.912500002, 379461.657299999], [454365.285899997, 379713.1745], [454493.996399999, 380114.8737], [454510.967699997, 380351.448199999], [454476.454300001, 380596.138900001], [454421.932899997, 380797.534499999], [453833.7201, 382082.014600001], [453722.428999998, 382214.648899998], [453598.015900001, 382294.121599998], [453419.965099998, 382342.296599999], [453286.2848, 382348.854200002], [453166.0013, 382337.903099999]]}, "properties": {"edge_id": 265, "source_node": 295, "target_node": 325, "length_m": 6798.231285859153, "z_start": 115.0, "z_end": 186.0, "dz": -71.0, "slope": -0.010443892979588013, "direction_status": "FLOW_REVERSED_SUSPECTED", "confidence": "NEED_REVIEW", "qa_comment": "Altitude de fin superieure a altitude de debut; inversion potentielle a arbitrer.", "review_status": "TO_REVIEW", "direction_runtime": "SOURCE_TO_TARGET", "direction_mnt": "TARGET_TO_SOURCE_CANDIDATE", "mnt_source": "C:\\dev\\WQDSS\\data\\MNT SEBOU 30N 30M\\seboureproj", "review_decision": "", "reviewer": "", "review_comment": "", "needs_business_validation": true}}, {"type": "Feature", "geometry": {"type": "LineString", "crs": {"type": "name", "properties": {"name": "EPSG:26191"}}, "coordinates": [[545370.788199998, 388692.434300002], [545539.393100001, 388735.521000002], [545588.115599997, 388740.896899998], [545672.467799999, 388726.692499999], [545745.416299999, 388704.971700002], [545836.4727, 388706.979400001], [545941.612099998, 388711.849599998], [546022.499899998, 388718.1131], [546101.643700004, 388726.375999998], [546166.4472, 388752.690299999], [546192.452399999, 388778.042599998], [546188.362400003, 388805.601399999], [546180.322300002, 388831.5777], [546191.790700004, 388915.953600001], [546216.6329, 389020.110100001], [546240.054399997, 389089.573399998], [546255.543799996, 389160.5733], [546237.892300002, 389209.357900001], [546216.9635, 389281.757599998], [546216.3354, 389412.583099999], [546242.005599998, 389507.273800001], [546265.6303, 389534.1785], [546323.306500003, 389560.4597], [546353.143700004, 389586.407499999], [546384.608499996, 389628.719700001], [546429.796099998, 389658.3013], [546486.544399999, 389670.1965], [546545.003600001, 389658.258900002], [546596.791000001, 389671.616700001], [546650.4054, 389740.040800002], [546689.924599998, 389795.0013], [546728.266800001, 389826.314300001], [546777.423500001, 389832.1752], [546854.722900003, 389832.639899999], [546918.939900003, 389839.173599999], [546952.821699999, 389873.2159], [547000.240500003, 389889.215999998], [547091.166000001, 389915.6642], [547160.558700003, 389972.7357], [547176.300099999, 389992.518100001], [547169.885899998, 390008.244199999], [547146.017899998, 390031.769200001], [547112.7148, 390041.852499999], [547041.402199998, 390054.899300002], [546959.8134, 390062.385299999], [546851.976099998, 390071.008299999], [546812.884199999, 390156.226199999], [546800.871100001, 390185.3321], [546761.120999999, 390218.228799999], [546705.481700003, 390263.6679], [546623.7707, 390298.7346], [546570.7623, 390290.593699999], [546509.122699998, 390266.6538], [546457.788000002, 390240.401999999], [546431.806500003, 390211.123399999], [546383.1532, 390120.2689], [546355.557999998, 390096.493999999], [546329.435500003, 390096.368299998], [546311.943000004, 390110.467], [546284.150600001, 390127.665600002], [546272.165600002, 390151.249899998], [546268.011600003, 390192.204100002], [546262.2786, 390231.576000001], [546247.800499998, 390278.7903], [546247.648999996, 390310.315900002], [546264.711499996, 390383.6745], [546274.766599998, 390433.368700001], [546303.8565, 390476.057500001], [546357.473499998, 390520.450100001], [546400.801899999, 390565.569699999], [546428.483000003, 390571.2256], [546475.923699997, 390584.062800001], [546672.230499998, 390590.523899998], [546762.6633, 390553.9252], [546828.498899996, 390528.2414], [546860.305600002, 390499.242899999], [546899.915100001, 390493.137200002], [547035.081900001, 390474.310699999]]}, "properties": {"edge_id": 270, "source_node": 308, "target_node": 323, "length_m": 4999.999994415491, "z_start": 180.0, "z_end": 186.0, "dz": -6.0, "slope": -0.0012000000013402822, "direction_status": "FLOW_REVERSED_SUSPECTED", "confidence": "NEED_REVIEW", "qa_comment": "Altitude de fin superieure a altitude de debut; inversion potentielle a arbitrer.", "review_status": "TO_REVIEW", "direction_runtime": "SOURCE_TO_TARGET", "direction_mnt": "TARGET_TO_SOURCE_CANDIDATE", "mnt_source": "C:\\dev\\WQDSS\\data\\MNT SEBOU 30N 30M\\seboureproj", "review_decision": "", "reviewer": "", "review_comment": "", "needs_business_validation": true}}, {"type": "Feature", "geometry": {"type": "LineString", "crs": {"type": "name", "properties": {"name": "EPSG:26191"}}, "coordinates": [[547093.200300008, 393454.106700003], [547060.947400011, 393463.422699999], [546979.863300011, 393454.654100001], [546928.797600008, 393428.068000004], [546894.847500004, 393391.718400002], [546858.390299998, 393360.768200006], [546840.217000008, 393386.961200003], [546792.773600005, 393426.917700004], [546748.806400008, 393465.106000002], [546703.46100001, 393584.028400004], [546689.315200001, 393645.006000005], [546667.462200001, 393696.243100006], [546633.568900012, 393769.932999998], [546576.808200009, 393824.7051], [546507.928900003, 393851.540600006], [546455.8539, 393858.474800006], [546378.660499997, 393802.567600004], [546351.032900013, 393762.834800005], [546327.820200004, 393754.106700003], [546272.599700004, 393768.866900004], [546257.832800016, 393790.907799996], [546238.643700004, 393888.910900004], [546228.248300008, 393983.740499999], [546223.593600005, 394150.367300004], [546245.282200009, 394257.349700004], [546234.478600003, 394370.009000003], [546277.739299998, 394423.778000001], [546340.330900006, 394457.136399999], [546494.084200017, 394491.700300004], [546620.1774, 394518.447900001], [546664.274400011, 394562.674899995], [546696.734399997, 394601.423100002], [546723.783500008, 394620.883000005], [546725.46010001, 394681.9265], [546735.190200008, 394715.452199999], [546737.009800002, 394748.939600006], [546738.676399998, 394813.9197], [546665.234399997, 394862.799699999], [546534.682899997, 394967.715100005], [546504.009999998, 395064.830900002], [546495.795400009, 395127.8006], [546487.761600018, 395153.355800003], [546479.680300005, 395188.758200001], [546485.360900015, 395239.984900001], [546498.91300001, 395301.0858], [546516.505599998, 395344.496800009], [546532.163300008, 395380.013900004], [546541.191500008, 395421.409600005], [546546.705600001, 395590.769999996], [546513.262400009, 395633.923099998], [546459.281400002, 395669.103700004], [546394.37340001, 395674.301800005], [546336.74930001, 395644.8814], [546198.900100008, 395515.848600004], [546137.225100003, 395506.0935], [546056.40990001, 395529.337600004], [546015.012100011, 395580.327700004], [546000.705000006, 395593.655200001], [545975.190700002, 395635.273400005], [545978.228500001, 395661.281200003], [546006.5374, 395698.432700001], [545986.415300004, 395769.208299998], [545942.512200005, 395850.904199999], [545888.541999996, 395884.5134], [545840.560000002, 395990.609099999], [545830.419700004, 396126.016899999], [545788.257100008, 396173.855100002], [545703.529400006, 396187.624299999], [545632.402500011, 396171.539800003], [545600.215300009, 396132.921500009], [545579.686899997, 396108.291500002], [545480.057899997, 396093.636700008], [545445.175100014, 396109.229800001], [545397.384999998, 396175.939300004], [545381.234099999, 396244.384100001], [545378.4824, 396325.478500001], [545386.001400009, 396408.2071], [545377.906600013, 396447.547200006], [545380.127100006, 396479.051400002], [545364.153100014, 396512.055599999], [545365.246500008, 396614.437600002], [545397.926800005, 396731.140799999], [545373.949699998, 396782.2161], [545328.745600015, 396805.623300005], [545297.157100007, 396793.664400004], [545268.03010001, 396762.022400003], [545190.766600005, 396704.9593], [545169.043400004, 396611.939599998], [545233.053099997, 396461.037200008], [545192.3684, 396363.980600003], [545125.250100002, 396334.522700004], [545042.198799998, 396329.409500003], [544975.07980001, 396299.963800002], [544983.28360001, 396236.9925], [544953.6021, 396155.746500004], [544903.201500006, 396105.110100005], [544855.8006, 396089.131000005], [544737.23560001, 396062.596700005], [544612.170800008, 396073.826000005], [544574.027000003, 396109.090699997], [544565.851400003, 396166.539799996], [544517.961900018, 396256.097300004], [544514.242600016, 396376.565700002], [544499.891400002, 396400.130600005], [544470.505800001, 396423.615000006], [544341.364400007, 396462.397100005], [544298.494100012, 396493.704400003], [544268.218599998, 396538.443599999], [544364.094700009, 396680.640300002], [544334.601300001, 396727.756099999], [544205.462600008, 396764.954300005], [544162.820200011, 396749.011500001], [544155.111900002, 396703.2991], [544179.115200006, 396645.134800002], [544155.740800001, 396566.282100003], [544106.116400003, 396518.802800003], [544098.759800009, 396398.283399999], [544118.857500002, 396327.492600001], [544087.561899997, 396250.965799998], [544033.8728, 396227.088600002], [543887.736599997, 396347.704700004], [543802.156000011, 396375.659000006], [543756.325800009, 396362.853], [543687.662700005, 396325.524700001], [543637.811200008, 396325.2984], [543587.044100016, 396354.211000003], [543566.229000017, 396409.241800003], [543610.295199998, 396461.417199999], [543692.202699996, 396543.694600001], [543755.5163, 396540.833000004], [543779.155599996, 396562.198900003], [543838.996700004, 396625.469900005], [543822.864800006, 396692.331700005], [543742.580100007, 396774.659499999], [543721.112100005, 396780.381700002], [543655.448900007, 396797.884], [543578.7135, 396795.174000002], [543455.120600015, 396833.982100002], [543328.51030001, 396838.933499999], [543230.209200002, 396882.582400005], [543121.013100013, 396885.241700008], [543085.245500013, 396922.885000005], [542987.813000016, 396950.006200004], [542906.892499998, 396999.258600004], [542740.498199999, 397056.792399999], [542589.786899999, 397145.104900002], [542502.200400002, 397270.703699999], [542406.925400004, 397349.0288], [542311.919800006, 397364.357299998], [542280.623700015, 397285.474100005], [542249.188600004, 397238.0953], [542185.824800007, 397253.564100001], [542122.539499998, 397253.286800005], [542106.162100017, 397379.201300006], [542169.2487, 397426.729499999], [542153.0779, 397505.404200003], [542310.534400001, 397679.322600003], [542357.446100004, 397805.515500002], [542388.6012, 397915.881299999], [542483.045000002, 398026.537600003], [542704.25540001, 398090.505000003], [542878.218600012, 398107.025899999], [543052.322100006, 398092.056700002], [543226.638600007, 398029.8508], [543290.060600005, 397998.642100003], [543384.777400002, 398046.309700001], [543384.280199997, 398156.5361], [543398.745300002, 398455.8048], [543414.071699999, 398566.102800008], [543271.40200001, 398628.436700001], [543144.143000007, 398785.334800005], [543079.941600002, 398989.746900007], [543047.811300017, 399099.821000006], [543121.168500006, 399118.425600003]]}, "properties": {"edge_id": 272, "source_node": 324, "target_node": 244, "length_m": 15000.000014215982, "z_start": 167.0, "z_end": 172.0, "dz": -5.0, "slope": -0.0003333333330174226, "direction_status": "FLOW_REVERSED_SUSPECTED", "confidence": "NEED_REVIEW", "qa_comment": "Altitude de fin superieure a altitude de debut; inversion potentielle a arbitrer.", "review_status": "TO_REVIEW", "direction_runtime": "SOURCE_TO_TARGET", "direction_mnt": "TARGET_TO_SOURCE_CANDIDATE", "mnt_source": "C:\\dev\\WQDSS\\data\\MNT SEBOU 30N 30M\\seboureproj", "review_decision": "", "reviewer": "", "review_comment": "", "needs_business_validation": true}}, {"type": "Feature", "geometry": {"type": "LineString", "crs": {"type": "name", "properties": {"name": "EPSG:26191"}}, "coordinates": [[572603.174400002, 356270.584800001], [572483.579499997, 356214.4815], [572252.371799998, 356106.0383], [572212.291900002, 356058.503699999], [572147.342100002, 356047.518100001], [572127.586900003, 356103.3539], [572123.285700001, 356208.291999999], [572122.841700003, 356267.764800001], [572062.272699997, 356375.786800001], [571936.6668, 356485.054499999], [571816.8376, 356526.1532], [571771.549199998, 357057.465399999], [571468.729199998, 357391.786400002], [571143.144400001, 357577.624600001], [570630.233499996, 357520.072099999], [570387.675800003, 357437.636], [570053.1611, 357367.323100001], [569893.938600004, 357386.8266], [569796.710500002, 357441.197799999], [569698.788199998, 357591.9311], [569732.1822, 357757.383900002], [569870.001000002, 357827.2256], [570077.329499997, 357849.373599999], [570201.267700002, 357925.993900001], [570324.251599997, 358133.403700002], [570324.292400002, 358133.5951]]}, "properties": {"edge_id": 278, "source_node": 253, "target_node": 259, "length_m": 4999.999994522535, "z_start": 648.0, "z_end": 697.0, "dz": -49.0, "slope": -0.00980000001073583, "direction_status": "FLOW_REVERSED_SUSPECTED", "confidence": "NEED_REVIEW", "qa_comment": "Altitude de fin superieure a altitude de debut; inversion potentielle a arbitrer.", "review_status": "TO_REVIEW", "direction_runtime": "SOURCE_TO_TARGET", "direction_mnt": "TARGET_TO_SOURCE_CANDIDATE", "mnt_source": "C:\\dev\\WQDSS\\data\\MNT SEBOU 30N 30M\\seboureproj", "review_decision": "", "reviewer": "", "review_comment": "", "needs_business_validation": true}}, {"type": "Feature", "geometry": {"type": "LineString", "crs": {"type": "name", "properties": {"name": "EPSG:26191"}}, "coordinates": [[574316.832699999, 354713.715], [574371.992299996, 354767.923799999], [574427.731299996, 354834.836599998], [574476.334899999, 354915.698899999], [574521.5277, 354982.531], [574521.055299997, 355043.777399998], [574293.791299999, 355106.7588], [574166.764799997, 355165.27], [574124.175499998, 355217.433699999], [574134.004100002, 355311.9899], [574147.5559, 355378.577599999], [574138.237800002, 355446.741700001], [574128.754500002, 355537.6571], [574096.174199998, 355659.874200001], [574077.937700003, 355745.466899998], [573992.819200002, 355842.7883], [573924.910300002, 355987.4771], [573819.870200001, 356161.6206], [573750.390199996, 356283.5572], [573681.4098, 356339.0143], [573514.322800003, 356353.486299999], [573459.245099999, 356430.040399998], [573321.428599998, 356525.2152], [573246.805, 356629.608399998], [573182.638099998, 356748.0856], [573155.817299999, 356807.3587], [573167.0678, 356947.386100002], [573168.309600003, 357015.620299999], [573088.464599997, 357114.730599999], [572957.686499998, 357209.9529], [572806.028700002, 357277.033399999], [572777.989600003, 357266.321699999], [572709.838200003, 357213.328699999], [572620.338600002, 357195.169599999], [572510.096000001, 357131.361200001], [572518.408, 356959.9914], [572593.537799999, 356785.619800001], [572682.019500002, 356705.8193], [572793.4089, 356619.184500001], [572850.295699999, 356533.891800001], [572873.4661, 356492.076200001], [572844.259599999, 356402.6417], [572714.781900004, 356322.941199999], [572603.174400002, 356270.584800001]]}, "properties": {"edge_id": 279, "source_node": 252, "target_node": 253, "length_m": 4999.999960676759, "z_start": 620.0, "z_end": 648.0, "dz": -28.0, "slope": -0.00560000004404203, "direction_status": "FLOW_REVERSED_SUSPECTED", "confidence": "NEED_REVIEW", "qa_comment": "Altitude de fin superieure a altitude de debut; inversion potentielle a arbitrer.", "review_status": "TO_REVIEW", "direction_runtime": "SOURCE_TO_TARGET", "direction_mnt": "TARGET_TO_SOURCE_CANDIDATE", "mnt_source": "C:\\dev\\WQDSS\\data\\MNT SEBOU 30N 30M\\seboureproj", "review_decision": "", "reviewer": "", "review_comment": "", "needs_business_validation": true}}, {"type": "Feature", "geometry": {"type": "LineString", "crs": {"type": "name", "properties": {"name": "EPSG:26191"}}, "coordinates": [[512930.8759, 437124.421300001], [512836.4793, 437511.6417], [512755.092799999, 437580.132199999], [512557.054399997, 437665.1844], [512509.155100003, 437803.207800001], [512512.910499997, 437935.564599998], [512580.206699997, 438514.517499998], [512662.131899998, 438704.985399999], [513015.810099997, 438877.141800001], [513551.178199999, 439066.059599999], [513723.989100002, 439395.5962], [513707.680600002, 439787.5634], [513604.381099999, 440110.496599998], [513628.026500002, 440414.6228], [513783.378899999, 441609.558600001], [513875.504199997, 441809.378600001]]}, "properties": {"edge_id": 293, "source_node": 310, "target_node": 346, "length_m": 5583.763807701203, "z_start": 78.0, "z_end": 86.0, "dz": -8.0, "slope": -0.001432725357932635, "direction_status": "FLOW_REVERSED_SUSPECTED", "confidence": "NEED_REVIEW", "qa_comment": "Altitude de fin superieure a altitude de debut; inversion potentielle a arbitrer.", "review_status": "TO_REVIEW", "direction_runtime": "SOURCE_TO_TARGET", "direction_mnt": "TARGET_TO_SOURCE_CANDIDATE", "mnt_source": "C:\\dev\\WQDSS\\data\\MNT SEBOU 30N 30M\\seboureproj", "review_decision": "", "reviewer": "", "review_comment": "", "needs_business_validation": true}}, {"type": "Feature", "geometry": {"type": "LineString", "crs": {"type": "name", "properties": {"name": "EPSG:26191"}}, "coordinates": [[575811.167100012, 445595.826900002], [575810.675700001, 445607.460500002], [575772.977400005, 445756.205200005], [575801.870000005, 445884.3473], [575904.136299998, 446439.571200002], [576312.723700002, 447516.135700002], [576144.593200006, 447875.157500003], [576144.593200003, 447875.157500003]]}, "properties": {"edge_id": 298, "source_node": 353, "target_node": 354, "length_m": 2408.946235008593, "z_start": 371.0, "z_end": 381.0, "dz": -10.0, "slope": -0.004151192689430999, "direction_status": "FLOW_REVERSED_SUSPECTED", "confidence": "NEED_REVIEW", "qa_comment": "Altitude de fin superieure a altitude de debut; inversion potentielle a arbitrer.", "review_status": "TO_REVIEW", "direction_runtime": "SOURCE_TO_TARGET", "direction_mnt": "TARGET_TO_SOURCE_CANDIDATE", "mnt_source": "C:\\dev\\WQDSS\\data\\MNT SEBOU 30N 30M\\seboureproj", "review_decision": "", "reviewer": "", "review_comment": "", "needs_business_validation": true}}, {"type": "Feature", "geometry": {"type": "LineString", "crs": {"type": "name", "properties": {"name": "EPSG:26191"}}, "coordinates": [[576144.593200003, 447875.157500003], [575813.698199995, 447919.538400002], [575594.011900008, 448057.738800004], [575458.038400009, 448432.754000004], [575228.099100009, 448889.528700002], [575067.176000006, 449241.2773], [575178.533800006, 449644.652700007], [575443.838100009, 449887.582500003], [575536.738600001, 450208.338100005], [575466.782700002, 450435.431000002], [575400.544300005, 450537.184100006], [575404.556700014, 450551.129999999], [575450.965100005, 450712.439800005], [575518.105899997, 450841.638900001], [575555.413100012, 450950.807700001], [575617.56790001, 451020.5823], [575666.534600005, 451034.1664], [575724.175999999, 450985.134399999], [575724.698299997, 450919.154100001], [575741.316800006, 450886.293499999], [575743.091100007, 450885.320900001]]}, "properties": {"edge_id": 299, "source_node": 354, "target_node": 355, "length_m": 4129.763515163741, "z_start": 381.0, "z_end": 385.0, "dz": -4.0, "slope": -0.0009685784634671517, "direction_status": "FLOW_REVERSED_SUSPECTED", "confidence": "NEED_REVIEW", "qa_comment": "Altitude de fin superieure a altitude de debut; inversion potentielle a arbitrer.", "review_status": "TO_REVIEW", "direction_runtime": "SOURCE_TO_TARGET", "direction_mnt": "TARGET_TO_SOURCE_CANDIDATE", "mnt_source": "C:\\dev\\WQDSS\\data\\MNT SEBOU 30N 30M\\seboureproj", "review_decision": "", "reviewer": "", "review_comment": "", "needs_business_validation": true}}, {"type": "Feature", "geometry": {"type": "LineString", "crs": {"type": "name", "properties": {"name": "EPSG:26191"}}, "coordinates": [[513875.504199997, 441809.378600001], [513876.841499999, 441812.279199999], [513909.205200002, 442029.785799999], [513832.607100002, 442608.817600001], [513640.153800003, 442954.231199998], [513167.396300003, 443204.360199999], [512886.899800003, 443373.734700002], [512787.079499997, 443565.507100001], [512646.339400001, 443864.870499998], [512661.932899997, 444058.960700002], [512791.509400003, 444218.075599998], [512992.668799996, 444316.9177], [513518.813199997, 444476.722399998], [513795.365900002, 444521.7718], [514298.729099996, 444835.949000001], [514770.840300001, 444977.707400002], [515033.819499999, 444941.770599999]]}, "properties": {"edge_id": 317, "source_node": 346, "target_node": 377, "length_m": 5417.937342347949, "z_start": 86.0, "z_end": 99.0, "dz": -13.0, "slope": -0.0023994371249716675, "direction_status": "FLOW_REVERSED_SUSPECTED", "confidence": "NEED_REVIEW", "qa_comment": "Altitude de fin superieure a altitude de debut; inversion potentielle a arbitrer.", "review_status": "TO_REVIEW", "direction_runtime": "SOURCE_TO_TARGET", "direction_mnt": "TARGET_TO_SOURCE_CANDIDATE", "mnt_source": "C:\\dev\\WQDSS\\data\\MNT SEBOU 30N 30M\\seboureproj", "review_decision": "", "reviewer": "", "review_comment": "", "needs_business_validation": true}}, {"type": "Feature", "geometry": {"type": "LineString", "crs": {"type": "name", "properties": {"name": "EPSG:26191"}}, "coordinates": [[515033.819499999, 444941.770599999], [515337.744800001, 444900.247699998], [515968.336800002, 444399.781599998], [516567.596000001, 443852.253400002], [517307.977799997, 443665.4835], [517652.510200001, 443783.0845], [518024.3332, 443875.460499998], [518292.906599998, 443855.872000001], [518561.7804, 444017.894400001], [518571.8895, 444023.490200002]]}, "properties": {"edge_id": 318, "source_node": 377, "target_node": 378, "length_m": 4029.0402722306967, "z_start": 99.0, "z_end": 151.0, "dz": -52.0, "slope": -0.012906299388069893, "direction_status": "FLOW_REVERSED_SUSPECTED", "confidence": "NEED_REVIEW", "qa_comment": "Altitude de fin superieure a altitude de debut; inversion potentielle a arbitrer.", "review_status": "TO_REVIEW", "direction_runtime": "SOURCE_TO_TARGET", "direction_mnt": "TARGET_TO_SOURCE_CANDIDATE", "mnt_source": "C:\\dev\\WQDSS\\data\\MNT SEBOU 30N 30M\\seboureproj", "review_decision": "", "reviewer": "", "review_comment": "", "needs_business_validation": true}}, {"type": "Feature", "geometry": {"type": "LineString", "crs": {"type": "name", "properties": {"name": "EPSG:26191"}}, "coordinates": [[533276.683799997, 382675.0394], [533297.207900003, 382683.4199], [533340.091300003, 382700.921999998], [533422.8825, 382702.062800001], [533471.890500002, 382699.627099998], [533552.6888, 382697.8345], [533612.0792, 382709.451900002], [533919.426600002, 382766.5715], [534252.2777, 382833.649599999], [534646.075800002, 382911.326099999], [534694.5343, 382917.732299998], [534781.992600001, 382942.420699999], [534897.111599997, 382968.274599999], [535100.271200001, 383005.339400001], [535253.164800003, 383035.393800002], [535417.486299999, 383067.688200001], [535546.115999997, 383093.588399999], [535617.440099999, 383121.873100001], [535702.210000001, 383170.955200002], [535910.804799996, 383283.294500001], [536056.443000004, 383365.795499999], [536194.784599997, 383448.7925], [536244.163999997, 383484.240400001], [536372.400200002, 383619.640799999], [536481.911899999, 383740.922499999], [536571.273699999, 383822.708500002], [536618.514799997, 383832.180300001], [536701.845600002, 383861.095400002], [536716.972900003, 383902.5253], [536834.162199996, 384029.528999999], [536881.306299999, 384066.4355], [537134.720299996, 384156.141600002], [537277.500299998, 384210.2742], [537308.801100001, 384219.177700002], [537555.269500002, 384270.212499998], [537601.209100001, 384172.533100002], [537612.196000002, 384164.581], [537653.671099998, 384165.619100001], [537700.524800003, 384146.031], [537711.493600003, 384147.460099999], [537749.487099998, 384153.696600001], [537780.895000003, 384157.296500001]]}, "properties": {"edge_id": 329, "source_node": 136, "target_node": 388, "length_m": 4999.999907841691, "z_start": 380.0, "z_end": 387.0, "dz": -7.0, "slope": -0.001400000025804327, "direction_status": "FLOW_REVERSED_SUSPECTED", "confidence": "NEED_REVIEW", "qa_comment": "Altitude de fin superieure a altitude de debut; inversion potentielle a arbitrer.", "review_status": "TO_REVIEW", "direction_runtime": "SOURCE_TO_TARGET", "direction_mnt": "TARGET_TO_SOURCE_CANDIDATE", "mnt_source": "C:\\dev\\WQDSS\\data\\MNT SEBOU 30N 30M\\seboureproj", "review_decision": "", "reviewer": "", "review_comment": "", "needs_business_validation": true}}, {"type": "Feature", "geometry": {"type": "LineString", "crs": {"type": "name", "properties": {"name": "EPSG:26191"}}, "coordinates": [[593863.587899998, 316745.855500001], [593852.921700001, 316742.481600001], [593823.189199999, 316769.091400001], [593792.7478, 316783.465300001], [593721.421700001, 316792.5548], [593658.353399999, 316793.575399999], [593538.023500003, 316789.154599998], [593437.396700002, 316779.226300001], [593410.172600001, 316799.342300002], [593376.9252, 316850.366900001], [593367.440499999, 316899.990499999], [593375.228699997, 316941.620200001], [593394.469999999, 316985.0011], [593423.682599999, 317012.179900002], [593458.164999999, 317002.733199999], [593524.605599999, 316991.144499999], [593538.496799998, 316994.5381], [593607.7764, 317027.8138], [593649.070600003, 317076.286499999], [593715.2038, 317096.494100001], [593761.988600001, 317085.537599999], [593805.358800001, 317088.3961], [593839.557499997, 317108.284699999], [593854.595200002, 317162.225200001], [593872.2205, 317202.320799999], [593924.4617, 317219.124699999], [593943.189999998, 317230.7148], [593978.008299999, 317270.9881], [593974.435400002, 317301.1107], [593931.379000001, 317350.408599999], [593877.5634, 317411.820599999], [593804.429499999, 317522.761], [593758.277000003, 317554.090599999], [593705.5255, 317590.257199999], [593664.398599997, 317609.417800002], [593679.609700002, 317645.420699999], [593698.988399997, 317673.314800002], [593722.2135, 317727.323199999], [593730.738399997, 317777.1206], [593727.883400001, 317818.647799998], [593723.383400001, 317860.170200001], [593674.502499998, 317919.180799998], [593637.373000003, 317948.979400001], [593575.163099997, 318032.309099998], [593558.104599997, 318103.047200002], [593480.983599998, 318203.341200002], [593365.391000003, 318219.346299998], [593291.621100001, 318227.594900001], [593279.9419, 318249.490600001], [593275.484800004, 318287.742899999], [593321.099100001, 318311.819699999], [593370.166199997, 318317.990800001], [593422.568599999, 318318.495499998], [593507.630999997, 318327.464400001], [593503.0066, 318382.0132], [593485.555699997, 318408.7425], [593445.305399999, 318422.202500001], [593378.198100001, 318419.116900001], [593278.680200003, 318380.6734], [593216.762599997, 318349.111499999], [593158.084399998, 318320.8407], [593111.509599999, 318310.614500001], [593073.013700001, 318312.6952], [593057.418399997, 318316.614599999], [593011.129900001, 318361.805500001], [592992.151600003, 318462.661200002], [593009.551299997, 318526.390999999], [593014.706600003, 318586.743700001], [593069.115000002, 318633.710099999], [593106.228699997, 318690.2896], [593115.260600001, 318739.7698], [593124.116400003, 318788.239399999], [593115.468199998, 318836.230500001], [593071.495800003, 318896.921100002], [593065.4745, 318927.829999998], [593086.394100003, 318965.5055], [593147.607799999, 318984.8418], [593219.579800002, 318992.862100001], [593288.295000002, 318998.412300002], [593373.337499998, 319009.8191], [593469.001999997, 319022.149500001], [593571.807099998, 319058.1765], [593595.3046, 319083.671100002], [593622.774099998, 319122.2315], [593626.666000001, 319142.636300001], [593606.852899998, 319202.273899998]]}, "properties": {"edge_id": 339, "source_node": 338, "target_node": 397, "length_m": 5000.000009302192, "z_start": 1315.0, "z_end": 1337.0, "dz": -22.0, "slope": -0.004399999991814071, "direction_status": "FLOW_REVERSED_SUSPECTED", "confidence": "NEED_REVIEW", "qa_comment": "Altitude de fin superieure a altitude de debut; inversion potentielle a arbitrer.", "review_status": "TO_REVIEW", "direction_runtime": "SOURCE_TO_TARGET", "direction_mnt": "TARGET_TO_SOURCE_CANDIDATE", "mnt_source": "C:\\dev\\WQDSS\\data\\MNT SEBOU 30N 30M\\seboureproj", "review_decision": "", "reviewer": "", "review_comment": "", "needs_business_validation": true}}, {"type": "Feature", "geometry": {"type": "LineString", "crs": {"type": "name", "properties": {"name": "EPSG:26191"}}, "coordinates": [[490142.862300001, 416535.127599999], [490055.312200002, 416748.058499999], [489524.388599999, 417133.485300001], [489225.189300001, 417148.843699999], [489141.654200003, 417273.037], [489147.817900002, 417322.747299999], [489101.862000003, 417393.222100001], [488957.579400003, 417509.678800002], [489008.379299998, 417582.2612], [489087.7804, 417636.290800002], [489114.1351, 417898.7108], [489079.566399999, 418048.135299999], [488939.314999998, 418102.416200001], [488307.401600003, 418111.316500001], [487968.408, 417904.337200001], [487427.335699998, 417527.7861], [487049.752300002, 417319.8035], [486875.0101, 416796.085299998], [486834.507600002, 416754.719], [486746.153700002, 416713.4078], [486611.742899999, 416769.9232]]}, "properties": {"edge_id": 365, "source_node": 137, "target_node": 138, "length_m": 5380.125338999306, "z_start": 40.0, "z_end": 45.0, "dz": -5.0, "slope": -0.0009293463785603908, "direction_status": "FLOW_REVERSED_SUSPECTED", "confidence": "NEED_REVIEW", "qa_comment": "Altitude de fin superieure a altitude de debut; inversion potentielle a arbitrer.", "review_status": "TO_REVIEW", "direction_runtime": "SOURCE_TO_TARGET", "direction_mnt": "TARGET_TO_SOURCE_CANDIDATE", "mnt_source": "C:\\dev\\WQDSS\\data\\MNT SEBOU 30N 30M\\seboureproj", "review_decision": "", "reviewer": "", "review_comment": "", "needs_business_validation": true}}, {"type": "Feature", "geometry": {"type": "LineString", "crs": {"type": "name", "properties": {"name": "EPSG:26191"}}, "coordinates": [[566638.700000003, 370213.359700009], [566537.057300001, 370241.576699998], [566462.454500012, 370260.112300005], [566422.511300005, 370299.323199999], [566357.796700008, 370351.880500004], [566341.481299996, 370392.307600003], [566305.999900013, 370481.824700005], [566288.620800011, 370515.702400006], [566261.868500009, 370540.2458], [566178.422200009, 370568.303300004], [566140.181100011, 370615.754700005], [566141.5744, 370668.689399995], [566122.75280001, 370741.877200004], [566089.375, 370779.815000005], [565999.352200009, 370814.337900005], [565872.6734, 370856.850000002], [565853.967500001, 370916.156400003], [565837.760600001, 370934.375000004], [565792.262999996, 370952.604399998], [565722.978600003, 370951.267200004], [565646.359400012, 370977.845600005], [565619.736600004, 371008.246400002], [565597.157600015, 371059.7207], [565587.161300004, 371184.142999999], [565584.967599995, 371264.807800006], [565611.612100005, 371304.464000002], [565642.920999996, 371314.656599998], [565712.185500011, 371319.896299999], [565775.226200007, 371355.465400007], [565813.201800011, 371388.213700008], [565826.518100008, 371433.201900005], [565855.917399995, 371490.164500002], [565895.827100009, 371504.841000002], [565953.317500003, 371561.142099999], [565996.685100004, 371621.482900005], [566033.594200015, 371646.407499999], [566041.914400004, 371674.429600008], [565990.413400009, 371738.456900001], [565965.063600004, 371811.234700006], [565966.11990001, 371929.744700003], [565961.144599996, 372035.605799999], [565904.246500008, 372170.3081], [565832.723500006, 372269.383299999], [565799.666400008, 372375.041900001], [565721.333899997, 372460.721000005], [565603.029400006, 372505.001400005], [565571.012200005, 372581.870999999], [565523.090300009, 372696.9879], [565466.695800006, 372779.380800005], [565386.935100004, 372827.218900003], [565300.0832, 372875.663800005], [565253.8336, 372928.697700005], [565207.8763, 373045.1712], [565190.133200005, 373151.900400005], [565197.921900004, 373258.680300008], [565154.319800004, 373334.6193], [565045.8517, 373402.114799995], [564951.208700001, 373517.651600003], [564811.058800004, 373552.2031], [564673.68599999, 373503.489100006], [564582.514300011, 373515.230500001], [564556.731300011, 373518.550900005], [564471.997699991, 373507.416600004], [564378.742800005, 373432.844099995], [564316.623099998, 373464.131700002], [564223.416000016, 373550.012200005], [564122.922200002, 373596.647100002], [563970.493199997, 373641.4082], [563827.130199999, 373776.925000004], [563682.275500007, 373891.277100004], [563510.509700008, 373952.129200008], [563318.99710001, 373990.9881], [563189.179300003, 374093.504000001], [563099.959899999, 374214.905000001], [562940.21320001, 374300.129900005], [562901.167200014, 374423.2575], [562807.647100009, 374556.298400007], [562665.849900007, 374614.732900001], [562453.094200008, 374680.748800002], [562216.77480001, 374783.597700004], [562126.204200007, 374903.9679], [562121.673800014, 375032.089400001], [562155.122900009, 375348.119200002], [562092.64980001, 375445.950500004], [561958.432900004, 375506.340500005], [561856.717600003, 375555.331], [561752.7196, 375549.807500001], [561389.18020001, 375530.930400003], [561038.156100005, 375579.398699995], [560845.569300003, 375760.123], [560819.3552, 375815.775600001]]}, "properties": {"edge_id": 374, "source_node": 371, "target_node": 84, "length_m": 9999.999953242283, "z_start": 419.0, "z_end": 458.0, "dz": -39.0, "slope": -0.0039000000182355097, "direction_status": "FLOW_REVERSED_SUSPECTED", "confidence": "NEED_REVIEW", "qa_comment": "Altitude de fin superieure a altitude de debut; inversion potentielle a arbitrer.", "review_status": "TO_REVIEW", "direction_runtime": "SOURCE_TO_TARGET", "direction_mnt": "TARGET_TO_SOURCE_CANDIDATE", "mnt_source": "C:\\dev\\WQDSS\\data\\MNT SEBOU 30N 30M\\seboureproj", "review_decision": "", "reviewer": "", "review_comment": "", "needs_business_validation": true}}, {"type": "Feature", "geometry": {"type": "LineString", "crs": {"type": "name", "properties": {"name": "EPSG:26191"}}, "coordinates": [[560339.945699997, 317861.061099999], [560344.207200006, 317960.736299999], [560299.229700006, 318039.4285], [560250.356900006, 318146.878400002], [560204.90330001, 318182.761700004], [560208.148500003, 318257.3191], [560198.342200011, 318284.565300003], [560171.428599998, 318319.0781], [560158.659800015, 318464.392700002], [560134.605999999, 318517.383100003], [560138.87870001, 318546.191200003], [560180.720300004, 318614.347000003], [560227.393700011, 318740.828100003], [560256.0779, 318778.646400001], [560283.417300001, 318793.573000003], [560318.594099998, 318860.213500001], [560320.488600001, 318920.150100004], [560323.248700008, 318938.050500006], [560327.485800013, 318950.061800003], [560335.555299997, 318962.928500004], [560357.850900009, 318984.897400003], [560398.547999993, 319013.932500001], [560425.328400008, 319034.931600001], [560444.466899998, 319056.459800001], [560467.700600006, 319087.359700002], [560502.794500008, 319162.426500004], [560538.634000011, 319250.458700005], [560552.773200005, 319301.646699995], [560555.659900002, 319318.527900003], [560562.53580001, 319334.946300004], [560575.9005, 319349.420600004], [560592.786899999, 319359.448899999], [560646.970500007, 319384.5891], [560662.366899997, 319393.6215], [560670.766600005, 319404.084700003], [560683.508199997, 319439.387600008], [560685.375500016, 319460.242700003], [560678.74710001, 319483.018200003], [560678.68190001, 319493.4395], [560681.611700006, 319503.380599998], [560692.021499999, 319513.357500009], [560711.3882, 319524.8983], [560729.748300008, 319538.406300001], [560747.556900002, 319559.849100001], [560765.154200003, 319586.823000003], [560777.452600017, 319612.6994], [560788.983500011, 319630.555200007], [560800.387100011, 319640.549500003], [560825.220000006, 319654.597100001], [560853.861900002, 319670.221000001], [560864.978000008, 319674.193300001], [560876.428199999, 319675.252], [560889.209800005, 319675.908700004], [560903.178100005, 319674.011899997], [560947.02170001, 319677.757599998], [560958.131500013, 319682.716800004], [560972.539300017, 319690.7456], [560981.932500005, 319702.701000005], [560990.132600009, 319718.207700003], [561008.428700008, 319769.843899999], [561010.985700011, 319776.944499999], [561020.183800004, 319802.169800002], [561033.992799997, 319825.572599996], [561048.375300012, 319837.559400003], [561067.264200017, 319845.128800001], [561081.538400002, 319846.283], [561105.4793, 319843.950399999], [561132.64540001, 319832.635499999], [561154.202700004, 319813.424700003], [561176.624100007, 319786.857700001], [561190.392900005, 319765.036800005], [561204.845600009, 319737.920600001], [561212.038099997, 319731.934700001], [561223.516400009, 319728.537000008], [561241.808100008, 319724.761000004], [561263.789200008, 319717.9483], [561287.942000017, 319710.096200004], [561326.258199997, 319691.557099998], [561381.796500012, 319659.168800008], [561419.277000003, 319643.529599998], [561442.249500006, 319637.222500004], [561477.189700007, 319629.505700003], [561573.523999996, 319608.297900002], [561583.175600007, 319607.283700004], [561597.122000016, 319608.869000003], [561604.5735, 319613.373300001], [561614.483499989, 319622.860200003], [561626.31570001, 319642.781000003], [561638.9679, 319663.771400005], [561648.038600005, 319676.6567], [561659.943100013, 319685.169599999], [561697.761600003, 319695.332899999], [561717.177400015, 319698.9267], [561749.399899997, 319699.2095], [561772.495600008, 319704.212699998], [561784.406200007, 319713.213500004], [561793.29020001, 319726.175400004], [561804.086400017, 319754.028100003], [561814.258000001, 319769.071400002], [561828.156900004, 319778.085000005], [561849.001900002, 319792.109900009], [561869.537499994, 319808.017600004], [561890.571400016, 319839.006900005], [561914.167300001, 319890.756200004], [561935.500299998, 319937.424400002], [561945.614500001, 319961.392499998], [561954.488400005, 319977.3257], [561967.0867, 319986.242500003], [561983.2984, 319992.399600003], [562009.122900002, 320006.445599999], [562021.982600011, 320022.404400002], [562037.751500003, 320051.275900003], [562058.37340001, 320100.024200004], [562076.028800003, 320144.784499999], [562091.82280001, 320169.687100004], [562112.622000009, 320190.663800001], [562153.328100003, 320216.712999996], [562205.009900011, 320240.859200001], [562247.7738, 320256.012400005], [562270.627499998, 320268.066500004], [562286.468800016, 320284.044800002], [562300.006099999, 320302.879799999], [562307.133600004, 320325.842400003], [562311.163100004, 320428.954900008], [562312.010600001, 320451.777400002], [562315.900700003, 320466.681100003], [562328.081000008, 320479.7533], [562353.910000011, 320492.824600007], [562385.722200006, 320505.923400007], [562429.443300001, 320528.024000004], [562464.183000006, 320551.075800002], [562477.009300008, 320571.990900002], [562484.49220001, 320601.696800005], [562492.2654, 320632.502200004], [562508.076700002, 320654.434300002], [562522.263800003, 320664.548400003], [562540.191200003, 320666.648600005], [562557.105299994, 320671.713599995], [562573.684200004, 320682.630399998], [562590.8948, 320687.8083], [562605.553200006, 320686.805300001], [562615.560400002, 320680.916200004], [562632.918399997, 320663.278100003], [562642.661100015, 320652.320500001], [562661.620999999, 320648.473900002], [562696.532799996, 320644.741600003], [562740.393799998, 320645.025300004], [562782.231700011, 320649.2542], [562808.120399997, 320654.388799999], [562826.0348, 320658.474000003], [562852.956100002, 320657.650699999], [562866.949199997, 320651.787700005], [562880.9551, 320643.951300003], [562892.937900007, 320640.059900001], [562912.4617, 320644.511500005]]}, "properties": {"edge_id": 388, "source_node": 368, "target_node": 370, "length_m": 5000.000017251583, "z_start": 1449.0, "z_end": 1504.0, "dz": -55.0, "slope": -0.010999999962046517, "direction_status": "FLOW_REVERSED_SUSPECTED", "confidence": "NEED_REVIEW", "qa_comment": "Altitude de fin superieure a altitude de debut; inversion potentielle a arbitrer.", "review_status": "TO_REVIEW", "direction_runtime": "SOURCE_TO_TARGET", "direction_mnt": "TARGET_TO_SOURCE_CANDIDATE", "mnt_source": "C:\\dev\\WQDSS\\data\\MNT SEBOU 30N 30M\\seboureproj", "review_decision": "", "reviewer": "", "review_comment": "", "needs_business_validation": true}}, {"type": "Feature", "geometry": {"type": "LineString", "crs": {"type": "name", "properties": {"name": "EPSG:26191"}}, "coordinates": [[568561.056644166, 410333.736347876], [568535.321044171, 410356.711447875], [568473.454744169, 410451.028747875], [568442.067644166, 410561.944447874], [568421.047944167, 410657.030147876], [568365.564944172, 410753.689447875], [568304.932144167, 410816.219847876], [568215.799944171, 410863.675447877], [568126.465544166, 410815.218247875], [568071.619544172, 410758.921347874], [568058.597044172, 410636.565647877], [568084.442244166, 410530.278547875], [568083.188444169, 410430.575747877], [568082.815944167, 410401.315947875], [568109.848344171, 410297.776747874], [568120.598844172, 410257.671647876], [568135.518744172, 410202.047047875], [568166.358344169, 410140.701647877], [568179.631244169, 410066.899047877], [568199.929344171, 410026.595547877], [568244.364044169, 409938.330347876], [568258.463644171, 409898.570847876], [568287.023944171, 409860.256147876], [568325.817944171, 409818.465247876], [568345.104244167, 409761.396947875], [568374.549644166, 409650.567247874], [568392.64314417, 409536.163347877], [568355.42044417, 409428.097747877], [568356.334144169, 409181.970547877], [568382.424344169, 409091.401847876], [568417.684744166, 409031.785947877], [568491.672544168, 408962.331647876], [568568.212944166, 408905.572647876], [568609.449344167, 408879.582447875], [568630.987644167, 408866.017247877], [568692.774444172, 408833.364547874], [568711.684244172, 408774.176347877], [568712.282944167, 408707.193547878], [568694.196144173, 408642.284147877], [568665.740744168, 408596.930947877], [568609.520444171, 408528.045047875], [568551.572544167, 408490.821747876], [568503.390344167, 408493.938247877], [568387.54504417, 408528.569347876], [568266.331644172, 408527.152647875], [568083.951844172, 408607.218747876], [567959.957544172, 408632.037647876], [567859.291844168, 408681.810247875], [567784.606544168, 408748.702447876], [567677.21314417, 408888.640247877], [567607.192544171, 408977.259947877], [567573.62424417, 409007.733647875], [567529.731744172, 409025.713247876], [567481.173444168, 409038.248147874], [567432.188644172, 409034.188847876], [567389.047544168, 409023.860247876], [567347.377944166, 408999.301847874], [567320.615844169, 408963.801747876], [567295.000444168, 408917.030747875], [567268.869644167, 408843.916147876], [567254.704644168, 408744.789347875], [567254.970344173, 408629.260847877], [567266.795344168, 408601.107047878], [567286.474344166, 408554.240447874]]}, "properties": {"edge_id": 396, "source_node": 456, "target_node": 455, "length_m": 5280.390491410297, "z_start": 212.0, "z_end": 218.0, "dz": -6.0, "slope": -0.0011362796008666982, "direction_status": "FLOW_REVERSED_SUSPECTED", "confidence": "NEED_REVIEW", "qa_comment": "Altitude de fin superieure a altitude de debut; inversion potentielle a arbitrer.", "review_status": "TO_REVIEW", "direction_runtime": "SOURCE_TO_TARGET", "direction_mnt": "TARGET_TO_SOURCE_CANDIDATE", "mnt_source": "C:\\dev\\WQDSS\\data\\MNT SEBOU 30N 30M\\seboureproj", "review_decision": "", "reviewer": "", "review_comment": "", "needs_business_validation": true}}, {"type": "Feature", "geometry": {"type": "LineString", "crs": {"type": "name", "properties": {"name": "EPSG:26191"}}, "coordinates": [[551263.937299997, 480648.286699999], [551284.851599999, 480630.9725], [551367.821400002, 480669.870900001], [551447.055399999, 480730.405299999], [551481.360399999, 480731.566799998], [551563.044699997, 480644.576299999], [551638.663999997, 480621.555], [551672.990699999, 480645.748300001], [551668.7324, 480708.184500001], [551740.653399996, 480822.742800001], [551804.849799998, 480915.804000001], [551896.1307, 480895.809700001], [551964.824500002, 480882.515999999], [552009.3411, 480988.151799999], [551987.712800004, 481179.2949], [551971.2469, 481323.6162], [552005.523100004, 481329.660700001], [552086.447099999, 481229.601500001], [552166.0414, 481195.8781], [552211.871799998, 481224.429900002], [552219.775700003, 481229.354499999], [552269.131700002, 481344.770100001], [552364.3138, 481507.2654], [552406.133199997, 481567.014699999], [552418.427900001, 481649.056400001], [552519.932599999, 481702.688900001], [552599.165399998, 481732.403000001], [552666.5075, 481812.396899998], [552769.040700004, 481856.286200002], [552816.440099999, 481820.0491], [552823.663500004, 481754.722899999], [552903.181900002, 481732.7205], [553007.131999999, 481725.487500001], [553041.704599999, 481677.864399999], [553040.9749, 481607.024700001], [553113.580899998, 481620.697299998], [553222.123099998, 481642.181699999], [553359.471199997, 481621.482299998], [553458.700800002, 481583.009199999], [553559.652800001, 481610.512200002], [553629.577600002, 481553.327], [553677.481399998, 481550.0909], [553755.173199996, 481679.330699999], [553838.332999997, 481707.113499999], [553951.732799999, 481615.651500002], [553954.119400002, 481513.599599998], [554003.750100002, 481405.5581], [554045.478100002, 481307.245999999], [554181.2157, 481227.018800002], [554231.6897, 481167.397799998], [554306.435699999, 481124.8893], [554300.964500003, 481026.686999999], [554351.5013, 480932.320599999], [554370.502599999, 480893.000799999], [554452.6417, 480903.6206], [554503.864600003, 480715.181699999], [554568.724, 480662.279199999], [554644.464299999, 480617.815400001], [554646.870499998, 480615.8948]]}, "properties": {"edge_id": 398, "source_node": 458, "target_node": 459, "length_m": 5468.3740171867485, "z_start": 688.0, "z_end": 725.0, "dz": -37.0, "slope": -0.006766179468286437, "direction_status": "FLOW_REVERSED_SUSPECTED", "confidence": "NEED_REVIEW", "qa_comment": "Altitude de fin superieure a altitude de debut; inversion potentielle a arbitrer.", "review_status": "TO_REVIEW", "direction_runtime": "SOURCE_TO_TARGET", "direction_mnt": "TARGET_TO_SOURCE_CANDIDATE", "mnt_source": "C:\\dev\\WQDSS\\data\\MNT SEBOU 30N 30M\\seboureproj", "review_decision": "", "reviewer": "", "review_comment": "", "needs_business_validation": true}}, {"type": "Feature", "geometry": {"type": "LineString", "crs": {"type": "name", "properties": {"name": "EPSG:26191"}}, "coordinates": [[579824.474944167, 417856.689247876], [579903.554244168, 417723.411647882], [580000.586444169, 417663.496247876], [580118.555144168, 417650.915947877], [580192.822044179, 417622.067147881], [580272.180644169, 417551.980447877], [580291.697844178, 417413.593847878], [580289.23424416, 417354.036347881], [580250.939144172, 417330.125247881], [580192.574544176, 417297.218247883], [580016.423544183, 417184.903747883], [579939.472944178, 417108.21104788], [579850.914044172, 417074.45574788], [579788.887744173, 416983.73634788], [579799.435744166, 416925.451747879], [579868.185444184, 416849.37324788], [579979.321344167, 416662.216647878], [580035.614044167, 416587.810147882], [580050.582244173, 416498.308247883], [580019.423544176, 416469.75524788], [579981.708044171, 416446.438047882], [579931.663644165, 416410.06404788], [579855.785044186, 416346.335647885], [579726.215644166, 416257.40644788], [579527.047444172, 416202.095847882], [579369.938244171, 416147.736047879], [579191.169144168, 416061.346747879], [579116.868644178, 416020.640047878], [579070.875444181, 415995.49494788], [579021.132644169, 415993.310647879], [578933.850744173, 416018.545447879], [578847.700644165, 416122.203847881], [578833.646244168, 416174.560047876], [578782.728344165, 416315.65224788], [578716.351944171, 416392.345647883], [578674.372644186, 416383.749747876], [578639.765244178, 416342.196347885], [578572.281344175, 416264.405847885], [578535.447644182, 416163.142947875], [578498.81994418, 416128.849347882], [578457.877144165, 416059.694947876], [578451.888044178, 415992.179447886], [578396.547944173, 415951.045547876], [578291.494744167, 415856.580047876], [578247.141244173, 415825.174747881], [578213.966144167, 415777.834247876], [578208.610944167, 415751.981847875], [578191.610844165, 415658.091247872], [578204.834044173, 415634.020647883], [578250.511744171, 415626.130147878], [578298.099544175, 415601.751947876], [578318.004144169, 415558.282447882], [578346.572644182, 415470.064947881], [578374.32124418, 415335.846747879], [578465.700344183, 415251.982647881], [578471.236844182, 415246.901447877], [578558.548944175, 415191.694847874], [578579.71954418, 415138.797947876], [578577.717644185, 415021.428047877], [578541.971044175, 414973.377947886], [578493.727944166, 414932.290647879], [578457.84044417, 414902.506447881], [578369.811044164, 414872.895447876], [578305.360744171, 414857.041847877], [578200.793944165, 414826.654347882], [578120.844444178, 414744.662447881], [578073.933744177, 414685.310347877], [578073.718944184, 414639.314447884], [578064.109744176, 414582.02924788], [578125.575544178, 414382.615347881], [578126.850644179, 414298.290347878], [578097.991844177, 414204.869747873], [578062.076744184, 414176.861447878], [577950.295344159, 414152.362847883], [577818.047344163, 414168.980047878], [577686.901244171, 414195.046347883], [577553.501044176, 414206.35624788], [577337.778544165, 414215.23014788], [577200.476744168, 414270.156347882], [577092.090944178, 414339.457647882], [576964.791244179, 414403.905947872], [576833.907844171, 414546.163247883], [576779.24844417, 414638.900847882], [576748.304544166, 414656.343347877], [576712.23654417, 414647.204547878], [576654.323844165, 414629.051947881], [576585.804444164, 414603.739047885], [576525.328444168, 414535.435847882], [576376.429744184, 414411.584647872], [576348.417644166, 414357.704047877], [576326.036944166, 414266.702647876], [576326.907244168, 414231.318547882], [576417.456544168, 414168.94274788], [576499.515044175, 414131.853947885], [576558.918744169, 414112.275047872], [576586.387944177, 414085.365847886], [576620.950844169, 414059.688947879], [576657.996244185, 414020.467747882], [576688.551144168, 413978.244747881], [576710.900944173, 413925.353447881], [576730.37844418, 413786.318447877], [576723.690044172, 413733.184147883], [576705.239744179, 413669.929647882], [576691.83414416, 413642.106447879], [576648.823944174, 413611.096647877], [576531.939844169, 413557.083347876], [576456.149244174, 413551.754847884], [576400.622444175, 413530.084947877], [576377.168444164, 413498.633247882], [576360.322444186, 413456.631147876], [576348.454244167, 413384.579347879], [576380.06314417, 413283.970447876], [576419.460944176, 413247.717347883], [576472.472844168, 413212.160747882], [576486.976644173, 413193.902847875], [576543.70444417, 413122.493247885], [576550.727144167, 413058.843347881], [576548.757444173, 413008.09814788], [576502.063544176, 412919.254347876], [576477.109344177, 412854.174147874], [576419.943344176, 412814.790147878], [576359.851344168, 412770.669747878], [576210.217244178, 412660.358347882], [576170.11244417, 412637.037747879], [576034.808844172, 412587.59834788], [575875.472344168, 412579.262047872], [575730.932644166, 412574.572047878], [575595.166244172, 412582.352647882], [575527.802544177, 412558.820247877], [575490.631044164, 412539.063547879], [575472.258544177, 412463.41284788], [575476.190644175, 412416.263447877], [575479.501644172, 412370.861647878], [575560.171644174, 412285.974847879], [575635.189744174, 412241.13754788], [575686.27004417, 412225.613547876], [575766.496344179, 412197.343747877], [575837.893844165, 412161.340947874], [575879.524044171, 412142.205447879], [576006.79394418, 412098.283147879], [576068.923744179, 412067.133047879], [576126.589844175, 412063.896847885], [576228.934044167, 412094.831247877], [576390.485244177, 412171.654447876], [576449.336244173, 412174.440747879], [576513.293844171, 412179.674847882], [576598.827844173, 412154.404247876], [576656.236944176, 412088.794447884], [576723.068944178, 412031.522947885], [576806.330344185, 411920.10494788], [576841.995344169, 411832.495847881], [576857.577244178, 411735.875547882], [576871.467944175, 411629.803547878], [576841.674144171, 411575.885747883], [576786.758544177, 411551.257547878], [576738.890844174, 411534.948547874], [576685.101044171, 411516.818047877], [576571.42894417, 411502.34704788], [576430.510144174, 411487.072547875], [576335.885244176, 411462.71874788], [576220.599544175, 411427.588147875], [576058.172644168, 411358.458147876], [575981.27544418, 411339.560847882], [575927.865344167, 411274.24644788], [575931.564444177, 411106.738747872], [575941.464044176, 411053.71454788], [575908.068644166, 411005.083747879], [575867.95634418, 410980.577947881], [575783.352044173, 410962.796947885], [575696.694744177, 410951.993247882]]}, "properties": {"edge_id": 399, "source_node": 462, "target_node": 457, "length_m": 15257.78530068358, "z_start": 241.0, "z_end": 243.0, "dz": -2.0, "slope": -0.00013108062281557965, "direction_status": "FLOW_REVERSED_SUSPECTED", "confidence": "NEED_REVIEW", "qa_comment": "Altitude de fin superieure a altitude de debut; inversion potentielle a arbitrer.", "review_status": "TO_REVIEW", "direction_runtime": "SOURCE_TO_TARGET", "direction_mnt": "TARGET_TO_SOURCE_CANDIDATE", "mnt_source": "C:\\dev\\WQDSS\\data\\MNT SEBOU 30N 30M\\seboureproj", "review_decision": "", "reviewer": "", "review_comment": "", "needs_business_validation": true}}, {"type": "Feature", "geometry": {"type": "LineString", "crs": {"type": "name", "properties": {"name": "EPSG:26191"}}, "coordinates": [[594730.335444169, 429482.998147874], [594685.326144168, 429429.903647877], [594555.50894417, 429276.697347875], [594538.490244167, 429203.512047875], [594481.548244172, 429098.132947876], [594454.39404417, 429032.501247875], [594419.654844166, 428956.191147874], [594346.627644168, 428862.434047877], [594282.824644172, 428853.565147876], [594211.802144171, 428857.569747876], [594076.73034417, 428876.851847875], [593993.15724417, 428893.113347876], [593945.364344166, 428880.865447874], [593900.382244171, 428822.714147876], [593855.831744166, 428780.472847874], [593766.324244173, 428738.368747874], [593698.110944168, 428696.484747875], [593607.635344172, 428632.000447876], [593558.311344171, 428593.829047877], [593517.072444172, 428576.345347877], [593418.612244168, 428541.821647874], [593345.74834417, 428475.271047875], [593272.171844171, 428478.082147877], [593225.213344166, 428491.212747875], [593189.344244169, 428533.700547877], [593082.224444168, 428559.113747875], [593005.40904417, 428589.957447875], [592918.288044171, 428647.078347876], [592836.714544171, 428701.647147875], [592749.43544417, 428772.466247875], [592646.337344171, 428766.211747877], [592561.720044168, 428691.922347876], [592486.184044169, 428672.348447877], [592406.092444168, 428634.474047876], [592311.602144168, 428617.669247876], [592296.070244172, 428633.414147876], [592298.045744167, 428673.474547877], [592327.551844166, 428742.660747878], [592377.650844166, 428823.825047876], [592442.947944166, 428922.794247876], [592470.878044167, 428971.346147876], [592495.771044166, 429092.775247875], [592387.844844172, 429194.122947875], [592305.344044173, 429158.799347877], [592227.713944168, 429092.699247877], [592152.148844169, 428991.347847874], [592112.036544168, 428884.281547877], [592072.56964417, 428805.572247877], [592031.781244168, 428802.241247877], [591961.78844417, 428821.590147875], [591872.137744168, 428793.644447877], [591835.808444166, 428757.370147876], [591796.656044172, 428706.937947876], [591754.82844417, 428688.291547875], [591717.08024417, 428677.326647877], [591643.360444167, 428653.062647875], [591549.727144168, 428608.000647876], [591494.092744166, 428548.583347875], [591443.741144167, 428493.930747877], [591418.650444166, 428457.177447877], [591411.995544167, 428443.395747877]]}, "properties": {"edge_id": 405, "source_node": 297, "target_node": 467, "length_m": 5049.4343251483215, "z_start": 450.0, "z_end": 535.0, "dz": -85.0, "slope": -0.016833568777529, "direction_status": "FLOW_REVERSED_SUSPECTED", "confidence": "NEED_REVIEW", "qa_comment": "Altitude de fin superieure a altitude de debut; inversion potentielle a arbitrer.", "review_status": "TO_REVIEW", "direction_runtime": "SOURCE_TO_TARGET", "direction_mnt": "TARGET_TO_SOURCE_CANDIDATE", "mnt_source": "C:\\dev\\WQDSS\\data\\MNT SEBOU 30N 30M\\seboureproj", "review_decision": "", "reviewer": "", "review_comment": "", "needs_business_validation": true}}, {"type": "Feature", "geometry": {"type": "LineString", "crs": {"type": "name", "properties": {"name": "EPSG:26191"}}, "coordinates": [[622561.710144171, 434560.001547876], [622649.928244168, 434514.109547875], [622793.617744172, 434525.755847874], [622914.076944167, 434505.725747875], [623008.345744172, 434391.407547876], [623129.312244171, 434469.255347877], [623261.687844166, 434457.424747876], [623475.873444171, 434334.460747875], [623544.773844169, 434265.501047875]]}, "properties": {"edge_id": 415, "source_node": 468, "target_node": 476, "length_m": 1135.0970685383313, "z_start": 785.0, "z_end": 793.0, "dz": -8.0, "slope": -0.007047855396456648, "direction_status": "FLOW_REVERSED_SUSPECTED", "confidence": "NEED_REVIEW", "qa_comment": "Altitude de fin superieure a altitude de debut; inversion potentielle a arbitrer.", "review_status": "TO_REVIEW", "direction_runtime": "SOURCE_TO_TARGET", "direction_mnt": "TARGET_TO_SOURCE_CANDIDATE", "mnt_source": "C:\\dev\\WQDSS\\data\\MNT SEBOU 30N 30M\\seboureproj", "review_decision": "", "reviewer": "", "review_comment": "", "needs_business_validation": true}}, {"type": "Feature", "geometry": {"type": "LineString", "crs": {"type": "name", "properties": {"name": "EPSG:26191"}}, "coordinates": [[588421.299500004, 444284.365200002], [588456.514700003, 444280.002599999], [588540.317400001, 444235.510699999], [588749.524800003, 444154.4463], [588942.005800001, 444243.006099999], [589008.816100001, 444394.534600001], [589132.261, 444569.218699999], [589301.430200003, 444717.9208], [589448.800399996, 444764.5638], [589638.393200003, 444755.023499999], [590004.837499998, 444908.826900002], [590301.163500004, 444886.0506], [590351.391500004, 444813.172600001], [590492.519500002, 444608.392499998], [590686.833999999, 444500.818999998], [590856.8398, 444559.023200002], [590935.456600003, 444661.628400002], [591036.1624, 444832.350400001], [591121.991599999, 444972.7392], [591223.589599997, 445049.1556], [591375.066500001, 445061.9256], [591641.125399999, 444981.478], [591892.109800004, 444893.339299999], [592093.574699998, 444831.141100001], [592226.169100002, 444836.200100001], [592324.008400001, 444908.809599999], [592387.155000001, 445041.4597], [592443.453000002, 445098.5843], [592487.714199998, 445140.751600001], [592734.891199999, 445064.5546]]}, "properties": {"edge_id": 416, "source_node": 477, "target_node": 478, "length_m": 5276.782304575428, "z_start": 365.0, "z_end": 448.0, "dz": -83.0, "slope": -0.015729282583447076, "direction_status": "FLOW_REVERSED_SUSPECTED", "confidence": "NEED_REVIEW", "qa_comment": "Altitude de fin superieure a altitude de debut; inversion potentielle a arbitrer.", "review_status": "TO_REVIEW", "direction_runtime": "SOURCE_TO_TARGET", "direction_mnt": "TARGET_TO_SOURCE_CANDIDATE", "mnt_source": "C:\\dev\\WQDSS\\data\\MNT SEBOU 30N 30M\\seboureproj", "review_decision": "", "reviewer": "", "review_comment": "", "needs_business_validation": true}}, {"type": "Feature", "geometry": {"type": "LineString", "crs": {"type": "name", "properties": {"name": "EPSG:26191"}}, "coordinates": [[623544.773844169, 434265.501047875], [623601.641544172, 434208.585647877], [623771.141444178, 434220.779247879], [623749.148744175, 434077.102947879], [623873.478544185, 434063.013747878], [623963.315144175, 434124.984447881], [624051.658444168, 433998.631247881], [624237.298944177, 433981.613647885], [624326.696044178, 433925.891247875], [624434.143544176, 433830.970347881], [624510.956944177, 433837.802747875], [624557.886844167, 433865.877647876], [624578.309144171, 433897.77884788], [624601.834244186, 433895.877347875], [624700.22254418, 433830.458447877], [624750.516944179, 433827.197447877], [624802.485844167, 433857.53544788], [624879.902444178, 433889.935847878], [624972.089144172, 433911.481347881], [625016.915344173, 433949.336847878], [625030.814944172, 434017.193347874], [625070.453144172, 434086.605947881], [625141.899944173, 434111.820347878], [625215.121844167, 434162.792947876], [625263.691544177, 434227.420347884], [625285.262544179, 434299.049147885], [625339.670544172, 434368.656347878], [625361.319444166, 434359.876847881], [625388.464044178, 434393.57614788], [625389.261144178, 434482.825747884], [625408.69704418, 434514.715947877], [625387.92894418, 434595.840847879], [625407.982744174, 434633.130047879], [625365.129744174, 434670.816147878], [625342.554144168, 434751.174447878], [625304.951344179, 434838.945747878], [625343.019144172, 434930.402247875], [625309.368244173, 435017.24914788], [625345.046344185, 435076.550647876], [625280.771344172, 435169.852047879], [625276.481744179, 435271.791847884], [625210.923444168, 435313.097547881], [625223.764144176, 435385.832747876], [625234.268344173, 435486.978747878], [625245.600744167, 435599.893747877], [625288.459544169, 435647.764047879], [625297.063244173, 435731.969247881], [625360.964144179, 435817.130847874], [625354.192644166, 435882.743647876], [625350.091244178, 435970.942447881], [625387.173644179, 436008.931747883], [625442.281044179, 436088.099947877], [625488.150744179, 436121.057747874], [625507.314444171, 436161.519447877], [625484.646344172, 436226.668847877], [625521.403544174, 436278.142947874], [625484.228744173, 436333.540447879], [625545.630544172, 436383.374247874], [625632.179444173, 436468.835047881], [625705.904444175, 436480.584247879], [625764.504844175, 436529.650647874], [625802.432744169, 436555.395447876], [625890.355944173, 436567.596447884], [625913.685744168, 436570.834047883], [625935.426844174, 436628.723747875], [625961.12964418, 436696.715547878], [625997.403244177, 436709.938047874], [626067.49924417, 436772.635247874], [626112.41094418, 436802.633047874], [626149.745244177, 436821.017047878], [626218.600744167, 436816.777147881], [626234.891144166, 436851.312447879], [626250.536744172, 436871.374547876], [626299.577544184, 436875.692647881], [626312.49804418, 436941.564647875], [626345.168944167, 436929.23904788], [626344.069744171, 437012.574747875], [626411.017944166, 437025.460247881], [626484.478744173, 437056.823847874], [626514.478544177, 437022.910647883], [626560.355544166, 437042.884447876], [626607.201644169, 437001.340347878], [626661.382944168, 437000.093347884], [626713.207144173, 437029.209147881], [626765.943744177, 436999.757247879], [626797.77124417, 437051.171347878], [626809.112144166, 437150.101647876], [626831.337744178, 437193.779347877], [626875.612544166, 437186.279147878], [626954.536344172, 437176.531747877], [626989.405344168, 437146.600047874], [627015.878944182, 437155.780847877], [627043.09444418, 437120.112847875], [627080.190544175, 437134.08254788], [627160.506944174, 437178.531847879], [627191.217444176, 437165.218047879], [627252.826344171, 437187.356547876], [627351.356544168, 437184.750347878], [627390.76464417, 437195.324347879], [627444.341044174, 437229.126547872], [627501.241844171, 437245.568847879], [627576.357744174, 437311.516647878], [627628.455544175, 437319.077147871], [627635.65154417, 437359.128847878], [627663.184644172, 437362.435447875], [627692.298944177, 437395.180847879], [627748.882844167, 437372.651847876], [627762.459744179, 437388.518047883], [627743.257344173, 437425.511147875], [627789.234444188, 437437.64964788], [627804.562244178, 437470.211647879], [627827.464144179, 437525.414947878], [627848.902444171, 437542.373447876], [627838.46534417, 437586.349747881]]}, "properties": {"edge_id": 417, "source_node": 476, "target_node": 479, "length_m": 7963.526260316034, "z_start": 793.0, "z_end": 976.0, "dz": -183.0, "slope": -0.022979769767562445, "direction_status": "FLOW_REVERSED_SUSPECTED", "confidence": "NEED_REVIEW", "qa_comment": "Altitude de fin superieure a altitude de debut; inversion potentielle a arbitrer.", "review_status": "TO_REVIEW", "direction_runtime": "SOURCE_TO_TARGET", "direction_mnt": "TARGET_TO_SOURCE_CANDIDATE", "mnt_source": "C:\\dev\\WQDSS\\data\\MNT SEBOU 30N 30M\\seboureproj", "review_decision": "", "reviewer": "", "review_comment": "", "needs_business_validation": true}}, {"type": "Feature", "geometry": {"type": "LineString", "crs": {"type": "name", "properties": {"name": "EPSG:26191"}}, "coordinates": [[620296.901644172, 402314.068747877], [620280.692744167, 402349.828747875], [620184.181844169, 402399.883547875], [620150.194844173, 402497.069347876], [620146.075144166, 402549.510847877], [620117.19464417, 402610.449047878], [620081.044644171, 402659.640247877], [620055.458644168, 402686.271347876], [620029.11414417, 402702.079647876], [619989.616644168, 402702.872947875], [619965.632344173, 402695.686247877], [619845.368044169, 402582.257247876], [619822.673844168, 402559.493147875], [619783.809644172, 402504.985147874], [619743.988744171, 402456.232847876], [619689.00274417, 402391.143447875], [619654.729944171, 402348.848847877], [619618.014044167, 402312.579647876], [619539.536344172, 402280.460347875], [619466.86014417, 402281.919247876], [619394.443444172, 402242.445647876], [619318.485644171, 402186.103847876], [619285.34874417, 402115.931247874], [619202.42134417, 402047.891847874], [619173.157344172, 401956.551047876], [619111.479144172, 401871.829147875], [619051.534144172, 401763.117647874], [618929.079144166, 401705.793047874], [618832.293144168, 401672.344147875], [618734.833344171, 401692.645047876], [618683.45744417, 401770.855147875], [618674.802644172, 401889.009547877], [618655.430544169, 401999.856047876], [618614.995544167, 402067.454547878], [618489.134044172, 402136.362347874], [618348.629844168, 402064.171647876], [618274.708444172, 401927.077947877], [618258.655844168, 401769.202547877], [618372.665744172, 401573.500047877], [618489.291344167, 401434.338747877], [618501.585344167, 401335.494047876], [618430.546544166, 401258.824247877], [618221.290844166, 401208.891247875], [618097.628444167, 401127.362647875], [617922.960444169, 401149.529547877], [617831.00144417, 401138.032247874], [617732.420144172, 401023.920647878], [617740.50144417, 400886.982247877], [617773.963344166, 400777.671347874], [617794.386744173, 400678.138147875], [617685.985344166, 400608.513747878], [617674.625044169, 400604.966347876]]}, "properties": {"edge_id": 421, "source_node": 480, "target_node": 485, "length_m": 5172.30381642614, "z_start": 389.0, "z_end": 450.0, "dz": -61.0, "slope": -0.011793584090377085, "direction_status": "FLOW_REVERSED_SUSPECTED", "confidence": "NEED_REVIEW", "qa_comment": "Altitude de fin superieure a altitude de debut; inversion potentielle a arbitrer.", "review_status": "TO_REVIEW", "direction_runtime": "SOURCE_TO_TARGET", "direction_mnt": "TARGET_TO_SOURCE_CANDIDATE", "mnt_source": "C:\\dev\\WQDSS\\data\\MNT SEBOU 30N 30M\\seboureproj", "review_decision": "", "reviewer": "", "review_comment": "", "needs_business_validation": true}}, {"type": "Feature", "geometry": {"type": "LineString", "crs": {"type": "name", "properties": {"name": "EPSG:26191"}}, "coordinates": [[595980.914300002, 446791.6965], [596016.9252, 446882.9551], [596115.150399998, 447054.695900001], [596801.620099999, 447131.785500001], [596899.558600001, 447370.9397], [596983.8759, 447525.8442], [597097.516900003, 447641.769000001], [597337.087099999, 447707.750999998], [597600.982699998, 447608.201000001], [597924.399700001, 447566.659000002], [598002.653099999, 447508.759500001], [598103.152999997, 447267.599300001], [598111.335600004, 447201.1404], [598099.054399997, 447064.4903], [598093.733599998, 446800.760400001], [597973.103, 446554.362799998], [597932.603600003, 446346.500599999], [597916.620899998, 446291.574499998], [598183.947700001, 446243.688299999], [598357.555699997, 446219.9254], [598641.836199999, 446166.6358], [598732.544500001, 446119.131299999], [598775.7958, 446139.654599998], [598820.149800003, 446203.460499998], [598852.246399999, 446251.6884], [598918.4833, 446300.269200001], [598943.268299997, 446305.162], [599023.055799998, 446244.1811], [599057.989399999, 446168.8378], [599074.129299998, 446108.751699999], [599070.046400003, 446053.092700001], [599078.533500001, 445983.6543], [599102.304099999, 445936.004000001], [599163.273500003, 445898.599100001]]}, "properties": {"edge_id": 423, "source_node": 488, "target_node": 489, "length_m": 5435.936524905449, "z_start": 482.0, "z_end": 554.0, "dz": -72.0, "slope": -0.01324518777401514, "direction_status": "FLOW_REVERSED_SUSPECTED", "confidence": "NEED_REVIEW", "qa_comment": "Altitude de fin superieure a altitude de debut; inversion potentielle a arbitrer.", "review_status": "TO_REVIEW", "direction_runtime": "SOURCE_TO_TARGET", "direction_mnt": "TARGET_TO_SOURCE_CANDIDATE", "mnt_source": "C:\\dev\\WQDSS\\data\\MNT SEBOU 30N 30M\\seboureproj", "review_decision": "", "reviewer": "", "review_comment": "", "needs_business_validation": true}}, {"type": "Feature", "geometry": {"type": "LineString", "crs": {"type": "name", "properties": {"name": "EPSG:26191"}}, "coordinates": [[609258.760944167, 399730.567347876], [609258.553444171, 399730.704547878], [609139.643444167, 399809.361747875], [609011.10094417, 399879.448947876], [608828.680244172, 399880.044347874], [608622.577844167, 399709.114747877], [608252.738444166, 399520.108547877], [607783.595544168, 399341.326747875], [607480.921544166, 399244.722747877], [607450.627644168, 399115.257047876], [607352.313744167, 399029.704547878], [607085.223944166, 399110.681847877], [606889.704044172, 399166.676447875], [606756.98164417, 399204.773147877], [606556.935344169, 399223.814847875], [606369.117944168, 399228.034847877], [606221.123044172, 399198.938747875], [606097.621544169, 399125.819747876], [605907.237944172, 398920.221147876], [605869.862844171, 398838.383047874], [605863.014144169, 398823.390947878], [605764.19424417, 398619.735547877], [605731.115544172, 398570.252047877], [605699.785244168, 398541.959647875], [605557.392444173, 398496.787747874], [605505.748844171, 398480.960447877], [605439.922444166, 398432.993047877], [605373.639744172, 398390.433247875], [605199.810544172, 398326.124047875], [605091.63874417, 398281.179647877]]}, "properties": {"edge_id": 429, "source_node": 482, "target_node": 494, "length_m": 4922.389974140832, "z_start": 311.0, "z_end": 332.0, "dz": -21.0, "slope": -0.004266220293459255, "direction_status": "FLOW_REVERSED_SUSPECTED", "confidence": "NEED_REVIEW", "qa_comment": "Altitude de fin superieure a altitude de debut; inversion potentielle a arbitrer.", "review_status": "TO_REVIEW", "direction_runtime": "SOURCE_TO_TARGET", "direction_mnt": "TARGET_TO_SOURCE_CANDIDATE", "mnt_source": "C:\\dev\\WQDSS\\data\\MNT SEBOU 30N 30M\\seboureproj", "review_decision": "", "reviewer": "", "review_comment": "", "needs_business_validation": true}}, {"type": "Feature", "geometry": {"type": "LineString", "crs": {"type": "name", "properties": {"name": "EPSG:26191"}}, "coordinates": [[599693.669544169, 397251.961747877], [599509.943144167, 397296.321647874], [599394.607444169, 397275.044347874], [599289.479544172, 397309.625047877], [599200.762744168, 397344.853147875], [599169.538944172, 397384.478647876], [599161.45784417, 397478.064547877], [599144.494344169, 397515.907447878], [599151.398944171, 397622.246647875], [599155.097144166, 397758.851647876], [599127.896744171, 397791.021647877], [599089.332344169, 397795.359947874], [598923.909344168, 397726.172047875], [598761.032144168, 397644.026347875], [598683.945344167, 397493.137947875], [598668.012044171, 397409.175747874], [598623.609144168, 397311.280447877], [598593.372144172, 397223.389947876], [598531.157844173, 397126.443847875], [598440.85884417, 397089.420047875], [598408.793444166, 397098.906947877], [598364.666244166, 397184.572047877], [598273.62864417, 397296.507847875], [598156.874844173, 397330.849147874], [597989.51554417, 397323.630647875], [597881.566244172, 397265.582547876], [597803.783044168, 397099.035047877], [597774.936644168, 396915.263347875], [597803.163044171, 396713.983647875], [597748.25494417, 396517.448447875], [597714.014344172, 396469.622947875], [597596.591744171, 396305.625047877], [597505.757544169, 396193.878547876], [597619.19244417, 396003.499747875], [597839.507244171, 395834.326547875], [597929.559944169, 395757.466847877], [597944.996844167, 395650.247847877], [597937.551444167, 395508.593647874], [597937.281744169, 395460.836147878], [597872.751744168, 395403.918547876], [597787.719944166, 395377.490647878], [597723.791344167, 395351.089547876], [597695.666744167, 395300.686947878], [597650.863444166, 395235.135647877]]}, "properties": {"edge_id": 433, "source_node": 499, "target_node": 498, "length_m": 5216.9010813393525, "z_start": 277.0, "z_end": 322.0, "dz": -45.0, "slope": -0.008625810476062735, "direction_status": "FLOW_REVERSED_SUSPECTED", "confidence": "NEED_REVIEW", "qa_comment": "Altitude de fin superieure a altitude de debut; inversion potentielle a arbitrer.", "review_status": "TO_REVIEW", "direction_runtime": "SOURCE_TO_TARGET", "direction_mnt": "TARGET_TO_SOURCE_CANDIDATE", "mnt_source": "C:\\dev\\WQDSS\\data\\MNT SEBOU 30N 30M\\seboureproj", "review_decision": "", "reviewer": "", "review_comment": "", "needs_business_validation": true}}, {"type": "Feature", "geometry": {"type": "LineString", "crs": {"type": "name", "properties": {"name": "EPSG:26191"}}, "coordinates": [[579810.514044173, 392956.688447885], [579830.124444164, 392945.396347873], [579857.009444177, 392924.936647885], [579877.980844177, 392901.47794788], [579906.041044176, 392858.371347882], [579932.19344417, 392807.375047877], [579984.190844186, 392622.660147879], [580014.88884417, 392499.80564788], [580017.248244166, 392454.522847872], [580001.856944174, 392431.150347877], [579979.338744186, 392402.007247876], [579977.304744177, 392338.267447878], [579954.985644169, 392315.092447884], [579946.590244167, 392288.817247875], [579931.838744171, 392255.014447875], [579922.180944174, 392226.37764788], [579913.767144173, 392178.975847878], [579923.020444177, 392148.621947881], [579937.897044167, 392096.345547881], [579975.324144185, 392005.109047879], [580002.599044166, 391949.198547877], [580016.216444179, 391912.027347881], [580046.870444171, 391771.484547876], [580065.076944165, 391700.471847877], [580093.950944178, 391655.398747876], [580101.447644167, 391610.147747885], [580092.199544176, 391532.26384788], [580093.36774417, 391511.590847876], [580099.032344177, 391424.959247876], [580098.176844165, 391409.182247877], [580093.445544168, 391382.54924788], [580089.644844174, 391363.80894788], [580087.826944165, 391345.074047878], [580095.920244172, 391323.471747879], [580100.422244161, 391300.07614788], [580106.375344172, 391286.285547875], [580108.989144176, 391257.052147876], [580107.61684417, 391237.977147877], [580112.658144176, 391226.25264788], [580110.075944178, 391209.585247878], [580115.896444172, 391200.673047882], [580115.575244166, 391191.598847877], [580127.800144166, 391178.947247881], [580126.993744172, 391157.270847876], [580119.251844175, 391135.525647875], [580109.527944177, 391114.761947881], [580093.857144177, 391095.92294788], [580065.311444178, 391076.96564788], [580044.622344166, 391065.958647877], [580021.902244166, 391061.832847882], [579996.211344175, 391056.695347879], [579920.021044165, 391056.062347882], [579878.438244171, 391058.666947875], [579819.062244177, 391059.161447875], [579782.455544174, 391057.870847877], [579746.844944172, 391056.588747878], [579721.145644166, 391052.438947875], [579678.714644179, 391038.291747879], [579598.745644174, 391014.984447882], [579564.154244177, 391009.763347875], [579537.514044173, 391005.60624788], [579405.049944177, 390999.629647881], [579403.932744175, 390999.579247881]]}, "properties": {"edge_id": 435, "source_node": 502, "target_node": 503, "length_m": 2709.63433064431, "z_start": 214.0, "z_end": 218.0, "dz": -4.0, "slope": -0.0014762139506288513, "direction_status": "FLOW_REVERSED_SUSPECTED", "confidence": "NEED_REVIEW", "qa_comment": "Altitude de fin superieure a altitude de debut; inversion potentielle a arbitrer.", "review_status": "TO_REVIEW", "direction_runtime": "SOURCE_TO_TARGET", "direction_mnt": "TARGET_TO_SOURCE_CANDIDATE", "mnt_source": "C:\\dev\\WQDSS\\data\\MNT SEBOU 30N 30M\\seboureproj", "review_decision": "", "reviewer": "", "review_comment": "", "needs_business_validation": true}}, {"type": "Feature", "geometry": {"type": "LineString", "crs": {"type": "name", "properties": {"name": "EPSG:26191"}}, "coordinates": [[588060.673844168, 394404.381847876], [588017.998844171, 394492.779747877], [587519.449844168, 394869.199547875], [587449.540744172, 394874.607847876], [587313.414344171, 394812.908047877], [587235.072344171, 394742.651147875], [587175.832744168, 394575.817847877], [587128.386644171, 394448.395147874], [586934.837744171, 394188.588647875], [586894.680044168, 394143.865547876], [586870.114844167, 394125.622247878], [586844.397444168, 394124.691447876], [586822.49834417, 394140.008847877], [586794.709744172, 394149.949947874], [586769.416144172, 394152.139347877], [586745.306844169, 394143.648747876], [586709.667144166, 394145.889347877], [586566.748244168, 394197.967747878], [586547.408944169, 394213.752447876], [586537.006244169, 394237.535847876], [586537.481144169, 394261.616747878], [586550.102844173, 394288.413047876], [586585.255944172, 394339.144947875], [586592.946644166, 394364.665947876], [586589.705844173, 394394.868447877], [586519.864244172, 394570.849947877], [586516.026644172, 394601.834447875], [586516.31964417, 394634.874647877], [586528.972144166, 394658.177747875], [586547.465244168, 394691.270747877], [586603.519144172, 394826.974747877], [586607.303544173, 394857.240547876], [586599.600644173, 394888.434247877], [586584.074444169, 394910.940447877], [586557.098544167, 394917.928447875], [586456.46004417, 394911.068147875], [586402.321544172, 394908.907147876], [586329.950244168, 394910.375647876], [586300.178744169, 394910.407947875], [586272.547444166, 394903.117947876], [586237.314944172, 394888.029947876], [586195.751344168, 394862.305447876], [586164.581644172, 394836.230547874], [586146.356544168, 394811.203347876], [586108.75014417, 394768.724247876], [586077.123844171, 394743.133547875], [586043.615744168, 394729.980347875], [585999.131844172, 394726.532847877], [585953.484944166, 394715.999647877], [585939.95124417, 394706.551947876], [585924.228844167, 394695.432347874], [585912.48604417, 394680.566547877], [585904.760444166, 394659.814447875], [585892.048744166, 394642.965947877], [585860.713344166, 394607.386547878], [585815.682044172, 394554.639447875], [585805.954944173, 394535.998947877], [585801.180944169, 394516.116147875], [585805.294244172, 394498.419747877], [585814.365844169, 394479.946947876], [585828.30164417, 394470.223247878], [585843.181244166, 394465.287847876], [585862.066644171, 394455.752547874], [585872.082344169, 394442.056947875], [585894.14844417, 394407.785847876], [585904.262244167, 394383.111947875], [585907.459544169, 394357.544547878], [585911.86324417, 394307.356947876], [585908.215644168, 394272.867347877], [585899.738844173, 394224.682947877], [585883.670244166, 394140.687347877], [585851.792144166, 393944.596347875], [585830.81264417, 393745.331347875], [585825.971444169, 393622.343647874], [585822.16514417, 393605.574747875], [585816.342644172, 393592.569747876], [585804.554944167, 393583.603547874], [585717.87114417, 393540.633347876], [585700.102844173, 393536.382847875], [585683.248144166, 393540.324947874], [585656.345244171, 393562.587047874], [585613.565344171, 393588.789147876], [585539.926344173, 393637.374047875], [585523.893544169, 393659.877447876], [585507.826344171, 393687.315647877], [585494.397844167, 393706.714047875]]}, "properties": {"edge_id": 438, "source_node": 507, "target_node": 505, "length_m": 5207.091764863523, "z_start": 230.0, "z_end": 267.0, "dz": -37.0, "slope": -0.00710569386344774, "direction_status": "FLOW_REVERSED_SUSPECTED", "confidence": "NEED_REVIEW", "qa_comment": "Altitude de fin superieure a altitude de debut; inversion potentielle a arbitrer.", "review_status": "TO_REVIEW", "direction_runtime": "SOURCE_TO_TARGET", "direction_mnt": "TARGET_TO_SOURCE_CANDIDATE", "mnt_source": "C:\\dev\\WQDSS\\data\\MNT SEBOU 30N 30M\\seboureproj", "review_decision": "", "reviewer": "", "review_comment": "", "needs_business_validation": true}}, {"type": "Feature", "geometry": {"type": "LineString", "crs": {"type": "name", "properties": {"name": "EPSG:26191"}}, "coordinates": [[598466.243744166, 379780.781747877], [598465.159644166, 379781.560447875], [598467.252844171, 379830.664547875], [598463.489344166, 379871.824147876], [598471.577644171, 379928.863247874], [598462.466444166, 379971.919947877], [598448.892544167, 380027.872647877], [598388.078144172, 380040.193147875], [598288.578244166, 380020.192147876], [598215.255644167, 379984.068447876], [598122.970544168, 379936.518447875], [598047.41914417, 379948.702147874], [598016.691544169, 379986.360347878], [598019.303044172, 380070.956547874], [598033.048844168, 380083.173047877], [598055.288944172, 380112.742547876], [598050.334544169, 380173.108647875], [598058.767544167, 380196.493747874], [597984.936544167, 380210.414247877], [597938.99174417, 380209.947147875], [597872.077744173, 380225.657747875], [597819.05864417, 380238.925947874], [597782.397944169, 380263.583047877], [597750.743144171, 380307.276747874], [597732.720544168, 380374.397047877], [597708.451644169, 380405.539247877]]}, "properties": {"edge_id": 448, "source_node": 251, "target_node": 512, "length_m": 1402.2719591435502, "z_start": 540.0, "z_end": 548.0, "dz": -8.0, "slope": -0.005705027436251431, "direction_status": "FLOW_REVERSED_SUSPECTED", "confidence": "NEED_REVIEW", "qa_comment": "Altitude de fin superieure a altitude de debut; inversion potentielle a arbitrer.", "review_status": "TO_REVIEW", "direction_runtime": "SOURCE_TO_TARGET", "direction_mnt": "TARGET_TO_SOURCE_CANDIDATE", "mnt_source": "C:\\dev\\WQDSS\\data\\MNT SEBOU 30N 30M\\seboureproj", "review_decision": "", "reviewer": "", "review_comment": "", "needs_business_validation": true}}, {"type": "Feature", "geometry": {"type": "LineString", "crs": {"type": "name", "properties": {"name": "EPSG:26191"}}, "coordinates": [[617674.625044167, 400604.966347881], [617589.17234417, 400578.282647882], [617512.006844185, 400609.025547873], [617439.829044178, 400668.277547877], [617419.518444166, 400732.466747884], [617418.975244172, 400853.903747875], [617376.694544181, 400900.179347884], [617325.282144166, 400958.554447882], [617203.17204418, 400986.189447876], [617138.138444185, 401016.861347876], [617056.317244172, 401148.099847879], [617083.77134417, 401276.410347875], [617132.522344165, 401350.003647875], [617045.099444173, 401423.901347876], [616946.113144167, 401381.217347883], [616815.874844171, 401197.900847882], [616719.618044168, 400914.172847878], [616750.843444169, 400784.701647881], [616745.215444177, 400693.445247877], [616687.580944166, 400651.233047876], [616636.750944175, 400613.994647875], [616542.978144184, 400599.548747878], [616471.077744186, 400642.496947881], [616401.069644176, 400710.345147882], [616295.150744162, 400719.632747877], [616227.865744166, 400619.546147879], [616162.862444185, 400570.737747885], [615975.13694416, 400515.324847884], [615865.005044185, 400532.263447881], [615760.856844172, 400548.986947875], [615577.29554417, 400648.291947875], [615519.643444166, 400645.458547879], [615451.559744172, 400591.22794788], [615446.361044168, 400495.408347871], [615490.965844177, 400396.937447876], [615457.166644171, 400312.30874788], [615389.06284418, 400286.404047877], [615295.371344164, 400292.444647878], [615259.306944177, 400178.288447876], [615315.659644172, 400063.021947876], [615271.23834417, 399966.344247881], [615111.376644164, 399923.781847876], [614958.689544171, 399751.979547877], [614814.199144177, 399458.410847876]]}, "properties": {"edge_id": 456, "source_node": 485, "target_node": 483, "length_m": 5161.5431513866715, "z_start": 450.0, "z_end": 517.0, "dz": -67.0, "slope": -0.012980614137072584, "direction_status": "FLOW_REVERSED_SUSPECTED", "confidence": "NEED_REVIEW", "qa_comment": "Altitude de fin superieure a altitude de debut; inversion potentielle a arbitrer.", "review_status": "TO_REVIEW", "direction_runtime": "SOURCE_TO_TARGET", "direction_mnt": "TARGET_TO_SOURCE_CANDIDATE", "mnt_source": "C:\\dev\\WQDSS\\data\\MNT SEBOU 30N 30M\\seboureproj", "review_decision": "", "reviewer": "", "review_comment": "", "needs_business_validation": true}}, {"type": "Feature", "geometry": {"type": "LineString", "crs": {"type": "name", "properties": {"name": "EPSG:26191"}}, "coordinates": [[592734.891199999, 445064.5546], [592807.209799998, 445042.262400001], [592963.165600002, 445047.037], [593095.262199998, 445152.9087], [593215.088399999, 445307.268800002], [593251.539499998, 445495.392099999], [593124.883299999, 445577.6164], [593003.615800001, 445564.2357], [592900.792499997, 445616.046999998], [592842.5977, 445755.044100001], [592929.060500003, 445827.549800001], [593065.144000001, 445862.825399999], [593160.014300004, 445848.662999999], [593242.429200001, 445947.5317], [593302.688000001, 445985.8435], [593416.245999999, 445998.265299998], [593552.105300002, 445994.1351], [593676.479099996, 445742.9377], [593744.114600003, 445797.785300002], [593915.689900003, 445783.4835], [594318.806699999, 445931.6798], [594623.312799998, 446059.2179], [594800.910400003, 446219.938099999], [595066.819700003, 446146.083900001], [595340.730499998, 446237.047499999], [595417.553599998, 446328.5033], [595342.116999999, 446552.624600001], [595791.0458, 446644.6701], [595967.030599996, 446756.513], [595980.914300002, 446791.6965]]}, "properties": {"edge_id": 458, "source_node": 478, "target_node": 488, "length_m": 5290.309220463182, "z_start": 448.0, "z_end": 482.0, "dz": -34.0, "slope": -0.006426845498649926, "direction_status": "FLOW_REVERSED_SUSPECTED", "confidence": "NEED_REVIEW", "qa_comment": "Altitude de fin superieure a altitude de debut; inversion potentielle a arbitrer.", "review_status": "TO_REVIEW", "direction_runtime": "SOURCE_TO_TARGET", "direction_mnt": "TARGET_TO_SOURCE_CANDIDATE", "mnt_source": "C:\\dev\\WQDSS\\data\\MNT SEBOU 30N 30M\\seboureproj", "review_decision": "", "reviewer": "", "review_comment": "", "needs_business_validation": true}}, {"type": "Feature", "geometry": {"type": "LineString", "crs": {"type": "name", "properties": {"name": "EPSG:26191"}}, "coordinates": [[497492.227557371, 407528.232203863], [497467.214699998, 407471.8255], [497455.919600002, 407446.022700001], [497454.2139, 407437.007199999], [497457.045500003, 407421.037300002], [497462.694399998, 407403.935400002], [497490.061300002, 407377.445999999], [497531.767700002, 407363.151700001], [497544.785499997, 407356.760699999], [497555.915600002, 407349.815699998], [497556.668300003, 407340.611000001], [497551.380900003, 407331.784899998], [497540.2469, 407323.703400001], [497519.677299999, 407324.085700002], [497508.159199998, 407326.339899998], [497494.387500003, 407336.867600001], [497469.289899997, 407345.136], [497445.1285, 407341.948600002], [497426.627899997, 407332.183499999], [497390.769900002, 407318.297800001], [497376.043200001, 407304.395300001], [497368.109899998, 407284.114399999], [497346.582800001, 407251.6164], [497344.506499998, 407235.0933], [497337.1373, 407223.8171], [497332.990500003, 407211.796999998], [497331.855400004, 407202.404399998], [497338.833099999, 407196.391800001], [497359.199199997, 407191.595400002], [497376.112800002, 407188.430199999], [497392.272100002, 407187.527600002], [497403.744499996, 407186.171500001], [497416.126599997, 407177.906399999], [497445.110100001, 407169.182100002], [497467.004000001, 407161.202799998], [497480.038099997, 407145.851199999], [497483.622699998, 407121.6193], [497493.469700001, 407101.056400001], [497509.093199998, 407093.056699999], [497515.310500003, 407065.6303], [497505.6831, 407045.338599998], [497491.517700002, 407030.6928], [497460.7509, 407018.114100002], [497432.062799998, 406996.8961], [497412.426700003, 406978.481400002], [497384.482000001, 406949.3785], [497361.259000003, 406913.498599999], [497352.011200003, 406902.422499999], [497343.886, 406888.895399999], [497338.597800002, 406878.7498], [497333.310500003, 406871.798], [497323.869900003, 406863.161800001], [497305.941, 406859.784400001], [497278.951099999, 406855.2896], [497269.704499997, 406849.0931], [497260.070600003, 406841.011500001], [497241.948299997, 406838.011300001], [497236.101199999, 406837.824499998], [497225.345799997, 406836.519000001], [497205.140799999, 406827.6864], [497205.328400001, 406807.7804], [497214.0066, 406790.489], [497223.816399999, 406769.637600001], [497226.077799998, 406756.4846], [497225.503799997, 406745.772100002], [497232.2962, 406734.880100001], [497261.1734, 406736.557399999], [497277.969899997, 406739.7465], [497305.528899998, 406736.5449], [497319.683399998, 406742.363000002], [497340.2663, 406752.3158], [497359.134099998, 406753.818799999], [497379.713299997, 406750.430799998], [497407.640500002, 406746.663899999], [497433.685199998, 406727.870900001], [497464.640000001, 406716.7731], [497486.149700001, 406714.704700001], [497495.966200002, 406716.953400001], [497504.466799997, 406722.773200002], [497509.561899997, 406734.238600001], [497515.229199998, 406751.137800001], [497520.525399998, 406792.844799999], [497543.937399998, 406812.567299999], [497550.918700002, 406818.764699999], [497571.684100002, 406823.827399999], [497594.143700004, 406828.523699999], [497623.2139, 406830.5792], [497636.611500002, 406830.021400001], [497649.261500001, 406822.688000001], [497659.260399997, 406818.5491], [497681.157300003, 406819.1094], [497709.656000003, 406818.159899998], [497736.082400002, 406815.525400002], [497772.884900004, 406806.689399999], [497787.7905, 406796.727499999], [497802.318700001, 406787.7082], [497803.824699998, 406769.675999999], [497795.705300003, 406738.859700002], [497783.241800003, 406717.259799998], [497762.095899999, 406700.1756], [497739.063600004, 406688.525699999], [497699.429700002, 406680.6503], [497690.558700003, 406665.6149], [497676.769599996, 406647.586399998], [497649.590999998, 406626.3673], [497639.012699999, 406596.871399999], [497630.508199997, 406575.270799998], [497630.504600003, 406560.798799999], [497644.845299996, 406536.941399999], [497641.063299999, 406510.072000001], [497650.313600004, 406493.5462], [497670.310999997, 406480.577500001], [497685.789399996, 406477.002900001], [497699.943499997, 406480.193300001], [497712.220600002, 406490.337400001], [497734.1228, 406510.4267], [497740.730999999, 406534.855700001], [497747.531900004, 406557.022300001], [497756.026199996, 406575.240699999], [497770.573399998, 406606.987], [497773.597599998, 406623.8981], [497776.622000001, 406641.363600001], [497777.379900001, 406653.573199999], [497780.5867, 406663.908], [497794.741300002, 406670.857999999], [497812.300399996, 406666.906], [497819.472099997, 406660.139699999], [497835.696900003, 406659.947500002], [497850.421599999, 406663.515099999], [497865.523199998, 406664.265799999], [497878.737400003, 406666.5141], [497905.153700002, 406657.3039], [497920.624899998, 406621.602899998], [497918.167599998, 406584.785700001], [497905.883100003, 406539.697700001], [497900.2267, 406528.243299998], [497886.2522, 406503.250300001], [497879.076300003, 406491.230700001], [497871.146200001, 406483.7247], [497863.779399998, 406483.349300001], [497853.218199998, 406486.922499999], [497843.025200002, 406489.930100001], [497840.563100003, 406474.515999999], [497843.3961, 406460.243000001], [497862.074199997, 406434.499699999], [497876.019699998, 406410.798], [497882.453400001, 406397.3004], [497890.563100003, 406383.580699999], [497909.062899999, 406383.576699998], [497924.920199998, 406385.258900002], [497940.022100002, 406385.6327], [497966.631200001, 406369.8464], [497976.630400002, 406364.022300001], [497984.373999998, 406360.4498], [497995.885300003, 406363.641199999], [498001.171999998, 406368.896600001], [498004.755800001, 406376.791700002], [498002.115900002, 406390.887200002], [497996.077699997, 406403.098200001], [497997.028300002, 406413.433499999], [498004.010200001, 406422.824999999], [498011.561899997, 406426.760299999], [498033.836199999, 406422.2533], [498046.292800002, 406410.5955], [498059.882299997, 406399.891199999], [498082.5207, 406373.959100001], [498097.431400001, 406338.824000001], [498103.468900003, 406322.099599998], [498101.956, 406308.381999999], [498088.546599999, 406299.180300001], [498080.992600001, 406284.155299999], [498074.948700003, 406268.941500001], [498089.486500002, 406256.1633], [498094.013499998, 406238.1195], [498080.0418, 406226.8552], [498055.122199997, 406221.215599999], [498040.774700001, 406218.967300002], [498028.885399997, 406214.2788], [498012.840899996, 406199.056000002], [498002.643799998, 406183.8431], [498001.6919, 406167.497200001], [498023.404200003, 406159.419399999], [498056.812600002, 406155.841699999], [498083.987000003, 406154.139600001], [498102.679300003, 406147.371199999], [498124.380099997, 406126.518399999], [498146.654100001, 406116.932599999], [498172.696699999, 406118.8017], [498187.615500003, 406122.369800001], [498204.415799998, 406141.340999998], [498224.4287, 406154.678199999], [498237.451300003, 406162.948600002], [498264.441799998, 406162.378199998], [498294.450400002, 406148.6549], [498303.133100003, 406142.077199999], [498303.129299998, 406120.851599999], [498294.062100001, 406088.1609], [498288.211599998, 406071.2502], [498273.676700003, 406052.089899998], [498248.752499998, 406023.350099999], [498234.026000001, 406014.3369], [498227.982900001, 406002.682799999], [498230.436499998, 405974.880600002], [498254.208700001, 405947.251899999], [498261.951200001, 405934.852299999], [498267.235200003, 405924.327300001], [498265.529799998, 405914.934599999], [498267.793300003, 405904.598700002], [498275.1602, 405903.288800001], [498286.671700001, 405905.1609], [498294.979400001, 405912.112599999], [498302.715999998, 405918.121800002], [498314.7984, 405920.004900001], [498322.543300003, 405921.312199999], [498329.902599998, 405929.583700001], [498335.752300002, 405941.2269], [498335.948899999, 405959.824200001], [498327.452699997, 405980.308200002], [498320.668300003, 405994.5929], [498320.292900004, 406006.991099998], [498323.6928, 406017.6921], [498336.7161, 406029.344999999], [498363.327500001, 406017.507800002], [498380.690300003, 405988.0064], [498393.1426, 405944.599399999], [498388.7914, 405916.7984], [498387.277599998, 405895.750500001], [498395.578299999, 405861.748300001], [498381.9811, 405833.183699999], [498364.047799997, 405813.0812], [498330.443099998, 405806.887899999], [498321.5735, 405799.7588], [498301.560500003, 405789.238200001], [498275.138599999, 405782.6668], [498272.3002, 405771.5777], [498277.206, 405756.7388], [498282.867399998, 405744.894099999], [498288.1501, 405726.2958], [498294.189000003, 405713.519499999], [498313.249600001, 405700.740899999], [498329.671400003, 405712.005100001], [498339.684199996, 405726.475299999], [498347.2368, 405733.0502], [498363.848999999, 405727.225299999], [498372.418099999, 405709.807100002]]}, "properties": {"edge_id": 459, "source_node": 461, "target_node": 522, "length_m": 4999.999921818867, "z_start": 53.0, "z_end": 60.0, "dz": -7.0, "slope": -0.0014000000218907177, "direction_status": "FLOW_REVERSED_SUSPECTED", "confidence": "NEED_REVIEW", "qa_comment": "Altitude de fin superieure a altitude de debut; inversion potentielle a arbitrer.", "review_status": "TO_REVIEW", "direction_runtime": "SOURCE_TO_TARGET", "direction_mnt": "TARGET_TO_SOURCE_CANDIDATE", "mnt_source": "C:\\dev\\WQDSS\\data\\MNT SEBOU 30N 30M\\seboureproj", "review_decision": "", "reviewer": "", "review_comment": "", "needs_business_validation": true}}, {"type": "Feature", "geometry": {"type": "LineString", "crs": {"type": "name", "properties": {"name": "EPSG:26191"}}, "coordinates": [[507009.5858, 390924.3539], [507019.119199999, 390930.235100001], [507035.929300003, 390935.5922], [507058.1307, 390921.714000002], [507096.070500001, 390928.1624], [507133.989399999, 390950.2797], [507151.160999998, 390965.6063], [507168.6853, 390990.203699999], [507198.005500004, 391027.628699999], [507211.937799998, 391057.568399999], [507224.7971, 391091.421599999], [507249.118699998, 391115.658300001], [507274.518799998, 391128.152600002], [507305.292499997, 391145.2751], [507328.904299997, 391156.3266], [507359.677299999, 391162.049800001], [507385.443499997, 391165.995099999], [507413.358000003, 391170.651700001], [507441.2817, 391163.543099999], [507454.893100001, 391153.939399999], [507472.803499997, 391131.1543], [507487.482500002, 391124.745200001], [507513.254000001, 391121.915399998], [507534.377599999, 391118.372400001], [507570.5436, 391103.796500001], [507600.6219, 391078.171399999], [507633.2152, 391056.462699998], [507603.891999997, 391025.0909], [507571.694499999, 391000.836100001], [507529.117299996, 390980.853599999], [507499.069600001, 390955.181299999], [507422.8561, 390921.633499999], [507413.221900001, 390892.4177], [507381.309100002, 390844.399999998], [507347.888300002, 390826.332600001], [507287.385300003, 390823.248300001], [507259.349399999, 390819.0909], [507229.933499999, 390810.219700001], [507189.687899999, 390815.445799999], [507172.203500003, 390811.285399999], [507158.332199998, 390798.012699999], [507149.761399999, 390763.7524], [507149.217699997, 390738.336100001], [507136.475500002, 390707.111099999], [507115.9516, 390684.441199999], [507094.053999998, 390648.230599999], [507076.580200002, 390629.1558], [507071.040600002, 390611.475900002], [507076.881099999, 390596.277199998], [507101.044299997, 390574.7491], [507119.938299999, 390556.809999999], [507131.328900002, 390532.7775], [507133.012500003, 390513.7168], [507134.690300003, 390489.965500001], [507123.326700002, 390477.5152], [507106.679700002, 390462.588300001], [507088.645900004, 390452.0737], [507059.778300002, 390448.4597], [507037.298199996, 390450.938200001], [507014.2443, 390468.874400001], [507005.348999999, 390486.554900002], [507004.505400002, 390505.061799999], [507004.2073, 390534.3475], [507001.409500003, 390563.897599999], [506994.733800001, 390586.270300001], [506988.890299998, 390605.8825], [506977.762199998, 390637.378199998], [506975.807099998, 390649.807500001], [506974.411499999, 390666.373399999], [506970.520000003, 390677.980799999], [506966.063699998, 390692.614999998], [506956.618699998, 390705.593400002], [506944.950199999, 390719.401799999], [506922.738600001, 390734.300500002], [506897.753300004, 390732.907499999], [506894.148100004, 390731.241599999], [506877.768600002, 390729.3004], [506867.234099999, 390718.237100001], [506860.307499997, 390704.969799999], [506854.765799999, 390689.773899998], [506850.879900001, 390680.656], [506831.955200002, 390677.981199998], [506813.561999999, 390680.0418], [506793.785899997, 390681.414000001], [506767.0625, 390685.542399999], [506724.397699997, 390681.021499999], [506702.2108, 390647.506200001], [506698.064000003, 390628.8517], [506704.322999999, 390607.798], [506705.025300004, 390592.5955], [506693.942500003, 390560.474199999], [506691.8873, 390531.464000002], [506681.516000003, 390470.678100001], [506697.150200002, 390444.097600002], [506705.835900001, 390422.0033], [506742.271499999, 390419.611400001], [506772.462800004, 390416.871399999], [506817.912100002, 390411.381200001], [506857.4736, 390410.366999999], [506875.854599997, 390413.141199999], [506893.891099997, 390420.406300001], [506909.167999998, 390404.1941], [506908.148100004, 390385.885499999], [506889.073200002, 390373.0973], [506866.526500002, 390365.485300001], [506846.758699998, 390354.071699999], [506849.890600003, 390334.0473], [506887.023699999, 390324.049400002], [506897.102600001, 390302.300000001], [506902.322099999, 390278.129799999], [506904.758699998, 390263.283399999], [506920.380999997, 390254.6675], [506935.315700002, 390240.173799999], [506946.094999999, 390206.681899998], [506963.457699999, 390189.417800002], [506978.030900002, 390177.696199998], [507009.647, 390132.1325], [507023.1888, 390118.3255], [507040.196500003, 390107.625999998], [507057.8829, 390114.891100001], [507068.978, 390129.4036], [507075.9089, 390137.015799999], [507074.513099998, 390153.592700001], [507067.208899997, 390177.0627], [507064.771399997, 390192.951400001], [507066.832599998, 390212.291999999], [507075.501400001, 390227.146499999], [507091.108499996, 390226.814300001], [507113.286300004, 390209.764699999], [507129.4093, 390173.038899999], [507151.629900001, 390148.1829], [507167.462899998, 390142.117899999], [507187.736900002, 390130.256700002], [507205.785300002, 390121.9868], [507217.718500003, 390125.577399999], [507224.650399998, 390131.670499999], [507234.917599998, 390130.5693], [507245.202600002, 390118.146299999], [507254.921700001, 390109.859099999], [507254.660999998, 390088.590300001], [507261.053499997, 390076.1644], [507265.784699999, 390064.835000001], [507276.886299998, 390058.212200001], [507288.549599998, 390052.976], [507294.9406, 390042.479600001], [507292.365800001, 390032.0207], [507277.195100002, 390015.819400001], [507250.521899998, 389999.598299999], [507215.2839, 389977.1943], [507161.751199998, 389934.051600002], [507157.328699999, 389902.278499998], [507147.093500003, 389859.9998], [507141.015500002, 389821.594300002], [507146.036899999, 389779.870299999], [507152.433899999, 389761.367600001], [507149.1219, 389737.0471], [507125.253899999, 389730.6754], [507077.212499998, 389756.610300001], [507046.389200002, 389775.383400001], [507026.388099998, 389791.669599999], [507005.855099998, 389778.392200001], [507004.211400002, 389755.459100001], [507004.724799998, 389721.8378], [506996.264700003, 389698.223299999], [507005.615800001, 389663.654800002], [507013.256700002, 389634.1527], [507041.232799999, 389611.407499999], [507072.6087, 389569.270399999], [507115.818000004, 389554.964200001], [507153.099600002, 389548.2498], [507208.424800001, 389541.1054], [507222.253600001, 389564.1919], [507282.648599997, 389635.195500001], [507303.812100001, 389656.2916], [507316.4991, 389688.337099999], [507335.111900002, 389715.3418], [507346.102700002, 389745.700599998], [507359.633400001, 389771.847600002], [507404.533699997, 389776.9386], [507419.115800001, 389771.9483]]}, "properties": {"edge_id": 460, "source_node": 523, "target_node": 524, "length_m": 4999.999976444216, "z_start": 158.0, "z_end": 175.0, "dz": -17.0, "slope": -0.003400000016017933, "direction_status": "FLOW_REVERSED_SUSPECTED", "confidence": "NEED_REVIEW", "qa_comment": "Altitude de fin superieure a altitude de debut; inversion potentielle a arbitrer.", "review_status": "TO_REVIEW", "direction_runtime": "SOURCE_TO_TARGET", "direction_mnt": "TARGET_TO_SOURCE_CANDIDATE", "mnt_source": "C:\\dev\\WQDSS\\data\\MNT SEBOU 30N 30M\\seboureproj", "review_decision": "", "reviewer": "", "review_comment": "", "needs_business_validation": true}}, {"type": "Feature", "geometry": {"type": "LineString", "crs": {"type": "name", "properties": {"name": "EPSG:26191"}}, "coordinates": [[508538.140300006, 382706.115000002], [508551.486700006, 382696.891399998], [508559.445500016, 382653.5196], [508598.947900005, 382671.895399999], [508680.283299997, 382641.796100002], [508692.0995, 382610.858400002], [508713.987300009, 382610.2793], [508779.174600005, 382705.567899998], [508856.5079, 382611.008099999], [508971.434700012, 382573.657000002], [508997.365700006, 382484.362000003], [509012.823899999, 382439.711399998], [509021.895900011, 382393.003400005], [509025.384499997, 382364.420200005], [509025.932000004, 382312.182100002], [509029.666100003, 382287.535500005], [509032.785600007, 382278.556600004], [509055.817900009, 382269.208300006], [509094.200599998, 382271.462200001], [509133.804600008, 382280.625600006], [509165.376800008, 382270.653700002], [509182.3389, 382276.480300006], [509201.247100003, 382303.4659], [509213.706900001, 382364.243600003], [509223.926400006, 382412.178500004], [509238.00630001, 382439.048700001], [509261.023999996, 382454.351], [509287.760600008, 382461.284900006], [509314.249000005, 382467.220799997], [509361.294500008, 382464.804700002], [509373.209799998, 382429.3215], [509359.121800005, 382401.708100002], [509357.9331, 382351.930000003], [509364.651800007, 382325.3127], [509415.955300003, 382274.0999], [509436.183200009, 382234.821600005], [509466.1998, 382183.100300003], [509502.498300008, 382146.033500001], [509532.458800003, 382142.370600004], [509561.056700014, 382153.620600004], [509616.856400006, 382177.938100006], [509660.689800009, 382176.507200006], [509707.249399997, 382162.9925], [509748.128500007, 382143.5733], [509773.413400009, 382116.975100003], [509785.327600002, 382084.4531], [509783.120800003, 382066.708999999], [509755.403800011, 382051.644699998], [509748.985699989, 382035.371200006], [509764.114200011, 382010.503600005], [509806.278500006, 381935.376600008], [509858.814499997, 381901.9093], [509896.719000012, 381885.681100003], [509934.123900011, 381870.683499999], [509958.646399997, 381859.376200002], [509959.407500006, 381846.558500007], [509939.861400008, 381830.515299998], [509881.481899999, 381773.027199998], [509867.67589999, 381713.866400007], [509864.226899996, 381692.173499998], [509813.734300002, 381666.984000001], [509802.618900008, 381639.6171], [509785.231600016, 381588.2148], [509757.896400005, 381550.341600005], [509755.830500007, 381520.8992], [509760.560400002, 381499.713700004], [509767.271799996, 381472.8528], [509789.964699998, 381427.634200003], [509811.667000011, 381403.394400001], [509815.649999998, 381381.454100005], [509828.962600008, 381309.613500003], [509838.151200004, 381280.293499995], [509865.184699997, 381243.595700003], [509895.185300007, 381203.696400005], [509907.571500018, 381198.530799996], [509928.756400004, 381202.389200002], [509946.086200006, 381202.163199998], [509954.8851, 381184.042399999], [509966.824600004, 381137.715500001], [509973.7905, 381106.663500004], [510005.162200004, 381072.077399999], [510012.979300007, 381048.289399996], [509996.063700005, 381013.897200003], [509990.74930001, 380992.557200003], [509982.029500008, 380934.022600003], [509993.446599998, 380911.114300001], [510038.062700011, 380872.949400008], [510045.759700008, 380849.549400006], [510057.668600008, 380833.2949], [510074.026700012, 380818.275900003], [510071.072999999, 380799.776999999], [510046.45480001, 380767.328300003], [510048.845800005, 380741.095200002], [510069.672800004, 380717.209900003], [510074.760700002, 380699.0854], [510063.76250001, 380682.940000001], [510031.550499998, 380698.430500001], [510011.965900004, 380717.393800005], [509978.008500002, 380751.3783], [509955.086100012, 380748.260899998], [509948.419700004, 380730.501200002], [509943.985299997, 380706.090599999], [509951.577400006, 380685.784200005], [509960.256200008, 380677.166200004], [509987.988600001, 380680.887400005], [510008.909300007, 380673.379999999], [510019.211999998, 380657.012899999], [510012.096300006, 380591.926600006], [510026.881800011, 380535.612000003], [510036.553099997, 380522.803700004], [510024.815200008, 380507.389400005], [510003.798199996, 380482.717700005], [509961.098800011, 380442.610400002], [509938.236199997, 380416.595199998], [509937.254800007, 380401.314100001], [509947.324300006, 380351.636600006], [509940.2958, 380335.495500002], [509918.376700006, 380325.482099999], [509909.873099998, 380298.2399], [509917.840300001, 380254.625599999], [509943.264900006, 380205.207900003], [509947.258800007, 380182.5359], [509960.703400008, 380110.574000005], [509979.801200017, 380081.253400002], [509976.247500002, 380062.166300006], [509968.338800006, 380039.969900005], [509981.628500007, 379993.012500003], [510008.179100007, 379945.215100005], [510010.072300009, 379918.238700002], [510021.6052, 379891.737900004], [510023.969200008, 379875.629099999], [510029.724000007, 379836.414500006], [510035.930699997, 379826.064300001], [510063.423600003, 379822.644400001], [510079.782600008, 379808.368300006], [510073.976999998, 379788.258699998], [510050.953300007, 379773.930500004], [510033.396700017, 379750.005300004], [510017.940900005, 379739.277700003], [509988.751100004, 379704.728700001], [509968.599800006, 379662.671200004], [509943.746700004, 379630.976599999], [509911.496635496, 379629.477133415]]}, "properties": {"edge_id": 462, "source_node": 527, "target_node": 528, "length_m": 5362.085637232712, "z_start": 231.0, "z_end": 235.0, "dz": -4.0, "slope": -0.0007459783880035786, "direction_status": "FLOW_REVERSED_SUSPECTED", "confidence": "NEED_REVIEW", "qa_comment": "Altitude de fin superieure a altitude de debut; inversion potentielle a arbitrer.", "review_status": "TO_REVIEW", "direction_runtime": "SOURCE_TO_TARGET", "direction_mnt": "TARGET_TO_SOURCE_CANDIDATE", "mnt_source": "C:\\dev\\WQDSS\\data\\MNT SEBOU 30N 30M\\seboureproj", "review_decision": "", "reviewer": "", "review_comment": "", "needs_business_validation": true}}, {"type": "Feature", "geometry": {"type": "LineString", "crs": {"type": "name", "properties": {"name": "EPSG:26191"}}, "coordinates": [[509911.496635496, 379629.477133415], [509911.308800004, 379629.468400005], [509899.157399997, 379637.8389], [509894.190700002, 379654.588599998], [509871.401299998, 379654.321199998], [509845.153300002, 379649.859000005], [509832.39379999, 379638.868300002], [509832.653399996, 379628.755800005], [509849.7742, 379600.918900002], [509853.159300007, 379568.521600001], [509849.465900004, 379550.266100001], [509831.00720001, 379540.744399998], [509811.595400006, 379524.102899998], [509794.619600013, 379527.401099998], [509771.099600017, 379518.750300009], [509756.260800004, 379490.869800005], [509761.502300002, 379448.727600004], [509770.321400002, 379439.255800001], [509802.273500003, 379437.813500002], [509834.471200004, 379440.063999999], [509855.521600015, 379443.778000005], [509866.920700006, 379439.842100002], [509864.235399999, 379401.883300003], [509856.719700009, 379346.7656], [509840.895900011, 379324.805300001], [509822.958400004, 379310.870900001], [509819.017200008, 379290.896400001], [509822.015600003, 379266.4936], [509835.904600009, 379248.023200002], [509880.738400005, 379247.570100002], [509886.166500002, 379267.302099999], [509903.253400005, 379273.229899999], [509920.103100002, 379267.337000001], [509938.6888, 379252.564100001], [509974.8759, 379228.439599998], [509982.568499997, 379219.321700003], [509980.852799997, 379199.604499996], [509964.780000001, 379177.399700001], [509936.926000006, 379153.076000005], [509905.981799997, 379134.304500002], [509895.84610001, 379112.605], [509887.697800003, 379088.922600005], [509894.301000006, 379061.452000003], [509900.253399998, 379056.279800005], [509914.751999997, 379038.165000003], [509922.846199997, 379006.759600002], [509936.371500008, 378965.457699999], [509930.946900003, 378942.277100004], [509903.878100008, 378899.004000004], [509900.684100002, 378879.762200005], [509910.224299997, 378861.154400002], [509926.457300007, 378863.022799998], [509942.552400008, 378873.152200002], [509958.390199997, 378882.039300002], [509971.031000011, 378874.656399999], [509995.824400008, 378850.032300003], [510004.629600011, 378827.964200005], [510013.570500009, 378808.746000003], [510034.933600008, 378781.9714], [510027.697800003, 378764.337200005], [510024.252400011, 378749.4978], [509982.346699998, 378736.915000003], [509956.093999997, 378752.894800004], [509928.70000001, 378744.9049], [509904.730200008, 378716.940200001], [509899.593800001, 378688.404700004], [509912.720100008, 378646.742900006], [509928.129300006, 378622.7731], [509953.8112, 378603.939700004], [509974.927400008, 378614.783200003], [509991.478, 378594.237700004], [510008.599299997, 378566.843600009], [510020.013499998, 378549.722300004], [510032.569100015, 378521.186900001], [510035.422600001, 378485.232200004], [510025.720600009, 378456.696700003], [510008.599299997, 378446.423999999], [509977.210300006, 378439.575500004], [509970.361800008, 378428.732000008], [509975.498099998, 378407.045000002], [509999.467899993, 378379.080300003], [509997.755800001, 378361.388300005], [509982.346699998, 378344.837699998], [509964.654700011, 378341.984200004], [509955.523299992, 378323.721500002], [509966.9375, 378303.746699996], [509975.498099998, 378288.908200003], [509984.058799997, 378276.923300006], [509981.205200009, 378264.9384], [509934.977800004, 378257.519200001], [509921.2808, 378256.377799999], [509892.745300002, 378270.645500001], [509888.750300005, 378295.186000004], [509887.038200006, 378304.888099998], [509872.199800014, 378310.595200002], [509865.921999998, 378300.3224], [509850.512800001, 378291.761799999], [509833.391500004, 378289.4789], [509802.002499998, 378289.4789], [509786.022700004, 378281.489000008], [509790.017600007, 378256.377799999], [509794.012600005, 378240.397900004], [509794.012600005, 378224.418100003], [509780.886300005, 378199.306899998], [509807.138900004, 378177.049199998], [509828.825900018, 378163.922900006], [509833.391500004, 378137.670300003], [509805.99750001, 378121.690400001], [509780.3156, 378106.852000006], [509768.901400015, 378097.149900001], [509767.759999998, 378066.902300004], [509806.5682, 378037.225499999], [509850.512800001, 378021.245600004], [509868.204800002, 378006.407200005], [509864.780600004, 377989.856600009], [509840.810800008, 377972.735300004], [509823.118800007, 377960.179699998], [509840.240100004, 377945.341300003], [509848.800700001, 377932.785700005], [509830.53800001, 377904.2502], [509836.815800011, 377889.982500006], [509857.361299999, 377876.285500001], [509877.336199999, 377888.841100004], [509891.033200003, 377880.851100005], [509899.023100018, 377860.305599999], [509904.159500003, 377840.330800004], [509908.950700007, 377818.410100006], [509908.950700007, 377797.839000005], [509902.4054, 377777.034100004], [509907.31440001, 377760.904500004], [509928.586800009, 377761.138199996], [509940.976200007, 377773.060100004], [509943.547600001, 377787.787200004], [509944.015100002, 377803.449300002], [509947.521499999, 377815.838700004], [509945.6514, 377835.942200001], [509953.131800011, 377848.565400004], [509961.781000011, 377843.656400003], [509976.274300009, 377824.7216], [509984.222199991, 377799.942800004], [509994.273999996, 377780.774300009], [510000.819399998, 377738.463300005], [510004.092, 377725.3726], [510000.585600004, 377698.4899], [509983.520900011, 377683.061600007], [509961.781000011, 377669.269600004], [509950.560400017, 377659.685300004], [509948.924099997, 377652.906200003], [509983.05340001, 377637.010400001], [509986.793600008, 377628.1274], [509975.806800008, 377613.867900003], [509946.118900001, 377609.426400002], [509936.534699999, 377599.842100002], [509937.937299997, 377585.115099996], [509942.846300006, 377576.465900004], [509979.780700006, 377572.725699998], [509990.7676, 377571.790600006], [510023.728100002, 377573.660700001], [510030.273400009, 377571.089300007], [510031.9098, 377558.232399996], [510016.481500007, 377551.9208], [510000.351800002, 377544.674200002], [509989.598800004, 377534.1549], [509950.560400017, 377533.921100002], [509936.300900005, 377528.077000003], [509926.482900001, 377510.544799998], [509923.677700006, 377489.506200004], [509920.405100003, 377466.363699999], [509897.311000004, 377417.435200006], [509882.472500011, 377403.167500004], [509881.331100002, 377391.7533], [509896.16960001, 377384.904800005], [509910.437300004, 377375.2027], [509915.002999999, 377347.808699999], [509909.29590001, 377310.141900003], [509900.73520001, 377302.152000003], [509869.916900016, 377324.980300002], [509852.225000009, 377332.9703], [509836.815800011, 377336.965200003], [509824.830900006, 377337.535900008], [509827.684500001, 377319.273200002], [509825.401600011, 377296.444899999], [509823.689499997, 377278.752900001], [509812.846000016, 377265.055900004], [509794.583300009, 377258.778100006], [509792.300500006, 377254.783100002], [509805.426800005, 377239.373900004], [509800.861100003, 377211.979900002], [509792.300500006, 377192.005099997], [509775.179200008, 377149.201900009], [509781.45700001, 377122.378600001], [509790.017600007, 377113.247200001], [509804.285400011, 377094.984499998], [509820.835900009, 377070.444000002], [509823.689499997, 377047.615600005], [509808.280299999, 377035.060000002], [509788.305500008, 377027.640800003], [509784.737000011, 377021.365200006]]}, "properties": {"edge_id": 463, "source_node": 528, "target_node": 529, "length_m": 4637.914383736977, "z_start": 235.0, "z_end": 257.0, "dz": -22.0, "slope": -0.004743511453584361, "direction_status": "FLOW_REVERSED_SUSPECTED", "confidence": "NEED_REVIEW", "qa_comment": "Altitude de fin superieure a altitude de debut; inversion potentielle a arbitrer.", "review_status": "TO_REVIEW", "direction_runtime": "SOURCE_TO_TARGET", "direction_mnt": "TARGET_TO_SOURCE_CANDIDATE", "mnt_source": "C:\\dev\\WQDSS\\data\\MNT SEBOU 30N 30M\\seboureproj", "review_decision": "", "reviewer": "", "review_comment": "", "needs_business_validation": true}}, {"type": "Feature", "geometry": {"type": "LineString", "crs": {"type": "name", "properties": {"name": "EPSG:26191"}}, "coordinates": [[506955.767300002, 384052.054499999], [506955.871100001, 384051.908500001], [507237.607100002, 383752.122200001], [507270.302699998, 383736.666999999], [507313.313199997, 383824.544300001], [507342.917800002, 383831.7412], [507404.439000003, 383792.190499999], [507410.294600002, 383775.295899998], [507396.555100001, 383745.833700001], [507416.3002, 383695.628199998], [507407.517200001, 383654.149700001], [507379.235100001, 383606.8125], [507369.858499996, 383556.7399], [507382.254000001, 383533.751400001], [507399.594999999, 383525.3928], [507457.5167, 383535.9384], [507502.548600003, 383575.293900002], [507524.3191, 383592.065900002], [507542.245399997, 383590.7271], [507557.504699998, 383576.8671], [507596.276000001, 383513.392700002], [507638.890299998, 383481.446600001], [507732.4877, 383468.602899998], [507841.432999998, 383447.6558], [507848.887199998, 383418.5097], [507855.274999998, 383361.5634], [507923.647600003, 383314.137699999], [508016.827399999, 383317.5414], [508057.945, 383300.931499999], [508085.2029, 383267.910100002], [508084.823200002, 383225.451200001], [508050.501999997, 383194.174600001], [508035.659599997, 383093.964899998], [507991.722900003, 383024.956799999], [508089.772100002, 382927.1479], [508166.934600003, 382904.148600001], [508200.688000001, 382811.520399999], [508291.897600003, 382707.109999999], [508343.550700001, 382637.562100001], [508426.7447, 382645.518599998], [508472.273000002, 382677.105799999], [508460.331299998, 382736.2311], [508487.965300001, 382740.7907], [508538.140299998, 382706.114999998]]}, "properties": {"edge_id": 464, "source_node": 530, "target_node": 527, "length_m": 2919.3580793929905, "z_start": 203.0, "z_end": 231.0, "dz": -28.0, "slope": -0.009591149574163207, "direction_status": "FLOW_REVERSED_SUSPECTED", "confidence": "NEED_REVIEW", "qa_comment": "Altitude de fin superieure a altitude de debut; inversion potentielle a arbitrer.", "review_status": "TO_REVIEW", "direction_runtime": "SOURCE_TO_TARGET", "direction_mnt": "TARGET_TO_SOURCE_CANDIDATE", "mnt_source": "C:\\dev\\WQDSS\\data\\MNT SEBOU 30N 30M\\seboureproj", "review_decision": "", "reviewer": "", "review_comment": "", "needs_business_validation": true}}, {"type": "Feature", "geometry": {"type": "LineString", "crs": {"type": "name", "properties": {"name": "EPSG:26191"}}, "coordinates": [[507419.115800001, 389771.9483], [507453.675800003, 389760.121300001], [507468.936800003, 389743.266800001], [507469.814199999, 389706.163899999], [507467.295199998, 389683.396400001], [507498.656900004, 389649.699299999], [507529.190700002, 389613.462299999], [507547.867899999, 389557.821600001], [507516.1611, 389501.198800001], [507482.591399998, 389270.443399999]]}, "properties": {"edge_id": 466, "source_node": 524, "target_node": 531, "length_m": 569.4755537563772, "z_start": 175.0, "z_end": 206.0, "dz": -31.0, "slope": -0.05443605049508739, "direction_status": "FLOW_REVERSED_SUSPECTED", "confidence": "NEED_REVIEW", "qa_comment": "Altitude de fin superieure a altitude de debut; inversion potentielle a arbitrer.", "review_status": "TO_REVIEW", "direction_runtime": "SOURCE_TO_TARGET", "direction_mnt": "TARGET_TO_SOURCE_CANDIDATE", "mnt_source": "C:\\dev\\WQDSS\\data\\MNT SEBOU 30N 30M\\seboureproj", "review_decision": "", "reviewer": "", "review_comment": "", "needs_business_validation": true}}, {"type": "Feature", "geometry": {"type": "LineString", "crs": {"type": "name", "properties": {"name": "EPSG:26191"}}, "coordinates": [[505880.6479, 392839.280499998], [505894.073200002, 392828.831599999], [505909.4679, 392807.1175], [505914.142300002, 392778.6215], [505919.536799997, 392733.747299999], [505920.270300001, 392710.593800001], [505938.9111, 392659.318399999], [505945.000600003, 392639.018100001], [505948.604599997, 392596.992800001], [505935.384900004, 392560.290899999], [505911.073399998, 392535.3477], [505892.120899998, 392508.267700002], [505863.498599999, 392489.720400002], [505842.3917, 392486.857700001], [505820.917599998, 392481.144900002], [505825.9476, 392459.069699999], [505837.0546, 392437.341899998], [505900.400399998, 392420.647100002], [505965.891900003, 392423.892200001], [505988.082999997, 392418.561099999], [506012.432099998, 392398.2722], [506033.210100003, 392366.936500002], [506036.444399998, 392341.655499998], [506025.721900001, 392322.7641], [506014.290799998, 392286.7841], [506018.2553, 392244.0383], [506010.752300002, 392223.374699999], [505990.723200001, 392206.617699999], [505972.824100003, 392205.187199999], [505953.142499998, 392208.024900001], [505932.017899998, 392217.980900001], [505900.877999999, 392228.296799999], [505851.858499996, 392220.426899999], [505825.023699999, 392202.9564], [505791.407799996, 392159.4782], [505786.772500001, 392138.4617], [505790.7245, 392114.9553], [505801.467699997, 392100.712400001], [505830.821400002, 392086.125799999], [505861.596199997, 392085.434799999], [505900.256099999, 392084.382800002], [505927.814800002, 392079.775600001], [505956.079400003, 392081.9333], [505985.4278, 392091.2108], [505982.544600002, 392115.427499998], [505994.354000002, 392122.199099999], [506011.512000002, 392143.944400001], [506041.575400002, 392145.0277], [506077.370800003, 392137.9311], [506115.3138, 392118.360800002], [506150.054300003, 392088.464699998], [506179.056000002, 392062.8343], [506194.807599999, 392048.240200002], [506212.7293, 392015.128800001], [506217.748000003, 391998.0328], [506205.247400001, 391962.040800002], [506186.999300003, 391957.759799998], [506160.512000002, 391959.1622], [506131.519100003, 391970.543200001], [506105.011699997, 392003.660399999], [506094.626500003, 392019.6774], [506063.121200003, 392037.821400002], [506027.358800001, 391991.491099998], [506021.649400003, 391963.354600001], [506012.719999999, 391937.3453], [505996.637699999, 391905.631700002], [505993.075400002, 391879.980599999], [505997.7434, 391847.925099999], [506013.860200003, 391824.781199999], [506037.501400001, 391803.4164], [506050.747000001, 391785.260899998], [506055.424500003, 391753.205499999], [506064.387400001, 391726.131700002], [506075.507200003, 391686.251499999], [506053.684600003, 391674.838199999], [506028.619800001, 391686.221999999], [506018.5968, 391697.9701], [506001.056599997, 391696.173799999], [505975.667599998, 391665.519099999], [505955.998300001, 391646.633400001], [505949.922899999, 391628.0999], [505950.655699998, 391606.376899999], [505950.666000001, 391589.6325], [505946.384999998, 391562.550500002], [505948.545299999, 391544.0332], [505961.438000001, 391530.146600001], [505975.753200002, 391527.660500001], [505996.872000001, 391529.458900001], [506025.8543, 391536.962099999], [506054.475000002, 391547.3039], [506081.680799998, 391549.106400002], [506090.619499996, 391560.511599999], [506096.697499998, 391574.764800001], [506117.093900003, 391581.187199999], [506134.281000003, 391558.399099998], [506131.445600003, 391521.348900002], [506125.368299998, 391506.031100001], [506112.856799997, 391485.7192], [506104.994999997, 391462.915199999], [506101.435800001, 391432.628800001], [506110.029399998, 391421.2348], [506118.268600002, 391416.25], [506146.185999997, 391416.2678], [506161.218900003, 391416.632199999], [506188.053800002, 391421.9943], [506226.6994, 391433.063900001], [506258.903300002, 391450.538899999], [506303.6457, 391446.298799999], [506336.206900001, 391453.0845], [506376.646300003, 391456.6708], [506440.723499998, 391446.744399998], [506468.294299997, 391427.1686], [506480.832099996, 391407.582800001], [506503.762199998, 391376.9593], [506521.308399998, 391357.022100002], [506525.263899997, 391331.3759], [506521.696500003, 391314.995000001], [506508.464000002, 391297.886799999], [506481.279600002, 391277.1985], [506478.436300002, 391253.687899999], [506495.627499998, 391226.986099999], [506499.937399998, 391209.169], [506492.797600001, 391183.515299998], [506445.9071, 391184.5594], [506401.898599997, 391164.935800001], [506382.577299997, 391149.598000001], [506381.156400003, 391136.423300002], [506379.387900002, 391105.0735], [506380.1338, 391065.164700002], [506364.044500001, 391029.536200002], [506345.093400002, 391011.7148], [506327.557300001, 391002.078000002], [506308.238200001, 390996.720400002], [506296.4265, 390991.722600002], [506289.987899996, 390978.899599999], [506285.3552, 390954.667100001], [506283.581, 390931.5121], [506292.899099998, 390913.354400001], [506311.877300002, 390904.451299999], [506330.836400002, 390910.529399998], [506353.3807, 390920.513300002], [506391.671999998, 390926.238400001], [506416.7271, 390933.0304], [506432.111900002, 390946.214400001], [506456.791299999, 390962.975299999], [506488.290399998, 390960.501499999], [506520.869000003, 390957.318799999], [506581.7271, 390939.196400002], [506612.147600003, 390936.012600001], [506630.7575, 390939.939800002], [506649.719400004, 390954.911899999], [506659.7293, 390977.717799999], [506682.263400003, 390988.4232], [506705.165399998, 391000.5594], [506725.199000001, 391012.682599999], [506738.801899999, 391014.4663], [506761.006399997, 390995.253600001], [506769.963500001, 390980.289700002], [506774.987499997, 390957.849100001], [506771.783799998, 390936.123500001], [506776.091200002, 390922.941799998], [506793.9846, 390922.5995], [506831.206699997, 390926.895100001], [506848.033200003, 390922.283], [506865.942900002, 390899.130800001], [506885.312100001, 390847.1373], [506911.82, 390821.5075], [506946.185000002, 390810.487599999], [506964.438299999, 390810.1459], [506985.552100003, 390820.851], [506994.133100003, 390829.040899999], [507004.494099997, 390850.073199999], [507004.4837, 390864.322500002], [506993.372000001, 390886.403700002], [506990.4978, 390907.060400002], [507004.092, 390920.9648], [507009.5858, 390924.3539]]}, "properties": {"edge_id": 467, "source_node": 534, "target_node": 523, "length_m": 5000.000005521894, "z_start": 154.0, "z_end": 158.0, "dz": -4.0, "slope": -0.0007999999991164969, "direction_status": "FLOW_REVERSED_SUSPECTED", "confidence": "NEED_REVIEW", "qa_comment": "Altitude de fin superieure a altitude de debut; inversion potentielle a arbitrer.", "review_status": "TO_REVIEW", "direction_runtime": "SOURCE_TO_TARGET", "direction_mnt": "TARGET_TO_SOURCE_CANDIDATE", "mnt_source": "C:\\dev\\WQDSS\\data\\MNT SEBOU 30N 30M\\seboureproj", "review_decision": "", "reviewer": "", "review_comment": "", "needs_business_validation": true}}, {"type": "Feature", "geometry": {"type": "LineString", "crs": {"type": "name", "properties": {"name": "EPSG:26191"}}, "coordinates": [[504371.032200001, 395629.279599998], [504370.147200003, 395626.837099999], [504374.273199998, 395615.217500001], [504393.972099997, 395598.8145], [504416.414399996, 395570.381000001], [504422.683799997, 395549.015000001], [504423.131899998, 395536.9945], [504415.983999997, 395524.0834], [504402.576399997, 395511.169500001], [504386.485100001, 395500.4833], [504375.75, 395489.7995], [504377.547399998, 395470.2168], [504381.581100002, 395459.085099999], [504391.875100002, 395446.625599999], [504411.098099999, 395463.556499999], [504454.909199998, 395477.371599998], [504517.522, 395481.8475], [504564.029100001, 395467.187399998], [504621.293700002, 395435.610599998], [504690.6417, 395353.739500001], [504713.471900001, 395308.351599999], [504747.0264, 395276.763900001], [504770.296599999, 395255.850200001], [504791.767800003, 395237.619100001], [504820.420699999, 395182.8862], [504834.757200003, 395126.360800002], [504829.8433, 395108.105599999], [504803.4745, 395074.7029], [504789.175399996, 395056.010600001], [504781.137100004, 395035.524900001], [504811.565099999, 395008.837299999], [504825.887100004, 394981.687199999], [504900.5902, 394948.790100001], [504931.002599999, 394935.4432], [504955.604900002, 394926.107700001], [504974.848800004, 394902.531], [504973.970899999, 394870.926399998], [504981.147600003, 394827.749000002], [504988.318800002, 394795.261500001], [505064.808600001, 394769.4859], [505095.240500003, 394738.341499999], [505105.538800001, 394703.626800001], [505101.988499999, 394652.869899999], [505077.862800002, 394613.690299999], [505036.311300002, 394539.770399999], [505047.498999998, 394514.4043], [505043.040700004, 394489.030000001], [505031.423299998, 394472.113000002], [505040.389200002, 394428.9366], [505061.880099997, 394395.1149], [505090.075099997, 394359.511500001], [505115.585199997, 394327.921], [505146.897399999, 394308.797800001], [505207.303199999, 394264.7621], [505242.198700003, 394235.394900002], [505253.842500001, 394220.708099999], [505263.243199997, 394194.010600001], [505296.805200003, 394159.297899999], [505336.6193, 394156.658500001], [505391.199299999, 394129.975299999], [505443.538000002, 394105.076400001], [505505.705700003, 394112.6745], [505541.497299999, 394098.900199998], [505549.1061, 394079.3101], [505553.145599999, 394061.514400002], [505565.224200003, 394045.486499999], [505576.863799997, 394039.2612], [505601.897799998, 394053.525199998], [505617.5484, 394062.8825], [505641.246600002, 394074.916900001], [505665.383699998, 394093.183800001], [505719.055, 394092.772], [505746.343999997, 394082.0984], [505780.3495, 394064.764199998], [505793.774899997, 394048.293900002], [505808.987199999, 394034.9518], [505832.259499997, 394019.385600001], [505836.740199998, 394004.695300002], [505836.302500002, 393981.552000001], [505827.849600002, 393916.986000001], [505809.527400002, 393888.487], [505786.286899999, 393866.2172], [505732.173199996, 393848.819200002], [505704.175800003, 393824.550700001], [505683.0722, 393805.309700001], [505665.209100001, 393763.271400001], [505580.794399999, 393716.5702], [505551.803000003, 393719.758200001], [505516.384400003, 393723.6523], [505492.047799997, 393729.693], [505456.633900002, 393709.368700001], [505436.954300001, 393697.969099998], [505430.174599998, 393669.8211], [505435.192900002, 393649.530900002], [505445.9485, 393625.6732], [505440.945699997, 393602.161499999], [505404.811800003, 393598.581500001], [505381.202100001, 393590.373399999], [505378.345200002, 393571.143300001], [505400.896899998, 393558.691799998], [505430.598099999, 393556.568300001], [505475.693700001, 393545.903999999], [505513.619900003, 393543.796599999], [505546.544200003, 393533.125599999], [505571.609200001, 393512.126200002], [505615.993600003, 393488.2883], [505651.778300002, 393474.780499998], [505677.554099999, 393468.741099998], [505698.296499997, 393476.227400001], [505707.951899998, 393489.7729], [505734.776500002, 393518.6316], [505751.230700001, 393526.836199999], [505778.780900002, 393529.347800002], [505799.535999998, 393530.7797], [505820.637000002, 393539.697000001], [505835.671800002, 393531.522300001], [505834.617299996, 393506.5823], [505827.468500003, 393480.585099999], [505816.0506, 393438.9054], [505813.221199997, 393375.507300001], [505824.329700001, 393349.5101], [505837.582699999, 393330.289700002], [505832.225400001, 393314.972399998], [505826.145300001, 393305.354499999], [505782.144500002, 393287.164000001], [505752.806400001, 393281.8015], [505710.226099998, 393277.861699998], [505686.609999999, 393279.6219], [505656.910999998, 393276.399700001], [505647.9771, 393258.5854], [505649.779600002, 393235.432399999], [505661.593800001, 393216.210900001], [505678.427599996, 393191.647399999], [505678.4406, 393169.5579], [505678.823100001, 393130.735300001], [505682.785999998, 393087.645500001], [505687.445699997, 393066.989300001], [505702.130400002, 393043.843899999], [505718.254699998, 393018.925299998], [505740.448700003, 393006.1195], [505764.788400002, 392998.294100001], [505782.690499999, 392976.9362], [505805.258500002, 392940.6219], [505816.725900002, 392901.451200001], [505856.118199997, 392858.371800002], [505880.6479, 392839.280499998]]}, "properties": {"edge_id": 468, "source_node": 535, "target_node": 534, "length_m": 4999.999987864581, "z_start": 134.0, "z_end": 154.0, "dz": -20.0, "slope": -0.004000000009708335, "direction_status": "FLOW_REVERSED_SUSPECTED", "confidence": "NEED_REVIEW", "qa_comment": "Altitude de fin superieure a altitude de debut; inversion potentielle a arbitrer.", "review_status": "TO_REVIEW", "direction_runtime": "SOURCE_TO_TARGET", "direction_mnt": "TARGET_TO_SOURCE_CANDIDATE", "mnt_source": "C:\\dev\\WQDSS\\data\\MNT SEBOU 30N 30M\\seboureproj", "review_decision": "", "reviewer": "", "review_comment": "", "needs_business_validation": true}}, {"type": "Feature", "geometry": {"type": "LineString", "crs": {"type": "name", "properties": {"name": "EPSG:26191"}}, "coordinates": [[486203.310400002, 451933.440099999], [486185.260499999, 451892.4034]]}, "properties": {"edge_id": 469, "source_node": 536, "target_node": 537, "length_m": 44.83090046974696, "z_start": 103.0, "z_end": 109.0, "dz": -6.0, "slope": -0.13383625885562914, "direction_status": "FLOW_REVERSED_SUSPECTED", "confidence": "NEED_REVIEW", "qa_comment": "Altitude de fin superieure a altitude de debut; inversion potentielle a arbitrer.", "review_status": "TO_REVIEW", "direction_runtime": "SOURCE_TO_TARGET", "direction_mnt": "TARGET_TO_SOURCE_CANDIDATE", "mnt_source": "C:\\dev\\WQDSS\\data\\MNT SEBOU 30N 30M\\seboureproj", "review_decision": "", "reviewer": "", "review_comment": "", "needs_business_validation": true}}, {"type": "Feature", "geometry": {"type": "LineString", "crs": {"type": "name", "properties": {"name": "EPSG:26191"}}, "coordinates": [[486185.260499999, 451892.4034], [486172.206299998, 451877.348200001], [486165.360600002, 451864.9793], [486169.847900003, 451843.587400001], [486217.496799998, 451780.338300001], [486213.958700001, 451748.187600002], [486194.747599997, 451721.938200001], [486150.9498, 451729.588500001], [486113.347000003, 451768.3543], [486042.822800003, 451818.859200001], [486015.137500003, 451882.9562], [485961.689800002, 451909.167399999], [485860.0528, 451903.793200001], [485809.145900004, 451955.8904], [485921.0858, 452049.874299999], [485927.118900001, 452070.419], [485922.507799998, 452106.874299999], [485890.598300002, 452139.2214], [485841.722900003, 452169.885600001], [485817.405000001, 452179.4608], [485796.030900002, 452190.262899999], [485770.035700001, 452230.421599999], [485745.762599997, 452269.856800001], [485722.431999996, 452283.590300001], [485697.595200002, 452276.772500001], [485652.551600002, 452240.136300001], [485603.379900001, 452231.403099999], [485553.745399997, 452243.956500001], [485523.477899998, 452221.740499999], [485494.459200002, 452213.2214], [485462.7733, 452228.687399998], [485453.972499996, 452262.953200001], [485464.837899998, 452296.7009], [485510.8495, 452324.771699998], [485519.244499996, 452349.228100002], [485505.509900004, 452369.303399999], [485467.4111, 452373.764800001], [485405.7227, 452378.018199999], [485379.922200002, 452382.2172], [485348.712300003, 452390.8391], [485315.304799996, 452400.673500001], [485308.679099999, 452412.6743], [485330.618000001, 452448.1131], [485327.694499999, 452465.9758], [485305.331299998, 452482.426399998], [485262.838, 452483.456799999], [485247.258400001, 452477.346900001], [485215.5295, 452511.614999998], [485198.376900002, 452537.1534], [485140.670299999, 452555.322900001], [485143.000699997, 452592.444600001], [485157.983099997, 452633.096000001], [485195.644599996, 452654.667199999], [485232.6206, 452659.778999999], [485265.044200003, 452648.426100001], [485299.074199997, 452632.8781], [485325.670599997, 452634.135000002], [485348.002400003, 452603.420000002], [485364.8279, 452579.513], [485399.1888, 452564.286499999], [485453.714500003, 452587.441300001], [485438.202600002, 452625.566300001], [485406.173199996, 452679.201000001], [485373.181199998, 452738.3391], [485365.499700002, 452802.9179], [485354.642700002, 452918.181600001], [485337.281099997, 453016.351199999], [485320.777099997, 453040.269000001], [485299.054799996, 453043.530099999], [485276.320200004, 453026.1283], [485243.520599999, 452994.865800001], [485196.490000002, 452993.640700001], [485168.6215, 453010.477400001], [485142.017099999, 453003.4197], [485107.979599997, 453013.156100001], [485105.4265, 453038.982500002], [485098.674099997, 453075.153299998], [485074.388800003, 453103.598099999], [485060.941699997, 453118.6822], [485050.637199998, 453133.373199999], [485038.851999998, 453156.385600001], [485027.612199999, 453182.336599998], [485006.959700003, 453177.965399999], [485007.9164, 453162.800900001], [485001.942199998, 453128.069800001], [484985.667099997, 453081.120200001], [484981.180299997, 453042.4712], [484966.3684, 453017.0491], [484917.223700002, 453011.746800002], [484893.133100003, 453024.019499999], [484870.591700003, 453053.892900001], [484862.330399998, 453114.590999998], [484879.137000002, 453172.787], [484857.045000002, 453202.6708], [484819.266999997, 453251.1701], [484791.296499997, 453266.388500001], [484767.177900001, 453260.548099998], [484752.844499998, 453213.595800001], [484743.400700003, 453147.0691], [484702.555799998, 453122.665199999], [484671.111900002, 453114.895599999], [484615.549099997, 453124.280000001], [484577.208999999, 453107.703600001], [484535.836099997, 453074.493999999], [484497.534100004, 453087.278700002], [484492.167999998, 453112.2447], [484498.114600003, 453140.1206], [484517.795100004, 453166.510200001], [484551.770300001, 453187.009], [484560.673799999, 453218.8068], [484555.273699999, 453239.8462], [484534.674699999, 453251.6261], [484500.718599997, 453242.8739], [484427.896300003, 453203.848099999], [484394.444700003, 453173.077599999], [484378.119999997, 453125.640999999], [484339.252599999, 453089.499899998], [484282.262976378, 453088.640071361]]}, "properties": {"edge_id": 470, "source_node": 537, "target_node": 538, "length_m": 4955.169099512041, "z_start": 109.0, "z_end": 129.0, "dz": -20.0, "slope": -0.004036189199268597, "direction_status": "FLOW_REVERSED_SUSPECTED", "confidence": "NEED_REVIEW", "qa_comment": "Altitude de fin superieure a altitude de debut; inversion potentielle a arbitrer.", "review_status": "TO_REVIEW", "direction_runtime": "SOURCE_TO_TARGET", "direction_mnt": "TARGET_TO_SOURCE_CANDIDATE", "mnt_source": "C:\\dev\\WQDSS\\data\\MNT SEBOU 30N 30M\\seboureproj", "review_decision": "", "reviewer": "", "review_comment": "", "needs_business_validation": true}}, {"type": "Feature", "geometry": {"type": "LineString", "crs": {"type": "name", "properties": {"name": "EPSG:26191"}}, "coordinates": [[505645.552299999, 396353.355900001], [505658.035300002, 396334.6668], [505670.9397, 396289.386], [505632.318899997, 396268.282699998], [505614.8609, 396266.276500002], [505588.813299999, 396277.0955], [505573.639899999, 396293.598499998], [505566.476199999, 396311.547800001], [505567.315899998, 396342.021499999], [505585.308600001, 396407.258699998], [505597.017200001, 396451.699999999], [505607.574199997, 396495.009599999], [505637.870899998, 396562.527399998], [505646.423600003, 396612.0902], [505661.577600002, 396643.7256], [505663.853699997, 396660.527100001], [505664.6844, 396705.5277], [505660.6549, 396754.8059], [505644.324600004, 396780.434599999], [505625.413500004, 396821.719900001], [505616.541299999, 396829.976199999], [505599.362099998, 396841.643100001], [505575.889600001, 396849.314300001], [505569.294699997, 396872.664500002], [505559.560400002, 396905.4608], [505557.767099999, 396914.364399999], [505548.8191, 396926.457600001], [505518.060400002, 396926.085099999], [505510.547799997, 396926.7905], [505480.494999997, 396933.1829], [505408.942599997, 396960.200199999], [505399.280100003, 396964.829999998], [505387.479699999, 396968.383099999], [505374.957400002, 396960.890799999], [505367.457199998, 396939.173900001], [505366.760200001, 396916.3851], [505367.844700001, 396888.973099999], [505373.942199998, 396864.059], [505386.832400002, 396840.568100002], [505397.929300003, 396825.969799999], [505382.187200002, 396823.111000001], [505334.250100002, 396833.053599998], [505291.334799998, 396829.470199998], [505283.102899998, 396830.541299999], [505265.216499999, 396838.3605], [505260.551600002, 396856.511100002], [505252.662699997, 396887.844999999], [505232.6241, 396904.2128], [505210.078900002, 396919.503800001], [505201.129600003, 396934.813200001], [505201.119599998, 396953.3211], [505194.678099997, 396967.556200001], [505169.266900003, 396982.147100002], [505157.463699996, 396991.0343], [505145.648199998, 397005.987399999], [505129.9071, 397018.798099998], [505116.315800004, 397010.595899999], [505110.963699996, 396987.094999999], [505123.489399999, 396971.443599999], [505129.943800002, 396950.0781], [505109.9274, 396925.149900001], [505100.977600001, 396924.435400002], [505085.241400003, 396927.9868], [505068.420000002, 396944.356699999], [505055.887500003, 396973.182100002], [505044.428199999, 396994.534000002], [505037.267399996, 397009.844500002], [505048.344800003, 397031.2082], [505048.331699997, 397056.136799999], [505045.102300003, 397079.9881], [505014.6897, 397088.510899998], [504980.707699999, 397083.869100001], [504937.799099997, 397069.2535], [504912.760399997, 397059.6263], [504898.822800003, 397043.240400001], [504910.988200001, 397028.2872], [504932.101599999, 397017.618999999], [504927.466300003, 396979.5251], [504907.445799999, 396961.716600001], [504869.544399999, 396941.758900002], [504846.640900001, 396955.9859], [504805.141099997, 396961.3101], [504787.264700003, 396950.256299999], [504757.9494, 396920.334100001], [504755.453299999, 396897.910399999], [504761.913500004, 396863.3706], [504763.352799997, 396842.0134], [504754.061700001, 396822.780099999], [504734.391000003, 396823.4912], [504721.149899997, 396832.733100001], [504713.983099997, 396861.2179], [504706.808499999, 396886.841600001], [504705.007600002, 396912.833900001], [504695.700300001, 396926.713100001], [504678.8895, 396941.664299998], [504659.571500003, 396937.740400001], [504636.681900002, 396923.8345], [504603.795599997, 396881.457800001], [504637.081200004, 396841.241999999], [504650.329700001, 396816.319800001], [504664.3028, 396780.020399999], [504678.261600003, 396754.388900001], [504684.354599997, 396735.1631], [504665.043700002, 396715.925000001], [504649.679399997, 396674.266399998], [504638.256499998, 396640.438700002], [504623.595899999, 396630.1076], [504580.6756, 396615.482500002], [504539.534400001, 396619.7324], [504515.204899996, 396627.561000001], [504484.081299998, 396636.806000002], [504462.624399997, 396632.160700001], [504449.035599999, 396616.1305], [504383.217299998, 396622.864700001], [504362.109399997, 396620.725900002], [504347.0889, 396610.749899998], [504333.860299997, 396592.579799999], [504330.651799999, 396573.715599999], [504338.8961, 396524.937800001], [504346.071900003, 396495.033399999], [504346.437299997, 396461.566300001], [504347.1721, 396426.6688], [504364.711499996, 396411.728500001], [504390.112199999, 396400.6952], [504417.296099998, 396400.707600001], [504431.962800004, 396398.940099999], [504444.137900002, 396383.276700001], [504450.937700003, 396370.105799999], [504453.457800001, 396342.339600001], [504450.959399998, 396323.109700002], [504439.163800001, 396295.325800002], [504461.352600001, 396273.9782], [504478.536899999, 396250.4881], [504509.0656, 396234.899900001], [504525.101199999, 396223.740600001], [504528.997000001, 396211.666200001], [504534.9586, 396197.5414], [504564.951499999, 396184.791900001], [504594.491499998, 396174.781300001], [504624.724399999, 396161.7993], [504635.257700004, 396149.273499999], [504634.355400004, 396127.848700002], [504634.362400003, 396113.266399998], [504625.8983, 396097.7707], [504610.1052, 396082.947999999], [504579.215999998, 396041.237799998], [504562.746699996, 396013.418200001], [504556.572800003, 395988.808400001], [504548.125399999, 395956.900699999], [504541.044500001, 395920.214299999], [504536.931299999, 395904.4879], [504524.346299998, 395888.524599999], [504513.589299999, 395866.6406], [504504.683300003, 395829.265799999], [504504.461000003, 395811.722600002], [504508.126199998, 395800.3246], [504518.4454, 395772.9835], [504521.665299997, 395747.9234], [504519.144500002, 395736.977200002], [504512.512500003, 395725.352600001], [504502.209899999, 395717.141800001], [504493.291699998, 395705.294399999], [504454.6206, 395662.660599999], [504425.773400001, 395646.468199998], [504398.532200001, 395645.989999998], [504389.1382, 395646.2185], [504379.524899997, 395642.111200001], [504373.121100001, 395635.044399999], [504371.032200001, 395629.279599998]]}, "properties": {"edge_id": 472, "source_node": 540, "target_node": 535, "length_m": 4569.003335781508, "z_start": 113.0, "z_end": 134.0, "dz": -21.0, "slope": -0.004596188371223424, "direction_status": "FLOW_REVERSED_SUSPECTED", "confidence": "NEED_REVIEW", "qa_comment": "Altitude de fin superieure a altitude de debut; inversion potentielle a arbitrer.", "review_status": "TO_REVIEW", "direction_runtime": "SOURCE_TO_TARGET", "direction_mnt": "TARGET_TO_SOURCE_CANDIDATE", "mnt_source": "C:\\dev\\WQDSS\\data\\MNT SEBOU 30N 30M\\seboureproj", "review_decision": "", "reviewer": "", "review_comment": "", "needs_business_validation": true}}, {"type": "Feature", "geometry": {"type": "LineString", "crs": {"type": "name", "properties": {"name": "EPSG:26191"}}, "coordinates": [[504558.366300009, 400165.913400006], [504564.158300005, 400167.313200004], [504617.359399997, 400192.677900001], [504642.525600009, 400208.070999999], [504664.254100002, 400225.159200002], [504691.143400006, 400240.264900003], [504708.581, 400250.808300003], [504723.170000002, 400264.200399999], [504736.034900002, 400279.299400006], [504748.899700001, 400294.675599996], [504760.901600011, 400322.016900003], [504764.605700009, 400340.804200005], [504771.459799998, 400361.877400003], [504780.605600007, 400388.363400005], [504793.754299998, 400406.878200002], [504802.59830001, 400447.0262], [504805.456000015, 400462.685899999], [504805.736700006, 400472.655400004], [504778.260799997, 400490.007700004], [504746.218500011, 400499.672800004], [504731.624100007, 400517.031700004], [504723.892500006, 400537.820500001], [504728.4472, 400569.139199998], [504730.163100012, 400583.656100001], [504772.200600013, 400595.919500004], [504803.670000002, 400588.815800004], [504824.2782, 400577.448399998], [504832.856299996, 400577.729900006], [504843.724400006, 400586.562600009], [504846.571600005, 400604.7839], [504848.270600013, 400634.116200004], [504854.842200011, 400648.358300004], [504882.591500014, 400654.626800001], [504913.21069999, 400634.149200004], [504948.976199999, 400604.270500004], [504965.892499998, 400534.238600001], [504976.210600004, 400501.7852], [504973.080700003, 400460.497800004], [504977.954500005, 400443.6998], [504980.252099998, 400419.504000004], [504975.692300014, 400399.285599999], [504969.979700007, 400381.062800005], [504984.574000008, 400365.412100002], [504975.43680001, 400341.199299999], [504902.787900008, 400312.407200005], [504877.053000011, 400293.032000005], [504861.037200004, 400277.365700003], [504863.9133, 400256.862799998], [504875.664300002, 400215.017400008], [504891.1228, 400185.1283], [504908.582000002, 400171.186700001], [504917.451700002, 400160.656399999], [504928.043600015, 400151.834600002], [504940.633000001, 400146.995000005], [504960.941400006, 400147.293800008], [504988.694600008, 400148.727600004], [505008.149800003, 400141.9067], [505008.439900003, 400133.368000001], [505007.886800006, 400098.347399998], [505002.1888, 400051.924300004], [505014.786799997, 400030.861099999], [505025.952, 400018.624200001], [505037.111300006, 400000.1219], [505028.542999998, 399980.189800005], [505003.37910001, 399960.248999998], [504988.225500002, 399951.691300008], [504969.640500009, 399932.042400002], [504941.316299997, 399928.889500007], [504927.014900006, 399929.458800003], [504898.687899999, 399931.717599999], [504870.942800008, 399931.415200002], [504844.628400005, 399926.278600007], [504820.60800001, 399903.489000008], [504812.605099998, 399894.092300002], [504817.184900008, 399875.586400002], [504824.064500004, 399864.766600002], [504839.800400011, 399851.9663], [504862.120499998, 399847.985399999], [504886.7157, 399845.724500004], [504913.041900009, 399846.3035], [504949.082400002, 399842.906500004], [504982.27449999, 399841.781400003], [504998.577700004, 399837.232099999], [505008.027500004, 399828.132700004], [505021.189199999, 399822.439599998], [505032.921899997, 399817.888], [505046.07980001, 399819.325399999], [505062.661300004, 399829.015200008], [505085.269400001, 399820.765500005], [505096.148100004, 399810.801900003], [505110.173600011, 399792.301199999], [505122.203800015, 399765.826200008], [505124.785300009, 399745.900000002], [505119.649400018, 399717.419800002], [505115.087800011, 399700.616900004], [505098.212800004, 399688.088100001], [505073.611900017, 399682.6635], [505051.011800006, 399674.955500003], [505026.988200001, 399675.796799999], [505012.673600011, 399683.197099999], [505000.086099997, 399683.190499999], [504986.078100011, 399668.090600003], [504964.634000003, 399652.133000009], [504948.89980001, 399642.732200004], [504919.723499998, 399646.421100009], [504910.563400008, 399647.270300001], [504922.595400006, 399616.525600009], [504944.643000007, 399588.059500005], [504966.674400009, 399573.266500004], [504983.55740001, 399570.990899999], [504992.994300008, 399569.576299999], [505002.150200009, 399576.977700006], [505021.3112, 399588.664800003], [505054.210199997, 399585.831999999], [505073.091700017, 399585.842], [505085.966300011, 399583.287100002], [505086.840800017, 399550.263500005], [505082.563899994, 399517.5143], [505077.149200007, 399493.0262], [505062.571999997, 399455.991100002], [505049.706600003, 399440.614500005], [505048.292100005, 399414.132400002], [505048.019000001, 399390.212499998], [505035.441700004, 399369.9901], [505016.852800004, 399356.018900003], [505011.995399989, 399340.069800001], [505019.731500007, 399313.880800005], [505035.189400017, 399306.204], [505048.634600006, 399305.922699999], [505072.095899999, 399307.354500003], [505094.406700008, 399305.946900003], [505102.704700008, 399315.343899999], [505097.534000002, 399351.791900005], [505096.100400008, 399361.760500006], [505120.985600002, 399371.166400008], [505157.598100007, 399370.0548], [505172.488300011, 399355.824100003], [505198.248300008, 399332.195500001], [505236.0255, 399308.019000001], [505255.777700007, 399283.821700003], [505272.375000007, 399265.888300002], [505274.675399996, 399255.354600001], [505266.390500002, 399239.126400001], [505250.092500001, 399215.197799999], [505247.814300008, 399202.088900004], [505245.812600002, 399188.714100003], [505255.842300005, 399165.653700002], [505273.02009999, 399148.286100008], [505291.625500001, 399132.3499], [505321.95440001, 399113.858500008], [505343.7051, 399109.889500003], [505376.897500008, 399096.234800007], [505401.505700007, 399090.837000009], [505418.107900001, 399081.730900001], [505430.406000011, 399073.487400003], [505424.994599991, 399044.153100006], [505411.263400003, 399027.910500005], [505402.692599997, 399012.247600004], [505398.412900001, 398986.041099999], [505410.720799997, 398976.932599999], [505420.180700004, 398952.164299998], [505413.040900007, 398931.656100001], [505415.048900008, 398917.141300004], [505427.359100006, 398904.051799998], [505442.806099996, 398901.210500002], [505464.840999998, 398900.646400008], [505483.442400001, 398893.260400005], [505501.765100017, 398873.6206], [505524.087800011, 398853.417500008], [505539.556100011, 398829.784000002], [505571.604199998, 398820.975400001], [505608.514200009, 398819.000700001], [505627.691200018, 398804.7733], [505645.730200008, 398782.571900003], [505672.913699992, 398772.052999999], [505700.949500009, 398769.508000001], [505699.828199998, 398733.345000006], [505690.112599999, 398721.373900004], [505660.64670001, 398710.821699999], [505615.158900008, 398708.233399998], [505551.072000004, 398708.484499998], [505476.971200012, 398702.1765], [505435.766500004, 398703.5726], [505405.146099992, 398713.236300003], [505383.688300006, 398719.201399997], [505338.763700016, 398731.430100005], [505307.00060001, 398741.370700002], [505274.657299995, 398767.557000004], [505259.1897, 398790.902600005], [505246.877799995, 398807.119600002], [505222.55960001, 398820.213899996], [505165.323700003, 398832.137300007], [505149.016700007, 398840.390100006], [505122.692299999, 398848.637600005], [505099.366500013, 398825.118600003], [505098.670599997, 398824.416900005], [505093.53109999, 398801.636700004], [505093.266200006, 398762.335900005], [505082.407400005, 398732.4223], [505081.561700009, 398711.0638], [505089.88790001, 398668.074900001], [505107.080900006, 398605.717700005], [505119.988899998, 398543.069899999], [505128.868300006, 398534.813100006], [505140.605400004, 398525.138399996], [505159.774800018, 398524.871499997], [505172.647400007, 398528.8594], [505184.657400005, 398543.104600005], [505194.656199999, 398561.052500002], [505212.387000002, 398579.292900004], [505236.415899999, 398590.971900009], [505255.011100009, 398595.539799999], [505297.350000009, 398593.855300006], [505316.811399996, 398581.911699995], [505331.708899997, 398557.135299999], [505344.314200006, 398527.811099999], [505356.351600006, 398492.221100002], [505364.950300001, 398458.913600002], [505368.410700001, 398418.184500009], [505376.435700014, 398389.146100003], [505394.198899999, 398349.567200005], [505397.63880001, 398329.065000005], [505393.076200008, 398313.681600001], [505376.772600003, 398297.448800005], [505356.744600005, 398299.710900005], [505347.863000006, 398311.094700001], [505344.145600006, 398317.080900002], [505300.937399998, 398321.891900003], [505278.329000004, 398323.875500008], [505262.306299999, 398332.9822], [505244.278100006, 398335.534000002], [505228.841800004, 398317.017500002], [505227.989500001, 398291.378600005], [505239.160400003, 398272.876600008], [505264.631999999, 398259.794000004], [505278.369700007, 398249.8323], [505295.833899997, 398234.172700003], [505313.007500015, 398227.351199999], [505329.883299999, 398225.941100005], [505347.914000005, 398219.397300005], [505370.244100004, 398204.605500005], [505387.992000006, 398192.9384], [505404.307700008, 398171.589600008], [505417.482100017, 398147.666300002], [505425.7936, 398134.286200002], [505440.683600001, 398108.101700004], [505445.844899997, 398091.581599999], [505442.988599993, 398073.925799999], [505430.976599999, 398062.807500005], [505415.820100009, 398054.825800009], [505402.374899998, 398051.968300004], [505387.779400006, 398062.494899999], [505388.911200002, 398082.156900004], [505395.198199995, 398096.110700004], [505394.616899997, 398113.764600005], [505374.29460001, 398130.553500008], [505346.819300003, 398132.822500002], [505317.929200001, 398127.106600001], [505292.191500008, 398103.738400009], [505274.464400008, 398077.247400001], [505271.8917, 398063.007300004], [505283.347800009, 398045.925000004], [505294.800900005, 398034.542599998], [505301.392200008, 398015.173300002], [505304.267000005, 397982.993700005], [505326.600100003, 397963.644200005], [505339.198299997, 397948.558600005], [505351.2271, 397929.769000005], [505358.667600013, 397924.927100006], [505372.115800001, 397922.661300004], [505377.839900009, 397921.522300001], [505407.037500002, 397906.1578], [505419.627100006, 397906.453200001], [505433.926000006, 397915.8539], [505441.357000001, 397927.8235], [505444.776699998, 397959.718199998], [505444.483599991, 397972.825600002], [505446.759800002, 397989.627100002], [505455.618100002, 398003.582500003], [505467.631600007, 398012.1391], [505486.798800006, 398017.561600003], [505510.279600009, 397990.228900004], [505521.16080001, 397980.265800003], [505533.470200017, 397970.8803], [505545.204600006, 397967.748799998], [505555.784699991, 397968.608800001], [505574.396399997, 397946.695999999], [505577.556400001, 397933.024700001], [505583.861699998, 397915.085900009], [505600.752599999, 397888.614500005], [505601.048300013, 397871.526099998], [505596.772500008, 397854.435000002], [505599.927800007, 397833.078900002], [505607.658500001, 397820.829800002], [505612.24849999, 397804.886100002], [505618.838699996, 397788.655200001], [505631.140799999, 397792.366200004], [505644.868000001, 397802.055199999], [505654.880500019, 397812.318700001], [505670.897900015, 397814.324200004], [505678.910000004, 397825.151999999], [505686.33640001, 397844.518300001], [505692.904300004, 397866.168500002], [505705.198700018, 397882.6877], [505725.790200002, 397895.519200001], [505746.388100006, 397897.527500004], [505770.434699997, 397881.3072], [505789.343500011, 397841.452600002], [505795.934500016, 397824.368000008], [505818.548100002, 397815.831800003], [505831.440200008, 397788.781700004], [505840.324000008, 397760.309900008], [505851.221900001, 397723.865999997], [505871.256999999, 397712.201200005], [505901.030000009, 397692.569200005], [505902.466300003, 397680.0392], [505868.148300007, 397656.087600004], [505843.255900003, 397652.368600003], [505782.595600009, 397644.358799998], [505755.704300009, 397638.653800003], [505715.939900018, 397628.084200002], [505657.273000002, 397630.899500001], [505612.060300007, 397637.715100002], [505584.305100001, 397643.387700003], [505546.832100004, 397622.862], [505533.968100004, 397602.062199999], [505520.245300002, 397584.1118], [505506.519200005, 397555.626700003], [505501.104599997, 397530.839100007], [505503.975000009, 397507.7751], [505499.418300003, 397465.622100003], [505500.023199998, 397407.237500004], [505497.46580001, 397382.451500002], [505497.775200002, 397340.8781], [505510.951800004, 397315.535599999], [505535.001100004, 397296.464699998], [505561.905900009, 397280.811100006], [505578.51030001, 397273.4131], [505597.108800009, 397276.562199999], [505615.417300001, 397286.830399998], [505633.1303, 397322.4373], [505635.701300003, 397339.239100002], [505644.268100001, 397363.7403], [505653.416000009, 397387.387900002], [505658.547400005, 397407.329500001], [505665.70000001, 397422.714500003], [505674.84390001, 397437.246800005], [505692.005600005, 397453.491599999], [505703.732299998, 397464.598900005], [505723.468500003, 397475.722100001], [505750.656800009, 397463.484700002], [505770.418099999, 397432.745999999], [505790.747299999, 397407.973700006], [505801.063300006, 397389.183600008], [505812.531400003, 397355.301700003], [505813.121100008, 397325.106000006], [505825.442900002, 397297.201800007], [505838.90200001, 397278.702], [505841.767400004, 397265.318999998], [505827.187200002, 397247.933300007], [505805.730700001, 397245.924200002], [505751.925700009, 397252.734000005], [505719.296900004, 397268.0843], [505681.812600002, 397264.646500003], [505662.646000005, 397255.808200002], [505643.486100011, 397235.581200004], [505663.247000001, 397205.685100008], [505689.592500001, 397170.0931], [505715.365900002, 397135.931300003], [505742.0022, 397108.035500001], [505766.040500008, 397093.522900004], [505801.818900012, 397083.863500006], [505821.283, 397073.617700003], [505830.192199998, 397019.507599998], [505845.660499997, 396986.759300005], [505854.553300001, 396944.614500008], [505840.273199998, 396902.732899997], [505794.509700008, 396869.381999999], [505789.658799998, 396842.898000002], [505790.247599997, 396814.121800002], [505795.987200014, 396788.498000007], [505781.69349999, 396768.262600005], [505775.691000007, 396756.0165], [505790.823300004, 396745.790200002], [505808.726499997, 396726.605500009], [505818.649800003, 396703.058000002], [505843.2698, 396688.834400006], [505848.981899999, 396678.507900003]]}, "properties": {"edge_id": 475, "source_node": 547, "target_node": 539, "length_m": 9999.999927951088, "z_start": 101.0, "z_end": 149.0, "dz": -48.0, "slope": -0.004800000034583478, "direction_status": "FLOW_REVERSED_SUSPECTED", "confidence": "NEED_REVIEW", "qa_comment": "Altitude de fin superieure a altitude de debut; inversion potentielle a arbitrer.", "review_status": "TO_REVIEW", "direction_runtime": "SOURCE_TO_TARGET", "direction_mnt": "TARGET_TO_SOURCE_CANDIDATE", "mnt_source": "C:\\dev\\WQDSS\\data\\MNT SEBOU 30N 30M\\seboureproj", "review_decision": "", "reviewer": "", "review_comment": "", "needs_business_validation": true}}, {"type": "Feature", "geometry": {"type": "LineString", "crs": {"type": "name", "properties": {"name": "EPSG:26191"}}, "coordinates": [[519688.02799999, 416456.323800001], [519672.972900011, 416415.921500005], [519642.019500002, 416348.074999999], [519602.037200004, 416354.381299999], [519543.668200009, 416423.021200001], [519489.376800016, 416427.335800003], [519442.515500002, 416419.377900004], [519418.905000001, 416381.512699999], [519370.194400005, 416309.705300003], [519322.407400005, 416272.2795], [519307.685000002, 416228.532499999], [519309.752700008, 416183.843400002], [519362.567200005, 416178.049800001], [519396.152199998, 416164.853800006], [519456.927400008, 416125.684400003], [519488.021300003, 416120.8345], [519519.436700001, 416143.3226], [519545.743200004, 416131.265699998], [519555.162100002, 416109.182200003], [519570.604500003, 416038.480800003], [519609.153100006, 416009.580900006], [519639.266100004, 416003.254500009], [519644.986800008, 416044.355200004], [519653.817699999, 416066.975000002], [519686.005599998, 416076.0572], [519708.717100009, 416067.752900001], [519726.582700007, 416022.597300004], [519751.293399997, 416003.983400002], [519780.912800007, 415996.181499999], [519792.8222, 415966.739500005], [519783.509900011, 415936.754800003], [519730.262599997, 415910.605600007], [519688.381100006, 415877.615200006], [519599.131700009, 415844.517000001], [519580.947100006, 415807.1505], [519531.748999998, 415729.9296], [519512.621499993, 415671.933699999], [519483.125000007, 415618.818599999], [519448.657000005, 415580.931400008], [519432.944800004, 415539.633300003], [519416.24000001, 415502.270199999], [519362.561199993, 415446.6446], [519288.146700002, 415394.925799999], [519245.3037, 415348.660700005], [519233.5123, 415319.658600002], [519254.897000007, 415239.630900003], [519242.411200002, 415203.596299998], [519217.494900003, 415186.5009]]}, "properties": {"edge_id": 476, "source_node": 548, "target_node": 549, "length_m": 2378.4057615827396, "z_start": 88.0, "z_end": 97.0, "dz": -9.0, "slope": -0.0037840473418677047, "direction_status": "FLOW_REVERSED_SUSPECTED", "confidence": "NEED_REVIEW", "qa_comment": "Altitude de fin superieure a altitude de debut; inversion potentielle a arbitrer.", "review_status": "TO_REVIEW", "direction_runtime": "SOURCE_TO_TARGET", "direction_mnt": "TARGET_TO_SOURCE_CANDIDATE", "mnt_source": "C:\\dev\\WQDSS\\data\\MNT SEBOU 30N 30M\\seboureproj", "review_decision": "", "reviewer": "", "review_comment": "", "needs_business_validation": true}}, {"type": "Feature", "geometry": {"type": "LineString", "crs": {"type": "name", "properties": {"name": "EPSG:26191"}}, "coordinates": [[501389.729599997, 403108.785300005], [501381.960199997, 403111.554000005], [501360.514300011, 403120.810699999], [501352.289500006, 403112.625500001], [501339.782799989, 403093.760499999], [501331.208899997, 403078.821700003], [501300.822300002, 403059.244600009], [501279.729600005, 403044.647900004], [501271.874000005, 403030.419100001], [501270.798699997, 403011.5667], [501282.959600009, 403000.179400001], [501281.883600004, 402987.370900005], [501287.964700006, 402976.692499999], [501295.833700016, 402961.035200004], [501289.756100014, 402944.666300002], [501284.036600009, 402937.202300001], [501275.46140001, 402930.436500005], [501271.888900004, 402917.627700008], [501290.478500009, 402915.4899], [501302.269200005, 402918.696300004], [501314.427900009, 402925.107700005], [501330.8697, 402933.294], [501350.884900004, 402947.524700001], [501354.457999997, 402954.999499999], [501367.323600002, 402977.768100005], [501377.335600004, 402985.598700006], [501392.353799999, 402964.253600005], [501398.786600009, 402943.2621], [501364.826000005, 402921.200100001], [501355.533200003, 402908.035599999], [501363.402100004, 402893.442899998], [501378.779700018, 402872.097800005], [501378.422800004, 402855.729600001], [501380.2152, 402818.724200003], [501393.446300007, 402798.798300002], [501401.675200015, 402780.657100003], [501410.252300002, 402775.324299999], [501423.120200016, 402782.800500002], [501428.838699996, 402796.6743], [501452.070799999, 402799.161800005], [501481.742799997, 402795.617699999], [501497.116100006, 402804.513900001], [501499.260799997, 402815.182300005], [501503.901500002, 402828.712200001], [501516.061800003, 402824.444700006], [501543.588900007, 402811.629600007], [501588.625500001, 402813.777199998], [501609.3653, 402790.647999998], [501625.809600003, 402784.252100002], [501651.198200002, 402781.051600002], [501691.952500001, 402776.434300005], [501716.255400009, 402766.114300005], [501748.078700013, 402736.5887], [501761.317699999, 402678.5931], [501763.831200004, 402635.899], [501750.250100009, 402599.245700005], [501718.799000002, 402553.340599999], [501686.987900004, 402510.274500005], [501672.69600001, 402479.321300004], [501651.60580001, 402445.871700004], [501621.938100003, 402417.045100004], [501599.425500006, 402403.867000002], [501579.39890001, 402398.529700004], [501540.790300004, 402398.168500002], [501520.412500002, 402399.939599998], [501511.115400001, 402411.681899998], [501482.153600015, 402461.491400003], [501464.278399996, 402484.621300001], [501432.458700001, 402489.595700003], [501415.657100007, 402479.989700001], [501372.054000005, 402427.674300004], [501350.603800014, 402391.020500001], [501336.666699998, 402383.189399999], [501305.917300001, 402374.2914], [501303.426200002, 402334.435400002], [501306.647100002, 402291.386500005], [501324.525200009, 402247.263900004], [501340.263899989, 402219.864], [501346.694600008, 402216.660100006], [501381.729499996, 402217.374800004], [501407.117799997, 402225.207600009], [501437.856000014, 402250.130199999], [501461.804800004, 402273.255400006], [501527.939500004, 402280.030200005], [501555.470799997, 402251.568000004], [501600.88660001, 402204.245500002], [501632.7126, 402168.309900001], [501633.782899998, 402158.706599999], [501639.867700011, 402132.015300002], [501597.689499997, 402096.067200009], [501574.451400004, 402064.037000004], [501557.290400006, 402051.580699995], [501553.718699992, 402034.147500001], [501566.593499996, 402004.6184], [501599.495100006, 401985.405699998], [501626.663100004, 401986.829700004], [501662.057600006, 401990.040600002], [501691.731799997, 401988.626400001], [501723.19089999, 402000.730599999], [501751.077500008, 402001.800200004], [501787.899499998, 402006.7861], [501803.264800005, 402014.618200004], [501820.785999998, 402021.031200003], [501827.932600014, 402033.8409], [501834.718100004, 402055.899100002], [501838.289800011, 402070.493500002], [501843.658500008, 402082.238300007], [501854.7368, 402105.018199999], [501870.817300007, 402128.863700002], [501889.766300008, 402134.911200006], [501914.428600006, 402133.1417], [501924.804900005, 402118.195200004], [501931.239699997, 402096.128400005], [501943.401900008, 402088.301700003], [501959.487000003, 402088.305], [501972.714500003, 402096.857700005], [501999.520099998, 402111.091000002], [502025.2654, 402085.479700003], [502029.565200008, 402053.454200003], [502044.228200011, 402026.410100002], [502064.969700001, 402008.627099998], [502098.221300006, 401994.0405], [502127.175499998, 401999.380899999], [502158.278100006, 401996.548900004], [502179.735900007, 401990.144100003], [502206.193000011, 401957.414000001], [502212.280000001, 401928.593900003], [502212.999500006, 401924.324600007], [502234.087700009, 401923.6087], [502257.689900011, 401926.819000002], [502279.853600003, 401936.083999999], [502315.959399998, 401931.102400001], [502335.622800007, 401916.879300002], [502348.148400009, 401894.459500004], [502370.316600017, 401885.216300007], [502387.123800002, 401872.767000005], [502397.492300004, 401856.046700004], [502405.724699996, 401834.690400004], [502420.021899998, 401838.963500008], [502452.187299997, 401861.394499999], [502462.19780001, 401876.345700003], [502478.99620001, 401898.406900004], [502490.4344, 401914.0682], [502529.043099999, 401921.5526], [502542.277400002, 401903.047700003], [502550.140600018, 401885.2623], [502563.020199999, 401850.389400002], [502585.556199998, 401810.539900001], [502598.796200007, 401772.107400004], [502556.260399997, 401737.230800003], [502494.05910001, 401720.8464], [502459.382300004, 401718.3424], [502434.711499996, 401712.647199996], [502425.418899998, 401699.825400002], [502409.3455, 401650.362400003], [502426.506400004, 401625.093900003], [502444.035300009, 401602.6866], [502471.565400004, 401596.638800003], [502491.588500008, 401584.545400001], [502502.677100018, 401564.2656], [502526.634500004, 401551.1087], [502558.816, 401550.407499999], [502586.704000011, 401550.7698], [502622.445800014, 401568.921900008], [502643.180400006, 401583.521200001], [502671.781300001, 401603.811800003], [502684.286400005, 401626.2381], [502699.295400001, 401655.4186], [502713.949500002, 401668.951900002], [502748.270100005, 401660.766500004], [502756.501999997, 401644.400900006], [502789.760900006, 401612.739000004], [502804.788099997, 401578.587900005], [502810.515600003, 401557.586100001], [502795.1483, 401525.555300001], [502759.407600015, 401471.816700004], [502730.100100003, 401440.8466], [502709.050299995, 401427.592099998], [502699.001800001, 401421.264899999], [502682.208000012, 401381.759599999], [502714.041200004, 401344.042300004], [502735.494700007, 401326.615800004], [502781.979800001, 401312.745200001], [502864.224200003, 401291.422200006], [502918.5656, 401287.878800001], [502960.045999996, 401281.481799997], [502991.155300006, 401265.478300005], [503026.915700011, 401254.810300007], [503051.938000008, 401258.732799999], [503079.818700016, 401284.0145], [503094.829299994, 401306.4311], [503101.254300006, 401324.586600006], [503128.425000004, 401350.932800006], [503186.698700003, 401352.016500004], [503218.526000008, 401338.154199999], [503241.7689, 401317.513500001], [503287.188200012, 401297.246300001], [503322.946300007, 401294.053800005], [503338.670200005, 401303.318899997], [503344.02570001, 401322.538800009], [503340.8002, 401351.359100003], [503330.064400002, 401384.801100008], [503307.88530001, 401419.669699997], [503297.147799998, 401431.764600001], [503284.629400015, 401451.688100003], [503296.784599997, 401469.845600002], [503322.160599999, 401488.007800005], [503332.8719, 401525.017000001], [503339.908200003, 401532.149900001], [503354.671599999, 401547.092500005], [503391.139200009, 401567.033100002], [503405.793100007, 401578.782000002], [503412.9375, 401592.657400005], [503413.997500002, 401617.209800001], [503397.541599996, 401647.456000008], [503379.29110001, 401698.339100003], [503376.429600015, 401713.996399999], [503374.985800006, 401732.859000001], [503369.6105, 401770.927200004], [503393.197900005, 401790.153600004], [503430.369599998, 401822.193100005], [503467.189800017, 401831.809799999], [503478.990900002, 401833.244600002], [503497.948800005, 401813.678600002], [503507.258200005, 401776.310500007], [503490.482000001, 401699.088500001], [503493.351000011, 401663.148699995], [503497.655000001, 401633.619000003], [503493.735299997, 401594.471800003], [503528.769200005, 401603.378400005], [503553.077499993, 401616.905399997], [503569.877100006, 401630.085800003], [503623.8631, 401636.149799999], [503643.894200012, 401606.626200002], [503665.353699997, 401576.382300001], [503672.5145, 401546.133000005], [503662.520600006, 401515.888300002], [503670.397500008, 401492.758700002], [503691.492400005, 401477.108500004], [503707.229300007, 401474.974300001], [503725.095799997, 401493.134599999], [503747.260500014, 401498.477299999], [503781.943300009, 401487.102000006], [503816.629299998, 401467.542800006], [503842.026000001, 401454.744600002], [503864.197200015, 401444.074400004], [503875.649099998, 401421.312400002], [503873.877100006, 401383.230500001], [503870.3002, 401365.796500005], [503853.87430001, 401316.319900002], [503849.237199992, 401300.304900005], [503866.409500003, 401280.738899998], [503886.436200015, 401265.798500005], [503914.331799999, 401249.086900003], [503950.083099999, 401240.917500004], [503966.523600012, 401254.087500002], [503989.036100008, 401288.263300005], [503995.4679, 401308.193700004], [504027.29150001, 401306.421599999], [504077.363600008, 401268.3726], [504098.457999989, 401256.637900006], [504128.13570001, 401253.445799999], [504147.093700007, 401239.215100005], [504165.6954, 401218.230799999], [504178.213699996, 401203.287700005], [504207.531199999, 401202.590799998], [504226.481299996, 401206.868500002], [504252.587499998, 401196.555799998], [504256.896600001, 401140.334300004], [504248.325800002, 401124.672200006], [504233.313100003, 401112.567000009], [504214.365000002, 401103.298999999], [504195.058800004, 401112.184300005], [504164.654300004, 401133.1745], [504121.393600009, 401140.985000003], [504085.997500002, 401135.990700003], [504038.459899999, 401104.654100001], [504018.435199998, 401091.4714], [504008.079000011, 401069.765100002], [503998.435500011, 401040.218899999], [503993.801000006, 401018.149000004], [504013.116899997, 400986.130800005], [504012.0612, 400954.8138], [503985.624300003, 400895.008699998], [503978.485700004, 400867.958600003], [503982.428600006, 400846.968000002], [503994.947700001, 400830.6052], [503996.383400008, 400812.452500001], [503987.092400007, 400798.564700004], [503969.581400014, 400787.8783], [503955.286100008, 400776.8495], [503971.022500001, 400756.562400002], [504015.00940001, 400734.523800001], [504040.045700014, 400729.189200003], [504055.058800004, 400742.369800005], [504103.632000007, 400769.293300007], [504136.802100003, 400790.089000005], [504150.527199998, 400798.0682], [504163.394299999, 400808.897100005], [504165.090900004, 400848.464800004], [504167.666900009, 400857.293099999], [504177.38090001, 400872.389999997], [504227.142199993, 400898.039400004], [504257.458900005, 400910.861099996], [504274.339500003, 400908.306899998], [504307.2302, 400913.444900002], [504329.536300004, 400914.020500001], [504367.8737, 400895.529599998], [504385.333400011, 400875.898200005], [504403.654799998, 400846.009500004], [504405.667700008, 400816.401700001], [504414.554500006, 400786.2315], [504420.857900001, 400763.733899999], [504421.725400016, 400740.679400001], [504409.733599991, 400690.272599999], [504413.758600004, 400653.269099999], [504426.653700009, 400602.873700004], [504431.242600001, 400562.1666], [504436.691900007, 400533.979800004], [504443.856600001, 400502.378299996], [504447.590100005, 400478.748599999], [504435.298100002, 400459.380800005], [504421.002599999, 400448.839299999], [504403.269700006, 400439.438400004], [504386.393299997, 400430.891900003], [504379.538800009, 400408.676700003], [504378.693900004, 400382.483100001], [504394.17090001, 400328.107799999], [504427.086200014, 400283.987100005], [504450.835500009, 400255.243299998], [504464.293999992, 400243.2841], [504467.456200011, 400200.014800005], [504484.349800006, 400172.399], [504510.671100006, 400161.876400001], [504536.9881, 400160.746599998], [504558.366300009, 400165.913400006]]}, "properties": {"edge_id": 478, "source_node": 542, "target_node": 547, "length_m": 10000.000044929231, "z_start": 73.0, "z_end": 101.0, "dz": -28.0, "slope": -0.0027999999874198152, "direction_status": "FLOW_REVERSED_SUSPECTED", "confidence": "NEED_REVIEW", "qa_comment": "Altitude de fin superieure a altitude de debut; inversion potentielle a arbitrer.", "review_status": "TO_REVIEW", "direction_runtime": "SOURCE_TO_TARGET", "direction_mnt": "TARGET_TO_SOURCE_CANDIDATE", "mnt_source": "C:\\dev\\WQDSS\\data\\MNT SEBOU 30N 30M\\seboureproj", "review_decision": "", "reviewer": "", "review_comment": "", "needs_business_validation": true}}, {"type": "Feature", "geometry": {"type": "LineString", "crs": {"type": "name", "properties": {"name": "EPSG:26191"}}, "coordinates": [[498372.418099999, 405709.807100002], [498373.091700003, 405708.437899999], [498377.0493, 405694.719300002], [498383.465800002, 405680.811799999], [498393.474299997, 405669.9091], [498428.263300002, 405650.818100002], [498443.816200003, 405642.620299999], [498464.858800001, 405640.110599998], [498480.873300001, 405638.522300001], [498491.620700002, 405640.794], [498503.970299996, 405641.4685], [498515.637500003, 405635.7777], [498550.397, 405602.0821], [498566.179300003, 405586.831500001], [498580.810599998, 405571.802900001], [498591.105700001, 405566.334199998], [498596.132399999, 405555.4102], [498595.219099998, 405544.930599999], [498585.612800002, 405537.6461], [498569.828000002, 405536.739100002], [498539.409999996, 405538.795299999], [498521.792099997, 405534.927700002], [498495.719800003, 405529.464600001], [498471.251500003, 405534.026299998], [498457.066799998, 405519.223900002], [498454.7711, 405502.833799999], [498448.5973, 405480.988200001], [498433.952200003, 405466.6406], [498379.741499998, 405440.0123], [498373.570299998, 405434.557300001], [498369.219700001, 405412.245700002], [498370.586599998, 405381.0504], [498383.159999996, 405341.214400001], [498387.274599999, 405329.370000001], [498383.6052, 405305.239599999], [498370.337300003, 405268.590599999], [498359.577200003, 405248.786400002], [498355.454499997, 405213.5], [498354.5392, 405192.773699999], [498352.020099998, 405164.0964], [498347.439999998, 405147.4738], [498353.618799999, 405142.238499999], [498379.920699999, 405137.221500002], [498392.5, 405130.8429], [498403.246299997, 405122.191199999], [498414.001800001, 405113.994199999], [498412.849100001, 405104.889800001], [498408.960199997, 405090.318700001], [498398.209799998, 405074.151799999], [498388.371100001, 405058.217700001], [498388.598800004, 405042.7366], [498406.202, 405007.9012], [498408.482900001, 404988.782400001], [498413.0581, 404976.0286], [498433.869800001, 404960.998799998], [498453.3112, 404957.579999998], [498463.607600004, 404956.890799999], [498470.930500001, 404963.499000002], [498471.162799999, 404976.695599999], [498476.875399999, 404992.4087], [498494.726499997, 405008.796300001], [498508.449900001, 405014.028499998], [498520.800999999, 405019.271899998], [498535.445699997, 405027.010200001], [498550.993100002, 405035.6578], [498569.292000003, 405029.733199999], [498583.7029, 405013.340599999], [498612.294399999, 404979.868000001], [498627.384800002, 404948.903700002], [498649.106899999, 404921.121199999], [498656.885200001, 404892.431299999], [498677.695699997, 404864.427200001], [498710.626500003, 404835.2793], [498753.851300001, 404784.050700001], [498779.922799997, 404768.566300001], [498801.424599998, 404739.420200001], [498848.767800003, 404693.193], [498881.708499998, 404660.863000002], [498895.659699999, 404642.186500002], [498907.778399996, 404626.4712], [498920.358000003, 404613.7278], [498939.339100003, 404603.933600001], [498958.781199999, 404598.919], [498981.199500002, 404605.7478], [499000.642999999, 404613.719099998], [499008.196500003, 404626.005600002], [499017.803800002, 404636.706099998], [499038.388999999, 404641.716499999], [499058.061899997, 404642.402100001], [499079.337099999, 404640.3484], [499093.980400004, 404632.6065], [499094.199900001, 404615.295699999], [499098.774499998, 404585.2425], [499080.470899999, 404554.0603], [499078.865199998, 404521.501400001], [499081.384499997, 404476.410999998], [499077.945600003, 404441.124299999], [499078.173600003, 404416.760499999], [499074.736699998, 404402.189100001], [499071.309, 404386.7084], [499054.609200001, 404372.8259], [499047.5154, 404354.839299999], [499044.307499997, 404327.9696], [499045.226599999, 404308.385299999], [499067.864100002, 404289.486499999], [499081.366400003, 404287.211800002], [499093.4877, 404291.080899999], [499107.212099999, 404299.5077], [499130.543700002, 404316.117699999], [499147.703000002, 404319.531800002], [499159.142899998, 404324.997900002], [499173.097199999, 404331.373199999], [499190.256800003, 404338.424699999], [499202.6087, 404346.851799998], [499213.357900001, 404354.591400001], [499227.772, 404352.771499999], [499237.607799999, 404340.7053], [499259.103699997, 404325.222600002], [499296.625500001, 404304.726199999], [499316.0682, 404297.206099998], [499333.678599998, 404297.2049], [499355.185199998, 404298.800299998], [499361.356799997, 404308.359099999], [499364.563000001, 404323.1635], [499364.103100002, 404332.267999999], [499361.819899999, 404347.982099999], [499363.874600001, 404359.592700001], [499378.059799999, 404377.800900001], [499382.407700002, 404386.916200001], [499381.035999998, 404396.0209], [499370.288000002, 404403.7621], [499357.016500004, 404413.555100001], [499348.783100002, 404422.6602], [499348.784400001, 404442.011500001], [499351.079000004, 404460.2315], [499365.032899998, 404465.010200001], [499389.965000004, 404462.502300002], [499404.369400002, 404454.760899998], [499419.473700002, 404444.058499999], [499441.430399999, 404431.537099998], [499455.613899998, 404424.7051], [499474.826099999, 404415.1448], [499497.243199997, 404397.156300001], [499515.774099998, 404390.546], [499530.178999998, 404388.948399998], [499552.145999998, 404395.102000002], [499567.702600002, 404399.880899999], [499574.334299996, 404406.933600001], [499571.590300001, 404420.829], [499569.076399997, 404433.8039], [499571.591600001, 404449.739500001], [499579.365500003, 404458.854800001], [499603.616400003, 404463.1787], [499623.058700003, 404448.373300001], [499651.646799996, 404428.566199999], [499663.5462, 404417.864399999], [499672.461400002, 404405.343899999], [499657.825300001, 404381.890000001], [499623.515799999, 404360.0337], [499607.038000002, 404350.2423], [499591.711300001, 404337.268199999], [499569.071000002, 404313.8147], [499562.889899999, 404293.3215], [499568.838399999, 404260.762200002], [499563.799800001, 404249.839200001], [499553.0506, 404239.592999998], [499538.405199997, 404225.022], [499526.283600002, 404212.945999999], [499514.844099998, 404212.724800002], [499509.354800001, 404217.737599999], [499490.142200001, 404227.0649], [499470.008199997, 404230.714400001], [499434.556500003, 404225.249299999], [499413.510200001, 404220.471000001], [499402.761100002, 404213.185800001], [499392.001999997, 404195.6538], [499375.0713, 404169.0178], [499373.697800003, 404152.3946], [499364.320100002, 404132.589299999], [499354.712200001, 404113.693300001], [499336.6395, 404093.422800001], [499312.617399998, 404082.268399999], [499283.336099997, 404075.217599999], [499249.245800003, 404053.5845], [499229.349600002, 404040.156599998], [499211.0471, 404030.133099999], [499199.146899998, 404031.276299998], [499182.909000002, 404037.654199999], [499172.381300002, 404039.4738], [499164.606600001, 404029.9153], [499169.634499997, 404016.474300001], [499168.258400001, 403973.2141], [499167.345399998, 403960.006499998], [499174.666299999, 403940.654599998], [499192.736500002, 403924.484499998], [499215.616099998, 403923.8061], [499243.976599999, 403928.5834], [499267.537900001, 403928.348700002], [499283.324600004, 403921.061700001], [499300.252300002, 403895.7874], [499328.618900001, 403856.1624], [499339.367399998, 403846.602499999], [499354.463399999, 403837.042199999], [499365.672899999, 403834.9899], [499379.858099997, 403842.274799999], [499391.068400003, 403851.611499999], [499402.278899998, 403865.7278], [499404.794200003, 403877.5713], [499409.602899998, 403887.817699999], [499418.519299999, 403892.5968], [499437.963299997, 403891.2205], [499461.3028, 403876.425700001], [499475.025700003, 403853.658100002], [499484.862499997, 403845.229499999], [499493.778300002, 403838.6197], [499510.476899996, 403824.501800001], [499554.173699997, 403829.745099999], [499576.362999998, 403834.523699999], [499586.660999998, 403840.212200001], [499592.6118, 403851.600900002], [499591.240199998, 403872.5491], [499599.706600003, 403909.665399998], [499629.670699999, 403943.587200001], [499652.550999999, 403962.482900001], [499660.094899997, 403969.3138], [499681.141500004, 403970.000700001], [499699.443300001, 403968.636], [499710.192000002, 403959.520100001], [499719.116300002, 403929.234299999], [499720.028099999, 403925.142200001], [499719.115199998, 403890.5317], [499712.252599999, 403872.999400001], [499700.361000001, 403862.065400001], [499700.3609, 403858.1272]]}, "properties": {"edge_id": 482, "source_node": 522, "target_node": 541, "length_m": 4999.999980971375, "z_start": 60.0, "z_end": 73.0, "dz": -13.0, "slope": -0.0026000000098948847, "direction_status": "FLOW_REVERSED_SUSPECTED", "confidence": "NEED_REVIEW", "qa_comment": "Altitude de fin superieure a altitude de debut; inversion potentielle a arbitrer.", "review_status": "TO_REVIEW", "direction_runtime": "SOURCE_TO_TARGET", "direction_mnt": "TARGET_TO_SOURCE_CANDIDATE", "mnt_source": "C:\\dev\\WQDSS\\data\\MNT SEBOU 30N 30M\\seboureproj", "review_decision": "", "reviewer": "", "review_comment": "", "needs_business_validation": true}}, {"type": "Feature", "geometry": {"type": "LineString", "crs": {"type": "name", "properties": {"name": "EPSG:26191"}}, "coordinates": [[523504.940200001, 424537.223299999], [523509.001000002, 424534.848200001], [523519.897, 424514.268599998], [523497.781900004, 424484.7689], [523526.504199997, 424432.3255], [523521.177699998, 424393.051800001], [523498.059600003, 424371.401799999], [523445.303199999, 424370.7848], [523419.670500003, 424366.296999998], [523408.350000002, 424357.441300001], [523432.103799999, 424322.164700002], [523419.4014, 424276.984000001], [523399.728299998, 424255.830699999], [523405.213500001, 424230.324700002], [523424.433399998, 424233.798599999], [523537.745999999, 424233.421599999], [523634.047499999, 424209.780499998], [523664.683399998, 424183.349599998], [523671.652800001, 424156.372400001], [523667.778700002, 424128.3924], [523633.293799996, 424116.529199999], [523638.762699999, 424097.8884], [523649.1571, 424079.7588], [523637.853500001, 424064.026700001], [523602.330499999, 424074.2423], [523577.105300002, 424105.5887], [523550.494499996, 424098.658300001], [523509.824199997, 423996.4701], [523485.738799997, 423964.026700001], [523459.182400003, 423938.431200001], [523392.177599996, 423914.711300001], [523331.099100001, 423888.067200001], [523281.810400002, 423881.559300002], [523237.488799997, 423858.383499999], [523203.554899998, 423819.528900001], [523196.6994, 423799.882100001], [523221.945500001, 423759.695599999], [523265.953400001, 423707.776500002], [523282.3191, 423671.993799999], [523314.433200002, 423646.552499998], [523332.246100001, 423620.577500001], [523310.121200003, 423594.017299999], [523288.940300003, 423583.662799999], [523228.254799999, 423598.731800001], [523169.082900003, 423596.137699999], [523091.306199998, 423543.9245], [523076.588500001, 423510.0187], [523091.9978, 423459.006099999], [523118.196000002, 423432.074900001], [523165.921599999, 423435.949700002], [523208.325800002, 423477.4531], [523237.771600001, 423495.025199998], [523249.721500002, 423487.3684], [523260.119000003, 423471.6895], [523221.8103, 423409.256900001], [523215.451200001, 423385.685199998], [523181.099399999, 423317.373300001], [523181.7073, 423271.238200001], [523208.3539, 423264.4377], [523257.0449, 423276.156199999], [523282.090099998, 423319.414500002], [523327.435900003, 423326.888799999], [523333.065099999, 423283.882399999], [523377.973200001, 423267.300500002], [523432.661600001, 423288.5392], [523474.091600001, 423284.714400001], [523474.210500002, 423236.1272], [523455.595799997, 423183.557], [523443.331200004, 423158.007800002], [523453.2918, 423118.272700001], [523433.662, 423078.465300001], [523457.9802, 423016.684099998], [523461.521799996, 422981.835299998], [523451.226599999, 422955.3039], [523414.274800003, 422942.947500002], [523415.365000002, 422899.264699999], [523440.056900002, 422884.108899999], [523458.837899998, 422868.9386], [523462.825999998, 422850.782200001], [523428.424900003, 422802.598700002], [523377.690499999, 422775.968600001], [523321.509000003, 422762.5788], [523307.249200001, 422744.388999999], [523319.248199999, 422679.1285], [523271.9943, 422642.204500001], [523268.130400002, 422609.300700001], [523285.521300003, 422553.3915], [523291.123899996, 422479.775400002], [523304.991400003, 422455.265900001], [523327.727700002, 422435.679900002], [523331.759800002, 422399.368500002], [523325.936099999, 422359.594999999], [523285.054700002, 422340.353599999], [523233.808799997, 422322.551100001], [523173.722400002, 422288.047600001], [523132.744499996, 422308.5658], [523089.786600001, 422330.554499999], [523046.915100001, 422316.699299999], [523018.754000001, 422336.760899998], [523017.067199998, 422380.763799999], [522988.519900002, 422400.990899999], [522948.625200003, 422380.2782], [522904.308700003, 422351.7031], [522896.004199997, 422318.300999999], [522921.207199998, 422297.256000001], [522967.571099997, 422292.464899998], [522991.313000001, 422263.5535], [522978.590800002, 422220.813700002], [522922.509900004, 422163.741099998], [522872.2531, 422143.004000001], [522836.7799, 422129.6664], [522837.889700003, 422076.6567], [522821.213200003, 422037.833799999], [522780.557499997, 422025.8948]]}, "properties": {"edge_id": 488, "source_node": 563, "target_node": 566, "length_m": 5000.000034264852, "z_start": 142.0, "z_end": 150.0, "dz": -8.0, "slope": -0.0015999999890352475, "direction_status": "FLOW_REVERSED_SUSPECTED", "confidence": "NEED_REVIEW", "qa_comment": "Altitude de fin superieure a altitude de debut; inversion potentielle a arbitrer.", "review_status": "TO_REVIEW", "direction_runtime": "SOURCE_TO_TARGET", "direction_mnt": "TARGET_TO_SOURCE_CANDIDATE", "mnt_source": "C:\\dev\\WQDSS\\data\\MNT SEBOU 30N 30M\\seboureproj", "review_decision": "", "reviewer": "", "review_comment": "", "needs_business_validation": true}}, {"type": "Feature", "geometry": {"type": "LineString", "crs": {"type": "name", "properties": {"name": "EPSG:26191"}}, "coordinates": [[509911.496635496, 379629.477133415], [509911.104800001, 379615.5053], [509905.964299999, 379596.921599999], [509901.746399999, 379587.827399999], [509901.482699998, 379574.7793], [509904.6461, 379561.335700002], [509932.394699998, 379525.362100001], [509958.173600003, 379500.8125], [509983.952600002, 379505.722399998], [510003.593699999, 379490.992699999], [510017.097000003, 379489.7652], [510026.917599998, 379506.949900001], [510030.600299999, 379477.490400001], [510046.558700003, 379463.988200001], [510060.061999999, 379476.262899999], [510083.385799997, 379477.490400001], [510105.482100002, 379455.395799998], [510123.895599999, 379450.4859], [510128.8059, 379430.8462], [510150.902199998, 379424.708799999], [510168.088200003, 379414.888999999], [510175.453599997, 379387.884500001], [510196.322300002, 379378.0647], [510217.191, 379368.244899999], [510239.287199996, 379351.060199998], [510255.245700002, 379327.7381], [510266.293799996, 379301.960999999], [510283.479800001, 379278.638999999], [510301.893299997, 379265.136700001], [510325.217200004, 379258.999299999], [510349.768600002, 379256.544399999], [510385.368100002, 379254.089400001], [510411.147100002, 379251.634399999], [510428.333099999, 379251.634399999], [510446.746600002, 379255.3169], [510490.939199999, 379255.316799998], [510508.125200003, 379254.089400001], [510522.855999999, 379249.179400001], [510563.365800001, 379233.222199999], [510575.641500004, 379222.174899999], [510608.785999998, 379233.222199999], [510622.2892, 379252.861900002], [510661.571500003, 379260.2267], [510683.667800002, 379254.089299999], [510683.667800002, 379233.222199999], [510693.488300003, 379216.037500002], [510729.087899998, 379208.672600001], [510753.639300004, 379190.260499999], [510792.921499997, 379174.303300001], [510818.700499997, 379159.5735], [510844.479500003, 379139.933899999], [510867.803300001, 379182.895599999], [510876.396300003, 379220.9474], [510887.444499999, 379262.681600001], [510893.582400002, 379295.8235], [510907.085600004, 379331.420400001], [510921.816500001, 379355.969900001], [510939.002499998, 379375.6096], [510964.781499997, 379389.1118], [510981.967500001, 379390.339299999], [511012.6567, 379384.201900002], [511060.531999998, 379379.291999999], [511093.676399998, 379384.201900002], [511105.952100001, 379387.884300001], [511117.000299998, 379411.2064], [511131.7311, 379425.936099999], [511168.558200002, 379462.760400001], [511179.606399998, 379484.855], [511195.564800002, 379526.589299999], [511190.6545, 379562.186099999], [511201.702699997, 379585.508200001], [511220.116300002, 379610.057799999], [511231.164399996, 379626.015000001], [511266.763999999, 379649.337000001], [511296.225699998, 379667.749200001], [511315.424900003, 379715.080699999], [511324.852600001, 379730.006900001], [511353.135899998, 379756.7168], [511379.700499997, 379781.904599998], [511396.886500001, 379802.771699998], [511403.024400003, 379824.866300002], [511410.389799997, 379840.8235], [511420.2104, 379856.780699998], [511438.623899996, 379867.828000002], [511471.768299997, 379870.283], [511504.912699997, 379877.647799998], [511535.601999998, 379886.240200002], [511556.470700003, 379894.8325], [511574.884300001, 379903.424899999], [511594.525399998, 379921.837000001], [511600.6633, 379935.339299999], [511627.669799998, 379952.524], [511660.814199999, 379964.798700001], [511678.000200003, 379973.391100001], [511687.820799999, 379984.4384], [511719.737599999, 380000.395599999], [511735.696099997, 380016.3528], [511745.516599998, 380037.219900001], [511751.6545, 380048.267200001], [511768.840499997, 380061.769499999], [511783.5713, 380085.091499999], [511801.984899998, 380109.641100001], [511821.626100004, 380123.143300001], [511851.087700002, 380131.7357], [511885.459700003, 380135.418099999], [511907.556000002, 380130.508200001], [511927.197099999, 380130.508200001], [511956.658799998, 380120.688299999], [511975.072400004, 380108.413600002], [512002.078900002, 380108.413600002], [512013.127099998, 380121.915800002], [512021.7201, 380132.963100001], [512043.816299997, 380144.010400001], [512045.043899998, 380163.649999998], [512048.726599999, 380178.379799999], [512052.4093, 380184.517200001], [512067.140199997, 380184.517200001], [512083.0986, 380177.1523], [512094.146700002, 380172.242400002], [512106.422399998, 380167.3325], [512110.1052, 380145.2379], [512124.836000003, 380120.688299999], [512150.615000002, 380099.821199998], [512170.256099999, 380088.773899998], [512187.442100003, 380077.726599999], [512208.310800001, 380066.679299999], [512219.358900003, 380053.177000001], [512220.586499996, 380042.129700001], [512214.448600002, 380021.262600001], [512205.855599999, 380000.395500001], [512184.986900002, 379974.6184], [512170.255999997, 379954.978799999], [512155.525200002, 379935.339200001], [512140.794299997, 379923.064399999], [512123.6083, 379919.381999999], [512119.9256, 379899.7423], [512124.835900001, 379864.145500001], [512135.884000003, 379837.140999999], [512142.021899998, 379807.681499999], [512144.476999998, 379778.221999999], [512138.339100003, 379759.809900001], [512126.0634, 379747.535100002], [512108.877400003, 379738.942699999], [512091.691399999, 379726.668000001], [512070.822700001, 379678.796300001], [512070.822700001, 379651.7918], [512078.188100003, 379630.924699999], [512096.6017, 379608.8301], [512105.194600001, 379581.825599998], [512113.787600003, 379552.366099998], [512115.015199997, 379529.044], [512107.649800003, 379500.812100001], [512089.236199997, 379488.537300002], [512072.0502, 379476.262499999], [512067.139899999, 379466.442699999], [512067.139899999, 379450.4855], [512073.277800001, 379436.983199999], [512090.463699996, 379425.935899999], [512133.4287, 379408.751200002], [512154.297399998, 379402.6138], [512184.986699998, 379390.3391], [512215.675899997, 379376.836800002], [512250.047899999, 379365.789500002], [512261.096000001, 379344.922400001], [512266.006300002, 379310.552999999], [512272.144100003, 379284.776000001], [512284.419799998, 379250.406599998], [512295.468000002, 379227.0845], [512313.881499998, 379204.9899], [512324.9296, 379189.032699998], [512328.612300001, 379160.800700001], [512313.881499998, 379128.886300001], [512317.564199999, 379109.246599998], [512338.432899997, 379082.2421], [512356.8464, 379069.967300002], [512391.218400002, 379058.920000002], [512410.859499998, 379079.787099998], [512448.9142, 379092.061900001], [512504.1549, 379096.9718], [512547.119900003, 379100.654199999], [512599.9054, 379100.654199999], [512653.918499999, 379098.199299999], [512682.152599998, 379095.7443], [512716.524599999, 379063.8299], [512744.758699998, 379040.507800002], [512760.571400002, 379018.946699999]]}, "properties": {"edge_id": 490, "source_node": 528, "target_node": 554, "length_m": 4999.869256332496, "z_start": 235.0, "z_end": 355.0, "dz": -120.0, "slope": -0.0240006275860146, "direction_status": "FLOW_REVERSED_SUSPECTED", "confidence": "NEED_REVIEW", "qa_comment": "Altitude de fin superieure a altitude de debut; inversion potentielle a arbitrer.", "review_status": "TO_REVIEW", "direction_runtime": "SOURCE_TO_TARGET", "direction_mnt": "TARGET_TO_SOURCE_CANDIDATE", "mnt_source": "C:\\dev\\WQDSS\\data\\MNT SEBOU 30N 30M\\seboureproj", "review_decision": "", "reviewer": "", "review_comment": "", "needs_business_validation": true}}, {"type": "Feature", "geometry": {"type": "LineString", "crs": {"type": "name", "properties": {"name": "EPSG:26191"}}, "coordinates": [[509784.737000003, 377021.365200002], [509771.754900001, 376998.534699999], [509752.921499997, 376955.7315], [509728.951800004, 376923.771699998], [509695.850599997, 376922.059599999], [509655.901000001, 376920.3475], [509641.0625, 376907.2212], [509621.087700002, 376900.943399999], [509617.663500004, 376876.402899999], [509650.193899997, 376860.423], [509667.315200001, 376841.589600001], [509709.547600001, 376830.1754], [509718.1083, 376828.463300001], [509722.103200004, 376809.629900001], [509712.401199996, 376796.503600001], [509678.158600002, 376790.796500001], [509637.638300002, 376803.3521], [509616.522, 376791.937899999], [509599.400799997, 376759.407499999], [509593.123000003, 376742.286200002], [509592.552299999, 376722.882100001], [509609.673500001, 376697.7709], [509637.067599997, 376692.0638], [509666.744499996, 376711.4679], [509677.587899998, 376700.624400001], [509681.012199998, 376678.366799999], [509687.289999999, 376653.255600002], [509692.997100003, 376635.5636], [509701.557700001, 376628.715100002], [509715.825400002, 376625.290800002], [509735.229599997, 376637.275699999], [509743.790200002, 376639.558499999], [509752.3508, 376616.7302], [509764.335699998, 376596.7553], [509764.906400003, 376574.497699998], [509759.199299999, 376559.088500001], [509747.7852, 376540.255100001], [509748.926600002, 376510.578299999], [509738.083099999, 376498.022700001], [509718.678999998, 376493.456999999], [509706.123400003, 376500.305500001], [509685.007100001, 376513.4318], [509661.608099997, 376514.002500001], [509649.623199999, 376498.593400002], [509639.350400001, 376463.780099999], [509630.789800003, 376442.663899999], [509613.097800002, 376437.5275], [509587.986599997, 376428.3961], [509578.8552, 376406.138500001], [509592.552299999, 376379.8858], [509603.3957, 376366.1888], [509635.926200002, 376386.163600002], [509665.032300003, 376402.1435], [509669.597999997, 376369.042399999], [509668.456600003, 376347.3554], [509700.416299999, 376314.254299998], [509710.1184, 376304.552200001], [509714.113300003, 376290.8552], [509696.421300001, 376278.299600001], [509674.734399997, 376266.885400001], [509665.032300003, 376247.4813], [509667.885899998, 376225.794300001], [509696.421300001, 376208.673099998], [509719.8204, 376193.834600002], [509753.492299996, 376171.006299999], [509760.911499999, 376143.612199999], [509747.7852, 376101.950399999], [509706.123400003, 376094.531199999], [509669.0273, 376079.122099999], [509673.593000002, 376042.026000001], [509645.628200002, 375999.222800002], [509622.799800001, 375939.868999999], [509591.410800002, 375883.9395], [509589.127999999, 375832.5757], [509572.006700002, 375777.787599999], [509570.294600002, 375754.959199998], [509561.163199998, 375719.575300001], [509520.0722, 375685.332699999], [509520.0722, 375645.383099999], [509534.910599999, 375616.847600002], [509536.622699998, 375593.4485], [509536.622699998, 375567.195900001], [509513.223700002, 375555.7817], [509482.4054, 375551.215999998], [509478.410400003, 375515.261399999], [509471.561899997, 375471.3167], [509473.273999996, 375454.195500001], [509461.859800003, 375418.811500002], [509435.607199997, 375393.700300001], [509431.041500002, 375374.2962], [509441.884999998, 375344.6193], [509440.812100001, 375312.636700001], [509411.957000002, 375302.409600001], [509373.970600002, 375289.625799999], [509361.917199999, 375276.841899998], [509373.605400004, 375245.795299999], [509389.311300002, 375223.149500001], [509400.2689, 375200.869100001], [509401.729900002, 375181.145300001], [509362.556400001, 375172.8358], [509338.015900001, 375147.153900001], [509338.015900001, 375102.067899998], [509346.005900003, 375076.386], [509359.132200003, 375061.547499999], [509376.2535, 375059.264699999], [509383.672700003, 375058.693999998], [509384.2434, 375044.426199999], [509375.682700001, 375031.8706], [509352.854400001, 375023.8807], [509346.005900003, 375006.759399999], [509355.137199998, 374988.4967], [509351.713, 374972.516899999], [509331.7381, 374970.234000001], [509299.778399996, 374974.799699999], [509282.086400002, 374973.658300001], [509279.232900001, 374949.117800001], [509283.227799997, 374933.137899999], [509295.783399999, 374916.0167], [509317.470399998, 374911.451000001], [509333.450300001, 374916.587400001], [509348.859399997, 374913.733800001], [509356.2786, 374894.329700001], [509363.697800003, 374873.784200002], [509365.980700001, 374853.8094], [509363.127099998, 374828.698100001], [509348.288699999, 374820.137499999], [509336.303800002, 374825.273899998], [509318.041100003, 374837.2588], [509298.637000002, 374842.9659], [509283.798600003, 374840.682999998], [509270.101499997, 374831.5517], [509270.672200002, 374818.996100001], [509274.096500002, 374800.733399998], [509272.9551, 374791.031300001], [509259.258100003, 374777.3343], [509248.985299997, 374771.056499999], [509219.308399998, 374781.329300001], [509201.616400003, 374792.172800001], [509188.490099996, 374796.738400001], [509181.641599998, 374789.889899999], [509190.202200003, 374772.768599998], [509196.479999997, 374756.788800001], [509199.3336, 374741.950300001], [509189.060800001, 374735.101799998], [509169.6567, 374740.808899999], [509159.383900002, 374740.238200001], [509158.2425, 374724.829100002], [509176.505199999, 374713.985599998], [509191.914399996, 374707.1371], [509200.475000002, 374702.000700001], [509211.889200002, 374694.0108], [509219.308399998, 374683.738000002], [509221.020499997, 374670.041000001], [509219.308399998, 374659.197500002], [509211.318499997, 374647.783300001], [509195.9093, 374641.5055], [509186.2073, 374629.520599999], [509184.495099999, 374609.5458], [509181.574199997, 374593.3983], [509184.4714, 374575.186900001], [509183.229699999, 374563.8048], [509176.193499997, 374552.422699999], [509156.947400004, 374539.385000002], [509150.118100002, 374547.662900001], [509152.394500002, 374565.046500001], [509152.394500002, 374573.531399999], [509150.325099997, 374586.982999999], [509144.737499997, 374597.744199999], [509137.080399998, 374603.538800001], [509130.458099999, 374596.295600001], [509121.352399997, 374591.1219], [509098.381200001, 374593.3983], [509083.687899999, 374584.499600001], [509071.2711, 374562.770100001], [509056.163900003, 374536.694699999], [509049.127700001, 374529.865400001], [509035.262199998, 374527.795899998], [509016.016099997, 374530.9001], [508999.8741, 374535.245999999], [508987.043399997, 374535.039099999], [508970.487599999, 374539.798900001], [508965.727799997, 374545.179499999], [508952.483099997, 374566.702100001], [508906.126900002, 374574.152199998], [508873.636100002, 374564.632599998], [508833.695200004, 374550.767099999], [508790.4432, 374530.9001], [508763.7469, 374518.690200001], [508734.774300002, 374490.131499998], [508726.496299997, 374473.161800001], [508758.987099998, 374487.0273], [508772.438699998, 374484.957800001], [508775.129000001, 374464.0561], [508757.952399999, 374440.050099999], [508714.907300003, 374415.009500001], [508669.171899997, 374402.799600001], [508641.440899998, 374401.9718], [508621.159999996, 374402.385699999], [508607.294500001, 374423.9082], [508608.329300001, 374450.604499999], [508590.117899999, 374471.713100001], [508562.3869, 374481.025800001], [508537.7601, 374473.161800001], [508531.632299997, 374465.808400001], [508502.579000004, 374430.944400001], [508477.952299997, 374396.798099998], [508438.632200003, 374367.825399999], [508419.799999997, 374365.342099998], [508394.5524, 374392.866099998], [508393.103699997, 374422.252599999], [508400.9758, 374450.7392], [508378.871399999, 374479.948600002], [508357.556500003, 374494.947999999], [508340.978200004, 374491.790199999], [508329.136600003, 374454.6864], [508331.504900001, 374434.950399999], [508307.821599998, 374394.6888], [508303.085000001, 374360.742800001], [508312.558300003, 374326.796700001], [508338.609899998, 374311.0079], [508378.082000002, 374308.639600001], [508388.344700001, 374299.955699999], [508358.345899999, 374282.588], [508342.557099998, 374259.6941], [508332.294299997, 374235.2214], [508334.662699997, 374201.275400002], [508352.819799997, 374180.749899998], [508368.6087, 374172.066], [508379.660899997, 374202.8543], [508415.975199997, 374216.274799999], [508424.659100004, 374194.170400001], [508417.554099999, 374162.592700001], [508408.870300002, 374144.4355], [508415.185800001, 374138.909400001], [508442.026799999, 374142.067200001], [508447.552900001, 374127.8572], [508428.606299996, 374106.542300001], [508418.343599997, 374087.5957], [508404.923, 374087.5957], [508403.3442, 374112.068399999], [508393.0814, 374123.1206], [508366.240400001, 374131.804400001], [508343.346500002, 374127.8572], [508297.558899999, 374094.700599998], [508290.453900002, 374074.175099999], [508319.6633, 374038.650199998], [508303.085000001, 374014.967], [508322.821000002, 373987.3365], [508325.978799999, 373961.284899998], [508318.084399998, 373941.548799999], [508301.506099999, 373952.601], [508281.770000003, 373955.7588], [508280.980599999, 373932.0755], [508269.928400002, 373923.391600002], [508234.403499998, 373921.0233], [508196.510200001, 373894.182300001], [508183.089699998, 373882.340599999], [508163.353600003, 373896.5506], [508155.459200002, 373921.0233], [508139.670400001, 373936.022700001], [508107.303199999, 373918.655000001], [508111.250399999, 373893.3928], [508114.408200003, 373865.7623], [508097.829899996, 373852.3418], [508074.936099999, 373857.078499999], [508061.515500002, 373851.5524], [508063.094400004, 373821.5535], [508038.621699996, 373822.342999998], [508009.412299998, 373827.869100001], [507977.834600002, 373828.658500001], [507962.835199997, 373807.343600001], [507953.361900002, 373793.923099998], [507979.413500004, 373766.292599998], [507959.677500002, 373726.8204], [507931.2575, 373678.6644], [507868.1021, 373678.6644], [507852.313299999, 373700.768800002], [507860.997199997, 373743.398699999], [507859.418300003, 373782.870900001], [507842.050499998, 373794.712499998], [507824.682800002, 373797.080800001], [507812.051700003, 373770.239799999], [507782.842299998, 373729.1888], [507753.633000001, 373699.979400001], [507741.791299999, 373670.77], [507742.580799997, 373639.981800001], [507752.843500003, 373606.825199999], [507764.685199998, 373582.352499999], [507743.370200001, 373561.827], [507714.950300001, 373563.4058], [507671.531000003, 373549.195900001], [507600.4811, 373485.250999998], [507558.640699998, 373465.515000001], [507506.537500002, 373429.9901], [507491.538099997, 373396.044], [507511.274099998, 373362.098000001], [507529.431299999, 373342.361900002], [507509.695200004, 373292.627099998], [507467.065300003, 373233.418900002], [507428.382700004, 373212.893399999], [507386.542199999, 373198.683400001], [507362.069499999, 373167.895100001], [507366.806100003, 373137.896299999], [507373.121699996, 373100.7925], [507387.331600003, 373073.951499999], [507380.2267, 373040.7949], [507352.596199997, 373023.427200001], [507310.7557, 373006.0594], [507281.546400003, 372983.954999998], [507257.8631, 372947.640700001], [507231.022, 372901.853], [507227.864299998, 372872.643599998], [507258.652500004, 372823.698199999], [507280.756899998, 372773.173900001], [507306.808499999, 372753.437800001], [507373.121699996, 372749.490600001], [507427.593199998, 372736.070099998], [507448.118699998, 372663.441399999], [507460.749799997, 372608.969799999], [507489.959200002, 372590.8127], [507523.905199997, 372581.339400001], [507558.640699998, 372558.445500001], [507572.0612, 372533.972800002], [507560.2196, 372483.4485], [507550.746200003, 372409.240899999], [507542.062399998, 372383.978700001], [507516.010799997, 372368.1899], [507504.169100001, 372331.875500001], [507510.484700002, 372289.2456], [507531.799599998, 372234.774099998], [507549.956799999, 372205.5647], [507568.903399996, 372181.8814], [507558.640699998, 372154.250999998], [507568.114, 372123.462699998], [507596.5339, 372103.726599999], [507624.164399996, 372086.358899999], [507650.215999998, 372074.517299999], [507666.794299997, 372053.991799999], [507662.057599999, 372011.361900002], [507636.795500003, 371979.784200002], [507602.8495, 371964.7848], [507617.848899998, 371930.0493], [507658.110399999, 371892.156], [507708.6347, 371870.0517], [507739.423, 371853.4734], [507743.370200001, 371822.6851], [507737.9076, 371805.8006]]}, "properties": {"edge_id": 491, "source_node": 529, "target_node": 569, "length_m": 9999.99997544943, "z_start": 257.0, "z_end": 392.0, "dz": -135.0, "slope": -0.013500000033143271, "direction_status": "FLOW_REVERSED_SUSPECTED", "confidence": "NEED_REVIEW", "qa_comment": "Altitude de fin superieure a altitude de debut; inversion potentielle a arbitrer.", "review_status": "TO_REVIEW", "direction_runtime": "SOURCE_TO_TARGET", "direction_mnt": "TARGET_TO_SOURCE_CANDIDATE", "mnt_source": "C:\\dev\\WQDSS\\data\\MNT SEBOU 30N 30M\\seboureproj", "review_decision": "", "reviewer": "", "review_comment": "", "needs_business_validation": true}}, {"type": "Feature", "geometry": {"type": "LineString", "crs": {"type": "name", "properties": {"name": "EPSG:26191"}}, "coordinates": [[523245.7082, 332325.780200001], [523246.898800001, 332317.9954], [523250.021300003, 332307.413600002], [523243.429300003, 332282.260000002], [523238.460199997, 332260.1085], [523230.786300004, 332241.634399999], [523227.659999996, 332232.255199999], [523234.481200002, 332216.0548], [523241.870800003, 332186.7804], [523194.185400002, 332150.179499999], [523150.763300002, 332087.809500001], [523127.868000001, 332027.807999998], [523102.604199998, 332004.912700001], [523082.077399999, 331968.596000001], [523086.814300001, 331902.278499998], [523093.1303, 331863.5933], [523101.025200002, 331830.434599999], [523115.236100003, 331780.6965], [523123.920500003, 331753.064199999], [523157.0792, 331719.905499998], [523186.2905, 331703.326099999], [523230.502099998, 331691.4837], [523265.239799999, 331681.2203], [523293.661600001, 331685.9573], [523344.978699997, 331717.537], [523389.979800001, 331708.063099999], [523502.877400003, 331661.482999999], [523537.615099996, 331649.6406], [523554.194499999, 331595.954999998], [523520.246200003, 331533.585000001], [523513.930299997, 331490.162900001], [523544.7205, 331436.477299999], [523596.827100001, 331447.530299999], [523632.3543, 331449.898699999], [523700.865900002, 331433.1413], [523727.706200004, 331438.638700001], [523750.342500001, 331457.7179], [523759.397100002, 331478.414000001], [523760.367200002, 331504.607500002], [523784.2971, 331537.9153], [523807.9036, 331546.646400001], [523856.410099998, 331545.0295], [523889.394500002, 331539.855500001], [523905.886699997, 331532.094500002], [523926.582800001, 331512.368500002], [523942.428199999, 331492.319200002], [523957.626900002, 331475.180199999], [523974.119099997, 331457.7179], [524024.889200002, 331437.0218], [524055.286600001, 331423.440000001], [524089.887900002, 331410.504900001], [524133.220399998, 331394.336100001], [524172.348899998, 331377.197099999], [524198.542400002, 331377.843899999], [524214.064499997, 331389.162099998], [524237.670999996, 331384.634799998], [524252.8697, 331365.555599999], [524255.456699997, 331342.595800001], [524270.978799999, 331322.869899999], [524316.251500003, 331316.725699998], [524351.822899997, 331301.203600001], [524367.991700001, 331291.179000001], [524375.773400001, 331281.855700001], [524372.3825, 331263.206099998], [524365.939900003, 331256.085299998], [524372.721600004, 331237.435600001], [524389.336800002, 331216.412300002], [524401.204800002, 331206.578899998], [524410.020999998, 331198.7799], [524431.383299999, 331202.848900002], [524446.981200002, 331212.682399999], [524461.561899997, 331215.734200001], [524476.481600002, 331198.7799], [524481.906999998, 331187.590100002], [524487.3323, 331176.739399999], [524505.303800002, 331159.7852], [524524.292599998, 331144.1873], [524552.097499996, 331123.5031], [524552.4366, 331110.956900001], [524529.378799997, 331083.491099998]]}, "properties": {"edge_id": 492, "source_node": 570, "target_node": 571, "length_m": 2672.520289874785, "z_start": 1431.0, "z_end": 1446.0, "dz": -15.0, "slope": -0.005612679558254278, "direction_status": "FLOW_REVERSED_SUSPECTED", "confidence": "NEED_REVIEW", "qa_comment": "Altitude de fin superieure a altitude de debut; inversion potentielle a arbitrer.", "review_status": "TO_REVIEW", "direction_runtime": "SOURCE_TO_TARGET", "direction_mnt": "TARGET_TO_SOURCE_CANDIDATE", "mnt_source": "C:\\dev\\WQDSS\\data\\MNT SEBOU 30N 30M\\seboureproj", "review_decision": "", "reviewer": "", "review_comment": "", "needs_business_validation": true}}, {"type": "Feature", "geometry": {"type": "LineString", "crs": {"type": "name", "properties": {"name": "EPSG:26191"}}, "coordinates": [[520086.302299999, 339391.367800001], [520099.747699998, 339367.7564], [520121.811700001, 339310.0506], [520120.080499999, 339279.158300001], [520128.075099997, 339259.693100002], [520149.6259, 339220.415199999], [520170.1338, 339192.607799999], [520186.123099998, 339167.2335], [520195.508100003, 339142.206900001], [520206.978600003, 339122.046500001], [520218.101599999, 339104.3193], [520234.438500002, 339098.062600002], [520247.994599998, 339100.148200002], [520262.593500003, 339088.329999998], [520268.850100003, 339050.789999999], [520267.112199999, 339017.073600002], [520265.026600003, 338969.105799999], [520273.021200001, 338933.651299998], [520282.406199999, 338902.368000001], [520279.625500001, 338867.9564], [520279.277900003, 338793.223999999], [520286.229699999, 338759.159899998], [520316.122699998, 338730.657299999], [520360.614500001, 338705.630600002], [520408.5823, 338682.341899998], [520448.555500001, 338656.967700001], [520488.181000002, 338622.2084], [520513.207699999, 338591.620299999], [520533.368000001, 338534.962699998], [520552.137999997, 338473.091200002], [520580.988200001, 338431.727699999], [520646.335600004, 338392.102200002], [520713.073399998, 338344.134399999], [520783.6347, 338290.257599998], [520815.9608, 338248.198899999], [520846.548900001, 338202.3167], [520882.003300004, 338152.263300002], [520912.243900001, 338099.081700001], [520923.714400001, 338054.242199998], [520939.008500002, 338007.664799999], [520944.222400002, 337993.413600002], [520951.1743, 337966.3013], [521000.184799999, 337942.664999999], [521028.3398, 337924.937800001], [521051.280900002, 337890.178599998], [521057.537600003, 337837.6921], [521072.831600003, 337803.9756], [521091.601599999, 337784.162900001], [521122.5374, 337773.735100001], [521142.350100003, 337783.120099999], [521152.777900003, 337808.4943], [521157.296599999, 337829.002300002], [521152.777900003, 337862.718800001], [521149.302000001, 337877.665199999], [521153.473099999, 337909.643800002], [521170.852700002, 337935.365600001], [521212.216200002, 337953.440400001], [521265.050300002, 337949.616900001], [521334.221199997, 337861.328400001], [521402.001800001, 337777.906199999], [521478.958499998, 337727.384399999], [521537.300800003, 337711.472899999], [521573.1017, 337728.7104], [521628.792099997, 337698.213300001], [521682.0744, 337667.675900001], [521720.635499999, 337646.4945], [521741.8169, 337612.8215], [521756.480999999, 337598.157400001], [521776.033, 337562.855], [521793.955799997, 337547.6479], [521810.792300001, 337525.380199999], [521824.913199998, 337505.8281], [521845.551600002, 337456.947900001], [521852.068899997, 337418.3869], [521865.103600003, 337387.429400001], [521868.9054, 337354.842599999], [521871.0779, 337315.738499999], [521881.397, 337273.375599999], [521892.8024, 337238.0733], [521884.112599999, 337205.486499999], [521893.888599999, 337159.8649], [521902.035300002, 337126.1919], [521913.862300001, 337092.797800001], [521923.313299999, 337063.410399999], [521933.818300001, 337034.3671], [521929.492700003, 336993.583000001], [521918.369800001, 336952.798799999], [521906.056400001, 336912.5031], [521889.209399998, 336882.210999999], [521886.779600002, 336844.467300002], [521896.660999998, 336820.492800001], [521913.993900001, 336794.088500001], [521982.353600003, 336755.534899998], [522001.468400002, 336746.625500001], [522019.755599998, 336731.794], [522028.5458, 336719.9463], [522039.2469, 336697.397599999], [522056.445100002, 336664.5299], [522064.088799998, 336640.070300002], [522079.376000002, 336611.788800001], [522094.281099997, 336586.947000001], [522113.772399999, 336559.429900002], [522153.137199998, 336542.613899998], [522180.272100002, 336537.263300002], [522216.1972, 336530.384], [522243.714299999, 336519.6829], [522270.849200003, 336517.772], [522301.041599996, 336487.197500002], [522312.124899998, 336465.030900002], [522320.413500004, 336399.494199999], [522312.949000001, 336366.837000001], [522265.362800002, 336347.242699999], [522220.575900003, 336326.715300001], [522199.115500003, 336304.321899999], [522197.249300003, 336274.4639], [522218.709799998, 336241.806699999], [522238.304099999, 336225.944699999], [522242.036300004, 336207.283500001], [522259.7645, 336134.504700001], [522258.8314, 336086.918499999], [522254.166100003, 336029.068700001], [522247.6347, 335995.478500001], [522257.8983, 335965.620499998], [522270.028099999, 335935.762499999], [522276.559600003, 335908.7038], [522282.157899998, 335841.5233], [522275.626500003, 335796.736400001], [522246.7016, 335734.2212], [522176.722000003, 335634.3836], [522134.734200001, 335568.136300001], [522123.537500002, 335521.483199999], [522129.135799997, 335483.227699999], [522158.993799999, 335428.177000001], [522168.3244, 335384.323100001], [522192.583999999, 335315.2766], [522211.245300002, 335279.8202], [522240.170199998, 335221.970400002], [522259.7645, 335179.049600001], [522266.295900002, 335147.3255], [522295.220799997, 335108.1369], [522349.338399999, 335082.944200002], [522383.861699998, 335068.015299998], [522398.790600002, 335051.220199998], [522391.326200001, 335021.362199999], [522372.664899997, 334992.4373], [522343.636299998, 334958.328699999], [522336.536799997, 334909.693399999], [522355.645900004, 334876.849599998], [522395.058399998, 334846.394499999], [522422.5277, 334829.076900002], [522441.039700002, 334812.953499999], [522431.485100001, 334775.3325], [522406.404399998, 334758.014899999], [522352.062899999, 334765.180799998], [522321.010600001, 334752.6404], [522313.844700001, 334728.754099999], [522272.640699998, 334663.663699999], [522266.071999997, 334620.0711], [522289.361199997, 334555.577799998], [522313.844700001, 334514.971000001], [522339.522600003, 334463.6153], [522369.329899996, 334374.174199998], [522371.775899999, 334320.607500002], [522367.1285, 334254.811099999], [522375.200199999, 334205.402600002], [522387.674599998, 334166.267200001], [522408.220700003, 334143.7643], [522433.658799998, 334115.146499999], [522463.988700002, 334093.3774], [522556.446199998, 334048.371599998], [522591.912699997, 334017.552499998], [522610.2575, 333990.8915], [522615.394000001, 333956.158799998], [522655.752400003, 333913.1098], [522674.586300001, 333879.844700001], [522675.5647, 333859.543200001], [522676.053900003, 333822.364500001], [522674.586300001, 333793.2575], [522677.521499999, 333768.308699999], [522690.240500003, 333731.129999999], [522705.894699998, 333703.001400001], [522719.8367, 333688.814800002], [522763.864100002, 333668.2687], [522816.452299997, 333650.4131], [522850.451200001, 333621.306200001], [522867.817599997, 333607.119600002], [522883.960900001, 333571.408500001], [522889.831299998, 333551.107000001], [522855.587700002, 333504.878199998], [522826.969999999, 333463.5414], [522795.967299998, 333451.525600001], [522771.889899999, 333453.436500002], [522750.105499998, 333443.117600001], [522733.289499998, 333438.1492], [522735.200400002, 333417.1292], [522734.8182, 333395.727000002], [522722.206200004, 333376.617899999], [522701.950599998, 333364.388099998], [522682.459299996, 333346.043400001], [522647.298500001, 333307.443], [522634.304300003, 333269.607000001], [522627.042900004, 333237.885899998], [522609.844700001, 333175.5902], [522623.221100002, 333125.5244], [522597.997100003, 333081.573399998], [522573.5374, 333044.501800001], [522562.454099998, 333018.895599999], [522565.511600003, 332991.3785], [522583.474100001, 332953.924600001], [522583.856299996, 332900.037], [522574.301799998, 332859.1435], [522555.467799999, 332840.309500001], [522515.423299998, 332809.073199999], [522516.210100003, 332773.534699999], [522530.3508, 332766.273200002], [522564.365000002, 332762.8336], [522578.887999997, 332749.457199998], [522601.054499999, 332730.730300002], [522631.2469, 332715.443], [522679.019599996, 332717.736099999], [522717.619999997, 332726.526299998], [522744.755000003, 332723.0867], [522758.131300002, 332713.5321], [522769.214599997, 332703.213199999], [522786.030599996, 332695.9518], [522793.292099997, 332680.664500002], [522808.579400003, 332666.523699999], [522833.803400002, 332660.0266], [522855.205600001, 332653.911699999], [522868.581900001, 332644.3572], [522881.958300002, 332626.012400001], [522902.2139, 332594.673500001], [522889.824199997, 332540.7104], [522879.484499998, 332503.487199999], [522882.586400002, 332470.399900001], [522912.571699999, 332441.4485], [522947.726999998, 332412.497200001], [522984.950199999, 332402.157400001], [523009.765699998, 332410.429200001], [523030.445200004, 332437.312600002], [523051.124799997, 332450.754299998], [523072.838299997, 332448.6864], [523098.7531, 332439.4263], [523119.396300003, 332429.885299999], [523133.794600002, 332426.936299998], [523150.447999999, 332419.3035], [523161.897100002, 332408.895100001], [523180.1118, 332406.640000001], [523190.693599999, 332398.833700001], [523205.785700001, 332382.353799999], [523211.510300003, 332374.027100001], [523233.020999998, 332354.771600001], [523242.215000004, 332345.577599999], [523244.643600002, 332332.740600001], [523245.7082, 332325.780200001]]}, "properties": {"edge_id": 494, "source_node": 573, "target_node": 570, "length_m": 10000.000139916721, "z_start": 1252.0, "z_end": 1431.0, "dz": -179.0, "slope": -0.017899999749549072, "direction_status": "FLOW_REVERSED_SUSPECTED", "confidence": "NEED_REVIEW", "qa_comment": "Altitude de fin superieure a altitude de debut; inversion potentielle a arbitrer.", "review_status": "TO_REVIEW", "direction_runtime": "SOURCE_TO_TARGET", "direction_mnt": "TARGET_TO_SOURCE_CANDIDATE", "mnt_source": "C:\\dev\\WQDSS\\data\\MNT SEBOU 30N 30M\\seboureproj", "review_decision": "", "reviewer": "", "review_comment": "", "needs_business_validation": true}}, {"type": "Feature", "geometry": {"type": "LineString", "crs": {"type": "name", "properties": {"name": "EPSG:26191"}}, "coordinates": [[515222.091700003, 345283.768800002], [515262.005599998, 345241.552200001], [515313.690700002, 345186.141899999], [515336.9723, 345160.532200001], [515337.438000001, 345142.838199999], [515358.857100002, 345115.831500001], [515428.701899998, 345085.565400001], [515498.546700001, 345066.4745], [515534.865999997, 345039.0022], [515566.910999998, 344990.716499999], [515587.270999998, 344897.382599998], [515593.6655, 344805.302000001], [515607.7333, 344727.928800002], [515627.556199998, 344671.017900001], [515648.018600002, 344626.256499998], [515671.678199999, 344591.726300001], [515750.330300003, 344553.359299999], [515783.581699997, 344497.087900002], [515818.7513, 344442.0953], [515834.098099999, 344408.844], [515863.512699999, 344389.660500001], [515885.254000001, 344380.708299998], [515895.485100001, 344338.504700001], [515892.927299999, 344285.430500001], [515916.586900003, 344241.308499999], [515929.585100003, 344212.0781], [515944.462899998, 344180.371100001], [515956.952100001, 344150.147100002], [515967.193300001, 344123.420200001], [515989.923699997, 344086.951699998], [515995.418899998, 344063.222100001], [515989.673900001, 344014.763900001], [515984.178599998, 343947.072299998], [515992.671300001, 343893.118799999], [516004.161399998, 343874.385000002], [516026.142399996, 343868.640000001], [516051.120899998, 343870.888], [516079.0968, 343866.8915], [516110.819399998, 343851.654599998], [516128.554099999, 343832.171399999], [516140.793499999, 343798.700300001], [516141.7927, 343757.985399999], [516154.281900004, 343713.773499999], [516154.5317, 343699.785599999], [516149.286200002, 343663.5669], [516155.780599996, 343645.8321], [516176.762500003, 343624.350699998], [516185.505000003, 343601.120700002], [516178.011399999, 343590.130199999], [516157.0295, 343585.384300001], [516140.044200003, 343584.135400001], [516112.318099998, 343574.144000001], [516105.324100003, 343563.153499998], [516107.0726, 343525.935600001], [516114.066600002, 343503.704700001], [516125.806500003, 343489.467], [516164.523100004, 343478.976100002], [516198.244000003, 343470.982999999], [516221.473899998, 343481.473900002], [516225.4705, 343504.703899998], [516252.4472, 343516.693500001], [516272.43, 343526.684900001], [516282.920900002, 343555.659899998], [516314.893399999, 343568.898499999], [516347.115599997, 343539.423900001], [516359.354999997, 343517.692699999], [516361.103500001, 343500.7073], [516426.297300003, 343480.974300001], [516457.270599999, 343473.480799999], [516483.248099998, 343449.251699999], [516513.971600004, 343453.9976], [516568.174900003, 343449.001899999], [516601.146499999, 343436.013099998], [516626.124899998, 343426.7711], [516640.112800002, 343421.026099998], [516654.1008, 343425.022599999], [516671.835500002, 343430.018300001], [516695.065399997, 343432.765900001], [516705.556400001, 343432.266399998], [516728.786399998, 343435.013999999], [516749.5185, 343428.769400001], [516760.509000003, 343421.275800001], [516799.475400001, 343399.294799998], [516832.696699999, 343368.3215], [516868.415899999, 343318.114799999], [516898.639799997, 343278.898699999], [516938.355599999, 343236.1855], [516964.582999997, 343218.450800002], [517001.551100001, 343205.462000001], [517050.5088, 343193.722100001], [517081.981700003, 343181.232900001], [517105.2117, 343140.517999999], [517101.714699998, 343101.301800001], [517097.4683, 343085.815200001], [517090.474399999, 343052.593899999], [517087.7267, 343013.127900001], [517090.224600002, 342978.158100002], [517091.973099999, 342952.68], [517087.227200002, 342926.702399999], [517075.986900002, 342902.723099999], [517053.256499998, 342886.986699998], [517034.772399999, 342870.750700001], [517033.7733, 342852.766199999], [517024.781000003, 342834.032400001], [517021.0343, 342817.046999998], [517027.278899998, 342780.578499999], [517021.0343, 342757.598299999], [517011.792199999, 342739.364], [517012.541599996, 342708.390799999], [516992.059299998, 342676.9179], [516988.562299997, 342603.730999999], [516982.283500001, 342528.080899999], [516964.473099999, 342473.6019], [516967.616099998, 342426.456700001], [516985.4265, 342330.070799999], [516999.046300001, 342280.830200002], [516968.663800001, 342191.778099999], [516905.803400002, 342044.056299999], [516893.231399998, 342009.483100001], [516859.705799997, 341981.195900001], [516841.895400003, 341969.671500001], [516828.275700003, 341930.907699998], [516814.655900002, 341830.331099998], [516783.2258, 341789.471900001], [516754.938600004, 341741.278999999], [516767.510700002, 341701.4674], [516851.324500002, 341697.276700001], [516919.423199996, 341700.419799998], [516965.5207, 341695.181400001], [517029.428800002, 341655.369800001], [517121.623899996, 341593.5572], [517154.0321, 341568.52], [517167.917900004, 341551.646000002], [517185.846500002, 341525.631999999], [517190.240800001, 341513.1523], [517201.490099996, 341473.955600001], [517208.872400001, 341460.772799998], [517217.133599997, 341422.9822], [517235.237999998, 341371.657299999], [517252.814999998, 341335.272799998], [517266.876599997, 341293.4395], [517275.489299998, 341270.589400001], [517291.1329, 341243.344999999], [517321.716899998, 341209.948600002], [517355.9921, 341168.1153], [517385.697300002, 341144.2106], [517392.024999998, 341119.427000001], [517377.161899999, 341069.198899999], [517386.611299999, 341021.051899999], [517426.658799998, 340979.204500001], [517462.206600003, 340945.456599999], [517488.754900001, 340921.158100002], [517512.603399999, 340913.058600001], [517555.350699998, 340919.808200002], [517663.837200001, 340918.134300001], [517760.854199998, 340930.4932], [517807.1998, 340955.210900001], [517853.545500003, 340937.2905], [517941.293300003, 340895.8884], [517993.200499997, 340873.024500001], [518027.187299997, 340847.070999999], [518053.7588, 340822.9712], [518064.881800003, 340816.173900001], [518089.599399999, 340825.443], [518150.157799996, 340834.712099999], [518199.593199998, 340840.891600002], [518237.287699997, 340878.585999999], [518261.387400001, 340913.1908], [518301.553599998, 340926.167599998], [518346.509999998, 340965.6976], [518425.431199998, 340998.7936], [518512.838500001, 341020.8576], [518580.727600001, 341025.100699998], [518623.158399999, 341001.339400001], [518664.740500003, 340989.458799999], [518687.653099999, 340981.8213], [518713.111500002, 340941.0878], [518750.450499997, 340869.804200001], [518781.000699997, 340821.433200002], [518825.128600001, 340802.763599999], [518872.651000001, 340797.6719], [518898.958099999, 340779.0024], [518909.141500004, 340756.938499998], [518922.719300002, 340695.838199999], [518903.201200001, 340650.013], [518870.9538, 340607.5823], [518864.164899997, 340571.940499999], [518898.109499998, 340506.597199999], [518939.691600002, 340421.7357], [518958.361100003, 340375.910500001], [518941.388800003, 340285.1087], [518942.237400003, 340207.036200002], [518968.544500001, 340142.541499998], [519012.672399998, 340088.2302], [519055.951800004, 340022.886799999], [519123.840999998, 339960.089400001], [519182.395400003, 339916.809999999], [519300.352799997, 339910.0211], [519368.241899997, 339914.264199998], [519442.071400002, 339859.104200002], [519496.382700004, 339784.426199999], [519532.024599999, 339727.568999998], [519563.423299998, 339678.349300001], [519610.097099997, 339654.588100001], [519666.954300001, 339657.134], [519723.811499998, 339655.436700001], [519804.429799996, 339608.762899999], [519846.860600002, 339590.942000002], [519890.139899999, 339568.877999999], [519989.4278, 339517.112599999], [520025.069600001, 339481.4707], [520064.954499997, 339428.856600001], [520086.302299999, 339391.367800001]]}, "properties": {"edge_id": 495, "source_node": 574, "target_node": 573, "length_m": 10000.00006185529, "z_start": 1089.0, "z_end": 1252.0, "dz": -163.0, "slope": -0.01629999989917588, "direction_status": "FLOW_REVERSED_SUSPECTED", "confidence": "NEED_REVIEW", "qa_comment": "Altitude de fin superieure a altitude de debut; inversion potentielle a arbitrer.", "review_status": "TO_REVIEW", "direction_runtime": "SOURCE_TO_TARGET", "direction_mnt": "TARGET_TO_SOURCE_CANDIDATE", "mnt_source": "C:\\dev\\WQDSS\\data\\MNT SEBOU 30N 30M\\seboureproj", "review_decision": "", "reviewer": "", "review_comment": "", "needs_business_validation": true}}, {"type": "Feature", "geometry": {"type": "LineString", "crs": {"type": "name", "properties": {"name": "EPSG:26191"}}, "coordinates": [[514236.964699998, 351309.941399999], [514253.902599998, 351256.918299999], [514285.480300002, 351199.289000001], [514314.6897, 351144.028000001], [514326.531300001, 351103.7665], [514325.741899997, 351059.557700001], [514331.267999999, 351027.98], [514364.424500003, 351004.296700001], [514398.3706, 350996.4023], [514411.001699999, 350981.402899999], [514437.053300001, 350916.6686], [514439.421599999, 350866.933699999], [514428.369400002, 350820.356600001], [514393.633900002, 350744.570099998], [514346.267399996, 350664.046999998], [514310.7425, 350601.681000002], [514291.7958, 350570.103300002], [514268.112599999, 350547.9989], [514207.325499997, 350495.8957], [514116.5396, 350420.898699999], [514051.015900001, 350367.216600001], [514035.226999998, 350315.113400001], [514062.857500002, 350203.802000001], [514051.015900001, 350119.331599999], [514042.332000002, 350060.912900001], [513998.123199999, 350045.1241], [513969.703299999, 350043.545200001], [513855.234099999, 350054.597399998], [513803.130900003, 350049.0713], [513780.237099998, 350032.493000001], [513765.2377, 350011.967500001], [513731.796899997, 349963.7799], [513696.935099997, 349943.5702], [513641.358400002, 349956.201200001], [513564.056100003, 349983.989599999], [513521.615699999, 349997.1259], [513447.344999999, 349982.9791], [513405.4098, 349960.748399999], [513373.579499997, 349911.739799999], [513370.042800002, 349852.626400001], [513354.380199999, 349790.986699998], [513340.738700002, 349749.0515], [513314.971199997, 349712.673999999], [513286.172399998, 349692.464299999], [513229.079899996, 349679.328000002], [513198.765299998, 349676.801800001], [513185.1237, 349652.044799998], [513189.165700004, 349612.130600002], [513190.964400001, 349583.352000002], [513205.192000002, 349539.052200001], [513225.322300002, 349492.870900001], [513247.043499999, 349461.613499999], [513271.413699999, 349450.488000002], [513331.2795, 349457.3752], [513387.436800003, 349463.7326], [513473.791900001, 349407.575300001], [513531.538599998, 349371.020100001], [513603.059699997, 349350.358399998], [513685.1765, 349328.637200002], [513750.340099998, 349302.677700002], [513840.403700002, 349264.533100002], [513901.329099998, 349247.0502], [513933.116300002, 349218.441799998], [513954.837499998, 349159.105700001], [513979.240800001, 348948.4496], [513975.9296, 348798.6195], [513970.962899998, 348752.263300002], [513878.250299998, 348618.161200002], [513782.226599999, 348559.388099998], [513692.825300001, 348495.648200002], [513647.296800002, 348443.497400001], [513598.457099996, 348417.008099999], [513530.578299999, 348384.724300001], [513477.599699996, 348349.9571], [513413.0321, 348256.4168], [513361.709100001, 348198.471500002], [513336.047600001, 348167.843199998], [513363.364699997, 348073.475099999], [513369.159199998, 348011.390799999], [513353.431199998, 347942.6842], [513342.6699, 347890.533399999], [513357.570100002, 347870.6664], [513605.907300003, 347820.1712], [513763.1875, 347752.292399999], [513758.220700003, 347691.863699999], [513716.003399998, 347683.5858], [513641.502300002, 347686.069200002], [513591.834799998, 347657.096500002], [513553.756499998, 347609.084600002], [513524.783799998, 347520.511100002], [513518.989299998, 347442.698800001], [513518.161499999, 347380.614500001], [513478.427500002, 347330.947000001], [513413.0321, 347254.7903], [513400.615199998, 347181.116999999], [513415.515500002, 347075.1598], [513427.104500003, 347002.314199999], [513476.771899998, 346952.6468], [513541.339599997, 346876.4901], [513667.163800001, 346816.0614], [513778.9155, 346764.738400001], [513824.443899997, 346717.554299999], [513834.377400003, 346652.9866], [513848.449900001, 346622.358399998], [514003.246699996, 346568.552000001], [514123.276299998, 346547.0295], [514191.982900001, 346621.5306], [514226.750100002, 346693.5484], [514294.628899999, 346770.532900002], [514356.713200003, 346766.3939], [514413.830799997, 346725.0044], [514456.048100002, 346680.3037], [514480.881800003, 346637.2586], [514484.192900002, 346551.996199999], [514493.298600003, 346477.495099999], [514700.7271, 346369.479699999], [514747.501500003, 346352.3094], [514777.895099998, 346333.7575], [514797.433799997, 346297.640500002], [514812.8279, 346282.838399999], [514838.745999999, 346244.989399999], [514855.974299997, 346209.601399999], [514865.752599999, 346170.488299999], [514876.9278, 346134.169], [514857.836900003, 346094.5902], [514805.220399998, 346047.5614], [514746.085199997, 345980.976], [514728.856799997, 345961.419399999], [514744.688299999, 345932.550299998], [514760.5198, 345917.1844], [514793.114, 345897.627799999], [514821.983199999, 345883.193300001], [514854.577399999, 345882.727600001], [514883.912299998, 345885.055799998], [514915.1096, 345882.727600001], [514944.910099998, 345856.1866], [514965.863499999, 345818.004799999], [514991.007700004, 345784.944899999], [515054.3336, 345704.390500002], [515076.2183, 345668.536800001], [515104.6219, 345636.873799998], [515137.6818, 345622.439300001], [515203.335900001, 345636.4082], [515250.830399998, 345639.202], [515266.1963, 345524.190900002], [515273.646399997, 345459.933600001], [515261.074299999, 345398.0046], [515231.739500001, 345363.082199998], [515207.526600003, 345336.0755], [515213.579800002, 345292.771699998], [515222.091700003, 345283.768800002]]}, "properties": {"edge_id": 496, "source_node": 576, "target_node": 574, "length_m": 10000.00001493031, "z_start": 875.0, "z_end": 1089.0, "dz": -214.0, "slope": -0.021399999968049137, "direction_status": "FLOW_REVERSED_SUSPECTED", "confidence": "NEED_REVIEW", "qa_comment": "Altitude de fin superieure a altitude de debut; inversion potentielle a arbitrer.", "review_status": "TO_REVIEW", "direction_runtime": "SOURCE_TO_TARGET", "direction_mnt": "TARGET_TO_SOURCE_CANDIDATE", "mnt_source": "C:\\dev\\WQDSS\\data\\MNT SEBOU 30N 30M\\seboureproj", "review_decision": "", "reviewer": "", "review_comment": "", "needs_business_validation": true}}, {"type": "Feature", "geometry": {"type": "LineString", "crs": {"type": "name", "properties": {"name": "EPSG:26191"}}, "coordinates": [[513119.321099997, 359575.4439], [513110.1527, 359562.011100002], [513083.663500004, 359539.568799999], [513071.8904, 359517.862300001], [513070.418799996, 359499.834800001], [513089.182099998, 359476.288800001], [513076.305299997, 359441.705499999], [513067.475599997, 359419.2632], [513095.804399997, 359327.654399998], [513102.794600002, 359258.855799999], [513107.945299998, 359214.3391], [513100.9551, 359177.916299999], [513089.917900004, 359137.446600001], [513100.219300002, 359102.127500001], [513110.1527, 359077.1098], [513105.369999997, 359062.393599998], [513098.011799999, 359034.432599999], [513102.058799997, 359001.688900001], [513094.7007, 358977.4071], [513078.144900002, 358919.6457], [513070.418799996, 358881.383400001], [513067.107600004, 358836.866599999], [513054.966700003, 358780.944800001], [513050.919699997, 358752.248100001], [513063.428599998, 358707.363400001], [513063.428599998, 358673.1481], [513054.966700003, 358641.875999998], [513051.655599996, 358617.962099999], [513060.117399998, 358580.8035], [513069.682999998, 358544.012800001], [513069.315099999, 358507.59], [513057.909999996, 358459.7621], [513071.8904, 358421.131900001], [513091.021600001, 358365.5779], [513095.436499998, 358306.7128], [513110.1527, 358248.215599999], [513121.189999998, 358205.538400002], [513120.454099998, 358167.276099998], [513121.925800003, 358152.559900001], [513147.311300002, 358092.958900001], [513153.565800004, 358042.5557], [513147.679200001, 357994.359900001], [513148.783, 357964.191500001], [513150.254600003, 357935.126899999], [513150.254600003, 357906.430199999], [513135.170400001, 357881.044599999], [513109.416900001, 357858.2344], [513101.322999999, 357804.887899999], [513094.332800001, 357769.568799999], [513063.428599998, 357686.789799999], [513063.060699999, 357654.414000001], [513069.682999998, 357612.472600002], [513064.164399996, 357569.059599999], [513066.003899999, 357543.3061], [513052.391400002, 357502.836300001], [513036.203500003, 357471.564199999], [513033.995999999, 357444.706999999], [513048.712300003, 357394.303800002], [513042.825800002, 357353.4661], [513032.892300002, 357301.5913], [513017.8081, 357266.640099999], [513035.099699996, 357221.019699998], [513059.749499999, 357152.221099999], [513077.041100003, 357118.0057], [513075.569499999, 357090.412700001], [513074.833700001, 357074.9606], [513081.456, 357052.150400002], [513092.861100003, 357022.717799999], [513093.9648, 356977.097399998], [513099.115500003, 356918.232299998], [513108.313199997, 356886.592300002], [513122.661600001, 356848.697900001], [513141.056900002, 356821.8407], [513172.696900003, 356803.077399999], [513200.289899997, 356776.220199998], [513214.638300002, 356753.777899999], [513226.779200003, 356722.137899999], [513248.117799997, 356688.658399999], [513283.804799996, 356648.1886], [513299.624799997, 356609.9263], [513300.360600002, 356578.2863], [513325.746200003, 356538.5524], [513366.583800003, 356488.517099999], [513381.667999998, 356451.3585], [513395.648500003, 356412.360300001], [513418.8266, 356389.918000001], [513439.797300003, 356350.184099998], [513469.9657, 356275.131099999], [513471.805200003, 356243.859000001], [513490.936399996, 356207.068300001], [513507.860100001, 356189.040899999], [513514.850299999, 356168.806000002], [513512.642899998, 356131.2795], [513509.331699997, 356112.884100001], [513551.273100004, 356065.056299999], [513563.781900004, 356013.917199999], [513563.781900004, 355979.333900001], [513558.263300002, 355951.373], [513569.668399997, 355925.251600001], [513570.772200003, 355898.026500002], [513554.952200003, 355872.640999999], [513539.500100002, 355851.3024], [513527.7271, 355818.926600002], [513504.548900001, 355797.588], [513504.870800003, 355775.145599999], [513517.5176, 355752.151500002], [513511.194200002, 355699.264800001], [513489.924599998, 355579.695099998], [513453.708800003, 355460.700199999], [513439.337399997, 355399.765700001], [513431.864299998, 355372.747499999], [513441.636799999, 355334.807100002], [513490.499499999, 355292.842700001], [513516.367899999, 355253.1778], [513539.936999999, 355215.237399999], [513571.553999998, 355184.770100001], [513606.620099999, 355156.602200002], [513623.290899999, 355135.332600001], [513652.608400002, 355097.967], [513665.8301, 355068.0746], [513682.5009, 355040.481600001], [513723.315499999, 355014.6131], [513747.459399998, 354999.666900001], [513750.333700001, 354960.5768], [513776.777000003, 354930.109499998], [513816.442000002, 354924.935800001], [513853.232699998, 354922.636399999], [513873.352600001, 354910.5645], [513881.4005, 354893.8937], [513869.328599997, 354862.851599999], [513869.903399996, 354842.156800002], [513883.125100002, 354831.8094], [513888.298799999, 354807.6655], [513896.921599999, 354788.120499998], [513894.047300003, 354766.276000001], [513894.047300003, 354741.557300001], [513903.819899999, 354722.012200002], [513911.867799997, 354712.239700001], [513914.167199999, 354688.095800001], [513913.017499998, 354671.999899998], [513934.862000003, 354654.7542], [513953.257299997, 354646.1314], [513961.880199999, 354628.8858], [513937.736299999, 354607.6162], [513924.109899998, 354585.4672], [513930.467299998, 354568.043200001], [513945.536799997, 354556.741099998], [513956.368000001, 354537.904199999], [513958.722599998, 354524.247499999], [513945.536799997, 354512.003600001], [513922.226199999, 354510.590799998], [513896.796499997, 354489.6349], [513882.904299997, 354476.449099999], [513868.776699998, 354467.9725], [513864.538400002, 354453.138500001], [513868.776699998, 354442.7782], [513894.047300003, 354419.638700001], [513910.718099996, 354410.441100001], [513911.292999998, 354391.470899999], [513872.2029, 354347.7819], [513860.130900003, 354328.811700001], [513866.454300001, 354315.590100002], [513879.675999999, 354303.518100001], [513885.999399997, 354293.1708], [513891.173100002, 354267.302299999], [513896.346699998, 354241.433800001], [513892.322800003, 354222.4637], [513877.951399997, 354191.996399999], [513845.759599999, 354176.475299999], [513825.639600001, 354171.301600002], [513809.435900003, 354154.379299998], [513788.777099997, 354097.792100001], [513781.591399998, 354069.9476], [513794.1664, 354007.971099999], [513798.657399997, 353972.0427], [513790.5735, 353933.419599999], [513777.100400001, 353914.5572], [513749.321999997, 353909.604800001], [513738.560699999, 353900.912999999], [513742.492700003, 353883.943300001], [513741.251000002, 353859.316599999], [513719.935400002, 353842.139899999], [513693.239200003, 353832.413400002], [513631.3618, 353799.301800001], [513588.316699997, 353767.4318], [513557.274599999, 353749.8413], [513533.682499997, 353717.143599998], [513505.123800002, 353681.7555], [513475.323299997, 353651.541200001], [513461.871699996, 353627.949099999], [513460.423100002, 353602.287599999], [513462.699500002, 353574.556699999], [513457.732799999, 353560.484200001], [513442.625600003, 353523.647500001], [513434.968500003, 353499.8486], [513438.072700001, 353485.983100001], [513442.4186, 353477.705200002], [513438.279700004, 353465.702199999], [513421.310000002, 353431.555799998], [513415.308499999, 353393.0636], [513408.6862, 353361.8145], [513419.240500003, 353344.223999999], [513422.344700001, 353335.532200001], [513443.246399999, 353324.9778], [513458.9745, 353320.011100002], [513469.321800001, 353305.3178], [513478.220600002, 353282.760499999], [513487.740199998, 353262.065699998], [513490.430500001, 353238.473700002], [513489.395800002, 353217.3651], [513481.738700002, 353197.291099999], [513467.045400001, 353172.250500001], [513460.009199999, 353157.971099999], [513457.525799997, 353143.070900001], [513464.148100004, 353127.756700002], [513478.841399998, 353113.477400001], [513499.743100002, 353093.610399999], [513517.747599997, 353078.503199998], [513528.508900002, 353061.9474], [513537.4076, 353041.459600002], [513541.339599997, 353022.8343], [513541.339599997, 353008.348000001], [513538.028399996, 352989.515700001], [513523.956, 352971.304299999], [513491.258299999, 352955.369399998], [513478.427500002, 352941.2969], [513473.112400003, 352908.337299999], [513467.554700002, 352891.159000002], [513470.080899999, 352866.402100001], [513475.133299999, 352841.140000001], [513481.1963, 352826.993099999], [513467.049500003, 352787.078899998], [513446.3345, 352747.164700002], [513412.483199999, 352692.598499998], [513389.241999999, 352662.2839], [513383.684299998, 352636.5165], [513392.778700002, 352616.306699999], [513416.019900002, 352605.191399999], [513448.860699996, 352598.623199999], [513476.649099998, 352591.549800001], [513503.427000001, 352582.455400001], [513525.152400002, 352572.3506], [513541.320200004, 352562.7509], [513555.9723, 352548.098900002], [513573.1505, 352516.773800001], [513587.297300003, 352501.111299999], [513600.433700003, 352491.0064], [513610.506899998, 352454.502599999], [513601.823100001, 352422.135400001], [513576.560900003, 352400.820500001], [513570.245399997, 352376.347800002], [513602.612499997, 352328.981199998], [513690.240599997, 352303.719099998], [513766.816600002, 352287.930199999], [513848.9186, 352258.720800001], [513886.811800003, 352190.0394], [513898.653499998, 352127.6734], [513916.021200001, 352083.464600001], [513914.442299999, 352049.518599998], [513893.9168, 351987.152600002], [513900.232299998, 351946.101599999], [513925.494499996, 351931.102200002], [513964.966600001, 351926.365600001], [514005.228200004, 351927.944400001], [514025.753700003, 351921.628899999], [514064.436399996, 351896.366700001], [514089.6985, 351873.472899999], [514121.276199996, 351850.579100002], [514193.905000001, 351837.158500001], [514248.376500003, 351812.685800001], [514284.690800004, 351768.4771], [514307.584700003, 351724.268300001], [514290.216899998, 351674.533399999], [514249.955399998, 351626.3774], [514205.746600002, 351560.853700001], [514194.694399998, 351521.381499998], [514212.851599999, 351466.1206], [514231.0088, 351417.964600001], [514231.798199996, 351364.282499999], [514235.745399997, 351313.758200001], [514236.964699998, 351309.941399999]]}, "properties": {"edge_id": 497, "source_node": 577, "target_node": 576, "length_m": 10000.000385015765, "z_start": 727.0, "z_end": 875.0, "dz": -148.0, "slope": -0.01479999943017669, "direction_status": "FLOW_REVERSED_SUSPECTED", "confidence": "NEED_REVIEW", "qa_comment": "Altitude de fin superieure a altitude de debut; inversion potentielle a arbitrer.", "review_status": "TO_REVIEW", "direction_runtime": "SOURCE_TO_TARGET", "direction_mnt": "TARGET_TO_SOURCE_CANDIDATE", "mnt_source": "C:\\dev\\WQDSS\\data\\MNT SEBOU 30N 30M\\seboureproj", "review_decision": "", "reviewer": "", "review_comment": "", "needs_business_validation": true}}, {"type": "Feature", "geometry": {"type": "LineString", "crs": {"type": "name", "properties": {"name": "EPSG:26191"}}, "coordinates": [[482159.567000002, 423496.708900001], [482162.031599998, 423491.416299999], [482170.579800002, 423105.417800002], [481910.096500002, 422941.577799998], [481487.649499998, 422870.228999998], [481173.828500003, 423029.078699999], [480973.976999998, 423109.679400001], [480817.556100003, 422961.6556], [480798.155199997, 422706.813099999], [480890.765699998, 422283.050299998], [480770.8618, 422051.000500001], [480328.443999998, 422033.154599998], [480065.579300001, 421796.683600001], [480092.7755, 421593.395], [480410.707699999, 421501.921300001], [480500.086999998, 421431.714400001], [480523.385799997, 421346.104600001], [480226.8204, 421137.113699999], [480100.0009, 420870.297200002], [479903.923299998, 420671.6226], [479794.959299996, 420692.5504]]}, "properties": {"edge_id": 498, "source_node": 578, "target_node": 471, "length_m": 5444.19698832352, "z_start": 32.0, "z_end": 88.0, "dz": -56.0, "slope": -0.010286181804241543, "direction_status": "FLOW_REVERSED_SUSPECTED", "confidence": "NEED_REVIEW", "qa_comment": "Altitude de fin superieure a altitude de debut; inversion potentielle a arbitrer.", "review_status": "TO_REVIEW", "direction_runtime": "SOURCE_TO_TARGET", "direction_mnt": "TARGET_TO_SOURCE_CANDIDATE", "mnt_source": "C:\\dev\\WQDSS\\data\\MNT SEBOU 30N 30M\\seboureproj", "review_decision": "", "reviewer": "", "review_comment": "", "needs_business_validation": true}}, {"type": "Feature", "geometry": {"type": "LineString", "crs": {"type": "name", "properties": {"name": "EPSG:26191"}}, "coordinates": [[508937.496200003, 364612.886], [508948.0207, 364608.833799999], [508971.8112, 364597.695], [509000.722099997, 364584.3046], [509025.9811, 364576.392200001], [509031.763300002, 364569.088399999], [509053.674699999, 364556.0024], [509060.674199998, 364545.655299999], [509070.412600003, 364533.177999999], [509082.585600004, 364521.309300002], [509098.410499997, 364519.179000001], [509107.8446, 364519.4833], [509121.539300002, 364515.222800002], [509135.538199998, 364507.3103], [509160.492899999, 364493.615699999], [509185.751900002, 364470.791299999], [509227.748899996, 364456.488000002], [509281.614500001, 364448.879799999], [509305.351800002, 364434.880800001], [509321.785400003, 364420.577599999], [509333.349799998, 364409.0132], [509347.348800004, 364390.449299999], [509372.303400002, 364363.973000001], [509402.625399999, 364372.535700001], [509412.819200002, 364377.410999998], [509425.893799998, 364379.4054], [509449.383699998, 364373.6437], [509459.577399999, 364365.222800002], [509490.380199999, 364358.353100002], [509513.205399998, 364349.9322], [509518.967, 364318.242899999], [509520.961499996, 364301.179499999], [509544.229800001, 364295.417800002], [509572.151799999, 364289.656199999], [509600.960199997, 364279.9056], [509617.358800001, 364273.2575], [509628.882100001, 364259.296500001], [509642.399899997, 364240.903499998], [509663.452200003, 364233.368999999], [509678.299599998, 364226.720899999], [509694.255000003, 364204.782200001], [509691.595799997, 364183.729899999], [509695.141400002, 364160.904800002], [509699.795100004, 364148.495000001], [509721.955399998, 364126.1131], [509758.741499998, 364103.952799998], [509790.042900004, 364076.197099999], [509810.485799998, 364042.790399998], [509811.483000003, 364024.341899998], [509823.449600004, 364011.876800001], [509825.443999998, 363988.940900002], [509826.939800002, 363959.5231], [509838.407799996, 363941.573199999], [509876.800499998, 363942.071800001], [509922.672300003, 363961.0189], [509961.065099999, 363963.5119], [509985.496799998, 363957.5286], [509988.987000003, 363940.576000001], [509987.989799999, 363906.1721], [509986.992600001, 363874.7599], [509992.477300003, 363855.812800001], [510004.942500003, 363848.333700001], [510018.903399996, 363839.8574], [510039.844899997, 363847.3365], [510062.7808, 363861.796100002], [510093.195900001, 363863.790600002], [510120.1206, 363840.355999999], [510165.493799999, 363841.353300002], [510198.401900001, 363857.308699999], [510223.830799997, 363865.785], [510271.697099999, 363867.779399998], [510312.084200002, 363860.798900001], [510331.5299, 363846.837900002], [510340.006200001, 363833.375500001], [510341.501999997, 363808.4452], [510346.4881, 363793.487], [510367.4296, 363785.010699999], [510396.348800004, 363799.968899999], [510427.262400001, 363803.957699999], [510524.989299998, 363806.9494], [510555.404399998, 363819.913199998], [510556.900200002, 363844.344900001], [510546.928000003, 363873.2641], [510558.894599996, 363898.693], [510579.337499998, 363916.642900001], [510608.256700002, 363949.550900001], [510626.206500001, 363964.509100001], [510631.192599997, 363970.492400002], [510632.189800002, 363987.445], [510637.674500003, 363992.929699998], [510665.097800002, 364001.904599998], [510683.047700003, 364010.8796], [510706.482199997, 364000.408799998], [510731.950999998, 364009.443599999], [510751.097499996, 364022.526999999], [510775.987999998, 364019.016800001], [510791.943400003, 364009.443599999], [510806.303300001, 363989.978], [510818.110299997, 363971.469700001], [510822.896899998, 363949.451200001], [510834.384800002, 363929.347399998], [510875.230700001, 363912.115499999], [510929.798199996, 363909.5627], [510958.198899999, 363909.5627], [510991.386100002, 363888.182399999], [511003.8314, 363864.568399999], [511010.8517, 363812.2346], [511036.699500002, 363785.748599999], [511059.994400002, 363771.707899999], [511077.545400001, 363769.155000001], [511108.498899996, 363787.6633], [511150.302100003, 363785.110399999], [511183.808499999, 363779.685600001], [511203.593199998, 363795.640999999], [511213.8046, 363814.149300002], [511241.886200003, 363818.935899999], [511273.158799998, 363822.127], [511297.730099998, 363820.212299999], [511322.9397, 363805.852400001], [511358.041599996, 363777.1327], [511388.356899999, 363744.2645], [511415.162, 363716.821199998], [511452.497699998, 363694.802700002], [511476.749899998, 363684.2722], [511500.363899998, 363666.402100001], [511517.914899997, 363666.7212], [511535.784999996, 363668.316799998], [511567.695799999, 363655.8715], [511572.8015, 363645.979200002], [511584.608499996, 363628.109099999], [511598.649300002, 363620.7696], [511628.645499997, 363620.7696], [511657.046099998, 363624.279800002], [511682.8939, 363622.684300002], [511764.266500004, 363578.009100001], [511789.156999998, 363567.797600001], [511792.348099999, 363547.693799999], [511788.518799998, 363536.524999998], [511786.284999996, 363514.825599998], [511807.984399997, 363499.189300001], [511838.937899999, 363490.254299998], [511867.6576, 363483.872099999], [511900.206699997, 363473.979800001], [511925.735399999, 363490.573399998], [511962.751900002, 363482.2766], [511959.880000003, 363445.579100002], [511961.156400003, 363418.774], [511966.262100004, 363353.356800001], [511969.453199998, 363324.9562], [511985.089500003, 363309.638999999], [512000.7258, 363297.193700001], [512006.469800003, 363263.049199998], [512014.447499998, 363241.668900002], [512028.807400003, 363222.522399999], [512048.592100002, 363206.247900002], [512084.651299998, 363169.5504], [512104.116899997, 363154.552299999], [512134.1131, 363151.680300001], [512159.960900001, 363137.958700001], [512154.216899998, 363110.5154], [512147.196599998, 363053.395], [512145.601000004, 363033.929400001], [512152.621399999, 363009.996199999], [512172.725199997, 363000.1039], [512200.168499999, 363014.1446], [512218.357699998, 363029.461800002], [512246.439300001, 363013.5064], [512265.5858, 363009.038899999], [512274.520800002, 363005.209600002], [512269.095899999, 362987.020399999], [512268.138599999, 362972.979699999], [512258.246299997, 362955.4287], [512231.760300003, 362950.003899999], [512214.847499996, 362950.642099999], [512214.847499996, 362937.877700001], [512242.609999999, 362922.879700001], [512266.543099999, 362919.0504], [512273.563500002, 362924.156100001], [512274.520800002, 362897.0319], [512286.327799998, 362868.631200001], [512290.1571, 362855.228700001], [512274.520800002, 362833.210200001], [512260.479999997, 362832.252900001], [512247.7157, 362828.423599999], [512235.908699997, 362817.573899999], [512224.1017, 362827.147100002], [512216.123999998, 362834.4866], [512204.317000002, 362831.614700001], [512198.572999999, 362813.106400002], [512206.869800001, 362800.980300002], [512218.038599998, 362791.407000002], [512233.036700003, 362778.961800002], [512237.504199997, 362766.835700002], [512235.270499997, 362748.646499999], [512224.7399, 362745.455400001], [512215.485699996, 362758.538899999], [512207.827100001, 362768.750300001], [512203.3596, 362770.664999999], [512196.020099998, 362765.2401], [512188.042400002, 362759.496199999], [512179.7456, 362760.453499999], [512176.554499999, 362753.4331], [512187.404200003, 362738.754099999], [512212.294699997, 362717.3739], [512228.888300002, 362708.4388], [512241.971699998, 362716.097399998], [512250.906800002, 362735.243900001], [512261.756499998, 362738.754099999], [512273.563500002, 362725.032499999], [512268.457699999, 362710.672600001], [512261.118199997, 362698.227400001], [512259.522699997, 362688.335000001], [512267.500399999, 362682.272], [512274.839900002, 362682.5911], [512284.413099997, 362693.7599], [512306.750699997, 362696.9509], [512318.238600001, 362695.0363], [512319.834200002, 362679.399999998], [512307.388899997, 362667.273899998], [512296.539300002, 362656.424199998], [512293.029100001, 362639.830600001], [512281.860299997, 362633.767499998], [512276.754500002, 362638.234999999], [512271.648800001, 362646.531800002], [512263.671099998, 362650.041999999], [512253.140500002, 362648.1274], [512248.3539, 362645.574499998], [512249.6303, 362636.0013], [512257.927199997, 362620.684], [512247.396600001, 362607.6006], [512235.908699997, 362601.537500002], [512217.400399998, 362603.452199999], [512199.530299999, 362597.3891], [512190.595299996, 362590.368799999], [512193.148199998, 362575.051600002], [512220.272399999, 362581.114599999], [512232.079400003, 362572.4987], [512227.7315, 362542.981199998], [512232.717600003, 362521.541099999], [512238.202299997, 362499.602400001], [512251.166000001, 362481.153900001], [512268.617299996, 362471.680399999], [512278.090800002, 362460.710999999], [512282.578299999, 362432.2905], [512271.608900003, 362421.3211], [512254.157700002, 362416.335000001], [512250.667400002, 362392.401900001], [512285.569899999, 362378.9395], [512305.015600003, 362376.945099998], [512312.4947, 362372.956300002], [512305.015600003, 362359.9925], [512285.569899999, 362346.0315], [512289.558799997, 362337.056600001], [512314.9877, 362343.039799999], [512336.4278, 362339.549600001], [512358.366499998, 362350.5189], [512376.814999998, 362354.009199999], [512378.8094, 362319.106699999], [512369.8345, 362295.173599999], [512371.330300003, 362284.702799998], [512380.305200003, 362282.7084], [512392.770400003, 362275.2293], [512391.773199998, 362261.766899999], [512399.252300002, 362252.791999999], [512393.7676, 362230.354699999], [512387.7843, 362213.402100001], [512397.257799998, 362203.9285], [512412.714599997, 362200.936900001], [512430.664499998, 362188.9703], [512436.1492, 362164.039999999], [512452.104599997, 362134.622200001], [512485.012599997, 362121.658399999], [512502.4639, 362107.198800001], [512529.388599999, 362115.675099999], [512552.823200002, 362127.6417], [512567.781400003, 362121.1598], [512570.274400003, 362110.689100001], [512565.786899999, 362092.240600001], [512565.786899999, 362078.279599998], [512582.739600003, 362074.7894], [512605.675499998, 362065.315900002], [512644.0682, 362051.354899999], [512671.990199998, 362039.8869], [512680.965099998, 362028.419], [512684.2914, 362004.450399999], [512681.454800002, 361981.758200001], [512697.339299999, 361956.7969], [512714.358499996, 361938.643100001], [512738.752499998, 361928.431699999], [512753.502400003, 361926.162500002], [512771.656099997, 361911.412599999], [512798.886699997, 361872.835900001], [512781.935699999, 361837.390799999], [512761.603500001, 361825.772399999], [512730.742200002, 361810.886300001], [512714.766900003, 361773.8528], [512703.511600003, 361761.508200001], [512688.988600001, 361752.068300001], [512686.447099999, 361724.1116], [512676.644100003, 361711.040899999], [512668.656499997, 361694.339499999], [512663.936499998, 361683.4472], [512665.388800003, 361669.287300002], [512645.782799996, 361660.210499998], [512626.902900003, 361654.038199998], [512595.315399997, 361638.425999999], [512589.143200003, 361613.3739], [512587.327799998, 361581.423300002], [512583.697099999, 361565.448100001], [512566.269500002, 361550.925099999], [512546.663500004, 361529.866799999], [512544.122000001, 361512.439199999], [512555.377300002, 361500.094700001], [512573.167900004, 361496.827], [512588.053999998, 361493.559300002], [512597.130800001, 361488.113200001], [512602.2139, 361436.193599999], [512642.878200002, 361388.3585], [512665.570299998, 361372.473999999], [512684.8587, 361365.099100001], [512698.473999999, 361333.3301], [512709.252700001, 361315.1763], [512722.868000001, 361297.589899998], [512741.589000002, 361268.657400001], [512747.262100004, 361239.1576], [512777.896499999, 361206.254000001], [512803.425099999, 361179.023499999], [512806.829000004, 361135.908399999], [512828.386500001, 361106.408599999], [512842.001800001, 361057.053199999], [512857.886299998, 361002.592], [512885.116899997, 360961.178800002], [512929.933899999, 360933.380899999], [512952.626000002, 360904.448399998], [512975.3182, 360890.8332], [512966.808600001, 360864.1699], [512979.856600001, 360843.1796], [512984.962300003, 360815.3818], [512987.231600001, 360786.449299999], [512988.3662, 360754.680300001], [513005.952600002, 360742.766899999], [513018.433300003, 360736.526500002], [513026.9428, 360720.642000001], [513010.490999997, 360709.296], [513004.818000004, 360687.738400001], [513009.923699997, 360674.123100001], [513007.6545, 360655.9694], [513019.000600003, 360640.084899999], [513023.538999997, 360628.7388], [513026.375500001, 360606.614], [513046.7984, 360592.9987], [513063.250299998, 360582.219900001], [513069.490599997, 360568.037300002], [513042.468000002, 360538.566799998], [512915.651000001, 360448.8915], [512871.148000002, 360410.0768], [512864.790399998, 360393.011700001], [512854.752099998, 360351.185600001], [512831.9987, 360322.0746], [512800.2108, 360303.671], [512779.465000004, 360290.955899999], [512777.1228, 360269.540899999], [512786.157200001, 360247.122099999], [512810.918300003, 360223.364799999], [512842.371600002, 360190.907699998], [512861.444300003, 360169.827300001], [512890.889899999, 360155.104499999], [512907.620399997, 360143.393199999], [512923.347099997, 360121.308899999], [512927.696999997, 360093.2018], [512899.255199999, 360065.763799999], [512866.128899999, 360045.017999999], [512852.744499996, 360033.6413], [512848.729199998, 360011.8917], [512852.409900002, 359990.142099999], [512863.452, 359965.715599999], [512868.471100002, 359947.312100001], [512875.497900002, 359926.900899999], [512901.262800001, 359910.505100001], [512917.324100003, 359889.424699999], [512935.392999999, 359857.9714], [512969.188500002, 359847.598499998], [512980.565300003, 359848.936900001], [513020.3838, 359799.0801], [513043.806400001, 359763.276900001], [513079.616499998, 359685.627799999], [513082.927599996, 359662.817600001], [513106.841600001, 359645.526000001], [513125.9727, 359619.772500001], [513125.9727, 359585.189199999], [513119.321099997, 359575.4439]]}, "properties": {"edge_id": 499, "source_node": 580, "target_node": 577, "length_m": 10000.0005341533, "z_start": 646.0, "z_end": 727.0, "dz": -81.0, "slope": -0.00809999956733585, "direction_status": "FLOW_REVERSED_SUSPECTED", "confidence": "NEED_REVIEW", "qa_comment": "Altitude de fin superieure a altitude de debut; inversion potentielle a arbitrer.", "review_status": "TO_REVIEW", "direction_runtime": "SOURCE_TO_TARGET", "direction_mnt": "TARGET_TO_SOURCE_CANDIDATE", "mnt_source": "C:\\dev\\WQDSS\\data\\MNT SEBOU 30N 30M\\seboureproj", "review_decision": "", "reviewer": "", "review_comment": "", "needs_business_validation": true}}, {"type": "Feature", "geometry": {"type": "LineString", "crs": {"type": "name", "properties": {"name": "EPSG:26191"}}, "coordinates": [[507737.9076, 371805.8006], [507734.686399996, 371795.844099998], [507712.582000002, 371760.3191], [507703.1087, 371736.635899998], [507696.793099999, 371716.899799999], [507707.0559, 371685.322099999], [507722.055299997, 371663.217700001], [507742.580799997, 371647.4289], [507780.473999999, 371631.640000001], [507797.052299999, 371615.061700001], [507789.157899998, 371582.694600001], [507747.317400001, 371527.433600001], [507720.476400003, 371506.908100002], [507703.898100004, 371477.6987], [507705.476999998, 371466.646499999], [507729.949699998, 371444.542100001], [507718.108099997, 371400.3334], [507688.109200001, 371366.3873], [507651.005400002, 371321.3891], [507639.953299999, 371285.0748], [507595.744499996, 371229.8138], [507533.3785, 371159.553399999], [507486.801399998, 371090.8719], [507466.275899999, 371041.136999998], [507439.434900001, 371006.4016], [507391.278899998, 370981.928800002], [507353.385600001, 370963.771699998], [507302.861299999, 370938.509500001], [507245.232000001, 370896.669], [507238.916500002, 370852.460299998], [507259.442000002, 370796.4098], [507284.269299999, 370729.603300002], [507303.542800002, 370650.581900001], [507309.324900001, 370542.6503], [507326.670999996, 370450.137499999], [507322.816299997, 370361.479400001], [507299.688100003, 370301.731600001], [507305.470200002, 370215.0009], [507334.380400002, 370149.471000001], [507353.653899998, 369985.646200001], [507344.017200001, 369923.971000001], [507332.453100003, 369877.714600001], [507270.777900003, 369848.804400001], [507232.230899997, 369821.8215], [507170.555699997, 369804.475299999], [507116.589900002, 369792.911200002], [507073.923, 369734.609700002], [507088.922399998, 369704.6109], [507066.028499998, 369626.456], [507060.502400003, 369595.667800002], [507064.449699998, 369561.7218], [507074.712399997, 369530.144099999], [507084.185699999, 369507.2502], [507088.922399998, 369475.672499999], [507086.554099999, 369448.041999999], [507083.396300003, 369437.7793], [507101.553499997, 369399.0966], [507113.395099998, 369380.149999998], [507122.8684, 369367.5189], [507118.9212, 369347.7828], [507120.500100002, 369329.625700001], [507137.078400001, 369316.994600002], [507144.183399998, 369310.679000001], [507164.708899997, 369257.786400002], [507188.392099999, 369192.262699999], [507204.181000002, 369157.527199998], [507216.022600003, 369119.634], [507228.653700002, 369087.266800001], [507249.179200001, 369059.636300001], [507267.336400002, 369032.795299999], [507293.387999997, 369015.427499998], [507313.1241, 369002.796500001], [507357.332800001, 368993.323199999], [507421.2777, 368982.271000002], [507471.802000001, 368964.9032], [507489.959200002, 368945.956599999], [507493.906400003, 368919.115600001], [507494.695799999, 368878.853999998], [507478.931599997, 368730.941500001], [507473.149599999, 368669.2663], [507444.239399999, 368569.044100001], [507399.910300002, 368503.514199998], [507438.095899999, 368364.745000001], [507519.406000003, 368268.377500001], [507546.509400003, 368193.090399999], [507618.784999996, 368153.941100001], [507727.198399998, 368162.975499999], [507808.508500002, 368184.0559], [507892.829999998, 368165.987], [507962.0942, 368168.998500001], [507998.232000001, 368150.9296], [507971.128600001, 368096.722899999], [507983.174599998, 368078.653999999], [508036.370399997, 368065.886999998], [508096.680799998, 368086.335700002], [508141.087899998, 368058.289000001], [508169.913599998, 368027.1261], [508197.181199998, 367994.405000001], [508224.448799998, 367969.4747], [508278.983900003, 367942.986200001], [508307.809600003, 367908.706999999], [508331.1818, 367869.7533], [508332.7399, 367841.706700001], [508323.391000003, 367823.787999999], [508329.623599999, 367783.2762], [508342.867899999, 367745.101599999], [508361.5656, 367721.729400001], [508386.495999999, 367703.810800001], [508412.205399998, 367693.682799999], [508526.729099996, 367663.298999999], [508585.159599997, 367625.124400001], [508624.113300003, 367590.066100001], [508657.613399997, 367551.8915], [508729.288099997, 367477.8796], [508749.544, 367446.716600001], [508806.4164, 367403.088500001], [508849.2654, 367389.065200001], [508918.602899998, 367364.1349], [508961.451899998, 367340.762699999], [508977.033399999, 367326.739399999], [508970.800800003, 367294.018300001], [508958.335600004, 367276.878699999], [508964.5682, 367260.518199999], [508975.475199997, 367250.3902], [508987.940399997, 367230.913400002], [508991.056699999, 367211.4366], [509012.870800003, 367195.076000001], [509029.231299996, 367175.599199999], [509030.010399997, 367156.122400001], [509026.115000002, 367142.8781], [509026.115000002, 367117.168699998], [509035.4639, 367085.2267], [509065.8477, 367054.8429], [509095.452500001, 367018.226399999], [509114.929300003, 366982.3891], [509128.173600003, 366952.7843], [509136.7434, 366921.621399999], [509085.324600004, 366879.551399998], [509058.056999996, 366840.597800002], [509047.149999998, 366827.353500001], [509034.684799999, 366806.318500001], [509037.801100001, 366773.5975], [509044.812799998, 366758.015999999], [509049.487199999, 366740.876400001], [509043.254600003, 366726.074000001], [509022.2196, 366720.620499998], [508994.952100001, 366722.957699999], [508984.824100003, 366724.515900001], [508945.870499998, 366684.783100002], [508917.044799998, 366653.620200001], [508892.8935, 366608.434], [508875.753899999, 366574.1547], [508843.811899997, 366540.654599998], [508806.4164, 366525.852200002], [508762.009199999, 366519.619600002], [508740.195200004, 366511.828899998], [508726.171800002, 366497.026500002], [508716.822999999, 366468.979899999], [508709.811300002, 366449.5031], [508685.659999996, 366437.037900001], [508651.380800001, 366444.828600001], [508631.124899998, 366444.0495], [508625.671400003, 366442.4914], [508614.764399998, 366427.688999999], [508609.310900003, 366382.502799999], [508607.752700001, 366353.677099999], [508564.124600001, 366309.269900002], [508529.845399998, 366271.874400001], [508501.798799999, 366247.723099999], [508497.903399996, 366222.792800002], [508489.3336, 366211.106699999], [508466.740500003, 366209.548500001], [508442.589199998, 366200.199700002], [508416.100699998, 366185.397300001], [508410.647200003, 366154.234299999], [508413.678300001, 366109.203299999], [508440.3068, 366084.4769], [508421.286499999, 366050.2403], [508387.049800001, 366044.534200002], [508364.225400001, 365983.669100001], [508343.303099997, 365922.804000001], [508316.674599998, 365867.645], [508297.654200003, 365841.0165], [508320.478699997, 365802.9758], [508343.303099997, 365744.012800001], [508333.792900004, 365694.559900001], [508310.968500003, 365658.421300001], [508288.144100003, 365616.576499999], [508271.025799997, 365563.319600001], [508244.397299998, 365517.670699999], [508231.083099999, 365494.846299998], [508227.278999999, 365453.001600001], [508259.613600001, 365407.3528], [508311.436999999, 365378.094799999], [508340.459799998, 365361.7696], [508354.971100002, 365281.956999999], [508387.621699996, 365243.864700001], [508398.505199999, 365191.261], [508378.552100003, 365129.587699998], [508398.505199999, 365104.1928], [508442.039300002, 365078.797899999], [508461.9925, 365055.216899998], [508484.586099997, 365030.445700001], [508485.4991, 365013.403499998], [508485.194799997, 364981.145], [508487.6294, 364955.886], [508522.018200003, 364932.148600001], [508551.537699997, 364926.062100001], [508578.927000001, 364886.4998], [508596.273599997, 364856.067299999], [508615.446099997, 364839.329399999], [508631.879699998, 364825.026099998], [508650.139200002, 364820.156800002], [508663.5295, 364798.549699999], [508668.398699999, 364779.9859], [508678.441399999, 364767.508499999], [508684.8323, 364755.639899999], [508695.4837, 364746.5101], [508730.785400003, 364730.380800001], [508756.044399999, 364719.1208], [508790.128899999, 364716.6862], [508819.039800003, 364723.077], [508842.168499999, 364718.207800001], [508856.776199996, 364702.078600001], [508876.252999999, 364694.774799999], [508887.208700001, 364672.254700001], [508894.669799998, 364647.8497], [508901.899599999, 364637.877599999], [508907.758199997, 364629.151999999], [508924.7108, 364617.808699999], [508937.496200003, 364612.886]]}, "properties": {"edge_id": 504, "source_node": 569, "target_node": 580, "length_m": 10000.000097042888, "z_start": 392.0, "z_end": 646.0, "dz": -254.0, "slope": -0.025399999753511066, "direction_status": "FLOW_REVERSED_SUSPECTED", "confidence": "NEED_REVIEW", "qa_comment": "Altitude de fin superieure a altitude de debut; inversion potentielle a arbitrer.", "review_status": "TO_REVIEW", "direction_runtime": "SOURCE_TO_TARGET", "direction_mnt": "TARGET_TO_SOURCE_CANDIDATE", "mnt_source": "C:\\dev\\WQDSS\\data\\MNT SEBOU 30N 30M\\seboureproj", "review_decision": "", "reviewer": "", "review_comment": "", "needs_business_validation": true}}, {"type": "Feature", "geometry": {"type": "LineString", "crs": {"type": "name", "properties": {"name": "EPSG:26191"}}, "coordinates": [[547115.026600003, 481232.698399998], [547187.945500001, 481225.568100002], [547296.479099996, 481281.7201], [547457.740199998, 481380.1043], [547544.825000003, 481412.732999999], [547615.556599997, 481380.891100001], [547596.170999996, 481308.971700002], [547641.818099998, 481226.8488], [547731.355499998, 481131.078299999], [547780.799999997, 481046.434599999], [547878.913900003, 481028.377599999], [547971.924800001, 481082.1296], [548064.447800003, 481201.645300001], [548165.437600002, 481169.372099999], [548290.173600003, 481121.2115], [548405.592699997, 481173.505899999], [548521.129600003, 481229.3303], [548635.908500001, 481211.376899999], [548712.126100004, 481231.668699998], [548832.557800002, 481287.510699999], [548932.526699998, 481264.026799999], [549003.571900003, 481202.520300001], [549006.880900003, 481129.350200001], [549143.535800002, 481052.9723], [549243.880900003, 480957.271699998], [549330.779399998, 480834.766100001], [549409.526799999, 480772.714699998], [549515.669100002, 480749.457600001], [549583.983000003, 480782.4067], [549607.855300002, 480932.421799999], [549648.649899997, 480976.932500001], [549785.169500001, 480927.876600001], [549867.997500002, 480863.509399999], [549954.889600001, 480932.281100001], [550017.097199999, 481033.118799999], [550176.817100003, 481046.6384], [550366.154299997, 481021.288400002], [550455.859099999, 480927.108600002], [550535.450000003, 480893.371599998], [550611.950400002, 480885.978300002], [550700.862800002, 480757.6382], [550790.347099997, 480678.481699999], [550833.845799997, 480638.309099998], [550862.961999998, 480694.0898], [550977.517200001, 480720.073399998], [551077.593400002, 480705.975900002], [551198.189400002, 480702.717599999], [551263.937299997, 480648.286699999]]}, "properties": {"edge_id": 507, "source_node": 532, "target_node": 458, "length_m": 5291.963043989012, "z_start": 594.0, "z_end": 688.0, "dz": -94.0, "slope": -0.017762784663957903, "direction_status": "FLOW_REVERSED_SUSPECTED", "confidence": "NEED_REVIEW", "qa_comment": "Altitude de fin superieure a altitude de debut; inversion potentielle a arbitrer.", "review_status": "TO_REVIEW", "direction_runtime": "SOURCE_TO_TARGET", "direction_mnt": "TARGET_TO_SOURCE_CANDIDATE", "mnt_source": "C:\\dev\\WQDSS\\data\\MNT SEBOU 30N 30M\\seboureproj", "review_decision": "", "reviewer": "", "review_comment": "", "needs_business_validation": true}}, {"type": "Feature", "geometry": {"type": "LineString", "crs": {"type": "name", "properties": {"name": "EPSG:26191"}}, "coordinates": [[522316.180500001, 390862.991599999], [522302.691500001, 390854.655699998], [522271.014200002, 390848.5167], [522239.265900001, 390869.0689], [522217.945699997, 390867.201000001], [522213.7258, 390845.345899999], [522224.169, 390808.366], [522238.839299999, 390790.202799998], [522268.1184, 390780.556499999], [522319.929099999, 390779.467799999], [522380.304700002, 390768.0755], [522404.093199998, 390759.647700001], [522443.734800003, 390748.2075], [522471.141199999, 390758.584199998], [522493.638599999, 390781.6908], [522516.170000002, 390790.2377], [522530.803999998, 390787.843400002], [522555.824299999, 390773.342099998], [522575.988899998, 390752.763900001], [522610.766400002, 390738.895500001], [522636.9674, 390740.165800002], [522667.510899998, 390714.755100001], [522659.009900004, 390697.7579], [522643.185400002, 390688.616500001], [522611.517700002, 390678.2293], [522563.414300002, 390655.6723], [522537.865900002, 390635.585700002], [522528.784999996, 390610.081900001], [522550.198700003, 390576.1664], [522581.351999998, 390546.509799998], [522627.7073, 390532.058800001], [522626.522600003, 390518.094999999], [522611.9723, 390484.693999998], [522593.162600003, 390446.437199999], [522570.053099997, 390424.537599999], [522557.306599997, 390404.4921], [522554.347400002, 390364.4428], [522560.518299997, 390332.9091], [522573.926899999, 390334.1492], [522610.466600001, 390348.195999999], [522620.171999998, 390367.025800001], [522656.119900003, 390373.774799999], [522673.828400001, 390358.6578], [522680.615599997, 390324.087299999], [522675.297499999, 390251.874299999], [522669.899899997, 390217.2861], [522672.4265, 390178.4584], [522672.450800002, 390168.1457], [522693.850299999, 390140.895100001], [522731.714199998, 390110.0462], [522754.937399998, 390084.0086], [522758.656800002, 390059.754700001], [522755.093800001, 390017.874299999], [522751.504100002, 389991.174699999], [522760.139700003, 389947.5156], [522781.5572, 389912.979699999], [522794.428000003, 389884.489399999], [522792.638300002, 389865.079399999], [522778.620200001, 389863.826499999], [522716.401299998, 389883.706099998], [522673.668399997, 389909.6866], [522627.267200001, 389942.345400002], [522582.563199997, 390030.2093], [522569.016199999, 390087.818], [522529.354800001, 390106.532000002], [522492.789899997, 390102.809300002], [522445.255400002, 390096.022799998], [522370.293499999, 390090.9914], [522297.194399998, 390070.1963], [522295.4186, 390048.357900001], [522316.803199999, 390027.1721], [522337.615699999, 389990.205400001], [522343.1822, 389952.604499999], [522317.6272, 389934.337099999], [522253.078900002, 389905.068], [522203.744900003, 389886.1472], [522166.050800003, 389843.589600001], [522148.465000004, 389805.325399999], [522144.868500002, 389776.807399999], [522153.448600002, 389756.1906], [522140.159900002, 389706.414900001], [522134.1435, 389671.204700001], [522131.974200003, 389631.745099999], [522148.636600003, 389594.413699999], [522157.016599998, 389556.575199999], [522157.077, 389530.361099999], [522144.066100001, 389459.949499998], [522094.989399999, 389384.110300001], [522069.659500003, 389371.432999998], [522049.174900003, 389373.8145], [522043.772799998, 389388.361900002], [522016.424999997, 389402.859200001], [521994.935000002, 389417.380899999], [521971.999799997, 389426.543499999], [521955.914800003, 389421.173], [521943.767300002, 389400.275899999], [521943.806100003, 389383.287700001], [521939.467500001, 389364.337900002], [521926.331, 389348.295499999], [521914.168200001, 389338.077100001], [521879.560400002, 389328.284400001], [521842.039300002, 389313.639400002], [521824.525200002, 389295.635600001], [521820.656099997, 389281.067000002], [521825.106600001, 389254.8629], [521851.989799999, 389229.685400002], [521879.324199997, 389217.1283], [521900.782399997, 389216.689199999], [521939.838100001, 389201.7304], [521980.364699997, 389180.953400001], [522025.804399997, 389141.7359], [522045.887599997, 389105.376899999], [522044.966399998, 389080.624200001], [522036.695299998, 389070.891399998], [522011.826800004, 389069.8587], [521973.779399998, 389071.2355], [521946.976499997, 389064.864799999], [521896.785899997, 389047.274300002], [521854.458499998, 388999.606600001], [521828.1307, 388995.1778], [521793.5176, 388991.2183], [521759.855599999, 388995.0233], [521737.390500002, 389008.079599999], [521717.850299999, 389025.023800001], [521682.133199997, 389073.002700001], [521647.954700001, 389093.307300001], [521621.141400002, 389087.425299998], [521607.5145, 389075.7403], [521606.592200004, 389050.9877], [521606.662, 389019.9166], [521623.827600002, 388975.787999999], [521635.585600004, 388952.993299998], [521666.368100002, 388929.276799999], [521697.662199996, 388891.489700001], [521697.220399998, 388870.608199999], [521674.3169, 388865.222899999], [521616.754000001, 388867.9987], [521579.718000002, 388858.2128], [521551.452399999, 388845.530299999], [521491.994400002, 388829.3739], [521431.5211, 388825.845899999], [521417.340899996, 388842.8026], [521414.835299998, 388874.344999999], [521411.359300002, 388902.4921], [521422.467, 388952.0288], [521462.808499999, 389014.261100002], [521456.856399998, 389056.4745], [521442.157300003, 389087.024999998], [521427.495099999, 389101.064199999], [521405.075999998, 389093.739999998], [521381.1875, 389091.746399999], [521353.860399999, 389097.019499999], [521324.0964, 389107.144299999], [521298.743199997, 389104.182799999], [521265.592200004, 389098.276799999], [521249.526600003, 389083.681499999], [521235.435000002, 389060.840500001], [521225.743000001, 389034.116999999], [521201.473700002, 388978.729699999], [521179.062700003, 388967.513799999], [521151.275899999, 388963.571600001], [521104.915299997, 388978.029599998], [521082.9102, 389004.683600001], [521023.7381, 389077.364100002], [520970.945799999, 389131.130100001], [520924.9855, 389186.851799998], [520886.435800001, 389198.8994], [520854.253399998, 389193.008000001], [520835.259800002, 389184.228799999], [520819.679499999, 389171.087900002], [520805.081299998, 389156.008699998], [520781.692400001, 389144.7916], [520739.729500003, 389156.8435], [520718.202200003, 389189.320999999], [520695.728600003, 389207.225699998], [520667.969800003, 389211.9232]]}, "properties": {"edge_id": 510, "source_node": 593, "target_node": 594, "length_m": 6342.443057153748, "z_start": 206.0, "z_end": 240.0, "dz": -34.0, "slope": -0.005360710327805124, "direction_status": "FLOW_REVERSED_SUSPECTED", "confidence": "NEED_REVIEW", "qa_comment": "Altitude de fin superieure a altitude de debut; inversion potentielle a arbitrer.", "review_status": "TO_REVIEW", "direction_runtime": "SOURCE_TO_TARGET", "direction_mnt": "TARGET_TO_SOURCE_CANDIDATE", "mnt_source": "C:\\dev\\WQDSS\\data\\MNT SEBOU 30N 30M\\seboureproj", "review_decision": "", "reviewer": "", "review_comment": "", "needs_business_validation": true}}, {"type": "Feature", "geometry": {"type": "LineString", "crs": {"type": "name", "properties": {"name": "EPSG:26191"}}, "coordinates": [[469997.187114596, 439390.785192854], [469977.591600001, 439385.771499999], [469788.458999999, 439355.010899998], [469520.401100002, 439277.4553], [469426.188199997, 439371.843800001], [469473.839599997, 439497.135400001], [469458.342299998, 439575.578699999], [469285.411600001, 439685.892299999], [469102.589100003, 439783.740899999], [468878.073600002, 439771.8237], [468830.392200001, 439642.131700002], [468786.7421, 439541.830200002], [468629.071900003, 439498.634199999], [468607.128799997, 439405.848999999], [468685.534599997, 439295.831999999], [468676.93, 439078.036600001], [468550.070200004, 438825.602600001], [468382.443999998, 438753.4285], [468321.136699997, 438669.791499998], [468273.060500003, 438430.355500001], [468051.2447, 438216.8638], [467763.6303, 438074.583099999], [467661.520300001, 438090.111299999], [467557.2557, 437965.3539], [467645.973700002, 437672.021600001], [467564.069300003, 437548.8968], [467429.4463, 437416.923700001], [467550.27647346, 437126.500984924]]}, "properties": {"edge_id": 513, "source_node": 596, "target_node": 595, "length_m": 5000.000000011905, "z_start": 32.0, "z_end": 55.0, "dz": -23.0, "slope": -0.004599999999989047, "direction_status": "FLOW_REVERSED_SUSPECTED", "confidence": "NEED_REVIEW", "qa_comment": "Altitude de fin superieure a altitude de debut; inversion potentielle a arbitrer.", "review_status": "TO_REVIEW", "direction_runtime": "SOURCE_TO_TARGET", "direction_mnt": "TARGET_TO_SOURCE_CANDIDATE", "mnt_source": "C:\\dev\\WQDSS\\data\\MNT SEBOU 30N 30M\\seboureproj", "review_decision": "", "reviewer": "", "review_comment": "", "needs_business_validation": true}}, {"type": "Feature", "geometry": {"type": "LineString", "crs": {"type": "name", "properties": {"name": "EPSG:26191"}}, "coordinates": [[516661.499499999, 394193.027800001], [516644.123300001, 394207.842599999], [516617.189000003, 394219.8277], [516601.169799998, 394238.041700002], [516588.649499998, 394264.412300002], [516577.668700002, 394301.652899999], [516572.9529, 394320.274500001], [516571.337200001, 394353.6501], [516567.805699997, 394364.511399999], [516554.140100002, 394376.1314], [516538.127999999, 394390.464400001], [516522.893600002, 394408.291700002], [516514.673699997, 394427.295499999], [516513.8574, 394446.311999999], [516513.839400001, 394456.791200001], [516523.9186, 394493.2918], [516531.229400001, 394547.2531], [516533.5299, 394571.320500001], [516521.802000001, 394587.601500001], [516502.280299999, 394600.3759], [516474.170900002, 394620.8871], [516457.377599999, 394639.4881], [516433.562200002, 394656.136599999], [516406.6492, 394661.912500002], [516383.246399999, 394663.813200001], [516364.137199998, 394667.273800001], [516337.991499998, 394677.320500001], [516323.918300003, 394701.360100001], [516324.2601, 394728.140999999], [516321.446800001, 394777.815699998], [516315.964500003, 394792.1668], [516307.742600001, 394812.723299999], [516308.484899998, 394831.7425], [516322.100100003, 394849.230999999], [516347.829099998, 394856.260899998], [516366.5427, 394857.456999999], [516384.468699999, 394860.980599999], [516396.540299997, 394869.927999999], [516404.307499997, 394888.959100001], [516398.006399997, 394929.301899999], [516387.041100003, 394952.9586], [516372.9767, 394971.952599999], [516359.686300002, 394991.335999999], [516346.0277, 394999.463399999], [516332.372500002, 395000.216400001], [516324.556500003, 395009.906199999], [516299.965899996, 395027.7181], [516282.805399999, 395029.6296], [516274.241899997, 395023.405200001], [516262.564900003, 395010.189300001], [516236.857199997, 394996.173500001], [516220.490099996, 394986.831], [516206.070900001, 394981.373], [516191.255400002, 394981.348099999], [516179.942000002, 394987.539000001], [516172.513300002, 394997.229499999], [516169.3737, 395011.196600001], [516169.723700002, 395033.320099998], [516182.113300003, 395083.397500001], [516182.860299997, 395105.133499999], [516169.952399999, 395127.622900002], [516156.669699997, 395142.737300001], [516151.575099997, 395162.5229], [516166.331100002, 395197.866700001], [516181.120200001, 395213.4054], [516201.757399999, 395227.024300002], [516218.122199997, 395237.531199999], [516241.1109, 395245.332400002], [516247.331200004, 395257.762800001], [516235.567299999, 395296.166999999], [516205.903899998, 395315.911200002], [516185.221000001, 395324.015799999], [516149.734300002, 395325.508699998], [516124.014899999, 395318.8785], [516100.232299998, 395317.286200002], [516086.208700001, 395312.605300002], [516067.5031, 395307.140299998], [516052.700300001, 395299.741300002], [516037.103, 395298.939100001], [516012.918899998, 395305.885000002], [515979.767300002, 395311.263599999], [515959.0801, 395322.085499998], [515936.404700004, 395358.919500001], [515926.237000003, 395380.637499999], [515928.8913, 395425.652899999], [515923.774700001, 395453.589200001], [515938.554799996, 395474.572299998], [515935.017899998, 395489.315000001], [515931.483900003, 395507.938999999], [515925.585000001, 395535.0867], [515919.668899998, 395578.158399999], [515921.975199997, 395599.509], [515923.890799999, 395617.354699999], [515933.220899999, 395633.6712], [515954.259099998, 395644.185400002], [515972.580799997, 395647.320799999], [515993.630599998, 395650.8488], [516009.6043, 395657.8616], [516035.315099999, 395669.16], [516062.179700002, 395690.540399998], [516091.411700003, 395696.4111], [516099.6206, 395682.851599999], [516098.881899998, 395661.503699999], [516099.709600002, 395629.679099999], [516096.633199997, 395606.009599999], [516095.891800001, 395580.7804], [516104.110600002, 395561.388], [516110.7676, 395544.321800001], [516127.179399997, 395526.495700002], [516145.911899999, 395515.6708], [516167.753899999, 395508.721299998], [516173.208899997, 395510.282900002], [516184.903099999, 395513.019499999], [516194.607600004, 395536.700100001], [516194.580799997, 395552.6131], [516198.839500003, 395574.7432], [516199.564900003, 395603.853599999], [516197.951399997, 395636.830200002], [516186.5845, 395675.235100001], [516167.446099997, 395691.881099999], [516159.228600003, 395710.497099999], [516142.412299998, 395738.801800001], [516132.610299997, 395773.317200001], [516133.741300002, 395796.9945], [516127.4639, 395818.718899999], [516105.976000004, 395845.840300001], [516084.137999997, 395850.849399999], [516054.517999999, 395845.754299998], [516038.556999996, 395831.3783], [516014.019199997, 395813.483800001], [515979.739200003, 395794.408799998], [515953.249700002, 395780.3924], [515931.817400001, 395774.146899998], [515918.174500003, 395773.736200001], [515903.346100002, 395782.250399999], [515879.536399998, 395797.736000001], [515865.057499997, 395829.149999998], [515868.911499999, 395856.701900002], [515877.832400002, 395886.214000002], [515890.242299996, 395924.259399999], [515908.1083, 395968.5348], [515924.810199998, 396003.094300002], [515948.5088, 396054.354699999], [515964.083700001, 396067.9648], [516002.271200001, 396081.612500001], [516036.556999996, 396090.9846], [516078.272, 396095.3235], [516118.785599999, 396112.457699999], [516125.0075, 396123.7236], [516105.464100003, 396151.635699999], [516090.631499998, 396162.8554], [516071.511799999, 396174.467099998], [516029.752599999, 396196.908599999], [515995.445100002, 396200.732700001], [515965.419399999, 396201.847199999], [515941.258900002, 396195.985300001], [515912.788800001, 396204.0887], [515887.045100004, 396207.9274], [515862.867299996, 396212.545000002], [515844.145400003, 396217.936799999], [515822.306500003, 396224.110800002], [515806.321500003, 396224.472600002], [515778.639899999, 396224.039099999], [515747.049500003, 396229.421], [515728.711099997, 396237.153499998], [515712.716600001, 396243.337299999], [515704.511200003, 396255.355700001], [515707.958700001, 396294.9388], [515711.804700002, 396327.5363], [515733.176200002, 396370.264800001], [515751.872299999, 396380.375500001], [515774.083999999, 396382.740600001], [515797.465400003, 396391.317699999], [515819.291100003, 396392.906100001], [515845.020800002, 396397.217799999], [515862.555699997, 396401.515999999], [515890.603399999, 396414.3704], [515897.591399998, 396430.671999998], [515893.6602, 396450.071699999], [515880.769699998, 396469.068399999], [515865.537699997, 396482.616500001], [515831.207000002, 396501.1899], [515795.3178, 396514.7152], [515769.564199999, 396525.1523], [515724.303099997, 396548.354499999], [515683.715400003, 396577.386399999], [515656.378399998, 396603.734299999], [515633.731700003, 396625.421300001], [515609.5299, 396645.564399999], [515597.801700003, 396664.5634], [515582.534900002, 396705.668699998], [515565.733999997, 396726.5891], [515539.996100001, 396733.5337], [515515.4476, 396728.836599998], [515492.455799997, 396719.096500002], [515472.593800001, 396706.267499998], [515421.1752, 396684.449999999], [515370.901199996, 396673.114], [515334.650799997, 396671.115499999], [515304.243900001, 396669.514600001], [515286.315899998, 396663.2872], [515262.926799998, 396665.5788], [515243.815300003, 396667.478], [515224.330700003, 396666.293900002], [515202.901199996, 396659.273800001], [515186.928000003, 396652.650400002], [515173.298500001, 396638.6565], [515175.661300004, 396625.0759], [515169.450800002, 396606.059099998], [515168.6985, 396592.085499998], [515180.421099998, 396576.190900002], [515190.963799998, 396560.305599999], [515198.794, 396540.135499999], [515209.792599998, 396492.424800001], [515209.430600002, 396470.7005], [515199.7148, 396453.2196], [515205.617299996, 396416.368299998], [515208.818300001, 396368.257199999], [515215.108599998, 396331.007300001], [515214.728200004, 396326.737300001], [515210.489600003, 396296.4681], [515211.3112, 396266.594999999], [515191.839299999, 396256.861200001], [515167.668700002, 396257.211199999], [515153.240400001, 396258.3528], [515120.467, 396271.874499999], [515107.578299999, 396284.662300002], [515086.104699999, 396305.199099999], [515070.488300003, 396323.4164], [515061.091200002, 396349.3948], [515060.654100001, 396375.398400001], [515054.766199999, 396403.322900001], [515042.615800001, 396445.210200001], [515033.228600003, 396464.989799999], [515010.223099999, 396469.223200001], [514983.733400002, 396455.597600002], [514969.732500002, 396431.124000002], [514955.343800001, 396407.0491], [514945.626800001, 396389.956599999], [514938.649300002, 396365.893199999], [514930.874300003, 396350.7443], [514917.239799999, 396339.467599999], [514898.9463, 396324.6906], [514887.258100003, 396318.4736], [514866.208800003, 396315.336100001], [514851.389300004, 396319.194400001], [514820.187100001, 396330.390799999], [514803.399099998, 396343.561099999], [514792.071800001, 396354.4111], [514782.278800003, 396386.599199999], [514767.824000001, 396405.206900001], [514740.907399997, 396417.1974], [514710.103500001, 396421.419599999], [514699.584799998, 396415.969799999], [514678.942299999, 396400.0253], [514678.561099999, 396396.1435], [514656.007799998, 396357.695999999], [514634.999200001, 396327.778499998], [514617.884400003, 396301.371199999], [514600.758100003, 396288.5372], [514585.168099999, 396283.855999999], [514561.381800003, 396286.148699999], [514544.216899998, 396292.720899999], [514521.167900004, 396325.665399998], [514498.533600002, 396340.379900001], [514488.374499999, 396353.172699999], [514467.698100001, 396365.561500002], [514443.920199998, 396362.4208], [514425.219099998, 396354.6303], [514384.315899998, 396331.669799998], [514340.696699999, 396300.1778], [514307.580600001, 396284.603599999], [514291.216700003, 396279.533599999], [514264.712800004, 396274.4487], [514238.586900003, 396275.5744], [514222.989799999, 396281.761300001], [514214.7892, 396291.840300001], [514208.525600001, 396307.355999999], [514204.984300002, 396327.133900002], [514209.204800002, 396371.774300002], [514218.881200001, 396423.3979], [514248.006300002, 396500.655299999], [514251.4608, 396533.251699999], [514242.823299997, 396577.0858], [514218.228399999, 396596.843699999], [514197.555799998, 396607.2925], [514170.659900002, 396606.088500001], [514147.663599998, 396598.292100001], [514131.6998, 396584.6844], [514126.277599998, 396561.011999998], [514123.984300002, 396534.6162], [514116.241099998, 396496.967999998], [514101.1118, 396442.2315], [514090.622299999, 396416.611099999], [514078.945799999, 396408.443399999], [514053.6008, 396405.301399998], [514027.883500002, 396398.277600002], [514000.211900003, 396391.2511], [513967.862300001, 396387.322799999], [513934.320500001, 396398.141600002], [513894.904700004, 396423.312600002], [513883.964199998, 396441.5275], [513864.426799998, 396470.2205], [513852.283399999, 396510.944800001], [513841.344800003, 396527.9954], [513810.903800003, 396549.6866], [513777.752700001, 396558.565900002], [513747.737599999, 396559.6873], [513721.621399999, 396554.604400001], [513699.412, 396544.093400002], [513680.7174, 396531.646899998], [513660.854699999, 396517.269200001], [513639.058600001, 396494.7271], [513626.979400001, 396490.828699999], [513609.044100001, 396488.8627], [513595.431100003, 396467.8959], [513588.832400002, 396447.316100001], [513595.509499997, 396412.405499998], [513598.669500001, 396387.570099998], [513615.0726, 396365.0933], [513632.634400003, 396351.1457], [513645.533100002, 396329.817200001], [513662.715000004, 396310.8347], [513670.529100001, 396293.380199999], [513681.478, 396275.542199999], [513678.7654, 396264.2938], [513674.120099999, 396237.894900002], [513660.892399996, 396218.081799999], [513642.198200002, 396204.870200001], [513618.043399997, 396193.9685], [513592.714599997, 396185.394000001], [513571.279600002, 396180.706300002], [513548.266999997, 396183.390700001], [513527.594800003, 396193.452799998], [513519.786899999, 396200.039900001], [513504.545199998, 396229.116599999], [513489.6831, 396263.638700001], [513511.070100002, 396302.469900001], [513518.427500002, 396334.295200001], [513535.542999998, 396362.264199998], [513539.017399996, 396389.0385], [513522.235100001, 396399.494199999], [513500.409500003, 396397.5229], [513473.909900002, 396389.335200001], [513416.644100003, 396358.604499999], [513349.643600002, 396314.664500002], [513337.182800002, 396306.496599998], [513318.476999998, 396301.425099999], [513307.1642, 396302.9619], [513286.501599997, 396306.4265], [513266.208999999, 396322.3004], [513231.867200002, 396345.5405], [513208.440800004, 396368.019499999], [513187.766099997, 396380.399900001], [513152.658200003, 396391.219300002], [513113.288500004, 396390.777399998], [513097.311800003, 396385.322000001], [513086.039300002, 396357.372900002], [513097.796700001, 396313.542100001], [513110.721299998, 396272.4186], [513131.041699998, 396235.973900002], [513149.399300002, 396212.711599998], [513173.591799997, 396196.454599999], [513234.8653, 396149.587000001], [513306.662, 396106.2163], [513349.593999997, 396071.355799999], [513358.427100003, 396055.959100001]]}, "properties": {"edge_id": 516, "source_node": 590, "target_node": 601, "length_m": 10000.000261540763, "z_start": 159.0, "z_end": 163.0, "dz": -4.0, "slope": -0.00039999998953836976, "direction_status": "FLOW_REVERSED_SUSPECTED", "confidence": "NEED_REVIEW", "qa_comment": "Altitude de fin superieure a altitude de debut; inversion potentielle a arbitrer.", "review_status": "TO_REVIEW", "direction_runtime": "SOURCE_TO_TARGET", "direction_mnt": "TARGET_TO_SOURCE_CANDIDATE", "mnt_source": "C:\\dev\\WQDSS\\data\\MNT SEBOU 30N 30M\\seboureproj", "review_decision": "", "reviewer": "", "review_comment": "", "needs_business_validation": true}}, {"type": "Feature", "geometry": {"type": "LineString", "crs": {"type": "name", "properties": {"name": "EPSG:26191"}}, "coordinates": [[554646.870499998, 480615.8948], [554721.426700003, 480556.385499999], [554828.395000003, 480538.4619], [554901.206500001, 480492.041900001], [554974.755800001, 480463.576900002], [555024.242299996, 480381.888799999], [555111.812600002, 480327.7454], [555167.910800002, 480314.989999998], [555173.963200003, 480260.7643], [555117.862800002, 480153.671300001], [555125.2104, 480069.787799999], [555177.375500001, 480008.995000001], [555245.340000004, 479954.739599999], [555284.8204, 479910.071199998], [555327.909900002, 479919.107500002], [555414.017300002, 479947.908100002], [555492.755099997, 479895.669599999], [555530.7218, 479798.885000002], [555580.100500002, 479738.655099999], [555621.442199998, 479710.5955], [555717.2531, 479757.028299998], [555807.241099998, 479792.688999999], [555853.450400002, 479771.481699999], [555937.027099997, 479730.014199998], [556066.617600001, 479702.463399999], [556157.357500002, 479610.285100002], [556308.145800002, 479619.3726], [556423.176200002, 479566.368900001], [556471.434299998, 479554.562100001]]}, "properties": {"edge_id": 518, "source_node": 459, "target_node": 603, "length_m": 2509.180486042187, "z_start": 725.0, "z_end": 789.0, "dz": -64.0, "slope": -0.025506335776167822, "direction_status": "FLOW_REVERSED_SUSPECTED", "confidence": "NEED_REVIEW", "qa_comment": "Altitude de fin superieure a altitude de debut; inversion potentielle a arbitrer.", "review_status": "TO_REVIEW", "direction_runtime": "SOURCE_TO_TARGET", "direction_mnt": "TARGET_TO_SOURCE_CANDIDATE", "mnt_source": "C:\\dev\\WQDSS\\data\\MNT SEBOU 30N 30M\\seboureproj", "review_decision": "", "reviewer": "", "review_comment": "", "needs_business_validation": true}}, {"type": "Feature", "geometry": {"type": "LineString", "crs": {"type": "name", "properties": {"name": "EPSG:26191"}}, "coordinates": [[485435.552735841, 441211.398864488], [485643.905100003, 440720.7447], [485778.849399999, 440590.4078], [485779.599699996, 440446.839600001], [485700.843599997, 440446.956900001], [485627.209299996, 440619.316599999], [485546.716300003, 440640.9551], [485449.310099997, 440515.847399998], [485348.670299999, 440527.901900001], [485209.619000003, 440467.290399998], [485023.6778, 440542.058200002], [484929.315800004, 440636.272500001], [484724.727399997, 440746.3462], [484677.332099996, 440652.355599999], [484708.556599997, 440479.845400002], [484881.649700001, 440369.821199998], [484991.587800004, 440165.821699999], [484953.0524, 440016.7031], [484779.693400003, 439929.366300002], [484611.047300003, 439961.534600001], [484540.237499997, 440037.746599998], [484605.110200003, 440218.3873], [484582.394000001, 440385.970400002], [484443.139200002, 440537.615499999], [484343.228100002, 440517.436700001], [484313.235399999, 440474.4289], [484377.522799998, 440323.591699999], [484440.936099999, 440175.6624], [484471.678999998, 440103.9289], [484424.294399999, 440025.612], [484203.865699999, 440088.694800001], [484185.741287389, 440075.85380529]]}, "properties": {"edge_id": 522, "source_node": 605, "target_node": 602, "length_m": 5000.00000000506, "z_start": 58.0, "z_end": 60.0, "dz": -2.0, "slope": -0.0003999999999995952, "direction_status": "FLOW_REVERSED_SUSPECTED", "confidence": "NEED_REVIEW", "qa_comment": "Altitude de fin superieure a altitude de debut; inversion potentielle a arbitrer.", "review_status": "TO_REVIEW", "direction_runtime": "SOURCE_TO_TARGET", "direction_mnt": "TARGET_TO_SOURCE_CANDIDATE", "mnt_source": "C:\\dev\\WQDSS\\data\\MNT SEBOU 30N 30M\\seboureproj", "review_decision": "", "reviewer": "", "review_comment": "", "needs_business_validation": true}}, {"type": "Feature", "geometry": {"type": "LineString", "crs": {"type": "name", "properties": {"name": "EPSG:26191"}}, "coordinates": [[488760.310826513, 445102.226194774], [488762.068999998, 445098.276299998], [488935.260700002, 445113.747000001], [489061.103399999, 445019.578400001], [489102.004000001, 444798.563999999], [489202.377800003, 444643.300500002], [489139.252800003, 444517.9921], [488965.815700002, 444298.787300002], [488823.886799999, 444110.8827], [488697.794, 444001.3237], [488634.667300001, 443876.008000001], [488288.008199997, 443672.684599999], [488130.374200001, 443531.816199999], [487988.5053, 443406.603], [488019.7804, 443234.145599999], [488145.755199999, 443233.9888], [488255.864399999, 443139.807799999], [488176.975699998, 443014.515000001], [488019.486199997, 442999.0385], [488035.051399998, 442857.945799999], [488176.6272, 442732.369100001], [488223.7557, 442638.265999999], [488050.450099997, 442575.7804], [488034.502800003, 442419.044], [487829.837200001, 442466.329999998], [487546.475400001, 442545.067000002], [487310.3213, 442592.405099999], [487112.304866521, 442673.878336712]]}, "properties": {"edge_id": 527, "source_node": 614, "target_node": 606, "length_m": 5000.000000000125, "z_start": 75.0, "z_end": 80.0, "dz": -5.0, "slope": -0.000999999999999975, "direction_status": "FLOW_REVERSED_SUSPECTED", "confidence": "NEED_REVIEW", "qa_comment": "Altitude de fin superieure a altitude de debut; inversion potentielle a arbitrer.", "review_status": "TO_REVIEW", "direction_runtime": "SOURCE_TO_TARGET", "direction_mnt": "TARGET_TO_SOURCE_CANDIDATE", "mnt_source": "C:\\dev\\WQDSS\\data\\MNT SEBOU 30N 30M\\seboureproj", "review_decision": "", "reviewer": "", "review_comment": "", "needs_business_validation": true}}, {"type": "Feature", "geometry": {"type": "LineString", "crs": {"type": "name", "properties": {"name": "EPSG:26191"}}, "coordinates": [[460260.405594543, 431930.163935799], [460124.2443, 431766.6952]]}, "properties": {"edge_id": 532, "source_node": 592, "target_node": 617, "length_m": 212.7485034381901, "z_start": 20.0, "z_end": 24.0, "dz": -4.0, "slope": -0.01880154236272746, "direction_status": "FLOW_REVERSED_SUSPECTED", "confidence": "NEED_REVIEW", "qa_comment": "Altitude de fin superieure a altitude de debut; inversion potentielle a arbitrer.", "review_status": "TO_REVIEW", "direction_runtime": "SOURCE_TO_TARGET", "direction_mnt": "TARGET_TO_SOURCE_CANDIDATE", "mnt_source": "C:\\dev\\WQDSS\\data\\MNT SEBOU 30N 30M\\seboureproj", "review_decision": "", "reviewer": "", "review_comment": "", "needs_business_validation": true}}, {"type": "Feature", "geometry": {"type": "LineString", "crs": {"type": "name", "properties": {"name": "EPSG:26191"}}, "coordinates": [[484372.516719678, 455422.713895167], [484373.078100003, 455423.186500002], [484433.127899997, 455482.764899999], [484500.992700003, 455509.076499999], [484546.1532, 455471.822099999], [484593.233900003, 455414.998100001], [484648.311899997, 455431.547899999], [484675.900399998, 455473.5766], [484668.118600003, 455528.373799998], [484647.633599997, 455625.2643], [484637.901000001, 455685.943599999], [484622.756200001, 455770.590999998], [484622.443099998, 455849.346700002], [484649.044, 455887.461399998], [484699.657499999, 455915.2663], [484775.843500003, 455894.113699999], [484785.7324, 455931.268199999], [484800.548600003, 455979.185600001], [484844.321599998, 456032.436700001], [484892.123400003, 456084.694600001], [484948.568499997, 456070.4296], [484986.851400003, 456041.019099999], [484986.310999997, 455976.939800002], [485005.909000002, 455943.643199999], [485053.100299999, 455951.389400002], [485095.401000001, 455971.8774], [485107.233800001, 455999.2458], [485109.270400003, 456042.291900001], [485132.920500003, 456087.256499998], [485150.708899997, 456144.953200001], [485200.901699998, 456192.805199999], [485268.7412, 456207.375599999], [485367.969300002, 456182.764699999], [485433.773699999, 456148.4333], [485486.760300003, 456094.544], [485535.933300003, 456111.0968], [485575.3235, 456164.846099999], [485607.887000002, 456247.956], [485641.309500001, 456250.834100001], [485685.0766, 456304.089200001], [485732.845700003, 456344.615699999], [485750.129699998, 456429.213199999], [485727.688000001, 456540.7689], [485770.548799999, 456583.2663], [485842.314400002, 456597.834899999], [485944.568599999, 456627.023200002], [485987.3407, 456672.450100001], [485943.753899999, 456739.5339], [485873.053499997, 456781.700300001], [485864.325300001, 456857.041299999], [485919.434100002, 456907.818399999], [486011.911899999, 456975.190699998], [486015.963200003, 457058.333000001], [485998.335600004, 457099.444899999], [485936.531999998, 457172.9005], [485848.086499996, 457174.007199999], [485806.895300001, 457229.829599999], [485812.844499998, 457269.9197], [485889.616099998, 457347.086599998], [485899.494900003, 457381.314199999], [485866.167499997, 457440.053199999], [485867.209700003, 457482.114], [485901.693099998, 457542.7051], [485991.270599999, 457641.373300001], [485999.212399997, 457698.088199999], [485959.120499998, 457834.117600001], [485972.016599998, 457915.284000002], [486008.471199997, 457978.8123], [485985.969999999, 458049.2599], [485986.077600002, 458122.625], [486037.306400001, 458212.531800002], [486124.874499999, 458288.697999999], [486149.79084804, 458299.085434584]]}, "properties": {"edge_id": 534, "source_node": 618, "target_node": 619, "length_m": 5000.000000003948, "z_start": 129.0, "z_end": 146.0, "dz": -17.0, "slope": -0.0033999999999973153, "direction_status": "FLOW_REVERSED_SUSPECTED", "confidence": "NEED_REVIEW", "qa_comment": "Altitude de fin superieure a altitude de debut; inversion potentielle a arbitrer.", "review_status": "TO_REVIEW", "direction_runtime": "SOURCE_TO_TARGET", "direction_mnt": "TARGET_TO_SOURCE_CANDIDATE", "mnt_source": "C:\\dev\\WQDSS\\data\\MNT SEBOU 30N 30M\\seboureproj", "review_decision": "", "reviewer": "", "review_comment": "", "needs_business_validation": true}}, {"type": "Feature", "geometry": {"type": "LineString", "crs": {"type": "name", "properties": {"name": "EPSG:26191"}}, "coordinates": [[486149.79084804, 458299.085434584], [486211.394199997, 458324.7674], [486261.500699997, 458317.851199999], [486385.9657, 458400.067699999], [486467.109800003, 458386.1646], [486526.973899998, 458433.8662], [486579.140199997, 458498.3398], [486626.820799999, 458551.5832], [486745.305600002, 458572.4384], [486852.420599997, 458584.0262], [486936.972400002, 458618.1527], [486975.391099997, 458691.454599999], [486996.137900002, 458774.553199999], [487044.325300001, 458805.7907], [487052.240000002, 458847.831500001], [487046.481200002, 458943.689300001], [487013.169500001, 459015.125700001], [486984.209899999, 459067.499400001], [486933.6866, 459088.588599998], [486984.329700001, 459155.517999999], [486955.556999996, 459277.319499999], [486981.171300001, 459331.072099999], [487020.559900001, 459392.6373], [487049.081200004, 459416.070300002], [487094.272799998, 459408.177900001], [487129.6699, 459430.625700001], [487153.351999998, 459505.900899999], [487211.354699999, 459532.223200001], [487282.079700001, 459519.4168], [487341.052699998, 459538.8946], [487385.369800001, 459618.058699999], [487421.798199996, 459673.750599999], [487460.1153, 459675.6525], [487519.033399999, 459654.067000002], [487579.952299997, 459656.916000001], [487613.391500004, 459682.307799999], [487691.022100002, 459691.98], [487750.974299997, 459712.4463], [487769.152800001, 459749.094900001], [487750.122299999, 459812.191300001], [487758.046899997, 459864.992600001], [487805.1941, 459855.148800001], [487880.789800003, 459813.9881], [487949.578100003, 459827.589299999], [487957.488499999, 459862.786899999], [487951.709600002, 459956.670299999], [488002.956799999, 460083.737300001], [488031.605899997, 460212.785300002], [488016.961999998, 460284.195300002], [488063.207000002, 460337.914099999], [488047.610799998, 460438.665100001], [488058.502499998, 460508.079799999], [488158.733999997, 460525.559], [488219.7007, 460579.260400001], [488280.756300002, 460698.4859], [488339.748199999, 460733.6105], [488346.668799996, 460769.785999998], [488333.0079, 460845.099199999], [488352.773199998, 460947.748], [488393.475599997, 460927.654199999], [488425.470899999, 460945.707400002], [488437.290399998, 460975.021899998], [488422.663599998, 461062.072099999], [488409.934799999, 461098.260499999], [488435.498999998, 461113.881200001], [488519.967699997, 461109.863600001], [488549.954800002, 461171.923999999], [488582.944899999, 461195.833500002], [488630.0898, 461188.9331], [488676.274999998, 461206.4822], [488727.182815835, 461195.975822306]]}, "properties": {"edge_id": 535, "source_node": 619, "target_node": 620, "length_m": 4999.999999999327, "z_start": 146.0, "z_end": 196.0, "dz": -50.0, "slope": -0.010000000000001346, "direction_status": "FLOW_REVERSED_SUSPECTED", "confidence": "NEED_REVIEW", "qa_comment": "Altitude de fin superieure a altitude de debut; inversion potentielle a arbitrer.", "review_status": "TO_REVIEW", "direction_runtime": "SOURCE_TO_TARGET", "direction_mnt": "TARGET_TO_SOURCE_CANDIDATE", "mnt_source": "C:\\dev\\WQDSS\\data\\MNT SEBOU 30N 30M\\seboureproj", "review_decision": "", "reviewer": "", "review_comment": "", "needs_business_validation": true}}, {"type": "Feature", "geometry": {"type": "LineString", "crs": {"type": "name", "properties": {"name": "EPSG:26191"}}, "coordinates": [[488727.182815835, 461195.975822306], [488804.930600002, 461179.930199999], [488860.929499999, 461180.8409], [488917.911399998, 461192.510699999], [488969.949699998, 461165.073899999], [489202.0163, 461375.024900001], [489243.286499999, 461387.690400001], [489278.707400002, 461442.414900001], [489325.858199999, 461441.3748], [489368.038000002, 461391.466499999], [489458.839299999, 461378.1657], [489535.016800001, 461379.5462], [489570.374799997, 461369.734900001], [489561.4855, 461328.6798], [489608.626199998, 461317.8686], [489727.545900002, 461372.493099999], [489826.804700002, 461416.3913], [489924.132100001, 461487.669199999], [490095.0458, 461483.5748], [490165.798299998, 461516.746300001], [490231.671099998, 461568.503400002], [490261.193599999, 461627.131099999], [490374.724699996, 461747.770500001], [490429.367799997, 461824.476599999], [490453.008299999, 461889.954999998], [490491.339199998, 461915.341200002], [490500.709600002, 462002.830699999], [490548.420599997, 462024.791200001], [490549.887599997, 462073.186999999], [490573.067299999, 462118.621800002], [490556.8684, 462179.747200001], [490595.214199998, 462221.750599999], [490677.295000002, 462237.798900001], [490812.858999997, 462254.295499999], [490849.216200002, 462266.9617], [490889.569700003, 462351.981699999], [490911.250500001, 462431.162799999]]}, "properties": {"edge_id": 536, "source_node": 620, "target_node": 621, "length_m": 3010.1560929278567, "z_start": 196.0, "z_end": 282.0, "dz": -86.0, "slope": -0.028569946987815936, "direction_status": "FLOW_REVERSED_SUSPECTED", "confidence": "NEED_REVIEW", "qa_comment": "Altitude de fin superieure a altitude de debut; inversion potentielle a arbitrer.", "review_status": "TO_REVIEW", "direction_runtime": "SOURCE_TO_TARGET", "direction_mnt": "TARGET_TO_SOURCE_CANDIDATE", "mnt_source": "C:\\dev\\WQDSS\\data\\MNT SEBOU 30N 30M\\seboureproj", "review_decision": "", "reviewer": "", "review_comment": "", "needs_business_validation": true}}, {"type": "Feature", "geometry": {"type": "LineString", "crs": {"type": "name", "properties": {"name": "EPSG:26191"}}, "coordinates": [[500476.457999997, 463187.355599999], [500455.146399997, 463207.976], [500411.938699998, 463226.554299999], [500361.847999997, 463229.480799999], [500339.256399997, 463215.791499998], [500316.867600001, 463159.972199999], [500299.980700001, 463083.8202], [500269.534999996, 463052.526700001], [500158.550099999, 463046.667300001], [500106.500399999, 462967.475699998], [500074.085699998, 462914.685199998], [500026.950300001, 462895.1285], [499963.300399996, 462890.1479], [499935.800700001, 462872.544], [499932.660400003, 462815.938000001], [499930.691399999, 462705.465799998], [499915.961300001, 462645.831700001], [499881.585000001, 462567.6175], [499891.4076, 462543.180199999], [499977.836499996, 462507.9826], [500009.264600001, 462472.785500001], [500001.611199997, 462420.871800002], [499949.355700001, 462393.594999999], [499892.5867, 462377.855], [499805.953000002, 462291.910399999], [499742.298199996, 462257.602299999], [499662.549800001, 462261.609200001], [499593.988799997, 462264.4516], [499548.6052, 462206.8605], [499517.366099998, 462160.816500001], [499469.043300003, 462113.985800002], [499440.752499998, 462084.558600001], [499357.063600004, 462050.442899998], [499301.271600001, 462041.550500002], [499274.553599998, 461996.671700001], [499238.397799998, 461971.161400002], [499231.463692145, 461966.206516078]]}, "properties": {"edge_id": 538, "source_node": 623, "target_node": 624, "length_m": 2233.4484101039543, "z_start": 226.0, "z_end": 278.0, "dz": -52.0, "slope": -0.023282382420277036, "direction_status": "FLOW_REVERSED_SUSPECTED", "confidence": "NEED_REVIEW", "qa_comment": "Altitude de fin superieure a altitude de debut; inversion potentielle a arbitrer.", "review_status": "TO_REVIEW", "direction_runtime": "SOURCE_TO_TARGET", "direction_mnt": "TARGET_TO_SOURCE_CANDIDATE", "mnt_source": "C:\\dev\\WQDSS\\data\\MNT SEBOU 30N 30M\\seboureproj", "review_decision": "", "reviewer": "", "review_comment": "", "needs_business_validation": true}}, {"type": "Feature", "geometry": {"type": "LineString", "crs": {"type": "name", "properties": {"name": "EPSG:26191"}}, "coordinates": [[519742.081299998, 457621.2795], [519786.973700002, 457579.398800001], [519765.3398, 457472.745000001], [519669.321900003, 457400.756999999], [519581.205200002, 457213.525199998], [519588.431299999, 457178.221999999], [519624.387400001, 457002.415100001], [519676.441, 456781.140700001], [519748.085299998, 456589.357700001], [519817.053599998, 456554.182300001], [519950.8627, 456552.796799999], [520071.239, 456479.074000001], [520129.182300001, 456373.1642], [520071.823700003, 456200.557999998], [520017.293499999, 456159.368900001], [519969.183899999, 456135.9855], [519885.872199997, 456119.9608], [519782.171099998, 456159.9553], [519768.559299998, 456168.235300001], [519721.198799998, 456181.171], [519682.882399999, 456175.224199999], [519635.780900002, 456137.945900001], [519615.276100002, 456072.3594], [519619.296499997, 456028.3422], [519713.048600003, 455846.5658], [519745.622299999, 455777.173099998], [519801.8138, 455699.0222], [519860.943000004, 455622.8299], [519957.475000002, 455522.257599998], [520057.9362, 455427.562199999], [520105.181599997, 455358.101799998], [520165.116499998, 455227.805300001], [520214.970399998, 455073.706], [520215.069700003, 455026.741599999], [520118.125299998, 454810.2051], [520085.207800001, 454608.667800002], [520055.957599998, 454497.063000001], [520012.002300002, 454362.910500001], [520008.0973, 454346.2751], [519987.570799999, 454290.449499998], [519955.087200001, 454133.438099999], [519902.159599997, 454003.0832], [519793.777900003, 453840.9124], [519733.739, 453735.690000001], [519708.717299998, 453654.310600001], [519698.645499997, 453534.905000001], [519709.093400002, 453471.812100001], [519743.612899996, 453418.053100001], [519768.822499998, 453351.075300001], [519783.695, 453288.9679], [519758.246200003, 453236.5603], [519725.3719, 453207.619600002], [519653.173199996, 453175.669799998], [519579.3477, 453152.245499998]]}, "properties": {"edge_id": 550, "source_node": 640, "target_node": 639, "length_m": 5700.48305048499, "z_start": 200.0, "z_end": 242.0, "dz": -42.0, "slope": -0.007367796663552345, "direction_status": "FLOW_REVERSED_SUSPECTED", "confidence": "NEED_REVIEW", "qa_comment": "Altitude de fin superieure a altitude de debut; inversion potentielle a arbitrer.", "review_status": "TO_REVIEW", "direction_runtime": "SOURCE_TO_TARGET", "direction_mnt": "TARGET_TO_SOURCE_CANDIDATE", "mnt_source": "C:\\dev\\WQDSS\\data\\MNT SEBOU 30N 30M\\seboureproj", "review_decision": "", "reviewer": "", "review_comment": "", "needs_business_validation": true}}, {"type": "Feature", "geometry": {"type": "LineString", "crs": {"type": "name", "properties": {"name": "EPSG:26191"}}, "coordinates": [[475332.546400003, 421939.571899999], [475432.290299997, 422043.256000001], [475504.929700002, 422069.044199999], [475583.043899998, 422096.7707], [475607.855800003, 422034.822999999], [475636.011799999, 421964.548799999], [475574.352600001, 421781.2476], [475308.566399999, 421490.427000001], [475302.461599998, 421383.3092], [475369.954899996, 421311.281], [475418.000299998, 421223.7542], [475433.864299998, 421078.0189], [475388.111100003, 420969.838399999], [475194.442599997, 420943.465100002], [475021.117600001, 420958.3101], [474512.671400003, 421136.195300002], [474304.393700004, 421233.370499998], [474060.733599998, 421593.078499999], [473593.2324, 421613.895100001], [473252.441699997, 421782.3935], [473001.990900002, 421827.0242], [472879.147500001, 421639.543000001], [472878.0951, 421273.728100002], [472591.644500002, 420992.535100002], [472573.090000004, 420989.360800002], [472469.240999997, 420976.650600001]]}, "properties": {"edge_id": 552, "source_node": 642, "target_node": 572, "length_m": 5393.270752976329, "z_start": 29.0, "z_end": 31.0, "dz": -2.0, "slope": -0.0003708324858150836, "direction_status": "FLOW_REVERSED_SUSPECTED", "confidence": "NEED_REVIEW", "qa_comment": "Altitude de fin superieure a altitude de debut; inversion potentielle a arbitrer.", "review_status": "TO_REVIEW", "direction_runtime": "SOURCE_TO_TARGET", "direction_mnt": "TARGET_TO_SOURCE_CANDIDATE", "mnt_source": "C:\\dev\\WQDSS\\data\\MNT SEBOU 30N 30M\\seboureproj", "review_decision": "", "reviewer": "", "review_comment": "", "needs_business_validation": true}}, {"type": "Feature", "geometry": {"type": "LineString", "crs": {"type": "name", "properties": {"name": "EPSG:26191"}}, "coordinates": [[516174.505400002, 462421.9494], [516164.011500001, 462415.610399999], [516133.430500001, 462396.312899999], [516120.554099999, 462388.2711], [516098.040799998, 462362.032299999], [516087.360600002, 462321.9142], [516087.429899998, 462280.749400001], [516096.656599998, 462227.2982], [516102.079000004, 462193.097600002], [516123.078000002, 462162.117899999], [516151.009900004, 462162.164999999], [516221.890000001, 462177.260200001], [516238.003700003, 462176.755199999], [516281.006399997, 462154.365699999], [516296.079099998, 462136.210499998], [516297.225100003, 462097.720800001], [516291.375600003, 462059.751699999], [516279.6611, 461998.245200001], [516271.681999996, 461952.785], [516242.831, 461862.9076], [516227.876000002, 461811.556400001], [516197.2623, 461810.439599998], [516162.846000001, 461832.832899999], [516115.568099998, 461838.0997], [516077.454999998, 461826.809700001], [516027.001900002, 461803.729899999], [515960.504000001, 461739.4586], [515945.010700002, 461685.966200002], [515944.047399998, 461621.272399999], [515939.410400003, 461503.094799999], [515917.958700001, 461481.140000001], [515878.205899999, 461485.877], [515845.964400001, 461488.496800002], [515807.308700003, 461477.739399999], [515791.755099997, 461465.423099998], [515777.879799999, 461407.1195], [515788.770000003, 461321.5801], [515801.7729, 461254.225099999], [515807.205399998, 461213.601799998], [515798.670199998, 461181.507800002], [515779.925700001, 461144.0394], [515737.562600002, 461098.522999998], [515701.722199999, 461005.9628], [515674.454300001, 460928.380800001], [515673.559299998, 460820.903299998], [515645.169100001, 460768.444200002], [515628.584100001, 460730.990800001], [515610.891800001, 460704.228700001], [515614.1721, 460674.816500001], [515645.406300001, 460623.531100001], [515735.646799996, 460632.7753], [515780.815800004, 460605.0407], [515802.374200001, 460563.900600001], [515787.923299998, 460531.7971], [515765.454999998, 460475.076900002], [515727.3939, 460423.134199999], [515686.630099997, 460382.967700001], [515674.868799999, 460351.933600001], [515680.283, 460322.524999998], [515721.204400003, 460266.985199999], [515742.787199996, 460211.4027], [515738.024499998, 460167.546], [515706.4023, 460119.363400001], [515653.266900003, 460089.858899999], [515588.319799997, 460053.923700001], [515522.8059, 460034.028099999], [515389.1796, 459941.300099999], [515291.474100001, 459894.621199999], [515194.304499999, 459850.073899999], [515179.303400002, 459822.241099998], [515182.052500002, 459786.4166], [515242.859399997, 459721.799600001], [515301.483099997, 459682.8587], [515338.546800002, 459692.013999999], [515392.247400001, 459708.140099999], [515437.932300001, 459697.520599999], [515477.178499997, 459682.0768], [515519.672499999, 459651.652399998], [515531.541199997, 459617.451299999], [515539.662299998, 459578.962400001], [515540.840300001, 459519.0647], [515554.338399999, 459474.162], [515607.171800002, 459365.685800001], [515656.206699997, 459279.1226], [515671.3336, 459229.941], [515706.329700001, 459182.932999998], [515736.448799998, 459166.942899998], [515794.4652, 459171.852699999], [515882.057400003, 459168.248599999], [515895.022799998, 459125.486499999], [515903.693899997, 459076.838100001], [515914.510399997, 459037.810600001], [515938.765100002, 458991.318], [516028.544200003, 458962.5834], [516084.421300001, 458965.894099999], [516147.800999999, 458978.835000001], [516221.359800003, 459005.159899998], [516271.820900001, 459031.989700001], [516362.631700002, 459032.1448], [516387.880199999, 459020.208900001]]}, "properties": {"edge_id": 553, "source_node": 643, "target_node": 641, "length_m": 5535.843779121625, "z_start": 198.0, "z_end": 201.0, "dz": -3.0, "slope": -0.0005419228070189531, "direction_status": "FLOW_REVERSED_SUSPECTED", "confidence": "NEED_REVIEW", "qa_comment": "Altitude de fin superieure a altitude de debut; inversion potentielle a arbitrer.", "review_status": "TO_REVIEW", "direction_runtime": "SOURCE_TO_TARGET", "direction_mnt": "TARGET_TO_SOURCE_CANDIDATE", "mnt_source": "C:\\dev\\WQDSS\\data\\MNT SEBOU 30N 30M\\seboureproj", "review_decision": "", "reviewer": "", "review_comment": "", "needs_business_validation": true}}, {"type": "Feature", "geometry": {"type": "LineString", "crs": {"type": "name", "properties": {"name": "EPSG:26191"}}, "coordinates": [[575743.0911, 450885.320900001], [575776.914399996, 450866.780200001], [575815.133599997, 450860.4846], [575872.331900001, 450867.536499999], [576021.749499999, 450934.707199998], [576247.050999999, 451058.571600001], [576322.857100002, 451125.160599999], [576311.241899997, 451214.1468], [576231.500799999, 451299.290800002], [576026.020999998, 451426.325100001], [575858.580200002, 451570.161600001], [575718.012400001, 451763.702300001], [575684.596000001, 451852.517099999], [575716.2887, 451981.438000001], [575777.408100002, 452057.012600001], [575818.988899998, 452093.765700001], [575875.037299998, 452121.131999999], [575927.147500001, 452150.050900001], [575971.331600003, 452188.409000002], [575999.814499997, 452226.6426], [576015.502599999, 452228.350900002], [576051.030900002, 452203.2951], [576133.888800003, 452150.110800002], [576200.907799996, 452114.221000001], [576231.278999999, 452079.623100001], [576255.133599997, 452041.806000002], [576293.317900002, 452012.021400001], [576354.851899996, 452007.761599999], [576375.647600003, 452025.3477], [576439.621299997, 452043.278700002], [576506.160899997, 452067.565299999], [576542.454499997, 452110.613699999], [576567.9001, 452201.084600002], [576558.399099998, 452243.7667], [576513.634900004, 452278.248500001], [576453.1325, 452317.355599999], [576357.228299998, 452365.682100002], [576276.083499998, 452368.201900002], [576205.266999997, 452388.224599998], [576169.7139, 452416.446899999], [576128.309799999, 452522.220899999], [576103.499200001, 452680.387200002], [576088.565700002, 452748.364799999], [576063.254100002, 452805.1745], [575986.755000003, 452882.164799999], [575876.027900003, 452985.8059], [575787.404799998, 453052.144000001], [575694.934900001, 453163.850099999], [575652.306000002, 453260.114999998], [575636.787900001, 453402.520199999], [575652.692599997, 453542.0068], [575687.137199998, 453653.134599999], [575709.518799998, 453800.5909], [575683.9991, 453884.322299998], [575640.328400001, 453947.322700001], [575591.700900003, 453975.443799999], [575542.015900001, 453971.883900002], [575514.707199998, 453951.080699999], [575484.781900004, 453930.257100001], [575435.096600004, 453926.697700001], [575366.897200003, 453948.331], [575343.716899998, 454004.3959]]}, "properties": {"edge_id": 560, "source_node": 355, "target_node": 651, "length_m": 5501.196459798477, "z_start": 385.0, "z_end": 415.0, "dz": -30.0, "slope": -0.005453359140912953, "direction_status": "FLOW_REVERSED_SUSPECTED", "confidence": "NEED_REVIEW", "qa_comment": "Altitude de fin superieure a altitude de debut; inversion potentielle a arbitrer.", "review_status": "TO_REVIEW", "direction_runtime": "SOURCE_TO_TARGET", "direction_mnt": "TARGET_TO_SOURCE_CANDIDATE", "mnt_source": "C:\\dev\\WQDSS\\data\\MNT SEBOU 30N 30M\\seboureproj", "review_decision": "", "reviewer": "", "review_comment": "", "needs_business_validation": true}}, {"type": "Feature", "geometry": {"type": "LineString", "crs": {"type": "name", "properties": {"name": "EPSG:26191"}}, "coordinates": [[575343.716900006, 454004.395900007], [575336.223100007, 454022.520800006], [575305.200300008, 454141.050099999], [575258.368000008, 454439.991500001], [575245.224299997, 454614.089899998], [575241.611299992, 454740.753800008], [575263.100400001, 454835.942299999], [575225.204400003, 454997.177000005], [575207.415300004, 455096.807500005], [575199.131399997, 455152.170400001], [575167.291200004, 455208.931700006], [575152.567300007, 455251.5748], [575201.261800006, 455380.234200004], [575229.339300007, 455469.140099999], [575231.332199991, 455548.338799998], [575257.0299, 455607.136500001], [575275.104100004, 455637.3684], [575234.309, 455668.720600002], [575176.623199999, 455685.687099997], [575139.93900001, 455693.317000005], [575092.866200015, 455691.363499999], [575043.214700006, 455684.639000006], [575005.38440001, 455671.672900002], [574978.178599998, 455638.202500001], [574964.039800003, 455606.418400001], [574949.962800004, 455566.716500003], [574934.5405, 455531.755100004], [574893.033600002, 455487.087300006], [574864.705000006, 455429.853700001], [574851.898199998, 455394.912799999], [574825.825599998, 455383.623199999], [574770.581400007, 455422.782499999], [574754.662900008, 455451.163800001], [574776.514300011, 455500.428200003], [574818.096100017, 455535.594100002], [574844.056700006, 455561.1358], [574855.679399997, 455580.230800003], [574834.268900007, 455641.826000001], [574795.793800004, 455711.206100002], [574716.266600005, 455845.195599999], [574672.561500013, 455914.535400003], [574657.642899998, 455982.516400002], [574652.028100006, 456031.566200003], [574598.23210001, 456053.317600001], [574523.42400001, 456085.991100002], [574460.239100009, 456137.759799998], [574417.931400008, 456196.026000001], [574401.694899999, 456265.581000004], [574397.056600004, 456357.397599999], [574371.591700003, 456436.382800005], [574306.794600002, 456527.731800005], [574280.318400003, 456568.701400001], [574278.727600001, 456605.113500003], [574303.2804, 456643.3123], [574359.084399998, 456699.174699999], [574394.148200005, 456731.120900005], [574408.299600005, 456761.320900004], [574408.003799997, 456799.326600008], [574418.120700009, 456843.748199999], [574416.603400007, 456870.658799998], [574387.549300015, 456906.8572], [574328.232199997, 456966.575300001], [574246.745800011, 457018.203299999], [574150.985699996, 457055.468200002], [574111.618500002, 457072.583300002], [574082.578300014, 457107.199000008], [574079.692900002, 457142.017400004], [574107.947300009, 457208.750800002], [574139.878700003, 457307.186299998], [574169.083500005, 457419.853800002], [574167.235200003, 457489.521200001], [574149.842200004, 457540.063999999], [574107.92310001, 457549.240900002], [574059.490199998, 457555.200300001], [573953.924199998, 457508.4564], [573925.461600006, 457468.644299999], [573902.057999998, 457451.042900007], [573874.510899998, 457461.9157], [573848.173799992, 457485.4672], [573847.880199999, 457523.473300002], [573871.026600003, 457574.329800002], [573878.64010001, 457604.478500001], [573854.857500002, 457635.968199998], [573819.452799998, 457648.364300001], [573779.025500007, 457633.798999999], [573747.800500006, 457612.970199998], [573737.620200008, 457576.467100002], [573732.873900004, 457563.3862], [573726.095500015, 457544.704599999], [573688.502599999, 457501.655499998], [573638.884099998, 457491.771000005], [573616.714500003, 457483.681900002], [573576.066699997, 457497.622100003], [573545.831700005, 457517.977200009], [573526.094900005, 457533.662000004], [573491.985799998, 457547.652899999], [573455.383199997, 457545.787900001], [573453.491400011, 457621.789799999], [573463.344099998, 457701.049400002], [573434.162200004, 457754.670299999], [573402.350700013, 457764.769900005], [573375.087899998, 457767.200100001], [573336.051000006, 457741.825600002], [573302.553600006, 457704.616099998], [573281.0832, 457662.2201], [573266.302600004, 457600.079500005], [573232.784100011, 457565.509600002], [573180.457199991, 457567.748300001], [573133.619300008, 457564.750400003], [573101.765000008, 457597.5], [573110.099300012, 457647.713500001], [573138.986299999, 457717.880199999], [573179.879900016, 457785.499499999], [573218.765300006, 457830.668299999], [573286.144200005, 457854.939800005], [573313.254899994, 457872.304300003], [573298.75500001, 457915.744200002], [573282.237799995, 457938.053000007], [573202.428300001, 457971.754500005], [573137.380500004, 457984.717900008], [573077.105300002, 458000.6215], [572998.9516, 458017.444799997], [572945.231000006, 458031.287900005], [572922.993600003, 458032.173900001]]}, "properties": {"edge_id": 561, "source_node": 651, "target_node": 652, "length_m": 7519.195067752325, "z_start": 415.0, "z_end": 488.0, "dz": -73.0, "slope": -0.009708485993810176, "direction_status": "FLOW_REVERSED_SUSPECTED", "confidence": "NEED_REVIEW", "qa_comment": "Altitude de fin superieure a altitude de debut; inversion potentielle a arbitrer.", "review_status": "TO_REVIEW", "direction_runtime": "SOURCE_TO_TARGET", "direction_mnt": "TARGET_TO_SOURCE_CANDIDATE", "mnt_source": "C:\\dev\\WQDSS\\data\\MNT SEBOU 30N 30M\\seboureproj", "review_decision": "", "reviewer": "", "review_comment": "", "needs_business_validation": true}}, {"type": "Feature", "geometry": {"type": "LineString", "crs": {"type": "name", "properties": {"name": "EPSG:26191"}}, "coordinates": [[541214.836499996, 457338.740499999], [541109.384800002, 457190.442699999], [541057.715800002, 457093.949299999], [541065.671800002, 456975.482900001], [541170.499700002, 456820.4067], [541243.942500003, 456698.307300001], [541271.197300002, 456561.910599999], [541214.349100001, 456493.413699999], [541130.719700001, 456451.335000001], [541035.527000003, 456439.556200001], [540955.528399996, 456439.213100001], [540833.426200002, 456484.191799998], [540688.509099998, 456517.7053], [540616.2293, 456494.647399999], [540517.531099998, 456410.791499998], [540491.516599998, 456358.4472], [540475.975000002, 456327.189599998], [540404.093800001, 456209.328200001], [540362.695900001, 456087.8028], [540450.752400003, 455985.781199999], [540592.203900002, 455872.6173], [540794.429700002, 455801.421999998], [540947.425700001, 455661.7577], [541165.409199998, 455473.07], [541292.041500002, 455265.024500001], [541384.468500003, 455037.864999998], [541449.966200002, 454871.264699999], [541545.750799999, 454750.308400001], [541645.092299998, 454686.272100002], [541763.476099998, 454626.102400001], [541965.579800002, 454592.8453], [542114.1492, 454601.0856], [542323.902099997, 454560.2936], [542343.413199998, 454457.9648], [542347.685900003, 454351.7861], [542321.366400003, 454272.015900001], [542291.352300003, 454165.6745], [542322.390500002, 454040.646600001], [542326.7227, 453923.076699998], [542334.225199997, 453909.0449], [542365.1505, 453851.180500001], [542389.587899998, 453828.408599999]]}, "properties": {"edge_id": 566, "source_node": 660, "target_node": 658, "length_m": 5514.00028792408, "z_start": 246.0, "z_end": 275.0, "dz": -29.0, "slope": -0.005259339587542526, "direction_status": "FLOW_REVERSED_SUSPECTED", "confidence": "NEED_REVIEW", "qa_comment": "Altitude de fin superieure a altitude de debut; inversion potentielle a arbitrer.", "review_status": "TO_REVIEW", "direction_runtime": "SOURCE_TO_TARGET", "direction_mnt": "TARGET_TO_SOURCE_CANDIDATE", "mnt_source": "C:\\dev\\WQDSS\\data\\MNT SEBOU 30N 30M\\seboureproj", "review_decision": "", "reviewer": "", "review_comment": "", "needs_business_validation": true}}, {"type": "Feature", "geometry": {"type": "LineString", "crs": {"type": "name", "properties": {"name": "EPSG:26191"}}, "coordinates": [[480025.112700008, 428194.303000003], [480201.707099996, 427503.298800003], [480421.0757, 427277.7513], [480687.884800002, 427201.860100005], [480949.518500008, 427298.4802], [481114.41870001, 427538.556200005], [481042.382100001, 427900.555500001], [480753.065000005, 428143.087600004], [480559.750399999, 428375.518399999], [480575.200599998, 428736.8354], [480863.685900003, 429073.748], [481292.86900001, 428963.612300009], [481843.538199998, 428279.506200004], [482246.851000004, 427989.3565], [482335.538800001, 427925.557700004], [482589.122900002, 427950.613599997], [482774.752099998, 428011.111100003], [482910.559299998, 428218.874899998], [482809.839600004, 428559.108700004], [482400.230899997, 428906.771400008], [482176.315700009, 429448.915099997], [482237.171099998, 429843.169599999], [482424.244600005, 430068.8451], [482809.853799999, 430216.663400002], [483052.2293, 430405.353100006], [483402.422800004, 430260.736699998], [483844.387900002, 430184.253300004], [484055.0964, 429951.214700002], [484071.485000007, 429271.3605], [484073.727499999, 429178.3424], [484418.363499999, 428855.599800006], [485105.342300005, 428717.736499999], [485323.034199998, 428624.393599998], [485478.540100001, 428869.5955], [485652.312800005, 429073.393200006], [485778.846600004, 429324.355700009], [485921.307700001, 429685.1624], [486063.452500008, 429841.912000004], [486562.5304, 429797.878700007], [486755.573299997, 429776.670600001], [487198.049099997, 429674.732700005], [487404.101800002, 429806.085600007], [487658.735200003, 430081.705300003], [487891.636100002, 430332.926500004], [488178.656999998, 430373.467600003]]}, "properties": {"edge_id": 577, "source_node": 609, "target_node": 670, "length_m": 16410.482622620286, "z_start": 31.0, "z_end": 39.0, "dz": -8.0, "slope": -0.00048749327999487123, "direction_status": "FLOW_REVERSED_SUSPECTED", "confidence": "NEED_REVIEW", "qa_comment": "Altitude de fin superieure a altitude de debut; inversion potentielle a arbitrer.", "review_status": "TO_REVIEW", "direction_runtime": "SOURCE_TO_TARGET", "direction_mnt": "TARGET_TO_SOURCE_CANDIDATE", "mnt_source": "C:\\dev\\WQDSS\\data\\MNT SEBOU 30N 30M\\seboureproj", "review_decision": "", "reviewer": "", "review_comment": "", "needs_business_validation": true}}, {"type": "Feature", "geometry": {"type": "LineString", "crs": {"type": "name", "properties": {"name": "EPSG:26191"}}, "coordinates": [[571639.115121847, 431348.811536438], [572148.8363, 431781.857500002], [572588.1637, 432059.793499999], [572712.525799997, 432152.2722], [572943.785999998, 432216.273600001], [573013.534599997, 432235.105300002], [573201.232500002, 432221.896499999], [573340.971199997, 432226.625], [573480.718999997, 432231.355500001], [573594.237599999, 432298.130800001], [573688.937700003, 432419.686700001], [573735.742200002, 432551.855300002], [573734.897200003, 432661.685600001], [573612.649999998, 432774.243000001], [573446.440300003, 432864.493099999], [573341.9111, 433065.054900002], [573384.605800003, 433409.112399999], [574018.800499998, 433843.002700001], [574352.908699997, 434062.480700001], [574647.627099998, 434219.6076], [574896.580899998, 434159.717999998]]}, "properties": {"edge_id": 596, "source_node": 653, "target_node": 654, "length_m": 5345.900805802723, "z_start": 254.0, "z_end": 281.0, "dz": -27.0, "slope": -0.005050598763578399, "direction_status": "FLOW_REVERSED_SUSPECTED", "confidence": "NEED_REVIEW", "qa_comment": "Altitude de fin superieure a altitude de debut; inversion potentielle a arbitrer.", "review_status": "TO_REVIEW", "direction_runtime": "SOURCE_TO_TARGET", "direction_mnt": "TARGET_TO_SOURCE_CANDIDATE", "mnt_source": "C:\\dev\\WQDSS\\data\\MNT SEBOU 30N 30M\\seboureproj", "review_decision": "", "reviewer": "", "review_comment": "", "needs_business_validation": true}}, {"type": "Feature", "geometry": {"type": "LineString", "crs": {"type": "name", "properties": {"name": "EPSG:26191"}}, "coordinates": [[574896.580900006, 434159.717999998], [575027.748500004, 434128.166600004], [575393.471900001, 433938.435600009], [575702.993699998, 433661.4071], [575883.970300011, 433806.349500004], [576121.911600016, 433944.194699999], [576267.82720001, 434202.1646], [576296.017399996, 434474.283399995], [576400.974000007, 434633.726700004], [576418.858600006, 434769.8167], [576338.290300004, 434882.462300006], [576162.523400001, 435039.670800004], [576046.896800004, 435269.088100005], [575965.55870001, 435479.901299998], [576017.370900005, 435642.679900005], [576183.409400009, 435753.504799999], [576384.148100004, 435792.858600006], [576527.835200004, 435850.6494], [576712.367800012, 436018.253400002], [576854.716900006, 436242.166900001], [576913.859000012, 436435.201100003], [576965.477100007, 436620.622100007], [576979.710299998, 436737.774300002], [576936.959100001, 436865.804099999], [576992.538199998, 437028.586399998], [577037.814500012, 437059.152700003], [577131.865100004, 437154.298599999], [577176.921099998, 437235.251400001], [577262.723499998, 437389.418400001], [577463.751600005, 437573.254200004], [577593.508299992, 437651.457400005], [577693.869800009, 437661.976100002], [577899.674500004, 437640.510599997], [578103.456300005, 437493.487399999], [578249.432099998, 437452.153700005], [578339.612600006, 437348.519099999], [578394.421499997, 437294.840600003], [578509.4987, 437233.925500002], [578561.342100017, 437305.868900001], [578578.200200006, 437381.396600004], [578587.308800004, 437454.919700004], [578563.24310001, 437547.503400005], [578546.429100007, 437703.934400003], [578552.862699993, 437866.346000005], [578570.943000019, 438028.8532], [578597.335600018, 438125.710900001], [578600.504400007, 438212.706300005], [578607.364800006, 438322.935700003], [578662.3059, 438489.594900001], [578774.684300005, 438755.298200004], [578853.966300011, 439030.391600002], [578901.549200006, 439146.735799998], [578891.075900011, 439239.409200002], [578889.674999997, 439409.466400001], [578931.412400007, 439527.692899998], [578979.421900004, 439591.866], [579039.347200006, 439623.272900004], [579177.061200008, 439639.872400004], [579308.858500004, 439666.085600004], [579481.676100008, 439663.658399999], [579735.310599998, 439746.924899999], [579819.710700005, 439869.370700005], [579908.015500002, 439989.920000002], [580089.621800005, 440095.788199998], [580222.048900008, 440149.382800002], [580333.401700005, 440194.450300004], [580581.164700016, 440281.561300006], [580667.852700002, 440361.508500002], [580825.086300008, 440592.788800005], [580957.628000006, 440760.085400004], [581041.807300009, 440905.7117], [581210.516199999, 440926.463000003], [581322.392200001, 441010.501200005], [581403.159100011, 441100.066100009], [581560.701000005, 441292.696100004], [581809.980900004, 441424.275400005], [582168.726599999, 441465.991300002], [582477.607000001, 441437.734100003], [582693.81130001, 441352.649999998], [582987.431700006, 441293.364400003], [583131.518600009, 441466.5711], [583244.467699997, 441647.240400001], [583354.265700005, 441966.986900006], [583441.71540001, 442178.339000002], [583463.517300002, 442348.545600001], [583456.269600004, 442512.697900005], [583527.382199995, 442592.525500003], [583693.597300008, 442673.1844], [583815.390600003, 442728.345199998], [583906.384000011, 442754.254400004], [584069.24620001, 442773.075200006], [584071.699900016, 442808.154500004]]}, "properties": {"edge_id": 597, "source_node": 654, "target_node": 679, "length_m": 16505.09083433313, "z_start": 281.0, "z_end": 367.0, "dz": -86.0, "slope": -0.0052105135841547, "direction_status": "FLOW_REVERSED_SUSPECTED", "confidence": "NEED_REVIEW", "qa_comment": "Altitude de fin superieure a altitude de debut; inversion potentielle a arbitrer.", "review_status": "TO_REVIEW", "direction_runtime": "SOURCE_TO_TARGET", "direction_mnt": "TARGET_TO_SOURCE_CANDIDATE", "mnt_source": "C:\\dev\\WQDSS\\data\\MNT SEBOU 30N 30M\\seboureproj", "review_decision": "", "reviewer": "", "review_comment": "", "needs_business_validation": true}}, {"type": "Feature", "geometry": {"type": "LineString", "crs": {"type": "name", "properties": {"name": "EPSG:26191"}}, "coordinates": [[601198.089200005, 448086.686200008], [601225.890000008, 448112.652199998], [601305.306700006, 448172.448800001], [601429.418900006, 448243.878899999], [601550.287900008, 448320.068100002], [601635.812600002, 448407.020200007], [601792.384300001, 448437.369800005], [601984.475600012, 448439.415400002], [602117.093300007, 448463.136800002], [602145.976700008, 448457.078000002], [602239.367400006, 448407.083499998], [602518.034000009, 448247.5167], [602670.280100003, 448233.220500004], [602679.050800003, 448311.394200001], [602636.486800008, 448398.579000007], [602558.384199999, 448515.6653], [602445.436700009, 448598.9131], [602365.733800001, 448715.983899996], [602355.726000011, 448754.112600002], [602361.528500006, 448809.947600003], [602415.556300007, 448847.1752], [602469.575700007, 448886.000500001], [602496.256500006, 448935.681000005], [602513.790700011, 449002.9452], [602516.247500017, 449012.388999999], [602609.435800008, 449129.703699999], [602523.06310001, 449272.181500003], [602407.991900004, 449404.802100003], [602307.202600002, 449555.047700003], [602271.267400011, 449678.178600006], [602242.783000007, 449848.820900004], [602327.704300009, 450107.707900003], [602455.655900002, 450517.771400005], [602479.712900005, 450874.378000006], [602603.542499997, 451048.395000003], [602760.639800005, 451148.395100009], [602928.398600005, 451323.842500005], [602962.042499997, 451469.1741], [602935.799599998, 451610.689100001], [602926.368600011, 451661.546900004], [602759.353400007, 451863.655900002], [602627.063200012, 451962.590700004], [602509.395300008, 452040.974100005], [602402.477200002, 452162.491300002], [602425.558200002, 452248.750999998], [602445.618900008, 452317.463000003], [602540.549700007, 452418.835800003], [602594.428800009, 452468.787200004], [602697.087200008, 452445.995300002], [602776.069900006, 452392.689200003], [602856.4859, 452355.328400008], [602919.032700002, 452343.255800001], [603077.817199998, 452309.923999999], [603191.059, 452344.589600008], [603196.584300011, 452505.260200001], [603247.861900009, 452833.181500003], [603202.6906, 453134.382500008], [603196.980999999, 453365.3825], [603275.806100018, 453529.906900004], [603213.198799998, 453654.390500005], [603074.795100011, 453633.6406], [602962.31440001, 453600.3376], [602720.844000004, 453568.855099998], [602501.606300011, 453569.7196], [602024.548400007, 453572.449300002], [601616.412599996, 453885.9219], [601596.4296, 454240.0678], [601491.959300004, 454512.160800006]]}, "properties": {"edge_id": 600, "source_node": 680, "target_node": 681, "length_m": 11069.32819469988, "z_start": 489.0, "z_end": 523.0, "dz": -34.0, "slope": -0.0030715504502142766, "direction_status": "FLOW_REVERSED_SUSPECTED", "confidence": "NEED_REVIEW", "qa_comment": "Altitude de fin superieure a altitude de debut; inversion potentielle a arbitrer.", "review_status": "TO_REVIEW", "direction_runtime": "SOURCE_TO_TARGET", "direction_mnt": "TARGET_TO_SOURCE_CANDIDATE", "mnt_source": "C:\\dev\\WQDSS\\data\\MNT SEBOU 30N 30M\\seboureproj", "review_decision": "", "reviewer": "", "review_comment": "", "needs_business_validation": true}}, {"type": "Feature", "geometry": {"type": "LineString", "crs": {"type": "name", "properties": {"name": "EPSG:26191"}}, "coordinates": [[601491.959299996, 454512.160799999], [601460.261, 454594.7225], [601493.640500002, 454925.5645], [601479.396700002, 455109.010600001], [601415.065300003, 455377.606400002], [601288.6171, 455706.732999999], [601135.9705, 455817.1105], [600932.566299997, 455949.517299999], [600919.119099997, 455970.973099999], [600879.144299999, 455986.702500001], [600623.920000002, 456000.640999999], [600551.114200003, 456007.2185], [600399.662199996, 456035.655200001], [600385.184600003, 456103.8906], [600339.371399999, 456169.745000001], [600305.7918, 456287.786899999], [600257.116099998, 456250.204], [600147.390100002, 456355.7009], [600109.943000004, 456412.048700001], [600063.882799998, 456445.810199998], [600103.9256, 456564.124699999], [600099.848499998, 456620.145500001], [600110.060099997, 456682.572299998], [600196.468599998, 456831.212900002], [600199.729099996, 456942.2872], [600111.253899999, 457084.691799998], [600031.684600003, 457127.387400001], [600000.026799999, 457241.0361], [599957.297300004, 457286.081300002], [599791.7293, 457328.8673], [599682.030000001, 457386.903499998], [599653.024599999, 457435.521000002], [599675.626100004, 457577.602200002], [599689.701099999, 457735.257800002], [599684.359200001, 457823.235800002], [599649.517700002, 457865.924199998], [599546.9485, 457900.552700002], [599422.925399996, 458013.719099998], [599375.505099997, 458132.575300001], [599303.767099999, 458226.708000001], [599284.865599997, 458295.9648], [599245.263800003, 458319.3257], [599145.195500001, 458307.7267], [599021.8543, 458261.443799999], [598965.601300001, 458283.857000001], [598922.505999997, 458345.607099999]]}, "properties": {"edge_id": 601, "source_node": 681, "target_node": 682, "length_m": 5598.158764520536, "z_start": 523.0, "z_end": 830.0, "dz": -307.0, "slope": -0.054839459349683796, "direction_status": "FLOW_REVERSED_SUSPECTED", "confidence": "NEED_REVIEW", "qa_comment": "Altitude de fin superieure a altitude de debut; inversion potentielle a arbitrer.", "review_status": "TO_REVIEW", "direction_runtime": "SOURCE_TO_TARGET", "direction_mnt": "TARGET_TO_SOURCE_CANDIDATE", "mnt_source": "C:\\dev\\WQDSS\\data\\MNT SEBOU 30N 30M\\seboureproj", "review_decision": "", "reviewer": "", "review_comment": "", "needs_business_validation": true}}, {"type": "Feature", "geometry": {"type": "LineString", "crs": {"type": "name", "properties": {"name": "EPSG:26191"}}, "coordinates": [[591812.892899998, 462292.154599998], [591769.450800002, 462291.737199999], [591734.379600003, 462256.002300005], [591730.098399997, 462195.536800005], [591705.7667, 462069.163100004], [591669.824000008, 462027.751400005], [591619.02260001, 461992.842100002], [591563.035700001, 461997.397200003], [591542.6369, 461968.647999998], [591544.930200003, 461939.528299998], [591577.648999996, 461907.572000004], [591606.505799994, 461869.7104], [591606.82760001, 461830.410599999], [591559.391500004, 461757.595600005], [591474.484300002, 461704.1787], [591394.801900007, 461716.117800005], [591300.826300003, 461784.651100002], [591237.200099997, 461863.248200003], [591195.473200008, 461907.6327], [591106.706400007, 461944.923999999], [591075.759499997, 462001.536700003], [591052.4098, 462080.519000001], [591001.766400002, 462132.640200004], [590956.316300005, 462160.561400004], [590915.566200018, 462216.105100002], [590887.878700003, 462235.398900002], [590848.4648, 462247.736699998], [590854.128200002, 462272.228700008], [590965.12650001, 462478.619000003], [590998.683000006, 462564.977200005], [591030.896000005, 462689.460900005], [591023.443300009, 462750.014000006], [590990.431600004, 462812.265000001], [590921.430900008, 462838.009900007], [590868.225800008, 462850.016800001], [590855.099399999, 462893.110900007], [590863.27610001, 463066.242300004], [590850.992900006, 463117.9417], [590813.374200009, 463148.878000006], [590752.372400001, 463154.943100002], [590685.758200005, 463141.797400005], [590598.484999999, 463126.304099999], [590558.070299998, 463136.481700003], [590545.149600007, 463158.057500005], [590551.006400012, 463213.357100002], [590592.909400009, 463247.965800002], [590629.452800006, 463279.118200004], [590631.170600004, 463304.549000002], [590593.92090001, 463400.983800005], [590604.890500002, 463486.638700001], [590625.138400011, 463526.422499999], [590676.801200002, 463567.491700001], [590765.43500001, 463589.643500004], [590851.996100008, 463580.393700004], [590941.4899, 463619.860800002], [591040.529900007, 463688.261999998], [591151.372300006, 463754.336600006], [591213.995700002, 463830.213], [591239.323299997, 463903.2819], [591269.257400006, 464008.665399998], [591256.343300007, 464075.500900008], [591250.695100009, 464152.190000001], [591206.7487, 464223.9208], [591144.735800006, 464295.379700001], [591132.676300012, 464324.584100004], [591155.559500009, 464344.848000001], [591201.573000006, 464360.4406], [591324.653500013, 464377.746300001], [591401.375699997, 464365.767099999], [591445.486400001, 464374.498199999], [591452.54110001, 464406.336900003], [591439.379699998, 464448.2434], [591358.608800009, 464524.701900002], [591323.85710001, 464564.4496], [591324.341200016, 464616.2599], [591341.226300016, 464647.2163], [591402.192100003, 464690.819200005], [591448.356399998, 464741.114399999], [591460.503100008, 464758.829600003], [591497.266099989, 464812.446800005], [591500.2861, 464856.471800003], [591458.186000004, 464894.1851], [591419.784800008, 464905.066100001], [591417.070000015, 464932.407400005], [591438.986000009, 464951.187300004], [591465.509900004, 464949.488900002], [591492.476300001, 464954.140099999], [591532.815099999, 464997.047299996], [591579.691500001, 465126.534100007], [591604.852899998, 465319.333400004], [591594.758400008, 465399.397], [591621.051400006, 465421.6362], [591684.293400004, 465431.5282], [591731.5757, 465416.340599999], [591782.5013, 465380.177499998], [591814.465900004, 465374.128199998], [591889.703000009, 465413.955800008], [591930.550999999, 465454.917300001], [591943.779600009, 465508.802900001], [591931.9877, 465560.495400004], [591904.623300008, 465598.348800004], [591859.831799999, 465609.643600006], [591834.94380001, 465645.091599997], [591868.867499992, 465741.686000001], [591931.862800017, 465879.628000002], [591948.621700004, 465974.593400005], [591992.898400016, 466016.564500004], [592061.4789, 466032.367800005], [592103.081500009, 466045.970000003], [592121.891300008, 466080.851600006], [592102.332199998, 466123.660900004], [592111.058800004, 466185.812600005], [592126.549999997, 466207.949100003], [592167.525399998, 466236.200000003], [592229.278700009, 466247.057500005], [592251.670199998, 466266.343400002], [592249.169100002, 466322.518500004], [592209.326700002, 466380.773400009], [592165.313500002, 466465.379500002], [592122.4881, 466527.510899994], [592091.459100001, 466538.4494], [592085.871700004, 466557.942000009], [592106.765900001, 466579.653699998], [592161.442000017, 466611.453500003], [592243.050700001, 466650.846500006], [592321.783099994, 466682.879800003], [592387.130199999, 466676.667100005], [592417.917599998, 466691.630500004], [592456.3979, 466773.1182], [592503.987499997, 466979.795000002], [592540.973700002, 467063.221200008], [592550.110100008, 467133.675500006], [592528.255800001, 467205.593400005], [592507.913500011, 467232.952399999], [592457.88040001, 467223.9703], [592419.208400011, 467161.539000001], [592384.056000002, 467146.733000006], [592347.497700006, 467171.295400001], [592317.436700009, 467284.856900003], [592316.783200011, 467402.618900001], [592329.517200008, 467456.977899998], [592351.298, 467488.949200001], [592375.291900002, 467494.561600003], [592414.691000014, 467481.741600003], [592437.63750001, 467443.369499996], [592439.88629999, 467363.252000004], [592460.1488, 467349.770000003], [592493.918399997, 467359.8704], [592523.102600001, 467387.997699998], [592542.165600002, 467447.310600005], [592561.310700007, 467548.147400007], [592563.766100004, 467648.833500009], [592553.4745, 467698.576699994], [592554.80560001, 467713.244200002], [592601.8653, 467719.069700003], [592687.391700007, 467707.197500002], [592784.375300005, 467678.331100002], [592820.619000003, 467686.992400005], [592823.294500008, 467714.874200001], [592804.039800011, 467776.255899999], [592731.212700002, 467895.746599998], [592682.059699997, 467953.898499999], [592662.972599998, 467998.176100004], [592669.084200017, 468025.591900006], [592695.400200002, 468045.394200001], [592779.014100015, 468078.455100004], [592801.338399991, 468105.052400004], [592782.83510001, 468140.050200008], [592760.928999998, 468161.102600008]]}, "properties": {"edge_id": 602, "source_node": 683, "target_node": 684, "length_m": 11124.38558325075, "z_start": 869.0, "z_end": 985.0, "dz": -116.0, "slope": -0.010427542189355024, "direction_status": "FLOW_REVERSED_SUSPECTED", "confidence": "NEED_REVIEW", "qa_comment": "Altitude de fin superieure a altitude de debut; inversion potentielle a arbitrer.", "review_status": "TO_REVIEW", "direction_runtime": "SOURCE_TO_TARGET", "direction_mnt": "TARGET_TO_SOURCE_CANDIDATE", "mnt_source": "C:\\dev\\WQDSS\\data\\MNT SEBOU 30N 30M\\seboureproj", "review_decision": "", "reviewer": "", "review_comment": "", "needs_business_validation": true}}, {"type": "Feature", "geometry": {"type": "LineString", "crs": {"type": "name", "properties": {"name": "EPSG:26191"}}, "coordinates": [[594853.371100001, 461513.749899998], [594841.755999997, 461534.5935], [594795.254199997, 461617.241799999], [594743.913599998, 461693.009], [594688.379500002, 461745.749899998], [594604.9164, 461786.777600002], [594558.751800001, 461840.299800001], [594505.473899998, 461863.234700002], [594392.293300003, 461880.009199999], [594283.714500003, 461887.933600001], [594225.274599999, 461936.743799999], [594149.333700001, 462016.6646], [594110.3891, 462026.353500001], [594059.380000003, 462019.006700002], [594008.985399999, 461999.441599999], [593987.231600002, 461968.6215], [593978.848899998, 461922.580200002], [594026.033100002, 461869.264800001], [594030.628300004, 461846.136399999], [594044.7839, 461810.777800001], [594035.219999999, 461778.702100001], [594001.130199999, 461754.605099998], [593927.178599998, 461731.880100001], [593843.080600001, 461742.7903], [593781.525700003, 461759.2916], [593707.602799997, 461783.991700001], [593702.427100003, 461811.318799999], [593686.929499999, 461888.419500001], [593689.104699999, 461917.782200001], [593680.986299999, 461943.605099998], [593651.366599999, 461959.455200002], [593621.152500004, 461984.584600002], [593580.092100002, 462014.977000002], [593556.503200002, 462016.210299998], [593526.637999996, 462001.064100001], [593468.750600003, 461944.2665], [593440.917300001, 461931.969300002], [593353.901600003, 461935.322999999], [593263.131899998, 461930.2322], [593247.002999999, 461916.674199998], [593240.509599999, 461883.076299999], [593256.2311, 461832.378800001], [593290.379500002, 461754.982500002], [593281.3499, 461719.496300001], [593254.258299999, 461681.770300001], [593228.305600002, 461673.6963], [593203.189400002, 461680.295699999], [593145.614600003, 461685.902100001], [593084.394000001, 461668.1888], [593042.080499999, 461629.838199999], [593008.399999998, 461602.9089], [592985.2196, 461618.524300002], [592986.893299997, 461647.881900001], [592990.616499998, 461668.939599998], [592956.908, 461751.233199999], [592925.5581, 461793.470400002], [592880.2104, 461809.158799998], [592846.402500004, 461801.009599999], [592796.183899999, 461757.302900001], [592728.876199998, 461708.2502], [592688.330799997, 461690.4516], [592662.573399998, 461713.1756], [592637.012199998, 461765.730999999], [592626.252099998, 461939.6668], [592605.320799999, 461995.451000001], [592581.766900003, 462044.110300001], [592523.446000002, 462100.563999999], [592503.419, 462146.262400001], [592499.615800001, 462157.973299999], [592465.953400001, 462185.0253], [592427.128899999, 462237.453000002], [592385.681699999, 462252.493900001], [592343.761799999, 462219.829700001], [592277.741700001, 462139.010499999], [592185.073299997, 461975.013500001], [592111.933600001, 461811.7938], [592072.296300001, 461750.987500001], [592006.534400001, 461745.462000001], [591985.154200003, 461823.4848], [591987.5, 461885.107500002], [592025.460500002, 461916.5671], [592097.791699998, 461959.506700002], [592120.857299998, 462012.532299999], [592100.261600003, 462106.004299998], [592044.410300002, 462193.467999998], [591942.595700003, 462264.060600001], [591824.453299999, 462292.265700001], [591812.892899998, 462292.154599998]]}, "properties": {"edge_id": 603, "source_node": 685, "target_node": 683, "length_m": 5472.1703488687735, "z_start": 768.0, "z_end": 869.0, "dz": -101.0, "slope": -0.01845702775332626, "direction_status": "FLOW_REVERSED_SUSPECTED", "confidence": "NEED_REVIEW", "qa_comment": "Altitude de fin superieure a altitude de debut; inversion potentielle a arbitrer.", "review_status": "TO_REVIEW", "direction_runtime": "SOURCE_TO_TARGET", "direction_mnt": "TARGET_TO_SOURCE_CANDIDATE", "mnt_source": "C:\\dev\\WQDSS\\data\\MNT SEBOU 30N 30M\\seboureproj", "review_decision": "", "reviewer": "", "review_comment": "", "needs_business_validation": true}}, {"type": "Feature", "geometry": {"type": "LineString", "crs": {"type": "name", "properties": {"name": "EPSG:26191"}}, "coordinates": [[592760.928999998, 468161.102600001], [592751.625500001, 468170.043499999], [592741.443000004, 468207.562600002], [592759.134199999, 468256.113400001], [592794.792000003, 468323.886399999], [592790.4683, 468364.879299998], [592763.912100002, 468471.618500002], [592763.281499997, 468586.430599999], [592768.855400004, 468619.2218], [592826.3446, 468663.267299999], [592840.2333, 468699.068100002], [592838.575599998, 468767.931899998], [592844.652800001, 468900.3928], [592855.808300003, 469010.227899998], [592831.306400001, 469061.974100001], [592808.215300001, 469114.510699999], [592832.404399998, 469150.411699999], [592872.842500001, 469181.578699999], [592918.497400001, 469230.390900001], [592929.182499997, 469292.5414], [592946.828000002, 469345.474399999], [593001.076099999, 469419.287], [593025.367399998, 469495.2487], [593059.008599997, 469568.361699998], [593092.098200001, 469647.338100001], [593105.166500002, 469716.345899999], [593096.6699, 469782.702799998], [593066.290100001, 469878.155699998], [593066.834299996, 469973.410999998], [593032.112899996, 470061.9881], [593005.629199997, 470155.815400001], [592983.077600002, 470208.545699999], [592944.096600004, 470280.951499999], [592911.031000003, 470350.963500001], [592913.391599998, 470411.069699999], [592901.932800002, 470478.374400001], [592878.654200003, 470551.421700001], [592890.5682, 470638.478799999], [592880.611100003, 470702.8583], [592851.485299997, 470771.455699999], [592880.786300004, 470836.2174], [592874.501400001, 470876.692600001], [592859.722400002, 470933.703499999], [592790.153099999, 471023.385200001], [592778.106700003, 471101.423300002], [592776.3926, 471176.133900002], [592779.575300001, 471202.545699999], [592809.312100001, 471222.3708], [592869.839900002, 471255.197900001], [592874.0295, 471278.679699998], [592853.228100002, 471298.512600001], [592793.209200002, 471314.037], [592734.496600002, 471347.657299999], [592708.979199998, 471398.207600001], [592709.1787, 471473.724599998], [592752.440200001, 471571.048700001], [592807.493799999, 471662.430500001], [592813.564599998, 471693.751699999], [592776.500200003, 471721.2256], [592732.414800003, 471758.693500001], [592683.965800002, 471750.124400001], [592594.783, 471733.427999999], [592549.217, 471731.233199999], [592518.941600002, 471767.083099999], [592479.441699997, 471792.093899999], [592451.988499999, 471840.673700001], [592404.831299998, 471846.0746], [592356.060900003, 471810.2357], [592289.298299998, 471768.764899999], [592251.987300001, 471770.844799999], [592212.4032, 471804.6532], [592179.986900002, 471853.962499998], [592173.042000003, 471912.0156], [592153.748899996, 471928.436700001], [592110.440200001, 471942.662300002], [592052.323600002, 471970.135499999], [592039.159599997, 471956.141399998], [592033.067599997, 471926.784000002], [592022.178900003, 471890.236099999], [592011.848300002, 471842.278000001], [591994.388800003, 471816.5165], [591966.742600001, 471787.628199998], [591894.811499998, 471767.8873], [591796.474100001, 471737.6314], [591687.753399998, 471716.074000001], [591623.973200001, 471710.3807], [591602.6109, 471691.815400001], [591536.898400001, 471688.256299999], [591482.912799999, 471684.610300001], [591442.841499999, 471701.818399999]]}, "properties": {"edge_id": 606, "source_node": 684, "target_node": 687, "length_m": 5657.205191686366, "z_start": 985.0, "z_end": 1197.0, "dz": -212.0, "slope": -0.03747433455508171, "direction_status": "FLOW_REVERSED_SUSPECTED", "confidence": "NEED_REVIEW", "qa_comment": "Altitude de fin superieure a altitude de debut; inversion potentielle a arbitrer.", "review_status": "TO_REVIEW", "direction_runtime": "SOURCE_TO_TARGET", "direction_mnt": "TARGET_TO_SOURCE_CANDIDATE", "mnt_source": "C:\\dev\\WQDSS\\data\\MNT SEBOU 30N 30M\\seboureproj", "review_decision": "", "reviewer": "", "review_comment": "", "needs_business_validation": true}}, {"type": "Feature", "geometry": {"type": "LineString", "crs": {"type": "name", "properties": {"name": "EPSG:26191"}}, "coordinates": [[492195.147600003, 429803.921300005], [492355.287, 429944.695599999], [492698.834600009, 430818.952200003], [492876.48870001, 431074.308000002], [493374.845600002, 431098.993800003], [493696.484499998, 431262.056900002], [494027.737300001, 431512.942800004], [494579.748400003, 431857.852700002], [494800.433900006, 431810.649400003], [494989.544299997, 431653.623300005], [495164.463500001, 431281.921700001], [495541.138400003, 431213.940499995], [495840.794000007, 431417.822700001], [496004.550999999, 431743.160400003], [495980.748800002, 431785.224800006], [495713.808200002, 432257.006800007], [495967.452600002, 432673.140299998], [496243.322099999, 432894.581399996], [496538.955200002, 433055.300400004], [496818.828500003, 433018.015400004], [497318.027599998, 432906.298500001], [497676.007600002, 432895.191599999], [498069.9164, 432766.947999999], [498347.793799996, 432468.449399997], [498678.781499997, 431981.949200001], [498867.913000002, 431495.455299996], [498899.385399997, 430993.256100003], [498984.2267, 430832.758299999], [499057.023599997, 430695.050299998], [499309.288599998, 430491.001400005], [499402.664600007, 430453.5968], [499612.866500013, 430533.828300003], [499719.256899998, 430742.099800009], [499825.736299999, 431045.643300001], [500081.900799997, 431087.354899999], [500665.291000009, 430820.586600002], [501091.019000009, 430647.985300001], [501232.96890001, 430349.802800003], [501800.678800009, 430004.601600002], [502131.818599999, 430004.669599999], [502494.354500003, 430538.392700005], [502908.602499999, 431123.764500007]]}, "properties": {"edge_id": 608, "source_node": 689, "target_node": 690, "length_m": 16328.490661692016, "z_start": 42.0, "z_end": 55.0, "dz": -13.0, "slope": -0.000796154419250707, "direction_status": "FLOW_REVERSED_SUSPECTED", "confidence": "NEED_REVIEW", "qa_comment": "Altitude de fin superieure a altitude de debut; inversion potentielle a arbitrer.", "review_status": "TO_REVIEW", "direction_runtime": "SOURCE_TO_TARGET", "direction_mnt": "TARGET_TO_SOURCE_CANDIDATE", "mnt_source": "C:\\dev\\WQDSS\\data\\MNT SEBOU 30N 30M\\seboureproj", "review_decision": "", "reviewer": "", "review_comment": "", "needs_business_validation": true}}, {"type": "Feature", "geometry": {"type": "LineString", "crs": {"type": "name", "properties": {"name": "EPSG:26191"}}, "coordinates": [[488178.656999998, 430373.467599999], [488192.459200002, 430375.417399999], [488298.1655, 430345.120700002], [488732.311099999, 429955.766800001], [488860.995800003, 429591.804200001], [489262.762599997, 429368.2542], [489894.504699998, 429115.0746], [490181.9454, 428978.9694], [490524.842500001, 428643.516800001], [490997.872900002, 428548.8783], [491171.470799997, 428674.297400001], [491250.653099999, 429035.262699999], [491440.194499999, 429364.720899999], [491519.111199997, 429443.1292], [491777.109499998, 429517.1019], [491944.999399997, 429584.036600001], [492195.147600003, 429803.921300001]]}, "properties": {"edge_id": 609, "source_node": 670, "target_node": 689, "length_m": 5370.835475025332, "z_start": 39.0, "z_end": 42.0, "dz": -3.0, "slope": -0.0005585723141120517, "direction_status": "FLOW_REVERSED_SUSPECTED", "confidence": "NEED_REVIEW", "qa_comment": "Altitude de fin superieure a altitude de debut; inversion potentielle a arbitrer.", "review_status": "TO_REVIEW", "direction_runtime": "SOURCE_TO_TARGET", "direction_mnt": "TARGET_TO_SOURCE_CANDIDATE", "mnt_source": "C:\\dev\\WQDSS\\data\\MNT SEBOU 30N 30M\\seboureproj", "review_decision": "", "reviewer": "", "review_comment": "", "needs_business_validation": true}}, {"type": "Feature", "geometry": {"type": "LineString", "crs": {"type": "name", "properties": {"name": "EPSG:26191"}}, "coordinates": [[502908.602499999, 431123.7645], [502935.251599997, 431161.4252], [503057.169799998, 431246.796599999], [503544.760700002, 431603.0046], [503929.962300003, 431684.761799999], [504548.760399997, 431505.6622], [505797.690800004, 431079.669599999], [506052.307899997, 431100.422800001], [506110.059, 430946.274], [506155.145400003, 430764.035399999], [506087.5436, 430705.443500001], [505910.982900001, 430547.3992], [505697.675300002, 430573.666299999], [505369.541199997, 430342.376899999], [505159.408100002, 429943.035799999], [505121.469899997, 429822.991500001]]}, "properties": {"edge_id": 610, "source_node": 690, "target_node": 73, "length_m": 5284.130737267908, "z_start": 55.0, "z_end": 66.0, "dz": -11.0, "slope": -0.0020817047395173664, "direction_status": "FLOW_REVERSED_SUSPECTED", "confidence": "NEED_REVIEW", "qa_comment": "Altitude de fin superieure a altitude de debut; inversion potentielle a arbitrer.", "review_status": "TO_REVIEW", "direction_runtime": "SOURCE_TO_TARGET", "direction_mnt": "TARGET_TO_SOURCE_CANDIDATE", "mnt_source": "C:\\dev\\WQDSS\\data\\MNT SEBOU 30N 30M\\seboureproj", "review_decision": "", "reviewer": "", "review_comment": "", "needs_business_validation": true}}, {"type": "Feature", "geometry": {"type": "LineString", "crs": {"type": "name", "properties": {"name": "EPSG:26191"}}, "coordinates": [[507860.830799997, 429834.090100002], [507801.552599996, 429843.496199999], [507684.782700002, 430012.370499998], [507505.898800001, 430398.478399999], [507501.832000002, 430618.451200001], [507591.902599998, 430873.357000001], [508170.154200003, 431184.998199999], [508488.842299998, 431499.0033], [509027.8979, 431913.242699999], [509429.126900002, 432111.1032], [509861.178900003, 432120.565900002], [510124.511600003, 431845.973900002], [510302.281900004, 431543.6917], [510362.554099999, 431259.2196], [510920.297499999, 431234.774500001]]}, "properties": {"edge_id": 611, "source_node": 74, "target_node": 309, "length_m": 5425.058352321869, "z_start": 67.0, "z_end": 75.0, "dz": -8.0, "slope": -0.0014746385163905346, "direction_status": "FLOW_REVERSED_SUSPECTED", "confidence": "NEED_REVIEW", "qa_comment": "Altitude de fin superieure a altitude de debut; inversion potentielle a arbitrer.", "review_status": "TO_REVIEW", "direction_runtime": "SOURCE_TO_TARGET", "direction_mnt": "TARGET_TO_SOURCE_CANDIDATE", "mnt_source": "C:\\dev\\WQDSS\\data\\MNT SEBOU 30N 30M\\seboureproj", "review_decision": "", "reviewer": "", "review_comment": "", "needs_business_validation": true}}, {"type": "Feature", "geometry": {"type": "LineString", "crs": {"type": "name", "properties": {"name": "EPSG:26191"}}, "coordinates": [[466594.742399998, 424591.6318], [466820.5013, 424655.621399999], [466911.762199998, 424810.973999999], [466822.722400002, 425297.705600001], [466560.215800002, 425798.550900001], [466510.4309, 426224.052299999], [466592.924099997, 426413.559599999], [466834.908299997, 426538.532699998], [467525.530199997, 426626.4474], [468192.051799998, 426644.2322], [468794.093000002, 426236.368000001], [468926.489299998, 426203.165100001], [469046.319499999, 426245.365899999], [469442.493500002, 426705.324099999], [469512.679499999, 426741.8499]]}, "properties": {"edge_id": 616, "source_node": 694, "target_node": 695, "length_m": 5422.4047516376295, "z_start": 29.0, "z_end": 32.0, "dz": -3.0, "slope": -0.0005532600640138427, "direction_status": "FLOW_REVERSED_SUSPECTED", "confidence": "NEED_REVIEW", "qa_comment": "Altitude de fin superieure a altitude de debut; inversion potentielle a arbitrer.", "review_status": "TO_REVIEW", "direction_runtime": "SOURCE_TO_TARGET", "direction_mnt": "TARGET_TO_SOURCE_CANDIDATE", "mnt_source": "C:\\dev\\WQDSS\\data\\MNT SEBOU 30N 30M\\seboureproj", "review_decision": "", "reviewer": "", "review_comment": "", "needs_business_validation": true}}, {"type": "Feature", "geometry": {"type": "LineString", "crs": {"type": "name", "properties": {"name": "EPSG:26191"}}, "coordinates": [[615443.583500005, 451741.6554], [615313.540200002, 451729.2575], [615137.143900007, 451712.445600003], [614759.316600017, 451891.9454], [614252.435099997, 451680.305399999], [613653.53329999, 451761.269000005], [612873.929200008, 451572.899900001], [612413.153999999, 451784.791500002], [611320.821300007, 451424.502300005], [610668.674999997, 451000.069600001], [609922.474700004, 450514.526000004], [611070.923600011, 448849.611400004], [610923.453500003, 448470.420700006], [610924.424599998, 448461.600200005]]}, "properties": {"edge_id": 623, "source_node": 678, "target_node": 702, "length_m": 8445.867398099375, "z_start": 738.0, "z_end": 778.0, "dz": -40.0, "slope": -0.004736044045517627, "direction_status": "FLOW_REVERSED_SUSPECTED", "confidence": "NEED_REVIEW", "qa_comment": "Altitude de fin superieure a altitude de debut; inversion potentielle a arbitrer.", "review_status": "TO_REVIEW", "direction_runtime": "SOURCE_TO_TARGET", "direction_mnt": "TARGET_TO_SOURCE_CANDIDATE", "mnt_source": "C:\\dev\\WQDSS\\data\\MNT SEBOU 30N 30M\\seboureproj", "review_decision": "", "reviewer": "", "review_comment": "", "needs_business_validation": true}}, {"type": "Feature", "geometry": {"type": "LineString", "crs": {"type": "name", "properties": {"name": "EPSG:26191"}}, "coordinates": [[566044.181100003, 444207.511599999], [565949.850699998, 444044.481400002], [566026.006999999, 443847.1281], [566499.306999996, 442300.537700001], [566818.495800003, 441697.240200002], [566879.8068, 441372.337499998], [566946.419, 440855.420400001], [567026.760499999, 440485.127300002]]}, "properties": {"edge_id": 624, "source_node": 703, "target_node": 704, "length_m": 3930.550965444814, "z_start": 415.0, "z_end": 419.0, "dz": -4.0, "slope": -0.0010176690329589267, "direction_status": "FLOW_REVERSED_SUSPECTED", "confidence": "NEED_REVIEW", "qa_comment": "Altitude de fin superieure a altitude de debut; inversion potentielle a arbitrer.", "review_status": "TO_REVIEW", "direction_runtime": "SOURCE_TO_TARGET", "direction_mnt": "TARGET_TO_SOURCE_CANDIDATE", "mnt_source": "C:\\dev\\WQDSS\\data\\MNT SEBOU 30N 30M\\seboureproj", "review_decision": "", "reviewer": "", "review_comment": "", "needs_business_validation": true}}, {"type": "Feature", "geometry": {"type": "LineString", "crs": {"type": "name", "properties": {"name": "EPSG:26191"}}, "coordinates": [[565746.776199996, 446673.515299998], [565746.863399997, 446672.334100001], [565834.462300003, 446409.102499999], [565982.752499998, 446306.313999999], [565996.099399999, 446198.081900001], [565987.4419, 446188.8048], [565837.869099997, 446028.5385], [565896.655199997, 445951.188499998], [565730.031800002, 445570.022], [565781.573200002, 445515.526500002], [565888.009599999, 445605.781599998], [565955.622400001, 445507.0189], [565981.4432, 445469.306899998], [565910.6906, 445407.2925], [565842.097999997, 445347.157000002], [565931.117200002, 445299.209399998], [565967.4111, 445220.429699998], [565880.329300001, 445177.314599998], [565740.752700001, 445154.814399999], [565750.262199998, 445030.872299999], [565953.265500002, 444886.7656], [566094.268600002, 445045.875300001], [566183.332099996, 445108.827199999], [566200.117200002, 444978.7799], [566258.442400001, 444871.314800002], [566244.2579, 444734.154199999], [566088.601599999, 444474.4824], [566056.832199998, 444229.377], [566044.181100003, 444207.511599999]]}, "properties": {"edge_id": 628, "source_node": 708, "target_node": 703, "length_m": 3966.1865231314505, "z_start": 388.0, "z_end": 415.0, "dz": -27.0, "slope": -0.0068075467057667535, "direction_status": "FLOW_REVERSED_SUSPECTED", "confidence": "NEED_REVIEW", "qa_comment": "Altitude de fin superieure a altitude de debut; inversion potentielle a arbitrer.", "review_status": "TO_REVIEW", "direction_runtime": "SOURCE_TO_TARGET", "direction_mnt": "TARGET_TO_SOURCE_CANDIDATE", "mnt_source": "C:\\dev\\WQDSS\\data\\MNT SEBOU 30N 30M\\seboureproj", "review_decision": "", "reviewer": "", "review_comment": "", "needs_business_validation": true}}, {"type": "Feature", "geometry": {"type": "LineString", "crs": {"type": "name", "properties": {"name": "EPSG:26191"}}, "coordinates": [[530712.905199997, 485406.623399999], [530694.396300003, 485250.088500001], [530692.770999998, 485156.4038], [530696.9177, 485062.737799998], [530748.892300002, 485026.582899999], [530887.099399999, 485048.064399999], [530989.014799997, 485012.072799999], [531077.615000002, 484933.969700001], [531012.947099999, 484738.7568], [530978.737800002, 484627.748199999], [530928.966200002, 484577.884799998], [530944.589500003, 484497.636], [530998.604500003, 484425.155900002], [531123.496399999, 484412.172200002], [531196.515000001, 484402.858800001], [531258.113700002, 484360.991599999], [531292.961000003, 484276.979200002], [531212.516500004, 484207.887400001], [531182.031099998, 484131.3046], [531201.583999999, 484026.218400002], [531224.939099997, 483934.513300002], [531278.9657, 483860.115800001], [531434.548799999, 483860.627599999], [531494.063100003, 483870.3871], [531532.620800003, 483828.445700001], [531532.854800001, 483757.710499998], [531490.902599998, 483665.7903], [531537.570500001, 483491.944800001], [531585.866099998, 483411.794599999], [531624.518399998, 483339.256499998], [531776.254299998, 483345.496800002], [531904.776799999, 483401.385299999], [532025.741499998, 483417.078600001], [532085.399599999, 483384.773600001], [532147.189199999, 483289.372900002], [532151.254199997, 483224.375300001], [532213.103699997, 483111.768599998], [532292.201899998, 483012.600099999], [532455.930600002, 482881.214499999], [532446.973899998, 482691.8642], [532488.292999998, 482405.157699998], [532573.889799997, 482093.7414], [532635.810400002, 481963.909400001], [532647.743600003, 481843.458500002], [532607.620700002, 481778.299400002], [532546.273699999, 481739.8488], [532527.295000002, 481670.934900001], [532535.695100002, 481568.111400001]]}, "properties": {"edge_id": 636, "source_node": 717, "target_node": 650, "length_m": 5502.339394768663, "z_start": 368.0, "z_end": 383.0, "dz": -15.0, "slope": -0.002726113190011728, "direction_status": "FLOW_REVERSED_SUSPECTED", "confidence": "NEED_REVIEW", "qa_comment": "Altitude de fin superieure a altitude de debut; inversion potentielle a arbitrer.", "review_status": "TO_REVIEW", "direction_runtime": "SOURCE_TO_TARGET", "direction_mnt": "TARGET_TO_SOURCE_CANDIDATE", "mnt_source": "C:\\dev\\WQDSS\\data\\MNT SEBOU 30N 30M\\seboureproj", "review_decision": "", "reviewer": "", "review_comment": "", "needs_business_validation": true}}, {"type": "Feature", "geometry": {"type": "LineString", "crs": {"type": "name", "properties": {"name": "EPSG:26191"}}, "coordinates": [[541948.094800003, 438970.0009], [541948.090800002, 438970.000100002], [541851.9054, 438899.991799999], [541774.319499999, 438853.590500001], [541678.016599998, 438810.047499999], [541610.3191, 438753.885899998], [541571.0876, 438719.4098], [541521.0044, 438687.826099999], [541518.338200003, 438621.1664], [541514.677100003, 438557.4527], [541518.916100003, 438487.8726], [541541.762000002, 438442.896299999], [541573.375600003, 438418.521499999], [541587.292499997, 438388.202799998], [541580.591499999, 438344.063200001], [541542.612199999, 438246.871199999], [541523.243600003, 438171.310400002], [541497.802699998, 438132.9793], [541436.264399998, 438018.028299998], [541387.371600002, 437939.401000001], [541322.714699998, 437861.6932], [541265.855800003, 437801.654599998], [541161.921700001, 437698.290899999], [541110.060500003, 437619.641399998], [541027.143600002, 437421.693999998], [540707.723300002, 436997.186799999], [540636.665899999, 436917.238600001], [540574.082599998, 436869.1809], [540547.383400001, 436837.945700001], [540510.339100003, 436804.4597], [540315.783399999, 436585.5955], [540119.286300004, 436317.404599998], [539938.723300002, 436073.674199998], [539807.289099999, 435943.725699998], [539498.047700003, 435697.340799998], [539383.161200002, 435610.589299999], [539339.8697, 435600.606899999], [539299.6096, 435570.0517], [539147.438699998, 435446.881999999], [539098.43, 435388.8301], [539046.387400001, 435347.436299998], [538997.225900002, 435326.650800001], [538785.831100002, 435232.648800001], [538665.821699999, 435192.945300002], [538602.840000004, 435177.008499999], [538518.112400003, 435180.582699999], [538463.839000002, 435206.839299999], [538459.930699997, 435213.287799999]]}, "properties": {"edge_id": 638, "source_node": 657, "target_node": 372, "length_m": 5496.508138637329, "z_start": 160.0, "z_end": 185.0, "dz": -25.0, "slope": -0.004548342214626084, "direction_status": "FLOW_REVERSED_SUSPECTED", "confidence": "NEED_REVIEW", "qa_comment": "Altitude de fin superieure a altitude de debut; inversion potentielle a arbitrer.", "review_status": "TO_REVIEW", "direction_runtime": "SOURCE_TO_TARGET", "direction_mnt": "TARGET_TO_SOURCE_CANDIDATE", "mnt_source": "C:\\dev\\WQDSS\\data\\MNT SEBOU 30N 30M\\seboureproj", "review_decision": "", "reviewer": "", "review_comment": "", "needs_business_validation": true}}, {"type": "Feature", "geometry": {"type": "LineString", "crs": {"type": "name", "properties": {"name": "EPSG:26191"}}, "coordinates": [[541948.094800003, 438970.0009], [541997.777099997, 438980.499499999], [542125.636100002, 439011.939599998], [542196.441299997, 439032.3378], [542256.060099997, 439021.331799999], [542318.205600001, 438995.142099999], [542477.303800002, 438865.0121], [542532.289999999, 438789.790199999], [542564.450599998, 438754.1523], [542624.165299997, 438722.075300001], [542650.845799997, 438699.168400001], [542681.023500003, 438667.9364], [542694.437100001, 438640.068], [542717.1862, 438506.873100001], [542735.249399997, 438430.500799999], [542774.100299999, 438331.683699999], [542824.844800003, 438212.822299998], [542951.927500002, 437929.885000002], [543071.201399997, 437695.0733], [543112.271200001, 437581.893399999], [543120.400200002, 437525.563900001], [543141.280500002, 437481.059599999], [543186.183399998, 437460.6765], [543278.292400002, 437452.762600001], [543318.7183, 437442.153499998], [543442.958099998, 437406.946600001], [543543.416900002, 437405.9276], [543601.571800001, 437394.4243], [543676.0581, 437364.384399999], [543774.238600001, 437321.698399998], [543816.741899997, 437286.600099999], [543845.535300002, 437236.743299998], [543859.523900002, 437192.6972], [543858.889600001, 437170.877599999], [543856.969999999, 437104.9531], [543832.8565, 436994.561900001], [543800.9573, 436854.266199999], [543785.259900004, 436741.917300001], [543785.210000001, 436644.380199999], [543820.6118, 436548.9573], [543837.036799997, 436510.312800001], [543917.369400002, 436390.096299998], [543948.089900002, 436349.066399999], [543971.337899998, 436326.136500001], [544007.806299999, 436320.9025], [544050.6483, 436321.099399999], [544148.153499998, 436320.0843], [544229.387699999, 436323.8862], [544350.480999999, 436335.7258], [544446.858199999, 436366.0746], [544514.697300002, 436391.877300002], [544575.708300002, 436403.429699998], [544640.156800002, 436415.9857], [544682.484399997, 436422.0614], [544744.089100003, 436410.5922], [544777.588100001, 436408.297499999], [544808.073799998, 436418.244800001], [544839.525700003, 436431.623799998], [544859.672799997, 436442.010899998], [544901.054799996, 436438.2784], [544917.844400004, 436428.552499998], [544946.482900001, 436411.5396], [544973.719400004, 436378.327100001], [545008.1241, 436288.793499999], [545018.565200001, 436223.592500001], [545026.213399999, 436002.612799998], [545017.157899998, 435833.450800002], [545013.304700002, 435809.7575]]}, "properties": {"edge_id": 639, "source_node": 657, "target_node": 697, "length_m": 5527.034824340019, "z_start": 160.0, "z_end": 165.0, "dz": -5.0, "slope": -0.0009046442005360528, "direction_status": "FLOW_REVERSED_SUSPECTED", "confidence": "NEED_REVIEW", "qa_comment": "Altitude de fin superieure a altitude de debut; inversion potentielle a arbitrer.", "review_status": "TO_REVIEW", "direction_runtime": "SOURCE_TO_TARGET", "direction_mnt": "TARGET_TO_SOURCE_CANDIDATE", "mnt_source": "C:\\dev\\WQDSS\\data\\MNT SEBOU 30N 30M\\seboureproj", "review_decision": "", "reviewer": "", "review_comment": "", "needs_business_validation": true}}, {"type": "Feature", "geometry": {"type": "LineString", "crs": {"type": "name", "properties": {"name": "EPSG:26191"}}, "coordinates": [[545013.304700002, 435809.7575], [545000.882799998, 435733.375700004], [544960.815899998, 435665.541999999], [544905.486000009, 435596.649900001], [544874.101000011, 435527.260299999], [544827.185200006, 435386.470400006], [544801.997500002, 435295.171600003], [544795.474000007, 435215.728], [544825.384999998, 435139.382900003], [544875.0814, 435043.532299999], [544918.636299998, 434998.639600009], [544992.806200005, 434937.209600005], [545063.910000004, 434897.349199999], [545106.294799998, 434892.646300003], [545164.388400003, 434897.822299998], [545294.189199999, 434945.495000005], [545312.829099998, 434948.966000006], [545461.498799995, 434976.688400004], [545539.317500003, 434977.057900004], [545574.742100008, 434984.080800001], [545620.90200001, 435013.725400001], [545695.666100003, 435032.7038], [545824.672400005, 435040.1855], [545935.037900001, 435032.872400004], [546058.206900016, 435024.635100003], [546250.51950001, 434976.5383], [546315.951600008, 434941.052000001], [546347.305299997, 434924.056600004], [546478.6149, 434861.949699998], [546508.213500015, 434832.124899998], [546672.079599999, 434667.041700009], [547031.37780001, 434396.709400002], [547410.118300006, 434220.651200004], [547346.116700001, 434083.7469], [547249.093099996, 433801.741099998], [547191.57280001, 433587.6424], [547361.893000007, 433368.190499999], [547499.227499999, 433239.292600002], [547632.419400014, 433307.154800002], [547801.623900011, 433463.5284], [547855.91870001, 433513.7095], [547942.363500014, 433541.459100001], [547982.978, 433554.498799998], [548284.791200004, 433651.4058], [548367.125100002, 433594.435300004], [548682.733099997, 433478.478500005], [548976.109000005, 433389.270000003], [549386.251500003, 433378.409299996], [549719.609900005, 433285.791900001], [549837.808800004, 433252.955000006], [549999.253300011, 433240.852600001], [550135.551899999, 433292.572900005], [550194.728500001, 433315.0317], [550303.813199997, 433428.544800002], [550544.037800014, 433546.432300001], [550579.1818, 433565.228700001], [550862.086300008, 433716.567800004], [551082.870100006, 433814.923100002]]}, "properties": {"edge_id": 640, "source_node": 697, "target_node": 668, "length_m": 8749.769944803873, "z_start": 165.0, "z_end": 179.0, "dz": -14.0, "slope": -0.001600042068341925, "direction_status": "FLOW_REVERSED_SUSPECTED", "confidence": "NEED_REVIEW", "qa_comment": "Altitude de fin superieure a altitude de debut; inversion potentielle a arbitrer.", "review_status": "TO_REVIEW", "direction_runtime": "SOURCE_TO_TARGET", "direction_mnt": "TARGET_TO_SOURCE_CANDIDATE", "mnt_source": "C:\\dev\\WQDSS\\data\\MNT SEBOU 30N 30M\\seboureproj", "review_decision": "", "reviewer": "", "review_comment": "", "needs_business_validation": true}}, {"type": "Feature", "geometry": {"type": "LineString", "crs": {"type": "name", "properties": {"name": "EPSG:26191"}}, "coordinates": [[419683.786200002, 474222.987799998], [419627.410999998, 474229.6259], [419351.828100003, 474241.758000001], [419128.245499998, 474241.697799999], [419018.340099998, 474248.942299999], [418914.821500003, 474304.014600001], [418724.887800001, 474465.780699998], [418559.7218, 474758.2355], [418450.636399999, 474860.686900001], [418400.350900002, 474878.245700002], [418308.459700003, 474868.736900002], [418251.354599997, 474844.808499999], [418219.691500001, 474811.842700001], [418190.627700001, 474740.813900001], [418154.705700003, 474670.842500001], [418119.9296, 474619.3882], [418090.673199996, 474582.5304], [418054.550099999, 474545.731699999], [418011.484700002, 474500.206500001], [417975.331699997, 474459.991500001], [417945.728299998, 474439.256499998], [417899.827, 474406.4476], [417881.631399997, 474401.234700002], [417865.6329, 474395.259799998], [417853.168300003, 474389.798], [417837.912600003, 474384.071800001], [417804.605599999, 474377.1587], [417734.506899998, 474377.063900001]]}, "properties": {"edge_id": 657, "source_node": 719, "target_node": 720, "length_m": 2467.335246949041, "z_start": 0.0, "z_end": 54.0, "dz": -54.0, "slope": -0.021885959788712606, "direction_status": "FLOW_REVERSED_SUSPECTED", "confidence": "NEED_REVIEW", "qa_comment": "Altitude de fin superieure a altitude de debut; inversion potentielle a arbitrer.", "review_status": "TO_REVIEW", "direction_runtime": "SOURCE_TO_TARGET", "direction_mnt": "TARGET_TO_SOURCE_CANDIDATE", "mnt_source": "C:\\dev\\WQDSS\\data\\MNT SEBOU 30N 30M\\seboureproj", "review_decision": "", "reviewer": "", "review_comment": "", "needs_business_validation": true}}, {"type": "Feature", "geometry": {"type": "LineString", "crs": {"type": "name", "properties": {"name": "EPSG:26191"}}, "coordinates": [[386791.953000002, 410515.774099998], [386742.139799997, 410446.789099999], [386411.200499997, 409926.078899998], [386217.991300002, 409609.334199998], [385763.615999997, 409016.3358], [385537.104500003, 408777.956900001], [385217.492700003, 408499.571600001], [385053.900700003, 408382.759]]}, "properties": {"edge_id": 667, "source_node": 446, "target_node": 447, "length_m": 2773.853424718919, "z_start": 10.0, "z_end": 50.0, "dz": -40.0, "slope": -0.014420372628035777, "direction_status": "FLOW_REVERSED_SUSPECTED", "confidence": "NEED_REVIEW", "qa_comment": "Altitude de fin superieure a altitude de debut; inversion potentielle a arbitrer.", "review_status": "TO_REVIEW", "direction_runtime": "SOURCE_TO_TARGET", "direction_mnt": "TARGET_TO_SOURCE_CANDIDATE", "mnt_source": "C:\\dev\\WQDSS\\data\\MNT SEBOU 30N 30M\\seboureproj", "review_decision": "", "reviewer": "", "review_comment": "", "needs_business_validation": true}}, {"type": "Feature", "geometry": {"type": "LineString", "crs": {"type": "name", "properties": {"name": "EPSG:26191"}}, "coordinates": [[515707.139799997, 409490.759199999], [515836.980300002, 409321.352600001], [516044.389200002, 409086.736900002], [516115.712899998, 408968.140000001], [516156.0458, 408825.0385], [516148.175999999, 408752.897300001], [516068.566600002, 408622.758200001], [515836.684, 408540.574999999], [515577.584100001, 408491.777800001], [515386.796999998, 408463.945599999], [515113.933899999, 408616.884], [514883.144500002, 408780.508400001], [514665.2139, 408938.446800001], [514499.149899997, 408893.3697], [514434.583300002, 408743.149999998], [514416.511699997, 408669.386999998], [514432.387699999, 408623.4991], [514472.928400002, 408503.956900001], [514458.489399999, 408451.0702], [514382.980599999, 408449.1492], [514301.118600003, 408460.0392], [514134.657399997, 408421.610800002], [514022.4111, 408409.236499999], [513892.634300001, 408448.4276], [513831.659999996, 408461.015299998], [513792.213500001, 408439.4001], [513799.1272, 408311.5561], [513719.199600004, 408218.176800001], [513659.484700002, 408185.8981], [513612.425300002, 408169.0304], [513396.319799997, 408158.856699999], [513325.823299997, 408132.487100001], [513221.391800001, 408078.069499999], [513030.973700002, 408059.123199999], [512680.762500003, 408010.480700001], [512628.270999998, 408024.509100001]]}, "properties": {"edge_id": 674, "source_node": 545, "target_node": 546, "length_m": 5309.391416799755, "z_start": 71.0, "z_end": 111.0, "dz": -40.0, "slope": -0.007533820142443006, "direction_status": "FLOW_REVERSED_SUSPECTED", "confidence": "NEED_REVIEW", "qa_comment": "Altitude de fin superieure a altitude de debut; inversion potentielle a arbitrer.", "review_status": "TO_REVIEW", "direction_runtime": "SOURCE_TO_TARGET", "direction_mnt": "TARGET_TO_SOURCE_CANDIDATE", "mnt_source": "C:\\dev\\WQDSS\\data\\MNT SEBOU 30N 30M\\seboureproj", "review_decision": "", "reviewer": "", "review_comment": "", "needs_business_validation": true}}, {"type": "Feature", "geometry": {"type": "LineString", "crs": {"type": "name", "properties": {"name": "EPSG:26191"}}, "coordinates": [[391083.5339, 412634.762400001], [390989.305799998, 412657.392499998], [390783.742299996, 412739.1039], [390396.6919, 412766.193700001], [390084.689999998, 412755.5858], [389588.8451, 412732.925900001], [389177.7038, 412646.9399], [388859.786799997, 412618.018300001], [388446.6897, 412486.725400001], [388162.669699997, 412311.4135], [388008.514399998, 412160.114399999], [387845.565300003, 411987.648600001], [387627.284699999, 411712.346099999], [387322.091300003, 411313.309500001], [387146.138999999, 411006.312899999], [386791.953000002, 410515.774099998]]}, "properties": {"edge_id": 681, "source_node": 449, "target_node": 446, "length_m": 5287.011991644672, "z_start": 4.0, "z_end": 10.0, "dz": -6.0, "slope": -0.0011348565143188816, "direction_status": "FLOW_REVERSED_SUSPECTED", "confidence": "NEED_REVIEW", "qa_comment": "Altitude de fin superieure a altitude de debut; inversion potentielle a arbitrer.", "review_status": "TO_REVIEW", "direction_runtime": "SOURCE_TO_TARGET", "direction_mnt": "TARGET_TO_SOURCE_CANDIDATE", "mnt_source": "C:\\dev\\WQDSS\\data\\MNT SEBOU 30N 30M\\seboureproj", "review_decision": "", "reviewer": "", "review_comment": "", "needs_business_validation": true}}, {"type": "Feature", "geometry": {"type": "LineString", "crs": {"type": "name", "properties": {"name": "EPSG:26191"}}, "coordinates": [[529749.963799998, 410587.331900001], [529211.352899998, 410354.6021], [528731.4036, 410285.528499998], [528504.423, 410164.338399999], [528276.799000002, 409859.525800001], [527996.792499997, 409493.9934], [527814.242799997, 409298.037900001], [527805.221600004, 409002.101599999], [528128.929799996, 408619.624499999], [528357.645300001, 408432.124899998], [528346.460699998, 408206.946899999], [527801.3244, 407415.429400001], [527620.109300002, 407361.420899998], [527474.3191, 407283.1197], [527349.629000001, 407221.603999998], [527218.403700002, 407233.430100001], [527140.444799997, 407276.7214]]}, "properties": {"edge_id": 689, "source_node": 557, "target_node": 552, "length_m": 5431.611803561993, "z_start": 99.0, "z_end": 110.0, "dz": -11.0, "slope": -0.0020251815479129633, "direction_status": "FLOW_REVERSED_SUSPECTED", "confidence": "NEED_REVIEW", "qa_comment": "Altitude de fin superieure a altitude de debut; inversion potentielle a arbitrer.", "review_status": "TO_REVIEW", "direction_runtime": "SOURCE_TO_TARGET", "direction_mnt": "TARGET_TO_SOURCE_CANDIDATE", "mnt_source": "C:\\dev\\WQDSS\\data\\MNT SEBOU 30N 30M\\seboureproj", "review_decision": "", "reviewer": "", "review_comment": "", "needs_business_validation": true}}, {"type": "Feature", "geometry": {"type": "LineString", "crs": {"type": "name", "properties": {"name": "EPSG:26191"}}, "coordinates": [[401779.335299998, 421196.337400001], [401819.258500002, 421108.334199998], [402162.424699999, 420677.884399999], [402406.493500002, 420400.821800001], [402590.718500003, 420069.451200001], [402622.168899998, 419771.1983], [402490.134499997, 419537.756999999], [402132.155299999, 419062.210499998], [401843.941600002, 418801.525199998], [401488.327, 418562.124699999], [401144.846699998, 418297.880100001], [400768.658200003, 418073.813000001], [400431.3948, 417879.557100002], [399846.749899998, 417646.6998], [399683.101999998, 417583.606800001]]}, "properties": {"edge_id": 692, "source_node": 626, "target_node": 625, "length_m": 5441.272629312645, "z_start": 3.0, "z_end": 9.0, "dz": -6.0, "slope": -0.0011026832156281671, "direction_status": "FLOW_REVERSED_SUSPECTED", "confidence": "NEED_REVIEW", "qa_comment": "Altitude de fin superieure a altitude de debut; inversion potentielle a arbitrer.", "review_status": "TO_REVIEW", "direction_runtime": "SOURCE_TO_TARGET", "direction_mnt": "TARGET_TO_SOURCE_CANDIDATE", "mnt_source": "C:\\dev\\WQDSS\\data\\MNT SEBOU 30N 30M\\seboureproj", "review_decision": "", "reviewer": "", "review_comment": "", "needs_business_validation": true}}, {"type": "Feature", "geometry": {"type": "LineString", "crs": {"type": "name", "properties": {"name": "EPSG:26191"}}, "coordinates": [[466913.837099999, 421479.588500001], [466906.937799998, 421472.285100002], [466745.246600002, 421503.0878], [466699.9177, 421687.923300002], [466832.266900003, 422135.553199999], [466743.857900001, 422240.320599999], [466416.812100001, 422360.9487], [466408.693099998, 422491.833999999], [466573.678800002, 422654.421300001], [466834.150600001, 422680.422800001], [467187.031599998, 422618.732900001], [467286.626100004, 422526.3083], [467224.205600001, 422155.122900002], [467303.104500003, 421942.204799999], [467492.429200001, 421925.846299998], [467697.440700002, 422035.637200002], [467994.368000001, 422163.258400001], [468277.956900001, 422018.295600001], [468439.7007, 422032.645500001], [468550.641999997, 422173.662700001], [468677.705300003, 422424.568500001], [468796.623000003, 422504.9087], [468861.466600001, 422497.833000001], [468942.907899998, 422435.173900001], [468961.466899998, 422329.399300002], [469037.391099997, 422211.672400001], [469127.927199997, 422214.419500001], [469160.755800001, 422241.891800001]]}, "properties": {"edge_id": 695, "source_node": 526, "target_node": 655, "length_m": 5419.202219694761, "z_start": 29.0, "z_end": 31.0, "dz": -2.0, "slope": -0.0003690580124010672, "direction_status": "FLOW_REVERSED_SUSPECTED", "confidence": "NEED_REVIEW", "qa_comment": "Altitude de fin superieure a altitude de debut; inversion potentielle a arbitrer.", "review_status": "TO_REVIEW", "direction_runtime": "SOURCE_TO_TARGET", "direction_mnt": "TARGET_TO_SOURCE_CANDIDATE", "mnt_source": "C:\\dev\\WQDSS\\data\\MNT SEBOU 30N 30M\\seboureproj", "review_decision": "", "reviewer": "", "review_comment": "", "needs_business_validation": true}}, {"type": "Feature", "geometry": {"type": "LineString", "crs": {"type": "name", "properties": {"name": "EPSG:26191"}}, "coordinates": [[403705.0766, 424290.5099], [403784.725599997, 424308.635600001], [404022.543499999, 424462.681400001], [404214.935099997, 424565.047600001], [404367.243500002, 424614.602200002], [404495.722000003, 424632.476300001], [404584.379000001, 424625.216600001], [404695.161899999, 424584.741900001], [404793.725699998, 424497.5634], [404893.525399998, 424318.861200001], [404978.547399998, 424051.966699999], [405006.791599996, 423973.583900001], [405006.791632574, 423973.583809596]]}, "properties": {"edge_id": 697, "source_node": 42, "target_node": 173, "length_m": 1779.4409015666884, "z_start": 6.0, "z_end": 9.0, "dz": -3.0, "slope": -0.001685922807191115, "direction_status": "FLOW_REVERSED_SUSPECTED", "confidence": "NEED_REVIEW", "qa_comment": "Altitude de fin superieure a altitude de debut; inversion potentielle a arbitrer.", "review_status": "TO_REVIEW", "direction_runtime": "SOURCE_TO_TARGET", "direction_mnt": "TARGET_TO_SOURCE_CANDIDATE", "mnt_source": "C:\\dev\\WQDSS\\data\\MNT SEBOU 30N 30M\\seboureproj", "review_decision": "", "reviewer": "", "review_comment": "", "needs_business_validation": true}}, {"type": "Feature", "geometry": {"type": "LineString", "crs": {"type": "name", "properties": {"name": "EPSG:26191"}}, "coordinates": [[414059.808799997, 436037.916999999], [413993.697899997, 436116.2256], [413967.459799998, 436211.338500001], [413983.321800001, 436301.071199998], [414041.819799997, 436447.3433], [414147.667800002, 436616.151099998], [414223.145099998, 436754.286400002], [414433.877300002, 437097.9056], [414590.5414, 437341.144499999], [414600.783699997, 437477.8464], [414570.345600002, 437551.0121], [414523.6941, 437607.3413], [414411.167900004, 437672.333900001], [414332.931900002, 437700.906599998], [414187.785700001, 437734.1609], [414026.443800002, 437752.5779], [413876.009300001, 437755.925900001], [413469.3226, 437709.667599998], [413154.821999997, 437651.609499998], [413027.397299998, 437648.772700001], [412764.325800002, 437621.206300002], [412379.921099998, 437598.749299999], [412020.792199999, 437599.046399999], [411780.938199997, 437587.276900001], [411634.181100003, 437554.677999999], [411591.701300003, 437517.125399999], [411582.2179, 437468.287500002], [411575.302599996, 437370.500599999], [411573.574100003, 437292.630899999], [411549.765600003, 437104.1261], [411529.511799999, 436942.862100001]]}, "properties": {"edge_id": 708, "source_node": 202, "target_node": 203, "length_m": 5354.0174320445085, "z_start": 10.0, "z_end": 14.0, "dz": -4.0, "slope": -0.0007471025357630452, "direction_status": "FLOW_REVERSED_SUSPECTED", "confidence": "NEED_REVIEW", "qa_comment": "Altitude de fin superieure a altitude de debut; inversion potentielle a arbitrer.", "review_status": "TO_REVIEW", "direction_runtime": "SOURCE_TO_TARGET", "direction_mnt": "TARGET_TO_SOURCE_CANDIDATE", "mnt_source": "C:\\dev\\WQDSS\\data\\MNT SEBOU 30N 30M\\seboureproj", "review_decision": "", "reviewer": "", "review_comment": "", "needs_business_validation": true}}, {"type": "Feature", "geometry": {"type": "LineString", "crs": {"type": "name", "properties": {"name": "EPSG:26191"}}, "coordinates": [[419375.507299997, 434468.834100001], [419401.596500002, 434349.3915], [419384.555299997, 434231.666299999], [419344.313000001, 434100.1613], [419269.167000003, 433994.915399998], [419215.454300001, 433932.4355], [419163.078900002, 433909.906800002], [419098.952200003, 433921.439599998], [419048.371200003, 433991.787099998], [418974.085900001, 434108.275800001], [418843.7038, 434235.233600002], [418690.361900002, 434375.376200002], [418512.5167, 434465.773800001], [418294.997699998, 434493.602299999], [418121.351999998, 434488.0858], [417976.589400001, 434456.371199999], [417876.329800002, 434467.212299999], [417798.4604, 434513.831999999], [417754.658699997, 434554.1593], [417737.293200001, 434635.209399998], [417756.115900002, 434723.934799999], [417823.138099998, 434934.108800001], [418069.7425, 435375.434500001], [418087.531999998, 435579.022100002], [418076.743100002, 435724.912300002], [418009.797399998, 435874.288800001], [417943.384000003, 435968.736200001], [417770.896200001, 436095.050299998], [417618.965499997, 436161.2632], [417479.513899997, 436161.4652], [417365.0119, 436147.467500001], [417258.231700003, 436097.456799999], [417107.088200003, 436021.876800001], [416928.600500002, 435917.565200001], [416825.012199998, 435773.652899999], [416789.944700003, 435663.108600002], [416728.160700001, 435448.9355]]}, "properties": {"edge_id": 710, "source_node": 281, "target_node": 216, "length_m": 5492.710173499325, "z_start": 10.0, "z_end": 12.0, "dz": -2.0, "slope": -0.0003641189753010087, "direction_status": "FLOW_REVERSED_SUSPECTED", "confidence": "NEED_REVIEW", "qa_comment": "Altitude de fin superieure a altitude de debut; inversion potentielle a arbitrer.", "review_status": "TO_REVIEW", "direction_runtime": "SOURCE_TO_TARGET", "direction_mnt": "TARGET_TO_SOURCE_CANDIDATE", "mnt_source": "C:\\dev\\WQDSS\\data\\MNT SEBOU 30N 30M\\seboureproj", "review_decision": "", "reviewer": "", "review_comment": "", "needs_business_validation": true}}, {"type": "Feature", "geometry": {"type": "LineString", "crs": {"type": "name", "properties": {"name": "EPSG:26191"}}, "coordinates": [[443728.615000002, 441275.2038], [443716.068300001, 441480.779199999], [443840.950900003, 442061.070500001], [443966.1822, 442637.602899998], [443879.800800003, 443030.633200001], [443504.467600003, 443471.729400001], [443112.479199998, 443756.180500001], [442685.619199999, 443936.161899999], [442531.266800001, 443957.2742], [442248.281900004, 443900.302000001], [442086.193099998, 443835.8398], [441945.791900001, 443679.952399999], [441760.825099997, 443260.565499999], [441645.051399998, 443092.764899999], [441442.770499997, 442993.386999998], [441220.875299998, 442960.307], [440968.956900001, 442986.620099999]]}, "properties": {"edge_id": 724, "source_node": 738, "target_node": 737, "length_m": 5512.591085222821, "z_start": 15.0, "z_end": 18.0, "dz": -3.0, "slope": -0.0005442086948988234, "direction_status": "FLOW_REVERSED_SUSPECTED", "confidence": "NEED_REVIEW", "qa_comment": "Altitude de fin superieure a altitude de debut; inversion potentielle a arbitrer.", "review_status": "TO_REVIEW", "direction_runtime": "SOURCE_TO_TARGET", "direction_mnt": "TARGET_TO_SOURCE_CANDIDATE", "mnt_source": "C:\\dev\\WQDSS\\data\\MNT SEBOU 30N 30M\\seboureproj", "review_decision": "", "reviewer": "", "review_comment": "", "needs_business_validation": true}}]}