{"type": "FeatureCollection", "features": [{"type": "Feature", "geometry": {"type": "LineString", "crs": {"type": "name", "properties": {"name": "EPSG:26191"}}, "coordinates": [[451830.446999997, 411301.619800001], [451830.336300001, 411312.617699999], [451829.387000002, 411352.735100001], [451814.040299997, 411392.348000001], [451792.306500003, 411422.832699999], [451767.1593, 411459.057], [451684.922499999, 411477.236499999], [451593.464599997, 411493.7443], [451535.907399997, 411498.0491], [451482.260300003, 411476.5392], [451449.4375, 411476.139400002], [451423.552599996, 411480.850499999], [451390.208400004, 411490.1906], [451351.734999999, 411509.8706], [451292.648599997, 411552.001699999], [451246.261699997, 411600.944499999], [451208.321699999, 411613.1699], [451162.897100002, 411623.148899998], [451115.762199998, 411638.859299999], [451092.339699998, 411673.357700001], [451086.164899997, 411706.0493], [451096.1527, 411744.392200001], [451110.089500003, 411768.397799998], [451130.876500003, 411780.324700002], [451183.308600001, 411787.499499999], [451224.852899998, 411807.350299999], [451265.847199999, 411829.488699999], [451300.5119, 411853.9549], [451322.064199999, 411902.553199999], [451317.1994, 411965.037099998], [451304.1391, 412001.201400001], [451267.435400002, 412030.044300001], [451210.598099999, 412061.2742], [451194.509800002, 412066.512800001], [451167.453000002, 412066.6503], [451141.001699999, 412073.660700001], [451091.6505, 412103.710900001], [451046.172300003, 412104.519299999], [450992.017800003, 412096.7663], [450923.5167, 412098.269400001], [450888.626599997, 412143.140799999], [450887.221699998, 412206.749499999], [450899.478399999, 412238.7815], [450927.802199997, 412261.548799999], [450964.779100001, 412286.5788], [451002.800399996, 412292.683899999], [451059.114699997, 412271.192600001], [451141.244400002, 412233.5339], [451193.580399998, 412224.096299998], [451252.742899999, 412250.4564], [451399.381999999, 412349.9564], [451401.968099996, 412471.812199999], [451260.485799998, 412706.2196], [451429.093800001, 412856.7119], [451598.152900003, 412608.405099999], [451731.8587, 412591.8068], [452029.7267, 412826.366900001], [452055.874600001, 413020.6237], [451793.709700003, 413112.342700001], [451765.050300002, 413205.055799998], [451878.820200004, 413448.190400001], [452079.598700002, 413494.175999999]]}, "properties": {"edge_id": 30, "source_node": 43, "target_node": 44, "length_m": 4999.999971480998, "z_start": 29.0, "z_end": 28.0, "dz": 1.0, "slope": 0.00020000000114076008, "direction_status": "FLAT_SEGMENT", "confidence": "LOW", "qa_comment": "Difference altimetrique <= 1 m; segment plat ou incertain a revoir.", "review_status": "TO_REVIEW", "direction_runtime": "SOURCE_TO_TARGET", "direction_mnt": "UNDETERMINED", "mnt_source": "C:\\dev\\WQDSS\\data\\MNT SEBOU 30N 30M\\seboureproj", "review_decision": "", "reviewer": "", "review_comment": "", "needs_business_validation": true}}, {"type": "Feature", "geometry": {"type": "LineString", "crs": {"type": "name", "properties": {"name": "EPSG:26191"}}, "coordinates": [[441509.701099999, 417582.707400002], [441445.4934, 417714.110300001], [441383.612000003, 417792.819499999], [441333.229599997, 417945.376400001], [441361.359200001, 417995.543900002], [441472.308499999, 418097.752500001], [441465.654100001, 418268.940400001], [441425.373199999, 418329.839699998], [441345.862099998, 418399.074900001], [441329.486299999, 418463.011500001], [441350.629600003, 418500.456700001], [441461.453500003, 418583.013799999], [441448.104099996, 418627.534699999], [441389.874200001, 418657.113400001], [441298.586499996, 418704.073800001], [441269.058300003, 418748.205899999], [441290.1087, 418802.098700002], [441358.097499996, 418915.859200001], [441312.395599999, 419025.146699998], [441260.664800003, 419149.953699999], [441242.622500002, 419232.7991], [441163.413000002, 419219.288199998], [441095.703100003, 419119.534400001], [441042.635899998, 419122.067200001], [440986.667999998, 419198.769099999], [441016.398500003, 419348.108199999], [441002.966499999, 419410.064599998], [440839.640100002, 419484.721900001], [440705.028300002, 419447.9892], [440650.9366, 419443.665600002], [440630.311999999, 419491.6708], [440647.850500002, 419615.298999999], [440753.9212, 419696.147599999], [440737.952500001, 419793.720600002], [440637.2126, 419936.734299999], [440512.164899997, 420008.9538], [440353.213699996, 419992.262200002], [440223.1778, 420023.514800001], [440139.161899999, 420155.627599999], [439963.827299997, 420200.9076], [439829.4617, 420296.273800001], [439717.183899999, 420357.6105], [439507.9771, 420474.0691], [439433.401799999, 420568.554099999], [439419.281400003, 420606.9311]]}, "properties": {"edge_id": 31, "source_node": 46, "target_node": 10, "length_m": 4999.999983910522, "z_start": 19.0, "z_end": 19.0, "dz": 0.0, "slope": 0.0, "direction_status": "FLAT_SEGMENT", "confidence": "LOW", "qa_comment": "Difference altimetrique <= 1 m; segment plat ou incertain a revoir.", "review_status": "TO_REVIEW", "direction_runtime": "SOURCE_TO_TARGET", "direction_mnt": "UNDETERMINED", "mnt_source": "C:\\dev\\WQDSS\\data\\MNT SEBOU 30N 30M\\seboureproj", "review_decision": "", "reviewer": "", "review_comment": "", "needs_business_validation": true}}, {"type": "Feature", "geometry": {"type": "LineString", "crs": {"type": "name", "properties": {"name": "EPSG:26191"}}, "coordinates": [[445203.390900001, 418474.815299999], [445031.4199, 418400.882100001], [444881.416900001, 418054.047200002], [444900.543300003, 417740.800299998], [444745.2293, 417709.087499998], [444380.749300003, 417821.197999999], [444320.624200001, 417799.155099999], [444191.303099997, 417655.2654], [444101.918300003, 417693.359700002], [443937.727399997, 417830.607099999], [443852.078299999, 417832.327599999], [443742.614200003, 417676.7938], [443670.043700002, 417619.0282], [443529.922600001, 417620.827399999], [443379.185900003, 417662.9716], [443165.987199999, 417655.3926], [443051.460500002, 417613.0962], [442944.110799998, 417517.225200001], [442877.944499999, 417508.7797], [442837.085699998, 417575.077199999], [442765.299599998, 417649.910399999], [442664.505400002, 417627.9208], [442524.927599996, 417556.069200002], [442354.406099997, 417588.521899998], [442237.016900003, 417597.0907], [442183.503799997, 417559.106699999], [442153.915600002, 417399.173099998], [442129.012400001, 417326.880800001], [442050.668700002, 417297.6424], [441939.225199997, 417276.944600001], [441863.319399998, 417322.342300002], [441783.5911, 417488.094300002], [441704.749899998, 417537.448199999], [441573.694899999, 417570.651099998], [441510.603100002, 417580.861400001], [441509.701099999, 417582.707400002]]}, "properties": {"edge_id": 32, "source_node": 47, "target_node": 46, "length_m": 5000.000039217569, "z_start": 19.0, "z_end": 19.0, "dz": 0.0, "slope": 0.0, "direction_status": "FLAT_SEGMENT", "confidence": "LOW", "qa_comment": "Difference altimetrique <= 1 m; segment plat ou incertain a revoir.", "review_status": "TO_REVIEW", "direction_runtime": "SOURCE_TO_TARGET", "direction_mnt": "UNDETERMINED", "mnt_source": "C:\\dev\\WQDSS\\data\\MNT SEBOU 30N 30M\\seboureproj", "review_decision": "", "reviewer": "", "review_comment": "", "needs_business_validation": true}}, {"type": "Feature", "geometry": {"type": "LineString", "crs": {"type": "name", "properties": {"name": "EPSG:26191"}}, "coordinates": [[415542.517200001, 413613.655499998], [415540.554200001, 413693.5209], [415515.320600003, 413764.499699999], [415519.383299999, 413805.8202], [415537.026199996, 413817.6094], [415562.8565, 413815.541200001], [415582.284100004, 413819.961800002], [415608.227600001, 413830.7687], [415626.961099997, 413860.925299998], [415627.227499999, 413891.244199999], [415619.112599999, 413913.374400001], [415579.466899998, 413919.2348], [415563.672499999, 413908.3387], [415544.253200002, 413904.838500001], [415512.198299997, 413933.6118], [415508.790399998, 413966.713500001], [415483.558899999, 414036.772], [415459.991099998, 414085.6886], [415438.020999998, 414107.009399999], [415407.540200002, 414105.447900001], [415391.7795, 414097.313299999], [415370.5515, 414098.420899998], [415337.382100001, 414106.066300001], [415299.781199999, 414133.957600001], [415280.702699997, 414169.049699999], [415265.525799997, 414227.0647], [415261.385399997, 414281.3224], [415269.122299999, 414320.758299999], [415273.071199998, 414350.124200001], [415274.429099999, 414399.730900001], [415280.284199998, 414435.523600001], [415290.709299996, 414465.752999999], [415344.693800002, 414515.816100001], [415360.963600002, 414536.888700001]]}, "properties": {"edge_id": 47, "source_node": 62, "target_node": 63, "length_m": 1288.6486791764255, "z_start": 16.0, "z_end": 15.0, "dz": 1.0, "slope": 0.0007760066930259839, "direction_status": "FLAT_SEGMENT", "confidence": "LOW", "qa_comment": "Difference altimetrique <= 1 m; segment plat ou incertain a revoir.", "review_status": "TO_REVIEW", "direction_runtime": "SOURCE_TO_TARGET", "direction_mnt": "UNDETERMINED", "mnt_source": "C:\\dev\\WQDSS\\data\\MNT SEBOU 30N 30M\\seboureproj", "review_decision": "", "reviewer": "", "review_comment": "", "needs_business_validation": true}}, {"type": "Feature", "geometry": {"type": "LineString", "crs": {"type": "name", "properties": {"name": "EPSG:26191"}}, "coordinates": [[477121.609200001, 346885.528999999], [477124.332900003, 346893.217300002], [477116.8112, 346901.8279], [477086.414499998, 346899.3719], [477061.685900003, 346915.463], [477060.145199999, 346929.946899999], [477033.447899997, 346944.102400001], [477020.533, 346967.993299998], [477056.723700002, 346979.649], [477063.0845, 347008.9824], [477054.854099996, 347019.5572], [477036.070799999, 347057.554200001], [477021.966300003, 347075.981800001], [476985.050800003, 347090.549800001], [476994.0035, 347056.4789], [476964.0995, 347042.857099999], [476923.417000003, 347039.694400001], [476908.073799998, 347059.233800001], [476922.256499998, 347100.855599999], [476921.501400001, 347149.387200002], [476904.268700004, 347176.814399999], [476914.135499999, 347192.047200002], [476942.080399998, 347208.024099998], [476967.705499999, 347238.087699998], [477002.366700001, 347265.391199999], [477002.816299997, 347290.8248], [476980.082900003, 347315.526299998], [476958.493600003, 347330.445999999], [476936.474299997, 347328.147999998], [476914.021899998, 347307.467999998], [476882.912100002, 347285.2454], [476869.925999999, 347279.0121], [476847.119000003, 347276.727200002], [476810.985600002, 347292.4582], [476790.9472, 347297.1963], [476766.995499998, 347308.219300002], [476717.532300003, 347336.500500001], [476687.6514, 347332.270500001], [476654.601499997, 347320.220600002], [476617.595899999, 347300.751699999], [476595.6105, 347312.535399999], [476576.744000003, 347311.416900001], [476561.020199999, 347311.0559], [476539.395599999, 347311.1083], [476529.596699998, 347324.048999999], [476521.404200003, 347349.891600002], [476519.107900001, 347373.369399998], [476523.906499997, 347407.396299999], [476511.393100001, 347435.600000002], [476506.330899999, 347453.2192], [476487.895599999, 347469.296500001], [476487.545699999, 347489.254799999], [476478.952, 347510.009300001], [476465.236500002, 347527.649500001], [476432.677299999, 347557.077399999], [476413.057099998, 347569.642999999], [476403.687799998, 347599.0033], [476443.483499996, 347634.508200001], [476472.749300003, 347709.9538], [476518.112999998, 347772.443399999], [476520.921599999, 347795.908799998], [476506.831799999, 347823.329100002], [476476.563500002, 347823.003600001], [476458.423500001, 347796.448899999], [476436.758000001, 347779.2828], [476415.580499999, 347798.9038], [476395.9516, 347811.469500002], [476336.332599998, 347864.036899999], [476305.395800002, 347912.232299998], [476280.265699998, 347921.6851], [476238.193499997, 347917.0984], [476214.612800002, 347919.895], [476188.673299998, 347920.346900001], [476149.366999999, 347921.618999999], [476144.271899998, 347925.545499999], [476133.310099997, 347943.567499999], [476134.155500002, 347967.037700001], [476141.290899999, 347994.018100001], [476171.598200001, 348010.375], [476180.344700001, 348048.2949], [476191.063199997, 348093.261500001], [476206.129699998, 348143.295600001], [476220.388899997, 348189.040800002], [476204.367299996, 348228.984099999], [476195.452200003, 348276.726599999], [476196.356600001, 348327.981899999], [476208.222999997, 348357.678300001], [476227.918799996, 348372.886300001], [476264.5343, 348397.055799998], [476292.460600004, 348406.3783], [476337.7641, 348448.909899998], [476344.105999999, 348470.016100001], [476345.328500003, 348488.795299999], [476331.661499999, 348525.594900001], [476331.005500004, 348528.606800001]]}, "properties": {"edge_id": 54, "source_node": 72, "target_node": 70, "length_m": 3033.926331730514, "z_start": 638.0, "z_end": 639.0, "dz": -1.0, "slope": -0.0003296058937032965, "direction_status": "FLAT_SEGMENT", "confidence": "LOW", "qa_comment": "Difference altimetrique <= 1 m; segment plat ou incertain a revoir.", "review_status": "TO_REVIEW", "direction_runtime": "SOURCE_TO_TARGET", "direction_mnt": "UNDETERMINED", "mnt_source": "C:\\dev\\WQDSS\\data\\MNT SEBOU 30N 30M\\seboureproj", "review_decision": "", "reviewer": "", "review_comment": "", "needs_business_validation": true}}, {"type": "Feature", "geometry": {"type": "LineString", "crs": {"type": "name", "properties": {"name": "EPSG:26191"}}, "coordinates": [[505121.469899997, 429822.991500001], [505060.6686, 429630.610300001], [505156.591899998, 429218.6384], [505572.873899996, 428947.602000002], [506182.425700001, 429054.036800001], [506578.291000001, 429295.7355], [506576.880000003, 429477.812100001], [506626.083700001, 429661.421], [506846.856600001, 429645.882599998], [507067.720299996, 429520.472800002], [507430.5757, 429145.335000001], [507602.382200003, 429032.388099998], [507905.1853, 429001.0242], [508085.672399998, 429127.720600002], [508193.650600001, 429215.984000001], [508316.220600002, 429499.082199998], [508297.632399999, 429631.323899999], [508205.634599999, 429779.384799998], [507860.830799997, 429834.090100002]]}, "properties": {"edge_id": 55, "source_node": 73, "target_node": 74, "length_m": 5408.947522890329, "z_start": 66.0, "z_end": 67.0, "dz": -1.0, "slope": -0.0001848788504173986, "direction_status": "FLAT_SEGMENT", "confidence": "LOW", "qa_comment": "Difference altimetrique <= 1 m; segment plat ou incertain a revoir.", "review_status": "TO_REVIEW", "direction_runtime": "SOURCE_TO_TARGET", "direction_mnt": "UNDETERMINED", "mnt_source": "C:\\dev\\WQDSS\\data\\MNT SEBOU 30N 30M\\seboureproj", "review_decision": "", "reviewer": "", "review_comment": "", "needs_business_validation": true}}, {"type": "Feature", "geometry": {"type": "LineString", "crs": {"type": "name", "properties": {"name": "EPSG:26191"}}, "coordinates": [[474837.077799998, 360935.721000001], [474846.741499998, 360936.285399999], [474864.602300003, 360962.805500001], [474851.807700001, 360984.493500002], [474801.4564, 361012.178199999], [474771.9027, 361053.579999998], [474746.185500003, 361047.748500001], [474732.393600002, 361066.478799999], [474747.309299998, 361098.916200001], [474729.573100001, 361123.555599999], [474699.878200002, 361110.848999999], [474671.199000001, 361107.963799998], [474677.222400002, 361143.373799998], [474685.2126, 361173.855700001], [474664.500699997, 361192.615400001], [474633.808300003, 361176.951099999], [474605.093000002, 361160.2949], [474584.326800004, 361158.3759], [474573.5233, 361183.995299999], [474591.353299998, 361198.706300002], [474604.248000003, 361215.404100001], [474604.338600002, 361249.8429], [474587.5867, 361268.5812], [474557.985399999, 361291.2896], [474534.236699998, 361284.466600001], [474505.568400003, 361285.529100001], [474492.772399999, 361306.230799999], [474481.962700002, 361332.826000001], [474475.133500002, 361367.283100002], [474441.571999997, 361386.066100001], [474399.066200003, 361388.152399998], [474370.364200003, 361376.4199], [474352.490999997, 361348.913899999], [474332.770000003, 361367.660500001], [474317.023100004, 361395.255899999], [474292.261, 361379.576900002], [474279.373800002, 361365.829], [474227.006899998, 361378.7641], [474205.3222, 361403.426100001], [474189.616499998, 361442.830200002], [474215.393399999, 361471.2905], [474251.073100001, 361504.6587], [474213.586999998, 361536.237300001], [474191.957900003, 361581.5671], [474150.400799997, 361567.896000002], [474123.8213, 361609.302999999], [474147.614200003, 361632.845400002], [474175.354800001, 361655.412700001], [474205.051299997, 361669.104600001], [474228.813699998, 361684.785999998], [474234.818700001, 361709.363000002], [474230.948399998, 361742.8367], [474218.1536, 361763.5277], [474183.604099996, 361782.314199999], [474161.804499999, 361763.678300001], [474153.823600002, 361737.133000001], [474125.140799999, 361732.297800001], [474072.770800002, 361743.260200001], [474041.1316, 361743.345199998], [473984.723999999, 361721.842300002], [474005.634800002, 361777.879799999], [473990.995999999, 361848.7601], [473994.047799997, 361879.254700001], [474028.734300002, 361911.637899999], [474046.6021, 361937.169799998], [474005.124499999, 361955.9756], [473956.702, 361962.004900001], [473941.808899999, 361938.438900001], [473919.910800002, 361883.390900001], [473896.168399997, 361878.5321], [473892.2821, 361902.159899998], [473894.357600004, 361937.580200002], [473891.499799997, 361978.912700001], [473877.753399998, 362013.388999999], [473842.226300001, 362036.115699999], [473831.267099999, 362006.629299998], [473813.464100003, 362001.7546], [473780.830600001, 361999.880600002], [473751.110399999, 361977.330800001], [473727.364, 361967.5493], [473722.4683, 361987.243799999], [473711.657300003, 362008.9168], [473628.721500002, 362049.4921], [473618.911300004, 362075.0988], [473636.7465, 362091.7707], [473663.544, 362128.110300001], [473666.625, 362172.3761], [473634.991099998, 362170.499899998], [473609.336800002, 362190.239999998], [473567.875799999, 362211.021299999], [473556.924099997, 362184.4846], [473524.238200001, 362159.969999999], [473500.507200003, 362159.0594], [473465.000299998, 362188.673099998], [473461.107000001, 362209.340599999], [473430.426700003, 362197.6274], [473391.939900003, 362223.313299999], [473370.213, 362231.245700002], [473389.079999998, 362259.722899999], [473392.178499997, 362309.898499999], [473371.463399999, 362325.7005], [473344.737099998, 362311.991900001], [473305.116999999, 362285.534699999], [473302.077799998, 362257.013799999], [473280.263999999, 362233.456799999], [473245.654100001, 362232.5658], [473219.928199999, 362222.802099999], [473211.1109, 362252.342700001], [473197.334600002, 362275.011399999], [473168.707599998, 362289.848999999], [473185.581799999, 362313.419500001], [473211.359300002, 362341.8772], [473220.3486, 362374.328899998], [473209.5326, 362396.989399999], [473181.849299997, 362395.092599999], [473162.028800003, 362376.453400001], [473139.2689, 362368.644299999], [473127.417800002, 362371.626699999], [473080.019599996, 362392.4267], [473083.112499997, 362436.692299999], [473083.183899999, 362462.272], [473042.701200001, 362478.129799999], [473033.747199997, 362458.473700002], [473014.849299997, 362419.1754], [472984.194899999, 362413.351199999], [472975.337099999, 362428.134100001], [472975.419799998, 362457.6611], [472962.653399996, 362487.213], [472943.986900002, 362530.552700002], [472901.541699998, 362552.315400001], [472865.913699999, 362537.657400001], [472848.093699999, 362529.835099999], [472832.367700003, 362559.395500001], [472806.732699998, 362585.047600001], [472788.888700001, 362565.4278], [472767.999300003, 362522.188200001], [472745.254199997, 362516.353599999], [472731.434900001, 362523.278299998], [472716.664800003, 362543.988000002], [472722.647200003, 362562.665399998], [472688.0867, 362575.547499999], [472664.431699999, 362601.194400001], [472667.478200004, 362631.6888], [472629.007200003, 362658.364500001], [472578.528499998, 362635.8772], [472551.781499997, 362605.636399999]]}, "properties": {"edge_id": 61, "source_node": 77, "target_node": 82, "length_m": 5000.000009129916, "z_start": 395.0, "z_end": 394.0, "dz": 1.0, "slope": 0.00019999999963480334, "direction_status": "FLAT_SEGMENT", "confidence": "LOW", "qa_comment": "Difference altimetrique <= 1 m; segment plat ou incertain a revoir.", "review_status": "TO_REVIEW", "direction_runtime": "SOURCE_TO_TARGET", "direction_mnt": "UNDETERMINED", "mnt_source": "C:\\dev\\WQDSS\\data\\MNT SEBOU 30N 30M\\seboureproj", "review_decision": "", "reviewer": "", "review_comment": "", "needs_business_validation": true}}, {"type": "Feature", "geometry": {"type": "LineString", "crs": {"type": "name", "properties": {"name": "EPSG:26191"}}, "coordinates": [[414298.4256, 401218.402100001], [414304.712099999, 401220.101799998], [414342.209200002, 401232.022], [414352.839400001, 401255.4822], [414361.2896, 401301.097100001], [414361.977600001, 401325.588500001], [414391.1919, 401363.488499999], [414437.214000002, 401376.741599999], [414478.484399997, 401387.209199998], [414510.7751, 401399.165199999], [414555.491899997, 401424.207899999], [414577.8204, 401433.9016], [414588.6373, 401479.506900001], [414605.348999999, 401495.848999999], [414647.962200001, 401497.821699999], [414692.9934, 401505.4289], [414735.211099997, 401516.831900001], [414788.8979, 401539.445], [414793.312899999, 401557.305], [414780.7139, 401577.666700002], [414761.121100001, 401609.402100001], [414768.423900001, 401632.892299999], [414777.133900002, 401654.0189], [414782.139799997, 401685.5363], [414775.317299999, 401716.2159], [414759.4978, 401747.441100001], [414737.220299996, 401743.4023], [414707.1483, 401714.458299998], [414672.407499999, 401693.096900001], [414648.840599999, 401703.675099999], [414609.316799998, 401729.932], [414590.748400003, 401771.085099999], [414574.510899998, 401807.0275], [414571.944499999, 401838.612100001], [414569.3539, 401866.4263], [414555.042999998, 401906.599100001], [414539.519500002, 401917.094999999], [414463.997000001, 401939.9131], [414419.105999999, 401947.842599999], [414361.953900002, 401960.129000001], [414335.616800003, 401979.2053], [414310.333700001, 402010.049800001], [414288.7742, 402033.7969], [414268.684699997, 402062.233100001], [414255.557999998, 402076.955499999], [414240.879000001, 402075.677999999], [414212.5572, 402083.937600002], [414200.392899998, 402099.1173], [414191.292400002, 402140.652600002], [414185.000699997, 402177.926399998], [414193.850199997, 402214.588300001], [414204.470299996, 402238.0374], [414233.0858, 402262.756499998], [414258.762800001, 402276.179099999], [414302.228399999, 402268.727299999], [414327.6536, 402253.906399999], [414339.763999999, 402231.651999999], [414340.426799998, 402200.561099999], [414354.972099997, 402185.826099999], [414374.352700002, 402183.3024], [414401.897299998, 402194.357700001], [414450.199900001, 402197.221500002], [414475.0286, 402221.975099999], [414494.177100003, 402247.233899999], [414536.040100001, 402270.893399999], [414549.068800002, 402299.034699999], [414569.723700002, 402334.183600001], [414587.062700003, 402368.4082], [414634.536899999, 402384.943], [414653.438900001, 402381.4815], [414678.040799998, 402380.7973], [414689.528999999, 402395.289700002], [414711.027599998, 402418.653900001], [414732.547700003, 402443.426399998], [414733.318300001, 402477.3325], [414736.402099997, 402505.0964], [414726.276500002, 402537.225000002], [414704.758900002, 402565.673], [414679.959399998, 402596.978], [414657.111299999, 402635.341200002], [414625.343400002, 402681.7795], [414595.306199998, 402709.360800002], [414569.449000001, 402729.374899998], [414539.3367, 402748.484299999], [414534.7777, 402768.309300002], [414533.576800004, 402792.817600001], [414555.6919, 402831.713], [414576.560999997, 402837.183400001], [414609.278899998, 402844.899599999], [414635.033299997, 402867.2722], [414652.741499998, 402889.250399999], [414673.907200001, 402928.165600002], [414670.8125, 402953.1565], [414679.621799998, 402985.571800001], [414689.270199999, 403006.679099999], [414703.175399996, 403026.817000002], [414698.632799998, 403048.515900001], [414683.307499997, 403081.1565], [414659.848499998, 403103.5002], [414624.020300001, 403118.889600001], [414606.169, 403133.6536], [414583.138300002, 403151.280499998], [414569.643299997, 403177.306499999], [414572.228299998, 403201.781199999], [414577.742399998, 403236.5768], [414584.587200001, 403261.479400001], [414559.219700001, 403281.489300001], [414535.559799999, 403282.1765], [414502.578699999, 403297.541000001], [414490.4943, 403322.612], [414486.435599998, 403344.783599999], [414492.5035, 403389.000700001], [414506.546800002, 403424.674199998], [414527.452200003, 403434.3805], [414559.828100003, 403456.693999998], [414623.908200003, 403479.679699998], [414640.2804, 403511.085200001], [414647.179200001, 403542.109099999], [414657.343900003, 403567.448100001], [414665.673699997, 403599.878899999], [414674.453199998, 403629.000799999], [414675.522200003, 403643.585700002], [414653.877700001, 403657.440699998], [414634.567100003, 403667.5044], [414608.2936, 403692.224399999], [414570.494800001, 403699.1587], [414551.330799997, 403725.701000001], [414552.585100003, 403760.068799999], [414550.935500003, 403786.9322], [414529.669100001, 403790.414999999], [414509.401699998, 403799.544799998], [414502.833499998, 403805.7249], [414439.4287, 403765.256200001], [414405.0484, 403723.620000001], [414377.206600003, 403669.405200001], [414347.376900002, 403640.238200001], [414306.440899998, 403610.427200001], [414270.795599997, 403592.3468], [414213.002999999, 403584.378600001], [414158.917800002, 403607.850900002], [414122.364500001, 403654.1785], [414103.229900002, 403710.686500002], [414092.275300004, 403777.479499999], [414092.850299999, 403789.9278]]}, "properties": {"edge_id": 121, "source_node": 163, "target_node": 166, "length_m": 4999.9999699652635, "z_start": 45.0, "z_end": 45.0, "dz": 0.0, "slope": 0.0, "direction_status": "FLAT_SEGMENT", "confidence": "LOW", "qa_comment": "Difference altimetrique <= 1 m; segment plat ou incertain a revoir.", "review_status": "TO_REVIEW", "direction_runtime": "SOURCE_TO_TARGET", "direction_mnt": "UNDETERMINED", "mnt_source": "C:\\dev\\WQDSS\\data\\MNT SEBOU 30N 30M\\seboureproj", "review_decision": "", "reviewer": "", "review_comment": "", "needs_business_validation": true}}, {"type": "Feature", "geometry": {"type": "LineString", "crs": {"type": "name", "properties": {"name": "EPSG:26191"}}, "coordinates": [[405780.214000002, 424954.770199999], [405902.380500004, 424942.499000002], [406018.558300003, 424920.564199999], [406096.896399997, 424895.0416], [406137.885600001, 424864.4395], [406174.229699999, 424816.558600001], [406217.935800001, 424759.1897], [406254.0968, 424692.489500001], [406279.832400002, 424628.375700001], [406326.038800001, 424520.973299999], [406334.016000003, 424471.873], [406326.190200001, 424434.816599999], [406309.724699996, 424379.034200002], [406259.674500003, 424296.340399999], [406191.777199998, 424220.7423], [406161.731700003, 424149.743000001], [406157.039800003, 424076.998500001], [406150.955600001, 424014.1719], [406138.550700001, 423966.757199999], [406105.651900001, 423908.6516], [406079.967799999, 423876.716899998], [406044.386699997, 423849.8369], [406024.394500002, 423840.627599999], [405946.185000002, 423829.5046], [405876.246799998, 423850.986200001], [405769.821599998, 423905.012899999], [405712.1109, 423954.602299999], [405672.063199997, 423980.250300001], [405592.420299999, 424026.096700002], [405513.384800002, 424031.8215], [405461.143799998, 424030.850000002], [405300.795999996, 424014.608399998], [405170.380099997, 424005.9925], [405113.662600003, 424005.067200001], [405006.791632574, 423973.583809596]]}, "properties": {"edge_id": 125, "source_node": 172, "target_node": 173, "length_m": 2627.7527929398025, "z_start": 8.0, "z_end": 9.0, "dz": -1.0, "slope": -0.00038055330116546025, "direction_status": "FLAT_SEGMENT", "confidence": "LOW", "qa_comment": "Difference altimetrique <= 1 m; segment plat ou incertain a revoir.", "review_status": "TO_REVIEW", "direction_runtime": "SOURCE_TO_TARGET", "direction_mnt": "UNDETERMINED", "mnt_source": "C:\\dev\\WQDSS\\data\\MNT SEBOU 30N 30M\\seboureproj", "review_decision": "", "reviewer": "", "review_comment": "", "needs_business_validation": true}}, {"type": "Feature", "geometry": {"type": "LineString", "crs": {"type": "name", "properties": {"name": "EPSG:26191"}}, "coordinates": [[424218.8785, 429267.190400001], [423395.2236, 429090.377799999], [423324.482699998, 429077.9001], [423310.3006, 429095.504299998], [423300.0418, 429109.716400001], [423295.3486, 429137.459600002], [423299.842699997, 429153.727600001], [423309.880999997, 429179.733600002], [423315.481200002, 429197.612], [423315.0392, 429210.1153], [423309.729699999, 429229.7225], [423293.420100004, 429237.4615], [423276.511500001, 429239.227200002], [423264.0013, 429245.305399999], [423246.142999999, 429265.002], [423231.573200002, 429285.770300001], [423227.322700001, 429299.934500001], [423205.035800002, 429311.514699999], [423191.388999999, 429312.167399999], [423173.400399998, 429315.5724], [423162.0581, 429329.793400001], [423153.031900004, 429362.462499998], [423137.946500003, 429386.495999999], [423123.766599998, 429388.2401], [423099.752800003, 429389.5196], [423081.156999998, 429384.777600002], [423068.604000002, 429384.334800001], [423046.8028, 429388.857500002], [423022.329999998, 429400.4668], [423006.663199998, 429420.6897], [422994.253799997, 429439.267200001], [422983.4626, 429454.570999999], [422960.104999997, 429468.877599999], [422937.796599999, 429475.423300002], [422909.597800002, 429487.473099999], [422889.338299997, 429488.334800001], [422874.609099999, 429481.155299999], [422857.790899999, 429474.680300001], [422844.854500003, 429473.397999998], [422820.417300001, 429475.679900002], [422818.401199996, 429485.434099998], [422812.564000003, 429498.690699998], [422811.285300002, 429513.307999998], [422805.169799998, 429534.219700001], [422798.578500003, 429540.528099999], [422786.477600001, 429556.275199998], [422728.458899997, 429595.694800001], [422700.7883, 429631.032400001], [422692.899899997, 429648.487], [422684.923699997, 429656.2042], [422670.647299998, 429661.875999998], [422644.783399999, 429660.343400002], [422622.038800001, 429656.012800001], [422600.062399998, 429660.3605], [422587.551100001, 429668.4582], [422579.645999998, 429683.8279], [422579.0405, 429695.300999999], [422575.689499997, 429713.761599999], [422572.369999997, 429734.9947], [422543.302199997, 429768.968800001], [422490.428900003, 429796.857799999], [422445.5198, 429816.697099999], [422434.824600004, 429833.475900002], [422429.703900002, 429847.769400001], [422419.3803, 429867.329100002], [422392.3627, 429895.7082], [422355.5088, 429917.567899998], [422312.239200003, 429967.296300001], [422278.193099998, 429989.8323], [422220.301600002, 430002.468800001], [422182.595200002, 430005.2038], [422155.724600002, 430008.560699999], [422144.596199997, 430014.9065], [422139.436499998, 430024.331599999], [422123.522299998, 430044.2808], [422109.768299997, 430071.1666], [422081.307999998, 430093.657900002], [422069.135399997, 430100.3561], [422055.893200003, 430104.290199999], [422038.093400002, 430105.8325], [422026.630400002, 430113.922400001], [422010.997699998, 430125.517900001], [422008.008900002, 430144.319600001], [421998.787500002, 430170.4811], [421988.896799996, 430199.065900002], [421972.143700004, 430201.642299999], [421951.582800001, 430207.022500001], [421934.534400001, 430216.2007], [421930.476000004, 430232.227200002], [421926.077, 430249.2991], [421916.038800001, 430260.860300001], [421905.245800003, 430265.462299999], [421889.875500001, 430265.243700001], [421854.6646, 430274.226199999], [421811.2126, 430299.9571], [421781.214900002, 430306.113499999], [421750.914399996, 430316.797600001], [421731.471299998, 430331.907200001], [421719.716499999, 430346.9542], [421704.7095, 430348.463100001], [421690.701499999, 430344.0634], [421680.513099998, 430337.192499999], [421665.017899998, 430321.669399999], [421636.8794, 430297.9091], [421612.994800001, 430282.1109], [421595.793300003, 430272.513500001], [421560.750200003, 430258.193100002], [421516.985200003, 430246.728100002], [421483.406499997, 430240.747699998], [421456.186999999, 430245.140900001], [421431.8354, 430256.476], [421415.574000001, 430276.418200001], [421405.195900001, 430289.0253], [421406.382700004, 430306.051600002], [421400.493299998, 430354.091499999], [421388.830300003, 430380.262499999], [421373.537199996, 430389.427299999], [421358.172700003, 430389.8972], [421341.717699997, 430386.205699999], [421321.106200002, 430385.3323], [421309.240900002, 430386.827199999], [421256.245999999, 430399.0856], [421214.789800003, 430413.678399999], [421207.582699999, 430428.6886], [421204.904100001, 430443.661600001], [421200.849799998, 430460.032200001], [421190.827, 430473.335299998], [421172.787500002, 430488.079700001], [421160.201399997, 430486.796799999], [421147.612300001, 430485.159000002], [421132.559900001, 430481.112599999], [421122.079400003, 430481.198800001], [421110.577500001, 430484.4212], [421093.874399997, 430491.867800001], [421073.700199999, 430502.803399999], [421049.9899, 430508.222600002], [421037.051799998, 430506.587900002], [421023.695900001, 430496.616], [421011.7676, 430490.447700001], [420977.424900003, 430477.521200001], [420958.924900003, 430478.7163], [420947.823799998, 430488.202100001], [420927.761600003, 430512.7016], [420906.038199998, 430546.2654], [420892.634400003, 430572.795299999], [420871.190700002, 430599.047699999], [420844.984200001, 430640.301600002], [420836.403999999, 430659.138799999], [420832.0704, 430683.863699999], [420840.070799999, 430722.738899998], [420850.012100004, 430784.202], [420866.664099999, 430812.923900001], [420876.318099998, 430839.6184], [420891.938199997, 430912.5031], [420895.495999999, 430961.840799998], [420899.436700001, 431016.399300002], [420888.413599998, 431035.256700002], [420873.846000001, 431047.555100001], [420855.818999998, 431064.7401], [420846.850699998, 431077.68], [420849.8094, 431097.819400001], [420849.941399999, 431113.811900001], [420841.982199997, 431123.2608], [420826.653499998, 431127.912599999], [420811.2214, 431120.043299999], [420797.216799997, 431115.977699999], [420786.053300001, 431117.8112], [420776.649400003, 431121.371599998], [420762.794200003, 431135.383499999], [420755.2245, 431149.709399998], [420755.126500003, 431153.097600002]]}, "properties": {"edge_id": 136, "source_node": 164, "target_node": 184, "length_m": 4999.999911384823, "z_start": 8.0, "z_end": 9.0, "dz": -1.0, "slope": -0.00020000000354460716, "direction_status": "FLAT_SEGMENT", "confidence": "LOW", "qa_comment": "Difference altimetrique <= 1 m; segment plat ou incertain a revoir.", "review_status": "TO_REVIEW", "direction_runtime": "SOURCE_TO_TARGET", "direction_mnt": "UNDETERMINED", "mnt_source": "C:\\dev\\WQDSS\\data\\MNT SEBOU 30N 30M\\seboureproj", "review_decision": "", "reviewer": "", "review_comment": "", "needs_business_validation": true}}, {"type": "Feature", "geometry": {"type": "LineString", "crs": {"type": "name", "properties": {"name": "EPSG:26191"}}, "coordinates": [[407005.132100001, 415115.5284], [406729.517899998, 415207.338399999], [406481.880099997, 415284.242699999], [406446.2817, 415304.020199999], [406341.632700004, 415472.9188], [406228.949900001, 415651.612599999], [406203.663500004, 415672.909499999], [406172.809600003, 415678.068700001], [405702.728799999, 415688.0755], [405279.792099997, 415694.4016], [405014.1017, 415698.102299999], [404968.108199999, 415708.2729], [404615.449199997, 415910.4034], [404544.830600001, 415953.216499999], [404533.098700002, 415965.998599999], [404521.266099997, 415970.508200001], [404473.410300002, 416027.269299999], [404193.503600001, 416344.201400001], [404154.454099998, 416398.026000001], [404140.185199998, 416434.8675], [404088.995499998, 416630.7632], [403986.002499998, 417013.9113], [403943.064800002, 417166.006200001], [403933.467500001, 417182.283599999], [403727.354800001, 417229.144000001], [403303.256099999, 417328.942200001], [403263.156300001, 417331.497900002], [403184.946099997, 417317.713199999], [403121.834200002, 417305.868000001], [402696.566100001, 417226.051199999], [402206.542900004, 417133.8873], [401738.243699998, 417045.8402], [401247.105099998, 416952.649700001], [400981.991800003, 416904.6406], [400944.4428, 416891.541700002], [400875.489200003, 416829.646299999], [400601.2346, 416579.879900001], [400299.234899998, 416309.525800001]]}, "properties": {"edge_id": 138, "source_node": 186, "target_node": 187, "length_m": 8085.843129044345, "z_start": 7.0, "z_end": 7.0, "dz": 0.0, "slope": 0.0, "direction_status": "FLAT_SEGMENT", "confidence": "LOW", "qa_comment": "Difference altimetrique <= 1 m; segment plat ou incertain a revoir.", "review_status": "TO_REVIEW", "direction_runtime": "SOURCE_TO_TARGET", "direction_mnt": "UNDETERMINED", "mnt_source": "C:\\dev\\WQDSS\\data\\MNT SEBOU 30N 30M\\seboureproj", "review_decision": "", "reviewer": "", "review_comment": "", "needs_business_validation": true}}, {"type": "Feature", "geometry": {"type": "LineString", "crs": {"type": "name", "properties": {"name": "EPSG:26191"}}, "coordinates": [[417945.681699999, 432711.6644], [417945.790200002, 432708.053199999], [417964.788900003, 432677.677700002], [417998.289700002, 432635.565499999], [418023.608400002, 432593.512400001], [418020.932899997, 432553.440000001], [418002.134599999, 432539.659000002], [417975.825400002, 432534.660100002], [417932.132600002, 432544.905499998], [417899.453900002, 432545.7621], [417871.998999998, 432544.256000001], [417831.007600002, 432528.924199998], [417796.983199999, 432508.874499999], [417765.106799997, 432467.322500002], [417739.729900002, 432436.162799999], [417720.9102, 432418.888799999], [417689.268399999, 432405.795400001], [417654.231700003, 432403.778299998], [417628.046700001, 432413.297899999], [417615.343800001, 432430.254799999], [417576.312299997, 432507.287099998], [417562.672300003, 432549.817699999], [417564.258500002, 432598.6171], [417567.5735, 432644.4846], [417564.938100003, 432677.6261], [417552.474799998, 432721.311299998], [417526.385700002, 432741.8662], [417504.239100002, 432746.704100002], [417467.369599998, 432735.4089], [417435.084899999, 432714.7687], [417419.688900001, 432688.759], [417401.870999999, 432653.464600001], [417396.222599998, 432607.617199998], [417394.924500003, 432592.3334], [417392.971699998, 432569.291299999], [417403.614500001, 432516.903900001], [417410.1417, 432462.233800001], [417403.994800001, 432425.6853], [417383.923799999, 432399.7049], [417366.863300003, 432384.168900002], [417328.463699996, 432399.0297], [417274.590999998, 432447.131900001], [417232.456299998, 432502.697299998], [417181.469999999, 432546.7157], [417120.521700002, 432586.75], [417068.7324, 432605.7982], [417027.951099999, 432614.857900001], [417012.755999997, 432613.248100001], [416980.625, 432609.455899999], [416928.0973, 432611.0757], [416830.239500001, 432635.1719], [416768.558200002, 432657.202399999], [416729.592100002, 432673.224100001], [416701.806199998, 432700.195799999], [416692.1316, 432729.328200001], [416684.226300001, 432760.1976], [416682.302900001, 432807.274999998], [416674.889399998, 432827.093199998], [416657.523699999, 432844.092], [416641.846299998, 432853.522999998], [416626.037600003, 432847.8486], [416583.316799998, 432835.443100002], [416562.219800003, 432825.7443], [416540.037500002, 432825.3607], [416518.459100001, 432827.877900001], [416481.816399999, 432842.7157], [416451.1369, 432872.6193], [416439.748800002, 432905.249600001], [416425.405199997, 432933.846299998], [416410.433499999, 432957.801100001], [416381.270199999, 432960.3737], [416370.0299, 432956.2348], [416355.493199997, 432948.9859], [416317.8627, 432917.936900001], [416309.812100001, 432906.771699998], [416294.926299997, 432899.525899999], [416280.540799998, 432894.893300001], [416274.797200002, 432894.466600001], [416247.811899997, 432898.273800001], [416242.633199997, 432907.835499998], [416243.469999999, 432921.625799999], [416247.322700001, 432951.583299998], [416261.021300003, 432986.922699999], [416275.0022, 433027.2509], [416283.640199997, 433058.353300002], [416282.521600001, 433094.299199998], [416274.332699999, 433114.601399999], [416261.780900002, 433128.5088], [416234.3583, 433136.845199998], [416209.694600001, 433133.012400001], [416179.053599998, 433128.2782], [416134.6646, 433109.866599999], [416037.220399998, 433067.175000001], [416014.653999999, 433056.4256], [415982.560599998, 433050.517900001], [415933.729599997, 433044.0473], [415908.190800004, 433048.319699999], [415883.988899998, 433069.9496], [415869.380800001, 433094.345800001], [415849.850100003, 433130.2205], [415835.673699997, 433149.377799999], [415820.234499998, 433160.693599999], [415803.090899996, 433168.230999999], [415792.582000002, 433169.987100001], [415782.044699997, 433167.462099999], [415768.090899996, 433157.591400001], [415753.837499998, 433140.8134], [415735.112099998, 433105.2859], [415715.758400001, 433052.627799999], [415707.336400002, 433019.1393], [415689.604199998, 432959.801100001], [415669.3829, 432890.0145], [415648.407300003, 432843.082899999], [415602.486699998, 432786.5995], [415577.928599998, 432767.783], [415546.710199997, 432751.875700001], [415518.241800003, 432749.986000001], [415477.871399999, 432754.390299998], [415441.093800001, 432758.995999999], [415425.637699999, 432768.415899999], [415420.713200003, 432779.639400002], [415422.045599997, 432795.333099999], [415441.552000001, 432837.995900001], [415454.286200002, 432871.923], [415458.511500001, 432917.815200001], [415466.220299996, 432951.542599998], [415486.769400001, 433004.1897], [415491.133299999, 433037.7027], [415488.303599998, 433069.8594], [415490.197300002, 433095.064599998], [415500.597499996, 433108.060699999], [415514.269000001, 433112.942400001], [415533.637599997, 433113.0046], [415550.8442, 433112.620000001], [415568.272799998, 433110.325800002], [415587.425800003, 433113.007599998], [415603.275300004, 433121.1976], [415613.007299997, 433139.6789], [415625.9142, 433166.2179], [415620.667199999, 433195.057399999], [415607.488200001, 433218.964499999], [415584.492600001, 433240.828499999], [415563.180799998, 433264.0975], [415524.976400003, 433297.275899999], [415511.3226, 433302.948899999], [415498.057499997, 433308.4604], [415479.326499999, 433298.388300002], [415453.644900002, 433287.434700001], [415410.806699999, 433255.447999999], [415382.663900003, 433236.1866], [415362.624499999, 433214.225099999], [415355.883199997, 433181.920000002], [415351.463, 433141.0317], [415341.494999997, 433095.9001], [415325.777900003, 433048.6787], [415310.4657, 433020.264800001], [415271.219700001, 432989.666700002], [415238.736199997, 432965.685899999], [415161.739100002, 432937.574000001], [415104.657700002, 432917.3719], [415064.402599998, 432907.735199999], [415029.7302, 432907.321600001], [414992.796899997, 432921.2139], [414944.8138, 432956.6219], [414916.0924, 432979.9692], [414878.491899997, 432999.335900001], [414838.750399999, 433020.6296], [414819.187299997, 433025.572700001], [414804.843500003, 433025.700300001], [414785.874499999, 433015.864500001], [414768.7302, 432997.460999999], [414741.233800001, 432970.576000001], [414702.903499998, 432934.737], [414684.856799997, 432922.286699999], [414652.468999997, 432909.254299998], [414625.131099999, 432900.214299999], [414579.594999999, 432887.532200001], [414551.2764, 432875.639600001], [414531.097599998, 432865.116300002], [414505.211000003, 432858.204399999], [414471.698399998, 432853.9892], [414465.033600002, 432857.3761], [414448.246799998, 432851.337000001], [414426.6351, 432840.8156], [414388.255000003, 432827.3607], [414350.069600001, 432807.948100001], [414308.082199998, 432791.6642], [414257.136500001, 432762.616799999], [414230.143100001, 432738.812199999], [414204.992399998, 432706.4397], [414159.413800001, 432663.535999998], [414107.950900003, 432630.2016], [414065.687299997, 432609.8728], [414033.269100003, 432594.691100001], [414015.072400004, 432591.282900002], [413994.485299997, 432588.6171], [413955.559799999, 432567.782000002], [413914.464500003, 432543.6391], [413870.222999997, 432516.9071], [413820.882200003, 432479.750799999], [413798.008299999, 432462.820300002], [413778.639899999, 432435.388099998], [413760.3983, 432401.512800001], [413739.8684, 432352.196699999], [413729.195699997, 432308.260000002], [413715.044500001, 432250.324099999], [413711.891400002, 432219.4076], [413711.726499997, 432201.086100001], [413705.860799998, 432186.143399999], [413693.601400003, 432152.691300001], [413675.053800002, 432111.454300001], [413664.986699998, 432081.786800001], [413651.716200002, 432042.166000001], [413640.533, 431994.662599999], [413616.008900002, 431927.2929], [413594.2597, 431875.3596], [413575.5845, 431845.537], [413566.1677, 431836.105500001], [413546.247900002, 431828.188499998], [413535.047899999, 431831.8609], [413515.753899999, 431840.364599999], [413478.812200002, 431853.552900001], [413439.523100004, 431872.241700001], [413399.634400003, 431902.8259], [413369.056400001, 431933.0933], [413348.773100004, 431964.210499998], [413340.892800003, 431991.655200001], [413345.922899999, 432018.7392], [413352.336199999, 432040.342599999], [413353.781800002, 432068.18], [413349.891999997, 432114.388500001], [413343.336900003, 432156.3288], [413340.456699997, 432207.5304], [413350.668799996, 432253.134599999], [413356.354900002, 432273.546700001], [413373.128399998, 432304.340100002], [413391.451099999, 432320.589699998], [413421.969099998, 432337.694200002], [413471.003300004, 432339.624899998], [413497.604000002, 432346.050700001], [413539.446099997, 432372.3257], [413558.090400003, 432398.821199998], [413576.760300003, 432453.6217], [413581.873199999, 432489.988600001], [413576.531099997, 432507.649900001], [413564.079000004, 432532.2742], [413548.3015, 432558.836199999], [413528.533, 432593.996800002], [413512.960100003, 432616.752599999], [413476.840800002, 432641.3466], [413452.318700001, 432653.469099998], [413425.114299998, 432659.426899999], [413390.658200003, 432656.6437], [413357.241599999, 432662.1809], [413314.998300001, 432670.659699999], [413300.974600002, 432679.826000001], [413291.509000003, 432691.3358], [413292.569499999, 432702.983199999], [413296.747500002, 432715.090500001], [413307.369999997, 432726.895500001], [413338.0766, 432737.565000001], [413369.169699997, 432739.180500001], [413390.2601, 432744.702], [413404.913999997, 432752.4223], [413414.775399998, 432758.2892], [413435.370399997, 432762.861400001], [413470.8829, 432749.452799998], [413503.7509, 432736.068300001], [413527.384300001, 432731.329700001], [413552.286200002, 432735.863299999], [413577.952100001, 432744.671300001], [413593.595299996, 432756.198399998], [413591.420100004, 432779.776099998], [413595.273999996, 432809.965399999], [413615.909500003, 432844.5288], [413636.826300003, 432883.836800002], [413647.410999998, 432918.013799999], [413646.859800003, 432936.3418], [413643.592200004, 432944.7009], [413633.857699998, 432952.885299999], [413622.166500002, 432954.8873], [413604.210699998, 432952.6756], [413580.756999999, 432949.792599998], [413552.327399999, 432952.1897], [413495.8125, 432942.2293], [413465.111000001, 432932.036200002], [413421.475000002, 432918.388599999], [413373.136200003, 432913.823199999], [413341.327399999, 432912.214200001], [413326.589900002, 432921.631000001], [413321.992200002, 432926.289799999]]}, "properties": {"edge_id": 143, "source_node": 194, "target_node": 188, "length_m": 9999.99993079271, "z_start": 9.0, "z_end": 8.0, "dz": 1.0, "slope": 0.00010000000069207291, "direction_status": "FLAT_SEGMENT", "confidence": "LOW", "qa_comment": "Difference altimetrique <= 1 m; segment plat ou incertain a revoir.", "review_status": "TO_REVIEW", "direction_runtime": "SOURCE_TO_TARGET", "direction_mnt": "UNDETERMINED", "mnt_source": "C:\\dev\\WQDSS\\data\\MNT SEBOU 30N 30M\\seboureproj", "review_decision": "", "reviewer": "", "review_comment": "", "needs_business_validation": true}}, {"type": "Feature", "geometry": {"type": "LineString", "crs": {"type": "name", "properties": {"name": "EPSG:26191"}}, "coordinates": [[420755.126500003, 431153.097600002], [420754.953100003, 431159.094799999], [420752.945200004, 431169.548300002], [420745.027000003, 431182.823399998], [420734.584600002, 431187.423900001], [420721.993500002, 431185.442899998], [420713.587800004, 431183.0834], [420701.908500001, 431164.746399999], [420692.761600003, 431157.180199999], [420680.107199997, 431147.546799999], [420669.599100001, 431143.1085], [420649.9868, 431137.370299999], [420612.873800002, 431126.896899998], [420599.570200004, 431123.1807], [420577.912500002, 431123.360100001], [420568.180299997, 431128.309799999], [420563.408699997, 431143.300299998], [420568.756899998, 431155.766899999], [420572.019100003, 431170.347100001], [420572.800700001, 431180.422600001], [420573.224600002, 431189.4584], [420569.166000001, 431205.141800001], [420532.353, 431230.8237], [420497.230499998, 431249.892499998], [420474.168399997, 431249.041200001], [420448.285300002, 431244.730799999], [420419.990800001, 431244.266899999], [420409.191100001, 431247.839200001], [420376.405100003, 431254.0231], [420352.131800003, 431275.431299999], [420346.005599998, 431294.2597], [420344.707699999, 431306.082699999], [420343.929399997, 431338.431299999], [420350.754199997, 431361.666200001], [420331.742899999, 431385.115899999], [420303.503300004, 431392.3048], [420276.700800002, 431403.308400001], [420261.473899998, 431420.1164], [420239.2896, 431440.819800001], [420221.527199998, 431446.524300002], [420210.346900001, 431446.273600001], [420198.407700002, 431438.719999999], [420194.161700003, 431431.801100001], [420181.853299998, 431421.821699999], [420175.201300003, 431420.490600001], [420168.2183, 431420.204999998], [420158.4947, 431427.240200002], [420157.168200001, 431435.591899998], [420155.512900002, 431446.386399999], [420154.223999999, 431459.251899999], [420159.938500002, 431474.8541], [420164.588399999, 431488.368900001], [420165.733900003, 431500.182599999], [420147.075400002, 431523.9846], [420127.262199998, 431535.973000001], [420123.178400002, 431548.517999999], [420126.766900003, 431560.3114], [420137.635799997, 431565.089899998], [420168.290200002, 431596.466899998], [420172.277000003, 431614.1686], [420171.712200001, 431630.166900001], [420159.315499999, 431651.4767], [420148.577, 431662.3358], [420136.748199999, 431668.0022], [420123.8376, 431669.496199999], [420102.108800001, 431660.992800001], [420073.714000002, 431648.363699999], [420059.340599999, 431641.873100001], [420047.805699997, 431640.926800001], [420020.643600002, 431650.547699999], [420017.220299996, 431658.573100001], [420011.553599998, 431691.6391], [420008.197099999, 431707.660799999], [419999.5616, 431719.5561], [419985.260899998, 431721.760699999], [419973.356799997, 431718.388500001], [419961.414800003, 431710.4914], [419952.968599997, 431703.252799999], [419939.959399998, 431692.935600001], [419925.5744, 431685.059], [419913.3125, 431680.647300001], [419889.189800002, 431678.065000001], [419865.797600001, 431678.260499999], [419833.330499999, 431680.617199998], [419777.1862, 431690.825100001], [419737.479800001, 431705.054900002], [419712.685500003, 431705.6175], [419669.690200001, 431701.108600002], [419645.203900002, 431696.788699999], [419614.4736, 431697.046300001], [419585.182599999, 431703.558600001], [419541.641000003, 431717.1338], [419512.446800001, 431734.060199998], [419478.5942, 431779.197700001], [419461.688299999, 431804.716600001], [419438.611900002, 431842.454599999], [419425.2786, 431873.389400002], [419419.622900002, 431892.203400001], [419422.280699998, 431913.376499999], [419442.200099997, 431922.958299998], [419495.681400001, 431938.1699], [419513.776900001, 431956.972899999], [419520.0326, 431995.374000002], [419511.433300003, 432039.911200002], [419515.660400003, 432071.896299999], [419538.5704, 432109.558600001], [419539.776699998, 432136.1787], [419566.675999999, 432197.243500002], [419557.296499997, 432244.0277], [419536.017999999, 432270.470600002], [419506.8662, 432291.145599999], [419477.600100003, 432298.201499999], [419435.600299999, 432301.471500002], [419410.221900001, 432305.5779], [419382.588500001, 432321.1052]]}, "properties": {"edge_id": 144, "source_node": 184, "target_node": 195, "length_m": 2689.123252253503, "z_start": 9.0, "z_end": 8.0, "dz": 1.0, "slope": 0.0003718684144216869, "direction_status": "FLAT_SEGMENT", "confidence": "LOW", "qa_comment": "Difference altimetrique <= 1 m; segment plat ou incertain a revoir.", "review_status": "TO_REVIEW", "direction_runtime": "SOURCE_TO_TARGET", "direction_mnt": "UNDETERMINED", "mnt_source": "C:\\dev\\WQDSS\\data\\MNT SEBOU 30N 30M\\seboureproj", "review_decision": "", "reviewer": "", "review_comment": "", "needs_business_validation": true}}, {"type": "Feature", "geometry": {"type": "LineString", "crs": {"type": "name", "properties": {"name": "EPSG:26191"}}, "coordinates": [[419382.588500001, 432321.1052], [419360.6215, 432348.596900001], [419358.684799999, 432395.673700001], [419359.036799997, 432437.507199999], [419357.629799999, 432478.767700002], [419338.660599999, 432513.2106], [419325.939599998, 432527.259500001], [419304.933399998, 432529.177700002], [419285.636699997, 432524.692899998], [419269.809500001, 432516.6963], [419257.451700002, 432505.1767], [419243.319700003, 432490.189300001], [419223.009000003, 432435.159000002], [419204.438199997, 432379.5372], [419162.570699997, 432328.759300001], [419118.459100001, 432289.6241], [419085.078900002, 432277.117600001], [419061.852499999, 432292.431200001], [419048.171300001, 432330.889400002], [419035.789099999, 432385.031], [419002.934500001, 432434.6983], [418943.045999996, 432463.088199999], [418891.727200002, 432468.7575], [418824.012599997, 432468.754099999], [418797.733099997, 432467.224300001], [418751.514600001, 432454.838799998], [418729.287900001, 432450.379900001], [418711.226000004, 432454.015799999], [418671.638499998, 432466.552099999], [418629.2443, 432492.477499999], [418603.043799996, 432500.253199998], [418583.795999996, 432501.581300002], [418550.529299997, 432502.440699998], [418504.285999998, 432487.150699999], [418453.432300001, 432479.453299999], [418423.714000002, 432486.094799999], [418371.323200002, 432502.811900001], [418315.518700004, 432530.5942], [418281.373199999, 432565.168699998], [418269.919100001, 432590.820799999], [418274.7817, 432612.862199999], [418291.835299998, 432627.823199999], [418304.283299997, 432649.800000001], [418304.560599998, 432682.328499999], [418279.177199997, 432717.992899999], [418253.002400003, 432728.675299998], [418225.557300001, 432727.168099999], [418196.278800003, 432716.370999999], [418170.504000001, 432706.131900001], [418139.431699999, 432690.7141], [418117.199600004, 432684.5154], [418096.785999998, 432685.854400001], [418068.897, 432701.199200001], [418060.334799998, 432724.5088], [418058.833499998, 432752.9932], [418068.431000002, 432783.124000002], [418069.8407, 432811.5834], [418059.648100004, 432848.272100002], [418042.210500002, 432857.138999999], [418026.452299997, 432857.273800001], [418009.428400002, 432845.795600001], [417988.802100003, 432823.3125], [417958.667400002, 432781.157000002], [417944.882600002, 432738.273899998], [417945.681699999, 432711.6644]]}, "properties": {"edge_id": 145, "source_node": 195, "target_node": 194, "length_m": 2310.8767971337047, "z_start": 8.0, "z_end": 9.0, "dz": -1.0, "slope": -0.0004327361810202732, "direction_status": "FLAT_SEGMENT", "confidence": "LOW", "qa_comment": "Difference altimetrique <= 1 m; segment plat ou incertain a revoir.", "review_status": "TO_REVIEW", "direction_runtime": "SOURCE_TO_TARGET", "direction_mnt": "UNDETERMINED", "mnt_source": "C:\\dev\\WQDSS\\data\\MNT SEBOU 30N 30M\\seboureproj", "review_decision": "", "reviewer": "", "review_comment": "", "needs_business_validation": true}}, {"type": "Feature", "geometry": {"type": "LineString", "crs": {"type": "name", "properties": {"name": "EPSG:26191"}}, "coordinates": [[472312.677599996, 312428.869899999], [472133.708999999, 312408.835099999], [472074.232600004, 312427.298999999], [472002.001699999, 312524.116], [471963.050300002, 312681.780499998], [471906.415100001, 312935.8061], [471863.712899998, 312991.662300002], [471830.905299999, 313118.344700001], [471725.996200003, 313172.3092], [471645.898699999, 313202.122099999], [471570.509400003, 313188.584199998], [471557.857199997, 313116.3807], [471574.922300003, 313041.3517], [471521.104199998, 312841.307100002], [471519.979999997, 312692.7051], [471592.0198, 312573.977899998], [471649.166299999, 312430.194499999], [471635.8156, 312354.556299999], [471602.464000002, 312298.234000001], [471539.486199997, 312273.650899999], [471508.846100002, 312197.3651], [471434.028800003, 312143.914700002], [471333.660099998, 312100.873100001], [471272.473999999, 312110.477699999], [471262.361500002, 312112.070799999], [471270.710000001, 312193.0671], [471194.607600004, 312283.559999999], [471185.4692, 312418.977000002], [471087.798, 312478.647500001], [470851.9723, 312201.167399999], [470714.286300004, 312078.342999998], [470525.7434, 312078.913800001], [470409.272200003, 312233.660599999], [470209.006200001, 312300.7821], [469982.351099998, 312394.186900001], [469701.255599998, 312489.9954], [469473.015199997, 312541.0568], [469377.068400003, 312562.5218], [469217.800300002, 312807.419599999], [469079.795299999, 312938.4813], [469029.729800001, 313146.7927], [469028.511799999, 313318.650800001], [468895.044399999, 313371.3292], [468734.619800001, 313203.2278], [468617.023000002, 312996.9745], [468397.370700002, 312852.784899998], [468316.042099997, 312907.696199998], [468359.688299999, 313118.9318], [468429.193400003, 313211.334399998], [468579.743799999, 313277.3435], [468687.453900002, 313376.752999999], [468623.4441, 313507.582800001], [468513.817100003, 313550.688099999], [468427.059299998, 313501.279599998], [468336.378799997, 313290.019499999], [468298.062899999, 313247.394499999], [468174.100400001, 313285.794300001], [468150.646399997, 313411.7491], [468167.922899999, 313585.0656], [468137.271899998, 313699.1593], [468061.512500003, 313703.4661], [467981.750200003, 313573.804400001], [467928.260200001, 313272.3574], [467854.059600003, 313203.721500002], [467717.899300002, 313163.796], [467515.9146, 313209.0273], [467470.160800002, 313295.257399999], [467506.330499999, 313406.756700002], [467522.480499998, 313411.773499999], [467642.487000003, 313449.051899999], [467752.379699998, 313486.691100001], [467788.387800001, 313550.685699999], [467724.329499997, 313660.146499999], [467526.332500003, 313679.809700001], [467394.343500003, 313831.031100001], [467685.084899999, 314059.2531], [467871.618299998, 314182.1281], [468016.189099997, 314431.455400001], [467808.168499999, 314476.811700001], [467458.701499999, 314649.4331], [467388.321599998, 314506.706599999], [467423.523100004, 314330.853399999], [467353.952399999, 314219.477600001], [467296.700300001, 314224.415600002], [467259.208999999, 314426.3972], [467219.009099998, 314533.397500001], [466936.119000003, 314701.1899], [466734.312200002, 314763.532900002], [466401.746699996, 314866.277399998], [466137.472199999, 315028.662900001], [466111.5484, 315159.931200001], [466109.968800001, 315351.703499999], [465986.058399998, 315394.876400001], [465818.612000003, 315434.9668]]}, "properties": {"edge_id": 162, "source_node": 208, "target_node": 206, "length_m": 15000.000056625555, "z_start": 704.0, "z_end": 704.0, "dz": 0.0, "slope": 0.0, "direction_status": "FLAT_SEGMENT", "confidence": "LOW", "qa_comment": "Difference altimetrique <= 1 m; segment plat ou incertain a revoir.", "review_status": "TO_REVIEW", "direction_runtime": "SOURCE_TO_TARGET", "direction_mnt": "UNDETERMINED", "mnt_source": "C:\\dev\\WQDSS\\data\\MNT SEBOU 30N 30M\\seboureproj", "review_decision": "", "reviewer": "", "review_comment": "", "needs_business_validation": true}}, {"type": "Feature", "geometry": {"type": "LineString", "crs": {"type": "name", "properties": {"name": "EPSG:26191"}}, "coordinates": [[573918.468744168, 389827.989147875], [573730.610544169, 389735.484247878], [572386.118344167, 389253.786647874], [572089.677644172, 389188.505547877], [571883.937244171, 389171.208447877], [571765.119744168, 389178.195647876], [571586.50364417, 389239.921947877], [571317.312544169, 389423.144647877], [571181.698544169, 389560.064147878], [570985.811444172, 389818.694647878], [570258.854644166, 390703.881447877], [570019.817744167, 390914.908247876], [569761.170544172, 391102.155547875], [568174.349544169, 392158.467447876], [568051.44864417, 392189.114847875], [567988.122444169, 392188.667147874], [567837.927644172, 392160.026847876], [566116.019444169, 391624.070147875], [565859.085544171, 391575.032447878], [565677.053144166, 391569.840447876], [565427.52874417, 391595.721147876], [565205.513644168, 391649.374847877], [562714.196144173, 392314.373047876], [562436.707344169, 392383.476747877], [562222.164844172, 392512.092947877], [562082.759144166, 392649.072147875], [561990.779844166, 392798.169547878], [561718.543644169, 393284.882247876], [561313.579644168, 394139.904947876], [561057.164244169, 394495.612247876], [559860.529844166, 395643.276847876]]}, "properties": {"edge_id": 189, "source_node": 235, "target_node": 236, "length_m": 17143.01288576028, "z_start": 202.0, "z_end": 202.0, "dz": 0.0, "slope": 0.0, "direction_status": "FLAT_SEGMENT", "confidence": "LOW", "qa_comment": "Difference altimetrique <= 1 m; segment plat ou incertain a revoir.", "review_status": "TO_REVIEW", "direction_runtime": "SOURCE_TO_TARGET", "direction_mnt": "UNDETERMINED", "mnt_source": "C:\\dev\\WQDSS\\data\\MNT SEBOU 30N 30M\\seboureproj", "review_decision": "", "reviewer": "", "review_comment": "", "needs_business_validation": true}}, {"type": "Feature", "geometry": {"type": "LineString", "crs": {"type": "name", "properties": {"name": "EPSG:26191"}}, "coordinates": [[451033.050099999, 358594.512899999], [450917.148999996, 358589.468600001], [450789.184600003, 358708.849399999], [450742.501599997, 358773.419599999], [450658.589400001, 358872.397500001], [450629.627400003, 358976.306499999], [450614.542900004, 359113.785399999], [450624.850000002, 359225.643399999], [450606.9899, 359296.1875], [450581.342799999, 359347.700300001], [450556.631899998, 359408.500100002], [450586.9934, 359500.740699999], [450636.9208, 359512.393800002], [450717.505599998, 359578.5321], [450816.075300001, 359638.647500001], [450972.953900002, 359686.8585], [451006.177000001, 359695.767000001]]}, "properties": {"edge_id": 228, "source_node": 284, "target_node": 285, "length_m": 1621.503899910415, "z_start": 148.0, "z_end": 147.0, "dz": 1.0, "slope": 0.0006167114368674958, "direction_status": "FLAT_SEGMENT", "confidence": "LOW", "qa_comment": "Difference altimetrique <= 1 m; segment plat ou incertain a revoir.", "review_status": "TO_REVIEW", "direction_runtime": "SOURCE_TO_TARGET", "direction_mnt": "UNDETERMINED", "mnt_source": "C:\\dev\\WQDSS\\data\\MNT SEBOU 30N 30M\\seboureproj", "review_decision": "", "reviewer": "", "review_comment": "", "needs_business_validation": true}}, {"type": "Feature", "geometry": {"type": "LineString", "crs": {"type": "name", "properties": {"name": "EPSG:26191"}}, "coordinates": [[467065.080499999, 408808.478300002], [467070.915600002, 408813.833999999], [467078.2355, 408830.2218], [467083.271499999, 408857.1307], [467075.0757, 408872.584800001], [467051.721900001, 408892.038800001], [467021.730400004, 408898.0526], [466996.679200001, 408903.0625], [466949.547200002, 408912.085299998], [466920.920900002, 408932.212099999], [466917.025600001, 408950.612399999], [466920.0352, 408963.732500002], [466935.577600002, 408975.168000001], [466947.468000002, 408979.396699998], [466975.518200003, 408984.5568], [466999.655199997, 409000.2326], [467013.315099999, 409039.909499999], [467018.981299996, 409057.289999999], [467036.515000001, 409072.323100001], [467054.657399997, 409074.234900001], [467064.184, 409063.034699999], [467074.689199999, 409047.2401], [467083.187899999, 409026.206799999], [467094.616300002, 408992.354699999], [467107.375, 408959.806600001], [467135.731899999, 408957.735599998], [467151.256099999, 408963.926100001], [467175.373499997, 408976.6413], [467186.660400003, 408998.272300001], [467188.408, 409027.4881], [467189.552500002, 409071.477600001], [467175.244599998, 409132.9089], [467149.9604, 409163.8583], [467117.292900004, 409159.7005], [467072.392499998, 409148.0436], [467040.414700002, 409151.757399999], [467002.158799998, 409152.875799999], [466957.600900002, 409144.489700001], [466908.773599997, 409139.412300002], [466895.6505, 409162.103], [466908.263499998, 409183.7291], [466929.774899997, 409204.3376], [466977.370099999, 409234.050000001], [466990.541599996, 409228.093800001], [467039.954599999, 409210.856899999], [467100.6875, 409222.137800001], [467175.237599999, 409225.165399998], [467190.123199999, 409238.577599999], [467195.131700002, 409257.601799998], [467184.360399999, 409289.8103], [467146.858800001, 409317.507800002], [467104.520499997, 409379.0462], [467086.174199998, 409416.858899999], [467045.687700003, 409438.334600002], [467021.5722, 409428.569600001], [466993.138899997, 409407.9846], [467012.749399997, 409355.063000001], [467008.689499997, 409325.533500001], [466974.311499998, 409303.006099999], [466960.434299998, 409296.477600001], [466934.038500004, 409292.964200001], [466911.304700002, 409299.607700001], [466845.057599999, 409314.940400001], [466808.504500002, 409331.8013], [466781.136100002, 409334.5242], [466766.245499998, 409319.804000001], [466763.880400002, 409304.053399999], [466757.4331, 409249.912900001], [466755.734200001, 409235.147100002], [466749.0995, 409225.311099999], [466736.211900003, 409217.481899999], [466718.402199998, 409218.5306], [466701.270000003, 409223.835499998], [466690.446900003, 409240.618700001], [466684.566200003, 409257.052099999], [466685.619499996, 409276.755100001], [466700.600100003, 409317.403000001], [466696.131499998, 409358.7837], [466683.626500003, 409368.3532], [466668.147100002, 409372.343800001], [466640.762800001, 409370.464899998], [466619.604199998, 409356.099399999], [466604.703199998, 409338.418400001], [466594.7421, 409319.7445], [466586.129299998, 409310.248199999], [466555.081200004, 409297.880199999], [466519.811899997, 409302.605300002], [466492.785099998, 409308.2777], [466452.511699997, 409298.237799998], [466430.129500002, 409273.6965], [466420.335699998, 409266.123100001], [466405.772399999, 409250.4153], [466390.931000002, 409231.547899999], [466387.187200002, 409216.6008], [466393.741700001, 409206.0647], [466421.623499997, 409181.5473], [466432.650300004, 409165.2289], [466441.040700004, 409150.4833], [466446.491800003, 409124.4696], [466431.8292, 409080.394299999], [466415.941799998, 409065.212400001], [466395.354800001, 409061.879799999], [466370.843999997, 409071.1591], [466367.477300003, 409090.334100001], [466360.957699999, 409110.851], [466346.525600001, 409135.321400002], [466304.613399997, 409146.502700001], [466276.855899997, 409130.309099998], [466262.288500004, 409116.187399998], [466242.571400002, 409090.561500002], [466235.564900003, 409079.873300001], [466220.973099999, 409071.9399], [466204.734800003, 409077.464299999], [466192.521300003, 409086.1241], [466189.001199998, 409106.087099999], [466183.817299999, 409131.955800001], [466185.1646, 409153.798099998], [466182.485600002, 409172.0836], [466173.727700002, 409202.589400001], [466166.8825, 409237.7018], [466176.046599999, 409262.455400001], [466176.7698, 409287.460499998], [466189.183399998, 409335.735300001], [466181.3411, 409388.295600001], [466213.316699997, 409415.697099999], [466247.001199998, 409450.034899998], [466252.884800002, 409481.797800001], [466248.841799997, 409504.890000001], [466228.284599997, 409522.9168], [466208.679399997, 409515.810600001], [466184.931999996, 409503.584399998], [466158.107799999, 409495.982500002], [466130.780699998, 409491.975499999], [466110.732100002, 409505.376200002], [466095.312200002, 409518.261599999], [466102.608900003, 409540.803800002], [466102.684900001, 409562.340100002], [466116.126000002, 409573.072000001], [466166.650300004, 409579.558899999], [466228.634499997, 409622.425000001], [466254.0273, 409660.296500001], [466242.752999999, 409679.310899999], [466220.127300002, 409692.7315], [466194.9133, 409703.078299999], [466146.493000001, 409710.9452], [466095.540700004, 409729.068399999], [466078.645499997, 409759.392299999], [466091.639600001, 409789.6107], [466110.2804, 409815.706], [466120.134199999, 409835.156199999], [466146.525399998, 409863.796999998], [466175.368799999, 409862.153900001], [466187.1708, 409846.7196], [466203.595899999, 409829.228500001], [466226.737000003, 409813.244199999], [466257.597499996, 409798.7744], [466292.6039, 409787.883200001], [466327.193700001, 409805.1952], [466324.179799996, 409827.773699999], [466315.465099998, 409841.655499998], [466291.824900001, 409859.693], [466274.9058, 409883.340599999], [466265.178199999, 409902.360599998], [466265.244900003, 409921.335200001], [466276.628700003, 409933.605], [466299.351199999, 409947.886700001], [466337.054799996, 409971.342700001], [466362.975900002, 410015.877599999], [466364.319600001, 410019.3303]]}, "properties": {"edge_id": 230, "source_node": 287, "target_node": 288, "length_m": 5000.000026166224, "z_start": 36.0, "z_end": 35.0, "dz": 1.0, "slope": 0.00019999999895335102, "direction_status": "FLAT_SEGMENT", "confidence": "LOW", "qa_comment": "Difference altimetrique <= 1 m; segment plat ou incertain a revoir.", "review_status": "TO_REVIEW", "direction_runtime": "SOURCE_TO_TARGET", "direction_mnt": "UNDETERMINED", "mnt_source": "C:\\dev\\WQDSS\\data\\MNT SEBOU 30N 30M\\seboureproj", "review_decision": "", "reviewer": "", "review_comment": "", "needs_business_validation": true}}, {"type": "Feature", "geometry": {"type": "LineString", "crs": {"type": "name", "properties": {"name": "EPSG:26191"}}, "coordinates": [[451329.593500003, 364053.4155], [451305.172700003, 364100.289099999], [451250.232299998, 364158.867699999], [451153.707000002, 364270.148200002], [451085.764700003, 364405.434700001], [451050.154799998, 364478.076099999], [451015.6972, 364522.536899999], [450948.167900004, 364550.910599999], [450916.740500003, 364574.544], [450883.619000003, 364645.0999], [450854.682300001, 364730.9474], [450827.842, 364866.935899999], [450847.765699998, 364998.1624], [450903.495899998, 365094.4454], [450992.954400003, 365245.632199999], [451028.359200001, 365295.426800001], [451086.1567, 365307.629999999], [451141.296099998, 365289.853599999], [451191.794600002, 365263.2194], [451231.540600002, 365262.7524], [451287.033699997, 365314.941199999], [451369.749600001, 365289.531399999], [451473.242399998, 365235.7097], [451557.575199999, 365215.283], [451647.054799996, 365186.526299998], [451702.054300003, 365140.445799999], [451753.5524, 365063.557999998], [451844.250600003, 364959.830200002], [451881.6558, 364908.826699998], [451907.522299998, 364893.706599999], [451955.344800003, 364917.6294], [452032.958300002, 364954.987399999], [452099.107699998, 365051.014800001], [452060.131399997, 365122.837699998], [452049.664499998, 365207.004299998], [452082.664300002, 365280.144200001], [452125.665299997, 365344.8851], [452145.640500002, 365423.123799998], [452147.265199997, 365482.204500001], [452119.211999998, 365561.468699999], [452100.343900003, 365637.3499], [452082.732000001, 365692.3792], [452007.1796, 365750.2467], [451872.042499997, 365833.371300001], [451791.989799999, 365889.577599999], [451667.539300002, 365934.331], [451624.202799998, 365978.013799999], [451567.754900001, 366060.593400002], [451532.138300002, 366133.2223], [451494.158699997, 366234.182500001], [451445.5713, 366314.483600002], [451458.626599997, 366470.439800002], [451482.937799998, 366597.521299999], [451462.439199999, 366757.782299999], [451489.928400002, 366900.282900002]]}, "properties": {"edge_id": 232, "source_node": 286, "target_node": 290, "length_m": 4999.999980355549, "z_start": 167.0, "z_end": 167.0, "dz": 0.0, "slope": 0.0, "direction_status": "FLAT_SEGMENT", "confidence": "LOW", "qa_comment": "Difference altimetrique <= 1 m; segment plat ou incertain a revoir.", "review_status": "TO_REVIEW", "direction_runtime": "SOURCE_TO_TARGET", "direction_mnt": "UNDETERMINED", "mnt_source": "C:\\dev\\WQDSS\\data\\MNT SEBOU 30N 30M\\seboureproj", "review_decision": "", "reviewer": "", "review_comment": "", "needs_business_validation": true}}, {"type": "Feature", "geometry": {"type": "LineString", "crs": {"type": "name", "properties": {"name": "EPSG:26191"}}, "coordinates": [[453280.7183, 375771.652100001], [453275.990199998, 376612.7641]]}, "properties": {"edge_id": 238, "source_node": 294, "target_node": 295, "length_m": 841.1252888084961, "z_start": 115.0, "z_end": 115.0, "dz": 0.0, "slope": 0.0, "direction_status": "FLAT_SEGMENT", "confidence": "LOW", "qa_comment": "Difference altimetrique <= 1 m; segment plat ou incertain a revoir.", "review_status": "TO_REVIEW", "direction_runtime": "SOURCE_TO_TARGET", "direction_mnt": "UNDETERMINED", "mnt_source": "C:\\dev\\WQDSS\\data\\MNT SEBOU 30N 30M\\seboureproj", "review_decision": "", "reviewer": "", "review_comment": "", "needs_business_validation": true}}, {"type": "Feature", "geometry": {"type": "LineString", "crs": {"type": "name", "properties": {"name": "EPSG:26191"}}, "coordinates": [[466364.319600001, 410019.3303], [466377.531199999, 410053.277199998], [466421.434100002, 410083.376899999], [466444.734399997, 410113.049699999], [466447.913000002, 410140.219999999], [466429.548, 410192.6063], [466437.382200003, 410221.811900001], [466456.037299998, 410252.521200001], [466479.836199999, 410280.129700001], [466476.295999996, 410299.638099998], [466463.030199997, 410336.092599999], [466461.752499998, 410413.038800001], [466432.502400003, 410448.0077], [466396.476400003, 410461.474800002], [466367.126199998, 410467.732500002], [466346.583700001, 410486.7793], [466338.448100001, 410516.040800002], [466332.356200002, 410542.733399998], [466310.305299997, 410572.5539], [466282.916599996, 410550.0931], [466258.6237, 410531.192400001], [466227.614100002, 410502.589600001], [466188.879500002, 410478.6164], [466164.606399998, 410462.798900001], [466145.010200001, 410457.744399998], [466130.061999999, 410457.7971], [466113.113700002, 410472.728500001], [466104.929799996, 410490.7119], [466101.412100002, 410516.3642], [466100.274300002, 410543.4498], [466089.478500001, 410580.306499999], [466051.021399997, 410632.2434], [466039.255000003, 410657.425799999], [466038.336499996, 410689.223900002], [466033.788199998, 410714.879900001], [466018.924000002, 410735.958999999], [465974.077200003, 410732.535700001], [465941.642899998, 410738.2843], [465926.208800003, 410746.545600001], [465910.3649, 410781.989799999], [465881.048900001, 410797.486699998], [465852.200900003, 410799.640900001], [465837.222199999, 410790.977499999], [465817.588200003, 410775.144299999], [465800.577, 410772.1219], [465777.440899998, 410786.055599999], [465772.9098, 410816.336199999], [465770.416599996, 410839.933400001], [465798.352300003, 410871.1186], [465832.9428, 410889.460200001], [465856.740000002, 410916.557100002], [465859.896399997, 410934.489399999], [465850.656999998, 410945.301600002], [465840.368500002, 410950.971900001], [465800.675099999, 410944.448100001], [465754.690499999, 410910.7654], [465709.526799999, 410844.153999999], [465674.934100002, 410825.302700002], [465638.387800001, 410834.1501], [465614.806299999, 410870.132599998], [465601.027400002, 410906.0801], [465591.359099999, 410940.992600001], [465638.886799999, 410973.648699999], [465702.4124, 411017.016199999], [465747.890500002, 411053.262200002], [465738.726300001, 411085.0898], [465724.9032, 411111.300299998], [465704.377999999, 411134.451699998], [465685.3424, 411141.694899999], [465658.0638, 411149.999000002], [465636.994000003, 411164.945999999], [465623.149400003, 411185.001800001], [465627.854099996, 411203.4386], [465639.262999997, 411222.894000001], [465660.930500001, 411231.022999998], [465700.116499998, 411240.109900001], [465724.935000002, 411264.640999999], [465727.0845, 411289.241900001], [465724.551299997, 411301.560800001], [465715.365500003, 411324.671799999], [465699.448299997, 411341.651900001], [465671.685999997, 411358.674400002], [465621.7852, 411379.8794], [465621.8715, 411403.988699999], [465627.603299998, 411421.4016], [465627.731799997, 411457.299400002], [465616.4811, 411481.959399998], [465596.969400004, 411499.972800002], [465578.451800004, 411507.735599998], [465552.212399997, 411518.087900002], [465553.826700002, 411537.057100002], [465559.560400002, 411554.980099998], [465576.608900003, 411568.770300001], [465599.339500003, 411586.122299999], [465612.281300001, 411601.978999998], [465627.3103, 411627.565200001], [465624.804899998, 411647.569400001], [465606.826800004, 411661.995299999], [465577.471699998, 411665.693599999], [465540.8697, 411660.690200001], [465506.283299997, 411642.8708], [465482.538500004, 411630.136100002], [465453.098399997, 411610.235599998], [465417.138899997, 411638.056699999], [465390.909400001, 411650.9712], [465372.3794, 411657.7141], [465348.6787, 411657.2784], [465317.740400001, 411650.725000002], [465281.149400003, 411646.243700001], [465271.368000001, 411649.351], [465262.148500003, 411665.2874], [465263.759599999, 411683.225200001], [465257.7029, 411716.073399998], [465266.091899998, 411758.096299998], [465268.283299997, 411793.9866], [465265.359800003, 411840.663899999], [465279.8609, 411860.096500002], [465296.367899999, 411866.702], [465322.620800003, 411860.452199999], [465333.366099998, 411838.876699999], [465368.838600002, 411816.7018], [465397.670500003, 411813.514899999], [465414.716899998, 411824.2218], [465438.461400002, 411836.9564], [465453.981899999, 411855.875500001], [465461.803000003, 411880.977299999], [465474.739100002, 411895.292300001], [465487.665899999, 411909.6074], [465502.700199999, 411934.162099998], [465504.309, 411951.5898], [465500.751100004, 411965.454], [465484.297799997, 411976.281399999], [465435.967100002, 412003.115600001], [465420.088399999, 412027.792599998], [465410.386799999, 412052.957400002], [465404.324299999, 412086.8259], [465403.391500004, 412113.9998], [465390.088, 412138.157400001], [465364.364100002, 412147.987100001], [465327.3411, 412168.637200002], [465307.927699998, 412213.3224], [465295.6479, 412237.975499999], [465281.824000001, 412260.593600001], [465236.552199997, 412280.2425], [465207.742200002, 412289.0636], [465192.354000002, 412309.114700001], [465191.913000002, 412329.632800002], [465197.187299997, 412362.939100001], [465207.079300001, 412390.5951], [465211.311800003, 412423.395100001], [465190.477899998, 412502.442600001], [465161.261200003, 412543.570500001], [465124.314599998, 412582.164799999], [465108.469400004, 412618.109700002], [465112.190399997, 412649.381099999], [465124.685099997, 412684.202799998], [465128.889700003, 412706.7557], [465129.155900002, 412710.544500001]]}, "properties": {"edge_id": 245, "source_node": 288, "target_node": 300, "length_m": 5000.000006974833, "z_start": 35.0, "z_end": 34.0, "dz": 1.0, "slope": 0.00019999999972100668, "direction_status": "FLAT_SEGMENT", "confidence": "LOW", "qa_comment": "Difference altimetrique <= 1 m; segment plat ou incertain a revoir.", "review_status": "TO_REVIEW", "direction_runtime": "SOURCE_TO_TARGET", "direction_mnt": "UNDETERMINED", "mnt_source": "C:\\dev\\WQDSS\\data\\MNT SEBOU 30N 30M\\seboureproj", "review_decision": "", "reviewer": "", "review_comment": "", "needs_business_validation": true}}, {"type": "Feature", "geometry": {"type": "LineString", "crs": {"type": "name", "properties": {"name": "EPSG:26191"}}, "coordinates": [[457314.604599997, 416202.346999999], [457306.499499999, 416205.569200002], [457276.091799997, 416204.617600001], [457218.580700003, 416211.361499999], [457179.101000004, 416211.3094], [457155.252800003, 416211.278000001], [457123.748000003, 416205.662799999], [457106.824199997, 416224.824700002], [457090.588600002, 416235.344300002], [457078.232100002, 416224.597600002], [457076.712099999, 416207.669599999], [457061.433600001, 416191.535100002], [457040.053599998, 416185.142999999], [457014.392800003, 416192.466499999], [456982.5968, 416201.969099998], [456945.332000002, 416204.298700001], [456926.470299996, 416195.3781], [456918.463, 416184.246100001], [456891.0242, 416168.421500001], [456851.626000002, 416185.3004], [456846.1875, 416250.402399998], [456838.228699997, 416266.430300001], [456812.939300001, 416317.359499998], [456794.417000003, 416369.511500001], [456827.868199997, 416390.720800001], [456907.934900001, 416373.9032], [456934.544100001, 416407.930599999], [456892.379000001, 416425.0658], [456881.687200002, 416463.419500001], [456941.840099998, 416494.335299998], [456934.119000003, 416534.649700001], [456914.811300002, 416586.061999999], [456862.140799999, 416549.711800002], [456806.852799997, 416545.047400001], [456785.678599998, 416621.033300001], [456807.564499997, 416658.253600001], [456870.479400001, 416646.924800001], [456887.407399997, 416682.215599999], [456813.815099999, 416732.8851], [456801.288599998, 416798.7621], [456733.050700001, 416812.577399999], [456707.134800002, 416754.736499999], [456661.007799998, 416767.953499999], [456673.271899998, 416862.209800001], [456627.1373, 416918.401799999], [456562.678000003, 416892.908399999], [456485.759400003, 416905.045699999], [456446.079400003, 416861.019900002], [456398.026699998, 416928.034699999], [456430.988499999, 416971.358899999], [456402.365400001, 417014.4637], [456318.593599997, 417038.422400001], [456263.609899998, 417057.581700001], [456275.038900003, 417010.129799999], [456289.713699996, 416982.559099998], [456267.911700003, 416962.030499998], [456191.942299999, 416966.3028], [456173.013700001, 416884.121599998], [456138.377999999, 416907.613699999], [456129.9921, 416972.729800001], [456128.0581, 417024.5524], [456082.683700003, 416986.697999999], [456035.173, 416956.461599998], [456008.854800001, 416964.212299999], [455964.439599998, 416975.195700001], [455954.991300002, 416984.920899998], [455954.350100003, 416995.526099998], [455953.554300003, 417024.575199999], [455947.8112, 417035.8915], [455937.882100001, 417041.016399998], [455920.975699998, 417041.094], [455881.581799999, 417035.740899999], [455863.064900003, 417037.666999999], [455814.9256, 417044.808800001], [455786.950199999, 417054.153700002], [455766.272600003, 417090.203600001], [455744.828299999, 417111.518199999], [455723.790299997, 417119.223099999], [455710.399300002, 417127.580400001], [455706.517800003, 417139.5869], [455715.349100001, 417145.7678], [455724.169799998, 417149.642000001], [455751.5, 417152.0557], [455761.950099997, 417158.229200002], [455772.192699999, 417169.250100002], [455777.837499998, 417188.5766], [455777.464699998, 417207.487300001], [455780.519199997, 417217.609700002], [455770.652900003, 417236.3312], [455752.583700001, 417235.493999999], [455745.137100004, 417228.375100002], [455728.171499997, 417215.544199999], [455718.666299999, 417212.8266], [455698.551200002, 417219.141100001], [455690.737300001, 417232.086199999], [455671.176899999, 417258.915199999], [455660.383299999, 417279.947900001], [455645.787799999, 417278.396200001], [455628.820100002, 417265.110800002], [455606.517999999, 417249.998], [455590.534599997, 417248.685699999], [455559.269400001, 417248.5975], [455491.889799997, 417250.063000001], [455454.815499999, 417244.933899999], [455415.670299999, 417243.5075], [455373.999799997, 417246.928399999], [455357.161300004, 417261.523899998], [455348.894299999, 417275.857700001], [455347.997500002, 417282.771200001], [455350.850299999, 417298.894299999], [455355.359099999, 417320.998399999], [455351.545699999, 417347.533100002], [455345.798100002, 417357.6963], [455333.433300003, 417386.799400002], [455348.780699998, 417401.710999999], [455362.9322, 417406.713399999], [455377.549000002, 417412.8671], [455389.897799998, 417427.7927], [455384.620499998, 417438.186700001], [455373.293899998, 417443.318700001], [455357.553599998, 417444.767099999], [455320.987099998, 417449.7837], [455289.279799998, 417453.3915], [455259.382600002, 417448.684300002], [455251.2223, 417436.5119], [455252.1105, 417427.7465], [455255.979400001, 417413.200100001], [455260.529700004, 417396.820700001], [455255.559799999, 417374.485800002], [455248.564900003, 417363.683200002], [455239.951099999, 417352.8882], [455228.097900003, 417343.727400001], [455215.329700001, 417337.565299999], [455203.057499997, 417337.156800002], [455183.397500001, 417342.316799998], [455178.094999999, 417349.2619], [455166.132399999, 417365.9089], [455170.624300003, 417384.331099998], [455162.103500001, 417395.438999999], [455148.044500001, 417410.254799999], [455125.170699999, 417420.498199999], [455110.097599998, 417417.1085], [455082.011799999, 417402.489799999], [455080.486400001, 417398.427200001]]}, "properties": {"edge_id": 246, "source_node": 305, "target_node": 306, "length_m": 4778.3571311727665, "z_start": 24.0, "z_end": 23.0, "dz": 1.0, "slope": 0.0002092769486559007, "direction_status": "FLAT_SEGMENT", "confidence": "LOW", "qa_comment": "Difference altimetrique <= 1 m; segment plat ou incertain a revoir.", "review_status": "TO_REVIEW", "direction_runtime": "SOURCE_TO_TARGET", "direction_mnt": "UNDETERMINED", "mnt_source": "C:\\dev\\WQDSS\\data\\MNT SEBOU 30N 30M\\seboureproj", "review_decision": "", "reviewer": "", "review_comment": "", "needs_business_validation": true}}, {"type": "Feature", "geometry": {"type": "LineString", "crs": {"type": "name", "properties": {"name": "EPSG:26191"}}, "coordinates": [[455080.486400001, 417398.427200001], [455073.806000002, 417380.636], [455061.201899998, 417360.410799999], [455041.4071, 417336.759199999], [455018.2245, 417330.180300001], [454989.542000003, 417317.8715], [454954.093000002, 417314.122900002], [454947.625699997, 417317.835200001], [454940.736500002, 417329.623300001], [454949.815899998, 417341.569200002], [454959.8411, 417355.118900001], [454980.775600001, 417374.6173], [454999.608999997, 417391.352899998], [455005.0167, 417408.850299999], [455000.900799997, 417419.693700001], [454990.498000003, 417423.668400001], [454977.2958, 417423.0317], [454953.656199999, 417418.994800001], [454935.814999998, 417417.703299999], [454921.713600002, 417421.451499999], [454900.996799998, 417448.287599999], [454894.992799997, 417452.6965], [454879.076800004, 417465.680399999], [454867.492399998, 417464.814300001], [454852.354000002, 417455.381099999], [454844.492399998, 417446.191], [454838.376100004, 417438.445500001], [454826.486400001, 417433.311099999], [454803.0207, 417429.107500002], [454784.5057, 417431.202], [454736.765600003, 417436.6173], [454674.003700003, 417447.571199998], [454671.484999999, 417465.4496], [454678.215000004, 417480.400800001], [454677.159500003, 417502.3092], [454670.290299997, 417520.197000001], [454660.460900001, 417522.838599998], [454633.252499998, 417522.678800002], [454617.111400001, 417536.5847], [454591.704400003, 417551.687899999], [454571.887500003, 417583.766100001], [454559.5603, 417608.600200001], [454543.129199997, 417623.372699998], [454515.411200002, 417637.910300002], [454503.012199998, 417649.491900001], [454479.4639, 417687.920600001], [454459.502300002, 417751.4076], [454452.140000001, 417785.434300002], [454433.384800002, 417798.776299998], [454413.504500002, 417817.313900001], [454403.460600004, 417836.6699], [454391.810699999, 417881.9516], [454381.832699999, 417915.1369], [454361.680299997, 417938.2784], [454342.015799999, 417942.120499998], [454315.719700001, 417951.75], [454310.904700004, 417973.953600001], [454307.280100003, 418002.783500001], [454294.329400003, 418018.116599999], [454275.254100002, 418023.974399999], [454241.752999999, 418040.547800001], [454245.6118, 418058.972600002], [454251.114, 418121.1743], [454239.619900003, 418139.095600002], [454226.702500001, 418161.337900002], [454206.768399999, 418168.353300002], [454192.278300002, 418165.539000001], [454191.3574, 418153.7322], [454181.453199998, 418140.526500002], [454160.5449, 418126.508299999], [454142.590099998, 418124.287300002], [454136.857799999, 418137.2793], [454134.658500001, 418162.0656], [454137.656199999, 418183.089699998], [454130.541900001, 418209.052900001], [454119.028800003, 418222.9265], [454099.934699997, 418224.747900002], [454070.677299999, 418218.843600001], [454042.019100003, 418218.980799999], [454017.707000002, 418218.2322], [453981.857600004, 418228.196800001], [453964.117200002, 418270.635899998], [453939.700300001, 418309.358600002], [453918.543200001, 418364.202100001], [453879.174599998, 418422.5823], [453857.071900003, 418460.429000001], [453856.016999997, 418482.0381], [453851.8354, 418515.196199998], [453829.883699998, 418525.0946], [453807.043899998, 418530.0953], [453789.092600003, 418528.451699998], [453764.754000001, 418523.966400001], [453743.915399998, 418524.355099998], [453738.746100001, 418531.866], [453731.295900002, 418548.903499998], [453717.0141, 418587.2896], [453721.7289, 418605.699000001], [453740.290100001, 418613.6833], [453746.702299997, 418621.715100002], [453746.160300002, 418629.4921], [453729.732299998, 418644.265999999], [453726.047200002, 418660.131900001], [453712.944300003, 418704.556600001], [453719.159500003, 418732.762699999], [453733.704400003, 418747.098999999], [453758.060999997, 418757.351100002], [453787.0845, 418774.2018], [453800.762599997, 418789.984099999], [453795.967200004, 418815.9364], [453819.733999997, 418822.1547], [453836.517700002, 418822.073899999], [453860.5308, 418820.239399999], [453873.875, 418825.931200001], [453897.994599998, 418846.265999999], [453933.168499999, 418878.081700001], [453937.007200003, 418894.188700002], [453954.212200001, 418920.612199999], [453977.221100002, 418951.0447], [453989.047899999, 419002.8356], [453978.177500002, 419029.682100002], [453967.332099996, 419061.707699999], [453968.9177, 419089.359499998], [453983.247599997, 419120.399300002], [454005.625299998, 419140.166000001], [454041.428199999, 419182.6371], [454067.942599997, 419219.385699999], [454089.788800001, 419249.236299999], [454118.815700002, 419267.2414], [454183.739500001, 419322.6272], [454204.6928, 419377.469099998], [454198.123599999, 419446.1833], [454210.361699998, 419480.4608], [454234.7804, 419537.0053], [454248.894400001, 419602.1829], [454295.683700003, 419646.609900001], [454321.943599999, 419728.897799998], [454320.330200002, 419751.2194], [454249.8684, 419806.497000001], [454162.3288, 419897.911699999], [454150.780100003, 420007.850900002], [454125.604099996, 420067.826299999], [453966.269500002, 420306.7566], [453817.364699997, 420536.933699999], [453742.506800003, 420634.176399998]]}, "properties": {"edge_id": 250, "source_node": 306, "target_node": 313, "length_m": 5000.00002070129, "z_start": 23.0, "z_end": 22.0, "dz": 1.0, "slope": 0.0001999999991719484, "direction_status": "FLAT_SEGMENT", "confidence": "LOW", "qa_comment": "Difference altimetrique <= 1 m; segment plat ou incertain a revoir.", "review_status": "TO_REVIEW", "direction_runtime": "SOURCE_TO_TARGET", "direction_mnt": "UNDETERMINED", "mnt_source": "C:\\dev\\WQDSS\\data\\MNT SEBOU 30N 30M\\seboureproj", "review_decision": "", "reviewer": "", "review_comment": "", "needs_business_validation": true}}, {"type": "Feature", "geometry": {"type": "LineString", "crs": {"type": "name", "properties": {"name": "EPSG:26191"}}, "coordinates": [[448633.54070112, 344350.199346999], [448666.882200003, 344469.878199998], [448669.319200002, 344546.6351], [448602.867600001, 344645.988499999], [448562.930799998, 344769.4274], [448597.6162, 344803.592099998], [448851.1391, 344769.351399999], [448924.215000004, 344767.512699999], [449003.676200002, 344823.661899999], [449022.602499999, 344948.8068], [449010.819300003, 345023.620900001], [448946.0251, 345054.265000001], [448866.724200003, 345026.399599999], [448781.025399998, 344942.011399999], [448720.053300001, 344926.168900002], [448620.821500003, 344969.1164], [448564.391900003, 345044.168499999], [448568.977300003, 345143.122400001], [448660.541000001, 345187.0858], [448713.445600003, 345211.0425], [448835.352499999, 345234.634100001], [448977.649599999, 345276.314300001], [449053.282799996, 345378.9298], [449033.275799997, 345433.585900001], [448940.370700002, 345520.935699999], [448842.712499998, 345474.984000001], [448728.947899997, 345455.396000002], [448619.552900001, 345494.3506], [448315.389700003, 345546.475099999], [448242.7214, 345621.604899999], [448277.620999999, 345696.1593], [448344.977600001, 345766.493500002], [448534.591700003, 345899.941300001], [448532.105899997, 346066.6448], [448504.022699997, 346183.9122], [448582.214100003, 346314.8948], [448691.744999997, 346402.869399998], [448872.762599997, 346441.9034], [449027.744000003, 346441.085200001], [449202.549500003, 346391.601799998], [449305.8891, 346393.9201], [449383.634300001, 346442.065299999], [449401.313224532, 346460.929856127]]}, "properties": {"edge_id": 260, "source_node": 316, "target_node": 276, "length_m": 4999.907771767798, "z_start": 359.0, "z_end": 359.0, "dz": 0.0, "slope": 0.0, "direction_status": "FLAT_SEGMENT", "confidence": "LOW", "qa_comment": "Difference altimetrique <= 1 m; segment plat ou incertain a revoir.", "review_status": "TO_REVIEW", "direction_runtime": "SOURCE_TO_TARGET", "direction_mnt": "UNDETERMINED", "mnt_source": "C:\\dev\\WQDSS\\data\\MNT SEBOU 30N 30M\\seboureproj", "review_decision": "", "reviewer": "", "review_comment": "", "needs_business_validation": true}}, {"type": "Feature", "geometry": {"type": "LineString", "crs": {"type": "name", "properties": {"name": "EPSG:26191"}}, "coordinates": [[423217.283299997, 432313.2751], [423180.993299998, 432306.854600001], [423058.654100001, 432288.1818], [423012.937899999, 432291.401299998], [422958.207199998, 432310.717999998], [422749.586599998, 432362.873100001], [422655.578599997, 432391.848200001], [422519.717699997, 432525.777399998], [422436.6558, 432605.619899999], [422410.900200002, 432623.648800001], [422195.8407, 432707.998500001], [422126.300499998, 432732.4663], [422063.199199997, 432757.5781], [421962.752300002, 432780.758099999], [421871.319799997, 432794.923700001], [421813.3697, 432774.963100001], [421743.185599998, 432741.480799999], [421692.962200001, 432729.2469], [421665.274899997, 432736.9736], [421564.184, 432789.772599999], [421519.755599998, 432808.4454], [421314.998400003, 432858.668900002], [421134.065099999, 432905.028999999], [420991.765299998, 432870.902800001], [420937.034599997, 432854.161600001], [420857.192199998, 432827.7621], [420733.565200001, 432789.128699999], [420647.283799998, 432733.754099999], [420499.189000003, 432636.5266], [420443.814400002, 432610.771000002], [420387.795900002, 432593.386], [420331.777400002, 432577.288699999], [420115.430200003, 432520.6263], [419721.369199999, 432415.028299998], [419494.719700001, 432354.502599999], [419422.6039, 432332.610300001], [419382.588500001, 432321.1052]]}, "properties": {"edge_id": 268, "source_node": 328, "target_node": 195, "length_m": 4120.989076338957, "z_start": 9.0, "z_end": 8.0, "dz": 1.0, "slope": 0.0002426601918800497, "direction_status": "FLAT_SEGMENT", "confidence": "LOW", "qa_comment": "Difference altimetrique <= 1 m; segment plat ou incertain a revoir.", "review_status": "TO_REVIEW", "direction_runtime": "SOURCE_TO_TARGET", "direction_mnt": "UNDETERMINED", "mnt_source": "C:\\dev\\WQDSS\\data\\MNT SEBOU 30N 30M\\seboureproj", "review_decision": "", "reviewer": "", "review_comment": "", "needs_business_validation": true}}, {"type": "Feature", "geometry": {"type": "LineString", "crs": {"type": "name", "properties": {"name": "EPSG:26191"}}, "coordinates": [[427661.418200001, 432684.060800001], [427549.147100002, 432671.9406], [426933.587700002, 432600.468800001], [426513.127099998, 432550.889199998], [426226.595799997, 432519.9824], [425906.582199998, 432489.7196], [425629.709200002, 432454.305599999], [425593.0075, 432453.0178], [425558.881300002, 432463.964000002], [425421.732600004, 432568.918099999], [425342.534000002, 432626.224399999], [425296.173900001, 432668.077300001], [425259.472099997, 432743.412500002], [425236.292099997, 432761.441399999], [425196.370899998, 432753.070799999], [424991.613600001, 432696.408500001], [424824.202100001, 432612.058800001], [424604.635399997, 432495.514600001], [424418.550999999, 432411.164900001], [424336.133000001, 432364.8048], [424300.075199999, 432355.7903], [424264.661200002, 432366.736499999], [424207.354900002, 432446.578899998], [424121.717500001, 432571.493700001], [424067.6307, 432645.541099999], [424034.792199999, 432673.228399999], [423851.927299999, 432696.408500001], [423771.441, 432710.574000001], [423743.109800003, 432701.559599999], [423707.051899999, 432654.555599999], [423649.101800002, 432548.9575], [423556.381499998, 432442.071699999], [423473.319600001, 432372.5315], [423432.110600002, 432351.283100002], [423217.283299997, 432313.2751]]}, "properties": {"edge_id": 269, "source_node": 327, "target_node": 328, "length_m": 5000.000017167454, "z_start": 8.0, "z_end": 9.0, "dz": -1.0, "slope": -0.00019999999931330186, "direction_status": "FLAT_SEGMENT", "confidence": "LOW", "qa_comment": "Difference altimetrique <= 1 m; segment plat ou incertain a revoir.", "review_status": "TO_REVIEW", "direction_runtime": "SOURCE_TO_TARGET", "direction_mnt": "UNDETERMINED", "mnt_source": "C:\\dev\\WQDSS\\data\\MNT SEBOU 30N 30M\\seboureproj", "review_decision": "", "reviewer": "", "review_comment": "", "needs_business_validation": true}}, {"type": "Feature", "geometry": {"type": "LineString", "crs": {"type": "name", "properties": {"name": "EPSG:26191"}}, "coordinates": [[544311.889799997, 402074.2962], [544301.597999997, 402103.632100001], [544359.035800002, 402144.385000002], [544539.4155, 402145.518399999], [544606.423900001, 402031.4067], [544743.549199998, 401846.958900001], [544854.690899998, 401753.026799999], [544974.679799996, 401751.602299999], [545091.9054, 401807.000399999], [545122.885899998, 401895.962200001], [545026.070200004, 402017.227499999], [545014.783500001, 402096.1325], [545055.201800004, 402223.519499999], [545109.754199997, 402244.202300001], [545148.620899998, 402281.7678], [545180.527199998, 402328.1613], [545172.623000003, 402361.4595]]}, "properties": {"edge_id": 273, "source_node": 245, "target_node": 329, "length_m": 1704.8908388297746, "z_start": 133.0, "z_end": 132.0, "dz": 1.0, "slope": 0.0005865478171531458, "direction_status": "FLAT_SEGMENT", "confidence": "LOW", "qa_comment": "Difference altimetrique <= 1 m; segment plat ou incertain a revoir.", "review_status": "TO_REVIEW", "direction_runtime": "SOURCE_TO_TARGET", "direction_mnt": "UNDETERMINED", "mnt_source": "C:\\dev\\WQDSS\\data\\MNT SEBOU 30N 30M\\seboureproj", "review_decision": "", "reviewer": "", "review_comment": "", "needs_business_validation": true}}, {"type": "Feature", "geometry": {"type": "LineString", "crs": {"type": "name", "properties": {"name": "EPSG:26191"}}, "coordinates": [[545172.623000003, 402361.4595], [545168.586800002, 402366.547699999]]}, "properties": {"edge_id": 274, "source_node": 329, "target_node": 330, "length_m": 6.494666249001351, "z_start": 132.0, "z_end": 132.0, "dz": 0.0, "slope": 0.0, "direction_status": "FLAT_SEGMENT", "confidence": "LOW", "qa_comment": "Difference altimetrique <= 1 m; segment plat ou incertain a revoir.", "review_status": "TO_REVIEW", "direction_runtime": "SOURCE_TO_TARGET", "direction_mnt": "UNDETERMINED", "mnt_source": "C:\\dev\\WQDSS\\data\\MNT SEBOU 30N 30M\\seboureproj", "review_decision": "", "reviewer": "", "review_comment": "", "needs_business_validation": true}}, {"type": "Feature", "geometry": {"type": "LineString", "crs": {"type": "name", "properties": {"name": "EPSG:26191"}}, "coordinates": [[526705.479599997, 448445.077300005], [526608.022100009, 448399.476000004], [526334.824800007, 448306.679699998], [525170.588100001, 448150.800000008], [524765.660400011, 448016.585700002], [524424.147600003, 447700.422300003], [524141.6162, 447166.166800004], [523032.629500002, 445035.412900005], [522700.630700007, 444397.741100006]]}, "properties": {"edge_id": 294, "source_node": 269, "target_node": 270, "length_m": 6188.093300860234, "z_start": 144.0, "z_end": 144.0, "dz": 0.0, "slope": 0.0, "direction_status": "FLAT_SEGMENT", "confidence": "LOW", "qa_comment": "Difference altimetrique <= 1 m; segment plat ou incertain a revoir.", "review_status": "TO_REVIEW", "direction_runtime": "SOURCE_TO_TARGET", "direction_mnt": "UNDETERMINED", "mnt_source": "C:\\dev\\WQDSS\\data\\MNT SEBOU 30N 30M\\seboureproj", "review_decision": "", "reviewer": "", "review_comment": "", "needs_business_validation": true}}, {"type": "Feature", "geometry": {"type": "LineString", "crs": {"type": "name", "properties": {"name": "EPSG:26191"}}, "coordinates": [[566749.471500002, 370149.723900002], [566638.700000003, 370213.359700002]]}, "properties": {"edge_id": 311, "source_node": 149, "target_node": 371, "length_m": 127.7491301484075, "z_start": 419.0, "z_end": 419.0, "dz": 0.0, "slope": 0.0, "direction_status": "FLAT_SEGMENT", "confidence": "LOW", "qa_comment": "Difference altimetrique <= 1 m; segment plat ou incertain a revoir.", "review_status": "TO_REVIEW", "direction_runtime": "SOURCE_TO_TARGET", "direction_mnt": "UNDETERMINED", "mnt_source": "C:\\dev\\WQDSS\\data\\MNT SEBOU 30N 30M\\seboureproj", "review_decision": "", "reviewer": "", "review_comment": "", "needs_business_validation": true}}, {"type": "Feature", "geometry": {"type": "LineString", "crs": {"type": "name", "properties": {"name": "EPSG:26191"}}, "coordinates": [[582647.060900003, 331995.5951], [582642.182800002, 332028.545400001], [582550.888499998, 332092.051600002], [582544.499600001, 332170.917300001], [582553.628300004, 332250.747000001], [582567.988600001, 332284.0319]]}, "properties": {"edge_id": 344, "source_node": 393, "target_node": 348, "length_m": 340.2440940010437, "z_start": 798.0, "z_end": 798.0, "dz": 0.0, "slope": 0.0, "direction_status": "FLAT_SEGMENT", "confidence": "LOW", "qa_comment": "Difference altimetrique <= 1 m; segment plat ou incertain a revoir.", "review_status": "TO_REVIEW", "direction_runtime": "SOURCE_TO_TARGET", "direction_mnt": "UNDETERMINED", "mnt_source": "C:\\dev\\WQDSS\\data\\MNT SEBOU 30N 30M\\seboureproj", "review_decision": "", "reviewer": "", "review_comment": "", "needs_business_validation": true}}, {"type": "Feature", "geometry": {"type": "LineString", "crs": {"type": "name", "properties": {"name": "EPSG:26191"}}, "coordinates": [[494005.503300004, 413047.804200001], [493931.061899997, 413026.071600001], [493836.147100002, 412961.865699999], [493782.0634, 412844.069600001], [493772.092200004, 412694.417100001], [493676.323700003, 412542.0592], [493595.506999999, 412459.7588], [493445.7742, 412383.6941], [493383.972499996, 412389.0374], [493239.783699997, 412623.3244], [492943.763099998, 413256.198100001], [492760.6479, 413417.882300001], [492592.411600001, 413654.7267], [492421.496699996, 413751.853300002], [492247.2007, 413679.663400002], [491951.837800004, 413454.391199999], [491897.815200001, 413313.2388], [491850.337499998, 413089.9155], [491842.693000004, 412876.085000001], [491985.051399998, 412622.082600001], [492034.927299999, 412520.324099999], [491998.427199997, 412439.819200002], [491932.746399999, 412361.401700001], [491839.576099999, 412337.747900002], [491711.808700003, 412331.325300001], [491628.657899998, 412369.136500001], [491585.754600003, 412421.551800001], [491548.080499999, 412590.762200002], [491475.240500003, 412671.3618], [491279.149599999, 412766.811799999], [491078.379299998, 412812.8068]]}, "properties": {"edge_id": 394, "source_node": 453, "target_node": 423, "length_m": 5540.093196581195, "z_start": 46.0, "z_end": 45.0, "dz": 1.0, "slope": 0.00018050237866343158, "direction_status": "FLAT_SEGMENT", "confidence": "LOW", "qa_comment": "Difference altimetrique <= 1 m; segment plat ou incertain a revoir.", "review_status": "TO_REVIEW", "direction_runtime": "SOURCE_TO_TARGET", "direction_mnt": "UNDETERMINED", "mnt_source": "C:\\dev\\WQDSS\\data\\MNT SEBOU 30N 30M\\seboureproj", "review_decision": "", "reviewer": "", "review_comment": "", "needs_business_validation": true}}, {"type": "Feature", "geometry": {"type": "LineString", "crs": {"type": "name", "properties": {"name": "EPSG:26191"}}, "coordinates": [[549917.176844166, 401320.222147878], [549588.47104417, 401535.919647876], [549161.061944166, 401612.430847875], [548592.367344172, 401483.599947877], [547930.263944173, 401055.203447878], [547582.15814417, 401084.970147877], [547599.926144169, 400691.460047878], [547728.098644169, 400361.467447876], [547428.585344167, 400155.296147875], [547049.432844171, 400058.968147877], [546732.859044166, 400104.656647875], [546557.41824417, 400402.959447875], [546303.595944168, 400429.792047876]]}, "properties": {"edge_id": 455, "source_node": 520, "target_node": 521, "length_m": 4972.343342202175, "z_start": 138.0, "z_end": 139.0, "dz": -1.0, "slope": -0.00020111241947285064, "direction_status": "FLAT_SEGMENT", "confidence": "LOW", "qa_comment": "Difference altimetrique <= 1 m; segment plat ou incertain a revoir.", "review_status": "TO_REVIEW", "direction_runtime": "SOURCE_TO_TARGET", "direction_mnt": "UNDETERMINED", "mnt_source": "C:\\dev\\WQDSS\\data\\MNT SEBOU 30N 30M\\seboureproj", "review_decision": "", "reviewer": "", "review_comment": "", "needs_business_validation": true}}, {"type": "Feature", "geometry": {"type": "LineString", "crs": {"type": "name", "properties": {"name": "EPSG:26191"}}, "coordinates": [[499700.3609, 403858.1272], [499700.3605, 403846.129799999], [499708.5946, 403829.739100002], [499714.083999999, 403819.946899999], [499730.092299998, 403811.063700002], [499733.7579, 403797.855999999], [499729.409599997, 403773.037700001], [499713.851099998, 403732.505899999], [499706.758000001, 403711.5579], [499695.7782, 403703.8178], [499688.685400002, 403694.480599999], [499681.822700001, 403680.3638], [499683.424999997, 403667.156100001], [499705.153700002, 403660.5572], [499713.388300002, 403656.232000001], [499721.392300002, 403644.155299999], [499729.4058, 403638.699000001], [499751.825900003, 403649.166900001], [499764.638700001, 403657.816399999], [499785.225699998, 403667.3862], [499801.234700002, 403677.632599998], [499812.6752, 403697.6712], [499814.959899999, 403717.4771], [499826.860699996, 403724.762699999], [499849.740900002, 403730.229400001], [499875.126500003, 403731.371300001], [499897.545999996, 403725.2163], [499911.2795, 403720.4366], [499923.170999996, 403722.709800001], [499931.636, 403730.9049], [499938.958800003, 403750.943700001], [499941.934100002, 403764.8389], [499955.658399999, 403774.630899999], [499982.876900002, 403788.060199998], [499996.149800003, 403788.9696], [500011.928199999, 403782.826000001], [500020.853600003, 403784.190000001], [500027.264399998, 403796.488299999], [500033.205399998, 403807.411499999], [500040.758299999, 403817.203600001], [500050.3653, 403822.6708], [500067.976499997, 403821.539799999], [500083.994400002, 403817.203899998], [500094.973800004, 403816.527600002], [500107.095299996, 403820.6197], [500116.481200002, 403824.944800001], [500122.652400002, 403832.696400002], [500129.974600002, 403862.749200001], [500126.087300003, 403886.6582], [500114.417000003, 403899.632800002], [500094.972900003, 403910.5669], [500075.528700002, 403920.813499998], [500064.779600002, 403932.191300001], [500060.201800004, 403944.034899998], [500063.8583, 403972.2689], [500075.067599997, 403993.2172], [500079.645199999, 404013.023200002], [500087.8794, 404036.710499998], [500097.255599998, 404058.789900001], [500104.808200002, 404073.361699998], [500109.385799997, 404089.7632], [500108.694700003, 404116.167399999], [500102.062899999, 404129.829700001], [500108.242899999, 404155.557500001], [500128.828400001, 404168.310800001], [500157.418200001, 404160.570700001], [500188.531800002, 404146.9089], [500205.000500001, 404142.362500001], [500226.046800002, 404136.208299998], [500242.515600003, 404128.468199998], [500258.533, 404124.1437], [500272.717799999, 404109.5724], [500282.325300001, 404081.5715], [500291.020599999, 404067.676600002], [500292.623599999, 404056.753400002], [500278.208999999, 404052.649799999], [500269.283500001, 404062.4417], [500261.279200003, 404071.778900001], [500249.839699998, 404063.805199999], [500244.120300002, 404050.142700002], [500244.1206, 404037.1679], [500244.121100001, 404014.855700001], [500234.054300003, 403994.362], [500228.795299999, 403982.285300002], [500226.050800003, 403968.634], [500225.369499996, 403954.517000001], [500238.402999997, 403945.856400002], [500258.537900001, 403942.219500002], [500278.893299997, 403957.013500001], [500291.253799997, 403969.9998], [500298.336900003, 403971.131099999], [500317.329599999, 403967.494399998], [500330.1417, 403970.000999998], [500344.326099999, 403974.093600001], [500360.334299996, 403976.833299998], [500381.151199996, 403964.535799999], [500386.872000001, 403941.5363], [500372.9186, 403915.807999998], [500355.538599998, 403895.092], [500345.922700003, 403887.340100002], [500345.011399999, 403872.313700002], [500349.819700003, 403864.573399998], [500366.058799997, 403856.833500002], [500380.243699998, 403852.054400001], [500405.408200003, 403843.6274], [500450.478100002, 403822.914099999], [500471.064800002, 403816.760400001], [500484.098300002, 403815.175299998], [500502.179399997, 403814.034000002], [500519.100100003, 403809.022399999], [500533.055500001, 403795.138999999], [500535.580200002, 403778.7377], [500539.697999999, 403769.411699999], [500564.632299997, 403764.855300002], [500587.733999997, 403756.661499999], [500594.8266, 403753.701000001], [500610.384599999, 403743.909899998], [500614.502800003, 403728.883900002], [500612.2196, 403711.805799998], [500607.6435, 403683.793400001], [500601.693499997, 403678.1041], [500586.827100001, 403673.545299999], [500583.622199997, 403665.8046], [500580.426299997, 403659.2062], [500568.065099999, 403659.427200001], [500560.060599998, 403660.568999998], [500547.7082, 403666.944699999], [500539.472999997, 403675.139400002], [500531.007600002, 403682.646600001], [500520.479199998, 403687.2038], [500503.328299999, 403686.2936], [500491.427900001, 403680.149300002], [500478.615699999, 403673.539299998], [500468.778399996, 403670.5779], [500458.719899997, 403671.0321], [500454.141999997, 403670.1226], [500451.627800003, 403662.614799999], [500455.515699998, 403645.537099998], [500460.379900001, 403629.867800001], [500472.170500003, 403621.329500001], [500505.413800001, 403612.792199999], [500528.295100004, 403596.425299998], [500542.2324, 403580.7676], [500557.247199997, 403570.455200002], [500564.754500002, 403566.1862], [500579.768700004, 403567.251699999], [500589.780900002, 403571.5218], [500606.2227, 403574.3728], [500625.520099998, 403572.588599998], [500638.038000002, 403574.729699999], [500648.040899999, 403580.419300001], [500661.2685, 403574.7313], [500669.846199997, 403544.135899998], [500658.416299999, 403527.412], [500632.323100001, 403494.673999999], [500600.1492, 403479.734299999], [500570.122100003, 403453.394900002], [500566.550700001, 403410.699999999], [500577.633400001, 403385.7936], [500583.7139, 403368.006299999], [500585.502999999, 403333.4958], [500572.996200003, 403296.489300001], [500561.556599997, 403279.7656], [500590.868799999, 403255.936000001], [500624.472900003, 403245.6138], [500644.130099997, 403246.3248], [500664.865500003, 403241.346999999], [500677.375299998, 403231.3895], [500691.682099998, 403212.5273], [500703.473300002, 403206.839200001], [500722.781199999, 403199.011399999], [500752.094099998, 403174.4615], [500794.995399997, 403136.039799999], [500798.211900003, 403115.402399998], [500797.144599996, 403101.1745], [500783.918300003, 403081.600400001], [500773.547200002, 403066.662], [500754.959600002, 403047.7973], [500727.795000002, 403040.675700001], [500677.747900002, 403043.167199999], [500664.880400002, 403025.378699999], [500659.521700002, 402989.4373], [500662.7381, 402967.380399998], [500670.247400001, 402941.764199998], [500692.411600001, 402932.872000001], [500714.215400003, 402937.8528], [500727.802000001, 402948.521899998], [500746.031099997, 402960.267099999], [500778.208300002, 402953.1613], [500790.718699999, 402942.837900002], [500803.587899998, 402938.214699998], [500822.895999998, 402935.7212], [500856.850000002, 402941.0693], [500874.369900003, 402951.029199999], [500886.1602, 402959.569200002], [500896.168099999, 403015.427999999], [500902.244900003, 403046.035700001], [500935.123999998, 403113.285599999], [500946.562899999, 403132.8486], [500966.578100003, 403148.154199999], [500993.740699999, 403169.859099999], [501003.393700004, 403177.334399998], [501039.4925, 403188.372400001], [501079.176299997, 403182.6767], [501097.406499997, 403177.6996], [501126.716899998, 403183.391899999], [501176.401900001, 403199.765999999], [501208.216600001, 403214.718600001], [501253.968999997, 403222.5537], [501263.262800001, 403227.179200001], [501293.6492, 403244.616], [501306.515799999, 403257.781], [501324.742399998, 403278.775899999], [501336.181199998, 403291.2311], [501344.046099998, 403303.685699999], [501351.550499998, 403324.324299999], [501364.057599999, 403338.199099999], [501375.846900001, 403346.739700001], [501392.296300001, 403361.335900001], [501425.182700001, 403348.532299999], [501455.564999998, 403327.1895], [501480.9551, 403304.770399999], [501501.334100001, 403283.071400002], [501520.2742, 403274.535399999], [501542.0907, 403250.696400002], [501545.666699998, 403238.254500002], [501532.082999997, 403217.9696], [501522.071099997, 403211.5583], [501501.697800003, 403195.5418], [501486.333800003, 403190.560199998], [501468.456900001, 403173.1248], [501469.179300003, 403147.508099999], [501470.250799999, 403128.290100001], [501473.826899998, 403115.1274], [501474.9076, 403095.920600001], [501448.093199998, 403091.647], [501431.290700004, 403095.559099998], [501405.911600001, 403103.018599998], [501389.729599997, 403108.785300002]]}, "properties": {"edge_id": 473, "source_node": 541, "target_node": 542, "length_m": 4999.999999480702, "z_start": 73.0, "z_end": 73.0, "dz": 0.0, "slope": 0.0, "direction_status": "FLAT_SEGMENT", "confidence": "LOW", "qa_comment": "Difference altimetrique <= 1 m; segment plat ou incertain a revoir.", "review_status": "TO_REVIEW", "direction_runtime": "SOURCE_TO_TARGET", "direction_mnt": "UNDETERMINED", "mnt_source": "C:\\dev\\WQDSS\\data\\MNT SEBOU 30N 30M\\seboureproj", "review_decision": "", "reviewer": "", "review_comment": "", "needs_business_validation": true}}, {"type": "Feature", "geometry": {"type": "LineString", "crs": {"type": "name", "properties": {"name": "EPSG:26191"}}, "coordinates": [[452061.155000001, 438435.0825], [452066.450900003, 438486.1173], [452011.452600002, 438710.5946], [451581.550099999, 439178.942600001], [451322.406999998, 439335.148499999], [451052.084200002, 439354.6054], [450771.067299999, 439150.1439], [450474.389899999, 438833.737100001], [450279.799800001, 438592.0647], [450098.479800001, 438499.995000001], [450029.443000004, 438543.888799999], [449942.6294, 438900.355099998], [450010.764200002, 439049.944499999], [450294.454300001, 439261.778900001], [450959.434900001, 439787.025899999], [451105.2971, 440007.854800001], [451095.5951, 440422.427499998], [451073.195, 440659.369100001]]}, "properties": {"edge_id": 481, "source_node": 312, "target_node": 364, "length_m": 5518.527439291769, "z_start": 19.0, "z_end": 19.0, "dz": 0.0, "slope": 0.0, "direction_status": "FLAT_SEGMENT", "confidence": "LOW", "qa_comment": "Difference altimetrique <= 1 m; segment plat ou incertain a revoir.", "review_status": "TO_REVIEW", "direction_runtime": "SOURCE_TO_TARGET", "direction_mnt": "UNDETERMINED", "mnt_source": "C:\\dev\\WQDSS\\data\\MNT SEBOU 30N 30M\\seboureproj", "review_decision": "", "reviewer": "", "review_comment": "", "needs_business_validation": true}}, {"type": "Feature", "geometry": {"type": "LineString", "crs": {"type": "name", "properties": {"name": "EPSG:26191"}}, "coordinates": [[472469.240999997, 420976.650600001], [472397.863200001, 420967.9153], [472287.836000003, 421125.339200001], [472193.862800002, 421376.964299999], [472071.732900001, 421454.6305], [471957.032300003, 421346.2344], [471923.097000003, 421223.839899998], [471802.144400001, 421016.914799999], [471651.752499998, 420865.363899998], [471405.760399997, 420415.491099998], [471291.381499998, 420421.289099999], [471070.785999998, 420547.638999999], [470745.733499996, 420725.2168], [470660.544100001, 420596.0187], [470752.139300004, 420464.794799998], [470896.301299997, 420265.361900002], [470958.769599996, 420045.217300002], [470906.115099996, 419971.991799999], [470729.650399998, 419980.158599999], [470475.338699996, 420051.738499999], [470169.580200002, 420063.353100002], [470112.902800001, 420250.4355], [470170.898800001, 420487.556000002], [470135.032899998, 420609.950199999], [469980.5141, 420822.136999998], [470004.750399999, 421001.2601], [470086.185999997, 421175.0922], [470082.114200003, 421221.126800001]]}, "properties": {"edge_id": 493, "source_node": 572, "target_node": 525, "length_m": 5542.468153350571, "z_start": 31.0, "z_end": 31.0, "dz": 0.0, "slope": 0.0, "direction_status": "FLAT_SEGMENT", "confidence": "LOW", "qa_comment": "Difference altimetrique <= 1 m; segment plat ou incertain a revoir.", "review_status": "TO_REVIEW", "direction_runtime": "SOURCE_TO_TARGET", "direction_mnt": "UNDETERMINED", "mnt_source": "C:\\dev\\WQDSS\\data\\MNT SEBOU 30N 30M\\seboureproj", "review_decision": "", "reviewer": "", "review_comment": "", "needs_business_validation": true}}, {"type": "Feature", "geometry": {"type": "LineString", "crs": {"type": "name", "properties": {"name": "EPSG:26191"}}, "coordinates": [[522700.630700007, 444397.741100006], [522066.442900017, 444089.048200004], [521823.826200008, 443970.9703], [520752.791900001, 444123.161200002], [520115.389300004, 444179.199499998]]}, "properties": {"edge_id": 501, "source_node": 270, "target_node": 581, "length_m": 2696.8054016760316, "z_start": 144.0, "z_end": 144.0, "dz": 0.0, "slope": 0.0, "direction_status": "FLAT_SEGMENT", "confidence": "LOW", "qa_comment": "Difference altimetrique <= 1 m; segment plat ou incertain a revoir.", "review_status": "TO_REVIEW", "direction_runtime": "SOURCE_TO_TARGET", "direction_mnt": "UNDETERMINED", "mnt_source": "C:\\dev\\WQDSS\\data\\MNT SEBOU 30N 30M\\seboureproj", "review_decision": "", "reviewer": "", "review_comment": "", "needs_business_validation": true}}, {"type": "Feature", "geometry": {"type": "LineString", "crs": {"type": "name", "properties": {"name": "EPSG:26191"}}, "coordinates": [[520115.389300004, 444179.199499998], [519685.130800016, 444186.146800004], [518784.593500003, 444141.235300001], [518584.599900007, 444030.526000004]]}, "properties": {"edge_id": 502, "source_node": 581, "target_node": 582, "length_m": 1560.5624146362381, "z_start": 144.0, "z_end": 144.0, "dz": 0.0, "slope": 0.0, "direction_status": "FLAT_SEGMENT", "confidence": "LOW", "qa_comment": "Difference altimetrique <= 1 m; segment plat ou incertain a revoir.", "review_status": "TO_REVIEW", "direction_runtime": "SOURCE_TO_TARGET", "direction_mnt": "UNDETERMINED", "mnt_source": "C:\\dev\\WQDSS\\data\\MNT SEBOU 30N 30M\\seboureproj", "review_decision": "", "reviewer": "", "review_comment": "", "needs_business_validation": true}}, {"type": "Feature", "geometry": {"type": "LineString", "crs": {"type": "name", "properties": {"name": "EPSG:26191"}}, "coordinates": [[482736.558300003, 421938.961399998], [482753.724600002, 422027.6567], [482770.158600002, 422388.909400001], [482786.582199998, 422750.162700001], [483054.965999998, 422812.512400001], [483280.537100002, 422617.090799998], [483547.317599997, 422382.188499998], [483780.248899996, 422449.987], [483815.938299999, 422756.256299999], [483420.699900001, 423195.848000001], [483029.659000002, 423363.709899999], [482849.708400004, 423603.2522], [482924.9718, 424010.883000001], [482852.151699998, 424116.472800002], [482536.752700001, 424211.2782], [482208.210699998, 424144.4848], [482029.8204, 423775.3473], [482159.567000002, 423496.708900001]]}, "properties": {"edge_id": 503, "source_node": 583, "target_node": 578, "length_m": 5535.007038451181, "z_start": 32.0, "z_end": 32.0, "dz": 0.0, "slope": 0.0, "direction_status": "FLAT_SEGMENT", "confidence": "LOW", "qa_comment": "Difference altimetrique <= 1 m; segment plat ou incertain a revoir.", "review_status": "TO_REVIEW", "direction_runtime": "SOURCE_TO_TARGET", "direction_mnt": "UNDETERMINED", "mnt_source": "C:\\dev\\WQDSS\\data\\MNT SEBOU 30N 30M\\seboureproj", "review_decision": "", "reviewer": "", "review_comment": "", "needs_business_validation": true}}, {"type": "Feature", "geometry": {"type": "LineString", "crs": {"type": "name", "properties": {"name": "EPSG:26191"}}, "coordinates": [[484282.262976378, 453088.640071361], [484280.236699998, 453088.609499998], [484252.273000002, 453107.745099999], [484249.856600001, 453131.719099998], [484238.123999998, 453174.309999999], [484220.985299997, 453211.530200001], [484231.846699998, 453240.873199999], [484227.476400003, 453274.633699998], [484191.121399999, 453289.379799999], [484174.424199998, 453299.6787], [484165.612999998, 453318.7718], [484181.889799997, 453353.485399999], [484179.531999998, 453412.699200001], [484186.9142, 453432.752599999], [484153.048100002, 453467.0502], [484159.005199999, 453484.1666], [484176.229900002, 453499.312100001], [484201.8125, 453509.541099999], [484266.719499998, 453522.644900002], [484325.726899996, 453536.7348], [484354.770300001, 453562.1327], [484354.819899999, 453592.4696], [484324.4168, 453637.531399999], [484322.983400002, 453674.2377], [484305.370300002, 453712.423599999], [484292.634400003, 453740.829399999], [484267.0955, 453751.142700002], [484205.6285, 453739.497400001], [484151.536399998, 453721.484499998], [484090.078199998, 453731.868999999], [484016.892999999, 453748.6182], [484004.617899999, 453772.620000001], [483961.869499996, 453781.9868], [483905.811999999, 453766.9069], [483826.616899997, 453735.239300001], [483806.947300002, 453715.706], [483723.811300002, 453694.805300001], [483687.925999999, 453693.4023], [483673.251800001, 453717.885499999], [483661.979699999, 453754.608800001], [483637.9494, 453783.999699999], [483598.671800002, 453797.277800001], [483540.711999998, 453821.846700002], [483521.569399998, 453853.192899998], [483485.308600001, 453904.623300001], [483428.917400002, 453982.521299999], [483410.792800002, 454019.245700002], [483417.202500001, 454043.204799999], [483404.509900004, 454078.943599999], [483431.0942, 454101.891600002], [483478.838100001, 454142.4175], [483515.258699998, 454168.288199998], [483514.790100001, 454183.452], [483499.096600004, 454205.985199999], [483512.402800001, 454223.088599998], [483536.4881, 454226.4745], [483555.626000002, 454208.827199999], [483597.909100004, 454212.6701], [483633.335299998, 454236.091600001], [483657.4648, 454260.020599999], [483676.612899996, 454264.3915], [483718.8499, 454241.325300001], [483738.055600002, 454252.551199999], [483743.008299999, 454271.621399999], [483746.008599997, 454300.977299999], [483718.080300003, 454354.344999999], [483720.612499997, 454399.352899998], [483725.052900001, 454424.3028], [483747.259199999, 454459.970800001], [483784.156000003, 454481.438099999], [483820.538900003, 454486.268199999], [483861.809699997, 454477.391199999], [483872.739299998, 454547.3424], [483874.769100003, 454599.195099998], [483864.996600002, 454633.941300001], [483884.709399998, 454647.607000001], [483927.438000001, 454672.4703], [483960.892899998, 454691.0491], [483986.292900004, 454687.013300002], [484006.304399997, 454660.3585], [484030.7214, 454654.704999998], [484069.026799999, 454637.026700001], [484092.5788, 454612.529100001], [484094.480300002, 454571.429299999], [484135.708700001, 454537.108100001], [484135.629199997, 454489.1677], [484153.718500003, 454463.204100002], [484209.7848, 454480.7258], [484324.861500002, 454523.5964], [484329.357500002, 454538.752099998], [484306.265699998, 454570.5913], [484272.468699999, 454611.255399998], [484237.204000004, 454689.5913], [484170.456699997, 454744.486000001], [484191.145800002, 454772.836800002], [484162.134199999, 454797.8312], [484165.658100002, 454817.880100001], [484234.953599997, 454841.7359], [484304.351499997, 454872.447099999], [484364.388800003, 454916.3849], [484374.258400001, 454945.718800001], [484358.623000003, 454998.576699998], [484309.522500001, 455030.946600001], [484304.672799997, 455068.1358], [484335.1818, 455090.591899998], [484382.4146, 455120.840799998], [484430.632100001, 455154.027800001], [484429.7267, 455200.0178], [484444.593599997, 455277.284400001], [484386.6501, 455307.7161], [484344.362099998, 455292.123], [484301.156800002, 455320.5678], [484290.395999998, 455350.922800001], [484308.115800001, 455368.497200001], [484372.516719678, 455422.713895167]]}, "properties": {"edge_id": 533, "source_node": 538, "target_node": 618, "length_m": 5000.000000017224, "z_start": 129.0, "z_end": 129.0, "dz": 0.0, "slope": 0.0, "direction_status": "FLAT_SEGMENT", "confidence": "LOW", "qa_comment": "Difference altimetrique <= 1 m; segment plat ou incertain a revoir.", "review_status": "TO_REVIEW", "direction_runtime": "SOURCE_TO_TARGET", "direction_mnt": "UNDETERMINED", "mnt_source": "C:\\dev\\WQDSS\\data\\MNT SEBOU 30N 30M\\seboureproj", "review_decision": "", "reviewer": "", "review_comment": "", "needs_business_validation": true}}, {"type": "Feature", "geometry": {"type": "LineString", "crs": {"type": "name", "properties": {"name": "EPSG:26191"}}, "coordinates": [[516387.880199999, 459020.208900001], [516421.244900003, 459004.4364], [516463.732100002, 458981.514800001], [516476.1664, 458935.0033], [516488.043099999, 458903.998100001], [516449.952, 458868.103799999], [516415.6237, 458832.748500001], [516371.104800001, 458790.421], [516367.969899997, 458738.536200002], [516352.490500003, 458675.393599998], [516349.352799997, 458625.105999999], [516354.289099999, 458566.291200001], [516375.894000001, 458502.1362], [516428.633500002, 458456.769900002], [516523.239100002, 458437.144000001], [516646.328400001, 458412.210999999], [516731.754000001, 458420.923599999], [516776.837800004, 458449.354899999], [516803.127300002, 458472.928100001], [516828.8763, 458496.511700001], [516844.969899997, 458510.982299998], [516909.969099998, 458520.725400001], [516969.640299998, 458508.529599998], [517029.850400001, 458492.0535], [517111.035599999, 458464.378600001], [517127.783200003, 458415.202500001], [517125.108800001, 458405.037], [517125.228500001, 458338.1831], [517119.383400001, 458303.4089], [517138.797700003, 458263.854899999], [517208.162, 458235.638300002], [517266.767200001, 458216.487599999], [517311.466399998, 458163.6131], [517359.931000002, 458105.3992], [517410.022100002, 458044.515299998], [517432.690300003, 457989.460499998], [517459.674800001, 457923.188200001], [517522.605800003, 457893.886300001], [517627.491400003, 457836.842300002], [517691.4881, 457811.281599998], [517758.677500002, 457802.853999998], [517818.319200002, 457804.562199999], [517900.021799996, 457793.489399999], [517966.730300002, 457753.493299998], [518015.696999997, 457718.821800001], [518058.208800003, 457687.876600001], [518068.503300004, 457644.569200002], [518038.465400003, 457612.943399999], [518008.961499996, 457584.546700001], [517933.8508, 457522.887200002], [517934.447300002, 457488.113600001], [517960.810900003, 457472.123500001], [518059.2434, 457426.297800001], [518135.058399998, 457367.7958], [518218.899899997, 457265.106699999], [518381.566399999, 457103.802200001], [518663.8605, 456998.239700001], [518773.826300003, 456960.907299999], [518908.268700004, 456979.130899999], [519001.104000002, 457090.449299999], [519040.254799999, 457186.265500002], [519142.868900001, 457247.389800001], [519236.690499999, 457330.249699999], [519326.070500001, 457443.5612], [519398.025200002, 457530.737799998], [519450.317599997, 457611.341699999], [519550.713100001, 457683.3365], [519675.288800001, 457683.5922], [519742.081299998, 457621.2795]]}, "properties": {"edge_id": 551, "source_node": 641, "target_node": 640, "length_m": 5376.343547885984, "z_start": 201.0, "z_end": 200.0, "dz": 1.0, "slope": 0.00018600001861733838, "direction_status": "FLAT_SEGMENT", "confidence": "LOW", "qa_comment": "Difference altimetrique <= 1 m; segment plat ou incertain a revoir.", "review_status": "TO_REVIEW", "direction_runtime": "SOURCE_TO_TARGET", "direction_mnt": "UNDETERMINED", "mnt_source": "C:\\dev\\WQDSS\\data\\MNT SEBOU 30N 30M\\seboureproj", "review_decision": "", "reviewer": "", "review_comment": "", "needs_business_validation": true}}, {"type": "Feature", "geometry": {"type": "LineString", "crs": {"type": "name", "properties": {"name": "EPSG:26191"}}, "coordinates": [[478189.922200002, 428691.689599998], [478646.4626, 429160.6461], [479473.891500004, 430033.117699999], [480235.328100003, 430422.714299999], [480503.507600002, 430486.314800002], [480645.041199997, 430297.693999998], [480439.211900003, 429884.1457], [479949.0251, 429236.311900001], [479877.087499998, 428773.599399999], [480025.1127, 428194.302999999]]}, "properties": {"edge_id": 585, "source_node": 608, "target_node": 609, "length_m": 5564.177612719045, "z_start": 32.0, "z_end": 31.0, "dz": 1.0, "slope": 0.00017972107822620894, "direction_status": "FLAT_SEGMENT", "confidence": "LOW", "qa_comment": "Difference altimetrique <= 1 m; segment plat ou incertain a revoir.", "review_status": "TO_REVIEW", "direction_runtime": "SOURCE_TO_TARGET", "direction_mnt": "UNDETERMINED", "mnt_source": "C:\\dev\\WQDSS\\data\\MNT SEBOU 30N 30M\\seboureproj", "review_decision": "", "reviewer": "", "review_comment": "", "needs_business_validation": true}}, {"type": "Feature", "geometry": {"type": "LineString", "crs": {"type": "name", "properties": {"name": "EPSG:26191"}}, "coordinates": [[513603.891999997, 441939.450599998], [513622.344099998, 441925.5348], [513702.0977, 441906.050000001], [513745.448100001, 441879.659000002], [513799.179200001, 441856.776900001], [513875.504199997, 441809.378600001]]}, "properties": {"edge_id": 589, "source_node": 674, "target_node": 346, "length_m": 304.2077235909937, "z_start": 86.0, "z_end": 86.0, "dz": 0.0, "slope": 0.0, "direction_status": "FLAT_SEGMENT", "confidence": "LOW", "qa_comment": "Difference altimetrique <= 1 m; segment plat ou incertain a revoir.", "review_status": "TO_REVIEW", "direction_runtime": "SOURCE_TO_TARGET", "direction_mnt": "UNDETERMINED", "mnt_source": "C:\\dev\\WQDSS\\data\\MNT SEBOU 30N 30M\\seboureproj", "review_decision": "", "reviewer": "", "review_comment": "", "needs_business_validation": true}}, {"type": "Feature", "geometry": {"type": "LineString", "crs": {"type": "name", "properties": {"name": "EPSG:26191"}}, "coordinates": [[526989.527599998, 450791.419300001], [526992.7782, 450787.3191], [527436.554899998, 450353.963599998], [527513.754299998, 450181.893399999], [527602.810699999, 449799.510299999], [527595.9146, 449657.413400002], [527583.315800004, 449591.7793], [527539.2883, 449511.380100001], [527316.216399998, 449446.118799999], [527286.785400003, 449418.626699999], [527272.180500001, 449367.673], [527232.410999998, 449171.753899999], [527181.582900003, 449060.0024], [527062.475100003, 448895.327], [527005.822400004, 448754.177700002], [526892.736599997, 448594.135899998], [526784.848200001, 448482.215599999], [526705.479599997, 448445.077300001]]}, "properties": {"edge_id": 613, "source_node": 692, "target_node": 269, "length_m": 2950.2346997779455, "z_start": 145.0, "z_end": 144.0, "dz": 1.0, "slope": 0.00033895608375674884, "direction_status": "FLAT_SEGMENT", "confidence": "LOW", "qa_comment": "Difference altimetrique <= 1 m; segment plat ou incertain a revoir.", "review_status": "TO_REVIEW", "direction_runtime": "SOURCE_TO_TARGET", "direction_mnt": "UNDETERMINED", "mnt_source": "C:\\dev\\WQDSS\\data\\MNT SEBOU 30N 30M\\seboureproj", "review_decision": "", "reviewer": "", "review_comment": "", "needs_business_validation": true}}, {"type": "Feature", "geometry": {"type": "LineString", "crs": {"type": "name", "properties": {"name": "EPSG:26191"}}, "coordinates": [[474112.599200003, 426604.651100002], [474146.987000003, 426710.3301], [473923.026699998, 427083.628400002], [473460.233199999, 427925.021400005], [473293.739200003, 428172.353], [473167.742399998, 428307.901299998], [473129.042800002, 428566.247499999], [473240.222200006, 428775.109000005], [473480.972999997, 428866.072200004], [473946.458099999, 428960.354400005], [474183.224200003, 429039.3792], [474398.1008, 428966.002900004], [474541.845900007, 428982.500300005], [474671.852399997, 428945.456500001], [474710.633300006, 428699.304699998], [474592.7861, 428417.045200001], [474450.10930001, 428066.767499998], [474544.168500006, 427777.658600002], [474696.200800002, 427714.260900002], [474869.4969, 427677.7601], [474910.3948, 427669.146499999], [475099.921700001, 427769.522700004], [475596.151500002, 428077.512500003], [475830.276000001, 428042.1943], [476172.397, 427752.279800005], [476770.548500001, 427176.201699998], [477097.788500011, 427155.983600006], [477238.360900007, 427235.524200007], [477258.644400008, 427473.715799998], [477264.554399997, 427722.544400003], [477066.214699998, 428050.337900005], [476974.412100002, 428322.536600001], [477071.794299997, 428485.559500005], [477542.922799997, 428639.460200001], [478090.843400002, 428589.925300002], [478189.922200009, 428691.689599998]]}, "properties": {"edge_id": 617, "source_node": 696, "target_node": 608, "length_m": 10937.139665220138, "z_start": 33.0, "z_end": 32.0, "dz": 1.0, "slope": 9.143158363241697e-05, "direction_status": "FLAT_SEGMENT", "confidence": "LOW", "qa_comment": "Difference altimetrique <= 1 m; segment plat ou incertain a revoir.", "review_status": "TO_REVIEW", "direction_runtime": "SOURCE_TO_TARGET", "direction_mnt": "UNDETERMINED", "mnt_source": "C:\\dev\\WQDSS\\data\\MNT SEBOU 30N 30M\\seboureproj", "review_decision": "", "reviewer": "", "review_comment": "", "needs_business_validation": true}}, {"type": "Feature", "geometry": {"type": "LineString", "crs": {"type": "name", "properties": {"name": "EPSG:26191"}}, "coordinates": [[469512.679499999, 426741.8499], [469635.9023, 426805.978999998], [469764.230400004, 426795.569699999], [469946.509599999, 426571.840599999], [470108.461199999, 426530.908799998], [470313.036200002, 426627.228300002], [470578.002999999, 426806.180799998], [470822.9855, 426837.817200001], [471069.695, 426787.616300002], [471223.105700001, 426659.190200001], [471489.879600003, 426258.995499998], [471726.462800004, 426177.8211], [472057.863399997, 426221.012899999], [472314.5352, 426335.2788], [472703.196999997, 426546.717599999], [473056.806199998, 426641.2971], [473380.269599996, 426676.704700001], [473653.886100002, 426650.828699999], [473876.984700002, 426612.343600001], [474031.097199999, 426582.2907], [474110.998099998, 426599.7311], [474112.599200003, 426604.651099998]]}, "properties": {"edge_id": 618, "source_node": 695, "target_node": 696, "length_m": 5193.32742871269, "z_start": 32.0, "z_end": 33.0, "dz": -1.0, "slope": -0.0001925547760519074, "direction_status": "FLAT_SEGMENT", "confidence": "LOW", "qa_comment": "Difference altimetrique <= 1 m; segment plat ou incertain a revoir.", "review_status": "TO_REVIEW", "direction_runtime": "SOURCE_TO_TARGET", "direction_mnt": "UNDETERMINED", "mnt_source": "C:\\dev\\WQDSS\\data\\MNT SEBOU 30N 30M\\seboureproj", "review_decision": "", "reviewer": "", "review_comment": "", "needs_business_validation": true}}, {"type": "Feature", "geometry": {"type": "LineString", "crs": {"type": "name", "properties": {"name": "EPSG:26191"}}, "coordinates": [[421071.116099998, 473693.904399998], [420950.522699997, 473717.345899999], [420882.467, 473792.127099998], [420814.218000002, 473843.4804], [420671.216499999, 473872.0031], [420641.891099997, 473912.783500001], [420606.329800002, 474001.951499999], [420594.277400002, 474012.912599999], [420578.022100002, 474018.794399999], [420468.167300001, 473994.116099998], [420404.206500001, 473970.431699999], [420375.209700003, 473963.839899998], [420346.259099998, 473963.8818], [420195.497199997, 474002.250100002], [420051.030599996, 474090.079599999], [419988.392399996, 474107.500399999]]}, "properties": {"edge_id": 651, "source_node": 728, "target_node": 718, "length_m": 1264.1362970943155, "z_start": 0.0, "z_end": 0.0, "dz": 0.0, "slope": 0.0, "direction_status": "FLAT_SEGMENT", "confidence": "LOW", "qa_comment": "Difference altimetrique <= 1 m; segment plat ou incertain a revoir.", "review_status": "TO_REVIEW", "direction_runtime": "SOURCE_TO_TARGET", "direction_mnt": "UNDETERMINED", "mnt_source": "C:\\dev\\WQDSS\\data\\MNT SEBOU 30N 30M\\seboureproj", "review_decision": "", "reviewer": "", "review_comment": "", "needs_business_validation": true}}, {"type": "Feature", "geometry": {"type": "LineString", "crs": {"type": "name", "properties": {"name": "EPSG:26191"}}, "coordinates": [[415406.403999999, 458112.2108], [415389.740699999, 458174.331099998], [415331.097400002, 458303.138999999], [415267.720899999, 458422.7157], [415113.732199997, 458655.534400001], [414950.234899998, 458908.918000001], [414819.391999997, 459123.7432], [414694.196699999, 459318.0537], [414585.8781, 459489.02], [414526.935900003, 459582.272700001], [414486.603699997, 459673.429099999], [414472.102700002, 459744.6534], [414470.859800003, 459822.703299999], [414496.165600002, 459917.1329], [414535.305699997, 459992.082400002], [414565.438100003, 460024.935699999], [414659.789499998, 460134.5119], [414744.9604, 460223.282900002], [414801.714400001, 460295.6796], [414978.486900002, 460483.539799999], [415669.446400002, 461260.870299999], [415699.383900002, 461279.031599998], [415780.749200001, 461380.8468], [415880.662900001, 461485.694200002], [415918.100000002, 461534.229499999], [415961.528800003, 461622.758000001], [415984.603, 461684.2434], [416000.1642, 461806.6514], [416120.651000001, 462280.234200001], [416252.691, 462799.227699999], [416271.4274, 462916.794500001], [416274.354400001, 462976.0394], [416266.136200003, 463047.3957], [416222.713600002, 463142.278700002], [416203.395900004, 463232.945799999], [416007.5233, 463846.319899999], [415988.132799998, 463924.1426], [415983.8631, 463978.858399998], [416179.177500002, 464507.274900001], [416352.874300003, 465510.677299999], [416379.410400003, 465600.921599999], [416685.793899998, 466236.374299999], [416745.363600001, 466338.268300001], [417118.3028, 466976.285599999]]}, "properties": {"edge_id": 653, "source_node": 730, "target_node": 731, "length_m": 10000.000029356823, "z_start": 3.0, "z_end": 2.0, "dz": 1.0, "slope": 9.999999970643178e-05, "direction_status": "FLAT_SEGMENT", "confidence": "LOW", "qa_comment": "Difference altimetrique <= 1 m; segment plat ou incertain a revoir.", "review_status": "TO_REVIEW", "direction_runtime": "SOURCE_TO_TARGET", "direction_mnt": "UNDETERMINED", "mnt_source": "C:\\dev\\WQDSS\\data\\MNT SEBOU 30N 30M\\seboureproj", "review_decision": "", "reviewer": "", "review_comment": "", "needs_business_validation": true}}, {"type": "Feature", "geometry": {"type": "LineString", "crs": {"type": "name", "properties": {"name": "EPSG:26191"}}, "coordinates": [[419445.653499998, 470572.3983], [419725.8895, 470423.4032], [419927.164499998, 470316.202100001], [420054.953199998, 470340.5352], [420196.799699999, 470401.8715], [420246.615699999, 470491.335099999], [420244.585100003, 470717.993299998], [420055.613700002, 471356.5009], [420034.612999998, 471895.870999999], [420143.154299997, 472436.088399999], [420249.7984, 472750.6787], [420241.952100001, 472868.925299998], [420134.509599999, 473045.670200001], [420085.688000001, 473132.510000002], [420072.278700002, 473228.294500001], [420074.471100002, 473374.324999999], [420039.268399999, 473622.686999999], [420031.1479, 473656.502300002], [420017.736000001, 473863.102699999], [419988.392399996, 474107.500399999]]}, "properties": {"edge_id": 655, "source_node": 732, "target_node": 718, "length_m": 4654.5114450446345, "z_start": 0.0, "z_end": 0.0, "dz": 0.0, "slope": 0.0, "direction_status": "FLAT_SEGMENT", "confidence": "LOW", "qa_comment": "Difference altimetrique <= 1 m; segment plat ou incertain a revoir.", "review_status": "TO_REVIEW", "direction_runtime": "SOURCE_TO_TARGET", "direction_mnt": "UNDETERMINED", "mnt_source": "C:\\dev\\WQDSS\\data\\MNT SEBOU 30N 30M\\seboureproj", "review_decision": "", "reviewer": "", "review_comment": "", "needs_business_validation": true}}, {"type": "Feature", "geometry": {"type": "LineString", "crs": {"type": "name", "properties": {"name": "EPSG:26191"}}, "coordinates": [[419988.392399996, 474107.500399999], [419946.704400003, 474166.403099999], [419894.9679, 474198.1217], [419683.786200002, 474222.987799998]]}, "properties": {"edge_id": 656, "source_node": 718, "target_node": 719, "length_m": 345.4885999230754, "z_start": 0.0, "z_end": 0.0, "dz": 0.0, "slope": 0.0, "direction_status": "FLAT_SEGMENT", "confidence": "LOW", "qa_comment": "Difference altimetrique <= 1 m; segment plat ou incertain a revoir.", "review_status": "TO_REVIEW", "direction_runtime": "SOURCE_TO_TARGET", "direction_mnt": "UNDETERMINED", "mnt_source": "C:\\dev\\WQDSS\\data\\MNT SEBOU 30N 30M\\seboureproj", "review_decision": "", "reviewer": "", "review_comment": "", "needs_business_validation": true}}, {"type": "Feature", "geometry": {"type": "LineString", "crs": {"type": "name", "properties": {"name": "EPSG:26191"}}, "coordinates": [[545174.201200001, 402354.810899999], [545172.623000003, 402361.4595]]}, "properties": {"edge_id": 664, "source_node": 430, "target_node": 329, "length_m": 6.833344510856902, "z_start": 132.0, "z_end": 132.0, "dz": 0.0, "slope": 0.0, "direction_status": "FLAT_SEGMENT", "confidence": "LOW", "qa_comment": "Difference altimetrique <= 1 m; segment plat ou incertain a revoir.", "review_status": "TO_REVIEW", "direction_runtime": "SOURCE_TO_TARGET", "direction_mnt": "UNDETERMINED", "mnt_source": "C:\\dev\\WQDSS\\data\\MNT SEBOU 30N 30M\\seboureproj", "review_decision": "", "reviewer": "", "review_comment": "", "needs_business_validation": true}}, {"type": "Feature", "geometry": {"type": "LineString", "crs": {"type": "name", "properties": {"name": "EPSG:26191"}}, "coordinates": [[545172.623000003, 402361.4595], [545168.586891842, 402366.547699457]]}, "properties": {"edge_id": 665, "source_node": 329, "target_node": 330, "length_m": 6.494608749446885, "z_start": 132.0, "z_end": 132.0, "dz": 0.0, "slope": 0.0, "direction_status": "FLAT_SEGMENT", "confidence": "LOW", "qa_comment": "Difference altimetrique <= 1 m; segment plat ou incertain a revoir.", "review_status": "TO_REVIEW", "direction_runtime": "SOURCE_TO_TARGET", "direction_mnt": "UNDETERMINED", "mnt_source": "C:\\dev\\WQDSS\\data\\MNT SEBOU 30N 30M\\seboureproj", "review_decision": "", "reviewer": "", "review_comment": "", "needs_business_validation": true}}, {"type": "Feature", "geometry": {"type": "LineString", "crs": {"type": "name", "properties": {"name": "EPSG:26191"}}, "coordinates": [[545168.586891842, 402366.547699457], [545149.232100002, 402390.947700001], [545088.600900002, 402462.468400002], [545040.346900001, 402635.384100001], [544992.168099999, 402792.5645], [544993.268299997, 402860.615600001], [544988.6017, 403017.267999999], [545099.789499998, 402995.587499998], [545222.292099997, 403022.4344], [545372.550800003, 403121.219], [545509.343400002, 403182.0713], [545612.588200003, 403230.656399999], [545658.417999998, 403319.513500001], [545636.371699996, 403549.097600002], [545626.530900002, 403706.9232], [545588.590899996, 403739.723900002], [545546.911799997, 403951.272500001], [545586.202500001, 404243.328000002], [545538.4701, 404306.046799999], [545387.162900001, 404546.775899999], [545440.680600002, 404701.5416], [545647.059500001, 404747.199999999], [545789.120300002, 404795.0845], [545993.897200003, 404953.436500002], [546214.7073, 405064.649900001], [546662.310999997, 405013.282499999], [546941.943700001, 405068.174199998], [547048.158, 405238.3222], [547202.747000001, 405629.616799999], [547143.299699999, 405918.878699999], [547104.772200003, 405961.046]]}, "properties": {"edge_id": 666, "source_node": 330, "target_node": 441, "length_m": 5528.677477289445, "z_start": 132.0, "z_end": 132.0, "dz": 0.0, "slope": 0.0, "direction_status": "FLAT_SEGMENT", "confidence": "LOW", "qa_comment": "Difference altimetrique <= 1 m; segment plat ou incertain a revoir.", "review_status": "TO_REVIEW", "direction_runtime": "SOURCE_TO_TARGET", "direction_mnt": "UNDETERMINED", "mnt_source": "C:\\dev\\WQDSS\\data\\MNT SEBOU 30N 30M\\seboureproj", "review_decision": "", "reviewer": "", "review_comment": "", "needs_business_validation": true}}, {"type": "Feature", "geometry": {"type": "LineString", "crs": {"type": "name", "properties": {"name": "EPSG:26191"}}, "coordinates": [[390935.652400002, 407833.204300001], [390743.242700003, 407799.8081], [390598.072400004, 407814.225000002], [390480.5854, 407882.216899998], [390420.114299998, 407952.399], [390376.2456, 408103.2302], [390433.162900001, 408346.493000001], [390522.401299998, 408675.893599998], [390635.829300001, 409003.589400001], [390810.1571, 409550.3748], [391044.521899998, 410368.666999999], [391256.345899999, 411086.497900002], [391571.6325, 411888.165100001], [391637.3583, 412159.597800002], [391611.725299999, 412286.042800002], [391551.722199999, 412395.8741], [391410.675099999, 412516.536800001], [391280.4626, 412587.470600002], [391083.5339, 412634.762400001]]}, "properties": {"edge_id": 668, "source_node": 448, "target_node": 449, "length_m": 5769.3515901183755, "z_start": 3.0, "z_end": 4.0, "dz": -1.0, "slope": -0.00017332970341290676, "direction_status": "FLAT_SEGMENT", "confidence": "LOW", "qa_comment": "Difference altimetrique <= 1 m; segment plat ou incertain a revoir.", "review_status": "TO_REVIEW", "direction_runtime": "SOURCE_TO_TARGET", "direction_mnt": "UNDETERMINED", "mnt_source": "C:\\dev\\WQDSS\\data\\MNT SEBOU 30N 30M\\seboureproj", "review_decision": "", "reviewer": "", "review_comment": "", "needs_business_validation": true}}, {"type": "Feature", "geometry": {"type": "LineString", "crs": {"type": "name", "properties": {"name": "EPSG:26191"}}, "coordinates": [[496281.320100002, 409392.329599999], [496248.285400003, 409697.6296], [496208.244499996, 410076.008000001], [495986.604099996, 410242.024300002], [495876.231399998, 410117.033100002], [495827.526299998, 410069.966600001], [495759.9071, 410133.008699998], [495728.078400001, 410302.5865], [495660.939300001, 410546.970400002], [495641.137100004, 410641.143300001], [495695.590999998, 410745.5077], [495882.4366, 410763.912599999], [496012.828400001, 410862.8347], [496037.954800002, 410972.026299998], [495942.824100003, 411108.782000002], [495618.142899998, 411323.480700001], [495295.587499998, 411620.842700001], [494521.0867, 412034.230799999], [494376.655100003, 412240.409600001], [494426.542900004, 412444.989999998], [494384.483800001, 412628.7861], [494289.219700001, 412814.2775], [494216.080499999, 412998.7696], [494086.586900003, 413071.476799998], [494005.503300004, 413047.804200001]]}, "properties": {"edge_id": 669, "source_node": 454, "target_node": 453, "length_m": 5558.096842417893, "z_start": 47.0, "z_end": 46.0, "dz": 1.0, "slope": 0.00017991769995230568, "direction_status": "FLAT_SEGMENT", "confidence": "LOW", "qa_comment": "Difference altimetrique <= 1 m; segment plat ou incertain a revoir.", "review_status": "TO_REVIEW", "direction_runtime": "SOURCE_TO_TARGET", "direction_mnt": "UNDETERMINED", "mnt_source": "C:\\dev\\WQDSS\\data\\MNT SEBOU 30N 30M\\seboureproj", "review_decision": "", "reviewer": "", "review_comment": "", "needs_business_validation": true}}, {"type": "Feature", "geometry": {"type": "LineString", "crs": {"type": "name", "properties": {"name": "EPSG:26191"}}, "coordinates": [[499385.652800001, 407740.4877], [499409.7465, 407874.909600001], [499402.449299999, 408086.5909], [499396.823200002, 408221.287300002], [499328.773599997, 408312.627], [499194.338600002, 408310.474800002], [499097.535999998, 408265.359200001], [499038.950000003, 408133.119600002], [498878.229500003, 408073.662799999], [498694.776799999, 407891.104499999], [498609.774099998, 407547.967099998], [498473.024599999, 407361.658500001], [498323.356899999, 407311.835200001], [498240.671599999, 407304.874499999], [498086.369400002, 407342.753199998], [497962.913000002, 407464.898499999], [497695.913000002, 407528.968600001], [497492.227600001, 407528.2322], [497492.227557371, 407528.232203863]]}, "properties": {"edge_id": 670, "source_node": 460, "target_node": 461, "length_m": 3049.3080540646033, "z_start": 54.0, "z_end": 53.0, "dz": 1.0, "slope": 0.00032794325213126327, "direction_status": "FLAT_SEGMENT", "confidence": "LOW", "qa_comment": "Difference altimetrique <= 1 m; segment plat ou incertain a revoir.", "review_status": "TO_REVIEW", "direction_runtime": "SOURCE_TO_TARGET", "direction_mnt": "UNDETERMINED", "mnt_source": "C:\\dev\\WQDSS\\data\\MNT SEBOU 30N 30M\\seboureproj", "review_decision": "", "reviewer": "", "review_comment": "", "needs_business_validation": true}}, {"type": "Feature", "geometry": {"type": "LineString", "crs": {"type": "name", "properties": {"name": "EPSG:26191"}}, "coordinates": [[502575.016500004, 407148.422699999], [502565.5854, 407149.001699999], [502316.046300001, 407151.400199998], [502244.904799998, 407241.1545], [502106.553499997, 407817.012200002], [501963.203500003, 407976.063999999], [501796.157300003, 408050.953600001], [501645.907499999, 408068.625999998], [501516.3169, 408037.331500001], [501485.517800003, 407932.1294], [501370.150399998, 407830.8409], [500888.7214, 407537.583099999], [500818.9978, 407385.5702], [500692.578900002, 407001.690299999], [500186.262900002, 406684.058499999], [499919.935099997, 406703.419599999], [499666.833400004, 406784.657000002], [499614.312799998, 406840.462200001], [499456.023999996, 406951.0341], [499298.660400003, 407071.899799999], [499167.2848, 407299.725900002], [499163.351099998, 407488.118299998], [499237.748300001, 407620.556600001], [499382.870800003, 407724.967], [499385.652800001, 407740.4877]]}, "properties": {"edge_id": 672, "source_node": 475, "target_node": 460, "length_m": 5442.379746865811, "z_start": 55.0, "z_end": 54.0, "dz": 1.0, "slope": 0.00018374315033343376, "direction_status": "FLAT_SEGMENT", "confidence": "LOW", "qa_comment": "Difference altimetrique <= 1 m; segment plat ou incertain a revoir.", "review_status": "TO_REVIEW", "direction_runtime": "SOURCE_TO_TARGET", "direction_mnt": "UNDETERMINED", "mnt_source": "C:\\dev\\WQDSS\\data\\MNT SEBOU 30N 30M\\seboureproj", "review_decision": "", "reviewer": "", "review_comment": "", "needs_business_validation": true}}, {"type": "Feature", "geometry": {"type": "LineString", "crs": {"type": "name", "properties": {"name": "EPSG:26191"}}, "coordinates": [[532263.4608, 410068.456300002], [532287.247100003, 409990.718699999], [532585.0286, 409666.147399999], [532334.590099998, 409424.251699999], [531387.4256, 408879.038699999], [531063.854199998, 408512.4553], [530870.661600001, 408507.707199998], [530685.637500003, 408729.886799999], [530800.655900002, 409024.412700001], [530757.272799998, 409802.072000001], [530665.6171, 410049.693300001], [530371.9001, 410551.2546], [529791.458999999, 410605.263500001], [529749.963799998, 410587.331900001]]}, "properties": {"edge_id": 676, "source_node": 556, "target_node": 557, "length_m": 5502.660324575432, "z_start": 100.0, "z_end": 99.0, "dz": 1.0, "slope": 0.00018173027972195554, "direction_status": "FLAT_SEGMENT", "confidence": "LOW", "qa_comment": "Difference altimetrique <= 1 m; segment plat ou incertain a revoir.", "review_status": "TO_REVIEW", "direction_runtime": "SOURCE_TO_TARGET", "direction_mnt": "UNDETERMINED", "mnt_source": "C:\\dev\\WQDSS\\data\\MNT SEBOU 30N 30M\\seboureproj", "review_decision": "", "reviewer": "", "review_comment": "", "needs_business_validation": true}}, {"type": "Feature", "geometry": {"type": "LineString", "crs": {"type": "name", "properties": {"name": "EPSG:26191"}}, "coordinates": [[393032.523900002, 412184.977899998], [392941.5198, 412000.916000001], [392810.100299999, 411698.921300001], [392637.3706, 411191.028499998], [392582.327100001, 410960.771899998], [392394.193999998, 410435.157000002], [392382.0352, 410212.651099998], [392418.690300003, 409909.869100001], [392420.642999999, 409590.9846], [392484.0638, 409212.2892], [392547.338500001, 408943.5473], [392566.728100002, 408701.4146], [392573.692100003, 408583.123799998], [392553.082999997, 408469.255899999], [392484.929300003, 408302.320099998], [392349.272799998, 408151.257100001], [392211.4714, 408112.2443], [391942.864200003, 408045.7689], [391473.065300003, 407953.213199999], [391073.023500003, 407857.050099999], [390935.652400002, 407833.204300001]]}, "properties": {"edge_id": 682, "source_node": 575, "target_node": 448, "length_m": 5683.024588689124, "z_start": 4.0, "z_end": 3.0, "dz": 1.0, "slope": 0.0001759626382736917, "direction_status": "FLAT_SEGMENT", "confidence": "LOW", "qa_comment": "Difference altimetrique <= 1 m; segment plat ou incertain a revoir.", "review_status": "TO_REVIEW", "direction_runtime": "SOURCE_TO_TARGET", "direction_mnt": "UNDETERMINED", "mnt_source": "C:\\dev\\WQDSS\\data\\MNT SEBOU 30N 30M\\seboureproj", "review_decision": "", "reviewer": "", "review_comment": "", "needs_business_validation": true}}, {"type": "Feature", "geometry": {"type": "LineString", "crs": {"type": "name", "properties": {"name": "EPSG:26191"}}, "coordinates": [[398834.857000001, 415219.360300001], [398823.605999999, 415215.417800002], [398478.7645, 415231.412999999], [398007.4406, 415292.726799998], [397721.255500004, 415374.0715], [397124.102499999, 415668.909699999], [396440.815300003, 416162.4846], [396147.816100001, 416375.7973], [395814.013700001, 416387.654599998], [395652.412900001, 416372.9289], [395588.119000003, 416298.088799998], [395523.250399999, 416169.675900001], [395478.560800001, 415994.351799998], [395358.728200004, 415381.674199998], [395249.681400001, 414746.855799999], [395174.274300002, 414547.2368]]}, "properties": {"edge_id": 684, "source_node": 585, "target_node": 579, "length_m": 5402.793309403432, "z_start": 6.0, "z_end": 6.0, "dz": 0.0, "slope": 0.0, "direction_status": "FLAT_SEGMENT", "confidence": "LOW", "qa_comment": "Difference altimetrique <= 1 m; segment plat ou incertain a revoir.", "review_status": "TO_REVIEW", "direction_runtime": "SOURCE_TO_TARGET", "direction_mnt": "UNDETERMINED", "mnt_source": "C:\\dev\\WQDSS\\data\\MNT SEBOU 30N 30M\\seboureproj", "review_decision": "", "reviewer": "", "review_comment": "", "needs_business_validation": true}}, {"type": "Feature", "geometry": {"type": "LineString", "crs": {"type": "name", "properties": {"name": "EPSG:26191"}}, "coordinates": [[517612.616800003, 411585.191500001], [517512.965999998, 411582.591699999], [517395.023500003, 411551.813499998], [517303.302699998, 411438.5196], [517177.7095, 411212.237399999], [517011.409100004, 411048.775699999], [516968.353399999, 410996.244399998], [516889.1505, 410829.845199998], [516809.294600002, 410756.2346], [516718.453500003, 410747.869600002], [516653.125100002, 410835.965], [516584.815399997, 410934.923900001], [516412.655000001, 410901.014699999], [516321.6906, 410852.086399998], [516234.538099997, 410943.441399999], [516065.593400002, 410994.858399998], [515950.983000003, 411206.2848], [515867.102899998, 411231.7969], [515787.449500002, 411211.415399998], [515756.914499998, 411164.488200001], [515752.338100001, 411126.442400001], [515723.637500003, 411043.7313], [515680.8565, 410937.120700002], [515677.263300002, 410843.4386], [515693.428199999, 410678.636], [515760.832999997, 410582.519499999], [515936.063500002, 410318.681299999], [515960.285599999, 410182.981699999], [515931.059299998, 410122.4714], [515809.815099999, 410042.4573], [515696.551799998, 409972.483199999], [515616.585100003, 409838.066], [515574.0581, 409752.383499999], [515655.851099998, 409557.679200001], [515707.139799997, 409490.759199999]]}, "properties": {"edge_id": 686, "source_node": 561, "target_node": 545, "length_m": 4554.4942000693345, "z_start": 72.0, "z_end": 71.0, "dz": 1.0, "slope": 0.0002195633490947857, "direction_status": "FLAT_SEGMENT", "confidence": "LOW", "qa_comment": "Difference altimetrique <= 1 m; segment plat ou incertain a revoir.", "review_status": "TO_REVIEW", "direction_runtime": "SOURCE_TO_TARGET", "direction_mnt": "UNDETERMINED", "mnt_source": "C:\\dev\\WQDSS\\data\\MNT SEBOU 30N 30M\\seboureproj", "review_decision": "", "reviewer": "", "review_comment": "", "needs_business_validation": true}}, {"type": "Feature", "geometry": {"type": "LineString", "crs": {"type": "name", "properties": {"name": "EPSG:26191"}}, "coordinates": [[522360.639600001, 411388.548799999], [522273.5414, 411550.287900001], [522175.8288, 411960.190000001], [522108.366999999, 412097.228300002], [522011.592799999, 412231.649300002], [521885.3204, 412182.9087], [521750.709399998, 412198.916099999], [521562.9991, 412247.244399998], [521308.571000002, 412241.264600001], [521144.238399997, 412302.4285], [520988.9859, 412433.271200001], [520911.671999998, 412527.145599999], [520735.3794, 412564.6578], [520579.779399998, 412471.455600001], [520403.792800002, 412464.692200001], [520355.1598, 412493.578299999], [520316.094099998, 412511.239500001], [520258.268299997, 412531.3565], [520183.387599997, 412526.530000001], [520123.6404, 412523.987], [520027.104699999, 412568.267099999], [519976.3627, 412611.988899998], [519908.364100002, 412670.2698], [519860.314800002, 412751.881299999], [519823.200300001, 412868.404800002], [519768.7179, 412906.519699998], [519578.223200001, 412820.248500001], [519515.226400003, 412787.438099999], [519441.593999997, 412812.296700001], [519341.330300003, 412828.119199999], [519288.306400001, 412828.156800002], [519246.930200003, 412783.5031], [519204.2689, 412709.502999999], [519114.2302, 412604.190299999], [519002.920100004, 412527.881099999], [518962.604599997, 412485.382300001], [518900.048299998, 412413.517999999], [518845.405599996, 412336.9564], [518802.937399998, 412241.6215], [518774.7619, 412107.832600001], [518677.2324, 411996.9758], [518563.988200001, 411834.987399999], [518473.967500001, 411801.425099999]]}, "properties": {"edge_id": 687, "source_node": 600, "target_node": 586, "length_m": 5384.744209100151, "z_start": 82.0, "z_end": 83.0, "dz": -1.0, "slope": -0.00018570984269039416, "direction_status": "FLAT_SEGMENT", "confidence": "LOW", "qa_comment": "Difference altimetrique <= 1 m; segment plat ou incertain a revoir.", "review_status": "TO_REVIEW", "direction_runtime": "SOURCE_TO_TARGET", "direction_mnt": "UNDETERMINED", "mnt_source": "C:\\dev\\WQDSS\\data\\MNT SEBOU 30N 30M\\seboureproj", "review_decision": "", "reviewer": "", "review_comment": "", "needs_business_validation": true}}, {"type": "Feature", "geometry": {"type": "LineString", "crs": {"type": "name", "properties": {"name": "EPSG:26191"}}, "coordinates": [[484493.215099998, 420004.418299999], [484623.815099999, 420401.365699999], [484546.433799997, 420443.932799999], [484508.621100001, 420504.879799999], [484364.166500002, 420543.1208], [484224.987800002, 420534.875500001], [484031.353100002, 420386.363299999], [483888.980899997, 420202.679000001], [483564.5167, 419686.808200002], [483430.2086, 419556.428599998], [483314.260700002, 419542.1899], [483194.413599998, 419654.0229], [483023.6589, 420112.331700001], [482661.357000001, 420363.5658], [482673.7557, 420564.256700002], [483009.750100002, 420727.2388], [483191.571000002, 420845.041999999], [483173.117700003, 421180.780200001], [482954.997599997, 421390.9844], [482654.2597, 421513.761799999], [482736.558300003, 421938.961399998]]}, "properties": {"edge_id": 696, "source_node": 664, "target_node": 583, "length_m": 5538.775518063538, "z_start": 32.0, "z_end": 32.0, "dz": 0.0, "slope": 0.0, "direction_status": "FLAT_SEGMENT", "confidence": "LOW", "qa_comment": "Difference altimetrique <= 1 m; segment plat ou incertain a revoir.", "review_status": "TO_REVIEW", "direction_runtime": "SOURCE_TO_TARGET", "direction_mnt": "UNDETERMINED", "mnt_source": "C:\\dev\\WQDSS\\data\\MNT SEBOU 30N 30M\\seboureproj", "review_decision": "", "reviewer": "", "review_comment": "", "needs_business_validation": true}}, {"type": "Feature", "geometry": {"type": "LineString", "crs": {"type": "name", "properties": {"name": "EPSG:26191"}}, "coordinates": [[405006.791632574, 423973.583809596], [405062.834299996, 423818.065200001], [405054.449000001, 423619.142000001], [405003.6175, 423452.548], [404918.570799999, 423286.3046], [404749.411300004, 423157.0757], [404467.585500002, 422988.522300001], [404264.665399998, 422905.399700001], [404079.084700003, 422846.585700002], [403806.769900002, 422882.307999998], [403551.927900001, 422960.440699998], [403366.853399999, 423051.696699999], [403025.405500002, 423228.627799999], [402535.009499997, 423478.376699999], [402381.173799999, 423571.715500001]]}, "properties": {"edge_id": 698, "source_node": 173, "target_node": 636, "length_m": 3542.920532101364, "z_start": 9.0, "z_end": 8.0, "dz": 1.0, "slope": 0.0002822530144098049, "direction_status": "FLAT_SEGMENT", "confidence": "LOW", "qa_comment": "Difference altimetrique <= 1 m; segment plat ou incertain a revoir.", "review_status": "TO_REVIEW", "direction_runtime": "SOURCE_TO_TARGET", "direction_mnt": "UNDETERMINED", "mnt_source": "C:\\dev\\WQDSS\\data\\MNT SEBOU 30N 30M\\seboureproj", "review_decision": "", "reviewer": "", "review_comment": "", "needs_business_validation": true}}, {"type": "Feature", "geometry": {"type": "LineString", "crs": {"type": "name", "properties": {"name": "EPSG:26191"}}, "coordinates": [[455358.329999998, 429822.294300001], [455097.168300003, 429844.2685], [454759.121699996, 429886.184599999], [454276.219400004, 429939.050299998], [453079.615199998, 429825.582600001], [453097.352700002, 429836.620099999], [452745.380500004, 429832.3484], [452333.4833, 429809.022500001], [452255.152099997, 429892.006700002], [452225.522399999, 430075.4767], [452230.359800003, 430319.897500001], [452275.851099998, 430527.249600001], [452370.037, 430689.3528], [452405.019100003, 430760.494199999], [452552.786499999, 430855.7542], [452730.175499998, 430938.459600002], [452910.889899999, 430937.7586], [453186.328699999, 430872.680599999], [453422.274999998, 430790.367899999]]}, "properties": {"edge_id": 700, "source_node": 86, "target_node": 87, "length_m": 5184.559612672438, "z_start": 23.0, "z_end": 22.0, "dz": 1.0, "slope": 0.00019288041313204982, "direction_status": "FLAT_SEGMENT", "confidence": "LOW", "qa_comment": "Difference altimetrique <= 1 m; segment plat ou incertain a revoir.", "review_status": "TO_REVIEW", "direction_runtime": "SOURCE_TO_TARGET", "direction_mnt": "UNDETERMINED", "mnt_source": "C:\\dev\\WQDSS\\data\\MNT SEBOU 30N 30M\\seboureproj", "review_decision": "", "reviewer": "", "review_comment": "", "needs_business_validation": true}}, {"type": "Feature", "geometry": {"type": "LineString", "crs": {"type": "name", "properties": {"name": "EPSG:26191"}}, "coordinates": [[457386.919, 429720.414000001], [457742.536799997, 429587.965300001], [457881.380099997, 429462.504000001], [457711.7619, 429231.739500001], [457459.077399999, 428941.167199999], [457160.299000002, 428754.5295], [456686.058899999, 428643.489100002], [456350.318999998, 428575.183600001], [456112.049900003, 428488.121300001], [455747.909400001, 428369.7698], [455516.866999999, 428402.969099998], [455372.774599999, 428532.392499998], [455365.918899998, 428776.723000001], [455547.439800002, 429458.3244], [455734.640100002, 429785.937899999], [455696.102399997, 429944.638700001], [455598.723999999, 429990.950100001], [455429.1831, 429816.333900001], [455358.329999998, 429822.294300001]]}, "properties": {"edge_id": 701, "source_node": 109, "target_node": 86, "length_m": 5396.45313515633, "z_start": 24.0, "z_end": 23.0, "dz": 1.0, "slope": 0.00018530689972739493, "direction_status": "FLAT_SEGMENT", "confidence": "LOW", "qa_comment": "Difference altimetrique <= 1 m; segment plat ou incertain a revoir.", "review_status": "TO_REVIEW", "direction_runtime": "SOURCE_TO_TARGET", "direction_mnt": "UNDETERMINED", "mnt_source": "C:\\dev\\WQDSS\\data\\MNT SEBOU 30N 30M\\seboureproj", "review_decision": "", "reviewer": "", "review_comment": "", "needs_business_validation": true}}, {"type": "Feature", "geometry": {"type": "LineString", "crs": {"type": "name", "properties": {"name": "EPSG:26191"}}, "coordinates": [[463286.532899998, 426652.788199998], [463345.846699998, 427123.294199999], [462731.749399997, 427275.497299999], [462319.855700001, 427348.686900001], [462141.0053, 427542.8477], [462436.920999996, 427851.549400002], [463238.747100003, 427987.187600002], [463745.689900003, 428050.615400001], [463917.7095, 428188.690200001], [463889.8046, 428627.281800002], [463368.461300001, 428912.885499999], [463039.577699997, 429018.2465], [462904.233800001, 429003.491]]}, "properties": {"edge_id": 703, "source_node": 132, "target_node": 114, "length_m": 5276.971969187826, "z_start": 26.0, "z_end": 26.0, "dz": 0.0, "slope": 0.0, "direction_status": "FLAT_SEGMENT", "confidence": "LOW", "qa_comment": "Difference altimetrique <= 1 m; segment plat ou incertain a revoir.", "review_status": "TO_REVIEW", "direction_runtime": "SOURCE_TO_TARGET", "direction_mnt": "UNDETERMINED", "mnt_source": "C:\\dev\\WQDSS\\data\\MNT SEBOU 30N 30M\\seboureproj", "review_decision": "", "reviewer": "", "review_comment": "", "needs_business_validation": true}}, {"type": "Feature", "geometry": {"type": "LineString", "crs": {"type": "name", "properties": {"name": "EPSG:26191"}}, "coordinates": [[465969.505999997, 424307.3541], [465938.4045, 424287.2667], [465474.314499997, 424124.707600001], [464999.344300002, 423899.282699998], [464438.215499997, 423947.194899999], [463870.487000003, 424027.837900002], [463425.282899998, 424060.2903], [463356.835900001, 424212.7368], [463525.698899999, 424637.251899999], [463692.422600001, 425088.107999999], [463560.113700002, 425395.288600002], [463199.433799997, 425961.9575], [463286.532899998, 426652.788199998]]}, "properties": {"edge_id": 704, "source_node": 143, "target_node": 132, "length_m": 5444.644387987293, "z_start": 27.0, "z_end": 26.0, "dz": 1.0, "slope": 0.00018366672435142587, "direction_status": "FLAT_SEGMENT", "confidence": "LOW", "qa_comment": "Difference altimetrique <= 1 m; segment plat ou incertain a revoir.", "review_status": "TO_REVIEW", "direction_runtime": "SOURCE_TO_TARGET", "direction_mnt": "UNDETERMINED", "mnt_source": "C:\\dev\\WQDSS\\data\\MNT SEBOU 30N 30M\\seboureproj", "review_decision": "", "reviewer": "", "review_comment": "", "needs_business_validation": true}}, {"type": "Feature", "geometry": {"type": "LineString", "crs": {"type": "name", "properties": {"name": "EPSG:26191"}}, "coordinates": [[409509.653899998, 432349.456999999], [409091.880000003, 432127.089600001], [408853.006300002, 432073.967799999], [408773.031499997, 432056.183899999], [408465.8473, 432052.125100002], [408250.053800002, 432053.190299999], [408026.444399998, 432076.307300001], [407732.935800001, 432137.081099998], [407515.508299999, 432176.144499999], [407356.076399997, 432192.668900002], [407167.380900003, 432214.6701], [406985.337399997, 432210.993900001]]}, "properties": {"edge_id": 707, "source_node": 176, "target_node": 144, "length_m": 2600.6969297086, "z_start": 11.0, "z_end": 12.0, "dz": -1.0, "slope": -0.00038451231613214037, "direction_status": "FLAT_SEGMENT", "confidence": "LOW", "qa_comment": "Difference altimetrique <= 1 m; segment plat ou incertain a revoir.", "review_status": "TO_REVIEW", "direction_runtime": "SOURCE_TO_TARGET", "direction_mnt": "UNDETERMINED", "mnt_source": "C:\\dev\\WQDSS\\data\\MNT SEBOU 30N 30M\\seboureproj", "review_decision": "", "reviewer": "", "review_comment": "", "needs_business_validation": true}}, {"type": "Feature", "geometry": {"type": "LineString", "crs": {"type": "name", "properties": {"name": "EPSG:26191"}}, "coordinates": [[451533.992200002, 436282.336100001], [451413.404600002, 436283.802999999], [451129.797300003, 436203.025800001], [450851.390600003, 435998.817499999], [450402.446400002, 435749.0154], [450246.093400002, 435705.061700001], [450078.136500001, 435779.526000001], [449964.593599997, 436017.205600001], [450018.192100003, 436371.614500001], [450534.292599998, 436962.332400002], [450862.588100001, 437220.668299999], [451017.567000002, 437676.239599999], [451292.947400004, 437927.2641], [451651.232100002, 437962.449700002], [451948.7566, 437989.180100001], [452029.208300002, 438127.230700001], [452061.155000001, 438435.0825]]}, "properties": {"edge_id": 712, "source_node": 311, "target_node": 312, "length_m": 5426.517140968922, "z_start": 20.0, "z_end": 19.0, "dz": 1.0, "slope": 0.00018428026191057913, "direction_status": "FLAT_SEGMENT", "confidence": "LOW", "qa_comment": "Difference altimetrique <= 1 m; segment plat ou incertain a revoir.", "review_status": "TO_REVIEW", "direction_runtime": "SOURCE_TO_TARGET", "direction_mnt": "UNDETERMINED", "mnt_source": "C:\\dev\\WQDSS\\data\\MNT SEBOU 30N 30M\\seboureproj", "review_decision": "", "reviewer": "", "review_comment": "", "needs_business_validation": true}}, {"type": "Feature", "geometry": {"type": "LineString", "crs": {"type": "name", "properties": {"name": "EPSG:26191"}}, "coordinates": [[453422.274999998, 430790.367899999], [453517.262999997, 430757.232099999], [453746.3182, 430736.470899999], [453934.2751, 430776.07], [454046.826800004, 430874.649999998], [454116.098999999, 431050.653900001], [454179.040899999, 431374.6983], [454163.7403, 431490.173500001], [454108.092299998, 431586.432599999], [453919.383900002, 431660.239399999], [453656.793099999, 431805.0013], [453352.4164, 431816.448800001], [452973.886100002, 431764.240800001], [452772.956600003, 431769.177099999], [452643.175099999, 431847.776500002], [452572.648500003, 432131.6459], [452703.3222, 432655.308800001], [452879.499600001, 433557.5462], [452966.371799998, 433854.051600002], [453109.196400002, 434051.528499998], [453299.6175, 433908.6096], [453330.308700003, 433904.111400001]]}, "properties": {"edge_id": 714, "source_node": 87, "target_node": 317, "length_m": 5534.403835649349, "z_start": 22.0, "z_end": 22.0, "dz": 0.0, "slope": 0.0, "direction_status": "FLAT_SEGMENT", "confidence": "LOW", "qa_comment": "Difference altimetrique <= 1 m; segment plat ou incertain a revoir.", "review_status": "TO_REVIEW", "direction_runtime": "SOURCE_TO_TARGET", "direction_mnt": "UNDETERMINED", "mnt_source": "C:\\dev\\WQDSS\\data\\MNT SEBOU 30N 30M\\seboureproj", "review_decision": "", "reviewer": "", "review_comment": "", "needs_business_validation": true}}, {"type": "Feature", "geometry": {"type": "LineString", "crs": {"type": "name", "properties": {"name": "EPSG:26191"}}, "coordinates": [[460830.824500002, 431388.797899999], [460745.174800001, 431450.2234], [460124.2443, 431766.695099998], [459968.326800004, 431835.887600001], [459700.845700003, 431914.623399999], [459426.864399999, 431847.469799999], [459141.607500002, 431719.415800002], [458780.3112, 431402.795200001], [458160.076800004, 431002.169799998], [457656.348700002, 430694.011999998], [457191.824699998, 430444.532299999], [456987.179799996, 430282.9771], [456929.8895, 430076.7654], [457086.105099998, 429857.0744], [457361.307899997, 429729.953400001], [457386.919, 429720.414000001]]}, "properties": {"edge_id": 715, "source_node": 115, "target_node": 109, "length_m": 5257.862886992416, "z_start": 24.0, "z_end": 24.0, "dz": 0.0, "slope": 0.0, "direction_status": "FLAT_SEGMENT", "confidence": "LOW", "qa_comment": "Difference altimetrique <= 1 m; segment plat ou incertain a revoir.", "review_status": "TO_REVIEW", "direction_runtime": "SOURCE_TO_TARGET", "direction_mnt": "UNDETERMINED", "mnt_source": "C:\\dev\\WQDSS\\data\\MNT SEBOU 30N 30M\\seboureproj", "review_decision": "", "reviewer": "", "review_comment": "", "needs_business_validation": true}}, {"type": "Feature", "geometry": {"type": "LineString", "crs": {"type": "name", "properties": {"name": "EPSG:26191"}}, "coordinates": [[422538.835199997, 437643.9516], [422351.912900001, 437616.373399999], [422197.634499997, 437592.0592], [422054.479400001, 437554.080800001], [421936.835699998, 437495.133299999], [421819.878200002, 437422.5944], [421747.027099997, 437345.703499999], [421693.321099997, 437255.080600001], [421667.727899998, 437167.422600001], [421638.137400001, 436983.9329], [421654.43, 436817.637200002], [421676.576200001, 436680.054099999], [421755.109499998, 436468.517999999], [421856.131499998, 436258.385400001], [421929.995999999, 436064.447299998], [421980.836199999, 435901.8532], [422029.529200003, 435769.634500001], [422110.281800002, 435533.283799998], [422176.5198, 435388.135000002], [422234.183600001, 435273.413699999], [422339.966300003, 435152.7126], [422493.576399997, 434990.864700001], [422577.943300001, 434900.696899999], [422672.371299997, 434765.694800001], [422673.378399998, 434691.385200001], [422664.973399997, 434644.3035], [422627.6395, 434594.272100002], [422571.197400004, 434563.561099999], [422494.732100002, 434537.815099999], [422261.821699999, 434524.517700002], [422161.635600001, 434543.7095], [422055.295999996, 434596.515099999], [421917.074199997, 434675.945900001], [421584.540299997, 434946.3312], [421354.845200002, 435127.984000001], [421278.884300001, 435204.469500002]]}, "properties": {"edge_id": 716, "source_node": 356, "target_node": 304, "length_m": 5516.677229567987, "z_start": 11.0, "z_end": 12.0, "dz": -1.0, "slope": -0.00018126853509577365, "direction_status": "FLAT_SEGMENT", "confidence": "LOW", "qa_comment": "Difference altimetrique <= 1 m; segment plat ou incertain a revoir.", "review_status": "TO_REVIEW", "direction_runtime": "SOURCE_TO_TARGET", "direction_mnt": "UNDETERMINED", "mnt_source": "C:\\dev\\WQDSS\\data\\MNT SEBOU 30N 30M\\seboureproj", "review_decision": "", "reviewer": "", "review_comment": "", "needs_business_validation": true}}, {"type": "Feature", "geometry": {"type": "LineString", "crs": {"type": "name", "properties": {"name": "EPSG:26191"}}, "coordinates": [[451073.195, 440659.369100001], [451028.348099999, 441133.783500001], [451152.781300001, 441336.323199999], [451396.034500003, 441424.938200001], [451696.834299996, 441410.926899999], [451859.296800002, 441359.542199999], [452073.354599997, 441192.9267], [452138.471900001, 441073.5997], [452075.636699997, 440911.932999998], [451935.835699998, 440761.7333], [451889.034699999, 440607.385600001], [451957.136600003, 440446.138900001], [452099.040399998, 440296.7795], [452368.659599997, 440249.715399999], [452546.275700003, 440349.8772], [452800.086499996, 440493.0011], [452940.372699998, 440792.4584], [452907.684100002, 440951.949099999], [452728.574299999, 441172.521899998], [452511.621799998, 441483.028000001], [452248.435800001, 441608.23], [451964.113399997, 441639.2445], [451800.872400001, 441647.965399999]]}, "properties": {"edge_id": 717, "source_node": 364, "target_node": 365, "length_m": 5439.180417415343, "z_start": 19.0, "z_end": 20.0, "dz": -1.0, "slope": -0.0001838512281736726, "direction_status": "FLAT_SEGMENT", "confidence": "LOW", "qa_comment": "Difference altimetrique <= 1 m; segment plat ou incertain a revoir.", "review_status": "TO_REVIEW", "direction_runtime": "SOURCE_TO_TARGET", "direction_mnt": "UNDETERMINED", "mnt_source": "C:\\dev\\WQDSS\\data\\MNT SEBOU 30N 30M\\seboureproj", "review_decision": "", "reviewer": "", "review_comment": "", "needs_business_validation": true}}, {"type": "Feature", "geometry": {"type": "LineString", "crs": {"type": "name", "properties": {"name": "EPSG:26191"}}, "coordinates": [[424533.723700002, 440338.4157], [424587.430799998, 440135.101199999], [424669.192100003, 439921.2421], [424701.226099998, 439812.380399998], [424782.862599999, 439684.761399999], [424896.059799999, 439489.014600001], [425047.242899999, 439225.8675], [425144.933499999, 439097.327799998], [425301.545900002, 438910.8083], [425448.431900002, 438814.6197], [425603.5189, 438739.9428], [425754.997000001, 438718.003899999], [425848.885799997, 438718.8737], [426032.631099999, 438719.050099999], [426233.469300002, 438749.445], [426315.995399997, 438733.636399999], [426370.9793, 438684.4881], [426392.082699999, 438610.844099998], [426396.136799999, 438512.5746], [426357.455600001, 438386.682999998], [426304.361000001, 438264.085700002], [426212.557300001, 438118.627700001], [426119.511100002, 438019.498599999], [425946.784599997, 437889.840999998], [425791.916699998, 437786.401900001], [425675.952, 437734.582699999], [425569.939900003, 437723.416000001], [425492.137900002, 437728.013799999], [425363.141599998, 437754.584100001], [425216.739200003, 437812.4373], [425061.310400002, 437947.050299998], [424896.640100002, 438130.4527], [424826.895599999, 438242.015500002], [424734.243299998, 438500.733800001], [424724.127099998, 438584.565400001]]}, "properties": {"edge_id": 719, "source_node": 399, "target_node": 394, "length_m": 5472.1540238704565, "z_start": 14.0, "z_end": 14.0, "dz": 0.0, "slope": 0.0, "direction_status": "FLAT_SEGMENT", "confidence": "LOW", "qa_comment": "Difference altimetrique <= 1 m; segment plat ou incertain a revoir.", "review_status": "TO_REVIEW", "direction_runtime": "SOURCE_TO_TARGET", "direction_mnt": "UNDETERMINED", "mnt_source": "C:\\dev\\WQDSS\\data\\MNT SEBOU 30N 30M\\seboureproj", "review_decision": "", "reviewer": "", "review_comment": "", "needs_business_validation": true}}, {"type": "Feature", "geometry": {"type": "LineString", "crs": {"type": "name", "properties": {"name": "EPSG:26191"}}, "coordinates": [[427364.787900001, 440922.198100001], [427350.936700001, 440829.2291], [427330.236900002, 440744.7454], [427239.7535, 440555.387200002], [427129.554499999, 440411.689300001], [426882.131099999, 440158.034000002], [426609.068099998, 439910.970600002], [426429.252300002, 439793.358899999], [426321.780599996, 439694.360199999], [426172.049999997, 439629.229600001], [426086.141199999, 439621.906199999], [426005.383299999, 439657.668299999], [425935.913599998, 439700.531], [425855.020000003, 439821.7456], [425766.201800004, 440060.416700002], [425687.923, 440310.964000002], [425616.2795, 440589.423], [425561.498000003, 440973.134300001], [425521.563199997, 441201.8127], [425425.706299998, 441357.4663], [425275.554899998, 441441.669799998], [425161.707999997, 441448.947900001], [424992.259400003, 441424.729400001], [424869.1351, 441374.583900001], [424726.663500004, 441313.422699999], [424642.616300002, 441234.245200001], [424574.318599999, 441015.987100001], [424519.952, 440836.751400001], [424505.725500002, 440761.8059], [424484.524800003, 440615.8506], [424500.782799996, 440542.250799999], [424518.096000001, 440397.5781], [424533.723700002, 440338.4157]]}, "properties": {"edge_id": 720, "source_node": 405, "target_node": 399, "length_m": 5610.8015224943265, "z_start": 13.0, "z_end": 14.0, "dz": -1.0, "slope": -0.00017822765535207205, "direction_status": "FLAT_SEGMENT", "confidence": "LOW", "qa_comment": "Difference altimetrique <= 1 m; segment plat ou incertain a revoir.", "review_status": "TO_REVIEW", "direction_runtime": "SOURCE_TO_TARGET", "direction_mnt": "UNDETERMINED", "mnt_source": "C:\\dev\\WQDSS\\data\\MNT SEBOU 30N 30M\\seboureproj", "review_decision": "", "reviewer": "", "review_comment": "", "needs_business_validation": true}}, {"type": "Feature", "geometry": {"type": "LineString", "crs": {"type": "name", "properties": {"name": "EPSG:26191"}}, "coordinates": [[429200.381700002, 443391.2678], [429200.537900001, 443390.2291], [429180.886399999, 443227.524099998], [429131.376599997, 443118.536200002], [429063.3002, 442977.675099999], [428963.272, 442860.754799999], [428811.841499999, 442671.4223], [428705.925099999, 442558.0425], [428669.239500001, 442228.3572], [428582.9586, 441878.677900001], [428457.182599999, 441775.997699998], [428268.133699998, 441901.351599999], [428157.548600003, 442284.103799999], [428107.802599996, 442475.732999999], [428070.8693, 442583.556499999], [427980.254299998, 442692.016899999], [427887.018100001, 442772.546599999], [427812.740699999, 442814.623], [427725.5911, 442850.408300001], [427603.799000002, 442866.5022], [427493.934, 442868.132300001], [427342.096699998, 442835.752900001], [427245.329400003, 442767.030699998], [427179.824699998, 442695.675900001], [427134.394000001, 442628.161899999], [427115.067100003, 442596.065099999], [427089.037799999, 442557.2645], [427065.676200002, 442514.627999999], [427055.399099998, 442436.120900001], [427033.335000001, 442267.660399999], [427021.997699998, 442107.891899999], [427043.115999997, 441972.7883], [427059.918399997, 441906.974800002], [427114.8869, 441751.670699999], [427187.7579, 441525.1549], [427248.266800001, 441359.405699998], [427319.191799998, 441191.193300001], [427374.371299997, 441063.818700001], [427373.753600001, 440982.376899999], [427364.787900001, 440922.198100001]]}, "properties": {"edge_id": 721, "source_node": 409, "target_node": 405, "length_m": 5702.539533686024, "z_start": 13.0, "z_end": 13.0, "dz": 0.0, "slope": 0.0, "direction_status": "FLAT_SEGMENT", "confidence": "LOW", "qa_comment": "Difference altimetrique <= 1 m; segment plat ou incertain a revoir.", "review_status": "TO_REVIEW", "direction_runtime": "SOURCE_TO_TARGET", "direction_mnt": "UNDETERMINED", "mnt_source": "C:\\dev\\WQDSS\\data\\MNT SEBOU 30N 30M\\seboureproj", "review_decision": "", "reviewer": "", "review_comment": "", "needs_business_validation": true}}, {"type": "Feature", "geometry": {"type": "LineString", "crs": {"type": "name", "properties": {"name": "EPSG:26191"}}, "coordinates": [[437224.0299, 443656.316], [436994.256200001, 443584.560699999], [436902.176899999, 443620.9494], [436761.992200002, 443729.231899999], [436664.538500004, 443833.373799998], [436602.850599997, 443916.527100001], [436569.192100003, 444028.1785], [436562.976999998, 444277.918900002], [436597.806599997, 444514.931499999], [436684.025200002, 444747.688900001], [436760.031199999, 444909.637899999], [436822.574100003, 445029.050299998], [436827.082099996, 445108.9487], [436821.702699997, 445165.208799999], [436817.279399998, 445196.772300001], [436803.944899999, 445226.098499998], [436721.225500002, 445291.244199999], [436578.914099999, 445347.224199999], [436454.851099998, 445363.819699999], [436349.515600003, 445349.922800001], [436212.249600001, 445276.254700001], [436123.995800003, 445234.339200001], [436011.864, 445167.205800001], [435911.753300004, 445102.5999], [435803.891000003, 445020.211199999], [435716.163800001, 444924.855300002], [435620.634000003, 444798.7949], [435522.041100003, 444731.731600001], [435460.264799997, 444683.809599999], [435402.890799999, 444640.017700002], [435342.212700002, 444609.581], [435252.954400003, 444587.412700001], [435119.897799998, 444585.518599998], [434946.338699996, 444617.731600001], [434937.922499999, 444619.6633], [434828.865999997, 444669.719700001], [434620.010799997, 444818.1446], [434345.550999999, 445032.787900001], [434163.080700003, 445201.351599999], [434082.726599999, 445242.5121], [434040.329899996, 445251.184099998]]}, "properties": {"edge_id": 722, "source_node": 735, "target_node": 736, "length_m": 5402.282208011501, "z_start": 16.0, "z_end": 15.0, "dz": 1.0, "slope": 0.00018510695322747402, "direction_status": "FLAT_SEGMENT", "confidence": "LOW", "qa_comment": "Difference altimetrique <= 1 m; segment plat ou incertain a revoir.", "review_status": "TO_REVIEW", "direction_runtime": "SOURCE_TO_TARGET", "direction_mnt": "UNDETERMINED", "mnt_source": "C:\\dev\\WQDSS\\data\\MNT SEBOU 30N 30M\\seboureproj", "review_decision": "", "reviewer": "", "review_comment": "", "needs_business_validation": true}}, {"type": "Feature", "geometry": {"type": "LineString", "crs": {"type": "name", "properties": {"name": "EPSG:26191"}}, "coordinates": [[447578.552100003, 441525.8935], [447481.704999998, 441554.5167], [446830.163800001, 441195.339600001], [446596.045999996, 441208.732299998], [445937.6316, 441568.1129], [445545.117799997, 441784.915800002], [445339.1272, 441705.054200001], [445139.986400001, 441384.902199998], [444884.464500003, 440920.844], [444717.344999999, 440473.6855], [444573.542400002, 440455.572299998], [444329.066299997, 440501.9113], [444177.598099999, 440543.0667], [443895.125399999, 440673.479600001], [443741.662100002, 441061.443300001], [443728.615000002, 441275.2038]]}, "properties": {"edge_id": 725, "source_node": 739, "target_node": 738, "length_m": 5376.302839973658, "z_start": 16.0, "z_end": 15.0, "dz": 1.0, "slope": 0.00018600142695921864, "direction_status": "FLAT_SEGMENT", "confidence": "LOW", "qa_comment": "Difference altimetrique <= 1 m; segment plat ou incertain a revoir.", "review_status": "TO_REVIEW", "direction_runtime": "SOURCE_TO_TARGET", "direction_mnt": "UNDETERMINED", "mnt_source": "C:\\dev\\WQDSS\\data\\MNT SEBOU 30N 30M\\seboureproj", "review_decision": "", "reviewer": "", "review_comment": "", "needs_business_validation": true}}, {"type": "Feature", "geometry": {"type": "LineString", "crs": {"type": "name", "properties": {"name": "EPSG:26191"}}, "coordinates": [[431806.6866, 445457.014400002], [431791.390500002, 445386.024500001], [431769.7729, 445252.188000001], [431771.2711, 445041.641600002], [431832.277800001, 444813.035399999], [431875.992899999, 444554.127700001], [431905.348499998, 444392.2436], [431919.112899996, 444224.1039], [431916.579000004, 443964.572500002], [431921.460199997, 443848.6501], [431872.103, 443730.4738], [431817.884900004, 443580.388099998], [431696.831500001, 443442.436799999], [431619.019299999, 443434.2742], [431485.4943, 443410.394200001], [431342.003300004, 443406.564100001], [431269.286600001, 443443.799800001], [431046.299099997, 443550.786899999], [430843.489299998, 443674.382199999], [430556.145400003, 443862.461599998], [430333.297499999, 443986.213399999], [430095.365800001, 444130.034899998], [429916.349399999, 444215.154100001], [429822.860200003, 444253.795499999], [429709.247900002, 444288.814300001], [429590.2293, 444283.322299998], [429491.415899999, 444255.155299999], [429388.250200003, 444211.5372], [429292.230899997, 444122.224199999], [429226.672499999, 444012.987799998], [429193.001900002, 443891.869600002], [429177.076300003, 443787.557399999], [429170.583400004, 443589.427299999], [429200.381700002, 443391.2678]]}, "properties": {"edge_id": 727, "source_node": 740, "target_node": 409, "length_m": 5538.757862520629, "z_start": 14.0, "z_end": 13.0, "dz": 1.0, "slope": 0.00018054589581659573, "direction_status": "FLAT_SEGMENT", "confidence": "LOW", "qa_comment": "Difference altimetrique <= 1 m; segment plat ou incertain a revoir.", "review_status": "TO_REVIEW", "direction_runtime": "SOURCE_TO_TARGET", "direction_mnt": "UNDETERMINED", "mnt_source": "C:\\dev\\WQDSS\\data\\MNT SEBOU 30N 30M\\seboureproj", "review_decision": "", "reviewer": "", "review_comment": "", "needs_business_validation": true}}, {"type": "Feature", "geometry": {"type": "LineString", "crs": {"type": "name", "properties": {"name": "EPSG:26191"}}, "coordinates": [[434040.329899996, 445251.184099998], [433975.038199998, 445264.539700002], [433866.177599996, 445257.5491], [433781.9362, 445245.6532], [433692.804700002, 445184.554900002], [433600.669600002, 445116.3906], [433508.867700003, 445039.5953], [433335.9714, 444798.961300001], [433229.797899999, 444652.0907], [433146.998499997, 444548.105500001], [433099.020900004, 444477.6635], [433039.837800004, 444422.1965], [432980.868000001, 444377.6428], [432906.584200002, 444365.163400002], [432859.5207, 444392.723999999], [432781.184100002, 444483.650400002], [432727.146300003, 444541.9296], [432657.613499999, 444715.706999999], [432660.2914, 444803.0035], [432717.017399996, 444977.357500002], [432828.526299998, 445106.249699999], [432999.378300004, 445474.3576], [433219.961099997, 445831.906300001], [433267.570299998, 446012.384100001], [433280.8882, 446125.761999998], [433253.835699998, 446198.281399999], [433211.692100003, 446263.419], [433069.259300001, 446316.7793], [432965.005199999, 446347.890000001], [432853.015600003, 446337.7051], [432723.138700001, 446330.830600001], [432583.302599996, 446271.929099999], [432437.662900001, 446192.694699999], [432211.781199999, 446028.777600002], [432069.001000002, 445888.212200001], [431971.253700003, 445771.819899999], [431896.6197, 445654.676100001], [431824.9679, 445541.859900001], [431806.6866, 445457.014400002]]}, "properties": {"edge_id": 728, "source_node": 736, "target_node": 740, "length_m": 5504.9814023756435, "z_start": 15.0, "z_end": 14.0, "dz": 1.0, "slope": 0.00018165365637174644, "direction_status": "FLAT_SEGMENT", "confidence": "LOW", "qa_comment": "Difference altimetrique <= 1 m; segment plat ou incertain a revoir.", "review_status": "TO_REVIEW", "direction_runtime": "SOURCE_TO_TARGET", "direction_mnt": "UNDETERMINED", "mnt_source": "C:\\dev\\WQDSS\\data\\MNT SEBOU 30N 30M\\seboureproj", "review_decision": "", "reviewer": "", "review_comment": "", "needs_business_validation": true}}]}