{"type": "FeatureCollection", "features": [{"type": "Feature", "geometry": {"type": "Point", "crs": {"type": "name", "properties": {"name": "EPSG:26191"}}, "coordinates": [501116.950900003, 310992.8125]}, "properties": {"node_id": 1, "degree": 1, "node_type": "ISOLE_DEGRE_1"}}, {"type": "Feature", "geometry": {"type": "Point", "crs": {"type": "name", "properties": {"name": "EPSG:26191"}}, "coordinates": [497340.711400002, 308600.1809]}, "properties": {"node_id": 2, "degree": 2, "node_type": "PASSAGE"}}, {"type": "Feature", "geometry": {"type": "Point", "crs": {"type": "name", "properties": {"name": "EPSG:26191"}}, "coordinates": [486720.935800001, 308739.1708]}, "properties": {"node_id": 3, "degree": 2, "node_type": "PASSAGE"}}, {"type": "Feature", "geometry": {"type": "Point", "crs": {"type": "name", "properties": {"name": "EPSG:26191"}}, "coordinates": [485135.398100004, 309824.9657]}, "properties": {"node_id": 4, "degree": 3, "node_type": "CONFLUENCE_BIFURCATION"}}, {"type": "Feature", "geometry": {"type": "Point", "crs": {"type": "name", "properties": {"name": "EPSG:26191"}}, "coordinates": [490538.4177, 307470.5889]}, "properties": {"node_id": 5, "degree": 2, "node_type": "PASSAGE"}}, {"type": "Feature", "geometry": {"type": "Point", "crs": {"type": "name", "properties": {"name": "EPSG:26191"}}, "coordinates": [493686.325499997, 309746.4133]}, "properties": {"node_id": 6, "degree": 2, "node_type": "PASSAGE"}}, {"type": "Feature", "geometry": {"type": "Point", "crs": {"type": "name", "properties": {"name": "EPSG:26191"}}, "coordinates": [461871.030100003, 345810.309900001]}, "properties": {"node_id": 7, "degree": 1, "node_type": "ISOLE_DEGRE_1"}}, {"type": "Feature", "geometry": {"type": "Point", "crs": {"type": "name", "properties": {"name": "EPSG:26191"}}, "coordinates": [461733.835500002, 349453.1917]}, "properties": {"node_id": 8, "degree": 2, "node_type": "PASSAGE"}}, {"type": "Feature", "geometry": {"type": "Point", "crs": {"type": "name", "properties": {"name": "EPSG:26191"}}, "coordinates": [460373.9868, 351644.182999998]}, "properties": {"node_id": 9, "degree": 2, "node_type": "PASSAGE"}}, {"type": "Feature", "geometry": {"type": "Point", "crs": {"type": "name", "properties": {"name": "EPSG:26191"}}, "coordinates": [439419.281400003, 420606.9311]}, "properties": {"node_id": 10, "degree": 2, "node_type": "PASSAGE"}}, {"type": "Feature", "geometry": {"type": "Point", "crs": {"type": "name", "properties": {"name": "EPSG:26191"}}, "coordinates": [436240.208099999, 422816.0788]}, "properties": {"node_id": 11, "degree": 2, "node_type": "PASSAGE"}}, {"type": "Feature", "geometry": {"type": "Point", "crs": {"type": "name", "properties": {"name": "EPSG:26191"}}, "coordinates": [486437.094899997, 306399.014899999]}, "properties": {"node_id": 12, "degree": 2, "node_type": "PASSAGE"}}, {"type": "Feature", "geometry": {"type": "Point", "crs": {"type": "name", "properties": {"name": "EPSG:26191"}}, "coordinates": [484516.273100004, 307804.195099998]}, "properties": {"node_id": 13, "degree": 2, "node_type": "PASSAGE"}}, {"type": "Feature", "geometry": {"type": "Point", "crs": {"type": "name", "properties": {"name": "EPSG:26191"}}, "coordinates": [488970.753700003, 305843.2918]}, "properties": {"node_id": 14, "degree": 2, "node_type": "PASSAGE"}}, {"type": "Feature", "geometry": {"type": "Point", "crs": {"type": "name", "properties": {"name": "EPSG:26191"}}, "coordinates": [487944.936399996, 304762.547899999]}, "properties": {"node_id": 15, "degree": 3, "node_type": "CONFLUENCE_BIFURCATION"}}, {"type": "Feature", "geometry": {"type": "Point", "crs": {"type": "name", "properties": {"name": "EPSG:26191"}}, "coordinates": [451717.829099998, 355078.259799998]}, "properties": {"node_id": 16, "degree": 2, "node_type": "PASSAGE"}}, {"type": "Feature", "geometry": {"type": "Point", "crs": {"type": "name", "properties": {"name": "EPSG:26191"}}, "coordinates": [451163.894599996, 357213.4617]}, "properties": {"node_id": 17, "degree": 3, "node_type": "CONFLUENCE_BIFURCATION"}}, {"type": "Feature", "geometry": {"type": "Point", "crs": {"type": "name", "properties": {"name": "EPSG:26191"}}, "coordinates": [455649.486500002, 354298.7478]}, "properties": {"node_id": 18, "degree": 2, "node_type": "PASSAGE"}}, {"type": "Feature", "geometry": {"type": "Point", "crs": {"type": "name", "properties": {"name": "EPSG:26191"}}, "coordinates": [459425.5097, 354897.270500001]}, "properties": {"node_id": 19, "degree": 2, "node_type": "PASSAGE"}}, {"type": "Feature", "geometry": {"type": "Point", "crs": {"type": "name", "properties": {"name": "EPSG:26191"}}, "coordinates": [499553.235699996, 312458.3704]}, "properties": {"node_id": 20, "degree": 2, "node_type": "PASSAGE"}}, {"type": "Feature", "geometry": {"type": "Point", "crs": {"type": "name", "properties": {"name": "EPSG:26191"}}, "coordinates": [496208.616499998, 311464.344700001]}, "properties": {"node_id": 21, "degree": 2, "node_type": "PASSAGE"}}, {"type": "Feature", "geometry": {"type": "Point", "crs": {"type": "name", "properties": {"name": "EPSG:26191"}}, "coordinates": [460578.478600003, 353305.563299999]}, "properties": {"node_id": 22, "degree": 3, "node_type": "CONFLUENCE_BIFURCATION"}}, {"type": "Feature", "geometry": {"type": "Point", "crs": {"type": "name", "properties": {"name": "EPSG:26191"}}, "coordinates": [451879.891099997, 336217.179800004]}, "properties": {"node_id": 23, "degree": 1, "node_type": "ISOLE_DEGRE_1"}}, {"type": "Feature", "geometry": {"type": "Point", "crs": {"type": "name", "properties": {"name": "EPSG:26191"}}, "coordinates": [451835.090000011, 340428.898899995]}, "properties": {"node_id": 24, "degree": 1, "node_type": "ISOLE_DEGRE_1"}}, {"type": "Feature", "geometry": {"type": "Point", "crs": {"type": "name", "properties": {"name": "EPSG:26191"}}, "coordinates": [453100.619000003, 382337.957800001]}, "properties": {"node_id": 25, "degree": 2, "node_type": "PASSAGE"}}, {"type": "Feature", "geometry": {"type": "Point", "crs": {"type": "name", "properties": {"name": "EPSG:26191"}}, "coordinates": [451466.088699996, 382466.6774]}, "properties": {"node_id": 26, "degree": 3, "node_type": "CONFLUENCE_BIFURCATION"}}, {"type": "Feature", "geometry": {"type": "Point", "crs": {"type": "name", "properties": {"name": "EPSG:26191"}}, "coordinates": [450612.0304, 384092.865699999]}, "properties": {"node_id": 27, "degree": 2, "node_type": "PASSAGE"}}, {"type": "Feature", "geometry": {"type": "Point", "crs": {"type": "name", "properties": {"name": "EPSG:26191"}}, "coordinates": [449033.010899998, 386889.7903]}, "properties": {"node_id": 28, "degree": 3, "node_type": "CONFLUENCE_BIFURCATION"}}, {"type": "Feature", "geometry": {"type": "Point", "crs": {"type": "name", "properties": {"name": "EPSG:26191"}}, "coordinates": [449428.7148, 387733.140999999]}, "properties": {"node_id": 29, "degree": 2, "node_type": "PASSAGE"}}, {"type": "Feature", "geometry": {"type": "Point", "crs": {"type": "name", "properties": {"name": "EPSG:26191"}}, "coordinates": [513552.4837, 315309.3347]}, "properties": {"node_id": 30, "degree": 1, "node_type": "ISOLE_DEGRE_1"}}, {"type": "Feature", "geometry": {"type": "Point", "crs": {"type": "name", "properties": {"name": "EPSG:26191"}}, "coordinates": [510831.118799999, 311974.3508]}, "properties": {"node_id": 31, "degree": 2, "node_type": "PASSAGE"}}, {"type": "Feature", "geometry": {"type": "Point", "crs": {"type": "name", "properties": {"name": "EPSG:26191"}}, "coordinates": [492073.352499999, 303830.8598]}, "properties": {"node_id": 32, "degree": 2, "node_type": "PASSAGE"}}, {"type": "Feature", "geometry": {"type": "Point", "crs": {"type": "name", "properties": {"name": "EPSG:26191"}}, "coordinates": [449702.867899999, 391327.241]}, "properties": {"node_id": 33, "degree": 2, "node_type": "PASSAGE"}}, {"type": "Feature", "geometry": {"type": "Point", "crs": {"type": "name", "properties": {"name": "EPSG:26191"}}, "coordinates": [448509.275799997, 396970.799400002]}, "properties": {"node_id": 34, "degree": 2, "node_type": "PASSAGE"}}, {"type": "Feature", "geometry": {"type": "Point", "crs": {"type": "name", "properties": {"name": "EPSG:26191"}}, "coordinates": [448915.445299998, 400018.772100002]}, "properties": {"node_id": 35, "degree": 2, "node_type": "PASSAGE"}}, {"type": "Feature", "geometry": {"type": "Point", "crs": {"type": "name", "properties": {"name": "EPSG:26191"}}, "coordinates": [495939.794699997, 304630.5627]}, "properties": {"node_id": 36, "degree": 2, "node_type": "PASSAGE"}}, {"type": "Feature", "geometry": {"type": "Point", "crs": {"type": "name", "properties": {"name": "EPSG:26191"}}, "coordinates": [450665.395099998, 406244.390500002]}, "properties": {"node_id": 37, "degree": 2, "node_type": "PASSAGE"}}, {"type": "Feature", "geometry": {"type": "Point", "crs": {"type": "name", "properties": {"name": "EPSG:26191"}}, "coordinates": [451993.847099997, 408912.4641]}, "properties": {"node_id": 38, "degree": 2, "node_type": "PASSAGE"}}, {"type": "Feature", "geometry": {"type": "Point", "crs": {"type": "name", "properties": {"name": "EPSG:26191"}}, "coordinates": [495559.576099999, 313962.662099998]}, "properties": {"node_id": 39, "degree": 3, "node_type": "CONFLUENCE_BIFURCATION"}}, {"type": "Feature", "geometry": {"type": "Point", "crs": {"type": "name", "properties": {"name": "EPSG:26191"}}, "coordinates": [494520.0524, 314776.004000001]}, "properties": {"node_id": 40, "degree": 2, "node_type": "PASSAGE"}}, {"type": "Feature", "geometry": {"type": "Point", "crs": {"type": "name", "properties": {"name": "EPSG:26191"}}, "coordinates": [403705.3895, 428105.772599999]}, "properties": {"node_id": 41, "degree": 2, "node_type": "PASSAGE"}}, {"type": "Feature", "geometry": {"type": "Point", "crs": {"type": "name", "properties": {"name": "EPSG:26191"}}, "coordinates": [403705.0766, 424290.5099]}, "properties": {"node_id": 42, "degree": 2, "node_type": "PASSAGE"}}, {"type": "Feature", "geometry": {"type": "Point", "crs": {"type": "name", "properties": {"name": "EPSG:26191"}}, "coordinates": [451830.446999997, 411301.619800001]}, "properties": {"node_id": 43, "degree": 2, "node_type": "PASSAGE"}}, {"type": "Feature", "geometry": {"type": "Point", "crs": {"type": "name", "properties": {"name": "EPSG:26191"}}, "coordinates": [452079.598700002, 413494.175999999]}, "properties": {"node_id": 44, "degree": 2, "node_type": "PASSAGE"}}, {"type": "Feature", "geometry": {"type": "Point", "crs": {"type": "name", "properties": {"name": "EPSG:26191"}}, "coordinates": [449468.2249, 414942.897]}, "properties": {"node_id": 45, "degree": 2, "node_type": "PASSAGE"}}, {"type": "Feature", "geometry": {"type": "Point", "crs": {"type": "name", "properties": {"name": "EPSG:26191"}}, "coordinates": [441509.701099999, 417582.707400002]}, "properties": {"node_id": 46, "degree": 2, "node_type": "PASSAGE"}}, {"type": "Feature", "geometry": {"type": "Point", "crs": {"type": "name", "properties": {"name": "EPSG:26191"}}, "coordinates": [445203.390900001, 418474.815299999]}, "properties": {"node_id": 47, "degree": 2, "node_type": "PASSAGE"}}, {"type": "Feature", "geometry": {"type": "Point", "crs": {"type": "name", "properties": {"name": "EPSG:26191"}}, "coordinates": [434563.987999998, 424643.414500002]}, "properties": {"node_id": 48, "degree": 2, "node_type": "PASSAGE"}}, {"type": "Feature", "geometry": {"type": "Point", "crs": {"type": "name", "properties": {"name": "EPSG:26191"}}, "coordinates": [503717.031199999, 312239.9399]}, "properties": {"node_id": 49, "degree": 2, "node_type": "PASSAGE"}}, {"type": "Feature", "geometry": {"type": "Point", "crs": {"type": "name", "properties": {"name": "EPSG:26191"}}, "coordinates": [499000.779399998, 303882.1987]}, "properties": {"node_id": 50, "degree": 2, "node_type": "PASSAGE"}}, {"type": "Feature", "geometry": {"type": "Point", "crs": {"type": "name", "properties": {"name": "EPSG:26191"}}, "coordinates": [506991.600900002, 310877.0066]}, "properties": {"node_id": 51, "degree": 2, "node_type": "PASSAGE"}}, {"type": "Feature", "geometry": {"type": "Point", "crs": {"type": "name", "properties": {"name": "EPSG:26191"}}, "coordinates": [488741.614600003, 315335.002999999]}, "properties": {"node_id": 52, "degree": 2, "node_type": "PASSAGE"}}, {"type": "Feature", "geometry": {"type": "Point", "crs": {"type": "name", "properties": {"name": "EPSG:26191"}}, "coordinates": [492087.996299997, 315202.263500001]}, "properties": {"node_id": 53, "degree": 2, "node_type": "PASSAGE"}}, {"type": "Feature", "geometry": {"type": "Point", "crs": {"type": "name", "properties": {"name": "EPSG:26191"}}, "coordinates": [556810.384300001, 369692.933800001]}, "properties": {"node_id": 54, "degree": 3, "node_type": "CONFLUENCE_BIFURCATION"}}, {"type": "Feature", "geometry": {"type": "Point", "crs": {"type": "name", "properties": {"name": "EPSG:26191"}}, "coordinates": [554826.115067668, 374068.983127564]}, "properties": {"node_id": 55, "degree": 2, "node_type": "PASSAGE"}}, {"type": "Feature", "geometry": {"type": "Point", "crs": {"type": "name", "properties": {"name": "EPSG:26191"}}, "coordinates": [474146.626999997, 343135.834600002]}, "properties": {"node_id": 56, "degree": 1, "node_type": "ISOLE_DEGRE_1"}}, {"type": "Feature", "geometry": {"type": "Point", "crs": {"type": "name", "properties": {"name": "EPSG:26191"}}, "coordinates": [471520.321599998, 345772.105700001]}, "properties": {"node_id": 57, "degree": 2, "node_type": "PASSAGE"}}, {"type": "Feature", "geometry": {"type": "Point", "crs": {"type": "name", "properties": {"name": "EPSG:26191"}}, "coordinates": [465799.315899998, 348473.8994]}, "properties": {"node_id": 58, "degree": 2, "node_type": "PASSAGE"}}, {"type": "Feature", "geometry": {"type": "Point", "crs": {"type": "name", "properties": {"name": "EPSG:26191"}}, "coordinates": [463266.753399998, 350001.082199998]}, "properties": {"node_id": 59, "degree": 2, "node_type": "PASSAGE"}}, {"type": "Feature", "geometry": {"type": "Point", "crs": {"type": "name", "properties": {"name": "EPSG:26191"}}, "coordinates": [468840.475900002, 348113.373]}, "properties": {"node_id": 60, "degree": 2, "node_type": "PASSAGE"}}, {"type": "Feature", "geometry": {"type": "Point", "crs": {"type": "name", "properties": {"name": "EPSG:26191"}}, "coordinates": [461124.883599997, 352244.5515]}, "properties": {"node_id": 61, "degree": 2, "node_type": "PASSAGE"}}, {"type": "Feature", "geometry": {"type": "Point", "crs": {"type": "name", "properties": {"name": "EPSG:26191"}}, "coordinates": [415542.517200001, 413613.655499998]}, "properties": {"node_id": 62, "degree": 2, "node_type": "PASSAGE"}}, {"type": "Feature", "geometry": {"type": "Point", "crs": {"type": "name", "properties": {"name": "EPSG:26191"}}, "coordinates": [415360.963600002, 414536.888700001]}, "properties": {"node_id": 63, "degree": 2, "node_type": "PASSAGE"}}, {"type": "Feature", "geometry": {"type": "Point", "crs": {"type": "name", "properties": {"name": "EPSG:26191"}}, "coordinates": [447716.699600004, 384784.089899998]}, "properties": {"node_id": 64, "degree": 2, "node_type": "PASSAGE"}}, {"type": "Feature", "geometry": {"type": "Point", "crs": {"type": "name", "properties": {"name": "EPSG:26191"}}, "coordinates": [478890.648400001, 338474.9903]}, "properties": {"node_id": 65, "degree": 2, "node_type": "PASSAGE"}}, {"type": "Feature", "geometry": {"type": "Point", "crs": {"type": "name", "properties": {"name": "EPSG:26191"}}, "coordinates": [478784.1382, 342132.0634]}, "properties": {"node_id": 66, "degree": 2, "node_type": "PASSAGE"}}, {"type": "Feature", "geometry": {"type": "Point", "crs": {"type": "name", "properties": {"name": "EPSG:26191"}}, "coordinates": [478936.179399997, 335083.4987]}, "properties": {"node_id": 67, "degree": 1, "node_type": "ISOLE_DEGRE_1"}}, {"type": "Feature", "geometry": {"type": "Point", "crs": {"type": "name", "properties": {"name": "EPSG:26191"}}, "coordinates": [415442.6765, 409970.0229]}, "properties": {"node_id": 68, "degree": 2, "node_type": "PASSAGE"}}, {"type": "Feature", "geometry": {"type": "Point", "crs": {"type": "name", "properties": {"name": "EPSG:26191"}}, "coordinates": [478058.042499997, 345571.337499998]}, "properties": {"node_id": 69, "degree": 2, "node_type": "PASSAGE"}}, {"type": "Feature", "geometry": {"type": "Point", "crs": {"type": "name", "properties": {"name": "EPSG:26191"}}, "coordinates": [476331.005500004, 348528.606800001]}, "properties": {"node_id": 70, "degree": 2, "node_type": "PASSAGE"}}, {"type": "Feature", "geometry": {"type": "Point", "crs": {"type": "name", "properties": {"name": "EPSG:26191"}}, "coordinates": [476122.010300003, 352525.477299999]}, "properties": {"node_id": 71, "degree": 2, "node_type": "PASSAGE"}}, {"type": "Feature", "geometry": {"type": "Point", "crs": {"type": "name", "properties": {"name": "EPSG:26191"}}, "coordinates": [477121.609200001, 346885.528999999]}, "properties": {"node_id": 72, "degree": 3, "node_type": "CONFLUENCE_BIFURCATION"}}, {"type": "Feature", "geometry": {"type": "Point", "crs": {"type": "name", "properties": {"name": "EPSG:26191"}}, "coordinates": [505121.469899997, 429822.991500001]}, "properties": {"node_id": 73, "degree": 2, "node_type": "PASSAGE"}}, {"type": "Feature", "geometry": {"type": "Point", "crs": {"type": "name", "properties": {"name": "EPSG:26191"}}, "coordinates": [507860.830799997, 429834.090100002]}, "properties": {"node_id": 74, "degree": 2, "node_type": "PASSAGE"}}, {"type": "Feature", "geometry": {"type": "Point", "crs": {"type": "name", "properties": {"name": "EPSG:26191"}}, "coordinates": [475426.909000002, 355885.024799999]}, "properties": {"node_id": 75, "degree": 2, "node_type": "PASSAGE"}}, {"type": "Feature", "geometry": {"type": "Point", "crs": {"type": "name", "properties": {"name": "EPSG:26191"}}, "coordinates": [475171.896399997, 358730.577199999]}, "properties": {"node_id": 76, "degree": 2, "node_type": "PASSAGE"}}, {"type": "Feature", "geometry": {"type": "Point", "crs": {"type": "name", "properties": {"name": "EPSG:26191"}}, "coordinates": [474837.077799998, 360935.721000001]}, "properties": {"node_id": 77, "degree": 2, "node_type": "PASSAGE"}}, {"type": "Feature", "geometry": {"type": "Point", "crs": {"type": "name", "properties": {"name": "EPSG:26191"}}, "coordinates": [493172.442400001, 294248.1602]}, "properties": {"node_id": 78, "degree": 2, "node_type": "PASSAGE"}}, {"type": "Feature", "geometry": {"type": "Point", "crs": {"type": "name", "properties": {"name": "EPSG:26191"}}, "coordinates": [493198.089199998, 297143.4353]}, "properties": {"node_id": 79, "degree": 2, "node_type": "PASSAGE"}}, {"type": "Feature", "geometry": {"type": "Point", "crs": {"type": "name", "properties": {"name": "EPSG:26191"}}, "coordinates": [464447.175999999, 362154.476100002]}, "properties": {"node_id": 80, "degree": 2, "node_type": "PASSAGE"}}, {"type": "Feature", "geometry": {"type": "Point", "crs": {"type": "name", "properties": {"name": "EPSG:26191"}}, "coordinates": [458746.049199998, 358480.6602]}, "properties": {"node_id": 81, "degree": 3, "node_type": "CONFLUENCE_BIFURCATION"}}, {"type": "Feature", "geometry": {"type": "Point", "crs": {"type": "name", "properties": {"name": "EPSG:26191"}}, "coordinates": [472551.781499997, 362605.636399999]}, "properties": {"node_id": 82, "degree": 2, "node_type": "PASSAGE"}}, {"type": "Feature", "geometry": {"type": "Point", "crs": {"type": "name", "properties": {"name": "EPSG:26191"}}, "coordinates": [488623.875299998, 303638.2535]}, "properties": {"node_id": 83, "degree": 2, "node_type": "PASSAGE"}}, {"type": "Feature", "geometry": {"type": "Point", "crs": {"type": "name", "properties": {"name": "EPSG:26191"}}, "coordinates": [560819.3552, 375815.775600001]}, "properties": {"node_id": 84, "degree": 2, "node_type": "PASSAGE"}}, {"type": "Feature", "geometry": {"type": "Point", "crs": {"type": "name", "properties": {"name": "EPSG:26191"}}, "coordinates": [556557.232000001, 376519.004299998]}, "properties": {"node_id": 85, "degree": 2, "node_type": "PASSAGE"}}, {"type": "Feature", "geometry": {"type": "Point", "crs": {"type": "name", "properties": {"name": "EPSG:26191"}}, "coordinates": [455358.329999998, 429822.294300001]}, "properties": {"node_id": 86, "degree": 2, "node_type": "PASSAGE"}}, {"type": "Feature", "geometry": {"type": "Point", "crs": {"type": "name", "properties": {"name": "EPSG:26191"}}, "coordinates": [453422.274999998, 430790.367899999]}, "properties": {"node_id": 87, "degree": 2, "node_type": "PASSAGE"}}, {"type": "Feature", "geometry": {"type": "Point", "crs": {"type": "name", "properties": {"name": "EPSG:26191"}}, "coordinates": [469807.109099999, 362943.237300001]}, "properties": {"node_id": 88, "degree": 2, "node_type": "PASSAGE"}}, {"type": "Feature", "geometry": {"type": "Point", "crs": {"type": "name", "properties": {"name": "EPSG:26191"}}, "coordinates": [493488.221299998, 362990.686999999]}, "properties": {"node_id": 89, "degree": 3, "node_type": "CONFLUENCE_BIFURCATION"}}, {"type": "Feature", "geometry": {"type": "Point", "crs": {"type": "name", "properties": {"name": "EPSG:26191"}}, "coordinates": [491347.055500001, 365563.596299998]}, "properties": {"node_id": 90, "degree": 2, "node_type": "PASSAGE"}}, {"type": "Feature", "geometry": {"type": "Point", "crs": {"type": "name", "properties": {"name": "EPSG:26191"}}, "coordinates": [488984.452399999, 368186.061500002]}, "properties": {"node_id": 91, "degree": 2, "node_type": "PASSAGE"}}, {"type": "Feature", "geometry": {"type": "Point", "crs": {"type": "name", "properties": {"name": "EPSG:26191"}}, "coordinates": [415922.818599999, 369756.683499999]}, "properties": {"node_id": 92, "degree": 2, "node_type": "PASSAGE"}}, {"type": "Feature", "geometry": {"type": "Point", "crs": {"type": "name", "properties": {"name": "EPSG:26191"}}, "coordinates": [415166.875100002, 373901.638799999]}, "properties": {"node_id": 93, "degree": 2, "node_type": "PASSAGE"}}, {"type": "Feature", "geometry": {"type": "Point", "crs": {"type": "name", "properties": {"name": "EPSG:26191"}}, "coordinates": [555946.7311, 376942.609500002]}, "properties": {"node_id": 94, "degree": 3, "node_type": "CONFLUENCE_BIFURCATION"}}, {"type": "Feature", "geometry": {"type": "Point", "crs": {"type": "name", "properties": {"name": "EPSG:26191"}}, "coordinates": [485865.376800001, 369366.328299999]}, "properties": {"node_id": 95, "degree": 2, "node_type": "PASSAGE"}}, {"type": "Feature", "geometry": {"type": "Point", "crs": {"type": "name", "properties": {"name": "EPSG:26191"}}, "coordinates": [484790.481700003, 371787.392200001]}, "properties": {"node_id": 96, "degree": 2, "node_type": "PASSAGE"}}, {"type": "Feature", "geometry": {"type": "Point", "crs": {"type": "name", "properties": {"name": "EPSG:26191"}}, "coordinates": [416926.151600003, 366201.480900001]}, "properties": {"node_id": 97, "degree": 2, "node_type": "PASSAGE"}}, {"type": "Feature", "geometry": {"type": "Point", "crs": {"type": "name", "properties": {"name": "EPSG:26191"}}, "coordinates": [548576.66210739, 358369.391696738]}, "properties": {"node_id": 98, "degree": 1, "node_type": "ISOLE_DEGRE_1"}}, {"type": "Feature", "geometry": {"type": "Point", "crs": {"type": "name", "properties": {"name": "EPSG:26191"}}, "coordinates": [552910.323901117, 360005.474948179]}, "properties": {"node_id": 99, "degree": 2, "node_type": "PASSAGE"}}, {"type": "Feature", "geometry": {"type": "Point", "crs": {"type": "name", "properties": {"name": "EPSG:26191"}}, "coordinates": [483421.371600002, 372929.3475]}, "properties": {"node_id": 100, "degree": 3, "node_type": "CONFLUENCE_BIFURCATION"}}, {"type": "Feature", "geometry": {"type": "Point", "crs": {"type": "name", "properties": {"name": "EPSG:26191"}}, "coordinates": [469170.031300001, 353422.630100001]}, "properties": {"node_id": 101, "degree": 1, "node_type": "ISOLE_DEGRE_1"}}, {"type": "Feature", "geometry": {"type": "Point", "crs": {"type": "name", "properties": {"name": "EPSG:26191"}}, "coordinates": [465258.135300003, 354866.739300001]}, "properties": {"node_id": 102, "degree": 2, "node_type": "PASSAGE"}}, {"type": "Feature", "geometry": {"type": "Point", "crs": {"type": "name", "properties": {"name": "EPSG:26191"}}, "coordinates": [461643.4608, 357132.732700001]}, "properties": {"node_id": 103, "degree": 2, "node_type": "PASSAGE"}}, {"type": "Feature", "geometry": {"type": "Point", "crs": {"type": "name", "properties": {"name": "EPSG:26191"}}, "coordinates": [559150.505560507, 365222.775447262]}, "properties": {"node_id": 104, "degree": 2, "node_type": "PASSAGE"}}, {"type": "Feature", "geometry": {"type": "Point", "crs": {"type": "name", "properties": {"name": "EPSG:26191"}}, "coordinates": [557296.220963974, 369017.924421037]}, "properties": {"node_id": 105, "degree": 2, "node_type": "PASSAGE"}}, {"type": "Feature", "geometry": {"type": "Point", "crs": {"type": "name", "properties": {"name": "EPSG:26191"}}, "coordinates": [554188.115400001, 364185.254600003]}, "properties": {"node_id": 106, "degree": 2, "node_type": "PASSAGE"}}, {"type": "Feature", "geometry": {"type": "Point", "crs": {"type": "name", "properties": {"name": "EPSG:26191"}}, "coordinates": [496783.284900002, 337290.667100001]}, "properties": {"node_id": 107, "degree": 2, "node_type": "PASSAGE"}}, {"type": "Feature", "geometry": {"type": "Point", "crs": {"type": "name", "properties": {"name": "EPSG:26191"}}, "coordinates": [496416.342299998, 340959.357000001]}, "properties": {"node_id": 108, "degree": 2, "node_type": "PASSAGE"}}, {"type": "Feature", "geometry": {"type": "Point", "crs": {"type": "name", "properties": {"name": "EPSG:26191"}}, "coordinates": [457386.919, 429720.414000001]}, "properties": {"node_id": 109, "degree": 2, "node_type": "PASSAGE"}}, {"type": "Feature", "geometry": {"type": "Point", "crs": {"type": "name", "properties": {"name": "EPSG:26191"}}, "coordinates": [500491.204599999, 332359.237300001]}, "properties": {"node_id": 110, "degree": 1, "node_type": "ISOLE_DEGRE_1"}}, {"type": "Feature", "geometry": {"type": "Point", "crs": {"type": "name", "properties": {"name": "EPSG:26191"}}, "coordinates": [498051.714100003, 334200.577500001]}, "properties": {"node_id": 111, "degree": 2, "node_type": "PASSAGE"}}, {"type": "Feature", "geometry": {"type": "Point", "crs": {"type": "name", "properties": {"name": "EPSG:26191"}}, "coordinates": [491404.492600001, 383939.138799999]}, "properties": {"node_id": 112, "degree": 2, "node_type": "PASSAGE"}}, {"type": "Feature", "geometry": {"type": "Point", "crs": {"type": "name", "properties": {"name": "EPSG:26191"}}, "coordinates": [487618.9476, 383664.8759]}, "properties": {"node_id": 113, "degree": 2, "node_type": "PASSAGE"}}, {"type": "Feature", "geometry": {"type": "Point", "crs": {"type": "name", "properties": {"name": "EPSG:26191"}}, "coordinates": [462904.233800001, 429003.491]}, "properties": {"node_id": 114, "degree": 2, "node_type": "PASSAGE"}}, {"type": "Feature", "geometry": {"type": "Point", "crs": {"type": "name", "properties": {"name": "EPSG:26191"}}, "coordinates": [460830.824500002, 431388.797899999]}, "properties": {"node_id": 115, "degree": 2, "node_type": "PASSAGE"}}, {"type": "Feature", "geometry": {"type": "Point", "crs": {"type": "name", "properties": {"name": "EPSG:26191"}}, "coordinates": [498403.182300001, 344591.347800002]}, "properties": {"node_id": 116, "degree": 2, "node_type": "PASSAGE"}}, {"type": "Feature", "geometry": {"type": "Point", "crs": {"type": "name", "properties": {"name": "EPSG:26191"}}, "coordinates": [555162.931100011, 354668.255800001]}, "properties": {"node_id": 117, "degree": 1, "node_type": "ISOLE_DEGRE_1"}}, {"type": "Feature", "geometry": {"type": "Point", "crs": {"type": "name", "properties": {"name": "EPSG:26191"}}, "coordinates": [558036.748300001, 357898.677099999]}, "properties": {"node_id": 118, "degree": 2, "node_type": "PASSAGE"}}, {"type": "Feature", "geometry": {"type": "Point", "crs": {"type": "name", "properties": {"name": "EPSG:26191"}}, "coordinates": [556741.161034381, 360510.536604759]}, "properties": {"node_id": 119, "degree": 3, "node_type": "CONFLUENCE_BIFURCATION"}}, {"type": "Feature", "geometry": {"type": "Point", "crs": {"type": "name", "properties": {"name": "EPSG:26191"}}, "coordinates": [552106.804700002, 349107.4232]}, "properties": {"node_id": 120, "degree": 1, "node_type": "ISOLE_DEGRE_1"}}, {"type": "Feature", "geometry": {"type": "Point", "crs": {"type": "name", "properties": {"name": "EPSG:26191"}}, "coordinates": [553629.119099997, 353275.489399999]}, "properties": {"node_id": 121, "degree": 2, "node_type": "PASSAGE"}}, {"type": "Feature", "geometry": {"type": "Point", "crs": {"type": "name", "properties": {"name": "EPSG:26191"}}, "coordinates": [556576.120467916, 367937.773676932]}, "properties": {"node_id": 122, "degree": 2, "node_type": "PASSAGE"}}, {"type": "Feature", "geometry": {"type": "Point", "crs": {"type": "name", "properties": {"name": "EPSG:26191"}}, "coordinates": [497362.381800003, 348346.172400001]}, "properties": {"node_id": 123, "degree": 2, "node_type": "PASSAGE"}}, {"type": "Feature", "geometry": {"type": "Point", "crs": {"type": "name", "properties": {"name": "EPSG:26191"}}, "coordinates": [496216.781499997, 352068.183400001]}, "properties": {"node_id": 124, "degree": 2, "node_type": "PASSAGE"}}, {"type": "Feature", "geometry": {"type": "Point", "crs": {"type": "name", "properties": {"name": "EPSG:26191"}}, "coordinates": [498164.042999998, 345547.429699998]}, "properties": {"node_id": 125, "degree": 3, "node_type": "CONFLUENCE_BIFURCATION"}}, {"type": "Feature", "geometry": {"type": "Point", "crs": {"type": "name", "properties": {"name": "EPSG:26191"}}, "coordinates": [556373.827825275, 357124.074092353]}, "properties": {"node_id": 126, "degree": 2, "node_type": "PASSAGE"}}, {"type": "Feature", "geometry": {"type": "Point", "crs": {"type": "name", "properties": {"name": "EPSG:26191"}}, "coordinates": [496417.009499997, 355486.021400001]}, "properties": {"node_id": 127, "degree": 2, "node_type": "PASSAGE"}}, {"type": "Feature", "geometry": {"type": "Point", "crs": {"type": "name", "properties": {"name": "EPSG:26191"}}, "coordinates": [496260.234300002, 358901.9791]}, "properties": {"node_id": 128, "degree": 2, "node_type": "PASSAGE"}}, {"type": "Feature", "geometry": {"type": "Point", "crs": {"type": "name", "properties": {"name": "EPSG:26191"}}, "coordinates": [494838.774099998, 361456.339600001]}, "properties": {"node_id": 129, "degree": 2, "node_type": "PASSAGE"}}, {"type": "Feature", "geometry": {"type": "Point", "crs": {"type": "name", "properties": {"name": "EPSG:26191"}}, "coordinates": [471662.3046, 391292.103399999]}, "properties": {"node_id": 130, "degree": 2, "node_type": "PASSAGE"}}, {"type": "Feature", "geometry": {"type": "Point", "crs": {"type": "name", "properties": {"name": "EPSG:26191"}}, "coordinates": [470681.309900001, 391404.778700002]}, "properties": {"node_id": 131, "degree": 3, "node_type": "CONFLUENCE_BIFURCATION"}}, {"type": "Feature", "geometry": {"type": "Point", "crs": {"type": "name", "properties": {"name": "EPSG:26191"}}, "coordinates": [463286.532899998, 426652.788199998]}, "properties": {"node_id": 132, "degree": 2, "node_type": "PASSAGE"}}, {"type": "Feature", "geometry": {"type": "Point", "crs": {"type": "name", "properties": {"name": "EPSG:26191"}}, "coordinates": [482225.067500003, 389398.471999999]}, "properties": {"node_id": 133, "degree": 2, "node_type": "PASSAGE"}}, {"type": "Feature", "geometry": {"type": "Point", "crs": {"type": "name", "properties": {"name": "EPSG:26191"}}, "coordinates": [478652.0744, 390784.548300002]}, "properties": {"node_id": 134, "degree": 2, "node_type": "PASSAGE"}}, {"type": "Feature", "geometry": {"type": "Point", "crs": {"type": "name", "properties": {"name": "EPSG:26191"}}, "coordinates": [532025.881910885, 382428.631368913]}, "properties": {"node_id": 135, "degree": 3, "node_type": "CONFLUENCE_BIFURCATION"}}, {"type": "Feature", "geometry": {"type": "Point", "crs": {"type": "name", "properties": {"name": "EPSG:26191"}}, "coordinates": [533276.683800004, 382675.039400004]}, "properties": {"node_id": 136, "degree": 2, "node_type": "PASSAGE"}}, {"type": "Feature", "geometry": {"type": "Point", "crs": {"type": "name", "properties": {"name": "EPSG:26191"}}, "coordinates": [490142.862300001, 416535.127599999]}, "properties": {"node_id": 137, "degree": 2, "node_type": "PASSAGE"}}, {"type": "Feature", "geometry": {"type": "Point", "crs": {"type": "name", "properties": {"name": "EPSG:26191"}}, "coordinates": [486611.742899999, 416769.9232]}, "properties": {"node_id": 138, "degree": 2, "node_type": "PASSAGE"}}, {"type": "Feature", "geometry": {"type": "Point", "crs": {"type": "name", "properties": {"name": "EPSG:26191"}}, "coordinates": [495141.317199998, 382235.4175]}, "properties": {"node_id": 139, "degree": 1, "node_type": "ISOLE_DEGRE_1"}}, {"type": "Feature", "geometry": {"type": "Point", "crs": {"type": "name", "properties": {"name": "EPSG:26191"}}, "coordinates": [484734.152599998, 386352.141899999]}, "properties": {"node_id": 140, "degree": 2, "node_type": "PASSAGE"}}, {"type": "Feature", "geometry": {"type": "Point", "crs": {"type": "name", "properties": {"name": "EPSG:26191"}}, "coordinates": [477278.283799998, 310292.7916]}, "properties": {"node_id": 141, "degree": 2, "node_type": "PASSAGE"}}, {"type": "Feature", "geometry": {"type": "Point", "crs": {"type": "name", "properties": {"name": "EPSG:26191"}}, "coordinates": [475447.829400003, 310664.882399999]}, "properties": {"node_id": 142, "degree": 2, "node_type": "PASSAGE"}}, {"type": "Feature", "geometry": {"type": "Point", "crs": {"type": "name", "properties": {"name": "EPSG:26191"}}, "coordinates": [465969.505999997, 424307.3541]}, "properties": {"node_id": 143, "degree": 2, "node_type": "PASSAGE"}}, {"type": "Feature", "geometry": {"type": "Point", "crs": {"type": "name", "properties": {"name": "EPSG:26191"}}, "coordinates": [406985.337399997, 432210.993900001]}, "properties": {"node_id": 144, "degree": 2, "node_type": "PASSAGE"}}, {"type": "Feature", "geometry": {"type": "Point", "crs": {"type": "name", "properties": {"name": "EPSG:26191"}}, "coordinates": [405064.652800001, 430734.488899998]}, "properties": {"node_id": 145, "degree": 2, "node_type": "PASSAGE"}}, {"type": "Feature", "geometry": {"type": "Point", "crs": {"type": "name", "properties": {"name": "EPSG:26191"}}, "coordinates": [473739.776199996, 391763.521899998]}, "properties": {"node_id": 146, "degree": 2, "node_type": "PASSAGE"}}, {"type": "Feature", "geometry": {"type": "Point", "crs": {"type": "name", "properties": {"name": "EPSG:26191"}}, "coordinates": [417183.104699999, 362777.686099999]}, "properties": {"node_id": 147, "degree": 1, "node_type": "ISOLE_DEGRE_1"}}, {"type": "Feature", "geometry": {"type": "Point", "crs": {"type": "name", "properties": {"name": "EPSG:26191"}}, "coordinates": [569935.4956, 368067.357900009]}, "properties": {"node_id": 148, "degree": 2, "node_type": "PASSAGE"}}, {"type": "Feature", "geometry": {"type": "Point", "crs": {"type": "name", "properties": {"name": "EPSG:26191"}}, "coordinates": [566749.471500009, 370149.723900002]}, "properties": {"node_id": 149, "degree": 2, "node_type": "PASSAGE"}}, {"type": "Feature", "geometry": {"type": "Point", "crs": {"type": "name", "properties": {"name": "EPSG:26191"}}, "coordinates": [475714.115400001, 391375.415899999]}, "properties": {"node_id": 150, "degree": 2, "node_type": "PASSAGE"}}, {"type": "Feature", "geometry": {"type": "Point", "crs": {"type": "name", "properties": {"name": "EPSG:26191"}}, "coordinates": [582070.982000001, 336854.226799998]}, "properties": {"node_id": 151, "degree": 2, "node_type": "PASSAGE"}}, {"type": "Feature", "geometry": {"type": "Point", "crs": {"type": "name", "properties": {"name": "EPSG:26191"}}, "coordinates": [582114.982799999, 340973.3343]}, "properties": {"node_id": 152, "degree": 2, "node_type": "PASSAGE"}}, {"type": "Feature", "geometry": {"type": "Point", "crs": {"type": "name", "properties": {"name": "EPSG:26191"}}, "coordinates": [414585.267300002, 377136.5427]}, "properties": {"node_id": 153, "degree": 2, "node_type": "PASSAGE"}}, {"type": "Feature", "geometry": {"type": "Point", "crs": {"type": "name", "properties": {"name": "EPSG:26191"}}, "coordinates": [411836.624499999, 387900.785100002]}, "properties": {"node_id": 154, "degree": 2, "node_type": "PASSAGE"}}, {"type": "Feature", "geometry": {"type": "Point", "crs": {"type": "name", "properties": {"name": "EPSG:26191"}}, "coordinates": [411202.718500003, 391136.6582]}, "properties": {"node_id": 155, "degree": 2, "node_type": "PASSAGE"}}, {"type": "Feature", "geometry": {"type": "Point", "crs": {"type": "name", "properties": {"name": "EPSG:26191"}}, "coordinates": [411947.6184, 379429.3653]}, "properties": {"node_id": 156, "degree": 2, "node_type": "PASSAGE"}}, {"type": "Feature", "geometry": {"type": "Point", "crs": {"type": "name", "properties": {"name": "EPSG:26191"}}, "coordinates": [410406.913900003, 382775.402199998]}, "properties": {"node_id": 157, "degree": 2, "node_type": "PASSAGE"}}, {"type": "Feature", "geometry": {"type": "Point", "crs": {"type": "name", "properties": {"name": "EPSG:26191"}}, "coordinates": [459160.008800007, 334532.705800001]}, "properties": {"node_id": 158, "degree": 2, "node_type": "PASSAGE"}}, {"type": "Feature", "geometry": {"type": "Point", "crs": {"type": "name", "properties": {"name": "EPSG:26191"}}, "coordinates": [454955.012999997, 339674.533700004]}, "properties": {"node_id": 159, "degree": 1, "node_type": "ISOLE_DEGRE_1"}}, {"type": "Feature", "geometry": {"type": "Point", "crs": {"type": "name", "properties": {"name": "EPSG:26191"}}, "coordinates": [490098.510600001, 302161.3781]}, "properties": {"node_id": 160, "degree": 2, "node_type": "PASSAGE"}}, {"type": "Feature", "geometry": {"type": "Point", "crs": {"type": "name", "properties": {"name": "EPSG:26191"}}, "coordinates": [413009.613700002, 385870.478700001]}, "properties": {"node_id": 161, "degree": 2, "node_type": "PASSAGE"}}, {"type": "Feature", "geometry": {"type": "Point", "crs": {"type": "name", "properties": {"name": "EPSG:26191"}}, "coordinates": [413217.263700001, 397758.723200001]}, "properties": {"node_id": 162, "degree": 2, "node_type": "PASSAGE"}}, {"type": "Feature", "geometry": {"type": "Point", "crs": {"type": "name", "properties": {"name": "EPSG:26191"}}, "coordinates": [414298.4256, 401218.402100001]}, "properties": {"node_id": 163, "degree": 2, "node_type": "PASSAGE"}}, {"type": "Feature", "geometry": {"type": "Point", "crs": {"type": "name", "properties": {"name": "EPSG:26191"}}, "coordinates": [424218.8785, 429267.190400001]}, "properties": {"node_id": 164, "degree": 2, "node_type": "PASSAGE"}}, {"type": "Feature", "geometry": {"type": "Point", "crs": {"type": "name", "properties": {"name": "EPSG:26191"}}, "coordinates": [411444.356899999, 394398.2993]}, "properties": {"node_id": 165, "degree": 2, "node_type": "PASSAGE"}}, {"type": "Feature", "geometry": {"type": "Point", "crs": {"type": "name", "properties": {"name": "EPSG:26191"}}, "coordinates": [414092.850299999, 403789.9278]}, "properties": {"node_id": 166, "degree": 2, "node_type": "PASSAGE"}}, {"type": "Feature", "geometry": {"type": "Point", "crs": {"type": "name", "properties": {"name": "EPSG:26191"}}, "coordinates": [415481.8288, 407106.5306]}, "properties": {"node_id": 167, "degree": 2, "node_type": "PASSAGE"}}, {"type": "Feature", "geometry": {"type": "Point", "crs": {"type": "name", "properties": {"name": "EPSG:26191"}}, "coordinates": [441654.569899999, 337698.113000002]}, "properties": {"node_id": 168, "degree": 1, "node_type": "ISOLE_DEGRE_1"}}, {"type": "Feature", "geometry": {"type": "Point", "crs": {"type": "name", "properties": {"name": "EPSG:26191"}}, "coordinates": [439891.001800001, 340540.817600001]}, "properties": {"node_id": 169, "degree": 2, "node_type": "PASSAGE"}}, {"type": "Feature", "geometry": {"type": "Point", "crs": {"type": "name", "properties": {"name": "EPSG:26191"}}, "coordinates": [438917.829999998, 344025.551399998]}, "properties": {"node_id": 170, "degree": 2, "node_type": "PASSAGE"}}, {"type": "Feature", "geometry": {"type": "Point", "crs": {"type": "name", "properties": {"name": "EPSG:26191"}}, "coordinates": [440356.494199999, 347892.153499998]}, "properties": {"node_id": 171, "degree": 2, "node_type": "PASSAGE"}}, {"type": "Feature", "geometry": {"type": "Point", "crs": {"type": "name", "properties": {"name": "EPSG:26191"}}, "coordinates": [405780.214000002, 424954.770199999]}, "properties": {"node_id": 172, "degree": 2, "node_type": "PASSAGE"}}, {"type": "Feature", "geometry": {"type": "Point", "crs": {"type": "name", "properties": {"name": "EPSG:26191"}}, "coordinates": [405006.791632574, 423973.583809596]}, "properties": {"node_id": 173, "degree": 3, "node_type": "CONFLUENCE_BIFURCATION"}}, {"type": "Feature", "geometry": {"type": "Point", "crs": {"type": "name", "properties": {"name": "EPSG:26191"}}, "coordinates": [505595.582099996, 297777.4034]}, "properties": {"node_id": 174, "degree": 1, "node_type": "ISOLE_DEGRE_1"}}, {"type": "Feature", "geometry": {"type": "Point", "crs": {"type": "name", "properties": {"name": "EPSG:26191"}}, "coordinates": [503400.988200001, 299529.6919]}, "properties": {"node_id": 175, "degree": 2, "node_type": "PASSAGE"}}, {"type": "Feature", "geometry": {"type": "Point", "crs": {"type": "name", "properties": {"name": "EPSG:26191"}}, "coordinates": [409509.653899998, 432349.456999999]}, "properties": {"node_id": 176, "degree": 2, "node_type": "PASSAGE"}}, {"type": "Feature", "geometry": {"type": "Point", "crs": {"type": "name", "properties": {"name": "EPSG:26191"}}, "coordinates": [444487.291199997, 349880.499600001]}, "properties": {"node_id": 177, "degree": 2, "node_type": "PASSAGE"}}, {"type": "Feature", "geometry": {"type": "Point", "crs": {"type": "name", "properties": {"name": "EPSG:26191"}}, "coordinates": [447921.6505, 350690.427000001]}, "properties": {"node_id": 178, "degree": 3, "node_type": "CONFLUENCE_BIFURCATION"}}, {"type": "Feature", "geometry": {"type": "Point", "crs": {"type": "name", "properties": {"name": "EPSG:26191"}}, "coordinates": [497523.659000002, 289034.385600001]}, "properties": {"node_id": 179, "degree": 1, "node_type": "ISOLE_DEGRE_1"}}, {"type": "Feature", "geometry": {"type": "Point", "crs": {"type": "name", "properties": {"name": "EPSG:26191"}}, "coordinates": [494948.5924, 291725.1807]}, "properties": {"node_id": 180, "degree": 2, "node_type": "PASSAGE"}}, {"type": "Feature", "geometry": {"type": "Point", "crs": {"type": "name", "properties": {"name": "EPSG:26191"}}, "coordinates": [491426.906900004, 299551.297200002]}, "properties": {"node_id": 181, "degree": 2, "node_type": "PASSAGE"}}, {"type": "Feature", "geometry": {"type": "Point", "crs": {"type": "name", "properties": {"name": "EPSG:26191"}}, "coordinates": [415005.551600002, 414907.954599999]}, "properties": {"node_id": 182, "degree": 2, "node_type": "PASSAGE"}}, {"type": "Feature", "geometry": {"type": "Point", "crs": {"type": "name", "properties": {"name": "EPSG:26191"}}, "coordinates": [410444.315300003, 428834.125399999]}, "properties": {"node_id": 183, "degree": 2, "node_type": "PASSAGE"}}, {"type": "Feature", "geometry": {"type": "Point", "crs": {"type": "name", "properties": {"name": "EPSG:26191"}}, "coordinates": [420755.126500003, 431153.097600002]}, "properties": {"node_id": 184, "degree": 2, "node_type": "PASSAGE"}}, {"type": "Feature", "geometry": {"type": "Point", "crs": {"type": "name", "properties": {"name": "EPSG:26191"}}, "coordinates": [411712.2359, 416458.635200001]}, "properties": {"node_id": 185, "degree": 2, "node_type": "PASSAGE"}}, {"type": "Feature", "geometry": {"type": "Point", "crs": {"type": "name", "properties": {"name": "EPSG:26191"}}, "coordinates": [407005.132100001, 415115.5284]}, "properties": {"node_id": 186, "degree": 2, "node_type": "PASSAGE"}}, {"type": "Feature", "geometry": {"type": "Point", "crs": {"type": "name", "properties": {"name": "EPSG:26191"}}, "coordinates": [400299.234899998, 416309.525800001]}, "properties": {"node_id": 187, "degree": 1, "node_type": "ISOLE_DEGRE_1"}}, {"type": "Feature", "geometry": {"type": "Point", "crs": {"type": "name", "properties": {"name": "EPSG:26191"}}, "coordinates": [413321.992200002, 432926.289799999]}, "properties": {"node_id": 188, "degree": 2, "node_type": "PASSAGE"}}, {"type": "Feature", "geometry": {"type": "Point", "crs": {"type": "name", "properties": {"name": "EPSG:26191"}}, "coordinates": [482976.751199998, 309528.635499999]}, "properties": {"node_id": 189, "degree": 2, "node_type": "PASSAGE"}}, {"type": "Feature", "geometry": {"type": "Point", "crs": {"type": "name", "properties": {"name": "EPSG:26191"}}, "coordinates": [464724.5, 317307.566]}, "properties": {"node_id": 190, "degree": 2, "node_type": "PASSAGE"}}, {"type": "Feature", "geometry": {"type": "Point", "crs": {"type": "name", "properties": {"name": "EPSG:26191"}}, "coordinates": [463684.8499, 319806.559500001]}, "properties": {"node_id": 191, "degree": 2, "node_type": "PASSAGE"}}, {"type": "Feature", "geometry": {"type": "Point", "crs": {"type": "name", "properties": {"name": "EPSG:26191"}}, "coordinates": [556000.828244166, 404283.914847876]}, "properties": {"node_id": 192, "degree": 2, "node_type": "PASSAGE"}}, {"type": "Feature", "geometry": {"type": "Point", "crs": {"type": "name", "properties": {"name": "EPSG:26191"}}, "coordinates": [554012.917644167, 401754.539147876]}, "properties": {"node_id": 193, "degree": 2, "node_type": "PASSAGE"}}, {"type": "Feature", "geometry": {"type": "Point", "crs": {"type": "name", "properties": {"name": "EPSG:26191"}}, "coordinates": [417945.681699999, 432711.6644]}, "properties": {"node_id": 194, "degree": 2, "node_type": "PASSAGE"}}, {"type": "Feature", "geometry": {"type": "Point", "crs": {"type": "name", "properties": {"name": "EPSG:26191"}}, "coordinates": [419382.588500001, 432321.1052]}, "properties": {"node_id": 195, "degree": 3, "node_type": "CONFLUENCE_BIFURCATION"}}, {"type": "Feature", "geometry": {"type": "Point", "crs": {"type": "name", "properties": {"name": "EPSG:26191"}}, "coordinates": [438966.630400002, 357348.040600002]}, "properties": {"node_id": 196, "degree": 1, "node_type": "ISOLE_DEGRE_1"}}, {"type": "Feature", "geometry": {"type": "Point", "crs": {"type": "name", "properties": {"name": "EPSG:26191"}}, "coordinates": [440767.997500002, 360903.357099999]}, "properties": {"node_id": 197, "degree": 2, "node_type": "PASSAGE"}}, {"type": "Feature", "geometry": {"type": "Point", "crs": {"type": "name", "properties": {"name": "EPSG:26191"}}, "coordinates": [443532.265500002, 363982.405299999]}, "properties": {"node_id": 198, "degree": 2, "node_type": "PASSAGE"}}, {"type": "Feature", "geometry": {"type": "Point", "crs": {"type": "name", "properties": {"name": "EPSG:26191"}}, "coordinates": [455421.493199997, 329895.849599998]}, "properties": {"node_id": 199, "degree": 2, "node_type": "PASSAGE"}}, {"type": "Feature", "geometry": {"type": "Point", "crs": {"type": "name", "properties": {"name": "EPSG:26191"}}, "coordinates": [456906.348099999, 334646.864700001]}, "properties": {"node_id": 200, "degree": 2, "node_type": "PASSAGE"}}, {"type": "Feature", "geometry": {"type": "Point", "crs": {"type": "name", "properties": {"name": "EPSG:26191"}}, "coordinates": [456932.672300003, 335972.002099998]}, "properties": {"node_id": 201, "degree": 1, "node_type": "ISOLE_DEGRE_1"}}, {"type": "Feature", "geometry": {"type": "Point", "crs": {"type": "name", "properties": {"name": "EPSG:26191"}}, "coordinates": [414059.808799997, 436037.916999999]}, "properties": {"node_id": 202, "degree": 2, "node_type": "PASSAGE"}}, {"type": "Feature", "geometry": {"type": "Point", "crs": {"type": "name", "properties": {"name": "EPSG:26191"}}, "coordinates": [411529.511799999, 436942.862100001]}, "properties": {"node_id": 203, "degree": 2, "node_type": "PASSAGE"}}, {"type": "Feature", "geometry": {"type": "Point", "crs": {"type": "name", "properties": {"name": "EPSG:26191"}}, "coordinates": [446416.173, 365300.158]}, "properties": {"node_id": 204, "degree": 2, "node_type": "PASSAGE"}}, {"type": "Feature", "geometry": {"type": "Point", "crs": {"type": "name", "properties": {"name": "EPSG:26191"}}, "coordinates": [483904.4714, 309015.105999999]}, "properties": {"node_id": 205, "degree": 3, "node_type": "CONFLUENCE_BIFURCATION"}}, {"type": "Feature", "geometry": {"type": "Point", "crs": {"type": "name", "properties": {"name": "EPSG:26191"}}, "coordinates": [465818.612000003, 315434.9668]}, "properties": {"node_id": 206, "degree": 2, "node_type": "PASSAGE"}}, {"type": "Feature", "geometry": {"type": "Point", "crs": {"type": "name", "properties": {"name": "EPSG:26191"}}, "coordinates": [448346.375200003, 368273.2108]}, "properties": {"node_id": 207, "degree": 2, "node_type": "PASSAGE"}}, {"type": "Feature", "geometry": {"type": "Point", "crs": {"type": "name", "properties": {"name": "EPSG:26191"}}, "coordinates": [472312.677599996, 312428.869899999]}, "properties": {"node_id": 208, "degree": 2, "node_type": "PASSAGE"}}, {"type": "Feature", "geometry": {"type": "Point", "crs": {"type": "name", "properties": {"name": "EPSG:26191"}}, "coordinates": [580831.975400001, 344526.728300002]}, "properties": {"node_id": 209, "degree": 2, "node_type": "PASSAGE"}}, {"type": "Feature", "geometry": {"type": "Point", "crs": {"type": "name", "properties": {"name": "EPSG:26191"}}, "coordinates": [450578.685500003, 368706.557599999]}, "properties": {"node_id": 210, "degree": 3, "node_type": "CONFLUENCE_BIFURCATION"}}, {"type": "Feature", "geometry": {"type": "Point", "crs": {"type": "name", "properties": {"name": "EPSG:26191"}}, "coordinates": [457721.118500002, 320264.8444]}, "properties": {"node_id": 211, "degree": 1, "node_type": "ISOLE_DEGRE_1"}}, {"type": "Feature", "geometry": {"type": "Point", "crs": {"type": "name", "properties": {"name": "EPSG:26191"}}, "coordinates": [456048.056400001, 322609.9527]}, "properties": {"node_id": 212, "degree": 2, "node_type": "PASSAGE"}}, {"type": "Feature", "geometry": {"type": "Point", "crs": {"type": "name", "properties": {"name": "EPSG:26191"}}, "coordinates": [455998.295999996, 325934.514199998]}, "properties": {"node_id": 213, "degree": 2, "node_type": "PASSAGE"}}, {"type": "Feature", "geometry": {"type": "Point", "crs": {"type": "name", "properties": {"name": "EPSG:26191"}}, "coordinates": [581783.486500002, 346516.044199999]}, "properties": {"node_id": 214, "degree": 2, "node_type": "PASSAGE"}}, {"type": "Feature", "geometry": {"type": "Point", "crs": {"type": "name", "properties": {"name": "EPSG:26191"}}, "coordinates": [581518.776299998, 347717.788899999]}, "properties": {"node_id": 215, "degree": 3, "node_type": "CONFLUENCE_BIFURCATION"}}, {"type": "Feature", "geometry": {"type": "Point", "crs": {"type": "name", "properties": {"name": "EPSG:26191"}}, "coordinates": [416728.160700001, 435448.9355]}, "properties": {"node_id": 216, "degree": 2, "node_type": "PASSAGE"}}, {"type": "Feature", "geometry": {"type": "Point", "crs": {"type": "name", "properties": {"name": "EPSG:26191"}}, "coordinates": [460947.3706, 321507.8528]}, "properties": {"node_id": 217, "degree": 2, "node_type": "PASSAGE"}}, {"type": "Feature", "geometry": {"type": "Point", "crs": {"type": "name", "properties": {"name": "EPSG:26191"}}, "coordinates": [460149.9428, 324150.184599999]}, "properties": {"node_id": 218, "degree": 2, "node_type": "PASSAGE"}}, {"type": "Feature", "geometry": {"type": "Point", "crs": {"type": "name", "properties": {"name": "EPSG:26191"}}, "coordinates": [460125.093900003, 327819.975200001]}, "properties": {"node_id": 219, "degree": 2, "node_type": "PASSAGE"}}, {"type": "Feature", "geometry": {"type": "Point", "crs": {"type": "name", "properties": {"name": "EPSG:26191"}}, "coordinates": [459507.136, 330116.9179]}, "properties": {"node_id": 220, "degree": 2, "node_type": "PASSAGE"}}, {"type": "Feature", "geometry": {"type": "Point", "crs": {"type": "name", "properties": {"name": "EPSG:26191"}}, "coordinates": [458327.607699998, 332756.6756]}, "properties": {"node_id": 221, "degree": 2, "node_type": "PASSAGE"}}, {"type": "Feature", "geometry": {"type": "Point", "crs": {"type": "name", "properties": {"name": "EPSG:26191"}}, "coordinates": [570559.118799999, 367973.557300001]}, "properties": {"node_id": 222, "degree": 2, "node_type": "PASSAGE"}}, {"type": "Feature", "geometry": {"type": "Point", "crs": {"type": "name", "properties": {"name": "EPSG:26191"}}, "coordinates": [500628.154299997, 301242.0282]}, "properties": {"node_id": 223, "degree": 2, "node_type": "PASSAGE"}}, {"type": "Feature", "geometry": {"type": "Point", "crs": {"type": "name", "properties": {"name": "EPSG:26191"}}, "coordinates": [447848.223099999, 379131.671999998]}, "properties": {"node_id": 224, "degree": 1, "node_type": "ISOLE_DEGRE_1"}}, {"type": "Feature", "geometry": {"type": "Point", "crs": {"type": "name", "properties": {"name": "EPSG:26191"}}, "coordinates": [451380.549599998, 381975.9967]}, "properties": {"node_id": 225, "degree": 2, "node_type": "PASSAGE"}}, {"type": "Feature", "geometry": {"type": "Point", "crs": {"type": "name", "properties": {"name": "EPSG:26191"}}, "coordinates": [442961.695, 378771.4164]}, "properties": {"node_id": 226, "degree": 1, "node_type": "ISOLE_DEGRE_1"}}, {"type": "Feature", "geometry": {"type": "Point", "crs": {"type": "name", "properties": {"name": "EPSG:26191"}}, "coordinates": [445776.781000003, 382097.0414]}, "properties": {"node_id": 227, "degree": 2, "node_type": "PASSAGE"}}, {"type": "Feature", "geometry": {"type": "Point", "crs": {"type": "name", "properties": {"name": "EPSG:26191"}}, "coordinates": [502386.937200002, 319508.262800001]}, "properties": {"node_id": 228, "degree": 2, "node_type": "PASSAGE"}}, {"type": "Feature", "geometry": {"type": "Point", "crs": {"type": "name", "properties": {"name": "EPSG:26191"}}, "coordinates": [501948.487999998, 319097.916299999]}, "properties": {"node_id": 229, "degree": 3, "node_type": "CONFLUENCE_BIFURCATION"}}, {"type": "Feature", "geometry": {"type": "Point", "crs": {"type": "name", "properties": {"name": "EPSG:26191"}}, "coordinates": [481336.839400001, 337955.783300001]}, "properties": {"node_id": 230, "degree": 1, "node_type": "ISOLE_DEGRE_1"}}, {"type": "Feature", "geometry": {"type": "Point", "crs": {"type": "name", "properties": {"name": "EPSG:26191"}}, "coordinates": [481424.4089, 342353.6494]}, "properties": {"node_id": 231, "degree": 2, "node_type": "PASSAGE"}}, {"type": "Feature", "geometry": {"type": "Point", "crs": {"type": "name", "properties": {"name": "EPSG:26191"}}, "coordinates": [479339.343800001, 346075.624699999]}, "properties": {"node_id": 232, "degree": 2, "node_type": "PASSAGE"}}, {"type": "Feature", "geometry": {"type": "Point", "crs": {"type": "name", "properties": {"name": "EPSG:26191"}}, "coordinates": [490092.185699999, 348620.0033]}, "properties": {"node_id": 233, "degree": 1, "node_type": "ISOLE_DEGRE_1"}}, {"type": "Feature", "geometry": {"type": "Point", "crs": {"type": "name", "properties": {"name": "EPSG:26191"}}, "coordinates": [491669.766800001, 351774.3411]}, "properties": {"node_id": 234, "degree": 2, "node_type": "PASSAGE"}}, {"type": "Feature", "geometry": {"type": "Point", "crs": {"type": "name", "properties": {"name": "EPSG:26191"}}, "coordinates": [573918.468744168, 389827.989147875]}, "properties": {"node_id": 235, "degree": 2, "node_type": "PASSAGE"}}, {"type": "Feature", "geometry": {"type": "Point", "crs": {"type": "name", "properties": {"name": "EPSG:26191"}}, "coordinates": [559860.529844166, 395643.276847876]}, "properties": {"node_id": 236, "degree": 2, "node_type": "PASSAGE"}}, {"type": "Feature", "geometry": {"type": "Point", "crs": {"type": "name", "properties": {"name": "EPSG:26191"}}, "coordinates": [482082.935099997, 363491.003899999]}, "properties": {"node_id": 237, "degree": 1, "node_type": "ISOLE_DEGRE_1"}}, {"type": "Feature", "geometry": {"type": "Point", "crs": {"type": "name", "properties": {"name": "EPSG:26191"}}, "coordinates": [482614.880999997, 367675.1019]}, "properties": {"node_id": 238, "degree": 2, "node_type": "PASSAGE"}}, {"type": "Feature", "geometry": {"type": "Point", "crs": {"type": "name", "properties": {"name": "EPSG:26191"}}, "coordinates": [483134.666199997, 369504.920400001]}, "properties": {"node_id": 239, "degree": 3, "node_type": "CONFLUENCE_BIFURCATION"}}, {"type": "Feature", "geometry": {"type": "Point", "crs": {"type": "name", "properties": {"name": "EPSG:26191"}}, "coordinates": [490645.215000004, 355180.858100001]}, "properties": {"node_id": 240, "degree": 2, "node_type": "PASSAGE"}}, {"type": "Feature", "geometry": {"type": "Point", "crs": {"type": "name", "properties": {"name": "EPSG:26191"}}, "coordinates": [489803.185999997, 357899.446899999]}, "properties": {"node_id": 241, "degree": 2, "node_type": "PASSAGE"}}, {"type": "Feature", "geometry": {"type": "Point", "crs": {"type": "name", "properties": {"name": "EPSG:26191"}}, "coordinates": [489430.515600003, 361115.0167]}, "properties": {"node_id": 242, "degree": 2, "node_type": "PASSAGE"}}, {"type": "Feature", "geometry": {"type": "Point", "crs": {"type": "name", "properties": {"name": "EPSG:26191"}}, "coordinates": [575243.28574417, 390322.705847877]}, "properties": {"node_id": 243, "degree": 2, "node_type": "PASSAGE"}}, {"type": "Feature", "geometry": {"type": "Point", "crs": {"type": "name", "properties": {"name": "EPSG:26191"}}, "coordinates": [543121.168499999, 399118.4256]}, "properties": {"node_id": 244, "degree": 2, "node_type": "PASSAGE"}}, {"type": "Feature", "geometry": {"type": "Point", "crs": {"type": "name", "properties": {"name": "EPSG:26191"}}, "coordinates": [544311.889799997, 402074.2962]}, "properties": {"node_id": 245, "degree": 2, "node_type": "PASSAGE"}}, {"type": "Feature", "geometry": {"type": "Point", "crs": {"type": "name", "properties": {"name": "EPSG:26191"}}, "coordinates": [487553.706100002, 363995.660399999]}, "properties": {"node_id": 246, "degree": 2, "node_type": "PASSAGE"}}, {"type": "Feature", "geometry": {"type": "Point", "crs": {"type": "name", "properties": {"name": "EPSG:26191"}}, "coordinates": [484830.133500002, 366655.785799999]}, "properties": {"node_id": 247, "degree": 2, "node_type": "PASSAGE"}}, {"type": "Feature", "geometry": {"type": "Point", "crs": {"type": "name", "properties": {"name": "EPSG:26191"}}, "coordinates": [479387.343999997, 377790.304299999]}, "properties": {"node_id": 248, "degree": 2, "node_type": "PASSAGE"}}, {"type": "Feature", "geometry": {"type": "Point", "crs": {"type": "name", "properties": {"name": "EPSG:26191"}}, "coordinates": [479015.601999998, 379655.217]}, "properties": {"node_id": 249, "degree": 2, "node_type": "PASSAGE"}}, {"type": "Feature", "geometry": {"type": "Point", "crs": {"type": "name", "properties": {"name": "EPSG:26191"}}, "coordinates": [600125.223944166, 376004.589447878]}, "properties": {"node_id": 250, "degree": 2, "node_type": "PASSAGE"}}, {"type": "Feature", "geometry": {"type": "Point", "crs": {"type": "name", "properties": {"name": "EPSG:26191"}}, "coordinates": [598466.243744166, 379780.781747877]}, "properties": {"node_id": 251, "degree": 2, "node_type": "PASSAGE"}}, {"type": "Feature", "geometry": {"type": "Point", "crs": {"type": "name", "properties": {"name": "EPSG:26191"}}, "coordinates": [574316.832699999, 354713.715]}, "properties": {"node_id": 252, "degree": 2, "node_type": "PASSAGE"}}, {"type": "Feature", "geometry": {"type": "Point", "crs": {"type": "name", "properties": {"name": "EPSG:26191"}}, "coordinates": [572603.174400002, 356270.584800001]}, "properties": {"node_id": 253, "degree": 2, "node_type": "PASSAGE"}}, {"type": "Feature", "geometry": {"type": "Point", "crs": {"type": "name", "properties": {"name": "EPSG:26191"}}, "coordinates": [483001.363600001, 369807.1248]}, "properties": {"node_id": 254, "degree": 2, "node_type": "PASSAGE"}}, {"type": "Feature", "geometry": {"type": "Point", "crs": {"type": "name", "properties": {"name": "EPSG:26191"}}, "coordinates": [483831.906400003, 371889.753600001]}, "properties": {"node_id": 255, "degree": 2, "node_type": "PASSAGE"}}, {"type": "Feature", "geometry": {"type": "Point", "crs": {"type": "name", "properties": {"name": "EPSG:26191"}}, "coordinates": [482238.332199998, 374721.719999999]}, "properties": {"node_id": 256, "degree": 2, "node_type": "PASSAGE"}}, {"type": "Feature", "geometry": {"type": "Point", "crs": {"type": "name", "properties": {"name": "EPSG:26191"}}, "coordinates": [472353.680699997, 387483.7995]}, "properties": {"node_id": 257, "degree": 2, "node_type": "PASSAGE"}}, {"type": "Feature", "geometry": {"type": "Point", "crs": {"type": "name", "properties": {"name": "EPSG:26191"}}, "coordinates": [471773.295400001, 389310.258299999]}, "properties": {"node_id": 258, "degree": 2, "node_type": "PASSAGE"}}, {"type": "Feature", "geometry": {"type": "Point", "crs": {"type": "name", "properties": {"name": "EPSG:26191"}}, "coordinates": [570324.292400002, 358133.5951]}, "properties": {"node_id": 259, "degree": 2, "node_type": "PASSAGE"}}, {"type": "Feature", "geometry": {"type": "Point", "crs": {"type": "name", "properties": {"name": "EPSG:26191"}}, "coordinates": [571239.854500003, 361764.278999999]}, "properties": {"node_id": 260, "degree": 2, "node_type": "PASSAGE"}}, {"type": "Feature", "geometry": {"type": "Point", "crs": {"type": "name", "properties": {"name": "EPSG:26191"}}, "coordinates": [480908.733199999, 376435.452599999]}, "properties": {"node_id": 261, "degree": 2, "node_type": "PASSAGE"}}, {"type": "Feature", "geometry": {"type": "Point", "crs": {"type": "name", "properties": {"name": "EPSG:26191"}}, "coordinates": [470627.487300001, 390950.6428]}, "properties": {"node_id": 262, "degree": 2, "node_type": "PASSAGE"}}, {"type": "Feature", "geometry": {"type": "Point", "crs": {"type": "name", "properties": {"name": "EPSG:26191"}}, "coordinates": [470011.153899998, 392978.873100001]}, "properties": {"node_id": 263, "degree": 2, "node_type": "PASSAGE"}}, {"type": "Feature", "geometry": {"type": "Point", "crs": {"type": "name", "properties": {"name": "EPSG:26191"}}, "coordinates": [571259.636299998, 364729.5973]}, "properties": {"node_id": 264, "degree": 3, "node_type": "CONFLUENCE_BIFURCATION"}}, {"type": "Feature", "geometry": {"type": "Point", "crs": {"type": "name", "properties": {"name": "EPSG:26191"}}, "coordinates": [477558.106899999, 381817.273800001]}, "properties": {"node_id": 265, "degree": 2, "node_type": "PASSAGE"}}, {"type": "Feature", "geometry": {"type": "Point", "crs": {"type": "name", "properties": {"name": "EPSG:26191"}}, "coordinates": [477094.691, 384322.178800002]}, "properties": {"node_id": 266, "degree": 2, "node_type": "PASSAGE"}}, {"type": "Feature", "geometry": {"type": "Point", "crs": {"type": "name", "properties": {"name": "EPSG:26191"}}, "coordinates": [452514.258100003, 341144.278900001]}, "properties": {"node_id": 267, "degree": 2, "node_type": "PASSAGE"}}, {"type": "Feature", "geometry": {"type": "Point", "crs": {"type": "name", "properties": {"name": "EPSG:26191"}}, "coordinates": [450608.486299999, 341838.282900002]}, "properties": {"node_id": 268, "degree": 2, "node_type": "PASSAGE"}}, {"type": "Feature", "geometry": {"type": "Point", "crs": {"type": "name", "properties": {"name": "EPSG:26191"}}, "coordinates": [526705.479599997, 448445.077300005]}, "properties": {"node_id": 269, "degree": 2, "node_type": "PASSAGE"}}, {"type": "Feature", "geometry": {"type": "Point", "crs": {"type": "name", "properties": {"name": "EPSG:26191"}}, "coordinates": [522700.630700007, 444397.741100006]}, "properties": {"node_id": 270, "degree": 3, "node_type": "CONFLUENCE_BIFURCATION"}}, {"type": "Feature", "geometry": {"type": "Point", "crs": {"type": "name", "properties": {"name": "EPSG:26191"}}, "coordinates": [474205.045699999, 386961.660700001]}, "properties": {"node_id": 271, "degree": 2, "node_type": "PASSAGE"}}, {"type": "Feature", "geometry": {"type": "Point", "crs": {"type": "name", "properties": {"name": "EPSG:26191"}}, "coordinates": [475993.559699997, 385871.906199999]}, "properties": {"node_id": 272, "degree": 2, "node_type": "PASSAGE"}}, {"type": "Feature", "geometry": {"type": "Point", "crs": {"type": "name", "properties": {"name": "EPSG:26191"}}, "coordinates": [487262.969939791, 449466.856650721]}, "properties": {"node_id": 273, "degree": 2, "node_type": "PASSAGE"}}, {"type": "Feature", "geometry": {"type": "Point", "crs": {"type": "name", "properties": {"name": "EPSG:26191"}}, "coordinates": [488016.695908995, 447481.078150408]}, "properties": {"node_id": 274, "degree": 2, "node_type": "PASSAGE"}}, {"type": "Feature", "geometry": {"type": "Point", "crs": {"type": "name", "properties": {"name": "EPSG:26191"}}, "coordinates": [471518.185599998, 393891.489100002]}, "properties": {"node_id": 275, "degree": 2, "node_type": "PASSAGE"}}, {"type": "Feature", "geometry": {"type": "Point", "crs": {"type": "name", "properties": {"name": "EPSG:26191"}}, "coordinates": [449401.354000002, 346460.9734]}, "properties": {"node_id": 276, "degree": 2, "node_type": "PASSAGE"}}, {"type": "Feature", "geometry": {"type": "Point", "crs": {"type": "name", "properties": {"name": "EPSG:26191"}}, "coordinates": [448991.885700002, 352909.577199999]}, "properties": {"node_id": 277, "degree": 2, "node_type": "PASSAGE"}}, {"type": "Feature", "geometry": {"type": "Point", "crs": {"type": "name", "properties": {"name": "EPSG:26191"}}, "coordinates": [471427.2315, 398330.719500002]}, "properties": {"node_id": 278, "degree": 2, "node_type": "PASSAGE"}}, {"type": "Feature", "geometry": {"type": "Point", "crs": {"type": "name", "properties": {"name": "EPSG:26191"}}, "coordinates": [469721.527400002, 401478.206099998]}, "properties": {"node_id": 279, "degree": 2, "node_type": "PASSAGE"}}, {"type": "Feature", "geometry": {"type": "Point", "crs": {"type": "name", "properties": {"name": "EPSG:26191"}}, "coordinates": [472099.583099999, 395887.432799999]}, "properties": {"node_id": 280, "degree": 2, "node_type": "PASSAGE"}}, {"type": "Feature", "geometry": {"type": "Point", "crs": {"type": "name", "properties": {"name": "EPSG:26191"}}, "coordinates": [419375.507299997, 434468.834100001]}, "properties": {"node_id": 281, "degree": 2, "node_type": "PASSAGE"}}, {"type": "Feature", "geometry": {"type": "Point", "crs": {"type": "name", "properties": {"name": "EPSG:26191"}}, "coordinates": [469030.787600003, 402793.861099999]}, "properties": {"node_id": 282, "degree": 2, "node_type": "PASSAGE"}}, {"type": "Feature", "geometry": {"type": "Point", "crs": {"type": "name", "properties": {"name": "EPSG:26191"}}, "coordinates": [468665.3895, 404415.001899999]}, "properties": {"node_id": 283, "degree": 2, "node_type": "PASSAGE"}}, {"type": "Feature", "geometry": {"type": "Point", "crs": {"type": "name", "properties": {"name": "EPSG:26191"}}, "coordinates": [451033.050099999, 358594.512899999]}, "properties": {"node_id": 284, "degree": 3, "node_type": "CONFLUENCE_BIFURCATION"}}, {"type": "Feature", "geometry": {"type": "Point", "crs": {"type": "name", "properties": {"name": "EPSG:26191"}}, "coordinates": [451006.177000001, 359695.767000001]}, "properties": {"node_id": 285, "degree": 2, "node_type": "PASSAGE"}}, {"type": "Feature", "geometry": {"type": "Point", "crs": {"type": "name", "properties": {"name": "EPSG:26191"}}, "coordinates": [451329.593500003, 364053.4155]}, "properties": {"node_id": 286, "degree": 2, "node_type": "PASSAGE"}}, {"type": "Feature", "geometry": {"type": "Point", "crs": {"type": "name", "properties": {"name": "EPSG:26191"}}, "coordinates": [467065.080499999, 408808.478300002]}, "properties": {"node_id": 287, "degree": 2, "node_type": "PASSAGE"}}, {"type": "Feature", "geometry": {"type": "Point", "crs": {"type": "name", "properties": {"name": "EPSG:26191"}}, "coordinates": [466364.319600001, 410019.3303]}, "properties": {"node_id": 288, "degree": 2, "node_type": "PASSAGE"}}, {"type": "Feature", "geometry": {"type": "Point", "crs": {"type": "name", "properties": {"name": "EPSG:26191"}}, "coordinates": [467772.100100003, 407905.796100002]}, "properties": {"node_id": 289, "degree": 2, "node_type": "PASSAGE"}}, {"type": "Feature", "geometry": {"type": "Point", "crs": {"type": "name", "properties": {"name": "EPSG:26191"}}, "coordinates": [451489.928400002, 366900.282900002]}, "properties": {"node_id": 290, "degree": 2, "node_type": "PASSAGE"}}, {"type": "Feature", "geometry": {"type": "Point", "crs": {"type": "name", "properties": {"name": "EPSG:26191"}}, "coordinates": [452216.718999997, 368511.532000002]}, "properties": {"node_id": 291, "degree": 2, "node_type": "PASSAGE"}}, {"type": "Feature", "geometry": {"type": "Point", "crs": {"type": "name", "properties": {"name": "EPSG:26191"}}, "coordinates": [467661.530100003, 405879.0962]}, "properties": {"node_id": 292, "degree": 2, "node_type": "PASSAGE"}}, {"type": "Feature", "geometry": {"type": "Point", "crs": {"type": "name", "properties": {"name": "EPSG:26191"}}, "coordinates": [453770.851099998, 371926.541700002]}, "properties": {"node_id": 293, "degree": 2, "node_type": "PASSAGE"}}, {"type": "Feature", "geometry": {"type": "Point", "crs": {"type": "name", "properties": {"name": "EPSG:26191"}}, "coordinates": [453280.7183, 375771.652100001]}, "properties": {"node_id": 294, "degree": 2, "node_type": "PASSAGE"}}, {"type": "Feature", "geometry": {"type": "Point", "crs": {"type": "name", "properties": {"name": "EPSG:26191"}}, "coordinates": [453275.990199998, 376612.7641]}, "properties": {"node_id": 295, "degree": 2, "node_type": "PASSAGE"}}, {"type": "Feature", "geometry": {"type": "Point", "crs": {"type": "name", "properties": {"name": "EPSG:26191"}}, "coordinates": [598053.431544171, 431727.230147875]}, "properties": {"node_id": 296, "degree": 2, "node_type": "PASSAGE"}}, {"type": "Feature", "geometry": {"type": "Point", "crs": {"type": "name", "properties": {"name": "EPSG:26191"}}, "coordinates": [594730.335444169, 429482.998147874]}, "properties": {"node_id": 297, "degree": 2, "node_type": "PASSAGE"}}, {"type": "Feature", "geometry": {"type": "Point", "crs": {"type": "name", "properties": {"name": "EPSG:26191"}}, "coordinates": [462527.368299998, 414399.9146]}, "properties": {"node_id": 298, "degree": 2, "node_type": "PASSAGE"}}, {"type": "Feature", "geometry": {"type": "Point", "crs": {"type": "name", "properties": {"name": "EPSG:26191"}}, "coordinates": [459714.2478, 415027.343899999]}, "properties": {"node_id": 299, "degree": 2, "node_type": "PASSAGE"}}, {"type": "Feature", "geometry": {"type": "Point", "crs": {"type": "name", "properties": {"name": "EPSG:26191"}}, "coordinates": [465129.155900002, 412710.544500001]}, "properties": {"node_id": 300, "degree": 2, "node_type": "PASSAGE"}}, {"type": "Feature", "geometry": {"type": "Point", "crs": {"type": "name", "properties": {"name": "EPSG:26191"}}, "coordinates": [493103.529799998, 361034.160700001]}, "properties": {"node_id": 301, "degree": 1, "node_type": "ISOLE_DEGRE_1"}}, {"type": "Feature", "geometry": {"type": "Point", "crs": {"type": "name", "properties": {"name": "EPSG:26191"}}, "coordinates": [502751.189300001, 341958.320999999]}, "properties": {"node_id": 302, "degree": 1, "node_type": "ISOLE_DEGRE_1"}}, {"type": "Feature", "geometry": {"type": "Point", "crs": {"type": "name", "properties": {"name": "EPSG:26191"}}, "coordinates": [499783.6329, 344577.446899999]}, "properties": {"node_id": 303, "degree": 2, "node_type": "PASSAGE"}}, {"type": "Feature", "geometry": {"type": "Point", "crs": {"type": "name", "properties": {"name": "EPSG:26191"}}, "coordinates": [421278.884300001, 435204.469500002]}, "properties": {"node_id": 304, "degree": 2, "node_type": "PASSAGE"}}, {"type": "Feature", "geometry": {"type": "Point", "crs": {"type": "name", "properties": {"name": "EPSG:26191"}}, "coordinates": [457314.604599997, 416202.346999999]}, "properties": {"node_id": 305, "degree": 2, "node_type": "PASSAGE"}}, {"type": "Feature", "geometry": {"type": "Point", "crs": {"type": "name", "properties": {"name": "EPSG:26191"}}, "coordinates": [455080.486400001, 417398.427200001]}, "properties": {"node_id": 306, "degree": 2, "node_type": "PASSAGE"}}, {"type": "Feature", "geometry": {"type": "Point", "crs": {"type": "name", "properties": {"name": "EPSG:26191"}}, "coordinates": [543807.545999996, 386327.3574]}, "properties": {"node_id": 307, "degree": 3, "node_type": "CONFLUENCE_BIFURCATION"}}, {"type": "Feature", "geometry": {"type": "Point", "crs": {"type": "name", "properties": {"name": "EPSG:26191"}}, "coordinates": [545370.788199998, 388692.434300002]}, "properties": {"node_id": 308, "degree": 2, "node_type": "PASSAGE"}}, {"type": "Feature", "geometry": {"type": "Point", "crs": {"type": "name", "properties": {"name": "EPSG:26191"}}, "coordinates": [510920.297499999, 431234.774500001]}, "properties": {"node_id": 309, "degree": 2, "node_type": "PASSAGE"}}, {"type": "Feature", "geometry": {"type": "Point", "crs": {"type": "name", "properties": {"name": "EPSG:26191"}}, "coordinates": [512930.8759, 437124.421300005]}, "properties": {"node_id": 310, "degree": 2, "node_type": "PASSAGE"}}, {"type": "Feature", "geometry": {"type": "Point", "crs": {"type": "name", "properties": {"name": "EPSG:26191"}}, "coordinates": [451533.992200002, 436282.336100001]}, "properties": {"node_id": 311, "degree": 2, "node_type": "PASSAGE"}}, {"type": "Feature", "geometry": {"type": "Point", "crs": {"type": "name", "properties": {"name": "EPSG:26191"}}, "coordinates": [452061.155000001, 438435.0825]}, "properties": {"node_id": 312, "degree": 2, "node_type": "PASSAGE"}}, {"type": "Feature", "geometry": {"type": "Point", "crs": {"type": "name", "properties": {"name": "EPSG:26191"}}, "coordinates": [453742.506800003, 420634.176399998]}, "properties": {"node_id": 313, "degree": 2, "node_type": "PASSAGE"}}, {"type": "Feature", "geometry": {"type": "Point", "crs": {"type": "name", "properties": {"name": "EPSG:26191"}}, "coordinates": [449396.337899998, 423094.0337]}, "properties": {"node_id": 314, "degree": 2, "node_type": "PASSAGE"}}, {"type": "Feature", "geometry": {"type": "Point", "crs": {"type": "name", "properties": {"name": "EPSG:26191"}}, "coordinates": [454948.428199999, 339684.232500002]}, "properties": {"node_id": 315, "degree": 1, "node_type": "ISOLE_DEGRE_1"}}, {"type": "Feature", "geometry": {"type": "Point", "crs": {"type": "name", "properties": {"name": "EPSG:26191"}}, "coordinates": [448633.531999998, 344350.168000001]}, "properties": {"node_id": 316, "degree": 2, "node_type": "PASSAGE"}}, {"type": "Feature", "geometry": {"type": "Point", "crs": {"type": "name", "properties": {"name": "EPSG:26191"}}, "coordinates": [453330.308700003, 433904.111400001]}, "properties": {"node_id": 317, "degree": 2, "node_type": "PASSAGE"}}, {"type": "Feature", "geometry": {"type": "Point", "crs": {"type": "name", "properties": {"name": "EPSG:26191"}}, "coordinates": [456044.8389, 358164.032000002]}, "properties": {"node_id": 318, "degree": 2, "node_type": "PASSAGE"}}, {"type": "Feature", "geometry": {"type": "Point", "crs": {"type": "name", "properties": {"name": "EPSG:26191"}}, "coordinates": [507005.118199997, 319741.9617]}, "properties": {"node_id": 319, "degree": 1, "node_type": "ISOLE_DEGRE_1"}}, {"type": "Feature", "geometry": {"type": "Point", "crs": {"type": "name", "properties": {"name": "EPSG:26191"}}, "coordinates": [503748.4287, 318659.285100002]}, "properties": {"node_id": 320, "degree": 2, "node_type": "PASSAGE"}}, {"type": "Feature", "geometry": {"type": "Point", "crs": {"type": "name", "properties": {"name": "EPSG:26191"}}, "coordinates": [453515.889700003, 358132.787999999]}, "properties": {"node_id": 321, "degree": 2, "node_type": "PASSAGE"}}, {"type": "Feature", "geometry": {"type": "Point", "crs": {"type": "name", "properties": {"name": "EPSG:26191"}}, "coordinates": [504665.413199998, 322652.2821]}, "properties": {"node_id": 322, "degree": 1, "node_type": "ISOLE_DEGRE_1"}}, {"type": "Feature", "geometry": {"type": "Point", "crs": {"type": "name", "properties": {"name": "EPSG:26191"}}, "coordinates": [547035.081900001, 390474.310699999]}, "properties": {"node_id": 323, "degree": 2, "node_type": "PASSAGE"}}, {"type": "Feature", "geometry": {"type": "Point", "crs": {"type": "name", "properties": {"name": "EPSG:26191"}}, "coordinates": [547093.200300001, 393454.106699999]}, "properties": {"node_id": 324, "degree": 2, "node_type": "PASSAGE"}}, {"type": "Feature", "geometry": {"type": "Point", "crs": {"type": "name", "properties": {"name": "EPSG:26191"}}, "coordinates": [453166.0013, 382337.903099999]}, "properties": {"node_id": 325, "degree": 2, "node_type": "PASSAGE"}}, {"type": "Feature", "geometry": {"type": "Point", "crs": {"type": "name", "properties": {"name": "EPSG:26191"}}, "coordinates": [432145.523100004, 431525.234900001]}, "properties": {"node_id": 326, "degree": 2, "node_type": "PASSAGE"}}, {"type": "Feature", "geometry": {"type": "Point", "crs": {"type": "name", "properties": {"name": "EPSG:26191"}}, "coordinates": [427661.418200001, 432684.060800001]}, "properties": {"node_id": 327, "degree": 2, "node_type": "PASSAGE"}}, {"type": "Feature", "geometry": {"type": "Point", "crs": {"type": "name", "properties": {"name": "EPSG:26191"}}, "coordinates": [423217.283299997, 432313.2751]}, "properties": {"node_id": 328, "degree": 2, "node_type": "PASSAGE"}}, {"type": "Feature", "geometry": {"type": "Point", "crs": {"type": "name", "properties": {"name": "EPSG:26191"}}, "coordinates": [545172.623000003, 402361.4595]}, "properties": {"node_id": 329, "degree": 4, "node_type": "CONFLUENCE_BIFURCATION"}}, {"type": "Feature", "geometry": {"type": "Point", "crs": {"type": "name", "properties": {"name": "EPSG:26191"}}, "coordinates": [545168.586800002, 402366.547699999]}, "properties": {"node_id": 330, "degree": 4, "node_type": "CONFLUENCE_BIFURCATION"}}, {"type": "Feature", "geometry": {"type": "Point", "crs": {"type": "name", "properties": {"name": "EPSG:26191"}}, "coordinates": [578860.227600001, 349702.098200001]}, "properties": {"node_id": 331, "degree": 2, "node_type": "PASSAGE"}}, {"type": "Feature", "geometry": {"type": "Point", "crs": {"type": "name", "properties": {"name": "EPSG:26191"}}, "coordinates": [576731.923699997, 352719.9465]}, "properties": {"node_id": 332, "degree": 2, "node_type": "PASSAGE"}}, {"type": "Feature", "geometry": {"type": "Point", "crs": {"type": "name", "properties": {"name": "EPSG:26191"}}, "coordinates": [586230.715499997, 304770.994600002]}, "properties": {"node_id": 333, "degree": 1, "node_type": "ISOLE_DEGRE_1"}}, {"type": "Feature", "geometry": {"type": "Point", "crs": {"type": "name", "properties": {"name": "EPSG:26191"}}, "coordinates": [590732.5352, 305048.061799999]}, "properties": {"node_id": 334, "degree": 2, "node_type": "PASSAGE"}}, {"type": "Feature", "geometry": {"type": "Point", "crs": {"type": "name", "properties": {"name": "EPSG:26191"}}, "coordinates": [593837.030699998, 307324.171300001]}, "properties": {"node_id": 335, "degree": 2, "node_type": "PASSAGE"}}, {"type": "Feature", "geometry": {"type": "Point", "crs": {"type": "name", "properties": {"name": "EPSG:26191"}}, "coordinates": [594732.526, 310786.655299999]}, "properties": {"node_id": 336, "degree": 2, "node_type": "PASSAGE"}}, {"type": "Feature", "geometry": {"type": "Point", "crs": {"type": "name", "properties": {"name": "EPSG:26191"}}, "coordinates": [593989.1215, 314430.071500007]}, "properties": {"node_id": 337, "degree": 2, "node_type": "PASSAGE"}}, {"type": "Feature", "geometry": {"type": "Point", "crs": {"type": "name", "properties": {"name": "EPSG:26191"}}, "coordinates": [593863.587899998, 316745.855500001]}, "properties": {"node_id": 338, "degree": 3, "node_type": "CONFLUENCE_BIFURCATION"}}, {"type": "Feature", "geometry": {"type": "Point", "crs": {"type": "name", "properties": {"name": "EPSG:26191"}}, "coordinates": [561518.862599999, 308816.224100001]}, "properties": {"node_id": 339, "degree": 1, "node_type": "ISOLE_DEGRE_1"}}, {"type": "Feature", "geometry": {"type": "Point", "crs": {"type": "name", "properties": {"name": "EPSG:26191"}}, "coordinates": [563214.960500002, 311636.1754]}, "properties": {"node_id": 340, "degree": 3, "node_type": "CONFLUENCE_BIFURCATION"}}, {"type": "Feature", "geometry": {"type": "Point", "crs": {"type": "name", "properties": {"name": "EPSG:26191"}}, "coordinates": [563146.715599999, 312034.376600001]}, "properties": {"node_id": 341, "degree": 2, "node_type": "PASSAGE"}}, {"type": "Feature", "geometry": {"type": "Point", "crs": {"type": "name", "properties": {"name": "EPSG:26191"}}, "coordinates": [565271.646300003, 314754.8576]}, "properties": {"node_id": 342, "degree": 2, "node_type": "PASSAGE"}}, {"type": "Feature", "geometry": {"type": "Point", "crs": {"type": "name", "properties": {"name": "EPSG:26191"}}, "coordinates": [567325.523999996, 317677.006099999]}, "properties": {"node_id": 343, "degree": 3, "node_type": "CONFLUENCE_BIFURCATION"}}, {"type": "Feature", "geometry": {"type": "Point", "crs": {"type": "name", "properties": {"name": "EPSG:26191"}}, "coordinates": [563414.028999999, 311673.129299998]}, "properties": {"node_id": 344, "degree": 1, "node_type": "ISOLE_DEGRE_1"}}, {"type": "Feature", "geometry": {"type": "Point", "crs": {"type": "name", "properties": {"name": "EPSG:26191"}}, "coordinates": [563351.351999998, 311681.842700001]}, "properties": {"node_id": 345, "degree": 2, "node_type": "PASSAGE"}}, {"type": "Feature", "geometry": {"type": "Point", "crs": {"type": "name", "properties": {"name": "EPSG:26191"}}, "coordinates": [513875.504199997, 441809.378600001]}, "properties": {"node_id": 346, "degree": 3, "node_type": "CONFLUENCE_BIFURCATION"}}, {"type": "Feature", "geometry": {"type": "Point", "crs": {"type": "name", "properties": {"name": "EPSG:26191"}}, "coordinates": [581516.594899997, 330495.6983]}, "properties": {"node_id": 347, "degree": 3, "node_type": "CONFLUENCE_BIFURCATION"}}, {"type": "Feature", "geometry": {"type": "Point", "crs": {"type": "name", "properties": {"name": "EPSG:26191"}}, "coordinates": [582567.988600001, 332284.0319]}, "properties": {"node_id": 348, "degree": 3, "node_type": "CONFLUENCE_BIFURCATION"}}, {"type": "Feature", "geometry": {"type": "Point", "crs": {"type": "name", "properties": {"name": "EPSG:26191"}}, "coordinates": [530744.078299999, 285962.4813]}, "properties": {"node_id": 349, "degree": 1, "node_type": "ISOLE_DEGRE_1"}}, {"type": "Feature", "geometry": {"type": "Point", "crs": {"type": "name", "properties": {"name": "EPSG:26191"}}, "coordinates": [530788.553199999, 289017.445099998]}, "properties": {"node_id": 350, "degree": 2, "node_type": "PASSAGE"}}, {"type": "Feature", "geometry": {"type": "Point", "crs": {"type": "name", "properties": {"name": "EPSG:26191"}}, "coordinates": [532436.387500003, 294907.864100002]}, "properties": {"node_id": 351, "degree": 2, "node_type": "PASSAGE"}}, {"type": "Feature", "geometry": {"type": "Point", "crs": {"type": "name", "properties": {"name": "EPSG:26191"}}, "coordinates": [535488.632600002, 297488.469700001]}, "properties": {"node_id": 352, "degree": 2, "node_type": "PASSAGE"}}, {"type": "Feature", "geometry": {"type": "Point", "crs": {"type": "name", "properties": {"name": "EPSG:26191"}}, "coordinates": [575811.167100012, 445595.826900002]}, "properties": {"node_id": 353, "degree": 2, "node_type": "PASSAGE"}}, {"type": "Feature", "geometry": {"type": "Point", "crs": {"type": "name", "properties": {"name": "EPSG:26191"}}, "coordinates": [576144.593200003, 447875.157500003]}, "properties": {"node_id": 354, "degree": 3, "node_type": "CONFLUENCE_BIFURCATION"}}, {"type": "Feature", "geometry": {"type": "Point", "crs": {"type": "name", "properties": {"name": "EPSG:26191"}}, "coordinates": [575743.091100007, 450885.320900001]}, "properties": {"node_id": 355, "degree": 2, "node_type": "PASSAGE"}}, {"type": "Feature", "geometry": {"type": "Point", "crs": {"type": "name", "properties": {"name": "EPSG:26191"}}, "coordinates": [422538.835199997, 437643.9516]}, "properties": {"node_id": 356, "degree": 2, "node_type": "PASSAGE"}}, {"type": "Feature", "geometry": {"type": "Point", "crs": {"type": "name", "properties": {"name": "EPSG:26191"}}, "coordinates": [531381.132200003, 291870.6006]}, "properties": {"node_id": 357, "degree": 2, "node_type": "PASSAGE"}}, {"type": "Feature", "geometry": {"type": "Point", "crs": {"type": "name", "properties": {"name": "EPSG:26191"}}, "coordinates": [565354.046999998, 435616.4606]}, "properties": {"node_id": 358, "degree": 2, "node_type": "PASSAGE"}}, {"type": "Feature", "geometry": {"type": "Point", "crs": {"type": "name", "properties": {"name": "EPSG:26191"}}, "coordinates": [562821.650899999, 434290.887400001]}, "properties": {"node_id": 359, "degree": 2, "node_type": "PASSAGE"}}, {"type": "Feature", "geometry": {"type": "Point", "crs": {"type": "name", "properties": {"name": "EPSG:26191"}}, "coordinates": [539082.257299997, 300058.717300002]}, "properties": {"node_id": 360, "degree": 2, "node_type": "PASSAGE"}}, {"type": "Feature", "geometry": {"type": "Point", "crs": {"type": "name", "properties": {"name": "EPSG:26191"}}, "coordinates": [542105.2421, 302435.5337]}, "properties": {"node_id": 361, "degree": 2, "node_type": "PASSAGE"}}, {"type": "Feature", "geometry": {"type": "Point", "crs": {"type": "name", "properties": {"name": "EPSG:26191"}}, "coordinates": [545965.0885, 304406.412]}, "properties": {"node_id": 362, "degree": 2, "node_type": "PASSAGE"}}, {"type": "Feature", "geometry": {"type": "Point", "crs": {"type": "name", "properties": {"name": "EPSG:26191"}}, "coordinates": [547530.097600006, 305062.9199]}, "properties": {"node_id": 363, "degree": 2, "node_type": "PASSAGE"}}, {"type": "Feature", "geometry": {"type": "Point", "crs": {"type": "name", "properties": {"name": "EPSG:26191"}}, "coordinates": [451073.195, 440659.369100001]}, "properties": {"node_id": 364, "degree": 2, "node_type": "PASSAGE"}}, {"type": "Feature", "geometry": {"type": "Point", "crs": {"type": "name", "properties": {"name": "EPSG:26191"}}, "coordinates": [451800.872400001, 441647.965399999]}, "properties": {"node_id": 365, "degree": 2, "node_type": "PASSAGE"}}, {"type": "Feature", "geometry": {"type": "Point", "crs": {"type": "name", "properties": {"name": "EPSG:26191"}}, "coordinates": [553490.214000009, 309022.516199999]}, "properties": {"node_id": 366, "degree": 2, "node_type": "PASSAGE"}}, {"type": "Feature", "geometry": {"type": "Point", "crs": {"type": "name", "properties": {"name": "EPSG:26191"}}, "coordinates": [557886.937899999, 314920.124899998]}, "properties": {"node_id": 367, "degree": 2, "node_type": "PASSAGE"}}, {"type": "Feature", "geometry": {"type": "Point", "crs": {"type": "name", "properties": {"name": "EPSG:26191"}}, "coordinates": [560339.945699997, 317861.061099999]}, "properties": {"node_id": 368, "degree": 2, "node_type": "PASSAGE"}}, {"type": "Feature", "geometry": {"type": "Point", "crs": {"type": "name", "properties": {"name": "EPSG:26191"}}, "coordinates": [565381.817500003, 319360.300700001]}, "properties": {"node_id": 369, "degree": 2, "node_type": "PASSAGE"}}, {"type": "Feature", "geometry": {"type": "Point", "crs": {"type": "name", "properties": {"name": "EPSG:26191"}}, "coordinates": [562912.4617, 320644.511500001]}, "properties": {"node_id": 370, "degree": 2, "node_type": "PASSAGE"}}, {"type": "Feature", "geometry": {"type": "Point", "crs": {"type": "name", "properties": {"name": "EPSG:26191"}}, "coordinates": [566638.700000003, 370213.359700002]}, "properties": {"node_id": 371, "degree": 2, "node_type": "PASSAGE"}}, {"type": "Feature", "geometry": {"type": "Point", "crs": {"type": "name", "properties": {"name": "EPSG:26191"}}, "coordinates": [538459.930699997, 435213.287799999]}, "properties": {"node_id": 372, "degree": 2, "node_type": "PASSAGE"}}, {"type": "Feature", "geometry": {"type": "Point", "crs": {"type": "name", "properties": {"name": "EPSG:26191"}}, "coordinates": [538216.060800001, 435725.9043]}, "properties": {"node_id": 373, "degree": 2, "node_type": "PASSAGE"}}, {"type": "Feature", "geometry": {"type": "Point", "crs": {"type": "name", "properties": {"name": "EPSG:26191"}}, "coordinates": [617850.305500001, 361054.107900001]}, "properties": {"node_id": 374, "degree": 1, "node_type": "ISOLE_DEGRE_1"}}, {"type": "Feature", "geometry": {"type": "Point", "crs": {"type": "name", "properties": {"name": "EPSG:26191"}}, "coordinates": [614277.5493, 361039.225000002]}, "properties": {"node_id": 375, "degree": 2, "node_type": "PASSAGE"}}, {"type": "Feature", "geometry": {"type": "Point", "crs": {"type": "name", "properties": {"name": "EPSG:26191"}}, "coordinates": [581744.208400004, 348261.924199998]}, "properties": {"node_id": 376, "degree": 2, "node_type": "PASSAGE"}}, {"type": "Feature", "geometry": {"type": "Point", "crs": {"type": "name", "properties": {"name": "EPSG:26191"}}, "coordinates": [515033.819499999, 444941.770599999]}, "properties": {"node_id": 377, "degree": 2, "node_type": "PASSAGE"}}, {"type": "Feature", "geometry": {"type": "Point", "crs": {"type": "name", "properties": {"name": "EPSG:26191"}}, "coordinates": [518571.8895, 444023.490200002]}, "properties": {"node_id": 378, "degree": 1, "node_type": "ISOLE_DEGRE_1"}}, {"type": "Feature", "geometry": {"type": "Point", "crs": {"type": "name", "properties": {"name": "EPSG:26191"}}, "coordinates": [588703.784500003, 328456.120900001]}, "properties": {"node_id": 379, "degree": 2, "node_type": "PASSAGE"}}, {"type": "Feature", "geometry": {"type": "Point", "crs": {"type": "name", "properties": {"name": "EPSG:26191"}}, "coordinates": [585673.1206, 329898.240499999]}, "properties": {"node_id": 380, "degree": 2, "node_type": "PASSAGE"}}, {"type": "Feature", "geometry": {"type": "Point", "crs": {"type": "name", "properties": {"name": "EPSG:26191"}}, "coordinates": [592897.724500008, 352997.314500004]}, "properties": {"node_id": 381, "degree": 2, "node_type": "PASSAGE"}}, {"type": "Feature", "geometry": {"type": "Point", "crs": {"type": "name", "properties": {"name": "EPSG:26191"}}, "coordinates": [596696.333700001, 355063.991799999]}, "properties": {"node_id": 382, "degree": 2, "node_type": "PASSAGE"}}, {"type": "Feature", "geometry": {"type": "Point", "crs": {"type": "name", "properties": {"name": "EPSG:26191"}}, "coordinates": [599672.188100003, 357130.498]}, "properties": {"node_id": 383, "degree": 2, "node_type": "PASSAGE"}}, {"type": "Feature", "geometry": {"type": "Point", "crs": {"type": "name", "properties": {"name": "EPSG:26191"}}, "coordinates": [607680.736000009, 359888.283500005]}, "properties": {"node_id": 384, "degree": 2, "node_type": "PASSAGE"}}, {"type": "Feature", "geometry": {"type": "Point", "crs": {"type": "name", "properties": {"name": "EPSG:26191"}}, "coordinates": [578418.843400002, 325929.248799998]}, "properties": {"node_id": 385, "degree": 2, "node_type": "PASSAGE"}}, {"type": "Feature", "geometry": {"type": "Point", "crs": {"type": "name", "properties": {"name": "EPSG:26191"}}, "coordinates": [580175.200000003, 328937.492800001]}, "properties": {"node_id": 386, "degree": 2, "node_type": "PASSAGE"}}, {"type": "Feature", "geometry": {"type": "Point", "crs": {"type": "name", "properties": {"name": "EPSG:26191"}}, "coordinates": [611142.1778, 359233.263099998]}, "properties": {"node_id": 387, "degree": 2, "node_type": "PASSAGE"}}, {"type": "Feature", "geometry": {"type": "Point", "crs": {"type": "name", "properties": {"name": "EPSG:26191"}}, "coordinates": [537780.895000011, 384157.296500001]}, "properties": {"node_id": 388, "degree": 2, "node_type": "PASSAGE"}}, {"type": "Feature", "geometry": {"type": "Point", "crs": {"type": "name", "properties": {"name": "EPSG:26191"}}, "coordinates": [540617.331200011, 385958.100400005]}, "properties": {"node_id": 389, "degree": 2, "node_type": "PASSAGE"}}, {"type": "Feature", "geometry": {"type": "Point", "crs": {"type": "name", "properties": {"name": "EPSG:26191"}}, "coordinates": [508334.521600001, 407257.186700001]}, "properties": {"node_id": 390, "degree": 2, "node_type": "PASSAGE"}}, {"type": "Feature", "geometry": {"type": "Point", "crs": {"type": "name", "properties": {"name": "EPSG:26191"}}, "coordinates": [505983.145199999, 406629.5321]}, "properties": {"node_id": 391, "degree": 2, "node_type": "PASSAGE"}}, {"type": "Feature", "geometry": {"type": "Point", "crs": {"type": "name", "properties": {"name": "EPSG:26191"}}, "coordinates": [525771.179700002, 377928.431000005]}, "properties": {"node_id": 392, "degree": 1, "node_type": "ISOLE_DEGRE_1"}}, {"type": "Feature", "geometry": {"type": "Point", "crs": {"type": "name", "properties": {"name": "EPSG:26191"}}, "coordinates": [582647.060900003, 331995.5951]}, "properties": {"node_id": 393, "degree": 2, "node_type": "PASSAGE"}}, {"type": "Feature", "geometry": {"type": "Point", "crs": {"type": "name", "properties": {"name": "EPSG:26191"}}, "coordinates": [424724.127099998, 438584.565400001]}, "properties": {"node_id": 394, "degree": 2, "node_type": "PASSAGE"}}, {"type": "Feature", "geometry": {"type": "Point", "crs": {"type": "name", "properties": {"name": "EPSG:26191"}}, "coordinates": [543179.484200001, 386208.9707]}, "properties": {"node_id": 395, "degree": 2, "node_type": "PASSAGE"}}, {"type": "Feature", "geometry": {"type": "Point", "crs": {"type": "name", "properties": {"name": "EPSG:26191"}}, "coordinates": [569503.762599997, 319446.100499999]}, "properties": {"node_id": 396, "degree": 2, "node_type": "PASSAGE"}}, {"type": "Feature", "geometry": {"type": "Point", "crs": {"type": "name", "properties": {"name": "EPSG:26191"}}, "coordinates": [593606.852899998, 319202.273899998]}, "properties": {"node_id": 397, "degree": 2, "node_type": "PASSAGE"}}, {"type": "Feature", "geometry": {"type": "Point", "crs": {"type": "name", "properties": {"name": "EPSG:26191"}}, "coordinates": [592780.9309, 322195.599100001]}, "properties": {"node_id": 398, "degree": 2, "node_type": "PASSAGE"}}, {"type": "Feature", "geometry": {"type": "Point", "crs": {"type": "name", "properties": {"name": "EPSG:26191"}}, "coordinates": [424533.723700002, 440338.4157]}, "properties": {"node_id": 399, "degree": 2, "node_type": "PASSAGE"}}, {"type": "Feature", "geometry": {"type": "Point", "crs": {"type": "name", "properties": {"name": "EPSG:26191"}}, "coordinates": [576392.163800001, 323585.771500003]}, "properties": {"node_id": 400, "degree": 2, "node_type": "PASSAGE"}}, {"type": "Feature", "geometry": {"type": "Point", "crs": {"type": "name", "properties": {"name": "EPSG:26191"}}, "coordinates": [592447.252899997, 325926.9507]}, "properties": {"node_id": 401, "degree": 2, "node_type": "PASSAGE"}}, {"type": "Feature", "geometry": {"type": "Point", "crs": {"type": "name", "properties": {"name": "EPSG:26191"}}, "coordinates": [591815.781000003, 327478.962000001]}, "properties": {"node_id": 402, "degree": 2, "node_type": "PASSAGE"}}, {"type": "Feature", "geometry": {"type": "Point", "crs": {"type": "name", "properties": {"name": "EPSG:26191"}}, "coordinates": [560818.123800002, 342555.538699999]}, "properties": {"node_id": 403, "degree": 2, "node_type": "PASSAGE"}}, {"type": "Feature", "geometry": {"type": "Point", "crs": {"type": "name", "properties": {"name": "EPSG:26191"}}, "coordinates": [561430.855400004, 346520.8321]}, "properties": {"node_id": 404, "degree": 2, "node_type": "PASSAGE"}}, {"type": "Feature", "geometry": {"type": "Point", "crs": {"type": "name", "properties": {"name": "EPSG:26191"}}, "coordinates": [427364.787900001, 440922.198100001]}, "properties": {"node_id": 405, "degree": 2, "node_type": "PASSAGE"}}, {"type": "Feature", "geometry": {"type": "Point", "crs": {"type": "name", "properties": {"name": "EPSG:26191"}}, "coordinates": [612013.173, 327491.248]}, "properties": {"node_id": 406, "degree": 1, "node_type": "ISOLE_DEGRE_1"}}, {"type": "Feature", "geometry": {"type": "Point", "crs": {"type": "name", "properties": {"name": "EPSG:26191"}}, "coordinates": [610637.587700002, 323666.826299999]}, "properties": {"node_id": 407, "degree": 2, "node_type": "PASSAGE"}}, {"type": "Feature", "geometry": {"type": "Point", "crs": {"type": "name", "properties": {"name": "EPSG:26191"}}, "coordinates": [597079.546499997, 316278.066500001]}, "properties": {"node_id": 408, "degree": 2, "node_type": "PASSAGE"}}, {"type": "Feature", "geometry": {"type": "Point", "crs": {"type": "name", "properties": {"name": "EPSG:26191"}}, "coordinates": [429200.381700002, 443391.2678]}, "properties": {"node_id": 409, "degree": 2, "node_type": "PASSAGE"}}, {"type": "Feature", "geometry": {"type": "Point", "crs": {"type": "name", "properties": {"name": "EPSG:26191"}}, "coordinates": [602354.31400001, 321328.769400004]}, "properties": {"node_id": 410, "degree": 2, "node_type": "PASSAGE"}}, {"type": "Feature", "geometry": {"type": "Point", "crs": {"type": "name", "properties": {"name": "EPSG:26191"}}, "coordinates": [562786.444600001, 350281.324499998]}, "properties": {"node_id": 411, "degree": 2, "node_type": "PASSAGE"}}, {"type": "Feature", "geometry": {"type": "Point", "crs": {"type": "name", "properties": {"name": "EPSG:26191"}}, "coordinates": [565306.498800002, 352694.400199998]}, "properties": {"node_id": 412, "degree": 2, "node_type": "PASSAGE"}}, {"type": "Feature", "geometry": {"type": "Point", "crs": {"type": "name", "properties": {"name": "EPSG:26191"}}, "coordinates": [565252.795500003, 356050.157499999]}, "properties": {"node_id": 413, "degree": 2, "node_type": "PASSAGE"}}, {"type": "Feature", "geometry": {"type": "Point", "crs": {"type": "name", "properties": {"name": "EPSG:26191"}}, "coordinates": [606588.125200003, 321783.1899]}, "properties": {"node_id": 414, "degree": 2, "node_type": "PASSAGE"}}, {"type": "Feature", "geometry": {"type": "Point", "crs": {"type": "name", "properties": {"name": "EPSG:26191"}}, "coordinates": [562584.808499999, 339273.1107]}, "properties": {"node_id": 415, "degree": 1, "node_type": "ISOLE_DEGRE_1"}}, {"type": "Feature", "geometry": {"type": "Point", "crs": {"type": "name", "properties": {"name": "EPSG:26191"}}, "coordinates": [570656.575999998, 364517.681499999]}, "properties": {"node_id": 416, "degree": 2, "node_type": "PASSAGE"}}, {"type": "Feature", "geometry": {"type": "Point", "crs": {"type": "name", "properties": {"name": "EPSG:26191"}}, "coordinates": [565760.150399998, 359824.054499999]}, "properties": {"node_id": 417, "degree": 2, "node_type": "PASSAGE"}}, {"type": "Feature", "geometry": {"type": "Point", "crs": {"type": "name", "properties": {"name": "EPSG:26191"}}, "coordinates": [568472.698100001, 361711.406800002]}, "properties": {"node_id": 418, "degree": 2, "node_type": "PASSAGE"}}, {"type": "Feature", "geometry": {"type": "Point", "crs": {"type": "name", "properties": {"name": "EPSG:26191"}}, "coordinates": [547514.453000002, 380701.856400002]}, "properties": {"node_id": 419, "degree": 1, "node_type": "ISOLE_DEGRE_1"}}, {"type": "Feature", "geometry": {"type": "Point", "crs": {"type": "name", "properties": {"name": "EPSG:26191"}}, "coordinates": [548209.637100004, 382950.9045]}, "properties": {"node_id": 420, "degree": 3, "node_type": "CONFLUENCE_BIFURCATION"}}, {"type": "Feature", "geometry": {"type": "Point", "crs": {"type": "name", "properties": {"name": "EPSG:26191"}}, "coordinates": [554149.140199996, 379538.7271]}, "properties": {"node_id": 421, "degree": 2, "node_type": "PASSAGE"}}, {"type": "Feature", "geometry": {"type": "Point", "crs": {"type": "name", "properties": {"name": "EPSG:26191"}}, "coordinates": [545511.681199998, 384856.6217]}, "properties": {"node_id": 422, "degree": 2, "node_type": "PASSAGE"}}, {"type": "Feature", "geometry": {"type": "Point", "crs": {"type": "name", "properties": {"name": "EPSG:26191"}}, "coordinates": [491078.379299998, 412812.8068]}, "properties": {"node_id": 423, "degree": 2, "node_type": "PASSAGE"}}, {"type": "Feature", "geometry": {"type": "Point", "crs": {"type": "name", "properties": {"name": "EPSG:26191"}}, "coordinates": [449149.699100003, 469206.505100001]}, "properties": {"node_id": 424, "degree": 2, "node_type": "PASSAGE"}}, {"type": "Feature", "geometry": {"type": "Point", "crs": {"type": "name", "properties": {"name": "EPSG:26191"}}, "coordinates": [448548.554899998, 465835.563900001]}, "properties": {"node_id": 425, "degree": 2, "node_type": "PASSAGE"}}, {"type": "Feature", "geometry": {"type": "Point", "crs": {"type": "name", "properties": {"name": "EPSG:26191"}}, "coordinates": [572179.963200003, 330614.794399999]}, "properties": {"node_id": 426, "degree": 1, "node_type": "ISOLE_DEGRE_1"}}, {"type": "Feature", "geometry": {"type": "Point", "crs": {"type": "name", "properties": {"name": "EPSG:26191"}}, "coordinates": [576011.453699999, 330930.216200002]}, "properties": {"node_id": 427, "degree": 2, "node_type": "PASSAGE"}}, {"type": "Feature", "geometry": {"type": "Point", "crs": {"type": "name", "properties": {"name": "EPSG:26191"}}, "coordinates": [579328.131899998, 330349.8642]}, "properties": {"node_id": 428, "degree": 2, "node_type": "PASSAGE"}}, {"type": "Feature", "geometry": {"type": "Point", "crs": {"type": "name", "properties": {"name": "EPSG:26191"}}, "coordinates": [452472.082400002, 470735.517200001]}, "properties": {"node_id": 429, "degree": 2, "node_type": "PASSAGE"}}, {"type": "Feature", "geometry": {"type": "Point", "crs": {"type": "name", "properties": {"name": "EPSG:26191"}}, "coordinates": [545174.201200001, 402354.810899999]}, "properties": {"node_id": 430, "degree": 1, "node_type": "ISOLE_DEGRE_1"}}, {"type": "Feature", "geometry": {"type": "Point", "crs": {"type": "name", "properties": {"name": "EPSG:26191"}}, "coordinates": [536018.366099998, 348381.449999999]}, "properties": {"node_id": 431, "degree": 1, "node_type": "ISOLE_DEGRE_1"}}, {"type": "Feature", "geometry": {"type": "Point", "crs": {"type": "name", "properties": {"name": "EPSG:26191"}}, "coordinates": [534451.759300001, 352511.662900001]}, "properties": {"node_id": 432, "degree": 2, "node_type": "PASSAGE"}}, {"type": "Feature", "geometry": {"type": "Point", "crs": {"type": "name", "properties": {"name": "EPSG:26191"}}, "coordinates": [535733.154399998, 356248.811299998]}, "properties": {"node_id": 433, "degree": 2, "node_type": "PASSAGE"}}, {"type": "Feature", "geometry": {"type": "Point", "crs": {"type": "name", "properties": {"name": "EPSG:26191"}}, "coordinates": [533629.125299998, 360205.382800002]}, "properties": {"node_id": 434, "degree": 2, "node_type": "PASSAGE"}}, {"type": "Feature", "geometry": {"type": "Point", "crs": {"type": "name", "properties": {"name": "EPSG:26191"}}, "coordinates": [532685.289899997, 364210.057300001]}, "properties": {"node_id": 435, "degree": 2, "node_type": "PASSAGE"}}, {"type": "Feature", "geometry": {"type": "Point", "crs": {"type": "name", "properties": {"name": "EPSG:26191"}}, "coordinates": [533126.511100002, 367849.6952]}, "properties": {"node_id": 436, "degree": 2, "node_type": "PASSAGE"}}, {"type": "Feature", "geometry": {"type": "Point", "crs": {"type": "name", "properties": {"name": "EPSG:26191"}}, "coordinates": [532548.153399996, 372052.189800002]}, "properties": {"node_id": 437, "degree": 2, "node_type": "PASSAGE"}}, {"type": "Feature", "geometry": {"type": "Point", "crs": {"type": "name", "properties": {"name": "EPSG:26191"}}, "coordinates": [532054.641599998, 376399.812199999]}, "properties": {"node_id": 438, "degree": 2, "node_type": "PASSAGE"}}, {"type": "Feature", "geometry": {"type": "Point", "crs": {"type": "name", "properties": {"name": "EPSG:26191"}}, "coordinates": [532649.867600001, 380083.3347]}, "properties": {"node_id": 439, "degree": 2, "node_type": "PASSAGE"}}, {"type": "Feature", "geometry": {"type": "Point", "crs": {"type": "name", "properties": {"name": "EPSG:26191"}}, "coordinates": [601657.139344172, 432412.372847877]}, "properties": {"node_id": 440, "degree": 2, "node_type": "PASSAGE"}}, {"type": "Feature", "geometry": {"type": "Point", "crs": {"type": "name", "properties": {"name": "EPSG:26191"}}, "coordinates": [547104.772200003, 405961.046]}, "properties": {"node_id": 441, "degree": 2, "node_type": "PASSAGE"}}, {"type": "Feature", "geometry": {"type": "Point", "crs": {"type": "name", "properties": {"name": "EPSG:26191"}}, "coordinates": [626339.339244164, 404571.985947881]}, "properties": {"node_id": 442, "degree": 2, "node_type": "PASSAGE"}}, {"type": "Feature", "geometry": {"type": "Point", "crs": {"type": "name", "properties": {"name": "EPSG:26191"}}, "coordinates": [622684.638744167, 403952.712247874]}, "properties": {"node_id": 443, "degree": 3, "node_type": "CONFLUENCE_BIFURCATION"}}, {"type": "Feature", "geometry": {"type": "Point", "crs": {"type": "name", "properties": {"name": "EPSG:26191"}}, "coordinates": [633015.144444169, 414596.191447879]}, "properties": {"node_id": 444, "degree": 1, "node_type": "ISOLE_DEGRE_1"}}, {"type": "Feature", "geometry": {"type": "Point", "crs": {"type": "name", "properties": {"name": "EPSG:26191"}}, "coordinates": [632565.320944169, 409317.81494788]}, "properties": {"node_id": 445, "degree": 2, "node_type": "PASSAGE"}}, {"type": "Feature", "geometry": {"type": "Point", "crs": {"type": "name", "properties": {"name": "EPSG:26191"}}, "coordinates": [386791.953000002, 410515.774099998]}, "properties": {"node_id": 446, "degree": 2, "node_type": "PASSAGE"}}, {"type": "Feature", "geometry": {"type": "Point", "crs": {"type": "name", "properties": {"name": "EPSG:26191"}}, "coordinates": [385053.900700003, 408382.759]}, "properties": {"node_id": 447, "degree": 1, "node_type": "ISOLE_DEGRE_1"}}, {"type": "Feature", "geometry": {"type": "Point", "crs": {"type": "name", "properties": {"name": "EPSG:26191"}}, "coordinates": [390935.652400002, 407833.204300001]}, "properties": {"node_id": 448, "degree": 2, "node_type": "PASSAGE"}}, {"type": "Feature", "geometry": {"type": "Point", "crs": {"type": "name", "properties": {"name": "EPSG:26191"}}, "coordinates": [391083.5339, 412634.762400001]}, "properties": {"node_id": 449, "degree": 2, "node_type": "PASSAGE"}}, {"type": "Feature", "geometry": {"type": "Point", "crs": {"type": "name", "properties": {"name": "EPSG:26191"}}, "coordinates": [608337.896844173, 436719.398847877]}, "properties": {"node_id": 450, "degree": 1, "node_type": "ISOLE_DEGRE_1"}}, {"type": "Feature", "geometry": {"type": "Point", "crs": {"type": "name", "properties": {"name": "EPSG:26191"}}, "coordinates": [604666.67444417, 435098.877247877]}, "properties": {"node_id": 451, "degree": 2, "node_type": "PASSAGE"}}, {"type": "Feature", "geometry": {"type": "Point", "crs": {"type": "name", "properties": {"name": "EPSG:26191"}}, "coordinates": [553748.168344172, 401705.144247878]}, "properties": {"node_id": 452, "degree": 2, "node_type": "PASSAGE"}}, {"type": "Feature", "geometry": {"type": "Point", "crs": {"type": "name", "properties": {"name": "EPSG:26191"}}, "coordinates": [494005.503300004, 413047.804200001]}, "properties": {"node_id": 453, "degree": 2, "node_type": "PASSAGE"}}, {"type": "Feature", "geometry": {"type": "Point", "crs": {"type": "name", "properties": {"name": "EPSG:26191"}}, "coordinates": [496281.320100002, 409392.329599999]}, "properties": {"node_id": 454, "degree": 2, "node_type": "PASSAGE"}}, {"type": "Feature", "geometry": {"type": "Point", "crs": {"type": "name", "properties": {"name": "EPSG:26191"}}, "coordinates": [567286.474344172, 408554.240447875]}, "properties": {"node_id": 455, "degree": 2, "node_type": "PASSAGE"}}, {"type": "Feature", "geometry": {"type": "Point", "crs": {"type": "name", "properties": {"name": "EPSG:26191"}}, "coordinates": [568561.056644166, 410333.736347876]}, "properties": {"node_id": 456, "degree": 2, "node_type": "PASSAGE"}}, {"type": "Feature", "geometry": {"type": "Point", "crs": {"type": "name", "properties": {"name": "EPSG:26191"}}, "coordinates": [575696.694744177, 410951.993247882]}, "properties": {"node_id": 457, "degree": 2, "node_type": "PASSAGE"}}, {"type": "Feature", "geometry": {"type": "Point", "crs": {"type": "name", "properties": {"name": "EPSG:26191"}}, "coordinates": [551263.937299997, 480648.286699999]}, "properties": {"node_id": 458, "degree": 2, "node_type": "PASSAGE"}}, {"type": "Feature", "geometry": {"type": "Point", "crs": {"type": "name", "properties": {"name": "EPSG:26191"}}, "coordinates": [554646.870499998, 480615.8948]}, "properties": {"node_id": 459, "degree": 2, "node_type": "PASSAGE"}}, {"type": "Feature", "geometry": {"type": "Point", "crs": {"type": "name", "properties": {"name": "EPSG:26191"}}, "coordinates": [499385.652800001, 407740.4877]}, "properties": {"node_id": 460, "degree": 2, "node_type": "PASSAGE"}}, {"type": "Feature", "geometry": {"type": "Point", "crs": {"type": "name", "properties": {"name": "EPSG:26191"}}, "coordinates": [497492.227557371, 407528.232203863]}, "properties": {"node_id": 461, "degree": 3, "node_type": "CONFLUENCE_BIFURCATION"}}, {"type": "Feature", "geometry": {"type": "Point", "crs": {"type": "name", "properties": {"name": "EPSG:26191"}}, "coordinates": [579824.474944167, 417856.689247876]}, "properties": {"node_id": 462, "degree": 2, "node_type": "PASSAGE"}}, {"type": "Feature", "geometry": {"type": "Point", "crs": {"type": "name", "properties": {"name": "EPSG:26191"}}, "coordinates": [582426.929644169, 420868.059147875]}, "properties": {"node_id": 463, "degree": 2, "node_type": "PASSAGE"}}, {"type": "Feature", "geometry": {"type": "Point", "crs": {"type": "name", "properties": {"name": "EPSG:26191"}}, "coordinates": [581114.077844167, 418318.190747875]}, "properties": {"node_id": 464, "degree": 3, "node_type": "CONFLUENCE_BIFURCATION"}}, {"type": "Feature", "geometry": {"type": "Point", "crs": {"type": "name", "properties": {"name": "EPSG:26191"}}, "coordinates": [585219.437444167, 423945.789847876]}, "properties": {"node_id": 465, "degree": 2, "node_type": "PASSAGE"}}, {"type": "Feature", "geometry": {"type": "Point", "crs": {"type": "name", "properties": {"name": "EPSG:26191"}}, "coordinates": [588342.590244168, 426060.315847877]}, "properties": {"node_id": 466, "degree": 2, "node_type": "PASSAGE"}}, {"type": "Feature", "geometry": {"type": "Point", "crs": {"type": "name", "properties": {"name": "EPSG:26191"}}, "coordinates": [591411.995544167, 428443.395747877]}, "properties": {"node_id": 467, "degree": 2, "node_type": "PASSAGE"}}, {"type": "Feature", "geometry": {"type": "Point", "crs": {"type": "name", "properties": {"name": "EPSG:26191"}}, "coordinates": [622561.692144163, 434559.982947875]}, "properties": {"node_id": 468, "degree": 2, "node_type": "PASSAGE"}}, {"type": "Feature", "geometry": {"type": "Point", "crs": {"type": "name", "properties": {"name": "EPSG:26191"}}, "coordinates": [615325.435444169, 432755.863047875]}, "properties": {"node_id": 469, "degree": 2, "node_type": "PASSAGE"}}, {"type": "Feature", "geometry": {"type": "Point", "crs": {"type": "name", "properties": {"name": "EPSG:26191"}}, "coordinates": [622954.101944172, 406766.521347876]}, "properties": {"node_id": 470, "degree": 2, "node_type": "PASSAGE"}}, {"type": "Feature", "geometry": {"type": "Point", "crs": {"type": "name", "properties": {"name": "EPSG:26191"}}, "coordinates": [479794.959299996, 420692.5504]}, "properties": {"node_id": 471, "degree": 2, "node_type": "PASSAGE"}}, {"type": "Feature", "geometry": {"type": "Point", "crs": {"type": "name", "properties": {"name": "EPSG:26191"}}, "coordinates": [477326.547600001, 422156.556200001]}, "properties": {"node_id": 472, "degree": 2, "node_type": "PASSAGE"}}, {"type": "Feature", "geometry": {"type": "Point", "crs": {"type": "name", "properties": {"name": "EPSG:26191"}}, "coordinates": [614967.836244158, 417183.211547878]}, "properties": {"node_id": 473, "degree": 2, "node_type": "PASSAGE"}}, {"type": "Feature", "geometry": {"type": "Point", "crs": {"type": "name", "properties": {"name": "EPSG:26191"}}, "coordinates": [612236.017044173, 425321.346747878]}, "properties": {"node_id": 474, "degree": 2, "node_type": "PASSAGE"}}, {"type": "Feature", "geometry": {"type": "Point", "crs": {"type": "name", "properties": {"name": "EPSG:26191"}}, "coordinates": [502575.016500004, 407148.422699999]}, "properties": {"node_id": 475, "degree": 2, "node_type": "PASSAGE"}}, {"type": "Feature", "geometry": {"type": "Point", "crs": {"type": "name", "properties": {"name": "EPSG:26191"}}, "coordinates": [623544.773844169, 434265.501047875]}, "properties": {"node_id": 476, "degree": 2, "node_type": "PASSAGE"}}, {"type": "Feature", "geometry": {"type": "Point", "crs": {"type": "name", "properties": {"name": "EPSG:26191"}}, "coordinates": [588421.299500004, 444284.365200002]}, "properties": {"node_id": 477, "degree": 2, "node_type": "PASSAGE"}}, {"type": "Feature", "geometry": {"type": "Point", "crs": {"type": "name", "properties": {"name": "EPSG:26191"}}, "coordinates": [592734.891199999, 445064.5546]}, "properties": {"node_id": 478, "degree": 2, "node_type": "PASSAGE"}}, {"type": "Feature", "geometry": {"type": "Point", "crs": {"type": "name", "properties": {"name": "EPSG:26191"}}, "coordinates": [627838.46534417, 437586.349747881]}, "properties": {"node_id": 479, "degree": 1, "node_type": "ISOLE_DEGRE_1"}}, {"type": "Feature", "geometry": {"type": "Point", "crs": {"type": "name", "properties": {"name": "EPSG:26191"}}, "coordinates": [620296.901644172, 402314.068747877]}, "properties": {"node_id": 480, "degree": 2, "node_type": "PASSAGE"}}, {"type": "Feature", "geometry": {"type": "Point", "crs": {"type": "name", "properties": {"name": "EPSG:26191"}}, "coordinates": [609674.81484417, 400345.893047876]}, "properties": {"node_id": 481, "degree": 2, "node_type": "PASSAGE"}}, {"type": "Feature", "geometry": {"type": "Point", "crs": {"type": "name", "properties": {"name": "EPSG:26191"}}, "coordinates": [609258.760944167, 399730.567347876]}, "properties": {"node_id": 482, "degree": 2, "node_type": "PASSAGE"}}, {"type": "Feature", "geometry": {"type": "Point", "crs": {"type": "name", "properties": {"name": "EPSG:26191"}}, "coordinates": [614814.199144171, 399458.410847876]}, "properties": {"node_id": 483, "degree": 2, "node_type": "PASSAGE"}}, {"type": "Feature", "geometry": {"type": "Point", "crs": {"type": "name", "properties": {"name": "EPSG:26191"}}, "coordinates": [612073.612844171, 398113.906547877]}, "properties": {"node_id": 484, "degree": 2, "node_type": "PASSAGE"}}, {"type": "Feature", "geometry": {"type": "Point", "crs": {"type": "name", "properties": {"name": "EPSG:26191"}}, "coordinates": [617674.625044169, 400604.966347876]}, "properties": {"node_id": 485, "degree": 2, "node_type": "PASSAGE"}}, {"type": "Feature", "geometry": {"type": "Point", "crs": {"type": "name", "properties": {"name": "EPSG:26191"}}, "coordinates": [606569.068544166, 422165.713047876]}, "properties": {"node_id": 486, "degree": 1, "node_type": "ISOLE_DEGRE_1"}}, {"type": "Feature", "geometry": {"type": "Point", "crs": {"type": "name", "properties": {"name": "EPSG:26191"}}, "coordinates": [602608.21844417, 421749.946347877]}, "properties": {"node_id": 487, "degree": 2, "node_type": "PASSAGE"}}, {"type": "Feature", "geometry": {"type": "Point", "crs": {"type": "name", "properties": {"name": "EPSG:26191"}}, "coordinates": [595980.914300002, 446791.6965]}, "properties": {"node_id": 488, "degree": 2, "node_type": "PASSAGE"}}, {"type": "Feature", "geometry": {"type": "Point", "crs": {"type": "name", "properties": {"name": "EPSG:26191"}}, "coordinates": [599163.273500003, 445898.599100001]}, "properties": {"node_id": 489, "degree": 2, "node_type": "PASSAGE"}}, {"type": "Feature", "geometry": {"type": "Point", "crs": {"type": "name", "properties": {"name": "EPSG:26191"}}, "coordinates": [586399.101044172, 417056.960847876]}, "properties": {"node_id": 490, "degree": 2, "node_type": "PASSAGE"}}, {"type": "Feature", "geometry": {"type": "Point", "crs": {"type": "name", "properties": {"name": "EPSG:26191"}}, "coordinates": [582133.865044171, 417445.813747878]}, "properties": {"node_id": 491, "degree": 2, "node_type": "PASSAGE"}}, {"type": "Feature", "geometry": {"type": "Point", "crs": {"type": "name", "properties": {"name": "EPSG:26191"}}, "coordinates": [592107.377844186, 419700.191747877]}, "properties": {"node_id": 492, "degree": 2, "node_type": "PASSAGE"}}, {"type": "Feature", "geometry": {"type": "Point", "crs": {"type": "name", "properties": {"name": "EPSG:26191"}}, "coordinates": [598657.895444179, 422700.51434788]}, "properties": {"node_id": 493, "degree": 2, "node_type": "PASSAGE"}}, {"type": "Feature", "geometry": {"type": "Point", "crs": {"type": "name", "properties": {"name": "EPSG:26191"}}, "coordinates": [605091.63874417, 398281.179647877]}, "properties": {"node_id": 494, "degree": 2, "node_type": "PASSAGE"}}, {"type": "Feature", "geometry": {"type": "Point", "crs": {"type": "name", "properties": {"name": "EPSG:26191"}}, "coordinates": [590751.497644179, 394966.432347879]}, "properties": {"node_id": 495, "degree": 2, "node_type": "PASSAGE"}}, {"type": "Feature", "geometry": {"type": "Point", "crs": {"type": "name", "properties": {"name": "EPSG:26191"}}, "coordinates": [589662.226844184, 395149.395247877]}, "properties": {"node_id": 496, "degree": 3, "node_type": "CONFLUENCE_BIFURCATION"}}, {"type": "Feature", "geometry": {"type": "Point", "crs": {"type": "name", "properties": {"name": "EPSG:26191"}}, "coordinates": [593964.21714417, 395130.414947874]}, "properties": {"node_id": 497, "degree": 2, "node_type": "PASSAGE"}}, {"type": "Feature", "geometry": {"type": "Point", "crs": {"type": "name", "properties": {"name": "EPSG:26191"}}, "coordinates": [597650.863444166, 395235.135647877]}, "properties": {"node_id": 498, "degree": 2, "node_type": "PASSAGE"}}, {"type": "Feature", "geometry": {"type": "Point", "crs": {"type": "name", "properties": {"name": "EPSG:26191"}}, "coordinates": [599693.669544169, 397251.961747877]}, "properties": {"node_id": 499, "degree": 2, "node_type": "PASSAGE"}}, {"type": "Feature", "geometry": {"type": "Point", "crs": {"type": "name", "properties": {"name": "EPSG:26191"}}, "coordinates": [559909.146799996, 457778.246100001]}, "properties": {"node_id": 500, "degree": 2, "node_type": "PASSAGE"}}, {"type": "Feature", "geometry": {"type": "Point", "crs": {"type": "name", "properties": {"name": "EPSG:26191"}}, "coordinates": [556961.293100007, 451980.764699999]}, "properties": {"node_id": 501, "degree": 2, "node_type": "PASSAGE"}}, {"type": "Feature", "geometry": {"type": "Point", "crs": {"type": "name", "properties": {"name": "EPSG:26191"}}, "coordinates": [579810.514044173, 392956.688447885]}, "properties": {"node_id": 502, "degree": 2, "node_type": "PASSAGE"}}, {"type": "Feature", "geometry": {"type": "Point", "crs": {"type": "name", "properties": {"name": "EPSG:26191"}}, "coordinates": [579403.932744175, 390999.579247881]}, "properties": {"node_id": 503, "degree": 2, "node_type": "PASSAGE"}}, {"type": "Feature", "geometry": {"type": "Point", "crs": {"type": "name", "properties": {"name": "EPSG:26191"}}, "coordinates": [582326.064644167, 393232.096147876]}, "properties": {"node_id": 504, "degree": 2, "node_type": "PASSAGE"}}, {"type": "Feature", "geometry": {"type": "Point", "crs": {"type": "name", "properties": {"name": "EPSG:26191"}}, "coordinates": [585494.397844167, 393706.714047875]}, "properties": {"node_id": 505, "degree": 2, "node_type": "PASSAGE"}}, {"type": "Feature", "geometry": {"type": "Point", "crs": {"type": "name", "properties": {"name": "EPSG:26191"}}, "coordinates": [559486.000299998, 462040.2161]}, "properties": {"node_id": 506, "degree": 2, "node_type": "PASSAGE"}}, {"type": "Feature", "geometry": {"type": "Point", "crs": {"type": "name", "properties": {"name": "EPSG:26191"}}, "coordinates": [588060.673844168, 394404.381847876]}, "properties": {"node_id": 507, "degree": 2, "node_type": "PASSAGE"}}, {"type": "Feature", "geometry": {"type": "Point", "crs": {"type": "name", "properties": {"name": "EPSG:26191"}}, "coordinates": [555529.66564417, 399583.910547874]}, "properties": {"node_id": 508, "degree": 2, "node_type": "PASSAGE"}}, {"type": "Feature", "geometry": {"type": "Point", "crs": {"type": "name", "properties": {"name": "EPSG:26191"}}, "coordinates": [553748.199444169, 401705.037647876]}, "properties": {"node_id": 509, "degree": 1, "node_type": "ISOLE_DEGRE_1"}}, {"type": "Feature", "geometry": {"type": "Point", "crs": {"type": "name", "properties": {"name": "EPSG:26191"}}, "coordinates": [556999.17054417, 397981.993747875]}, "properties": {"node_id": 510, "degree": 2, "node_type": "PASSAGE"}}, {"type": "Feature", "geometry": {"type": "Point", "crs": {"type": "name", "properties": {"name": "EPSG:26191"}}, "coordinates": [559146.702444168, 396708.782847877]}, "properties": {"node_id": 511, "degree": 2, "node_type": "PASSAGE"}}, {"type": "Feature", "geometry": {"type": "Point", "crs": {"type": "name", "properties": {"name": "EPSG:26191"}}, "coordinates": [597708.451644169, 380405.539247877]}, "properties": {"node_id": 512, "degree": 2, "node_type": "PASSAGE"}}, {"type": "Feature", "geometry": {"type": "Point", "crs": {"type": "name", "properties": {"name": "EPSG:26191"}}, "coordinates": [595482.533844167, 383487.619047876]}, "properties": {"node_id": 513, "degree": 2, "node_type": "PASSAGE"}}, {"type": "Feature", "geometry": {"type": "Point", "crs": {"type": "name", "properties": {"name": "EPSG:26191"}}, "coordinates": [558278.164399996, 466509.1633]}, "properties": {"node_id": 514, "degree": 2, "node_type": "PASSAGE"}}, {"type": "Feature", "geometry": {"type": "Point", "crs": {"type": "name", "properties": {"name": "EPSG:26191"}}, "coordinates": [597095.209944168, 369479.901147875]}, "properties": {"node_id": 515, "degree": 1, "node_type": "ISOLE_DEGRE_1"}}, {"type": "Feature", "geometry": {"type": "Point", "crs": {"type": "name", "properties": {"name": "EPSG:26191"}}, "coordinates": [598458.480044173, 373240.552047874]}, "properties": {"node_id": 516, "degree": 2, "node_type": "PASSAGE"}}, {"type": "Feature", "geometry": {"type": "Point", "crs": {"type": "name", "properties": {"name": "EPSG:26191"}}, "coordinates": [594282.186544167, 387536.455847877]}, "properties": {"node_id": 517, "degree": 2, "node_type": "PASSAGE"}}, {"type": "Feature", "geometry": {"type": "Point", "crs": {"type": "name", "properties": {"name": "EPSG:26191"}}, "coordinates": [592891.71534417, 390425.309547874]}, "properties": {"node_id": 518, "degree": 2, "node_type": "PASSAGE"}}, {"type": "Feature", "geometry": {"type": "Point", "crs": {"type": "name", "properties": {"name": "EPSG:26191"}}, "coordinates": [590858.716944167, 393468.721447877]}, "properties": {"node_id": 519, "degree": 2, "node_type": "PASSAGE"}}, {"type": "Feature", "geometry": {"type": "Point", "crs": {"type": "name", "properties": {"name": "EPSG:26191"}}, "coordinates": [549917.176844166, 401320.222147878]}, "properties": {"node_id": 520, "degree": 2, "node_type": "PASSAGE"}}, {"type": "Feature", "geometry": {"type": "Point", "crs": {"type": "name", "properties": {"name": "EPSG:26191"}}, "coordinates": [546303.595944174, 400429.792047881]}, "properties": {"node_id": 521, "degree": 2, "node_type": "PASSAGE"}}, {"type": "Feature", "geometry": {"type": "Point", "crs": {"type": "name", "properties": {"name": "EPSG:26191"}}, "coordinates": [498372.418099999, 405709.807100002]}, "properties": {"node_id": 522, "degree": 2, "node_type": "PASSAGE"}}, {"type": "Feature", "geometry": {"type": "Point", "crs": {"type": "name", "properties": {"name": "EPSG:26191"}}, "coordinates": [507009.5858, 390924.3539]}, "properties": {"node_id": 523, "degree": 2, "node_type": "PASSAGE"}}, {"type": "Feature", "geometry": {"type": "Point", "crs": {"type": "name", "properties": {"name": "EPSG:26191"}}, "coordinates": [507419.115800001, 389771.9483]}, "properties": {"node_id": 524, "degree": 2, "node_type": "PASSAGE"}}, {"type": "Feature", "geometry": {"type": "Point", "crs": {"type": "name", "properties": {"name": "EPSG:26191"}}, "coordinates": [470082.114200003, 421221.126800001]}, "properties": {"node_id": 525, "degree": 2, "node_type": "PASSAGE"}}, {"type": "Feature", "geometry": {"type": "Point", "crs": {"type": "name", "properties": {"name": "EPSG:26191"}}, "coordinates": [466913.837099999, 421479.588500001]}, "properties": {"node_id": 526, "degree": 2, "node_type": "PASSAGE"}}, {"type": "Feature", "geometry": {"type": "Point", "crs": {"type": "name", "properties": {"name": "EPSG:26191"}}, "coordinates": [508538.140300006, 382706.115000002]}, "properties": {"node_id": 527, "degree": 2, "node_type": "PASSAGE"}}, {"type": "Feature", "geometry": {"type": "Point", "crs": {"type": "name", "properties": {"name": "EPSG:26191"}}, "coordinates": [509911.496635496, 379629.477133415]}, "properties": {"node_id": 528, "degree": 3, "node_type": "CONFLUENCE_BIFURCATION"}}, {"type": "Feature", "geometry": {"type": "Point", "crs": {"type": "name", "properties": {"name": "EPSG:26191"}}, "coordinates": [509784.737000011, 377021.365200006]}, "properties": {"node_id": 529, "degree": 2, "node_type": "PASSAGE"}}, {"type": "Feature", "geometry": {"type": "Point", "crs": {"type": "name", "properties": {"name": "EPSG:26191"}}, "coordinates": [506955.767300002, 384052.054499999]}, "properties": {"node_id": 530, "degree": 2, "node_type": "PASSAGE"}}, {"type": "Feature", "geometry": {"type": "Point", "crs": {"type": "name", "properties": {"name": "EPSG:26191"}}, "coordinates": [507482.591399998, 389270.443399999]}, "properties": {"node_id": 531, "degree": 2, "node_type": "PASSAGE"}}, {"type": "Feature", "geometry": {"type": "Point", "crs": {"type": "name", "properties": {"name": "EPSG:26191"}}, "coordinates": [547114.942400001, 481232.706599999]}, "properties": {"node_id": 532, "degree": 2, "node_type": "PASSAGE"}}, {"type": "Feature", "geometry": {"type": "Point", "crs": {"type": "name", "properties": {"name": "EPSG:26191"}}, "coordinates": [545902.483400002, 478857.5385]}, "properties": {"node_id": 533, "degree": 2, "node_type": "PASSAGE"}}, {"type": "Feature", "geometry": {"type": "Point", "crs": {"type": "name", "properties": {"name": "EPSG:26191"}}, "coordinates": [505880.6479, 392839.280499998]}, "properties": {"node_id": 534, "degree": 2, "node_type": "PASSAGE"}}, {"type": "Feature", "geometry": {"type": "Point", "crs": {"type": "name", "properties": {"name": "EPSG:26191"}}, "coordinates": [504371.032200001, 395629.279599998]}, "properties": {"node_id": 535, "degree": 2, "node_type": "PASSAGE"}}, {"type": "Feature", "geometry": {"type": "Point", "crs": {"type": "name", "properties": {"name": "EPSG:26191"}}, "coordinates": [486203.310400002, 451933.440099999]}, "properties": {"node_id": 536, "degree": 2, "node_type": "PASSAGE"}}, {"type": "Feature", "geometry": {"type": "Point", "crs": {"type": "name", "properties": {"name": "EPSG:26191"}}, "coordinates": [486185.260499999, 451892.4034]}, "properties": {"node_id": 537, "degree": 3, "node_type": "CONFLUENCE_BIFURCATION"}}, {"type": "Feature", "geometry": {"type": "Point", "crs": {"type": "name", "properties": {"name": "EPSG:26191"}}, "coordinates": [484282.262976378, 453088.640071361]}, "properties": {"node_id": 538, "degree": 2, "node_type": "PASSAGE"}}, {"type": "Feature", "geometry": {"type": "Point", "crs": {"type": "name", "properties": {"name": "EPSG:26191"}}, "coordinates": [505848.981899999, 396678.5079]}, "properties": {"node_id": 539, "degree": 2, "node_type": "PASSAGE"}}, {"type": "Feature", "geometry": {"type": "Point", "crs": {"type": "name", "properties": {"name": "EPSG:26191"}}, "coordinates": [505645.552299999, 396353.355900001]}, "properties": {"node_id": 540, "degree": 3, "node_type": "CONFLUENCE_BIFURCATION"}}, {"type": "Feature", "geometry": {"type": "Point", "crs": {"type": "name", "properties": {"name": "EPSG:26191"}}, "coordinates": [499700.3609, 403858.1272]}, "properties": {"node_id": 541, "degree": 2, "node_type": "PASSAGE"}}, {"type": "Feature", "geometry": {"type": "Point", "crs": {"type": "name", "properties": {"name": "EPSG:26191"}}, "coordinates": [501389.729599997, 403108.785300002]}, "properties": {"node_id": 542, "degree": 2, "node_type": "PASSAGE"}}, {"type": "Feature", "geometry": {"type": "Point", "crs": {"type": "name", "properties": {"name": "EPSG:26191"}}, "coordinates": [583622.837499998, 456166.449499998]}, "properties": {"node_id": 543, "degree": 1, "node_type": "ISOLE_DEGRE_1"}}, {"type": "Feature", "geometry": {"type": "Point", "crs": {"type": "name", "properties": {"name": "EPSG:26191"}}, "coordinates": [580233.459100001, 452959.258699998]}, "properties": {"node_id": 544, "degree": 2, "node_type": "PASSAGE"}}, {"type": "Feature", "geometry": {"type": "Point", "crs": {"type": "name", "properties": {"name": "EPSG:26191"}}, "coordinates": [515707.139799997, 409490.759199999]}, "properties": {"node_id": 545, "degree": 2, "node_type": "PASSAGE"}}, {"type": "Feature", "geometry": {"type": "Point", "crs": {"type": "name", "properties": {"name": "EPSG:26191"}}, "coordinates": [512628.270999998, 408024.509100001]}, "properties": {"node_id": 546, "degree": 2, "node_type": "PASSAGE"}}, {"type": "Feature", "geometry": {"type": "Point", "crs": {"type": "name", "properties": {"name": "EPSG:26191"}}, "coordinates": [504558.366300009, 400165.913400006]}, "properties": {"node_id": 547, "degree": 2, "node_type": "PASSAGE"}}, {"type": "Feature", "geometry": {"type": "Point", "crs": {"type": "name", "properties": {"name": "EPSG:26191"}}, "coordinates": [519688.02799999, 416456.323800001]}, "properties": {"node_id": 548, "degree": 2, "node_type": "PASSAGE"}}, {"type": "Feature", "geometry": {"type": "Point", "crs": {"type": "name", "properties": {"name": "EPSG:26191"}}, "coordinates": [519217.494900003, 415186.5009]}, "properties": {"node_id": 549, "degree": 2, "node_type": "PASSAGE"}}, {"type": "Feature", "geometry": {"type": "Point", "crs": {"type": "name", "properties": {"name": "EPSG:26191"}}, "coordinates": [577964.225000002, 449073.025199998]}, "properties": {"node_id": 550, "degree": 2, "node_type": "PASSAGE"}}, {"type": "Feature", "geometry": {"type": "Point", "crs": {"type": "name", "properties": {"name": "EPSG:26191"}}, "coordinates": [577087.698399998, 448838.166999999]}, "properties": {"node_id": 551, "degree": 2, "node_type": "PASSAGE"}}, {"type": "Feature", "geometry": {"type": "Point", "crs": {"type": "name", "properties": {"name": "EPSG:26191"}}, "coordinates": [527140.444799997, 407276.7214]}, "properties": {"node_id": 552, "degree": 2, "node_type": "PASSAGE"}}, {"type": "Feature", "geometry": {"type": "Point", "crs": {"type": "name", "properties": {"name": "EPSG:26191"}}, "coordinates": [525634.332500003, 410366.590100002]}, "properties": {"node_id": 553, "degree": 2, "node_type": "PASSAGE"}}, {"type": "Feature", "geometry": {"type": "Point", "crs": {"type": "name", "properties": {"name": "EPSG:26191"}}, "coordinates": [512760.571400002, 379018.946699999]}, "properties": {"node_id": 554, "degree": 2, "node_type": "PASSAGE"}}, {"type": "Feature", "geometry": {"type": "Point", "crs": {"type": "name", "properties": {"name": "EPSG:26191"}}, "coordinates": [513163.360100001, 378561.7914]}, "properties": {"node_id": 555, "degree": 1, "node_type": "ISOLE_DEGRE_1"}}, {"type": "Feature", "geometry": {"type": "Point", "crs": {"type": "name", "properties": {"name": "EPSG:26191"}}, "coordinates": [532263.4608, 410068.456300002]}, "properties": {"node_id": 556, "degree": 2, "node_type": "PASSAGE"}}, {"type": "Feature", "geometry": {"type": "Point", "crs": {"type": "name", "properties": {"name": "EPSG:26191"}}, "coordinates": [529749.963799998, 410587.331900001]}, "properties": {"node_id": 557, "degree": 2, "node_type": "PASSAGE"}}, {"type": "Feature", "geometry": {"type": "Point", "crs": {"type": "name", "properties": {"name": "EPSG:26191"}}, "coordinates": [540040.488799997, 409904.703499999]}, "properties": {"node_id": 558, "degree": 2, "node_type": "PASSAGE"}}, {"type": "Feature", "geometry": {"type": "Point", "crs": {"type": "name", "properties": {"name": "EPSG:26191"}}, "coordinates": [535562.842100002, 410360.936000001]}, "properties": {"node_id": 559, "degree": 2, "node_type": "PASSAGE"}}, {"type": "Feature", "geometry": {"type": "Point", "crs": {"type": "name", "properties": {"name": "EPSG:26191"}}, "coordinates": [517826.772200003, 412617.2414]}, "properties": {"node_id": 560, "degree": 2, "node_type": "PASSAGE"}}, {"type": "Feature", "geometry": {"type": "Point", "crs": {"type": "name", "properties": {"name": "EPSG:26191"}}, "coordinates": [517612.616800003, 411585.191500001]}, "properties": {"node_id": 561, "degree": 3, "node_type": "CONFLUENCE_BIFURCATION"}}, {"type": "Feature", "geometry": {"type": "Point", "crs": {"type": "name", "properties": {"name": "EPSG:26191"}}, "coordinates": [524764.438900001, 425761.368099999]}, "properties": {"node_id": 562, "degree": 2, "node_type": "PASSAGE"}}, {"type": "Feature", "geometry": {"type": "Point", "crs": {"type": "name", "properties": {"name": "EPSG:26191"}}, "coordinates": [523504.940200001, 424537.223299999]}, "properties": {"node_id": 563, "degree": 2, "node_type": "PASSAGE"}}, {"type": "Feature", "geometry": {"type": "Point", "crs": {"type": "name", "properties": {"name": "EPSG:26191"}}, "coordinates": [541246.721699998, 407392.7744]}, "properties": {"node_id": 564, "degree": 2, "node_type": "PASSAGE"}}, {"type": "Feature", "geometry": {"type": "Point", "crs": {"type": "name", "properties": {"name": "EPSG:26191"}}, "coordinates": [520089.934400007, 420978.395100001]}, "properties": {"node_id": 565, "degree": 2, "node_type": "PASSAGE"}}, {"type": "Feature", "geometry": {"type": "Point", "crs": {"type": "name", "properties": {"name": "EPSG:26191"}}, "coordinates": [522780.557499997, 422025.8948]}, "properties": {"node_id": 566, "degree": 2, "node_type": "PASSAGE"}}, {"type": "Feature", "geometry": {"type": "Point", "crs": {"type": "name", "properties": {"name": "EPSG:26191"}}, "coordinates": [543204.323200002, 405088.762899999]}, "properties": {"node_id": 567, "degree": 2, "node_type": "PASSAGE"}}, {"type": "Feature", "geometry": {"type": "Point", "crs": {"type": "name", "properties": {"name": "EPSG:26191"}}, "coordinates": [527864.433600001, 429343.521600004]}, "properties": {"node_id": 568, "degree": 1, "node_type": "ISOLE_DEGRE_1"}}, {"type": "Feature", "geometry": {"type": "Point", "crs": {"type": "name", "properties": {"name": "EPSG:26191"}}, "coordinates": [507737.9076, 371805.8006]}, "properties": {"node_id": 569, "degree": 2, "node_type": "PASSAGE"}}, {"type": "Feature", "geometry": {"type": "Point", "crs": {"type": "name", "properties": {"name": "EPSG:26191"}}, "coordinates": [523245.7082, 332325.780200001]}, "properties": {"node_id": 570, "degree": 2, "node_type": "PASSAGE"}}, {"type": "Feature", "geometry": {"type": "Point", "crs": {"type": "name", "properties": {"name": "EPSG:26191"}}, "coordinates": [524529.378799997, 331083.491099998]}, "properties": {"node_id": 571, "degree": 1, "node_type": "ISOLE_DEGRE_1"}}, {"type": "Feature", "geometry": {"type": "Point", "crs": {"type": "name", "properties": {"name": "EPSG:26191"}}, "coordinates": [472469.240999997, 420976.650600001]}, "properties": {"node_id": 572, "degree": 2, "node_type": "PASSAGE"}}, {"type": "Feature", "geometry": {"type": "Point", "crs": {"type": "name", "properties": {"name": "EPSG:26191"}}, "coordinates": [520086.302299999, 339391.367800001]}, "properties": {"node_id": 573, "degree": 2, "node_type": "PASSAGE"}}, {"type": "Feature", "geometry": {"type": "Point", "crs": {"type": "name", "properties": {"name": "EPSG:26191"}}, "coordinates": [515222.091700003, 345283.768800002]}, "properties": {"node_id": 574, "degree": 2, "node_type": "PASSAGE"}}, {"type": "Feature", "geometry": {"type": "Point", "crs": {"type": "name", "properties": {"name": "EPSG:26191"}}, "coordinates": [393032.523900002, 412184.977899998]}, "properties": {"node_id": 575, "degree": 2, "node_type": "PASSAGE"}}, {"type": "Feature", "geometry": {"type": "Point", "crs": {"type": "name", "properties": {"name": "EPSG:26191"}}, "coordinates": [514236.964699998, 351309.941399999]}, "properties": {"node_id": 576, "degree": 2, "node_type": "PASSAGE"}}, {"type": "Feature", "geometry": {"type": "Point", "crs": {"type": "name", "properties": {"name": "EPSG:26191"}}, "coordinates": [513119.321099997, 359575.4439]}, "properties": {"node_id": 577, "degree": 2, "node_type": "PASSAGE"}}, {"type": "Feature", "geometry": {"type": "Point", "crs": {"type": "name", "properties": {"name": "EPSG:26191"}}, "coordinates": [482159.567000002, 423496.708900001]}, "properties": {"node_id": 578, "degree": 2, "node_type": "PASSAGE"}}, {"type": "Feature", "geometry": {"type": "Point", "crs": {"type": "name", "properties": {"name": "EPSG:26191"}}, "coordinates": [395174.274300002, 414547.2368]}, "properties": {"node_id": 579, "degree": 2, "node_type": "PASSAGE"}}, {"type": "Feature", "geometry": {"type": "Point", "crs": {"type": "name", "properties": {"name": "EPSG:26191"}}, "coordinates": [508937.496200003, 364612.886]}, "properties": {"node_id": 580, "degree": 2, "node_type": "PASSAGE"}}, {"type": "Feature", "geometry": {"type": "Point", "crs": {"type": "name", "properties": {"name": "EPSG:26191"}}, "coordinates": [520115.389300004, 444179.199499998]}, "properties": {"node_id": 581, "degree": 3, "node_type": "CONFLUENCE_BIFURCATION"}}, {"type": "Feature", "geometry": {"type": "Point", "crs": {"type": "name", "properties": {"name": "EPSG:26191"}}, "coordinates": [518584.599900007, 444030.526000004]}, "properties": {"node_id": 582, "degree": 1, "node_type": "ISOLE_DEGRE_1"}}, {"type": "Feature", "geometry": {"type": "Point", "crs": {"type": "name", "properties": {"name": "EPSG:26191"}}, "coordinates": [482736.558300003, 421938.961399998]}, "properties": {"node_id": 583, "degree": 2, "node_type": "PASSAGE"}}, {"type": "Feature", "geometry": {"type": "Point", "crs": {"type": "name", "properties": {"name": "EPSG:26191"}}, "coordinates": [509688.987899996, 394837.5625]}, "properties": {"node_id": 584, "degree": 2, "node_type": "PASSAGE"}}, {"type": "Feature", "geometry": {"type": "Point", "crs": {"type": "name", "properties": {"name": "EPSG:26191"}}, "coordinates": [398834.857000001, 415219.360300001]}, "properties": {"node_id": 585, "degree": 2, "node_type": "PASSAGE"}}, {"type": "Feature", "geometry": {"type": "Point", "crs": {"type": "name", "properties": {"name": "EPSG:26191"}}, "coordinates": [518473.967500001, 411801.425099999]}, "properties": {"node_id": 586, "degree": 2, "node_type": "PASSAGE"}}, {"type": "Feature", "geometry": {"type": "Point", "crs": {"type": "name", "properties": {"name": "EPSG:26191"}}, "coordinates": [528934.055299997, 390359.526700001]}, "properties": {"node_id": 587, "degree": 1, "node_type": "ISOLE_DEGRE_1"}}, {"type": "Feature", "geometry": {"type": "Point", "crs": {"type": "name", "properties": {"name": "EPSG:26191"}}, "coordinates": [524842.672499999, 394045.4197]}, "properties": {"node_id": 588, "degree": 2, "node_type": "PASSAGE"}}, {"type": "Feature", "geometry": {"type": "Point", "crs": {"type": "name", "properties": {"name": "EPSG:26191"}}, "coordinates": [518879.987300001, 390900.873500001]}, "properties": {"node_id": 589, "degree": 2, "node_type": "PASSAGE"}}, {"type": "Feature", "geometry": {"type": "Point", "crs": {"type": "name", "properties": {"name": "EPSG:26191"}}, "coordinates": [516661.499499999, 394193.027800001]}, "properties": {"node_id": 590, "degree": 2, "node_type": "PASSAGE"}}, {"type": "Feature", "geometry": {"type": "Point", "crs": {"type": "name", "properties": {"name": "EPSG:26191"}}, "coordinates": [465739.638101116, 435929.645346336]}, "properties": {"node_id": 591, "degree": 2, "node_type": "PASSAGE"}}, {"type": "Feature", "geometry": {"type": "Point", "crs": {"type": "name", "properties": {"name": "EPSG:26191"}}, "coordinates": [460260.405594543, 431930.163935799]}, "properties": {"node_id": 592, "degree": 2, "node_type": "PASSAGE"}}, {"type": "Feature", "geometry": {"type": "Point", "crs": {"type": "name", "properties": {"name": "EPSG:26191"}}, "coordinates": [522316.180500001, 390862.991599999]}, "properties": {"node_id": 593, "degree": 2, "node_type": "PASSAGE"}}, {"type": "Feature", "geometry": {"type": "Point", "crs": {"type": "name", "properties": {"name": "EPSG:26191"}}, "coordinates": [520667.969800003, 389211.9232]}, "properties": {"node_id": 594, "degree": 3, "node_type": "CONFLUENCE_BIFURCATION"}}, {"type": "Feature", "geometry": {"type": "Point", "crs": {"type": "name", "properties": {"name": "EPSG:26191"}}, "coordinates": [467550.27647346, 437126.500984924]}, "properties": {"node_id": 595, "degree": 2, "node_type": "PASSAGE"}}, {"type": "Feature", "geometry": {"type": "Point", "crs": {"type": "name", "properties": {"name": "EPSG:26191"}}, "coordinates": [469997.187114596, 439390.785192854]}, "properties": {"node_id": 596, "degree": 2, "node_type": "PASSAGE"}}, {"type": "Feature", "geometry": {"type": "Point", "crs": {"type": "name", "properties": {"name": "EPSG:26191"}}, "coordinates": [472846.950722694, 440360.531003613]}, "properties": {"node_id": 597, "degree": 2, "node_type": "PASSAGE"}}, {"type": "Feature", "geometry": {"type": "Point", "crs": {"type": "name", "properties": {"name": "EPSG:26191"}}, "coordinates": [480804.947517155, 439823.929155763]}, "properties": {"node_id": 598, "degree": 2, "node_type": "PASSAGE"}}, {"type": "Feature", "geometry": {"type": "Point", "crs": {"type": "name", "properties": {"name": "EPSG:26191"}}, "coordinates": [479446.048475347, 441101.49906397]}, "properties": {"node_id": 599, "degree": 2, "node_type": "PASSAGE"}}, {"type": "Feature", "geometry": {"type": "Point", "crs": {"type": "name", "properties": {"name": "EPSG:26191"}}, "coordinates": [522360.639600001, 411388.548799999]}, "properties": {"node_id": 600, "degree": 2, "node_type": "PASSAGE"}}, {"type": "Feature", "geometry": {"type": "Point", "crs": {"type": "name", "properties": {"name": "EPSG:26191"}}, "coordinates": [513358.427100003, 396055.959100001]}, "properties": {"node_id": 601, "degree": 2, "node_type": "PASSAGE"}}, {"type": "Feature", "geometry": {"type": "Point", "crs": {"type": "name", "properties": {"name": "EPSG:26191"}}, "coordinates": [484185.741287389, 440075.85380529]}, "properties": {"node_id": 602, "degree": 2, "node_type": "PASSAGE"}}, {"type": "Feature", "geometry": {"type": "Point", "crs": {"type": "name", "properties": {"name": "EPSG:26191"}}, "coordinates": [556471.434299998, 479554.562100001]}, "properties": {"node_id": 603, "degree": 1, "node_type": "ISOLE_DEGRE_1"}}, {"type": "Feature", "geometry": {"type": "Point", "crs": {"type": "name", "properties": {"name": "EPSG:26191"}}, "coordinates": [556951.470399998, 470106.034899998]}, "properties": {"node_id": 604, "degree": 2, "node_type": "PASSAGE"}}, {"type": "Feature", "geometry": {"type": "Point", "crs": {"type": "name", "properties": {"name": "EPSG:26191"}}, "coordinates": [485435.552735841, 441211.398864488]}, "properties": {"node_id": 605, "degree": 2, "node_type": "PASSAGE"}}, {"type": "Feature", "geometry": {"type": "Point", "crs": {"type": "name", "properties": {"name": "EPSG:26191"}}, "coordinates": [487112.304866521, 442673.878336712]}, "properties": {"node_id": 606, "degree": 2, "node_type": "PASSAGE"}}, {"type": "Feature", "geometry": {"type": "Point", "crs": {"type": "name", "properties": {"name": "EPSG:26191"}}, "coordinates": [574056.390799999, 442618.112500001]}, "properties": {"node_id": 607, "degree": 2, "node_type": "PASSAGE"}}, {"type": "Feature", "geometry": {"type": "Point", "crs": {"type": "name", "properties": {"name": "EPSG:26191"}}, "coordinates": [478189.922200002, 428691.689599998]}, "properties": {"node_id": 608, "degree": 2, "node_type": "PASSAGE"}}, {"type": "Feature", "geometry": {"type": "Point", "crs": {"type": "name", "properties": {"name": "EPSG:26191"}}, "coordinates": [480025.1127, 428194.302999999]}, "properties": {"node_id": 609, "degree": 2, "node_type": "PASSAGE"}}, {"type": "Feature", "geometry": {"type": "Point", "crs": {"type": "name", "properties": {"name": "EPSG:26191"}}, "coordinates": [496399.812299997, 389880.230999999]}, "properties": {"node_id": 610, "degree": 1, "node_type": "ISOLE_DEGRE_1"}}, {"type": "Feature", "geometry": {"type": "Point", "crs": {"type": "name", "properties": {"name": "EPSG:26191"}}, "coordinates": [494288.157200001, 395476.841699999]}, "properties": {"node_id": 611, "degree": 2, "node_type": "PASSAGE"}}, {"type": "Feature", "geometry": {"type": "Point", "crs": {"type": "name", "properties": {"name": "EPSG:26191"}}, "coordinates": [491693.817500003, 399513.051600002]}, "properties": {"node_id": 612, "degree": 2, "node_type": "PASSAGE"}}, {"type": "Feature", "geometry": {"type": "Point", "crs": {"type": "name", "properties": {"name": "EPSG:26191"}}, "coordinates": [494449.494199999, 403924.2038]}, "properties": {"node_id": 613, "degree": 2, "node_type": "PASSAGE"}}, {"type": "Feature", "geometry": {"type": "Point", "crs": {"type": "name", "properties": {"name": "EPSG:26191"}}, "coordinates": [488760.310826513, 445102.226194774]}, "properties": {"node_id": 614, "degree": 2, "node_type": "PASSAGE"}}, {"type": "Feature", "geometry": {"type": "Point", "crs": {"type": "name", "properties": {"name": "EPSG:26191"}}, "coordinates": [496434.353100002, 408634.657499999]}, "properties": {"node_id": 615, "degree": 1, "node_type": "ISOLE_DEGRE_1"}}, {"type": "Feature", "geometry": {"type": "Point", "crs": {"type": "name", "properties": {"name": "EPSG:26191"}}, "coordinates": [519798.102499999, 387713.602400001]}, "properties": {"node_id": 616, "degree": 1, "node_type": "ISOLE_DEGRE_1"}}, {"type": "Feature", "geometry": {"type": "Point", "crs": {"type": "name", "properties": {"name": "EPSG:26191"}}, "coordinates": [460124.2443, 431766.6952]}, "properties": {"node_id": 617, "degree": 1, "node_type": "ISOLE_DEGRE_1"}}, {"type": "Feature", "geometry": {"type": "Point", "crs": {"type": "name", "properties": {"name": "EPSG:26191"}}, "coordinates": [484372.516719678, 455422.713895167]}, "properties": {"node_id": 618, "degree": 2, "node_type": "PASSAGE"}}, {"type": "Feature", "geometry": {"type": "Point", "crs": {"type": "name", "properties": {"name": "EPSG:26191"}}, "coordinates": [486149.79084804, 458299.085434584]}, "properties": {"node_id": 619, "degree": 2, "node_type": "PASSAGE"}}, {"type": "Feature", "geometry": {"type": "Point", "crs": {"type": "name", "properties": {"name": "EPSG:26191"}}, "coordinates": [488727.182815835, 461195.975822306]}, "properties": {"node_id": 620, "degree": 2, "node_type": "PASSAGE"}}, {"type": "Feature", "geometry": {"type": "Point", "crs": {"type": "name", "properties": {"name": "EPSG:26191"}}, "coordinates": [490911.250500001, 462431.162799999]}, "properties": {"node_id": 621, "degree": 1, "node_type": "ISOLE_DEGRE_1"}}, {"type": "Feature", "geometry": {"type": "Point", "crs": {"type": "name", "properties": {"name": "EPSG:26191"}}, "coordinates": [502479.294699997, 463224.9038]}, "properties": {"node_id": 622, "degree": 1, "node_type": "ISOLE_DEGRE_1"}}, {"type": "Feature", "geometry": {"type": "Point", "crs": {"type": "name", "properties": {"name": "EPSG:26191"}}, "coordinates": [500476.457999997, 463187.355599999]}, "properties": {"node_id": 623, "degree": 3, "node_type": "CONFLUENCE_BIFURCATION"}}, {"type": "Feature", "geometry": {"type": "Point", "crs": {"type": "name", "properties": {"name": "EPSG:26191"}}, "coordinates": [499231.463692145, 461966.206516078]}, "properties": {"node_id": 624, "degree": 2, "node_type": "PASSAGE"}}, {"type": "Feature", "geometry": {"type": "Point", "crs": {"type": "name", "properties": {"name": "EPSG:26191"}}, "coordinates": [399683.101999998, 417583.606800001]}, "properties": {"node_id": 625, "degree": 2, "node_type": "PASSAGE"}}, {"type": "Feature", "geometry": {"type": "Point", "crs": {"type": "name", "properties": {"name": "EPSG:26191"}}, "coordinates": [401779.335299998, 421196.337400001]}, "properties": {"node_id": 626, "degree": 2, "node_type": "PASSAGE"}}, {"type": "Feature", "geometry": {"type": "Point", "crs": {"type": "name", "properties": {"name": "EPSG:26191"}}, "coordinates": [495807.160159402, 456940.340433065]}, "properties": {"node_id": 627, "degree": 2, "node_type": "PASSAGE"}}, {"type": "Feature", "geometry": {"type": "Point", "crs": {"type": "name", "properties": {"name": "EPSG:26191"}}, "coordinates": [497622.575948177, 458900.779980724]}, "properties": {"node_id": 628, "degree": 2, "node_type": "PASSAGE"}}, {"type": "Feature", "geometry": {"type": "Point", "crs": {"type": "name", "properties": {"name": "EPSG:26191"}}, "coordinates": [500849.392399996, 464327.295200001]}, "properties": {"node_id": 629, "degree": 1, "node_type": "ISOLE_DEGRE_1"}}, {"type": "Feature", "geometry": {"type": "Point", "crs": {"type": "name", "properties": {"name": "EPSG:26191"}}, "coordinates": [572417.379400007, 438492.510500003]}, "properties": {"node_id": 630, "degree": 2, "node_type": "PASSAGE"}}, {"type": "Feature", "geometry": {"type": "Point", "crs": {"type": "name", "properties": {"name": "EPSG:26191"}}, "coordinates": [571639.001400009, 431348.715000004]}, "properties": {"node_id": 631, "degree": 2, "node_type": "PASSAGE"}}, {"type": "Feature", "geometry": {"type": "Point", "crs": {"type": "name", "properties": {"name": "EPSG:26191"}}, "coordinates": [513827.497599997, 484925.6074]}, "properties": {"node_id": 632, "degree": 1, "node_type": "ISOLE_DEGRE_1"}}, {"type": "Feature", "geometry": {"type": "Point", "crs": {"type": "name", "properties": {"name": "EPSG:26191"}}, "coordinates": [514095.011100002, 479852.751600001]}, "properties": {"node_id": 633, "degree": 2, "node_type": "PASSAGE"}}, {"type": "Feature", "geometry": {"type": "Point", "crs": {"type": "name", "properties": {"name": "EPSG:26191"}}, "coordinates": [516816.054499999, 476756.680800006]}, "properties": {"node_id": 634, "degree": 2, "node_type": "PASSAGE"}}, {"type": "Feature", "geometry": {"type": "Point", "crs": {"type": "name", "properties": {"name": "EPSG:26191"}}, "coordinates": [518968.327000025, 470796.112900048]}, "properties": {"node_id": 635, "degree": 3, "node_type": "CONFLUENCE_BIFURCATION"}}, {"type": "Feature", "geometry": {"type": "Point", "crs": {"type": "name", "properties": {"name": "EPSG:26191"}}, "coordinates": [402381.173799999, 423571.715500001]}, "properties": {"node_id": 636, "degree": 2, "node_type": "PASSAGE"}}, {"type": "Feature", "geometry": {"type": "Point", "crs": {"type": "name", "properties": {"name": "EPSG:26191"}}, "coordinates": [510152.845100008, 477834.193500008]}, "properties": {"node_id": 637, "degree": 1, "node_type": "ISOLE_DEGRE_1"}}, {"type": "Feature", "geometry": {"type": "Point", "crs": {"type": "name", "properties": {"name": "EPSG:26191"}}, "coordinates": [512451.3125, 471280.719700001]}, "properties": {"node_id": 638, "degree": 2, "node_type": "PASSAGE"}}, {"type": "Feature", "geometry": {"type": "Point", "crs": {"type": "name", "properties": {"name": "EPSG:26191"}}, "coordinates": [519579.3477, 453152.245500002]}, "properties": {"node_id": 639, "degree": 2, "node_type": "PASSAGE"}}, {"type": "Feature", "geometry": {"type": "Point", "crs": {"type": "name", "properties": {"name": "EPSG:26191"}}, "coordinates": [519742.081299998, 457621.2795]}, "properties": {"node_id": 640, "degree": 2, "node_type": "PASSAGE"}}, {"type": "Feature", "geometry": {"type": "Point", "crs": {"type": "name", "properties": {"name": "EPSG:26191"}}, "coordinates": [516387.880199999, 459020.208900001]}, "properties": {"node_id": 641, "degree": 2, "node_type": "PASSAGE"}}, {"type": "Feature", "geometry": {"type": "Point", "crs": {"type": "name", "properties": {"name": "EPSG:26191"}}, "coordinates": [475332.546400003, 421939.571899999]}, "properties": {"node_id": 642, "degree": 2, "node_type": "PASSAGE"}}, {"type": "Feature", "geometry": {"type": "Point", "crs": {"type": "name", "properties": {"name": "EPSG:26191"}}, "coordinates": [516174.505400002, 462421.9494]}, "properties": {"node_id": 643, "degree": 2, "node_type": "PASSAGE"}}, {"type": "Feature", "geometry": {"type": "Point", "crs": {"type": "name", "properties": {"name": "EPSG:26191"}}, "coordinates": [513941.163199998, 468021.928300004]}, "properties": {"node_id": 644, "degree": 2, "node_type": "PASSAGE"}}, {"type": "Feature", "geometry": {"type": "Point", "crs": {"type": "name", "properties": {"name": "EPSG:26191"}}, "coordinates": [617248.351899996, 462273.643399999]}, "properties": {"node_id": 645, "degree": 2, "node_type": "PASSAGE"}}, {"type": "Feature", "geometry": {"type": "Point", "crs": {"type": "name", "properties": {"name": "EPSG:26191"}}, "coordinates": [618116.537299998, 458634.084899999]}, "properties": {"node_id": 646, "degree": 2, "node_type": "PASSAGE"}}, {"type": "Feature", "geometry": {"type": "Point", "crs": {"type": "name", "properties": {"name": "EPSG:26191"}}, "coordinates": [539855.935000002, 487299.6107]}, "properties": {"node_id": 647, "degree": 1, "node_type": "ISOLE_DEGRE_1"}}, {"type": "Feature", "geometry": {"type": "Point", "crs": {"type": "name", "properties": {"name": "EPSG:26191"}}, "coordinates": [539891.256800003, 483551.003899999]}, "properties": {"node_id": 648, "degree": 2, "node_type": "PASSAGE"}}, {"type": "Feature", "geometry": {"type": "Point", "crs": {"type": "name", "properties": {"name": "EPSG:26191"}}, "coordinates": [536423.285400003, 481251.0867]}, "properties": {"node_id": 649, "degree": 2, "node_type": "PASSAGE"}}, {"type": "Feature", "geometry": {"type": "Point", "crs": {"type": "name", "properties": {"name": "EPSG:26191"}}, "coordinates": [532535.695100002, 481568.111400001]}, "properties": {"node_id": 650, "degree": 3, "node_type": "CONFLUENCE_BIFURCATION"}}, {"type": "Feature", "geometry": {"type": "Point", "crs": {"type": "name", "properties": {"name": "EPSG:26191"}}, "coordinates": [575343.716899998, 454004.3959]}, "properties": {"node_id": 651, "degree": 2, "node_type": "PASSAGE"}}, {"type": "Feature", "geometry": {"type": "Point", "crs": {"type": "name", "properties": {"name": "EPSG:26191"}}, "coordinates": [572922.993600003, 458032.173900001]}, "properties": {"node_id": 652, "degree": 1, "node_type": "ISOLE_DEGRE_1"}}, {"type": "Feature", "geometry": {"type": "Point", "crs": {"type": "name", "properties": {"name": "EPSG:26191"}}, "coordinates": [571639.115121847, 431348.811536438]}, "properties": {"node_id": 653, "degree": 1, "node_type": "ISOLE_DEGRE_1"}}, {"type": "Feature", "geometry": {"type": "Point", "crs": {"type": "name", "properties": {"name": "EPSG:26191"}}, "coordinates": [574896.580899998, 434159.717999998]}, "properties": {"node_id": 654, "degree": 2, "node_type": "PASSAGE"}}, {"type": "Feature", "geometry": {"type": "Point", "crs": {"type": "name", "properties": {"name": "EPSG:26191"}}, "coordinates": [469160.755800001, 422241.891800001]}, "properties": {"node_id": 655, "degree": 2, "node_type": "PASSAGE"}}, {"type": "Feature", "geometry": {"type": "Point", "crs": {"type": "name", "properties": {"name": "EPSG:26191"}}, "coordinates": [544015.247800008, 448881.005399998]}, "properties": {"node_id": 656, "degree": 2, "node_type": "PASSAGE"}}, {"type": "Feature", "geometry": {"type": "Point", "crs": {"type": "name", "properties": {"name": "EPSG:26191"}}, "coordinates": [541948.090800002, 438970.000100005]}, "properties": {"node_id": 657, "degree": 3, "node_type": "CONFLUENCE_BIFURCATION"}}, {"type": "Feature", "geometry": {"type": "Point", "crs": {"type": "name", "properties": {"name": "EPSG:26191"}}, "coordinates": [542389.587899998, 453828.408599999]}, "properties": {"node_id": 658, "degree": 2, "node_type": "PASSAGE"}}, {"type": "Feature", "geometry": {"type": "Point", "crs": {"type": "name", "properties": {"name": "EPSG:26191"}}, "coordinates": [545359.178900003, 450949.272500001]}, "properties": {"node_id": 659, "degree": 2, "node_type": "PASSAGE"}}, {"type": "Feature", "geometry": {"type": "Point", "crs": {"type": "name", "properties": {"name": "EPSG:26191"}}, "coordinates": [541214.836499996, 457338.740499999]}, "properties": {"node_id": 660, "degree": 2, "node_type": "PASSAGE"}}, {"type": "Feature", "geometry": {"type": "Point", "crs": {"type": "name", "properties": {"name": "EPSG:26191"}}, "coordinates": [539202.890500002, 460988.730700001]}, "properties": {"node_id": 661, "degree": 2, "node_type": "PASSAGE"}}, {"type": "Feature", "geometry": {"type": "Point", "crs": {"type": "name", "properties": {"name": "EPSG:26191"}}, "coordinates": [539780.080300003, 464859.036600001]}, "properties": {"node_id": 662, "degree": 2, "node_type": "PASSAGE"}}, {"type": "Feature", "geometry": {"type": "Point", "crs": {"type": "name", "properties": {"name": "EPSG:26191"}}, "coordinates": [541626.140900008, 474407.505500004]}, "properties": {"node_id": 663, "degree": 2, "node_type": "PASSAGE"}}, {"type": "Feature", "geometry": {"type": "Point", "crs": {"type": "name", "properties": {"name": "EPSG:26191"}}, "coordinates": [484493.215099998, 420004.418299999]}, "properties": {"node_id": 664, "degree": 2, "node_type": "PASSAGE"}}, {"type": "Feature", "geometry": {"type": "Point", "crs": {"type": "name", "properties": {"name": "EPSG:26191"}}, "coordinates": [542759.882600002, 477064.576499999]}, "properties": {"node_id": 665, "degree": 2, "node_type": "PASSAGE"}}, {"type": "Feature", "geometry": {"type": "Point", "crs": {"type": "name", "properties": {"name": "EPSG:26191"}}, "coordinates": [558253.803099997, 474324.6316]}, "properties": {"node_id": 666, "degree": 1, "node_type": "ISOLE_DEGRE_1"}}, {"type": "Feature", "geometry": {"type": "Point", "crs": {"type": "name", "properties": {"name": "EPSG:26191"}}, "coordinates": [555681.885400005, 438217.160700001]}, "properties": {"node_id": 667, "degree": 2, "node_type": "PASSAGE"}}, {"type": "Feature", "geometry": {"type": "Point", "crs": {"type": "name", "properties": {"name": "EPSG:26191"}}, "coordinates": [551082.870100006, 433814.923100002]}, "properties": {"node_id": 668, "degree": 3, "node_type": "CONFLUENCE_BIFURCATION"}}, {"type": "Feature", "geometry": {"type": "Point", "crs": {"type": "name", "properties": {"name": "EPSG:26191"}}, "coordinates": [556195.539899997, 442353.144099999]}, "properties": {"node_id": 669, "degree": 2, "node_type": "PASSAGE"}}, {"type": "Feature", "geometry": {"type": "Point", "crs": {"type": "name", "properties": {"name": "EPSG:26191"}}, "coordinates": [488178.656999998, 430373.467600003]}, "properties": {"node_id": 670, "degree": 2, "node_type": "PASSAGE"}}, {"type": "Feature", "geometry": {"type": "Point", "crs": {"type": "name", "properties": {"name": "EPSG:26191"}}, "coordinates": [558210.536000006, 448785.105500005]}, "properties": {"node_id": 671, "degree": 2, "node_type": "PASSAGE"}}, {"type": "Feature", "geometry": {"type": "Point", "crs": {"type": "name", "properties": {"name": "EPSG:26191"}}, "coordinates": [509147.525600001, 457521.0339]}, "properties": {"node_id": 672, "degree": 1, "node_type": "ISOLE_DEGRE_1"}}, {"type": "Feature", "geometry": {"type": "Point", "crs": {"type": "name", "properties": {"name": "EPSG:26191"}}, "coordinates": [511006.065800004, 453179.996100001]}, "properties": {"node_id": 673, "degree": 2, "node_type": "PASSAGE"}}, {"type": "Feature", "geometry": {"type": "Point", "crs": {"type": "name", "properties": {"name": "EPSG:26191"}}, "coordinates": [513603.891999997, 441939.450599998]}, "properties": {"node_id": 674, "degree": 2, "node_type": "PASSAGE"}}, {"type": "Feature", "geometry": {"type": "Point", "crs": {"type": "name", "properties": {"name": "EPSG:26191"}}, "coordinates": [511631.2073, 444992.1039]}, "properties": {"node_id": 675, "degree": 2, "node_type": "PASSAGE"}}, {"type": "Feature", "geometry": {"type": "Point", "crs": {"type": "name", "properties": {"name": "EPSG:26191"}}, "coordinates": [509994.744800001, 448755.369600002]}, "properties": {"node_id": 676, "degree": 2, "node_type": "PASSAGE"}}, {"type": "Feature", "geometry": {"type": "Point", "crs": {"type": "name", "properties": {"name": "EPSG:26191"}}, "coordinates": [614908.252300002, 465707.701699998]}, "properties": {"node_id": 677, "degree": 1, "node_type": "ISOLE_DEGRE_1"}}, {"type": "Feature", "geometry": {"type": "Point", "crs": {"type": "name", "properties": {"name": "EPSG:26191"}}, "coordinates": [615443.583500005, 451741.6554]}, "properties": {"node_id": 678, "degree": 2, "node_type": "PASSAGE"}}, {"type": "Feature", "geometry": {"type": "Point", "crs": {"type": "name", "properties": {"name": "EPSG:26191"}}, "coordinates": [584071.699900016, 442808.154500004]}, "properties": {"node_id": 679, "degree": 2, "node_type": "PASSAGE"}}, {"type": "Feature", "geometry": {"type": "Point", "crs": {"type": "name", "properties": {"name": "EPSG:26191"}}, "coordinates": [601198.069499999, 448086.667800002]}, "properties": {"node_id": 680, "degree": 3, "node_type": "CONFLUENCE_BIFURCATION"}}, {"type": "Feature", "geometry": {"type": "Point", "crs": {"type": "name", "properties": {"name": "EPSG:26191"}}, "coordinates": [601491.959300004, 454512.160800006]}, "properties": {"node_id": 681, "degree": 2, "node_type": "PASSAGE"}}, {"type": "Feature", "geometry": {"type": "Point", "crs": {"type": "name", "properties": {"name": "EPSG:26191"}}, "coordinates": [598922.505999997, 458345.607099999]}, "properties": {"node_id": 682, "degree": 2, "node_type": "PASSAGE"}}, {"type": "Feature", "geometry": {"type": "Point", "crs": {"type": "name", "properties": {"name": "EPSG:26191"}}, "coordinates": [591812.892899998, 462292.154599998]}, "properties": {"node_id": 683, "degree": 2, "node_type": "PASSAGE"}}, {"type": "Feature", "geometry": {"type": "Point", "crs": {"type": "name", "properties": {"name": "EPSG:26191"}}, "coordinates": [592760.928999998, 468161.102600008]}, "properties": {"node_id": 684, "degree": 2, "node_type": "PASSAGE"}}, {"type": "Feature", "geometry": {"type": "Point", "crs": {"type": "name", "properties": {"name": "EPSG:26191"}}, "coordinates": [594853.371100001, 461513.749899998]}, "properties": {"node_id": 685, "degree": 2, "node_type": "PASSAGE"}}, {"type": "Feature", "geometry": {"type": "Point", "crs": {"type": "name", "properties": {"name": "EPSG:26191"}}, "coordinates": [598320.694499999, 461274.085900001]}, "properties": {"node_id": 686, "degree": 2, "node_type": "PASSAGE"}}, {"type": "Feature", "geometry": {"type": "Point", "crs": {"type": "name", "properties": {"name": "EPSG:26191"}}, "coordinates": [591442.841499999, 471701.818399999]}, "properties": {"node_id": 687, "degree": 2, "node_type": "PASSAGE"}}, {"type": "Feature", "geometry": {"type": "Point", "crs": {"type": "name", "properties": {"name": "EPSG:26191"}}, "coordinates": [589507.656400002, 471489.259300001]}, "properties": {"node_id": 688, "degree": 1, "node_type": "ISOLE_DEGRE_1"}}, {"type": "Feature", "geometry": {"type": "Point", "crs": {"type": "name", "properties": {"name": "EPSG:26191"}}, "coordinates": [492195.147600003, 429803.921300005]}, "properties": {"node_id": 689, "degree": 2, "node_type": "PASSAGE"}}, {"type": "Feature", "geometry": {"type": "Point", "crs": {"type": "name", "properties": {"name": "EPSG:26191"}}, "coordinates": [502908.602499999, 431123.764500007]}, "properties": {"node_id": 690, "degree": 2, "node_type": "PASSAGE"}}, {"type": "Feature", "geometry": {"type": "Point", "crs": {"type": "name", "properties": {"name": "EPSG:26191"}}, "coordinates": [524872.069100007, 458258.610700008]}, "properties": {"node_id": 691, "degree": 2, "node_type": "PASSAGE"}}, {"type": "Feature", "geometry": {"type": "Point", "crs": {"type": "name", "properties": {"name": "EPSG:26191"}}, "coordinates": [526989.527599998, 450791.419300001]}, "properties": {"node_id": 692, "degree": 2, "node_type": "PASSAGE"}}, {"type": "Feature", "geometry": {"type": "Point", "crs": {"type": "name", "properties": {"name": "EPSG:26191"}}, "coordinates": [526312.571800001, 454161.608100001]}, "properties": {"node_id": 693, "degree": 2, "node_type": "PASSAGE"}}, {"type": "Feature", "geometry": {"type": "Point", "crs": {"type": "name", "properties": {"name": "EPSG:26191"}}, "coordinates": [466594.742399998, 424591.6318]}, "properties": {"node_id": 694, "degree": 1, "node_type": "ISOLE_DEGRE_1"}}, {"type": "Feature", "geometry": {"type": "Point", "crs": {"type": "name", "properties": {"name": "EPSG:26191"}}, "coordinates": [469512.679499999, 426741.8499]}, "properties": {"node_id": 695, "degree": 2, "node_type": "PASSAGE"}}, {"type": "Feature", "geometry": {"type": "Point", "crs": {"type": "name", "properties": {"name": "EPSG:26191"}}, "coordinates": [474112.599200003, 426604.651100002]}, "properties": {"node_id": 696, "degree": 2, "node_type": "PASSAGE"}}, {"type": "Feature", "geometry": {"type": "Point", "crs": {"type": "name", "properties": {"name": "EPSG:26191"}}, "coordinates": [545013.304700002, 435809.7575]}, "properties": {"node_id": 697, "degree": 2, "node_type": "PASSAGE"}}, {"type": "Feature", "geometry": {"type": "Point", "crs": {"type": "name", "properties": {"name": "EPSG:26191"}}, "coordinates": [610918.970799997, 448461.537]}, "properties": {"node_id": 698, "degree": 1, "node_type": "ISOLE_DEGRE_1"}}, {"type": "Feature", "geometry": {"type": "Point", "crs": {"type": "name", "properties": {"name": "EPSG:26191"}}, "coordinates": [607490.932099998, 446293.183699999]}, "properties": {"node_id": 699, "degree": 2, "node_type": "PASSAGE"}}, {"type": "Feature", "geometry": {"type": "Point", "crs": {"type": "name", "properties": {"name": "EPSG:26191"}}, "coordinates": [602091.023400001, 446194.2925]}, "properties": {"node_id": 700, "degree": 2, "node_type": "PASSAGE"}}, {"type": "Feature", "geometry": {"type": "Point", "crs": {"type": "name", "properties": {"name": "EPSG:26191"}}, "coordinates": [604506.665899999, 445529.339699998]}, "properties": {"node_id": 701, "degree": 2, "node_type": "PASSAGE"}}, {"type": "Feature", "geometry": {"type": "Point", "crs": {"type": "name", "properties": {"name": "EPSG:26191"}}, "coordinates": [610924.424599998, 448461.600200005]}, "properties": {"node_id": 702, "degree": 1, "node_type": "ISOLE_DEGRE_1"}}, {"type": "Feature", "geometry": {"type": "Point", "crs": {"type": "name", "properties": {"name": "EPSG:26191"}}, "coordinates": [566044.181100003, 444207.511599999]}, "properties": {"node_id": 703, "degree": 2, "node_type": "PASSAGE"}}, {"type": "Feature", "geometry": {"type": "Point", "crs": {"type": "name", "properties": {"name": "EPSG:26191"}}, "coordinates": [567026.760499999, 440485.127300002]}, "properties": {"node_id": 704, "degree": 2, "node_type": "PASSAGE"}}, {"type": "Feature", "geometry": {"type": "Point", "crs": {"type": "name", "properties": {"name": "EPSG:26191"}}, "coordinates": [559121.737099998, 432912.463]}, "properties": {"node_id": 705, "degree": 3, "node_type": "CONFLUENCE_BIFURCATION"}}, {"type": "Feature", "geometry": {"type": "Point", "crs": {"type": "name", "properties": {"name": "EPSG:26191"}}, "coordinates": [567528.425800003, 456769.1435]}, "properties": {"node_id": 706, "degree": 1, "node_type": "ISOLE_DEGRE_1"}}, {"type": "Feature", "geometry": {"type": "Point", "crs": {"type": "name", "properties": {"name": "EPSG:26191"}}, "coordinates": [564799.651900001, 453447.1811]}, "properties": {"node_id": 707, "degree": 2, "node_type": "PASSAGE"}}, {"type": "Feature", "geometry": {"type": "Point", "crs": {"type": "name", "properties": {"name": "EPSG:26191"}}, "coordinates": [565746.776199996, 446673.515299998]}, "properties": {"node_id": 708, "degree": 2, "node_type": "PASSAGE"}}, {"type": "Feature", "geometry": {"type": "Point", "crs": {"type": "name", "properties": {"name": "EPSG:26191"}}, "coordinates": [563620.1686, 450370.327199999]}, "properties": {"node_id": 709, "degree": 2, "node_type": "PASSAGE"}}, {"type": "Feature", "geometry": {"type": "Point", "crs": {"type": "name", "properties": {"name": "EPSG:26191"}}, "coordinates": [531076.975500002, 478251.740499999]}, "properties": {"node_id": 710, "degree": 2, "node_type": "PASSAGE"}}, {"type": "Feature", "geometry": {"type": "Point", "crs": {"type": "name", "properties": {"name": "EPSG:26191"}}, "coordinates": [519222.885600001, 472220.354699999]}, "properties": {"node_id": 711, "degree": 2, "node_type": "PASSAGE"}}, {"type": "Feature", "geometry": {"type": "Point", "crs": {"type": "name", "properties": {"name": "EPSG:26191"}}, "coordinates": [525138.86280001, 473698.771899998]}, "properties": {"node_id": 712, "degree": 2, "node_type": "PASSAGE"}}, {"type": "Feature", "geometry": {"type": "Point", "crs": {"type": "name", "properties": {"name": "EPSG:26191"}}, "coordinates": [555389.6303, 432476.4395]}, "properties": {"node_id": 713, "degree": 2, "node_type": "PASSAGE"}}, {"type": "Feature", "geometry": {"type": "Point", "crs": {"type": "name", "properties": {"name": "EPSG:26191"}}, "coordinates": [551559.749600001, 432625.2586]}, "properties": {"node_id": 714, "degree": 2, "node_type": "PASSAGE"}}, {"type": "Feature", "geometry": {"type": "Point", "crs": {"type": "name", "properties": {"name": "EPSG:26191"}}, "coordinates": [521208.432400003, 493452.408]}, "properties": {"node_id": 715, "degree": 1, "node_type": "ISOLE_DEGRE_1"}}, {"type": "Feature", "geometry": {"type": "Point", "crs": {"type": "name", "properties": {"name": "EPSG:26191"}}, "coordinates": [525221.302000001, 491415.695099998]}, "properties": {"node_id": 716, "degree": 2, "node_type": "PASSAGE"}}, {"type": "Feature", "geometry": {"type": "Point", "crs": {"type": "name", "properties": {"name": "EPSG:26191"}}, "coordinates": [530712.905199997, 485406.623399999]}, "properties": {"node_id": 717, "degree": 2, "node_type": "PASSAGE"}}, {"type": "Feature", "geometry": {"type": "Point", "crs": {"type": "name", "properties": {"name": "EPSG:26191"}}, "coordinates": [419988.392399996, 474107.500399999]}, "properties": {"node_id": 718, "degree": 3, "node_type": "CONFLUENCE_BIFURCATION"}}, {"type": "Feature", "geometry": {"type": "Point", "crs": {"type": "name", "properties": {"name": "EPSG:26191"}}, "coordinates": [419683.786200002, 474222.987799998]}, "properties": {"node_id": 719, "degree": 2, "node_type": "PASSAGE"}}, {"type": "Feature", "geometry": {"type": "Point", "crs": {"type": "name", "properties": {"name": "EPSG:26191"}}, "coordinates": [417734.506899998, 474377.063900001]}, "properties": {"node_id": 720, "degree": 1, "node_type": "ISOLE_DEGRE_1"}}, {"type": "Feature", "geometry": {"type": "Point", "crs": {"type": "name", "properties": {"name": "EPSG:26191"}}, "coordinates": [564013.192300014, 427907.081799999]}, "properties": {"node_id": 721, "degree": 2, "node_type": "PASSAGE"}}, {"type": "Feature", "geometry": {"type": "Point", "crs": {"type": "name", "properties": {"name": "EPSG:26191"}}, "coordinates": [560054.608599998, 432604.300099999]}, "properties": {"node_id": 722, "degree": 2, "node_type": "PASSAGE"}}, {"type": "Feature", "geometry": {"type": "Point", "crs": {"type": "name", "properties": {"name": "EPSG:26191"}}, "coordinates": [562828.309500001, 431555.278999999]}, "properties": {"node_id": 723, "degree": 2, "node_type": "PASSAGE"}}, {"type": "Feature", "geometry": {"type": "Point", "crs": {"type": "name", "properties": {"name": "EPSG:26191"}}, "coordinates": [435060.422300003, 472926.862199999]}, "properties": {"node_id": 724, "degree": 1, "node_type": "ISOLE_DEGRE_1"}}, {"type": "Feature", "geometry": {"type": "Point", "crs": {"type": "name", "properties": {"name": "EPSG:26191"}}, "coordinates": [431195.762000002, 471992.774900001]}, "properties": {"node_id": 725, "degree": 2, "node_type": "PASSAGE"}}, {"type": "Feature", "geometry": {"type": "Point", "crs": {"type": "name", "properties": {"name": "EPSG:26191"}}, "coordinates": [428057.319700003, 472352.156399999]}, "properties": {"node_id": 726, "degree": 2, "node_type": "PASSAGE"}}, {"type": "Feature", "geometry": {"type": "Point", "crs": {"type": "name", "properties": {"name": "EPSG:26191"}}, "coordinates": [457807.675999999, 469627.015000001]}, "properties": {"node_id": 727, "degree": 1, "node_type": "ISOLE_DEGRE_1"}}, {"type": "Feature", "geometry": {"type": "Point", "crs": {"type": "name", "properties": {"name": "EPSG:26191"}}, "coordinates": [421071.116099998, 473693.904399998]}, "properties": {"node_id": 728, "degree": 2, "node_type": "PASSAGE"}}, {"type": "Feature", "geometry": {"type": "Point", "crs": {"type": "name", "properties": {"name": "EPSG:26191"}}, "coordinates": [430824.916900001, 456766.9685]}, "properties": {"node_id": 729, "degree": 2, "node_type": "PASSAGE"}}, {"type": "Feature", "geometry": {"type": "Point", "crs": {"type": "name", "properties": {"name": "EPSG:26191"}}, "coordinates": [415406.403999999, 458112.2108]}, "properties": {"node_id": 730, "degree": 2, "node_type": "PASSAGE"}}, {"type": "Feature", "geometry": {"type": "Point", "crs": {"type": "name", "properties": {"name": "EPSG:26191"}}, "coordinates": [417118.3028, 466976.285599999]}, "properties": {"node_id": 731, "degree": 2, "node_type": "PASSAGE"}}, {"type": "Feature", "geometry": {"type": "Point", "crs": {"type": "name", "properties": {"name": "EPSG:26191"}}, "coordinates": [419445.653499998, 470572.3983]}, "properties": {"node_id": 732, "degree": 2, "node_type": "PASSAGE"}}, {"type": "Feature", "geometry": {"type": "Point", "crs": {"type": "name", "properties": {"name": "EPSG:26191"}}, "coordinates": [442621.501800001, 455496.839700002]}, "properties": {"node_id": 733, "degree": 2, "node_type": "PASSAGE"}}, {"type": "Feature", "geometry": {"type": "Point", "crs": {"type": "name", "properties": {"name": "EPSG:26191"}}, "coordinates": [446657.760700002, 460267.225900002]}, "properties": {"node_id": 734, "degree": 2, "node_type": "PASSAGE"}}, {"type": "Feature", "geometry": {"type": "Point", "crs": {"type": "name", "properties": {"name": "EPSG:26191"}}, "coordinates": [437224.0299, 443656.316]}, "properties": {"node_id": 735, "degree": 2, "node_type": "PASSAGE"}}, {"type": "Feature", "geometry": {"type": "Point", "crs": {"type": "name", "properties": {"name": "EPSG:26191"}}, "coordinates": [434040.329899996, 445251.184099998]}, "properties": {"node_id": 736, "degree": 2, "node_type": "PASSAGE"}}, {"type": "Feature", "geometry": {"type": "Point", "crs": {"type": "name", "properties": {"name": "EPSG:26191"}}, "coordinates": [440968.956900001, 442986.620099999]}, "properties": {"node_id": 737, "degree": 2, "node_type": "PASSAGE"}}, {"type": "Feature", "geometry": {"type": "Point", "crs": {"type": "name", "properties": {"name": "EPSG:26191"}}, "coordinates": [443728.615000002, 441275.2038]}, "properties": {"node_id": 738, "degree": 2, "node_type": "PASSAGE"}}, {"type": "Feature", "geometry": {"type": "Point", "crs": {"type": "name", "properties": {"name": "EPSG:26191"}}, "coordinates": [447578.552100003, 441525.8935]}, "properties": {"node_id": 739, "degree": 2, "node_type": "PASSAGE"}}, {"type": "Feature", "geometry": {"type": "Point", "crs": {"type": "name", "properties": {"name": "EPSG:26191"}}, "coordinates": [431806.6866, 445457.014400002]}, "properties": {"node_id": 740, "degree": 2, "node_type": "PASSAGE"}}]}