review_id,run_id,source_layer,source_id,source_name,source_type,master_site_id_candidate,master_site_name,master_site_type,distance_m,score,confidence_level,conflict_type,review_priority,recommended_decision,qa_reason,qa_color,qa_icon,risk_category,geometry_source_wkt,geometry_master_wkt,geometry_display_wkt,geom_wkt
a05d357c-1366-4c6d-a586-928c04040bb8,e60088e9-cf94-4e41-ae65-a5390866b4b8,infra.huilerie,381,Huilerie El Fehama,HUILERIE,baf80f31-3dba-44f1-ace3-2e0782d07f0c,Huilerie El Fehama,infra.huilerie_inventaire_pollution,0.0,0.74,MEDIUM_CONFIDENCE,DUPLICATE_EXACT,1,MANUAL_REVIEW_REQUIRED,distance=0.00m; nom=1.00; commune=0.00; priorite=4,#f59e0b,alert-triangle,MEDIUM_CONFIDENCE,POINT(468156 404001),POINT(468156 404001),POINT(468156 404001),POINT(468156 404001)
eca9ffba-0c5f-406c-9816-2535c0775894,e60088e9-cf94-4e41-ae65-a5390866b4b8,infra.huilerie,388,Huilerie Al Nassr,HUILERIE,c1840950-59d5-44f2-80a0-6dbcace78628,Huilerie Al Nassr,infra.huilerie_inventaire_pollution,0.0,0.74,MEDIUM_CONFIDENCE,DUPLICATE_EXACT,1,MANUAL_REVIEW_REQUIRED,distance=0.00m; nom=1.00; commune=0.00; priorite=4,#f59e0b,alert-triangle,MEDIUM_CONFIDENCE,POINT(465817 404472),POINT(465817 404472),POINT(465817 404472),POINT(465817 404472)
6383c9ea-17c3-4246-9fef-28d1b7c18276,e60088e9-cf94-4e41-ae65-a5390866b4b8,infra.huilerie,390,Huilerie Elhmad,HUILERIE,5b883c87-9dcb-423a-a580-cc157baf78c2,Huilerie Elhmad,infra.huilerie_inventaire_pollution,0.0,0.74,MEDIUM_CONFIDENCE,DUPLICATE_EXACT,1,MANUAL_REVIEW_REQUIRED,distance=0.00m; nom=1.00; commune=0.00; priorite=4,#f59e0b,alert-triangle,MEDIUM_CONFIDENCE,POINT(469661 400446),POINT(469661 400446),POINT(469661 400446),POINT(469661 400446)
17130bd5-cddd-4fea-88d8-73b562dc14b9,e60088e9-cf94-4e41-ae65-a5390866b4b8,infra.huilerie,95,Maasra Lamkhantar,HUILERIE,3e251efe-ed61-46c4-bcf0-c24a1f4cfbf3,Maasra Lamkhantar,infra.huilerie_inventaire_pollution,0.0,0.74,MEDIUM_CONFIDENCE,DUPLICATE_EXACT,1,MANUAL_REVIEW_REQUIRED,distance=0.00m; nom=1.00; commune=0.00; priorite=4,#f59e0b,alert-triangle,MEDIUM_CONFIDENCE,POINT(436192 348204),POINT(436192 348204),POINT(436192 348204),POINT(436192 348204)
202080e3-0230-41d3-b96b-7601c734de3a,e60088e9-cf94-4e41-ae65-a5390866b4b8,infra.huilerie,74,Huilerie El Berake,HUILERIE,37915bec-fa42-480f-960f-75b45ec5c0ac,Huilerie El Berake,infra.huilerie_inventaire_pollution,0.0,0.74,MEDIUM_CONFIDENCE,DUPLICATE_EXACT,1,MANUAL_REVIEW_REQUIRED,distance=0.00m; nom=1.00; commune=0.00; priorite=4,#f59e0b,alert-triangle,MEDIUM_CONFIDENCE,POINT(442685 374849),POINT(442685 374849),POINT(442685 374849),POINT(442685 374849)
0a35e544-1748-4bca-88a2-be34e8674400,e60088e9-cf94-4e41-ae65-a5390866b4b8,infra.huilerie,106,Huilerie SIKA,HUILERIE,d6af50c0-9637-4a85-bee0-ed2b388b9b89,Huilerie SIKA,infra.huilerie_inventaire_pollution,0.0,0.74,MEDIUM_CONFIDENCE,DUPLICATE_EXACT,1,MANUAL_REVIEW_REQUIRED,distance=0.00m; nom=1.00; commune=0.00; priorite=4,#f59e0b,alert-triangle,MEDIUM_CONFIDENCE,POINT(443180 375185),POINT(443180 375185),POINT(443180 375185),POINT(443180 375185)
ee6400db-b7d1-4c8b-bdba-4499055f2e75,e60088e9-cf94-4e41-ae65-a5390866b4b8,infra.huilerie,94,Huilerie Ben Zahra,HUILERIE,b3b6add1-1aea-48c7-a9ab-2a78ce08a5f9,Huilerie Ben Zahra,infra.huilerie_inventaire_pollution,0.0,0.74,MEDIUM_CONFIDENCE,DUPLICATE_EXACT,1,MANUAL_REVIEW_REQUIRED,distance=0.00m; nom=1.00; commune=0.00; priorite=4,#f59e0b,alert-triangle,MEDIUM_CONFIDENCE,POINT(467836 351861),POINT(467836 351861),POINT(467836 351861),POINT(467836 351861)
ba1c6794-b006-4000-9814-a53b8e21ba9b,e60088e9-cf94-4e41-ae65-a5390866b4b8,infra.huilerie,70,Moderne jerri,HUILERIE,ce833b55-92c4-44c8-8e14-2aa492ab0853,Moderne jerri,infra.huilerie_inventaire_pollution,0.0,0.74,MEDIUM_CONFIDENCE,DUPLICATE_EXACT,1,MANUAL_REVIEW_REQUIRED,distance=0.00m; nom=1.00; commune=0.00; priorite=4,#f59e0b,alert-triangle,MEDIUM_CONFIDENCE,POINT(470649 353337),POINT(470649 353337),POINT(470649 353337),POINT(470649 353337)
721ca07e-c2d6-435a-964f-4fc06ec93384,e60088e9-cf94-4e41-ae65-a5390866b4b8,infra.huilerie,71,Les deux domaine,HUILERIE,c9fb96a7-9c73-4fca-872f-e609acd14ff2,Les deux domaine,infra.huilerie_inventaire_pollution,0.0,0.74,MEDIUM_CONFIDENCE,DUPLICATE_EXACT,1,MANUAL_REVIEW_REQUIRED,distance=0.00m; nom=1.00; commune=0.00; priorite=4,#f59e0b,alert-triangle,MEDIUM_CONFIDENCE,POINT(469729 352186),POINT(469729 352186),POINT(469729 352186),POINT(469729 352186)
9a943ea0-c994-4d05-b5e5-e6d44222bb8b,e60088e9-cf94-4e41-ae65-a5390866b4b8,infra.huilerie,380,Huilerie Zagota,HUILERIE,18636ebf-a8ba-4697-8366-02b1f3df269f,Huilerie Zagota,infra.huilerie_inventaire_pollution,0.0,0.74,MEDIUM_CONFIDENCE,DUPLICATE_EXACT,1,MANUAL_REVIEW_REQUIRED,distance=0.00m; nom=1.00; commune=0.00; priorite=4,#f59e0b,alert-triangle,MEDIUM_CONFIDENCE,POINT(487386 396840),POINT(487386 396840),POINT(487386 396840),POINT(487386 396840)
91fc8acf-d9fc-46c7-a353-be880ffd6189,e60088e9-cf94-4e41-ae65-a5390866b4b8,infra.huilerie,386,Huilerie Bel Asri,HUILERIE,79aabec7-c096-4dcf-8e8d-8ffa7cdb05ec,Huilerie Bel Asri,infra.huilerie_inventaire_pollution,0.0,0.74,MEDIUM_CONFIDENCE,DUPLICATE_EXACT,1,MANUAL_REVIEW_REQUIRED,distance=0.00m; nom=1.00; commune=0.00; priorite=4,#f59e0b,alert-triangle,MEDIUM_CONFIDENCE,POINT(487995 396065),POINT(487995 396065),POINT(487995 396065),POINT(487995 396065)
f7dac1b3-9084-4d57-bcd0-4c3a6a2cf449,e60088e9-cf94-4e41-ae65-a5390866b4b8,infra.huilerie,387,Huilerie Ben Said,HUILERIE,bbc9d9c7-0c37-4810-acb6-5f40f28fd12c,Huilerie Ben Said,infra.huilerie_inventaire_pollution,0.0,0.74,MEDIUM_CONFIDENCE,DUPLICATE_EXACT,1,MANUAL_REVIEW_REQUIRED,distance=0.00m; nom=1.00; commune=0.00; priorite=4,#f59e0b,alert-triangle,MEDIUM_CONFIDENCE,POINT(488776 395842),POINT(488776 395842),POINT(488776 395842),POINT(488776 395842)
1894e7fe-48d1-4f37-b04c-c9e6dbca7a43,e60088e9-cf94-4e41-ae65-a5390866b4b8,infra.huilerie,392,Huilerie Khenichet Agricole,HUILERIE,cec6603e-070e-4e92-a8b8-bccf2644cd72,Huilerie Khenichet Agricole,infra.huilerie_inventaire_pollution,0.0,0.74,MEDIUM_CONFIDENCE,DUPLICATE_EXACT,1,MANUAL_REVIEW_REQUIRED,distance=0.00m; nom=1.00; commune=0.00; priorite=4,#f59e0b,alert-triangle,MEDIUM_CONFIDENCE,POINT(473024 426328),POINT(473024 426328),POINT(473024 426328),POINT(473024 426328)
18f23008-d06c-4d0b-b87b-91821b2e8dca,e60088e9-cf94-4e41-ae65-a5390866b4b8,infra.huilerie,375,Huilerie Ouala,HUILERIE,c3b2d35f-f22a-4ff8-8be5-ae70226fab4e,Huilerie Ouala,infra.huilerie_inventaire_pollution,0.0,0.74,MEDIUM_CONFIDENCE,DUPLICATE_EXACT,1,MANUAL_REVIEW_REQUIRED,distance=0.00m; nom=1.00; commune=0.00; priorite=4,#f59e0b,alert-triangle,MEDIUM_CONFIDENCE,POINT(486238 450975),POINT(486238 450975),POINT(486238 450975),POINT(486238 450975)
6898de2e-a4b7-4c91-862f-3f14f30decbb,e60088e9-cf94-4e41-ae65-a5390866b4b8,infra.huilerie,376,Huilerie Ozinos,HUILERIE,478cd721-d285-4a21-bccb-f184fbbf43ff,Huilerie Ozinos,infra.huilerie_inventaire_pollution,0.0,0.74,MEDIUM_CONFIDENCE,DUPLICATE_EXACT,1,MANUAL_REVIEW_REQUIRED,distance=0.00m; nom=1.00; commune=0.00; priorite=4,#f59e0b,alert-triangle,MEDIUM_CONFIDENCE,POINT(485972 452840),POINT(485972 452840),POINT(485972 452840),POINT(485972 452840)
ab7bbf5c-d158-42bc-95a1-b8e05466b2cd,e60088e9-cf94-4e41-ae65-a5390866b4b8,infra.huilerie,383,Huilerie Haj Dkir,HUILERIE,7e12ee8e-55f6-47f2-b3d0-dee29069ae9a,Huilerie Haj Dkir,infra.huilerie_inventaire_pollution,0.0,0.74,MEDIUM_CONFIDENCE,DUPLICATE_EXACT,1,MANUAL_REVIEW_REQUIRED,distance=0.00m; nom=1.00; commune=0.00; priorite=4,#f59e0b,alert-triangle,MEDIUM_CONFIDENCE,POINT(492944 440892),POINT(492944 440892),POINT(492944 440892),POINT(492944 440892)
7abf6970-6391-410f-a111-ba080037ce93,e60088e9-cf94-4e41-ae65-a5390866b4b8,infra.huilerie,109,Huileries Agouzoul,HUILERIE,1c08d1c6-bc1e-4fbe-b748-71b392b144b9,Huileries Agouzoul,infra.huilerie_inventaire_pollution,0.0,0.74,MEDIUM_CONFIDENCE,DUPLICATE_EXACT,1,MANUAL_REVIEW_REQUIRED,distance=0.00m; nom=1.00; commune=0.00; priorite=4,#f59e0b,alert-triangle,MEDIUM_CONFIDENCE,POINT(414279 366445),POINT(414279 366445),POINT(414279 366445),POINT(414279 366445)
47b46c17-bc3f-4170-a9f3-dca4bda234de,e60088e9-cf94-4e41-ae65-a5390866b4b8,infra.huilerie,77,Huilerie Safaa,HUILERIE,96766567-c798-41a4-b673-e4f7db4d8f45,Huilerie Safaa,infra.huilerie_inventaire_pollution,0.0,0.74,MEDIUM_CONFIDENCE,DUPLICATE_EXACT,1,MANUAL_REVIEW_REQUIRED,distance=0.00m; nom=1.00; commune=0.00; priorite=4,#f59e0b,alert-triangle,MEDIUM_CONFIDENCE,POINT(436722 358518),POINT(436722 358518),POINT(436722 358518),POINT(436722 358518)
8a412508-cdc5-428e-a1f6-d3fb556222ea,e60088e9-cf94-4e41-ae65-a5390866b4b8,infra.huilerie,78,Huilerie Dedokhali,HUILERIE,a5cb76d2-9be2-40fe-ae24-f7de09a7de0c,Huilerie Dedokhali,infra.huilerie_inventaire_pollution,0.0,0.74,MEDIUM_CONFIDENCE,DUPLICATE_EXACT,1,MANUAL_REVIEW_REQUIRED,distance=0.00m; nom=1.00; commune=0.00; priorite=4,#f59e0b,alert-triangle,MEDIUM_CONFIDENCE,POINT(437133 359757),POINT(437133 359757),POINT(437133 359757),POINT(437133 359757)
9081b8ca-17a3-4aa1-9095-9f27b8cc0e2a,e60088e9-cf94-4e41-ae65-a5390866b4b8,infra.huilerie,79,Huilerie Chaachoui,HUILERIE,8b234ada-0965-4931-b286-0da750c95a3c,Huilerie Chaachoui,infra.huilerie_inventaire_pollution,0.0,0.74,MEDIUM_CONFIDENCE,DUPLICATE_EXACT,1,MANUAL_REVIEW_REQUIRED,distance=0.00m; nom=1.00; commune=0.00; priorite=4,#f59e0b,alert-triangle,MEDIUM_CONFIDENCE,POINT(437141 359942),POINT(437141 359942),POINT(437141 359942),POINT(437141 359942)
693480f5-3137-4058-806b-f44921ca3e31,e60088e9-cf94-4e41-ae65-a5390866b4b8,infra.huilerie,80,Huilerie ARBIROUCH,HUILERIE,fd3f75db-d064-4161-b366-012dfd917e72,Huilerie ARBIROUCH,infra.huilerie_inventaire_pollution,0.0,0.74,MEDIUM_CONFIDENCE,DUPLICATE_EXACT,1,MANUAL_REVIEW_REQUIRED,distance=0.00m; nom=1.00; commune=0.00; priorite=4,#f59e0b,alert-triangle,MEDIUM_CONFIDENCE,POINT(436743 359667),POINT(436743 359667),POINT(436743 359667),POINT(436743 359667)
15fb75d3-d4a0-49c8-a916-be41bbd72cd0,e60088e9-cf94-4e41-ae65-a5390866b4b8,infra.huilerie,81,Huilerie Nour,HUILERIE,4c7df9bf-a5d8-449a-9e0b-eda1e7a1b5fa,Huilerie Nour,infra.huilerie_inventaire_pollution,0.0,0.74,MEDIUM_CONFIDENCE,DUPLICATE_EXACT,1,MANUAL_REVIEW_REQUIRED,distance=0.00m; nom=1.00; commune=0.00; priorite=4,#f59e0b,alert-triangle,MEDIUM_CONFIDENCE,POINT(437311 359806),POINT(437311 359806),POINT(437311 359806),POINT(437311 359806)
9cb08a08-8aaf-4373-b08d-334fbda3f9f6,e60088e9-cf94-4e41-ae65-a5390866b4b8,infra.huilerie,83,Huilerie EL BARAKA,HUILERIE,83bbd1d8-b3d1-41f3-95d3-c28d4923e2ec,Huilerie EL BARAKA,infra.huilerie_inventaire_pollution,0.0,0.74,MEDIUM_CONFIDENCE,DUPLICATE_EXACT,1,MANUAL_REVIEW_REQUIRED,distance=0.00m; nom=1.00; commune=0.00; priorite=4,#f59e0b,alert-triangle,MEDIUM_CONFIDENCE,POINT(437250 360054),POINT(437250 360054),POINT(437250 360054),POINT(437250 360054)
8899966b-c9d5-4a38-a478-5f956c2cb0b3,e60088e9-cf94-4e41-ae65-a5390866b4b8,infra.huilerie,84,Huilerie NACHITE,HUILERIE,8e189605-c041-484b-94a3-4941876db3aa,Huilerie NACHITE,infra.huilerie_inventaire_pollution,0.0,0.74,MEDIUM_CONFIDENCE,DUPLICATE_EXACT,1,MANUAL_REVIEW_REQUIRED,distance=0.00m; nom=1.00; commune=0.00; priorite=4,#f59e0b,alert-triangle,MEDIUM_CONFIDENCE,POINT(438174 360662),POINT(438174 360662),POINT(438174 360662),POINT(438174 360662)
befb7e9f-e448-4743-abef-dd5f2dc434b9,e60088e9-cf94-4e41-ae65-a5390866b4b8,infra.huilerie,96,Huilerie REHMA,HUILERIE,012f2c36-cc0b-4138-a329-adee5f9d6545,Huilerie REHMA,infra.huilerie_inventaire_pollution,0.0,0.74,MEDIUM_CONFIDENCE,DUPLICATE_EXACT,1,MANUAL_REVIEW_REQUIRED,distance=0.00m; nom=1.00; commune=0.00; priorite=4,#f59e0b,alert-triangle,MEDIUM_CONFIDENCE,POINT(436881 358202),POINT(436881 358202),POINT(436881 358202),POINT(436881 358202)
fdbd5030-7795-4883-9c80-e730356ba7b0,e60088e9-cf94-4e41-ae65-a5390866b4b8,infra.huilerie,92,Huilerie AMRACHE,HUILERIE,896a3998-7a89-4904-9790-924afb31d0f9,Huilerie AMRACHE,infra.huilerie_inventaire_pollution,0.0,0.74,MEDIUM_CONFIDENCE,DUPLICATE_EXACT,1,MANUAL_REVIEW_REQUIRED,distance=0.00m; nom=1.00; commune=0.00; priorite=4,#f59e0b,alert-triangle,MEDIUM_CONFIDENCE,POINT(441167 358172),POINT(441167 358172),POINT(441167 358172),POINT(441167 358172)
84f7be5b-6f32-42fd-8baa-8d09301a0f6a,e60088e9-cf94-4e41-ae65-a5390866b4b8,infra.huilerie,93,Huilerie CHEBABE ,HUILERIE,826df13e-79f6-4181-a6a0-c30ed04047cb,Huilerie CHEBABE,infra.huilerie_inventaire_pollution,0.0,0.74,MEDIUM_CONFIDENCE,DUPLICATE_EXACT,1,MANUAL_REVIEW_REQUIRED,distance=0.00m; nom=1.00; commune=0.00; priorite=4,#f59e0b,alert-triangle,MEDIUM_CONFIDENCE,POINT(443422 359997),POINT(443422 359997),POINT(443422 359997),POINT(443422 359997)
ef7f4166-15a9-46db-bfcb-3483cbe4fcdf,e60088e9-cf94-4e41-ae65-a5390866b4b8,infra.huilerie,108,"Huilerie ZOUINE
",HUILERIE,943010b3-f4cd-463e-a17d-e5cd9b9d1842,"Huilerie ZOUINE
",infra.huilerie_inventaire_pollution,0.0,0.74,MEDIUM_CONFIDENCE,DUPLICATE_EXACT,1,MANUAL_REVIEW_REQUIRED,distance=0.00m; nom=1.00; commune=0.00; priorite=4,#f59e0b,alert-triangle,MEDIUM_CONFIDENCE,POINT(438999 362010),POINT(438999 362010),POINT(438999 362010),POINT(438999 362010)
5c4de90d-542c-44b1-880e-008dd9d1c9e7,e60088e9-cf94-4e41-ae65-a5390866b4b8,infra.huilerie,110,Huilerie IMASE,HUILERIE,4ed7c1b1-640a-404a-b664-083352e51b67,Huilerie IMASE,infra.huilerie_inventaire_pollution,0.0,0.74,MEDIUM_CONFIDENCE,DUPLICATE_EXACT,1,MANUAL_REVIEW_REQUIRED,distance=0.00m; nom=1.00; commune=0.00; priorite=4,#f59e0b,alert-triangle,MEDIUM_CONFIDENCE,POINT(440340 358265),POINT(440340 358265),POINT(440340 358265),POINT(440340 358265)
d9029e96-a6cb-44d5-a6b9-2588abf6e863,e60088e9-cf94-4e41-ae65-a5390866b4b8,infra.huilerie,76,Huilerie RHALMI,HUILERIE,2605e6f6-9225-4834-9b5d-864648f94644,Huilerie RHALMI,infra.huilerie_inventaire_pollution,0.0,0.74,MEDIUM_CONFIDENCE,DUPLICATE_EXACT,1,MANUAL_REVIEW_REQUIRED,distance=0.00m; nom=1.00; commune=0.00; priorite=4,#f59e0b,alert-triangle,MEDIUM_CONFIDENCE,POINT(430883 363955),POINT(430883 363955),POINT(430883 363955),POINT(430883 363955)
de317606-6fbf-44b0-bba2-3241e68d1512,e60088e9-cf94-4e41-ae65-a5390866b4b8,infra.huilerie,107,Huilerie OUARAD,HUILERIE,266a6a88-37b9-49e9-bd6c-e5e79a3efc85,Huilerie OUARAD,infra.huilerie_inventaire_pollution,0.0,0.74,MEDIUM_CONFIDENCE,DUPLICATE_EXACT,1,MANUAL_REVIEW_REQUIRED,distance=0.00m; nom=1.00; commune=0.00; priorite=4,#f59e0b,alert-triangle,MEDIUM_CONFIDENCE,POINT(425680 362160),POINT(425680 362160),POINT(425680 362160),POINT(425680 362160)
975d09dd-47a8-4a7f-aafa-cde4ea0175e6,e60088e9-cf94-4e41-ae65-a5390866b4b8,infra.huilerie,89,Huilerie El khaire,HUILERIE,1e89b462-4b68-457b-a7ed-edcc4cae9ebd,Huilerie El khaire,infra.huilerie_inventaire_pollution,0.0,0.74,MEDIUM_CONFIDENCE,DUPLICATE_EXACT,1,MANUAL_REVIEW_REQUIRED,distance=0.00m; nom=1.00; commune=0.00; priorite=4,#f59e0b,alert-triangle,MEDIUM_CONFIDENCE,POINT(455087 363104),POINT(455087 363104),POINT(455087 363104),POINT(455087 363104)
5c4ada83-96cc-4ee5-811a-4b5e9ffcbd18,e60088e9-cf94-4e41-ae65-a5390866b4b8,infra.huilerie,91,Huilerie Souaber,HUILERIE,5de421b3-b529-45a6-ab8c-0ab8601efd20,Huilerie Souaber,infra.huilerie_inventaire_pollution,0.0,0.74,MEDIUM_CONFIDENCE,DUPLICATE_EXACT,1,MANUAL_REVIEW_REQUIRED,distance=0.00m; nom=1.00; commune=0.00; priorite=4,#f59e0b,alert-triangle,MEDIUM_CONFIDENCE,POINT(456184 362808),POINT(456184 362808),POINT(456184 362808),POINT(456184 362808)
9f8202e4-4255-4129-9bb2-067622158e98,e60088e9-cf94-4e41-ae65-a5390866b4b8,infra.huilerie,105,Huilerie Ben Taleb,HUILERIE,2d16de61-236d-474f-b4f8-0e2124c4477e,Huilerie Ben Taleb,infra.huilerie_inventaire_pollution,0.0,0.74,MEDIUM_CONFIDENCE,DUPLICATE_EXACT,1,MANUAL_REVIEW_REQUIRED,distance=0.00m; nom=1.00; commune=0.00; priorite=4,#f59e0b,alert-triangle,MEDIUM_CONFIDENCE,POINT(450830 364707),POINT(450830 364707),POINT(450830 364707),POINT(450830 364707)
5c0c81ca-a4f1-43d3-a3ec-0660441e9c2c,e60088e9-cf94-4e41-ae65-a5390866b4b8,infra.huilerie,466,Non-connue 1,HUILERIE,5b9257a3-fc10-46d2-9e59-6714c4872c83,Non-connue 1,infra.huilerie_inventaire_pollution,0.0,0.74,MEDIUM_CONFIDENCE,DUPLICATE_EXACT,1,MANUAL_REVIEW_REQUIRED,distance=0.00m; nom=1.00; commune=0.00; priorite=4,#f59e0b,alert-triangle,MEDIUM_CONFIDENCE,POINT(548905 362073),POINT(548905 362073),POINT(548905 362073),POINT(548905 362073)
0addf0c7-7762-4a7b-b909-dbf1618a8dfe,e60088e9-cf94-4e41-ae65-a5390866b4b8,infra.huilerie,467,Huiulerie JAOUDA,HUILERIE,3db5e2d3-627a-4f82-a8aa-f242e801f9d1,Huiulerie JAOUDA,infra.huilerie_inventaire_pollution,0.0,0.74,MEDIUM_CONFIDENCE,DUPLICATE_EXACT,1,MANUAL_REVIEW_REQUIRED,distance=0.00m; nom=1.00; commune=0.00; priorite=4,#f59e0b,alert-triangle,MEDIUM_CONFIDENCE,POINT(548278 363127),POINT(548278 363127),POINT(548278 363127),POINT(548278 363127)
a6c0bd2e-a76e-4ba4-9a6a-db376b9c4184,e60088e9-cf94-4e41-ae65-a5390866b4b8,infra.huilerie,75,Huilerie Sabir,HUILERIE,f0f46179-3bb0-41cc-88aa-ee3e07288de0,Huilerie Sabir,infra.huilerie_inventaire_pollution,0.0,0.74,MEDIUM_CONFIDENCE,DUPLICATE_EXACT,1,MANUAL_REVIEW_REQUIRED,distance=0.00m; nom=1.00; commune=0.00; priorite=4,#f59e0b,alert-triangle,MEDIUM_CONFIDENCE,POINT(420334 369486),POINT(420334 369486),POINT(420334 369486),POINT(420334 369486)
e710508c-d98b-47c6-a130-a16bfc696e7e,e60088e9-cf94-4e41-ae65-a5390866b4b8,infra.huilerie,72,Barajlin,HUILERIE,6907e2b0-76f9-4e1c-8a13-6a24fb98a908,Barajlin,infra.huilerie_inventaire_pollution,0.0,0.74,MEDIUM_CONFIDENCE,DUPLICATE_EXACT,1,MANUAL_REVIEW_REQUIRED,distance=0.00m; nom=1.00; commune=0.00; priorite=4,#f59e0b,alert-triangle,MEDIUM_CONFIDENCE,POINT(441351 348698),POINT(441351 348698),POINT(441351 348698),POINT(441351 348698)
fef70b58-64a8-4c48-a742-bd306270acfe,e60088e9-cf94-4e41-ae65-a5390866b4b8,infra.huilerie,177,Huilerie Abdelaziz EL MELALI,HUILERIE,a89f3455-7987-44af-bb85-991b36264901,Huilerie Abdelaziz EL MELALI,infra.huilerie_inventaire_pollution,0.0,0.74,MEDIUM_CONFIDENCE,DUPLICATE_EXACT,1,MANUAL_REVIEW_REQUIRED,distance=0.00m; nom=1.00; commune=0.00; priorite=4,#f59e0b,alert-triangle,MEDIUM_CONFIDENCE,POINT(537177 390460),POINT(537177 390460),POINT(537177 390460),POINT(537177 390460)
268b73a4-b865-4fa1-8d49-7bfaaa92fbec,e60088e9-cf94-4e41-ae65-a5390866b4b8,infra.huilerie,73,Semi-moderne,HUILERIE,3713dc14-4589-4d48-90ca-56bc594e0aa0,maasra Zaakour,infra.huilerie_inventaire_pollution,0.0,0.54,MEDIUM_CONFIDENCE,DUPLICATE_EXACT,1,MANUAL_REVIEW_REQUIRED,distance=0.00m; nom=0.00; commune=0.00; priorite=4,#f59e0b,alert-triangle,MEDIUM_CONFIDENCE,POINT(437390 355182),POINT(437390 355182),POINT(437390 355182),POINT(437390 355182)
e4a6af09-119c-46a7-9442-ea70fdf9243c,e60088e9-cf94-4e41-ae65-a5390866b4b8,infra.huilerie,97,maasra Zaakour,HUILERIE,3713dc14-4589-4d48-90ca-56bc594e0aa0,maasra Zaakour,infra.huilerie_inventaire_pollution,0.0,0.74,MEDIUM_CONFIDENCE,DUPLICATE_EXACT,1,MANUAL_REVIEW_REQUIRED,distance=0.00m; nom=1.00; commune=0.00; priorite=4,#f59e0b,alert-triangle,MEDIUM_CONFIDENCE,POINT(437390 355182),POINT(437390 355182),POINT(437390 355182),POINT(437390 355182)
7a1299a3-9b3c-486d-b740-78a435efb837,e60088e9-cf94-4e41-ae65-a5390866b4b8,infra.huilerie,98,maasra El bahli,HUILERIE,2f402137-b9d1-44e5-ba64-a83719dd3a84,maasra El bahli,infra.huilerie_inventaire_pollution,0.0,0.74,MEDIUM_CONFIDENCE,DUPLICATE_EXACT,1,MANUAL_REVIEW_REQUIRED,distance=0.00m; nom=1.00; commune=0.00; priorite=4,#f59e0b,alert-triangle,MEDIUM_CONFIDENCE,POINT(442086 356659),POINT(442086 356659),POINT(442086 356659),POINT(442086 356659)
80efe39b-4ded-4b99-911f-f9403cb623fb,e60088e9-cf94-4e41-ae65-a5390866b4b8,infra.huilerie,99,maasra Charradi,HUILERIE,bca7c5f5-fe82-42b3-be7e-94fee875d52e,maasra Charradi,infra.huilerie_inventaire_pollution,0.0,0.74,MEDIUM_CONFIDENCE,DUPLICATE_EXACT,1,MANUAL_REVIEW_REQUIRED,distance=0.00m; nom=1.00; commune=0.00; priorite=4,#f59e0b,alert-triangle,MEDIUM_CONFIDENCE,POINT(441166 356411),POINT(441166 356411),POINT(441166 356411),POINT(441166 356411)
8ae5453b-0345-4c83-81d1-3c3f040165c8,e60088e9-cf94-4e41-ae65-a5390866b4b8,infra.huilerie,100,maasra Ichou,HUILERIE,3f6310d8-259f-4f22-b244-1a2654e94620,maasra Ichou,infra.huilerie_inventaire_pollution,0.0,0.74,MEDIUM_CONFIDENCE,DUPLICATE_EXACT,1,MANUAL_REVIEW_REQUIRED,distance=0.00m; nom=1.00; commune=0.00; priorite=4,#f59e0b,alert-triangle,MEDIUM_CONFIDENCE,POINT(439818 357031),POINT(439818 357031),POINT(439818 357031),POINT(439818 357031)
84737fdb-96f5-4760-b454-8182489296ab,e60088e9-cf94-4e41-ae65-a5390866b4b8,infra.huilerie,459,ZITOUNE ATLAS,HUILERIE,bf980225-b178-4da7-a69a-7ea3eb449c14,ZITOUNE ATLAS,infra.huilerie_inventaire_pollution,0.0,0.74,MEDIUM_CONFIDENCE,DUPLICATE_EXACT,1,MANUAL_REVIEW_REQUIRED,distance=0.00m; nom=1.00; commune=0.00; priorite=4,#f59e0b,alert-triangle,MEDIUM_CONFIDENCE,POINT(558503 358347),POINT(558503 358347),POINT(558503 358347),POINT(558503 358347)
41bf78b4-65f4-4335-b094-b57964ea51f3,e60088e9-cf94-4e41-ae65-a5390866b4b8,infra.huilerie,460,H. SFAR,HUILERIE,51fe363c-cf35-4d8a-92f5-7e185bc84e44,H. SFAR,infra.huilerie_inventaire_pollution,0.20024984395709994,0.74,HIGH_RISK,POSSIBLE_MATCH,2,MANUAL_REVIEW,distance=0.20m; nom=1.00; commune=0.00; priorite=4,#dc2626,x-octagon,HIGH_RISK,POINT(555889 358071),POINT(555888.99 358070.8),POINT(555889 358071),POINT(555889 358071)
7ebf190d-c5aa-4561-8135-f111e29691da,e60088e9-cf94-4e41-ae65-a5390866b4b8,infra.huilerie,394,Huilerie Touaress,HUILERIE,1c98aa22-373a-4ec5-b75d-221fd9c149a5,Huilerie Touaress,infra.huilerie_inventaire_pollution,0.0,0.74,MEDIUM_CONFIDENCE,DUPLICATE_EXACT,1,MANUAL_REVIEW_REQUIRED,distance=0.00m; nom=1.00; commune=0.00; priorite=4,#f59e0b,alert-triangle,MEDIUM_CONFIDENCE,POINT(502402 432376),POINT(502402 432376),POINT(502402 432376),POINT(502402 432376)
a3bbfb06-1b43-4c0a-86a9-0997e99f2016,e60088e9-cf94-4e41-ae65-a5390866b4b8,infra.huilerie,395,Coopérative des olives Lamrabih,HUILERIE,dc8c7be3-4c5b-42e7-b97a-8f1242131148,Coopérative des olives Lamrabih,infra.huilerie_inventaire_pollution,0.0,0.74,MEDIUM_CONFIDENCE,DUPLICATE_EXACT,1,MANUAL_REVIEW_REQUIRED,distance=0.00m; nom=1.00; commune=0.00; priorite=4,#f59e0b,alert-triangle,MEDIUM_CONFIDENCE,POINT(496652 434131),POINT(496652 434131),POINT(496652 434131),POINT(496652 434131)
8b103c99-f69a-4af9-9c64-92f3c108a298,e60088e9-cf94-4e41-ae65-a5390866b4b8,infra.huilerie,393,Huilerie El Maarif Bni Snana Taoughilt,HUILERIE,61c38295-4837-4cb0-92c4-cb1acdb6c8c2,Huilerie El Maarif Bni Snana Taoughilt,infra.huilerie_inventaire_pollution,0.0,0.74,MEDIUM_CONFIDENCE,DUPLICATE_EXACT,1,MANUAL_REVIEW_REQUIRED,distance=0.00m; nom=1.00; commune=0.00; priorite=4,#f59e0b,alert-triangle,MEDIUM_CONFIDENCE,POINT(494119 429468),POINT(494119 429468),POINT(494119 429468),POINT(494119 429468)
7ea6bc89-6963-42df-bb70-cd281a5b901c,e60088e9-cf94-4e41-ae65-a5390866b4b8,infra.huilerie,88,Huilerie Ben Ouah,HUILERIE,368c279d-33ff-4ef5-81d4-e1a1516407b0,Huilerie Ben Ouah,infra.huilerie_inventaire_pollution,0.0,0.74,MEDIUM_CONFIDENCE,DUPLICATE_EXACT,1,MANUAL_REVIEW_REQUIRED,distance=0.00m; nom=1.00; commune=0.00; priorite=4,#f59e0b,alert-triangle,MEDIUM_CONFIDENCE,POINT(462447 366439),POINT(462447 366439),POINT(462447 366439),POINT(462447 366439)
0f1f9bfe-5487-41bf-849d-31672f8b0202,e60088e9-cf94-4e41-ae65-a5390866b4b8,infra.huilerie,104,"Huilerie Nadi
",HUILERIE,eda165c1-4c87-4ba0-bf50-f2a032633eca,"Huilerie Nadi
",infra.huilerie_inventaire_pollution,0.0,0.74,MEDIUM_CONFIDENCE,DUPLICATE_EXACT,1,MANUAL_REVIEW_REQUIRED,distance=0.00m; nom=1.00; commune=0.00; priorite=4,#f59e0b,alert-triangle,MEDIUM_CONFIDENCE,POINT(463576 362098),POINT(463576 362098),POINT(463576 362098),POINT(463576 362098)
f1895672-4a18-4d0d-ba7e-cf341052b76b,e60088e9-cf94-4e41-ae65-a5390866b4b8,infra.huilerie,101,Huilerie JEAAIT,HUILERIE,b16c9cd3-7fe0-47ec-994b-d26f1ff09fcb,Huilerie JEAAIT,infra.huilerie_inventaire_pollution,0.0,0.74,MEDIUM_CONFIDENCE,DUPLICATE_EXACT,1,MANUAL_REVIEW_REQUIRED,distance=0.00m; nom=1.00; commune=0.00; priorite=4,#f59e0b,alert-triangle,MEDIUM_CONFIDENCE,POINT(428358 371792),POINT(428358 371792),POINT(428358 371792),POINT(428358 371792)
69f8f97d-4323-4ee7-a1a5-f8b4416d93d9,e60088e9-cf94-4e41-ae65-a5390866b4b8,infra.huilerie,85,Huilerie   Rahma ,HUILERIE,e7a19a5c-3979-40f7-926a-fc8e3b2797c6,Huilerie   Rahma,infra.huilerie_inventaire_pollution,0.0,0.74,MEDIUM_CONFIDENCE,DUPLICATE_EXACT,1,MANUAL_REVIEW_REQUIRED,distance=0.00m; nom=1.00; commune=0.00; priorite=4,#f59e0b,alert-triangle,MEDIUM_CONFIDENCE,POINT(418355 364600),POINT(418355 364600),POINT(418355 364600),POINT(418355 364600)
b9809a53-77a2-444c-848a-169aded56578,e60088e9-cf94-4e41-ae65-a5390866b4b8,infra.huilerie,86,Huilerie  Ziyane ,HUILERIE,4a22a5cd-73e4-4bfe-993f-a93bfe03be90,Huilerie  Ziyane,infra.huilerie_inventaire_pollution,0.0,0.74,MEDIUM_CONFIDENCE,DUPLICATE_EXACT,1,MANUAL_REVIEW_REQUIRED,distance=0.00m; nom=1.00; commune=0.00; priorite=4,#f59e0b,alert-triangle,MEDIUM_CONFIDENCE,POINT(421789 363631),POINT(421789 363631),POINT(421789 363631),POINT(421789 363631)
e1b4e6be-ecb7-4972-b18b-d68ed5d0db58,e60088e9-cf94-4e41-ae65-a5390866b4b8,infra.huilerie,102,"maasra Adarissa
",HUILERIE,ba967e28-b8d9-4ea1-bf36-15ab2af274cf,"maasra Adarissa
",infra.huilerie_inventaire_pollution,0.0,0.74,MEDIUM_CONFIDENCE,DUPLICATE_EXACT,1,MANUAL_REVIEW_REQUIRED,distance=0.00m; nom=1.00; commune=0.00; priorite=4,#f59e0b,alert-triangle,MEDIUM_CONFIDENCE,POINT(419441 366327),POINT(419441 366327),POINT(419441 366327),POINT(419441 366327)
e358b274-5050-41cb-96f0-457556dadacd,e60088e9-cf94-4e41-ae65-a5390866b4b8,infra.huilerie,103,maasra Hajjaj,HUILERIE,a2e22201-0e16-492e-8499-69e6db48edb0,maasra Hajjaj,infra.huilerie_inventaire_pollution,0.0,0.74,MEDIUM_CONFIDENCE,DUPLICATE_EXACT,1,MANUAL_REVIEW_REQUIRED,distance=0.00m; nom=1.00; commune=0.00; priorite=4,#f59e0b,alert-triangle,MEDIUM_CONFIDENCE,POINT(417737 366302),POINT(417737 366302),POINT(417737 366302),POINT(417737 366302)
f0e18940-e577-4116-9956-83674b460db5,e60088e9-cf94-4e41-ae65-a5390866b4b8,infra.huilerie,377,Huilerie El Jadida,HUILERIE,e5b5f041-20a6-45ff-af29-3f691f2b3ef0,Huilerie El Jadida,infra.huilerie_inventaire_pollution,0.0,0.74,MEDIUM_CONFIDENCE,DUPLICATE_EXACT,1,MANUAL_REVIEW_REQUIRED,distance=0.00m; nom=1.00; commune=0.00; priorite=4,#f59e0b,alert-triangle,MEDIUM_CONFIDENCE,POINT(472155 405633),POINT(472155 405633),POINT(472155 405633),POINT(472155 405633)
ae4739e5-bb90-48da-86e6-8ec68cf060bb,e60088e9-cf94-4e41-ae65-a5390866b4b8,infra.huilerie,378,Huilerie nouvelle géenartion,HUILERIE,e9432048-a84e-4cca-9c7a-529edd24ad71,Huilerie nouvelle géenartion,infra.huilerie_inventaire_pollution,0.0,0.74,MEDIUM_CONFIDENCE,DUPLICATE_EXACT,1,MANUAL_REVIEW_REQUIRED,distance=0.00m; nom=1.00; commune=0.00; priorite=4,#f59e0b,alert-triangle,MEDIUM_CONFIDENCE,POINT(472256 405384),POINT(472256 405384),POINT(472256 405384),POINT(472256 405384)
b2b9e18d-ecad-4c37-98c7-0571321c6514,e60088e9-cf94-4e41-ae65-a5390866b4b8,infra.huilerie,379,Huilerie Al Wafaa,HUILERIE,083d98b3-3007-4e3e-a459-69222a755397,Huilerie Al Wafaa,infra.huilerie_inventaire_pollution,0.0,0.74,MEDIUM_CONFIDENCE,DUPLICATE_EXACT,1,MANUAL_REVIEW_REQUIRED,distance=0.00m; nom=1.00; commune=0.00; priorite=4,#f59e0b,alert-triangle,MEDIUM_CONFIDENCE,POINT(472249 405501),POINT(472249 405501),POINT(472249 405501),POINT(472249 405501)
ef53f536-8c97-4f2c-9028-4fbaa3fa4387,e60088e9-cf94-4e41-ae65-a5390866b4b8,infra.huilerie,382,Huilerie ouled si hamou ,HUILERIE,491867ac-307c-48e7-81e9-5c63f99a454c,Huilerie ouled si hamou,infra.huilerie_inventaire_pollution,0.0,0.74,MEDIUM_CONFIDENCE,DUPLICATE_EXACT,1,MANUAL_REVIEW_REQUIRED,distance=0.00m; nom=1.00; commune=0.00; priorite=4,#f59e0b,alert-triangle,MEDIUM_CONFIDENCE,POINT(468782 404399),POINT(468782 404399),POINT(468782 404399),POINT(468782 404399)
21ee5faf-de31-4de3-bd58-94a0582a3bbe,e60088e9-cf94-4e41-ae65-a5390866b4b8,infra.huilerie,384,Huilerie Sarah,HUILERIE,cddff16d-50d6-4121-a5cf-3ba3047f378b,Huilerie Sarah,infra.huilerie_inventaire_pollution,0.0,0.74,MEDIUM_CONFIDENCE,DUPLICATE_EXACT,1,MANUAL_REVIEW_REQUIRED,distance=0.00m; nom=1.00; commune=0.00; priorite=4,#f59e0b,alert-triangle,MEDIUM_CONFIDENCE,POINT(472232 405397),POINT(472232 405397),POINT(472232 405397),POINT(472232 405397)
ac5fe174-96ba-4fb3-b8e3-0553da67e4cd,e60088e9-cf94-4e41-ae65-a5390866b4b8,infra.huilerie,385,Huilerie Krafssen,HUILERIE,11fc9383-d71f-4700-be3b-839abc390506,Huilerie Krafssen,infra.huilerie_inventaire_pollution,0.0,0.74,MEDIUM_CONFIDENCE,DUPLICATE_EXACT,1,MANUAL_REVIEW_REQUIRED,distance=0.00m; nom=1.00; commune=0.00; priorite=4,#f59e0b,alert-triangle,MEDIUM_CONFIDENCE,POINT(471942 405523),POINT(471942 405523),POINT(471942 405523),POINT(471942 405523)
5c823ad1-7831-494e-8ba0-3a0027bc3366,e60088e9-cf94-4e41-ae65-a5390866b4b8,infra.huilerie,389,Huilerie El Zarhouni,HUILERIE,1b6c6974-11a2-4627-85c9-c29fd34e9fda,Huilerie El Zarhouni,infra.huilerie_inventaire_pollution,0.0,0.74,MEDIUM_CONFIDENCE,DUPLICATE_EXACT,1,MANUAL_REVIEW_REQUIRED,distance=0.00m; nom=1.00; commune=0.00; priorite=4,#f59e0b,alert-triangle,MEDIUM_CONFIDENCE,POINT(470548 401537),POINT(470548 401537),POINT(470548 401537),POINT(470548 401537)
04bc2b52-9fae-4a3d-90a6-24e235323ce3,e60088e9-cf94-4e41-ae65-a5390866b4b8,infra.huilerie,208,Cooperative Almoumnia Essatia,HUILERIE,b065bd4d-cc7f-450d-8b10-a8947e19b6d2,Cooperative Almoumnia Essatia,infra.huilerie_inventaire_pollution,0.04242640691070552,0.74,HIGH_RISK,POSSIBLE_MATCH,2,MANUAL_REVIEW,distance=0.04m; nom=1.00; commune=0.00; priorite=4,#dc2626,x-octagon,HIGH_RISK,POINT(503285 440444),POINT(503284.97 440444.03),POINT(503285 440444),POINT(503285 440444)
7774aaf4-9615-4624-bf19-171c43d1b441,e60088e9-cf94-4e41-ae65-a5390866b4b8,infra.huilerie,209,Ste Hawd,HUILERIE,a377460c-b728-48d8-b067-b893fd8ebc85,Ste Hawd,infra.huilerie_inventaire_pollution,0.46400431033795403,0.74,HIGH_RISK,POSSIBLE_MATCH,2,MANUAL_REVIEW,distance=0.46m; nom=1.00; commune=0.00; priorite=4,#dc2626,x-octagon,HIGH_RISK,POINT(504372 438760),POINT(504372.28 438760.37),POINT(504372 438760),POINT(504372 438760)
cc67a894-282f-41af-9097-b3a50e801804,e60088e9-cf94-4e41-ae65-a5390866b4b8,infra.huilerie,210,Sidi Bousber,HUILERIE,efd38c21-4d78-4771-a63b-0854015b6503,Sidi Bousber,infra.huilerie_inventaire_pollution,0.4429446918292367,0.74,HIGH_RISK,POSSIBLE_MATCH,2,MANUAL_REVIEW,distance=0.44m; nom=1.00; commune=0.00; priorite=4,#dc2626,x-octagon,HIGH_RISK,POINT(504425 438668),POINT(504425.39 438667.79),POINT(504425 438668),POINT(504425 438668)
b82a2569-03a3-4972-b4a6-a1afc294a85d,e60088e9-cf94-4e41-ae65-a5390866b4b8,infra.huilerie,406,Huilerie El Kherifi Ali ,HUILERIE,1058a6cd-dcbf-4f31-85eb-e1ffcf3536d6,Huilerie El Kherifi Ali,infra.huilerie_inventaire_pollution,0.0,0.74,MEDIUM_CONFIDENCE,DUPLICATE_EXACT,1,MANUAL_REVIEW_REQUIRED,distance=0.00m; nom=1.00; commune=0.00; priorite=4,#f59e0b,alert-triangle,MEDIUM_CONFIDENCE,POINT(507835 447715),POINT(507835 447715),POINT(507835 447715),POINT(507835 447715)
9e68aaa6-d7f2-435c-acc6-ec62252f11d8,e60088e9-cf94-4e41-ae65-a5390866b4b8,infra.huilerie,407,Huilerie Chajarat Azaytoune  El Mobaraka,HUILERIE,49c17202-45f0-4c54-9de4-401a3366bb71,Huilerie Chajarat Azaytoune  El Mobaraka,infra.huilerie_inventaire_pollution,0.0,0.74,MEDIUM_CONFIDENCE,DUPLICATE_EXACT,1,MANUAL_REVIEW_REQUIRED,distance=0.00m; nom=1.00; commune=0.00; priorite=4,#f59e0b,alert-triangle,MEDIUM_CONFIDENCE,POINT(510125 447206),POINT(510125 447206),POINT(510125 447206),POINT(510125 447206)
01accad6-c191-4eee-809a-ed8cf43fac4a,e60088e9-cf94-4e41-ae65-a5390866b4b8,infra.huilerie,408,Huilerie d'olivier d'or,HUILERIE,70526432-b002-435c-9448-0bb76a250a31,Huilerie d'olivier d'or,infra.huilerie_inventaire_pollution,0.0,0.74,MEDIUM_CONFIDENCE,DUPLICATE_EXACT,1,MANUAL_REVIEW_REQUIRED,distance=0.00m; nom=1.00; commune=0.00; priorite=4,#f59e0b,alert-triangle,MEDIUM_CONFIDENCE,POINT(510700 445096),POINT(510700 445096),POINT(510700 445096),POINT(510700 445096)
1cbc5d4b-1185-406a-b811-641e5e5cac21,e60088e9-cf94-4e41-ae65-a5390866b4b8,infra.huilerie,399,Societé Zoyoute Alwahda,HUILERIE,4dc97b60-c0b2-4ed3-8698-6c9f2a8f6475,Societé Zoyoute Alwahda,infra.huilerie_inventaire_pollution,0.0,0.74,MEDIUM_CONFIDENCE,DUPLICATE_EXACT,1,MANUAL_REVIEW_REQUIRED,distance=0.00m; nom=1.00; commune=0.00; priorite=4,#f59e0b,alert-triangle,MEDIUM_CONFIDENCE,POINT(517818 446343),POINT(517818 446343),POINT(517818 446343),POINT(517818 446343)
9294c4f4-7775-4294-a10e-7c9417761feb,e60088e9-cf94-4e41-ae65-a5390866b4b8,infra.huilerie,396,Coopérative Almazgueldia,HUILERIE,70e939fc-636b-4d46-8e7e-adfda46f8088,Coopérative Almazgueldia,infra.huilerie_inventaire_pollution,0.0,0.74,MEDIUM_CONFIDENCE,DUPLICATE_EXACT,1,MANUAL_REVIEW_REQUIRED,distance=0.00m; nom=1.00; commune=0.00; priorite=4,#f59e0b,alert-triangle,MEDIUM_CONFIDENCE,POINT(516797 448588),POINT(516797 448588),POINT(516797 448588),POINT(516797 448588)
9d82edfc-83de-4287-afcd-323d17334093,e60088e9-cf94-4e41-ae65-a5390866b4b8,infra.huilerie,397,Huilerie Mohamed Fguih,HUILERIE,53eb2774-d5da-4141-a0f9-fca51dca1cb1,Huilerie Mohamed Fguih,infra.huilerie_inventaire_pollution,0.0,0.74,MEDIUM_CONFIDENCE,DUPLICATE_EXACT,1,MANUAL_REVIEW_REQUIRED,distance=0.00m; nom=1.00; commune=0.00; priorite=4,#f59e0b,alert-triangle,MEDIUM_CONFIDENCE,POINT(517806 445219),POINT(517806 445219),POINT(517806 445219),POINT(517806 445219)
7f99d5af-78e3-459a-b7d0-e8fc8f17866d,e60088e9-cf94-4e41-ae65-a5390866b4b8,infra.huilerie,398,Huilerie Abderrahmane MRAOUBAE,HUILERIE,6e9998d5-e735-4b14-8706-f8755cc66b88,Huilerie Abderrahmane MRAOUBAE,infra.huilerie_inventaire_pollution,0.0,0.74,MEDIUM_CONFIDENCE,DUPLICATE_EXACT,1,MANUAL_REVIEW_REQUIRED,distance=0.00m; nom=1.00; commune=0.00; priorite=4,#f59e0b,alert-triangle,MEDIUM_CONFIDENCE,POINT(517864 445454),POINT(517864 445454),POINT(517864 445454),POINT(517864 445454)
dd22ee53-e8bd-4dd4-a341-bfbe65e2fa11,e60088e9-cf94-4e41-ae65-a5390866b4b8,infra.huilerie,211,Sni Messara,HUILERIE,ffc2fed2-9c0c-4ed5-bad1-702f61dc6bbb,Sni Messara,infra.huilerie_inventaire_pollution,0.24999999999301506,0.74,HIGH_RISK,POSSIBLE_MATCH,2,MANUAL_REVIEW,distance=0.25m; nom=1.00; commune=0.00; priorite=4,#dc2626,x-octagon,HIGH_RISK,POINT(493380 452268),POINT(493379.93 452268.24),POINT(493380 452268),POINT(493380 452268)
51018de5-685f-44bd-9fce-1049cdc3c103,e60088e9-cf94-4e41-ae65-a5390866b4b8,infra.huilerie,212,El Ibrahimi,HUILERIE,7807374e-ce08-4659-9f48-f8df7e7af196,El Ibrahimi,infra.huilerie_inventaire_pollution,0.1711724276722267,0.74,HIGH_RISK,POSSIBLE_MATCH,2,MANUAL_REVIEW,distance=0.17m; nom=1.00; commune=0.00; priorite=4,#dc2626,x-octagon,HIGH_RISK,POINT(495486 452889),POINT(495486.17 452889.02),POINT(495486 452889),POINT(495486 452889)
0ab327c1-f577-48d5-8bd8-2f0f533ed9bd,e60088e9-cf94-4e41-ae65-a5390866b4b8,infra.huilerie,213,Alhalouiyine,HUILERIE,68c2ef39-af73-46ee-8e9f-60ed84a20838,Alhalouiyine,infra.huilerie_inventaire_pollution,0.27658633373015096,0.74,HIGH_RISK,POSSIBLE_MATCH,2,MANUAL_REVIEW,distance=0.28m; nom=1.00; commune=0.00; priorite=4,#dc2626,x-octagon,HIGH_RISK,POINT(498379 451161),POINT(498379.21 451161.18),POINT(498379 451161),POINT(498379 451161)
29569931-5196-4573-8ab6-2832158fe9aa,e60088e9-cf94-4e41-ae65-a5390866b4b8,infra.huilerie,214,AJAMS,HUILERIE,7a7caa89-c98d-4acb-b6c5-462ef66a0895,AJAMS,infra.huilerie_inventaire_pollution,0.48093658623959457,0.74,HIGH_RISK,POSSIBLE_MATCH,2,MANUAL_REVIEW,distance=0.48m; nom=1.00; commune=0.00; priorite=4,#dc2626,x-octagon,HIGH_RISK,POINT(498938 455748),POINT(498937.97 455748.48),POINT(498938 455748),POINT(498938 455748)
bfab05de-1b95-4139-b629-6e98acb3e04b,e60088e9-cf94-4e41-ae65-a5390866b4b8,infra.huilerie,215,Elkharouba,HUILERIE,34b247ac-a646-4802-bdab-3ee250b7d2e6,Elkharouba,infra.huilerie_inventaire_pollution,0.4101219330585631,0.74,HIGH_RISK,POSSIBLE_MATCH,2,MANUAL_REVIEW,distance=0.41m; nom=1.00; commune=0.00; priorite=4,#dc2626,x-octagon,HIGH_RISK,POINT(496617 458435),POINT(496616.71 458435.29),POINT(496617 458435),POINT(496617 458435)
b48c7205-c839-4308-83d9-53f0c0dbd8c5,e60088e9-cf94-4e41-ae65-a5390866b4b8,infra.huilerie,216,Elhaj Ali,HUILERIE,0968b682-9ed5-48cb-b2b8-4f54fab326b1,Elhaj Ali,infra.huilerie_inventaire_pollution,0.3841874542310625,0.74,HIGH_RISK,POSSIBLE_MATCH,2,MANUAL_REVIEW,distance=0.38m; nom=1.00; commune=0.00; priorite=4,#dc2626,x-octagon,HIGH_RISK,POINT(496753 458523),POINT(496752.76 458523.3),POINT(496753 458523),POINT(496753 458523)
502c06b1-a536-4ada-84bd-486ef3db8e80,e60088e9-cf94-4e41-ae65-a5390866b4b8,infra.huilerie,229,Erradouania,HUILERIE,1198a38f-e288-47ed-8ad3-786f65467676,Erradouania,infra.huilerie_inventaire_pollution,0.4770744176996597,0.74,HIGH_RISK,POSSIBLE_MATCH,2,MANUAL_REVIEW,distance=0.48m; nom=1.00; commune=0.00; priorite=4,#dc2626,x-octagon,HIGH_RISK,POINT(494987 454790),POINT(494987.26 454789.6),POINT(494987 454790),POINT(494987 454790)
f8417848-d914-4f02-b92b-1cca062cb1e0,e60088e9-cf94-4e41-ae65-a5390866b4b8,infra.huilerie,207,Huilerie Modèrene Ouannana,HUILERIE,86cb4918-ce01-4dc4-a0a9-09a88d676d02,Huilerie Modèrene Ouannana,infra.huilerie_inventaire_pollution,0.13928388277200837,0.74,HIGH_RISK,POSSIBLE_MATCH,2,MANUAL_REVIEW,distance=0.14m; nom=1.00; commune=0.00; priorite=4,#dc2626,x-octagon,HIGH_RISK,POINT(503586 450001),POINT(503586.05 450001.13),POINT(503586 450001),POINT(503586 450001)
490a6da5-1959-4caf-a08e-3db01d690823,e60088e9-cf94-4e41-ae65-a5390866b4b8,infra.huilerie,225,Ain Mandar,HUILERIE,a32a13ec-a661-4f4e-80b3-5d9da6289724,Ain Mandar,infra.huilerie_inventaire_pollution,0.23537204589812205,0.74,HIGH_RISK,POSSIBLE_MATCH,2,MANUAL_REVIEW,distance=0.24m; nom=1.00; commune=0.00; priorite=4,#dc2626,x-octagon,HIGH_RISK,POINT(506114 454644),POINT(506114.23 454643.95),POINT(506114 454644),POINT(506114 454644)
c061e6b3-7d55-4795-8f7f-e1dcb3b178a1,e60088e9-cf94-4e41-ae65-a5390866b4b8,infra.huilerie,404,Huilerie Moderne de Teroual,HUILERIE,e5c58e3c-85a0-463d-be04-8bf26f042b37,Huilerie Moderne de Teroual,infra.huilerie_inventaire_pollution,0.0,0.74,MEDIUM_CONFIDENCE,DUPLICATE_EXACT,1,MANUAL_REVIEW_REQUIRED,distance=0.00m; nom=1.00; commune=0.00; priorite=4,#f59e0b,alert-triangle,MEDIUM_CONFIDENCE,POINT(512606 453301),POINT(512606 453301),POINT(512606 453301),POINT(512606 453301)
fb800b17-061a-4720-87e5-ce24ed9c5e6a,e60088e9-cf94-4e41-ae65-a5390866b4b8,infra.huilerie,405,Scieté Zoyout Mjaara,HUILERIE,b2219be4-b06f-4e3d-b556-5d5070802442,Scieté Zoyout Mjaara,infra.huilerie_inventaire_pollution,0.0,0.74,MEDIUM_CONFIDENCE,DUPLICATE_EXACT,1,MANUAL_REVIEW_REQUIRED,distance=0.00m; nom=1.00; commune=0.00; priorite=4,#f59e0b,alert-triangle,MEDIUM_CONFIDENCE,POINT(512241 453238),POINT(512241 453238),POINT(512241 453238),POINT(512241 453238)
adbfb006-4767-4e4b-872d-db4d111cb209,e60088e9-cf94-4e41-ae65-a5390866b4b8,infra.huilerie,391,Huilerie Zhana,HUILERIE,31bc5a56-8453-43d7-83fe-f55983c7f311,Huilerie Zhana,infra.huilerie_inventaire_pollution,0.0,0.74,MEDIUM_CONFIDENCE,DUPLICATE_EXACT,1,MANUAL_REVIEW_REQUIRED,distance=0.00m; nom=1.00; commune=0.00; priorite=4,#f59e0b,alert-triangle,MEDIUM_CONFIDENCE,POINT(449160 405284),POINT(449160 405284),POINT(449160 405284),POINT(449160 405284)
f6e3fb4a-ce55-4b53-8b50-df356f39ad11,e60088e9-cf94-4e41-ae65-a5390866b4b8,infra.huilerie,228,S.I.M.O.O,HUILERIE,edb4af25-0c0b-42be-8692-9a346c529a18,S.I.M.O.O,infra.huilerie_inventaire_pollution,0.0,0.74,MEDIUM_CONFIDENCE,DUPLICATE_EXACT,1,MANUAL_REVIEW_REQUIRED,distance=0.00m; nom=1.00; commune=0.00; priorite=4,#f59e0b,alert-triangle,MEDIUM_CONFIDENCE,POINT(485262 466395),POINT(485262 466395),POINT(485262 466395),POINT(485262 466395)
65b4d27c-a35b-4805-84e9-89b09fead53a,e60088e9-cf94-4e41-ae65-a5390866b4b8,infra.huilerie,194,GIE Jnane Ouazzane,HUILERIE,5b446acd-31a4-4609-8106-b5bc0f88bbd1,GIE Jnane Ouazzane,infra.huilerie_inventaire_pollution,0.43139309219269095,0.74,HIGH_RISK,POSSIBLE_MATCH,2,MANUAL_REVIEW,distance=0.43m; nom=1.00; commune=0.00; priorite=4,#dc2626,x-octagon,HIGH_RISK,POINT(485757 456200),POINT(485756.69 456200.3),POINT(485757 456200),POINT(485757 456200)
b89973fd-0b05-49ec-8674-edfdbdf53d49,e60088e9-cf94-4e41-ae65-a5390866b4b8,infra.huilerie,195,Al Marinyenne,HUILERIE,1b5268eb-280e-403a-9bb4-efab7e6e78e1,Al Marinyenne,infra.huilerie_inventaire_pollution,0.42047592081717905,0.74,HIGH_RISK,POSSIBLE_MATCH,2,MANUAL_REVIEW,distance=0.42m; nom=1.00; commune=0.00; priorite=4,#dc2626,x-octagon,HIGH_RISK,POINT(491061 458544),POINT(491060.98 458543.58),POINT(491061 458544),POINT(491061 458544)
7855d6cc-0ecc-43f4-b6d7-05bb3d561359,e60088e9-cf94-4e41-ae65-a5390866b4b8,infra.huilerie,196,Ste Huile d'olive des produits de terroir,HUILERIE,b566ee6e-7401-414f-8c67-fb5781dd0d81,Ste Huile d'olive des produits de terroir,infra.huilerie_inventaire_pollution,0.3106444913390571,0.74,HIGH_RISK,POSSIBLE_MATCH,2,MANUAL_REVIEW,distance=0.31m; nom=1.00; commune=0.00; priorite=4,#dc2626,x-octagon,HIGH_RISK,POINT(486764 461952),POINT(486763.98 461951.69),POINT(486764 461952),POINT(486764 461952)
4135a285-aa1f-4fc3-a684-276f17c4b687,e60088e9-cf94-4e41-ae65-a5390866b4b8,infra.huilerie,197,Zeit Jbala,HUILERIE,e1cbf4f2-84f9-470b-a191-5a0c2a01c7e3,Zeit Jbala,infra.huilerie_inventaire_pollution,0.45607017004067624,0.74,HIGH_RISK,POSSIBLE_MATCH,2,MANUAL_REVIEW,distance=0.46m; nom=1.00; commune=0.00; priorite=4,#dc2626,x-octagon,HIGH_RISK,POINT(486533 464377),POINT(486532.56 464376.88),POINT(486533 464377),POINT(486533 464377)
756eb62a-38bd-4ea1-81c3-25faaf735173,e60088e9-cf94-4e41-ae65-a5390866b4b8,infra.huilerie,198,Huillerie Bachir,HUILERIE,97cbe82f-6fce-4cd0-996e-8f6f4d959249,Huillerie Bachir,infra.huilerie_inventaire_pollution,0.333766385379943,0.74,HIGH_RISK,POSSIBLE_MATCH,2,MANUAL_REVIEW,distance=0.33m; nom=1.00; commune=0.00; priorite=4,#dc2626,x-octagon,HIGH_RISK,POINT(486369 464928),POINT(486369.05 464928.33),POINT(486369 464928),POINT(486369 464928)
ab0bd472-407a-40b4-be1c-6fa3dc05f74a,e60088e9-cf94-4e41-ae65-a5390866b4b8,infra.huilerie,199,Al Mansoura,HUILERIE,8b59aa7e-5153-4fc1-b661-58cdd3b9cd00,Al Mansoura,infra.huilerie_inventaire_pollution,0.3940812098995614,0.74,HIGH_RISK,POSSIBLE_MATCH,2,MANUAL_REVIEW,distance=0.39m; nom=1.00; commune=0.00; priorite=4,#dc2626,x-octagon,HIGH_RISK,POINT(489321 463070),POINT(489320.68 463070.23),POINT(489321 463070),POINT(489321 463070)
16a9a4de-af69-4abe-b919-153509c145ca,e60088e9-cf94-4e41-ae65-a5390866b4b8,infra.huilerie,200,Bassatine Ouezzane,HUILERIE,e0438218-ea95-408a-99fe-d7b8a7ab0da9,Bassatine Ouezzane,infra.huilerie_inventaire_pollution,0.39849717690646375,0.74,HIGH_RISK,POSSIBLE_MATCH,2,MANUAL_REVIEW,distance=0.40m; nom=1.00; commune=0.00; priorite=4,#dc2626,x-octagon,HIGH_RISK,POINT(488268 459601),POINT(488268.38 459601.12),POINT(488268 459601),POINT(488268 459601)
010e12e3-2be8-4fce-a840-bdebd2ab18f0,e60088e9-cf94-4e41-ae65-a5390866b4b8,infra.huilerie,221,Belhaj,HUILERIE,47d278c7-a72f-404e-922d-a8e653222cc9,Belhaj,infra.huilerie_inventaire_pollution,0.1910497317588336,0.74,HIGH_RISK,POSSIBLE_MATCH,2,MANUAL_REVIEW,distance=0.19m; nom=1.00; commune=0.00; priorite=4,#dc2626,x-octagon,HIGH_RISK,POINT(487184 460212),POINT(487184.13 460212.14),POINT(487184 460212),POINT(487184 460212)
11e83436-bac0-4840-ae3c-951fd12c6cde,e60088e9-cf94-4e41-ae65-a5390866b4b8,infra.huilerie,222,Al Mahmoudi,HUILERIE,3553520c-f5c0-4b11-b7bb-b64909203643,Al Mahmoudi,infra.huilerie_inventaire_pollution,0.6788225099127438,0.74,HIGH_RISK,POSSIBLE_MATCH,2,MANUAL_REVIEW,distance=0.68m; nom=1.00; commune=0.00; priorite=4,#dc2626,x-octagon,HIGH_RISK,POINT(486807 464649),POINT(486807.48 464649.48),POINT(486807 464649),POINT(486807 464649)
7fa69395-088c-4b97-b4c9-1695a5159d26,e60088e9-cf94-4e41-ae65-a5390866b4b8,infra.huilerie,231,Huillerie Boudroua,HUILERIE,5215cb91-8545-4006-be93-92d830a7625a,Huillerie Boudroua,infra.huilerie_inventaire_pollution,0.48083261123096666,0.74,HIGH_RISK,POSSIBLE_MATCH,2,MANUAL_REVIEW,distance=0.48m; nom=1.00; commune=0.00; priorite=4,#dc2626,x-octagon,HIGH_RISK,POINT(486463 464867),POINT(486463.14 464867.46),POINT(486463 464867),POINT(486463 464867)
98fdd733-35e9-4be7-8c85-56cb238f55c4,e60088e9-cf94-4e41-ae65-a5390866b4b8,infra.huilerie,204,Al Masmoudia,HUILERIE,3b05cc77-ffbf-4731-8e7a-d6fc4c218480,Al Masmoudia,infra.huilerie_inventaire_pollution,0.4001249804983597,0.74,HIGH_RISK,POSSIBLE_MATCH,2,MANUAL_REVIEW,distance=0.40m; nom=1.00; commune=0.00; priorite=4,#dc2626,x-octagon,HIGH_RISK,POINT(467919 465478),POINT(467918.6 465477.99),POINT(467919 465478),POINT(467919 465478)
24abe0ae-0e57-4729-bf69-657f20fd7549,e60088e9-cf94-4e41-ae65-a5390866b4b8,infra.huilerie,205,Benslimane,HUILERIE,b4f2f52a-b9ca-476f-bef9-8bdbc13a52b1,Benslimane,infra.huilerie_inventaire_pollution,0.39204591569001207,0.74,HIGH_RISK,POSSIBLE_MATCH,2,MANUAL_REVIEW,distance=0.39m; nom=1.00; commune=0.00; priorite=4,#dc2626,x-octagon,HIGH_RISK,POINT(471013 465476),POINT(471012.61 465476.04),POINT(471013 465476),POINT(471013 465476)
6e764d8a-e9f5-42a3-a553-29e88300130f,e60088e9-cf94-4e41-ae65-a5390866b4b8,infra.huilerie,223,Elkhawda,HUILERIE,212266b9-dd64-42f9-9afd-f5f752eb350f,Elkhawda,infra.huilerie_inventaire_pollution,0.3921734310197018,0.74,HIGH_RISK,POSSIBLE_MATCH,2,MANUAL_REVIEW,distance=0.39m; nom=1.00; commune=0.00; priorite=4,#dc2626,x-octagon,HIGH_RISK,POINT(469915 464903),POINT(469914.63 464902.87),POINT(469915 464903),POINT(469915 464903)
6170593f-bce4-43d9-92df-a426df1236e3,e60088e9-cf94-4e41-ae65-a5390866b4b8,infra.huilerie,224,Masmouda Alaasria,HUILERIE,6c2ebbd5-56d1-4cbf-bd1c-e5934ab34667,Masmouda Alaasria,infra.huilerie_inventaire_pollution,0.3921734310197018,0.74,HIGH_RISK,POSSIBLE_MATCH,2,MANUAL_REVIEW,distance=0.39m; nom=1.00; commune=0.00; priorite=4,#dc2626,x-octagon,HIGH_RISK,POINT(471370 459527),POINT(471369.87 459526.63),POINT(471370 459527),POINT(471370 459527)
32bedec0-6f26-4ac9-b900-27afc322759d,e60088e9-cf94-4e41-ae65-a5390866b4b8,infra.huilerie,226,Elaasmi,HUILERIE,a2fca49b-069d-4475-9c8d-e0df04402607,Elaasmi,infra.huilerie_inventaire_pollution,0.456179789100367,0.74,HIGH_RISK,POSSIBLE_MATCH,2,MANUAL_REVIEW,distance=0.46m; nom=1.00; commune=0.00; priorite=4,#dc2626,x-octagon,HIGH_RISK,POINT(473475 460862),POINT(473475.2 460861.59),POINT(473475 460862),POINT(473475 460862)
9a6d2af0-f838-49f9-9e11-9f33ccfee80b,e60088e9-cf94-4e41-ae65-a5390866b4b8,infra.huilerie,400,Huilerie Chekchaki,HUILERIE,a66606b2-01c7-48a1-85de-d887e16f7563,Huilerie Chekchaki,infra.huilerie_inventaire_pollution,0.0,0.74,MEDIUM_CONFIDENCE,DUPLICATE_EXACT,1,MANUAL_REVIEW_REQUIRED,distance=0.00m; nom=1.00; commune=0.00; priorite=4,#f59e0b,alert-triangle,MEDIUM_CONFIDENCE,POINT(509707 435928),POINT(509707 435928),POINT(509707 435928),POINT(509707 435928)
89734d5d-14a9-4d28-827a-36041ce6ed93,e60088e9-cf94-4e41-ae65-a5390866b4b8,infra.huilerie,401,Huilerie Bismi Allah,HUILERIE,02cd81d2-3f91-497d-a407-33c9423b20cc,Huilerie Bismi Allah,infra.huilerie_inventaire_pollution,0.0,0.74,MEDIUM_CONFIDENCE,DUPLICATE_EXACT,1,MANUAL_REVIEW_REQUIRED,distance=0.00m; nom=1.00; commune=0.00; priorite=4,#f59e0b,alert-triangle,MEDIUM_CONFIDENCE,POINT(508283 435859),POINT(508283 435859),POINT(508283 435859),POINT(508283 435859)
47f8644f-cb3e-46f0-b5dd-7b6198aeba39,e60088e9-cf94-4e41-ae65-a5390866b4b8,infra.huilerie,402,Huilerie Oued Drader,HUILERIE,81bf644b-0368-4533-b9ca-8da5f3a34cc6,Huilerie Oued Drader,infra.huilerie_inventaire_pollution,0.0,0.74,MEDIUM_CONFIDENCE,DUPLICATE_EXACT,1,MANUAL_REVIEW_REQUIRED,distance=0.00m; nom=1.00; commune=0.00; priorite=4,#f59e0b,alert-triangle,MEDIUM_CONFIDENCE,POINT(512013 441563),POINT(512013 441563),POINT(512013 441563),POINT(512013 441563)
920e5e77-8c00-48ee-9b53-8064ee007728,e60088e9-cf94-4e41-ae65-a5390866b4b8,infra.huilerie,403,Huilerie Ain Chajra,HUILERIE,1c1717ef-dc0b-41c4-87c4-2241dbcf5a08,Huilerie Ain Chajra,infra.huilerie_inventaire_pollution,0.0,0.74,MEDIUM_CONFIDENCE,DUPLICATE_EXACT,1,MANUAL_REVIEW_REQUIRED,distance=0.00m; nom=1.00; commune=0.00; priorite=4,#f59e0b,alert-triangle,MEDIUM_CONFIDENCE,POINT(509257 435940),POINT(509257 435940),POINT(509257 435940),POINT(509257 435940)
674c2ed2-42d9-4c99-af78-dc0a8ab0e92b,e60088e9-cf94-4e41-ae65-a5390866b4b8,infra.huilerie,66,Falah,HUILERIE,e2d22709-8cd4-46e5-887c-75baf18bb7dd,Falah,infra.huilerie_inventaire_pollution,0.0,0.74,MEDIUM_CONFIDENCE,DUPLICATE_EXACT,1,MANUAL_REVIEW_REQUIRED,distance=0.00m; nom=1.00; commune=0.00; priorite=4,#f59e0b,alert-triangle,MEDIUM_CONFIDENCE,POINT(567784 461825),POINT(567784 461825),POINT(567784 461825),POINT(567784 461825)
341c5f12-b275-49c8-b690-9ce940eb240a,e60088e9-cf94-4e41-ae65-a5390866b4b8,infra.huilerie,67,Ikawan,HUILERIE,b8a961a6-4a44-4eba-b055-030b8103fa74,Ikawan,infra.huilerie_inventaire_pollution,0.0,0.74,MEDIUM_CONFIDENCE,DUPLICATE_EXACT,1,MANUAL_REVIEW_REQUIRED,distance=0.00m; nom=1.00; commune=0.00; priorite=4,#f59e0b,alert-triangle,MEDIUM_CONFIDENCE,POINT(568100 460920),POINT(568100 460920),POINT(568100 460920),POINT(568100 460920)
35173cdc-90c5-4125-a97f-6e6669b2f17e,e60088e9-cf94-4e41-ae65-a5390866b4b8,infra.huilerie,68,Non-connue,HUILERIE,775c2363-8bbd-4c34-8489-bfa570963269,Non-connue,infra.huilerie_inventaire_pollution,0.0,0.74,MEDIUM_CONFIDENCE,DUPLICATE_EXACT,1,MANUAL_REVIEW_REQUIRED,distance=0.00m; nom=1.00; commune=0.00; priorite=4,#f59e0b,alert-triangle,MEDIUM_CONFIDENCE,POINT(565067 459916),POINT(565067 459916),POINT(565067 459916),POINT(565067 459916)
fba843eb-d708-4aa2-bf25-7c1f0d4d0047,e60088e9-cf94-4e41-ae65-a5390866b4b8,infra.huilerie,15,Huilerie Dromamed,HUILERIE,9864f838-228f-402d-9a4c-54451a6169f3,Huilerie Dromamed,infra.huilerie_inventaire_pollution,0.0,0.74,MEDIUM_CONFIDENCE,DUPLICATE_EXACT,1,MANUAL_REVIEW_REQUIRED,distance=0.00m; nom=1.00; commune=0.00; priorite=4,#f59e0b,alert-triangle,MEDIUM_CONFIDENCE,POINT(532074 475083),POINT(532074 475083),POINT(532074 475083),POINT(532074 475083)
35642fcc-f3dc-4a01-aa02-d2c70bfd6af3,e60088e9-cf94-4e41-ae65-a5390866b4b8,infra.huilerie,11,Association Taskana,HUILERIE,5d420dc7-0e5e-4d12-8aab-2218256d701f,Association Taskana,infra.huilerie_inventaire_pollution,0.0,0.74,MEDIUM_CONFIDENCE,DUPLICATE_EXACT,1,MANUAL_REVIEW_REQUIRED,distance=0.00m; nom=1.00; commune=0.00; priorite=4,#f59e0b,alert-triangle,MEDIUM_CONFIDENCE,POINT(539163 470644),POINT(539163 470644),POINT(539163 470644),POINT(539163 470644)
3fe727e5-2797-484f-a59b-2fe8d54f7910,e60088e9-cf94-4e41-ae65-a5390866b4b8,infra.huilerie,18,Huilerie Ouled Hmaidi,HUILERIE,e1b49fde-fc46-4143-900e-4ec9a71e4492,Huilerie Ouled Hmaidi,infra.huilerie_inventaire_pollution,0.0,0.74,MEDIUM_CONFIDENCE,DUPLICATE_EXACT,1,MANUAL_REVIEW_REQUIRED,distance=0.00m; nom=1.00; commune=0.00; priorite=4,#f59e0b,alert-triangle,MEDIUM_CONFIDENCE,POINT(528790 470977),POINT(528790 470977),POINT(528790 470977),POINT(528790 470977)
eb7a859f-f3c5-4527-99d4-f75ec6b96e7d,e60088e9-cf94-4e41-ae65-a5390866b4b8,infra.huilerie,19,Huilerie El Baraka,HUILERIE,ed2159a8-12af-41e2-99d4-3eb7e42cf183,Huilerie El Baraka,infra.huilerie_inventaire_pollution,0.0,0.74,MEDIUM_CONFIDENCE,DUPLICATE_EXACT,1,MANUAL_REVIEW_REQUIRED,distance=0.00m; nom=1.00; commune=0.00; priorite=4,#f59e0b,alert-triangle,MEDIUM_CONFIDENCE,POINT(530544 473978),POINT(530544 473978),POINT(530544 473978),POINT(530544 473978)
7c822835-a2a2-4b72-83fb-0ba27d99cb7f,e60088e9-cf94-4e41-ae65-a5390866b4b8,infra.huilerie,21,Huilerie Meskin,HUILERIE,8feb8c67-0b41-475b-9781-93e506876dd9,Huilerie Meskin,infra.huilerie_inventaire_pollution,0.0,0.74,MEDIUM_CONFIDENCE,DUPLICATE_EXACT,1,MANUAL_REVIEW_REQUIRED,distance=0.00m; nom=1.00; commune=0.00; priorite=4,#f59e0b,alert-triangle,MEDIUM_CONFIDENCE,POINT(528940 471106),POINT(528940 471106),POINT(528940 471106),POINT(528940 471106)
b48d3568-683c-4b4d-a314-a489d3989d2c,e60088e9-cf94-4e41-ae65-a5390866b4b8,infra.huilerie,13,Huilerie Coopérative Bni Falghoum,HUILERIE,90a46181-cdbe-4f47-be5a-796c0db312b9,Huilerie Coopérative Bni Falghoum,infra.huilerie_inventaire_pollution,0.0,0.74,MEDIUM_CONFIDENCE,DUPLICATE_EXACT,1,MANUAL_REVIEW_REQUIRED,distance=0.00m; nom=1.00; commune=0.00; priorite=4,#f59e0b,alert-triangle,MEDIUM_CONFIDENCE,POINT(522849 477761),POINT(522849 477761),POINT(522849 477761),POINT(522849 477761)
da3ca92c-3e39-4c5e-8b11-6cd75a38a6e0,e60088e9-cf94-4e41-ae65-a5390866b4b8,infra.huilerie,14,Huileire Beni Salah ,HUILERIE,87762ac6-5361-4dec-a6a7-e45c2faf814e,Huileire Beni Salah,infra.huilerie_inventaire_pollution,0.0,0.74,MEDIUM_CONFIDENCE,DUPLICATE_EXACT,1,MANUAL_REVIEW_REQUIRED,distance=0.00m; nom=1.00; commune=0.00; priorite=4,#f59e0b,alert-triangle,MEDIUM_CONFIDENCE,POINT(530625 484527),POINT(530625 484527),POINT(530625 484527),POINT(530625 484527)
100e3e24-b5d6-41a1-82ca-51d82e41d226,e60088e9-cf94-4e41-ae65-a5390866b4b8,infra.huilerie,24,Huileire Fifi,HUILERIE,fe1442b8-e68a-4579-aa0c-757d95c136e1,Huileire Fifi,infra.huilerie_inventaire_pollution,0.0,0.74,MEDIUM_CONFIDENCE,DUPLICATE_EXACT,1,MANUAL_REVIEW_REQUIRED,distance=0.00m; nom=1.00; commune=0.00; priorite=4,#f59e0b,alert-triangle,MEDIUM_CONFIDENCE,POINT(514133 483110),POINT(514133 483110),POINT(514133 483110),POINT(514133 483110)
22b0cea4-209c-4002-978c-2c5c9079d5c8,e60088e9-cf94-4e41-ae65-a5390866b4b8,infra.huilerie,17,Huilerie Maakacha,HUILERIE,00d89a3f-af73-485f-a3e7-14f01e71e29f,Huilerie Maakacha,infra.huilerie_inventaire_pollution,0.0,0.74,MEDIUM_CONFIDENCE,DUPLICATE_EXACT,1,MANUAL_REVIEW_REQUIRED,distance=0.00m; nom=1.00; commune=0.00; priorite=4,#f59e0b,alert-triangle,MEDIUM_CONFIDENCE,POINT(519116 494125),POINT(519116 494125),POINT(519116 494125),POINT(519116 494125)
2c9f4c31-aaaf-428d-897a-888e7ad739b5,e60088e9-cf94-4e41-ae65-a5390866b4b8,infra.huilerie,22,Huilerie Kachour Abdelaziz,HUILERIE,3fd799cf-1ea5-4536-9dea-638862c357fc,Huilerie Kachour Abdelaziz,infra.huilerie_inventaire_pollution,0.0,0.74,MEDIUM_CONFIDENCE,DUPLICATE_EXACT,1,MANUAL_REVIEW_REQUIRED,distance=0.00m; nom=1.00; commune=0.00; priorite=4,#f59e0b,alert-triangle,MEDIUM_CONFIDENCE,POINT(517619 494356),POINT(517619 494356),POINT(517619 494356),POINT(517619 494356)
acd8f58f-3aae-4814-9bad-b641694a6fb4,e60088e9-cf94-4e41-ae65-a5390866b4b8,infra.huilerie,201,Ste Huillerie Dalila,HUILERIE,163544a2-145a-46bd-b391-e7a181fda013,Ste Huillerie Dalila,infra.huilerie_inventaire_pollution,0.07810249674982515,0.74,HIGH_RISK,POSSIBLE_MATCH,2,MANUAL_REVIEW,distance=0.08m; nom=1.00; commune=0.00; priorite=4,#dc2626,x-octagon,HIGH_RISK,POINT(518169 460880),POINT(518169.06 460880.05),POINT(518169 460880),POINT(518169 460880)
d92aa0e5-226f-4725-a411-371a7bad22fb,e60088e9-cf94-4e41-ae65-a5390866b4b8,infra.huilerie,202,Huillerie Beni Kaoulech,HUILERIE,5063f2b0-2c77-417e-96c4-813b4ed6edfc,Huillerie Beni Kaoulech,infra.huilerie_inventaire_pollution,0.43266615303888906,0.74,HIGH_RISK,POSSIBLE_MATCH,2,MANUAL_REVIEW,distance=0.43m; nom=1.00; commune=0.00; priorite=4,#dc2626,x-octagon,HIGH_RISK,POINT(518802 464782),POINT(518801.76 464782.36),POINT(518802 464782),POINT(518802 464782)
5dbb99d7-c420-439c-a1b0-b148cda9c02c,e60088e9-cf94-4e41-ae65-a5390866b4b8,infra.huilerie,203,Huillerie Edahbia,HUILERIE,bfd6ff02-d6ce-47a8-a25f-157f54c65336,Huillerie Edahbia,infra.huilerie_inventaire_pollution,0.5283937925677413,0.74,HIGH_RISK,POSSIBLE_MATCH,2,MANUAL_REVIEW,distance=0.53m; nom=1.00; commune=0.00; priorite=4,#dc2626,x-octagon,HIGH_RISK,POINT(513609 460358),POINT(513609.26 460357.54),POINT(513609 460358),POINT(513609 460358)
06658f15-9d71-464d-bed3-90fd94a743d8,e60088e9-cf94-4e41-ae65-a5390866b4b8,infra.huilerie,217,Huillerie Lhaj Azouz,HUILERIE,e1c9c773-efed-46f9-be40-b3b96d284713,Huillerie Lhaj Azouz,infra.huilerie_inventaire_pollution,0.44283179651068955,0.74,HIGH_RISK,POSSIBLE_MATCH,2,MANUAL_REVIEW,distance=0.44m; nom=1.00; commune=0.00; priorite=4,#dc2626,x-octagon,HIGH_RISK,POINT(503390 465614),POINT(503390.44 465614.05),POINT(503390 465614),POINT(503390 465614)
71180663-fe40-44bc-bf12-2a8082d878db,e60088e9-cf94-4e41-ae65-a5390866b4b8,infra.huilerie,218,Elchatbyenne,HUILERIE,62b7db1c-0a09-4f3c-b51d-6eeabe385a88,Elchatbyenne,infra.huilerie_inventaire_pollution,0.4916299421202869,0.74,HIGH_RISK,POSSIBLE_MATCH,2,MANUAL_REVIEW,distance=0.49m; nom=1.00; commune=0.00; priorite=4,#dc2626,x-octagon,HIGH_RISK,POINT(497736 460111),POINT(497736.49 460110.96),POINT(497736 460111),POINT(497736 460111)
77c14b27-8047-48bc-b5b3-73c8eee98745,e60088e9-cf94-4e41-ae65-a5390866b4b8,infra.huilerie,219,Zoumi,HUILERIE,e7668cf1-2a4f-4ead-adc1-9c1cf1ac1fdd,Zoumi,infra.huilerie_inventaire_pollution,0.22360679774997896,0.74,HIGH_RISK,POSSIBLE_MATCH,2,MANUAL_REVIEW,distance=0.22m; nom=1.00; commune=0.00; priorite=4,#dc2626,x-octagon,HIGH_RISK,POINT(497840 460614),POINT(497840.2 460613.9),POINT(497840 460614),POINT(497840 460614)
71e7b46f-2ffb-4ed2-969a-8a0446822baf,e60088e9-cf94-4e41-ae65-a5390866b4b8,infra.huilerie,220,Huillerie Zoyoute Janat,HUILERIE,0724cbcf-c126-4091-a17e-03aca72364f5,Huillerie Zoyoute Janat,infra.huilerie_inventaire_pollution,0.4770744176996597,0.74,HIGH_RISK,POSSIBLE_MATCH,2,MANUAL_REVIEW,distance=0.48m; nom=1.00; commune=0.00; priorite=4,#dc2626,x-octagon,HIGH_RISK,POINT(511691 462322),POINT(511690.74 462322.4),POINT(511691 462322),POINT(511691 462322)
b15ca81e-8627-4fc7-ac3b-60c994d0670b,e60088e9-cf94-4e41-ae65-a5390866b4b8,infra.huilerie,230,Smimih,HUILERIE,8c1046e5-0cf9-4ccf-ab17-320bcc6472ae,Smimih,infra.huilerie_inventaire_pollution,0.3820994635176672,0.74,HIGH_RISK,POSSIBLE_MATCH,2,MANUAL_REVIEW,distance=0.38m; nom=1.00; commune=0.00; priorite=4,#dc2626,x-octagon,HIGH_RISK,POINT(502067 465078),POINT(502067.26 465077.72),POINT(502067 465078),POINT(502067 465078)
de917302-ac85-4700-8666-3190a1f29dd4,e60088e9-cf94-4e41-ae65-a5390866b4b8,infra.huilerie,206,Lhaj Abdessalam,HUILERIE,6ffab696-7e78-43a4-9927-a28e29cae370,Lhaj Abdessalam,infra.huilerie_inventaire_pollution,0.1562049934996503,0.74,HIGH_RISK,POSSIBLE_MATCH,2,MANUAL_REVIEW,distance=0.16m; nom=1.00; commune=0.00; priorite=4,#dc2626,x-octagon,HIGH_RISK,POINT(504103 479981),POINT(504102.9 479980.88),POINT(504103 479981),POINT(504103 479981)
7bb2c1ad-6dd2-4a99-a975-4cb952939f6c,e60088e9-cf94-4e41-ae65-a5390866b4b8,infra.huilerie,227,Zoyout Chefchaouen,HUILERIE,fbfcfcbb-a262-4edf-aa1d-2faecddf1581,Zoyout Chefchaouen,infra.huilerie_inventaire_pollution,0.06324555320704896,0.74,HIGH_RISK,POSSIBLE_MATCH,2,MANUAL_REVIEW,distance=0.06m; nom=1.00; commune=0.00; priorite=4,#dc2626,x-octagon,HIGH_RISK,POINT(504605 480731),POINT(504604.98 480730.94),POINT(504605 480731),POINT(504605 480731)
d44ecdf2-7b27-43d4-bc0f-8c0f08d6a8a1,e60088e9-cf94-4e41-ae65-a5390866b4b8,infra.huilerie,69,Sté johako,HUILERIE,97511e7f-0331-4933-ba12-f5fd7da43a61,Sté johako,infra.huilerie_inventaire_pollution,0.0,0.74,MEDIUM_CONFIDENCE,DUPLICATE_EXACT,1,MANUAL_REVIEW_REQUIRED,distance=0.00m; nom=1.00; commune=0.00; priorite=4,#f59e0b,alert-triangle,MEDIUM_CONFIDENCE,POINT(612858 468886),POINT(612858 468886),POINT(612858 468886),POINT(612858 468886)
ae27aaac-4ad2-4833-8f52-81ceedffb413,e60088e9-cf94-4e41-ae65-a5390866b4b8,infra.huilerie,23,Huilerie coopérative Bni Darkoun,HUILERIE,d9c4f33d-a65c-40b2-a50f-dd98a4c5a805,Huilerie coopérative Bni Darkoun,infra.huilerie_inventaire_pollution,0.0,0.74,MEDIUM_CONFIDENCE,DUPLICATE_EXACT,1,MANUAL_REVIEW_REQUIRED,distance=0.00m; nom=1.00; commune=0.00; priorite=4,#f59e0b,alert-triangle,MEDIUM_CONFIDENCE,POINT(530106 494975),POINT(530106 494975),POINT(530106 494975),POINT(530106 494975)
26d84180-85fc-4f66-912c-1f9b0aec4560,e60088e9-cf94-4e41-ae65-a5390866b4b8,infra.huilerie,43,Huilerie El boukhari ,HUILERIE,b519f3ef-39d7-4ba7-8dd0-49394787554b,Huilerie El boukhari,infra.huilerie_inventaire_pollution,0.0,0.74,MEDIUM_CONFIDENCE,DUPLICATE_EXACT,1,MANUAL_REVIEW_REQUIRED,distance=0.00m; nom=1.00; commune=0.00; priorite=4,#f59e0b,alert-triangle,MEDIUM_CONFIDENCE,POINT(482689 338739),POINT(482689 338739),POINT(482689 338739),POINT(482689 338739)
b6a8ad81-f342-481f-ba47-75fc80fdcb95,e60088e9-cf94-4e41-ae65-a5390866b4b8,infra.huilerie,44,Huilerie Hafoudi,HUILERIE,e76bc15c-b3f3-40c4-ba20-231572c8e325,Huilerie Hafoudi,infra.huilerie_inventaire_pollution,0.0,0.74,MEDIUM_CONFIDENCE,DUPLICATE_EXACT,1,MANUAL_REVIEW_REQUIRED,distance=0.00m; nom=1.00; commune=0.00; priorite=4,#f59e0b,alert-triangle,MEDIUM_CONFIDENCE,POINT(481615 338254),POINT(481615 338254),POINT(481615 338254),POINT(481615 338254)
1b9b9fc4-af42-4a6c-b83f-6e84d61bac5f,e60088e9-cf94-4e41-ae65-a5390866b4b8,infra.huilerie,409,Mohamed El Kahira,HUILERIE,9df4df8f-0b5b-4f98-849c-6e3b0cec8913,Mohamed El Kahira,infra.huilerie_inventaire_pollution,0.0,0.74,MEDIUM_CONFIDENCE,DUPLICATE_EXACT,1,MANUAL_REVIEW_REQUIRED,distance=0.00m; nom=1.00; commune=0.00; priorite=4,#f59e0b,alert-triangle,MEDIUM_CONFIDENCE,POINT(483209 337722),POINT(483209 337722),POINT(483209 337722),POINT(483209 337722)
2bd81a36-9b1e-4b51-b256-03948c507657,e60088e9-cf94-4e41-ae65-a5390866b4b8,infra.huilerie,29,MAASARA AIT KRAT (Ait Aziz),HUILERIE,41128b7c-4675-403d-8750-289dc0c24159,MAASARA AIT KRAT (Ait Aziz),infra.huilerie_inventaire_pollution,0.6652818951402107,0.74,HIGH_RISK,POSSIBLE_MATCH,2,MANUAL_REVIEW,distance=0.67m; nom=1.00; commune=0.00; priorite=4,#dc2626,x-octagon,HIGH_RISK,POINT(474719 356160),POINT(474719.49 356159.55),POINT(474719 356160),POINT(474719 356160)
5c4d3a9c-a0b7-45fb-b538-808b55773e15,e60088e9-cf94-4e41-ae65-a5390866b4b8,infra.huilerie,51,Maasra oum errabia,HUILERIE,940780fb-0245-4da3-9d63-f936f6f9c6eb,Maasra oum errabia,infra.huilerie_inventaire_pollution,0.0,0.74,MEDIUM_CONFIDENCE,DUPLICATE_EXACT,1,MANUAL_REVIEW_REQUIRED,distance=0.00m; nom=1.00; commune=0.00; priorite=4,#f59e0b,alert-triangle,MEDIUM_CONFIDENCE,POINT(476856 346321),POINT(476856 346321),POINT(476856 346321),POINT(476856 346321)
b6fe3699-af61-4c5d-bbce-19d4d095ef8f,e60088e9-cf94-4e41-ae65-a5390866b4b8,infra.huilerie,53,Huilerie Elharrati ait Krat,HUILERIE,f73ee695-1d9a-49f8-a9ed-54c7fd0a1244,Huilerie Elharrati ait Krat,infra.huilerie_inventaire_pollution,0.0,0.74,MEDIUM_CONFIDENCE,DUPLICATE_EXACT,1,MANUAL_REVIEW_REQUIRED,distance=0.00m; nom=1.00; commune=0.00; priorite=4,#f59e0b,alert-triangle,MEDIUM_CONFIDENCE,POINT(475332 351711),POINT(475332 351711),POINT(475332 351711),POINT(475332 351711)
60bdf588-e7ef-421b-802b-77b54a8db660,e60088e9-cf94-4e41-ae65-a5390866b4b8,infra.huilerie,54,Maasra OLEA Capital,HUILERIE,43aca9b5-f809-47b7-83b4-cf3a6f765a34,Maasra OLEA Capital,infra.huilerie_inventaire_pollution,0.0,0.74,MEDIUM_CONFIDENCE,DUPLICATE_EXACT,1,MANUAL_REVIEW_REQUIRED,distance=0.00m; nom=1.00; commune=0.00; priorite=4,#f59e0b,alert-triangle,MEDIUM_CONFIDENCE,POINT(474531 355160),POINT(474531 355160),POINT(474531 355160),POINT(474531 355160)
2f678fdd-3d3f-44bd-9701-f435248584eb,e60088e9-cf94-4e41-ae65-a5390866b4b8,infra.huilerie,61,FATTAH ABDELLKADAR,HUILERIE,4e1d779c-3b2e-419d-9d53-ff213c02adc0,FATTAH ABDELLKADAR,infra.huilerie_inventaire_pollution,0.31240998703656425,0.74,HIGH_RISK,POSSIBLE_MATCH,2,MANUAL_REVIEW,distance=0.31m; nom=1.00; commune=0.00; priorite=4,#dc2626,x-octagon,HIGH_RISK,POINT(474184 346708),POINT(474184.24 346708.2),POINT(474184 346708),POINT(474184 346708)
5aa57de6-a0a2-474f-ab01-29143e23c276,e60088e9-cf94-4e41-ae65-a5390866b4b8,infra.huilerie,430,H.BENAYAD,HUILERIE,615fd7a8-89ae-4c1a-809b-8862d297e868,H.BENAYAD,infra.huilerie_inventaire_pollution,0.0,0.74,MEDIUM_CONFIDENCE,DUPLICATE_EXACT,1,MANUAL_REVIEW_REQUIRED,distance=0.00m; nom=1.00; commune=0.00; priorite=4,#f59e0b,alert-triangle,MEDIUM_CONFIDENCE,POINT(590582 359273),POINT(590582 359273),POINT(590582 359273),POINT(590582 359273)
86351909-c1e6-42d9-b72e-e829a22cc3a0,e60088e9-cf94-4e41-ae65-a5390866b4b8,infra.huilerie,455,H.DARIH,HUILERIE,7ae31183-778b-4661-aae5-b1db55092a1d,H.DARIH,infra.huilerie_inventaire_pollution,0.0,0.74,MEDIUM_CONFIDENCE,DUPLICATE_EXACT,1,MANUAL_REVIEW_REQUIRED,distance=0.00m; nom=1.00; commune=0.00; priorite=4,#f59e0b,alert-triangle,MEDIUM_CONFIDENCE,POINT(566285 355297),POINT(566285 355297),POINT(566285 355297),POINT(566285 355297)
6b6c0fae-3ef2-4663-b111-bae8c56ca046,e60088e9-cf94-4e41-ae65-a5390866b4b8,infra.huilerie,456,H.BOIDIS,HUILERIE,eaac5cd4-37a7-4fbf-98f2-ce383a10b5ed,H.BOIDIS,infra.huilerie_inventaire_pollution,0.0,0.74,MEDIUM_CONFIDENCE,DUPLICATE_EXACT,1,MANUAL_REVIEW_REQUIRED,distance=0.00m; nom=1.00; commune=0.00; priorite=4,#f59e0b,alert-triangle,MEDIUM_CONFIDENCE,POINT(568109 359541),POINT(568109 359541),POINT(568109 359541),POINT(568109 359541)
03011f29-cf67-4f97-81d8-77c663c3bce0,e60088e9-cf94-4e41-ae65-a5390866b4b8,infra.huilerie,26,H.AMRI,HUILERIE,83855cb8-b45f-4668-b6f4-59f8d2bab049,H.AMRI,infra.huilerie_inventaire_pollution,0.0,0.74,MEDIUM_CONFIDENCE,DUPLICATE_EXACT,1,MANUAL_REVIEW_REQUIRED,distance=0.00m; nom=1.00; commune=0.00; priorite=4,#f59e0b,alert-triangle,MEDIUM_CONFIDENCE,POINT(479472 358692),POINT(479472 358692),POINT(479472 358692),POINT(479472 358692)
5bd843e0-6c22-4558-aa4c-064bc5bbde38,e60088e9-cf94-4e41-ae65-a5390866b4b8,infra.huilerie,27,H.JEBAR,HUILERIE,4a72ac77-2460-4b88-9c84-7f6728e78e9c,H.JEBAR,infra.huilerie_inventaire_pollution,0.0,0.74,MEDIUM_CONFIDENCE,DUPLICATE_EXACT,1,MANUAL_REVIEW_REQUIRED,distance=0.00m; nom=1.00; commune=0.00; priorite=4,#f59e0b,alert-triangle,MEDIUM_CONFIDENCE,POINT(477488 358584),POINT(477488 358584),POINT(477488 358584),POINT(477488 358584)
8bc7cefb-aeac-477d-a088-267211e55ae6,e60088e9-cf94-4e41-ae65-a5390866b4b8,infra.huilerie,28,H.STTU MHAMED,HUILERIE,4c9de65b-2e06-45fe-a79c-757f8fccdd34,H.STTU MHAMED,infra.huilerie_inventaire_pollution,0.0,0.74,MEDIUM_CONFIDENCE,DUPLICATE_EXACT,1,MANUAL_REVIEW_REQUIRED,distance=0.00m; nom=1.00; commune=0.00; priorite=4,#f59e0b,alert-triangle,MEDIUM_CONFIDENCE,POINT(477364 356549),POINT(477364 356549),POINT(477364 356549),POINT(477364 356549)
fadaa2db-4bfc-4e90-95de-3e28269f7b98,e60088e9-cf94-4e41-ae65-a5390866b4b8,infra.huilerie,52,Huilerie Akoudad ,HUILERIE,ca9b9cdc-edc8-4c4d-9b75-d7486628c35f,Huilerie Akoudad,infra.huilerie_inventaire_pollution,0.0,0.74,MEDIUM_CONFIDENCE,DUPLICATE_EXACT,1,MANUAL_REVIEW_REQUIRED,distance=0.00m; nom=1.00; commune=0.00; priorite=4,#f59e0b,alert-triangle,MEDIUM_CONFIDENCE,POINT(477151 354793),POINT(477151 354793),POINT(477151 354793),POINT(477151 354793)
9ca2ba2f-e82d-4cdd-8a45-6f2e5447c808,e60088e9-cf94-4e41-ae65-a5390866b4b8,infra.huilerie,59,H.ABDESSALLAM OUCHOUAA,HUILERIE,0489acb6-f516-44da-9dbd-8ca6a2fceed3,H.ABDESSALLAM OUCHOUAA,infra.huilerie_inventaire_pollution,0.0,0.74,MEDIUM_CONFIDENCE,DUPLICATE_EXACT,1,MANUAL_REVIEW_REQUIRED,distance=0.00m; nom=1.00; commune=0.00; priorite=4,#f59e0b,alert-triangle,MEDIUM_CONFIDENCE,POINT(476546 357414),POINT(476546 357414),POINT(476546 357414),POINT(476546 357414)
13ac3a12-efe2-44e5-8078-234eb613cdd3,e60088e9-cf94-4e41-ae65-a5390866b4b8,infra.huilerie,60,H.LMKADAM SAID,HUILERIE,785d27ef-a146-463f-a9be-2ee5f741e0eb,H.LMKADAM SAID,infra.huilerie_inventaire_pollution,0.0,0.74,MEDIUM_CONFIDENCE,DUPLICATE_EXACT,1,MANUAL_REVIEW_REQUIRED,distance=0.00m; nom=1.00; commune=0.00; priorite=4,#f59e0b,alert-triangle,MEDIUM_CONFIDENCE,POINT(477077 357052),POINT(477077 357052),POINT(477077 357052),POINT(477077 357052)
9754af18-e265-437a-b3f2-137936c565ec,e60088e9-cf94-4e41-ae65-a5390866b4b8,infra.huilerie,410,El Omari,HUILERIE,255b0193-004b-474e-94b3-0a073c37c1aa,El Omari,infra.huilerie_inventaire_pollution,0.0,0.74,MEDIUM_CONFIDENCE,DUPLICATE_EXACT,1,MANUAL_REVIEW_REQUIRED,distance=0.00m; nom=1.00; commune=0.00; priorite=4,#f59e0b,alert-triangle,MEDIUM_CONFIDENCE,POINT(475403 356941),POINT(475403 356941),POINT(475403 356941),POINT(475403 356941)
5f052d79-5aa4-4c0d-8d44-ee66aa9ee0eb,e60088e9-cf94-4e41-ae65-a5390866b4b8,infra.huilerie,411,Abd Errahmane Outaleb,HUILERIE,86a72638-02dd-4894-950e-93ded7912d0f,Abd Errahmane Outaleb,infra.huilerie_inventaire_pollution,0.0,0.74,MEDIUM_CONFIDENCE,DUPLICATE_EXACT,1,MANUAL_REVIEW_REQUIRED,distance=0.00m; nom=1.00; commune=0.00; priorite=4,#f59e0b,alert-triangle,MEDIUM_CONFIDENCE,POINT(475939 357189),POINT(475939 357189),POINT(475939 357189),POINT(475939 357189)
755a7450-cdab-41b0-83b4-b671e21b424d,e60088e9-cf94-4e41-ae65-a5390866b4b8,infra.huilerie,412,Ait El Maati Med,HUILERIE,91491ee0-09f5-41a1-b318-55074e5dc65e,Ait El Maati Med,infra.huilerie_inventaire_pollution,0.0,0.74,MEDIUM_CONFIDENCE,DUPLICATE_EXACT,1,MANUAL_REVIEW_REQUIRED,distance=0.00m; nom=1.00; commune=0.00; priorite=4,#f59e0b,alert-triangle,MEDIUM_CONFIDENCE,POINT(475754 358941),POINT(475754 358941),POINT(475754 358941),POINT(475754 358941)
9af6c0fe-1f1c-40ff-887a-f7dba6002638,e60088e9-cf94-4e41-ae65-a5390866b4b8,infra.huilerie,413,Ait El Maati Abd Ellah,HUILERIE,c38685b4-4fab-42b9-b547-2eafb3b86d2d,Ait El Maati Abd Ellah,infra.huilerie_inventaire_pollution,0.0,0.74,MEDIUM_CONFIDENCE,DUPLICATE_EXACT,1,MANUAL_REVIEW_REQUIRED,distance=0.00m; nom=1.00; commune=0.00; priorite=4,#f59e0b,alert-triangle,MEDIUM_CONFIDENCE,POINT(475656 359660),POINT(475656 359660),POINT(475656 359660),POINT(475656 359660)
a2a82221-6f6f-4235-af94-5057653a4f36,e60088e9-cf94-4e41-ae65-a5390866b4b8,infra.huilerie,414,Achbari Chaib,HUILERIE,05bc414b-1587-420b-87ef-fef50a71687c,Achbari Chaib,infra.huilerie_inventaire_pollution,0.0,0.74,MEDIUM_CONFIDENCE,DUPLICATE_EXACT,1,MANUAL_REVIEW_REQUIRED,distance=0.00m; nom=1.00; commune=0.00; priorite=4,#f59e0b,alert-triangle,MEDIUM_CONFIDENCE,POINT(478524 355480),POINT(478524 355480),POINT(478524 355480),POINT(478524 355480)
1f5b1cdd-3a5e-4a39-973f-d28f16405580,e60088e9-cf94-4e41-ae65-a5390866b4b8,infra.huilerie,39,Huilerie Lina Olive,HUILERIE,94e98b37-fb97-46ff-9a0e-88e3fb6b813c,Huilerie Lina Olive,infra.huilerie_inventaire_pollution,0.0,0.74,MEDIUM_CONFIDENCE,DUPLICATE_EXACT,1,MANUAL_REVIEW_REQUIRED,distance=0.00m; nom=1.00; commune=0.00; priorite=4,#f59e0b,alert-triangle,MEDIUM_CONFIDENCE,POINT(504988 365373),POINT(504988 365373),POINT(504988 365373),POINT(504988 365373)
6fdd6e02-40ba-473a-8126-b7e8a8b55286,e60088e9-cf94-4e41-ae65-a5390866b4b8,infra.huilerie,40,Huilerie Ait hssi ouali          ,HUILERIE,b562d28b-c0a0-4536-8cef-71b9b1a39e6f,Huilerie Ait hssi ouali,infra.huilerie_inventaire_pollution,0.0,0.74,MEDIUM_CONFIDENCE,DUPLICATE_EXACT,1,MANUAL_REVIEW_REQUIRED,distance=0.00m; nom=1.00; commune=0.00; priorite=4,#f59e0b,alert-triangle,MEDIUM_CONFIDENCE,POINT(504915 365721),POINT(504915 365721),POINT(504915 365721),POINT(504915 365721)
bed4379c-48c3-47ad-81ea-a42bfa5b8df7,e60088e9-cf94-4e41-ae65-a5390866b4b8,infra.huilerie,41,Huilerie Domaine El Gour          ,HUILERIE,b562d28b-c0a0-4536-8cef-71b9b1a39e6f,Huilerie Ait hssi ouali,infra.huilerie_inventaire_pollution,0.0,0.5686,MEDIUM_CONFIDENCE,DUPLICATE_EXACT,1,MANUAL_REVIEW_REQUIRED,distance=0.00m; nom=0.14; commune=0.00; priorite=4,#f59e0b,alert-triangle,MEDIUM_CONFIDENCE,POINT(504915 365721),POINT(504915 365721),POINT(504915 365721),POINT(504915 365721)
46d42557-c4b0-4211-8859-bc71f092d8f4,e60088e9-cf94-4e41-ae65-a5390866b4b8,infra.huilerie,420,Dahra Morroco,HUILERIE,a750f1fa-d97a-48ce-b2b2-13497fe5412c,Dahra Morroco,infra.huilerie_inventaire_pollution,0.0,0.74,MEDIUM_CONFIDENCE,DUPLICATE_EXACT,1,MANUAL_REVIEW_REQUIRED,distance=0.00m; nom=1.00; commune=0.00; priorite=4,#f59e0b,alert-triangle,MEDIUM_CONFIDENCE,POINT(504274 362710),POINT(504274 362710),POINT(504274 362710),POINT(504274 362710)
e30e1094-3853-458e-92aa-838433d9bf25,e60088e9-cf94-4e41-ae65-a5390866b4b8,infra.huilerie,421,Huilerie Domain El Gour,HUILERIE,24d90614-03b8-44d2-b599-8f612dfef1d2,Huilerie Domain El Gour,infra.huilerie_inventaire_pollution,0.0,0.74,MEDIUM_CONFIDENCE,DUPLICATE_EXACT,1,MANUAL_REVIEW_REQUIRED,distance=0.00m; nom=1.00; commune=0.00; priorite=4,#f59e0b,alert-triangle,MEDIUM_CONFIDENCE,POINT(506458 359547),POINT(506458 359547),POINT(506458 359547),POINT(506458 359547)
8efcebac-f302-4622-b74a-6c39820e36a2,e60088e9-cf94-4e41-ae65-a5390866b4b8,infra.huilerie,561,Benaouda allal,HUILERIE,494d1c2d-2340-49c5-8338-ac877911ca5c,Benaouda allal,infra.huilerie_inventaire_pollution,0.0,0.74,MEDIUM_CONFIDENCE,DUPLICATE_EXACT,1,MANUAL_REVIEW_REQUIRED,distance=0.00m; nom=1.00; commune=0.00; priorite=4,#f59e0b,alert-triangle,MEDIUM_CONFIDENCE,POINT(497248 364862),POINT(497248 364862),POINT(497248 364862),POINT(497248 364862)
4c7fbcfa-eeee-41ff-964c-337c743cdb71,e60088e9-cf94-4e41-ae65-a5390866b4b8,infra.huilerie,346,Hicham hanin,HUILERIE,d687bec4-e442-40e4-831f-d4717829a56b,Hicham hanin,infra.huilerie_inventaire_pollution,0.0,0.74,MEDIUM_CONFIDENCE,DUPLICATE_EXACT,1,MANUAL_REVIEW_REQUIRED,distance=0.00m; nom=1.00; commune=0.00; priorite=4,#f59e0b,alert-triangle,MEDIUM_CONFIDENCE,POINT(589267 384150),POINT(589267 384150),POINT(589267 384150),POINT(589267 384150)
6ab74922-d6ab-4888-b82a-ecf8b3f3cbd0,e60088e9-cf94-4e41-ae65-a5390866b4b8,infra.huilerie,543,H.LAAMARTI,HUILERIE,4becc80d-31b1-4449-aa6d-4e37c418cb2d,H.LAAMARTI,infra.huilerie_inventaire_pollution,0.0,0.74,MEDIUM_CONFIDENCE,DUPLICATE_EXACT,1,MANUAL_REVIEW_REQUIRED,distance=0.00m; nom=1.00; commune=0.00; priorite=4,#f59e0b,alert-triangle,MEDIUM_CONFIDENCE,POINT(494803 382870),POINT(494803 382870),POINT(494803 382870),POINT(494803 382870)
96e192ef-5dbd-44f9-97ad-4a28c971612f,e60088e9-cf94-4e41-ae65-a5390866b4b8,infra.huilerie,544,H.DRISS BOUAYADI,HUILERIE,ec7dcf28-1b43-4bb5-9594-e6fd23acedcf,H.DRISS BOUAYADI,infra.huilerie_inventaire_pollution,0.0,0.74,MEDIUM_CONFIDENCE,DUPLICATE_EXACT,1,MANUAL_REVIEW_REQUIRED,distance=0.00m; nom=1.00; commune=0.00; priorite=4,#f59e0b,alert-triangle,MEDIUM_CONFIDENCE,POINT(504029 384976),POINT(504029 384976),POINT(504029 384976),POINT(504029 384976)
ebbeb6a6-47c8-49f5-baa1-5ae8ffef27ee,e60088e9-cf94-4e41-ae65-a5390866b4b8,infra.huilerie,555,H.BISMILLAH RASS LAINE,HUILERIE,1761519c-ee9e-426a-a21a-2f2281c28cb8,H.BISMILLAH RASS LAINE,infra.huilerie_inventaire_pollution,0.0,0.74,MEDIUM_CONFIDENCE,DUPLICATE_EXACT,1,MANUAL_REVIEW_REQUIRED,distance=0.00m; nom=1.00; commune=0.00; priorite=4,#f59e0b,alert-triangle,MEDIUM_CONFIDENCE,POINT(505730 382317),POINT(505730 382317),POINT(505730 382317),POINT(505730 382317)
820775bd-feb7-4088-a9e7-621540d90880,e60088e9-cf94-4e41-ae65-a5390866b4b8,infra.huilerie,580,HASSAN BOUAAYAD,HUILERIE,e86f0834-b842-44fe-9fac-413ba8c0163b,HASSAN BOUAAYAD,infra.huilerie_inventaire_pollution,0.0,0.74,MEDIUM_CONFIDENCE,DUPLICATE_EXACT,1,MANUAL_REVIEW_REQUIRED,distance=0.00m; nom=1.00; commune=0.00; priorite=4,#f59e0b,alert-triangle,MEDIUM_CONFIDENCE,POINT(500818 383758),POINT(500818 383758),POINT(500818 383758),POINT(500818 383758)
15c11490-c2f7-4701-9003-a80cfe157be4,e60088e9-cf94-4e41-ae65-a5390866b4b8,infra.huilerie,424,Agri M'Haya,HUILERIE,bfbdf87b-4efb-49f9-a248-6687e2a5b40d,Agri M'Haya,infra.huilerie_inventaire_pollution,0.0,0.74,MEDIUM_CONFIDENCE,DUPLICATE_EXACT,1,MANUAL_REVIEW_REQUIRED,distance=0.00m; nom=1.00; commune=0.00; priorite=4,#f59e0b,alert-triangle,MEDIUM_CONFIDENCE,POINT(512347 374426),POINT(512347 374426),POINT(512347 374426),POINT(512347 374426)
6793c790-0081-45ff-a3f0-f266c4dc8a94,e60088e9-cf94-4e41-ae65-a5390866b4b8,infra.huilerie,425,Abou Karim,HUILERIE,bbc96a55-7d83-4699-88f5-37c50dd66604,Abou Karim,infra.huilerie_inventaire_pollution,0.0,0.74,MEDIUM_CONFIDENCE,DUPLICATE_EXACT,1,MANUAL_REVIEW_REQUIRED,distance=0.00m; nom=1.00; commune=0.00; priorite=4,#f59e0b,alert-triangle,MEDIUM_CONFIDENCE,POINT(512297 374396),POINT(512297 374396),POINT(512297 374396),POINT(512297 374396)
e473b7af-5450-4f7d-aa40-fc5e650fa33f,e60088e9-cf94-4e41-ae65-a5390866b4b8,infra.huilerie,513,"H,YOUSSEF MKDAD",HUILERIE,5c292b4b-1a7f-4eef-b58f-de87a83a43d4,"H,YOUSSEF MKDAD",infra.huilerie_inventaire_pollution,0.11661903787574304,0.74,HIGH_RISK,POSSIBLE_MATCH,2,MANUAL_REVIEW,distance=0.12m; nom=1.00; commune=0.00; priorite=4,#dc2626,x-octagon,HIGH_RISK,POINT(513814 375567),POINT(513814.06 375566.9),POINT(513814 375567),POINT(513814 375567)
9e5edc94-6f9a-49b7-9ed8-28aa25be960b,e60088e9-cf94-4e41-ae65-a5390866b4b8,infra.huilerie,516,H.MOHAMED  FAHSSI,HUILERIE,81799bd3-ad73-4a16-957e-383b1b0c3ba8,H.MOHAMED  FAHSSI,infra.huilerie_inventaire_pollution,0.0,0.74,MEDIUM_CONFIDENCE,DUPLICATE_EXACT,1,MANUAL_REVIEW_REQUIRED,distance=0.00m; nom=1.00; commune=0.00; priorite=4,#f59e0b,alert-triangle,MEDIUM_CONFIDENCE,POINT(510983 376767),POINT(510983 376767),POINT(510983 376767),POINT(510983 376767)
972e1d06-ee4e-4ea1-ac27-b44a1598af11,e60088e9-cf94-4e41-ae65-a5390866b4b8,infra.huilerie,517,BISMILLAH,HUILERIE,91c896b2-173f-44f8-b1fb-f73e52ea53ae,BISMILLAH,infra.huilerie_inventaire_pollution,0.0,0.74,MEDIUM_CONFIDENCE,DUPLICATE_EXACT,1,MANUAL_REVIEW_REQUIRED,distance=0.00m; nom=1.00; commune=0.00; priorite=4,#f59e0b,alert-triangle,MEDIUM_CONFIDENCE,POINT(511822 374152),POINT(511822 374152),POINT(511822 374152),POINT(511822 374152)
b576e5f7-d301-4482-98b2-4383b4f8ef23,e60088e9-cf94-4e41-ae65-a5390866b4b8,infra.huilerie,518,EL HABLI DRISS,HUILERIE,74c86b19-930a-44e7-9988-745ec5f88ee9,EL HABLI DRISS,infra.huilerie_inventaire_pollution,0.0,0.74,MEDIUM_CONFIDENCE,DUPLICATE_EXACT,1,MANUAL_REVIEW_REQUIRED,distance=0.00m; nom=1.00; commune=0.00; priorite=4,#f59e0b,alert-triangle,MEDIUM_CONFIDENCE,POINT(510871 376347),POINT(510871 376347),POINT(510871 376347),POINT(510871 376347)
8bf291b5-7b34-4386-8517-110dd8752bb4,e60088e9-cf94-4e41-ae65-a5390866b4b8,infra.huilerie,519,H.SAHEL ABDERRAHMANE,HUILERIE,c70b723c-6369-4ce7-8e1f-505be2d805df,H.SAHEL ABDERRAHMANE,infra.huilerie_inventaire_pollution,0.0,0.74,MEDIUM_CONFIDENCE,DUPLICATE_EXACT,1,MANUAL_REVIEW_REQUIRED,distance=0.00m; nom=1.00; commune=0.00; priorite=4,#f59e0b,alert-triangle,MEDIUM_CONFIDENCE,POINT(510788 375962),POINT(510788 375962),POINT(510788 375962),POINT(510788 375962)
2cd05a7b-0f38-4fa7-b2c0-d44ef409db15,e60088e9-cf94-4e41-ae65-a5390866b4b8,infra.huilerie,520,H.ANOOR,HUILERIE,5b82802c-c9ff-423b-be14-ffec16e23dde,H.ANOOR,infra.huilerie_inventaire_pollution,0.0,0.74,MEDIUM_CONFIDENCE,DUPLICATE_EXACT,1,MANUAL_REVIEW_REQUIRED,distance=0.00m; nom=1.00; commune=0.00; priorite=4,#f59e0b,alert-triangle,MEDIUM_CONFIDENCE,POINT(512025 374254),POINT(512025 374254),POINT(512025 374254),POINT(512025 374254)
fc91941f-ff62-4c38-886e-706255f1cd2c,e60088e9-cf94-4e41-ae65-a5390866b4b8,infra.huilerie,521,H.HAJ LKHAYAT,HUILERIE,34e51ba1-4e4c-486f-876f-c8668884806b,H.HAJ LKHAYAT,infra.huilerie_inventaire_pollution,0.41400483090268014,0.74,HIGH_RISK,POSSIBLE_MATCH,2,MANUAL_REVIEW,distance=0.41m; nom=1.00; commune=0.00; priorite=4,#dc2626,x-octagon,HIGH_RISK,POINT(510898 375831),POINT(510897.75 375830.67),POINT(510898 375831),POINT(510898 375831)
9a953eea-75f3-4277-9c6c-a2b2f9690aaa,e60088e9-cf94-4e41-ae65-a5390866b4b8,infra.huilerie,522,H.HAJAR,HUILERIE,a4c72713-56ac-4835-a0cb-10208a0d6851,H.HAJAR,infra.huilerie_inventaire_pollution,0.0,0.74,MEDIUM_CONFIDENCE,DUPLICATE_EXACT,1,MANUAL_REVIEW_REQUIRED,distance=0.00m; nom=1.00; commune=0.00; priorite=4,#f59e0b,alert-triangle,MEDIUM_CONFIDENCE,POINT(512055 374297),POINT(512055 374297),POINT(512055 374297),POINT(512055 374297)
568992d4-7eb3-4873-83f2-0e3cc86efcc1,e60088e9-cf94-4e41-ae65-a5390866b4b8,infra.huilerie,523,H.DOUKALI,HUILERIE,8018b320-f36d-46c6-bb84-a5add380b489,H.DOUKALI,infra.huilerie_inventaire_pollution,0.0,0.74,MEDIUM_CONFIDENCE,DUPLICATE_EXACT,1,MANUAL_REVIEW_REQUIRED,distance=0.00m; nom=1.00; commune=0.00; priorite=4,#f59e0b,alert-triangle,MEDIUM_CONFIDENCE,POINT(513160 374940),POINT(513160 374940),POINT(513160 374940),POINT(513160 374940)
33bf40a3-c483-4195-b770-feadfe444dcd,e60088e9-cf94-4e41-ae65-a5390866b4b8,infra.huilerie,524,H.kazdari,HUILERIE,4b15134b-76d9-46de-829a-a270f2143980,H.kazdari,infra.huilerie_inventaire_pollution,0.0,0.74,MEDIUM_CONFIDENCE,DUPLICATE_EXACT,1,MANUAL_REVIEW_REQUIRED,distance=0.00m; nom=1.00; commune=0.00; priorite=4,#f59e0b,alert-triangle,MEDIUM_CONFIDENCE,POINT(513805 375540),POINT(513805 375540),POINT(513805 375540),POINT(513805 375540)
94c0c628-fb75-47d5-b19d-e8a0db291b9f,e60088e9-cf94-4e41-ae65-a5390866b4b8,infra.huilerie,525,H.ben lmahdi,HUILERIE,a03f8faa-0fa4-4660-929f-808415ebda10,H.ben lmahdi,infra.huilerie_inventaire_pollution,0.0,0.74,MEDIUM_CONFIDENCE,DUPLICATE_EXACT,1,MANUAL_REVIEW_REQUIRED,distance=0.00m; nom=1.00; commune=0.00; priorite=4,#f59e0b,alert-triangle,MEDIUM_CONFIDENCE,POINT(513240 375215),POINT(513240 375215),POINT(513240 375215),POINT(513240 375215)
30ed1df8-4524-4ee4-a4f3-5fd138e0293f,e60088e9-cf94-4e41-ae65-a5390866b4b8,infra.huilerie,526,H.BELAID,HUILERIE,bdd6e1ab-e5b9-4a71-bbac-45796b195dbb,H.BELAID,infra.huilerie_inventaire_pollution,0.0,0.74,MEDIUM_CONFIDENCE,DUPLICATE_EXACT,1,MANUAL_REVIEW_REQUIRED,distance=0.00m; nom=1.00; commune=0.00; priorite=4,#f59e0b,alert-triangle,MEDIUM_CONFIDENCE,POINT(513030 374861),POINT(513030 374861),POINT(513030 374861),POINT(513030 374861)
66d69c87-063f-481e-97c8-d36a58cc1fb5,e60088e9-cf94-4e41-ae65-a5390866b4b8,infra.huilerie,527,H.EL KARAM,HUILERIE,f8c37f0c-60f6-4295-b913-edfd50ceb7ab,H.EL KARAM,infra.huilerie_inventaire_pollution,0.0,0.74,MEDIUM_CONFIDENCE,DUPLICATE_EXACT,1,MANUAL_REVIEW_REQUIRED,distance=0.00m; nom=1.00; commune=0.00; priorite=4,#f59e0b,alert-triangle,MEDIUM_CONFIDENCE,POINT(511769 374122),POINT(511769 374122),POINT(511769 374122),POINT(511769 374122)
e2748999-c4e6-4a5b-b496-126e3d288e76,e60088e9-cf94-4e41-ae65-a5390866b4b8,infra.huilerie,528,JAWHARAT ZOYOUT LEHGUI ,HUILERIE,9ddd198a-ad0b-4e12-a315-2ce5ae77d832,JAWHARAT ZOYOUT LEHGUI,infra.huilerie_inventaire_pollution,0.2517935662436123,0.74,HIGH_RISK,POSSIBLE_MATCH,2,MANUAL_REVIEW,distance=0.25m; nom=1.00; commune=0.00; priorite=4,#dc2626,x-octagon,HIGH_RISK,POINT(511694 374119),POINT(511693.97 374119.25),POINT(511694 374119),POINT(511694 374119)
25aaef62-3343-4a4d-bda9-10a88283d81d,e60088e9-cf94-4e41-ae65-a5390866b4b8,infra.huilerie,556,H.BOUAAOUDA,HUILERIE,8925cba7-d796-48bd-9fb5-b880768c835f,H.BOUAAOUDA,infra.huilerie_inventaire_pollution,0.0,0.74,MEDIUM_CONFIDENCE,DUPLICATE_EXACT,1,MANUAL_REVIEW_REQUIRED,distance=0.00m; nom=1.00; commune=0.00; priorite=4,#f59e0b,alert-triangle,MEDIUM_CONFIDENCE,POINT(506659 381324),POINT(506659 381324),POINT(506659 381324),POINT(506659 381324)
91ac43f4-668d-4a97-9280-547d53bc83ea,e60088e9-cf94-4e41-ae65-a5390866b4b8,infra.huilerie,570,Omar ghizlan,HUILERIE,89a9a85e-d72f-43cd-99af-c945368fac07,Omar ghizlan,infra.huilerie_inventaire_pollution,0.0,0.74,MEDIUM_CONFIDENCE,DUPLICATE_EXACT,1,MANUAL_REVIEW_REQUIRED,distance=0.00m; nom=1.00; commune=0.00; priorite=4,#f59e0b,alert-triangle,MEDIUM_CONFIDENCE,POINT(511013 375262),POINT(511013 375262),POINT(511013 375262),POINT(511013 375262)
9696b461-4693-4e3a-9895-aecc7ef095f5,e60088e9-cf94-4e41-ae65-a5390866b4b8,infra.huilerie,592,Zemouri huilerie,HUILERIE,3227e0cc-9633-442c-a682-9aa1e6b09e8c,Zemouri huilerie,infra.huilerie_inventaire_pollution,0.4661265922800037,0.74,HIGH_RISK,POSSIBLE_MATCH,2,MANUAL_REVIEW,distance=0.47m; nom=1.00; commune=0.00; priorite=4,#dc2626,x-octagon,HIGH_RISK,POINT(512484 374635),POINT(512484.145 374635.443),POINT(512484 374635),POINT(512484 374635)
9cd0e4f8-1b0d-4391-bb83-f31eb49cca40,e60088e9-cf94-4e41-ae65-a5390866b4b8,infra.huilerie,593,Abdelouahab Lehgui,HUILERIE,c3d81ada-4817-445d-8633-cae94e99bd2d,Abdelouahab Lehgui,infra.huilerie_inventaire_pollution,0.0,0.74,MEDIUM_CONFIDENCE,DUPLICATE_EXACT,1,MANUAL_REVIEW_REQUIRED,distance=0.00m; nom=1.00; commune=0.00; priorite=4,#f59e0b,alert-triangle,MEDIUM_CONFIDENCE,POINT(510822 376457),POINT(510822 376457),POINT(510822 376457),POINT(510822 376457)
c1908c5c-2699-4282-9b88-021862884bb6,e60088e9-cf94-4e41-ae65-a5390866b4b8,infra.huilerie,553,"H,SAHL SAYS",HUILERIE,f6d0148c-f502-40fa-9f5c-1f319424e1b0,"H,SAHL SAYS",infra.huilerie_inventaire_pollution,0.0,0.74,MEDIUM_CONFIDENCE,DUPLICATE_EXACT,1,MANUAL_REVIEW_REQUIRED,distance=0.00m; nom=1.00; commune=0.00; priorite=4,#f59e0b,alert-triangle,MEDIUM_CONFIDENCE,POINT(496904 389985),POINT(496904 389985),POINT(496904 389985),POINT(496904 389985)
55a96cc8-9430-46ad-8ea2-ea3d9b7ca88b,e60088e9-cf94-4e41-ae65-a5390866b4b8,infra.huilerie,554,GIE PRODUITS DE TERROIR WALILI,HUILERIE,a2ad5ec5-6efa-43e8-804e-e21223bac40e,GIE PRODUITS DE TERROIR WALILI,infra.huilerie_inventaire_pollution,0.0,0.74,MEDIUM_CONFIDENCE,DUPLICATE_EXACT,1,MANUAL_REVIEW_REQUIRED,distance=0.00m; nom=1.00; commune=0.00; priorite=4,#f59e0b,alert-triangle,MEDIUM_CONFIDENCE,POINT(500376 389783),POINT(500376 389783),POINT(500376 389783),POINT(500376 389783)
9abf4f15-1737-4d18-8201-a726cb42ce50,e60088e9-cf94-4e41-ae65-a5390866b4b8,infra.huilerie,560,Khadouri,HUILERIE,c8025731-f3d7-44af-9046-78a77c06b054,Khadouri,infra.huilerie_inventaire_pollution,0.0,0.74,MEDIUM_CONFIDENCE,DUPLICATE_EXACT,1,MANUAL_REVIEW_REQUIRED,distance=0.00m; nom=1.00; commune=0.00; priorite=4,#f59e0b,alert-triangle,MEDIUM_CONFIDENCE,POINT(497580 391385),POINT(497580 391385),POINT(497580 391385),POINT(497580 391385)
ac2ef8b5-1d97-48a1-839c-8f2cd0280c54,e60088e9-cf94-4e41-ae65-a5390866b4b8,infra.huilerie,572,Belaid M'hamad,HUILERIE,1f0a00a7-d06a-4b04-a5c9-2e87d95f4be9,Belaid M'hamad,infra.huilerie_inventaire_pollution,0.0,0.74,MEDIUM_CONFIDENCE,DUPLICATE_EXACT,1,MANUAL_REVIEW_REQUIRED,distance=0.00m; nom=1.00; commune=0.00; priorite=4,#f59e0b,alert-triangle,MEDIUM_CONFIDENCE,POINT(499990 387059),POINT(499990 387059),POINT(499990 387059),POINT(499990 387059)
f7bdccee-5bc9-410c-80a3-da342f9d3c35,e60088e9-cf94-4e41-ae65-a5390866b4b8,infra.huilerie,573,Ste SONEPRA,HUILERIE,3bbef397-dc02-4f96-b746-d176a93542f9,Ste SONEPRA,infra.huilerie_inventaire_pollution,0.21540659230224204,0.74,HIGH_RISK,POSSIBLE_MATCH,2,MANUAL_REVIEW,distance=0.22m; nom=1.00; commune=0.00; priorite=4,#dc2626,x-octagon,HIGH_RISK,POINT(497709 391336),POINT(497709.2 391335.92),POINT(497709 391336),POINT(497709 391336)
2462f734-858b-4b82-8f03-b423e7f7d72e,e60088e9-cf94-4e41-ae65-a5390866b4b8,infra.huilerie,574,Ben salem Defaa,HUILERIE,91ecfb57-59a3-4eb8-a929-b8f690c656ed,Ben salem Defaa,infra.huilerie_inventaire_pollution,0.0,0.74,MEDIUM_CONFIDENCE,DUPLICATE_EXACT,1,MANUAL_REVIEW_REQUIRED,distance=0.00m; nom=1.00; commune=0.00; priorite=4,#f59e0b,alert-triangle,MEDIUM_CONFIDENCE,POINT(501141 389355),POINT(501141 389355),POINT(501141 389355),POINT(501141 389355)
d26fd1a9-c284-403c-b823-8846b66fa9a6,e60088e9-cf94-4e41-ae65-a5390866b4b8,infra.huilerie,575,Héritier Hlimi Hamid,HUILERIE,15e22abf-621b-4555-b705-f9cbede3b33a,Héritier Hlimi Hamid,infra.huilerie_inventaire_pollution,0.0,0.74,MEDIUM_CONFIDENCE,DUPLICATE_EXACT,1,MANUAL_REVIEW_REQUIRED,distance=0.00m; nom=1.00; commune=0.00; priorite=4,#f59e0b,alert-triangle,MEDIUM_CONFIDENCE,POINT(500057 387232),POINT(500057 387232),POINT(500057 387232),POINT(500057 387232)
d4eca80b-0e45-44a3-bdac-1b732aca9e8d,e60088e9-cf94-4e41-ae65-a5390866b4b8,infra.huilerie,576,Héritier Houmaini,HUILERIE,5be9539e-3a6a-47bf-adb5-c4df9acffa01,Héritier Houmaini,infra.huilerie_inventaire_pollution,0.0,0.74,MEDIUM_CONFIDENCE,DUPLICATE_EXACT,1,MANUAL_REVIEW_REQUIRED,distance=0.00m; nom=1.00; commune=0.00; priorite=4,#f59e0b,alert-triangle,MEDIUM_CONFIDENCE,POINT(496752 388301),POINT(496752 388301),POINT(496752 388301),POINT(496752 388301)
13413fd2-649c-4285-bf09-aa4146f6decf,e60088e9-cf94-4e41-ae65-a5390866b4b8,infra.huilerie,583,Laouinat (jarbi Malika),HUILERIE,f8f48c41-fed4-4c41-a473-1c9932843618,Laouinat (jarbi Malika),infra.huilerie_inventaire_pollution,0.0,0.74,MEDIUM_CONFIDENCE,DUPLICATE_EXACT,1,MANUAL_REVIEW_REQUIRED,distance=0.00m; nom=1.00; commune=0.00; priorite=4,#f59e0b,alert-triangle,MEDIUM_CONFIDENCE,POINT(500081 387284),POINT(500081 387284),POINT(500081 387284),POINT(500081 387284)
fcb5cf20-da16-4d84-912d-f99a9fcc0a58,e60088e9-cf94-4e41-ae65-a5390866b4b8,infra.huilerie,584,Lahlou (Ben Labiad),HUILERIE,670575b0-8244-4668-a485-268fcfe60b72,Lahlou (Ben Labiad),infra.huilerie_inventaire_pollution,0.0,0.74,MEDIUM_CONFIDENCE,DUPLICATE_EXACT,1,MANUAL_REVIEW_REQUIRED,distance=0.00m; nom=1.00; commune=0.00; priorite=4,#f59e0b,alert-triangle,MEDIUM_CONFIDENCE,POINT(497039 388270),POINT(497039 388270),POINT(497039 388270),POINT(497039 388270)
4afaf44b-e921-4f21-a833-6dff504060db,e60088e9-cf94-4e41-ae65-a5390866b4b8,infra.huilerie,545,H.ASSALA,HUILERIE,745898cb-8140-44e1-9ec5-f12a8a6122cf,H.ASSALA,infra.huilerie_inventaire_pollution,0.0,0.74,MEDIUM_CONFIDENCE,DUPLICATE_EXACT,1,MANUAL_REVIEW_REQUIRED,distance=0.00m; nom=1.00; commune=0.00; priorite=4,#f59e0b,alert-triangle,MEDIUM_CONFIDENCE,POINT(489977 388796),POINT(489977 388796),POINT(489977 388796),POINT(489977 388796)
f4f1d0c6-0113-4ac3-bfc1-5f1e8857a960,e60088e9-cf94-4e41-ae65-a5390866b4b8,infra.huilerie,546,H.EL KHAYR,HUILERIE,ad4b3ace-f3c1-4b60-b4a5-c9abbf89e6bc,H.EL KHAYR,infra.huilerie_inventaire_pollution,0.0,0.74,MEDIUM_CONFIDENCE,DUPLICATE_EXACT,1,MANUAL_REVIEW_REQUIRED,distance=0.00m; nom=1.00; commune=0.00; priorite=4,#f59e0b,alert-triangle,MEDIUM_CONFIDENCE,POINT(494017 383066),POINT(494017 383066),POINT(494017 383066),POINT(494017 383066)
d3c7a6d3-e830-41e8-9dda-cd3c014ff1ac,e60088e9-cf94-4e41-ae65-a5390866b4b8,infra.huilerie,547,H.EL BARAKA,HUILERIE,920698c1-3a10-493e-8830-3872f68e588d,H.EL BARAKA,infra.huilerie_inventaire_pollution,0.5197114584221905,0.74,HIGH_RISK,POSSIBLE_MATCH,2,MANUAL_REVIEW,distance=0.52m; nom=1.00; commune=0.00; priorite=4,#dc2626,x-octagon,HIGH_RISK,POINT(486171 390378),POINT(486170.74 390377.55),POINT(486171 390378),POINT(486171 390378)
3b9c618f-979d-4df0-bf8a-4b72df0efc1b,e60088e9-cf94-4e41-ae65-a5390866b4b8,infra.huilerie,577,H.ALLAMI BATTAS,HUILERIE,3029e4a6-eb61-4b1c-b8c4-f65eb2b045a2,H.ALLAMI BATTAS,infra.huilerie_inventaire_pollution,0.0,0.74,MEDIUM_CONFIDENCE,DUPLICATE_EXACT,1,MANUAL_REVIEW_REQUIRED,distance=0.00m; nom=1.00; commune=0.00; priorite=4,#f59e0b,alert-triangle,MEDIUM_CONFIDENCE,POINT(488492 388070),POINT(488492 388070),POINT(488492 388070),POINT(488492 388070)
16d8bed0-4eaf-4dc1-b363-0282f7ad2fdb,e60088e9-cf94-4e41-ae65-a5390866b4b8,infra.huilerie,578,"H, ZGAGH MOHAMED",HUILERIE,423135aa-ac1f-4449-82ec-10a72f9c9b40,"H, ZGAGH MOHAMED",infra.huilerie_inventaire_pollution,0.0,0.74,MEDIUM_CONFIDENCE,DUPLICATE_EXACT,1,MANUAL_REVIEW_REQUIRED,distance=0.00m; nom=1.00; commune=0.00; priorite=4,#f59e0b,alert-triangle,MEDIUM_CONFIDENCE,POINT(486167 387350),POINT(486167 387350),POINT(486167 387350),POINT(486167 387350)
1a3137bd-eaef-4914-9fba-a3cc58f77a41,e60088e9-cf94-4e41-ae65-a5390866b4b8,infra.huilerie,585,Héritier Etouibi Hmad,HUILERIE,2d114757-4a11-4de9-b161-d0c0116fa4f5,Héritier Etouibi Hmad,infra.huilerie_inventaire_pollution,0.0,0.74,MEDIUM_CONFIDENCE,DUPLICATE_EXACT,1,MANUAL_REVIEW_REQUIRED,distance=0.00m; nom=1.00; commune=0.00; priorite=4,#f59e0b,alert-triangle,MEDIUM_CONFIDENCE,POINT(488170 388403),POINT(488170 388403),POINT(488170 388403),POINT(488170 388403)
a7c013e2-317b-446a-a0e2-c55977122f19,e60088e9-cf94-4e41-ae65-a5390866b4b8,infra.huilerie,562,Bouchama,HUILERIE,06b24991-cab6-49f1-80d3-05c142a65001,Bouchama,infra.huilerie_inventaire_pollution,0.0,0.74,MEDIUM_CONFIDENCE,DUPLICATE_EXACT,1,MANUAL_REVIEW_REQUIRED,distance=0.00m; nom=1.00; commune=0.00; priorite=4,#f59e0b,alert-triangle,MEDIUM_CONFIDENCE,POINT(463180 380874),POINT(463180 380874),POINT(463180 380874),POINT(463180 380874)
005fd869-f709-4a15-ba26-5d20783173a5,e60088e9-cf94-4e41-ae65-a5390866b4b8,infra.huilerie,113,COOPERATIVE JOUIRA,HUILERIE,5aef0d5b-20c8-4cd4-887a-adfe69672030,COOPERATIVE JOUIRA,infra.huilerie_inventaire_pollution,0.40447496835444835,0.74,HIGH_RISK,POSSIBLE_MATCH,2,MANUAL_REVIEW,distance=0.40m; nom=1.00; commune=0.00; priorite=4,#dc2626,x-octagon,HIGH_RISK,POINT(527016 400627),POINT(527015.94 400626.6),POINT(527016 400627),POINT(527016 400627)
7cede2df-f49f-4ddd-8de1-98326b7083c3,e60088e9-cf94-4e41-ae65-a5390866b4b8,infra.huilerie,115,H.EL BARAKA,HUILERIE,c208302b-bb68-4132-be07-51133a875b7e,H.EL BARAKA,infra.huilerie_inventaire_pollution,0.4310452412980892,0.74,HIGH_RISK,POSSIBLE_MATCH,2,MANUAL_REVIEW,distance=0.43m; nom=1.00; commune=0.00; priorite=4,#dc2626,x-octagon,HIGH_RISK,POINT(525611 400914),POINT(525610.57 400914.03),POINT(525611 400914),POINT(525611 400914)
892adfe6-1b21-4690-a0f4-f129fdd24baf,e60088e9-cf94-4e41-ae65-a5390866b4b8,infra.huilerie,120,H.EL OUATYA,HUILERIE,1ec3a544-7331-4551-b576-c267e4fe81f8,H.EL OUATYA,infra.huilerie_inventaire_pollution,0.580086200483301,0.74,HIGH_RISK,POSSIBLE_MATCH,2,MANUAL_REVIEW,distance=0.58m; nom=1.00; commune=0.00; priorite=4,#dc2626,x-octagon,HIGH_RISK,POINT(521795 399808),POINT(521795.47 399807.66),POINT(521795 399808),POINT(521795 399808)
518d17c4-c8ab-40ad-acea-753fc66c0c77,e60088e9-cf94-4e41-ae65-a5390866b4b8,infra.huilerie,121,COOPERATIVE HUILERIE BIR DJAJ,HUILERIE,b4fb5777-81cd-4af7-aebe-998f3c7cfacf,COOPERATIVE HUILERIE BIR DJAJ,infra.huilerie_inventaire_pollution,0.4317406628772103,0.74,HIGH_RISK,POSSIBLE_MATCH,2,MANUAL_REVIEW,distance=0.43m; nom=1.00; commune=0.00; priorite=4,#dc2626,x-octagon,HIGH_RISK,POINT(522177 396959),POINT(522176.9 396958.58),POINT(522177 396959),POINT(522177 396959)
7accce24-2c3f-4285-bff8-661b56492049,e60088e9-cf94-4e41-ae65-a5390866b4b8,infra.huilerie,124,BLADI ,HUILERIE,9cb96b3a-082d-4eb4-a1b0-86529d05509a,BLADI,infra.huilerie_inventaire_pollution,0.0,0.74,MEDIUM_CONFIDENCE,DUPLICATE_EXACT,1,MANUAL_REVIEW_REQUIRED,distance=0.00m; nom=1.00; commune=0.00; priorite=4,#f59e0b,alert-triangle,MEDIUM_CONFIDENCE,POINT(525479 400861),POINT(525479 400861),POINT(525479 400861),POINT(525479 400861)
59fd9f71-0f49-4c64-87bd-6c79e60ea0fb,e60088e9-cf94-4e41-ae65-a5390866b4b8,infra.huilerie,125,BLADI ,HUILERIE,b6dd82a0-1d39-40f7-a504-e8cea0361a3d,BLADI,infra.huilerie_inventaire_pollution,0.0,0.74,MEDIUM_CONFIDENCE,DUPLICATE_EXACT,1,MANUAL_REVIEW_REQUIRED,distance=0.00m; nom=1.00; commune=0.00; priorite=4,#f59e0b,alert-triangle,MEDIUM_CONFIDENCE,POINT(521792 399792),POINT(521792 399792),POINT(521792 399792),POINT(521792 399792)
96605e50-92af-4659-9180-1c74837656fc,e60088e9-cf94-4e41-ae65-a5390866b4b8,infra.huilerie,128,ELKARCH Abdelali  ,HUILERIE,f2561306-02de-46eb-b26d-6f261c16a5bb,ELKARCH Abdelali,infra.huilerie_inventaire_pollution,0.0,0.74,MEDIUM_CONFIDENCE,DUPLICATE_EXACT,1,MANUAL_REVIEW_REQUIRED,distance=0.00m; nom=1.00; commune=0.00; priorite=4,#f59e0b,alert-triangle,MEDIUM_CONFIDENCE,POINT(519679 401305),POINT(519679 401305),POINT(519679 401305),POINT(519679 401305)
b99f0ac7-2dc1-4d91-a1c5-778845322d8a,e60088e9-cf94-4e41-ae65-a5390866b4b8,infra.huilerie,130,BADAS  ,HUILERIE,e2078b14-7faa-42d9-9517-b1eba18ab3f4,BADAS,infra.huilerie_inventaire_pollution,0.0,0.74,MEDIUM_CONFIDENCE,DUPLICATE_EXACT,1,MANUAL_REVIEW_REQUIRED,distance=0.00m; nom=1.00; commune=0.00; priorite=4,#f59e0b,alert-triangle,MEDIUM_CONFIDENCE,POINT(522160 396964),POINT(522160 396964),POINT(522160 396964),POINT(522160 396964)
ec5c9b57-2d58-473d-b4b2-023549e2578d,e60088e9-cf94-4e41-ae65-a5390866b4b8,infra.huilerie,131,Al Jouira Alghinaoui ,HUILERIE,113b9549-17f6-4f2a-bb6d-75c00136ded4,Al Jouira Alghinaoui,infra.huilerie_inventaire_pollution,0.0,0.74,MEDIUM_CONFIDENCE,DUPLICATE_EXACT,1,MANUAL_REVIEW_REQUIRED,distance=0.00m; nom=1.00; commune=0.00; priorite=4,#f59e0b,alert-triangle,MEDIUM_CONFIDENCE,POINT(527024 400644),POINT(527024 400644),POINT(527024 400644),POINT(527024 400644)
49fbfaa6-df7f-4e6e-b0c1-267cba8ee10a,e60088e9-cf94-4e41-ae65-a5390866b4b8,infra.huilerie,132,CHABACH ,HUILERIE,df7cff8f-079a-486e-9370-7f10f0ba4be1,CHABACH,infra.huilerie_inventaire_pollution,0.0,0.74,MEDIUM_CONFIDENCE,DUPLICATE_EXACT,1,MANUAL_REVIEW_REQUIRED,distance=0.00m; nom=1.00; commune=0.00; priorite=4,#f59e0b,alert-triangle,MEDIUM_CONFIDENCE,POINT(524677 401244),POINT(524677 401244),POINT(524677 401244),POINT(524677 401244)
97d46259-f316-4084-a490-f8b32f4c992a,e60088e9-cf94-4e41-ae65-a5390866b4b8,infra.huilerie,133,DAHMAN Abdellah  ,HUILERIE,3b0aefc7-6e39-4ba2-82e7-8153e98a1ead,DAHMAN Abdellah,infra.huilerie_inventaire_pollution,0.0,0.74,MEDIUM_CONFIDENCE,DUPLICATE_EXACT,1,MANUAL_REVIEW_REQUIRED,distance=0.00m; nom=1.00; commune=0.00; priorite=4,#f59e0b,alert-triangle,MEDIUM_CONFIDENCE,POINT(522746 398646),POINT(522746 398646),POINT(522746 398646),POINT(522746 398646)
6875b09c-35f2-4564-a70c-3bccde42c40b,e60088e9-cf94-4e41-ae65-a5390866b4b8,infra.huilerie,307,Huilerie Salama,HUILERIE,be70954a-51f9-48e3-b85d-e0a4a1846443,Huilerie Salama,infra.huilerie_inventaire_pollution,0.0,0.74,MEDIUM_CONFIDENCE,DUPLICATE_EXACT,1,MANUAL_REVIEW_REQUIRED,distance=0.00m; nom=1.00; commune=0.00; priorite=4,#f59e0b,alert-triangle,MEDIUM_CONFIDENCE,POINT(627595 404347),POINT(627595 404347),POINT(627595 404347),POINT(627595 404347)
8439869b-f989-4d69-808c-3c6a72a9760b,e60088e9-cf94-4e41-ae65-a5390866b4b8,infra.huilerie,328,Lmt taza,HUILERIE,1310851d-4168-4451-bc8e-bf1f0469d300,Lmt taza,infra.huilerie_inventaire_pollution,0.0,0.74,MEDIUM_CONFIDENCE,DUPLICATE_EXACT,1,MANUAL_REVIEW_REQUIRED,distance=0.00m; nom=1.00; commune=0.00; priorite=4,#f59e0b,alert-triangle,MEDIUM_CONFIDENCE,POINT(630629 403867),POINT(630629 403867),POINT(630629 403867),POINT(630629 403867)
13218fd3-83bc-4948-8e1e-17d3834176ec,e60088e9-cf94-4e41-ae65-a5390866b4b8,infra.huilerie,330,Huile d'olive reda,HUILERIE,79bb197b-4ee7-41e8-ab4a-64bed83d9e86,Huile d'olive reda,infra.huilerie_inventaire_pollution,0.0,0.74,MEDIUM_CONFIDENCE,DUPLICATE_EXACT,1,MANUAL_REVIEW_REQUIRED,distance=0.00m; nom=1.00; commune=0.00; priorite=4,#f59e0b,alert-triangle,MEDIUM_CONFIDENCE,POINT(629771 404800),POINT(629771 404800),POINT(629771 404800),POINT(629771 404800)
9b1ce8b6-e305-4a16-ad5a-60c33bae39e3,e60088e9-cf94-4e41-ae65-a5390866b4b8,infra.huilerie,361,Huilerie el jadida,HUILERIE,f30b2823-7436-4f29-9342-fdd073f790db,Huilerie el jadida,infra.huilerie_inventaire_pollution,0.0,0.74,MEDIUM_CONFIDENCE,DUPLICATE_EXACT,1,MANUAL_REVIEW_REQUIRED,distance=0.00m; nom=1.00; commune=0.00; priorite=4,#f59e0b,alert-triangle,MEDIUM_CONFIDENCE,POINT(629834 405011),POINT(629834 405011),POINT(629834 405011),POINT(629834 405011)
0270c753-0e65-42da-a369-7bea12ed4f21,e60088e9-cf94-4e41-ae65-a5390866b4b8,infra.huilerie,162,Huilerie ARAB HUILE,HUILERIE,32a545a2-f295-48db-9742-a828fcf9fc29,Huilerie ARAB HUILE,infra.huilerie_inventaire_pollution,0.0,0.74,MEDIUM_CONFIDENCE,DUPLICATE_EXACT,1,MANUAL_REVIEW_REQUIRED,distance=0.00m; nom=1.00; commune=0.00; priorite=4,#f59e0b,alert-triangle,MEDIUM_CONFIDENCE,POINT(542551 400827),POINT(542551 400827),POINT(542551 400827),POINT(542551 400827)
c7248fdc-b427-409b-a859-d9bddb17621c,e60088e9-cf94-4e41-ae65-a5390866b4b8,infra.huilerie,163,Huilerie ZALAGH,HUILERIE,01ed8482-d259-4538-aa59-80acb7d1d760,Huilerie ZALAGH,infra.huilerie_inventaire_pollution,0.0,0.74,MEDIUM_CONFIDENCE,DUPLICATE_EXACT,1,MANUAL_REVIEW_REQUIRED,distance=0.00m; nom=1.00; commune=0.00; priorite=4,#f59e0b,alert-triangle,MEDIUM_CONFIDENCE,POINT(542662 400925),POINT(542662 400925),POINT(542662 400925),POINT(542662 400925)
f5806393-ceca-426e-80ea-813fa2d83326,e60088e9-cf94-4e41-ae65-a5390866b4b8,infra.huilerie,164,Huilerie BERRADA,HUILERIE,f4650d81-2a03-4ec6-90a0-3312e2bc7386,Huilerie BERRADA,infra.huilerie_inventaire_pollution,0.0,0.74,MEDIUM_CONFIDENCE,DUPLICATE_EXACT,1,MANUAL_REVIEW_REQUIRED,distance=0.00m; nom=1.00; commune=0.00; priorite=4,#f59e0b,alert-triangle,MEDIUM_CONFIDENCE,POINT(542546 400749),POINT(542546 400749),POINT(542546 400749),POINT(542546 400749)
60bbec4a-88f7-43aa-aa48-e879806ce793,e60088e9-cf94-4e41-ae65-a5390866b4b8,infra.huilerie,165,Coopérative BENKEROUACH,HUILERIE,65e65f2f-7890-4d8b-8caa-709b36cb9181,Coopérative BENKEROUACH,infra.huilerie_inventaire_pollution,0.0,0.74,MEDIUM_CONFIDENCE,DUPLICATE_EXACT,1,MANUAL_REVIEW_REQUIRED,distance=0.00m; nom=1.00; commune=0.00; priorite=4,#f59e0b,alert-triangle,MEDIUM_CONFIDENCE,POINT(542520 400778),POINT(542520 400778),POINT(542520 400778),POINT(542520 400778)
79191cb4-6737-43f4-adb1-9abbf358fb1b,e60088e9-cf94-4e41-ae65-a5390866b4b8,infra.huilerie,166,Huilerie Mokhtar BAHTAT,HUILERIE,b7f7b28f-416e-4f60-aebd-82ba40a4fc1e,Huilerie Mokhtar BAHTAT,infra.huilerie_inventaire_pollution,0.0,0.74,MEDIUM_CONFIDENCE,DUPLICATE_EXACT,1,MANUAL_REVIEW_REQUIRED,distance=0.00m; nom=1.00; commune=0.00; priorite=4,#f59e0b,alert-triangle,MEDIUM_CONFIDENCE,POINT(538793 403980),POINT(538793 403980),POINT(538793 403980),POINT(538793 403980)
e533f096-2795-4b71-9e53-429bec5ae15d,e60088e9-cf94-4e41-ae65-a5390866b4b8,infra.huilerie,167,Huilerie Abdelrahime SABER,HUILERIE,3f2b007c-e489-4cf1-9a15-871ab5e711b6,Huilerie Abdelrahime SABER,infra.huilerie_inventaire_pollution,0.0,0.74,MEDIUM_CONFIDENCE,DUPLICATE_EXACT,1,MANUAL_REVIEW_REQUIRED,distance=0.00m; nom=1.00; commune=0.00; priorite=4,#f59e0b,alert-triangle,MEDIUM_CONFIDENCE,POINT(538756 402412),POINT(538756 402412),POINT(538756 402412),POINT(538756 402412)
ff83545f-33d2-4627-9133-0babcc051736,e60088e9-cf94-4e41-ae65-a5390866b4b8,infra.huilerie,168,Huilerie Mohamed IDRISSI MOUNADI,HUILERIE,339ae9f9-003d-4dcd-945f-47c8566f3e66,Huilerie Mohamed IDRISSI MOUNADI,infra.huilerie_inventaire_pollution,0.0,0.74,MEDIUM_CONFIDENCE,DUPLICATE_EXACT,1,MANUAL_REVIEW_REQUIRED,distance=0.00m; nom=1.00; commune=0.00; priorite=4,#f59e0b,alert-triangle,MEDIUM_CONFIDENCE,POINT(538470 402301),POINT(538470 402301),POINT(538470 402301),POINT(538470 402301)
45ec27e9-11f4-4f9e-bfed-662bad2b0889,e60088e9-cf94-4e41-ae65-a5390866b4b8,infra.huilerie,139,"H,DRISS NAJI",HUILERIE,3eeae7fb-9ff3-4678-9437-aa1f1300d845,"H,DRISS NAJI",infra.huilerie_inventaire_pollution,0.0,0.74,MEDIUM_CONFIDENCE,DUPLICATE_EXACT,1,MANUAL_REVIEW_REQUIRED,distance=0.00m; nom=1.00; commune=0.00; priorite=4,#f59e0b,alert-triangle,MEDIUM_CONFIDENCE,POINT(531864 401051),POINT(531864 401051),POINT(531864 401051),POINT(531864 401051)
df95ee55-19d1-44b5-94ba-6aa900ee67e4,e60088e9-cf94-4e41-ae65-a5390866b4b8,infra.huilerie,169,Huilerie Abdelrahime BERZOUK,HUILERIE,1baa710b-d39b-45cf-ab64-75ef7f4945d6,Huilerie Abdelrahime BERZOUK,infra.huilerie_inventaire_pollution,0.0,0.74,MEDIUM_CONFIDENCE,DUPLICATE_EXACT,1,MANUAL_REVIEW_REQUIRED,distance=0.00m; nom=1.00; commune=0.00; priorite=4,#f59e0b,alert-triangle,MEDIUM_CONFIDENCE,POINT(535526 401891),POINT(535526 401891),POINT(535526 401891),POINT(535526 401891)
b3187407-4720-4dc9-b0cd-9a60448be414,e60088e9-cf94-4e41-ae65-a5390866b4b8,infra.huilerie,170,Huilerie Allal El MOUNADI,HUILERIE,1ace0c49-d458-4dd6-86f3-e287f6995dcd,Huilerie Allal El MOUNADI,infra.huilerie_inventaire_pollution,0.0,0.74,MEDIUM_CONFIDENCE,DUPLICATE_EXACT,1,MANUAL_REVIEW_REQUIRED,distance=0.00m; nom=1.00; commune=0.00; priorite=4,#f59e0b,alert-triangle,MEDIUM_CONFIDENCE,POINT(535484 401886),POINT(535484 401886),POINT(535484 401886),POINT(535484 401886)
e9a2acf5-f209-494a-b45a-356dec847934,e60088e9-cf94-4e41-ae65-a5390866b4b8,infra.huilerie,171,Huilerie Abdelali EL YAZAMI,HUILERIE,d1d7ecdd-ddb9-4686-9a55-5e13a4c10f75,Huilerie Abdelali EL YAZAMI,infra.huilerie_inventaire_pollution,0.0,0.74,MEDIUM_CONFIDENCE,DUPLICATE_EXACT,1,MANUAL_REVIEW_REQUIRED,distance=0.00m; nom=1.00; commune=0.00; priorite=4,#f59e0b,alert-triangle,MEDIUM_CONFIDENCE,POINT(535504 401841),POINT(535504 401841),POINT(535504 401841),POINT(535504 401841)
a4d7b6f4-fb4a-4415-a106-94f7cb8c18e8,e60088e9-cf94-4e41-ae65-a5390866b4b8,infra.huilerie,172,Huilerie Idriss EL NAJAII,HUILERIE,995a62a8-cef9-4992-ab64-39f54a4df043,Huilerie Idriss EL NAJAII,infra.huilerie_inventaire_pollution,0.0,0.74,MEDIUM_CONFIDENCE,DUPLICATE_EXACT,1,MANUAL_REVIEW_REQUIRED,distance=0.00m; nom=1.00; commune=0.00; priorite=4,#f59e0b,alert-triangle,MEDIUM_CONFIDENCE,POINT(531867 401064),POINT(531867 401064),POINT(531867 401064),POINT(531867 401064)
c70bf313-de86-40bb-bddd-3c1e1a76a166,e60088e9-cf94-4e41-ae65-a5390866b4b8,infra.huilerie,173,Coopérative Al Nasser EL ALAOUI EL TADLI,HUILERIE,cc5daf55-e274-4079-ba61-b67366aaa242,Coopérative Al Nasser EL ALAOUI EL TADLI,infra.huilerie_inventaire_pollution,0.0,0.74,MEDIUM_CONFIDENCE,DUPLICATE_EXACT,1,MANUAL_REVIEW_REQUIRED,distance=0.00m; nom=1.00; commune=0.00; priorite=4,#f59e0b,alert-triangle,MEDIUM_CONFIDENCE,POINT(534612 408936),POINT(534612 408936),POINT(534612 408936),POINT(534612 408936)
70dcaaa9-98d4-46b7-8e41-c773a2103b4c,e60088e9-cf94-4e41-ae65-a5390866b4b8,infra.huilerie,174,Huilerie Boucheta MOUMNI,HUILERIE,cc751f8b-d644-4666-a7e9-c991d3c5a5c7,Huilerie Boucheta MOUMNI,infra.huilerie_inventaire_pollution,0.0,0.74,MEDIUM_CONFIDENCE,DUPLICATE_EXACT,1,MANUAL_REVIEW_REQUIRED,distance=0.00m; nom=1.00; commune=0.00; priorite=4,#f59e0b,alert-triangle,MEDIUM_CONFIDENCE,POINT(534258 405117),POINT(534258 405117),POINT(534258 405117),POINT(534258 405117)
49bfa11c-0d91-433a-8fd6-6ccf2a67d19e,e60088e9-cf94-4e41-ae65-a5390866b4b8,infra.huilerie,175,Huilerie Abdelaziz MARZOUKI,HUILERIE,7870d873-76f6-4542-b915-975193bd2ad3,Huilerie Abdelaziz MARZOUKI,infra.huilerie_inventaire_pollution,0.0,0.74,MEDIUM_CONFIDENCE,DUPLICATE_EXACT,1,MANUAL_REVIEW_REQUIRED,distance=0.00m; nom=1.00; commune=0.00; priorite=4,#f59e0b,alert-triangle,MEDIUM_CONFIDENCE,POINT(534537 400858),POINT(534537 400858),POINT(534537 400858),POINT(534537 400858)
e8bbf911-ff35-43d9-ad64-dd1f04db8807,e60088e9-cf94-4e41-ae65-a5390866b4b8,infra.huilerie,176,Huilerie Hassan MOUNACH,HUILERIE,65ef989b-7637-4535-99ce-f42b0499c91a,Huilerie Hassan MOUNACH,infra.huilerie_inventaire_pollution,0.0,0.74,MEDIUM_CONFIDENCE,DUPLICATE_EXACT,1,MANUAL_REVIEW_REQUIRED,distance=0.00m; nom=1.00; commune=0.00; priorite=4,#f59e0b,alert-triangle,MEDIUM_CONFIDENCE,POINT(534897 400086),POINT(534897 400086),POINT(534897 400086),POINT(534897 400086)
05f06b4a-bca2-4361-82a5-bb5f7df36c68,e60088e9-cf94-4e41-ae65-a5390866b4b8,infra.huilerie,457,GIE,HUILERIE,36068bfe-347f-43cb-9594-e782a483a970,GIE,infra.huilerie_inventaire_pollution,0.0,0.74,MEDIUM_CONFIDENCE,DUPLICATE_EXACT,1,MANUAL_REVIEW_REQUIRED,distance=0.00m; nom=1.00; commune=0.00; priorite=4,#f59e0b,alert-triangle,MEDIUM_CONFIDENCE,POINT(564076 358286),POINT(564076 358286),POINT(564076 358286),POINT(564076 358286)
1ffc23ab-226f-4804-ac9f-1e6944b8f3fd,e60088e9-cf94-4e41-ae65-a5390866b4b8,infra.huilerie,475,Non-connue 3,HUILERIE,46b5ed1a-3edc-4f99-8054-b10a148ea321,Non-connue 3,infra.huilerie_inventaire_pollution,0.0,0.74,MEDIUM_CONFIDENCE,DUPLICATE_EXACT,1,MANUAL_REVIEW_REQUIRED,distance=0.00m; nom=1.00; commune=0.00; priorite=4,#f59e0b,alert-triangle,MEDIUM_CONFIDENCE,POINT(564393 359094),POINT(564393 359094),POINT(564393 359094),POINT(564393 359094)
054c6ffa-cbf2-400f-ba25-9e37c342961a,e60088e9-cf94-4e41-ae65-a5390866b4b8,infra.huilerie,529,Huilerie extra du Maroc,HUILERIE,27dd1221-29d5-406d-849a-8b6a7f84c646,Huilerie extra du Maroc,infra.huilerie_inventaire_pollution,0.0,0.74,MEDIUM_CONFIDENCE,DUPLICATE_EXACT,1,MANUAL_REVIEW_REQUIRED,distance=0.00m; nom=1.00; commune=0.00; priorite=4,#f59e0b,alert-triangle,MEDIUM_CONFIDENCE,POINT(504465 370210),POINT(504465 370210),POINT(504465 370210),POINT(504465 370210)
b534a9ba-f81a-4b96-9848-c9b7f8144c61,e60088e9-cf94-4e41-ae65-a5390866b4b8,infra.huilerie,530,H.OUELD BEN SLIMANE,HUILERIE,1856bb29-fa42-496d-ba67-5bb698b6d1c3,H.OUELD BEN SLIMANE,infra.huilerie_inventaire_pollution,0.0,0.74,MEDIUM_CONFIDENCE,DUPLICATE_EXACT,1,MANUAL_REVIEW_REQUIRED,distance=0.00m; nom=1.00; commune=0.00; priorite=4,#f59e0b,alert-triangle,MEDIUM_CONFIDENCE,POINT(502358 370181),POINT(502358 370181),POINT(502358 370181),POINT(502358 370181)
1147f3c6-3a53-41a9-a4fa-b39375953299,e60088e9-cf94-4e41-ae65-a5390866b4b8,infra.huilerie,531,H.bengraa khalid,HUILERIE,ab515cd3-84c7-4435-ab4a-858132eb875c,H.bengraa khalid,infra.huilerie_inventaire_pollution,0.0,0.74,MEDIUM_CONFIDENCE,DUPLICATE_EXACT,1,MANUAL_REVIEW_REQUIRED,distance=0.00m; nom=1.00; commune=0.00; priorite=4,#f59e0b,alert-triangle,MEDIUM_CONFIDENCE,POINT(502408 371778),POINT(502408 371778),POINT(502408 371778),POINT(502408 371778)
c779474d-65cf-4efa-a6e4-97c4a30390ec,e60088e9-cf94-4e41-ae65-a5390866b4b8,infra.huilerie,532,H.khanchaoui dris,HUILERIE,c802ad72-3f3b-407f-a49c-2697a063e38d,H.khanchaoui dris,infra.huilerie_inventaire_pollution,0.0,0.74,MEDIUM_CONFIDENCE,DUPLICATE_EXACT,1,MANUAL_REVIEW_REQUIRED,distance=0.00m; nom=1.00; commune=0.00; priorite=4,#f59e0b,alert-triangle,MEDIUM_CONFIDENCE,POINT(502626 372228),POINT(502626 372228),POINT(502626 372228),POINT(502626 372228)
d44abd7d-c69a-4b21-8339-20c4335b8f61,e60088e9-cf94-4e41-ae65-a5390866b4b8,infra.huilerie,533,Boungab nabil,HUILERIE,99c533f9-9fb4-42d5-a732-b5b437c5575c,Boungab nabil,infra.huilerie_inventaire_pollution,0.0,0.74,MEDIUM_CONFIDENCE,DUPLICATE_EXACT,1,MANUAL_REVIEW_REQUIRED,distance=0.00m; nom=1.00; commune=0.00; priorite=4,#f59e0b,alert-triangle,MEDIUM_CONFIDENCE,POINT(503335 369395),POINT(503335 369395),POINT(503335 369395),POINT(503335 369395)
5c7ace41-916c-429a-b805-e4b3650ef8b2,e60088e9-cf94-4e41-ae65-a5390866b4b8,infra.huilerie,534,H.mostapha bakir,HUILERIE,ac6176c6-6cf1-4264-97bc-436dda75cc16,Bakir Mustafa,infra.huilerie_inventaire_pollution,10.18949439372149,0.4492,HIGH_RISK,TO_VALIDATE,4,MANUAL_REVIEW_REQUIRED,distance=10.19m; nom=0.33; commune=0.00; priorite=4,#dc2626,x-octagon,HIGH_RISK,POINT(502782.28 370357),POINT(502785.51 370347.336),POINT(502782.28 370357),POINT(502782.28 370357)
a32672fe-c3ec-4c8f-a92d-f76a1b44c1e2,e60088e9-cf94-4e41-ae65-a5390866b4b8,infra.huilerie,535,H.bongab abdessallam,HUILERIE,40eaeabb-e7c0-4f13-beef-3b545be7a9b7,H.bongab abdessallam,infra.huilerie_inventaire_pollution,0.0,0.74,MEDIUM_CONFIDENCE,DUPLICATE_EXACT,1,MANUAL_REVIEW_REQUIRED,distance=0.00m; nom=1.00; commune=0.00; priorite=4,#f59e0b,alert-triangle,MEDIUM_CONFIDENCE,POINT(502818 370047),POINT(502818 370047),POINT(502818 370047),POINT(502818 370047)
80acb33a-57b4-486c-9ef5-f31d4a24b028,e60088e9-cf94-4e41-ae65-a5390866b4b8,infra.huilerie,536,H.lalla joumana,HUILERIE,71370851-16ec-4862-b6fa-27cf12ebf194,H.lalla joumana,infra.huilerie_inventaire_pollution,0.4695742752697496,0.74,HIGH_RISK,POSSIBLE_MATCH,2,MANUAL_REVIEW,distance=0.47m; nom=1.00; commune=0.00; priorite=4,#dc2626,x-octagon,HIGH_RISK,POINT(495703 371117),POINT(495702.79 371117.42),POINT(495703 371117),POINT(495703 371117)
12af7966-d7b9-4b91-9b86-fb1f48f70cdd,e60088e9-cf94-4e41-ae65-a5390866b4b8,infra.huilerie,537,OLEA FOOD,HUILERIE,4fb334c1-7c27-40c2-a79a-52d69cd76984,OLEA FOOD,infra.huilerie_inventaire_pollution,0.0,0.74,MEDIUM_CONFIDENCE,DUPLICATE_EXACT,1,MANUAL_REVIEW_REQUIRED,distance=0.00m; nom=1.00; commune=0.00; priorite=4,#f59e0b,alert-triangle,MEDIUM_CONFIDENCE,POINT(504777 370284),POINT(504777 370284),POINT(504777 370284),POINT(504777 370284)
4fcfe5fa-a55e-4a46-ad73-0c9e71108a9d,e60088e9-cf94-4e41-ae65-a5390866b4b8,infra.huilerie,551,KHANCHAOUI MOHAMED,HUILERIE,bfe05d90-ac73-46d4-ad20-64ace4d3e218,KHANCHAOUI MOHAMED,infra.huilerie_inventaire_pollution,0.0,0.74,MEDIUM_CONFIDENCE,DUPLICATE_EXACT,1,MANUAL_REVIEW_REQUIRED,distance=0.00m; nom=1.00; commune=0.00; priorite=4,#f59e0b,alert-triangle,MEDIUM_CONFIDENCE,POINT(502759 370656),POINT(502759 370656),POINT(502759 370656),POINT(502759 370656)
4a0bbafe-569d-464c-ac06-da4032322347,e60088e9-cf94-4e41-ae65-a5390866b4b8,infra.huilerie,559,Ahmed el khider,HUILERIE,90f3960b-5c85-4f8a-aa7d-a58204d50ba3,Ahmed el khider,infra.huilerie_inventaire_pollution,0.0,0.74,MEDIUM_CONFIDENCE,DUPLICATE_EXACT,1,MANUAL_REVIEW_REQUIRED,distance=0.00m; nom=1.00; commune=0.00; priorite=4,#f59e0b,alert-triangle,MEDIUM_CONFIDENCE,POINT(502770 370078),POINT(502770 370078),POINT(502770 370078),POINT(502770 370078)
2f51c022-7284-4762-9af5-88f1ef87a96f,e60088e9-cf94-4e41-ae65-a5390866b4b8,infra.huilerie,449,H.MARIF,HUILERIE,d96d9168-4fbc-4a3b-b75a-06d298d89d92,H.MARIF,infra.huilerie_inventaire_pollution,0.0,0.74,MEDIUM_CONFIDENCE,DUPLICATE_EXACT,1,MANUAL_REVIEW_REQUIRED,distance=0.00m; nom=1.00; commune=0.00; priorite=4,#f59e0b,alert-triangle,MEDIUM_CONFIDENCE,POINT(545640 370255),POINT(545640 370255),POINT(545640 370255),POINT(545640 370255)
4643a616-12e6-4f20-8633-b199354ceabb,e60088e9-cf94-4e41-ae65-a5390866b4b8,infra.huilerie,450,"H,EL FALLAH",HUILERIE,c4f1d1e0-73d7-4bb5-9a58-9a69349b991d,"H,EL FALLAH",infra.huilerie_inventaire_pollution,0.0,0.74,MEDIUM_CONFIDENCE,DUPLICATE_EXACT,1,MANUAL_REVIEW_REQUIRED,distance=0.00m; nom=1.00; commune=0.00; priorite=4,#f59e0b,alert-triangle,MEDIUM_CONFIDENCE,POINT(548691 367343),POINT(548691 367343),POINT(548691 367343),POINT(548691 367343)
c4d999c0-3955-4974-abcb-328d86ba68e7,e60088e9-cf94-4e41-ae65-a5390866b4b8,infra.huilerie,451,Ezzahouani,HUILERIE,9468b0de-bc23-452c-9df9-cc8b63a4c5b4,Ezzahouani,infra.huilerie_inventaire_pollution,0.0,0.74,MEDIUM_CONFIDENCE,DUPLICATE_EXACT,1,MANUAL_REVIEW_REQUIRED,distance=0.00m; nom=1.00; commune=0.00; priorite=4,#f59e0b,alert-triangle,MEDIUM_CONFIDENCE,POINT(546084 369712),POINT(546084 369712),POINT(546084 369712),POINT(546084 369712)
72e22cf2-e061-453f-a9ee-6f71c3f014ef,e60088e9-cf94-4e41-ae65-a5390866b4b8,infra.huilerie,452,Ait ali ouahmed,HUILERIE,a541d0fc-6f7d-44db-8898-4d456142e5ce,Ait ali ouahmed,infra.huilerie_inventaire_pollution,0.0,0.74,MEDIUM_CONFIDENCE,DUPLICATE_EXACT,1,MANUAL_REVIEW_REQUIRED,distance=0.00m; nom=1.00; commune=0.00; priorite=4,#f59e0b,alert-triangle,MEDIUM_CONFIDENCE,POINT(561993 370873),POINT(561993 370873),POINT(561993 370873),POINT(561993 370873)
7ed2113c-8101-44c6-be62-ff84fd0b57ae,e60088e9-cf94-4e41-ae65-a5390866b4b8,infra.huilerie,453,"H,YOUSSEF",HUILERIE,0951d912-b6cd-49d6-948c-2d65f509d652,"H,YOUSSEF",infra.huilerie_inventaire_pollution,0.0,0.74,MEDIUM_CONFIDENCE,DUPLICATE_EXACT,1,MANUAL_REVIEW_REQUIRED,distance=0.00m; nom=1.00; commune=0.00; priorite=4,#f59e0b,alert-triangle,MEDIUM_CONFIDENCE,POINT(545648 370087),POINT(545648 370087),POINT(545648 370087),POINT(545648 370087)
6e405903-991f-4f88-afd9-56a00eaa70cd,e60088e9-cf94-4e41-ae65-a5390866b4b8,infra.huilerie,454,Mr ELARDI SAID,HUILERIE,f530c473-2a3e-4ff3-aa75-7f16b52c5e12,Mr ELARDI SAID,infra.huilerie_inventaire_pollution,0.0,0.74,MEDIUM_CONFIDENCE,DUPLICATE_EXACT,1,MANUAL_REVIEW_REQUIRED,distance=0.00m; nom=1.00; commune=0.00; priorite=4,#f59e0b,alert-triangle,MEDIUM_CONFIDENCE,POINT(545085 368308),POINT(545085 368308),POINT(545085 368308),POINT(545085 368308)
e218e224-b405-4092-b4dd-edd5fc05fcca,e60088e9-cf94-4e41-ae65-a5390866b4b8,infra.huilerie,461,Sté ezzahouani,HUILERIE,0b071fa1-ea62-423d-8063-c3f79319e268,Sté ezzahouani,infra.huilerie_inventaire_pollution,0.0,0.74,MEDIUM_CONFIDENCE,DUPLICATE_EXACT,1,MANUAL_REVIEW_REQUIRED,distance=0.00m; nom=1.00; commune=0.00; priorite=4,#f59e0b,alert-triangle,MEDIUM_CONFIDENCE,POINT(560081 365515),POINT(560081 365515),POINT(560081 365515),POINT(560081 365515)
ceba185f-d493-4da9-bc32-7f82ffde1997,e60088e9-cf94-4e41-ae65-a5390866b4b8,infra.huilerie,462,Sté agard,HUILERIE,21659462-92e7-48c9-8491-1f8e47abe89c,Sté agard,infra.huilerie_inventaire_pollution,0.0,0.74,MEDIUM_CONFIDENCE,DUPLICATE_EXACT,1,MANUAL_REVIEW_REQUIRED,distance=0.00m; nom=1.00; commune=0.00; priorite=4,#f59e0b,alert-triangle,MEDIUM_CONFIDENCE,POINT(560512 368872),POINT(560512 368872),POINT(560512 368872),POINT(560512 368872)
0a06a88f-67e8-47f9-bf92-3f9b6efa9edd,e60088e9-cf94-4e41-ae65-a5390866b4b8,infra.huilerie,463,Sté agrolia,HUILERIE,26b97f12-2549-41e7-98d1-654af0b65a09,Sté agrolia,infra.huilerie_inventaire_pollution,0.0,0.74,MEDIUM_CONFIDENCE,DUPLICATE_EXACT,1,MANUAL_REVIEW_REQUIRED,distance=0.00m; nom=1.00; commune=0.00; priorite=4,#f59e0b,alert-triangle,MEDIUM_CONFIDENCE,POINT(563123 367676),POINT(563123 367676),POINT(563123 367676),POINT(563123 367676)
76148730-8600-4474-88f8-3a7663d4bfdf,e60088e9-cf94-4e41-ae65-a5390866b4b8,infra.huilerie,473,Sebou,HUILERIE,74fa3afe-676c-484e-b833-14bb743ea149,Sebou,infra.huilerie_inventaire_pollution,0.0,0.74,MEDIUM_CONFIDENCE,DUPLICATE_EXACT,1,MANUAL_REVIEW_REQUIRED,distance=0.00m; nom=1.00; commune=0.00; priorite=4,#f59e0b,alert-triangle,MEDIUM_CONFIDENCE,POINT(546495 369157),POINT(546495 369157),POINT(546495 369157),POINT(546495 369157)
bf9dcf1d-cf67-4dcb-a4a3-011134901532,e60088e9-cf94-4e41-ae65-a5390866b4b8,infra.huilerie,474,Huiulerie Rihab,HUILERIE,9ef0bca6-62d7-4ec8-b870-413cd07bf0b4,Huiulerie Rihab,infra.huilerie_inventaire_pollution,0.0,0.74,MEDIUM_CONFIDENCE,DUPLICATE_EXACT,1,MANUAL_REVIEW_REQUIRED,distance=0.00m; nom=1.00; commune=0.00; priorite=4,#f59e0b,alert-triangle,MEDIUM_CONFIDENCE,POINT(547209 368696),POINT(547209 368696),POINT(547209 368696),POINT(547209 368696)
21bfc8d9-09b6-446e-8ac2-e4d8495962cb,e60088e9-cf94-4e41-ae65-a5390866b4b8,infra.huilerie,514,AHMED BOUHSABA1,HUILERIE,32aeb5b4-c38f-4bdb-92d4-bf8a94906b17,AHMED BOUHSABA1,infra.huilerie_inventaire_pollution,0.0,0.74,MEDIUM_CONFIDENCE,DUPLICATE_EXACT,1,MANUAL_REVIEW_REQUIRED,distance=0.00m; nom=1.00; commune=0.00; priorite=4,#f59e0b,alert-triangle,MEDIUM_CONFIDENCE,POINT(494384 369822),POINT(494384 369822),POINT(494384 369822),POINT(494384 369822)
8f167389-eb4b-4b6a-8a95-e2a84ec2bb5d,e60088e9-cf94-4e41-ae65-a5390866b4b8,infra.huilerie,515,H.SLINI ABDELHAK,HUILERIE,865b974e-8d2e-4f73-a66a-cc620535338d,H.SLINI ABDELHAK,infra.huilerie_inventaire_pollution,0.0,0.74,MEDIUM_CONFIDENCE,DUPLICATE_EXACT,1,MANUAL_REVIEW_REQUIRED,distance=0.00m; nom=1.00; commune=0.00; priorite=4,#f59e0b,alert-triangle,MEDIUM_CONFIDENCE,POINT(494741 370259),POINT(494741 370259),POINT(494741 370259),POINT(494741 370259)
c6921d25-b1d6-4ad2-aa30-1934a0b2eef1,e60088e9-cf94-4e41-ae65-a5390866b4b8,infra.huilerie,564,H.ZAMOURI/MAAROUFI,HUILERIE,7cb2a6d4-ee39-4d6b-898f-f80a40ffc801,H.ZAMOURI/MAAROUFI,infra.huilerie_inventaire_pollution,0.0,0.74,MEDIUM_CONFIDENCE,DUPLICATE_EXACT,1,MANUAL_REVIEW_REQUIRED,distance=0.00m; nom=1.00; commune=0.00; priorite=4,#f59e0b,alert-triangle,MEDIUM_CONFIDENCE,POINT(492726 372720),POINT(492726 372720),POINT(492726 372720),POINT(492726 372720)
6bf83169-590c-40c0-8b31-c07ec55afd37,e60088e9-cf94-4e41-ae65-a5390866b4b8,infra.huilerie,565,THAMI KACEMI,HUILERIE,837d337f-0329-471f-b855-a7bb13b66a8e,THAMI KACEMI,infra.huilerie_inventaire_pollution,0.0,0.74,MEDIUM_CONFIDENCE,DUPLICATE_EXACT,1,MANUAL_REVIEW_REQUIRED,distance=0.00m; nom=1.00; commune=0.00; priorite=4,#f59e0b,alert-triangle,MEDIUM_CONFIDENCE,POINT(492807 372631),POINT(492807 372631),POINT(492807 372631),POINT(492807 372631)
39aab262-9abf-4243-b75a-460317bfd782,e60088e9-cf94-4e41-ae65-a5390866b4b8,infra.huilerie,566,Maaroufi,HUILERIE,97d8fa7d-8693-4a2a-a701-c4bfe3294bb9,Maaroufi,infra.huilerie_inventaire_pollution,0.0,0.74,MEDIUM_CONFIDENCE,DUPLICATE_EXACT,1,MANUAL_REVIEW_REQUIRED,distance=0.00m; nom=1.00; commune=0.00; priorite=4,#f59e0b,alert-triangle,MEDIUM_CONFIDENCE,POINT(494713 370160),POINT(494713 370160),POINT(494713 370160),POINT(494713 370160)
8a945a38-1de7-4155-9205-6903f5889041,e60088e9-cf94-4e41-ae65-a5390866b4b8,infra.huilerie,567,H.MDAZ ALLAL,HUILERIE,6cc2ea41-bcc4-4248-8d8c-310c67d591df,H.MDAZ ALLAL,infra.huilerie_inventaire_pollution,0.0,0.74,MEDIUM_CONFIDENCE,DUPLICATE_EXACT,1,MANUAL_REVIEW_REQUIRED,distance=0.00m; nom=1.00; commune=0.00; priorite=4,#f59e0b,alert-triangle,MEDIUM_CONFIDENCE,POINT(492677 372619),POINT(492677 372619),POINT(492677 372619),POINT(492677 372619)
fad63bae-aa3c-4a21-b76f-eb30129b8aa7,e60088e9-cf94-4e41-ae65-a5390866b4b8,infra.huilerie,568,Bouaza Thami,HUILERIE,5d648bd6-91a3-4728-9aa0-adac7bb7188a,Bouaza Thami,infra.huilerie_inventaire_pollution,0.0,0.74,MEDIUM_CONFIDENCE,DUPLICATE_EXACT,1,MANUAL_REVIEW_REQUIRED,distance=0.00m; nom=1.00; commune=0.00; priorite=4,#f59e0b,alert-triangle,MEDIUM_CONFIDENCE,POINT(494166 369205),POINT(494166 369205),POINT(494166 369205),POINT(494166 369205)
b4557bbd-d595-48a6-a1e3-50646e9ab825,e60088e9-cf94-4e41-ae65-a5390866b4b8,infra.huilerie,569,HAMID LFAHSSI,HUILERIE,23484c11-adfb-49ff-9dac-7c82026f940c,HAMID LFAHSSI,infra.huilerie_inventaire_pollution,0.0,0.74,MEDIUM_CONFIDENCE,DUPLICATE_EXACT,1,MANUAL_REVIEW_REQUIRED,distance=0.00m; nom=1.00; commune=0.00; priorite=4,#f59e0b,alert-triangle,MEDIUM_CONFIDENCE,POINT(490054 372840),POINT(490054 372840),POINT(490054 372840),POINT(490054 372840)
4099fb59-8327-40ec-b28d-dfdc8d1efd69,e60088e9-cf94-4e41-ae65-a5390866b4b8,infra.huilerie,31,Société Ouled Anajate,HUILERIE,8b72a167-17e9-4b5c-978d-2b7f21d6decf,Société Ouled Anajate,infra.huilerie_inventaire_pollution,0.08246211253268232,0.74,HIGH_RISK,POSSIBLE_MATCH,2,MANUAL_REVIEW,distance=0.08m; nom=1.00; commune=0.00; priorite=4,#dc2626,x-octagon,HIGH_RISK,POINT(515568 376239),POINT(515568.08 376238.98),POINT(515568 376239),POINT(515568 376239)
27a7fd39-d495-48d6-b9e3-0c491698ef44,e60088e9-cf94-4e41-ae65-a5390866b4b8,infra.huilerie,32,H.AL FADLE,HUILERIE,10779ec2-5b0c-45f3-9363-4c4b99235756,H.AL FADLE,infra.huilerie_inventaire_pollution,0.4011234224279391,0.74,HIGH_RISK,POSSIBLE_MATCH,2,MANUAL_REVIEW,distance=0.40m; nom=1.00; commune=0.00; priorite=4,#dc2626,x-octagon,HIGH_RISK,POINT(512361 374364),POINT(512360.6 374364.03),POINT(512361 374364),POINT(512361 374364)
0ef524af-5840-4fbf-bfd3-56182a08954f,e60088e9-cf94-4e41-ae65-a5390866b4b8,infra.huilerie,178,Huilerie Abdesslam BOUSEBER,HUILERIE,c686eb8d-38a9-4323-aea0-f4011074b278,Huilerie Abdesslam BOUSEBER,infra.huilerie_inventaire_pollution,0.0,0.74,MEDIUM_CONFIDENCE,DUPLICATE_EXACT,1,MANUAL_REVIEW_REQUIRED,distance=0.00m; nom=1.00; commune=0.00; priorite=4,#f59e0b,alert-triangle,MEDIUM_CONFIDENCE,POINT(537456 390416),POINT(537456 390416),POINT(537456 390416),POINT(537456 390416)
6a76a6c1-3214-4352-ad81-c3f5f29205ef,e60088e9-cf94-4e41-ae65-a5390866b4b8,infra.huilerie,33,H.AFRIQUIA,HUILERIE,7e05d762-77f8-40e8-9b7c-2ca56fda5840,H.AFRIQUIA,infra.huilerie_inventaire_pollution,0.5028916384163725,0.74,HIGH_RISK,POSSIBLE_MATCH,2,MANUAL_REVIEW,distance=0.50m; nom=1.00; commune=0.00; priorite=4,#dc2626,x-octagon,HIGH_RISK,POINT(508544 372171),POINT(508544.15 372170.52),POINT(508544 372171),POINT(508544 372171)
5b0e6c1b-2f94-4acd-b884-8a2368f4602a,e60088e9-cf94-4e41-ae65-a5390866b4b8,infra.huilerie,34,Huilerie Délices de Saiss,HUILERIE,1ee204a6-d553-43fe-9bbe-9ad1bf6de7d7,Huilerie Délices de Saiss,infra.huilerie_inventaire_pollution,0.5500909015707068,0.74,HIGH_RISK,POSSIBLE_MATCH,2,MANUAL_REVIEW,distance=0.55m; nom=1.00; commune=0.00; priorite=4,#dc2626,x-octagon,HIGH_RISK,POINT(511479 373584),POINT(511478.75 373584.49),POINT(511479 373584),POINT(511479 373584)
bb63abd4-43e3-45d6-83b2-88a8c0156ef2,e60088e9-cf94-4e41-ae65-a5390866b4b8,infra.huilerie,35,H.NACHATE,HUILERIE,9670b40b-2291-463b-a96b-e71f352d2fd0,H.NACHATE,infra.huilerie_inventaire_pollution,0.4816637831313895,0.74,HIGH_RISK,POSSIBLE_MATCH,2,MANUAL_REVIEW,distance=0.48m; nom=1.00; commune=0.00; priorite=4,#dc2626,x-octagon,HIGH_RISK,POINT(511777 364651),POINT(511777.04 364651.48),POINT(511777 364651),POINT(511777 364651)
0009a6f0-62b8-41ee-836f-f1bb628c3560,e60088e9-cf94-4e41-ae65-a5390866b4b8,infra.huilerie,63,Coopérative El Abassia,HUILERIE,e8549c01-71b7-4f42-8df5-15db8cc87442,Coopérative El Abassia,infra.huilerie_inventaire_pollution,0.0,0.74,MEDIUM_CONFIDENCE,DUPLICATE_EXACT,1,MANUAL_REVIEW_REQUIRED,distance=0.00m; nom=1.00; commune=0.00; priorite=4,#f59e0b,alert-triangle,MEDIUM_CONFIDENCE,POINT(518203 377225),POINT(518203 377225),POINT(518203 377225),POINT(518203 377225)
abe82718-51a1-4037-9bca-29d7c83b1f30,e60088e9-cf94-4e41-ae65-a5390866b4b8,infra.huilerie,64,Les huileries de Saiss,HUILERIE,6dfc9a71-4a64-438c-8dea-25c0bb4b9271,Les huileries de Saiss,infra.huilerie_inventaire_pollution,0.4438468204132137,0.74,HIGH_RISK,POSSIBLE_MATCH,2,MANUAL_REVIEW,distance=0.44m; nom=1.00; commune=0.00; priorite=4,#dc2626,x-octagon,HIGH_RISK,POINT(515183 371517),POINT(515183.11 371517.43),POINT(515183 371517),POINT(515183 371517)
1484237c-c689-4c85-9cec-5b19677bbecb,e60088e9-cf94-4e41-ae65-a5390866b4b8,infra.huilerie,426,Kerouach,HUILERIE,580e15af-403e-49ca-9e62-6c6eda5473e5,Kerouach,infra.huilerie_inventaire_pollution,0.0,0.74,MEDIUM_CONFIDENCE,DUPLICATE_EXACT,1,MANUAL_REVIEW_REQUIRED,distance=0.00m; nom=1.00; commune=0.00; priorite=4,#f59e0b,alert-triangle,MEDIUM_CONFIDENCE,POINT(513281 365257),POINT(513281 365257),POINT(513281 365257),POINT(513281 365257)
0fbbc39f-e566-4a05-b4ba-72ad36414aa8,e60088e9-cf94-4e41-ae65-a5390866b4b8,infra.huilerie,538,ATTARI MOHAMED ,HUILERIE,38793702-8f55-451e-bcfb-d30743bc1a5c,ATTARI MOHAMED,infra.huilerie_inventaire_pollution,0.0,0.74,MEDIUM_CONFIDENCE,DUPLICATE_EXACT,1,MANUAL_REVIEW_REQUIRED,distance=0.00m; nom=1.00; commune=0.00; priorite=4,#f59e0b,alert-triangle,MEDIUM_CONFIDENCE,POINT(485705 380294),POINT(485705 380294),POINT(485705 380294),POINT(485705 380294)
1d94de6b-10b3-45c9-923c-96b81808f26c,e60088e9-cf94-4e41-ae65-a5390866b4b8,infra.huilerie,539,OLEA SAISS,HUILERIE,96a8eb10-c5a6-45ba-abb9-fb5ecb2d30c8,OLEA SAISS,infra.huilerie_inventaire_pollution,0.13928388277200837,0.74,HIGH_RISK,POSSIBLE_MATCH,2,MANUAL_REVIEW,distance=0.14m; nom=1.00; commune=0.00; priorite=4,#dc2626,x-octagon,HIGH_RISK,POINT(484750 375784),POINT(484749.95 375784.13),POINT(484750 375784),POINT(484750 375784)
e43316d5-312f-4f92-a3dc-b760095e24d8,e60088e9-cf94-4e41-ae65-a5390866b4b8,infra.huilerie,540,SOCIETE L'OLEASTRE,HUILERIE,43528815-00c1-48e7-934f-f290ae228672,SOCIETE L'OLEASTRE,infra.huilerie_inventaire_pollution,0.17720045144777277,0.74,HIGH_RISK,POSSIBLE_MATCH,2,MANUAL_REVIEW,distance=0.18m; nom=1.00; commune=0.00; priorite=4,#dc2626,x-octagon,HIGH_RISK,POINT(484968 377315),POINT(484968.17 377315.05),POINT(484968 377315),POINT(484968 377315)
476f77a8-be3e-49d9-b291-5fbff4a9f2d5,e60088e9-cf94-4e41-ae65-a5390866b4b8,infra.huilerie,541,H.VOLUBILIS S.A.R.L,HUILERIE,fafa5783-8785-4a3d-8372-f19cdc72a4d1,H.VOLUBILIS S.A.R.L,infra.huilerie_inventaire_pollution,0.4494441010605367,0.74,HIGH_RISK,POSSIBLE_MATCH,2,MANUAL_REVIEW,distance=0.45m; nom=1.00; commune=0.00; priorite=4,#dc2626,x-octagon,HIGH_RISK,POINT(484873 375959),POINT(484873.42 375958.84),POINT(484873 375959),POINT(484873 375959)
94f21dac-2a1c-4806-90d3-d378e1a40314,e60088e9-cf94-4e41-ae65-a5390866b4b8,infra.huilerie,542,H.JBEL ZARHOUN,HUILERIE,1194c91e-b63a-4eb8-8eeb-899f73e3b724,H.JBEL ZARHOUN,infra.huilerie_inventaire_pollution,0.5907622195110566,0.74,HIGH_RISK,POSSIBLE_MATCH,2,MANUAL_REVIEW,distance=0.59m; nom=1.00; commune=0.00; priorite=4,#dc2626,x-octagon,HIGH_RISK,POINT(484817 375835),POINT(484816.67 375834.51),POINT(484817 375835),POINT(484817 375835)
c463748d-3643-4460-ba76-cd62e60f841b,e60088e9-cf94-4e41-ae65-a5390866b4b8,infra.huilerie,550,"H, KHALID MOUALIJ",HUILERIE,77046c88-db08-4508-a9f0-8f7cb036ad02,"H, KHALID MOUALIJ",infra.huilerie_inventaire_pollution,0.0,0.74,MEDIUM_CONFIDENCE,DUPLICATE_EXACT,1,MANUAL_REVIEW_REQUIRED,distance=0.00m; nom=1.00; commune=0.00; priorite=4,#f59e0b,alert-triangle,MEDIUM_CONFIDENCE,POINT(494334 379340),POINT(494334 379340),POINT(494334 379340),POINT(494334 379340)
ca53ed94-450e-4eb1-9ff7-cf69b52eacbd,e60088e9-cf94-4e41-ae65-a5390866b4b8,infra.huilerie,552,H.YAHYAOUI ABDENABI,HUILERIE,6a641973-fb86-46e5-94ac-f219cd9c5961,H.YAHYAOUI ABDENABI,infra.huilerie_inventaire_pollution,0.0,0.74,MEDIUM_CONFIDENCE,DUPLICATE_EXACT,1,MANUAL_REVIEW_REQUIRED,distance=0.00m; nom=1.00; commune=0.00; priorite=4,#f59e0b,alert-triangle,MEDIUM_CONFIDENCE,POINT(493871 379560),POINT(493871 379560),POINT(493871 379560),POINT(493871 379560)
3b9d221d-b8b9-4ec7-bb10-644a79905aab,e60088e9-cf94-4e41-ae65-a5390866b4b8,infra.huilerie,558,jebal zarhoune,HUILERIE,e45a0cc9-04fd-4df3-88d5-16a1658f0fb3,jebal zarhoune,infra.huilerie_inventaire_pollution,0.0,0.74,MEDIUM_CONFIDENCE,DUPLICATE_EXACT,1,MANUAL_REVIEW_REQUIRED,distance=0.00m; nom=1.00; commune=0.00; priorite=4,#f59e0b,alert-triangle,MEDIUM_CONFIDENCE,POINT(484813 375849),POINT(484813 375849),POINT(484813 375849),POINT(484813 375849)
73563976-78ce-408b-a0ad-85f6b830128c,e60088e9-cf94-4e41-ae65-a5390866b4b8,infra.huilerie,571,IMMAD ZAIMI,HUILERIE,14005f5d-39f7-4c6a-934c-2e7c67fa04df,IMMAD ZAIMI,infra.huilerie_inventaire_pollution,0.0,0.74,MEDIUM_CONFIDENCE,DUPLICATE_EXACT,1,MANUAL_REVIEW_REQUIRED,distance=0.00m; nom=1.00; commune=0.00; priorite=4,#f59e0b,alert-triangle,MEDIUM_CONFIDENCE,POINT(494133 379390),POINT(494133 379390),POINT(494133 379390),POINT(494133 379390)
621ab1e2-9889-41e8-a963-3587e7382ed2,e60088e9-cf94-4e41-ae65-a5390866b4b8,infra.huilerie,579,FAHMI MOHAMED,HUILERIE,c1ae2178-3ce6-4ea0-afac-9e3d8bf7cd3e,FAHMI MOHAMED,infra.huilerie_inventaire_pollution,0.0,0.74,MEDIUM_CONFIDENCE,DUPLICATE_EXACT,1,MANUAL_REVIEW_REQUIRED,distance=0.00m; nom=1.00; commune=0.00; priorite=4,#f59e0b,alert-triangle,MEDIUM_CONFIDENCE,POINT(485934 380176),POINT(485934 380176),POINT(485934 380176),POINT(485934 380176)
4179f369-90c8-41c8-a78c-31baed1cc55a,e60088e9-cf94-4e41-ae65-a5390866b4b8,infra.huilerie,586,Zayt Zarhoun,HUILERIE,08f36f4f-d37d-4797-bbd9-47d2d1d4805c,Zayt Zarhoun,infra.huilerie_inventaire_pollution,0.0,0.74,MEDIUM_CONFIDENCE,DUPLICATE_EXACT,1,MANUAL_REVIEW_REQUIRED,distance=0.00m; nom=1.00; commune=0.00; priorite=4,#f59e0b,alert-triangle,MEDIUM_CONFIDENCE,POINT(489039 380502),POINT(489039 380502),POINT(489039 380502),POINT(489039 380502)
c2f4e441-1444-4b75-8197-9b4c7d8a0e56,e60088e9-cf94-4e41-ae65-a5390866b4b8,infra.huilerie,587,El Moualij Khalid,HUILERIE,599e01b1-5682-4b63-b868-3532466652e7,El Moualij Khalid,infra.huilerie_inventaire_pollution,0.0,0.74,MEDIUM_CONFIDENCE,DUPLICATE_EXACT,1,MANUAL_REVIEW_REQUIRED,distance=0.00m; nom=1.00; commune=0.00; priorite=4,#f59e0b,alert-triangle,MEDIUM_CONFIDENCE,POINT(484966 377297),POINT(484966 377297),POINT(484966 377297),POINT(484966 377297)
afe4e20a-bd1c-4c4a-8662-317c78302444,e60088e9-cf94-4e41-ae65-a5390866b4b8,infra.huilerie,588,El Yahyaoui Abdenabi,HUILERIE,e16ad55a-bfb7-4b93-b3c6-99f60824defd,El Yahyaoui Abdenabi,infra.huilerie_inventaire_pollution,0.0,0.74,MEDIUM_CONFIDENCE,DUPLICATE_EXACT,1,MANUAL_REVIEW_REQUIRED,distance=0.00m; nom=1.00; commune=0.00; priorite=4,#f59e0b,alert-triangle,MEDIUM_CONFIDENCE,POINT(494006 379528),POINT(494006 379528),POINT(494006 379528),POINT(494006 379528)
0469d45b-cf7c-47bb-a003-9f84f5a40c33,e60088e9-cf94-4e41-ae65-a5390866b4b8,infra.huilerie,589,Héritier Abou Loula,HUILERIE,48835392-b347-448a-bdb2-f4cbab454cfe,Héritier Abou Loula,infra.huilerie_inventaire_pollution,0.0,0.74,MEDIUM_CONFIDENCE,DUPLICATE_EXACT,1,MANUAL_REVIEW_REQUIRED,distance=0.00m; nom=1.00; commune=0.00; priorite=4,#f59e0b,alert-triangle,MEDIUM_CONFIDENCE,POINT(485573 379546),POINT(485573 379546),POINT(485573 379546),POINT(485573 379546)
adf2a9e8-fc7d-499d-8e51-31b8b223d93f,e60088e9-cf94-4e41-ae65-a5390866b4b8,infra.huilerie,590,Belhaj Ali,HUILERIE,b3e20f90-a760-4055-ad8e-68971fadbd3f,Belhaj Ali,infra.huilerie_inventaire_pollution,0.0,0.74,MEDIUM_CONFIDENCE,DUPLICATE_EXACT,1,MANUAL_REVIEW_REQUIRED,distance=0.00m; nom=1.00; commune=0.00; priorite=4,#f59e0b,alert-triangle,MEDIUM_CONFIDENCE,POINT(494207 379379),POINT(494207 379379),POINT(494207 379379),POINT(494207 379379)
e4bcc81b-4e86-4ffb-be99-856c65e69e4b,e60088e9-cf94-4e41-ae65-a5390866b4b8,infra.huilerie,591,Mohamed Hallami,HUILERIE,7382768a-dae2-4f6e-827e-3e2d34a09d04,Mohamed Hallami,infra.huilerie_inventaire_pollution,0.0,0.74,MEDIUM_CONFIDENCE,DUPLICATE_EXACT,1,MANUAL_REVIEW_REQUIRED,distance=0.00m; nom=1.00; commune=0.00; priorite=4,#f59e0b,alert-triangle,MEDIUM_CONFIDENCE,POINT(491456 379747),POINT(491456 379747),POINT(491456 379747),POINT(491456 379747)
f327361e-1913-4c9d-838d-9df0d1ed5703,e60088e9-cf94-4e41-ae65-a5390866b4b8,infra.huilerie,548,"H, BEN MOUSSA",HUILERIE,ef0693c9-198f-46b6-875f-d24e33d0329f,"H, BEN MOUSSA",infra.huilerie_inventaire_pollution,0.28178005607425577,0.74,HIGH_RISK,POSSIBLE_MATCH,2,MANUAL_REVIEW,distance=0.28m; nom=1.00; commune=0.00; priorite=4,#dc2626,x-octagon,HIGH_RISK,POINT(488638 384208),POINT(488637.87 384208.25),POINT(488638 384208),POINT(488638 384208)
b4335a1d-a5e3-40cb-908b-95a008256c8f,e60088e9-cf94-4e41-ae65-a5390866b4b8,infra.huilerie,549,"H,OUERYAGHLI ADNAN",HUILERIE,6ec91ed0-6f67-44c8-a99b-cdc4f9df2806,"H,OUERYAGHLI ADNAN",infra.huilerie_inventaire_pollution,0.058309518952845314,0.74,HIGH_RISK,POSSIBLE_MATCH,2,MANUAL_REVIEW,distance=0.06m; nom=1.00; commune=0.00; priorite=4,#dc2626,x-octagon,HIGH_RISK,POINT(488592 384219),POINT(488591.95 384219.03),POINT(488592 384219),POINT(488592 384219)
9d94d422-949f-44bb-bd0e-2548512f1b02,e60088e9-cf94-4e41-ae65-a5390866b4b8,infra.huilerie,563,Bel Abbass,HUILERIE,78cd639d-69f2-442a-b228-9c89016823f7,Bel Abbass,infra.huilerie_inventaire_pollution,0.0,0.74,MEDIUM_CONFIDENCE,DUPLICATE_EXACT,1,MANUAL_REVIEW_REQUIRED,distance=0.00m; nom=1.00; commune=0.00; priorite=4,#f59e0b,alert-triangle,MEDIUM_CONFIDENCE,POINT(488684 384253),POINT(488684 384253),POINT(488684 384253),POINT(488684 384253)
c97e58a4-0b87-4599-bf92-f9509739286b,e60088e9-cf94-4e41-ae65-a5390866b4b8,infra.huilerie,581,H.el ouaste Mohammed,HUILERIE,2243dcd3-cc81-4541-b65d-36e5ac9d8f9a,H.el ouaste Mohammed,infra.huilerie_inventaire_pollution,0.66319303372309,0.74,HIGH_RISK,POSSIBLE_MATCH,2,MANUAL_REVIEW,distance=0.66m; nom=1.00; commune=0.00; priorite=4,#dc2626,x-octagon,HIGH_RISK,POINT(488083 383911),POINT(488083.489 383911.448),POINT(488083 383911),POINT(488083 383911)
ae37a95e-4843-41c9-8e6c-ee35659d44ff,e60088e9-cf94-4e41-ae65-a5390866b4b8,infra.huilerie,582,Bab Ezzhar,HUILERIE,ca489fd3-fbba-4caa-afd3-efaac0d55f6d,Bab Ezzhar,infra.huilerie_inventaire_pollution,0.0,0.74,MEDIUM_CONFIDENCE,DUPLICATE_EXACT,1,MANUAL_REVIEW_REQUIRED,distance=0.00m; nom=1.00; commune=0.00; priorite=4,#f59e0b,alert-triangle,MEDIUM_CONFIDENCE,POINT(488059 384043),POINT(488059 384043),POINT(488059 384043),POINT(488059 384043)
b393764f-0c28-4b4b-991d-153c5f9da72a,e60088e9-cf94-4e41-ae65-a5390866b4b8,infra.huilerie,443,Non-connue 6,HUILERIE,9ba4d3de-1344-4769-842b-853a14ef1012,Non-connue 6,infra.huilerie_inventaire_pollution,0.0,0.74,MEDIUM_CONFIDENCE,DUPLICATE_EXACT,1,MANUAL_REVIEW_REQUIRED,distance=0.00m; nom=1.00; commune=0.00; priorite=4,#f59e0b,alert-triangle,MEDIUM_CONFIDENCE,POINT(527798 361250),POINT(527798 361250),POINT(527798 361250),POINT(527798 361250)
ba9ad166-672e-4f02-8e61-681d2bbe3921,e60088e9-cf94-4e41-ae65-a5390866b4b8,infra.huilerie,444,H.ZAYTOUN AL AKHAOUAYNE,HUILERIE,7f84d151-34a6-4d8a-9c61-56829b5e0325,H.ZAYTOUN AL AKHAOUAYNE,infra.huilerie_inventaire_pollution,0.0,0.74,MEDIUM_CONFIDENCE,DUPLICATE_EXACT,1,MANUAL_REVIEW_REQUIRED,distance=0.00m; nom=1.00; commune=0.00; priorite=4,#f59e0b,alert-triangle,MEDIUM_CONFIDENCE,POINT(528985 364217),POINT(528985 364217),POINT(528985 364217),POINT(528985 364217)
0d0647f1-41ba-4fc2-82c9-3625dd792d8f,e60088e9-cf94-4e41-ae65-a5390866b4b8,infra.huilerie,445,H.ABDELKADAR TAZI,HUILERIE,3846efc6-583b-438d-8021-abfb588b7bd4,H.ABDELKADAR TAZI,infra.huilerie_inventaire_pollution,0.3605551275334838,0.74,HIGH_RISK,POSSIBLE_MATCH,2,MANUAL_REVIEW,distance=0.36m; nom=1.00; commune=0.00; priorite=4,#dc2626,x-octagon,HIGH_RISK,POINT(527801 360706),POINT(527800.64 360705.98),POINT(527801 360706),POINT(527801 360706)
0d6c62b1-b7b2-4538-aa9e-3866b58b9ee7,e60088e9-cf94-4e41-ae65-a5390866b4b8,infra.huilerie,446,H.EL BARAKA,HUILERIE,31f55044-e6c3-4006-90ea-3bb7a2a5dc7f,H.EL BARAKA,infra.huilerie_inventaire_pollution,0.0,0.74,MEDIUM_CONFIDENCE,DUPLICATE_EXACT,1,MANUAL_REVIEW_REQUIRED,distance=0.00m; nom=1.00; commune=0.00; priorite=4,#f59e0b,alert-triangle,MEDIUM_CONFIDENCE,POINT(527863 360736),POINT(527863 360736),POINT(527863 360736),POINT(527863 360736)
4b620565-afe8-4ea4-b900-0326c4357f16,e60088e9-cf94-4e41-ae65-a5390866b4b8,infra.huilerie,447,H.MAMOUNIA,HUILERIE,fa9bbc64-700b-49b3-a59b-3de99c534bfc,H.MAMOUNIA,infra.huilerie_inventaire_pollution,0.21213203438065967,0.74,HIGH_RISK,POSSIBLE_MATCH,2,MANUAL_REVIEW,distance=0.21m; nom=1.00; commune=0.00; priorite=4,#dc2626,x-octagon,HIGH_RISK,POINT(533034 364324),POINT(533033.97 364323.79),POINT(533034 364324),POINT(533034 364324)
6944d2b8-c02b-4a1c-a79d-af3241496f3b,e60088e9-cf94-4e41-ae65-a5390866b4b8,infra.huilerie,448,"STE,ZOYOUT MABROUKA",HUILERIE,930dc301-8e55-4819-b905-18577a2026c4,"STE,ZOYOUT MABROUKA",infra.huilerie_inventaire_pollution,0.0,0.74,MEDIUM_CONFIDENCE,DUPLICATE_EXACT,1,MANUAL_REVIEW_REQUIRED,distance=0.00m; nom=1.00; commune=0.00; priorite=4,#f59e0b,alert-triangle,MEDIUM_CONFIDENCE,POINT(529031 361543),POINT(529031 361543),POINT(529031 361543),POINT(529031 361543)
a5706856-9f97-4cf3-857f-42e8a02cb8e7,e60088e9-cf94-4e41-ae65-a5390866b4b8,infra.huilerie,1,Idrissi,HUILERIE,1961edea-da37-425f-b5a4-80a6814fbd47,Idrissi,infra.huilerie_inventaire_pollution,0.0,0.74,MEDIUM_CONFIDENCE,DUPLICATE_EXACT,1,MANUAL_REVIEW_REQUIRED,distance=0.00m; nom=1.00; commune=0.00; priorite=4,#f59e0b,alert-triangle,MEDIUM_CONFIDENCE,POINT(577833 324654),POINT(577833 324654),POINT(577833 324654),POINT(577833 324654)
c53f03f0-298c-4633-bca7-5882f40f9598,e60088e9-cf94-4e41-ae65-a5390866b4b8,infra.huilerie,2,Baraka,HUILERIE,9acf3e36-6083-4df6-a623-b46b8645cedc,Baraka,infra.huilerie_inventaire_pollution,0.0,0.74,MEDIUM_CONFIDENCE,DUPLICATE_EXACT,1,MANUAL_REVIEW_REQUIRED,distance=0.00m; nom=1.00; commune=0.00; priorite=4,#f59e0b,alert-triangle,MEDIUM_CONFIDENCE,POINT(579491 330298),POINT(579491 330298),POINT(579491 330298),POINT(579491 330298)
04241227-6221-4687-92a4-3c5f42f8983f,e60088e9-cf94-4e41-ae65-a5390866b4b8,infra.huilerie,3,huilerie besouni allel,HUILERIE,581e76c2-f0e8-45c0-b3c3-eedd25b0c114,huilerie besouni allel,infra.huilerie_inventaire_pollution,0.0,0.74,MEDIUM_CONFIDENCE,DUPLICATE_EXACT,1,MANUAL_REVIEW_REQUIRED,distance=0.00m; nom=1.00; commune=0.00; priorite=4,#f59e0b,alert-triangle,MEDIUM_CONFIDENCE,POINT(580137 325056),POINT(580137 325056),POINT(580137 325056),POINT(580137 325056)
2dbd1b8c-65a2-4ec7-8a75-0e562b318e50,e60088e9-cf94-4e41-ae65-a5390866b4b8,infra.huilerie,4,Huilerie bel kaid fatima,HUILERIE,d41a5b3c-1fc9-4519-8982-746a1a395470,Huilerie bel kaid fatima,infra.huilerie_inventaire_pollution,0.0,0.74,MEDIUM_CONFIDENCE,DUPLICATE_EXACT,1,MANUAL_REVIEW_REQUIRED,distance=0.00m; nom=1.00; commune=0.00; priorite=4,#f59e0b,alert-triangle,MEDIUM_CONFIDENCE,POINT(579634 321180),POINT(579634 321180),POINT(579634 321180),POINT(579634 321180)
6a0edbfe-d7eb-466c-90cc-3ea54f3ef0c6,e60088e9-cf94-4e41-ae65-a5390866b4b8,infra.huilerie,5,Huileries amocran,HUILERIE,f7f2189f-91be-426b-91e7-995140e40faf,Huileries amocran,infra.huilerie_inventaire_pollution,0.0,0.74,MEDIUM_CONFIDENCE,DUPLICATE_EXACT,1,MANUAL_REVIEW_REQUIRED,distance=0.00m; nom=1.00; commune=0.00; priorite=4,#f59e0b,alert-triangle,MEDIUM_CONFIDENCE,POINT(578757 330457),POINT(578757 330457),POINT(578757 330457),POINT(578757 330457)
68a6fce0-e338-45f5-9326-dcbe94c01bef,e60088e9-cf94-4e41-ae65-a5390866b4b8,infra.huilerie,6,Maasra brachma (azoughari),HUILERIE,bd989f86-0c28-40d7-807a-99857a6a9d98,Maasra brachma (azoughari),infra.huilerie_inventaire_pollution,0.0,0.74,MEDIUM_CONFIDENCE,DUPLICATE_EXACT,1,MANUAL_REVIEW_REQUIRED,distance=0.00m; nom=1.00; commune=0.00; priorite=4,#f59e0b,alert-triangle,MEDIUM_CONFIDENCE,POINT(578307 324992),POINT(578307 324992),POINT(578307 324992),POINT(578307 324992)
fed75279-3e48-407d-bf04-0cf139e385a5,e60088e9-cf94-4e41-ae65-a5390866b4b8,infra.huilerie,7,Maasra med bouayadi,HUILERIE,c728f827-f39a-40ce-b7b4-e89761a4be8d,Maasra med bouayadi,infra.huilerie_inventaire_pollution,0.0,0.74,MEDIUM_CONFIDENCE,DUPLICATE_EXACT,1,MANUAL_REVIEW_REQUIRED,distance=0.00m; nom=1.00; commune=0.00; priorite=4,#f59e0b,alert-triangle,MEDIUM_CONFIDENCE,POINT(573386 321263),POINT(573386 321263),POINT(573386 321263),POINT(573386 321263)
a3d3af48-f515-493c-9fc8-37760891de99,e60088e9-cf94-4e41-ae65-a5390866b4b8,infra.huilerie,8,Maasra Fatima Oukanza,HUILERIE,7a504086-ca69-45d6-8662-e989ebd3e918,Maasra Fatima Oukanza,infra.huilerie_inventaire_pollution,0.0,0.74,MEDIUM_CONFIDENCE,DUPLICATE_EXACT,1,MANUAL_REVIEW_REQUIRED,distance=0.00m; nom=1.00; commune=0.00; priorite=4,#f59e0b,alert-triangle,MEDIUM_CONFIDENCE,POINT(573289 321227),POINT(573289 321227),POINT(573289 321227),POINT(573289 321227)
7e8fbd52-d12b-4566-9b8f-f507a960472b,e60088e9-cf94-4e41-ae65-a5390866b4b8,infra.huilerie,9,Huilerie Bel Kaid Mohamed,HUILERIE,8e82df5f-1adc-4021-899c-bf2a4faf463d,Huilerie Bel Kaid Mohamed,infra.huilerie_inventaire_pollution,0.0,0.74,MEDIUM_CONFIDENCE,DUPLICATE_EXACT,1,MANUAL_REVIEW_REQUIRED,distance=0.00m; nom=1.00; commune=0.00; priorite=4,#f59e0b,alert-triangle,MEDIUM_CONFIDENCE,POINT(579455 325118),POINT(579455 325118),POINT(579455 325118),POINT(579455 325118)
b7ba3d8c-8cd9-4299-8e71-11ed197fba78,e60088e9-cf94-4e41-ae65-a5390866b4b8,infra.huilerie,10,Maasra Idhrine Boutamjine,HUILERIE,f62215f5-bc95-413d-8f3b-fa2236237230,Maasra Idhrine Boutamjine,infra.huilerie_inventaire_pollution,0.0,0.74,MEDIUM_CONFIDENCE,DUPLICATE_EXACT,1,MANUAL_REVIEW_REQUIRED,distance=0.00m; nom=1.00; commune=0.00; priorite=4,#f59e0b,alert-triangle,MEDIUM_CONFIDENCE,POINT(580054 323983),POINT(580054 323983),POINT(580054 323983),POINT(580054 323983)
1688cb08-2828-43c8-bb97-d914cbae2380,e60088e9-cf94-4e41-ae65-a5390866b4b8,infra.huilerie,57,H.LAGNAOUI HMED,HUILERIE,3b640b2f-a3c9-4809-88ad-25f569c45654,H.LAGNAOUI HMED,infra.huilerie_inventaire_pollution,0.33541019662496846,0.74,HIGH_RISK,POSSIBLE_MATCH,2,MANUAL_REVIEW,distance=0.34m; nom=1.00; commune=0.00; priorite=4,#dc2626,x-octagon,HIGH_RISK,POINT(517949 372323),POINT(517948.7 372323.15),POINT(517949 372323),POINT(517949 372323)
1bc8251a-3819-4203-abf1-59360f1730fe,e60088e9-cf94-4e41-ae65-a5390866b4b8,infra.huilerie,58,SOCIETE HSBC,HUILERIE,e93aae6f-f7cf-4980-b997-026fc9b0b3de,SOCIETE HSBC,infra.huilerie_inventaire_pollution,0.4846648326503201,0.74,HIGH_RISK,POSSIBLE_MATCH,2,MANUAL_REVIEW,distance=0.48m; nom=1.00; commune=0.00; priorite=4,#dc2626,x-octagon,HIGH_RISK,POINT(516433 372510),POINT(516432.55 372509.82),POINT(516433 372510),POINT(516433 372510)
88ca8611-f60f-4bbe-be10-d11ac2701faf,e60088e9-cf94-4e41-ae65-a5390866b4b8,infra.huilerie,38,STE.HOLDING DE TRAITEMENT D'OLIVE,HUILERIE,2db962ed-b31c-47a9-acad-105cfdbaca12,STE.HOLDING DE TRAITEMENT D'OLIVE,infra.huilerie_inventaire_pollution,0.30413812653787725,0.74,HIGH_RISK,POSSIBLE_MATCH,2,MANUAL_REVIEW,distance=0.30m; nom=1.00; commune=0.00; priorite=4,#dc2626,x-octagon,HIGH_RISK,POINT(500678 343691),POINT(500677.73 343690.86),POINT(500678 343691),POINT(500678 343691)
de0dd92e-0ccd-4e5b-8bcf-e61b86699a20,e60088e9-cf94-4e41-ae65-a5390866b4b8,infra.huilerie,30,H.HAJ MIMOUN CHACHOU,HUILERIE,1fc57149-4b5d-48ff-9ca3-c7b2b7065b37,H.HAJ MIMOUN CHACHOU,infra.huilerie_inventaire_pollution,0.33615472627908594,0.74,HIGH_RISK,POSSIBLE_MATCH,2,MANUAL_REVIEW,distance=0.34m; nom=1.00; commune=0.00; priorite=4,#dc2626,x-octagon,HIGH_RISK,POINT(502960 357148),POINT(502960.31 357147.87),POINT(502960 357148),POINT(502960 357148)
6a2381d2-ccc7-4565-b662-109a85fd1933,e60088e9-cf94-4e41-ae65-a5390866b4b8,infra.huilerie,422,Mohamed Yaakoubi,HUILERIE,4af7e5ac-e338-481e-884f-6cafa45e35a6,Mohamed Yaakoubi,infra.huilerie_inventaire_pollution,0.0,0.74,MEDIUM_CONFIDENCE,DUPLICATE_EXACT,1,MANUAL_REVIEW_REQUIRED,distance=0.00m; nom=1.00; commune=0.00; priorite=4,#f59e0b,alert-triangle,MEDIUM_CONFIDENCE,POINT(504908 355885),POINT(504908 355885),POINT(504908 355885),POINT(504908 355885)
cfd19b07-174a-4a07-bcd2-10d45c2836be,e60088e9-cf94-4e41-ae65-a5390866b4b8,infra.huilerie,423,El Khayari,HUILERIE,e57cb5d6-5be2-4e52-bbd7-367fd8be0a04,El Khayari,infra.huilerie_inventaire_pollution,0.0,0.74,MEDIUM_CONFIDENCE,DUPLICATE_EXACT,1,MANUAL_REVIEW_REQUIRED,distance=0.00m; nom=1.00; commune=0.00; priorite=4,#f59e0b,alert-triangle,MEDIUM_CONFIDENCE,POINT(503979 353548),POINT(503979 353548),POINT(503979 353548),POINT(503979 353548)
36085b5e-a036-4fd5-98aa-5ee3659463a6,e60088e9-cf94-4e41-ae65-a5390866b4b8,infra.huilerie,42,Huilerie Domaine La Zouina,HUILERIE,97362b16-14e2-4190-b964-17ae94d385c8,Huilerie Domaine La Zouina,infra.huilerie_inventaire_pollution,0.0,0.74,MEDIUM_CONFIDENCE,DUPLICATE_EXACT,1,MANUAL_REVIEW_REQUIRED,distance=0.00m; nom=1.00; commune=0.00; priorite=4,#f59e0b,alert-triangle,MEDIUM_CONFIDENCE,POINT(494075 345874),POINT(494075 345874),POINT(494075 345874),POINT(494075 345874)
dcb3ee33-65a6-422d-af35-75446cbc8e8c,e60088e9-cf94-4e41-ae65-a5390866b4b8,infra.huilerie,55,Maasra Haj Molid        ,HUILERIE,4fccccf0-b176-4017-a973-f520808eb853,Maasra Haj Molid,infra.huilerie_inventaire_pollution,0.0,0.74,MEDIUM_CONFIDENCE,DUPLICATE_EXACT,1,MANUAL_REVIEW_REQUIRED,distance=0.00m; nom=1.00; commune=0.00; priorite=4,#f59e0b,alert-triangle,MEDIUM_CONFIDENCE,POINT(493326 336105),POINT(493326 336105),POINT(493326 336105),POINT(493326 336105)
3baa8050-6cfa-4e70-9019-7fa0113fa880,e60088e9-cf94-4e41-ae65-a5390866b4b8,infra.huilerie,25,H.ZAYTOUNA,HUILERIE,8a7aa555-8128-4a64-b281-defa41b6a10d,H.ZAYTOUNA,infra.huilerie_inventaire_pollution,0.5015974481832369,0.74,HIGH_RISK,POSSIBLE_MATCH,2,MANUAL_REVIEW,distance=0.50m; nom=1.00; commune=0.00; priorite=4,#dc2626,x-octagon,HIGH_RISK,POINT(476254 339437),POINT(476254.46 339437.2),POINT(476254 339437),POINT(476254 339437)
7cafd824-325c-48cb-a27d-f324edd82d64,e60088e9-cf94-4e41-ae65-a5390866b4b8,infra.huilerie,37,H.BRAHIM ZNIBAR,HUILERIE,1cdb97c4-2e83-44ee-af52-05eb07008047,H.BRAHIM ZNIBAR,infra.huilerie_inventaire_pollution,0.45880278986270057,0.74,HIGH_RISK,POSSIBLE_MATCH,2,MANUAL_REVIEW,distance=0.46m; nom=1.00; commune=0.00; priorite=4,#dc2626,x-octagon,HIGH_RISK,POINT(503164 354100),POINT(503163.57 354099.84),POINT(503164 354100),POINT(503164 354100)
9763a230-2c9b-4f91-b03d-1dfcaf0853ec,e60088e9-cf94-4e41-ae65-a5390866b4b8,infra.huilerie,419,Cooperative Ait Ali,HUILERIE,8cb78d23-aacc-4007-8e81-93b4dddad53f,Cooperative Ait Ali,infra.huilerie_inventaire_pollution,0.0,0.74,MEDIUM_CONFIDENCE,DUPLICATE_EXACT,1,MANUAL_REVIEW_REQUIRED,distance=0.00m; nom=1.00; commune=0.00; priorite=4,#f59e0b,alert-triangle,MEDIUM_CONFIDENCE,POINT(501142 351128),POINT(501142 351128),POINT(501142 351128),POINT(501142 351128)
c906ee53-dc52-4bd3-95f9-1d0d12313cda,e60088e9-cf94-4e41-ae65-a5390866b4b8,infra.huilerie,433,"H,BOUHDIOUI",HUILERIE,f4b1b063-2ade-40b6-9a17-e2b237cda50c,"H,BOUHDIOUI",infra.huilerie_inventaire_pollution,0.0,0.74,MEDIUM_CONFIDENCE,DUPLICATE_EXACT,1,MANUAL_REVIEW_REQUIRED,distance=0.00m; nom=1.00; commune=0.00; priorite=4,#f59e0b,alert-triangle,MEDIUM_CONFIDENCE,POINT(551902 359291),POINT(551902 359291),POINT(551902 359291),POINT(551902 359291)
e9b1455b-1f07-4702-8a3d-9d632934142f,e60088e9-cf94-4e41-ae65-a5390866b4b8,infra.huilerie,465,Erragragui essi company/Erragragui essi,HUILERIE,a63cc90b-6cfd-4ea1-8cee-3a162f118885,Erragragui essi company/Erragragui essi,infra.huilerie_inventaire_pollution,0.0,0.74,MEDIUM_CONFIDENCE,DUPLICATE_EXACT,1,MANUAL_REVIEW_REQUIRED,distance=0.00m; nom=1.00; commune=0.00; priorite=4,#f59e0b,alert-triangle,MEDIUM_CONFIDENCE,POINT(551740 359568),POINT(551740 359568),POINT(551740 359568),POINT(551740 359568)
2c13ceaf-c1cb-4785-96e0-a385f364a452,e60088e9-cf94-4e41-ae65-a5390866b4b8,infra.huilerie,468,REGRAGI BRAHIM,HUILERIE,253f6050-1375-4817-860a-ccdf2b409e9a,REGRAGI BRAHIM,infra.huilerie_inventaire_pollution,0.37947331920548,0.74,HIGH_RISK,POSSIBLE_MATCH,2,MANUAL_REVIEW,distance=0.38m; nom=1.00; commune=0.00; priorite=4,#dc2626,x-octagon,HIGH_RISK,POINT(552545 357595),POINT(552545.36 357595.12),POINT(552545 357595),POINT(552545 357595)
c8cb722c-0261-457e-8f8e-b5d8bff59314,e60088e9-cf94-4e41-ae65-a5390866b4b8,infra.huilerie,469,BARAKA,HUILERIE,6eadca42-a17c-4bd5-b835-964129ade136,BARAKA,infra.huilerie_inventaire_pollution,0.28071337698155974,0.74,HIGH_RISK,POSSIBLE_MATCH,2,MANUAL_REVIEW,distance=0.28m; nom=1.00; commune=0.00; priorite=4,#dc2626,x-octagon,HIGH_RISK,POINT(552397 357817),POINT(552396.98 357816.72),POINT(552397 357817),POINT(552397 357817)
f6576203-ec0b-439c-846a-8cf230275def,e60088e9-cf94-4e41-ae65-a5390866b4b8,infra.huilerie,470,Huiulerie Baraka,HUILERIE,222d87a7-36c7-45a5-9cc2-1eec5f3fc4a6,Huiulerie Baraka,infra.huilerie_inventaire_pollution,0.0,0.74,MEDIUM_CONFIDENCE,DUPLICATE_EXACT,1,MANUAL_REVIEW_REQUIRED,distance=0.00m; nom=1.00; commune=0.00; priorite=4,#f59e0b,alert-triangle,MEDIUM_CONFIDENCE,POINT(552328 357910),POINT(552328 357910),POINT(552328 357910),POINT(552328 357910)
433144fc-8c98-4607-b42c-502464a12c70,e60088e9-cf94-4e41-ae65-a5390866b4b8,infra.huilerie,507,Faraj ,HUILERIE,8b3b8ec4-c72b-479f-8851-5ff50d5ba593,Faraj,infra.huilerie_inventaire_pollution,0.0,0.74,MEDIUM_CONFIDENCE,DUPLICATE_EXACT,1,MANUAL_REVIEW_REQUIRED,distance=0.00m; nom=1.00; commune=0.00; priorite=4,#f59e0b,alert-triangle,MEDIUM_CONFIDENCE,POINT(539903 385004),POINT(539903 385004),POINT(539903 385004),POINT(539903 385004)
8a15e0bd-3afa-42c8-8797-fde8ccad4226,e60088e9-cf94-4e41-ae65-a5390866b4b8,infra.huilerie,431,H.MONSIF,HUILERIE,f1056c63-4f7c-4f71-8cc4-05076cac9bf5,H.MONSIF,infra.huilerie_inventaire_pollution,0.0,0.74,MEDIUM_CONFIDENCE,DUPLICATE_EXACT,1,MANUAL_REVIEW_REQUIRED,distance=0.00m; nom=1.00; commune=0.00; priorite=4,#f59e0b,alert-triangle,MEDIUM_CONFIDENCE,POINT(589471 358645),POINT(589471 358645),POINT(589471 358645),POINT(589471 358645)
6376b812-91dd-4730-8c73-dc14ef3b7f99,e60088e9-cf94-4e41-ae65-a5390866b4b8,infra.huilerie,432,Non-connue 4,HUILERIE,95e27c80-297e-4e0c-8079-66b9d3f3c7a7,Non-connue 4,infra.huilerie_inventaire_pollution,0.45650848842746944,0.74,HIGH_RISK,POSSIBLE_MATCH,2,MANUAL_REVIEW,distance=0.46m; nom=1.00; commune=0.00; priorite=4,#dc2626,x-octagon,HIGH_RISK,POINT(590492 363357),POINT(590491.78 363357.4),POINT(590492 363357),POINT(590492 363357)
0916867e-e5cb-44f0-900f-f3736e03ca65,e60088e9-cf94-4e41-ae65-a5390866b4b8,infra.huilerie,436,Non-connue 5,HUILERIE,dcef388d-628f-46fe-b796-7223e7afc3a6,Non-connue 5,infra.huilerie_inventaire_pollution,0.35999999998603016,0.74,HIGH_RISK,POSSIBLE_MATCH,2,MANUAL_REVIEW,distance=0.36m; nom=1.00; commune=0.00; priorite=4,#dc2626,x-octagon,HIGH_RISK,POINT(594112 357297),POINT(594111.64 357297),POINT(594112 357297),POINT(594112 357297)
e62923a7-3d18-4ce0-94d1-c5ac4cf4a76c,e60088e9-cf94-4e41-ae65-a5390866b4b8,infra.huilerie,437,H.HAJ MOHAMED,HUILERIE,dff1e7ea-b1da-467c-ad9a-bc1b29523b37,H.HAJ MOHAMED,infra.huilerie_inventaire_pollution,0.17204650533868726,0.74,HIGH_RISK,POSSIBLE_MATCH,2,MANUAL_REVIEW,distance=0.17m; nom=1.00; commune=0.00; priorite=4,#dc2626,x-octagon,HIGH_RISK,POINT(593842 356286),POINT(593841.86 356285.9),POINT(593842 356286),POINT(593842 356286)
97676b52-4c02-4933-bf36-814e3957294d,e60088e9-cf94-4e41-ae65-a5390866b4b8,infra.huilerie,438,H.BISMILLAH,HUILERIE,934b873b-16df-452d-9761-483004577129,H.BISMILLAH,infra.huilerie_inventaire_pollution,0.0,0.74,MEDIUM_CONFIDENCE,DUPLICATE_EXACT,1,MANUAL_REVIEW_REQUIRED,distance=0.00m; nom=1.00; commune=0.00; priorite=4,#f59e0b,alert-triangle,MEDIUM_CONFIDENCE,POINT(595044 356853),POINT(595044 356853),POINT(595044 356853),POINT(595044 356853)
eaa2067c-683b-4c53-ade3-b06e0e635c8e,e60088e9-cf94-4e41-ae65-a5390866b4b8,infra.huilerie,464,OUAKILI ABDESSAMAD,HUILERIE,a1b39b5f-072e-4573-8ebd-88068c7e683b,OUAKILI ABDESSAMAD,infra.huilerie_inventaire_pollution,0.23021728862093865,0.74,HIGH_RISK,POSSIBLE_MATCH,2,MANUAL_REVIEW,distance=0.23m; nom=1.00; commune=0.00; priorite=4,#dc2626,x-octagon,HIGH_RISK,POINT(590545 363269),POINT(590544.81 363269.13),POINT(590545 363269),POINT(590545 363269)
c1a722d9-3a9a-493f-a20c-efedb4b2e018,e60088e9-cf94-4e41-ae65-a5390866b4b8,infra.huilerie,472,ANSSAM,HUILERIE,84f40d93-5d30-4643-a28a-f4f8123649d9,ANSSAM,infra.huilerie_inventaire_pollution,0.0,0.74,MEDIUM_CONFIDENCE,DUPLICATE_EXACT,1,MANUAL_REVIEW_REQUIRED,distance=0.00m; nom=1.00; commune=0.00; priorite=4,#f59e0b,alert-triangle,MEDIUM_CONFIDENCE,POINT(598223 355516),POINT(598223 355516),POINT(598223 355516),POINT(598223 355516)
e639d17d-6067-4d78-bb13-6fd458a54950,e60088e9-cf94-4e41-ae65-a5390866b4b8,infra.huilerie,439,H.KARDOUNE MOHAMED ,HUILERIE,d4b960b4-f2a8-401c-be0e-245cf9e65a0d,H.KARDOUNE MOHAMED,infra.huilerie_inventaire_pollution,0.0,0.74,MEDIUM_CONFIDENCE,DUPLICATE_EXACT,1,MANUAL_REVIEW_REQUIRED,distance=0.00m; nom=1.00; commune=0.00; priorite=4,#f59e0b,alert-triangle,MEDIUM_CONFIDENCE,POINT(579404 366805),POINT(579404 366805),POINT(579404 366805),POINT(579404 366805)
fa9a17e0-3901-48f0-b08b-41becfecd4ce,e60088e9-cf94-4e41-ae65-a5390866b4b8,infra.huilerie,435,STE .BOUIBLANE,HUILERIE,ab7e9b52-1d4a-48c0-b611-fc35274c05bb,STE .BOUIBLANE,infra.huilerie_inventaire_pollution,0.0,0.74,MEDIUM_CONFIDENCE,DUPLICATE_EXACT,1,MANUAL_REVIEW_REQUIRED,distance=0.00m; nom=1.00; commune=0.00; priorite=4,#f59e0b,alert-triangle,MEDIUM_CONFIDENCE,POINT(592548 347119),POINT(592548 347119),POINT(592548 347119),POINT(592548 347119)
c18a6065-0ac5-451f-8f71-81a444f8ca6a,e60088e9-cf94-4e41-ae65-a5390866b4b8,infra.huilerie,292,Huilerie Khlifi Fel,HUILERIE,17bf4111-6891-40e9-b500-340c140eb7f9,Huilerie Khlifi Fel,infra.huilerie_inventaire_pollution,0.0,0.74,MEDIUM_CONFIDENCE,DUPLICATE_EXACT,1,MANUAL_REVIEW_REQUIRED,distance=0.00m; nom=1.00; commune=0.00; priorite=4,#f59e0b,alert-triangle,MEDIUM_CONFIDENCE,POINT(591956 443937),POINT(591956 443937),POINT(591956 443937),POINT(591956 443937)
b355631a-1a56-49ca-b0aa-97d7e0546b5e,e60088e9-cf94-4e41-ae65-a5390866b4b8,infra.huilerie,440,H.SGHIR,HUILERIE,1b65ac7d-89b2-4c99-8ecd-c0d33cae6f33,H.SGHIR,infra.huilerie_inventaire_pollution,0.0,0.74,MEDIUM_CONFIDENCE,DUPLICATE_EXACT,1,MANUAL_REVIEW_REQUIRED,distance=0.00m; nom=1.00; commune=0.00; priorite=4,#f59e0b,alert-triangle,MEDIUM_CONFIDENCE,POINT(580899 357329),POINT(580899 357329),POINT(580899 357329),POINT(580899 357329)
98304b87-4ba8-4879-a4d5-84470feb7e48,e60088e9-cf94-4e41-ae65-a5390866b4b8,infra.huilerie,441,STE.OLIVIER NORD,HUILERIE,a79614df-4685-4116-9a2f-3541dc522632,STE.OLIVIER NORD,infra.huilerie_inventaire_pollution,0.37643060451713584,0.74,HIGH_RISK,POSSIBLE_MATCH,2,MANUAL_REVIEW,distance=0.38m; nom=1.00; commune=0.00; priorite=4,#dc2626,x-octagon,HIGH_RISK,POINT(580549 357189),POINT(580549.29 357188.76),POINT(580549 357189),POINT(580549 357189)
2054ab05-a562-4a3d-96ee-cb882bbe74e2,e60088e9-cf94-4e41-ae65-a5390866b4b8,infra.huilerie,442,Sté ech-echouti ,HUILERIE,a25e8724-113c-4f95-8592-f9956fc3c1fe,Sté ech-echouti,infra.huilerie_inventaire_pollution,0.0,0.74,MEDIUM_CONFIDENCE,DUPLICATE_EXACT,1,MANUAL_REVIEW_REQUIRED,distance=0.00m; nom=1.00; commune=0.00; priorite=4,#f59e0b,alert-triangle,MEDIUM_CONFIDENCE,POINT(554355 380849),POINT(554355 380849),POINT(554355 380849),POINT(554355 380849)
4c9a1ced-681a-4f4f-b49c-182cee14c8e1,e60088e9-cf94-4e41-ae65-a5390866b4b8,infra.huilerie,434,Bit tamtam,HUILERIE,f165d268-8d56-4fed-9eec-1603a5d4a94d,Bit tamtam,infra.huilerie_inventaire_pollution,0.0,0.74,MEDIUM_CONFIDENCE,DUPLICATE_EXACT,1,MANUAL_REVIEW_REQUIRED,distance=0.00m; nom=1.00; commune=0.00; priorite=4,#f59e0b,alert-triangle,MEDIUM_CONFIDENCE,POINT(569915 375100),POINT(569915 375100),POINT(569915 375100),POINT(569915 375100)
7cea0e49-454d-4872-9ab3-aa9f84e2f030,e60088e9-cf94-4e41-ae65-a5390866b4b8,infra.huilerie,476,Sté taiba huiles,HUILERIE,c2fd620b-f424-4aff-b36a-72ae3dfad573,Sté taiba huiles,infra.huilerie_inventaire_pollution,0.0,0.74,MEDIUM_CONFIDENCE,DUPLICATE_EXACT,1,MANUAL_REVIEW_REQUIRED,distance=0.00m; nom=1.00; commune=0.00; priorite=4,#f59e0b,alert-triangle,MEDIUM_CONFIDENCE,POINT(566658 376292),POINT(566658 376292),POINT(566658 376292),POINT(566658 376292)
ff4aa944-cf43-4fd2-accf-a7447518f000,e60088e9-cf94-4e41-ae65-a5390866b4b8,infra.huilerie,289,Huilerie Nour,HUILERIE,ab04e279-391e-49b1-80f9-25bd359ea3f3,Huilerie Nour,infra.huilerie_inventaire_pollution,0.0,0.74,MEDIUM_CONFIDENCE,DUPLICATE_EXACT,1,MANUAL_REVIEW_REQUIRED,distance=0.00m; nom=1.00; commune=0.00; priorite=4,#f59e0b,alert-triangle,MEDIUM_CONFIDENCE,POINT(602139 451387),POINT(602139 451387),POINT(602139 451387),POINT(602139 451387)
c2e97a46-2564-4cc1-9f97-43dc5b9fe429,e60088e9-cf94-4e41-ae65-a5390866b4b8,infra.huilerie,256,El Aji Hatim,HUILERIE,f00edf3b-af6d-44fe-b100-b047edb2a048,El Aji Hatim,infra.huilerie_inventaire_pollution,0.0,0.74,MEDIUM_CONFIDENCE,DUPLICATE_EXACT,1,MANUAL_REVIEW_REQUIRED,distance=0.00m; nom=1.00; commune=0.00; priorite=4,#f59e0b,alert-triangle,MEDIUM_CONFIDENCE,POINT(583144 427400),POINT(583144 427400),POINT(583144 427400),POINT(583144 427400)
62ea3e48-1927-4a65-8b3f-f811de52265f,e60088e9-cf94-4e41-ae65-a5390866b4b8,infra.huilerie,297,GHAOUI Med et consorts,HUILERIE,5b2b6773-49d9-4de0-b7ef-8b597a7813d7,GHAOUI Med et consorts,infra.huilerie_inventaire_pollution,0.0,0.74,MEDIUM_CONFIDENCE,DUPLICATE_EXACT,1,MANUAL_REVIEW_REQUIRED,distance=0.00m; nom=1.00; commune=0.00; priorite=4,#f59e0b,alert-triangle,MEDIUM_CONFIDENCE,POINT(584564 428008),POINT(584564 428008),POINT(584564 428008),POINT(584564 428008)
c2c79218-cb37-4561-89f6-3f26aa5115a7,e60088e9-cf94-4e41-ae65-a5390866b4b8,infra.huilerie,302,Huilerie Ain Maatarf,HUILERIE,bce6e87f-9acb-4ce0-b81d-7c3dc9d8386f,Huilerie Ain Maatarf,infra.huilerie_inventaire_pollution,0.0,0.74,MEDIUM_CONFIDENCE,DUPLICATE_EXACT,1,MANUAL_REVIEW_REQUIRED,distance=0.00m; nom=1.00; commune=0.00; priorite=4,#f59e0b,alert-triangle,MEDIUM_CONFIDENCE,POINT(584333 428144),POINT(584333 428144),POINT(584333 428144),POINT(584333 428144)
1cf179c8-b47c-4f0b-872c-2e935e2df6e2,e60088e9-cf94-4e41-ae65-a5390866b4b8,infra.huilerie,471,Non-connue 2,HUILERIE,935d8572-85a2-4ca3-aba9-8b877a6a9f99,Non-connue 2,infra.huilerie_inventaire_pollution,0.0,0.74,MEDIUM_CONFIDENCE,DUPLICATE_EXACT,1,MANUAL_REVIEW_REQUIRED,distance=0.00m; nom=1.00; commune=0.00; priorite=4,#f59e0b,alert-triangle,MEDIUM_CONFIDENCE,POINT(580834 366513),POINT(580834 366513),POINT(580834 366513),POINT(580834 366513)
958c9bbe-36e9-43d9-897a-1c8b29ad340c,e60088e9-cf94-4e41-ae65-a5390866b4b8,infra.huilerie,250,Huilerie El Boussaadani ,HUILERIE,7d8beee5-fc57-4452-ac6b-75daab953f55,Huilerie El Boussaadani,infra.huilerie_inventaire_pollution,0.0,0.74,MEDIUM_CONFIDENCE,DUPLICATE_EXACT,1,MANUAL_REVIEW_REQUIRED,distance=0.00m; nom=1.00; commune=0.00; priorite=4,#f59e0b,alert-triangle,MEDIUM_CONFIDENCE,POINT(578848 402791),POINT(578848 402791),POINT(578848 402791),POINT(578848 402791)
6e8d605c-d285-43e2-873c-e4126e3e7b7f,e60088e9-cf94-4e41-ae65-a5390866b4b8,infra.huilerie,299,Huilerie BARAKA,HUILERIE,3924d31e-dfbf-45b7-80f8-ab6b2fcf8dc9,Huilerie BARAKA,infra.huilerie_inventaire_pollution,0.0,0.74,MEDIUM_CONFIDENCE,DUPLICATE_EXACT,1,MANUAL_REVIEW_REQUIRED,distance=0.00m; nom=1.00; commune=0.00; priorite=4,#f59e0b,alert-triangle,MEDIUM_CONFIDENCE,POINT(579133 403142),POINT(579133 403142),POINT(579133 403142),POINT(579133 403142)
5ccf1caf-68cd-4ec7-982b-b1b336a262f7,e60088e9-cf94-4e41-ae65-a5390866b4b8,infra.huilerie,284,Huilerie El Wahda,HUILERIE,49c53b23-9b31-4c08-aaa6-44bd389b7031,Huilerie El Wahda,infra.huilerie_inventaire_pollution,0.0,0.74,MEDIUM_CONFIDENCE,DUPLICATE_EXACT,1,MANUAL_REVIEW_REQUIRED,distance=0.00m; nom=1.00; commune=0.00; priorite=4,#f59e0b,alert-triangle,MEDIUM_CONFIDENCE,POINT(569879 439125),POINT(569879 439125),POINT(569879 439125),POINT(569879 439125)
450b71c9-f70b-459b-8cfc-983101a2f3da,e60088e9-cf94-4e41-ae65-a5390866b4b8,infra.huilerie,285,Huilerie El Jabalia,HUILERIE,05dd2fde-d425-41b5-b669-539c1813bd8d,Huilerie El Jabalia,infra.huilerie_inventaire_pollution,0.0,0.74,MEDIUM_CONFIDENCE,DUPLICATE_EXACT,1,MANUAL_REVIEW_REQUIRED,distance=0.00m; nom=1.00; commune=0.00; priorite=4,#f59e0b,alert-triangle,MEDIUM_CONFIDENCE,POINT(570743 439514),POINT(570743 439514),POINT(570743 439514),POINT(570743 439514)
943c0cb8-84a9-4463-8037-3211aec3750a,e60088e9-cf94-4e41-ae65-a5390866b4b8,infra.huilerie,286,Huilerie El Nour,HUILERIE,a78b3ff0-ea25-4f0f-a02e-eb0b4c02724a,Huilerie El Nour,infra.huilerie_inventaire_pollution,0.0,0.74,MEDIUM_CONFIDENCE,DUPLICATE_EXACT,1,MANUAL_REVIEW_REQUIRED,distance=0.00m; nom=1.00; commune=0.00; priorite=4,#f59e0b,alert-triangle,MEDIUM_CONFIDENCE,POINT(570718 439115),POINT(570718 439115),POINT(570718 439115),POINT(570718 439115)
4c1a5db3-7b4e-4495-827c-47c5345da3a8,e60088e9-cf94-4e41-ae65-a5390866b4b8,infra.huilerie,287,Huilerie El baraka,HUILERIE,9d24c6f8-af94-4a7c-a4b0-f59e4b5eaa59,Huilerie El baraka,infra.huilerie_inventaire_pollution,0.0,0.74,MEDIUM_CONFIDENCE,DUPLICATE_EXACT,1,MANUAL_REVIEW_REQUIRED,distance=0.00m; nom=1.00; commune=0.00; priorite=4,#f59e0b,alert-triangle,MEDIUM_CONFIDENCE,POINT(570205 439114),POINT(570205 439114),POINT(570205 439114),POINT(570205 439114)
bb233163-813d-4118-977d-6f2b9b1da59d,e60088e9-cf94-4e41-ae65-a5390866b4b8,infra.huilerie,288,Huilerie el wahda,HUILERIE,2f5ee1be-79c1-4963-84c2-7c1df507ee29,Huilerie el wahda,infra.huilerie_inventaire_pollution,0.0,0.74,MEDIUM_CONFIDENCE,DUPLICATE_EXACT,1,MANUAL_REVIEW_REQUIRED,distance=0.00m; nom=1.00; commune=0.00; priorite=4,#f59e0b,alert-triangle,MEDIUM_CONFIDENCE,POINT(569134 439097),POINT(569134 439097),POINT(569134 439097),POINT(569134 439097)
6bbd5d15-fdb4-4ed2-827c-c907df362128,e60088e9-cf94-4e41-ae65-a5390866b4b8,infra.huilerie,160,Huilerie JOUIRI Mhamed,HUILERIE,004bcade-d656-4cfb-869a-3a0990d59fb8,Huilerie JOUIRI Mhamed,infra.huilerie_inventaire_pollution,0.0,0.74,MEDIUM_CONFIDENCE,DUPLICATE_EXACT,1,MANUAL_REVIEW_REQUIRED,distance=0.00m; nom=1.00; commune=0.00; priorite=4,#f59e0b,alert-triangle,MEDIUM_CONFIDENCE,POINT(505864 407417),POINT(505864 407417),POINT(505864 407417),POINT(505864 407417)
c9b272ae-9ca1-45de-aea2-b657cd016b24,e60088e9-cf94-4e41-ae65-a5390866b4b8,infra.huilerie,290,Lhaj GARDA Lahcen,HUILERIE,2feb3889-620f-493b-89fb-2f388f748c35,Lhaj GARDA Lahcen,infra.huilerie_inventaire_pollution,0.0,0.74,MEDIUM_CONFIDENCE,DUPLICATE_EXACT,1,MANUAL_REVIEW_REQUIRED,distance=0.00m; nom=1.00; commune=0.00; priorite=4,#f59e0b,alert-triangle,MEDIUM_CONFIDENCE,POINT(550414 446688),POINT(550414 446688),POINT(550414 446688),POINT(550414 446688)
eb2ea9f1-d80c-47ae-b626-17863735d660,e60088e9-cf94-4e41-ae65-a5390866b4b8,infra.huilerie,234,Zouyout Ain Barda,HUILERIE,6c322d08-8313-4cf3-8156-0aa13bfdbfca,Zouyout Ain Barda,infra.huilerie_inventaire_pollution,0.0,0.74,MEDIUM_CONFIDENCE,DUPLICATE_EXACT,1,MANUAL_REVIEW_REQUIRED,distance=0.00m; nom=1.00; commune=0.00; priorite=4,#f59e0b,alert-triangle,MEDIUM_CONFIDENCE,POINT(550234 446612),POINT(550234 446612),POINT(550234 446612),POINT(550234 446612)
324ac01b-2d6b-4ca5-bc48-12b69b8c70e3,e60088e9-cf94-4e41-ae65-a5390866b4b8,infra.huilerie,235,Zouyout Ain Barda 2,HUILERIE,17d0b5c4-bf0c-4d40-a282-409c5fdff535,Zouyout Ain Barda 2,infra.huilerie_inventaire_pollution,0.0,0.74,MEDIUM_CONFIDENCE,DUPLICATE_EXACT,1,MANUAL_REVIEW_REQUIRED,distance=0.00m; nom=1.00; commune=0.00; priorite=4,#f59e0b,alert-triangle,MEDIUM_CONFIDENCE,POINT(550400 446707),POINT(550400 446707),POINT(550400 446707),POINT(550400 446707)
7b035105-eb14-4b9d-bc9f-28e5736c077b,e60088e9-cf94-4e41-ae65-a5390866b4b8,infra.huilerie,244,G.P Société Oliverta ,HUILERIE,6cbfca8e-ca4a-409b-b60b-4a4867e37afc,G.P Société Oliverta,infra.huilerie_inventaire_pollution,0.0,0.74,MEDIUM_CONFIDENCE,DUPLICATE_EXACT,1,MANUAL_REVIEW_REQUIRED,distance=0.00m; nom=1.00; commune=0.00; priorite=4,#f59e0b,alert-triangle,MEDIUM_CONFIDENCE,POINT(571335 430725),POINT(571335 430725),POINT(571335 430725),POINT(571335 430725)
6e6259d4-357e-445c-b6bb-24559a506c73,e60088e9-cf94-4e41-ae65-a5390866b4b8,infra.huilerie,245,Gie Ain Aicha  ,HUILERIE,7299209a-e16e-4c56-a1a6-17ed1777e1dd,Gie Ain Aicha,infra.huilerie_inventaire_pollution,0.0,0.74,MEDIUM_CONFIDENCE,DUPLICATE_EXACT,1,MANUAL_REVIEW_REQUIRED,distance=0.00m; nom=1.00; commune=0.00; priorite=4,#f59e0b,alert-triangle,MEDIUM_CONFIDENCE,POINT(568048 424634),POINT(568048 424634),POINT(568048 424634),POINT(568048 424634)
184dd0a2-3833-4884-98b4-c040829123ea,e60088e9-cf94-4e41-ae65-a5390866b4b8,infra.huilerie,246,Dar Zit Zaitoune  ,HUILERIE,91664556-3973-49c2-9196-d68ad7a792c0,Dar Zit Zaitoune,infra.huilerie_inventaire_pollution,0.0,0.74,MEDIUM_CONFIDENCE,DUPLICATE_EXACT,1,MANUAL_REVIEW_REQUIRED,distance=0.00m; nom=1.00; commune=0.00; priorite=4,#f59e0b,alert-triangle,MEDIUM_CONFIDENCE,POINT(565970 421151),POINT(565970 421151),POINT(565970 421151),POINT(565970 421151)
74c41ea9-8865-42cf-b538-32da11609978,e60088e9-cf94-4e41-ae65-a5390866b4b8,infra.huilerie,294,Héritiers BEN FARES MED,HUILERIE,64ccb710-0578-445e-8bff-d62dc0c6d831,Héritiers BEN FARES MED,infra.huilerie_inventaire_pollution,0.0,0.74,MEDIUM_CONFIDENCE,DUPLICATE_EXACT,1,MANUAL_REVIEW_REQUIRED,distance=0.00m; nom=1.00; commune=0.00; priorite=4,#f59e0b,alert-triangle,MEDIUM_CONFIDENCE,POINT(565734 427165),POINT(565734 427165),POINT(565734 427165),POINT(565734 427165)
ad1a96d0-affb-4783-9441-0fca26756cea,e60088e9-cf94-4e41-ae65-a5390866b4b8,infra.huilerie,295, Société HIHI,HUILERIE,7009aa34-aed6-4029-8b37-af3c8fb18696,Société HIHI,infra.huilerie_inventaire_pollution,0.0,0.74,MEDIUM_CONFIDENCE,DUPLICATE_EXACT,1,MANUAL_REVIEW_REQUIRED,distance=0.00m; nom=1.00; commune=0.00; priorite=4,#f59e0b,alert-triangle,MEDIUM_CONFIDENCE,POINT(565351 429531),POINT(565351 429531),POINT(565351 429531),POINT(565351 429531)
330abb83-7b76-4f00-8484-3a7ac46a167d,e60088e9-cf94-4e41-ae65-a5390866b4b8,infra.huilerie,296, Héritiers NADAH Med,HUILERIE,d42ab296-857e-48e7-9bb5-32f4f38c0b4c,Héritiers NADAH Med,infra.huilerie_inventaire_pollution,0.0,0.74,MEDIUM_CONFIDENCE,DUPLICATE_EXACT,1,MANUAL_REVIEW_REQUIRED,distance=0.00m; nom=1.00; commune=0.00; priorite=4,#f59e0b,alert-triangle,MEDIUM_CONFIDENCE,POINT(564040 427843),POINT(564040 427843),POINT(564040 427843),POINT(564040 427843)
a91a1b89-eb25-49f4-a386-30aca186f5f5,e60088e9-cf94-4e41-ae65-a5390866b4b8,infra.huilerie,239,Société  Zitoun ,HUILERIE,fd4eedcc-a57c-4185-acff-b5474e361726,Société  Zitoun,infra.huilerie_inventaire_pollution,0.0,0.74,MEDIUM_CONFIDENCE,DUPLICATE_EXACT,1,MANUAL_REVIEW_REQUIRED,distance=0.00m; nom=1.00; commune=0.00; priorite=4,#f59e0b,alert-triangle,MEDIUM_CONFIDENCE,POINT(561991 443983),POINT(561991 443983),POINT(561991 443983),POINT(561991 443983)
66746688-1786-4cbd-999e-03b2ab402a7b,e60088e9-cf94-4e41-ae65-a5390866b4b8,infra.huilerie,240,Société Jnan Zitoun ,HUILERIE,6dcf7611-0613-4eab-8df4-e27963999481,Société Jnan Zitoun,infra.huilerie_inventaire_pollution,0.0,0.74,MEDIUM_CONFIDENCE,DUPLICATE_EXACT,1,MANUAL_REVIEW_REQUIRED,distance=0.00m; nom=1.00; commune=0.00; priorite=4,#f59e0b,alert-triangle,MEDIUM_CONFIDENCE,POINT(563493 443482),POINT(563493 443482),POINT(563493 443482),POINT(563493 443482)
8c677cf4-bdd2-403b-9d82-81ef99eac737,e60088e9-cf94-4e41-ae65-a5390866b4b8,infra.huilerie,252,Huilerie Charki Lahcen,HUILERIE,5450deb4-195e-400d-8f55-dfa1d82550dc,Huilerie Charki Lahcen,infra.huilerie_inventaire_pollution,0.0,0.74,MEDIUM_CONFIDENCE,DUPLICATE_EXACT,1,MANUAL_REVIEW_REQUIRED,distance=0.00m; nom=1.00; commune=0.00; priorite=4,#f59e0b,alert-triangle,MEDIUM_CONFIDENCE,POINT(582590 412957),POINT(582590 412957),POINT(582590 412957),POINT(582590 412957)
bebc4706-ca6b-454b-8b9f-8963d95113bb,e60088e9-cf94-4e41-ae65-a5390866b4b8,infra.huilerie,253,Ouled alien,HUILERIE,2bfef60e-203f-4c74-8e3f-eccef69ecc03,Ouled alien,infra.huilerie_inventaire_pollution,0.0,0.74,MEDIUM_CONFIDENCE,DUPLICATE_EXACT,1,MANUAL_REVIEW_REQUIRED,distance=0.00m; nom=1.00; commune=0.00; priorite=4,#f59e0b,alert-triangle,MEDIUM_CONFIDENCE,POINT(571862 411142),POINT(571862 411142),POINT(571862 411142),POINT(571862 411142)
5c2fe5c4-db77-4a1f-a1bd-cbfbff0512dd,e60088e9-cf94-4e41-ae65-a5390866b4b8,infra.huilerie,254,Nader Thami ,HUILERIE,7a50b65b-b7fb-428e-af08-41027a6b0830,Nader Thami,infra.huilerie_inventaire_pollution,0.0,0.74,MEDIUM_CONFIDENCE,DUPLICATE_EXACT,1,MANUAL_REVIEW_REQUIRED,distance=0.00m; nom=1.00; commune=0.00; priorite=4,#f59e0b,alert-triangle,MEDIUM_CONFIDENCE,POINT(578537 410079),POINT(578537 410079),POINT(578537 410079),POINT(578537 410079)
3503c539-6843-4f7d-ae09-06e05d78ea2c,e60088e9-cf94-4e41-ae65-a5390866b4b8,infra.huilerie,255,Zoyout el maghrib,HUILERIE,dc3fdeb2-8e08-44a3-ad26-e985e2e701a3,Zoyout el maghrib,infra.huilerie_inventaire_pollution,0.0,0.74,MEDIUM_CONFIDENCE,DUPLICATE_EXACT,1,MANUAL_REVIEW_REQUIRED,distance=0.00m; nom=1.00; commune=0.00; priorite=4,#f59e0b,alert-triangle,MEDIUM_CONFIDENCE,POINT(579478 420765),POINT(579478 420765),POINT(579478 420765),POINT(579478 420765)
33ad4043-d823-498b-9810-edf7848a3889,e60088e9-cf94-4e41-ae65-a5390866b4b8,infra.huilerie,301,Mouatassim Abderrahmane,HUILERIE,298fdc58-a6f7-4c5d-bd1a-fff7b275a642,Mouatassim Abderrahmane,infra.huilerie_inventaire_pollution,0.0,0.74,MEDIUM_CONFIDENCE,DUPLICATE_EXACT,1,MANUAL_REVIEW_REQUIRED,distance=0.00m; nom=1.00; commune=0.00; priorite=4,#f59e0b,alert-triangle,MEDIUM_CONFIDENCE,POINT(582617 412953),POINT(582617 412953),POINT(582617 412953),POINT(582617 412953)
313216e1-d4c4-4403-8b02-e74ae567db0b,e60088e9-cf94-4e41-ae65-a5390866b4b8,infra.huilerie,158,Société des Huiles BAKALI,HUILERIE,9fdbe928-4c56-4976-91b2-76db5888751e,Société des Huiles BAKALI,infra.huilerie_inventaire_pollution,0.0,0.74,MEDIUM_CONFIDENCE,DUPLICATE_EXACT,1,MANUAL_REVIEW_REQUIRED,distance=0.00m; nom=1.00; commune=0.00; priorite=4,#f59e0b,alert-triangle,MEDIUM_CONFIDENCE,POINT(540747 414800),POINT(540747 414800),POINT(540747 414800),POINT(540747 414800)
f0906eb9-b12e-4ea5-b48a-9fde0cfefc0d,e60088e9-cf94-4e41-ae65-a5390866b4b8,infra.huilerie,159,Huilerie Loulja Moderne,HUILERIE,ed435ca2-c7fc-4fd1-9c2d-336d23cff313,Huilerie Loulja Moderne,infra.huilerie_inventaire_pollution,0.0,0.74,MEDIUM_CONFIDENCE,DUPLICATE_EXACT,1,MANUAL_REVIEW_REQUIRED,distance=0.00m; nom=1.00; commune=0.00; priorite=4,#f59e0b,alert-triangle,MEDIUM_CONFIDENCE,POINT(541195 411362),POINT(541195 411362),POINT(541195 411362),POINT(541195 411362)
af09f3ab-eb23-43b1-a8d0-d20e3c1bab6b,e60088e9-cf94-4e41-ae65-a5390866b4b8,infra.huilerie,274,Société Huilerie Galaz ,HUILERIE,90cff753-118b-4e54-89ce-6d8906805c9a,Société Huilerie Galaz,infra.huilerie_inventaire_pollution,0.0,0.74,MEDIUM_CONFIDENCE,DUPLICATE_EXACT,1,MANUAL_REVIEW_REQUIRED,distance=0.00m; nom=1.00; commune=0.00; priorite=4,#f59e0b,alert-triangle,MEDIUM_CONFIDENCE,POINT(555321 437819),POINT(555321 437819),POINT(555321 437819),POINT(555321 437819)
9ccd1746-a76b-4b00-8934-586db8894d37,e60088e9-cf94-4e41-ae65-a5390866b4b8,infra.huilerie,275,Huilerie Société Haloni Frére,HUILERIE,f0f3811f-c898-421e-9aa7-0b1fecebe7c7,Huilerie Société Haloni Frére,infra.huilerie_inventaire_pollution,0.0,0.74,MEDIUM_CONFIDENCE,DUPLICATE_EXACT,1,MANUAL_REVIEW_REQUIRED,distance=0.00m; nom=1.00; commune=0.00; priorite=4,#f59e0b,alert-triangle,MEDIUM_CONFIDENCE,POINT(555276 437424),POINT(555276 437424),POINT(555276 437424),POINT(555276 437424)
36d69688-5070-414d-b80c-f3b1ace2c776,e60088e9-cf94-4e41-ae65-a5390866b4b8,infra.huilerie,276,Rachid el ghoulami,HUILERIE,20a65182-a6ce-42e1-81fa-c5f57c97cecb,Rachid el ghoulami,infra.huilerie_inventaire_pollution,0.0,0.74,MEDIUM_CONFIDENCE,DUPLICATE_EXACT,1,MANUAL_REVIEW_REQUIRED,distance=0.00m; nom=1.00; commune=0.00; priorite=4,#f59e0b,alert-triangle,MEDIUM_CONFIDENCE,POINT(541949 442967),POINT(541949 442967),POINT(541949 442967),POINT(541949 442967)
81cf82fa-6560-4392-94c3-40b60ca436df,e60088e9-cf94-4e41-ae65-a5390866b4b8,infra.huilerie,277,Bioliva,HUILERIE,695ba4c9-90cd-4b2a-8215-9e14c28f211b,Bioliva,infra.huilerie_inventaire_pollution,0.0,0.74,MEDIUM_CONFIDENCE,DUPLICATE_EXACT,1,MANUAL_REVIEW_REQUIRED,distance=0.00m; nom=1.00; commune=0.00; priorite=4,#f59e0b,alert-triangle,MEDIUM_CONFIDENCE,POINT(540431 442370),POINT(540431 442370),POINT(540431 442370),POINT(540431 442370)
0f970a04-56d1-44fb-950f-50a9a77b89b6,e60088e9-cf94-4e41-ae65-a5390866b4b8,infra.huilerie,155,Coopérative ARIAF KISSANE,HUILERIE,e787c0ee-23f4-46c2-a597-fb20f3bd7e64,Coopérative ARIAF KISSANE,infra.huilerie_inventaire_pollution,0.0,0.74,MEDIUM_CONFIDENCE,DUPLICATE_EXACT,1,MANUAL_REVIEW_REQUIRED,distance=0.00m; nom=1.00; commune=0.00; priorite=4,#f59e0b,alert-triangle,MEDIUM_CONFIDENCE,POINT(531243 442915),POINT(531243 442915),POINT(531243 442915),POINT(531243 442915)
38605ecc-e470-44e8-bc03-e7f05847db5a,e60088e9-cf94-4e41-ae65-a5390866b4b8,infra.huilerie,156,Huilerie EL BARAKA,HUILERIE,abf8c8fe-6714-416c-ae5a-020c599bd989,Huilerie EL BARAKA,infra.huilerie_inventaire_pollution,0.0,0.74,MEDIUM_CONFIDENCE,DUPLICATE_EXACT,1,MANUAL_REVIEW_REQUIRED,distance=0.00m; nom=1.00; commune=0.00; priorite=4,#f59e0b,alert-triangle,MEDIUM_CONFIDENCE,POINT(528134 445979),POINT(528134 445979),POINT(528134 445979),POINT(528134 445979)
306a0a45-9054-4759-ba55-9e93713c8e03,e60088e9-cf94-4e41-ae65-a5390866b4b8,infra.huilerie,258,Huilerie Oued Drader,HUILERIE,f7328d3d-b00c-4121-9fa8-7e7369090422,Huilerie Oued Drader,infra.huilerie_inventaire_pollution,0.0,0.74,MEDIUM_CONFIDENCE,DUPLICATE_EXACT,1,MANUAL_REVIEW_REQUIRED,distance=0.00m; nom=1.00; commune=0.00; priorite=4,#f59e0b,alert-triangle,MEDIUM_CONFIDENCE,POINT(577140 432443),POINT(577140 432443),POINT(577140 432443),POINT(577140 432443)
2ed3aee9-9f8b-457e-854b-7f5e08fead8e,e60088e9-cf94-4e41-ae65-a5390866b4b8,infra.huilerie,259,Huilerie El Kabaelles,HUILERIE,5ea62d97-7d59-408e-9864-57aa7c623c79,Huilerie El Kabaelles,infra.huilerie_inventaire_pollution,0.0,0.74,MEDIUM_CONFIDENCE,DUPLICATE_EXACT,1,MANUAL_REVIEW_REQUIRED,distance=0.00m; nom=1.00; commune=0.00; priorite=4,#f59e0b,alert-triangle,MEDIUM_CONFIDENCE,POINT(584247 429685),POINT(584247 429685),POINT(584247 429685),POINT(584247 429685)
c95b3b7f-cad3-4d68-b1bb-888627ab0d9f,e60088e9-cf94-4e41-ae65-a5390866b4b8,infra.huilerie,260,El Mrihy Mohammed,HUILERIE,f3b04980-7398-468a-826b-518d993cd9aa,El Mrihy Mohammed,infra.huilerie_inventaire_pollution,0.0,0.74,MEDIUM_CONFIDENCE,DUPLICATE_EXACT,1,MANUAL_REVIEW_REQUIRED,distance=0.00m; nom=1.00; commune=0.00; priorite=4,#f59e0b,alert-triangle,MEDIUM_CONFIDENCE,POINT(584199 432485),POINT(584199 432485),POINT(584199 432485),POINT(584199 432485)
b115b38f-5d23-4309-9d66-a14b47015b46,e60088e9-cf94-4e41-ae65-a5390866b4b8,infra.huilerie,298,BOUAYAD Med,HUILERIE,6903bad5-be1f-4ac1-b50f-8a2ec83dd3b0,BOUAYAD Med,infra.huilerie_inventaire_pollution,0.0,0.74,MEDIUM_CONFIDENCE,DUPLICATE_EXACT,1,MANUAL_REVIEW_REQUIRED,distance=0.00m; nom=1.00; commune=0.00; priorite=4,#f59e0b,alert-triangle,MEDIUM_CONFIDENCE,POINT(564988 411161),POINT(564988 411161),POINT(564988 411161),POINT(564988 411161)
b0be90be-7446-4dc1-8d8d-5d017d6a01c2,e60088e9-cf94-4e41-ae65-a5390866b4b8,infra.huilerie,278,Gie Olea Jabalia ,HUILERIE,42f237fd-ab8b-4fff-bed1-ec2ea9629707,Gie Olea Jabalia,infra.huilerie_inventaire_pollution,0.0,0.74,MEDIUM_CONFIDENCE,DUPLICATE_EXACT,1,MANUAL_REVIEW_REQUIRED,distance=0.00m; nom=1.00; commune=0.00; priorite=4,#f59e0b,alert-triangle,MEDIUM_CONFIDENCE,POINT(589085 444011),POINT(589085 444011),POINT(589085 444011),POINT(589085 444011)
57786c57-328a-45e8-b5a3-62c52a91634d,e60088e9-cf94-4e41-ae65-a5390866b4b8,infra.huilerie,279,Hachmi Ahmed ,HUILERIE,3ddbebeb-c6b9-459a-a93f-408746541c6f,Hachmi Ahmed,infra.huilerie_inventaire_pollution,0.0,0.74,MEDIUM_CONFIDENCE,DUPLICATE_EXACT,1,MANUAL_REVIEW_REQUIRED,distance=0.00m; nom=1.00; commune=0.00; priorite=4,#f59e0b,alert-triangle,MEDIUM_CONFIDENCE,POINT(588174 444133),POINT(588174 444133),POINT(588174 444133),POINT(588174 444133)
988e61a6-acec-432a-a3e6-0b201f378661,e60088e9-cf94-4e41-ae65-a5390866b4b8,infra.huilerie,141,Huilerie Hamid EL AICHI,HUILERIE,a9fac709-65c3-4380-bf3d-3b05b72bdc01,Huilerie Hamid EL AICHI,infra.huilerie_inventaire_pollution,0.0,0.74,MEDIUM_CONFIDENCE,DUPLICATE_EXACT,1,MANUAL_REVIEW_REQUIRED,distance=0.00m; nom=1.00; commune=0.00; priorite=4,#f59e0b,alert-triangle,MEDIUM_CONFIDENCE,POINT(517511 425971),POINT(517511 425971),POINT(517511 425971),POINT(517511 425971)
e6ae59cb-ee6d-4679-bb8b-5af354b0b8ea,e60088e9-cf94-4e41-ae65-a5390866b4b8,infra.huilerie,142,Huilerie Abderrafiaâ EL AYDOUNI,HUILERIE,fbebd2e0-47c8-415b-a497-b4c1b5ae0395,Huilerie Abderrafiaâ EL AYDOUNI,infra.huilerie_inventaire_pollution,0.0,0.74,MEDIUM_CONFIDENCE,DUPLICATE_EXACT,1,MANUAL_REVIEW_REQUIRED,distance=0.00m; nom=1.00; commune=0.00; priorite=4,#f59e0b,alert-triangle,MEDIUM_CONFIDENCE,POINT(517606 426207),POINT(517606 426207),POINT(517606 426207),POINT(517606 426207)
a3d4b816-636b-4dfb-9d15-f33781757623,e60088e9-cf94-4e41-ae65-a5390866b4b8,infra.huilerie,233,Huilerie Smouni,HUILERIE,e7c94829-b721-4cc3-92b0-3406e43fd2c3,Huilerie Smouni,infra.huilerie_inventaire_pollution,0.0,0.74,MEDIUM_CONFIDENCE,DUPLICATE_EXACT,1,MANUAL_REVIEW_REQUIRED,distance=0.00m; nom=1.00; commune=0.00; priorite=4,#f59e0b,alert-triangle,MEDIUM_CONFIDENCE,POINT(522161 422050),POINT(522161 422050),POINT(522161 422050),POINT(522161 422050)
cd8354d2-59a5-452b-9107-3da694925429,e60088e9-cf94-4e41-ae65-a5390866b4b8,infra.huilerie,157,Huilerie AL AKHAOUAYNE,HUILERIE,2c9c650d-7bf4-4ce3-bc69-e95f56d27104,Huilerie AL AKHAOUAYNE,infra.huilerie_inventaire_pollution,0.0,0.74,MEDIUM_CONFIDENCE,DUPLICATE_EXACT,1,MANUAL_REVIEW_REQUIRED,distance=0.00m; nom=1.00; commune=0.00; priorite=4,#f59e0b,alert-triangle,MEDIUM_CONFIDENCE,POINT(531861 452060),POINT(531861 452060),POINT(531861 452060),POINT(531861 452060)
56135a8a-7abe-41f9-bec1-6b6d28444497,e60088e9-cf94-4e41-ae65-a5390866b4b8,infra.huilerie,236,Huilerie Tamimi ,HUILERIE,d06592cf-1497-4710-a7dd-fbd562399715,Huilerie Tamimi,infra.huilerie_inventaire_pollution,0.0,0.74,MEDIUM_CONFIDENCE,DUPLICATE_EXACT,1,MANUAL_REVIEW_REQUIRED,distance=0.00m; nom=1.00; commune=0.00; priorite=4,#f59e0b,alert-triangle,MEDIUM_CONFIDENCE,POINT(554546 445884),POINT(554546 445884),POINT(554546 445884),POINT(554546 445884)
b15f1249-3ced-4f26-b0f0-e8533c6db5e9,e60088e9-cf94-4e41-ae65-a5390866b4b8,infra.huilerie,264,Huilerie Ouljat Jamae,HUILERIE,92c86c0e-6377-4159-ab1a-e1f4ec994698,Huilerie Ouljat Jamae,infra.huilerie_inventaire_pollution,0.0,0.74,MEDIUM_CONFIDENCE,DUPLICATE_EXACT,1,MANUAL_REVIEW_REQUIRED,distance=0.00m; nom=1.00; commune=0.00; priorite=4,#f59e0b,alert-triangle,MEDIUM_CONFIDENCE,POINT(543300 449075),POINT(543300 449075),POINT(543300 449075),POINT(543300 449075)
49a43ef6-f8e3-4451-ae51-558388c80f2b,e60088e9-cf94-4e41-ae65-a5390866b4b8,infra.huilerie,265,Société Huilerie el fahssi,HUILERIE,cc61e112-02b7-4170-ac7c-d3d2f482caf6,Société Huilerie el fahssi,infra.huilerie_inventaire_pollution,0.0,0.74,MEDIUM_CONFIDENCE,DUPLICATE_EXACT,1,MANUAL_REVIEW_REQUIRED,distance=0.00m; nom=1.00; commune=0.00; priorite=4,#f59e0b,alert-triangle,MEDIUM_CONFIDENCE,POINT(543712 449432),POINT(543712 449432),POINT(543712 449432),POINT(543712 449432)
ebe14333-7d54-40f0-ba90-7660a6a879a8,e60088e9-cf94-4e41-ae65-a5390866b4b8,infra.huilerie,266,Huilerie Alami,HUILERIE,b1c91373-79f2-4e5c-90e2-ec46cc2efd34,Huilerie Alami,infra.huilerie_inventaire_pollution,0.0,0.74,MEDIUM_CONFIDENCE,DUPLICATE_EXACT,1,MANUAL_REVIEW_REQUIRED,distance=0.00m; nom=1.00; commune=0.00; priorite=4,#f59e0b,alert-triangle,MEDIUM_CONFIDENCE,POINT(544298 449822),POINT(544298 449822),POINT(544298 449822),POINT(544298 449822)
a944c215-c559-4f03-9a0f-c9fdd88e9a10,e60088e9-cf94-4e41-ae65-a5390866b4b8,infra.huilerie,268,Huilerie Zakaria Alami,HUILERIE,3cdff170-54ac-4454-8084-43a7d716a065,Huile Tresor Vert,infra.huilerie_inventaire_pollution,0.0,0.54,MEDIUM_CONFIDENCE,DUPLICATE_EXACT,1,MANUAL_REVIEW_REQUIRED,distance=0.00m; nom=0.00; commune=0.00; priorite=4,#f59e0b,alert-triangle,MEDIUM_CONFIDENCE,POINT(543857 449480),POINT(543857 449480),POINT(543857 449480),POINT(543857 449480)
d1235974-f7a5-41f4-a1ac-4c55f71730ff,e60088e9-cf94-4e41-ae65-a5390866b4b8,infra.huilerie,303,Société AHMIROU,HUILERIE,3ed83482-3632-454e-8fc6-ca36dc7d0529,Société AHMIROU,infra.huilerie_inventaire_pollution,0.0,0.74,MEDIUM_CONFIDENCE,DUPLICATE_EXACT,1,MANUAL_REVIEW_REQUIRED,distance=0.00m; nom=1.00; commune=0.00; priorite=4,#f59e0b,alert-triangle,MEDIUM_CONFIDENCE,POINT(534601 452915),POINT(534601 452915),POINT(534601 452915),POINT(534601 452915)
968b6a82-2822-470b-8be1-34ba8dbcb2d5,e60088e9-cf94-4e41-ae65-a5390866b4b8,infra.huilerie,304,Hassouni,HUILERIE,18246279-4e0f-4a00-a197-dee8ea25525b,Hassouni,infra.huilerie_inventaire_pollution,0.0,0.74,MEDIUM_CONFIDENCE,DUPLICATE_EXACT,1,MANUAL_REVIEW_REQUIRED,distance=0.00m; nom=1.00; commune=0.00; priorite=4,#f59e0b,alert-triangle,MEDIUM_CONFIDENCE,POINT(534571 452945),POINT(534571 452945),POINT(534571 452945),POINT(534571 452945)
56e350f9-8096-491e-9319-fc0b0b703948,e60088e9-cf94-4e41-ae65-a5390866b4b8,infra.huilerie,305,Huile Tresor Vert,HUILERIE,3cdff170-54ac-4454-8084-43a7d716a065,Huile Tresor Vert,infra.huilerie_inventaire_pollution,0.0,0.74,MEDIUM_CONFIDENCE,DUPLICATE_EXACT,1,MANUAL_REVIEW_REQUIRED,distance=0.00m; nom=1.00; commune=0.00; priorite=4,#f59e0b,alert-triangle,MEDIUM_CONFIDENCE,POINT(543857 449480),POINT(543857 449480),POINT(543857 449480),POINT(543857 449480)
fe1f362d-c581-467a-9844-1e5a941d5013,e60088e9-cf94-4e41-ae65-a5390866b4b8,infra.huilerie,283,Huilerie Touita,HUILERIE,f1737210-2129-40d1-9412-e96e92e3dc38,Huilerie Touita,infra.huilerie_inventaire_pollution,0.0,0.74,MEDIUM_CONFIDENCE,DUPLICATE_EXACT,1,MANUAL_REVIEW_REQUIRED,distance=0.00m; nom=1.00; commune=0.00; priorite=4,#f59e0b,alert-triangle,MEDIUM_CONFIDENCE,POINT(575110 441522),POINT(575110 441522),POINT(575110 441522),POINT(575110 441522)
4fa7e26f-c404-47fb-887d-b300d311962e,e60088e9-cf94-4e41-ae65-a5390866b4b8,infra.huilerie,161,Huilerie ALLAMI,HUILERIE,3f44df85-cad7-47eb-a999-f12188faada9,Huilerie ALLAMI,infra.huilerie_inventaire_pollution,0.0,0.74,MEDIUM_CONFIDENCE,DUPLICATE_EXACT,1,MANUAL_REVIEW_REQUIRED,distance=0.00m; nom=1.00; commune=0.00; priorite=4,#f59e0b,alert-triangle,MEDIUM_CONFIDENCE,POINT(534356 410856),POINT(534356 410856),POINT(534356 410856),POINT(534356 410856)
4e79e6db-03da-4c10-a1a1-aaf0d200f4b9,e60088e9-cf94-4e41-ae65-a5390866b4b8,infra.huilerie,251,Taghzouti ,HUILERIE,db501611-ddce-4b5c-bc57-9034d7b06998,Taghzouti,infra.huilerie_inventaire_pollution,0.0,0.74,MEDIUM_CONFIDENCE,DUPLICATE_EXACT,1,MANUAL_REVIEW_REQUIRED,distance=0.00m; nom=1.00; commune=0.00; priorite=4,#f59e0b,alert-triangle,MEDIUM_CONFIDENCE,POINT(567997 409735),POINT(567997 409735),POINT(567997 409735),POINT(567997 409735)
549380e1-7fa1-4b25-90d0-878bb589dfdf,e60088e9-cf94-4e41-ae65-a5390866b4b8,infra.huilerie,336,Boushaba,HUILERIE,5de743ab-08f4-4254-9cf4-2f3ca83a1492,Boushaba,infra.huilerie_inventaire_pollution,0.0,0.74,MEDIUM_CONFIDENCE,DUPLICATE_EXACT,1,MANUAL_REVIEW_REQUIRED,distance=0.00m; nom=1.00; commune=0.00; priorite=4,#f59e0b,alert-triangle,MEDIUM_CONFIDENCE,POINT(614434 401261),POINT(614434 401261),POINT(614434 401261),POINT(614434 401261)
55d0a190-bc55-4899-a343-05882564164f,e60088e9-cf94-4e41-ae65-a5390866b4b8,infra.huilerie,337,Majmat yaakoubi,HUILERIE,774a0e8e-fde9-4434-aca8-c595da997109,Majmat yaakoubi,infra.huilerie_inventaire_pollution,0.0,0.74,MEDIUM_CONFIDENCE,DUPLICATE_EXACT,1,MANUAL_REVIEW_REQUIRED,distance=0.00m; nom=1.00; commune=0.00; priorite=4,#f59e0b,alert-triangle,MEDIUM_CONFIDENCE,POINT(616121 402187),POINT(616121 402187),POINT(616121 402187),POINT(616121 402187)
a0e3100a-0851-40d0-b415-2e7ec5b96709,e60088e9-cf94-4e41-ae65-a5390866b4b8,infra.huilerie,338,Sté wafa,HUILERIE,44c70989-5b3c-473e-8d1d-b3fe2ef935fe,Sté wafa,infra.huilerie_inventaire_pollution,0.0,0.74,MEDIUM_CONFIDENCE,DUPLICATE_EXACT,1,MANUAL_REVIEW_REQUIRED,distance=0.00m; nom=1.00; commune=0.00; priorite=4,#f59e0b,alert-triangle,MEDIUM_CONFIDENCE,POINT(622141 404505),POINT(622141 404505),POINT(622141 404505),POINT(622141 404505)
df737b72-0bfc-4883-bcd7-a319695c7634,e60088e9-cf94-4e41-ae65-a5390866b4b8,infra.huilerie,339,Abdlaoui,HUILERIE,adfcaeff-06c5-4729-a20b-74e72ed8bf6e,Abdlaoui,infra.huilerie_inventaire_pollution,0.0,0.74,MEDIUM_CONFIDENCE,DUPLICATE_EXACT,1,MANUAL_REVIEW_REQUIRED,distance=0.00m; nom=1.00; commune=0.00; priorite=4,#f59e0b,alert-triangle,MEDIUM_CONFIDENCE,POINT(622388 404422),POINT(622388 404422),POINT(622388 404422),POINT(622388 404422)
f632fd56-8f13-4a6c-9550-d276681f16bd,e60088e9-cf94-4e41-ae65-a5390866b4b8,infra.huilerie,300,Huilerie Ascar,HUILERIE,0d533a34-a8b9-4b44-96a5-1512c4855360,Huilerie Ascar,infra.huilerie_inventaire_pollution,0.0,0.74,MEDIUM_CONFIDENCE,DUPLICATE_EXACT,1,MANUAL_REVIEW_REQUIRED,distance=0.00m; nom=1.00; commune=0.00; priorite=4,#f59e0b,alert-triangle,MEDIUM_CONFIDENCE,POINT(572634 442175),POINT(572634 442175),POINT(572634 442175),POINT(572634 442175)
d255cdf2-d1d4-4ff6-a96a-dd3d5a8c0e81,e60088e9-cf94-4e41-ae65-a5390866b4b8,infra.huilerie,293,Huilerie Ben Ali,HUILERIE,517bbe27-d416-42b2-b650-7dc55e2d47aa,Huilerie Ben Ali,infra.huilerie_inventaire_pollution,0.0,0.74,MEDIUM_CONFIDENCE,DUPLICATE_EXACT,1,MANUAL_REVIEW_REQUIRED,distance=0.00m; nom=1.00; commune=0.00; priorite=4,#f59e0b,alert-triangle,MEDIUM_CONFIDENCE,POINT(552934 432673),POINT(552934 432673),POINT(552934 432673),POINT(552934 432673)
375834cc-6181-4a17-8b6b-b66e431c9ba9,e60088e9-cf94-4e41-ae65-a5390866b4b8,infra.huilerie,241,Baraka,HUILERIE,d78474b8-041a-4e68-bf4c-2ef330f9b421,Baraka,infra.huilerie_inventaire_pollution,0.0,0.74,MEDIUM_CONFIDENCE,DUPLICATE_EXACT,1,MANUAL_REVIEW_REQUIRED,distance=0.00m; nom=1.00; commune=0.00; priorite=4,#f59e0b,alert-triangle,MEDIUM_CONFIDENCE,POINT(572113 452358),POINT(572113 452358),POINT(572113 452358),POINT(572113 452358)
e8925b40-8f93-4854-96cb-83a0c7d67d13,e60088e9-cf94-4e41-ae65-a5390866b4b8,infra.huilerie,242,JAI Frére,HUILERIE,44820fab-b045-4fc7-926d-609eafc9e247,JAI Frére,infra.huilerie_inventaire_pollution,0.0,0.74,MEDIUM_CONFIDENCE,DUPLICATE_EXACT,1,MANUAL_REVIEW_REQUIRED,distance=0.00m; nom=1.00; commune=0.00; priorite=4,#f59e0b,alert-triangle,MEDIUM_CONFIDENCE,POINT(572415 451676),POINT(572415 451676),POINT(572415 451676),POINT(572415 451676)
0d3105dd-505b-4581-8e0a-ee215e7eb76e,e60088e9-cf94-4e41-ae65-a5390866b4b8,infra.huilerie,243,Huilerie Bentahour,HUILERIE,eba1d7dd-f575-4ae1-ae53-63d6a62112cb,Huilerie Bentahour,infra.huilerie_inventaire_pollution,0.0,0.74,MEDIUM_CONFIDENCE,DUPLICATE_EXACT,1,MANUAL_REVIEW_REQUIRED,distance=0.00m; nom=1.00; commune=0.00; priorite=4,#f59e0b,alert-triangle,MEDIUM_CONFIDENCE,POINT(572346 451480),POINT(572346 451480),POINT(572346 451480),POINT(572346 451480)
f2494954-a274-418d-bf19-b875a4d523ae,e60088e9-cf94-4e41-ae65-a5390866b4b8,infra.huilerie,269,societe oudka,HUILERIE,1c520727-5a18-44ce-83fd-db306c80df7e,societe oudka,infra.huilerie_inventaire_pollution,0.0,0.74,MEDIUM_CONFIDENCE,DUPLICATE_EXACT,1,MANUAL_REVIEW_REQUIRED,distance=0.00m; nom=1.00; commune=0.00; priorite=4,#f59e0b,alert-triangle,MEDIUM_CONFIDENCE,POINT(543851 448681),POINT(543851 448681),POINT(543851 448681),POINT(543851 448681)
4879677e-223f-4e83-b22c-d7ea25cc2c4d,e60088e9-cf94-4e41-ae65-a5390866b4b8,infra.huilerie,270,Coopérative Olea ghafsai,HUILERIE,8b38693c-10f1-494a-96ce-bbfbae3dfd6e,Coopérative Olea ghafsai,infra.huilerie_inventaire_pollution,0.0,0.74,MEDIUM_CONFIDENCE,DUPLICATE_EXACT,1,MANUAL_REVIEW_REQUIRED,distance=0.00m; nom=1.00; commune=0.00; priorite=4,#f59e0b,alert-triangle,MEDIUM_CONFIDENCE,POINT(544931 448858),POINT(544931 448858),POINT(544931 448858),POINT(544931 448858)
e52956d7-d68b-416f-98c8-481c52cc2acd,e60088e9-cf94-4e41-ae65-a5390866b4b8,infra.huilerie,271,Huilerie Dekkoun,HUILERIE,39fc310d-7bc4-4af1-87be-4fef7efe8bae,Huilerie Dekkoun,infra.huilerie_inventaire_pollution,0.0,0.74,MEDIUM_CONFIDENCE,DUPLICATE_EXACT,1,MANUAL_REVIEW_REQUIRED,distance=0.00m; nom=1.00; commune=0.00; priorite=4,#f59e0b,alert-triangle,MEDIUM_CONFIDENCE,POINT(543543 448586),POINT(543543 448586),POINT(543543 448586),POINT(543543 448586)
10d42295-d3b6-4124-8be5-94e602cdab4b,e60088e9-cf94-4e41-ae65-a5390866b4b8,infra.huilerie,272,Huilerie Société Olive,HUILERIE,5f2cd349-b920-4fab-8816-b0608e04f47b,Huilerie Société Olive,infra.huilerie_inventaire_pollution,0.0,0.74,MEDIUM_CONFIDENCE,DUPLICATE_EXACT,1,MANUAL_REVIEW_REQUIRED,distance=0.00m; nom=1.00; commune=0.00; priorite=4,#f59e0b,alert-triangle,MEDIUM_CONFIDENCE,POINT(542874 447953),POINT(542874 447953),POINT(542874 447953),POINT(542874 447953)
8a4c09bd-b2d2-4066-8b07-1bb159e90657,e60088e9-cf94-4e41-ae65-a5390866b4b8,infra.huilerie,267,Oudka,HUILERIE,d67cb4e9-4c48-454d-a4bb-e89f750b0388,Oudka,infra.huilerie_inventaire_pollution,0.0,0.74,MEDIUM_CONFIDENCE,DUPLICATE_EXACT,1,MANUAL_REVIEW_REQUIRED,distance=0.00m; nom=1.00; commune=0.00; priorite=4,#f59e0b,alert-triangle,MEDIUM_CONFIDENCE,POINT(545492 449354),POINT(545492 449354),POINT(545492 449354),POINT(545492 449354)
5f855bb4-37e6-4938-974c-b86217f5fd3c,e60088e9-cf94-4e41-ae65-a5390866b4b8,infra.huilerie,146,Huilerie Mohamed CHGARI,HUILERIE,b52238e7-2cb8-4562-ae5a-711a3202318b,Huilerie Mohamed CHGARI,infra.huilerie_inventaire_pollution,0.0,0.74,MEDIUM_CONFIDENCE,DUPLICATE_EXACT,1,MANUAL_REVIEW_REQUIRED,distance=0.00m; nom=1.00; commune=0.00; priorite=4,#f59e0b,alert-triangle,MEDIUM_CONFIDENCE,POINT(541832 434918),POINT(541832 434918),POINT(541832 434918),POINT(541832 434918)
ba89d29e-f27b-4313-a821-5ee96de5e5c3,e60088e9-cf94-4e41-ae65-a5390866b4b8,infra.huilerie,147,Huilerie Ahmed HMAMOUCHI,HUILERIE,20161e77-9482-4f57-9e2d-c85481f6d25c,Huilerie Ahmed HMAMOUCHI,infra.huilerie_inventaire_pollution,0.0,0.74,MEDIUM_CONFIDENCE,DUPLICATE_EXACT,1,MANUAL_REVIEW_REQUIRED,distance=0.00m; nom=1.00; commune=0.00; priorite=4,#f59e0b,alert-triangle,MEDIUM_CONFIDENCE,POINT(541783 435937),POINT(541783 435937),POINT(541783 435937),POINT(541783 435937)
283eafbb-d136-4788-ac4f-ad1a4f522763,e60088e9-cf94-4e41-ae65-a5390866b4b8,infra.huilerie,148,Huilerie Mahfoud EL KHABIR,HUILERIE,fe8ed23d-a088-4e5d-86f6-7d702f73f8ea,Huilerie Mahfoud EL KHABIR,infra.huilerie_inventaire_pollution,0.0,0.74,MEDIUM_CONFIDENCE,DUPLICATE_EXACT,1,MANUAL_REVIEW_REQUIRED,distance=0.00m; nom=1.00; commune=0.00; priorite=4,#f59e0b,alert-triangle,MEDIUM_CONFIDENCE,POINT(540223 433444),POINT(540223 433444),POINT(540223 433444),POINT(540223 433444)
c00e6f3f-6116-40e5-841d-c30c4fcbea27,e60088e9-cf94-4e41-ae65-a5390866b4b8,infra.huilerie,149,Huilerie Ahmed LAHLIMI,HUILERIE,5e0add9b-4a40-498f-a61c-65e838d52bba,Huilerie Ahmed LAHLIMI,infra.huilerie_inventaire_pollution,0.0,0.74,MEDIUM_CONFIDENCE,DUPLICATE_EXACT,1,MANUAL_REVIEW_REQUIRED,distance=0.00m; nom=1.00; commune=0.00; priorite=4,#f59e0b,alert-triangle,MEDIUM_CONFIDENCE,POINT(544352 435829),POINT(544352 435829),POINT(544352 435829),POINT(544352 435829)
a7dff654-9e18-4c69-ad9f-d82065c83425,e60088e9-cf94-4e41-ae65-a5390866b4b8,infra.huilerie,150,Huilerie Khalid HARBOUCH,HUILERIE,01e3831c-f792-4309-83a4-690fa1912603,Huilerie Khalid HARBOUCH,infra.huilerie_inventaire_pollution,0.0,0.74,MEDIUM_CONFIDENCE,DUPLICATE_EXACT,1,MANUAL_REVIEW_REQUIRED,distance=0.00m; nom=1.00; commune=0.00; priorite=4,#f59e0b,alert-triangle,MEDIUM_CONFIDENCE,POINT(544792 435047),POINT(544792 435047),POINT(544792 435047),POINT(544792 435047)
24f05028-55f1-4517-a007-e5e3a4318d8f,e60088e9-cf94-4e41-ae65-a5390866b4b8,infra.huilerie,232,Huilerie Slass,HUILERIE,7ee523af-0aae-4564-842b-a9c81297fa26,Huilerie Slass,infra.huilerie_inventaire_pollution,0.0,0.74,MEDIUM_CONFIDENCE,DUPLICATE_EXACT,1,MANUAL_REVIEW_REQUIRED,distance=0.00m; nom=1.00; commune=0.00; priorite=4,#f59e0b,alert-triangle,MEDIUM_CONFIDENCE,POINT(540755 431869),POINT(540755 431869),POINT(540755 431869),POINT(540755 431869)
a5d5cc42-0d34-4955-8d68-4c5dff937aa3,e60088e9-cf94-4e41-ae65-a5390866b4b8,infra.huilerie,247,Huilerie De Bouarous ,HUILERIE,556a2987-2b05-4255-a48d-a0d151351f7b,Huilerie De Bouarous,infra.huilerie_inventaire_pollution,0.0,0.74,MEDIUM_CONFIDENCE,DUPLICATE_EXACT,1,MANUAL_REVIEW_REQUIRED,distance=0.00m; nom=1.00; commune=0.00; priorite=4,#f59e0b,alert-triangle,MEDIUM_CONFIDENCE,POINT(554034 418800),POINT(554034 418800),POINT(554034 418800),POINT(554034 418800)
c3eddb26-492e-4907-8dde-084c4a9e4c7a,e60088e9-cf94-4e41-ae65-a5390866b4b8,infra.huilerie,248,Huilerie Khribech ,HUILERIE,862c4d52-ff12-47be-9458-858e5bbbdaa9,Huilerie Khribech,infra.huilerie_inventaire_pollution,0.0,0.74,MEDIUM_CONFIDENCE,DUPLICATE_EXACT,1,MANUAL_REVIEW_REQUIRED,distance=0.00m; nom=1.00; commune=0.00; priorite=4,#f59e0b,alert-triangle,MEDIUM_CONFIDENCE,POINT(587127 408364),POINT(587127 408364),POINT(587127 408364),POINT(587127 408364)
923296f9-6ab9-4e48-abaa-af19e7c763b6,e60088e9-cf94-4e41-ae65-a5390866b4b8,infra.huilerie,249,Huilerie Karam,HUILERIE,6f694f34-518c-430e-aed1-bd3ad9e4740b,Huilerie Karam,infra.huilerie_inventaire_pollution,0.0,0.74,MEDIUM_CONFIDENCE,DUPLICATE_EXACT,1,MANUAL_REVIEW_REQUIRED,distance=0.00m; nom=1.00; commune=0.00; priorite=4,#f59e0b,alert-triangle,MEDIUM_CONFIDENCE,POINT(591956 407705),POINT(591956 407705),POINT(591956 407705),POINT(591956 407705)
99f6dea7-0d8d-4d04-91e3-57241d45f5cb,e60088e9-cf94-4e41-ae65-a5390866b4b8,infra.huilerie,151,Huilerie My BOUCHETTA,HUILERIE,22505cfd-7527-40c2-9e6c-80b6a5e87b59,Huilerie My BOUCHETTA,infra.huilerie_inventaire_pollution,0.0,0.74,MEDIUM_CONFIDENCE,DUPLICATE_EXACT,1,MANUAL_REVIEW_REQUIRED,distance=0.00m; nom=1.00; commune=0.00; priorite=4,#f59e0b,alert-triangle,MEDIUM_CONFIDENCE,POINT(526400 432121),POINT(526400 432121),POINT(526400 432121),POINT(526400 432121)
0d4d7542-6575-4445-9ff9-6bf499381565,e60088e9-cf94-4e41-ae65-a5390866b4b8,infra.huilerie,152,Huilerie CHAJARA MOUBARAKA,HUILERIE,6e51bd3e-fbb1-457f-892a-d119a1fd8138,Huilerie CHAJARA MOUBARAKA,infra.huilerie_inventaire_pollution,0.0,0.74,MEDIUM_CONFIDENCE,DUPLICATE_EXACT,1,MANUAL_REVIEW_REQUIRED,distance=0.00m; nom=1.00; commune=0.00; priorite=4,#f59e0b,alert-triangle,MEDIUM_CONFIDENCE,POINT(526999 435263),POINT(526999 435263),POINT(526999 435263),POINT(526999 435263)
5f1342ab-5076-4161-9413-7ebab8be88f1,e60088e9-cf94-4e41-ae65-a5390866b4b8,infra.huilerie,153,Huilerie Driss HAMMIOUI,HUILERIE,de1129c8-8664-4dc5-a554-f5bb241088dc,Huilerie Driss HAMMIOUI,infra.huilerie_inventaire_pollution,0.0,0.74,MEDIUM_CONFIDENCE,DUPLICATE_EXACT,1,MANUAL_REVIEW_REQUIRED,distance=0.00m; nom=1.00; commune=0.00; priorite=4,#f59e0b,alert-triangle,MEDIUM_CONFIDENCE,POINT(522780 428063),POINT(522780 428063),POINT(522780 428063),POINT(522780 428063)
afc2bb0e-786e-47d3-8be4-08544f140083,e60088e9-cf94-4e41-ae65-a5390866b4b8,infra.huilerie,154,Huilerie Ayachi BOUARFA,HUILERIE,8fe08318-c64c-400c-9887-16a50f4bc814,Huilerie Ayachi BOUARFA,infra.huilerie_inventaire_pollution,0.0,0.74,MEDIUM_CONFIDENCE,DUPLICATE_EXACT,1,MANUAL_REVIEW_REQUIRED,distance=0.00m; nom=1.00; commune=0.00; priorite=4,#f59e0b,alert-triangle,MEDIUM_CONFIDENCE,POINT(530706 436113),POINT(530706 436113),POINT(530706 436113),POINT(530706 436113)
86b45849-ecf6-4449-b4b0-2d7390dcad6e,e60088e9-cf94-4e41-ae65-a5390866b4b8,infra.huilerie,273,Gie Alwahda Ghafsai  ,HUILERIE,136aa6b2-a8dc-4ea0-9129-0c72420ff2ab,Gie Alwahda Ghafsai,infra.huilerie_inventaire_pollution,0.0,0.74,MEDIUM_CONFIDENCE,DUPLICATE_EXACT,1,MANUAL_REVIEW_REQUIRED,distance=0.00m; nom=1.00; commune=0.00; priorite=4,#f59e0b,alert-triangle,MEDIUM_CONFIDENCE,POINT(522446 439602),POINT(522446 439602),POINT(522446 439602),POINT(522446 439602)
68aea332-9d0b-4ca5-9774-c6019258e987,e60088e9-cf94-4e41-ae65-a5390866b4b8,infra.huilerie,280,Huilerie Taounate,HUILERIE,afd62c71-d808-47f6-8b4e-a3a59e5c36fb,Huilerie Taounate,infra.huilerie_inventaire_pollution,0.0,0.74,MEDIUM_CONFIDENCE,DUPLICATE_EXACT,1,MANUAL_REVIEW_REQUIRED,distance=0.00m; nom=1.00; commune=0.00; priorite=4,#f59e0b,alert-triangle,MEDIUM_CONFIDENCE,POINT(582826 442392),POINT(582826 442392),POINT(582826 442392),POINT(582826 442392)
e591e5e9-a51b-4a13-a199-9eb2c33209a4,e60088e9-cf94-4e41-ae65-a5390866b4b8,infra.huilerie,281,Société Maghnaoui,HUILERIE,bc1e20c4-a266-4ddd-88cb-611aedd39087,Société Maghnaoui,infra.huilerie_inventaire_pollution,0.0,0.74,MEDIUM_CONFIDENCE,DUPLICATE_EXACT,1,MANUAL_REVIEW_REQUIRED,distance=0.00m; nom=1.00; commune=0.00; priorite=4,#f59e0b,alert-triangle,MEDIUM_CONFIDENCE,POINT(577896 442392),POINT(577896 442392),POINT(577896 442392),POINT(577896 442392)
13741382-fe44-443c-8e6b-eac00783ca4b,e60088e9-cf94-4e41-ae65-a5390866b4b8,infra.huilerie,282,Société AHMIROU,HUILERIE,657aea9c-73bd-44ca-9d04-0b0bc552e0e8,Société AHMIROU,infra.huilerie_inventaire_pollution,0.0,0.74,MEDIUM_CONFIDENCE,DUPLICATE_EXACT,1,MANUAL_REVIEW_REQUIRED,distance=0.00m; nom=1.00; commune=0.00; priorite=4,#f59e0b,alert-triangle,MEDIUM_CONFIDENCE,POINT(577534 442688),POINT(577534 442688),POINT(577534 442688),POINT(577534 442688)
4132b8d7-d271-4e2e-a273-86c5a8de5143,e60088e9-cf94-4e41-ae65-a5390866b4b8,infra.huilerie,143,Huilerie ZENASSENI,HUILERIE,f62a5fd6-5576-438b-b999-a13a98c47efc,Huilerie ZENASSENI,infra.huilerie_inventaire_pollution,0.0,0.74,MEDIUM_CONFIDENCE,DUPLICATE_EXACT,1,MANUAL_REVIEW_REQUIRED,distance=0.00m; nom=1.00; commune=0.00; priorite=4,#f59e0b,alert-triangle,MEDIUM_CONFIDENCE,POINT(515670 421091),POINT(515670 421091),POINT(515670 421091),POINT(515670 421091)
e3d9b403-0e05-4dd0-ba70-d07c38f3e885,e60088e9-cf94-4e41-ae65-a5390866b4b8,infra.huilerie,144,Huilerie OR vert d'Olives,HUILERIE,b1fc7dd4-d363-490d-a0ed-c8e1bb7e6769,Huilerie OR vert d'Olives,infra.huilerie_inventaire_pollution,0.0,0.74,MEDIUM_CONFIDENCE,DUPLICATE_EXACT,1,MANUAL_REVIEW_REQUIRED,distance=0.00m; nom=1.00; commune=0.00; priorite=4,#f59e0b,alert-triangle,MEDIUM_CONFIDENCE,POINT(515575 421120),POINT(515575 421120),POINT(515575 421120),POINT(515575 421120)
b7e4e38d-1e22-4939-9b9d-58c2b07f4294,e60088e9-cf94-4e41-ae65-a5390866b4b8,infra.huilerie,145,Huilerie La Nouvelle Huilerie du Nord,HUILERIE,23314434-6a12-4002-88df-c0d75846f6db,Huilerie La Nouvelle Huilerie du Nord,infra.huilerie_inventaire_pollution,0.0,0.74,MEDIUM_CONFIDENCE,DUPLICATE_EXACT,1,MANUAL_REVIEW_REQUIRED,distance=0.00m; nom=1.00; commune=0.00; priorite=4,#f59e0b,alert-triangle,MEDIUM_CONFIDENCE,POINT(510105 430258),POINT(510105 430258),POINT(510105 430258),POINT(510105 430258)
d4fd8072-b5fc-4f92-b582-82693128ffae,e60088e9-cf94-4e41-ae65-a5390866b4b8,infra.huilerie,331,Sté huile d'olive,HUILERIE,57c80642-d693-4c21-aae6-6854c8a65648,Sté huile d'olive,infra.huilerie_inventaire_pollution,0.0,0.74,MEDIUM_CONFIDENCE,DUPLICATE_EXACT,1,MANUAL_REVIEW_REQUIRED,distance=0.00m; nom=1.00; commune=0.00; priorite=4,#f59e0b,alert-triangle,MEDIUM_CONFIDENCE,POINT(590193 427221),POINT(590193 427221),POINT(590193 427221),POINT(590193 427221)
2f6b4ab2-7c52-45b1-8cc3-a0f10db83e18,e60088e9-cf94-4e41-ae65-a5390866b4b8,infra.huilerie,342,Zolati,HUILERIE,a30e7cc4-c49c-4dd7-9ed8-95ab6fe79b05,Zolati,infra.huilerie_inventaire_pollution,0.0,0.74,MEDIUM_CONFIDENCE,DUPLICATE_EXACT,1,MANUAL_REVIEW_REQUIRED,distance=0.00m; nom=1.00; commune=0.00; priorite=4,#f59e0b,alert-triangle,MEDIUM_CONFIDENCE,POINT(601882 398991),POINT(601882 398991),POINT(601882 398991),POINT(601882 398991)
36217e66-dbb6-4a73-86d6-1a1a58a45731,e60088e9-cf94-4e41-ae65-a5390866b4b8,infra.huilerie,343,Zarik,HUILERIE,9fb547f2-a36d-4111-a78d-b71ad5bd36a7,Zarik,infra.huilerie_inventaire_pollution,0.0,0.74,MEDIUM_CONFIDENCE,DUPLICATE_EXACT,1,MANUAL_REVIEW_REQUIRED,distance=0.00m; nom=1.00; commune=0.00; priorite=4,#f59e0b,alert-triangle,MEDIUM_CONFIDENCE,POINT(601853 398954),POINT(601853 398954),POINT(601853 398954),POINT(601853 398954)
40f89a84-1718-47b4-b101-6f22863e4ca2,e60088e9-cf94-4e41-ae65-a5390866b4b8,infra.huilerie,344,Aklla,HUILERIE,afe01b28-0f77-4940-bf9e-df1259a86adb,Aklla,infra.huilerie_inventaire_pollution,0.0,0.74,MEDIUM_CONFIDENCE,DUPLICATE_EXACT,1,MANUAL_REVIEW_REQUIRED,distance=0.00m; nom=1.00; commune=0.00; priorite=4,#f59e0b,alert-triangle,MEDIUM_CONFIDENCE,POINT(604941 399514),POINT(604941 399514),POINT(604941 399514),POINT(604941 399514)
fdd54dc9-63f8-47ef-9582-49032e460327,e60088e9-cf94-4e41-ae65-a5390866b4b8,infra.huilerie,345,Hat hat,HUILERIE,9e48bc45-70eb-430c-af9e-670255b6abae,Hat hat,infra.huilerie_inventaire_pollution,0.0,0.74,MEDIUM_CONFIDENCE,DUPLICATE_EXACT,1,MANUAL_REVIEW_REQUIRED,distance=0.00m; nom=1.00; commune=0.00; priorite=4,#f59e0b,alert-triangle,MEDIUM_CONFIDENCE,POINT(604797 399040),POINT(604797 399040),POINT(604797 399040),POINT(604797 399040)
bb70c2d0-d15d-4eff-8dfa-193b3cedbda6,e60088e9-cf94-4e41-ae65-a5390866b4b8,infra.huilerie,306,Huilerie Ouled Brih,HUILERIE,d0c9e274-305d-4902-ab67-98390e094844,Huilerie Ouled Brih,infra.huilerie_inventaire_pollution,0.0,0.74,MEDIUM_CONFIDENCE,DUPLICATE_EXACT,1,MANUAL_REVIEW_REQUIRED,distance=0.00m; nom=1.00; commune=0.00; priorite=4,#f59e0b,alert-triangle,MEDIUM_CONFIDENCE,POINT(631676 415248),POINT(631676 415248),POINT(631676 415248),POINT(631676 415248)
2bc0e4db-6539-4271-9b70-b322e5462a4d,e60088e9-cf94-4e41-ae65-a5390866b4b8,infra.huilerie,309,Mimouna,HUILERIE,ee37a1eb-40c7-4c1a-97ce-f7ec286a366d,Mimouna,infra.huilerie_inventaire_pollution,0.0,0.74,MEDIUM_CONFIDENCE,DUPLICATE_EXACT,1,MANUAL_REVIEW_REQUIRED,distance=0.00m; nom=1.00; commune=0.00; priorite=4,#f59e0b,alert-triangle,MEDIUM_CONFIDENCE,POINT(631854 412961),POINT(631854 412961),POINT(631854 412961),POINT(631854 412961)
9d51b435-8bd1-4904-b9b6-178741a2364a,e60088e9-cf94-4e41-ae65-a5390866b4b8,infra.huilerie,334,Ghiata algharbia,HUILERIE,2fa82045-05c6-428b-9d94-be48077e8f07,Ghiata algharbia,infra.huilerie_inventaire_pollution,0.0,0.74,MEDIUM_CONFIDENCE,DUPLICATE_EXACT,1,MANUAL_REVIEW_REQUIRED,distance=0.00m; nom=1.00; commune=0.00; priorite=4,#f59e0b,alert-triangle,MEDIUM_CONFIDENCE,POINT(601152 398658),POINT(601152 398658),POINT(601152 398658),POINT(601152 398658)
15d8c2cf-afbe-498e-88e6-a70972d860d2,e60088e9-cf94-4e41-ae65-a5390866b4b8,infra.huilerie,335,Chmof,HUILERIE,253110fb-ed14-4ee9-9a9b-e79e0a0be91a,Chmof,infra.huilerie_inventaire_pollution,0.0,0.74,MEDIUM_CONFIDENCE,DUPLICATE_EXACT,1,MANUAL_REVIEW_REQUIRED,distance=0.00m; nom=1.00; commune=0.00; priorite=4,#f59e0b,alert-triangle,MEDIUM_CONFIDENCE,POINT(606793 399956),POINT(606793 399956),POINT(606793 399956),POINT(606793 399956)
f1cda0a7-495b-47f4-a629-ba4e28c2a123,e60088e9-cf94-4e41-ae65-a5390866b4b8,infra.huilerie,358,Huilerie issidouni,HUILERIE,f7430226-42c5-475c-b013-efa96f6d99b0,Huilerie issidouni,infra.huilerie_inventaire_pollution,0.0,0.74,MEDIUM_CONFIDENCE,DUPLICATE_EXACT,1,MANUAL_REVIEW_REQUIRED,distance=0.00m; nom=1.00; commune=0.00; priorite=4,#f59e0b,alert-triangle,MEDIUM_CONFIDENCE,POINT(601311 399582),POINT(601311 399582),POINT(601311 399582),POINT(601311 399582)
3bf1aadf-dd27-452a-8cd3-4c8052716377,e60088e9-cf94-4e41-ae65-a5390866b4b8,infra.huilerie,359,Huilerie el gandoui,HUILERIE,7f9644e5-843b-4053-8314-df52c0f3b3e1,Huilerie el gandoui,infra.huilerie_inventaire_pollution,0.0,0.74,MEDIUM_CONFIDENCE,DUPLICATE_EXACT,1,MANUAL_REVIEW_REQUIRED,distance=0.00m; nom=1.00; commune=0.00; priorite=4,#f59e0b,alert-triangle,MEDIUM_CONFIDENCE,POINT(607020 399180),POINT(607020 399180),POINT(607020 399180),POINT(607020 399180)
88125740-fd93-4cc3-baca-36ada2fe9374,e60088e9-cf94-4e41-ae65-a5390866b4b8,infra.huilerie,319,Bab haoura,HUILERIE,c147cd72-d085-4ebd-bd19-7123c24e7e28,Bab haoura,infra.huilerie_inventaire_pollution,0.0,0.74,MEDIUM_CONFIDENCE,DUPLICATE_EXACT,1,MANUAL_REVIEW_REQUIRED,distance=0.00m; nom=1.00; commune=0.00; priorite=4,#f59e0b,alert-triangle,MEDIUM_CONFIDENCE,POINT(600046 409070),POINT(600046 409070),POINT(600046 409070),POINT(600046 409070)
885050eb-0800-4855-acad-219a3e073588,e60088e9-cf94-4e41-ae65-a5390866b4b8,infra.huilerie,320,Chajara mobarika,HUILERIE,aa40c5c1-0834-4d07-a09b-d006bacfc115,Chajara mobarika,infra.huilerie_inventaire_pollution,0.0,0.74,MEDIUM_CONFIDENCE,DUPLICATE_EXACT,1,MANUAL_REVIEW_REQUIRED,distance=0.00m; nom=1.00; commune=0.00; priorite=4,#f59e0b,alert-triangle,MEDIUM_CONFIDENCE,POINT(599388 408966),POINT(599388 408966),POINT(599388 408966),POINT(599388 408966)
0cf10f55-2681-4f83-ae96-344624f35948,e60088e9-cf94-4e41-ae65-a5390866b4b8,infra.huilerie,321,Huile nakhla,HUILERIE,19cb25c5-5ab9-42a5-91ba-1d522dc4a55d,Huile nakhla,infra.huilerie_inventaire_pollution,0.0,0.74,MEDIUM_CONFIDENCE,DUPLICATE_EXACT,1,MANUAL_REVIEW_REQUIRED,distance=0.00m; nom=1.00; commune=0.00; priorite=4,#f59e0b,alert-triangle,MEDIUM_CONFIDENCE,POINT(600747 406156),POINT(600747 406156),POINT(600747 406156),POINT(600747 406156)
51e750cb-89e6-4b02-8817-8026d9a6cb10,e60088e9-cf94-4e41-ae65-a5390866b4b8,infra.huilerie,322,Oulad zbair,HUILERIE,aab0a90e-0a2f-41f7-810c-2fbe38357184,Oulad zbair,infra.huilerie_inventaire_pollution,0.0,0.74,MEDIUM_CONFIDENCE,DUPLICATE_EXACT,1,MANUAL_REVIEW_REQUIRED,distance=0.00m; nom=1.00; commune=0.00; priorite=4,#f59e0b,alert-triangle,MEDIUM_CONFIDENCE,POINT(598680 410181),POINT(598680 410181),POINT(598680 410181),POINT(598680 410181)
35432b05-e99c-4f3b-8ad4-fc0e28d88b8e,e60088e9-cf94-4e41-ae65-a5390866b4b8,infra.huilerie,365,GIE Tsouli,HUILERIE,1b25789a-cc9e-4942-9814-dedda992ba02,GIE Tsouli,infra.huilerie_inventaire_pollution,0.0,0.74,MEDIUM_CONFIDENCE,DUPLICATE_EXACT,1,MANUAL_REVIEW_REQUIRED,distance=0.00m; nom=1.00; commune=0.00; priorite=4,#f59e0b,alert-triangle,MEDIUM_CONFIDENCE,POINT(600980 411834),POINT(600980 411834),POINT(600980 411834),POINT(600980 411834)
8e6709cf-9219-4fad-af3c-5cfa5a7d1793,e60088e9-cf94-4e41-ae65-a5390866b4b8,infra.huilerie,333,Zmaro ikhwan,HUILERIE,e7cf790f-9f8c-44f9-8bc8-cd749fbe7677,Zmaro ikhwan,infra.huilerie_inventaire_pollution,0.0,0.74,MEDIUM_CONFIDENCE,DUPLICATE_EXACT,1,MANUAL_REVIEW_REQUIRED,distance=0.00m; nom=1.00; commune=0.00; priorite=4,#f59e0b,alert-triangle,MEDIUM_CONFIDENCE,POINT(603952 388531),POINT(603952 388531),POINT(603952 388531),POINT(603952 388531)
1079f990-a198-499c-945a-fce58db1409b,e60088e9-cf94-4e41-ae65-a5390866b4b8,infra.huilerie,360,Aghbal,HUILERIE,76b41a0d-6d5a-4736-8cf9-da2fe2400823,Aghbal,infra.huilerie_inventaire_pollution,0.0,0.74,MEDIUM_CONFIDENCE,DUPLICATE_EXACT,1,MANUAL_REVIEW_REQUIRED,distance=0.00m; nom=1.00; commune=0.00; priorite=4,#f59e0b,alert-triangle,MEDIUM_CONFIDENCE,POINT(601875 388695),POINT(601875 388695),POINT(601875 388695),POINT(601875 388695)
a2dd660d-e87e-41fd-b712-bb5a3eb92910,e60088e9-cf94-4e41-ae65-a5390866b4b8,infra.huilerie,340,Ikhlas,HUILERIE,e5a82ad7-7bf9-464f-8f83-0895c51ce99c,Ikhlas,infra.huilerie_inventaire_pollution,0.0,0.74,MEDIUM_CONFIDENCE,DUPLICATE_EXACT,1,MANUAL_REVIEW_REQUIRED,distance=0.00m; nom=1.00; commune=0.00; priorite=4,#f59e0b,alert-triangle,MEDIUM_CONFIDENCE,POINT(581670 392276),POINT(581670 392276),POINT(581670 392276),POINT(581670 392276)
dca27412-fb9d-4164-8e6a-29f711634b7d,e60088e9-cf94-4e41-ae65-a5390866b4b8,infra.huilerie,341,Coopérative l'oil olive,HUILERIE,eb4f351c-9556-4701-9b9d-099c40310210,Coopérative l'oil olive,infra.huilerie_inventaire_pollution,0.0,0.74,MEDIUM_CONFIDENCE,DUPLICATE_EXACT,1,MANUAL_REVIEW_REQUIRED,distance=0.00m; nom=1.00; commune=0.00; priorite=4,#f59e0b,alert-triangle,MEDIUM_CONFIDENCE,POINT(582236 392727),POINT(582236 392727),POINT(582236 392727),POINT(582236 392727)
0d60f348-cc2f-44b9-973c-ec41b8696366,e60088e9-cf94-4e41-ae65-a5390866b4b8,infra.huilerie,352,Huilerie dada,HUILERIE,b4a59182-e129-4f3e-ab9b-a54c167e7b17,Huilerie dada,infra.huilerie_inventaire_pollution,0.0,0.74,MEDIUM_CONFIDENCE,DUPLICATE_EXACT,1,MANUAL_REVIEW_REQUIRED,distance=0.00m; nom=1.00; commune=0.00; priorite=4,#f59e0b,alert-triangle,MEDIUM_CONFIDENCE,POINT(578945 387976),POINT(578945 387976),POINT(578945 387976),POINT(578945 387976)
971dcb1a-c1ec-477e-bc61-1856f53e13b5,e60088e9-cf94-4e41-ae65-a5390866b4b8,infra.huilerie,353,Huilerie matmata,HUILERIE,2de522fc-986f-4f9f-b42c-303f95b1c3c8,Huilerie matmata,infra.huilerie_inventaire_pollution,0.0,0.74,MEDIUM_CONFIDENCE,DUPLICATE_EXACT,1,MANUAL_REVIEW_REQUIRED,distance=0.00m; nom=1.00; commune=0.00; priorite=4,#f59e0b,alert-triangle,MEDIUM_CONFIDENCE,POINT(578358 389056),POINT(578358 389056),POINT(578358 389056),POINT(578358 389056)
21d48e77-6bcd-4b90-85a6-b33ff056aca3,e60088e9-cf94-4e41-ae65-a5390866b4b8,infra.huilerie,354,Non-connue 01,HUILERIE,ab5f8b69-913c-4e5c-a06d-91a3432f3611,Non-connue 01,infra.huilerie_inventaire_pollution,0.0,0.74,MEDIUM_CONFIDENCE,DUPLICATE_EXACT,1,MANUAL_REVIEW_REQUIRED,distance=0.00m; nom=1.00; commune=0.00; priorite=4,#f59e0b,alert-triangle,MEDIUM_CONFIDENCE,POINT(578232 389471),POINT(578232 389471),POINT(578232 389471),POINT(578232 389471)
fc8a618c-b7ad-4d45-a3ec-c7bb6d7d1d12,e60088e9-cf94-4e41-ae65-a5390866b4b8,infra.huilerie,291,ABOUSSAAD,HUILERIE,dc892f54-47f7-4847-9198-71c67d3d9172,ABOUSSAAD,infra.huilerie_inventaire_pollution,0.0,0.74,MEDIUM_CONFIDENCE,DUPLICATE_EXACT,1,MANUAL_REVIEW_REQUIRED,distance=0.00m; nom=1.00; commune=0.00; priorite=4,#f59e0b,alert-triangle,MEDIUM_CONFIDENCE,POINT(542786 464081),POINT(542786 464081),POINT(542786 464081),POINT(542786 464081)
bb59e977-1f4d-4a4f-aacd-bd9c774a5525,e60088e9-cf94-4e41-ae65-a5390866b4b8,infra.huilerie,594,Mustafa El Bakri,HUILERIE,21980f05-094c-4bba-8ff6-9d0a073f2dd9,Mustafa El Bakri,infra.huilerie_inventaire_pollution,0.0,0.74,MEDIUM_CONFIDENCE,DUPLICATE_EXACT,1,MANUAL_REVIEW_REQUIRED,distance=0.00m; nom=1.00; commune=0.00; priorite=4,#f59e0b,alert-triangle,MEDIUM_CONFIDENCE,POINT(510515 376116),POINT(510515 376116),POINT(510515 376116),POINT(510515 376116)
d4ccf49f-871c-47ae-b81e-96fbb1655c2f,e60088e9-cf94-4e41-ae65-a5390866b4b8,infra.huilerie,595,huilerie Oujda,HUILERIE,1b274415-9e87-4ee4-9453-06d95d4ca601,huilerie Oujda,infra.huilerie_inventaire_pollution,0.0,0.74,MEDIUM_CONFIDENCE,DUPLICATE_EXACT,1,MANUAL_REVIEW_REQUIRED,distance=0.00m; nom=1.00; commune=0.00; priorite=4,#f59e0b,alert-triangle,MEDIUM_CONFIDENCE,POINT(512155 374351),POINT(512155 374351),POINT(512155 374351),POINT(512155 374351)
4bb2c882-edfe-425a-bcfc-e4d12439efed,e60088e9-cf94-4e41-ae65-a5390866b4b8,infra.huilerie,609,Abdelaziz Lkhayat,HUILERIE,f8f48c41-fed4-4c41-a473-1c9932843618,Laouinat (jarbi Malika),infra.huilerie_inventaire_pollution,0.0,0.54,MEDIUM_CONFIDENCE,DUPLICATE_EXACT,1,MANUAL_REVIEW_REQUIRED,distance=0.00m; nom=0.00; commune=0.00; priorite=4,#f59e0b,alert-triangle,MEDIUM_CONFIDENCE,POINT(500081 387284),POINT(500081 387284),POINT(500081 387284),POINT(500081 387284)
4e238b4f-430c-449c-b197-702c3e5030e4,e60088e9-cf94-4e41-ae65-a5390866b4b8,infra.huilerie,596,Huilerie extra du maroc,HUILERIE,6bf940d2-a2f8-48f3-92ed-62702a6e1134,Huilerie extra du maroc,infra.huilerie_inventaire_pollution,0.0,0.74,MEDIUM_CONFIDENCE,DUPLICATE_EXACT,1,MANUAL_REVIEW_REQUIRED,distance=0.00m; nom=1.00; commune=0.00; priorite=4,#f59e0b,alert-triangle,MEDIUM_CONFIDENCE,POINT(504478 370222),POINT(504478 370222),POINT(504478 370222),POINT(504478 370222)
062e8875-25e1-49cb-a8ad-1d18868141d3,e60088e9-cf94-4e41-ae65-a5390866b4b8,infra.huilerie,597,El Gouraa Abdelkader,HUILERIE,af65b748-11e4-4ab1-9605-41342a76b6ce,El Gouraa Abdelkader,infra.huilerie_inventaire_pollution,0.0,0.74,MEDIUM_CONFIDENCE,DUPLICATE_EXACT,1,MANUAL_REVIEW_REQUIRED,distance=0.00m; nom=1.00; commune=0.00; priorite=4,#f59e0b,alert-triangle,MEDIUM_CONFIDENCE,POINT(502372 370177),POINT(502372 370177),POINT(502372 370177),POINT(502372 370177)
87db1aa9-22b6-4090-b88d-38ea53114cba,e60088e9-cf94-4e41-ae65-a5390866b4b8,infra.huilerie,598,Bengraa Khalid,HUILERIE,c209a3ad-ff98-4d25-a6f4-9c15ecfae708,Bengraa Khalid,infra.huilerie_inventaire_pollution,0.0,0.74,MEDIUM_CONFIDENCE,DUPLICATE_EXACT,1,MANUAL_REVIEW_REQUIRED,distance=0.00m; nom=1.00; commune=0.00; priorite=4,#f59e0b,alert-triangle,MEDIUM_CONFIDENCE,POINT(502405 371780),POINT(502405 371780),POINT(502405 371780),POINT(502405 371780)
223bbbb4-8766-4c19-aea6-fd515b5f9088,e60088e9-cf94-4e41-ae65-a5390866b4b8,infra.huilerie,599,Khanchaoui Driss,HUILERIE,fdc1f951-02ec-4548-8c26-d8975e303e05,Khanchaoui Driss,infra.huilerie_inventaire_pollution,0.0,0.74,MEDIUM_CONFIDENCE,DUPLICATE_EXACT,1,MANUAL_REVIEW_REQUIRED,distance=0.00m; nom=1.00; commune=0.00; priorite=4,#f59e0b,alert-triangle,MEDIUM_CONFIDENCE,POINT(502618 372225),POINT(502618 372225),POINT(502618 372225),POINT(502618 372225)
57f7b898-ccde-44db-97b8-5be7aa9bb36f,e60088e9-cf94-4e41-ae65-a5390866b4b8,infra.huilerie,600,Boungab Abdelkader,HUILERIE,45a4c1e9-5878-49e0-949b-96c6a23954f2,Boungab Abdelkader,infra.huilerie_inventaire_pollution,0.0,0.74,MEDIUM_CONFIDENCE,DUPLICATE_EXACT,1,MANUAL_REVIEW_REQUIRED,distance=0.00m; nom=1.00; commune=0.00; priorite=4,#f59e0b,alert-triangle,MEDIUM_CONFIDENCE,POINT(503329 369360),POINT(503329 369360),POINT(503329 369360),POINT(503329 369360)
95c04cf2-6007-4ec3-934b-d85c6e61c2c5,e60088e9-cf94-4e41-ae65-a5390866b4b8,infra.huilerie,601,Lkhaydar Ahmed,HUILERIE,977726c6-86a4-42c8-8aea-07c6b2b46225,Lkhaydar Ahmed,infra.huilerie_inventaire_pollution,0.1844911922285659,0.74,HIGH_RISK,POSSIBLE_MATCH,2,MANUAL_REVIEW,distance=0.18m; nom=1.00; commune=0.00; priorite=4,#dc2626,x-octagon,HIGH_RISK,POINT(502746 370070),POINT(502745.849 370070.106),POINT(502746 370070),POINT(502746 370070)
6da07a69-604f-4ab2-9441-5334dcdf7736,e60088e9-cf94-4e41-ae65-a5390866b4b8,infra.huilerie,602,Bakir Mustafa,HUILERIE,ac6176c6-6cf1-4264-97bc-436dda75cc16,Bakir Mustafa,infra.huilerie_inventaire_pollution,0.5941346648679552,0.74,HIGH_RISK,POSSIBLE_MATCH,2,MANUAL_REVIEW,distance=0.59m; nom=1.00; commune=0.00; priorite=4,#dc2626,x-octagon,HIGH_RISK,POINT(502786 370347),POINT(502785.51 370347.336),POINT(502786 370347),POINT(502786 370347)
d3ee2bc2-53e9-4873-ad08-f2f1f63aaa57,e60088e9-cf94-4e41-ae65-a5390866b4b8,infra.huilerie,603,Boungab Abdessalam,HUILERIE,f4f6daa9-c2fd-49ad-b6f4-e07102a8c8e5,Boungab Abdessalam,infra.huilerie_inventaire_pollution,0.24867046468964313,0.74,HIGH_RISK,POSSIBLE_MATCH,2,MANUAL_REVIEW,distance=0.25m; nom=1.00; commune=0.00; priorite=4,#dc2626,x-octagon,HIGH_RISK,POINT(502869 370088),POINT(502868.779 370087.886),POINT(502869 370088),POINT(502869 370088)
4be280aa-8b8e-481b-b132-e8b642293f19,e60088e9-cf94-4e41-ae65-a5390866b4b8,infra.huilerie,605,Huilerie Lalla Joumana,HUILERIE,b4e300b4-e545-4579-bd10-5ecc302cb9b1,Huilerie Lalla Joumana,infra.huilerie_inventaire_pollution,0.24803225598850537,0.74,HIGH_RISK,POSSIBLE_MATCH,2,MANUAL_REVIEW,distance=0.25m; nom=1.00; commune=0.00; priorite=4,#dc2626,x-octagon,HIGH_RISK,POINT(495693 371124),POINT(495692.752 371123.996),POINT(495693 371124),POINT(495693 371124)
759bd20e-5925-4f3d-abf5-cd1f2cd8d39e,e60088e9-cf94-4e41-ae65-a5390866b4b8,infra.huilerie,606,Hamid Amarouch,HUILERIE,b4867e26-fbf7-4d00-b207-6a97f0fccfbd,Hamid Amarouch,infra.huilerie_inventaire_pollution,0.3466770831675963,0.74,HIGH_RISK,POSSIBLE_MATCH,2,MANUAL_REVIEW,distance=0.35m; nom=1.00; commune=0.00; priorite=4,#dc2626,x-octagon,HIGH_RISK,POINT(497325 370211),POINT(497324.699 370210.828),POINT(497325 370211),POINT(497325 370211)
3348823c-1460-4859-87aa-a8e6e369d9d0,e60088e9-cf94-4e41-ae65-a5390866b4b8,infra.huilerie,604,Fakir Bouchta,HUILERIE,73a8443c-2e8e-481e-8d0d-d20f70261f70,Fakir Bouchta,infra.huilerie_inventaire_pollution,0.48485564862748487,0.74,HIGH_RISK,POSSIBLE_MATCH,2,MANUAL_REVIEW,distance=0.48m; nom=1.00; commune=0.00; priorite=4,#dc2626,x-octagon,HIGH_RISK,POINT(495482 370669),POINT(495481.822 370669.451),POINT(495482 370669),POINT(495482 370669)
185d565a-f31b-4281-a2a8-2998e58c5f69,e60088e9-cf94-4e41-ae65-a5390866b4b8,infra.huilerie,607,Huilerie Zerouali,HUILERIE,7145ba36-ec30-450e-b89c-ad6e25886ce7,Huilerie Zerouali,infra.huilerie_inventaire_pollution,0.0,0.74,MEDIUM_CONFIDENCE,DUPLICATE_EXACT,1,MANUAL_REVIEW_REQUIRED,distance=0.00m; nom=1.00; commune=0.00; priorite=4,#f59e0b,alert-triangle,MEDIUM_CONFIDENCE,POINT(495069 370539),POINT(495069 370539),POINT(495069 370539),POINT(495069 370539)
ad228d6f-fce6-4b8d-b352-27ec03ada328,e60088e9-cf94-4e41-ae65-a5390866b4b8,infra.huilerie,608,Omari Thami,HUILERIE,3a25f7af-3664-4a19-bcc9-32325dca413d,Omari Thami,infra.huilerie_inventaire_pollution,0.5026658930418991,0.74,HIGH_RISK,POSSIBLE_MATCH,2,MANUAL_REVIEW,distance=0.50m; nom=1.00; commune=0.00; priorite=4,#dc2626,x-octagon,HIGH_RISK,POINT(494198 379375),POINT(494198.492 379374.897),POINT(494198 379375),POINT(494198 379375)
caa5f85d-65d9-4332-a8ea-63805bbe779b,e60088e9-cf94-4e41-ae65-a5390866b4b8,infra.huilerie,355,Non-connue 02,HUILERIE,c483f161-8c1c-4a5e-96c9-1740ee5bafd3,Non-connue 02,infra.huilerie_inventaire_pollution,0.0,0.74,MEDIUM_CONFIDENCE,DUPLICATE_EXACT,1,MANUAL_REVIEW_REQUIRED,distance=0.00m; nom=1.00; commune=0.00; priorite=4,#f59e0b,alert-triangle,MEDIUM_CONFIDENCE,POINT(578190 389624),POINT(578190 389624),POINT(578190 389624),POINT(578190 389624)
d5765e0b-c9e9-47d0-865b-0e0998095196,e60088e9-cf94-4e41-ae65-a5390866b4b8,infra.huilerie,356,Non-connue 03,HUILERIE,bbf870e8-97f1-4431-b305-b5e1cd0d5d54,Non-connue 03,infra.huilerie_inventaire_pollution,0.0,0.74,MEDIUM_CONFIDENCE,DUPLICATE_EXACT,1,MANUAL_REVIEW_REQUIRED,distance=0.00m; nom=1.00; commune=0.00; priorite=4,#f59e0b,alert-triangle,MEDIUM_CONFIDENCE,POINT(578326 389727),POINT(578326 389727),POINT(578326 389727),POINT(578326 389727)
399c744a-a635-41a2-aa92-3a67d73edb75,e60088e9-cf94-4e41-ae65-a5390866b4b8,infra.huilerie,357,Non-connue 04,HUILERIE,1d024e20-3e0e-42aa-9380-40b03d0f8cf8,Non-connue 04,infra.huilerie_inventaire_pollution,0.0,0.74,MEDIUM_CONFIDENCE,DUPLICATE_EXACT,1,MANUAL_REVIEW_REQUIRED,distance=0.00m; nom=1.00; commune=0.00; priorite=4,#f59e0b,alert-triangle,MEDIUM_CONFIDENCE,POINT(577541 389302),POINT(577541 389302),POINT(577541 389302),POINT(577541 389302)
3cd992f3-1577-4c58-a2f2-24e9f377c853,e60088e9-cf94-4e41-ae65-a5390866b4b8,infra.huilerie,371,Maasra el kajj,HUILERIE,b091fb9f-e02f-4e9d-92f0-4ef9eb0de5ad,Maasra el kajj,infra.huilerie_inventaire_pollution,0.0,0.74,MEDIUM_CONFIDENCE,DUPLICATE_EXACT,1,MANUAL_REVIEW_REQUIRED,distance=0.00m; nom=1.00; commune=0.00; priorite=4,#f59e0b,alert-triangle,MEDIUM_CONFIDENCE,POINT(580112 379386),POINT(580112 379386),POINT(580112 379386),POINT(580112 379386)
7c9aa676-6978-4505-a15c-2df7400b2df7,e60088e9-cf94-4e41-ae65-a5390866b4b8,infra.huilerie,372,Massra machkour,HUILERIE,60f06414-85a5-4e78-8606-661b57c15474,Massra machkour,infra.huilerie_inventaire_pollution,0.0,0.74,MEDIUM_CONFIDENCE,DUPLICATE_EXACT,1,MANUAL_REVIEW_REQUIRED,distance=0.00m; nom=1.00; commune=0.00; priorite=4,#f59e0b,alert-triangle,MEDIUM_CONFIDENCE,POINT(588057 376375),POINT(588057 376375),POINT(588057 376375),POINT(588057 376375)
f6abf92e-6a0b-4b5e-aabb-fc88a8f69c8f,e60088e9-cf94-4e41-ae65-a5390866b4b8,infra.huilerie,373,Maasra abbouz,HUILERIE,65322e9a-b892-4ff6-b45a-24e433dc5f3e,Maasra abbouz,infra.huilerie_inventaire_pollution,0.0,0.74,MEDIUM_CONFIDENCE,DUPLICATE_EXACT,1,MANUAL_REVIEW_REQUIRED,distance=0.00m; nom=1.00; commune=0.00; priorite=4,#f59e0b,alert-triangle,MEDIUM_CONFIDENCE,POINT(580906 372207),POINT(580906 372207),POINT(580906 372207),POINT(580906 372207)
0068b66f-469a-4831-8c01-31c91d3ddd1b,e60088e9-cf94-4e41-ae65-a5390866b4b8,infra.huilerie,374,Massra dahmani,HUILERIE,98e01d87-fc89-4716-8693-0b936fab9c09,Massra dahmani,infra.huilerie_inventaire_pollution,0.0,0.74,MEDIUM_CONFIDENCE,DUPLICATE_EXACT,1,MANUAL_REVIEW_REQUIRED,distance=0.00m; nom=1.00; commune=0.00; priorite=4,#f59e0b,alert-triangle,MEDIUM_CONFIDENCE,POINT(579558 370708),POINT(579558 370708),POINT(579558 370708),POINT(579558 370708)
e0c470bf-d396-4cb8-aac2-bf52322cb942,e60088e9-cf94-4e41-ae65-a5390866b4b8,infra.huilerie,324,Sté foukar,HUILERIE,6ca8ffa0-fb6e-446d-8282-f9730e4c2c64,Sté foukar,infra.huilerie_inventaire_pollution,0.0,0.74,MEDIUM_CONFIDENCE,DUPLICATE_EXACT,1,MANUAL_REVIEW_REQUIRED,distance=0.00m; nom=1.00; commune=0.00; priorite=4,#f59e0b,alert-triangle,MEDIUM_CONFIDENCE,POINT(613403 419997),POINT(613403 419997),POINT(613403 419997),POINT(613403 419997)
06e874a7-f570-44c1-ab05-7f7ddb7fecae,e60088e9-cf94-4e41-ae65-a5390866b4b8,infra.huilerie,362,Maasra ksili abdessalam,HUILERIE,61bc49a0-b588-464d-a9b6-fed69b41c730,Maasra ksili abdessalam,infra.huilerie_inventaire_pollution,0.0,0.74,MEDIUM_CONFIDENCE,DUPLICATE_EXACT,1,MANUAL_REVIEW_REQUIRED,distance=0.00m; nom=1.00; commune=0.00; priorite=4,#f59e0b,alert-triangle,MEDIUM_CONFIDENCE,POINT(624929 434159),POINT(624929 434159),POINT(624929 434159),POINT(624929 434159)
02351f0c-6c34-4bb4-b842-04e698c0ae5a,e60088e9-cf94-4e41-ae65-a5390866b4b8,infra.huilerie,363,Maasra ikhouane berrada,HUILERIE,fa2686e3-22ac-4552-995d-c4ac2132f81c,Maasra ikhouane berrada,infra.huilerie_inventaire_pollution,0.0,0.74,MEDIUM_CONFIDENCE,DUPLICATE_EXACT,1,MANUAL_REVIEW_REQUIRED,distance=0.00m; nom=1.00; commune=0.00; priorite=4,#f59e0b,alert-triangle,MEDIUM_CONFIDENCE,POINT(624782 434159),POINT(624782 434159),POINT(624782 434159),POINT(624782 434159)
78cd7fac-331e-4f69-bec9-3702004fc4fa,e60088e9-cf94-4e41-ae65-a5390866b4b8,infra.huilerie,310,Elfalah,HUILERIE,2eeb167e-8d24-44bc-9b47-ca609c3d90b8,Elfalah,infra.huilerie_inventaire_pollution,0.0,0.74,MEDIUM_CONFIDENCE,DUPLICATE_EXACT,1,MANUAL_REVIEW_REQUIRED,distance=0.00m; nom=1.00; commune=0.00; priorite=4,#f59e0b,alert-triangle,MEDIUM_CONFIDENCE,POINT(619110 457201),POINT(619110 457201),POINT(619110 457201),POINT(619110 457201)
2a5bc007-8dec-4cf9-844a-1b81d8248f65,e60088e9-cf94-4e41-ae65-a5390866b4b8,infra.huilerie,311,Mchachti,HUILERIE,64086148-6453-42ce-9f4f-c5f71cdfb625,Mchachti,infra.huilerie_inventaire_pollution,0.0,0.74,MEDIUM_CONFIDENCE,DUPLICATE_EXACT,1,MANUAL_REVIEW_REQUIRED,distance=0.00m; nom=1.00; commune=0.00; priorite=4,#f59e0b,alert-triangle,MEDIUM_CONFIDENCE,POINT(619845 459506),POINT(619845 459506),POINT(619845 459506),POINT(619845 459506)
c652fefb-6e5d-4994-ba3e-24256f79a3a0,e60088e9-cf94-4e41-ae65-a5390866b4b8,infra.huilerie,312,Houncho,HUILERIE,c254b47b-e987-4e2e-9837-31cb2a7853a7,Houncho,infra.huilerie_inventaire_pollution,0.0,0.74,MEDIUM_CONFIDENCE,DUPLICATE_EXACT,1,MANUAL_REVIEW_REQUIRED,distance=0.00m; nom=1.00; commune=0.00; priorite=4,#f59e0b,alert-triangle,MEDIUM_CONFIDENCE,POINT(619175 460005),POINT(619175 460005),POINT(619175 460005),POINT(619175 460005)
a6b0fc54-6e4a-438e-b9d0-2d15dc035c06,e60088e9-cf94-4e41-ae65-a5390866b4b8,infra.huilerie,313,Nour,HUILERIE,7962727f-b430-4dd8-8b4f-c0f05dca02dd,Nour,infra.huilerie_inventaire_pollution,0.0,0.74,MEDIUM_CONFIDENCE,DUPLICATE_EXACT,1,MANUAL_REVIEW_REQUIRED,distance=0.00m; nom=1.00; commune=0.00; priorite=4,#f59e0b,alert-triangle,MEDIUM_CONFIDENCE,POINT(619219 460027),POINT(619219 460027),POINT(619219 460027),POINT(619219 460027)
bc31410c-b8dc-4048-95c3-2379e447fc91,e60088e9-cf94-4e41-ae65-a5390866b4b8,infra.huilerie,350,Huileries hanchou,HUILERIE,efc765e5-efbc-4710-a91a-d845bfe28ddb,Huileries hanchou,infra.huilerie_inventaire_pollution,0.0,0.74,MEDIUM_CONFIDENCE,DUPLICATE_EXACT,1,MANUAL_REVIEW_REQUIRED,distance=0.00m; nom=1.00; commune=0.00; priorite=4,#f59e0b,alert-triangle,MEDIUM_CONFIDENCE,POINT(619236 459971),POINT(619236 459971),POINT(619236 459971),POINT(619236 459971)
abb6afa3-859c-422b-a033-8f00abdb0bde,e60088e9-cf94-4e41-ae65-a5390866b4b8,infra.huilerie,308,Achbar,HUILERIE,edf55a5f-d476-4c8a-9c2a-ee9013be81d4,Achbar,infra.huilerie_inventaire_pollution,0.0,0.74,MEDIUM_CONFIDENCE,DUPLICATE_EXACT,1,MANUAL_REVIEW_REQUIRED,distance=0.00m; nom=1.00; commune=0.00; priorite=4,#f59e0b,alert-triangle,MEDIUM_CONFIDENCE,POINT(593782 376002),POINT(593782 376002),POINT(593782 376002),POINT(593782 376002)
5c1fec90-0077-40df-a484-842387929ccf,e60088e9-cf94-4e41-ae65-a5390866b4b8,infra.huilerie,349,Amellal agro,HUILERIE,1dc1b9bd-3236-4a50-b0b7-fd818e3c481b,Amellal agro,infra.huilerie_inventaire_pollution,0.0,0.74,MEDIUM_CONFIDENCE,DUPLICATE_EXACT,1,MANUAL_REVIEW_REQUIRED,distance=0.00m; nom=1.00; commune=0.00; priorite=4,#f59e0b,alert-triangle,MEDIUM_CONFIDENCE,POINT(592331 373362),POINT(592331 373362),POINT(592331 373362),POINT(592331 373362)
7a56c9e8-47d2-4882-bcd9-3f4a7a6fd69d,e60088e9-cf94-4e41-ae65-a5390866b4b8,infra.huilerie,351,Huilerie aberchane,HUILERIE,e774452b-54ad-42d1-bd00-167322d3c394,Huilerie aberchane,infra.huilerie_inventaire_pollution,0.0,0.74,MEDIUM_CONFIDENCE,DUPLICATE_EXACT,1,MANUAL_REVIEW_REQUIRED,distance=0.00m; nom=1.00; commune=0.00; priorite=4,#f59e0b,alert-triangle,MEDIUM_CONFIDENCE,POINT(593930 375145),POINT(593930 375145),POINT(593930 375145),POINT(593930 375145)
6e579b93-1f7e-42ce-b704-88a0b9c2bbd0,e60088e9-cf94-4e41-ae65-a5390866b4b8,infra.huilerie,323,Mrilo,HUILERIE,f01e09e1-75f5-4843-b799-8b0567804a58,Mrilo,infra.huilerie_inventaire_pollution,0.0,0.74,MEDIUM_CONFIDENCE,DUPLICATE_EXACT,1,MANUAL_REVIEW_REQUIRED,distance=0.00m; nom=1.00; commune=0.00; priorite=4,#f59e0b,alert-triangle,MEDIUM_CONFIDENCE,POINT(595762 414085),POINT(595762 414085),POINT(595762 414085),POINT(595762 414085)
1bef78c1-c124-4b55-8987-70d25df01a38,e60088e9-cf94-4e41-ae65-a5390866b4b8,infra.huilerie,326,M'tioua nabat,HUILERIE,72bde6ed-a382-42ec-8665-339004136c6c,M'tioua nabat,infra.huilerie_inventaire_pollution,0.0,0.74,MEDIUM_CONFIDENCE,DUPLICATE_EXACT,1,MANUAL_REVIEW_REQUIRED,distance=0.00m; nom=1.00; commune=0.00; priorite=4,#f59e0b,alert-triangle,MEDIUM_CONFIDENCE,POINT(594405 417068),POINT(594405 417068),POINT(594405 417068),POINT(594405 417068)
7b2c4dfc-3c62-461c-b482-e96f84bae251,e60088e9-cf94-4e41-ae65-a5390866b4b8,infra.huilerie,364,Maasra tfazza,HUILERIE,eb2718a9-ce48-4c82-b85b-3ccbc1058a3e,Maasra tfazza,infra.huilerie_inventaire_pollution,0.0,0.74,MEDIUM_CONFIDENCE,DUPLICATE_EXACT,1,MANUAL_REVIEW_REQUIRED,distance=0.00m; nom=1.00; commune=0.00; priorite=4,#f59e0b,alert-triangle,MEDIUM_CONFIDENCE,POINT(593107 411301),POINT(593107 411301),POINT(593107 411301),POINT(593107 411301)
97d5c01c-29a9-4f9c-aedf-2abfe08bd124,e60088e9-cf94-4e41-ae65-a5390866b4b8,infra.huilerie,370,Maasra el asri,HUILERIE,e90ca716-6e52-46b7-aa08-78d99904b3e3,Maasra el asri,infra.huilerie_inventaire_pollution,0.0,0.74,MEDIUM_CONFIDENCE,DUPLICATE_EXACT,1,MANUAL_REVIEW_REQUIRED,distance=0.00m; nom=1.00; commune=0.00; priorite=4,#f59e0b,alert-triangle,MEDIUM_CONFIDENCE,POINT(599665 424387),POINT(599665 424387),POINT(599665 424387),POINT(599665 424387)
027a93e2-34f4-4a50-9f4a-06f17d3ace35,e60088e9-cf94-4e41-ae65-a5390866b4b8,infra.huilerie,325,Madrar,HUILERIE,02af4b57-1117-4e70-bcce-3c884cdeb143,Madrar,infra.huilerie_inventaire_pollution,0.0,0.74,MEDIUM_CONFIDENCE,DUPLICATE_EXACT,1,MANUAL_REVIEW_REQUIRED,distance=0.00m; nom=1.00; commune=0.00; priorite=4,#f59e0b,alert-triangle,MEDIUM_CONFIDENCE,POINT(611677 415488),POINT(611677 415488),POINT(611677 415488),POINT(611677 415488)
5cb02a65-baec-4e98-83ff-e05eac837519,e60088e9-cf94-4e41-ae65-a5390866b4b8,infra.huilerie,366,Coopérative el keir 1,HUILERIE,1d6e155c-0729-4420-9e11-9fba9b6311f3,Coopérative el keir 1,infra.huilerie_inventaire_pollution,0.0,0.74,MEDIUM_CONFIDENCE,DUPLICATE_EXACT,1,MANUAL_REVIEW_REQUIRED,distance=0.00m; nom=1.00; commune=0.00; priorite=4,#f59e0b,alert-triangle,MEDIUM_CONFIDENCE,POINT(634443 391245),POINT(634443 391245),POINT(634443 391245),POINT(634443 391245)
b3d725f0-8bd0-487e-bd29-da9b610fe630,e60088e9-cf94-4e41-ae65-a5390866b4b8,infra.huilerie,367,Maasra bachari,HUILERIE,ff046558-dc25-4f96-ac61-2a47bdb96013,Maasra bachari,infra.huilerie_inventaire_pollution,0.0,0.74,MEDIUM_CONFIDENCE,DUPLICATE_EXACT,1,MANUAL_REVIEW_REQUIRED,distance=0.00m; nom=1.00; commune=0.00; priorite=4,#f59e0b,alert-triangle,MEDIUM_CONFIDENCE,POINT(633562 392964),POINT(633562 392964),POINT(633562 392964),POINT(633562 392964)
ac9b4fa2-44ff-4191-8f19-48ed18775af7,e60088e9-cf94-4e41-ae65-a5390866b4b8,infra.huilerie,368,Maasra abbadi,HUILERIE,09ab132e-3a7a-44d0-b087-cadb570fdbc5,Maasra abbadi,infra.huilerie_inventaire_pollution,0.0,0.74,MEDIUM_CONFIDENCE,DUPLICATE_EXACT,1,MANUAL_REVIEW_REQUIRED,distance=0.00m; nom=1.00; commune=0.00; priorite=4,#f59e0b,alert-triangle,MEDIUM_CONFIDENCE,POINT(633524 394704),POINT(633524 394704),POINT(633524 394704),POINT(633524 394704)
558bd0e2-bd55-4bb5-a44e-2e91ec99a615,e60088e9-cf94-4e41-ae65-a5390866b4b8,infra.huilerie,369,Coopérative el keir 2,HUILERIE,ff8293e8-fa68-42f0-a1c9-9a7307d03e01,Coopérative el keir 2,infra.huilerie_inventaire_pollution,0.0,0.74,MEDIUM_CONFIDENCE,DUPLICATE_EXACT,1,MANUAL_REVIEW_REQUIRED,distance=0.00m; nom=1.00; commune=0.00; priorite=4,#f59e0b,alert-triangle,MEDIUM_CONFIDENCE,POINT(633641 393580),POINT(633641 393580),POINT(633641 393580),POINT(633641 393580)
f270f344-586d-486a-b10a-f1cf09fd70a1,e60088e9-cf94-4e41-ae65-a5390866b4b8,infra.huilerie,318,Hida mbarka,HUILERIE,a8f4b352-02a4-455d-b9ec-dad5fbf6f52c,Hida mbarka,infra.huilerie_inventaire_pollution,0.0,0.74,MEDIUM_CONFIDENCE,DUPLICATE_EXACT,1,MANUAL_REVIEW_REQUIRED,distance=0.00m; nom=1.00; commune=0.00; priorite=4,#f59e0b,alert-triangle,MEDIUM_CONFIDENCE,POINT(622986 408519),POINT(622986 408519),POINT(622986 408519),POINT(622986 408519)
78a031c8-ca2c-4798-afb2-493e554dc281,e60088e9-cf94-4e41-ae65-a5390866b4b8,infra.huilerie,315,Sté chajara moubaraka,HUILERIE,0def6a1f-dd31-4f08-82e9-daf770363ff2,Sté chajara moubaraka,infra.huilerie_inventaire_pollution,0.0,0.74,MEDIUM_CONFIDENCE,DUPLICATE_EXACT,1,MANUAL_REVIEW_REQUIRED,distance=0.00m; nom=1.00; commune=0.00; priorite=4,#f59e0b,alert-triangle,MEDIUM_CONFIDENCE,POINT(617766 413418),POINT(617766 413418),POINT(617766 413418),POINT(617766 413418)
d4cdc931-0057-49fb-9dcf-d6eaa3ebe2cc,e60088e9-cf94-4e41-ae65-a5390866b4b8,infra.huilerie,316,Tizin tayda,HUILERIE,454e06d7-2460-4a3f-b6bd-3007b4480e4a,Tizin tayda,infra.huilerie_inventaire_pollution,0.0,0.74,MEDIUM_CONFIDENCE,DUPLICATE_EXACT,1,MANUAL_REVIEW_REQUIRED,distance=0.00m; nom=1.00; commune=0.00; priorite=4,#f59e0b,alert-triangle,MEDIUM_CONFIDENCE,POINT(618580 412888),POINT(618580 412888),POINT(618580 412888),POINT(618580 412888)
db58e2fd-19dc-4f75-9237-585dd202c124,e60088e9-cf94-4e41-ae65-a5390866b4b8,infra.huilerie,191,Huilerie Abdessalam ZOUINE,HUILERIE,937af28d-ec59-48ec-9a61-8070d03b0463,Huilerie Abdessalam ZOUINE,infra.huilerie_inventaire_pollution,0.0,0.74,MEDIUM_CONFIDENCE,DUPLICATE_EXACT,1,MANUAL_REVIEW_REQUIRED,distance=0.00m; nom=1.00; commune=0.00; priorite=4,#f59e0b,alert-triangle,MEDIUM_CONFIDENCE,POINT(497490 407447),POINT(497490 407447),POINT(497490 407447),POINT(497490 407447)
2688e8f6-c2bc-4d46-99da-c2e4872e7675,e60088e9-cf94-4e41-ae65-a5390866b4b8,infra.huilerie,192,Huilerie Abdelhadi AZIM,HUILERIE,77f3b7d2-84a0-4850-9326-72abfe093e4b,Huilerie Abdelhadi AZIM,infra.huilerie_inventaire_pollution,0.0,0.74,MEDIUM_CONFIDENCE,DUPLICATE_EXACT,1,MANUAL_REVIEW_REQUIRED,distance=0.00m; nom=1.00; commune=0.00; priorite=4,#f59e0b,alert-triangle,MEDIUM_CONFIDENCE,POINT(501785 402944),POINT(501785 402944),POINT(501785 402944),POINT(501785 402944)
50f9fe6f-bc7e-49cf-a9d7-5e6b52488ca5,e60088e9-cf94-4e41-ae65-a5390866b4b8,infra.huilerie,193,Coopérative agricole El Hassania,HUILERIE,22884afa-5981-4786-b283-245d73569d2d,Coopérative agricole El Hassania,infra.huilerie_inventaire_pollution,0.0,0.74,MEDIUM_CONFIDENCE,DUPLICATE_EXACT,1,MANUAL_REVIEW_REQUIRED,distance=0.00m; nom=1.00; commune=0.00; priorite=4,#f59e0b,alert-triangle,MEDIUM_CONFIDENCE,POINT(552169 394755),POINT(552169 394755),POINT(552169 394755),POINT(552169 394755)
9a176eaa-e22d-4540-875e-862ac56b51b0,e60088e9-cf94-4e41-ae65-a5390866b4b8,infra.huilerie,111,H.BOUAYAD,HUILERIE,9adb4369-be51-4eb6-8ef7-54ddf94d71a4,H.BOUAYAD,infra.huilerie_inventaire_pollution,0.4,0.74,HIGH_RISK,POSSIBLE_MATCH,2,MANUAL_REVIEW,distance=0.40m; nom=1.00; commune=0.00; priorite=4,#dc2626,x-octagon,HIGH_RISK,POINT(520040 382983),POINT(520040.24 382982.68),POINT(520040 382983),POINT(520040 382983)
ee3265c5-a718-410f-a55f-8905e20e621e,e60088e9-cf94-4e41-ae65-a5390866b4b8,infra.huilerie,116,H.EL JAOUDA,HUILERIE,31f15708-d334-4017-ab3b-bbea55e5f821,H.EL JAOUDA,infra.huilerie_inventaire_pollution,0.0,0.74,MEDIUM_CONFIDENCE,DUPLICATE_EXACT,1,MANUAL_REVIEW_REQUIRED,distance=0.00m; nom=1.00; commune=0.00; priorite=4,#f59e0b,alert-triangle,MEDIUM_CONFIDENCE,POINT(515926 383615),POINT(515926 383615),POINT(515926 383615),POINT(515926 383615)
bdede1cd-4ad1-4a7c-9dde-55ff047b2a8d,e60088e9-cf94-4e41-ae65-a5390866b4b8,infra.huilerie,117,H.EL BARAKA,HUILERIE,12443e98-d41e-474d-a5b1-779374f7a302,H.EL BARAKA,infra.huilerie_inventaire_pollution,0.0,0.74,MEDIUM_CONFIDENCE,DUPLICATE_EXACT,1,MANUAL_REVIEW_REQUIRED,distance=0.00m; nom=1.00; commune=0.00; priorite=4,#f59e0b,alert-triangle,MEDIUM_CONFIDENCE,POINT(515242 381378),POINT(515242 381378),POINT(515242 381378),POINT(515242 381378)
fd68120a-4ca6-4060-bae4-d3d3846d6bfe,e60088e9-cf94-4e41-ae65-a5390866b4b8,infra.huilerie,122,Ain Alah,HUILERIE,e94c4c78-860d-4b17-a66f-ba4376d11605,Ain Alah,infra.huilerie_inventaire_pollution,0.0,0.74,MEDIUM_CONFIDENCE,DUPLICATE_EXACT,1,MANUAL_REVIEW_REQUIRED,distance=0.00m; nom=1.00; commune=0.00; priorite=4,#f59e0b,alert-triangle,MEDIUM_CONFIDENCE,POINT(521745 382874),POINT(521745 382874),POINT(521745 382874),POINT(521745 382874)
74a4fcea-d312-455b-aedd-b2e30f3343cd,e60088e9-cf94-4e41-ae65-a5390866b4b8,infra.huilerie,126,ERRAHMA ,HUILERIE,748a88cb-3c54-4c9d-85eb-137dc72ea04c,ERRAHMA,infra.huilerie_inventaire_pollution,0.0,0.74,MEDIUM_CONFIDENCE,DUPLICATE_EXACT,1,MANUAL_REVIEW_REQUIRED,distance=0.00m; nom=1.00; commune=0.00; priorite=4,#f59e0b,alert-triangle,MEDIUM_CONFIDENCE,POINT(517253 383740),POINT(517253 383740),POINT(517253 383740),POINT(517253 383740)
d2a14815-6dbb-4fd2-8dab-a77f6f2fe176,e60088e9-cf94-4e41-ae65-a5390866b4b8,infra.huilerie,127,Zit Zitoun Al Baraka ,HUILERIE,8b08cd41-a4fe-4253-b3ca-1d798b74f715,Zit Zitoun Al Baraka,infra.huilerie_inventaire_pollution,0.0,0.74,MEDIUM_CONFIDENCE,DUPLICATE_EXACT,1,MANUAL_REVIEW_REQUIRED,distance=0.00m; nom=1.00; commune=0.00; priorite=4,#f59e0b,alert-triangle,MEDIUM_CONFIDENCE,POINT(515271 381350),POINT(515271 381350),POINT(515271 381350),POINT(515271 381350)
f87ed00b-c405-4f8a-b29b-9b6b1c18a0c3,e60088e9-cf94-4e41-ae65-a5390866b4b8,infra.huilerie,129,Adouyat,HUILERIE,55f6c676-1ac1-4244-a83f-eb76ab26feb8,Adouyat,infra.huilerie_inventaire_pollution,0.0,0.74,MEDIUM_CONFIDENCE,DUPLICATE_EXACT,1,MANUAL_REVIEW_REQUIRED,distance=0.00m; nom=1.00; commune=0.00; priorite=4,#f59e0b,alert-triangle,MEDIUM_CONFIDENCE,POINT(521878 379307),POINT(521878 379307),POINT(521878 379307),POINT(521878 379307)
814c29f3-6167-4186-b0f3-f0ff04f3fb2b,e60088e9-cf94-4e41-ae65-a5390866b4b8,infra.huilerie,134,OUED NJA  ,HUILERIE,27013b4b-79d6-4596-8a1c-cb5401ecda5d,OUED NJA,infra.huilerie_inventaire_pollution,0.0,0.74,MEDIUM_CONFIDENCE,DUPLICATE_EXACT,1,MANUAL_REVIEW_REQUIRED,distance=0.00m; nom=1.00; commune=0.00; priorite=4,#f59e0b,alert-triangle,MEDIUM_CONFIDENCE,POINT(519848 380646),POINT(519848 380646),POINT(519848 380646),POINT(519848 380646)
5e42ee07-d242-46cc-b1ad-6d3fc206d79a,e60088e9-cf94-4e41-ae65-a5390866b4b8,infra.huilerie,136,H.OULAD NAJAT,HUILERIE,a18f02aa-e75b-4bce-8d72-4099ce869c76,H.OULAD NAJAT,infra.huilerie_inventaire_pollution,0.4237924020349327,0.74,HIGH_RISK,POSSIBLE_MATCH,2,MANUAL_REVIEW,distance=0.42m; nom=1.00; commune=0.00; priorite=4,#dc2626,x-octagon,HIGH_RISK,POINT(519864 380655),POINT(519864.14 380654.6),POINT(519864 380655),POINT(519864 380655)
7e5c8b6b-ec7c-4a29-a5fe-7d30f670e7c2,e60088e9-cf94-4e41-ae65-a5390866b4b8,infra.huilerie,112,H.AIN SANIA,HUILERIE,ff9f454a-c0be-442d-b8db-22c5da5b642c,H.AIN SANIA,infra.huilerie_inventaire_pollution,0.4606517122898057,0.74,HIGH_RISK,POSSIBLE_MATCH,2,MANUAL_REVIEW,distance=0.46m; nom=1.00; commune=0.00; priorite=4,#dc2626,x-octagon,HIGH_RISK,POINT(537170 390467),POINT(537170.41 390467.21),POINT(537170 390467),POINT(537170 390467)
e258ee17-ae4f-4544-81a7-87619006567d,e60088e9-cf94-4e41-ae65-a5390866b4b8,infra.huilerie,118,H.MOULAY DRISS EL AZHAR,HUILERIE,a8f1aa7d-ab3f-4481-b88d-eecf17acb649,H.MOULAY DRISS EL AZHAR,infra.huilerie_inventaire_pollution,0.16763054613184608,0.74,HIGH_RISK,POSSIBLE_MATCH,2,MANUAL_REVIEW,distance=0.17m; nom=1.00; commune=0.00; priorite=4,#dc2626,x-octagon,HIGH_RISK,POINT(530057 391038),POINT(530057.05 391037.84),POINT(530057 391038),POINT(530057 391038)
435a36d6-aa64-4621-9e05-892e94d32055,e60088e9-cf94-4e41-ae65-a5390866b4b8,infra.huilerie,119,GIE LAMTA FES,HUILERIE,0dbae4c5-76f7-43a2-b9fe-fb0350f290de,GIE LAMTA FES,infra.huilerie_inventaire_pollution,0.38897300676966845,0.74,HIGH_RISK,POSSIBLE_MATCH,2,MANUAL_REVIEW,distance=0.39m; nom=1.00; commune=0.00; priorite=4,#dc2626,x-octagon,HIGH_RISK,POINT(534429 393873),POINT(534429.37 393872.88),POINT(534429 393873),POINT(534429 393873)
e17b6465-fb3c-4706-9435-8855b6c143b6,e60088e9-cf94-4e41-ae65-a5390866b4b8,infra.huilerie,137,"H,EL BARAKA",HUILERIE,ebf8fe79-81ae-402e-b2d1-7378571e268c,"H,EL BARAKA",infra.huilerie_inventaire_pollution,0.0,0.74,MEDIUM_CONFIDENCE,DUPLICATE_EXACT,1,MANUAL_REVIEW_REQUIRED,distance=0.00m; nom=1.00; commune=0.00; priorite=4,#f59e0b,alert-triangle,MEDIUM_CONFIDENCE,POINT(536552 390510),POINT(536552 390510),POINT(536552 390510),POINT(536552 390510)
52cd0b76-980e-4a90-b6f2-12b1a9d7cf3e,e60088e9-cf94-4e41-ae65-a5390866b4b8,infra.huilerie,138,"H,CHAJARA EL MOBARAKA",HUILERIE,ea5c5a68-be00-4414-bcf9-066ebc471585,"H,CHAJARA EL MOBARAKA",infra.huilerie_inventaire_pollution,0.0,0.74,MEDIUM_CONFIDENCE,DUPLICATE_EXACT,1,MANUAL_REVIEW_REQUIRED,distance=0.00m; nom=1.00; commune=0.00; priorite=4,#f59e0b,alert-triangle,MEDIUM_CONFIDENCE,POINT(534681 391557),POINT(534681 391557),POINT(534681 391557),POINT(534681 391557)
bab592fc-9ebd-4e61-acc5-468560801e0b,e60088e9-cf94-4e41-ae65-a5390866b4b8,infra.huilerie,179,Huilerie Mohamed BOUAANANI,HUILERIE,a198bdfa-dbc0-4220-98e8-74053319354e,Huilerie Mohamed BOUAANANI,infra.huilerie_inventaire_pollution,0.0,0.74,MEDIUM_CONFIDENCE,DUPLICATE_EXACT,1,MANUAL_REVIEW_REQUIRED,distance=0.00m; nom=1.00; commune=0.00; priorite=4,#f59e0b,alert-triangle,MEDIUM_CONFIDENCE,POINT(540840 388649),POINT(540840 388649),POINT(540840 388649),POINT(540840 388649)
31caa12b-84a5-43d9-b7a8-998c9cc90d4c,e60088e9-cf94-4e41-ae65-a5390866b4b8,infra.huilerie,180,Huilerie Mohamed KCHABOU,HUILERIE,0557b034-3232-4fc3-bce9-242c6da98898,Huilerie Mohamed KCHABOU,infra.huilerie_inventaire_pollution,0.0,0.74,MEDIUM_CONFIDENCE,DUPLICATE_EXACT,1,MANUAL_REVIEW_REQUIRED,distance=0.00m; nom=1.00; commune=0.00; priorite=4,#f59e0b,alert-triangle,MEDIUM_CONFIDENCE,POINT(537880 391120),POINT(537880 391120),POINT(537880 391120),POINT(537880 391120)
34bc5f0f-b257-47cc-b660-926527c8f157,e60088e9-cf94-4e41-ae65-a5390866b4b8,infra.huilerie,181,Coopérative GIO LEMTA,HUILERIE,e7b58078-1dde-488e-8c73-ab762edc81f6,Coopérative GIO LEMTA,infra.huilerie_inventaire_pollution,0.0,0.74,MEDIUM_CONFIDENCE,DUPLICATE_EXACT,1,MANUAL_REVIEW_REQUIRED,distance=0.00m; nom=1.00; commune=0.00; priorite=4,#f59e0b,alert-triangle,MEDIUM_CONFIDENCE,POINT(534447 393846),POINT(534447 393846),POINT(534447 393846),POINT(534447 393846)
491c070c-55db-4976-a001-5084094034e3,e60088e9-cf94-4e41-ae65-a5390866b4b8,infra.huilerie,182,Huilerie Boucheta HAMOUCH,HUILERIE,3695f834-3eeb-48c3-95e0-f995f5e6eb9c,Huilerie Boucheta HAMOUCH,infra.huilerie_inventaire_pollution,0.0,0.74,MEDIUM_CONFIDENCE,DUPLICATE_EXACT,1,MANUAL_REVIEW_REQUIRED,distance=0.00m; nom=1.00; commune=0.00; priorite=4,#f59e0b,alert-triangle,MEDIUM_CONFIDENCE,POINT(534020 395272),POINT(534020 395272),POINT(534020 395272),POINT(534020 395272)
4fcd2f05-27bb-4cfb-a8c1-349ac65572d1,e60088e9-cf94-4e41-ae65-a5390866b4b8,infra.huilerie,183,Huilerie Said BOUHTATA,HUILERIE,1a076af0-0d73-4ab9-8a2d-041398dd1c6f,Huilerie Said BOUHTATA,infra.huilerie_inventaire_pollution,0.0,0.74,MEDIUM_CONFIDENCE,DUPLICATE_EXACT,1,MANUAL_REVIEW_REQUIRED,distance=0.00m; nom=1.00; commune=0.00; priorite=4,#f59e0b,alert-triangle,MEDIUM_CONFIDENCE,POINT(536182 396807),POINT(536182 396807),POINT(536182 396807),POINT(536182 396807)
cd52f4b8-e68b-4c25-b07b-d7691d6743be,e60088e9-cf94-4e41-ae65-a5390866b4b8,infra.huilerie,184,Huilerie Abderrezak SATTOURI,HUILERIE,fd6c48d4-f7ca-41a9-94e6-031a46b94a88,Huilerie Abderrezak SATTOURI,infra.huilerie_inventaire_pollution,0.0,0.74,MEDIUM_CONFIDENCE,DUPLICATE_EXACT,1,MANUAL_REVIEW_REQUIRED,distance=0.00m; nom=1.00; commune=0.00; priorite=4,#f59e0b,alert-triangle,MEDIUM_CONFIDENCE,POINT(536631 394883),POINT(536631 394883),POINT(536631 394883),POINT(536631 394883)
4f2c9721-d8b9-4724-a1af-8e10a7a15a4a,e60088e9-cf94-4e41-ae65-a5390866b4b8,infra.huilerie,185,Huilerie Youssef SATTOURI,HUILERIE,470976f9-4741-4160-99c8-21f061bb327b,Huilerie Youssef SATTOURI,infra.huilerie_inventaire_pollution,0.0,0.74,MEDIUM_CONFIDENCE,DUPLICATE_EXACT,1,MANUAL_REVIEW_REQUIRED,distance=0.00m; nom=1.00; commune=0.00; priorite=4,#f59e0b,alert-triangle,MEDIUM_CONFIDENCE,POINT(536716 394853),POINT(536716 394853),POINT(536716 394853),POINT(536716 394853)
b5348d6c-abd6-4886-bf83-47f277276964,e60088e9-cf94-4e41-ae65-a5390866b4b8,infra.huilerie,186,Huilerie Abdellah HABI,HUILERIE,c3f5a350-481a-493e-be2a-667c1afa0440,Huilerie Abdellah HABI,infra.huilerie_inventaire_pollution,0.0,0.74,MEDIUM_CONFIDENCE,DUPLICATE_EXACT,1,MANUAL_REVIEW_REQUIRED,distance=0.00m; nom=1.00; commune=0.00; priorite=4,#f59e0b,alert-triangle,MEDIUM_CONFIDENCE,POINT(537773 395469),POINT(537773 395469),POINT(537773 395469),POINT(537773 395469)
f5a84d07-3bc0-4ce9-a780-c5865fb19f9a,e60088e9-cf94-4e41-ae65-a5390866b4b8,infra.huilerie,187,Huilerie Idriss BOUTEOUR,HUILERIE,207a00af-ec96-44c9-949b-15280304a914,Huilerie Idriss BOUTEOUR,infra.huilerie_inventaire_pollution,0.0,0.74,MEDIUM_CONFIDENCE,DUPLICATE_EXACT,1,MANUAL_REVIEW_REQUIRED,distance=0.00m; nom=1.00; commune=0.00; priorite=4,#f59e0b,alert-triangle,MEDIUM_CONFIDENCE,POINT(543163 397006),POINT(543163 397006),POINT(543163 397006),POINT(543163 397006)
8b023805-6409-4814-8fc9-e71cc665db4a,e60088e9-cf94-4e41-ae65-a5390866b4b8,infra.huilerie,188,Huilerie Bazio EL BARNOUSI,HUILERIE,20a3dbeb-bbff-4941-84fd-6443f001ecc8,Huilerie Bazio EL BARNOUSI,infra.huilerie_inventaire_pollution,0.0,0.74,MEDIUM_CONFIDENCE,DUPLICATE_EXACT,1,MANUAL_REVIEW_REQUIRED,distance=0.00m; nom=1.00; commune=0.00; priorite=4,#f59e0b,alert-triangle,MEDIUM_CONFIDENCE,POINT(541408 391546),POINT(541408 391546),POINT(541408 391546),POINT(541408 391546)
5b27aa02-173b-41ae-bb95-7f87a8bb1b4c,e60088e9-cf94-4e41-ae65-a5390866b4b8,infra.huilerie,189,Société BOUSTANE LEMTA,HUILERIE,0e1eee65-fe66-427e-9a01-1f2595339182,Société BOUSTANE LEMTA,infra.huilerie_inventaire_pollution,0.0,0.74,MEDIUM_CONFIDENCE,DUPLICATE_EXACT,1,MANUAL_REVIEW_REQUIRED,distance=0.00m; nom=1.00; commune=0.00; priorite=4,#f59e0b,alert-triangle,MEDIUM_CONFIDENCE,POINT(534252 391683),POINT(534252 391683),POINT(534252 391683),POINT(534252 391683)
7d310f39-364b-4b5d-aae1-68fd525e3658,e60088e9-cf94-4e41-ae65-a5390866b4b8,infra.huilerie,190,Huilerie Massoud EL SAYEBE,HUILERIE,b35ebb49-3ca5-41c0-8a1b-219606dbd984,Huilerie Massoud EL SAYEBE,infra.huilerie_inventaire_pollution,0.0,0.74,MEDIUM_CONFIDENCE,DUPLICATE_EXACT,1,MANUAL_REVIEW_REQUIRED,distance=0.00m; nom=1.00; commune=0.00; priorite=4,#f59e0b,alert-triangle,MEDIUM_CONFIDENCE,POINT(535004 394174),POINT(535004 394174),POINT(535004 394174),POINT(535004 394174)
bbce62db-9a8d-4b57-9964-a767db115277,e60088e9-cf94-4e41-ae65-a5390866b4b8,infra.huilerie,123,Mohamed Mokhlis ,HUILERIE,feb3b5de-1796-4326-b854-c2572f4ad816,Mohamed Mokhlis,infra.huilerie_inventaire_pollution,0.0,0.74,MEDIUM_CONFIDENCE,DUPLICATE_EXACT,1,MANUAL_REVIEW_REQUIRED,distance=0.00m; nom=1.00; commune=0.00; priorite=4,#f59e0b,alert-triangle,MEDIUM_CONFIDENCE,POINT(535686 371292),POINT(535686 371292),POINT(535686 371292),POINT(535686 371292)
5e0aecb5-ea71-4979-b22b-a459893f0093,e60088e9-cf94-4e41-ae65-a5390866b4b8,infra.huilerie,135,Fatna Said ,HUILERIE,6f46d7f3-79de-4992-ae53-f1e5aeff77dc,Fatna Said,infra.huilerie_inventaire_pollution,0.0,0.74,MEDIUM_CONFIDENCE,DUPLICATE_EXACT,1,MANUAL_REVIEW_REQUIRED,distance=0.00m; nom=1.00; commune=0.00; priorite=4,#f59e0b,alert-triangle,MEDIUM_CONFIDENCE,POINT(535702 372513),POINT(535702 372513),POINT(535702 372513),POINT(535702 372513)
bb841654-94f8-438f-8853-63075708b049,e60088e9-cf94-4e41-ae65-a5390866b4b8,infra.huilerie,140,"H,EL MASIRA",HUILERIE,2e1c7830-d70d-4491-8b9a-603772af536f,"H,EL MASIRA",infra.huilerie_inventaire_pollution,0.5693856338007829,0.74,HIGH_RISK,POSSIBLE_MATCH,2,MANUAL_REVIEW,distance=0.57m; nom=1.00; commune=0.00; priorite=4,#dc2626,x-octagon,HIGH_RISK,POINT(531600 375663),POINT(531600.49 375662.71),POINT(531600 375663),POINT(531600 375663)
e19be4d1-01d3-421c-b80e-f1d3cb1716fb,e60088e9-cf94-4e41-ae65-a5390866b4b8,infra.huilerie,36,STE.MABROUKA CHAYMA(ADBAR),HUILERIE,b39a1804-d79a-4101-afe1-91c5ada4d78b,STE.MABROUKA CHAYMA(ADBAR),infra.huilerie_inventaire_pollution,0.3401470270375268,0.74,HIGH_RISK,POSSIBLE_MATCH,2,MANUAL_REVIEW,distance=0.34m; nom=1.00; commune=0.00; priorite=4,#dc2626,x-octagon,HIGH_RISK,POINT(471089 353837),POINT(471088.86 353836.69),POINT(471089 353837),POINT(471089 353837)
e9471975-1c7c-4947-82b1-a9e342342cdf,e60088e9-cf94-4e41-ae65-a5390866b4b8,infra.huilerie,45,Huilerie ADEBAR,HUILERIE,eed041ce-f878-4097-8aab-4f7d352f9ac1,Huilerie ADEBAR,infra.huilerie_inventaire_pollution,0.0,0.74,MEDIUM_CONFIDENCE,DUPLICATE_EXACT,1,MANUAL_REVIEW_REQUIRED,distance=0.00m; nom=1.00; commune=0.00; priorite=4,#f59e0b,alert-triangle,MEDIUM_CONFIDENCE,POINT(471096 353841),POINT(471096 353841),POINT(471096 353841),POINT(471096 353841)
efb12523-ae01-4219-b563-49fbe4a9721e,e60088e9-cf94-4e41-ae65-a5390866b4b8,infra.huilerie,46,Huilerie BACHA,HUILERIE,5be75631-323f-4d45-a218-eb81f01906d1,Huilerie BACHA,infra.huilerie_inventaire_pollution,0.0,0.74,MEDIUM_CONFIDENCE,DUPLICATE_EXACT,1,MANUAL_REVIEW_REQUIRED,distance=0.00m; nom=1.00; commune=0.00; priorite=4,#f59e0b,alert-triangle,MEDIUM_CONFIDENCE,POINT(471122 353811),POINT(471122 353811),POINT(471122 353811),POINT(471122 353811)
040832da-b1b6-4c1f-9221-f4ca8f503156,e60088e9-cf94-4e41-ae65-a5390866b4b8,infra.huilerie,62,Huilerie Tifrite,HUILERIE,4457edcf-73f5-4e54-92ad-b6f5ae235f00,Huilerie Tifrite,infra.huilerie_inventaire_pollution,0.0,0.74,MEDIUM_CONFIDENCE,DUPLICATE_EXACT,1,MANUAL_REVIEW_REQUIRED,distance=0.00m; nom=1.00; commune=0.00; priorite=4,#f59e0b,alert-triangle,MEDIUM_CONFIDENCE,POINT(471393 353434),POINT(471393 353434),POINT(471393 353434),POINT(471393 353434)
683d3eac-65e9-4745-83c4-dc6aa3661b93,e60088e9-cf94-4e41-ae65-a5390866b4b8,infra.huilerie,65,H Al YOUMN ,HUILERIE,b2108fe1-bd30-4246-bb52-c5da42d9a54a,H Al YOUMN,infra.huilerie_inventaire_pollution,0.0,0.74,MEDIUM_CONFIDENCE,DUPLICATE_EXACT,1,MANUAL_REVIEW_REQUIRED,distance=0.00m; nom=1.00; commune=0.00; priorite=4,#f59e0b,alert-triangle,MEDIUM_CONFIDENCE,POINT(472121 351700),POINT(472121 351700),POINT(472121 351700),POINT(472121 351700)
550e77ad-338f-40df-905d-551f0986e1ee,e60088e9-cf94-4e41-ae65-a5390866b4b8,infra.huilerie,415,Huilerie Coopérative Idryssia,HUILERIE,9825b610-1bae-45c5-b2bf-5450b1a2ffeb,Huilerie Coopérative Idryssia,infra.huilerie_inventaire_pollution,0.0,0.74,MEDIUM_CONFIDENCE,DUPLICATE_EXACT,1,MANUAL_REVIEW_REQUIRED,distance=0.00m; nom=1.00; commune=0.00; priorite=4,#f59e0b,alert-triangle,MEDIUM_CONFIDENCE,POINT(472540 351156),POINT(472540 351156),POINT(472540 351156),POINT(472540 351156)
38d1d55a-e1f9-4c24-8f90-d413d9f7a728,e60088e9-cf94-4e41-ae65-a5390866b4b8,infra.huilerie,416,El Balghiti Idriss,HUILERIE,0dde1ce0-4673-40ce-b507-6e54ae0c9ba1,El Balghiti Idriss,infra.huilerie_inventaire_pollution,0.0,0.74,MEDIUM_CONFIDENCE,DUPLICATE_EXACT,1,MANUAL_REVIEW_REQUIRED,distance=0.00m; nom=1.00; commune=0.00; priorite=4,#f59e0b,alert-triangle,MEDIUM_CONFIDENCE,POINT(471969 355497),POINT(471969 355497),POINT(471969 355497),POINT(471969 355497)
8f57c560-eb05-458b-b3a1-ce600ba40bfe,e60088e9-cf94-4e41-ae65-a5390866b4b8,infra.huilerie,417,Jabour Ziane,HUILERIE,bbbde521-b558-4ca8-b25f-e2efa6155763,Jabour Ziane,infra.huilerie_inventaire_pollution,0.0,0.74,MEDIUM_CONFIDENCE,DUPLICATE_EXACT,1,MANUAL_REVIEW_REQUIRED,distance=0.00m; nom=1.00; commune=0.00; priorite=4,#f59e0b,alert-triangle,MEDIUM_CONFIDENCE,POINT(470817 354417),POINT(470817 354417),POINT(470817 354417),POINT(470817 354417)
2c945f1a-5d10-4467-90fc-57b89d9d6951,e60088e9-cf94-4e41-ae65-a5390866b4b8,infra.huilerie,418,Hassan El Harassi,HUILERIE,2748bb60-0487-4a0b-ab61-250363ea756f,Hassan El Harassi,infra.huilerie_inventaire_pollution,0.0,0.74,MEDIUM_CONFIDENCE,DUPLICATE_EXACT,1,MANUAL_REVIEW_REQUIRED,distance=0.00m; nom=1.00; commune=0.00; priorite=4,#f59e0b,alert-triangle,MEDIUM_CONFIDENCE,POINT(471118 353871),POINT(471118 353871),POINT(471118 353871),POINT(471118 353871)
eb0f9301-1111-40bf-a70c-e08d040d0387,e60088e9-cf94-4e41-ae65-a5390866b4b8,infra.huilerie,47,Maasra Talaa ,HUILERIE,5e69cb88-ff38-4ee2-90d4-6ce0261def8a,Maasra Talaa,infra.huilerie_inventaire_pollution,0.0,0.74,MEDIUM_CONFIDENCE,DUPLICATE_EXACT,1,MANUAL_REVIEW_REQUIRED,distance=0.00m; nom=1.00; commune=0.00; priorite=4,#f59e0b,alert-triangle,MEDIUM_CONFIDENCE,POINT(499669 363974),POINT(499669 363974),POINT(499669 363974),POINT(499669 363974)
c2fbec00-7435-48f2-b11a-1c2ba70a0dee,e60088e9-cf94-4e41-ae65-a5390866b4b8,infra.huilerie,48,Huilerie Zouhri ,HUILERIE,be88f6d2-95c7-4e13-946f-fe93a81ddd34,Huilerie Zouhri,infra.huilerie_inventaire_pollution,0.0,0.74,MEDIUM_CONFIDENCE,DUPLICATE_EXACT,1,MANUAL_REVIEW_REQUIRED,distance=0.00m; nom=1.00; commune=0.00; priorite=4,#f59e0b,alert-triangle,MEDIUM_CONFIDENCE,POINT(501750 368308),POINT(501750 368308),POINT(501750 368308),POINT(501750 368308)
156b3304-6b18-4639-b515-6a763b80eccc,e60088e9-cf94-4e41-ae65-a5390866b4b8,infra.huilerie,49,Huilerie El Hajoui Ikhouane,HUILERIE,91010e7e-94c2-4894-b565-2573063f598b,Huilerie El Hajoui Ikhouane,infra.huilerie_inventaire_pollution,0.0,0.74,MEDIUM_CONFIDENCE,DUPLICATE_EXACT,1,MANUAL_REVIEW_REQUIRED,distance=0.00m; nom=1.00; commune=0.00; priorite=4,#f59e0b,alert-triangle,MEDIUM_CONFIDENCE,POINT(501213 369082),POINT(501213 369082),POINT(501213 369082),POINT(501213 369082)
742a6bab-7d46-4049-8eef-fbf28a622082,e60088e9-cf94-4e41-ae65-a5390866b4b8,infra.huilerie,50,SVCM,HUILERIE,1e7bd290-3da8-4b33-9ec0-a0d6a1cd4b80,SVCM,infra.huilerie_inventaire_pollution,0.0,0.74,MEDIUM_CONFIDENCE,DUPLICATE_EXACT,1,MANUAL_REVIEW_REQUIRED,distance=0.00m; nom=1.00; commune=0.00; priorite=4,#f59e0b,alert-triangle,MEDIUM_CONFIDENCE,POINT(499765 365665),POINT(499765 365665),POINT(499765 365665),POINT(499765 365665)
2e60caa6-2d16-43b5-86eb-4eb7d2705ee3,e60088e9-cf94-4e41-ae65-a5390866b4b8,infra.huilerie,56,SOCIETE NORA,HUILERIE,2ab742ab-ef1d-47f3-9b4d-945ded034222,SOCIETE NORA,infra.huilerie_inventaire_pollution,0.0,0.74,MEDIUM_CONFIDENCE,DUPLICATE_EXACT,1,MANUAL_REVIEW_REQUIRED,distance=0.00m; nom=1.00; commune=0.00; priorite=4,#f59e0b,alert-triangle,MEDIUM_CONFIDENCE,POINT(502227 366828),POINT(502227 366828),POINT(502227 366828),POINT(502227 366828)
32b42eff-57d4-4cb8-b1c0-9611951a61dd,e60088e9-cf94-4e41-ae65-a5390866b4b8,infra.huilerie,477,Ste kenza amour et fils -SKAEF-,HUILERIE,04fda84a-3599-44b9-b7cd-5c840aa358ff,Ste kenza amour et fils -SKAEF-,infra.huilerie_inventaire_pollution,0.0,0.74,MEDIUM_CONFIDENCE,DUPLICATE_EXACT,1,MANUAL_REVIEW_REQUIRED,distance=0.00m; nom=1.00; commune=0.00; priorite=4,#f59e0b,alert-triangle,MEDIUM_CONFIDENCE,POINT(533888 382914),POINT(533888 382914),POINT(533888 382914),POINT(533888 382914)
ccaceafe-3589-4adc-86cb-edceec95a3d0,e60088e9-cf94-4e41-ae65-a5390866b4b8,infra.huilerie,478,sohna1,HUILERIE,7a560c6b-1342-458b-b936-b178b98485e9,sohna1,infra.huilerie_inventaire_pollution,0.0,0.74,MEDIUM_CONFIDENCE,DUPLICATE_EXACT,1,MANUAL_REVIEW_REQUIRED,distance=0.00m; nom=1.00; commune=0.00; priorite=4,#f59e0b,alert-triangle,MEDIUM_CONFIDENCE,POINT(533850 382743),POINT(533850 382743),POINT(533850 382743),POINT(533850 382743)
b9b178f0-6b73-43d0-bd06-61d28c0aefbc,e60088e9-cf94-4e41-ae65-a5390866b4b8,infra.huilerie,479,sohna2,HUILERIE,f3673005-fe22-4b9d-9123-5f4e366f5f29,sohna2,infra.huilerie_inventaire_pollution,0.0,0.74,MEDIUM_CONFIDENCE,DUPLICATE_EXACT,1,MANUAL_REVIEW_REQUIRED,distance=0.00m; nom=1.00; commune=0.00; priorite=4,#f59e0b,alert-triangle,MEDIUM_CONFIDENCE,POINT(533843 382708),POINT(533843 382708),POINT(533843 382708),POINT(533843 382708)
6441718b-362b-44da-a5e7-7db882d46cd4,e60088e9-cf94-4e41-ae65-a5390866b4b8,infra.huilerie,481,Ste Al Houda,HUILERIE,0510b632-f6dc-4ba8-a265-8dc21a9015a5,Ste Al Houda,infra.huilerie_inventaire_pollution,0.0,0.74,MEDIUM_CONFIDENCE,DUPLICATE_EXACT,1,MANUAL_REVIEW_REQUIRED,distance=0.00m; nom=1.00; commune=0.00; priorite=4,#f59e0b,alert-triangle,MEDIUM_CONFIDENCE,POINT(533830 382784),POINT(533830 382784),POINT(533830 382784),POINT(533830 382784)
85326ad1-da07-4258-8e59-9df2dc3f52ca,e60088e9-cf94-4e41-ae65-a5390866b4b8,infra.huilerie,483,Anas Sebti,HUILERIE,7b49b22b-ce5b-4dae-b638-e90767dc05e4,Anas Sebti,infra.huilerie_inventaire_pollution,0.0,0.74,MEDIUM_CONFIDENCE,DUPLICATE_EXACT,1,MANUAL_REVIEW_REQUIRED,distance=0.00m; nom=1.00; commune=0.00; priorite=4,#f59e0b,alert-triangle,MEDIUM_CONFIDENCE,POINT(533848 382389),POINT(533848 382389),POINT(533848 382389),POINT(533848 382389)
049b8496-1e7a-46a7-9965-2917b2734991,e60088e9-cf94-4e41-ae65-a5390866b4b8,infra.huilerie,484,Ste MEDAGRO,HUILERIE,a897b614-1afb-4bd8-9537-585a2dc91032,Ste MEDAGRO,infra.huilerie_inventaire_pollution,0.0,0.74,MEDIUM_CONFIDENCE,DUPLICATE_EXACT,1,MANUAL_REVIEW_REQUIRED,distance=0.00m; nom=1.00; commune=0.00; priorite=4,#f59e0b,alert-triangle,MEDIUM_CONFIDENCE,POINT(533857 382733),POINT(533857 382733),POINT(533857 382733),POINT(533857 382733)
7ef2f6e3-7f9d-4cfa-889f-e1d72142ad8a,e60088e9-cf94-4e41-ae65-a5390866b4b8,infra.huilerie,487,SICOC 1,HUILERIE,6eee0d0c-daa6-4deb-bce8-a109b5ca5d22,SICOC 1,infra.huilerie_inventaire_pollution,0.0,0.74,MEDIUM_CONFIDENCE,DUPLICATE_EXACT,1,MANUAL_REVIEW_REQUIRED,distance=0.00m; nom=1.00; commune=0.00; priorite=4,#f59e0b,alert-triangle,MEDIUM_CONFIDENCE,POINT(533894 382933),POINT(533894 382933),POINT(533894 382933),POINT(533894 382933)
7828dabc-6d9b-4c61-8f3d-5c4909def54a,e60088e9-cf94-4e41-ae65-a5390866b4b8,infra.huilerie,488,SICOC 2,HUILERIE,5dc9fcdf-845d-4ecf-9c9b-b8ead1eed11d,SICOC 2,infra.huilerie_inventaire_pollution,0.0,0.74,MEDIUM_CONFIDENCE,DUPLICATE_EXACT,1,MANUAL_REVIEW_REQUIRED,distance=0.00m; nom=1.00; commune=0.00; priorite=4,#f59e0b,alert-triangle,MEDIUM_CONFIDENCE,POINT(533864 382832),POINT(533864 382832),POINT(533864 382832),POINT(533864 382832)
a858c20a-0861-4007-b6f5-cc1570cd4ce3,e60088e9-cf94-4e41-ae65-a5390866b4b8,infra.huilerie,489,STE Annasere,HUILERIE,325a92bd-41ea-47ff-b429-d1edabbf5411,STE Annasere,infra.huilerie_inventaire_pollution,0.0,0.74,MEDIUM_CONFIDENCE,DUPLICATE_EXACT,1,MANUAL_REVIEW_REQUIRED,distance=0.00m; nom=1.00; commune=0.00; priorite=4,#f59e0b,alert-triangle,MEDIUM_CONFIDENCE,POINT(533694 382703),POINT(533694 382703),POINT(533694 382703),POINT(533694 382703)
586b8b42-a52e-48bf-b2f3-9590fc4d7bc1,e60088e9-cf94-4e41-ae65-a5390866b4b8,infra.huilerie,490,Agro Huiles,HUILERIE,ee3ceab6-5848-4139-8c5b-9ae3ed2c7189,Agro Huiles,infra.huilerie_inventaire_pollution,0.0,0.74,MEDIUM_CONFIDENCE,DUPLICATE_EXACT,1,MANUAL_REVIEW_REQUIRED,distance=0.00m; nom=1.00; commune=0.00; priorite=4,#f59e0b,alert-triangle,MEDIUM_CONFIDENCE,POINT(534218 382747),POINT(534218 382747),POINT(534218 382747),POINT(534218 382747)
d7e3cb28-8e34-4e55-b4f7-c044e0545274,e60088e9-cf94-4e41-ae65-a5390866b4b8,infra.huilerie,491,Bouayad bouenan,HUILERIE,22d6ff52-79db-4bca-8c79-983b2140c19e,Bouayad bouenan,infra.huilerie_inventaire_pollution,0.0,0.74,MEDIUM_CONFIDENCE,DUPLICATE_EXACT,1,MANUAL_REVIEW_REQUIRED,distance=0.00m; nom=1.00; commune=0.00; priorite=4,#f59e0b,alert-triangle,MEDIUM_CONFIDENCE,POINT(533576 382941),POINT(533576 382941),POINT(533576 382941),POINT(533576 382941)
54a5b321-2158-46fd-b03d-f14aa40642bc,e60088e9-cf94-4e41-ae65-a5390866b4b8,infra.huilerie,492,Marzouki Ali,HUILERIE,7c45d992-0f4c-458a-b9ac-da7cc6d1a126,Marzouki Ali,infra.huilerie_inventaire_pollution,0.0,0.74,MEDIUM_CONFIDENCE,DUPLICATE_EXACT,1,MANUAL_REVIEW_REQUIRED,distance=0.00m; nom=1.00; commune=0.00; priorite=4,#f59e0b,alert-triangle,MEDIUM_CONFIDENCE,POINT(533575 382954),POINT(533575 382954),POINT(533575 382954),POINT(533575 382954)
5440909b-f050-4765-98ff-de12067c5a77,e60088e9-cf94-4e41-ae65-a5390866b4b8,infra.huilerie,493,Sabhok,HUILERIE,22515a1d-239d-4de8-8eca-0827f1abcb1b,Sabhok,infra.huilerie_inventaire_pollution,0.0,0.74,MEDIUM_CONFIDENCE,DUPLICATE_EXACT,1,MANUAL_REVIEW_REQUIRED,distance=0.00m; nom=1.00; commune=0.00; priorite=4,#f59e0b,alert-triangle,MEDIUM_CONFIDENCE,POINT(533715 382822),POINT(533715 382822),POINT(533715 382822),POINT(533715 382822)
2f1aae8e-4acb-40f6-9a7c-b711ceacb77a,e60088e9-cf94-4e41-ae65-a5390866b4b8,infra.huilerie,494,Maroc Food ,HUILERIE,010e8af0-846d-48e2-ba22-522d8f19447d,Maroc Food,infra.huilerie_inventaire_pollution,0.0,0.74,MEDIUM_CONFIDENCE,DUPLICATE_EXACT,1,MANUAL_REVIEW_REQUIRED,distance=0.00m; nom=1.00; commune=0.00; priorite=4,#f59e0b,alert-triangle,MEDIUM_CONFIDENCE,POINT(533546 382614),POINT(533546 382614),POINT(533546 382614),POINT(533546 382614)
d7dfdce8-8571-4bf2-8ac3-e6b332909ce6,e60088e9-cf94-4e41-ae65-a5390866b4b8,infra.huilerie,495,Ste pro négoce said,HUILERIE,50e61087-35c9-452a-9e8c-777d1bc5750e,Ste pro négoce said,infra.huilerie_inventaire_pollution,0.0,0.74,MEDIUM_CONFIDENCE,DUPLICATE_EXACT,1,MANUAL_REVIEW_REQUIRED,distance=0.00m; nom=1.00; commune=0.00; priorite=4,#f59e0b,alert-triangle,MEDIUM_CONFIDENCE,POINT(534369 382692),POINT(534369 382692),POINT(534369 382692),POINT(534369 382692)
28cd0485-4ea1-48a5-8dc7-61291fd6a649,e60088e9-cf94-4e41-ae65-a5390866b4b8,infra.huilerie,496,Ste Abbas ben Makhlouf,HUILERIE,4e68ea89-f5b0-43a1-91e6-e31be3cc3033,Ste Abbas ben Makhlouf,infra.huilerie_inventaire_pollution,0.0,0.74,MEDIUM_CONFIDENCE,DUPLICATE_EXACT,1,MANUAL_REVIEW_REQUIRED,distance=0.00m; nom=1.00; commune=0.00; priorite=4,#f59e0b,alert-triangle,MEDIUM_CONFIDENCE,POINT(533723 382858),POINT(533723 382858),POINT(533723 382858),POINT(533723 382858)
f39db644-679d-437e-af70-793421a8a6b6,e60088e9-cf94-4e41-ae65-a5390866b4b8,infra.huilerie,498,Ste Alaoui mdaghri,HUILERIE,dc8a6ae4-f6f8-4d82-86ab-cb1f74cb0661,Ste Alaoui mdaghri,infra.huilerie_inventaire_pollution,0.0,0.74,MEDIUM_CONFIDENCE,DUPLICATE_EXACT,1,MANUAL_REVIEW_REQUIRED,distance=0.00m; nom=1.00; commune=0.00; priorite=4,#f59e0b,alert-triangle,MEDIUM_CONFIDENCE,POINT(533686 382843),POINT(533686 382843),POINT(533686 382843),POINT(533686 382843)
905a3b62-18bf-445e-9d11-813faabc209a,e60088e9-cf94-4e41-ae65-a5390866b4b8,infra.huilerie,499,Faraji,HUILERIE,31d0fd0c-8eef-45d4-9282-f26fe8ae6bc3,Faraji,infra.huilerie_inventaire_pollution,0.0,0.74,MEDIUM_CONFIDENCE,DUPLICATE_EXACT,1,MANUAL_REVIEW_REQUIRED,distance=0.00m; nom=1.00; commune=0.00; priorite=4,#f59e0b,alert-triangle,MEDIUM_CONFIDENCE,POINT(533827 382578),POINT(533827 382578),POINT(533827 382578),POINT(533827 382578)
92db0100-5a61-47a1-9794-7ae16f61aef1,e60088e9-cf94-4e41-ae65-a5390866b4b8,infra.huilerie,500,Errahmouni,HUILERIE,9a396fc9-5b52-4616-914e-18ea58aff413,Errahmouni,infra.huilerie_inventaire_pollution,0.0,0.74,MEDIUM_CONFIDENCE,DUPLICATE_EXACT,1,MANUAL_REVIEW_REQUIRED,distance=0.00m; nom=1.00; commune=0.00; priorite=4,#f59e0b,alert-triangle,MEDIUM_CONFIDENCE,POINT(534437 382603),POINT(534437 382603),POINT(534437 382603),POINT(534437 382603)
29a81285-2110-4ab5-84b7-0572cf93e87f,e60088e9-cf94-4e41-ae65-a5390866b4b8,infra.huilerie,502,Ste LARABI,HUILERIE,17c1b4b9-8b52-4394-b16a-7f2d3fd9a316,Ste LARABI,infra.huilerie_inventaire_pollution,0.0,0.74,MEDIUM_CONFIDENCE,DUPLICATE_EXACT,1,MANUAL_REVIEW_REQUIRED,distance=0.00m; nom=1.00; commune=0.00; priorite=4,#f59e0b,alert-triangle,MEDIUM_CONFIDENCE,POINT(534421 382930),POINT(534421 382930),POINT(534421 382930),POINT(534421 382930)
218f333f-2dd7-4e48-91fd-6f3b79ea59c4,e60088e9-cf94-4e41-ae65-a5390866b4b8,infra.huilerie,503,Ste Bouayad et fils,HUILERIE,f219dc89-d501-4604-a878-35c1cf736132,Ste Bouayad et fils,infra.huilerie_inventaire_pollution,0.0,0.74,MEDIUM_CONFIDENCE,DUPLICATE_EXACT,1,MANUAL_REVIEW_REQUIRED,distance=0.00m; nom=1.00; commune=0.00; priorite=4,#f59e0b,alert-triangle,MEDIUM_CONFIDENCE,POINT(536195 380807),POINT(536195 380807),POINT(536195 380807),POINT(536195 380807)
c089a239-620d-45f9-a2d8-19bece7c43ab,e60088e9-cf94-4e41-ae65-a5390866b4b8,infra.huilerie_inventaire_pollution,6191e801-18b9-4602-a309-a474b1a9083d,Abd Errahmane Outaleb,HUILERIE,86a72638-02dd-4894-950e-93ded7912d0f,Abd Errahmane Outaleb,infra.huilerie_inventaire_pollution,0.0,0.925,HIGH_CONFIDENCE,DUPLICATE_EXACT,1,MANUAL_REVIEW_REQUIRED,distance=0.00m; nom=1.00; commune=1.00; priorite=5,#2563eb,check-circle,HIGH_CONFIDENCE,POINT(475939 357189),POINT(475939 357189),POINT(475939 357189),POINT(475939 357189)
87c31ff0-3504-4935-92cb-1341cd5cbbe1,e60088e9-cf94-4e41-ae65-a5390866b4b8,infra.huilerie_inventaire_pollution,9bd8390a-1116-4d89-b380-b37b5d73468b,Abdelaziz Lkhayat,HUILERIE,66d005c6-87ab-436c-bacb-394dfe8ecd4f,Abdelaziz Lkhayat,infra.huilerie_inventaire_pollution,0.0,0.925,HIGH_CONFIDENCE,DUPLICATE_EXACT,1,MANUAL_REVIEW_REQUIRED,distance=0.00m; nom=1.00; commune=1.00; priorite=5,#2563eb,check-circle,HIGH_CONFIDENCE,POINT(500080.596 387284.282),POINT(500080.596 387284.282),POINT(500080.596 387284.282),POINT(500080.596 387284.282)
da1253cf-3ff5-4a5a-9226-a5fecf46ebbd,e60088e9-cf94-4e41-ae65-a5390866b4b8,infra.huilerie_inventaire_pollution,c124e975-f6a1-4de6-89ad-5fea521bb6bf,Abdelouahab Lehgui,HUILERIE,c3d81ada-4817-445d-8633-cae94e99bd2d,Abdelouahab Lehgui,infra.huilerie_inventaire_pollution,0.0,0.925,HIGH_CONFIDENCE,DUPLICATE_EXACT,1,MANUAL_REVIEW_REQUIRED,distance=0.00m; nom=1.00; commune=1.00; priorite=5,#2563eb,check-circle,HIGH_CONFIDENCE,POINT(510822 376457),POINT(510822 376457),POINT(510822 376457),POINT(510822 376457)
b14e8522-fb8b-4f40-9e18-ae3a4617b01c,e60088e9-cf94-4e41-ae65-a5390866b4b8,infra.huilerie_inventaire_pollution,d9621775-4b37-43fe-9113-7c11f950040e,Abdlaoui,HUILERIE,adfcaeff-06c5-4729-a20b-74e72ed8bf6e,Abdlaoui,infra.huilerie_inventaire_pollution,0.0,0.925,HIGH_CONFIDENCE,DUPLICATE_EXACT,1,MANUAL_REVIEW_REQUIRED,distance=0.00m; nom=1.00; commune=1.00; priorite=5,#2563eb,check-circle,HIGH_CONFIDENCE,POINT(622388 404422),POINT(622388 404422),POINT(622388 404422),POINT(622388 404422)
3715240c-506f-41d7-83eb-1af51146da1d,e60088e9-cf94-4e41-ae65-a5390866b4b8,infra.huilerie_inventaire_pollution,91b20f17-8194-44db-bf32-0efb7c47acb4,Abou Karim,HUILERIE,bbc96a55-7d83-4699-88f5-37c50dd66604,Abou Karim,infra.huilerie_inventaire_pollution,0.0,0.925,HIGH_CONFIDENCE,DUPLICATE_EXACT,1,MANUAL_REVIEW_REQUIRED,distance=0.00m; nom=1.00; commune=1.00; priorite=5,#2563eb,check-circle,HIGH_CONFIDENCE,POINT(512297 374396),POINT(512297 374396),POINT(512297 374396),POINT(512297 374396)
71ca9738-2f3e-4b53-9ee2-8413aae8cd9c,e60088e9-cf94-4e41-ae65-a5390866b4b8,infra.huilerie_inventaire_pollution,b562ed7b-ad7e-4660-824e-bd7c32224666,ABOUSSAAD,HUILERIE,dc892f54-47f7-4847-9198-71c67d3d9172,ABOUSSAAD,infra.huilerie_inventaire_pollution,0.0,0.925,HIGH_CONFIDENCE,DUPLICATE_EXACT,1,MANUAL_REVIEW_REQUIRED,distance=0.00m; nom=1.00; commune=1.00; priorite=5,#2563eb,check-circle,HIGH_CONFIDENCE,POINT(542786 464081),POINT(542786 464081),POINT(542786 464081),POINT(542786 464081)
880c1122-f8bc-4ced-b938-a6116501a0f0,e60088e9-cf94-4e41-ae65-a5390866b4b8,infra.huilerie_inventaire_pollution,3bd426cd-4589-440c-a77c-39aa8d1bce15,Achbar,HUILERIE,edf55a5f-d476-4c8a-9c2a-ee9013be81d4,Achbar,infra.huilerie_inventaire_pollution,0.0,0.925,HIGH_CONFIDENCE,DUPLICATE_EXACT,1,MANUAL_REVIEW_REQUIRED,distance=0.00m; nom=1.00; commune=1.00; priorite=5,#2563eb,check-circle,HIGH_CONFIDENCE,POINT(593782 376002),POINT(593782 376002),POINT(593782 376002),POINT(593782 376002)
2b41caad-3c11-4440-83fd-ba1a5f0f67b2,e60088e9-cf94-4e41-ae65-a5390866b4b8,infra.huilerie_inventaire_pollution,947d3da2-abbd-4e70-8d7e-c05bc820745e,Achbari Chaib,HUILERIE,05bc414b-1587-420b-87ef-fef50a71687c,Achbari Chaib,infra.huilerie_inventaire_pollution,0.0,0.925,HIGH_CONFIDENCE,DUPLICATE_EXACT,1,MANUAL_REVIEW_REQUIRED,distance=0.00m; nom=1.00; commune=1.00; priorite=5,#2563eb,check-circle,HIGH_CONFIDENCE,POINT(478524 355480),POINT(478524 355480),POINT(478524 355480),POINT(478524 355480)
c4455e09-8b39-42e9-adad-48f654125f7e,e60088e9-cf94-4e41-ae65-a5390866b4b8,infra.huilerie_inventaire_pollution,4b76959e-41dc-44ae-a6fe-fce2887e861e,Adouyat,HUILERIE,55f6c676-1ac1-4244-a83f-eb76ab26feb8,Adouyat,infra.huilerie_inventaire_pollution,0.0,0.925,HIGH_CONFIDENCE,DUPLICATE_EXACT,1,MANUAL_REVIEW_REQUIRED,distance=0.00m; nom=1.00; commune=1.00; priorite=5,#2563eb,check-circle,HIGH_CONFIDENCE,POINT(521878 379307),POINT(521878 379307),POINT(521878 379307),POINT(521878 379307)
ee72ccfa-935c-4d7f-9678-6a6ad027d498,e60088e9-cf94-4e41-ae65-a5390866b4b8,infra.huilerie_inventaire_pollution,3c393312-47e2-46fa-ac85-bbbb570e3cb1,Aghbal,HUILERIE,76b41a0d-6d5a-4736-8cf9-da2fe2400823,Aghbal,infra.huilerie_inventaire_pollution,0.0,0.925,HIGH_CONFIDENCE,DUPLICATE_EXACT,1,MANUAL_REVIEW_REQUIRED,distance=0.00m; nom=1.00; commune=1.00; priorite=5,#2563eb,check-circle,HIGH_CONFIDENCE,POINT(601875 388695),POINT(601875 388695),POINT(601875 388695),POINT(601875 388695)
7f47fd1d-d968-4d3a-812b-cf72dad80aaf,e60088e9-cf94-4e41-ae65-a5390866b4b8,infra.huilerie_inventaire_pollution,ed479b72-2d0d-489a-aead-e2c4c183eb18,Agri M'Haya,HUILERIE,bfbdf87b-4efb-49f9-a248-6687e2a5b40d,Agri M'Haya,infra.huilerie_inventaire_pollution,0.0,0.925,HIGH_CONFIDENCE,DUPLICATE_EXACT,1,MANUAL_REVIEW_REQUIRED,distance=0.00m; nom=1.00; commune=1.00; priorite=5,#2563eb,check-circle,HIGH_CONFIDENCE,POINT(512347 374426),POINT(512347 374426),POINT(512347 374426),POINT(512347 374426)
f4149a0a-ed43-4c8f-b61c-98145bc006be,e60088e9-cf94-4e41-ae65-a5390866b4b8,infra.huilerie_inventaire_pollution,ebf8d47a-8830-425b-8c08-353f4f3ecaba,Agro Huiles,HUILERIE,ee3ceab6-5848-4139-8c5b-9ae3ed2c7189,Agro Huiles,infra.huilerie_inventaire_pollution,0.0,0.725,MEDIUM_CONFIDENCE,DUPLICATE_EXACT,1,MANUAL_REVIEW_REQUIRED,distance=0.00m; nom=1.00; commune=0.00; priorite=5,#f59e0b,alert-triangle,MEDIUM_CONFIDENCE,POINT(534218 382747),POINT(534218 382747),POINT(534218 382747),POINT(534218 382747)
dee15a73-5bd6-4011-a415-96abcfc9cf2e,e60088e9-cf94-4e41-ae65-a5390866b4b8,infra.huilerie_inventaire_pollution,4c167cd4-9580-4868-8484-452d6264b2bb,AHMED BOUHSABA1,HUILERIE,32aeb5b4-c38f-4bdb-92d4-bf8a94906b17,AHMED BOUHSABA1,infra.huilerie_inventaire_pollution,0.0,0.925,HIGH_CONFIDENCE,DUPLICATE_EXACT,1,MANUAL_REVIEW_REQUIRED,distance=0.00m; nom=1.00; commune=1.00; priorite=5,#2563eb,check-circle,HIGH_CONFIDENCE,POINT(494384 369822),POINT(494384 369822),POINT(494384 369822),POINT(494384 369822)
cf5cd6b5-843e-4577-a293-94223170d8b6,e60088e9-cf94-4e41-ae65-a5390866b4b8,infra.huilerie_inventaire_pollution,df435249-d65b-4635-b641-ec574b3df6ae,Ahmed el khider,HUILERIE,90f3960b-5c85-4f8a-aa7d-a58204d50ba3,Ahmed el khider,infra.huilerie_inventaire_pollution,0.0,0.925,HIGH_CONFIDENCE,DUPLICATE_EXACT,1,MANUAL_REVIEW_REQUIRED,distance=0.00m; nom=1.00; commune=1.00; priorite=5,#2563eb,check-circle,HIGH_CONFIDENCE,POINT(502770 370078),POINT(502770 370078),POINT(502770 370078),POINT(502770 370078)
38f92f6d-db9b-48de-8a1d-d167fc74370e,e60088e9-cf94-4e41-ae65-a5390866b4b8,infra.huilerie_inventaire_pollution,de77f782-00a6-42b1-aa4c-ec684a3e8d8c,Ain Alah,HUILERIE,e94c4c78-860d-4b17-a66f-ba4376d11605,Ain Alah,infra.huilerie_inventaire_pollution,0.0,0.925,HIGH_CONFIDENCE,DUPLICATE_EXACT,1,MANUAL_REVIEW_REQUIRED,distance=0.00m; nom=1.00; commune=1.00; priorite=5,#2563eb,check-circle,HIGH_CONFIDENCE,POINT(521745 382874),POINT(521745 382874),POINT(521745 382874),POINT(521745 382874)
a6362879-bb55-42da-8d8d-ff9efc4f463f,e60088e9-cf94-4e41-ae65-a5390866b4b8,infra.huilerie_inventaire_pollution,90d1e60d-29c9-4f60-9e4b-ff8a73931faa,Ain Mandar,HUILERIE,a32a13ec-a661-4f4e-80b3-5d9da6289724,Ain Mandar,infra.huilerie_inventaire_pollution,0.0,0.925,HIGH_CONFIDENCE,DUPLICATE_EXACT,1,MANUAL_REVIEW_REQUIRED,distance=0.00m; nom=1.00; commune=1.00; priorite=5,#2563eb,check-circle,HIGH_CONFIDENCE,POINT(506114.23 454643.95),POINT(506114.23 454643.95),POINT(506114.23 454643.95),POINT(506114.23 454643.95)
2c22b550-b7da-4218-b047-ede9d2c87016,e60088e9-cf94-4e41-ae65-a5390866b4b8,infra.huilerie_inventaire_pollution,32faf141-934d-4f16-adb8-70318d2aba48,Ait ali ouahmed,HUILERIE,a541d0fc-6f7d-44db-8898-4d456142e5ce,Ait ali ouahmed,infra.huilerie_inventaire_pollution,0.0,0.925,HIGH_CONFIDENCE,DUPLICATE_EXACT,1,MANUAL_REVIEW_REQUIRED,distance=0.00m; nom=1.00; commune=1.00; priorite=5,#2563eb,check-circle,HIGH_CONFIDENCE,POINT(561993 370873),POINT(561993 370873),POINT(561993 370873),POINT(561993 370873)
84a8146c-a3f3-4efa-a268-c2a0025eca78,e60088e9-cf94-4e41-ae65-a5390866b4b8,infra.huilerie_inventaire_pollution,7d7f77c0-282a-46bb-a962-417354da131b,Ait El Maati Abd Ellah,HUILERIE,c38685b4-4fab-42b9-b547-2eafb3b86d2d,Ait El Maati Abd Ellah,infra.huilerie_inventaire_pollution,0.0,0.925,HIGH_CONFIDENCE,DUPLICATE_EXACT,1,MANUAL_REVIEW_REQUIRED,distance=0.00m; nom=1.00; commune=1.00; priorite=5,#2563eb,check-circle,HIGH_CONFIDENCE,POINT(475656 359660),POINT(475656 359660),POINT(475656 359660),POINT(475656 359660)
e07841b8-448c-48f7-b5ee-ebc7dfbbfca7,e60088e9-cf94-4e41-ae65-a5390866b4b8,infra.huilerie_inventaire_pollution,75885cc0-b17a-44b1-98ad-0bd293010cab,Ait El Maati Med,HUILERIE,91491ee0-09f5-41a1-b318-55074e5dc65e,Ait El Maati Med,infra.huilerie_inventaire_pollution,0.0,0.925,HIGH_CONFIDENCE,DUPLICATE_EXACT,1,MANUAL_REVIEW_REQUIRED,distance=0.00m; nom=1.00; commune=1.00; priorite=5,#2563eb,check-circle,HIGH_CONFIDENCE,POINT(475754 358941),POINT(475754 358941),POINT(475754 358941),POINT(475754 358941)
71d2d7e1-83b8-4e04-93e3-2f7a81e8bdbd,e60088e9-cf94-4e41-ae65-a5390866b4b8,infra.huilerie_inventaire_pollution,ed314de8-145e-462c-afba-f47cff1b6044,AJAMS,HUILERIE,7a7caa89-c98d-4acb-b6c5-462ef66a0895,AJAMS,infra.huilerie_inventaire_pollution,0.0,0.925,HIGH_CONFIDENCE,DUPLICATE_EXACT,1,MANUAL_REVIEW_REQUIRED,distance=0.00m; nom=1.00; commune=1.00; priorite=5,#2563eb,check-circle,HIGH_CONFIDENCE,POINT(498937.97 455748.48),POINT(498937.97 455748.48),POINT(498937.97 455748.48),POINT(498937.97 455748.48)
0605f805-e2ac-414e-aa8d-5da7451b2b8b,e60088e9-cf94-4e41-ae65-a5390866b4b8,infra.huilerie_inventaire_pollution,4676ce04-cc8d-4f9d-80d9-025e23b8d644,Aklla,HUILERIE,afe01b28-0f77-4940-bf9e-df1259a86adb,Aklla,infra.huilerie_inventaire_pollution,0.0,0.925,HIGH_CONFIDENCE,DUPLICATE_EXACT,1,MANUAL_REVIEW_REQUIRED,distance=0.00m; nom=1.00; commune=1.00; priorite=5,#2563eb,check-circle,HIGH_CONFIDENCE,POINT(604941 399514),POINT(604941 399514),POINT(604941 399514),POINT(604941 399514)
c18c0bdc-3625-4e85-850c-1e5c99a9c6e3,e60088e9-cf94-4e41-ae65-a5390866b4b8,infra.huilerie_inventaire_pollution,fe5dbdf6-ff6f-434f-90b6-8bb42ca11461,Al Jouira Alghinaoui,HUILERIE,113b9549-17f6-4f2a-bb6d-75c00136ded4,Al Jouira Alghinaoui,infra.huilerie_inventaire_pollution,0.0,0.925,HIGH_CONFIDENCE,DUPLICATE_EXACT,1,MANUAL_REVIEW_REQUIRED,distance=0.00m; nom=1.00; commune=1.00; priorite=5,#2563eb,check-circle,HIGH_CONFIDENCE,POINT(527024 400644),POINT(527024 400644),POINT(527024 400644),POINT(527024 400644)
62cdc4ce-fe37-49fe-ae7a-0f3261ecbb86,e60088e9-cf94-4e41-ae65-a5390866b4b8,infra.huilerie_inventaire_pollution,88085654-c578-4e3b-b20b-44224e8ec6a1,Al Mahmoudi,HUILERIE,3553520c-f5c0-4b11-b7bb-b64909203643,Al Mahmoudi,infra.huilerie_inventaire_pollution,0.0,0.925,HIGH_CONFIDENCE,DUPLICATE_EXACT,1,MANUAL_REVIEW_REQUIRED,distance=0.00m; nom=1.00; commune=1.00; priorite=5,#2563eb,check-circle,HIGH_CONFIDENCE,POINT(486807.48 464649.48),POINT(486807.48 464649.48),POINT(486807.48 464649.48),POINT(486807.48 464649.48)
2d3a6a29-dcef-42f6-a1ca-efd50a8faca9,e60088e9-cf94-4e41-ae65-a5390866b4b8,infra.huilerie_inventaire_pollution,e7ffe877-8e1c-44a0-a453-c4d75f052dd0,Al Mansoura,HUILERIE,8b59aa7e-5153-4fc1-b661-58cdd3b9cd00,Al Mansoura,infra.huilerie_inventaire_pollution,0.0,0.925,HIGH_CONFIDENCE,DUPLICATE_EXACT,1,MANUAL_REVIEW_REQUIRED,distance=0.00m; nom=1.00; commune=1.00; priorite=5,#2563eb,check-circle,HIGH_CONFIDENCE,POINT(489320.68 463070.23),POINT(489320.68 463070.23),POINT(489320.68 463070.23),POINT(489320.68 463070.23)
7b4aaaea-54c7-4103-8614-2bbb0b188930,e60088e9-cf94-4e41-ae65-a5390866b4b8,infra.huilerie_inventaire_pollution,31901b12-9c92-4161-8354-30f9423197fa,Al Marinyenne,HUILERIE,1b5268eb-280e-403a-9bb4-efab7e6e78e1,Al Marinyenne,infra.huilerie_inventaire_pollution,0.0,0.925,HIGH_CONFIDENCE,DUPLICATE_EXACT,1,MANUAL_REVIEW_REQUIRED,distance=0.00m; nom=1.00; commune=1.00; priorite=5,#2563eb,check-circle,HIGH_CONFIDENCE,POINT(491060.98 458543.58),POINT(491060.98 458543.58),POINT(491060.98 458543.58),POINT(491060.98 458543.58)
e63f8440-331d-4343-a84d-8a592ba7b308,e60088e9-cf94-4e41-ae65-a5390866b4b8,infra.huilerie_inventaire_pollution,f3fc194b-70ab-4db2-a223-f95512058158,Al Masmoudia,HUILERIE,3b05cc77-ffbf-4731-8e7a-d6fc4c218480,Al Masmoudia,infra.huilerie_inventaire_pollution,0.0,0.925,HIGH_CONFIDENCE,DUPLICATE_EXACT,1,MANUAL_REVIEW_REQUIRED,distance=0.00m; nom=1.00; commune=1.00; priorite=5,#2563eb,check-circle,HIGH_CONFIDENCE,POINT(467918.6 465477.99),POINT(467918.6 465477.99),POINT(467918.6 465477.99),POINT(467918.6 465477.99)
cff39937-4bdb-4da9-b872-725335e68374,e60088e9-cf94-4e41-ae65-a5390866b4b8,infra.huilerie_inventaire_pollution,edc121e0-5cab-452d-8d6f-c615d0ab2e19,ATTARI MOHAMED,HUILERIE,38793702-8f55-451e-bcfb-d30743bc1a5c,ATTARI MOHAMED,infra.huilerie_inventaire_pollution,0.0,0.925,HIGH_CONFIDENCE,DUPLICATE_EXACT,1,MANUAL_REVIEW_REQUIRED,distance=0.00m; nom=1.00; commune=1.00; priorite=5,#2563eb,check-circle,HIGH_CONFIDENCE,POINT(485705 380294),POINT(485705 380294),POINT(485705 380294),POINT(485705 380294)
b4a96e6d-a1a6-48c6-ba96-036ac8f9edd4,e60088e9-cf94-4e41-ae65-a5390866b4b8,infra.huilerie_inventaire_pollution,b9618954-31f3-4bf6-9b8b-d4d9656f26a8,Alhalouiyine,HUILERIE,68c2ef39-af73-46ee-8e9f-60ed84a20838,Alhalouiyine,infra.huilerie_inventaire_pollution,0.0,0.925,HIGH_CONFIDENCE,DUPLICATE_EXACT,1,MANUAL_REVIEW_REQUIRED,distance=0.00m; nom=1.00; commune=1.00; priorite=5,#2563eb,check-circle,HIGH_CONFIDENCE,POINT(498379.21 451161.18),POINT(498379.21 451161.18),POINT(498379.21 451161.18),POINT(498379.21 451161.18)
c69e2c1b-bff8-49ed-9ade-c6bb92c9dd6e,e60088e9-cf94-4e41-ae65-a5390866b4b8,infra.huilerie_inventaire_pollution,e0e34604-6310-4f48-9ffc-0b77d7636984,Amellal agro,HUILERIE,1dc1b9bd-3236-4a50-b0b7-fd818e3c481b,Amellal agro,infra.huilerie_inventaire_pollution,0.0,0.925,HIGH_CONFIDENCE,DUPLICATE_EXACT,1,MANUAL_REVIEW_REQUIRED,distance=0.00m; nom=1.00; commune=1.00; priorite=5,#2563eb,check-circle,HIGH_CONFIDENCE,POINT(592331 373362),POINT(592331 373362),POINT(592331 373362),POINT(592331 373362)
4461cfd5-dd1b-46a1-a8a2-fb2c9c646530,e60088e9-cf94-4e41-ae65-a5390866b4b8,infra.huilerie_inventaire_pollution,097d7536-a3a8-4b9a-9d71-637caf554720,Anas Sebti,HUILERIE,7b49b22b-ce5b-4dae-b638-e90767dc05e4,Anas Sebti,infra.huilerie_inventaire_pollution,0.0,0.725,MEDIUM_CONFIDENCE,DUPLICATE_EXACT,1,MANUAL_REVIEW_REQUIRED,distance=0.00m; nom=1.00; commune=0.00; priorite=5,#f59e0b,alert-triangle,MEDIUM_CONFIDENCE,POINT(533848 382389),POINT(533848 382389),POINT(533848 382389),POINT(533848 382389)
636e388d-9fd3-4bd6-aa27-dab2c71ee9a9,e60088e9-cf94-4e41-ae65-a5390866b4b8,infra.huilerie_inventaire_pollution,ff527a8a-7fa8-4ff4-824c-3e91f930d581,ANSSAM,HUILERIE,84f40d93-5d30-4643-a28a-f4f8123649d9,ANSSAM,infra.huilerie_inventaire_pollution,0.0,0.925,HIGH_CONFIDENCE,DUPLICATE_EXACT,1,MANUAL_REVIEW_REQUIRED,distance=0.00m; nom=1.00; commune=1.00; priorite=5,#2563eb,check-circle,HIGH_CONFIDENCE,POINT(598223 355516),POINT(598223 355516),POINT(598223 355516),POINT(598223 355516)
8ee91db8-b48f-4e60-9621-07c0d5ba19df,e60088e9-cf94-4e41-ae65-a5390866b4b8,infra.huilerie_inventaire_pollution,275b6db2-4849-4196-806a-ad6777322c09,Association Taskana,HUILERIE,5d420dc7-0e5e-4d12-8aab-2218256d701f,Association Taskana,infra.huilerie_inventaire_pollution,0.0,0.925,HIGH_CONFIDENCE,DUPLICATE_EXACT,1,MANUAL_REVIEW_REQUIRED,distance=0.00m; nom=1.00; commune=1.00; priorite=5,#2563eb,check-circle,HIGH_CONFIDENCE,POINT(539163 470644),POINT(539163 470644),POINT(539163 470644),POINT(539163 470644)
0cebb306-e51d-4fd5-8a21-2c9342cff9a1,e60088e9-cf94-4e41-ae65-a5390866b4b8,infra.huilerie_inventaire_pollution,e249af5d-9746-43c1-a383-0ef382347357,Bab Ezzhar,HUILERIE,ca489fd3-fbba-4caa-afd3-efaac0d55f6d,Bab Ezzhar,infra.huilerie_inventaire_pollution,0.0,0.925,HIGH_CONFIDENCE,DUPLICATE_EXACT,1,MANUAL_REVIEW_REQUIRED,distance=0.00m; nom=1.00; commune=1.00; priorite=5,#2563eb,check-circle,HIGH_CONFIDENCE,POINT(488059 384043),POINT(488059 384043),POINT(488059 384043),POINT(488059 384043)
c1c495fd-9cb5-4ecc-adeb-ee17a75f834d,e60088e9-cf94-4e41-ae65-a5390866b4b8,infra.huilerie_inventaire_pollution,49a0b922-e40d-410c-9132-1a146e8c03a4,Bab haoura,HUILERIE,c147cd72-d085-4ebd-bd19-7123c24e7e28,Bab haoura,infra.huilerie_inventaire_pollution,0.0,0.925,HIGH_CONFIDENCE,DUPLICATE_EXACT,1,MANUAL_REVIEW_REQUIRED,distance=0.00m; nom=1.00; commune=1.00; priorite=5,#2563eb,check-circle,HIGH_CONFIDENCE,POINT(600046 409070),POINT(600046 409070),POINT(600046 409070),POINT(600046 409070)
cf4969e8-c2fd-43d4-a699-38ca665c70f6,e60088e9-cf94-4e41-ae65-a5390866b4b8,infra.huilerie_inventaire_pollution,a22c5e1a-6942-47b2-a527-9cd8bf0b0058,BADAS,HUILERIE,e2078b14-7faa-42d9-9517-b1eba18ab3f4,BADAS,infra.huilerie_inventaire_pollution,0.0,0.925,HIGH_CONFIDENCE,DUPLICATE_EXACT,1,MANUAL_REVIEW_REQUIRED,distance=0.00m; nom=1.00; commune=1.00; priorite=5,#2563eb,check-circle,HIGH_CONFIDENCE,POINT(522160 396964),POINT(522160 396964),POINT(522160 396964),POINT(522160 396964)
5b753715-ec9b-4985-bb7a-feffd47e88c1,e60088e9-cf94-4e41-ae65-a5390866b4b8,infra.huilerie_inventaire_pollution,cfc2b55f-3e83-4fa9-8d4c-ec3892260141,Bakir Mustafa,HUILERIE,ac6176c6-6cf1-4264-97bc-436dda75cc16,Bakir Mustafa,infra.huilerie_inventaire_pollution,0.0,0.925,HIGH_CONFIDENCE,DUPLICATE_EXACT,1,MANUAL_REVIEW_REQUIRED,distance=0.00m; nom=1.00; commune=1.00; priorite=5,#2563eb,check-circle,HIGH_CONFIDENCE,POINT(502785.51 370347.336),POINT(502785.51 370347.336),POINT(502785.51 370347.336),POINT(502785.51 370347.336)
24299278-2932-4fc2-8dcc-b44a5756894d,e60088e9-cf94-4e41-ae65-a5390866b4b8,infra.huilerie_inventaire_pollution,5822a5af-3809-4553-9e0f-d70555e774ad,Barajlin,HUILERIE,6907e2b0-76f9-4e1c-8a13-6a24fb98a908,Barajlin,infra.huilerie_inventaire_pollution,0.0,0.925,HIGH_CONFIDENCE,DUPLICATE_EXACT,1,MANUAL_REVIEW_REQUIRED,distance=0.00m; nom=1.00; commune=1.00; priorite=5,#2563eb,check-circle,HIGH_CONFIDENCE,POINT(441351 348698),POINT(441351 348698),POINT(441351 348698),POINT(441351 348698)
30388e15-e662-43e8-9c2e-acdb21588b5e,e60088e9-cf94-4e41-ae65-a5390866b4b8,infra.huilerie_inventaire_pollution,24b8d147-89af-4e20-972d-44b84766b517,Baraka,HUILERIE,d78474b8-041a-4e68-bf4c-2ef330f9b421,Baraka,infra.huilerie_inventaire_pollution,0.0,0.925,HIGH_CONFIDENCE,DUPLICATE_EXACT,1,MANUAL_REVIEW_REQUIRED,distance=0.00m; nom=1.00; commune=1.00; priorite=5,#2563eb,check-circle,HIGH_CONFIDENCE,POINT(572113 452358),POINT(572113 452358),POINT(572113 452358),POINT(572113 452358)
6a3bce8d-e298-4bb0-901d-39f752a3047e,e60088e9-cf94-4e41-ae65-a5390866b4b8,infra.huilerie_inventaire_pollution,8a39fc18-4434-4d9d-8f93-198a4e07f64a,BARAKA,HUILERIE,6eadca42-a17c-4bd5-b835-964129ade136,BARAKA,infra.huilerie_inventaire_pollution,0.0,0.925,HIGH_CONFIDENCE,DUPLICATE_EXACT,1,MANUAL_REVIEW_REQUIRED,distance=0.00m; nom=1.00; commune=1.00; priorite=5,#2563eb,check-circle,HIGH_CONFIDENCE,POINT(552396.98 357816.72),POINT(552396.98 357816.72),POINT(552396.98 357816.72),POINT(552396.98 357816.72)
8cff1f03-e85c-4af1-a760-d1f2183cb427,e60088e9-cf94-4e41-ae65-a5390866b4b8,infra.huilerie_inventaire_pollution,85976281-6e7e-40fe-b1be-f90ecc9b4fdb,Baraka,HUILERIE,9acf3e36-6083-4df6-a623-b46b8645cedc,Baraka,infra.huilerie_inventaire_pollution,0.0,0.925,HIGH_CONFIDENCE,DUPLICATE_EXACT,1,MANUAL_REVIEW_REQUIRED,distance=0.00m; nom=1.00; commune=1.00; priorite=5,#2563eb,check-circle,HIGH_CONFIDENCE,POINT(579491 330298),POINT(579491 330298),POINT(579491 330298),POINT(579491 330298)
701af977-c64a-4b05-a595-9ae2afc6dd71,e60088e9-cf94-4e41-ae65-a5390866b4b8,infra.huilerie_inventaire_pollution,6d9eccfe-274f-41e6-b88a-8a193129b356,Bassatine Ouezzane,HUILERIE,e0438218-ea95-408a-99fe-d7b8a7ab0da9,Bassatine Ouezzane,infra.huilerie_inventaire_pollution,0.0,0.925,HIGH_CONFIDENCE,DUPLICATE_EXACT,1,MANUAL_REVIEW_REQUIRED,distance=0.00m; nom=1.00; commune=1.00; priorite=5,#2563eb,check-circle,HIGH_CONFIDENCE,POINT(488268.38 459601.12),POINT(488268.38 459601.12),POINT(488268.38 459601.12),POINT(488268.38 459601.12)
812434cb-f662-4722-a04e-8a85cafc1a55,e60088e9-cf94-4e41-ae65-a5390866b4b8,infra.huilerie_inventaire_pollution,8309be39-3f93-4f02-85f5-6b5e93118182,Bel Abbass,HUILERIE,78cd639d-69f2-442a-b228-9c89016823f7,Bel Abbass,infra.huilerie_inventaire_pollution,0.0,0.925,HIGH_CONFIDENCE,DUPLICATE_EXACT,1,MANUAL_REVIEW_REQUIRED,distance=0.00m; nom=1.00; commune=1.00; priorite=5,#2563eb,check-circle,HIGH_CONFIDENCE,POINT(488684 384253),POINT(488684 384253),POINT(488684 384253),POINT(488684 384253)
a470c36c-d213-4def-81e3-6f644a8c4f10,e60088e9-cf94-4e41-ae65-a5390866b4b8,infra.huilerie_inventaire_pollution,7907a356-a948-467e-ab9f-dedc7a04b582,Belaid M'hamad,HUILERIE,1f0a00a7-d06a-4b04-a5c9-2e87d95f4be9,Belaid M'hamad,infra.huilerie_inventaire_pollution,0.0,0.925,HIGH_CONFIDENCE,DUPLICATE_EXACT,1,MANUAL_REVIEW_REQUIRED,distance=0.00m; nom=1.00; commune=1.00; priorite=5,#2563eb,check-circle,HIGH_CONFIDENCE,POINT(499990 387059),POINT(499990 387059),POINT(499990 387059),POINT(499990 387059)
135b485b-d8e1-4143-b4b1-3a35bf88789f,e60088e9-cf94-4e41-ae65-a5390866b4b8,infra.huilerie_inventaire_pollution,ea09590f-1963-42a8-b519-b141dd25bc07,Belhaj,HUILERIE,47d278c7-a72f-404e-922d-a8e653222cc9,Belhaj,infra.huilerie_inventaire_pollution,0.0,0.925,HIGH_CONFIDENCE,DUPLICATE_EXACT,1,MANUAL_REVIEW_REQUIRED,distance=0.00m; nom=1.00; commune=1.00; priorite=5,#2563eb,check-circle,HIGH_CONFIDENCE,POINT(487184.13 460212.14),POINT(487184.13 460212.14),POINT(487184.13 460212.14),POINT(487184.13 460212.14)
30239c4b-a3ae-4a3a-99c1-e553bf762537,e60088e9-cf94-4e41-ae65-a5390866b4b8,infra.huilerie_inventaire_pollution,c66a74df-0bd3-4ab7-9767-36fab33de147,Belhaj Ali,HUILERIE,b3e20f90-a760-4055-ad8e-68971fadbd3f,Belhaj Ali,infra.huilerie_inventaire_pollution,0.0,0.925,HIGH_CONFIDENCE,DUPLICATE_EXACT,1,MANUAL_REVIEW_REQUIRED,distance=0.00m; nom=1.00; commune=1.00; priorite=5,#2563eb,check-circle,HIGH_CONFIDENCE,POINT(494207 379379),POINT(494207 379379),POINT(494207 379379),POINT(494207 379379)
9408eaac-622b-47ad-84f8-f2f68920ac85,e60088e9-cf94-4e41-ae65-a5390866b4b8,infra.huilerie_inventaire_pollution,2c10049d-c898-47b4-a710-9ce61a14055b,Ben salem Defaa,HUILERIE,91ecfb57-59a3-4eb8-a929-b8f690c656ed,Ben salem Defaa,infra.huilerie_inventaire_pollution,0.0,0.925,HIGH_CONFIDENCE,DUPLICATE_EXACT,1,MANUAL_REVIEW_REQUIRED,distance=0.00m; nom=1.00; commune=1.00; priorite=5,#2563eb,check-circle,HIGH_CONFIDENCE,POINT(501141 389355),POINT(501141 389355),POINT(501141 389355),POINT(501141 389355)
c881ab4a-6b50-44a6-9709-49742bcfe352,e60088e9-cf94-4e41-ae65-a5390866b4b8,infra.huilerie_inventaire_pollution,81763713-dadf-43ad-a108-cf2c640a8317,Bouaza Thami,HUILERIE,5d648bd6-91a3-4728-9aa0-adac7bb7188a,Bouaza Thami,infra.huilerie_inventaire_pollution,0.0,0.925,HIGH_CONFIDENCE,DUPLICATE_EXACT,1,MANUAL_REVIEW_REQUIRED,distance=0.00m; nom=1.00; commune=1.00; priorite=5,#2563eb,check-circle,HIGH_CONFIDENCE,POINT(494166 369205),POINT(494166 369205),POINT(494166 369205),POINT(494166 369205)
de393f6e-b602-439c-9ba2-d8aec30df0f5,e60088e9-cf94-4e41-ae65-a5390866b4b8,infra.huilerie_inventaire_pollution,56c0dffb-cf70-452b-9580-67eb1ecae09d,Benaouda allal,HUILERIE,494d1c2d-2340-49c5-8338-ac877911ca5c,Benaouda allal,infra.huilerie_inventaire_pollution,0.0,0.925,HIGH_CONFIDENCE,DUPLICATE_EXACT,1,MANUAL_REVIEW_REQUIRED,distance=0.00m; nom=1.00; commune=1.00; priorite=5,#2563eb,check-circle,HIGH_CONFIDENCE,POINT(497248 364862),POINT(497248 364862),POINT(497248 364862),POINT(497248 364862)
4ab4896c-390b-44d2-be68-04c06c91722b,e60088e9-cf94-4e41-ae65-a5390866b4b8,infra.huilerie_inventaire_pollution,9b1f317f-8cfb-4b40-8de8-41b9c42c2e75,Bengraa Khalid,HUILERIE,c209a3ad-ff98-4d25-a6f4-9c15ecfae708,Bengraa Khalid,infra.huilerie_inventaire_pollution,0.0,0.925,HIGH_CONFIDENCE,DUPLICATE_EXACT,1,MANUAL_REVIEW_REQUIRED,distance=0.00m; nom=1.00; commune=1.00; priorite=5,#2563eb,check-circle,HIGH_CONFIDENCE,POINT(502405 371780),POINT(502405 371780),POINT(502405 371780),POINT(502405 371780)
20d4382a-43c2-41a3-8ab9-46e1982d114b,e60088e9-cf94-4e41-ae65-a5390866b4b8,infra.huilerie_inventaire_pollution,7fe24f8d-c83e-4e40-bbaf-6bbcff487ead,Benslimane,HUILERIE,b4f2f52a-b9ca-476f-bef9-8bdbc13a52b1,Benslimane,infra.huilerie_inventaire_pollution,0.0,0.925,HIGH_CONFIDENCE,DUPLICATE_EXACT,1,MANUAL_REVIEW_REQUIRED,distance=0.00m; nom=1.00; commune=1.00; priorite=5,#2563eb,check-circle,HIGH_CONFIDENCE,POINT(471012.61 465476.04),POINT(471012.61 465476.04),POINT(471012.61 465476.04),POINT(471012.61 465476.04)
09f9de83-b64d-4ac7-a3ad-21ba07a7b428,e60088e9-cf94-4e41-ae65-a5390866b4b8,infra.huilerie_inventaire_pollution,8159b913-c1d1-49a8-8745-0934e1ffebb9,Bioliva,HUILERIE,695ba4c9-90cd-4b2a-8215-9e14c28f211b,Bioliva,infra.huilerie_inventaire_pollution,0.0,0.925,HIGH_CONFIDENCE,DUPLICATE_EXACT,1,MANUAL_REVIEW_REQUIRED,distance=0.00m; nom=1.00; commune=1.00; priorite=5,#2563eb,check-circle,HIGH_CONFIDENCE,POINT(540431 442370),POINT(540431 442370),POINT(540431 442370),POINT(540431 442370)
00f0b150-404a-4ae3-bb91-22a4d3efe1fa,e60088e9-cf94-4e41-ae65-a5390866b4b8,infra.huilerie_inventaire_pollution,c3c1eba2-10da-4433-a632-d77246b2ee61,BISMILLAH,HUILERIE,91c896b2-173f-44f8-b1fb-f73e52ea53ae,BISMILLAH,infra.huilerie_inventaire_pollution,0.0,0.925,HIGH_CONFIDENCE,DUPLICATE_EXACT,1,MANUAL_REVIEW_REQUIRED,distance=0.00m; nom=1.00; commune=1.00; priorite=5,#2563eb,check-circle,HIGH_CONFIDENCE,POINT(511822 374152),POINT(511822 374152),POINT(511822 374152),POINT(511822 374152)
fa4e3c9c-5423-448e-ae47-6ec0d166d51f,e60088e9-cf94-4e41-ae65-a5390866b4b8,infra.huilerie_inventaire_pollution,6ce0e627-1487-4611-bf4a-87e7f7d14777,Bit tamtam,HUILERIE,f165d268-8d56-4fed-9eec-1603a5d4a94d,Bit tamtam,infra.huilerie_inventaire_pollution,0.0,0.925,HIGH_CONFIDENCE,DUPLICATE_EXACT,1,MANUAL_REVIEW_REQUIRED,distance=0.00m; nom=1.00; commune=1.00; priorite=5,#2563eb,check-circle,HIGH_CONFIDENCE,POINT(569915 375100),POINT(569915 375100),POINT(569915 375100),POINT(569915 375100)
a70ee2e6-7516-4273-9614-51640705a3cc,e60088e9-cf94-4e41-ae65-a5390866b4b8,infra.huilerie_inventaire_pollution,ddd1eac4-e05f-4687-8db2-0079c3632866,BLADI,HUILERIE,b6dd82a0-1d39-40f7-a504-e8cea0361a3d,BLADI,infra.huilerie_inventaire_pollution,0.0,0.925,HIGH_CONFIDENCE,DUPLICATE_EXACT,1,MANUAL_REVIEW_REQUIRED,distance=0.00m; nom=1.00; commune=1.00; priorite=5,#2563eb,check-circle,HIGH_CONFIDENCE,POINT(521792 399792),POINT(521792 399792),POINT(521792 399792),POINT(521792 399792)
add094f3-97d7-4588-88c2-4099bafde693,e60088e9-cf94-4e41-ae65-a5390866b4b8,infra.huilerie_inventaire_pollution,84b17927-550d-49b2-9271-e9b9272ede9a,BLADI,HUILERIE,9cb96b3a-082d-4eb4-a1b0-86529d05509a,BLADI,infra.huilerie_inventaire_pollution,0.0,0.925,HIGH_CONFIDENCE,DUPLICATE_EXACT,1,MANUAL_REVIEW_REQUIRED,distance=0.00m; nom=1.00; commune=1.00; priorite=5,#2563eb,check-circle,HIGH_CONFIDENCE,POINT(525479 400861),POINT(525479 400861),POINT(525479 400861),POINT(525479 400861)
111529a8-1214-47e9-aac2-5bfb000790ed,e60088e9-cf94-4e41-ae65-a5390866b4b8,infra.huilerie_inventaire_pollution,bcf07c8f-2f0f-42d7-975d-33ae2ce4af73,Bouayad bouenan,HUILERIE,22d6ff52-79db-4bca-8c79-983b2140c19e,Bouayad bouenan,infra.huilerie_inventaire_pollution,0.0,0.725,MEDIUM_CONFIDENCE,DUPLICATE_EXACT,1,MANUAL_REVIEW_REQUIRED,distance=0.00m; nom=1.00; commune=0.00; priorite=5,#f59e0b,alert-triangle,MEDIUM_CONFIDENCE,POINT(533576 382941),POINT(533576 382941),POINT(533576 382941),POINT(533576 382941)
0ca1a22d-a4f4-4d8e-ba22-7a2cb1396677,e60088e9-cf94-4e41-ae65-a5390866b4b8,infra.huilerie_inventaire_pollution,2c2bd4d9-b8ce-4139-a3a0-6ac144288a00,BOUAYAD Med,HUILERIE,6903bad5-be1f-4ac1-b50f-8a2ec83dd3b0,BOUAYAD Med,infra.huilerie_inventaire_pollution,0.0,0.925,HIGH_CONFIDENCE,DUPLICATE_EXACT,1,MANUAL_REVIEW_REQUIRED,distance=0.00m; nom=1.00; commune=1.00; priorite=5,#2563eb,check-circle,HIGH_CONFIDENCE,POINT(564988 411161),POINT(564988 411161),POINT(564988 411161),POINT(564988 411161)
d9e186d8-ddaf-4fa9-b54b-b60a53e7df5a,e60088e9-cf94-4e41-ae65-a5390866b4b8,infra.huilerie_inventaire_pollution,305a1676-ec2a-45cc-afbf-9c67993d7e5e,Bouchama,HUILERIE,06b24991-cab6-49f1-80d3-05c142a65001,Bouchama,infra.huilerie_inventaire_pollution,0.0,0.925,HIGH_CONFIDENCE,DUPLICATE_EXACT,1,MANUAL_REVIEW_REQUIRED,distance=0.00m; nom=1.00; commune=1.00; priorite=5,#2563eb,check-circle,HIGH_CONFIDENCE,POINT(463180 380874),POINT(463180 380874),POINT(463180 380874),POINT(463180 380874)
326066cd-8282-4744-b69a-65c32de53024,e60088e9-cf94-4e41-ae65-a5390866b4b8,infra.huilerie_inventaire_pollution,a2590ee7-bcde-4384-854f-9cb8ad834000,Boungab Abdelkader,HUILERIE,45a4c1e9-5878-49e0-949b-96c6a23954f2,Boungab Abdelkader,infra.huilerie_inventaire_pollution,0.0,0.925,HIGH_CONFIDENCE,DUPLICATE_EXACT,1,MANUAL_REVIEW_REQUIRED,distance=0.00m; nom=1.00; commune=1.00; priorite=5,#2563eb,check-circle,HIGH_CONFIDENCE,POINT(503329 369360),POINT(503329 369360),POINT(503329 369360),POINT(503329 369360)
c73a75d2-1e91-4128-9122-4bb602a4cc48,e60088e9-cf94-4e41-ae65-a5390866b4b8,infra.huilerie_inventaire_pollution,5a0decef-e86b-4282-b187-ef8649cec62d,Boungab Abdessalam,HUILERIE,f4f6daa9-c2fd-49ad-b6f4-e07102a8c8e5,Boungab Abdessalam,infra.huilerie_inventaire_pollution,0.0,0.925,HIGH_CONFIDENCE,DUPLICATE_EXACT,1,MANUAL_REVIEW_REQUIRED,distance=0.00m; nom=1.00; commune=1.00; priorite=5,#2563eb,check-circle,HIGH_CONFIDENCE,POINT(502868.779 370087.886),POINT(502868.779 370087.886),POINT(502868.779 370087.886),POINT(502868.779 370087.886)
9800852f-0b00-4fdb-ab2a-9100fe6f52e6,e60088e9-cf94-4e41-ae65-a5390866b4b8,infra.huilerie_inventaire_pollution,8817707f-b1bc-4538-8257-4c73d686a520,Boungab nabil,HUILERIE,99c533f9-9fb4-42d5-a732-b5b437c5575c,Boungab nabil,infra.huilerie_inventaire_pollution,0.0,0.925,HIGH_CONFIDENCE,DUPLICATE_EXACT,1,MANUAL_REVIEW_REQUIRED,distance=0.00m; nom=1.00; commune=1.00; priorite=5,#2563eb,check-circle,HIGH_CONFIDENCE,POINT(503335 369395),POINT(503335 369395),POINT(503335 369395),POINT(503335 369395)
be980068-dba1-42ef-ae6d-ea4ca095f5b2,e60088e9-cf94-4e41-ae65-a5390866b4b8,infra.huilerie_inventaire_pollution,346e8258-5e40-4b91-8060-eb85fd872d37,Cooperative Ait Ali,HUILERIE,8cb78d23-aacc-4007-8e81-93b4dddad53f,Cooperative Ait Ali,infra.huilerie_inventaire_pollution,0.0,0.925,HIGH_CONFIDENCE,DUPLICATE_EXACT,1,MANUAL_REVIEW_REQUIRED,distance=0.00m; nom=1.00; commune=1.00; priorite=5,#2563eb,check-circle,HIGH_CONFIDENCE,POINT(501142 351128),POINT(501142 351128),POINT(501142 351128),POINT(501142 351128)
3a3c920c-d200-4654-934d-f2adea8e7b0a,e60088e9-cf94-4e41-ae65-a5390866b4b8,infra.huilerie_inventaire_pollution,43afd9a2-af91-4110-ae93-22bcf3ef084b,Boushaba,HUILERIE,5de743ab-08f4-4254-9cf4-2f3ca83a1492,Boushaba,infra.huilerie_inventaire_pollution,0.0,0.925,HIGH_CONFIDENCE,DUPLICATE_EXACT,1,MANUAL_REVIEW_REQUIRED,distance=0.00m; nom=1.00; commune=1.00; priorite=5,#2563eb,check-circle,HIGH_CONFIDENCE,POINT(614434 401261),POINT(614434 401261),POINT(614434 401261),POINT(614434 401261)
fae763ed-5413-4882-a9d7-fa0fee01ce04,e60088e9-cf94-4e41-ae65-a5390866b4b8,infra.huilerie_inventaire_pollution,b74ac104-706c-4d59-ab4c-fc6622b4c400,CHABACH,HUILERIE,df7cff8f-079a-486e-9370-7f10f0ba4be1,CHABACH,infra.huilerie_inventaire_pollution,0.0,0.925,HIGH_CONFIDENCE,DUPLICATE_EXACT,1,MANUAL_REVIEW_REQUIRED,distance=0.00m; nom=1.00; commune=1.00; priorite=5,#2563eb,check-circle,HIGH_CONFIDENCE,POINT(524677 401244),POINT(524677 401244),POINT(524677 401244),POINT(524677 401244)
b691c367-da47-4f50-8d39-52c15ef1c50f,e60088e9-cf94-4e41-ae65-a5390866b4b8,infra.huilerie_inventaire_pollution,746d6ed2-5dd5-4ec2-a427-86799fc08d03,Chajara mobarika,HUILERIE,aa40c5c1-0834-4d07-a09b-d006bacfc115,Chajara mobarika,infra.huilerie_inventaire_pollution,0.0,0.925,HIGH_CONFIDENCE,DUPLICATE_EXACT,1,MANUAL_REVIEW_REQUIRED,distance=0.00m; nom=1.00; commune=1.00; priorite=5,#2563eb,check-circle,HIGH_CONFIDENCE,POINT(599388 408966),POINT(599388 408966),POINT(599388 408966),POINT(599388 408966)
774eabc5-83bd-4afa-8216-5326cc2d03d1,e60088e9-cf94-4e41-ae65-a5390866b4b8,infra.huilerie_inventaire_pollution,b9c68f7f-d3ec-408e-b51c-9145e341382d,Chmof,HUILERIE,253110fb-ed14-4ee9-9a9b-e79e0a0be91a,Chmof,infra.huilerie_inventaire_pollution,0.0,0.925,HIGH_CONFIDENCE,DUPLICATE_EXACT,1,MANUAL_REVIEW_REQUIRED,distance=0.00m; nom=1.00; commune=1.00; priorite=5,#2563eb,check-circle,HIGH_CONFIDENCE,POINT(606793 399956),POINT(606793 399956),POINT(606793 399956),POINT(606793 399956)
a07b7dfb-d90f-4449-a027-2e5418ff83b0,e60088e9-cf94-4e41-ae65-a5390866b4b8,infra.huilerie_inventaire_pollution,62c0e4a6-72c8-4e14-92b5-2227b064c16f,Coopérative agricole El Hassania,HUILERIE,22884afa-5981-4786-b283-245d73569d2d,Coopérative agricole El Hassania,infra.huilerie_inventaire_pollution,0.0,0.925,HIGH_CONFIDENCE,DUPLICATE_EXACT,1,MANUAL_REVIEW_REQUIRED,distance=0.00m; nom=1.00; commune=1.00; priorite=5,#2563eb,check-circle,HIGH_CONFIDENCE,POINT(552169 394755),POINT(552169 394755),POINT(552169 394755),POINT(552169 394755)
93695698-3819-427e-a3ae-aede2b03b7eb,e60088e9-cf94-4e41-ae65-a5390866b4b8,infra.huilerie_inventaire_pollution,f037fca4-e311-4b97-b272-3e9489d132f0,Coopérative Al Nasser EL ALAOUI EL TADLI,HUILERIE,cc5daf55-e274-4079-ba61-b67366aaa242,Coopérative Al Nasser EL ALAOUI EL TADLI,infra.huilerie_inventaire_pollution,0.0,0.925,HIGH_CONFIDENCE,DUPLICATE_EXACT,1,MANUAL_REVIEW_REQUIRED,distance=0.00m; nom=1.00; commune=1.00; priorite=5,#2563eb,check-circle,HIGH_CONFIDENCE,POINT(534612 408936),POINT(534612 408936),POINT(534612 408936),POINT(534612 408936)
f3139429-f4ea-41ea-b86a-c40bdfa28e9b,e60088e9-cf94-4e41-ae65-a5390866b4b8,infra.huilerie_inventaire_pollution,c7ee02b0-1d82-4199-84eb-44611706456e,Coopérative Almazgueldia,HUILERIE,70e939fc-636b-4d46-8e7e-adfda46f8088,Coopérative Almazgueldia,infra.huilerie_inventaire_pollution,0.0,0.925,HIGH_CONFIDENCE,DUPLICATE_EXACT,1,MANUAL_REVIEW_REQUIRED,distance=0.00m; nom=1.00; commune=1.00; priorite=5,#2563eb,check-circle,HIGH_CONFIDENCE,POINT(516797 448588),POINT(516797 448588),POINT(516797 448588),POINT(516797 448588)
6db9930c-c8aa-4742-83c0-43c4874b09f6,e60088e9-cf94-4e41-ae65-a5390866b4b8,infra.huilerie_inventaire_pollution,c1352dd9-231a-4045-95cc-ae0aa75f0bd9,Cooperative Almoumnia Essatia,HUILERIE,b065bd4d-cc7f-450d-8b10-a8947e19b6d2,Cooperative Almoumnia Essatia,infra.huilerie_inventaire_pollution,0.0,0.925,HIGH_CONFIDENCE,DUPLICATE_EXACT,1,MANUAL_REVIEW_REQUIRED,distance=0.00m; nom=1.00; commune=1.00; priorite=5,#2563eb,check-circle,HIGH_CONFIDENCE,POINT(503284.97 440444.03),POINT(503284.97 440444.03),POINT(503284.97 440444.03),POINT(503284.97 440444.03)
2a453a68-c4f1-4e5b-9339-b8a99ad174c0,e60088e9-cf94-4e41-ae65-a5390866b4b8,infra.huilerie_inventaire_pollution,aa13cfb7-9dd9-4436-9dc4-c3154b019819,Coopérative ARIAF KISSANE,HUILERIE,e787c0ee-23f4-46c2-a597-fb20f3bd7e64,Coopérative ARIAF KISSANE,infra.huilerie_inventaire_pollution,0.0,0.925,HIGH_CONFIDENCE,DUPLICATE_EXACT,1,MANUAL_REVIEW_REQUIRED,distance=0.00m; nom=1.00; commune=1.00; priorite=5,#2563eb,check-circle,HIGH_CONFIDENCE,POINT(531243 442915),POINT(531243 442915),POINT(531243 442915),POINT(531243 442915)
6e2206c2-1feb-4250-8244-0ae08a86ffea,e60088e9-cf94-4e41-ae65-a5390866b4b8,infra.huilerie_inventaire_pollution,0837385f-24c0-41c1-9a8d-f7e447181d18,Coopérative BENKEROUACH,HUILERIE,65e65f2f-7890-4d8b-8caa-709b36cb9181,Coopérative BENKEROUACH,infra.huilerie_inventaire_pollution,0.0,0.925,HIGH_CONFIDENCE,DUPLICATE_EXACT,1,MANUAL_REVIEW_REQUIRED,distance=0.00m; nom=1.00; commune=1.00; priorite=5,#2563eb,check-circle,HIGH_CONFIDENCE,POINT(542520 400778),POINT(542520 400778),POINT(542520 400778),POINT(542520 400778)
7cf219c5-1f9d-4002-95b4-659d0de2151b,e60088e9-cf94-4e41-ae65-a5390866b4b8,infra.huilerie_inventaire_pollution,b4096e4b-5ef5-4280-b155-19bb93d20a88,Coopérative des olives Lamrabih,HUILERIE,dc8c7be3-4c5b-42e7-b97a-8f1242131148,Coopérative des olives Lamrabih,infra.huilerie_inventaire_pollution,0.0,0.925,HIGH_CONFIDENCE,DUPLICATE_EXACT,1,MANUAL_REVIEW_REQUIRED,distance=0.00m; nom=1.00; commune=1.00; priorite=5,#2563eb,check-circle,HIGH_CONFIDENCE,POINT(496652 434131),POINT(496652 434131),POINT(496652 434131),POINT(496652 434131)
9e9203dd-5302-479b-9812-943e8f9edea1,e60088e9-cf94-4e41-ae65-a5390866b4b8,infra.huilerie_inventaire_pollution,766bdf56-7fcc-4c45-95ac-a3e8b46cefd8,Coopérative El Abassia,HUILERIE,e8549c01-71b7-4f42-8df5-15db8cc87442,Coopérative El Abassia,infra.huilerie_inventaire_pollution,0.0,0.925,HIGH_CONFIDENCE,DUPLICATE_EXACT,1,MANUAL_REVIEW_REQUIRED,distance=0.00m; nom=1.00; commune=1.00; priorite=5,#2563eb,check-circle,HIGH_CONFIDENCE,POINT(518203 377225),POINT(518203 377225),POINT(518203 377225),POINT(518203 377225)
d8e35629-91ed-494c-96e1-67087306e02e,e60088e9-cf94-4e41-ae65-a5390866b4b8,infra.huilerie_inventaire_pollution,613705fa-b284-409d-a495-be364499a332,Coopérative el keir 1,HUILERIE,1d6e155c-0729-4420-9e11-9fba9b6311f3,Coopérative el keir 1,infra.huilerie_inventaire_pollution,0.0,0.925,HIGH_CONFIDENCE,DUPLICATE_EXACT,1,MANUAL_REVIEW_REQUIRED,distance=0.00m; nom=1.00; commune=1.00; priorite=5,#2563eb,check-circle,HIGH_CONFIDENCE,POINT(634443 391245),POINT(634443 391245),POINT(634443 391245),POINT(634443 391245)
4f937b9e-17ea-4b7f-8b4c-fa4d26787d21,e60088e9-cf94-4e41-ae65-a5390866b4b8,infra.huilerie_inventaire_pollution,e9f1df37-d02a-4d43-b765-4ae7761a4503,Coopérative el keir 2,HUILERIE,ff8293e8-fa68-42f0-a1c9-9a7307d03e01,Coopérative el keir 2,infra.huilerie_inventaire_pollution,0.0,0.925,HIGH_CONFIDENCE,DUPLICATE_EXACT,1,MANUAL_REVIEW_REQUIRED,distance=0.00m; nom=1.00; commune=1.00; priorite=5,#2563eb,check-circle,HIGH_CONFIDENCE,POINT(633641 393580),POINT(633641 393580),POINT(633641 393580),POINT(633641 393580)
e54c55ad-c2e6-4d96-b367-6049b9e008e2,e60088e9-cf94-4e41-ae65-a5390866b4b8,infra.huilerie_inventaire_pollution,ef705675-8682-48f4-b27c-1faa3325a459,Coopérative GIO LEMTA,HUILERIE,e7b58078-1dde-488e-8c73-ab762edc81f6,Coopérative GIO LEMTA,infra.huilerie_inventaire_pollution,0.0,0.925,HIGH_CONFIDENCE,DUPLICATE_EXACT,1,MANUAL_REVIEW_REQUIRED,distance=0.00m; nom=1.00; commune=1.00; priorite=5,#2563eb,check-circle,HIGH_CONFIDENCE,POINT(534447 393846),POINT(534447 393846),POINT(534447 393846),POINT(534447 393846)
9bd3781b-352f-4d01-8495-2a94ea5fba12,e60088e9-cf94-4e41-ae65-a5390866b4b8,infra.huilerie_inventaire_pollution,6908d782-c9c2-42e9-a7e3-0fbdb9bcb23a,COOPERATIVE HUILERIE BIR DJAJ,HUILERIE,b4fb5777-81cd-4af7-aebe-998f3c7cfacf,COOPERATIVE HUILERIE BIR DJAJ,infra.huilerie_inventaire_pollution,0.0,0.925,HIGH_CONFIDENCE,DUPLICATE_EXACT,1,MANUAL_REVIEW_REQUIRED,distance=0.00m; nom=1.00; commune=1.00; priorite=5,#2563eb,check-circle,HIGH_CONFIDENCE,POINT(522176.9 396958.58),POINT(522176.9 396958.58),POINT(522176.9 396958.58),POINT(522176.9 396958.58)
efd357dd-fb56-4f8c-9a24-6fc7e392d68a,e60088e9-cf94-4e41-ae65-a5390866b4b8,infra.huilerie_inventaire_pollution,0d036df5-22ee-468d-aae4-c302d5559403,COOPERATIVE JOUIRA,HUILERIE,5aef0d5b-20c8-4cd4-887a-adfe69672030,COOPERATIVE JOUIRA,infra.huilerie_inventaire_pollution,0.0,0.925,HIGH_CONFIDENCE,DUPLICATE_EXACT,1,MANUAL_REVIEW_REQUIRED,distance=0.00m; nom=1.00; commune=1.00; priorite=5,#2563eb,check-circle,HIGH_CONFIDENCE,POINT(527015.94 400626.6),POINT(527015.94 400626.6),POINT(527015.94 400626.6),POINT(527015.94 400626.6)
2d064193-4774-4443-b03d-da44cff0b25d,e60088e9-cf94-4e41-ae65-a5390866b4b8,infra.huilerie_inventaire_pollution,63917b0b-71c6-4f71-95c5-6069bd8a04f0,Coopérative l'oil olive,HUILERIE,eb4f351c-9556-4701-9b9d-099c40310210,Coopérative l'oil olive,infra.huilerie_inventaire_pollution,0.0,0.925,HIGH_CONFIDENCE,DUPLICATE_EXACT,1,MANUAL_REVIEW_REQUIRED,distance=0.00m; nom=1.00; commune=1.00; priorite=5,#2563eb,check-circle,HIGH_CONFIDENCE,POINT(582236 392727),POINT(582236 392727),POINT(582236 392727),POINT(582236 392727)
bff513d6-c864-4ca9-87f4-10fea8676351,e60088e9-cf94-4e41-ae65-a5390866b4b8,infra.huilerie_inventaire_pollution,7d898abb-90af-4d4a-8792-55b61f47650e,Coopérative Olea ghafsai,HUILERIE,8b38693c-10f1-494a-96ce-bbfbae3dfd6e,Coopérative Olea ghafsai,infra.huilerie_inventaire_pollution,0.0,0.925,HIGH_CONFIDENCE,DUPLICATE_EXACT,1,MANUAL_REVIEW_REQUIRED,distance=0.00m; nom=1.00; commune=1.00; priorite=5,#2563eb,check-circle,HIGH_CONFIDENCE,POINT(544931 448858),POINT(544931 448858),POINT(544931 448858),POINT(544931 448858)
89dde45f-ee33-4a70-af1b-4186f3dafd1b,e60088e9-cf94-4e41-ae65-a5390866b4b8,infra.huilerie_inventaire_pollution,24dfadfb-3d03-4b7b-a964-145d9c4961cf,DAHMAN Abdellah,HUILERIE,3b0aefc7-6e39-4ba2-82e7-8153e98a1ead,DAHMAN Abdellah,infra.huilerie_inventaire_pollution,0.0,0.925,HIGH_CONFIDENCE,DUPLICATE_EXACT,1,MANUAL_REVIEW_REQUIRED,distance=0.00m; nom=1.00; commune=1.00; priorite=5,#2563eb,check-circle,HIGH_CONFIDENCE,POINT(522746 398646),POINT(522746 398646),POINT(522746 398646),POINT(522746 398646)
976b0b5f-bf25-4269-a4b8-318f125e1c5c,e60088e9-cf94-4e41-ae65-a5390866b4b8,infra.huilerie_inventaire_pollution,e045e949-0166-468e-a2ca-46485c6add8b,Dahra Morroco,HUILERIE,a750f1fa-d97a-48ce-b2b2-13497fe5412c,Dahra Morroco,infra.huilerie_inventaire_pollution,0.0,0.925,HIGH_CONFIDENCE,DUPLICATE_EXACT,1,MANUAL_REVIEW_REQUIRED,distance=0.00m; nom=1.00; commune=1.00; priorite=5,#2563eb,check-circle,HIGH_CONFIDENCE,POINT(504274 362710),POINT(504274 362710),POINT(504274 362710),POINT(504274 362710)
589aaf97-7849-43aa-aba6-2bc8078e8049,e60088e9-cf94-4e41-ae65-a5390866b4b8,infra.huilerie_inventaire_pollution,00f38a1c-fa56-442c-bcb5-ebb241acd11d,Dar Zit Zaitoune,HUILERIE,91664556-3973-49c2-9196-d68ad7a792c0,Dar Zit Zaitoune,infra.huilerie_inventaire_pollution,0.0,0.925,HIGH_CONFIDENCE,DUPLICATE_EXACT,1,MANUAL_REVIEW_REQUIRED,distance=0.00m; nom=1.00; commune=1.00; priorite=5,#2563eb,check-circle,HIGH_CONFIDENCE,POINT(565970 421151),POINT(565970 421151),POINT(565970 421151),POINT(565970 421151)
04ed7e53-4b30-414a-80c3-a5ed67f82de8,e60088e9-cf94-4e41-ae65-a5390866b4b8,infra.huilerie_inventaire_pollution,a2814d4b-f42f-47db-942c-fa1753eed927,El Aji Hatim,HUILERIE,f00edf3b-af6d-44fe-b100-b047edb2a048,El Aji Hatim,infra.huilerie_inventaire_pollution,0.0,0.925,HIGH_CONFIDENCE,DUPLICATE_EXACT,1,MANUAL_REVIEW_REQUIRED,distance=0.00m; nom=1.00; commune=1.00; priorite=5,#2563eb,check-circle,HIGH_CONFIDENCE,POINT(583144 427400),POINT(583144 427400),POINT(583144 427400),POINT(583144 427400)
d3ec680f-f1fa-4523-8386-5d1ea593dd72,e60088e9-cf94-4e41-ae65-a5390866b4b8,infra.huilerie_inventaire_pollution,2449a350-73ec-4a65-8b82-18479f8fc8e0,El Balghiti Idriss,HUILERIE,0dde1ce0-4673-40ce-b507-6e54ae0c9ba1,El Balghiti Idriss,infra.huilerie_inventaire_pollution,0.0,0.925,HIGH_CONFIDENCE,DUPLICATE_EXACT,1,MANUAL_REVIEW_REQUIRED,distance=0.00m; nom=1.00; commune=1.00; priorite=5,#2563eb,check-circle,HIGH_CONFIDENCE,POINT(471969 355497),POINT(471969 355497),POINT(471969 355497),POINT(471969 355497)
21c37b05-40bf-456a-abb9-67969204f5cc,e60088e9-cf94-4e41-ae65-a5390866b4b8,infra.huilerie_inventaire_pollution,e0134cc1-ef8f-46d0-a807-9fc7395ec8f2,El Gouraa Abdelkader,HUILERIE,af65b748-11e4-4ab1-9605-41342a76b6ce,El Gouraa Abdelkader,infra.huilerie_inventaire_pollution,0.0,0.925,HIGH_CONFIDENCE,DUPLICATE_EXACT,1,MANUAL_REVIEW_REQUIRED,distance=0.00m; nom=1.00; commune=1.00; priorite=5,#2563eb,check-circle,HIGH_CONFIDENCE,POINT(502372 370177),POINT(502372 370177),POINT(502372 370177),POINT(502372 370177)
2276d1ec-6857-4963-92d8-d10da55a1ef3,e60088e9-cf94-4e41-ae65-a5390866b4b8,infra.huilerie_inventaire_pollution,9eb3d1ec-3797-4a3c-9dc7-b0c9ef5aef41,EL HABLI DRISS,HUILERIE,74c86b19-930a-44e7-9988-745ec5f88ee9,EL HABLI DRISS,infra.huilerie_inventaire_pollution,0.0,0.925,HIGH_CONFIDENCE,DUPLICATE_EXACT,1,MANUAL_REVIEW_REQUIRED,distance=0.00m; nom=1.00; commune=1.00; priorite=5,#2563eb,check-circle,HIGH_CONFIDENCE,POINT(510871 376347),POINT(510871 376347),POINT(510871 376347),POINT(510871 376347)
43311193-3c41-4f7d-bced-8810671d9737,e60088e9-cf94-4e41-ae65-a5390866b4b8,infra.huilerie_inventaire_pollution,9b7c20eb-9902-4016-9664-645aaca2d131,El Ibrahimi,HUILERIE,7807374e-ce08-4659-9f48-f8df7e7af196,El Ibrahimi,infra.huilerie_inventaire_pollution,0.0,0.925,HIGH_CONFIDENCE,DUPLICATE_EXACT,1,MANUAL_REVIEW_REQUIRED,distance=0.00m; nom=1.00; commune=1.00; priorite=5,#2563eb,check-circle,HIGH_CONFIDENCE,POINT(495486.17 452889.02),POINT(495486.17 452889.02),POINT(495486.17 452889.02),POINT(495486.17 452889.02)
af78c66d-9ea3-4f23-98dc-ee7daec7e005,e60088e9-cf94-4e41-ae65-a5390866b4b8,infra.huilerie_inventaire_pollution,ed3e6bdc-d802-4c55-9b8f-de728ea50b11,El Khayari,HUILERIE,e57cb5d6-5be2-4e52-bbd7-367fd8be0a04,El Khayari,infra.huilerie_inventaire_pollution,0.0,0.925,HIGH_CONFIDENCE,DUPLICATE_EXACT,1,MANUAL_REVIEW_REQUIRED,distance=0.00m; nom=1.00; commune=1.00; priorite=5,#2563eb,check-circle,HIGH_CONFIDENCE,POINT(503979 353548),POINT(503979 353548),POINT(503979 353548),POINT(503979 353548)
2f3413d5-df05-433c-a15f-5ba5d168e1ab,e60088e9-cf94-4e41-ae65-a5390866b4b8,infra.huilerie_inventaire_pollution,8cd66a22-cb03-4e04-9c49-dcfd1830f2b0,El Moualij Khalid,HUILERIE,599e01b1-5682-4b63-b868-3532466652e7,El Moualij Khalid,infra.huilerie_inventaire_pollution,0.0,0.925,HIGH_CONFIDENCE,DUPLICATE_EXACT,1,MANUAL_REVIEW_REQUIRED,distance=0.00m; nom=1.00; commune=1.00; priorite=5,#2563eb,check-circle,HIGH_CONFIDENCE,POINT(484966 377297),POINT(484966 377297),POINT(484966 377297),POINT(484966 377297)
d805eae5-8c40-46a9-87eb-0f818ba18638,e60088e9-cf94-4e41-ae65-a5390866b4b8,infra.huilerie_inventaire_pollution,07da7721-c90f-4499-a2f2-a46d4489d865,El Mrihy Mohammed,HUILERIE,f3b04980-7398-468a-826b-518d993cd9aa,El Mrihy Mohammed,infra.huilerie_inventaire_pollution,0.0,0.925,HIGH_CONFIDENCE,DUPLICATE_EXACT,1,MANUAL_REVIEW_REQUIRED,distance=0.00m; nom=1.00; commune=1.00; priorite=5,#2563eb,check-circle,HIGH_CONFIDENCE,POINT(584199 432485),POINT(584199 432485),POINT(584199 432485),POINT(584199 432485)
22cb6915-7629-4a46-9508-0a782505dfb6,e60088e9-cf94-4e41-ae65-a5390866b4b8,infra.huilerie_inventaire_pollution,cef8d1d1-0db1-456d-864d-38531b30b341,El Omari,HUILERIE,255b0193-004b-474e-94b3-0a073c37c1aa,El Omari,infra.huilerie_inventaire_pollution,0.0,0.925,HIGH_CONFIDENCE,DUPLICATE_EXACT,1,MANUAL_REVIEW_REQUIRED,distance=0.00m; nom=1.00; commune=1.00; priorite=5,#2563eb,check-circle,HIGH_CONFIDENCE,POINT(475403 356941),POINT(475403 356941),POINT(475403 356941),POINT(475403 356941)
8c9622dd-6117-4329-aac0-1436fd65ebad,e60088e9-cf94-4e41-ae65-a5390866b4b8,infra.huilerie_inventaire_pollution,8addf1bd-8fd5-4aa6-aacb-496420d64cea,El Yahyaoui Abdenabi,HUILERIE,e16ad55a-bfb7-4b93-b3c6-99f60824defd,El Yahyaoui Abdenabi,infra.huilerie_inventaire_pollution,0.0,0.925,HIGH_CONFIDENCE,DUPLICATE_EXACT,1,MANUAL_REVIEW_REQUIRED,distance=0.00m; nom=1.00; commune=1.00; priorite=5,#2563eb,check-circle,HIGH_CONFIDENCE,POINT(494006 379528),POINT(494006 379528),POINT(494006 379528),POINT(494006 379528)
f088ea65-7950-4485-a2fa-adf1b27e0993,e60088e9-cf94-4e41-ae65-a5390866b4b8,infra.huilerie_inventaire_pollution,cdac3dbe-200e-4e94-bd6c-0d306ddee8b1,Elaasmi,HUILERIE,a2fca49b-069d-4475-9c8d-e0df04402607,Elaasmi,infra.huilerie_inventaire_pollution,0.0,0.925,HIGH_CONFIDENCE,DUPLICATE_EXACT,1,MANUAL_REVIEW_REQUIRED,distance=0.00m; nom=1.00; commune=1.00; priorite=5,#2563eb,check-circle,HIGH_CONFIDENCE,POINT(473475.2 460861.59),POINT(473475.2 460861.59),POINT(473475.2 460861.59),POINT(473475.2 460861.59)
87ebdc18-b91e-43f2-9745-a439ce6ab5c1,e60088e9-cf94-4e41-ae65-a5390866b4b8,infra.huilerie_inventaire_pollution,66049fb4-8870-41b5-b362-58d5f02c976b,Elchatbyenne,HUILERIE,62b7db1c-0a09-4f3c-b51d-6eeabe385a88,Elchatbyenne,infra.huilerie_inventaire_pollution,0.0,0.925,HIGH_CONFIDENCE,DUPLICATE_EXACT,1,MANUAL_REVIEW_REQUIRED,distance=0.00m; nom=1.00; commune=1.00; priorite=5,#2563eb,check-circle,HIGH_CONFIDENCE,POINT(497736.49 460110.96),POINT(497736.49 460110.96),POINT(497736.49 460110.96),POINT(497736.49 460110.96)
fb4a816b-4957-40d2-8a7c-98cec8e099d2,e60088e9-cf94-4e41-ae65-a5390866b4b8,infra.huilerie_inventaire_pollution,40804e8a-c4a2-4d07-8e1d-8bd4119447cc,Elfalah,HUILERIE,2eeb167e-8d24-44bc-9b47-ca609c3d90b8,Elfalah,infra.huilerie_inventaire_pollution,0.0,0.925,HIGH_CONFIDENCE,DUPLICATE_EXACT,1,MANUAL_REVIEW_REQUIRED,distance=0.00m; nom=1.00; commune=1.00; priorite=5,#2563eb,check-circle,HIGH_CONFIDENCE,POINT(619110 457201),POINT(619110 457201),POINT(619110 457201),POINT(619110 457201)
392ddd12-9838-4671-a339-d250f33e6006,e60088e9-cf94-4e41-ae65-a5390866b4b8,infra.huilerie_inventaire_pollution,bcccd004-f3c5-4a41-99c2-2723908b9b8d,Elhaj Ali,HUILERIE,0968b682-9ed5-48cb-b2b8-4f54fab326b1,Elhaj Ali,infra.huilerie_inventaire_pollution,0.0,0.925,HIGH_CONFIDENCE,DUPLICATE_EXACT,1,MANUAL_REVIEW_REQUIRED,distance=0.00m; nom=1.00; commune=1.00; priorite=5,#2563eb,check-circle,HIGH_CONFIDENCE,POINT(496752.76 458523.3),POINT(496752.76 458523.3),POINT(496752.76 458523.3),POINT(496752.76 458523.3)
d40effe6-ae12-4cf7-a741-6b92c35abe6c,e60088e9-cf94-4e41-ae65-a5390866b4b8,infra.huilerie_inventaire_pollution,c263bb93-51bf-497b-b99c-56de9b4ebfb7,ELKARCH Abdelali,HUILERIE,f2561306-02de-46eb-b26d-6f261c16a5bb,ELKARCH Abdelali,infra.huilerie_inventaire_pollution,0.0,0.925,HIGH_CONFIDENCE,DUPLICATE_EXACT,1,MANUAL_REVIEW_REQUIRED,distance=0.00m; nom=1.00; commune=1.00; priorite=5,#2563eb,check-circle,HIGH_CONFIDENCE,POINT(519679 401305),POINT(519679 401305),POINT(519679 401305),POINT(519679 401305)
a5d2d026-a7c4-4cb6-bbae-67204d16cfe5,e60088e9-cf94-4e41-ae65-a5390866b4b8,infra.huilerie_inventaire_pollution,31bbce91-b106-4dea-ab5b-6d85fe2ddaca,Errahmouni,HUILERIE,9a396fc9-5b52-4616-914e-18ea58aff413,Errahmouni,infra.huilerie_inventaire_pollution,0.0,0.725,MEDIUM_CONFIDENCE,DUPLICATE_EXACT,1,MANUAL_REVIEW_REQUIRED,distance=0.00m; nom=1.00; commune=0.00; priorite=5,#f59e0b,alert-triangle,MEDIUM_CONFIDENCE,POINT(534437 382603),POINT(534437 382603),POINT(534437 382603),POINT(534437 382603)
e2b6fd43-5488-4842-9aa6-55f867ba3fce,e60088e9-cf94-4e41-ae65-a5390866b4b8,infra.huilerie_inventaire_pollution,6015df43-983c-4868-8c40-da037b3d9230,Elkharouba,HUILERIE,34b247ac-a646-4802-bdab-3ee250b7d2e6,Elkharouba,infra.huilerie_inventaire_pollution,0.0,0.925,HIGH_CONFIDENCE,DUPLICATE_EXACT,1,MANUAL_REVIEW_REQUIRED,distance=0.00m; nom=1.00; commune=1.00; priorite=5,#2563eb,check-circle,HIGH_CONFIDENCE,POINT(496616.71 458435.29),POINT(496616.71 458435.29),POINT(496616.71 458435.29),POINT(496616.71 458435.29)
7c000fbd-282e-47ee-aa18-456aceeb8a41,e60088e9-cf94-4e41-ae65-a5390866b4b8,infra.huilerie_inventaire_pollution,28818c63-3d49-40f3-8d69-68694d0ecd38,Elkhawda,HUILERIE,212266b9-dd64-42f9-9afd-f5f752eb350f,Elkhawda,infra.huilerie_inventaire_pollution,0.0,0.925,HIGH_CONFIDENCE,DUPLICATE_EXACT,1,MANUAL_REVIEW_REQUIRED,distance=0.00m; nom=1.00; commune=1.00; priorite=5,#2563eb,check-circle,HIGH_CONFIDENCE,POINT(469914.63 464902.87),POINT(469914.63 464902.87),POINT(469914.63 464902.87),POINT(469914.63 464902.87)
bbd13634-6b1c-4a42-bfb6-aadb302a4c44,e60088e9-cf94-4e41-ae65-a5390866b4b8,infra.huilerie_inventaire_pollution,4c7449c2-23d9-4f5b-9a29-c9fc2ee4c59b,Erradouania,HUILERIE,1198a38f-e288-47ed-8ad3-786f65467676,Erradouania,infra.huilerie_inventaire_pollution,0.0,0.925,HIGH_CONFIDENCE,DUPLICATE_EXACT,1,MANUAL_REVIEW_REQUIRED,distance=0.00m; nom=1.00; commune=1.00; priorite=5,#2563eb,check-circle,HIGH_CONFIDENCE,POINT(494987.26 454789.6),POINT(494987.26 454789.6),POINT(494987.26 454789.6),POINT(494987.26 454789.6)
9ad29999-2f11-46a9-a7ec-548571c65fed,e60088e9-cf94-4e41-ae65-a5390866b4b8,infra.huilerie_inventaire_pollution,d3bcd372-db3d-47c8-b506-09f5beabd89c,Erragragui essi company/Erragragui essi,HUILERIE,a63cc90b-6cfd-4ea1-8cee-3a162f118885,Erragragui essi company/Erragragui essi,infra.huilerie_inventaire_pollution,0.0,0.925,HIGH_CONFIDENCE,DUPLICATE_EXACT,1,MANUAL_REVIEW_REQUIRED,distance=0.00m; nom=1.00; commune=1.00; priorite=5,#2563eb,check-circle,HIGH_CONFIDENCE,POINT(551740 359568),POINT(551740 359568),POINT(551740 359568),POINT(551740 359568)
a16dbb0e-a463-4a52-8616-2a33e9fab275,e60088e9-cf94-4e41-ae65-a5390866b4b8,infra.huilerie_inventaire_pollution,3debbb87-1944-4bc9-ad55-f694cfe11135,ERRAHMA,HUILERIE,748a88cb-3c54-4c9d-85eb-137dc72ea04c,ERRAHMA,infra.huilerie_inventaire_pollution,0.0,0.925,HIGH_CONFIDENCE,DUPLICATE_EXACT,1,MANUAL_REVIEW_REQUIRED,distance=0.00m; nom=1.00; commune=1.00; priorite=5,#2563eb,check-circle,HIGH_CONFIDENCE,POINT(517253 383740),POINT(517253 383740),POINT(517253 383740),POINT(517253 383740)
5a74a0bf-7766-423b-a959-8048bab6a83e,e60088e9-cf94-4e41-ae65-a5390866b4b8,infra.huilerie_inventaire_pollution,e96f07d7-0db4-43a1-8b7a-1e4268c063c2,Ezzahouani,HUILERIE,9468b0de-bc23-452c-9df9-cc8b63a4c5b4,Ezzahouani,infra.huilerie_inventaire_pollution,0.0,0.925,HIGH_CONFIDENCE,DUPLICATE_EXACT,1,MANUAL_REVIEW_REQUIRED,distance=0.00m; nom=1.00; commune=1.00; priorite=5,#2563eb,check-circle,HIGH_CONFIDENCE,POINT(546084 369712),POINT(546084 369712),POINT(546084 369712),POINT(546084 369712)
f41a6982-b1e2-4c1b-b1ec-0944563a6fd1,e60088e9-cf94-4e41-ae65-a5390866b4b8,infra.huilerie_inventaire_pollution,39725f60-78f1-4401-bbc8-4819899d7bef,FAHMI MOHAMED,HUILERIE,c1ae2178-3ce6-4ea0-afac-9e3d8bf7cd3e,FAHMI MOHAMED,infra.huilerie_inventaire_pollution,0.0,0.925,HIGH_CONFIDENCE,DUPLICATE_EXACT,1,MANUAL_REVIEW_REQUIRED,distance=0.00m; nom=1.00; commune=1.00; priorite=5,#2563eb,check-circle,HIGH_CONFIDENCE,POINT(485934 380176),POINT(485934 380176),POINT(485934 380176),POINT(485934 380176)
32f8f393-1190-4622-9c8a-6c3f0849b95b,e60088e9-cf94-4e41-ae65-a5390866b4b8,infra.huilerie_inventaire_pollution,39709f8d-0032-48f6-ac69-2856a7957f74,Fakir Bouchta,HUILERIE,73a8443c-2e8e-481e-8d0d-d20f70261f70,Fakir Bouchta,infra.huilerie_inventaire_pollution,0.0,0.925,HIGH_CONFIDENCE,DUPLICATE_EXACT,1,MANUAL_REVIEW_REQUIRED,distance=0.00m; nom=1.00; commune=1.00; priorite=5,#2563eb,check-circle,HIGH_CONFIDENCE,POINT(495481.822 370669.451),POINT(495481.822 370669.451),POINT(495481.822 370669.451),POINT(495481.822 370669.451)
e3a1f5d3-986e-44ce-9aaa-ab14d72941bb,e60088e9-cf94-4e41-ae65-a5390866b4b8,infra.huilerie_inventaire_pollution,1750f3c2-1ef8-4eb3-9bf0-3138cee03dab,Falah,HUILERIE,e2d22709-8cd4-46e5-887c-75baf18bb7dd,Falah,infra.huilerie_inventaire_pollution,0.0,0.925,HIGH_CONFIDENCE,DUPLICATE_EXACT,1,MANUAL_REVIEW_REQUIRED,distance=0.00m; nom=1.00; commune=1.00; priorite=5,#2563eb,check-circle,HIGH_CONFIDENCE,POINT(567784 461825),POINT(567784 461825),POINT(567784 461825),POINT(567784 461825)
7d1478f2-c870-43af-b7cc-ef8752c60a2b,e60088e9-cf94-4e41-ae65-a5390866b4b8,infra.huilerie_inventaire_pollution,af0d36e6-51d8-4215-a0b2-87caa355ba51,Faraj,HUILERIE,8b3b8ec4-c72b-479f-8851-5ff50d5ba593,Faraj,infra.huilerie_inventaire_pollution,0.0,0.725,MEDIUM_CONFIDENCE,DUPLICATE_EXACT,1,MANUAL_REVIEW_REQUIRED,distance=0.00m; nom=1.00; commune=0.00; priorite=5,#f59e0b,alert-triangle,MEDIUM_CONFIDENCE,POINT(539903 385004),POINT(539903 385004),POINT(539903 385004),POINT(539903 385004)
eb582bf7-9d00-4277-82fe-d6c1e94b1062,e60088e9-cf94-4e41-ae65-a5390866b4b8,infra.huilerie_inventaire_pollution,a4124ea5-e64b-4f5e-8461-8de8dcd07a42,H Al YOUMN,HUILERIE,b2108fe1-bd30-4246-bb52-c5da42d9a54a,H Al YOUMN,infra.huilerie_inventaire_pollution,0.0,0.925,HIGH_CONFIDENCE,DUPLICATE_EXACT,1,MANUAL_REVIEW_REQUIRED,distance=0.00m; nom=1.00; commune=1.00; priorite=5,#2563eb,check-circle,HIGH_CONFIDENCE,POINT(472121 351700),POINT(472121 351700),POINT(472121 351700),POINT(472121 351700)
758a7a1f-a7ad-4f4d-af57-f9f25b016c05,e60088e9-cf94-4e41-ae65-a5390866b4b8,infra.huilerie_inventaire_pollution,831679b2-5eb0-415e-9887-2327c14dadad,Faraji,HUILERIE,31d0fd0c-8eef-45d4-9282-f26fe8ae6bc3,Faraji,infra.huilerie_inventaire_pollution,0.0,0.725,MEDIUM_CONFIDENCE,DUPLICATE_EXACT,1,MANUAL_REVIEW_REQUIRED,distance=0.00m; nom=1.00; commune=0.00; priorite=5,#f59e0b,alert-triangle,MEDIUM_CONFIDENCE,POINT(533827 382578),POINT(533827 382578),POINT(533827 382578),POINT(533827 382578)
92433e7e-2b3d-44bf-8bfe-292c5db8c1ab,e60088e9-cf94-4e41-ae65-a5390866b4b8,infra.huilerie_inventaire_pollution,40480f4e-293d-45e6-94d1-92dbbaf00741,Fatna Said,HUILERIE,6f46d7f3-79de-4992-ae53-f1e5aeff77dc,Fatna Said,infra.huilerie_inventaire_pollution,0.0,0.925,HIGH_CONFIDENCE,DUPLICATE_EXACT,1,MANUAL_REVIEW_REQUIRED,distance=0.00m; nom=1.00; commune=1.00; priorite=5,#2563eb,check-circle,HIGH_CONFIDENCE,POINT(535702 372513),POINT(535702 372513),POINT(535702 372513),POINT(535702 372513)
de1c23b3-df6f-447c-bcab-682d7ff60baf,e60088e9-cf94-4e41-ae65-a5390866b4b8,infra.huilerie_inventaire_pollution,f98e8838-1bd2-404c-88bc-3fc1dc72a307,FATTAH ABDELLKADAR,HUILERIE,4e1d779c-3b2e-419d-9d53-ff213c02adc0,FATTAH ABDELLKADAR,infra.huilerie_inventaire_pollution,0.0,0.925,HIGH_CONFIDENCE,DUPLICATE_EXACT,1,MANUAL_REVIEW_REQUIRED,distance=0.00m; nom=1.00; commune=1.00; priorite=5,#2563eb,check-circle,HIGH_CONFIDENCE,POINT(474184.24 346708.2),POINT(474184.24 346708.2),POINT(474184.24 346708.2),POINT(474184.24 346708.2)
e5311106-864f-4faa-8312-35480a61e3b5,e60088e9-cf94-4e41-ae65-a5390866b4b8,infra.huilerie_inventaire_pollution,c495a2ee-0882-4217-9dcd-9760997f0b80,G.P Société Oliverta,HUILERIE,6cbfca8e-ca4a-409b-b60b-4a4867e37afc,G.P Société Oliverta,infra.huilerie_inventaire_pollution,0.0,0.925,HIGH_CONFIDENCE,DUPLICATE_EXACT,1,MANUAL_REVIEW_REQUIRED,distance=0.00m; nom=1.00; commune=1.00; priorite=5,#2563eb,check-circle,HIGH_CONFIDENCE,POINT(571335 430725),POINT(571335 430725),POINT(571335 430725),POINT(571335 430725)
2843ecc4-a16a-4d5b-985d-7c0ce7ab2e34,e60088e9-cf94-4e41-ae65-a5390866b4b8,infra.huilerie_inventaire_pollution,a43de7fd-3cfc-4e19-a113-8996d6de9590,GHAOUI Med et consorts,HUILERIE,5b2b6773-49d9-4de0-b7ef-8b597a7813d7,GHAOUI Med et consorts,infra.huilerie_inventaire_pollution,0.0,0.925,HIGH_CONFIDENCE,DUPLICATE_EXACT,1,MANUAL_REVIEW_REQUIRED,distance=0.00m; nom=1.00; commune=1.00; priorite=5,#2563eb,check-circle,HIGH_CONFIDENCE,POINT(584564 428008),POINT(584564 428008),POINT(584564 428008),POINT(584564 428008)
44c0448a-4fa3-422a-8aee-f3c186d2092e,e60088e9-cf94-4e41-ae65-a5390866b4b8,infra.huilerie_inventaire_pollution,896d658a-09ae-4247-b0be-fe03dde8c925,H.ABDESSALLAM OUCHOUAA,HUILERIE,0489acb6-f516-44da-9dbd-8ca6a2fceed3,H.ABDESSALLAM OUCHOUAA,infra.huilerie_inventaire_pollution,0.0,0.925,HIGH_CONFIDENCE,DUPLICATE_EXACT,1,MANUAL_REVIEW_REQUIRED,distance=0.00m; nom=1.00; commune=1.00; priorite=5,#2563eb,check-circle,HIGH_CONFIDENCE,POINT(476546 357414),POINT(476546 357414),POINT(476546 357414),POINT(476546 357414)
204ebbd2-33c7-4bf4-ad4e-505a3af261d9,e60088e9-cf94-4e41-ae65-a5390866b4b8,infra.huilerie_inventaire_pollution,10cb5025-d885-444b-b6a1-19434055f820,Ghiata algharbia,HUILERIE,2fa82045-05c6-428b-9d94-be48077e8f07,Ghiata algharbia,infra.huilerie_inventaire_pollution,0.0,0.925,HIGH_CONFIDENCE,DUPLICATE_EXACT,1,MANUAL_REVIEW_REQUIRED,distance=0.00m; nom=1.00; commune=1.00; priorite=5,#2563eb,check-circle,HIGH_CONFIDENCE,POINT(601152 398658),POINT(601152 398658),POINT(601152 398658),POINT(601152 398658)
fde5b1e3-ed99-47ff-9478-2cb3c0ddb0f2,e60088e9-cf94-4e41-ae65-a5390866b4b8,infra.huilerie_inventaire_pollution,2f4a37e2-c7fc-465f-945b-ed4f99e463a6,GIE,HUILERIE,36068bfe-347f-43cb-9594-e782a483a970,GIE,infra.huilerie_inventaire_pollution,0.0,0.925,HIGH_CONFIDENCE,DUPLICATE_EXACT,1,MANUAL_REVIEW_REQUIRED,distance=0.00m; nom=1.00; commune=1.00; priorite=5,#2563eb,check-circle,HIGH_CONFIDENCE,POINT(564076 358286),POINT(564076 358286),POINT(564076 358286),POINT(564076 358286)
c33f45fc-d1f1-4ea6-8dca-500e2459daf7,e60088e9-cf94-4e41-ae65-a5390866b4b8,infra.huilerie_inventaire_pollution,c28fc345-53d5-40d0-8dbf-9d88cce646ac,Gie Ain Aicha,HUILERIE,7299209a-e16e-4c56-a1a6-17ed1777e1dd,Gie Ain Aicha,infra.huilerie_inventaire_pollution,0.0,0.925,HIGH_CONFIDENCE,DUPLICATE_EXACT,1,MANUAL_REVIEW_REQUIRED,distance=0.00m; nom=1.00; commune=1.00; priorite=5,#2563eb,check-circle,HIGH_CONFIDENCE,POINT(568048 424634),POINT(568048 424634),POINT(568048 424634),POINT(568048 424634)
2ae22e40-4d78-4a3c-8c5b-3087b59373f9,e60088e9-cf94-4e41-ae65-a5390866b4b8,infra.huilerie_inventaire_pollution,89fb8ae9-506b-44d2-b638-abdf5e4e8676,Gie Alwahda Ghafsai,HUILERIE,136aa6b2-a8dc-4ea0-9129-0c72420ff2ab,Gie Alwahda Ghafsai,infra.huilerie_inventaire_pollution,0.0,0.925,HIGH_CONFIDENCE,DUPLICATE_EXACT,1,MANUAL_REVIEW_REQUIRED,distance=0.00m; nom=1.00; commune=1.00; priorite=5,#2563eb,check-circle,HIGH_CONFIDENCE,POINT(522446 439602),POINT(522446 439602),POINT(522446 439602),POINT(522446 439602)
b3430435-49e4-4bcd-958f-8f9d35be8128,e60088e9-cf94-4e41-ae65-a5390866b4b8,infra.huilerie_inventaire_pollution,944b6fd6-7bda-46fe-9a8d-684ac097ce2c,H.ANOOR,HUILERIE,5b82802c-c9ff-423b-be14-ffec16e23dde,H.ANOOR,infra.huilerie_inventaire_pollution,0.0,0.925,HIGH_CONFIDENCE,DUPLICATE_EXACT,1,MANUAL_REVIEW_REQUIRED,distance=0.00m; nom=1.00; commune=1.00; priorite=5,#2563eb,check-circle,HIGH_CONFIDENCE,POINT(512025 374254),POINT(512025 374254),POINT(512025 374254),POINT(512025 374254)
43475469-757a-4def-b435-d25ecda085f6,e60088e9-cf94-4e41-ae65-a5390866b4b8,infra.huilerie_inventaire_pollution,8a3fa7aa-7b82-46ab-a766-e1ff28cd0412,GIE Jnane Ouazzane,HUILERIE,5b446acd-31a4-4609-8106-b5bc0f88bbd1,GIE Jnane Ouazzane,infra.huilerie_inventaire_pollution,0.0,0.925,HIGH_CONFIDENCE,DUPLICATE_EXACT,1,MANUAL_REVIEW_REQUIRED,distance=0.00m; nom=1.00; commune=1.00; priorite=5,#2563eb,check-circle,HIGH_CONFIDENCE,POINT(485756.69 456200.3),POINT(485756.69 456200.3),POINT(485756.69 456200.3),POINT(485756.69 456200.3)
c5451284-8031-4bbc-90dd-5e0d407291b0,e60088e9-cf94-4e41-ae65-a5390866b4b8,infra.huilerie_inventaire_pollution,b422287c-937e-4e1a-b504-78313dc350ba,GIE LAMTA FES,HUILERIE,0dbae4c5-76f7-43a2-b9fe-fb0350f290de,GIE LAMTA FES,infra.huilerie_inventaire_pollution,0.0,0.925,HIGH_CONFIDENCE,DUPLICATE_EXACT,1,MANUAL_REVIEW_REQUIRED,distance=0.00m; nom=1.00; commune=1.00; priorite=5,#2563eb,check-circle,HIGH_CONFIDENCE,POINT(534429.37 393872.88),POINT(534429.37 393872.88),POINT(534429.37 393872.88),POINT(534429.37 393872.88)
36b0674f-9905-4647-8b1c-188f6fbaa2fc,e60088e9-cf94-4e41-ae65-a5390866b4b8,infra.huilerie_inventaire_pollution,965b8856-a2ba-4c68-9476-ddab4d46cda8,Gie Olea Jabalia,HUILERIE,42f237fd-ab8b-4fff-bed1-ec2ea9629707,Gie Olea Jabalia,infra.huilerie_inventaire_pollution,0.0,0.925,HIGH_CONFIDENCE,DUPLICATE_EXACT,1,MANUAL_REVIEW_REQUIRED,distance=0.00m; nom=1.00; commune=1.00; priorite=5,#2563eb,check-circle,HIGH_CONFIDENCE,POINT(589085 444011),POINT(589085 444011),POINT(589085 444011),POINT(589085 444011)
8e79068e-81a0-4577-8eb9-e4553dfdb965,e60088e9-cf94-4e41-ae65-a5390866b4b8,infra.huilerie_inventaire_pollution,0f047c34-8323-4862-9a58-72d496df38d2,GIE PRODUITS DE TERROIR WALILI,HUILERIE,a2ad5ec5-6efa-43e8-804e-e21223bac40e,GIE PRODUITS DE TERROIR WALILI,infra.huilerie_inventaire_pollution,0.0,0.925,HIGH_CONFIDENCE,DUPLICATE_EXACT,1,MANUAL_REVIEW_REQUIRED,distance=0.00m; nom=1.00; commune=1.00; priorite=5,#2563eb,check-circle,HIGH_CONFIDENCE,POINT(500376 389783),POINT(500376 389783),POINT(500376 389783),POINT(500376 389783)
8e46e367-007f-4ea4-85ea-adfb914db813,e60088e9-cf94-4e41-ae65-a5390866b4b8,infra.huilerie_inventaire_pollution,606f4ff0-1791-4174-bb22-dc290d4f60c9,GIE Tsouli,HUILERIE,1b25789a-cc9e-4942-9814-dedda992ba02,GIE Tsouli,infra.huilerie_inventaire_pollution,0.0,0.925,HIGH_CONFIDENCE,DUPLICATE_EXACT,1,MANUAL_REVIEW_REQUIRED,distance=0.00m; nom=1.00; commune=1.00; priorite=5,#2563eb,check-circle,HIGH_CONFIDENCE,POINT(600980 411834),POINT(600980 411834),POINT(600980 411834),POINT(600980 411834)
ed9346f5-c342-4d54-8d23-d76b67d5385c,e60088e9-cf94-4e41-ae65-a5390866b4b8,infra.huilerie_inventaire_pollution,f013e17d-8a7c-42d6-93d6-c7045b77bd50,"H, BEN MOUSSA",HUILERIE,ef0693c9-198f-46b6-875f-d24e33d0329f,"H, BEN MOUSSA",infra.huilerie_inventaire_pollution,0.0,0.925,HIGH_CONFIDENCE,DUPLICATE_EXACT,1,MANUAL_REVIEW_REQUIRED,distance=0.00m; nom=1.00; commune=1.00; priorite=5,#2563eb,check-circle,HIGH_CONFIDENCE,POINT(488637.87 384208.25),POINT(488637.87 384208.25),POINT(488637.87 384208.25),POINT(488637.87 384208.25)
50337eb6-082b-46d0-89e3-85b9b2fb4bef,e60088e9-cf94-4e41-ae65-a5390866b4b8,infra.huilerie_inventaire_pollution,70e1ef92-588c-4b4c-82a6-731e861184c4,"H, KHALID MOUALIJ",HUILERIE,77046c88-db08-4508-a9f0-8f7cb036ad02,"H, KHALID MOUALIJ",infra.huilerie_inventaire_pollution,0.0,0.925,HIGH_CONFIDENCE,DUPLICATE_EXACT,1,MANUAL_REVIEW_REQUIRED,distance=0.00m; nom=1.00; commune=1.00; priorite=5,#2563eb,check-circle,HIGH_CONFIDENCE,POINT(494334 379340),POINT(494334 379340),POINT(494334 379340),POINT(494334 379340)
d4f4fde8-78db-4949-bacb-3a05fdcd80c9,e60088e9-cf94-4e41-ae65-a5390866b4b8,infra.huilerie_inventaire_pollution,8df49451-6719-42f7-a7c0-f2c960dee84f,"H, ZGAGH MOHAMED",HUILERIE,423135aa-ac1f-4449-82ec-10a72f9c9b40,"H, ZGAGH MOHAMED",infra.huilerie_inventaire_pollution,0.0,0.925,HIGH_CONFIDENCE,DUPLICATE_EXACT,1,MANUAL_REVIEW_REQUIRED,distance=0.00m; nom=1.00; commune=1.00; priorite=5,#2563eb,check-circle,HIGH_CONFIDENCE,POINT(486167 387350),POINT(486167 387350),POINT(486167 387350),POINT(486167 387350)
8f8ff23e-606e-4d57-859f-194593383c81,e60088e9-cf94-4e41-ae65-a5390866b4b8,infra.huilerie_inventaire_pollution,8d1257f3-1785-416a-a2a1-3815197fc57d,"H,BOUHDIOUI",HUILERIE,f4b1b063-2ade-40b6-9a17-e2b237cda50c,"H,BOUHDIOUI",infra.huilerie_inventaire_pollution,0.0,0.925,HIGH_CONFIDENCE,DUPLICATE_EXACT,1,MANUAL_REVIEW_REQUIRED,distance=0.00m; nom=1.00; commune=1.00; priorite=5,#2563eb,check-circle,HIGH_CONFIDENCE,POINT(551902 359291),POINT(551902 359291),POINT(551902 359291),POINT(551902 359291)
4dad5092-68db-4cec-9c1e-1c5e42b78c42,e60088e9-cf94-4e41-ae65-a5390866b4b8,infra.huilerie_inventaire_pollution,675d9cd3-939f-46e5-9d46-01bb723d6a8d,"H,CHAJARA EL MOBARAKA",HUILERIE,ea5c5a68-be00-4414-bcf9-066ebc471585,"H,CHAJARA EL MOBARAKA",infra.huilerie_inventaire_pollution,0.0,0.925,HIGH_CONFIDENCE,DUPLICATE_EXACT,1,MANUAL_REVIEW_REQUIRED,distance=0.00m; nom=1.00; commune=1.00; priorite=5,#2563eb,check-circle,HIGH_CONFIDENCE,POINT(534681 391557),POINT(534681 391557),POINT(534681 391557),POINT(534681 391557)
667b57e7-100a-41c2-b32f-4c704d1ed979,e60088e9-cf94-4e41-ae65-a5390866b4b8,infra.huilerie_inventaire_pollution,7a118c0f-b5c9-4834-a554-1b08a3efdb05,"H,DRISS NAJI",HUILERIE,3eeae7fb-9ff3-4678-9437-aa1f1300d845,"H,DRISS NAJI",infra.huilerie_inventaire_pollution,0.0,0.925,HIGH_CONFIDENCE,DUPLICATE_EXACT,1,MANUAL_REVIEW_REQUIRED,distance=0.00m; nom=1.00; commune=1.00; priorite=5,#2563eb,check-circle,HIGH_CONFIDENCE,POINT(531864 401051),POINT(531864 401051),POINT(531864 401051),POINT(531864 401051)
e8a44249-c8e0-4ab9-b5ae-a9c5e412814a,e60088e9-cf94-4e41-ae65-a5390866b4b8,infra.huilerie_inventaire_pollution,724b28a3-0ba0-4a9e-b491-8e7a4f467e24,"H,EL BARAKA",HUILERIE,ebf8fe79-81ae-402e-b2d1-7378571e268c,"H,EL BARAKA",infra.huilerie_inventaire_pollution,0.0,0.925,HIGH_CONFIDENCE,DUPLICATE_EXACT,1,MANUAL_REVIEW_REQUIRED,distance=0.00m; nom=1.00; commune=1.00; priorite=5,#2563eb,check-circle,HIGH_CONFIDENCE,POINT(536552 390510),POINT(536552 390510),POINT(536552 390510),POINT(536552 390510)
5efe9bef-eb94-4783-8fae-da52c333dcc7,e60088e9-cf94-4e41-ae65-a5390866b4b8,infra.huilerie_inventaire_pollution,0f6133cb-3396-4d08-86dd-27966bb38c59,"H,EL FALLAH",HUILERIE,c4f1d1e0-73d7-4bb5-9a58-9a69349b991d,"H,EL FALLAH",infra.huilerie_inventaire_pollution,0.0,0.925,HIGH_CONFIDENCE,DUPLICATE_EXACT,1,MANUAL_REVIEW_REQUIRED,distance=0.00m; nom=1.00; commune=1.00; priorite=5,#2563eb,check-circle,HIGH_CONFIDENCE,POINT(548691 367343),POINT(548691 367343),POINT(548691 367343),POINT(548691 367343)
5c36940d-573a-4e29-898c-e5a48661c1a5,e60088e9-cf94-4e41-ae65-a5390866b4b8,infra.huilerie_inventaire_pollution,d65c24a0-8401-4df2-b2e5-145e1a199838,"H,EL MASIRA",HUILERIE,2e1c7830-d70d-4491-8b9a-603772af536f,"H,EL MASIRA",infra.huilerie_inventaire_pollution,0.0,0.925,HIGH_CONFIDENCE,DUPLICATE_EXACT,1,MANUAL_REVIEW_REQUIRED,distance=0.00m; nom=1.00; commune=1.00; priorite=5,#2563eb,check-circle,HIGH_CONFIDENCE,POINT(531600.49 375662.71),POINT(531600.49 375662.71),POINT(531600.49 375662.71),POINT(531600.49 375662.71)
e2da8bd7-11be-42d8-9285-f5a81e94bf12,e60088e9-cf94-4e41-ae65-a5390866b4b8,infra.huilerie_inventaire_pollution,f1644b1e-d0db-418a-83e4-707f311a1ab1,"H,OUERYAGHLI ADNAN",HUILERIE,6ec91ed0-6f67-44c8-a99b-cdc4f9df2806,"H,OUERYAGHLI ADNAN",infra.huilerie_inventaire_pollution,0.0,0.925,HIGH_CONFIDENCE,DUPLICATE_EXACT,1,MANUAL_REVIEW_REQUIRED,distance=0.00m; nom=1.00; commune=1.00; priorite=5,#2563eb,check-circle,HIGH_CONFIDENCE,POINT(488591.95 384219.03),POINT(488591.95 384219.03),POINT(488591.95 384219.03),POINT(488591.95 384219.03)
4741fe44-be54-454e-8141-8555232949a0,e60088e9-cf94-4e41-ae65-a5390866b4b8,infra.huilerie_inventaire_pollution,ea6d1e9c-2905-4adc-80e5-38ca8bdbface,"H,SAHL SAYS",HUILERIE,f6d0148c-f502-40fa-9f5c-1f319424e1b0,"H,SAHL SAYS",infra.huilerie_inventaire_pollution,0.0,0.925,HIGH_CONFIDENCE,DUPLICATE_EXACT,1,MANUAL_REVIEW_REQUIRED,distance=0.00m; nom=1.00; commune=1.00; priorite=5,#2563eb,check-circle,HIGH_CONFIDENCE,POINT(496904 389985),POINT(496904 389985),POINT(496904 389985),POINT(496904 389985)
ac5ce19c-09a9-45f4-8e73-8dc7228f0363,e60088e9-cf94-4e41-ae65-a5390866b4b8,infra.huilerie_inventaire_pollution,0f841958-fe21-427c-a641-5c58e7623d5e,"H,YOUSSEF",HUILERIE,0951d912-b6cd-49d6-948c-2d65f509d652,"H,YOUSSEF",infra.huilerie_inventaire_pollution,0.0,0.925,HIGH_CONFIDENCE,DUPLICATE_EXACT,1,MANUAL_REVIEW_REQUIRED,distance=0.00m; nom=1.00; commune=1.00; priorite=5,#2563eb,check-circle,HIGH_CONFIDENCE,POINT(545648 370087),POINT(545648 370087),POINT(545648 370087),POINT(545648 370087)
1d08c1af-dfc3-41cc-b88d-057299b4474a,e60088e9-cf94-4e41-ae65-a5390866b4b8,infra.huilerie_inventaire_pollution,7d480636-6562-4e8b-8e5a-90af1be9c732,"H,YOUSSEF MKDAD",HUILERIE,5c292b4b-1a7f-4eef-b58f-de87a83a43d4,"H,YOUSSEF MKDAD",infra.huilerie_inventaire_pollution,0.0,0.925,HIGH_CONFIDENCE,DUPLICATE_EXACT,1,MANUAL_REVIEW_REQUIRED,distance=0.00m; nom=1.00; commune=1.00; priorite=5,#2563eb,check-circle,HIGH_CONFIDENCE,POINT(513814.06 375566.9),POINT(513814.06 375566.9),POINT(513814.06 375566.9),POINT(513814.06 375566.9)
3ddc564c-3913-40e8-ba0d-00b03b2d02a8,e60088e9-cf94-4e41-ae65-a5390866b4b8,infra.huilerie_inventaire_pollution,b209901c-e3ab-4186-9ee3-41676b356171,H. SFAR,HUILERIE,51fe363c-cf35-4d8a-92f5-7e185bc84e44,H. SFAR,infra.huilerie_inventaire_pollution,0.0,0.925,HIGH_CONFIDENCE,DUPLICATE_EXACT,1,MANUAL_REVIEW_REQUIRED,distance=0.00m; nom=1.00; commune=1.00; priorite=5,#2563eb,check-circle,HIGH_CONFIDENCE,POINT(555888.99 358070.8),POINT(555888.99 358070.8),POINT(555888.99 358070.8),POINT(555888.99 358070.8)
487649d8-1974-4d3b-b813-95d98bd27406,e60088e9-cf94-4e41-ae65-a5390866b4b8,infra.huilerie_inventaire_pollution,5ec6eb8a-5412-42d0-b84f-99e07ce09aa6,H.ABDELKADAR TAZI,HUILERIE,3846efc6-583b-438d-8021-abfb588b7bd4,H.ABDELKADAR TAZI,infra.huilerie_inventaire_pollution,0.0,0.925,HIGH_CONFIDENCE,DUPLICATE_EXACT,1,MANUAL_REVIEW_REQUIRED,distance=0.00m; nom=1.00; commune=1.00; priorite=5,#2563eb,check-circle,HIGH_CONFIDENCE,POINT(527800.64 360705.98),POINT(527800.64 360705.98),POINT(527800.64 360705.98),POINT(527800.64 360705.98)
2e790d57-4067-4ce8-9732-e99921d34a2e,e60088e9-cf94-4e41-ae65-a5390866b4b8,infra.huilerie_inventaire_pollution,93d69704-991c-4722-846c-98e24ac53706,H.AFRIQUIA,HUILERIE,7e05d762-77f8-40e8-9b7c-2ca56fda5840,H.AFRIQUIA,infra.huilerie_inventaire_pollution,0.0,0.925,HIGH_CONFIDENCE,DUPLICATE_EXACT,1,MANUAL_REVIEW_REQUIRED,distance=0.00m; nom=1.00; commune=1.00; priorite=5,#2563eb,check-circle,HIGH_CONFIDENCE,POINT(508544.15 372170.52),POINT(508544.15 372170.52),POINT(508544.15 372170.52),POINT(508544.15 372170.52)
53be7463-7e11-4e32-91d4-9145fb62545b,e60088e9-cf94-4e41-ae65-a5390866b4b8,infra.huilerie_inventaire_pollution,b1daaac1-3af8-4d67-b3d2-55aa3815656d,H.AIN SANIA,HUILERIE,ff9f454a-c0be-442d-b8db-22c5da5b642c,H.AIN SANIA,infra.huilerie_inventaire_pollution,0.0,0.925,HIGH_CONFIDENCE,DUPLICATE_EXACT,1,MANUAL_REVIEW_REQUIRED,distance=0.00m; nom=1.00; commune=1.00; priorite=5,#2563eb,check-circle,HIGH_CONFIDENCE,POINT(537170.41 390467.21),POINT(537170.41 390467.21),POINT(537170.41 390467.21),POINT(537170.41 390467.21)
cfe1983b-1d66-4ab4-b9a4-9213fdaef6ba,e60088e9-cf94-4e41-ae65-a5390866b4b8,infra.huilerie_inventaire_pollution,97e2a079-4605-4215-9dfe-411e3125c8d1,H.AL FADLE,HUILERIE,10779ec2-5b0c-45f3-9363-4c4b99235756,H.AL FADLE,infra.huilerie_inventaire_pollution,0.0,0.925,HIGH_CONFIDENCE,DUPLICATE_EXACT,1,MANUAL_REVIEW_REQUIRED,distance=0.00m; nom=1.00; commune=1.00; priorite=5,#2563eb,check-circle,HIGH_CONFIDENCE,POINT(512360.6 374364.03),POINT(512360.6 374364.03),POINT(512360.6 374364.03),POINT(512360.6 374364.03)
e99c5733-cd97-4b6f-8a5a-ae5268a0dfb8,e60088e9-cf94-4e41-ae65-a5390866b4b8,infra.huilerie_inventaire_pollution,6ecd685b-0f2a-4650-8c89-ff5b93d3a4ff,H.ALLAMI BATTAS,HUILERIE,3029e4a6-eb61-4b1c-b8c4-f65eb2b045a2,H.ALLAMI BATTAS,infra.huilerie_inventaire_pollution,0.0,0.925,HIGH_CONFIDENCE,DUPLICATE_EXACT,1,MANUAL_REVIEW_REQUIRED,distance=0.00m; nom=1.00; commune=1.00; priorite=5,#2563eb,check-circle,HIGH_CONFIDENCE,POINT(488492 388070),POINT(488492 388070),POINT(488492 388070),POINT(488492 388070)
e34962d1-9e5d-4549-99be-72d2ab48aa60,e60088e9-cf94-4e41-ae65-a5390866b4b8,infra.huilerie_inventaire_pollution,a2f0e49f-259b-4bfe-a8e6-cff7321f9cb6,H.AMRI,HUILERIE,83855cb8-b45f-4668-b6f4-59f8d2bab049,H.AMRI,infra.huilerie_inventaire_pollution,0.0,0.925,HIGH_CONFIDENCE,DUPLICATE_EXACT,1,MANUAL_REVIEW_REQUIRED,distance=0.00m; nom=1.00; commune=1.00; priorite=5,#2563eb,check-circle,HIGH_CONFIDENCE,POINT(479472 358692),POINT(479472 358692),POINT(479472 358692),POINT(479472 358692)
2b15851e-bb28-4572-8c62-1a9747ef640f,e60088e9-cf94-4e41-ae65-a5390866b4b8,infra.huilerie_inventaire_pollution,71a9d3bd-804e-4cf9-bb14-59bb40a0dcd4,H.ASSALA,HUILERIE,745898cb-8140-44e1-9ec5-f12a8a6122cf,H.ASSALA,infra.huilerie_inventaire_pollution,0.0,0.925,HIGH_CONFIDENCE,DUPLICATE_EXACT,1,MANUAL_REVIEW_REQUIRED,distance=0.00m; nom=1.00; commune=1.00; priorite=5,#2563eb,check-circle,HIGH_CONFIDENCE,POINT(489977 388796),POINT(489977 388796),POINT(489977 388796),POINT(489977 388796)
f9c0d551-77f4-4090-ba82-20f3dbf066b8,e60088e9-cf94-4e41-ae65-a5390866b4b8,infra.huilerie_inventaire_pollution,ea4f1ba9-2419-4d21-b5d1-e25b9d802b61,H.BELAID,HUILERIE,bdd6e1ab-e5b9-4a71-bbac-45796b195dbb,H.BELAID,infra.huilerie_inventaire_pollution,0.0,0.925,HIGH_CONFIDENCE,DUPLICATE_EXACT,1,MANUAL_REVIEW_REQUIRED,distance=0.00m; nom=1.00; commune=1.00; priorite=5,#2563eb,check-circle,HIGH_CONFIDENCE,POINT(513030 374861),POINT(513030 374861),POINT(513030 374861),POINT(513030 374861)
468c5159-e66c-4c9f-9730-b2e055b1453c,e60088e9-cf94-4e41-ae65-a5390866b4b8,infra.huilerie_inventaire_pollution,fcf31a06-b0fe-4a85-a669-be4c08292f51,H.ben lmahdi,HUILERIE,a03f8faa-0fa4-4660-929f-808415ebda10,H.ben lmahdi,infra.huilerie_inventaire_pollution,0.0,0.925,HIGH_CONFIDENCE,DUPLICATE_EXACT,1,MANUAL_REVIEW_REQUIRED,distance=0.00m; nom=1.00; commune=1.00; priorite=5,#2563eb,check-circle,HIGH_CONFIDENCE,POINT(513240 375215),POINT(513240 375215),POINT(513240 375215),POINT(513240 375215)
f26c2740-97e3-4f02-b315-e1a843070e90,e60088e9-cf94-4e41-ae65-a5390866b4b8,infra.huilerie_inventaire_pollution,3e3c9092-12eb-4e67-8d17-502fd12ff24a,H.BENAYAD,HUILERIE,615fd7a8-89ae-4c1a-809b-8862d297e868,H.BENAYAD,infra.huilerie_inventaire_pollution,0.0,0.925,HIGH_CONFIDENCE,DUPLICATE_EXACT,1,MANUAL_REVIEW_REQUIRED,distance=0.00m; nom=1.00; commune=1.00; priorite=5,#2563eb,check-circle,HIGH_CONFIDENCE,POINT(590582 359273),POINT(590582 359273),POINT(590582 359273),POINT(590582 359273)
d8551a14-a30d-4a2c-a3f1-d2f6db6731ef,e60088e9-cf94-4e41-ae65-a5390866b4b8,infra.huilerie_inventaire_pollution,132582ea-f075-4ab9-a546-fa3f520c37ba,H.bengraa khalid,HUILERIE,ab515cd3-84c7-4435-ab4a-858132eb875c,H.bengraa khalid,infra.huilerie_inventaire_pollution,0.0,0.925,HIGH_CONFIDENCE,DUPLICATE_EXACT,1,MANUAL_REVIEW_REQUIRED,distance=0.00m; nom=1.00; commune=1.00; priorite=5,#2563eb,check-circle,HIGH_CONFIDENCE,POINT(502408 371778),POINT(502408 371778),POINT(502408 371778),POINT(502408 371778)
742b7b19-73cb-43f9-bb17-a1a66feadc04,e60088e9-cf94-4e41-ae65-a5390866b4b8,infra.huilerie_inventaire_pollution,56e4fca9-dfdc-436d-be63-9e7aba5625ba,H.BISMILLAH,HUILERIE,934b873b-16df-452d-9761-483004577129,H.BISMILLAH,infra.huilerie_inventaire_pollution,0.0,0.925,HIGH_CONFIDENCE,DUPLICATE_EXACT,1,MANUAL_REVIEW_REQUIRED,distance=0.00m; nom=1.00; commune=1.00; priorite=5,#2563eb,check-circle,HIGH_CONFIDENCE,POINT(595044 356853),POINT(595044 356853),POINT(595044 356853),POINT(595044 356853)
395f2857-c762-4151-b333-580aafddea39,e60088e9-cf94-4e41-ae65-a5390866b4b8,infra.huilerie_inventaire_pollution,a3b6a729-04b8-4647-8046-e41a71d7a0ae,H.BISMILLAH RASS LAINE,HUILERIE,1761519c-ee9e-426a-a21a-2f2281c28cb8,H.BISMILLAH RASS LAINE,infra.huilerie_inventaire_pollution,0.0,0.925,HIGH_CONFIDENCE,DUPLICATE_EXACT,1,MANUAL_REVIEW_REQUIRED,distance=0.00m; nom=1.00; commune=1.00; priorite=5,#2563eb,check-circle,HIGH_CONFIDENCE,POINT(505730 382317),POINT(505730 382317),POINT(505730 382317),POINT(505730 382317)
d89eab3b-80be-49ed-bc96-3d69591372c0,e60088e9-cf94-4e41-ae65-a5390866b4b8,infra.huilerie_inventaire_pollution,2850e9d6-cf73-4f3a-9b9f-d71063888b86,H.BOIDIS,HUILERIE,eaac5cd4-37a7-4fbf-98f2-ce383a10b5ed,H.BOIDIS,infra.huilerie_inventaire_pollution,0.0,0.925,HIGH_CONFIDENCE,DUPLICATE_EXACT,1,MANUAL_REVIEW_REQUIRED,distance=0.00m; nom=1.00; commune=1.00; priorite=5,#2563eb,check-circle,HIGH_CONFIDENCE,POINT(568109 359541),POINT(568109 359541),POINT(568109 359541),POINT(568109 359541)
8b98a7ce-1210-4572-8b17-1bc5a4b306cc,e60088e9-cf94-4e41-ae65-a5390866b4b8,infra.huilerie_inventaire_pollution,af341d86-e23b-4102-885f-c9fdb1f90585,H.bongab abdessallam,HUILERIE,40eaeabb-e7c0-4f13-beef-3b545be7a9b7,H.bongab abdessallam,infra.huilerie_inventaire_pollution,0.0,0.925,HIGH_CONFIDENCE,DUPLICATE_EXACT,1,MANUAL_REVIEW_REQUIRED,distance=0.00m; nom=1.00; commune=1.00; priorite=5,#2563eb,check-circle,HIGH_CONFIDENCE,POINT(502818 370047),POINT(502818 370047),POINT(502818 370047),POINT(502818 370047)
5653d4c2-91b1-4799-a9e4-40ab02ce90d7,e60088e9-cf94-4e41-ae65-a5390866b4b8,infra.huilerie_inventaire_pollution,a90fd0e7-38d4-4cda-8d6a-e9c91ded8932,H.BOUAAOUDA,HUILERIE,8925cba7-d796-48bd-9fb5-b880768c835f,H.BOUAAOUDA,infra.huilerie_inventaire_pollution,0.0,0.925,HIGH_CONFIDENCE,DUPLICATE_EXACT,1,MANUAL_REVIEW_REQUIRED,distance=0.00m; nom=1.00; commune=1.00; priorite=5,#2563eb,check-circle,HIGH_CONFIDENCE,POINT(506659 381324),POINT(506659 381324),POINT(506659 381324),POINT(506659 381324)
8dcc6031-126b-4bed-809c-ab15f4f1b0b8,e60088e9-cf94-4e41-ae65-a5390866b4b8,infra.huilerie_inventaire_pollution,952879a3-e2f6-44bc-9719-07a334457cce,H.BOUAYAD,HUILERIE,9adb4369-be51-4eb6-8ef7-54ddf94d71a4,H.BOUAYAD,infra.huilerie_inventaire_pollution,0.0,0.925,HIGH_CONFIDENCE,DUPLICATE_EXACT,1,MANUAL_REVIEW_REQUIRED,distance=0.00m; nom=1.00; commune=1.00; priorite=5,#2563eb,check-circle,HIGH_CONFIDENCE,POINT(520040.24 382982.68),POINT(520040.24 382982.68),POINT(520040.24 382982.68),POINT(520040.24 382982.68)
6dfa734a-d49f-4f6a-aea8-9aed72fcb918,e60088e9-cf94-4e41-ae65-a5390866b4b8,infra.huilerie_inventaire_pollution,c39e9a72-aa4f-4aec-8d85-8e0d742b2bd4,H.BRAHIM ZNIBAR,HUILERIE,1cdb97c4-2e83-44ee-af52-05eb07008047,H.BRAHIM ZNIBAR,infra.huilerie_inventaire_pollution,0.0,0.925,HIGH_CONFIDENCE,DUPLICATE_EXACT,1,MANUAL_REVIEW_REQUIRED,distance=0.00m; nom=1.00; commune=1.00; priorite=5,#2563eb,check-circle,HIGH_CONFIDENCE,POINT(503163.57 354099.84),POINT(503163.57 354099.84),POINT(503163.57 354099.84),POINT(503163.57 354099.84)
f123505d-d800-434e-a968-a28a41cb5295,e60088e9-cf94-4e41-ae65-a5390866b4b8,infra.huilerie_inventaire_pollution,7fbe575c-4172-4b19-ab37-dcd4a8a01fbc,H.DARIH,HUILERIE,7ae31183-778b-4661-aae5-b1db55092a1d,H.DARIH,infra.huilerie_inventaire_pollution,0.0,0.925,HIGH_CONFIDENCE,DUPLICATE_EXACT,1,MANUAL_REVIEW_REQUIRED,distance=0.00m; nom=1.00; commune=1.00; priorite=5,#2563eb,check-circle,HIGH_CONFIDENCE,POINT(566285 355297),POINT(566285 355297),POINT(566285 355297),POINT(566285 355297)
2a848220-e79e-4a25-a538-adaeac29809f,e60088e9-cf94-4e41-ae65-a5390866b4b8,infra.huilerie_inventaire_pollution,182b2801-ad40-4273-85be-6d6c0c72113a,H.DOUKALI,HUILERIE,8018b320-f36d-46c6-bb84-a5add380b489,H.DOUKALI,infra.huilerie_inventaire_pollution,0.0,0.925,HIGH_CONFIDENCE,DUPLICATE_EXACT,1,MANUAL_REVIEW_REQUIRED,distance=0.00m; nom=1.00; commune=1.00; priorite=5,#2563eb,check-circle,HIGH_CONFIDENCE,POINT(513160 374940),POINT(513160 374940),POINT(513160 374940),POINT(513160 374940)
48eabcda-46fd-4b16-b1b3-d8be5928f4ca,e60088e9-cf94-4e41-ae65-a5390866b4b8,infra.huilerie_inventaire_pollution,cdacd6b1-0f24-49f2-b601-82d414b2cc04,H.DRISS BOUAYADI,HUILERIE,ec7dcf28-1b43-4bb5-9594-e6fd23acedcf,H.DRISS BOUAYADI,infra.huilerie_inventaire_pollution,0.0,0.925,HIGH_CONFIDENCE,DUPLICATE_EXACT,1,MANUAL_REVIEW_REQUIRED,distance=0.00m; nom=1.00; commune=1.00; priorite=5,#2563eb,check-circle,HIGH_CONFIDENCE,POINT(504029 384976),POINT(504029 384976),POINT(504029 384976),POINT(504029 384976)
8b29bd84-219e-451c-8348-ba5a085180da,e60088e9-cf94-4e41-ae65-a5390866b4b8,infra.huilerie_inventaire_pollution,ed15e140-b4e6-4371-b81d-1060eb02d502,H.EL BARAKA,HUILERIE,12443e98-d41e-474d-a5b1-779374f7a302,H.EL BARAKA,infra.huilerie_inventaire_pollution,0.0,0.925,HIGH_CONFIDENCE,DUPLICATE_EXACT,1,MANUAL_REVIEW_REQUIRED,distance=0.00m; nom=1.00; commune=1.00; priorite=5,#2563eb,check-circle,HIGH_CONFIDENCE,POINT(515242 381378),POINT(515242 381378),POINT(515242 381378),POINT(515242 381378)
96bc2a94-7bc8-4c37-8896-d6d1e4a8aa51,e60088e9-cf94-4e41-ae65-a5390866b4b8,infra.huilerie_inventaire_pollution,037dbd1c-7b3e-47a3-9d67-f79f4a7f9e4d,H.EL BARAKA,HUILERIE,31f55044-e6c3-4006-90ea-3bb7a2a5dc7f,H.EL BARAKA,infra.huilerie_inventaire_pollution,0.0,0.925,HIGH_CONFIDENCE,DUPLICATE_EXACT,1,MANUAL_REVIEW_REQUIRED,distance=0.00m; nom=1.00; commune=1.00; priorite=5,#2563eb,check-circle,HIGH_CONFIDENCE,POINT(527863 360736),POINT(527863 360736),POINT(527863 360736),POINT(527863 360736)
f5394b79-8c9b-4c69-b9f7-4f99a7573f40,e60088e9-cf94-4e41-ae65-a5390866b4b8,infra.huilerie_inventaire_pollution,85ac63e2-b6d6-4ab1-a0ce-311143bc7038,H.EL BARAKA,HUILERIE,c208302b-bb68-4132-be07-51133a875b7e,H.EL BARAKA,infra.huilerie_inventaire_pollution,0.0,0.925,HIGH_CONFIDENCE,DUPLICATE_EXACT,1,MANUAL_REVIEW_REQUIRED,distance=0.00m; nom=1.00; commune=1.00; priorite=5,#2563eb,check-circle,HIGH_CONFIDENCE,POINT(525610.57 400914.03),POINT(525610.57 400914.03),POINT(525610.57 400914.03),POINT(525610.57 400914.03)
7eff4cd5-4c47-4a68-bc66-ebcf741e1c5b,e60088e9-cf94-4e41-ae65-a5390866b4b8,infra.huilerie_inventaire_pollution,53b4326e-f097-4504-9ac4-6dfeeede8218,H.EL BARAKA,HUILERIE,920698c1-3a10-493e-8830-3872f68e588d,H.EL BARAKA,infra.huilerie_inventaire_pollution,0.0,0.925,HIGH_CONFIDENCE,DUPLICATE_EXACT,1,MANUAL_REVIEW_REQUIRED,distance=0.00m; nom=1.00; commune=1.00; priorite=5,#2563eb,check-circle,HIGH_CONFIDENCE,POINT(486170.74 390377.55),POINT(486170.74 390377.55),POINT(486170.74 390377.55),POINT(486170.74 390377.55)
01bee757-14d8-4898-8924-e9f02094359b,e60088e9-cf94-4e41-ae65-a5390866b4b8,infra.huilerie_inventaire_pollution,835e4c84-5d65-40d9-b6b0-0ee2e9770c8a,H.EL JAOUDA,HUILERIE,31f15708-d334-4017-ab3b-bbea55e5f821,H.EL JAOUDA,infra.huilerie_inventaire_pollution,0.0,0.925,HIGH_CONFIDENCE,DUPLICATE_EXACT,1,MANUAL_REVIEW_REQUIRED,distance=0.00m; nom=1.00; commune=1.00; priorite=5,#2563eb,check-circle,HIGH_CONFIDENCE,POINT(515926 383615),POINT(515926 383615),POINT(515926 383615),POINT(515926 383615)
8315c9d5-90b6-44a8-9aef-b931dc047de9,e60088e9-cf94-4e41-ae65-a5390866b4b8,infra.huilerie_inventaire_pollution,c9338ec8-489a-4960-a6d0-2b547190f75f,H.EL KARAM,HUILERIE,f8c37f0c-60f6-4295-b913-edfd50ceb7ab,H.EL KARAM,infra.huilerie_inventaire_pollution,0.0,0.925,HIGH_CONFIDENCE,DUPLICATE_EXACT,1,MANUAL_REVIEW_REQUIRED,distance=0.00m; nom=1.00; commune=1.00; priorite=5,#2563eb,check-circle,HIGH_CONFIDENCE,POINT(511769 374122),POINT(511769 374122),POINT(511769 374122),POINT(511769 374122)
0301fa36-bcbd-47f0-b255-ef6cd89dd210,e60088e9-cf94-4e41-ae65-a5390866b4b8,infra.huilerie_inventaire_pollution,c9bcd912-af18-4a30-9f39-fc69faab3b46,H.EL KHAYR,HUILERIE,ad4b3ace-f3c1-4b60-b4a5-c9abbf89e6bc,H.EL KHAYR,infra.huilerie_inventaire_pollution,0.0,0.925,HIGH_CONFIDENCE,DUPLICATE_EXACT,1,MANUAL_REVIEW_REQUIRED,distance=0.00m; nom=1.00; commune=1.00; priorite=5,#2563eb,check-circle,HIGH_CONFIDENCE,POINT(494017 383066),POINT(494017 383066),POINT(494017 383066),POINT(494017 383066)
2fac4f7b-5bb5-45d7-8d36-0885bb3b97ff,e60088e9-cf94-4e41-ae65-a5390866b4b8,infra.huilerie_inventaire_pollution,13e39f7f-c3eb-4d6a-ad9b-bc7764477e49,H.el ouaste Mohammed,HUILERIE,2243dcd3-cc81-4541-b65d-36e5ac9d8f9a,H.el ouaste Mohammed,infra.huilerie_inventaire_pollution,0.0,0.925,HIGH_CONFIDENCE,DUPLICATE_EXACT,1,MANUAL_REVIEW_REQUIRED,distance=0.00m; nom=1.00; commune=1.00; priorite=5,#2563eb,check-circle,HIGH_CONFIDENCE,POINT(488083.489 383911.448),POINT(488083.489 383911.448),POINT(488083.489 383911.448),POINT(488083.489 383911.448)
a9065e07-cd20-4ac2-bb25-cd7e45bef7f2,e60088e9-cf94-4e41-ae65-a5390866b4b8,infra.huilerie_inventaire_pollution,cd35682b-0269-42a8-8b77-0e5e1a2d18be,H.EL OUATYA,HUILERIE,1ec3a544-7331-4551-b576-c267e4fe81f8,H.EL OUATYA,infra.huilerie_inventaire_pollution,0.0,0.925,HIGH_CONFIDENCE,DUPLICATE_EXACT,1,MANUAL_REVIEW_REQUIRED,distance=0.00m; nom=1.00; commune=1.00; priorite=5,#2563eb,check-circle,HIGH_CONFIDENCE,POINT(521795.47 399807.66),POINT(521795.47 399807.66),POINT(521795.47 399807.66),POINT(521795.47 399807.66)
63cd56e5-bc6b-4dc4-a4ae-d2b34060dbd2,e60088e9-cf94-4e41-ae65-a5390866b4b8,infra.huilerie_inventaire_pollution,7d4c81d1-b226-4c1c-ad8e-bc8dc27e562d,H.HAJ LKHAYAT,HUILERIE,34e51ba1-4e4c-486f-876f-c8668884806b,H.HAJ LKHAYAT,infra.huilerie_inventaire_pollution,0.0,0.925,HIGH_CONFIDENCE,DUPLICATE_EXACT,1,MANUAL_REVIEW_REQUIRED,distance=0.00m; nom=1.00; commune=1.00; priorite=5,#2563eb,check-circle,HIGH_CONFIDENCE,POINT(510897.75 375830.67),POINT(510897.75 375830.67),POINT(510897.75 375830.67),POINT(510897.75 375830.67)
8f15cdd1-654b-423b-9732-74568562a2e4,e60088e9-cf94-4e41-ae65-a5390866b4b8,infra.huilerie_inventaire_pollution,8619b76d-f940-4b90-9724-6d9b6691d996,H.HAJ MIMOUN CHACHOU,HUILERIE,1fc57149-4b5d-48ff-9ca3-c7b2b7065b37,H.HAJ MIMOUN CHACHOU,infra.huilerie_inventaire_pollution,0.0,0.925,HIGH_CONFIDENCE,DUPLICATE_EXACT,1,MANUAL_REVIEW_REQUIRED,distance=0.00m; nom=1.00; commune=1.00; priorite=5,#2563eb,check-circle,HIGH_CONFIDENCE,POINT(502960.31 357147.87),POINT(502960.31 357147.87),POINT(502960.31 357147.87),POINT(502960.31 357147.87)
7834e786-cf79-4a73-b95e-19dd5ed9f7dd,e60088e9-cf94-4e41-ae65-a5390866b4b8,infra.huilerie_inventaire_pollution,a32a35a4-8804-49d8-906b-79d730814eae,H.HAJ MOHAMED,HUILERIE,dff1e7ea-b1da-467c-ad9a-bc1b29523b37,H.HAJ MOHAMED,infra.huilerie_inventaire_pollution,0.0,0.925,HIGH_CONFIDENCE,DUPLICATE_EXACT,1,MANUAL_REVIEW_REQUIRED,distance=0.00m; nom=1.00; commune=1.00; priorite=5,#2563eb,check-circle,HIGH_CONFIDENCE,POINT(593841.86 356285.9),POINT(593841.86 356285.9),POINT(593841.86 356285.9),POINT(593841.86 356285.9)
85154cc2-935a-4f28-9703-9011b7a081fd,e60088e9-cf94-4e41-ae65-a5390866b4b8,infra.huilerie_inventaire_pollution,daf725db-46b6-4c26-a76a-117fc2408311,H.HAJAR,HUILERIE,a4c72713-56ac-4835-a0cb-10208a0d6851,H.HAJAR,infra.huilerie_inventaire_pollution,0.0,0.925,HIGH_CONFIDENCE,DUPLICATE_EXACT,1,MANUAL_REVIEW_REQUIRED,distance=0.00m; nom=1.00; commune=1.00; priorite=5,#2563eb,check-circle,HIGH_CONFIDENCE,POINT(512055 374297),POINT(512055 374297),POINT(512055 374297),POINT(512055 374297)
bd010d4e-44b1-42c3-8851-2f9096bf33c7,e60088e9-cf94-4e41-ae65-a5390866b4b8,infra.huilerie_inventaire_pollution,7f8143d9-ca17-4e66-a51c-da9d5a0a302e,H.JBEL ZARHOUN,HUILERIE,1194c91e-b63a-4eb8-8eeb-899f73e3b724,H.JBEL ZARHOUN,infra.huilerie_inventaire_pollution,0.0,0.925,HIGH_CONFIDENCE,DUPLICATE_EXACT,1,MANUAL_REVIEW_REQUIRED,distance=0.00m; nom=1.00; commune=1.00; priorite=5,#2563eb,check-circle,HIGH_CONFIDENCE,POINT(484816.67 375834.51),POINT(484816.67 375834.51),POINT(484816.67 375834.51),POINT(484816.67 375834.51)
2b0c4a0c-d94c-40af-b59c-fea1207dbfc1,e60088e9-cf94-4e41-ae65-a5390866b4b8,infra.huilerie_inventaire_pollution,88eda6fe-ac27-4c80-bb02-3d43c1e94e9a,H.JEBAR,HUILERIE,4a72ac77-2460-4b88-9c84-7f6728e78e9c,H.JEBAR,infra.huilerie_inventaire_pollution,0.0,0.925,HIGH_CONFIDENCE,DUPLICATE_EXACT,1,MANUAL_REVIEW_REQUIRED,distance=0.00m; nom=1.00; commune=1.00; priorite=5,#2563eb,check-circle,HIGH_CONFIDENCE,POINT(477488 358584),POINT(477488 358584),POINT(477488 358584),POINT(477488 358584)
c19e1ec9-b90f-4d56-b0f3-187db02855a1,e60088e9-cf94-4e41-ae65-a5390866b4b8,infra.huilerie_inventaire_pollution,5c9d0192-2b57-4a10-8fb4-3694d8f01af2,H.KARDOUNE MOHAMED,HUILERIE,d4b960b4-f2a8-401c-be0e-245cf9e65a0d,H.KARDOUNE MOHAMED,infra.huilerie_inventaire_pollution,0.0,0.925,HIGH_CONFIDENCE,DUPLICATE_EXACT,1,MANUAL_REVIEW_REQUIRED,distance=0.00m; nom=1.00; commune=1.00; priorite=5,#2563eb,check-circle,HIGH_CONFIDENCE,POINT(579404 366805),POINT(579404 366805),POINT(579404 366805),POINT(579404 366805)
0b63a261-f6a4-4a6d-9683-e0cebc490e3e,e60088e9-cf94-4e41-ae65-a5390866b4b8,infra.huilerie_inventaire_pollution,f49afe80-a2ea-4b7c-83ef-1eb4c6bc4711,H.kazdari,HUILERIE,4b15134b-76d9-46de-829a-a270f2143980,H.kazdari,infra.huilerie_inventaire_pollution,0.0,0.925,HIGH_CONFIDENCE,DUPLICATE_EXACT,1,MANUAL_REVIEW_REQUIRED,distance=0.00m; nom=1.00; commune=1.00; priorite=5,#2563eb,check-circle,HIGH_CONFIDENCE,POINT(513805 375540),POINT(513805 375540),POINT(513805 375540),POINT(513805 375540)
19eb5c65-95c1-4eb6-944e-3eee9e665903,e60088e9-cf94-4e41-ae65-a5390866b4b8,infra.huilerie_inventaire_pollution,80b119f5-7259-4934-8f25-6a4d093d4aa8,H.khanchaoui dris,HUILERIE,c802ad72-3f3b-407f-a49c-2697a063e38d,H.khanchaoui dris,infra.huilerie_inventaire_pollution,0.0,0.925,HIGH_CONFIDENCE,DUPLICATE_EXACT,1,MANUAL_REVIEW_REQUIRED,distance=0.00m; nom=1.00; commune=1.00; priorite=5,#2563eb,check-circle,HIGH_CONFIDENCE,POINT(502626 372228),POINT(502626 372228),POINT(502626 372228),POINT(502626 372228)
bf18bb40-91ea-4a76-abdb-4e1b4fcbb6a4,e60088e9-cf94-4e41-ae65-a5390866b4b8,infra.huilerie_inventaire_pollution,35ab5f1f-c62a-47e8-9d4a-a622e37d0ceb,H.LAAMARTI,HUILERIE,4becc80d-31b1-4449-aa6d-4e37c418cb2d,H.LAAMARTI,infra.huilerie_inventaire_pollution,0.0,0.925,HIGH_CONFIDENCE,DUPLICATE_EXACT,1,MANUAL_REVIEW_REQUIRED,distance=0.00m; nom=1.00; commune=1.00; priorite=5,#2563eb,check-circle,HIGH_CONFIDENCE,POINT(494803 382870),POINT(494803 382870),POINT(494803 382870),POINT(494803 382870)
fd44475c-1ade-4669-946d-2c301ade0d43,e60088e9-cf94-4e41-ae65-a5390866b4b8,infra.huilerie_inventaire_pollution,c3a75105-0dce-46d8-a059-bafd748bca14,H.LAGNAOUI HMED,HUILERIE,3b640b2f-a3c9-4809-88ad-25f569c45654,H.LAGNAOUI HMED,infra.huilerie_inventaire_pollution,0.0,0.925,HIGH_CONFIDENCE,DUPLICATE_EXACT,1,MANUAL_REVIEW_REQUIRED,distance=0.00m; nom=1.00; commune=1.00; priorite=5,#2563eb,check-circle,HIGH_CONFIDENCE,POINT(517948.7 372323.15),POINT(517948.7 372323.15),POINT(517948.7 372323.15),POINT(517948.7 372323.15)
2f0fbb11-6007-47f7-8052-6f3c33e94b99,e60088e9-cf94-4e41-ae65-a5390866b4b8,infra.huilerie_inventaire_pollution,320d797b-0539-453c-ac5d-ebc0692b05d8,H.lalla joumana,HUILERIE,71370851-16ec-4862-b6fa-27cf12ebf194,H.lalla joumana,infra.huilerie_inventaire_pollution,0.0,0.925,HIGH_CONFIDENCE,DUPLICATE_EXACT,1,MANUAL_REVIEW_REQUIRED,distance=0.00m; nom=1.00; commune=1.00; priorite=5,#2563eb,check-circle,HIGH_CONFIDENCE,POINT(495702.79 371117.42),POINT(495702.79 371117.42),POINT(495702.79 371117.42),POINT(495702.79 371117.42)
93c8fed3-ff4e-48d5-9b3b-ad3da3466f58,e60088e9-cf94-4e41-ae65-a5390866b4b8,infra.huilerie_inventaire_pollution,9aec3317-65eb-4386-b782-932f023b1892,H.LMKADAM SAID,HUILERIE,785d27ef-a146-463f-a9be-2ee5f741e0eb,H.LMKADAM SAID,infra.huilerie_inventaire_pollution,0.0,0.925,HIGH_CONFIDENCE,DUPLICATE_EXACT,1,MANUAL_REVIEW_REQUIRED,distance=0.00m; nom=1.00; commune=1.00; priorite=5,#2563eb,check-circle,HIGH_CONFIDENCE,POINT(477077 357052),POINT(477077 357052),POINT(477077 357052),POINT(477077 357052)
07a36540-edb3-44d5-be16-6611adb0ba60,e60088e9-cf94-4e41-ae65-a5390866b4b8,infra.huilerie_inventaire_pollution,e910d767-f429-4a4a-9b9b-44ed40369c00,H.MAMOUNIA,HUILERIE,fa9bbc64-700b-49b3-a59b-3de99c534bfc,H.MAMOUNIA,infra.huilerie_inventaire_pollution,0.0,0.925,HIGH_CONFIDENCE,DUPLICATE_EXACT,1,MANUAL_REVIEW_REQUIRED,distance=0.00m; nom=1.00; commune=1.00; priorite=5,#2563eb,check-circle,HIGH_CONFIDENCE,POINT(533033.97 364323.79),POINT(533033.97 364323.79),POINT(533033.97 364323.79),POINT(533033.97 364323.79)
cd0edbf9-6a6c-4e30-95d2-267e95495aa2,e60088e9-cf94-4e41-ae65-a5390866b4b8,infra.huilerie_inventaire_pollution,67c6b1ea-c057-4368-98df-7d4536f3c06b,H.MARIF,HUILERIE,d96d9168-4fbc-4a3b-b75a-06d298d89d92,H.MARIF,infra.huilerie_inventaire_pollution,0.0,0.925,HIGH_CONFIDENCE,DUPLICATE_EXACT,1,MANUAL_REVIEW_REQUIRED,distance=0.00m; nom=1.00; commune=1.00; priorite=5,#2563eb,check-circle,HIGH_CONFIDENCE,POINT(545640 370255),POINT(545640 370255),POINT(545640 370255),POINT(545640 370255)
2016ee7d-a6c8-4235-953a-e465106a1521,e60088e9-cf94-4e41-ae65-a5390866b4b8,infra.huilerie_inventaire_pollution,f33253c1-7de7-47f9-be71-b687ec0d5fa8,H.MDAZ ALLAL,HUILERIE,6cc2ea41-bcc4-4248-8d8c-310c67d591df,H.MDAZ ALLAL,infra.huilerie_inventaire_pollution,0.0,0.925,HIGH_CONFIDENCE,DUPLICATE_EXACT,1,MANUAL_REVIEW_REQUIRED,distance=0.00m; nom=1.00; commune=1.00; priorite=5,#2563eb,check-circle,HIGH_CONFIDENCE,POINT(492677 372619),POINT(492677 372619),POINT(492677 372619),POINT(492677 372619)
bf58be01-dd51-4f03-8f4f-96e9a0e083e5,e60088e9-cf94-4e41-ae65-a5390866b4b8,infra.huilerie_inventaire_pollution,222e96a2-10cb-4021-a2f3-f8bc97b0d3d2,H.MOHAMED  FAHSSI,HUILERIE,81799bd3-ad73-4a16-957e-383b1b0c3ba8,H.MOHAMED  FAHSSI,infra.huilerie_inventaire_pollution,0.0,0.925,HIGH_CONFIDENCE,DUPLICATE_EXACT,1,MANUAL_REVIEW_REQUIRED,distance=0.00m; nom=1.00; commune=1.00; priorite=5,#2563eb,check-circle,HIGH_CONFIDENCE,POINT(510983 376767),POINT(510983 376767),POINT(510983 376767),POINT(510983 376767)
77a3c4d6-b483-40d6-bbc5-13805a5db738,e60088e9-cf94-4e41-ae65-a5390866b4b8,infra.huilerie_inventaire_pollution,83662c71-c752-4157-9517-cb757629d3e1,H.MONSIF,HUILERIE,f1056c63-4f7c-4f71-8cc4-05076cac9bf5,H.MONSIF,infra.huilerie_inventaire_pollution,0.0,0.925,HIGH_CONFIDENCE,DUPLICATE_EXACT,1,MANUAL_REVIEW_REQUIRED,distance=0.00m; nom=1.00; commune=1.00; priorite=5,#2563eb,check-circle,HIGH_CONFIDENCE,POINT(589471 358645),POINT(589471 358645),POINT(589471 358645),POINT(589471 358645)
2014fe80-51b4-4046-b978-f4717af6d01d,e60088e9-cf94-4e41-ae65-a5390866b4b8,infra.huilerie_inventaire_pollution,abf706b6-ae67-438f-8160-ca0e945edaec,H.MOULAY DRISS EL AZHAR,HUILERIE,a8f1aa7d-ab3f-4481-b88d-eecf17acb649,H.MOULAY DRISS EL AZHAR,infra.huilerie_inventaire_pollution,0.0,0.925,HIGH_CONFIDENCE,DUPLICATE_EXACT,1,MANUAL_REVIEW_REQUIRED,distance=0.00m; nom=1.00; commune=1.00; priorite=5,#2563eb,check-circle,HIGH_CONFIDENCE,POINT(530057.05 391037.84),POINT(530057.05 391037.84),POINT(530057.05 391037.84),POINT(530057.05 391037.84)
f648bce0-adb9-4992-9942-8ec3c624ad09,e60088e9-cf94-4e41-ae65-a5390866b4b8,infra.huilerie_inventaire_pollution,6f04bc0c-d6ce-45c3-9800-58d003f7bc31,H.NACHATE,HUILERIE,9670b40b-2291-463b-a96b-e71f352d2fd0,H.NACHATE,infra.huilerie_inventaire_pollution,0.0,0.925,HIGH_CONFIDENCE,DUPLICATE_EXACT,1,MANUAL_REVIEW_REQUIRED,distance=0.00m; nom=1.00; commune=1.00; priorite=5,#2563eb,check-circle,HIGH_CONFIDENCE,POINT(511777.04 364651.48),POINT(511777.04 364651.48),POINT(511777.04 364651.48),POINT(511777.04 364651.48)
855f07f0-0692-431f-9b81-fddd38426a14,e60088e9-cf94-4e41-ae65-a5390866b4b8,infra.huilerie_inventaire_pollution,2bd9d9ec-1a29-46a0-b4ff-88e95509f914,H.OUELD BEN SLIMANE,HUILERIE,1856bb29-fa42-496d-ba67-5bb698b6d1c3,H.OUELD BEN SLIMANE,infra.huilerie_inventaire_pollution,0.0,0.925,HIGH_CONFIDENCE,DUPLICATE_EXACT,1,MANUAL_REVIEW_REQUIRED,distance=0.00m; nom=1.00; commune=1.00; priorite=5,#2563eb,check-circle,HIGH_CONFIDENCE,POINT(502358 370181),POINT(502358 370181),POINT(502358 370181),POINT(502358 370181)
f4e5247e-ee94-4eae-8b69-5996ffac9360,e60088e9-cf94-4e41-ae65-a5390866b4b8,infra.huilerie_inventaire_pollution,af6262f3-4f58-45ab-a654-7f48d345705f,H.OULAD NAJAT,HUILERIE,a18f02aa-e75b-4bce-8d72-4099ce869c76,H.OULAD NAJAT,infra.huilerie_inventaire_pollution,0.0,0.925,HIGH_CONFIDENCE,DUPLICATE_EXACT,1,MANUAL_REVIEW_REQUIRED,distance=0.00m; nom=1.00; commune=1.00; priorite=5,#2563eb,check-circle,HIGH_CONFIDENCE,POINT(519864.14 380654.6),POINT(519864.14 380654.6),POINT(519864.14 380654.6),POINT(519864.14 380654.6)
ba367bd3-9f88-4084-812f-86bf87e382eb,e60088e9-cf94-4e41-ae65-a5390866b4b8,infra.huilerie_inventaire_pollution,961d517f-d2b1-4b15-b48f-d50bfc943b64,H.SAHEL ABDERRAHMANE,HUILERIE,c70b723c-6369-4ce7-8e1f-505be2d805df,H.SAHEL ABDERRAHMANE,infra.huilerie_inventaire_pollution,0.0,0.925,HIGH_CONFIDENCE,DUPLICATE_EXACT,1,MANUAL_REVIEW_REQUIRED,distance=0.00m; nom=1.00; commune=1.00; priorite=5,#2563eb,check-circle,HIGH_CONFIDENCE,POINT(510788 375962),POINT(510788 375962),POINT(510788 375962),POINT(510788 375962)
c1e69603-4c5e-4e09-8879-476235acd320,e60088e9-cf94-4e41-ae65-a5390866b4b8,infra.huilerie_inventaire_pollution,1b6cd1cf-3bf3-4582-9bb4-1f6ca4c633a0,H.SGHIR,HUILERIE,1b65ac7d-89b2-4c99-8ecd-c0d33cae6f33,H.SGHIR,infra.huilerie_inventaire_pollution,0.0,0.925,HIGH_CONFIDENCE,DUPLICATE_EXACT,1,MANUAL_REVIEW_REQUIRED,distance=0.00m; nom=1.00; commune=1.00; priorite=5,#2563eb,check-circle,HIGH_CONFIDENCE,POINT(580899 357329),POINT(580899 357329),POINT(580899 357329),POINT(580899 357329)
6691735c-0e76-4a89-9af4-6dfa5e701a27,e60088e9-cf94-4e41-ae65-a5390866b4b8,infra.huilerie_inventaire_pollution,607110bc-295d-4c80-b3af-68571c5ba48c,H.SLINI ABDELHAK,HUILERIE,865b974e-8d2e-4f73-a66a-cc620535338d,H.SLINI ABDELHAK,infra.huilerie_inventaire_pollution,0.0,0.925,HIGH_CONFIDENCE,DUPLICATE_EXACT,1,MANUAL_REVIEW_REQUIRED,distance=0.00m; nom=1.00; commune=1.00; priorite=5,#2563eb,check-circle,HIGH_CONFIDENCE,POINT(494741 370259),POINT(494741 370259),POINT(494741 370259),POINT(494741 370259)
50fcea73-9618-4de3-b7cb-2d3519964e87,e60088e9-cf94-4e41-ae65-a5390866b4b8,infra.huilerie_inventaire_pollution,ddfcce1d-3129-4e4c-aebd-bddf27e37764,H.STTU MHAMED,HUILERIE,4c9de65b-2e06-45fe-a79c-757f8fccdd34,H.STTU MHAMED,infra.huilerie_inventaire_pollution,0.0,0.925,HIGH_CONFIDENCE,DUPLICATE_EXACT,1,MANUAL_REVIEW_REQUIRED,distance=0.00m; nom=1.00; commune=1.00; priorite=5,#2563eb,check-circle,HIGH_CONFIDENCE,POINT(477364 356549),POINT(477364 356549),POINT(477364 356549),POINT(477364 356549)
8713278a-5866-4b64-b52a-56748857ffc5,e60088e9-cf94-4e41-ae65-a5390866b4b8,infra.huilerie_inventaire_pollution,a9d8ff2a-af21-47e6-ac02-c7f0e28fd036,H.VOLUBILIS S.A.R.L,HUILERIE,fafa5783-8785-4a3d-8372-f19cdc72a4d1,H.VOLUBILIS S.A.R.L,infra.huilerie_inventaire_pollution,0.0,0.925,HIGH_CONFIDENCE,DUPLICATE_EXACT,1,MANUAL_REVIEW_REQUIRED,distance=0.00m; nom=1.00; commune=1.00; priorite=5,#2563eb,check-circle,HIGH_CONFIDENCE,POINT(484873.42 375958.84),POINT(484873.42 375958.84),POINT(484873.42 375958.84),POINT(484873.42 375958.84)
5010567a-5696-4ef5-b865-4a9bc912209f,e60088e9-cf94-4e41-ae65-a5390866b4b8,infra.huilerie_inventaire_pollution,94f71d66-724b-459d-a18b-aa5df7ff3f42,H.YAHYAOUI ABDENABI,HUILERIE,6a641973-fb86-46e5-94ac-f219cd9c5961,H.YAHYAOUI ABDENABI,infra.huilerie_inventaire_pollution,0.0,0.925,HIGH_CONFIDENCE,DUPLICATE_EXACT,1,MANUAL_REVIEW_REQUIRED,distance=0.00m; nom=1.00; commune=1.00; priorite=5,#2563eb,check-circle,HIGH_CONFIDENCE,POINT(493871 379560),POINT(493871 379560),POINT(493871 379560),POINT(493871 379560)
ee8892e6-0372-4cf5-8f63-2274feb0d558,e60088e9-cf94-4e41-ae65-a5390866b4b8,infra.huilerie_inventaire_pollution,ca7a9a4b-dc01-4e84-a80e-7fcd90e6d9bb,H.ZAMOURI/MAAROUFI,HUILERIE,7cb2a6d4-ee39-4d6b-898f-f80a40ffc801,H.ZAMOURI/MAAROUFI,infra.huilerie_inventaire_pollution,0.0,0.925,HIGH_CONFIDENCE,DUPLICATE_EXACT,1,MANUAL_REVIEW_REQUIRED,distance=0.00m; nom=1.00; commune=1.00; priorite=5,#2563eb,check-circle,HIGH_CONFIDENCE,POINT(492726 372720),POINT(492726 372720),POINT(492726 372720),POINT(492726 372720)
08e974a6-cdce-4952-9adc-79ddd9d785c7,e60088e9-cf94-4e41-ae65-a5390866b4b8,infra.huilerie_inventaire_pollution,2807f23d-41a5-4cd1-9133-2dc6d3795d66,H.ZAYTOUN AL AKHAOUAYNE,HUILERIE,7f84d151-34a6-4d8a-9c61-56829b5e0325,H.ZAYTOUN AL AKHAOUAYNE,infra.huilerie_inventaire_pollution,0.0,0.925,HIGH_CONFIDENCE,DUPLICATE_EXACT,1,MANUAL_REVIEW_REQUIRED,distance=0.00m; nom=1.00; commune=1.00; priorite=5,#2563eb,check-circle,HIGH_CONFIDENCE,POINT(528985 364217),POINT(528985 364217),POINT(528985 364217),POINT(528985 364217)
7ddc78e2-e090-4328-9efa-85a44a7bdf98,e60088e9-cf94-4e41-ae65-a5390866b4b8,infra.huilerie_inventaire_pollution,6783f0bc-b2fa-47ff-898d-5c3f3d971d0c,H.ZAYTOUNA,HUILERIE,8a7aa555-8128-4a64-b281-defa41b6a10d,H.ZAYTOUNA,infra.huilerie_inventaire_pollution,0.0,0.925,HIGH_CONFIDENCE,DUPLICATE_EXACT,1,MANUAL_REVIEW_REQUIRED,distance=0.00m; nom=1.00; commune=1.00; priorite=5,#2563eb,check-circle,HIGH_CONFIDENCE,POINT(476254.46 339437.2),POINT(476254.46 339437.2),POINT(476254.46 339437.2),POINT(476254.46 339437.2)
9a352e30-ec84-4a2b-a44e-a48aba7c3f22,e60088e9-cf94-4e41-ae65-a5390866b4b8,infra.huilerie_inventaire_pollution,ecc49e86-760e-4804-a3b4-ac5451a140cf,Hachmi Ahmed,HUILERIE,3ddbebeb-c6b9-459a-a93f-408746541c6f,Hachmi Ahmed,infra.huilerie_inventaire_pollution,0.0,0.925,HIGH_CONFIDENCE,DUPLICATE_EXACT,1,MANUAL_REVIEW_REQUIRED,distance=0.00m; nom=1.00; commune=1.00; priorite=5,#2563eb,check-circle,HIGH_CONFIDENCE,POINT(588174 444133),POINT(588174 444133),POINT(588174 444133),POINT(588174 444133)
574254bd-276d-40ae-adc7-8dc82d11d99c,e60088e9-cf94-4e41-ae65-a5390866b4b8,infra.huilerie_inventaire_pollution,237f1b42-114c-4b8f-aaf5-16a242d514fb,Hamid Amarouch,HUILERIE,b4867e26-fbf7-4d00-b207-6a97f0fccfbd,Hamid Amarouch,infra.huilerie_inventaire_pollution,0.0,0.925,HIGH_CONFIDENCE,DUPLICATE_EXACT,1,MANUAL_REVIEW_REQUIRED,distance=0.00m; nom=1.00; commune=1.00; priorite=5,#2563eb,check-circle,HIGH_CONFIDENCE,POINT(497324.699 370210.828),POINT(497324.699 370210.828),POINT(497324.699 370210.828),POINT(497324.699 370210.828)
45d0b7fa-1c8e-4bb9-afbe-b7f277777b72,e60088e9-cf94-4e41-ae65-a5390866b4b8,infra.huilerie_inventaire_pollution,26e8a666-8b42-4f2f-be26-49350a896da4,HAMID LFAHSSI,HUILERIE,23484c11-adfb-49ff-9dac-7c82026f940c,HAMID LFAHSSI,infra.huilerie_inventaire_pollution,0.0,0.925,HIGH_CONFIDENCE,DUPLICATE_EXACT,1,MANUAL_REVIEW_REQUIRED,distance=0.00m; nom=1.00; commune=1.00; priorite=5,#2563eb,check-circle,HIGH_CONFIDENCE,POINT(490054 372840),POINT(490054 372840),POINT(490054 372840),POINT(490054 372840)
8d13d0ba-9209-4571-822a-469e781a0ed0,e60088e9-cf94-4e41-ae65-a5390866b4b8,infra.huilerie_inventaire_pollution,c17418b5-fa23-4298-af22-5aa0fa5d0456,HASSAN BOUAAYAD,HUILERIE,e86f0834-b842-44fe-9fac-413ba8c0163b,HASSAN BOUAAYAD,infra.huilerie_inventaire_pollution,0.0,0.925,HIGH_CONFIDENCE,DUPLICATE_EXACT,1,MANUAL_REVIEW_REQUIRED,distance=0.00m; nom=1.00; commune=1.00; priorite=5,#2563eb,check-circle,HIGH_CONFIDENCE,POINT(500818 383758),POINT(500818 383758),POINT(500818 383758),POINT(500818 383758)
afc81a96-2e75-4abe-81e4-546bf2072ee0,e60088e9-cf94-4e41-ae65-a5390866b4b8,infra.huilerie_inventaire_pollution,efcc437e-4ed3-4d99-a643-d43260882023,Hassan El Harassi,HUILERIE,2748bb60-0487-4a0b-ab61-250363ea756f,Hassan El Harassi,infra.huilerie_inventaire_pollution,0.0,0.925,HIGH_CONFIDENCE,DUPLICATE_EXACT,1,MANUAL_REVIEW_REQUIRED,distance=0.00m; nom=1.00; commune=1.00; priorite=5,#2563eb,check-circle,HIGH_CONFIDENCE,POINT(471118 353871),POINT(471118 353871),POINT(471118 353871),POINT(471118 353871)
64554c9c-7469-4ebf-ad47-28278dfa7448,e60088e9-cf94-4e41-ae65-a5390866b4b8,infra.huilerie_inventaire_pollution,61d0cee0-0a68-41e8-902c-d6a1d3d72433,Hassouni,HUILERIE,18246279-4e0f-4a00-a197-dee8ea25525b,Hassouni,infra.huilerie_inventaire_pollution,0.0,0.925,HIGH_CONFIDENCE,DUPLICATE_EXACT,1,MANUAL_REVIEW_REQUIRED,distance=0.00m; nom=1.00; commune=1.00; priorite=5,#2563eb,check-circle,HIGH_CONFIDENCE,POINT(534571 452945),POINT(534571 452945),POINT(534571 452945),POINT(534571 452945)
8b5382d7-5fcd-4469-9876-216453ce85ca,e60088e9-cf94-4e41-ae65-a5390866b4b8,infra.huilerie_inventaire_pollution,ff73d9fb-5777-4346-8cc9-2828743b4ca8,Hat hat,HUILERIE,9e48bc45-70eb-430c-af9e-670255b6abae,Hat hat,infra.huilerie_inventaire_pollution,0.0,0.925,HIGH_CONFIDENCE,DUPLICATE_EXACT,1,MANUAL_REVIEW_REQUIRED,distance=0.00m; nom=1.00; commune=1.00; priorite=5,#2563eb,check-circle,HIGH_CONFIDENCE,POINT(604797 399040),POINT(604797 399040),POINT(604797 399040),POINT(604797 399040)
8986def0-4595-4b4a-affa-f8450a35caed,e60088e9-cf94-4e41-ae65-a5390866b4b8,infra.huilerie_inventaire_pollution,8cf68fed-b399-48f4-87da-eafe72553f12,Héritier Abou Loula,HUILERIE,48835392-b347-448a-bdb2-f4cbab454cfe,Héritier Abou Loula,infra.huilerie_inventaire_pollution,0.0,0.925,HIGH_CONFIDENCE,DUPLICATE_EXACT,1,MANUAL_REVIEW_REQUIRED,distance=0.00m; nom=1.00; commune=1.00; priorite=5,#2563eb,check-circle,HIGH_CONFIDENCE,POINT(485573 379546),POINT(485573 379546),POINT(485573 379546),POINT(485573 379546)
292f2b7e-8ed6-473a-b4d8-c17ddbb9344d,e60088e9-cf94-4e41-ae65-a5390866b4b8,infra.huilerie_inventaire_pollution,c153b9fe-5662-4a7c-8d8a-103abaa87d42,Héritier Etouibi Hmad,HUILERIE,2d114757-4a11-4de9-b161-d0c0116fa4f5,Héritier Etouibi Hmad,infra.huilerie_inventaire_pollution,0.0,0.925,HIGH_CONFIDENCE,DUPLICATE_EXACT,1,MANUAL_REVIEW_REQUIRED,distance=0.00m; nom=1.00; commune=1.00; priorite=5,#2563eb,check-circle,HIGH_CONFIDENCE,POINT(488170 388403),POINT(488170 388403),POINT(488170 388403),POINT(488170 388403)
abc23b2c-5d95-4a68-a886-2e96a9249110,e60088e9-cf94-4e41-ae65-a5390866b4b8,infra.huilerie_inventaire_pollution,1c047035-5940-436d-a2a4-018496f3264a,Héritier Hlimi Hamid,HUILERIE,15e22abf-621b-4555-b705-f9cbede3b33a,Héritier Hlimi Hamid,infra.huilerie_inventaire_pollution,0.0,0.925,HIGH_CONFIDENCE,DUPLICATE_EXACT,1,MANUAL_REVIEW_REQUIRED,distance=0.00m; nom=1.00; commune=1.00; priorite=5,#2563eb,check-circle,HIGH_CONFIDENCE,POINT(500057 387232),POINT(500057 387232),POINT(500057 387232),POINT(500057 387232)
b9b81b3c-444f-4e8a-9db8-c0faa9464b58,e60088e9-cf94-4e41-ae65-a5390866b4b8,infra.huilerie_inventaire_pollution,7d087133-4b3a-42db-a740-7742f98e7325,Héritier Houmaini,HUILERIE,5be9539e-3a6a-47bf-adb5-c4df9acffa01,Héritier Houmaini,infra.huilerie_inventaire_pollution,0.0,0.925,HIGH_CONFIDENCE,DUPLICATE_EXACT,1,MANUAL_REVIEW_REQUIRED,distance=0.00m; nom=1.00; commune=1.00; priorite=5,#2563eb,check-circle,HIGH_CONFIDENCE,POINT(496752 388301),POINT(496752 388301),POINT(496752 388301),POINT(496752 388301)
48a9c6eb-0073-4965-93cf-56ae651f7a9a,e60088e9-cf94-4e41-ae65-a5390866b4b8,infra.huilerie_inventaire_pollution,cbde6c74-7791-4f6c-b7ee-b955c9588d2e,Héritiers BEN FARES MED,HUILERIE,64ccb710-0578-445e-8bff-d62dc0c6d831,Héritiers BEN FARES MED,infra.huilerie_inventaire_pollution,0.0,0.925,HIGH_CONFIDENCE,DUPLICATE_EXACT,1,MANUAL_REVIEW_REQUIRED,distance=0.00m; nom=1.00; commune=1.00; priorite=5,#2563eb,check-circle,HIGH_CONFIDENCE,POINT(565734 427165),POINT(565734 427165),POINT(565734 427165),POINT(565734 427165)
fec64910-f3dc-45e3-8958-1d4028f72ac0,e60088e9-cf94-4e41-ae65-a5390866b4b8,infra.huilerie_inventaire_pollution,08926f8b-9142-40e6-a941-ec4664b9b50d,Héritiers NADAH Med,HUILERIE,d42ab296-857e-48e7-9bb5-32f4f38c0b4c,Héritiers NADAH Med,infra.huilerie_inventaire_pollution,0.0,0.925,HIGH_CONFIDENCE,DUPLICATE_EXACT,1,MANUAL_REVIEW_REQUIRED,distance=0.00m; nom=1.00; commune=1.00; priorite=5,#2563eb,check-circle,HIGH_CONFIDENCE,POINT(564040 427843),POINT(564040 427843),POINT(564040 427843),POINT(564040 427843)
eb76b76d-a265-4b77-8b6b-4c1d2690589c,e60088e9-cf94-4e41-ae65-a5390866b4b8,infra.huilerie_inventaire_pollution,c6efd265-501d-44e5-a137-bd30d739fc1f,Hicham hanin,HUILERIE,d687bec4-e442-40e4-831f-d4717829a56b,Hicham hanin,infra.huilerie_inventaire_pollution,0.0,0.925,HIGH_CONFIDENCE,DUPLICATE_EXACT,1,MANUAL_REVIEW_REQUIRED,distance=0.00m; nom=1.00; commune=1.00; priorite=5,#2563eb,check-circle,HIGH_CONFIDENCE,POINT(589267 384150),POINT(589267 384150),POINT(589267 384150),POINT(589267 384150)
819f2829-b815-4e36-be4f-62c05fdd72c5,e60088e9-cf94-4e41-ae65-a5390866b4b8,infra.huilerie_inventaire_pollution,e5363fd3-bf67-4633-85d2-62d9ef6f3a70,Hida mbarka,HUILERIE,a8f4b352-02a4-455d-b9ec-dad5fbf6f52c,Hida mbarka,infra.huilerie_inventaire_pollution,0.0,0.925,HIGH_CONFIDENCE,DUPLICATE_EXACT,1,MANUAL_REVIEW_REQUIRED,distance=0.00m; nom=1.00; commune=1.00; priorite=5,#2563eb,check-circle,HIGH_CONFIDENCE,POINT(622986 408519),POINT(622986 408519),POINT(622986 408519),POINT(622986 408519)
891db684-ab78-4faf-9388-461fe5a712d0,e60088e9-cf94-4e41-ae65-a5390866b4b8,infra.huilerie_inventaire_pollution,530f99eb-3ddc-47ef-b41a-281b987756f0,Houncho,HUILERIE,c254b47b-e987-4e2e-9837-31cb2a7853a7,Houncho,infra.huilerie_inventaire_pollution,0.0,0.925,HIGH_CONFIDENCE,DUPLICATE_EXACT,1,MANUAL_REVIEW_REQUIRED,distance=0.00m; nom=1.00; commune=1.00; priorite=5,#2563eb,check-circle,HIGH_CONFIDENCE,POINT(619175 460005),POINT(619175 460005),POINT(619175 460005),POINT(619175 460005)
ad3d8b4a-0ca0-4930-accb-23edca72eb72,e60088e9-cf94-4e41-ae65-a5390866b4b8,infra.huilerie_inventaire_pollution,0b3f9c4f-bce8-4e6f-921f-22e962f2f03c,Huile d'olive reda,HUILERIE,79bb197b-4ee7-41e8-ab4a-64bed83d9e86,Huile d'olive reda,infra.huilerie_inventaire_pollution,0.0,0.925,HIGH_CONFIDENCE,DUPLICATE_EXACT,1,MANUAL_REVIEW_REQUIRED,distance=0.00m; nom=1.00; commune=1.00; priorite=5,#2563eb,check-circle,HIGH_CONFIDENCE,POINT(629771 404800),POINT(629771 404800),POINT(629771 404800),POINT(629771 404800)
618551a1-40cd-4c88-b6ed-0bae8a80605b,e60088e9-cf94-4e41-ae65-a5390866b4b8,infra.huilerie_inventaire_pollution,e32be06d-fd83-414f-8739-57f889e7740b,Huile nakhla,HUILERIE,19cb25c5-5ab9-42a5-91ba-1d522dc4a55d,Huile nakhla,infra.huilerie_inventaire_pollution,0.0,0.925,HIGH_CONFIDENCE,DUPLICATE_EXACT,1,MANUAL_REVIEW_REQUIRED,distance=0.00m; nom=1.00; commune=1.00; priorite=5,#2563eb,check-circle,HIGH_CONFIDENCE,POINT(600747 406156),POINT(600747 406156),POINT(600747 406156),POINT(600747 406156)
a4d514b1-0e1b-4250-a7f4-a571d5a9d9a2,e60088e9-cf94-4e41-ae65-a5390866b4b8,infra.huilerie_inventaire_pollution,cb4435d1-e081-4890-8038-7457bf2224df,Huilerie Abdelrahime BERZOUK,HUILERIE,1baa710b-d39b-45cf-ab64-75ef7f4945d6,Huilerie Abdelrahime BERZOUK,infra.huilerie_inventaire_pollution,0.0,0.925,HIGH_CONFIDENCE,DUPLICATE_EXACT,1,MANUAL_REVIEW_REQUIRED,distance=0.00m; nom=1.00; commune=1.00; priorite=5,#2563eb,check-circle,HIGH_CONFIDENCE,POINT(535526 401891),POINT(535526 401891),POINT(535526 401891),POINT(535526 401891)
2ad56845-b98e-4d1c-9f9b-aea79def7f3e,e60088e9-cf94-4e41-ae65-a5390866b4b8,infra.huilerie_inventaire_pollution,bf9c58b0-40ed-439e-b67f-0b1ba276be76,Huile Tresor Vert,HUILERIE,3cdff170-54ac-4454-8084-43a7d716a065,Huile Tresor Vert,infra.huilerie_inventaire_pollution,0.0,0.925,HIGH_CONFIDENCE,DUPLICATE_EXACT,1,MANUAL_REVIEW_REQUIRED,distance=0.00m; nom=1.00; commune=1.00; priorite=5,#2563eb,check-circle,HIGH_CONFIDENCE,POINT(543857 449480),POINT(543857 449480),POINT(543857 449480),POINT(543857 449480)
9287bbe4-c793-4763-8985-d2640457bc5b,e60088e9-cf94-4e41-ae65-a5390866b4b8,infra.huilerie_inventaire_pollution,8eff5e3d-3ceb-4e37-b26d-50d124248b1b,Huileire Beni Salah,HUILERIE,87762ac6-5361-4dec-a6a7-e45c2faf814e,Huileire Beni Salah,infra.huilerie_inventaire_pollution,0.0,0.925,HIGH_CONFIDENCE,DUPLICATE_EXACT,1,MANUAL_REVIEW_REQUIRED,distance=0.00m; nom=1.00; commune=1.00; priorite=5,#2563eb,check-circle,HIGH_CONFIDENCE,POINT(530625 484527),POINT(530625 484527),POINT(530625 484527),POINT(530625 484527)
63e3ce9c-24b2-444d-b626-39657b833cd1,e60088e9-cf94-4e41-ae65-a5390866b4b8,infra.huilerie_inventaire_pollution,a639b6f9-52b8-4ef0-860c-d8a500c9e8dd,Huileire Fifi,HUILERIE,fe1442b8-e68a-4579-aa0c-757d95c136e1,Huileire Fifi,infra.huilerie_inventaire_pollution,0.0,0.925,HIGH_CONFIDENCE,DUPLICATE_EXACT,1,MANUAL_REVIEW_REQUIRED,distance=0.00m; nom=1.00; commune=1.00; priorite=5,#2563eb,check-circle,HIGH_CONFIDENCE,POINT(514133 483110),POINT(514133 483110),POINT(514133 483110),POINT(514133 483110)
c5d37b07-b5f9-4118-b519-d3225bb0f4f2,e60088e9-cf94-4e41-ae65-a5390866b4b8,infra.huilerie_inventaire_pollution,1b51dd8b-f778-482d-86b6-fc628a50c89b,Huilerie   Rahma,HUILERIE,e7a19a5c-3979-40f7-926a-fc8e3b2797c6,Huilerie   Rahma,infra.huilerie_inventaire_pollution,0.0,0.925,HIGH_CONFIDENCE,DUPLICATE_EXACT,1,MANUAL_REVIEW_REQUIRED,distance=0.00m; nom=1.00; commune=1.00; priorite=5,#2563eb,check-circle,HIGH_CONFIDENCE,POINT(418355 364600),POINT(418355 364600),POINT(418355 364600),POINT(418355 364600)
4fb285a0-6899-42e3-8363-41cce1b87442,e60088e9-cf94-4e41-ae65-a5390866b4b8,infra.huilerie_inventaire_pollution,d2ab8063-5ac6-4929-b478-eab000fc50d5,Huilerie  Ziyane,HUILERIE,4a22a5cd-73e4-4bfe-993f-a93bfe03be90,Huilerie  Ziyane,infra.huilerie_inventaire_pollution,0.0,0.925,HIGH_CONFIDENCE,DUPLICATE_EXACT,1,MANUAL_REVIEW_REQUIRED,distance=0.00m; nom=1.00; commune=1.00; priorite=5,#2563eb,check-circle,HIGH_CONFIDENCE,POINT(421789 363631),POINT(421789 363631),POINT(421789 363631),POINT(421789 363631)
e9708556-bac9-4f43-b84e-298e6aa9df47,e60088e9-cf94-4e41-ae65-a5390866b4b8,infra.huilerie_inventaire_pollution,dd9296f3-6822-439f-a4e3-8aa9b05b9686,Huilerie Abdelali EL YAZAMI,HUILERIE,d1d7ecdd-ddb9-4686-9a55-5e13a4c10f75,Huilerie Abdelali EL YAZAMI,infra.huilerie_inventaire_pollution,0.0,0.925,HIGH_CONFIDENCE,DUPLICATE_EXACT,1,MANUAL_REVIEW_REQUIRED,distance=0.00m; nom=1.00; commune=1.00; priorite=5,#2563eb,check-circle,HIGH_CONFIDENCE,POINT(535504 401841),POINT(535504 401841),POINT(535504 401841),POINT(535504 401841)
9da5b9bb-8b20-4c22-8272-27de5947a4e6,e60088e9-cf94-4e41-ae65-a5390866b4b8,infra.huilerie_inventaire_pollution,22c64cba-563e-4543-88fb-d7541c98bf20,Huilerie Abdelaziz EL MELALI,HUILERIE,a89f3455-7987-44af-bb85-991b36264901,Huilerie Abdelaziz EL MELALI,infra.huilerie_inventaire_pollution,0.0,0.925,HIGH_CONFIDENCE,DUPLICATE_EXACT,1,MANUAL_REVIEW_REQUIRED,distance=0.00m; nom=1.00; commune=1.00; priorite=5,#2563eb,check-circle,HIGH_CONFIDENCE,POINT(537177 390460),POINT(537177 390460),POINT(537177 390460),POINT(537177 390460)
e5ebf1cf-3fd4-4b75-9191-beaa675720f1,e60088e9-cf94-4e41-ae65-a5390866b4b8,infra.huilerie_inventaire_pollution,3253ac31-d1e9-40d2-8280-c3feb5a98cce,Huilerie Abdelaziz MARZOUKI,HUILERIE,7870d873-76f6-4542-b915-975193bd2ad3,Huilerie Abdelaziz MARZOUKI,infra.huilerie_inventaire_pollution,0.0,0.925,HIGH_CONFIDENCE,DUPLICATE_EXACT,1,MANUAL_REVIEW_REQUIRED,distance=0.00m; nom=1.00; commune=1.00; priorite=5,#2563eb,check-circle,HIGH_CONFIDENCE,POINT(534537 400858),POINT(534537 400858),POINT(534537 400858),POINT(534537 400858)
e86faffe-f7ec-4ce6-b04e-dabedcfafafb,e60088e9-cf94-4e41-ae65-a5390866b4b8,infra.huilerie_inventaire_pollution,fee78261-0c2a-4d3a-bc26-5996067f1539,Huilerie Abdelhadi AZIM,HUILERIE,77f3b7d2-84a0-4850-9326-72abfe093e4b,Huilerie Abdelhadi AZIM,infra.huilerie_inventaire_pollution,0.0,0.925,HIGH_CONFIDENCE,DUPLICATE_EXACT,1,MANUAL_REVIEW_REQUIRED,distance=0.00m; nom=1.00; commune=1.00; priorite=5,#2563eb,check-circle,HIGH_CONFIDENCE,POINT(501785 402944),POINT(501785 402944),POINT(501785 402944),POINT(501785 402944)
4caa0711-d32d-448f-a8ef-0567b30dea32,e60088e9-cf94-4e41-ae65-a5390866b4b8,infra.huilerie_inventaire_pollution,e7a7be1a-892e-40f0-b212-bdffd573b8ed,Huilerie Abdellah HABI,HUILERIE,c3f5a350-481a-493e-be2a-667c1afa0440,Huilerie Abdellah HABI,infra.huilerie_inventaire_pollution,0.0,0.925,HIGH_CONFIDENCE,DUPLICATE_EXACT,1,MANUAL_REVIEW_REQUIRED,distance=0.00m; nom=1.00; commune=1.00; priorite=5,#2563eb,check-circle,HIGH_CONFIDENCE,POINT(537773 395469),POINT(537773 395469),POINT(537773 395469),POINT(537773 395469)
20ba1b72-292b-4c60-9f3a-df2c060dbba5,e60088e9-cf94-4e41-ae65-a5390866b4b8,infra.huilerie_inventaire_pollution,78a14448-90fc-4c6a-bda4-5f48be4a5a24,Huilerie Abdelrahime SABER,HUILERIE,3f2b007c-e489-4cf1-9a15-871ab5e711b6,Huilerie Abdelrahime SABER,infra.huilerie_inventaire_pollution,0.0,0.925,HIGH_CONFIDENCE,DUPLICATE_EXACT,1,MANUAL_REVIEW_REQUIRED,distance=0.00m; nom=1.00; commune=1.00; priorite=5,#2563eb,check-circle,HIGH_CONFIDENCE,POINT(538756 402412),POINT(538756 402412),POINT(538756 402412),POINT(538756 402412)
da68a6b1-e34b-4ee5-ada3-d3bdbb251c80,e60088e9-cf94-4e41-ae65-a5390866b4b8,infra.huilerie_inventaire_pollution,66e80ecd-86ce-4020-8e02-45fdfac974b6,Huilerie Abderrafiaâ EL AYDOUNI,HUILERIE,fbebd2e0-47c8-415b-a497-b4c1b5ae0395,Huilerie Abderrafiaâ EL AYDOUNI,infra.huilerie_inventaire_pollution,0.0,0.925,HIGH_CONFIDENCE,DUPLICATE_EXACT,1,MANUAL_REVIEW_REQUIRED,distance=0.00m; nom=1.00; commune=1.00; priorite=5,#2563eb,check-circle,HIGH_CONFIDENCE,POINT(517606 426207),POINT(517606 426207),POINT(517606 426207),POINT(517606 426207)
caa25327-d926-46ec-a011-0f20e5271014,e60088e9-cf94-4e41-ae65-a5390866b4b8,infra.huilerie_inventaire_pollution,ebc02dd7-9df0-4f21-972e-1bb3d6c26805,Huilerie Abderrahmane MRAOUBAE,HUILERIE,6e9998d5-e735-4b14-8706-f8755cc66b88,Huilerie Abderrahmane MRAOUBAE,infra.huilerie_inventaire_pollution,0.0,0.925,HIGH_CONFIDENCE,DUPLICATE_EXACT,1,MANUAL_REVIEW_REQUIRED,distance=0.00m; nom=1.00; commune=1.00; priorite=5,#2563eb,check-circle,HIGH_CONFIDENCE,POINT(517864 445454),POINT(517864 445454),POINT(517864 445454),POINT(517864 445454)
fa830d9e-4d11-44a4-8aad-fc2868cb95b6,e60088e9-cf94-4e41-ae65-a5390866b4b8,infra.huilerie_inventaire_pollution,807e577a-85d6-422f-a283-8d118323a0ee,Huilerie Abderrezak SATTOURI,HUILERIE,fd6c48d4-f7ca-41a9-94e6-031a46b94a88,Huilerie Abderrezak SATTOURI,infra.huilerie_inventaire_pollution,0.0,0.925,HIGH_CONFIDENCE,DUPLICATE_EXACT,1,MANUAL_REVIEW_REQUIRED,distance=0.00m; nom=1.00; commune=1.00; priorite=5,#2563eb,check-circle,HIGH_CONFIDENCE,POINT(536631 394883),POINT(536631 394883),POINT(536631 394883),POINT(536631 394883)
6e3369ac-9de3-49f1-b764-7e126326d7b9,e60088e9-cf94-4e41-ae65-a5390866b4b8,infra.huilerie_inventaire_pollution,02c92df0-830c-466b-9d4e-0b6fc9c2a555,Huilerie Abdessalam ZOUINE,HUILERIE,937af28d-ec59-48ec-9a61-8070d03b0463,Huilerie Abdessalam ZOUINE,infra.huilerie_inventaire_pollution,0.0,0.925,HIGH_CONFIDENCE,DUPLICATE_EXACT,1,MANUAL_REVIEW_REQUIRED,distance=0.00m; nom=1.00; commune=1.00; priorite=5,#2563eb,check-circle,HIGH_CONFIDENCE,POINT(497490 407447),POINT(497490 407447),POINT(497490 407447),POINT(497490 407447)
3bbc2a60-a476-423d-82ca-25b13b7f9339,e60088e9-cf94-4e41-ae65-a5390866b4b8,infra.huilerie_inventaire_pollution,975eeeaa-db5a-4d83-89d7-d02fac43573c,Huilerie Abdesslam BOUSEBER,HUILERIE,c686eb8d-38a9-4323-aea0-f4011074b278,Huilerie Abdesslam BOUSEBER,infra.huilerie_inventaire_pollution,0.0,0.925,HIGH_CONFIDENCE,DUPLICATE_EXACT,1,MANUAL_REVIEW_REQUIRED,distance=0.00m; nom=1.00; commune=1.00; priorite=5,#2563eb,check-circle,HIGH_CONFIDENCE,POINT(537456 390416),POINT(537456 390416),POINT(537456 390416),POINT(537456 390416)
1a331828-5ed7-4d02-ac04-a2d1485d9928,e60088e9-cf94-4e41-ae65-a5390866b4b8,infra.huilerie_inventaire_pollution,34ee5c3c-a996-4282-bee5-8649ba83e4f9,Huilerie aberchane,HUILERIE,e774452b-54ad-42d1-bd00-167322d3c394,Huilerie aberchane,infra.huilerie_inventaire_pollution,0.0,0.925,HIGH_CONFIDENCE,DUPLICATE_EXACT,1,MANUAL_REVIEW_REQUIRED,distance=0.00m; nom=1.00; commune=1.00; priorite=5,#2563eb,check-circle,HIGH_CONFIDENCE,POINT(593930 375145),POINT(593930 375145),POINT(593930 375145),POINT(593930 375145)
c333f232-0b2e-4fd0-8a46-82d8df1b9245,e60088e9-cf94-4e41-ae65-a5390866b4b8,infra.huilerie_inventaire_pollution,baa541a4-4062-44cd-9b95-130352a16940,Huilerie ADEBAR,HUILERIE,eed041ce-f878-4097-8aab-4f7d352f9ac1,Huilerie ADEBAR,infra.huilerie_inventaire_pollution,0.0,0.925,HIGH_CONFIDENCE,DUPLICATE_EXACT,1,MANUAL_REVIEW_REQUIRED,distance=0.00m; nom=1.00; commune=1.00; priorite=5,#2563eb,check-circle,HIGH_CONFIDENCE,POINT(471096 353841),POINT(471096 353841),POINT(471096 353841),POINT(471096 353841)
502451b6-76fb-47dd-b1ad-67ac236150ce,e60088e9-cf94-4e41-ae65-a5390866b4b8,infra.huilerie_inventaire_pollution,724c30dd-3153-44b2-9cda-a24ac72e0557,Huilerie Ahmed HMAMOUCHI,HUILERIE,20161e77-9482-4f57-9e2d-c85481f6d25c,Huilerie Ahmed HMAMOUCHI,infra.huilerie_inventaire_pollution,0.0,0.925,HIGH_CONFIDENCE,DUPLICATE_EXACT,1,MANUAL_REVIEW_REQUIRED,distance=0.00m; nom=1.00; commune=1.00; priorite=5,#2563eb,check-circle,HIGH_CONFIDENCE,POINT(541783 435937),POINT(541783 435937),POINT(541783 435937),POINT(541783 435937)
db4c80fb-d0e7-4f74-8719-78f0749b8ec9,e60088e9-cf94-4e41-ae65-a5390866b4b8,infra.huilerie_inventaire_pollution,871a5912-703c-4274-8630-b46ead0a2e2e,Huilerie Ahmed LAHLIMI,HUILERIE,5e0add9b-4a40-498f-a61c-65e838d52bba,Huilerie Ahmed LAHLIMI,infra.huilerie_inventaire_pollution,0.0,0.925,HIGH_CONFIDENCE,DUPLICATE_EXACT,1,MANUAL_REVIEW_REQUIRED,distance=0.00m; nom=1.00; commune=1.00; priorite=5,#2563eb,check-circle,HIGH_CONFIDENCE,POINT(544352 435829),POINT(544352 435829),POINT(544352 435829),POINT(544352 435829)
dda7204d-0a58-43cb-81de-0f72c3c503cb,e60088e9-cf94-4e41-ae65-a5390866b4b8,infra.huilerie_inventaire_pollution,d8dfb7eb-3b73-476d-b64c-72ded4950f53,Huilerie Ain Chajra,HUILERIE,1c1717ef-dc0b-41c4-87c4-2241dbcf5a08,Huilerie Ain Chajra,infra.huilerie_inventaire_pollution,0.0,0.925,HIGH_CONFIDENCE,DUPLICATE_EXACT,1,MANUAL_REVIEW_REQUIRED,distance=0.00m; nom=1.00; commune=1.00; priorite=5,#2563eb,check-circle,HIGH_CONFIDENCE,POINT(509257 435940),POINT(509257 435940),POINT(509257 435940),POINT(509257 435940)
f6a01edc-f024-4ffa-a2da-de1135178ca9,e60088e9-cf94-4e41-ae65-a5390866b4b8,infra.huilerie_inventaire_pollution,cc1f2a0e-bfa7-4a17-a49b-a5e2f5fb036c,Huilerie Ain Maatarf,HUILERIE,bce6e87f-9acb-4ce0-b81d-7c3dc9d8386f,Huilerie Ain Maatarf,infra.huilerie_inventaire_pollution,0.0,0.925,HIGH_CONFIDENCE,DUPLICATE_EXACT,1,MANUAL_REVIEW_REQUIRED,distance=0.00m; nom=1.00; commune=1.00; priorite=5,#2563eb,check-circle,HIGH_CONFIDENCE,POINT(584333 428144),POINT(584333 428144),POINT(584333 428144),POINT(584333 428144)
5491384a-716e-44c5-ae8e-42b7bf1cad14,e60088e9-cf94-4e41-ae65-a5390866b4b8,infra.huilerie_inventaire_pollution,3eb077bf-8e6d-416a-bbef-62a94d6572d6,Huilerie Ait hssi ouali,HUILERIE,b562d28b-c0a0-4536-8cef-71b9b1a39e6f,Huilerie Ait hssi ouali,infra.huilerie_inventaire_pollution,0.0,0.925,HIGH_CONFIDENCE,DUPLICATE_EXACT,1,MANUAL_REVIEW_REQUIRED,distance=0.00m; nom=1.00; commune=1.00; priorite=5,#2563eb,check-circle,HIGH_CONFIDENCE,POINT(504915 365721),POINT(504915 365721),POINT(504915 365721),POINT(504915 365721)
ed41f011-d5e3-4a6e-a15e-fde4e0247c77,e60088e9-cf94-4e41-ae65-a5390866b4b8,infra.huilerie_inventaire_pollution,171a1a60-e6d4-498f-b12b-8073c0fb56e9,Huilerie Akoudad,HUILERIE,ca9b9cdc-edc8-4c4d-9b75-d7486628c35f,Huilerie Akoudad,infra.huilerie_inventaire_pollution,0.0,0.925,HIGH_CONFIDENCE,DUPLICATE_EXACT,1,MANUAL_REVIEW_REQUIRED,distance=0.00m; nom=1.00; commune=1.00; priorite=5,#2563eb,check-circle,HIGH_CONFIDENCE,POINT(477151 354793),POINT(477151 354793),POINT(477151 354793),POINT(477151 354793)
73f5f8f1-5856-4833-8f50-78e32535c113,e60088e9-cf94-4e41-ae65-a5390866b4b8,infra.huilerie_inventaire_pollution,e8df85bd-7213-42c1-b08a-bbf43fac3504,Huilerie AL AKHAOUAYNE,HUILERIE,2c9c650d-7bf4-4ce3-bc69-e95f56d27104,Huilerie AL AKHAOUAYNE,infra.huilerie_inventaire_pollution,0.0,0.925,HIGH_CONFIDENCE,DUPLICATE_EXACT,1,MANUAL_REVIEW_REQUIRED,distance=0.00m; nom=1.00; commune=1.00; priorite=5,#2563eb,check-circle,HIGH_CONFIDENCE,POINT(531861 452060),POINT(531861 452060),POINT(531861 452060),POINT(531861 452060)
cede6b77-5803-42cf-b751-83e3c225654e,e60088e9-cf94-4e41-ae65-a5390866b4b8,infra.huilerie_inventaire_pollution,c028d397-b9cb-4b29-9172-71994f018faf,Huilerie Al Nassr,HUILERIE,c1840950-59d5-44f2-80a0-6dbcace78628,Huilerie Al Nassr,infra.huilerie_inventaire_pollution,0.0,0.925,HIGH_CONFIDENCE,DUPLICATE_EXACT,1,MANUAL_REVIEW_REQUIRED,distance=0.00m; nom=1.00; commune=1.00; priorite=5,#2563eb,check-circle,HIGH_CONFIDENCE,POINT(465817 404472),POINT(465817 404472),POINT(465817 404472),POINT(465817 404472)
a55ec3bf-8ab2-4a91-95e8-82193124248a,e60088e9-cf94-4e41-ae65-a5390866b4b8,infra.huilerie_inventaire_pollution,73974880-a459-4e61-8d22-7d223e241938,Huilerie Al Wafaa,HUILERIE,083d98b3-3007-4e3e-a459-69222a755397,Huilerie Al Wafaa,infra.huilerie_inventaire_pollution,0.0,0.925,HIGH_CONFIDENCE,DUPLICATE_EXACT,1,MANUAL_REVIEW_REQUIRED,distance=0.00m; nom=1.00; commune=1.00; priorite=5,#2563eb,check-circle,HIGH_CONFIDENCE,POINT(472249 405501),POINT(472249 405501),POINT(472249 405501),POINT(472249 405501)
e2532f47-c030-4fc9-a977-3acace061e77,e60088e9-cf94-4e41-ae65-a5390866b4b8,infra.huilerie_inventaire_pollution,150f471e-b101-4bdc-b25f-3341605c4f80,Huilerie Alami,HUILERIE,b1c91373-79f2-4e5c-90e2-ec46cc2efd34,Huilerie Alami,infra.huilerie_inventaire_pollution,0.0,0.925,HIGH_CONFIDENCE,DUPLICATE_EXACT,1,MANUAL_REVIEW_REQUIRED,distance=0.00m; nom=1.00; commune=1.00; priorite=5,#2563eb,check-circle,HIGH_CONFIDENCE,POINT(544298 449822),POINT(544298 449822),POINT(544298 449822),POINT(544298 449822)
f5bc33dd-758b-46c1-89e2-2fd80bf86c7c,e60088e9-cf94-4e41-ae65-a5390866b4b8,infra.huilerie_inventaire_pollution,71200457-a146-413b-8939-3e4bb7e7ee2a,Huilerie Allal El MOUNADI,HUILERIE,1ace0c49-d458-4dd6-86f3-e287f6995dcd,Huilerie Allal El MOUNADI,infra.huilerie_inventaire_pollution,0.0,0.925,HIGH_CONFIDENCE,DUPLICATE_EXACT,1,MANUAL_REVIEW_REQUIRED,distance=0.00m; nom=1.00; commune=1.00; priorite=5,#2563eb,check-circle,HIGH_CONFIDENCE,POINT(535484 401886),POINT(535484 401886),POINT(535484 401886),POINT(535484 401886)
5e02cf2c-d258-495b-9238-29675479b274,e60088e9-cf94-4e41-ae65-a5390866b4b8,infra.huilerie_inventaire_pollution,fd8e710c-b512-43cb-bb26-e162738efbca,Huilerie ALLAMI,HUILERIE,3f44df85-cad7-47eb-a999-f12188faada9,Huilerie ALLAMI,infra.huilerie_inventaire_pollution,0.0,0.925,HIGH_CONFIDENCE,DUPLICATE_EXACT,1,MANUAL_REVIEW_REQUIRED,distance=0.00m; nom=1.00; commune=1.00; priorite=5,#2563eb,check-circle,HIGH_CONFIDENCE,POINT(534356 410856),POINT(534356 410856),POINT(534356 410856),POINT(534356 410856)
895ac351-d4ff-4952-91f4-ff0f7be64c22,e60088e9-cf94-4e41-ae65-a5390866b4b8,infra.huilerie_inventaire_pollution,a7b1b951-90ca-4891-bbf5-3da3ac30dee4,Huilerie AMRACHE,HUILERIE,896a3998-7a89-4904-9790-924afb31d0f9,Huilerie AMRACHE,infra.huilerie_inventaire_pollution,0.0,0.925,HIGH_CONFIDENCE,DUPLICATE_EXACT,1,MANUAL_REVIEW_REQUIRED,distance=0.00m; nom=1.00; commune=1.00; priorite=5,#2563eb,check-circle,HIGH_CONFIDENCE,POINT(441167 358172),POINT(441167 358172),POINT(441167 358172),POINT(441167 358172)
9c5211fe-f812-420a-aa72-cfbe9208aa95,e60088e9-cf94-4e41-ae65-a5390866b4b8,infra.huilerie_inventaire_pollution,85b5d784-4901-4b6f-a1a6-c5cbd88852ae,Huilerie ARAB HUILE,HUILERIE,32a545a2-f295-48db-9742-a828fcf9fc29,Huilerie ARAB HUILE,infra.huilerie_inventaire_pollution,0.0,0.925,HIGH_CONFIDENCE,DUPLICATE_EXACT,1,MANUAL_REVIEW_REQUIRED,distance=0.00m; nom=1.00; commune=1.00; priorite=5,#2563eb,check-circle,HIGH_CONFIDENCE,POINT(542551 400827),POINT(542551 400827),POINT(542551 400827),POINT(542551 400827)
4d9a2e20-3d1b-4d27-bff4-87ff092aa9d7,e60088e9-cf94-4e41-ae65-a5390866b4b8,infra.huilerie_inventaire_pollution,a99ecca3-d45c-4eed-88c1-ae13454dcaa5,Huilerie ARBIROUCH,HUILERIE,fd3f75db-d064-4161-b366-012dfd917e72,Huilerie ARBIROUCH,infra.huilerie_inventaire_pollution,0.0,0.925,HIGH_CONFIDENCE,DUPLICATE_EXACT,1,MANUAL_REVIEW_REQUIRED,distance=0.00m; nom=1.00; commune=1.00; priorite=5,#2563eb,check-circle,HIGH_CONFIDENCE,POINT(436743 359667),POINT(436743 359667),POINT(436743 359667),POINT(436743 359667)
1f3817c8-91c4-49d8-9961-f94bbef83654,e60088e9-cf94-4e41-ae65-a5390866b4b8,infra.huilerie_inventaire_pollution,bddf799e-6fc4-486f-ad92-5b959da1825c,Huilerie Ascar,HUILERIE,0d533a34-a8b9-4b44-96a5-1512c4855360,Huilerie Ascar,infra.huilerie_inventaire_pollution,0.0,0.925,HIGH_CONFIDENCE,DUPLICATE_EXACT,1,MANUAL_REVIEW_REQUIRED,distance=0.00m; nom=1.00; commune=1.00; priorite=5,#2563eb,check-circle,HIGH_CONFIDENCE,POINT(572634 442175),POINT(572634 442175),POINT(572634 442175),POINT(572634 442175)
64b09f10-4aa2-4a91-81aa-54a06b729d7e,e60088e9-cf94-4e41-ae65-a5390866b4b8,infra.huilerie_inventaire_pollution,99842d1b-e4c9-41c0-9946-f17e5ae20c24,Huilerie Ayachi BOUARFA,HUILERIE,8fe08318-c64c-400c-9887-16a50f4bc814,Huilerie Ayachi BOUARFA,infra.huilerie_inventaire_pollution,0.0,0.925,HIGH_CONFIDENCE,DUPLICATE_EXACT,1,MANUAL_REVIEW_REQUIRED,distance=0.00m; nom=1.00; commune=1.00; priorite=5,#2563eb,check-circle,HIGH_CONFIDENCE,POINT(530706 436113),POINT(530706 436113),POINT(530706 436113),POINT(530706 436113)
ed4554f3-c75e-479b-9a85-c98a6a2ff30a,e60088e9-cf94-4e41-ae65-a5390866b4b8,infra.huilerie_inventaire_pollution,3172c56d-029d-49ff-aaaf-791b7ae42ce5,Huilerie BACHA,HUILERIE,5be75631-323f-4d45-a218-eb81f01906d1,Huilerie BACHA,infra.huilerie_inventaire_pollution,0.0,0.925,HIGH_CONFIDENCE,DUPLICATE_EXACT,1,MANUAL_REVIEW_REQUIRED,distance=0.00m; nom=1.00; commune=1.00; priorite=5,#2563eb,check-circle,HIGH_CONFIDENCE,POINT(471122 353811),POINT(471122 353811),POINT(471122 353811),POINT(471122 353811)
db3e5a7a-88a4-486f-b130-cae105ce02fa,e60088e9-cf94-4e41-ae65-a5390866b4b8,infra.huilerie_inventaire_pollution,ac114f3f-9390-466d-8158-d2998aad2a70,Huilerie BARAKA,HUILERIE,3924d31e-dfbf-45b7-80f8-ab6b2fcf8dc9,Huilerie BARAKA,infra.huilerie_inventaire_pollution,0.0,0.925,HIGH_CONFIDENCE,DUPLICATE_EXACT,1,MANUAL_REVIEW_REQUIRED,distance=0.00m; nom=1.00; commune=1.00; priorite=5,#2563eb,check-circle,HIGH_CONFIDENCE,POINT(579133 403142),POINT(579133 403142),POINT(579133 403142),POINT(579133 403142)
07680a23-7c20-4c8b-8860-f0f0e8b2d46b,e60088e9-cf94-4e41-ae65-a5390866b4b8,infra.huilerie_inventaire_pollution,e046e4a2-7300-405a-8110-39e42f066014,Huilerie Bazio EL BARNOUSI,HUILERIE,20a3dbeb-bbff-4941-84fd-6443f001ecc8,Huilerie Bazio EL BARNOUSI,infra.huilerie_inventaire_pollution,0.0,0.925,HIGH_CONFIDENCE,DUPLICATE_EXACT,1,MANUAL_REVIEW_REQUIRED,distance=0.00m; nom=1.00; commune=1.00; priorite=5,#2563eb,check-circle,HIGH_CONFIDENCE,POINT(541408 391546),POINT(541408 391546),POINT(541408 391546),POINT(541408 391546)
232f3af4-1633-4fb2-b15c-0bf9d7625ef0,e60088e9-cf94-4e41-ae65-a5390866b4b8,infra.huilerie_inventaire_pollution,df56075a-adbe-4757-8c78-542afaaab74b,Huilerie Bel Asri,HUILERIE,79aabec7-c096-4dcf-8e8d-8ffa7cdb05ec,Huilerie Bel Asri,infra.huilerie_inventaire_pollution,0.0,0.925,HIGH_CONFIDENCE,DUPLICATE_EXACT,1,MANUAL_REVIEW_REQUIRED,distance=0.00m; nom=1.00; commune=1.00; priorite=5,#2563eb,check-circle,HIGH_CONFIDENCE,POINT(487995 396065),POINT(487995 396065),POINT(487995 396065),POINT(487995 396065)
db6201b0-fed5-4773-87f9-1e7faa40bb55,e60088e9-cf94-4e41-ae65-a5390866b4b8,infra.huilerie_inventaire_pollution,4437fa43-061e-4c67-9557-9a81584fa347,Huilerie bel kaid fatima,HUILERIE,d41a5b3c-1fc9-4519-8982-746a1a395470,Huilerie bel kaid fatima,infra.huilerie_inventaire_pollution,0.0,0.925,HIGH_CONFIDENCE,DUPLICATE_EXACT,1,MANUAL_REVIEW_REQUIRED,distance=0.00m; nom=1.00; commune=1.00; priorite=5,#2563eb,check-circle,HIGH_CONFIDENCE,POINT(579634 321180),POINT(579634 321180),POINT(579634 321180),POINT(579634 321180)
81d3e2d7-3e91-44cd-9478-543c025b358d,e60088e9-cf94-4e41-ae65-a5390866b4b8,infra.huilerie_inventaire_pollution,2ecf1798-c26a-419c-8882-f8415a3cd4c1,Huilerie Bel Kaid Mohamed,HUILERIE,8e82df5f-1adc-4021-899c-bf2a4faf463d,Huilerie Bel Kaid Mohamed,infra.huilerie_inventaire_pollution,0.0,0.925,HIGH_CONFIDENCE,DUPLICATE_EXACT,1,MANUAL_REVIEW_REQUIRED,distance=0.00m; nom=1.00; commune=1.00; priorite=5,#2563eb,check-circle,HIGH_CONFIDENCE,POINT(579455 325118),POINT(579455 325118),POINT(579455 325118),POINT(579455 325118)
98e2cd6b-b800-4177-b4cf-2abf384b7ad4,e60088e9-cf94-4e41-ae65-a5390866b4b8,infra.huilerie_inventaire_pollution,b20ed5bb-3d97-4cc5-88f8-7ab9ddee850e,Huilerie Ben Ali,HUILERIE,517bbe27-d416-42b2-b650-7dc55e2d47aa,Huilerie Ben Ali,infra.huilerie_inventaire_pollution,0.0,0.925,HIGH_CONFIDENCE,DUPLICATE_EXACT,1,MANUAL_REVIEW_REQUIRED,distance=0.00m; nom=1.00; commune=1.00; priorite=5,#2563eb,check-circle,HIGH_CONFIDENCE,POINT(552934 432673),POINT(552934 432673),POINT(552934 432673),POINT(552934 432673)
05ba835c-966e-448c-94a8-4a39168317b0,e60088e9-cf94-4e41-ae65-a5390866b4b8,infra.huilerie_inventaire_pollution,3cb78fb8-6d6e-4c30-9ab3-1192a05d579b,Huilerie Ben Ouah,HUILERIE,368c279d-33ff-4ef5-81d4-e1a1516407b0,Huilerie Ben Ouah,infra.huilerie_inventaire_pollution,0.0,0.925,HIGH_CONFIDENCE,DUPLICATE_EXACT,1,MANUAL_REVIEW_REQUIRED,distance=0.00m; nom=1.00; commune=1.00; priorite=5,#2563eb,check-circle,HIGH_CONFIDENCE,POINT(462447 366439),POINT(462447 366439),POINT(462447 366439),POINT(462447 366439)
ce950fdc-82bd-4e8f-a9cb-d9cc493d0554,e60088e9-cf94-4e41-ae65-a5390866b4b8,infra.huilerie_inventaire_pollution,7b49e8a7-f276-4acc-9174-3eca47354ca0,Huilerie Ben Said,HUILERIE,bbc9d9c7-0c37-4810-acb6-5f40f28fd12c,Huilerie Ben Said,infra.huilerie_inventaire_pollution,0.0,0.925,HIGH_CONFIDENCE,DUPLICATE_EXACT,1,MANUAL_REVIEW_REQUIRED,distance=0.00m; nom=1.00; commune=1.00; priorite=5,#2563eb,check-circle,HIGH_CONFIDENCE,POINT(488776 395842),POINT(488776 395842),POINT(488776 395842),POINT(488776 395842)
84965aaf-3c18-4cf3-a297-350c2a39d89d,e60088e9-cf94-4e41-ae65-a5390866b4b8,infra.huilerie_inventaire_pollution,d313d9b0-9ed5-4721-bbb2-bb6168f0b708,Huilerie Ben Taleb,HUILERIE,2d16de61-236d-474f-b4f8-0e2124c4477e,Huilerie Ben Taleb,infra.huilerie_inventaire_pollution,0.0,0.925,HIGH_CONFIDENCE,DUPLICATE_EXACT,1,MANUAL_REVIEW_REQUIRED,distance=0.00m; nom=1.00; commune=1.00; priorite=5,#2563eb,check-circle,HIGH_CONFIDENCE,POINT(450830 364707),POINT(450830 364707),POINT(450830 364707),POINT(450830 364707)
764ba1e9-a6aa-49d8-895f-ca7b4dd2c101,e60088e9-cf94-4e41-ae65-a5390866b4b8,infra.huilerie_inventaire_pollution,f5f98b2d-9428-4169-a459-4bf875b9b8a8,Huilerie Ben Zahra,HUILERIE,b3b6add1-1aea-48c7-a9ab-2a78ce08a5f9,Huilerie Ben Zahra,infra.huilerie_inventaire_pollution,0.0,0.925,HIGH_CONFIDENCE,DUPLICATE_EXACT,1,MANUAL_REVIEW_REQUIRED,distance=0.00m; nom=1.00; commune=1.00; priorite=5,#2563eb,check-circle,HIGH_CONFIDENCE,POINT(467836 351861),POINT(467836 351861),POINT(467836 351861),POINT(467836 351861)
9b71963c-1c41-44ea-bb47-60ad0b8d6d39,e60088e9-cf94-4e41-ae65-a5390866b4b8,infra.huilerie_inventaire_pollution,86dc692f-3894-4866-92f3-416f90571c73,Huilerie Bentahour,HUILERIE,eba1d7dd-f575-4ae1-ae53-63d6a62112cb,Huilerie Bentahour,infra.huilerie_inventaire_pollution,0.0,0.925,HIGH_CONFIDENCE,DUPLICATE_EXACT,1,MANUAL_REVIEW_REQUIRED,distance=0.00m; nom=1.00; commune=1.00; priorite=5,#2563eb,check-circle,HIGH_CONFIDENCE,POINT(572346 451480),POINT(572346 451480),POINT(572346 451480),POINT(572346 451480)
bf952755-2a4d-4047-9e85-2a5ce7684721,e60088e9-cf94-4e41-ae65-a5390866b4b8,infra.huilerie_inventaire_pollution,45a64d9d-c5b2-443d-970a-14920755df72,Huilerie BERRADA,HUILERIE,f4650d81-2a03-4ec6-90a0-3312e2bc7386,Huilerie BERRADA,infra.huilerie_inventaire_pollution,0.0,0.925,HIGH_CONFIDENCE,DUPLICATE_EXACT,1,MANUAL_REVIEW_REQUIRED,distance=0.00m; nom=1.00; commune=1.00; priorite=5,#2563eb,check-circle,HIGH_CONFIDENCE,POINT(542546 400749),POINT(542546 400749),POINT(542546 400749),POINT(542546 400749)
f9218fb8-ee05-48d0-8451-323ce4fa9f01,e60088e9-cf94-4e41-ae65-a5390866b4b8,infra.huilerie_inventaire_pollution,773f2f4c-e3f7-4391-980a-281007e0225d,huilerie besouni allel,HUILERIE,581e76c2-f0e8-45c0-b3c3-eedd25b0c114,huilerie besouni allel,infra.huilerie_inventaire_pollution,0.0,0.925,HIGH_CONFIDENCE,DUPLICATE_EXACT,1,MANUAL_REVIEW_REQUIRED,distance=0.00m; nom=1.00; commune=1.00; priorite=5,#2563eb,check-circle,HIGH_CONFIDENCE,POINT(580137 325056),POINT(580137 325056),POINT(580137 325056),POINT(580137 325056)
3177c405-649e-40d1-bcb1-77149b48f258,e60088e9-cf94-4e41-ae65-a5390866b4b8,infra.huilerie_inventaire_pollution,571d1255-8f11-4f31-a094-c5ed68938ee4,Huilerie Bismi Allah,HUILERIE,02cd81d2-3f91-497d-a407-33c9423b20cc,Huilerie Bismi Allah,infra.huilerie_inventaire_pollution,0.0,0.925,HIGH_CONFIDENCE,DUPLICATE_EXACT,1,MANUAL_REVIEW_REQUIRED,distance=0.00m; nom=1.00; commune=1.00; priorite=5,#2563eb,check-circle,HIGH_CONFIDENCE,POINT(508283 435859),POINT(508283 435859),POINT(508283 435859),POINT(508283 435859)
315ebea3-c55d-4948-9a7c-8f097996649c,e60088e9-cf94-4e41-ae65-a5390866b4b8,infra.huilerie_inventaire_pollution,05a51ec8-94b2-4064-a0dc-2006c7ba5f86,Huilerie Boucheta HAMOUCH,HUILERIE,3695f834-3eeb-48c3-95e0-f995f5e6eb9c,Huilerie Boucheta HAMOUCH,infra.huilerie_inventaire_pollution,0.0,0.925,HIGH_CONFIDENCE,DUPLICATE_EXACT,1,MANUAL_REVIEW_REQUIRED,distance=0.00m; nom=1.00; commune=1.00; priorite=5,#2563eb,check-circle,HIGH_CONFIDENCE,POINT(534020 395272),POINT(534020 395272),POINT(534020 395272),POINT(534020 395272)
7633989d-6345-4130-ae1a-e1ef7cb05dec,e60088e9-cf94-4e41-ae65-a5390866b4b8,infra.huilerie_inventaire_pollution,fbfb8d7f-aa29-4a59-80d9-f38326833bb0,Huilerie Boucheta MOUMNI,HUILERIE,cc751f8b-d644-4666-a7e9-c991d3c5a5c7,Huilerie Boucheta MOUMNI,infra.huilerie_inventaire_pollution,0.0,0.925,HIGH_CONFIDENCE,DUPLICATE_EXACT,1,MANUAL_REVIEW_REQUIRED,distance=0.00m; nom=1.00; commune=1.00; priorite=5,#2563eb,check-circle,HIGH_CONFIDENCE,POINT(534258 405117),POINT(534258 405117),POINT(534258 405117),POINT(534258 405117)
7f7b94ff-bb3f-4c26-bf26-5224786da095,e60088e9-cf94-4e41-ae65-a5390866b4b8,infra.huilerie_inventaire_pollution,c689da08-39ca-4d35-8c8b-8981d47b2295,Huilerie Chaachoui,HUILERIE,8b234ada-0965-4931-b286-0da750c95a3c,Huilerie Chaachoui,infra.huilerie_inventaire_pollution,0.0,0.925,HIGH_CONFIDENCE,DUPLICATE_EXACT,1,MANUAL_REVIEW_REQUIRED,distance=0.00m; nom=1.00; commune=1.00; priorite=5,#2563eb,check-circle,HIGH_CONFIDENCE,POINT(437141 359942),POINT(437141 359942),POINT(437141 359942),POINT(437141 359942)
d28c240d-a25f-41f8-87de-02ec5812e85e,e60088e9-cf94-4e41-ae65-a5390866b4b8,infra.huilerie_inventaire_pollution,71aca1a9-7a92-4a51-9299-024527028fce,Huilerie CHAJARA MOUBARAKA,HUILERIE,6e51bd3e-fbb1-457f-892a-d119a1fd8138,Huilerie CHAJARA MOUBARAKA,infra.huilerie_inventaire_pollution,0.0,0.925,HIGH_CONFIDENCE,DUPLICATE_EXACT,1,MANUAL_REVIEW_REQUIRED,distance=0.00m; nom=1.00; commune=1.00; priorite=5,#2563eb,check-circle,HIGH_CONFIDENCE,POINT(526999 435263),POINT(526999 435263),POINT(526999 435263),POINT(526999 435263)
e0fafac5-c9cf-4338-8e82-4a8c97795012,e60088e9-cf94-4e41-ae65-a5390866b4b8,infra.huilerie_inventaire_pollution,15434045-7de2-4efc-8afa-428cb8de8b13,Huilerie Chajarat Azaytoune  El Mobaraka,HUILERIE,49c17202-45f0-4c54-9de4-401a3366bb71,Huilerie Chajarat Azaytoune  El Mobaraka,infra.huilerie_inventaire_pollution,0.0,0.925,HIGH_CONFIDENCE,DUPLICATE_EXACT,1,MANUAL_REVIEW_REQUIRED,distance=0.00m; nom=1.00; commune=1.00; priorite=5,#2563eb,check-circle,HIGH_CONFIDENCE,POINT(510125 447206),POINT(510125 447206),POINT(510125 447206),POINT(510125 447206)
c41bf1eb-b032-4adb-b44f-704bb6d7f32e,e60088e9-cf94-4e41-ae65-a5390866b4b8,infra.huilerie_inventaire_pollution,8ccef2bd-49c3-444d-b8e8-866fa64aebad,Huilerie Charki Lahcen,HUILERIE,5450deb4-195e-400d-8f55-dfa1d82550dc,Huilerie Charki Lahcen,infra.huilerie_inventaire_pollution,0.0,0.925,HIGH_CONFIDENCE,DUPLICATE_EXACT,1,MANUAL_REVIEW_REQUIRED,distance=0.00m; nom=1.00; commune=1.00; priorite=5,#2563eb,check-circle,HIGH_CONFIDENCE,POINT(582590 412957),POINT(582590 412957),POINT(582590 412957),POINT(582590 412957)
f737434f-ad65-45d3-b0fc-2d11a3ce5349,e60088e9-cf94-4e41-ae65-a5390866b4b8,infra.huilerie_inventaire_pollution,1a50ccdf-3147-4b43-ae88-cf5edbbd6f1e,Huilerie CHEBABE,HUILERIE,826df13e-79f6-4181-a6a0-c30ed04047cb,Huilerie CHEBABE,infra.huilerie_inventaire_pollution,0.0,0.925,HIGH_CONFIDENCE,DUPLICATE_EXACT,1,MANUAL_REVIEW_REQUIRED,distance=0.00m; nom=1.00; commune=1.00; priorite=5,#2563eb,check-circle,HIGH_CONFIDENCE,POINT(443422 359997),POINT(443422 359997),POINT(443422 359997),POINT(443422 359997)
232878fb-2ec5-4701-9445-345dc3c66a71,e60088e9-cf94-4e41-ae65-a5390866b4b8,infra.huilerie_inventaire_pollution,e8dfc40e-6735-4808-aab5-585692e5b153,Huilerie Chekchaki,HUILERIE,a66606b2-01c7-48a1-85de-d887e16f7563,Huilerie Chekchaki,infra.huilerie_inventaire_pollution,0.0,0.925,HIGH_CONFIDENCE,DUPLICATE_EXACT,1,MANUAL_REVIEW_REQUIRED,distance=0.00m; nom=1.00; commune=1.00; priorite=5,#2563eb,check-circle,HIGH_CONFIDENCE,POINT(509707 435928),POINT(509707 435928),POINT(509707 435928),POINT(509707 435928)
7960ae4a-a917-4ced-8c26-15f8d25ab6e3,e60088e9-cf94-4e41-ae65-a5390866b4b8,infra.huilerie_inventaire_pollution,92703900-ff70-42a1-b561-efb99fa0b6ad,Huilerie coopérative Bni Darkoun,HUILERIE,d9c4f33d-a65c-40b2-a50f-dd98a4c5a805,Huilerie coopérative Bni Darkoun,infra.huilerie_inventaire_pollution,0.0,0.925,HIGH_CONFIDENCE,DUPLICATE_EXACT,1,MANUAL_REVIEW_REQUIRED,distance=0.00m; nom=1.00; commune=1.00; priorite=5,#2563eb,check-circle,HIGH_CONFIDENCE,POINT(530106 494975),POINT(530106 494975),POINT(530106 494975),POINT(530106 494975)
f30159eb-d75a-45b4-9c37-804b97fc88ce,e60088e9-cf94-4e41-ae65-a5390866b4b8,infra.huilerie_inventaire_pollution,d1e04224-f263-42d8-a18b-64ce0f307d4b,Huilerie Coopérative Bni Falghoum,HUILERIE,90a46181-cdbe-4f47-be5a-796c0db312b9,Huilerie Coopérative Bni Falghoum,infra.huilerie_inventaire_pollution,0.0,0.925,HIGH_CONFIDENCE,DUPLICATE_EXACT,1,MANUAL_REVIEW_REQUIRED,distance=0.00m; nom=1.00; commune=1.00; priorite=5,#2563eb,check-circle,HIGH_CONFIDENCE,POINT(522849 477761),POINT(522849 477761),POINT(522849 477761),POINT(522849 477761)
2afceab2-ceb0-4c2f-abf8-fcd6fa8cec8e,e60088e9-cf94-4e41-ae65-a5390866b4b8,infra.huilerie_inventaire_pollution,1a29eb87-d24f-4699-a1ca-594eb2ec7b8f,Huilerie Coopérative Idryssia,HUILERIE,9825b610-1bae-45c5-b2bf-5450b1a2ffeb,Huilerie Coopérative Idryssia,infra.huilerie_inventaire_pollution,0.0,0.925,HIGH_CONFIDENCE,DUPLICATE_EXACT,1,MANUAL_REVIEW_REQUIRED,distance=0.00m; nom=1.00; commune=1.00; priorite=5,#2563eb,check-circle,HIGH_CONFIDENCE,POINT(472540 351156),POINT(472540 351156),POINT(472540 351156),POINT(472540 351156)
8c9c446b-a7ca-4111-a09a-1e9b75f25922,e60088e9-cf94-4e41-ae65-a5390866b4b8,infra.huilerie_inventaire_pollution,388aa176-0347-49f5-a449-96462fd5b651,Huilerie d'olivier d'or,HUILERIE,70526432-b002-435c-9448-0bb76a250a31,Huilerie d'olivier d'or,infra.huilerie_inventaire_pollution,0.0,0.925,HIGH_CONFIDENCE,DUPLICATE_EXACT,1,MANUAL_REVIEW_REQUIRED,distance=0.00m; nom=1.00; commune=1.00; priorite=5,#2563eb,check-circle,HIGH_CONFIDENCE,POINT(510700 445096),POINT(510700 445096),POINT(510700 445096),POINT(510700 445096)
0ff92b44-cf59-4108-b209-1b6b1d816223,e60088e9-cf94-4e41-ae65-a5390866b4b8,infra.huilerie_inventaire_pollution,3ca0cff6-46c7-4a08-844c-358567eed00d,Huilerie dada,HUILERIE,b4a59182-e129-4f3e-ab9b-a54c167e7b17,Huilerie dada,infra.huilerie_inventaire_pollution,0.0,0.925,HIGH_CONFIDENCE,DUPLICATE_EXACT,1,MANUAL_REVIEW_REQUIRED,distance=0.00m; nom=1.00; commune=1.00; priorite=5,#2563eb,check-circle,HIGH_CONFIDENCE,POINT(578945 387976),POINT(578945 387976),POINT(578945 387976),POINT(578945 387976)
e42800e9-416d-461f-b9c4-9dd7161b672e,e60088e9-cf94-4e41-ae65-a5390866b4b8,infra.huilerie_inventaire_pollution,f71f30ca-0d3e-4404-99d4-e7dc448a6318,Huilerie De Bouarous,HUILERIE,556a2987-2b05-4255-a48d-a0d151351f7b,Huilerie De Bouarous,infra.huilerie_inventaire_pollution,0.0,0.925,HIGH_CONFIDENCE,DUPLICATE_EXACT,1,MANUAL_REVIEW_REQUIRED,distance=0.00m; nom=1.00; commune=1.00; priorite=5,#2563eb,check-circle,HIGH_CONFIDENCE,POINT(554034 418800),POINT(554034 418800),POINT(554034 418800),POINT(554034 418800)
abb793bf-b410-4a44-ba8d-fd949e7fb187,e60088e9-cf94-4e41-ae65-a5390866b4b8,infra.huilerie_inventaire_pollution,49f65601-5beb-4d42-8ac7-a00c8f6a1245,Huilerie Dedokhali,HUILERIE,a5cb76d2-9be2-40fe-ae24-f7de09a7de0c,Huilerie Dedokhali,infra.huilerie_inventaire_pollution,0.0,0.925,HIGH_CONFIDENCE,DUPLICATE_EXACT,1,MANUAL_REVIEW_REQUIRED,distance=0.00m; nom=1.00; commune=1.00; priorite=5,#2563eb,check-circle,HIGH_CONFIDENCE,POINT(437133 359757),POINT(437133 359757),POINT(437133 359757),POINT(437133 359757)
cc4b4a5c-fec3-417d-9892-8b150d4c971f,e60088e9-cf94-4e41-ae65-a5390866b4b8,infra.huilerie_inventaire_pollution,d3b825e7-8674-4dc8-b919-b2557c05c4d0,Huilerie Dekkoun,HUILERIE,39fc310d-7bc4-4af1-87be-4fef7efe8bae,Huilerie Dekkoun,infra.huilerie_inventaire_pollution,0.0,0.925,HIGH_CONFIDENCE,DUPLICATE_EXACT,1,MANUAL_REVIEW_REQUIRED,distance=0.00m; nom=1.00; commune=1.00; priorite=5,#2563eb,check-circle,HIGH_CONFIDENCE,POINT(543543 448586),POINT(543543 448586),POINT(543543 448586),POINT(543543 448586)
c8b32e1e-d4e5-493c-a75f-8975a73aba57,e60088e9-cf94-4e41-ae65-a5390866b4b8,infra.huilerie_inventaire_pollution,44f769eb-738d-4266-b3c3-b82d37867725,Huilerie Délices de Saiss,HUILERIE,1ee204a6-d553-43fe-9bbe-9ad1bf6de7d7,Huilerie Délices de Saiss,infra.huilerie_inventaire_pollution,0.0,0.925,HIGH_CONFIDENCE,DUPLICATE_EXACT,1,MANUAL_REVIEW_REQUIRED,distance=0.00m; nom=1.00; commune=1.00; priorite=5,#2563eb,check-circle,HIGH_CONFIDENCE,POINT(511478.75 373584.49),POINT(511478.75 373584.49),POINT(511478.75 373584.49),POINT(511478.75 373584.49)
b6208587-f6d0-4d93-9cb4-c67fb00858b9,e60088e9-cf94-4e41-ae65-a5390866b4b8,infra.huilerie_inventaire_pollution,b663eefc-ab35-4c63-841e-32978c266b2c,Huilerie Domain El Gour,HUILERIE,24d90614-03b8-44d2-b599-8f612dfef1d2,Huilerie Domain El Gour,infra.huilerie_inventaire_pollution,0.0,0.925,HIGH_CONFIDENCE,DUPLICATE_EXACT,1,MANUAL_REVIEW_REQUIRED,distance=0.00m; nom=1.00; commune=1.00; priorite=5,#2563eb,check-circle,HIGH_CONFIDENCE,POINT(506458 359547),POINT(506458 359547),POINT(506458 359547),POINT(506458 359547)
22d95173-b6a5-4d29-bb16-0d3ad99d05c3,e60088e9-cf94-4e41-ae65-a5390866b4b8,infra.huilerie_inventaire_pollution,03b7696b-acfc-4bb9-88ac-1c5a4a159a34,Huilerie Domaine El Gour,HUILERIE,b562d28b-c0a0-4536-8cef-71b9b1a39e6f,Huilerie Ait hssi ouali,infra.huilerie_inventaire_pollution,0.0,0.7536,MEDIUM_CONFIDENCE,DUPLICATE_EXACT,1,MANUAL_REVIEW_REQUIRED,distance=0.00m; nom=0.14; commune=1.00; priorite=5,#f59e0b,alert-triangle,MEDIUM_CONFIDENCE,POINT(504915 365721),POINT(504915 365721),POINT(504915 365721),POINT(504915 365721)
46643f12-94b4-4b01-a561-0927c59f17c9,e60088e9-cf94-4e41-ae65-a5390866b4b8,infra.huilerie_inventaire_pollution,f80abe52-7fb2-4acf-a4ad-e8158fddd6c0,Huilerie Domaine La Zouina,HUILERIE,97362b16-14e2-4190-b964-17ae94d385c8,Huilerie Domaine La Zouina,infra.huilerie_inventaire_pollution,0.0,0.925,HIGH_CONFIDENCE,DUPLICATE_EXACT,1,MANUAL_REVIEW_REQUIRED,distance=0.00m; nom=1.00; commune=1.00; priorite=5,#2563eb,check-circle,HIGH_CONFIDENCE,POINT(494075 345874),POINT(494075 345874),POINT(494075 345874),POINT(494075 345874)
6b45aa16-8026-489f-a5e4-8409bdbce519,e60088e9-cf94-4e41-ae65-a5390866b4b8,infra.huilerie_inventaire_pollution,e3d6fc29-268e-4aa4-bdae-5aeddf8282d0,Huilerie Driss HAMMIOUI,HUILERIE,de1129c8-8664-4dc5-a554-f5bb241088dc,Huilerie Driss HAMMIOUI,infra.huilerie_inventaire_pollution,0.0,0.925,HIGH_CONFIDENCE,DUPLICATE_EXACT,1,MANUAL_REVIEW_REQUIRED,distance=0.00m; nom=1.00; commune=1.00; priorite=5,#2563eb,check-circle,HIGH_CONFIDENCE,POINT(522780 428063),POINT(522780 428063),POINT(522780 428063),POINT(522780 428063)
5071c5e6-5666-409a-b427-7e8f8c101924,e60088e9-cf94-4e41-ae65-a5390866b4b8,infra.huilerie_inventaire_pollution,541acddb-2c91-4631-a1f7-c45385cdc633,Huilerie el gandoui,HUILERIE,7f9644e5-843b-4053-8314-df52c0f3b3e1,Huilerie el gandoui,infra.huilerie_inventaire_pollution,0.0,0.925,HIGH_CONFIDENCE,DUPLICATE_EXACT,1,MANUAL_REVIEW_REQUIRED,distance=0.00m; nom=1.00; commune=1.00; priorite=5,#2563eb,check-circle,HIGH_CONFIDENCE,POINT(607020 399180),POINT(607020 399180),POINT(607020 399180),POINT(607020 399180)
89a68959-a148-4787-8478-79c0a9f56211,e60088e9-cf94-4e41-ae65-a5390866b4b8,infra.huilerie_inventaire_pollution,64031fd6-79a5-495a-bc72-c76aa2621a6a,Huilerie Dromamed,HUILERIE,9864f838-228f-402d-9a4c-54451a6169f3,Huilerie Dromamed,infra.huilerie_inventaire_pollution,0.0,0.925,HIGH_CONFIDENCE,DUPLICATE_EXACT,1,MANUAL_REVIEW_REQUIRED,distance=0.00m; nom=1.00; commune=1.00; priorite=5,#2563eb,check-circle,HIGH_CONFIDENCE,POINT(532074 475083),POINT(532074 475083),POINT(532074 475083),POINT(532074 475083)
7e814b7f-b85c-4e90-afa2-c749e14a2a24,e60088e9-cf94-4e41-ae65-a5390866b4b8,infra.huilerie_inventaire_pollution,17b5b5df-8bf4-49a2-a92e-92f889890aae,Huilerie EL BARAKA,HUILERIE,83bbd1d8-b3d1-41f3-95d3-c28d4923e2ec,Huilerie EL BARAKA,infra.huilerie_inventaire_pollution,0.0,0.925,HIGH_CONFIDENCE,DUPLICATE_EXACT,1,MANUAL_REVIEW_REQUIRED,distance=0.00m; nom=1.00; commune=1.00; priorite=5,#2563eb,check-circle,HIGH_CONFIDENCE,POINT(437250 360054),POINT(437250 360054),POINT(437250 360054),POINT(437250 360054)
04e4d79f-7a00-4fe7-a4ea-badd99aba631,e60088e9-cf94-4e41-ae65-a5390866b4b8,infra.huilerie_inventaire_pollution,48d74de1-690f-4242-83a2-cf005854ed50,Huilerie EL BARAKA,HUILERIE,abf8c8fe-6714-416c-ae5a-020c599bd989,Huilerie EL BARAKA,infra.huilerie_inventaire_pollution,0.0,0.925,HIGH_CONFIDENCE,DUPLICATE_EXACT,1,MANUAL_REVIEW_REQUIRED,distance=0.00m; nom=1.00; commune=1.00; priorite=5,#2563eb,check-circle,HIGH_CONFIDENCE,POINT(528134 445979),POINT(528134 445979),POINT(528134 445979),POINT(528134 445979)
022c4046-6124-4377-a3bc-11fabe3bb094,e60088e9-cf94-4e41-ae65-a5390866b4b8,infra.huilerie_inventaire_pollution,34152afb-06e2-4a41-bea0-4c91f6c639d5,Huilerie El Baraka,HUILERIE,ed2159a8-12af-41e2-99d4-3eb7e42cf183,Huilerie El Baraka,infra.huilerie_inventaire_pollution,0.0,0.925,HIGH_CONFIDENCE,DUPLICATE_EXACT,1,MANUAL_REVIEW_REQUIRED,distance=0.00m; nom=1.00; commune=1.00; priorite=5,#2563eb,check-circle,HIGH_CONFIDENCE,POINT(530544 473978),POINT(530544 473978),POINT(530544 473978),POINT(530544 473978)
19ad9724-1975-48c8-8252-f8e2d27d8efb,e60088e9-cf94-4e41-ae65-a5390866b4b8,infra.huilerie_inventaire_pollution,a2d69002-3870-452f-8ee7-d6ef847e7e0b,Huilerie El baraka,HUILERIE,9d24c6f8-af94-4a7c-a4b0-f59e4b5eaa59,Huilerie El baraka,infra.huilerie_inventaire_pollution,0.0,0.925,HIGH_CONFIDENCE,DUPLICATE_EXACT,1,MANUAL_REVIEW_REQUIRED,distance=0.00m; nom=1.00; commune=1.00; priorite=5,#2563eb,check-circle,HIGH_CONFIDENCE,POINT(570205 439114),POINT(570205 439114),POINT(570205 439114),POINT(570205 439114)
946f6907-7eb5-443a-ad22-f7f49be8e650,e60088e9-cf94-4e41-ae65-a5390866b4b8,infra.huilerie_inventaire_pollution,88bf6d34-237f-4626-b3e4-ebea9177fb51,Huilerie El Berake,HUILERIE,37915bec-fa42-480f-960f-75b45ec5c0ac,Huilerie El Berake,infra.huilerie_inventaire_pollution,0.0,0.925,HIGH_CONFIDENCE,DUPLICATE_EXACT,1,MANUAL_REVIEW_REQUIRED,distance=0.00m; nom=1.00; commune=1.00; priorite=5,#2563eb,check-circle,HIGH_CONFIDENCE,POINT(442685 374849),POINT(442685 374849),POINT(442685 374849),POINT(442685 374849)
21593cfa-63b2-4354-9ac6-e4bac67a184d,e60088e9-cf94-4e41-ae65-a5390866b4b8,infra.huilerie_inventaire_pollution,f27ad31f-976c-4c37-9981-43ea0cdd5429,Huilerie El boukhari,HUILERIE,b519f3ef-39d7-4ba7-8dd0-49394787554b,Huilerie El boukhari,infra.huilerie_inventaire_pollution,0.0,0.925,HIGH_CONFIDENCE,DUPLICATE_EXACT,1,MANUAL_REVIEW_REQUIRED,distance=0.00m; nom=1.00; commune=1.00; priorite=5,#2563eb,check-circle,HIGH_CONFIDENCE,POINT(482689 338739),POINT(482689 338739),POINT(482689 338739),POINT(482689 338739)
cbd1ba0c-9d68-444b-b772-91f6e7edb27f,e60088e9-cf94-4e41-ae65-a5390866b4b8,infra.huilerie_inventaire_pollution,11aac3eb-5c1f-4fd7-b29b-6142c97515fa,Huilerie El Boussaadani,HUILERIE,7d8beee5-fc57-4452-ac6b-75daab953f55,Huilerie El Boussaadani,infra.huilerie_inventaire_pollution,0.0,0.925,HIGH_CONFIDENCE,DUPLICATE_EXACT,1,MANUAL_REVIEW_REQUIRED,distance=0.00m; nom=1.00; commune=1.00; priorite=5,#2563eb,check-circle,HIGH_CONFIDENCE,POINT(578848 402791),POINT(578848 402791),POINT(578848 402791),POINT(578848 402791)
c33151ad-cc85-4bca-9b8b-136e21f22c3f,e60088e9-cf94-4e41-ae65-a5390866b4b8,infra.huilerie_inventaire_pollution,cb21e7ea-9fdf-45cf-80d5-7d77ba9e5efa,Huilerie El Fehama,HUILERIE,baf80f31-3dba-44f1-ace3-2e0782d07f0c,Huilerie El Fehama,infra.huilerie_inventaire_pollution,0.0,0.925,HIGH_CONFIDENCE,DUPLICATE_EXACT,1,MANUAL_REVIEW_REQUIRED,distance=0.00m; nom=1.00; commune=1.00; priorite=5,#2563eb,check-circle,HIGH_CONFIDENCE,POINT(468156 404001),POINT(468156 404001),POINT(468156 404001),POINT(468156 404001)
6ec0932a-2b9d-458a-8f7e-2b05456ba2dc,e60088e9-cf94-4e41-ae65-a5390866b4b8,infra.huilerie_inventaire_pollution,ce86bb26-8c81-4d5f-93cd-3069fdaead08,Huilerie el wahda,HUILERIE,2f5ee1be-79c1-4963-84c2-7c1df507ee29,Huilerie el wahda,infra.huilerie_inventaire_pollution,0.0,0.925,HIGH_CONFIDENCE,DUPLICATE_EXACT,1,MANUAL_REVIEW_REQUIRED,distance=0.00m; nom=1.00; commune=1.00; priorite=5,#2563eb,check-circle,HIGH_CONFIDENCE,POINT(569134 439097),POINT(569134 439097),POINT(569134 439097),POINT(569134 439097)
d76b4ccd-beaa-4870-8fe5-432e5f46a1f8,e60088e9-cf94-4e41-ae65-a5390866b4b8,infra.huilerie_inventaire_pollution,be6b66aa-8713-4b51-a147-648811a020b4,Huilerie El Hajoui Ikhouane,HUILERIE,91010e7e-94c2-4894-b565-2573063f598b,Huilerie El Hajoui Ikhouane,infra.huilerie_inventaire_pollution,0.0,0.925,HIGH_CONFIDENCE,DUPLICATE_EXACT,1,MANUAL_REVIEW_REQUIRED,distance=0.00m; nom=1.00; commune=1.00; priorite=5,#2563eb,check-circle,HIGH_CONFIDENCE,POINT(501213 369082),POINT(501213 369082),POINT(501213 369082),POINT(501213 369082)
3b6498ef-ee59-414a-a63e-4222e033f3a2,e60088e9-cf94-4e41-ae65-a5390866b4b8,infra.huilerie_inventaire_pollution,a80eaf8c-32ba-4dd2-9e5d-35fd3c718325,Huilerie El Jabalia,HUILERIE,05dd2fde-d425-41b5-b669-539c1813bd8d,Huilerie El Jabalia,infra.huilerie_inventaire_pollution,0.0,0.925,HIGH_CONFIDENCE,DUPLICATE_EXACT,1,MANUAL_REVIEW_REQUIRED,distance=0.00m; nom=1.00; commune=1.00; priorite=5,#2563eb,check-circle,HIGH_CONFIDENCE,POINT(570743 439514),POINT(570743 439514),POINT(570743 439514),POINT(570743 439514)
4c8d7cae-5282-45ab-b207-35d924348fe6,e60088e9-cf94-4e41-ae65-a5390866b4b8,infra.huilerie_inventaire_pollution,844c1095-d490-4f00-a64f-8e267380f2f7,Huilerie el jadida,HUILERIE,f30b2823-7436-4f29-9342-fdd073f790db,Huilerie el jadida,infra.huilerie_inventaire_pollution,0.0,0.925,HIGH_CONFIDENCE,DUPLICATE_EXACT,1,MANUAL_REVIEW_REQUIRED,distance=0.00m; nom=1.00; commune=1.00; priorite=5,#2563eb,check-circle,HIGH_CONFIDENCE,POINT(629834 405011),POINT(629834 405011),POINT(629834 405011),POINT(629834 405011)
e8b9b949-2c82-466e-8da5-c7c4a79f08b6,e60088e9-cf94-4e41-ae65-a5390866b4b8,infra.huilerie_inventaire_pollution,315e4881-fa12-4b56-a656-8c1678dfca4e,Huilerie El Jadida,HUILERIE,e5b5f041-20a6-45ff-af29-3f691f2b3ef0,Huilerie El Jadida,infra.huilerie_inventaire_pollution,0.0,0.925,HIGH_CONFIDENCE,DUPLICATE_EXACT,1,MANUAL_REVIEW_REQUIRED,distance=0.00m; nom=1.00; commune=1.00; priorite=5,#2563eb,check-circle,HIGH_CONFIDENCE,POINT(472155 405633),POINT(472155 405633),POINT(472155 405633),POINT(472155 405633)
a4d828fc-0f38-4b30-a3e9-b674e83acbdb,e60088e9-cf94-4e41-ae65-a5390866b4b8,infra.huilerie_inventaire_pollution,cc89fe71-4f51-4dcf-b520-6873128e8c68,Huilerie El Wahda,HUILERIE,49c53b23-9b31-4c08-aaa6-44bd389b7031,Huilerie El Wahda,infra.huilerie_inventaire_pollution,0.0,0.925,HIGH_CONFIDENCE,DUPLICATE_EXACT,1,MANUAL_REVIEW_REQUIRED,distance=0.00m; nom=1.00; commune=1.00; priorite=5,#2563eb,check-circle,HIGH_CONFIDENCE,POINT(569879 439125),POINT(569879 439125),POINT(569879 439125),POINT(569879 439125)
7ab67d3a-b743-4e33-9746-6224301c417e,e60088e9-cf94-4e41-ae65-a5390866b4b8,infra.huilerie_inventaire_pollution,1e696f9c-db50-4406-9d4b-6c5088856d28,Huilerie El Kabaelles,HUILERIE,5ea62d97-7d59-408e-9864-57aa7c623c79,Huilerie El Kabaelles,infra.huilerie_inventaire_pollution,0.0,0.925,HIGH_CONFIDENCE,DUPLICATE_EXACT,1,MANUAL_REVIEW_REQUIRED,distance=0.00m; nom=1.00; commune=1.00; priorite=5,#2563eb,check-circle,HIGH_CONFIDENCE,POINT(584247 429685),POINT(584247 429685),POINT(584247 429685),POINT(584247 429685)
245e7de4-0435-4b73-bb3d-e4c4cfeb48a6,e60088e9-cf94-4e41-ae65-a5390866b4b8,infra.huilerie_inventaire_pollution,6814c994-6d0b-45ff-b563-f1ccdb7ee181,Huilerie El khaire,HUILERIE,1e89b462-4b68-457b-a7ed-edcc4cae9ebd,Huilerie El khaire,infra.huilerie_inventaire_pollution,0.0,0.925,HIGH_CONFIDENCE,DUPLICATE_EXACT,1,MANUAL_REVIEW_REQUIRED,distance=0.00m; nom=1.00; commune=1.00; priorite=5,#2563eb,check-circle,HIGH_CONFIDENCE,POINT(455087 363104),POINT(455087 363104),POINT(455087 363104),POINT(455087 363104)
c819ca40-4b02-4c27-ac22-b7e06d673f1a,e60088e9-cf94-4e41-ae65-a5390866b4b8,infra.huilerie_inventaire_pollution,f0df0b08-41fa-474e-9a60-b589062b29c6,Huilerie El Kherifi Ali,HUILERIE,1058a6cd-dcbf-4f31-85eb-e1ffcf3536d6,Huilerie El Kherifi Ali,infra.huilerie_inventaire_pollution,0.0,0.925,HIGH_CONFIDENCE,DUPLICATE_EXACT,1,MANUAL_REVIEW_REQUIRED,distance=0.00m; nom=1.00; commune=1.00; priorite=5,#2563eb,check-circle,HIGH_CONFIDENCE,POINT(507835 447715),POINT(507835 447715),POINT(507835 447715),POINT(507835 447715)
16d6e65a-ce6f-434e-a4d4-898e46e7a366,e60088e9-cf94-4e41-ae65-a5390866b4b8,infra.huilerie_inventaire_pollution,1a9219e4-f9ef-4b50-81d3-fb5d8f735012,Huilerie El Maarif Bni Snana Taoughilt,HUILERIE,61c38295-4837-4cb0-92c4-cb1acdb6c8c2,Huilerie El Maarif Bni Snana Taoughilt,infra.huilerie_inventaire_pollution,0.0,0.925,HIGH_CONFIDENCE,DUPLICATE_EXACT,1,MANUAL_REVIEW_REQUIRED,distance=0.00m; nom=1.00; commune=1.00; priorite=5,#2563eb,check-circle,HIGH_CONFIDENCE,POINT(494119 429468),POINT(494119 429468),POINT(494119 429468),POINT(494119 429468)
0b53dd37-7833-4137-9032-f299d7e72a7a,e60088e9-cf94-4e41-ae65-a5390866b4b8,infra.huilerie_inventaire_pollution,5ad5ed88-4294-4ecd-a984-878d23fad850,Huilerie El Nour,HUILERIE,a78b3ff0-ea25-4f0f-a02e-eb0b4c02724a,Huilerie El Nour,infra.huilerie_inventaire_pollution,0.0,0.925,HIGH_CONFIDENCE,DUPLICATE_EXACT,1,MANUAL_REVIEW_REQUIRED,distance=0.00m; nom=1.00; commune=1.00; priorite=5,#2563eb,check-circle,HIGH_CONFIDENCE,POINT(570718 439115),POINT(570718 439115),POINT(570718 439115),POINT(570718 439115)
4b8815f4-04f1-47b4-9fa5-af11e398f5a3,e60088e9-cf94-4e41-ae65-a5390866b4b8,infra.huilerie_inventaire_pollution,38d9e3c5-fbe2-4475-bda8-a181383fdf62,Huilerie El Zarhouni,HUILERIE,1b6c6974-11a2-4627-85c9-c29fd34e9fda,Huilerie El Zarhouni,infra.huilerie_inventaire_pollution,0.0,0.925,HIGH_CONFIDENCE,DUPLICATE_EXACT,1,MANUAL_REVIEW_REQUIRED,distance=0.00m; nom=1.00; commune=1.00; priorite=5,#2563eb,check-circle,HIGH_CONFIDENCE,POINT(470548 401537),POINT(470548 401537),POINT(470548 401537),POINT(470548 401537)
da1dda1f-02eb-4670-861f-8ff40ad5add4,e60088e9-cf94-4e41-ae65-a5390866b4b8,infra.huilerie_inventaire_pollution,4502220b-0be7-496d-bc3c-246c2c0f15fb,Huilerie Elharrati ait Krat,HUILERIE,f73ee695-1d9a-49f8-a9ed-54c7fd0a1244,Huilerie Elharrati ait Krat,infra.huilerie_inventaire_pollution,0.0,0.925,HIGH_CONFIDENCE,DUPLICATE_EXACT,1,MANUAL_REVIEW_REQUIRED,distance=0.00m; nom=1.00; commune=1.00; priorite=5,#2563eb,check-circle,HIGH_CONFIDENCE,POINT(475332 351711),POINT(475332 351711),POINT(475332 351711),POINT(475332 351711)
c0d8d139-a03d-4bfd-9c8d-5f7206a55bea,e60088e9-cf94-4e41-ae65-a5390866b4b8,infra.huilerie_inventaire_pollution,33e55efc-7b6f-4bb7-a6ca-1ff9675c869a,Huilerie Elhmad,HUILERIE,5b883c87-9dcb-423a-a580-cc157baf78c2,Huilerie Elhmad,infra.huilerie_inventaire_pollution,0.0,0.925,HIGH_CONFIDENCE,DUPLICATE_EXACT,1,MANUAL_REVIEW_REQUIRED,distance=0.00m; nom=1.00; commune=1.00; priorite=5,#2563eb,check-circle,HIGH_CONFIDENCE,POINT(469661 400446),POINT(469661 400446),POINT(469661 400446),POINT(469661 400446)
f0823a6f-5c26-426a-b7b3-8afdbe82b8e8,e60088e9-cf94-4e41-ae65-a5390866b4b8,infra.huilerie_inventaire_pollution,715d5a3c-7d75-452f-9b91-68337c2fd770,Huilerie extra du maroc,HUILERIE,6bf940d2-a2f8-48f3-92ed-62702a6e1134,Huilerie extra du maroc,infra.huilerie_inventaire_pollution,0.0,0.925,HIGH_CONFIDENCE,DUPLICATE_EXACT,1,MANUAL_REVIEW_REQUIRED,distance=0.00m; nom=1.00; commune=1.00; priorite=5,#2563eb,check-circle,HIGH_CONFIDENCE,POINT(504478 370222),POINT(504478 370222),POINT(504478 370222),POINT(504478 370222)
7731ac31-126a-4bd1-bc06-4b0d879140f1,e60088e9-cf94-4e41-ae65-a5390866b4b8,infra.huilerie_inventaire_pollution,a87dcd71-4939-4cfc-ae54-369f0850aeb9,Huilerie extra du Maroc,HUILERIE,27dd1221-29d5-406d-849a-8b6a7f84c646,Huilerie extra du Maroc,infra.huilerie_inventaire_pollution,0.0,0.925,HIGH_CONFIDENCE,DUPLICATE_EXACT,1,MANUAL_REVIEW_REQUIRED,distance=0.00m; nom=1.00; commune=1.00; priorite=5,#2563eb,check-circle,HIGH_CONFIDENCE,POINT(504465 370210),POINT(504465 370210),POINT(504465 370210),POINT(504465 370210)
d1e7e357-da55-4987-b7e5-313bd522ba2e,e60088e9-cf94-4e41-ae65-a5390866b4b8,infra.huilerie_inventaire_pollution,2d12bd6b-3753-4c2c-8e11-6a670dc5a08d,Huilerie Khlifi Fel,HUILERIE,17bf4111-6891-40e9-b500-340c140eb7f9,Huilerie Khlifi Fel,infra.huilerie_inventaire_pollution,0.0,0.925,HIGH_CONFIDENCE,DUPLICATE_EXACT,1,MANUAL_REVIEW_REQUIRED,distance=0.00m; nom=1.00; commune=1.00; priorite=5,#2563eb,check-circle,HIGH_CONFIDENCE,POINT(591956 443937),POINT(591956 443937),POINT(591956 443937),POINT(591956 443937)
c1b7a957-dee7-4004-aae9-ba99c516afec,e60088e9-cf94-4e41-ae65-a5390866b4b8,infra.huilerie_inventaire_pollution,2a6188a1-bd4f-4945-9717-9d3fde757e87,Huilerie Hafoudi,HUILERIE,e76bc15c-b3f3-40c4-ba20-231572c8e325,Huilerie Hafoudi,infra.huilerie_inventaire_pollution,0.0,0.925,HIGH_CONFIDENCE,DUPLICATE_EXACT,1,MANUAL_REVIEW_REQUIRED,distance=0.00m; nom=1.00; commune=1.00; priorite=5,#2563eb,check-circle,HIGH_CONFIDENCE,POINT(481615 338254),POINT(481615 338254),POINT(481615 338254),POINT(481615 338254)
65a068c3-f2b3-41b8-ade5-d75f32c1a2f7,e60088e9-cf94-4e41-ae65-a5390866b4b8,infra.huilerie_inventaire_pollution,851a29b6-cb75-424b-af96-46e2b512ae57,Huilerie Haj Dkir,HUILERIE,7e12ee8e-55f6-47f2-b3d0-dee29069ae9a,Huilerie Haj Dkir,infra.huilerie_inventaire_pollution,0.0,0.925,HIGH_CONFIDENCE,DUPLICATE_EXACT,1,MANUAL_REVIEW_REQUIRED,distance=0.00m; nom=1.00; commune=1.00; priorite=5,#2563eb,check-circle,HIGH_CONFIDENCE,POINT(492944 440892),POINT(492944 440892),POINT(492944 440892),POINT(492944 440892)
b7e7ce7e-4292-4c22-bfd6-ddf182b6b300,e60088e9-cf94-4e41-ae65-a5390866b4b8,infra.huilerie_inventaire_pollution,8fee9779-7c64-4b70-835c-68f8da2b1d24,Huilerie Hamid EL AICHI,HUILERIE,a9fac709-65c3-4380-bf3d-3b05b72bdc01,Huilerie Hamid EL AICHI,infra.huilerie_inventaire_pollution,0.0,0.925,HIGH_CONFIDENCE,DUPLICATE_EXACT,1,MANUAL_REVIEW_REQUIRED,distance=0.00m; nom=1.00; commune=1.00; priorite=5,#2563eb,check-circle,HIGH_CONFIDENCE,POINT(517511 425971),POINT(517511 425971),POINT(517511 425971),POINT(517511 425971)
d0f6bc87-b19b-47c9-b6be-66c5b0e8d44d,e60088e9-cf94-4e41-ae65-a5390866b4b8,infra.huilerie_inventaire_pollution,3576b1fb-00e8-4d88-afd9-2c1554153367,Huilerie Hassan MOUNACH,HUILERIE,65ef989b-7637-4535-99ce-f42b0499c91a,Huilerie Hassan MOUNACH,infra.huilerie_inventaire_pollution,0.0,0.925,HIGH_CONFIDENCE,DUPLICATE_EXACT,1,MANUAL_REVIEW_REQUIRED,distance=0.00m; nom=1.00; commune=1.00; priorite=5,#2563eb,check-circle,HIGH_CONFIDENCE,POINT(534897 400086),POINT(534897 400086),POINT(534897 400086),POINT(534897 400086)
eee72ea1-f831-413d-a1bf-836b22941495,e60088e9-cf94-4e41-ae65-a5390866b4b8,infra.huilerie_inventaire_pollution,141c306c-5591-42ec-861e-5be3b577970e,Huilerie Idriss BOUTEOUR,HUILERIE,207a00af-ec96-44c9-949b-15280304a914,Huilerie Idriss BOUTEOUR,infra.huilerie_inventaire_pollution,0.0,0.925,HIGH_CONFIDENCE,DUPLICATE_EXACT,1,MANUAL_REVIEW_REQUIRED,distance=0.00m; nom=1.00; commune=1.00; priorite=5,#2563eb,check-circle,HIGH_CONFIDENCE,POINT(543163 397006),POINT(543163 397006),POINT(543163 397006),POINT(543163 397006)
59f5f865-7ace-4e4f-ba9c-e661faed6e8c,e60088e9-cf94-4e41-ae65-a5390866b4b8,infra.huilerie_inventaire_pollution,5ab15729-b135-459b-ab6f-50a49cb5d292,Huilerie Idriss EL NAJAII,HUILERIE,995a62a8-cef9-4992-ab64-39f54a4df043,Huilerie Idriss EL NAJAII,infra.huilerie_inventaire_pollution,0.0,0.925,HIGH_CONFIDENCE,DUPLICATE_EXACT,1,MANUAL_REVIEW_REQUIRED,distance=0.00m; nom=1.00; commune=1.00; priorite=5,#2563eb,check-circle,HIGH_CONFIDENCE,POINT(531867 401064),POINT(531867 401064),POINT(531867 401064),POINT(531867 401064)
1fdc4952-addf-40de-a228-fbe69d1be6ef,e60088e9-cf94-4e41-ae65-a5390866b4b8,infra.huilerie_inventaire_pollution,cf446e36-245a-434b-93d0-85d4faa01c70,Huilerie IMASE,HUILERIE,4ed7c1b1-640a-404a-b664-083352e51b67,Huilerie IMASE,infra.huilerie_inventaire_pollution,0.0,0.925,HIGH_CONFIDENCE,DUPLICATE_EXACT,1,MANUAL_REVIEW_REQUIRED,distance=0.00m; nom=1.00; commune=1.00; priorite=5,#2563eb,check-circle,HIGH_CONFIDENCE,POINT(440340 358265),POINT(440340 358265),POINT(440340 358265),POINT(440340 358265)
9eaf29b5-7108-47c8-8575-b3ae00dd98dd,e60088e9-cf94-4e41-ae65-a5390866b4b8,infra.huilerie_inventaire_pollution,42a685bd-54dc-4f67-bb23-0b5cea180f1e,Huilerie issidouni,HUILERIE,f7430226-42c5-475c-b013-efa96f6d99b0,Huilerie issidouni,infra.huilerie_inventaire_pollution,0.0,0.925,HIGH_CONFIDENCE,DUPLICATE_EXACT,1,MANUAL_REVIEW_REQUIRED,distance=0.00m; nom=1.00; commune=1.00; priorite=5,#2563eb,check-circle,HIGH_CONFIDENCE,POINT(601311 399582),POINT(601311 399582),POINT(601311 399582),POINT(601311 399582)
516ba4d8-b0d7-4428-9131-f5efff294cd0,e60088e9-cf94-4e41-ae65-a5390866b4b8,infra.huilerie_inventaire_pollution,ce8168b6-a906-4519-b77b-62c0e2e1c35a,Huilerie JEAAIT,HUILERIE,b16c9cd3-7fe0-47ec-994b-d26f1ff09fcb,Huilerie JEAAIT,infra.huilerie_inventaire_pollution,0.0,0.925,HIGH_CONFIDENCE,DUPLICATE_EXACT,1,MANUAL_REVIEW_REQUIRED,distance=0.00m; nom=1.00; commune=1.00; priorite=5,#2563eb,check-circle,HIGH_CONFIDENCE,POINT(428358 371792),POINT(428358 371792),POINT(428358 371792),POINT(428358 371792)
a3155b54-b3fb-416b-9434-51f17a5b4af3,e60088e9-cf94-4e41-ae65-a5390866b4b8,infra.huilerie_inventaire_pollution,85f996bc-3b3a-4fba-a891-2be1733e9de3,Huilerie JOUIRI Mhamed,HUILERIE,004bcade-d656-4cfb-869a-3a0990d59fb8,Huilerie JOUIRI Mhamed,infra.huilerie_inventaire_pollution,0.0,0.925,HIGH_CONFIDENCE,DUPLICATE_EXACT,1,MANUAL_REVIEW_REQUIRED,distance=0.00m; nom=1.00; commune=1.00; priorite=5,#2563eb,check-circle,HIGH_CONFIDENCE,POINT(505864 407417),POINT(505864 407417),POINT(505864 407417),POINT(505864 407417)
def71d23-d989-49d8-b395-8c2301e2c38c,e60088e9-cf94-4e41-ae65-a5390866b4b8,infra.huilerie_inventaire_pollution,0efba830-b347-4d40-9715-e108cb95f413,Huilerie Kachour Abdelaziz,HUILERIE,3fd799cf-1ea5-4536-9dea-638862c357fc,Huilerie Kachour Abdelaziz,infra.huilerie_inventaire_pollution,0.0,0.925,HIGH_CONFIDENCE,DUPLICATE_EXACT,1,MANUAL_REVIEW_REQUIRED,distance=0.00m; nom=1.00; commune=1.00; priorite=5,#2563eb,check-circle,HIGH_CONFIDENCE,POINT(517619 494356),POINT(517619 494356),POINT(517619 494356),POINT(517619 494356)
8af3bcc7-1fa8-4a5e-ab05-47947841e177,e60088e9-cf94-4e41-ae65-a5390866b4b8,infra.huilerie_inventaire_pollution,275d0eca-8083-45b7-9433-b9656a96c3c6,Huilerie Karam,HUILERIE,6f694f34-518c-430e-aed1-bd3ad9e4740b,Huilerie Karam,infra.huilerie_inventaire_pollution,0.0,0.925,HIGH_CONFIDENCE,DUPLICATE_EXACT,1,MANUAL_REVIEW_REQUIRED,distance=0.00m; nom=1.00; commune=1.00; priorite=5,#2563eb,check-circle,HIGH_CONFIDENCE,POINT(591956 407705),POINT(591956 407705),POINT(591956 407705),POINT(591956 407705)
ec0cc053-6c78-4955-b4f0-5c129f6de784,e60088e9-cf94-4e41-ae65-a5390866b4b8,infra.huilerie_inventaire_pollution,228ce611-ccd4-4aab-b368-761a74852ad0,Huilerie Khalid HARBOUCH,HUILERIE,01e3831c-f792-4309-83a4-690fa1912603,Huilerie Khalid HARBOUCH,infra.huilerie_inventaire_pollution,0.0,0.925,HIGH_CONFIDENCE,DUPLICATE_EXACT,1,MANUAL_REVIEW_REQUIRED,distance=0.00m; nom=1.00; commune=1.00; priorite=5,#2563eb,check-circle,HIGH_CONFIDENCE,POINT(544792 435047),POINT(544792 435047),POINT(544792 435047),POINT(544792 435047)
d9b81c50-b9cc-496c-964b-a3c80191329c,e60088e9-cf94-4e41-ae65-a5390866b4b8,infra.huilerie_inventaire_pollution,14634249-249e-40f6-916a-c27005e0269a,Huilerie Khenichet Agricole,HUILERIE,cec6603e-070e-4e92-a8b8-bccf2644cd72,Huilerie Khenichet Agricole,infra.huilerie_inventaire_pollution,0.0,0.925,HIGH_CONFIDENCE,DUPLICATE_EXACT,1,MANUAL_REVIEW_REQUIRED,distance=0.00m; nom=1.00; commune=1.00; priorite=5,#2563eb,check-circle,HIGH_CONFIDENCE,POINT(473024 426328),POINT(473024 426328),POINT(473024 426328),POINT(473024 426328)
7ce7f9e7-d965-4439-a192-dd41b240d2ae,e60088e9-cf94-4e41-ae65-a5390866b4b8,infra.huilerie_inventaire_pollution,d4029bb8-11b3-4e2c-a295-ac3e70dbb336,Huilerie Khribech,HUILERIE,862c4d52-ff12-47be-9458-858e5bbbdaa9,Huilerie Khribech,infra.huilerie_inventaire_pollution,0.0,0.925,HIGH_CONFIDENCE,DUPLICATE_EXACT,1,MANUAL_REVIEW_REQUIRED,distance=0.00m; nom=1.00; commune=1.00; priorite=5,#2563eb,check-circle,HIGH_CONFIDENCE,POINT(587127 408364),POINT(587127 408364),POINT(587127 408364),POINT(587127 408364)
0f562f0a-f0ee-471e-bab4-83c46dcea176,e60088e9-cf94-4e41-ae65-a5390866b4b8,infra.huilerie_inventaire_pollution,06d56108-81a3-4c6e-a4a2-832dbc1078d7,Huilerie Krafssen,HUILERIE,11fc9383-d71f-4700-be3b-839abc390506,Huilerie Krafssen,infra.huilerie_inventaire_pollution,0.0,0.925,HIGH_CONFIDENCE,DUPLICATE_EXACT,1,MANUAL_REVIEW_REQUIRED,distance=0.00m; nom=1.00; commune=1.00; priorite=5,#2563eb,check-circle,HIGH_CONFIDENCE,POINT(471942 405523),POINT(471942 405523),POINT(471942 405523),POINT(471942 405523)
c654d77b-9a2f-4714-9306-5c23340ac953,e60088e9-cf94-4e41-ae65-a5390866b4b8,infra.huilerie_inventaire_pollution,19dd55b0-d362-44b9-8a0c-bb9b0d750f6d,Huilerie La Nouvelle Huilerie du Nord,HUILERIE,23314434-6a12-4002-88df-c0d75846f6db,Huilerie La Nouvelle Huilerie du Nord,infra.huilerie_inventaire_pollution,0.0,0.925,HIGH_CONFIDENCE,DUPLICATE_EXACT,1,MANUAL_REVIEW_REQUIRED,distance=0.00m; nom=1.00; commune=1.00; priorite=5,#2563eb,check-circle,HIGH_CONFIDENCE,POINT(510105 430258),POINT(510105 430258),POINT(510105 430258),POINT(510105 430258)
99b5a75a-abc0-4903-a159-80f1f69acbbc,e60088e9-cf94-4e41-ae65-a5390866b4b8,infra.huilerie_inventaire_pollution,ae974c97-21c7-48c4-a7f2-fe8ea2029568,Huilerie Lalla Joumana,HUILERIE,b4e300b4-e545-4579-bd10-5ecc302cb9b1,Huilerie Lalla Joumana,infra.huilerie_inventaire_pollution,0.0,0.925,HIGH_CONFIDENCE,DUPLICATE_EXACT,1,MANUAL_REVIEW_REQUIRED,distance=0.00m; nom=1.00; commune=1.00; priorite=5,#2563eb,check-circle,HIGH_CONFIDENCE,POINT(495692.752 371123.996),POINT(495692.752 371123.996),POINT(495692.752 371123.996),POINT(495692.752 371123.996)
5c0517e3-ea3b-4e8b-baec-880df0a27334,e60088e9-cf94-4e41-ae65-a5390866b4b8,infra.huilerie_inventaire_pollution,63736a8c-b7f3-4069-8e99-a1c327536261,Huilerie Lina Olive,HUILERIE,94e98b37-fb97-46ff-9a0e-88e3fb6b813c,Huilerie Lina Olive,infra.huilerie_inventaire_pollution,0.0,0.925,HIGH_CONFIDENCE,DUPLICATE_EXACT,1,MANUAL_REVIEW_REQUIRED,distance=0.00m; nom=1.00; commune=1.00; priorite=5,#2563eb,check-circle,HIGH_CONFIDENCE,POINT(504988 365373),POINT(504988 365373),POINT(504988 365373),POINT(504988 365373)
bd127427-d8b4-4e6f-a9e8-09fd0a8f4a07,e60088e9-cf94-4e41-ae65-a5390866b4b8,infra.huilerie_inventaire_pollution,f9463172-f7cc-4fd9-a652-ebd72c06c0db,Huilerie Loulja Moderne,HUILERIE,ed435ca2-c7fc-4fd1-9c2d-336d23cff313,Huilerie Loulja Moderne,infra.huilerie_inventaire_pollution,0.0,0.925,HIGH_CONFIDENCE,DUPLICATE_EXACT,1,MANUAL_REVIEW_REQUIRED,distance=0.00m; nom=1.00; commune=1.00; priorite=5,#2563eb,check-circle,HIGH_CONFIDENCE,POINT(541195 411362),POINT(541195 411362),POINT(541195 411362),POINT(541195 411362)
dc075e6c-c345-449b-b769-859145d43cfd,e60088e9-cf94-4e41-ae65-a5390866b4b8,infra.huilerie_inventaire_pollution,8bd9a7ea-9368-40be-89fc-08766554de81,Huilerie Maakacha,HUILERIE,00d89a3f-af73-485f-a3e7-14f01e71e29f,Huilerie Maakacha,infra.huilerie_inventaire_pollution,0.0,0.925,HIGH_CONFIDENCE,DUPLICATE_EXACT,1,MANUAL_REVIEW_REQUIRED,distance=0.00m; nom=1.00; commune=1.00; priorite=5,#2563eb,check-circle,HIGH_CONFIDENCE,POINT(519116 494125),POINT(519116 494125),POINT(519116 494125),POINT(519116 494125)
a20ab0b5-4724-48c5-9b48-78703743fc53,e60088e9-cf94-4e41-ae65-a5390866b4b8,infra.huilerie_inventaire_pollution,ec274856-5406-4a92-8218-5ada0518fd7f,Huilerie Mahfoud EL KHABIR,HUILERIE,fe8ed23d-a088-4e5d-86f6-7d702f73f8ea,Huilerie Mahfoud EL KHABIR,infra.huilerie_inventaire_pollution,0.0,0.925,HIGH_CONFIDENCE,DUPLICATE_EXACT,1,MANUAL_REVIEW_REQUIRED,distance=0.00m; nom=1.00; commune=1.00; priorite=5,#2563eb,check-circle,HIGH_CONFIDENCE,POINT(540223 433444),POINT(540223 433444),POINT(540223 433444),POINT(540223 433444)
0f78be53-ba80-48f1-8317-e6875d48d058,e60088e9-cf94-4e41-ae65-a5390866b4b8,infra.huilerie_inventaire_pollution,856e0472-9f27-4313-8455-27038d54d412,Huilerie Massoud EL SAYEBE,HUILERIE,b35ebb49-3ca5-41c0-8a1b-219606dbd984,Huilerie Massoud EL SAYEBE,infra.huilerie_inventaire_pollution,0.0,0.925,HIGH_CONFIDENCE,DUPLICATE_EXACT,1,MANUAL_REVIEW_REQUIRED,distance=0.00m; nom=1.00; commune=1.00; priorite=5,#2563eb,check-circle,HIGH_CONFIDENCE,POINT(535004 394174),POINT(535004 394174),POINT(535004 394174),POINT(535004 394174)
1cf595c3-f919-41fa-8e54-853db5a6435e,e60088e9-cf94-4e41-ae65-a5390866b4b8,infra.huilerie_inventaire_pollution,f9bba4fa-0855-464d-9758-4ff8a1d51ded,Huilerie matmata,HUILERIE,2de522fc-986f-4f9f-b42c-303f95b1c3c8,Huilerie matmata,infra.huilerie_inventaire_pollution,0.0,0.925,HIGH_CONFIDENCE,DUPLICATE_EXACT,1,MANUAL_REVIEW_REQUIRED,distance=0.00m; nom=1.00; commune=1.00; priorite=5,#2563eb,check-circle,HIGH_CONFIDENCE,POINT(578358 389056),POINT(578358 389056),POINT(578358 389056),POINT(578358 389056)
f8b65dc0-73b5-4552-96c8-726ddc147a11,e60088e9-cf94-4e41-ae65-a5390866b4b8,infra.huilerie_inventaire_pollution,7555327f-003e-400c-893b-6d2128de305b,Huilerie Mohamed Fguih,HUILERIE,53eb2774-d5da-4141-a0f9-fca51dca1cb1,Huilerie Mohamed Fguih,infra.huilerie_inventaire_pollution,0.0,0.925,HIGH_CONFIDENCE,DUPLICATE_EXACT,1,MANUAL_REVIEW_REQUIRED,distance=0.00m; nom=1.00; commune=1.00; priorite=5,#2563eb,check-circle,HIGH_CONFIDENCE,POINT(517806 445219),POINT(517806 445219),POINT(517806 445219),POINT(517806 445219)
a026aedc-de14-4f09-a24c-9fd13aa8ac3e,e60088e9-cf94-4e41-ae65-a5390866b4b8,infra.huilerie_inventaire_pollution,272b620f-214a-41ff-8bf8-87d365df2889,Huilerie Meskin,HUILERIE,8feb8c67-0b41-475b-9781-93e506876dd9,Huilerie Meskin,infra.huilerie_inventaire_pollution,0.0,0.925,HIGH_CONFIDENCE,DUPLICATE_EXACT,1,MANUAL_REVIEW_REQUIRED,distance=0.00m; nom=1.00; commune=1.00; priorite=5,#2563eb,check-circle,HIGH_CONFIDENCE,POINT(528940 471106),POINT(528940 471106),POINT(528940 471106),POINT(528940 471106)
3d87b893-60d7-4101-a927-81f7812e515c,e60088e9-cf94-4e41-ae65-a5390866b4b8,infra.huilerie_inventaire_pollution,3c4e22d5-5419-46ab-92d4-4f3b4ecbc223,Huilerie Modèrene Ouannana,HUILERIE,86cb4918-ce01-4dc4-a0a9-09a88d676d02,Huilerie Modèrene Ouannana,infra.huilerie_inventaire_pollution,0.0,0.925,HIGH_CONFIDENCE,DUPLICATE_EXACT,1,MANUAL_REVIEW_REQUIRED,distance=0.00m; nom=1.00; commune=1.00; priorite=5,#2563eb,check-circle,HIGH_CONFIDENCE,POINT(503586.05 450001.13),POINT(503586.05 450001.13),POINT(503586.05 450001.13),POINT(503586.05 450001.13)
83da7129-2b85-4b1b-a4de-1e1d9d5a169c,e60088e9-cf94-4e41-ae65-a5390866b4b8,infra.huilerie_inventaire_pollution,109f932a-9075-4dc7-8290-cda98893a913,Huilerie Moderne de Teroual,HUILERIE,e5c58e3c-85a0-463d-be04-8bf26f042b37,Huilerie Moderne de Teroual,infra.huilerie_inventaire_pollution,0.0,0.925,HIGH_CONFIDENCE,DUPLICATE_EXACT,1,MANUAL_REVIEW_REQUIRED,distance=0.00m; nom=1.00; commune=1.00; priorite=5,#2563eb,check-circle,HIGH_CONFIDENCE,POINT(512606 453301),POINT(512606 453301),POINT(512606 453301),POINT(512606 453301)
29d658be-f378-4e35-8a48-07307004ec80,e60088e9-cf94-4e41-ae65-a5390866b4b8,infra.huilerie_inventaire_pollution,df9ff2f8-b015-4537-80e7-0c04c2c6fa52,Huilerie Mohamed BOUAANANI,HUILERIE,a198bdfa-dbc0-4220-98e8-74053319354e,Huilerie Mohamed BOUAANANI,infra.huilerie_inventaire_pollution,0.0,0.925,HIGH_CONFIDENCE,DUPLICATE_EXACT,1,MANUAL_REVIEW_REQUIRED,distance=0.00m; nom=1.00; commune=1.00; priorite=5,#2563eb,check-circle,HIGH_CONFIDENCE,POINT(540840 388649),POINT(540840 388649),POINT(540840 388649),POINT(540840 388649)
e0db8cf4-dee5-42d4-924d-e14d9f756865,e60088e9-cf94-4e41-ae65-a5390866b4b8,infra.huilerie_inventaire_pollution,c20c0753-88ea-4ab1-ade5-7958ef1a35ce,Huilerie Mohamed CHGARI,HUILERIE,b52238e7-2cb8-4562-ae5a-711a3202318b,Huilerie Mohamed CHGARI,infra.huilerie_inventaire_pollution,0.0,0.925,HIGH_CONFIDENCE,DUPLICATE_EXACT,1,MANUAL_REVIEW_REQUIRED,distance=0.00m; nom=1.00; commune=1.00; priorite=5,#2563eb,check-circle,HIGH_CONFIDENCE,POINT(541832 434918),POINT(541832 434918),POINT(541832 434918),POINT(541832 434918)
1ff22c07-225d-4569-b781-816a5af3dc93,e60088e9-cf94-4e41-ae65-a5390866b4b8,infra.huilerie_inventaire_pollution,36cc658e-b9d9-4811-9bdc-b0abd4f76360,Huilerie Mohamed IDRISSI MOUNADI,HUILERIE,339ae9f9-003d-4dcd-945f-47c8566f3e66,Huilerie Mohamed IDRISSI MOUNADI,infra.huilerie_inventaire_pollution,0.0,0.925,HIGH_CONFIDENCE,DUPLICATE_EXACT,1,MANUAL_REVIEW_REQUIRED,distance=0.00m; nom=1.00; commune=1.00; priorite=5,#2563eb,check-circle,HIGH_CONFIDENCE,POINT(538470 402301),POINT(538470 402301),POINT(538470 402301),POINT(538470 402301)
51187ce7-0ffa-469a-a568-ab439656b161,e60088e9-cf94-4e41-ae65-a5390866b4b8,infra.huilerie_inventaire_pollution,85b39ea3-0a9e-4138-8962-98768c1565aa,Huilerie Mohamed KCHABOU,HUILERIE,0557b034-3232-4fc3-bce9-242c6da98898,Huilerie Mohamed KCHABOU,infra.huilerie_inventaire_pollution,0.0,0.925,HIGH_CONFIDENCE,DUPLICATE_EXACT,1,MANUAL_REVIEW_REQUIRED,distance=0.00m; nom=1.00; commune=1.00; priorite=5,#2563eb,check-circle,HIGH_CONFIDENCE,POINT(537880 391120),POINT(537880 391120),POINT(537880 391120),POINT(537880 391120)
6c9e4bbf-cf9d-4180-877f-0a30bfc50b6e,e60088e9-cf94-4e41-ae65-a5390866b4b8,infra.huilerie_inventaire_pollution,ff0d5cfd-730a-4f7d-8ea7-2630c7ffb3a4,Huilerie Mokhtar BAHTAT,HUILERIE,b7f7b28f-416e-4f60-aebd-82ba40a4fc1e,Huilerie Mokhtar BAHTAT,infra.huilerie_inventaire_pollution,0.0,0.925,HIGH_CONFIDENCE,DUPLICATE_EXACT,1,MANUAL_REVIEW_REQUIRED,distance=0.00m; nom=1.00; commune=1.00; priorite=5,#2563eb,check-circle,HIGH_CONFIDENCE,POINT(538793 403980),POINT(538793 403980),POINT(538793 403980),POINT(538793 403980)
226df176-3eea-44c5-a12e-3a64b080917b,e60088e9-cf94-4e41-ae65-a5390866b4b8,infra.huilerie_inventaire_pollution,6dd4b205-d2f7-464d-a4bd-6a4c8a46a0c4,Huilerie My BOUCHETTA,HUILERIE,22505cfd-7527-40c2-9e6c-80b6a5e87b59,Huilerie My BOUCHETTA,infra.huilerie_inventaire_pollution,0.0,0.925,HIGH_CONFIDENCE,DUPLICATE_EXACT,1,MANUAL_REVIEW_REQUIRED,distance=0.00m; nom=1.00; commune=1.00; priorite=5,#2563eb,check-circle,HIGH_CONFIDENCE,POINT(526400 432121),POINT(526400 432121),POINT(526400 432121),POINT(526400 432121)
cf3dbb32-ce85-4fb7-9444-68456b7fe86c,e60088e9-cf94-4e41-ae65-a5390866b4b8,infra.huilerie_inventaire_pollution,0f1dba41-bc8b-4eda-92c1-68231f2d33e2,Huilerie NACHITE,HUILERIE,8e189605-c041-484b-94a3-4941876db3aa,Huilerie NACHITE,infra.huilerie_inventaire_pollution,0.0,0.925,HIGH_CONFIDENCE,DUPLICATE_EXACT,1,MANUAL_REVIEW_REQUIRED,distance=0.00m; nom=1.00; commune=1.00; priorite=5,#2563eb,check-circle,HIGH_CONFIDENCE,POINT(438174 360662),POINT(438174 360662),POINT(438174 360662),POINT(438174 360662)
49580713-9f25-4e87-ba93-3d5a092706c5,e60088e9-cf94-4e41-ae65-a5390866b4b8,infra.huilerie_inventaire_pollution,0e55f31f-f83a-40b6-97a3-5474715fe927,"Huilerie Nadi
",HUILERIE,eda165c1-4c87-4ba0-bf50-f2a032633eca,"Huilerie Nadi
",infra.huilerie_inventaire_pollution,0.0,0.925,HIGH_CONFIDENCE,DUPLICATE_EXACT,1,MANUAL_REVIEW_REQUIRED,distance=0.00m; nom=1.00; commune=1.00; priorite=5,#2563eb,check-circle,HIGH_CONFIDENCE,POINT(463576 362098),POINT(463576 362098),POINT(463576 362098),POINT(463576 362098)
266f2e54-97e6-4780-a5cc-56c2ee4cf977,e60088e9-cf94-4e41-ae65-a5390866b4b8,infra.huilerie_inventaire_pollution,4eaeab01-ada5-4854-b631-bd9ad90e1473,Huilerie Nour,HUILERIE,4c7df9bf-a5d8-449a-9e0b-eda1e7a1b5fa,Huilerie Nour,infra.huilerie_inventaire_pollution,0.0,0.925,HIGH_CONFIDENCE,DUPLICATE_EXACT,1,MANUAL_REVIEW_REQUIRED,distance=0.00m; nom=1.00; commune=1.00; priorite=5,#2563eb,check-circle,HIGH_CONFIDENCE,POINT(437311 359806),POINT(437311 359806),POINT(437311 359806),POINT(437311 359806)
376c844f-5771-4716-b162-2bd48b33991b,e60088e9-cf94-4e41-ae65-a5390866b4b8,infra.huilerie_inventaire_pollution,3d841d5a-9aea-47e2-94ef-df6f8d08af09,Huilerie Nour,HUILERIE,ab04e279-391e-49b1-80f9-25bd359ea3f3,Huilerie Nour,infra.huilerie_inventaire_pollution,0.0,0.925,HIGH_CONFIDENCE,DUPLICATE_EXACT,1,MANUAL_REVIEW_REQUIRED,distance=0.00m; nom=1.00; commune=1.00; priorite=5,#2563eb,check-circle,HIGH_CONFIDENCE,POINT(602139 451387),POINT(602139 451387),POINT(602139 451387),POINT(602139 451387)
6e4766f9-a555-4cbc-814f-b8d61e65f3bc,e60088e9-cf94-4e41-ae65-a5390866b4b8,infra.huilerie_inventaire_pollution,2d96895b-1d97-4542-9fe2-303aaf4eb300,Huilerie nouvelle géenartion,HUILERIE,e9432048-a84e-4cca-9c7a-529edd24ad71,Huilerie nouvelle géenartion,infra.huilerie_inventaire_pollution,0.0,0.925,HIGH_CONFIDENCE,DUPLICATE_EXACT,1,MANUAL_REVIEW_REQUIRED,distance=0.00m; nom=1.00; commune=1.00; priorite=5,#2563eb,check-circle,HIGH_CONFIDENCE,POINT(472256 405384),POINT(472256 405384),POINT(472256 405384),POINT(472256 405384)
8ca18381-c5de-469a-977c-f59bd74a6af6,e60088e9-cf94-4e41-ae65-a5390866b4b8,infra.huilerie_inventaire_pollution,53a09dd9-5dc6-48d1-b7ca-b93d28542368,Huilerie OR vert d'Olives,HUILERIE,b1fc7dd4-d363-490d-a0ed-c8e1bb7e6769,Huilerie OR vert d'Olives,infra.huilerie_inventaire_pollution,0.0,0.925,HIGH_CONFIDENCE,DUPLICATE_EXACT,1,MANUAL_REVIEW_REQUIRED,distance=0.00m; nom=1.00; commune=1.00; priorite=5,#2563eb,check-circle,HIGH_CONFIDENCE,POINT(515575 421120),POINT(515575 421120),POINT(515575 421120),POINT(515575 421120)
f8f2cd83-589c-44c4-ae04-9f91607f2de2,e60088e9-cf94-4e41-ae65-a5390866b4b8,infra.huilerie_inventaire_pollution,9c443f31-43a7-4837-b3d9-14083fd0c3cc,Huilerie Ouala,HUILERIE,c3b2d35f-f22a-4ff8-8be5-ae70226fab4e,Huilerie Ouala,infra.huilerie_inventaire_pollution,0.0,0.925,HIGH_CONFIDENCE,DUPLICATE_EXACT,1,MANUAL_REVIEW_REQUIRED,distance=0.00m; nom=1.00; commune=1.00; priorite=5,#2563eb,check-circle,HIGH_CONFIDENCE,POINT(486238 450975),POINT(486238 450975),POINT(486238 450975),POINT(486238 450975)
cf28c4bd-1368-4ca4-b70c-55c11d592c81,e60088e9-cf94-4e41-ae65-a5390866b4b8,infra.huilerie_inventaire_pollution,681fe317-f556-4989-90f0-7553c2e592b9,Huilerie OUARAD,HUILERIE,266a6a88-37b9-49e9-bd6c-e5e79a3efc85,Huilerie OUARAD,infra.huilerie_inventaire_pollution,0.0,0.925,HIGH_CONFIDENCE,DUPLICATE_EXACT,1,MANUAL_REVIEW_REQUIRED,distance=0.00m; nom=1.00; commune=1.00; priorite=5,#2563eb,check-circle,HIGH_CONFIDENCE,POINT(425680 362160),POINT(425680 362160),POINT(425680 362160),POINT(425680 362160)
0089b925-c1b2-44ca-a147-295472beab57,e60088e9-cf94-4e41-ae65-a5390866b4b8,infra.huilerie_inventaire_pollution,b97a896e-767e-415b-9489-b9f28c53d849,Huilerie Oued Drader,HUILERIE,f7328d3d-b00c-4121-9fa8-7e7369090422,Huilerie Oued Drader,infra.huilerie_inventaire_pollution,0.0,0.925,HIGH_CONFIDENCE,DUPLICATE_EXACT,1,MANUAL_REVIEW_REQUIRED,distance=0.00m; nom=1.00; commune=1.00; priorite=5,#2563eb,check-circle,HIGH_CONFIDENCE,POINT(577140 432443),POINT(577140 432443),POINT(577140 432443),POINT(577140 432443)
5464f336-1b0e-47d1-a75f-8987a37615e9,e60088e9-cf94-4e41-ae65-a5390866b4b8,infra.huilerie_inventaire_pollution,b16314bc-ff96-4df0-93a9-9505c4e1f757,Huilerie Oued Drader,HUILERIE,81bf644b-0368-4533-b9ca-8da5f3a34cc6,Huilerie Oued Drader,infra.huilerie_inventaire_pollution,0.0,0.925,HIGH_CONFIDENCE,DUPLICATE_EXACT,1,MANUAL_REVIEW_REQUIRED,distance=0.00m; nom=1.00; commune=1.00; priorite=5,#2563eb,check-circle,HIGH_CONFIDENCE,POINT(512013 441563),POINT(512013 441563),POINT(512013 441563),POINT(512013 441563)
d8f2a480-4933-4b8f-bd8f-88f95008b1e6,e60088e9-cf94-4e41-ae65-a5390866b4b8,infra.huilerie_inventaire_pollution,a8951a09-b125-4c70-8877-d7513a31deb6,huilerie Oujda,HUILERIE,1b274415-9e87-4ee4-9453-06d95d4ca601,huilerie Oujda,infra.huilerie_inventaire_pollution,0.0,0.925,HIGH_CONFIDENCE,DUPLICATE_EXACT,1,MANUAL_REVIEW_REQUIRED,distance=0.00m; nom=1.00; commune=1.00; priorite=5,#2563eb,check-circle,HIGH_CONFIDENCE,POINT(512155 374351),POINT(512155 374351),POINT(512155 374351),POINT(512155 374351)
f69fa279-9df5-447c-907e-bfee0aebaa50,e60088e9-cf94-4e41-ae65-a5390866b4b8,infra.huilerie_inventaire_pollution,c9a7bc88-e36b-4ff3-8e36-6cff3002f296,Huilerie Ouled Brih,HUILERIE,d0c9e274-305d-4902-ab67-98390e094844,Huilerie Ouled Brih,infra.huilerie_inventaire_pollution,0.0,0.925,HIGH_CONFIDENCE,DUPLICATE_EXACT,1,MANUAL_REVIEW_REQUIRED,distance=0.00m; nom=1.00; commune=1.00; priorite=5,#2563eb,check-circle,HIGH_CONFIDENCE,POINT(631676 415248),POINT(631676 415248),POINT(631676 415248),POINT(631676 415248)
ac13536c-0cd8-45af-90a4-baf7c0fa1e6b,e60088e9-cf94-4e41-ae65-a5390866b4b8,infra.huilerie_inventaire_pollution,d38c9009-d242-4523-bdb1-c86801ae8d69,Huilerie Said BOUHTATA,HUILERIE,1a076af0-0d73-4ab9-8a2d-041398dd1c6f,Huilerie Said BOUHTATA,infra.huilerie_inventaire_pollution,0.0,0.925,HIGH_CONFIDENCE,DUPLICATE_EXACT,1,MANUAL_REVIEW_REQUIRED,distance=0.00m; nom=1.00; commune=1.00; priorite=5,#2563eb,check-circle,HIGH_CONFIDENCE,POINT(536182 396807),POINT(536182 396807),POINT(536182 396807),POINT(536182 396807)
a7eb5f7b-a2e2-4864-a7cb-ebe1cc74d67a,e60088e9-cf94-4e41-ae65-a5390866b4b8,infra.huilerie_inventaire_pollution,3e339f6c-6690-45dd-b083-facee9c25f86,Huilerie Ouled Hmaidi,HUILERIE,e1b49fde-fc46-4143-900e-4ec9a71e4492,Huilerie Ouled Hmaidi,infra.huilerie_inventaire_pollution,0.0,0.925,HIGH_CONFIDENCE,DUPLICATE_EXACT,1,MANUAL_REVIEW_REQUIRED,distance=0.00m; nom=1.00; commune=1.00; priorite=5,#2563eb,check-circle,HIGH_CONFIDENCE,POINT(528790 470977),POINT(528790 470977),POINT(528790 470977),POINT(528790 470977)
678c59ee-0c29-4552-ba53-8a377a4bf569,e60088e9-cf94-4e41-ae65-a5390866b4b8,infra.huilerie_inventaire_pollution,195e6457-de89-4939-adb5-8f3b361c42db,Huilerie ouled si hamou,HUILERIE,491867ac-307c-48e7-81e9-5c63f99a454c,Huilerie ouled si hamou,infra.huilerie_inventaire_pollution,0.0,0.925,HIGH_CONFIDENCE,DUPLICATE_EXACT,1,MANUAL_REVIEW_REQUIRED,distance=0.00m; nom=1.00; commune=1.00; priorite=5,#2563eb,check-circle,HIGH_CONFIDENCE,POINT(468782 404399),POINT(468782 404399),POINT(468782 404399),POINT(468782 404399)
d1b602fa-28d0-41c4-bc0e-07fbe172bcaa,e60088e9-cf94-4e41-ae65-a5390866b4b8,infra.huilerie_inventaire_pollution,fd4ab02b-fdc8-4690-9802-13e346a2c738,Huilerie Ouljat Jamae,HUILERIE,92c86c0e-6377-4159-ab1a-e1f4ec994698,Huilerie Ouljat Jamae,infra.huilerie_inventaire_pollution,0.0,0.925,HIGH_CONFIDENCE,DUPLICATE_EXACT,1,MANUAL_REVIEW_REQUIRED,distance=0.00m; nom=1.00; commune=1.00; priorite=5,#2563eb,check-circle,HIGH_CONFIDENCE,POINT(543300 449075),POINT(543300 449075),POINT(543300 449075),POINT(543300 449075)
5e0850d6-1dae-45e4-8e48-ac15741aa9d4,e60088e9-cf94-4e41-ae65-a5390866b4b8,infra.huilerie_inventaire_pollution,27abc015-a813-4320-8684-103cb76a758f,Huilerie Ozinos,HUILERIE,478cd721-d285-4a21-bccb-f184fbbf43ff,Huilerie Ozinos,infra.huilerie_inventaire_pollution,0.0,0.925,HIGH_CONFIDENCE,DUPLICATE_EXACT,1,MANUAL_REVIEW_REQUIRED,distance=0.00m; nom=1.00; commune=1.00; priorite=5,#2563eb,check-circle,HIGH_CONFIDENCE,POINT(485972 452840),POINT(485972 452840),POINT(485972 452840),POINT(485972 452840)
89386c4f-e4c9-45ff-a679-10e317e91cfa,e60088e9-cf94-4e41-ae65-a5390866b4b8,infra.huilerie_inventaire_pollution,eba2b6da-b808-44ec-8db3-8556592510d8,Huilerie REHMA,HUILERIE,012f2c36-cc0b-4138-a329-adee5f9d6545,Huilerie REHMA,infra.huilerie_inventaire_pollution,0.0,0.925,HIGH_CONFIDENCE,DUPLICATE_EXACT,1,MANUAL_REVIEW_REQUIRED,distance=0.00m; nom=1.00; commune=1.00; priorite=5,#2563eb,check-circle,HIGH_CONFIDENCE,POINT(436881 358202),POINT(436881 358202),POINT(436881 358202),POINT(436881 358202)
9563922d-c1a9-497d-9cd3-0b2b32a17c03,e60088e9-cf94-4e41-ae65-a5390866b4b8,infra.huilerie_inventaire_pollution,ce15f5d2-050f-4ef0-8090-62ed16dd7730,Huilerie RHALMI,HUILERIE,2605e6f6-9225-4834-9b5d-864648f94644,Huilerie RHALMI,infra.huilerie_inventaire_pollution,0.0,0.925,HIGH_CONFIDENCE,DUPLICATE_EXACT,1,MANUAL_REVIEW_REQUIRED,distance=0.00m; nom=1.00; commune=1.00; priorite=5,#2563eb,check-circle,HIGH_CONFIDENCE,POINT(430883 363955),POINT(430883 363955),POINT(430883 363955),POINT(430883 363955)
e05c7096-374b-4a6f-aff9-ef364e297cc6,e60088e9-cf94-4e41-ae65-a5390866b4b8,infra.huilerie_inventaire_pollution,4be6857a-e832-4186-b724-2fba971b3a41,Huilerie Sabir,HUILERIE,f0f46179-3bb0-41cc-88aa-ee3e07288de0,Huilerie Sabir,infra.huilerie_inventaire_pollution,0.0,0.925,HIGH_CONFIDENCE,DUPLICATE_EXACT,1,MANUAL_REVIEW_REQUIRED,distance=0.00m; nom=1.00; commune=1.00; priorite=5,#2563eb,check-circle,HIGH_CONFIDENCE,POINT(420334 369486),POINT(420334 369486),POINT(420334 369486),POINT(420334 369486)
3ec1ea2c-dd3c-4c58-b7d6-8df5a0421069,e60088e9-cf94-4e41-ae65-a5390866b4b8,infra.huilerie_inventaire_pollution,9388ea94-e403-4145-9bc1-33af8b072165,Huilerie Safaa,HUILERIE,96766567-c798-41a4-b673-e4f7db4d8f45,Huilerie Safaa,infra.huilerie_inventaire_pollution,0.0,0.925,HIGH_CONFIDENCE,DUPLICATE_EXACT,1,MANUAL_REVIEW_REQUIRED,distance=0.00m; nom=1.00; commune=1.00; priorite=5,#2563eb,check-circle,HIGH_CONFIDENCE,POINT(436722 358518),POINT(436722 358518),POINT(436722 358518),POINT(436722 358518)
64865091-f9f7-4b18-824e-f48f6c3401d8,e60088e9-cf94-4e41-ae65-a5390866b4b8,infra.huilerie_inventaire_pollution,fa171818-dc7e-4452-9213-1b8c443b7273,Huilerie Salama,HUILERIE,be70954a-51f9-48e3-b85d-e0a4a1846443,Huilerie Salama,infra.huilerie_inventaire_pollution,0.0,0.925,HIGH_CONFIDENCE,DUPLICATE_EXACT,1,MANUAL_REVIEW_REQUIRED,distance=0.00m; nom=1.00; commune=1.00; priorite=5,#2563eb,check-circle,HIGH_CONFIDENCE,POINT(627595 404347),POINT(627595 404347),POINT(627595 404347),POINT(627595 404347)
efb7cb29-1870-42eb-9ab5-944236610739,e60088e9-cf94-4e41-ae65-a5390866b4b8,infra.huilerie_inventaire_pollution,58155ca3-550e-46e9-85ad-01c2218dccb7,Huilerie Sarah,HUILERIE,cddff16d-50d6-4121-a5cf-3ba3047f378b,Huilerie Sarah,infra.huilerie_inventaire_pollution,0.0,0.925,HIGH_CONFIDENCE,DUPLICATE_EXACT,1,MANUAL_REVIEW_REQUIRED,distance=0.00m; nom=1.00; commune=1.00; priorite=5,#2563eb,check-circle,HIGH_CONFIDENCE,POINT(472232 405397),POINT(472232 405397),POINT(472232 405397),POINT(472232 405397)
5c314c85-d038-481b-a613-54cee6edc638,e60088e9-cf94-4e41-ae65-a5390866b4b8,infra.huilerie_inventaire_pollution,865b2dce-a955-4db1-80e6-4fb389a7444b,Huilerie SIKA,HUILERIE,d6af50c0-9637-4a85-bee0-ed2b388b9b89,Huilerie SIKA,infra.huilerie_inventaire_pollution,0.0,0.925,HIGH_CONFIDENCE,DUPLICATE_EXACT,1,MANUAL_REVIEW_REQUIRED,distance=0.00m; nom=1.00; commune=1.00; priorite=5,#2563eb,check-circle,HIGH_CONFIDENCE,POINT(443180 375185),POINT(443180 375185),POINT(443180 375185),POINT(443180 375185)
27abc4df-4646-41a7-890c-be8130ff9a8d,e60088e9-cf94-4e41-ae65-a5390866b4b8,infra.huilerie_inventaire_pollution,4e6d2035-0e37-437f-88cf-66a1367356f9,Huilerie Slass,HUILERIE,7ee523af-0aae-4564-842b-a9c81297fa26,Huilerie Slass,infra.huilerie_inventaire_pollution,0.0,0.925,HIGH_CONFIDENCE,DUPLICATE_EXACT,1,MANUAL_REVIEW_REQUIRED,distance=0.00m; nom=1.00; commune=1.00; priorite=5,#2563eb,check-circle,HIGH_CONFIDENCE,POINT(540755 431869),POINT(540755 431869),POINT(540755 431869),POINT(540755 431869)
d5c85c2b-4a9f-40fe-a6ae-863a60aa0189,e60088e9-cf94-4e41-ae65-a5390866b4b8,infra.huilerie_inventaire_pollution,8579853f-0c49-4822-b296-81c5ffbd73ee,Huilerie Smouni,HUILERIE,e7c94829-b721-4cc3-92b0-3406e43fd2c3,Huilerie Smouni,infra.huilerie_inventaire_pollution,0.0,0.925,HIGH_CONFIDENCE,DUPLICATE_EXACT,1,MANUAL_REVIEW_REQUIRED,distance=0.00m; nom=1.00; commune=1.00; priorite=5,#2563eb,check-circle,HIGH_CONFIDENCE,POINT(522161 422050),POINT(522161 422050),POINT(522161 422050),POINT(522161 422050)
7c7b75ae-b25a-4162-ad96-c96685e198bc,e60088e9-cf94-4e41-ae65-a5390866b4b8,infra.huilerie_inventaire_pollution,f70edcb9-b456-4a08-a82b-b987b52fb3f0,Huilerie Société Haloni Frére,HUILERIE,f0f3811f-c898-421e-9aa7-0b1fecebe7c7,Huilerie Société Haloni Frére,infra.huilerie_inventaire_pollution,0.0,0.925,HIGH_CONFIDENCE,DUPLICATE_EXACT,1,MANUAL_REVIEW_REQUIRED,distance=0.00m; nom=1.00; commune=1.00; priorite=5,#2563eb,check-circle,HIGH_CONFIDENCE,POINT(555276 437424),POINT(555276 437424),POINT(555276 437424),POINT(555276 437424)
8e4a6c4a-3b5d-46b4-9b84-bc0fa3954ab3,e60088e9-cf94-4e41-ae65-a5390866b4b8,infra.huilerie_inventaire_pollution,0cfd52a7-2b36-4ac8-9398-dbbf43cdf88c,Huilerie Société Olive,HUILERIE,5f2cd349-b920-4fab-8816-b0608e04f47b,Huilerie Société Olive,infra.huilerie_inventaire_pollution,0.0,0.925,HIGH_CONFIDENCE,DUPLICATE_EXACT,1,MANUAL_REVIEW_REQUIRED,distance=0.00m; nom=1.00; commune=1.00; priorite=5,#2563eb,check-circle,HIGH_CONFIDENCE,POINT(542874 447953),POINT(542874 447953),POINT(542874 447953),POINT(542874 447953)
906eb8e8-98a7-4bbb-a645-89e0394acc47,e60088e9-cf94-4e41-ae65-a5390866b4b8,infra.huilerie_inventaire_pollution,9e76e6d9-7efe-405d-98b2-6eb97a74e55b,Huilerie Souaber,HUILERIE,5de421b3-b529-45a6-ab8c-0ab8601efd20,Huilerie Souaber,infra.huilerie_inventaire_pollution,0.0,0.925,HIGH_CONFIDENCE,DUPLICATE_EXACT,1,MANUAL_REVIEW_REQUIRED,distance=0.00m; nom=1.00; commune=1.00; priorite=5,#2563eb,check-circle,HIGH_CONFIDENCE,POINT(456184 362808),POINT(456184 362808),POINT(456184 362808),POINT(456184 362808)
360e77ba-97a1-41e3-935c-78bfc92d7fc8,e60088e9-cf94-4e41-ae65-a5390866b4b8,infra.huilerie_inventaire_pollution,73f95c52-faa8-40b9-92be-d7dda6e7dbf6,Huilerie ZENASSENI,HUILERIE,f62a5fd6-5576-438b-b999-a13a98c47efc,Huilerie ZENASSENI,infra.huilerie_inventaire_pollution,0.0,0.925,HIGH_CONFIDENCE,DUPLICATE_EXACT,1,MANUAL_REVIEW_REQUIRED,distance=0.00m; nom=1.00; commune=1.00; priorite=5,#2563eb,check-circle,HIGH_CONFIDENCE,POINT(515670 421091),POINT(515670 421091),POINT(515670 421091),POINT(515670 421091)
61a085a1-4d82-4b70-a20d-cd0622cd2a01,e60088e9-cf94-4e41-ae65-a5390866b4b8,infra.huilerie_inventaire_pollution,001a5e61-0671-4639-a1c8-ae1618264c4c,Huilerie Tamimi,HUILERIE,d06592cf-1497-4710-a7dd-fbd562399715,Huilerie Tamimi,infra.huilerie_inventaire_pollution,0.0,0.925,HIGH_CONFIDENCE,DUPLICATE_EXACT,1,MANUAL_REVIEW_REQUIRED,distance=0.00m; nom=1.00; commune=1.00; priorite=5,#2563eb,check-circle,HIGH_CONFIDENCE,POINT(554546 445884),POINT(554546 445884),POINT(554546 445884),POINT(554546 445884)
d6148f79-2c9e-4b8b-8f84-22b55257ea8e,e60088e9-cf94-4e41-ae65-a5390866b4b8,infra.huilerie_inventaire_pollution,47cbbe87-72d1-444c-86c3-56b4d75c8d6c,Huilerie Taounate,HUILERIE,afd62c71-d808-47f6-8b4e-a3a59e5c36fb,Huilerie Taounate,infra.huilerie_inventaire_pollution,0.0,0.925,HIGH_CONFIDENCE,DUPLICATE_EXACT,1,MANUAL_REVIEW_REQUIRED,distance=0.00m; nom=1.00; commune=1.00; priorite=5,#2563eb,check-circle,HIGH_CONFIDENCE,POINT(582826 442392),POINT(582826 442392),POINT(582826 442392),POINT(582826 442392)
45f7a3eb-be83-4475-951c-b82750654986,e60088e9-cf94-4e41-ae65-a5390866b4b8,infra.huilerie_inventaire_pollution,9dec371d-7e8d-4368-8dec-34f13ed9800b,Huilerie Tifrite,HUILERIE,4457edcf-73f5-4e54-92ad-b6f5ae235f00,Huilerie Tifrite,infra.huilerie_inventaire_pollution,0.0,0.925,HIGH_CONFIDENCE,DUPLICATE_EXACT,1,MANUAL_REVIEW_REQUIRED,distance=0.00m; nom=1.00; commune=1.00; priorite=5,#2563eb,check-circle,HIGH_CONFIDENCE,POINT(471393 353434),POINT(471393 353434),POINT(471393 353434),POINT(471393 353434)
224f590c-0d4f-4eb8-8cc9-bff7a582e9bb,e60088e9-cf94-4e41-ae65-a5390866b4b8,infra.huilerie_inventaire_pollution,a0913816-7e7d-4189-8de7-eadc41d92725,Huilerie Touaress,HUILERIE,1c98aa22-373a-4ec5-b75d-221fd9c149a5,Huilerie Touaress,infra.huilerie_inventaire_pollution,0.0,0.925,HIGH_CONFIDENCE,DUPLICATE_EXACT,1,MANUAL_REVIEW_REQUIRED,distance=0.00m; nom=1.00; commune=1.00; priorite=5,#2563eb,check-circle,HIGH_CONFIDENCE,POINT(502402 432376),POINT(502402 432376),POINT(502402 432376),POINT(502402 432376)
82027131-ee0c-4954-b49c-394a4934a33e,e60088e9-cf94-4e41-ae65-a5390866b4b8,infra.huilerie_inventaire_pollution,7ff669c6-7cce-4ef2-a0f7-d749a6016c35,Huilerie Touita,HUILERIE,f1737210-2129-40d1-9412-e96e92e3dc38,Huilerie Touita,infra.huilerie_inventaire_pollution,0.0,0.925,HIGH_CONFIDENCE,DUPLICATE_EXACT,1,MANUAL_REVIEW_REQUIRED,distance=0.00m; nom=1.00; commune=1.00; priorite=5,#2563eb,check-circle,HIGH_CONFIDENCE,POINT(575110 441522),POINT(575110 441522),POINT(575110 441522),POINT(575110 441522)
08a37c88-e7d7-432d-8eeb-4b9576a9cdeb,e60088e9-cf94-4e41-ae65-a5390866b4b8,infra.huilerie_inventaire_pollution,8034d27f-d2be-4ec9-92e4-218cd1590f38,Huilerie Youssef SATTOURI,HUILERIE,470976f9-4741-4160-99c8-21f061bb327b,Huilerie Youssef SATTOURI,infra.huilerie_inventaire_pollution,0.0,0.925,HIGH_CONFIDENCE,DUPLICATE_EXACT,1,MANUAL_REVIEW_REQUIRED,distance=0.00m; nom=1.00; commune=1.00; priorite=5,#2563eb,check-circle,HIGH_CONFIDENCE,POINT(536716 394853),POINT(536716 394853),POINT(536716 394853),POINT(536716 394853)
7d321868-a9a7-44dc-8d0c-d3bdab79601c,e60088e9-cf94-4e41-ae65-a5390866b4b8,infra.huilerie_inventaire_pollution,1b368e8d-2f43-4902-963f-e701b2b9007a,Huilerie Zagota,HUILERIE,18636ebf-a8ba-4697-8366-02b1f3df269f,Huilerie Zagota,infra.huilerie_inventaire_pollution,0.0,0.925,HIGH_CONFIDENCE,DUPLICATE_EXACT,1,MANUAL_REVIEW_REQUIRED,distance=0.00m; nom=1.00; commune=1.00; priorite=5,#2563eb,check-circle,HIGH_CONFIDENCE,POINT(487386 396840),POINT(487386 396840),POINT(487386 396840),POINT(487386 396840)
45a8e980-6769-4de9-88fa-e7b26cc771e4,e60088e9-cf94-4e41-ae65-a5390866b4b8,infra.huilerie_inventaire_pollution,ed73678e-0c9f-4aa3-8cb1-d4fec6272028,Huilerie Zakaria Alami,HUILERIE,3cdff170-54ac-4454-8084-43a7d716a065,Huile Tresor Vert,infra.huilerie_inventaire_pollution,0.0,0.525,MEDIUM_CONFIDENCE,DUPLICATE_EXACT,1,MANUAL_REVIEW_REQUIRED,distance=0.00m; nom=0.00; commune=0.00; priorite=5,#f59e0b,alert-triangle,MEDIUM_CONFIDENCE,POINT(543857 449480),POINT(543857 449480),POINT(543857 449480),POINT(543857 449480)
53273a7f-6f00-41c6-9c9a-86805178f115,e60088e9-cf94-4e41-ae65-a5390866b4b8,infra.huilerie_inventaire_pollution,97b1ecba-2fc7-45e9-9faa-1c109a2f8994,Huilerie ZALAGH,HUILERIE,01ed8482-d259-4538-aa59-80acb7d1d760,Huilerie ZALAGH,infra.huilerie_inventaire_pollution,0.0,0.925,HIGH_CONFIDENCE,DUPLICATE_EXACT,1,MANUAL_REVIEW_REQUIRED,distance=0.00m; nom=1.00; commune=1.00; priorite=5,#2563eb,check-circle,HIGH_CONFIDENCE,POINT(542662 400925),POINT(542662 400925),POINT(542662 400925),POINT(542662 400925)
ced4384b-4f3c-402b-b5fd-2833b8876c85,e60088e9-cf94-4e41-ae65-a5390866b4b8,infra.huilerie_inventaire_pollution,0977f34c-80dd-4d7a-9d9d-49e37220a01f,Huilerie Zerouali,HUILERIE,7145ba36-ec30-450e-b89c-ad6e25886ce7,Huilerie Zerouali,infra.huilerie_inventaire_pollution,0.0,0.925,HIGH_CONFIDENCE,DUPLICATE_EXACT,1,MANUAL_REVIEW_REQUIRED,distance=0.00m; nom=1.00; commune=1.00; priorite=5,#2563eb,check-circle,HIGH_CONFIDENCE,POINT(495069 370539),POINT(495069 370539),POINT(495069 370539),POINT(495069 370539)
bfbbb791-6146-49bc-b6e2-7a7aa0323600,e60088e9-cf94-4e41-ae65-a5390866b4b8,infra.huilerie_inventaire_pollution,6020e284-2f8c-4923-b0e3-213374185117,Huilerie Zhana,HUILERIE,31bc5a56-8453-43d7-83fe-f55983c7f311,Huilerie Zhana,infra.huilerie_inventaire_pollution,0.0,0.925,HIGH_CONFIDENCE,DUPLICATE_EXACT,1,MANUAL_REVIEW_REQUIRED,distance=0.00m; nom=1.00; commune=1.00; priorite=5,#2563eb,check-circle,HIGH_CONFIDENCE,POINT(449160 405284),POINT(449160 405284),POINT(449160 405284),POINT(449160 405284)
43748d3f-5447-4b9c-af95-98efd1b66b47,e60088e9-cf94-4e41-ae65-a5390866b4b8,infra.huilerie_inventaire_pollution,6dee4ca7-6abe-437c-869f-2db8cbec334b,Huilerie Zouhri,HUILERIE,be88f6d2-95c7-4e13-946f-fe93a81ddd34,Huilerie Zouhri,infra.huilerie_inventaire_pollution,0.0,0.925,HIGH_CONFIDENCE,DUPLICATE_EXACT,1,MANUAL_REVIEW_REQUIRED,distance=0.00m; nom=1.00; commune=1.00; priorite=5,#2563eb,check-circle,HIGH_CONFIDENCE,POINT(501750 368308),POINT(501750 368308),POINT(501750 368308),POINT(501750 368308)
e69ac0d1-0498-4186-89a8-83c93455d173,e60088e9-cf94-4e41-ae65-a5390866b4b8,infra.huilerie_inventaire_pollution,eb7e6b55-f95d-45df-8ee9-54b957d07a63,"Huilerie ZOUINE
",HUILERIE,943010b3-f4cd-463e-a17d-e5cd9b9d1842,"Huilerie ZOUINE
",infra.huilerie_inventaire_pollution,0.0,0.925,HIGH_CONFIDENCE,DUPLICATE_EXACT,1,MANUAL_REVIEW_REQUIRED,distance=0.00m; nom=1.00; commune=1.00; priorite=5,#2563eb,check-circle,HIGH_CONFIDENCE,POINT(438999 362010),POINT(438999 362010),POINT(438999 362010),POINT(438999 362010)
de0821a2-af73-43e2-9eb3-b91d50336728,e60088e9-cf94-4e41-ae65-a5390866b4b8,infra.huilerie_inventaire_pollution,8b55417e-62fa-4e5e-bb19-b78c7a1bd6b2,Huileries Agouzoul,HUILERIE,1c08d1c6-bc1e-4fbe-b748-71b392b144b9,Huileries Agouzoul,infra.huilerie_inventaire_pollution,0.0,0.925,HIGH_CONFIDENCE,DUPLICATE_EXACT,1,MANUAL_REVIEW_REQUIRED,distance=0.00m; nom=1.00; commune=1.00; priorite=5,#2563eb,check-circle,HIGH_CONFIDENCE,POINT(414279 366445),POINT(414279 366445),POINT(414279 366445),POINT(414279 366445)
a701f661-55d3-40c0-8fdc-e42bd7af2a0c,e60088e9-cf94-4e41-ae65-a5390866b4b8,infra.huilerie_inventaire_pollution,5f8a4d99-3b74-4ce5-bbd6-6e18c32fbaac,Huileries amocran,HUILERIE,f7f2189f-91be-426b-91e7-995140e40faf,Huileries amocran,infra.huilerie_inventaire_pollution,0.0,0.925,HIGH_CONFIDENCE,DUPLICATE_EXACT,1,MANUAL_REVIEW_REQUIRED,distance=0.00m; nom=1.00; commune=1.00; priorite=5,#2563eb,check-circle,HIGH_CONFIDENCE,POINT(578757 330457),POINT(578757 330457),POINT(578757 330457),POINT(578757 330457)
032f7e56-225a-4b2d-8592-c9654c74ce5e,e60088e9-cf94-4e41-ae65-a5390866b4b8,infra.huilerie_inventaire_pollution,719d156f-0dc7-44e0-97a2-37033d5bbc3b,Huileries hanchou,HUILERIE,efc765e5-efbc-4710-a91a-d845bfe28ddb,Huileries hanchou,infra.huilerie_inventaire_pollution,0.0,0.925,HIGH_CONFIDENCE,DUPLICATE_EXACT,1,MANUAL_REVIEW_REQUIRED,distance=0.00m; nom=1.00; commune=1.00; priorite=5,#2563eb,check-circle,HIGH_CONFIDENCE,POINT(619236 459971),POINT(619236 459971),POINT(619236 459971),POINT(619236 459971)
4030b5a7-4c22-42a1-90c9-ca2ac9d5e547,e60088e9-cf94-4e41-ae65-a5390866b4b8,infra.huilerie_inventaire_pollution,c5ebc0b5-4dd9-43c4-9e94-52fa4157ef2d,Huillerie Bachir,HUILERIE,97cbe82f-6fce-4cd0-996e-8f6f4d959249,Huillerie Bachir,infra.huilerie_inventaire_pollution,0.0,0.925,HIGH_CONFIDENCE,DUPLICATE_EXACT,1,MANUAL_REVIEW_REQUIRED,distance=0.00m; nom=1.00; commune=1.00; priorite=5,#2563eb,check-circle,HIGH_CONFIDENCE,POINT(486369.05 464928.33),POINT(486369.05 464928.33),POINT(486369.05 464928.33),POINT(486369.05 464928.33)
cf4b4087-5da2-4ae9-8c19-c9128a614d46,e60088e9-cf94-4e41-ae65-a5390866b4b8,infra.huilerie_inventaire_pollution,78754c35-5ed6-486e-b19c-7fdf5a4a6fbb,Huillerie Beni Kaoulech,HUILERIE,5063f2b0-2c77-417e-96c4-813b4ed6edfc,Huillerie Beni Kaoulech,infra.huilerie_inventaire_pollution,0.0,0.925,HIGH_CONFIDENCE,DUPLICATE_EXACT,1,MANUAL_REVIEW_REQUIRED,distance=0.00m; nom=1.00; commune=1.00; priorite=5,#2563eb,check-circle,HIGH_CONFIDENCE,POINT(518801.76 464782.36),POINT(518801.76 464782.36),POINT(518801.76 464782.36),POINT(518801.76 464782.36)
757d2053-c696-47be-a246-436bd617551d,e60088e9-cf94-4e41-ae65-a5390866b4b8,infra.huilerie_inventaire_pollution,2f0e4b50-3bb4-4159-b148-6997afb93ede,Huillerie Boudroua,HUILERIE,5215cb91-8545-4006-be93-92d830a7625a,Huillerie Boudroua,infra.huilerie_inventaire_pollution,0.0,0.925,HIGH_CONFIDENCE,DUPLICATE_EXACT,1,MANUAL_REVIEW_REQUIRED,distance=0.00m; nom=1.00; commune=1.00; priorite=5,#2563eb,check-circle,HIGH_CONFIDENCE,POINT(486463.14 464867.46),POINT(486463.14 464867.46),POINT(486463.14 464867.46),POINT(486463.14 464867.46)
aafc112f-a296-4086-9d0d-56b2922f4619,e60088e9-cf94-4e41-ae65-a5390866b4b8,infra.huilerie_inventaire_pollution,db7a20d1-2cbd-4292-afe1-0c7cd973504e,Huillerie Edahbia,HUILERIE,bfd6ff02-d6ce-47a8-a25f-157f54c65336,Huillerie Edahbia,infra.huilerie_inventaire_pollution,0.0,0.925,HIGH_CONFIDENCE,DUPLICATE_EXACT,1,MANUAL_REVIEW_REQUIRED,distance=0.00m; nom=1.00; commune=1.00; priorite=5,#2563eb,check-circle,HIGH_CONFIDENCE,POINT(513609.26 460357.54),POINT(513609.26 460357.54),POINT(513609.26 460357.54),POINT(513609.26 460357.54)
99b62c74-75c5-4a59-a28f-229596fed563,e60088e9-cf94-4e41-ae65-a5390866b4b8,infra.huilerie_inventaire_pollution,9a631779-dc85-4c02-aaa0-d6370d5f77ab,Huillerie Lhaj Azouz,HUILERIE,e1c9c773-efed-46f9-be40-b3b96d284713,Huillerie Lhaj Azouz,infra.huilerie_inventaire_pollution,0.0,0.925,HIGH_CONFIDENCE,DUPLICATE_EXACT,1,MANUAL_REVIEW_REQUIRED,distance=0.00m; nom=1.00; commune=1.00; priorite=5,#2563eb,check-circle,HIGH_CONFIDENCE,POINT(503390.44 465614.05),POINT(503390.44 465614.05),POINT(503390.44 465614.05),POINT(503390.44 465614.05)
6bafe72f-06a3-4abe-b0ec-bd1212aa83ad,e60088e9-cf94-4e41-ae65-a5390866b4b8,infra.huilerie_inventaire_pollution,a9475524-1d40-4ff6-a2ec-f99fa331ca1d,Huillerie Zoyoute Janat,HUILERIE,0724cbcf-c126-4091-a17e-03aca72364f5,Huillerie Zoyoute Janat,infra.huilerie_inventaire_pollution,0.0,0.925,HIGH_CONFIDENCE,DUPLICATE_EXACT,1,MANUAL_REVIEW_REQUIRED,distance=0.00m; nom=1.00; commune=1.00; priorite=5,#2563eb,check-circle,HIGH_CONFIDENCE,POINT(511690.74 462322.4),POINT(511690.74 462322.4),POINT(511690.74 462322.4),POINT(511690.74 462322.4)
98c07df6-d61a-48ed-b93d-f3e7b599ff5e,e60088e9-cf94-4e41-ae65-a5390866b4b8,infra.huilerie_inventaire_pollution,53484c9d-81e1-4de8-9c78-6247bb6d324a,Huiulerie Baraka,HUILERIE,222d87a7-36c7-45a5-9cc2-1eec5f3fc4a6,Huiulerie Baraka,infra.huilerie_inventaire_pollution,0.0,0.925,HIGH_CONFIDENCE,DUPLICATE_EXACT,1,MANUAL_REVIEW_REQUIRED,distance=0.00m; nom=1.00; commune=1.00; priorite=5,#2563eb,check-circle,HIGH_CONFIDENCE,POINT(552328 357910),POINT(552328 357910),POINT(552328 357910),POINT(552328 357910)
bb50a546-38e2-4a92-b047-370014959cb2,e60088e9-cf94-4e41-ae65-a5390866b4b8,infra.huilerie_inventaire_pollution,a7420fc5-c5fd-4b29-8f5b-877ab28aed95,Huiulerie JAOUDA,HUILERIE,3db5e2d3-627a-4f82-a8aa-f242e801f9d1,Huiulerie JAOUDA,infra.huilerie_inventaire_pollution,0.0,0.925,HIGH_CONFIDENCE,DUPLICATE_EXACT,1,MANUAL_REVIEW_REQUIRED,distance=0.00m; nom=1.00; commune=1.00; priorite=5,#2563eb,check-circle,HIGH_CONFIDENCE,POINT(548278 363127),POINT(548278 363127),POINT(548278 363127),POINT(548278 363127)
7696332d-9f84-4789-80dc-ed167a581b42,e60088e9-cf94-4e41-ae65-a5390866b4b8,infra.huilerie_inventaire_pollution,01c6a03b-1341-464d-935b-99bcde0fcb95,Huiulerie Rihab,HUILERIE,9ef0bca6-62d7-4ec8-b870-413cd07bf0b4,Huiulerie Rihab,infra.huilerie_inventaire_pollution,0.0,0.925,HIGH_CONFIDENCE,DUPLICATE_EXACT,1,MANUAL_REVIEW_REQUIRED,distance=0.00m; nom=1.00; commune=1.00; priorite=5,#2563eb,check-circle,HIGH_CONFIDENCE,POINT(547209 368696),POINT(547209 368696),POINT(547209 368696),POINT(547209 368696)
44c8f8ab-4ced-4163-a2d8-787f31e5c71b,e60088e9-cf94-4e41-ae65-a5390866b4b8,infra.huilerie_inventaire_pollution,f0053493-3c55-460f-9845-273f198169e3,Idrissi,HUILERIE,1961edea-da37-425f-b5a4-80a6814fbd47,Idrissi,infra.huilerie_inventaire_pollution,0.0,0.925,HIGH_CONFIDENCE,DUPLICATE_EXACT,1,MANUAL_REVIEW_REQUIRED,distance=0.00m; nom=1.00; commune=1.00; priorite=5,#2563eb,check-circle,HIGH_CONFIDENCE,POINT(577833 324654),POINT(577833 324654),POINT(577833 324654),POINT(577833 324654)
97c4c20f-1ae4-435b-bf11-e5bc05b3cb06,e60088e9-cf94-4e41-ae65-a5390866b4b8,infra.huilerie_inventaire_pollution,26a53ef4-dd33-4dc5-88a0-93d7d56c70e6,Ikawan,HUILERIE,b8a961a6-4a44-4eba-b055-030b8103fa74,Ikawan,infra.huilerie_inventaire_pollution,0.0,0.925,HIGH_CONFIDENCE,DUPLICATE_EXACT,1,MANUAL_REVIEW_REQUIRED,distance=0.00m; nom=1.00; commune=1.00; priorite=5,#2563eb,check-circle,HIGH_CONFIDENCE,POINT(568100 460920),POINT(568100 460920),POINT(568100 460920),POINT(568100 460920)
0ee037cd-631c-4f71-88c4-3ab1b94a49bb,e60088e9-cf94-4e41-ae65-a5390866b4b8,infra.huilerie_inventaire_pollution,3f59b36d-7f55-4965-8b66-81c6712f5683,Ikhlas,HUILERIE,e5a82ad7-7bf9-464f-8f83-0895c51ce99c,Ikhlas,infra.huilerie_inventaire_pollution,0.0,0.925,HIGH_CONFIDENCE,DUPLICATE_EXACT,1,MANUAL_REVIEW_REQUIRED,distance=0.00m; nom=1.00; commune=1.00; priorite=5,#2563eb,check-circle,HIGH_CONFIDENCE,POINT(581670 392276),POINT(581670 392276),POINT(581670 392276),POINT(581670 392276)
2425d5aa-99d6-457b-af2f-49036c02048f,e60088e9-cf94-4e41-ae65-a5390866b4b8,infra.huilerie_inventaire_pollution,c2a4da18-17d9-4e1f-bce2-7ff78962b1b8,IMMAD ZAIMI,HUILERIE,14005f5d-39f7-4c6a-934c-2e7c67fa04df,IMMAD ZAIMI,infra.huilerie_inventaire_pollution,0.0,0.925,HIGH_CONFIDENCE,DUPLICATE_EXACT,1,MANUAL_REVIEW_REQUIRED,distance=0.00m; nom=1.00; commune=1.00; priorite=5,#2563eb,check-circle,HIGH_CONFIDENCE,POINT(494133 379390),POINT(494133 379390),POINT(494133 379390),POINT(494133 379390)
21c11df4-e75c-4079-8946-5b4172eab274,e60088e9-cf94-4e41-ae65-a5390866b4b8,infra.huilerie_inventaire_pollution,3f3552ff-e1c8-478f-aa22-7b704faf9dce,Jabour Ziane,HUILERIE,bbbde521-b558-4ca8-b25f-e2efa6155763,Jabour Ziane,infra.huilerie_inventaire_pollution,0.0,0.925,HIGH_CONFIDENCE,DUPLICATE_EXACT,1,MANUAL_REVIEW_REQUIRED,distance=0.00m; nom=1.00; commune=1.00; priorite=5,#2563eb,check-circle,HIGH_CONFIDENCE,POINT(470817 354417),POINT(470817 354417),POINT(470817 354417),POINT(470817 354417)
e4f5499c-8885-42b4-97b7-d14aba5825fc,e60088e9-cf94-4e41-ae65-a5390866b4b8,infra.huilerie_inventaire_pollution,61e99128-d219-403f-9818-7d601f188277,JAI Frére,HUILERIE,44820fab-b045-4fc7-926d-609eafc9e247,JAI Frére,infra.huilerie_inventaire_pollution,0.0,0.925,HIGH_CONFIDENCE,DUPLICATE_EXACT,1,MANUAL_REVIEW_REQUIRED,distance=0.00m; nom=1.00; commune=1.00; priorite=5,#2563eb,check-circle,HIGH_CONFIDENCE,POINT(572415 451676),POINT(572415 451676),POINT(572415 451676),POINT(572415 451676)
4ef213cb-27da-407c-af44-578f01eb10d5,e60088e9-cf94-4e41-ae65-a5390866b4b8,infra.huilerie_inventaire_pollution,fb86b867-def7-410b-a395-f74ee5d4871f,JAWHARAT ZOYOUT LEHGUI,HUILERIE,9ddd198a-ad0b-4e12-a315-2ce5ae77d832,JAWHARAT ZOYOUT LEHGUI,infra.huilerie_inventaire_pollution,0.0,0.925,HIGH_CONFIDENCE,DUPLICATE_EXACT,1,MANUAL_REVIEW_REQUIRED,distance=0.00m; nom=1.00; commune=1.00; priorite=5,#2563eb,check-circle,HIGH_CONFIDENCE,POINT(511693.97 374119.25),POINT(511693.97 374119.25),POINT(511693.97 374119.25),POINT(511693.97 374119.25)
9db90b62-1b16-4805-b461-2665bbbc1ff8,e60088e9-cf94-4e41-ae65-a5390866b4b8,infra.huilerie_inventaire_pollution,ff1ecfa5-5c0f-4bd9-9034-2f0ff0fefb8b,jebal zarhoune,HUILERIE,e45a0cc9-04fd-4df3-88d5-16a1658f0fb3,jebal zarhoune,infra.huilerie_inventaire_pollution,0.0,0.925,HIGH_CONFIDENCE,DUPLICATE_EXACT,1,MANUAL_REVIEW_REQUIRED,distance=0.00m; nom=1.00; commune=1.00; priorite=5,#2563eb,check-circle,HIGH_CONFIDENCE,POINT(484813 375849),POINT(484813 375849),POINT(484813 375849),POINT(484813 375849)
63484f40-7ac7-46f5-9e48-7ee4bfe26337,e60088e9-cf94-4e41-ae65-a5390866b4b8,infra.huilerie_inventaire_pollution,097736b4-8598-4137-a245-dc6b86ef60d1,Kerouach,HUILERIE,580e15af-403e-49ca-9e62-6c6eda5473e5,Kerouach,infra.huilerie_inventaire_pollution,0.0,0.925,HIGH_CONFIDENCE,DUPLICATE_EXACT,1,MANUAL_REVIEW_REQUIRED,distance=0.00m; nom=1.00; commune=1.00; priorite=5,#2563eb,check-circle,HIGH_CONFIDENCE,POINT(513281 365257),POINT(513281 365257),POINT(513281 365257),POINT(513281 365257)
ad7bc246-8352-4df5-84b1-f7622a0c45b9,e60088e9-cf94-4e41-ae65-a5390866b4b8,infra.huilerie_inventaire_pollution,56099f43-0c77-4b61-be44-4a992f1aa260,Khadouri,HUILERIE,c8025731-f3d7-44af-9046-78a77c06b054,Khadouri,infra.huilerie_inventaire_pollution,0.0,0.925,HIGH_CONFIDENCE,DUPLICATE_EXACT,1,MANUAL_REVIEW_REQUIRED,distance=0.00m; nom=1.00; commune=1.00; priorite=5,#2563eb,check-circle,HIGH_CONFIDENCE,POINT(497580 391385),POINT(497580 391385),POINT(497580 391385),POINT(497580 391385)
be8a2232-199f-40f1-8414-cdc550de482b,e60088e9-cf94-4e41-ae65-a5390866b4b8,infra.huilerie_inventaire_pollution,2a1d384b-8bf3-40bf-9d5b-5e0eb8888c9c,Khanchaoui Driss,HUILERIE,fdc1f951-02ec-4548-8c26-d8975e303e05,Khanchaoui Driss,infra.huilerie_inventaire_pollution,0.0,0.925,HIGH_CONFIDENCE,DUPLICATE_EXACT,1,MANUAL_REVIEW_REQUIRED,distance=0.00m; nom=1.00; commune=1.00; priorite=5,#2563eb,check-circle,HIGH_CONFIDENCE,POINT(502618 372225),POINT(502618 372225),POINT(502618 372225),POINT(502618 372225)
b3f92f1a-712e-4900-b9ec-1bc48572f62e,e60088e9-cf94-4e41-ae65-a5390866b4b8,infra.huilerie_inventaire_pollution,a52a46a1-b758-44de-9ca2-f26482e4600b,KHANCHAOUI MOHAMED,HUILERIE,bfe05d90-ac73-46d4-ad20-64ace4d3e218,KHANCHAOUI MOHAMED,infra.huilerie_inventaire_pollution,0.0,0.925,HIGH_CONFIDENCE,DUPLICATE_EXACT,1,MANUAL_REVIEW_REQUIRED,distance=0.00m; nom=1.00; commune=1.00; priorite=5,#2563eb,check-circle,HIGH_CONFIDENCE,POINT(502759 370656),POINT(502759 370656),POINT(502759 370656),POINT(502759 370656)
c2be31c7-8b95-49e1-90b6-bf407efd0844,e60088e9-cf94-4e41-ae65-a5390866b4b8,infra.huilerie_inventaire_pollution,d1845ec0-25be-4071-9e9d-5bdf2061febf,Lahlou (Ben Labiad),HUILERIE,670575b0-8244-4668-a485-268fcfe60b72,Lahlou (Ben Labiad),infra.huilerie_inventaire_pollution,0.0,0.925,HIGH_CONFIDENCE,DUPLICATE_EXACT,1,MANUAL_REVIEW_REQUIRED,distance=0.00m; nom=1.00; commune=1.00; priorite=5,#2563eb,check-circle,HIGH_CONFIDENCE,POINT(497039 388270),POINT(497039 388270),POINT(497039 388270),POINT(497039 388270)
dd708318-a6f5-4e23-9325-ac5329a3288d,e60088e9-cf94-4e41-ae65-a5390866b4b8,infra.huilerie_inventaire_pollution,ebd313fb-06e4-493d-956c-fdc98425b131,Laouinat (jarbi Malika),HUILERIE,f8f48c41-fed4-4c41-a473-1c9932843618,Laouinat (jarbi Malika),infra.huilerie_inventaire_pollution,0.0,0.925,HIGH_CONFIDENCE,DUPLICATE_EXACT,1,MANUAL_REVIEW_REQUIRED,distance=0.00m; nom=1.00; commune=1.00; priorite=5,#2563eb,check-circle,HIGH_CONFIDENCE,POINT(500081 387284),POINT(500081 387284),POINT(500081 387284),POINT(500081 387284)
7c18a971-379a-447d-a291-6b598f235815,e60088e9-cf94-4e41-ae65-a5390866b4b8,infra.huilerie_inventaire_pollution,11920ceb-628f-45cb-9edf-b22920dba08c,Les deux domaine,HUILERIE,c9fb96a7-9c73-4fca-872f-e609acd14ff2,Les deux domaine,infra.huilerie_inventaire_pollution,0.0,0.925,HIGH_CONFIDENCE,DUPLICATE_EXACT,1,MANUAL_REVIEW_REQUIRED,distance=0.00m; nom=1.00; commune=1.00; priorite=5,#2563eb,check-circle,HIGH_CONFIDENCE,POINT(469729 352186),POINT(469729 352186),POINT(469729 352186),POINT(469729 352186)
3d6f988f-7b7f-46a5-ae6b-20607831b8cd,e60088e9-cf94-4e41-ae65-a5390866b4b8,infra.huilerie_inventaire_pollution,0552b4c8-e8af-4cf7-a5c6-26de66180891,Les huileries de Saiss,HUILERIE,6dfc9a71-4a64-438c-8dea-25c0bb4b9271,Les huileries de Saiss,infra.huilerie_inventaire_pollution,0.0,0.925,HIGH_CONFIDENCE,DUPLICATE_EXACT,1,MANUAL_REVIEW_REQUIRED,distance=0.00m; nom=1.00; commune=1.00; priorite=5,#2563eb,check-circle,HIGH_CONFIDENCE,POINT(515183.11 371517.43),POINT(515183.11 371517.43),POINT(515183.11 371517.43),POINT(515183.11 371517.43)
0e7d6d42-2e93-494c-8317-3b1667586c67,e60088e9-cf94-4e41-ae65-a5390866b4b8,infra.huilerie_inventaire_pollution,96886809-04f9-467d-afc1-01ca0b36f125,Lhaj Abdessalam,HUILERIE,6ffab696-7e78-43a4-9927-a28e29cae370,Lhaj Abdessalam,infra.huilerie_inventaire_pollution,0.0,0.925,HIGH_CONFIDENCE,DUPLICATE_EXACT,1,MANUAL_REVIEW_REQUIRED,distance=0.00m; nom=1.00; commune=1.00; priorite=5,#2563eb,check-circle,HIGH_CONFIDENCE,POINT(504102.9 479980.88),POINT(504102.9 479980.88),POINT(504102.9 479980.88),POINT(504102.9 479980.88)
cbd779ca-eda1-4559-9d18-73e0041b4efd,e60088e9-cf94-4e41-ae65-a5390866b4b8,infra.huilerie_inventaire_pollution,178fc39e-ec91-46af-bdc5-530b9c796cca,Lhaj GARDA Lahcen,HUILERIE,2feb3889-620f-493b-89fb-2f388f748c35,Lhaj GARDA Lahcen,infra.huilerie_inventaire_pollution,0.0,0.925,HIGH_CONFIDENCE,DUPLICATE_EXACT,1,MANUAL_REVIEW_REQUIRED,distance=0.00m; nom=1.00; commune=1.00; priorite=5,#2563eb,check-circle,HIGH_CONFIDENCE,POINT(550414 446688),POINT(550414 446688),POINT(550414 446688),POINT(550414 446688)
a5591a99-4ed9-4bd1-83b7-d3038b7ad28c,e60088e9-cf94-4e41-ae65-a5390866b4b8,infra.huilerie_inventaire_pollution,e375a1fa-8990-4a1d-baee-1b65dc761556,Lkhaydar Ahmed,HUILERIE,977726c6-86a4-42c8-8aea-07c6b2b46225,Lkhaydar Ahmed,infra.huilerie_inventaire_pollution,0.0,0.925,HIGH_CONFIDENCE,DUPLICATE_EXACT,1,MANUAL_REVIEW_REQUIRED,distance=0.00m; nom=1.00; commune=1.00; priorite=5,#2563eb,check-circle,HIGH_CONFIDENCE,POINT(502745.849 370070.106),POINT(502745.849 370070.106),POINT(502745.849 370070.106),POINT(502745.849 370070.106)
93bf26c5-daf6-4559-bd7b-dcdef87040f2,e60088e9-cf94-4e41-ae65-a5390866b4b8,infra.huilerie_inventaire_pollution,f6a5ac87-1701-4169-8416-3a43b787f056,Maasra abbouz,HUILERIE,65322e9a-b892-4ff6-b45a-24e433dc5f3e,Maasra abbouz,infra.huilerie_inventaire_pollution,0.0,0.925,HIGH_CONFIDENCE,DUPLICATE_EXACT,1,MANUAL_REVIEW_REQUIRED,distance=0.00m; nom=1.00; commune=1.00; priorite=5,#2563eb,check-circle,HIGH_CONFIDENCE,POINT(580906 372207),POINT(580906 372207),POINT(580906 372207),POINT(580906 372207)
b77c9f5d-992a-42c7-8647-4fdaf7192f54,e60088e9-cf94-4e41-ae65-a5390866b4b8,infra.huilerie_inventaire_pollution,5b869dd8-4bb5-4f0c-aac1-4210965d6873,Lmt taza,HUILERIE,1310851d-4168-4451-bc8e-bf1f0469d300,Lmt taza,infra.huilerie_inventaire_pollution,0.0,0.925,HIGH_CONFIDENCE,DUPLICATE_EXACT,1,MANUAL_REVIEW_REQUIRED,distance=0.00m; nom=1.00; commune=1.00; priorite=5,#2563eb,check-circle,HIGH_CONFIDENCE,POINT(630629 403867),POINT(630629 403867),POINT(630629 403867),POINT(630629 403867)
b381e7d8-8735-4049-a817-bc6a408eeda7,e60088e9-cf94-4e41-ae65-a5390866b4b8,infra.huilerie_inventaire_pollution,59d1382d-dd63-4add-9e9f-3286710a50ba,M'tioua nabat,HUILERIE,72bde6ed-a382-42ec-8665-339004136c6c,M'tioua nabat,infra.huilerie_inventaire_pollution,0.0,0.925,HIGH_CONFIDENCE,DUPLICATE_EXACT,1,MANUAL_REVIEW_REQUIRED,distance=0.00m; nom=1.00; commune=1.00; priorite=5,#2563eb,check-circle,HIGH_CONFIDENCE,POINT(594405 417068),POINT(594405 417068),POINT(594405 417068),POINT(594405 417068)
a5b2cd4f-389c-47be-8fbc-357af149680d,e60088e9-cf94-4e41-ae65-a5390866b4b8,infra.huilerie_inventaire_pollution,e8d3cc01-a1c0-4e61-a558-5aa85986123d,Maaroufi,HUILERIE,97d8fa7d-8693-4a2a-a701-c4bfe3294bb9,Maaroufi,infra.huilerie_inventaire_pollution,0.0,0.925,HIGH_CONFIDENCE,DUPLICATE_EXACT,1,MANUAL_REVIEW_REQUIRED,distance=0.00m; nom=1.00; commune=1.00; priorite=5,#2563eb,check-circle,HIGH_CONFIDENCE,POINT(494713 370160),POINT(494713 370160),POINT(494713 370160),POINT(494713 370160)
a85a1fa1-77a1-4402-a125-7f74ef66fd6f,e60088e9-cf94-4e41-ae65-a5390866b4b8,infra.huilerie_inventaire_pollution,7fa9fe15-c3e3-465d-b8e7-d34dfa763961,MAASARA AIT KRAT (Ait Aziz),HUILERIE,41128b7c-4675-403d-8750-289dc0c24159,MAASARA AIT KRAT (Ait Aziz),infra.huilerie_inventaire_pollution,0.0,0.925,HIGH_CONFIDENCE,DUPLICATE_EXACT,1,MANUAL_REVIEW_REQUIRED,distance=0.00m; nom=1.00; commune=1.00; priorite=5,#2563eb,check-circle,HIGH_CONFIDENCE,POINT(474719.49 356159.55),POINT(474719.49 356159.55),POINT(474719.49 356159.55),POINT(474719.49 356159.55)
d39d85aa-c138-4d7e-824f-b455458f7668,e60088e9-cf94-4e41-ae65-a5390866b4b8,infra.huilerie_inventaire_pollution,ff410ddc-4216-4f6b-9f11-da2cf99df2ea,Maasra abbadi,HUILERIE,09ab132e-3a7a-44d0-b087-cadb570fdbc5,Maasra abbadi,infra.huilerie_inventaire_pollution,0.0,0.925,HIGH_CONFIDENCE,DUPLICATE_EXACT,1,MANUAL_REVIEW_REQUIRED,distance=0.00m; nom=1.00; commune=1.00; priorite=5,#2563eb,check-circle,HIGH_CONFIDENCE,POINT(633524 394704),POINT(633524 394704),POINT(633524 394704),POINT(633524 394704)
6191014b-cb16-41eb-b42c-7f32a8ba4509,e60088e9-cf94-4e41-ae65-a5390866b4b8,infra.huilerie_inventaire_pollution,e4f6dad5-1617-441f-8941-16dc2ea53176,"maasra Adarissa
",HUILERIE,ba967e28-b8d9-4ea1-bf36-15ab2af274cf,"maasra Adarissa
",infra.huilerie_inventaire_pollution,0.0,0.925,HIGH_CONFIDENCE,DUPLICATE_EXACT,1,MANUAL_REVIEW_REQUIRED,distance=0.00m; nom=1.00; commune=1.00; priorite=5,#2563eb,check-circle,HIGH_CONFIDENCE,POINT(419441 366327),POINT(419441 366327),POINT(419441 366327),POINT(419441 366327)
37db81ab-a64d-4faf-be76-e93f18e708f1,e60088e9-cf94-4e41-ae65-a5390866b4b8,infra.huilerie_inventaire_pollution,e1eefe06-1497-48d2-8f33-704a7707d023,Maasra bachari,HUILERIE,ff046558-dc25-4f96-ac61-2a47bdb96013,Maasra bachari,infra.huilerie_inventaire_pollution,0.0,0.925,HIGH_CONFIDENCE,DUPLICATE_EXACT,1,MANUAL_REVIEW_REQUIRED,distance=0.00m; nom=1.00; commune=1.00; priorite=5,#2563eb,check-circle,HIGH_CONFIDENCE,POINT(633562 392964),POINT(633562 392964),POINT(633562 392964),POINT(633562 392964)
4648079a-0d0d-49b8-afc6-aaee9b9712cc,e60088e9-cf94-4e41-ae65-a5390866b4b8,infra.huilerie_inventaire_pollution,f14c738d-327f-4d34-a8ac-e8adff0b125d,Maasra brachma (azoughari),HUILERIE,bd989f86-0c28-40d7-807a-99857a6a9d98,Maasra brachma (azoughari),infra.huilerie_inventaire_pollution,0.0,0.925,HIGH_CONFIDENCE,DUPLICATE_EXACT,1,MANUAL_REVIEW_REQUIRED,distance=0.00m; nom=1.00; commune=1.00; priorite=5,#2563eb,check-circle,HIGH_CONFIDENCE,POINT(578307 324992),POINT(578307 324992),POINT(578307 324992),POINT(578307 324992)
906ee170-e905-4e98-9df2-44144ce971dd,e60088e9-cf94-4e41-ae65-a5390866b4b8,infra.huilerie_inventaire_pollution,0ed2565d-a057-483f-8028-7d8ba9b456f7,maasra Charradi,HUILERIE,bca7c5f5-fe82-42b3-be7e-94fee875d52e,maasra Charradi,infra.huilerie_inventaire_pollution,0.0,0.925,HIGH_CONFIDENCE,DUPLICATE_EXACT,1,MANUAL_REVIEW_REQUIRED,distance=0.00m; nom=1.00; commune=1.00; priorite=5,#2563eb,check-circle,HIGH_CONFIDENCE,POINT(441166 356411),POINT(441166 356411),POINT(441166 356411),POINT(441166 356411)
4229a24f-d018-40f1-a63d-c94fc0a254ae,e60088e9-cf94-4e41-ae65-a5390866b4b8,infra.huilerie_inventaire_pollution,86371ea3-fc6d-4204-a9b7-bd318c4074f7,Maasra el asri,HUILERIE,e90ca716-6e52-46b7-aa08-78d99904b3e3,Maasra el asri,infra.huilerie_inventaire_pollution,0.0,0.925,HIGH_CONFIDENCE,DUPLICATE_EXACT,1,MANUAL_REVIEW_REQUIRED,distance=0.00m; nom=1.00; commune=1.00; priorite=5,#2563eb,check-circle,HIGH_CONFIDENCE,POINT(599665 424387),POINT(599665 424387),POINT(599665 424387),POINT(599665 424387)
15a447e3-fb49-42d0-8089-8e57222bfee1,e60088e9-cf94-4e41-ae65-a5390866b4b8,infra.huilerie_inventaire_pollution,c16eaa91-261f-4a73-aa6f-1ca2d1f062f8,maasra El bahli,HUILERIE,2f402137-b9d1-44e5-ba64-a83719dd3a84,maasra El bahli,infra.huilerie_inventaire_pollution,0.0,0.925,HIGH_CONFIDENCE,DUPLICATE_EXACT,1,MANUAL_REVIEW_REQUIRED,distance=0.00m; nom=1.00; commune=1.00; priorite=5,#2563eb,check-circle,HIGH_CONFIDENCE,POINT(442086 356659),POINT(442086 356659),POINT(442086 356659),POINT(442086 356659)
c55afef6-81ab-40a2-9b23-147c34a92246,e60088e9-cf94-4e41-ae65-a5390866b4b8,infra.huilerie_inventaire_pollution,8ff122d2-bb6a-4d4b-a530-cb0f64322ded,Maasra el kajj,HUILERIE,b091fb9f-e02f-4e9d-92f0-4ef9eb0de5ad,Maasra el kajj,infra.huilerie_inventaire_pollution,0.0,0.925,HIGH_CONFIDENCE,DUPLICATE_EXACT,1,MANUAL_REVIEW_REQUIRED,distance=0.00m; nom=1.00; commune=1.00; priorite=5,#2563eb,check-circle,HIGH_CONFIDENCE,POINT(580112 379386),POINT(580112 379386),POINT(580112 379386),POINT(580112 379386)
1dbae79b-5b8e-477c-8f7b-997cd7eea4e5,e60088e9-cf94-4e41-ae65-a5390866b4b8,infra.huilerie_inventaire_pollution,c0680c66-2556-4d3b-9c86-c3c87591e18e,Maasra Fatima Oukanza,HUILERIE,7a504086-ca69-45d6-8662-e989ebd3e918,Maasra Fatima Oukanza,infra.huilerie_inventaire_pollution,0.0,0.925,HIGH_CONFIDENCE,DUPLICATE_EXACT,1,MANUAL_REVIEW_REQUIRED,distance=0.00m; nom=1.00; commune=1.00; priorite=5,#2563eb,check-circle,HIGH_CONFIDENCE,POINT(573289 321227),POINT(573289 321227),POINT(573289 321227),POINT(573289 321227)
000f0ec3-b98b-4387-b775-e468d588bd3d,e60088e9-cf94-4e41-ae65-a5390866b4b8,infra.huilerie_inventaire_pollution,389d1f52-b24f-4893-903f-2f674de18d17,Maasra Haj Molid,HUILERIE,4fccccf0-b176-4017-a973-f520808eb853,Maasra Haj Molid,infra.huilerie_inventaire_pollution,0.0,0.925,HIGH_CONFIDENCE,DUPLICATE_EXACT,1,MANUAL_REVIEW_REQUIRED,distance=0.00m; nom=1.00; commune=1.00; priorite=5,#2563eb,check-circle,HIGH_CONFIDENCE,POINT(493326 336105),POINT(493326 336105),POINT(493326 336105),POINT(493326 336105)
8ce2278e-a31b-4eec-bdea-0612d77b86d9,e60088e9-cf94-4e41-ae65-a5390866b4b8,infra.huilerie_inventaire_pollution,8c76430f-d497-47ba-88b2-d440d02cc7f0,maasra Hajjaj,HUILERIE,a2e22201-0e16-492e-8499-69e6db48edb0,maasra Hajjaj,infra.huilerie_inventaire_pollution,0.0,0.925,HIGH_CONFIDENCE,DUPLICATE_EXACT,1,MANUAL_REVIEW_REQUIRED,distance=0.00m; nom=1.00; commune=1.00; priorite=5,#2563eb,check-circle,HIGH_CONFIDENCE,POINT(417737 366302),POINT(417737 366302),POINT(417737 366302),POINT(417737 366302)
420c23c9-ab0f-4145-91d7-50bd3299299e,e60088e9-cf94-4e41-ae65-a5390866b4b8,infra.huilerie_inventaire_pollution,cec564e5-0702-4d9e-8987-8039a83490ac,maasra Ichou,HUILERIE,3f6310d8-259f-4f22-b244-1a2654e94620,maasra Ichou,infra.huilerie_inventaire_pollution,0.0,0.925,HIGH_CONFIDENCE,DUPLICATE_EXACT,1,MANUAL_REVIEW_REQUIRED,distance=0.00m; nom=1.00; commune=1.00; priorite=5,#2563eb,check-circle,HIGH_CONFIDENCE,POINT(439818 357031),POINT(439818 357031),POINT(439818 357031),POINT(439818 357031)
33b7a5c4-fef7-4813-961d-912778030c82,e60088e9-cf94-4e41-ae65-a5390866b4b8,infra.huilerie_inventaire_pollution,aca8fbc3-0704-44a1-8204-e845505f3252,Maasra Idhrine Boutamjine,HUILERIE,f62215f5-bc95-413d-8f3b-fa2236237230,Maasra Idhrine Boutamjine,infra.huilerie_inventaire_pollution,0.0,0.925,HIGH_CONFIDENCE,DUPLICATE_EXACT,1,MANUAL_REVIEW_REQUIRED,distance=0.00m; nom=1.00; commune=1.00; priorite=5,#2563eb,check-circle,HIGH_CONFIDENCE,POINT(580054 323983),POINT(580054 323983),POINT(580054 323983),POINT(580054 323983)
40a427b3-03f3-4e35-8982-cefa7b28cb48,e60088e9-cf94-4e41-ae65-a5390866b4b8,infra.huilerie_inventaire_pollution,a362819f-f6d9-41fe-a6dd-2ac328e6e144,Maasra ikhouane berrada,HUILERIE,fa2686e3-22ac-4552-995d-c4ac2132f81c,Maasra ikhouane berrada,infra.huilerie_inventaire_pollution,0.0,0.925,HIGH_CONFIDENCE,DUPLICATE_EXACT,1,MANUAL_REVIEW_REQUIRED,distance=0.00m; nom=1.00; commune=1.00; priorite=5,#2563eb,check-circle,HIGH_CONFIDENCE,POINT(624782 434159),POINT(624782 434159),POINT(624782 434159),POINT(624782 434159)
76743ced-5a6a-45e2-a693-4ab85fb8fe6e,e60088e9-cf94-4e41-ae65-a5390866b4b8,infra.huilerie_inventaire_pollution,b0976842-c088-4765-8f68-975c513cc938,Maasra ksili abdessalam,HUILERIE,61bc49a0-b588-464d-a9b6-fed69b41c730,Maasra ksili abdessalam,infra.huilerie_inventaire_pollution,0.0,0.925,HIGH_CONFIDENCE,DUPLICATE_EXACT,1,MANUAL_REVIEW_REQUIRED,distance=0.00m; nom=1.00; commune=1.00; priorite=5,#2563eb,check-circle,HIGH_CONFIDENCE,POINT(624929 434159),POINT(624929 434159),POINT(624929 434159),POINT(624929 434159)
1fba1c18-891d-4c31-ba9b-24829ba05919,e60088e9-cf94-4e41-ae65-a5390866b4b8,infra.huilerie_inventaire_pollution,a017874b-7c21-4507-8616-f8bb2c975f32,Maasra Lamkhantar,HUILERIE,3e251efe-ed61-46c4-bcf0-c24a1f4cfbf3,Maasra Lamkhantar,infra.huilerie_inventaire_pollution,0.0,0.925,HIGH_CONFIDENCE,DUPLICATE_EXACT,1,MANUAL_REVIEW_REQUIRED,distance=0.00m; nom=1.00; commune=1.00; priorite=5,#2563eb,check-circle,HIGH_CONFIDENCE,POINT(436192 348204),POINT(436192 348204),POINT(436192 348204),POINT(436192 348204)
49d6290c-1684-48a0-8529-b2a9d2ebe8bc,e60088e9-cf94-4e41-ae65-a5390866b4b8,infra.huilerie_inventaire_pollution,c8424341-d4b1-4ac8-b0b3-1f28c25bd202,Maasra med bouayadi,HUILERIE,c728f827-f39a-40ce-b7b4-e89761a4be8d,Maasra med bouayadi,infra.huilerie_inventaire_pollution,0.0,0.925,HIGH_CONFIDENCE,DUPLICATE_EXACT,1,MANUAL_REVIEW_REQUIRED,distance=0.00m; nom=1.00; commune=1.00; priorite=5,#2563eb,check-circle,HIGH_CONFIDENCE,POINT(573386 321263),POINT(573386 321263),POINT(573386 321263),POINT(573386 321263)
e9013f96-ffd5-4649-bdd7-9549f5ba1c80,e60088e9-cf94-4e41-ae65-a5390866b4b8,infra.huilerie_inventaire_pollution,501c9fca-fcda-4e26-a8a0-94b02669169e,Maasra OLEA Capital,HUILERIE,43aca9b5-f809-47b7-83b4-cf3a6f765a34,Maasra OLEA Capital,infra.huilerie_inventaire_pollution,0.0,0.925,HIGH_CONFIDENCE,DUPLICATE_EXACT,1,MANUAL_REVIEW_REQUIRED,distance=0.00m; nom=1.00; commune=1.00; priorite=5,#2563eb,check-circle,HIGH_CONFIDENCE,POINT(474531 355160),POINT(474531 355160),POINT(474531 355160),POINT(474531 355160)
07a28bbc-bec0-4fb2-ba78-43f37b9ada9f,e60088e9-cf94-4e41-ae65-a5390866b4b8,infra.huilerie_inventaire_pollution,e1fc3007-81e6-4924-806c-fd05b1c9efb6,Maasra oum errabia,HUILERIE,940780fb-0245-4da3-9d63-f936f6f9c6eb,Maasra oum errabia,infra.huilerie_inventaire_pollution,0.0,0.925,HIGH_CONFIDENCE,DUPLICATE_EXACT,1,MANUAL_REVIEW_REQUIRED,distance=0.00m; nom=1.00; commune=1.00; priorite=5,#2563eb,check-circle,HIGH_CONFIDENCE,POINT(476856 346321),POINT(476856 346321),POINT(476856 346321),POINT(476856 346321)
757f7a55-0ad6-40d1-949c-658ee4dc4199,e60088e9-cf94-4e41-ae65-a5390866b4b8,infra.huilerie_inventaire_pollution,4c6e0673-c67f-4063-a263-8f02a4f6c01b,Maasra Talaa,HUILERIE,5e69cb88-ff38-4ee2-90d4-6ce0261def8a,Maasra Talaa,infra.huilerie_inventaire_pollution,0.0,0.925,HIGH_CONFIDENCE,DUPLICATE_EXACT,1,MANUAL_REVIEW_REQUIRED,distance=0.00m; nom=1.00; commune=1.00; priorite=5,#2563eb,check-circle,HIGH_CONFIDENCE,POINT(499669 363974),POINT(499669 363974),POINT(499669 363974),POINT(499669 363974)
d88b3637-51c0-48ba-a1c8-7d30a7db8a77,e60088e9-cf94-4e41-ae65-a5390866b4b8,infra.huilerie_inventaire_pollution,29e28bf2-397e-49b4-9356-5f1330899e24,Maasra tfazza,HUILERIE,eb2718a9-ce48-4c82-b85b-3ccbc1058a3e,Maasra tfazza,infra.huilerie_inventaire_pollution,0.0,0.925,HIGH_CONFIDENCE,DUPLICATE_EXACT,1,MANUAL_REVIEW_REQUIRED,distance=0.00m; nom=1.00; commune=1.00; priorite=5,#2563eb,check-circle,HIGH_CONFIDENCE,POINT(593107 411301),POINT(593107 411301),POINT(593107 411301),POINT(593107 411301)
0a06cb40-9a0f-469f-b9ce-5c17d935adb9,e60088e9-cf94-4e41-ae65-a5390866b4b8,infra.huilerie_inventaire_pollution,a92cf610-0255-4919-9ad7-6b74c5f312cd,maasra Zaakour,HUILERIE,3713dc14-4589-4d48-90ca-56bc594e0aa0,maasra Zaakour,infra.huilerie_inventaire_pollution,0.0,0.925,HIGH_CONFIDENCE,DUPLICATE_EXACT,1,MANUAL_REVIEW_REQUIRED,distance=0.00m; nom=1.00; commune=1.00; priorite=5,#2563eb,check-circle,HIGH_CONFIDENCE,POINT(437390 355182),POINT(437390 355182),POINT(437390 355182),POINT(437390 355182)
e950813c-b6f0-4469-83e2-796f3177277c,e60088e9-cf94-4e41-ae65-a5390866b4b8,infra.huilerie_inventaire_pollution,89c73fe8-2165-475d-8092-2c6b83fa363f,Madrar,HUILERIE,02af4b57-1117-4e70-bcce-3c884cdeb143,Madrar,infra.huilerie_inventaire_pollution,0.0,0.925,HIGH_CONFIDENCE,DUPLICATE_EXACT,1,MANUAL_REVIEW_REQUIRED,distance=0.00m; nom=1.00; commune=1.00; priorite=5,#2563eb,check-circle,HIGH_CONFIDENCE,POINT(611677 415488),POINT(611677 415488),POINT(611677 415488),POINT(611677 415488)
9cf48258-6804-4131-a74e-06467bdd287c,e60088e9-cf94-4e41-ae65-a5390866b4b8,infra.huilerie_inventaire_pollution,a1469984-05d5-41ff-b5fc-8aca4eb05a86,Majmat yaakoubi,HUILERIE,774a0e8e-fde9-4434-aca8-c595da997109,Majmat yaakoubi,infra.huilerie_inventaire_pollution,0.0,0.925,HIGH_CONFIDENCE,DUPLICATE_EXACT,1,MANUAL_REVIEW_REQUIRED,distance=0.00m; nom=1.00; commune=1.00; priorite=5,#2563eb,check-circle,HIGH_CONFIDENCE,POINT(616121 402187),POINT(616121 402187),POINT(616121 402187),POINT(616121 402187)
baab08da-5fd7-4632-ae38-c1b654483132,e60088e9-cf94-4e41-ae65-a5390866b4b8,infra.huilerie_inventaire_pollution,00d0ed6c-c6cb-4468-91cd-0f0fd56619f2,Maroc Food,HUILERIE,010e8af0-846d-48e2-ba22-522d8f19447d,Maroc Food,infra.huilerie_inventaire_pollution,0.0,0.725,MEDIUM_CONFIDENCE,DUPLICATE_EXACT,1,MANUAL_REVIEW_REQUIRED,distance=0.00m; nom=1.00; commune=0.00; priorite=5,#f59e0b,alert-triangle,MEDIUM_CONFIDENCE,POINT(533546 382614),POINT(533546 382614),POINT(533546 382614),POINT(533546 382614)
83b00b80-71e3-435b-9d28-79c2a718f24e,e60088e9-cf94-4e41-ae65-a5390866b4b8,infra.huilerie_inventaire_pollution,574dd431-c05c-444f-84aa-35d39fa42d46,Marzouki Ali,HUILERIE,7c45d992-0f4c-458a-b9ac-da7cc6d1a126,Marzouki Ali,infra.huilerie_inventaire_pollution,0.0,0.725,MEDIUM_CONFIDENCE,DUPLICATE_EXACT,1,MANUAL_REVIEW_REQUIRED,distance=0.00m; nom=1.00; commune=0.00; priorite=5,#f59e0b,alert-triangle,MEDIUM_CONFIDENCE,POINT(533575 382954),POINT(533575 382954),POINT(533575 382954),POINT(533575 382954)
b4c8067d-5d9e-43c2-a72c-eaa4d07eccc0,e60088e9-cf94-4e41-ae65-a5390866b4b8,infra.huilerie_inventaire_pollution,bda46e13-f345-4361-afc5-b2b83e15db86,Masmouda Alaasria,HUILERIE,6c2ebbd5-56d1-4cbf-bd1c-e5934ab34667,Masmouda Alaasria,infra.huilerie_inventaire_pollution,0.0,0.925,HIGH_CONFIDENCE,DUPLICATE_EXACT,1,MANUAL_REVIEW_REQUIRED,distance=0.00m; nom=1.00; commune=1.00; priorite=5,#2563eb,check-circle,HIGH_CONFIDENCE,POINT(471369.87 459526.63),POINT(471369.87 459526.63),POINT(471369.87 459526.63),POINT(471369.87 459526.63)
dd76f819-3967-45ad-8f8a-8bf1428ce7ef,e60088e9-cf94-4e41-ae65-a5390866b4b8,infra.huilerie_inventaire_pollution,51f29343-75fe-4c8c-b961-4417e5e08f3f,Massra dahmani,HUILERIE,98e01d87-fc89-4716-8693-0b936fab9c09,Massra dahmani,infra.huilerie_inventaire_pollution,0.0,0.925,HIGH_CONFIDENCE,DUPLICATE_EXACT,1,MANUAL_REVIEW_REQUIRED,distance=0.00m; nom=1.00; commune=1.00; priorite=5,#2563eb,check-circle,HIGH_CONFIDENCE,POINT(579558 370708),POINT(579558 370708),POINT(579558 370708),POINT(579558 370708)
b0011160-ee08-4d50-999a-4011d4345dd2,e60088e9-cf94-4e41-ae65-a5390866b4b8,infra.huilerie_inventaire_pollution,ce63e1dc-28b1-4607-b170-de19cbbc85e8,Massra machkour,HUILERIE,60f06414-85a5-4e78-8606-661b57c15474,Massra machkour,infra.huilerie_inventaire_pollution,0.0,0.925,HIGH_CONFIDENCE,DUPLICATE_EXACT,1,MANUAL_REVIEW_REQUIRED,distance=0.00m; nom=1.00; commune=1.00; priorite=5,#2563eb,check-circle,HIGH_CONFIDENCE,POINT(588057 376375),POINT(588057 376375),POINT(588057 376375),POINT(588057 376375)
f97563f6-0a68-45e9-abb0-f47b5b854fed,e60088e9-cf94-4e41-ae65-a5390866b4b8,infra.huilerie_inventaire_pollution,893c31a3-e6d6-4d3c-a1c3-c315438eeaa2,Mchachti,HUILERIE,64086148-6453-42ce-9f4f-c5f71cdfb625,Mchachti,infra.huilerie_inventaire_pollution,0.0,0.925,HIGH_CONFIDENCE,DUPLICATE_EXACT,1,MANUAL_REVIEW_REQUIRED,distance=0.00m; nom=1.00; commune=1.00; priorite=5,#2563eb,check-circle,HIGH_CONFIDENCE,POINT(619845 459506),POINT(619845 459506),POINT(619845 459506),POINT(619845 459506)
71d1ff97-dc96-459c-b46b-2e5f4d43cb22,e60088e9-cf94-4e41-ae65-a5390866b4b8,infra.huilerie_inventaire_pollution,c0d7dfe5-a74e-47db-9c78-b9ee1caced97,Mimouna,HUILERIE,ee37a1eb-40c7-4c1a-97ce-f7ec286a366d,Mimouna,infra.huilerie_inventaire_pollution,0.0,0.925,HIGH_CONFIDENCE,DUPLICATE_EXACT,1,MANUAL_REVIEW_REQUIRED,distance=0.00m; nom=1.00; commune=1.00; priorite=5,#2563eb,check-circle,HIGH_CONFIDENCE,POINT(631854 412961),POINT(631854 412961),POINT(631854 412961),POINT(631854 412961)
1ca02117-c90e-424b-9a2c-c213534dbcb8,e60088e9-cf94-4e41-ae65-a5390866b4b8,infra.huilerie_inventaire_pollution,e4d2a889-5020-4571-a676-8a8b4f64c1db,Moderne jerri,HUILERIE,ce833b55-92c4-44c8-8e14-2aa492ab0853,Moderne jerri,infra.huilerie_inventaire_pollution,0.0,0.925,HIGH_CONFIDENCE,DUPLICATE_EXACT,1,MANUAL_REVIEW_REQUIRED,distance=0.00m; nom=1.00; commune=1.00; priorite=5,#2563eb,check-circle,HIGH_CONFIDENCE,POINT(470649 353337),POINT(470649 353337),POINT(470649 353337),POINT(470649 353337)
5e8f3891-7ac9-40e2-b841-ec545c6557ce,e60088e9-cf94-4e41-ae65-a5390866b4b8,infra.huilerie_inventaire_pollution,cbbf4e3a-ebe8-445a-aff3-99898080d2b6,Mohamed El Kahira,HUILERIE,9df4df8f-0b5b-4f98-849c-6e3b0cec8913,Mohamed El Kahira,infra.huilerie_inventaire_pollution,0.0,0.925,HIGH_CONFIDENCE,DUPLICATE_EXACT,1,MANUAL_REVIEW_REQUIRED,distance=0.00m; nom=1.00; commune=1.00; priorite=5,#2563eb,check-circle,HIGH_CONFIDENCE,POINT(483209 337722),POINT(483209 337722),POINT(483209 337722),POINT(483209 337722)
955d1a58-fdcc-4a98-9fd8-9a6cab38de81,e60088e9-cf94-4e41-ae65-a5390866b4b8,infra.huilerie_inventaire_pollution,b90a9e9f-dbd1-4b01-a46d-1cd5252d88d9,Mohamed Hallami,HUILERIE,7382768a-dae2-4f6e-827e-3e2d34a09d04,Mohamed Hallami,infra.huilerie_inventaire_pollution,0.0,0.925,HIGH_CONFIDENCE,DUPLICATE_EXACT,1,MANUAL_REVIEW_REQUIRED,distance=0.00m; nom=1.00; commune=1.00; priorite=5,#2563eb,check-circle,HIGH_CONFIDENCE,POINT(491456 379747),POINT(491456 379747),POINT(491456 379747),POINT(491456 379747)
43325949-2d95-4a2b-81ba-d96c90b946c9,e60088e9-cf94-4e41-ae65-a5390866b4b8,infra.huilerie_inventaire_pollution,b40e4048-732f-46dc-a58b-321cc39508d9,Mohamed Mokhlis,HUILERIE,feb3b5de-1796-4326-b854-c2572f4ad816,Mohamed Mokhlis,infra.huilerie_inventaire_pollution,0.0,0.925,HIGH_CONFIDENCE,DUPLICATE_EXACT,1,MANUAL_REVIEW_REQUIRED,distance=0.00m; nom=1.00; commune=1.00; priorite=5,#2563eb,check-circle,HIGH_CONFIDENCE,POINT(535686 371292),POINT(535686 371292),POINT(535686 371292),POINT(535686 371292)
b67ffcc1-66b0-45f0-9806-e8908efc35ec,e60088e9-cf94-4e41-ae65-a5390866b4b8,infra.huilerie_inventaire_pollution,3cab3fff-fe25-4739-907e-7d49c8710987,Mohamed Yaakoubi,HUILERIE,4af7e5ac-e338-481e-884f-6cafa45e35a6,Mohamed Yaakoubi,infra.huilerie_inventaire_pollution,0.0,0.925,HIGH_CONFIDENCE,DUPLICATE_EXACT,1,MANUAL_REVIEW_REQUIRED,distance=0.00m; nom=1.00; commune=1.00; priorite=5,#2563eb,check-circle,HIGH_CONFIDENCE,POINT(504908 355885),POINT(504908 355885),POINT(504908 355885),POINT(504908 355885)
3d466201-2c4e-401b-afcf-3fa845412b78,e60088e9-cf94-4e41-ae65-a5390866b4b8,infra.huilerie_inventaire_pollution,da3b590c-58e2-40bd-9fa6-da1c4f0baa5a,Mouatassim Abderrahmane,HUILERIE,298fdc58-a6f7-4c5d-bd1a-fff7b275a642,Mouatassim Abderrahmane,infra.huilerie_inventaire_pollution,0.0,0.925,HIGH_CONFIDENCE,DUPLICATE_EXACT,1,MANUAL_REVIEW_REQUIRED,distance=0.00m; nom=1.00; commune=1.00; priorite=5,#2563eb,check-circle,HIGH_CONFIDENCE,POINT(582617 412953),POINT(582617 412953),POINT(582617 412953),POINT(582617 412953)
4bdeeacb-ce17-4db9-9e35-244ca4eb43f7,e60088e9-cf94-4e41-ae65-a5390866b4b8,infra.huilerie_inventaire_pollution,09d625b1-3288-450f-a749-65ec20b51750,Mr ELARDI SAID,HUILERIE,f530c473-2a3e-4ff3-aa75-7f16b52c5e12,Mr ELARDI SAID,infra.huilerie_inventaire_pollution,0.0,0.925,HIGH_CONFIDENCE,DUPLICATE_EXACT,1,MANUAL_REVIEW_REQUIRED,distance=0.00m; nom=1.00; commune=1.00; priorite=5,#2563eb,check-circle,HIGH_CONFIDENCE,POINT(545085 368308),POINT(545085 368308),POINT(545085 368308),POINT(545085 368308)
c13aa081-32ea-4f4f-a325-7066788eabfe,e60088e9-cf94-4e41-ae65-a5390866b4b8,infra.huilerie_inventaire_pollution,25e68a9c-7d60-4654-b1d8-7696cd83e9b9,Mrilo,HUILERIE,f01e09e1-75f5-4843-b799-8b0567804a58,Mrilo,infra.huilerie_inventaire_pollution,0.0,0.925,HIGH_CONFIDENCE,DUPLICATE_EXACT,1,MANUAL_REVIEW_REQUIRED,distance=0.00m; nom=1.00; commune=1.00; priorite=5,#2563eb,check-circle,HIGH_CONFIDENCE,POINT(595762 414085),POINT(595762 414085),POINT(595762 414085),POINT(595762 414085)
de86e166-5198-4d7e-9975-bb415e43dca7,e60088e9-cf94-4e41-ae65-a5390866b4b8,infra.huilerie_inventaire_pollution,6347bf13-eb57-46ab-a917-c0d8519dd2fe,Mustafa El Bakri,HUILERIE,21980f05-094c-4bba-8ff6-9d0a073f2dd9,Mustafa El Bakri,infra.huilerie_inventaire_pollution,0.0,0.925,HIGH_CONFIDENCE,DUPLICATE_EXACT,1,MANUAL_REVIEW_REQUIRED,distance=0.00m; nom=1.00; commune=1.00; priorite=5,#2563eb,check-circle,HIGH_CONFIDENCE,POINT(510515 376116),POINT(510515 376116),POINT(510515 376116),POINT(510515 376116)
747f5448-6667-4db3-970e-e92d8cbfcad2,e60088e9-cf94-4e41-ae65-a5390866b4b8,infra.huilerie_inventaire_pollution,25ab5955-66ac-4fa6-a5b1-bad28bd60a2d,Nader Thami,HUILERIE,7a50b65b-b7fb-428e-af08-41027a6b0830,Nader Thami,infra.huilerie_inventaire_pollution,0.0,0.925,HIGH_CONFIDENCE,DUPLICATE_EXACT,1,MANUAL_REVIEW_REQUIRED,distance=0.00m; nom=1.00; commune=1.00; priorite=5,#2563eb,check-circle,HIGH_CONFIDENCE,POINT(578537 410079),POINT(578537 410079),POINT(578537 410079),POINT(578537 410079)
84a2ece5-0172-40ab-a7d6-56f58d54199e,e60088e9-cf94-4e41-ae65-a5390866b4b8,infra.huilerie_inventaire_pollution,c4be9cf6-652e-465a-8c1a-f6fcd9adcc9a,Non-connue,HUILERIE,775c2363-8bbd-4c34-8489-bfa570963269,Non-connue,infra.huilerie_inventaire_pollution,0.0,0.925,HIGH_CONFIDENCE,DUPLICATE_EXACT,1,MANUAL_REVIEW_REQUIRED,distance=0.00m; nom=1.00; commune=1.00; priorite=5,#2563eb,check-circle,HIGH_CONFIDENCE,POINT(565067 459916),POINT(565067 459916),POINT(565067 459916),POINT(565067 459916)
0832b4e8-6b13-4bb4-bf79-439e972874db,e60088e9-cf94-4e41-ae65-a5390866b4b8,infra.huilerie_inventaire_pollution,032e2456-923f-4efc-b077-0e2fca1c558d,Non-connue 01,HUILERIE,ab5f8b69-913c-4e5c-a06d-91a3432f3611,Non-connue 01,infra.huilerie_inventaire_pollution,0.0,0.925,HIGH_CONFIDENCE,DUPLICATE_EXACT,1,MANUAL_REVIEW_REQUIRED,distance=0.00m; nom=1.00; commune=1.00; priorite=5,#2563eb,check-circle,HIGH_CONFIDENCE,POINT(578232 389471),POINT(578232 389471),POINT(578232 389471),POINT(578232 389471)
b5e2d2b5-e39f-4f21-99cd-7ab3eab81d09,e60088e9-cf94-4e41-ae65-a5390866b4b8,infra.huilerie_inventaire_pollution,058f195d-81ac-4042-9ccd-75a9f031bf13,Non-connue 02,HUILERIE,c483f161-8c1c-4a5e-96c9-1740ee5bafd3,Non-connue 02,infra.huilerie_inventaire_pollution,0.0,0.925,HIGH_CONFIDENCE,DUPLICATE_EXACT,1,MANUAL_REVIEW_REQUIRED,distance=0.00m; nom=1.00; commune=1.00; priorite=5,#2563eb,check-circle,HIGH_CONFIDENCE,POINT(578190 389624),POINT(578190 389624),POINT(578190 389624),POINT(578190 389624)
52aa2837-9320-4f16-ae7a-9153dab06df6,e60088e9-cf94-4e41-ae65-a5390866b4b8,infra.huilerie_inventaire_pollution,2eb31526-b6a0-401e-a1d3-beffbde6db42,Non-connue 03,HUILERIE,bbf870e8-97f1-4431-b305-b5e1cd0d5d54,Non-connue 03,infra.huilerie_inventaire_pollution,0.0,0.925,HIGH_CONFIDENCE,DUPLICATE_EXACT,1,MANUAL_REVIEW_REQUIRED,distance=0.00m; nom=1.00; commune=1.00; priorite=5,#2563eb,check-circle,HIGH_CONFIDENCE,POINT(578326 389727),POINT(578326 389727),POINT(578326 389727),POINT(578326 389727)
30503d33-60d7-4b2c-b737-6f150f3fbb6c,e60088e9-cf94-4e41-ae65-a5390866b4b8,infra.huilerie_inventaire_pollution,82b5b6ef-3dcd-458a-bf53-3cd92d3eed43,Non-connue 04,HUILERIE,1d024e20-3e0e-42aa-9380-40b03d0f8cf8,Non-connue 04,infra.huilerie_inventaire_pollution,0.0,0.925,HIGH_CONFIDENCE,DUPLICATE_EXACT,1,MANUAL_REVIEW_REQUIRED,distance=0.00m; nom=1.00; commune=1.00; priorite=5,#2563eb,check-circle,HIGH_CONFIDENCE,POINT(577541 389302),POINT(577541 389302),POINT(577541 389302),POINT(577541 389302)
6e83850e-e5a2-42c9-8f49-1a164934e4a1,e60088e9-cf94-4e41-ae65-a5390866b4b8,infra.huilerie_inventaire_pollution,301066a9-0164-4b20-9bf3-a2feca3706e0,Non-connue 1,HUILERIE,5b9257a3-fc10-46d2-9e59-6714c4872c83,Non-connue 1,infra.huilerie_inventaire_pollution,0.0,0.925,HIGH_CONFIDENCE,DUPLICATE_EXACT,1,MANUAL_REVIEW_REQUIRED,distance=0.00m; nom=1.00; commune=1.00; priorite=5,#2563eb,check-circle,HIGH_CONFIDENCE,POINT(548905 362073),POINT(548905 362073),POINT(548905 362073),POINT(548905 362073)
bf1d0383-ff99-415d-b55b-b4516f2f5908,e60088e9-cf94-4e41-ae65-a5390866b4b8,infra.huilerie_inventaire_pollution,64ad8cc2-6ce2-4e63-9cc0-e6ecea8ddff3,Non-connue 2,HUILERIE,935d8572-85a2-4ca3-aba9-8b877a6a9f99,Non-connue 2,infra.huilerie_inventaire_pollution,0.0,0.925,HIGH_CONFIDENCE,DUPLICATE_EXACT,1,MANUAL_REVIEW_REQUIRED,distance=0.00m; nom=1.00; commune=1.00; priorite=5,#2563eb,check-circle,HIGH_CONFIDENCE,POINT(580834 366513),POINT(580834 366513),POINT(580834 366513),POINT(580834 366513)
dc525940-7c25-4403-8663-3bfc6d484b69,e60088e9-cf94-4e41-ae65-a5390866b4b8,infra.huilerie_inventaire_pollution,631a2aa2-aac6-41a9-8a8f-1de1bef77ae0,Non-connue 3,HUILERIE,46b5ed1a-3edc-4f99-8054-b10a148ea321,Non-connue 3,infra.huilerie_inventaire_pollution,0.0,0.925,HIGH_CONFIDENCE,DUPLICATE_EXACT,1,MANUAL_REVIEW_REQUIRED,distance=0.00m; nom=1.00; commune=1.00; priorite=5,#2563eb,check-circle,HIGH_CONFIDENCE,POINT(564393 359094),POINT(564393 359094),POINT(564393 359094),POINT(564393 359094)
56305b93-f137-4ffd-b641-71f64e86d0fd,e60088e9-cf94-4e41-ae65-a5390866b4b8,infra.huilerie_inventaire_pollution,29bf1ebe-96d2-4d36-a9e5-0c0e8b3c8ce4,Non-connue 4,HUILERIE,95e27c80-297e-4e0c-8079-66b9d3f3c7a7,Non-connue 4,infra.huilerie_inventaire_pollution,0.0,0.925,HIGH_CONFIDENCE,DUPLICATE_EXACT,1,MANUAL_REVIEW_REQUIRED,distance=0.00m; nom=1.00; commune=1.00; priorite=5,#2563eb,check-circle,HIGH_CONFIDENCE,POINT(590491.78 363357.4),POINT(590491.78 363357.4),POINT(590491.78 363357.4),POINT(590491.78 363357.4)
e79d9c5b-9294-4be0-87d9-4fe977d14e4a,e60088e9-cf94-4e41-ae65-a5390866b4b8,infra.huilerie_inventaire_pollution,d94e7f29-d3ed-4d53-bca5-9b92a3d4c846,Non-connue 5,HUILERIE,dcef388d-628f-46fe-b796-7223e7afc3a6,Non-connue 5,infra.huilerie_inventaire_pollution,0.0,0.925,HIGH_CONFIDENCE,DUPLICATE_EXACT,1,MANUAL_REVIEW_REQUIRED,distance=0.00m; nom=1.00; commune=1.00; priorite=5,#2563eb,check-circle,HIGH_CONFIDENCE,POINT(594111.64 357297),POINT(594111.64 357297),POINT(594111.64 357297),POINT(594111.64 357297)
4e1c549c-5d4e-4b20-b08a-53cd258a39b4,e60088e9-cf94-4e41-ae65-a5390866b4b8,infra.huilerie_inventaire_pollution,ba0a3a8e-a805-475f-8177-14b907833d50,Non-connue 6,HUILERIE,9ba4d3de-1344-4769-842b-853a14ef1012,Non-connue 6,infra.huilerie_inventaire_pollution,0.0,0.925,HIGH_CONFIDENCE,DUPLICATE_EXACT,1,MANUAL_REVIEW_REQUIRED,distance=0.00m; nom=1.00; commune=1.00; priorite=5,#2563eb,check-circle,HIGH_CONFIDENCE,POINT(527798 361250),POINT(527798 361250),POINT(527798 361250),POINT(527798 361250)
1cc6e6b4-1a2c-4492-b6d4-ebc3843927ec,e60088e9-cf94-4e41-ae65-a5390866b4b8,infra.huilerie_inventaire_pollution,ce229ffa-ddfc-4149-b8ab-455d00aa7825,Nour,HUILERIE,7962727f-b430-4dd8-8b4f-c0f05dca02dd,Nour,infra.huilerie_inventaire_pollution,0.0,0.925,HIGH_CONFIDENCE,DUPLICATE_EXACT,1,MANUAL_REVIEW_REQUIRED,distance=0.00m; nom=1.00; commune=1.00; priorite=5,#2563eb,check-circle,HIGH_CONFIDENCE,POINT(619219 460027),POINT(619219 460027),POINT(619219 460027),POINT(619219 460027)
a6d3c38a-59ee-40a8-8329-0ea018f43f4a,e60088e9-cf94-4e41-ae65-a5390866b4b8,infra.huilerie_inventaire_pollution,04e6c029-314f-480f-af2d-10933b095599,OLEA FOOD,HUILERIE,4fb334c1-7c27-40c2-a79a-52d69cd76984,OLEA FOOD,infra.huilerie_inventaire_pollution,0.0,0.925,HIGH_CONFIDENCE,DUPLICATE_EXACT,1,MANUAL_REVIEW_REQUIRED,distance=0.00m; nom=1.00; commune=1.00; priorite=5,#2563eb,check-circle,HIGH_CONFIDENCE,POINT(504777 370284),POINT(504777 370284),POINT(504777 370284),POINT(504777 370284)
6635d544-db4a-4321-bf61-9521040aa70d,e60088e9-cf94-4e41-ae65-a5390866b4b8,infra.huilerie_inventaire_pollution,170ed4c4-69d8-4639-b024-c690d58c9ef9,OLEA SAISS,HUILERIE,96a8eb10-c5a6-45ba-abb9-fb5ecb2d30c8,OLEA SAISS,infra.huilerie_inventaire_pollution,0.0,0.925,HIGH_CONFIDENCE,DUPLICATE_EXACT,1,MANUAL_REVIEW_REQUIRED,distance=0.00m; nom=1.00; commune=1.00; priorite=5,#2563eb,check-circle,HIGH_CONFIDENCE,POINT(484749.95 375784.13),POINT(484749.95 375784.13),POINT(484749.95 375784.13),POINT(484749.95 375784.13)
b3120145-1d1c-496c-bebe-e8be4f708013,e60088e9-cf94-4e41-ae65-a5390866b4b8,infra.huilerie_inventaire_pollution,5d0ad6a0-d886-410d-8fc9-f4b9daa4a023,Omar ghizlan,HUILERIE,89a9a85e-d72f-43cd-99af-c945368fac07,Omar ghizlan,infra.huilerie_inventaire_pollution,0.0,0.925,HIGH_CONFIDENCE,DUPLICATE_EXACT,1,MANUAL_REVIEW_REQUIRED,distance=0.00m; nom=1.00; commune=1.00; priorite=5,#2563eb,check-circle,HIGH_CONFIDENCE,POINT(511013 375262),POINT(511013 375262),POINT(511013 375262),POINT(511013 375262)
7d3f63b8-695d-4967-8927-8f9e9a405744,e60088e9-cf94-4e41-ae65-a5390866b4b8,infra.huilerie_inventaire_pollution,23d21ba9-74ff-44ae-99a0-c22b134033a7,Omari Thami,HUILERIE,3a25f7af-3664-4a19-bcc9-32325dca413d,Omari Thami,infra.huilerie_inventaire_pollution,0.0,0.925,HIGH_CONFIDENCE,DUPLICATE_EXACT,1,MANUAL_REVIEW_REQUIRED,distance=0.00m; nom=1.00; commune=1.00; priorite=5,#2563eb,check-circle,HIGH_CONFIDENCE,POINT(494198.492 379374.897),POINT(494198.492 379374.897),POINT(494198.492 379374.897),POINT(494198.492 379374.897)
c7d11ddd-54a6-4d61-8d4f-eb1c2c3dee74,e60088e9-cf94-4e41-ae65-a5390866b4b8,infra.huilerie_inventaire_pollution,c852abdb-b393-4244-8f90-b2ebd6f57ba0,OUAKILI ABDESSAMAD,HUILERIE,a1b39b5f-072e-4573-8ebd-88068c7e683b,OUAKILI ABDESSAMAD,infra.huilerie_inventaire_pollution,0.0,0.925,HIGH_CONFIDENCE,DUPLICATE_EXACT,1,MANUAL_REVIEW_REQUIRED,distance=0.00m; nom=1.00; commune=1.00; priorite=5,#2563eb,check-circle,HIGH_CONFIDENCE,POINT(590544.81 363269.13),POINT(590544.81 363269.13),POINT(590544.81 363269.13),POINT(590544.81 363269.13)
019d71a6-d802-422d-aa78-8821a5acaf48,e60088e9-cf94-4e41-ae65-a5390866b4b8,infra.huilerie_inventaire_pollution,465ecdcd-f429-4f83-9809-825d88d77d37,Oudka,HUILERIE,d67cb4e9-4c48-454d-a4bb-e89f750b0388,Oudka,infra.huilerie_inventaire_pollution,0.0,0.925,HIGH_CONFIDENCE,DUPLICATE_EXACT,1,MANUAL_REVIEW_REQUIRED,distance=0.00m; nom=1.00; commune=1.00; priorite=5,#2563eb,check-circle,HIGH_CONFIDENCE,POINT(545492 449354),POINT(545492 449354),POINT(545492 449354),POINT(545492 449354)
359c9c0e-5a32-451d-b263-06222a893acf,e60088e9-cf94-4e41-ae65-a5390866b4b8,infra.huilerie_inventaire_pollution,fd70a2fb-772b-45ed-a067-10d20a7930fb,OUED NJA,HUILERIE,27013b4b-79d6-4596-8a1c-cb5401ecda5d,OUED NJA,infra.huilerie_inventaire_pollution,0.0,0.925,HIGH_CONFIDENCE,DUPLICATE_EXACT,1,MANUAL_REVIEW_REQUIRED,distance=0.00m; nom=1.00; commune=1.00; priorite=5,#2563eb,check-circle,HIGH_CONFIDENCE,POINT(519848 380646),POINT(519848 380646),POINT(519848 380646),POINT(519848 380646)
2315eac5-072f-4092-8809-1840bfee9449,e60088e9-cf94-4e41-ae65-a5390866b4b8,infra.huilerie_inventaire_pollution,4200e936-2e1d-4f78-8ba4-4a943839984d,Oulad zbair,HUILERIE,aab0a90e-0a2f-41f7-810c-2fbe38357184,Oulad zbair,infra.huilerie_inventaire_pollution,0.0,0.925,HIGH_CONFIDENCE,DUPLICATE_EXACT,1,MANUAL_REVIEW_REQUIRED,distance=0.00m; nom=1.00; commune=1.00; priorite=5,#2563eb,check-circle,HIGH_CONFIDENCE,POINT(598680 410181),POINT(598680 410181),POINT(598680 410181),POINT(598680 410181)
d4431ea2-5011-4291-b5f0-514d89ef61ac,e60088e9-cf94-4e41-ae65-a5390866b4b8,infra.huilerie_inventaire_pollution,0873b721-7b80-49ac-ab62-0032852dfd08,Ouled alien,HUILERIE,2bfef60e-203f-4c74-8e3f-eccef69ecc03,Ouled alien,infra.huilerie_inventaire_pollution,0.0,0.925,HIGH_CONFIDENCE,DUPLICATE_EXACT,1,MANUAL_REVIEW_REQUIRED,distance=0.00m; nom=1.00; commune=1.00; priorite=5,#2563eb,check-circle,HIGH_CONFIDENCE,POINT(571862 411142),POINT(571862 411142),POINT(571862 411142),POINT(571862 411142)
8387302a-7842-4fab-b92f-7b0da5b6d08c,e60088e9-cf94-4e41-ae65-a5390866b4b8,infra.huilerie_inventaire_pollution,90c8505f-3b0d-42f4-a883-8376a1a209d3,Rachid el ghoulami,HUILERIE,20a65182-a6ce-42e1-81fa-c5f57c97cecb,Rachid el ghoulami,infra.huilerie_inventaire_pollution,0.0,0.925,HIGH_CONFIDENCE,DUPLICATE_EXACT,1,MANUAL_REVIEW_REQUIRED,distance=0.00m; nom=1.00; commune=1.00; priorite=5,#2563eb,check-circle,HIGH_CONFIDENCE,POINT(541949 442967),POINT(541949 442967),POINT(541949 442967),POINT(541949 442967)
42221409-f678-4f55-b781-c90a4aa1ec30,e60088e9-cf94-4e41-ae65-a5390866b4b8,infra.huilerie_inventaire_pollution,e1628dcd-faac-4228-9c84-7daacf9002b6,REGRAGI BRAHIM,HUILERIE,253f6050-1375-4817-860a-ccdf2b409e9a,REGRAGI BRAHIM,infra.huilerie_inventaire_pollution,0.0,0.925,HIGH_CONFIDENCE,DUPLICATE_EXACT,1,MANUAL_REVIEW_REQUIRED,distance=0.00m; nom=1.00; commune=1.00; priorite=5,#2563eb,check-circle,HIGH_CONFIDENCE,POINT(552545.36 357595.12),POINT(552545.36 357595.12),POINT(552545.36 357595.12),POINT(552545.36 357595.12)
f5a90b4b-80d8-4943-ae48-ad8176380e35,e60088e9-cf94-4e41-ae65-a5390866b4b8,infra.huilerie_inventaire_pollution,2c34f77b-a124-4b29-a906-05e1e1349dd2,S.I.M.O.O,HUILERIE,edb4af25-0c0b-42be-8692-9a346c529a18,S.I.M.O.O,infra.huilerie_inventaire_pollution,0.0,0.925,HIGH_CONFIDENCE,DUPLICATE_EXACT,1,MANUAL_REVIEW_REQUIRED,distance=0.00m; nom=1.00; commune=1.00; priorite=5,#2563eb,check-circle,HIGH_CONFIDENCE,POINT(485262 466395),POINT(485262 466395),POINT(485262 466395),POINT(485262 466395)
0b894fde-2918-47dc-a0a2-1267e9234e25,e60088e9-cf94-4e41-ae65-a5390866b4b8,infra.huilerie_inventaire_pollution,afe62424-e63b-4739-b551-56b8fe55483a,Sabhok,HUILERIE,22515a1d-239d-4de8-8eca-0827f1abcb1b,Sabhok,infra.huilerie_inventaire_pollution,0.0,0.725,MEDIUM_CONFIDENCE,DUPLICATE_EXACT,1,MANUAL_REVIEW_REQUIRED,distance=0.00m; nom=1.00; commune=0.00; priorite=5,#f59e0b,alert-triangle,MEDIUM_CONFIDENCE,POINT(533715 382822),POINT(533715 382822),POINT(533715 382822),POINT(533715 382822)
6d11badf-b74b-440d-bc3c-75a15e9b1b42,e60088e9-cf94-4e41-ae65-a5390866b4b8,infra.huilerie_inventaire_pollution,6c1805ca-f58c-42ce-8174-ca34be9aa2f7,Scieté Zoyout Mjaara,HUILERIE,b2219be4-b06f-4e3d-b556-5d5070802442,Scieté Zoyout Mjaara,infra.huilerie_inventaire_pollution,0.0,0.925,HIGH_CONFIDENCE,DUPLICATE_EXACT,1,MANUAL_REVIEW_REQUIRED,distance=0.00m; nom=1.00; commune=1.00; priorite=5,#2563eb,check-circle,HIGH_CONFIDENCE,POINT(512241 453238),POINT(512241 453238),POINT(512241 453238),POINT(512241 453238)
e3cc5fc1-a531-4edc-8729-08afcc8b9926,e60088e9-cf94-4e41-ae65-a5390866b4b8,infra.huilerie_inventaire_pollution,7f62e644-c471-4144-93b4-348a71c94c23,Sebou,HUILERIE,74fa3afe-676c-484e-b833-14bb743ea149,Sebou,infra.huilerie_inventaire_pollution,0.0,0.925,HIGH_CONFIDENCE,DUPLICATE_EXACT,1,MANUAL_REVIEW_REQUIRED,distance=0.00m; nom=1.00; commune=1.00; priorite=5,#2563eb,check-circle,HIGH_CONFIDENCE,POINT(546495 369157),POINT(546495 369157),POINT(546495 369157),POINT(546495 369157)
da52f142-e67a-455d-a78b-0eff6baf9526,e60088e9-cf94-4e41-ae65-a5390866b4b8,infra.huilerie_inventaire_pollution,7995ab8b-54c0-48d3-a821-b21a83ad2f63,Semi-moderne,HUILERIE,3713dc14-4589-4d48-90ca-56bc594e0aa0,maasra Zaakour,infra.huilerie_inventaire_pollution,0.0,0.725,MEDIUM_CONFIDENCE,DUPLICATE_EXACT,1,MANUAL_REVIEW_REQUIRED,distance=0.00m; nom=0.00; commune=1.00; priorite=5,#f59e0b,alert-triangle,MEDIUM_CONFIDENCE,POINT(437390 355182),POINT(437390 355182),POINT(437390 355182),POINT(437390 355182)
cc8cbd87-4f98-43d3-8225-b7278a9ade16,e60088e9-cf94-4e41-ae65-a5390866b4b8,infra.huilerie_inventaire_pollution,2846d3f8-d8f0-48a1-bc8c-fb3cf6b407d1,SICOC 1,HUILERIE,6eee0d0c-daa6-4deb-bce8-a109b5ca5d22,SICOC 1,infra.huilerie_inventaire_pollution,0.0,0.725,MEDIUM_CONFIDENCE,DUPLICATE_EXACT,1,MANUAL_REVIEW_REQUIRED,distance=0.00m; nom=1.00; commune=0.00; priorite=5,#f59e0b,alert-triangle,MEDIUM_CONFIDENCE,POINT(533894 382933),POINT(533894 382933),POINT(533894 382933),POINT(533894 382933)
3f6a8f00-5b62-4f00-8bb5-bb0e84d0c9b1,e60088e9-cf94-4e41-ae65-a5390866b4b8,infra.huilerie_inventaire_pollution,05e164fe-58c4-4023-a646-3349d62c47de,SICOC 2,HUILERIE,5dc9fcdf-845d-4ecf-9c9b-b8ead1eed11d,SICOC 2,infra.huilerie_inventaire_pollution,0.0,0.725,MEDIUM_CONFIDENCE,DUPLICATE_EXACT,1,MANUAL_REVIEW_REQUIRED,distance=0.00m; nom=1.00; commune=0.00; priorite=5,#f59e0b,alert-triangle,MEDIUM_CONFIDENCE,POINT(533864 382832),POINT(533864 382832),POINT(533864 382832),POINT(533864 382832)
523b364f-ae54-483c-8bc8-ea15b78b2a75,e60088e9-cf94-4e41-ae65-a5390866b4b8,infra.huilerie_inventaire_pollution,ae73b68c-34eb-416a-a250-8934e7346dcf,Société des Huiles BAKALI,HUILERIE,9fdbe928-4c56-4976-91b2-76db5888751e,Société des Huiles BAKALI,infra.huilerie_inventaire_pollution,0.0,0.925,HIGH_CONFIDENCE,DUPLICATE_EXACT,1,MANUAL_REVIEW_REQUIRED,distance=0.00m; nom=1.00; commune=1.00; priorite=5,#2563eb,check-circle,HIGH_CONFIDENCE,POINT(540747 414800),POINT(540747 414800),POINT(540747 414800),POINT(540747 414800)
68d7b914-2e2a-4a1f-986e-c9f796d895a9,e60088e9-cf94-4e41-ae65-a5390866b4b8,infra.huilerie_inventaire_pollution,23b36973-21a3-4b2e-967c-cf703f5d8e9c,Sidi Bousber,HUILERIE,efd38c21-4d78-4771-a63b-0854015b6503,Sidi Bousber,infra.huilerie_inventaire_pollution,0.0,0.925,HIGH_CONFIDENCE,DUPLICATE_EXACT,1,MANUAL_REVIEW_REQUIRED,distance=0.00m; nom=1.00; commune=1.00; priorite=5,#2563eb,check-circle,HIGH_CONFIDENCE,POINT(504425.39 438667.79),POINT(504425.39 438667.79),POINT(504425.39 438667.79),POINT(504425.39 438667.79)
31bc1bbb-d3ab-4ee6-8319-d3b70b43b26d,e60088e9-cf94-4e41-ae65-a5390866b4b8,infra.huilerie_inventaire_pollution,f3754b5b-9fcc-4583-b988-b43a72ad08dd,Smimih,HUILERIE,8c1046e5-0cf9-4ccf-ab17-320bcc6472ae,Smimih,infra.huilerie_inventaire_pollution,0.0,0.925,HIGH_CONFIDENCE,DUPLICATE_EXACT,1,MANUAL_REVIEW_REQUIRED,distance=0.00m; nom=1.00; commune=1.00; priorite=5,#2563eb,check-circle,HIGH_CONFIDENCE,POINT(502067.26 465077.72),POINT(502067.26 465077.72),POINT(502067.26 465077.72),POINT(502067.26 465077.72)
1d78cead-21e2-4a3c-8340-c2416d3f5c8f,e60088e9-cf94-4e41-ae65-a5390866b4b8,infra.huilerie_inventaire_pollution,e608ec7d-ddde-4483-8e32-9d4c021691d5,Sni Messara,HUILERIE,ffc2fed2-9c0c-4ed5-bad1-702f61dc6bbb,Sni Messara,infra.huilerie_inventaire_pollution,0.0,0.925,HIGH_CONFIDENCE,DUPLICATE_EXACT,1,MANUAL_REVIEW_REQUIRED,distance=0.00m; nom=1.00; commune=1.00; priorite=5,#2563eb,check-circle,HIGH_CONFIDENCE,POINT(493379.93 452268.24),POINT(493379.93 452268.24),POINT(493379.93 452268.24),POINT(493379.93 452268.24)
2db5968d-77c3-44d7-897b-1be469ea3f49,e60088e9-cf94-4e41-ae65-a5390866b4b8,infra.huilerie_inventaire_pollution,4c353470-2453-44e4-8b45-d4dbd994d21b,Société  Zitoun,HUILERIE,fd4eedcc-a57c-4185-acff-b5474e361726,Société  Zitoun,infra.huilerie_inventaire_pollution,0.0,0.925,HIGH_CONFIDENCE,DUPLICATE_EXACT,1,MANUAL_REVIEW_REQUIRED,distance=0.00m; nom=1.00; commune=1.00; priorite=5,#2563eb,check-circle,HIGH_CONFIDENCE,POINT(561991 443983),POINT(561991 443983),POINT(561991 443983),POINT(561991 443983)
57cce766-5ab8-4316-9c29-9fe33a042c5c,e60088e9-cf94-4e41-ae65-a5390866b4b8,infra.huilerie_inventaire_pollution,5fa67778-9f8a-4c8e-abd2-4b6e8f71c61b,Société AHMIROU,HUILERIE,657aea9c-73bd-44ca-9d04-0b0bc552e0e8,Société AHMIROU,infra.huilerie_inventaire_pollution,0.0,0.925,HIGH_CONFIDENCE,DUPLICATE_EXACT,1,MANUAL_REVIEW_REQUIRED,distance=0.00m; nom=1.00; commune=1.00; priorite=5,#2563eb,check-circle,HIGH_CONFIDENCE,POINT(577534 442688),POINT(577534 442688),POINT(577534 442688),POINT(577534 442688)
6ac8f23c-4826-420c-b039-3a6ed549ade5,e60088e9-cf94-4e41-ae65-a5390866b4b8,infra.huilerie_inventaire_pollution,3bde94ad-a4c6-4fae-ac89-85fd097088c8,Société AHMIROU,HUILERIE,3ed83482-3632-454e-8fc6-ca36dc7d0529,Société AHMIROU,infra.huilerie_inventaire_pollution,0.0,0.925,HIGH_CONFIDENCE,DUPLICATE_EXACT,1,MANUAL_REVIEW_REQUIRED,distance=0.00m; nom=1.00; commune=1.00; priorite=5,#2563eb,check-circle,HIGH_CONFIDENCE,POINT(534601 452915),POINT(534601 452915),POINT(534601 452915),POINT(534601 452915)
345524bd-674e-49d8-887f-7c055cfd4765,e60088e9-cf94-4e41-ae65-a5390866b4b8,infra.huilerie_inventaire_pollution,c4d73eff-7302-4d69-8bc6-c6d36404f6bf,Société BOUSTANE LEMTA,HUILERIE,0e1eee65-fe66-427e-9a01-1f2595339182,Société BOUSTANE LEMTA,infra.huilerie_inventaire_pollution,0.0,0.925,HIGH_CONFIDENCE,DUPLICATE_EXACT,1,MANUAL_REVIEW_REQUIRED,distance=0.00m; nom=1.00; commune=1.00; priorite=5,#2563eb,check-circle,HIGH_CONFIDENCE,POINT(534252 391683),POINT(534252 391683),POINT(534252 391683),POINT(534252 391683)
d2edf13f-a9c7-4375-9e4b-7f6159f72964,e60088e9-cf94-4e41-ae65-a5390866b4b8,infra.huilerie_inventaire_pollution,dcc64ff6-28b8-48be-a212-c063698e12f5,Société HIHI,HUILERIE,7009aa34-aed6-4029-8b37-af3c8fb18696,Société HIHI,infra.huilerie_inventaire_pollution,0.0,0.925,HIGH_CONFIDENCE,DUPLICATE_EXACT,1,MANUAL_REVIEW_REQUIRED,distance=0.00m; nom=1.00; commune=1.00; priorite=5,#2563eb,check-circle,HIGH_CONFIDENCE,POINT(565351 429531),POINT(565351 429531),POINT(565351 429531),POINT(565351 429531)
b4fb12db-e3ec-4a68-b8ba-4d86c92073cb,e60088e9-cf94-4e41-ae65-a5390866b4b8,infra.huilerie_inventaire_pollution,213549a5-4905-4ac9-8821-72833dd34d36,SOCIETE HSBC,HUILERIE,e93aae6f-f7cf-4980-b997-026fc9b0b3de,SOCIETE HSBC,infra.huilerie_inventaire_pollution,0.0,0.925,HIGH_CONFIDENCE,DUPLICATE_EXACT,1,MANUAL_REVIEW_REQUIRED,distance=0.00m; nom=1.00; commune=1.00; priorite=5,#2563eb,check-circle,HIGH_CONFIDENCE,POINT(516432.55 372509.82),POINT(516432.55 372509.82),POINT(516432.55 372509.82),POINT(516432.55 372509.82)
fe605357-8927-4d88-979a-c4a47a9f4fec,e60088e9-cf94-4e41-ae65-a5390866b4b8,infra.huilerie_inventaire_pollution,d4687aa7-753a-4a3c-b2a0-981db310c0df,Société Huilerie el fahssi,HUILERIE,cc61e112-02b7-4170-ac7c-d3d2f482caf6,Société Huilerie el fahssi,infra.huilerie_inventaire_pollution,0.0,0.925,HIGH_CONFIDENCE,DUPLICATE_EXACT,1,MANUAL_REVIEW_REQUIRED,distance=0.00m; nom=1.00; commune=1.00; priorite=5,#2563eb,check-circle,HIGH_CONFIDENCE,POINT(543712 449432),POINT(543712 449432),POINT(543712 449432),POINT(543712 449432)
e987e179-1ca7-4ada-bea7-9bd12330e35d,e60088e9-cf94-4e41-ae65-a5390866b4b8,infra.huilerie_inventaire_pollution,2d7eba00-dade-48b7-92c2-0f455330b5d0,Société Huilerie Galaz,HUILERIE,90cff753-118b-4e54-89ce-6d8906805c9a,Société Huilerie Galaz,infra.huilerie_inventaire_pollution,0.0,0.925,HIGH_CONFIDENCE,DUPLICATE_EXACT,1,MANUAL_REVIEW_REQUIRED,distance=0.00m; nom=1.00; commune=1.00; priorite=5,#2563eb,check-circle,HIGH_CONFIDENCE,POINT(555321 437819),POINT(555321 437819),POINT(555321 437819),POINT(555321 437819)
d1c54fb6-7b65-4c45-a52f-baddf0ed39d1,e60088e9-cf94-4e41-ae65-a5390866b4b8,infra.huilerie_inventaire_pollution,89b40154-e8ed-4744-9056-8af944940469,Société Jnan Zitoun,HUILERIE,6dcf7611-0613-4eab-8df4-e27963999481,Société Jnan Zitoun,infra.huilerie_inventaire_pollution,0.0,0.925,HIGH_CONFIDENCE,DUPLICATE_EXACT,1,MANUAL_REVIEW_REQUIRED,distance=0.00m; nom=1.00; commune=1.00; priorite=5,#2563eb,check-circle,HIGH_CONFIDENCE,POINT(563493 443482),POINT(563493 443482),POINT(563493 443482),POINT(563493 443482)
339aa1a9-83ea-4922-85ca-e5dd4a79596e,e60088e9-cf94-4e41-ae65-a5390866b4b8,infra.huilerie_inventaire_pollution,aed73444-3bef-4c01-987e-7e2200addcb4,SOCIETE L'OLEASTRE,HUILERIE,43528815-00c1-48e7-934f-f290ae228672,SOCIETE L'OLEASTRE,infra.huilerie_inventaire_pollution,0.0,0.925,HIGH_CONFIDENCE,DUPLICATE_EXACT,1,MANUAL_REVIEW_REQUIRED,distance=0.00m; nom=1.00; commune=1.00; priorite=5,#2563eb,check-circle,HIGH_CONFIDENCE,POINT(484968.17 377315.05),POINT(484968.17 377315.05),POINT(484968.17 377315.05),POINT(484968.17 377315.05)
6044c968-e1e2-4dfd-a23b-444ef6590f93,e60088e9-cf94-4e41-ae65-a5390866b4b8,infra.huilerie_inventaire_pollution,5cbef47c-f4ed-404b-87fc-16c5eb52fe2a,Société Maghnaoui,HUILERIE,bc1e20c4-a266-4ddd-88cb-611aedd39087,Société Maghnaoui,infra.huilerie_inventaire_pollution,0.0,0.925,HIGH_CONFIDENCE,DUPLICATE_EXACT,1,MANUAL_REVIEW_REQUIRED,distance=0.00m; nom=1.00; commune=1.00; priorite=5,#2563eb,check-circle,HIGH_CONFIDENCE,POINT(577896 442392),POINT(577896 442392),POINT(577896 442392),POINT(577896 442392)
9c7b65f5-2cfc-4a10-9a10-c8a91c1c6cea,e60088e9-cf94-4e41-ae65-a5390866b4b8,infra.huilerie_inventaire_pollution,640db752-74b1-4964-ad48-4c82686a97ea,SOCIETE NORA,HUILERIE,2ab742ab-ef1d-47f3-9b4d-945ded034222,SOCIETE NORA,infra.huilerie_inventaire_pollution,0.0,0.925,HIGH_CONFIDENCE,DUPLICATE_EXACT,1,MANUAL_REVIEW_REQUIRED,distance=0.00m; nom=1.00; commune=1.00; priorite=5,#2563eb,check-circle,HIGH_CONFIDENCE,POINT(502227 366828),POINT(502227 366828),POINT(502227 366828),POINT(502227 366828)
9f0fc45a-5245-41c0-824b-71dc500ec1ea,e60088e9-cf94-4e41-ae65-a5390866b4b8,infra.huilerie_inventaire_pollution,ceb15113-d483-469c-9ef4-fa6f2b0fcf6c,societe oudka,HUILERIE,1c520727-5a18-44ce-83fd-db306c80df7e,societe oudka,infra.huilerie_inventaire_pollution,0.0,0.925,HIGH_CONFIDENCE,DUPLICATE_EXACT,1,MANUAL_REVIEW_REQUIRED,distance=0.00m; nom=1.00; commune=1.00; priorite=5,#2563eb,check-circle,HIGH_CONFIDENCE,POINT(543851 448681),POINT(543851 448681),POINT(543851 448681),POINT(543851 448681)
cee07716-3ae6-4b31-a171-09bc61145c56,e60088e9-cf94-4e41-ae65-a5390866b4b8,infra.huilerie_inventaire_pollution,b1efbf25-9926-4d49-b2d8-4b88d89f0b6f,Société Ouled Anajate,HUILERIE,8b72a167-17e9-4b5c-978d-2b7f21d6decf,Société Ouled Anajate,infra.huilerie_inventaire_pollution,0.0,0.925,HIGH_CONFIDENCE,DUPLICATE_EXACT,1,MANUAL_REVIEW_REQUIRED,distance=0.00m; nom=1.00; commune=1.00; priorite=5,#2563eb,check-circle,HIGH_CONFIDENCE,POINT(515568.08 376238.98),POINT(515568.08 376238.98),POINT(515568.08 376238.98),POINT(515568.08 376238.98)
4e6c46fb-672d-4088-ad59-bc621370833f,e60088e9-cf94-4e41-ae65-a5390866b4b8,infra.huilerie_inventaire_pollution,5bdd1fd2-0b68-4622-84b5-9b76f71bf381,Societé Zoyoute Alwahda,HUILERIE,4dc97b60-c0b2-4ed3-8698-6c9f2a8f6475,Societé Zoyoute Alwahda,infra.huilerie_inventaire_pollution,0.0,0.925,HIGH_CONFIDENCE,DUPLICATE_EXACT,1,MANUAL_REVIEW_REQUIRED,distance=0.00m; nom=1.00; commune=1.00; priorite=5,#2563eb,check-circle,HIGH_CONFIDENCE,POINT(517818 446343),POINT(517818 446343),POINT(517818 446343),POINT(517818 446343)
379cf99c-d853-4db0-95af-9b3f7bf8eeac,e60088e9-cf94-4e41-ae65-a5390866b4b8,infra.huilerie_inventaire_pollution,d12a73bc-e3d2-43b4-a191-c67d9d07f535,sohna1,HUILERIE,7a560c6b-1342-458b-b936-b178b98485e9,sohna1,infra.huilerie_inventaire_pollution,0.0,0.725,MEDIUM_CONFIDENCE,DUPLICATE_EXACT,1,MANUAL_REVIEW_REQUIRED,distance=0.00m; nom=1.00; commune=0.00; priorite=5,#f59e0b,alert-triangle,MEDIUM_CONFIDENCE,POINT(533850 382743),POINT(533850 382743),POINT(533850 382743),POINT(533850 382743)
04062e94-6dd3-496a-b9b6-817441640602,e60088e9-cf94-4e41-ae65-a5390866b4b8,infra.huilerie_inventaire_pollution,39d17c5f-2cb6-445b-860a-84cbc0577e1a,sohna2,HUILERIE,f3673005-fe22-4b9d-9123-5f4e366f5f29,sohna2,infra.huilerie_inventaire_pollution,0.0,0.725,MEDIUM_CONFIDENCE,DUPLICATE_EXACT,1,MANUAL_REVIEW_REQUIRED,distance=0.00m; nom=1.00; commune=0.00; priorite=5,#f59e0b,alert-triangle,MEDIUM_CONFIDENCE,POINT(533843 382708),POINT(533843 382708),POINT(533843 382708),POINT(533843 382708)
197e078a-59b4-43b6-864a-f9bbe93be27e,e60088e9-cf94-4e41-ae65-a5390866b4b8,infra.huilerie_inventaire_pollution,744782c3-248f-44ef-b1ee-498e4ca66ebd,STE .BOUIBLANE,HUILERIE,ab7e9b52-1d4a-48c0-b611-fc35274c05bb,STE .BOUIBLANE,infra.huilerie_inventaire_pollution,0.0,0.925,HIGH_CONFIDENCE,DUPLICATE_EXACT,1,MANUAL_REVIEW_REQUIRED,distance=0.00m; nom=1.00; commune=1.00; priorite=5,#2563eb,check-circle,HIGH_CONFIDENCE,POINT(592548 347119),POINT(592548 347119),POINT(592548 347119),POINT(592548 347119)
72d4a74e-66c0-41e7-bacc-116f6b9bfc88,e60088e9-cf94-4e41-ae65-a5390866b4b8,infra.huilerie_inventaire_pollution,f1ef484a-8cfd-4676-809f-900d731c7370,Ste Abbas ben Makhlouf,HUILERIE,4e68ea89-f5b0-43a1-91e6-e31be3cc3033,Ste Abbas ben Makhlouf,infra.huilerie_inventaire_pollution,0.0,0.725,MEDIUM_CONFIDENCE,DUPLICATE_EXACT,1,MANUAL_REVIEW_REQUIRED,distance=0.00m; nom=1.00; commune=0.00; priorite=5,#f59e0b,alert-triangle,MEDIUM_CONFIDENCE,POINT(533723 382858),POINT(533723 382858),POINT(533723 382858),POINT(533723 382858)
9c6786b8-4ee9-4c8a-abb3-dc40f7a7e25c,e60088e9-cf94-4e41-ae65-a5390866b4b8,infra.huilerie_inventaire_pollution,c95015d0-225b-4103-9642-5b148f78b080,Sté agard,HUILERIE,21659462-92e7-48c9-8491-1f8e47abe89c,Sté agard,infra.huilerie_inventaire_pollution,0.0,0.925,HIGH_CONFIDENCE,DUPLICATE_EXACT,1,MANUAL_REVIEW_REQUIRED,distance=0.00m; nom=1.00; commune=1.00; priorite=5,#2563eb,check-circle,HIGH_CONFIDENCE,POINT(560512 368872),POINT(560512 368872),POINT(560512 368872),POINT(560512 368872)
838c37de-adc1-4ddb-8810-863efe4ce1c9,e60088e9-cf94-4e41-ae65-a5390866b4b8,infra.huilerie_inventaire_pollution,8336a7e6-0af6-4041-9b17-e2251b9247a3,Sté agrolia,HUILERIE,26b97f12-2549-41e7-98d1-654af0b65a09,Sté agrolia,infra.huilerie_inventaire_pollution,0.0,0.925,HIGH_CONFIDENCE,DUPLICATE_EXACT,1,MANUAL_REVIEW_REQUIRED,distance=0.00m; nom=1.00; commune=1.00; priorite=5,#2563eb,check-circle,HIGH_CONFIDENCE,POINT(563123 367676),POINT(563123 367676),POINT(563123 367676),POINT(563123 367676)
0853bd52-e07c-4878-9f15-148b082f4d8e,e60088e9-cf94-4e41-ae65-a5390866b4b8,infra.huilerie_inventaire_pollution,6aa496f7-3131-4c8c-b560-fb358f92d808,Ste Al Houda,HUILERIE,0510b632-f6dc-4ba8-a265-8dc21a9015a5,Ste Al Houda,infra.huilerie_inventaire_pollution,0.0,0.725,MEDIUM_CONFIDENCE,DUPLICATE_EXACT,1,MANUAL_REVIEW_REQUIRED,distance=0.00m; nom=1.00; commune=0.00; priorite=5,#f59e0b,alert-triangle,MEDIUM_CONFIDENCE,POINT(533830 382784),POINT(533830 382784),POINT(533830 382784),POINT(533830 382784)
5fa4e438-9e7d-48d8-8f20-fd4198987507,e60088e9-cf94-4e41-ae65-a5390866b4b8,infra.huilerie_inventaire_pollution,fed66e9f-916e-4927-8c13-e5d8beac9840,Ste Alaoui mdaghri,HUILERIE,dc8a6ae4-f6f8-4d82-86ab-cb1f74cb0661,Ste Alaoui mdaghri,infra.huilerie_inventaire_pollution,0.0,0.725,MEDIUM_CONFIDENCE,DUPLICATE_EXACT,1,MANUAL_REVIEW_REQUIRED,distance=0.00m; nom=1.00; commune=0.00; priorite=5,#f59e0b,alert-triangle,MEDIUM_CONFIDENCE,POINT(533686 382843),POINT(533686 382843),POINT(533686 382843),POINT(533686 382843)
8fcfbda9-b366-442a-bb28-334665c4a7cb,e60088e9-cf94-4e41-ae65-a5390866b4b8,infra.huilerie_inventaire_pollution,fa660bea-2662-42db-a9e1-186a6725a950,STE Annasere,HUILERIE,325a92bd-41ea-47ff-b429-d1edabbf5411,STE Annasere,infra.huilerie_inventaire_pollution,0.0,0.725,MEDIUM_CONFIDENCE,DUPLICATE_EXACT,1,MANUAL_REVIEW_REQUIRED,distance=0.00m; nom=1.00; commune=0.00; priorite=5,#f59e0b,alert-triangle,MEDIUM_CONFIDENCE,POINT(533694 382703),POINT(533694 382703),POINT(533694 382703),POINT(533694 382703)
dbb8dcd1-1b77-4bd0-b7d1-b32f3ef05ddd,e60088e9-cf94-4e41-ae65-a5390866b4b8,infra.huilerie_inventaire_pollution,fa984d94-f50b-40e9-9d79-3ee4f9e4f50e,Ste Bouayad et fils,HUILERIE,f219dc89-d501-4604-a878-35c1cf736132,Ste Bouayad et fils,infra.huilerie_inventaire_pollution,0.0,0.725,MEDIUM_CONFIDENCE,DUPLICATE_EXACT,1,MANUAL_REVIEW_REQUIRED,distance=0.00m; nom=1.00; commune=0.00; priorite=5,#f59e0b,alert-triangle,MEDIUM_CONFIDENCE,POINT(536195 380807),POINT(536195 380807),POINT(536195 380807),POINT(536195 380807)
9368beb0-e823-4124-bc59-f94992457f87,e60088e9-cf94-4e41-ae65-a5390866b4b8,infra.huilerie_inventaire_pollution,56ff72ed-9b91-4103-a3d7-9ea47f336399,Sté chajara moubaraka,HUILERIE,0def6a1f-dd31-4f08-82e9-daf770363ff2,Sté chajara moubaraka,infra.huilerie_inventaire_pollution,0.0,0.925,HIGH_CONFIDENCE,DUPLICATE_EXACT,1,MANUAL_REVIEW_REQUIRED,distance=0.00m; nom=1.00; commune=1.00; priorite=5,#2563eb,check-circle,HIGH_CONFIDENCE,POINT(617766 413418),POINT(617766 413418),POINT(617766 413418),POINT(617766 413418)
bd2d6a02-e6cb-47cb-a5fa-06ffdaa0ae0f,e60088e9-cf94-4e41-ae65-a5390866b4b8,infra.huilerie_inventaire_pollution,64a32a1a-f1df-4ac3-a3d7-8e8b901097fc,Sté ech-echouti,HUILERIE,a25e8724-113c-4f95-8592-f9956fc3c1fe,Sté ech-echouti,infra.huilerie_inventaire_pollution,0.0,0.925,HIGH_CONFIDENCE,DUPLICATE_EXACT,1,MANUAL_REVIEW_REQUIRED,distance=0.00m; nom=1.00; commune=1.00; priorite=5,#2563eb,check-circle,HIGH_CONFIDENCE,POINT(554355 380849),POINT(554355 380849),POINT(554355 380849),POINT(554355 380849)
c3fc936e-f3b1-4fe1-9aad-48033b1cfa87,e60088e9-cf94-4e41-ae65-a5390866b4b8,infra.huilerie_inventaire_pollution,f74e0bb4-669d-449f-b513-d9ab8d55a287,Sté ezzahouani,HUILERIE,0b071fa1-ea62-423d-8063-c3f79319e268,Sté ezzahouani,infra.huilerie_inventaire_pollution,0.0,0.925,HIGH_CONFIDENCE,DUPLICATE_EXACT,1,MANUAL_REVIEW_REQUIRED,distance=0.00m; nom=1.00; commune=1.00; priorite=5,#2563eb,check-circle,HIGH_CONFIDENCE,POINT(560081 365515),POINT(560081 365515),POINT(560081 365515),POINT(560081 365515)
fdab8b94-8e5c-4b09-b3b3-a4b8ee3503d6,e60088e9-cf94-4e41-ae65-a5390866b4b8,infra.huilerie_inventaire_pollution,e230ad1b-49e1-4412-ba60-7462a6068647,Sté foukar,HUILERIE,6ca8ffa0-fb6e-446d-8282-f9730e4c2c64,Sté foukar,infra.huilerie_inventaire_pollution,0.0,0.925,HIGH_CONFIDENCE,DUPLICATE_EXACT,1,MANUAL_REVIEW_REQUIRED,distance=0.00m; nom=1.00; commune=1.00; priorite=5,#2563eb,check-circle,HIGH_CONFIDENCE,POINT(613403 419997),POINT(613403 419997),POINT(613403 419997),POINT(613403 419997)
626e052f-142d-4510-99e6-b58a53c35452,e60088e9-cf94-4e41-ae65-a5390866b4b8,infra.huilerie_inventaire_pollution,1b2243f2-dfda-4a1c-8e88-f59073839aac,Ste Hawd,HUILERIE,a377460c-b728-48d8-b067-b893fd8ebc85,Ste Hawd,infra.huilerie_inventaire_pollution,0.0,0.925,HIGH_CONFIDENCE,DUPLICATE_EXACT,1,MANUAL_REVIEW_REQUIRED,distance=0.00m; nom=1.00; commune=1.00; priorite=5,#2563eb,check-circle,HIGH_CONFIDENCE,POINT(504372.28 438760.37),POINT(504372.28 438760.37),POINT(504372.28 438760.37),POINT(504372.28 438760.37)
eeefa128-bd3f-4065-acf7-e53d7bd82b0c,e60088e9-cf94-4e41-ae65-a5390866b4b8,infra.huilerie_inventaire_pollution,adff7bfb-beef-4491-8664-ab1a72b9fdb4,Sté huile d'olive,HUILERIE,57c80642-d693-4c21-aae6-6854c8a65648,Sté huile d'olive,infra.huilerie_inventaire_pollution,0.0,0.925,HIGH_CONFIDENCE,DUPLICATE_EXACT,1,MANUAL_REVIEW_REQUIRED,distance=0.00m; nom=1.00; commune=1.00; priorite=5,#2563eb,check-circle,HIGH_CONFIDENCE,POINT(590193 427221),POINT(590193 427221),POINT(590193 427221),POINT(590193 427221)
4b3ae92f-8028-4b4a-aae6-01e4ddc1becb,e60088e9-cf94-4e41-ae65-a5390866b4b8,infra.huilerie_inventaire_pollution,d25553b1-c83d-4389-a31d-14eb3954387f,Ste Huile d'olive des produits de terroir,HUILERIE,b566ee6e-7401-414f-8c67-fb5781dd0d81,Ste Huile d'olive des produits de terroir,infra.huilerie_inventaire_pollution,0.0,0.925,HIGH_CONFIDENCE,DUPLICATE_EXACT,1,MANUAL_REVIEW_REQUIRED,distance=0.00m; nom=1.00; commune=1.00; priorite=5,#2563eb,check-circle,HIGH_CONFIDENCE,POINT(486763.98 461951.69),POINT(486763.98 461951.69),POINT(486763.98 461951.69),POINT(486763.98 461951.69)
5131b5f9-cdab-42f1-974c-c07485cfed5e,e60088e9-cf94-4e41-ae65-a5390866b4b8,infra.huilerie_inventaire_pollution,cb82380d-8a23-4c30-9c16-6fa31cae3662,Ste Huillerie Dalila,HUILERIE,163544a2-145a-46bd-b391-e7a181fda013,Ste Huillerie Dalila,infra.huilerie_inventaire_pollution,0.0,0.925,HIGH_CONFIDENCE,DUPLICATE_EXACT,1,MANUAL_REVIEW_REQUIRED,distance=0.00m; nom=1.00; commune=1.00; priorite=5,#2563eb,check-circle,HIGH_CONFIDENCE,POINT(518169.06 460880.05),POINT(518169.06 460880.05),POINT(518169.06 460880.05),POINT(518169.06 460880.05)
bf35d62f-6f6f-4bca-bc9d-a520e2d3d7f4,e60088e9-cf94-4e41-ae65-a5390866b4b8,infra.huilerie_inventaire_pollution,8c4d69cf-8fe1-4f50-a710-af69132f398d,Sté johako,HUILERIE,97511e7f-0331-4933-ba12-f5fd7da43a61,Sté johako,infra.huilerie_inventaire_pollution,0.0,0.925,HIGH_CONFIDENCE,DUPLICATE_EXACT,1,MANUAL_REVIEW_REQUIRED,distance=0.00m; nom=1.00; commune=1.00; priorite=5,#2563eb,check-circle,HIGH_CONFIDENCE,POINT(612858 468886),POINT(612858 468886),POINT(612858 468886),POINT(612858 468886)
f83f1b6a-76a0-43d8-bb01-02eedfc267cf,e60088e9-cf94-4e41-ae65-a5390866b4b8,infra.huilerie_inventaire_pollution,1da9021c-0491-4362-bc94-5d4280adffa4,Ste kenza amour et fils -SKAEF-,HUILERIE,04fda84a-3599-44b9-b7cd-5c840aa358ff,Ste kenza amour et fils -SKAEF-,infra.huilerie_inventaire_pollution,0.0,0.725,MEDIUM_CONFIDENCE,DUPLICATE_EXACT,1,MANUAL_REVIEW_REQUIRED,distance=0.00m; nom=1.00; commune=0.00; priorite=5,#f59e0b,alert-triangle,MEDIUM_CONFIDENCE,POINT(533888 382914),POINT(533888 382914),POINT(533888 382914),POINT(533888 382914)
81113528-fb26-425c-85d7-6b2f16c168cc,e60088e9-cf94-4e41-ae65-a5390866b4b8,infra.huilerie_inventaire_pollution,3ff19bf0-fc49-4792-83f5-60c3a5c46c6b,Ste LARABI,HUILERIE,17c1b4b9-8b52-4394-b16a-7f2d3fd9a316,Ste LARABI,infra.huilerie_inventaire_pollution,0.0,0.725,MEDIUM_CONFIDENCE,DUPLICATE_EXACT,1,MANUAL_REVIEW_REQUIRED,distance=0.00m; nom=1.00; commune=0.00; priorite=5,#f59e0b,alert-triangle,MEDIUM_CONFIDENCE,POINT(534421 382930),POINT(534421 382930),POINT(534421 382930),POINT(534421 382930)
a90df012-afe2-4798-8ed7-fbe0303e8b87,e60088e9-cf94-4e41-ae65-a5390866b4b8,infra.huilerie_inventaire_pollution,a4a1986a-c5d9-4ec8-b7f0-7c18d1965b8e,Ste MEDAGRO,HUILERIE,a897b614-1afb-4bd8-9537-585a2dc91032,Ste MEDAGRO,infra.huilerie_inventaire_pollution,0.0,0.725,MEDIUM_CONFIDENCE,DUPLICATE_EXACT,1,MANUAL_REVIEW_REQUIRED,distance=0.00m; nom=1.00; commune=0.00; priorite=5,#f59e0b,alert-triangle,MEDIUM_CONFIDENCE,POINT(533857 382733),POINT(533857 382733),POINT(533857 382733),POINT(533857 382733)
d3a8a955-b26f-4448-a5f7-0420ee317304,e60088e9-cf94-4e41-ae65-a5390866b4b8,infra.huilerie_inventaire_pollution,39619ee1-468e-479c-99d2-5a0a3684e11f,Ste pro négoce said,HUILERIE,50e61087-35c9-452a-9e8c-777d1bc5750e,Ste pro négoce said,infra.huilerie_inventaire_pollution,0.0,0.725,MEDIUM_CONFIDENCE,DUPLICATE_EXACT,1,MANUAL_REVIEW_REQUIRED,distance=0.00m; nom=1.00; commune=0.00; priorite=5,#f59e0b,alert-triangle,MEDIUM_CONFIDENCE,POINT(534369 382692),POINT(534369 382692),POINT(534369 382692),POINT(534369 382692)
c27545c3-1596-4e1c-aa50-ba48b2245072,e60088e9-cf94-4e41-ae65-a5390866b4b8,infra.huilerie_inventaire_pollution,68ed5074-2bb4-45d4-9c63-c976b21bb4c4,Ste SONEPRA,HUILERIE,3bbef397-dc02-4f96-b746-d176a93542f9,Ste SONEPRA,infra.huilerie_inventaire_pollution,0.0,0.925,HIGH_CONFIDENCE,DUPLICATE_EXACT,1,MANUAL_REVIEW_REQUIRED,distance=0.00m; nom=1.00; commune=1.00; priorite=5,#2563eb,check-circle,HIGH_CONFIDENCE,POINT(497709.2 391335.92),POINT(497709.2 391335.92),POINT(497709.2 391335.92),POINT(497709.2 391335.92)
14b07b5f-8709-4ef6-9c8f-fb7809c61b7d,e60088e9-cf94-4e41-ae65-a5390866b4b8,infra.huilerie_inventaire_pollution,518caa13-d536-4dde-8d72-38a0daed85a0,Sté taiba huiles,HUILERIE,c2fd620b-f424-4aff-b36a-72ae3dfad573,Sté taiba huiles,infra.huilerie_inventaire_pollution,0.0,0.925,HIGH_CONFIDENCE,DUPLICATE_EXACT,1,MANUAL_REVIEW_REQUIRED,distance=0.00m; nom=1.00; commune=1.00; priorite=5,#2563eb,check-circle,HIGH_CONFIDENCE,POINT(566658 376292),POINT(566658 376292),POINT(566658 376292),POINT(566658 376292)
44746e72-e503-40d6-9a28-a7add4e4f846,e60088e9-cf94-4e41-ae65-a5390866b4b8,infra.huilerie_inventaire_pollution,add4e150-4111-4455-83f0-70ea78049ef2,Sté wafa,HUILERIE,44c70989-5b3c-473e-8d1d-b3fe2ef935fe,Sté wafa,infra.huilerie_inventaire_pollution,0.0,0.925,HIGH_CONFIDENCE,DUPLICATE_EXACT,1,MANUAL_REVIEW_REQUIRED,distance=0.00m; nom=1.00; commune=1.00; priorite=5,#2563eb,check-circle,HIGH_CONFIDENCE,POINT(622141 404505),POINT(622141 404505),POINT(622141 404505),POINT(622141 404505)
c4c66aa8-f81f-426a-acc3-62faf0c01931,e60088e9-cf94-4e41-ae65-a5390866b4b8,infra.huilerie_inventaire_pollution,621ecc6c-2b6d-4d94-89fe-3ddfdd4844c8,"STE,ZOYOUT MABROUKA",HUILERIE,930dc301-8e55-4819-b905-18577a2026c4,"STE,ZOYOUT MABROUKA",infra.huilerie_inventaire_pollution,0.0,0.925,HIGH_CONFIDENCE,DUPLICATE_EXACT,1,MANUAL_REVIEW_REQUIRED,distance=0.00m; nom=1.00; commune=1.00; priorite=5,#2563eb,check-circle,HIGH_CONFIDENCE,POINT(529031 361543),POINT(529031 361543),POINT(529031 361543),POINT(529031 361543)
f8d0e706-e8db-4102-b57b-2bb692a85a5a,e60088e9-cf94-4e41-ae65-a5390866b4b8,infra.huilerie_inventaire_pollution,18da2c13-5ba0-4839-92c1-0c34c577cdec,STE.HOLDING DE TRAITEMENT D'OLIVE,HUILERIE,2db962ed-b31c-47a9-acad-105cfdbaca12,STE.HOLDING DE TRAITEMENT D'OLIVE,infra.huilerie_inventaire_pollution,0.0,0.925,HIGH_CONFIDENCE,DUPLICATE_EXACT,1,MANUAL_REVIEW_REQUIRED,distance=0.00m; nom=1.00; commune=1.00; priorite=5,#2563eb,check-circle,HIGH_CONFIDENCE,POINT(500677.73 343690.86),POINT(500677.73 343690.86),POINT(500677.73 343690.86),POINT(500677.73 343690.86)
5c4a69c6-d6f9-4fe9-920f-9acc47fcbd67,e60088e9-cf94-4e41-ae65-a5390866b4b8,infra.huilerie_inventaire_pollution,21471e96-d637-4a0d-ab02-8791feb7eb2c,STE.MABROUKA CHAYMA(ADBAR),HUILERIE,b39a1804-d79a-4101-afe1-91c5ada4d78b,STE.MABROUKA CHAYMA(ADBAR),infra.huilerie_inventaire_pollution,0.0,0.925,HIGH_CONFIDENCE,DUPLICATE_EXACT,1,MANUAL_REVIEW_REQUIRED,distance=0.00m; nom=1.00; commune=1.00; priorite=5,#2563eb,check-circle,HIGH_CONFIDENCE,POINT(471088.86 353836.69),POINT(471088.86 353836.69),POINT(471088.86 353836.69),POINT(471088.86 353836.69)
70f5d87f-cf5a-4452-a89f-78bfcb17aff4,e60088e9-cf94-4e41-ae65-a5390866b4b8,infra.huilerie_inventaire_pollution,38bf9ed7-9186-43d0-982b-0e9742a8cd72,STE.OLIVIER NORD,HUILERIE,a79614df-4685-4116-9a2f-3541dc522632,STE.OLIVIER NORD,infra.huilerie_inventaire_pollution,0.0,0.925,HIGH_CONFIDENCE,DUPLICATE_EXACT,1,MANUAL_REVIEW_REQUIRED,distance=0.00m; nom=1.00; commune=1.00; priorite=5,#2563eb,check-circle,HIGH_CONFIDENCE,POINT(580549.29 357188.76),POINT(580549.29 357188.76),POINT(580549.29 357188.76),POINT(580549.29 357188.76)
251306ad-685e-4f46-a961-2cde39b61fb6,e60088e9-cf94-4e41-ae65-a5390866b4b8,infra.huilerie_inventaire_pollution,12ae8874-1ead-4eaa-b538-737059c61442,SVCM,HUILERIE,1e7bd290-3da8-4b33-9ec0-a0d6a1cd4b80,SVCM,infra.huilerie_inventaire_pollution,0.0,0.925,HIGH_CONFIDENCE,DUPLICATE_EXACT,1,MANUAL_REVIEW_REQUIRED,distance=0.00m; nom=1.00; commune=1.00; priorite=5,#2563eb,check-circle,HIGH_CONFIDENCE,POINT(499765 365665),POINT(499765 365665),POINT(499765 365665),POINT(499765 365665)
67f2893f-1fbd-41a0-80ca-435e58bdf41a,e60088e9-cf94-4e41-ae65-a5390866b4b8,infra.huilerie_inventaire_pollution,9dc1cb3a-8954-4e91-8c53-e4e5d079c4ff,Taghzouti,HUILERIE,db501611-ddce-4b5c-bc57-9034d7b06998,Taghzouti,infra.huilerie_inventaire_pollution,0.0,0.925,HIGH_CONFIDENCE,DUPLICATE_EXACT,1,MANUAL_REVIEW_REQUIRED,distance=0.00m; nom=1.00; commune=1.00; priorite=5,#2563eb,check-circle,HIGH_CONFIDENCE,POINT(567997 409735),POINT(567997 409735),POINT(567997 409735),POINT(567997 409735)
cf1dc727-44df-423b-a5c6-d96a7347be4b,e60088e9-cf94-4e41-ae65-a5390866b4b8,infra.huilerie_inventaire_pollution,725434c0-8f8b-4977-8b8e-365fb3b19014,THAMI KACEMI,HUILERIE,837d337f-0329-471f-b855-a7bb13b66a8e,THAMI KACEMI,infra.huilerie_inventaire_pollution,0.0,0.925,HIGH_CONFIDENCE,DUPLICATE_EXACT,1,MANUAL_REVIEW_REQUIRED,distance=0.00m; nom=1.00; commune=1.00; priorite=5,#2563eb,check-circle,HIGH_CONFIDENCE,POINT(492807 372631),POINT(492807 372631),POINT(492807 372631),POINT(492807 372631)
c3fec264-7a2e-4514-a765-60c07f58f7c8,e60088e9-cf94-4e41-ae65-a5390866b4b8,infra.huilerie_inventaire_pollution,e3e94f99-c5c5-4370-a620-11343838cbf5,Tizin tayda,HUILERIE,454e06d7-2460-4a3f-b6bd-3007b4480e4a,Tizin tayda,infra.huilerie_inventaire_pollution,0.0,0.925,HIGH_CONFIDENCE,DUPLICATE_EXACT,1,MANUAL_REVIEW_REQUIRED,distance=0.00m; nom=1.00; commune=1.00; priorite=5,#2563eb,check-circle,HIGH_CONFIDENCE,POINT(618580 412888),POINT(618580 412888),POINT(618580 412888),POINT(618580 412888)
5f65a1b0-8ffc-40f3-9767-9f6d35b78a2d,e60088e9-cf94-4e41-ae65-a5390866b4b8,infra.huilerie_inventaire_pollution,364b0aa0-4f22-4812-946a-60b831346bac,Zarik,HUILERIE,9fb547f2-a36d-4111-a78d-b71ad5bd36a7,Zarik,infra.huilerie_inventaire_pollution,0.0,0.925,HIGH_CONFIDENCE,DUPLICATE_EXACT,1,MANUAL_REVIEW_REQUIRED,distance=0.00m; nom=1.00; commune=1.00; priorite=5,#2563eb,check-circle,HIGH_CONFIDENCE,POINT(601853 398954),POINT(601853 398954),POINT(601853 398954),POINT(601853 398954)
8ec7b6a4-b7ee-4c3e-b064-7dbec52ad3ff,e60088e9-cf94-4e41-ae65-a5390866b4b8,infra.huilerie_inventaire_pollution,1bf2ac88-7600-4a26-aada-e1b12174e92a,Zayt Zarhoun,HUILERIE,08f36f4f-d37d-4797-bbd9-47d2d1d4805c,Zayt Zarhoun,infra.huilerie_inventaire_pollution,0.0,0.925,HIGH_CONFIDENCE,DUPLICATE_EXACT,1,MANUAL_REVIEW_REQUIRED,distance=0.00m; nom=1.00; commune=1.00; priorite=5,#2563eb,check-circle,HIGH_CONFIDENCE,POINT(489039 380502),POINT(489039 380502),POINT(489039 380502),POINT(489039 380502)
a94e9dac-88a8-4346-bc3d-d7fb8be1997a,e60088e9-cf94-4e41-ae65-a5390866b4b8,infra.huilerie_inventaire_pollution,ded8cf95-42cc-4c2a-8bdd-5cf131694efb,Zeit Jbala,HUILERIE,e1cbf4f2-84f9-470b-a191-5a0c2a01c7e3,Zeit Jbala,infra.huilerie_inventaire_pollution,0.0,0.925,HIGH_CONFIDENCE,DUPLICATE_EXACT,1,MANUAL_REVIEW_REQUIRED,distance=0.00m; nom=1.00; commune=1.00; priorite=5,#2563eb,check-circle,HIGH_CONFIDENCE,POINT(486532.56 464376.88),POINT(486532.56 464376.88),POINT(486532.56 464376.88),POINT(486532.56 464376.88)
2c823d19-f181-4c25-b2df-8ac613ec31ba,e60088e9-cf94-4e41-ae65-a5390866b4b8,infra.huilerie_inventaire_pollution,57c2050a-6626-4f9f-975e-89b61f999c4d,Zemouri huilerie,HUILERIE,3227e0cc-9633-442c-a682-9aa1e6b09e8c,Zemouri huilerie,infra.huilerie_inventaire_pollution,0.0,0.925,HIGH_CONFIDENCE,DUPLICATE_EXACT,1,MANUAL_REVIEW_REQUIRED,distance=0.00m; nom=1.00; commune=1.00; priorite=5,#2563eb,check-circle,HIGH_CONFIDENCE,POINT(512484.145 374635.443),POINT(512484.145 374635.443),POINT(512484.145 374635.443),POINT(512484.145 374635.443)
bde60ccd-acbd-4eb8-8627-9f449537b722,e60088e9-cf94-4e41-ae65-a5390866b4b8,infra.huilerie_inventaire_pollution,468292df-bf36-485b-b589-fedf7558d2c0,Zit Zitoun Al Baraka,HUILERIE,8b08cd41-a4fe-4253-b3ca-1d798b74f715,Zit Zitoun Al Baraka,infra.huilerie_inventaire_pollution,0.0,0.925,HIGH_CONFIDENCE,DUPLICATE_EXACT,1,MANUAL_REVIEW_REQUIRED,distance=0.00m; nom=1.00; commune=1.00; priorite=5,#2563eb,check-circle,HIGH_CONFIDENCE,POINT(515271 381350),POINT(515271 381350),POINT(515271 381350),POINT(515271 381350)
55c8448a-975f-49c3-b649-d2587506ee2b,e60088e9-cf94-4e41-ae65-a5390866b4b8,infra.huilerie_inventaire_pollution,7f708a5e-69ab-4740-be51-54408c4e9ef0,ZITOUNE ATLAS,HUILERIE,bf980225-b178-4da7-a69a-7ea3eb449c14,ZITOUNE ATLAS,infra.huilerie_inventaire_pollution,0.0,0.925,HIGH_CONFIDENCE,DUPLICATE_EXACT,1,MANUAL_REVIEW_REQUIRED,distance=0.00m; nom=1.00; commune=1.00; priorite=5,#2563eb,check-circle,HIGH_CONFIDENCE,POINT(558503 358347),POINT(558503 358347),POINT(558503 358347),POINT(558503 358347)
e3bc0c9d-7c87-45be-8ba1-bd28fff57fd4,e60088e9-cf94-4e41-ae65-a5390866b4b8,infra.huilerie_inventaire_pollution,0443c315-e530-45b3-ac35-848320addc46,Zmaro ikhwan,HUILERIE,e7cf790f-9f8c-44f9-8bc8-cd749fbe7677,Zmaro ikhwan,infra.huilerie_inventaire_pollution,0.0,0.925,HIGH_CONFIDENCE,DUPLICATE_EXACT,1,MANUAL_REVIEW_REQUIRED,distance=0.00m; nom=1.00; commune=1.00; priorite=5,#2563eb,check-circle,HIGH_CONFIDENCE,POINT(603952 388531),POINT(603952 388531),POINT(603952 388531),POINT(603952 388531)
a03312ae-4b83-491a-8726-5c53406ee076,e60088e9-cf94-4e41-ae65-a5390866b4b8,infra.huilerie_inventaire_pollution,aea4288a-f794-41d1-bb55-b27aa54fd8e1,Zolati,HUILERIE,a30e7cc4-c49c-4dd7-9ed8-95ab6fe79b05,Zolati,infra.huilerie_inventaire_pollution,0.0,0.925,HIGH_CONFIDENCE,DUPLICATE_EXACT,1,MANUAL_REVIEW_REQUIRED,distance=0.00m; nom=1.00; commune=1.00; priorite=5,#2563eb,check-circle,HIGH_CONFIDENCE,POINT(601882 398991),POINT(601882 398991),POINT(601882 398991),POINT(601882 398991)
1aebeeb9-3e15-47b7-acfa-8e92b23a4e75,e60088e9-cf94-4e41-ae65-a5390866b4b8,infra.huilerie_inventaire_pollution,180fd65c-3e92-4d2d-ba6e-f7fe4df2dba2,Zoumi,HUILERIE,e7668cf1-2a4f-4ead-adc1-9c1cf1ac1fdd,Zoumi,infra.huilerie_inventaire_pollution,0.0,0.925,HIGH_CONFIDENCE,DUPLICATE_EXACT,1,MANUAL_REVIEW_REQUIRED,distance=0.00m; nom=1.00; commune=1.00; priorite=5,#2563eb,check-circle,HIGH_CONFIDENCE,POINT(497840.2 460613.9),POINT(497840.2 460613.9),POINT(497840.2 460613.9),POINT(497840.2 460613.9)
ba09b9fd-280b-41b7-9ae2-5be40dda04f9,e60088e9-cf94-4e41-ae65-a5390866b4b8,infra.huilerie_inventaire_pollution,9e0ccb3c-951e-47b8-ab6e-c1f60909db93,Zouyout Ain Barda,HUILERIE,6c322d08-8313-4cf3-8156-0aa13bfdbfca,Zouyout Ain Barda,infra.huilerie_inventaire_pollution,0.0,0.925,HIGH_CONFIDENCE,DUPLICATE_EXACT,1,MANUAL_REVIEW_REQUIRED,distance=0.00m; nom=1.00; commune=1.00; priorite=5,#2563eb,check-circle,HIGH_CONFIDENCE,POINT(550234 446612),POINT(550234 446612),POINT(550234 446612),POINT(550234 446612)
2b02d434-4067-4fe4-be99-46c5707a5f4b,e60088e9-cf94-4e41-ae65-a5390866b4b8,infra.huilerie_inventaire_pollution,352c103c-8603-44ea-8670-62db93842b77,Zouyout Ain Barda 2,HUILERIE,17d0b5c4-bf0c-4d40-a282-409c5fdff535,Zouyout Ain Barda 2,infra.huilerie_inventaire_pollution,0.0,0.925,HIGH_CONFIDENCE,DUPLICATE_EXACT,1,MANUAL_REVIEW_REQUIRED,distance=0.00m; nom=1.00; commune=1.00; priorite=5,#2563eb,check-circle,HIGH_CONFIDENCE,POINT(550400 446707),POINT(550400 446707),POINT(550400 446707),POINT(550400 446707)
c8a611cf-d19b-43c5-a058-5d1273c70c2a,e60088e9-cf94-4e41-ae65-a5390866b4b8,infra.huilerie_inventaire_pollution,ff6efe1c-5df0-4f50-9959-63451c290c76,Zoyout Chefchaouen,HUILERIE,fbfcfcbb-a262-4edf-aa1d-2faecddf1581,Zoyout Chefchaouen,infra.huilerie_inventaire_pollution,0.0,0.925,HIGH_CONFIDENCE,DUPLICATE_EXACT,1,MANUAL_REVIEW_REQUIRED,distance=0.00m; nom=1.00; commune=1.00; priorite=5,#2563eb,check-circle,HIGH_CONFIDENCE,POINT(504604.98 480730.94),POINT(504604.98 480730.94),POINT(504604.98 480730.94),POINT(504604.98 480730.94)
25c5035d-eab5-4900-aaf3-97d0ee57f494,e60088e9-cf94-4e41-ae65-a5390866b4b8,infra.huilerie_inventaire_pollution,b515620c-68c5-4b91-816c-e78868576939,Zoyout el maghrib,HUILERIE,dc3fdeb2-8e08-44a3-ad26-e985e2e701a3,Zoyout el maghrib,infra.huilerie_inventaire_pollution,0.0,0.925,HIGH_CONFIDENCE,DUPLICATE_EXACT,1,MANUAL_REVIEW_REQUIRED,distance=0.00m; nom=1.00; commune=1.00; priorite=5,#2563eb,check-circle,HIGH_CONFIDENCE,POINT(579478 420765),POINT(579478 420765),POINT(579478 420765),POINT(579478 420765)
