source_schema,source_table,source_column_parametre,source_column_valeur,parametre_source,parametre_source_normalise,parametre_standard_metier,code_parametre_canonique,mapping_status,mapping_confidence,unite_source,unite_source_resolue,unite_standard,statut_unite,conversion_regle,regle_parsing,qa_flags,scope_migration,volume_total,nb_non_numerique,exemples_valeurs,action_migration,commentaire_preparation
staging,raw_idp_2024_mesures_qualite_globale,parametre_qualite,val_qual,CT,ct,CT,CT,MAPPED,0.95,mg/L,UFC/100 mL,UFC/100 mL,UNIT_ASSUMED,aucune,numeric_microbio + decimal_comma + scientific_notation + limites_detection + quarantine_non_convertible,INFERIEUR | SUPERIEUR | DECIMAL_COMMA | SCIENTIFIC_NOTATION | NON_NUMERIC_QUARANTINE | UNIT_CONFLICT | NON_NUMERIC_PRESENT | UNIT_ASSUMED,MESURE,184,173,"valeur=3,4x102; date=2024-09-13; point=S1 (Aval_conf_Rejet_MOG (Mograne) || valeur=1,8x102; date=2024-09-13; point=S2 (Barrage de garde) || valeur=1,1x102; date=2024-09-13; point=S3 (Station Pompage Ferme (Amont Bge de garde)",MIGRER_AVEC_FLAG,Unité standard métier appliquée par défaut en l’absence d’unité source fiable.
staging,raw_mesures_qualite_rivieres,parametre_qualite,val_qual_riv,Ag,ag,Ag,AG,MAPPED,0.95,à confirmer,mg/L,mg/L,UNIT_ASSUMED,aucune,numeric_decimal_comma + limites_detection + quarantine_non_convertible,INFERIEUR | SUPERIEUR | DECIMAL_COMMA | SCIENTIFIC_NOTATION | NON_NUMERIC_QUARANTINE | UNIT_MISSING | UNIT_ASSUMED,MESURE,9,0,valeur=19; date=1994-07-06; point=1508/9 || valeur=19; date=1994-07-11; point=3502/8 || valeur=0.03; date=1994-09-21; point=756/16,MIGRER_AVEC_FLAG,Unité standard métier appliquée par défaut en l’absence d’unité source fiable.
staging,raw_idp_2024_mesures_qualite_globale,parametre_qualite,val_qual,CF,cf,CF,CF,MAPPED,0.95,UFC/100mL,UFC/100 mL,UFC/100 mL,UNIT_OK,aucune,numeric_microbio + decimal_comma + scientific_notation + limites_detection + quarantine_non_convertible,INFERIEUR | SUPERIEUR | DECIMAL_COMMA | SCIENTIFIC_NOTATION | NON_NUMERIC_QUARANTINE | UNIT_OK | NON_NUMERIC_PRESENT,MESURE,184,164,"valeur=2,4x102; date=2024-09-13; point=S1 (Aval_conf_Rejet_MOG (Mograne) || valeur=1,5x102; date=2024-09-13; point=S2 (Barrage de garde) || valeur=90; date=2024-09-13; point=S3 (Station Pompage Ferme (Amont Bge de garde)",MIGRER_AVEC_FLAG,
staging,raw_mesures_qualite_nappes,parametre_qualite,val_qual_nap,Al,al,Al,AL,MAPPED,0.95,à confirmer,mg/L,mg/L,UNIT_ASSUMED,aucune,numeric_decimal_comma + limites_detection + quarantine_non_convertible,INFERIEUR | SUPERIEUR | DECIMAL_COMMA | SCIENTIFIC_NOTATION | NON_NUMERIC_QUARANTINE | UNIT_MISSING | UNIT_ASSUMED,MESURE,4,0,valeur=0.07; date=1991-03-27; point=2881/15 || valeur=0.02; date=1991-03-28; point=2043/15 || valeur=0.051; date=2007-02-16; point=3340/14,MIGRER_AVEC_FLAG,Unité standard métier appliquée par défaut en l’absence d’unité source fiable.
staging,raw_mesures_qualite_rivieres,parametre_qualite,val_qual_riv,Al,al,Al,AL,MAPPED,0.95,à confirmer,mg/L,mg/L,UNIT_ASSUMED,aucune,numeric_decimal_comma + limites_detection + quarantine_non_convertible,INFERIEUR | SUPERIEUR | DECIMAL_COMMA | SCIENTIFIC_NOTATION | NON_NUMERIC_QUARANTINE | UNIT_MISSING | UNIT_ASSUMED,MESURE,54,0,valeur=6; date=1991-08-19; point=4220/14 || valeur=19; date=1994-07-06; point=1508/9 || valeur=19; date=1994-07-11; point=3502/8,MIGRER_AVEC_FLAG,Unité standard métier appliquée par défaut en l’absence d’unité source fiable.
staging,raw_suivi_qualite_brg_garde_hebdo,parametre_qualite,val_qual_brg_garde_hebdo,Aluminium(mg/l),aluminium_mg_l,Al,AL,MAPPED,0.95,mg/l,mg/L,mg/L,UNIT_OK,aucune,numeric_decimal_comma + limites_detection + quarantine_non_convertible,INFERIEUR | SUPERIEUR | DECIMAL_COMMA | SCIENTIFIC_NOTATION | NON_NUMERIC_QUARANTINE | UNIT_OK,MESURE,182,0,valeur=0.0408; date=2024-11-20; point=n/a || valeur=0.037; date=2024-12-11; point=n/a || valeur=0.0426; date=2025-01-08; point=n/a,MIGRER,
staging,raw_suivi_qualite_sebou_jr,parametre_qualite,val_qual_sebou_jr,Ammonium,ammonium,NH4+,NH4,MAPPED,0.95,à confirmer,mg/L,mg/L,UNIT_ASSUMED,aucune,numeric_decimal_comma + pas_conversion_N_NH4 + limites_detection + quarantine_non_convertible,INFERIEUR | SUPERIEUR | DECIMAL_COMMA | SCIENTIFIC_NOTATION | NON_NUMERIC_QUARANTINE | UNIT_MISSING | UNIT_ASSUMED,MESURE,4572,0,valeur=NaN; date=2023-12-07; point=2263/15 || valeur=NaN; date=2023-12-08; point=2263/15 || valeur=32.112; date=2023-12-09; point=2263/15,MIGRER_AVEC_FLAG,Unité standard métier appliquée par défaut en l’absence d’unité source fiable.
staging,raw_barrages_abhs,,apports_hm,apports_hm,apports_hm,Apports_hm3,APPORTS_HM3,MAPPED,0.95,à confirmer,Mm³,Mm³,UNIT_ASSUMED,aucune,numeric_decimal_comma + null_non_migre_si_applicable + flags_series_temporelles + quarantine_non_convertible,INFERIEUR | SUPERIEUR | DECIMAL_COMMA | SCIENTIFIC_NOTATION | NON_NUMERIC_QUARANTINE | UNIT_MISSING | UNIT_ASSUMED,MESURE,34,0,valeur=84; date=n/a; point=035310905 || valeur=247; date=n/a; point=035310311 || valeur=557; date=n/a; point=034510301,MIGRER_AVEC_FLAG,Unité standard métier appliquée par défaut en l’absence d’unité source fiable.
staging,raw_mesures_niv_eau_barrages,,apports_mm3,apports_mm3,apports_mm3,Apports_hm3,APPORTS_HM3,MAPPED,0.95,Mm3,Mm3,Mm³,UNIT_OK,aucune,numeric_decimal_comma + null_non_migre_si_applicable + flags_series_temporelles + quarantine_non_convertible,INFERIEUR | SUPERIEUR | DECIMAL_COMMA | SCIENTIFIC_NOTATION | NON_NUMERIC_QUARANTINE | UNIT_OK,MESURE,85166,0,valeur=1.3886; date=1996-12-01; point=1182/9 || valeur=0.9316; date=1996-12-02; point=1182/9 || valeur=0.9416; date=1996-12-03; point=1182/9,MIGRER,
staging,raw_idp_2024_mesures_qualite_globale,parametre_qualite,val_qual,SF,sf,SF,SF,MAPPED,0.95,g/L,UFC/100 mL,UFC/100 mL,UNIT_ASSUMED,aucune,numeric_decimal_comma + limites_detection + quarantine_non_convertible,INFERIEUR | SUPERIEUR | DECIMAL_COMMA | SCIENTIFIC_NOTATION | NON_NUMERIC_QUARANTINE | UNIT_CONFLICT | NON_NUMERIC_PRESENT | UNIT_ASSUMED,MESURE,184,164,"valeur=3,9x102; date=2024-09-13; point=S1 (Aval_conf_Rejet_MOG (Mograne) || valeur=65; date=2024-09-13; point=S2 (Barrage de garde) || valeur=1,4x102; date=2024-09-13; point=S3 (Station Pompage Ferme (Amont Bge de garde)",MIGRER_AVEC_FLAG,Unité standard métier appliquée par défaut en l’absence d’unité source fiable.
staging,raw_suivi_qualite_brg_garde_hebdo,parametre_qualite,val_qual_brg_garde_hebdo,Arsenic(mg/l),arsenic_mg_l,As,AS,MAPPED,0.95,mg/l,mg/L,mg/L,UNIT_OK,aucune,numeric_decimal_comma + limites_detection + quarantine_non_convertible,INFERIEUR | SUPERIEUR | DECIMAL_COMMA | SCIENTIFIC_NOTATION | NON_NUMERIC_QUARANTINE | UNIT_OK,MESURE,182,0,valeur=0.005; date=2024-11-20; point=n/a || valeur=0.005; date=2024-12-11; point=n/a || valeur=0.005; date=2025-01-08; point=n/a,MIGRER,
staging,raw_idp_2024_mesures_qualite_globale,parametre_qualite,val_qual,NO2-,no2,NO2-,NO2,MAPPED,0.95,mg/L,mg/L,mg/L,UNIT_OK,aucune,numeric_decimal_comma + conversion_ugL_vers_mgL_si_detectee + limites_detection + quarantine_non_convertible,INFERIEUR | SUPERIEUR | DECIMAL_COMMA | SCIENTIFIC_NOTATION | NON_NUMERIC_QUARANTINE | UNIT_CONVERSION_UGL_TO_MGL_IF_DETECTED | UNIT_OK | NON_NUMERIC_PRESENT,MESURE,189,110,"valeur=0,432; date=2024-09-13; point=S1 (Aval_conf_Rejet_MOG (Mograne) || valeur=0,08; date=2024-09-13; point=S2 (Barrage de garde) || valeur=0,074; date=2024-09-13; point=S3 (Station Pompage Ferme (Amont Bge de garde)",MIGRER_AVEC_FLAG,
staging,raw_mesures_qualite_nappes,parametre_qualite,val_qual_nap,As,as,As,AS,MAPPED,0.95,à confirmer,mg/L,mg/L,UNIT_ASSUMED,aucune,numeric_decimal_comma + limites_detection + quarantine_non_convertible,INFERIEUR | SUPERIEUR | DECIMAL_COMMA | SCIENTIFIC_NOTATION | NON_NUMERIC_QUARANTINE | UNIT_MISSING | UNIT_ASSUMED,MESURE,3,0,valeur=0.015; date=1991-03-27; point=2881/15 || valeur=0.01; date=1991-03-28; point=2043/15 || valeur=0.01; date=1993-08-10; point=897/16,MIGRER_AVEC_FLAG,Unité standard métier appliquée par défaut en l’absence d’unité source fiable.
staging,raw_mesures_qualite_rivieres,parametre_qualite,val_qual_riv,As,as,As,AS,MAPPED,0.95,à confirmer,mg/L,mg/L,UNIT_ASSUMED,aucune,numeric_decimal_comma + limites_detection + quarantine_non_convertible,INFERIEUR | SUPERIEUR | DECIMAL_COMMA | SCIENTIFIC_NOTATION | NON_NUMERIC_QUARANTINE | UNIT_MISSING | UNIT_ASSUMED,MESURE,240,0,valeur=0.015; date=1993-03-09; point=756/16 || valeur=0.01; date=1993-03-12; point=2400/14 || valeur=0.015; date=1993-03-18; point=3261/14,MIGRER_AVEC_FLAG,Unité standard métier appliquée par défaut en l’absence d’unité source fiable.
staging,raw_mesures_qualite_barrages,parametre_qualite,val_qual_barr,Azote_Org,azote_org,N_org,N_ORG,MAPPED,0.95,mg/L,mg/L,mg/L,UNIT_OK,aucune,numeric_decimal_comma + limites_detection + quarantine_non_convertible,INFERIEUR | SUPERIEUR | DECIMAL_COMMA | SCIENTIFIC_NOTATION | NON_NUMERIC_QUARANTINE | UNIT_OK,MESURE,1,0,valeur=0.25; date=2003-11-13; point=1710/9,MIGRER,
staging,raw_mesures_qualite_nappes,parametre_qualite,val_qual_nap,Azote_Org,azote_org,N_org,N_ORG,MAPPED,0.95,mg/L,mg/L,mg/L,UNIT_OK,aucune,numeric_decimal_comma + limites_detection + quarantine_non_convertible,INFERIEUR | SUPERIEUR | DECIMAL_COMMA | SCIENTIFIC_NOTATION | NON_NUMERIC_QUARANTINE | UNIT_OK,MESURE,1,0,valeur=0.15; date=1994-07-12; point=1102/13,MIGRER,
staging,raw_mesures_qualite_rivieres,parametre_qualite,val_qual_riv,Azote_Org,azote_org,N_org,N_ORG,MAPPED,0.95,mg/L,mg/L,mg/L,UNIT_OK,aucune,numeric_decimal_comma + limites_detection + quarantine_non_convertible,INFERIEUR | SUPERIEUR | DECIMAL_COMMA | SCIENTIFIC_NOTATION | NON_NUMERIC_QUARANTINE | UNIT_OK,MESURE,2,0,valeur=0; date=1994-07-06; point=1508/9 || valeur=0; date=1994-07-11; point=3502/8,MIGRER,
staging,raw_types_mesures,parametre_qualite,,Azote_Org,azote_org,N_org,N_ORG,MAPPED,0.95,mg/L,mg/L,mg/L,UNIT_OK,aucune,numeric_decimal_comma + limites_detection + quarantine_non_convertible,INFERIEUR | SUPERIEUR | DECIMAL_COMMA | SCIENTIFIC_NOTATION | NON_NUMERIC_QUARANTINE | UNIT_OK | REFERENCE_ONLY,REFERENCE,1,0,colonne_valeur_absente,QUARANTAINE,Ligne de référentiel/source sans colonne valeur ; hors lot de migration des mesures.
staging,raw_mesures_qualite_barrages,parametre_qualite,val_qual_barr,Azote_tot_kjeld,azote_tot_kjeld,NTK,NTK,MAPPED,0.95,mg/L,mg/L,mg/L,UNIT_OK,aucune,numeric_decimal_comma + limites_detection + quarantine_non_convertible,INFERIEUR | SUPERIEUR | DECIMAL_COMMA | SCIENTIFIC_NOTATION | NON_NUMERIC_QUARANTINE | UNIT_OK,MESURE,1,0,valeur=0.371; date=1996-10-24; point=3264/15,MIGRER,
staging,raw_types_mesures,parametre_qualite,,Azote_tot_kjeld,azote_tot_kjeld,NTK,NTK,MAPPED,0.95,mg/L,mg/L,mg/L,UNIT_OK,aucune,numeric_decimal_comma + limites_detection + quarantine_non_convertible,INFERIEUR | SUPERIEUR | DECIMAL_COMMA | SCIENTIFIC_NOTATION | NON_NUMERIC_QUARANTINE | UNIT_OK | REFERENCE_ONLY,REFERENCE,1,0,colonne_valeur_absente,QUARANTAINE,Ligne de référentiel/source sans colonne valeur ; hors lot de migration des mesures.
staging,raw_mesures_qualite_barrages,parametre_qualite,val_qual_barr,Azote_tot_kjeldhal,azote_tot_kjeldhal,NTK,NTK,MAPPED,0.95,mg/L,mg/L,mg/L,UNIT_OK,aucune,numeric_decimal_comma + limites_detection + quarantine_non_convertible,INFERIEUR | SUPERIEUR | DECIMAL_COMMA | SCIENTIFIC_NOTATION | NON_NUMERIC_QUARANTINE | UNIT_OK,MESURE,147,0,valeur=12.95; date=1988-10-14; point=788/21 || valeur=0.56; date=1989-03-24; point=788/21 || valeur=0.27; date=1990-01-30; point=788/21,MIGRER,
staging,raw_mesures_qualite_nappes,parametre_qualite,val_qual_nap,Azote_tot_kjeldhal,azote_tot_kjeldhal,NTK,NTK,MAPPED,0.95,mg/L,mg/L,mg/L,UNIT_OK,aucune,numeric_decimal_comma + limites_detection + quarantine_non_convertible,INFERIEUR | SUPERIEUR | DECIMAL_COMMA | SCIENTIFIC_NOTATION | NON_NUMERIC_QUARANTINE | UNIT_OK,MESURE,206,0,valeur=11.74; date=1988-10-19; point=1475/9 || valeur=10.5; date=1990-09-21; point=2881/15 || valeur=0.17; date=1991-01-24; point=159/22,MIGRER,
staging,raw_mesures_qualite_rivieres,parametre_qualite,val_qual_riv,Azote_tot_kjeldhal,azote_tot_kjeldhal,NTK,NTK,MAPPED,0.95,mg/L,mg/L,mg/L,UNIT_OK,aucune,numeric_decimal_comma + limites_detection + quarantine_non_convertible,INFERIEUR | SUPERIEUR | DECIMAL_COMMA | SCIENTIFIC_NOTATION | NON_NUMERIC_QUARANTINE | UNIT_OK,MESURE,1580,0,valeur=40.32; date=1988-09-22; point=1000/23 || valeur=5.33; date=1988-10-04; point=2169/15 || valeur=30.99; date=1988-10-05; point=2496/15,MIGRER,
staging,raw_types_mesures,parametre_qualite,,Azote_tot_kjeldhal,azote_tot_kjeldhal,NTK,NTK,MAPPED,0.95,mg/L,mg/L,mg/L,UNIT_OK,aucune,numeric_decimal_comma + limites_detection + quarantine_non_convertible,INFERIEUR | SUPERIEUR | DECIMAL_COMMA | SCIENTIFIC_NOTATION | NON_NUMERIC_QUARANTINE | UNIT_OK | REFERENCE_ONLY,REFERENCE,1,0,colonne_valeur_absente,QUARANTAINE,Ligne de référentiel/source sans colonne valeur ; hors lot de migration des mesures.
staging,raw_mesures_qualite_barrages,parametre_qualite,val_qual_barr,Azote_Total,azote_total,N_tot,N_TOT,MAPPED,0.95,mg/L,mg/L,mg/L,UNIT_OK,aucune,numeric_decimal_comma + limites_detection + quarantine_non_convertible,INFERIEUR | SUPERIEUR | DECIMAL_COMMA | SCIENTIFIC_NOTATION | NON_NUMERIC_QUARANTINE | UNIT_OK,MESURE,11,0,valeur=0.302; date=2013-09-16; point=788/21 || valeur=0.938; date=2013-10-14; point=3546/8 || valeur=0.175; date=2015-08-13; point=788/21,MIGRER,
staging,raw_mesures_qualite_rivieres,parametre_qualite,val_qual_riv,Azote_Total,azote_total,N_tot,N_TOT,MAPPED,0.95,mg/L,mg/L,mg/L,UNIT_OK,aucune,numeric_decimal_comma + limites_detection + quarantine_non_convertible,INFERIEUR | SUPERIEUR | DECIMAL_COMMA | SCIENTIFIC_NOTATION | NON_NUMERIC_QUARANTINE | UNIT_OK,MESURE,358,0,valeur=1.33; date=2002-07-28; point=3502/8 || valeur=0.49; date=2003-06-10; point=607/9 || valeur=22.4; date=2003-08-28; point=2396/14,MIGRER,
staging,raw_types_mesures,parametre_qualite,,Azote_Total,azote_total,N_tot,N_TOT,MAPPED,0.95,mg/L,mg/L,mg/L,UNIT_OK,aucune,numeric_decimal_comma + limites_detection + quarantine_non_convertible,INFERIEUR | SUPERIEUR | DECIMAL_COMMA | SCIENTIFIC_NOTATION | NON_NUMERIC_QUARANTINE | UNIT_OK | REFERENCE_ONLY,REFERENCE,1,0,colonne_valeur_absente,QUARANTAINE,Ligne de référentiel/source sans colonne valeur ; hors lot de migration des mesures.
staging,raw_idp_2024_mesures_qualite_marche_cadre,parametre_qualite,val_qual,Mn5,mn5,Mn,MN,MAPPED,0.95,à confirmer,mg/L,mg/L,UNIT_ASSUMED,aucune,numeric_decimal_comma + forme_chimique_si_detectable + limites_detection + quarantine_non_convertible,INFERIEUR | SUPERIEUR | DECIMAL_COMMA | SCIENTIFIC_NOTATION | NON_NUMERIC_QUARANTINE | FORME_CHIMIQUE_OPTIONNELLE | UNIT_MISSING | NON_NUMERIC_PRESENT | SOURCE_ERROR_DETECTED | MN5_NORMALISE_MN | UNIT_ASSUMED,MESURE,88,80,"valeur=<0,050; date=2025-10-06; point=FORAGE ABD NBI BOUTABEQ || valeur=<0,050; date=2025-10-06; point=PUITS DAR BEL GHAZI || valeur=<0,050; date=2025-10-06; point=DAYAT FOUARATE",MIGRER_AVEC_FLAG,Unité standard métier appliquée par défaut en l’absence d’unité source fiable.
staging,raw_mesures_qualite_rivieres,parametre_qualite,val_qual_riv,Ba,ba,Ba,BA,MAPPED,0.95,à confirmer,mg/L,mg/L,UNIT_ASSUMED,aucune,numeric_decimal_comma + limites_detection + quarantine_non_convertible,INFERIEUR | SUPERIEUR | DECIMAL_COMMA | SCIENTIFIC_NOTATION | NON_NUMERIC_QUARANTINE | UNIT_MISSING | UNIT_ASSUMED,MESURE,18,0,valeur=2.2; date=1996-02-13; point=756/16 || valeur=0.0743; date=2003-05-27; point=756/16 || valeur=0.0645; date=2003-05-29; point=1236/14,MIGRER_AVEC_FLAG,Unité standard métier appliquée par défaut en l’absence d’unité source fiable.
staging,raw_idp_2024_mesures_qualite_marche_cadre,parametre_qualite,val_qual,CT,ct,CT,CT,MAPPED,0.95,mg/L,UFC/100 mL,UFC/100 mL,UNIT_ASSUMED,aucune,numeric_microbio + decimal_comma + scientific_notation + limites_detection + quarantine_non_convertible,INFERIEUR | SUPERIEUR | DECIMAL_COMMA | SCIENTIFIC_NOTATION | NON_NUMERIC_QUARANTINE | UNIT_CONFLICT | NON_NUMERIC_PRESENT | UNIT_ASSUMED,MESURE,89,61,"valeur=80; date=2025-10-06; point=FORAGE ABD NBI BOUTABEQ || valeur=0; date=2025-10-06; point=PUITS DAR BEL GHAZI || valeur=1,5.104; date=2025-10-06; point=PUITS KBIR BOUTARTA",MIGRER_AVEC_FLAG,Unité standard métier appliquée par défaut en l’absence d’unité source fiable.
staging,raw_suivi_qualite_brg_garde_hebdo,parametre_qualite,val_qual_brg_garde_hebdo,Beryllium(mg/l),beryllium_mg_l,Be,BE,MAPPED,0.95,mg/l,mg/L,mg/L,UNIT_OK,aucune,numeric_decimal_comma + limites_detection + quarantine_non_convertible,INFERIEUR | SUPERIEUR | DECIMAL_COMMA | SCIENTIFIC_NOTATION | NON_NUMERIC_QUARANTINE | UNIT_OK,MESURE,182,0,valeur=0.005; date=2024-11-20; point=n/a || valeur=0.005; date=2024-12-11; point=n/a || valeur=0.005; date=2025-01-08; point=n/a,MIGRER,
staging,raw_idp_2024_mesures_qualite_globale,parametre_qualite,val_qual,Bilan_Ionique,bilan_ionique,Bilan_Ion,BILAN_ION,MAPPED,0.95,à confirmer,%,%,UNIT_ASSUMED,aucune,numeric_decimal_comma + limites_detection + quarantine_non_convertible,INFERIEUR | SUPERIEUR | DECIMAL_COMMA | SCIENTIFIC_NOTATION | NON_NUMERIC_QUARANTINE | UNIT_MISSING | UNIT_ASSUMED,MESURE,28,0,"valeur=3,750072287; date=2024-09-20; point=RZI_DEC_PE1 (Puits Fouad ELBRINI) || valeur=3,102461377; date=2024-09-22; point=MBK_DOM_PE1 (Forage Belaje) || valeur=3,298896337; date=2024-09-22; point=MBK_DEC_PE1 (Forage Ferme ZIANI Bel Arbi)",MIGRER_AVEC_FLAG,Unité standard métier appliquée par défaut en l’absence d’unité source fiable.
staging,raw_idp_2024_mesures_qualite_marche_cadre,parametre_qualite,val_qual,Bilan_Ionique,bilan_ionique,Bilan_Ion,BILAN_ION,MAPPED,0.95,à confirmer,%,%,UNIT_ASSUMED,aucune,numeric_decimal_comma + limites_detection + quarantine_non_convertible,INFERIEUR | SUPERIEUR | DECIMAL_COMMA | SCIENTIFIC_NOTATION | NON_NUMERIC_QUARANTINE | UNIT_MISSING | UNIT_ASSUMED,MESURE,89,0,"valeur=0,040490623; date=2025-10-06; point=FORAGE ABD NBI BOUTABEQ || valeur=1,650723954; date=2025-10-06; point=PUITS DAR BEL GHAZI || valeur=3,658071587; date=2025-10-06; point=PUITS KBIR BOUTARTA",MIGRER_AVEC_FLAG,Unité standard métier appliquée par défaut en l’absence d’unité source fiable.
staging,raw_suivi_qualite_brg_garde_hebdo,parametre_qualite,val_qual_brg_garde_hebdo,Bore(mg/l),bore_mg_l,Bore(mg/l),UNREC_BORE_MG_L,UNMAPPED,0.10,mg/l,mg/L,mg/l,UNIT_OK,aucune,numeric_decimal_comma + limites_detection + quarantine_non_convertible,INFERIEUR | SUPERIEUR | DECIMAL_COMMA | SCIENTIFIC_NOTATION | NON_NUMERIC_QUARANTINE | UNIT_UNKNOWN,MESURE,182,0,valeur=0.084; date=2024-11-20; point=n/a || valeur=0.11; date=2024-12-11; point=n/a || valeur=0.113; date=2025-01-08; point=n/a,MIGRER_AVEC_FLAG,
staging,raw_mesures_qualite_barrages,parametre_qualite,val_qual_barr,Ca,ca,Ca,CA,MAPPED,0.95,mg/L,mg/L,mg/L,UNIT_OK,aucune,numeric_decimal_comma + limites_detection + quarantine_non_convertible,INFERIEUR | SUPERIEUR | DECIMAL_COMMA | SCIENTIFIC_NOTATION | NON_NUMERIC_QUARANTINE | UNIT_OK,MESURE,126,0,valeur=56; date=1992-06-05; point=788/21 || valeur=48.1; date=1993-04-15; point=788/21 || valeur=64.92; date=1994-05-30; point=3546/8,MIGRER,
staging,raw_mesures_qualite_nappes,parametre_qualite,val_qual_nap,Ca,ca,Ca,CA,MAPPED,0.95,mg/L,mg/L,mg/L,UNIT_OK,aucune,numeric_decimal_comma + limites_detection + quarantine_non_convertible,INFERIEUR | SUPERIEUR | DECIMAL_COMMA | SCIENTIFIC_NOTATION | NON_NUMERIC_QUARANTINE | UNIT_OK,MESURE,2550,0,valeur=67.3; date=1988-10-03; point=1652/22 || valeur=122.6; date=1989-03-31; point=2528/15 || valeur=994; date=1991-03-27; point=2881/15,MIGRER,
staging,raw_mesures_qualite_rivieres,parametre_qualite,val_qual_riv,Ca,ca,Ca,CA,MAPPED,0.95,mg/L,mg/L,mg/L,UNIT_OK,aucune,numeric_decimal_comma + limites_detection + quarantine_non_convertible,INFERIEUR | SUPERIEUR | DECIMAL_COMMA | SCIENTIFIC_NOTATION | NON_NUMERIC_QUARANTINE | UNIT_OK,MESURE,1741,0,valeur=72.1; date=1989-03-23; point=1540/15 || valeur=55.3; date=1989-03-23; point=609/9 || valeur=52.8; date=1989-04-02; point=3396/15,MIGRER,
staging,raw_types_mesures,parametre_qualite,,Ca,ca,Ca,CA,MAPPED,0.95,mg/L,mg/L,mg/L,UNIT_OK,aucune,numeric_decimal_comma + limites_detection + quarantine_non_convertible,INFERIEUR | SUPERIEUR | DECIMAL_COMMA | SCIENTIFIC_NOTATION | NON_NUMERIC_QUARANTINE | UNIT_OK | REFERENCE_ONLY,REFERENCE,1,0,colonne_valeur_absente,QUARANTAINE,Ligne de référentiel/source sans colonne valeur ; hors lot de migration des mesures.
staging,raw_idp_2024_mesures_qualite_globale,parametre_qualite,val_qual,Ca++,caplusplus,Ca,CA,MAPPED,0.95,à confirmer,mg/L,mg/L,UNIT_ASSUMED,aucune,numeric_decimal_comma + limites_detection + quarantine_non_convertible,INFERIEUR | SUPERIEUR | DECIMAL_COMMA | SCIENTIFIC_NOTATION | NON_NUMERIC_QUARANTINE | UNIT_MISSING | UNIT_ASSUMED,MESURE,189,0,"valeur=258,5; date=2024-09-13; point=S1 (Aval_conf_Rejet_MOG (Mograne) || valeur=56,1; date=2024-09-13; point=S2 (Barrage de garde) || valeur=55,1; date=2024-09-13; point=S3 (Station Pompage Ferme (Amont Bge de garde)",MIGRER_AVEC_FLAG,Unité standard métier appliquée par défaut en l’absence d’unité source fiable.
staging,raw_idp_2024_mesures_qualite_marche_cadre,parametre_qualite,val_qual,Ca++,caplusplus,Ca,CA,MAPPED,0.95,à confirmer,mg/L,mg/L,UNIT_ASSUMED,aucune,numeric_decimal_comma + limites_detection + quarantine_non_convertible,INFERIEUR | SUPERIEUR | DECIMAL_COMMA | SCIENTIFIC_NOTATION | NON_NUMERIC_QUARANTINE | UNIT_MISSING | UNIT_ASSUMED,MESURE,89,0,"valeur=128; date=2025-10-06; point=FORAGE ABD NBI BOUTABEQ || valeur=104; date=2025-10-06; point=PUITS DAR BEL GHAZI || valeur=91,4; date=2025-10-06; point=PUITS KBIR BOUTARTA",MIGRER_AVEC_FLAG,Unité standard métier appliquée par défaut en l’absence d’unité source fiable.
staging,raw_idp_2024_mesures_qualite_marche_cadre,parametre_qualite,val_qual,SF,sf,SF,SF,MAPPED,0.95,g/L,UFC/100 mL,UFC/100 mL,UNIT_ASSUMED,aucune,numeric_decimal_comma + limites_detection + quarantine_non_convertible,INFERIEUR | SUPERIEUR | DECIMAL_COMMA | SCIENTIFIC_NOTATION | NON_NUMERIC_QUARANTINE | UNIT_CONFLICT | NON_NUMERIC_PRESENT | UNIT_ASSUMED,MESURE,89,54,"valeur=12; date=2025-10-06; point=FORAGE ABD NBI BOUTABEQ || valeur=0; date=2025-10-06; point=PUITS DAR BEL GHAZI || valeur=1,3.103; date=2025-10-06; point=PUITS KBIR BOUTARTA",MIGRER_AVEC_FLAG,Unité standard métier appliquée par défaut en l’absence d’unité source fiable.
staging,raw_suivi_qualite_brg_garde_hebdo,parametre_qualite,val_qual_brg_garde_hebdo,Cadmium(mg/l),cadmium_mg_l,Cd,CD,MAPPED,0.95,mg/l,mg/L,mg/L,UNIT_OK,aucune,numeric_decimal_comma + limites_detection + quarantine_non_convertible,INFERIEUR | SUPERIEUR | DECIMAL_COMMA | SCIENTIFIC_NOTATION | NON_NUMERIC_QUARANTINE | UNIT_OK,MESURE,182,0,valeur=0.0005; date=2024-11-20; point=n/a || valeur=0.0005; date=2024-12-11; point=n/a || valeur=0.0005; date=2025-01-08; point=n/a,MIGRER,
staging,raw_step_abhs,,cap_equiv_hab,cap_equiv_hab,cap_equiv_hab,Cap_equiv,CAP_EQUIV,MAPPED,0.95,à confirmer,EH,EH,UNIT_ASSUMED,aucune,numeric_decimal_comma + limites_detection + quarantine_non_convertible,INFERIEUR | SUPERIEUR | DECIMAL_COMMA | SCIENTIFIC_NOTATION | NON_NUMERIC_QUARANTINE | UNIT_MISSING | UNIT_ASSUMED,MESURE,41,0,valeur=12000; date=n/a; point=042811107 || valeur=4720; date=n/a; point=042810701 || valeur=37907; date=n/a; point=042810301,MIGRER_AVEC_FLAG,Unité standard métier appliquée par défaut en l’absence d’unité source fiable.
staging,raw_mesures_qualite_rivieres,parametre_qualite,val_qual_riv,Carbone_org,carbone_org,Matiere_Organique,MO,MAPPED,0.95,à confirmer,mg/L,mg/L,UNIT_ASSUMED,aucune,numeric_decimal_comma + limites_detection + quarantine_non_convertible,INFERIEUR | SUPERIEUR | DECIMAL_COMMA | SCIENTIFIC_NOTATION | NON_NUMERIC_QUARANTINE | UNIT_MISSING | UNIT_ASSUMED | ATTR_MATIERE_ORGANIQUE,MESURE,2,0,valeur=0; date=1994-07-06; point=1508/9 || valeur=0; date=1994-07-11; point=3502/8,MIGRER_AVEC_FLAG,MO interprété comme Matière organique / Carbone organique selon retour métier.
staging,raw_idp_2024_mesures_qualite_marche_cadre,parametre_qualite,val_qual,CF,cf,CF,CF,MAPPED,0.95,UFC/100mL,UFC/100 mL,UFC/100 mL,UNIT_OK,aucune,numeric_microbio + decimal_comma + scientific_notation + limites_detection + quarantine_non_convertible,INFERIEUR | SUPERIEUR | DECIMAL_COMMA | SCIENTIFIC_NOTATION | NON_NUMERIC_QUARANTINE | UNIT_OK | NON_NUMERIC_PRESENT,MESURE,89,52,"valeur=30; date=2025-10-06; point=FORAGE ABD NBI BOUTABEQ || valeur=0; date=2025-10-06; point=PUITS DAR BEL GHAZI || valeur=2,9.103; date=2025-10-06; point=PUITS KBIR BOUTARTA",MIGRER_AVEC_FLAG,
staging,raw_mesures_qualite_nappes,parametre_qualite,val_qual_nap,Cd,cd,Cd,CD,MAPPED,0.95,à confirmer,mg/L,mg/L,UNIT_ASSUMED,aucune,numeric_decimal_comma + limites_detection + quarantine_non_convertible,INFERIEUR | SUPERIEUR | DECIMAL_COMMA | SCIENTIFIC_NOTATION | NON_NUMERIC_QUARANTINE | UNIT_MISSING | UNIT_ASSUMED,MESURE,5,0,valeur=0.001; date=1991-03-22; point=1161/15 || valeur=0; date=1991-03-26; point=160/15 || valeur=0.015; date=1991-03-27; point=2881/15,MIGRER_AVEC_FLAG,Unité standard métier appliquée par défaut en l’absence d’unité source fiable.
staging,raw_mesures_qualite_rivieres,parametre_qualite,val_qual_riv,Cd,cd,Cd,CD,MAPPED,0.95,à confirmer,mg/L,mg/L,UNIT_ASSUMED,aucune,numeric_decimal_comma + limites_detection + quarantine_non_convertible,INFERIEUR | SUPERIEUR | DECIMAL_COMMA | SCIENTIFIC_NOTATION | NON_NUMERIC_QUARANTINE | UNIT_MISSING | UNIT_ASSUMED,MESURE,274,0,valeur=0.001; date=1990-02-07; point=609/9 || valeur=0.001; date=1990-02-12; point=2401/14 || valeur=0.0004; date=1990-03-21; point=669/22,MIGRER_AVEC_FLAG,Unité standard métier appliquée par défaut en l’absence d’unité source fiable.
staging,raw_idp_2024_mesures_qualite_marche_cadre,parametre_qualite,val_qual,NO2- _Spectro.,no2_spectro,NO2-,NO2,MAPPED,0.95,à confirmer,mg/L,mg/L,UNIT_ASSUMED,aucune,numeric_decimal_comma + conversion_ugL_vers_mgL_si_detectee + limites_detection + quarantine_non_convertible,INFERIEUR | SUPERIEUR | DECIMAL_COMMA | SCIENTIFIC_NOTATION | NON_NUMERIC_QUARANTINE | UNIT_CONVERSION_UGL_TO_MGL_IF_DETECTED | UNIT_MISSING | NON_NUMERIC_PRESENT | UNIT_ASSUMED,MESURE,89,49,"valeur=<0,010; date=2025-10-06; point=FORAGE ABD NBI BOUTABEQ || valeur=<0,010; date=2025-10-06; point=PUITS DAR BEL GHAZI || valeur=0,036; date=2025-10-06; point=PUITS KBIR BOUTARTA",MIGRER_AVEC_FLAG,Unité standard métier appliquée par défaut en l’absence d’unité source fiable.
staging,raw_idp_2024_mesures_qualite_globale,parametre_qualite,val_qual,Ag,ag,Ag,AG,MAPPED,0.95,à confirmer,mg/L,mg/L,UNIT_ASSUMED,aucune,numeric_decimal_comma + limites_detection + quarantine_non_convertible,INFERIEUR | SUPERIEUR | DECIMAL_COMMA | SCIENTIFIC_NOTATION | NON_NUMERIC_QUARANTINE | UNIT_MISSING | NON_NUMERIC_PRESENT | UNIT_ASSUMED,MESURE,46,46,"valeur=<0,010; date=2024-09-13; point=S8 (Aval Ferme Agricole sidi kamel) || valeur=<0,010; date=2024-09-18; point=S29 (Aval_Conf_Rejet_Douar Ouled Jrir || valeur=<0,010; date=2024-09-18; point=S30 (Aval_Conf_Rejet_SHZ (Sidi Harazem)",MIGRER_AVEC_FLAG,Unité standard métier appliquée par défaut en l’absence d’unité source fiable.
staging,raw_mesures_qualite_barrages,parametre_qualite,val_qual_barr,CF,cf,CF,CF,MAPPED,0.95,UFC/100mL,UFC/100 mL,UFC/100 mL,UNIT_OK,aucune,numeric_microbio + decimal_comma + scientific_notation + limites_detection + quarantine_non_convertible,INFERIEUR | SUPERIEUR | DECIMAL_COMMA | SCIENTIFIC_NOTATION | NON_NUMERIC_QUARANTINE | UNIT_OK,MESURE,139,0,valeur=200; date=1988-10-14; point=788/21 || valeur=140; date=1989-03-24; point=788/21 || valeur=260; date=1990-08-17; point=788/21,MIGRER,
staging,raw_mesures_qualite_nappes,parametre_qualite,val_qual_nap,CF,cf,CF,CF,MAPPED,0.95,UFC/100mL,UFC/100 mL,UFC/100 mL,UNIT_OK,aucune,numeric_microbio + decimal_comma + scientific_notation + limites_detection + quarantine_non_convertible,INFERIEUR | SUPERIEUR | DECIMAL_COMMA | SCIENTIFIC_NOTATION | NON_NUMERIC_QUARANTINE | UNIT_OK,MESURE,2643,0,valeur=2; date=1988-10-03; point=1652/22 || valeur=1300; date=1988-10-19; point=1475/9 || valeur=2; date=1989-03-31; point=2528/15,MIGRER,
staging,raw_mesures_qualite_rivieres,parametre_qualite,val_qual_riv,CF,cf,CF,CF,MAPPED,0.95,UFC/100mL,UFC/100 mL,UFC/100 mL,UNIT_OK,aucune,numeric_microbio + decimal_comma + scientific_notation + limites_detection + quarantine_non_convertible,INFERIEUR | SUPERIEUR | DECIMAL_COMMA | SCIENTIFIC_NOTATION | NON_NUMERIC_QUARANTINE | UNIT_OK,MESURE,1953,0,valeur=6000000; date=1988-09-20; point=2817/15 || valeur=1500; date=1988-10-05; point=2496/15 || valeur=390; date=1988-10-06; point=1236/14,MIGRER,
staging,raw_types_mesures,parametre_qualite,,CF,cf,CF,CF,MAPPED,0.95,UFC/100mL,UFC/100 mL,UFC/100 mL,UNIT_OK,aucune,numeric_microbio + decimal_comma + scientific_notation + limites_detection + quarantine_non_convertible,INFERIEUR | SUPERIEUR | DECIMAL_COMMA | SCIENTIFIC_NOTATION | NON_NUMERIC_QUARANTINE | UNIT_OK | REFERENCE_ONLY,REFERENCE,1,0,colonne_valeur_absente,QUARANTAINE,Ligne de référentiel/source sans colonne valeur ; hors lot de migration des mesures.
staging,raw_suivi_qualite_brg_garde_hebdo,parametre_qualite,val_qual_brg_garde_hebdo,CF(UFC/100mL),cf_ufc_100ml,CF,CF,MAPPED,0.95,UFC/100mL,UFC/100 mL,UFC/100 mL,UNIT_OK,aucune,numeric_microbio + decimal_comma + scientific_notation + limites_detection + quarantine_non_convertible,INFERIEUR | SUPERIEUR | DECIMAL_COMMA | SCIENTIFIC_NOTATION | NON_NUMERIC_QUARANTINE | UNIT_OK,MESURE,182,0,valeur=34; date=2024-11-20; point=n/a || valeur=100; date=2025-02-17; point=n/a || valeur=14; date=2024-12-04; point=n/a,MIGRER,
staging,raw_mesures_qualite_rivieres,parametre_qualite,val_qual_riv,Chl,chl,Chla,CHLA,MAPPED,0.95,à confirmer,µg/L,µg/L,UNIT_ASSUMED,aucune,numeric_decimal_comma + limites_detection + quarantine_non_convertible,INFERIEUR | SUPERIEUR | DECIMAL_COMMA | SCIENTIFIC_NOTATION | NON_NUMERIC_QUARANTINE | UNIT_MISSING | UNIT_ASSUMED,MESURE,2,0,valeur=0; date=1994-10-06; point=2244/15 || valeur=0; date=1994-10-17; point=609/9,MIGRER_AVEC_FLAG,Unité standard métier appliquée par défaut en l’absence d’unité source fiable.
staging,raw_idp_2024_mesures_qualite_globale,parametre_qualite,val_qual,As,as,As,AS,MAPPED,0.95,à confirmer,mg/L,mg/L,UNIT_ASSUMED,aucune,numeric_decimal_comma + limites_detection + quarantine_non_convertible,INFERIEUR | SUPERIEUR | DECIMAL_COMMA | SCIENTIFIC_NOTATION | NON_NUMERIC_QUARANTINE | UNIT_MISSING | NON_NUMERIC_PRESENT | UNIT_ASSUMED,MESURE,46,46,"valeur=<0,005; date=2024-09-13; point=S8 (Aval Ferme Agricole sidi kamel) || valeur=<0,005; date=2024-09-18; point=S29 (Aval_Conf_Rejet_Douar Ouled Jrir || valeur=<0,005; date=2024-09-18; point=S30 (Aval_Conf_Rejet_SHZ (Sidi Harazem)",MIGRER_AVEC_FLAG,Unité standard métier appliquée par défaut en l’absence d’unité source fiable.
staging,raw_suivi_qualite_brg_garde_hebdo,parametre_qualite,val_qual_brg_garde_hebdo,Chl.A(µg/l),chl_a_ug_l,Chla,CHLA,MAPPED,0.95,µg/l,mg/L,µg/L,UNIT_CONVERTED,value / 1000,numeric_decimal_comma + limites_detection + quarantine_non_convertible,INFERIEUR | SUPERIEUR | DECIMAL_COMMA | SCIENTIFIC_NOTATION | NON_NUMERIC_QUARANTINE | UNIT_OK | UNIT_CONVERTED,MESURE,182,0,valeur=8.64; date=2024-01-03; point=n/a || valeur=37.13; date=2024-01-10; point=n/a || valeur=16.87; date=2024-01-17; point=n/a,MIGRER_AVEC_FLAG,Conversion d’unité à appliquer lors du chargement contrôlé.
staging,raw_mesures_qualite_barrages,parametre_qualite,val_qual_barr,Chla,chla,Chla,CHLA,MAPPED,0.95,µg/L,mg/L,µg/L,UNIT_CONVERTED,value / 1000,numeric_decimal_comma + limites_detection + quarantine_non_convertible,INFERIEUR | SUPERIEUR | DECIMAL_COMMA | SCIENTIFIC_NOTATION | NON_NUMERIC_QUARANTINE | UNIT_OK | UNIT_CONVERTED,MESURE,417,0,valeur=9.1; date=1990-08-17; point=788/21 || valeur=1.1; date=1991-09-27; point=788/21 || valeur=1; date=1991-10-29; point=3907/14,MIGRER_AVEC_FLAG,Conversion d’unité à appliquer lors du chargement contrôlé.
staging,raw_mesures_qualite_nappes,parametre_qualite,val_qual_nap,Chla,chla,Chla,CHLA,MAPPED,0.95,µg/L,mg/L,µg/L,UNIT_CONVERTED,value / 1000,numeric_decimal_comma + limites_detection + quarantine_non_convertible,INFERIEUR | SUPERIEUR | DECIMAL_COMMA | SCIENTIFIC_NOTATION | NON_NUMERIC_QUARANTINE | UNIT_OK | UNIT_CONVERTED,MESURE,7,0,valeur=0.07; date=1990-09-20; point=1182/14 || valeur=1.91; date=1991-10-03; point=788/22 || valeur=0; date=2000-07-04; point=2997/15,MIGRER_AVEC_FLAG,Conversion d’unité à appliquer lors du chargement contrôlé.
staging,raw_mesures_qualite_rivieres,parametre_qualite,val_qual_riv,Chla,chla,Chla,CHLA,MAPPED,0.95,µg/L,mg/L,µg/L,UNIT_CONVERTED,value / 1000,numeric_decimal_comma + limites_detection + quarantine_non_convertible,INFERIEUR | SUPERIEUR | DECIMAL_COMMA | SCIENTIFIC_NOTATION | NON_NUMERIC_QUARANTINE | UNIT_OK | UNIT_CONVERTED,MESURE,180,0,valeur=2; date=1988-10-06; point=1540/15 || valeur=19.5; date=1989-03-23; point=1540/15 || valeur=6.3; date=1989-04-02; point=3396/15,MIGRER_AVEC_FLAG,Conversion d’unité à appliquer lors du chargement contrôlé.
staging,raw_types_mesures,parametre_qualite,,Chla,chla,Chla,CHLA,MAPPED,0.95,µg/L,mg/L,µg/L,UNIT_CONVERTED,value / 1000,numeric_decimal_comma + limites_detection + quarantine_non_convertible,INFERIEUR | SUPERIEUR | DECIMAL_COMMA | SCIENTIFIC_NOTATION | NON_NUMERIC_QUARANTINE | UNIT_OK | UNIT_CONVERTED | REFERENCE_ONLY,REFERENCE,1,0,colonne_valeur_absente,QUARANTAINE,Ligne de référentiel/source sans colonne valeur ; hors lot de migration des mesures.
staging,raw_idp_2024_mesures_qualite_globale,parametre_qualite,val_qual,Se,se,Se,SE,MAPPED,0.95,à confirmer,mg/L,mg/L,UNIT_ASSUMED,aucune,numeric_decimal_comma + limites_detection + quarantine_non_convertible,INFERIEUR | SUPERIEUR | DECIMAL_COMMA | SCIENTIFIC_NOTATION | NON_NUMERIC_QUARANTINE | UNIT_MISSING | NON_NUMERIC_PRESENT | UNIT_ASSUMED,MESURE,46,46,"valeur=<0,005; date=2024-09-13; point=S8 (Aval Ferme Agricole sidi kamel) || valeur=<0,005; date=2024-09-18; point=S29 (Aval_Conf_Rejet_Douar Ouled Jrir || valeur=<0,005; date=2024-09-18; point=S30 (Aval_Conf_Rejet_SHZ (Sidi Harazem)",MIGRER_AVEC_FLAG,Unité standard métier appliquée par défaut en l’absence d’unité source fiable.
staging,raw_suivi_qualite_brg_garde_hebdo,parametre_qualite,val_qual_brg_garde_hebdo,Chrome(mg/l),chrome_mg_l,Cr,CR,MAPPED,0.95,mg/l,mg/L,mg/L,UNIT_OK,aucune,numeric_decimal_comma + limites_detection + quarantine_non_convertible,INFERIEUR | SUPERIEUR | DECIMAL_COMMA | SCIENTIFIC_NOTATION | NON_NUMERIC_QUARANTINE | UNIT_OK,MESURE,182,0,valeur=0.005; date=2024-11-20; point=n/a || valeur=0.005; date=2024-12-11; point=n/a || valeur=0.005; date=2025-01-08; point=n/a,MIGRER,
staging,raw_mesures_qualite_barrages,parametre_qualite,val_qual_barr,Cl,cl,Cl-,CL,MAPPED,0.95,mg/L,mg/L,mg/L,UNIT_OK,aucune,numeric_decimal_comma + limites_detection + quarantine_non_convertible,INFERIEUR | SUPERIEUR | DECIMAL_COMMA | SCIENTIFIC_NOTATION | NON_NUMERIC_QUARANTINE | UNIT_OK,MESURE,153,0,valeur=50; date=1990-01-30; point=788/21 || valeur=231; date=1990-08-17; point=788/21 || valeur=43; date=1991-09-27; point=788/21,MIGRER,
staging,raw_mesures_qualite_nappes,parametre_qualite,val_qual_nap,Cl,cl,Cl-,CL,MAPPED,0.95,mg/L,mg/L,mg/L,UNIT_OK,aucune,numeric_decimal_comma + limites_detection + quarantine_non_convertible,INFERIEUR | SUPERIEUR | DECIMAL_COMMA | SCIENTIFIC_NOTATION | NON_NUMERIC_QUARANTINE | UNIT_OK,MESURE,2624,0,valeur=227.1; date=1988-10-03; point=1652/22 || valeur=221; date=1989-03-31; point=2528/15 || valeur=69.8; date=1990-09-20; point=1182/14,MIGRER,
staging,raw_mesures_qualite_rivieres,parametre_qualite,val_qual_riv,Cl,cl,Cl-,CL,MAPPED,0.95,mg/L,mg/L,mg/L,UNIT_OK,aucune,numeric_decimal_comma + limites_detection + quarantine_non_convertible,INFERIEUR | SUPERIEUR | DECIMAL_COMMA | SCIENTIFIC_NOTATION | NON_NUMERIC_QUARANTINE | UNIT_OK,MESURE,1889,0,valeur=148.9; date=1988-10-05; point=2496/15 || valeur=538; date=1988-10-06; point=1236/14 || valeur=123.2; date=1989-03-23; point=609/9,MIGRER,
staging,raw_types_mesures,parametre_qualite,,Cl,cl,Cl-,CL,MAPPED,0.95,mg/L,mg/L,mg/L,UNIT_OK,aucune,numeric_decimal_comma + limites_detection + quarantine_non_convertible,INFERIEUR | SUPERIEUR | DECIMAL_COMMA | SCIENTIFIC_NOTATION | NON_NUMERIC_QUARANTINE | UNIT_OK | REFERENCE_ONLY,REFERENCE,1,0,colonne_valeur_absente,QUARANTAINE,Ligne de référentiel/source sans colonne valeur ; hors lot de migration des mesures.
staging,raw_idp_2024_mesures_qualite_globale,parametre_qualite,val_qual,Cl-,cl,Cl-,CL,MAPPED,0.95,à confirmer,mg/L,mg/L,UNIT_ASSUMED,aucune,numeric_decimal_comma + limites_detection + quarantine_non_convertible,INFERIEUR | SUPERIEUR | DECIMAL_COMMA | SCIENTIFIC_NOTATION | NON_NUMERIC_QUARANTINE | UNIT_MISSING | UNIT_ASSUMED,MESURE,189,0,valeur=9005; date=2024-09-13; point=S1 (Aval_conf_Rejet_MOG (Mograne) || valeur=189; date=2024-09-13; point=S2 (Barrage de garde) || valeur=163; date=2024-09-13; point=S3 (Station Pompage Ferme (Amont Bge de garde),MIGRER_AVEC_FLAG,Unité standard métier appliquée par défaut en l’absence d’unité source fiable.
staging,raw_suivi_qualite_brg_garde_hebdo,parametre_qualite,val_qual_brg_garde_hebdo,Cl-(mg/l),cl_mg_l,Cl-,CL,MAPPED,0.95,mg/l,mg/L,mg/L,UNIT_OK,aucune,numeric_decimal_comma + limites_detection + quarantine_non_convertible,INFERIEUR | SUPERIEUR | DECIMAL_COMMA | SCIENTIFIC_NOTATION | NON_NUMERIC_QUARANTINE | UNIT_OK,MESURE,182,0,valeur=261; date=2024-01-03; point=n/a || valeur=185; date=2024-01-10; point=n/a || valeur=234; date=2024-01-17; point=n/a,MIGRER,
staging,raw_idp_2024_mesures_qualite_marche_cadre,parametre_qualite,val_qual,Cl-_IC,cl_ic,Cl-,CL,MAPPED,0.95,à confirmer,mg/L,mg/L,UNIT_ASSUMED,aucune,numeric_decimal_comma + limites_detection + quarantine_non_convertible,INFERIEUR | SUPERIEUR | DECIMAL_COMMA | SCIENTIFIC_NOTATION | NON_NUMERIC_QUARANTINE | UNIT_MISSING | UNIT_ASSUMED,MESURE,127,0,"valeur=64,9; date=2025-10-06; point=FORAGE ABD NBI BOUTABEQ || valeur=56,2; date=2025-10-06; point=PUITS DAR BEL GHAZI || valeur=316; date=2025-10-06; point=DAYAT FOUARATE",MIGRER_AVEC_FLAG,Unité standard métier appliquée par défaut en l’absence d’unité source fiable.
staging,raw_mesures_qualite_rivieres,parametre_qualite,val_qual_riv,Cl2_res,cl2_res,Cl2_res,CL2_RES,MAPPED,0.95,à confirmer,mg/L,mg/L,UNIT_ASSUMED,aucune,numeric_decimal_comma + limites_detection + quarantine_non_convertible,INFERIEUR | SUPERIEUR | DECIMAL_COMMA | SCIENTIFIC_NOTATION | NON_NUMERIC_QUARANTINE | UNIT_MISSING | UNIT_ASSUMED,MESURE,2,0,valeur=0; date=1994-07-06; point=1508/9 || valeur=0; date=1994-07-11; point=3502/8,MIGRER_AVEC_FLAG,Unité standard métier appliquée par défaut en l’absence d’unité source fiable.
staging,raw_mesures_qualite_rivieres,parametre_qualite,val_qual_riv,Clostri_sul_redu,clostri_sul_redu,Clostri,CLOSTRI,MAPPED,0.95,à confirmer,spores/100 mL,spores/100 mL,UNIT_ASSUMED,aucune,numeric_decimal_comma + limites_detection + quarantine_non_convertible,INFERIEUR | SUPERIEUR | DECIMAL_COMMA | SCIENTIFIC_NOTATION | NON_NUMERIC_QUARANTINE | UNIT_MISSING | UNIT_ASSUMED,MESURE,2,0,valeur=0; date=1994-07-06; point=1508/9 || valeur=0; date=1994-07-11; point=3502/8,MIGRER_AVEC_FLAG,Unité standard métier appliquée par défaut en l’absence d’unité source fiable.
staging,raw_mesures_qualite_nappes,parametre_qualite,val_qual_nap,CN,cn,CN-,CN,MAPPED,0.95,à confirmer,mg/L,mg/L,UNIT_ASSUMED,aucune,numeric_decimal_comma + limites_detection + quarantine_non_convertible,INFERIEUR | SUPERIEUR | DECIMAL_COMMA | SCIENTIFIC_NOTATION | NON_NUMERIC_QUARANTINE | UNIT_MISSING | UNIT_ASSUMED,MESURE,3,0,valeur=0.0057; date=1991-03-22; point=1161/15 || valeur=0.0073; date=1991-03-26; point=160/15 || valeur=0.003; date=1993-08-10; point=897/16,MIGRER_AVEC_FLAG,Unité standard métier appliquée par défaut en l’absence d’unité source fiable.
staging,raw_mesures_qualite_rivieres,parametre_qualite,val_qual_riv,CN,cn,CN-,CN,MAPPED,0.95,à confirmer,mg/L,mg/L,UNIT_ASSUMED,aucune,numeric_decimal_comma + limites_detection + quarantine_non_convertible,INFERIEUR | SUPERIEUR | DECIMAL_COMMA | SCIENTIFIC_NOTATION | NON_NUMERIC_QUARANTINE | UNIT_MISSING | UNIT_ASSUMED,MESURE,124,0,valeur=0.004; date=1990-02-05; point=3261/14 || valeur=0.003; date=1990-02-07; point=609/9 || valeur=0.0005; date=1990-02-08; point=633/8,MIGRER_AVEC_FLAG,Unité standard métier appliquée par défaut en l’absence d’unité source fiable.
staging,raw_suivi_qualite_brg_garde_hebdo,parametre_qualite,val_qual_brg_garde_hebdo,CN(mg/l),cn_mg_l,CN-,CN,MAPPED,0.95,mg/l,mg/L,mg/L,UNIT_OK,aucune,numeric_decimal_comma + limites_detection + quarantine_non_convertible,INFERIEUR | SUPERIEUR | DECIMAL_COMMA | SCIENTIFIC_NOTATION | NON_NUMERIC_QUARANTINE | UNIT_OK,MESURE,179,0,valeur=0.02; date=2024-11-20; point=n/a || valeur=0.02; date=2024-12-11; point=n/a || valeur=0.02; date=2025-01-08; point=n/a,MIGRER,
staging,raw_idp_2024_mesures_qualite_globale,parametre_qualite,val_qual,Be,be,Be,BE,MAPPED,0.95,à confirmer,mg/L,mg/L,UNIT_ASSUMED,aucune,numeric_decimal_comma + limites_detection + quarantine_non_convertible,INFERIEUR | SUPERIEUR | DECIMAL_COMMA | SCIENTIFIC_NOTATION | NON_NUMERIC_QUARANTINE | UNIT_MISSING | NON_NUMERIC_PRESENT | UNIT_ASSUMED,MESURE,45,45,"valeur=<0,005; date=2024-09-13; point=S8 (Aval Ferme Agricole sidi kamel) || valeur=<0,005; date=2024-09-18; point=S29 (Aval_Conf_Rejet_Douar Ouled Jrir || valeur=<0,005; date=2024-09-18; point=S30 (Aval_Conf_Rejet_SHZ (Sidi Harazem)",MIGRER_AVEC_FLAG,Unité standard métier appliquée par défaut en l’absence d’unité source fiable.
staging,raw_mesures_qualite_nappes,parametre_qualite,val_qual_nap,Co,co,Co,CO,MAPPED,0.95,à confirmer,mg/L,mg/L,UNIT_ASSUMED,aucune,numeric_decimal_comma + limites_detection + quarantine_non_convertible,INFERIEUR | SUPERIEUR | DECIMAL_COMMA | SCIENTIFIC_NOTATION | NON_NUMERIC_QUARANTINE | UNIT_MISSING | UNIT_ASSUMED,MESURE,2,0,valeur=19; date=1994-07-13; point=1024/14 || valeur=19; date=1994-08-03; point=519/21,MIGRER_AVEC_FLAG,Unité standard métier appliquée par défaut en l’absence d’unité source fiable.
staging,raw_mesures_qualite_rivieres,parametre_qualite,val_qual_riv,Co,co,Co,CO,MAPPED,0.95,à confirmer,mg/L,mg/L,UNIT_ASSUMED,aucune,numeric_decimal_comma + limites_detection + quarantine_non_convertible,INFERIEUR | SUPERIEUR | DECIMAL_COMMA | SCIENTIFIC_NOTATION | NON_NUMERIC_QUARANTINE | UNIT_MISSING | UNIT_ASSUMED,MESURE,110,0,valeur=19; date=1994-07-06; point=1508/9 || valeur=19; date=1994-07-11; point=3502/8 || valeur=0; date=1997-02-27; point=2263/15,MIGRER_AVEC_FLAG,Unité standard métier appliquée par défaut en l’absence d’unité source fiable.
staging,raw_mesures_qualite_rivieres,parametre_qualite,val_qual_riv,CO2_libre,co2_libre,CO2_libre,CO2_LIBRE,MAPPED,0.95,à confirmer,mg/L,mg/L,UNIT_ASSUMED,aucune,numeric_decimal_comma + limites_detection + quarantine_non_convertible,INFERIEUR | SUPERIEUR | DECIMAL_COMMA | SCIENTIFIC_NOTATION | NON_NUMERIC_QUARANTINE | UNIT_MISSING | UNIT_ASSUMED,MESURE,2,0,valeur=0; date=1994-07-06; point=1508/9 || valeur=0; date=1994-07-11; point=3502/8,MIGRER_AVEC_FLAG,Unité standard métier appliquée par défaut en l’absence d’unité source fiable.
staging,raw_idp_2024_mesures_qualite_globale,parametre_qualite,val_qual,CO3,co3,CO3²-,CO3,MAPPED,0.95,mg/L,mg/L,mg/L,UNIT_OK,aucune,numeric_decimal_comma + limites_detection + quarantine_non_convertible,INFERIEUR | SUPERIEUR | DECIMAL_COMMA | SCIENTIFIC_NOTATION | NON_NUMERIC_QUARANTINE | UNIT_OK,MESURE,32,0,valeur=0; date=2024-09-18; point=BMR_DOM_PE1 (Forage CHELIK Arbi) || valeur=0; date=2024-09-18; point=SAT_DEC_PE1 (Puits youness CHOUA) || valeur=0; date=2024-09-19; point=SHZ_DOM2_PE1 (Source Skhinate (Nakhla),MIGRER,
staging,raw_idp_2024_mesures_qualite_marche_cadre,parametre_qualite,val_qual,CO3,co3,CO3²-,CO3,MAPPED,0.95,mg/L,mg/L,mg/L,UNIT_OK,aucune,numeric_decimal_comma + limites_detection + quarantine_non_convertible,INFERIEUR | SUPERIEUR | DECIMAL_COMMA | SCIENTIFIC_NOTATION | NON_NUMERIC_QUARANTINE | UNIT_OK,MESURE,89,0,valeur=0; date=2025-10-06; point=FORAGE ABD NBI BOUTABEQ || valeur=0; date=2025-10-06; point=PUITS DAR BEL GHAZI || valeur=0; date=2025-10-06; point=PUITS KBIR BOUTARTA,MIGRER,
staging,raw_mesures_qualite_barrages,parametre_qualite,val_qual_barr,CO3,co3,CO3²-,CO3,MAPPED,0.95,mg/L,mg/L,mg/L,UNIT_OK,aucune,numeric_decimal_comma + limites_detection + quarantine_non_convertible,INFERIEUR | SUPERIEUR | DECIMAL_COMMA | SCIENTIFIC_NOTATION | NON_NUMERIC_QUARANTINE | UNIT_OK,MESURE,120,0,valeur=117; date=1992-06-05; point=788/21 || valeur=0; date=1993-04-15; point=788/21 || valeur=0; date=1994-05-30; point=3546/8,MIGRER,
staging,raw_mesures_qualite_nappes,parametre_qualite,val_qual_nap,CO3,co3,CO3²-,CO3,MAPPED,0.95,mg/L,mg/L,mg/L,UNIT_OK,aucune,numeric_decimal_comma + limites_detection + quarantine_non_convertible,INFERIEUR | SUPERIEUR | DECIMAL_COMMA | SCIENTIFIC_NOTATION | NON_NUMERIC_QUARANTINE | UNIT_OK,MESURE,2552,0,valeur=0; date=1991-03-27; point=2881/15 || valeur=0; date=1991-03-28; point=2043/15 || valeur=0; date=1992-02-08; point=2881/15,MIGRER,
staging,raw_mesures_qualite_rivieres,parametre_qualite,val_qual_riv,CO3,co3,CO3²-,CO3,MAPPED,0.95,mg/L,mg/L,mg/L,UNIT_OK,aucune,numeric_decimal_comma + limites_detection + quarantine_non_convertible,INFERIEUR | SUPERIEUR | DECIMAL_COMMA | SCIENTIFIC_NOTATION | NON_NUMERIC_QUARANTINE | UNIT_OK,MESURE,1715,0,valeur=0; date=1991-12-26; point=3397/15 || valeur=0; date=1992-02-25; point=2396/14 || valeur=0; date=1992-03-16; point=607/9,MIGRER,
staging,raw_types_mesures,parametre_qualite,,CO3,co3,CO3²-,CO3,MAPPED,0.95,mg/L,mg/L,mg/L,UNIT_OK,aucune,numeric_decimal_comma + limites_detection + quarantine_non_convertible,INFERIEUR | SUPERIEUR | DECIMAL_COMMA | SCIENTIFIC_NOTATION | NON_NUMERIC_QUARANTINE | UNIT_OK | REFERENCE_ONLY,REFERENCE,1,0,colonne_valeur_absente,QUARANTAINE,Ligne de référentiel/source sans colonne valeur ; hors lot de migration des mesures.
staging,raw_mesures_qualite_nappes,parametre_qualite,val_qual_nap,CO32,co32,CO3²-,CO3,MAPPED,0.95,à confirmer,mg/L,mg/L,UNIT_ASSUMED,aucune,numeric_decimal_comma + limites_detection + quarantine_non_convertible,INFERIEUR | SUPERIEUR | DECIMAL_COMMA | SCIENTIFIC_NOTATION | NON_NUMERIC_QUARANTINE | UNIT_MISSING | UNIT_ASSUMED,MESURE,1,0,valeur=0; date=1999-05-20; point=1162/14,MIGRER_AVEC_FLAG,Unité standard métier appliquée par défaut en l’absence d’unité source fiable.
staging,raw_idp_2024_mesures_qualite_globale,parametre_qualite,val_qual,Co,co,Co,CO,MAPPED,0.95,à confirmer,mg/L,mg/L,UNIT_ASSUMED,aucune,numeric_decimal_comma + limites_detection + quarantine_non_convertible,INFERIEUR | SUPERIEUR | DECIMAL_COMMA | SCIENTIFIC_NOTATION | NON_NUMERIC_QUARANTINE | UNIT_MISSING | NON_NUMERIC_PRESENT | UNIT_ASSUMED,MESURE,46,45,"valeur=<0,005; date=2024-09-13; point=S8 (Aval Ferme Agricole sidi kamel) || valeur=<0,005; date=2024-09-18; point=S29 (Aval_Conf_Rejet_Douar Ouled Jrir || valeur=<0,005; date=2024-09-18; point=S30 (Aval_Conf_Rejet_SHZ (Sidi Harazem)",MIGRER_AVEC_FLAG,Unité standard métier appliquée par défaut en l’absence d’unité source fiable.
staging,raw_suivi_qualite_brg_garde_hebdo,parametre_qualite,val_qual_brg_garde_hebdo,Cobalt(mg/l)),cobalt_mg_l,Co,CO,MAPPED,0.95,mg/l,mg/L,mg/L,UNIT_OK,aucune,numeric_decimal_comma + limites_detection + quarantine_non_convertible,INFERIEUR | SUPERIEUR | DECIMAL_COMMA | SCIENTIFIC_NOTATION | NON_NUMERIC_QUARANTINE | UNIT_OK,MESURE,182,0,valeur=0.005; date=2024-11-20; point=n/a || valeur=0.005; date=2024-12-11; point=n/a || valeur=0.005; date=2025-01-08; point=n/a,MIGRER,
staging,raw_idp_2024_mesures_qualite_marche_cadre,parametre_qualite,val_qual,Cond 25°C,cond_25degc,Cond,COND,MAPPED,0.95,°C,°C,µS/cm,UNIT_OK,aucune,numeric_decimal_comma + temperature_reference + quarantine_non_convertible,INFERIEUR | SUPERIEUR | DECIMAL_COMMA | SCIENTIFIC_NOTATION | NON_NUMERIC_QUARANTINE | UNIT_CONFLICT | TEMPERATURE_REFERENCE_25C,MESURE,13,0,aucun exemple non nul,MIGRER,
staging,raw_idp_2024_mesures_qualite_marche_cadre,parametre_qualite,val_qual,"Cond 25°C *0,9*0,01",cond_25degc_0_9_0_01,Cond,COND,UNMAPPED,0.10,°C,°C,µS/cm,UNIT_OK,aucune,numeric_decimal_comma + limites_detection + quarantine_non_convertible,INFERIEUR | SUPERIEUR | DECIMAL_COMMA | SCIENTIFIC_NOTATION | NON_NUMERIC_QUARANTINE | UNIT_UNKNOWN,MESURE,13,0,aucun exemple non nul,MIGRER,
staging,raw_idp_2024_mesures_qualite_marche_cadre,parametre_qualite,val_qual,"Cond 25°C *1,1*0,01",cond_25degc_1_1_0_01,Cond,COND,UNMAPPED,0.10,°C,°C,µS/cm,UNIT_OK,aucune,numeric_decimal_comma + limites_detection + quarantine_non_convertible,INFERIEUR | SUPERIEUR | DECIMAL_COMMA | SCIENTIFIC_NOTATION | NON_NUMERIC_QUARANTINE | UNIT_UNKNOWN,MESURE,13,0,aucun exemple non nul,MIGRER,
staging,raw_idp_2024_src_pollution_globale,parametre,cond_20_c,cond_20_c,cond_20_c,Cond,COND,MAPPED,0.95,à confirmer,µS/cm,µS/cm,UNIT_ASSUMED,aucune,numeric_decimal_comma + temperature_reference + quarantine_non_convertible,INFERIEUR | SUPERIEUR | DECIMAL_COMMA | SCIENTIFIC_NOTATION | NON_NUMERIC_QUARANTINE | UNIT_MISSING | TEMPERATURE_REFERENCE_20C | UNIT_ASSUMED,MESURE,243,0,aucun exemple non nul,MIGRER_AVEC_FLAG,Unité standard métier appliquée par défaut en l’absence d’unité source fiable.
staging,raw_idp_2024_src_pollution_marche_cadre,parametre,cond_20_c,cond_20_c,cond_20_c,Cond,COND,MAPPED,0.95,à confirmer,µS/cm,µS/cm,UNIT_ASSUMED,aucune,numeric_decimal_comma + temperature_reference + quarantine_non_convertible,INFERIEUR | SUPERIEUR | DECIMAL_COMMA | SCIENTIFIC_NOTATION | NON_NUMERIC_QUARANTINE | UNIT_MISSING | TEMPERATURE_REFERENCE_20C | UNIT_ASSUMED,MESURE,148,0,aucun exemple non nul,MIGRER_AVEC_FLAG,Unité standard métier appliquée par défaut en l’absence d’unité source fiable.
staging,raw_mesures_qualite_barrages,parametre_qualite,val_qual_barr,Conductivite,conductivite,Cond,COND,MAPPED,0.95,µS/cm,µS/cm,µS/cm,UNIT_OK,aucune,numeric_decimal_comma + temperature_reference + quarantine_non_convertible,INFERIEUR | SUPERIEUR | DECIMAL_COMMA | SCIENTIFIC_NOTATION | NON_NUMERIC_QUARANTINE | UNIT_OK | TEMPERATURE_REFERENCE_A_VALIDER,MESURE,420,0,valeur=757; date=1988-10-14; point=788/21 || valeur=575; date=1989-03-24; point=788/21 || valeur=397; date=1990-01-30; point=788/21,MIGRER,
staging,raw_mesures_qualite_nappes,parametre_qualite,val_qual_nap,Conductivite,conductivite,Cond,COND,MAPPED,0.95,µS/cm,µS/cm,µS/cm,UNIT_OK,aucune,numeric_decimal_comma + temperature_reference + quarantine_non_convertible,INFERIEUR | SUPERIEUR | DECIMAL_COMMA | SCIENTIFIC_NOTATION | NON_NUMERIC_QUARANTINE | UNIT_OK | TEMPERATURE_REFERENCE_A_VALIDER,MESURE,2659,0,valeur=1006; date=1988-10-03; point=1652/22 || valeur=6980; date=1988-10-19; point=1475/9 || valeur=1190; date=1989-03-31; point=2528/15,MIGRER,
staging,raw_mesures_qualite_rivieres,parametre_qualite,val_qual_riv,Conductivite,conductivite,Cond,COND,MAPPED,0.95,µS/cm,µS/cm,µS/cm,UNIT_OK,aucune,numeric_decimal_comma + temperature_reference + quarantine_non_convertible,INFERIEUR | SUPERIEUR | DECIMAL_COMMA | SCIENTIFIC_NOTATION | NON_NUMERIC_QUARANTINE | UNIT_OK | TEMPERATURE_REFERENCE_A_VALIDER,MESURE,1992,0,valeur=1500; date=1988-09-20; point=2817/15 || valeur=2000; date=1988-09-22; point=1000/23 || valeur=534; date=1988-10-04; point=2169/15,MIGRER,
staging,raw_types_mesures,parametre_qualite,,Conductivite,conductivite,Cond,COND,MAPPED,0.95,µS/cm,µS/cm,µS/cm,UNIT_OK,aucune,numeric_decimal_comma + temperature_reference + quarantine_non_convertible,INFERIEUR | SUPERIEUR | DECIMAL_COMMA | SCIENTIFIC_NOTATION | NON_NUMERIC_QUARANTINE | UNIT_OK | TEMPERATURE_REFERENCE_A_VALIDER | REFERENCE_ONLY,REFERENCE,1,0,colonne_valeur_absente,QUARANTAINE,Ligne de référentiel/source sans colonne valeur ; hors lot de migration des mesures.
staging,raw_suivi_qualite_sebou_jr,parametre_qualite,val_qual_sebou_jr,Conductivité,conductivite,Cond,COND,MAPPED,0.95,à confirmer,µS/cm,µS/cm,UNIT_ASSUMED,aucune,numeric_decimal_comma + temperature_reference + quarantine_non_convertible,INFERIEUR | SUPERIEUR | DECIMAL_COMMA | SCIENTIFIC_NOTATION | NON_NUMERIC_QUARANTINE | UNIT_MISSING | TEMPERATURE_REFERENCE_A_VALIDER | UNIT_ASSUMED,MESURE,4572,0,valeur=NaN; date=2023-12-07; point=2263/15 || valeur=NaN; date=2023-12-08; point=2263/15 || valeur=1668; date=2023-12-09; point=2263/15,MIGRER_AVEC_FLAG,Unité standard métier appliquée par défaut en l’absence d’unité source fiable.
staging,raw_suivi_qualite_brg_garde_hebdo,parametre_qualite,val_qual_brg_garde_hebdo,Conductivitéà20°C(µs/cm),conductivitea20degc_us_cm,Cond,COND,MAPPED,0.95,µs/cm,µS/cm,µS/cm,UNIT_OK,aucune,numeric_decimal_comma + temperature_reference + quarantine_non_convertible,INFERIEUR | SUPERIEUR | DECIMAL_COMMA | SCIENTIFIC_NOTATION | NON_NUMERIC_QUARANTINE | UNIT_OK | TEMPERATURE_REFERENCE_20C,MESURE,182,0,valeur=1173; date=2024-01-03; point=n/a || valeur=956; date=2024-01-10; point=n/a || valeur=1083; date=2024-01-17; point=n/a,MIGRER,
staging,raw_mesures_qualite_barrages,parametre_qualite,val_qual_barr,Couleur,couleur,Couleur,COULEUR,MAPPED,0.95,UCV,UCV,UCV,UNIT_OK,aucune,numeric_decimal_comma + limites_detection + quarantine_non_convertible,INFERIEUR | SUPERIEUR | DECIMAL_COMMA | SCIENTIFIC_NOTATION | NON_NUMERIC_QUARANTINE | UNIT_UNKNOWN,MESURE,1,0,valeur=0.073; date=2004-10-07; point=1709/9,MIGRER,
staging,raw_mesures_qualite_nappes,parametre_qualite,val_qual_nap,Couleur,couleur,Couleur,COULEUR,MAPPED,0.95,UCV,UCV,UCV,UNIT_OK,aucune,numeric_decimal_comma + limites_detection + quarantine_non_convertible,INFERIEUR | SUPERIEUR | DECIMAL_COMMA | SCIENTIFIC_NOTATION | NON_NUMERIC_QUARANTINE | UNIT_UNKNOWN,MESURE,1,0,valeur=0.1; date=1992-09-17; point=1149/15,MIGRER,
staging,raw_mesures_qualite_rivieres,parametre_qualite,val_qual_riv,Couleur,couleur,Couleur,COULEUR,MAPPED,0.95,UCV,UCV,UCV,UNIT_OK,aucune,numeric_decimal_comma + limites_detection + quarantine_non_convertible,INFERIEUR | SUPERIEUR | DECIMAL_COMMA | SCIENTIFIC_NOTATION | NON_NUMERIC_QUARANTINE | UNIT_UNKNOWN,MESURE,2,0,valeur=0.02; date=1992-05-25; point=756/16 || valeur=0.025; date=1992-06-03; point=3261/14,MIGRER,
staging,raw_types_mesures,parametre_qualite,,Couleur,couleur,Couleur,COULEUR,MAPPED,0.95,UCV,UCV,UCV,UNIT_OK,aucune,numeric_decimal_comma + limites_detection + quarantine_non_convertible,INFERIEUR | SUPERIEUR | DECIMAL_COMMA | SCIENTIFIC_NOTATION | NON_NUMERIC_QUARANTINE | UNIT_UNKNOWN | REFERENCE_ONLY,REFERENCE,1,0,colonne_valeur_absente,QUARANTAINE,Ligne de référentiel/source sans colonne valeur ; hors lot de migration des mesures.
staging,raw_mesures_qualite_nappes,parametre_qualite,val_qual_nap,Cr,cr,Cr,CR,MAPPED,0.95,à confirmer,mg/L,mg/L,UNIT_ASSUMED,aucune,numeric_decimal_comma + limites_detection + quarantine_non_convertible,INFERIEUR | SUPERIEUR | DECIMAL_COMMA | SCIENTIFIC_NOTATION | NON_NUMERIC_QUARANTINE | UNIT_MISSING | UNIT_ASSUMED,MESURE,3,0,valeur=0.02; date=1991-03-22; point=1161/15 || valeur=0.013; date=1991-03-26; point=160/15 || valeur=0.085; date=1993-08-10; point=897/16,MIGRER_AVEC_FLAG,Unité standard métier appliquée par défaut en l’absence d’unité source fiable.
staging,raw_mesures_qualite_rivieres,parametre_qualite,val_qual_riv,Cr,cr,Cr,CR,MAPPED,0.95,à confirmer,mg/L,mg/L,UNIT_ASSUMED,aucune,numeric_decimal_comma + limites_detection + quarantine_non_convertible,INFERIEUR | SUPERIEUR | DECIMAL_COMMA | SCIENTIFIC_NOTATION | NON_NUMERIC_QUARANTINE | UNIT_MISSING | UNIT_ASSUMED,MESURE,54,0,valeur=200; date=1988-10-05; point=2496/15 || valeur=0.01; date=1988-10-06; point=1236/14 || valeur=20; date=1989-03-23; point=609/9,MIGRER_AVEC_FLAG,Unité standard métier appliquée par défaut en l’absence d’unité source fiable.
staging,raw_idp_2024_mesures_qualite_globale,parametre_qualite,val_qual,Sb,sb,Sb,SB,MAPPED,0.95,à confirmer,mg/L,mg/L,UNIT_ASSUMED,aucune,numeric_decimal_comma + limites_detection + quarantine_non_convertible,INFERIEUR | SUPERIEUR | DECIMAL_COMMA | SCIENTIFIC_NOTATION | NON_NUMERIC_QUARANTINE | UNIT_MISSING | NON_NUMERIC_PRESENT | UNIT_ASSUMED,MESURE,46,45,"valeur=<0,010; date=2024-09-13; point=S8 (Aval Ferme Agricole sidi kamel) || valeur=<0,010; date=2024-09-18; point=S29 (Aval_Conf_Rejet_Douar Ouled Jrir || valeur=<0,010; date=2024-09-18; point=S30 (Aval_Conf_Rejet_SHZ (Sidi Harazem)",MIGRER_AVEC_FLAG,Unité standard métier appliquée par défaut en l’absence d’unité source fiable.
staging,raw_mesures_qualite_nappes,parametre_qualite,val_qual_nap,CrT,crt,Cr,CR,MAPPED,0.95,à confirmer,mg/L,mg/L,UNIT_ASSUMED,aucune,numeric_decimal_comma + limites_detection + quarantine_non_convertible,INFERIEUR | SUPERIEUR | DECIMAL_COMMA | SCIENTIFIC_NOTATION | NON_NUMERIC_QUARANTINE | UNIT_MISSING | UNIT_ASSUMED,MESURE,2,0,valeur=0.06; date=1991-03-27; point=2881/15 || valeur=0.02; date=1991-03-28; point=2043/15,MIGRER_AVEC_FLAG,Unité standard métier appliquée par défaut en l’absence d’unité source fiable.
staging,raw_mesures_qualite_rivieres,parametre_qualite,val_qual_riv,CrT,crt,Cr,CR,MAPPED,0.95,à confirmer,mg/L,mg/L,UNIT_ASSUMED,aucune,numeric_decimal_comma + limites_detection + quarantine_non_convertible,INFERIEUR | SUPERIEUR | DECIMAL_COMMA | SCIENTIFIC_NOTATION | NON_NUMERIC_QUARANTINE | UNIT_MISSING | UNIT_ASSUMED,MESURE,389,0,valeur=0.005; date=1990-01-31; point=2496/15 || valeur=0.07; date=1994-05-17; point=2817/15 || valeur=0.05; date=1994-05-24; point=1236/14,MIGRER_AVEC_FLAG,Unité standard métier appliquée par défaut en l’absence d’unité source fiable.
staging,raw_idp_2024_mesures_qualite_globale,parametre_qualite,val_qual,Cd,cd,Cd,CD,MAPPED,0.95,à confirmer,mg/L,mg/L,UNIT_ASSUMED,aucune,numeric_decimal_comma + limites_detection + quarantine_non_convertible,INFERIEUR | SUPERIEUR | DECIMAL_COMMA | SCIENTIFIC_NOTATION | NON_NUMERIC_QUARANTINE | UNIT_MISSING | NON_NUMERIC_PRESENT | UNIT_ASSUMED,MESURE,46,44,"valeur=<0,0005; date=2024-09-13; point=S8 (Aval Ferme Agricole sidi kamel) || valeur=<0,0005; date=2024-09-18; point=S29 (Aval_Conf_Rejet_Douar Ouled Jrir || valeur=<0,0005; date=2024-09-18; point=S30 (Aval_Conf_Rejet_SHZ (Sidi Harazem)",MIGRER_AVEC_FLAG,Unité standard métier appliquée par défaut en l’absence d’unité source fiable.
staging,raw_idp_2024_mesures_qualite_marche_cadre,parametre_qualite,val_qual,NH4+,nh4plus,NH4+,NH4,MAPPED,0.95,à confirmer,mg/L,mg/L,UNIT_ASSUMED,aucune,numeric_decimal_comma + pas_conversion_N_NH4 + limites_detection + quarantine_non_convertible,INFERIEUR | SUPERIEUR | DECIMAL_COMMA | SCIENTIFIC_NOTATION | NON_NUMERIC_QUARANTINE | UNIT_MISSING | NON_NUMERIC_PRESENT | UNIT_ASSUMED,MESURE,127,41,aucun exemple non nul,MIGRER_AVEC_FLAG,Unité standard métier appliquée par défaut en l’absence d’unité source fiable.
staging,raw_mesures_qualite_barrages,parametre_qualite,val_qual_barr,CT,ct,CT,CT,MAPPED,0.95,mg/L,UFC/100 mL,UFC/100 mL,UNIT_ASSUMED,aucune,numeric_microbio + decimal_comma + scientific_notation + limites_detection + quarantine_non_convertible,INFERIEUR | SUPERIEUR | DECIMAL_COMMA | SCIENTIFIC_NOTATION | NON_NUMERIC_QUARANTINE | UNIT_CONFLICT | UNIT_ASSUMED,MESURE,135,0,valeur=3000; date=1988-10-14; point=788/21 || valeur=1000; date=1989-03-24; point=788/21 || valeur=9000; date=1994-05-30; point=3546/8,MIGRER_AVEC_FLAG,Unité standard métier appliquée par défaut en l’absence d’unité source fiable.
staging,raw_mesures_qualite_nappes,parametre_qualite,val_qual_nap,CT,ct,CT,CT,MAPPED,0.95,mg/L,UFC/100 mL,UFC/100 mL,UNIT_ASSUMED,aucune,numeric_microbio + decimal_comma + scientific_notation + limites_detection + quarantine_non_convertible,INFERIEUR | SUPERIEUR | DECIMAL_COMMA | SCIENTIFIC_NOTATION | NON_NUMERIC_QUARANTINE | UNIT_CONFLICT | UNIT_ASSUMED,MESURE,2560,0,valeur=16; date=1988-10-03; point=1652/22 || valeur=68000; date=1988-10-19; point=1475/9 || valeur=200; date=1989-03-31; point=2528/15,MIGRER_AVEC_FLAG,Unité standard métier appliquée par défaut en l’absence d’unité source fiable.
staging,raw_mesures_qualite_rivieres,parametre_qualite,val_qual_riv,CT,ct,CT,CT,MAPPED,0.95,mg/L,UFC/100 mL,UFC/100 mL,UNIT_ASSUMED,aucune,numeric_microbio + decimal_comma + scientific_notation + limites_detection + quarantine_non_convertible,INFERIEUR | SUPERIEUR | DECIMAL_COMMA | SCIENTIFIC_NOTATION | NON_NUMERIC_QUARANTINE | UNIT_CONFLICT | UNIT_ASSUMED,MESURE,1756,0,valeur=55000000; date=1988-09-20; point=2817/15 || valeur=26000; date=1988-10-05; point=2496/15 || valeur=26000; date=1988-10-06; point=1236/14,MIGRER_AVEC_FLAG,Unité standard métier appliquée par défaut en l’absence d’unité source fiable.
staging,raw_types_mesures,parametre_qualite,,CT,ct,CT,CT,MAPPED,0.95,mg/L,UFC/100 mL,UFC/100 mL,UNIT_ASSUMED,aucune,numeric_microbio + decimal_comma + scientific_notation + limites_detection + quarantine_non_convertible,INFERIEUR | SUPERIEUR | DECIMAL_COMMA | SCIENTIFIC_NOTATION | NON_NUMERIC_QUARANTINE | UNIT_CONFLICT | UNIT_ASSUMED | REFERENCE_ONLY,REFERENCE,1,0,colonne_valeur_absente,QUARANTAINE,Ligne de référentiel/source sans colonne valeur ; hors lot de migration des mesures.
staging,raw_idp_2024_mesures_qualite_marche_cadre,parametre_qualite,val_qual,NH4+ Spect,nh4plus_spect,NH4+,NH4,MAPPED,0.95,à confirmer,mg/L,mg/L,UNIT_ASSUMED,aucune,numeric_decimal_comma + pas_conversion_N_NH4 + limites_detection + quarantine_non_convertible,INFERIEUR | SUPERIEUR | DECIMAL_COMMA | SCIENTIFIC_NOTATION | NON_NUMERIC_QUARANTINE | UNIT_MISSING | NON_NUMERIC_PRESENT | UNIT_ASSUMED,MESURE,127,41,"valeur=<0,016; date=2025-10-06; point=FORAGE ABD NBI BOUTABEQ || valeur=<0,016; date=2025-10-06; point=PUITS DAR BEL GHAZI || valeur=5,04; date=2025-10-06; point=DAYAT FOUARATE",MIGRER_AVEC_FLAG,Unité standard métier appliquée par défaut en l’absence d’unité source fiable.
staging,raw_mesures_qualite_nappes,parametre_qualite,val_qual_nap,Cu,cu,Cu,CU,MAPPED,0.95,à confirmer,mg/L,mg/L,UNIT_ASSUMED,aucune,numeric_decimal_comma + limites_detection + quarantine_non_convertible,INFERIEUR | SUPERIEUR | DECIMAL_COMMA | SCIENTIFIC_NOTATION | NON_NUMERIC_QUARANTINE | UNIT_MISSING | UNIT_ASSUMED,MESURE,5,0,valeur=0.02; date=1991-03-22; point=1161/15 || valeur=0.02; date=1991-03-26; point=160/15 || valeur=0.8; date=1991-03-27; point=2881/15,MIGRER_AVEC_FLAG,Unité standard métier appliquée par défaut en l’absence d’unité source fiable.
staging,raw_mesures_qualite_rivieres,parametre_qualite,val_qual_riv,Cu,cu,Cu,CU,MAPPED,0.95,à confirmer,mg/L,mg/L,UNIT_ASSUMED,aucune,numeric_decimal_comma + limites_detection + quarantine_non_convertible,INFERIEUR | SUPERIEUR | DECIMAL_COMMA | SCIENTIFIC_NOTATION | NON_NUMERIC_QUARANTINE | UNIT_MISSING | UNIT_ASSUMED,MESURE,272,0,valeur=0.005; date=1990-01-31; point=2496/15 || valeur=0.009; date=1990-02-01; point=1359/8 || valeur=0.004; date=1990-02-05; point=3261/14,MIGRER_AVEC_FLAG,Unité standard métier appliquée par défaut en l’absence d’unité source fiable.
staging,raw_idp_2024_mesures_qualite_globale,parametre_qualite,val_qual,Mo,mo,Molybdène,MO_METAL,MAPPED,0.25,à confirmer,mg/L,mg/L,UNIT_ASSUMED,aucune,numeric_decimal_comma + limites_detection + quarantine_non_convertible,INFERIEUR | SUPERIEUR | DECIMAL_COMMA | SCIENTIFIC_NOTATION | NON_NUMERIC_QUARANTINE | UNIT_MISSING | NON_NUMERIC_PRESENT | UNIT_ASSUMED | ATTR_MOLYBDENE,MESURE,46,40,"valeur=<0,010; date=2024-09-13; point=S8 (Aval Ferme Agricole sidi kamel) || valeur=<0,010; date=2024-09-18; point=S29 (Aval_Conf_Rejet_Douar Ouled Jrir || valeur=<0,010; date=2024-09-18; point=S30 (Aval_Conf_Rejet_SHZ (Sidi Harazem)",MIGRER_AVEC_FLAG,Séparation explicite Molybdène vs Matière organique.
staging,raw_suivi_qualite_brg_garde_hebdo,parametre_qualite,val_qual_brg_garde_hebdo,Cuivre(mg/l),cuivre_mg_l,Cu,CU,MAPPED,0.95,mg/l,mg/L,mg/L,UNIT_OK,aucune,numeric_decimal_comma + limites_detection + quarantine_non_convertible,INFERIEUR | SUPERIEUR | DECIMAL_COMMA | SCIENTIFIC_NOTATION | NON_NUMERIC_QUARANTINE | UNIT_OK,MESURE,182,0,valeur=0.005; date=2024-11-20; point=n/a || valeur=0.005; date=2024-12-11; point=n/a || valeur=0.005; date=2025-01-08; point=n/a,MIGRER,
staging,raw_idp_2024_mesures_qualite_marche_cadre,parametre_qualite,val_qual,IP,ip,Phenol,PHENOL,MAPPED,0.95,à confirmer,mg/L,mg/L,UNIT_ASSUMED,aucune,numeric_decimal_comma + unite_nettoyee + limites_detection + quarantine_non_convertible,INFERIEUR | SUPERIEUR | DECIMAL_COMMA | SCIENTIFIC_NOTATION | NON_NUMERIC_QUARANTINE | UNIT_MISSING | NON_NUMERIC_PRESENT | UNIT_ASSUMED,MESURE,50,37,"valeur=<0,45; date=2025-10-06; point=FORAGE ABD NBI BOUTABEQ || valeur=<0,45; date=2025-10-06; point=PUITS DAR BEL GHAZI || valeur=0,667; date=2025-10-06; point=PUITS KBIR BOUTARTA",MIGRER_AVEC_FLAG,Unité standard métier appliquée par défaut en l’absence d’unité source fiable.
staging,raw_idp_2024_mesures_qualite_marche_cadre,parametre_qualite,val_qual,PO43-,po43,PO4³-,PO4,MAPPED,0.95,à confirmer,mg/L,mg/L,UNIT_ASSUMED,aucune,numeric_decimal_comma + limites_detection + quarantine_non_convertible,INFERIEUR | SUPERIEUR | DECIMAL_COMMA | SCIENTIFIC_NOTATION | NON_NUMERIC_QUARANTINE | UNIT_MISSING | NON_NUMERIC_PRESENT | UNIT_ASSUMED,MESURE,77,37,"valeur=1,62; date=2025-10-06; point=DAYAT FOUARATE || valeur=0,052; date=2025-10-06; point=DAYAT SIDI BOUGHABA || valeur=5,06; date=2025-10-07; point=AVAL STEP SIDI SLIMANE",MIGRER_AVEC_FLAG,Unité standard métier appliquée par défaut en l’absence d’unité source fiable.
staging,raw_mesures_qualite_barrages,parametre_qualite,val_qual_barr,DBO5,dbo5,DBO5,DBO5,MAPPED,0.95,mg O2/L,mg O2/L,mg/L,UNIT_OK,aucune,numeric_decimal_comma + condition_mesure_dec2h + limites_detection + quarantine_non_convertible,INFERIEUR | SUPERIEUR | DECIMAL_COMMA | SCIENTIFIC_NOTATION | NON_NUMERIC_QUARANTINE | UNIT_CONFLICT,MESURE,138,0,valeur=3; date=1988-10-14; point=788/21 || valeur=2; date=1989-03-24; point=788/21 || valeur=2; date=1990-01-30; point=788/21,MIGRER,
staging,raw_mesures_qualite_nappes,parametre_qualite,val_qual_nap,DBO5,dbo5,DBO5,DBO5,MAPPED,0.95,mg O2/L,mg O2/L,mg/L,UNIT_OK,aucune,numeric_decimal_comma + condition_mesure_dec2h + limites_detection + quarantine_non_convertible,INFERIEUR | SUPERIEUR | DECIMAL_COMMA | SCIENTIFIC_NOTATION | NON_NUMERIC_QUARANTINE | UNIT_CONFLICT,MESURE,10,0,valeur=2; date=1988-10-19; point=1475/9 || valeur=2; date=1990-09-20; point=1182/14 || valeur=21; date=1990-09-21; point=2881/15,MIGRER,
staging,raw_mesures_qualite_rivieres,parametre_qualite,val_qual_riv,DBO5,dbo5,DBO5,DBO5,MAPPED,0.95,mg O2/L,mg O2/L,mg/L,UNIT_OK,aucune,numeric_decimal_comma + condition_mesure_dec2h + limites_detection + quarantine_non_convertible,INFERIEUR | SUPERIEUR | DECIMAL_COMMA | SCIENTIFIC_NOTATION | NON_NUMERIC_QUARANTINE | UNIT_CONFLICT,MESURE,1961,0,valeur=97; date=1988-09-20; point=2817/15 || valeur=204; date=1988-09-22; point=1000/23 || valeur=3; date=1988-10-04; point=2169/15,MIGRER,
staging,raw_suivi_qualite_sebou_jr,parametre_qualite,val_qual_sebou_jr,DBO5,dbo5,DBO5,DBO5,MAPPED,0.95,mg O2/L,mg O2/L,mg/L,UNIT_OK,aucune,numeric_decimal_comma + condition_mesure_dec2h + limites_detection + quarantine_non_convertible,INFERIEUR | SUPERIEUR | DECIMAL_COMMA | SCIENTIFIC_NOTATION | NON_NUMERIC_QUARANTINE | UNIT_CONFLICT,MESURE,4572,0,valeur=NaN; date=2023-12-07; point=2263/15 || valeur=NaN; date=2023-12-08; point=2263/15 || valeur=NaN; date=2023-12-09; point=2263/15,MIGRER_AVEC_FLAG,
staging,raw_types_mesures,parametre_qualite,,DBO5,dbo5,DBO5,DBO5,MAPPED,0.95,mg O2/L,mg O2/L,mg/L,UNIT_OK,aucune,numeric_decimal_comma + condition_mesure_dec2h + limites_detection + quarantine_non_convertible,INFERIEUR | SUPERIEUR | DECIMAL_COMMA | SCIENTIFIC_NOTATION | NON_NUMERIC_QUARANTINE | UNIT_CONFLICT | REFERENCE_ONLY,REFERENCE,1,0,colonne_valeur_absente,QUARANTAINE,Ligne de référentiel/source sans colonne valeur ; hors lot de migration des mesures.
staging,raw_mesures_qualite_rivieres,parametre_qualite,val_qual_riv,DBO5_dec2h,dbo5_dec2h,DBO5_dec2h,DBO5_DEC2H,MAPPED,0.95,à confirmer,mg/L,mg/L,UNIT_ASSUMED,aucune,numeric_decimal_comma + condition_mesure_dec2h + limites_detection + quarantine_non_convertible,INFERIEUR | SUPERIEUR | DECIMAL_COMMA | SCIENTIFIC_NOTATION | NON_NUMERIC_QUARANTINE | UNIT_MISSING | UNIT_ASSUMED,MESURE,24,0,valeur=1; date=1990-01-31; point=2496/15 || valeur=3.2; date=1990-02-07; point=609/9 || valeur=55; date=1990-03-19; point=1000/23,MIGRER_AVEC_FLAG,Unité standard métier appliquée par défaut en l’absence d’unité source fiable.
staging,raw_idp_2024_mesures_qualite_globale,parametre_qualite,val_qual,Phénol,phenol,Phenol,PHENOL,MAPPED,0.95,mg/L,mg/L,mg/L,UNIT_OK,aucune,numeric_decimal_comma + unite_nettoyee + limites_detection + quarantine_non_convertible,INFERIEUR | SUPERIEUR | DECIMAL_COMMA | SCIENTIFIC_NOTATION | NON_NUMERIC_QUARANTINE | UNIT_OK | NON_NUMERIC_PRESENT,MESURE,72,33,"valeur=<0.01; date=2024-09-13; point=S8 (Aval Ferme Agricole sidi kamel) || valeur=0,089; date=2024-09-13; point=REJET R1 EM (R1: SHZ-DOM2-R1) || valeur=0,065; date=2024-09-13; point=REJET R2 EM  (R2: SHZ-DOM2-R2)",MIGRER_AVEC_FLAG,
staging,raw_idp_2024_mesures_qualite_marche_cadre,parametre_qualite,val_qual,Fe,fe,Fe,FE,MAPPED,0.95,mg/L,mg/L,mg/L,UNIT_OK,aucune,numeric_decimal_comma + forme_chimique_obligatoire + limites_detection + quarantine_si_forme_absente,INFERIEUR | SUPERIEUR | DECIMAL_COMMA | SCIENTIFIC_NOTATION | NON_NUMERIC_QUARANTINE | FORME_CHIMIQUE_GEREE_D3_1 | UNIT_OK | NON_NUMERIC_PRESENT | FORME_CHIMIQUE_TOTAL_DEDUITE,MESURE,78,32,"valeur=<0,050; date=2025-10-06; point=FORAGE ABD NBI BOUTABEQ || valeur=<0,050; date=2025-10-06; point=PUITS DAR BEL GHAZI || valeur=<0,050; date=2025-10-06; point=PUITS KBIR BOUTARTA",MIGRER_AVEC_FLAG,
staging,raw_mesures_qualite_barrages,parametre_qualite,val_qual_barr,DCO,dco,DCO_dec2h,DCO_DEC2H,MAPPED,0.95,mg O2/L,mg O2/L,mg/L,UNIT_OK,aucune,numeric_decimal_comma + condition_mesure_dec2h + qa_DCO_DBO5 + limites_detection + quarantine_non_convertible,INFERIEUR | SUPERIEUR | DECIMAL_COMMA | SCIENTIFIC_NOTATION | NON_NUMERIC_QUARANTINE | QA_DCO_DBO5 | UNIT_CONFLICT,MESURE,137,0,valeur=32; date=1988-10-14; point=788/21 || valeur=12; date=1989-03-24; point=788/21 || valeur=30; date=1990-01-30; point=788/21,MIGRER,
staging,raw_mesures_qualite_nappes,parametre_qualite,val_qual_nap,DCO,dco,DCO_dec2h,DCO_DEC2H,MAPPED,0.95,mg O2/L,mg O2/L,mg/L,UNIT_OK,aucune,numeric_decimal_comma + condition_mesure_dec2h + qa_DCO_DBO5 + limites_detection + quarantine_non_convertible,INFERIEUR | SUPERIEUR | DECIMAL_COMMA | SCIENTIFIC_NOTATION | NON_NUMERIC_QUARANTINE | QA_DCO_DBO5 | UNIT_CONFLICT,MESURE,179,0,valeur=22; date=1988-10-19; point=1475/9 || valeur=6; date=1990-09-20; point=1182/14 || valeur=4; date=1991-01-24; point=159/22,MIGRER,
staging,raw_mesures_qualite_rivieres,parametre_qualite,val_qual_riv,DCO,dco,DCO_dec2h,DCO_DEC2H,MAPPED,0.95,mg O2/L,mg O2/L,mg/L,UNIT_OK,aucune,numeric_decimal_comma + condition_mesure_dec2h + qa_DCO_DBO5 + limites_detection + quarantine_non_convertible,INFERIEUR | SUPERIEUR | DECIMAL_COMMA | SCIENTIFIC_NOTATION | NON_NUMERIC_QUARANTINE | QA_DCO_DBO5 | UNIT_CONFLICT,MESURE,1932,0,valeur=480; date=1988-09-20; point=2817/15 || valeur=454; date=1988-09-22; point=1000/23 || valeur=12; date=1988-10-04; point=2169/15,MIGRER,
staging,raw_suivi_qualite_sebou_jr,parametre_qualite,val_qual_sebou_jr,DCO,dco,DCO_dec2h,DCO_DEC2H,MAPPED,0.95,mg O2/L,mg O2/L,mg/L,UNIT_OK,aucune,numeric_decimal_comma + condition_mesure_dec2h + qa_DCO_DBO5 + limites_detection + quarantine_non_convertible,INFERIEUR | SUPERIEUR | DECIMAL_COMMA | SCIENTIFIC_NOTATION | NON_NUMERIC_QUARANTINE | QA_DCO_DBO5 | UNIT_CONFLICT,MESURE,4572,0,valeur=NaN; date=2023-12-07; point=2263/15 || valeur=NaN; date=2023-12-08; point=2263/15 || valeur=NaN; date=2023-12-09; point=2263/15,MIGRER_AVEC_FLAG,
staging,raw_types_mesures,parametre_qualite,,DCO,dco,DCO_dec2h,DCO_DEC2H,MAPPED,0.95,mg O2/L,mg O2/L,mg/L,UNIT_OK,aucune,numeric_decimal_comma + condition_mesure_dec2h + qa_DCO_DBO5 + limites_detection + quarantine_non_convertible,INFERIEUR | SUPERIEUR | DECIMAL_COMMA | SCIENTIFIC_NOTATION | NON_NUMERIC_QUARANTINE | QA_DCO_DBO5 | UNIT_CONFLICT | REFERENCE_ONLY,REFERENCE,1,0,colonne_valeur_absente,QUARANTAINE,Ligne de référentiel/source sans colonne valeur ; hors lot de migration des mesures.
staging,raw_idp_2024_mesures_qualite_marche_cadre,parametre_qualite,val_qual,DCO 2h décant.,dco_2h_decant,DCO,DCO,MAPPED,0.95,à confirmer,mg/L,mg/L,UNIT_ASSUMED,aucune,numeric_decimal_comma + condition_mesure_dec2h + qa_DCO_DBO5 + limites_detection + quarantine_non_convertible,INFERIEUR | SUPERIEUR | DECIMAL_COMMA | SCIENTIFIC_NOTATION | NON_NUMERIC_QUARANTINE | QA_DCO_DBO5 | UNIT_MISSING | UNIT_ASSUMED,MESURE,4,0,aucun exemple non nul,MIGRER_AVEC_FLAG,Unité standard métier appliquée par défaut en l’absence d’unité source fiable.
staging,raw_idp_2024_mesures_qualite_globale,parametre_qualite,val_qual,DCO D 2h,dco_d_2h,DCO,DCO,MAPPED,0.95,à confirmer,mg/L,mg/L,UNIT_ASSUMED,aucune,numeric_decimal_comma + condition_mesure_dec2h + qa_DCO_DBO5 + limites_detection + quarantine_non_convertible,INFERIEUR | SUPERIEUR | DECIMAL_COMMA | SCIENTIFIC_NOTATION | NON_NUMERIC_QUARANTINE | QA_DCO_DBO5 | UNIT_MISSING | UNIT_ASSUMED,MESURE,2,0,aucun exemple non nul,MIGRER_AVEC_FLAG,Unité standard métier appliquée par défaut en l’absence d’unité source fiable.
staging,raw_mesures_qualite_barrages,parametre_qualite,val_qual_barr,DCO_dec2h,dco_dec2h,DCO_dec2h,DCO_DEC2H,MAPPED,0.95,mg O2/L,mg O2/L,mg/L,UNIT_OK,aucune,numeric_decimal_comma + condition_mesure_dec2h + qa_DCO_DBO5 + limites_detection + quarantine_non_convertible,INFERIEUR | SUPERIEUR | DECIMAL_COMMA | SCIENTIFIC_NOTATION | NON_NUMERIC_QUARANTINE | QA_DCO_DBO5 | UNIT_CONFLICT,MESURE,1,0,valeur=34.27; date=2002-11-25; point=3546/8,MIGRER,
staging,raw_mesures_qualite_rivieres,parametre_qualite,val_qual_riv,DCO_dec2h,dco_dec2h,DCO_dec2h,DCO_DEC2H,MAPPED,0.95,mg O2/L,mg O2/L,mg/L,UNIT_OK,aucune,numeric_decimal_comma + condition_mesure_dec2h + qa_DCO_DBO5 + limites_detection + quarantine_non_convertible,INFERIEUR | SUPERIEUR | DECIMAL_COMMA | SCIENTIFIC_NOTATION | NON_NUMERIC_QUARANTINE | QA_DCO_DBO5 | UNIT_CONFLICT,MESURE,57,0,valeur=16; date=1990-01-31; point=2496/15 || valeur=10; date=1990-02-07; point=609/9 || valeur=144; date=1990-03-19; point=1000/23,MIGRER,
staging,raw_types_mesures,parametre_qualite,,DCO_dec2h,dco_dec2h,DCO_dec2h,DCO_DEC2H,MAPPED,0.95,mg O2/L,mg O2/L,mg/L,UNIT_OK,aucune,numeric_decimal_comma + condition_mesure_dec2h + qa_DCO_DBO5 + limites_detection + quarantine_non_convertible,INFERIEUR | SUPERIEUR | DECIMAL_COMMA | SCIENTIFIC_NOTATION | NON_NUMERIC_QUARANTINE | QA_DCO_DBO5 | UNIT_CONFLICT | REFERENCE_ONLY,REFERENCE,1,0,colonne_valeur_absente,QUARANTAINE,Ligne de référentiel/source sans colonne valeur ; hors lot de migration des mesures.
staging,raw_mesures_debit_sources,,debit,debit,debit,Debit,DEBIT,MAPPED,0.90,à confirmer,m3/s,m3/s,UNIT_ASSUMED,aucune,numeric_decimal_comma + timestep + flags_series_temporelles + quarantine_non_convertible,INFERIEUR | SUPERIEUR | DECIMAL_COMMA | SCIENTIFIC_NOTATION | NON_NUMERIC_QUARANTINE | FLAG_GAP_TIME_SERIES | FLAG_TIMESTEP_IRREGULAR | FLAG_DUPLICATE_TIMESTEP | UNIT_MISSING | UNIT_ASSUMED,MESURE,2816,0,valeur=842; date=n/a; point=n/a || valeur=273; date=n/a; point=n/a || valeur=2206; date=n/a; point=n/a,MIGRER_AVEC_FLAG,Unité standard métier appliquée par défaut en l’absence d’unité source fiable.
staging,raw_mesures_qualite_barrages,parametre_qualite,val_qual_barr,Debit,debit,Debit,DEBIT,MAPPED,0.90,m³/s,m3/s,m3/s,UNIT_OK,aucune,numeric_decimal_comma + timestep + flags_series_temporelles + quarantine_non_convertible,INFERIEUR | SUPERIEUR | DECIMAL_COMMA | SCIENTIFIC_NOTATION | NON_NUMERIC_QUARANTINE | FLAG_GAP_TIME_SERIES | FLAG_TIMESTEP_IRREGULAR | FLAG_DUPLICATE_TIMESTEP | UNIT_UNKNOWN,MESURE,8,0,valeur=369; date=1988-10-14; point=788/21 || valeur=5050; date=1989-03-24; point=788/21 || valeur=4100; date=1990-01-30; point=788/21,MIGRER_AVEC_FLAG,
staging,raw_mesures_qualite_nappes,parametre_qualite,val_qual_nap,Debit,debit,Debit,DEBIT,MAPPED,0.90,m³/s,m3/s,m3/s,UNIT_OK,aucune,numeric_decimal_comma + timestep + flags_series_temporelles + quarantine_non_convertible,INFERIEUR | SUPERIEUR | DECIMAL_COMMA | SCIENTIFIC_NOTATION | NON_NUMERIC_QUARANTINE | FLAG_GAP_TIME_SERIES | FLAG_TIMESTEP_IRREGULAR | FLAG_DUPLICATE_TIMESTEP | UNIT_UNKNOWN,MESURE,5,0,valeur=519; date=1988-10-19; point=1475/9 || valeur=31.6; date=1990-09-20; point=1182/14 || valeur=10; date=1990-09-21; point=2881/15,MIGRER_AVEC_FLAG,
staging,raw_mesures_qualite_rivieres,parametre_qualite,val_qual_riv,Debit,debit,Debit,DEBIT,MAPPED,0.90,m³/s,m3/s,m3/s,UNIT_OK,aucune,numeric_decimal_comma + timestep + flags_series_temporelles + quarantine_non_convertible,INFERIEUR | SUPERIEUR | DECIMAL_COMMA | SCIENTIFIC_NOTATION | NON_NUMERIC_QUARANTINE | FLAG_GAP_TIME_SERIES | FLAG_TIMESTEP_IRREGULAR | FLAG_DUPLICATE_TIMESTEP | UNIT_UNKNOWN,MESURE,162,0,valeur=148; date=1988-09-22; point=1000/23 || valeur=25.4; date=1988-10-04; point=2169/15 || valeur=5190; date=1988-10-05; point=2496/15,MIGRER_AVEC_FLAG,
staging,raw_types_mesures,parametre_qualite,,Debit,debit,Debit,DEBIT,MAPPED,0.90,m³/s,m3/s,m3/s,UNIT_OK,aucune,numeric_decimal_comma + timestep + flags_series_temporelles + quarantine_non_convertible,INFERIEUR | SUPERIEUR | DECIMAL_COMMA | SCIENTIFIC_NOTATION | NON_NUMERIC_QUARANTINE | FLAG_GAP_TIME_SERIES | FLAG_TIMESTEP_IRREGULAR | FLAG_DUPLICATE_TIMESTEP | UNIT_UNKNOWN | REFERENCE_ONLY,REFERENCE,1,0,colonne_valeur_absente,QUARANTAINE,Ligne de référentiel/source sans colonne valeur ; hors lot de migration des mesures.
staging,raw_mesures_debit_jr,,debit_jr,debit_jr,debit_jr,Debit,DEBIT,MAPPED,0.90,à confirmer,m3/s,m3/s,UNIT_ASSUMED,aucune,numeric_decimal_comma + timestep + flags_series_temporelles + quarantine_non_convertible,INFERIEUR | SUPERIEUR | DECIMAL_COMMA | SCIENTIFIC_NOTATION | NON_NUMERIC_QUARANTINE | FLAG_GAP_TIME_SERIES | FLAG_TIMESTEP_IRREGULAR | FLAG_DUPLICATE_TIMESTEP | UNIT_MISSING | UNIT_ASSUMED | ATTR_TIME_STEP_JOURNALIER,MESURE,521433,0,valeur=0.0702; date=1984-09-01; point=1000/23 || valeur=0.0702; date=1984-09-02; point=1000/23 || valeur=0.074; date=1984-09-03; point=1000/23,MIGRER_AVEC_FLAG,Unité standard métier appliquée par défaut en l’absence d’unité source fiable.
staging,raw_rejets_domestiques_abhs,,debit_l_s,debit_l_s,debit_l_s,Debit,DEBIT,MAPPED,0.90,L/s,m3/s,m3/s,UNIT_CONVERTED,value / 1000,numeric_decimal_comma + timestep + flags_series_temporelles + quarantine_non_convertible,INFERIEUR | SUPERIEUR | DECIMAL_COMMA | SCIENTIFIC_NOTATION | NON_NUMERIC_QUARANTINE | FLAG_GAP_TIME_SERIES | FLAG_TIMESTEP_IRREGULAR | FLAG_DUPLICATE_TIMESTEP | UNIT_UNKNOWN | UNIT_CONVERTED,MESURE,362,0,valeur=0.2; date=n/a; point=044810107 || valeur=1.2; date=n/a; point=035310515 || valeur=NaN; date=n/a; point=035910507,MIGRER_AVEC_FLAG,Conversion d’unité à appliquer lors du chargement contrôlé.
staging,raw_mesures_debit_m,,debit_m,debit_m,debit_m,Debit,DEBIT,MAPPED,0.90,m,m,m3/s,UNIT_OK,aucune,numeric_decimal_comma + timestep + flags_series_temporelles + quarantine_non_convertible,INFERIEUR | SUPERIEUR | DECIMAL_COMMA | SCIENTIFIC_NOTATION | NON_NUMERIC_QUARANTINE | FLAG_GAP_TIME_SERIES | FLAG_TIMESTEP_IRREGULAR | FLAG_DUPLICATE_TIMESTEP | UNIT_UNKNOWN | ATTR_TIME_STEP_MENSUEL,MESURE,19316,0,valeur=17.53347059; date=Février; point=581/22 || valeur=27.22322581; date=Mars; point=581/22 || valeur=71.04573333; date=Avril; point=581/22,MIGRER_AVEC_FLAG,
staging,raw_mesures_qualite_barrages,parametre_qualite,val_qual_barr,Detergent,detergent,Detergent,DETERGENT,MAPPED,0.95,mg/L,mg/L,mg/L,UNIT_OK,aucune,numeric_decimal_comma + limites_detection + quarantine_non_convertible,INFERIEUR | SUPERIEUR | DECIMAL_COMMA | SCIENTIFIC_NOTATION | NON_NUMERIC_QUARANTINE | UNIT_OK,MESURE,1,0,valeur=0.15; date=1990-08-17; point=788/21,MIGRER,
staging,raw_mesures_qualite_nappes,parametre_qualite,val_qual_nap,Detergent,detergent,Detergent,DETERGENT,MAPPED,0.95,mg/L,mg/L,mg/L,UNIT_OK,aucune,numeric_decimal_comma + limites_detection + quarantine_non_convertible,INFERIEUR | SUPERIEUR | DECIMAL_COMMA | SCIENTIFIC_NOTATION | NON_NUMERIC_QUARANTINE | UNIT_OK,MESURE,1,0,valeur=0.59; date=1993-08-10; point=897/16,MIGRER,
staging,raw_mesures_qualite_rivieres,parametre_qualite,val_qual_riv,Detergent,detergent,Detergent,DETERGENT,MAPPED,0.95,mg/L,mg/L,mg/L,UNIT_OK,aucune,numeric_decimal_comma + limites_detection + quarantine_non_convertible,INFERIEUR | SUPERIEUR | DECIMAL_COMMA | SCIENTIFIC_NOTATION | NON_NUMERIC_QUARANTINE | UNIT_OK,MESURE,189,0,valeur=0.04; date=1990-01-31; point=2496/15 || valeur=0.04; date=1990-02-01; point=1359/8 || valeur=0.9; date=1990-02-05; point=3261/14,MIGRER,
staging,raw_types_mesures,parametre_qualite,,Detergent,detergent,Detergent,DETERGENT,MAPPED,0.95,mg/L,mg/L,mg/L,UNIT_OK,aucune,numeric_decimal_comma + limites_detection + quarantine_non_convertible,INFERIEUR | SUPERIEUR | DECIMAL_COMMA | SCIENTIFIC_NOTATION | NON_NUMERIC_QUARANTINE | UNIT_OK | REFERENCE_ONLY,REFERENCE,1,0,colonne_valeur_absente,QUARANTAINE,Ligne de référentiel/source sans colonne valeur ; hors lot de migration des mesures.
staging,raw_mesures_qualite_rivieres,parametre_qualite,val_qual_riv,Detergent_non_ionique,detergent_non_ionique,Detergent,DETERGENT,MAPPED,0.95,à confirmer,mg/L,mg/L,UNIT_ASSUMED,aucune,numeric_decimal_comma + limites_detection + quarantine_non_convertible,INFERIEUR | SUPERIEUR | DECIMAL_COMMA | SCIENTIFIC_NOTATION | NON_NUMERIC_QUARANTINE | UNIT_MISSING | UNIT_ASSUMED,MESURE,2,0,valeur=0; date=1994-07-06; point=1508/9 || valeur=0; date=1994-07-11; point=3502/8,MIGRER_AVEC_FLAG,Unité standard métier appliquée par défaut en l’absence d’unité source fiable.
staging,raw_rejets_domestiques_abhs,,dimension,dimension,dimension,Dimension,DIMENSION,MAPPED,0.95,à confirmer,—,—,UNIT_ASSUMED,aucune,numeric_decimal_comma + limites_detection + quarantine_non_convertible,INFERIEUR | SUPERIEUR | DECIMAL_COMMA | SCIENTIFIC_NOTATION | NON_NUMERIC_QUARANTINE | UNIT_MISSING | UNIT_ASSUMED,MESURE,362,0,valeur=1000; date=n/a; point=042910101 || valeur=300; date=n/a; point=014051111 || valeur=400; date=n/a; point=030610309,MIGRER_AVEC_FLAG,Unité standard métier appliquée par défaut en l’absence d’unité source fiable.
staging,raw_idp_2024_src_pollution_globale,parametre,disqu_secchi,disqu_secchi,disqu_secchi,Disque_Secchi,DISQUE_SECCHI,MAPPED,0.95,à confirmer,m,m,UNIT_ASSUMED,aucune,numeric_decimal_comma + limites_detection + quarantine_non_convertible,INFERIEUR | SUPERIEUR | DECIMAL_COMMA | SCIENTIFIC_NOTATION | NON_NUMERIC_QUARANTINE | UNIT_MISSING | UNIT_ASSUMED,MESURE,243,0,aucun exemple non nul,MIGRER_AVEC_FLAG,Unité standard métier appliquée par défaut en l’absence d’unité source fiable.
staging,raw_idp_2024_src_pollution_marche_cadre,parametre,disqu_secchi,disqu_secchi,disqu_secchi,Disque_Secchi,DISQUE_SECCHI,MAPPED,0.95,à confirmer,m,m,UNIT_ASSUMED,aucune,numeric_decimal_comma + limites_detection + quarantine_non_convertible,INFERIEUR | SUPERIEUR | DECIMAL_COMMA | SCIENTIFIC_NOTATION | NON_NUMERIC_QUARANTINE | UNIT_MISSING | UNIT_ASSUMED,MESURE,148,0,aucun exemple non nul,MIGRER_AVEC_FLAG,Unité standard métier appliquée par défaut en l’absence d’unité source fiable.
staging,raw_mesures_qualite_barrages,parametre_qualite,val_qual_barr,Disque_secchi,disque_secchi,Disque_Secchi,DISQUE_SECCHI,MAPPED,0.95,m,m,m,UNIT_OK,aucune,numeric_decimal_comma + limites_detection + quarantine_non_convertible,INFERIEUR | SUPERIEUR | DECIMAL_COMMA | SCIENTIFIC_NOTATION | NON_NUMERIC_QUARANTINE | UNIT_OK,MESURE,279,0,valeur=9; date=1990-08-17; point=788/21 || valeur=0.4; date=1991-10-24; point=3264/15 || valeur=0.66; date=1991-10-29; point=3907/14,MIGRER,
staging,raw_mesures_qualite_nappes,parametre_qualite,val_qual_nap,Disque_secchi,disque_secchi,Disque_Secchi,DISQUE_SECCHI,MAPPED,0.95,m,m,m,UNIT_OK,aucune,numeric_decimal_comma + limites_detection + quarantine_non_convertible,INFERIEUR | SUPERIEUR | DECIMAL_COMMA | SCIENTIFIC_NOTATION | NON_NUMERIC_QUARANTINE | UNIT_OK,MESURE,1,0,valeur=0.17; date=1991-10-03; point=788/22,MIGRER,
staging,raw_mesures_qualite_rivieres,parametre_qualite,val_qual_riv,Disque_secchi,disque_secchi,Disque_Secchi,DISQUE_SECCHI,MAPPED,0.95,m,m,m,UNIT_OK,aucune,numeric_decimal_comma + limites_detection + quarantine_non_convertible,INFERIEUR | SUPERIEUR | DECIMAL_COMMA | SCIENTIFIC_NOTATION | NON_NUMERIC_QUARANTINE | UNIT_OK,MESURE,87,0,valeur=10; date=1989-03-23; point=1540/15 || valeur=8; date=1989-04-02; point=3396/15 || valeur=25; date=1990-08-01; point=551/16,MIGRER,
staging,raw_types_mesures,parametre_qualite,,Disque_secchi,disque_secchi,Disque_Secchi,DISQUE_SECCHI,MAPPED,0.95,m,m,m,UNIT_OK,aucune,numeric_decimal_comma + limites_detection + quarantine_non_convertible,INFERIEUR | SUPERIEUR | DECIMAL_COMMA | SCIENTIFIC_NOTATION | NON_NUMERIC_QUARANTINE | UNIT_OK | REFERENCE_ONLY,REFERENCE,1,0,colonne_valeur_absente,QUARANTAINE,Ligne de référentiel/source sans colonne valeur ; hors lot de migration des mesures.
staging,raw_suivi_qualite_brg_garde_hebdo,parametre_qualite,val_qual_brg_garde_hebdo,DisquedeSecchi(m),disquedesecchi_m,Disque_Secchi,DISQUE_SECCHI,MAPPED,0.95,à confirmer,m,m,UNIT_ASSUMED,aucune,numeric_decimal_comma + limites_detection + quarantine_non_convertible,INFERIEUR | SUPERIEUR | DECIMAL_COMMA | SCIENTIFIC_NOTATION | NON_NUMERIC_QUARANTINE | UNIT_MISSING | UNIT_ASSUMED,MESURE,182,0,valeur=1.2; date=2024-01-03; point=n/a || valeur=0.75; date=2024-01-10; point=n/a || valeur=0.65; date=2024-01-17; point=n/a,MIGRER_AVEC_FLAG,Unité standard métier appliquée par défaut en l’absence d’unité source fiable.
staging,raw_points_eau_abhs,,dist_pt_eau_foyer_pollut_m,dist_pt_eau_foyer_pollut_m,dist_pt_eau_foyer_pollut_m,Dist_foyer,DIST_FOYER,MAPPED,0.95,m,m,m,UNIT_OK,aucune,numeric_decimal_comma + limites_detection + quarantine_non_convertible,INFERIEUR | SUPERIEUR | DECIMAL_COMMA | SCIENTIFIC_NOTATION | NON_NUMERIC_QUARANTINE | UNIT_OK,MESURE,46,0,valeur=800; date=n/a; point=042810503 || valeur=120; date=n/a; point=042810909 || valeur=100; date=n/a; point=032710301,MIGRER,
staging,raw_idp_2024_src_pollution_globale,parametre,eau_ss_terr_niv_statique_m_sol,eau_ss_terr_niv_statique_m_sol,eau_ss_terr_niv_statique_m_sol,Eau_ss_terr,EAU_SS_TERR,MAPPED,0.95,à confirmer,m,m,UNIT_ASSUMED,aucune,numeric_decimal_comma + limites_detection + quarantine_non_convertible,INFERIEUR | SUPERIEUR | DECIMAL_COMMA | SCIENTIFIC_NOTATION | NON_NUMERIC_QUARANTINE | UNIT_MISSING | UNIT_ASSUMED,MESURE,243,0,aucun exemple non nul,MIGRER_AVEC_FLAG,Unité standard métier appliquée par défaut en l’absence d’unité source fiable.
staging,raw_mesures_qualite_barrages,parametre_qualite,val_qual_barr,Eh,eh,Eh,EH,MAPPED,0.95,mV,mV,mV,UNIT_OK,aucune,numeric_decimal_comma + limites_detection + quarantine_non_convertible,INFERIEUR | SUPERIEUR | DECIMAL_COMMA | SCIENTIFIC_NOTATION | NON_NUMERIC_QUARANTINE | UNIT_OK,MESURE,6,0,valeur=129; date=1990-08-17; point=788/21 || valeur=360; date=1991-09-27; point=788/21 || valeur=359; date=1991-10-24; point=3264/15,MIGRER,
staging,raw_mesures_qualite_nappes,parametre_qualite,val_qual_nap,Eh,eh,Eh,EH,MAPPED,0.95,mV,mV,mV,UNIT_OK,aucune,numeric_decimal_comma + limites_detection + quarantine_non_convertible,INFERIEUR | SUPERIEUR | DECIMAL_COMMA | SCIENTIFIC_NOTATION | NON_NUMERIC_QUARANTINE | UNIT_OK,MESURE,3,0,valeur=141; date=1990-09-20; point=1182/14 || valeur=-330; date=1990-09-21; point=2881/15 || valeur=340; date=1991-10-03; point=788/22,MIGRER,
staging,raw_mesures_qualite_rivieres,parametre_qualite,val_qual_riv,Eh,eh,Eh,EH,MAPPED,0.95,mV,mV,mV,UNIT_OK,aucune,numeric_decimal_comma + limites_detection + quarantine_non_convertible,INFERIEUR | SUPERIEUR | DECIMAL_COMMA | SCIENTIFIC_NOTATION | NON_NUMERIC_QUARANTINE | UNIT_OK,MESURE,86,0,valeur=143; date=1990-02-05; point=3261/14 || valeur=217; date=1990-02-05; point=3514/8 || valeur=208; date=1990-02-06; point=1217/9,MIGRER,
staging,raw_types_mesures,parametre_qualite,,Eh,eh,Eh,EH,MAPPED,0.95,mV,mV,mV,UNIT_OK,aucune,numeric_decimal_comma + limites_detection + quarantine_non_convertible,INFERIEUR | SUPERIEUR | DECIMAL_COMMA | SCIENTIFIC_NOTATION | NON_NUMERIC_QUARANTINE | UNIT_OK | REFERENCE_ONLY,REFERENCE,1,0,colonne_valeur_absente,QUARANTAINE,Ligne de référentiel/source sans colonne valeur ; hors lot de migration des mesures.
staging,raw_mesures_qualite_nappes,parametre_qualite,val_qual_nap,F,f,F-,F,MAPPED,0.95,à confirmer,mg/L,mg/L,UNIT_ASSUMED,aucune,numeric_decimal_comma + limites_detection + quarantine_non_convertible,INFERIEUR | SUPERIEUR | DECIMAL_COMMA | SCIENTIFIC_NOTATION | NON_NUMERIC_QUARANTINE | UNIT_MISSING | UNIT_ASSUMED,MESURE,5,0,valeur=1.2; date=1993-08-10; point=897/16 || valeur=690; date=1994-07-25; point=1095/15 || valeur=644; date=1994-08-03; point=330/21,MIGRER_AVEC_FLAG,Unité standard métier appliquée par défaut en l’absence d’unité source fiable.
staging,raw_mesures_qualite_rivieres,parametre_qualite,val_qual_riv,F,f,F-,F,MAPPED,0.95,à confirmer,mg/L,mg/L,UNIT_ASSUMED,aucune,numeric_decimal_comma + limites_detection + quarantine_non_convertible,INFERIEUR | SUPERIEUR | DECIMAL_COMMA | SCIENTIFIC_NOTATION | NON_NUMERIC_QUARANTINE | UNIT_MISSING | UNIT_ASSUMED,MESURE,56,0,valeur=0.2; date=1993-03-09; point=756/16 || valeur=0.5; date=1993-03-12; point=2400/14 || valeur=0.3; date=1993-03-18; point=3261/14,MIGRER_AVEC_FLAG,Unité standard métier appliquée par défaut en l’absence d’unité source fiable.
staging,raw_suivi_qualite_brg_garde_hebdo,parametre_qualite,val_qual_brg_garde_hebdo,F-(mg/l),f_mg_l,F-,F,MAPPED,0.95,mg/l,mg/L,mg/L,UNIT_OK,aucune,numeric_decimal_comma + limites_detection + quarantine_non_convertible,INFERIEUR | SUPERIEUR | DECIMAL_COMMA | SCIENTIFIC_NOTATION | NON_NUMERIC_QUARANTINE | UNIT_OK,MESURE,181,0,valeur=0.178; date=2024-11-20; point=n/a || valeur=0.239; date=2024-12-11; point=n/a || valeur=0.233; date=2025-01-08; point=n/a,MIGRER,
staging,raw_mesures_qualite_barrages,parametre_qualite,val_qual_barr,F_M_mes,f_m_mes,FM,FM,MAPPED,0.95,mg/L,mg/L,mg/L,UNIT_OK,aucune,numeric_decimal_comma + limites_detection + quarantine_non_convertible,INFERIEUR | SUPERIEUR | DECIMAL_COMMA | SCIENTIFIC_NOTATION | NON_NUMERIC_QUARANTINE | UNIT_UNKNOWN | EXCLU_RETOUR_METIER,EXCLUSION_METIER,3,0,valeur=38.4; date=1996-05-29; point=3323/8 || valeur=55.4; date=1996-06-12; point=3264/15 || valeur=0.059; date=2006-04-20; point=1710/9,QUARANTAINE,Paramètre explicitement écarté dans le retour métier.
staging,raw_mesures_qualite_nappes,parametre_qualite,val_qual_nap,F_M_mes,f_m_mes,FM,FM,MAPPED,0.95,mg/L,mg/L,mg/L,UNIT_OK,aucune,numeric_decimal_comma + limites_detection + quarantine_non_convertible,INFERIEUR | SUPERIEUR | DECIMAL_COMMA | SCIENTIFIC_NOTATION | NON_NUMERIC_QUARANTINE | UNIT_UNKNOWN | EXCLU_RETOUR_METIER,EXCLUSION_METIER,1,0,valeur=0.161; date=2006-12-13; point=2797/15,QUARANTAINE,Paramètre explicitement écarté dans le retour métier.
staging,raw_mesures_qualite_rivieres,parametre_qualite,val_qual_riv,F_M_mes,f_m_mes,FM,FM,MAPPED,0.95,mg/L,mg/L,mg/L,UNIT_OK,aucune,numeric_decimal_comma + limites_detection + quarantine_non_convertible,INFERIEUR | SUPERIEUR | DECIMAL_COMMA | SCIENTIFIC_NOTATION | NON_NUMERIC_QUARANTINE | UNIT_UNKNOWN | EXCLU_RETOUR_METIER,EXCLUSION_METIER,7,0,valeur=0; date=1994-07-06; point=1508/9 || valeur=0; date=1994-07-11; point=3502/8 || valeur=12.4; date=1994-09-21; point=756/16,QUARANTAINE,Paramètre explicitement écarté dans le retour métier.
staging,raw_types_mesures,parametre_qualite,,F_M_mes,f_m_mes,FM,FM,MAPPED,0.95,mg/L,mg/L,mg/L,UNIT_OK,aucune,numeric_decimal_comma + limites_detection + quarantine_non_convertible,INFERIEUR | SUPERIEUR | DECIMAL_COMMA | SCIENTIFIC_NOTATION | NON_NUMERIC_QUARANTINE | UNIT_UNKNOWN | REFERENCE_ONLY,REFERENCE,1,0,colonne_valeur_absente,QUARANTAINE,Ligne de référentiel/source sans colonne valeur ; hors lot de migration des mesures.
staging,raw_idp_2024_mesures_qualite_globale,parametre_qualite,val_qual,Pb,pb,Pb,PB,MAPPED,0.95,à confirmer,mg/L,mg/L,UNIT_ASSUMED,aucune,numeric_decimal_comma + limites_detection + quarantine_non_convertible,INFERIEUR | SUPERIEUR | DECIMAL_COMMA | SCIENTIFIC_NOTATION | NON_NUMERIC_QUARANTINE | UNIT_MISSING | NON_NUMERIC_PRESENT | UNIT_ASSUMED,MESURE,46,30,"valeur=<0,005; date=2024-09-13; point=S8 (Aval Ferme Agricole sidi kamel) || valeur=<0,005; date=2024-09-18; point=S29 (Aval_Conf_Rejet_Douar Ouled Jrir || valeur=<0,005; date=2024-09-18; point=S30 (Aval_Conf_Rejet_SHZ (Sidi Harazem)",MIGRER_AVEC_FLAG,Unité standard métier appliquée par défaut en l’absence d’unité source fiable.
staging,raw_idp_2024_mesures_qualite_marche_cadre,parametre_qualite,val_qual,PT,pt,PT,PT,MAPPED,0.95,à confirmer,mg/L,mg/L,UNIT_ASSUMED,aucune,numeric_decimal_comma + limites_detection + quarantine_non_convertible,INFERIEUR | SUPERIEUR | DECIMAL_COMMA | SCIENTIFIC_NOTATION | NON_NUMERIC_QUARANTINE | UNIT_MISSING | NON_NUMERIC_PRESENT | UNIT_ASSUMED,MESURE,77,30,"valeur=4,49; date=2025-10-06; point=DAYAT FOUARATE || valeur=0,303; date=2025-10-06; point=DAYAT SIDI BOUGHABA || valeur=9,55; date=2025-10-07; point=AVAL STEP SIDI SLIMANE",MIGRER_AVEC_FLAG,Unité standard métier appliquée par défaut en l’absence d’unité source fiable.
staging,raw_mesures_qualite_barrages,parametre_qualite,val_qual_barr,Fe,fe,Fe,FE,MAPPED,0.95,mg/L,mg/L,mg/L,UNIT_OK,aucune,numeric_decimal_comma + forme_chimique_obligatoire + limites_detection + quarantine_si_forme_absente,INFERIEUR | SUPERIEUR | DECIMAL_COMMA | SCIENTIFIC_NOTATION | NON_NUMERIC_QUARANTINE | FORME_CHIMIQUE_GEREE_D3_1 | UNIT_OK | FORME_CHIMIQUE_TOTAL_DEDUITE,MESURE,186,0,valeur=0.75; date=1991-11-22; point=3907/14 || valeur=0.4; date=1991-11-25; point=3323/8 || valeur=0.99; date=1994-10-14; point=3323/8,MIGRER,
staging,raw_mesures_qualite_nappes,parametre_qualite,val_qual_nap,Fe,fe,Fe,FE,MAPPED,0.95,mg/L,mg/L,mg/L,UNIT_OK,aucune,numeric_decimal_comma + forme_chimique_obligatoire + limites_detection + quarantine_si_forme_absente,INFERIEUR | SUPERIEUR | DECIMAL_COMMA | SCIENTIFIC_NOTATION | NON_NUMERIC_QUARANTINE | FORME_CHIMIQUE_GEREE_D3_1 | UNIT_OK | FORME_CHIMIQUE_TOTAL_DEDUITE,MESURE,689,0,valeur=0.16; date=1991-03-22; point=1161/15 || valeur=0.14; date=1991-03-26; point=160/15 || valeur=0.031; date=1991-03-27; point=2881/15,MIGRER,
staging,raw_mesures_qualite_rivieres,parametre_qualite,val_qual_riv,Fe,fe,Fe,FE,MAPPED,0.95,mg/L,mg/L,mg/L,UNIT_OK,aucune,numeric_decimal_comma + forme_chimique_obligatoire + limites_detection + quarantine_si_forme_absente,INFERIEUR | SUPERIEUR | DECIMAL_COMMA | SCIENTIFIC_NOTATION | NON_NUMERIC_QUARANTINE | FORME_CHIMIQUE_GEREE_D3_1 | UNIT_OK | FORME_CHIMIQUE_TOTAL_DEDUITE,MESURE,300,0,valeur=87.5; date=1988-10-05; point=2496/15 || valeur=0.78; date=1988-10-06; point=1236/14 || valeur=1680; date=1989-03-23; point=609/9,MIGRER,
staging,raw_types_mesures,parametre_qualite,,Fe,fe,Fe,FE,MAPPED,0.95,mg/L,mg/L,mg/L,UNIT_OK,aucune,numeric_decimal_comma + forme_chimique_obligatoire + limites_detection + quarantine_si_forme_absente,INFERIEUR | SUPERIEUR | DECIMAL_COMMA | SCIENTIFIC_NOTATION | NON_NUMERIC_QUARANTINE | FORME_CHIMIQUE_GEREE_D3_1 | UNIT_OK | FORME_CHIMIQUE_TOTAL_DEDUITE | REFERENCE_ONLY,REFERENCE,1,0,colonne_valeur_absente,QUARANTAINE,Ligne de référentiel/source sans colonne valeur ; hors lot de migration des mesures.
staging,raw_idp_2024_mesures_qualite_globale,parametre_qualite,val_qual,Mn,mn,Mn,MN,MAPPED,0.95,mg/L,mg/L,mg/L,UNIT_OK,aucune,numeric_decimal_comma + forme_chimique_si_detectable + limites_detection + quarantine_non_convertible,INFERIEUR | SUPERIEUR | DECIMAL_COMMA | SCIENTIFIC_NOTATION | NON_NUMERIC_QUARANTINE | FORME_CHIMIQUE_OPTIONNELLE | UNIT_OK | NON_NUMERIC_PRESENT,MESURE,73,29,"valeur=<0,005; date=2024-09-13; point=S8 (Aval Ferme Agricole sidi kamel) || valeur=<0,005; date=2024-09-18; point=S29 (Aval_Conf_Rejet_Douar Ouled Jrir || valeur=<0,005; date=2024-09-18; point=S30 (Aval_Conf_Rejet_SHZ (Sidi Harazem)",MIGRER_AVEC_FLAG,
staging,raw_idp_2024_mesures_qualite_marche_cadre,parametre_qualite,val_qual,Fe2+,fe2plus,Fe,FE,MAPPED,0.95,à confirmer,mg/L,mg/L,UNIT_ASSUMED,aucune,numeric_decimal_comma + forme_chimique_obligatoire + limites_detection + quarantine_si_forme_absente,INFERIEUR | SUPERIEUR | DECIMAL_COMMA | SCIENTIFIC_NOTATION | NON_NUMERIC_QUARANTINE | FORME_CHIMIQUE_GEREE_D3_1 | UNIT_MISSING | NON_NUMERIC_PRESENT | FORME_CHIMIQUE_FE2_DEDUITE | UNIT_ASSUMED | ATTR_FORME_CHIMIQUE_DEDUITE,MESURE,38,28,"valeur=<0,050; date=2025-10-06; point=DAYAT FOUARATE || valeur=0,074; date=2025-10-06; point=DAYAT SIDI BOUGHABA || valeur=0,054; date=2025-10-13; point=BARRAGE DE GARDE  (SURFACE)",MIGRER_AVEC_FLAG,Unité standard métier appliquée par défaut en l’absence d’unité source fiable.
staging,raw_idp_2024_mesures_qualite_marche_cadre,parametre_qualite,val_qual,Fer,fer,Fe,FE,MAPPED,0.95,à confirmer,mg/L,mg/L,UNIT_ASSUMED,aucune,numeric_decimal_comma + forme_chimique_obligatoire + limites_detection + quarantine_si_forme_absente,INFERIEUR | SUPERIEUR | DECIMAL_COMMA | SCIENTIFIC_NOTATION | NON_NUMERIC_QUARANTINE | FORME_CHIMIQUE_GEREE_D3_1 | UNIT_MISSING | FORME_CHIMIQUE_TOTAL_DEDUITE | UNIT_ASSUMED,MESURE,8,0,"valeur=0,0882; date=2025-10-08; point=STATION PONT MECHRAA BEL KSIRI || valeur=0,0427; date=2025-10-08; point=PONT KHENICHET || valeur=0,063; date=2025-10-10; point=AMONT KENITRA",MIGRER_AVEC_FLAG,Unité standard métier appliquée par défaut en l’absence d’unité source fiable.
staging,raw_suivi_qualite_brg_garde_hebdo,parametre_qualite,val_qual_brg_garde_hebdo,Fer(mg/l),fer_mg_l,Fe,FE,MAPPED,0.95,mg/l,mg/L,mg/L,UNIT_OK,aucune,numeric_decimal_comma + forme_chimique_obligatoire + limites_detection + quarantine_si_forme_absente,INFERIEUR | SUPERIEUR | DECIMAL_COMMA | SCIENTIFIC_NOTATION | NON_NUMERIC_QUARANTINE | FORME_CHIMIQUE_GEREE_D3_1 | UNIT_OK | FORME_CHIMIQUE_TOTAL_DEDUITE,MESURE,182,0,valeur=0.103; date=2024-11-20; point=n/a || valeur=0.096; date=2024-12-11; point=n/a || valeur=0.086; date=2025-01-08; point=n/a,MIGRER,
staging,raw_suivi_qualite_brg_garde_hebdo,parametre_qualite,val_qual_brg_garde_hebdo,Ferdissous(mg/l),ferdissous_mg_l,Fe,FE,MAPPED,0.95,mg/l,mg/L,mg/L,UNIT_OK,aucune,numeric_decimal_comma + forme_chimique_obligatoire + limites_detection + quarantine_si_forme_absente,INFERIEUR | SUPERIEUR | DECIMAL_COMMA | SCIENTIFIC_NOTATION | NON_NUMERIC_QUARANTINE | FORME_CHIMIQUE_GEREE_D3_1 | UNIT_OK | FORME_CHIMIQUE_DISSOUTE_DEDUITE,MESURE,182,0,valeur=0.036; date=2024-01-03; point=n/a || valeur=0.05; date=2024-01-10; point=n/a || valeur=0.05; date=2024-01-17; point=n/a,MIGRER,
staging,raw_mesures_qualite_barrages,parametre_qualite,val_qual_barr,FeT,fet,Fe,FE,MAPPED,0.95,mg/L,mg/L,mg/L,UNIT_OK,aucune,numeric_decimal_comma + forme_chimique_obligatoire + limites_detection + quarantine_si_forme_absente,INFERIEUR | SUPERIEUR | DECIMAL_COMMA | SCIENTIFIC_NOTATION | NON_NUMERIC_QUARANTINE | FORME_CHIMIQUE_GEREE_D3_1 | UNIT_OK | FORME_CHIMIQUE_TOTAL_DEDUITE,MESURE,94,0,valeur=2.5; date=2002-02-18; point=3546/8 || valeur=0.339; date=2004-01-21; point=1710/9 || valeur=0.152; date=2004-01-22; point=3264/15,MIGRER,
staging,raw_mesures_qualite_nappes,parametre_qualite,val_qual_nap,FeT,fet,Fe,FE,MAPPED,0.95,mg/L,mg/L,mg/L,UNIT_OK,aucune,numeric_decimal_comma + forme_chimique_obligatoire + limites_detection + quarantine_si_forme_absente,INFERIEUR | SUPERIEUR | DECIMAL_COMMA | SCIENTIFIC_NOTATION | NON_NUMERIC_QUARANTINE | FORME_CHIMIQUE_GEREE_D3_1 | UNIT_OK | FORME_CHIMIQUE_TOTAL_DEDUITE,MESURE,1560,0,valeur=0.1; date=1999-06-23; point=2626/14 || valeur=0.437; date=1999-06-24; point=1025/14 || valeur=0.11; date=1999-06-24; point=3290/14,MIGRER,
staging,raw_mesures_qualite_rivieres,parametre_qualite,val_qual_riv,FeT,fet,Fe,FE,MAPPED,0.95,mg/L,mg/L,mg/L,UNIT_OK,aucune,numeric_decimal_comma + forme_chimique_obligatoire + limites_detection + quarantine_si_forme_absente,INFERIEUR | SUPERIEUR | DECIMAL_COMMA | SCIENTIFIC_NOTATION | NON_NUMERIC_QUARANTINE | FORME_CHIMIQUE_GEREE_D3_1 | UNIT_OK | FORME_CHIMIQUE_TOTAL_DEDUITE,MESURE,417,0,valeur=0; date=1994-07-06; point=1508/9 || valeur=0; date=1994-07-11; point=3502/8 || valeur=4.23; date=1997-12-17; point=2897/14,MIGRER,
staging,raw_types_mesures,parametre_qualite,,FeT,fet,Fe,FE,MAPPED,0.95,mg/L,mg/L,mg/L,UNIT_OK,aucune,numeric_decimal_comma + forme_chimique_obligatoire + limites_detection + quarantine_si_forme_absente,INFERIEUR | SUPERIEUR | DECIMAL_COMMA | SCIENTIFIC_NOTATION | NON_NUMERIC_QUARANTINE | FORME_CHIMIQUE_GEREE_D3_1 | UNIT_OK | FORME_CHIMIQUE_TOTAL_DEDUITE | REFERENCE_ONLY,REFERENCE,1,0,colonne_valeur_absente,QUARANTAINE,Ligne de référentiel/source sans colonne valeur ; hors lot de migration des mesures.
staging,raw_mesures_qualite_barrages,parametre_qualite,val_qual_barr,FM,fm,FM,FM,MAPPED,0.95,à confirmer,mg/L,mg/L,UNIT_ASSUMED,aucune,numeric_decimal_comma + limites_detection + quarantine_non_convertible,INFERIEUR | SUPERIEUR | DECIMAL_COMMA | SCIENTIFIC_NOTATION | NON_NUMERIC_QUARANTINE | UNIT_MISSING | UNIT_ASSUMED | EXCLU_RETOUR_METIER,EXCLUSION_METIER,1,0,valeur=38.4; date=1996-05-29; point=3323/8,QUARANTAINE,Paramètre explicitement écarté dans le retour métier.
staging,raw_mesures_qualite_rivieres,parametre_qualite,val_qual_riv,FM,fm,FM,FM,MAPPED,0.95,à confirmer,mg/L,mg/L,UNIT_ASSUMED,aucune,numeric_decimal_comma + limites_detection + quarantine_non_convertible,INFERIEUR | SUPERIEUR | DECIMAL_COMMA | SCIENTIFIC_NOTATION | NON_NUMERIC_QUARANTINE | UNIT_MISSING | UNIT_ASSUMED | EXCLU_RETOUR_METIER,EXCLUSION_METIER,3,0,valeur=12.4; date=1994-09-21; point=756/16 || valeur=37; date=1994-09-22; point=2496/15 || valeur=298.6; date=1996-12-27; point=2263/15,QUARANTAINE,Paramètre explicitement écarté dans le retour métier.
staging,raw_types_mesures,parametre_qualite,,FM,fm,FM,FM,MAPPED,0.95,à confirmer,mg/L,mg/L,UNIT_ASSUMED,aucune,numeric_decimal_comma + limites_detection + quarantine_non_convertible,INFERIEUR | SUPERIEUR | DECIMAL_COMMA | SCIENTIFIC_NOTATION | NON_NUMERIC_QUARANTINE | UNIT_MISSING | UNIT_ASSUMED | REFERENCE_ONLY,REFERENCE,1,0,colonne_valeur_absente,QUARANTAINE,Ligne de référentiel/source sans colonne valeur ; hors lot de migration des mesures.
staging,raw_mesures_qualite_rivieres,parametre_qualite,val_qual_riv,Germe_tt_22,germe_tt_22,Germe_22,GERME_22,MAPPED,0.95,à confirmer,UFC/mL,UFC/mL,UNIT_ASSUMED,aucune,numeric_decimal_comma + limites_detection + quarantine_non_convertible,INFERIEUR | SUPERIEUR | DECIMAL_COMMA | SCIENTIFIC_NOTATION | NON_NUMERIC_QUARANTINE | UNIT_MISSING | UNIT_ASSUMED,MESURE,4,0,valeur=0; date=1994-07-06; point=1508/9 || valeur=3; date=1994-07-07; point=582/22 || valeur=0; date=1994-07-11; point=3502/8,MIGRER_AVEC_FLAG,Unité standard métier appliquée par défaut en l’absence d’unité source fiable.
staging,raw_mesures_qualite_rivieres,parametre_qualite,val_qual_riv,Germe_tt_37,germe_tt_37,Germe_37,GERME_37,MAPPED,0.95,à confirmer,UFC/mL,UFC/mL,UNIT_ASSUMED,aucune,numeric_decimal_comma + limites_detection + quarantine_non_convertible,INFERIEUR | SUPERIEUR | DECIMAL_COMMA | SCIENTIFIC_NOTATION | NON_NUMERIC_QUARANTINE | UNIT_MISSING | UNIT_ASSUMED,MESURE,2,0,valeur=0; date=1994-07-06; point=1508/9 || valeur=0; date=1994-07-11; point=3502/8,MIGRER_AVEC_FLAG,Unité standard métier appliquée par défaut en l’absence d’unité source fiable.
staging,raw_mesures_qualite_nappes,parametre_qualite,val_qual_nap,H_G,h_g,Huiles_Graisses,HG,MAPPED,0.95,à confirmer,mg/L,mg/L,UNIT_ASSUMED,aucune,numeric_decimal_comma + limites_detection + quarantine_non_convertible,INFERIEUR | SUPERIEUR | DECIMAL_COMMA | SCIENTIFIC_NOTATION | NON_NUMERIC_QUARANTINE | UNIT_MISSING | UNIT_ASSUMED,MESURE,1,0,valeur=0.0008; date=1991-03-27; point=2881/15,MIGRER_AVEC_FLAG,Unité standard métier appliquée par défaut en l’absence d’unité source fiable.
staging,raw_mesures_qualite_rivieres,parametre_qualite,val_qual_riv,H_G,h_g,Huiles_Graisses,HG,MAPPED,0.95,à confirmer,mg/L,mg/L,UNIT_ASSUMED,aucune,numeric_decimal_comma + limites_detection + quarantine_non_convertible,INFERIEUR | SUPERIEUR | DECIMAL_COMMA | SCIENTIFIC_NOTATION | NON_NUMERIC_QUARANTINE | UNIT_MISSING | UNIT_ASSUMED,MESURE,153,0,valeur=0.7; date=1991-09-13; point=609/9 || valeur=0.4; date=1991-09-24; point=633/8 || valeur=0.7; date=1991-09-25; point=2263/15,MIGRER_AVEC_FLAG,Unité standard métier appliquée par défaut en l’absence d’unité source fiable.
staging,raw_suivi_qualite_sebou_jr,parametre_qualite,val_qual_sebou_jr,H_G,h_g,Huiles_Graisses,HG,MAPPED,0.95,à confirmer,mg/L,mg/L,UNIT_ASSUMED,aucune,numeric_decimal_comma + limites_detection + quarantine_non_convertible,INFERIEUR | SUPERIEUR | DECIMAL_COMMA | SCIENTIFIC_NOTATION | NON_NUMERIC_QUARANTINE | UNIT_MISSING | UNIT_ASSUMED,MESURE,4572,0,valeur=NaN; date=2023-12-07; point=2263/15 || valeur=NaN; date=2023-12-08; point=2263/15 || valeur=0.402; date=2023-12-09; point=2263/15,MIGRER_AVEC_FLAG,Unité standard métier appliquée par défaut en l’absence d’unité source fiable.
staging,raw_mesures_qualite_nappes,parametre_qualite,val_qual_nap,H2S,h2s,H2S,H2S,MAPPED,0.95,à confirmer,mg/L,mg/L,UNIT_ASSUMED,aucune,numeric_decimal_comma + limites_detection + quarantine_non_convertible,INFERIEUR | SUPERIEUR | DECIMAL_COMMA | SCIENTIFIC_NOTATION | NON_NUMERIC_QUARANTINE | UNIT_MISSING | UNIT_ASSUMED,MESURE,2,0,valeur=16; date=1991-03-27; point=2881/15 || valeur=14.8; date=1991-03-28; point=2043/15,MIGRER_AVEC_FLAG,Unité standard métier appliquée par défaut en l’absence d’unité source fiable.
staging,raw_mesures_qualite_rivieres,parametre_qualite,val_qual_riv,H2S,h2s,H2S,H2S,MAPPED,0.95,à confirmer,mg/L,mg/L,UNIT_ASSUMED,aucune,numeric_decimal_comma + limites_detection + quarantine_non_convertible,INFERIEUR | SUPERIEUR | DECIMAL_COMMA | SCIENTIFIC_NOTATION | NON_NUMERIC_QUARANTINE | UNIT_MISSING | UNIT_ASSUMED,MESURE,2,0,valeur=0; date=1994-07-06; point=1508/9 || valeur=0; date=1994-07-11; point=3502/8,MIGRER_AVEC_FLAG,Unité standard métier appliquée par défaut en l’absence d’unité source fiable.
staging,raw_barrages_abhs,,hauteur,hauteur,hauteur,Hauteur,HAUTEUR,MAPPED,0.95,à confirmer,m,m,UNIT_ASSUMED,aucune,numeric_decimal_comma + limites_detection + quarantine_non_convertible,INFERIEUR | SUPERIEUR | DECIMAL_COMMA | SCIENTIFIC_NOTATION | NON_NUMERIC_QUARANTINE | UNIT_MISSING | UNIT_ASSUMED,MESURE,34,0,valeur=0; date=n/a; point=035310905 || valeur=0; date=n/a; point=035310311 || valeur=109; date=n/a; point=034510301,MIGRER_AVEC_FLAG,Unité standard métier appliquée par défaut en l’absence d’unité source fiable.
staging,raw_bathymetries_barrages_abhs,,hauteur_m,hauteur_m,hauteur_m,Hauteur,HAUTEUR,MAPPED,0.95,m,m,m,UNIT_OK,aucune,numeric_decimal_comma + limites_detection + quarantine_non_convertible,INFERIEUR | SUPERIEUR | DECIMAL_COMMA | SCIENTIFIC_NOTATION | NON_NUMERIC_QUARANTINE | UNIT_OK,MESURE,62359,0,valeur=174.5; date=n/a; point=1847/15 || valeur=174.51; date=n/a; point=1847/15 || valeur=174.52; date=n/a; point=1847/15,MIGRER,
staging,raw_mesures_qualite_nappes,parametre_qualite,val_qual_nap,HCO,hco,HCO3-,HCO3,MAPPED,0.95,à confirmer,mg/L,mg/L,UNIT_ASSUMED,aucune,numeric_decimal_comma + limites_detection + quarantine_non_convertible,INFERIEUR | SUPERIEUR | DECIMAL_COMMA | SCIENTIFIC_NOTATION | NON_NUMERIC_QUARANTINE | UNIT_MISSING | UNIT_ASSUMED,MESURE,1,0,valeur=259.3; date=1996-05-09; point=1308/22,MIGRER_AVEC_FLAG,Unité standard métier appliquée par défaut en l’absence d’unité source fiable.
staging,raw_mesures_qualite_rivieres,parametre_qualite,val_qual_riv,HCO,hco,HCO3-,HCO3,MAPPED,0.95,à confirmer,mg/L,mg/L,UNIT_ASSUMED,aucune,numeric_decimal_comma + limites_detection + quarantine_non_convertible,INFERIEUR | SUPERIEUR | DECIMAL_COMMA | SCIENTIFIC_NOTATION | NON_NUMERIC_QUARANTINE | UNIT_MISSING | UNIT_ASSUMED,MESURE,2,0,valeur=366; date=1996-01-16; point=2496/15 || valeur=195; date=1996-06-13; point=1436/8,MIGRER_AVEC_FLAG,Unité standard métier appliquée par défaut en l’absence d’unité source fiable.
staging,raw_idp_2024_mesures_qualite_globale,parametre_qualite,val_qual,HCO3,hco3,HCO3-,HCO3,MAPPED,0.95,à confirmer,mg/L,mg/L,UNIT_ASSUMED,aucune,numeric_decimal_comma + limites_detection + quarantine_non_convertible,INFERIEUR | SUPERIEUR | DECIMAL_COMMA | SCIENTIFIC_NOTATION | NON_NUMERIC_QUARANTINE | UNIT_MISSING | UNIT_ASSUMED,MESURE,32,0,valeur=296; date=2024-09-18; point=BMR_DOM_PE1 (Forage CHELIK Arbi) || valeur=592; date=2024-09-18; point=SAT_DEC_PE1 (Puits youness CHOUA) || valeur=366; date=2024-09-19; point=SHZ_DOM2_PE1 (Source Skhinate (Nakhla),MIGRER_AVEC_FLAG,Unité standard métier appliquée par défaut en l’absence d’unité source fiable.
staging,raw_idp_2024_mesures_qualite_marche_cadre,parametre_qualite,val_qual,HCO3,hco3,HCO3-,HCO3,MAPPED,0.95,à confirmer,mg/L,mg/L,UNIT_ASSUMED,aucune,numeric_decimal_comma + limites_detection + quarantine_non_convertible,INFERIEUR | SUPERIEUR | DECIMAL_COMMA | SCIENTIFIC_NOTATION | NON_NUMERIC_QUARANTINE | UNIT_MISSING | UNIT_ASSUMED,MESURE,89,0,valeur=397; date=2025-10-06; point=FORAGE ABD NBI BOUTABEQ || valeur=256; date=2025-10-06; point=PUITS DAR BEL GHAZI || valeur=275; date=2025-10-06; point=PUITS KBIR BOUTARTA,MIGRER_AVEC_FLAG,Unité standard métier appliquée par défaut en l’absence d’unité source fiable.
staging,raw_mesures_qualite_barrages,parametre_qualite,val_qual_barr,HCO3-,hco3,HCO3-,HCO3,MAPPED,0.95,mg/L,mg/L,mg/L,UNIT_OK,aucune,numeric_decimal_comma + limites_detection + quarantine_non_convertible,INFERIEUR | SUPERIEUR | DECIMAL_COMMA | SCIENTIFIC_NOTATION | NON_NUMERIC_QUARANTINE | UNIT_OK,MESURE,128,0,valeur=0; date=1992-06-05; point=788/21 || valeur=262.3; date=1993-04-15; point=788/21 || valeur=183; date=1994-05-30; point=3546/8,MIGRER,
staging,raw_mesures_qualite_nappes,parametre_qualite,val_qual_nap,HCO3-,hco3,HCO3-,HCO3,MAPPED,0.95,mg/L,mg/L,mg/L,UNIT_OK,aucune,numeric_decimal_comma + limites_detection + quarantine_non_convertible,INFERIEUR | SUPERIEUR | DECIMAL_COMMA | SCIENTIFIC_NOTATION | NON_NUMERIC_QUARANTINE | UNIT_OK,MESURE,2636,0,valeur=366; date=1988-10-03; point=1652/22 || valeur=353.8; date=1989-03-31; point=2528/15 || valeur=265; date=1991-03-27; point=2881/15,MIGRER,
staging,raw_mesures_qualite_rivieres,parametre_qualite,val_qual_riv,HCO3-,hco3,HCO3-,HCO3,MAPPED,0.95,mg/L,mg/L,mg/L,UNIT_OK,aucune,numeric_decimal_comma + limites_detection + quarantine_non_convertible,INFERIEUR | SUPERIEUR | DECIMAL_COMMA | SCIENTIFIC_NOTATION | NON_NUMERIC_QUARANTINE | UNIT_OK,MESURE,1799,0,valeur=283.1; date=1988-10-05; point=2496/15 || valeur=170.8; date=1988-10-06; point=1236/14 || valeur=146.4; date=1989-03-23; point=609/9,MIGRER,
staging,raw_types_mesures,parametre_qualite,,HCO3-,hco3,HCO3-,HCO3,MAPPED,0.95,mg/L,mg/L,mg/L,UNIT_OK,aucune,numeric_decimal_comma + limites_detection + quarantine_non_convertible,INFERIEUR | SUPERIEUR | DECIMAL_COMMA | SCIENTIFIC_NOTATION | NON_NUMERIC_QUARANTINE | UNIT_OK | REFERENCE_ONLY,REFERENCE,1,0,colonne_valeur_absente,QUARANTAINE,Ligne de référentiel/source sans colonne valeur ; hors lot de migration des mesures.
staging,raw_mesures_qualite_barrages,parametre_qualite,val_qual_barr,HCT,hct,HCO3-,HCO3,MAPPED,0.95,à confirmer,mg/L,mg/L,UNIT_ASSUMED,aucune,numeric_decimal_comma + limites_detection + quarantine_non_convertible,INFERIEUR | SUPERIEUR | DECIMAL_COMMA | SCIENTIFIC_NOTATION | NON_NUMERIC_QUARANTINE | UNIT_MISSING | UNIT_ASSUMED,MESURE,1,0,valeur=9.55; date=2007-01-12; point=3546/8,MIGRER_AVEC_FLAG,Unité standard métier appliquée par défaut en l’absence d’unité source fiable.
staging,raw_mesures_qualite_rivieres,parametre_qualite,val_qual_riv,HCT,hct,HCO3-,HCO3,MAPPED,0.95,à confirmer,mg/L,mg/L,UNIT_ASSUMED,aucune,numeric_decimal_comma + limites_detection + quarantine_non_convertible,INFERIEUR | SUPERIEUR | DECIMAL_COMMA | SCIENTIFIC_NOTATION | NON_NUMERIC_QUARANTINE | UNIT_MISSING | UNIT_ASSUMED,MESURE,490,0,valeur=1.03; date=1994-05-17; point=2817/15 || valeur=0; date=1994-05-24; point=1236/14 || valeur=0.06; date=1994-06-15; point=2817/15,MIGRER_AVEC_FLAG,Unité standard métier appliquée par défaut en l’absence d’unité source fiable.
staging,raw_types_mesures,parametre_qualite,,HCT,hct,HCO3-,HCO3,MAPPED,0.95,à confirmer,mg/L,mg/L,UNIT_ASSUMED,aucune,numeric_decimal_comma + limites_detection + quarantine_non_convertible,INFERIEUR | SUPERIEUR | DECIMAL_COMMA | SCIENTIFIC_NOTATION | NON_NUMERIC_QUARANTINE | UNIT_MISSING | UNIT_ASSUMED | REFERENCE_ONLY,REFERENCE,1,0,colonne_valeur_absente,QUARANTAINE,Ligne de référentiel/source sans colonne valeur ; hors lot de migration des mesures.
staging,raw_idp_2024_mesures_qualite_globale,parametre_qualite,val_qual,Ni,ni,Ni,NI,MAPPED,0.95,à confirmer,mg/L,mg/L,UNIT_ASSUMED,aucune,numeric_decimal_comma + limites_detection + quarantine_non_convertible,INFERIEUR | SUPERIEUR | DECIMAL_COMMA | SCIENTIFIC_NOTATION | NON_NUMERIC_QUARANTINE | UNIT_MISSING | NON_NUMERIC_PRESENT | UNIT_ASSUMED,MESURE,46,28,"valeur=<0,010; date=2024-09-13; point=S8 (Aval Ferme Agricole sidi kamel) || valeur=<0,010; date=2024-09-18; point=S29 (Aval_Conf_Rejet_Douar Ouled Jrir || valeur=<0,010; date=2024-09-18; point=S30 (Aval_Conf_Rejet_SHZ (Sidi Harazem)",MIGRER_AVEC_FLAG,Unité standard métier appliquée par défaut en l’absence d’unité source fiable.
staging,raw_mesures_qualite_nappes,parametre_qualite,val_qual_nap,Hg,hg,Mercure,HG_MERCURE,MAPPED,0.95,à confirmer,mg/L,mg/L,UNIT_ASSUMED,aucune,numeric_decimal_comma + limites_detection + quarantine_non_convertible,INFERIEUR | SUPERIEUR | DECIMAL_COMMA | SCIENTIFIC_NOTATION | NON_NUMERIC_QUARANTINE | UNIT_MISSING | UNIT_ASSUMED,MESURE,3,0,valeur=0.0008; date=1991-03-27; point=2881/15 || valeur=0.0005; date=1991-03-28; point=2043/15 || valeur=0.0013; date=1993-08-10; point=897/16,MIGRER_AVEC_FLAG,Unité standard métier appliquée par défaut en l’absence d’unité source fiable.
staging,raw_mesures_qualite_rivieres,parametre_qualite,val_qual_riv,Hg,hg,Mercure,HG_MERCURE,MAPPED,0.95,à confirmer,mg/L,mg/L,UNIT_ASSUMED,aucune,numeric_decimal_comma + limites_detection + quarantine_non_convertible,INFERIEUR | SUPERIEUR | DECIMAL_COMMA | SCIENTIFIC_NOTATION | NON_NUMERIC_QUARANTINE | UNIT_MISSING | UNIT_ASSUMED,MESURE,227,0,valeur=0.001; date=1990-01-31; point=2496/15 || valeur=0.001; date=1990-02-01; point=1359/8 || valeur=0; date=1990-08-01; point=551/16,MIGRER_AVEC_FLAG,Unité standard métier appliquée par défaut en l’absence d’unité source fiable.
staging,raw_idp_2024_mesures_qualite_globale,parametre_qualite,val_qual,Hg,hg,Mercure,HG_MERCURE,MAPPED,0.95,à confirmer,mg/L,mg/L,UNIT_ASSUMED,aucune,numeric_decimal_comma + limites_detection + quarantine_non_convertible,INFERIEUR | SUPERIEUR | DECIMAL_COMMA | SCIENTIFIC_NOTATION | NON_NUMERIC_QUARANTINE | UNIT_MISSING | NON_NUMERIC_PRESENT | UNIT_ASSUMED,MESURE,31,24,"valeur=<0,00025; date=2024-09-13; point=S8 (Aval Ferme Agricole sidi kamel) || valeur=<0,00025; date=2024-09-18; point=S29 (Aval_Conf_Rejet_Douar Ouled Jrir || valeur=<0,00025; date=2024-09-18; point=S30 (Aval_Conf_Rejet_SHZ (Sidi Harazem)",MIGRER_AVEC_FLAG,Unité standard métier appliquée par défaut en l’absence d’unité source fiable.
staging,raw_idp_2024_mesures_qualite_globale,parametre_qualite,val_qual,NO3-,no3,NO3-,NO3,MAPPED,0.95,mg/L,mg/L,mg/L,UNIT_OK,aucune,numeric_decimal_comma + limites_detection + quarantine_non_convertible,INFERIEUR | SUPERIEUR | DECIMAL_COMMA | SCIENTIFIC_NOTATION | NON_NUMERIC_QUARANTINE | UNIT_OK | NON_NUMERIC_PRESENT,MESURE,189,23,"valeur=9,58; date=2024-09-13; point=S1 (Aval_conf_Rejet_MOG (Mograne) || valeur=2,54; date=2024-09-13; point=S2 (Barrage de garde) || valeur=2,48; date=2024-09-13; point=S3 (Station Pompage Ferme (Amont Bge de garde)",MIGRER_AVEC_FLAG,
staging,raw_mesures_qualite_barrages,parametre_qualite,val_qual_barr,IBD,ibd,IBD,IBD,MAPPED,0.95,Indice,Indice,— (indice /20),UNIT_OK,aucune,numeric_decimal_comma + limites_detection + quarantine_non_convertible,INFERIEUR | SUPERIEUR | DECIMAL_COMMA | SCIENTIFIC_NOTATION | NON_NUMERIC_QUARANTINE | UNIT_UNKNOWN,MESURE,13,0,valeur=0; date=2003-06-03; point=3546/8 || valeur=8.146; date=2003-06-06; point=788/21 || valeur=16.422; date=2003-06-10; point=1710/9,MIGRER,
staging,raw_mesures_qualite_rivieres,parametre_qualite,val_qual_riv,IBD,ibd,IBD,IBD,MAPPED,0.95,Indice,Indice,— (indice /20),UNIT_OK,aucune,numeric_decimal_comma + limites_detection + quarantine_non_convertible,INFERIEUR | SUPERIEUR | DECIMAL_COMMA | SCIENTIFIC_NOTATION | NON_NUMERIC_QUARANTINE | UNIT_UNKNOWN,MESURE,128,0,valeur=5.138; date=2003-05-27; point=551/16 || valeur=5.384; date=2003-05-27; point=756/16 || valeur=5.689; date=2003-05-28; point=3261/14,MIGRER,
staging,raw_types_mesures,parametre_qualite,,IBD,ibd,IBD,IBD,MAPPED,0.95,Indice,Indice,— (indice /20),UNIT_OK,aucune,numeric_decimal_comma + limites_detection + quarantine_non_convertible,INFERIEUR | SUPERIEUR | DECIMAL_COMMA | SCIENTIFIC_NOTATION | NON_NUMERIC_QUARANTINE | UNIT_UNKNOWN | REFERENCE_ONLY,REFERENCE,1,0,colonne_valeur_absente,QUARANTAINE,Ligne de référentiel/source sans colonne valeur ; hors lot de migration des mesures.
staging,raw_mesures_qualite_barrages,parametre_qualite,val_qual_barr,IBGN,ibgn,IBGN,IBGN,MAPPED,0.95,Indice,Indice,— (indice /20),UNIT_OK,aucune,numeric_decimal_comma + limites_detection + quarantine_non_convertible,INFERIEUR | SUPERIEUR | DECIMAL_COMMA | SCIENTIFIC_NOTATION | NON_NUMERIC_QUARANTINE | UNIT_UNKNOWN,MESURE,3,0,valeur=13; date=2009-03-16; point=788/21 || valeur=9; date=2009-04-06; point=3546/8 || valeur=15; date=2009-09-10; point=788/21,MIGRER,
staging,raw_mesures_qualite_rivieres,parametre_qualite,val_qual_riv,IBGN,ibgn,IBGN,IBGN,MAPPED,0.95,Indice,Indice,— (indice /20),UNIT_OK,aucune,numeric_decimal_comma + limites_detection + quarantine_non_convertible,INFERIEUR | SUPERIEUR | DECIMAL_COMMA | SCIENTIFIC_NOTATION | NON_NUMERIC_QUARANTINE | UNIT_UNKNOWN,MESURE,43,0,valeur=16; date=2009-03-12; point=2496/15 || valeur=1; date=2009-03-12; point=2817/15 || valeur=1; date=2009-03-13; point=1236/14,MIGRER,
staging,raw_types_mesures,parametre_qualite,,IBGN,ibgn,IBGN,IBGN,MAPPED,0.95,Indice,Indice,— (indice /20),UNIT_OK,aucune,numeric_decimal_comma + limites_detection + quarantine_non_convertible,INFERIEUR | SUPERIEUR | DECIMAL_COMMA | SCIENTIFIC_NOTATION | NON_NUMERIC_QUARANTINE | UNIT_UNKNOWN | REFERENCE_ONLY,REFERENCE,1,0,colonne_valeur_absente,QUARANTAINE,Ligne de référentiel/source sans colonne valeur ; hors lot de migration des mesures.
staging,raw_idp_2024_mesures_qualite_globale,parametre_qualite,val_qual,PO43-,po43,PO4³-,PO4,MAPPED,0.95,à confirmer,mg/L,mg/L,UNIT_ASSUMED,aucune,numeric_decimal_comma + limites_detection + quarantine_non_convertible,INFERIEUR | SUPERIEUR | DECIMAL_COMMA | SCIENTIFIC_NOTATION | NON_NUMERIC_QUARANTINE | UNIT_MISSING | NON_NUMERIC_PRESENT | UNIT_ASSUMED,MESURE,163,23,"valeur=<0,02; date=2024-09-13; point=S1 (Aval_conf_Rejet_MOG (Mograne) || valeur=<0,02; date=2024-09-13; point=S2 (Barrage de garde) || valeur=<0,02; date=2024-09-13; point=S3 (Station Pompage Ferme (Amont Bge de garde)",MIGRER_AVEC_FLAG,Unité standard métier appliquée par défaut en l’absence d’unité source fiable.
staging,raw_suivi_qualite_brg_garde_hebdo,parametre_qualite,val_qual_brg_garde_hebdo,Indicedephénol(mg/l),indicedephenol_mg_l,Phenol,PHENOL,MAPPED,0.95,mg/l,mg/L,mg/L,UNIT_OK,aucune,numeric_decimal_comma + unite_nettoyee + limites_detection + quarantine_non_convertible,INFERIEUR | SUPERIEUR | DECIMAL_COMMA | SCIENTIFIC_NOTATION | NON_NUMERIC_QUARANTINE | UNIT_OK,MESURE,182,0,valeur=0.02; date=2024-01-03; point=n/a || valeur=0.02; date=2024-01-10; point=n/a || valeur=0.02; date=2024-01-17; point=n/a,MIGRER,
staging,raw_idp_2024_mesures_qualite_globale,parametre_qualite,val_qual,Huiles Graisses,huiles_graisses,Huiles_Graisses,HG,MAPPED,0.95,à confirmer,mg/L,mg/L,UNIT_ASSUMED,aucune,numeric_decimal_comma + limites_detection + quarantine_non_convertible,INFERIEUR | SUPERIEUR | DECIMAL_COMMA | SCIENTIFIC_NOTATION | NON_NUMERIC_QUARANTINE | UNIT_MISSING | NON_NUMERIC_PRESENT | UNIT_ASSUMED,MESURE,72,22,aucun exemple non nul,MIGRER_AVEC_FLAG,Unité standard métier appliquée par défaut en l’absence d’unité source fiable.
staging,raw_idp_2024_mesures_qualite_globale,parametre_qualite,val_qual,V,v,V,V,MAPPED,0.95,à confirmer,mg/L,mg/L,UNIT_ASSUMED,aucune,numeric_decimal_comma + limites_detection + quarantine_non_convertible,INFERIEUR | SUPERIEUR | DECIMAL_COMMA | SCIENTIFIC_NOTATION | NON_NUMERIC_QUARANTINE | UNIT_MISSING | NON_NUMERIC_PRESENT | UNIT_ASSUMED,MESURE,42,21,"valeur=<0,005; date=2024-09-13; point=S8 (Aval Ferme Agricole sidi kamel) || valeur=<0,005; date=2024-09-18; point=S29 (Aval_Conf_Rejet_Douar Ouled Jrir || valeur=<0,005; date=2024-09-18; point=S30 (Aval_Conf_Rejet_SHZ (Sidi Harazem)",MIGRER_AVEC_FLAG,Unité standard métier appliquée par défaut en l’absence d’unité source fiable.
staging,raw_suivi_qualite_brg_garde_hebdo,parametre_qualite,val_qual_brg_garde_hebdo,IP(mgO2/l),ip_mgo2_l,Phenol,PHENOL,MAPPED,0.95,mgO2/l,mgO2/l,mg/L,UNIT_OK,aucune,numeric_decimal_comma + unite_nettoyee + limites_detection + quarantine_non_convertible,INFERIEUR | SUPERIEUR | DECIMAL_COMMA | SCIENTIFIC_NOTATION | NON_NUMERIC_QUARANTINE | UNIT_CONFLICT,MESURE,182,0,valeur=2.257261411; date=2024-11-20; point=n/a || valeur=2.218487395; date=2024-11-27; point=n/a || valeur=2.410041841; date=2024-12-04; point=n/a,MIGRER,
staging,raw_mesures_qualite_barrages,parametre_qualite,val_qual_barr,K,k,K,K,MAPPED,0.95,mg/L,mg/L,mg/L,UNIT_OK,aucune,numeric_decimal_comma + normalisation_variante + limites_detection + quarantine_non_convertible,INFERIEUR | SUPERIEUR | DECIMAL_COMMA | SCIENTIFIC_NOTATION | NON_NUMERIC_QUARANTINE | UNIT_OK,MESURE,129,0,valeur=3.9; date=1992-06-05; point=788/21 || valeur=2.1; date=1993-04-15; point=788/21 || valeur=2.7; date=1994-05-30; point=3546/8,MIGRER,
staging,raw_mesures_qualite_nappes,parametre_qualite,val_qual_nap,K,k,K,K,MAPPED,0.95,mg/L,mg/L,mg/L,UNIT_OK,aucune,numeric_decimal_comma + normalisation_variante + limites_detection + quarantine_non_convertible,INFERIEUR | SUPERIEUR | DECIMAL_COMMA | SCIENTIFIC_NOTATION | NON_NUMERIC_QUARANTINE | UNIT_OK,MESURE,2637,0,valeur=0.18; date=1988-10-03; point=1652/22 || valeur=1.35; date=1989-03-31; point=2528/15 || valeur=240; date=1991-03-27; point=2881/15,MIGRER,
staging,raw_mesures_qualite_rivieres,parametre_qualite,val_qual_riv,K,k,K,K,MAPPED,0.95,mg/L,mg/L,mg/L,UNIT_OK,aucune,numeric_decimal_comma + normalisation_variante + limites_detection + quarantine_non_convertible,INFERIEUR | SUPERIEUR | DECIMAL_COMMA | SCIENTIFIC_NOTATION | NON_NUMERIC_QUARANTINE | UNIT_OK,MESURE,1789,0,valeur=26.98; date=1988-09-20; point=2817/15 || valeur=7.82; date=1988-10-05; point=2496/15 || valeur=3.25; date=1988-10-06; point=1236/14,MIGRER,
staging,raw_types_mesures,parametre_qualite,,K,k,K,K,MAPPED,0.95,mg/L,mg/L,mg/L,UNIT_OK,aucune,numeric_decimal_comma + normalisation_variante + limites_detection + quarantine_non_convertible,INFERIEUR | SUPERIEUR | DECIMAL_COMMA | SCIENTIFIC_NOTATION | NON_NUMERIC_QUARANTINE | UNIT_OK | REFERENCE_ONLY,REFERENCE,1,0,colonne_valeur_absente,QUARANTAINE,Ligne de référentiel/source sans colonne valeur ; hors lot de migration des mesures.
staging,raw_idp_2024_mesures_qualite_globale,parametre_qualite,val_qual,K+,kplus,K,K,MAPPED,0.95,à confirmer,mg/L,mg/L,UNIT_ASSUMED,aucune,numeric_decimal_comma + normalisation_variante + limites_detection + quarantine_non_convertible,INFERIEUR | SUPERIEUR | DECIMAL_COMMA | SCIENTIFIC_NOTATION | NON_NUMERIC_QUARANTINE | UNIT_MISSING | UNIT_ASSUMED,MESURE,172,0,"valeur=192; date=2024-09-13; point=S1 (Aval_conf_Rejet_MOG (Mograne) || valeur=2,71; date=2024-09-13; point=S2 (Barrage de garde) || valeur=2,4; date=2024-09-13; point=S3 (Station Pompage Ferme (Amont Bge de garde)",MIGRER_AVEC_FLAG,Unité standard métier appliquée par défaut en l’absence d’unité source fiable.
staging,raw_idp_2024_mesures_qualite_marche_cadre,parametre_qualite,val_qual,K+,kplus,K,K,MAPPED,0.95,à confirmer,mg/L,mg/L,UNIT_ASSUMED,aucune,numeric_decimal_comma + normalisation_variante + limites_detection + quarantine_non_convertible,INFERIEUR | SUPERIEUR | DECIMAL_COMMA | SCIENTIFIC_NOTATION | NON_NUMERIC_QUARANTINE | UNIT_MISSING | UNIT_ASSUMED,MESURE,89,0,"valeur=1,06; date=2025-10-06; point=FORAGE ABD NBI BOUTABEQ || valeur=0,886; date=2025-10-06; point=PUITS DAR BEL GHAZI || valeur=19,1; date=2025-10-06; point=PUITS KBIR BOUTARTA",MIGRER_AVEC_FLAG,Unité standard métier appliquée par défaut en l’absence d’unité source fiable.
staging,raw_idp_2024_mesures_qualite_marche_cadre,parametre_qualite,val_qual,K+4,kplus4,K,K,MAPPED,0.95,à confirmer,mg/L,mg/L,UNIT_ASSUMED,aucune,numeric_decimal_comma + normalisation_variante + limites_detection + quarantine_non_convertible,INFERIEUR | SUPERIEUR | DECIMAL_COMMA | SCIENTIFIC_NOTATION | NON_NUMERIC_QUARANTINE | UNIT_MISSING | UNIT_ASSUMED,MESURE,89,0,"valeur=1,06; date=2025-10-06; point=FORAGE ABD NBI BOUTABEQ || valeur=0,886; date=2025-10-06; point=PUITS DAR BEL GHAZI || valeur=19,1; date=2025-10-06; point=PUITS KBIR BOUTARTA",MIGRER_AVEC_FLAG,Unité standard métier appliquée par défaut en l’absence d’unité source fiable.
staging,raw_mesures_qualite_barrages,parametre_qualite,val_qual_barr,Largeur,largeur,Largeur,LARGEUR,MAPPED,0.95,m,m,m,UNIT_OK,aucune,numeric_decimal_comma + limites_detection + quarantine_non_convertible,INFERIEUR | SUPERIEUR | DECIMAL_COMMA | SCIENTIFIC_NOTATION | NON_NUMERIC_QUARANTINE | UNIT_OK,MESURE,5,0,valeur=10; date=2003-06-06; point=788/21 || valeur=2.5; date=2003-06-10; point=1710/9 || valeur=0.9; date=2003-08-05; point=1710/9,MIGRER,
staging,raw_mesures_qualite_rivieres,parametre_qualite,val_qual_riv,Largeur,largeur,Largeur,LARGEUR,MAPPED,0.95,m,m,m,UNIT_OK,aucune,numeric_decimal_comma + limites_detection + quarantine_non_convertible,INFERIEUR | SUPERIEUR | DECIMAL_COMMA | SCIENTIFIC_NOTATION | NON_NUMERIC_QUARANTINE | UNIT_OK,MESURE,191,0,valeur=0; date=1994-07-06; point=1508/9 || valeur=0; date=1994-07-11; point=3502/8 || valeur=30; date=1996-01-12; point=3502/8,MIGRER,
staging,raw_types_mesures,parametre_qualite,,Largeur,largeur,Largeur,LARGEUR,MAPPED,0.95,m,m,m,UNIT_OK,aucune,numeric_decimal_comma + limites_detection + quarantine_non_convertible,INFERIEUR | SUPERIEUR | DECIMAL_COMMA | SCIENTIFIC_NOTATION | NON_NUMERIC_QUARANTINE | UNIT_OK | REFERENCE_ONLY,REFERENCE,1,0,colonne_valeur_absente,QUARANTAINE,Ligne de référentiel/source sans colonne valeur ; hors lot de migration des mesures.
staging,raw_idp_2024_mesures_qualite_globale,parametre_qualite,val_qual,NH4+,nh4plus,NH4+,NH4,MAPPED,0.95,à confirmer,mg/L,mg/L,UNIT_ASSUMED,aucune,numeric_decimal_comma + pas_conversion_N_NH4 + limites_detection + quarantine_non_convertible,INFERIEUR | SUPERIEUR | DECIMAL_COMMA | SCIENTIFIC_NOTATION | NON_NUMERIC_QUARANTINE | UNIT_MISSING | NON_NUMERIC_PRESENT | UNIT_ASSUMED,MESURE,188,20,aucun exemple non nul,MIGRER_AVEC_FLAG,Unité standard métier appliquée par défaut en l’absence d’unité source fiable.
staging,raw_mesures_qualite_rivieres,parametre_qualite,val_qual_riv,Li,li,Li,LI,MAPPED,0.95,à confirmer,mg/L,mg/L,UNIT_ASSUMED,aucune,numeric_decimal_comma + limites_detection + quarantine_non_convertible,INFERIEUR | SUPERIEUR | DECIMAL_COMMA | SCIENTIFIC_NOTATION | NON_NUMERIC_QUARANTINE | UNIT_MISSING | UNIT_ASSUMED,MESURE,16,0,valeur=3; date=1994-07-06; point=1508/9 || valeur=2; date=1994-07-11; point=3502/8 || valeur=0.075; date=2003-07-24; point=756/16,MIGRER_AVEC_FLAG,Unité standard métier appliquée par défaut en l’absence d’unité source fiable.
staging,raw_suivi_qualite_brg_garde_hebdo,parametre_qualite,val_qual_brg_garde_hebdo,Litium(mg/l),litium_mg_l,Li,LI,MAPPED,0.95,mg/l,mg/L,mg/L,UNIT_OK,aucune,numeric_decimal_comma + limites_detection + quarantine_non_convertible,INFERIEUR | SUPERIEUR | DECIMAL_COMMA | SCIENTIFIC_NOTATION | NON_NUMERIC_QUARANTINE | UNIT_OK,MESURE,182,0,valeur=0.0236; date=2024-11-20; point=n/a || valeur=0.016; date=2024-12-11; point=n/a || valeur=0.0131; date=2025-01-08; point=n/a,MIGRER,
staging,raw_reseau_hydro_abhs,,longueur_km,longueur_km,longueur_km,Longueur,LONGUEUR,MAPPED,0.95,km,km,km,UNIT_OK,aucune,numeric_decimal_comma + limites_detection + quarantine_non_convertible,INFERIEUR | SUPERIEUR | DECIMAL_COMMA | SCIENTIFIC_NOTATION | NON_NUMERIC_QUARANTINE | UNIT_OK,MESURE,28,0,valeur=43.505732518397195; date=n/a; point=n/a || valeur=78.8023975743168; date=n/a; point=n/a || valeur=64.20433009557355; date=n/a; point=n/a,MIGRER,
staging,raw_suivi_qualite_brg_garde_hebdo,parametre_qualite,val_qual_brg_garde_hebdo,Manganèse(mg/l),manganese_mg_l,Mn,MN,MAPPED,0.95,mg/l,mg/L,mg/L,UNIT_OK,aucune,numeric_decimal_comma + forme_chimique_si_detectable + limites_detection + quarantine_non_convertible,INFERIEUR | SUPERIEUR | DECIMAL_COMMA | SCIENTIFIC_NOTATION | NON_NUMERIC_QUARANTINE | FORME_CHIMIQUE_OPTIONNELLE | UNIT_OK,MESURE,182,0,valeur=0.05; date=2024-01-03; point=n/a || valeur=0.05; date=2024-01-10; point=n/a || valeur=0.05; date=2024-01-17; point=n/a,MIGRER,
staging,raw_mesures_qualite_rivieres,parametre_qualite,val_qual_riv,MD,md,MD,MD,QUARANTINE,0.95,à confirmer,à confirmer,à confirmer,UNIT_ASSUMED,aucune,numeric_decimal_comma + limites_detection + quarantine_non_convertible,INFERIEUR | SUPERIEUR | DECIMAL_COMMA | SCIENTIFIC_NOTATION | NON_NUMERIC_QUARANTINE | UNIT_MISSING | UNIT_ASSUMED | EXCLU_RETOUR_METIER,EXCLUSION_METIER,2,0,valeur=0; date=1994-07-06; point=1508/9 || valeur=0; date=1994-07-11; point=3502/8,QUARANTAINE,Paramètre explicitement écarté dans le retour métier.
staging,raw_idp_2024_mesures_qualite_globale,parametre_qualite,val_qual,Fe,fe,Fe,FE,MAPPED,0.95,mg/L,mg/L,mg/L,UNIT_OK,aucune,numeric_decimal_comma + forme_chimique_obligatoire + limites_detection + quarantine_si_forme_absente,INFERIEUR | SUPERIEUR | DECIMAL_COMMA | SCIENTIFIC_NOTATION | NON_NUMERIC_QUARANTINE | FORME_CHIMIQUE_GEREE_D3_1 | UNIT_OK | NON_NUMERIC_PRESENT | FORME_CHIMIQUE_TOTAL_DEDUITE,MESURE,97,17,"valeur=0,1663; date=2024-09-13; point=S8 (Aval Ferme Agricole sidi kamel) || valeur=3,25; date=2024-09-13; point=REJET R1 EM (R1: SHZ-DOM2-R1) || valeur=2,03; date=2024-09-13; point=REJET R2 EM  (R2: SHZ-DOM2-R2)",MIGRER_AVEC_FLAG,
staging,raw_suivi_qualite_brg_garde_hebdo,parametre_qualite,val_qual_brg_garde_hebdo,Mercure(mg/l),mercure_mg_l,Mercure,HG_MERCURE,MAPPED,0.95,mg/l,mg/L,mg/L,UNIT_OK,aucune,numeric_decimal_comma + limites_detection + quarantine_non_convertible,INFERIEUR | SUPERIEUR | DECIMAL_COMMA | SCIENTIFIC_NOTATION | NON_NUMERIC_QUARANTINE | UNIT_OK,MESURE,182,0,valeur=0.00025; date=2024-11-20; point=n/a || valeur=0.00025; date=2024-12-11; point=n/a || valeur=0.00025; date=2025-01-08; point=n/a,MIGRER,
staging,raw_idp_2024_mesures_qualite_globale,parametre_qualite,val_qual,CrT,crt,Cr,CR,MAPPED,0.95,à confirmer,mg/L,mg/L,UNIT_ASSUMED,aucune,numeric_decimal_comma + limites_detection + quarantine_non_convertible,INFERIEUR | SUPERIEUR | DECIMAL_COMMA | SCIENTIFIC_NOTATION | NON_NUMERIC_QUARANTINE | UNIT_MISSING | NON_NUMERIC_PRESENT | UNIT_ASSUMED,MESURE,46,16,"valeur=<0,005; date=2024-09-13; point=S8 (Aval Ferme Agricole sidi kamel) || valeur=<0,005; date=2024-09-18; point=S29 (Aval_Conf_Rejet_Douar Ouled Jrir || valeur=<0,005; date=2024-09-18; point=S30 (Aval_Conf_Rejet_SHZ (Sidi Harazem)",MIGRER_AVEC_FLAG,Unité standard métier appliquée par défaut en l’absence d’unité source fiable.
staging,raw_mesures_qualite_barrages,parametre_qualite,val_qual_barr,MES,mes,MES,MES,MAPPED,0.95,mg/L,mg/L,mg/L,UNIT_OK,aucune,numeric_decimal_comma + filtre + limites_detection + quarantine_non_convertible,INFERIEUR | SUPERIEUR | DECIMAL_COMMA | SCIENTIFIC_NOTATION | NON_NUMERIC_QUARANTINE | UNIT_OK,MESURE,414,0,valeur=316; date=1988-10-14; point=788/21 || valeur=123; date=1989-03-24; point=788/21 || valeur=836; date=1990-01-30; point=788/21,MIGRER,
staging,raw_mesures_qualite_nappes,parametre_qualite,val_qual_nap,MES,mes,MES,MES,MAPPED,0.95,mg/L,mg/L,mg/L,UNIT_OK,aucune,numeric_decimal_comma + filtre + limites_detection + quarantine_non_convertible,INFERIEUR | SUPERIEUR | DECIMAL_COMMA | SCIENTIFIC_NOTATION | NON_NUMERIC_QUARANTINE | UNIT_OK,MESURE,25,0,valeur=424; date=1988-10-19; point=1475/9 || valeur=1.46; date=1990-09-20; point=1182/14 || valeur=0.38; date=1991-01-24; point=159/22,MIGRER,
staging,raw_mesures_qualite_rivieres,parametre_qualite,val_qual_riv,MES,mes,MES,MES,MAPPED,0.95,mg/L,mg/L,mg/L,UNIT_OK,aucune,numeric_decimal_comma + filtre + limites_detection + quarantine_non_convertible,INFERIEUR | SUPERIEUR | DECIMAL_COMMA | SCIENTIFIC_NOTATION | NON_NUMERIC_QUARANTINE | UNIT_OK,MESURE,1961,0,valeur=343; date=1988-09-22; point=1000/23 || valeur=40.8; date=1988-10-04; point=2169/15 || valeur=6558; date=1988-10-05; point=2496/15,MIGRER,
staging,raw_types_mesures,parametre_qualite,,MES,mes,MES,MES,MAPPED,0.95,mg/L,mg/L,mg/L,UNIT_OK,aucune,numeric_decimal_comma + filtre + limites_detection + quarantine_non_convertible,INFERIEUR | SUPERIEUR | DECIMAL_COMMA | SCIENTIFIC_NOTATION | NON_NUMERIC_QUARANTINE | UNIT_OK | REFERENCE_ONLY,REFERENCE,1,0,colonne_valeur_absente,QUARANTAINE,Ligne de référentiel/source sans colonne valeur ; hors lot de migration des mesures.
staging,raw_idp_2024_mesures_qualite_globale,parametre_qualite,val_qual,DCO,dco,DCO_dec2h,DCO_DEC2H,MAPPED,0.95,mg O2/L,mg O2/L,mg/L,UNIT_OK,aucune,numeric_decimal_comma + condition_mesure_dec2h + qa_DCO_DBO5 + limites_detection + quarantine_non_convertible,INFERIEUR | SUPERIEUR | DECIMAL_COMMA | SCIENTIFIC_NOTATION | NON_NUMERIC_QUARANTINE | QA_DCO_DBO5 | UNIT_CONFLICT | NON_NUMERIC_PRESENT,MESURE,172,16,"valeur=<14,1; date=2024-09-12; point=REJET R1 (R1: SHZ-DOM2-R1) || valeur=<14,1; date=2024-09-12; point=REJET R2 (R2: SHZ-DOM2-R2) || valeur=<14,1; date=2024-09-12; point=REJET R3  (R3: SHZ-DOM1-R1)",MIGRER_AVEC_FLAG,
staging,raw_suivi_qualite_brg_garde_hebdo,parametre_qualite,val_qual_brg_garde_hebdo,MEST(mg/l),mest_mg_l,MES,MES,MAPPED,0.95,mg/l,mg/L,mg/L,UNIT_OK,aucune,numeric_decimal_comma + filtre + limites_detection + quarantine_non_convertible,INFERIEUR | SUPERIEUR | DECIMAL_COMMA | SCIENTIFIC_NOTATION | NON_NUMERIC_QUARANTINE | UNIT_OK,MESURE,182,0,valeur=6.9; date=2024-01-03; point=n/a || valeur=8.8; date=2024-01-10; point=n/a || valeur=9.89; date=2024-01-17; point=n/a,MIGRER,
staging,raw_mesures_qualite_barrages,parametre_qualite,val_qual_barr,Mg,mg,Mg,MG,MAPPED,0.95,mg/L,mg/L,mg/L,UNIT_OK,aucune,numeric_decimal_comma + limites_detection + quarantine_non_convertible,INFERIEUR | SUPERIEUR | DECIMAL_COMMA | SCIENTIFIC_NOTATION | NON_NUMERIC_QUARANTINE | UNIT_OK,MESURE,130,0,valeur=30; date=1992-06-05; point=788/21 || valeur=39.74; date=1993-04-15; point=788/21 || valeur=17.98; date=1994-05-30; point=3546/8,MIGRER,
staging,raw_mesures_qualite_nappes,parametre_qualite,val_qual_nap,Mg,mg,Mg,MG,MAPPED,0.95,mg/L,mg/L,mg/L,UNIT_OK,aucune,numeric_decimal_comma + limites_detection + quarantine_non_convertible,INFERIEUR | SUPERIEUR | DECIMAL_COMMA | SCIENTIFIC_NOTATION | NON_NUMERIC_QUARANTINE | UNIT_OK,MESURE,2619,0,valeur=37.8; date=1988-10-03; point=1652/22 || valeur=1.46; date=1989-03-31; point=2528/15 || valeur=253; date=1991-03-27; point=2881/15,MIGRER,
staging,raw_mesures_qualite_rivieres,parametre_qualite,val_qual_riv,Mg,mg,Mg,MG,MAPPED,0.95,mg/L,mg/L,mg/L,UNIT_OK,aucune,numeric_decimal_comma + limites_detection + quarantine_non_convertible,INFERIEUR | SUPERIEUR | DECIMAL_COMMA | SCIENTIFIC_NOTATION | NON_NUMERIC_QUARANTINE | UNIT_OK,MESURE,1783,0,valeur=29.1; date=1988-10-05; point=2496/15 || valeur=27.2; date=1988-10-06; point=1236/14 || valeur=41.3; date=1988-10-06; point=1540/15,MIGRER,
staging,raw_types_mesures,parametre_qualite,,Mg,mg,Mg,MG,MAPPED,0.95,mg/L,mg/L,mg/L,UNIT_OK,aucune,numeric_decimal_comma + limites_detection + quarantine_non_convertible,INFERIEUR | SUPERIEUR | DECIMAL_COMMA | SCIENTIFIC_NOTATION | NON_NUMERIC_QUARANTINE | UNIT_OK | REFERENCE_ONLY,REFERENCE,1,0,colonne_valeur_absente,QUARANTAINE,Ligne de référentiel/source sans colonne valeur ; hors lot de migration des mesures.
staging,raw_idp_2024_mesures_qualite_globale,parametre_qualite,val_qual,Mg++,mgplusplus,Mg,MG,MAPPED,0.95,à confirmer,mg/L,mg/L,UNIT_ASSUMED,aucune,numeric_decimal_comma + limites_detection + quarantine_non_convertible,INFERIEUR | SUPERIEUR | DECIMAL_COMMA | SCIENTIFIC_NOTATION | NON_NUMERIC_QUARANTINE | UNIT_MISSING | UNIT_ASSUMED,MESURE,189,0,"valeur=647,6; date=2024-09-13; point=S1 (Aval_conf_Rejet_MOG (Mograne) || valeur=17,7; date=2024-09-13; point=S2 (Barrage de garde) || valeur=17,9; date=2024-09-13; point=S3 (Station Pompage Ferme (Amont Bge de garde)",MIGRER_AVEC_FLAG,Unité standard métier appliquée par défaut en l’absence d’unité source fiable.
staging,raw_idp_2024_mesures_qualite_marche_cadre,parametre_qualite,val_qual,Mg++,mgplusplus,Mg,MG,MAPPED,0.95,à confirmer,mg/L,mg/L,UNIT_ASSUMED,aucune,numeric_decimal_comma + limites_detection + quarantine_non_convertible,INFERIEUR | SUPERIEUR | DECIMAL_COMMA | SCIENTIFIC_NOTATION | NON_NUMERIC_QUARANTINE | UNIT_MISSING | UNIT_ASSUMED,MESURE,89,0,"valeur=10,9; date=2025-10-06; point=FORAGE ABD NBI BOUTABEQ || valeur=9,7; date=2025-10-06; point=PUITS DAR BEL GHAZI || valeur=21,1; date=2025-10-06; point=PUITS KBIR BOUTARTA",MIGRER_AVEC_FLAG,Unité standard métier appliquée par défaut en l’absence d’unité source fiable.
staging,raw_idp_2024_mesures_qualite_marche_cadre,parametre_qualite,val_qual,MEST Filtr,mest_filtr,MES,MES,MAPPED,0.95,à confirmer,mg/L,mg/L,UNIT_ASSUMED,aucune,numeric_decimal_comma + filtre + limites_detection + quarantine_non_convertible,INFERIEUR | SUPERIEUR | DECIMAL_COMMA | SCIENTIFIC_NOTATION | NON_NUMERIC_QUARANTINE | UNIT_MISSING | NON_NUMERIC_PRESENT | UNIT_ASSUMED,MESURE,77,16,"valeur=149; date=2025-10-06; point=DAYAT FOUARATE || valeur=45,7; date=2025-10-06; point=DAYAT SIDI BOUGHABA || valeur=110; date=2025-10-07; point=AVAL STEP SIDI SLIMANE",MIGRER_AVEC_FLAG,Unité standard métier appliquée par défaut en l’absence d’unité source fiable.
staging,raw_idp_2024_mesures_qualite_globale,parametre_qualite,val_qual,Cu,cu,Cu,CU,MAPPED,0.95,à confirmer,mg/L,mg/L,UNIT_ASSUMED,aucune,numeric_decimal_comma + limites_detection + quarantine_non_convertible,INFERIEUR | SUPERIEUR | DECIMAL_COMMA | SCIENTIFIC_NOTATION | NON_NUMERIC_QUARANTINE | UNIT_MISSING | NON_NUMERIC_PRESENT | UNIT_ASSUMED,MESURE,46,15,"valeur=<0,005; date=2024-09-13; point=S8 (Aval Ferme Agricole sidi kamel) || valeur=<0,005; date=2024-09-18; point=S29 (Aval_Conf_Rejet_Douar Ouled Jrir || valeur=<0,005; date=2024-09-18; point=S30 (Aval_Conf_Rejet_SHZ (Sidi Harazem)",MIGRER_AVEC_FLAG,Unité standard métier appliquée par défaut en l’absence d’unité source fiable.
staging,raw_mesures_qualite_barrages,parametre_qualite,val_qual_barr,Mn,mn,Mn,MN,MAPPED,0.95,mg/L,mg/L,mg/L,UNIT_OK,aucune,numeric_decimal_comma + forme_chimique_si_detectable + limites_detection + quarantine_non_convertible,INFERIEUR | SUPERIEUR | DECIMAL_COMMA | SCIENTIFIC_NOTATION | NON_NUMERIC_QUARANTINE | FORME_CHIMIQUE_OPTIONNELLE | UNIT_OK,MESURE,290,0,valeur=0.16; date=1991-11-22; point=3907/14 || valeur=0.02; date=1991-11-25; point=3323/8 || valeur=0.3; date=1993-10-26; point=3323/8,MIGRER,
staging,raw_mesures_qualite_nappes,parametre_qualite,val_qual_nap,Mn,mn,Mn,MN,MAPPED,0.95,mg/L,mg/L,mg/L,UNIT_OK,aucune,numeric_decimal_comma + forme_chimique_si_detectable + limites_detection + quarantine_non_convertible,INFERIEUR | SUPERIEUR | DECIMAL_COMMA | SCIENTIFIC_NOTATION | NON_NUMERIC_QUARANTINE | FORME_CHIMIQUE_OPTIONNELLE | UNIT_OK,MESURE,2199,0,valeur=0.04; date=1991-03-22; point=1161/15 || valeur=0.14; date=1991-03-26; point=160/15 || valeur=0.17; date=1991-03-27; point=2881/15,MIGRER,
staging,raw_mesures_qualite_rivieres,parametre_qualite,val_qual_riv,Mn,mn,Mn,MN,MAPPED,0.95,mg/L,mg/L,mg/L,UNIT_OK,aucune,numeric_decimal_comma + forme_chimique_si_detectable + limites_detection + quarantine_non_convertible,INFERIEUR | SUPERIEUR | DECIMAL_COMMA | SCIENTIFIC_NOTATION | NON_NUMERIC_QUARANTINE | FORME_CHIMIQUE_OPTIONNELLE | UNIT_OK,MESURE,136,0,valeur=450; date=1988-10-05; point=2496/15 || valeur=0.05; date=1988-10-06; point=1236/14 || valeur=50; date=1989-03-23; point=609/9,MIGRER,
staging,raw_types_mesures,parametre_qualite,,Mn,mn,Mn,MN,MAPPED,0.95,mg/L,mg/L,mg/L,UNIT_OK,aucune,numeric_decimal_comma + forme_chimique_si_detectable + limites_detection + quarantine_non_convertible,INFERIEUR | SUPERIEUR | DECIMAL_COMMA | SCIENTIFIC_NOTATION | NON_NUMERIC_QUARANTINE | FORME_CHIMIQUE_OPTIONNELLE | UNIT_OK | REFERENCE_ONLY,REFERENCE,1,0,colonne_valeur_absente,QUARANTAINE,Ligne de référentiel/source sans colonne valeur ; hors lot de migration des mesures.
staging,raw_idp_2024_mesures_qualite_globale,parametre_qualite,val_qual,IP,ip,Phenol,PHENOL,MAPPED,0.95,à confirmer,mg/L,mg/L,UNIT_ASSUMED,aucune,numeric_decimal_comma + unite_nettoyee + limites_detection + quarantine_non_convertible,INFERIEUR | SUPERIEUR | DECIMAL_COMMA | SCIENTIFIC_NOTATION | NON_NUMERIC_QUARANTINE | UNIT_MISSING | NON_NUMERIC_PRESENT | UNIT_ASSUMED,MESURE,25,14,"valeur=2,962962963; date=2024-09-18; point=BMR_DOM_PE1 (Forage CHELIK Arbi) || valeur=2,238683128; date=2024-09-18; point=SAT_DEC_PE1 (Puits youness CHOUA) || valeur=1,245901639; date=2024-09-19; point=SHZ_DOM2_PE1 (Source Skhinate (Nakhla)",MIGRER_AVEC_FLAG,Unité standard métier appliquée par défaut en l’absence d’unité source fiable.
staging,raw_idp_2024_mesures_qualite_globale,parametre_qualite,val_qual,Sn,sn,Sn,SN,MAPPED,0.95,à confirmer,mg/L,mg/L,UNIT_ASSUMED,aucune,numeric_decimal_comma + limites_detection + quarantine_non_convertible,INFERIEUR | SUPERIEUR | DECIMAL_COMMA | SCIENTIFIC_NOTATION | NON_NUMERIC_QUARANTINE | UNIT_MISSING | NON_NUMERIC_PRESENT | UNIT_ASSUMED,MESURE,42,13,"valeur=<0,010; date=2024-09-13; point=S8 (Aval Ferme Agricole sidi kamel) || valeur=<0,010; date=2024-09-18; point=S29 (Aval_Conf_Rejet_Douar Ouled Jrir || valeur=<0,010; date=2024-09-18; point=S30 (Aval_Conf_Rejet_SHZ (Sidi Harazem)",MIGRER_AVEC_FLAG,Unité standard métier appliquée par défaut en l’absence d’unité source fiable.
staging,raw_mesures_qualite_barrages,parametre_qualite,val_qual_barr,MO,mo,Matiere_Organique,MO,MAPPED,0.90,mg/L,mg/L,mg/L,UNIT_OK,aucune,numeric_decimal_comma + limites_detection + quarantine_non_convertible,INFERIEUR | SUPERIEUR | DECIMAL_COMMA | SCIENTIFIC_NOTATION | NON_NUMERIC_QUARANTINE | UNIT_UNKNOWN | ATTR_MATIERE_ORGANIQUE,MESURE,6,0,valeur=0; date=1994-11-03; point=1255/22 || valeur=7.6; date=2000-09-13; point=3323/8 || valeur=0; date=2000-11-07; point=3323/8,MIGRER,MO interprété comme Matière organique / Carbone organique selon retour métier.
staging,raw_mesures_qualite_nappes,parametre_qualite,val_qual_nap,MO,mo,Matiere_Organique,MO,MAPPED,0.90,mg/L,mg/L,mg/L,UNIT_OK,aucune,numeric_decimal_comma + limites_detection + quarantine_non_convertible,INFERIEUR | SUPERIEUR | DECIMAL_COMMA | SCIENTIFIC_NOTATION | NON_NUMERIC_QUARANTINE | UNIT_UNKNOWN | ATTR_MATIERE_ORGANIQUE,MESURE,2625,0,valeur=0; date=1990-09-21; point=2881/15 || valeur=2.5; date=1991-03-22; point=1161/15 || valeur=1.5; date=1991-03-26; point=160/15,MIGRER,MO interprété comme Matière organique / Carbone organique selon retour métier.
staging,raw_mesures_qualite_rivieres,parametre_qualite,val_qual_riv,MO,mo,Matiere_Organique,MO,MAPPED,0.90,mg/L,mg/L,mg/L,UNIT_OK,aucune,numeric_decimal_comma + limites_detection + quarantine_non_convertible,INFERIEUR | SUPERIEUR | DECIMAL_COMMA | SCIENTIFIC_NOTATION | NON_NUMERIC_QUARANTINE | UNIT_UNKNOWN | ATTR_MATIERE_ORGANIQUE,MESURE,26,0,valeur=0; date=1990-08-15; point=2169/15 || valeur=0; date=1990-08-16; point=609/9 || valeur=0; date=1990-08-30; point=2496/15,MIGRER,MO interprété comme Matière organique / Carbone organique selon retour métier.
staging,raw_types_mesures,parametre_qualite,,MO,mo,Matiere_Organique,MO,MAPPED,0.90,mg/L,mg/L,mg/L,UNIT_OK,aucune,numeric_decimal_comma + limites_detection + quarantine_non_convertible,INFERIEUR | SUPERIEUR | DECIMAL_COMMA | SCIENTIFIC_NOTATION | NON_NUMERIC_QUARANTINE | UNIT_UNKNOWN | ATTR_MATIERE_ORGANIQUE | REFERENCE_ONLY,REFERENCE,1,0,colonne_valeur_absente,QUARANTAINE,Ligne de référentiel/source sans colonne valeur ; hors lot de migration des mesures.
staging,raw_suivi_qualite_brg_garde_hebdo,parametre_qualite,val_qual_brg_garde_hebdo,Molybdène(mg/l),molybdene_mg_l,Molybdène,MO_METAL,MAPPED,0.95,mg/l,mg/L,mg/L,UNIT_OK,aucune,numeric_decimal_comma + limites_detection + quarantine_non_convertible,INFERIEUR | SUPERIEUR | DECIMAL_COMMA | SCIENTIFIC_NOTATION | NON_NUMERIC_QUARANTINE | UNIT_OK | ATTR_MOLYBDENE,MESURE,182,0,valeur=0.01; date=2024-11-20; point=n/a || valeur=0.01; date=2024-12-11; point=n/a || valeur=0.01; date=2025-01-08; point=n/a,MIGRER,Séparation explicite Molybdène vs Matière organique.
staging,raw_barrages_abhs,,montant_md,montant_md,montant_md,Montant_MD,MONTANT_MD,MAPPED,0.95,à confirmer,Millions Dirhams,Millions Dirhams,UNIT_ASSUMED,aucune,numeric_decimal_comma + limites_detection + quarantine_non_convertible,INFERIEUR | SUPERIEUR | DECIMAL_COMMA | SCIENTIFIC_NOTATION | NON_NUMERIC_QUARANTINE | UNIT_MISSING | UNIT_ASSUMED,MESURE,34,0,valeur=995; date=n/a; point=035310905 || valeur=3000; date=n/a; point=035310311 || valeur=850; date=n/a; point=034510301,MIGRER_AVEC_FLAG,Unité standard métier appliquée par défaut en l’absence d’unité source fiable.
staging,raw_mesures_qualite_barrages,parametre_qualite,val_qual_barr,NA,na,Na,NA,MAPPED,0.95,à confirmer,mg/L,mg/L,UNIT_ASSUMED,aucune,numeric_decimal_comma + normalisation_variante + limites_detection + quarantine_non_convertible,INFERIEUR | SUPERIEUR | DECIMAL_COMMA | SCIENTIFIC_NOTATION | NON_NUMERIC_QUARANTINE | UNIT_MISSING | UNIT_ASSUMED,MESURE,128,0,valeur=67; date=1992-06-05; point=788/21 || valeur=76; date=1993-04-15; point=788/21 || valeur=0.02; date=1993-10-26; point=3323/8,MIGRER_AVEC_FLAG,Unité standard métier appliquée par défaut en l’absence d’unité source fiable.
staging,raw_mesures_qualite_nappes,parametre_qualite,val_qual_nap,NA,na,Na,NA,MAPPED,0.95,à confirmer,mg/L,mg/L,UNIT_ASSUMED,aucune,numeric_decimal_comma + normalisation_variante + limites_detection + quarantine_non_convertible,INFERIEUR | SUPERIEUR | DECIMAL_COMMA | SCIENTIFIC_NOTATION | NON_NUMERIC_QUARANTINE | UNIT_MISSING | UNIT_ASSUMED,MESURE,2637,0,valeur=172; date=1988-10-03; point=1652/22 || valeur=132; date=1989-03-31; point=2528/15 || valeur=8160; date=1991-03-27; point=2881/15,MIGRER_AVEC_FLAG,Unité standard métier appliquée par défaut en l’absence d’unité source fiable.
staging,raw_mesures_qualite_rivieres,parametre_qualite,val_qual_riv,NA,na,Na,NA,MAPPED,0.95,à confirmer,mg/L,mg/L,UNIT_ASSUMED,aucune,numeric_decimal_comma + normalisation_variante + limites_detection + quarantine_non_convertible,INFERIEUR | SUPERIEUR | DECIMAL_COMMA | SCIENTIFIC_NOTATION | NON_NUMERIC_QUARANTINE | UNIT_MISSING | UNIT_ASSUMED,MESURE,1790,0,valeur=144; date=1988-09-20; point=2817/15 || valeur=81; date=1988-10-05; point=2496/15 || valeur=368; date=1988-10-06; point=1236/14,MIGRER_AVEC_FLAG,Unité standard métier appliquée par défaut en l’absence d’unité source fiable.
staging,raw_types_mesures,parametre_qualite,,NA,na,Na,NA,MAPPED,0.95,à confirmer,mg/L,mg/L,UNIT_ASSUMED,aucune,numeric_decimal_comma + normalisation_variante + limites_detection + quarantine_non_convertible,INFERIEUR | SUPERIEUR | DECIMAL_COMMA | SCIENTIFIC_NOTATION | NON_NUMERIC_QUARANTINE | UNIT_MISSING | UNIT_ASSUMED | REFERENCE_ONLY,REFERENCE,1,0,colonne_valeur_absente,QUARANTAINE,Ligne de référentiel/source sans colonne valeur ; hors lot de migration des mesures.
staging,raw_idp_2024_mesures_qualite_globale,parametre_qualite,val_qual,Na+,naplus,Na,NA,MAPPED,0.95,à confirmer,mg/L,mg/L,UNIT_ASSUMED,aucune,numeric_decimal_comma + normalisation_variante + limites_detection + quarantine_non_convertible,INFERIEUR | SUPERIEUR | DECIMAL_COMMA | SCIENTIFIC_NOTATION | NON_NUMERIC_QUARANTINE | UNIT_MISSING | UNIT_ASSUMED,MESURE,172,0,valeur=5543; date=2024-09-13; point=S1 (Aval_conf_Rejet_MOG (Mograne) || valeur=107; date=2024-09-13; point=S2 (Barrage de garde) || valeur=103; date=2024-09-13; point=S3 (Station Pompage Ferme (Amont Bge de garde),MIGRER_AVEC_FLAG,Unité standard métier appliquée par défaut en l’absence d’unité source fiable.
staging,raw_idp_2024_mesures_qualite_marche_cadre,parametre_qualite,val_qual,Na+,naplus,Na,NA,MAPPED,0.95,à confirmer,mg/L,mg/L,UNIT_ASSUMED,aucune,numeric_decimal_comma + normalisation_variante + limites_detection + quarantine_non_convertible,INFERIEUR | SUPERIEUR | DECIMAL_COMMA | SCIENTIFIC_NOTATION | NON_NUMERIC_QUARANTINE | UNIT_MISSING | UNIT_ASSUMED,MESURE,89,0,"valeur=42,5; date=2025-10-06; point=FORAGE ABD NBI BOUTABEQ || valeur=43,1; date=2025-10-06; point=PUITS DAR BEL GHAZI || valeur=96,5; date=2025-10-06; point=PUITS KBIR BOUTARTA",MIGRER_AVEC_FLAG,Unité standard métier appliquée par défaut en l’absence d’unité source fiable.
staging,raw_idp_2024_mesures_qualite_marche_cadre,parametre_qualite,val_qual,Na+3,naplus3,Na,NA,MAPPED,0.95,à confirmer,mg/L,mg/L,UNIT_ASSUMED,aucune,numeric_decimal_comma + normalisation_variante + limites_detection + quarantine_non_convertible,INFERIEUR | SUPERIEUR | DECIMAL_COMMA | SCIENTIFIC_NOTATION | NON_NUMERIC_QUARANTINE | UNIT_MISSING | UNIT_ASSUMED,MESURE,89,0,"valeur=42,5; date=2025-10-06; point=FORAGE ABD NBI BOUTABEQ || valeur=43,1; date=2025-10-06; point=PUITS DAR BEL GHAZI || valeur=96,5; date=2025-10-06; point=PUITS KBIR BOUTARTA",MIGRER_AVEC_FLAG,Unité standard métier appliquée par défaut en l’absence d’unité source fiable.
staging,raw_mesures_qualite_barrages,parametre_qualite,val_qual_barr,NH4,nh4,NH4+,NH4,MAPPED,0.95,mg/L,mg/L,mg/L,UNIT_OK,aucune,numeric_decimal_comma + pas_conversion_N_NH4 + limites_detection + quarantine_non_convertible,INFERIEUR | SUPERIEUR | DECIMAL_COMMA | SCIENTIFIC_NOTATION | NON_NUMERIC_QUARANTINE | UNIT_OK,MESURE,232,0,valeur=0.08; date=1990-01-30; point=788/21 || valeur=0.12; date=1990-08-17; point=788/21 || valeur=0.08; date=1991-09-27; point=788/21,MIGRER,
staging,raw_mesures_qualite_nappes,parametre_qualite,val_qual_nap,NH4,nh4,NH4+,NH4,MAPPED,0.95,mg/L,mg/L,mg/L,UNIT_OK,aucune,numeric_decimal_comma + pas_conversion_N_NH4 + limites_detection + quarantine_non_convertible,INFERIEUR | SUPERIEUR | DECIMAL_COMMA | SCIENTIFIC_NOTATION | NON_NUMERIC_QUARANTINE | UNIT_OK,MESURE,2590,0,valeur=0; date=1990-09-20; point=1182/14 || valeur=0; date=1991-01-24; point=159/22 || valeur=0.01; date=1991-03-22; point=1161/15,MIGRER,
staging,raw_mesures_qualite_rivieres,parametre_qualite,val_qual_riv,NH4,nh4,NH4+,NH4,MAPPED,0.95,mg/L,mg/L,mg/L,UNIT_OK,aucune,numeric_decimal_comma + pas_conversion_N_NH4 + limites_detection + quarantine_non_convertible,INFERIEUR | SUPERIEUR | DECIMAL_COMMA | SCIENTIFIC_NOTATION | NON_NUMERIC_QUARANTINE | UNIT_OK,MESURE,1953,0,valeur=0.75; date=1988-10-05; point=2496/15 || valeur=0.03; date=1988-10-06; point=1236/14 || valeur=0.24; date=1988-10-06; point=1540/15,MIGRER,
staging,raw_types_mesures,parametre_qualite,,NH4,nh4,NH4+,NH4,MAPPED,0.95,mg/L,mg/L,mg/L,UNIT_OK,aucune,numeric_decimal_comma + pas_conversion_N_NH4 + limites_detection + quarantine_non_convertible,INFERIEUR | SUPERIEUR | DECIMAL_COMMA | SCIENTIFIC_NOTATION | NON_NUMERIC_QUARANTINE | UNIT_OK | REFERENCE_ONLY,REFERENCE,1,0,colonne_valeur_absente,QUARANTAINE,Ligne de référentiel/source sans colonne valeur ; hors lot de migration des mesures.
staging,raw_idp_2024_mesures_qualite_globale,parametre_qualite,val_qual,Zn,zn,Zn,ZN,MAPPED,0.95,à confirmer,mg/L,mg/L,UNIT_ASSUMED,aucune,numeric_decimal_comma + limites_detection + quarantine_non_convertible,INFERIEUR | SUPERIEUR | DECIMAL_COMMA | SCIENTIFIC_NOTATION | NON_NUMERIC_QUARANTINE | UNIT_MISSING | NON_NUMERIC_PRESENT | UNIT_ASSUMED,MESURE,42,13,"valeur=<0,010; date=2024-09-13; point=S8 (Aval Ferme Agricole sidi kamel) || valeur=<0,010; date=2024-09-18; point=S29 (Aval_Conf_Rejet_Douar Ouled Jrir || valeur=<0,010; date=2024-09-18; point=S30 (Aval_Conf_Rejet_SHZ (Sidi Harazem)",MIGRER_AVEC_FLAG,Unité standard métier appliquée par défaut en l’absence d’unité source fiable.
staging,raw_idp_2024_mesures_qualite_globale,parametre_qualite,val_qual,PT,pt,PT,PT,MAPPED,0.95,à confirmer,mg/L,mg/L,UNIT_ASSUMED,aucune,numeric_decimal_comma + limites_detection + quarantine_non_convertible,INFERIEUR | SUPERIEUR | DECIMAL_COMMA | SCIENTIFIC_NOTATION | NON_NUMERIC_QUARANTINE | UNIT_MISSING | NON_NUMERIC_PRESENT | UNIT_ASSUMED,MESURE,163,12,"valeur=0,167; date=2024-09-13; point=S1 (Aval_conf_Rejet_MOG (Mograne) || valeur=<0,05; date=2024-09-13; point=S2 (Barrage de garde) || valeur=0,069; date=2024-09-13; point=S3 (Station Pompage Ferme (Amont Bge de garde)",MIGRER_AVEC_FLAG,Unité standard métier appliquée par défaut en l’absence d’unité source fiable.
staging,raw_idp_2024_mesures_qualite_marche_cadre,parametre_qualite,val_qual,NH4+ Titri,nh4plus_titri,NH4+,NH4,MAPPED,0.95,à confirmer,mg/L,mg/L,UNIT_ASSUMED,aucune,numeric_decimal_comma + pas_conversion_N_NH4 + limites_detection + quarantine_non_convertible,INFERIEUR | SUPERIEUR | DECIMAL_COMMA | SCIENTIFIC_NOTATION | NON_NUMERIC_QUARANTINE | UNIT_MISSING | UNIT_ASSUMED,MESURE,2,0,aucun exemple non nul,MIGRER_AVEC_FLAG,Unité standard métier appliquée par défaut en l’absence d’unité source fiable.
staging,raw_idp_2024_mesures_qualite_marche_cadre,parametre_qualite,val_qual,NH4+ 2,nh4plus_2,NH4+,NH4,MAPPED,0.95,à confirmer,mg/L,mg/L,UNIT_ASSUMED,aucune,numeric_decimal_comma + pas_conversion_N_NH4 + limites_detection + quarantine_non_convertible,INFERIEUR | SUPERIEUR | DECIMAL_COMMA | SCIENTIFIC_NOTATION | NON_NUMERIC_QUARANTINE | UNIT_MISSING | UNIT_ASSUMED,MESURE,17,0,"valeur=50,1; date=2025-10-10; point=AVAL STEP SIDI YAHYA EL GHARB || valeur=36,4; date=2025-10-13; point=STATION DAR EL ARSA || valeur=72,8; date=2025-10-14; point=AVAL REJET TIFELT",MIGRER_AVEC_FLAG,Unité standard métier appliquée par défaut en l’absence d’unité source fiable.
staging,raw_idp_2024_mesures_qualite_marche_cadre,parametre_qualite,val_qual,Huiles Graisses (H G T),huiles_graisses_h_g_t,Huiles_Graisses,HG,MAPPED,0.95,à confirmer,mg/L,mg/L,UNIT_ASSUMED,aucune,numeric_decimal_comma + limites_detection + quarantine_non_convertible,INFERIEUR | SUPERIEUR | DECIMAL_COMMA | SCIENTIFIC_NOTATION | NON_NUMERIC_QUARANTINE | UNIT_MISSING | NON_NUMERIC_PRESENT | UNIT_ASSUMED,MESURE,27,10,aucun exemple non nul,MIGRER_AVEC_FLAG,Unité standard métier appliquée par défaut en l’absence d’unité source fiable.
staging,raw_suivi_qualite_brg_garde_hebdo,parametre_qualite,val_qual_brg_garde_hebdo,NH4+(mgNH4+/l),nh4plus_mgnh4plus_l,NH4+,NH4,MAPPED,0.95,mgNH4+/l,mgNH4+/l,mg/L,UNIT_OK,aucune,numeric_decimal_comma + pas_conversion_N_NH4 + limites_detection + quarantine_non_convertible,INFERIEUR | SUPERIEUR | DECIMAL_COMMA | SCIENTIFIC_NOTATION | NON_NUMERIC_QUARANTINE | UNIT_CONFLICT,MESURE,182,0,valeur=0.091; date=2024-01-03; point=n/a || valeur=0.111; date=2024-01-10; point=n/a || valeur=0.118; date=2024-01-17; point=n/a,MIGRER,
staging,raw_idp_2024_mesures_qualite_marche_cadre,parametre_qualite,val_qual,indice de phénol M:A,indice_de_phenol_m_a,Phenol,PHENOL,MAPPED,0.95,Indice,Indice,mg/L,UNIT_OK,aucune,numeric_decimal_comma + unite_nettoyee + limites_detection + quarantine_non_convertible,INFERIEUR | SUPERIEUR | DECIMAL_COMMA | SCIENTIFIC_NOTATION | NON_NUMERIC_QUARANTINE | UNIT_CONFLICT | NON_NUMERIC_PRESENT,MESURE,27,10,aucun exemple non nul,MIGRER_AVEC_FLAG,
staging,raw_mesures_qualite_nappes,parametre_qualite,val_qual_nap,Ni,ni,Ni,NI,MAPPED,0.95,à confirmer,mg/L,mg/L,UNIT_ASSUMED,aucune,numeric_decimal_comma + limites_detection + quarantine_non_convertible,INFERIEUR | SUPERIEUR | DECIMAL_COMMA | SCIENTIFIC_NOTATION | NON_NUMERIC_QUARANTINE | UNIT_MISSING | UNIT_ASSUMED,MESURE,2,0,valeur=0.01; date=1991-03-22; point=1161/15 || valeur=0.01; date=1991-03-26; point=160/15,MIGRER_AVEC_FLAG,Unité standard métier appliquée par défaut en l’absence d’unité source fiable.
staging,raw_mesures_qualite_rivieres,parametre_qualite,val_qual_riv,Ni,ni,Ni,NI,MAPPED,0.95,à confirmer,mg/L,mg/L,UNIT_ASSUMED,aucune,numeric_decimal_comma + limites_detection + quarantine_non_convertible,INFERIEUR | SUPERIEUR | DECIMAL_COMMA | SCIENTIFIC_NOTATION | NON_NUMERIC_QUARANTINE | UNIT_MISSING | UNIT_ASSUMED,MESURE,269,0,valeur=0.001; date=1990-08-01; point=551/16 || valeur=0.001; date=1990-08-01; point=766/16 || valeur=0; date=1990-08-02; point=2216/15,MIGRER_AVEC_FLAG,Unité standard métier appliquée par défaut en l’absence d’unité source fiable.
staging,raw_idp_2024_mesures_qualite_globale,parametre_qualite,val_qual,Li,li,Li,LI,MAPPED,0.95,à confirmer,mg/L,mg/L,UNIT_ASSUMED,aucune,numeric_decimal_comma + limites_detection + quarantine_non_convertible,INFERIEUR | SUPERIEUR | DECIMAL_COMMA | SCIENTIFIC_NOTATION | NON_NUMERIC_QUARANTINE | UNIT_MISSING | NON_NUMERIC_PRESENT | UNIT_ASSUMED,MESURE,34,10,"valeur=0,0182; date=2024-09-18; point=S29 (Aval_Conf_Rejet_Douar Ouled Jrir || valeur=0,02; date=2024-09-18; point=S30 (Aval_Conf_Rejet_SHZ (Sidi Harazem) || valeur=0,0439; date=2024-09-19; point=S21 (Aval_conf_Leban_ Inaoun",MIGRER_AVEC_FLAG,Unité standard métier appliquée par défaut en l’absence d’unité source fiable.
staging,raw_suivi_qualite_brg_garde_hebdo,parametre_qualite,val_qual_brg_garde_hebdo,Nickel(mg)/l,nickel_mg_l,Ni,NI,MAPPED,0.95,mg,mg,mg/L,UNIT_OK,aucune,numeric_decimal_comma + limites_detection + quarantine_non_convertible,INFERIEUR | SUPERIEUR | DECIMAL_COMMA | SCIENTIFIC_NOTATION | NON_NUMERIC_QUARANTINE | UNIT_CONFLICT,MESURE,182,0,valeur=0.01; date=2024-11-20; point=n/a || valeur=0.01; date=2024-12-11; point=n/a || valeur=0.01; date=2025-01-08; point=n/a,MIGRER,
staging,raw_suivi_qualite_sebou_jr,parametre_qualite,val_qual_sebou_jr,Nitrates,nitrates,Nitrates,NITRATES,MAPPED,0.95,à confirmer,mg/L,mg/L,UNIT_ASSUMED,aucune,numeric_decimal_comma + limites_detection + quarantine_non_convertible,INFERIEUR | SUPERIEUR | DECIMAL_COMMA | SCIENTIFIC_NOTATION | NON_NUMERIC_QUARANTINE | UNIT_MISSING | UNIT_ASSUMED,MESURE,4572,0,valeur=NaN; date=2023-12-07; point=2263/15 || valeur=NaN; date=2023-12-08; point=2263/15 || valeur=0.42; date=2023-12-09; point=2263/15,MIGRER_AVEC_FLAG,Unité standard métier appliquée par défaut en l’absence d’unité source fiable.
staging,raw_points_eau_abhs,,niv_piezometrique_m,niv_piezometrique_m,niv_piezometrique_m,Niveau_piezom,NIVEAU_PIEZOM,MAPPED,0.95,m,m,m,UNIT_OK,aucune,numeric_decimal_comma + null_non_migre_si_applicable + flags_series_temporelles + quarantine_non_convertible,INFERIEUR | SUPERIEUR | DECIMAL_COMMA | SCIENTIFIC_NOTATION | NON_NUMERIC_QUARANTINE | UNIT_OK,MESURE,46,0,valeur=3.3; date=n/a; point=042810503 || valeur=3.4; date=n/a; point=042810909 || valeur=2.5; date=n/a; point=032710301,MIGRER,
staging,raw_mesures_niv_eau_barrages,,niveau_eau_m_ngm,niveau_eau_m_ngm,niveau_eau_m_ngm,Niveau_eau,NIVEAU_EAU,MAPPED,0.95,à confirmer,m NGM,m NGM,UNIT_ASSUMED,aucune,numeric_decimal_comma + null_non_migre_si_applicable + flags_series_temporelles + quarantine_non_convertible,INFERIEUR | SUPERIEUR | DECIMAL_COMMA | SCIENTIFIC_NOTATION | NON_NUMERIC_QUARANTINE | UNIT_MISSING | UNIT_ASSUMED,MESURE,85166,0,valeur=111.8; date=1996-12-01; point=1182/9 || valeur=111.89; date=1996-12-02; point=1182/9 || valeur=111.95; date=1996-12-03; point=1182/9,MIGRER_AVEC_FLAG,Unité standard métier appliquée par défaut en l’absence d’unité source fiable.
staging,raw_idp_2024_mesures_qualite_marche_cadre,parametre_qualite,val_qual,Arsenic,arsenic,As,AS,MAPPED,0.95,à confirmer,mg/L,mg/L,UNIT_ASSUMED,aucune,numeric_decimal_comma + limites_detection + quarantine_non_convertible,INFERIEUR | SUPERIEUR | DECIMAL_COMMA | SCIENTIFIC_NOTATION | NON_NUMERIC_QUARANTINE | UNIT_MISSING | NON_NUMERIC_PRESENT | UNIT_ASSUMED,MESURE,8,8,"valeur=<0,005; date=2025-10-08; point=STATION PONT MECHRAA BEL KSIRI || valeur=<0,005; date=2025-10-08; point=PONT KHENICHET || valeur=<0,005; date=2025-10-10; point=AMONT KENITRA",MIGRER_AVEC_FLAG,Unité standard métier appliquée par défaut en l’absence d’unité source fiable.
staging,raw_mesures_qualite_barrages,parametre_qualite,val_qual_barr,NO2-,no2,NO2-,NO2,MAPPED,0.95,mg/L,mg/L,mg/L,UNIT_OK,aucune,numeric_decimal_comma + conversion_ugL_vers_mgL_si_detectee + limites_detection + quarantine_non_convertible,INFERIEUR | SUPERIEUR | DECIMAL_COMMA | SCIENTIFIC_NOTATION | NON_NUMERIC_QUARANTINE | UNIT_CONVERSION_UGL_TO_MGL_IF_DETECTED | UNIT_OK,MESURE,134,0,valeur=0.01; date=1991-11-22; point=3907/14 || valeur=0.14; date=1991-11-25; point=3323/8 || valeur=0.02; date=1992-06-05; point=788/21,MIGRER,
staging,raw_mesures_qualite_nappes,parametre_qualite,val_qual_nap,NO2-,no2,NO2-,NO2,MAPPED,0.95,mg/L,mg/L,mg/L,UNIT_OK,aucune,numeric_decimal_comma + conversion_ugL_vers_mgL_si_detectee + limites_detection + quarantine_non_convertible,INFERIEUR | SUPERIEUR | DECIMAL_COMMA | SCIENTIFIC_NOTATION | NON_NUMERIC_QUARANTINE | UNIT_CONVERSION_UGL_TO_MGL_IF_DETECTED | UNIT_OK,MESURE,2609,0,valeur=0; date=1991-01-24; point=159/22 || valeur=0.01; date=1991-03-22; point=1161/15 || valeur=0.02; date=1991-03-26; point=160/15,MIGRER,
staging,raw_mesures_qualite_rivieres,parametre_qualite,val_qual_riv,NO2-,no2,NO2-,NO2,MAPPED,0.95,mg/L,mg/L,mg/L,UNIT_OK,aucune,numeric_decimal_comma + conversion_ugL_vers_mgL_si_detectee + limites_detection + quarantine_non_convertible,INFERIEUR | SUPERIEUR | DECIMAL_COMMA | SCIENTIFIC_NOTATION | NON_NUMERIC_QUARANTINE | UNIT_CONVERSION_UGL_TO_MGL_IF_DETECTED | UNIT_OK,MESURE,1791,0,valeur=0.192; date=1988-10-05; point=2496/15 || valeur=0.031; date=1988-10-06; point=1236/14 || valeur=0.01; date=1989-03-23; point=609/9,MIGRER,
staging,raw_types_mesures,parametre_qualite,,NO2-,no2,NO2-,NO2,MAPPED,0.95,mg/L,mg/L,mg/L,UNIT_OK,aucune,numeric_decimal_comma + conversion_ugL_vers_mgL_si_detectee + limites_detection + quarantine_non_convertible,INFERIEUR | SUPERIEUR | DECIMAL_COMMA | SCIENTIFIC_NOTATION | NON_NUMERIC_QUARANTINE | UNIT_CONVERSION_UGL_TO_MGL_IF_DETECTED | UNIT_OK | REFERENCE_ONLY,REFERENCE,1,0,colonne_valeur_absente,QUARANTAINE,Ligne de référentiel/source sans colonne valeur ; hors lot de migration des mesures.
staging,raw_idp_2024_mesures_qualite_marche_cadre,parametre_qualite,val_qual,Cadmium,cadmium,Cd,CD,MAPPED,0.95,à confirmer,mg/L,mg/L,UNIT_ASSUMED,aucune,numeric_decimal_comma + limites_detection + quarantine_non_convertible,INFERIEUR | SUPERIEUR | DECIMAL_COMMA | SCIENTIFIC_NOTATION | NON_NUMERIC_QUARANTINE | UNIT_MISSING | NON_NUMERIC_PRESENT | UNIT_ASSUMED,MESURE,8,8,"valeur=<0,0005; date=2025-10-08; point=STATION PONT MECHRAA BEL KSIRI || valeur=<0,0005; date=2025-10-08; point=PONT KHENICHET || valeur=<0,0005; date=2025-10-10; point=AMONT KENITRA",MIGRER_AVEC_FLAG,Unité standard métier appliquée par défaut en l’absence d’unité source fiable.
staging,raw_idp_2024_mesures_qualite_marche_cadre,parametre_qualite,val_qual,Cobalt,cobalt,Co,CO,MAPPED,0.95,à confirmer,mg/L,mg/L,UNIT_ASSUMED,aucune,numeric_decimal_comma + limites_detection + quarantine_non_convertible,INFERIEUR | SUPERIEUR | DECIMAL_COMMA | SCIENTIFIC_NOTATION | NON_NUMERIC_QUARANTINE | UNIT_MISSING | NON_NUMERIC_PRESENT | UNIT_ASSUMED,MESURE,8,8,"valeur=<0,005; date=2025-10-10; point=AMONT KENITRA || valeur=<0,005; date=2025-10-08; point=STATION PONT MECHRAA BEL KSIRI || valeur=<0,005; date=2025-10-08; point=PONT KHENICHET",MIGRER_AVEC_FLAG,Unité standard métier appliquée par défaut en l’absence d’unité source fiable.
staging,raw_mesures_qualite_barrages,parametre_qualite,val_qual_barr,NO3-,no3,NO3-,NO3,MAPPED,0.95,mg/L,mg/L,mg/L,UNIT_OK,aucune,numeric_decimal_comma + limites_detection + quarantine_non_convertible,INFERIEUR | SUPERIEUR | DECIMAL_COMMA | SCIENTIFIC_NOTATION | NON_NUMERIC_QUARANTINE | UNIT_OK,MESURE,596,0,valeur=11.5; date=1990-01-30; point=788/21 || valeur=0.51; date=1990-08-17; point=788/21 || valeur=10.4; date=1991-09-27; point=788/21,MIGRER,
staging,raw_mesures_qualite_nappes,parametre_qualite,val_qual_nap,NO3-,no3,NO3-,NO3,MAPPED,0.95,mg/L,mg/L,mg/L,UNIT_OK,aucune,numeric_decimal_comma + limites_detection + quarantine_non_convertible,INFERIEUR | SUPERIEUR | DECIMAL_COMMA | SCIENTIFIC_NOTATION | NON_NUMERIC_QUARANTINE | UNIT_OK,MESURE,2632,0,valeur=14.8; date=1988-10-03; point=1652/22 || valeur=6.6; date=1989-03-31; point=2528/15 || valeur=29; date=1990-09-20; point=1182/14,MIGRER,
staging,raw_mesures_qualite_rivieres,parametre_qualite,val_qual_riv,NO3-,no3,NO3-,NO3,MAPPED,0.95,mg/L,mg/L,mg/L,UNIT_OK,aucune,numeric_decimal_comma + limites_detection + quarantine_non_convertible,INFERIEUR | SUPERIEUR | DECIMAL_COMMA | SCIENTIFIC_NOTATION | NON_NUMERIC_QUARANTINE | UNIT_OK,MESURE,1930,0,valeur=9.29; date=1988-10-05; point=2496/15 || valeur=6.11; date=1988-10-06; point=1236/14 || valeur=0.01; date=1988-10-06; point=1540/15,MIGRER,
staging,raw_types_mesures,parametre_qualite,,NO3-,no3,NO3-,NO3,MAPPED,0.95,mg/L,mg/L,mg/L,UNIT_OK,aucune,numeric_decimal_comma + limites_detection + quarantine_non_convertible,INFERIEUR | SUPERIEUR | DECIMAL_COMMA | SCIENTIFIC_NOTATION | NON_NUMERIC_QUARANTINE | UNIT_OK | REFERENCE_ONLY,REFERENCE,1,0,colonne_valeur_absente,QUARANTAINE,Ligne de référentiel/source sans colonne valeur ; hors lot de migration des mesures.
staging,raw_suivi_qualite_brg_garde_hebdo,parametre_qualite,val_qual_brg_garde_hebdo,NO3-(mg/l),no3_mg_l,NO3-,NO3,MAPPED,0.95,mg/l,mg/L,mg/L,UNIT_OK,aucune,numeric_decimal_comma + limites_detection + quarantine_non_convertible,INFERIEUR | SUPERIEUR | DECIMAL_COMMA | SCIENTIFIC_NOTATION | NON_NUMERIC_QUARANTINE | UNIT_OK,MESURE,182,0,valeur=3.87; date=2024-01-03; point=n/a || valeur=2.09; date=2024-01-10; point=n/a || valeur=3.39; date=2024-01-17; point=n/a,MIGRER,
staging,raw_idp_2024_mesures_qualite_marche_cadre,parametre_qualite,val_qual,NO3-_Réduction Cd,no3_reduction_cd,NO3-,NO3,MAPPED,0.95,à confirmer,mg/L,mg/L,UNIT_ASSUMED,aucune,numeric_decimal_comma + limites_detection + quarantine_non_convertible,INFERIEUR | SUPERIEUR | DECIMAL_COMMA | SCIENTIFIC_NOTATION | NON_NUMERIC_QUARANTINE | UNIT_MISSING | UNIT_ASSUMED,MESURE,4,0,"valeur=0,127; date=2025-10-06; point=DAYAT SIDI BOUGHABA || valeur=3,55; date=2025-10-10; point=AMONT STEP KENITRA || valeur=3,3; date=2025-10-10; point=AMONT KENITRA",MIGRER_AVEC_FLAG,Unité standard métier appliquée par défaut en l’absence d’unité source fiable.
staging,raw_idp_2024_mesures_qualite_marche_cadre,parametre_qualite,val_qual,Mercure,mercure,Mercure,HG_MERCURE,MAPPED,0.95,à confirmer,mg/L,mg/L,UNIT_ASSUMED,aucune,numeric_decimal_comma + limites_detection + quarantine_non_convertible,INFERIEUR | SUPERIEUR | DECIMAL_COMMA | SCIENTIFIC_NOTATION | NON_NUMERIC_QUARANTINE | UNIT_MISSING | NON_NUMERIC_PRESENT | UNIT_ASSUMED,MESURE,8,8,"valeur=<0,00025; date=2025-10-08; point=STATION PONT MECHRAA BEL KSIRI || valeur=<0,00025; date=2025-10-08; point=PONT KHENICHET || valeur=<0,00025; date=2025-10-10; point=AMONT KENITRA",MIGRER_AVEC_FLAG,Unité standard métier appliquée par défaut en l’absence d’unité source fiable.
staging,raw_idp_2024_mesures_qualite_marche_cadre,parametre_qualite,val_qual,Plomb,plomb,Pb,PB,MAPPED,0.95,à confirmer,mg/L,mg/L,UNIT_ASSUMED,aucune,numeric_decimal_comma + limites_detection + quarantine_non_convertible,INFERIEUR | SUPERIEUR | DECIMAL_COMMA | SCIENTIFIC_NOTATION | NON_NUMERIC_QUARANTINE | UNIT_MISSING | NON_NUMERIC_PRESENT | UNIT_ASSUMED,MESURE,8,8,"valeur=<0,005; date=2025-10-08; point=STATION PONT MECHRAA BEL KSIRI || valeur=<0,005; date=2025-10-08; point=PONT KHENICHET || valeur=<0,005; date=2025-10-10; point=AMONT KENITRA",MIGRER_AVEC_FLAG,Unité standard métier appliquée par défaut en l’absence d’unité source fiable.
staging,raw_suivi_qualite_sebou_jr,parametre_qualite,val_qual_sebou_jr,NTK,ntk,NTK,NTK,MAPPED,0.95,à confirmer,mg/L,mg/L,UNIT_ASSUMED,aucune,numeric_decimal_comma + limites_detection + quarantine_non_convertible,INFERIEUR | SUPERIEUR | DECIMAL_COMMA | SCIENTIFIC_NOTATION | NON_NUMERIC_QUARANTINE | UNIT_MISSING | UNIT_ASSUMED,MESURE,4572,0,valeur=0; date=2024-04-18; point=2263/15 || valeur=NaN; date=2023-12-07; point=2263/15 || valeur=NaN; date=2023-12-08; point=2263/15,MIGRER_AVEC_FLAG,Unité standard métier appliquée par défaut en l’absence d’unité source fiable.
staging,raw_idp_2024_mesures_qualite_marche_cadre,parametre_qualite,val_qual,NTK Spectr,ntk_spectr,NTK,NTK,MAPPED,0.95,à confirmer,mg/L,mg/L,UNIT_ASSUMED,aucune,numeric_decimal_comma + limites_detection + quarantine_non_convertible,INFERIEUR | SUPERIEUR | DECIMAL_COMMA | SCIENTIFIC_NOTATION | NON_NUMERIC_QUARANTINE | UNIT_MISSING | UNIT_ASSUMED,MESURE,39,0,"valeur=60,5; date=2025-10-07; point=AVAL STEP SIDI SLIMANE || valeur=1,43; date=2025-10-08; point=AMONT STEP MECHRAA BEL KSIRI || valeur=1,86; date=2025-10-08; point=AVAL STEP MECHRAA BEL KSIRI",MIGRER_AVEC_FLAG,Unité standard métier appliquée par défaut en l’absence d’unité source fiable.
staging,raw_idp_2024_mesures_qualite_marche_cadre,parametre_qualite,val_qual,NTK Titri,ntk_titri,NTK,NTK,MAPPED,0.95,à confirmer,mg/L,mg/L,UNIT_ASSUMED,aucune,numeric_decimal_comma + limites_detection + quarantine_non_convertible,INFERIEUR | SUPERIEUR | DECIMAL_COMMA | SCIENTIFIC_NOTATION | NON_NUMERIC_QUARANTINE | UNIT_MISSING | UNIT_ASSUMED,MESURE,21,0,"valeur=60,48; date=2025-10-07; point=AVAL STEP SIDI SLIMANE || valeur=41,4; date=2025-10-08; point=AVAL STEP SIDI KACEM || valeur=84; date=2025-10-10; point=AVAL STEP SIDI YAHYA EL GHARB",MIGRER_AVEC_FLAG,Unité standard métier appliquée par défaut en l’absence d’unité source fiable.
staging,raw_mesures_qualite_nappes,parametre_qualite,val_qual_nap,Numerotation_GT,numerotation_gt,Numerotation,NUMEROTATION,MAPPED,0.95,à confirmer,— (code),— (code),UNIT_ASSUMED,aucune,numeric_decimal_comma + limites_detection + quarantine_non_convertible,INFERIEUR | SUPERIEUR | DECIMAL_COMMA | SCIENTIFIC_NOTATION | NON_NUMERIC_QUARANTINE | UNIT_MISSING | UNIT_ASSUMED,MESURE,1,0,valeur=110; date=1991-03-27; point=2881/15,MIGRER_AVEC_FLAG,Unité standard métier appliquée par défaut en l’absence d’unité source fiable.
staging,raw_mesures_qualite_barrages,parametre_qualite,val_qual_barr,O2_diss,o2_diss,O2_dissous,O2_DISSOUS,MAPPED,0.95,mg O2/L,mg O2/L,mg/L,UNIT_OK,aucune,numeric_decimal_comma + unite_nettoyee + limites_detection + quarantine_non_convertible,INFERIEUR | SUPERIEUR | DECIMAL_COMMA | SCIENTIFIC_NOTATION | NON_NUMERIC_QUARANTINE | UNIT_CONFLICT,MESURE,633,0,valeur=6.5; date=1988-10-14; point=788/21 || valeur=8.92; date=1989-03-24; point=788/21 || valeur=11; date=1990-01-30; point=788/21,MIGRER,
staging,raw_mesures_qualite_nappes,parametre_qualite,val_qual_nap,O2_diss,o2_diss,O2_dissous,O2_DISSOUS,MAPPED,0.95,mg O2/L,mg O2/L,mg/L,UNIT_OK,aucune,numeric_decimal_comma + unite_nettoyee + limites_detection + quarantine_non_convertible,INFERIEUR | SUPERIEUR | DECIMAL_COMMA | SCIENTIFIC_NOTATION | NON_NUMERIC_QUARANTINE | UNIT_CONFLICT,MESURE,207,0,valeur=7.3; date=1988-10-03; point=1652/22 || valeur=8; date=1988-10-19; point=1475/9 || valeur=7.6; date=1989-03-31; point=2528/15,MIGRER,
staging,raw_mesures_qualite_rivieres,parametre_qualite,val_qual_riv,O2_diss,o2_diss,O2_dissous,O2_DISSOUS,MAPPED,0.95,mg O2/L,mg O2/L,mg/L,UNIT_OK,aucune,numeric_decimal_comma + unite_nettoyee + limites_detection + quarantine_non_convertible,INFERIEUR | SUPERIEUR | DECIMAL_COMMA | SCIENTIFIC_NOTATION | NON_NUMERIC_QUARANTINE | UNIT_CONFLICT,MESURE,1971,0,valeur=0; date=1988-09-20; point=2817/15 || valeur=0.7; date=1988-09-22; point=1000/23 || valeur=4.4; date=1988-10-04; point=2169/15,MIGRER,
staging,raw_types_mesures,parametre_qualite,,O2_diss,o2_diss,O2_dissous,O2_DISSOUS,MAPPED,0.95,mg O2/L,mg O2/L,mg/L,UNIT_OK,aucune,numeric_decimal_comma + unite_nettoyee + limites_detection + quarantine_non_convertible,INFERIEUR | SUPERIEUR | DECIMAL_COMMA | SCIENTIFIC_NOTATION | NON_NUMERIC_QUARANTINE | UNIT_CONFLICT | REFERENCE_ONLY,REFERENCE,1,0,colonne_valeur_absente,QUARANTAINE,Ligne de référentiel/source sans colonne valeur ; hors lot de migration des mesures.
staging,raw_idp_2024_src_pollution_globale,parametre,o2_dissous,o2_dissous,o2_dissous,O2_dissous,O2_DISSOUS,MAPPED,0.95,à confirmer,mg/L,mg/L,UNIT_ASSUMED,aucune,numeric_decimal_comma + unite_nettoyee + limites_detection + quarantine_non_convertible,INFERIEUR | SUPERIEUR | DECIMAL_COMMA | SCIENTIFIC_NOTATION | NON_NUMERIC_QUARANTINE | UNIT_MISSING | UNIT_ASSUMED,MESURE,243,0,aucun exemple non nul,MIGRER_AVEC_FLAG,Unité standard métier appliquée par défaut en l’absence d’unité source fiable.
staging,raw_idp_2024_src_pollution_marche_cadre,parametre,o2_dissous,o2_dissous,o2_dissous,O2_dissous,O2_DISSOUS,MAPPED,0.95,à confirmer,mg/L,mg/L,UNIT_ASSUMED,aucune,numeric_decimal_comma + unite_nettoyee + limites_detection + quarantine_non_convertible,INFERIEUR | SUPERIEUR | DECIMAL_COMMA | SCIENTIFIC_NOTATION | NON_NUMERIC_QUARANTINE | UNIT_MISSING | UNIT_ASSUMED,MESURE,148,0,aucun exemple non nul,MIGRER_AVEC_FLAG,Unité standard métier appliquée par défaut en l’absence d’unité source fiable.
staging,raw_suivi_qualite_sebou_jr,parametre_qualite,val_qual_sebou_jr,O2_dissous,o2_dissous,O2_dissous,O2_DISSOUS,MAPPED,0.95,à confirmer,mg/L,mg/L,UNIT_ASSUMED,aucune,numeric_decimal_comma + unite_nettoyee + limites_detection + quarantine_non_convertible,INFERIEUR | SUPERIEUR | DECIMAL_COMMA | SCIENTIFIC_NOTATION | NON_NUMERIC_QUARANTINE | UNIT_MISSING | UNIT_ASSUMED,MESURE,4572,0,valeur=NaN; date=2023-12-07; point=2263/15 || valeur=NaN; date=2023-12-08; point=2263/15 || valeur=8.8; date=2023-12-09; point=2263/15,MIGRER_AVEC_FLAG,Unité standard métier appliquée par défaut en l’absence d’unité source fiable.
staging,raw_suivi_qualite_brg_garde_hebdo,parametre_qualite,val_qual_brg_garde_hebdo,O2dissous(mgd'O2/l),o2dissous_mgd_o2_l,O2_dissous,O2_DISSOUS,MAPPED,0.95,mgd'O2/l,mgd'O2/l,mg/L,UNIT_OK,aucune,numeric_decimal_comma + unite_nettoyee + limites_detection + quarantine_non_convertible,INFERIEUR | SUPERIEUR | DECIMAL_COMMA | SCIENTIFIC_NOTATION | NON_NUMERIC_QUARANTINE | UNIT_CONFLICT,MESURE,182,0,valeur=10.78; date=2024-01-03; point=n/a || valeur=10.3; date=2024-01-10; point=n/a || valeur=10.2; date=2024-01-17; point=n/a,MIGRER,
staging,raw_mesures_qualite_rivieres,parametre_qualite,val_qual_riv,Odeur,odeur,Odeur,ODEUR,MAPPED,0.95,à confirmer,— (qualitatif),— (qualitatif),UNIT_ASSUMED,aucune,numeric_decimal_comma + limites_detection + quarantine_non_convertible,INFERIEUR | SUPERIEUR | DECIMAL_COMMA | SCIENTIFIC_NOTATION | NON_NUMERIC_QUARANTINE | UNIT_MISSING | UNIT_ASSUMED,MESURE,1,0,valeur=2; date=1994-05-17; point=2496/15,MIGRER_AVEC_FLAG,Unité standard métier appliquée par défaut en l’absence d’unité source fiable.
staging,raw_mesures_qualite_barrages,parametre_qualite,val_qual_barr,OH,oh,OH-,OH,MAPPED,0.95,mg/L,mg/L,mg/L,UNIT_OK,aucune,numeric_decimal_comma + limites_detection + quarantine_non_convertible,INFERIEUR | SUPERIEUR | DECIMAL_COMMA | SCIENTIFIC_NOTATION | NON_NUMERIC_QUARANTINE | UNIT_OK,MESURE,1,0,valeur=7.65; date=1992-06-05; point=788/21,MIGRER,
staging,raw_types_mesures,parametre_qualite,,OH,oh,OH-,OH,MAPPED,0.95,mg/L,mg/L,mg/L,UNIT_OK,aucune,numeric_decimal_comma + limites_detection + quarantine_non_convertible,INFERIEUR | SUPERIEUR | DECIMAL_COMMA | SCIENTIFIC_NOTATION | NON_NUMERIC_QUARANTINE | UNIT_OK | REFERENCE_ONLY,REFERENCE,1,0,colonne_valeur_absente,QUARANTAINE,Ligne de référentiel/source sans colonne valeur ; hors lot de migration des mesures.
staging,raw_idp_2024_mesures_qualite_marche_cadre,parametre_qualite,val_qual,OH-,oh,OH-,OH,MAPPED,0.95,à confirmer,mg/L,mg/L,UNIT_ASSUMED,aucune,numeric_decimal_comma + limites_detection + quarantine_non_convertible,INFERIEUR | SUPERIEUR | DECIMAL_COMMA | SCIENTIFIC_NOTATION | NON_NUMERIC_QUARANTINE | UNIT_MISSING | UNIT_ASSUMED,MESURE,89,0,valeur=0; date=2025-10-06; point=FORAGE ABD NBI BOUTABEQ || valeur=0; date=2025-10-06; point=PUITS DAR BEL GHAZI || valeur=0; date=2025-10-06; point=PUITS KBIR BOUTARTA,MIGRER_AVEC_FLAG,Unité standard métier appliquée par défaut en l’absence d’unité source fiable.
staging,raw_mesures_precipitations_jr_max,,p_annuelle,p_annuelle,p_annuelle,P_annuelle,P_ANNUELLE,MAPPED,0.95,à confirmer,mm/an,mm/an,UNIT_ASSUMED,aucune,numeric_decimal_comma + null_non_migre + type_valeur + flags_series_temporelles + quarantine_non_convertible,INFERIEUR | SUPERIEUR | DECIMAL_COMMA | SCIENTIFIC_NOTATION | NON_NUMERIC_QUARANTINE | FLAG_GAP_TIME_SERIES | FLAG_TIMESTEP_IRREGULAR | FLAG_DUPLICATE_TIMESTEP | UNIT_MISSING | TYPE_VALEUR_ANNUELLE | TIME_STEP_ANNUEL | UNIT_ASSUMED,MESURE,2085,0,valeur=443.6; date=1976-05-07; point=1652/22 || valeur=211.6; date=1977-02-15; point=1652/22 || valeur=570.6; date=1978-02-28; point=1652/22,MIGRER_AVEC_FLAG,Unité standard métier appliquée par défaut en l’absence d’unité source fiable.
staging,raw_mesures_precipitations_jr_max,,p_max,p_max,p_max,P_max,P_MAX,MAPPED,0.95,à confirmer,mm,mm,UNIT_ASSUMED,aucune,numeric_decimal_comma + null_non_migre + type_valeur + flags_series_temporelles + quarantine_non_convertible,INFERIEUR | SUPERIEUR | DECIMAL_COMMA | SCIENTIFIC_NOTATION | NON_NUMERIC_QUARANTINE | FLAG_GAP_TIME_SERIES | FLAG_TIMESTEP_IRREGULAR | FLAG_DUPLICATE_TIMESTEP | UNIT_MISSING | TYPE_VALEUR_MAX | TIME_STEP_JOUR | UNIT_ASSUMED,MESURE,2085,0,valeur=48.4; date=1976-05-07; point=1652/22 || valeur=24.2; date=1977-02-15; point=1652/22 || valeur=38.4; date=1978-02-28; point=1652/22,MIGRER_AVEC_FLAG,Unité standard métier appliquée par défaut en l’absence d’unité source fiable.
staging,raw_idp_2024_mesures_qualite_marche_cadre,parametre_qualite,val_qual,Sélénium,selenium,Se,SE,MAPPED,0.95,à confirmer,mg/L,mg/L,UNIT_ASSUMED,aucune,numeric_decimal_comma + limites_detection + quarantine_non_convertible,INFERIEUR | SUPERIEUR | DECIMAL_COMMA | SCIENTIFIC_NOTATION | NON_NUMERIC_QUARANTINE | UNIT_MISSING | NON_NUMERIC_PRESENT | UNIT_ASSUMED,MESURE,8,8,"valeur=<0,005; date=2025-10-08; point=STATION PONT MECHRAA BEL KSIRI || valeur=<0,005; date=2025-10-08; point=PONT KHENICHET || valeur=<0,005; date=2025-10-10; point=AMONT KENITRA",MIGRER_AVEC_FLAG,Unité standard métier appliquée par défaut en l’absence d’unité source fiable.
staging,raw_mesures_qualite_nappes,parametre_qualite,val_qual_nap,Pb,pb,Pb,PB,MAPPED,0.95,à confirmer,mg/L,mg/L,UNIT_ASSUMED,aucune,numeric_decimal_comma + limites_detection + quarantine_non_convertible,INFERIEUR | SUPERIEUR | DECIMAL_COMMA | SCIENTIFIC_NOTATION | NON_NUMERIC_QUARANTINE | UNIT_MISSING | UNIT_ASSUMED,MESURE,6,0,valeur=0.08; date=1991-03-22; point=1161/15 || valeur=0.075; date=1991-03-26; point=160/15 || valeur=0.1; date=1991-03-27; point=2881/15,MIGRER_AVEC_FLAG,Unité standard métier appliquée par défaut en l’absence d’unité source fiable.
staging,raw_mesures_qualite_rivieres,parametre_qualite,val_qual_riv,Pb,pb,Pb,PB,MAPPED,0.95,à confirmer,mg/L,mg/L,UNIT_ASSUMED,aucune,numeric_decimal_comma + limites_detection + quarantine_non_convertible,INFERIEUR | SUPERIEUR | DECIMAL_COMMA | SCIENTIFIC_NOTATION | NON_NUMERIC_QUARANTINE | UNIT_MISSING | UNIT_ASSUMED,MESURE,436,0,valeur=0.02; date=1990-01-31; point=2496/15 || valeur=0.023; date=1990-02-01; point=1359/8 || valeur=0.013; date=1990-02-05; point=3261/14,MIGRER_AVEC_FLAG,Unité standard métier appliquée par défaut en l’absence d’unité source fiable.
staging,raw_bassin_sebou,,perimetre,perimetre,perimetre,Perimetre,PERIMETRE,MAPPED,0.95,à confirmer,km,km,UNIT_ASSUMED,aucune,numeric_decimal_comma + limites_detection + quarantine_non_convertible,INFERIEUR | SUPERIEUR | DECIMAL_COMMA | SCIENTIFIC_NOTATION | NON_NUMERIC_QUARANTINE | UNIT_MISSING | UNIT_ASSUMED,MESURE,1,0,valeur=1063.66456726; date=n/a; point=n/a,MIGRER_AVEC_FLAG,Unité standard métier appliquée par défaut en l’absence d’unité source fiable.
staging,raw_idp_2024_src_pollution_globale,parametre,ph,ph,ph,pH,PH,MAPPED,0.95,pH,pH,— (sans unité),UNIT_OK,aucune,numeric_decimal_comma + limites_detection + quarantine_non_convertible,INFERIEUR | SUPERIEUR | DECIMAL_COMMA | SCIENTIFIC_NOTATION | NON_NUMERIC_QUARANTINE | UNIT_UNKNOWN,MESURE,243,0,aucun exemple non nul,MIGRER,
staging,raw_idp_2024_src_pollution_marche_cadre,parametre,ph,ph,ph,pH,PH,MAPPED,0.95,pH,pH,— (sans unité),UNIT_OK,aucune,numeric_decimal_comma + limites_detection + quarantine_non_convertible,INFERIEUR | SUPERIEUR | DECIMAL_COMMA | SCIENTIFIC_NOTATION | NON_NUMERIC_QUARANTINE | UNIT_UNKNOWN,MESURE,148,0,aucun exemple non nul,MIGRER,
staging,raw_mesures_qualite_barrages,parametre_qualite,val_qual_barr,ph,ph,pH,PH,MAPPED,0.95,pH,pH,— (sans unité),UNIT_OK,aucune,numeric_decimal_comma + limites_detection + quarantine_non_convertible,INFERIEUR | SUPERIEUR | DECIMAL_COMMA | SCIENTIFIC_NOTATION | NON_NUMERIC_QUARANTINE | UNIT_UNKNOWN,MESURE,420,0,valeur=6.8; date=1988-10-14; point=788/21 || valeur=8.7; date=1989-03-24; point=788/21 || valeur=8.3; date=1990-01-30; point=788/21,MIGRER,
staging,raw_mesures_qualite_nappes,parametre_qualite,val_qual_nap,ph,ph,pH,PH,MAPPED,0.95,pH,pH,— (sans unité),UNIT_OK,aucune,numeric_decimal_comma + limites_detection + quarantine_non_convertible,INFERIEUR | SUPERIEUR | DECIMAL_COMMA | SCIENTIFIC_NOTATION | NON_NUMERIC_QUARANTINE | UNIT_UNKNOWN,MESURE,2651,0,valeur=6.7; date=1988-10-03; point=1652/22 || valeur=7.4; date=1988-10-19; point=1475/9 || valeur=7.25; date=1989-03-31; point=2528/15,MIGRER,
staging,raw_mesures_qualite_rivieres,parametre_qualite,val_qual_riv,ph,ph,pH,PH,MAPPED,0.95,pH,pH,— (sans unité),UNIT_OK,aucune,numeric_decimal_comma + limites_detection + quarantine_non_convertible,INFERIEUR | SUPERIEUR | DECIMAL_COMMA | SCIENTIFIC_NOTATION | NON_NUMERIC_QUARANTINE | UNIT_UNKNOWN,MESURE,1994,0,valeur=7.25; date=1988-09-20; point=2817/15 || valeur=8.2; date=1988-09-22; point=1000/23 || valeur=7.4; date=1988-10-04; point=2169/15,MIGRER,
staging,raw_suivi_qualite_brg_garde_hebdo,parametre_qualite,val_qual_brg_garde_hebdo,pH,ph,pH,PH,MAPPED,0.95,pH,pH,— (sans unité),UNIT_OK,aucune,numeric_decimal_comma + limites_detection + quarantine_non_convertible,INFERIEUR | SUPERIEUR | DECIMAL_COMMA | SCIENTIFIC_NOTATION | NON_NUMERIC_QUARANTINE | UNIT_UNKNOWN,MESURE,182,0,valeur=8.6; date=2024-01-03; point=n/a || valeur=8.2; date=2024-01-10; point=n/a || valeur=8.25; date=2024-01-17; point=n/a,MIGRER,
staging,raw_suivi_qualite_sebou_jr,parametre_qualite,val_qual_sebou_jr,pH,ph,pH,PH,MAPPED,0.95,pH,pH,— (sans unité),UNIT_OK,aucune,numeric_decimal_comma + limites_detection + quarantine_non_convertible,INFERIEUR | SUPERIEUR | DECIMAL_COMMA | SCIENTIFIC_NOTATION | NON_NUMERIC_QUARANTINE | UNIT_UNKNOWN,MESURE,4572,0,valeur=NaN; date=2023-12-07; point=2263/15 || valeur=NaN; date=2023-12-08; point=2263/15 || valeur=8.2; date=2023-12-09; point=2263/15,MIGRER_AVEC_FLAG,
staging,raw_types_mesures,parametre_qualite,,ph,ph,pH,PH,MAPPED,0.95,pH,pH,— (sans unité),UNIT_OK,aucune,numeric_decimal_comma + limites_detection + quarantine_non_convertible,INFERIEUR | SUPERIEUR | DECIMAL_COMMA | SCIENTIFIC_NOTATION | NON_NUMERIC_QUARANTINE | UNIT_UNKNOWN | REFERENCE_ONLY,REFERENCE,1,0,colonne_valeur_absente,QUARANTAINE,Ligne de référentiel/source sans colonne valeur ; hors lot de migration des mesures.
staging,raw_idp_2024_mesures_qualite_marche_cadre,parametre_qualite,val_qual,Chrome,chrome,Cr,CR,MAPPED,0.95,à confirmer,mg/L,mg/L,UNIT_ASSUMED,aucune,numeric_decimal_comma + limites_detection + quarantine_non_convertible,INFERIEUR | SUPERIEUR | DECIMAL_COMMA | SCIENTIFIC_NOTATION | NON_NUMERIC_QUARANTINE | UNIT_MISSING | NON_NUMERIC_PRESENT | UNIT_ASSUMED,MESURE,8,7,"valeur=<0,005; date=2025-10-08; point=STATION PONT MECHRAA BEL KSIRI || valeur=<0,005; date=2025-10-10; point=AMONT KENITRA || valeur=<0,005; date=2025-10-08; point=PONT KHENICHET",MIGRER_AVEC_FLAG,Unité standard métier appliquée par défaut en l’absence d’unité source fiable.
staging,raw_mesures_qualite_barrages,parametre_qualite,val_qual_barr,phenol,phenol,Phenol,PHENOL,MAPPED,0.95,à confirmer,mg/L,mg/L,UNIT_ASSUMED,aucune,numeric_decimal_comma + unite_nettoyee + limites_detection + quarantine_non_convertible,INFERIEUR | SUPERIEUR | DECIMAL_COMMA | SCIENTIFIC_NOTATION | NON_NUMERIC_QUARANTINE | UNIT_MISSING | UNIT_ASSUMED,MESURE,2,0,valeur=7.09; date=2007-01-12; point=3546/8 || valeur=0.02; date=2024-11-13; point=3546/8,MIGRER_AVEC_FLAG,Unité standard métier appliquée par défaut en l’absence d’unité source fiable.
staging,raw_suivi_qualite_sebou_jr,parametre_qualite,val_qual_sebou_jr,Phenol,phenol,Phenol,PHENOL,MAPPED,0.95,à confirmer,mg/L,mg/L,UNIT_ASSUMED,aucune,numeric_decimal_comma + unite_nettoyee + limites_detection + quarantine_non_convertible,INFERIEUR | SUPERIEUR | DECIMAL_COMMA | SCIENTIFIC_NOTATION | NON_NUMERIC_QUARANTINE | UNIT_MISSING | UNIT_ASSUMED,MESURE,4572,0,valeur=NaN; date=2023-12-07; point=2263/15 || valeur=NaN; date=2023-12-08; point=2263/15 || valeur=0.02; date=2023-12-09; point=2263/15,MIGRER_AVEC_FLAG,Unité standard métier appliquée par défaut en l’absence d’unité source fiable.
staging,raw_idp_2024_mesures_qualite_marche_cadre,parametre_qualite,val_qual,Nickel,nickel,Ni,NI,MAPPED,0.95,à confirmer,mg/L,mg/L,UNIT_ASSUMED,aucune,numeric_decimal_comma + limites_detection + quarantine_non_convertible,INFERIEUR | SUPERIEUR | DECIMAL_COMMA | SCIENTIFIC_NOTATION | NON_NUMERIC_QUARANTINE | UNIT_MISSING | NON_NUMERIC_PRESENT | UNIT_ASSUMED,MESURE,8,7,"valeur=<0,010; date=2025-10-08; point=STATION PONT MECHRAA BEL KSIRI || valeur=<0,010; date=2025-10-08; point=PONT KHENICHET || valeur=<0,010; date=2025-10-10; point=AMONT KENITRA",MIGRER_AVEC_FLAG,Unité standard métier appliquée par défaut en l’absence d’unité source fiable.
staging,raw_types_mesures,parametre_qualite,,Phénol,phenol,Phenol,PHENOL,MAPPED,0.95,mg/L,mg/L,mg/L,UNIT_OK,aucune,numeric_decimal_comma + unite_nettoyee + limites_detection + quarantine_non_convertible,INFERIEUR | SUPERIEUR | DECIMAL_COMMA | SCIENTIFIC_NOTATION | NON_NUMERIC_QUARANTINE | UNIT_OK | REFERENCE_ONLY,REFERENCE,1,0,colonne_valeur_absente,QUARANTAINE,Ligne de référentiel/source sans colonne valeur ; hors lot de migration des mesures.
staging,raw_mesures_qualite_barrages,parametre_qualite,val_qual_barr,Pheopigment,pheopigment,Pheopigment,PHEOPIGMENT,MAPPED,0.95,µg/L,mg/L,µg/L,UNIT_CONVERTED,value / 1000,numeric_decimal_comma + limites_detection + quarantine_non_convertible,INFERIEUR | SUPERIEUR | DECIMAL_COMMA | SCIENTIFIC_NOTATION | NON_NUMERIC_QUARANTINE | UNIT_OK | UNIT_CONVERTED,MESURE,37,0,valeur=0.0076; date=1995-06-02; point=3323/8 || valeur=3.81; date=1995-06-02; point=3546/8 || valeur=0.0028; date=1995-06-06; point=1710/9,MIGRER_AVEC_FLAG,Conversion d’unité à appliquer lors du chargement contrôlé.
staging,raw_mesures_qualite_rivieres,parametre_qualite,val_qual_riv,Pheopigment,pheopigment,Pheopigment,PHEOPIGMENT,MAPPED,0.95,µg/L,mg/L,µg/L,UNIT_CONVERTED,value / 1000,numeric_decimal_comma + limites_detection + quarantine_non_convertible,INFERIEUR | SUPERIEUR | DECIMAL_COMMA | SCIENTIFIC_NOTATION | NON_NUMERIC_QUARANTINE | UNIT_OK | UNIT_CONVERTED,MESURE,17,0,valeur=4.14; date=1995-02-09; point=609/9 || valeur=0; date=1995-04-06; point=609/9 || valeur=0.0006; date=1995-08-17; point=609/9,MIGRER_AVEC_FLAG,Conversion d’unité à appliquer lors du chargement contrôlé.
staging,raw_types_mesures,parametre_qualite,,Pheopigment,pheopigment,Pheopigment,PHEOPIGMENT,MAPPED,0.95,µg/L,mg/L,µg/L,UNIT_CONVERTED,value / 1000,numeric_decimal_comma + limites_detection + quarantine_non_convertible,INFERIEUR | SUPERIEUR | DECIMAL_COMMA | SCIENTIFIC_NOTATION | NON_NUMERIC_QUARANTINE | UNIT_OK | UNIT_CONVERTED | REFERENCE_ONLY,REFERENCE,1,0,colonne_valeur_absente,QUARANTAINE,Ligne de référentiel/source sans colonne valeur ; hors lot de migration des mesures.
staging,raw_mesures_qualite_nappes,parametre_qualite,val_qual_nap,Ph�nol,ph_nol,Phenol,PHENOL,MAPPED,0.95,pH,pH,mg/L,UNIT_OK,aucune,numeric_decimal_comma + unite_nettoyee + limites_detection + quarantine_non_convertible,INFERIEUR | SUPERIEUR | DECIMAL_COMMA | SCIENTIFIC_NOTATION | NON_NUMERIC_QUARANTINE | UNIT_CONFLICT,MESURE,5,0,valeur=0.011; date=1990-09-21; point=2881/15 || valeur=0; date=1991-03-26; point=160/15 || valeur=0.018; date=1991-03-27; point=2881/15,MIGRER,
staging,raw_mesures_qualite_rivieres,parametre_qualite,val_qual_riv,Ph�nol,ph_nol,Phenol,PHENOL,MAPPED,0.95,pH,pH,mg/L,UNIT_OK,aucune,numeric_decimal_comma + unite_nettoyee + limites_detection + quarantine_non_convertible,INFERIEUR | SUPERIEUR | DECIMAL_COMMA | SCIENTIFIC_NOTATION | NON_NUMERIC_QUARANTINE | UNIT_CONFLICT,MESURE,682,0,valeur=0.02; date=1990-01-31; point=2496/15 || valeur=0.09; date=1990-02-01; point=1359/8 || valeur=0.02; date=1990-02-05; point=3261/14,MIGRER,
staging,raw_mesures_qualite_rivieres,parametre_qualite,val_qual_riv,Phosphore total,phosphore_total,PT,PT,MAPPED,0.95,à confirmer,mg/L,mg/L,UNIT_ASSUMED,aucune,numeric_decimal_comma + limites_detection + quarantine_non_convertible,INFERIEUR | SUPERIEUR | DECIMAL_COMMA | SCIENTIFIC_NOTATION | NON_NUMERIC_QUARANTINE | UNIT_MISSING | UNIT_ASSUMED,MESURE,1972,0,valeur=3.47; date=1988-09-22; point=1000/23 || valeur=2.974; date=1988-10-04; point=2169/15 || valeur=6.59; date=1988-10-05; point=2496/15,MIGRER_AVEC_FLAG,Unité standard métier appliquée par défaut en l’absence d’unité source fiable.
staging,raw_mesures_qualite_barrages,parametre_qualite,val_qual_barr,Phosphore_Total,phosphore_total,PT,PT,MAPPED,0.95,mg/L,mg/L,mg/L,UNIT_OK,aucune,numeric_decimal_comma + limites_detection + quarantine_non_convertible,INFERIEUR | SUPERIEUR | DECIMAL_COMMA | SCIENTIFIC_NOTATION | NON_NUMERIC_QUARANTINE | UNIT_OK,MESURE,591,0,valeur=0.41; date=1988-10-14; point=788/21 || valeur=1.98; date=1989-03-24; point=788/21 || valeur=1; date=1990-01-30; point=788/21,MIGRER,
staging,raw_mesures_qualite_nappes,parametre_qualite,val_qual_nap,Phosphore_Total,phosphore_total,PT,PT,MAPPED,0.95,mg/L,mg/L,mg/L,UNIT_OK,aucune,numeric_decimal_comma + limites_detection + quarantine_non_convertible,INFERIEUR | SUPERIEUR | DECIMAL_COMMA | SCIENTIFIC_NOTATION | NON_NUMERIC_QUARANTINE | UNIT_OK,MESURE,39,0,valeur=0.63; date=1988-10-19; point=1475/9 || valeur=0.05; date=1990-09-20; point=1182/14 || valeur=0.04; date=1991-01-24; point=159/22,MIGRER,
staging,raw_types_mesures,parametre_qualite,,Phosphore_Total,phosphore_total,PT,PT,MAPPED,0.95,mg/L,mg/L,mg/L,UNIT_OK,aucune,numeric_decimal_comma + limites_detection + quarantine_non_convertible,INFERIEUR | SUPERIEUR | DECIMAL_COMMA | SCIENTIFIC_NOTATION | NON_NUMERIC_QUARANTINE | UNIT_OK | REFERENCE_ONLY,REFERENCE,1,0,colonne_valeur_absente,QUARANTAINE,Ligne de référentiel/source sans colonne valeur ; hors lot de migration des mesures.
staging,raw_idp_2024_mesures_qualite_marche_cadre,parametre_qualite,val_qual,Chl a,chl_a,Chla,CHLA,MAPPED,0.95,à confirmer,µg/L,µg/L,UNIT_ASSUMED,aucune,numeric_decimal_comma + limites_detection + quarantine_non_convertible,INFERIEUR | SUPERIEUR | DECIMAL_COMMA | SCIENTIFIC_NOTATION | NON_NUMERIC_QUARANTINE | UNIT_MISSING | NON_NUMERIC_PRESENT | UNIT_ASSUMED,MESURE,38,6,"valeur=459; date=2025-10-06; point=DAYAT FOUARATE || valeur=86,4; date=2025-10-06; point=DAYAT SIDI BOUGHABA || valeur=25,92; date=2025-10-13; point=BARRAGE DE GARDE  (SURFACE)",MIGRER_AVEC_FLAG,Unité standard métier appliquée par défaut en l’absence d’unité source fiable.
staging,raw_suivi_qualite_brg_garde_hebdo,parametre_qualite,val_qual_brg_garde_hebdo,Plomb(mg/l),plomb_mg_l,Pb,PB,MAPPED,0.95,mg/l,mg/L,mg/L,UNIT_OK,aucune,numeric_decimal_comma + limites_detection + quarantine_non_convertible,INFERIEUR | SUPERIEUR | DECIMAL_COMMA | SCIENTIFIC_NOTATION | NON_NUMERIC_QUARANTINE | UNIT_OK,MESURE,182,0,valeur=0.005; date=2024-11-20; point=n/a || valeur=0.005; date=2024-12-11; point=n/a || valeur=0.005; date=2025-01-08; point=n/a,MIGRER,
staging,raw_mesures_qualite_rivieres,parametre_qualite,val_qual_riv,PO3,po3,PO4³-,PO4,MAPPED,0.95,à confirmer,mg/L,mg/L,UNIT_ASSUMED,aucune,numeric_decimal_comma + limites_detection + quarantine_non_convertible,INFERIEUR | SUPERIEUR | DECIMAL_COMMA | SCIENTIFIC_NOTATION | NON_NUMERIC_QUARANTINE | UNIT_MISSING | UNIT_ASSUMED,MESURE,1,0,valeur=0.13; date=1993-03-11; point=669/22,MIGRER_AVEC_FLAG,Unité standard métier appliquée par défaut en l’absence d’unité source fiable.
staging,raw_mesures_qualite_barrages,parametre_qualite,val_qual_barr,PO4 3-,po4_3,PO4³-,PO4,MAPPED,0.95,mg/L,mg/L,mg/L,UNIT_OK,aucune,numeric_decimal_comma + limites_detection + quarantine_non_convertible,INFERIEUR | SUPERIEUR | DECIMAL_COMMA | SCIENTIFIC_NOTATION | NON_NUMERIC_QUARANTINE | UNIT_OK,MESURE,389,0,valeur=0.26; date=1990-08-17; point=788/21 || valeur=0.12; date=1991-09-27; point=788/21 || valeur=0.09; date=1991-10-24; point=3264/15,MIGRER,
staging,raw_mesures_qualite_nappes,parametre_qualite,val_qual_nap,PO4 3-,po4_3,PO4³-,PO4,MAPPED,0.95,mg/L,mg/L,mg/L,UNIT_OK,aucune,numeric_decimal_comma + limites_detection + quarantine_non_convertible,INFERIEUR | SUPERIEUR | DECIMAL_COMMA | SCIENTIFIC_NOTATION | NON_NUMERIC_QUARANTINE | UNIT_OK,MESURE,40,0,valeur=0; date=1990-09-20; point=1182/14 || valeur=0.04; date=1991-01-24; point=159/22 || valeur=0.003; date=1991-03-22; point=1161/15,MIGRER,
staging,raw_mesures_qualite_rivieres,parametre_qualite,val_qual_riv,PO4 3-,po4_3,PO4³-,PO4,MAPPED,0.95,mg/L,mg/L,mg/L,UNIT_OK,aucune,numeric_decimal_comma + limites_detection + quarantine_non_convertible,INFERIEUR | SUPERIEUR | DECIMAL_COMMA | SCIENTIFIC_NOTATION | NON_NUMERIC_QUARANTINE | UNIT_OK,MESURE,1891,0,valeur=9.2; date=1988-10-05; point=2496/15 || valeur=0.116; date=1988-10-06; point=1236/14 || valeur=4.566; date=1988-10-06; point=1540/15,MIGRER,
staging,raw_types_mesures,parametre_qualite,,PO4 3-,po4_3,PO4³-,PO4,MAPPED,0.95,mg/L,mg/L,mg/L,UNIT_OK,aucune,numeric_decimal_comma + limites_detection + quarantine_non_convertible,INFERIEUR | SUPERIEUR | DECIMAL_COMMA | SCIENTIFIC_NOTATION | NON_NUMERIC_QUARANTINE | UNIT_OK | REFERENCE_ONLY,REFERENCE,1,0,colonne_valeur_absente,QUARANTAINE,Ligne de référentiel/source sans colonne valeur ; hors lot de migration des mesures.
staging,raw_idp_2024_mesures_qualite_marche_cadre,parametre_qualite,val_qual,NO3-_Spectro,no3_spectro,NO3-,NO3,MAPPED,0.95,à confirmer,mg/L,mg/L,UNIT_ASSUMED,aucune,numeric_decimal_comma + limites_detection + quarantine_non_convertible,INFERIEUR | SUPERIEUR | DECIMAL_COMMA | SCIENTIFIC_NOTATION | NON_NUMERIC_QUARANTINE | UNIT_MISSING | NON_NUMERIC_PRESENT | UNIT_ASSUMED,MESURE,127,6,"valeur=41,1; date=2025-10-06; point=FORAGE ABD NBI BOUTABEQ || valeur=109; date=2025-10-06; point=PUITS DAR BEL GHAZI || valeur=0,708; date=2025-10-06; point=DAYAT FOUARATE",MIGRER_AVEC_FLAG,Unité standard métier appliquée par défaut en l’absence d’unité source fiable.
staging,raw_idp_2024_mesures_qualite_globale,parametre_qualite,val_qual,DBO5,dbo5,DBO5,DBO5,MAPPED,0.95,mg O2/L,mg O2/L,mg/L,UNIT_OK,aucune,numeric_decimal_comma + condition_mesure_dec2h + limites_detection + quarantine_non_convertible,INFERIEUR | SUPERIEUR | DECIMAL_COMMA | SCIENTIFIC_NOTATION | NON_NUMERIC_QUARANTINE | UNIT_CONFLICT | NON_NUMERIC_PRESENT,MESURE,163,5,"valeur=3,4645; date=2024-09-13; point=S1 (Aval_conf_Rejet_MOG (Mograne) || valeur=1,0555; date=2024-09-13; point=S2 (Barrage de garde) || valeur=1,3745; date=2024-09-13; point=S3 (Station Pompage Ferme (Amont Bge de garde)",MIGRER_AVEC_FLAG,
staging,raw_suivi_qualite_brg_garde_hebdo,parametre_qualite,val_qual_brg_garde_hebdo,PO43-(mgP/l),po43_mgp_l,PO4³-,PO4,MAPPED,0.95,mgP/l,mgP/l,mg/L,UNIT_OK,aucune,numeric_decimal_comma + limites_detection + quarantine_non_convertible,INFERIEUR | SUPERIEUR | DECIMAL_COMMA | SCIENTIFIC_NOTATION | NON_NUMERIC_QUARANTINE | UNIT_CONFLICT,MESURE,182,0,valeur=0.02; date=2024-01-03; point=n/a || valeur=0.02; date=2024-01-10; point=n/a || valeur=0.02; date=2024-01-17; point=n/a,MIGRER,
staging,raw_mesures_precipitations_jr,,precipitation_jr,precipitation_jr,precipitation_jr,Precip_jr,PRECIPITATION,MAPPED,0.95,à confirmer,mm/jour,mm/jour,UNIT_ASSUMED,aucune,numeric_decimal_comma + null_non_migre + type_valeur + flags_series_temporelles + quarantine_non_convertible,INFERIEUR | SUPERIEUR | DECIMAL_COMMA | SCIENTIFIC_NOTATION | NON_NUMERIC_QUARANTINE | FLAG_GAP_TIME_SERIES | FLAG_TIMESTEP_IRREGULAR | FLAG_DUPLICATE_TIMESTEP | UNIT_MISSING | TIME_STEP_JOUR | TYPE_VALEUR_OBSERVEE | UNIT_ASSUMED,MESURE,669880,0,valeur=0; date=2009-01-01; point=198/30 || valeur=0; date=2009-01-02; point=198/30 || valeur=0; date=2009-01-03; point=198/30,MIGRER_AVEC_FLAG,Unité standard métier appliquée par défaut en l’absence d’unité source fiable.
staging,raw_points_eau_abhs,,profond_tot_m,profond_tot_m,profond_tot_m,Profondeur,PROFONDEUR,MAPPED,0.95,m,m,m,UNIT_OK,aucune,numeric_decimal_comma + limites_detection + quarantine_non_convertible,INFERIEUR | SUPERIEUR | DECIMAL_COMMA | SCIENTIFIC_NOTATION | NON_NUMERIC_QUARANTINE | UNIT_OK,MESURE,46,0,valeur=9; date=n/a; point=042810503 || valeur=5; date=n/a; point=042810909 || valeur=6; date=n/a; point=035310901,MIGRER,
staging,raw_mesures_qualite_barrages,parametre_qualite,val_qual_barr,Profondeur,profondeur,Profondeur,PROFONDEUR,MAPPED,0.95,m,m,m,UNIT_OK,aucune,numeric_decimal_comma + limites_detection + quarantine_non_convertible,INFERIEUR | SUPERIEUR | DECIMAL_COMMA | SCIENTIFIC_NOTATION | NON_NUMERIC_QUARANTINE | UNIT_OK,MESURE,13,0,valeur=22.5; date=1991-11-22; point=3907/14 || valeur=5.5; date=1991-11-25; point=3323/8 || valeur=9; date=1999-06-10; point=3264/15,MIGRER,
staging,raw_mesures_qualite_nappes,parametre_qualite,val_qual_nap,Profondeur,profondeur,Profondeur,PROFONDEUR,MAPPED,0.95,m,m,m,UNIT_OK,aucune,numeric_decimal_comma + limites_detection + quarantine_non_convertible,INFERIEUR | SUPERIEUR | DECIMAL_COMMA | SCIENTIFIC_NOTATION | NON_NUMERIC_QUARANTINE | UNIT_OK,MESURE,2,0,valeur=2; date=2000-08-07; point=R911/8 || valeur=2; date=2000-08-16; point=R1712/14,MIGRER,
staging,raw_mesures_qualite_rivieres,parametre_qualite,val_qual_riv,Profondeur,profondeur,Profondeur,PROFONDEUR,MAPPED,0.95,m,m,m,UNIT_OK,aucune,numeric_decimal_comma + limites_detection + quarantine_non_convertible,INFERIEUR | SUPERIEUR | DECIMAL_COMMA | SCIENTIFIC_NOTATION | NON_NUMERIC_QUARANTINE | UNIT_OK,MESURE,108,0,valeur=0; date=1994-07-06; point=1508/9 || valeur=0; date=1994-07-11; point=3502/8 || valeur=0.1; date=1996-03-06; point=581/22,MIGRER,
staging,raw_types_mesures,parametre_qualite,,Profondeur,profondeur,Profondeur,PROFONDEUR,MAPPED,0.95,m,m,m,UNIT_OK,aucune,numeric_decimal_comma + limites_detection + quarantine_non_convertible,INFERIEUR | SUPERIEUR | DECIMAL_COMMA | SCIENTIFIC_NOTATION | NON_NUMERIC_QUARANTINE | UNIT_OK | REFERENCE_ONLY,REFERENCE,1,0,colonne_valeur_absente,QUARANTAINE,Ligne de référentiel/source sans colonne valeur ; hors lot de migration des mesures.
staging,raw_mesures_qualite_rivieres,parametre_qualite,val_qual_riv,Pseudo_aer,pseudo_aer,Pseudo_aer,PSEUDO_AER,MAPPED,0.95,à confirmer,UFC/100 mL,UFC/100 mL,UNIT_ASSUMED,aucune,numeric_decimal_comma + limites_detection + quarantine_non_convertible,INFERIEUR | SUPERIEUR | DECIMAL_COMMA | SCIENTIFIC_NOTATION | NON_NUMERIC_QUARANTINE | UNIT_MISSING | UNIT_ASSUMED,MESURE,2,0,valeur=0; date=1994-07-06; point=1508/9 || valeur=0; date=1994-07-11; point=3502/8,MIGRER_AVEC_FLAG,Unité standard métier appliquée par défaut en l’absence d’unité source fiable.
staging,raw_idp_2024_mesures_qualite_marche_cadre,parametre_qualite,val_qual,DCO,dco,DCO_dec2h,DCO_DEC2H,MAPPED,0.95,mg O2/L,mg O2/L,mg/L,UNIT_OK,aucune,numeric_decimal_comma + condition_mesure_dec2h + qa_DCO_DBO5 + limites_detection + quarantine_non_convertible,INFERIEUR | SUPERIEUR | DECIMAL_COMMA | SCIENTIFIC_NOTATION | NON_NUMERIC_QUARANTINE | QA_DCO_DBO5 | UNIT_CONFLICT | NON_NUMERIC_PRESENT,MESURE,35,5,"valeur=225; date=2025-10-07; point=AVAL STEP SIDI SLIMANE || valeur=26,9; date=2025-10-08; point=STATION PONT MECHRAA BEL KSIRI || valeur=11,5; date=2025-10-08; point=PONT KHENICHET",MIGRER_AVEC_FLAG,
staging,raw_idp_2024_mesures_qualite_marche_cadre,parametre_qualite,val_qual,Cuivre,cuivre,Cu,CU,MAPPED,0.95,à confirmer,mg/L,mg/L,UNIT_ASSUMED,aucune,numeric_decimal_comma + limites_detection + quarantine_non_convertible,INFERIEUR | SUPERIEUR | DECIMAL_COMMA | SCIENTIFIC_NOTATION | NON_NUMERIC_QUARANTINE | UNIT_MISSING | NON_NUMERIC_PRESENT | UNIT_ASSUMED,MESURE,8,4,"valeur=<0,005; date=2025-10-08; point=STATION PONT MECHRAA BEL KSIRI || valeur=<0,005; date=2025-10-08; point=PONT KHENICHET || valeur=0,011; date=2025-10-10; point=AMONT KENITRA",MIGRER_AVEC_FLAG,Unité standard métier appliquée par défaut en l’absence d’unité source fiable.
staging,raw_idp_2024_mesures_qualite_marche_cadre,parametre_qualite,val_qual,PT décant. 2h,pt_decant_2h,PT,PT,MAPPED,0.95,à confirmer,mg/L,mg/L,UNIT_ASSUMED,aucune,numeric_decimal_comma + limites_detection + quarantine_non_convertible,INFERIEUR | SUPERIEUR | DECIMAL_COMMA | SCIENTIFIC_NOTATION | NON_NUMERIC_QUARANTINE | UNIT_MISSING | UNIT_ASSUMED,MESURE,4,0,aucun exemple non nul,MIGRER_AVEC_FLAG,Unité standard métier appliquée par défaut en l’absence d’unité source fiable.
staging,raw_idp_2024_mesures_qualite_marche_cadre,parametre_qualite,val_qual,PT DECANTE,pt_decante,PT,PT,MAPPED,0.95,à confirmer,mg/L,mg/L,UNIT_ASSUMED,aucune,numeric_decimal_comma + limites_detection + quarantine_non_convertible,INFERIEUR | SUPERIEUR | DECIMAL_COMMA | SCIENTIFIC_NOTATION | NON_NUMERIC_QUARANTINE | UNIT_MISSING | UNIT_ASSUMED,MESURE,4,0,aucun exemple non nul,MIGRER_AVEC_FLAG,Unité standard métier appliquée par défaut en l’absence d’unité source fiable.
staging,raw_suivi_qualite_brg_garde_hebdo,parametre_qualite,val_qual_brg_garde_hebdo,PT(mgP/l),pt_mgp_l,PT,PT,MAPPED,0.95,mgP/l,mgP/l,mg/L,UNIT_OK,aucune,numeric_decimal_comma + limites_detection + quarantine_non_convertible,INFERIEUR | SUPERIEUR | DECIMAL_COMMA | SCIENTIFIC_NOTATION | NON_NUMERIC_QUARANTINE | UNIT_CONFLICT,MESURE,182,0,valeur=0.05; date=2024-01-03; point=n/a || valeur=0.05; date=2024-01-10; point=n/a || valeur=0.05; date=2024-01-17; point=n/a,MIGRER,
staging,raw_mesures_qualite_barrages,parametre_qualite,val_qual_barr,PTD,ptd,PTD,PTD,MAPPED,0.95,mg/L,mg/L,mg/L,UNIT_OK,aucune,numeric_decimal_comma + limites_detection + quarantine_non_convertible,INFERIEUR | SUPERIEUR | DECIMAL_COMMA | SCIENTIFIC_NOTATION | NON_NUMERIC_QUARANTINE | UNIT_OK,MESURE,15,0,valeur=0.08; date=1995-06-02; point=3323/8 || valeur=26.3; date=2009-03-16; point=788/21 || valeur=57.6; date=2009-04-03; point=3265/15,MIGRER,
staging,raw_mesures_qualite_nappes,parametre_qualite,val_qual_nap,PTD,ptd,PTD,PTD,MAPPED,0.95,mg/L,mg/L,mg/L,UNIT_OK,aucune,numeric_decimal_comma + limites_detection + quarantine_non_convertible,INFERIEUR | SUPERIEUR | DECIMAL_COMMA | SCIENTIFIC_NOTATION | NON_NUMERIC_QUARANTINE | UNIT_OK,MESURE,73,0,valeur=8.6; date=2008-12-18; point=1161/15 || valeur=10.2; date=2008-12-18; point=1197/15 || valeur=8.6; date=2008-12-18; point=160/15,MIGRER,
staging,raw_mesures_qualite_rivieres,parametre_qualite,val_qual_riv,PTD,ptd,PTD,PTD,MAPPED,0.95,mg/L,mg/L,mg/L,UNIT_OK,aucune,numeric_decimal_comma + limites_detection + quarantine_non_convertible,INFERIEUR | SUPERIEUR | DECIMAL_COMMA | SCIENTIFIC_NOTATION | NON_NUMERIC_QUARANTINE | UNIT_OK,MESURE,48,0,valeur=22.3; date=2009-03-12; point=2496/15 || valeur=21.9; date=2009-03-12; point=2817/15 || valeur=24.8; date=2009-03-13; point=1236/14,MIGRER,
staging,raw_types_mesures,parametre_qualite,,PTD,ptd,PTD,PTD,MAPPED,0.95,mg/L,mg/L,mg/L,UNIT_OK,aucune,numeric_decimal_comma + limites_detection + quarantine_non_convertible,INFERIEUR | SUPERIEUR | DECIMAL_COMMA | SCIENTIFIC_NOTATION | NON_NUMERIC_QUARANTINE | UNIT_OK | REFERENCE_ONLY,REFERENCE,1,0,colonne_valeur_absente,QUARANTAINE,Ligne de référentiel/source sans colonne valeur ; hors lot de migration des mesures.
staging,raw_mesures_qualite_barrages,parametre_qualite,val_qual_barr,PTP,ptp,PTP,PTP,MAPPED,0.95,mg/L,mg/L,mg/L,UNIT_OK,aucune,numeric_decimal_comma + limites_detection + quarantine_non_convertible,INFERIEUR | SUPERIEUR | DECIMAL_COMMA | SCIENTIFIC_NOTATION | NON_NUMERIC_QUARANTINE | UNIT_OK,MESURE,15,0,valeur=0.03; date=1995-06-02; point=3323/8 || valeur=26.3; date=2009-03-16; point=788/21 || valeur=57.6; date=2009-04-03; point=3265/15,MIGRER,
staging,raw_mesures_qualite_nappes,parametre_qualite,val_qual_nap,PTP,ptp,PTP,PTP,MAPPED,0.95,mg/L,mg/L,mg/L,UNIT_OK,aucune,numeric_decimal_comma + limites_detection + quarantine_non_convertible,INFERIEUR | SUPERIEUR | DECIMAL_COMMA | SCIENTIFIC_NOTATION | NON_NUMERIC_QUARANTINE | UNIT_OK,MESURE,73,0,valeur=8.6; date=2008-12-18; point=1161/15 || valeur=10.2; date=2008-12-18; point=1197/15 || valeur=8.6; date=2008-12-18; point=160/15,MIGRER,
staging,raw_mesures_qualite_rivieres,parametre_qualite,val_qual_riv,PTP,ptp,PTP,PTP,MAPPED,0.95,mg/L,mg/L,mg/L,UNIT_OK,aucune,numeric_decimal_comma + limites_detection + quarantine_non_convertible,INFERIEUR | SUPERIEUR | DECIMAL_COMMA | SCIENTIFIC_NOTATION | NON_NUMERIC_QUARANTINE | UNIT_OK,MESURE,48,0,valeur=22.3; date=2009-03-12; point=2496/15 || valeur=21.9; date=2009-03-12; point=2817/15 || valeur=24.8; date=2009-03-13; point=1236/14,MIGRER,
staging,raw_types_mesures,parametre_qualite,,PTP,ptp,PTP,PTP,MAPPED,0.95,mg/L,mg/L,mg/L,UNIT_OK,aucune,numeric_decimal_comma + limites_detection + quarantine_non_convertible,INFERIEUR | SUPERIEUR | DECIMAL_COMMA | SCIENTIFIC_NOTATION | NON_NUMERIC_QUARANTINE | UNIT_OK | REFERENCE_ONLY,REFERENCE,1,0,colonne_valeur_absente,QUARANTAINE,Ligne de référentiel/source sans colonne valeur ; hors lot de migration des mesures.
staging,raw_decharges_abhs,,quantite_t_j,quantite_t_j,quantite_t_j,Quantite_tj,QUANTITE_TJ,MAPPED,0.95,à confirmer,t/jour,t/jour,UNIT_ASSUMED,aucune,numeric_decimal_comma + limites_detection + quarantine_non_convertible,INFERIEUR | SUPERIEUR | DECIMAL_COMMA | SCIENTIFIC_NOTATION | NON_NUMERIC_QUARANTINE | UNIT_MISSING | UNIT_ASSUMED,MESURE,233,0,valeur=1; date=n/a; point=035610307 || valeur=1; date=n/a; point=035611107 || valeur=1; date=n/a; point=035611103,MIGRER_AVEC_FLAG,Unité standard métier appliquée par défaut en l’absence d’unité source fiable.
staging,raw_mesures_niv_eau_barrages,,restitutions_mm3,restitutions_mm3,restitutions_mm3,Restitution,RESTITUTION,MAPPED,0.95,Mm3,Mm3,Mm³,UNIT_OK,aucune,numeric_decimal_comma + limites_detection + quarantine_non_convertible,INFERIEUR | SUPERIEUR | DECIMAL_COMMA | SCIENTIFIC_NOTATION | NON_NUMERIC_QUARANTINE | UNIT_OK,MESURE,85166,0,valeur=1.3886; date=1996-12-01; point=1182/9 || valeur=0.9316; date=1996-12-02; point=1182/9 || valeur=0.9416; date=1996-12-03; point=1182/9,MIGRER,
staging,raw_idp_2024_mesures_qualite_globale,parametre_qualite,val_qual,RS mesuré,rs_mesure,Residus_secs,RESIDUS_SECS,MAPPED,0.95,à confirmer,mg/L,mg/L,UNIT_ASSUMED,aucune,numeric_decimal_comma + limites_detection + quarantine_non_convertible,INFERIEUR | SUPERIEUR | DECIMAL_COMMA | SCIENTIFIC_NOTATION | NON_NUMERIC_QUARANTINE | UNIT_MISSING | UNIT_ASSUMED | ATTR_TEMPERATURE_REFERENCE_105C,MESURE,24,0,aucun exemple non nul,MIGRER_AVEC_FLAG,Fusion RS105/RS185 sous paramètre canonique unique avec attribut température de référence.
staging,raw_idp_2024_mesures_qualite_marche_cadre,parametre_qualite,val_qual,RS mesuré_à 105 °C,rs_mesure_a_105_degc,Residus_secs,RESIDUS_SECS,MAPPED,0.95,°C,mg/L,mg/L,UNIT_ASSUMED,aucune,numeric_decimal_comma + limites_detection + quarantine_non_convertible,INFERIEUR | SUPERIEUR | DECIMAL_COMMA | SCIENTIFIC_NOTATION | NON_NUMERIC_QUARANTINE | UNIT_CONFLICT | UNIT_ASSUMED | ATTR_TEMPERATURE_REFERENCE_105C,MESURE,50,0,aucun exemple non nul,MIGRER_AVEC_FLAG,Fusion RS105/RS185 sous paramètre canonique unique avec attribut température de référence.
staging,raw_mesures_qualite_barrages,parametre_qualite,val_qual_barr,RS105,rs105,Residus_secs,RESIDUS_SECS,MAPPED,0.95,à confirmer,mg/L,mg/L,UNIT_ASSUMED,aucune,numeric_decimal_comma + limites_detection + quarantine_non_convertible,INFERIEUR | SUPERIEUR | DECIMAL_COMMA | SCIENTIFIC_NOTATION | NON_NUMERIC_QUARANTINE | UNIT_MISSING | UNIT_ASSUMED | ATTR_TEMPERATURE_REFERENCE_105C,MESURE,1,0,valeur=300; date=1990-01-30; point=788/21,MIGRER_AVEC_FLAG,Fusion RS105/RS185 sous paramètre canonique unique avec attribut température de référence.
staging,raw_mesures_qualite_nappes,parametre_qualite,val_qual_nap,RS105,rs105,Residus_secs,RESIDUS_SECS,MAPPED,0.95,à confirmer,mg/L,mg/L,UNIT_ASSUMED,aucune,numeric_decimal_comma + limites_detection + quarantine_non_convertible,INFERIEUR | SUPERIEUR | DECIMAL_COMMA | SCIENTIFIC_NOTATION | NON_NUMERIC_QUARANTINE | UNIT_MISSING | UNIT_ASSUMED | ATTR_TEMPERATURE_REFERENCE_105C,MESURE,2203,0,valeur=1125; date=1991-03-22; point=1161/15 || valeur=470; date=1991-03-26; point=160/15 || valeur=520; date=1991-04-02; point=2702/15,MIGRER_AVEC_FLAG,Fusion RS105/RS185 sous paramètre canonique unique avec attribut température de référence.
staging,raw_mesures_qualite_rivieres,parametre_qualite,val_qual_riv,RS105,rs105,Residus_secs,RESIDUS_SECS,MAPPED,0.95,à confirmer,mg/L,mg/L,UNIT_ASSUMED,aucune,numeric_decimal_comma + limites_detection + quarantine_non_convertible,INFERIEUR | SUPERIEUR | DECIMAL_COMMA | SCIENTIFIC_NOTATION | NON_NUMERIC_QUARANTINE | UNIT_MISSING | UNIT_ASSUMED | ATTR_TEMPERATURE_REFERENCE_105C,MESURE,39,0,valeur=1074; date=1990-01-24; point=551/16 || valeur=690; date=1990-01-24; point=653/16 || valeur=452; date=1990-01-26; point=582/22,MIGRER_AVEC_FLAG,Fusion RS105/RS185 sous paramètre canonique unique avec attribut température de référence.
staging,raw_types_mesures,parametre_qualite,,RS105,rs105,Residus_secs,RESIDUS_SECS,MAPPED,0.95,à confirmer,mg/L,mg/L,UNIT_ASSUMED,aucune,numeric_decimal_comma + limites_detection + quarantine_non_convertible,INFERIEUR | SUPERIEUR | DECIMAL_COMMA | SCIENTIFIC_NOTATION | NON_NUMERIC_QUARANTINE | UNIT_MISSING | UNIT_ASSUMED | ATTR_TEMPERATURE_REFERENCE_105C | REFERENCE_ONLY,REFERENCE,1,0,colonne_valeur_absente,QUARANTAINE,Ligne de référentiel/source sans colonne valeur ; hors lot de migration des mesures.
staging,raw_mesures_qualite_nappes,parametre_qualite,val_qual_nap,RS185,rs185,Residus_secs,RESIDUS_SECS,MAPPED,0.95,à confirmer,mg/L,mg/L,UNIT_ASSUMED,aucune,numeric_decimal_comma + limites_detection + quarantine_non_convertible,INFERIEUR | SUPERIEUR | DECIMAL_COMMA | SCIENTIFIC_NOTATION | NON_NUMERIC_QUARANTINE | UNIT_MISSING | UNIT_ASSUMED | ATTR_TEMPERATURE_REFERENCE_185C,MESURE,7,0,valeur=610; date=1996-10-25; point=994/14 || valeur=1263; date=1996-11-13; point=1294/8 || valeur=147; date=1997-06-03; point=1463/22,MIGRER_AVEC_FLAG,Fusion RS105/RS185 sous paramètre canonique unique avec attribut température de référence.
staging,raw_mesures_qualite_rivieres,parametre_qualite,val_qual_riv,RS185,rs185,Residus_secs,RESIDUS_SECS,MAPPED,0.95,à confirmer,mg/L,mg/L,UNIT_ASSUMED,aucune,numeric_decimal_comma + limites_detection + quarantine_non_convertible,INFERIEUR | SUPERIEUR | DECIMAL_COMMA | SCIENTIFIC_NOTATION | NON_NUMERIC_QUARANTINE | UNIT_MISSING | UNIT_ASSUMED | ATTR_TEMPERATURE_REFERENCE_185C,MESURE,2,0,valeur=0; date=1994-07-06; point=1508/9 || valeur=0; date=1994-07-11; point=3502/8,MIGRER_AVEC_FLAG,Fusion RS105/RS185 sous paramètre canonique unique avec attribut température de référence.
staging,raw_mesures_qualite_barrages,parametre_qualite,val_qual_barr,S,s,S²-,S2,MAPPED,0.95,mg/L,mg/L,mg/L,UNIT_OK,aucune,numeric_decimal_comma + limites_detection + quarantine_non_convertible,INFERIEUR | SUPERIEUR | DECIMAL_COMMA | SCIENTIFIC_NOTATION | NON_NUMERIC_QUARANTINE | UNIT_OK,MESURE,1,0,valeur=0.026; date=2003-06-10; point=1710/9,MIGRER,
staging,raw_mesures_qualite_nappes,parametre_qualite,val_qual_nap,S,s,S²-,S2,MAPPED,0.95,mg/L,mg/L,mg/L,UNIT_OK,aucune,numeric_decimal_comma + limites_detection + quarantine_non_convertible,INFERIEUR | SUPERIEUR | DECIMAL_COMMA | SCIENTIFIC_NOTATION | NON_NUMERIC_QUARANTINE | UNIT_OK,MESURE,4,0,valeur=29.6; date=1990-09-21; point=2881/15 || valeur=20.8; date=1992-02-08; point=2881/15 || valeur=4; date=2007-01-23; point=3921/14,MIGRER,
staging,raw_mesures_qualite_rivieres,parametre_qualite,val_qual_riv,S,s,S²-,S2,MAPPED,0.95,mg/L,mg/L,mg/L,UNIT_OK,aucune,numeric_decimal_comma + limites_detection + quarantine_non_convertible,INFERIEUR | SUPERIEUR | DECIMAL_COMMA | SCIENTIFIC_NOTATION | NON_NUMERIC_QUARANTINE | UNIT_OK,MESURE,4,0,valeur=0.96; date=1990-02-14; point=4220/14 || valeur=0; date=1991-08-19; point=4220/14 || valeur=0.02; date=1995-02-14; point=1236/14,MIGRER,
staging,raw_types_mesures,parametre_qualite,,S,s,S²-,S2,MAPPED,0.95,mg/L,mg/L,mg/L,UNIT_OK,aucune,numeric_decimal_comma + limites_detection + quarantine_non_convertible,INFERIEUR | SUPERIEUR | DECIMAL_COMMA | SCIENTIFIC_NOTATION | NON_NUMERIC_QUARANTINE | UNIT_OK | REFERENCE_ONLY,REFERENCE,1,0,colonne_valeur_absente,QUARANTAINE,Ligne de référentiel/source sans colonne valeur ; hors lot de migration des mesures.
staging,raw_mesures_qualite_barrages,parametre_qualite,val_qual_barr,S2,s2,S²-,S2,MAPPED,0.95,mg/L,mg/L,mg/L,UNIT_OK,aucune,numeric_decimal_comma + limites_detection + quarantine_non_convertible,INFERIEUR | SUPERIEUR | DECIMAL_COMMA | SCIENTIFIC_NOTATION | NON_NUMERIC_QUARANTINE | UNIT_OK,MESURE,2,0,valeur=0.026; date=2003-06-10; point=1710/9 || valeur=0; date=2005-07-28; point=3546/8,MIGRER,
staging,raw_mesures_qualite_nappes,parametre_qualite,val_qual_nap,S2,s2,S²-,S2,MAPPED,0.95,mg/L,mg/L,mg/L,UNIT_OK,aucune,numeric_decimal_comma + limites_detection + quarantine_non_convertible,INFERIEUR | SUPERIEUR | DECIMAL_COMMA | SCIENTIFIC_NOTATION | NON_NUMERIC_QUARANTINE | UNIT_OK,MESURE,16,0,valeur=0.2; date=2013-08-28; point=178/23 || valeur=0.2; date=2013-09-02; point=2048/14 || valeur=0.2; date=2013-09-02; point=773/21,MIGRER,
staging,raw_mesures_qualite_rivieres,parametre_qualite,val_qual_riv,S2,s2,S²-,S2,MAPPED,0.95,mg/L,mg/L,mg/L,UNIT_OK,aucune,numeric_decimal_comma + limites_detection + quarantine_non_convertible,INFERIEUR | SUPERIEUR | DECIMAL_COMMA | SCIENTIFIC_NOTATION | NON_NUMERIC_QUARANTINE | UNIT_OK,MESURE,2,0,valeur=0; date=2005-07-28; point=3502/8 || valeur=0.306; date=2009-10-22; point=1540/15,MIGRER,
staging,raw_types_mesures,parametre_qualite,,S2,s2,S²-,S2,MAPPED,0.95,mg/L,mg/L,mg/L,UNIT_OK,aucune,numeric_decimal_comma + limites_detection + quarantine_non_convertible,INFERIEUR | SUPERIEUR | DECIMAL_COMMA | SCIENTIFIC_NOTATION | NON_NUMERIC_QUARANTINE | UNIT_OK | REFERENCE_ONLY,REFERENCE,1,0,colonne_valeur_absente,QUARANTAINE,Ligne de référentiel/source sans colonne valeur ; hors lot de migration des mesures.
staging,raw_mesures_qualite_barrages,parametre_qualite,val_qual_barr,sat,sat,sat,SATURATION_OXYGENE,MAPPED,0.95,%,%,%,UNIT_OK,aucune,numeric_decimal_comma + lien_O2 + limites_detection + quarantine_non_convertible,INFERIEUR | SUPERIEUR | DECIMAL_COMMA | SCIENTIFIC_NOTATION | NON_NUMERIC_QUARANTINE | UNIT_OK,MESURE,128,0,valeur=77.3; date=1988-10-14; point=788/21 || valeur=95; date=1989-03-24; point=788/21 || valeur=101; date=1990-01-30; point=788/21,MIGRER,
staging,raw_mesures_qualite_nappes,parametre_qualite,val_qual_nap,sat,sat,sat,SATURATION_OXYGENE,MAPPED,0.95,%,%,%,UNIT_OK,aucune,numeric_decimal_comma + lien_O2 + limites_detection + quarantine_non_convertible,INFERIEUR | SUPERIEUR | DECIMAL_COMMA | SCIENTIFIC_NOTATION | NON_NUMERIC_QUARANTINE | UNIT_OK,MESURE,18,0,valeur=86.8; date=1988-10-03; point=1652/22 || valeur=88.1; date=1988-10-19; point=1475/9 || valeur=89; date=1989-03-31; point=2528/15,MIGRER,
staging,raw_mesures_qualite_rivieres,parametre_qualite,val_qual_riv,sat,sat,sat,SATURATION_OXYGENE,MAPPED,0.95,%,%,%,UNIT_OK,aucune,numeric_decimal_comma + lien_O2 + limites_detection + quarantine_non_convertible,INFERIEUR | SUPERIEUR | DECIMAL_COMMA | SCIENTIFIC_NOTATION | NON_NUMERIC_QUARANTINE | UNIT_OK,MESURE,1074,0,valeur=0; date=1988-09-20; point=2817/15 || valeur=8.3; date=1988-09-22; point=1000/23 || valeur=48.5; date=1988-10-04; point=2169/15,MIGRER,
staging,raw_types_mesures,parametre_qualite,,sat,sat,sat,SATURATION_OXYGENE,MAPPED,0.95,%,%,%,UNIT_OK,aucune,numeric_decimal_comma + lien_O2 + limites_detection + quarantine_non_convertible,INFERIEUR | SUPERIEUR | DECIMAL_COMMA | SCIENTIFIC_NOTATION | NON_NUMERIC_QUARANTINE | UNIT_OK | REFERENCE_ONLY,REFERENCE,1,0,colonne_valeur_absente,QUARANTAINE,Ligne de référentiel/source sans colonne valeur ; hors lot de migration des mesures.
staging,raw_mesures_qualite_rivieres,parametre_qualite,val_qual_riv,Saveur,saveur,Saveur,SAVEUR,MAPPED,0.95,à confirmer,— (qualitatif),— (qualitatif),UNIT_ASSUMED,aucune,numeric_decimal_comma + limites_detection + quarantine_non_convertible,INFERIEUR | SUPERIEUR | DECIMAL_COMMA | SCIENTIFIC_NOTATION | NON_NUMERIC_QUARANTINE | UNIT_MISSING | UNIT_ASSUMED,MESURE,1,0,valeur=13; date=1994-05-17; point=2496/15,MIGRER_AVEC_FLAG,Unité standard métier appliquée par défaut en l’absence d’unité source fiable.
staging,raw_idp_2024_mesures_qualite_marche_cadre,parametre_qualite,val_qual,pH au laboratoire,ph_au_laboratoire,pH,PH,MAPPED,0.95,pH,pH,— (sans unité),UNIT_OK,aucune,numeric_decimal_comma + limites_detection + quarantine_non_convertible,INFERIEUR | SUPERIEUR | DECIMAL_COMMA | SCIENTIFIC_NOTATION | NON_NUMERIC_QUARANTINE | UNIT_UNKNOWN | NON_NUMERIC_PRESENT,MESURE,7,4,"valeur=(*) NM = Disque de secchi n'est pas mesuré, l'accès est difficile.; date=2025-10-06; point=DAYAT FOUARATE || valeur=(*) NM = Disque de secchi n'est pas mesuré, l'accès est difficile.; date=2025-10-06; point=DAYAT SIDI BOUGHABA || valeur=(*) Interférence probable des ions chlorures sur l'analyse de la DCO.; date=2025-10-10; point=AMONT STEP KENITRA",MIGRER_AVEC_FLAG,
staging,raw_mesures_qualite_rivieres,parametre_qualite,val_qual_riv,Sb,sb,Sb,SB,MAPPED,0.95,à confirmer,mg/L,mg/L,UNIT_ASSUMED,aucune,numeric_decimal_comma + limites_detection + quarantine_non_convertible,INFERIEUR | SUPERIEUR | DECIMAL_COMMA | SCIENTIFIC_NOTATION | NON_NUMERIC_QUARANTINE | UNIT_MISSING | UNIT_ASSUMED,MESURE,3,0,valeur=0; date=1994-07-06; point=1508/9 || valeur=0; date=1994-07-11; point=3502/8 || valeur=0.076; date=2003-10-02; point=756/16,MIGRER_AVEC_FLAG,Unité standard métier appliquée par défaut en l’absence d’unité source fiable.
staging,raw_idp_2024_mesures_qualite_marche_cadre,parametre_qualite,val_qual,Zinc,zinc,Zn,ZN,MAPPED,0.95,à confirmer,mg/L,mg/L,UNIT_ASSUMED,aucune,numeric_decimal_comma + limites_detection + quarantine_non_convertible,INFERIEUR | SUPERIEUR | DECIMAL_COMMA | SCIENTIFIC_NOTATION | NON_NUMERIC_QUARANTINE | UNIT_MISSING | NON_NUMERIC_PRESENT | UNIT_ASSUMED,MESURE,8,4,"valeur=<0,010; date=2025-10-08; point=STATION PONT MECHRAA BEL KSIRI || valeur=<0,010; date=2025-10-08; point=PONT KHENICHET || valeur=0,0154; date=2025-10-10; point=AMONT KENITRA",MIGRER_AVEC_FLAG,Unité standard métier appliquée par défaut en l’absence d’unité source fiable.
staging,raw_mesures_qualite_nappes,parametre_qualite,val_qual_nap,Se,se,Se,SE,MAPPED,0.95,à confirmer,mg/L,mg/L,UNIT_ASSUMED,aucune,numeric_decimal_comma + limites_detection + quarantine_non_convertible,INFERIEUR | SUPERIEUR | DECIMAL_COMMA | SCIENTIFIC_NOTATION | NON_NUMERIC_QUARANTINE | UNIT_MISSING | UNIT_ASSUMED,MESURE,5,0,valeur=0.01; date=1991-03-22; point=1161/15 || valeur=0.007; date=1991-03-26; point=160/15 || valeur=0.05; date=1991-03-27; point=2881/15,MIGRER_AVEC_FLAG,Unité standard métier appliquée par défaut en l’absence d’unité source fiable.
staging,raw_mesures_qualite_rivieres,parametre_qualite,val_qual_riv,Se,se,Se,SE,MAPPED,0.95,à confirmer,mg/L,mg/L,UNIT_ASSUMED,aucune,numeric_decimal_comma + limites_detection + quarantine_non_convertible,INFERIEUR | SUPERIEUR | DECIMAL_COMMA | SCIENTIFIC_NOTATION | NON_NUMERIC_QUARANTINE | UNIT_MISSING | UNIT_ASSUMED,MESURE,434,0,valeur=0.008; date=1990-01-31; point=2496/15 || valeur=0.006; date=1990-02-01; point=1359/8 || valeur=0.005; date=1990-02-05; point=3261/14,MIGRER_AVEC_FLAG,Unité standard métier appliquée par défaut en l’absence d’unité source fiable.
staging,raw_idp_2024_mesures_qualite_globale,parametre_qualite,val_qual,MES,mes,MES,MES,MAPPED,0.95,mg/L,mg/L,mg/L,UNIT_OK,aucune,numeric_decimal_comma + filtre + limites_detection + quarantine_non_convertible,INFERIEUR | SUPERIEUR | DECIMAL_COMMA | SCIENTIFIC_NOTATION | NON_NUMERIC_QUARANTINE | UNIT_OK | NON_NUMERIC_PRESENT,MESURE,163,3,"valeur=107; date=2024-09-13; point=S1 (Aval_conf_Rejet_MOG (Mograne) || valeur=16,1; date=2024-09-13; point=S2 (Barrage de garde) || valeur=50,4; date=2024-09-13; point=S3 (Station Pompage Ferme (Amont Bge de garde)",MIGRER_AVEC_FLAG,
staging,raw_suivi_qualite_brg_garde_hebdo,parametre_qualite,val_qual_brg_garde_hebdo,Sélénium(mg/l),selenium_mg_l,Se,SE,MAPPED,0.95,mg/l,mg/L,mg/L,UNIT_OK,aucune,numeric_decimal_comma + limites_detection + quarantine_non_convertible,INFERIEUR | SUPERIEUR | DECIMAL_COMMA | SCIENTIFIC_NOTATION | NON_NUMERIC_QUARANTINE | UNIT_OK,MESURE,182,0,valeur=0.005; date=2024-11-20; point=n/a || valeur=0.005; date=2024-12-11; point=n/a || valeur=0.005; date=2025-01-08; point=n/a,MIGRER,
staging,raw_idp_2024_mesures_qualite_marche_cadre,parametre_qualite,val_qual,Mn,mn,Mn,MN,MAPPED,0.95,mg/L,mg/L,mg/L,UNIT_OK,aucune,numeric_decimal_comma + forme_chimique_si_detectable + limites_detection + quarantine_non_convertible,INFERIEUR | SUPERIEUR | DECIMAL_COMMA | SCIENTIFIC_NOTATION | NON_NUMERIC_QUARANTINE | FORME_CHIMIQUE_OPTIONNELLE | UNIT_OK | NON_NUMERIC_PRESENT,MESURE,2,2,"valeur=<0,050; date=2025-10-06; point=DAYAT FOUARATE || valeur=<0,050; date=2025-10-06; point=DAYAT SIDI BOUGHABA",MIGRER_AVEC_FLAG,
staging,raw_idp_2024_mesures_qualite_globale,parametre_qualite,val_qual,Tl,tl,Tl,TL,MAPPED,0.95,à confirmer,mg/L,mg/L,UNIT_ASSUMED,aucune,numeric_decimal_comma + limites_detection + quarantine_non_convertible,INFERIEUR | SUPERIEUR | DECIMAL_COMMA | SCIENTIFIC_NOTATION | NON_NUMERIC_QUARANTINE | UNIT_MISSING | NON_NUMERIC_PRESENT | UNIT_ASSUMED,MESURE,14,2,"valeur=0,014; date=2025-10-13; point=AVAL VILLAGE AIT SIBERNE || valeur=0,0181; date=2025-10-13; point=MERJA FOUARATE || valeur=0,0501; date=2025-10-13; point=AVAL REJET INDUSTRIEL MERJA",MIGRER_AVEC_FLAG,Unité standard métier appliquée par défaut en l’absence d’unité source fiable.
staging,raw_mesures_qualite_barrages,parametre_qualite,val_qual_barr,SF,sf,SF,SF,MAPPED,0.95,g/L,UFC/100 mL,UFC/100 mL,UNIT_ASSUMED,aucune,numeric_decimal_comma + limites_detection + quarantine_non_convertible,INFERIEUR | SUPERIEUR | DECIMAL_COMMA | SCIENTIFIC_NOTATION | NON_NUMERIC_QUARANTINE | UNIT_CONFLICT | UNIT_ASSUMED,MESURE,134,0,valeur=1300; date=1988-10-14; point=788/21 || valeur=200; date=1989-03-24; point=788/21 || valeur=200; date=1992-02-04; point=788/21,MIGRER_AVEC_FLAG,Unité standard métier appliquée par défaut en l’absence d’unité source fiable.
staging,raw_mesures_qualite_nappes,parametre_qualite,val_qual_nap,SF,sf,SF,SF,MAPPED,0.95,g/L,UFC/100 mL,UFC/100 mL,UNIT_ASSUMED,aucune,numeric_decimal_comma + limites_detection + quarantine_non_convertible,INFERIEUR | SUPERIEUR | DECIMAL_COMMA | SCIENTIFIC_NOTATION | NON_NUMERIC_QUARANTINE | UNIT_CONFLICT | UNIT_ASSUMED,MESURE,2640,0,valeur=9; date=1988-10-03; point=1652/22 || valeur=9000; date=1988-10-19; point=1475/9 || valeur=4; date=1989-03-31; point=2528/15,MIGRER_AVEC_FLAG,Unité standard métier appliquée par défaut en l’absence d’unité source fiable.
staging,raw_mesures_qualite_rivieres,parametre_qualite,val_qual_riv,SF,sf,SF,SF,MAPPED,0.95,g/L,UFC/100 mL,UFC/100 mL,UNIT_ASSUMED,aucune,numeric_decimal_comma + limites_detection + quarantine_non_convertible,INFERIEUR | SUPERIEUR | DECIMAL_COMMA | SCIENTIFIC_NOTATION | NON_NUMERIC_QUARANTINE | UNIT_CONFLICT | UNIT_ASSUMED,MESURE,1879,0,valeur=1100000; date=1988-09-20; point=2817/15 || valeur=7500; date=1988-10-05; point=2496/15 || valeur=1600; date=1988-10-06; point=1236/14,MIGRER_AVEC_FLAG,Unité standard métier appliquée par défaut en l’absence d’unité source fiable.
staging,raw_types_mesures,parametre_qualite,,SF,sf,SF,SF,MAPPED,0.95,g/L,UFC/100 mL,UFC/100 mL,UNIT_ASSUMED,aucune,numeric_decimal_comma + limites_detection + quarantine_non_convertible,INFERIEUR | SUPERIEUR | DECIMAL_COMMA | SCIENTIFIC_NOTATION | NON_NUMERIC_QUARANTINE | UNIT_CONFLICT | UNIT_ASSUMED | REFERENCE_ONLY,REFERENCE,1,0,colonne_valeur_absente,QUARANTAINE,Ligne de référentiel/source sans colonne valeur ; hors lot de migration des mesures.
staging,raw_suivi_qualite_brg_garde_hebdo,parametre_qualite,val_qual_brg_garde_hebdo,SiO2(mg/l),sio2_mg_l,Silice,SIO2,MAPPED,0.95,mg/l,mg/L,mg/L,UNIT_OK,aucune,numeric_decimal_comma + limites_detection + quarantine_non_convertible,INFERIEUR | SUPERIEUR | DECIMAL_COMMA | SCIENTIFIC_NOTATION | NON_NUMERIC_QUARANTINE | UNIT_OK,MESURE,182,0,valeur=0.709; date=2024-11-20; point=n/a || valeur=2.6; date=2024-12-11; point=n/a || valeur=4.48; date=2025-01-08; point=n/a,MIGRER,
staging,raw_mesures_qualite_barrages,parametre_qualite,val_qual_barr,SiO3,sio3,Silicates,SIO3,MAPPED,0.95,mg/L,mg/L,mg/L,UNIT_OK,aucune,numeric_decimal_comma + limites_detection + quarantine_non_convertible,INFERIEUR | SUPERIEUR | DECIMAL_COMMA | SCIENTIFIC_NOTATION | NON_NUMERIC_QUARANTINE | UNIT_OK,MESURE,37,0,valeur=11.97; date=1991-11-22; point=3907/14 || valeur=1.27; date=1991-11-25; point=3323/8 || valeur=23.9; date=1994-10-14; point=3323/8,MIGRER,
staging,raw_mesures_qualite_nappes,parametre_qualite,val_qual_nap,SiO3,sio3,Silicates,SIO3,MAPPED,0.95,mg/L,mg/L,mg/L,UNIT_OK,aucune,numeric_decimal_comma + limites_detection + quarantine_non_convertible,INFERIEUR | SUPERIEUR | DECIMAL_COMMA | SCIENTIFIC_NOTATION | NON_NUMERIC_QUARANTINE | UNIT_OK,MESURE,3,0,valeur=29.2; date=1991-03-27; point=2881/15 || valeur=36.2; date=1991-03-28; point=2043/15 || valeur=16.05; date=1993-08-10; point=897/16,MIGRER,
staging,raw_mesures_qualite_rivieres,parametre_qualite,val_qual_riv,SiO3,sio3,Silicates,SIO3,MAPPED,0.95,mg/L,mg/L,mg/L,UNIT_OK,aucune,numeric_decimal_comma + limites_detection + quarantine_non_convertible,INFERIEUR | SUPERIEUR | DECIMAL_COMMA | SCIENTIFIC_NOTATION | NON_NUMERIC_QUARANTINE | UNIT_OK,MESURE,150,0,valeur=3.9; date=1993-03-09; point=756/16 || valeur=0.57; date=1993-03-12; point=2400/14 || valeur=6.64; date=1993-03-18; point=3261/14,MIGRER,
staging,raw_types_mesures,parametre_qualite,,SiO3,sio3,Silicates,SIO3,MAPPED,0.95,mg/L,mg/L,mg/L,UNIT_OK,aucune,numeric_decimal_comma + limites_detection + quarantine_non_convertible,INFERIEUR | SUPERIEUR | DECIMAL_COMMA | SCIENTIFIC_NOTATION | NON_NUMERIC_QUARANTINE | UNIT_OK | REFERENCE_ONLY,REFERENCE,1,0,colonne_valeur_absente,QUARANTAINE,Ligne de référentiel/source sans colonne valeur ; hors lot de migration des mesures.
staging,raw_idp_2024_mesures_qualite_globale,parametre_qualite,val_qual,Al,al,Al,AL,MAPPED,0.95,à confirmer,mg/L,mg/L,UNIT_ASSUMED,aucune,numeric_decimal_comma + limites_detection + quarantine_non_convertible,INFERIEUR | SUPERIEUR | DECIMAL_COMMA | SCIENTIFIC_NOTATION | NON_NUMERIC_QUARANTINE | UNIT_MISSING | NON_NUMERIC_PRESENT | UNIT_ASSUMED,MESURE,46,1,"valeur=0,2917; date=2024-09-13; point=S8 (Aval Ferme Agricole sidi kamel) || valeur=0,3252; date=2024-09-18; point=S29 (Aval_Conf_Rejet_Douar Ouled Jrir || valeur=0,2217; date=2024-09-18; point=S30 (Aval_Conf_Rejet_SHZ (Sidi Harazem)",MIGRER_AVEC_FLAG,Unité standard métier appliquée par défaut en l’absence d’unité source fiable.
staging,raw_mesures_qualite_rivieres,parametre_qualite,val_qual_riv,SO3,so3,SO3²-,SO3,MAPPED,0.95,à confirmer,mg/L,mg/L,UNIT_ASSUMED,aucune,numeric_decimal_comma + limites_detection + quarantine_non_convertible,INFERIEUR | SUPERIEUR | DECIMAL_COMMA | SCIENTIFIC_NOTATION | NON_NUMERIC_QUARANTINE | UNIT_MISSING | UNIT_ASSUMED,MESURE,3,0,valeur=0.54; date=1990-02-14; point=4220/14 || valeur=0; date=1994-07-06; point=1508/9 || valeur=0; date=1994-07-11; point=3502/8,MIGRER_AVEC_FLAG,Unité standard métier appliquée par défaut en l’absence d’unité source fiable.
staging,raw_mesures_qualite_barrages,parametre_qualite,val_qual_barr,SO4,so4,SO4²-,SO4,MAPPED,0.95,mg/L,mg/L,mg/L,UNIT_OK,aucune,numeric_decimal_comma + limites_detection + quarantine_non_convertible,INFERIEUR | SUPERIEUR | DECIMAL_COMMA | SCIENTIFIC_NOTATION | NON_NUMERIC_QUARANTINE | UNIT_OK,MESURE,387,0,valeur=42; date=1992-06-05; point=788/21 || valeur=32.64; date=1993-04-15; point=788/21 || valeur=69.1; date=1994-05-30; point=3546/8,MIGRER,
staging,raw_mesures_qualite_nappes,parametre_qualite,val_qual_nap,SO4,so4,SO4²-,SO4,MAPPED,0.95,mg/L,mg/L,mg/L,UNIT_OK,aucune,numeric_decimal_comma + limites_detection + quarantine_non_convertible,INFERIEUR | SUPERIEUR | DECIMAL_COMMA | SCIENTIFIC_NOTATION | NON_NUMERIC_QUARANTINE | UNIT_OK,MESURE,2618,0,valeur=39; date=1988-10-03; point=1652/22 || valeur=19.2; date=1989-03-31; point=2528/15 || valeur=29.3; date=1990-09-21; point=2881/15,MIGRER,
staging,raw_mesures_qualite_rivieres,parametre_qualite,val_qual_riv,SO4,so4,SO4²-,SO4,MAPPED,0.95,mg/L,mg/L,mg/L,UNIT_OK,aucune,numeric_decimal_comma + limites_detection + quarantine_non_convertible,INFERIEUR | SUPERIEUR | DECIMAL_COMMA | SCIENTIFIC_NOTATION | NON_NUMERIC_QUARANTINE | UNIT_OK,MESURE,1788,0,valeur=186.1; date=1988-10-05; point=2496/15 || valeur=213; date=1988-10-06; point=1236/14 || valeur=67; date=1989-03-23; point=609/9,MIGRER,
staging,raw_types_mesures,parametre_qualite,,SO4,so4,SO4²-,SO4,MAPPED,0.95,mg/L,mg/L,mg/L,UNIT_OK,aucune,numeric_decimal_comma + limites_detection + quarantine_non_convertible,INFERIEUR | SUPERIEUR | DECIMAL_COMMA | SCIENTIFIC_NOTATION | NON_NUMERIC_QUARANTINE | UNIT_OK | REFERENCE_ONLY,REFERENCE,1,0,colonne_valeur_absente,QUARANTAINE,Ligne de référentiel/source sans colonne valeur ; hors lot de migration des mesures.
staging,raw_idp_2024_mesures_qualite_globale,parametre_qualite,val_qual,SO4--,so4,SO4²-,SO4,MAPPED,0.95,à confirmer,mg/L,mg/L,UNIT_ASSUMED,aucune,numeric_decimal_comma + limites_detection + quarantine_non_convertible,INFERIEUR | SUPERIEUR | DECIMAL_COMMA | SCIENTIFIC_NOTATION | NON_NUMERIC_QUARANTINE | UNIT_MISSING | UNIT_ASSUMED,MESURE,189,0,"valeur=1234; date=2024-09-13; point=S1 (Aval_conf_Rejet_MOG (Mograne) || valeur=85,7; date=2024-09-13; point=S2 (Barrage de garde) || valeur=82,2; date=2024-09-13; point=S3 (Station Pompage Ferme (Amont Bge de garde)",MIGRER_AVEC_FLAG,Unité standard métier appliquée par défaut en l’absence d’unité source fiable.
staging,raw_suivi_qualite_brg_garde_hebdo,parametre_qualite,val_qual_brg_garde_hebdo,SO4(mg/l),so4_mg_l,SO4²-,SO4,MAPPED,0.95,mg/l,mg/L,mg/L,UNIT_OK,aucune,numeric_decimal_comma + limites_detection + quarantine_non_convertible,INFERIEUR | SUPERIEUR | DECIMAL_COMMA | SCIENTIFIC_NOTATION | NON_NUMERIC_QUARANTINE | UNIT_OK,MESURE,182,0,valeur=95.5; date=2024-01-03; point=n/a || valeur=86.3; date=2024-01-10; point=n/a || valeur=96.4; date=2024-01-17; point=n/a,MIGRER,
staging,raw_idp_2024_mesures_qualite_marche_cadre,parametre_qualite,val_qual,SO42-_IC,so42_ic,SO4²-,SO4,MAPPED,0.95,à confirmer,mg/L,mg/L,UNIT_ASSUMED,aucune,numeric_decimal_comma + limites_detection + quarantine_non_convertible,INFERIEUR | SUPERIEUR | DECIMAL_COMMA | SCIENTIFIC_NOTATION | NON_NUMERIC_QUARANTINE | UNIT_MISSING | UNIT_ASSUMED,MESURE,127,0,"valeur=8,09; date=2025-10-06; point=FORAGE ABD NBI BOUTABEQ || valeur=10,8; date=2025-10-06; point=PUITS DAR BEL GHAZI || valeur=78,4; date=2025-10-06; point=DAYAT FOUARATE",MIGRER_AVEC_FLAG,Unité standard métier appliquée par défaut en l’absence d’unité source fiable.
staging,raw_idp_2024_mesures_qualite_marche_cadre,parametre_qualite,val_qual,somme anions_meq/l,somme_anions_meq_l,Som_anions,SOM_ANIONS,MAPPED,0.95,à confirmer,meq/L ou mg/L,meq/L ou mg/L,UNIT_ASSUMED,aucune,numeric_decimal_comma + limites_detection + quarantine_non_convertible,INFERIEUR | SUPERIEUR | DECIMAL_COMMA | SCIENTIFIC_NOTATION | NON_NUMERIC_QUARANTINE | UNIT_MISSING | UNIT_ASSUMED,MESURE,89,0,aucun exemple non nul,MIGRER_AVEC_FLAG,Unité standard métier appliquée par défaut en l’absence d’unité source fiable.
staging,raw_idp_2024_mesures_qualite_globale,parametre_qualite,val_qual,somme anions_meq/l3,somme_anions_meq_l3,Som_anions,SOM_ANIONS,MAPPED,0.95,à confirmer,meq/L ou mg/L,meq/L ou mg/L,UNIT_ASSUMED,aucune,numeric_decimal_comma + limites_detection + quarantine_non_convertible,INFERIEUR | SUPERIEUR | DECIMAL_COMMA | SCIENTIFIC_NOTATION | NON_NUMERIC_QUARANTINE | UNIT_MISSING | UNIT_ASSUMED,MESURE,28,0,aucun exemple non nul,MIGRER_AVEC_FLAG,Unité standard métier appliquée par défaut en l’absence d’unité source fiable.
staging,raw_idp_2024_mesures_qualite_marche_cadre,parametre_qualite,val_qual,somme anions_mg/l,somme_anions_mg_l,Som_anions,SOM_ANIONS,MAPPED,0.95,mg/L,mg/L,meq/L ou mg/L,UNIT_OK,aucune,numeric_decimal_comma + limites_detection + quarantine_non_convertible,INFERIEUR | SUPERIEUR | DECIMAL_COMMA | SCIENTIFIC_NOTATION | NON_NUMERIC_QUARANTINE | UNIT_OK,MESURE,89,0,aucun exemple non nul,MIGRER,
staging,raw_idp_2024_mesures_qualite_globale,parametre_qualite,val_qual,somme anions_mg/l4,somme_anions_mg_l4,Som_anions,SOM_ANIONS,MAPPED,0.95,mg/L,mg/L,meq/L ou mg/L,UNIT_OK,aucune,numeric_decimal_comma + limites_detection + quarantine_non_convertible,INFERIEUR | SUPERIEUR | DECIMAL_COMMA | SCIENTIFIC_NOTATION | NON_NUMERIC_QUARANTINE | UNIT_OK,MESURE,28,0,aucun exemple non nul,MIGRER,
staging,raw_idp_2024_mesures_qualite_marche_cadre,parametre_qualite,val_qual,Somme cations_meq/l,somme_cations_meq_l,Som_cations,SOM_CATIONS,MAPPED,0.95,à confirmer,meq/L ou mg/L,meq/L ou mg/L,UNIT_ASSUMED,aucune,numeric_decimal_comma + limites_detection + quarantine_non_convertible,INFERIEUR | SUPERIEUR | DECIMAL_COMMA | SCIENTIFIC_NOTATION | NON_NUMERIC_QUARANTINE | UNIT_MISSING | UNIT_ASSUMED,MESURE,89,0,aucun exemple non nul,MIGRER_AVEC_FLAG,Unité standard métier appliquée par défaut en l’absence d’unité source fiable.
staging,raw_idp_2024_mesures_qualite_marche_cadre,parametre_qualite,val_qual,Somme cations_mg/l,somme_cations_mg_l,Som_cations,SOM_CATIONS,MAPPED,0.95,mg/L,mg/L,meq/L ou mg/L,UNIT_OK,aucune,numeric_decimal_comma + limites_detection + quarantine_non_convertible,INFERIEUR | SUPERIEUR | DECIMAL_COMMA | SCIENTIFIC_NOTATION | NON_NUMERIC_QUARANTINE | UNIT_OK,MESURE,89,0,aucun exemple non nul,MIGRER,
staging,raw_idp_2024_mesures_qualite_globale,parametre_qualite,val_qual,Sr,sr,Sr,SR,MAPPED,0.95,à confirmer,mg/L,mg/L,UNIT_ASSUMED,aucune,numeric_decimal_comma + limites_detection + quarantine_non_convertible,INFERIEUR | SUPERIEUR | DECIMAL_COMMA | SCIENTIFIC_NOTATION | NON_NUMERIC_QUARANTINE | UNIT_MISSING | UNIT_ASSUMED,MESURE,5,0,"valeur=0,1099; date=2025-10-23; point=BSM_PDOM1_R2 (EM) || valeur=0,1479; date=2025-10-28; point=SJH_DOM1_R1 (EM) || valeur=0,3742; date=2025-10-30; point=AVAL STEP OUED AMLIL",MIGRER_AVEC_FLAG,Unité standard métier appliquée par défaut en l’absence d’unité source fiable.
staging,raw_decharges_abhs,,sup_occupee_ha,sup_occupee_ha,sup_occupee_ha,Superficie_ha,SUPERFICIE_HA,MAPPED,0.95,ha,ha,ha,UNIT_OK,aucune,numeric_decimal_comma + limites_detection + quarantine_non_convertible,INFERIEUR | SUPERIEUR | DECIMAL_COMMA | SCIENTIFIC_NOTATION | NON_NUMERIC_QUARANTINE | UNIT_OK,MESURE,233,0,valeur=80; date=n/a; point=042810111 || valeur=0.3; date=n/a; point=042910301 || valeur=4.3; date=n/a; point=044810911,MIGRER,
staging,raw_decharges_abhs,,sup_tot_ha,sup_tot_ha,sup_tot_ha,Superficie_ha,SUPERFICIE_HA,MAPPED,0.95,ha,ha,ha,UNIT_OK,aucune,numeric_decimal_comma + limites_detection + quarantine_non_convertible,INFERIEUR | SUPERIEUR | DECIMAL_COMMA | SCIENTIFIC_NOTATION | NON_NUMERIC_QUARANTINE | UNIT_OK,MESURE,233,0,valeur=6; date=n/a; point=042810111 || valeur=0.35; date=n/a; point=042910301 || valeur=4.3; date=n/a; point=044810911,MIGRER,
staging,raw_step_abhs,,superficie_ha,superficie_ha,superficie_ha,Superficie_ha,SUPERFICIE_HA,MAPPED,0.95,ha,ha,ha,UNIT_OK,aucune,numeric_decimal_comma + limites_detection + quarantine_non_convertible,INFERIEUR | SUPERIEUR | DECIMAL_COMMA | SCIENTIFIC_NOTATION | NON_NUMERIC_QUARANTINE | UNIT_OK,MESURE,41,0,valeur=2.51; date=n/a; point=042811107 || valeur=3; date=n/a; point=042810701 || valeur=7; date=n/a; point=042910317,MIGRER,
staging,raw_bassin_sebou,,superficie_km2,superficie_km2,superficie_km2,Superficie_km2,SUPERFICIE_KM2,MAPPED,0.95,km2,km2,km²,UNIT_OK,aucune,numeric_decimal_comma + limites_detection + quarantine_non_convertible,INFERIEUR | SUPERIEUR | DECIMAL_COMMA | SCIENTIFIC_NOTATION | NON_NUMERIC_QUARANTINE | UNIT_OK,MESURE,1,0,valeur=40960.94362070001; date=n/a; point=n/a,MIGRER,
staging,raw_nappes_abhs,,superficie_km2,superficie_km2,superficie_km2,Superficie_km2,SUPERFICIE_KM2,MAPPED,0.95,km2,km2,km²,UNIT_OK,aucune,numeric_decimal_comma + limites_detection + quarantine_non_convertible,INFERIEUR | SUPERIEUR | DECIMAL_COMMA | SCIENTIFIC_NOTATION | NON_NUMERIC_QUARANTINE | UNIT_OK,MESURE,17,0,valeur=3866.43066012582; date=n/a; point=n/a || valeur=4075.9107159881; date=n/a; point=n/a || valeur=235.95856006317; date=n/a; point=n/a,MIGRER,
staging,raw_bathymetries_barrages_abhs,,surface_km2,surface_km2,surface_km2,Superficie_km2,SUPERFICIE_KM2,MAPPED,0.95,km2,km2,km²,UNIT_OK,aucune,numeric_decimal_comma + limites_detection + quarantine_non_convertible,INFERIEUR | SUPERIEUR | DECIMAL_COMMA | SCIENTIFIC_NOTATION | NON_NUMERIC_QUARANTINE | UNIT_OK,MESURE,62359,0,valeur=0; date=n/a; point=1847/15 || valeur=0.024560001; date=n/a; point=1847/15 || valeur=0.049120001; date=n/a; point=1847/15,MIGRER,
staging,raw_idp_2024_src_pollution_globale,parametre,t_air,t_air,t_air,T_air,T_AIR,MAPPED,0.95,à confirmer,°C,°C,UNIT_ASSUMED,aucune,numeric_decimal_comma + timestep + quarantine_non_convertible,INFERIEUR | SUPERIEUR | DECIMAL_COMMA | SCIENTIFIC_NOTATION | NON_NUMERIC_QUARANTINE | FLAG_GAP_TIME_SERIES | FLAG_TIMESTEP_IRREGULAR | FLAG_DUPLICATE_TIMESTEP | UNIT_MISSING | TYPE_VALEUR_OBSERVEE | UNIT_ASSUMED,MESURE,243,0,aucun exemple non nul,MIGRER_AVEC_FLAG,Unité standard métier appliquée par défaut en l’absence d’unité source fiable.
staging,raw_idp_2024_src_pollution_marche_cadre,parametre,t_air,t_air,t_air,T_air,T_AIR,MAPPED,0.95,à confirmer,°C,°C,UNIT_ASSUMED,aucune,numeric_decimal_comma + timestep + quarantine_non_convertible,INFERIEUR | SUPERIEUR | DECIMAL_COMMA | SCIENTIFIC_NOTATION | NON_NUMERIC_QUARANTINE | FLAG_GAP_TIME_SERIES | FLAG_TIMESTEP_IRREGULAR | FLAG_DUPLICATE_TIMESTEP | UNIT_MISSING | TYPE_VALEUR_OBSERVEE | UNIT_ASSUMED,MESURE,148,0,aucun exemple non nul,MIGRER_AVEC_FLAG,Unité standard métier appliquée par défaut en l’absence d’unité source fiable.
staging,raw_mesures_qualite_barrages,parametre_qualite,val_qual_barr,T_Air,t_air,T_air,T_AIR,MAPPED,0.95,°C,°C,°C,UNIT_OK,aucune,numeric_decimal_comma + timestep + quarantine_non_convertible,INFERIEUR | SUPERIEUR | DECIMAL_COMMA | SCIENTIFIC_NOTATION | NON_NUMERIC_QUARANTINE | FLAG_GAP_TIME_SERIES | FLAG_TIMESTEP_IRREGULAR | FLAG_DUPLICATE_TIMESTEP | UNIT_OK | TYPE_VALEUR_OBSERVEE,MESURE,420,0,valeur=38; date=1988-10-14; point=788/21 || valeur=27; date=1989-03-24; point=788/21 || valeur=21; date=1990-01-30; point=788/21,MIGRER_AVEC_FLAG,
staging,raw_mesures_qualite_nappes,parametre_qualite,val_qual_nap,T_Air,t_air,T_air,T_AIR,MAPPED,0.95,°C,°C,°C,UNIT_OK,aucune,numeric_decimal_comma + timestep + quarantine_non_convertible,INFERIEUR | SUPERIEUR | DECIMAL_COMMA | SCIENTIFIC_NOTATION | NON_NUMERIC_QUARANTINE | FLAG_GAP_TIME_SERIES | FLAG_TIMESTEP_IRREGULAR | FLAG_DUPLICATE_TIMESTEP | UNIT_OK | TYPE_VALEUR_OBSERVEE,MESURE,2617,0,valeur=28; date=1988-10-03; point=1652/22 || valeur=19.5; date=1988-10-19; point=1475/9 || valeur=21; date=1989-03-31; point=2528/15,MIGRER_AVEC_FLAG,
staging,raw_mesures_qualite_rivieres,parametre_qualite,val_qual_riv,T_Air,t_air,T_air,T_AIR,MAPPED,0.95,°C,°C,°C,UNIT_OK,aucune,numeric_decimal_comma + timestep + quarantine_non_convertible,INFERIEUR | SUPERIEUR | DECIMAL_COMMA | SCIENTIFIC_NOTATION | NON_NUMERIC_QUARANTINE | FLAG_GAP_TIME_SERIES | FLAG_TIMESTEP_IRREGULAR | FLAG_DUPLICATE_TIMESTEP | UNIT_OK | TYPE_VALEUR_OBSERVEE,MESURE,1995,0,valeur=27.5; date=1988-09-20; point=2817/15 || valeur=24; date=1988-09-22; point=1000/23 || valeur=20; date=1988-10-04; point=2169/15,MIGRER_AVEC_FLAG,
staging,raw_suivi_qualite_brg_garde_hebdo,parametre_qualite,val_qual_brg_garde_hebdo,T_air,t_air,T_air,T_AIR,MAPPED,0.95,à confirmer,°C,°C,UNIT_ASSUMED,aucune,numeric_decimal_comma + timestep + quarantine_non_convertible,INFERIEUR | SUPERIEUR | DECIMAL_COMMA | SCIENTIFIC_NOTATION | NON_NUMERIC_QUARANTINE | FLAG_GAP_TIME_SERIES | FLAG_TIMESTEP_IRREGULAR | FLAG_DUPLICATE_TIMESTEP | UNIT_MISSING | TYPE_VALEUR_OBSERVEE | UNIT_ASSUMED,MESURE,182,0,valeur=13; date=2024-01-03; point=n/a || valeur=15; date=2024-01-10; point=n/a || valeur=17; date=2024-01-17; point=n/a,MIGRER_AVEC_FLAG,Unité standard métier appliquée par défaut en l’absence d’unité source fiable.
staging,raw_suivi_qualite_sebou_jr,parametre_qualite,val_qual_sebou_jr,T_air,t_air,T_air,T_AIR,MAPPED,0.95,à confirmer,°C,°C,UNIT_ASSUMED,aucune,numeric_decimal_comma + timestep + quarantine_non_convertible,INFERIEUR | SUPERIEUR | DECIMAL_COMMA | SCIENTIFIC_NOTATION | NON_NUMERIC_QUARANTINE | FLAG_GAP_TIME_SERIES | FLAG_TIMESTEP_IRREGULAR | FLAG_DUPLICATE_TIMESTEP | UNIT_MISSING | TYPE_VALEUR_OBSERVEE | UNIT_ASSUMED,MESURE,4572,0,valeur=NaN; date=2023-12-07; point=2263/15 || valeur=NaN; date=2023-12-08; point=2263/15 || valeur=23; date=2023-12-09; point=2263/15,MIGRER_AVEC_FLAG,Unité standard métier appliquée par défaut en l’absence d’unité source fiable.
staging,raw_types_mesures,parametre_qualite,,T_Air,t_air,T_air,T_AIR,MAPPED,0.95,°C,°C,°C,UNIT_OK,aucune,numeric_decimal_comma + timestep + quarantine_non_convertible,INFERIEUR | SUPERIEUR | DECIMAL_COMMA | SCIENTIFIC_NOTATION | NON_NUMERIC_QUARANTINE | FLAG_GAP_TIME_SERIES | FLAG_TIMESTEP_IRREGULAR | FLAG_DUPLICATE_TIMESTEP | UNIT_OK | TYPE_VALEUR_OBSERVEE | REFERENCE_ONLY,REFERENCE,1,0,colonne_valeur_absente,QUARANTAINE,Ligne de référentiel/source sans colonne valeur ; hors lot de migration des mesures.
staging,raw_idp_2024_src_pollution_globale,parametre,t_eau,t_eau,t_eau,T_eau,T_EAU,MAPPED,0.95,à confirmer,°C,°C,UNIT_ASSUMED,aucune,numeric_decimal_comma + quarantine_non_convertible,INFERIEUR | SUPERIEUR | DECIMAL_COMMA | SCIENTIFIC_NOTATION | NON_NUMERIC_QUARANTINE | UNIT_MISSING | UNIT_ASSUMED,MESURE,243,0,aucun exemple non nul,MIGRER_AVEC_FLAG,Unité standard métier appliquée par défaut en l’absence d’unité source fiable.
staging,raw_idp_2024_src_pollution_marche_cadre,parametre,t_eau,t_eau,t_eau,T_eau,T_EAU,MAPPED,0.95,à confirmer,°C,°C,UNIT_ASSUMED,aucune,numeric_decimal_comma + quarantine_non_convertible,INFERIEUR | SUPERIEUR | DECIMAL_COMMA | SCIENTIFIC_NOTATION | NON_NUMERIC_QUARANTINE | UNIT_MISSING | UNIT_ASSUMED,MESURE,148,0,aucun exemple non nul,MIGRER_AVEC_FLAG,Unité standard métier appliquée par défaut en l’absence d’unité source fiable.
staging,raw_mesures_qualite_barrages,parametre_qualite,val_qual_barr,T_eau,t_eau,T_eau,T_EAU,MAPPED,0.95,°C,°C,°C,UNIT_OK,aucune,numeric_decimal_comma + quarantine_non_convertible,INFERIEUR | SUPERIEUR | DECIMAL_COMMA | SCIENTIFIC_NOTATION | NON_NUMERIC_QUARANTINE | UNIT_OK,MESURE,420,0,valeur=24; date=1988-10-14; point=788/21 || valeur=17; date=1989-03-24; point=788/21 || valeur=11.5; date=1990-01-30; point=788/21,MIGRER,
staging,raw_mesures_qualite_nappes,parametre_qualite,val_qual_nap,T_eau,t_eau,T_eau,T_EAU,MAPPED,0.95,°C,°C,°C,UNIT_OK,aucune,numeric_decimal_comma + quarantine_non_convertible,INFERIEUR | SUPERIEUR | DECIMAL_COMMA | SCIENTIFIC_NOTATION | NON_NUMERIC_QUARANTINE | UNIT_OK,MESURE,2658,0,valeur=24; date=1988-10-03; point=1652/22 || valeur=20; date=1988-10-19; point=1475/9 || valeur=22; date=1989-03-31; point=2528/15,MIGRER,
staging,raw_mesures_qualite_rivieres,parametre_qualite,val_qual_riv,T_eau,t_eau,T_eau,T_EAU,MAPPED,0.95,°C,°C,°C,UNIT_OK,aucune,numeric_decimal_comma + quarantine_non_convertible,INFERIEUR | SUPERIEUR | DECIMAL_COMMA | SCIENTIFIC_NOTATION | NON_NUMERIC_QUARANTINE | UNIT_OK,MESURE,1995,0,valeur=24.5; date=1988-09-20; point=2817/15 || valeur=24; date=1988-09-22; point=1000/23 || valeur=17.5; date=1988-10-04; point=2169/15,MIGRER,
staging,raw_suivi_qualite_brg_garde_hebdo,parametre_qualite,val_qual_brg_garde_hebdo,T_eau,t_eau,T_eau,T_EAU,MAPPED,0.95,°C,°C,°C,UNIT_OK,aucune,numeric_decimal_comma + quarantine_non_convertible,INFERIEUR | SUPERIEUR | DECIMAL_COMMA | SCIENTIFIC_NOTATION | NON_NUMERIC_QUARANTINE | UNIT_OK,MESURE,182,0,valeur=13.7; date=2024-01-03; point=n/a || valeur=14; date=2024-01-10; point=n/a || valeur=14.5; date=2024-01-17; point=n/a,MIGRER,
staging,raw_suivi_qualite_sebou_jr,parametre_qualite,val_qual_sebou_jr,T_eau,t_eau,T_eau,T_EAU,MAPPED,0.95,°C,°C,°C,UNIT_OK,aucune,numeric_decimal_comma + quarantine_non_convertible,INFERIEUR | SUPERIEUR | DECIMAL_COMMA | SCIENTIFIC_NOTATION | NON_NUMERIC_QUARANTINE | UNIT_OK,MESURE,4572,0,valeur=NaN; date=2023-12-07; point=2263/15 || valeur=NaN; date=2023-12-08; point=2263/15 || valeur=18.6; date=2023-12-09; point=2263/15,MIGRER_AVEC_FLAG,
staging,raw_types_mesures,parametre_qualite,,T_eau,t_eau,T_eau,T_EAU,MAPPED,0.95,°C,°C,°C,UNIT_OK,aucune,numeric_decimal_comma + quarantine_non_convertible,INFERIEUR | SUPERIEUR | DECIMAL_COMMA | SCIENTIFIC_NOTATION | NON_NUMERIC_QUARANTINE | UNIT_OK | REFERENCE_ONLY,REFERENCE,1,0,colonne_valeur_absente,QUARANTAINE,Ligne de référentiel/source sans colonne valeur ; hors lot de migration des mesures.
staging,raw_mesures_qualite_barrages,parametre_qualite,val_qual_barr,TA,ta,Titre_Alcalimetrique,TA,MAPPED,0.95,°F,meq/L,meq/L,UNIT_CONVERTED,value / 5,numeric_decimal_comma + limites_detection + quarantine_non_convertible,INFERIEUR | SUPERIEUR | DECIMAL_COMMA | SCIENTIFIC_NOTATION | NON_NUMERIC_QUARANTINE | UNIT_CONFLICT | UNIT_CONVERTED,MESURE,70,0,valeur=0; date=1994-05-30; point=3546/8 || valeur=0; date=1994-07-22; point=788/21 || valeur=0; date=1994-07-25; point=3323/8,MIGRER_AVEC_FLAG,Conversion d’unité à appliquer lors du chargement contrôlé.
staging,raw_mesures_qualite_nappes,parametre_qualite,val_qual_nap,TA,ta,Titre_Alcalimetrique,TA,MAPPED,0.95,°F,meq/L,meq/L,UNIT_CONVERTED,value / 5,numeric_decimal_comma + limites_detection + quarantine_non_convertible,INFERIEUR | SUPERIEUR | DECIMAL_COMMA | SCIENTIFIC_NOTATION | NON_NUMERIC_QUARANTINE | UNIT_CONFLICT | UNIT_CONVERTED,MESURE,2027,0,valeur=0; date=1990-09-21; point=2881/15 || valeur=0; date=1991-03-27; point=2881/15 || valeur=0; date=1991-03-28; point=2043/15,MIGRER_AVEC_FLAG,Conversion d’unité à appliquer lors du chargement contrôlé.
staging,raw_mesures_qualite_rivieres,parametre_qualite,val_qual_riv,TA,ta,Titre_Alcalimetrique,TA,MAPPED,0.95,°F,meq/L,meq/L,UNIT_CONVERTED,value / 5,numeric_decimal_comma + limites_detection + quarantine_non_convertible,INFERIEUR | SUPERIEUR | DECIMAL_COMMA | SCIENTIFIC_NOTATION | NON_NUMERIC_QUARANTINE | UNIT_CONFLICT | UNIT_CONVERTED,MESURE,1100,0,valeur=0; date=1994-05-24; point=1236/14 || valeur=3; date=1994-05-25; point=1540/15 || valeur=2.5; date=1994-05-25; point=1541/15,MIGRER_AVEC_FLAG,Conversion d’unité à appliquer lors du chargement contrôlé.
staging,raw_types_mesures,parametre_qualite,,TA,ta,Titre_Alcalimetrique,TA,MAPPED,0.95,°F,meq/L,meq/L,UNIT_CONVERTED,value / 5,numeric_decimal_comma + limites_detection + quarantine_non_convertible,INFERIEUR | SUPERIEUR | DECIMAL_COMMA | SCIENTIFIC_NOTATION | NON_NUMERIC_QUARANTINE | UNIT_CONFLICT | UNIT_CONVERTED | REFERENCE_ONLY,REFERENCE,1,0,colonne_valeur_absente,QUARANTAINE,Ligne de référentiel/source sans colonne valeur ; hors lot de migration des mesures.
staging,raw_idp_2024_mesures_qualite_marche_cadre,parametre_qualite,val_qual,TA/Tas_°F,ta_tas_degf,Titre_Alcalimetrique,TA,MAPPED,0.95,à confirmer,meq/L,meq/L,UNIT_CONVERTED,value / 5,numeric_decimal_comma + limites_detection + quarantine_non_convertible,INFERIEUR | SUPERIEUR | DECIMAL_COMMA | SCIENTIFIC_NOTATION | NON_NUMERIC_QUARANTINE | UNIT_MISSING | UNIT_CONVERTED,MESURE,89,0,valeur=0; date=2025-10-06; point=FORAGE ABD NBI BOUTABEQ || valeur=0; date=2025-10-06; point=PUITS DAR BEL GHAZI || valeur=0; date=2025-10-06; point=PUITS KBIR BOUTARTA,MIGRER_AVEC_FLAG,Conversion d’unité à appliquer lors du chargement contrôlé.
staging,raw_idp_2024_mesures_qualite_marche_cadre,parametre_qualite,val_qual,TA/Tas_meq/l,ta_tas_meq_l,Titre_Alcalimetrique,TA,MAPPED,0.95,à confirmer,meq/L,meq/L,UNIT_ASSUMED,aucune,numeric_decimal_comma + limites_detection + quarantine_non_convertible,INFERIEUR | SUPERIEUR | DECIMAL_COMMA | SCIENTIFIC_NOTATION | NON_NUMERIC_QUARANTINE | UNIT_MISSING | UNIT_ASSUMED,MESURE,89,0,valeur=0; date=2025-10-06; point=FORAGE ABD NBI BOUTABEQ || valeur=0; date=2025-10-06; point=PUITS DAR BEL GHAZI || valeur=0; date=2025-10-06; point=PUITS KBIR BOUTARTA,MIGRER_AVEC_FLAG,Unité standard métier appliquée par défaut en l’absence d’unité source fiable.
staging,raw_idp_2024_mesures_qualite_globale,parametre_qualite,val_qual,TA_°F,ta_degf,Titre_Alcalimetrique,TA,MAPPED,0.95,à confirmer,meq/L,meq/L,UNIT_CONVERTED,value / 5,numeric_decimal_comma + limites_detection + quarantine_non_convertible,INFERIEUR | SUPERIEUR | DECIMAL_COMMA | SCIENTIFIC_NOTATION | NON_NUMERIC_QUARANTINE | UNIT_MISSING | UNIT_CONVERTED,MESURE,32,0,valeur=0; date=2024-09-18; point=BMR_DOM_PE1 (Forage CHELIK Arbi) || valeur=0; date=2024-09-18; point=SAT_DEC_PE1 (Puits youness CHOUA) || valeur=0; date=2024-09-19; point=SHZ_DOM2_PE1 (Source Skhinate (Nakhla),MIGRER_AVEC_FLAG,Conversion d’unité à appliquer lors du chargement contrôlé.
staging,raw_idp_2024_mesures_qualite_globale,parametre_qualite,val_qual,TA_meq/l,ta_meq_l,Titre_Alcalimetrique,TA,MAPPED,0.95,à confirmer,meq/L,meq/L,UNIT_ASSUMED,aucune,numeric_decimal_comma + limites_detection + quarantine_non_convertible,INFERIEUR | SUPERIEUR | DECIMAL_COMMA | SCIENTIFIC_NOTATION | NON_NUMERIC_QUARANTINE | UNIT_MISSING | UNIT_ASSUMED,MESURE,32,0,valeur=0; date=2024-09-18; point=BMR_DOM_PE1 (Forage CHELIK Arbi) || valeur=0; date=2024-09-18; point=SAT_DEC_PE1 (Puits youness CHOUA) || valeur=0; date=2024-09-19; point=SHZ_DOM2_PE1 (Source Skhinate (Nakhla),MIGRER_AVEC_FLAG,Unité standard métier appliquée par défaut en l’absence d’unité source fiable.
staging,raw_mesures_qualite_barrages,parametre_qualite,val_qual_barr,TAC,tac,Titre_Alcalimetrique_Complet,TAC,MAPPED,0.95,mg/L CaCO₃,mg/L CaCO₃,meq/L,UNIT_OK,aucune,numeric_decimal_comma + limites_detection + quarantine_non_convertible,INFERIEUR | SUPERIEUR | DECIMAL_COMMA | SCIENTIFIC_NOTATION | NON_NUMERIC_QUARANTINE | UNIT_CONFLICT,MESURE,71,0,valeur=15; date=1994-05-30; point=3546/8 || valeur=23; date=1994-07-22; point=788/21 || valeur=72; date=1994-07-25; point=3323/8,MIGRER,
staging,raw_mesures_qualite_nappes,parametre_qualite,val_qual_nap,TAC,tac,Titre_Alcalimetrique_Complet,TAC,MAPPED,0.95,mg/L CaCO₃,mg/L CaCO₃,meq/L,UNIT_OK,aucune,numeric_decimal_comma + limites_detection + quarantine_non_convertible,INFERIEUR | SUPERIEUR | DECIMAL_COMMA | SCIENTIFIC_NOTATION | NON_NUMERIC_QUARANTINE | UNIT_CONFLICT,MESURE,2027,0,valeur=259; date=1990-09-21; point=2881/15 || valeur=21.7; date=1991-03-27; point=2881/15 || valeur=23.5; date=1991-03-28; point=2043/15,MIGRER,
staging,raw_mesures_qualite_rivieres,parametre_qualite,val_qual_riv,TAC,tac,Titre_Alcalimetrique_Complet,TAC,MAPPED,0.95,mg/L CaCO₃,mg/L CaCO₃,meq/L,UNIT_OK,aucune,numeric_decimal_comma + limites_detection + quarantine_non_convertible,INFERIEUR | SUPERIEUR | DECIMAL_COMMA | SCIENTIFIC_NOTATION | NON_NUMERIC_QUARANTINE | UNIT_CONFLICT,MESURE,1103,0,valeur=26.5; date=1994-05-24; point=1236/14 || valeur=19.75; date=1994-05-25; point=1540/15 || valeur=22.5; date=1994-05-25; point=1541/15,MIGRER,
staging,raw_types_mesures,parametre_qualite,,TAC,tac,Titre_Alcalimetrique_Complet,TAC,MAPPED,0.95,mg/L CaCO₃,mg/L CaCO₃,meq/L,UNIT_OK,aucune,numeric_decimal_comma + limites_detection + quarantine_non_convertible,INFERIEUR | SUPERIEUR | DECIMAL_COMMA | SCIENTIFIC_NOTATION | NON_NUMERIC_QUARANTINE | UNIT_CONFLICT | REFERENCE_ONLY,REFERENCE,1,0,colonne_valeur_absente,QUARANTAINE,Ligne de référentiel/source sans colonne valeur ; hors lot de migration des mesures.
staging,raw_idp_2024_mesures_qualite_globale,parametre_qualite,val_qual,Ba,ba,Ba,BA,MAPPED,0.95,à confirmer,mg/L,mg/L,UNIT_ASSUMED,aucune,numeric_decimal_comma + limites_detection + quarantine_non_convertible,INFERIEUR | SUPERIEUR | DECIMAL_COMMA | SCIENTIFIC_NOTATION | NON_NUMERIC_QUARANTINE | UNIT_MISSING | NON_NUMERIC_PRESENT | UNIT_ASSUMED,MESURE,46,1,"valeur=0,0781; date=2024-09-13; point=S8 (Aval Ferme Agricole sidi kamel) || valeur=0,0167; date=2024-09-18; point=S29 (Aval_Conf_Rejet_Douar Ouled Jrir || valeur=0,0213; date=2024-09-18; point=S30 (Aval_Conf_Rejet_SHZ (Sidi Harazem)",MIGRER_AVEC_FLAG,Unité standard métier appliquée par défaut en l’absence d’unité source fiable.
staging,raw_idp_2024_mesures_qualite_marche_cadre,parametre_qualite,val_qual,DBO5,dbo5,DBO5,DBO5,MAPPED,0.95,mg O2/L,mg O2/L,mg/L,UNIT_OK,aucune,numeric_decimal_comma + condition_mesure_dec2h + limites_detection + quarantine_non_convertible,INFERIEUR | SUPERIEUR | DECIMAL_COMMA | SCIENTIFIC_NOTATION | NON_NUMERIC_QUARANTINE | UNIT_CONFLICT | NON_NUMERIC_PRESENT,MESURE,39,1,"valeur=60,8; date=2025-10-07; point=AVAL STEP SIDI SLIMANE || valeur=1,85; date=2025-10-08; point=AMONT STEP MECHRAA BEL KSIRI || valeur=1,53; date=2025-10-08; point=AVAL STEP MECHRAA BEL KSIRI",MIGRER_AVEC_FLAG,
staging,raw_idp_2024_mesures_qualite_globale,parametre_qualite,val_qual,TAC_°F,tac_degf,Titre_Alcalimetrique_Complet,TAC,MAPPED,0.95,à confirmer,meq/L,meq/L,UNIT_CONVERTED,value / 5,numeric_decimal_comma + limites_detection + quarantine_non_convertible,INFERIEUR | SUPERIEUR | DECIMAL_COMMA | SCIENTIFIC_NOTATION | NON_NUMERIC_QUARANTINE | UNIT_MISSING | UNIT_CONVERTED,MESURE,32,0,"valeur=24,3; date=2024-09-18; point=BMR_DOM_PE1 (Forage CHELIK Arbi) || valeur=48,5; date=2024-09-18; point=SAT_DEC_PE1 (Puits youness CHOUA) || valeur=30; date=2024-09-19; point=SHZ_DOM2_PE1 (Source Skhinate (Nakhla)",MIGRER_AVEC_FLAG,Conversion d’unité à appliquer lors du chargement contrôlé.
staging,raw_idp_2024_mesures_qualite_globale,parametre_qualite,val_qual,TAC_meq/l,tac_meq_l,Titre_Alcalimetrique_Complet,TAC,MAPPED,0.95,à confirmer,meq/L,meq/L,UNIT_ASSUMED,aucune,numeric_decimal_comma + limites_detection + quarantine_non_convertible,INFERIEUR | SUPERIEUR | DECIMAL_COMMA | SCIENTIFIC_NOTATION | NON_NUMERIC_QUARANTINE | UNIT_MISSING | UNIT_ASSUMED,MESURE,32,0,"valeur=4,9; date=2024-09-18; point=BMR_DOM_PE1 (Forage CHELIK Arbi) || valeur=9,7; date=2024-09-18; point=SAT_DEC_PE1 (Puits youness CHOUA) || valeur=6; date=2024-09-19; point=SHZ_DOM2_PE1 (Source Skhinate (Nakhla)",MIGRER_AVEC_FLAG,Unité standard métier appliquée par défaut en l’absence d’unité source fiable.
staging,raw_mesures_qualite_nappes,parametre_qualite,val_qual_nap,Temperature_Ambiante,temperature_ambiante,T_air,T_AIR,MAPPED,0.95,à confirmer,°C,°C,UNIT_ASSUMED,aucune,numeric_decimal_comma + timestep + quarantine_non_convertible,INFERIEUR | SUPERIEUR | DECIMAL_COMMA | SCIENTIFIC_NOTATION | NON_NUMERIC_QUARANTINE | FLAG_GAP_TIME_SERIES | FLAG_TIMESTEP_IRREGULAR | FLAG_DUPLICATE_TIMESTEP | UNIT_MISSING | TYPE_VALEUR_OBSERVEE | UNIT_ASSUMED,MESURE,1,0,valeur=24; date=1991-03-27; point=2881/15,MIGRER_AVEC_FLAG,Unité standard métier appliquée par défaut en l’absence d’unité source fiable.
staging,raw_idp_2024_mesures_qualite_globale,parametre_qualite,val_qual,TH,th,Titre_Hydrotimetrique,TH,MAPPED,0.95,°F,meq/L,meq/L,UNIT_CONVERTED,value / 5,numeric_decimal_comma + limites_detection + quarantine_non_convertible,INFERIEUR | SUPERIEUR | DECIMAL_COMMA | SCIENTIFIC_NOTATION | NON_NUMERIC_QUARANTINE | UNIT_CONFLICT | UNIT_CONVERTED,MESURE,189,0,"valeur=330,9980656; date=2024-09-13; point=S1 (Aval_conf_Rejet_MOG (Mograne) || valeur=21,28095661; date=2024-09-13; point=S2 (Barrage de garde) || valeur=33,50342525; date=2024-09-13; point=REJET R2 EM  (R2: SHZ-DOM2-R2)",MIGRER_AVEC_FLAG,Conversion d’unité à appliquer lors du chargement contrôlé.
staging,raw_idp_2024_mesures_qualite_marche_cadre,parametre_qualite,val_qual,TH,th,Titre_Hydrotimetrique,TH,MAPPED,0.95,°F,meq/L,meq/L,UNIT_CONVERTED,value / 5,numeric_decimal_comma + limites_detection + quarantine_non_convertible,INFERIEUR | SUPERIEUR | DECIMAL_COMMA | SCIENTIFIC_NOTATION | NON_NUMERIC_QUARANTINE | UNIT_CONFLICT | UNIT_CONVERTED,MESURE,89,0,"valeur=36,5; date=2025-10-06; point=FORAGE ABD NBI BOUTABEQ || valeur=30; date=2025-10-06; point=PUITS DAR BEL GHAZI || valeur=31,5; date=2025-10-06; point=PUITS KBIR BOUTARTA",MIGRER_AVEC_FLAG,Conversion d’unité à appliquer lors du chargement contrôlé.
staging,raw_mesures_qualite_barrages,parametre_qualite,val_qual_barr,TH,th,Titre_Hydrotimetrique,TH,MAPPED,0.95,°F,meq/L,meq/L,UNIT_CONVERTED,value / 5,numeric_decimal_comma + limites_detection + quarantine_non_convertible,INFERIEUR | SUPERIEUR | DECIMAL_COMMA | SCIENTIFIC_NOTATION | NON_NUMERIC_QUARANTINE | UNIT_CONFLICT | UNIT_CONVERTED,MESURE,50,0,valeur=28.4; date=1993-04-15; point=788/21 || valeur=36.8; date=1994-07-22; point=788/21 || valeur=100.84; date=1994-07-25; point=3323/8,MIGRER_AVEC_FLAG,Conversion d’unité à appliquer lors du chargement contrôlé.
staging,raw_mesures_qualite_nappes,parametre_qualite,val_qual_nap,TH,th,Titre_Hydrotimetrique,TH,MAPPED,0.95,°F,meq/L,meq/L,UNIT_CONVERTED,value / 5,numeric_decimal_comma + limites_detection + quarantine_non_convertible,INFERIEUR | SUPERIEUR | DECIMAL_COMMA | SCIENTIFIC_NOTATION | NON_NUMERIC_QUARANTINE | UNIT_CONFLICT | UNIT_CONVERTED,MESURE,1608,0,valeur=352; date=1991-03-27; point=2881/15 || valeur=136; date=1991-03-28; point=2043/15 || valeur=104; date=1992-03-25; point=1161/15,MIGRER_AVEC_FLAG,Conversion d’unité à appliquer lors du chargement contrôlé.
staging,raw_mesures_qualite_rivieres,parametre_qualite,val_qual_riv,TH,th,Titre_Hydrotimetrique,TH,MAPPED,0.95,°F,meq/L,meq/L,UNIT_CONVERTED,value / 5,numeric_decimal_comma + limites_detection + quarantine_non_convertible,INFERIEUR | SUPERIEUR | DECIMAL_COMMA | SCIENTIFIC_NOTATION | NON_NUMERIC_QUARANTINE | UNIT_CONFLICT | UNIT_CONVERTED,MESURE,806,0,valeur=140; date=1992-03-16; point=607/9 || valeur=37.6; date=1993-03-09; point=756/16 || valeur=38; date=1993-03-10; point=2819/15,MIGRER_AVEC_FLAG,Conversion d’unité à appliquer lors du chargement contrôlé.
staging,raw_types_mesures,parametre_qualite,,TH,th,Titre_Hydrotimetrique,TH,MAPPED,0.95,°F,meq/L,meq/L,UNIT_CONVERTED,value / 5,numeric_decimal_comma + limites_detection + quarantine_non_convertible,INFERIEUR | SUPERIEUR | DECIMAL_COMMA | SCIENTIFIC_NOTATION | NON_NUMERIC_QUARANTINE | UNIT_CONFLICT | UNIT_CONVERTED | REFERENCE_ONLY,REFERENCE,1,0,colonne_valeur_absente,QUARANTAINE,Ligne de référentiel/source sans colonne valeur ; hors lot de migration des mesures.
staging,raw_idp_2024_mesures_qualite_globale,parametre_qualite,val_qual,Fe2+,fe2plus,Fe,FE,MAPPED,0.95,à confirmer,mg/L,mg/L,UNIT_ASSUMED,aucune,numeric_decimal_comma + forme_chimique_obligatoire + limites_detection + quarantine_si_forme_absente,INFERIEUR | SUPERIEUR | DECIMAL_COMMA | SCIENTIFIC_NOTATION | NON_NUMERIC_QUARANTINE | FORME_CHIMIQUE_GEREE_D3_1 | UNIT_MISSING | NON_NUMERIC_PRESENT | FORME_CHIMIQUE_FE2_DEDUITE | UNIT_ASSUMED | ATTR_FORME_CHIMIQUE_DEDUITE,MESURE,6,1,"valeur=<0,010; date=2024-09-21; point=S14 (Aval_Conf_Rejet_HFT (Al Haouafate) || valeur=0,0171; date=2024-09-21; point=S28 (Aval_Conf_Rejet_ORG (Ouartzagh) || valeur=0,131; date=2024-09-22; point=S15 (Aval_Conf_Sebou_ Ouagha (Dour El Kbara)",MIGRER_AVEC_FLAG,Unité standard métier appliquée par défaut en l’absence d’unité source fiable.
staging,raw_mesures_niv_eau_barrages,,transfert_mm3,transfert_mm3,transfert_mm3,Transfert,TRANSFERT,MAPPED,0.95,Mm3,Mm3,Mm³,UNIT_OK,aucune,numeric_decimal_comma + null_non_migre_si_applicable + flags_series_temporelles + quarantine_non_convertible,INFERIEUR | SUPERIEUR | DECIMAL_COMMA | SCIENTIFIC_NOTATION | NON_NUMERIC_QUARANTINE | UNIT_OK,MESURE,85166,0,valeur=1.16; date=2003-09-01; point=2847/15 || valeur=0.76; date=2003-09-02; point=2847/15 || valeur=0.86; date=2003-09-03; point=2847/15,MIGRER,
staging,raw_idp_2024_src_pollution_globale,parametre,turbidite,turbidite,turbidite,Turbidite,TURBIDITE,MAPPED,0.95,à confirmer,NTU,NTU,UNIT_ASSUMED,aucune,numeric_decimal_comma + quarantine_non_convertible,INFERIEUR | SUPERIEUR | DECIMAL_COMMA | SCIENTIFIC_NOTATION | NON_NUMERIC_QUARANTINE | UNIT_MISSING | UNIT_ASSUMED,MESURE,243,0,aucun exemple non nul,MIGRER_AVEC_FLAG,Unité standard métier appliquée par défaut en l’absence d’unité source fiable.
staging,raw_idp_2024_src_pollution_marche_cadre,parametre,turbidite,turbidite,turbidite,Turbidite,TURBIDITE,MAPPED,0.95,à confirmer,NTU,NTU,UNIT_ASSUMED,aucune,numeric_decimal_comma + quarantine_non_convertible,INFERIEUR | SUPERIEUR | DECIMAL_COMMA | SCIENTIFIC_NOTATION | NON_NUMERIC_QUARANTINE | UNIT_MISSING | UNIT_ASSUMED,MESURE,148,0,aucun exemple non nul,MIGRER_AVEC_FLAG,Unité standard métier appliquée par défaut en l’absence d’unité source fiable.
staging,raw_mesures_qualite_barrages,parametre_qualite,val_qual_barr,Turbidite,turbidite,Turbidite,TURBIDITE,MAPPED,0.95,NTU,NTU,NTU,UNIT_OK,aucune,numeric_decimal_comma + quarantine_non_convertible,INFERIEUR | SUPERIEUR | DECIMAL_COMMA | SCIENTIFIC_NOTATION | NON_NUMERIC_QUARANTINE | UNIT_OK,MESURE,143,0,valeur=255; date=1990-08-17; point=788/21 || valeur=16800; date=1991-09-27; point=788/21 || valeur=31; date=1991-10-24; point=3264/15,MIGRER,
staging,raw_mesures_qualite_nappes,parametre_qualite,val_qual_nap,Turbidite,turbidite,Turbidite,TURBIDITE,MAPPED,0.95,NTU,NTU,NTU,UNIT_OK,aucune,numeric_decimal_comma + quarantine_non_convertible,INFERIEUR | SUPERIEUR | DECIMAL_COMMA | SCIENTIFIC_NOTATION | NON_NUMERIC_QUARANTINE | UNIT_OK,MESURE,31,0,valeur=5; date=1990-09-20; point=1182/14 || valeur=79; date=1990-09-21; point=2881/15 || valeur=3.5; date=1991-03-22; point=1161/15,MIGRER,
staging,raw_mesures_qualite_rivieres,parametre_qualite,val_qual_riv,Turbidite,turbidite,Turbidite,TURBIDITE,MAPPED,0.95,NTU,NTU,NTU,UNIT_OK,aucune,numeric_decimal_comma + quarantine_non_convertible,INFERIEUR | SUPERIEUR | DECIMAL_COMMA | SCIENTIFIC_NOTATION | NON_NUMERIC_QUARANTINE | UNIT_OK,MESURE,1822,0,valeur=7500; date=1988-10-06; point=1540/15 || valeur=320; date=1989-03-23; point=1540/15 || valeur=450; date=1989-04-02; point=3396/15,MIGRER,
staging,raw_types_mesures,parametre_qualite,,Turbidite,turbidite,Turbidite,TURBIDITE,MAPPED,0.95,NTU,NTU,NTU,UNIT_OK,aucune,numeric_decimal_comma + quarantine_non_convertible,INFERIEUR | SUPERIEUR | DECIMAL_COMMA | SCIENTIFIC_NOTATION | NON_NUMERIC_QUARANTINE | UNIT_OK | REFERENCE_ONLY,REFERENCE,1,0,colonne_valeur_absente,QUARANTAINE,Ligne de référentiel/source sans colonne valeur ; hors lot de migration des mesures.
staging,raw_suivi_qualite_sebou_jr,parametre_qualite,val_qual_sebou_jr,Turbidité,turbidite,Turbidite,TURBIDITE,MAPPED,0.95,à confirmer,NTU,NTU,UNIT_ASSUMED,aucune,numeric_decimal_comma + quarantine_non_convertible,INFERIEUR | SUPERIEUR | DECIMAL_COMMA | SCIENTIFIC_NOTATION | NON_NUMERIC_QUARANTINE | UNIT_MISSING | UNIT_ASSUMED,MESURE,4572,0,valeur=NaN; date=2023-12-07; point=2263/15 || valeur=NaN; date=2023-12-08; point=2263/15 || valeur=NaN; date=2023-12-09; point=2263/15,MIGRER_AVEC_FLAG,Unité standard métier appliquée par défaut en l’absence d’unité source fiable.
staging,raw_idp_2024_mesures_qualite_globale,parametre_qualite,val_qual,NTK,ntk,NTK,NTK,MAPPED,0.95,à confirmer,mg/L,mg/L,UNIT_ASSUMED,aucune,numeric_decimal_comma + limites_detection + quarantine_non_convertible,INFERIEUR | SUPERIEUR | DECIMAL_COMMA | SCIENTIFIC_NOTATION | NON_NUMERIC_QUARANTINE | UNIT_MISSING | NON_NUMERIC_PRESENT | UNIT_ASSUMED,MESURE,163,1,"valeur=1,58; date=2024-09-13; point=S1 (Aval_conf_Rejet_MOG (Mograne) || valeur=0,583; date=2024-09-13; point=S2 (Barrage de garde) || valeur=0,631; date=2024-09-13; point=S3 (Station Pompage Ferme (Amont Bge de garde)",MIGRER_AVEC_FLAG,Unité standard métier appliquée par défaut en l’absence d’unité source fiable.
staging,raw_mesures_evaporation_jr,,val_evaporation,val_evaporation,val_evaporation,Evaporation,EVAPORATION,MAPPED,0.95,à confirmer,mm,mm,UNIT_ASSUMED,aucune,numeric_decimal_comma + null_non_migre + flags_series_temporelles + quarantine_non_convertible,INFERIEUR | SUPERIEUR | DECIMAL_COMMA | SCIENTIFIC_NOTATION | NON_NUMERIC_QUARANTINE | FLAG_GAP_TIME_SERIES | FLAG_TIMESTEP_IRREGULAR | FLAG_DUPLICATE_TIMESTEP | UNIT_MISSING | TIME_STEP_JOUR | NULL_REJECTED | UNIT_ASSUMED,MESURE,48900,0,valeur=1.73; date=2016-04-27; point=3817/600 || valeur=4.78; date=2016-04-28; point=3817/600 || valeur=4.61; date=2016-04-29; point=3817/600,MIGRER_AVEC_FLAG,Unité standard métier appliquée par défaut en l’absence d’unité source fiable.
staging,raw_mesures_precipitations_jr_traitees,,val_observees,val_observees,val_observees,Val_obs,VAL_OBS,MAPPED,0.95,à confirmer,— (variable),— (variable),UNIT_ASSUMED,aucune,numeric_decimal_comma + null_non_migre + type_valeur + flags_series_temporelles + quarantine_non_convertible,INFERIEUR | SUPERIEUR | DECIMAL_COMMA | SCIENTIFIC_NOTATION | NON_NUMERIC_QUARANTINE | FLAG_GAP_TIME_SERIES | FLAG_TIMESTEP_IRREGULAR | FLAG_DUPLICATE_TIMESTEP | UNIT_MISSING | TIME_STEP_JOUR | TYPE_VALEUR_OBSERVEE | UNIT_ASSUMED,MESURE,546007,0,valeur=0; date=2022-12-24; point=1826/9 || valeur=0; date=2022-12-25; point=1826/9 || valeur=0; date=2022-12-26; point=1826/9,MIGRER_AVEC_FLAG,Unité standard métier appliquée par défaut en l’absence d’unité source fiable.
staging,raw_mesures_precipitations_jr_traitees,,val_power_nasa,val_power_nasa,val_power_nasa,Val_power,VAL_POWER,MAPPED,0.95,à confirmer,— (variable),— (variable),UNIT_ASSUMED,aucune,numeric_decimal_comma + null_non_migre + type_valeur + flags_series_temporelles + quarantine_non_convertible,INFERIEUR | SUPERIEUR | DECIMAL_COMMA | SCIENTIFIC_NOTATION | NON_NUMERIC_QUARANTINE | FLAG_GAP_TIME_SERIES | FLAG_TIMESTEP_IRREGULAR | FLAG_DUPLICATE_TIMESTEP | UNIT_MISSING | SOURCE_DONNEE_NASA_POWER | UNIT_ASSUMED,MESURE,546007,0,valeur=0; date=2022-12-24; point=1826/9 || valeur=0; date=2022-12-25; point=1826/9 || valeur=0.01; date=2022-12-26; point=1826/9,MIGRER_AVEC_FLAG,Unité standard métier appliquée par défaut en l’absence d’unité source fiable.
staging,raw_mesures_precipitations_jr_traitees,,val_remplies,val_remplies,val_remplies,Val_remplies,VAL_REMPLIES,MAPPED,0.95,à confirmer,— (variable),— (variable),UNIT_ASSUMED,aucune,numeric_decimal_comma + null_non_migre + type_valeur + flags_series_temporelles + quarantine_non_convertible,INFERIEUR | SUPERIEUR | DECIMAL_COMMA | SCIENTIFIC_NOTATION | NON_NUMERIC_QUARANTINE | FLAG_GAP_TIME_SERIES | FLAG_TIMESTEP_IRREGULAR | FLAG_DUPLICATE_TIMESTEP | UNIT_MISSING | TIME_STEP_JOUR | TYPE_VALEUR_OBSERVEE | UNIT_ASSUMED,MESURE,546007,0,valeur=0; date=2022-12-24; point=1826/9 || valeur=0; date=2022-12-25; point=1826/9 || valeur=0; date=2022-12-26; point=1826/9,MIGRER_AVEC_FLAG,Unité standard métier appliquée par défaut en l’absence d’unité source fiable.
staging,raw_suivi_qualite_brg_garde_hebdo,parametre_qualite,val_qual_brg_garde_hebdo,Vanadium(mg/l),vanadium_mg_l,V,V,MAPPED,0.95,mg/l,mg/L,mg/L,UNIT_OK,aucune,numeric_decimal_comma + limites_detection + quarantine_non_convertible,INFERIEUR | SUPERIEUR | DECIMAL_COMMA | SCIENTIFIC_NOTATION | NON_NUMERIC_QUARANTINE | UNIT_OK,MESURE,182,0,valeur=0.005; date=2024-11-20; point=n/a || valeur=0.005; date=2024-12-11; point=n/a || valeur=0.005; date=2025-01-08; point=n/a,MIGRER,
staging,raw_mesures_qualite_rivieres,parametre_qualite,val_qual_riv,Vibrion_Cholerique,vibrion_cholerique,Vibrio,VIBRIO,MAPPED,0.95,à confirmer,UFC/100 mL,UFC/100 mL,UNIT_ASSUMED,aucune,numeric_decimal_comma + limites_detection + quarantine_non_convertible,INFERIEUR | SUPERIEUR | DECIMAL_COMMA | SCIENTIFIC_NOTATION | NON_NUMERIC_QUARANTINE | UNIT_MISSING | UNIT_ASSUMED,MESURE,1,0,valeur=3400; date=2009-10-22; point=1540/15,MIGRER_AVEC_FLAG,Unité standard métier appliquée par défaut en l’absence d’unité source fiable.
staging,raw_step_abhs,,vol_eaux_us_trait_m3_an,vol_eaux_us_trait_m3_an,vol_eaux_us_trait_m3_an,Vol_trait,VOL_TRAIT,MAPPED,0.95,m3/an,m3/an,m³/an,UNIT_OK,aucune,numeric_decimal_comma + limites_detection + quarantine_non_convertible,INFERIEUR | SUPERIEUR | DECIMAL_COMMA | SCIENTIFIC_NOTATION | NON_NUMERIC_QUARANTINE | UNIT_OK,MESURE,41,0,valeur=315000; date=n/a; point=042811107 || valeur=101822; date=n/a; point=042810701 || valeur=3071; date=n/a; point=042810703,MIGRER,
staging,raw_points_eau_abhs,,vol_preleve_m3_an,vol_preleve_m3_an,vol_preleve_m3_an,Vol_preleve,VOL_PRELEVE,MAPPED,0.95,m3/an,m3/an,m³/an,UNIT_OK,aucune,numeric_decimal_comma + limites_detection + quarantine_non_convertible,INFERIEUR | SUPERIEUR | DECIMAL_COMMA | SCIENTIFIC_NOTATION | NON_NUMERIC_QUARANTINE | UNIT_OK,MESURE,46,0,valeur=6259; date=n/a; point=n/a || valeur=22036; date=n/a; point=n/a || valeur=165; date=n/a; point=042810301,MIGRER,
staging,raw_bathymetries_barrages_abhs,,volume_mm3,volume_mm3,volume_mm3,Volume,VOLUME,MAPPED,0.95,Mm3,Mm3,Mm³,UNIT_OK,aucune,numeric_decimal_comma + null_non_migre_si_applicable + flags_series_temporelles + quarantine_non_convertible,INFERIEUR | SUPERIEUR | DECIMAL_COMMA | SCIENTIFIC_NOTATION | NON_NUMERIC_QUARANTINE | UNIT_OK,MESURE,62359,0,valeur=0; date=n/a; point=1847/15 || valeur=0.01274; date=n/a; point=1847/15 || valeur=0.02548; date=n/a; point=1847/15,MIGRER,
staging,raw_mesures_niv_eau_barrages,,volume_mm3,volume_mm3,volume_mm3,Volume,VOLUME,MAPPED,0.95,Mm3,Mm3,Mm³,UNIT_OK,aucune,numeric_decimal_comma + null_non_migre_si_applicable + flags_series_temporelles + quarantine_non_convertible,INFERIEUR | SUPERIEUR | DECIMAL_COMMA | SCIENTIFIC_NOTATION | NON_NUMERIC_QUARANTINE | UNIT_OK,MESURE,85166,0,valeur=0; date=1996-12-01; point=1182/9 || valeur=0; date=1996-12-02; point=1182/9 || valeur=0; date=1996-12-03; point=1182/9,MIGRER,
staging,raw_barrages_abhs,,vrn_hm3,vrn_hm3,vrn_hm3,Volume,VOLUME,MAPPED,0.95,Hm3,Hm3,Mm³,UNIT_OK,aucune,numeric_decimal_comma + null_non_migre_si_applicable + flags_series_temporelles + quarantine_non_convertible,INFERIEUR | SUPERIEUR | DECIMAL_COMMA | SCIENTIFIC_NOTATION | NON_NUMERIC_QUARANTINE | UNIT_CONFLICT,MESURE,34,0,valeur=198; date=n/a; point=035310905 || valeur=1000; date=n/a; point=035310311 || valeur=594; date=n/a; point=034510301,MIGRER,
staging,raw_idp_2024_mesures_qualite_marche_cadre,parametre_qualite,val_qual,TAC/TACs_°F,tac_tacs_degf,Titre_Alcalimetrique_Complet,TAC,MAPPED,0.95,à confirmer,meq/L,meq/L,UNIT_CONVERTED,value / 5,numeric_decimal_comma + limites_detection + quarantine_non_convertible,INFERIEUR | SUPERIEUR | DECIMAL_COMMA | SCIENTIFIC_NOTATION | NON_NUMERIC_QUARANTINE | UNIT_MISSING | NON_NUMERIC_PRESENT | UNIT_CONVERTED,MESURE,89,1,"valeur=32,5; date=2025-10-06; point=FORAGE ABD NBI BOUTABEQ || valeur=21; date=2025-10-06; point=PUITS DAR BEL GHAZI || valeur=22,5; date=2025-10-06; point=PUITS KBIR BOUTARTA",MIGRER_AVEC_FLAG,Conversion d’unité à appliquer lors du chargement contrôlé.
staging,raw_suivi_qualite_brg_garde_hebdo,parametre_qualite,val_qual_brg_garde_hebdo,Zinc(mg/l),zinc_mg_l,Zn,ZN,MAPPED,0.95,mg/l,mg/L,mg/L,UNIT_OK,aucune,numeric_decimal_comma + limites_detection + quarantine_non_convertible,INFERIEUR | SUPERIEUR | DECIMAL_COMMA | SCIENTIFIC_NOTATION | NON_NUMERIC_QUARANTINE | UNIT_OK,MESURE,182,0,valeur=0.01; date=2024-11-20; point=n/a || valeur=0.01; date=2024-12-11; point=n/a || valeur=0.01; date=2025-01-08; point=n/a,MIGRER,
staging,raw_idp_2024_mesures_qualite_marche_cadre,parametre_qualite,val_qual,TAC/TACs_meq/l,tac_tacs_meq_l,Titre_Alcalimetrique_Complet,TAC,MAPPED,0.95,à confirmer,meq/L,meq/L,UNIT_ASSUMED,aucune,numeric_decimal_comma + limites_detection + quarantine_non_convertible,INFERIEUR | SUPERIEUR | DECIMAL_COMMA | SCIENTIFIC_NOTATION | NON_NUMERIC_QUARANTINE | UNIT_MISSING | NON_NUMERIC_PRESENT | UNIT_ASSUMED,MESURE,89,1,"valeur=6,5; date=2025-10-06; point=FORAGE ABD NBI BOUTABEQ || valeur=4,2; date=2025-10-06; point=PUITS DAR BEL GHAZI || valeur=4,5; date=2025-10-06; point=PUITS KBIR BOUTARTA",MIGRER_AVEC_FLAG,Unité standard métier appliquée par défaut en l’absence d’unité source fiable.
staging,raw_mesures_qualite_nappes,parametre_qualite,val_qual_nap,Zn,zn,Zn,ZN,MAPPED,0.95,à confirmer,mg/L,mg/L,UNIT_ASSUMED,aucune,numeric_decimal_comma + limites_detection + quarantine_non_convertible,INFERIEUR | SUPERIEUR | DECIMAL_COMMA | SCIENTIFIC_NOTATION | NON_NUMERIC_QUARANTINE | UNIT_MISSING | UNIT_ASSUMED,MESURE,5,0,valeur=0.1; date=1991-03-22; point=1161/15 || valeur=0.02; date=1991-03-26; point=160/15 || valeur=0.04; date=1991-03-27; point=2881/15,MIGRER_AVEC_FLAG,Unité standard métier appliquée par défaut en l’absence d’unité source fiable.
staging,raw_mesures_qualite_rivieres,parametre_qualite,val_qual_riv,Zn,zn,Zn,ZN,MAPPED,0.95,à confirmer,mg/L,mg/L,UNIT_ASSUMED,aucune,numeric_decimal_comma + limites_detection + quarantine_non_convertible,INFERIEUR | SUPERIEUR | DECIMAL_COMMA | SCIENTIFIC_NOTATION | NON_NUMERIC_QUARANTINE | UNIT_MISSING | UNIT_ASSUMED,MESURE,233,0,valeur=0.024; date=1990-01-31; point=2496/15 || valeur=0.005; date=1990-02-01; point=1359/8 || valeur=0.013; date=1990-02-05; point=3261/14,MIGRER_AVEC_FLAG,Unité standard métier appliquée par défaut en l’absence d’unité source fiable.
modeles,swat_wasp_source_a_confirmer,,,chla_out,chla_out,chla_out,MODEL_CHLA_OUT,MAPPED,0.70,à confirmer,à confirmer,à confirmer,UNIT_ASSUMED,aucune,modele_output_numeric + scenario + timestep + A_VALIDER_MODELE,MODEL_OUTPUT | A_VALIDER_MODELE | SOURCE_MODELE_A_CONFIRMER | UNIT_ASSUMED,MODELE,0,0,à confirmer dans les sources SWAT/WASP,A_VALIDER_MODELE,Unité standard métier appliquée par défaut en l’absence d’unité source fiable.
modeles,swat_wasp_source_a_confirmer,,,flow_in,flow_in,flow_in,MODEL_FLOW_IN,MAPPED,0.70,à confirmer,à confirmer,à confirmer,UNIT_ASSUMED,aucune,modele_output_numeric + scenario + timestep + A_VALIDER_MODELE,MODEL_OUTPUT | A_VALIDER_MODELE | SOURCE_MODELE_A_CONFIRMER | UNIT_ASSUMED,MODELE,0,0,à confirmer dans les sources SWAT/WASP,A_VALIDER_MODELE,Unité standard métier appliquée par défaut en l’absence d’unité source fiable.
modeles,swat_wasp_source_a_confirmer,,,flow_out,flow_out,flow_out,MODEL_FLOW_OUT,MAPPED,0.70,à confirmer,à confirmer,à confirmer,UNIT_ASSUMED,aucune,modele_output_numeric + scenario + timestep + A_VALIDER_MODELE,MODEL_OUTPUT | A_VALIDER_MODELE | SOURCE_MODELE_A_CONFIRMER | UNIT_ASSUMED,MODELE,0,0,à confirmer dans les sources SWAT/WASP,A_VALIDER_MODELE,Unité standard métier appliquée par défaut en l’absence d’unité source fiable.
modeles,swat_wasp_source_a_confirmer,,,Flow Out of Segment,flow_out_of_segment,Flow Out of Segment,MODEL_FLOW_OUT_OF_SEGMENT,MAPPED,0.70,à confirmer,à confirmer,à confirmer,UNIT_ASSUMED,aucune,modele_output_numeric + scenario + timestep + A_VALIDER_MODELE,MODEL_OUTPUT | A_VALIDER_MODELE | SOURCE_MODELE_A_CONFIRMER | UNIT_ASSUMED,MODELE,0,0,à confirmer dans les sources SWAT/WASP,A_VALIDER_MODELE,Unité standard métier appliquée par défaut en l’absence d’unité source fiable.
modeles,swat_wasp_source_a_confirmer,,,no3_out,no3_out,no3_out,MODEL_NO3_OUT,MAPPED,0.70,à confirmer,à confirmer,à confirmer,UNIT_ASSUMED,aucune,modele_output_numeric + scenario + timestep + A_VALIDER_MODELE,MODEL_OUTPUT | A_VALIDER_MODELE | SOURCE_MODELE_A_CONFIRMER | UNIT_ASSUMED,MODELE,0,0,à confirmer dans les sources SWAT/WASP,A_VALIDER_MODELE,Unité standard métier appliquée par défaut en l’absence d’unité source fiable.
modeles,swat_wasp_source_a_confirmer,,,orgn,orgn,orgn,MODEL_ORGN,MAPPED,0.70,à confirmer,à confirmer,à confirmer,UNIT_ASSUMED,aucune,modele_output_numeric + scenario + timestep + A_VALIDER_MODELE,MODEL_OUTPUT | A_VALIDER_MODELE | SOURCE_MODELE_A_CONFIRMER | UNIT_ASSUMED,MODELE,0,0,à confirmer dans les sources SWAT/WASP,A_VALIDER_MODELE,Unité standard métier appliquée par défaut en l’absence d’unité source fiable.
modeles,swat_wasp_source_a_confirmer,,,orgp_out,orgp_out,orgp_out,MODEL_ORGP_OUT,MAPPED,0.70,à confirmer,à confirmer,à confirmer,UNIT_ASSUMED,aucune,modele_output_numeric + scenario + timestep + A_VALIDER_MODELE,MODEL_OUTPUT | A_VALIDER_MODELE | SOURCE_MODELE_A_CONFIRMER | UNIT_ASSUMED,MODELE,0,0,à confirmer dans les sources SWAT/WASP,A_VALIDER_MODELE,Unité standard métier appliquée par défaut en l’absence d’unité source fiable.
modeles,swat_wasp_source_a_confirmer,,,sedp,sedp,sedp,MODEL_SEDP,MAPPED,0.70,à confirmer,à confirmer,à confirmer,UNIT_ASSUMED,aucune,modele_output_numeric + scenario + timestep + A_VALIDER_MODELE,MODEL_OUTPUT | A_VALIDER_MODELE | SOURCE_MODELE_A_CONFIRMER | UNIT_ASSUMED,MODELE,0,0,à confirmer dans les sources SWAT/WASP,A_VALIDER_MODELE,Unité standard métier appliquée par défaut en l’absence d’unité source fiable.
modeles,swat_wasp_source_a_confirmer,,,solp,solp,solp,MODEL_SOLP,MAPPED,0.70,à confirmer,à confirmer,à confirmer,UNIT_ASSUMED,aucune,modele_output_numeric + scenario + timestep + A_VALIDER_MODELE,MODEL_OUTPUT | A_VALIDER_MODELE | SOURCE_MODELE_A_CONFIRMER | UNIT_ASSUMED,MODELE,0,0,à confirmer dans les sources SWAT/WASP,A_VALIDER_MODELE,Unité standard métier appliquée par défaut en l’absence d’unité source fiable.
modeles,swat_wasp_source_a_confirmer,,,WATER_AGE,water_age,WATER_AGE,MODEL_WATER_AGE,MAPPED,0.70,à confirmer,à confirmer,à confirmer,UNIT_ASSUMED,aucune,modele_output_numeric + scenario + timestep + A_VALIDER_MODELE,MODEL_OUTPUT | A_VALIDER_MODELE | SOURCE_MODELE_A_CONFIRMER | UNIT_ASSUMED,MODELE,0,0,à confirmer dans les sources SWAT/WASP,A_VALIDER_MODELE,Unité standard métier appliquée par défaut en l’absence d’unité source fiable.
modeles,swat_wasp_source_a_confirmer,,,Water Temperature,water_temperature,Water Temperature,MODEL_WATER_TEMPERATURE,MAPPED,0.70,à confirmer,à confirmer,à confirmer,UNIT_ASSUMED,aucune,modele_output_numeric + scenario + timestep + A_VALIDER_MODELE,MODEL_OUTPUT | A_VALIDER_MODELE | SOURCE_MODELE_A_CONFIRMER | UNIT_ASSUMED,MODELE,0,0,à confirmer dans les sources SWAT/WASP,A_VALIDER_MODELE,Unité standard métier appliquée par défaut en l’absence d’unité source fiable.
