INFO:     Started server process [5112]
INFO:     Waiting for application startup.
2026-04-06 22:43:47,638 | INFO | app.db_raw | Initialisation pool PostgreSQL (min=1, max=10) via 127.0.0.1:5432/abh_sad
INFO:     Application startup complete.
INFO:     Uvicorn running on http://127.0.0.1:8001 (Press CTRL+C to quit)
ERROR:    Exception in ASGI application
  + Exception Group Traceback (most recent call last):
  |   File "C:\micromamba\envs\sad_backend\Lib\site-packages\starlette\_utils.py", line 77, in collapse_excgroups
  |     yield
  |   File "C:\micromamba\envs\sad_backend\Lib\site-packages\starlette\middleware\base.py", line 186, in __call__
  |     async with anyio.create_task_group() as task_group:
  |   File "C:\micromamba\envs\sad_backend\Lib\site-packages\anyio\_backends\_asyncio.py", line 781, in __aexit__
  |     raise BaseExceptionGroup(
  | ExceptionGroup: unhandled errors in a TaskGroup (1 sub-exception)
  +-+---------------- 1 ----------------
    | Traceback (most recent call last):
    |   File "C:\micromamba\envs\sad_backend\Lib\site-packages\uvicorn\protocols\http\httptools_impl.py", line 401, in run_asgi
    |     result = await app(  # type: ignore[func-returns-value]
    |              ^^^^^^^^^^^^^^^^^^^^^^^^^^^^^^^^^^^^^^^^^^^^^^
    |   File "C:\micromamba\envs\sad_backend\Lib\site-packages\uvicorn\middleware\proxy_headers.py", line 70, in __call__
    |     return await self.app(scope, receive, send)
    |            ^^^^^^^^^^^^^^^^^^^^^^^^^^^^^^^^^^^^
    |   File "C:\micromamba\envs\sad_backend\Lib\site-packages\fastapi\applications.py", line 1054, in __call__
    |     await super().__call__(scope, receive, send)
    |   File "C:\micromamba\envs\sad_backend\Lib\site-packages\starlette\applications.py", line 113, in __call__
    |     await self.middleware_stack(scope, receive, send)
    |   File "C:\micromamba\envs\sad_backend\Lib\site-packages\starlette\middleware\errors.py", line 187, in __call__
    |     raise exc
    |   File "C:\micromamba\envs\sad_backend\Lib\site-packages\starlette\middleware\errors.py", line 165, in __call__
    |     await self.app(scope, receive, _send)
    |   File "C:\micromamba\envs\sad_backend\Lib\site-packages\starlette\middleware\base.py", line 185, in __call__
    |     with collapse_excgroups():
    |   File "C:\micromamba\envs\sad_backend\Lib\contextlib.py", line 158, in __exit__
    |     self.gen.throw(typ, value, traceback)
    |   File "C:\micromamba\envs\sad_backend\Lib\site-packages\starlette\_utils.py", line 83, in collapse_excgroups
    |     raise exc
    |   File "C:\micromamba\envs\sad_backend\Lib\site-packages\starlette\middleware\base.py", line 187, in __call__
    |     response = await self.dispatch_func(request, call_next)
    |                ^^^^^^^^^^^^^^^^^^^^^^^^^^^^^^^^^^^^^^^^^^^^
    |   File "C:\dev\WQDSS\repo_git\backend\app\main.py", line 108, in activity_log_middleware
    |     response.background.add_task(finalize_log)
    |     ^^^^^^^^^^^^^^^^^^^^^^^^^^^^
    | AttributeError: 'NoneType' object has no attribute 'add_task'
    +------------------------------------

During handling of the above exception, another exception occurred:

Traceback (most recent call last):
  File "C:\micromamba\envs\sad_backend\Lib\site-packages\uvicorn\protocols\http\httptools_impl.py", line 401, in run_asgi
    result = await app(  # type: ignore[func-returns-value]
             ^^^^^^^^^^^^^^^^^^^^^^^^^^^^^^^^^^^^^^^^^^^^^^
  File "C:\micromamba\envs\sad_backend\Lib\site-packages\uvicorn\middleware\proxy_headers.py", line 70, in __call__
    return await self.app(scope, receive, send)
           ^^^^^^^^^^^^^^^^^^^^^^^^^^^^^^^^^^^^
  File "C:\micromamba\envs\sad_backend\Lib\site-packages\fastapi\applications.py", line 1054, in __call__
    await super().__call__(scope, receive, send)
  File "C:\micromamba\envs\sad_backend\Lib\site-packages\starlette\applications.py", line 113, in __call__
    await self.middleware_stack(scope, receive, send)
  File "C:\micromamba\envs\sad_backend\Lib\site-packages\starlette\middleware\errors.py", line 187, in __call__
    raise exc
  File "C:\micromamba\envs\sad_backend\Lib\site-packages\starlette\middleware\errors.py", line 165, in __call__
    await self.app(scope, receive, _send)
  File "C:\micromamba\envs\sad_backend\Lib\site-packages\starlette\middleware\base.py", line 185, in __call__
    with collapse_excgroups():
  File "C:\micromamba\envs\sad_backend\Lib\contextlib.py", line 158, in __exit__
    self.gen.throw(typ, value, traceback)
  File "C:\micromamba\envs\sad_backend\Lib\site-packages\starlette\_utils.py", line 83, in collapse_excgroups
    raise exc
  File "C:\micromamba\envs\sad_backend\Lib\site-packages\starlette\middleware\base.py", line 187, in __call__
    response = await self.dispatch_func(request, call_next)
               ^^^^^^^^^^^^^^^^^^^^^^^^^^^^^^^^^^^^^^^^^^^^
  File "C:\dev\WQDSS\repo_git\backend\app\main.py", line 108, in activity_log_middleware
    response.background.add_task(finalize_log)
    ^^^^^^^^^^^^^^^^^^^^^^^^^^^^
AttributeError: 'NoneType' object has no attribute 'add_task'
ERROR:    Exception in ASGI application
  + Exception Group Traceback (most recent call last):
  |   File "C:\micromamba\envs\sad_backend\Lib\site-packages\starlette\_utils.py", line 77, in collapse_excgroups
  |     yield
  |   File "C:\micromamba\envs\sad_backend\Lib\site-packages\starlette\middleware\base.py", line 186, in __call__
  |     async with anyio.create_task_group() as task_group:
  |   File "C:\micromamba\envs\sad_backend\Lib\site-packages\anyio\_backends\_asyncio.py", line 781, in __aexit__
  |     raise BaseExceptionGroup(
  | ExceptionGroup: unhandled errors in a TaskGroup (1 sub-exception)
  +-+---------------- 1 ----------------
    | Traceback (most recent call last):
    |   File "C:\micromamba\envs\sad_backend\Lib\site-packages\uvicorn\protocols\http\httptools_impl.py", line 401, in run_asgi
    |     result = await app(  # type: ignore[func-returns-value]
    |              ^^^^^^^^^^^^^^^^^^^^^^^^^^^^^^^^^^^^^^^^^^^^^^
    |   File "C:\micromamba\envs\sad_backend\Lib\site-packages\uvicorn\middleware\proxy_headers.py", line 70, in __call__
    |     return await self.app(scope, receive, send)
    |            ^^^^^^^^^^^^^^^^^^^^^^^^^^^^^^^^^^^^
    |   File "C:\micromamba\envs\sad_backend\Lib\site-packages\fastapi\applications.py", line 1054, in __call__
    |     await super().__call__(scope, receive, send)
    |   File "C:\micromamba\envs\sad_backend\Lib\site-packages\starlette\applications.py", line 113, in __call__
    |     await self.middleware_stack(scope, receive, send)
    |   File "C:\micromamba\envs\sad_backend\Lib\site-packages\starlette\middleware\errors.py", line 187, in __call__
    |     raise exc
    |   File "C:\micromamba\envs\sad_backend\Lib\site-packages\starlette\middleware\errors.py", line 165, in __call__
    |     await self.app(scope, receive, _send)
    |   File "C:\micromamba\envs\sad_backend\Lib\site-packages\starlette\middleware\base.py", line 185, in __call__
    |     with collapse_excgroups():
    |   File "C:\micromamba\envs\sad_backend\Lib\contextlib.py", line 158, in __exit__
    |     self.gen.throw(typ, value, traceback)
    |   File "C:\micromamba\envs\sad_backend\Lib\site-packages\starlette\_utils.py", line 83, in collapse_excgroups
    |     raise exc
    |   File "C:\micromamba\envs\sad_backend\Lib\site-packages\starlette\middleware\base.py", line 187, in __call__
    |     response = await self.dispatch_func(request, call_next)
    |                ^^^^^^^^^^^^^^^^^^^^^^^^^^^^^^^^^^^^^^^^^^^^
    |   File "C:\dev\WQDSS\repo_git\backend\app\main.py", line 108, in activity_log_middleware
    |     response.background.add_task(finalize_log)
    |     ^^^^^^^^^^^^^^^^^^^^^^^^^^^^
    | AttributeError: 'NoneType' object has no attribute 'add_task'
    +------------------------------------

During handling of the above exception, another exception occurred:

Traceback (most recent call last):
  File "C:\micromamba\envs\sad_backend\Lib\site-packages\uvicorn\protocols\http\httptools_impl.py", line 401, in run_asgi
    result = await app(  # type: ignore[func-returns-value]
             ^^^^^^^^^^^^^^^^^^^^^^^^^^^^^^^^^^^^^^^^^^^^^^
  File "C:\micromamba\envs\sad_backend\Lib\site-packages\uvicorn\middleware\proxy_headers.py", line 70, in __call__
    return await self.app(scope, receive, send)
           ^^^^^^^^^^^^^^^^^^^^^^^^^^^^^^^^^^^^
  File "C:\micromamba\envs\sad_backend\Lib\site-packages\fastapi\applications.py", line 1054, in __call__
    await super().__call__(scope, receive, send)
  File "C:\micromamba\envs\sad_backend\Lib\site-packages\starlette\applications.py", line 113, in __call__
    await self.middleware_stack(scope, receive, send)
  File "C:\micromamba\envs\sad_backend\Lib\site-packages\starlette\middleware\errors.py", line 187, in __call__
    raise exc
  File "C:\micromamba\envs\sad_backend\Lib\site-packages\starlette\middleware\errors.py", line 165, in __call__
    await self.app(scope, receive, _send)
  File "C:\micromamba\envs\sad_backend\Lib\site-packages\starlette\middleware\base.py", line 185, in __call__
    with collapse_excgroups():
  File "C:\micromamba\envs\sad_backend\Lib\contextlib.py", line 158, in __exit__
    self.gen.throw(typ, value, traceback)
  File "C:\micromamba\envs\sad_backend\Lib\site-packages\starlette\_utils.py", line 83, in collapse_excgroups
    raise exc
  File "C:\micromamba\envs\sad_backend\Lib\site-packages\starlette\middleware\base.py", line 187, in __call__
    response = await self.dispatch_func(request, call_next)
               ^^^^^^^^^^^^^^^^^^^^^^^^^^^^^^^^^^^^^^^^^^^^
  File "C:\dev\WQDSS\repo_git\backend\app\main.py", line 108, in activity_log_middleware
    response.background.add_task(finalize_log)
    ^^^^^^^^^^^^^^^^^^^^^^^^^^^^
AttributeError: 'NoneType' object has no attribute 'add_task'
ERROR:    Exception in ASGI application
  + Exception Group Traceback (most recent call last):
  |   File "C:\micromamba\envs\sad_backend\Lib\site-packages\starlette\_utils.py", line 77, in collapse_excgroups
  |     yield
  |   File "C:\micromamba\envs\sad_backend\Lib\site-packages\starlette\middleware\base.py", line 186, in __call__
  |     async with anyio.create_task_group() as task_group:
  |   File "C:\micromamba\envs\sad_backend\Lib\site-packages\anyio\_backends\_asyncio.py", line 781, in __aexit__
  |     raise BaseExceptionGroup(
  | ExceptionGroup: unhandled errors in a TaskGroup (1 sub-exception)
  +-+---------------- 1 ----------------
    | Traceback (most recent call last):
    |   File "C:\micromamba\envs\sad_backend\Lib\site-packages\uvicorn\protocols\http\httptools_impl.py", line 401, in run_asgi
    |     result = await app(  # type: ignore[func-returns-value]
    |              ^^^^^^^^^^^^^^^^^^^^^^^^^^^^^^^^^^^^^^^^^^^^^^
    |   File "C:\micromamba\envs\sad_backend\Lib\site-packages\uvicorn\middleware\proxy_headers.py", line 70, in __call__
    |     return await self.app(scope, receive, send)
    |            ^^^^^^^^^^^^^^^^^^^^^^^^^^^^^^^^^^^^
    |   File "C:\micromamba\envs\sad_backend\Lib\site-packages\fastapi\applications.py", line 1054, in __call__
    |     await super().__call__(scope, receive, send)
    |   File "C:\micromamba\envs\sad_backend\Lib\site-packages\starlette\applications.py", line 113, in __call__
    |     await self.middleware_stack(scope, receive, send)
    |   File "C:\micromamba\envs\sad_backend\Lib\site-packages\starlette\middleware\errors.py", line 187, in __call__
    |     raise exc
    |   File "C:\micromamba\envs\sad_backend\Lib\site-packages\starlette\middleware\errors.py", line 165, in __call__
    |     await self.app(scope, receive, _send)
    |   File "C:\micromamba\envs\sad_backend\Lib\site-packages\starlette\middleware\base.py", line 185, in __call__
    |     with collapse_excgroups():
    |   File "C:\micromamba\envs\sad_backend\Lib\contextlib.py", line 158, in __exit__
    |     self.gen.throw(typ, value, traceback)
    |   File "C:\micromamba\envs\sad_backend\Lib\site-packages\starlette\_utils.py", line 83, in collapse_excgroups
    |     raise exc
    |   File "C:\micromamba\envs\sad_backend\Lib\site-packages\starlette\middleware\base.py", line 187, in __call__
    |     response = await self.dispatch_func(request, call_next)
    |                ^^^^^^^^^^^^^^^^^^^^^^^^^^^^^^^^^^^^^^^^^^^^
    |   File "C:\dev\WQDSS\repo_git\backend\app\main.py", line 108, in activity_log_middleware
    |     response.background.add_task(finalize_log)
    |     ^^^^^^^^^^^^^^^^^^^^^^^^^^^^
    | AttributeError: 'NoneType' object has no attribute 'add_task'
    +------------------------------------

During handling of the above exception, another exception occurred:

Traceback (most recent call last):
  File "C:\micromamba\envs\sad_backend\Lib\site-packages\uvicorn\protocols\http\httptools_impl.py", line 401, in run_asgi
    result = await app(  # type: ignore[func-returns-value]
             ^^^^^^^^^^^^^^^^^^^^^^^^^^^^^^^^^^^^^^^^^^^^^^
  File "C:\micromamba\envs\sad_backend\Lib\site-packages\uvicorn\middleware\proxy_headers.py", line 70, in __call__
    return await self.app(scope, receive, send)
           ^^^^^^^^^^^^^^^^^^^^^^^^^^^^^^^^^^^^
  File "C:\micromamba\envs\sad_backend\Lib\site-packages\fastapi\applications.py", line 1054, in __call__
    await super().__call__(scope, receive, send)
  File "C:\micromamba\envs\sad_backend\Lib\site-packages\starlette\applications.py", line 113, in __call__
    await self.middleware_stack(scope, receive, send)
  File "C:\micromamba\envs\sad_backend\Lib\site-packages\starlette\middleware\errors.py", line 187, in __call__
    raise exc
  File "C:\micromamba\envs\sad_backend\Lib\site-packages\starlette\middleware\errors.py", line 165, in __call__
    await self.app(scope, receive, _send)
  File "C:\micromamba\envs\sad_backend\Lib\site-packages\starlette\middleware\base.py", line 185, in __call__
    with collapse_excgroups():
  File "C:\micromamba\envs\sad_backend\Lib\contextlib.py", line 158, in __exit__
    self.gen.throw(typ, value, traceback)
  File "C:\micromamba\envs\sad_backend\Lib\site-packages\starlette\_utils.py", line 83, in collapse_excgroups
    raise exc
  File "C:\micromamba\envs\sad_backend\Lib\site-packages\starlette\middleware\base.py", line 187, in __call__
    response = await self.dispatch_func(request, call_next)
               ^^^^^^^^^^^^^^^^^^^^^^^^^^^^^^^^^^^^^^^^^^^^
  File "C:\dev\WQDSS\repo_git\backend\app\main.py", line 108, in activity_log_middleware
    response.background.add_task(finalize_log)
    ^^^^^^^^^^^^^^^^^^^^^^^^^^^^
AttributeError: 'NoneType' object has no attribute 'add_task'
ERROR:    Exception in ASGI application
  + Exception Group Traceback (most recent call last):
  |   File "C:\micromamba\envs\sad_backend\Lib\site-packages\starlette\_utils.py", line 77, in collapse_excgroups
  |     yield
  |   File "C:\micromamba\envs\sad_backend\Lib\site-packages\starlette\middleware\base.py", line 186, in __call__
  |     async with anyio.create_task_group() as task_group:
  |   File "C:\micromamba\envs\sad_backend\Lib\site-packages\anyio\_backends\_asyncio.py", line 781, in __aexit__
  |     raise BaseExceptionGroup(
  | ExceptionGroup: unhandled errors in a TaskGroup (1 sub-exception)
  +-+---------------- 1 ----------------
    | Traceback (most recent call last):
    |   File "C:\micromamba\envs\sad_backend\Lib\site-packages\uvicorn\protocols\http\httptools_impl.py", line 401, in run_asgi
    |     result = await app(  # type: ignore[func-returns-value]
    |              ^^^^^^^^^^^^^^^^^^^^^^^^^^^^^^^^^^^^^^^^^^^^^^
    |   File "C:\micromamba\envs\sad_backend\Lib\site-packages\uvicorn\middleware\proxy_headers.py", line 70, in __call__
    |     return await self.app(scope, receive, send)
    |            ^^^^^^^^^^^^^^^^^^^^^^^^^^^^^^^^^^^^
    |   File "C:\micromamba\envs\sad_backend\Lib\site-packages\fastapi\applications.py", line 1054, in __call__
    |     await super().__call__(scope, receive, send)
    |   File "C:\micromamba\envs\sad_backend\Lib\site-packages\starlette\applications.py", line 113, in __call__
    |     await self.middleware_stack(scope, receive, send)
    |   File "C:\micromamba\envs\sad_backend\Lib\site-packages\starlette\middleware\errors.py", line 187, in __call__
    |     raise exc
    |   File "C:\micromamba\envs\sad_backend\Lib\site-packages\starlette\middleware\errors.py", line 165, in __call__
    |     await self.app(scope, receive, _send)
    |   File "C:\micromamba\envs\sad_backend\Lib\site-packages\starlette\middleware\base.py", line 185, in __call__
    |     with collapse_excgroups():
    |   File "C:\micromamba\envs\sad_backend\Lib\contextlib.py", line 158, in __exit__
    |     self.gen.throw(typ, value, traceback)
    |   File "C:\micromamba\envs\sad_backend\Lib\site-packages\starlette\_utils.py", line 83, in collapse_excgroups
    |     raise exc
    |   File "C:\micromamba\envs\sad_backend\Lib\site-packages\starlette\middleware\base.py", line 187, in __call__
    |     response = await self.dispatch_func(request, call_next)
    |                ^^^^^^^^^^^^^^^^^^^^^^^^^^^^^^^^^^^^^^^^^^^^
    |   File "C:\dev\WQDSS\repo_git\backend\app\main.py", line 108, in activity_log_middleware
    |     response.background.add_task(finalize_log)
    |     ^^^^^^^^^^^^^^^^^^^^^^^^^^^^
    | AttributeError: 'NoneType' object has no attribute 'add_task'
    +------------------------------------

During handling of the above exception, another exception occurred:

Traceback (most recent call last):
  File "C:\micromamba\envs\sad_backend\Lib\site-packages\uvicorn\protocols\http\httptools_impl.py", line 401, in run_asgi
    result = await app(  # type: ignore[func-returns-value]
             ^^^^^^^^^^^^^^^^^^^^^^^^^^^^^^^^^^^^^^^^^^^^^^
  File "C:\micromamba\envs\sad_backend\Lib\site-packages\uvicorn\middleware\proxy_headers.py", line 70, in __call__
    return await self.app(scope, receive, send)
           ^^^^^^^^^^^^^^^^^^^^^^^^^^^^^^^^^^^^
  File "C:\micromamba\envs\sad_backend\Lib\site-packages\fastapi\applications.py", line 1054, in __call__
    await super().__call__(scope, receive, send)
  File "C:\micromamba\envs\sad_backend\Lib\site-packages\starlette\applications.py", line 113, in __call__
    await self.middleware_stack(scope, receive, send)
  File "C:\micromamba\envs\sad_backend\Lib\site-packages\starlette\middleware\errors.py", line 187, in __call__
    raise exc
  File "C:\micromamba\envs\sad_backend\Lib\site-packages\starlette\middleware\errors.py", line 165, in __call__
    await self.app(scope, receive, _send)
  File "C:\micromamba\envs\sad_backend\Lib\site-packages\starlette\middleware\base.py", line 185, in __call__
    with collapse_excgroups():
  File "C:\micromamba\envs\sad_backend\Lib\contextlib.py", line 158, in __exit__
    self.gen.throw(typ, value, traceback)
  File "C:\micromamba\envs\sad_backend\Lib\site-packages\starlette\_utils.py", line 83, in collapse_excgroups
    raise exc
  File "C:\micromamba\envs\sad_backend\Lib\site-packages\starlette\middleware\base.py", line 187, in __call__
    response = await self.dispatch_func(request, call_next)
               ^^^^^^^^^^^^^^^^^^^^^^^^^^^^^^^^^^^^^^^^^^^^
  File "C:\dev\WQDSS\repo_git\backend\app\main.py", line 108, in activity_log_middleware
    response.background.add_task(finalize_log)
    ^^^^^^^^^^^^^^^^^^^^^^^^^^^^
AttributeError: 'NoneType' object has no attribute 'add_task'
ERROR:    Exception in ASGI application
  + Exception Group Traceback (most recent call last):
  |   File "C:\micromamba\envs\sad_backend\Lib\site-packages\starlette\_utils.py", line 77, in collapse_excgroups
  |     yield
  |   File "C:\micromamba\envs\sad_backend\Lib\site-packages\starlette\middleware\base.py", line 186, in __call__
  |     async with anyio.create_task_group() as task_group:
  |   File "C:\micromamba\envs\sad_backend\Lib\site-packages\anyio\_backends\_asyncio.py", line 781, in __aexit__
  |     raise BaseExceptionGroup(
  | ExceptionGroup: unhandled errors in a TaskGroup (1 sub-exception)
  +-+---------------- 1 ----------------
    | Traceback (most recent call last):
    |   File "C:\micromamba\envs\sad_backend\Lib\site-packages\uvicorn\protocols\http\httptools_impl.py", line 401, in run_asgi
    |     result = await app(  # type: ignore[func-returns-value]
    |              ^^^^^^^^^^^^^^^^^^^^^^^^^^^^^^^^^^^^^^^^^^^^^^
    |   File "C:\micromamba\envs\sad_backend\Lib\site-packages\uvicorn\middleware\proxy_headers.py", line 70, in __call__
    |     return await self.app(scope, receive, send)
    |            ^^^^^^^^^^^^^^^^^^^^^^^^^^^^^^^^^^^^
    |   File "C:\micromamba\envs\sad_backend\Lib\site-packages\fastapi\applications.py", line 1054, in __call__
    |     await super().__call__(scope, receive, send)
    |   File "C:\micromamba\envs\sad_backend\Lib\site-packages\starlette\applications.py", line 113, in __call__
    |     await self.middleware_stack(scope, receive, send)
    |   File "C:\micromamba\envs\sad_backend\Lib\site-packages\starlette\middleware\errors.py", line 187, in __call__
    |     raise exc
    |   File "C:\micromamba\envs\sad_backend\Lib\site-packages\starlette\middleware\errors.py", line 165, in __call__
    |     await self.app(scope, receive, _send)
    |   File "C:\micromamba\envs\sad_backend\Lib\site-packages\starlette\middleware\base.py", line 185, in __call__
    |     with collapse_excgroups():
    |   File "C:\micromamba\envs\sad_backend\Lib\contextlib.py", line 158, in __exit__
    |     self.gen.throw(typ, value, traceback)
    |   File "C:\micromamba\envs\sad_backend\Lib\site-packages\starlette\_utils.py", line 83, in collapse_excgroups
    |     raise exc
    |   File "C:\micromamba\envs\sad_backend\Lib\site-packages\starlette\middleware\base.py", line 187, in __call__
    |     response = await self.dispatch_func(request, call_next)
    |                ^^^^^^^^^^^^^^^^^^^^^^^^^^^^^^^^^^^^^^^^^^^^
    |   File "C:\dev\WQDSS\repo_git\backend\app\main.py", line 108, in activity_log_middleware
    |     response.background.add_task(finalize_log)
    |     ^^^^^^^^^^^^^^^^^^^^^^^^^^^^
    | AttributeError: 'NoneType' object has no attribute 'add_task'
    +------------------------------------

During handling of the above exception, another exception occurred:

Traceback (most recent call last):
  File "C:\micromamba\envs\sad_backend\Lib\site-packages\uvicorn\protocols\http\httptools_impl.py", line 401, in run_asgi
    result = await app(  # type: ignore[func-returns-value]
             ^^^^^^^^^^^^^^^^^^^^^^^^^^^^^^^^^^^^^^^^^^^^^^
  File "C:\micromamba\envs\sad_backend\Lib\site-packages\uvicorn\middleware\proxy_headers.py", line 70, in __call__
    return await self.app(scope, receive, send)
           ^^^^^^^^^^^^^^^^^^^^^^^^^^^^^^^^^^^^
  File "C:\micromamba\envs\sad_backend\Lib\site-packages\fastapi\applications.py", line 1054, in __call__
    await super().__call__(scope, receive, send)
  File "C:\micromamba\envs\sad_backend\Lib\site-packages\starlette\applications.py", line 113, in __call__
    await self.middleware_stack(scope, receive, send)
  File "C:\micromamba\envs\sad_backend\Lib\site-packages\starlette\middleware\errors.py", line 187, in __call__
    raise exc
  File "C:\micromamba\envs\sad_backend\Lib\site-packages\starlette\middleware\errors.py", line 165, in __call__
    await self.app(scope, receive, _send)
  File "C:\micromamba\envs\sad_backend\Lib\site-packages\starlette\middleware\base.py", line 185, in __call__
    with collapse_excgroups():
  File "C:\micromamba\envs\sad_backend\Lib\contextlib.py", line 158, in __exit__
    self.gen.throw(typ, value, traceback)
  File "C:\micromamba\envs\sad_backend\Lib\site-packages\starlette\_utils.py", line 83, in collapse_excgroups
    raise exc
  File "C:\micromamba\envs\sad_backend\Lib\site-packages\starlette\middleware\base.py", line 187, in __call__
    response = await self.dispatch_func(request, call_next)
               ^^^^^^^^^^^^^^^^^^^^^^^^^^^^^^^^^^^^^^^^^^^^
  File "C:\dev\WQDSS\repo_git\backend\app\main.py", line 108, in activity_log_middleware
    response.background.add_task(finalize_log)
    ^^^^^^^^^^^^^^^^^^^^^^^^^^^^
AttributeError: 'NoneType' object has no attribute 'add_task'
ERROR:    Exception in ASGI application
  + Exception Group Traceback (most recent call last):
  |   File "C:\micromamba\envs\sad_backend\Lib\site-packages\starlette\_utils.py", line 77, in collapse_excgroups
  |     yield
  |   File "C:\micromamba\envs\sad_backend\Lib\site-packages\starlette\middleware\base.py", line 186, in __call__
  |     async with anyio.create_task_group() as task_group:
  |   File "C:\micromamba\envs\sad_backend\Lib\site-packages\anyio\_backends\_asyncio.py", line 781, in __aexit__
  |     raise BaseExceptionGroup(
  | ExceptionGroup: unhandled errors in a TaskGroup (1 sub-exception)
  +-+---------------- 1 ----------------
    | Traceback (most recent call last):
    |   File "C:\micromamba\envs\sad_backend\Lib\site-packages\uvicorn\protocols\http\httptools_impl.py", line 401, in run_asgi
    |     result = await app(  # type: ignore[func-returns-value]
    |              ^^^^^^^^^^^^^^^^^^^^^^^^^^^^^^^^^^^^^^^^^^^^^^
    |   File "C:\micromamba\envs\sad_backend\Lib\site-packages\uvicorn\middleware\proxy_headers.py", line 70, in __call__
    |     return await self.app(scope, receive, send)
    |            ^^^^^^^^^^^^^^^^^^^^^^^^^^^^^^^^^^^^
    |   File "C:\micromamba\envs\sad_backend\Lib\site-packages\fastapi\applications.py", line 1054, in __call__
    |     await super().__call__(scope, receive, send)
    |   File "C:\micromamba\envs\sad_backend\Lib\site-packages\starlette\applications.py", line 113, in __call__
    |     await self.middleware_stack(scope, receive, send)
    |   File "C:\micromamba\envs\sad_backend\Lib\site-packages\starlette\middleware\errors.py", line 187, in __call__
    |     raise exc
    |   File "C:\micromamba\envs\sad_backend\Lib\site-packages\starlette\middleware\errors.py", line 165, in __call__
    |     await self.app(scope, receive, _send)
    |   File "C:\micromamba\envs\sad_backend\Lib\site-packages\starlette\middleware\base.py", line 185, in __call__
    |     with collapse_excgroups():
    |   File "C:\micromamba\envs\sad_backend\Lib\contextlib.py", line 158, in __exit__
    |     self.gen.throw(typ, value, traceback)
    |   File "C:\micromamba\envs\sad_backend\Lib\site-packages\starlette\_utils.py", line 83, in collapse_excgroups
    |     raise exc
    |   File "C:\micromamba\envs\sad_backend\Lib\site-packages\starlette\middleware\base.py", line 187, in __call__
    |     response = await self.dispatch_func(request, call_next)
    |                ^^^^^^^^^^^^^^^^^^^^^^^^^^^^^^^^^^^^^^^^^^^^
    |   File "C:\dev\WQDSS\repo_git\backend\app\main.py", line 108, in activity_log_middleware
    |     response.background.add_task(finalize_log)
    |     ^^^^^^^^^^^^^^^^^^^^^^^^^^^^
    | AttributeError: 'NoneType' object has no attribute 'add_task'
    +------------------------------------

During handling of the above exception, another exception occurred:

Traceback (most recent call last):
  File "C:\micromamba\envs\sad_backend\Lib\site-packages\uvicorn\protocols\http\httptools_impl.py", line 401, in run_asgi
    result = await app(  # type: ignore[func-returns-value]
             ^^^^^^^^^^^^^^^^^^^^^^^^^^^^^^^^^^^^^^^^^^^^^^
  File "C:\micromamba\envs\sad_backend\Lib\site-packages\uvicorn\middleware\proxy_headers.py", line 70, in __call__
    return await self.app(scope, receive, send)
           ^^^^^^^^^^^^^^^^^^^^^^^^^^^^^^^^^^^^
  File "C:\micromamba\envs\sad_backend\Lib\site-packages\fastapi\applications.py", line 1054, in __call__
    await super().__call__(scope, receive, send)
  File "C:\micromamba\envs\sad_backend\Lib\site-packages\starlette\applications.py", line 113, in __call__
    await self.middleware_stack(scope, receive, send)
  File "C:\micromamba\envs\sad_backend\Lib\site-packages\starlette\middleware\errors.py", line 187, in __call__
    raise exc
  File "C:\micromamba\envs\sad_backend\Lib\site-packages\starlette\middleware\errors.py", line 165, in __call__
    await self.app(scope, receive, _send)
  File "C:\micromamba\envs\sad_backend\Lib\site-packages\starlette\middleware\base.py", line 185, in __call__
    with collapse_excgroups():
  File "C:\micromamba\envs\sad_backend\Lib\contextlib.py", line 158, in __exit__
    self.gen.throw(typ, value, traceback)
  File "C:\micromamba\envs\sad_backend\Lib\site-packages\starlette\_utils.py", line 83, in collapse_excgroups
    raise exc
  File "C:\micromamba\envs\sad_backend\Lib\site-packages\starlette\middleware\base.py", line 187, in __call__
    response = await self.dispatch_func(request, call_next)
               ^^^^^^^^^^^^^^^^^^^^^^^^^^^^^^^^^^^^^^^^^^^^
  File "C:\dev\WQDSS\repo_git\backend\app\main.py", line 108, in activity_log_middleware
    response.background.add_task(finalize_log)
    ^^^^^^^^^^^^^^^^^^^^^^^^^^^^
AttributeError: 'NoneType' object has no attribute 'add_task'
ERROR:    Exception in ASGI application
  + Exception Group Traceback (most recent call last):
  |   File "C:\micromamba\envs\sad_backend\Lib\site-packages\starlette\_utils.py", line 77, in collapse_excgroups
  |     yield
  |   File "C:\micromamba\envs\sad_backend\Lib\site-packages\starlette\middleware\base.py", line 186, in __call__
  |     async with anyio.create_task_group() as task_group:
  |   File "C:\micromamba\envs\sad_backend\Lib\site-packages\anyio\_backends\_asyncio.py", line 781, in __aexit__
  |     raise BaseExceptionGroup(
  | ExceptionGroup: unhandled errors in a TaskGroup (1 sub-exception)
  +-+---------------- 1 ----------------
    | Traceback (most recent call last):
    |   File "C:\micromamba\envs\sad_backend\Lib\site-packages\uvicorn\protocols\http\httptools_impl.py", line 401, in run_asgi
    |     result = await app(  # type: ignore[func-returns-value]
    |              ^^^^^^^^^^^^^^^^^^^^^^^^^^^^^^^^^^^^^^^^^^^^^^
    |   File "C:\micromamba\envs\sad_backend\Lib\site-packages\uvicorn\middleware\proxy_headers.py", line 70, in __call__
    |     return await self.app(scope, receive, send)
    |            ^^^^^^^^^^^^^^^^^^^^^^^^^^^^^^^^^^^^
    |   File "C:\micromamba\envs\sad_backend\Lib\site-packages\fastapi\applications.py", line 1054, in __call__
    |     await super().__call__(scope, receive, send)
    |   File "C:\micromamba\envs\sad_backend\Lib\site-packages\starlette\applications.py", line 113, in __call__
    |     await self.middleware_stack(scope, receive, send)
    |   File "C:\micromamba\envs\sad_backend\Lib\site-packages\starlette\middleware\errors.py", line 187, in __call__
    |     raise exc
    |   File "C:\micromamba\envs\sad_backend\Lib\site-packages\starlette\middleware\errors.py", line 165, in __call__
    |     await self.app(scope, receive, _send)
    |   File "C:\micromamba\envs\sad_backend\Lib\site-packages\starlette\middleware\base.py", line 185, in __call__
    |     with collapse_excgroups():
    |   File "C:\micromamba\envs\sad_backend\Lib\contextlib.py", line 158, in __exit__
    |     self.gen.throw(typ, value, traceback)
    |   File "C:\micromamba\envs\sad_backend\Lib\site-packages\starlette\_utils.py", line 83, in collapse_excgroups
    |     raise exc
    |   File "C:\micromamba\envs\sad_backend\Lib\site-packages\starlette\middleware\base.py", line 187, in __call__
    |     response = await self.dispatch_func(request, call_next)
    |                ^^^^^^^^^^^^^^^^^^^^^^^^^^^^^^^^^^^^^^^^^^^^
    |   File "C:\dev\WQDSS\repo_git\backend\app\main.py", line 108, in activity_log_middleware
    |     response.background.add_task(finalize_log)
    |     ^^^^^^^^^^^^^^^^^^^^^^^^^^^^
    | AttributeError: 'NoneType' object has no attribute 'add_task'
    +------------------------------------

During handling of the above exception, another exception occurred:

Traceback (most recent call last):
  File "C:\micromamba\envs\sad_backend\Lib\site-packages\uvicorn\protocols\http\httptools_impl.py", line 401, in run_asgi
    result = await app(  # type: ignore[func-returns-value]
             ^^^^^^^^^^^^^^^^^^^^^^^^^^^^^^^^^^^^^^^^^^^^^^
  File "C:\micromamba\envs\sad_backend\Lib\site-packages\uvicorn\middleware\proxy_headers.py", line 70, in __call__
    return await self.app(scope, receive, send)
           ^^^^^^^^^^^^^^^^^^^^^^^^^^^^^^^^^^^^
  File "C:\micromamba\envs\sad_backend\Lib\site-packages\fastapi\applications.py", line 1054, in __call__
    await super().__call__(scope, receive, send)
  File "C:\micromamba\envs\sad_backend\Lib\site-packages\starlette\applications.py", line 113, in __call__
    await self.middleware_stack(scope, receive, send)
  File "C:\micromamba\envs\sad_backend\Lib\site-packages\starlette\middleware\errors.py", line 187, in __call__
    raise exc
  File "C:\micromamba\envs\sad_backend\Lib\site-packages\starlette\middleware\errors.py", line 165, in __call__
    await self.app(scope, receive, _send)
  File "C:\micromamba\envs\sad_backend\Lib\site-packages\starlette\middleware\base.py", line 185, in __call__
    with collapse_excgroups():
  File "C:\micromamba\envs\sad_backend\Lib\contextlib.py", line 158, in __exit__
    self.gen.throw(typ, value, traceback)
  File "C:\micromamba\envs\sad_backend\Lib\site-packages\starlette\_utils.py", line 83, in collapse_excgroups
    raise exc
  File "C:\micromamba\envs\sad_backend\Lib\site-packages\starlette\middleware\base.py", line 187, in __call__
    response = await self.dispatch_func(request, call_next)
               ^^^^^^^^^^^^^^^^^^^^^^^^^^^^^^^^^^^^^^^^^^^^
  File "C:\dev\WQDSS\repo_git\backend\app\main.py", line 108, in activity_log_middleware
    response.background.add_task(finalize_log)
    ^^^^^^^^^^^^^^^^^^^^^^^^^^^^
AttributeError: 'NoneType' object has no attribute 'add_task'
ERROR:    Exception in ASGI application
  + Exception Group Traceback (most recent call last):
  |   File "C:\micromamba\envs\sad_backend\Lib\site-packages\starlette\_utils.py", line 77, in collapse_excgroups
  |     yield
  |   File "C:\micromamba\envs\sad_backend\Lib\site-packages\starlette\middleware\base.py", line 186, in __call__
  |     async with anyio.create_task_group() as task_group:
  |   File "C:\micromamba\envs\sad_backend\Lib\site-packages\anyio\_backends\_asyncio.py", line 781, in __aexit__
  |     raise BaseExceptionGroup(
  | ExceptionGroup: unhandled errors in a TaskGroup (1 sub-exception)
  +-+---------------- 1 ----------------
    | Traceback (most recent call last):
    |   File "C:\micromamba\envs\sad_backend\Lib\site-packages\uvicorn\protocols\http\httptools_impl.py", line 401, in run_asgi
    |     result = await app(  # type: ignore[func-returns-value]
    |              ^^^^^^^^^^^^^^^^^^^^^^^^^^^^^^^^^^^^^^^^^^^^^^
    |   File "C:\micromamba\envs\sad_backend\Lib\site-packages\uvicorn\middleware\proxy_headers.py", line 70, in __call__
    |     return await self.app(scope, receive, send)
    |            ^^^^^^^^^^^^^^^^^^^^^^^^^^^^^^^^^^^^
    |   File "C:\micromamba\envs\sad_backend\Lib\site-packages\fastapi\applications.py", line 1054, in __call__
    |     await super().__call__(scope, receive, send)
    |   File "C:\micromamba\envs\sad_backend\Lib\site-packages\starlette\applications.py", line 113, in __call__
    |     await self.middleware_stack(scope, receive, send)
    |   File "C:\micromamba\envs\sad_backend\Lib\site-packages\starlette\middleware\errors.py", line 187, in __call__
    |     raise exc
    |   File "C:\micromamba\envs\sad_backend\Lib\site-packages\starlette\middleware\errors.py", line 165, in __call__
    |     await self.app(scope, receive, _send)
    |   File "C:\micromamba\envs\sad_backend\Lib\site-packages\starlette\middleware\base.py", line 185, in __call__
    |     with collapse_excgroups():
    |   File "C:\micromamba\envs\sad_backend\Lib\contextlib.py", line 158, in __exit__
    |     self.gen.throw(typ, value, traceback)
    |   File "C:\micromamba\envs\sad_backend\Lib\site-packages\starlette\_utils.py", line 83, in collapse_excgroups
    |     raise exc
    |   File "C:\micromamba\envs\sad_backend\Lib\site-packages\starlette\middleware\base.py", line 187, in __call__
    |     response = await self.dispatch_func(request, call_next)
    |                ^^^^^^^^^^^^^^^^^^^^^^^^^^^^^^^^^^^^^^^^^^^^
    |   File "C:\dev\WQDSS\repo_git\backend\app\main.py", line 108, in activity_log_middleware
    |     response.background.add_task(finalize_log)
    |     ^^^^^^^^^^^^^^^^^^^^^^^^^^^^
    | AttributeError: 'NoneType' object has no attribute 'add_task'
    +------------------------------------

During handling of the above exception, another exception occurred:

Traceback (most recent call last):
  File "C:\micromamba\envs\sad_backend\Lib\site-packages\uvicorn\protocols\http\httptools_impl.py", line 401, in run_asgi
    result = await app(  # type: ignore[func-returns-value]
             ^^^^^^^^^^^^^^^^^^^^^^^^^^^^^^^^^^^^^^^^^^^^^^
  File "C:\micromamba\envs\sad_backend\Lib\site-packages\uvicorn\middleware\proxy_headers.py", line 70, in __call__
    return await self.app(scope, receive, send)
           ^^^^^^^^^^^^^^^^^^^^^^^^^^^^^^^^^^^^
  File "C:\micromamba\envs\sad_backend\Lib\site-packages\fastapi\applications.py", line 1054, in __call__
    await super().__call__(scope, receive, send)
  File "C:\micromamba\envs\sad_backend\Lib\site-packages\starlette\applications.py", line 113, in __call__
    await self.middleware_stack(scope, receive, send)
  File "C:\micromamba\envs\sad_backend\Lib\site-packages\starlette\middleware\errors.py", line 187, in __call__
    raise exc
  File "C:\micromamba\envs\sad_backend\Lib\site-packages\starlette\middleware\errors.py", line 165, in __call__
    await self.app(scope, receive, _send)
  File "C:\micromamba\envs\sad_backend\Lib\site-packages\starlette\middleware\base.py", line 185, in __call__
    with collapse_excgroups():
  File "C:\micromamba\envs\sad_backend\Lib\contextlib.py", line 158, in __exit__
    self.gen.throw(typ, value, traceback)
  File "C:\micromamba\envs\sad_backend\Lib\site-packages\starlette\_utils.py", line 83, in collapse_excgroups
    raise exc
  File "C:\micromamba\envs\sad_backend\Lib\site-packages\starlette\middleware\base.py", line 187, in __call__
    response = await self.dispatch_func(request, call_next)
               ^^^^^^^^^^^^^^^^^^^^^^^^^^^^^^^^^^^^^^^^^^^^
  File "C:\dev\WQDSS\repo_git\backend\app\main.py", line 108, in activity_log_middleware
    response.background.add_task(finalize_log)
    ^^^^^^^^^^^^^^^^^^^^^^^^^^^^
AttributeError: 'NoneType' object has no attribute 'add_task'
ERROR:    Exception in ASGI application
  + Exception Group Traceback (most recent call last):
  |   File "C:\micromamba\envs\sad_backend\Lib\site-packages\starlette\_utils.py", line 77, in collapse_excgroups
  |     yield
  |   File "C:\micromamba\envs\sad_backend\Lib\site-packages\starlette\middleware\base.py", line 186, in __call__
  |     async with anyio.create_task_group() as task_group:
  |   File "C:\micromamba\envs\sad_backend\Lib\site-packages\anyio\_backends\_asyncio.py", line 781, in __aexit__
  |     raise BaseExceptionGroup(
  | ExceptionGroup: unhandled errors in a TaskGroup (1 sub-exception)
  +-+---------------- 1 ----------------
    | Traceback (most recent call last):
    |   File "C:\micromamba\envs\sad_backend\Lib\site-packages\uvicorn\protocols\http\httptools_impl.py", line 401, in run_asgi
    |     result = await app(  # type: ignore[func-returns-value]
    |              ^^^^^^^^^^^^^^^^^^^^^^^^^^^^^^^^^^^^^^^^^^^^^^
    |   File "C:\micromamba\envs\sad_backend\Lib\site-packages\uvicorn\middleware\proxy_headers.py", line 70, in __call__
    |     return await self.app(scope, receive, send)
    |            ^^^^^^^^^^^^^^^^^^^^^^^^^^^^^^^^^^^^
    |   File "C:\micromamba\envs\sad_backend\Lib\site-packages\fastapi\applications.py", line 1054, in __call__
    |     await super().__call__(scope, receive, send)
    |   File "C:\micromamba\envs\sad_backend\Lib\site-packages\starlette\applications.py", line 113, in __call__
    |     await self.middleware_stack(scope, receive, send)
    |   File "C:\micromamba\envs\sad_backend\Lib\site-packages\starlette\middleware\errors.py", line 187, in __call__
    |     raise exc
    |   File "C:\micromamba\envs\sad_backend\Lib\site-packages\starlette\middleware\errors.py", line 165, in __call__
    |     await self.app(scope, receive, _send)
    |   File "C:\micromamba\envs\sad_backend\Lib\site-packages\starlette\middleware\base.py", line 185, in __call__
    |     with collapse_excgroups():
    |   File "C:\micromamba\envs\sad_backend\Lib\contextlib.py", line 158, in __exit__
    |     self.gen.throw(typ, value, traceback)
    |   File "C:\micromamba\envs\sad_backend\Lib\site-packages\starlette\_utils.py", line 83, in collapse_excgroups
    |     raise exc
    |   File "C:\micromamba\envs\sad_backend\Lib\site-packages\starlette\middleware\base.py", line 187, in __call__
    |     response = await self.dispatch_func(request, call_next)
    |                ^^^^^^^^^^^^^^^^^^^^^^^^^^^^^^^^^^^^^^^^^^^^
    |   File "C:\dev\WQDSS\repo_git\backend\app\main.py", line 108, in activity_log_middleware
    |     response.background.add_task(finalize_log)
    |     ^^^^^^^^^^^^^^^^^^^^^^^^^^^^
    | AttributeError: 'NoneType' object has no attribute 'add_task'
    +------------------------------------

During handling of the above exception, another exception occurred:

Traceback (most recent call last):
  File "C:\micromamba\envs\sad_backend\Lib\site-packages\uvicorn\protocols\http\httptools_impl.py", line 401, in run_asgi
    result = await app(  # type: ignore[func-returns-value]
             ^^^^^^^^^^^^^^^^^^^^^^^^^^^^^^^^^^^^^^^^^^^^^^
  File "C:\micromamba\envs\sad_backend\Lib\site-packages\uvicorn\middleware\proxy_headers.py", line 70, in __call__
    return await self.app(scope, receive, send)
           ^^^^^^^^^^^^^^^^^^^^^^^^^^^^^^^^^^^^
  File "C:\micromamba\envs\sad_backend\Lib\site-packages\fastapi\applications.py", line 1054, in __call__
    await super().__call__(scope, receive, send)
  File "C:\micromamba\envs\sad_backend\Lib\site-packages\starlette\applications.py", line 113, in __call__
    await self.middleware_stack(scope, receive, send)
  File "C:\micromamba\envs\sad_backend\Lib\site-packages\starlette\middleware\errors.py", line 187, in __call__
    raise exc
  File "C:\micromamba\envs\sad_backend\Lib\site-packages\starlette\middleware\errors.py", line 165, in __call__
    await self.app(scope, receive, _send)
  File "C:\micromamba\envs\sad_backend\Lib\site-packages\starlette\middleware\base.py", line 185, in __call__
    with collapse_excgroups():
  File "C:\micromamba\envs\sad_backend\Lib\contextlib.py", line 158, in __exit__
    self.gen.throw(typ, value, traceback)
  File "C:\micromamba\envs\sad_backend\Lib\site-packages\starlette\_utils.py", line 83, in collapse_excgroups
    raise exc
  File "C:\micromamba\envs\sad_backend\Lib\site-packages\starlette\middleware\base.py", line 187, in __call__
    response = await self.dispatch_func(request, call_next)
               ^^^^^^^^^^^^^^^^^^^^^^^^^^^^^^^^^^^^^^^^^^^^
  File "C:\dev\WQDSS\repo_git\backend\app\main.py", line 108, in activity_log_middleware
    response.background.add_task(finalize_log)
    ^^^^^^^^^^^^^^^^^^^^^^^^^^^^
AttributeError: 'NoneType' object has no attribute 'add_task'
ERROR:    Exception in ASGI application
  + Exception Group Traceback (most recent call last):
  |   File "C:\micromamba\envs\sad_backend\Lib\site-packages\starlette\_utils.py", line 77, in collapse_excgroups
  |     yield
  |   File "C:\micromamba\envs\sad_backend\Lib\site-packages\starlette\middleware\base.py", line 186, in __call__
  |     async with anyio.create_task_group() as task_group:
  |   File "C:\micromamba\envs\sad_backend\Lib\site-packages\anyio\_backends\_asyncio.py", line 781, in __aexit__
  |     raise BaseExceptionGroup(
  | ExceptionGroup: unhandled errors in a TaskGroup (1 sub-exception)
  +-+---------------- 1 ----------------
    | Traceback (most recent call last):
    |   File "C:\micromamba\envs\sad_backend\Lib\site-packages\uvicorn\protocols\http\httptools_impl.py", line 401, in run_asgi
    |     result = await app(  # type: ignore[func-returns-value]
    |              ^^^^^^^^^^^^^^^^^^^^^^^^^^^^^^^^^^^^^^^^^^^^^^
    |   File "C:\micromamba\envs\sad_backend\Lib\site-packages\uvicorn\middleware\proxy_headers.py", line 70, in __call__
    |     return await self.app(scope, receive, send)
    |            ^^^^^^^^^^^^^^^^^^^^^^^^^^^^^^^^^^^^
    |   File "C:\micromamba\envs\sad_backend\Lib\site-packages\fastapi\applications.py", line 1054, in __call__
    |     await super().__call__(scope, receive, send)
    |   File "C:\micromamba\envs\sad_backend\Lib\site-packages\starlette\applications.py", line 113, in __call__
    |     await self.middleware_stack(scope, receive, send)
    |   File "C:\micromamba\envs\sad_backend\Lib\site-packages\starlette\middleware\errors.py", line 187, in __call__
    |     raise exc
    |   File "C:\micromamba\envs\sad_backend\Lib\site-packages\starlette\middleware\errors.py", line 165, in __call__
    |     await self.app(scope, receive, _send)
    |   File "C:\micromamba\envs\sad_backend\Lib\site-packages\starlette\middleware\base.py", line 185, in __call__
    |     with collapse_excgroups():
    |   File "C:\micromamba\envs\sad_backend\Lib\contextlib.py", line 158, in __exit__
    |     self.gen.throw(typ, value, traceback)
    |   File "C:\micromamba\envs\sad_backend\Lib\site-packages\starlette\_utils.py", line 83, in collapse_excgroups
    |     raise exc
    |   File "C:\micromamba\envs\sad_backend\Lib\site-packages\starlette\middleware\base.py", line 187, in __call__
    |     response = await self.dispatch_func(request, call_next)
    |                ^^^^^^^^^^^^^^^^^^^^^^^^^^^^^^^^^^^^^^^^^^^^
    |   File "C:\dev\WQDSS\repo_git\backend\app\main.py", line 108, in activity_log_middleware
    |     response.background.add_task(finalize_log)
    |     ^^^^^^^^^^^^^^^^^^^^^^^^^^^^
    | AttributeError: 'NoneType' object has no attribute 'add_task'
    +------------------------------------

During handling of the above exception, another exception occurred:

Traceback (most recent call last):
  File "C:\micromamba\envs\sad_backend\Lib\site-packages\uvicorn\protocols\http\httptools_impl.py", line 401, in run_asgi
    result = await app(  # type: ignore[func-returns-value]
             ^^^^^^^^^^^^^^^^^^^^^^^^^^^^^^^^^^^^^^^^^^^^^^
  File "C:\micromamba\envs\sad_backend\Lib\site-packages\uvicorn\middleware\proxy_headers.py", line 70, in __call__
    return await self.app(scope, receive, send)
           ^^^^^^^^^^^^^^^^^^^^^^^^^^^^^^^^^^^^
  File "C:\micromamba\envs\sad_backend\Lib\site-packages\fastapi\applications.py", line 1054, in __call__
    await super().__call__(scope, receive, send)
  File "C:\micromamba\envs\sad_backend\Lib\site-packages\starlette\applications.py", line 113, in __call__
    await self.middleware_stack(scope, receive, send)
  File "C:\micromamba\envs\sad_backend\Lib\site-packages\starlette\middleware\errors.py", line 187, in __call__
    raise exc
  File "C:\micromamba\envs\sad_backend\Lib\site-packages\starlette\middleware\errors.py", line 165, in __call__
    await self.app(scope, receive, _send)
  File "C:\micromamba\envs\sad_backend\Lib\site-packages\starlette\middleware\base.py", line 185, in __call__
    with collapse_excgroups():
  File "C:\micromamba\envs\sad_backend\Lib\contextlib.py", line 158, in __exit__
    self.gen.throw(typ, value, traceback)
  File "C:\micromamba\envs\sad_backend\Lib\site-packages\starlette\_utils.py", line 83, in collapse_excgroups
    raise exc
  File "C:\micromamba\envs\sad_backend\Lib\site-packages\starlette\middleware\base.py", line 187, in __call__
    response = await self.dispatch_func(request, call_next)
               ^^^^^^^^^^^^^^^^^^^^^^^^^^^^^^^^^^^^^^^^^^^^
  File "C:\dev\WQDSS\repo_git\backend\app\main.py", line 108, in activity_log_middleware
    response.background.add_task(finalize_log)
    ^^^^^^^^^^^^^^^^^^^^^^^^^^^^
AttributeError: 'NoneType' object has no attribute 'add_task'
ERROR:    Exception in ASGI application
  + Exception Group Traceback (most recent call last):
  |   File "C:\micromamba\envs\sad_backend\Lib\site-packages\starlette\_utils.py", line 77, in collapse_excgroups
  |     yield
  |   File "C:\micromamba\envs\sad_backend\Lib\site-packages\starlette\middleware\base.py", line 186, in __call__
  |     async with anyio.create_task_group() as task_group:
  |   File "C:\micromamba\envs\sad_backend\Lib\site-packages\anyio\_backends\_asyncio.py", line 781, in __aexit__
  |     raise BaseExceptionGroup(
  | ExceptionGroup: unhandled errors in a TaskGroup (1 sub-exception)
  +-+---------------- 1 ----------------
    | Traceback (most recent call last):
    |   File "C:\micromamba\envs\sad_backend\Lib\site-packages\uvicorn\protocols\http\httptools_impl.py", line 401, in run_asgi
    |     result = await app(  # type: ignore[func-returns-value]
    |              ^^^^^^^^^^^^^^^^^^^^^^^^^^^^^^^^^^^^^^^^^^^^^^
    |   File "C:\micromamba\envs\sad_backend\Lib\site-packages\uvicorn\middleware\proxy_headers.py", line 70, in __call__
    |     return await self.app(scope, receive, send)
    |            ^^^^^^^^^^^^^^^^^^^^^^^^^^^^^^^^^^^^
    |   File "C:\micromamba\envs\sad_backend\Lib\site-packages\fastapi\applications.py", line 1054, in __call__
    |     await super().__call__(scope, receive, send)
    |   File "C:\micromamba\envs\sad_backend\Lib\site-packages\starlette\applications.py", line 113, in __call__
    |     await self.middleware_stack(scope, receive, send)
    |   File "C:\micromamba\envs\sad_backend\Lib\site-packages\starlette\middleware\errors.py", line 187, in __call__
    |     raise exc
    |   File "C:\micromamba\envs\sad_backend\Lib\site-packages\starlette\middleware\errors.py", line 165, in __call__
    |     await self.app(scope, receive, _send)
    |   File "C:\micromamba\envs\sad_backend\Lib\site-packages\starlette\middleware\base.py", line 185, in __call__
    |     with collapse_excgroups():
    |   File "C:\micromamba\envs\sad_backend\Lib\contextlib.py", line 158, in __exit__
    |     self.gen.throw(typ, value, traceback)
    |   File "C:\micromamba\envs\sad_backend\Lib\site-packages\starlette\_utils.py", line 83, in collapse_excgroups
    |     raise exc
    |   File "C:\micromamba\envs\sad_backend\Lib\site-packages\starlette\middleware\base.py", line 187, in __call__
    |     response = await self.dispatch_func(request, call_next)
    |                ^^^^^^^^^^^^^^^^^^^^^^^^^^^^^^^^^^^^^^^^^^^^
    |   File "C:\dev\WQDSS\repo_git\backend\app\main.py", line 108, in activity_log_middleware
    |     response.background.add_task(finalize_log)
    |     ^^^^^^^^^^^^^^^^^^^^^^^^^^^^
    | AttributeError: 'NoneType' object has no attribute 'add_task'
    +------------------------------------

During handling of the above exception, another exception occurred:

Traceback (most recent call last):
  File "C:\micromamba\envs\sad_backend\Lib\site-packages\uvicorn\protocols\http\httptools_impl.py", line 401, in run_asgi
    result = await app(  # type: ignore[func-returns-value]
             ^^^^^^^^^^^^^^^^^^^^^^^^^^^^^^^^^^^^^^^^^^^^^^
  File "C:\micromamba\envs\sad_backend\Lib\site-packages\uvicorn\middleware\proxy_headers.py", line 70, in __call__
    return await self.app(scope, receive, send)
           ^^^^^^^^^^^^^^^^^^^^^^^^^^^^^^^^^^^^
  File "C:\micromamba\envs\sad_backend\Lib\site-packages\fastapi\applications.py", line 1054, in __call__
    await super().__call__(scope, receive, send)
  File "C:\micromamba\envs\sad_backend\Lib\site-packages\starlette\applications.py", line 113, in __call__
    await self.middleware_stack(scope, receive, send)
  File "C:\micromamba\envs\sad_backend\Lib\site-packages\starlette\middleware\errors.py", line 187, in __call__
    raise exc
  File "C:\micromamba\envs\sad_backend\Lib\site-packages\starlette\middleware\errors.py", line 165, in __call__
    await self.app(scope, receive, _send)
  File "C:\micromamba\envs\sad_backend\Lib\site-packages\starlette\middleware\base.py", line 185, in __call__
    with collapse_excgroups():
  File "C:\micromamba\envs\sad_backend\Lib\contextlib.py", line 158, in __exit__
    self.gen.throw(typ, value, traceback)
  File "C:\micromamba\envs\sad_backend\Lib\site-packages\starlette\_utils.py", line 83, in collapse_excgroups
    raise exc
  File "C:\micromamba\envs\sad_backend\Lib\site-packages\starlette\middleware\base.py", line 187, in __call__
    response = await self.dispatch_func(request, call_next)
               ^^^^^^^^^^^^^^^^^^^^^^^^^^^^^^^^^^^^^^^^^^^^
  File "C:\dev\WQDSS\repo_git\backend\app\main.py", line 108, in activity_log_middleware
    response.background.add_task(finalize_log)
    ^^^^^^^^^^^^^^^^^^^^^^^^^^^^
AttributeError: 'NoneType' object has no attribute 'add_task'
ERROR:    Exception in ASGI application
  + Exception Group Traceback (most recent call last):
  |   File "C:\micromamba\envs\sad_backend\Lib\site-packages\starlette\_utils.py", line 77, in collapse_excgroups
  |     yield
  |   File "C:\micromamba\envs\sad_backend\Lib\site-packages\starlette\middleware\base.py", line 186, in __call__
  |     async with anyio.create_task_group() as task_group:
  |   File "C:\micromamba\envs\sad_backend\Lib\site-packages\anyio\_backends\_asyncio.py", line 781, in __aexit__
  |     raise BaseExceptionGroup(
  | ExceptionGroup: unhandled errors in a TaskGroup (1 sub-exception)
  +-+---------------- 1 ----------------
    | Traceback (most recent call last):
    |   File "C:\micromamba\envs\sad_backend\Lib\site-packages\uvicorn\protocols\http\httptools_impl.py", line 401, in run_asgi
    |     result = await app(  # type: ignore[func-returns-value]
    |              ^^^^^^^^^^^^^^^^^^^^^^^^^^^^^^^^^^^^^^^^^^^^^^
    |   File "C:\micromamba\envs\sad_backend\Lib\site-packages\uvicorn\middleware\proxy_headers.py", line 70, in __call__
    |     return await self.app(scope, receive, send)
    |            ^^^^^^^^^^^^^^^^^^^^^^^^^^^^^^^^^^^^
    |   File "C:\micromamba\envs\sad_backend\Lib\site-packages\fastapi\applications.py", line 1054, in __call__
    |     await super().__call__(scope, receive, send)
    |   File "C:\micromamba\envs\sad_backend\Lib\site-packages\starlette\applications.py", line 113, in __call__
    |     await self.middleware_stack(scope, receive, send)
    |   File "C:\micromamba\envs\sad_backend\Lib\site-packages\starlette\middleware\errors.py", line 187, in __call__
    |     raise exc
    |   File "C:\micromamba\envs\sad_backend\Lib\site-packages\starlette\middleware\errors.py", line 165, in __call__
    |     await self.app(scope, receive, _send)
    |   File "C:\micromamba\envs\sad_backend\Lib\site-packages\starlette\middleware\base.py", line 185, in __call__
    |     with collapse_excgroups():
    |   File "C:\micromamba\envs\sad_backend\Lib\contextlib.py", line 158, in __exit__
    |     self.gen.throw(typ, value, traceback)
    |   File "C:\micromamba\envs\sad_backend\Lib\site-packages\starlette\_utils.py", line 83, in collapse_excgroups
    |     raise exc
    |   File "C:\micromamba\envs\sad_backend\Lib\site-packages\starlette\middleware\base.py", line 187, in __call__
    |     response = await self.dispatch_func(request, call_next)
    |                ^^^^^^^^^^^^^^^^^^^^^^^^^^^^^^^^^^^^^^^^^^^^
    |   File "C:\dev\WQDSS\repo_git\backend\app\main.py", line 108, in activity_log_middleware
    |     response.background.add_task(finalize_log)
    |     ^^^^^^^^^^^^^^^^^^^^^^^^^^^^
    | AttributeError: 'NoneType' object has no attribute 'add_task'
    +------------------------------------

During handling of the above exception, another exception occurred:

Traceback (most recent call last):
  File "C:\micromamba\envs\sad_backend\Lib\site-packages\uvicorn\protocols\http\httptools_impl.py", line 401, in run_asgi
    result = await app(  # type: ignore[func-returns-value]
             ^^^^^^^^^^^^^^^^^^^^^^^^^^^^^^^^^^^^^^^^^^^^^^
  File "C:\micromamba\envs\sad_backend\Lib\site-packages\uvicorn\middleware\proxy_headers.py", line 70, in __call__
    return await self.app(scope, receive, send)
           ^^^^^^^^^^^^^^^^^^^^^^^^^^^^^^^^^^^^
  File "C:\micromamba\envs\sad_backend\Lib\site-packages\fastapi\applications.py", line 1054, in __call__
    await super().__call__(scope, receive, send)
  File "C:\micromamba\envs\sad_backend\Lib\site-packages\starlette\applications.py", line 113, in __call__
    await self.middleware_stack(scope, receive, send)
  File "C:\micromamba\envs\sad_backend\Lib\site-packages\starlette\middleware\errors.py", line 187, in __call__
    raise exc
  File "C:\micromamba\envs\sad_backend\Lib\site-packages\starlette\middleware\errors.py", line 165, in __call__
    await self.app(scope, receive, _send)
  File "C:\micromamba\envs\sad_backend\Lib\site-packages\starlette\middleware\base.py", line 185, in __call__
    with collapse_excgroups():
  File "C:\micromamba\envs\sad_backend\Lib\contextlib.py", line 158, in __exit__
    self.gen.throw(typ, value, traceback)
  File "C:\micromamba\envs\sad_backend\Lib\site-packages\starlette\_utils.py", line 83, in collapse_excgroups
    raise exc
  File "C:\micromamba\envs\sad_backend\Lib\site-packages\starlette\middleware\base.py", line 187, in __call__
    response = await self.dispatch_func(request, call_next)
               ^^^^^^^^^^^^^^^^^^^^^^^^^^^^^^^^^^^^^^^^^^^^
  File "C:\dev\WQDSS\repo_git\backend\app\main.py", line 108, in activity_log_middleware
    response.background.add_task(finalize_log)
    ^^^^^^^^^^^^^^^^^^^^^^^^^^^^
AttributeError: 'NoneType' object has no attribute 'add_task'
ERROR:    Exception in ASGI application
  + Exception Group Traceback (most recent call last):
  |   File "C:\micromamba\envs\sad_backend\Lib\site-packages\starlette\_utils.py", line 77, in collapse_excgroups
  |     yield
  |   File "C:\micromamba\envs\sad_backend\Lib\site-packages\starlette\middleware\base.py", line 186, in __call__
  |     async with anyio.create_task_group() as task_group:
  |   File "C:\micromamba\envs\sad_backend\Lib\site-packages\anyio\_backends\_asyncio.py", line 781, in __aexit__
  |     raise BaseExceptionGroup(
  | ExceptionGroup: unhandled errors in a TaskGroup (1 sub-exception)
  +-+---------------- 1 ----------------
    | Traceback (most recent call last):
    |   File "C:\micromamba\envs\sad_backend\Lib\site-packages\uvicorn\protocols\http\httptools_impl.py", line 401, in run_asgi
    |     result = await app(  # type: ignore[func-returns-value]
    |              ^^^^^^^^^^^^^^^^^^^^^^^^^^^^^^^^^^^^^^^^^^^^^^
    |   File "C:\micromamba\envs\sad_backend\Lib\site-packages\uvicorn\middleware\proxy_headers.py", line 70, in __call__
    |     return await self.app(scope, receive, send)
    |            ^^^^^^^^^^^^^^^^^^^^^^^^^^^^^^^^^^^^
    |   File "C:\micromamba\envs\sad_backend\Lib\site-packages\fastapi\applications.py", line 1054, in __call__
    |     await super().__call__(scope, receive, send)
    |   File "C:\micromamba\envs\sad_backend\Lib\site-packages\starlette\applications.py", line 113, in __call__
    |     await self.middleware_stack(scope, receive, send)
    |   File "C:\micromamba\envs\sad_backend\Lib\site-packages\starlette\middleware\errors.py", line 187, in __call__
    |     raise exc
    |   File "C:\micromamba\envs\sad_backend\Lib\site-packages\starlette\middleware\errors.py", line 165, in __call__
    |     await self.app(scope, receive, _send)
    |   File "C:\micromamba\envs\sad_backend\Lib\site-packages\starlette\middleware\base.py", line 185, in __call__
    |     with collapse_excgroups():
    |   File "C:\micromamba\envs\sad_backend\Lib\contextlib.py", line 158, in __exit__
    |     self.gen.throw(typ, value, traceback)
    |   File "C:\micromamba\envs\sad_backend\Lib\site-packages\starlette\_utils.py", line 83, in collapse_excgroups
    |     raise exc
    |   File "C:\micromamba\envs\sad_backend\Lib\site-packages\starlette\middleware\base.py", line 187, in __call__
    |     response = await self.dispatch_func(request, call_next)
    |                ^^^^^^^^^^^^^^^^^^^^^^^^^^^^^^^^^^^^^^^^^^^^
    |   File "C:\dev\WQDSS\repo_git\backend\app\main.py", line 108, in activity_log_middleware
    |     response.background.add_task(finalize_log)
    |     ^^^^^^^^^^^^^^^^^^^^^^^^^^^^
    | AttributeError: 'NoneType' object has no attribute 'add_task'
    +------------------------------------

During handling of the above exception, another exception occurred:

Traceback (most recent call last):
  File "C:\micromamba\envs\sad_backend\Lib\site-packages\uvicorn\protocols\http\httptools_impl.py", line 401, in run_asgi
    result = await app(  # type: ignore[func-returns-value]
             ^^^^^^^^^^^^^^^^^^^^^^^^^^^^^^^^^^^^^^^^^^^^^^
  File "C:\micromamba\envs\sad_backend\Lib\site-packages\uvicorn\middleware\proxy_headers.py", line 70, in __call__
    return await self.app(scope, receive, send)
           ^^^^^^^^^^^^^^^^^^^^^^^^^^^^^^^^^^^^
  File "C:\micromamba\envs\sad_backend\Lib\site-packages\fastapi\applications.py", line 1054, in __call__
    await super().__call__(scope, receive, send)
  File "C:\micromamba\envs\sad_backend\Lib\site-packages\starlette\applications.py", line 113, in __call__
    await self.middleware_stack(scope, receive, send)
  File "C:\micromamba\envs\sad_backend\Lib\site-packages\starlette\middleware\errors.py", line 187, in __call__
    raise exc
  File "C:\micromamba\envs\sad_backend\Lib\site-packages\starlette\middleware\errors.py", line 165, in __call__
    await self.app(scope, receive, _send)
  File "C:\micromamba\envs\sad_backend\Lib\site-packages\starlette\middleware\base.py", line 185, in __call__
    with collapse_excgroups():
  File "C:\micromamba\envs\sad_backend\Lib\contextlib.py", line 158, in __exit__
    self.gen.throw(typ, value, traceback)
  File "C:\micromamba\envs\sad_backend\Lib\site-packages\starlette\_utils.py", line 83, in collapse_excgroups
    raise exc
  File "C:\micromamba\envs\sad_backend\Lib\site-packages\starlette\middleware\base.py", line 187, in __call__
    response = await self.dispatch_func(request, call_next)
               ^^^^^^^^^^^^^^^^^^^^^^^^^^^^^^^^^^^^^^^^^^^^
  File "C:\dev\WQDSS\repo_git\backend\app\main.py", line 108, in activity_log_middleware
    response.background.add_task(finalize_log)
    ^^^^^^^^^^^^^^^^^^^^^^^^^^^^
AttributeError: 'NoneType' object has no attribute 'add_task'
ERROR:    Exception in ASGI application
  + Exception Group Traceback (most recent call last):
  |   File "C:\micromamba\envs\sad_backend\Lib\site-packages\starlette\_utils.py", line 77, in collapse_excgroups
  |     yield
  |   File "C:\micromamba\envs\sad_backend\Lib\site-packages\starlette\middleware\base.py", line 186, in __call__
  |     async with anyio.create_task_group() as task_group:
  |   File "C:\micromamba\envs\sad_backend\Lib\site-packages\anyio\_backends\_asyncio.py", line 781, in __aexit__
  |     raise BaseExceptionGroup(
  | ExceptionGroup: unhandled errors in a TaskGroup (1 sub-exception)
  +-+---------------- 1 ----------------
    | Traceback (most recent call last):
    |   File "C:\micromamba\envs\sad_backend\Lib\site-packages\uvicorn\protocols\http\httptools_impl.py", line 401, in run_asgi
    |     result = await app(  # type: ignore[func-returns-value]
    |              ^^^^^^^^^^^^^^^^^^^^^^^^^^^^^^^^^^^^^^^^^^^^^^
    |   File "C:\micromamba\envs\sad_backend\Lib\site-packages\uvicorn\middleware\proxy_headers.py", line 70, in __call__
    |     return await self.app(scope, receive, send)
    |            ^^^^^^^^^^^^^^^^^^^^^^^^^^^^^^^^^^^^
    |   File "C:\micromamba\envs\sad_backend\Lib\site-packages\fastapi\applications.py", line 1054, in __call__
    |     await super().__call__(scope, receive, send)
    |   File "C:\micromamba\envs\sad_backend\Lib\site-packages\starlette\applications.py", line 113, in __call__
    |     await self.middleware_stack(scope, receive, send)
    |   File "C:\micromamba\envs\sad_backend\Lib\site-packages\starlette\middleware\errors.py", line 187, in __call__
    |     raise exc
    |   File "C:\micromamba\envs\sad_backend\Lib\site-packages\starlette\middleware\errors.py", line 165, in __call__
    |     await self.app(scope, receive, _send)
    |   File "C:\micromamba\envs\sad_backend\Lib\site-packages\starlette\middleware\base.py", line 185, in __call__
    |     with collapse_excgroups():
    |   File "C:\micromamba\envs\sad_backend\Lib\contextlib.py", line 158, in __exit__
    |     self.gen.throw(typ, value, traceback)
    |   File "C:\micromamba\envs\sad_backend\Lib\site-packages\starlette\_utils.py", line 83, in collapse_excgroups
    |     raise exc
    |   File "C:\micromamba\envs\sad_backend\Lib\site-packages\starlette\middleware\base.py", line 187, in __call__
    |     response = await self.dispatch_func(request, call_next)
    |                ^^^^^^^^^^^^^^^^^^^^^^^^^^^^^^^^^^^^^^^^^^^^
    |   File "C:\dev\WQDSS\repo_git\backend\app\main.py", line 108, in activity_log_middleware
    |     response.background.add_task(finalize_log)
    |     ^^^^^^^^^^^^^^^^^^^^^^^^^^^^
    | AttributeError: 'NoneType' object has no attribute 'add_task'
    +------------------------------------

During handling of the above exception, another exception occurred:

Traceback (most recent call last):
  File "C:\micromamba\envs\sad_backend\Lib\site-packages\uvicorn\protocols\http\httptools_impl.py", line 401, in run_asgi
    result = await app(  # type: ignore[func-returns-value]
             ^^^^^^^^^^^^^^^^^^^^^^^^^^^^^^^^^^^^^^^^^^^^^^
  File "C:\micromamba\envs\sad_backend\Lib\site-packages\uvicorn\middleware\proxy_headers.py", line 70, in __call__
    return await self.app(scope, receive, send)
           ^^^^^^^^^^^^^^^^^^^^^^^^^^^^^^^^^^^^
  File "C:\micromamba\envs\sad_backend\Lib\site-packages\fastapi\applications.py", line 1054, in __call__
    await super().__call__(scope, receive, send)
  File "C:\micromamba\envs\sad_backend\Lib\site-packages\starlette\applications.py", line 113, in __call__
    await self.middleware_stack(scope, receive, send)
  File "C:\micromamba\envs\sad_backend\Lib\site-packages\starlette\middleware\errors.py", line 187, in __call__
    raise exc
  File "C:\micromamba\envs\sad_backend\Lib\site-packages\starlette\middleware\errors.py", line 165, in __call__
    await self.app(scope, receive, _send)
  File "C:\micromamba\envs\sad_backend\Lib\site-packages\starlette\middleware\base.py", line 185, in __call__
    with collapse_excgroups():
  File "C:\micromamba\envs\sad_backend\Lib\contextlib.py", line 158, in __exit__
    self.gen.throw(typ, value, traceback)
  File "C:\micromamba\envs\sad_backend\Lib\site-packages\starlette\_utils.py", line 83, in collapse_excgroups
    raise exc
  File "C:\micromamba\envs\sad_backend\Lib\site-packages\starlette\middleware\base.py", line 187, in __call__
    response = await self.dispatch_func(request, call_next)
               ^^^^^^^^^^^^^^^^^^^^^^^^^^^^^^^^^^^^^^^^^^^^
  File "C:\dev\WQDSS\repo_git\backend\app\main.py", line 108, in activity_log_middleware
    response.background.add_task(finalize_log)
    ^^^^^^^^^^^^^^^^^^^^^^^^^^^^
AttributeError: 'NoneType' object has no attribute 'add_task'
ERROR:    Exception in ASGI application
  + Exception Group Traceback (most recent call last):
  |   File "C:\micromamba\envs\sad_backend\Lib\site-packages\starlette\_utils.py", line 77, in collapse_excgroups
  |     yield
  |   File "C:\micromamba\envs\sad_backend\Lib\site-packages\starlette\middleware\base.py", line 186, in __call__
  |     async with anyio.create_task_group() as task_group:
  |   File "C:\micromamba\envs\sad_backend\Lib\site-packages\anyio\_backends\_asyncio.py", line 781, in __aexit__
  |     raise BaseExceptionGroup(
  | ExceptionGroup: unhandled errors in a TaskGroup (1 sub-exception)
  +-+---------------- 1 ----------------
    | Traceback (most recent call last):
    |   File "C:\micromamba\envs\sad_backend\Lib\site-packages\uvicorn\protocols\http\httptools_impl.py", line 401, in run_asgi
    |     result = await app(  # type: ignore[func-returns-value]
    |              ^^^^^^^^^^^^^^^^^^^^^^^^^^^^^^^^^^^^^^^^^^^^^^
    |   File "C:\micromamba\envs\sad_backend\Lib\site-packages\uvicorn\middleware\proxy_headers.py", line 70, in __call__
    |     return await self.app(scope, receive, send)
    |            ^^^^^^^^^^^^^^^^^^^^^^^^^^^^^^^^^^^^
    |   File "C:\micromamba\envs\sad_backend\Lib\site-packages\fastapi\applications.py", line 1054, in __call__
    |     await super().__call__(scope, receive, send)
    |   File "C:\micromamba\envs\sad_backend\Lib\site-packages\starlette\applications.py", line 113, in __call__
    |     await self.middleware_stack(scope, receive, send)
    |   File "C:\micromamba\envs\sad_backend\Lib\site-packages\starlette\middleware\errors.py", line 187, in __call__
    |     raise exc
    |   File "C:\micromamba\envs\sad_backend\Lib\site-packages\starlette\middleware\errors.py", line 165, in __call__
    |     await self.app(scope, receive, _send)
    |   File "C:\micromamba\envs\sad_backend\Lib\site-packages\starlette\middleware\base.py", line 185, in __call__
    |     with collapse_excgroups():
    |   File "C:\micromamba\envs\sad_backend\Lib\contextlib.py", line 158, in __exit__
    |     self.gen.throw(typ, value, traceback)
    |   File "C:\micromamba\envs\sad_backend\Lib\site-packages\starlette\_utils.py", line 83, in collapse_excgroups
    |     raise exc
    |   File "C:\micromamba\envs\sad_backend\Lib\site-packages\starlette\middleware\base.py", line 187, in __call__
    |     response = await self.dispatch_func(request, call_next)
    |                ^^^^^^^^^^^^^^^^^^^^^^^^^^^^^^^^^^^^^^^^^^^^
    |   File "C:\dev\WQDSS\repo_git\backend\app\main.py", line 108, in activity_log_middleware
    |     response.background.add_task(finalize_log)
    |     ^^^^^^^^^^^^^^^^^^^^^^^^^^^^
    | AttributeError: 'NoneType' object has no attribute 'add_task'
    +------------------------------------

During handling of the above exception, another exception occurred:

Traceback (most recent call last):
  File "C:\micromamba\envs\sad_backend\Lib\site-packages\uvicorn\protocols\http\httptools_impl.py", line 401, in run_asgi
    result = await app(  # type: ignore[func-returns-value]
             ^^^^^^^^^^^^^^^^^^^^^^^^^^^^^^^^^^^^^^^^^^^^^^
  File "C:\micromamba\envs\sad_backend\Lib\site-packages\uvicorn\middleware\proxy_headers.py", line 70, in __call__
    return await self.app(scope, receive, send)
           ^^^^^^^^^^^^^^^^^^^^^^^^^^^^^^^^^^^^
  File "C:\micromamba\envs\sad_backend\Lib\site-packages\fastapi\applications.py", line 1054, in __call__
    await super().__call__(scope, receive, send)
  File "C:\micromamba\envs\sad_backend\Lib\site-packages\starlette\applications.py", line 113, in __call__
    await self.middleware_stack(scope, receive, send)
  File "C:\micromamba\envs\sad_backend\Lib\site-packages\starlette\middleware\errors.py", line 187, in __call__
    raise exc
  File "C:\micromamba\envs\sad_backend\Lib\site-packages\starlette\middleware\errors.py", line 165, in __call__
    await self.app(scope, receive, _send)
  File "C:\micromamba\envs\sad_backend\Lib\site-packages\starlette\middleware\base.py", line 185, in __call__
    with collapse_excgroups():
  File "C:\micromamba\envs\sad_backend\Lib\contextlib.py", line 158, in __exit__
    self.gen.throw(typ, value, traceback)
  File "C:\micromamba\envs\sad_backend\Lib\site-packages\starlette\_utils.py", line 83, in collapse_excgroups
    raise exc
  File "C:\micromamba\envs\sad_backend\Lib\site-packages\starlette\middleware\base.py", line 187, in __call__
    response = await self.dispatch_func(request, call_next)
               ^^^^^^^^^^^^^^^^^^^^^^^^^^^^^^^^^^^^^^^^^^^^
  File "C:\dev\WQDSS\repo_git\backend\app\main.py", line 108, in activity_log_middleware
    response.background.add_task(finalize_log)
    ^^^^^^^^^^^^^^^^^^^^^^^^^^^^
AttributeError: 'NoneType' object has no attribute 'add_task'
ERROR:    Exception in ASGI application
  + Exception Group Traceback (most recent call last):
  |   File "C:\micromamba\envs\sad_backend\Lib\site-packages\starlette\_utils.py", line 77, in collapse_excgroups
  |     yield
  |   File "C:\micromamba\envs\sad_backend\Lib\site-packages\starlette\middleware\base.py", line 186, in __call__
  |     async with anyio.create_task_group() as task_group:
  |   File "C:\micromamba\envs\sad_backend\Lib\site-packages\anyio\_backends\_asyncio.py", line 781, in __aexit__
  |     raise BaseExceptionGroup(
  | ExceptionGroup: unhandled errors in a TaskGroup (1 sub-exception)
  +-+---------------- 1 ----------------
    | Traceback (most recent call last):
    |   File "C:\micromamba\envs\sad_backend\Lib\site-packages\uvicorn\protocols\http\httptools_impl.py", line 401, in run_asgi
    |     result = await app(  # type: ignore[func-returns-value]
    |              ^^^^^^^^^^^^^^^^^^^^^^^^^^^^^^^^^^^^^^^^^^^^^^
    |   File "C:\micromamba\envs\sad_backend\Lib\site-packages\uvicorn\middleware\proxy_headers.py", line 70, in __call__
    |     return await self.app(scope, receive, send)
    |            ^^^^^^^^^^^^^^^^^^^^^^^^^^^^^^^^^^^^
    |   File "C:\micromamba\envs\sad_backend\Lib\site-packages\fastapi\applications.py", line 1054, in __call__
    |     await super().__call__(scope, receive, send)
    |   File "C:\micromamba\envs\sad_backend\Lib\site-packages\starlette\applications.py", line 113, in __call__
    |     await self.middleware_stack(scope, receive, send)
    |   File "C:\micromamba\envs\sad_backend\Lib\site-packages\starlette\middleware\errors.py", line 187, in __call__
    |     raise exc
    |   File "C:\micromamba\envs\sad_backend\Lib\site-packages\starlette\middleware\errors.py", line 165, in __call__
    |     await self.app(scope, receive, _send)
    |   File "C:\micromamba\envs\sad_backend\Lib\site-packages\starlette\middleware\base.py", line 185, in __call__
    |     with collapse_excgroups():
    |   File "C:\micromamba\envs\sad_backend\Lib\contextlib.py", line 158, in __exit__
    |     self.gen.throw(typ, value, traceback)
    |   File "C:\micromamba\envs\sad_backend\Lib\site-packages\starlette\_utils.py", line 83, in collapse_excgroups
    |     raise exc
    |   File "C:\micromamba\envs\sad_backend\Lib\site-packages\starlette\middleware\base.py", line 187, in __call__
    |     response = await self.dispatch_func(request, call_next)
    |                ^^^^^^^^^^^^^^^^^^^^^^^^^^^^^^^^^^^^^^^^^^^^
    |   File "C:\dev\WQDSS\repo_git\backend\app\main.py", line 108, in activity_log_middleware
    |     response.background.add_task(finalize_log)
    |     ^^^^^^^^^^^^^^^^^^^^^^^^^^^^
    | AttributeError: 'NoneType' object has no attribute 'add_task'
    +------------------------------------

During handling of the above exception, another exception occurred:

Traceback (most recent call last):
  File "C:\micromamba\envs\sad_backend\Lib\site-packages\uvicorn\protocols\http\httptools_impl.py", line 401, in run_asgi
    result = await app(  # type: ignore[func-returns-value]
             ^^^^^^^^^^^^^^^^^^^^^^^^^^^^^^^^^^^^^^^^^^^^^^
  File "C:\micromamba\envs\sad_backend\Lib\site-packages\uvicorn\middleware\proxy_headers.py", line 70, in __call__
    return await self.app(scope, receive, send)
           ^^^^^^^^^^^^^^^^^^^^^^^^^^^^^^^^^^^^
  File "C:\micromamba\envs\sad_backend\Lib\site-packages\fastapi\applications.py", line 1054, in __call__
    await super().__call__(scope, receive, send)
  File "C:\micromamba\envs\sad_backend\Lib\site-packages\starlette\applications.py", line 113, in __call__
    await self.middleware_stack(scope, receive, send)
  File "C:\micromamba\envs\sad_backend\Lib\site-packages\starlette\middleware\errors.py", line 187, in __call__
    raise exc
  File "C:\micromamba\envs\sad_backend\Lib\site-packages\starlette\middleware\errors.py", line 165, in __call__
    await self.app(scope, receive, _send)
  File "C:\micromamba\envs\sad_backend\Lib\site-packages\starlette\middleware\base.py", line 185, in __call__
    with collapse_excgroups():
  File "C:\micromamba\envs\sad_backend\Lib\contextlib.py", line 158, in __exit__
    self.gen.throw(typ, value, traceback)
  File "C:\micromamba\envs\sad_backend\Lib\site-packages\starlette\_utils.py", line 83, in collapse_excgroups
    raise exc
  File "C:\micromamba\envs\sad_backend\Lib\site-packages\starlette\middleware\base.py", line 187, in __call__
    response = await self.dispatch_func(request, call_next)
               ^^^^^^^^^^^^^^^^^^^^^^^^^^^^^^^^^^^^^^^^^^^^
  File "C:\dev\WQDSS\repo_git\backend\app\main.py", line 108, in activity_log_middleware
    response.background.add_task(finalize_log)
    ^^^^^^^^^^^^^^^^^^^^^^^^^^^^
AttributeError: 'NoneType' object has no attribute 'add_task'
ERROR:    Exception in ASGI application
  + Exception Group Traceback (most recent call last):
  |   File "C:\micromamba\envs\sad_backend\Lib\site-packages\starlette\_utils.py", line 77, in collapse_excgroups
  |     yield
  |   File "C:\micromamba\envs\sad_backend\Lib\site-packages\starlette\middleware\base.py", line 186, in __call__
  |     async with anyio.create_task_group() as task_group:
  |   File "C:\micromamba\envs\sad_backend\Lib\site-packages\anyio\_backends\_asyncio.py", line 781, in __aexit__
  |     raise BaseExceptionGroup(
  | ExceptionGroup: unhandled errors in a TaskGroup (1 sub-exception)
  +-+---------------- 1 ----------------
    | Traceback (most recent call last):
    |   File "C:\micromamba\envs\sad_backend\Lib\site-packages\uvicorn\protocols\http\httptools_impl.py", line 401, in run_asgi
    |     result = await app(  # type: ignore[func-returns-value]
    |              ^^^^^^^^^^^^^^^^^^^^^^^^^^^^^^^^^^^^^^^^^^^^^^
    |   File "C:\micromamba\envs\sad_backend\Lib\site-packages\uvicorn\middleware\proxy_headers.py", line 70, in __call__
    |     return await self.app(scope, receive, send)
    |            ^^^^^^^^^^^^^^^^^^^^^^^^^^^^^^^^^^^^
    |   File "C:\micromamba\envs\sad_backend\Lib\site-packages\fastapi\applications.py", line 1054, in __call__
    |     await super().__call__(scope, receive, send)
    |   File "C:\micromamba\envs\sad_backend\Lib\site-packages\starlette\applications.py", line 113, in __call__
    |     await self.middleware_stack(scope, receive, send)
    |   File "C:\micromamba\envs\sad_backend\Lib\site-packages\starlette\middleware\errors.py", line 187, in __call__
    |     raise exc
    |   File "C:\micromamba\envs\sad_backend\Lib\site-packages\starlette\middleware\errors.py", line 165, in __call__
    |     await self.app(scope, receive, _send)
    |   File "C:\micromamba\envs\sad_backend\Lib\site-packages\starlette\middleware\base.py", line 185, in __call__
    |     with collapse_excgroups():
    |   File "C:\micromamba\envs\sad_backend\Lib\contextlib.py", line 158, in __exit__
    |     self.gen.throw(typ, value, traceback)
    |   File "C:\micromamba\envs\sad_backend\Lib\site-packages\starlette\_utils.py", line 83, in collapse_excgroups
    |     raise exc
    |   File "C:\micromamba\envs\sad_backend\Lib\site-packages\starlette\middleware\base.py", line 187, in __call__
    |     response = await self.dispatch_func(request, call_next)
    |                ^^^^^^^^^^^^^^^^^^^^^^^^^^^^^^^^^^^^^^^^^^^^
    |   File "C:\dev\WQDSS\repo_git\backend\app\main.py", line 108, in activity_log_middleware
    |     response.background.add_task(finalize_log)
    |     ^^^^^^^^^^^^^^^^^^^^^^^^^^^^
    | AttributeError: 'NoneType' object has no attribute 'add_task'
    +------------------------------------

During handling of the above exception, another exception occurred:

Traceback (most recent call last):
  File "C:\micromamba\envs\sad_backend\Lib\site-packages\uvicorn\protocols\http\httptools_impl.py", line 401, in run_asgi
    result = await app(  # type: ignore[func-returns-value]
             ^^^^^^^^^^^^^^^^^^^^^^^^^^^^^^^^^^^^^^^^^^^^^^
  File "C:\micromamba\envs\sad_backend\Lib\site-packages\uvicorn\middleware\proxy_headers.py", line 70, in __call__
    return await self.app(scope, receive, send)
           ^^^^^^^^^^^^^^^^^^^^^^^^^^^^^^^^^^^^
  File "C:\micromamba\envs\sad_backend\Lib\site-packages\fastapi\applications.py", line 1054, in __call__
    await super().__call__(scope, receive, send)
  File "C:\micromamba\envs\sad_backend\Lib\site-packages\starlette\applications.py", line 113, in __call__
    await self.middleware_stack(scope, receive, send)
  File "C:\micromamba\envs\sad_backend\Lib\site-packages\starlette\middleware\errors.py", line 187, in __call__
    raise exc
  File "C:\micromamba\envs\sad_backend\Lib\site-packages\starlette\middleware\errors.py", line 165, in __call__
    await self.app(scope, receive, _send)
  File "C:\micromamba\envs\sad_backend\Lib\site-packages\starlette\middleware\base.py", line 185, in __call__
    with collapse_excgroups():
  File "C:\micromamba\envs\sad_backend\Lib\contextlib.py", line 158, in __exit__
    self.gen.throw(typ, value, traceback)
  File "C:\micromamba\envs\sad_backend\Lib\site-packages\starlette\_utils.py", line 83, in collapse_excgroups
    raise exc
  File "C:\micromamba\envs\sad_backend\Lib\site-packages\starlette\middleware\base.py", line 187, in __call__
    response = await self.dispatch_func(request, call_next)
               ^^^^^^^^^^^^^^^^^^^^^^^^^^^^^^^^^^^^^^^^^^^^
  File "C:\dev\WQDSS\repo_git\backend\app\main.py", line 108, in activity_log_middleware
    response.background.add_task(finalize_log)
    ^^^^^^^^^^^^^^^^^^^^^^^^^^^^
AttributeError: 'NoneType' object has no attribute 'add_task'
ERROR:    Exception in ASGI application
  + Exception Group Traceback (most recent call last):
  |   File "C:\micromamba\envs\sad_backend\Lib\site-packages\starlette\_utils.py", line 77, in collapse_excgroups
  |     yield
  |   File "C:\micromamba\envs\sad_backend\Lib\site-packages\starlette\middleware\base.py", line 186, in __call__
  |     async with anyio.create_task_group() as task_group:
  |   File "C:\micromamba\envs\sad_backend\Lib\site-packages\anyio\_backends\_asyncio.py", line 781, in __aexit__
  |     raise BaseExceptionGroup(
  | ExceptionGroup: unhandled errors in a TaskGroup (1 sub-exception)
  +-+---------------- 1 ----------------
    | Traceback (most recent call last):
    |   File "C:\micromamba\envs\sad_backend\Lib\site-packages\uvicorn\protocols\http\httptools_impl.py", line 401, in run_asgi
    |     result = await app(  # type: ignore[func-returns-value]
    |              ^^^^^^^^^^^^^^^^^^^^^^^^^^^^^^^^^^^^^^^^^^^^^^
    |   File "C:\micromamba\envs\sad_backend\Lib\site-packages\uvicorn\middleware\proxy_headers.py", line 70, in __call__
    |     return await self.app(scope, receive, send)
    |            ^^^^^^^^^^^^^^^^^^^^^^^^^^^^^^^^^^^^
    |   File "C:\micromamba\envs\sad_backend\Lib\site-packages\fastapi\applications.py", line 1054, in __call__
    |     await super().__call__(scope, receive, send)
    |   File "C:\micromamba\envs\sad_backend\Lib\site-packages\starlette\applications.py", line 113, in __call__
    |     await self.middleware_stack(scope, receive, send)
    |   File "C:\micromamba\envs\sad_backend\Lib\site-packages\starlette\middleware\errors.py", line 187, in __call__
    |     raise exc
    |   File "C:\micromamba\envs\sad_backend\Lib\site-packages\starlette\middleware\errors.py", line 165, in __call__
    |     await self.app(scope, receive, _send)
    |   File "C:\micromamba\envs\sad_backend\Lib\site-packages\starlette\middleware\base.py", line 185, in __call__
    |     with collapse_excgroups():
    |   File "C:\micromamba\envs\sad_backend\Lib\contextlib.py", line 158, in __exit__
    |     self.gen.throw(typ, value, traceback)
    |   File "C:\micromamba\envs\sad_backend\Lib\site-packages\starlette\_utils.py", line 83, in collapse_excgroups
    |     raise exc
    |   File "C:\micromamba\envs\sad_backend\Lib\site-packages\starlette\middleware\base.py", line 187, in __call__
    |     response = await self.dispatch_func(request, call_next)
    |                ^^^^^^^^^^^^^^^^^^^^^^^^^^^^^^^^^^^^^^^^^^^^
    |   File "C:\dev\WQDSS\repo_git\backend\app\main.py", line 108, in activity_log_middleware
    |     response.background.add_task(finalize_log)
    |     ^^^^^^^^^^^^^^^^^^^^^^^^^^^^
    | AttributeError: 'NoneType' object has no attribute 'add_task'
    +------------------------------------

During handling of the above exception, another exception occurred:

Traceback (most recent call last):
  File "C:\micromamba\envs\sad_backend\Lib\site-packages\uvicorn\protocols\http\httptools_impl.py", line 401, in run_asgi
    result = await app(  # type: ignore[func-returns-value]
             ^^^^^^^^^^^^^^^^^^^^^^^^^^^^^^^^^^^^^^^^^^^^^^
  File "C:\micromamba\envs\sad_backend\Lib\site-packages\uvicorn\middleware\proxy_headers.py", line 70, in __call__
    return await self.app(scope, receive, send)
           ^^^^^^^^^^^^^^^^^^^^^^^^^^^^^^^^^^^^
  File "C:\micromamba\envs\sad_backend\Lib\site-packages\fastapi\applications.py", line 1054, in __call__
    await super().__call__(scope, receive, send)
  File "C:\micromamba\envs\sad_backend\Lib\site-packages\starlette\applications.py", line 113, in __call__
    await self.middleware_stack(scope, receive, send)
  File "C:\micromamba\envs\sad_backend\Lib\site-packages\starlette\middleware\errors.py", line 187, in __call__
    raise exc
  File "C:\micromamba\envs\sad_backend\Lib\site-packages\starlette\middleware\errors.py", line 165, in __call__
    await self.app(scope, receive, _send)
  File "C:\micromamba\envs\sad_backend\Lib\site-packages\starlette\middleware\base.py", line 185, in __call__
    with collapse_excgroups():
  File "C:\micromamba\envs\sad_backend\Lib\contextlib.py", line 158, in __exit__
    self.gen.throw(typ, value, traceback)
  File "C:\micromamba\envs\sad_backend\Lib\site-packages\starlette\_utils.py", line 83, in collapse_excgroups
    raise exc
  File "C:\micromamba\envs\sad_backend\Lib\site-packages\starlette\middleware\base.py", line 187, in __call__
    response = await self.dispatch_func(request, call_next)
               ^^^^^^^^^^^^^^^^^^^^^^^^^^^^^^^^^^^^^^^^^^^^
  File "C:\dev\WQDSS\repo_git\backend\app\main.py", line 108, in activity_log_middleware
    response.background.add_task(finalize_log)
    ^^^^^^^^^^^^^^^^^^^^^^^^^^^^
AttributeError: 'NoneType' object has no attribute 'add_task'
ERROR:    Exception in ASGI application
  + Exception Group Traceback (most recent call last):
  |   File "C:\micromamba\envs\sad_backend\Lib\site-packages\starlette\_utils.py", line 77, in collapse_excgroups
  |     yield
  |   File "C:\micromamba\envs\sad_backend\Lib\site-packages\starlette\middleware\base.py", line 186, in __call__
  |     async with anyio.create_task_group() as task_group:
  |   File "C:\micromamba\envs\sad_backend\Lib\site-packages\anyio\_backends\_asyncio.py", line 781, in __aexit__
  |     raise BaseExceptionGroup(
  | ExceptionGroup: unhandled errors in a TaskGroup (1 sub-exception)
  +-+---------------- 1 ----------------
    | Traceback (most recent call last):
    |   File "C:\micromamba\envs\sad_backend\Lib\site-packages\uvicorn\protocols\http\httptools_impl.py", line 401, in run_asgi
    |     result = await app(  # type: ignore[func-returns-value]
    |              ^^^^^^^^^^^^^^^^^^^^^^^^^^^^^^^^^^^^^^^^^^^^^^
    |   File "C:\micromamba\envs\sad_backend\Lib\site-packages\uvicorn\middleware\proxy_headers.py", line 70, in __call__
    |     return await self.app(scope, receive, send)
    |            ^^^^^^^^^^^^^^^^^^^^^^^^^^^^^^^^^^^^
    |   File "C:\micromamba\envs\sad_backend\Lib\site-packages\fastapi\applications.py", line 1054, in __call__
    |     await super().__call__(scope, receive, send)
    |   File "C:\micromamba\envs\sad_backend\Lib\site-packages\starlette\applications.py", line 113, in __call__
    |     await self.middleware_stack(scope, receive, send)
    |   File "C:\micromamba\envs\sad_backend\Lib\site-packages\starlette\middleware\errors.py", line 187, in __call__
    |     raise exc
    |   File "C:\micromamba\envs\sad_backend\Lib\site-packages\starlette\middleware\errors.py", line 165, in __call__
    |     await self.app(scope, receive, _send)
    |   File "C:\micromamba\envs\sad_backend\Lib\site-packages\starlette\middleware\base.py", line 185, in __call__
    |     with collapse_excgroups():
    |   File "C:\micromamba\envs\sad_backend\Lib\contextlib.py", line 158, in __exit__
    |     self.gen.throw(typ, value, traceback)
    |   File "C:\micromamba\envs\sad_backend\Lib\site-packages\starlette\_utils.py", line 83, in collapse_excgroups
    |     raise exc
    |   File "C:\micromamba\envs\sad_backend\Lib\site-packages\starlette\middleware\base.py", line 187, in __call__
    |     response = await self.dispatch_func(request, call_next)
    |                ^^^^^^^^^^^^^^^^^^^^^^^^^^^^^^^^^^^^^^^^^^^^
    |   File "C:\dev\WQDSS\repo_git\backend\app\main.py", line 108, in activity_log_middleware
    |     response.background.add_task(finalize_log)
    |     ^^^^^^^^^^^^^^^^^^^^^^^^^^^^
    | AttributeError: 'NoneType' object has no attribute 'add_task'
    +------------------------------------

During handling of the above exception, another exception occurred:

Traceback (most recent call last):
  File "C:\micromamba\envs\sad_backend\Lib\site-packages\uvicorn\protocols\http\httptools_impl.py", line 401, in run_asgi
    result = await app(  # type: ignore[func-returns-value]
             ^^^^^^^^^^^^^^^^^^^^^^^^^^^^^^^^^^^^^^^^^^^^^^
  File "C:\micromamba\envs\sad_backend\Lib\site-packages\uvicorn\middleware\proxy_headers.py", line 70, in __call__
    return await self.app(scope, receive, send)
           ^^^^^^^^^^^^^^^^^^^^^^^^^^^^^^^^^^^^
  File "C:\micromamba\envs\sad_backend\Lib\site-packages\fastapi\applications.py", line 1054, in __call__
    await super().__call__(scope, receive, send)
  File "C:\micromamba\envs\sad_backend\Lib\site-packages\starlette\applications.py", line 113, in __call__
    await self.middleware_stack(scope, receive, send)
  File "C:\micromamba\envs\sad_backend\Lib\site-packages\starlette\middleware\errors.py", line 187, in __call__
    raise exc
  File "C:\micromamba\envs\sad_backend\Lib\site-packages\starlette\middleware\errors.py", line 165, in __call__
    await self.app(scope, receive, _send)
  File "C:\micromamba\envs\sad_backend\Lib\site-packages\starlette\middleware\base.py", line 185, in __call__
    with collapse_excgroups():
  File "C:\micromamba\envs\sad_backend\Lib\contextlib.py", line 158, in __exit__
    self.gen.throw(typ, value, traceback)
  File "C:\micromamba\envs\sad_backend\Lib\site-packages\starlette\_utils.py", line 83, in collapse_excgroups
    raise exc
  File "C:\micromamba\envs\sad_backend\Lib\site-packages\starlette\middleware\base.py", line 187, in __call__
    response = await self.dispatch_func(request, call_next)
               ^^^^^^^^^^^^^^^^^^^^^^^^^^^^^^^^^^^^^^^^^^^^
  File "C:\dev\WQDSS\repo_git\backend\app\main.py", line 108, in activity_log_middleware
    response.background.add_task(finalize_log)
    ^^^^^^^^^^^^^^^^^^^^^^^^^^^^
AttributeError: 'NoneType' object has no attribute 'add_task'
ERROR:    Exception in ASGI application
  + Exception Group Traceback (most recent call last):
  |   File "C:\micromamba\envs\sad_backend\Lib\site-packages\starlette\_utils.py", line 77, in collapse_excgroups
  |     yield
  |   File "C:\micromamba\envs\sad_backend\Lib\site-packages\starlette\middleware\base.py", line 186, in __call__
  |     async with anyio.create_task_group() as task_group:
  |   File "C:\micromamba\envs\sad_backend\Lib\site-packages\anyio\_backends\_asyncio.py", line 781, in __aexit__
  |     raise BaseExceptionGroup(
  | ExceptionGroup: unhandled errors in a TaskGroup (1 sub-exception)
  +-+---------------- 1 ----------------
    | Traceback (most recent call last):
    |   File "C:\micromamba\envs\sad_backend\Lib\site-packages\uvicorn\protocols\http\httptools_impl.py", line 401, in run_asgi
    |     result = await app(  # type: ignore[func-returns-value]
    |              ^^^^^^^^^^^^^^^^^^^^^^^^^^^^^^^^^^^^^^^^^^^^^^
    |   File "C:\micromamba\envs\sad_backend\Lib\site-packages\uvicorn\middleware\proxy_headers.py", line 70, in __call__
    |     return await self.app(scope, receive, send)
    |            ^^^^^^^^^^^^^^^^^^^^^^^^^^^^^^^^^^^^
    |   File "C:\micromamba\envs\sad_backend\Lib\site-packages\fastapi\applications.py", line 1054, in __call__
    |     await super().__call__(scope, receive, send)
    |   File "C:\micromamba\envs\sad_backend\Lib\site-packages\starlette\applications.py", line 113, in __call__
    |     await self.middleware_stack(scope, receive, send)
    |   File "C:\micromamba\envs\sad_backend\Lib\site-packages\starlette\middleware\errors.py", line 187, in __call__
    |     raise exc
    |   File "C:\micromamba\envs\sad_backend\Lib\site-packages\starlette\middleware\errors.py", line 165, in __call__
    |     await self.app(scope, receive, _send)
    |   File "C:\micromamba\envs\sad_backend\Lib\site-packages\starlette\middleware\base.py", line 185, in __call__
    |     with collapse_excgroups():
    |   File "C:\micromamba\envs\sad_backend\Lib\contextlib.py", line 158, in __exit__
    |     self.gen.throw(typ, value, traceback)
    |   File "C:\micromamba\envs\sad_backend\Lib\site-packages\starlette\_utils.py", line 83, in collapse_excgroups
    |     raise exc
    |   File "C:\micromamba\envs\sad_backend\Lib\site-packages\starlette\middleware\base.py", line 187, in __call__
    |     response = await self.dispatch_func(request, call_next)
    |                ^^^^^^^^^^^^^^^^^^^^^^^^^^^^^^^^^^^^^^^^^^^^
    |   File "C:\dev\WQDSS\repo_git\backend\app\main.py", line 108, in activity_log_middleware
    |     response.background.add_task(finalize_log)
    |     ^^^^^^^^^^^^^^^^^^^^^^^^^^^^
    | AttributeError: 'NoneType' object has no attribute 'add_task'
    +------------------------------------

During handling of the above exception, another exception occurred:

Traceback (most recent call last):
  File "C:\micromamba\envs\sad_backend\Lib\site-packages\uvicorn\protocols\http\httptools_impl.py", line 401, in run_asgi
    result = await app(  # type: ignore[func-returns-value]
             ^^^^^^^^^^^^^^^^^^^^^^^^^^^^^^^^^^^^^^^^^^^^^^
  File "C:\micromamba\envs\sad_backend\Lib\site-packages\uvicorn\middleware\proxy_headers.py", line 70, in __call__
    return await self.app(scope, receive, send)
           ^^^^^^^^^^^^^^^^^^^^^^^^^^^^^^^^^^^^
  File "C:\micromamba\envs\sad_backend\Lib\site-packages\fastapi\applications.py", line 1054, in __call__
    await super().__call__(scope, receive, send)
  File "C:\micromamba\envs\sad_backend\Lib\site-packages\starlette\applications.py", line 113, in __call__
    await self.middleware_stack(scope, receive, send)
  File "C:\micromamba\envs\sad_backend\Lib\site-packages\starlette\middleware\errors.py", line 187, in __call__
    raise exc
  File "C:\micromamba\envs\sad_backend\Lib\site-packages\starlette\middleware\errors.py", line 165, in __call__
    await self.app(scope, receive, _send)
  File "C:\micromamba\envs\sad_backend\Lib\site-packages\starlette\middleware\base.py", line 185, in __call__
    with collapse_excgroups():
  File "C:\micromamba\envs\sad_backend\Lib\contextlib.py", line 158, in __exit__
    self.gen.throw(typ, value, traceback)
  File "C:\micromamba\envs\sad_backend\Lib\site-packages\starlette\_utils.py", line 83, in collapse_excgroups
    raise exc
  File "C:\micromamba\envs\sad_backend\Lib\site-packages\starlette\middleware\base.py", line 187, in __call__
    response = await self.dispatch_func(request, call_next)
               ^^^^^^^^^^^^^^^^^^^^^^^^^^^^^^^^^^^^^^^^^^^^
  File "C:\dev\WQDSS\repo_git\backend\app\main.py", line 108, in activity_log_middleware
    response.background.add_task(finalize_log)
    ^^^^^^^^^^^^^^^^^^^^^^^^^^^^
AttributeError: 'NoneType' object has no attribute 'add_task'
ERROR:    Exception in ASGI application
  + Exception Group Traceback (most recent call last):
  |   File "C:\micromamba\envs\sad_backend\Lib\site-packages\starlette\_utils.py", line 77, in collapse_excgroups
  |     yield
  |   File "C:\micromamba\envs\sad_backend\Lib\site-packages\starlette\middleware\base.py", line 186, in __call__
  |     async with anyio.create_task_group() as task_group:
  |   File "C:\micromamba\envs\sad_backend\Lib\site-packages\anyio\_backends\_asyncio.py", line 781, in __aexit__
  |     raise BaseExceptionGroup(
  | ExceptionGroup: unhandled errors in a TaskGroup (1 sub-exception)
  +-+---------------- 1 ----------------
    | Traceback (most recent call last):
    |   File "C:\micromamba\envs\sad_backend\Lib\site-packages\uvicorn\protocols\http\httptools_impl.py", line 401, in run_asgi
    |     result = await app(  # type: ignore[func-returns-value]
    |              ^^^^^^^^^^^^^^^^^^^^^^^^^^^^^^^^^^^^^^^^^^^^^^
    |   File "C:\micromamba\envs\sad_backend\Lib\site-packages\uvicorn\middleware\proxy_headers.py", line 70, in __call__
    |     return await self.app(scope, receive, send)
    |            ^^^^^^^^^^^^^^^^^^^^^^^^^^^^^^^^^^^^
    |   File "C:\micromamba\envs\sad_backend\Lib\site-packages\fastapi\applications.py", line 1054, in __call__
    |     await super().__call__(scope, receive, send)
    |   File "C:\micromamba\envs\sad_backend\Lib\site-packages\starlette\applications.py", line 113, in __call__
    |     await self.middleware_stack(scope, receive, send)
    |   File "C:\micromamba\envs\sad_backend\Lib\site-packages\starlette\middleware\errors.py", line 187, in __call__
    |     raise exc
    |   File "C:\micromamba\envs\sad_backend\Lib\site-packages\starlette\middleware\errors.py", line 165, in __call__
    |     await self.app(scope, receive, _send)
    |   File "C:\micromamba\envs\sad_backend\Lib\site-packages\starlette\middleware\base.py", line 185, in __call__
    |     with collapse_excgroups():
    |   File "C:\micromamba\envs\sad_backend\Lib\contextlib.py", line 158, in __exit__
    |     self.gen.throw(typ, value, traceback)
    |   File "C:\micromamba\envs\sad_backend\Lib\site-packages\starlette\_utils.py", line 83, in collapse_excgroups
    |     raise exc
    |   File "C:\micromamba\envs\sad_backend\Lib\site-packages\starlette\middleware\base.py", line 187, in __call__
    |     response = await self.dispatch_func(request, call_next)
    |                ^^^^^^^^^^^^^^^^^^^^^^^^^^^^^^^^^^^^^^^^^^^^
    |   File "C:\dev\WQDSS\repo_git\backend\app\main.py", line 108, in activity_log_middleware
    |     response.background.add_task(finalize_log)
    |     ^^^^^^^^^^^^^^^^^^^^^^^^^^^^
    | AttributeError: 'NoneType' object has no attribute 'add_task'
    +------------------------------------

During handling of the above exception, another exception occurred:

Traceback (most recent call last):
  File "C:\micromamba\envs\sad_backend\Lib\site-packages\uvicorn\protocols\http\httptools_impl.py", line 401, in run_asgi
    result = await app(  # type: ignore[func-returns-value]
             ^^^^^^^^^^^^^^^^^^^^^^^^^^^^^^^^^^^^^^^^^^^^^^
  File "C:\micromamba\envs\sad_backend\Lib\site-packages\uvicorn\middleware\proxy_headers.py", line 70, in __call__
    return await self.app(scope, receive, send)
           ^^^^^^^^^^^^^^^^^^^^^^^^^^^^^^^^^^^^
  File "C:\micromamba\envs\sad_backend\Lib\site-packages\fastapi\applications.py", line 1054, in __call__
    await super().__call__(scope, receive, send)
  File "C:\micromamba\envs\sad_backend\Lib\site-packages\starlette\applications.py", line 113, in __call__
    await self.middleware_stack(scope, receive, send)
  File "C:\micromamba\envs\sad_backend\Lib\site-packages\starlette\middleware\errors.py", line 187, in __call__
    raise exc
  File "C:\micromamba\envs\sad_backend\Lib\site-packages\starlette\middleware\errors.py", line 165, in __call__
    await self.app(scope, receive, _send)
  File "C:\micromamba\envs\sad_backend\Lib\site-packages\starlette\middleware\base.py", line 185, in __call__
    with collapse_excgroups():
  File "C:\micromamba\envs\sad_backend\Lib\contextlib.py", line 158, in __exit__
    self.gen.throw(typ, value, traceback)
  File "C:\micromamba\envs\sad_backend\Lib\site-packages\starlette\_utils.py", line 83, in collapse_excgroups
    raise exc
  File "C:\micromamba\envs\sad_backend\Lib\site-packages\starlette\middleware\base.py", line 187, in __call__
    response = await self.dispatch_func(request, call_next)
               ^^^^^^^^^^^^^^^^^^^^^^^^^^^^^^^^^^^^^^^^^^^^
  File "C:\dev\WQDSS\repo_git\backend\app\main.py", line 108, in activity_log_middleware
    response.background.add_task(finalize_log)
    ^^^^^^^^^^^^^^^^^^^^^^^^^^^^
AttributeError: 'NoneType' object has no attribute 'add_task'
ERROR:    Exception in ASGI application
  + Exception Group Traceback (most recent call last):
  |   File "C:\micromamba\envs\sad_backend\Lib\site-packages\starlette\_utils.py", line 77, in collapse_excgroups
  |     yield
  |   File "C:\micromamba\envs\sad_backend\Lib\site-packages\starlette\middleware\base.py", line 186, in __call__
  |     async with anyio.create_task_group() as task_group:
  |   File "C:\micromamba\envs\sad_backend\Lib\site-packages\anyio\_backends\_asyncio.py", line 781, in __aexit__
  |     raise BaseExceptionGroup(
  | ExceptionGroup: unhandled errors in a TaskGroup (1 sub-exception)
  +-+---------------- 1 ----------------
    | Traceback (most recent call last):
    |   File "C:\micromamba\envs\sad_backend\Lib\site-packages\uvicorn\protocols\http\httptools_impl.py", line 401, in run_asgi
    |     result = await app(  # type: ignore[func-returns-value]
    |              ^^^^^^^^^^^^^^^^^^^^^^^^^^^^^^^^^^^^^^^^^^^^^^
    |   File "C:\micromamba\envs\sad_backend\Lib\site-packages\uvicorn\middleware\proxy_headers.py", line 70, in __call__
    |     return await self.app(scope, receive, send)
    |            ^^^^^^^^^^^^^^^^^^^^^^^^^^^^^^^^^^^^
    |   File "C:\micromamba\envs\sad_backend\Lib\site-packages\fastapi\applications.py", line 1054, in __call__
    |     await super().__call__(scope, receive, send)
    |   File "C:\micromamba\envs\sad_backend\Lib\site-packages\starlette\applications.py", line 113, in __call__
    |     await self.middleware_stack(scope, receive, send)
    |   File "C:\micromamba\envs\sad_backend\Lib\site-packages\starlette\middleware\errors.py", line 187, in __call__
    |     raise exc
    |   File "C:\micromamba\envs\sad_backend\Lib\site-packages\starlette\middleware\errors.py", line 165, in __call__
    |     await self.app(scope, receive, _send)
    |   File "C:\micromamba\envs\sad_backend\Lib\site-packages\starlette\middleware\base.py", line 185, in __call__
    |     with collapse_excgroups():
    |   File "C:\micromamba\envs\sad_backend\Lib\contextlib.py", line 158, in __exit__
    |     self.gen.throw(typ, value, traceback)
    |   File "C:\micromamba\envs\sad_backend\Lib\site-packages\starlette\_utils.py", line 83, in collapse_excgroups
    |     raise exc
    |   File "C:\micromamba\envs\sad_backend\Lib\site-packages\starlette\middleware\base.py", line 187, in __call__
    |     response = await self.dispatch_func(request, call_next)
    |                ^^^^^^^^^^^^^^^^^^^^^^^^^^^^^^^^^^^^^^^^^^^^
    |   File "C:\dev\WQDSS\repo_git\backend\app\main.py", line 108, in activity_log_middleware
    |     response.background.add_task(finalize_log)
    |     ^^^^^^^^^^^^^^^^^^^^^^^^^^^^
    | AttributeError: 'NoneType' object has no attribute 'add_task'
    +------------------------------------

During handling of the above exception, another exception occurred:

Traceback (most recent call last):
  File "C:\micromamba\envs\sad_backend\Lib\site-packages\uvicorn\protocols\http\httptools_impl.py", line 401, in run_asgi
    result = await app(  # type: ignore[func-returns-value]
             ^^^^^^^^^^^^^^^^^^^^^^^^^^^^^^^^^^^^^^^^^^^^^^
  File "C:\micromamba\envs\sad_backend\Lib\site-packages\uvicorn\middleware\proxy_headers.py", line 70, in __call__
    return await self.app(scope, receive, send)
           ^^^^^^^^^^^^^^^^^^^^^^^^^^^^^^^^^^^^
  File "C:\micromamba\envs\sad_backend\Lib\site-packages\fastapi\applications.py", line 1054, in __call__
    await super().__call__(scope, receive, send)
  File "C:\micromamba\envs\sad_backend\Lib\site-packages\starlette\applications.py", line 113, in __call__
    await self.middleware_stack(scope, receive, send)
  File "C:\micromamba\envs\sad_backend\Lib\site-packages\starlette\middleware\errors.py", line 187, in __call__
    raise exc
  File "C:\micromamba\envs\sad_backend\Lib\site-packages\starlette\middleware\errors.py", line 165, in __call__
    await self.app(scope, receive, _send)
  File "C:\micromamba\envs\sad_backend\Lib\site-packages\starlette\middleware\base.py", line 185, in __call__
    with collapse_excgroups():
  File "C:\micromamba\envs\sad_backend\Lib\contextlib.py", line 158, in __exit__
    self.gen.throw(typ, value, traceback)
  File "C:\micromamba\envs\sad_backend\Lib\site-packages\starlette\_utils.py", line 83, in collapse_excgroups
    raise exc
  File "C:\micromamba\envs\sad_backend\Lib\site-packages\starlette\middleware\base.py", line 187, in __call__
    response = await self.dispatch_func(request, call_next)
               ^^^^^^^^^^^^^^^^^^^^^^^^^^^^^^^^^^^^^^^^^^^^
  File "C:\dev\WQDSS\repo_git\backend\app\main.py", line 108, in activity_log_middleware
    response.background.add_task(finalize_log)
    ^^^^^^^^^^^^^^^^^^^^^^^^^^^^
AttributeError: 'NoneType' object has no attribute 'add_task'
ERROR:    Exception in ASGI application
  + Exception Group Traceback (most recent call last):
  |   File "C:\micromamba\envs\sad_backend\Lib\site-packages\starlette\_utils.py", line 77, in collapse_excgroups
  |     yield
  |   File "C:\micromamba\envs\sad_backend\Lib\site-packages\starlette\middleware\base.py", line 186, in __call__
  |     async with anyio.create_task_group() as task_group:
  |   File "C:\micromamba\envs\sad_backend\Lib\site-packages\anyio\_backends\_asyncio.py", line 781, in __aexit__
  |     raise BaseExceptionGroup(
  | ExceptionGroup: unhandled errors in a TaskGroup (1 sub-exception)
  +-+---------------- 1 ----------------
    | Traceback (most recent call last):
    |   File "C:\micromamba\envs\sad_backend\Lib\site-packages\uvicorn\protocols\http\httptools_impl.py", line 401, in run_asgi
    |     result = await app(  # type: ignore[func-returns-value]
    |              ^^^^^^^^^^^^^^^^^^^^^^^^^^^^^^^^^^^^^^^^^^^^^^
    |   File "C:\micromamba\envs\sad_backend\Lib\site-packages\uvicorn\middleware\proxy_headers.py", line 70, in __call__
    |     return await self.app(scope, receive, send)
    |            ^^^^^^^^^^^^^^^^^^^^^^^^^^^^^^^^^^^^
    |   File "C:\micromamba\envs\sad_backend\Lib\site-packages\fastapi\applications.py", line 1054, in __call__
    |     await super().__call__(scope, receive, send)
    |   File "C:\micromamba\envs\sad_backend\Lib\site-packages\starlette\applications.py", line 113, in __call__
    |     await self.middleware_stack(scope, receive, send)
    |   File "C:\micromamba\envs\sad_backend\Lib\site-packages\starlette\middleware\errors.py", line 187, in __call__
    |     raise exc
    |   File "C:\micromamba\envs\sad_backend\Lib\site-packages\starlette\middleware\errors.py", line 165, in __call__
    |     await self.app(scope, receive, _send)
    |   File "C:\micromamba\envs\sad_backend\Lib\site-packages\starlette\middleware\base.py", line 185, in __call__
    |     with collapse_excgroups():
    |   File "C:\micromamba\envs\sad_backend\Lib\contextlib.py", line 158, in __exit__
    |     self.gen.throw(typ, value, traceback)
    |   File "C:\micromamba\envs\sad_backend\Lib\site-packages\starlette\_utils.py", line 83, in collapse_excgroups
    |     raise exc
    |   File "C:\micromamba\envs\sad_backend\Lib\site-packages\starlette\middleware\base.py", line 187, in __call__
    |     response = await self.dispatch_func(request, call_next)
    |                ^^^^^^^^^^^^^^^^^^^^^^^^^^^^^^^^^^^^^^^^^^^^
    |   File "C:\dev\WQDSS\repo_git\backend\app\main.py", line 108, in activity_log_middleware
    |     response.background.add_task(finalize_log)
    |     ^^^^^^^^^^^^^^^^^^^^^^^^^^^^
    | AttributeError: 'NoneType' object has no attribute 'add_task'
    +------------------------------------

During handling of the above exception, another exception occurred:

Traceback (most recent call last):
  File "C:\micromamba\envs\sad_backend\Lib\site-packages\uvicorn\protocols\http\httptools_impl.py", line 401, in run_asgi
    result = await app(  # type: ignore[func-returns-value]
             ^^^^^^^^^^^^^^^^^^^^^^^^^^^^^^^^^^^^^^^^^^^^^^
  File "C:\micromamba\envs\sad_backend\Lib\site-packages\uvicorn\middleware\proxy_headers.py", line 70, in __call__
    return await self.app(scope, receive, send)
           ^^^^^^^^^^^^^^^^^^^^^^^^^^^^^^^^^^^^
  File "C:\micromamba\envs\sad_backend\Lib\site-packages\fastapi\applications.py", line 1054, in __call__
    await super().__call__(scope, receive, send)
  File "C:\micromamba\envs\sad_backend\Lib\site-packages\starlette\applications.py", line 113, in __call__
    await self.middleware_stack(scope, receive, send)
  File "C:\micromamba\envs\sad_backend\Lib\site-packages\starlette\middleware\errors.py", line 187, in __call__
    raise exc
  File "C:\micromamba\envs\sad_backend\Lib\site-packages\starlette\middleware\errors.py", line 165, in __call__
    await self.app(scope, receive, _send)
  File "C:\micromamba\envs\sad_backend\Lib\site-packages\starlette\middleware\base.py", line 185, in __call__
    with collapse_excgroups():
  File "C:\micromamba\envs\sad_backend\Lib\contextlib.py", line 158, in __exit__
    self.gen.throw(typ, value, traceback)
  File "C:\micromamba\envs\sad_backend\Lib\site-packages\starlette\_utils.py", line 83, in collapse_excgroups
    raise exc
  File "C:\micromamba\envs\sad_backend\Lib\site-packages\starlette\middleware\base.py", line 187, in __call__
    response = await self.dispatch_func(request, call_next)
               ^^^^^^^^^^^^^^^^^^^^^^^^^^^^^^^^^^^^^^^^^^^^
  File "C:\dev\WQDSS\repo_git\backend\app\main.py", line 108, in activity_log_middleware
    response.background.add_task(finalize_log)
    ^^^^^^^^^^^^^^^^^^^^^^^^^^^^
AttributeError: 'NoneType' object has no attribute 'add_task'
ERROR:    Exception in ASGI application
  + Exception Group Traceback (most recent call last):
  |   File "C:\micromamba\envs\sad_backend\Lib\site-packages\starlette\_utils.py", line 77, in collapse_excgroups
  |     yield
  |   File "C:\micromamba\envs\sad_backend\Lib\site-packages\starlette\middleware\base.py", line 186, in __call__
  |     async with anyio.create_task_group() as task_group:
  |   File "C:\micromamba\envs\sad_backend\Lib\site-packages\anyio\_backends\_asyncio.py", line 781, in __aexit__
  |     raise BaseExceptionGroup(
  | ExceptionGroup: unhandled errors in a TaskGroup (1 sub-exception)
  +-+---------------- 1 ----------------
    | Traceback (most recent call last):
    |   File "C:\micromamba\envs\sad_backend\Lib\site-packages\uvicorn\protocols\http\httptools_impl.py", line 401, in run_asgi
    |     result = await app(  # type: ignore[func-returns-value]
    |              ^^^^^^^^^^^^^^^^^^^^^^^^^^^^^^^^^^^^^^^^^^^^^^
    |   File "C:\micromamba\envs\sad_backend\Lib\site-packages\uvicorn\middleware\proxy_headers.py", line 70, in __call__
    |     return await self.app(scope, receive, send)
    |            ^^^^^^^^^^^^^^^^^^^^^^^^^^^^^^^^^^^^
    |   File "C:\micromamba\envs\sad_backend\Lib\site-packages\fastapi\applications.py", line 1054, in __call__
    |     await super().__call__(scope, receive, send)
    |   File "C:\micromamba\envs\sad_backend\Lib\site-packages\starlette\applications.py", line 113, in __call__
    |     await self.middleware_stack(scope, receive, send)
    |   File "C:\micromamba\envs\sad_backend\Lib\site-packages\starlette\middleware\errors.py", line 187, in __call__
    |     raise exc
    |   File "C:\micromamba\envs\sad_backend\Lib\site-packages\starlette\middleware\errors.py", line 165, in __call__
    |     await self.app(scope, receive, _send)
    |   File "C:\micromamba\envs\sad_backend\Lib\site-packages\starlette\middleware\base.py", line 185, in __call__
    |     with collapse_excgroups():
    |   File "C:\micromamba\envs\sad_backend\Lib\contextlib.py", line 158, in __exit__
    |     self.gen.throw(typ, value, traceback)
    |   File "C:\micromamba\envs\sad_backend\Lib\site-packages\starlette\_utils.py", line 83, in collapse_excgroups
    |     raise exc
    |   File "C:\micromamba\envs\sad_backend\Lib\site-packages\starlette\middleware\base.py", line 187, in __call__
    |     response = await self.dispatch_func(request, call_next)
    |                ^^^^^^^^^^^^^^^^^^^^^^^^^^^^^^^^^^^^^^^^^^^^
    |   File "C:\dev\WQDSS\repo_git\backend\app\main.py", line 108, in activity_log_middleware
    |     response.background.add_task(finalize_log)
    |     ^^^^^^^^^^^^^^^^^^^^^^^^^^^^
    | AttributeError: 'NoneType' object has no attribute 'add_task'
    +------------------------------------

During handling of the above exception, another exception occurred:

Traceback (most recent call last):
  File "C:\micromamba\envs\sad_backend\Lib\site-packages\uvicorn\protocols\http\httptools_impl.py", line 401, in run_asgi
    result = await app(  # type: ignore[func-returns-value]
             ^^^^^^^^^^^^^^^^^^^^^^^^^^^^^^^^^^^^^^^^^^^^^^
  File "C:\micromamba\envs\sad_backend\Lib\site-packages\uvicorn\middleware\proxy_headers.py", line 70, in __call__
    return await self.app(scope, receive, send)
           ^^^^^^^^^^^^^^^^^^^^^^^^^^^^^^^^^^^^
  File "C:\micromamba\envs\sad_backend\Lib\site-packages\fastapi\applications.py", line 1054, in __call__
    await super().__call__(scope, receive, send)
  File "C:\micromamba\envs\sad_backend\Lib\site-packages\starlette\applications.py", line 113, in __call__
    await self.middleware_stack(scope, receive, send)
  File "C:\micromamba\envs\sad_backend\Lib\site-packages\starlette\middleware\errors.py", line 187, in __call__
    raise exc
  File "C:\micromamba\envs\sad_backend\Lib\site-packages\starlette\middleware\errors.py", line 165, in __call__
    await self.app(scope, receive, _send)
  File "C:\micromamba\envs\sad_backend\Lib\site-packages\starlette\middleware\base.py", line 185, in __call__
    with collapse_excgroups():
  File "C:\micromamba\envs\sad_backend\Lib\contextlib.py", line 158, in __exit__
    self.gen.throw(typ, value, traceback)
  File "C:\micromamba\envs\sad_backend\Lib\site-packages\starlette\_utils.py", line 83, in collapse_excgroups
    raise exc
  File "C:\micromamba\envs\sad_backend\Lib\site-packages\starlette\middleware\base.py", line 187, in __call__
    response = await self.dispatch_func(request, call_next)
               ^^^^^^^^^^^^^^^^^^^^^^^^^^^^^^^^^^^^^^^^^^^^
  File "C:\dev\WQDSS\repo_git\backend\app\main.py", line 108, in activity_log_middleware
    response.background.add_task(finalize_log)
    ^^^^^^^^^^^^^^^^^^^^^^^^^^^^
AttributeError: 'NoneType' object has no attribute 'add_task'
ERROR:    Exception in ASGI application
  + Exception Group Traceback (most recent call last):
  |   File "C:\micromamba\envs\sad_backend\Lib\site-packages\starlette\_utils.py", line 77, in collapse_excgroups
  |     yield
  |   File "C:\micromamba\envs\sad_backend\Lib\site-packages\starlette\middleware\base.py", line 186, in __call__
  |     async with anyio.create_task_group() as task_group:
  |   File "C:\micromamba\envs\sad_backend\Lib\site-packages\anyio\_backends\_asyncio.py", line 781, in __aexit__
  |     raise BaseExceptionGroup(
  | ExceptionGroup: unhandled errors in a TaskGroup (1 sub-exception)
  +-+---------------- 1 ----------------
    | Traceback (most recent call last):
    |   File "C:\micromamba\envs\sad_backend\Lib\site-packages\uvicorn\protocols\http\httptools_impl.py", line 401, in run_asgi
    |     result = await app(  # type: ignore[func-returns-value]
    |              ^^^^^^^^^^^^^^^^^^^^^^^^^^^^^^^^^^^^^^^^^^^^^^
    |   File "C:\micromamba\envs\sad_backend\Lib\site-packages\uvicorn\middleware\proxy_headers.py", line 70, in __call__
    |     return await self.app(scope, receive, send)
    |            ^^^^^^^^^^^^^^^^^^^^^^^^^^^^^^^^^^^^
    |   File "C:\micromamba\envs\sad_backend\Lib\site-packages\fastapi\applications.py", line 1054, in __call__
    |     await super().__call__(scope, receive, send)
    |   File "C:\micromamba\envs\sad_backend\Lib\site-packages\starlette\applications.py", line 113, in __call__
    |     await self.middleware_stack(scope, receive, send)
    |   File "C:\micromamba\envs\sad_backend\Lib\site-packages\starlette\middleware\errors.py", line 187, in __call__
    |     raise exc
    |   File "C:\micromamba\envs\sad_backend\Lib\site-packages\starlette\middleware\errors.py", line 165, in __call__
    |     await self.app(scope, receive, _send)
    |   File "C:\micromamba\envs\sad_backend\Lib\site-packages\starlette\middleware\base.py", line 185, in __call__
    |     with collapse_excgroups():
    |   File "C:\micromamba\envs\sad_backend\Lib\contextlib.py", line 158, in __exit__
    |     self.gen.throw(typ, value, traceback)
    |   File "C:\micromamba\envs\sad_backend\Lib\site-packages\starlette\_utils.py", line 83, in collapse_excgroups
    |     raise exc
    |   File "C:\micromamba\envs\sad_backend\Lib\site-packages\starlette\middleware\base.py", line 187, in __call__
    |     response = await self.dispatch_func(request, call_next)
    |                ^^^^^^^^^^^^^^^^^^^^^^^^^^^^^^^^^^^^^^^^^^^^
    |   File "C:\dev\WQDSS\repo_git\backend\app\main.py", line 108, in activity_log_middleware
    |     response.background.add_task(finalize_log)
    |     ^^^^^^^^^^^^^^^^^^^^^^^^^^^^
    | AttributeError: 'NoneType' object has no attribute 'add_task'
    +------------------------------------

During handling of the above exception, another exception occurred:

Traceback (most recent call last):
  File "C:\micromamba\envs\sad_backend\Lib\site-packages\uvicorn\protocols\http\httptools_impl.py", line 401, in run_asgi
    result = await app(  # type: ignore[func-returns-value]
             ^^^^^^^^^^^^^^^^^^^^^^^^^^^^^^^^^^^^^^^^^^^^^^
  File "C:\micromamba\envs\sad_backend\Lib\site-packages\uvicorn\middleware\proxy_headers.py", line 70, in __call__
    return await self.app(scope, receive, send)
           ^^^^^^^^^^^^^^^^^^^^^^^^^^^^^^^^^^^^
  File "C:\micromamba\envs\sad_backend\Lib\site-packages\fastapi\applications.py", line 1054, in __call__
    await super().__call__(scope, receive, send)
  File "C:\micromamba\envs\sad_backend\Lib\site-packages\starlette\applications.py", line 113, in __call__
    await self.middleware_stack(scope, receive, send)
  File "C:\micromamba\envs\sad_backend\Lib\site-packages\starlette\middleware\errors.py", line 187, in __call__
    raise exc
  File "C:\micromamba\envs\sad_backend\Lib\site-packages\starlette\middleware\errors.py", line 165, in __call__
    await self.app(scope, receive, _send)
  File "C:\micromamba\envs\sad_backend\Lib\site-packages\starlette\middleware\base.py", line 185, in __call__
    with collapse_excgroups():
  File "C:\micromamba\envs\sad_backend\Lib\contextlib.py", line 158, in __exit__
    self.gen.throw(typ, value, traceback)
  File "C:\micromamba\envs\sad_backend\Lib\site-packages\starlette\_utils.py", line 83, in collapse_excgroups
    raise exc
  File "C:\micromamba\envs\sad_backend\Lib\site-packages\starlette\middleware\base.py", line 187, in __call__
    response = await self.dispatch_func(request, call_next)
               ^^^^^^^^^^^^^^^^^^^^^^^^^^^^^^^^^^^^^^^^^^^^
  File "C:\dev\WQDSS\repo_git\backend\app\main.py", line 108, in activity_log_middleware
    response.background.add_task(finalize_log)
    ^^^^^^^^^^^^^^^^^^^^^^^^^^^^
AttributeError: 'NoneType' object has no attribute 'add_task'
^C