parametre,source_table,candidats_geo,ambiguite_type,decision,confiance,justification
[multi],staging.raw_idp_2024_mesures_qualite_globale,infra.rejet_domestique:265:MOG_DOM_R1:rejet_domestique:0.000 || qualite.source_pollution_prelevement:2f985d34-17ac-414b-ba06-8ceb1d2ebb71:MOG_DOM_R1:point_pollution:0.000,rejet_vs_point_pollution_duplique,RATTACHEMENT_RECOMMANDE,FORTE,Le point de mesure qualite doit prioritairement se rattacher a `qualite.source_pollution_prelevement` ; le rejet infra reste l'entite source amont.
[multi],staging.raw_idp_2024_mesures_qualite_globale,infra.rejet_abattoir:12:abattoir:rejet_abattoir:0.000 || qualite.source_pollution_prelevement:b9aecc56-6de3-4ff6-adf1-c79d5e432e53:SAT_DOM_R2:point_pollution:0.000,rejet_vs_point_pollution_duplique,RATTACHEMENT_RECOMMANDE,FORTE,Le point de mesure qualite doit prioritairement se rattacher a `qualite.source_pollution_prelevement` ; le rejet infra reste l'entite source amont.
[multi],staging.raw_idp_2024_mesures_qualite_globale,infra.rejet_domestique:281:RG-TFL-1:rejet_domestique:0.000 || qualite.source_pollution_prelevement:f68798b4-5558-4cbc-897e-1d5a9d4e2f3c:RG_TFL_1:point_pollution:0.000,rejet_vs_point_pollution_duplique,RATTACHEMENT_RECOMMANDE,FORTE,Le point de mesure qualite doit prioritairement se rattacher a `qualite.source_pollution_prelevement` ; le rejet infra reste l'entite source amont.
[multi],staging.raw_idp_2024_mesures_qualite_globale,infra.rejet_domestique:304:MBK_DOM_R4:rejet_domestique:0.000 || qualite.source_pollution_prelevement:0fbe6e92-f62d-4f94-934e-ab696daa3593:MBK_DOM_R4:point_pollution:0.000,rejet_vs_point_pollution_duplique,RATTACHEMENT_RECOMMANDE,FORTE,Le point de mesure qualite doit prioritairement se rattacher a `qualite.source_pollution_prelevement` ; le rejet infra reste l'entite source amont.
[multi],staging.raw_idp_2024_mesures_qualite_globale,infra.rejet_domestique:354:DBA_DOM1_R1:rejet_domestique:0.000 || qualite.source_pollution_prelevement:6438fc4c-16df-408e-8098-91f5c6bccd17:DBA_DOM1_R1:point_pollution:0.000,rejet_vs_point_pollution_duplique,RATTACHEMENT_RECOMMANDE,FORTE,Le point de mesure qualite doit prioritairement se rattacher a `qualite.source_pollution_prelevement` ; le rejet infra reste l'entite source amont.
[multi],staging.raw_idp_2024_mesures_qualite_globale,infra.rejet_domestique:358:rejet_domestique:rejet_domestique:0.000 || qualite.source_pollution_prelevement:4a46adb5-7b4f-4e13-8c4e-6e09e5b586f1:MBK_DOM_R6:point_pollution:0.000,rejet_vs_point_pollution_duplique,RATTACHEMENT_RECOMMANDE,FORTE,Le point de mesure qualite doit prioritairement se rattacher a `qualite.source_pollution_prelevement` ; le rejet infra reste l'entite source amont.
[multi],staging.raw_idp_2024_mesures_qualite_globale,infra.rejet_domestique:324:MBK_DOM_R5:rejet_domestique:0.000 || qualite.source_pollution_prelevement:4fdf2fd1-e963-4b5c-ab6d-13d3ddd4e305:MBK_DOM_R5:point_pollution:0.000,rejet_vs_point_pollution_duplique,RATTACHEMENT_RECOMMANDE,FORTE,Le point de mesure qualite doit prioritairement se rattacher a `qualite.source_pollution_prelevement` ; le rejet infra reste l'entite source amont.
[multi],staging.raw_idp_2024_mesures_qualite_globale,infra.rejet_domestique:305:MBK_DOM_R3:rejet_domestique:0.000 || qualite.source_pollution_prelevement:f76d0e0f-3d88-4c9d-b223-e57754f23b18:MBK_DOM_R3:point_pollution:0.000,rejet_vs_point_pollution_duplique,RATTACHEMENT_RECOMMANDE,FORTE,Le point de mesure qualite doit prioritairement se rattacher a `qualite.source_pollution_prelevement` ; le rejet infra reste l'entite source amont.
[multi],staging.raw_idp_2024_mesures_qualite_globale,infra.rejet_domestique:285:RG-AIS-1:rejet_domestique:0.000 || qualite.source_pollution_prelevement:a8f0df95-b166-4088-be4c-fe96ca758dcc:RG_AIS_1:point_pollution:0.000,rejet_vs_point_pollution_duplique,RATTACHEMENT_RECOMMANDE,FORTE,Le point de mesure qualite doit prioritairement se rattacher a `qualite.source_pollution_prelevement` ; le rejet infra reste l'entite source amont.
[multi],staging.raw_idp_2024_mesures_qualite_globale,infra.rejet_abattoir:57:abattoir:rejet_abattoir:0.000 || infra.rejet_domestique:323:HFT_DOM_R3:rejet_domestique:0.000 || qualite.source_pollution_prelevement:4dd231f8-eb38-4fb5-9084-313cf923cc81:HFT_DOM_R3:point_pollution:0.000,rejet_vs_point_pollution_duplique,RATTACHEMENT_RECOMMANDE,FORTE,Le point de mesure qualite doit prioritairement se rattacher a `qualite.source_pollution_prelevement` ; le rejet infra reste l'entite source amont.
[multi],staging.raw_idp_2024_mesures_qualite_globale,infra.rejet_domestique:322:HFT_DOM_R2:rejet_domestique:0.000 || qualite.source_pollution_prelevement:80163078-e1b6-4309-8fe9-546bb2ef0c16:HFT_DOM_R2:point_pollution:0.000,rejet_vs_point_pollution_duplique,RATTACHEMENT_RECOMMANDE,FORTE,Le point de mesure qualite doit prioritairement se rattacher a `qualite.source_pollution_prelevement` ; le rejet infra reste l'entite source amont.
[multi],staging.raw_idp_2024_mesures_qualite_globale,infra.rejet_domestique:317:SAH_DOM1_R1:rejet_domestique:0.000 || qualite.source_pollution_prelevement:60cce4ea-41f1-48a0-b348-2979bcb52f00:SAH_DOM1_R1:point_pollution:0.000,rejet_vs_point_pollution_duplique,RATTACHEMENT_RECOMMANDE,FORTE,Le point de mesure qualite doit prioritairement se rattacher a `qualite.source_pollution_prelevement` ; le rejet infra reste l'entite source amont.
[multi],staging.raw_idp_2024_mesures_qualite_globale,infra.rejet_domestique:356:MSA_DOM1:rejet_domestique:0.000 || qualite.source_pollution_prelevement:6289e494-ea98-4bce-a513-a2cb1f3ae976:MSA_DOM1:point_pollution:0.000,rejet_vs_point_pollution_duplique,RATTACHEMENT_RECOMMANDE,FORTE,Le point de mesure qualite doit prioritairement se rattacher a `qualite.source_pollution_prelevement` ; le rejet infra reste l'entite source amont.
[multi],staging.raw_idp_2024_mesures_qualite_globale,infra.rejet_domestique:361:rejet_domestique:rejet_domestique:0.000 || qualite.source_pollution_prelevement:ac9987a5-5e00-44db-84a7-bf159aa27533:OHN_DOM_R1:point_pollution:0.000,rejet_vs_point_pollution_duplique,RATTACHEMENT_RECOMMANDE,FORTE,Le point de mesure qualite doit prioritairement se rattacher a `qualite.source_pollution_prelevement` ; le rejet infra reste l'entite source amont.
[multi],staging.raw_idp_2024_mesures_qualite_globale,infra.rejet_domestique:333:AID_DOM1_R4:rejet_domestique:0.000 || qualite.source_pollution_prelevement:424beca5-abf2-4db2-b225-ba1fa794c241:AID_DOM1_R4:point_pollution:0.000,rejet_vs_point_pollution_duplique,RATTACHEMENT_RECOMMANDE,FORTE,Le point de mesure qualite doit prioritairement se rattacher a `qualite.source_pollution_prelevement` ; le rejet infra reste l'entite source amont.
[multi],staging.raw_idp_2024_mesures_qualite_globale,infra.rejet_domestique:319:SAZ_DOM_R1:rejet_domestique:0.000 || qualite.source_pollution_prelevement:fe443c35-7251-4506-a1be-ce22109f0838:SAZ_DOM_R1:point_pollution:0.000,rejet_vs_point_pollution_duplique,RATTACHEMENT_RECOMMANDE,FORTE,Le point de mesure qualite doit prioritairement se rattacher a `qualite.source_pollution_prelevement` ; le rejet infra reste l'entite source amont.
[multi],staging.raw_idp_2024_mesures_qualite_globale,infra.rejet_domestique:307:SDK_DOM1_R2:rejet_domestique:0.000 || qualite.source_pollution_prelevement:bcd69398-645c-4989-86aa-86dfe79e807e:SDK_DOM1_R2:point_pollution:0.000,rejet_vs_point_pollution_duplique,RATTACHEMENT_RECOMMANDE,FORTE,Le point de mesure qualite doit prioritairement se rattacher a `qualite.source_pollution_prelevement` ; le rejet infra reste l'entite source amont.
[multi],staging.raw_idp_2024_mesures_qualite_globale,infra.rejet_domestique:320:SAZ_DOM_R2:rejet_domestique:0.000 || infra.step:38:SAZ_DOM_R2:step:0.000 || qualite.source_pollution_prelevement:b5d496e7-6c4c-45f7-9414-9ae2ac7c4291:SAZ_DOM_R2:point_pollution:0.000,rejet_vs_point_pollution_duplique,RATTACHEMENT_RECOMMANDE,FORTE,Le point de mesure qualite doit prioritairement se rattacher a `qualite.source_pollution_prelevement` ; le rejet infra reste l'entite source amont.
[multi],staging.raw_idp_2024_mesures_qualite_globale,infra.rejet_domestique:67:SJH_DOM1_R1:rejet_domestique:0.000 || qualite.source_pollution_prelevement:5481ccb0-fa5b-4186-91b4-2e9db75d423e:SJH_DOM1_R1 (EM):point_pollution:0.000,rejet_vs_point_pollution_duplique,RATTACHEMENT_RECOMMANDE,FORTE,Le point de mesure qualite doit prioritairement se rattacher a `qualite.source_pollution_prelevement` ; le rejet infra reste l'entite source amont.
[multi],staging.raw_idp_2024_mesures_qualite_globale,infra.rejet_domestique:45:AKA_PDOM1_R1:rejet_domestique:0.000 || qualite.source_pollution_prelevement:14190687-4e1f-4d41-a586-d28343d2b67a:AKA_PDOM1_R1:point_pollution:0.000,rejet_vs_point_pollution_duplique,RATTACHEMENT_RECOMMANDE,FORTE,Le point de mesure qualite doit prioritairement se rattacher a `qualite.source_pollution_prelevement` ; le rejet infra reste l'entite source amont.
[multi],staging.raw_idp_2024_mesures_qualite_globale,infra.rejet_abattoir:8:abattoir:rejet_abattoir:0.000 || qualite.source_pollution_prelevement:8d945cb4-e20c-4f73-9f4c-9448facf2515:REJET ABATTOIR AGOURAI:point_pollution:0.000,rejet_vs_point_pollution_duplique,RATTACHEMENT_RECOMMANDE,FORTE,Le point de mesure qualite doit prioritairement se rattacher a `qualite.source_pollution_prelevement` ; le rejet infra reste l'entite source amont.
[multi],staging.raw_idp_2024_mesures_qualite_globale,infra.rejet_domestique:315:AID_DOM1_R4:rejet_domestique:0.000 || qualite.source_pollution_prelevement:cd36b469-12c7-4ea5-a380-10d452913ba6:AID_DOM1_R4 (AIN DFALI):point_pollution:0.000,rejet_vs_point_pollution_duplique,RATTACHEMENT_RECOMMANDE,FORTE,Le point de mesure qualite doit prioritairement se rattacher a `qualite.source_pollution_prelevement` ; le rejet infra reste l'entite source amont.
[multi],staging.raw_idp_2024_mesures_qualite_globale,infra.rejet_domestique:39:DDZ_PDOM1_R1:rejet_domestique:0.000 || qualite.source_pollution_prelevement:68380ac7-f435-438d-bb11-403f9f704109:DDZ_PDOM1_R1:point_pollution:0.000,rejet_vs_point_pollution_duplique,RATTACHEMENT_RECOMMANDE,FORTE,Le point de mesure qualite doit prioritairement se rattacher a `qualite.source_pollution_prelevement` ; le rejet infra reste l'entite source amont.
[multi],staging.raw_idp_2024_mesures_qualite_globale,infra.rejet_domestique:328:JEM_DOM_R3:rejet_domestique:0.000 || qualite.source_pollution_prelevement:83d63ebe-6ecf-4a59-8966-55d005261dd0:JEM_DOM_R3:point_pollution:0.000,rejet_vs_point_pollution_duplique,RATTACHEMENT_RECOMMANDE,FORTE,Le point de mesure qualite doit prioritairement se rattacher a `qualite.source_pollution_prelevement` ; le rejet infra reste l'entite source amont.
[multi],staging.raw_idp_2024_mesures_qualite_globale,infra.rejet_domestique:302:JEM_DOM_R1:rejet_domestique:0.000 || qualite.source_pollution_prelevement:f765f66a-27c4-4820-9cf0-c8c70fd1eee9:JEM_DOM_R1:point_pollution:0.000,rejet_vs_point_pollution_duplique,RATTACHEMENT_RECOMMANDE,FORTE,Le point de mesure qualite doit prioritairement se rattacher a `qualite.source_pollution_prelevement` ; le rejet infra reste l'entite source amont.
[multi],staging.raw_idp_2024_mesures_qualite_globale,qualite.source_pollution_prelevement:bb68f7f7-4ffd-4f0b-bb50-8a4685fd4c86:REJET ABATTOIR MOULAY DRISS ZRHOUN:point_pollution:0.000 || infra.rejet_abattoir:18:abattoir:rejet_abattoir:0.374,rejet_vs_point_pollution_duplique,RATTACHEMENT_RECOMMANDE,FORTE,Le point de mesure qualite doit prioritairement se rattacher a `qualite.source_pollution_prelevement` ; le rejet infra reste l'entite source amont.
[multi],staging.raw_idp_2024_mesures_qualite_globale,infra.rejet_domestique:36:BFK_PDOM1_R1:rejet_domestique:0.000 || qualite.source_pollution_prelevement:ebf1b263-05be-4f1a-870c-bb551faa79a7:BFK_PDOM1_R1 (EM):point_pollution:0.000,rejet_vs_point_pollution_duplique,RATTACHEMENT_RECOMMANDE,FORTE,Le point de mesure qualite doit prioritairement se rattacher a `qualite.source_pollution_prelevement` ; le rejet infra reste l'entite source amont.
[multi],staging.raw_idp_2024_mesures_qualite_globale,infra.rejet_domestique:52:SMK_PDOM1_R2:rejet_domestique:0.000 || qualite.source_pollution_prelevement:8f9bc954-1498-4183-9bd7-03c269dd6633:SMK_PDOM1_R2:point_pollution:0.000,rejet_vs_point_pollution_duplique,RATTACHEMENT_RECOMMANDE,FORTE,Le point de mesure qualite doit prioritairement se rattacher a `qualite.source_pollution_prelevement` ; le rejet infra reste l'entite source amont.
[multi],staging.raw_idp_2024_mesures_qualite_globale,qualite.source_pollution_prelevement:f9dc00c2-20b1-41df-88b8-126b0db3afef:SDR_PDOM_R1:point_pollution:0.000 || infra.rejet_domestique:28:SDR_PDOM_R1:rejet_domestique:0.484,rejet_vs_point_pollution_duplique,RATTACHEMENT_RECOMMANDE,FORTE,Le point de mesure qualite doit prioritairement se rattacher a `qualite.source_pollution_prelevement` ; le rejet infra reste l'entite source amont.
[multi],staging.raw_idp_2024_mesures_qualite_globale,infra.rejet_domestique:180:MKS_DOM_R1:rejet_domestique:0.000 || qualite.source_pollution_prelevement:bb98b07e-942b-4aa5-8613-96be4f1d54af:MKS_DOM_R1:point_pollution:0.000,rejet_vs_point_pollution_duplique,RATTACHEMENT_RECOMMANDE,FORTE,Le point de mesure qualite doit prioritairement se rattacher a `qualite.source_pollution_prelevement` ; le rejet infra reste l'entite source amont.
[multi],staging.raw_idp_2024_mesures_qualite_globale,infra.rejet_abattoir:23:abattoir:rejet_abattoir:0.000 || qualite.source_pollution_prelevement:cbd47ce5-5f32-4fb2-85a7-1c6db850bdea:REJET ABATTOIR SIDI REDOUANE:point_pollution:0.000,rejet_vs_point_pollution_duplique,RATTACHEMENT_RECOMMANDE,FORTE,Le point de mesure qualite doit prioritairement se rattacher a `qualite.source_pollution_prelevement` ; le rejet infra reste l'entite source amont.
[multi],staging.raw_idp_2024_mesures_qualite_globale,infra.rejet_abattoir:39:abattoir:rejet_abattoir:0.000 || qualite.source_pollution_prelevement:38f36bb3-ea36-4452-aaa4-aaabe83cd312:MKS_DOM_R2:point_pollution:0.000,rejet_vs_point_pollution_duplique,RATTACHEMENT_RECOMMANDE,FORTE,Le point de mesure qualite doit prioritairement se rattacher a `qualite.source_pollution_prelevement` ; le rejet infra reste l'entite source amont.
[multi],staging.raw_idp_2024_mesures_qualite_globale,infra.rejet_domestique:57:_PDOM1_R1:rejet_domestique:0.000 || qualite.source_pollution_prelevement:ae4cef62-dd30-481a-a2af-e71f50107e1b:NBA_PDOM1_R1:point_pollution:0.000,rejet_vs_point_pollution_duplique,RATTACHEMENT_RECOMMANDE,FORTE,Le point de mesure qualite doit prioritairement se rattacher a `qualite.source_pollution_prelevement` ; le rejet infra reste l'entite source amont.
[multi],staging.raw_idp_2024_mesures_qualite_globale,infra.rejet_domestique:53:CHQ_DOM_R1:rejet_domestique:0.000 || qualite.source_pollution_prelevement:19dcacad-6a38-4cfc-b1cb-7b798d4be1af:CHQ_DOM_R1:point_pollution:0.000,rejet_vs_point_pollution_duplique,RATTACHEMENT_RECOMMANDE,FORTE,Le point de mesure qualite doit prioritairement se rattacher a `qualite.source_pollution_prelevement` ; le rejet infra reste l'entite source amont.
[multi],staging.raw_idp_2024_mesures_qualite_globale,infra.rejet_domestique:54:CHQ_DOM_R2:rejet_domestique:0.000 || qualite.source_pollution_prelevement:5d7f87d9-e866-4f98-a2ae-d7d34dd054a6:CHQ_DOM_R2:point_pollution:0.000,rejet_vs_point_pollution_duplique,RATTACHEMENT_RECOMMANDE,FORTE,Le point de mesure qualite doit prioritairement se rattacher a `qualite.source_pollution_prelevement` ; le rejet infra reste l'entite source amont.
[multi],staging.raw_idp_2024_mesures_qualite_globale,infra.rejet_domestique:63:SBA_DOM1_R1:rejet_domestique:0.000 || qualite.source_pollution_prelevement:4590efdb-62b4-424a-9af1-5ddb27f135cf:SBA_DOM1_R1 (EM):point_pollution:0.000,rejet_vs_point_pollution_duplique,RATTACHEMENT_RECOMMANDE,FORTE,Le point de mesure qualite doit prioritairement se rattacher a `qualite.source_pollution_prelevement` ; le rejet infra reste l'entite source amont.
[multi],staging.raw_idp_2024_mesures_qualite_globale,infra.rejet_abattoir:22:abattoir:rejet_abattoir:0.000 || qualite.source_pollution_prelevement:7058ae42-6d16-46f2-8470-0dd46cb63675:REJET ABATTOIR SIDI BOUSBER:point_pollution:0.000,rejet_vs_point_pollution_duplique,RATTACHEMENT_RECOMMANDE,FORTE,Le point de mesure qualite doit prioritairement se rattacher a `qualite.source_pollution_prelevement` ; le rejet infra reste l'entite source amont.
[multi],staging.raw_idp_2024_mesures_qualite_globale,infra.rejet_abattoir:21:abattoir:rejet_abattoir:0.000 || qualite.source_pollution_prelevement:6f66f22a-c742-4a7d-b4a5-e00530294f0f:REJET ABATTOIR MOQRISSET:point_pollution:0.000,rejet_vs_point_pollution_duplique,RATTACHEMENT_RECOMMANDE,FORTE,Le point de mesure qualite doit prioritairement se rattacher a `qualite.source_pollution_prelevement` ; le rejet infra reste l'entite source amont.
[multi],staging.raw_idp_2024_mesures_qualite_globale,infra.rejet_abattoir:24:abattoir:rejet_abattoir:0.000 || qualite.source_pollution_prelevement:f39dbc5d-bb71-4d66-ac2b-612444590e87:REJET ABATTOIR ZOUMI:point_pollution:0.000,rejet_vs_point_pollution_duplique,RATTACHEMENT_RECOMMANDE,FORTE,Le point de mesure qualite doit prioritairement se rattacher a `qualite.source_pollution_prelevement` ; le rejet infra reste l'entite source amont.
[multi],staging.raw_idp_2024_mesures_qualite_globale,infra.rejet_domestique:87:ALH_PDOM1_R4:rejet_domestique:0.000 || qualite.source_pollution_prelevement:593b215a-7fe7-4a52-9039-f52fdd3bdf09:ALH_PDOM1_R4 (E.M):point_pollution:0.000,rejet_vs_point_pollution_duplique,RATTACHEMENT_RECOMMANDE,FORTE,Le point de mesure qualite doit prioritairement se rattacher a `qualite.source_pollution_prelevement` ; le rejet infra reste l'entite source amont.
[multi],staging.raw_idp_2024_mesures_qualite_globale,qualite.source_pollution_prelevement:fc479f3c-ea4d-4341-b6f6-984dd4b9d6ea:ZOM_PDOM_R1:point_pollution:0.000 || infra.rejet_domestique:34:ZOM_PDOM_R1:rejet_domestique:0.863,rejet_vs_point_pollution_duplique,RATTACHEMENT_RECOMMANDE,FORTE,Le point de mesure qualite doit prioritairement se rattacher a `qualite.source_pollution_prelevement` ; le rejet infra reste l'entite source amont.
[multi],staging.raw_idp_2024_mesures_qualite_globale,infra.rejet_domestique:82:AZR_PDOM1_R1:rejet_domestique:0.000 || qualite.source_pollution_prelevement:0ddbb99e-5240-4673-a4f0-0ae29e66db87:AZR_PDOM1_R1:point_pollution:0.000,rejet_vs_point_pollution_duplique,RATTACHEMENT_RECOMMANDE,FORTE,Le point de mesure qualite doit prioritairement se rattacher a `qualite.source_pollution_prelevement` ; le rejet infra reste l'entite source amont.
[multi],staging.raw_idp_2024_mesures_qualite_globale,infra.stations:39:sidi mokhfi:station:0.000 || infra.stations_mesure:d40d82f6-462c-4c03-a6bd-b8555f5a33d1:sidi mokhfi:station:0.002,station_vs_station_mesure_duplique,RATTACHEMENT_RECOMMANDE,FORTE,"Le point doit se rattacher a `infra.stations_mesure`, plus proche du besoin de mesure, `infra.stations` restant la couche station historique."
[multi],staging.raw_idp_2024_mesures_qualite_globale,infra.rejet_abattoir:25:abattoir:rejet_abattoir:0.000 || qualite.source_pollution_prelevement:58dcd154-ab7e-457c-9fe4-e6566f561dad:LMJ_DOM_R2:point_pollution:0.000,rejet_vs_point_pollution_duplique,RATTACHEMENT_RECOMMANDE,FORTE,Le point de mesure qualite doit prioritairement se rattacher a `qualite.source_pollution_prelevement` ; le rejet infra reste l'entite source amont.
[multi],staging.raw_idp_2024_mesures_qualite_globale,infra.rejet_domestique:89:BSM_PDOM1_R2:rejet_domestique:0.000 || qualite.source_pollution_prelevement:b6b06ea1-598a-41eb-bec1-b44bc4e2430b:BSM_PDOM1_R2 (EM):point_pollution:0.000,rejet_vs_point_pollution_duplique,RATTACHEMENT_RECOMMANDE,FORTE,Le point de mesure qualite doit prioritairement se rattacher a `qualite.source_pollution_prelevement` ; le rejet infra reste l'entite source amont.
[multi],staging.raw_idp_2024_mesures_qualite_globale,infra.rejet_domestique:359:rejet_domestique:rejet_domestique:0.000 || qualite.source_pollution_prelevement:af9c052e-852f-4cf6-b6b4-5e78c9b737bc:MBC_DOM_R1:point_pollution:0.000,rejet_vs_point_pollution_duplique,RATTACHEMENT_RECOMMANDE,FORTE,Le point de mesure qualite doit prioritairement se rattacher a `qualite.source_pollution_prelevement` ; le rejet infra reste l'entite source amont.
[multi],staging.raw_idp_2024_mesures_qualite_globale,infra.rejet_domestique:173:KSN_DOM_R1:rejet_domestique:0.000 || qualite.source_pollution_prelevement:66aa0ca6-25f5-4ea0-8f1b-2e6d419e11a6:KSN_DOM_R1:point_pollution:0.000,rejet_vs_point_pollution_duplique,RATTACHEMENT_RECOMMANDE,FORTE,Le point de mesure qualite doit prioritairement se rattacher a `qualite.source_pollution_prelevement` ; le rejet infra reste l'entite source amont.
[multi],staging.raw_idp_2024_mesures_qualite_globale,infra.rejet_abattoir:61:abattoir:rejet_abattoir:0.000 || qualite.source_pollution_prelevement:243b5454-4c5f-45f0-9f61-5c2f387d427f:OMN_DOM_R2:point_pollution:0.000,rejet_vs_point_pollution_duplique,RATTACHEMENT_RECOMMANDE,FORTE,Le point de mesure qualite doit prioritairement se rattacher a `qualite.source_pollution_prelevement` ; le rejet infra reste l'entite source amont.
[multi],staging.raw_idp_2024_mesures_qualite_globale,infra.rejet_domestique:123:IMK_DOM_R3:rejet_domestique:0.000 || qualite.source_pollution_prelevement:b18ce074-6b9b-46a1-9ff9-c6dd7e0212c6:IMK_DOM_R3:point_pollution:0.000,rejet_vs_point_pollution_duplique,RATTACHEMENT_RECOMMANDE,FORTE,Le point de mesure qualite doit prioritairement se rattacher a `qualite.source_pollution_prelevement` ; le rejet infra reste l'entite source amont.
[multi],staging.raw_idp_2024_mesures_qualite_globale,infra.rejet_domestique:176:ORG_DOM_R2:rejet_domestique:0.000 || qualite.source_pollution_prelevement:6db47a20-a0c9-494e-9713-0de4c29e0f03:ORG_DOM_R2:point_pollution:0.000,rejet_vs_point_pollution_duplique,RATTACHEMENT_RECOMMANDE,FORTE,Le point de mesure qualite doit prioritairement se rattacher a `qualite.source_pollution_prelevement` ; le rejet infra reste l'entite source amont.
[multi],staging.raw_idp_2024_mesures_qualite_globale,infra.rejet_abattoir:58:abattoir:rejet_abattoir:0.000 || qualite.source_pollution_prelevement:9b2be06e-4ed8-44f7-ac49-daff457e5121:LOJ_DOM_R1:point_pollution:0.000,rejet_vs_point_pollution_duplique,RATTACHEMENT_RECOMMANDE,FORTE,Le point de mesure qualite doit prioritairement se rattacher a `qualite.source_pollution_prelevement` ; le rejet infra reste l'entite source amont.
[multi],staging.raw_idp_2024_mesures_qualite_globale,infra.rejet_domestique:246:LOD_DOM_R1:rejet_domestique:0.000 || qualite.source_pollution_prelevement:10df2245-7f17-478b-9ef3-252d0a4b8f90:LOD_DOM_R1:point_pollution:0.000,rejet_vs_point_pollution_duplique,RATTACHEMENT_RECOMMANDE,FORTE,Le point de mesure qualite doit prioritairement se rattacher a `qualite.source_pollution_prelevement` ; le rejet infra reste l'entite source amont.
[multi],staging.raw_idp_2024_mesures_qualite_globale,infra.rejet_domestique:11:BBR-PDS_R4:rejet_domestique:0.000 || qualite.source_pollution_prelevement:eece9f84-ecb9-4058-9a0b-c2369ba40783:BBR_PDS_R4 (E.M):point_pollution:0.000 || infra.rejet_domestique:10:BBR-PDS_R3:rejet_domestique:2.000,rejet_vs_point_pollution_duplique,RATTACHEMENT_RECOMMANDE,FORTE,Le point de mesure qualite doit prioritairement se rattacher a `qualite.source_pollution_prelevement` ; le rejet infra reste l'entite source amont.
[multi],staging.raw_idp_2024_mesures_qualite_globale,infra.stations:330:source ammes dechquonda:station:0.000 || infra.stations_mesure:7fe59c88-d667-42c0-8b3b-865831737e65:source ammes dechquonda:station:0.002,station_vs_station_mesure_duplique,RATTACHEMENT_RECOMMANDE,FORTE,"Le point doit se rattacher a `infra.stations_mesure`, plus proche du besoin de mesure, `infra.stations` restant la couche station historique."
[multi],staging.raw_idp_2024_mesures_qualite_globale,infra.rejet_domestique:74:SHZ_DOM2_R4:rejet_domestique:0.000 || qualite.source_pollution_prelevement:bd26d42a-8f15-4669-b71f-dffd45c0193a:SHZ_DOM2_R4:point_pollution:0.000,rejet_vs_point_pollution_duplique,RATTACHEMENT_RECOMMANDE,FORTE,Le point de mesure qualite doit prioritairement se rattacher a `qualite.source_pollution_prelevement` ; le rejet infra reste l'entite source amont.
[multi],staging.raw_idp_2024_mesures_qualite_globale,infra.rejet_domestique:80:SHZ_DOM2_R3:rejet_domestique:0.000 || qualite.source_pollution_prelevement:7d2f0428-9461-4664-bea5-e38107218ddb:SHZ_DOM2_R3:point_pollution:0.000,rejet_vs_point_pollution_duplique,RATTACHEMENT_RECOMMANDE,FORTE,Le point de mesure qualite doit prioritairement se rattacher a `qualite.source_pollution_prelevement` ; le rejet infra reste l'entite source amont.
[multi],staging.raw_idp_2024_mesures_qualite_globale,infra.rejet_domestique:81:SHZ_DOM2_R5:rejet_domestique:0.000 || qualite.source_pollution_prelevement:00b3ba35-2eb5-4596-a4ae-4d228db49e29:SHZ_DOM2_R5:point_pollution:0.000,rejet_vs_point_pollution_duplique,RATTACHEMENT_RECOMMANDE,FORTE,Le point de mesure qualite doit prioritairement se rattacher a `qualite.source_pollution_prelevement` ; le rejet infra reste l'entite source amont.
[multi],staging.raw_idp_2024_mesures_qualite_globale,infra.rejet_domestique:243:AKA_DOM_R1:rejet_domestique:0.000 || qualite.source_pollution_prelevement:e704042d-843c-4e18-abc8-028b8e0b28a6:AKA_DOM_R1:point_pollution:0.000,rejet_vs_point_pollution_duplique,RATTACHEMENT_RECOMMANDE,FORTE,Le point de mesure qualite doit prioritairement se rattacher a `qualite.source_pollution_prelevement` ; le rejet infra reste l'entite source amont.
[multi],staging.raw_idp_2024_mesures_qualite_globale,infra.rejet_domestique:73:SHZ_DOM5_R1:rejet_domestique:0.000 || qualite.source_pollution_prelevement:7689d507-8b7c-4b6c-bc58-a8b6766991fb:SHZ_DOM5_R1:point_pollution:0.000,rejet_vs_point_pollution_duplique,RATTACHEMENT_RECOMMANDE,FORTE,Le point de mesure qualite doit prioritairement se rattacher a `qualite.source_pollution_prelevement` ; le rejet infra reste l'entite source amont.
[multi],staging.raw_idp_2024_mesures_qualite_globale,infra.rejet_abattoir:4:abattoir:rejet_abattoir:0.000 || qualite.source_pollution_prelevement:03299489-8e2e-45f0-88dc-0182a20ab9b2:REJET ABATTOIR GUIGOU:point_pollution:0.000,rejet_vs_point_pollution_duplique,RATTACHEMENT_RECOMMANDE,FORTE,Le point de mesure qualite doit prioritairement se rattacher a `qualite.source_pollution_prelevement` ; le rejet infra reste l'entite source amont.
[multi],staging.raw_idp_2024_mesures_qualite_globale,infra.rejet_domestique:142:SEF_DOM_11:rejet_domestique:0.000 || qualite.source_pollution_prelevement:e33aff57-87e0-4b5b-a2f2-b9f3e06537e4:SEF_PDOM_R3 (E.M):point_pollution:0.000,rejet_vs_point_pollution_duplique,RATTACHEMENT_RECOMMANDE,FORTE,Le point de mesure qualite doit prioritairement se rattacher a `qualite.source_pollution_prelevement` ; le rejet infra reste l'entite source amont.
[multi],staging.raw_idp_2024_mesures_qualite_globale,infra.rejet_domestique:75:SHZ_DOM3_R1:rejet_domestique:0.000 || qualite.source_pollution_prelevement:0cb71770-8a7a-4614-be8c-8a2bca89612d:SHZ_DOM3_R1:point_pollution:0.000,rejet_vs_point_pollution_duplique,RATTACHEMENT_RECOMMANDE,FORTE,Le point de mesure qualite doit prioritairement se rattacher a `qualite.source_pollution_prelevement` ; le rejet infra reste l'entite source amont.
[multi],staging.raw_idp_2024_mesures_qualite_globale,infra.stations:79:pt rs 302:station:0.000 || infra.stations_mesure:ad4adaa1-eaa1-4653-b976-5328ff0e36c2:pt rs 302:station:0.002,station_vs_station_mesure_duplique,RATTACHEMENT_RECOMMANDE,FORTE,"Le point doit se rattacher a `infra.stations_mesure`, plus proche du besoin de mesure, `infra.stations` restant la couche station historique."
[multi],staging.raw_idp_2024_mesures_qualite_globale,qualite.source_pollution_prelevement:e0007fd4-7c1c-49a0-b584-24734fdfb18d:REJET BOULEMANE (EM):point_pollution:0.000 || infra.rejet_domestique:59:BOL_PDOM_R1 :rejet_domestique:0.871,rejet_vs_point_pollution_duplique,RATTACHEMENT_RECOMMANDE,FORTE,Le point de mesure qualite doit prioritairement se rattacher a `qualite.source_pollution_prelevement` ; le rejet infra reste l'entite source amont.
[multi],staging.raw_idp_2024_mesures_qualite_globale,infra.rejet_domestique:190:ACH_PDS_R1:rejet_domestique:0.000 || qualite.source_pollution_prelevement:efe3cc07-c0a7-4d1e-b235-4b2241f5dff7:ACH_PDS_R1:point_pollution:0.000,rejet_vs_point_pollution_duplique,RATTACHEMENT_RECOMMANDE,FORTE,Le point de mesure qualite doit prioritairement se rattacher a `qualite.source_pollution_prelevement` ; le rejet infra reste l'entite source amont.
[multi],staging.raw_idp_2024_mesures_qualite_globale,infra.rejet_domestique:185:BHD_PDS_R2:rejet_domestique:0.000 || qualite.source_pollution_prelevement:e2fd21f7-75d9-4eae-a625-6ef21e55cd4e:BHD_PDS_R2:point_pollution:0.000,rejet_vs_point_pollution_duplique,RATTACHEMENT_RECOMMANDE,FORTE,Le point de mesure qualite doit prioritairement se rattacher a `qualite.source_pollution_prelevement` ; le rejet infra reste l'entite source amont.
[multi],staging.raw_idp_2024_mesures_qualite_globale,infra.rejet_domestique:121:MNZ_DOM_R10:rejet_domestique:0.000 || qualite.source_pollution_prelevement:1084ee38-427d-4082-8643-41f32c70114d:MNZ_DOM_R10 (E.M):point_pollution:0.000,rejet_vs_point_pollution_duplique,RATTACHEMENT_RECOMMANDE,FORTE,Le point de mesure qualite doit prioritairement se rattacher a `qualite.source_pollution_prelevement` ; le rejet infra reste l'entite source amont.
[multi],staging.raw_idp_2024_mesures_qualite_globale,qualite.source_pollution_prelevement:0f197f1c-7429-41aa-8ea8-f7298336e152:REJET ABATTOIR SKOURA MDAZ:point_pollution:0.000 || infra.rejet_abattoir:3:abattoir:rejet_abattoir:0.954,rejet_vs_point_pollution_duplique,RATTACHEMENT_RECOMMANDE,FORTE,Le point de mesure qualite doit prioritairement se rattacher a `qualite.source_pollution_prelevement` ; le rejet infra reste l'entite source amont.
[multi],staging.raw_idp_2024_mesures_qualite_globale,infra.rejet_abattoir:45:abattoir:rejet_abattoir:0.000 || qualite.source_pollution_prelevement:eb14f5f4-c3d2-4c77-b85b-61bde4f74975:REJET ABATTOIR MATMATA:point_pollution:0.000,rejet_vs_point_pollution_duplique,RATTACHEMENT_RECOMMANDE,FORTE,Le point de mesure qualite doit prioritairement se rattacher a `qualite.source_pollution_prelevement` ; le rejet infra reste l'entite source amont.
[multi],staging.raw_idp_2024_mesures_qualite_globale,infra.rejet_abattoir:51:abattoir:rejet_abattoir:0.000 || qualite.source_pollution_prelevement:cd909e42-34a7-4390-ae10-26f4f6570c60:REJET ABATTOIR TAHLA:point_pollution:0.000,rejet_vs_point_pollution_duplique,RATTACHEMENT_RECOMMANDE,FORTE,Le point de mesure qualite doit prioritairement se rattacher a `qualite.source_pollution_prelevement` ; le rejet infra reste l'entite source amont.
[multi],staging.raw_idp_2024_mesures_qualite_globale,infra.rejet_domestique:213:OZ_DECH_R1:rejet_domestique:0.000 || qualite.source_pollution_prelevement:4aad3899-911e-4255-a9a8-c15dd0ab671e:OZ_DECH_R1:point_pollution:0.000,rejet_vs_point_pollution_duplique,RATTACHEMENT_RECOMMANDE,FORTE,Le point de mesure qualite doit prioritairement se rattacher a `qualite.source_pollution_prelevement` ; le rejet infra reste l'entite source amont.
[multi],staging.raw_idp_2024_mesures_qualite_globale,infra.rejet_abattoir:50:abattoir:rejet_abattoir:0.000 || qualite.source_pollution_prelevement:b35320a8-7ea2-422e-94d3-40363d3616df:REJET ABATTOIR OULED ZBAIR:point_pollution:0.000,rejet_vs_point_pollution_duplique,RATTACHEMENT_RECOMMANDE,FORTE,Le point de mesure qualite doit prioritairement se rattacher a `qualite.source_pollution_prelevement` ; le rejet infra reste l'entite source amont.
[multi],staging.raw_idp_2024_mesures_qualite_globale,infra.rejet_domestique:168:THS_PDS_R1 :rejet_domestique:0.000 || qualite.source_pollution_prelevement:17196d75-1407-4e5b-a0b8-b38f14e05d3e:THS_PDS_R1:point_pollution:0.000,rejet_vs_point_pollution_duplique,RATTACHEMENT_RECOMMANDE,FORTE,Le point de mesure qualite doit prioritairement se rattacher a `qualite.source_pollution_prelevement` ; le rejet infra reste l'entite source amont.
[multi],staging.raw_idp_2024_mesures_qualite_globale,infra.rejet_abattoir:48:abattoir:rejet_abattoir:0.000 || qualite.source_pollution_prelevement:24c89e3d-bccf-4239-96fe-b858f0d75a01:REJET ABATTOIR OUED AMLIL:point_pollution:0.000,rejet_vs_point_pollution_duplique,RATTACHEMENT_RECOMMANDE,FORTE,Le point de mesure qualite doit prioritairement se rattacher a `qualite.source_pollution_prelevement` ; le rejet infra reste l'entite source amont.
[multi],staging.raw_idp_2024_mesures_qualite_globale,infra.rejet_domestique:197:OA_DOM_R3:rejet_domestique:0.000 || qualite.source_pollution_prelevement:1d05534e-2578-4f77-93c9-41819ba9b232:OA_DOM_R3:point_pollution:0.000,rejet_vs_point_pollution_duplique,RATTACHEMENT_RECOMMANDE,FORTE,Le point de mesure qualite doit prioritairement se rattacher a `qualite.source_pollution_prelevement` ; le rejet infra reste l'entite source amont.
[multi],staging.raw_idp_2024_mesures_qualite_globale,qualite.source_pollution_prelevement:24c7d6e0-f170-44f4-af39-c899640dd423:M_DOM_R1:point_pollution:0.000 || infra.rejet_domestique:225:M_DOM_R1:rejet_domestique:0.900,rejet_vs_point_pollution_duplique,RATTACHEMENT_RECOMMANDE,FORTE,Le point de mesure qualite doit prioritairement se rattacher a `qualite.source_pollution_prelevement` ; le rejet infra reste l'entite source amont.
[multi],staging.raw_idp_2024_mesures_qualite_globale,infra.rejet_domestique:2:BA_DOM_R1:rejet_domestique:0.000 || qualite.source_pollution_prelevement:3af34f80-bdbe-4129-97e3-4269265187f4:BA_DOM_R1:point_pollution:0.000,rejet_vs_point_pollution_duplique,RATTACHEMENT_RECOMMANDE,FORTE,Le point de mesure qualite doit prioritairement se rattacher a `qualite.source_pollution_prelevement` ; le rejet infra reste l'entite source amont.
[multi],staging.raw_idp_2024_mesures_qualite_globale,infra.rejet_abattoir:40:abattoir:rejet_abattoir:0.000 || qualite.source_pollution_prelevement:0a8ef114-de35-44c4-afa1-8251972f57ea:REJET ABATTOIR BAB MARZOUKA:point_pollution:0.000,rejet_vs_point_pollution_duplique,RATTACHEMENT_RECOMMANDE,FORTE,Le point de mesure qualite doit prioritairement se rattacher a `qualite.source_pollution_prelevement` ; le rejet infra reste l'entite source amont.
[multi],staging.raw_idp_2024_mesures_qualite_globale,infra.rejet_abattoir:55:abattoir:rejet_abattoir:0.000 || qualite.source_pollution_prelevement:f3755f9d-161f-4606-8c03-e2cba2bc0567:REJET ABATTOIR BNI FTAH:point_pollution:0.000,rejet_vs_point_pollution_duplique,RATTACHEMENT_RECOMMANDE,FORTE,Le point de mesure qualite doit prioritairement se rattacher a `qualite.source_pollution_prelevement` ; le rejet infra reste l'entite source amont.
[multi],staging.raw_idp_2024_mesures_qualite_globale,qualite.source_pollution_prelevement:029fbe08-b148-4ab2-9f2b-f258371c43be:TAZ_PDOM_R9:point_pollution:0.000 || qualite.source_pollution_prelevement:bf9462ff-bf75-48ea-83f1-3514cb97186b:TAZ_PDOM_R6:point_pollution:0.000,plusieurs_candidats_distincts,VALIDATION_METIER_REQUISE,FAIBLE,Plusieurs entites distinctes partagent la meme localisation ou un XY trop proche ; arbitrage metier indispensable.
[multi],staging.raw_idp_2024_mesures_qualite_globale,infra.rejet_abattoir:44:abattoir:rejet_abattoir:0.000 || qualite.source_pollution_prelevement:ff06abe3-1a8e-4a1d-886b-b0a0e9bc7a03:REJET ABATTOIR GALDMANE:point_pollution:0.000,rejet_vs_point_pollution_duplique,RATTACHEMENT_RECOMMANDE,FORTE,Le point de mesure qualite doit prioritairement se rattacher a `qualite.source_pollution_prelevement` ; le rejet infra reste l'entite source amont.
[multi],staging.raw_idp_2024_mesures_qualite_marche_cadre,infra.stations:165:piezonetre plage des nations:station:0.000 || infra.stations_mesure:58e2a5ed-a9f9-4385-95f6-bd1a59368e02:piezonetre plage des nations:station:0.002,station_vs_station_mesure_duplique,RATTACHEMENT_RECOMMANDE,FORTE,"Le point doit se rattacher a `infra.stations_mesure`, plus proche du besoin de mesure, `infra.stations` restant la couche station historique."
[multi],staging.raw_idp_2024_mesures_qualite_marche_cadre,infra.stations:198:piezomètre:station:0.000 || infra.stations_mesure:646d85e6-635b-4243-8632-b2547b60b595:piezomètre:station:0.002,station_vs_station_mesure_duplique,RATTACHEMENT_RECOMMANDE,FORTE,"Le point doit se rattacher a `infra.stations_mesure`, plus proche du besoin de mesure, `infra.stations` restant la couche station historique."
[multi],staging.raw_idp_2024_mesures_qualite_marche_cadre,infra.stations:163:puit el ghouazi:station:0.000 || infra.stations_mesure:e562429f-9fe9-498b-989c-6847ddd10f63:puit el ghouazi:station:0.002,station_vs_station_mesure_duplique,RATTACHEMENT_RECOMMANDE,FORTE,"Le point doit se rattacher a `infra.stations_mesure`, plus proche du besoin de mesure, `infra.stations` restant la couche station historique."
[multi],staging.raw_idp_2024_mesures_qualite_marche_cadre,infra.stations:70:amont kenitra:station:0.000 || infra.stations_mesure:bfb9a874-e472-4b2c-86d8-7ccf01c5e08e:amont kenitra:station:0.002,station_vs_station_mesure_duplique,RATTACHEMENT_RECOMMANDE,FORTE,"Le point doit se rattacher a `infra.stations_mesure`, plus proche du besoin de mesure, `infra.stations` restant la couche station historique."
[multi],staging.raw_idp_2024_mesures_qualite_marche_cadre,infra.stations:153:puits à captage cuvelé:station:0.000 || infra.stations_mesure:fc3ab6b8-6669-4c96-be17-8f63b8d63927:puits à captage cuvelé:station:0.002,station_vs_station_mesure_duplique,RATTACHEMENT_RECOMMANDE,FORTE,"Le point doit se rattacher a `infra.stations_mesure`, plus proche du besoin de mesure, `infra.stations` restant la couche station historique."
[multi],staging.raw_idp_2024_mesures_qualite_marche_cadre,infra.stations:51:brg garde du sebou:station:0.000 || infra.stations:94:amont barrage de garde:station:0.000 || infra.stations_mesure:5533ab49-e2ed-4580-862d-32146588bbf5:brg garde du sebou:station:0.002 || infra.stations_mesure:c1299320-3bdb-4bb3-8bbf-0f9dc3ca71ef:amont barrage de garde:station:0.002,station_vs_station_mesure_duplique,RATTACHEMENT_RECOMMANDE,FORTE,"Le point doit se rattacher a `infra.stations_mesure`, plus proche du besoin de mesure, `infra.stations` restant la couche station historique."
[multi],staging.raw_idp_2024_mesures_qualite_marche_cadre,infra.stations:51:brg garde du sebou:station:0.000 || infra.stations:94:amont barrage de garde:station:0.000 || infra.stations_mesure:5533ab49-e2ed-4580-862d-32146588bbf5:brg garde du sebou:station:0.002 || infra.stations_mesure:c1299320-3bdb-4bb3-8bbf-0f9dc3ca71ef:amont barrage de garde:station:0.002,station_vs_station_mesure_duplique,RATTACHEMENT_RECOMMANDE,FORTE,"Le point doit se rattacher a `infra.stations_mesure`, plus proche du besoin de mesure, `infra.stations` restant la couche station historique."
[multi],staging.raw_idp_2024_mesures_qualite_marche_cadre,infra.stations:175:forage:station:0.000 || infra.stations_mesure:b63de6b8-3652-4402-846a-44cc3a7e22c5:forage:station:0.002,station_vs_station_mesure_duplique,RATTACHEMENT_RECOMMANDE,FORTE,"Le point doit se rattacher a `infra.stations_mesure`, plus proche du besoin de mesure, `infra.stations` restant la couche station historique."
[multi],staging.raw_idp_2024_mesures_qualite_marche_cadre,infra.stations:176:piezomètre :station:0.000 || infra.stations_mesure:f87df845-bf1b-430d-b116-2c354b9749e0:piezomètre :station:0.002,station_vs_station_mesure_duplique,RATTACHEMENT_RECOMMANDE,FORTE,"Le point doit se rattacher a `infra.stations_mesure`, plus proche du besoin de mesure, `infra.stations` restant la couche station historique."
[multi],staging.raw_idp_2024_mesures_qualite_marche_cadre,infra.stations:64:aval rejet tifelt:station:0.000 || infra.stations_mesure:abbd0423-1320-4e97-b2fb-305c220b2d88:aval rejet tifelt:station:0.002,station_vs_station_mesure_duplique,RATTACHEMENT_RECOMMANDE,FORTE,"Le point doit se rattacher a `infra.stations_mesure`, plus proche du besoin de mesure, `infra.stations` restant la couche station historique."
[multi],staging.raw_idp_2024_mesures_qualite_marche_cadre,infra.stations:181:forage:station:0.000 || infra.stations_mesure:e06b2116-a639-4114-976e-7e9f43df2ed0:forage:station:0.002,station_vs_station_mesure_duplique,RATTACHEMENT_RECOMMANDE,FORTE,"Le point doit se rattacher a `infra.stations_mesure`, plus proche du besoin de mesure, `infra.stations` restant la couche station historique."
[multi],staging.raw_idp_2024_mesures_qualite_marche_cadre,infra.stations:270:puits khlifi ramou:station:0.000 || infra.stations_mesure:38c78f2c-d947-4e07-9712-8d920ad7315c:puits khlifi ramou:station:0.002,station_vs_station_mesure_duplique,RATTACHEMENT_RECOMMANDE,FORTE,"Le point doit se rattacher a `infra.stations_mesure`, plus proche du besoin de mesure, `infra.stations` restant la couche station historique."
[multi],staging.raw_idp_2024_mesures_qualite_marche_cadre,infra.stations:188:puit eaux et forets ain assou:station:0.000 || infra.stations_mesure:061e7e15-b57c-4ac7-8d03-800a6e94f32e:puit eaux et forets ain assou:station:0.002,station_vs_station_mesure_duplique,RATTACHEMENT_RECOMMANDE,FORTE,"Le point doit se rattacher a `infra.stations_mesure`, plus proche du besoin de mesure, `infra.stations` restant la couche station historique."
[multi],staging.raw_idp_2024_mesures_qualite_marche_cadre,infra.stations:322:puits hrichmane:station:0.000 || infra.stations_mesure:695c90b6-8c73-4302-a824-5475cfc1276e:puits hrichmane:station:0.002,station_vs_station_mesure_duplique,RATTACHEMENT_RECOMMANDE,FORTE,"Le point doit se rattacher a `infra.stations_mesure`, plus proche du besoin de mesure, `infra.stations` restant la couche station historique."
[multi],staging.raw_idp_2024_mesures_qualite_marche_cadre,infra.stations:324:puits ait yadine:station:0.000 || infra.stations_mesure:ebf68d4e-a7ce-4e6f-9810-64e49de5185e:puits ait yadine:station:0.002,station_vs_station_mesure_duplique,RATTACHEMENT_RECOMMANDE,FORTE,"Le point doit se rattacher a `infra.stations_mesure`, plus proche du besoin de mesure, `infra.stations` restant la couche station historique."
[multi],staging.raw_idp_2024_mesures_qualite_marche_cadre,infra.stations:95:el hammam:station:0.000 || infra.stations_mesure:d4831d6b-1b8f-4599-b54b-55bdc53a5675:el hammam:station:0.002,station_vs_station_mesure_duplique,RATTACHEMENT_RECOMMANDE,FORTE,"Le point doit se rattacher a `infra.stations_mesure`, plus proche du besoin de mesure, `infra.stations` restant la couche station historique."
[multi],staging.raw_idp_2024_mesures_qualite_marche_cadre,infra.stations:63:pont kroumam:station:0.000 || infra.stations_mesure:13ff23af-7c6f-453a-b4c3-5c40e87d1ca0:pont kroumam:station:0.002,station_vs_station_mesure_duplique,RATTACHEMENT_RECOMMANDE,FORTE,"Le point doit se rattacher a `infra.stations_mesure`, plus proche du besoin de mesure, `infra.stations` restant la couche station historique."
[multi],staging.raw_idp_2024_mesures_qualite_marche_cadre,infra.stations:105:puit sodea:station:0.000 || infra.stations_mesure:cedd9a28-a8a9-44af-b3ad-4eb66ade4c7f:puit sodea:station:0.002,station_vs_station_mesure_duplique,RATTACHEMENT_RECOMMANDE,FORTE,"Le point doit se rattacher a `infra.stations_mesure`, plus proche du besoin de mesure, `infra.stations` restant la couche station historique."
[multi],staging.raw_idp_2024_mesures_qualite_marche_cadre,infra.stations:109:puits à captage cuvelé:station:0.000 || infra.stations_mesure:452fcbda-da3b-4c6c-8ef2-f2cc87a001ac:puits à captage cuvelé:station:0.002,station_vs_station_mesure_duplique,RATTACHEMENT_RECOMMANDE,FORTE,"Le point doit se rattacher a `infra.stations_mesure`, plus proche du besoin de mesure, `infra.stations` restant la couche station historique."
[multi],staging.raw_idp_2024_mesures_qualite_marche_cadre,infra.stations:62:aval rejet de meknes:station:0.000 || infra.stations_mesure:494864be-331f-4a70-91d8-3c4ac59ac20f:aval rejet de meknes:station:0.002,station_vs_station_mesure_duplique,RATTACHEMENT_RECOMMANDE,FORTE,"Le point doit se rattacher a `infra.stations_mesure`, plus proche du besoin de mesure, `infra.stations` restant la couche station historique."
[multi],staging.raw_idp_2024_mesures_qualite_marche_cadre,infra.stations:242:puits à captage cuvelé:station:0.000 || infra.stations_mesure:8818f7f4-a198-49a1-b8f4-07d632b70829:puits à captage cuvelé:station:0.002,station_vs_station_mesure_duplique,RATTACHEMENT_RECOMMANDE,FORTE,"Le point doit se rattacher a `infra.stations_mesure`, plus proche du besoin de mesure, `infra.stations` restant la couche station historique."
[multi],staging.raw_idp_2024_mesures_qualite_marche_cadre,infra.stations:61:pont route principale 21:station:0.000 || infra.stations_mesure:c25c2450-2447-479a-bbe2-b75197b01eb7:pont route principale 21:station:0.002,station_vs_station_mesure_duplique,RATTACHEMENT_RECOMMANDE,FORTE,"Le point doit se rattacher a `infra.stations_mesure`, plus proche du besoin de mesure, `infra.stations` restant la couche station historique."
[multi],staging.raw_idp_2024_mesures_qualite_marche_cadre,infra.stations:8:azib soltane:station:0.000 || infra.stations_mesure:b647955a-e26d-4564-8509-25cb40ef1404:azib soltane:station:0.002,station_vs_station_mesure_duplique,RATTACHEMENT_RECOMMANDE,FORTE,"Le point doit se rattacher a `infra.stations_mesure`, plus proche du besoin de mesure, `infra.stations` restant la couche station historique."
[multi],staging.raw_idp_2024_mesures_qualite_marche_cadre,infra.stations:327:forage ferme haj mouhcine:station:0.000 || infra.stations_mesure:dec735c9-7848-44d8-a88c-823e57c073cf:forage ferme haj mouhcine:station:0.002,station_vs_station_mesure_duplique,RATTACHEMENT_RECOMMANDE,FORTE,"Le point doit se rattacher a `infra.stations_mesure`, plus proche du besoin de mesure, `infra.stations` restant la couche station historique."
[multi],staging.raw_idp_2024_mesures_qualite_marche_cadre,infra.stations:127:puit abdeslam:station:0.000 || infra.stations_mesure:8e73bc36-141c-48b9-9e42-0f8878bacf82:puit abdeslam:station:0.002,station_vs_station_mesure_duplique,RATTACHEMENT_RECOMMANDE,FORTE,"Le point doit se rattacher a `infra.stations_mesure`, plus proche du besoin de mesure, `infra.stations` restant la couche station historique."
[multi],staging.raw_idp_2024_mesures_qualite_marche_cadre,infra.stations:115:puit hadj kadour ben nasser:station:0.000 || infra.stations_mesure:5d0b7e30-6409-4420-bb86-11e9937e3fe5:puit hadj kadour ben nasser:station:0.002,station_vs_station_mesure_duplique,RATTACHEMENT_RECOMMANDE,FORTE,"Le point doit se rattacher a `infra.stations_mesure`, plus proche du besoin de mesure, `infra.stations` restant la couche station historique."
[multi],staging.raw_idp_2024_mesures_qualite_marche_cadre,infra.stations:325:puits loutfi benkamleh:station:0.000 || infra.stations_mesure:39b5477f-a4e0-4dfd-b4ca-f442d01634b5:puits loutfi benkamleh:station:0.002,station_vs_station_mesure_duplique,RATTACHEMENT_RECOMMANDE,FORTE,"Le point doit se rattacher a `infra.stations_mesure`, plus proche du besoin de mesure, `infra.stations` restant la couche station historique."
[multi],staging.raw_idp_2024_mesures_qualite_marche_cadre,infra.stations:39:sidi mokhfi:station:0.000 || infra.stations_mesure:d40d82f6-462c-4c03-a6bd-b8555f5a33d1:sidi mokhfi:station:0.002,station_vs_station_mesure_duplique,RATTACHEMENT_RECOMMANDE,FORTE,"Le point doit se rattacher a `infra.stations_mesure`, plus proche du besoin de mesure, `infra.stations` restant la couche station historique."
[multi],staging.raw_idp_2024_mesures_qualite_marche_cadre,infra.stations:151:puit douar hassassine:station:0.000 || infra.stations_mesure:82a0f1f6-4b1d-4078-bfab-e5ef629cd232:puit douar hassassine:station:0.002,station_vs_station_mesure_duplique,RATTACHEMENT_RECOMMANDE,FORTE,"Le point doit se rattacher a `infra.stations_mesure`, plus proche du besoin de mesure, `infra.stations` restant la couche station historique."
[multi],staging.raw_idp_2024_mesures_qualite_marche_cadre,infra.stations:116:puits à captage cuvelé:station:0.000 || infra.stations_mesure:49b9ddaf-f6de-4cac-aeb9-d8cd110aa129:puits à captage cuvelé:station:0.002,station_vs_station_mesure_duplique,RATTACHEMENT_RECOMMANDE,FORTE,"Le point doit se rattacher a `infra.stations_mesure`, plus proche du besoin de mesure, `infra.stations` restant la couche station historique."
[multi],staging.raw_idp_2024_mesures_qualite_marche_cadre,infra.stations:328:puits douar ouersefan:station:0.000 || infra.stations_mesure:a8bc21d7-d196-4551-b54f-c2e3f0f0f262:puits douar ouersefan:station:0.002,station_vs_station_mesure_duplique,RATTACHEMENT_RECOMMANDE,FORTE,"Le point doit se rattacher a `infra.stations_mesure`, plus proche du besoin de mesure, `infra.stations` restant la couche station historique."
[multi],staging.raw_idp_2024_mesures_qualite_marche_cadre,infra.stations:239:puit ben smime:station:0.000 || infra.stations_mesure:fdfbf7ab-b0a4-4008-890e-85037c7a7e7b:puit ben smime:station:0.002,station_vs_station_mesure_duplique,RATTACHEMENT_RECOMMANDE,FORTE,"Le point doit se rattacher a `infra.stations_mesure`, plus proche du besoin de mesure, `infra.stations` restant la couche station historique."
[multi],staging.raw_idp_2024_mesures_qualite_marche_cadre,infra.stations:331:puits lhammani brahim:station:0.000 || infra.stations_mesure:760a7db3-4bf5-4db2-9a38-0b906a580ecf:puits lhammani brahim:station:0.002,station_vs_station_mesure_duplique,RATTACHEMENT_RECOMMANDE,FORTE,"Le point doit se rattacher a `infra.stations_mesure`, plus proche du besoin de mesure, `infra.stations` restant la couche station historique."
[multi],staging.raw_idp_2024_mesures_qualite_marche_cadre,infra.stations:96:station foum khneg:station:0.000 || infra.stations_mesure:c0d54bc4-eb1e-459b-a641-78e8e4cb8748:station foum khneg:station:0.002,station_vs_station_mesure_duplique,RATTACHEMENT_RECOMMANDE,FORTE,"Le point doit se rattacher a `infra.stations_mesure`, plus proche du besoin de mesure, `infra.stations` restant la couche station historique."
[multi],staging.raw_idp_2024_mesures_qualite_marche_cadre,infra.stations:323:forage ferme haddadi:station:0.000 || infra.stations_mesure:6a3ab562-fad2-49ea-9935-b16eed060bfd:forage ferme haddadi:station:0.002,station_vs_station_mesure_duplique,RATTACHEMENT_RECOMMANDE,FORTE,"Le point doit se rattacher a `infra.stations_mesure`, plus proche du besoin de mesure, `infra.stations` restant la couche station historique."
[multi],staging.raw_idp_2024_mesures_qualite_marche_cadre,infra.stations_mesure:c71ce70d-5ffa-4b31-9fe7-f78289a00c18:r1197/15:station:0.998 || infra.stations:147:r1197/15:station:1.000,station_vs_station_mesure_duplique,RATTACHEMENT_RECOMMANDE,FORTE,"Le point doit se rattacher a `infra.stations_mesure`, plus proche du besoin de mesure, `infra.stations` restant la couche station historique."
[multi],staging.raw_idp_2024_mesures_qualite_marche_cadre,infra.stations:336:puits habri hadou:station:0.000 || infra.stations_mesure:de216978-2f22-477a-9218-a91c6f2dd001:puits habri hadou:station:0.002,station_vs_station_mesure_duplique,RATTACHEMENT_RECOMMANDE,FORTE,"Le point doit se rattacher a `infra.stations_mesure`, plus proche du besoin de mesure, `infra.stations` restant la couche station historique."
[multi],staging.raw_idp_2024_mesures_qualite_marche_cadre,infra.stations:329:forage afaqfaq:station:0.000 || infra.stations_mesure:c24a45b1-7195-45be-acfb-95887c79e602:forage afaqfaq:station:0.002,station_vs_station_mesure_duplique,RATTACHEMENT_RECOMMANDE,FORTE,"Le point doit se rattacher a `infra.stations_mesure`, plus proche du besoin de mesure, `infra.stations` restant la couche station historique."
[multi],staging.raw_idp_2024_mesures_qualite_marche_cadre,infra.stations:80:station rhafsai:station:0.000 || infra.stations_mesure:af8adabc-9bad-443f-883f-52cafba2f722:station rhafsai:station:0.002,station_vs_station_mesure_duplique,RATTACHEMENT_RECOMMANDE,FORTE,"Le point doit se rattacher a `infra.stations_mesure`, plus proche du besoin de mesure, `infra.stations` restant la couche station historique."
[multi],staging.raw_idp_2024_mesures_qualite_marche_cadre,infra.stations:17:dar el arsa:station:0.000 || infra.stations_mesure:706fc2fe-3cee-4ec2-8e85-dbde9b672f89:dar el arsa:station:0.002,station_vs_station_mesure_duplique,RATTACHEMENT_RECOMMANDE,FORTE,"Le point doit se rattacher a `infra.stations_mesure`, plus proche du besoin de mesure, `infra.stations` restant la couche station historique."
[multi],staging.raw_idp_2024_mesures_qualite_marche_cadre,infra.stations:330:source ammes dechquonda:station:0.000 || infra.stations_mesure:7fe59c88-d667-42c0-8b3b-865831737e65:source ammes dechquonda:station:0.002,station_vs_station_mesure_duplique,RATTACHEMENT_RECOMMANDE,FORTE,"Le point doit se rattacher a `infra.stations_mesure`, plus proche du besoin de mesure, `infra.stations` restant la couche station historique."
[multi],staging.raw_idp_2024_mesures_qualite_marche_cadre,infra.stations:133:puit centre guigo:station:0.000 || infra.stations_mesure:0acc8896-6cd2-45ff-b024-8c351d1790b6:puit centre guigo:station:0.002,station_vs_station_mesure_duplique,RATTACHEMENT_RECOMMANDE,FORTE,"Le point doit se rattacher a `infra.stations_mesure`, plus proche du besoin de mesure, `infra.stations` restant la couche station historique."
[multi],staging.raw_idp_2024_mesures_qualite_marche_cadre,infra.stations:79:pt rs 302:station:0.000 || infra.stations_mesure:ad4adaa1-eaa1-4653-b976-5328ff0e36c2:pt rs 302:station:0.002,station_vs_station_mesure_duplique,RATTACHEMENT_RECOMMANDE,FORTE,"Le point doit se rattacher a `infra.stations_mesure`, plus proche du besoin de mesure, `infra.stations` restant la couche station historique."
[multi],staging.raw_idp_2024_mesures_qualite_marche_cadre,infra.stations:335:puits ras tabouda:station:0.000 || infra.stations_mesure:69b28ddf-00ac-4036-8b08-49f85577df7a:puits ras tabouda:station:0.002,station_vs_station_mesure_duplique,RATTACHEMENT_RECOMMANDE,FORTE,"Le point doit se rattacher a `infra.stations_mesure`, plus proche du besoin de mesure, `infra.stations` restant la couche station historique."
[multi],staging.raw_idp_2024_mesures_qualite_marche_cadre,infra.stations:326:source ras el ain:station:0.000 || infra.stations_mesure:6784120f-c7d0-468a-87fb-250c2169cdeb:source ras el ain:station:0.002,station_vs_station_mesure_duplique,RATTACHEMENT_RECOMMANDE,FORTE,"Le point doit se rattacher a `infra.stations_mesure`, plus proche du besoin de mesure, `infra.stations` restant la couche station historique."
[multi],staging.raw_idp_2024_mesures_qualite_marche_cadre,infra.stations:140:puit souk el had rafsai:station:0.000 || infra.stations:143:onep ain aicha:station:0.000 || infra.stations_mesure:0d1acd53-8e6f-4002-a311-0f813043e269:puit souk el had rafsai:station:0.002 || infra.stations_mesure:b440a506-6b71-46fd-9f0d-c3a3fc01b3bc:onep ain aicha:station:0.002,station_vs_station_mesure_duplique,RATTACHEMENT_RECOMMANDE,FORTE,"Le point doit se rattacher a `infra.stations_mesure`, plus proche du besoin de mesure, `infra.stations` restant la couche station historique."
[multi],staging.raw_idp_2024_mesures_qualite_marche_cadre,infra.stations:334:source akboub :station:0.000 || infra.stations_mesure:0f5e2289-7d45-4e26-a0a8-f39c7220b8f8:source akboub :station:0.002,station_vs_station_mesure_duplique,RATTACHEMENT_RECOMMANDE,FORTE,"Le point doit se rattacher a `infra.stations_mesure`, plus proche du besoin de mesure, `infra.stations` restant la couche station historique."
[multi],staging.raw_idp_2024_mesures_qualite_marche_cadre,infra.stations:12:bab ouender:station:0.000 || infra.stations_mesure:517c713a-dda4-4dcb-a033-4143062487fd:bab ouender:station:0.002,station_vs_station_mesure_duplique,RATTACHEMENT_RECOMMANDE,FORTE,"Le point doit se rattacher a `infra.stations_mesure`, plus proche du besoin de mesure, `infra.stations` restant la couche station historique."
[multi],staging.raw_idp_2024_mesures_qualite_marche_cadre,infra.stations:36:pont de m'dez:station:0.000 || infra.stations_mesure:83d3c62f-4017-4188-b953-a7158860ffd6:pont de m'dez:station:0.002,station_vs_station_mesure_duplique,RATTACHEMENT_RECOMMANDE,FORTE,"Le point doit se rattacher a `infra.stations_mesure`, plus proche du besoin de mesure, `infra.stations` restant la couche station historique."
[multi],staging.raw_idp_2024_mesures_qualite_marche_cadre,infra.stations:36:pont de m'dez:station:0.000 || infra.stations_mesure:83d3c62f-4017-4188-b953-a7158860ffd6:pont de m'dez:station:0.002,station_vs_station_mesure_duplique,RATTACHEMENT_RECOMMANDE,FORTE,"Le point doit se rattacher a `infra.stations_mesure`, plus proche du besoin de mesure, `infra.stations` restant la couche station historique."
[multi],staging.raw_idp_2024_mesures_qualite_marche_cadre,infra.stations:36:pont de m'dez:station:0.000 || infra.stations_mesure:83d3c62f-4017-4188-b953-a7158860ffd6:pont de m'dez:station:0.002,station_vs_station_mesure_duplique,RATTACHEMENT_RECOMMANDE,FORTE,"Le point doit se rattacher a `infra.stations_mesure`, plus proche du besoin de mesure, `infra.stations` restant la couche station historique."
[multi],staging.raw_idp_2024_mesures_qualite_marche_cadre,infra.stations:337:source massegal:station:0.000 || infra.stations_mesure:40fdf24c-904e-4b70-81fe-6ffe425bf8a2:source massegal:station:0.002,station_vs_station_mesure_duplique,RATTACHEMENT_RECOMMANDE,FORTE,"Le point doit se rattacher a `infra.stations_mesure`, plus proche du besoin de mesure, `infra.stations` restant la couche station historique."
[multi],staging.raw_idp_2024_mesures_qualite_marche_cadre,infra.stations:49:brg asfalou:station:0.000 || infra.stations_mesure:29413f5e-e7d2-4643-a325-f7a097f50227:brg asfalou:station:0.002,station_vs_station_mesure_duplique,RATTACHEMENT_RECOMMANDE,FORTE,"Le point doit se rattacher a `infra.stations_mesure`, plus proche du besoin de mesure, `infra.stations` restant la couche station historique."
[multi],staging.raw_idp_2024_mesures_qualite_marche_cadre,infra.stations:49:brg asfalou:station:0.000 || infra.stations_mesure:29413f5e-e7d2-4643-a325-f7a097f50227:brg asfalou:station:0.002,station_vs_station_mesure_duplique,RATTACHEMENT_RECOMMANDE,FORTE,"Le point doit se rattacher a `infra.stations_mesure`, plus proche du besoin de mesure, `infra.stations` restant la couche station historique."
[multi],staging.raw_idp_2024_mesures_qualite_marche_cadre,infra.stations:49:brg asfalou:station:0.000 || infra.stations_mesure:29413f5e-e7d2-4643-a325-f7a097f50227:brg asfalou:station:0.002,station_vs_station_mesure_duplique,RATTACHEMENT_RECOMMANDE,FORTE,"Le point doit se rattacher a `infra.stations_mesure`, plus proche du besoin de mesure, `infra.stations` restant la couche station historique."
[multi],staging.raw_idp_2024_mesures_qualite_marche_cadre,infra.stations:333:source abattoir:station:0.000 || infra.stations_mesure:5c1d8ae8-aa55-4cfa-9e66-d22b14dfcc06:source abattoir:station:0.002,station_vs_station_mesure_duplique,RATTACHEMENT_RECOMMANDE,FORTE,"Le point doit se rattacher a `infra.stations_mesure`, plus proche du besoin de mesure, `infra.stations` restant la couche station historique."
,staging.raw_idp_2024_src_pollution_globale,infra.rejet_abattoir:26:abattoir:rejet_abattoir:0.000 || qualite.source_pollution_prelevement:8f52d2fd-0b35-4559-9930-3c0d4f3a7799:REJET ABATTOIR SIDI SIDI BOUKNADEL:point_pollution:0.000,rejet_vs_point_pollution_duplique,RATTACHEMENT_RECOMMANDE,FORTE,Le point source pollution doit prioritairement rester sur `infra.rejet_abattoir` ; le point de prelevement qualite est un doublon de support.
,staging.raw_idp_2024_src_pollution_globale,infra.rejet_domestique:257:MHD_dom1_BILADI R.1:rejet_domestique:0.000 || qualite.source_pollution_prelevement:97d0fbb7-5bd2-4d16-b27a-acfa74226d90:MHD_DOM1_BILADI_R1:point_pollution:0.000,rejet_vs_point_pollution_duplique,RATTACHEMENT_RECOMMANDE,FORTE,Le point source pollution doit prioritairement rester sur `infra.rejet_domestique` ; le point de prelevement qualite est un doublon de support.
Rejet,staging.raw_idp_2024_src_pollution_globale,infra.rejet_domestique:265:MOG_DOM_R1:rejet_domestique:0.000 || qualite.source_pollution_prelevement:2f985d34-17ac-414b-ba06-8ceb1d2ebb71:MOG_DOM_R1:point_pollution:0.000,rejet_vs_point_pollution_duplique,RATTACHEMENT_RECOMMANDE,FORTE,Le point source pollution doit prioritairement rester sur `infra.rejet_domestique` ; le point de prelevement qualite est un doublon de support.
Rejet,staging.raw_idp_2024_src_pollution_globale,infra.rejet_abattoir:12:abattoir:rejet_abattoir:0.000 || qualite.source_pollution_prelevement:b9aecc56-6de3-4ff6-adf1-c79d5e432e53:SAT_DOM_R2:point_pollution:0.000,rejet_vs_point_pollution_duplique,RATTACHEMENT_RECOMMANDE,FORTE,Le point source pollution doit prioritairement rester sur `infra.rejet_abattoir` ; le point de prelevement qualite est un doublon de support.
,staging.raw_idp_2024_src_pollution_globale,infra.rejet_domestique:281:RG-TFL-1:rejet_domestique:0.000 || qualite.source_pollution_prelevement:f68798b4-5558-4cbc-897e-1d5a9d4e2f3c:RG_TFL_1:point_pollution:0.000,rejet_vs_point_pollution_duplique,RATTACHEMENT_RECOMMANDE,FORTE,Le point source pollution doit prioritairement rester sur `infra.rejet_domestique` ; le point de prelevement qualite est un doublon de support.
Rejet,staging.raw_idp_2024_src_pollution_globale,infra.rejet_domestique:304:MBK_DOM_R4:rejet_domestique:0.000 || qualite.source_pollution_prelevement:0fbe6e92-f62d-4f94-934e-ab696daa3593:MBK_DOM_R4:point_pollution:0.000,rejet_vs_point_pollution_duplique,RATTACHEMENT_RECOMMANDE,FORTE,Le point source pollution doit prioritairement rester sur `infra.rejet_domestique` ; le point de prelevement qualite est un doublon de support.
,staging.raw_idp_2024_src_pollution_globale,infra.rejet_domestique:354:DBA_DOM1_R1:rejet_domestique:0.000 || qualite.source_pollution_prelevement:6438fc4c-16df-408e-8098-91f5c6bccd17:DBA_DOM1_R1:point_pollution:0.000,rejet_vs_point_pollution_duplique,RATTACHEMENT_RECOMMANDE,FORTE,Le point source pollution doit prioritairement rester sur `infra.rejet_domestique` ; le point de prelevement qualite est un doublon de support.
Rejet,staging.raw_idp_2024_src_pollution_globale,infra.rejet_domestique:358:rejet_domestique:rejet_domestique:0.000 || qualite.source_pollution_prelevement:4a46adb5-7b4f-4e13-8c4e-6e09e5b586f1:MBK_DOM_R6:point_pollution:0.000,rejet_vs_point_pollution_duplique,RATTACHEMENT_RECOMMANDE,FORTE,Le point source pollution doit prioritairement rester sur `infra.rejet_domestique` ; le point de prelevement qualite est un doublon de support.
Rejet,staging.raw_idp_2024_src_pollution_globale,infra.rejet_domestique:324:MBK_DOM_R5:rejet_domestique:0.000 || qualite.source_pollution_prelevement:4fdf2fd1-e963-4b5c-ab6d-13d3ddd4e305:MBK_DOM_R5:point_pollution:0.000,rejet_vs_point_pollution_duplique,RATTACHEMENT_RECOMMANDE,FORTE,Le point source pollution doit prioritairement rester sur `infra.rejet_domestique` ; le point de prelevement qualite est un doublon de support.
Rejet,staging.raw_idp_2024_src_pollution_globale,infra.rejet_domestique:305:MBK_DOM_R3:rejet_domestique:0.000 || qualite.source_pollution_prelevement:f76d0e0f-3d88-4c9d-b223-e57754f23b18:MBK_DOM_R3:point_pollution:0.000,rejet_vs_point_pollution_duplique,RATTACHEMENT_RECOMMANDE,FORTE,Le point source pollution doit prioritairement rester sur `infra.rejet_domestique` ; le point de prelevement qualite est un doublon de support.
,staging.raw_idp_2024_src_pollution_globale,infra.rejet_domestique:285:RG-AIS-1:rejet_domestique:0.000 || qualite.source_pollution_prelevement:a8f0df95-b166-4088-be4c-fe96ca758dcc:RG_AIS_1:point_pollution:0.000,rejet_vs_point_pollution_duplique,RATTACHEMENT_RECOMMANDE,FORTE,Le point source pollution doit prioritairement rester sur `infra.rejet_domestique` ; le point de prelevement qualite est un doublon de support.
,staging.raw_idp_2024_src_pollution_globale,infra.rejet_domestique:342:SDS_DOM1_R3:rejet_domestique:0.000 || qualite.source_pollution_prelevement:b4e586de-cacb-47bd-919d-53a854908592:SDS_DOM1_R3:point_pollution:0.000,rejet_vs_point_pollution_duplique,RATTACHEMENT_RECOMMANDE,FORTE,Le point source pollution doit prioritairement rester sur `infra.rejet_domestique` ; le point de prelevement qualite est un doublon de support.
,staging.raw_idp_2024_src_pollution_globale,infra.rejet_domestique:350:SDS_DOM1_R11:rejet_domestique:0.000 || qualite.source_pollution_prelevement:b58c6bbc-264b-4d56-aafe-6f327df66a60:SDS_DOM1_R11:point_pollution:0.000,rejet_vs_point_pollution_duplique,RATTACHEMENT_RECOMMANDE,FORTE,Le point source pollution doit prioritairement rester sur `infra.rejet_domestique` ; le point de prelevement qualite est un doublon de support.
Rejet,staging.raw_idp_2024_src_pollution_globale,infra.rejet_abattoir:57:abattoir:rejet_abattoir:0.000 || infra.rejet_domestique:323:HFT_DOM_R3:rejet_domestique:0.000 || qualite.source_pollution_prelevement:4dd231f8-eb38-4fb5-9084-313cf923cc81:HFT_DOM_R3:point_pollution:0.000,rejet_vs_point_pollution_duplique,RATTACHEMENT_RECOMMANDE,FORTE,Le point source pollution doit prioritairement rester sur `infra.rejet_abattoir` ; le point de prelevement qualite est un doublon de support.
Rejet,staging.raw_idp_2024_src_pollution_globale,infra.rejet_domestique:322:HFT_DOM_R2:rejet_domestique:0.000 || qualite.source_pollution_prelevement:80163078-e1b6-4309-8fe9-546bb2ef0c16:HFT_DOM_R2:point_pollution:0.000,rejet_vs_point_pollution_duplique,RATTACHEMENT_RECOMMANDE,FORTE,Le point source pollution doit prioritairement rester sur `infra.rejet_domestique` ; le point de prelevement qualite est un doublon de support.
,staging.raw_idp_2024_src_pollution_globale,infra.rejet_domestique:317:SAH_DOM1_R1:rejet_domestique:0.000 || qualite.source_pollution_prelevement:60cce4ea-41f1-48a0-b348-2979bcb52f00:SAH_DOM1_R1:point_pollution:0.000,rejet_vs_point_pollution_duplique,RATTACHEMENT_RECOMMANDE,FORTE,Le point source pollution doit prioritairement rester sur `infra.rejet_domestique` ; le point de prelevement qualite est un doublon de support.
,staging.raw_idp_2024_src_pollution_globale,infra.rejet_domestique:356:MSA_DOM1:rejet_domestique:0.000 || qualite.source_pollution_prelevement:6289e494-ea98-4bce-a513-a2cb1f3ae976:MSA_DOM1:point_pollution:0.000,rejet_vs_point_pollution_duplique,RATTACHEMENT_RECOMMANDE,FORTE,Le point source pollution doit prioritairement rester sur `infra.rejet_domestique` ; le point de prelevement qualite est un doublon de support.
Rejet,staging.raw_idp_2024_src_pollution_globale,infra.rejet_domestique:361:rejet_domestique:rejet_domestique:0.000 || qualite.source_pollution_prelevement:ac9987a5-5e00-44db-84a7-bf159aa27533:OHN_DOM_R1:point_pollution:0.000,rejet_vs_point_pollution_duplique,RATTACHEMENT_RECOMMANDE,FORTE,Le point source pollution doit prioritairement rester sur `infra.rejet_domestique` ; le point de prelevement qualite est un doublon de support.
,staging.raw_idp_2024_src_pollution_globale,infra.rejet_domestique:333:AID_DOM1_R4:rejet_domestique:0.000 || qualite.source_pollution_prelevement:424beca5-abf2-4db2-b225-ba1fa794c241:AID_DOM1_R4:point_pollution:0.000,rejet_vs_point_pollution_duplique,RATTACHEMENT_RECOMMANDE,FORTE,Le point source pollution doit prioritairement rester sur `infra.rejet_domestique` ; le point de prelevement qualite est un doublon de support.
,staging.raw_idp_2024_src_pollution_globale,infra.rejet_domestique:65:AAZ_DOM1_R1:rejet_domestique:0.000 || qualite.source_pollution_prelevement:11dbf62c-6723-4ccc-9705-36ff23c48547:AAZ_DOM1_R1:point_pollution:0.000,rejet_vs_point_pollution_duplique,RATTACHEMENT_RECOMMANDE,FORTE,Le point source pollution doit prioritairement rester sur `infra.rejet_domestique` ; le point de prelevement qualite est un doublon de support.
Rejet,staging.raw_idp_2024_src_pollution_globale,infra.rejet_domestique:319:SAZ_DOM_R1:rejet_domestique:0.000 || qualite.source_pollution_prelevement:fe443c35-7251-4506-a1be-ce22109f0838:SAZ_DOM_R1:point_pollution:0.000,rejet_vs_point_pollution_duplique,RATTACHEMENT_RECOMMANDE,FORTE,Le point source pollution doit prioritairement rester sur `infra.rejet_domestique` ; le point de prelevement qualite est un doublon de support.
,staging.raw_idp_2024_src_pollution_globale,infra.rejet_domestique:307:SDK_DOM1_R2:rejet_domestique:0.000 || qualite.source_pollution_prelevement:bcd69398-645c-4989-86aa-86dfe79e807e:SDK_DOM1_R2:point_pollution:0.000,rejet_vs_point_pollution_duplique,RATTACHEMENT_RECOMMANDE,FORTE,Le point source pollution doit prioritairement rester sur `infra.rejet_domestique` ; le point de prelevement qualite est un doublon de support.
Rejet,staging.raw_idp_2024_src_pollution_globale,infra.rejet_domestique:320:SAZ_DOM_R2:rejet_domestique:0.000 || infra.step:38:SAZ_DOM_R2:step:0.000 || qualite.source_pollution_prelevement:b5d496e7-6c4c-45f7-9414-9ae2ac7c4291:SAZ_DOM_R2:point_pollution:0.000,rejet_vs_point_pollution_duplique,RATTACHEMENT_RECOMMANDE,FORTE,Le point source pollution doit prioritairement rester sur `infra.rejet_domestique` ; le point de prelevement qualite est un doublon de support.
Rejet,staging.raw_idp_2024_src_pollution_globale,infra.rejet_domestique:67:SJH_DOM1_R1:rejet_domestique:0.000 || qualite.source_pollution_prelevement:5481ccb0-fa5b-4186-91b4-2e9db75d423e:SJH_DOM1_R1 (EM):point_pollution:0.000,rejet_vs_point_pollution_duplique,RATTACHEMENT_RECOMMANDE,FORTE,Le point source pollution doit prioritairement rester sur `infra.rejet_domestique` ; le point de prelevement qualite est un doublon de support.
,staging.raw_idp_2024_src_pollution_globale,infra.rejet_domestique:45:AKA_PDOM1_R1:rejet_domestique:0.000 || qualite.source_pollution_prelevement:14190687-4e1f-4d41-a586-d28343d2b67a:AKA_PDOM1_R1:point_pollution:0.000,rejet_vs_point_pollution_duplique,RATTACHEMENT_RECOMMANDE,FORTE,Le point source pollution doit prioritairement rester sur `infra.rejet_domestique` ; le point de prelevement qualite est un doublon de support.
,staging.raw_idp_2024_src_pollution_globale,infra.rejet_abattoir:8:abattoir:rejet_abattoir:0.000 || qualite.source_pollution_prelevement:8d945cb4-e20c-4f73-9f4c-9448facf2515:REJET ABATTOIR AGOURAI:point_pollution:0.000,rejet_vs_point_pollution_duplique,RATTACHEMENT_RECOMMANDE,FORTE,Le point source pollution doit prioritairement rester sur `infra.rejet_abattoir` ; le point de prelevement qualite est un doublon de support.
,staging.raw_idp_2024_src_pollution_globale,infra.rejet_domestique:315:AID_DOM1_R4:rejet_domestique:0.000 || qualite.source_pollution_prelevement:cd36b469-12c7-4ea5-a380-10d452913ba6:AID_DOM1_R4 (AIN DFALI):point_pollution:0.000,rejet_vs_point_pollution_duplique,RATTACHEMENT_RECOMMANDE,FORTE,Le point source pollution doit prioritairement rester sur `infra.rejet_domestique` ; le point de prelevement qualite est un doublon de support.
,staging.raw_idp_2024_src_pollution_globale,infra.rejet_domestique:39:DDZ_PDOM1_R1:rejet_domestique:0.000 || qualite.source_pollution_prelevement:68380ac7-f435-438d-bb11-403f9f704109:DDZ_PDOM1_R1:point_pollution:0.000,rejet_vs_point_pollution_duplique,RATTACHEMENT_RECOMMANDE,FORTE,Le point source pollution doit prioritairement rester sur `infra.rejet_domestique` ; le point de prelevement qualite est un doublon de support.
Rejet,staging.raw_idp_2024_src_pollution_globale,infra.rejet_domestique:328:JEM_DOM_R3:rejet_domestique:0.000 || qualite.source_pollution_prelevement:83d63ebe-6ecf-4a59-8966-55d005261dd0:JEM_DOM_R3:point_pollution:0.000,rejet_vs_point_pollution_duplique,RATTACHEMENT_RECOMMANDE,FORTE,Le point source pollution doit prioritairement rester sur `infra.rejet_domestique` ; le point de prelevement qualite est un doublon de support.
Rejet,staging.raw_idp_2024_src_pollution_globale,infra.rejet_domestique:302:JEM_DOM_R1:rejet_domestique:0.000 || qualite.source_pollution_prelevement:f765f66a-27c4-4820-9cf0-c8c70fd1eee9:JEM_DOM_R1:point_pollution:0.000,rejet_vs_point_pollution_duplique,RATTACHEMENT_RECOMMANDE,FORTE,Le point source pollution doit prioritairement rester sur `infra.rejet_domestique` ; le point de prelevement qualite est un doublon de support.
A-B-C-D-H-E,staging.raw_idp_2024_src_pollution_globale,qualite.source_pollution_prelevement:bb68f7f7-4ffd-4f0b-bb50-8a4685fd4c86:REJET ABATTOIR MOULAY DRISS ZRHOUN:point_pollution:0.000 || infra.rejet_abattoir:18:abattoir:rejet_abattoir:0.374,rejet_vs_point_pollution_duplique,RATTACHEMENT_RECOMMANDE,FORTE,Le point source pollution doit prioritairement rester sur `infra.rejet_abattoir` ; le point de prelevement qualite est un doublon de support.
,staging.raw_idp_2024_src_pollution_globale,infra.rejet_domestique:55:MGH_PDOM1_R1:rejet_domestique:0.000 || qualite.source_pollution_prelevement:32b42491-486a-4825-b10b-7d00f66207e2:MGH_PDOM1_R1:point_pollution:0.000,rejet_vs_point_pollution_duplique,RATTACHEMENT_RECOMMANDE,FORTE,Le point source pollution doit prioritairement rester sur `infra.rejet_domestique` ; le point de prelevement qualite est un doublon de support.
,staging.raw_idp_2024_src_pollution_globale,infra.rejet_domestique:36:BFK_PDOM1_R1:rejet_domestique:0.000 || qualite.source_pollution_prelevement:ebf1b263-05be-4f1a-870c-bb551faa79a7:BFK_PDOM1_R1 (EM):point_pollution:0.000,rejet_vs_point_pollution_duplique,RATTACHEMENT_RECOMMANDE,FORTE,Le point source pollution doit prioritairement rester sur `infra.rejet_domestique` ; le point de prelevement qualite est un doublon de support.
,staging.raw_idp_2024_src_pollution_globale,infra.rejet_domestique:52:SMK_PDOM1_R2:rejet_domestique:0.000 || qualite.source_pollution_prelevement:8f9bc954-1498-4183-9bd7-03c269dd6633:SMK_PDOM1_R2:point_pollution:0.000,rejet_vs_point_pollution_duplique,RATTACHEMENT_RECOMMANDE,FORTE,Le point source pollution doit prioritairement rester sur `infra.rejet_domestique` ; le point de prelevement qualite est un doublon de support.
A-B-C-D,staging.raw_idp_2024_src_pollution_globale,qualite.source_pollution_prelevement:f9dc00c2-20b1-41df-88b8-126b0db3afef:SDR_PDOM_R1:point_pollution:0.000 || infra.rejet_domestique:28:SDR_PDOM_R1:rejet_domestique:0.484,rejet_vs_point_pollution_duplique,RATTACHEMENT_RECOMMANDE,FORTE,Le point source pollution doit prioritairement rester sur `infra.rejet_domestique` ; le point de prelevement qualite est un doublon de support.
Rejet,staging.raw_idp_2024_src_pollution_globale,infra.rejet_domestique:180:MKS_DOM_R1:rejet_domestique:0.000 || qualite.source_pollution_prelevement:bb98b07e-942b-4aa5-8613-96be4f1d54af:MKS_DOM_R1:point_pollution:0.000,rejet_vs_point_pollution_duplique,RATTACHEMENT_RECOMMANDE,FORTE,Le point source pollution doit prioritairement rester sur `infra.rejet_domestique` ; le point de prelevement qualite est un doublon de support.
,staging.raw_idp_2024_src_pollution_globale,infra.rejet_abattoir:23:abattoir:rejet_abattoir:0.000 || qualite.source_pollution_prelevement:cbd47ce5-5f32-4fb2-85a7-1c6db850bdea:REJET ABATTOIR SIDI REDOUANE:point_pollution:0.000,rejet_vs_point_pollution_duplique,RATTACHEMENT_RECOMMANDE,FORTE,Le point source pollution doit prioritairement rester sur `infra.rejet_abattoir` ; le point de prelevement qualite est un doublon de support.
Rejet,staging.raw_idp_2024_src_pollution_globale,infra.rejet_abattoir:39:abattoir:rejet_abattoir:0.000 || qualite.source_pollution_prelevement:38f36bb3-ea36-4452-aaa4-aaabe83cd312:MKS_DOM_R2:point_pollution:0.000,rejet_vs_point_pollution_duplique,RATTACHEMENT_RECOMMANDE,FORTE,Le point source pollution doit prioritairement rester sur `infra.rejet_abattoir` ; le point de prelevement qualite est un doublon de support.
,staging.raw_idp_2024_src_pollution_globale,infra.rejet_domestique:57:_PDOM1_R1:rejet_domestique:0.000 || qualite.source_pollution_prelevement:ae4cef62-dd30-481a-a2af-e71f50107e1b:NBA_PDOM1_R1:point_pollution:0.000,rejet_vs_point_pollution_duplique,RATTACHEMENT_RECOMMANDE,FORTE,Le point source pollution doit prioritairement rester sur `infra.rejet_domestique` ; le point de prelevement qualite est un doublon de support.
Rejet,staging.raw_idp_2024_src_pollution_globale,infra.rejet_domestique:53:CHQ_DOM_R1:rejet_domestique:0.000 || qualite.source_pollution_prelevement:19dcacad-6a38-4cfc-b1cb-7b798d4be1af:CHQ_DOM_R1:point_pollution:0.000,rejet_vs_point_pollution_duplique,RATTACHEMENT_RECOMMANDE,FORTE,Le point source pollution doit prioritairement rester sur `infra.rejet_domestique` ; le point de prelevement qualite est un doublon de support.
Rejet,staging.raw_idp_2024_src_pollution_globale,infra.rejet_domestique:54:CHQ_DOM_R2:rejet_domestique:0.000 || qualite.source_pollution_prelevement:5d7f87d9-e866-4f98-a2ae-d7d34dd054a6:CHQ_DOM_R2:point_pollution:0.000,rejet_vs_point_pollution_duplique,RATTACHEMENT_RECOMMANDE,FORTE,Le point source pollution doit prioritairement rester sur `infra.rejet_domestique` ; le point de prelevement qualite est un doublon de support.
,staging.raw_idp_2024_src_pollution_globale,infra.rejet_domestique:63:SBA_DOM1_R1:rejet_domestique:0.000 || qualite.source_pollution_prelevement:4590efdb-62b4-424a-9af1-5ddb27f135cf:SBA_DOM1_R1 (EM):point_pollution:0.000,rejet_vs_point_pollution_duplique,RATTACHEMENT_RECOMMANDE,FORTE,Le point source pollution doit prioritairement rester sur `infra.rejet_domestique` ; le point de prelevement qualite est un doublon de support.
,staging.raw_idp_2024_src_pollution_globale,infra.rejet_abattoir:22:abattoir:rejet_abattoir:0.000 || qualite.source_pollution_prelevement:7058ae42-6d16-46f2-8470-0dd46cb63675:REJET ABATTOIR SIDI BOUSBER:point_pollution:0.000,rejet_vs_point_pollution_duplique,RATTACHEMENT_RECOMMANDE,FORTE,Le point source pollution doit prioritairement rester sur `infra.rejet_abattoir` ; le point de prelevement qualite est un doublon de support.
,staging.raw_idp_2024_src_pollution_globale,infra.rejet_abattoir:21:abattoir:rejet_abattoir:0.000 || qualite.source_pollution_prelevement:6f66f22a-c742-4a7d-b4a5-e00530294f0f:REJET ABATTOIR MOQRISSET:point_pollution:0.000,rejet_vs_point_pollution_duplique,RATTACHEMENT_RECOMMANDE,FORTE,Le point source pollution doit prioritairement rester sur `infra.rejet_abattoir` ; le point de prelevement qualite est un doublon de support.
,staging.raw_idp_2024_src_pollution_globale,infra.rejet_abattoir:24:abattoir:rejet_abattoir:0.000 || qualite.source_pollution_prelevement:f39dbc5d-bb71-4d66-ac2b-612444590e87:REJET ABATTOIR ZOUMI:point_pollution:0.000,rejet_vs_point_pollution_duplique,RATTACHEMENT_RECOMMANDE,FORTE,Le point source pollution doit prioritairement rester sur `infra.rejet_abattoir` ; le point de prelevement qualite est un doublon de support.
A-B-C-D-H-E,staging.raw_idp_2024_src_pollution_globale,infra.rejet_domestique:87:ALH_PDOM1_R4:rejet_domestique:0.000 || qualite.source_pollution_prelevement:593b215a-7fe7-4a52-9039-f52fdd3bdf09:ALH_PDOM1_R4 (E.M):point_pollution:0.000,rejet_vs_point_pollution_duplique,RATTACHEMENT_RECOMMANDE,FORTE,Le point source pollution doit prioritairement rester sur `infra.rejet_domestique` ; le point de prelevement qualite est un doublon de support.
A-B-C-D,staging.raw_idp_2024_src_pollution_globale,qualite.source_pollution_prelevement:fc479f3c-ea4d-4341-b6f6-984dd4b9d6ea:ZOM_PDOM_R1:point_pollution:0.000 || infra.rejet_domestique:34:ZOM_PDOM_R1:rejet_domestique:0.863,rejet_vs_point_pollution_duplique,RATTACHEMENT_RECOMMANDE,FORTE,Le point source pollution doit prioritairement rester sur `infra.rejet_domestique` ; le point de prelevement qualite est un doublon de support.
,staging.raw_idp_2024_src_pollution_globale,infra.rejet_domestique:82:AZR_PDOM1_R1:rejet_domestique:0.000 || qualite.source_pollution_prelevement:0ddbb99e-5240-4673-a4f0-0ae29e66db87:AZR_PDOM1_R1:point_pollution:0.000,rejet_vs_point_pollution_duplique,RATTACHEMENT_RECOMMANDE,FORTE,Le point source pollution doit prioritairement rester sur `infra.rejet_domestique` ; le point de prelevement qualite est un doublon de support.
,staging.raw_idp_2024_src_pollution_globale,infra.stations:39:sidi mokhfi:station:0.000 || infra.stations_mesure:d40d82f6-462c-4c03-a6bd-b8555f5a33d1:sidi mokhfi:station:0.002,station_vs_station_mesure_duplique,RATTACHEMENT_RECOMMANDE,FORTE,"Le point doit se rattacher a `infra.stations_mesure`, plus proche du besoin de mesure, `infra.stations` restant la couche station historique."
Rejet,staging.raw_idp_2024_src_pollution_globale,infra.rejet_abattoir:25:abattoir:rejet_abattoir:0.000 || qualite.source_pollution_prelevement:58dcd154-ab7e-457c-9fe4-e6566f561dad:LMJ_DOM_R2:point_pollution:0.000,rejet_vs_point_pollution_duplique,RATTACHEMENT_RECOMMANDE,FORTE,Le point source pollution doit prioritairement rester sur `infra.rejet_abattoir` ; le point de prelevement qualite est un doublon de support.
,staging.raw_idp_2024_src_pollution_globale,infra.rejet_domestique:49:MHA_PDOM1_R2:rejet_domestique:0.000 || qualite.source_pollution_prelevement:cd0a9b4a-553a-46c9-a693-d2fb5581b744:MHA_PDOM1_R2:point_pollution:0.000,rejet_vs_point_pollution_duplique,RATTACHEMENT_RECOMMANDE,FORTE,Le point source pollution doit prioritairement rester sur `infra.rejet_domestique` ; le point de prelevement qualite est un doublon de support.
Rejet,staging.raw_idp_2024_src_pollution_globale,infra.rejet_domestique:89:BSM_PDOM1_R2:rejet_domestique:0.000 || qualite.source_pollution_prelevement:b6b06ea1-598a-41eb-bec1-b44bc4e2430b:BSM_PDOM1_R2 (EM):point_pollution:0.000,rejet_vs_point_pollution_duplique,RATTACHEMENT_RECOMMANDE,FORTE,Le point source pollution doit prioritairement rester sur `infra.rejet_domestique` ; le point de prelevement qualite est un doublon de support.
,staging.raw_idp_2024_src_pollution_globale,infra.stations:66:zaouiat sidi abdeslam:station:0.000 || infra.stations_mesure:7c861aab-81c0-47ce-b611-884ade798a6a:zaouiat sidi abdeslam:station:0.002,station_vs_station_mesure_duplique,RATTACHEMENT_RECOMMANDE,FORTE,"Le point doit se rattacher a `infra.stations_mesure`, plus proche du besoin de mesure, `infra.stations` restant la couche station historique."
Rejet,staging.raw_idp_2024_src_pollution_globale,infra.rejet_domestique:359:rejet_domestique:rejet_domestique:0.000 || qualite.source_pollution_prelevement:af9c052e-852f-4cf6-b6b4-5e78c9b737bc:MBC_DOM_R1:point_pollution:0.000,rejet_vs_point_pollution_duplique,RATTACHEMENT_RECOMMANDE,FORTE,Le point source pollution doit prioritairement rester sur `infra.rejet_domestique` ; le point de prelevement qualite est un doublon de support.
,staging.raw_idp_2024_src_pollution_globale,infra.rejet_domestique:104:TMH_PDOM1_R1:rejet_domestique:0.000 || qualite.source_pollution_prelevement:61b8c3f3-f903-400b-9097-df56ccbacfeb:TMH_PDOM1_R1:point_pollution:0.000,rejet_vs_point_pollution_duplique,RATTACHEMENT_RECOMMANDE,FORTE,Le point source pollution doit prioritairement rester sur `infra.rejet_domestique` ; le point de prelevement qualite est un doublon de support.
Rejet,staging.raw_idp_2024_src_pollution_globale,infra.rejet_domestique:173:KSN_DOM_R1:rejet_domestique:0.000 || qualite.source_pollution_prelevement:66aa0ca6-25f5-4ea0-8f1b-2e6d419e11a6:KSN_DOM_R1:point_pollution:0.000,rejet_vs_point_pollution_duplique,RATTACHEMENT_RECOMMANDE,FORTE,Le point source pollution doit prioritairement rester sur `infra.rejet_domestique` ; le point de prelevement qualite est un doublon de support.
Rejet,staging.raw_idp_2024_src_pollution_globale,infra.rejet_abattoir:61:abattoir:rejet_abattoir:0.000 || qualite.source_pollution_prelevement:243b5454-4c5f-45f0-9f61-5c2f387d427f:OMN_DOM_R2:point_pollution:0.000,rejet_vs_point_pollution_duplique,RATTACHEMENT_RECOMMANDE,FORTE,Le point source pollution doit prioritairement rester sur `infra.rejet_abattoir` ; le point de prelevement qualite est un doublon de support.
A-B-C-D,staging.raw_idp_2024_src_pollution_globale,infra.rejet_domestique:123:IMK_DOM_R3:rejet_domestique:0.000 || qualite.source_pollution_prelevement:b18ce074-6b9b-46a1-9ff9-c6dd7e0212c6:IMK_DOM_R3:point_pollution:0.000,rejet_vs_point_pollution_duplique,RATTACHEMENT_RECOMMANDE,FORTE,Le point source pollution doit prioritairement rester sur `infra.rejet_domestique` ; le point de prelevement qualite est un doublon de support.
Rejet,staging.raw_idp_2024_src_pollution_globale,infra.rejet_domestique:176:ORG_DOM_R2:rejet_domestique:0.000 || qualite.source_pollution_prelevement:6db47a20-a0c9-494e-9713-0de4c29e0f03:ORG_DOM_R2:point_pollution:0.000,rejet_vs_point_pollution_duplique,RATTACHEMENT_RECOMMANDE,FORTE,Le point source pollution doit prioritairement rester sur `infra.rejet_domestique` ; le point de prelevement qualite est un doublon de support.
Rejet,staging.raw_idp_2024_src_pollution_globale,infra.rejet_abattoir:58:abattoir:rejet_abattoir:0.000 || qualite.source_pollution_prelevement:9b2be06e-4ed8-44f7-ac49-daff457e5121:LOJ_DOM_R1:point_pollution:0.000,rejet_vs_point_pollution_duplique,RATTACHEMENT_RECOMMANDE,FORTE,Le point source pollution doit prioritairement rester sur `infra.rejet_abattoir` ; le point de prelevement qualite est un doublon de support.
Rejet,staging.raw_idp_2024_src_pollution_globale,infra.rejet_domestique:246:LOD_DOM_R1:rejet_domestique:0.000 || qualite.source_pollution_prelevement:10df2245-7f17-478b-9ef3-252d0a4b8f90:LOD_DOM_R1:point_pollution:0.000,rejet_vs_point_pollution_duplique,RATTACHEMENT_RECOMMANDE,FORTE,Le point source pollution doit prioritairement rester sur `infra.rejet_domestique` ; le point de prelevement qualite est un doublon de support.
A-B-C-D-H-E,staging.raw_idp_2024_src_pollution_globale,infra.rejet_domestique:11:BBR-PDS_R4:rejet_domestique:0.000 || qualite.source_pollution_prelevement:eece9f84-ecb9-4058-9a0b-c2369ba40783:BBR_PDS_R4 (E.M):point_pollution:0.000 || infra.rejet_domestique:10:BBR-PDS_R3:rejet_domestique:2.000,rejet_vs_point_pollution_duplique,RATTACHEMENT_RECOMMANDE,FORTE,Le point source pollution doit prioritairement rester sur `infra.rejet_domestique` ; le point de prelevement qualite est un doublon de support.
Source,staging.raw_idp_2024_src_pollution_globale,infra.stations:330:source ammes dechquonda:station:0.000 || infra.stations_mesure:7fe59c88-d667-42c0-8b3b-865831737e65:source ammes dechquonda:station:0.002,station_vs_station_mesure_duplique,RATTACHEMENT_RECOMMANDE,FORTE,"Le point doit se rattacher a `infra.stations_mesure`, plus proche du besoin de mesure, `infra.stations` restant la couche station historique."
Rejet,staging.raw_idp_2024_src_pollution_globale,infra.rejet_domestique:74:SHZ_DOM2_R4:rejet_domestique:0.000 || qualite.source_pollution_prelevement:bd26d42a-8f15-4669-b71f-dffd45c0193a:SHZ_DOM2_R4:point_pollution:0.000,rejet_vs_point_pollution_duplique,RATTACHEMENT_RECOMMANDE,FORTE,Le point source pollution doit prioritairement rester sur `infra.rejet_domestique` ; le point de prelevement qualite est un doublon de support.
Rejet,staging.raw_idp_2024_src_pollution_globale,infra.rejet_domestique:80:SHZ_DOM2_R3:rejet_domestique:0.000 || qualite.source_pollution_prelevement:7d2f0428-9461-4664-bea5-e38107218ddb:SHZ_DOM2_R3:point_pollution:0.000,rejet_vs_point_pollution_duplique,RATTACHEMENT_RECOMMANDE,FORTE,Le point source pollution doit prioritairement rester sur `infra.rejet_domestique` ; le point de prelevement qualite est un doublon de support.
Rejet,staging.raw_idp_2024_src_pollution_globale,infra.rejet_domestique:81:SHZ_DOM2_R5:rejet_domestique:0.000 || qualite.source_pollution_prelevement:00b3ba35-2eb5-4596-a4ae-4d228db49e29:SHZ_DOM2_R5:point_pollution:0.000,rejet_vs_point_pollution_duplique,RATTACHEMENT_RECOMMANDE,FORTE,Le point source pollution doit prioritairement rester sur `infra.rejet_domestique` ; le point de prelevement qualite est un doublon de support.
Rejet,staging.raw_idp_2024_src_pollution_globale,infra.rejet_domestique:243:AKA_DOM_R1:rejet_domestique:0.000 || qualite.source_pollution_prelevement:e704042d-843c-4e18-abc8-028b8e0b28a6:AKA_DOM_R1:point_pollution:0.000,rejet_vs_point_pollution_duplique,RATTACHEMENT_RECOMMANDE,FORTE,Le point source pollution doit prioritairement rester sur `infra.rejet_domestique` ; le point de prelevement qualite est un doublon de support.
Rejet,staging.raw_idp_2024_src_pollution_globale,infra.rejet_domestique:73:SHZ_DOM5_R1:rejet_domestique:0.000 || qualite.source_pollution_prelevement:7689d507-8b7c-4b6c-bc58-a8b6766991fb:SHZ_DOM5_R1:point_pollution:0.000,rejet_vs_point_pollution_duplique,RATTACHEMENT_RECOMMANDE,FORTE,Le point source pollution doit prioritairement rester sur `infra.rejet_domestique` ; le point de prelevement qualite est un doublon de support.
A-B-C-D-H-E,staging.raw_idp_2024_src_pollution_globale,infra.rejet_abattoir:4:abattoir:rejet_abattoir:0.000 || qualite.source_pollution_prelevement:03299489-8e2e-45f0-88dc-0182a20ab9b2:REJET ABATTOIR GUIGOU:point_pollution:0.000,rejet_vs_point_pollution_duplique,RATTACHEMENT_RECOMMANDE,FORTE,Le point source pollution doit prioritairement rester sur `infra.rejet_abattoir` ; le point de prelevement qualite est un doublon de support.
A-B-C-D-H-E,staging.raw_idp_2024_src_pollution_globale,infra.rejet_domestique:142:SEF_DOM_11:rejet_domestique:0.000 || qualite.source_pollution_prelevement:e33aff57-87e0-4b5b-a2f2-b9f3e06537e4:SEF_PDOM_R3 (E.M):point_pollution:0.000,rejet_vs_point_pollution_duplique,RATTACHEMENT_RECOMMANDE,FORTE,Le point source pollution doit prioritairement rester sur `infra.rejet_domestique` ; le point de prelevement qualite est un doublon de support.
Rejet,staging.raw_idp_2024_src_pollution_globale,infra.rejet_domestique:75:SHZ_DOM3_R1:rejet_domestique:0.000 || qualite.source_pollution_prelevement:0cb71770-8a7a-4614-be8c-8a2bca89612d:SHZ_DOM3_R1:point_pollution:0.000,rejet_vs_point_pollution_duplique,RATTACHEMENT_RECOMMANDE,FORTE,Le point source pollution doit prioritairement rester sur `infra.rejet_domestique` ; le point de prelevement qualite est un doublon de support.
Oued,staging.raw_idp_2024_src_pollution_globale,infra.stations:79:pt rs 302:station:0.000 || infra.stations_mesure:ad4adaa1-eaa1-4653-b976-5328ff0e36c2:pt rs 302:station:0.002,station_vs_station_mesure_duplique,RATTACHEMENT_RECOMMANDE,FORTE,"Le point doit se rattacher a `infra.stations_mesure`, plus proche du besoin de mesure, `infra.stations` restant la couche station historique."
A-B-C-D-H-E,staging.raw_idp_2024_src_pollution_globale,qualite.source_pollution_prelevement:e0007fd4-7c1c-49a0-b584-24734fdfb18d:REJET BOULEMANE (EM):point_pollution:0.000 || infra.rejet_domestique:59:BOL_PDOM_R1 :rejet_domestique:0.871,rejet_vs_point_pollution_duplique,RATTACHEMENT_RECOMMANDE,FORTE,Le point source pollution doit prioritairement rester sur `infra.rejet_domestique` ; le point de prelevement qualite est un doublon de support.
,staging.raw_idp_2024_src_pollution_globale,infra.rejet_domestique:149: AZA_DOM_R1:rejet_domestique:0.000 || qualite.source_pollution_prelevement:172eb839-799a-4899-bbe9-82b8432fb8a9:AZZABA:point_pollution:0.000,rejet_vs_point_pollution_duplique,RATTACHEMENT_RECOMMANDE,FORTE,Le point source pollution doit prioritairement rester sur `infra.rejet_domestique` ; le point de prelevement qualite est un doublon de support.
A-B-C-D,staging.raw_idp_2024_src_pollution_globale,infra.rejet_domestique:190:ACH_PDS_R1:rejet_domestique:0.000 || qualite.source_pollution_prelevement:efe3cc07-c0a7-4d1e-b235-4b2241f5dff7:ACH_PDS_R1:point_pollution:0.000,rejet_vs_point_pollution_duplique,RATTACHEMENT_RECOMMANDE,FORTE,Le point source pollution doit prioritairement rester sur `infra.rejet_domestique` ; le point de prelevement qualite est un doublon de support.
,staging.raw_idp_2024_src_pollution_globale,infra.rejet_domestique:161:TNT_PDS_R6:rejet_domestique:0.000 || qualite.source_pollution_prelevement:ababc484-d959-4bc7-a630-72fa744e1a5a:TNT_PDS_R6:point_pollution:0.000,rejet_vs_point_pollution_duplique,RATTACHEMENT_RECOMMANDE,FORTE,Le point source pollution doit prioritairement rester sur `infra.rejet_domestique` ; le point de prelevement qualite est un doublon de support.
,staging.raw_idp_2024_src_pollution_globale,infra.rejet_abattoir:33:abattoir:rejet_abattoir:0.000 || qualite.source_pollution_prelevement:fa61802e-69e6-422c-8199-1f5d353cd03d:REJET ABATTOIR TAOUNATE:point_pollution:0.000,rejet_vs_point_pollution_duplique,RATTACHEMENT_RECOMMANDE,FORTE,Le point source pollution doit prioritairement rester sur `infra.rejet_abattoir` ; le point de prelevement qualite est un doublon de support.
,staging.raw_idp_2024_src_pollution_globale,infra.huilerie:357:Non-connue 04:huilerie:0.000 || qualite.source_pollution_prelevement:dce4c4df-e9f6-400b-94a8-9f47c9fb1fb6:MTA_PDOM_R4:point_pollution:0.000,plusieurs_candidats_distincts,VALIDATION_METIER_REQUISE,FAIBLE,Plusieurs entites distinctes partagent la meme localisation ou un XY trop proche ; arbitrage metier indispensable.
A-B-C-D,staging.raw_idp_2024_src_pollution_globale,infra.rejet_domestique:185:BHD_PDS_R2:rejet_domestique:0.000 || qualite.source_pollution_prelevement:e2fd21f7-75d9-4eae-a625-6ef21e55cd4e:BHD_PDS_R2:point_pollution:0.000,rejet_vs_point_pollution_duplique,RATTACHEMENT_RECOMMANDE,FORTE,Le point source pollution doit prioritairement rester sur `infra.rejet_domestique` ; le point de prelevement qualite est un doublon de support.
A-B-C-D-H-E,staging.raw_idp_2024_src_pollution_globale,infra.rejet_domestique:121:MNZ_DOM_R10:rejet_domestique:0.000 || qualite.source_pollution_prelevement:1084ee38-427d-4082-8643-41f32c70114d:MNZ_DOM_R10 (E.M):point_pollution:0.000,rejet_vs_point_pollution_duplique,RATTACHEMENT_RECOMMANDE,FORTE,Le point source pollution doit prioritairement rester sur `infra.rejet_domestique` ; le point de prelevement qualite est un doublon de support.
,staging.raw_idp_2024_src_pollution_globale,qualite.source_pollution_prelevement:0f197f1c-7429-41aa-8ea8-f7298336e152:REJET ABATTOIR SKOURA MDAZ:point_pollution:0.000 || infra.rejet_abattoir:3:abattoir:rejet_abattoir:0.954,rejet_vs_point_pollution_duplique,RATTACHEMENT_RECOMMANDE,FORTE,Le point source pollution doit prioritairement rester sur `infra.rejet_abattoir` ; le point de prelevement qualite est un doublon de support.
,staging.raw_idp_2024_src_pollution_globale,infra.rejet_abattoir:45:abattoir:rejet_abattoir:0.000 || qualite.source_pollution_prelevement:eb14f5f4-c3d2-4c77-b85b-61bde4f74975:REJET ABATTOIR MATMATA:point_pollution:0.000,rejet_vs_point_pollution_duplique,RATTACHEMENT_RECOMMANDE,FORTE,Le point source pollution doit prioritairement rester sur `infra.rejet_abattoir` ; le point de prelevement qualite est un doublon de support.
,staging.raw_idp_2024_src_pollution_globale,infra.stations:77:station el kouchet:station:0.000 || infra.stations_mesure:ebf1df46-dc1b-4301-9071-e750d57e7962:station el kouchet:station:0.002,station_vs_station_mesure_duplique,RATTACHEMENT_RECOMMANDE,FORTE,"Le point doit se rattacher a `infra.stations_mesure`, plus proche du besoin de mesure, `infra.stations` restant la couche station historique."
A-B-C-D-H-E,staging.raw_idp_2024_src_pollution_globale,infra.rejet_abattoir:51:abattoir:rejet_abattoir:0.000 || qualite.source_pollution_prelevement:cd909e42-34a7-4390-ae10-26f4f6570c60:REJET ABATTOIR TAHLA:point_pollution:0.000,rejet_vs_point_pollution_duplique,RATTACHEMENT_RECOMMANDE,FORTE,Le point source pollution doit prioritairement rester sur `infra.rejet_abattoir` ; le point de prelevement qualite est un doublon de support.
,staging.raw_idp_2024_src_pollution_globale,infra.rejet_domestique:205:BF_DOM_R1:rejet_domestique:0.000 || qualite.source_pollution_prelevement:53efbcfb-452e-4d77-b809-9a11bb6f0f52:BF_DOM_R1:point_pollution:0.000,rejet_vs_point_pollution_duplique,RATTACHEMENT_RECOMMANDE,FORTE,Le point source pollution doit prioritairement rester sur `infra.rejet_domestique` ; le point de prelevement qualite est un doublon de support.
A-B-C-D,staging.raw_idp_2024_src_pollution_globale,infra.rejet_domestique:213:OZ_DECH_R1:rejet_domestique:0.000 || qualite.source_pollution_prelevement:4aad3899-911e-4255-a9a8-c15dd0ab671e:OZ_DECH_R1:point_pollution:0.000,rejet_vs_point_pollution_duplique,RATTACHEMENT_RECOMMANDE,FORTE,Le point source pollution doit prioritairement rester sur `infra.rejet_domestique` ; le point de prelevement qualite est un doublon de support.
A-B-C-D-H-E,staging.raw_idp_2024_src_pollution_globale,infra.rejet_abattoir:50:abattoir:rejet_abattoir:0.000 || qualite.source_pollution_prelevement:b35320a8-7ea2-422e-94d3-40363d3616df:REJET ABATTOIR OULED ZBAIR:point_pollution:0.000,rejet_vs_point_pollution_duplique,RATTACHEMENT_RECOMMANDE,FORTE,Le point source pollution doit prioritairement rester sur `infra.rejet_abattoir` ; le point de prelevement qualite est un doublon de support.
A-B-C-D,staging.raw_idp_2024_src_pollution_globale,infra.rejet_domestique:168:THS_PDS_R1 :rejet_domestique:0.000 || qualite.source_pollution_prelevement:17196d75-1407-4e5b-a0b8-b38f14e05d3e:THS_PDS_R1:point_pollution:0.000,rejet_vs_point_pollution_duplique,RATTACHEMENT_RECOMMANDE,FORTE,Le point source pollution doit prioritairement rester sur `infra.rejet_domestique` ; le point de prelevement qualite est un doublon de support.
,staging.raw_idp_2024_src_pollution_globale,infra.rejet_abattoir:48:abattoir:rejet_abattoir:0.000 || qualite.source_pollution_prelevement:24c89e3d-bccf-4239-96fe-b858f0d75a01:REJET ABATTOIR OUED AMLIL:point_pollution:0.000,rejet_vs_point_pollution_duplique,RATTACHEMENT_RECOMMANDE,FORTE,Le point source pollution doit prioritairement rester sur `infra.rejet_abattoir` ; le point de prelevement qualite est un doublon de support.
Rejet,staging.raw_idp_2024_src_pollution_globale,infra.rejet_domestique:197:OA_DOM_R3:rejet_domestique:0.000 || qualite.source_pollution_prelevement:1d05534e-2578-4f77-93c9-41819ba9b232:OA_DOM_R3:point_pollution:0.000,rejet_vs_point_pollution_duplique,RATTACHEMENT_RECOMMANDE,FORTE,Le point source pollution doit prioritairement rester sur `infra.rejet_domestique` ; le point de prelevement qualite est un doublon de support.
A-B-C-D,staging.raw_idp_2024_src_pollution_globale,qualite.source_pollution_prelevement:24c7d6e0-f170-44f4-af39-c899640dd423:M_DOM_R1:point_pollution:0.000 || infra.rejet_domestique:225:M_DOM_R1:rejet_domestique:0.900,rejet_vs_point_pollution_duplique,RATTACHEMENT_RECOMMANDE,FORTE,Le point source pollution doit prioritairement rester sur `infra.rejet_domestique` ; le point de prelevement qualite est un doublon de support.
A-B-C-D,staging.raw_idp_2024_src_pollution_globale,infra.rejet_domestique:2:BA_DOM_R1:rejet_domestique:0.000 || qualite.source_pollution_prelevement:3af34f80-bdbe-4129-97e3-4269265187f4:BA_DOM_R1:point_pollution:0.000,rejet_vs_point_pollution_duplique,RATTACHEMENT_RECOMMANDE,FORTE,Le point source pollution doit prioritairement rester sur `infra.rejet_domestique` ; le point de prelevement qualite est un doublon de support.
A-B-C-D-H-E,staging.raw_idp_2024_src_pollution_globale,infra.rejet_abattoir:40:abattoir:rejet_abattoir:0.000 || qualite.source_pollution_prelevement:0a8ef114-de35-44c4-afa1-8251972f57ea:REJET ABATTOIR BAB MARZOUKA:point_pollution:0.000,rejet_vs_point_pollution_duplique,RATTACHEMENT_RECOMMANDE,FORTE,Le point source pollution doit prioritairement rester sur `infra.rejet_abattoir` ; le point de prelevement qualite est un doublon de support.
,staging.raw_idp_2024_src_pollution_globale,infra.rejet_abattoir:55:abattoir:rejet_abattoir:0.000 || qualite.source_pollution_prelevement:f3755f9d-161f-4606-8c03-e2cba2bc0567:REJET ABATTOIR BNI FTAH:point_pollution:0.000,rejet_vs_point_pollution_duplique,RATTACHEMENT_RECOMMANDE,FORTE,Le point source pollution doit prioritairement rester sur `infra.rejet_abattoir` ; le point de prelevement qualite est un doublon de support.
,staging.raw_idp_2024_src_pollution_globale,qualite.source_pollution_prelevement:029fbe08-b148-4ab2-9f2b-f258371c43be:TAZ_PDOM_R9:point_pollution:0.000 || qualite.source_pollution_prelevement:bf9462ff-bf75-48ea-83f1-3514cb97186b:TAZ_PDOM_R6:point_pollution:0.000,plusieurs_candidats_distincts,VALIDATION_METIER_REQUISE,FAIBLE,Plusieurs entites distinctes partagent la meme localisation ou un XY trop proche ; arbitrage metier indispensable.
Rejet,staging.raw_idp_2024_src_pollution_globale,qualite.source_pollution_prelevement:029fbe08-b148-4ab2-9f2b-f258371c43be:TAZ_PDOM_R9:point_pollution:0.000 || qualite.source_pollution_prelevement:bf9462ff-bf75-48ea-83f1-3514cb97186b:TAZ_PDOM_R6:point_pollution:0.000,plusieurs_candidats_distincts,VALIDATION_METIER_REQUISE,FAIBLE,Plusieurs entites distinctes partagent la meme localisation ou un XY trop proche ; arbitrage metier indispensable.
,staging.raw_idp_2024_src_pollution_globale,infra.rejet_abattoir:44:abattoir:rejet_abattoir:0.000 || qualite.source_pollution_prelevement:ff06abe3-1a8e-4a1d-886b-b0a0e9bc7a03:REJET ABATTOIR GALDMANE:point_pollution:0.000,rejet_vs_point_pollution_duplique,RATTACHEMENT_RECOMMANDE,FORTE,Le point source pollution doit prioritairement rester sur `infra.rejet_abattoir` ; le point de prelevement qualite est un doublon de support.
,staging.raw_idp_2024_src_pollution_marche_cadre,infra.stations:165:piezonetre plage des nations:station:0.000 || infra.stations_mesure:58e2a5ed-a9f9-4385-95f6-bd1a59368e02:piezonetre plage des nations:station:0.002,station_vs_station_mesure_duplique,RATTACHEMENT_RECOMMANDE,FORTE,"Le point doit se rattacher a `infra.stations_mesure`, plus proche du besoin de mesure, `infra.stations` restant la couche station historique."
,staging.raw_idp_2024_src_pollution_marche_cadre,infra.stations:198:piezomètre:station:0.000 || infra.stations_mesure:646d85e6-635b-4243-8632-b2547b60b595:piezomètre:station:0.002,station_vs_station_mesure_duplique,RATTACHEMENT_RECOMMANDE,FORTE,"Le point doit se rattacher a `infra.stations_mesure`, plus proche du besoin de mesure, `infra.stations` restant la couche station historique."
,staging.raw_idp_2024_src_pollution_marche_cadre,infra.stations:163:puit el ghouazi:station:0.000 || infra.stations_mesure:e562429f-9fe9-498b-989c-6847ddd10f63:puit el ghouazi:station:0.002,station_vs_station_mesure_duplique,RATTACHEMENT_RECOMMANDE,FORTE,"Le point doit se rattacher a `infra.stations_mesure`, plus proche du besoin de mesure, `infra.stations` restant la couche station historique."
,staging.raw_idp_2024_src_pollution_marche_cadre,infra.stations:70:amont kenitra:station:0.000 || infra.stations_mesure:bfb9a874-e472-4b2c-86d8-7ccf01c5e08e:amont kenitra:station:0.002,station_vs_station_mesure_duplique,RATTACHEMENT_RECOMMANDE,FORTE,"Le point doit se rattacher a `infra.stations_mesure`, plus proche du besoin de mesure, `infra.stations` restant la couche station historique."
,staging.raw_idp_2024_src_pollution_marche_cadre,infra.stations:197:forage:station:0.000 || infra.stations_mesure:84da0337-e665-4514-9317-de9888914a1d:forage:station:0.002,station_vs_station_mesure_duplique,RATTACHEMENT_RECOMMANDE,FORTE,"Le point doit se rattacher a `infra.stations_mesure`, plus proche du besoin de mesure, `infra.stations` restant la couche station historique."
,staging.raw_idp_2024_src_pollution_marche_cadre,infra.stations:153:puits à captage cuvelé:station:0.000 || infra.stations_mesure:fc3ab6b8-6669-4c96-be17-8f63b8d63927:puits à captage cuvelé:station:0.002,station_vs_station_mesure_duplique,RATTACHEMENT_RECOMMANDE,FORTE,"Le point doit se rattacher a `infra.stations_mesure`, plus proche du besoin de mesure, `infra.stations` restant la couche station historique."
,staging.raw_idp_2024_src_pollution_marche_cadre,infra.stations:51:brg garde du sebou:station:0.000 || infra.stations:94:amont barrage de garde:station:0.000 || infra.stations_mesure:5533ab49-e2ed-4580-862d-32146588bbf5:brg garde du sebou:station:0.002 || infra.stations_mesure:c1299320-3bdb-4bb3-8bbf-0f9dc3ca71ef:amont barrage de garde:station:0.002,station_vs_station_mesure_duplique,RATTACHEMENT_RECOMMANDE,FORTE,"Le point doit se rattacher a `infra.stations_mesure`, plus proche du besoin de mesure, `infra.stations` restant la couche station historique."
,staging.raw_idp_2024_src_pollution_marche_cadre,infra.stations:51:brg garde du sebou:station:0.000 || infra.stations:94:amont barrage de garde:station:0.000 || infra.stations_mesure:5533ab49-e2ed-4580-862d-32146588bbf5:brg garde du sebou:station:0.002 || infra.stations_mesure:c1299320-3bdb-4bb3-8bbf-0f9dc3ca71ef:amont barrage de garde:station:0.002,station_vs_station_mesure_duplique,RATTACHEMENT_RECOMMANDE,FORTE,"Le point doit se rattacher a `infra.stations_mesure`, plus proche du besoin de mesure, `infra.stations` restant la couche station historique."
,staging.raw_idp_2024_src_pollution_marche_cadre,infra.stations:175:forage:station:0.000 || infra.stations_mesure:b63de6b8-3652-4402-846a-44cc3a7e22c5:forage:station:0.002,station_vs_station_mesure_duplique,RATTACHEMENT_RECOMMANDE,FORTE,"Le point doit se rattacher a `infra.stations_mesure`, plus proche du besoin de mesure, `infra.stations` restant la couche station historique."
,staging.raw_idp_2024_src_pollution_marche_cadre,infra.stations:176:piezomètre :station:0.000 || infra.stations_mesure:f87df845-bf1b-430d-b116-2c354b9749e0:piezomètre :station:0.002,station_vs_station_mesure_duplique,RATTACHEMENT_RECOMMANDE,FORTE,"Le point doit se rattacher a `infra.stations_mesure`, plus proche du besoin de mesure, `infra.stations` restant la couche station historique."
,staging.raw_idp_2024_src_pollution_marche_cadre,infra.stations:64:aval rejet tifelt:station:0.000 || infra.stations_mesure:abbd0423-1320-4e97-b2fb-305c220b2d88:aval rejet tifelt:station:0.002,station_vs_station_mesure_duplique,RATTACHEMENT_RECOMMANDE,FORTE,"Le point doit se rattacher a `infra.stations_mesure`, plus proche du besoin de mesure, `infra.stations` restant la couche station historique."
,staging.raw_idp_2024_src_pollution_marche_cadre,infra.stations:181:forage:station:0.000 || infra.stations_mesure:e06b2116-a639-4114-976e-7e9f43df2ed0:forage:station:0.002,station_vs_station_mesure_duplique,RATTACHEMENT_RECOMMANDE,FORTE,"Le point doit se rattacher a `infra.stations_mesure`, plus proche du besoin de mesure, `infra.stations` restant la couche station historique."
,staging.raw_idp_2024_src_pollution_marche_cadre,infra.stations:186:piezometre:station:0.000 || infra.stations:210:puit douar tewirza (ain assou):station:0.000 || infra.stations_mesure:b97150a6-b0c1-4a3d-97cd-dd1e3f0e6e3e:piezometre:station:0.002 || infra.stations_mesure:cfedc584-165b-40e4-a467-fdbc4f31efdf:puit douar tewirza (ain assou):station:0.002,station_vs_station_mesure_duplique,RATTACHEMENT_RECOMMANDE,FORTE,"Le point doit se rattacher a `infra.stations_mesure`, plus proche du besoin de mesure, `infra.stations` restant la couche station historique."
,staging.raw_idp_2024_src_pollution_marche_cadre,infra.stations:270:puits khlifi ramou:station:0.000 || infra.stations_mesure:38c78f2c-d947-4e07-9712-8d920ad7315c:puits khlifi ramou:station:0.002,station_vs_station_mesure_duplique,RATTACHEMENT_RECOMMANDE,FORTE,"Le point doit se rattacher a `infra.stations_mesure`, plus proche du besoin de mesure, `infra.stations` restant la couche station historique."
,staging.raw_idp_2024_src_pollution_marche_cadre,infra.stations:188:puit eaux et forets ain assou:station:0.000 || infra.stations_mesure:061e7e15-b57c-4ac7-8d03-800a6e94f32e:puit eaux et forets ain assou:station:0.002,station_vs_station_mesure_duplique,RATTACHEMENT_RECOMMANDE,FORTE,"Le point doit se rattacher a `infra.stations_mesure`, plus proche du besoin de mesure, `infra.stations` restant la couche station historique."
,staging.raw_idp_2024_src_pollution_marche_cadre,infra.stations:322:puits hrichmane:station:0.000 || infra.stations_mesure:695c90b6-8c73-4302-a824-5475cfc1276e:puits hrichmane:station:0.002,station_vs_station_mesure_duplique,RATTACHEMENT_RECOMMANDE,FORTE,"Le point doit se rattacher a `infra.stations_mesure`, plus proche du besoin de mesure, `infra.stations` restant la couche station historique."
,staging.raw_idp_2024_src_pollution_marche_cadre,infra.stations:324:puits ait yadine:station:0.000 || infra.stations_mesure:ebf68d4e-a7ce-4e6f-9810-64e49de5185e:puits ait yadine:station:0.002,station_vs_station_mesure_duplique,RATTACHEMENT_RECOMMANDE,FORTE,"Le point doit se rattacher a `infra.stations_mesure`, plus proche du besoin de mesure, `infra.stations` restant la couche station historique."
,staging.raw_idp_2024_src_pollution_marche_cadre,infra.stations:167:puits à captage cuvelé:station:0.000 || infra.stations_mesure:f08b3230-eee6-460f-82db-cac7bcc6bddf:puits à captage cuvelé:station:0.002,station_vs_station_mesure_duplique,RATTACHEMENT_RECOMMANDE,FORTE,"Le point doit se rattacher a `infra.stations_mesure`, plus proche du besoin de mesure, `infra.stations` restant la couche station historique."
,staging.raw_idp_2024_src_pollution_marche_cadre,infra.stations:95:el hammam:station:0.000 || infra.stations_mesure:d4831d6b-1b8f-4599-b54b-55bdc53a5675:el hammam:station:0.002,station_vs_station_mesure_duplique,RATTACHEMENT_RECOMMANDE,FORTE,"Le point doit se rattacher a `infra.stations_mesure`, plus proche du besoin de mesure, `infra.stations` restant la couche station historique."
,staging.raw_idp_2024_src_pollution_marche_cadre,infra.stations:24:had kourt:station:0.000 || infra.stations_mesure:eecf0ca7-8e8b-45b1-b00c-ae8e75fd60ce:had kourt:station:0.002,station_vs_station_mesure_duplique,RATTACHEMENT_RECOMMANDE,FORTE,"Le point doit se rattacher a `infra.stations_mesure`, plus proche du besoin de mesure, `infra.stations` restant la couche station historique."
,staging.raw_idp_2024_src_pollution_marche_cadre,infra.stations:63:pont kroumam:station:0.000 || infra.stations_mesure:13ff23af-7c6f-453a-b4c3-5c40e87d1ca0:pont kroumam:station:0.002,station_vs_station_mesure_duplique,RATTACHEMENT_RECOMMANDE,FORTE,"Le point doit se rattacher a `infra.stations_mesure`, plus proche du besoin de mesure, `infra.stations` restant la couche station historique."
,staging.raw_idp_2024_src_pollution_marche_cadre,infra.stations:105:puit sodea:station:0.000 || infra.stations_mesure:cedd9a28-a8a9-44af-b3ad-4eb66ade4c7f:puit sodea:station:0.002,station_vs_station_mesure_duplique,RATTACHEMENT_RECOMMANDE,FORTE,"Le point doit se rattacher a `infra.stations_mesure`, plus proche du besoin de mesure, `infra.stations` restant la couche station historique."
,staging.raw_idp_2024_src_pollution_marche_cadre,infra.stations:109:puits à captage cuvelé:station:0.000 || infra.stations_mesure:452fcbda-da3b-4c6c-8ef2-f2cc87a001ac:puits à captage cuvelé:station:0.002,station_vs_station_mesure_duplique,RATTACHEMENT_RECOMMANDE,FORTE,"Le point doit se rattacher a `infra.stations_mesure`, plus proche du besoin de mesure, `infra.stations` restant la couche station historique."
,staging.raw_idp_2024_src_pollution_marche_cadre,infra.stations:62:aval rejet de meknes:station:0.000 || infra.stations_mesure:494864be-331f-4a70-91d8-3c4ac59ac20f:aval rejet de meknes:station:0.002,station_vs_station_mesure_duplique,RATTACHEMENT_RECOMMANDE,FORTE,"Le point doit se rattacher a `infra.stations_mesure`, plus proche du besoin de mesure, `infra.stations` restant la couche station historique."
,staging.raw_idp_2024_src_pollution_marche_cadre,infra.stations:242:puits à captage cuvelé:station:0.000 || infra.stations_mesure:8818f7f4-a198-49a1-b8f4-07d632b70829:puits à captage cuvelé:station:0.002,station_vs_station_mesure_duplique,RATTACHEMENT_RECOMMANDE,FORTE,"Le point doit se rattacher a `infra.stations_mesure`, plus proche du besoin de mesure, `infra.stations` restant la couche station historique."
,staging.raw_idp_2024_src_pollution_marche_cadre,infra.stations:61:pont route principale 21:station:0.000 || infra.stations_mesure:c25c2450-2447-479a-bbe2-b75197b01eb7:pont route principale 21:station:0.002,station_vs_station_mesure_duplique,RATTACHEMENT_RECOMMANDE,FORTE,"Le point doit se rattacher a `infra.stations_mesure`, plus proche du besoin de mesure, `infra.stations` restant la couche station historique."
,staging.raw_idp_2024_src_pollution_marche_cadre,infra.stations:8:azib soltane:station:0.000 || infra.stations_mesure:b647955a-e26d-4564-8509-25cb40ef1404:azib soltane:station:0.002,station_vs_station_mesure_duplique,RATTACHEMENT_RECOMMANDE,FORTE,"Le point doit se rattacher a `infra.stations_mesure`, plus proche du besoin de mesure, `infra.stations` restant la couche station historique."
,staging.raw_idp_2024_src_pollution_marche_cadre,infra.stations:327:forage ferme haj mouhcine:station:0.000 || infra.stations_mesure:dec735c9-7848-44d8-a88c-823e57c073cf:forage ferme haj mouhcine:station:0.002,station_vs_station_mesure_duplique,RATTACHEMENT_RECOMMANDE,FORTE,"Le point doit se rattacher a `infra.stations_mesure`, plus proche du besoin de mesure, `infra.stations` restant la couche station historique."
,staging.raw_idp_2024_src_pollution_marche_cadre,infra.stations:127:puit abdeslam:station:0.000 || infra.stations_mesure:8e73bc36-141c-48b9-9e42-0f8878bacf82:puit abdeslam:station:0.002,station_vs_station_mesure_duplique,RATTACHEMENT_RECOMMANDE,FORTE,"Le point doit se rattacher a `infra.stations_mesure`, plus proche du besoin de mesure, `infra.stations` restant la couche station historique."
,staging.raw_idp_2024_src_pollution_marche_cadre,infra.stations:115:puit hadj kadour ben nasser:station:0.000 || infra.stations_mesure:5d0b7e30-6409-4420-bb86-11e9937e3fe5:puit hadj kadour ben nasser:station:0.002,station_vs_station_mesure_duplique,RATTACHEMENT_RECOMMANDE,FORTE,"Le point doit se rattacher a `infra.stations_mesure`, plus proche du besoin de mesure, `infra.stations` restant la couche station historique."
,staging.raw_idp_2024_src_pollution_marche_cadre,infra.stations:325:puits loutfi benkamleh:station:0.000 || infra.stations_mesure:39b5477f-a4e0-4dfd-b4ca-f442d01634b5:puits loutfi benkamleh:station:0.002,station_vs_station_mesure_duplique,RATTACHEMENT_RECOMMANDE,FORTE,"Le point doit se rattacher a `infra.stations_mesure`, plus proche du besoin de mesure, `infra.stations` restant la couche station historique."
,staging.raw_idp_2024_src_pollution_marche_cadre,infra.stations:39:sidi mokhfi:station:0.000 || infra.stations_mesure:d40d82f6-462c-4c03-a6bd-b8555f5a33d1:sidi mokhfi:station:0.002,station_vs_station_mesure_duplique,RATTACHEMENT_RECOMMANDE,FORTE,"Le point doit se rattacher a `infra.stations_mesure`, plus proche du besoin de mesure, `infra.stations` restant la couche station historique."
,staging.raw_idp_2024_src_pollution_marche_cadre,infra.stations:151:puit douar hassassine:station:0.000 || infra.stations_mesure:82a0f1f6-4b1d-4078-bfab-e5ef629cd232:puit douar hassassine:station:0.002,station_vs_station_mesure_duplique,RATTACHEMENT_RECOMMANDE,FORTE,"Le point doit se rattacher a `infra.stations_mesure`, plus proche du besoin de mesure, `infra.stations` restant la couche station historique."
,staging.raw_idp_2024_src_pollution_marche_cadre,infra.stations:116:puits à captage cuvelé:station:0.000 || infra.stations_mesure:49b9ddaf-f6de-4cac-aeb9-d8cd110aa129:puits à captage cuvelé:station:0.002,station_vs_station_mesure_duplique,RATTACHEMENT_RECOMMANDE,FORTE,"Le point doit se rattacher a `infra.stations_mesure`, plus proche du besoin de mesure, `infra.stations` restant la couche station historique."
,staging.raw_idp_2024_src_pollution_marche_cadre,infra.stations:328:puits douar ouersefan:station:0.000 || infra.stations_mesure:a8bc21d7-d196-4551-b54f-c2e3f0f0f262:puits douar ouersefan:station:0.002,station_vs_station_mesure_duplique,RATTACHEMENT_RECOMMANDE,FORTE,"Le point doit se rattacher a `infra.stations_mesure`, plus proche du besoin de mesure, `infra.stations` restant la couche station historique."
,staging.raw_idp_2024_src_pollution_marche_cadre,infra.stations:239:puit ben smime:station:0.000 || infra.stations_mesure:fdfbf7ab-b0a4-4008-890e-85037c7a7e7b:puit ben smime:station:0.002,station_vs_station_mesure_duplique,RATTACHEMENT_RECOMMANDE,FORTE,"Le point doit se rattacher a `infra.stations_mesure`, plus proche du besoin de mesure, `infra.stations` restant la couche station historique."
,staging.raw_idp_2024_src_pollution_marche_cadre,infra.stations:66:zaouiat sidi abdeslam:station:0.000 || infra.stations_mesure:7c861aab-81c0-47ce-b611-884ade798a6a:zaouiat sidi abdeslam:station:0.002,station_vs_station_mesure_duplique,RATTACHEMENT_RECOMMANDE,FORTE,"Le point doit se rattacher a `infra.stations_mesure`, plus proche du besoin de mesure, `infra.stations` restant la couche station historique."
,staging.raw_idp_2024_src_pollution_marche_cadre,infra.stations:331:puits lhammani brahim:station:0.000 || infra.stations_mesure:760a7db3-4bf5-4db2-9a38-0b906a580ecf:puits lhammani brahim:station:0.002,station_vs_station_mesure_duplique,RATTACHEMENT_RECOMMANDE,FORTE,"Le point doit se rattacher a `infra.stations_mesure`, plus proche du besoin de mesure, `infra.stations` restant la couche station historique."
,staging.raw_idp_2024_src_pollution_marche_cadre,infra.stations:96:station foum khneg:station:0.000 || infra.stations_mesure:c0d54bc4-eb1e-459b-a641-78e8e4cb8748:station foum khneg:station:0.002,station_vs_station_mesure_duplique,RATTACHEMENT_RECOMMANDE,FORTE,"Le point doit se rattacher a `infra.stations_mesure`, plus proche du besoin de mesure, `infra.stations` restant la couche station historique."
,staging.raw_idp_2024_src_pollution_marche_cadre,infra.stations:323:forage ferme haddadi:station:0.000 || infra.stations_mesure:6a3ab562-fad2-49ea-9935-b16eed060bfd:forage ferme haddadi:station:0.002,station_vs_station_mesure_duplique,RATTACHEMENT_RECOMMANDE,FORTE,"Le point doit se rattacher a `infra.stations_mesure`, plus proche du besoin de mesure, `infra.stations` restant la couche station historique."
,staging.raw_idp_2024_src_pollution_marche_cadre,infra.stations_mesure:c71ce70d-5ffa-4b31-9fe7-f78289a00c18:r1197/15:station:0.998 || infra.stations:147:r1197/15:station:1.000,station_vs_station_mesure_duplique,RATTACHEMENT_RECOMMANDE,FORTE,"Le point doit se rattacher a `infra.stations_mesure`, plus proche du besoin de mesure, `infra.stations` restant la couche station historique."
,staging.raw_idp_2024_src_pollution_marche_cadre,infra.stations:59:dayet aoua:station:0.000 || infra.stations_mesure:4af6ca36-ff34-4dc3-b573-10fcdebed577:dayet aoua:station:0.002,station_vs_station_mesure_duplique,RATTACHEMENT_RECOMMANDE,FORTE,"Le point doit se rattacher a `infra.stations_mesure`, plus proche du besoin de mesure, `infra.stations` restant la couche station historique."
,staging.raw_idp_2024_src_pollution_marche_cadre,infra.stations:336:puits habri hadou:station:0.000 || infra.stations_mesure:de216978-2f22-477a-9218-a91c6f2dd001:puits habri hadou:station:0.002,station_vs_station_mesure_duplique,RATTACHEMENT_RECOMMANDE,FORTE,"Le point doit se rattacher a `infra.stations_mesure`, plus proche du besoin de mesure, `infra.stations` restant la couche station historique."
,staging.raw_idp_2024_src_pollution_marche_cadre,infra.stations:329:forage afaqfaq:station:0.000 || infra.stations_mesure:c24a45b1-7195-45be-acfb-95887c79e602:forage afaqfaq:station:0.002,station_vs_station_mesure_duplique,RATTACHEMENT_RECOMMANDE,FORTE,"Le point doit se rattacher a `infra.stations_mesure`, plus proche du besoin de mesure, `infra.stations` restant la couche station historique."
,staging.raw_idp_2024_src_pollution_marche_cadre,infra.stations:80:station rhafsai:station:0.000 || infra.stations_mesure:af8adabc-9bad-443f-883f-52cafba2f722:station rhafsai:station:0.002,station_vs_station_mesure_duplique,RATTACHEMENT_RECOMMANDE,FORTE,"Le point doit se rattacher a `infra.stations_mesure`, plus proche du besoin de mesure, `infra.stations` restant la couche station historique."
,staging.raw_idp_2024_src_pollution_marche_cadre,infra.stations:17:dar el arsa:station:0.000 || infra.stations_mesure:706fc2fe-3cee-4ec2-8e85-dbde9b672f89:dar el arsa:station:0.002,station_vs_station_mesure_duplique,RATTACHEMENT_RECOMMANDE,FORTE,"Le point doit se rattacher a `infra.stations_mesure`, plus proche du besoin de mesure, `infra.stations` restant la couche station historique."
,staging.raw_idp_2024_src_pollution_marche_cadre,infra.stations:330:source ammes dechquonda:station:0.000 || infra.stations_mesure:7fe59c88-d667-42c0-8b3b-865831737e65:source ammes dechquonda:station:0.002,station_vs_station_mesure_duplique,RATTACHEMENT_RECOMMANDE,FORTE,"Le point doit se rattacher a `infra.stations_mesure`, plus proche du besoin de mesure, `infra.stations` restant la couche station historique."
,staging.raw_idp_2024_src_pollution_marche_cadre,infra.stations:133:puit centre guigo:station:0.000 || infra.stations_mesure:0acc8896-6cd2-45ff-b024-8c351d1790b6:puit centre guigo:station:0.002,station_vs_station_mesure_duplique,RATTACHEMENT_RECOMMANDE,FORTE,"Le point doit se rattacher a `infra.stations_mesure`, plus proche du besoin de mesure, `infra.stations` restant la couche station historique."
,staging.raw_idp_2024_src_pollution_marche_cadre,infra.stations:81:aval sefrou:station:0.000 || infra.stations_mesure:dfccfdfd-d141-49fb-b253-fcb366e1da8c:aval sefrou:station:0.002,station_vs_station_mesure_duplique,RATTACHEMENT_RECOMMANDE,FORTE,"Le point doit se rattacher a `infra.stations_mesure`, plus proche du besoin de mesure, `infra.stations` restant la couche station historique."
,staging.raw_idp_2024_src_pollution_marche_cadre,infra.stations:79:pt rs 302:station:0.000 || infra.stations_mesure:ad4adaa1-eaa1-4653-b976-5328ff0e36c2:pt rs 302:station:0.002,station_vs_station_mesure_duplique,RATTACHEMENT_RECOMMANDE,FORTE,"Le point doit se rattacher a `infra.stations_mesure`, plus proche du besoin de mesure, `infra.stations` restant la couche station historique."
,staging.raw_idp_2024_src_pollution_marche_cadre,infra.stations:335:puits ras tabouda:station:0.000 || infra.stations_mesure:69b28ddf-00ac-4036-8b08-49f85577df7a:puits ras tabouda:station:0.002,station_vs_station_mesure_duplique,RATTACHEMENT_RECOMMANDE,FORTE,"Le point doit se rattacher a `infra.stations_mesure`, plus proche du besoin de mesure, `infra.stations` restant la couche station historique."
,staging.raw_idp_2024_src_pollution_marche_cadre,infra.stations:326:source ras el ain:station:0.000 || infra.stations_mesure:6784120f-c7d0-468a-87fb-250c2169cdeb:source ras el ain:station:0.002,station_vs_station_mesure_duplique,RATTACHEMENT_RECOMMANDE,FORTE,"Le point doit se rattacher a `infra.stations_mesure`, plus proche du besoin de mesure, `infra.stations` restant la couche station historique."
,staging.raw_idp_2024_src_pollution_marche_cadre,infra.stations:140:puit souk el had rafsai:station:0.000 || infra.stations:143:onep ain aicha:station:0.000 || infra.stations_mesure:0d1acd53-8e6f-4002-a311-0f813043e269:puit souk el had rafsai:station:0.002 || infra.stations_mesure:b440a506-6b71-46fd-9f0d-c3a3fc01b3bc:onep ain aicha:station:0.002,station_vs_station_mesure_duplique,RATTACHEMENT_RECOMMANDE,FORTE,"Le point doit se rattacher a `infra.stations_mesure`, plus proche du besoin de mesure, `infra.stations` restant la couche station historique."
,staging.raw_idp_2024_src_pollution_marche_cadre,infra.stations:334:source akboub :station:0.000 || infra.stations_mesure:0f5e2289-7d45-4e26-a0a8-f39c7220b8f8:source akboub :station:0.002,station_vs_station_mesure_duplique,RATTACHEMENT_RECOMMANDE,FORTE,"Le point doit se rattacher a `infra.stations_mesure`, plus proche du besoin de mesure, `infra.stations` restant la couche station historique."
,staging.raw_idp_2024_src_pollution_marche_cadre,infra.stations:12:bab ouender:station:0.000 || infra.stations_mesure:517c713a-dda4-4dcb-a033-4143062487fd:bab ouender:station:0.002,station_vs_station_mesure_duplique,RATTACHEMENT_RECOMMANDE,FORTE,"Le point doit se rattacher a `infra.stations_mesure`, plus proche du besoin de mesure, `infra.stations` restant la couche station historique."
,staging.raw_idp_2024_src_pollution_marche_cadre,infra.stations:134:puit taaouniat nasser:station:0.000 || infra.stations_mesure:5fb340b3-dadd-4e83-ade7-10e729e52b08:puit taaouniat nasser:station:0.002,station_vs_station_mesure_duplique,RATTACHEMENT_RECOMMANDE,FORTE,"Le point doit se rattacher a `infra.stations_mesure`, plus proche du besoin de mesure, `infra.stations` restant la couche station historique."
,staging.raw_idp_2024_src_pollution_marche_cadre,infra.stations:36:pont de m'dez:station:0.000 || infra.stations_mesure:83d3c62f-4017-4188-b953-a7158860ffd6:pont de m'dez:station:0.002,station_vs_station_mesure_duplique,RATTACHEMENT_RECOMMANDE,FORTE,"Le point doit se rattacher a `infra.stations_mesure`, plus proche du besoin de mesure, `infra.stations` restant la couche station historique."
,staging.raw_idp_2024_src_pollution_marche_cadre,infra.stations:36:pont de m'dez:station:0.000 || infra.stations_mesure:83d3c62f-4017-4188-b953-a7158860ffd6:pont de m'dez:station:0.002,station_vs_station_mesure_duplique,RATTACHEMENT_RECOMMANDE,FORTE,"Le point doit se rattacher a `infra.stations_mesure`, plus proche du besoin de mesure, `infra.stations` restant la couche station historique."
,staging.raw_idp_2024_src_pollution_marche_cadre,infra.stations:36:pont de m'dez:station:0.000 || infra.stations_mesure:83d3c62f-4017-4188-b953-a7158860ffd6:pont de m'dez:station:0.002,station_vs_station_mesure_duplique,RATTACHEMENT_RECOMMANDE,FORTE,"Le point doit se rattacher a `infra.stations_mesure`, plus proche du besoin de mesure, `infra.stations` restant la couche station historique."
,staging.raw_idp_2024_src_pollution_marche_cadre,infra.stations:77:station el kouchet:station:0.000 || infra.stations_mesure:ebf1df46-dc1b-4301-9071-e750d57e7962:station el kouchet:station:0.002,station_vs_station_mesure_duplique,RATTACHEMENT_RECOMMANDE,FORTE,"Le point doit se rattacher a `infra.stations_mesure`, plus proche du besoin de mesure, `infra.stations` restant la couche station historique."
,staging.raw_idp_2024_src_pollution_marche_cadre,infra.stations:337:source massegal:station:0.000 || infra.stations_mesure:40fdf24c-904e-4b70-81fe-6ffe425bf8a2:source massegal:station:0.002,station_vs_station_mesure_duplique,RATTACHEMENT_RECOMMANDE,FORTE,"Le point doit se rattacher a `infra.stations_mesure`, plus proche du besoin de mesure, `infra.stations` restant la couche station historique."
,staging.raw_idp_2024_src_pollution_marche_cadre,infra.stations:137:puit chbanate:station:0.000 || infra.stations_mesure:0cc0486f-70f1-4d82-9292-86330196db32:puit chbanate:station:0.002,station_vs_station_mesure_duplique,RATTACHEMENT_RECOMMANDE,FORTE,"Le point doit se rattacher a `infra.stations_mesure`, plus proche du besoin de mesure, `infra.stations` restant la couche station historique."
,staging.raw_idp_2024_src_pollution_marche_cadre,infra.stations:49:brg asfalou:station:0.000 || infra.stations_mesure:29413f5e-e7d2-4643-a325-f7a097f50227:brg asfalou:station:0.002,station_vs_station_mesure_duplique,RATTACHEMENT_RECOMMANDE,FORTE,"Le point doit se rattacher a `infra.stations_mesure`, plus proche du besoin de mesure, `infra.stations` restant la couche station historique."
,staging.raw_idp_2024_src_pollution_marche_cadre,infra.stations:49:brg asfalou:station:0.000 || infra.stations_mesure:29413f5e-e7d2-4643-a325-f7a097f50227:brg asfalou:station:0.002,station_vs_station_mesure_duplique,RATTACHEMENT_RECOMMANDE,FORTE,"Le point doit se rattacher a `infra.stations_mesure`, plus proche du besoin de mesure, `infra.stations` restant la couche station historique."
,staging.raw_idp_2024_src_pollution_marche_cadre,infra.stations:49:brg asfalou:station:0.000 || infra.stations_mesure:29413f5e-e7d2-4643-a325-f7a097f50227:brg asfalou:station:0.002,station_vs_station_mesure_duplique,RATTACHEMENT_RECOMMANDE,FORTE,"Le point doit se rattacher a `infra.stations_mesure`, plus proche du besoin de mesure, `infra.stations` restant la couche station historique."
,staging.raw_idp_2024_src_pollution_marche_cadre,infra.stations:332:puits lamsara:station:0.000 || infra.stations_mesure:babf0923-22db-4291-92b7-966d53bea52a:puits lamsara:station:0.002,station_vs_station_mesure_duplique,RATTACHEMENT_RECOMMANDE,FORTE,"Le point doit se rattacher a `infra.stations_mesure`, plus proche du besoin de mesure, `infra.stations` restant la couche station historique."
,staging.raw_idp_2024_src_pollution_marche_cadre,infra.stations:333:source abattoir:station:0.000 || infra.stations_mesure:5c1d8ae8-aa55-4cfa-9e66-d22b14dfcc06:source abattoir:station:0.002,station_vs_station_mesure_duplique,RATTACHEMENT_RECOMMANDE,FORTE,"Le point doit se rattacher a `infra.stations_mesure`, plus proche du besoin de mesure, `infra.stations` restant la couche station historique."
,staging.raw_idp_2024_src_pollution_marche_cadre,infra.stations:14:beni heitem:station:0.000 || infra.stations_mesure:c9eda862-abf9-4375-b614-2e1b2eb84715:beni heitem:station:0.002,station_vs_station_mesure_duplique,RATTACHEMENT_RECOMMANDE,FORTE,"Le point doit se rattacher a `infra.stations_mesure`, plus proche du besoin de mesure, `infra.stations` restant la couche station historique."
Debit_source,hydro.mesure_debit_source,"1:100/23M:Ain Tataw milieu:604030,320600 || 1:692/22:Aioun Amghas:492478,310091",conflit_referentiel_source,VALIDATION_METIER_REQUISE,FAIBLE,source_id=ab7bce69-d0d3-4bb3-95b5-af1ac09ac340 mappe plusieurs entites `geo.source` partageant la meme cle legacy ; arbitrage referentiel requis.
Debit_source,hydro.mesure_debit_source,"1:100/23M:Ain Tataw milieu:604030,320600 || 1:692/22:Aioun Amghas:492478,310091",conflit_referentiel_source,VALIDATION_METIER_REQUISE,FAIBLE,source_id=b639aba1-a14f-4633-9615-e7c406bdd264 mappe plusieurs entites `geo.source` partageant la meme cle legacy ; arbitrage referentiel requis.
Debit_source,hydro.mesure_debit_source,"2:100/23RD:Ain Tataw RD:604030,320600 || 2:579/22:Ain Tadout:581115,324189",conflit_referentiel_source,VALIDATION_METIER_REQUISE,FAIBLE,source_id=c8a58f91-fbe9-483b-896a-dc602ee7dcad mappe plusieurs entites `geo.source` partageant la meme cle legacy ; arbitrage referentiel requis.
Debit_source,hydro.mesure_debit_source,"3:100/23RG:Ain Tataw RG:604030,320600 || 3:630/22:Ain Tadoute Aval des sources:581458,324196",conflit_referentiel_source,VALIDATION_METIER_REQUISE,FAIBLE,source_id=5850f2d8-cb1f-44d7-a9d4-4f2aedebe19c mappe plusieurs entites `geo.source` partageant la meme cle legacy ; arbitrage referentiel requis.
