scenario_id,Segment_rejet,Crejet_mg_L,QRejet_m3_s,QSebou_m3_s,QInnaouen_m3_s,QOuergha_m3_s,C_SidiAllalTazi_mg_L,C_BgGarde_mg_L,Statut
SC_QR01_C01_QS01_QI01_QO01,Segment_Pollution_base,100,0.055555556,7.5,10,10,0.035751168,0.046694335,SUFFISANT
SC_QR01_C01_QS01_QI01_QO02,Segment_Pollution_base,100,0.055555556,7.5,10,25,0.024400273,0.016052267,SUFFISANT
SC_QR01_C01_QS01_QI01_QO03,Segment_Pollution_base,100,0.055555556,7.5,10,50,0.023184707,0.02100268,SUFFISANT
SC_QR01_C01_QS01_QI01_QO04,Segment_Pollution_base,100,0.055555556,7.5,10,100,0.010050861,0.01235737,SUFFISANT
SC_QR01_C01_QS01_QI01_QO05,Segment_Pollution_base,100,0.055555556,7.5,10,150,0.004454962,0.006112603,SUFFISANT
SC_QR01_C01_QS01_QI01_QO06,Segment_Pollution_base,100,0.055555556,7.5,10,200,0.003613132,0.003252814,SUFFISANT
SC_QR01_C01_QS01_QI01_QO07,Segment_Pollution_base,100,0.055555556,7.5,10,400,0.003572508,0.003074582,SUFFISANT
SC_QR01_C01_QS01_QI02_QO01,Segment_Pollution_base,100,0.055555556,7.5,25,10,0.023625525,0.034395989,SUFFISANT
SC_QR01_C01_QS01_QI02_QO02,Segment_Pollution_base,100,0.055555556,7.5,25,25,0.012123255,0.015088488,SUFFISANT
SC_QR01_C01_QS01_QI02_QO03,Segment_Pollution_base,100,0.055555556,7.5,25,50,0.017922802,0.011842795,SUFFISANT
SC_QR01_C01_QS01_QI02_QO04,Segment_Pollution_base,100,0.055555556,7.5,25,100,0.014686839,0.014223457,SUFFISANT
SC_QR01_C01_QS01_QI02_QO05,Segment_Pollution_base,100,0.055555556,7.5,25,150,0.009195901,0.010561673,SUFFISANT
SC_QR01_C01_QS01_QI02_QO06,Segment_Pollution_base,100,0.055555556,7.5,25,200,0.005703606,0.007176472,SUFFISANT
SC_QR01_C01_QS01_QI02_QO07,Segment_Pollution_base,100,0.055555556,7.5,25,400,0.001254186,0.001789953,SUFFISANT
SC_QR01_C01_QS01_QI03_QO01,Segment_Pollution_base,100,0.055555556,7.5,50,10,0.025273666,0.029656986,SUFFISANT
SC_QR01_C01_QS01_QI03_QO02,Segment_Pollution_base,100,0.055555556,7.5,50,25,0.015171229,0.021732442,SUFFISANT
SC_QR01_C01_QS01_QI03_QO03,Segment_Pollution_base,100,0.055555556,7.5,50,50,0.006147448,0.010869884,SUFFISANT
SC_QR01_C01_QS01_QI03_QO04,Segment_Pollution_base,100,0.055555556,7.5,50,100,0.004771486,0.002557839,SUFFISANT
SC_QR01_C01_QS01_QI03_QO05,Segment_Pollution_base,100,0.055555556,7.5,50,150,0.006658936,0.004083789,SUFFISANT
SC_QR01_C01_QS01_QI03_QO06,Segment_Pollution_base,100,0.055555556,7.5,50,200,0.007266293,0.005276467,SUFFISANT
SC_QR01_C01_QS01_QI03_QO07,Segment_Pollution_base,100,0.055555556,7.5,50,400,0.005329816,0.005223835,SUFFISANT
SC_QR01_C01_QS02_QI01_QO01,Segment_Pollution_base,100,0.055555556,15,10,10,0.043774378,0.035062671,SUFFISANT
SC_QR01_C01_QS02_QI01_QO02,Segment_Pollution_base,100,0.055555556,15,10,25,0.027673032,0.032256108,SUFFISANT
SC_QR01_C01_QS02_QI01_QO03,Segment_Pollution_base,100,0.055555556,15,10,50,0.009415217,0.014848413,SUFFISANT
SC_QR01_C01_QS02_QI01_QO04,Segment_Pollution_base,100,0.055555556,15,10,100,0.010702664,0.007388496,SUFFISANT
SC_QR01_C01_QS02_QI01_QO05,Segment_Pollution_base,100,0.055555556,15,10,150,0.010229062,0.008730923,SUFFISANT
SC_QR01_C01_QS02_QI01_QO06,Segment_Pollution_base,100,0.055555556,15,10,200,0.008457278,0.008114247,SUFFISANT
SC_QR01_C01_QS02_QI01_QO07,Segment_Pollution_base,100,0.055555556,15,10,400,0.003537401,0.004053296,SUFFISANT
SC_QR01_C01_QS02_QI02_QO01,Segment_Pollution_base,100,0.055555556,15,25,10,0.021280386,0.011396129,SUFFISANT
SC_QR01_C01_QS02_QI02_QO02,Segment_Pollution_base,100,0.055555556,15,25,25,0.025853213,0.01770133,SUFFISANT
SC_QR01_C01_QS02_QI02_QO03,Segment_Pollution_base,100,0.055555556,15,25,50,0.021802308,0.020802729,SUFFISANT
SC_QR01_C01_QS02_QI02_QO04,Segment_Pollution_base,100,0.055555556,15,25,100,0.009806724,0.012785708,SUFFISANT
SC_QR01_C01_QS02_QI02_QO05,Segment_Pollution_base,100,0.055555556,15,25,150,0.004309272,0.006454385,SUFFISANT
SC_QR01_C01_QS02_QI02_QO06,Segment_Pollution_base,100,0.055555556,15,25,200,0.00208006,0.003350141,SUFFISANT
SC_QR01_C01_QS02_QI02_QO07,Segment_Pollution_base,100,0.055555556,15,25,400,0.002703934,0.001884759,SUFFISANT
SC_QR01_C01_QS02_QI03_QO01,Segment_Pollution_base,100,0.055555556,15,50,10,0.013847839,0.021933161,SUFFISANT
SC_QR01_C01_QS02_QI03_QO02,Segment_Pollution_base,100,0.055555556,15,50,25,0.006914765,0.012935561,SUFFISANT
SC_QR01_C01_QS02_QI03_QO03,Segment_Pollution_base,100,0.055555556,15,50,50,0.004785105,0.005047102,SUFFISANT
SC_QR01_C01_QS02_QI03_QO04,Segment_Pollution_base,100,0.055555556,15,50,100,0.008603438,0.005000953,SUFFISANT
SC_QR01_C01_QS02_QI03_QO05,Segment_Pollution_base,100,0.055555556,15,50,150,0.009610501,0.00710021,SUFFISANT
SC_QR01_C01_QS02_QI03_QO06,Segment_Pollution_base,100,0.055555556,15,50,200,0.009008395,0.007727122,SUFFISANT
SC_QR01_C01_QS02_QI03_QO07,Segment_Pollution_base,100,0.055555556,15,50,400,0.004728313,0.005256971,SUFFISANT
SC_QR01_C01_QS03_QI01_QO01,Segment_Pollution_base,100,0.055555556,30,10,10,0.021752123,0.011054691,SUFFISANT
SC_QR01_C01_QS03_QI01_QO02,Segment_Pollution_base,100,0.055555556,30,10,25,0.026153913,0.018084606,SUFFISANT
SC_QR01_C01_QS03_QI01_QO03,Segment_Pollution_base,100,0.055555556,30,10,50,0.021766948,0.020968419,SUFFISANT
SC_QR01_C01_QS03_QI01_QO04,Segment_Pollution_base,100,0.055555556,30,10,100,0.009616654,0.012651438,SUFFISANT
SC_QR01_C01_QS03_QI01_QO05,Segment_Pollution_base,100,0.055555556,30,10,150,0.00417447,0.0063068,SUFFISANT
SC_QR01_C01_QS03_QI01_QO06,Segment_Pollution_base,100,0.055555556,30,10,200,0.001996626,0.003242816,SUFFISANT
SC_QR01_C01_QS03_QI01_QO07,Segment_Pollution_base,100,0.055555556,30,10,400,0.002781687,0.00195141,SUFFISANT
SC_QR01_C01_QS03_QI02_QO01,Segment_Pollution_base,100,0.055555556,30,25,10,0.028149163,0.030549057,SUFFISANT
SC_QR01_C01_QS03_QI02_QO02,Segment_Pollution_base,100,0.055555556,30,25,25,0.0176712,0.023754064,SUFFISANT
SC_QR01_C01_QS03_QI02_QO03,Segment_Pollution_base,100,0.055555556,30,25,50,0.007480951,0.012575231,SUFFISANT
SC_QR01_C01_QS03_QI02_QO04,Segment_Pollution_base,100,0.055555556,30,25,100,0.00407291,0.003138703,SUFFISANT
SC_QR01_C01_QS03_QI02_QO05,Segment_Pollution_base,100,0.055555556,30,25,150,0.006010879,0.003530792,SUFFISANT
SC_QR01_C01_QS03_QI02_QO06,Segment_Pollution_base,100,0.055555556,30,25,200,0.006796496,0.004755223,SUFFISANT
SC_QR01_C01_QS03_QI02_QO07,Segment_Pollution_base,100,0.055555556,30,25,400,0.005354369,0.005114156,SUFFISANT
SC_QR01_C01_QS03_QI03_QO01,Segment_Pollution_base,100,0.055555556,30,50,10,0.007281501,0.005747146,SUFFISANT
SC_QR01_C01_QS03_QI03_QO02,Segment_Pollution_base,100,0.055555556,30,50,25,0.010128254,0.004553158,SUFFISANT
SC_QR01_C01_QS03_QI03_QO03,Segment_Pollution_base,100,0.055555556,30,50,50,0.013162073,0.007797751,SUFFISANT
SC_QR01_C01_QS03_QI03_QO04,Segment_Pollution_base,100,0.055555556,30,50,100,0.01348629,0.011160023,SUFFISANT
SC_QR01_C01_QS03_QI03_QO05,Segment_Pollution_base,100,0.055555556,30,50,150,0.010807082,0.010779947,SUFFISANT
SC_QR01_C01_QS03_QI03_QO06,Segment_Pollution_base,100,0.055555556,30,50,200,0.008070338,0.00903173,SUFFISANT
SC_QR01_C01_QS03_QI03_QO07,Segment_Pollution_base,100,0.055555556,30,50,400,0.002536475,0.003462943,SUFFISANT
SC_QR01_C02_QS01_QI01_QO01,Segment_Pollution_base,150,0.055555556,7.5,10,10,0.053626753,0.0700415,SUFFISANT
SC_QR01_C02_QS01_QI01_QO02,Segment_Pollution_base,150,0.055555556,7.5,10,25,0.036600411,0.024078401,SUFFISANT
SC_QR01_C02_QS01_QI01_QO03,Segment_Pollution_base,150,0.055555556,7.5,10,50,0.03477706,0.031504024,SUFFISANT
SC_QR01_C02_QS01_QI01_QO04,Segment_Pollution_base,150,0.055555556,7.5,10,100,0.015076292,0.018536054,SUFFISANT
SC_QR01_C02_QS01_QI01_QO05,Segment_Pollution_base,150,0.055555556,7.5,10,150,0.006682443,0.009168903,SUFFISANT
SC_QR01_C02_QS01_QI01_QO06,Segment_Pollution_base,150,0.055555556,7.5,10,200,0.005419698,0.004879221,SUFFISANT
SC_QR01_C02_QS01_QI01_QO07,Segment_Pollution_base,150,0.055555556,7.5,10,400,0.005358761,0.004611874,SUFFISANT
SC_QR01_C02_QS01_QI02_QO01,Segment_Pollution_base,150,0.055555556,7.5,25,10,0.035438292,0.051593982,SUFFISANT
SC_QR01_C02_QS01_QI02_QO02,Segment_Pollution_base,150,0.055555556,7.5,25,25,0.018184882,0.022632733,SUFFISANT
SC_QR01_C02_QS01_QI02_QO03,Segment_Pollution_base,150,0.055555556,7.5,25,50,0.026884204,0.017764192,SUFFISANT
SC_QR01_C02_QS01_QI02_QO04,Segment_Pollution_base,150,0.055555556,7.5,25,100,0.022030259,0.021335186,SUFFISANT
SC_QR01_C02_QS01_QI02_QO05,Segment_Pollution_base,150,0.055555556,7.5,25,150,0.013793851,0.015842509,SUFFISANT
SC_QR01_C02_QS01_QI02_QO06,Segment_Pollution_base,150,0.055555556,7.5,25,200,0.00855541,0.010764708,SUFFISANT
SC_QR01_C02_QS01_QI02_QO07,Segment_Pollution_base,150,0.055555556,7.5,25,400,0.00188128,0.002684929,SUFFISANT
SC_QR01_C02_QS01_QI03_QO01,Segment_Pollution_base,150,0.055555556,7.5,50,10,0.037910499,0.04448548,SUFFISANT
SC_QR01_C02_QS01_QI03_QO02,Segment_Pollution_base,150,0.055555556,7.5,50,25,0.022756843,0.032598663,SUFFISANT
SC_QR01_C02_QS01_QI03_QO03,Segment_Pollution_base,150,0.055555556,7.5,50,50,0.009221171,0.016304825,SUFFISANT
SC_QR01_C02_QS01_QI03_QO04,Segment_Pollution_base,150,0.055555556,7.5,50,100,0.007157229,0.003836759,SUFFISANT
SC_QR01_C02_QS01_QI03_QO05,Segment_Pollution_base,150,0.055555556,7.5,50,150,0.009988404,0.006125684,SUFFISANT
SC_QR01_C02_QS01_QI03_QO06,Segment_Pollution_base,150,0.055555556,7.5,50,200,0.010899439,0.007914701,SUFFISANT
SC_QR01_C02_QS01_QI03_QO07,Segment_Pollution_base,150,0.055555556,7.5,50,400,0.007994724,0.007835751,SUFFISANT
SC_QR01_C02_QS02_QI01_QO01,Segment_Pollution_base,150,0.055555556,15,10,10,0.065661572,0.052594002,SUFFISANT
SC_QR01_C02_QS02_QI01_QO02,Segment_Pollution_base,150,0.055555556,15,10,25,0.041509546,0.04838416,SUFFISANT
SC_QR01_C02_QS02_QI01_QO03,Segment_Pollution_base,150,0.055555556,15,10,50,0.014122825,0.02227262,SUFFISANT
SC_QR01_C02_QS02_QI01_QO04,Segment_Pollution_base,150,0.055555556,15,10,100,0.016053995,0.011082744,SUFFISANT
SC_QR01_C02_QS02_QI01_QO05,Segment_Pollution_base,150,0.055555556,15,10,150,0.015343593,0.013096383,SUFFISANT
SC_QR01_C02_QS02_QI01_QO06,Segment_Pollution_base,150,0.055555556,15,10,200,0.012685916,0.01217137,SUFFISANT
SC_QR01_C02_QS02_QI01_QO07,Segment_Pollution_base,150,0.055555556,15,10,400,0.005306101,0.006079943,SUFFISANT
SC_QR01_C02_QS02_QI02_QO01,Segment_Pollution_base,150,0.055555556,15,25,10,0.031920575,0.017094193,SUFFISANT
SC_QR01_C02_QS02_QI02_QO02,Segment_Pollution_base,150,0.055555556,15,25,25,0.038779821,0.026551994,SUFFISANT
SC_QR01_C02_QS02_QI02_QO03,Segment_Pollution_base,150,0.055555556,15,25,50,0.032703463,0.031204091,SUFFISANT
SC_QR01_C02_QS02_QI02_QO04,Segment_Pollution_base,150,0.055555556,15,25,100,0.014710087,0.01917856,SUFFISANT
SC_QR01_C02_QS02_QI02_QO05,Segment_Pollution_base,150,0.055555556,15,25,150,0.006463909,0.009681577,SUFFISANT
SC_QR01_C02_QS02_QI02_QO06,Segment_Pollution_base,150,0.055555556,15,25,200,0.003120089,0.005025211,SUFFISANT
SC_QR01_C02_QS02_QI02_QO07,Segment_Pollution_base,150,0.055555556,15,25,400,0.0040559,0.002827138,SUFFISANT
SC_QR01_C02_QS02_QI03_QO01,Segment_Pollution_base,150,0.055555556,15,50,10,0.020771757,0.032899741,SUFFISANT
SC_QR01_C02_QS02_QI03_QO02,Segment_Pollution_base,150,0.055555556,15,50,25,0.010372147,0.019403342,SUFFISANT
SC_QR01_C02_QS02_QI03_QO03,Segment_Pollution_base,150,0.055555556,15,50,50,0.007177657,0.007570653,SUFFISANT
SC_QR01_C02_QS02_QI03_QO04,Segment_Pollution_base,150,0.055555556,15,50,100,0.012905156,0.00750143,SUFFISANT
SC_QR01_C02_QS02_QI03_QO05,Segment_Pollution_base,150,0.055555556,15,50,150,0.014415752,0.010650315,SUFFISANT
SC_QR01_C02_QS02_QI03_QO06,Segment_Pollution_base,150,0.055555556,15,50,200,0.013512593,0.011590683,SUFFISANT
SC_QR01_C02_QS02_QI03_QO07,Segment_Pollution_base,150,0.055555556,15,50,400,0.007092469,0.007885456,SUFFISANT
SC_QR01_C02_QS03_QI01_QO01,Segment_Pollution_base,150,0.055555556,30,10,10,0.032628179,0.016582036,SUFFISANT
SC_QR01_C02_QS03_QI01_QO02,Segment_Pollution_base,150,0.055555556,30,10,25,0.039230868,0.02712691,SUFFISANT
SC_QR01_C02_QS03_QI01_QO03,Segment_Pollution_base,150,0.055555556,30,10,50,0.032650422,0.031452626,SUFFISANT
SC_QR01_C02_QS03_QI01_QO04,Segment_Pollution_base,150,0.055555556,30,10,100,0.014424982,0.018977156,SUFFISANT
SC_QR01_C02_QS03_QI01_QO05,Segment_Pollution_base,150,0.055555556,30,10,150,0.006261704,0.0094602,SUFFISANT
SC_QR01_C02_QS03_QI01_QO06,Segment_Pollution_base,150,0.055555556,30,10,200,0.002994939,0.004864224,SUFFISANT
SC_QR01_C02_QS03_QI01_QO07,Segment_Pollution_base,150,0.055555556,30,10,400,0.00417253,0.002927114,SUFFISANT
SC_QR01_C02_QS03_QI02_QO01,Segment_Pollution_base,150,0.055555556,30,25,10,0.042223744,0.045823585,SUFFISANT
SC_QR01_C02_QS03_QI02_QO02,Segment_Pollution_base,150,0.055555556,30,25,25,0.0265068,0.035631098,SUFFISANT
SC_QR01_C02_QS03_QI02_QO03,Segment_Pollution_base,150,0.055555556,30,25,50,0.011221427,0.018862847,SUFFISANT
SC_QR01_C02_QS03_QI02_QO04,Segment_Pollution_base,150,0.055555556,30,25,100,0.006109365,0.004708055,SUFFISANT
SC_QR01_C02_QS03_QI02_QO05,Segment_Pollution_base,150,0.055555556,30,25,150,0.009016319,0.005296189,SUFFISANT
SC_QR01_C02_QS03_QI02_QO06,Segment_Pollution_base,150,0.055555556,30,25,200,0.010194745,0.007132835,SUFFISANT
SC_QR01_C02_QS03_QI02_QO07,Segment_Pollution_base,150,0.055555556,30,25,400,0.008031554,0.007671235,SUFFISANT
SC_QR01_C02_QS03_QI03_QO01,Segment_Pollution_base,150,0.055555556,30,50,10,0.010922251,0.008620719,SUFFISANT
SC_QR01_C02_QS03_QI03_QO02,Segment_Pollution_base,150,0.055555556,30,50,25,0.01519238,0.006829737,SUFFISANT
SC_QR01_C02_QS03_QI03_QO03,Segment_Pollution_base,150,0.055555556,30,50,50,0.019743107,0.011696626,SUFFISANT
SC_QR01_C02_QS03_QI03_QO04,Segment_Pollution_base,150,0.055555556,30,50,100,0.020229435,0.016740033,SUFFISANT
SC_QR01_C02_QS03_QI03_QO05,Segment_Pollution_base,150,0.055555556,30,50,150,0.016210621,0.016169922,SUFFISANT
SC_QR01_C02_QS03_QI03_QO06,Segment_Pollution_base,150,0.055555556,30,50,200,0.012105506,0.013547595,SUFFISANT
SC_QR01_C02_QS03_QI03_QO07,Segment_Pollution_base,150,0.055555556,30,50,400,0.003804713,0.005194414,SUFFISANT
SC_QR01_C03_QS01_QI01_QO01,Segment_Pollution_base,200,0.055555556,7.5,10,10,0.071502335,0.093388669,SUFFISANT
SC_QR01_C03_QS01_QI01_QO02,Segment_Pollution_base,200,0.055555556,7.5,10,25,0.048800547,0.032104533,SUFFISANT
SC_QR01_C03_QS01_QI01_QO03,Segment_Pollution_base,200,0.055555556,7.5,10,50,0.046369415,0.04200536,SUFFISANT
SC_QR01_C03_QS01_QI01_QO04,Segment_Pollution_base,200,0.055555556,7.5,10,100,0.020101722,0.02471474,SUFFISANT
SC_QR01_C03_QS01_QI01_QO05,Segment_Pollution_base,200,0.055555556,7.5,10,150,0.008909924,0.012225205,SUFFISANT
SC_QR01_C03_QS01_QI01_QO06,Segment_Pollution_base,200,0.055555556,7.5,10,200,0.007226264,0.006505627,SUFFISANT
SC_QR01_C03_QS01_QI01_QO07,Segment_Pollution_base,200,0.055555556,7.5,10,400,0.007145015,0.006149165,SUFFISANT
SC_QR01_C03_QS01_QI02_QO01,Segment_Pollution_base,200,0.055555556,7.5,25,10,0.047251049,0.068791978,SUFFISANT
SC_QR01_C03_QS01_QI02_QO02,Segment_Pollution_base,200,0.055555556,7.5,25,25,0.02424651,0.030176977,SUFFISANT
SC_QR01_C03_QS01_QI02_QO03,Segment_Pollution_base,200,0.055555556,7.5,25,50,0.035845604,0.023685589,SUFFISANT
SC_QR01_C03_QS01_QI02_QO04,Segment_Pollution_base,200,0.055555556,7.5,25,100,0.029373677,0.028446915,SUFFISANT
SC_QR01_C03_QS01_QI02_QO05,Segment_Pollution_base,200,0.055555556,7.5,25,150,0.018391803,0.021123346,SUFFISANT
SC_QR01_C03_QS01_QI02_QO06,Segment_Pollution_base,200,0.055555556,7.5,25,200,0.011407212,0.014352945,SUFFISANT
SC_QR01_C03_QS01_QI02_QO07,Segment_Pollution_base,200,0.055555556,7.5,25,400,0.002508373,0.003579906,SUFFISANT
SC_QR01_C03_QS01_QI03_QO01,Segment_Pollution_base,200,0.055555556,7.5,50,10,0.050547332,0.059313972,SUFFISANT
SC_QR01_C03_QS01_QI03_QO02,Segment_Pollution_base,200,0.055555556,7.5,50,25,0.030342458,0.043464884,SUFFISANT
SC_QR01_C03_QS01_QI03_QO03,Segment_Pollution_base,200,0.055555556,7.5,50,50,0.012294895,0.021739768,SUFFISANT
SC_QR01_C03_QS01_QI03_QO04,Segment_Pollution_base,200,0.055555556,7.5,50,100,0.009542973,0.005115679,SUFFISANT
SC_QR01_C03_QS01_QI03_QO05,Segment_Pollution_base,200,0.055555556,7.5,50,150,0.013317873,0.008167579,SUFFISANT
SC_QR01_C03_QS01_QI03_QO06,Segment_Pollution_base,200,0.055555556,7.5,50,200,0.014532587,0.010552934,SUFFISANT
SC_QR01_C03_QS01_QI03_QO07,Segment_Pollution_base,200,0.055555556,7.5,50,400,0.010659631,0.01044767,SUFFISANT
SC_QR01_C03_QS02_QI01_QO01,Segment_Pollution_base,200,0.055555556,15,10,10,0.087548755,0.070125341,SUFFISANT
SC_QR01_C03_QS02_QI01_QO02,Segment_Pollution_base,200,0.055555556,15,10,25,0.055346064,0.064512216,SUFFISANT
SC_QR01_C03_QS02_QI01_QO03,Segment_Pollution_base,200,0.055555556,15,10,50,0.018830433,0.029696826,SUFFISANT
SC_QR01_C03_QS02_QI01_QO04,Segment_Pollution_base,200,0.055555556,15,10,100,0.021405328,0.014776993,SUFFISANT
SC_QR01_C03_QS02_QI01_QO05,Segment_Pollution_base,200,0.055555556,15,10,150,0.020458125,0.017461846,SUFFISANT
SC_QR01_C03_QS02_QI01_QO06,Segment_Pollution_base,200,0.055555556,15,10,200,0.016914556,0.016228493,SUFFISANT
SC_QR01_C03_QS02_QI01_QO07,Segment_Pollution_base,200,0.055555556,15,10,400,0.007074802,0.008106591,SUFFISANT
SC_QR01_C03_QS02_QI02_QO01,Segment_Pollution_base,200,0.055555556,15,25,10,0.042560771,0.022792257,SUFFISANT
SC_QR01_C03_QS02_QI02_QO02,Segment_Pollution_base,200,0.055555556,15,25,25,0.051706426,0.035402659,SUFFISANT
SC_QR01_C03_QS02_QI02_QO03,Segment_Pollution_base,200,0.055555556,15,25,50,0.043604616,0.041605458,SUFFISANT
SC_QR01_C03_QS02_QI02_QO04,Segment_Pollution_base,200,0.055555556,15,25,100,0.019613449,0.025571415,SUFFISANT
SC_QR01_C03_QS02_QI02_QO05,Segment_Pollution_base,200,0.055555556,15,25,150,0.008618545,0.01290877,SUFFISANT
SC_QR01_C03_QS02_QI02_QO06,Segment_Pollution_base,200,0.055555556,15,25,200,0.004160119,0.006700281,SUFFISANT
SC_QR01_C03_QS02_QI02_QO07,Segment_Pollution_base,200,0.055555556,15,25,400,0.005407867,0.003769518,SUFFISANT
SC_QR01_C03_QS02_QI03_QO01,Segment_Pollution_base,200,0.055555556,15,50,10,0.027695678,0.043866321,SUFFISANT
SC_QR01_C03_QS02_QI03_QO02,Segment_Pollution_base,200,0.055555556,15,50,25,0.013829529,0.025871122,SUFFISANT
SC_QR01_C03_QS02_QI03_QO03,Segment_Pollution_base,200,0.055555556,15,50,50,0.009570209,0.010094204,SUFFISANT
SC_QR01_C03_QS02_QI03_QO04,Segment_Pollution_base,200,0.055555556,15,50,100,0.017206876,0.010001906,SUFFISANT
SC_QR01_C03_QS02_QI03_QO05,Segment_Pollution_base,200,0.055555556,15,50,150,0.019221002,0.01420042,SUFFISANT
SC_QR01_C03_QS02_QI03_QO06,Segment_Pollution_base,200,0.055555556,15,50,200,0.018016789,0.015454245,SUFFISANT
SC_QR01_C03_QS02_QI03_QO07,Segment_Pollution_base,200,0.055555556,15,50,400,0.009456625,0.010513942,SUFFISANT
SC_QR01_C03_QS03_QI01_QO01,Segment_Pollution_base,200,0.055555556,30,10,10,0.043504246,0.022109382,SUFFISANT
SC_QR01_C03_QS03_QI01_QO02,Segment_Pollution_base,200,0.055555556,30,10,25,0.052307826,0.036169212,SUFFISANT
SC_QR01_C03_QS03_QI01_QO03,Segment_Pollution_base,200,0.055555556,30,10,50,0.043533895,0.041936837,SUFFISANT
SC_QR01_C03_QS03_QI01_QO04,Segment_Pollution_base,200,0.055555556,30,10,100,0.019233309,0.025302876,SUFFISANT
SC_QR01_C03_QS03_QI01_QO05,Segment_Pollution_base,200,0.055555556,30,10,150,0.008348939,0.0126136,SUFFISANT
SC_QR01_C03_QS03_QI01_QO06,Segment_Pollution_base,200,0.055555556,30,10,200,0.003993252,0.006485632,SUFFISANT
SC_QR01_C03_QS03_QI01_QO07,Segment_Pollution_base,200,0.055555556,30,10,400,0.005563374,0.003902819,SUFFISANT
SC_QR01_C03_QS03_QI02_QO01,Segment_Pollution_base,200,0.055555556,30,25,10,0.056298327,0.061098114,SUFFISANT
SC_QR01_C03_QS03_QI02_QO02,Segment_Pollution_base,200,0.055555556,30,25,25,0.035342399,0.047508128,SUFFISANT
SC_QR01_C03_QS03_QI02_QO03,Segment_Pollution_base,200,0.055555556,30,25,50,0.014961901,0.025150463,SUFFISANT
SC_QR01_C03_QS03_QI02_QO04,Segment_Pollution_base,200,0.055555556,30,25,100,0.008145819,0.006277407,SUFFISANT
SC_QR01_C03_QS03_QI02_QO05,Segment_Pollution_base,200,0.055555556,30,25,150,0.012021759,0.007061585,SUFFISANT
SC_QR01_C03_QS03_QI02_QO06,Segment_Pollution_base,200,0.055555556,30,25,200,0.013592992,0.009510445,SUFFISANT
SC_QR01_C03_QS03_QI02_QO07,Segment_Pollution_base,200,0.055555556,30,25,400,0.010708738,0.010228313,SUFFISANT
SC_QR01_C03_QS03_QI03_QO01,Segment_Pollution_base,200,0.055555556,30,50,10,0.014563002,0.011494292,SUFFISANT
SC_QR01_C03_QS03_QI03_QO02,Segment_Pollution_base,200,0.055555556,30,50,25,0.020256508,0.009106317,SUFFISANT
SC_QR01_C03_QS03_QI03_QO03,Segment_Pollution_base,200,0.055555556,30,50,50,0.026324145,0.015595502,SUFFISANT
SC_QR01_C03_QS03_QI03_QO04,Segment_Pollution_base,200,0.055555556,30,50,100,0.026972581,0.022320045,SUFFISANT
SC_QR01_C03_QS03_QI03_QO05,Segment_Pollution_base,200,0.055555556,30,50,150,0.021614164,0.021559894,SUFFISANT
SC_QR01_C03_QS03_QI03_QO06,Segment_Pollution_base,200,0.055555556,30,50,200,0.016140675,0.01806346,SUFFISANT
SC_QR01_C03_QS03_QI03_QO07,Segment_Pollution_base,200,0.055555556,30,50,400,0.005072951,0.006925886,SUFFISANT
SC_QR01_C04_QS01_QI01_QO01,Segment_Pollution_base,250,0.055555556,7.5,10,10,0.089377925,0.116735838,SUFFISANT
SC_QR01_C04_QS01_QI01_QO02,Segment_Pollution_base,250,0.055555556,7.5,10,25,0.061000686,0.040130671,SUFFISANT
SC_QR01_C04_QS01_QI01_QO03,Segment_Pollution_base,250,0.055555556,7.5,10,50,0.057961766,0.052506704,SUFFISANT
SC_QR01_C04_QS01_QI01_QO04,Segment_Pollution_base,250,0.055555556,7.5,10,100,0.025127154,0.030893423,SUFFISANT
SC_QR01_C04_QS01_QI01_QO05,Segment_Pollution_base,250,0.055555556,7.5,10,150,0.011137405,0.015281506,SUFFISANT
SC_QR01_C04_QS01_QI01_QO06,Segment_Pollution_base,250,0.055555556,7.5,10,200,0.00903283,0.008132034,SUFFISANT
SC_QR01_C04_QS01_QI01_QO07,Segment_Pollution_base,250,0.055555556,7.5,10,400,0.008931269,0.007686456,SUFFISANT
SC_QR01_C04_QS01_QI02_QO01,Segment_Pollution_base,250,0.055555556,7.5,25,10,0.059063815,0.085989967,SUFFISANT
SC_QR01_C04_QS01_QI02_QO02,Segment_Pollution_base,250,0.055555556,7.5,25,25,0.030308137,0.03772122,SUFFISANT
SC_QR01_C04_QS01_QI02_QO03,Segment_Pollution_base,250,0.055555556,7.5,25,50,0.044807006,0.029606991,SUFFISANT
SC_QR01_C04_QS01_QI02_QO04,Segment_Pollution_base,250,0.055555556,7.5,25,100,0.036717094,0.035558641,SUFFISANT
SC_QR01_C04_QS01_QI02_QO05,Segment_Pollution_base,250,0.055555556,7.5,25,150,0.022989752,0.026404181,SUFFISANT
SC_QR01_C04_QS01_QI02_QO06,Segment_Pollution_base,250,0.055555556,7.5,25,200,0.014259016,0.017941181,SUFFISANT
SC_QR01_C04_QS01_QI02_QO07,Segment_Pollution_base,250,0.055555556,7.5,25,400,0.003135466,0.004474882,SUFFISANT
SC_QR01_C04_QS01_QI03_QO01,Segment_Pollution_base,250,0.055555556,7.5,50,10,0.063184164,0.074142464,SUFFISANT
SC_QR01_C04_QS01_QI03_QO02,Segment_Pollution_base,250,0.055555556,7.5,50,25,0.037928071,0.054331105,SUFFISANT
SC_QR01_C04_QS01_QI03_QO03,Segment_Pollution_base,250,0.055555556,7.5,50,50,0.015368619,0.027174708,SUFFISANT
SC_QR01_C04_QS01_QI03_QO04,Segment_Pollution_base,250,0.055555556,7.5,50,100,0.011928716,0.006394599,SUFFISANT
SC_QR01_C04_QS01_QI03_QO05,Segment_Pollution_base,250,0.055555556,7.5,50,150,0.016647341,0.010209473,SUFFISANT
SC_QR01_C04_QS01_QI03_QO06,Segment_Pollution_base,250,0.055555556,7.5,50,200,0.018165734,0.013191168,SUFFISANT
SC_QR01_C04_QS01_QI03_QO07,Segment_Pollution_base,250,0.055555556,7.5,50,400,0.013324537,0.013059587,SUFFISANT
SC_QR01_C04_QS02_QI01_QO01,Segment_Pollution_base,250,0.055555556,15,10,10,0.109435953,0.087656669,SUFFISANT
SC_QR01_C04_QS02_QI01_QO02,Segment_Pollution_base,250,0.055555556,15,10,25,0.069182582,0.080640271,SUFFISANT
SC_QR01_C04_QS02_QI01_QO03,Segment_Pollution_base,250,0.055555556,15,10,50,0.023538042,0.037121031,SUFFISANT
SC_QR01_C04_QS02_QI01_QO04,Segment_Pollution_base,250,0.055555556,15,10,100,0.026756661,0.018471239,SUFFISANT
SC_QR01_C04_QS02_QI01_QO05,Segment_Pollution_base,250,0.055555556,15,10,150,0.025572656,0.021827307,SUFFISANT
SC_QR01_C04_QS02_QI01_QO06,Segment_Pollution_base,250,0.055555556,15,10,200,0.021143194,0.020285616,SUFFISANT
SC_QR01_C04_QS02_QI01_QO07,Segment_Pollution_base,250,0.055555556,15,10,400,0.008843502,0.010133239,SUFFISANT
SC_QR01_C04_QS02_QI02_QO01,Segment_Pollution_base,250,0.055555556,15,25,10,0.05320096,0.028490322,SUFFISANT
SC_QR01_C04_QS02_QI02_QO02,Segment_Pollution_base,250,0.055555556,15,25,25,0.064633034,0.04425332,SUFFISANT
SC_QR01_C04_QS02_QI02_QO03,Segment_Pollution_base,250,0.055555556,15,25,50,0.054505769,0.052006822,SUFFISANT
SC_QR01_C04_QS02_QI02_QO04,Segment_Pollution_base,250,0.055555556,15,25,100,0.024516812,0.031964265,SUFFISANT
SC_QR01_C04_QS02_QI02_QO05,Segment_Pollution_base,250,0.055555556,15,25,150,0.010773181,0.016135963,SUFFISANT
SC_QR01_C04_QS02_QI02_QO06,Segment_Pollution_base,250,0.055555556,15,25,200,0.005200149,0.008375351,SUFFISANT
SC_QR01_C04_QS02_QI02_QO07,Segment_Pollution_base,250,0.055555556,15,25,400,0.006759834,0.004711898,SUFFISANT
SC_QR01_C04_QS02_QI03_QO01,Segment_Pollution_base,250,0.055555556,15,50,10,0.034619596,0.054832902,SUFFISANT
SC_QR01_C04_QS02_QI03_QO02,Segment_Pollution_base,250,0.055555556,15,50,25,0.017286912,0.032338906,SUFFISANT
SC_QR01_C04_QS02_QI03_QO03,Segment_Pollution_base,250,0.055555556,15,50,50,0.011962762,0.012617755,SUFFISANT
SC_QR01_C04_QS02_QI03_QO04,Segment_Pollution_base,250,0.055555556,15,50,100,0.021508595,0.012502383,SUFFISANT
SC_QR01_C04_QS02_QI03_QO05,Segment_Pollution_base,250,0.055555556,15,50,150,0.024026254,0.017750526,SUFFISANT
SC_QR01_C04_QS02_QI03_QO06,Segment_Pollution_base,250,0.055555556,15,50,200,0.022520987,0.019317806,SUFFISANT
SC_QR01_C04_QS02_QI03_QO07,Segment_Pollution_base,250,0.055555556,15,50,400,0.011820781,0.013142426,SUFFISANT
SC_QR01_C04_QS03_QI01_QO01,Segment_Pollution_base,250,0.055555556,30,10,10,0.054380305,0.027636727,SUFFISANT
SC_QR01_C04_QS03_QI01_QO02,Segment_Pollution_base,250,0.055555556,30,10,25,0.065384783,0.045211516,SUFFISANT
SC_QR01_C04_QS03_QI01_QO03,Segment_Pollution_base,250,0.055555556,30,10,50,0.054417372,0.052421048,SUFFISANT
SC_QR01_C04_QS03_QI01_QO04,Segment_Pollution_base,250,0.055555556,30,10,100,0.024041636,0.031628594,SUFFISANT
SC_QR01_C04_QS03_QI01_QO05,Segment_Pollution_base,250,0.055555556,30,10,150,0.010436174,0.015766999,SUFFISANT
SC_QR01_C04_QS03_QI01_QO06,Segment_Pollution_base,250,0.055555556,30,10,200,0.004991565,0.00810704,SUFFISANT
SC_QR01_C04_QS03_QI01_QO07,Segment_Pollution_base,250,0.055555556,30,10,400,0.006954218,0.004878524,SUFFISANT
SC_QR01_C04_QS03_QI02_QO01,Segment_Pollution_base,250,0.055555556,30,25,10,0.070372909,0.076372638,SUFFISANT
SC_QR01_C04_QS03_QI02_QO02,Segment_Pollution_base,250,0.055555556,30,25,25,0.044178002,0.059385162,SUFFISANT
SC_QR01_C04_QS03_QI02_QO03,Segment_Pollution_base,250,0.055555556,30,25,50,0.018702377,0.031438079,SUFFISANT
SC_QR01_C04_QS03_QI02_QO04,Segment_Pollution_base,250,0.055555556,30,25,100,0.010182275,0.007846759,SUFFISANT
SC_QR01_C04_QS03_QI02_QO05,Segment_Pollution_base,250,0.055555556,30,25,150,0.015027199,0.008826981,SUFFISANT
SC_QR01_C04_QS03_QI02_QO06,Segment_Pollution_base,250,0.055555556,30,25,200,0.016991239,0.011888058,SUFFISANT
SC_QR01_C04_QS03_QI02_QO07,Segment_Pollution_base,250,0.055555556,30,25,400,0.013385923,0.012785392,SUFFISANT
SC_QR01_C04_QS03_QI03_QO01,Segment_Pollution_base,250,0.055555556,30,50,10,0.018203752,0.014367865,SUFFISANT
SC_QR01_C04_QS03_QI03_QO02,Segment_Pollution_base,250,0.055555556,30,50,25,0.025320634,0.011382896,SUFFISANT
SC_QR01_C04_QS03_QI03_QO03,Segment_Pollution_base,250,0.055555556,30,50,50,0.03290518,0.019494379,SUFFISANT
SC_QR01_C04_QS03_QI03_QO04,Segment_Pollution_base,250,0.055555556,30,50,100,0.033715729,0.027900055,SUFFISANT
SC_QR01_C04_QS03_QI03_QO05,Segment_Pollution_base,250,0.055555556,30,50,150,0.027017703,0.026949869,SUFFISANT
SC_QR01_C04_QS03_QI03_QO06,Segment_Pollution_base,250,0.055555556,30,50,200,0.020175844,0.022579325,SUFFISANT
SC_QR01_C04_QS03_QI03_QO07,Segment_Pollution_base,250,0.055555556,30,50,400,0.006341189,0.008657357,SUFFISANT
SC_QR01_C05_QS01_QI01_QO01,Segment_Pollution_base,300,0.055555556,7.5,10,10,0.107253507,0.140083,SUFFISANT
SC_QR01_C05_QS01_QI01_QO02,Segment_Pollution_base,300,0.055555556,7.5,10,25,0.073200822,0.048156802,SUFFISANT
SC_QR01_C05_QS01_QI01_QO03,Segment_Pollution_base,300,0.055555556,7.5,10,50,0.06955412,0.063008048,SUFFISANT
SC_QR01_C05_QS01_QI01_QO04,Segment_Pollution_base,300,0.055555556,7.5,10,100,0.030152583,0.037072107,SUFFISANT
SC_QR01_C05_QS01_QI01_QO05,Segment_Pollution_base,300,0.055555556,7.5,10,150,0.013364887,0.018337807,SUFFISANT
SC_QR01_C05_QS01_QI01_QO06,Segment_Pollution_base,300,0.055555556,7.5,10,200,0.010839396,0.009758442,SUFFISANT
SC_QR01_C05_QS01_QI01_QO07,Segment_Pollution_base,300,0.055555556,7.5,10,400,0.010717522,0.009223747,SUFFISANT
SC_QR01_C05_QS01_QI02_QO01,Segment_Pollution_base,300,0.055555556,7.5,25,10,0.070876583,0.103187963,SUFFISANT
SC_QR01_C05_QS01_QI02_QO02,Segment_Pollution_base,300,0.055555556,7.5,25,25,0.036369763,0.045265466,SUFFISANT
SC_QR01_C05_QS01_QI02_QO03,Segment_Pollution_base,300,0.055555556,7.5,25,50,0.053768408,0.035528384,SUFFISANT
SC_QR01_C05_QS01_QI02_QO04,Segment_Pollution_base,300,0.055555556,7.5,25,100,0.044060517,0.042670373,SUFFISANT
SC_QR01_C05_QS01_QI02_QO05,Segment_Pollution_base,300,0.055555556,7.5,25,150,0.027587702,0.031685017,SUFFISANT
SC_QR01_C05_QS01_QI02_QO06,Segment_Pollution_base,300,0.055555556,7.5,25,200,0.017110821,0.021529416,SUFFISANT
SC_QR01_C05_QS01_QI02_QO07,Segment_Pollution_base,300,0.055555556,7.5,25,400,0.003762559,0.005369858,SUFFISANT
SC_QR01_C05_QS01_QI03_QO01,Segment_Pollution_base,300,0.055555556,7.5,50,10,0.075820997,0.088970959,SUFFISANT
SC_QR01_C05_QS01_QI03_QO02,Segment_Pollution_base,300,0.055555556,7.5,50,25,0.045513686,0.065197326,SUFFISANT
SC_QR01_C05_QS01_QI03_QO03,Segment_Pollution_base,300,0.055555556,7.5,50,50,0.018442342,0.032609649,SUFFISANT
SC_QR01_C05_QS01_QI03_QO04,Segment_Pollution_base,300,0.055555556,7.5,50,100,0.014314459,0.007673519,SUFFISANT
SC_QR01_C05_QS01_QI03_QO05,Segment_Pollution_base,300,0.055555556,7.5,50,150,0.019976808,0.012251368,SUFFISANT
SC_QR01_C05_QS01_QI03_QO06,Segment_Pollution_base,300,0.055555556,7.5,50,200,0.021798879,0.015829401,SUFFISANT
SC_QR01_C05_QS01_QI03_QO07,Segment_Pollution_base,300,0.055555556,7.5,50,400,0.015989447,0.015671503,SUFFISANT
SC_QR01_C05_QS02_QI01_QO01,Segment_Pollution_base,300,0.055555556,15,10,10,0.131323144,0.105188005,SUFFISANT
SC_QR01_C05_QS02_QI01_QO02,Segment_Pollution_base,300,0.055555556,15,10,25,0.083019093,0.09676832,SUFFISANT
SC_QR01_C05_QS02_QI01_QO03,Segment_Pollution_base,300,0.055555556,15,10,50,0.02824565,0.044545241,SUFFISANT
SC_QR01_C05_QS02_QI01_QO04,Segment_Pollution_base,300,0.055555556,15,10,100,0.03210799,0.022165488,SUFFISANT
SC_QR01_C05_QS02_QI01_QO05,Segment_Pollution_base,300,0.055555556,15,10,150,0.030687187,0.026192766,SUFFISANT
SC_QR01_C05_QS02_QI01_QO06,Segment_Pollution_base,300,0.055555556,15,10,200,0.025371833,0.02434274,SUFFISANT
SC_QR01_C05_QS02_QI01_QO07,Segment_Pollution_base,300,0.055555556,15,10,400,0.010612202,0.012159887,SUFFISANT
SC_QR01_C05_QS02_QI02_QO01,Segment_Pollution_base,300,0.055555556,15,25,10,0.063841149,0.034188386,SUFFISANT
SC_QR01_C05_QS02_QI02_QO02,Segment_Pollution_base,300,0.055555556,15,25,25,0.077559642,0.053103987,SUFFISANT
SC_QR01_C05_QS02_QI02_QO03,Segment_Pollution_base,300,0.055555556,15,25,50,0.065406926,0.062408183,SUFFISANT
SC_QR01_C05_QS02_QI02_QO04,Segment_Pollution_base,300,0.055555556,15,25,100,0.029420175,0.03835712,SUFFISANT
SC_QR01_C05_QS02_QI02_QO05,Segment_Pollution_base,300,0.055555556,15,25,150,0.012927817,0.019363154,SUFFISANT
SC_QR01_C05_QS02_QI02_QO06,Segment_Pollution_base,300,0.055555556,15,25,200,0.006240179,0.010050422,SUFFISANT
SC_QR01_C05_QS02_QI02_QO07,Segment_Pollution_base,300,0.055555556,15,25,400,0.008111801,0.005654277,SUFFISANT
SC_QR01_C05_QS02_QI03_QO01,Segment_Pollution_base,300,0.055555556,15,50,10,0.041543514,0.065799482,SUFFISANT
SC_QR01_C05_QS02_QI03_QO02,Segment_Pollution_base,300,0.055555556,15,50,25,0.020744294,0.038806684,SUFFISANT
SC_QR01_C05_QS02_QI03_QO03,Segment_Pollution_base,300,0.055555556,15,50,50,0.014355314,0.015141306,SUFFISANT
SC_QR01_C05_QS02_QI03_QO04,Segment_Pollution_base,300,0.055555556,15,50,100,0.025810312,0.015002861,SUFFISANT
SC_QR01_C05_QS02_QI03_QO05,Segment_Pollution_base,300,0.055555556,15,50,150,0.028831504,0.021300631,SUFFISANT
SC_QR01_C05_QS02_QI03_QO06,Segment_Pollution_base,300,0.055555556,15,50,200,0.027025186,0.023181366,SUFFISANT
SC_QR01_C05_QS02_QI03_QO07,Segment_Pollution_base,300,0.055555556,15,50,400,0.014184938,0.015770912,SUFFISANT
SC_QR01_C05_QS03_QI01_QO01,Segment_Pollution_base,300,0.055555556,30,10,10,0.065256357,0.033164073,SUFFISANT
SC_QR01_C05_QS03_QI01_QO02,Segment_Pollution_base,300,0.055555556,30,10,25,0.078461736,0.05425382,SUFFISANT
SC_QR01_C05_QS03_QI01_QO03,Segment_Pollution_base,300,0.055555556,30,10,50,0.065300845,0.062905252,SUFFISANT
SC_QR01_C05_QS03_QI01_QO04,Segment_Pollution_base,300,0.055555556,30,10,100,0.028849965,0.037954312,SUFFISANT
SC_QR01_C05_QS03_QI01_QO05,Segment_Pollution_base,300,0.055555556,30,10,150,0.012523409,0.018920399,SUFFISANT
SC_QR01_C05_QS03_QI01_QO06,Segment_Pollution_base,300,0.055555556,30,10,200,0.005989878,0.009728448,SUFFISANT
SC_QR01_C05_QS03_QI01_QO07,Segment_Pollution_base,300,0.055555556,30,10,400,0.008345061,0.005854229,SUFFISANT
SC_QR01_C05_QS03_QI02_QO01,Segment_Pollution_base,300,0.055555556,30,25,10,0.084447488,0.09164717,SUFFISANT
SC_QR01_C05_QS03_QI02_QO02,Segment_Pollution_base,300,0.055555556,30,25,25,0.0530136,0.071262196,SUFFISANT
SC_QR01_C05_QS03_QI02_QO03,Segment_Pollution_base,300,0.055555556,30,25,50,0.022442853,0.037725694,SUFFISANT
SC_QR01_C05_QS03_QI02_QO04,Segment_Pollution_base,300,0.055555556,30,25,100,0.01221873,0.00941611,SUFFISANT
SC_QR01_C05_QS03_QI02_QO05,Segment_Pollution_base,300,0.055555556,30,25,150,0.018032638,0.010592378,SUFFISANT
SC_QR01_C05_QS03_QI02_QO06,Segment_Pollution_base,300,0.055555556,30,25,200,0.02038949,0.01426567,SUFFISANT
SC_QR01_C05_QS03_QI02_QO07,Segment_Pollution_base,300,0.055555556,30,25,400,0.016063107,0.015342469,SUFFISANT
SC_QR01_C05_QS03_QI03_QO01,Segment_Pollution_base,300,0.055555556,30,50,10,0.021844503,0.017241439,SUFFISANT
SC_QR01_C05_QS03_QI03_QO02,Segment_Pollution_base,300,0.055555556,30,50,25,0.03038476,0.013659474,SUFFISANT
SC_QR01_C05_QS03_QI03_QO03,Segment_Pollution_base,300,0.055555556,30,50,50,0.039486215,0.023393253,SUFFISANT
SC_QR01_C05_QS03_QI03_QO04,Segment_Pollution_base,300,0.055555556,30,50,100,0.040458869,0.033480067,SUFFISANT
SC_QR01_C05_QS03_QI03_QO05,Segment_Pollution_base,300,0.055555556,30,50,150,0.032421242,0.032339845,SUFFISANT
SC_QR01_C05_QS03_QI03_QO06,Segment_Pollution_base,300,0.055555556,30,50,200,0.024211012,0.027095189,SUFFISANT
SC_QR01_C05_QS03_QI03_QO07,Segment_Pollution_base,300,0.055555556,30,50,400,0.007609427,0.010388828,SUFFISANT
SC_QR02_C01_QS01_QI01_QO01,Segment_Pollution_base,100,0.277777778,7.5,10,10,0.168140128,0.225585029,SUFFISANT
SC_QR02_C01_QS01_QI01_QO02,Segment_Pollution_base,100,0.277777778,7.5,10,25,0.126411885,0.078181453,SUFFISANT
SC_QR02_C01_QS01_QI01_QO03,Segment_Pollution_base,100,0.277777778,7.5,10,50,0.11466898,0.106161714,SUFFISANT
SC_QR02_C01_QS01_QI01_QO04,Segment_Pollution_base,100,0.277777778,7.5,10,100,0.04783665,0.059674658,SUFFISANT
SC_QR02_C01_QS01_QI01_QO05,Segment_Pollution_base,100,0.277777778,7.5,10,150,0.020817444,0.028895522,SUFFISANT
SC_QR02_C01_QS01_QI01_QO06,Segment_Pollution_base,100,0.277777778,7.5,10,200,0.019236835,0.015177528,SUFFISANT
SC_QR02_C01_QS01_QI01_QO07,Segment_Pollution_base,100,0.277777778,7.5,10,400,0.018256737,0.015913108,SUFFISANT
SC_QR02_C01_QS01_QI02_QO01,Segment_Pollution_base,100,0.277777778,7.5,25,10,0.112675272,0.166370019,SUFFISANT
SC_QR02_C01_QS01_QI02_QO02,Segment_Pollution_base,100,0.277777778,7.5,25,25,0.063533328,0.071943961,SUFFISANT
SC_QR02_C01_QS01_QI02_QO03,Segment_Pollution_base,100,0.277777778,7.5,25,50,0.090742558,0.061232071,SUFFISANT
SC_QR02_C01_QS01_QI02_QO04,Segment_Pollution_base,100,0.277777778,7.5,25,100,0.072243705,0.070827104,SUFFISANT
SC_QR02_C01_QS01_QI02_QO05,Segment_Pollution_base,100,0.277777778,7.5,25,150,0.044676095,0.051751431,SUFFISANT
SC_QR02_C01_QS01_QI02_QO06,Segment_Pollution_base,100,0.277777778,7.5,25,200,0.027519368,0.034853831,SUFFISANT
SC_QR02_C01_QS01_QI02_QO07,Segment_Pollution_base,100,0.277777778,7.5,25,400,0.005982367,0.008567662,SUFFISANT
SC_QR02_C01_QS01_QI03_QO01,Segment_Pollution_base,100,0.277777778,7.5,50,10,0.122917898,0.145732671,SUFFISANT
SC_QR02_C01_QS01_QI03_QO02,Segment_Pollution_base,100,0.277777778,7.5,50,25,0.073461272,0.105886191,SUFFISANT
SC_QR02_C01_QS01_QI03_QO03,Segment_Pollution_base,100,0.277777778,7.5,50,50,0.029725954,0.052672595,SUFFISANT
SC_QR02_C01_QS01_QI03_QO04,Segment_Pollution_base,100,0.277777778,7.5,50,100,0.024845606,0.012399903,SUFFISANT
SC_QR02_C01_QS01_QI03_QO05,Segment_Pollution_base,100,0.277777778,7.5,50,150,0.033924278,0.021189982,SUFFISANT
SC_QR02_C01_QS01_QI03_QO06,Segment_Pollution_base,100,0.277777778,7.5,50,200,0.036553249,0.026911741,SUFFISANT
SC_QR02_C01_QS01_QI03_QO07,Segment_Pollution_base,100,0.277777778,7.5,50,400,0.02627157,0.025909603,SUFFISANT
SC_QR02_C01_QS02_QI01_QO01,Segment_Pollution_base,100,0.277777778,15,10,10,0.216781989,0.178230777,SUFFISANT
SC_QR02_C01_QS02_QI01_QO02,Segment_Pollution_base,100,0.277777778,15,10,25,0.133392245,0.158195853,SUFFISANT
SC_QR02_C01_QS02_QI01_QO03,Segment_Pollution_base,100,0.277777778,15,10,50,0.044540439,0.070995823,SUFFISANT
SC_QR02_C01_QS02_QI01_QO04,Segment_Pollution_base,100,0.277777778,15,10,100,0.054723896,0.038512744,SUFFISANT
SC_QR02_C01_QS02_QI01_QO05,Segment_Pollution_base,100,0.277777778,15,10,150,0.051184032,0.044314634,SUFFISANT
SC_QR02_C01_QS02_QI01_QO06,Segment_Pollution_base,100,0.277777778,15,10,200,0.041787274,0.040554948,SUFFISANT
SC_QR02_C01_QS02_QI01_QO07,Segment_Pollution_base,100,0.277777778,15,10,400,0.017082514,0.019710816,SUFFISANT
SC_QR02_C01_QS02_QI02_QO01,Segment_Pollution_base,100,0.277777778,15,25,10,0.109132551,0.054968018,SUFFISANT
SC_QR02_C01_QS02_QI02_QO02,Segment_Pollution_base,100,0.277777778,15,25,25,0.129495427,0.090513483,SUFFISANT
SC_QR02_C01_QS02_QI02_QO03,Segment_Pollution_base,100,0.277777778,15,25,50,0.107099846,0.103529073,SUFFISANT
SC_QR02_C01_QS02_QI02_QO04,Segment_Pollution_base,100,0.277777778,15,25,100,0.047484655,0.062310167,SUFFISANT
SC_QR02_C01_QS02_QI02_QO05,Segment_Pollution_base,100,0.277777778,15,25,150,0.020765496,0.031217843,SUFFISANT
SC_QR02_C01_QS02_QI02_QO06,Segment_Pollution_base,100,0.277777778,15,25,200,0.010004959,0.016149607,SUFFISANT
SC_QR02_C01_QS02_QI02_QO07,Segment_Pollution_base,100,0.277777778,15,25,400,0.013909182,0.009831374,SUFFISANT
SC_QR02_C01_QS02_QI03_QO01,Segment_Pollution_base,100,0.277777778,15,50,10,0.067048661,0.106670238,SUFFISANT
SC_QR02_C01_QS02_QI03_QO02,Segment_Pollution_base,100,0.277777778,15,50,25,0.033503253,0.062747151,SUFFISANT
SC_QR02_C01_QS02_QI03_QO03,Segment_Pollution_base,100,0.277777778,15,50,50,0.025112774,0.024506548,SUFFISANT
SC_QR02_C01_QS02_QI03_QO04,Segment_Pollution_base,100,0.277777778,15,50,100,0.043699466,0.025910703,SUFFISANT
SC_QR02_C01_QS02_QI03_QO05,Segment_Pollution_base,100,0.277777778,15,50,150,0.048055559,0.035981849,SUFFISANT
SC_QR02_C01_QS02_QI03_QO06,Segment_Pollution_base,100,0.277777778,15,50,200,0.044660009,0.038675368,SUFFISANT
SC_QR02_C01_QS02_QI03_QO07,Segment_Pollution_base,100,0.277777778,15,50,400,0.023150081,0.025832905,SUFFISANT
SC_QR02_C01_QS03_QI01_QO01,Segment_Pollution_base,100,0.277777778,30,10,10,0.111416869,0.056664973,SUFFISANT
SC_QR02_C01_QS03_QI01_QO02,Segment_Pollution_base,100,0.277777778,30,10,25,0.130881339,0.092363365,SUFFISANT
SC_QR02_C01_QS03_QI01_QO03,Segment_Pollution_base,100,0.277777778,30,10,50,0.106866702,0.104269154,SUFFISANT
SC_QR02_C01_QS03_QI01_QO04,Segment_Pollution_base,100,0.277777778,30,10,100,0.046560191,0.06163653,SUFFISANT
SC_QR02_C01_QS03_QI01_QO05,Segment_Pollution_base,100,0.277777778,30,10,150,0.020120291,0.030504236,SUFFISANT
SC_QR02_C01_QS03_QI01_QO06,Segment_Pollution_base,100,0.277777778,30,10,200,0.009607955,0.015636034,SUFFISANT
SC_QR02_C01_QS03_QI01_QO07,Segment_Pollution_base,100,0.277777778,30,10,400,0.014288781,0.010162537,SUFFISANT
SC_QR02_C01_QS03_QI02_QO01,Segment_Pollution_base,100,0.277777778,30,25,10,0.137279272,0.1506982,SUFFISANT
SC_QR02_C01_QS03_QI02_QO02,Segment_Pollution_base,100,0.277777778,30,25,25,0.085721403,0.116026521,SUFFISANT
SC_QR02_C01_QS03_QI02_QO03,Segment_Pollution_base,100,0.277777778,30,25,50,0.036215622,0.061028142,SUFFISANT
SC_QR02_C01_QS03_QI02_QO04,Segment_Pollution_base,100,0.277777778,30,25,100,0.021311652,0.015229628,SUFFISANT
SC_QR02_C01_QS03_QI02_QO05,Segment_Pollution_base,100,0.277777778,30,25,150,0.030733129,0.018402565,SUFFISANT
SC_QR02_C01_QS03_QI02_QO06,Segment_Pollution_base,100,0.277777778,30,25,200,0.034288097,0.024339257,SUFFISANT
SC_QR02_C01_QS03_QI02_QO07,Segment_Pollution_base,100,0.277777778,30,25,400,0.026439272,0.025417356,SUFFISANT
SC_QR02_C01_QS03_QI03_QO01,Segment_Pollution_base,100,0.277777778,30,50,10,0.037919696,0.027952231,SUFFISANT
SC_QR02_C01_QS03_QI03_QO02,Segment_Pollution_base,100,0.277777778,30,50,25,0.051886886,0.023970891,SUFFISANT
SC_QR02_C01_QS03_QI03_QO03,Segment_Pollution_base,100,0.277777778,30,50,50,0.066258952,0.040034968,SUFFISANT
SC_QR02_C01_QS03_QI03_QO04,Segment_Pollution_base,100,0.277777778,30,50,100,0.066751204,0.055838015,SUFFISANT
SC_QR02_C01_QS03_QI03_QO05,Segment_Pollution_base,100,0.277777778,30,50,150,0.053116519,0.053321131,SUFFISANT
SC_QR02_C01_QS03_QI03_QO06,Segment_Pollution_base,100,0.277777778,30,50,200,0.039536081,0.044421799,SUFFISANT
SC_QR02_C01_QS03_QI03_QO07,Segment_Pollution_base,100,0.277777778,30,50,400,0.012390414,0.016925389,SUFFISANT
SC_QR02_C02_QS01_QI01_QO01,Segment_Pollution_base,150,0.277777778,7.5,10,10,0.25221017,0.338377535,SUFFISANT
SC_QR02_C02_QS01_QI01_QO02,Segment_Pollution_base,150,0.277777778,7.5,10,25,0.189617828,0.117272183,SUFFISANT
SC_QR02_C02_QS01_QI01_QO03,Segment_Pollution_base,150,0.277777778,7.5,10,50,0.172003478,0.159242555,SUFFISANT
SC_QR02_C02_QS01_QI01_QO04,Segment_Pollution_base,150,0.277777778,7.5,10,100,0.071754977,0.089511983,SUFFISANT
SC_QR02_C02_QS01_QI01_QO05,Segment_Pollution_base,150,0.277777778,7.5,10,150,0.031226167,0.04334328,SUFFISANT
SC_QR02_C02_QS01_QI01_QO06,Segment_Pollution_base,150,0.277777778,7.5,10,200,0.028855255,0.022766292,SUFFISANT
SC_QR02_C02_QS01_QI01_QO07,Segment_Pollution_base,150,0.277777778,7.5,10,400,0.027385103,0.023869662,SUFFISANT
SC_QR02_C02_QS01_QI02_QO01,Segment_Pollution_base,150,0.277777778,7.5,25,10,0.169012904,0.249555022,SUFFISANT
SC_QR02_C02_QS01_QI02_QO02,Segment_Pollution_base,150,0.277777778,7.5,25,25,0.095299996,0.107915938,SUFFISANT
SC_QR02_C02_QS01_QI02_QO03,Segment_Pollution_base,150,0.277777778,7.5,25,50,0.136113837,0.091848113,SUFFISANT
SC_QR02_C02_QS01_QI02_QO04,Segment_Pollution_base,150,0.277777778,7.5,25,100,0.108365566,0.106240653,SUFFISANT
SC_QR02_C02_QS01_QI02_QO05,Segment_Pollution_base,150,0.277777778,7.5,25,150,0.067014143,0.077627152,SUFFISANT
SC_QR02_C02_QS01_QI02_QO06,Segment_Pollution_base,150,0.277777778,7.5,25,200,0.041279051,0.05228075,SUFFISANT
SC_QR02_C02_QS01_QI02_QO07,Segment_Pollution_base,150,0.277777778,7.5,25,400,0.008973551,0.012851493,SUFFISANT
SC_QR02_C02_QS01_QI03_QO01,Segment_Pollution_base,150,0.277777778,7.5,50,10,0.184376851,0.218599007,SUFFISANT
SC_QR02_C02_QS01_QI03_QO02,Segment_Pollution_base,150,0.277777778,7.5,50,25,0.110191904,0.158829287,SUFFISANT
SC_QR02_C02_QS01_QI03_QO03,Segment_Pollution_base,150,0.277777778,7.5,50,50,0.044588935,0.079008892,SUFFISANT
SC_QR02_C02_QS01_QI03_QO04,Segment_Pollution_base,150,0.277777778,7.5,50,100,0.037268408,0.018599855,SUFFISANT
SC_QR02_C02_QS01_QI03_QO05,Segment_Pollution_base,150,0.277777778,7.5,50,150,0.050886419,0.03178497,SUFFISANT
SC_QR02_C02_QS01_QI03_QO06,Segment_Pollution_base,150,0.277777778,7.5,50,200,0.054829869,0.040367611,SUFFISANT
SC_QR02_C02_QS01_QI03_QO07,Segment_Pollution_base,150,0.277777778,7.5,50,400,0.039407354,0.038864404,SUFFISANT
SC_QR02_C02_QS02_QI01_QO01,Segment_Pollution_base,150,0.277777778,15,10,10,0.325172961,0.267346174,SUFFISANT
SC_QR02_C02_QS02_QI01_QO02,Segment_Pollution_base,150,0.277777778,15,10,25,0.200088382,0.237293795,SUFFISANT
SC_QR02_C02_QS02_QI01_QO03,Segment_Pollution_base,150,0.277777778,15,10,50,0.066810668,0.106493734,SUFFISANT
SC_QR02_C02_QS02_QI01_QO04,Segment_Pollution_base,150,0.277777778,15,10,100,0.082085848,0.05776912,SUFFISANT
SC_QR02_C02_QS02_QI01_QO05,Segment_Pollution_base,150,0.277777778,15,10,150,0.07677605,0.066471949,SUFFISANT
SC_QR02_C02_QS02_QI01_QO06,Segment_Pollution_base,150,0.277777778,15,10,200,0.062680915,0.060832422,SUFFISANT
SC_QR02_C02_QS02_QI01_QO07,Segment_Pollution_base,150,0.277777778,15,10,400,0.025623772,0.029566225,SUFFISANT
SC_QR02_C02_QS02_QI02_QO01,Segment_Pollution_base,150,0.277777778,15,25,10,0.163698822,0.082452022,SUFFISANT
SC_QR02_C02_QS02_QI02_QO02,Segment_Pollution_base,150,0.277777778,15,25,25,0.194243148,0.135770231,SUFFISANT
SC_QR02_C02_QS02_QI02_QO03,Segment_Pollution_base,150,0.277777778,15,25,50,0.160649776,0.155293599,SUFFISANT
SC_QR02_C02_QS02_QI02_QO04,Segment_Pollution_base,150,0.277777778,15,25,100,0.071226977,0.093465254,SUFFISANT
SC_QR02_C02_QS02_QI02_QO05,Segment_Pollution_base,150,0.277777778,15,25,150,0.031148242,0.046826769,SUFFISANT
SC_QR02_C02_QS02_QI02_QO06,Segment_Pollution_base,150,0.277777778,15,25,200,0.015007439,0.024224408,SUFFISANT
SC_QR02_C02_QS02_QI02_QO07,Segment_Pollution_base,150,0.277777778,15,25,400,0.020863773,0.014747061,SUFFISANT
SC_QR02_C02_QS02_QI03_QO01,Segment_Pollution_base,150,0.277777778,15,50,10,0.100572996,0.160005361,SUFFISANT
SC_QR02_C02_QS02_QI03_QO02,Segment_Pollution_base,150,0.277777778,15,50,25,0.050254881,0.094120726,SUFFISANT
SC_QR02_C02_QS02_QI03_QO03,Segment_Pollution_base,150,0.277777778,15,50,50,0.037669159,0.03675982,SUFFISANT
SC_QR02_C02_QS02_QI03_QO04,Segment_Pollution_base,150,0.277777778,15,50,100,0.065549195,0.038866054,SUFFISANT
SC_QR02_C02_QS02_QI03_QO05,Segment_Pollution_base,150,0.277777778,15,50,150,0.072083339,0.05397277,SUFFISANT
SC_QR02_C02_QS02_QI03_QO06,Segment_Pollution_base,150,0.277777778,15,50,200,0.066990018,0.058013055,SUFFISANT
SC_QR02_C02_QS02_QI03_QO07,Segment_Pollution_base,150,0.277777778,15,50,400,0.034725122,0.038749356,SUFFISANT
SC_QR02_C02_QS03_QI01_QO01,Segment_Pollution_base,150,0.277777778,30,10,10,0.1671253,0.08499746,SUFFISANT
SC_QR02_C02_QS03_QI01_QO02,Segment_Pollution_base,150,0.277777778,30,10,25,0.196322009,0.138545051,SUFFISANT
SC_QR02_C02_QS03_QI01_QO03,Segment_Pollution_base,150,0.277777778,30,10,50,0.160300061,0.156403735,SUFFISANT
SC_QR02_C02_QS03_QI01_QO04,Segment_Pollution_base,150,0.277777778,30,10,100,0.06984029,0.092454791,SUFFISANT
SC_QR02_C02_QS03_QI01_QO05,Segment_Pollution_base,150,0.277777778,30,10,150,0.030180434,0.045756355,SUFFISANT
SC_QR02_C02_QS03_QI01_QO06,Segment_Pollution_base,150,0.277777778,30,10,200,0.014411932,0.023454051,SUFFISANT
SC_QR02_C02_QS03_QI01_QO07,Segment_Pollution_base,150,0.277777778,30,10,400,0.021433173,0.015243806,SUFFISANT
SC_QR02_C02_QS03_QI02_QO01,Segment_Pollution_base,150,0.277777778,30,25,10,0.205918923,0.226047307,SUFFISANT
SC_QR02_C02_QS03_QI02_QO02,Segment_Pollution_base,150,0.277777778,30,25,25,0.12858212,0.174039781,SUFFISANT
SC_QR02_C02_QS03_QI02_QO03,Segment_Pollution_base,150,0.277777778,30,25,50,0.054323435,0.091542207,SUFFISANT
SC_QR02_C02_QS03_QI02_QO04,Segment_Pollution_base,150,0.277777778,30,25,100,0.03196748,0.022844441,SUFFISANT
SC_QR02_C02_QS03_QI02_QO05,Segment_Pollution_base,150,0.277777778,30,25,150,0.046099689,0.027603848,SUFFISANT
SC_QR02_C02_QS03_QI02_QO06,Segment_Pollution_base,150,0.277777778,30,25,200,0.05143214,0.036508884,SUFFISANT
SC_QR02_C02_QS03_QI02_QO07,Segment_Pollution_base,150,0.277777778,30,25,400,0.039658908,0.038126033,SUFFISANT
SC_QR02_C02_QS03_QI03_QO01,Segment_Pollution_base,150,0.277777778,30,50,10,0.056879546,0.041928347,SUFFISANT
SC_QR02_C02_QS03_QI03_QO02,Segment_Pollution_base,150,0.277777778,30,50,25,0.07783033,0.035956338,SUFFISANT
SC_QR02_C02_QS03_QI03_QO03,Segment_Pollution_base,150,0.277777778,30,50,50,0.099388421,0.060052454,SUFFISANT
SC_QR02_C02_QS03_QI03_QO04,Segment_Pollution_base,150,0.277777778,30,50,100,0.100126795,0.083757028,SUFFISANT
SC_QR02_C02_QS03_QI03_QO05,Segment_Pollution_base,150,0.277777778,30,50,150,0.07967478,0.0799817,SUFFISANT
SC_QR02_C02_QS03_QI03_QO06,Segment_Pollution_base,150,0.277777778,30,50,200,0.059304122,0.066632695,SUFFISANT
SC_QR02_C02_QS03_QI03_QO07,Segment_Pollution_base,150,0.277777778,30,50,400,0.01858562,0.025388082,SUFFISANT
SC_QR02_C03_QS01_QI01_QO01,Segment_Pollution_base,200,0.277777778,7.5,10,10,0.336280257,0.451170057,SUFFISANT
SC_QR02_C03_QS01_QI01_QO02,Segment_Pollution_base,200,0.277777778,7.5,10,25,0.25282377,0.156362906,SUFFISANT
SC_QR02_C03_QS01_QI01_QO03,Segment_Pollution_base,200,0.277777778,7.5,10,50,0.22933796,0.212323427,SUFFISANT
SC_QR02_C03_QS01_QI01_QO04,Segment_Pollution_base,200,0.277777778,7.5,10,100,0.0956733,0.119349316,SUFFISANT
SC_QR02_C03_QS01_QI01_QO05,Segment_Pollution_base,200,0.277777778,7.5,10,150,0.041634887,0.057791043,SUFFISANT
SC_QR02_C03_QS01_QI01_QO06,Segment_Pollution_base,200,0.277777778,7.5,10,200,0.038473669,0.030355057,SUFFISANT
SC_QR02_C03_QS01_QI01_QO07,Segment_Pollution_base,200,0.277777778,7.5,10,400,0.036513474,0.031826217,SUFFISANT
SC_QR02_C03_QS01_QI02_QO01,Segment_Pollution_base,200,0.277777778,7.5,25,10,0.225350544,0.332740039,SUFFISANT
SC_QR02_C03_QS01_QI02_QO02,Segment_Pollution_base,200,0.277777778,7.5,25,25,0.127066657,0.143887922,SUFFISANT
SC_QR02_C03_QS01_QI02_QO03,Segment_Pollution_base,200,0.277777778,7.5,25,50,0.181485116,0.122464143,SUFFISANT
SC_QR02_C03_QS01_QI02_QO04,Segment_Pollution_base,200,0.277777778,7.5,25,100,0.144487411,0.141654208,SUFFISANT
SC_QR02_C03_QS01_QI02_QO05,Segment_Pollution_base,200,0.277777778,7.5,25,150,0.08935219,0.103502862,SUFFISANT
SC_QR02_C03_QS01_QI02_QO06,Segment_Pollution_base,200,0.277777778,7.5,25,200,0.055038735,0.069707662,SUFFISANT
SC_QR02_C03_QS01_QI02_QO07,Segment_Pollution_base,200,0.277777778,7.5,25,400,0.011964734,0.017135324,SUFFISANT
SC_QR02_C03_QS01_QI03_QO01,Segment_Pollution_base,200,0.277777778,7.5,50,10,0.245835796,0.291465342,SUFFISANT
SC_QR02_C03_QS01_QI03_QO02,Segment_Pollution_base,200,0.277777778,7.5,50,25,0.146922544,0.211772382,SUFFISANT
SC_QR02_C03_QS01_QI03_QO03,Segment_Pollution_base,200,0.277777778,7.5,50,50,0.059451908,0.10534519,SUFFISANT
SC_QR02_C03_QS01_QI03_QO04,Segment_Pollution_base,200,0.277777778,7.5,50,100,0.049691211,0.024799807,SUFFISANT
SC_QR02_C03_QS01_QI03_QO05,Segment_Pollution_base,200,0.277777778,7.5,50,150,0.067848556,0.042379964,SUFFISANT
SC_QR02_C03_QS01_QI03_QO06,Segment_Pollution_base,200,0.277777778,7.5,50,200,0.073106498,0.053823482,SUFFISANT
SC_QR02_C03_QS01_QI03_QO07,Segment_Pollution_base,200,0.277777778,7.5,50,400,0.052543141,0.051819205,SUFFISANT
SC_QR02_C03_QS02_QI01_QO01,Segment_Pollution_base,200,0.277777778,15,10,10,0.433563977,0.356461555,SUFFISANT
SC_QR02_C03_QS02_QI01_QO02,Segment_Pollution_base,200,0.277777778,15,10,25,0.266784489,0.316391706,SUFFISANT
SC_QR02_C03_QS02_QI01_QO03,Segment_Pollution_base,200,0.277777778,15,10,50,0.089080878,0.141991645,SUFFISANT
SC_QR02_C03_QS02_QI01_QO04,Segment_Pollution_base,200,0.277777778,15,10,100,0.109447792,0.077025488,SUFFISANT
SC_QR02_C03_QS02_QI01_QO05,Segment_Pollution_base,200,0.277777778,15,10,150,0.102368064,0.088629268,SUFFISANT
SC_QR02_C03_QS02_QI01_QO06,Segment_Pollution_base,200,0.277777778,15,10,200,0.083574548,0.081109896,SUFFISANT
SC_QR02_C03_QS02_QI01_QO07,Segment_Pollution_base,200,0.277777778,15,10,400,0.034165028,0.039421633,SUFFISANT
SC_QR02_C03_QS02_QI02_QO01,Segment_Pollution_base,200,0.277777778,15,25,10,0.218265101,0.109936036,SUFFISANT
SC_QR02_C03_QS02_QI02_QO02,Segment_Pollution_base,200,0.277777778,15,25,25,0.258990854,0.181026965,SUFFISANT
SC_QR02_C03_QS02_QI02_QO03,Segment_Pollution_base,200,0.277777778,15,25,50,0.214199692,0.207058147,SUFFISANT
SC_QR02_C03_QS02_QI02_QO04,Segment_Pollution_base,200,0.277777778,15,25,100,0.09496931,0.124620333,SUFFISANT
SC_QR02_C03_QS02_QI02_QO05,Segment_Pollution_base,200,0.277777778,15,25,150,0.041530993,0.062435687,SUFFISANT
SC_QR02_C03_QS02_QI02_QO06,Segment_Pollution_base,200,0.277777778,15,25,200,0.020009918,0.032299213,SUFFISANT
SC_QR02_C03_QS02_QI02_QO07,Segment_Pollution_base,200,0.277777778,15,25,400,0.027818363,0.019662747,SUFFISANT
SC_QR02_C03_QS02_QI03_QO01,Segment_Pollution_base,200,0.277777778,15,50,10,0.134097323,0.213340476,SUFFISANT
SC_QR02_C03_QS02_QI03_QO02,Segment_Pollution_base,200,0.277777778,15,50,25,0.067006506,0.125494301,SUFFISANT
SC_QR02_C03_QS02_QI03_QO03,Segment_Pollution_base,200,0.277777778,15,50,50,0.050225548,0.049013097,SUFFISANT
SC_QR02_C03_QS02_QI03_QO04,Segment_Pollution_base,200,0.277777778,15,50,100,0.087398931,0.051821407,SUFFISANT
SC_QR02_C03_QS02_QI03_QO05,Segment_Pollution_base,200,0.277777778,15,50,150,0.096111119,0.071963698,SUFFISANT
SC_QR02_C03_QS02_QI03_QO06,Segment_Pollution_base,200,0.277777778,15,50,200,0.089320019,0.077350736,SUFFISANT
SC_QR02_C03_QS02_QI03_QO07,Segment_Pollution_base,200,0.277777778,15,50,400,0.046300162,0.051665809,SUFFISANT
SC_QR02_C03_QS03_QI01_QO01,Segment_Pollution_base,200,0.277777778,30,10,10,0.222833738,0.113329947,SUFFISANT
SC_QR02_C03_QS03_QI01_QO02,Segment_Pollution_base,200,0.277777778,30,10,25,0.261762679,0.18472673,SUFFISANT
SC_QR02_C03_QS03_QI01_QO03,Segment_Pollution_base,200,0.277777778,30,10,50,0.213733405,0.208538309,SUFFISANT
SC_QR02_C03_QS03_QI01_QO04,Segment_Pollution_base,200,0.277777778,30,10,100,0.093120381,0.12327306,SUFFISANT
SC_QR02_C03_QS03_QI01_QO05,Segment_Pollution_base,200,0.277777778,30,10,150,0.040240582,0.061008472,SUFFISANT
SC_QR02_C03_QS03_QI01_QO06,Segment_Pollution_base,200,0.277777778,30,10,200,0.01921591,0.031272069,SUFFISANT
SC_QR02_C03_QS03_QI01_QO07,Segment_Pollution_base,200,0.277777778,30,10,400,0.028577562,0.020325074,SUFFISANT
SC_QR02_C03_QS03_QI02_QO01,Segment_Pollution_base,200,0.277777778,30,25,10,0.274558544,0.3013964,SUFFISANT
SC_QR02_C03_QS03_QI02_QO02,Segment_Pollution_base,200,0.277777778,30,25,25,0.171442807,0.232053041,SUFFISANT
SC_QR02_C03_QS03_QI02_QO03,Segment_Pollution_base,200,0.277777778,30,25,50,0.072431244,0.122056283,SUFFISANT
SC_QR02_C03_QS03_QI02_QO04,Segment_Pollution_base,200,0.277777778,30,25,100,0.042623304,0.030459257,SUFFISANT
SC_QR02_C03_QS03_QI02_QO05,Segment_Pollution_base,200,0.277777778,30,25,150,0.061466258,0.036805131,SUFFISANT
SC_QR02_C03_QS03_QI02_QO06,Segment_Pollution_base,200,0.277777778,30,25,200,0.068576194,0.048678514,SUFFISANT
SC_QR02_C03_QS03_QI02_QO07,Segment_Pollution_base,200,0.277777778,30,25,400,0.052878544,0.050834712,SUFFISANT
SC_QR02_C03_QS03_QI03_QO01,Segment_Pollution_base,200,0.277777778,30,50,10,0.075839393,0.055904463,SUFFISANT
SC_QR02_C03_QS03_QI03_QO02,Segment_Pollution_base,200,0.277777778,30,50,25,0.103773773,0.047941782,SUFFISANT
SC_QR02_C03_QS03_QI03_QO03,Segment_Pollution_base,200,0.277777778,30,50,50,0.132517904,0.080069937,SUFFISANT
SC_QR02_C03_QS03_QI03_QO04,Segment_Pollution_base,200,0.277777778,30,50,100,0.133502409,0.11167603,SUFFISANT
SC_QR02_C03_QS03_QI03_QO05,Segment_Pollution_base,200,0.277777778,30,50,150,0.106233038,0.106642261,SUFFISANT
SC_QR02_C03_QS03_QI03_QO06,Segment_Pollution_base,200,0.277777778,30,50,200,0.079072163,0.088843599,SUFFISANT
SC_QR02_C03_QS03_QI03_QO07,Segment_Pollution_base,200,0.277777778,30,50,400,0.024780829,0.033850778,SUFFISANT
SC_QR02_C04_QS01_QI01_QO01,Segment_Pollution_base,250,0.277777778,7.5,10,10,0.420350283,0.563962579,INSUFFISANT
SC_QR02_C04_QS01_QI01_QO02,Segment_Pollution_base,250,0.277777778,7.5,10,25,0.316029698,0.195453644,SUFFISANT
SC_QR02_C04_QS01_QI01_QO03,Segment_Pollution_base,250,0.277777778,7.5,10,50,0.286672443,0.265404284,SUFFISANT
SC_QR02_C04_QS01_QI01_QO04,Segment_Pollution_base,250,0.277777778,7.5,10,100,0.119591631,0.149186641,SUFFISANT
SC_QR02_C04_QS01_QI01_QO05,Segment_Pollution_base,250,0.277777778,7.5,10,150,0.052043613,0.072238803,SUFFISANT
SC_QR02_C04_QS01_QI01_QO06,Segment_Pollution_base,250,0.277777778,7.5,10,200,0.04809209,0.037943818,SUFFISANT
SC_QR02_C04_QS01_QI01_QO07,Segment_Pollution_base,250,0.277777778,7.5,10,400,0.04564184,0.03978277,SUFFISANT
SC_QR02_C04_QS01_QI02_QO01,Segment_Pollution_base,250,0.277777778,7.5,25,10,0.281688184,0.415925026,SUFFISANT
SC_QR02_C04_QS01_QI02_QO02,Segment_Pollution_base,250,0.277777778,7.5,25,25,0.158833325,0.179859906,SUFFISANT
SC_QR02_C04_QS01_QI02_QO03,Segment_Pollution_base,250,0.277777778,7.5,25,50,0.226856381,0.15308018,SUFFISANT
SC_QR02_C04_QS01_QI02_QO04,Segment_Pollution_base,250,0.277777778,7.5,25,100,0.180609271,0.177067757,SUFFISANT
SC_QR02_C04_QS01_QI02_QO05,Segment_Pollution_base,250,0.277777778,7.5,25,150,0.111690246,0.129378572,SUFFISANT
SC_QR02_C04_QS01_QI02_QO06,Segment_Pollution_base,250,0.277777778,7.5,25,200,0.068798415,0.087134577,SUFFISANT
SC_QR02_C04_QS01_QI02_QO07,Segment_Pollution_base,250,0.277777778,7.5,25,400,0.014955918,0.021419154,SUFFISANT
SC_QR02_C04_QS01_QI03_QO01,Segment_Pollution_base,250,0.277777778,7.5,50,10,0.307294756,0.364331663,SUFFISANT
SC_QR02_C04_QS01_QI03_QO02,Segment_Pollution_base,250,0.277777778,7.5,50,25,0.183653161,0.264715493,SUFFISANT
SC_QR02_C04_QS01_QI03_QO03,Segment_Pollution_base,250,0.277777778,7.5,50,50,0.074314885,0.131681472,SUFFISANT
SC_QR02_C04_QS01_QI03_QO04,Segment_Pollution_base,250,0.277777778,7.5,50,100,0.062114011,0.030999759,SUFFISANT
SC_QR02_C04_QS01_QI03_QO05,Segment_Pollution_base,250,0.277777778,7.5,50,150,0.084810689,0.052974954,SUFFISANT
SC_QR02_C04_QS01_QI03_QO06,Segment_Pollution_base,250,0.277777778,7.5,50,200,0.091383114,0.067279354,SUFFISANT
SC_QR02_C04_QS01_QI03_QO07,Segment_Pollution_base,250,0.277777778,7.5,50,400,0.065678924,0.064774007,SUFFISANT
SC_QR02_C04_QS02_QI01_QO01,Segment_Pollution_base,250,0.277777778,15,10,10,0.541954935,0.445576966,INSUFFISANT
SC_QR02_C04_QS02_QI01_QO02,Segment_Pollution_base,250,0.277777778,15,10,25,0.333480626,0.395489663,SUFFISANT
SC_QR02_C04_QS02_QI01_QO03,Segment_Pollution_base,250,0.277777778,15,10,50,0.111351095,0.177489564,SUFFISANT
SC_QR02_C04_QS02_QI01_QO04,Segment_Pollution_base,250,0.277777778,15,10,100,0.136809736,0.096281871,SUFFISANT
SC_QR02_C04_QS02_QI01_QO05,Segment_Pollution_base,250,0.277777778,15,10,150,0.127960086,0.11078658,SUFFISANT
SC_QR02_C04_QS02_QI01_QO06,Segment_Pollution_base,250,0.277777778,15,10,200,0.104468189,0.101387374,SUFFISANT
SC_QR02_C04_QS02_QI01_QO07,Segment_Pollution_base,250,0.277777778,15,10,400,0.042706285,0.049277041,SUFFISANT
SC_QR02_C04_QS02_QI02_QO01,Segment_Pollution_base,250,0.277777778,15,25,10,0.27283138,0.137420043,SUFFISANT
SC_QR02_C04_QS02_QI02_QO02,Segment_Pollution_base,250,0.277777778,15,25,25,0.323738575,0.226283714,SUFFISANT
SC_QR02_C04_QS02_QI02_QO03,Segment_Pollution_base,250,0.277777778,15,25,50,0.267749608,0.25882268,SUFFISANT
SC_QR02_C04_QS02_QI02_QO04,Segment_Pollution_base,250,0.277777778,15,25,100,0.118711635,0.155775413,SUFFISANT
SC_QR02_C04_QS02_QI02_QO05,Segment_Pollution_base,250,0.277777778,15,25,150,0.051913738,0.078044608,SUFFISANT
SC_QR02_C04_QS02_QI02_QO06,Segment_Pollution_base,250,0.277777778,15,25,200,0.025012398,0.040374015,SUFFISANT
SC_QR02_C04_QS02_QI02_QO07,Segment_Pollution_base,250,0.277777778,15,25,400,0.034772955,0.024578433,SUFFISANT
SC_QR02_C04_QS02_QI03_QO01,Segment_Pollution_base,250,0.277777778,15,50,10,0.167621672,0.266675591,SUFFISANT
SC_QR02_C04_QS02_QI03_QO02,Segment_Pollution_base,250,0.277777778,15,50,25,0.083758138,0.156867877,SUFFISANT
SC_QR02_C04_QS02_QI03_QO03,Segment_Pollution_base,250,0.277777778,15,50,50,0.062781937,0.061266366,SUFFISANT
SC_QR02_C04_QS02_QI03_QO04,Segment_Pollution_base,250,0.277777778,15,50,100,0.109248661,0.064776756,SUFFISANT
SC_QR02_C04_QS02_QI03_QO05,Segment_Pollution_base,250,0.277777778,15,50,150,0.120138898,0.089954622,SUFFISANT
SC_QR02_C04_QS02_QI03_QO06,Segment_Pollution_base,250,0.277777778,15,50,200,0.111650027,0.096688427,SUFFISANT
SC_QR02_C04_QS02_QI03_QO07,Segment_Pollution_base,250,0.277777778,15,50,400,0.057875201,0.064582258,SUFFISANT
SC_QR02_C04_QS03_QI01_QO01,Segment_Pollution_base,250,0.277777778,30,10,10,0.278542191,0.141662434,SUFFISANT
SC_QR02_C04_QS03_QI01_QO02,Segment_Pollution_base,250,0.277777778,30,10,25,0.327203333,0.230908409,SUFFISANT
SC_QR02_C04_QS03_QI01_QO03,Segment_Pollution_base,250,0.277777778,30,10,50,0.267166764,0.260672867,SUFFISANT
SC_QR02_C04_QS03_QI01_QO04,Segment_Pollution_base,250,0.277777778,30,10,100,0.116400473,0.154091328,SUFFISANT
SC_QR02_C04_QS03_QI01_QO05,Segment_Pollution_base,250,0.277777778,30,10,150,0.050300725,0.076260589,SUFFISANT
SC_QR02_C04_QS03_QI01_QO06,Segment_Pollution_base,250,0.277777778,30,10,200,0.024019886,0.039090082,SUFFISANT
SC_QR02_C04_QS03_QI01_QO07,Segment_Pollution_base,250,0.277777778,30,10,400,0.035721954,0.025406344,SUFFISANT
SC_QR02_C04_QS03_QI02_QO01,Segment_Pollution_base,250,0.277777778,30,25,10,0.34319821,0.376745492,SUFFISANT
SC_QR02_C04_QS03_QI02_QO02,Segment_Pollution_base,250,0.277777778,30,25,25,0.214303523,0.290066302,SUFFISANT
SC_QR02_C04_QS03_QI02_QO03,Segment_Pollution_base,250,0.277777778,30,25,50,0.090539053,0.152570352,SUFFISANT
SC_QR02_C04_QS03_QI02_QO04,Segment_Pollution_base,250,0.277777778,30,25,100,0.053279132,0.038074069,SUFFISANT
SC_QR02_C04_QS03_QI02_QO05,Segment_Pollution_base,250,0.277777778,30,25,150,0.076832816,0.046006411,SUFFISANT
SC_QR02_C04_QS03_QI02_QO06,Segment_Pollution_base,250,0.277777778,30,25,200,0.085720234,0.060848143,SUFFISANT
SC_QR02_C04_QS03_QI02_QO07,Segment_Pollution_base,250,0.277777778,30,25,400,0.066098183,0.063543387,SUFFISANT
SC_QR02_C04_QS03_QI03_QO01,Segment_Pollution_base,250,0.277777778,30,50,10,0.094799243,0.069880575,SUFFISANT
SC_QR02_C04_QS03_QI03_QO02,Segment_Pollution_base,250,0.277777778,30,50,25,0.129717216,0.059927225,SUFFISANT
SC_QR02_C04_QS03_QI03_QO03,Segment_Pollution_base,250,0.277777778,30,50,50,0.165647373,0.100087427,SUFFISANT
SC_QR02_C04_QS03_QI03_QO04,Segment_Pollution_base,250,0.277777778,30,50,100,0.166878015,0.139595047,SUFFISANT
SC_QR02_C04_QS03_QI03_QO05,Segment_Pollution_base,250,0.277777778,30,50,150,0.132791296,0.133302823,SUFFISANT
SC_QR02_C04_QS03_QI03_QO06,Segment_Pollution_base,250,0.277777778,30,50,200,0.098840199,0.111054495,SUFFISANT
SC_QR02_C04_QS03_QI03_QO07,Segment_Pollution_base,250,0.277777778,30,50,400,0.030976037,0.042313471,SUFFISANT
SC_QR02_C05_QS01_QI01_QO01,Segment_Pollution_base,300,0.277777778,7.5,10,10,0.50442034,0.676755071,INSUFFISANT
SC_QR02_C05_QS01_QI01_QO02,Segment_Pollution_base,300,0.277777778,7.5,10,25,0.379235655,0.234544367,SUFFISANT
SC_QR02_C05_QS01_QI01_QO03,Segment_Pollution_base,300,0.277777778,7.5,10,50,0.344006956,0.318485111,SUFFISANT
SC_QR02_C05_QS01_QI01_QO04,Segment_Pollution_base,300,0.277777778,7.5,10,100,0.143509954,0.179023966,SUFFISANT
SC_QR02_C05_QS01_QI01_QO05,Segment_Pollution_base,300,0.277777778,7.5,10,150,0.062452335,0.086686559,SUFFISANT
SC_QR02_C05_QS01_QI01_QO06,Segment_Pollution_base,300,0.277777778,7.5,10,200,0.05771051,0.045532584,SUFFISANT
SC_QR02_C05_QS01_QI01_QO07,Segment_Pollution_base,300,0.277777778,7.5,10,400,0.054770205,0.047739323,SUFFISANT
SC_QR02_C05_QS01_QI02_QO01,Segment_Pollution_base,300,0.277777778,7.5,25,10,0.338025808,0.499110043,SUFFISANT
SC_QR02_C05_QS01_QI02_QO02,Segment_Pollution_base,300,0.277777778,7.5,25,25,0.190599993,0.215831876,SUFFISANT
SC_QR02_C05_QS01_QI02_QO03,Segment_Pollution_base,300,0.277777778,7.5,25,50,0.272227675,0.183696225,SUFFISANT
SC_QR02_C05_QS01_QI02_QO04,Segment_Pollution_base,300,0.277777778,7.5,25,100,0.216731131,0.212481305,SUFFISANT
SC_QR02_C05_QS01_QI02_QO05,Segment_Pollution_base,300,0.277777778,7.5,25,150,0.134028286,0.155254304,SUFFISANT
SC_QR02_C05_QS01_QI02_QO06,Segment_Pollution_base,300,0.277777778,7.5,25,200,0.082558103,0.1045615,SUFFISANT
SC_QR02_C05_QS01_QI02_QO07,Segment_Pollution_base,300,0.277777778,7.5,25,400,0.017947102,0.025702987,SUFFISANT
SC_QR02_C05_QS01_QI03_QO01,Segment_Pollution_base,300,0.277777778,7.5,50,10,0.368753701,0.437198013,SUFFISANT
SC_QR02_C05_QS01_QI03_QO02,Segment_Pollution_base,300,0.277777778,7.5,50,25,0.220383808,0.317658573,SUFFISANT
SC_QR02_C05_QS01_QI03_QO03,Segment_Pollution_base,300,0.277777778,7.5,50,50,0.089177869,0.158017784,SUFFISANT
SC_QR02_C05_QS01_QI03_QO04,Segment_Pollution_base,300,0.277777778,7.5,50,100,0.074536815,0.03719971,SUFFISANT
SC_QR02_C05_QS01_QI03_QO05,Segment_Pollution_base,300,0.277777778,7.5,50,150,0.101772837,0.063569941,SUFFISANT
SC_QR02_C05_QS01_QI03_QO06,Segment_Pollution_base,300,0.277777778,7.5,50,200,0.109659739,0.080735222,SUFFISANT
SC_QR02_C05_QS01_QI03_QO07,Segment_Pollution_base,300,0.277777778,7.5,50,400,0.078814708,0.077728808,SUFFISANT
SC_QR02_C05_QS02_QI01_QO01,Segment_Pollution_base,300,0.277777778,15,10,10,0.650345922,0.534692347,INSUFFISANT
SC_QR02_C05_QS02_QI01_QO02,Segment_Pollution_base,300,0.277777778,15,10,25,0.400176764,0.47458759,SUFFISANT
SC_QR02_C05_QS02_QI01_QO03,Segment_Pollution_base,300,0.277777778,15,10,50,0.133621335,0.212987468,SUFFISANT
SC_QR02_C05_QS02_QI01_QO04,Segment_Pollution_base,300,0.277777778,15,10,100,0.164171696,0.115538239,SUFFISANT
SC_QR02_C05_QS02_QI01_QO05,Segment_Pollution_base,300,0.277777778,15,10,150,0.1535521,0.132943898,SUFFISANT
SC_QR02_C05_QS02_QI01_QO06,Segment_Pollution_base,300,0.277777778,15,10,200,0.12536183,0.121664844,SUFFISANT
SC_QR02_C05_QS02_QI01_QO07,Segment_Pollution_base,300,0.277777778,15,10,400,0.051247545,0.059132449,SUFFISANT
SC_QR02_C05_QS02_QI02_QO01,Segment_Pollution_base,300,0.277777778,15,25,10,0.327397645,0.164904043,SUFFISANT
SC_QR02_C05_QS02_QI02_QO02,Segment_Pollution_base,300,0.277777778,15,25,25,0.388486296,0.271540463,SUFFISANT
SC_QR02_C05_QS02_QI02_QO03,Segment_Pollution_base,300,0.277777778,15,25,50,0.321299553,0.310587198,SUFFISANT
SC_QR02_C05_QS02_QI02_QO04,Segment_Pollution_base,300,0.277777778,15,25,100,0.142453954,0.186930507,SUFFISANT
SC_QR02_C05_QS02_QI02_QO05,Segment_Pollution_base,300,0.277777778,15,25,150,0.062296484,0.093653537,SUFFISANT
SC_QR02_C05_QS02_QI02_QO06,Segment_Pollution_base,300,0.277777778,15,25,200,0.030014878,0.048448816,SUFFISANT
SC_QR02_C05_QS02_QI02_QO07,Segment_Pollution_base,300,0.277777778,15,25,400,0.041727547,0.029494122,SUFFISANT
SC_QR02_C05_QS02_QI03_QO01,Segment_Pollution_base,300,0.277777778,15,50,10,0.201145992,0.320010722,SUFFISANT
SC_QR02_C05_QS02_QI03_QO02,Segment_Pollution_base,300,0.277777778,15,50,25,0.100509763,0.188241452,SUFFISANT
SC_QR02_C05_QS02_QI03_QO03,Segment_Pollution_base,300,0.277777778,15,50,50,0.075338319,0.07351964,SUFFISANT
SC_QR02_C05_QS02_QI03_QO04,Segment_Pollution_base,300,0.277777778,15,50,100,0.13109839,0.077732109,SUFFISANT
SC_QR02_C05_QS02_QI03_QO05,Segment_Pollution_base,300,0.277777778,15,50,150,0.144166678,0.107945539,SUFFISANT
SC_QR02_C05_QS02_QI03_QO06,Segment_Pollution_base,300,0.277777778,15,50,200,0.133980036,0.116026111,SUFFISANT
SC_QR02_C05_QS02_QI03_QO07,Segment_Pollution_base,300,0.277777778,15,50,400,0.069450244,0.077498712,SUFFISANT
SC_QR02_C05_QS03_QI01_QO01,Segment_Pollution_base,300,0.277777778,30,10,10,0.334250599,0.16999492,SUFFISANT
SC_QR02_C05_QS03_QI01_QO02,Segment_Pollution_base,300,0.277777778,30,10,25,0.392644018,0.277090102,SUFFISANT
SC_QR02_C05_QS03_QI01_QO03,Segment_Pollution_base,300,0.277777778,30,10,50,0.320600122,0.312807471,SUFFISANT
SC_QR02_C05_QS03_QI01_QO04,Segment_Pollution_base,300,0.277777778,30,10,100,0.139680579,0.184909582,SUFFISANT
SC_QR02_C05_QS03_QI01_QO05,Segment_Pollution_base,300,0.277777778,30,10,150,0.060360868,0.09151271,SUFFISANT
SC_QR02_C05_QS03_QI01_QO06,Segment_Pollution_base,300,0.277777778,30,10,200,0.028823864,0.046908103,SUFFISANT
SC_QR02_C05_QS03_QI01_QO07,Segment_Pollution_base,300,0.277777778,30,10,400,0.042866345,0.030487612,SUFFISANT
SC_QR02_C05_QS03_QI02_QO01,Segment_Pollution_base,300,0.277777778,30,25,10,0.411837846,0.452094615,SUFFISANT
SC_QR02_C05_QS03_QI02_QO02,Segment_Pollution_base,300,0.277777778,30,25,25,0.25716424,0.348079562,SUFFISANT
SC_QR02_C05_QS03_QI02_QO03,Segment_Pollution_base,300,0.277777778,30,25,50,0.10864687,0.183084413,SUFFISANT
SC_QR02_C05_QS03_QI02_QO04,Segment_Pollution_base,300,0.277777778,30,25,100,0.063934959,0.045688882,SUFFISANT
SC_QR02_C05_QS03_QI02_QO05,Segment_Pollution_base,300,0.277777778,30,25,150,0.092199378,0.055207696,SUFFISANT
SC_QR02_C05_QS03_QI02_QO06,Segment_Pollution_base,300,0.277777778,30,25,200,0.10286428,0.073017769,SUFFISANT
SC_QR02_C05_QS03_QI02_QO07,Segment_Pollution_base,300,0.277777778,30,25,400,0.079317816,0.076252066,SUFFISANT
SC_QR02_C05_QS03_QI03_QO01,Segment_Pollution_base,300,0.277777778,30,50,10,0.113759093,0.083856694,SUFFISANT
SC_QR02_C05_QS03_QI03_QO02,Segment_Pollution_base,300,0.277777778,30,50,25,0.155660659,0.071912676,SUFFISANT
SC_QR02_C05_QS03_QI03_QO03,Segment_Pollution_base,300,0.277777778,30,50,50,0.198776841,0.120104909,SUFFISANT
SC_QR02_C05_QS03_QI03_QO04,Segment_Pollution_base,300,0.277777778,30,50,100,0.200253591,0.167514056,SUFFISANT
SC_QR02_C05_QS03_QI03_QO05,Segment_Pollution_base,300,0.277777778,30,50,150,0.159349561,0.159963399,SUFFISANT
SC_QR02_C05_QS03_QI03_QO06,Segment_Pollution_base,300,0.277777778,30,50,200,0.118608244,0.133265391,SUFFISANT
SC_QR02_C05_QS03_QI03_QO07,Segment_Pollution_base,300,0.277777778,30,50,400,0.037171241,0.050776165,SUFFISANT
SC_QR03_C01_QS01_QI01_QO01,Segment_Pollution_base,100,0.555555556,7.5,10,10,0.314606369,0.436625481,SUFFISANT
SC_QR03_C01_QS01_QI01_QO02,Segment_Pollution_base,100,0.555555556,7.5,10,25,0.264012396,0.168040574,SUFFISANT
SC_QR03_C01_QS01_QI01_QO03,Segment_Pollution_base,100,0.555555556,7.5,10,50,0.228504613,0.216509059,SUFFISANT
SC_QR03_C01_QS01_QI01_QO04,Segment_Pollution_base,100,0.555555556,7.5,10,100,0.091009505,0.115683042,SUFFISANT
SC_QR03_C01_QS01_QI01_QO05,Segment_Pollution_base,100,0.555555556,7.5,10,150,0.038590666,0.054465391,SUFFISANT
SC_QR03_C01_QS01_QI01_QO06,Segment_Pollution_base,100,0.555555556,7.5,10,200,0.041169811,0.028548159,SUFFISANT
SC_QR03_C01_QS01_QI01_QO07,Segment_Pollution_base,100,0.555555556,7.5,10,400,0.037655324,0.033221927,SUFFISANT
SC_QR03_C01_QS01_QI02_QO01,Segment_Pollution_base,100,0.555555556,7.5,25,10,0.215024605,0.323817372,SUFFISANT
SC_QR03_C01_QS01_QI02_QO02,Segment_Pollution_base,100,0.555555556,7.5,25,25,0.132980645,0.137080684,SUFFISANT
SC_QR03_C01_QS01_QI02_QO03,Segment_Pollution_base,100,0.555555556,7.5,25,50,0.185109407,0.12689364,SUFFISANT
SC_QR03_C01_QS01_QI02_QO04,Segment_Pollution_base,100,0.555555556,7.5,25,100,0.143600255,0.142498672,SUFFISANT
SC_QR03_C01_QS01_QI02_QO05,Segment_Pollution_base,100,0.555555556,7.5,25,150,0.087533258,0.102458179,SUFFISANT
SC_QR03_C01_QS01_QI02_QO06,Segment_Pollution_base,100,0.555555556,7.5,25,200,0.053392939,0.06826473,SUFFISANT
SC_QR03_C01_QS01_QI02_QO07,Segment_Pollution_base,100,0.555555556,7.5,25,400,0.01135435,0.016385123,SUFFISANT
SC_QR03_C01_QS01_QI03_QO01,Segment_Pollution_base,100,0.555555556,7.5,50,10,0.241360769,0.289567709,SUFFISANT
SC_QR03_C01_QS01_QI03_QO02,Segment_Pollution_base,100,0.555555556,7.5,50,25,0.143178463,0.208457232,SUFFISANT
SC_QR03_C01_QS01_QI03_QO03,Segment_Pollution_base,100,0.555555556,7.5,50,50,0.057465784,0.102686793,SUFFISANT
SC_QR03_C01_QS01_QI03_QO04,Segment_Pollution_base,100,0.555555556,7.5,50,100,0.051190358,0.024876712,SUFFISANT
SC_QR03_C01_QS01_QI03_QO05,Segment_Pollution_base,100,0.555555556,7.5,50,150,0.06915427,0.043576602,SUFFISANT
SC_QR03_C01_QS01_QI03_QO06,Segment_Pollution_base,100,0.555555556,7.5,50,200,0.073993832,0.054890025,SUFFISANT
SC_QR03_C01_QS01_QI03_QO07,Segment_Pollution_base,100,0.555555556,7.5,50,400,0.052417122,0.051965244,SUFFISANT
SC_QR03_C01_QS02_QI01_QO01,Segment_Pollution_base,100,0.555555556,15,10,10,0.432834774,0.365207314,SUFFISANT
SC_QR03_C01_QS02_QI01_QO02,Segment_Pollution_base,100,0.555555556,15,10,25,0.258336902,0.312805086,SUFFISANT
SC_QR03_C01_QS02_QI01_QO03,Segment_Pollution_base,100,0.555555556,15,10,50,0.083863527,0.135977119,SUFFISANT
SC_QR03_C01_QS02_QI01_QO04,Segment_Pollution_base,100,0.555555556,15,10,100,0.112712212,0.080530524,SUFFISANT
SC_QR03_C01_QS02_QI01_QO05,Segment_Pollution_base,100,0.555555556,15,10,150,0.103435583,0.090719998,SUFFISANT
SC_QR03_C01_QS02_QI01_QO06,Segment_Pollution_base,100,0.555555556,15,10,200,0.083390638,0.081876747,SUFFISANT
SC_QR03_C01_QS02_QI01_QO07,Segment_Pollution_base,100,0.555555556,15,10,400,0.033178613,0.038630463,SUFFISANT
SC_QR03_C01_QS02_QI02_QO01,Segment_Pollution_base,100,0.555555556,15,25,10,0.224493057,0.115257829,SUFFISANT
SC_QR03_C01_QS02_QI02_QO02,Segment_Pollution_base,100,0.555555556,15,25,25,0.261633933,0.18574059,SUFFISANT
SC_QR03_C01_QS02_QI02_QO03,Segment_Pollution_base,100,0.555555556,15,25,50,0.212666199,0.208118781,SUFFISANT
SC_QR03_C01_QS02_QI02_QO04,Segment_Pollution_base,100,0.555555556,15,25,100,0.092590019,0.122656032,SUFFISANT
SC_QR03_C01_QS02_QI02_QO05,Segment_Pollution_base,100,0.555555556,15,25,150,0.040064905,0.06073264,SUFFISANT
SC_QR03_C01_QS02_QI02_QO06,Segment_Pollution_base,100,0.555555556,15,25,200,0.019160505,0.03116429,SUFFISANT
SC_QR03_C01_QS02_QI02_QO07,Segment_Pollution_base,100,0.555555556,15,25,400,0.028616525,0.020382749,SUFFISANT
SC_QR03_C01_QS02_QI03_QO01,Segment_Pollution_base,100,0.555555556,15,50,10,0.130449086,0.209476486,SUFFISANT
SC_QR03_C01_QS02_QI03_QO02,Segment_Pollution_base,100,0.555555556,15,50,25,0.064878792,0.122482873,SUFFISANT
SC_QR03_C01_QS02_QI03_QO03,Segment_Pollution_base,100,0.555555556,15,50,50,0.051802352,0.047526829,SUFFISANT
SC_QR03_C01_QS02_QI03_QO04,Segment_Pollution_base,100,0.555555556,15,50,100,0.088800117,0.053123139,SUFFISANT
SC_QR03_C01_QS02_QI03_QO05,Segment_Pollution_base,100,0.555555556,15,50,150,0.096839942,0.073031053,SUFFISANT
SC_QR03_C01_QS02_QI03_QO06,Segment_Pollution_base,100,0.555555556,15,50,200,0.089511082,0.077988237,SUFFISANT
SC_QR03_C01_QS02_QI03_QO07,Segment_Pollution_base,100,0.555555556,15,50,400,0.045886923,0.051415864,SUFFISANT
SC_QR03_C01_QS03_QI01_QO01,Segment_Pollution_base,100,0.555555556,30,10,10,0.228967428,0.118680678,SUFFISANT
SC_QR03_C01_QS03_QI01_QO02,Segment_Pollution_base,100,0.555555556,30,10,25,0.26422596,0.189357013,SUFFISANT
SC_QR03_C01_QS03_QI01_QO03,Segment_Pollution_base,100,0.555555556,30,10,50,0.212086946,0.209458679,SUFFISANT
SC_QR03_C01_QS03_QI01_QO04,Segment_Pollution_base,100,0.555555556,30,10,100,0.090765379,0.121283248,SUFFISANT
SC_QR03_C01_QS03_QI01_QO05,Segment_Pollution_base,100,0.555555556,30,10,150,0.038818106,0.059333604,SUFFISANT
SC_QR03_C01_QS03_QI01_QO06,Segment_Pollution_base,100,0.555555556,30,10,200,0.018401802,0.030172143,SUFFISANT
SC_QR03_C01_QS03_QI01_QO07,Segment_Pollution_base,100,0.555555556,30,10,400,0.029366646,0.02104504,SUFFISANT
SC_QR03_C01_QS03_QI02_QO01,Segment_Pollution_base,100,0.555555556,30,25,10,0.270501912,0.300516903,SUFFISANT
SC_QR03_C01_QS03_QI02_QO02,Segment_Pollution_base,100,0.555555556,30,25,25,0.167610049,0.229131237,SUFFISANT
SC_QR03_C01_QS03_QI02_QO03,Segment_Pollution_base,100,0.555555556,30,25,50,0.070239924,0.11932791,SUFFISANT
SC_QR03_C01_QS03_QI02_QO04,Segment_Pollution_base,100,0.555555556,30,25,100,0.043977462,0.029450182,SUFFISANT
SC_QR03_C01_QS03_QI02_QO05,Segment_Pollution_base,100,0.555555556,30,25,150,0.062736981,0.037896149,SUFFISANT
SC_QR03_C01_QS03_QI02_QO06,Segment_Pollution_base,100,0.555555556,30,25,200,0.069503881,0.049707986,SUFFISANT
SC_QR03_C01_QS03_QI02_QO07,Segment_Pollution_base,100,0.555555556,30,25,400,0.052832726,0.051049687,SUFFISANT
SC_QR03_C01_QS03_QI03_QO01,Segment_Pollution_base,100,0.555555556,30,50,10,0.077818982,0.054241315,SUFFISANT
SC_QR03_C01_QS03_QI03_QO02,Segment_Pollution_base,100,0.555555556,30,50,25,0.105699219,0.049366176,SUFFISANT
SC_QR03_C01_QS03_QI03_QO03,Segment_Pollution_base,100,0.555555556,30,50,50,0.133858085,0.081593335,SUFFISANT
SC_QR03_C01_QS03_QI03_QO04,Segment_Pollution_base,100,0.555555556,30,50,100,0.133593559,0.112458058,SUFFISANT
SC_QR03_C01_QS03_QI03_QO05,Segment_Pollution_base,100,0.555555556,30,50,150,0.105756857,0.106691092,SUFFISANT
SC_QR03_C01_QS03_QI03_QO06,Segment_Pollution_base,100,0.555555556,30,50,200,0.078453548,0.088516317,SUFFISANT
SC_QR03_C01_QS03_QI03_QO07,Segment_Pollution_base,100,0.555555556,30,50,400,0.024410458,0.03344404,SUFFISANT
SC_QR03_C02_QS01_QI01_QO01,Segment_Pollution_base,150,0.555555556,7.5,10,10,0.471909553,0.654938221,INSUFFISANT
SC_QR03_C02_QS01_QI01_QO02,Segment_Pollution_base,150,0.555555556,7.5,10,25,0.396018595,0.25206086,SUFFISANT
SC_QR03_C02_QS01_QI01_QO03,Segment_Pollution_base,150,0.555555556,7.5,10,50,0.342756897,0.324763566,SUFFISANT
SC_QR03_C02_QS01_QI01_QO04,Segment_Pollution_base,150,0.555555556,7.5,10,100,0.136514261,0.173524573,SUFFISANT
SC_QR03_C02_QS01_QI01_QO05,Segment_Pollution_base,150,0.555555556,7.5,10,150,0.057886001,0.08169809,SUFFISANT
SC_QR03_C02_QS01_QI01_QO06,Segment_Pollution_base,150,0.555555556,7.5,10,200,0.061754715,0.042822242,SUFFISANT
SC_QR03_C02_QS01_QI01_QO07,Segment_Pollution_base,150,0.555555556,7.5,10,400,0.056482986,0.049832888,SUFFISANT
SC_QR03_C02_QS01_QI02_QO01,Segment_Pollution_base,150,0.555555556,7.5,25,10,0.322536916,0.485726058,SUFFISANT
SC_QR03_C02_QS01_QI02_QO02,Segment_Pollution_base,150,0.555555556,7.5,25,25,0.199470967,0.205621019,SUFFISANT
SC_QR03_C02_QS01_QI02_QO03,Segment_Pollution_base,150,0.555555556,7.5,25,50,0.277664095,0.190340444,SUFFISANT
SC_QR03_C02_QS01_QI02_QO04,Segment_Pollution_base,150,0.555555556,7.5,25,100,0.215400398,0.213748023,SUFFISANT
SC_QR03_C02_QS01_QI02_QO05,Segment_Pollution_base,150,0.555555556,7.5,25,150,0.131299883,0.153687283,SUFFISANT
SC_QR03_C02_QS01_QI02_QO06,Segment_Pollution_base,150,0.555555556,7.5,25,200,0.080089405,0.102397092,SUFFISANT
SC_QR03_C02_QS01_QI02_QO07,Segment_Pollution_base,150,0.555555556,7.5,25,400,0.017031524,0.024577685,SUFFISANT
SC_QR03_C02_QS01_QI03_QO01,Segment_Pollution_base,150,0.555555556,7.5,50,10,0.362041146,0.434351563,SUFFISANT
SC_QR03_C02_QS01_QI03_QO02,Segment_Pollution_base,150,0.555555556,7.5,50,25,0.214767694,0.312685847,SUFFISANT
SC_QR03_C02_QS01_QI03_QO03,Segment_Pollution_base,150,0.555555556,7.5,50,50,0.08619868,0.154030204,SUFFISANT
SC_QR03_C02_QS01_QI03_QO04,Segment_Pollution_base,150,0.555555556,7.5,50,100,0.076785535,0.037315071,SUFFISANT
SC_QR03_C02_QS01_QI03_QO05,Segment_Pollution_base,150,0.555555556,7.5,50,150,0.103731409,0.065364905,SUFFISANT
SC_QR03_C02_QS01_QI03_QO06,Segment_Pollution_base,150,0.555555556,7.5,50,200,0.11099074,0.08233504,SUFFISANT
SC_QR03_C02_QS01_QI03_QO07,Segment_Pollution_base,150,0.555555556,7.5,50,400,0.078625679,0.07794787,SUFFISANT
SC_QR03_C02_QS02_QI01_QO01,Segment_Pollution_base,150,0.555555556,15,10,10,0.649252117,0.547810972,INSUFFISANT
SC_QR03_C02_QS02_QI01_QO02,Segment_Pollution_base,150,0.555555556,15,10,25,0.387505382,0.469207585,SUFFISANT
SC_QR03_C02_QS02_QI01_QO03,Segment_Pollution_base,150,0.555555556,15,10,50,0.125795275,0.203965694,SUFFISANT
SC_QR03_C02_QS02_QI01_QO04,Segment_Pollution_base,150,0.555555556,15,10,100,0.169068307,0.120795794,SUFFISANT
SC_QR03_C02_QS02_QI01_QO05,Segment_Pollution_base,150,0.555555556,15,10,150,0.155153364,0.136079997,SUFFISANT
SC_QR03_C02_QS02_QI01_QO06,Segment_Pollution_base,150,0.555555556,15,10,200,0.125085965,0.122815117,SUFFISANT
SC_QR03_C02_QS02_QI01_QO07,Segment_Pollution_base,150,0.555555556,15,10,400,0.049767923,0.057945695,SUFFISANT
SC_QR03_C02_QS02_QI02_QO01,Segment_Pollution_base,150,0.555555556,15,25,10,0.3367396,0.172886744,SUFFISANT
SC_QR03_C02_QS02_QI02_QO02,Segment_Pollution_base,150,0.555555556,15,25,25,0.392450899,0.278610885,SUFFISANT
SC_QR03_C02_QS02_QI02_QO03,Segment_Pollution_base,150,0.555555556,15,25,50,0.31899929,0.312178165,SUFFISANT
SC_QR03_C02_QS02_QI02_QO04,Segment_Pollution_base,150,0.555555556,15,25,100,0.138885036,0.183984056,SUFFISANT
SC_QR03_C02_QS02_QI02_QO05,Segment_Pollution_base,150,0.555555556,15,25,150,0.060097359,0.091098964,SUFFISANT
SC_QR03_C02_QS02_QI02_QO06,Segment_Pollution_base,150,0.555555556,15,25,200,0.028740756,0.046746437,SUFFISANT
SC_QR03_C02_QS02_QI02_QO07,Segment_Pollution_base,150,0.555555556,15,25,400,0.042924788,0.030574122,SUFFISANT
SC_QR03_C02_QS02_QI03_QO01,Segment_Pollution_base,150,0.555555556,15,50,10,0.19567363,0.314214706,SUFFISANT
SC_QR03_C02_QS02_QI03_QO02,Segment_Pollution_base,150,0.555555556,15,50,25,0.09731818,0.183724299,SUFFISANT
SC_QR03_C02_QS02_QI03_QO03,Segment_Pollution_base,150,0.555555556,15,50,50,0.077703521,0.07129024,SUFFISANT
SC_QR03_C02_QS02_QI03_QO04,Segment_Pollution_base,150,0.555555556,15,50,100,0.133200184,0.079684705,SUFFISANT
SC_QR03_C02_QS02_QI03_QO05,Segment_Pollution_base,150,0.555555556,15,50,150,0.145259917,0.109546572,SUFFISANT
SC_QR03_C02_QS02_QI03_QO06,Segment_Pollution_base,150,0.555555556,15,50,200,0.134266615,0.116982363,SUFFISANT
SC_QR03_C02_QS02_QI03_QO07,Segment_Pollution_base,150,0.555555556,15,50,400,0.068830378,0.077123798,SUFFISANT
SC_QR03_C02_QS03_QI01_QO01,Segment_Pollution_base,150,0.555555556,30,10,10,0.343451113,0.178021029,SUFFISANT
SC_QR03_C02_QS03_QI01_QO02,Segment_Pollution_base,150,0.555555556,30,10,25,0.396338969,0.284035534,SUFFISANT
SC_QR03_C02_QS03_QI01_QO03,Segment_Pollution_base,150,0.555555556,30,10,50,0.318130404,0.314188033,SUFFISANT
SC_QR03_C02_QS03_QI01_QO04,Segment_Pollution_base,150,0.555555556,30,10,100,0.136148065,0.181924865,SUFFISANT
SC_QR03_C02_QS03_QI01_QO05,Segment_Pollution_base,150,0.555555556,30,10,150,0.058227155,0.089000404,SUFFISANT
SC_QR03_C02_QS03_QI01_QO06,Segment_Pollution_base,150,0.555555556,30,10,200,0.027602702,0.045258213,SUFFISANT
SC_QR03_C02_QS03_QI01_QO07,Segment_Pollution_base,150,0.555555556,30,10,400,0.044049971,0.031567562,SUFFISANT
SC_QR03_C02_QS03_QI02_QO01,Segment_Pollution_base,150,0.555555556,30,25,10,0.405752897,0.450775355,SUFFISANT
SC_QR03_C02_QS03_QI02_QO02,Segment_Pollution_base,150,0.555555556,30,25,25,0.251415074,0.343696862,SUFFISANT
SC_QR03_C02_QS03_QI02_QO03,Segment_Pollution_base,150,0.555555556,30,25,50,0.10535989,0.178991869,SUFFISANT
SC_QR03_C02_QS03_QI02_QO04,Segment_Pollution_base,150,0.555555556,30,25,100,0.065966189,0.044175275,SUFFISANT
SC_QR03_C02_QS03_QI02_QO05,Segment_Pollution_base,150,0.555555556,30,25,150,0.094105467,0.056844227,SUFFISANT
SC_QR03_C02_QS03_QI02_QO06,Segment_Pollution_base,150,0.555555556,30,25,200,0.104255825,0.074561983,SUFFISANT
SC_QR03_C02_QS03_QI02_QO07,Segment_Pollution_base,150,0.555555556,30,25,400,0.079249084,0.076574534,SUFFISANT
SC_QR03_C02_QS03_QI03_QO01,Segment_Pollution_base,150,0.555555556,30,50,10,0.11672847,0.081361972,SUFFISANT
SC_QR03_C02_QS03_QI03_QO02,Segment_Pollution_base,150,0.555555556,30,50,25,0.158548832,0.074049264,SUFFISANT
SC_QR03_C02_QS03_QI03_QO03,Segment_Pollution_base,150,0.555555556,30,50,50,0.200787112,0.122389995,SUFFISANT
SC_QR03_C02_QS03_QI03_QO04,Segment_Pollution_base,150,0.555555556,30,50,100,0.200390339,0.168687075,SUFFISANT
SC_QR03_C02_QS03_QI03_QO05,Segment_Pollution_base,150,0.555555556,30,50,150,0.158635288,0.160036638,SUFFISANT
SC_QR03_C02_QS03_QI03_QO06,Segment_Pollution_base,150,0.555555556,30,50,200,0.117680311,0.132774472,SUFFISANT
SC_QR03_C02_QS03_QI03_QO07,Segment_Pollution_base,150,0.555555556,30,50,400,0.036615685,0.050166056,SUFFISANT
SC_QR03_C03_QS01_QI01_QO01,Segment_Pollution_base,200,0.555555556,7.5,10,10,0.629212737,0.873250961,INSUFFISANT
SC_QR03_C03_QS01_QI01_QO02,Segment_Pollution_base,200,0.555555556,7.5,10,25,0.528024793,0.336081147,INSUFFISANT
SC_QR03_C03_QS01_QI01_QO03,Segment_Pollution_base,200,0.555555556,7.5,10,50,0.457009226,0.433018118,SUFFISANT
SC_QR03_C03_QS01_QI01_QO04,Segment_Pollution_base,200,0.555555556,7.5,10,100,0.18201901,0.231366083,SUFFISANT
SC_QR03_C03_QS01_QI01_QO05,Segment_Pollution_base,200,0.555555556,7.5,10,150,0.077181332,0.108930781,SUFFISANT
SC_QR03_C03_QS01_QI01_QO06,Segment_Pollution_base,200,0.555555556,7.5,10,200,0.082339622,0.057096317,SUFFISANT
SC_QR03_C03_QS01_QI01_QO07,Segment_Pollution_base,200,0.555555556,7.5,10,400,0.075310647,0.066443853,SUFFISANT
SC_QR03_C03_QS01_QI02_QO01,Segment_Pollution_base,200,0.555555556,7.5,25,10,0.430049211,0.647634745,INSUFFISANT
SC_QR03_C03_QS01_QI02_QO02,Segment_Pollution_base,200,0.555555556,7.5,25,25,0.265961289,0.274161369,SUFFISANT
SC_QR03_C03_QS01_QI02_QO03,Segment_Pollution_base,200,0.555555556,7.5,25,50,0.370218813,0.253787279,SUFFISANT
SC_QR03_C03_QS01_QI02_QO04,Segment_Pollution_base,200,0.555555556,7.5,25,100,0.287200511,0.284997344,SUFFISANT
SC_QR03_C03_QS01_QI02_QO05,Segment_Pollution_base,200,0.555555556,7.5,25,150,0.175066516,0.204916358,SUFFISANT
SC_QR03_C03_QS01_QI02_QO06,Segment_Pollution_base,200,0.555555556,7.5,25,200,0.106785879,0.136529461,SUFFISANT
SC_QR03_C03_QS01_QI02_QO07,Segment_Pollution_base,200,0.555555556,7.5,25,400,0.022708699,0.032770246,SUFFISANT
SC_QR03_C03_QS01_QI03_QO01,Segment_Pollution_base,200,0.555555556,7.5,50,10,0.482721537,0.579135418,INSUFFISANT
SC_QR03_C03_QS01_QI03_QO02,Segment_Pollution_base,200,0.555555556,7.5,50,25,0.286356926,0.416914463,SUFFISANT
SC_QR03_C03_QS01_QI03_QO03,Segment_Pollution_base,200,0.555555556,7.5,50,50,0.114931569,0.205373585,SUFFISANT
SC_QR03_C03_QS01_QI03_QO04,Segment_Pollution_base,200,0.555555556,7.5,50,100,0.102380715,0.049753424,SUFFISANT
SC_QR03_C03_QS01_QI03_QO05,Segment_Pollution_base,200,0.555555556,7.5,50,150,0.13830854,0.087153204,SUFFISANT
SC_QR03_C03_QS01_QI03_QO06,Segment_Pollution_base,200,0.555555556,7.5,50,200,0.147987664,0.109780051,SUFFISANT
SC_QR03_C03_QS01_QI03_QO07,Segment_Pollution_base,200,0.555555556,7.5,50,400,0.104834244,0.103930488,SUFFISANT
SC_QR03_C03_QS02_QI01_QO01,Segment_Pollution_base,200,0.555555556,15,10,10,0.865669549,0.730414629,INSUFFISANT
SC_QR03_C03_QS02_QI01_QO02,Segment_Pollution_base,200,0.555555556,15,10,25,0.516673803,0.625610173,INSUFFISANT
SC_QR03_C03_QS02_QI01_QO03,Segment_Pollution_base,200,0.555555556,15,10,50,0.167727053,0.271954238,SUFFISANT
SC_QR03_C03_QS02_QI01_QO04,Segment_Pollution_base,200,0.555555556,15,10,100,0.225424424,0.161061049,SUFFISANT
SC_QR03_C03_QS02_QI01_QO05,Segment_Pollution_base,200,0.555555556,15,10,150,0.206871167,0.181439996,SUFFISANT
SC_QR03_C03_QS02_QI01_QO06,Segment_Pollution_base,200,0.555555556,15,10,200,0.166781276,0.163753495,SUFFISANT
SC_QR03_C03_QS02_QI01_QO07,Segment_Pollution_base,200,0.555555556,15,10,400,0.066357225,0.077260926,SUFFISANT
SC_QR03_C03_QS02_QI02_QO01,Segment_Pollution_base,200,0.555555556,15,25,10,0.448986113,0.230515659,SUFFISANT
SC_QR03_C03_QS02_QI02_QO02,Segment_Pollution_base,200,0.555555556,15,25,25,0.523267865,0.37148118,INSUFFISANT
SC_QR03_C03_QS02_QI02_QO03,Segment_Pollution_base,200,0.555555556,15,25,50,0.425332397,0.416237563,SUFFISANT
SC_QR03_C03_QS02_QI02_QO04,Segment_Pollution_base,200,0.555555556,15,25,100,0.185180038,0.245312065,SUFFISANT
SC_QR03_C03_QS02_QI02_QO05,Segment_Pollution_base,200,0.555555556,15,25,150,0.08012981,0.121465281,SUFFISANT
SC_QR03_C03_QS02_QI02_QO06,Segment_Pollution_base,200,0.555555556,15,25,200,0.038321011,0.062328581,SUFFISANT
SC_QR03_C03_QS02_QI02_QO07,Segment_Pollution_base,200,0.555555556,15,25,400,0.05723305,0.040765498,SUFFISANT
SC_QR03_C03_QS02_QI03_QO01,Segment_Pollution_base,200,0.555555556,15,50,10,0.260898173,0.418952972,SUFFISANT
SC_QR03_C03_QS02_QI03_QO02,Segment_Pollution_base,200,0.555555556,15,50,25,0.129757583,0.244965747,SUFFISANT
SC_QR03_C03_QS02_QI03_QO03,Segment_Pollution_base,200,0.555555556,15,50,50,0.103604704,0.095053658,SUFFISANT
SC_QR03_C03_QS02_QI03_QO04,Segment_Pollution_base,200,0.555555556,15,50,100,0.177600235,0.106246278,SUFFISANT
SC_QR03_C03_QS02_QI03_QO05,Segment_Pollution_base,200,0.555555556,15,50,150,0.193679884,0.146062106,SUFFISANT
SC_QR03_C03_QS02_QI03_QO06,Segment_Pollution_base,200,0.555555556,15,50,200,0.179022163,0.155976474,SUFFISANT
SC_QR03_C03_QS02_QI03_QO07,Segment_Pollution_base,200,0.555555556,15,50,400,0.091773845,0.102831729,SUFFISANT
SC_QR03_C03_QS03_QI01_QO01,Segment_Pollution_base,200,0.555555556,30,10,10,0.457934856,0.237361357,SUFFISANT
SC_QR03_C03_QS03_QI01_QO02,Segment_Pollution_base,200,0.555555556,30,10,25,0.52845192,0.378714025,INSUFFISANT
SC_QR03_C03_QS03_QI01_QO03,Segment_Pollution_base,200,0.555555556,30,10,50,0.424173892,0.418917358,SUFFISANT
SC_QR03_C03_QS03_QI01_QO04,Segment_Pollution_base,200,0.555555556,30,10,100,0.181530759,0.242566496,SUFFISANT
SC_QR03_C03_QS03_QI01_QO05,Segment_Pollution_base,200,0.555555556,30,10,150,0.077636212,0.118667208,SUFFISANT
SC_QR03_C03_QS03_QI01_QO06,Segment_Pollution_base,200,0.555555556,30,10,200,0.036803603,0.060344286,SUFFISANT
SC_QR03_C03_QS03_QI01_QO07,Segment_Pollution_base,200,0.555555556,30,10,400,0.058733292,0.042090081,SUFFISANT
SC_QR03_C03_QS03_QI02_QO01,Segment_Pollution_base,200,0.555555556,30,25,10,0.541003823,0.601033807,INSUFFISANT
SC_QR03_C03_QS03_QI02_QO02,Segment_Pollution_base,200,0.555555556,30,25,25,0.335220098,0.458262473,SUFFISANT
SC_QR03_C03_QS03_QI02_QO03,Segment_Pollution_base,200,0.555555556,30,25,50,0.140479848,0.23865582,SUFFISANT
SC_QR03_C03_QS03_QI02_QO04,Segment_Pollution_base,200,0.555555556,30,25,100,0.087954924,0.058900364,SUFFISANT
SC_QR03_C03_QS03_QI02_QO05,Segment_Pollution_base,200,0.555555556,30,25,150,0.125473961,0.075792298,SUFFISANT
SC_QR03_C03_QS03_QI02_QO06,Segment_Pollution_base,200,0.555555556,30,25,200,0.139007762,0.099415973,SUFFISANT
SC_QR03_C03_QS03_QI02_QO07,Segment_Pollution_base,200,0.555555556,30,25,400,0.105665453,0.102099374,SUFFISANT
SC_QR03_C03_QS03_QI03_QO01,Segment_Pollution_base,200,0.555555556,30,50,10,0.155637965,0.108482629,SUFFISANT
SC_QR03_C03_QS03_QI03_QO02,Segment_Pollution_base,200,0.555555556,30,50,25,0.211398438,0.098732352,SUFFISANT
SC_QR03_C03_QS03_QI03_QO03,Segment_Pollution_base,200,0.555555556,30,50,50,0.267716169,0.163186669,SUFFISANT
SC_QR03_C03_QS03_QI03_QO04,Segment_Pollution_base,200,0.555555556,30,50,100,0.267187119,0.224916115,SUFFISANT
SC_QR03_C03_QS03_QI03_QO05,Segment_Pollution_base,200,0.555555556,30,50,150,0.211513713,0.213382185,SUFFISANT
SC_QR03_C03_QS03_QI03_QO06,Segment_Pollution_base,200,0.555555556,30,50,200,0.156907097,0.177032635,SUFFISANT
SC_QR03_C03_QS03_QI03_QO07,Segment_Pollution_base,200,0.555555556,30,50,400,0.048820917,0.066888079,SUFFISANT
SC_QR03_C04_QS01_QI01_QO01,Segment_Pollution_base,250,0.555555556,7.5,10,10,0.786515951,1.091563702,INSUFFISANT
SC_QR03_C04_QS01_QI01_QO02,Segment_Pollution_base,250,0.555555556,7.5,10,25,0.660030961,0.420101434,INSUFFISANT
SC_QR03_C04_QS01_QI01_QO03,Segment_Pollution_base,250,0.555555556,7.5,10,50,0.571261525,0.54127264,INSUFFISANT
SC_QR03_C04_QS01_QI01_QO04,Segment_Pollution_base,250,0.555555556,7.5,10,100,0.227523774,0.289207608,SUFFISANT
SC_QR03_C04_QS01_QI01_QO05,Segment_Pollution_base,250,0.555555556,7.5,10,150,0.096476659,0.136163473,SUFFISANT
SC_QR03_C04_QS01_QI01_QO06,Segment_Pollution_base,250,0.555555556,7.5,10,200,0.102924526,0.0713704,SUFFISANT
SC_QR03_C04_QS01_QI01_QO07,Segment_Pollution_base,250,0.555555556,7.5,10,400,0.094138309,0.083054811,SUFFISANT
SC_QR03_C04_QS01_QI02_QO01,Segment_Pollution_base,250,0.555555556,7.5,25,10,0.537561476,0.809543371,INSUFFISANT
SC_QR03_C04_QS01_QI02_QO02,Segment_Pollution_base,250,0.555555556,7.5,25,25,0.332451582,0.342701703,SUFFISANT
SC_QR03_C04_QS01_QI02_QO03,Segment_Pollution_base,250,0.555555556,7.5,25,50,0.462773502,0.317234099,SUFFISANT
SC_QR03_C04_QS01_QI02_QO04,Segment_Pollution_base,250,0.555555556,7.5,25,100,0.359000683,0.35624668,SUFFISANT
SC_QR03_C04_QS01_QI02_QO05,Segment_Pollution_base,250,0.555555556,7.5,25,150,0.218833163,0.256145447,SUFFISANT
SC_QR03_C04_QS01_QI02_QO06,Segment_Pollution_base,250,0.555555556,7.5,25,200,0.133482337,0.170661822,SUFFISANT
SC_QR03_C04_QS01_QI02_QO07,Segment_Pollution_base,250,0.555555556,7.5,25,400,0.028385874,0.040962808,SUFFISANT
SC_QR03_C04_QS01_QI03_QO01,Segment_Pollution_base,250,0.555555556,7.5,50,10,0.603401899,0.723919272,INSUFFISANT
SC_QR03_C04_QS01_QI03_QO02,Segment_Pollution_base,250,0.555555556,7.5,50,25,0.357946157,0.521143138,INSUFFISANT
SC_QR03_C04_QS01_QI03_QO03,Segment_Pollution_base,250,0.555555556,7.5,50,50,0.143664464,0.256716967,SUFFISANT
SC_QR03_C04_QS01_QI03_QO04,Segment_Pollution_base,250,0.555555556,7.5,50,100,0.127975896,0.062191781,SUFFISANT
SC_QR03_C04_QS01_QI03_QO05,Segment_Pollution_base,250,0.555555556,7.5,50,150,0.172885686,0.108941503,SUFFISANT
SC_QR03_C04_QS01_QI03_QO06,Segment_Pollution_base,250,0.555555556,7.5,50,200,0.184984565,0.137225062,SUFFISANT
SC_QR03_C04_QS01_QI03_QO07,Segment_Pollution_base,250,0.555555556,7.5,50,400,0.131042793,0.129913107,SUFFISANT
SC_QR03_C04_QS02_QI01_QO01,Segment_Pollution_base,250,0.555555556,15,10,10,1.082086921,0.913018286,INSUFFISANT
SC_QR03_C04_QS02_QI01_QO02,Segment_Pollution_base,250,0.555555556,15,10,25,0.645842254,0.782012641,INSUFFISANT
SC_QR03_C04_QS02_QI01_QO03,Segment_Pollution_base,250,0.555555556,15,10,50,0.209658802,0.339942783,SUFFISANT
SC_QR03_C04_QS02_QI01_QO04,Segment_Pollution_base,250,0.555555556,15,10,100,0.281780541,0.201326311,SUFFISANT
SC_QR03_C04_QS02_QI01_QO05,Segment_Pollution_base,250,0.555555556,15,10,150,0.25858894,0.22679998,SUFFISANT
SC_QR03_C04_QS02_QI01_QO06,Segment_Pollution_base,250,0.555555556,15,10,200,0.208476603,0.204691857,SUFFISANT
SC_QR03_C04_QS02_QI01_QO07,Segment_Pollution_base,250,0.555555556,15,10,400,0.082946531,0.096576154,SUFFISANT
SC_QR03_C04_QS02_QI02_QO01,Segment_Pollution_base,250,0.555555556,15,25,10,0.561232686,0.288144588,INSUFFISANT
SC_QR03_C04_QS02_QI02_QO02,Segment_Pollution_base,250,0.555555556,15,25,25,0.654084861,0.464351475,INSUFFISANT
SC_QR03_C04_QS02_QI02_QO03,Segment_Pollution_base,250,0.555555556,15,25,50,0.531665504,0.520296931,INSUFFISANT
SC_QR03_C04_QS02_QI02_QO04,Segment_Pollution_base,250,0.555555556,15,25,100,0.231475055,0.306640059,SUFFISANT
SC_QR03_C04_QS02_QI02_QO05,Segment_Pollution_base,250,0.555555556,15,25,150,0.10016226,0.151831582,SUFFISANT
SC_QR03_C04_QS02_QI02_QO06,Segment_Pollution_base,250,0.555555556,15,25,200,0.047901262,0.077910721,SUFFISANT
SC_QR03_C04_QS02_QI02_QO07,Segment_Pollution_base,250,0.555555556,15,25,400,0.071541309,0.050956868,SUFFISANT
SC_QR03_C04_QS02_QI03_QO01,Segment_Pollution_base,250,0.555555556,15,50,10,0.326122701,0.523691177,INSUFFISANT
SC_QR03_C04_QS02_QI03_QO02,Segment_Pollution_base,250,0.555555556,15,50,25,0.162196964,0.30620718,SUFFISANT
SC_QR03_C04_QS02_QI03_QO03,Segment_Pollution_base,250,0.555555556,15,50,50,0.129505873,0.118817069,SUFFISANT
SC_QR03_C04_QS02_QI03_QO04,Segment_Pollution_base,250,0.555555556,15,50,100,0.222000316,0.132807851,SUFFISANT
SC_QR03_C04_QS02_QI03_QO05,Segment_Pollution_base,250,0.555555556,15,50,150,0.242099851,0.182577625,SUFFISANT
SC_QR03_C04_QS02_QI03_QO06,Segment_Pollution_base,250,0.555555556,15,50,200,0.223777696,0.194970608,SUFFISANT
SC_QR03_C04_QS02_QI03_QO07,Segment_Pollution_base,250,0.555555556,15,50,400,0.114717305,0.128539652,SUFFISANT
SC_QR03_C04_QS03_QI01_QO01,Segment_Pollution_base,250,0.555555556,30,10,10,0.572418511,0.296701699,INSUFFISANT
SC_QR03_C04_QS03_QI01_QO02,Segment_Pollution_base,250,0.555555556,30,10,25,0.660564959,0.473392546,INSUFFISANT
SC_QR03_C04_QS03_QI01_QO03,Segment_Pollution_base,250,0.555555556,30,10,50,0.53021735,0.523646653,INSUFFISANT
SC_QR03_C04_QS03_QI01_QO04,Segment_Pollution_base,250,0.555555556,30,10,100,0.226913452,0.303208113,SUFFISANT
SC_QR03_C04_QS03_QI01_QO05,Segment_Pollution_base,250,0.555555556,30,10,150,0.097045258,0.148334011,SUFFISANT
SC_QR03_C04_QS03_QI01_QO06,Segment_Pollution_base,250,0.555555556,30,10,200,0.046004504,0.075430356,SUFFISANT
SC_QR03_C04_QS03_QI01_QO07,Segment_Pollution_base,250,0.555555556,30,10,400,0.073416613,0.052612603,SUFFISANT
SC_QR03_C04_QS03_QI02_QO01,Segment_Pollution_base,250,0.555555556,30,25,10,0.676254809,0.751292229,INSUFFISANT
SC_QR03_C04_QS03_QI02_QO02,Segment_Pollution_base,250,0.555555556,30,25,25,0.419025123,0.572828114,INSUFFISANT
SC_QR03_C04_QS03_QI02_QO03,Segment_Pollution_base,250,0.555555556,30,25,50,0.175599828,0.298319787,SUFFISANT
SC_QR03_C04_QS03_QI02_QO04,Segment_Pollution_base,250,0.555555556,30,25,100,0.109943658,0.07362546,SUFFISANT
SC_QR03_C04_QS03_QI02_QO05,Segment_Pollution_base,250,0.555555556,30,25,150,0.15684244,0.094740383,SUFFISANT
SC_QR03_C04_QS03_QI02_QO06,Segment_Pollution_base,250,0.555555556,30,25,200,0.173759714,0.12426997,SUFFISANT
SC_QR03_C04_QS03_QI02_QO07,Segment_Pollution_base,250,0.555555556,30,25,400,0.132081807,0.127624214,SUFFISANT
SC_QR03_C04_QS03_QI03_QO01,Segment_Pollution_base,250,0.555555556,30,50,10,0.194547445,0.135603279,SUFFISANT
SC_QR03_C04_QS03_QI03_QO02,Segment_Pollution_base,250,0.555555556,30,50,25,0.264248073,0.12341544,SUFFISANT
SC_QR03_C04_QS03_QI03_QO03,Segment_Pollution_base,250,0.555555556,30,50,50,0.334645182,0.203983337,SUFFISANT
SC_QR03_C04_QS03_QI03_QO04,Segment_Pollution_base,250,0.555555556,30,50,100,0.333983898,0.281145126,SUFFISANT
SC_QR03_C04_QS03_QI03_QO05,Segment_Pollution_base,250,0.555555556,30,50,150,0.264392138,0.266727716,SUFFISANT
SC_QR03_C04_QS03_QI03_QO06,Segment_Pollution_base,250,0.555555556,30,50,200,0.196133852,0.221290782,SUFFISANT
SC_QR03_C04_QS03_QI03_QO07,Segment_Pollution_base,250,0.555555556,30,50,400,0.061026145,0.083610095,SUFFISANT
SC_QR03_C05_QS01_QI01_QO01,Segment_Pollution_base,300,0.555555556,7.5,10,10,0.943819106,1.309876442,INSUFFISANT
SC_QR03_C05_QS01_QI01_QO02,Segment_Pollution_base,300,0.555555556,7.5,10,25,0.792037189,0.504121721,INSUFFISANT
SC_QR03_C05_QS01_QI01_QO03,Segment_Pollution_base,300,0.555555556,7.5,10,50,0.685513794,0.649527133,INSUFFISANT
SC_QR03_C05_QS01_QI01_QO04,Segment_Pollution_base,300,0.555555556,7.5,10,100,0.273028523,0.347049147,SUFFISANT
SC_QR03_C05_QS01_QI01_QO05,Segment_Pollution_base,300,0.555555556,7.5,10,150,0.115772001,0.16339618,SUFFISANT
SC_QR03_C05_QS01_QI01_QO06,Segment_Pollution_base,300,0.555555556,7.5,10,200,0.123509429,0.085644484,SUFFISANT
SC_QR03_C05_QS01_QI01_QO07,Segment_Pollution_base,300,0.555555556,7.5,10,400,0.112965971,0.099665776,SUFFISANT
SC_QR03_C05_QS01_QI02_QO01,Segment_Pollution_base,300,0.555555556,7.5,25,10,0.645073831,0.971452117,INSUFFISANT
SC_QR03_C05_QS01_QI02_QO02,Segment_Pollution_base,300,0.555555556,7.5,25,25,0.398941934,0.411242038,SUFFISANT
SC_QR03_C05_QS01_QI02_QO03,Segment_Pollution_base,300,0.555555556,7.5,25,50,0.55532819,0.380680889,INSUFFISANT
SC_QR03_C05_QS01_QI02_QO04,Segment_Pollution_base,300,0.555555556,7.5,25,100,0.430800796,0.427496046,SUFFISANT
SC_QR03_C05_QS01_QI02_QO05,Segment_Pollution_base,300,0.555555556,7.5,25,150,0.262599766,0.307374567,SUFFISANT
SC_QR03_C05_QS01_QI02_QO06,Segment_Pollution_base,300,0.555555556,7.5,25,200,0.16017881,0.204794183,SUFFISANT
SC_QR03_C05_QS01_QI02_QO07,Segment_Pollution_base,300,0.555555556,7.5,25,400,0.034063049,0.049155369,SUFFISANT
SC_QR03_C05_QS01_QI03_QO01,Segment_Pollution_base,300,0.555555556,7.5,50,10,0.724082291,0.868703127,INSUFFISANT
SC_QR03_C05_QS01_QI03_QO02,Segment_Pollution_base,300,0.555555556,7.5,50,25,0.429535389,0.625371695,INSUFFISANT
SC_QR03_C05_QS01_QI03_QO03,Segment_Pollution_base,300,0.555555556,7.5,50,50,0.17239736,0.308060408,SUFFISANT
SC_QR03_C05_QS01_QI03_QO04,Segment_Pollution_base,300,0.555555556,7.5,50,100,0.153571069,0.074630141,SUFFISANT
SC_QR03_C05_QS01_QI03_QO05,Segment_Pollution_base,300,0.555555556,7.5,50,150,0.207462817,0.130729809,SUFFISANT
SC_QR03_C05_QS01_QI03_QO06,Segment_Pollution_base,300,0.555555556,7.5,50,200,0.221981481,0.16467008,SUFFISANT
SC_QR03_C05_QS01_QI03_QO07,Segment_Pollution_base,300,0.555555556,7.5,50,400,0.157251358,0.15589574,SUFFISANT
SC_QR03_C05_QS02_QI01_QO01,Segment_Pollution_base,300,0.555555556,15,10,10,1.298504233,1.095621943,INSUFFISANT
SC_QR03_C05_QS02_QI01_QO02,Segment_Pollution_base,300,0.555555556,15,10,25,0.775010765,0.93841517,INSUFFISANT
SC_QR03_C05_QS02_QI01_QO03,Segment_Pollution_base,300,0.555555556,15,10,50,0.25159055,0.407931387,SUFFISANT
SC_QR03_C05_QS02_QI01_QO04,Segment_Pollution_base,300,0.555555556,15,10,100,0.338136613,0.241591588,SUFFISANT
SC_QR03_C05_QS02_QI01_QO05,Segment_Pollution_base,300,0.555555556,15,10,150,0.310306728,0.272159994,SUFFISANT
SC_QR03_C05_QS02_QI01_QO06,Segment_Pollution_base,300,0.555555556,15,10,200,0.25017193,0.245630234,SUFFISANT
SC_QR03_C05_QS02_QI01_QO07,Segment_Pollution_base,300,0.555555556,15,10,400,0.099535845,0.11589139,SUFFISANT
SC_QR03_C05_QS02_QI02_QO01,Segment_Pollution_base,300,0.555555556,15,25,10,0.673479199,0.345773488,INSUFFISANT
SC_QR03_C05_QS02_QI02_QO02,Segment_Pollution_base,300,0.555555556,15,25,25,0.784901798,0.55722177,INSUFFISANT
SC_QR03_C05_QS02_QI02_QO03,Segment_Pollution_base,300,0.555555556,15,25,50,0.637998581,0.624356329,INSUFFISANT
SC_QR03_C05_QS02_QI02_QO04,Segment_Pollution_base,300,0.555555556,15,25,100,0.277770072,0.367968112,SUFFISANT
SC_QR03_C05_QS02_QI02_QO05,Segment_Pollution_base,300,0.555555556,15,25,150,0.120194718,0.182197928,SUFFISANT
SC_QR03_C05_QS02_QI02_QO06,Segment_Pollution_base,300,0.555555556,15,25,200,0.057481512,0.093492873,SUFFISANT
SC_QR03_C05_QS02_QI02_QO07,Segment_Pollution_base,300,0.555555556,15,25,400,0.085849576,0.061148245,SUFFISANT
SC_QR03_C05_QS02_QI03_QO01,Segment_Pollution_base,300,0.555555556,15,50,10,0.391347259,0.628429413,INSUFFISANT
SC_QR03_C05_QS02_QI03_QO02,Segment_Pollution_base,300,0.555555556,15,50,25,0.19463636,0.367448598,SUFFISANT
SC_QR03_C05_QS02_QI03_QO03,Segment_Pollution_base,300,0.555555556,15,50,50,0.155407041,0.142580479,SUFFISANT
SC_QR03_C05_QS02_QI03_QO04,Segment_Pollution_base,300,0.555555556,15,50,100,0.266400367,0.159369409,SUFFISANT
SC_QR03_C05_QS02_QI03_QO05,Segment_Pollution_base,300,0.555555556,15,50,150,0.290519834,0.219093144,SUFFISANT
SC_QR03_C05_QS02_QI03_QO06,Segment_Pollution_base,300,0.555555556,15,50,200,0.26853323,0.233964726,SUFFISANT
SC_QR03_C05_QS02_QI03_QO07,Segment_Pollution_base,300,0.555555556,15,50,400,0.137660757,0.154247597,SUFFISANT
SC_QR03_C05_QS03_QI01_QO01,Segment_Pollution_base,300,0.555555556,30,10,10,0.686902225,0.356042057,INSUFFISANT
SC_QR03_C05_QS03_QI01_QO02,Segment_Pollution_base,300,0.555555556,30,10,25,0.792677939,0.568071067,INSUFFISANT
SC_QR03_C05_QS03_QI01_QO03,Segment_Pollution_base,300,0.555555556,30,10,50,0.636260808,0.628376067,INSUFFISANT
SC_QR03_C05_QS03_QI01_QO04,Segment_Pollution_base,300,0.555555556,30,10,100,0.272296131,0.363849729,SUFFISANT
SC_QR03_C05_QS03_QI01_QO05,Segment_Pollution_base,300,0.555555556,30,10,150,0.116454311,0.178000808,SUFFISANT
SC_QR03_C05_QS03_QI01_QO06,Segment_Pollution_base,300,0.555555556,30,10,200,0.055205405,0.090516426,SUFFISANT
SC_QR03_C05_QS03_QI01_QO07,Segment_Pollution_base,300,0.555555556,30,10,400,0.088099942,0.063135125,SUFFISANT
SC_QR03_C05_QS03_QI02_QO01,Segment_Pollution_base,300,0.555555556,30,25,10,0.811505795,0.90155071,INSUFFISANT
SC_QR03_C05_QS03_QI02_QO02,Segment_Pollution_base,300,0.555555556,30,25,25,0.502830148,0.687393725,INSUFFISANT
SC_QR03_C05_QS03_QI02_QO03,Segment_Pollution_base,300,0.555555556,30,25,50,0.210719779,0.357983738,SUFFISANT
SC_QR03_C05_QS03_QI02_QO04,Segment_Pollution_base,300,0.555555556,30,25,100,0.131932378,0.088350549,SUFFISANT
SC_QR03_C05_QS03_QI02_QO05,Segment_Pollution_base,300,0.555555556,30,25,150,0.188210934,0.113688454,SUFFISANT
SC_QR03_C05_QS03_QI02_QO06,Segment_Pollution_base,300,0.555555556,30,25,200,0.208511651,0.149123967,SUFFISANT
SC_QR03_C05_QS03_QI02_QO07,Segment_Pollution_base,300,0.555555556,30,25,400,0.158498168,0.153149068,SUFFISANT
SC_QR03_C05_QS03_QI03_QO01,Segment_Pollution_base,300,0.555555556,30,50,10,0.233456939,0.162723944,SUFFISANT
SC_QR03_C05_QS03_QI03_QO02,Segment_Pollution_base,300,0.555555556,30,50,25,0.317097664,0.148098528,SUFFISANT
SC_QR03_C05_QS03_QI03_QO03,Segment_Pollution_base,300,0.555555556,30,50,50,0.401574224,0.244779989,SUFFISANT
SC_QR03_C05_QS03_QI03_QO04,Segment_Pollution_base,300,0.555555556,30,50,100,0.400780678,0.337374151,SUFFISANT
SC_QR03_C05_QS03_QI03_QO05,Segment_Pollution_base,300,0.555555556,30,50,150,0.317270577,0.320073277,SUFFISANT
SC_QR03_C05_QS03_QI03_QO06,Segment_Pollution_base,300,0.555555556,30,50,200,0.235360622,0.265548944,SUFFISANT
SC_QR03_C05_QS03_QI03_QO07,Segment_Pollution_base,300,0.555555556,30,50,400,0.073231369,0.100332111,SUFFISANT
SC_QR04_C01_QS01_QI01_QO01,Segment_Pollution_base,100,1.111111111,7.5,10,10,0.545113981,0.808700621,INSUFFISANT
SC_QR04_C01_QS01_QI01_QO02,Segment_Pollution_base,100,1.111111111,7.5,10,25,0.568580866,0.382277966,INSUFFISANT
SC_QR04_C01_QS01_QI01_QO03,Segment_Pollution_base,100,1.111111111,7.5,10,50,0.449834824,0.445847601,SUFFISANT
SC_QR04_C01_QS01_QI01_QO04,Segment_Pollution_base,100,1.111111111,7.5,10,100,0.163614556,0.215861797,SUFFISANT
SC_QR04_C01_QS01_QI01_QO05,Segment_Pollution_base,100,1.111111111,7.5,10,150,0.081384957,0.096132964,SUFFISANT
SC_QR04_C01_QS01_QI01_QO06,Segment_Pollution_base,100,1.111111111,7.5,10,200,0.093028881,0.066438563,SUFFISANT
SC_QR04_C01_QS01_QI01_QO07,Segment_Pollution_base,100,1.111111111,7.5,10,400,0.079298481,0.071611263,SUFFISANT
SC_QR04_C01_QS01_QI02_QO01,Segment_Pollution_base,100,1.111111111,7.5,25,10,0.390458912,0.611709893,INSUFFISANT
SC_QR04_C01_QS01_QI02_QO02,Segment_Pollution_base,100,1.111111111,7.5,25,25,0.289129019,0.248219401,SUFFISANT
SC_QR04_C01_QS01_QI02_QO03,Segment_Pollution_base,100,1.111111111,7.5,25,50,0.383734018,0.270921022,SUFFISANT
SC_QR04_C01_QS01_QI02_QO04,Segment_Pollution_base,100,1.111111111,7.5,25,100,0.283303767,0.287816763,SUFFISANT
SC_QR04_C01_QS01_QI02_QO05,Segment_Pollution_base,100,1.111111111,7.5,25,150,0.167855546,0.200587988,SUFFISANT
SC_QR04_C01_QS01_QI02_QO06,Segment_Pollution_base,100,1.111111111,7.5,25,200,0.100390732,0.130821407,SUFFISANT
SC_QR04_C01_QS01_QI02_QO07,Segment_Pollution_base,100,1.111111111,7.5,25,400,0.021866996,0.02991138,SUFFISANT
SC_QR04_C01_QS01_QI03_QO01,Segment_Pollution_base,100,1.111111111,7.5,50,10,0.465436459,0.571643353,INSUFFISANT
SC_QR04_C01_QS01_QI03_QO02,Segment_Pollution_base,100,1.111111111,7.5,50,25,0.271959394,0.404152572,SUFFISANT
SC_QR04_C01_QS01_QI03_QO03,Segment_Pollution_base,100,1.111111111,7.5,50,50,0.107263714,0.195143625,SUFFISANT
SC_QR04_C01_QS01_QI03_QO04,Segment_Pollution_base,100,1.111111111,7.5,50,100,0.108028911,0.053432867,SUFFISANT
SC_QR04_C01_QS01_QI03_QO05,Segment_Pollution_base,100,1.111111111,7.5,50,150,0.143284515,0.091661975,SUFFISANT
SC_QR04_C01_QS01_QI03_QO06,Segment_Pollution_base,100,1.111111111,7.5,50,200,0.151420251,0.113843046,SUFFISANT
SC_QR04_C01_QS01_QI03_QO07,Segment_Pollution_base,100,1.111111111,7.5,50,400,0.104413353,0.104551844,SUFFISANT
SC_QR04_C01_QS02_QI01_QO01,Segment_Pollution_base,100,1.111111111,15,10,10,0.857792377,0.760945737,INSUFFISANT
SC_QR04_C01_QS02_QI01_QO02,Segment_Pollution_base,100,1.111111111,15,10,25,0.482649833,0.608901203,INSUFFISANT
SC_QR04_C01_QS02_QI01_QO03,Segment_Pollution_base,100,1.111111111,15,10,50,0.157473341,0.248602524,SUFFISANT
SC_QR04_C01_QS02_QI01_QO04,Segment_Pollution_base,100,1.111111111,15,10,100,0.237726137,0.174748734,SUFFISANT
SC_QR04_C01_QS02_QI01_QO05,Segment_Pollution_base,100,1.111111111,15,10,150,0.210393921,0.189171329,SUFFISANT
SC_QR04_C01_QS02_QI01_QO06,Segment_Pollution_base,100,1.111111111,15,10,200,0.165537089,0.166245237,SUFFISANT
SC_QR04_C01_QS02_QI01_QO07,Segment_Pollution_base,100,1.111111111,15,10,400,0.062426619,0.074005678,SUFFISANT
SC_QR04_C01_QS02_QI02_QO01,Segment_Pollution_base,100,1.111111111,15,25,10,0.472807705,0.251424938,SUFFISANT
SC_QR04_C01_QS02_QI02_QO02,Segment_Pollution_base,100,1.111111111,15,25,25,0.532912016,0.389528781,INSUFFISANT
SC_QR04_C01_QS02_QI02_QO03,Segment_Pollution_base,100,1.111111111,15,25,50,0.419071704,0.42000252,SUFFISANT
SC_QR04_C01_QS02_QI02_QO04,Segment_Pollution_base,100,1.111111111,15,25,100,0.175959125,0.237628341,SUFFISANT
SC_QR04_C01_QS02_QI02_QO05,Segment_Pollution_base,100,1.111111111,15,25,150,0.074484788,0.114877932,SUFFISANT
SC_QR04_C01_QS02_QI02_QO06,Segment_Pollution_base,100,1.111111111,15,25,200,0.035514757,0.057955626,SUFFISANT
SC_QR04_C01_QS02_QI02_QO07,Segment_Pollution_base,100,1.111111111,15,25,400,0.060319863,0.043553784,SUFFISANT
SC_QR04_C01_QS02_QI03_QO01,Segment_Pollution_base,100,1.111111111,15,50,10,0.246827394,0.404126555,SUFFISANT
SC_QR04_C01_QS02_QI03_QO02,Segment_Pollution_base,100,1.111111111,15,50,25,0.121483654,0.233352572,SUFFISANT
SC_QR04_C01_QS02_QI03_QO03,Segment_Pollution_base,100,1.111111111,15,50,50,0.109469108,0.089240126,SUFFISANT
SC_QR04_C01_QS02_QI03_QO04,Segment_Pollution_base,100,1.111111111,15,50,100,0.182932839,0.111100599,SUFFISANT
SC_QR04_C01_QS02_QI03_QO05,Segment_Pollution_base,100,1.111111111,15,50,150,0.196574792,0.150142387,SUFFISANT
SC_QR04_C01_QS02_QI03_QO06,Segment_Pollution_base,100,1.111111111,15,50,200,0.179902405,0.158503979,SUFFISANT
SC_QR04_C01_QS02_QI03_QO07,Segment_Pollution_base,100,1.111111111,15,50,400,0.090256512,0.10196887,SUFFISANT
SC_QR04_C01_QS03_QI01_QO01,Segment_Pollution_base,100,1.111111111,30,10,10,0.481370956,0.258358508,SUFFISANT
SC_QR04_C01_QS03_QI01_QO02,Segment_Pollution_base,100,1.111111111,30,10,25,0.537415564,0.39642939,INSUFFISANT
SC_QR04_C01_QS03_QI01_QO03,Segment_Pollution_base,100,1.111111111,30,10,50,0.417503238,0.422159135,SUFFISANT
SC_QR04_C01_QS03_QI01_QO04,Segment_Pollution_base,100,1.111111111,30,10,100,0.172407568,0.234796107,SUFFISANT
SC_QR04_C01_QS03_QI01_QO05,Segment_Pollution_base,100,1.111111111,30,10,150,0.072155774,0.11218895,SUFFISANT
SC_QR04_C01_QS03_QI01_QO06,Segment_Pollution_base,100,1.111111111,30,10,200,0.036950547,0.056103244,SUFFISANT
SC_QR04_C01_QS03_QI01_QO07,Segment_Pollution_base,100,1.111111111,30,10,400,0.06178429,0.044876345,SUFFISANT
SC_QR04_C01_QS03_QI02_QO01,Segment_Pollution_base,100,1.111111111,30,25,10,0.525284231,0.59746182,INSUFFISANT
SC_QR04_C01_QS03_QI02_QO02,Segment_Pollution_base,100,1.111111111,30,25,25,0.320448458,0.447008193,SUFFISANT
SC_QR04_C01_QS03_QI02_QO03,Segment_Pollution_base,100,1.111111111,30,25,50,0.131987229,0.228138342,SUFFISANT
SC_QR04_C01_QS03_QI02_QO04,Segment_Pollution_base,100,1.111111111,30,25,100,0.093052335,0.054950826,SUFFISANT
SC_QR04_C01_QS03_QI02_QO05,Segment_Pollution_base,100,1.111111111,30,25,150,0.130316734,0.07989841,SUFFISANT
SC_QR04_C01_QS03_QI02_QO06,Segment_Pollution_base,100,1.111111111,30,25,200,0.142598823,0.103336625,SUFFISANT
SC_QR04_C01_QS03_QI02_QO07,Segment_Pollution_base,100,1.111111111,30,25,400,0.105562359,0.102992952,SUFFISANT
SC_QR04_C01_QS03_QI03_QO01,Segment_Pollution_base,100,1.111111111,30,50,10,0.162930369,0.101940297,SUFFISANT
SC_QR04_C01_QS03_QI03_QO02,Segment_Pollution_base,100,1.111111111,30,50,25,0.218565494,0.103916913,SUFFISANT
SC_QR04_C01_QS03_QI03_QO03,Segment_Pollution_base,100,1.111111111,30,50,50,0.272869945,0.168824717,SUFFISANT
SC_QR04_C01_QS03_QI03_QO04,Segment_Pollution_base,100,1.111111111,30,50,100,0.267806411,0.228026643,SUFFISANT
SC_QR04_C01_QS03_QI03_QO05,Segment_Pollution_base,100,1.111111111,30,50,150,0.209934145,0.213808045,SUFFISANT
SC_QR04_C01_QS03_QI03_QO06,Segment_Pollution_base,100,1.111111111,30,50,200,0.154694512,0.175996244,SUFFISANT
SC_QR04_C01_QS03_QI03_QO07,Segment_Pollution_base,100,1.111111111,30,50,400,0.047391661,0.065357603,SUFFISANT
SC_QR04_C02_QS01_QI01_QO01,Segment_Pollution_base,150,1.111111111,7.5,10,10,0.817671001,1.213050842,INSUFFISANT
SC_QR04_C02_QS01_QI01_QO02,Segment_Pollution_base,150,1.111111111,7.5,10,25,0.852871239,0.573417008,INSUFFISANT
SC_QR04_C02_QS01_QI01_QO03,Segment_Pollution_base,150,1.111111111,7.5,10,50,0.674752235,0.668771386,INSUFFISANT
SC_QR04_C02_QS01_QI01_QO04,Segment_Pollution_base,150,1.111111111,7.5,10,100,0.245421827,0.323792696,SUFFISANT
SC_QR04_C02_QS01_QI01_QO05,Segment_Pollution_base,150,1.111111111,7.5,10,150,0.122077443,0.144199446,SUFFISANT
SC_QR04_C02_QS01_QI01_QO06,Segment_Pollution_base,150,1.111111111,7.5,10,200,0.13954331,0.099657841,SUFFISANT
SC_QR04_C02_QS01_QI01_QO07,Segment_Pollution_base,150,1.111111111,7.5,10,400,0.118947722,0.107416891,SUFFISANT
SC_QR04_C02_QS01_QI02_QO01,Segment_Pollution_base,150,1.111111111,7.5,25,10,0.585688412,0.917564869,INSUFFISANT
SC_QR04_C02_QS01_QI02_QO02,Segment_Pollution_base,150,1.111111111,7.5,25,25,0.433693498,0.372329086,SUFFISANT
SC_QR04_C02_QS01_QI02_QO03,Segment_Pollution_base,150,1.111111111,7.5,25,50,0.575600982,0.406381577,INSUFFISANT
SC_QR04_C02_QS01_QI02_QO04,Segment_Pollution_base,150,1.111111111,7.5,25,100,0.424955666,0.431725144,SUFFISANT
SC_QR04_C02_QS01_QI02_QO05,Segment_Pollution_base,150,1.111111111,7.5,25,150,0.251783311,0.300881982,SUFFISANT
SC_QR04_C02_QS01_QI02_QO06,Segment_Pollution_base,150,1.111111111,7.5,25,200,0.150586098,0.196232125,SUFFISANT
SC_QR04_C02_QS01_QI02_QO07,Segment_Pollution_base,150,1.111111111,7.5,25,400,0.032800496,0.044867072,SUFFISANT
SC_QR04_C02_QS01_QI03_QO01,Segment_Pollution_base,150,1.111111111,7.5,50,10,0.698154747,0.857464969,INSUFFISANT
SC_QR04_C02_QS01_QI03_QO02,Segment_Pollution_base,150,1.111111111,7.5,50,25,0.407939106,0.606228828,INSUFFISANT
SC_QR04_C02_QS01_QI03_QO03,Segment_Pollution_base,150,1.111111111,7.5,50,50,0.160895571,0.29271546,SUFFISANT
SC_QR04_C02_QS01_QI03_QO04,Segment_Pollution_base,150,1.111111111,7.5,50,100,0.162043363,0.0801493,SUFFISANT
SC_QR04_C02_QS01_QI03_QO05,Segment_Pollution_base,150,1.111111111,7.5,50,150,0.214926764,0.13749297,SUFFISANT
SC_QR04_C02_QS01_QI03_QO06,Segment_Pollution_base,150,1.111111111,7.5,50,200,0.227130368,0.170764565,SUFFISANT
SC_QR04_C02_QS01_QI03_QO07,Segment_Pollution_base,150,1.111111111,7.5,50,400,0.156620026,0.156827763,SUFFISANT
SC_QR04_C02_QS02_QI01_QO01,Segment_Pollution_base,150,1.111111111,15,10,10,1.286688685,1.141418457,INSUFFISANT
SC_QR04_C02_QS02_QI01_QO02,Segment_Pollution_base,150,1.111111111,15,10,25,0.723974705,0.913351834,INSUFFISANT
SC_QR04_C02_QS02_QI01_QO03,Segment_Pollution_base,150,1.111111111,15,10,50,0.236210003,0.372903794,SUFFISANT
SC_QR04_C02_QS02_QI01_QO04,Segment_Pollution_base,150,1.111111111,15,10,100,0.356589198,0.262123078,SUFFISANT
SC_QR04_C02_QS02_QI01_QO05,Segment_Pollution_base,150,1.111111111,15,10,150,0.315590858,0.283757001,SUFFISANT
SC_QR04_C02_QS02_QI01_QO06,Segment_Pollution_base,150,1.111111111,15,10,200,0.248305634,0.249367863,SUFFISANT
SC_QR04_C02_QS02_QI01_QO07,Segment_Pollution_base,150,1.111111111,15,10,400,0.093639933,0.111008525,SUFFISANT
SC_QR04_C02_QS02_QI02_QO01,Segment_Pollution_base,150,1.111111111,15,25,10,0.709211528,0.377137423,INSUFFISANT
SC_QR04_C02_QS02_QI02_QO02,Segment_Pollution_base,150,1.111111111,15,25,25,0.799368024,0.584293187,INSUFFISANT
SC_QR04_C02_QS02_QI02_QO03,Segment_Pollution_base,150,1.111111111,15,25,50,0.628607512,0.63000381,INSUFFISANT
SC_QR04_C02_QS02_QI02_QO04,Segment_Pollution_base,150,1.111111111,15,25,100,0.263938695,0.356442511,SUFFISANT
SC_QR04_C02_QS02_QI02_QO05,Segment_Pollution_base,150,1.111111111,15,25,150,0.111727178,0.172316894,SUFFISANT
SC_QR04_C02_QS02_QI02_QO06,Segment_Pollution_base,150,1.111111111,15,25,200,0.053272136,0.086933441,SUFFISANT
SC_QR04_C02_QS02_QI02_QO07,Segment_Pollution_base,150,1.111111111,15,25,400,0.090479791,0.065330677,SUFFISANT
SC_QR04_C02_QS02_QI03_QO01,Segment_Pollution_base,150,1.111111111,15,50,10,0.370241106,0.606189847,INSUFFISANT
SC_QR04_C02_QS02_QI03_QO02,Segment_Pollution_base,150,1.111111111,15,50,25,0.182225466,0.350028872,SUFFISANT
SC_QR04_C02_QS02_QI03_QO03,Segment_Pollution_base,150,1.111111111,15,50,50,0.164203674,0.133860201,SUFFISANT
SC_QR04_C02_QS02_QI03_QO04,Segment_Pollution_base,150,1.111111111,15,50,100,0.274399251,0.166650891,SUFFISANT
SC_QR04_C02_QS02_QI03_QO05,Segment_Pollution_base,150,1.111111111,15,50,150,0.294862181,0.225213587,SUFFISANT
SC_QR04_C02_QS02_QI03_QO06,Segment_Pollution_base,150,1.111111111,15,50,200,0.269853622,0.237755984,SUFFISANT
SC_QR04_C02_QS02_QI03_QO07,Segment_Pollution_base,150,1.111111111,15,50,400,0.135384783,0.152953297,SUFFISANT
SC_QR04_C02_QS03_QI01_QO01,Segment_Pollution_base,150,1.111111111,30,10,10,0.722056448,0.387537748,INSUFFISANT
SC_QR04_C02_QS03_QI01_QO02,Segment_Pollution_base,150,1.111111111,30,10,25,0.806123257,0.594644129,INSUFFISANT
SC_QR04_C02_QS03_QI01_QO03,Segment_Pollution_base,150,1.111111111,30,10,50,0.626254797,0.633238673,INSUFFISANT
SC_QR04_C02_QS03_QI01_QO04,Segment_Pollution_base,150,1.111111111,30,10,100,0.258611351,0.35219416,SUFFISANT
SC_QR04_C02_QS03_QI01_QO05,Segment_Pollution_base,150,1.111111111,30,10,150,0.10823366,0.168283448,SUFFISANT
SC_QR04_C02_QS03_QI01_QO06,Segment_Pollution_base,150,1.111111111,30,10,200,0.055425819,0.084154867,SUFFISANT
SC_QR04_C02_QS03_QI01_QO07,Segment_Pollution_base,150,1.111111111,30,10,400,0.092676431,0.067314513,SUFFISANT
SC_QR04_C02_QS03_QI02_QO01,Segment_Pollution_base,150,1.111111111,30,25,10,0.787926316,0.896192729,INSUFFISANT
SC_QR04_C02_QS03_QI02_QO02,Segment_Pollution_base,150,1.111111111,30,25,25,0.480672687,0.670512259,INSUFFISANT
SC_QR04_C02_QS03_QI02_QO03,Segment_Pollution_base,150,1.111111111,30,25,50,0.197980836,0.342207521,SUFFISANT
SC_QR04_C02_QS03_QI02_QO04,Segment_Pollution_base,150,1.111111111,30,25,100,0.139578506,0.082426243,SUFFISANT
SC_QR04_C02_QS03_QI02_QO05,Segment_Pollution_base,150,1.111111111,30,25,150,0.195475087,0.119847611,SUFFISANT
SC_QR04_C02_QS03_QI02_QO06,Segment_Pollution_base,150,1.111111111,30,25,200,0.213898227,0.155004948,SUFFISANT
SC_QR04_C02_QS03_QI02_QO07,Segment_Pollution_base,150,1.111111111,30,25,400,0.158343539,0.154489428,SUFFISANT
SC_QR04_C02_QS03_QI03_QO01,Segment_Pollution_base,150,1.111111111,30,50,10,0.244395554,0.152910441,SUFFISANT
SC_QR04_C02_QS03_QI03_QO02,Segment_Pollution_base,150,1.111111111,30,50,25,0.327848256,0.15587537,SUFFISANT
SC_QR04_C02_QS03_QI03_QO03,Segment_Pollution_base,150,1.111111111,30,50,50,0.409304947,0.253237098,SUFFISANT
SC_QR04_C02_QS03_QI03_QO04,Segment_Pollution_base,150,1.111111111,30,50,100,0.401709616,0.342039943,SUFFISANT
SC_QR04_C02_QS03_QI03_QO05,Segment_Pollution_base,150,1.111111111,30,50,150,0.314901233,0.32071206,SUFFISANT
SC_QR04_C02_QS03_QI03_QO06,Segment_Pollution_base,150,1.111111111,30,50,200,0.232041761,0.263994396,SUFFISANT
SC_QR04_C02_QS03_QI03_QO07,Segment_Pollution_base,150,1.111111111,30,50,400,0.071087487,0.098036416,SUFFISANT
SC_QR04_C03_QS01_QI01_QO01,Segment_Pollution_base,200,1.111111111,7.5,10,10,1.090227962,1.617401242,INSUFFISANT
SC_QR04_C03_QS01_QI01_QO02,Segment_Pollution_base,200,1.111111111,7.5,10,25,1.137161732,0.764555931,INSUFFISANT
SC_QR04_C03_QS01_QI01_QO03,Segment_Pollution_base,200,1.111111111,7.5,10,50,0.899669647,0.891695201,INSUFFISANT
SC_QR04_C03_QS01_QI01_QO04,Segment_Pollution_base,200,1.111111111,7.5,10,100,0.327229112,0.431723595,SUFFISANT
SC_QR04_C03_QS01_QI01_QO05,Segment_Pollution_base,200,1.111111111,7.5,10,150,0.162769914,0.192265928,SUFFISANT
SC_QR04_C03_QS01_QI01_QO06,Segment_Pollution_base,200,1.111111111,7.5,10,200,0.186057761,0.132877126,SUFFISANT
SC_QR04_C03_QS01_QI01_QO07,Segment_Pollution_base,200,1.111111111,7.5,10,400,0.158596963,0.143222526,SUFFISANT
SC_QR04_C03_QS01_QI02_QO01,Segment_Pollution_base,200,1.111111111,7.5,25,10,0.780917823,1.223419785,INSUFFISANT
SC_QR04_C03_QS01_QI02_QO02,Segment_Pollution_base,200,1.111111111,7.5,25,25,0.578258038,0.496438801,INSUFFISANT
SC_QR04_C03_QS01_QI02_QO03,Segment_Pollution_base,200,1.111111111,7.5,25,50,0.767468035,0.541842043,INSUFFISANT
SC_QR04_C03_QS01_QI02_QO04,Segment_Pollution_base,200,1.111111111,7.5,25,100,0.566607535,0.575633526,INSUFFISANT
SC_QR04_C03_QS01_QI02_QO05,Segment_Pollution_base,200,1.111111111,7.5,25,150,0.335711092,0.401175976,SUFFISANT
SC_QR04_C03_QS01_QI02_QO06,Segment_Pollution_base,200,1.111111111,7.5,25,200,0.200781465,0.261642814,SUFFISANT
SC_QR04_C03_QS01_QI02_QO07,Segment_Pollution_base,200,1.111111111,7.5,25,400,0.043733992,0.059822761,SUFFISANT
SC_QR04_C03_QS01_QI03_QO01,Segment_Pollution_base,200,1.111111111,7.5,50,10,0.930872917,1.143286705,INSUFFISANT
SC_QR04_C03_QS01_QI03_QO02,Segment_Pollution_base,200,1.111111111,7.5,50,25,0.543918788,0.808305144,INSUFFISANT
SC_QR04_C03_QS01_QI03_QO03,Segment_Pollution_base,200,1.111111111,7.5,50,50,0.214527428,0.39028725,SUFFISANT
SC_QR04_C03_QS01_QI03_QO04,Segment_Pollution_base,200,1.111111111,7.5,50,100,0.216057822,0.106865734,SUFFISANT
SC_QR04_C03_QS01_QI03_QO05,Segment_Pollution_base,200,1.111111111,7.5,50,150,0.286569029,0.18332395,SUFFISANT
SC_QR04_C03_QS01_QI03_QO06,Segment_Pollution_base,200,1.111111111,7.5,50,200,0.302840501,0.227686092,SUFFISANT
SC_QR04_C03_QS01_QI03_QO07,Segment_Pollution_base,200,1.111111111,7.5,50,400,0.208826706,0.209103689,SUFFISANT
SC_QR04_C03_QS02_QI01_QO01,Segment_Pollution_base,200,1.111111111,15,10,10,1.715584755,1.521891475,INSUFFISANT
SC_QR04_C03_QS02_QI01_QO02,Segment_Pollution_base,200,1.111111111,15,10,25,0.965299666,1.217802405,INSUFFISANT
SC_QR04_C03_QS02_QI01_QO03,Segment_Pollution_base,200,1.111111111,15,10,50,0.314946681,0.497205049,SUFFISANT
SC_QR04_C03_QS02_QI01_QO04,Segment_Pollution_base,200,1.111111111,15,10,100,0.475452274,0.349497467,SUFFISANT
SC_QR04_C03_QS02_QI01_QO05,Segment_Pollution_base,200,1.111111111,15,10,150,0.420787841,0.378342658,SUFFISANT
SC_QR04_C03_QS02_QI01_QO06,Segment_Pollution_base,200,1.111111111,15,10,200,0.331074178,0.332490474,SUFFISANT
SC_QR04_C03_QS02_QI01_QO07,Segment_Pollution_base,200,1.111111111,15,10,400,0.124853238,0.148011357,SUFFISANT
SC_QR04_C03_QS02_QI02_QO01,Segment_Pollution_base,200,1.111111111,15,25,10,0.945615411,0.502849877,INSUFFISANT
SC_QR04_C03_QS02_QI02_QO02,Segment_Pollution_base,200,1.111111111,15,25,25,1.065824032,0.779057562,INSUFFISANT
SC_QR04_C03_QS02_QI02_QO03,Segment_Pollution_base,200,1.111111111,15,25,50,0.838143408,0.84000504,INSUFFISANT
SC_QR04_C03_QS02_QI02_QO04,Segment_Pollution_base,200,1.111111111,15,25,100,0.35191825,0.475256681,SUFFISANT
SC_QR04_C03_QS02_QI02_QO05,Segment_Pollution_base,200,1.111111111,15,25,150,0.148969576,0.229755864,SUFFISANT
SC_QR04_C03_QS02_QI02_QO06,Segment_Pollution_base,200,1.111111111,15,25,200,0.071029514,0.115911253,SUFFISANT
SC_QR04_C03_QS02_QI02_QO07,Segment_Pollution_base,200,1.111111111,15,25,400,0.120639727,0.087107569,SUFFISANT
SC_QR04_C03_QS02_QI03_QO01,Segment_Pollution_base,200,1.111111111,15,50,10,0.493654788,0.808253109,INSUFFISANT
SC_QR04_C03_QS02_QI03_QO02,Segment_Pollution_base,200,1.111111111,15,50,25,0.242967308,0.466705143,SUFFISANT
SC_QR04_C03_QS02_QI03_QO03,Segment_Pollution_base,200,1.111111111,15,50,50,0.218938217,0.178480253,SUFFISANT
SC_QR04_C03_QS02_QI03_QO04,Segment_Pollution_base,200,1.111111111,15,50,100,0.365865678,0.222201198,SUFFISANT
SC_QR04_C03_QS02_QI03_QO05,Segment_Pollution_base,200,1.111111111,15,50,150,0.393149585,0.300284773,SUFFISANT
SC_QR04_C03_QS02_QI03_QO06,Segment_Pollution_base,200,1.111111111,15,50,200,0.359804809,0.317007959,SUFFISANT
SC_QR04_C03_QS02_QI03_QO07,Segment_Pollution_base,200,1.111111111,15,50,400,0.180513024,0.203937739,SUFFISANT
SC_QR04_C03_QS03_QI01_QO01,Segment_Pollution_base,200,1.111111111,30,10,10,0.962741911,0.516717017,INSUFFISANT
SC_QR04_C03_QS03_QI01_QO02,Segment_Pollution_base,200,1.111111111,30,10,25,1.074831128,0.792858779,INSUFFISANT
SC_QR04_C03_QS03_QI01_QO03,Segment_Pollution_base,200,1.111111111,30,10,50,0.835006475,0.844318271,INSUFFISANT
SC_QR04_C03_QS03_QI01_QO04,Segment_Pollution_base,200,1.111111111,30,10,100,0.344815135,0.469592214,SUFFISANT
SC_QR04_C03_QS03_QI01_QO05,Segment_Pollution_base,200,1.111111111,30,10,150,0.144311547,0.2243779,SUFFISANT
SC_QR04_C03_QS03_QI01_QO06,Segment_Pollution_base,200,1.111111111,30,10,200,0.073901094,0.112206489,SUFFISANT
SC_QR04_C03_QS03_QI01_QO07,Segment_Pollution_base,200,1.111111111,30,10,400,0.12356858,0.089752689,SUFFISANT
SC_QR04_C03_QS03_QI02_QO01,Segment_Pollution_base,200,1.111111111,30,25,10,1.050568461,1.194923639,INSUFFISANT
SC_QR04_C03_QS03_QI02_QO02,Segment_Pollution_base,200,1.111111111,30,25,25,0.640896916,0.894016385,INSUFFISANT
SC_QR04_C03_QS03_QI02_QO03,Segment_Pollution_base,200,1.111111111,30,25,50,0.263974458,0.456276685,SUFFISANT
SC_QR04_C03_QS03_QI02_QO04,Segment_Pollution_base,200,1.111111111,30,25,100,0.18610467,0.109901652,SUFFISANT
SC_QR04_C03_QS03_QI02_QO05,Segment_Pollution_base,200,1.111111111,30,25,150,0.260633469,0.159796819,SUFFISANT
SC_QR04_C03_QS03_QI02_QO06,Segment_Pollution_base,200,1.111111111,30,25,200,0.285197645,0.20667325,SUFFISANT
SC_QR04_C03_QS03_QI02_QO07,Segment_Pollution_base,200,1.111111111,30,25,400,0.211124718,0.205985904,SUFFISANT
SC_QR04_C03_QS03_QI03_QO01,Segment_Pollution_base,200,1.111111111,30,50,10,0.325860739,0.203880593,SUFFISANT
SC_QR04_C03_QS03_QI03_QO02,Segment_Pollution_base,200,1.111111111,30,50,25,0.437130988,0.207833827,SUFFISANT
SC_QR04_C03_QS03_QI03_QO03,Segment_Pollution_base,200,1.111111111,30,50,50,0.545739889,0.337649435,INSUFFISANT
SC_QR04_C03_QS03_QI03_QO04,Segment_Pollution_base,200,1.111111111,30,50,100,0.535612822,0.456053287,INSUFFISANT
SC_QR04_C03_QS03_QI03_QO05,Segment_Pollution_base,200,1.111111111,30,50,150,0.41986829,0.42761609,SUFFISANT
SC_QR04_C03_QS03_QI03_QO06,Segment_Pollution_base,200,1.111111111,30,50,200,0.309389025,0.351992488,SUFFISANT
SC_QR04_C03_QS03_QI03_QO07,Segment_Pollution_base,200,1.111111111,30,50,400,0.094783321,0.130715206,SUFFISANT
SC_QR04_C04_QS01_QI01_QO01,Segment_Pollution_base,250,1.111111111,7.5,10,10,1.362785101,2.021751404,INSUFFISANT
SC_QR04_C04_QS01_QI01_QO02,Segment_Pollution_base,250,1.111111111,7.5,10,25,1.421452045,0.955694973,INSUFFISANT
SC_QR04_C04_QS01_QI01_QO03,Segment_Pollution_base,250,1.111111111,7.5,10,50,1.124587059,1.114618897,INSUFFISANT
SC_QR04_C04_QS01_QI01_QO04,Segment_Pollution_base,250,1.111111111,7.5,10,100,0.409036398,0.539654493,INSUFFISANT
SC_QR04_C04_QS01_QI01_QO05,Segment_Pollution_base,250,1.111111111,7.5,10,150,0.203462392,0.240332395,SUFFISANT
SC_QR04_C04_QS01_QI01_QO06,Segment_Pollution_base,250,1.111111111,7.5,10,200,0.232572198,0.166096389,SUFFISANT
SC_QR04_C04_QS01_QI01_QO07,Segment_Pollution_base,250,1.111111111,7.5,10,400,0.198246211,0.179028153,SUFFISANT
SC_QR04_C04_QS01_QI02_QO01,Segment_Pollution_base,250,1.111111111,7.5,25,10,0.976147354,1.529274702,INSUFFISANT
SC_QR04_C04_QS01_QI02_QO02,Segment_Pollution_base,250,1.111111111,7.5,25,25,0.722822487,0.620548487,INSUFFISANT
SC_QR04_C04_QS01_QI02_QO03,Segment_Pollution_base,250,1.111111111,7.5,25,50,0.959335029,0.677302659,INSUFFISANT
SC_QR04_C04_QS01_QI02_QO04,Segment_Pollution_base,250,1.111111111,7.5,25,100,0.708259404,0.719541907,INSUFFISANT
SC_QR04_C04_QS01_QI02_QO05,Segment_Pollution_base,250,1.111111111,7.5,25,150,0.419638872,0.50146997,INSUFFISANT
SC_QR04_C04_QS01_QI02_QO06,Segment_Pollution_base,250,1.111111111,7.5,25,200,0.250976861,0.327053547,SUFFISANT
SC_QR04_C04_QS01_QI02_QO07,Segment_Pollution_base,250,1.111111111,7.5,25,400,0.054667488,0.074778453,SUFFISANT
SC_QR04_C04_QS01_QI03_QO01,Segment_Pollution_base,250,1.111111111,7.5,50,10,1.163591266,1.429108381,INSUFFISANT
SC_QR04_C04_QS01_QI03_QO02,Segment_Pollution_base,250,1.111111111,7.5,50,25,0.6798985,1.01038146,INSUFFISANT
SC_QR04_C04_QS01_QI03_QO03,Segment_Pollution_base,250,1.111111111,7.5,50,50,0.26815927,0.48785907,SUFFISANT
SC_QR04_C04_QS01_QI03_QO04,Segment_Pollution_base,250,1.111111111,7.5,50,100,0.270072281,0.133582175,SUFFISANT
SC_QR04_C04_QS01_QI03_QO05,Segment_Pollution_base,250,1.111111111,7.5,50,150,0.358211249,0.229154944,SUFFISANT
SC_QR04_C04_QS01_QI03_QO06,Segment_Pollution_base,250,1.111111111,7.5,50,200,0.378550649,0.284607619,SUFFISANT
SC_QR04_C04_QS01_QI03_QO07,Segment_Pollution_base,250,1.111111111,7.5,50,400,0.261033386,0.2613796,SUFFISANT
SC_QR04_C04_QS02_QI01_QO01,Segment_Pollution_base,250,1.111111111,15,10,10,2.144480944,1.902364254,INSUFFISANT
SC_QR04_C04_QS02_QI01_QO02,Segment_Pollution_base,250,1.111111111,15,10,25,1.206624627,1.522253036,INSUFFISANT
SC_QR04_C04_QS02_QI01_QO03,Segment_Pollution_base,250,1.111111111,15,10,50,0.393683344,0.621506333,INSUFFISANT
SC_QR04_C04_QS02_QI01_QO04,Segment_Pollution_base,250,1.111111111,15,10,100,0.59431535,0.436871797,INSUFFISANT
SC_QR04_C04_QS02_QI01_QO05,Segment_Pollution_base,250,1.111111111,15,10,150,0.525984764,0.472928315,INSUFFISANT
SC_QR04_C04_QS02_QI01_QO06,Segment_Pollution_base,250,1.111111111,15,10,200,0.413842708,0.415613085,SUFFISANT
SC_QR04_C04_QS02_QI01_QO07,Segment_Pollution_base,250,1.111111111,15,10,400,0.156066552,0.185014218,SUFFISANT
SC_QR04_C04_QS02_QI02_QO01,Segment_Pollution_base,250,1.111111111,15,25,10,1.182019114,0.628562391,INSUFFISANT
SC_QR04_C04_QS02_QI02_QO02,Segment_Pollution_base,250,1.111111111,15,25,25,1.33228004,0.973821938,INSUFFISANT
SC_QR04_C04_QS02_QI02_QO03,Segment_Pollution_base,250,1.111111111,15,25,50,1.047679186,1.05000627,INSUFFISANT
SC_QR04_C04_QS02_QI02_QO04,Segment_Pollution_base,250,1.111111111,15,25,100,0.439897805,0.594070852,INSUFFISANT
SC_QR04_C04_QS02_QI02_QO05,Segment_Pollution_base,250,1.111111111,15,25,150,0.186211959,0.287194848,SUFFISANT
SC_QR04_C04_QS02_QI02_QO06,Segment_Pollution_base,250,1.111111111,15,25,200,0.088786893,0.144889057,SUFFISANT
SC_QR04_C04_QS02_QI02_QO07,Segment_Pollution_base,250,1.111111111,15,25,400,0.150799662,0.108884461,SUFFISANT
SC_QR04_C04_QS02_QI03_QO01,Segment_Pollution_base,250,1.111111111,15,50,10,0.617068529,1.010316372,INSUFFISANT
SC_QR04_C04_QS02_QI03_QO02,Segment_Pollution_base,250,1.111111111,15,50,25,0.30370912,0.583381414,INSUFFISANT
SC_QR04_C04_QS02_QI03_QO03,Segment_Pollution_base,250,1.111111111,15,50,50,0.273672789,0.22310032,SUFFISANT
SC_QR04_C04_QS02_QI03_QO04,Segment_Pollution_base,250,1.111111111,15,50,100,0.457332075,0.277751476,SUFFISANT
SC_QR04_C04_QS02_QI03_QO05,Segment_Pollution_base,250,1.111111111,15,50,150,0.491436988,0.375355989,SUFFISANT
SC_QR04_C04_QS02_QI03_QO06,Segment_Pollution_base,250,1.111111111,15,50,200,0.449756026,0.396259964,SUFFISANT
SC_QR04_C04_QS02_QI03_QO07,Segment_Pollution_base,250,1.111111111,15,50,400,0.225641295,0.254922152,SUFFISANT
SC_QR04_C04_QS03_QI01_QO01,Segment_Pollution_base,250,1.111111111,30,10,10,1.203427434,0.645896256,INSUFFISANT
SC_QR04_C04_QS03_QI01_QO02,Segment_Pollution_base,250,1.111111111,30,10,25,1.34353888,0.991073489,INSUFFISANT
SC_QR04_C04_QS03_QI01_QO03,Segment_Pollution_base,250,1.111111111,30,10,50,1.043758035,1.055397749,INSUFFISANT
SC_QR04_C04_QS03_QI01_QO04,Segment_Pollution_base,250,1.111111111,30,10,100,0.431018919,0.586990237,INSUFFISANT
SC_QR04_C04_QS03_QI01_QO05,Segment_Pollution_base,250,1.111111111,30,10,150,0.180389419,0.280472398,SUFFISANT
SC_QR04_C04_QS03_QI01_QO06,Segment_Pollution_base,250,1.111111111,30,10,200,0.092376366,0.140258119,SUFFISANT
SC_QR04_C04_QS03_QI01_QO07,Segment_Pollution_base,250,1.111111111,30,10,400,0.154460728,0.112190858,SUFFISANT
SC_QR04_C04_QS03_QI02_QO01,Segment_Pollution_base,250,1.111111111,30,25,10,1.313210487,1.49365449,INSUFFISANT
SC_QR04_C04_QS03_QI02_QO02,Segment_Pollution_base,250,1.111111111,30,25,25,0.801121116,1.117520452,INSUFFISANT
SC_QR04_C04_QS03_QI02_QO03,Segment_Pollution_base,250,1.111111111,30,25,50,0.329968065,0.570345819,INSUFFISANT
SC_QR04_C04_QS03_QI02_QO04,Segment_Pollution_base,250,1.111111111,30,25,100,0.232630849,0.137377068,SUFFISANT
SC_QR04_C04_QS03_QI02_QO05,Segment_Pollution_base,250,1.111111111,30,25,150,0.325791806,0.199746013,SUFFISANT
SC_QR04_C04_QS03_QI02_QO06,Segment_Pollution_base,250,1.111111111,30,25,200,0.356497049,0.258341581,SUFFISANT
SC_QR04_C04_QS03_QI02_QO07,Segment_Pollution_base,250,1.111111111,30,25,400,0.263905913,0.25748238,SUFFISANT
SC_QR04_C04_QS03_QI03_QO01,Segment_Pollution_base,250,1.111111111,30,50,10,0.407325953,0.254850745,SUFFISANT
SC_QR04_C04_QS03_QI03_QO02,Segment_Pollution_base,250,1.111111111,30,50,25,0.54641372,0.259792298,INSUFFISANT
SC_QR04_C04_QS03_QI03_QO03,Segment_Pollution_base,250,1.111111111,30,50,50,0.682174921,0.422061831,INSUFFISANT
SC_QR04_C04_QS03_QI03_QO04,Segment_Pollution_base,250,1.111111111,30,50,100,0.669515967,0.570066631,INSUFFISANT
SC_QR04_C04_QS03_QI03_QO05,Segment_Pollution_base,250,1.111111111,30,50,150,0.524835348,0.53452009,INSUFFISANT
SC_QR04_C04_QS03_QI03_QO06,Segment_Pollution_base,250,1.111111111,30,50,200,0.386736274,0.43999061,SUFFISANT
SC_QR04_C04_QS03_QI03_QO07,Segment_Pollution_base,250,1.111111111,30,50,400,0.118479155,0.163394019,SUFFISANT
SC_QR04_C05_QS01_QI01_QO01,Segment_Pollution_base,300,1.111111111,7.5,10,10,1.635342002,2.426101685,INSUFFISANT
SC_QR04_C05_QS01_QI01_QO02,Segment_Pollution_base,300,1.111111111,7.5,10,25,1.705742478,1.146834016,INSUFFISANT
SC_QR04_C05_QS01_QI01_QO03,Segment_Pollution_base,300,1.111111111,7.5,10,50,1.349504471,1.337542772,INSUFFISANT
SC_QR04_C05_QS01_QI01_QO04,Segment_Pollution_base,300,1.111111111,7.5,10,100,0.490843654,0.647585392,INSUFFISANT
SC_QR04_C05_QS01_QI01_QO05,Segment_Pollution_base,300,1.111111111,7.5,10,150,0.244154885,0.288398892,SUFFISANT
SC_QR04_C05_QS01_QI01_QO06,Segment_Pollution_base,300,1.111111111,7.5,10,200,0.27908662,0.199315682,SUFFISANT
SC_QR04_C05_QS01_QI01_QO07,Segment_Pollution_base,300,1.111111111,7.5,10,400,0.237895444,0.214833781,SUFFISANT
SC_QR04_C05_QS01_QI02_QO01,Segment_Pollution_base,300,1.111111111,7.5,25,10,1.171376824,1.835129738,INSUFFISANT
SC_QR04_C05_QS01_QI02_QO02,Segment_Pollution_base,300,1.111111111,7.5,25,25,0.867386997,0.744658172,INSUFFISANT
SC_QR04_C05_QS01_QI02_QO03,Segment_Pollution_base,300,1.111111111,7.5,25,50,1.151201963,0.812763155,INSUFFISANT
SC_QR04_C05_QS01_QI02_QO04,Segment_Pollution_base,300,1.111111111,7.5,25,100,0.849911332,0.863450289,INSUFFISANT
SC_QR04_C05_QS01_QI02_QO05,Segment_Pollution_base,300,1.111111111,7.5,25,150,0.503566623,0.601763964,INSUFFISANT
SC_QR04_C05_QS01_QI02_QO06,Segment_Pollution_base,300,1.111111111,7.5,25,200,0.301172197,0.39246425,SUFFISANT
SC_QR04_C05_QS01_QI02_QO07,Segment_Pollution_base,300,1.111111111,7.5,25,400,0.065600991,0.089734145,SUFFISANT
SC_QR04_C05_QS01_QI03_QO01,Segment_Pollution_base,300,1.111111111,7.5,50,10,1.396309495,1.714929938,INSUFFISANT
SC_QR04_C05_QS01_QI03_QO02,Segment_Pollution_base,300,1.111111111,7.5,50,25,0.815878212,1.212457657,INSUFFISANT
SC_QR04_C05_QS01_QI03_QO03,Segment_Pollution_base,300,1.111111111,7.5,50,50,0.321791142,0.58543092,INSUFFISANT
SC_QR04_C05_QS01_QI03_QO04,Segment_Pollution_base,300,1.111111111,7.5,50,100,0.324086726,0.160298601,SUFFISANT
SC_QR04_C05_QS01_QI03_QO05,Segment_Pollution_base,300,1.111111111,7.5,50,150,0.429853529,0.274985939,SUFFISANT
SC_QR04_C05_QS01_QI03_QO06,Segment_Pollution_base,300,1.111111111,7.5,50,200,0.454260737,0.341529131,SUFFISANT
SC_QR04_C05_QS01_QI03_QO07,Segment_Pollution_base,300,1.111111111,7.5,50,400,0.313240051,0.313655525,SUFFISANT
SC_QR04_C05_QS02_QI01_QO01,Segment_Pollution_base,300,1.111111111,15,10,10,2.573377371,2.282836914,INSUFFISANT
SC_QR04_C05_QS02_QI01_QO02,Segment_Pollution_base,300,1.111111111,15,10,25,1.447949409,1.826703668,INSUFFISANT
SC_QR04_C05_QS02_QI01_QO03,Segment_Pollution_base,300,1.111111111,15,10,50,0.472420007,0.745807588,INSUFFISANT
SC_QR04_C05_QS02_QI01_QO04,Segment_Pollution_base,300,1.111111111,15,10,100,0.713178396,0.524246156,INSUFFISANT
SC_QR04_C05_QS02_QI01_QO05,Segment_Pollution_base,300,1.111111111,15,10,150,0.631181717,0.567514002,INSUFFISANT
SC_QR04_C05_QS02_QI01_QO06,Segment_Pollution_base,300,1.111111111,15,10,200,0.496611267,0.498735726,SUFFISANT
SC_QR04_C05_QS02_QI01_QO07,Segment_Pollution_base,300,1.111111111,15,10,400,0.187279865,0.22201705,SUFFISANT
SC_QR04_C05_QS02_QI02_QO01,Segment_Pollution_base,300,1.111111111,15,25,10,1.418423057,0.754274845,INSUFFISANT
SC_QR04_C05_QS02_QI02_QO02,Segment_Pollution_base,300,1.111111111,15,25,25,1.598736048,1.168586373,INSUFFISANT
SC_QR04_C05_QS02_QI02_QO03,Segment_Pollution_base,300,1.111111111,15,25,50,1.257215023,1.26000762,INSUFFISANT
SC_QR04_C05_QS02_QI02_QO04,Segment_Pollution_base,300,1.111111111,15,25,100,0.52787739,0.712885022,INSUFFISANT
SC_QR04_C05_QS02_QI02_QO05,Segment_Pollution_base,300,1.111111111,15,25,150,0.223454356,0.344633788,SUFFISANT
SC_QR04_C05_QS02_QI02_QO06,Segment_Pollution_base,300,1.111111111,15,25,200,0.106544271,0.173866883,SUFFISANT
SC_QR04_C05_QS02_QI02_QO07,Segment_Pollution_base,300,1.111111111,15,25,400,0.180959582,0.130661353,SUFFISANT
SC_QR04_C05_QS02_QI03_QO01,Segment_Pollution_base,300,1.111111111,15,50,10,0.740482211,1.212379694,INSUFFISANT
SC_QR04_C05_QS02_QI03_QO02,Segment_Pollution_base,300,1.111111111,15,50,25,0.364450932,0.700057745,INSUFFISANT
SC_QR04_C05_QS02_QI03_QO03,Segment_Pollution_base,300,1.111111111,15,50,50,0.328407347,0.267720401,SUFFISANT
SC_QR04_C05_QS02_QI03_QO04,Segment_Pollution_base,300,1.111111111,15,50,100,0.548798501,0.333301783,INSUFFISANT
SC_QR04_C05_QS02_QI03_QO05,Segment_Pollution_base,300,1.111111111,15,50,150,0.589724362,0.450427175,INSUFFISANT
SC_QR04_C05_QS02_QI03_QO06,Segment_Pollution_base,300,1.111111111,15,50,200,0.539707243,0.475511968,INSUFFISANT
SC_QR04_C05_QS02_QI03_QO07,Segment_Pollution_base,300,1.111111111,15,50,400,0.270769566,0.305906594,SUFFISANT
SC_QR04_C05_QS03_QI01_QO01,Segment_Pollution_base,300,1.111111111,30,10,10,1.444112897,0.775075495,INSUFFISANT
SC_QR04_C05_QS03_QI01_QO02,Segment_Pollution_base,300,1.111111111,30,10,25,1.612246513,1.189288259,INSUFFISANT
SC_QR04_C05_QS03_QI01_QO03,Segment_Pollution_base,300,1.111111111,30,10,50,1.252509594,1.266477346,INSUFFISANT
SC_QR04_C05_QS03_QI01_QO04,Segment_Pollution_base,300,1.111111111,30,10,100,0.517222703,0.70438832,INSUFFISANT
SC_QR04_C05_QS03_QI01_QO05,Segment_Pollution_base,300,1.111111111,30,10,150,0.216467321,0.336566895,SUFFISANT
SC_QR04_C05_QS03_QI01_QO06,Segment_Pollution_base,300,1.111111111,30,10,200,0.110851638,0.168309733,SUFFISANT
SC_QR04_C05_QS03_QI01_QO07,Segment_Pollution_base,300,1.111111111,30,10,400,0.185352862,0.134629026,SUFFISANT
SC_QR04_C05_QS03_QI02_QO01,Segment_Pollution_base,300,1.111111111,30,25,10,1.575852633,1.792385459,INSUFFISANT
SC_QR04_C05_QS03_QI02_QO02,Segment_Pollution_base,300,1.111111111,30,25,25,0.961345375,1.341024518,INSUFFISANT
SC_QR04_C05_QS03_QI02_QO03,Segment_Pollution_base,300,1.111111111,30,25,50,0.395961672,0.684415042,INSUFFISANT
SC_QR04_C05_QS03_QI02_QO04,Segment_Pollution_base,300,1.111111111,30,25,100,0.279157013,0.164852485,SUFFISANT
SC_QR04_C05_QS03_QI02_QO05,Segment_Pollution_base,300,1.111111111,30,25,150,0.390950173,0.239695221,SUFFISANT
SC_QR04_C05_QS03_QI02_QO06,Segment_Pollution_base,300,1.111111111,30,25,200,0.427796453,0.310009897,SUFFISANT
SC_QR04_C05_QS03_QI02_QO07,Segment_Pollution_base,300,1.111111111,30,25,400,0.316687077,0.308978856,SUFFISANT
SC_QR04_C05_QS03_QI03_QO01,Segment_Pollution_base,300,1.111111111,30,50,10,0.488791108,0.305820882,SUFFISANT
SC_QR04_C05_QS03_QI03_QO02,Segment_Pollution_base,300,1.111111111,30,50,25,0.655696511,0.31175074,INSUFFISANT
SC_QR04_C05_QS03_QI03_QO03,Segment_Pollution_base,300,1.111111111,30,50,50,0.818609893,0.506474197,INSUFFISANT
SC_QR04_C05_QS03_QI03_QO04,Segment_Pollution_base,300,1.111111111,30,50,100,0.803419232,0.684079885,INSUFFISANT
SC_QR04_C05_QS03_QI03_QO05,Segment_Pollution_base,300,1.111111111,30,50,150,0.629802465,0.641424119,INSUFFISANT
SC_QR04_C05_QS03_QI03_QO06,Segment_Pollution_base,300,1.111111111,30,50,200,0.464083523,0.527988791,INSUFFISANT
SC_QR04_C05_QS03_QI03_QO07,Segment_Pollution_base,300,1.111111111,30,50,400,0.142174974,0.196072832,SUFFISANT
SC_QR05_C01_QS01_QI01_QO01,Segment_Pollution_base,100,2.222222222,7.5,10,10,0.956668258,1.325535178,INSUFFISANT
SC_QR05_C01_QS01_QI01_QO02,Segment_Pollution_base,100,2.222222222,7.5,10,25,1.260203362,0.941141963,INSUFFISANT
SC_QR05_C01_QS01_QI01_QO03,Segment_Pollution_base,100,2.222222222,7.5,10,50,0.841641903,0.909905791,INSUFFISANT
SC_QR05_C01_QS01_QI01_QO04,Segment_Pollution_base,100,2.222222222,7.5,10,100,0.257229656,0.364865512,SUFFISANT
SC_QR05_C01_QS01_QI01_QO05,Segment_Pollution_base,100,2.222222222,7.5,10,150,0.21189265,0.14590764,SUFFISANT
SC_QR05_C01_QS01_QI01_QO06,Segment_Pollution_base,100,2.222222222,7.5,10,200,0.227519587,0.171924502,SUFFISANT
SC_QR05_C01_QS01_QI01_QO07,Segment_Pollution_base,100,2.222222222,7.5,10,400,0.169395596,0.159991205,SUFFISANT
SC_QR05_C01_QS01_QI02_QO01,Segment_Pollution_base,100,2.222222222,7.5,25,10,0.635251641,1.075140595,INSUFFISANT
SC_QR05_C01_QS01_QI02_QO02,Segment_Pollution_base,100,2.222222222,7.5,25,25,0.670197308,0.402448535,INSUFFISANT
SC_QR05_C01_QS01_QI02_QO03,Segment_Pollution_base,100,2.222222222,7.5,25,50,0.812797844,0.607329905,INSUFFISANT
SC_QR05_C01_QS01_QI02_QO04,Segment_Pollution_base,100,2.222222222,7.5,25,100,0.545769036,0.580382586,INSUFFISANT
SC_QR05_C01_QS01_QI02_QO05,Segment_Pollution_base,100,2.222222222,7.5,25,150,0.306027889,0.380838037,SUFFISANT
SC_QR05_C01_QS01_QI02_QO06,Segment_Pollution_base,100,2.222222222,7.5,25,200,0.176109478,0.238257632,SUFFISANT
SC_QR05_C01_QS01_QI02_QO07,Segment_Pollution_base,100,2.222222222,7.5,25,400,0.053450413,0.04950472,SUFFISANT
SC_QR05_C01_QS01_QI03_QO01,Segment_Pollution_base,100,2.222222222,7.5,50,10,0.86167109,1.10791707,INSUFFISANT
SC_QR05_C01_QS01_QI03_QO02,Segment_Pollution_base,100,2.222222222,7.5,50,25,0.488983452,0.756652594,INSUFFISANT
SC_QR05_C01_QS01_QI03_QO03,Segment_Pollution_base,100,2.222222222,7.5,50,50,0.186354071,0.351403892,SUFFISANT
SC_QR05_C01_QS01_QI03_QO04,Segment_Pollution_base,100,2.222222222,7.5,50,100,0.238516524,0.121920012,SUFFISANT
SC_QR05_C01_QS01_QI03_QO05,Segment_Pollution_base,100,2.222222222,7.5,50,150,0.305642188,0.201167047,SUFFISANT
SC_QR05_C01_QS01_QI03_QO06,Segment_Pollution_base,100,2.222222222,7.5,50,200,0.315495223,0.243321732,SUFFISANT
SC_QR05_C01_QS01_QI03_QO07,Segment_Pollution_base,100,2.222222222,7.5,50,400,0.206594691,0.210905552,SUFFISANT
SC_QR05_C01_QS02_QI01_QO01,Segment_Pollution_base,100,2.222222222,15,10,10,1.642145157,1.604637384,INSUFFISANT
SC_QR05_C01_QS02_QI01_QO02,Segment_Pollution_base,100,2.222222222,15,10,25,0.826822281,1.129967928,INSUFFISANT
SC_QR05_C01_QS02_QI01_QO03,Segment_Pollution_base,100,2.222222222,15,10,50,0.389115959,0.409174055,SUFFISANT
SC_QR05_C01_QS02_QI01_QO04,Segment_Pollution_base,100,2.222222222,15,10,100,0.51807189,0.402264684,INSUFFISANT
SC_QR05_C01_QS02_QI01_QO05,Segment_Pollution_base,100,2.222222222,15,10,150,0.427645028,0.403459042,SUFFISANT
SC_QR05_C01_QS02_QI01_QO06,Segment_Pollution_base,100,2.222222222,15,10,200,0.320969462,0.336815149,SUFFISANT
SC_QR05_C01_QS02_QI01_QO07,Segment_Pollution_base,100,2.222222222,15,10,400,0.109024517,0.133897483,SUFFISANT
SC_QR05_C01_QS02_QI02_QO01,Segment_Pollution_base,100,2.222222222,15,25,10,1.034260392,0.588297486,INSUFFISANT
SC_QR05_C01_QS02_QI02_QO02,Segment_Pollution_base,100,2.222222222,15,25,25,1.094381571,0.84628576,INSUFFISANT
SC_QR05_C01_QS02_QI02_QO03,Segment_Pollution_base,100,2.222222222,15,25,50,0.807822466,0.848131001,INSUFFISANT
SC_QR05_C01_QS02_QI02_QO04,Segment_Pollution_base,100,2.222222222,15,25,100,0.316078782,0.443428814,SUFFISANT
SC_QR05_C01_QS02_QI02_QO05,Segment_Pollution_base,100,2.222222222,15,25,150,0.128100753,0.204512119,SUFFISANT
SC_QR05_C01_QS02_QI02_QO06,Segment_Pollution_base,100,2.222222222,15,25,200,0.084025644,0.099749111,SUFFISANT
SC_QR05_C01_QS02_QI02_QO07,Segment_Pollution_base,100,2.222222222,15,25,400,0.132704914,0.098341241,SUFFISANT
SC_QR05_C01_QS02_QI03_QO01,Segment_Pollution_base,100,2.222222222,15,50,10,0.440462947,0.749622524,INSUFFISANT
SC_QR05_C01_QS02_QI03_QO02,Segment_Pollution_base,100,2.222222222,15,50,25,0.212318331,0.422336221,SUFFISANT
SC_QR05_C01_QS02_QI03_QO03,Segment_Pollution_base,100,2.222222222,15,50,50,0.242533594,0.156872466,SUFFISANT
SC_QR05_C01_QS02_QI03_QO04,Segment_Pollution_base,100,2.222222222,15,50,100,0.386400074,0.241447568,SUFFISANT
SC_QR05_C01_QS02_QI03_QO05,Segment_Pollution_base,100,2.222222222,15,50,150,0.403756857,0.315967321,SUFFISANT
SC_QR05_C01_QS02_QI03_QO06,Segment_Pollution_base,100,2.222222222,15,50,200,0.362539887,0.326372653,SUFFISANT
SC_QR05_C01_QS02_QI03_QO07,Segment_Pollution_base,100,2.222222222,15,50,400,0.174386367,0.200249106,SUFFISANT
SC_QR05_C01_QS03_QI01_QO01,Segment_Pollution_base,100,2.222222222,30,10,10,1.049636483,0.602295041,INSUFFISANT
SC_QR05_C01_QS03_QI01_QO02,Segment_Pollution_base,100,2.222222222,30,10,25,1.100791454,0.858630896,INSUFFISANT
SC_QR05_C01_QS03_QI01_QO03,Segment_Pollution_base,100,2.222222222,30,10,50,0.803336263,0.850519776,INSUFFISANT
SC_QR05_C01_QS03_QI01_QO04,Segment_Pollution_base,100,2.222222222,30,10,100,0.309431911,0.437572628,SUFFISANT
SC_QR05_C01_QS03_QI01_QO05,Segment_Pollution_base,100,2.222222222,30,10,150,0.124061614,0.199590832,SUFFISANT
SC_QR05_C01_QS03_QI01_QO06,Segment_Pollution_base,100,2.222222222,30,10,200,0.087059423,0.09653876,SUFFISANT
SC_QR05_C01_QS03_QI01_QO07,Segment_Pollution_base,100,2.222222222,30,10,400,0.135470405,0.100955762,SUFFISANT
SC_QR05_C01_QS03_QI02_QO01,Segment_Pollution_base,100,2.222222222,30,25,10,0.985825062,1.174192905,INSUFFISANT
SC_QR05_C01_QS03_QI02_QO02,Segment_Pollution_base,100,2.222222222,30,25,25,0.5834921,0.847172201,INSUFFISANT
SC_QR05_C01_QS03_QI02_QO03,Segment_Pollution_base,100,2.222222222,30,25,50,0.232242092,0.415623248,SUFFISANT
SC_QR05_C01_QS03_QI02_QO04,Segment_Pollution_base,100,2.222222222,30,25,100,0.206651047,0.100302249,SUFFISANT
SC_QR05_C01_QS03_QI02_QO05,Segment_Pollution_base,100,2.222222222,30,25,150,0.279522806,0.176266357,SUFFISANT
SC_QR05_C01_QS03_QI02_QO06,Segment_Pollution_base,100,2.222222222,30,25,200,0.298768133,0.222012967,SUFFISANT
SC_QR05_C01_QS03_QI02_QO07,Segment_Pollution_base,100,2.222222222,30,25,400,0.210165292,0.208955511,SUFFISANT
SC_QR05_C01_QS03_QI03_QO01,Segment_Pollution_base,100,2.222222222,30,50,10,0.354850322,0.179527715,SUFFISANT
SC_QR05_C01_QS03_QI03_QO02,Segment_Pollution_base,100,2.222222222,30,50,25,0.465090871,0.228621066,SUFFISANT
SC_QR05_C01_QS03_QI03_QO03,Segment_Pollution_base,100,2.222222222,30,50,50,0.565289199,0.35972634,INSUFFISANT
SC_QR05_C01_QS03_QI03_QO04,Segment_Pollution_base,100,2.222222222,30,50,100,0.537390053,0.467740506,INSUFFISANT
SC_QR05_C01_QS03_QI03_QO05,Segment_Pollution_base,100,2.222222222,30,50,150,0.413329959,0.42884016,SUFFISANT
SC_QR05_C01_QS03_QI03_QO06,Segment_Pollution_base,100,2.222222222,30,50,200,0.300580859,0.347654015,SUFFISANT
SC_QR05_C01_QS03_QI03_QO07,Segment_Pollution_base,100,2.222222222,30,50,400,0.089254096,0.1247463,SUFFISANT
SC_QR05_C02_QS01_QI01_QO01,Segment_Pollution_base,150,2.222222222,7.5,10,10,1.435002446,1.988302827,INSUFFISANT
SC_QR05_C02_QS01_QI01_QO02,Segment_Pollution_base,150,2.222222222,7.5,10,25,1.890305042,1.411713004,INSUFFISANT
SC_QR05_C02_QS01_QI01_QO03,Segment_Pollution_base,150,2.222222222,7.5,10,50,1.262462735,1.364858627,INSUFFISANT
SC_QR05_C02_QS01_QI01_QO04,Segment_Pollution_base,150,2.222222222,7.5,10,100,0.385844469,0.547298253,INSUFFISANT
SC_QR05_C02_QS01_QI01_QO05,Segment_Pollution_base,150,2.222222222,7.5,10,150,0.317838967,0.218861461,SUFFISANT
SC_QR05_C02_QS01_QI01_QO06,Segment_Pollution_base,150,2.222222222,7.5,10,200,0.341279387,0.257886767,SUFFISANT
SC_QR05_C02_QS01_QI01_QO07,Segment_Pollution_base,150,2.222222222,7.5,10,400,0.254093379,0.239986807,SUFFISANT
SC_QR05_C02_QS01_QI02_QO01,Segment_Pollution_base,150,2.222222222,7.5,25,10,0.952877522,1.612710834,INSUFFISANT
SC_QR05_C02_QS01_QI02_QO02,Segment_Pollution_base,150,2.222222222,7.5,25,25,1.005295992,0.603672743,INSUFFISANT
SC_QR05_C02_QS01_QI02_QO03,Segment_Pollution_base,150,2.222222222,7.5,25,50,1.219196677,0.910994828,INSUFFISANT
SC_QR05_C02_QS01_QI02_QO04,Segment_Pollution_base,150,2.222222222,7.5,25,100,0.818653524,0.870573878,INSUFFISANT
SC_QR05_C02_QS01_QI02_QO05,Segment_Pollution_base,150,2.222222222,7.5,25,150,0.459041834,0.571257055,INSUFFISANT
SC_QR05_C02_QS01_QI02_QO06,Segment_Pollution_base,150,2.222222222,7.5,25,200,0.264164209,0.35738644,SUFFISANT
SC_QR05_C02_QS01_QI02_QO07,Segment_Pollution_base,150,2.222222222,7.5,25,400,0.080175623,0.074257083,SUFFISANT
SC_QR05_C02_QS01_QI03_QO01,Segment_Pollution_base,150,2.222222222,7.5,50,10,1.292506695,1.661875606,INSUFFISANT
SC_QR05_C02_QS01_QI03_QO02,Segment_Pollution_base,150,2.222222222,7.5,50,25,0.733475208,1.13497889,INSUFFISANT
SC_QR05_C02_QS01_QI03_QO03,Segment_Pollution_base,150,2.222222222,7.5,50,50,0.279531151,0.527105868,INSUFFISANT
SC_QR05_C02_QS01_QI03_QO04,Segment_Pollution_base,150,2.222222222,7.5,50,100,0.357774794,0.182880014,SUFFISANT
SC_QR05_C02_QS01_QI03_QO05,Segment_Pollution_base,150,2.222222222,7.5,50,150,0.458463311,0.3017506,SUFFISANT
SC_QR05_C02_QS01_QI03_QO06,Segment_Pollution_base,150,2.222222222,7.5,50,200,0.473242819,0.364982605,SUFFISANT
SC_QR05_C02_QS01_QI03_QO07,Segment_Pollution_base,150,2.222222222,7.5,50,400,0.309892029,0.316358328,SUFFISANT
SC_QR05_C02_QS02_QI01_QO01,Segment_Pollution_base,150,2.222222222,15,10,10,2.463217735,2.406956196,INSUFFISANT
SC_QR05_C02_QS02_QI01_QO02,Segment_Pollution_base,150,2.222222222,15,10,25,1.240233541,1.694951892,INSUFFISANT
SC_QR05_C02_QS02_QI01_QO03,Segment_Pollution_base,150,2.222222222,15,10,50,0.583673954,0.613761067,INSUFFISANT
SC_QR05_C02_QS02_QI01_QO04,Segment_Pollution_base,150,2.222222222,15,10,100,0.777107835,0.603397012,INSUFFISANT
SC_QR05_C02_QS02_QI01_QO05,Segment_Pollution_base,150,2.222222222,15,10,150,0.641467512,0.605188549,INSUFFISANT
SC_QR05_C02_QS02_QI01_QO06,Segment_Pollution_base,150,2.222222222,15,10,200,0.481454223,0.505222678,INSUFFISANT
SC_QR05_C02_QS02_QI01_QO07,Segment_Pollution_base,150,2.222222222,15,10,400,0.163536772,0.200846225,SUFFISANT
SC_QR05_C02_QS02_QI02_QO01,Segment_Pollution_base,150,2.222222222,15,25,10,1.551390648,0.882446289,INSUFFISANT
SC_QR05_C02_QS02_QI02_QO02,Segment_Pollution_base,150,2.222222222,15,25,25,1.641572356,1.269428611,INSUFFISANT
SC_QR05_C02_QS02_QI02_QO03,Segment_Pollution_base,150,2.222222222,15,25,50,1.21173358,1.272196531,INSUFFISANT
SC_QR05_C02_QS02_QI02_QO04,Segment_Pollution_base,150,2.222222222,15,25,100,0.474118173,0.665143251,INSUFFISANT
SC_QR05_C02_QS02_QI02_QO05,Segment_Pollution_base,150,2.222222222,15,25,150,0.192151129,0.306768179,SUFFISANT
SC_QR05_C02_QS02_QI02_QO06,Segment_Pollution_base,150,2.222222222,15,25,200,0.126038462,0.149623677,SUFFISANT
SC_QR05_C02_QS02_QI02_QO07,Segment_Pollution_base,150,2.222222222,15,25,400,0.199057356,0.14751187,SUFFISANT
SC_QR05_C02_QS02_QI03_QO01,Segment_Pollution_base,150,2.222222222,15,50,10,0.66069442,1.124433756,INSUFFISANT
SC_QR05_C02_QS02_QI03_QO02,Segment_Pollution_base,150,2.222222222,15,50,25,0.318477482,0.633504331,INSUFFISANT
SC_QR05_C02_QS02_QI03_QO03,Segment_Pollution_base,150,2.222222222,15,50,50,0.363800406,0.235308707,SUFFISANT
SC_QR05_C02_QS02_QI03_QO04,Segment_Pollution_base,150,2.222222222,15,50,100,0.579600096,0.362171352,INSUFFISANT
SC_QR05_C02_QS02_QI03_QO05,Segment_Pollution_base,150,2.222222222,15,50,150,0.605635285,0.473950982,INSUFFISANT
SC_QR05_C02_QS02_QI03_QO06,Segment_Pollution_base,150,2.222222222,15,50,200,0.543809831,0.489558965,INSUFFISANT
SC_QR05_C02_QS02_QI03_QO07,Segment_Pollution_base,150,2.222222222,15,50,400,0.261579573,0.300373673,SUFFISANT
SC_QR05_C02_QS03_QI01_QO01,Segment_Pollution_base,150,2.222222222,30,10,10,1.574454665,0.903442621,INSUFFISANT
SC_QR05_C02_QS03_QI01_QO02,Segment_Pollution_base,150,2.222222222,30,10,25,1.651187181,1.287946343,INSUFFISANT
SC_QR05_C02_QS03_QI01_QO03,Segment_Pollution_base,150,2.222222222,30,10,50,1.205004334,1.275779605,INSUFFISANT
SC_QR05_C02_QS03_QI01_QO04,Segment_Pollution_base,150,2.222222222,30,10,100,0.464147866,0.656358957,INSUFFISANT
SC_QR05_C02_QS03_QI01_QO05,Segment_Pollution_base,150,2.222222222,30,10,150,0.186092436,0.299386233,SUFFISANT
SC_QR05_C02_QS03_QI01_QO06,Segment_Pollution_base,150,2.222222222,30,10,200,0.130589128,0.144808143,SUFFISANT
SC_QR05_C02_QS03_QI01_QO07,Segment_Pollution_base,150,2.222222222,30,10,400,0.203205615,0.151433647,SUFFISANT
SC_QR05_C02_QS03_QI02_QO01,Segment_Pollution_base,150,2.222222222,30,25,10,1.478737593,1.761289358,INSUFFISANT
SC_QR05_C02_QS03_QI02_QO02,Segment_Pollution_base,150,2.222222222,30,25,25,0.875238121,1.27075839,INSUFFISANT
SC_QR05_C02_QS03_QI02_QO03,Segment_Pollution_base,150,2.222222222,30,25,50,0.348363101,0.623434901,INSUFFISANT
SC_QR05_C02_QS03_QI02_QO04,Segment_Pollution_base,150,2.222222222,30,25,100,0.309976578,0.150453359,SUFFISANT
SC_QR05_C02_QS03_QI02_QO05,Segment_Pollution_base,150,2.222222222,30,25,150,0.419284195,0.264399529,SUFFISANT
SC_QR05_C02_QS03_QI02_QO06,Segment_Pollution_base,150,2.222222222,30,25,200,0.448152214,0.333019435,SUFFISANT
SC_QR05_C02_QS03_QI02_QO07,Segment_Pollution_base,150,2.222222222,30,25,400,0.315247923,0.31343323,SUFFISANT
SC_QR05_C02_QS03_QI03_QO01,Segment_Pollution_base,150,2.222222222,30,50,10,0.532275438,0.26929155,INSUFFISANT
SC_QR05_C02_QS03_QI03_QO02,Segment_Pollution_base,150,2.222222222,30,50,25,0.697636306,0.342931598,INSUFFISANT
SC_QR05_C02_QS03_QI03_QO03,Segment_Pollution_base,150,2.222222222,30,50,50,0.847933769,0.539589524,INSUFFISANT
SC_QR05_C02_QS03_QI03_QO04,Segment_Pollution_base,150,2.222222222,30,50,100,0.80608505,0.701610744,INSUFFISANT
SC_QR05_C02_QS03_QI03_QO05,Segment_Pollution_base,150,2.222222222,30,50,150,0.619994938,0.643260241,INSUFFISANT
SC_QR05_C02_QS03_QI03_QO06,Segment_Pollution_base,150,2.222222222,30,50,200,0.450871289,0.521481037,INSUFFISANT
SC_QR05_C02_QS03_QI03_QO07,Segment_Pollution_base,150,2.222222222,30,50,400,0.133881137,0.187119454,SUFFISANT
SC_QR05_C03_QS01_QI01_QO01,Segment_Pollution_base,200,2.222222222,7.5,10,10,1.913336515,2.651070356,INSUFFISANT
SC_QR05_C03_QS01_QI01_QO02,Segment_Pollution_base,200,2.222222222,7.5,10,25,2.520406723,1.882283926,INSUFFISANT
SC_QR05_C03_QS01_QI01_QO03,Segment_Pollution_base,200,2.222222222,7.5,10,50,1.683283806,1.819811583,INSUFFISANT
SC_QR05_C03_QS01_QI01_QO04,Segment_Pollution_base,200,2.222222222,7.5,10,100,0.514459312,0.729731023,INSUFFISANT
SC_QR05_C03_QS01_QI01_QO05,Segment_Pollution_base,200,2.222222222,7.5,10,150,0.423785299,0.291815281,SUFFISANT
SC_QR05_C03_QS01_QI01_QO06,Segment_Pollution_base,200,2.222222222,7.5,10,200,0.455039173,0.343849003,SUFFISANT
SC_QR05_C03_QS01_QI01_QO07,Segment_Pollution_base,200,2.222222222,7.5,10,400,0.338791192,0.319982409,SUFFISANT
SC_QR05_C03_QS01_QI02_QO01,Segment_Pollution_base,200,2.222222222,7.5,25,10,1.270503283,2.150281191,INSUFFISANT
SC_QR05_C03_QS01_QI02_QO02,Segment_Pollution_base,200,2.222222222,7.5,25,25,1.340394616,0.80489707,INSUFFISANT
SC_QR05_C03_QS01_QI02_QO03,Segment_Pollution_base,200,2.222222222,7.5,25,50,1.625595689,1.21465981,INSUFFISANT
SC_QR05_C03_QS01_QI02_QO04,Segment_Pollution_base,200,2.222222222,7.5,25,100,1.091538072,1.160765171,INSUFFISANT
SC_QR05_C03_QS01_QI02_QO05,Segment_Pollution_base,200,2.222222222,7.5,25,150,0.612055779,0.761676073,INSUFFISANT
SC_QR05_C03_QS01_QI02_QO06,Segment_Pollution_base,200,2.222222222,7.5,25,200,0.352218956,0.476515263,SUFFISANT
SC_QR05_C03_QS01_QI02_QO07,Segment_Pollution_base,200,2.222222222,7.5,25,400,0.106900826,0.099009439,SUFFISANT
SC_QR05_C03_QS01_QI03_QO01,Segment_Pollution_base,200,2.222222222,7.5,50,10,1.72334218,2.215834141,INSUFFISANT
SC_QR05_C03_QS01_QI03_QO02,Segment_Pollution_base,200,2.222222222,7.5,50,25,0.977966905,1.513305187,INSUFFISANT
SC_QR05_C03_QS01_QI03_QO03,Segment_Pollution_base,200,2.222222222,7.5,50,50,0.372708142,0.702807784,INSUFFISANT
SC_QR05_C03_QS01_QI03_QO04,Segment_Pollution_base,200,2.222222222,7.5,50,100,0.477033049,0.243840024,SUFFISANT
SC_QR05_C03_QS01_QI03_QO05,Segment_Pollution_base,200,2.222222222,7.5,50,150,0.611284375,0.402334094,INSUFFISANT
SC_QR05_C03_QS01_QI03_QO06,Segment_Pollution_base,200,2.222222222,7.5,50,200,0.630990446,0.486643463,INSUFFISANT
SC_QR05_C03_QS01_QI03_QO07,Segment_Pollution_base,200,2.222222222,7.5,50,400,0.413189381,0.421811104,SUFFISANT
SC_QR05_C03_QS02_QI01_QO01,Segment_Pollution_base,200,2.222222222,15,10,10,3.284290314,3.209274769,INSUFFISANT
SC_QR05_C03_QS02_QI01_QO02,Segment_Pollution_base,200,2.222222222,15,10,25,1.653644562,2.259935856,INSUFFISANT
SC_QR05_C03_QS02_QI01_QO03,Segment_Pollution_base,200,2.222222222,15,10,50,0.778231919,0.81834811,INSUFFISANT
SC_QR05_C03_QS02_QI01_QO04,Segment_Pollution_base,200,2.222222222,15,10,100,1.03614378,0.804529369,INSUFFISANT
SC_QR05_C03_QS02_QI01_QO05,Segment_Pollution_base,200,2.222222222,15,10,150,0.855290055,0.806918085,INSUFFISANT
SC_QR05_C03_QS02_QI01_QO06,Segment_Pollution_base,200,2.222222222,15,10,200,0.641938925,0.673630297,INSUFFISANT
SC_QR05_C03_QS02_QI01_QO07,Segment_Pollution_base,200,2.222222222,15,10,400,0.218049034,0.267794967,SUFFISANT
SC_QR05_C03_QS02_QI02_QO01,Segment_Pollution_base,200,2.222222222,15,25,10,2.068520784,1.176594973,INSUFFISANT
SC_QR05_C03_QS02_QI02_QO02,Segment_Pollution_base,200,2.222222222,15,25,25,2.188763142,1.692571521,INSUFFISANT
SC_QR05_C03_QS02_QI02_QO03,Segment_Pollution_base,200,2.222222222,15,25,50,1.615644932,1.696262002,INSUFFISANT
SC_QR05_C03_QS02_QI02_QO04,Segment_Pollution_base,200,2.222222222,15,25,100,0.632157564,0.886857629,INSUFFISANT
SC_QR05_C03_QS02_QI02_QO05,Segment_Pollution_base,200,2.222222222,15,25,150,0.256201506,0.409024239,SUFFISANT
SC_QR05_C03_QS02_QI02_QO06,Segment_Pollution_base,200,2.222222222,15,25,200,0.168051288,0.199498221,SUFFISANT
SC_QR05_C03_QS02_QI02_QO07,Segment_Pollution_base,200,2.222222222,15,25,400,0.265409827,0.196682483,SUFFISANT
SC_QR05_C03_QS02_QI03_QO01,Segment_Pollution_base,200,2.222222222,15,50,10,0.880925894,1.499245048,INSUFFISANT
SC_QR05_C03_QS02_QI03_QO02,Segment_Pollution_base,200,2.222222222,15,50,25,0.424636662,0.844672441,INSUFFISANT
SC_QR05_C03_QS02_QI03_QO03,Segment_Pollution_base,200,2.222222222,15,50,50,0.485067189,0.313744932,SUFFISANT
SC_QR05_C03_QS02_QI03_QO04,Segment_Pollution_base,200,2.222222222,15,50,100,0.772800148,0.482895136,INSUFFISANT
SC_QR05_C03_QS02_QI03_QO05,Segment_Pollution_base,200,2.222222222,15,50,150,0.807513714,0.631934643,INSUFFISANT
SC_QR05_C03_QS02_QI03_QO06,Segment_Pollution_base,200,2.222222222,15,50,200,0.725079775,0.652745306,INSUFFISANT
SC_QR05_C03_QS02_QI03_QO07,Segment_Pollution_base,200,2.222222222,15,50,400,0.348772734,0.400498211,SUFFISANT
SC_QR05_C03_QS03_QI01_QO01,Segment_Pollution_base,200,2.222222222,30,10,10,2.099272966,1.204590082,INSUFFISANT
SC_QR05_C03_QS03_QI01_QO02,Segment_Pollution_base,200,2.222222222,30,10,25,2.201582909,1.717261791,INSUFFISANT
SC_QR05_C03_QS03_QI01_QO03,Segment_Pollution_base,200,2.222222222,30,10,50,1.606672525,1.701039553,INSUFFISANT
SC_QR05_C03_QS03_QI01_QO04,Segment_Pollution_base,200,2.222222222,30,10,100,0.618863821,0.875145257,INSUFFISANT
SC_QR05_C03_QS03_QI01_QO05,Segment_Pollution_base,200,2.222222222,30,10,150,0.248123229,0.399181664,SUFFISANT
SC_QR05_C03_QS03_QI01_QO06,Segment_Pollution_base,200,2.222222222,30,10,200,0.174118847,0.19307752,SUFFISANT
SC_QR05_C03_QS03_QI01_QO07,Segment_Pollution_base,200,2.222222222,30,10,400,0.27094081,0.201911524,SUFFISANT
SC_QR05_C03_QS03_QI02_QO01,Segment_Pollution_base,200,2.222222222,30,25,10,1.971650124,2.348385811,INSUFFISANT
SC_QR05_C03_QS03_QI02_QO02,Segment_Pollution_base,200,2.222222222,30,25,25,1.1669842,1.694344401,INSUFFISANT
SC_QR05_C03_QS03_QI02_QO03,Segment_Pollution_base,200,2.222222222,30,25,50,0.464484185,0.831246495,INSUFFISANT
SC_QR05_C03_QS03_QI02_QO04,Segment_Pollution_base,200,2.222222222,30,25,100,0.413302094,0.200604498,SUFFISANT
SC_QR05_C03_QS03_QI02_QO05,Segment_Pollution_base,200,2.222222222,30,25,150,0.559045613,0.352532715,INSUFFISANT
SC_QR05_C03_QS03_QI02_QO06,Segment_Pollution_base,200,2.222222222,30,25,200,0.597536266,0.444025934,INSUFFISANT
SC_QR05_C03_QS03_QI02_QO07,Segment_Pollution_base,200,2.222222222,30,25,400,0.420330584,0.417911023,SUFFISANT
SC_QR05_C03_QS03_QI03_QO01,Segment_Pollution_base,200,2.222222222,30,50,10,0.709700644,0.35905543,INSUFFISANT
SC_QR05_C03_QS03_QI03_QO02,Segment_Pollution_base,200,2.222222222,30,50,25,0.930181742,0.457242131,INSUFFISANT
SC_QR05_C03_QS03_QI03_QO03,Segment_Pollution_base,200,2.222222222,30,50,50,1.130578399,0.719452679,INSUFFISANT
SC_QR05_C03_QS03_QI03_QO04,Segment_Pollution_base,200,2.222222222,30,50,100,1.074780107,0.935481012,INSUFFISANT
SC_QR05_C03_QS03_QI03_QO05,Segment_Pollution_base,200,2.222222222,30,50,150,0.826659918,0.857680321,INSUFFISANT
SC_QR05_C03_QS03_QI03_QO06,Segment_Pollution_base,200,2.222222222,30,50,200,0.601161718,0.69530803,INSUFFISANT
SC_QR05_C03_QS03_QI03_QO07,Segment_Pollution_base,200,2.222222222,30,50,400,0.178508192,0.249492601,SUFFISANT
SC_QR05_C04_QS01_QI01_QO01,Segment_Pollution_base,250,2.222222222,7.5,10,10,2.391670704,3.313838005,INSUFFISANT
SC_QR05_C04_QS01_QI01_QO02,Segment_Pollution_base,250,2.222222222,7.5,10,25,3.150508404,2.352854967,INSUFFISANT
SC_QR05_C04_QS01_QI01_QO03,Segment_Pollution_base,250,2.222222222,7.5,10,50,2.104104757,2.274764538,INSUFFISANT
SC_QR05_C04_QS01_QI01_QO04,Segment_Pollution_base,250,2.222222222,7.5,10,100,0.643074095,0.912163734,INSUFFISANT
SC_QR05_C04_QS01_QI01_QO05,Segment_Pollution_base,250,2.222222222,7.5,10,150,0.529731631,0.364769101,INSUFFISANT
SC_QR05_C04_QS01_QI01_QO06,Segment_Pollution_base,250,2.222222222,7.5,10,200,0.568798959,0.429811269,INSUFFISANT
SC_QR05_C04_QS01_QI01_QO07,Segment_Pollution_base,250,2.222222222,7.5,10,400,0.423488945,0.399978012,SUFFISANT
SC_QR05_C04_QS01_QI02_QO01,Segment_Pollution_base,250,2.222222222,7.5,25,10,1.588129282,2.687851429,INSUFFISANT
SC_QR05_C04_QS01_QI02_QO02,Segment_Pollution_base,250,2.222222222,7.5,25,25,1.67549324,1.006121278,INSUFFISANT
SC_QR05_C04_QS01_QI02_QO03,Segment_Pollution_base,250,2.222222222,7.5,25,50,2.031994581,1.518324733,INSUFFISANT
SC_QR05_C04_QS01_QI02_QO04,Segment_Pollution_base,250,2.222222222,7.5,25,100,1.36442256,1.450956464,INSUFFISANT
SC_QR05_C04_QS01_QI02_QO05,Segment_Pollution_base,250,2.222222222,7.5,25,150,0.765069723,0.952095091,INSUFFISANT
SC_QR05_C04_QS01_QI02_QO06,Segment_Pollution_base,250,2.222222222,7.5,25,200,0.440273672,0.595644116,INSUFFISANT
SC_QR05_C04_QS01_QI02_QO07,Segment_Pollution_base,250,2.222222222,7.5,25,400,0.133626029,0.123761803,SUFFISANT
SC_QR05_C04_QS01_QI03_QO01,Segment_Pollution_base,250,2.222222222,7.5,50,10,2.154177666,2.769792557,INSUFFISANT
SC_QR05_C04_QS01_QI03_QO02,Segment_Pollution_base,250,2.222222222,7.5,50,25,1.222458601,1.891631484,INSUFFISANT
SC_QR05_C04_QS01_QI03_QO03,Segment_Pollution_base,250,2.222222222,7.5,50,50,0.465885192,0.87850976,INSUFFISANT
SC_QR05_C04_QS01_QI03_QO04,Segment_Pollution_base,250,2.222222222,7.5,50,100,0.596291304,0.304800034,INSUFFISANT
SC_QR05_C04_QS01_QI03_QO05,Segment_Pollution_base,250,2.222222222,7.5,50,150,0.764105499,0.502917588,INSUFFISANT
SC_QR05_C04_QS01_QI03_QO06,Segment_Pollution_base,250,2.222222222,7.5,50,200,0.788738012,0.608304322,INSUFFISANT
SC_QR05_C04_QS01_QI03_QO07,Segment_Pollution_base,250,2.222222222,7.5,50,400,0.516486704,0.52726388,INSUFFISANT
SC_QR05_C04_QS02_QI01_QO01,Segment_Pollution_base,250,2.222222222,15,10,10,4.105362892,4.011593819,INSUFFISANT
SC_QR05_C04_QS02_QI01_QO02,Segment_Pollution_base,250,2.222222222,15,10,25,2.067055702,2.824919939,INSUFFISANT
SC_QR05_C04_QS02_QI01_QO03,Segment_Pollution_base,250,2.222222222,15,10,50,0.972789884,1.022935152,INSUFFISANT
SC_QR05_C04_QS02_QI01_QO04,Segment_Pollution_base,250,2.222222222,15,10,100,1.295179725,1.005661726,INSUFFISANT
SC_QR05_C04_QS02_QI01_QO05,Segment_Pollution_base,250,2.222222222,15,10,150,1.069112539,1.008647561,INSUFFISANT
SC_QR05_C04_QS02_QI01_QO06,Segment_Pollution_base,250,2.222222222,15,10,200,0.802423716,0.842037857,INSUFFISANT
SC_QR05_C04_QS02_QI01_QO07,Segment_Pollution_base,250,2.222222222,15,10,400,0.272561282,0.334743708,SUFFISANT
SC_QR05_C04_QS02_QI02_QO01,Segment_Pollution_base,250,2.222222222,15,25,10,2.585650921,1.470743895,INSUFFISANT
SC_QR05_C04_QS02_QI02_QO02,Segment_Pollution_base,250,2.222222222,15,25,25,2.735953808,2.115714312,INSUFFISANT
SC_QR05_C04_QS02_QI02_QO03,Segment_Pollution_base,250,2.222222222,15,25,50,2.019556046,2.120327473,INSUFFISANT
SC_QR05_C04_QS02_QI02_QO04,Segment_Pollution_base,250,2.222222222,15,25,100,0.790196955,1.108572006,INSUFFISANT
SC_QR05_C04_QS02_QI02_QO05,Segment_Pollution_base,250,2.222222222,15,25,150,0.320251882,0.511280298,INSUFFISANT
SC_QR05_C04_QS02_QI02_QO06,Segment_Pollution_base,250,2.222222222,15,25,200,0.210064113,0.24937278,SUFFISANT
SC_QR05_C04_QS02_QI02_QO07,Segment_Pollution_base,250,2.222222222,15,25,400,0.331762254,0.245853111,SUFFISANT
SC_QR05_C04_QS02_QI03_QO01,Segment_Pollution_base,250,2.222222222,15,50,10,1.101157308,1.87405622,INSUFFISANT
SC_QR05_C04_QS02_QI03_QO02,Segment_Pollution_base,250,2.222222222,15,50,25,0.530795813,1.055840611,INSUFFISANT
SC_QR05_C04_QS02_QI03_QO03,Segment_Pollution_base,250,2.222222222,15,50,50,0.606334031,0.392181188,INSUFFISANT
SC_QR05_C04_QS02_QI03_QO04,Segment_Pollution_base,250,2.222222222,15,50,100,0.966000199,0.603618979,INSUFFISANT
SC_QR05_C04_QS02_QI03_QO05,Segment_Pollution_base,250,2.222222222,15,50,150,1.009392142,0.789918303,INSUFFISANT
SC_QR05_C04_QS02_QI03_QO06,Segment_Pollution_base,250,2.222222222,15,50,200,0.906349719,0.815931678,INSUFFISANT
SC_QR05_C04_QS02_QI03_QO07,Segment_Pollution_base,250,2.222222222,15,50,400,0.435965955,0.500622809,INSUFFISANT
SC_QR05_C04_QS03_QI01_QO01,Segment_Pollution_base,250,2.222222222,30,10,10,2.624091148,1.505737662,INSUFFISANT
SC_QR05_C04_QS03_QI01_QO02,Segment_Pollution_base,250,2.222222222,30,10,25,2.751978636,2.146577358,INSUFFISANT
SC_QR05_C04_QS03_QI01_QO03,Segment_Pollution_base,250,2.222222222,30,10,50,2.008340597,2.126299381,INSUFFISANT
SC_QR05_C04_QS03_QI01_QO04,Segment_Pollution_base,250,2.222222222,30,10,100,0.773579776,1.093931556,INSUFFISANT
SC_QR05_C04_QS03_QI01_QO05,Segment_Pollution_base,250,2.222222222,30,10,150,0.310154051,0.498977095,SUFFISANT
SC_QR05_C04_QS03_QI01_QO06,Segment_Pollution_base,250,2.222222222,30,10,200,0.217648551,0.241346896,SUFFISANT
SC_QR05_C04_QS03_QI01_QO07,Segment_Pollution_base,250,2.222222222,30,10,400,0.338676006,0.252389401,SUFFISANT
SC_QR05_C04_QS03_QI02_QO01,Segment_Pollution_base,250,2.222222222,30,25,10,2.464562654,2.935482264,INSUFFISANT
SC_QR05_C04_QS03_QI02_QO02,Segment_Pollution_base,250,2.222222222,30,25,25,1.458730221,2.117930651,INSUFFISANT
SC_QR05_C04_QS03_QI02_QO03,Segment_Pollution_base,250,2.222222222,30,25,50,0.580605209,1.039058208,INSUFFISANT
SC_QR05_C04_QS03_QI02_QO04,Segment_Pollution_base,250,2.222222222,30,25,100,0.51662755,0.250755608,INSUFFISANT
SC_QR05_C04_QS03_QI02_QO05,Segment_Pollution_base,250,2.222222222,30,25,150,0.698807001,0.440665901,INSUFFISANT
SC_QR05_C04_QS03_QI02_QO06,Segment_Pollution_base,250,2.222222222,30,25,200,0.746920347,0.555032432,INSUFFISANT
SC_QR05_C04_QS03_QI02_QO07,Segment_Pollution_base,250,2.222222222,30,25,400,0.525413215,0.522388756,INSUFFISANT
SC_QR05_C04_QS03_QI03_QO01,Segment_Pollution_base,250,2.222222222,30,50,10,0.88712579,0.44881928,INSUFFISANT
SC_QR05_C04_QS03_QI03_QO02,Segment_Pollution_base,250,2.222222222,30,50,25,1.162727237,0.571552694,INSUFFISANT
SC_QR05_C04_QS03_QI03_QO03,Segment_Pollution_base,250,2.222222222,30,50,50,1.413223028,0.899315894,INSUFFISANT
SC_QR05_C04_QS03_QI03_QO04,Segment_Pollution_base,250,2.222222222,30,50,100,1.343475103,1.16935122,INSUFFISANT
SC_QR05_C04_QS03_QI03_QO05,Segment_Pollution_base,250,2.222222222,30,50,150,1.033324957,1.072100401,INSUFFISANT
SC_QR05_C04_QS03_QI03_QO06,Segment_Pollution_base,250,2.222222222,30,50,200,0.751452148,0.869135082,INSUFFISANT
SC_QR05_C04_QS03_QI03_QO07,Segment_Pollution_base,250,2.222222222,30,50,400,0.223135233,0.311865747,SUFFISANT
SC_QR05_C05_QS01_QI01_QO01,Segment_Pollution_base,300,2.222222222,7.5,10,10,2.870004892,3.976605654,INSUFFISANT
SC_QR05_C05_QS01_QI01_QO02,Segment_Pollution_base,300,2.222222222,7.5,10,25,3.780610085,2.823426008,INSUFFISANT
SC_QR05_C05_QS01_QI01_QO03,Segment_Pollution_base,300,2.222222222,7.5,10,50,2.52492547,2.729717255,INSUFFISANT
SC_QR05_C05_QS01_QI01_QO04,Segment_Pollution_base,300,2.222222222,7.5,10,100,0.771688938,1.094596505,INSUFFISANT
SC_QR05_C05_QS01_QI01_QO05,Segment_Pollution_base,300,2.222222222,7.5,10,150,0.635677934,0.437722921,INSUFFISANT
SC_QR05_C05_QS01_QI01_QO06,Segment_Pollution_base,300,2.222222222,7.5,10,200,0.682558775,0.515773535,INSUFFISANT
SC_QR05_C05_QS01_QI01_QO07,Segment_Pollution_base,300,2.222222222,7.5,10,400,0.508186758,0.479973614,INSUFFISANT
SC_QR05_C05_QS01_QI02_QO01,Segment_Pollution_base,300,2.222222222,7.5,25,10,1.905755043,3.225421667,INSUFFISANT
SC_QR05_C05_QS01_QI02_QO02,Segment_Pollution_base,300,2.222222222,7.5,25,25,2.010591984,1.207345486,INSUFFISANT
SC_QR05_C05_QS01_QI02_QO03,Segment_Pollution_base,300,2.222222222,7.5,25,50,2.438393354,1.821989655,INSUFFISANT
SC_QR05_C05_QS01_QI02_QO04,Segment_Pollution_base,300,2.222222222,7.5,25,100,1.637307048,1.741147757,INSUFFISANT
SC_QR05_C05_QS01_QI02_QO05,Segment_Pollution_base,300,2.222222222,7.5,25,150,0.918083668,1.14251411,INSUFFISANT
SC_QR05_C05_QS01_QI02_QO06,Segment_Pollution_base,300,2.222222222,7.5,25,200,0.528328419,0.71477288,INSUFFISANT
SC_QR05_C05_QS01_QI02_QO07,Segment_Pollution_base,300,2.222222222,7.5,25,400,0.160351247,0.148514166,SUFFISANT
SC_QR05_C05_QS01_QI03_QO01,Segment_Pollution_base,300,2.222222222,7.5,50,10,2.58501339,3.323751211,INSUFFISANT
SC_QR05_C05_QS01_QI03_QO02,Segment_Pollution_base,300,2.222222222,7.5,50,25,1.466950417,2.269957781,INSUFFISANT
SC_QR05_C05_QS01_QI03_QO03,Segment_Pollution_base,300,2.222222222,7.5,50,50,0.559062302,1.054211736,INSUFFISANT
SC_QR05_C05_QS01_QI03_QO04,Segment_Pollution_base,300,2.222222222,7.5,50,100,0.715549588,0.365760028,INSUFFISANT
SC_QR05_C05_QS01_QI03_QO05,Segment_Pollution_base,300,2.222222222,7.5,50,150,0.916926622,0.603501201,INSUFFISANT
SC_QR05_C05_QS01_QI03_QO06,Segment_Pollution_base,300,2.222222222,7.5,50,200,0.946485639,0.72996521,INSUFFISANT
SC_QR05_C05_QS01_QI03_QO07,Segment_Pollution_base,300,2.222222222,7.5,50,400,0.619784057,0.632716656,INSUFFISANT
SC_QR05_C05_QS02_QI01_QO01,Segment_Pollution_base,300,2.222222222,15,10,10,4.926435471,4.813912392,INSUFFISANT
SC_QR05_C05_QS02_QI01_QO02,Segment_Pollution_base,300,2.222222222,15,10,25,2.480467081,3.389903784,INSUFFISANT
SC_QR05_C05_QS02_QI01_QO03,Segment_Pollution_base,300,2.222222222,15,10,50,1.167347908,1.227522135,INSUFFISANT
SC_QR05_C05_QS02_QI01_QO04,Segment_Pollution_base,300,2.222222222,15,10,100,1.55421567,1.206794024,INSUFFISANT
SC_QR05_C05_QS02_QI01_QO05,Segment_Pollution_base,300,2.222222222,15,10,150,1.282935023,1.210377097,INSUFFISANT
SC_QR05_C05_QS02_QI01_QO06,Segment_Pollution_base,300,2.222222222,15,10,200,0.962908447,1.010445356,INSUFFISANT
SC_QR05_C05_QS02_QI01_QO07,Segment_Pollution_base,300,2.222222222,15,10,400,0.327073544,0.40169245,SUFFISANT
SC_QR05_C05_QS02_QI02_QO01,Segment_Pollution_base,300,2.222222222,15,25,10,3.102781296,1.764892578,INSUFFISANT
SC_QR05_C05_QS02_QI02_QO02,Segment_Pollution_base,300,2.222222222,15,25,25,3.283144712,2.538857222,INSUFFISANT
SC_QR05_C05_QS02_QI02_QO03,Segment_Pollution_base,300,2.222222222,15,25,50,2.423467159,2.544393063,INSUFFISANT
SC_QR05_C05_QS02_QI02_QO04,Segment_Pollution_base,300,2.222222222,15,25,100,0.948236346,1.330286503,INSUFFISANT
SC_QR05_C05_QS02_QI02_QO05,Segment_Pollution_base,300,2.222222222,15,25,150,0.384302258,0.613536358,INSUFFISANT
SC_QR05_C05_QS02_QI02_QO06,Segment_Pollution_base,300,2.222222222,15,25,200,0.252076924,0.299247354,SUFFISANT
SC_QR05_C05_QS02_QI02_QO07,Segment_Pollution_base,300,2.222222222,15,25,400,0.398114711,0.295023739,SUFFISANT
SC_QR05_C05_QS02_QI03_QO01,Segment_Pollution_base,300,2.222222222,15,50,10,1.321388841,2.248867512,INSUFFISANT
SC_QR05_C05_QS02_QI03_QO02,Segment_Pollution_base,300,2.222222222,15,50,25,0.636954963,1.267008662,INSUFFISANT
SC_QR05_C05_QS02_QI03_QO03,Segment_Pollution_base,300,2.222222222,15,50,50,0.727600813,0.470617414,INSUFFISANT
SC_QR05_C05_QS02_QI03_QO04,Segment_Pollution_base,300,2.222222222,15,50,100,1.159200191,0.724342704,INSUFFISANT
SC_QR05_C05_QS02_QI03_QO05,Segment_Pollution_base,300,2.222222222,15,50,150,1.211270571,0.947901964,INSUFFISANT
SC_QR05_C05_QS02_QI03_QO06,Segment_Pollution_base,300,2.222222222,15,50,200,1.087619662,0.97911793,INSUFFISANT
SC_QR05_C05_QS02_QI03_QO07,Segment_Pollution_base,300,2.222222222,15,50,400,0.523159146,0.600747347,INSUFFISANT
SC_QR05_C05_QS03_QI01_QO01,Segment_Pollution_base,300,2.222222222,30,10,10,3.14890933,1.806885242,INSUFFISANT
SC_QR05_C05_QS03_QI01_QO02,Segment_Pollution_base,300,2.222222222,30,10,25,3.302374363,2.575892687,INSUFFISANT
SC_QR05_C05_QS03_QI01_QO03,Segment_Pollution_base,300,2.222222222,30,10,50,2.410008669,2.55155921,INSUFFISANT
SC_QR05_C05_QS03_QI01_QO04,Segment_Pollution_base,300,2.222222222,30,10,100,0.928295732,1.312717915,INSUFFISANT
SC_QR05_C05_QS03_QI01_QO05,Segment_Pollution_base,300,2.222222222,30,10,150,0.372184873,0.598772466,INSUFFISANT
SC_QR05_C05_QS03_QI01_QO06,Segment_Pollution_base,300,2.222222222,30,10,200,0.261178255,0.289616287,SUFFISANT
SC_QR05_C05_QS03_QI01_QO07,Segment_Pollution_base,300,2.222222222,30,10,400,0.406411231,0.302867293,SUFFISANT
SC_QR05_C05_QS03_QI02_QO01,Segment_Pollution_base,300,2.222222222,30,25,10,2.957475185,3.522578716,INSUFFISANT
SC_QR05_C05_QS03_QI02_QO02,Segment_Pollution_base,300,2.222222222,30,25,25,1.750476241,2.541516781,INSUFFISANT
SC_QR05_C05_QS03_QI02_QO03,Segment_Pollution_base,300,2.222222222,30,25,50,0.696726203,1.246869802,INSUFFISANT
SC_QR05_C05_QS03_QI02_QO04,Segment_Pollution_base,300,2.222222222,30,25,100,0.619953156,0.300906718,INSUFFISANT
SC_QR05_C05_QS03_QI02_QO05,Segment_Pollution_base,300,2.222222222,30,25,150,0.838568389,0.528799057,INSUFFISANT
SC_QR05_C05_QS03_QI02_QO06,Segment_Pollution_base,300,2.222222222,30,25,200,0.896304429,0.666038871,INSUFFISANT
SC_QR05_C05_QS03_QI02_QO07,Segment_Pollution_base,300,2.222222222,30,25,400,0.630495846,0.62686646,INSUFFISANT
SC_QR05_C05_QS03_QI03_QO01,Segment_Pollution_base,300,2.222222222,30,50,10,1.064550877,0.5385831,INSUFFISANT
SC_QR05_C05_QS03_QI03_QO02,Segment_Pollution_base,300,2.222222222,30,50,25,1.395272613,0.685863197,INSUFFISANT
SC_QR05_C05_QS03_QI03_QO03,Segment_Pollution_base,300,2.222222222,30,50,50,1.695867538,1.079179049,INSUFFISANT
SC_QR05_C05_QS03_QI03_QO04,Segment_Pollution_base,300,2.222222222,30,50,100,1.6121701,1.403221488,INSUFFISANT
SC_QR05_C05_QS03_QI03_QO05,Segment_Pollution_base,300,2.222222222,30,50,150,1.239989877,1.286520481,INSUFFISANT
SC_QR05_C05_QS03_QI03_QO06,Segment_Pollution_base,300,2.222222222,30,50,200,0.901742578,1.042962074,INSUFFISANT
SC_QR05_C05_QS03_QI03_QO07,Segment_Pollution_base,300,2.222222222,30,50,400,0.267762274,0.374238908,SUFFISANT
