table_source,id_ligne,date_valeur,ire,nom_source,parametre,coord_x,coord_y,source_srid_assumed,candidate_count,geo_status,matched_table,matched_entity_id,matched_entity_name,matched_entity_class,distance_m,candidates
staging.raw_idp_2024_mesures_qualite_globale,1,2024-09-12,,REJET R1 (R1: SHZ-DOM2-R1),DCO,,,26191,0,GEO_ORPHAN_XY_2M,,,,,,
staging.raw_idp_2024_mesures_qualite_globale,2,2024-09-12,,REJET R2 (R2: SHZ-DOM2-R2),DCO,,,26191,0,GEO_ORPHAN_XY_2M,,,,,,
staging.raw_idp_2024_mesures_qualite_globale,3,2024-09-12,,REJET R3  (R3: SHZ-DOM1-R1),DCO,,,26191,0,GEO_ORPHAN_XY_2M,,,,,,
staging.raw_idp_2024_mesures_qualite_globale,4,2024-09-13,,S1 (Aval_conf_Rejet_MOG (Mograne),DCO,404650.0,423453.0,26191,0,GEO_ORPHAN_XY_2M,,,,,,
staging.raw_idp_2024_mesures_qualite_globale,5,2024-09-13,,S1 (Aval_conf_Rejet_MOG (Mograne),DBO5,404650.0,423453.0,26191,0,GEO_ORPHAN_XY_2M,,,,,,
staging.raw_idp_2024_mesures_qualite_globale,6,2024-09-13,,S1 (Aval_conf_Rejet_MOG (Mograne),NTK,404650.0,423453.0,26191,0,GEO_ORPHAN_XY_2M,,,,,,
staging.raw_idp_2024_mesures_qualite_globale,7,2024-09-13,,S1 (Aval_conf_Rejet_MOG (Mograne),NH4+ ,404650.0,423453.0,26191,0,GEO_ORPHAN_XY_2M,,,,,,
staging.raw_idp_2024_mesures_qualite_globale,8,2024-09-13,,S1 (Aval_conf_Rejet_MOG (Mograne),PT,404650.0,423453.0,26191,0,GEO_ORPHAN_XY_2M,,,,,,
staging.raw_idp_2024_mesures_qualite_globale,9,2024-09-13,,S1 (Aval_conf_Rejet_MOG (Mograne),PO43-,404650.0,423453.0,26191,0,GEO_ORPHAN_XY_2M,,,,,,
staging.raw_idp_2024_mesures_qualite_globale,10,2024-09-13,,S1 (Aval_conf_Rejet_MOG (Mograne),MES,404650.0,423453.0,26191,0,GEO_ORPHAN_XY_2M,,,,,,
staging.raw_idp_2024_mesures_qualite_globale,11,2024-09-13,,S1 (Aval_conf_Rejet_MOG (Mograne),NO3-,404650.0,423453.0,26191,0,GEO_ORPHAN_XY_2M,,,,,,
staging.raw_idp_2024_mesures_qualite_globale,12,2024-09-13,,S1 (Aval_conf_Rejet_MOG (Mograne),NO2-,404650.0,423453.0,26191,0,GEO_ORPHAN_XY_2M,,,,,,
staging.raw_idp_2024_mesures_qualite_globale,13,2024-09-13,,S1 (Aval_conf_Rejet_MOG (Mograne),Cl-,404650.0,423453.0,26191,0,GEO_ORPHAN_XY_2M,,,,,,
staging.raw_idp_2024_mesures_qualite_globale,14,2024-09-13,,S1 (Aval_conf_Rejet_MOG (Mograne),SO4--,404650.0,423453.0,26191,0,GEO_ORPHAN_XY_2M,,,,,,
staging.raw_idp_2024_mesures_qualite_globale,15,2024-09-13,,S1 (Aval_conf_Rejet_MOG (Mograne),Ca++,404650.0,423453.0,26191,0,GEO_ORPHAN_XY_2M,,,,,,
staging.raw_idp_2024_mesures_qualite_globale,16,2024-09-13,,S1 (Aval_conf_Rejet_MOG (Mograne),Mg++,404650.0,423453.0,26191,0,GEO_ORPHAN_XY_2M,,,,,,
staging.raw_idp_2024_mesures_qualite_globale,17,2024-09-13,,S1 (Aval_conf_Rejet_MOG (Mograne),TH,404650.0,423453.0,26191,0,GEO_ORPHAN_XY_2M,,,,,,
staging.raw_idp_2024_mesures_qualite_globale,18,2024-09-13,,S1 (Aval_conf_Rejet_MOG (Mograne),Na+,404650.0,423453.0,26191,0,GEO_ORPHAN_XY_2M,,,,,,
staging.raw_idp_2024_mesures_qualite_globale,19,2024-09-13,,S1 (Aval_conf_Rejet_MOG (Mograne),K+,404650.0,423453.0,26191,0,GEO_ORPHAN_XY_2M,,,,,,
staging.raw_idp_2024_mesures_qualite_globale,20,2024-09-13,,S1 (Aval_conf_Rejet_MOG (Mograne),CT,404650.0,423453.0,26191,0,GEO_ORPHAN_XY_2M,,,,,,
staging.raw_idp_2024_mesures_qualite_globale,21,2024-09-13,,S1 (Aval_conf_Rejet_MOG (Mograne),CF,404650.0,423453.0,26191,0,GEO_ORPHAN_XY_2M,,,,,,
staging.raw_idp_2024_mesures_qualite_globale,22,2024-09-13,,S1 (Aval_conf_Rejet_MOG (Mograne),SF,404650.0,423453.0,26191,0,GEO_ORPHAN_XY_2M,,,,,,
staging.raw_idp_2024_mesures_qualite_globale,23,2024-09-13,,S2 (Barrage de garde),DCO,407303.0,432473.0,26191,0,GEO_ORPHAN_XY_2M,,,,,,
staging.raw_idp_2024_mesures_qualite_globale,24,2024-09-13,,S2 (Barrage de garde),DBO5,407303.0,432473.0,26191,0,GEO_ORPHAN_XY_2M,,,,,,
staging.raw_idp_2024_mesures_qualite_globale,25,2024-09-13,,S2 (Barrage de garde),NTK,407303.0,432473.0,26191,0,GEO_ORPHAN_XY_2M,,,,,,
staging.raw_idp_2024_mesures_qualite_globale,26,2024-09-13,,S2 (Barrage de garde),NH4+ ,407303.0,432473.0,26191,0,GEO_ORPHAN_XY_2M,,,,,,
staging.raw_idp_2024_mesures_qualite_globale,27,2024-09-13,,S2 (Barrage de garde),PT,407303.0,432473.0,26191,0,GEO_ORPHAN_XY_2M,,,,,,
staging.raw_idp_2024_mesures_qualite_globale,28,2024-09-13,,S2 (Barrage de garde),PO43-,407303.0,432473.0,26191,0,GEO_ORPHAN_XY_2M,,,,,,
staging.raw_idp_2024_mesures_qualite_globale,29,2024-09-13,,S2 (Barrage de garde),MES,407303.0,432473.0,26191,0,GEO_ORPHAN_XY_2M,,,,,,
staging.raw_idp_2024_mesures_qualite_globale,30,2024-09-13,,S2 (Barrage de garde),NO3-,407303.0,432473.0,26191,0,GEO_ORPHAN_XY_2M,,,,,,
staging.raw_idp_2024_mesures_qualite_globale,31,2024-09-13,,S2 (Barrage de garde),NO2-,407303.0,432473.0,26191,0,GEO_ORPHAN_XY_2M,,,,,,
staging.raw_idp_2024_mesures_qualite_globale,32,2024-09-13,,S2 (Barrage de garde),Cl-,407303.0,432473.0,26191,0,GEO_ORPHAN_XY_2M,,,,,,
staging.raw_idp_2024_mesures_qualite_globale,33,2024-09-13,,S2 (Barrage de garde),SO4--,407303.0,432473.0,26191,0,GEO_ORPHAN_XY_2M,,,,,,
staging.raw_idp_2024_mesures_qualite_globale,34,2024-09-13,,S2 (Barrage de garde),Ca++,407303.0,432473.0,26191,0,GEO_ORPHAN_XY_2M,,,,,,
staging.raw_idp_2024_mesures_qualite_globale,35,2024-09-13,,S2 (Barrage de garde),Mg++,407303.0,432473.0,26191,0,GEO_ORPHAN_XY_2M,,,,,,
staging.raw_idp_2024_mesures_qualite_globale,36,2024-09-13,,S2 (Barrage de garde),TH,407303.0,432473.0,26191,0,GEO_ORPHAN_XY_2M,,,,,,
staging.raw_idp_2024_mesures_qualite_globale,37,2024-09-13,,S2 (Barrage de garde),Na+,407303.0,432473.0,26191,0,GEO_ORPHAN_XY_2M,,,,,,
staging.raw_idp_2024_mesures_qualite_globale,38,2024-09-13,,S2 (Barrage de garde),K+,407303.0,432473.0,26191,0,GEO_ORPHAN_XY_2M,,,,,,
staging.raw_idp_2024_mesures_qualite_globale,39,2024-09-13,,S2 (Barrage de garde),CT,407303.0,432473.0,26191,0,GEO_ORPHAN_XY_2M,,,,,,
staging.raw_idp_2024_mesures_qualite_globale,40,2024-09-13,,S2 (Barrage de garde),CF,407303.0,432473.0,26191,0,GEO_ORPHAN_XY_2M,,,,,,
staging.raw_idp_2024_mesures_qualite_globale,41,2024-09-13,,S2 (Barrage de garde),SF,407303.0,432473.0,26191,0,GEO_ORPHAN_XY_2M,,,,,,
staging.raw_idp_2024_mesures_qualite_globale,42,2024-09-13,,S3 (Station Pompage Ferme (Amont Bge de garde),DCO,408732.0,432361.0,26191,0,GEO_ORPHAN_XY_2M,,,,,,
staging.raw_idp_2024_mesures_qualite_globale,43,2024-09-13,,S3 (Station Pompage Ferme (Amont Bge de garde),DBO5,408732.0,432361.0,26191,0,GEO_ORPHAN_XY_2M,,,,,,
staging.raw_idp_2024_mesures_qualite_globale,44,2024-09-13,,S3 (Station Pompage Ferme (Amont Bge de garde),NTK,408732.0,432361.0,26191,0,GEO_ORPHAN_XY_2M,,,,,,
staging.raw_idp_2024_mesures_qualite_globale,45,2024-09-13,,S3 (Station Pompage Ferme (Amont Bge de garde),NH4+ ,408732.0,432361.0,26191,0,GEO_ORPHAN_XY_2M,,,,,,
staging.raw_idp_2024_mesures_qualite_globale,46,2024-09-13,,S3 (Station Pompage Ferme (Amont Bge de garde),PT,408732.0,432361.0,26191,0,GEO_ORPHAN_XY_2M,,,,,,
staging.raw_idp_2024_mesures_qualite_globale,47,2024-09-13,,S3 (Station Pompage Ferme (Amont Bge de garde),PO43-,408732.0,432361.0,26191,0,GEO_ORPHAN_XY_2M,,,,,,
staging.raw_idp_2024_mesures_qualite_globale,48,2024-09-13,,S3 (Station Pompage Ferme (Amont Bge de garde),MES,408732.0,432361.0,26191,0,GEO_ORPHAN_XY_2M,,,,,,
staging.raw_idp_2024_mesures_qualite_globale,49,2024-09-13,,S3 (Station Pompage Ferme (Amont Bge de garde),NO3-,408732.0,432361.0,26191,0,GEO_ORPHAN_XY_2M,,,,,,
staging.raw_idp_2024_mesures_qualite_globale,50,2024-09-13,,S3 (Station Pompage Ferme (Amont Bge de garde),NO2-,408732.0,432361.0,26191,0,GEO_ORPHAN_XY_2M,,,,,,
staging.raw_idp_2024_mesures_qualite_globale,51,2024-09-13,,S3 (Station Pompage Ferme (Amont Bge de garde),Cl-,408732.0,432361.0,26191,0,GEO_ORPHAN_XY_2M,,,,,,
staging.raw_idp_2024_mesures_qualite_globale,52,2024-09-13,,S3 (Station Pompage Ferme (Amont Bge de garde),SO4--,408732.0,432361.0,26191,0,GEO_ORPHAN_XY_2M,,,,,,
staging.raw_idp_2024_mesures_qualite_globale,53,2024-09-13,,S3 (Station Pompage Ferme (Amont Bge de garde),Ca++,408732.0,432361.0,26191,0,GEO_ORPHAN_XY_2M,,,,,,
staging.raw_idp_2024_mesures_qualite_globale,54,2024-09-13,,S3 (Station Pompage Ferme (Amont Bge de garde),Mg++,408732.0,432361.0,26191,0,GEO_ORPHAN_XY_2M,,,,,,
staging.raw_idp_2024_mesures_qualite_globale,55,2024-09-13,,S3 (Station Pompage Ferme (Amont Bge de garde),TH,408732.0,432361.0,26191,0,GEO_ORPHAN_XY_2M,,,,,,
staging.raw_idp_2024_mesures_qualite_globale,56,2024-09-13,,S3 (Station Pompage Ferme (Amont Bge de garde),Na+,408732.0,432361.0,26191,0,GEO_ORPHAN_XY_2M,,,,,,
staging.raw_idp_2024_mesures_qualite_globale,57,2024-09-13,,S3 (Station Pompage Ferme (Amont Bge de garde),K+,408732.0,432361.0,26191,0,GEO_ORPHAN_XY_2M,,,,,,
staging.raw_idp_2024_mesures_qualite_globale,58,2024-09-13,,S3 (Station Pompage Ferme (Amont Bge de garde),CT,408732.0,432361.0,26191,0,GEO_ORPHAN_XY_2M,,,,,,
staging.raw_idp_2024_mesures_qualite_globale,59,2024-09-13,,S3 (Station Pompage Ferme (Amont Bge de garde),CF,408732.0,432361.0,26191,0,GEO_ORPHAN_XY_2M,,,,,,
staging.raw_idp_2024_mesures_qualite_globale,60,2024-09-13,,S3 (Station Pompage Ferme (Amont Bge de garde),SF,408732.0,432361.0,26191,0,GEO_ORPHAN_XY_2M,,,,,,
staging.raw_idp_2024_mesures_qualite_globale,61,2024-09-13,,S4 (Amont station pompage ferme),DCO,410306.0,433218.0,26191,0,GEO_ORPHAN_XY_2M,,,,,,
staging.raw_idp_2024_mesures_qualite_globale,62,2024-09-13,,S4 (Amont station pompage ferme),DBO5,410306.0,433218.0,26191,0,GEO_ORPHAN_XY_2M,,,,,,
staging.raw_idp_2024_mesures_qualite_globale,63,2024-09-13,,S4 (Amont station pompage ferme),NTK,410306.0,433218.0,26191,0,GEO_ORPHAN_XY_2M,,,,,,
staging.raw_idp_2024_mesures_qualite_globale,64,2024-09-13,,S4 (Amont station pompage ferme),NH4+ ,410306.0,433218.0,26191,0,GEO_ORPHAN_XY_2M,,,,,,
staging.raw_idp_2024_mesures_qualite_globale,65,2024-09-13,,S4 (Amont station pompage ferme),PT,410306.0,433218.0,26191,0,GEO_ORPHAN_XY_2M,,,,,,
staging.raw_idp_2024_mesures_qualite_globale,66,2024-09-13,,S4 (Amont station pompage ferme),PO43-,410306.0,433218.0,26191,0,GEO_ORPHAN_XY_2M,,,,,,
staging.raw_idp_2024_mesures_qualite_globale,67,2024-09-13,,S4 (Amont station pompage ferme),MES,410306.0,433218.0,26191,0,GEO_ORPHAN_XY_2M,,,,,,
staging.raw_idp_2024_mesures_qualite_globale,68,2024-09-13,,S4 (Amont station pompage ferme),NO3-,410306.0,433218.0,26191,0,GEO_ORPHAN_XY_2M,,,,,,
staging.raw_idp_2024_mesures_qualite_globale,69,2024-09-13,,S4 (Amont station pompage ferme),NO2-,410306.0,433218.0,26191,0,GEO_ORPHAN_XY_2M,,,,,,
staging.raw_idp_2024_mesures_qualite_globale,70,2024-09-13,,S4 (Amont station pompage ferme),Cl-,410306.0,433218.0,26191,0,GEO_ORPHAN_XY_2M,,,,,,
staging.raw_idp_2024_mesures_qualite_globale,71,2024-09-13,,S4 (Amont station pompage ferme),SO4--,410306.0,433218.0,26191,0,GEO_ORPHAN_XY_2M,,,,,,
staging.raw_idp_2024_mesures_qualite_globale,72,2024-09-13,,S4 (Amont station pompage ferme),Ca++,410306.0,433218.0,26191,0,GEO_ORPHAN_XY_2M,,,,,,
staging.raw_idp_2024_mesures_qualite_globale,73,2024-09-13,,S4 (Amont station pompage ferme),Mg++,410306.0,433218.0,26191,0,GEO_ORPHAN_XY_2M,,,,,,
staging.raw_idp_2024_mesures_qualite_globale,74,2024-09-13,,S4 (Amont station pompage ferme),TH,410306.0,433218.0,26191,0,GEO_ORPHAN_XY_2M,,,,,,
staging.raw_idp_2024_mesures_qualite_globale,75,2024-09-13,,S4 (Amont station pompage ferme),Na+,410306.0,433218.0,26191,0,GEO_ORPHAN_XY_2M,,,,,,
staging.raw_idp_2024_mesures_qualite_globale,76,2024-09-13,,S4 (Amont station pompage ferme),K+,410306.0,433218.0,26191,0,GEO_ORPHAN_XY_2M,,,,,,
staging.raw_idp_2024_mesures_qualite_globale,77,2024-09-13,,S4 (Amont station pompage ferme),CT,410306.0,433218.0,26191,0,GEO_ORPHAN_XY_2M,,,,,,
staging.raw_idp_2024_mesures_qualite_globale,78,2024-09-13,,S4 (Amont station pompage ferme),CF,410306.0,433218.0,26191,0,GEO_ORPHAN_XY_2M,,,,,,
staging.raw_idp_2024_mesures_qualite_globale,79,2024-09-13,,S4 (Amont station pompage ferme),SF,410306.0,433218.0,26191,0,GEO_ORPHAN_XY_2M,,,,,,
staging.raw_idp_2024_mesures_qualite_globale,80,2024-09-13,,S5 (Aval ancien rejet sotrameg),DCO,411431.0,434938.0,26191,0,GEO_ORPHAN_XY_2M,,,,,,
staging.raw_idp_2024_mesures_qualite_globale,81,2024-09-13,,S5 (Aval ancien rejet sotrameg),DBO5,411431.0,434938.0,26191,0,GEO_ORPHAN_XY_2M,,,,,,
staging.raw_idp_2024_mesures_qualite_globale,82,2024-09-13,,S5 (Aval ancien rejet sotrameg),NTK,411431.0,434938.0,26191,0,GEO_ORPHAN_XY_2M,,,,,,
staging.raw_idp_2024_mesures_qualite_globale,83,2024-09-13,,S5 (Aval ancien rejet sotrameg),NH4+ ,411431.0,434938.0,26191,0,GEO_ORPHAN_XY_2M,,,,,,
staging.raw_idp_2024_mesures_qualite_globale,84,2024-09-13,,S5 (Aval ancien rejet sotrameg),PT,411431.0,434938.0,26191,0,GEO_ORPHAN_XY_2M,,,,,,
staging.raw_idp_2024_mesures_qualite_globale,85,2024-09-13,,S5 (Aval ancien rejet sotrameg),PO43-,411431.0,434938.0,26191,0,GEO_ORPHAN_XY_2M,,,,,,
staging.raw_idp_2024_mesures_qualite_globale,86,2024-09-13,,S5 (Aval ancien rejet sotrameg),MES,411431.0,434938.0,26191,0,GEO_ORPHAN_XY_2M,,,,,,
staging.raw_idp_2024_mesures_qualite_globale,87,2024-09-13,,S5 (Aval ancien rejet sotrameg),NO3-,411431.0,434938.0,26191,0,GEO_ORPHAN_XY_2M,,,,,,
staging.raw_idp_2024_mesures_qualite_globale,88,2024-09-13,,S5 (Aval ancien rejet sotrameg),NO2-,411431.0,434938.0,26191,0,GEO_ORPHAN_XY_2M,,,,,,
staging.raw_idp_2024_mesures_qualite_globale,89,2024-09-13,,S5 (Aval ancien rejet sotrameg),Cl-,411431.0,434938.0,26191,0,GEO_ORPHAN_XY_2M,,,,,,
staging.raw_idp_2024_mesures_qualite_globale,90,2024-09-13,,S5 (Aval ancien rejet sotrameg),SO4--,411431.0,434938.0,26191,0,GEO_ORPHAN_XY_2M,,,,,,
staging.raw_idp_2024_mesures_qualite_globale,91,2024-09-13,,S5 (Aval ancien rejet sotrameg),Ca++,411431.0,434938.0,26191,0,GEO_ORPHAN_XY_2M,,,,,,
staging.raw_idp_2024_mesures_qualite_globale,92,2024-09-13,,S5 (Aval ancien rejet sotrameg),Mg++,411431.0,434938.0,26191,0,GEO_ORPHAN_XY_2M,,,,,,
staging.raw_idp_2024_mesures_qualite_globale,93,2024-09-13,,S5 (Aval ancien rejet sotrameg),TH,411431.0,434938.0,26191,0,GEO_ORPHAN_XY_2M,,,,,,
staging.raw_idp_2024_mesures_qualite_globale,94,2024-09-13,,S5 (Aval ancien rejet sotrameg),Na+,411431.0,434938.0,26191,0,GEO_ORPHAN_XY_2M,,,,,,
staging.raw_idp_2024_mesures_qualite_globale,95,2024-09-13,,S5 (Aval ancien rejet sotrameg),K+,411431.0,434938.0,26191,0,GEO_ORPHAN_XY_2M,,,,,,
staging.raw_idp_2024_mesures_qualite_globale,96,2024-09-13,,S5 (Aval ancien rejet sotrameg),CT,411431.0,434938.0,26191,0,GEO_ORPHAN_XY_2M,,,,,,
staging.raw_idp_2024_mesures_qualite_globale,97,2024-09-13,,S5 (Aval ancien rejet sotrameg),CF,411431.0,434938.0,26191,0,GEO_ORPHAN_XY_2M,,,,,,
staging.raw_idp_2024_mesures_qualite_globale,98,2024-09-13,,S5 (Aval ancien rejet sotrameg),SF,411431.0,434938.0,26191,0,GEO_ORPHAN_XY_2M,,,,,,
staging.raw_idp_2024_mesures_qualite_globale,99,2024-09-13,,S6 (Amont ancien rejet sotrameg),DCO,411388.0,436987.0,26191,0,GEO_ORPHAN_XY_2M,,,,,,
staging.raw_idp_2024_mesures_qualite_globale,100,2024-09-13,,S6 (Amont ancien rejet sotrameg),DBO5,411388.0,436987.0,26191,0,GEO_ORPHAN_XY_2M,,,,,,
staging.raw_idp_2024_mesures_qualite_globale,101,2024-09-13,,S6 (Amont ancien rejet sotrameg),NTK,411388.0,436987.0,26191,0,GEO_ORPHAN_XY_2M,,,,,,
staging.raw_idp_2024_mesures_qualite_globale,102,2024-09-13,,S6 (Amont ancien rejet sotrameg),NH4+ ,411388.0,436987.0,26191,0,GEO_ORPHAN_XY_2M,,,,,,
staging.raw_idp_2024_mesures_qualite_globale,103,2024-09-13,,S6 (Amont ancien rejet sotrameg),PT,411388.0,436987.0,26191,0,GEO_ORPHAN_XY_2M,,,,,,
staging.raw_idp_2024_mesures_qualite_globale,104,2024-09-13,,S6 (Amont ancien rejet sotrameg),PO43-,411388.0,436987.0,26191,0,GEO_ORPHAN_XY_2M,,,,,,
staging.raw_idp_2024_mesures_qualite_globale,105,2024-09-13,,S6 (Amont ancien rejet sotrameg),MES,411388.0,436987.0,26191,0,GEO_ORPHAN_XY_2M,,,,,,
staging.raw_idp_2024_mesures_qualite_globale,106,2024-09-13,,S6 (Amont ancien rejet sotrameg),NO3-,411388.0,436987.0,26191,0,GEO_ORPHAN_XY_2M,,,,,,
staging.raw_idp_2024_mesures_qualite_globale,107,2024-09-13,,S6 (Amont ancien rejet sotrameg),NO2-,411388.0,436987.0,26191,0,GEO_ORPHAN_XY_2M,,,,,,
staging.raw_idp_2024_mesures_qualite_globale,108,2024-09-13,,S6 (Amont ancien rejet sotrameg),Cl-,411388.0,436987.0,26191,0,GEO_ORPHAN_XY_2M,,,,,,
staging.raw_idp_2024_mesures_qualite_globale,109,2024-09-13,,S6 (Amont ancien rejet sotrameg),SO4--,411388.0,436987.0,26191,0,GEO_ORPHAN_XY_2M,,,,,,
staging.raw_idp_2024_mesures_qualite_globale,110,2024-09-13,,S6 (Amont ancien rejet sotrameg),Ca++,411388.0,436987.0,26191,0,GEO_ORPHAN_XY_2M,,,,,,
staging.raw_idp_2024_mesures_qualite_globale,111,2024-09-13,,S6 (Amont ancien rejet sotrameg),Mg++,411388.0,436987.0,26191,0,GEO_ORPHAN_XY_2M,,,,,,
staging.raw_idp_2024_mesures_qualite_globale,112,2024-09-13,,S6 (Amont ancien rejet sotrameg),TH,411388.0,436987.0,26191,0,GEO_ORPHAN_XY_2M,,,,,,
staging.raw_idp_2024_mesures_qualite_globale,113,2024-09-13,,S6 (Amont ancien rejet sotrameg),Na+,411388.0,436987.0,26191,0,GEO_ORPHAN_XY_2M,,,,,,
staging.raw_idp_2024_mesures_qualite_globale,114,2024-09-13,,S6 (Amont ancien rejet sotrameg),K+,411388.0,436987.0,26191,0,GEO_ORPHAN_XY_2M,,,,,,
staging.raw_idp_2024_mesures_qualite_globale,115,2024-09-13,,S6 (Amont ancien rejet sotrameg),CT,411388.0,436987.0,26191,0,GEO_ORPHAN_XY_2M,,,,,,
staging.raw_idp_2024_mesures_qualite_globale,116,2024-09-13,,S6 (Amont ancien rejet sotrameg),CF,411388.0,436987.0,26191,0,GEO_ORPHAN_XY_2M,,,,,,
staging.raw_idp_2024_mesures_qualite_globale,117,2024-09-13,,S6 (Amont ancien rejet sotrameg),SF,411388.0,436987.0,26191,0,GEO_ORPHAN_XY_2M,,,,,,
staging.raw_idp_2024_mesures_qualite_globale,118,2024-09-13,,S7 (Aval_Conf_Rejet_SAT (Sidi Allal Tazi),DCO,413977.0,438108.0,26191,0,GEO_ORPHAN_XY_2M,,,,,,
staging.raw_idp_2024_mesures_qualite_globale,119,2024-09-13,,S7 (Aval_Conf_Rejet_SAT (Sidi Allal Tazi),DBO5,413977.0,438108.0,26191,0,GEO_ORPHAN_XY_2M,,,,,,
staging.raw_idp_2024_mesures_qualite_globale,120,2024-09-13,,S7 (Aval_Conf_Rejet_SAT (Sidi Allal Tazi),NTK,413977.0,438108.0,26191,0,GEO_ORPHAN_XY_2M,,,,,,
staging.raw_idp_2024_mesures_qualite_globale,121,2024-09-13,,S7 (Aval_Conf_Rejet_SAT (Sidi Allal Tazi),NH4+ ,413977.0,438108.0,26191,0,GEO_ORPHAN_XY_2M,,,,,,
staging.raw_idp_2024_mesures_qualite_globale,122,2024-09-13,,S7 (Aval_Conf_Rejet_SAT (Sidi Allal Tazi),PT,413977.0,438108.0,26191,0,GEO_ORPHAN_XY_2M,,,,,,
staging.raw_idp_2024_mesures_qualite_globale,123,2024-09-13,,S7 (Aval_Conf_Rejet_SAT (Sidi Allal Tazi),PO43-,413977.0,438108.0,26191,0,GEO_ORPHAN_XY_2M,,,,,,
staging.raw_idp_2024_mesures_qualite_globale,124,2024-09-13,,S7 (Aval_Conf_Rejet_SAT (Sidi Allal Tazi),MES,413977.0,438108.0,26191,0,GEO_ORPHAN_XY_2M,,,,,,
staging.raw_idp_2024_mesures_qualite_globale,125,2024-09-13,,S7 (Aval_Conf_Rejet_SAT (Sidi Allal Tazi),NO3-,413977.0,438108.0,26191,0,GEO_ORPHAN_XY_2M,,,,,,
staging.raw_idp_2024_mesures_qualite_globale,126,2024-09-13,,S7 (Aval_Conf_Rejet_SAT (Sidi Allal Tazi),NO2-,413977.0,438108.0,26191,0,GEO_ORPHAN_XY_2M,,,,,,
staging.raw_idp_2024_mesures_qualite_globale,127,2024-09-13,,S7 (Aval_Conf_Rejet_SAT (Sidi Allal Tazi),Cl-,413977.0,438108.0,26191,0,GEO_ORPHAN_XY_2M,,,,,,
staging.raw_idp_2024_mesures_qualite_globale,128,2024-09-13,,S7 (Aval_Conf_Rejet_SAT (Sidi Allal Tazi),SO4--,413977.0,438108.0,26191,0,GEO_ORPHAN_XY_2M,,,,,,
staging.raw_idp_2024_mesures_qualite_globale,129,2024-09-13,,S7 (Aval_Conf_Rejet_SAT (Sidi Allal Tazi),Ca++,413977.0,438108.0,26191,0,GEO_ORPHAN_XY_2M,,,,,,
staging.raw_idp_2024_mesures_qualite_globale,130,2024-09-13,,S7 (Aval_Conf_Rejet_SAT (Sidi Allal Tazi),Mg++,413977.0,438108.0,26191,0,GEO_ORPHAN_XY_2M,,,,,,
staging.raw_idp_2024_mesures_qualite_globale,131,2024-09-13,,S7 (Aval_Conf_Rejet_SAT (Sidi Allal Tazi),TH,413977.0,438108.0,26191,0,GEO_ORPHAN_XY_2M,,,,,,
staging.raw_idp_2024_mesures_qualite_globale,132,2024-09-13,,S7 (Aval_Conf_Rejet_SAT (Sidi Allal Tazi),Na+,413977.0,438108.0,26191,0,GEO_ORPHAN_XY_2M,,,,,,
staging.raw_idp_2024_mesures_qualite_globale,133,2024-09-13,,S7 (Aval_Conf_Rejet_SAT (Sidi Allal Tazi),K+,413977.0,438108.0,26191,0,GEO_ORPHAN_XY_2M,,,,,,
staging.raw_idp_2024_mesures_qualite_globale,134,2024-09-13,,S7 (Aval_Conf_Rejet_SAT (Sidi Allal Tazi),CT,413977.0,438108.0,26191,0,GEO_ORPHAN_XY_2M,,,,,,
staging.raw_idp_2024_mesures_qualite_globale,135,2024-09-13,,S7 (Aval_Conf_Rejet_SAT (Sidi Allal Tazi),CF,413977.0,438108.0,26191,0,GEO_ORPHAN_XY_2M,,,,,,
staging.raw_idp_2024_mesures_qualite_globale,136,2024-09-13,,S7 (Aval_Conf_Rejet_SAT (Sidi Allal Tazi),SF,413977.0,438108.0,26191,0,GEO_ORPHAN_XY_2M,,,,,,
staging.raw_idp_2024_mesures_qualite_globale,137,2024-09-13,,S9 (Aval douar el fokra (sidi kamel),DCO,422480.0,434880.0,26191,0,GEO_ORPHAN_XY_2M,,,,,,
staging.raw_idp_2024_mesures_qualite_globale,138,2024-09-13,,S9 (Aval douar el fokra (sidi kamel),DBO5,422480.0,434880.0,26191,0,GEO_ORPHAN_XY_2M,,,,,,
staging.raw_idp_2024_mesures_qualite_globale,139,2024-09-13,,S9 (Aval douar el fokra (sidi kamel),NTK,422480.0,434880.0,26191,0,GEO_ORPHAN_XY_2M,,,,,,
staging.raw_idp_2024_mesures_qualite_globale,140,2024-09-13,,S9 (Aval douar el fokra (sidi kamel),NH4+ ,422480.0,434880.0,26191,0,GEO_ORPHAN_XY_2M,,,,,,
staging.raw_idp_2024_mesures_qualite_globale,141,2024-09-13,,S9 (Aval douar el fokra (sidi kamel),PT,422480.0,434880.0,26191,0,GEO_ORPHAN_XY_2M,,,,,,
staging.raw_idp_2024_mesures_qualite_globale,142,2024-09-13,,S9 (Aval douar el fokra (sidi kamel),PO43-,422480.0,434880.0,26191,0,GEO_ORPHAN_XY_2M,,,,,,
staging.raw_idp_2024_mesures_qualite_globale,143,2024-09-13,,S9 (Aval douar el fokra (sidi kamel),MES,422480.0,434880.0,26191,0,GEO_ORPHAN_XY_2M,,,,,,
staging.raw_idp_2024_mesures_qualite_globale,144,2024-09-13,,S9 (Aval douar el fokra (sidi kamel),NO3-,422480.0,434880.0,26191,0,GEO_ORPHAN_XY_2M,,,,,,
staging.raw_idp_2024_mesures_qualite_globale,145,2024-09-13,,S9 (Aval douar el fokra (sidi kamel),NO2-,422480.0,434880.0,26191,0,GEO_ORPHAN_XY_2M,,,,,,
staging.raw_idp_2024_mesures_qualite_globale,146,2024-09-13,,S9 (Aval douar el fokra (sidi kamel),Cl-,422480.0,434880.0,26191,0,GEO_ORPHAN_XY_2M,,,,,,
staging.raw_idp_2024_mesures_qualite_globale,147,2024-09-13,,S9 (Aval douar el fokra (sidi kamel),SO4--,422480.0,434880.0,26191,0,GEO_ORPHAN_XY_2M,,,,,,
staging.raw_idp_2024_mesures_qualite_globale,148,2024-09-13,,S9 (Aval douar el fokra (sidi kamel),Ca++,422480.0,434880.0,26191,0,GEO_ORPHAN_XY_2M,,,,,,
staging.raw_idp_2024_mesures_qualite_globale,149,2024-09-13,,S9 (Aval douar el fokra (sidi kamel),Mg++,422480.0,434880.0,26191,0,GEO_ORPHAN_XY_2M,,,,,,
staging.raw_idp_2024_mesures_qualite_globale,150,2024-09-13,,S9 (Aval douar el fokra (sidi kamel),TH,422480.0,434880.0,26191,0,GEO_ORPHAN_XY_2M,,,,,,
staging.raw_idp_2024_mesures_qualite_globale,151,2024-09-13,,S9 (Aval douar el fokra (sidi kamel),Na+,422480.0,434880.0,26191,0,GEO_ORPHAN_XY_2M,,,,,,
staging.raw_idp_2024_mesures_qualite_globale,152,2024-09-13,,S9 (Aval douar el fokra (sidi kamel),K+,422480.0,434880.0,26191,0,GEO_ORPHAN_XY_2M,,,,,,
staging.raw_idp_2024_mesures_qualite_globale,153,2024-09-13,,S9 (Aval douar el fokra (sidi kamel),CT,422480.0,434880.0,26191,0,GEO_ORPHAN_XY_2M,,,,,,
staging.raw_idp_2024_mesures_qualite_globale,154,2024-09-13,,S9 (Aval douar el fokra (sidi kamel),CF,422480.0,434880.0,26191,0,GEO_ORPHAN_XY_2M,,,,,,
staging.raw_idp_2024_mesures_qualite_globale,155,2024-09-13,,S9 (Aval douar el fokra (sidi kamel),SF,422480.0,434880.0,26191,0,GEO_ORPHAN_XY_2M,,,,,,
staging.raw_idp_2024_mesures_qualite_globale,156,2024-09-13,,S8 (Aval Ferme Agricole sidi kamel),DCO,415869.0,434092.0,26191,0,GEO_ORPHAN_XY_2M,,,,,,
staging.raw_idp_2024_mesures_qualite_globale,157,2024-09-13,,S8 (Aval Ferme Agricole sidi kamel),DBO5,415869.0,434092.0,26191,0,GEO_ORPHAN_XY_2M,,,,,,
staging.raw_idp_2024_mesures_qualite_globale,158,2024-09-13,,S8 (Aval Ferme Agricole sidi kamel),NTK,415869.0,434092.0,26191,0,GEO_ORPHAN_XY_2M,,,,,,
staging.raw_idp_2024_mesures_qualite_globale,159,2024-09-13,,S8 (Aval Ferme Agricole sidi kamel),NH4+ ,415869.0,434092.0,26191,0,GEO_ORPHAN_XY_2M,,,,,,
staging.raw_idp_2024_mesures_qualite_globale,160,2024-09-13,,S8 (Aval Ferme Agricole sidi kamel),PT,415869.0,434092.0,26191,0,GEO_ORPHAN_XY_2M,,,,,,
staging.raw_idp_2024_mesures_qualite_globale,161,2024-09-13,,S8 (Aval Ferme Agricole sidi kamel),PO43-,415869.0,434092.0,26191,0,GEO_ORPHAN_XY_2M,,,,,,
staging.raw_idp_2024_mesures_qualite_globale,162,2024-09-13,,S8 (Aval Ferme Agricole sidi kamel),MES,415869.0,434092.0,26191,0,GEO_ORPHAN_XY_2M,,,,,,
staging.raw_idp_2024_mesures_qualite_globale,163,2024-09-13,,S8 (Aval Ferme Agricole sidi kamel),Phénol,415869.0,434092.0,26191,0,GEO_ORPHAN_XY_2M,,,,,,
staging.raw_idp_2024_mesures_qualite_globale,164,2024-09-13,,S8 (Aval Ferme Agricole sidi kamel),"Huiles
Graisses",415869.0,434092.0,26191,0,GEO_ORPHAN_XY_2M,,,,,,
staging.raw_idp_2024_mesures_qualite_globale,165,2024-09-13,,S8 (Aval Ferme Agricole sidi kamel),NO3-,415869.0,434092.0,26191,0,GEO_ORPHAN_XY_2M,,,,,,
staging.raw_idp_2024_mesures_qualite_globale,166,2024-09-13,,S8 (Aval Ferme Agricole sidi kamel),NO2-,415869.0,434092.0,26191,0,GEO_ORPHAN_XY_2M,,,,,,
staging.raw_idp_2024_mesures_qualite_globale,167,2024-09-13,,S8 (Aval Ferme Agricole sidi kamel),Cl-,415869.0,434092.0,26191,0,GEO_ORPHAN_XY_2M,,,,,,
staging.raw_idp_2024_mesures_qualite_globale,168,2024-09-13,,S8 (Aval Ferme Agricole sidi kamel),SO4--,415869.0,434092.0,26191,0,GEO_ORPHAN_XY_2M,,,,,,
staging.raw_idp_2024_mesures_qualite_globale,169,2024-09-13,,S8 (Aval Ferme Agricole sidi kamel),Ca++,415869.0,434092.0,26191,0,GEO_ORPHAN_XY_2M,,,,,,
staging.raw_idp_2024_mesures_qualite_globale,170,2024-09-13,,S8 (Aval Ferme Agricole sidi kamel),Mg++,415869.0,434092.0,26191,0,GEO_ORPHAN_XY_2M,,,,,,
staging.raw_idp_2024_mesures_qualite_globale,171,2024-09-13,,S8 (Aval Ferme Agricole sidi kamel),TH,415869.0,434092.0,26191,0,GEO_ORPHAN_XY_2M,,,,,,
staging.raw_idp_2024_mesures_qualite_globale,172,2024-09-13,,S8 (Aval Ferme Agricole sidi kamel),Na+,415869.0,434092.0,26191,0,GEO_ORPHAN_XY_2M,,,,,,
staging.raw_idp_2024_mesures_qualite_globale,173,2024-09-13,,S8 (Aval Ferme Agricole sidi kamel),K+,415869.0,434092.0,26191,0,GEO_ORPHAN_XY_2M,,,,,,
staging.raw_idp_2024_mesures_qualite_globale,174,2024-09-13,,S8 (Aval Ferme Agricole sidi kamel),Ag,415869.0,434092.0,26191,0,GEO_ORPHAN_XY_2M,,,,,,
staging.raw_idp_2024_mesures_qualite_globale,175,2024-09-13,,S8 (Aval Ferme Agricole sidi kamel),Al,415869.0,434092.0,26191,0,GEO_ORPHAN_XY_2M,,,,,,
staging.raw_idp_2024_mesures_qualite_globale,176,2024-09-13,,S8 (Aval Ferme Agricole sidi kamel),As,415869.0,434092.0,26191,0,GEO_ORPHAN_XY_2M,,,,,,
staging.raw_idp_2024_mesures_qualite_globale,177,2024-09-13,,S8 (Aval Ferme Agricole sidi kamel),Ba,415869.0,434092.0,26191,0,GEO_ORPHAN_XY_2M,,,,,,
staging.raw_idp_2024_mesures_qualite_globale,178,2024-09-13,,S8 (Aval Ferme Agricole sidi kamel),Be,415869.0,434092.0,26191,0,GEO_ORPHAN_XY_2M,,,,,,
staging.raw_idp_2024_mesures_qualite_globale,179,2024-09-13,,S8 (Aval Ferme Agricole sidi kamel),Cd,415869.0,434092.0,26191,0,GEO_ORPHAN_XY_2M,,,,,,
staging.raw_idp_2024_mesures_qualite_globale,180,2024-09-13,,S8 (Aval Ferme Agricole sidi kamel),Co,415869.0,434092.0,26191,0,GEO_ORPHAN_XY_2M,,,,,,
staging.raw_idp_2024_mesures_qualite_globale,181,2024-09-13,,S8 (Aval Ferme Agricole sidi kamel),CrT,415869.0,434092.0,26191,0,GEO_ORPHAN_XY_2M,,,,,,
staging.raw_idp_2024_mesures_qualite_globale,182,2024-09-13,,S8 (Aval Ferme Agricole sidi kamel),Cu,415869.0,434092.0,26191,0,GEO_ORPHAN_XY_2M,,,,,,
staging.raw_idp_2024_mesures_qualite_globale,183,2024-09-13,,S8 (Aval Ferme Agricole sidi kamel),Fe,415869.0,434092.0,26191,0,GEO_ORPHAN_XY_2M,,,,,,
staging.raw_idp_2024_mesures_qualite_globale,184,2024-09-13,,S8 (Aval Ferme Agricole sidi kamel),Hg,415869.0,434092.0,26191,0,GEO_ORPHAN_XY_2M,,,,,,
staging.raw_idp_2024_mesures_qualite_globale,185,2024-09-13,,S8 (Aval Ferme Agricole sidi kamel),Mn,415869.0,434092.0,26191,0,GEO_ORPHAN_XY_2M,,,,,,
staging.raw_idp_2024_mesures_qualite_globale,186,2024-09-13,,S8 (Aval Ferme Agricole sidi kamel),Mo,415869.0,434092.0,26191,0,GEO_ORPHAN_XY_2M,,,,,,
staging.raw_idp_2024_mesures_qualite_globale,187,2024-09-13,,S8 (Aval Ferme Agricole sidi kamel),Ni,415869.0,434092.0,26191,0,GEO_ORPHAN_XY_2M,,,,,,
staging.raw_idp_2024_mesures_qualite_globale,188,2024-09-13,,S8 (Aval Ferme Agricole sidi kamel),Pb,415869.0,434092.0,26191,0,GEO_ORPHAN_XY_2M,,,,,,
staging.raw_idp_2024_mesures_qualite_globale,189,2024-09-13,,S8 (Aval Ferme Agricole sidi kamel),Sb,415869.0,434092.0,26191,0,GEO_ORPHAN_XY_2M,,,,,,
staging.raw_idp_2024_mesures_qualite_globale,190,2024-09-13,,S8 (Aval Ferme Agricole sidi kamel),Se,415869.0,434092.0,26191,0,GEO_ORPHAN_XY_2M,,,,,,
staging.raw_idp_2024_mesures_qualite_globale,191,2024-09-13,,S8 (Aval Ferme Agricole sidi kamel),Sn,415869.0,434092.0,26191,0,GEO_ORPHAN_XY_2M,,,,,,
staging.raw_idp_2024_mesures_qualite_globale,192,2024-09-13,,S8 (Aval Ferme Agricole sidi kamel),V,415869.0,434092.0,26191,0,GEO_ORPHAN_XY_2M,,,,,,
staging.raw_idp_2024_mesures_qualite_globale,193,2024-09-13,,S8 (Aval Ferme Agricole sidi kamel),Zn,415869.0,434092.0,26191,0,GEO_ORPHAN_XY_2M,,,,,,
staging.raw_idp_2024_mesures_qualite_globale,194,2024-09-13,,S8 (Aval Ferme Agricole sidi kamel),CT,415869.0,434092.0,26191,0,GEO_ORPHAN_XY_2M,,,,,,
staging.raw_idp_2024_mesures_qualite_globale,195,2024-09-13,,S8 (Aval Ferme Agricole sidi kamel),CF,415869.0,434092.0,26191,0,GEO_ORPHAN_XY_2M,,,,,,
staging.raw_idp_2024_mesures_qualite_globale,196,2024-09-13,,S8 (Aval Ferme Agricole sidi kamel),SF,415869.0,434092.0,26191,0,GEO_ORPHAN_XY_2M,,,,,,
staging.raw_idp_2024_mesures_qualite_globale,197,2024-09-13,,REJET R5 (R5: LOD-DOM-R2),DCO,,,26191,0,GEO_ORPHAN_XY_2M,,,,,,
staging.raw_idp_2024_mesures_qualite_globale,198,2024-09-13,, REJET R4  (R4: SHZ-DOM3-R2),DCO,,,26191,0,GEO_ORPHAN_XY_2M,,,,,,
staging.raw_idp_2024_mesures_qualite_globale,199,2024-09-13,,REJET R1 EM (R1: SHZ-DOM2-R1),DCO,,,26191,0,GEO_ORPHAN_XY_2M,,,,,,
staging.raw_idp_2024_mesures_qualite_globale,200,2024-09-13,,REJET R1 EM (R1: SHZ-DOM2-R1),DBO5,,,26191,0,GEO_ORPHAN_XY_2M,,,,,,
staging.raw_idp_2024_mesures_qualite_globale,201,2024-09-13,,REJET R1 EM (R1: SHZ-DOM2-R1),NTK,,,26191,0,GEO_ORPHAN_XY_2M,,,,,,
staging.raw_idp_2024_mesures_qualite_globale,202,2024-09-13,,REJET R1 EM (R1: SHZ-DOM2-R1),NH4+ ,,,26191,0,GEO_ORPHAN_XY_2M,,,,,,
staging.raw_idp_2024_mesures_qualite_globale,203,2024-09-13,,REJET R1 EM (R1: SHZ-DOM2-R1),PT,,,26191,0,GEO_ORPHAN_XY_2M,,,,,,
staging.raw_idp_2024_mesures_qualite_globale,204,2024-09-13,,REJET R1 EM (R1: SHZ-DOM2-R1),PO43-,,,26191,0,GEO_ORPHAN_XY_2M,,,,,,
staging.raw_idp_2024_mesures_qualite_globale,205,2024-09-13,,REJET R1 EM (R1: SHZ-DOM2-R1),MES,,,26191,0,GEO_ORPHAN_XY_2M,,,,,,
staging.raw_idp_2024_mesures_qualite_globale,206,2024-09-13,,REJET R1 EM (R1: SHZ-DOM2-R1),Phénol,,,26191,0,GEO_ORPHAN_XY_2M,,,,,,
staging.raw_idp_2024_mesures_qualite_globale,207,2024-09-13,,REJET R1 EM (R1: SHZ-DOM2-R1),"Huiles
Graisses",,,26191,0,GEO_ORPHAN_XY_2M,,,,,,
staging.raw_idp_2024_mesures_qualite_globale,208,2024-09-13,,REJET R1 EM (R1: SHZ-DOM2-R1),NO3-,,,26191,0,GEO_ORPHAN_XY_2M,,,,,,
staging.raw_idp_2024_mesures_qualite_globale,209,2024-09-13,,REJET R1 EM (R1: SHZ-DOM2-R1),NO2-,,,26191,0,GEO_ORPHAN_XY_2M,,,,,,
staging.raw_idp_2024_mesures_qualite_globale,210,2024-09-13,,REJET R1 EM (R1: SHZ-DOM2-R1),Cl-,,,26191,0,GEO_ORPHAN_XY_2M,,,,,,
staging.raw_idp_2024_mesures_qualite_globale,211,2024-09-13,,REJET R1 EM (R1: SHZ-DOM2-R1),SO4--,,,26191,0,GEO_ORPHAN_XY_2M,,,,,,
staging.raw_idp_2024_mesures_qualite_globale,212,2024-09-13,,REJET R1 EM (R1: SHZ-DOM2-R1),Ca++,,,26191,0,GEO_ORPHAN_XY_2M,,,,,,
staging.raw_idp_2024_mesures_qualite_globale,213,2024-09-13,,REJET R1 EM (R1: SHZ-DOM2-R1),Mg++,,,26191,0,GEO_ORPHAN_XY_2M,,,,,,
staging.raw_idp_2024_mesures_qualite_globale,214,2024-09-13,,REJET R1 EM (R1: SHZ-DOM2-R1),TH,,,26191,0,GEO_ORPHAN_XY_2M,,,,,,
staging.raw_idp_2024_mesures_qualite_globale,215,2024-09-13,,REJET R1 EM (R1: SHZ-DOM2-R1),Na+,,,26191,0,GEO_ORPHAN_XY_2M,,,,,,
staging.raw_idp_2024_mesures_qualite_globale,216,2024-09-13,,REJET R1 EM (R1: SHZ-DOM2-R1),K+,,,26191,0,GEO_ORPHAN_XY_2M,,,,,,
staging.raw_idp_2024_mesures_qualite_globale,217,2024-09-13,,REJET R1 EM (R1: SHZ-DOM2-R1),Fe,,,26191,0,GEO_ORPHAN_XY_2M,,,,,,
staging.raw_idp_2024_mesures_qualite_globale,218,2024-09-13,,REJET R2 EM  (R2: SHZ-DOM2-R2),DCO,,,26191,0,GEO_ORPHAN_XY_2M,,,,,,
staging.raw_idp_2024_mesures_qualite_globale,219,2024-09-13,,REJET R2 EM  (R2: SHZ-DOM2-R2),DBO5,,,26191,0,GEO_ORPHAN_XY_2M,,,,,,
staging.raw_idp_2024_mesures_qualite_globale,220,2024-09-13,,REJET R2 EM  (R2: SHZ-DOM2-R2),NTK,,,26191,0,GEO_ORPHAN_XY_2M,,,,,,
staging.raw_idp_2024_mesures_qualite_globale,221,2024-09-13,,REJET R2 EM  (R2: SHZ-DOM2-R2),NH4+ ,,,26191,0,GEO_ORPHAN_XY_2M,,,,,,
staging.raw_idp_2024_mesures_qualite_globale,222,2024-09-13,,REJET R2 EM  (R2: SHZ-DOM2-R2),PT,,,26191,0,GEO_ORPHAN_XY_2M,,,,,,
staging.raw_idp_2024_mesures_qualite_globale,223,2024-09-13,,REJET R2 EM  (R2: SHZ-DOM2-R2),PO43-,,,26191,0,GEO_ORPHAN_XY_2M,,,,,,
staging.raw_idp_2024_mesures_qualite_globale,224,2024-09-13,,REJET R2 EM  (R2: SHZ-DOM2-R2),MES,,,26191,0,GEO_ORPHAN_XY_2M,,,,,,
staging.raw_idp_2024_mesures_qualite_globale,225,2024-09-13,,REJET R2 EM  (R2: SHZ-DOM2-R2),Phénol,,,26191,0,GEO_ORPHAN_XY_2M,,,,,,
staging.raw_idp_2024_mesures_qualite_globale,226,2024-09-13,,REJET R2 EM  (R2: SHZ-DOM2-R2),"Huiles
Graisses",,,26191,0,GEO_ORPHAN_XY_2M,,,,,,
staging.raw_idp_2024_mesures_qualite_globale,227,2024-09-13,,REJET R2 EM  (R2: SHZ-DOM2-R2),NO3-,,,26191,0,GEO_ORPHAN_XY_2M,,,,,,
staging.raw_idp_2024_mesures_qualite_globale,228,2024-09-13,,REJET R2 EM  (R2: SHZ-DOM2-R2),NO2-,,,26191,0,GEO_ORPHAN_XY_2M,,,,,,
staging.raw_idp_2024_mesures_qualite_globale,229,2024-09-13,,REJET R2 EM  (R2: SHZ-DOM2-R2),Cl-,,,26191,0,GEO_ORPHAN_XY_2M,,,,,,
staging.raw_idp_2024_mesures_qualite_globale,230,2024-09-13,,REJET R2 EM  (R2: SHZ-DOM2-R2),SO4--,,,26191,0,GEO_ORPHAN_XY_2M,,,,,,
staging.raw_idp_2024_mesures_qualite_globale,231,2024-09-13,,REJET R2 EM  (R2: SHZ-DOM2-R2),Ca++,,,26191,0,GEO_ORPHAN_XY_2M,,,,,,
staging.raw_idp_2024_mesures_qualite_globale,232,2024-09-13,,REJET R2 EM  (R2: SHZ-DOM2-R2),Mg++,,,26191,0,GEO_ORPHAN_XY_2M,,,,,,
staging.raw_idp_2024_mesures_qualite_globale,233,2024-09-13,,REJET R2 EM  (R2: SHZ-DOM2-R2),TH,,,26191,0,GEO_ORPHAN_XY_2M,,,,,,
staging.raw_idp_2024_mesures_qualite_globale,234,2024-09-13,,REJET R2 EM  (R2: SHZ-DOM2-R2),Na+,,,26191,0,GEO_ORPHAN_XY_2M,,,,,,
staging.raw_idp_2024_mesures_qualite_globale,235,2024-09-13,,REJET R2 EM  (R2: SHZ-DOM2-R2),K+,,,26191,0,GEO_ORPHAN_XY_2M,,,,,,
staging.raw_idp_2024_mesures_qualite_globale,236,2024-09-13,,REJET R2 EM  (R2: SHZ-DOM2-R2),Fe,,,26191,0,GEO_ORPHAN_XY_2M,,,,,,
staging.raw_idp_2024_mesures_qualite_globale,237,2024-09-13,,REJET R3 EM  (R3: SHZ-DOM1-R1),DCO,,,26191,0,GEO_ORPHAN_XY_2M,,,,,,
staging.raw_idp_2024_mesures_qualite_globale,238,2024-09-13,,REJET R3 EM  (R3: SHZ-DOM1-R1),DBO5,,,26191,0,GEO_ORPHAN_XY_2M,,,,,,
staging.raw_idp_2024_mesures_qualite_globale,239,2024-09-13,,REJET R3 EM  (R3: SHZ-DOM1-R1),NTK,,,26191,0,GEO_ORPHAN_XY_2M,,,,,,
staging.raw_idp_2024_mesures_qualite_globale,240,2024-09-13,,REJET R3 EM  (R3: SHZ-DOM1-R1),NH4+ ,,,26191,0,GEO_ORPHAN_XY_2M,,,,,,
staging.raw_idp_2024_mesures_qualite_globale,241,2024-09-13,,REJET R3 EM  (R3: SHZ-DOM1-R1),PT,,,26191,0,GEO_ORPHAN_XY_2M,,,,,,
staging.raw_idp_2024_mesures_qualite_globale,242,2024-09-13,,REJET R3 EM  (R3: SHZ-DOM1-R1),PO43-,,,26191,0,GEO_ORPHAN_XY_2M,,,,,,
staging.raw_idp_2024_mesures_qualite_globale,243,2024-09-13,,REJET R3 EM  (R3: SHZ-DOM1-R1),MES,,,26191,0,GEO_ORPHAN_XY_2M,,,,,,
staging.raw_idp_2024_mesures_qualite_globale,244,2024-09-13,,REJET R3 EM  (R3: SHZ-DOM1-R1),Phénol,,,26191,0,GEO_ORPHAN_XY_2M,,,,,,
staging.raw_idp_2024_mesures_qualite_globale,245,2024-09-13,,REJET R3 EM  (R3: SHZ-DOM1-R1),"Huiles
Graisses",,,26191,0,GEO_ORPHAN_XY_2M,,,,,,
staging.raw_idp_2024_mesures_qualite_globale,246,2024-09-13,,REJET R3 EM  (R3: SHZ-DOM1-R1),NO3-,,,26191,0,GEO_ORPHAN_XY_2M,,,,,,
staging.raw_idp_2024_mesures_qualite_globale,247,2024-09-13,,REJET R3 EM  (R3: SHZ-DOM1-R1),NO2-,,,26191,0,GEO_ORPHAN_XY_2M,,,,,,
staging.raw_idp_2024_mesures_qualite_globale,248,2024-09-13,,REJET R3 EM  (R3: SHZ-DOM1-R1),Cl-,,,26191,0,GEO_ORPHAN_XY_2M,,,,,,
staging.raw_idp_2024_mesures_qualite_globale,249,2024-09-13,,REJET R3 EM  (R3: SHZ-DOM1-R1),SO4--,,,26191,0,GEO_ORPHAN_XY_2M,,,,,,
staging.raw_idp_2024_mesures_qualite_globale,250,2024-09-13,,REJET R3 EM  (R3: SHZ-DOM1-R1),Ca++,,,26191,0,GEO_ORPHAN_XY_2M,,,,,,
staging.raw_idp_2024_mesures_qualite_globale,251,2024-09-13,,REJET R3 EM  (R3: SHZ-DOM1-R1),Mg++,,,26191,0,GEO_ORPHAN_XY_2M,,,,,,
staging.raw_idp_2024_mesures_qualite_globale,252,2024-09-13,,REJET R3 EM  (R3: SHZ-DOM1-R1),TH,,,26191,0,GEO_ORPHAN_XY_2M,,,,,,
staging.raw_idp_2024_mesures_qualite_globale,253,2024-09-13,,REJET R3 EM  (R3: SHZ-DOM1-R1),Na+,,,26191,0,GEO_ORPHAN_XY_2M,,,,,,
staging.raw_idp_2024_mesures_qualite_globale,254,2024-09-13,,REJET R3 EM  (R3: SHZ-DOM1-R1),K+,,,26191,0,GEO_ORPHAN_XY_2M,,,,,,
staging.raw_idp_2024_mesures_qualite_globale,255,2024-09-13,,REJET R3 EM  (R3: SHZ-DOM1-R1),Fe,,,26191,0,GEO_ORPHAN_XY_2M,,,,,,
staging.raw_idp_2024_mesures_qualite_globale,256,2024-09-13,,REJET R1 EP (R1: SHZ-DOM2-R1),CT,,,26191,0,GEO_ORPHAN_XY_2M,,,,,,
staging.raw_idp_2024_mesures_qualite_globale,257,2024-09-13,,REJET R1 EP (R1: SHZ-DOM2-R1),CF,,,26191,0,GEO_ORPHAN_XY_2M,,,,,,
staging.raw_idp_2024_mesures_qualite_globale,258,2024-09-13,,REJET R1 EP (R1: SHZ-DOM2-R1),SF,,,26191,0,GEO_ORPHAN_XY_2M,,,,,,
staging.raw_idp_2024_mesures_qualite_globale,259,2024-09-13,,REJET R2 EP  (R2: SHZ-DOM2-R2),CT,,,26191,0,GEO_ORPHAN_XY_2M,,,,,,
staging.raw_idp_2024_mesures_qualite_globale,260,2024-09-13,,REJET R2 EP  (R2: SHZ-DOM2-R2),CF,,,26191,0,GEO_ORPHAN_XY_2M,,,,,,
staging.raw_idp_2024_mesures_qualite_globale,261,2024-09-13,,REJET R2 EP  (R2: SHZ-DOM2-R2),SF,,,26191,0,GEO_ORPHAN_XY_2M,,,,,,
staging.raw_idp_2024_mesures_qualite_globale,262,2024-09-13,,REJET R3 EP  (R3: SHZ-DOM1-R1),CT,,,26191,0,GEO_ORPHAN_XY_2M,,,,,,
staging.raw_idp_2024_mesures_qualite_globale,263,2024-09-13,,REJET R3 EP  (R3: SHZ-DOM1-R1),CF,,,26191,0,GEO_ORPHAN_XY_2M,,,,,,
staging.raw_idp_2024_mesures_qualite_globale,264,2024-09-13,,REJET R3 EP  (R3: SHZ-DOM1-R1),SF,,,26191,0,GEO_ORPHAN_XY_2M,,,,,,
staging.raw_idp_2024_mesures_qualite_globale,303,2024-09-14,,S10 (Aval douar Zehair (sidi kamel),DCO,424538.0,441614.0,26191,0,GEO_ORPHAN_XY_2M,,,,,,
staging.raw_idp_2024_mesures_qualite_globale,304,2024-09-14,,S10 (Aval douar Zehair (sidi kamel),DBO5,424538.0,441614.0,26191,0,GEO_ORPHAN_XY_2M,,,,,,
staging.raw_idp_2024_mesures_qualite_globale,305,2024-09-14,,S10 (Aval douar Zehair (sidi kamel),NTK,424538.0,441614.0,26191,0,GEO_ORPHAN_XY_2M,,,,,,
staging.raw_idp_2024_mesures_qualite_globale,306,2024-09-14,,S10 (Aval douar Zehair (sidi kamel),NH4+ ,424538.0,441614.0,26191,0,GEO_ORPHAN_XY_2M,,,,,,
staging.raw_idp_2024_mesures_qualite_globale,307,2024-09-14,,S10 (Aval douar Zehair (sidi kamel),PT,424538.0,441614.0,26191,0,GEO_ORPHAN_XY_2M,,,,,,
staging.raw_idp_2024_mesures_qualite_globale,308,2024-09-14,,S10 (Aval douar Zehair (sidi kamel),PO43-,424538.0,441614.0,26191,0,GEO_ORPHAN_XY_2M,,,,,,
staging.raw_idp_2024_mesures_qualite_globale,309,2024-09-14,,S10 (Aval douar Zehair (sidi kamel),MES,424538.0,441614.0,26191,0,GEO_ORPHAN_XY_2M,,,,,,
staging.raw_idp_2024_mesures_qualite_globale,310,2024-09-14,,S10 (Aval douar Zehair (sidi kamel),NO3-,424538.0,441614.0,26191,0,GEO_ORPHAN_XY_2M,,,,,,
staging.raw_idp_2024_mesures_qualite_globale,311,2024-09-14,,S10 (Aval douar Zehair (sidi kamel),NO2-,424538.0,441614.0,26191,0,GEO_ORPHAN_XY_2M,,,,,,
staging.raw_idp_2024_mesures_qualite_globale,312,2024-09-14,,S10 (Aval douar Zehair (sidi kamel),Cl-,424538.0,441614.0,26191,0,GEO_ORPHAN_XY_2M,,,,,,
staging.raw_idp_2024_mesures_qualite_globale,313,2024-09-14,,S10 (Aval douar Zehair (sidi kamel),SO4--,424538.0,441614.0,26191,0,GEO_ORPHAN_XY_2M,,,,,,
staging.raw_idp_2024_mesures_qualite_globale,314,2024-09-14,,S10 (Aval douar Zehair (sidi kamel),Ca++,424538.0,441614.0,26191,0,GEO_ORPHAN_XY_2M,,,,,,
staging.raw_idp_2024_mesures_qualite_globale,315,2024-09-14,,S10 (Aval douar Zehair (sidi kamel),Mg++,424538.0,441614.0,26191,0,GEO_ORPHAN_XY_2M,,,,,,
staging.raw_idp_2024_mesures_qualite_globale,316,2024-09-14,,S10 (Aval douar Zehair (sidi kamel),TH,424538.0,441614.0,26191,0,GEO_ORPHAN_XY_2M,,,,,,
staging.raw_idp_2024_mesures_qualite_globale,317,2024-09-14,,S10 (Aval douar Zehair (sidi kamel),Na+,424538.0,441614.0,26191,0,GEO_ORPHAN_XY_2M,,,,,,
staging.raw_idp_2024_mesures_qualite_globale,318,2024-09-14,,S10 (Aval douar Zehair (sidi kamel),K+,424538.0,441614.0,26191,0,GEO_ORPHAN_XY_2M,,,,,,
staging.raw_idp_2024_mesures_qualite_globale,319,2024-09-14,,S10 (Aval douar Zehair (sidi kamel),CT,424538.0,441614.0,26191,0,GEO_ORPHAN_XY_2M,,,,,,
staging.raw_idp_2024_mesures_qualite_globale,320,2024-09-14,,S10 (Aval douar Zehair (sidi kamel),CF,424538.0,441614.0,26191,0,GEO_ORPHAN_XY_2M,,,,,,
staging.raw_idp_2024_mesures_qualite_globale,321,2024-09-14,,S10 (Aval douar Zehair (sidi kamel),SF,424538.0,441614.0,26191,0,GEO_ORPHAN_XY_2M,,,,,,
staging.raw_idp_2024_mesures_qualite_globale,322,2024-09-14,,S11 (Amont Fermes Agricole sidi kamel,DCO,436692.0,445438.0,26191,0,GEO_ORPHAN_XY_2M,,,,,,
staging.raw_idp_2024_mesures_qualite_globale,323,2024-09-14,,S11 (Amont Fermes Agricole sidi kamel,DBO5,436692.0,445438.0,26191,0,GEO_ORPHAN_XY_2M,,,,,,
staging.raw_idp_2024_mesures_qualite_globale,324,2024-09-14,,S11 (Amont Fermes Agricole sidi kamel,NTK,436692.0,445438.0,26191,0,GEO_ORPHAN_XY_2M,,,,,,
staging.raw_idp_2024_mesures_qualite_globale,325,2024-09-14,,S11 (Amont Fermes Agricole sidi kamel,NH4+ ,436692.0,445438.0,26191,0,GEO_ORPHAN_XY_2M,,,,,,
staging.raw_idp_2024_mesures_qualite_globale,326,2024-09-14,,S11 (Amont Fermes Agricole sidi kamel,PT,436692.0,445438.0,26191,0,GEO_ORPHAN_XY_2M,,,,,,
staging.raw_idp_2024_mesures_qualite_globale,327,2024-09-14,,S11 (Amont Fermes Agricole sidi kamel,PO43-,436692.0,445438.0,26191,0,GEO_ORPHAN_XY_2M,,,,,,
staging.raw_idp_2024_mesures_qualite_globale,328,2024-09-14,,S11 (Amont Fermes Agricole sidi kamel,MES,436692.0,445438.0,26191,0,GEO_ORPHAN_XY_2M,,,,,,
staging.raw_idp_2024_mesures_qualite_globale,329,2024-09-14,,S11 (Amont Fermes Agricole sidi kamel,NO3-,436692.0,445438.0,26191,0,GEO_ORPHAN_XY_2M,,,,,,
staging.raw_idp_2024_mesures_qualite_globale,330,2024-09-14,,S11 (Amont Fermes Agricole sidi kamel,NO2-,436692.0,445438.0,26191,0,GEO_ORPHAN_XY_2M,,,,,,
staging.raw_idp_2024_mesures_qualite_globale,331,2024-09-14,,S11 (Amont Fermes Agricole sidi kamel,Cl-,436692.0,445438.0,26191,0,GEO_ORPHAN_XY_2M,,,,,,
staging.raw_idp_2024_mesures_qualite_globale,332,2024-09-14,,S11 (Amont Fermes Agricole sidi kamel,SO4--,436692.0,445438.0,26191,0,GEO_ORPHAN_XY_2M,,,,,,
staging.raw_idp_2024_mesures_qualite_globale,333,2024-09-14,,S11 (Amont Fermes Agricole sidi kamel,Ca++,436692.0,445438.0,26191,0,GEO_ORPHAN_XY_2M,,,,,,
staging.raw_idp_2024_mesures_qualite_globale,334,2024-09-14,,S11 (Amont Fermes Agricole sidi kamel,Mg++,436692.0,445438.0,26191,0,GEO_ORPHAN_XY_2M,,,,,,
staging.raw_idp_2024_mesures_qualite_globale,335,2024-09-14,,S11 (Amont Fermes Agricole sidi kamel,TH,436692.0,445438.0,26191,0,GEO_ORPHAN_XY_2M,,,,,,
staging.raw_idp_2024_mesures_qualite_globale,336,2024-09-14,,S11 (Amont Fermes Agricole sidi kamel,Na+,436692.0,445438.0,26191,0,GEO_ORPHAN_XY_2M,,,,,,
staging.raw_idp_2024_mesures_qualite_globale,337,2024-09-14,,S11 (Amont Fermes Agricole sidi kamel,K+,436692.0,445438.0,26191,0,GEO_ORPHAN_XY_2M,,,,,,
staging.raw_idp_2024_mesures_qualite_globale,338,2024-09-14,,S11 (Amont Fermes Agricole sidi kamel,CT,436692.0,445438.0,26191,0,GEO_ORPHAN_XY_2M,,,,,,
staging.raw_idp_2024_mesures_qualite_globale,339,2024-09-14,,S11 (Amont Fermes Agricole sidi kamel,CF,436692.0,445438.0,26191,0,GEO_ORPHAN_XY_2M,,,,,,
staging.raw_idp_2024_mesures_qualite_globale,340,2024-09-14,,S11 (Amont Fermes Agricole sidi kamel,SF,436692.0,445438.0,26191,0,GEO_ORPHAN_XY_2M,,,,,,
staging.raw_idp_2024_mesures_qualite_globale,341,2024-09-14,,S13 (Aval_Conf_Rejet_MBK (Mechraa Bel Ksiri),DCO,448680.0,440646.0,26191,0,GEO_ORPHAN_XY_2M,,,,,,
staging.raw_idp_2024_mesures_qualite_globale,342,2024-09-14,,S13 (Aval_Conf_Rejet_MBK (Mechraa Bel Ksiri),DBO5,448680.0,440646.0,26191,0,GEO_ORPHAN_XY_2M,,,,,,
staging.raw_idp_2024_mesures_qualite_globale,343,2024-09-14,,S13 (Aval_Conf_Rejet_MBK (Mechraa Bel Ksiri),NTK,448680.0,440646.0,26191,0,GEO_ORPHAN_XY_2M,,,,,,
staging.raw_idp_2024_mesures_qualite_globale,344,2024-09-14,,S13 (Aval_Conf_Rejet_MBK (Mechraa Bel Ksiri),NH4+ ,448680.0,440646.0,26191,0,GEO_ORPHAN_XY_2M,,,,,,
staging.raw_idp_2024_mesures_qualite_globale,345,2024-09-14,,S13 (Aval_Conf_Rejet_MBK (Mechraa Bel Ksiri),PT,448680.0,440646.0,26191,0,GEO_ORPHAN_XY_2M,,,,,,
staging.raw_idp_2024_mesures_qualite_globale,346,2024-09-14,,S13 (Aval_Conf_Rejet_MBK (Mechraa Bel Ksiri),PO43-,448680.0,440646.0,26191,0,GEO_ORPHAN_XY_2M,,,,,,
staging.raw_idp_2024_mesures_qualite_globale,347,2024-09-14,,S13 (Aval_Conf_Rejet_MBK (Mechraa Bel Ksiri),MES,448680.0,440646.0,26191,0,GEO_ORPHAN_XY_2M,,,,,,
staging.raw_idp_2024_mesures_qualite_globale,348,2024-09-14,,S13 (Aval_Conf_Rejet_MBK (Mechraa Bel Ksiri),NO3-,448680.0,440646.0,26191,0,GEO_ORPHAN_XY_2M,,,,,,
staging.raw_idp_2024_mesures_qualite_globale,349,2024-09-14,,S13 (Aval_Conf_Rejet_MBK (Mechraa Bel Ksiri),NO2-,448680.0,440646.0,26191,0,GEO_ORPHAN_XY_2M,,,,,,
staging.raw_idp_2024_mesures_qualite_globale,350,2024-09-14,,S13 (Aval_Conf_Rejet_MBK (Mechraa Bel Ksiri),Cl-,448680.0,440646.0,26191,0,GEO_ORPHAN_XY_2M,,,,,,
staging.raw_idp_2024_mesures_qualite_globale,351,2024-09-14,,S13 (Aval_Conf_Rejet_MBK (Mechraa Bel Ksiri),SO4--,448680.0,440646.0,26191,0,GEO_ORPHAN_XY_2M,,,,,,
staging.raw_idp_2024_mesures_qualite_globale,352,2024-09-14,,S13 (Aval_Conf_Rejet_MBK (Mechraa Bel Ksiri),Ca++,448680.0,440646.0,26191,0,GEO_ORPHAN_XY_2M,,,,,,
staging.raw_idp_2024_mesures_qualite_globale,353,2024-09-14,,S13 (Aval_Conf_Rejet_MBK (Mechraa Bel Ksiri),Mg++,448680.0,440646.0,26191,0,GEO_ORPHAN_XY_2M,,,,,,
staging.raw_idp_2024_mesures_qualite_globale,354,2024-09-14,,S13 (Aval_Conf_Rejet_MBK (Mechraa Bel Ksiri),TH,448680.0,440646.0,26191,0,GEO_ORPHAN_XY_2M,,,,,,
staging.raw_idp_2024_mesures_qualite_globale,355,2024-09-14,,S13 (Aval_Conf_Rejet_MBK (Mechraa Bel Ksiri),Na+,448680.0,440646.0,26191,0,GEO_ORPHAN_XY_2M,,,,,,
staging.raw_idp_2024_mesures_qualite_globale,356,2024-09-14,,S13 (Aval_Conf_Rejet_MBK (Mechraa Bel Ksiri),K+,448680.0,440646.0,26191,0,GEO_ORPHAN_XY_2M,,,,,,
staging.raw_idp_2024_mesures_qualite_globale,357,2024-09-14,,S13 (Aval_Conf_Rejet_MBK (Mechraa Bel Ksiri),CT,448680.0,440646.0,26191,0,GEO_ORPHAN_XY_2M,,,,,,
staging.raw_idp_2024_mesures_qualite_globale,358,2024-09-14,,S13 (Aval_Conf_Rejet_MBK (Mechraa Bel Ksiri),CF,448680.0,440646.0,26191,0,GEO_ORPHAN_XY_2M,,,,,,
staging.raw_idp_2024_mesures_qualite_globale,359,2024-09-14,,S13 (Aval_Conf_Rejet_MBK (Mechraa Bel Ksiri),SF,448680.0,440646.0,26191,0,GEO_ORPHAN_XY_2M,,,,,,
staging.raw_idp_2024_mesures_qualite_globale,360,2024-09-14,,S12 (Aval_Conf_Rejet_MBK_R4 (Mechraa Bel Ksiri),DCO,446067.0,441720.0,26191,0,GEO_ORPHAN_XY_2M,,,,,,
staging.raw_idp_2024_mesures_qualite_globale,361,2024-09-14,,S12 (Aval_Conf_Rejet_MBK_R4 (Mechraa Bel Ksiri),DBO5,446067.0,441720.0,26191,0,GEO_ORPHAN_XY_2M,,,,,,
staging.raw_idp_2024_mesures_qualite_globale,362,2024-09-14,,S12 (Aval_Conf_Rejet_MBK_R4 (Mechraa Bel Ksiri),NTK,446067.0,441720.0,26191,0,GEO_ORPHAN_XY_2M,,,,,,
staging.raw_idp_2024_mesures_qualite_globale,363,2024-09-14,,S12 (Aval_Conf_Rejet_MBK_R4 (Mechraa Bel Ksiri),NH4+ ,446067.0,441720.0,26191,0,GEO_ORPHAN_XY_2M,,,,,,
staging.raw_idp_2024_mesures_qualite_globale,364,2024-09-14,,S12 (Aval_Conf_Rejet_MBK_R4 (Mechraa Bel Ksiri),PT,446067.0,441720.0,26191,0,GEO_ORPHAN_XY_2M,,,,,,
staging.raw_idp_2024_mesures_qualite_globale,365,2024-09-14,,S12 (Aval_Conf_Rejet_MBK_R4 (Mechraa Bel Ksiri),PO43-,446067.0,441720.0,26191,0,GEO_ORPHAN_XY_2M,,,,,,
staging.raw_idp_2024_mesures_qualite_globale,366,2024-09-14,,S12 (Aval_Conf_Rejet_MBK_R4 (Mechraa Bel Ksiri),MES,446067.0,441720.0,26191,0,GEO_ORPHAN_XY_2M,,,,,,
staging.raw_idp_2024_mesures_qualite_globale,367,2024-09-14,,S12 (Aval_Conf_Rejet_MBK_R4 (Mechraa Bel Ksiri),Phénol,446067.0,441720.0,26191,0,GEO_ORPHAN_XY_2M,,,,,,
staging.raw_idp_2024_mesures_qualite_globale,368,2024-09-14,,S12 (Aval_Conf_Rejet_MBK_R4 (Mechraa Bel Ksiri),"Huiles
Graisses",446067.0,441720.0,26191,0,GEO_ORPHAN_XY_2M,,,,,,
staging.raw_idp_2024_mesures_qualite_globale,369,2024-09-14,,S12 (Aval_Conf_Rejet_MBK_R4 (Mechraa Bel Ksiri),NO3-,446067.0,441720.0,26191,0,GEO_ORPHAN_XY_2M,,,,,,
staging.raw_idp_2024_mesures_qualite_globale,370,2024-09-14,,S12 (Aval_Conf_Rejet_MBK_R4 (Mechraa Bel Ksiri),NO2-,446067.0,441720.0,26191,0,GEO_ORPHAN_XY_2M,,,,,,
staging.raw_idp_2024_mesures_qualite_globale,371,2024-09-14,,S12 (Aval_Conf_Rejet_MBK_R4 (Mechraa Bel Ksiri),Cl-,446067.0,441720.0,26191,0,GEO_ORPHAN_XY_2M,,,,,,
staging.raw_idp_2024_mesures_qualite_globale,372,2024-09-14,,S12 (Aval_Conf_Rejet_MBK_R4 (Mechraa Bel Ksiri),SO4--,446067.0,441720.0,26191,0,GEO_ORPHAN_XY_2M,,,,,,
staging.raw_idp_2024_mesures_qualite_globale,373,2024-09-14,,S12 (Aval_Conf_Rejet_MBK_R4 (Mechraa Bel Ksiri),Ca++,446067.0,441720.0,26191,0,GEO_ORPHAN_XY_2M,,,,,,
staging.raw_idp_2024_mesures_qualite_globale,374,2024-09-14,,S12 (Aval_Conf_Rejet_MBK_R4 (Mechraa Bel Ksiri),Mg++,446067.0,441720.0,26191,0,GEO_ORPHAN_XY_2M,,,,,,
staging.raw_idp_2024_mesures_qualite_globale,375,2024-09-14,,S12 (Aval_Conf_Rejet_MBK_R4 (Mechraa Bel Ksiri),TH,446067.0,441720.0,26191,0,GEO_ORPHAN_XY_2M,,,,,,
staging.raw_idp_2024_mesures_qualite_globale,376,2024-09-14,,S12 (Aval_Conf_Rejet_MBK_R4 (Mechraa Bel Ksiri),Na+,446067.0,441720.0,26191,0,GEO_ORPHAN_XY_2M,,,,,,
staging.raw_idp_2024_mesures_qualite_globale,377,2024-09-14,,S12 (Aval_Conf_Rejet_MBK_R4 (Mechraa Bel Ksiri),K+,446067.0,441720.0,26191,0,GEO_ORPHAN_XY_2M,,,,,,
staging.raw_idp_2024_mesures_qualite_globale,378,2024-09-14,,S12 (Aval_Conf_Rejet_MBK_R4 (Mechraa Bel Ksiri),Fe,446067.0,441720.0,26191,0,GEO_ORPHAN_XY_2M,,,,,,
staging.raw_idp_2024_mesures_qualite_globale,379,2024-09-14,,S12 (Aval_Conf_Rejet_MBK_R4 (Mechraa Bel Ksiri),CT,446067.0,441720.0,26191,0,GEO_ORPHAN_XY_2M,,,,,,
staging.raw_idp_2024_mesures_qualite_globale,380,2024-09-14,,S12 (Aval_Conf_Rejet_MBK_R4 (Mechraa Bel Ksiri),CF,446067.0,441720.0,26191,0,GEO_ORPHAN_XY_2M,,,,,,
staging.raw_idp_2024_mesures_qualite_globale,381,2024-09-14,,S12 (Aval_Conf_Rejet_MBK_R4 (Mechraa Bel Ksiri),SF,446067.0,441720.0,26191,0,GEO_ORPHAN_XY_2M,,,,,,
staging.raw_idp_2024_mesures_qualite_globale,404,2024-09-14,, REJET R6 (R6: ORG-DOM-R3),DCO,,,26191,0,GEO_ORPHAN_XY_2M,,,,,,
staging.raw_idp_2024_mesures_qualite_globale,405,2024-09-14,,REJET R5 EM (R5: LOD-DOM-R2),DCO,,,26191,0,GEO_ORPHAN_XY_2M,,,,,,
staging.raw_idp_2024_mesures_qualite_globale,406,2024-09-14,,REJET R5 EM (R5: LOD-DOM-R2),DBO5,,,26191,0,GEO_ORPHAN_XY_2M,,,,,,
staging.raw_idp_2024_mesures_qualite_globale,407,2024-09-14,,REJET R5 EM (R5: LOD-DOM-R2),NTK,,,26191,0,GEO_ORPHAN_XY_2M,,,,,,
staging.raw_idp_2024_mesures_qualite_globale,408,2024-09-14,,REJET R5 EM (R5: LOD-DOM-R2),NH4+ ,,,26191,0,GEO_ORPHAN_XY_2M,,,,,,
staging.raw_idp_2024_mesures_qualite_globale,409,2024-09-14,,REJET R5 EM (R5: LOD-DOM-R2),PT,,,26191,0,GEO_ORPHAN_XY_2M,,,,,,
staging.raw_idp_2024_mesures_qualite_globale,410,2024-09-14,,REJET R5 EM (R5: LOD-DOM-R2),PO43-,,,26191,0,GEO_ORPHAN_XY_2M,,,,,,
staging.raw_idp_2024_mesures_qualite_globale,411,2024-09-14,,REJET R5 EM (R5: LOD-DOM-R2),MES,,,26191,0,GEO_ORPHAN_XY_2M,,,,,,
staging.raw_idp_2024_mesures_qualite_globale,412,2024-09-14,,REJET R5 EM (R5: LOD-DOM-R2),Phénol,,,26191,0,GEO_ORPHAN_XY_2M,,,,,,
staging.raw_idp_2024_mesures_qualite_globale,413,2024-09-14,,REJET R5 EM (R5: LOD-DOM-R2),"Huiles
Graisses",,,26191,0,GEO_ORPHAN_XY_2M,,,,,,
staging.raw_idp_2024_mesures_qualite_globale,414,2024-09-14,,REJET R5 EM (R5: LOD-DOM-R2),NO3-,,,26191,0,GEO_ORPHAN_XY_2M,,,,,,
staging.raw_idp_2024_mesures_qualite_globale,415,2024-09-14,,REJET R5 EM (R5: LOD-DOM-R2),NO2-,,,26191,0,GEO_ORPHAN_XY_2M,,,,,,
staging.raw_idp_2024_mesures_qualite_globale,416,2024-09-14,,REJET R5 EM (R5: LOD-DOM-R2),Cl-,,,26191,0,GEO_ORPHAN_XY_2M,,,,,,
staging.raw_idp_2024_mesures_qualite_globale,417,2024-09-14,,REJET R5 EM (R5: LOD-DOM-R2),SO4--,,,26191,0,GEO_ORPHAN_XY_2M,,,,,,
staging.raw_idp_2024_mesures_qualite_globale,418,2024-09-14,,REJET R5 EM (R5: LOD-DOM-R2),Ca++,,,26191,0,GEO_ORPHAN_XY_2M,,,,,,
staging.raw_idp_2024_mesures_qualite_globale,419,2024-09-14,,REJET R5 EM (R5: LOD-DOM-R2),Mg++,,,26191,0,GEO_ORPHAN_XY_2M,,,,,,
staging.raw_idp_2024_mesures_qualite_globale,420,2024-09-14,,REJET R5 EM (R5: LOD-DOM-R2),TH,,,26191,0,GEO_ORPHAN_XY_2M,,,,,,
staging.raw_idp_2024_mesures_qualite_globale,421,2024-09-14,,REJET R5 EM (R5: LOD-DOM-R2),Na+,,,26191,0,GEO_ORPHAN_XY_2M,,,,,,
staging.raw_idp_2024_mesures_qualite_globale,422,2024-09-14,,REJET R5 EM (R5: LOD-DOM-R2),K+,,,26191,0,GEO_ORPHAN_XY_2M,,,,,,
staging.raw_idp_2024_mesures_qualite_globale,423,2024-09-14,,REJET R5 EM (R5: LOD-DOM-R2),Fe,,,26191,0,GEO_ORPHAN_XY_2M,,,,,,
staging.raw_idp_2024_mesures_qualite_globale,424,2024-09-14,,REJET R6 EM  (R6: ORG-DOM-R3),DCO,,,26191,0,GEO_ORPHAN_XY_2M,,,,,,
staging.raw_idp_2024_mesures_qualite_globale,425,2024-09-14,,REJET R6 EM  (R6: ORG-DOM-R3),DBO5,,,26191,0,GEO_ORPHAN_XY_2M,,,,,,
staging.raw_idp_2024_mesures_qualite_globale,426,2024-09-14,,REJET R6 EM  (R6: ORG-DOM-R3),NTK,,,26191,0,GEO_ORPHAN_XY_2M,,,,,,
staging.raw_idp_2024_mesures_qualite_globale,427,2024-09-14,,REJET R6 EM  (R6: ORG-DOM-R3),NH4+ ,,,26191,0,GEO_ORPHAN_XY_2M,,,,,,
staging.raw_idp_2024_mesures_qualite_globale,428,2024-09-14,,REJET R6 EM  (R6: ORG-DOM-R3),PT,,,26191,0,GEO_ORPHAN_XY_2M,,,,,,
staging.raw_idp_2024_mesures_qualite_globale,429,2024-09-14,,REJET R6 EM  (R6: ORG-DOM-R3),PO43-,,,26191,0,GEO_ORPHAN_XY_2M,,,,,,
staging.raw_idp_2024_mesures_qualite_globale,430,2024-09-14,,REJET R6 EM  (R6: ORG-DOM-R3),MES,,,26191,0,GEO_ORPHAN_XY_2M,,,,,,
staging.raw_idp_2024_mesures_qualite_globale,431,2024-09-14,,REJET R6 EM  (R6: ORG-DOM-R3),Phénol,,,26191,0,GEO_ORPHAN_XY_2M,,,,,,
staging.raw_idp_2024_mesures_qualite_globale,432,2024-09-14,,REJET R6 EM  (R6: ORG-DOM-R3),"Huiles
Graisses",,,26191,0,GEO_ORPHAN_XY_2M,,,,,,
staging.raw_idp_2024_mesures_qualite_globale,433,2024-09-14,,REJET R6 EM  (R6: ORG-DOM-R3),NO3-,,,26191,0,GEO_ORPHAN_XY_2M,,,,,,
staging.raw_idp_2024_mesures_qualite_globale,434,2024-09-14,,REJET R6 EM  (R6: ORG-DOM-R3),NO2-,,,26191,0,GEO_ORPHAN_XY_2M,,,,,,
staging.raw_idp_2024_mesures_qualite_globale,435,2024-09-14,,REJET R6 EM  (R6: ORG-DOM-R3),Cl-,,,26191,0,GEO_ORPHAN_XY_2M,,,,,,
staging.raw_idp_2024_mesures_qualite_globale,436,2024-09-14,,REJET R6 EM  (R6: ORG-DOM-R3),SO4--,,,26191,0,GEO_ORPHAN_XY_2M,,,,,,
staging.raw_idp_2024_mesures_qualite_globale,437,2024-09-14,,REJET R6 EM  (R6: ORG-DOM-R3),Ca++,,,26191,0,GEO_ORPHAN_XY_2M,,,,,,
staging.raw_idp_2024_mesures_qualite_globale,438,2024-09-14,,REJET R6 EM  (R6: ORG-DOM-R3),Mg++,,,26191,0,GEO_ORPHAN_XY_2M,,,,,,
staging.raw_idp_2024_mesures_qualite_globale,439,2024-09-14,,REJET R6 EM  (R6: ORG-DOM-R3),TH,,,26191,0,GEO_ORPHAN_XY_2M,,,,,,
staging.raw_idp_2024_mesures_qualite_globale,440,2024-09-14,,REJET R6 EM  (R6: ORG-DOM-R3),Na+,,,26191,0,GEO_ORPHAN_XY_2M,,,,,,
staging.raw_idp_2024_mesures_qualite_globale,441,2024-09-14,,REJET R6 EM  (R6: ORG-DOM-R3),K+,,,26191,0,GEO_ORPHAN_XY_2M,,,,,,
staging.raw_idp_2024_mesures_qualite_globale,442,2024-09-14,,REJET R6 EM  (R6: ORG-DOM-R3),Fe,,,26191,0,GEO_ORPHAN_XY_2M,,,,,,
staging.raw_idp_2024_mesures_qualite_globale,443,2024-09-14,,REJET R5 EP (R5: LOD-DOM-R2),CT,,,26191,0,GEO_ORPHAN_XY_2M,,,,,,
staging.raw_idp_2024_mesures_qualite_globale,444,2024-09-14,,REJET R5 EP (R5: LOD-DOM-R2),CF,,,26191,0,GEO_ORPHAN_XY_2M,,,,,,
staging.raw_idp_2024_mesures_qualite_globale,445,2024-09-14,,REJET R5 EP (R5: LOD-DOM-R2),SF,,,26191,0,GEO_ORPHAN_XY_2M,,,,,,
staging.raw_idp_2024_mesures_qualite_globale,446,2024-09-14,,REJET R6 EP  (R6: ORG-DOM-R3),CT,,,26191,0,GEO_ORPHAN_XY_2M,,,,,,
staging.raw_idp_2024_mesures_qualite_globale,447,2024-09-14,,REJET R6 EP  (R6: ORG-DOM-R3),CF,,,26191,0,GEO_ORPHAN_XY_2M,,,,,,
staging.raw_idp_2024_mesures_qualite_globale,448,2024-09-14,,REJET R6 EP  (R6: ORG-DOM-R3),SF,,,26191,0,GEO_ORPHAN_XY_2M,,,,,,
staging.raw_idp_2024_mesures_qualite_globale,449,2024-09-14,,REJET R4 EM (R4: SHZ-DOM3-R2),DCO,,,26191,0,GEO_ORPHAN_XY_2M,,,,,,
staging.raw_idp_2024_mesures_qualite_globale,450,2024-09-14,,REJET R4 EM (R4: SHZ-DOM3-R2),DBO5,,,26191,0,GEO_ORPHAN_XY_2M,,,,,,
staging.raw_idp_2024_mesures_qualite_globale,451,2024-09-14,,REJET R4 EM (R4: SHZ-DOM3-R2),NTK,,,26191,0,GEO_ORPHAN_XY_2M,,,,,,
staging.raw_idp_2024_mesures_qualite_globale,452,2024-09-14,,REJET R4 EM (R4: SHZ-DOM3-R2),NH4+ ,,,26191,0,GEO_ORPHAN_XY_2M,,,,,,
staging.raw_idp_2024_mesures_qualite_globale,453,2024-09-14,,REJET R4 EM (R4: SHZ-DOM3-R2),PT,,,26191,0,GEO_ORPHAN_XY_2M,,,,,,
staging.raw_idp_2024_mesures_qualite_globale,454,2024-09-14,,REJET R4 EM (R4: SHZ-DOM3-R2),PO43-,,,26191,0,GEO_ORPHAN_XY_2M,,,,,,
staging.raw_idp_2024_mesures_qualite_globale,455,2024-09-14,,REJET R4 EM (R4: SHZ-DOM3-R2),MES,,,26191,0,GEO_ORPHAN_XY_2M,,,,,,
staging.raw_idp_2024_mesures_qualite_globale,456,2024-09-14,,REJET R4 EM (R4: SHZ-DOM3-R2),Phénol,,,26191,0,GEO_ORPHAN_XY_2M,,,,,,
staging.raw_idp_2024_mesures_qualite_globale,457,2024-09-14,,REJET R4 EM (R4: SHZ-DOM3-R2),"Huiles
Graisses",,,26191,0,GEO_ORPHAN_XY_2M,,,,,,
staging.raw_idp_2024_mesures_qualite_globale,458,2024-09-14,,REJET R4 EM (R4: SHZ-DOM3-R2),NO3-,,,26191,0,GEO_ORPHAN_XY_2M,,,,,,
staging.raw_idp_2024_mesures_qualite_globale,459,2024-09-14,,REJET R4 EM (R4: SHZ-DOM3-R2),NO2-,,,26191,0,GEO_ORPHAN_XY_2M,,,,,,
staging.raw_idp_2024_mesures_qualite_globale,460,2024-09-14,,REJET R4 EM (R4: SHZ-DOM3-R2),Cl-,,,26191,0,GEO_ORPHAN_XY_2M,,,,,,
staging.raw_idp_2024_mesures_qualite_globale,461,2024-09-14,,REJET R4 EM (R4: SHZ-DOM3-R2),SO4--,,,26191,0,GEO_ORPHAN_XY_2M,,,,,,
staging.raw_idp_2024_mesures_qualite_globale,462,2024-09-14,,REJET R4 EM (R4: SHZ-DOM3-R2),Ca++,,,26191,0,GEO_ORPHAN_XY_2M,,,,,,
staging.raw_idp_2024_mesures_qualite_globale,463,2024-09-14,,REJET R4 EM (R4: SHZ-DOM3-R2),Mg++,,,26191,0,GEO_ORPHAN_XY_2M,,,,,,
staging.raw_idp_2024_mesures_qualite_globale,464,2024-09-14,,REJET R4 EM (R4: SHZ-DOM3-R2),TH,,,26191,0,GEO_ORPHAN_XY_2M,,,,,,
staging.raw_idp_2024_mesures_qualite_globale,465,2024-09-14,,REJET R4 EM (R4: SHZ-DOM3-R2),Na+,,,26191,0,GEO_ORPHAN_XY_2M,,,,,,
staging.raw_idp_2024_mesures_qualite_globale,466,2024-09-14,,REJET R4 EM (R4: SHZ-DOM3-R2),K+,,,26191,0,GEO_ORPHAN_XY_2M,,,,,,
staging.raw_idp_2024_mesures_qualite_globale,467,2024-09-14,,REJET R4 EM (R4: SHZ-DOM3-R2),Fe,,,26191,0,GEO_ORPHAN_XY_2M,,,,,,
staging.raw_idp_2024_mesures_qualite_globale,468,2024-09-14,,REJET R4 EP (R4: SHZ-DOM3-R2),CT,,,26191,0,GEO_ORPHAN_XY_2M,,,,,,
staging.raw_idp_2024_mesures_qualite_globale,469,2024-09-14,,REJET R4 EP (R4: SHZ-DOM3-R2),CF,,,26191,0,GEO_ORPHAN_XY_2M,,,,,,
staging.raw_idp_2024_mesures_qualite_globale,470,2024-09-14,,REJET R4 EP (R4: SHZ-DOM3-R2),SF,,,26191,0,GEO_ORPHAN_XY_2M,,,,,,
staging.raw_idp_2024_mesures_qualite_globale,471,2024-09-15,,REJET R7 (R7: JEM-DOM-R2),DCO,,,26191,0,GEO_ORPHAN_XY_2M,,,,,,
staging.raw_idp_2024_mesures_qualite_globale,472,2024-09-15,,REJET R9 (R9: TRL-DOM-R1),DCO,,,26191,0,GEO_ORPHAN_XY_2M,,,,,,
staging.raw_idp_2024_mesures_qualite_globale,473,2024-09-16,,REJET R7 EM  (R7: JEM-DOM-R2),DCO,,,26191,0,GEO_ORPHAN_XY_2M,,,,,,
staging.raw_idp_2024_mesures_qualite_globale,474,2024-09-16,,REJET R7 EM  (R7: JEM-DOM-R2),DBO5,,,26191,0,GEO_ORPHAN_XY_2M,,,,,,
staging.raw_idp_2024_mesures_qualite_globale,475,2024-09-16,,REJET R7 EM  (R7: JEM-DOM-R2),NTK,,,26191,0,GEO_ORPHAN_XY_2M,,,,,,
staging.raw_idp_2024_mesures_qualite_globale,476,2024-09-16,,REJET R7 EM  (R7: JEM-DOM-R2),NH4+ ,,,26191,0,GEO_ORPHAN_XY_2M,,,,,,
staging.raw_idp_2024_mesures_qualite_globale,477,2024-09-16,,REJET R7 EM  (R7: JEM-DOM-R2),PT,,,26191,0,GEO_ORPHAN_XY_2M,,,,,,
staging.raw_idp_2024_mesures_qualite_globale,478,2024-09-16,,REJET R7 EM  (R7: JEM-DOM-R2),PO43-,,,26191,0,GEO_ORPHAN_XY_2M,,,,,,
staging.raw_idp_2024_mesures_qualite_globale,479,2024-09-16,,REJET R7 EM  (R7: JEM-DOM-R2),MES,,,26191,0,GEO_ORPHAN_XY_2M,,,,,,
staging.raw_idp_2024_mesures_qualite_globale,480,2024-09-16,,REJET R7 EM  (R7: JEM-DOM-R2),Phénol,,,26191,0,GEO_ORPHAN_XY_2M,,,,,,
staging.raw_idp_2024_mesures_qualite_globale,481,2024-09-16,,REJET R7 EM  (R7: JEM-DOM-R2),"Huiles
Graisses",,,26191,0,GEO_ORPHAN_XY_2M,,,,,,
staging.raw_idp_2024_mesures_qualite_globale,482,2024-09-16,,REJET R7 EM  (R7: JEM-DOM-R2),NO3-,,,26191,0,GEO_ORPHAN_XY_2M,,,,,,
staging.raw_idp_2024_mesures_qualite_globale,483,2024-09-16,,REJET R7 EM  (R7: JEM-DOM-R2),NO2-,,,26191,0,GEO_ORPHAN_XY_2M,,,,,,
staging.raw_idp_2024_mesures_qualite_globale,484,2024-09-16,,REJET R7 EM  (R7: JEM-DOM-R2),Cl-,,,26191,0,GEO_ORPHAN_XY_2M,,,,,,
staging.raw_idp_2024_mesures_qualite_globale,485,2024-09-16,,REJET R7 EM  (R7: JEM-DOM-R2),SO4--,,,26191,0,GEO_ORPHAN_XY_2M,,,,,,
staging.raw_idp_2024_mesures_qualite_globale,486,2024-09-16,,REJET R7 EM  (R7: JEM-DOM-R2),Ca++,,,26191,0,GEO_ORPHAN_XY_2M,,,,,,
staging.raw_idp_2024_mesures_qualite_globale,487,2024-09-16,,REJET R7 EM  (R7: JEM-DOM-R2),Mg++,,,26191,0,GEO_ORPHAN_XY_2M,,,,,,
staging.raw_idp_2024_mesures_qualite_globale,488,2024-09-16,,REJET R7 EM  (R7: JEM-DOM-R2),TH,,,26191,0,GEO_ORPHAN_XY_2M,,,,,,
staging.raw_idp_2024_mesures_qualite_globale,489,2024-09-16,,REJET R7 EM  (R7: JEM-DOM-R2),Na+,,,26191,0,GEO_ORPHAN_XY_2M,,,,,,
staging.raw_idp_2024_mesures_qualite_globale,490,2024-09-16,,REJET R7 EM  (R7: JEM-DOM-R2),K+,,,26191,0,GEO_ORPHAN_XY_2M,,,,,,
staging.raw_idp_2024_mesures_qualite_globale,491,2024-09-16,,REJET R7 EM  (R7: JEM-DOM-R2),Fe,,,26191,0,GEO_ORPHAN_XY_2M,,,,,,
staging.raw_idp_2024_mesures_qualite_globale,492,2024-09-16,,REJET R8 EM (R8: LMJ-DOM-R1),DCO,,,26191,0,GEO_ORPHAN_XY_2M,,,,,,
staging.raw_idp_2024_mesures_qualite_globale,493,2024-09-16,,REJET R8 EM (R8: LMJ-DOM-R1),DBO5,,,26191,0,GEO_ORPHAN_XY_2M,,,,,,
staging.raw_idp_2024_mesures_qualite_globale,494,2024-09-16,,REJET R8 EM (R8: LMJ-DOM-R1),NTK,,,26191,0,GEO_ORPHAN_XY_2M,,,,,,
staging.raw_idp_2024_mesures_qualite_globale,495,2024-09-16,,REJET R8 EM (R8: LMJ-DOM-R1),NH4+ ,,,26191,0,GEO_ORPHAN_XY_2M,,,,,,
staging.raw_idp_2024_mesures_qualite_globale,496,2024-09-16,,REJET R8 EM (R8: LMJ-DOM-R1),PT,,,26191,0,GEO_ORPHAN_XY_2M,,,,,,
staging.raw_idp_2024_mesures_qualite_globale,497,2024-09-16,,REJET R8 EM (R8: LMJ-DOM-R1),PO43-,,,26191,0,GEO_ORPHAN_XY_2M,,,,,,
staging.raw_idp_2024_mesures_qualite_globale,498,2024-09-16,,REJET R8 EM (R8: LMJ-DOM-R1),MES,,,26191,0,GEO_ORPHAN_XY_2M,,,,,,
staging.raw_idp_2024_mesures_qualite_globale,499,2024-09-16,,REJET R8 EM (R8: LMJ-DOM-R1),Phénol,,,26191,0,GEO_ORPHAN_XY_2M,,,,,,
staging.raw_idp_2024_mesures_qualite_globale,500,2024-09-16,,REJET R8 EM (R8: LMJ-DOM-R1),"Huiles
Graisses",,,26191,0,GEO_ORPHAN_XY_2M,,,,,,
staging.raw_idp_2024_mesures_qualite_globale,501,2024-09-16,,REJET R8 EM (R8: LMJ-DOM-R1),NO3-,,,26191,0,GEO_ORPHAN_XY_2M,,,,,,
staging.raw_idp_2024_mesures_qualite_globale,502,2024-09-16,,REJET R8 EM (R8: LMJ-DOM-R1),NO2-,,,26191,0,GEO_ORPHAN_XY_2M,,,,,,
staging.raw_idp_2024_mesures_qualite_globale,503,2024-09-16,,REJET R8 EM (R8: LMJ-DOM-R1),Cl-,,,26191,0,GEO_ORPHAN_XY_2M,,,,,,
staging.raw_idp_2024_mesures_qualite_globale,504,2024-09-16,,REJET R8 EM (R8: LMJ-DOM-R1),SO4--,,,26191,0,GEO_ORPHAN_XY_2M,,,,,,
staging.raw_idp_2024_mesures_qualite_globale,505,2024-09-16,,REJET R8 EM (R8: LMJ-DOM-R1),Ca++,,,26191,0,GEO_ORPHAN_XY_2M,,,,,,
staging.raw_idp_2024_mesures_qualite_globale,506,2024-09-16,,REJET R8 EM (R8: LMJ-DOM-R1),Mg++,,,26191,0,GEO_ORPHAN_XY_2M,,,,,,
staging.raw_idp_2024_mesures_qualite_globale,507,2024-09-16,,REJET R8 EM (R8: LMJ-DOM-R1),TH,,,26191,0,GEO_ORPHAN_XY_2M,,,,,,
staging.raw_idp_2024_mesures_qualite_globale,508,2024-09-16,,REJET R8 EM (R8: LMJ-DOM-R1),Na+,,,26191,0,GEO_ORPHAN_XY_2M,,,,,,
staging.raw_idp_2024_mesures_qualite_globale,509,2024-09-16,,REJET R8 EM (R8: LMJ-DOM-R1),K+,,,26191,0,GEO_ORPHAN_XY_2M,,,,,,
staging.raw_idp_2024_mesures_qualite_globale,510,2024-09-16,,REJET R8 EM (R8: LMJ-DOM-R1),Fe,,,26191,0,GEO_ORPHAN_XY_2M,,,,,,
staging.raw_idp_2024_mesures_qualite_globale,511,2024-09-16,,REJET R9 EM (R9: TRL-DOM-R1),DCO,,,26191,0,GEO_ORPHAN_XY_2M,,,,,,
staging.raw_idp_2024_mesures_qualite_globale,512,2024-09-16,,REJET R9 EM (R9: TRL-DOM-R1),DBO5,,,26191,0,GEO_ORPHAN_XY_2M,,,,,,
staging.raw_idp_2024_mesures_qualite_globale,513,2024-09-16,,REJET R9 EM (R9: TRL-DOM-R1),NTK,,,26191,0,GEO_ORPHAN_XY_2M,,,,,,
staging.raw_idp_2024_mesures_qualite_globale,514,2024-09-16,,REJET R9 EM (R9: TRL-DOM-R1),NH4+ ,,,26191,0,GEO_ORPHAN_XY_2M,,,,,,
staging.raw_idp_2024_mesures_qualite_globale,515,2024-09-16,,REJET R9 EM (R9: TRL-DOM-R1),PT,,,26191,0,GEO_ORPHAN_XY_2M,,,,,,
staging.raw_idp_2024_mesures_qualite_globale,516,2024-09-16,,REJET R9 EM (R9: TRL-DOM-R1),PO43-,,,26191,0,GEO_ORPHAN_XY_2M,,,,,,
staging.raw_idp_2024_mesures_qualite_globale,517,2024-09-16,,REJET R9 EM (R9: TRL-DOM-R1),MES,,,26191,0,GEO_ORPHAN_XY_2M,,,,,,
staging.raw_idp_2024_mesures_qualite_globale,518,2024-09-16,,REJET R9 EM (R9: TRL-DOM-R1),Phénol,,,26191,0,GEO_ORPHAN_XY_2M,,,,,,
staging.raw_idp_2024_mesures_qualite_globale,519,2024-09-16,,REJET R9 EM (R9: TRL-DOM-R1),"Huiles
Graisses",,,26191,0,GEO_ORPHAN_XY_2M,,,,,,
staging.raw_idp_2024_mesures_qualite_globale,520,2024-09-16,,REJET R9 EM (R9: TRL-DOM-R1),NO3-,,,26191,0,GEO_ORPHAN_XY_2M,,,,,,
staging.raw_idp_2024_mesures_qualite_globale,521,2024-09-16,,REJET R9 EM (R9: TRL-DOM-R1),NO2-,,,26191,0,GEO_ORPHAN_XY_2M,,,,,,
staging.raw_idp_2024_mesures_qualite_globale,522,2024-09-16,,REJET R9 EM (R9: TRL-DOM-R1),Cl-,,,26191,0,GEO_ORPHAN_XY_2M,,,,,,
staging.raw_idp_2024_mesures_qualite_globale,523,2024-09-16,,REJET R9 EM (R9: TRL-DOM-R1),SO4--,,,26191,0,GEO_ORPHAN_XY_2M,,,,,,
staging.raw_idp_2024_mesures_qualite_globale,524,2024-09-16,,REJET R9 EM (R9: TRL-DOM-R1),Ca++,,,26191,0,GEO_ORPHAN_XY_2M,,,,,,
staging.raw_idp_2024_mesures_qualite_globale,525,2024-09-16,,REJET R9 EM (R9: TRL-DOM-R1),Mg++,,,26191,0,GEO_ORPHAN_XY_2M,,,,,,
staging.raw_idp_2024_mesures_qualite_globale,526,2024-09-16,,REJET R9 EM (R9: TRL-DOM-R1),TH,,,26191,0,GEO_ORPHAN_XY_2M,,,,,,
staging.raw_idp_2024_mesures_qualite_globale,527,2024-09-16,,REJET R9 EM (R9: TRL-DOM-R1),Na+,,,26191,0,GEO_ORPHAN_XY_2M,,,,,,
staging.raw_idp_2024_mesures_qualite_globale,528,2024-09-16,,REJET R9 EM (R9: TRL-DOM-R1),K+,,,26191,0,GEO_ORPHAN_XY_2M,,,,,,
staging.raw_idp_2024_mesures_qualite_globale,529,2024-09-16,,REJET R9 EM (R9: TRL-DOM-R1),Fe,,,26191,0,GEO_ORPHAN_XY_2M,,,,,,
staging.raw_idp_2024_mesures_qualite_globale,530,2024-09-16,,REJET R7 EP  (R7: JEM-DOM-R2),CT,,,26191,0,GEO_ORPHAN_XY_2M,,,,,,
staging.raw_idp_2024_mesures_qualite_globale,531,2024-09-16,,REJET R7 EP  (R7: JEM-DOM-R2),CF,,,26191,0,GEO_ORPHAN_XY_2M,,,,,,
staging.raw_idp_2024_mesures_qualite_globale,532,2024-09-16,,REJET R7 EP  (R7: JEM-DOM-R2),SF,,,26191,0,GEO_ORPHAN_XY_2M,,,,,,
staging.raw_idp_2024_mesures_qualite_globale,533,2024-09-16,,REJET R8 EP (R8: LMJ-DOM-R1),CT,,,26191,0,GEO_ORPHAN_XY_2M,,,,,,
staging.raw_idp_2024_mesures_qualite_globale,534,2024-09-16,,REJET R8 EP (R8: LMJ-DOM-R1),CF,,,26191,0,GEO_ORPHAN_XY_2M,,,,,,
staging.raw_idp_2024_mesures_qualite_globale,535,2024-09-16,,REJET R8 EP (R8: LMJ-DOM-R1),SF,,,26191,0,GEO_ORPHAN_XY_2M,,,,,,
staging.raw_idp_2024_mesures_qualite_globale,536,2024-09-16,,REJET R9 EP (R9: TRL-DOM-R1),CT,,,26191,0,GEO_ORPHAN_XY_2M,,,,,,
staging.raw_idp_2024_mesures_qualite_globale,537,2024-09-16,,REJET R9 EP (R9: TRL-DOM-R1),CF,,,26191,0,GEO_ORPHAN_XY_2M,,,,,,
staging.raw_idp_2024_mesures_qualite_globale,538,2024-09-16,,REJET R9 EP (R9: TRL-DOM-R1),SF,,,26191,0,GEO_ORPHAN_XY_2M,,,,,,
staging.raw_idp_2024_mesures_qualite_globale,539,2024-09-17,, REJET R10 (R10: KNH-DOM-R1),DCO,,,26191,0,GEO_ORPHAN_XY_2M,,,,,,
staging.raw_idp_2024_mesures_qualite_globale,540,2024-09-17,, REJET R11 (R11: NTR-DOM-R1),DCO,,,26191,0,GEO_ORPHAN_XY_2M,,,,,,
staging.raw_idp_2024_mesures_qualite_globale,541,2024-09-17,, REJET R12 (R12: MBK-DOM-R2),DCO,,,26191,0,GEO_ORPHAN_XY_2M,,,,,,
staging.raw_idp_2024_mesures_qualite_globale,637,2024-09-18,,S29 (Aval_Conf_Rejet_Douar Ouled Jrir,DCO,555797.0,377237.0,26191,0,GEO_ORPHAN_XY_2M,,,,,,
staging.raw_idp_2024_mesures_qualite_globale,638,2024-09-18,,S29 (Aval_Conf_Rejet_Douar Ouled Jrir,DBO5,555797.0,377237.0,26191,0,GEO_ORPHAN_XY_2M,,,,,,
staging.raw_idp_2024_mesures_qualite_globale,639,2024-09-18,,S29 (Aval_Conf_Rejet_Douar Ouled Jrir,NTK,555797.0,377237.0,26191,0,GEO_ORPHAN_XY_2M,,,,,,
staging.raw_idp_2024_mesures_qualite_globale,640,2024-09-18,,S29 (Aval_Conf_Rejet_Douar Ouled Jrir,NH4+ ,555797.0,377237.0,26191,0,GEO_ORPHAN_XY_2M,,,,,,
staging.raw_idp_2024_mesures_qualite_globale,641,2024-09-18,,S29 (Aval_Conf_Rejet_Douar Ouled Jrir,PT,555797.0,377237.0,26191,0,GEO_ORPHAN_XY_2M,,,,,,
staging.raw_idp_2024_mesures_qualite_globale,642,2024-09-18,,S29 (Aval_Conf_Rejet_Douar Ouled Jrir,PO43-,555797.0,377237.0,26191,0,GEO_ORPHAN_XY_2M,,,,,,
staging.raw_idp_2024_mesures_qualite_globale,643,2024-09-18,,S29 (Aval_Conf_Rejet_Douar Ouled Jrir,MES,555797.0,377237.0,26191,0,GEO_ORPHAN_XY_2M,,,,,,
staging.raw_idp_2024_mesures_qualite_globale,644,2024-09-18,,S29 (Aval_Conf_Rejet_Douar Ouled Jrir,Phénol,555797.0,377237.0,26191,0,GEO_ORPHAN_XY_2M,,,,,,
staging.raw_idp_2024_mesures_qualite_globale,645,2024-09-18,,S29 (Aval_Conf_Rejet_Douar Ouled Jrir,"Huiles
Graisses",555797.0,377237.0,26191,0,GEO_ORPHAN_XY_2M,,,,,,
staging.raw_idp_2024_mesures_qualite_globale,646,2024-09-18,,S29 (Aval_Conf_Rejet_Douar Ouled Jrir,NO3-,555797.0,377237.0,26191,0,GEO_ORPHAN_XY_2M,,,,,,
staging.raw_idp_2024_mesures_qualite_globale,647,2024-09-18,,S29 (Aval_Conf_Rejet_Douar Ouled Jrir,NO2-,555797.0,377237.0,26191,0,GEO_ORPHAN_XY_2M,,,,,,
staging.raw_idp_2024_mesures_qualite_globale,648,2024-09-18,,S29 (Aval_Conf_Rejet_Douar Ouled Jrir,Cl-,555797.0,377237.0,26191,0,GEO_ORPHAN_XY_2M,,,,,,
staging.raw_idp_2024_mesures_qualite_globale,649,2024-09-18,,S29 (Aval_Conf_Rejet_Douar Ouled Jrir,SO4--,555797.0,377237.0,26191,0,GEO_ORPHAN_XY_2M,,,,,,
staging.raw_idp_2024_mesures_qualite_globale,650,2024-09-18,,S29 (Aval_Conf_Rejet_Douar Ouled Jrir,Ca++,555797.0,377237.0,26191,0,GEO_ORPHAN_XY_2M,,,,,,
staging.raw_idp_2024_mesures_qualite_globale,651,2024-09-18,,S29 (Aval_Conf_Rejet_Douar Ouled Jrir,Mg++,555797.0,377237.0,26191,0,GEO_ORPHAN_XY_2M,,,,,,
staging.raw_idp_2024_mesures_qualite_globale,652,2024-09-18,,S29 (Aval_Conf_Rejet_Douar Ouled Jrir,TH,555797.0,377237.0,26191,0,GEO_ORPHAN_XY_2M,,,,,,
staging.raw_idp_2024_mesures_qualite_globale,653,2024-09-18,,S29 (Aval_Conf_Rejet_Douar Ouled Jrir,Na+,555797.0,377237.0,26191,0,GEO_ORPHAN_XY_2M,,,,,,
staging.raw_idp_2024_mesures_qualite_globale,654,2024-09-18,,S29 (Aval_Conf_Rejet_Douar Ouled Jrir,K+,555797.0,377237.0,26191,0,GEO_ORPHAN_XY_2M,,,,,,
staging.raw_idp_2024_mesures_qualite_globale,655,2024-09-18,,S29 (Aval_Conf_Rejet_Douar Ouled Jrir,Ag,555797.0,377237.0,26191,0,GEO_ORPHAN_XY_2M,,,,,,
staging.raw_idp_2024_mesures_qualite_globale,656,2024-09-18,,S29 (Aval_Conf_Rejet_Douar Ouled Jrir,Al,555797.0,377237.0,26191,0,GEO_ORPHAN_XY_2M,,,,,,
staging.raw_idp_2024_mesures_qualite_globale,657,2024-09-18,,S29 (Aval_Conf_Rejet_Douar Ouled Jrir,As,555797.0,377237.0,26191,0,GEO_ORPHAN_XY_2M,,,,,,
staging.raw_idp_2024_mesures_qualite_globale,658,2024-09-18,,S29 (Aval_Conf_Rejet_Douar Ouled Jrir,Ba,555797.0,377237.0,26191,0,GEO_ORPHAN_XY_2M,,,,,,
staging.raw_idp_2024_mesures_qualite_globale,659,2024-09-18,,S29 (Aval_Conf_Rejet_Douar Ouled Jrir,Be,555797.0,377237.0,26191,0,GEO_ORPHAN_XY_2M,,,,,,
staging.raw_idp_2024_mesures_qualite_globale,660,2024-09-18,,S29 (Aval_Conf_Rejet_Douar Ouled Jrir,Cd,555797.0,377237.0,26191,0,GEO_ORPHAN_XY_2M,,,,,,
staging.raw_idp_2024_mesures_qualite_globale,661,2024-09-18,,S29 (Aval_Conf_Rejet_Douar Ouled Jrir,Co,555797.0,377237.0,26191,0,GEO_ORPHAN_XY_2M,,,,,,
staging.raw_idp_2024_mesures_qualite_globale,662,2024-09-18,,S29 (Aval_Conf_Rejet_Douar Ouled Jrir,CrT,555797.0,377237.0,26191,0,GEO_ORPHAN_XY_2M,,,,,,
staging.raw_idp_2024_mesures_qualite_globale,663,2024-09-18,,S29 (Aval_Conf_Rejet_Douar Ouled Jrir,Cu,555797.0,377237.0,26191,0,GEO_ORPHAN_XY_2M,,,,,,
staging.raw_idp_2024_mesures_qualite_globale,664,2024-09-18,,S29 (Aval_Conf_Rejet_Douar Ouled Jrir,Fe,555797.0,377237.0,26191,0,GEO_ORPHAN_XY_2M,,,,,,
staging.raw_idp_2024_mesures_qualite_globale,665,2024-09-18,,S29 (Aval_Conf_Rejet_Douar Ouled Jrir,Hg,555797.0,377237.0,26191,0,GEO_ORPHAN_XY_2M,,,,,,
staging.raw_idp_2024_mesures_qualite_globale,666,2024-09-18,,S29 (Aval_Conf_Rejet_Douar Ouled Jrir,Mn,555797.0,377237.0,26191,0,GEO_ORPHAN_XY_2M,,,,,,
staging.raw_idp_2024_mesures_qualite_globale,667,2024-09-18,,S29 (Aval_Conf_Rejet_Douar Ouled Jrir,Mo,555797.0,377237.0,26191,0,GEO_ORPHAN_XY_2M,,,,,,
staging.raw_idp_2024_mesures_qualite_globale,668,2024-09-18,,S29 (Aval_Conf_Rejet_Douar Ouled Jrir,Ni,555797.0,377237.0,26191,0,GEO_ORPHAN_XY_2M,,,,,,
staging.raw_idp_2024_mesures_qualite_globale,669,2024-09-18,,S29 (Aval_Conf_Rejet_Douar Ouled Jrir,Pb,555797.0,377237.0,26191,0,GEO_ORPHAN_XY_2M,,,,,,
staging.raw_idp_2024_mesures_qualite_globale,670,2024-09-18,,S29 (Aval_Conf_Rejet_Douar Ouled Jrir,Sb,555797.0,377237.0,26191,0,GEO_ORPHAN_XY_2M,,,,,,
staging.raw_idp_2024_mesures_qualite_globale,671,2024-09-18,,S29 (Aval_Conf_Rejet_Douar Ouled Jrir,Se,555797.0,377237.0,26191,0,GEO_ORPHAN_XY_2M,,,,,,
staging.raw_idp_2024_mesures_qualite_globale,672,2024-09-18,,S29 (Aval_Conf_Rejet_Douar Ouled Jrir,Sn,555797.0,377237.0,26191,0,GEO_ORPHAN_XY_2M,,,,,,
staging.raw_idp_2024_mesures_qualite_globale,673,2024-09-18,,S29 (Aval_Conf_Rejet_Douar Ouled Jrir,V,555797.0,377237.0,26191,0,GEO_ORPHAN_XY_2M,,,,,,
staging.raw_idp_2024_mesures_qualite_globale,674,2024-09-18,,S29 (Aval_Conf_Rejet_Douar Ouled Jrir,Zn,555797.0,377237.0,26191,0,GEO_ORPHAN_XY_2M,,,,,,
staging.raw_idp_2024_mesures_qualite_globale,675,2024-09-18,,S29 (Aval_Conf_Rejet_Douar Ouled Jrir,Li,555797.0,377237.0,26191,0,GEO_ORPHAN_XY_2M,,,,,,
staging.raw_idp_2024_mesures_qualite_globale,676,2024-09-18,,S29 (Aval_Conf_Rejet_Douar Ouled Jrir,CT,555797.0,377237.0,26191,0,GEO_ORPHAN_XY_2M,,,,,,
staging.raw_idp_2024_mesures_qualite_globale,677,2024-09-18,,S29 (Aval_Conf_Rejet_Douar Ouled Jrir,CF,555797.0,377237.0,26191,0,GEO_ORPHAN_XY_2M,,,,,,
staging.raw_idp_2024_mesures_qualite_globale,678,2024-09-18,,S29 (Aval_Conf_Rejet_Douar Ouled Jrir,SF,555797.0,377237.0,26191,0,GEO_ORPHAN_XY_2M,,,,,,
staging.raw_idp_2024_mesures_qualite_globale,679,2024-09-18,,S30 (Aval_Conf_Rejet_SHZ (Sidi Harazem),DCO,546463.0,384297.0,26191,0,GEO_ORPHAN_XY_2M,,,,,,
staging.raw_idp_2024_mesures_qualite_globale,680,2024-09-18,,S30 (Aval_Conf_Rejet_SHZ (Sidi Harazem),DBO5,546463.0,384297.0,26191,0,GEO_ORPHAN_XY_2M,,,,,,
staging.raw_idp_2024_mesures_qualite_globale,681,2024-09-18,,S30 (Aval_Conf_Rejet_SHZ (Sidi Harazem),NTK,546463.0,384297.0,26191,0,GEO_ORPHAN_XY_2M,,,,,,
staging.raw_idp_2024_mesures_qualite_globale,682,2024-09-18,,S30 (Aval_Conf_Rejet_SHZ (Sidi Harazem),NH4+ ,546463.0,384297.0,26191,0,GEO_ORPHAN_XY_2M,,,,,,
staging.raw_idp_2024_mesures_qualite_globale,683,2024-09-18,,S30 (Aval_Conf_Rejet_SHZ (Sidi Harazem),PT,546463.0,384297.0,26191,0,GEO_ORPHAN_XY_2M,,,,,,
staging.raw_idp_2024_mesures_qualite_globale,684,2024-09-18,,S30 (Aval_Conf_Rejet_SHZ (Sidi Harazem),PO43-,546463.0,384297.0,26191,0,GEO_ORPHAN_XY_2M,,,,,,
staging.raw_idp_2024_mesures_qualite_globale,685,2024-09-18,,S30 (Aval_Conf_Rejet_SHZ (Sidi Harazem),MES,546463.0,384297.0,26191,0,GEO_ORPHAN_XY_2M,,,,,,
staging.raw_idp_2024_mesures_qualite_globale,686,2024-09-18,,S30 (Aval_Conf_Rejet_SHZ (Sidi Harazem),Phénol,546463.0,384297.0,26191,0,GEO_ORPHAN_XY_2M,,,,,,
staging.raw_idp_2024_mesures_qualite_globale,687,2024-09-18,,S30 (Aval_Conf_Rejet_SHZ (Sidi Harazem),"Huiles
Graisses",546463.0,384297.0,26191,0,GEO_ORPHAN_XY_2M,,,,,,
staging.raw_idp_2024_mesures_qualite_globale,688,2024-09-18,,S30 (Aval_Conf_Rejet_SHZ (Sidi Harazem),NO3-,546463.0,384297.0,26191,0,GEO_ORPHAN_XY_2M,,,,,,
staging.raw_idp_2024_mesures_qualite_globale,689,2024-09-18,,S30 (Aval_Conf_Rejet_SHZ (Sidi Harazem),NO2-,546463.0,384297.0,26191,0,GEO_ORPHAN_XY_2M,,,,,,
staging.raw_idp_2024_mesures_qualite_globale,690,2024-09-18,,S30 (Aval_Conf_Rejet_SHZ (Sidi Harazem),Cl-,546463.0,384297.0,26191,0,GEO_ORPHAN_XY_2M,,,,,,
staging.raw_idp_2024_mesures_qualite_globale,691,2024-09-18,,S30 (Aval_Conf_Rejet_SHZ (Sidi Harazem),SO4--,546463.0,384297.0,26191,0,GEO_ORPHAN_XY_2M,,,,,,
staging.raw_idp_2024_mesures_qualite_globale,692,2024-09-18,,S30 (Aval_Conf_Rejet_SHZ (Sidi Harazem),Ca++,546463.0,384297.0,26191,0,GEO_ORPHAN_XY_2M,,,,,,
staging.raw_idp_2024_mesures_qualite_globale,693,2024-09-18,,S30 (Aval_Conf_Rejet_SHZ (Sidi Harazem),Mg++,546463.0,384297.0,26191,0,GEO_ORPHAN_XY_2M,,,,,,
staging.raw_idp_2024_mesures_qualite_globale,694,2024-09-18,,S30 (Aval_Conf_Rejet_SHZ (Sidi Harazem),TH,546463.0,384297.0,26191,0,GEO_ORPHAN_XY_2M,,,,,,
staging.raw_idp_2024_mesures_qualite_globale,695,2024-09-18,,S30 (Aval_Conf_Rejet_SHZ (Sidi Harazem),Na+,546463.0,384297.0,26191,0,GEO_ORPHAN_XY_2M,,,,,,
staging.raw_idp_2024_mesures_qualite_globale,696,2024-09-18,,S30 (Aval_Conf_Rejet_SHZ (Sidi Harazem),K+,546463.0,384297.0,26191,0,GEO_ORPHAN_XY_2M,,,,,,
staging.raw_idp_2024_mesures_qualite_globale,697,2024-09-18,,S30 (Aval_Conf_Rejet_SHZ (Sidi Harazem),Ag,546463.0,384297.0,26191,0,GEO_ORPHAN_XY_2M,,,,,,
staging.raw_idp_2024_mesures_qualite_globale,698,2024-09-18,,S30 (Aval_Conf_Rejet_SHZ (Sidi Harazem),Al,546463.0,384297.0,26191,0,GEO_ORPHAN_XY_2M,,,,,,
staging.raw_idp_2024_mesures_qualite_globale,699,2024-09-18,,S30 (Aval_Conf_Rejet_SHZ (Sidi Harazem),As,546463.0,384297.0,26191,0,GEO_ORPHAN_XY_2M,,,,,,
staging.raw_idp_2024_mesures_qualite_globale,700,2024-09-18,,S30 (Aval_Conf_Rejet_SHZ (Sidi Harazem),Ba,546463.0,384297.0,26191,0,GEO_ORPHAN_XY_2M,,,,,,
staging.raw_idp_2024_mesures_qualite_globale,701,2024-09-18,,S30 (Aval_Conf_Rejet_SHZ (Sidi Harazem),Be,546463.0,384297.0,26191,0,GEO_ORPHAN_XY_2M,,,,,,
staging.raw_idp_2024_mesures_qualite_globale,702,2024-09-18,,S30 (Aval_Conf_Rejet_SHZ (Sidi Harazem),Cd,546463.0,384297.0,26191,0,GEO_ORPHAN_XY_2M,,,,,,
staging.raw_idp_2024_mesures_qualite_globale,703,2024-09-18,,S30 (Aval_Conf_Rejet_SHZ (Sidi Harazem),Co,546463.0,384297.0,26191,0,GEO_ORPHAN_XY_2M,,,,,,
staging.raw_idp_2024_mesures_qualite_globale,704,2024-09-18,,S30 (Aval_Conf_Rejet_SHZ (Sidi Harazem),CrT,546463.0,384297.0,26191,0,GEO_ORPHAN_XY_2M,,,,,,
staging.raw_idp_2024_mesures_qualite_globale,705,2024-09-18,,S30 (Aval_Conf_Rejet_SHZ (Sidi Harazem),Cu,546463.0,384297.0,26191,0,GEO_ORPHAN_XY_2M,,,,,,
staging.raw_idp_2024_mesures_qualite_globale,706,2024-09-18,,S30 (Aval_Conf_Rejet_SHZ (Sidi Harazem),Fe,546463.0,384297.0,26191,0,GEO_ORPHAN_XY_2M,,,,,,
staging.raw_idp_2024_mesures_qualite_globale,707,2024-09-18,,S30 (Aval_Conf_Rejet_SHZ (Sidi Harazem),Hg,546463.0,384297.0,26191,0,GEO_ORPHAN_XY_2M,,,,,,
staging.raw_idp_2024_mesures_qualite_globale,708,2024-09-18,,S30 (Aval_Conf_Rejet_SHZ (Sidi Harazem),Mn,546463.0,384297.0,26191,0,GEO_ORPHAN_XY_2M,,,,,,
staging.raw_idp_2024_mesures_qualite_globale,709,2024-09-18,,S30 (Aval_Conf_Rejet_SHZ (Sidi Harazem),Mo,546463.0,384297.0,26191,0,GEO_ORPHAN_XY_2M,,,,,,
staging.raw_idp_2024_mesures_qualite_globale,710,2024-09-18,,S30 (Aval_Conf_Rejet_SHZ (Sidi Harazem),Ni,546463.0,384297.0,26191,0,GEO_ORPHAN_XY_2M,,,,,,
staging.raw_idp_2024_mesures_qualite_globale,711,2024-09-18,,S30 (Aval_Conf_Rejet_SHZ (Sidi Harazem),Pb,546463.0,384297.0,26191,0,GEO_ORPHAN_XY_2M,,,,,,
staging.raw_idp_2024_mesures_qualite_globale,712,2024-09-18,,S30 (Aval_Conf_Rejet_SHZ (Sidi Harazem),Sb,546463.0,384297.0,26191,0,GEO_ORPHAN_XY_2M,,,,,,
staging.raw_idp_2024_mesures_qualite_globale,713,2024-09-18,,S30 (Aval_Conf_Rejet_SHZ (Sidi Harazem),Se,546463.0,384297.0,26191,0,GEO_ORPHAN_XY_2M,,,,,,
staging.raw_idp_2024_mesures_qualite_globale,714,2024-09-18,,S30 (Aval_Conf_Rejet_SHZ (Sidi Harazem),Sn,546463.0,384297.0,26191,0,GEO_ORPHAN_XY_2M,,,,,,
staging.raw_idp_2024_mesures_qualite_globale,715,2024-09-18,,S30 (Aval_Conf_Rejet_SHZ (Sidi Harazem),V,546463.0,384297.0,26191,0,GEO_ORPHAN_XY_2M,,,,,,
staging.raw_idp_2024_mesures_qualite_globale,716,2024-09-18,,S30 (Aval_Conf_Rejet_SHZ (Sidi Harazem),Zn,546463.0,384297.0,26191,0,GEO_ORPHAN_XY_2M,,,,,,
staging.raw_idp_2024_mesures_qualite_globale,717,2024-09-18,,S30 (Aval_Conf_Rejet_SHZ (Sidi Harazem),Li,546463.0,384297.0,26191,0,GEO_ORPHAN_XY_2M,,,,,,
staging.raw_idp_2024_mesures_qualite_globale,718,2024-09-18,,S30 (Aval_Conf_Rejet_SHZ (Sidi Harazem),CT,546463.0,384297.0,26191,0,GEO_ORPHAN_XY_2M,,,,,,
staging.raw_idp_2024_mesures_qualite_globale,719,2024-09-18,,S30 (Aval_Conf_Rejet_SHZ (Sidi Harazem),CF,546463.0,384297.0,26191,0,GEO_ORPHAN_XY_2M,,,,,,
staging.raw_idp_2024_mesures_qualite_globale,720,2024-09-18,,S30 (Aval_Conf_Rejet_SHZ (Sidi Harazem),SF,546463.0,384297.0,26191,0,GEO_ORPHAN_XY_2M,,,,,,
staging.raw_idp_2024_mesures_qualite_globale,767,2024-09-18,, REJET R10 EM (R10: KNH-DOM-R1),DCO,,,26191,0,GEO_ORPHAN_XY_2M,,,,,,
staging.raw_idp_2024_mesures_qualite_globale,768,2024-09-18,, REJET R10 EM (R10: KNH-DOM-R1),DBO5,,,26191,0,GEO_ORPHAN_XY_2M,,,,,,
staging.raw_idp_2024_mesures_qualite_globale,769,2024-09-18,, REJET R10 EM (R10: KNH-DOM-R1),NTK,,,26191,0,GEO_ORPHAN_XY_2M,,,,,,
staging.raw_idp_2024_mesures_qualite_globale,770,2024-09-18,, REJET R10 EM (R10: KNH-DOM-R1),NH4+ ,,,26191,0,GEO_ORPHAN_XY_2M,,,,,,
staging.raw_idp_2024_mesures_qualite_globale,771,2024-09-18,, REJET R10 EM (R10: KNH-DOM-R1),PT,,,26191,0,GEO_ORPHAN_XY_2M,,,,,,
staging.raw_idp_2024_mesures_qualite_globale,772,2024-09-18,, REJET R10 EM (R10: KNH-DOM-R1),PO43-,,,26191,0,GEO_ORPHAN_XY_2M,,,,,,
staging.raw_idp_2024_mesures_qualite_globale,773,2024-09-18,, REJET R10 EM (R10: KNH-DOM-R1),MES,,,26191,0,GEO_ORPHAN_XY_2M,,,,,,
staging.raw_idp_2024_mesures_qualite_globale,774,2024-09-18,, REJET R10 EM (R10: KNH-DOM-R1),Phénol,,,26191,0,GEO_ORPHAN_XY_2M,,,,,,
staging.raw_idp_2024_mesures_qualite_globale,775,2024-09-18,, REJET R10 EM (R10: KNH-DOM-R1),"Huiles
Graisses",,,26191,0,GEO_ORPHAN_XY_2M,,,,,,
staging.raw_idp_2024_mesures_qualite_globale,776,2024-09-18,, REJET R10 EM (R10: KNH-DOM-R1),NO3-,,,26191,0,GEO_ORPHAN_XY_2M,,,,,,
staging.raw_idp_2024_mesures_qualite_globale,777,2024-09-18,, REJET R10 EM (R10: KNH-DOM-R1),NO2-,,,26191,0,GEO_ORPHAN_XY_2M,,,,,,
staging.raw_idp_2024_mesures_qualite_globale,778,2024-09-18,, REJET R10 EM (R10: KNH-DOM-R1),Cl-,,,26191,0,GEO_ORPHAN_XY_2M,,,,,,
staging.raw_idp_2024_mesures_qualite_globale,779,2024-09-18,, REJET R10 EM (R10: KNH-DOM-R1),SO4--,,,26191,0,GEO_ORPHAN_XY_2M,,,,,,
staging.raw_idp_2024_mesures_qualite_globale,780,2024-09-18,, REJET R10 EM (R10: KNH-DOM-R1),Ca++,,,26191,0,GEO_ORPHAN_XY_2M,,,,,,
staging.raw_idp_2024_mesures_qualite_globale,781,2024-09-18,, REJET R10 EM (R10: KNH-DOM-R1),Mg++,,,26191,0,GEO_ORPHAN_XY_2M,,,,,,
staging.raw_idp_2024_mesures_qualite_globale,782,2024-09-18,, REJET R10 EM (R10: KNH-DOM-R1),TH,,,26191,0,GEO_ORPHAN_XY_2M,,,,,,
staging.raw_idp_2024_mesures_qualite_globale,783,2024-09-18,, REJET R10 EM (R10: KNH-DOM-R1),Na+,,,26191,0,GEO_ORPHAN_XY_2M,,,,,,
staging.raw_idp_2024_mesures_qualite_globale,784,2024-09-18,, REJET R10 EM (R10: KNH-DOM-R1),K+,,,26191,0,GEO_ORPHAN_XY_2M,,,,,,
staging.raw_idp_2024_mesures_qualite_globale,785,2024-09-18,, REJET R10 EM (R10: KNH-DOM-R1),Fe,,,26191,0,GEO_ORPHAN_XY_2M,,,,,,
staging.raw_idp_2024_mesures_qualite_globale,786,2024-09-18,,REJET R11 EM (R11: NTR-DOM-R1),DCO,,,26191,0,GEO_ORPHAN_XY_2M,,,,,,
staging.raw_idp_2024_mesures_qualite_globale,787,2024-09-18,,REJET R11 EM (R11: NTR-DOM-R1),DBO5,,,26191,0,GEO_ORPHAN_XY_2M,,,,,,
staging.raw_idp_2024_mesures_qualite_globale,788,2024-09-18,,REJET R11 EM (R11: NTR-DOM-R1),NTK,,,26191,0,GEO_ORPHAN_XY_2M,,,,,,
staging.raw_idp_2024_mesures_qualite_globale,789,2024-09-18,,REJET R11 EM (R11: NTR-DOM-R1),NH4+ ,,,26191,0,GEO_ORPHAN_XY_2M,,,,,,
staging.raw_idp_2024_mesures_qualite_globale,790,2024-09-18,,REJET R11 EM (R11: NTR-DOM-R1),PT,,,26191,0,GEO_ORPHAN_XY_2M,,,,,,
staging.raw_idp_2024_mesures_qualite_globale,791,2024-09-18,,REJET R11 EM (R11: NTR-DOM-R1),PO43-,,,26191,0,GEO_ORPHAN_XY_2M,,,,,,
staging.raw_idp_2024_mesures_qualite_globale,792,2024-09-18,,REJET R11 EM (R11: NTR-DOM-R1),MES,,,26191,0,GEO_ORPHAN_XY_2M,,,,,,
staging.raw_idp_2024_mesures_qualite_globale,793,2024-09-18,,REJET R11 EM (R11: NTR-DOM-R1),Phénol,,,26191,0,GEO_ORPHAN_XY_2M,,,,,,
staging.raw_idp_2024_mesures_qualite_globale,794,2024-09-18,,REJET R11 EM (R11: NTR-DOM-R1),"Huiles
Graisses",,,26191,0,GEO_ORPHAN_XY_2M,,,,,,
staging.raw_idp_2024_mesures_qualite_globale,795,2024-09-18,,REJET R11 EM (R11: NTR-DOM-R1),NO3-,,,26191,0,GEO_ORPHAN_XY_2M,,,,,,
staging.raw_idp_2024_mesures_qualite_globale,796,2024-09-18,,REJET R11 EM (R11: NTR-DOM-R1),NO2-,,,26191,0,GEO_ORPHAN_XY_2M,,,,,,
staging.raw_idp_2024_mesures_qualite_globale,797,2024-09-18,,REJET R11 EM (R11: NTR-DOM-R1),Cl-,,,26191,0,GEO_ORPHAN_XY_2M,,,,,,
staging.raw_idp_2024_mesures_qualite_globale,798,2024-09-18,,REJET R11 EM (R11: NTR-DOM-R1),SO4--,,,26191,0,GEO_ORPHAN_XY_2M,,,,,,
staging.raw_idp_2024_mesures_qualite_globale,799,2024-09-18,,REJET R11 EM (R11: NTR-DOM-R1),Ca++,,,26191,0,GEO_ORPHAN_XY_2M,,,,,,
staging.raw_idp_2024_mesures_qualite_globale,800,2024-09-18,,REJET R11 EM (R11: NTR-DOM-R1),Mg++,,,26191,0,GEO_ORPHAN_XY_2M,,,,,,
staging.raw_idp_2024_mesures_qualite_globale,801,2024-09-18,,REJET R11 EM (R11: NTR-DOM-R1),TH,,,26191,0,GEO_ORPHAN_XY_2M,,,,,,
staging.raw_idp_2024_mesures_qualite_globale,802,2024-09-18,,REJET R11 EM (R11: NTR-DOM-R1),Na+,,,26191,0,GEO_ORPHAN_XY_2M,,,,,,
staging.raw_idp_2024_mesures_qualite_globale,803,2024-09-18,,REJET R11 EM (R11: NTR-DOM-R1),K+,,,26191,0,GEO_ORPHAN_XY_2M,,,,,,
staging.raw_idp_2024_mesures_qualite_globale,804,2024-09-18,,REJET R11 EM (R11: NTR-DOM-R1),Fe,,,26191,0,GEO_ORPHAN_XY_2M,,,,,,
staging.raw_idp_2024_mesures_qualite_globale,805,2024-09-18,, REJET R12 EM (R12: MBK-DOM-R2),DCO,,,26191,0,GEO_ORPHAN_XY_2M,,,,,,
staging.raw_idp_2024_mesures_qualite_globale,806,2024-09-18,, REJET R12 EM (R12: MBK-DOM-R2),DBO5,,,26191,0,GEO_ORPHAN_XY_2M,,,,,,
staging.raw_idp_2024_mesures_qualite_globale,807,2024-09-18,, REJET R12 EM (R12: MBK-DOM-R2),NTK,,,26191,0,GEO_ORPHAN_XY_2M,,,,,,
staging.raw_idp_2024_mesures_qualite_globale,808,2024-09-18,, REJET R12 EM (R12: MBK-DOM-R2),NH4+ ,,,26191,0,GEO_ORPHAN_XY_2M,,,,,,
staging.raw_idp_2024_mesures_qualite_globale,809,2024-09-18,, REJET R12 EM (R12: MBK-DOM-R2),PT,,,26191,0,GEO_ORPHAN_XY_2M,,,,,,
staging.raw_idp_2024_mesures_qualite_globale,810,2024-09-18,, REJET R12 EM (R12: MBK-DOM-R2),PO43-,,,26191,0,GEO_ORPHAN_XY_2M,,,,,,
staging.raw_idp_2024_mesures_qualite_globale,811,2024-09-18,, REJET R12 EM (R12: MBK-DOM-R2),MES,,,26191,0,GEO_ORPHAN_XY_2M,,,,,,
staging.raw_idp_2024_mesures_qualite_globale,812,2024-09-18,, REJET R12 EM (R12: MBK-DOM-R2),Phénol,,,26191,0,GEO_ORPHAN_XY_2M,,,,,,
staging.raw_idp_2024_mesures_qualite_globale,813,2024-09-18,, REJET R12 EM (R12: MBK-DOM-R2),"Huiles
Graisses",,,26191,0,GEO_ORPHAN_XY_2M,,,,,,
staging.raw_idp_2024_mesures_qualite_globale,814,2024-09-18,, REJET R12 EM (R12: MBK-DOM-R2),NO3-,,,26191,0,GEO_ORPHAN_XY_2M,,,,,,
staging.raw_idp_2024_mesures_qualite_globale,815,2024-09-18,, REJET R12 EM (R12: MBK-DOM-R2),NO2-,,,26191,0,GEO_ORPHAN_XY_2M,,,,,,
staging.raw_idp_2024_mesures_qualite_globale,816,2024-09-18,, REJET R12 EM (R12: MBK-DOM-R2),Cl-,,,26191,0,GEO_ORPHAN_XY_2M,,,,,,
staging.raw_idp_2024_mesures_qualite_globale,817,2024-09-18,, REJET R12 EM (R12: MBK-DOM-R2),SO4--,,,26191,0,GEO_ORPHAN_XY_2M,,,,,,
staging.raw_idp_2024_mesures_qualite_globale,818,2024-09-18,, REJET R12 EM (R12: MBK-DOM-R2),Ca++,,,26191,0,GEO_ORPHAN_XY_2M,,,,,,
staging.raw_idp_2024_mesures_qualite_globale,819,2024-09-18,, REJET R12 EM (R12: MBK-DOM-R2),Mg++,,,26191,0,GEO_ORPHAN_XY_2M,,,,,,
staging.raw_idp_2024_mesures_qualite_globale,820,2024-09-18,, REJET R12 EM (R12: MBK-DOM-R2),TH,,,26191,0,GEO_ORPHAN_XY_2M,,,,,,
staging.raw_idp_2024_mesures_qualite_globale,821,2024-09-18,, REJET R12 EM (R12: MBK-DOM-R2),Na+,,,26191,0,GEO_ORPHAN_XY_2M,,,,,,
staging.raw_idp_2024_mesures_qualite_globale,822,2024-09-18,, REJET R12 EM (R12: MBK-DOM-R2),K+,,,26191,0,GEO_ORPHAN_XY_2M,,,,,,
staging.raw_idp_2024_mesures_qualite_globale,823,2024-09-18,, REJET R12 EM (R12: MBK-DOM-R2),Fe,,,26191,0,GEO_ORPHAN_XY_2M,,,,,,
staging.raw_idp_2024_mesures_qualite_globale,824,2024-09-18,, REJET R10 EP (R10: KNH-DOM-R1),CT,,,26191,0,GEO_ORPHAN_XY_2M,,,,,,
staging.raw_idp_2024_mesures_qualite_globale,825,2024-09-18,, REJET R10 EP (R10: KNH-DOM-R1),CF,,,26191,0,GEO_ORPHAN_XY_2M,,,,,,
staging.raw_idp_2024_mesures_qualite_globale,826,2024-09-18,, REJET R10 EP (R10: KNH-DOM-R1),SF,,,26191,0,GEO_ORPHAN_XY_2M,,,,,,
staging.raw_idp_2024_mesures_qualite_globale,827,2024-09-18,,REJET R11 EP (R11: NTR-DOM-R1),CT,,,26191,0,GEO_ORPHAN_XY_2M,,,,,,
staging.raw_idp_2024_mesures_qualite_globale,828,2024-09-18,,REJET R11 EP (R11: NTR-DOM-R1),CF,,,26191,0,GEO_ORPHAN_XY_2M,,,,,,
staging.raw_idp_2024_mesures_qualite_globale,829,2024-09-18,,REJET R11 EP (R11: NTR-DOM-R1),SF,,,26191,0,GEO_ORPHAN_XY_2M,,,,,,
staging.raw_idp_2024_mesures_qualite_globale,830,2024-09-18,,REJET R12 EP (R12: MBK-DOM-R2),CT,,,26191,0,GEO_ORPHAN_XY_2M,,,,,,
staging.raw_idp_2024_mesures_qualite_globale,831,2024-09-18,,REJET R12 EP (R12: MBK-DOM-R2),CF,,,26191,0,GEO_ORPHAN_XY_2M,,,,,,
staging.raw_idp_2024_mesures_qualite_globale,832,2024-09-18,,REJET R12 EP (R12: MBK-DOM-R2),SF,,,26191,0,GEO_ORPHAN_XY_2M,,,,,,
staging.raw_idp_2024_mesures_qualite_globale,917,2024-09-19,,S21 (Aval_conf_Leban_ Inaoun,DCO,552458.0,401649.0,26191,0,GEO_ORPHAN_XY_2M,,,,,,
staging.raw_idp_2024_mesures_qualite_globale,918,2024-09-19,,S21 (Aval_conf_Leban_ Inaoun,DBO5,552458.0,401649.0,26191,0,GEO_ORPHAN_XY_2M,,,,,,
staging.raw_idp_2024_mesures_qualite_globale,919,2024-09-19,,S21 (Aval_conf_Leban_ Inaoun,NTK,552458.0,401649.0,26191,0,GEO_ORPHAN_XY_2M,,,,,,
staging.raw_idp_2024_mesures_qualite_globale,920,2024-09-19,,S21 (Aval_conf_Leban_ Inaoun,NH4+ ,552458.0,401649.0,26191,0,GEO_ORPHAN_XY_2M,,,,,,
staging.raw_idp_2024_mesures_qualite_globale,921,2024-09-19,,S21 (Aval_conf_Leban_ Inaoun,PT,552458.0,401649.0,26191,0,GEO_ORPHAN_XY_2M,,,,,,
staging.raw_idp_2024_mesures_qualite_globale,922,2024-09-19,,S21 (Aval_conf_Leban_ Inaoun,PO43-,552458.0,401649.0,26191,0,GEO_ORPHAN_XY_2M,,,,,,
staging.raw_idp_2024_mesures_qualite_globale,923,2024-09-19,,S21 (Aval_conf_Leban_ Inaoun,MES,552458.0,401649.0,26191,0,GEO_ORPHAN_XY_2M,,,,,,
staging.raw_idp_2024_mesures_qualite_globale,924,2024-09-19,,S21 (Aval_conf_Leban_ Inaoun,Phénol,552458.0,401649.0,26191,0,GEO_ORPHAN_XY_2M,,,,,,
staging.raw_idp_2024_mesures_qualite_globale,925,2024-09-19,,S21 (Aval_conf_Leban_ Inaoun,"Huiles
Graisses",552458.0,401649.0,26191,0,GEO_ORPHAN_XY_2M,,,,,,
staging.raw_idp_2024_mesures_qualite_globale,926,2024-09-19,,S21 (Aval_conf_Leban_ Inaoun,NO3-,552458.0,401649.0,26191,0,GEO_ORPHAN_XY_2M,,,,,,
staging.raw_idp_2024_mesures_qualite_globale,927,2024-09-19,,S21 (Aval_conf_Leban_ Inaoun,NO2-,552458.0,401649.0,26191,0,GEO_ORPHAN_XY_2M,,,,,,
staging.raw_idp_2024_mesures_qualite_globale,928,2024-09-19,,S21 (Aval_conf_Leban_ Inaoun,Cl-,552458.0,401649.0,26191,0,GEO_ORPHAN_XY_2M,,,,,,
staging.raw_idp_2024_mesures_qualite_globale,929,2024-09-19,,S21 (Aval_conf_Leban_ Inaoun,SO4--,552458.0,401649.0,26191,0,GEO_ORPHAN_XY_2M,,,,,,
staging.raw_idp_2024_mesures_qualite_globale,930,2024-09-19,,S21 (Aval_conf_Leban_ Inaoun,Ca++,552458.0,401649.0,26191,0,GEO_ORPHAN_XY_2M,,,,,,
staging.raw_idp_2024_mesures_qualite_globale,931,2024-09-19,,S21 (Aval_conf_Leban_ Inaoun,Mg++,552458.0,401649.0,26191,0,GEO_ORPHAN_XY_2M,,,,,,
staging.raw_idp_2024_mesures_qualite_globale,932,2024-09-19,,S21 (Aval_conf_Leban_ Inaoun,TH,552458.0,401649.0,26191,0,GEO_ORPHAN_XY_2M,,,,,,
staging.raw_idp_2024_mesures_qualite_globale,933,2024-09-19,,S21 (Aval_conf_Leban_ Inaoun,Na+,552458.0,401649.0,26191,0,GEO_ORPHAN_XY_2M,,,,,,
staging.raw_idp_2024_mesures_qualite_globale,934,2024-09-19,,S21 (Aval_conf_Leban_ Inaoun,K+,552458.0,401649.0,26191,0,GEO_ORPHAN_XY_2M,,,,,,
staging.raw_idp_2024_mesures_qualite_globale,935,2024-09-19,,S21 (Aval_conf_Leban_ Inaoun,Ag,552458.0,401649.0,26191,0,GEO_ORPHAN_XY_2M,,,,,,
staging.raw_idp_2024_mesures_qualite_globale,936,2024-09-19,,S21 (Aval_conf_Leban_ Inaoun,Al,552458.0,401649.0,26191,0,GEO_ORPHAN_XY_2M,,,,,,
staging.raw_idp_2024_mesures_qualite_globale,937,2024-09-19,,S21 (Aval_conf_Leban_ Inaoun,As,552458.0,401649.0,26191,0,GEO_ORPHAN_XY_2M,,,,,,
staging.raw_idp_2024_mesures_qualite_globale,938,2024-09-19,,S21 (Aval_conf_Leban_ Inaoun,Ba,552458.0,401649.0,26191,0,GEO_ORPHAN_XY_2M,,,,,,
staging.raw_idp_2024_mesures_qualite_globale,939,2024-09-19,,S21 (Aval_conf_Leban_ Inaoun,Be,552458.0,401649.0,26191,0,GEO_ORPHAN_XY_2M,,,,,,
staging.raw_idp_2024_mesures_qualite_globale,940,2024-09-19,,S21 (Aval_conf_Leban_ Inaoun,Cd,552458.0,401649.0,26191,0,GEO_ORPHAN_XY_2M,,,,,,
staging.raw_idp_2024_mesures_qualite_globale,941,2024-09-19,,S21 (Aval_conf_Leban_ Inaoun,Co,552458.0,401649.0,26191,0,GEO_ORPHAN_XY_2M,,,,,,
staging.raw_idp_2024_mesures_qualite_globale,942,2024-09-19,,S21 (Aval_conf_Leban_ Inaoun,CrT,552458.0,401649.0,26191,0,GEO_ORPHAN_XY_2M,,,,,,
staging.raw_idp_2024_mesures_qualite_globale,943,2024-09-19,,S21 (Aval_conf_Leban_ Inaoun,Cu,552458.0,401649.0,26191,0,GEO_ORPHAN_XY_2M,,,,,,
staging.raw_idp_2024_mesures_qualite_globale,944,2024-09-19,,S21 (Aval_conf_Leban_ Inaoun,Fe,552458.0,401649.0,26191,0,GEO_ORPHAN_XY_2M,,,,,,
staging.raw_idp_2024_mesures_qualite_globale,945,2024-09-19,,S21 (Aval_conf_Leban_ Inaoun,Mn,552458.0,401649.0,26191,0,GEO_ORPHAN_XY_2M,,,,,,
staging.raw_idp_2024_mesures_qualite_globale,946,2024-09-19,,S21 (Aval_conf_Leban_ Inaoun,Mo,552458.0,401649.0,26191,0,GEO_ORPHAN_XY_2M,,,,,,
staging.raw_idp_2024_mesures_qualite_globale,947,2024-09-19,,S21 (Aval_conf_Leban_ Inaoun,Ni,552458.0,401649.0,26191,0,GEO_ORPHAN_XY_2M,,,,,,
staging.raw_idp_2024_mesures_qualite_globale,948,2024-09-19,,S21 (Aval_conf_Leban_ Inaoun,Pb,552458.0,401649.0,26191,0,GEO_ORPHAN_XY_2M,,,,,,
staging.raw_idp_2024_mesures_qualite_globale,949,2024-09-19,,S21 (Aval_conf_Leban_ Inaoun,Sb,552458.0,401649.0,26191,0,GEO_ORPHAN_XY_2M,,,,,,
staging.raw_idp_2024_mesures_qualite_globale,950,2024-09-19,,S21 (Aval_conf_Leban_ Inaoun,Se,552458.0,401649.0,26191,0,GEO_ORPHAN_XY_2M,,,,,,
staging.raw_idp_2024_mesures_qualite_globale,951,2024-09-19,,S21 (Aval_conf_Leban_ Inaoun,Sn,552458.0,401649.0,26191,0,GEO_ORPHAN_XY_2M,,,,,,
staging.raw_idp_2024_mesures_qualite_globale,952,2024-09-19,,S21 (Aval_conf_Leban_ Inaoun,V,552458.0,401649.0,26191,0,GEO_ORPHAN_XY_2M,,,,,,
staging.raw_idp_2024_mesures_qualite_globale,953,2024-09-19,,S21 (Aval_conf_Leban_ Inaoun,Zn,552458.0,401649.0,26191,0,GEO_ORPHAN_XY_2M,,,,,,
staging.raw_idp_2024_mesures_qualite_globale,954,2024-09-19,,S21 (Aval_conf_Leban_ Inaoun,Li,552458.0,401649.0,26191,0,GEO_ORPHAN_XY_2M,,,,,,
staging.raw_idp_2024_mesures_qualite_globale,955,2024-09-19,,S21 (Aval_conf_Leban_ Inaoun,CT,552458.0,401649.0,26191,0,GEO_ORPHAN_XY_2M,,,,,,
staging.raw_idp_2024_mesures_qualite_globale,956,2024-09-19,,S21 (Aval_conf_Leban_ Inaoun,CF,552458.0,401649.0,26191,0,GEO_ORPHAN_XY_2M,,,,,,
staging.raw_idp_2024_mesures_qualite_globale,957,2024-09-19,,S21 (Aval_conf_Leban_ Inaoun,SF,552458.0,401649.0,26191,0,GEO_ORPHAN_XY_2M,,,,,,
staging.raw_idp_2024_mesures_qualite_globale,980,2024-09-19,,S26 (Aval_Conf_Rejet_MKS (Mkansa),DCO,491774.0,413700.0,26191,0,GEO_ORPHAN_XY_2M,,,,,,
staging.raw_idp_2024_mesures_qualite_globale,981,2024-09-19,,S26 (Aval_Conf_Rejet_MKS (Mkansa),DBO5,491774.0,413700.0,26191,0,GEO_ORPHAN_XY_2M,,,,,,
staging.raw_idp_2024_mesures_qualite_globale,982,2024-09-19,,S26 (Aval_Conf_Rejet_MKS (Mkansa),NTK,491774.0,413700.0,26191,0,GEO_ORPHAN_XY_2M,,,,,,
staging.raw_idp_2024_mesures_qualite_globale,983,2024-09-19,,S26 (Aval_Conf_Rejet_MKS (Mkansa),NH4+ ,491774.0,413700.0,26191,0,GEO_ORPHAN_XY_2M,,,,,,
staging.raw_idp_2024_mesures_qualite_globale,984,2024-09-19,,S26 (Aval_Conf_Rejet_MKS (Mkansa),PT,491774.0,413700.0,26191,0,GEO_ORPHAN_XY_2M,,,,,,
staging.raw_idp_2024_mesures_qualite_globale,985,2024-09-19,,S26 (Aval_Conf_Rejet_MKS (Mkansa),PO43-,491774.0,413700.0,26191,0,GEO_ORPHAN_XY_2M,,,,,,
staging.raw_idp_2024_mesures_qualite_globale,986,2024-09-19,,S26 (Aval_Conf_Rejet_MKS (Mkansa),MES,491774.0,413700.0,26191,0,GEO_ORPHAN_XY_2M,,,,,,
staging.raw_idp_2024_mesures_qualite_globale,987,2024-09-19,,S26 (Aval_Conf_Rejet_MKS (Mkansa),Phénol,491774.0,413700.0,26191,0,GEO_ORPHAN_XY_2M,,,,,,
staging.raw_idp_2024_mesures_qualite_globale,988,2024-09-19,,S26 (Aval_Conf_Rejet_MKS (Mkansa),"Huiles
Graisses",491774.0,413700.0,26191,0,GEO_ORPHAN_XY_2M,,,,,,
staging.raw_idp_2024_mesures_qualite_globale,989,2024-09-19,,S26 (Aval_Conf_Rejet_MKS (Mkansa),NO3-,491774.0,413700.0,26191,0,GEO_ORPHAN_XY_2M,,,,,,
staging.raw_idp_2024_mesures_qualite_globale,990,2024-09-19,,S26 (Aval_Conf_Rejet_MKS (Mkansa),NO2-,491774.0,413700.0,26191,0,GEO_ORPHAN_XY_2M,,,,,,
staging.raw_idp_2024_mesures_qualite_globale,991,2024-09-19,,S26 (Aval_Conf_Rejet_MKS (Mkansa),Cl-,491774.0,413700.0,26191,0,GEO_ORPHAN_XY_2M,,,,,,
staging.raw_idp_2024_mesures_qualite_globale,992,2024-09-19,,S26 (Aval_Conf_Rejet_MKS (Mkansa),SO4--,491774.0,413700.0,26191,0,GEO_ORPHAN_XY_2M,,,,,,
staging.raw_idp_2024_mesures_qualite_globale,993,2024-09-19,,S26 (Aval_Conf_Rejet_MKS (Mkansa),Ca++,491774.0,413700.0,26191,0,GEO_ORPHAN_XY_2M,,,,,,
staging.raw_idp_2024_mesures_qualite_globale,994,2024-09-19,,S26 (Aval_Conf_Rejet_MKS (Mkansa),Mg++,491774.0,413700.0,26191,0,GEO_ORPHAN_XY_2M,,,,,,
staging.raw_idp_2024_mesures_qualite_globale,995,2024-09-19,,S26 (Aval_Conf_Rejet_MKS (Mkansa),TH,491774.0,413700.0,26191,0,GEO_ORPHAN_XY_2M,,,,,,
staging.raw_idp_2024_mesures_qualite_globale,996,2024-09-19,,S26 (Aval_Conf_Rejet_MKS (Mkansa),Na+,491774.0,413700.0,26191,0,GEO_ORPHAN_XY_2M,,,,,,
staging.raw_idp_2024_mesures_qualite_globale,997,2024-09-19,,S26 (Aval_Conf_Rejet_MKS (Mkansa),K+,491774.0,413700.0,26191,0,GEO_ORPHAN_XY_2M,,,,,,
staging.raw_idp_2024_mesures_qualite_globale,998,2024-09-19,,S26 (Aval_Conf_Rejet_MKS (Mkansa),Fe,491774.0,413700.0,26191,0,GEO_ORPHAN_XY_2M,,,,,,
staging.raw_idp_2024_mesures_qualite_globale,999,2024-09-19,,S26 (Aval_Conf_Rejet_MKS (Mkansa),CT,491774.0,413700.0,26191,0,GEO_ORPHAN_XY_2M,,,,,,
staging.raw_idp_2024_mesures_qualite_globale,1000,2024-09-19,,S26 (Aval_Conf_Rejet_MKS (Mkansa),CF,491774.0,413700.0,26191,0,GEO_ORPHAN_XY_2M,,,,,,
staging.raw_idp_2024_mesures_qualite_globale,1001,2024-09-19,,S26 (Aval_Conf_Rejet_MKS (Mkansa),SF,491774.0,413700.0,26191,0,GEO_ORPHAN_XY_2M,,,,,,
staging.raw_idp_2024_mesures_qualite_globale,1002,2024-09-20,,S27 (Aval_Conf_Rejet_LOD (Louadaine),DCO,543094.0,401261.0,26191,0,GEO_ORPHAN_XY_2M,,,,,,
staging.raw_idp_2024_mesures_qualite_globale,1003,2024-09-20,,S27 (Aval_Conf_Rejet_LOD (Louadaine),DBO5,543094.0,401261.0,26191,0,GEO_ORPHAN_XY_2M,,,,,,
staging.raw_idp_2024_mesures_qualite_globale,1004,2024-09-20,,S27 (Aval_Conf_Rejet_LOD (Louadaine),NTK,543094.0,401261.0,26191,0,GEO_ORPHAN_XY_2M,,,,,,
staging.raw_idp_2024_mesures_qualite_globale,1005,2024-09-20,,S27 (Aval_Conf_Rejet_LOD (Louadaine),NH4+ ,543094.0,401261.0,26191,0,GEO_ORPHAN_XY_2M,,,,,,
staging.raw_idp_2024_mesures_qualite_globale,1006,2024-09-20,,S27 (Aval_Conf_Rejet_LOD (Louadaine),PT,543094.0,401261.0,26191,0,GEO_ORPHAN_XY_2M,,,,,,
staging.raw_idp_2024_mesures_qualite_globale,1007,2024-09-20,,S27 (Aval_Conf_Rejet_LOD (Louadaine),PO43-,543094.0,401261.0,26191,0,GEO_ORPHAN_XY_2M,,,,,,
staging.raw_idp_2024_mesures_qualite_globale,1008,2024-09-20,,S27 (Aval_Conf_Rejet_LOD (Louadaine),MES,543094.0,401261.0,26191,0,GEO_ORPHAN_XY_2M,,,,,,
staging.raw_idp_2024_mesures_qualite_globale,1009,2024-09-20,,S27 (Aval_Conf_Rejet_LOD (Louadaine),Phénol,543094.0,401261.0,26191,0,GEO_ORPHAN_XY_2M,,,,,,
staging.raw_idp_2024_mesures_qualite_globale,1010,2024-09-20,,S27 (Aval_Conf_Rejet_LOD (Louadaine),"Huiles
Graisses",543094.0,401261.0,26191,0,GEO_ORPHAN_XY_2M,,,,,,
staging.raw_idp_2024_mesures_qualite_globale,1011,2024-09-20,,S27 (Aval_Conf_Rejet_LOD (Louadaine),NO3-,543094.0,401261.0,26191,0,GEO_ORPHAN_XY_2M,,,,,,
staging.raw_idp_2024_mesures_qualite_globale,1012,2024-09-20,,S27 (Aval_Conf_Rejet_LOD (Louadaine),NO2-,543094.0,401261.0,26191,0,GEO_ORPHAN_XY_2M,,,,,,
staging.raw_idp_2024_mesures_qualite_globale,1013,2024-09-20,,S27 (Aval_Conf_Rejet_LOD (Louadaine),Cl-,543094.0,401261.0,26191,0,GEO_ORPHAN_XY_2M,,,,,,
staging.raw_idp_2024_mesures_qualite_globale,1014,2024-09-20,,S27 (Aval_Conf_Rejet_LOD (Louadaine),SO4--,543094.0,401261.0,26191,0,GEO_ORPHAN_XY_2M,,,,,,
staging.raw_idp_2024_mesures_qualite_globale,1015,2024-09-20,,S27 (Aval_Conf_Rejet_LOD (Louadaine),Ca++,543094.0,401261.0,26191,0,GEO_ORPHAN_XY_2M,,,,,,
staging.raw_idp_2024_mesures_qualite_globale,1016,2024-09-20,,S27 (Aval_Conf_Rejet_LOD (Louadaine),Mg++,543094.0,401261.0,26191,0,GEO_ORPHAN_XY_2M,,,,,,
staging.raw_idp_2024_mesures_qualite_globale,1017,2024-09-20,,S27 (Aval_Conf_Rejet_LOD (Louadaine),TH,543094.0,401261.0,26191,0,GEO_ORPHAN_XY_2M,,,,,,
staging.raw_idp_2024_mesures_qualite_globale,1018,2024-09-20,,S27 (Aval_Conf_Rejet_LOD (Louadaine),Na+,543094.0,401261.0,26191,0,GEO_ORPHAN_XY_2M,,,,,,
staging.raw_idp_2024_mesures_qualite_globale,1019,2024-09-20,,S27 (Aval_Conf_Rejet_LOD (Louadaine),K+,543094.0,401261.0,26191,0,GEO_ORPHAN_XY_2M,,,,,,
staging.raw_idp_2024_mesures_qualite_globale,1020,2024-09-20,,S27 (Aval_Conf_Rejet_LOD (Louadaine),Ag,543094.0,401261.0,26191,0,GEO_ORPHAN_XY_2M,,,,,,
staging.raw_idp_2024_mesures_qualite_globale,1021,2024-09-20,,S27 (Aval_Conf_Rejet_LOD (Louadaine),Al,543094.0,401261.0,26191,0,GEO_ORPHAN_XY_2M,,,,,,
staging.raw_idp_2024_mesures_qualite_globale,1022,2024-09-20,,S27 (Aval_Conf_Rejet_LOD (Louadaine),As,543094.0,401261.0,26191,0,GEO_ORPHAN_XY_2M,,,,,,
staging.raw_idp_2024_mesures_qualite_globale,1023,2024-09-20,,S27 (Aval_Conf_Rejet_LOD (Louadaine),Ba,543094.0,401261.0,26191,0,GEO_ORPHAN_XY_2M,,,,,,
staging.raw_idp_2024_mesures_qualite_globale,1024,2024-09-20,,S27 (Aval_Conf_Rejet_LOD (Louadaine),Be,543094.0,401261.0,26191,0,GEO_ORPHAN_XY_2M,,,,,,
staging.raw_idp_2024_mesures_qualite_globale,1025,2024-09-20,,S27 (Aval_Conf_Rejet_LOD (Louadaine),Cd,543094.0,401261.0,26191,0,GEO_ORPHAN_XY_2M,,,,,,
staging.raw_idp_2024_mesures_qualite_globale,1026,2024-09-20,,S27 (Aval_Conf_Rejet_LOD (Louadaine),Co,543094.0,401261.0,26191,0,GEO_ORPHAN_XY_2M,,,,,,
staging.raw_idp_2024_mesures_qualite_globale,1027,2024-09-20,,S27 (Aval_Conf_Rejet_LOD (Louadaine),CrT,543094.0,401261.0,26191,0,GEO_ORPHAN_XY_2M,,,,,,
staging.raw_idp_2024_mesures_qualite_globale,1028,2024-09-20,,S27 (Aval_Conf_Rejet_LOD (Louadaine),Cu,543094.0,401261.0,26191,0,GEO_ORPHAN_XY_2M,,,,,,
staging.raw_idp_2024_mesures_qualite_globale,1029,2024-09-20,,S27 (Aval_Conf_Rejet_LOD (Louadaine),Fe,543094.0,401261.0,26191,0,GEO_ORPHAN_XY_2M,,,,,,
staging.raw_idp_2024_mesures_qualite_globale,1030,2024-09-20,,S27 (Aval_Conf_Rejet_LOD (Louadaine),Mn,543094.0,401261.0,26191,0,GEO_ORPHAN_XY_2M,,,,,,
staging.raw_idp_2024_mesures_qualite_globale,1031,2024-09-20,,S27 (Aval_Conf_Rejet_LOD (Louadaine),Mo,543094.0,401261.0,26191,0,GEO_ORPHAN_XY_2M,,,,,,
staging.raw_idp_2024_mesures_qualite_globale,1032,2024-09-20,,S27 (Aval_Conf_Rejet_LOD (Louadaine),Ni,543094.0,401261.0,26191,0,GEO_ORPHAN_XY_2M,,,,,,
staging.raw_idp_2024_mesures_qualite_globale,1033,2024-09-20,,S27 (Aval_Conf_Rejet_LOD (Louadaine),Pb,543094.0,401261.0,26191,0,GEO_ORPHAN_XY_2M,,,,,,
staging.raw_idp_2024_mesures_qualite_globale,1034,2024-09-20,,S27 (Aval_Conf_Rejet_LOD (Louadaine),Sb,543094.0,401261.0,26191,0,GEO_ORPHAN_XY_2M,,,,,,
staging.raw_idp_2024_mesures_qualite_globale,1035,2024-09-20,,S27 (Aval_Conf_Rejet_LOD (Louadaine),Se,543094.0,401261.0,26191,0,GEO_ORPHAN_XY_2M,,,,,,
staging.raw_idp_2024_mesures_qualite_globale,1036,2024-09-20,,S27 (Aval_Conf_Rejet_LOD (Louadaine),Sn,543094.0,401261.0,26191,0,GEO_ORPHAN_XY_2M,,,,,,
staging.raw_idp_2024_mesures_qualite_globale,1037,2024-09-20,,S27 (Aval_Conf_Rejet_LOD (Louadaine),V,543094.0,401261.0,26191,0,GEO_ORPHAN_XY_2M,,,,,,
staging.raw_idp_2024_mesures_qualite_globale,1038,2024-09-20,,S27 (Aval_Conf_Rejet_LOD (Louadaine),Zn,543094.0,401261.0,26191,0,GEO_ORPHAN_XY_2M,,,,,,
staging.raw_idp_2024_mesures_qualite_globale,1039,2024-09-20,,S27 (Aval_Conf_Rejet_LOD (Louadaine),Li,543094.0,401261.0,26191,0,GEO_ORPHAN_XY_2M,,,,,,
staging.raw_idp_2024_mesures_qualite_globale,1040,2024-09-20,,S27 (Aval_Conf_Rejet_LOD (Louadaine),CT,543094.0,401261.0,26191,0,GEO_ORPHAN_XY_2M,,,,,,
staging.raw_idp_2024_mesures_qualite_globale,1041,2024-09-20,,S27 (Aval_Conf_Rejet_LOD (Louadaine),CF,543094.0,401261.0,26191,0,GEO_ORPHAN_XY_2M,,,,,,
staging.raw_idp_2024_mesures_qualite_globale,1042,2024-09-20,,S27 (Aval_Conf_Rejet_LOD (Louadaine),SF,543094.0,401261.0,26191,0,GEO_ORPHAN_XY_2M,,,,,,
staging.raw_idp_2024_mesures_qualite_globale,1043,2024-09-20,,S20 (Aval STEP Fes),DCO,544486.0,387178.0,26191,0,GEO_ORPHAN_XY_2M,,,,,,
staging.raw_idp_2024_mesures_qualite_globale,1044,2024-09-20,,S20 (Aval STEP Fes),DBO5,544486.0,387178.0,26191,0,GEO_ORPHAN_XY_2M,,,,,,
staging.raw_idp_2024_mesures_qualite_globale,1045,2024-09-20,,S20 (Aval STEP Fes),NTK,544486.0,387178.0,26191,0,GEO_ORPHAN_XY_2M,,,,,,
staging.raw_idp_2024_mesures_qualite_globale,1046,2024-09-20,,S20 (Aval STEP Fes),NH4+ ,544486.0,387178.0,26191,0,GEO_ORPHAN_XY_2M,,,,,,
staging.raw_idp_2024_mesures_qualite_globale,1047,2024-09-20,,S20 (Aval STEP Fes),PT,544486.0,387178.0,26191,0,GEO_ORPHAN_XY_2M,,,,,,
staging.raw_idp_2024_mesures_qualite_globale,1048,2024-09-20,,S20 (Aval STEP Fes),PO43-,544486.0,387178.0,26191,0,GEO_ORPHAN_XY_2M,,,,,,
staging.raw_idp_2024_mesures_qualite_globale,1049,2024-09-20,,S20 (Aval STEP Fes),MES,544486.0,387178.0,26191,0,GEO_ORPHAN_XY_2M,,,,,,
staging.raw_idp_2024_mesures_qualite_globale,1050,2024-09-20,,S20 (Aval STEP Fes),Phénol,544486.0,387178.0,26191,0,GEO_ORPHAN_XY_2M,,,,,,
staging.raw_idp_2024_mesures_qualite_globale,1051,2024-09-20,,S20 (Aval STEP Fes),"Huiles
Graisses",544486.0,387178.0,26191,0,GEO_ORPHAN_XY_2M,,,,,,
staging.raw_idp_2024_mesures_qualite_globale,1052,2024-09-20,,S20 (Aval STEP Fes),NO3-,544486.0,387178.0,26191,0,GEO_ORPHAN_XY_2M,,,,,,
staging.raw_idp_2024_mesures_qualite_globale,1053,2024-09-20,,S20 (Aval STEP Fes),NO2-,544486.0,387178.0,26191,0,GEO_ORPHAN_XY_2M,,,,,,
staging.raw_idp_2024_mesures_qualite_globale,1054,2024-09-20,,S20 (Aval STEP Fes),Cl-,544486.0,387178.0,26191,0,GEO_ORPHAN_XY_2M,,,,,,
staging.raw_idp_2024_mesures_qualite_globale,1055,2024-09-20,,S20 (Aval STEP Fes),SO4--,544486.0,387178.0,26191,0,GEO_ORPHAN_XY_2M,,,,,,
staging.raw_idp_2024_mesures_qualite_globale,1056,2024-09-20,,S20 (Aval STEP Fes),Ca++,544486.0,387178.0,26191,0,GEO_ORPHAN_XY_2M,,,,,,
staging.raw_idp_2024_mesures_qualite_globale,1057,2024-09-20,,S20 (Aval STEP Fes),Mg++,544486.0,387178.0,26191,0,GEO_ORPHAN_XY_2M,,,,,,
staging.raw_idp_2024_mesures_qualite_globale,1058,2024-09-20,,S20 (Aval STEP Fes),TH,544486.0,387178.0,26191,0,GEO_ORPHAN_XY_2M,,,,,,
staging.raw_idp_2024_mesures_qualite_globale,1059,2024-09-20,,S20 (Aval STEP Fes),Na+,544486.0,387178.0,26191,0,GEO_ORPHAN_XY_2M,,,,,,
staging.raw_idp_2024_mesures_qualite_globale,1060,2024-09-20,,S20 (Aval STEP Fes),K+,544486.0,387178.0,26191,0,GEO_ORPHAN_XY_2M,,,,,,
staging.raw_idp_2024_mesures_qualite_globale,1061,2024-09-20,,S20 (Aval STEP Fes),Ag,544486.0,387178.0,26191,0,GEO_ORPHAN_XY_2M,,,,,,
staging.raw_idp_2024_mesures_qualite_globale,1062,2024-09-20,,S20 (Aval STEP Fes),Al,544486.0,387178.0,26191,0,GEO_ORPHAN_XY_2M,,,,,,
staging.raw_idp_2024_mesures_qualite_globale,1063,2024-09-20,,S20 (Aval STEP Fes),As,544486.0,387178.0,26191,0,GEO_ORPHAN_XY_2M,,,,,,
staging.raw_idp_2024_mesures_qualite_globale,1064,2024-09-20,,S20 (Aval STEP Fes),Ba,544486.0,387178.0,26191,0,GEO_ORPHAN_XY_2M,,,,,,
staging.raw_idp_2024_mesures_qualite_globale,1065,2024-09-20,,S20 (Aval STEP Fes),Be,544486.0,387178.0,26191,0,GEO_ORPHAN_XY_2M,,,,,,
staging.raw_idp_2024_mesures_qualite_globale,1066,2024-09-20,,S20 (Aval STEP Fes),Cd,544486.0,387178.0,26191,0,GEO_ORPHAN_XY_2M,,,,,,
staging.raw_idp_2024_mesures_qualite_globale,1067,2024-09-20,,S20 (Aval STEP Fes),Co,544486.0,387178.0,26191,0,GEO_ORPHAN_XY_2M,,,,,,
staging.raw_idp_2024_mesures_qualite_globale,1068,2024-09-20,,S20 (Aval STEP Fes),CrT,544486.0,387178.0,26191,0,GEO_ORPHAN_XY_2M,,,,,,
staging.raw_idp_2024_mesures_qualite_globale,1069,2024-09-20,,S20 (Aval STEP Fes),Cu,544486.0,387178.0,26191,0,GEO_ORPHAN_XY_2M,,,,,,
staging.raw_idp_2024_mesures_qualite_globale,1070,2024-09-20,,S20 (Aval STEP Fes),Fe,544486.0,387178.0,26191,0,GEO_ORPHAN_XY_2M,,,,,,
staging.raw_idp_2024_mesures_qualite_globale,1071,2024-09-20,,S20 (Aval STEP Fes),Mn,544486.0,387178.0,26191,0,GEO_ORPHAN_XY_2M,,,,,,
staging.raw_idp_2024_mesures_qualite_globale,1072,2024-09-20,,S20 (Aval STEP Fes),Mo,544486.0,387178.0,26191,0,GEO_ORPHAN_XY_2M,,,,,,
staging.raw_idp_2024_mesures_qualite_globale,1073,2024-09-20,,S20 (Aval STEP Fes),Ni,544486.0,387178.0,26191,0,GEO_ORPHAN_XY_2M,,,,,,
staging.raw_idp_2024_mesures_qualite_globale,1074,2024-09-20,,S20 (Aval STEP Fes),Pb,544486.0,387178.0,26191,0,GEO_ORPHAN_XY_2M,,,,,,
staging.raw_idp_2024_mesures_qualite_globale,1075,2024-09-20,,S20 (Aval STEP Fes),Sb,544486.0,387178.0,26191,0,GEO_ORPHAN_XY_2M,,,,,,
staging.raw_idp_2024_mesures_qualite_globale,1076,2024-09-20,,S20 (Aval STEP Fes),Se,544486.0,387178.0,26191,0,GEO_ORPHAN_XY_2M,,,,,,
staging.raw_idp_2024_mesures_qualite_globale,1077,2024-09-20,,S20 (Aval STEP Fes),Sn,544486.0,387178.0,26191,0,GEO_ORPHAN_XY_2M,,,,,,
staging.raw_idp_2024_mesures_qualite_globale,1078,2024-09-20,,S20 (Aval STEP Fes),V,544486.0,387178.0,26191,0,GEO_ORPHAN_XY_2M,,,,,,
staging.raw_idp_2024_mesures_qualite_globale,1079,2024-09-20,,S20 (Aval STEP Fes),Zn,544486.0,387178.0,26191,0,GEO_ORPHAN_XY_2M,,,,,,
staging.raw_idp_2024_mesures_qualite_globale,1080,2024-09-20,,S20 (Aval STEP Fes),Li,544486.0,387178.0,26191,0,GEO_ORPHAN_XY_2M,,,,,,
staging.raw_idp_2024_mesures_qualite_globale,1081,2024-09-20,,S20 (Aval STEP Fes),CT,544486.0,387178.0,26191,0,GEO_ORPHAN_XY_2M,,,,,,
staging.raw_idp_2024_mesures_qualite_globale,1082,2024-09-20,,S20 (Aval STEP Fes),CF,544486.0,387178.0,26191,0,GEO_ORPHAN_XY_2M,,,,,,
staging.raw_idp_2024_mesures_qualite_globale,1083,2024-09-20,,S20 (Aval STEP Fes),SF,544486.0,387178.0,26191,0,GEO_ORPHAN_XY_2M,,,,,,
staging.raw_idp_2024_mesures_qualite_globale,1084,2024-09-20,,S23 (Aval_Conf_Rejet_JEM (Jorf el MALHA ),DCO,485741.0,430051.0,26191,0,GEO_ORPHAN_XY_2M,,,,,,
staging.raw_idp_2024_mesures_qualite_globale,1085,2024-09-20,,S23 (Aval_Conf_Rejet_JEM (Jorf el MALHA ),DBO5,485741.0,430051.0,26191,0,GEO_ORPHAN_XY_2M,,,,,,
staging.raw_idp_2024_mesures_qualite_globale,1086,2024-09-20,,S23 (Aval_Conf_Rejet_JEM (Jorf el MALHA ),NTK,485741.0,430051.0,26191,0,GEO_ORPHAN_XY_2M,,,,,,
staging.raw_idp_2024_mesures_qualite_globale,1087,2024-09-20,,S23 (Aval_Conf_Rejet_JEM (Jorf el MALHA ),NH4+ ,485741.0,430051.0,26191,0,GEO_ORPHAN_XY_2M,,,,,,
staging.raw_idp_2024_mesures_qualite_globale,1088,2024-09-20,,S23 (Aval_Conf_Rejet_JEM (Jorf el MALHA ),PT,485741.0,430051.0,26191,0,GEO_ORPHAN_XY_2M,,,,,,
staging.raw_idp_2024_mesures_qualite_globale,1089,2024-09-20,,S23 (Aval_Conf_Rejet_JEM (Jorf el MALHA ),PO43-,485741.0,430051.0,26191,0,GEO_ORPHAN_XY_2M,,,,,,
staging.raw_idp_2024_mesures_qualite_globale,1090,2024-09-20,,S23 (Aval_Conf_Rejet_JEM (Jorf el MALHA ),MES,485741.0,430051.0,26191,0,GEO_ORPHAN_XY_2M,,,,,,
staging.raw_idp_2024_mesures_qualite_globale,1091,2024-09-20,,S23 (Aval_Conf_Rejet_JEM (Jorf el MALHA ),Phénol,485741.0,430051.0,26191,0,GEO_ORPHAN_XY_2M,,,,,,
staging.raw_idp_2024_mesures_qualite_globale,1092,2024-09-20,,S23 (Aval_Conf_Rejet_JEM (Jorf el MALHA ),"Huiles
Graisses",485741.0,430051.0,26191,0,GEO_ORPHAN_XY_2M,,,,,,
staging.raw_idp_2024_mesures_qualite_globale,1093,2024-09-20,,S23 (Aval_Conf_Rejet_JEM (Jorf el MALHA ),NO3-,485741.0,430051.0,26191,0,GEO_ORPHAN_XY_2M,,,,,,
staging.raw_idp_2024_mesures_qualite_globale,1094,2024-09-20,,S23 (Aval_Conf_Rejet_JEM (Jorf el MALHA ),NO2-,485741.0,430051.0,26191,0,GEO_ORPHAN_XY_2M,,,,,,
staging.raw_idp_2024_mesures_qualite_globale,1095,2024-09-20,,S23 (Aval_Conf_Rejet_JEM (Jorf el MALHA ),Cl-,485741.0,430051.0,26191,0,GEO_ORPHAN_XY_2M,,,,,,
staging.raw_idp_2024_mesures_qualite_globale,1096,2024-09-20,,S23 (Aval_Conf_Rejet_JEM (Jorf el MALHA ),SO4--,485741.0,430051.0,26191,0,GEO_ORPHAN_XY_2M,,,,,,
staging.raw_idp_2024_mesures_qualite_globale,1097,2024-09-20,,S23 (Aval_Conf_Rejet_JEM (Jorf el MALHA ),Ca++,485741.0,430051.0,26191,0,GEO_ORPHAN_XY_2M,,,,,,
staging.raw_idp_2024_mesures_qualite_globale,1098,2024-09-20,,S23 (Aval_Conf_Rejet_JEM (Jorf el MALHA ),Mg++,485741.0,430051.0,26191,0,GEO_ORPHAN_XY_2M,,,,,,
staging.raw_idp_2024_mesures_qualite_globale,1099,2024-09-20,,S23 (Aval_Conf_Rejet_JEM (Jorf el MALHA ),TH,485741.0,430051.0,26191,0,GEO_ORPHAN_XY_2M,,,,,,
staging.raw_idp_2024_mesures_qualite_globale,1100,2024-09-20,,S23 (Aval_Conf_Rejet_JEM (Jorf el MALHA ),Na+,485741.0,430051.0,26191,0,GEO_ORPHAN_XY_2M,,,,,,
staging.raw_idp_2024_mesures_qualite_globale,1101,2024-09-20,,S23 (Aval_Conf_Rejet_JEM (Jorf el MALHA ),K+,485741.0,430051.0,26191,0,GEO_ORPHAN_XY_2M,,,,,,
staging.raw_idp_2024_mesures_qualite_globale,1102,2024-09-20,,S23 (Aval_Conf_Rejet_JEM (Jorf el MALHA ),Ag,485741.0,430051.0,26191,0,GEO_ORPHAN_XY_2M,,,,,,
staging.raw_idp_2024_mesures_qualite_globale,1103,2024-09-20,,S23 (Aval_Conf_Rejet_JEM (Jorf el MALHA ),Al,485741.0,430051.0,26191,0,GEO_ORPHAN_XY_2M,,,,,,
staging.raw_idp_2024_mesures_qualite_globale,1104,2024-09-20,,S23 (Aval_Conf_Rejet_JEM (Jorf el MALHA ),As,485741.0,430051.0,26191,0,GEO_ORPHAN_XY_2M,,,,,,
staging.raw_idp_2024_mesures_qualite_globale,1105,2024-09-20,,S23 (Aval_Conf_Rejet_JEM (Jorf el MALHA ),Ba,485741.0,430051.0,26191,0,GEO_ORPHAN_XY_2M,,,,,,
staging.raw_idp_2024_mesures_qualite_globale,1106,2024-09-20,,S23 (Aval_Conf_Rejet_JEM (Jorf el MALHA ),Be,485741.0,430051.0,26191,0,GEO_ORPHAN_XY_2M,,,,,,
staging.raw_idp_2024_mesures_qualite_globale,1107,2024-09-20,,S23 (Aval_Conf_Rejet_JEM (Jorf el MALHA ),Cd,485741.0,430051.0,26191,0,GEO_ORPHAN_XY_2M,,,,,,
staging.raw_idp_2024_mesures_qualite_globale,1108,2024-09-20,,S23 (Aval_Conf_Rejet_JEM (Jorf el MALHA ),Co,485741.0,430051.0,26191,0,GEO_ORPHAN_XY_2M,,,,,,
staging.raw_idp_2024_mesures_qualite_globale,1109,2024-09-20,,S23 (Aval_Conf_Rejet_JEM (Jorf el MALHA ),CrT,485741.0,430051.0,26191,0,GEO_ORPHAN_XY_2M,,,,,,
staging.raw_idp_2024_mesures_qualite_globale,1110,2024-09-20,,S23 (Aval_Conf_Rejet_JEM (Jorf el MALHA ),Cu,485741.0,430051.0,26191,0,GEO_ORPHAN_XY_2M,,,,,,
staging.raw_idp_2024_mesures_qualite_globale,1111,2024-09-20,,S23 (Aval_Conf_Rejet_JEM (Jorf el MALHA ),Fe,485741.0,430051.0,26191,0,GEO_ORPHAN_XY_2M,,,,,,
staging.raw_idp_2024_mesures_qualite_globale,1112,2024-09-20,,S23 (Aval_Conf_Rejet_JEM (Jorf el MALHA ),Mn,485741.0,430051.0,26191,0,GEO_ORPHAN_XY_2M,,,,,,
staging.raw_idp_2024_mesures_qualite_globale,1113,2024-09-20,,S23 (Aval_Conf_Rejet_JEM (Jorf el MALHA ),Mo,485741.0,430051.0,26191,0,GEO_ORPHAN_XY_2M,,,,,,
staging.raw_idp_2024_mesures_qualite_globale,1114,2024-09-20,,S23 (Aval_Conf_Rejet_JEM (Jorf el MALHA ),Ni,485741.0,430051.0,26191,0,GEO_ORPHAN_XY_2M,,,,,,
staging.raw_idp_2024_mesures_qualite_globale,1115,2024-09-20,,S23 (Aval_Conf_Rejet_JEM (Jorf el MALHA ),Pb,485741.0,430051.0,26191,0,GEO_ORPHAN_XY_2M,,,,,,
staging.raw_idp_2024_mesures_qualite_globale,1116,2024-09-20,,S23 (Aval_Conf_Rejet_JEM (Jorf el MALHA ),Sb,485741.0,430051.0,26191,0,GEO_ORPHAN_XY_2M,,,,,,
staging.raw_idp_2024_mesures_qualite_globale,1117,2024-09-20,,S23 (Aval_Conf_Rejet_JEM (Jorf el MALHA ),Se,485741.0,430051.0,26191,0,GEO_ORPHAN_XY_2M,,,,,,
staging.raw_idp_2024_mesures_qualite_globale,1118,2024-09-20,,S23 (Aval_Conf_Rejet_JEM (Jorf el MALHA ),Sn,485741.0,430051.0,26191,0,GEO_ORPHAN_XY_2M,,,,,,
staging.raw_idp_2024_mesures_qualite_globale,1119,2024-09-20,,S23 (Aval_Conf_Rejet_JEM (Jorf el MALHA ),V,485741.0,430051.0,26191,0,GEO_ORPHAN_XY_2M,,,,,,
staging.raw_idp_2024_mesures_qualite_globale,1120,2024-09-20,,S23 (Aval_Conf_Rejet_JEM (Jorf el MALHA ),Zn,485741.0,430051.0,26191,0,GEO_ORPHAN_XY_2M,,,,,,
staging.raw_idp_2024_mesures_qualite_globale,1121,2024-09-20,,S23 (Aval_Conf_Rejet_JEM (Jorf el MALHA ),Li,485741.0,430051.0,26191,0,GEO_ORPHAN_XY_2M,,,,,,
staging.raw_idp_2024_mesures_qualite_globale,1122,2024-09-20,,S23 (Aval_Conf_Rejet_JEM (Jorf el MALHA ),CT,485741.0,430051.0,26191,0,GEO_ORPHAN_XY_2M,,,,,,
staging.raw_idp_2024_mesures_qualite_globale,1123,2024-09-20,,S23 (Aval_Conf_Rejet_JEM (Jorf el MALHA ),CF,485741.0,430051.0,26191,0,GEO_ORPHAN_XY_2M,,,,,,
staging.raw_idp_2024_mesures_qualite_globale,1124,2024-09-20,,S23 (Aval_Conf_Rejet_JEM (Jorf el MALHA ),SF,485741.0,430051.0,26191,0,GEO_ORPHAN_XY_2M,,,,,,
staging.raw_idp_2024_mesures_qualite_globale,1125,2024-09-20,,RZI_DEC_PE1 (Puits Fouad ELBRINI),IP,514759.0,421189.0,26191,0,GEO_ORPHAN_XY_2M,,,,,,
staging.raw_idp_2024_mesures_qualite_globale,1126,2024-09-20,,RZI_DEC_PE1 (Puits Fouad ELBRINI),NH4+ ,514759.0,421189.0,26191,0,GEO_ORPHAN_XY_2M,,,,,,
staging.raw_idp_2024_mesures_qualite_globale,1127,2024-09-20,,RZI_DEC_PE1 (Puits Fouad ELBRINI),"RS 
mesuré",514759.0,421189.0,26191,0,GEO_ORPHAN_XY_2M,,,,,,
staging.raw_idp_2024_mesures_qualite_globale,1128,2024-09-20,,RZI_DEC_PE1 (Puits Fouad ELBRINI),NO3-,514759.0,421189.0,26191,0,GEO_ORPHAN_XY_2M,,,,,,
staging.raw_idp_2024_mesures_qualite_globale,1129,2024-09-20,,RZI_DEC_PE1 (Puits Fouad ELBRINI),NO2-,514759.0,421189.0,26191,0,GEO_ORPHAN_XY_2M,,,,,,
staging.raw_idp_2024_mesures_qualite_globale,1130,2024-09-20,,RZI_DEC_PE1 (Puits Fouad ELBRINI),Cl-,514759.0,421189.0,26191,0,GEO_ORPHAN_XY_2M,,,,,,
staging.raw_idp_2024_mesures_qualite_globale,1131,2024-09-20,,RZI_DEC_PE1 (Puits Fouad ELBRINI),SO4--,514759.0,421189.0,26191,0,GEO_ORPHAN_XY_2M,,,,,,
staging.raw_idp_2024_mesures_qualite_globale,1132,2024-09-20,,RZI_DEC_PE1 (Puits Fouad ELBRINI),TAC_meq/l,514759.0,421189.0,26191,0,GEO_ORPHAN_XY_2M,,,,,,
staging.raw_idp_2024_mesures_qualite_globale,1133,2024-09-20,,RZI_DEC_PE1 (Puits Fouad ELBRINI),TAC_°F,514759.0,421189.0,26191,0,GEO_ORPHAN_XY_2M,,,,,,
staging.raw_idp_2024_mesures_qualite_globale,1134,2024-09-20,,RZI_DEC_PE1 (Puits Fouad ELBRINI),TA_meq/l,514759.0,421189.0,26191,0,GEO_ORPHAN_XY_2M,,,,,,
staging.raw_idp_2024_mesures_qualite_globale,1135,2024-09-20,,RZI_DEC_PE1 (Puits Fouad ELBRINI),TA_°F,514759.0,421189.0,26191,0,GEO_ORPHAN_XY_2M,,,,,,
staging.raw_idp_2024_mesures_qualite_globale,1136,2024-09-20,,RZI_DEC_PE1 (Puits Fouad ELBRINI),HCO3,514759.0,421189.0,26191,0,GEO_ORPHAN_XY_2M,,,,,,
staging.raw_idp_2024_mesures_qualite_globale,1137,2024-09-20,,RZI_DEC_PE1 (Puits Fouad ELBRINI),CO3,514759.0,421189.0,26191,0,GEO_ORPHAN_XY_2M,,,,,,
staging.raw_idp_2024_mesures_qualite_globale,1138,2024-09-20,,RZI_DEC_PE1 (Puits Fouad ELBRINI),Ca++,514759.0,421189.0,26191,0,GEO_ORPHAN_XY_2M,,,,,,
staging.raw_idp_2024_mesures_qualite_globale,1139,2024-09-20,,RZI_DEC_PE1 (Puits Fouad ELBRINI),Mg++,514759.0,421189.0,26191,0,GEO_ORPHAN_XY_2M,,,,,,
staging.raw_idp_2024_mesures_qualite_globale,1140,2024-09-20,,RZI_DEC_PE1 (Puits Fouad ELBRINI),TH,514759.0,421189.0,26191,0,GEO_ORPHAN_XY_2M,,,,,,
staging.raw_idp_2024_mesures_qualite_globale,1141,2024-09-20,,RZI_DEC_PE1 (Puits Fouad ELBRINI),Na+,514759.0,421189.0,26191,0,GEO_ORPHAN_XY_2M,,,,,,
staging.raw_idp_2024_mesures_qualite_globale,1142,2024-09-20,,RZI_DEC_PE1 (Puits Fouad ELBRINI),K+,514759.0,421189.0,26191,0,GEO_ORPHAN_XY_2M,,,,,,
staging.raw_idp_2024_mesures_qualite_globale,1143,2024-09-20,,RZI_DEC_PE1 (Puits Fouad ELBRINI),"somme
anions_meq/l3",514759.0,421189.0,26191,0,GEO_ORPHAN_XY_2M,,,,,,
staging.raw_idp_2024_mesures_qualite_globale,1144,2024-09-20,,RZI_DEC_PE1 (Puits Fouad ELBRINI),"somme
anions_mg/l4",514759.0,421189.0,26191,0,GEO_ORPHAN_XY_2M,,,,,,
staging.raw_idp_2024_mesures_qualite_globale,1145,2024-09-20,,RZI_DEC_PE1 (Puits Fouad ELBRINI),Bilan_Ionique,514759.0,421189.0,26191,0,GEO_ORPHAN_XY_2M,,,,,,
staging.raw_idp_2024_mesures_qualite_globale,1146,2024-09-20,,RZI_DEC_PE1 (Puits Fouad ELBRINI),Fe,514759.0,421189.0,26191,0,GEO_ORPHAN_XY_2M,,,,,,
staging.raw_idp_2024_mesures_qualite_globale,1147,2024-09-20,,RZI_DEC_PE1 (Puits Fouad ELBRINI),Mn,514759.0,421189.0,26191,0,GEO_ORPHAN_XY_2M,,,,,,
staging.raw_idp_2024_mesures_qualite_globale,1148,2024-09-20,,RZI_DEC_PE1 (Puits Fouad ELBRINI),CT,514759.0,421189.0,26191,0,GEO_ORPHAN_XY_2M,,,,,,
staging.raw_idp_2024_mesures_qualite_globale,1149,2024-09-20,,RZI_DEC_PE1 (Puits Fouad ELBRINI),CF,514759.0,421189.0,26191,0,GEO_ORPHAN_XY_2M,,,,,,
staging.raw_idp_2024_mesures_qualite_globale,1150,2024-09-20,,RZI_DEC_PE1 (Puits Fouad ELBRINI),SF,514759.0,421189.0,26191,0,GEO_ORPHAN_XY_2M,,,,,,
staging.raw_idp_2024_mesures_qualite_globale,1246,2024-09-20,,S24 (Douar Chorf laghouazi),DCO,504514.0,431747.0,26191,0,GEO_ORPHAN_XY_2M,,,,,,
staging.raw_idp_2024_mesures_qualite_globale,1247,2024-09-20,,S24 (Douar Chorf laghouazi),DBO5,504514.0,431747.0,26191,0,GEO_ORPHAN_XY_2M,,,,,,
staging.raw_idp_2024_mesures_qualite_globale,1248,2024-09-20,,S24 (Douar Chorf laghouazi),NTK,504514.0,431747.0,26191,0,GEO_ORPHAN_XY_2M,,,,,,
staging.raw_idp_2024_mesures_qualite_globale,1249,2024-09-20,,S24 (Douar Chorf laghouazi),NH4+ ,504514.0,431747.0,26191,0,GEO_ORPHAN_XY_2M,,,,,,
staging.raw_idp_2024_mesures_qualite_globale,1250,2024-09-20,,S24 (Douar Chorf laghouazi),PT,504514.0,431747.0,26191,0,GEO_ORPHAN_XY_2M,,,,,,
staging.raw_idp_2024_mesures_qualite_globale,1251,2024-09-20,,S24 (Douar Chorf laghouazi),PO43-,504514.0,431747.0,26191,0,GEO_ORPHAN_XY_2M,,,,,,
staging.raw_idp_2024_mesures_qualite_globale,1252,2024-09-20,,S24 (Douar Chorf laghouazi),MES,504514.0,431747.0,26191,0,GEO_ORPHAN_XY_2M,,,,,,
staging.raw_idp_2024_mesures_qualite_globale,1253,2024-09-20,,S24 (Douar Chorf laghouazi),NO3-,504514.0,431747.0,26191,0,GEO_ORPHAN_XY_2M,,,,,,
staging.raw_idp_2024_mesures_qualite_globale,1254,2024-09-20,,S24 (Douar Chorf laghouazi),NO2-,504514.0,431747.0,26191,0,GEO_ORPHAN_XY_2M,,,,,,
staging.raw_idp_2024_mesures_qualite_globale,1255,2024-09-20,,S24 (Douar Chorf laghouazi),Cl-,504514.0,431747.0,26191,0,GEO_ORPHAN_XY_2M,,,,,,
staging.raw_idp_2024_mesures_qualite_globale,1256,2024-09-20,,S24 (Douar Chorf laghouazi),SO4--,504514.0,431747.0,26191,0,GEO_ORPHAN_XY_2M,,,,,,
staging.raw_idp_2024_mesures_qualite_globale,1257,2024-09-20,,S24 (Douar Chorf laghouazi),Ca++,504514.0,431747.0,26191,0,GEO_ORPHAN_XY_2M,,,,,,
staging.raw_idp_2024_mesures_qualite_globale,1258,2024-09-20,,S24 (Douar Chorf laghouazi),Mg++,504514.0,431747.0,26191,0,GEO_ORPHAN_XY_2M,,,,,,
staging.raw_idp_2024_mesures_qualite_globale,1259,2024-09-20,,S24 (Douar Chorf laghouazi),TH,504514.0,431747.0,26191,0,GEO_ORPHAN_XY_2M,,,,,,
staging.raw_idp_2024_mesures_qualite_globale,1260,2024-09-20,,S24 (Douar Chorf laghouazi),Na+,504514.0,431747.0,26191,0,GEO_ORPHAN_XY_2M,,,,,,
staging.raw_idp_2024_mesures_qualite_globale,1261,2024-09-20,,S24 (Douar Chorf laghouazi),K+,504514.0,431747.0,26191,0,GEO_ORPHAN_XY_2M,,,,,,
staging.raw_idp_2024_mesures_qualite_globale,1262,2024-09-20,,S24 (Douar Chorf laghouazi),CT,504514.0,431747.0,26191,0,GEO_ORPHAN_XY_2M,,,,,,
staging.raw_idp_2024_mesures_qualite_globale,1263,2024-09-20,,S24 (Douar Chorf laghouazi),CF,504514.0,431747.0,26191,0,GEO_ORPHAN_XY_2M,,,,,,
staging.raw_idp_2024_mesures_qualite_globale,1264,2024-09-20,,S24 (Douar Chorf laghouazi),SF,504514.0,431747.0,26191,0,GEO_ORPHAN_XY_2M,,,,,,
staging.raw_idp_2024_mesures_qualite_globale,1265,2024-09-20,,S18 (Aval Sidi Daoud),DCO,523147.0,412143.0,26191,0,GEO_ORPHAN_XY_2M,,,,,,
staging.raw_idp_2024_mesures_qualite_globale,1266,2024-09-20,,S18 (Aval Sidi Daoud),DBO5,523147.0,412143.0,26191,0,GEO_ORPHAN_XY_2M,,,,,,
staging.raw_idp_2024_mesures_qualite_globale,1267,2024-09-20,,S18 (Aval Sidi Daoud),NTK,523147.0,412143.0,26191,0,GEO_ORPHAN_XY_2M,,,,,,
staging.raw_idp_2024_mesures_qualite_globale,1268,2024-09-20,,S18 (Aval Sidi Daoud),NH4+ ,523147.0,412143.0,26191,0,GEO_ORPHAN_XY_2M,,,,,,
staging.raw_idp_2024_mesures_qualite_globale,1269,2024-09-20,,S18 (Aval Sidi Daoud),PT,523147.0,412143.0,26191,0,GEO_ORPHAN_XY_2M,,,,,,
staging.raw_idp_2024_mesures_qualite_globale,1270,2024-09-20,,S18 (Aval Sidi Daoud),PO43-,523147.0,412143.0,26191,0,GEO_ORPHAN_XY_2M,,,,,,
staging.raw_idp_2024_mesures_qualite_globale,1271,2024-09-20,,S18 (Aval Sidi Daoud),MES,523147.0,412143.0,26191,0,GEO_ORPHAN_XY_2M,,,,,,
staging.raw_idp_2024_mesures_qualite_globale,1272,2024-09-20,,S18 (Aval Sidi Daoud),Phénol,523147.0,412143.0,26191,0,GEO_ORPHAN_XY_2M,,,,,,
staging.raw_idp_2024_mesures_qualite_globale,1273,2024-09-20,,S18 (Aval Sidi Daoud),"Huiles
Graisses",523147.0,412143.0,26191,0,GEO_ORPHAN_XY_2M,,,,,,
staging.raw_idp_2024_mesures_qualite_globale,1274,2024-09-20,,S18 (Aval Sidi Daoud),NO3-,523147.0,412143.0,26191,0,GEO_ORPHAN_XY_2M,,,,,,
staging.raw_idp_2024_mesures_qualite_globale,1275,2024-09-20,,S18 (Aval Sidi Daoud),NO2-,523147.0,412143.0,26191,0,GEO_ORPHAN_XY_2M,,,,,,
staging.raw_idp_2024_mesures_qualite_globale,1276,2024-09-20,,S18 (Aval Sidi Daoud),Cl-,523147.0,412143.0,26191,0,GEO_ORPHAN_XY_2M,,,,,,
staging.raw_idp_2024_mesures_qualite_globale,1277,2024-09-20,,S18 (Aval Sidi Daoud),SO4--,523147.0,412143.0,26191,0,GEO_ORPHAN_XY_2M,,,,,,
staging.raw_idp_2024_mesures_qualite_globale,1278,2024-09-20,,S18 (Aval Sidi Daoud),Ca++,523147.0,412143.0,26191,0,GEO_ORPHAN_XY_2M,,,,,,
staging.raw_idp_2024_mesures_qualite_globale,1279,2024-09-20,,S18 (Aval Sidi Daoud),Mg++,523147.0,412143.0,26191,0,GEO_ORPHAN_XY_2M,,,,,,
staging.raw_idp_2024_mesures_qualite_globale,1280,2024-09-20,,S18 (Aval Sidi Daoud),TH,523147.0,412143.0,26191,0,GEO_ORPHAN_XY_2M,,,,,,
staging.raw_idp_2024_mesures_qualite_globale,1281,2024-09-20,,S18 (Aval Sidi Daoud),Na+,523147.0,412143.0,26191,0,GEO_ORPHAN_XY_2M,,,,,,
staging.raw_idp_2024_mesures_qualite_globale,1282,2024-09-20,,S18 (Aval Sidi Daoud),K+,523147.0,412143.0,26191,0,GEO_ORPHAN_XY_2M,,,,,,
staging.raw_idp_2024_mesures_qualite_globale,1283,2024-09-20,,S18 (Aval Sidi Daoud),Ag,523147.0,412143.0,26191,0,GEO_ORPHAN_XY_2M,,,,,,
staging.raw_idp_2024_mesures_qualite_globale,1284,2024-09-20,,S18 (Aval Sidi Daoud),Al,523147.0,412143.0,26191,0,GEO_ORPHAN_XY_2M,,,,,,
staging.raw_idp_2024_mesures_qualite_globale,1285,2024-09-20,,S18 (Aval Sidi Daoud),As,523147.0,412143.0,26191,0,GEO_ORPHAN_XY_2M,,,,,,
staging.raw_idp_2024_mesures_qualite_globale,1286,2024-09-20,,S18 (Aval Sidi Daoud),Ba,523147.0,412143.0,26191,0,GEO_ORPHAN_XY_2M,,,,,,
staging.raw_idp_2024_mesures_qualite_globale,1287,2024-09-20,,S18 (Aval Sidi Daoud),Be,523147.0,412143.0,26191,0,GEO_ORPHAN_XY_2M,,,,,,
staging.raw_idp_2024_mesures_qualite_globale,1288,2024-09-20,,S18 (Aval Sidi Daoud),Cd,523147.0,412143.0,26191,0,GEO_ORPHAN_XY_2M,,,,,,
staging.raw_idp_2024_mesures_qualite_globale,1289,2024-09-20,,S18 (Aval Sidi Daoud),Co,523147.0,412143.0,26191,0,GEO_ORPHAN_XY_2M,,,,,,
staging.raw_idp_2024_mesures_qualite_globale,1290,2024-09-20,,S18 (Aval Sidi Daoud),CrT,523147.0,412143.0,26191,0,GEO_ORPHAN_XY_2M,,,,,,
staging.raw_idp_2024_mesures_qualite_globale,1291,2024-09-20,,S18 (Aval Sidi Daoud),Cu,523147.0,412143.0,26191,0,GEO_ORPHAN_XY_2M,,,,,,
staging.raw_idp_2024_mesures_qualite_globale,1292,2024-09-20,,S18 (Aval Sidi Daoud),Fe,523147.0,412143.0,26191,0,GEO_ORPHAN_XY_2M,,,,,,
staging.raw_idp_2024_mesures_qualite_globale,1293,2024-09-20,,S18 (Aval Sidi Daoud),Mn,523147.0,412143.0,26191,0,GEO_ORPHAN_XY_2M,,,,,,
staging.raw_idp_2024_mesures_qualite_globale,1294,2024-09-20,,S18 (Aval Sidi Daoud),Mo,523147.0,412143.0,26191,0,GEO_ORPHAN_XY_2M,,,,,,
staging.raw_idp_2024_mesures_qualite_globale,1295,2024-09-20,,S18 (Aval Sidi Daoud),Ni,523147.0,412143.0,26191,0,GEO_ORPHAN_XY_2M,,,,,,
staging.raw_idp_2024_mesures_qualite_globale,1296,2024-09-20,,S18 (Aval Sidi Daoud),Pb,523147.0,412143.0,26191,0,GEO_ORPHAN_XY_2M,,,,,,
staging.raw_idp_2024_mesures_qualite_globale,1297,2024-09-20,,S18 (Aval Sidi Daoud),Sb,523147.0,412143.0,26191,0,GEO_ORPHAN_XY_2M,,,,,,
staging.raw_idp_2024_mesures_qualite_globale,1298,2024-09-20,,S18 (Aval Sidi Daoud),Se,523147.0,412143.0,26191,0,GEO_ORPHAN_XY_2M,,,,,,
staging.raw_idp_2024_mesures_qualite_globale,1299,2024-09-20,,S18 (Aval Sidi Daoud),Sn,523147.0,412143.0,26191,0,GEO_ORPHAN_XY_2M,,,,,,
staging.raw_idp_2024_mesures_qualite_globale,1300,2024-09-20,,S18 (Aval Sidi Daoud),V,523147.0,412143.0,26191,0,GEO_ORPHAN_XY_2M,,,,,,
staging.raw_idp_2024_mesures_qualite_globale,1301,2024-09-20,,S18 (Aval Sidi Daoud),Zn,523147.0,412143.0,26191,0,GEO_ORPHAN_XY_2M,,,,,,
staging.raw_idp_2024_mesures_qualite_globale,1302,2024-09-20,,S18 (Aval Sidi Daoud),Li,523147.0,412143.0,26191,0,GEO_ORPHAN_XY_2M,,,,,,
staging.raw_idp_2024_mesures_qualite_globale,1303,2024-09-20,,S18 (Aval Sidi Daoud),CT,523147.0,412143.0,26191,0,GEO_ORPHAN_XY_2M,,,,,,
staging.raw_idp_2024_mesures_qualite_globale,1304,2024-09-20,,S18 (Aval Sidi Daoud),CF,523147.0,412143.0,26191,0,GEO_ORPHAN_XY_2M,,,,,,
staging.raw_idp_2024_mesures_qualite_globale,1305,2024-09-20,,S18 (Aval Sidi Daoud),SF,523147.0,412143.0,26191,0,GEO_ORPHAN_XY_2M,,,,,,
staging.raw_idp_2024_mesures_qualite_globale,1401,2024-09-21,,S14 (Aval_Conf_Rejet_HFT (Al Haouafate),DCO,453061.0,434317.0,26191,0,GEO_ORPHAN_XY_2M,,,,,,
staging.raw_idp_2024_mesures_qualite_globale,1402,2024-09-21,,S14 (Aval_Conf_Rejet_HFT (Al Haouafate),DBO5,453061.0,434317.0,26191,0,GEO_ORPHAN_XY_2M,,,,,,
staging.raw_idp_2024_mesures_qualite_globale,1403,2024-09-21,,S14 (Aval_Conf_Rejet_HFT (Al Haouafate),NTK,453061.0,434317.0,26191,0,GEO_ORPHAN_XY_2M,,,,,,
staging.raw_idp_2024_mesures_qualite_globale,1404,2024-09-21,,S14 (Aval_Conf_Rejet_HFT (Al Haouafate),NH4+ ,453061.0,434317.0,26191,0,GEO_ORPHAN_XY_2M,,,,,,
staging.raw_idp_2024_mesures_qualite_globale,1405,2024-09-21,,S14 (Aval_Conf_Rejet_HFT (Al Haouafate),PT,453061.0,434317.0,26191,0,GEO_ORPHAN_XY_2M,,,,,,
staging.raw_idp_2024_mesures_qualite_globale,1406,2024-09-21,,S14 (Aval_Conf_Rejet_HFT (Al Haouafate),PO43-,453061.0,434317.0,26191,0,GEO_ORPHAN_XY_2M,,,,,,
staging.raw_idp_2024_mesures_qualite_globale,1407,2024-09-21,,S14 (Aval_Conf_Rejet_HFT (Al Haouafate),MES,453061.0,434317.0,26191,0,GEO_ORPHAN_XY_2M,,,,,,
staging.raw_idp_2024_mesures_qualite_globale,1408,2024-09-21,,S14 (Aval_Conf_Rejet_HFT (Al Haouafate),Phénol,453061.0,434317.0,26191,0,GEO_ORPHAN_XY_2M,,,,,,
staging.raw_idp_2024_mesures_qualite_globale,1409,2024-09-21,,S14 (Aval_Conf_Rejet_HFT (Al Haouafate),"Huiles
Graisses",453061.0,434317.0,26191,0,GEO_ORPHAN_XY_2M,,,,,,
staging.raw_idp_2024_mesures_qualite_globale,1410,2024-09-21,,S14 (Aval_Conf_Rejet_HFT (Al Haouafate),NO3-,453061.0,434317.0,26191,0,GEO_ORPHAN_XY_2M,,,,,,
staging.raw_idp_2024_mesures_qualite_globale,1411,2024-09-21,,S14 (Aval_Conf_Rejet_HFT (Al Haouafate),NO2-,453061.0,434317.0,26191,0,GEO_ORPHAN_XY_2M,,,,,,
staging.raw_idp_2024_mesures_qualite_globale,1412,2024-09-21,,S14 (Aval_Conf_Rejet_HFT (Al Haouafate),Cl-,453061.0,434317.0,26191,0,GEO_ORPHAN_XY_2M,,,,,,
staging.raw_idp_2024_mesures_qualite_globale,1413,2024-09-21,,S14 (Aval_Conf_Rejet_HFT (Al Haouafate),SO4--,453061.0,434317.0,26191,0,GEO_ORPHAN_XY_2M,,,,,,
staging.raw_idp_2024_mesures_qualite_globale,1414,2024-09-21,,S14 (Aval_Conf_Rejet_HFT (Al Haouafate),Ca++,453061.0,434317.0,26191,0,GEO_ORPHAN_XY_2M,,,,,,
staging.raw_idp_2024_mesures_qualite_globale,1415,2024-09-21,,S14 (Aval_Conf_Rejet_HFT (Al Haouafate),Mg++,453061.0,434317.0,26191,0,GEO_ORPHAN_XY_2M,,,,,,
staging.raw_idp_2024_mesures_qualite_globale,1416,2024-09-21,,S14 (Aval_Conf_Rejet_HFT (Al Haouafate),TH,453061.0,434317.0,26191,0,GEO_ORPHAN_XY_2M,,,,,,
staging.raw_idp_2024_mesures_qualite_globale,1417,2024-09-21,,S14 (Aval_Conf_Rejet_HFT (Al Haouafate),Na+,453061.0,434317.0,26191,0,GEO_ORPHAN_XY_2M,,,,,,
staging.raw_idp_2024_mesures_qualite_globale,1418,2024-09-21,,S14 (Aval_Conf_Rejet_HFT (Al Haouafate),K+,453061.0,434317.0,26191,0,GEO_ORPHAN_XY_2M,,,,,,
staging.raw_idp_2024_mesures_qualite_globale,1419,2024-09-21,,S14 (Aval_Conf_Rejet_HFT (Al Haouafate),Ag,453061.0,434317.0,26191,0,GEO_ORPHAN_XY_2M,,,,,,
staging.raw_idp_2024_mesures_qualite_globale,1420,2024-09-21,,S14 (Aval_Conf_Rejet_HFT (Al Haouafate),Al,453061.0,434317.0,26191,0,GEO_ORPHAN_XY_2M,,,,,,
staging.raw_idp_2024_mesures_qualite_globale,1421,2024-09-21,,S14 (Aval_Conf_Rejet_HFT (Al Haouafate),As,453061.0,434317.0,26191,0,GEO_ORPHAN_XY_2M,,,,,,
staging.raw_idp_2024_mesures_qualite_globale,1422,2024-09-21,,S14 (Aval_Conf_Rejet_HFT (Al Haouafate),Ba,453061.0,434317.0,26191,0,GEO_ORPHAN_XY_2M,,,,,,
staging.raw_idp_2024_mesures_qualite_globale,1423,2024-09-21,,S14 (Aval_Conf_Rejet_HFT (Al Haouafate),Be,453061.0,434317.0,26191,0,GEO_ORPHAN_XY_2M,,,,,,
staging.raw_idp_2024_mesures_qualite_globale,1424,2024-09-21,,S14 (Aval_Conf_Rejet_HFT (Al Haouafate),Cd,453061.0,434317.0,26191,0,GEO_ORPHAN_XY_2M,,,,,,
staging.raw_idp_2024_mesures_qualite_globale,1425,2024-09-21,,S14 (Aval_Conf_Rejet_HFT (Al Haouafate),Co,453061.0,434317.0,26191,0,GEO_ORPHAN_XY_2M,,,,,,
staging.raw_idp_2024_mesures_qualite_globale,1426,2024-09-21,,S14 (Aval_Conf_Rejet_HFT (Al Haouafate),CrT,453061.0,434317.0,26191,0,GEO_ORPHAN_XY_2M,,,,,,
staging.raw_idp_2024_mesures_qualite_globale,1427,2024-09-21,,S14 (Aval_Conf_Rejet_HFT (Al Haouafate),Cu,453061.0,434317.0,26191,0,GEO_ORPHAN_XY_2M,,,,,,
staging.raw_idp_2024_mesures_qualite_globale,1428,2024-09-21,,S14 (Aval_Conf_Rejet_HFT (Al Haouafate),Fe,453061.0,434317.0,26191,0,GEO_ORPHAN_XY_2M,,,,,,
staging.raw_idp_2024_mesures_qualite_globale,1429,2024-09-21,,S14 (Aval_Conf_Rejet_HFT (Al Haouafate),Fe2+,453061.0,434317.0,26191,0,GEO_ORPHAN_XY_2M,,,,,,
staging.raw_idp_2024_mesures_qualite_globale,1430,2024-09-21,,S14 (Aval_Conf_Rejet_HFT (Al Haouafate),Mn,453061.0,434317.0,26191,0,GEO_ORPHAN_XY_2M,,,,,,
staging.raw_idp_2024_mesures_qualite_globale,1431,2024-09-21,,S14 (Aval_Conf_Rejet_HFT (Al Haouafate),Mo,453061.0,434317.0,26191,0,GEO_ORPHAN_XY_2M,,,,,,
staging.raw_idp_2024_mesures_qualite_globale,1432,2024-09-21,,S14 (Aval_Conf_Rejet_HFT (Al Haouafate),Ni,453061.0,434317.0,26191,0,GEO_ORPHAN_XY_2M,,,,,,
staging.raw_idp_2024_mesures_qualite_globale,1433,2024-09-21,,S14 (Aval_Conf_Rejet_HFT (Al Haouafate),Pb,453061.0,434317.0,26191,0,GEO_ORPHAN_XY_2M,,,,,,
staging.raw_idp_2024_mesures_qualite_globale,1434,2024-09-21,,S14 (Aval_Conf_Rejet_HFT (Al Haouafate),Sb,453061.0,434317.0,26191,0,GEO_ORPHAN_XY_2M,,,,,,
staging.raw_idp_2024_mesures_qualite_globale,1435,2024-09-21,,S14 (Aval_Conf_Rejet_HFT (Al Haouafate),Se,453061.0,434317.0,26191,0,GEO_ORPHAN_XY_2M,,,,,,
staging.raw_idp_2024_mesures_qualite_globale,1436,2024-09-21,,S14 (Aval_Conf_Rejet_HFT (Al Haouafate),Sn,453061.0,434317.0,26191,0,GEO_ORPHAN_XY_2M,,,,,,
staging.raw_idp_2024_mesures_qualite_globale,1437,2024-09-21,,S14 (Aval_Conf_Rejet_HFT (Al Haouafate),V,453061.0,434317.0,26191,0,GEO_ORPHAN_XY_2M,,,,,,
staging.raw_idp_2024_mesures_qualite_globale,1438,2024-09-21,,S14 (Aval_Conf_Rejet_HFT (Al Haouafate),Zn,453061.0,434317.0,26191,0,GEO_ORPHAN_XY_2M,,,,,,
staging.raw_idp_2024_mesures_qualite_globale,1439,2024-09-21,,S14 (Aval_Conf_Rejet_HFT (Al Haouafate),Li,453061.0,434317.0,26191,0,GEO_ORPHAN_XY_2M,,,,,,
staging.raw_idp_2024_mesures_qualite_globale,1440,2024-09-21,,S14 (Aval_Conf_Rejet_HFT (Al Haouafate),CT,453061.0,434317.0,26191,0,GEO_ORPHAN_XY_2M,,,,,,
staging.raw_idp_2024_mesures_qualite_globale,1441,2024-09-21,,S14 (Aval_Conf_Rejet_HFT (Al Haouafate),CF,453061.0,434317.0,26191,0,GEO_ORPHAN_XY_2M,,,,,,
staging.raw_idp_2024_mesures_qualite_globale,1442,2024-09-21,,S14 (Aval_Conf_Rejet_HFT (Al Haouafate),SF,453061.0,434317.0,26191,0,GEO_ORPHAN_XY_2M,,,,,,
staging.raw_idp_2024_mesures_qualite_globale,1443,2024-09-21,,S28 (Aval_Conf_Rejet_ORG (Ouartzagh),DCO,537364.0,436554.0,26191,0,GEO_ORPHAN_XY_2M,,,,,,
staging.raw_idp_2024_mesures_qualite_globale,1444,2024-09-21,,S28 (Aval_Conf_Rejet_ORG (Ouartzagh),DBO5,537364.0,436554.0,26191,0,GEO_ORPHAN_XY_2M,,,,,,
staging.raw_idp_2024_mesures_qualite_globale,1445,2024-09-21,,S28 (Aval_Conf_Rejet_ORG (Ouartzagh),NTK,537364.0,436554.0,26191,0,GEO_ORPHAN_XY_2M,,,,,,
staging.raw_idp_2024_mesures_qualite_globale,1446,2024-09-21,,S28 (Aval_Conf_Rejet_ORG (Ouartzagh),NH4+ ,537364.0,436554.0,26191,0,GEO_ORPHAN_XY_2M,,,,,,
staging.raw_idp_2024_mesures_qualite_globale,1447,2024-09-21,,S28 (Aval_Conf_Rejet_ORG (Ouartzagh),PT,537364.0,436554.0,26191,0,GEO_ORPHAN_XY_2M,,,,,,
staging.raw_idp_2024_mesures_qualite_globale,1448,2024-09-21,,S28 (Aval_Conf_Rejet_ORG (Ouartzagh),PO43-,537364.0,436554.0,26191,0,GEO_ORPHAN_XY_2M,,,,,,
staging.raw_idp_2024_mesures_qualite_globale,1449,2024-09-21,,S28 (Aval_Conf_Rejet_ORG (Ouartzagh),MES,537364.0,436554.0,26191,0,GEO_ORPHAN_XY_2M,,,,,,
staging.raw_idp_2024_mesures_qualite_globale,1450,2024-09-21,,S28 (Aval_Conf_Rejet_ORG (Ouartzagh),Phénol,537364.0,436554.0,26191,0,GEO_ORPHAN_XY_2M,,,,,,
staging.raw_idp_2024_mesures_qualite_globale,1451,2024-09-21,,S28 (Aval_Conf_Rejet_ORG (Ouartzagh),"Huiles
Graisses",537364.0,436554.0,26191,0,GEO_ORPHAN_XY_2M,,,,,,
staging.raw_idp_2024_mesures_qualite_globale,1452,2024-09-21,,S28 (Aval_Conf_Rejet_ORG (Ouartzagh),NO3-,537364.0,436554.0,26191,0,GEO_ORPHAN_XY_2M,,,,,,
staging.raw_idp_2024_mesures_qualite_globale,1453,2024-09-21,,S28 (Aval_Conf_Rejet_ORG (Ouartzagh),NO2-,537364.0,436554.0,26191,0,GEO_ORPHAN_XY_2M,,,,,,
staging.raw_idp_2024_mesures_qualite_globale,1454,2024-09-21,,S28 (Aval_Conf_Rejet_ORG (Ouartzagh),Cl-,537364.0,436554.0,26191,0,GEO_ORPHAN_XY_2M,,,,,,
staging.raw_idp_2024_mesures_qualite_globale,1455,2024-09-21,,S28 (Aval_Conf_Rejet_ORG (Ouartzagh),SO4--,537364.0,436554.0,26191,0,GEO_ORPHAN_XY_2M,,,,,,
staging.raw_idp_2024_mesures_qualite_globale,1456,2024-09-21,,S28 (Aval_Conf_Rejet_ORG (Ouartzagh),Ca++,537364.0,436554.0,26191,0,GEO_ORPHAN_XY_2M,,,,,,
staging.raw_idp_2024_mesures_qualite_globale,1457,2024-09-21,,S28 (Aval_Conf_Rejet_ORG (Ouartzagh),Mg++,537364.0,436554.0,26191,0,GEO_ORPHAN_XY_2M,,,,,,
staging.raw_idp_2024_mesures_qualite_globale,1458,2024-09-21,,S28 (Aval_Conf_Rejet_ORG (Ouartzagh),TH,537364.0,436554.0,26191,0,GEO_ORPHAN_XY_2M,,,,,,
staging.raw_idp_2024_mesures_qualite_globale,1459,2024-09-21,,S28 (Aval_Conf_Rejet_ORG (Ouartzagh),Na+,537364.0,436554.0,26191,0,GEO_ORPHAN_XY_2M,,,,,,
staging.raw_idp_2024_mesures_qualite_globale,1460,2024-09-21,,S28 (Aval_Conf_Rejet_ORG (Ouartzagh),K+,537364.0,436554.0,26191,0,GEO_ORPHAN_XY_2M,,,,,,
staging.raw_idp_2024_mesures_qualite_globale,1461,2024-09-21,,S28 (Aval_Conf_Rejet_ORG (Ouartzagh),Ag,537364.0,436554.0,26191,0,GEO_ORPHAN_XY_2M,,,,,,
staging.raw_idp_2024_mesures_qualite_globale,1462,2024-09-21,,S28 (Aval_Conf_Rejet_ORG (Ouartzagh),Al,537364.0,436554.0,26191,0,GEO_ORPHAN_XY_2M,,,,,,
staging.raw_idp_2024_mesures_qualite_globale,1463,2024-09-21,,S28 (Aval_Conf_Rejet_ORG (Ouartzagh),As,537364.0,436554.0,26191,0,GEO_ORPHAN_XY_2M,,,,,,
staging.raw_idp_2024_mesures_qualite_globale,1464,2024-09-21,,S28 (Aval_Conf_Rejet_ORG (Ouartzagh),Ba,537364.0,436554.0,26191,0,GEO_ORPHAN_XY_2M,,,,,,
staging.raw_idp_2024_mesures_qualite_globale,1465,2024-09-21,,S28 (Aval_Conf_Rejet_ORG (Ouartzagh),Be,537364.0,436554.0,26191,0,GEO_ORPHAN_XY_2M,,,,,,
staging.raw_idp_2024_mesures_qualite_globale,1466,2024-09-21,,S28 (Aval_Conf_Rejet_ORG (Ouartzagh),Cd,537364.0,436554.0,26191,0,GEO_ORPHAN_XY_2M,,,,,,
staging.raw_idp_2024_mesures_qualite_globale,1467,2024-09-21,,S28 (Aval_Conf_Rejet_ORG (Ouartzagh),Co,537364.0,436554.0,26191,0,GEO_ORPHAN_XY_2M,,,,,,
staging.raw_idp_2024_mesures_qualite_globale,1468,2024-09-21,,S28 (Aval_Conf_Rejet_ORG (Ouartzagh),CrT,537364.0,436554.0,26191,0,GEO_ORPHAN_XY_2M,,,,,,
staging.raw_idp_2024_mesures_qualite_globale,1469,2024-09-21,,S28 (Aval_Conf_Rejet_ORG (Ouartzagh),Cu,537364.0,436554.0,26191,0,GEO_ORPHAN_XY_2M,,,,,,
staging.raw_idp_2024_mesures_qualite_globale,1470,2024-09-21,,S28 (Aval_Conf_Rejet_ORG (Ouartzagh),Fe,537364.0,436554.0,26191,0,GEO_ORPHAN_XY_2M,,,,,,
staging.raw_idp_2024_mesures_qualite_globale,1471,2024-09-21,,S28 (Aval_Conf_Rejet_ORG (Ouartzagh),Fe2+,537364.0,436554.0,26191,0,GEO_ORPHAN_XY_2M,,,,,,
staging.raw_idp_2024_mesures_qualite_globale,1472,2024-09-21,,S28 (Aval_Conf_Rejet_ORG (Ouartzagh),Mn,537364.0,436554.0,26191,0,GEO_ORPHAN_XY_2M,,,,,,
staging.raw_idp_2024_mesures_qualite_globale,1473,2024-09-21,,S28 (Aval_Conf_Rejet_ORG (Ouartzagh),Mo,537364.0,436554.0,26191,0,GEO_ORPHAN_XY_2M,,,,,,
staging.raw_idp_2024_mesures_qualite_globale,1474,2024-09-21,,S28 (Aval_Conf_Rejet_ORG (Ouartzagh),Ni,537364.0,436554.0,26191,0,GEO_ORPHAN_XY_2M,,,,,,
staging.raw_idp_2024_mesures_qualite_globale,1475,2024-09-21,,S28 (Aval_Conf_Rejet_ORG (Ouartzagh),Pb,537364.0,436554.0,26191,0,GEO_ORPHAN_XY_2M,,,,,,
staging.raw_idp_2024_mesures_qualite_globale,1476,2024-09-21,,S28 (Aval_Conf_Rejet_ORG (Ouartzagh),Sb,537364.0,436554.0,26191,0,GEO_ORPHAN_XY_2M,,,,,,
staging.raw_idp_2024_mesures_qualite_globale,1477,2024-09-21,,S28 (Aval_Conf_Rejet_ORG (Ouartzagh),Se,537364.0,436554.0,26191,0,GEO_ORPHAN_XY_2M,,,,,,
staging.raw_idp_2024_mesures_qualite_globale,1478,2024-09-21,,S28 (Aval_Conf_Rejet_ORG (Ouartzagh),Sn,537364.0,436554.0,26191,0,GEO_ORPHAN_XY_2M,,,,,,
staging.raw_idp_2024_mesures_qualite_globale,1479,2024-09-21,,S28 (Aval_Conf_Rejet_ORG (Ouartzagh),V,537364.0,436554.0,26191,0,GEO_ORPHAN_XY_2M,,,,,,
staging.raw_idp_2024_mesures_qualite_globale,1480,2024-09-21,,S28 (Aval_Conf_Rejet_ORG (Ouartzagh),Zn,537364.0,436554.0,26191,0,GEO_ORPHAN_XY_2M,,,,,,
staging.raw_idp_2024_mesures_qualite_globale,1481,2024-09-21,,S28 (Aval_Conf_Rejet_ORG (Ouartzagh),Li,537364.0,436554.0,26191,0,GEO_ORPHAN_XY_2M,,,,,,
staging.raw_idp_2024_mesures_qualite_globale,1482,2024-09-21,,S28 (Aval_Conf_Rejet_ORG (Ouartzagh),CT,537364.0,436554.0,26191,0,GEO_ORPHAN_XY_2M,,,,,,
staging.raw_idp_2024_mesures_qualite_globale,1483,2024-09-21,,S28 (Aval_Conf_Rejet_ORG (Ouartzagh),CF,537364.0,436554.0,26191,0,GEO_ORPHAN_XY_2M,,,,,,
staging.raw_idp_2024_mesures_qualite_globale,1484,2024-09-21,,S28 (Aval_Conf_Rejet_ORG (Ouartzagh),SF,537364.0,436554.0,26191,0,GEO_ORPHAN_XY_2M,,,,,,
staging.raw_idp_2024_mesures_qualite_globale,1621,2024-09-22,,S15 (Aval_Conf_Sebou_ Ouagha (Dour El Kbara),DCO,465664.0,424569.0,26191,0,GEO_ORPHAN_XY_2M,,,,,,
staging.raw_idp_2024_mesures_qualite_globale,1622,2024-09-22,,S15 (Aval_Conf_Sebou_ Ouagha (Dour El Kbara),DBO5,465664.0,424569.0,26191,0,GEO_ORPHAN_XY_2M,,,,,,
staging.raw_idp_2024_mesures_qualite_globale,1623,2024-09-22,,S15 (Aval_Conf_Sebou_ Ouagha (Dour El Kbara),NTK,465664.0,424569.0,26191,0,GEO_ORPHAN_XY_2M,,,,,,
staging.raw_idp_2024_mesures_qualite_globale,1624,2024-09-22,,S15 (Aval_Conf_Sebou_ Ouagha (Dour El Kbara),NH4+ ,465664.0,424569.0,26191,0,GEO_ORPHAN_XY_2M,,,,,,
staging.raw_idp_2024_mesures_qualite_globale,1625,2024-09-22,,S15 (Aval_Conf_Sebou_ Ouagha (Dour El Kbara),PT,465664.0,424569.0,26191,0,GEO_ORPHAN_XY_2M,,,,,,
staging.raw_idp_2024_mesures_qualite_globale,1626,2024-09-22,,S15 (Aval_Conf_Sebou_ Ouagha (Dour El Kbara),PO43-,465664.0,424569.0,26191,0,GEO_ORPHAN_XY_2M,,,,,,
staging.raw_idp_2024_mesures_qualite_globale,1627,2024-09-22,,S15 (Aval_Conf_Sebou_ Ouagha (Dour El Kbara),MES,465664.0,424569.0,26191,0,GEO_ORPHAN_XY_2M,,,,,,
staging.raw_idp_2024_mesures_qualite_globale,1628,2024-09-22,,S15 (Aval_Conf_Sebou_ Ouagha (Dour El Kbara),Phénol,465664.0,424569.0,26191,0,GEO_ORPHAN_XY_2M,,,,,,
staging.raw_idp_2024_mesures_qualite_globale,1629,2024-09-22,,S15 (Aval_Conf_Sebou_ Ouagha (Dour El Kbara),"Huiles
Graisses",465664.0,424569.0,26191,0,GEO_ORPHAN_XY_2M,,,,,,
staging.raw_idp_2024_mesures_qualite_globale,1630,2024-09-22,,S15 (Aval_Conf_Sebou_ Ouagha (Dour El Kbara),NO3-,465664.0,424569.0,26191,0,GEO_ORPHAN_XY_2M,,,,,,
staging.raw_idp_2024_mesures_qualite_globale,1631,2024-09-22,,S15 (Aval_Conf_Sebou_ Ouagha (Dour El Kbara),NO2-,465664.0,424569.0,26191,0,GEO_ORPHAN_XY_2M,,,,,,
staging.raw_idp_2024_mesures_qualite_globale,1632,2024-09-22,,S15 (Aval_Conf_Sebou_ Ouagha (Dour El Kbara),Cl-,465664.0,424569.0,26191,0,GEO_ORPHAN_XY_2M,,,,,,
staging.raw_idp_2024_mesures_qualite_globale,1633,2024-09-22,,S15 (Aval_Conf_Sebou_ Ouagha (Dour El Kbara),SO4--,465664.0,424569.0,26191,0,GEO_ORPHAN_XY_2M,,,,,,
staging.raw_idp_2024_mesures_qualite_globale,1634,2024-09-22,,S15 (Aval_Conf_Sebou_ Ouagha (Dour El Kbara),Ca++,465664.0,424569.0,26191,0,GEO_ORPHAN_XY_2M,,,,,,
staging.raw_idp_2024_mesures_qualite_globale,1635,2024-09-22,,S15 (Aval_Conf_Sebou_ Ouagha (Dour El Kbara),Mg++,465664.0,424569.0,26191,0,GEO_ORPHAN_XY_2M,,,,,,
staging.raw_idp_2024_mesures_qualite_globale,1636,2024-09-22,,S15 (Aval_Conf_Sebou_ Ouagha (Dour El Kbara),TH,465664.0,424569.0,26191,0,GEO_ORPHAN_XY_2M,,,,,,
staging.raw_idp_2024_mesures_qualite_globale,1637,2024-09-22,,S15 (Aval_Conf_Sebou_ Ouagha (Dour El Kbara),Na+,465664.0,424569.0,26191,0,GEO_ORPHAN_XY_2M,,,,,,
staging.raw_idp_2024_mesures_qualite_globale,1638,2024-09-22,,S15 (Aval_Conf_Sebou_ Ouagha (Dour El Kbara),K+,465664.0,424569.0,26191,0,GEO_ORPHAN_XY_2M,,,,,,
staging.raw_idp_2024_mesures_qualite_globale,1639,2024-09-22,,S15 (Aval_Conf_Sebou_ Ouagha (Dour El Kbara),Ag,465664.0,424569.0,26191,0,GEO_ORPHAN_XY_2M,,,,,,
staging.raw_idp_2024_mesures_qualite_globale,1640,2024-09-22,,S15 (Aval_Conf_Sebou_ Ouagha (Dour El Kbara),Al,465664.0,424569.0,26191,0,GEO_ORPHAN_XY_2M,,,,,,
staging.raw_idp_2024_mesures_qualite_globale,1641,2024-09-22,,S15 (Aval_Conf_Sebou_ Ouagha (Dour El Kbara),As,465664.0,424569.0,26191,0,GEO_ORPHAN_XY_2M,,,,,,
staging.raw_idp_2024_mesures_qualite_globale,1642,2024-09-22,,S15 (Aval_Conf_Sebou_ Ouagha (Dour El Kbara),Ba,465664.0,424569.0,26191,0,GEO_ORPHAN_XY_2M,,,,,,
staging.raw_idp_2024_mesures_qualite_globale,1643,2024-09-22,,S15 (Aval_Conf_Sebou_ Ouagha (Dour El Kbara),Be,465664.0,424569.0,26191,0,GEO_ORPHAN_XY_2M,,,,,,
staging.raw_idp_2024_mesures_qualite_globale,1644,2024-09-22,,S15 (Aval_Conf_Sebou_ Ouagha (Dour El Kbara),Cd,465664.0,424569.0,26191,0,GEO_ORPHAN_XY_2M,,,,,,
staging.raw_idp_2024_mesures_qualite_globale,1645,2024-09-22,,S15 (Aval_Conf_Sebou_ Ouagha (Dour El Kbara),Co,465664.0,424569.0,26191,0,GEO_ORPHAN_XY_2M,,,,,,
staging.raw_idp_2024_mesures_qualite_globale,1646,2024-09-22,,S15 (Aval_Conf_Sebou_ Ouagha (Dour El Kbara),CrT,465664.0,424569.0,26191,0,GEO_ORPHAN_XY_2M,,,,,,
staging.raw_idp_2024_mesures_qualite_globale,1647,2024-09-22,,S15 (Aval_Conf_Sebou_ Ouagha (Dour El Kbara),Cu,465664.0,424569.0,26191,0,GEO_ORPHAN_XY_2M,,,,,,
staging.raw_idp_2024_mesures_qualite_globale,1648,2024-09-22,,S15 (Aval_Conf_Sebou_ Ouagha (Dour El Kbara),Fe,465664.0,424569.0,26191,0,GEO_ORPHAN_XY_2M,,,,,,
staging.raw_idp_2024_mesures_qualite_globale,1649,2024-09-22,,S15 (Aval_Conf_Sebou_ Ouagha (Dour El Kbara),Fe2+,465664.0,424569.0,26191,0,GEO_ORPHAN_XY_2M,,,,,,
staging.raw_idp_2024_mesures_qualite_globale,1650,2024-09-22,,S15 (Aval_Conf_Sebou_ Ouagha (Dour El Kbara),Mn,465664.0,424569.0,26191,0,GEO_ORPHAN_XY_2M,,,,,,
staging.raw_idp_2024_mesures_qualite_globale,1651,2024-09-22,,S15 (Aval_Conf_Sebou_ Ouagha (Dour El Kbara),Mo,465664.0,424569.0,26191,0,GEO_ORPHAN_XY_2M,,,,,,
staging.raw_idp_2024_mesures_qualite_globale,1652,2024-09-22,,S15 (Aval_Conf_Sebou_ Ouagha (Dour El Kbara),Ni,465664.0,424569.0,26191,0,GEO_ORPHAN_XY_2M,,,,,,
staging.raw_idp_2024_mesures_qualite_globale,1653,2024-09-22,,S15 (Aval_Conf_Sebou_ Ouagha (Dour El Kbara),Pb,465664.0,424569.0,26191,0,GEO_ORPHAN_XY_2M,,,,,,
staging.raw_idp_2024_mesures_qualite_globale,1654,2024-09-22,,S15 (Aval_Conf_Sebou_ Ouagha (Dour El Kbara),Sb,465664.0,424569.0,26191,0,GEO_ORPHAN_XY_2M,,,,,,
staging.raw_idp_2024_mesures_qualite_globale,1655,2024-09-22,,S15 (Aval_Conf_Sebou_ Ouagha (Dour El Kbara),Se,465664.0,424569.0,26191,0,GEO_ORPHAN_XY_2M,,,,,,
staging.raw_idp_2024_mesures_qualite_globale,1656,2024-09-22,,S15 (Aval_Conf_Sebou_ Ouagha (Dour El Kbara),Sn,465664.0,424569.0,26191,0,GEO_ORPHAN_XY_2M,,,,,,
staging.raw_idp_2024_mesures_qualite_globale,1657,2024-09-22,,S15 (Aval_Conf_Sebou_ Ouagha (Dour El Kbara),V,465664.0,424569.0,26191,0,GEO_ORPHAN_XY_2M,,,,,,
staging.raw_idp_2024_mesures_qualite_globale,1658,2024-09-22,,S15 (Aval_Conf_Sebou_ Ouagha (Dour El Kbara),Zn,465664.0,424569.0,26191,0,GEO_ORPHAN_XY_2M,,,,,,
staging.raw_idp_2024_mesures_qualite_globale,1659,2024-09-22,,S15 (Aval_Conf_Sebou_ Ouagha (Dour El Kbara),Li,465664.0,424569.0,26191,0,GEO_ORPHAN_XY_2M,,,,,,
staging.raw_idp_2024_mesures_qualite_globale,1660,2024-09-22,,S15 (Aval_Conf_Sebou_ Ouagha (Dour El Kbara),CT,465664.0,424569.0,26191,0,GEO_ORPHAN_XY_2M,,,,,,
staging.raw_idp_2024_mesures_qualite_globale,1661,2024-09-22,,S15 (Aval_Conf_Sebou_ Ouagha (Dour El Kbara),CF,465664.0,424569.0,26191,0,GEO_ORPHAN_XY_2M,,,,,,
staging.raw_idp_2024_mesures_qualite_globale,1662,2024-09-22,,S15 (Aval_Conf_Sebou_ Ouagha (Dour El Kbara),SF,465664.0,424569.0,26191,0,GEO_ORPHAN_XY_2M,,,,,,
staging.raw_idp_2024_mesures_qualite_globale,1663,2024-09-22,,S16 (Aval_Conf_Rejet_KHN (Khnichet),DCO,473049.0,426910.0,26191,0,GEO_ORPHAN_XY_2M,,,,,,
staging.raw_idp_2024_mesures_qualite_globale,1664,2024-09-22,,S16 (Aval_Conf_Rejet_KHN (Khnichet),DBO5,473049.0,426910.0,26191,0,GEO_ORPHAN_XY_2M,,,,,,
staging.raw_idp_2024_mesures_qualite_globale,1665,2024-09-22,,S16 (Aval_Conf_Rejet_KHN (Khnichet),NTK,473049.0,426910.0,26191,0,GEO_ORPHAN_XY_2M,,,,,,
staging.raw_idp_2024_mesures_qualite_globale,1666,2024-09-22,,S16 (Aval_Conf_Rejet_KHN (Khnichet),NH4+ ,473049.0,426910.0,26191,0,GEO_ORPHAN_XY_2M,,,,,,
staging.raw_idp_2024_mesures_qualite_globale,1667,2024-09-22,,S16 (Aval_Conf_Rejet_KHN (Khnichet),PT,473049.0,426910.0,26191,0,GEO_ORPHAN_XY_2M,,,,,,
staging.raw_idp_2024_mesures_qualite_globale,1668,2024-09-22,,S16 (Aval_Conf_Rejet_KHN (Khnichet),PO43-,473049.0,426910.0,26191,0,GEO_ORPHAN_XY_2M,,,,,,
staging.raw_idp_2024_mesures_qualite_globale,1669,2024-09-22,,S16 (Aval_Conf_Rejet_KHN (Khnichet),MES,473049.0,426910.0,26191,0,GEO_ORPHAN_XY_2M,,,,,,
staging.raw_idp_2024_mesures_qualite_globale,1670,2024-09-22,,S16 (Aval_Conf_Rejet_KHN (Khnichet),Phénol,473049.0,426910.0,26191,0,GEO_ORPHAN_XY_2M,,,,,,
staging.raw_idp_2024_mesures_qualite_globale,1671,2024-09-22,,S16 (Aval_Conf_Rejet_KHN (Khnichet),"Huiles
Graisses",473049.0,426910.0,26191,0,GEO_ORPHAN_XY_2M,,,,,,
staging.raw_idp_2024_mesures_qualite_globale,1672,2024-09-22,,S16 (Aval_Conf_Rejet_KHN (Khnichet),NO3-,473049.0,426910.0,26191,0,GEO_ORPHAN_XY_2M,,,,,,
staging.raw_idp_2024_mesures_qualite_globale,1673,2024-09-22,,S16 (Aval_Conf_Rejet_KHN (Khnichet),NO2-,473049.0,426910.0,26191,0,GEO_ORPHAN_XY_2M,,,,,,
staging.raw_idp_2024_mesures_qualite_globale,1674,2024-09-22,,S16 (Aval_Conf_Rejet_KHN (Khnichet),Cl-,473049.0,426910.0,26191,0,GEO_ORPHAN_XY_2M,,,,,,
staging.raw_idp_2024_mesures_qualite_globale,1675,2024-09-22,,S16 (Aval_Conf_Rejet_KHN (Khnichet),SO4--,473049.0,426910.0,26191,0,GEO_ORPHAN_XY_2M,,,,,,
staging.raw_idp_2024_mesures_qualite_globale,1676,2024-09-22,,S16 (Aval_Conf_Rejet_KHN (Khnichet),Ca++,473049.0,426910.0,26191,0,GEO_ORPHAN_XY_2M,,,,,,
staging.raw_idp_2024_mesures_qualite_globale,1677,2024-09-22,,S16 (Aval_Conf_Rejet_KHN (Khnichet),Mg++,473049.0,426910.0,26191,0,GEO_ORPHAN_XY_2M,,,,,,
staging.raw_idp_2024_mesures_qualite_globale,1678,2024-09-22,,S16 (Aval_Conf_Rejet_KHN (Khnichet),TH,473049.0,426910.0,26191,0,GEO_ORPHAN_XY_2M,,,,,,
staging.raw_idp_2024_mesures_qualite_globale,1679,2024-09-22,,S16 (Aval_Conf_Rejet_KHN (Khnichet),Na+,473049.0,426910.0,26191,0,GEO_ORPHAN_XY_2M,,,,,,
staging.raw_idp_2024_mesures_qualite_globale,1680,2024-09-22,,S16 (Aval_Conf_Rejet_KHN (Khnichet),K+,473049.0,426910.0,26191,0,GEO_ORPHAN_XY_2M,,,,,,
staging.raw_idp_2024_mesures_qualite_globale,1681,2024-09-22,,S16 (Aval_Conf_Rejet_KHN (Khnichet),Ag,473049.0,426910.0,26191,0,GEO_ORPHAN_XY_2M,,,,,,
staging.raw_idp_2024_mesures_qualite_globale,1682,2024-09-22,,S16 (Aval_Conf_Rejet_KHN (Khnichet),Al,473049.0,426910.0,26191,0,GEO_ORPHAN_XY_2M,,,,,,
staging.raw_idp_2024_mesures_qualite_globale,1683,2024-09-22,,S16 (Aval_Conf_Rejet_KHN (Khnichet),As,473049.0,426910.0,26191,0,GEO_ORPHAN_XY_2M,,,,,,
staging.raw_idp_2024_mesures_qualite_globale,1684,2024-09-22,,S16 (Aval_Conf_Rejet_KHN (Khnichet),Ba,473049.0,426910.0,26191,0,GEO_ORPHAN_XY_2M,,,,,,
staging.raw_idp_2024_mesures_qualite_globale,1685,2024-09-22,,S16 (Aval_Conf_Rejet_KHN (Khnichet),Be,473049.0,426910.0,26191,0,GEO_ORPHAN_XY_2M,,,,,,
staging.raw_idp_2024_mesures_qualite_globale,1686,2024-09-22,,S16 (Aval_Conf_Rejet_KHN (Khnichet),Cd,473049.0,426910.0,26191,0,GEO_ORPHAN_XY_2M,,,,,,
staging.raw_idp_2024_mesures_qualite_globale,1687,2024-09-22,,S16 (Aval_Conf_Rejet_KHN (Khnichet),Co,473049.0,426910.0,26191,0,GEO_ORPHAN_XY_2M,,,,,,
staging.raw_idp_2024_mesures_qualite_globale,1688,2024-09-22,,S16 (Aval_Conf_Rejet_KHN (Khnichet),CrT,473049.0,426910.0,26191,0,GEO_ORPHAN_XY_2M,,,,,,
staging.raw_idp_2024_mesures_qualite_globale,1689,2024-09-22,,S16 (Aval_Conf_Rejet_KHN (Khnichet),Cu,473049.0,426910.0,26191,0,GEO_ORPHAN_XY_2M,,,,,,
staging.raw_idp_2024_mesures_qualite_globale,1690,2024-09-22,,S16 (Aval_Conf_Rejet_KHN (Khnichet),Fe,473049.0,426910.0,26191,0,GEO_ORPHAN_XY_2M,,,,,,
staging.raw_idp_2024_mesures_qualite_globale,1691,2024-09-22,,S16 (Aval_Conf_Rejet_KHN (Khnichet),Fe2+,473049.0,426910.0,26191,0,GEO_ORPHAN_XY_2M,,,,,,
staging.raw_idp_2024_mesures_qualite_globale,1692,2024-09-22,,S16 (Aval_Conf_Rejet_KHN (Khnichet),Mn,473049.0,426910.0,26191,0,GEO_ORPHAN_XY_2M,,,,,,
staging.raw_idp_2024_mesures_qualite_globale,1693,2024-09-22,,S16 (Aval_Conf_Rejet_KHN (Khnichet),Mo,473049.0,426910.0,26191,0,GEO_ORPHAN_XY_2M,,,,,,
staging.raw_idp_2024_mesures_qualite_globale,1694,2024-09-22,,S16 (Aval_Conf_Rejet_KHN (Khnichet),Ni,473049.0,426910.0,26191,0,GEO_ORPHAN_XY_2M,,,,,,
staging.raw_idp_2024_mesures_qualite_globale,1695,2024-09-22,,S16 (Aval_Conf_Rejet_KHN (Khnichet),Pb,473049.0,426910.0,26191,0,GEO_ORPHAN_XY_2M,,,,,,
staging.raw_idp_2024_mesures_qualite_globale,1696,2024-09-22,,S16 (Aval_Conf_Rejet_KHN (Khnichet),Sb,473049.0,426910.0,26191,0,GEO_ORPHAN_XY_2M,,,,,,
staging.raw_idp_2024_mesures_qualite_globale,1697,2024-09-22,,S16 (Aval_Conf_Rejet_KHN (Khnichet),Se,473049.0,426910.0,26191,0,GEO_ORPHAN_XY_2M,,,,,,
staging.raw_idp_2024_mesures_qualite_globale,1698,2024-09-22,,S16 (Aval_Conf_Rejet_KHN (Khnichet),Sn,473049.0,426910.0,26191,0,GEO_ORPHAN_XY_2M,,,,,,
staging.raw_idp_2024_mesures_qualite_globale,1699,2024-09-22,,S16 (Aval_Conf_Rejet_KHN (Khnichet),V,473049.0,426910.0,26191,0,GEO_ORPHAN_XY_2M,,,,,,
staging.raw_idp_2024_mesures_qualite_globale,1700,2024-09-22,,S16 (Aval_Conf_Rejet_KHN (Khnichet),Zn,473049.0,426910.0,26191,0,GEO_ORPHAN_XY_2M,,,,,,
staging.raw_idp_2024_mesures_qualite_globale,1701,2024-09-22,,S16 (Aval_Conf_Rejet_KHN (Khnichet),Li,473049.0,426910.0,26191,0,GEO_ORPHAN_XY_2M,,,,,,
staging.raw_idp_2024_mesures_qualite_globale,1702,2024-09-22,,S16 (Aval_Conf_Rejet_KHN (Khnichet),CT,473049.0,426910.0,26191,0,GEO_ORPHAN_XY_2M,,,,,,
staging.raw_idp_2024_mesures_qualite_globale,1703,2024-09-22,,S16 (Aval_Conf_Rejet_KHN (Khnichet),CF,473049.0,426910.0,26191,0,GEO_ORPHAN_XY_2M,,,,,,
staging.raw_idp_2024_mesures_qualite_globale,1704,2024-09-22,,S16 (Aval_Conf_Rejet_KHN (Khnichet),SF,473049.0,426910.0,26191,0,GEO_ORPHAN_XY_2M,,,,,,
staging.raw_idp_2024_mesures_qualite_globale,1779,2024-09-23,,S22 (Aval_conf_Sebou_ Inaoun),DCO,545460.0,406845.0,26191,0,GEO_ORPHAN_XY_2M,,,,,,
staging.raw_idp_2024_mesures_qualite_globale,1780,2024-09-23,,S22 (Aval_conf_Sebou_ Inaoun),DBO5,545460.0,406845.0,26191,0,GEO_ORPHAN_XY_2M,,,,,,
staging.raw_idp_2024_mesures_qualite_globale,1781,2024-09-23,,S22 (Aval_conf_Sebou_ Inaoun),NTK,545460.0,406845.0,26191,0,GEO_ORPHAN_XY_2M,,,,,,
staging.raw_idp_2024_mesures_qualite_globale,1782,2024-09-23,,S22 (Aval_conf_Sebou_ Inaoun),NH4+ ,545460.0,406845.0,26191,0,GEO_ORPHAN_XY_2M,,,,,,
staging.raw_idp_2024_mesures_qualite_globale,1783,2024-09-23,,S22 (Aval_conf_Sebou_ Inaoun),PT,545460.0,406845.0,26191,0,GEO_ORPHAN_XY_2M,,,,,,
staging.raw_idp_2024_mesures_qualite_globale,1784,2024-09-23,,S22 (Aval_conf_Sebou_ Inaoun),PO43-,545460.0,406845.0,26191,0,GEO_ORPHAN_XY_2M,,,,,,
staging.raw_idp_2024_mesures_qualite_globale,1785,2024-09-23,,S22 (Aval_conf_Sebou_ Inaoun),MES,545460.0,406845.0,26191,0,GEO_ORPHAN_XY_2M,,,,,,
staging.raw_idp_2024_mesures_qualite_globale,1786,2024-09-23,,S22 (Aval_conf_Sebou_ Inaoun),Phénol,545460.0,406845.0,26191,0,GEO_ORPHAN_XY_2M,,,,,,
staging.raw_idp_2024_mesures_qualite_globale,1787,2024-09-23,,S22 (Aval_conf_Sebou_ Inaoun),"Huiles
Graisses",545460.0,406845.0,26191,0,GEO_ORPHAN_XY_2M,,,,,,
staging.raw_idp_2024_mesures_qualite_globale,1788,2024-09-23,,S22 (Aval_conf_Sebou_ Inaoun),NO3-,545460.0,406845.0,26191,0,GEO_ORPHAN_XY_2M,,,,,,
staging.raw_idp_2024_mesures_qualite_globale,1789,2024-09-23,,S22 (Aval_conf_Sebou_ Inaoun),NO2-,545460.0,406845.0,26191,0,GEO_ORPHAN_XY_2M,,,,,,
staging.raw_idp_2024_mesures_qualite_globale,1790,2024-09-23,,S22 (Aval_conf_Sebou_ Inaoun),Cl-,545460.0,406845.0,26191,0,GEO_ORPHAN_XY_2M,,,,,,
staging.raw_idp_2024_mesures_qualite_globale,1791,2024-09-23,,S22 (Aval_conf_Sebou_ Inaoun),SO4--,545460.0,406845.0,26191,0,GEO_ORPHAN_XY_2M,,,,,,
staging.raw_idp_2024_mesures_qualite_globale,1792,2024-09-23,,S22 (Aval_conf_Sebou_ Inaoun),Ca++,545460.0,406845.0,26191,0,GEO_ORPHAN_XY_2M,,,,,,
staging.raw_idp_2024_mesures_qualite_globale,1793,2024-09-23,,S22 (Aval_conf_Sebou_ Inaoun),Mg++,545460.0,406845.0,26191,0,GEO_ORPHAN_XY_2M,,,,,,
staging.raw_idp_2024_mesures_qualite_globale,1794,2024-09-23,,S22 (Aval_conf_Sebou_ Inaoun),TH,545460.0,406845.0,26191,0,GEO_ORPHAN_XY_2M,,,,,,
staging.raw_idp_2024_mesures_qualite_globale,1795,2024-09-23,,S22 (Aval_conf_Sebou_ Inaoun),Na+,545460.0,406845.0,26191,0,GEO_ORPHAN_XY_2M,,,,,,
staging.raw_idp_2024_mesures_qualite_globale,1796,2024-09-23,,S22 (Aval_conf_Sebou_ Inaoun),K+,545460.0,406845.0,26191,0,GEO_ORPHAN_XY_2M,,,,,,
staging.raw_idp_2024_mesures_qualite_globale,1797,2024-09-23,,S22 (Aval_conf_Sebou_ Inaoun),CT,545460.0,406845.0,26191,0,GEO_ORPHAN_XY_2M,,,,,,
staging.raw_idp_2024_mesures_qualite_globale,1798,2024-09-23,,S22 (Aval_conf_Sebou_ Inaoun),CF,545460.0,406845.0,26191,0,GEO_ORPHAN_XY_2M,,,,,,
staging.raw_idp_2024_mesures_qualite_globale,1799,2024-09-23,,S22 (Aval_conf_Sebou_ Inaoun),SF,545460.0,406845.0,26191,0,GEO_ORPHAN_XY_2M,,,,,,
staging.raw_idp_2024_mesures_qualite_globale,1800,2024-09-23,,S31 (Aval_Conf_Rejet_LOJ (Loulja),DCO,537565.0,409952.0,26191,0,GEO_ORPHAN_XY_2M,,,,,,
staging.raw_idp_2024_mesures_qualite_globale,1801,2024-09-23,,S31 (Aval_Conf_Rejet_LOJ (Loulja),DBO5,537565.0,409952.0,26191,0,GEO_ORPHAN_XY_2M,,,,,,
staging.raw_idp_2024_mesures_qualite_globale,1802,2024-09-23,,S31 (Aval_Conf_Rejet_LOJ (Loulja),NTK,537565.0,409952.0,26191,0,GEO_ORPHAN_XY_2M,,,,,,
staging.raw_idp_2024_mesures_qualite_globale,1803,2024-09-23,,S31 (Aval_Conf_Rejet_LOJ (Loulja),NH4+ ,537565.0,409952.0,26191,0,GEO_ORPHAN_XY_2M,,,,,,
staging.raw_idp_2024_mesures_qualite_globale,1804,2024-09-23,,S31 (Aval_Conf_Rejet_LOJ (Loulja),PT,537565.0,409952.0,26191,0,GEO_ORPHAN_XY_2M,,,,,,
staging.raw_idp_2024_mesures_qualite_globale,1805,2024-09-23,,S31 (Aval_Conf_Rejet_LOJ (Loulja),PO43-,537565.0,409952.0,26191,0,GEO_ORPHAN_XY_2M,,,,,,
staging.raw_idp_2024_mesures_qualite_globale,1806,2024-09-23,,S31 (Aval_Conf_Rejet_LOJ (Loulja),MES,537565.0,409952.0,26191,0,GEO_ORPHAN_XY_2M,,,,,,
staging.raw_idp_2024_mesures_qualite_globale,1807,2024-09-23,,S31 (Aval_Conf_Rejet_LOJ (Loulja),Phénol,537565.0,409952.0,26191,0,GEO_ORPHAN_XY_2M,,,,,,
staging.raw_idp_2024_mesures_qualite_globale,1808,2024-09-23,,S31 (Aval_Conf_Rejet_LOJ (Loulja),"Huiles
Graisses",537565.0,409952.0,26191,0,GEO_ORPHAN_XY_2M,,,,,,
staging.raw_idp_2024_mesures_qualite_globale,1809,2024-09-23,,S31 (Aval_Conf_Rejet_LOJ (Loulja),NO3-,537565.0,409952.0,26191,0,GEO_ORPHAN_XY_2M,,,,,,
staging.raw_idp_2024_mesures_qualite_globale,1810,2024-09-23,,S31 (Aval_Conf_Rejet_LOJ (Loulja),NO2-,537565.0,409952.0,26191,0,GEO_ORPHAN_XY_2M,,,,,,
staging.raw_idp_2024_mesures_qualite_globale,1811,2024-09-23,,S31 (Aval_Conf_Rejet_LOJ (Loulja),Cl-,537565.0,409952.0,26191,0,GEO_ORPHAN_XY_2M,,,,,,
staging.raw_idp_2024_mesures_qualite_globale,1812,2024-09-23,,S31 (Aval_Conf_Rejet_LOJ (Loulja),SO4--,537565.0,409952.0,26191,0,GEO_ORPHAN_XY_2M,,,,,,
staging.raw_idp_2024_mesures_qualite_globale,1813,2024-09-23,,S31 (Aval_Conf_Rejet_LOJ (Loulja),Ca++,537565.0,409952.0,26191,0,GEO_ORPHAN_XY_2M,,,,,,
staging.raw_idp_2024_mesures_qualite_globale,1814,2024-09-23,,S31 (Aval_Conf_Rejet_LOJ (Loulja),Mg++,537565.0,409952.0,26191,0,GEO_ORPHAN_XY_2M,,,,,,
staging.raw_idp_2024_mesures_qualite_globale,1815,2024-09-23,,S31 (Aval_Conf_Rejet_LOJ (Loulja),TH,537565.0,409952.0,26191,0,GEO_ORPHAN_XY_2M,,,,,,
staging.raw_idp_2024_mesures_qualite_globale,1816,2024-09-23,,S31 (Aval_Conf_Rejet_LOJ (Loulja),Na+,537565.0,409952.0,26191,0,GEO_ORPHAN_XY_2M,,,,,,
staging.raw_idp_2024_mesures_qualite_globale,1817,2024-09-23,,S31 (Aval_Conf_Rejet_LOJ (Loulja),K+,537565.0,409952.0,26191,0,GEO_ORPHAN_XY_2M,,,,,,
staging.raw_idp_2024_mesures_qualite_globale,1818,2024-09-23,,S31 (Aval_Conf_Rejet_LOJ (Loulja),CT,537565.0,409952.0,26191,0,GEO_ORPHAN_XY_2M,,,,,,
staging.raw_idp_2024_mesures_qualite_globale,1819,2024-09-23,,S31 (Aval_Conf_Rejet_LOJ (Loulja),CF,537565.0,409952.0,26191,0,GEO_ORPHAN_XY_2M,,,,,,
staging.raw_idp_2024_mesures_qualite_globale,1820,2024-09-23,,S31 (Aval_Conf_Rejet_LOJ (Loulja),SF,537565.0,409952.0,26191,0,GEO_ORPHAN_XY_2M,,,,,,
staging.raw_idp_2024_mesures_qualite_globale,1862,2024-09-24,,S25 (Aval_Conf_Rejet_LMJ (Lamjaara),DCO,513544.0,443140.0,26191,0,GEO_ORPHAN_XY_2M,,,,,,
staging.raw_idp_2024_mesures_qualite_globale,1863,2024-09-24,,S25 (Aval_Conf_Rejet_LMJ (Lamjaara),DBO5,513544.0,443140.0,26191,0,GEO_ORPHAN_XY_2M,,,,,,
staging.raw_idp_2024_mesures_qualite_globale,1864,2024-09-24,,S25 (Aval_Conf_Rejet_LMJ (Lamjaara),NTK,513544.0,443140.0,26191,0,GEO_ORPHAN_XY_2M,,,,,,
staging.raw_idp_2024_mesures_qualite_globale,1865,2024-09-24,,S25 (Aval_Conf_Rejet_LMJ (Lamjaara),NH4+ ,513544.0,443140.0,26191,0,GEO_ORPHAN_XY_2M,,,,,,
staging.raw_idp_2024_mesures_qualite_globale,1866,2024-09-24,,S25 (Aval_Conf_Rejet_LMJ (Lamjaara),PT,513544.0,443140.0,26191,0,GEO_ORPHAN_XY_2M,,,,,,
staging.raw_idp_2024_mesures_qualite_globale,1867,2024-09-24,,S25 (Aval_Conf_Rejet_LMJ (Lamjaara),PO43-,513544.0,443140.0,26191,0,GEO_ORPHAN_XY_2M,,,,,,
staging.raw_idp_2024_mesures_qualite_globale,1868,2024-09-24,,S25 (Aval_Conf_Rejet_LMJ (Lamjaara),MES,513544.0,443140.0,26191,0,GEO_ORPHAN_XY_2M,,,,,,
staging.raw_idp_2024_mesures_qualite_globale,1869,2024-09-24,,S25 (Aval_Conf_Rejet_LMJ (Lamjaara),Phénol,513544.0,443140.0,26191,0,GEO_ORPHAN_XY_2M,,,,,,
staging.raw_idp_2024_mesures_qualite_globale,1870,2024-09-24,,S25 (Aval_Conf_Rejet_LMJ (Lamjaara),"Huiles
Graisses",513544.0,443140.0,26191,0,GEO_ORPHAN_XY_2M,,,,,,
staging.raw_idp_2024_mesures_qualite_globale,1871,2024-09-24,,S25 (Aval_Conf_Rejet_LMJ (Lamjaara),NO3-,513544.0,443140.0,26191,0,GEO_ORPHAN_XY_2M,,,,,,
staging.raw_idp_2024_mesures_qualite_globale,1872,2024-09-24,,S25 (Aval_Conf_Rejet_LMJ (Lamjaara),NO2-,513544.0,443140.0,26191,0,GEO_ORPHAN_XY_2M,,,,,,
staging.raw_idp_2024_mesures_qualite_globale,1873,2024-09-24,,S25 (Aval_Conf_Rejet_LMJ (Lamjaara),Cl-,513544.0,443140.0,26191,0,GEO_ORPHAN_XY_2M,,,,,,
staging.raw_idp_2024_mesures_qualite_globale,1874,2024-09-24,,S25 (Aval_Conf_Rejet_LMJ (Lamjaara),SO4--,513544.0,443140.0,26191,0,GEO_ORPHAN_XY_2M,,,,,,
staging.raw_idp_2024_mesures_qualite_globale,1875,2024-09-24,,S25 (Aval_Conf_Rejet_LMJ (Lamjaara),Ca++,513544.0,443140.0,26191,0,GEO_ORPHAN_XY_2M,,,,,,
staging.raw_idp_2024_mesures_qualite_globale,1876,2024-09-24,,S25 (Aval_Conf_Rejet_LMJ (Lamjaara),Mg++,513544.0,443140.0,26191,0,GEO_ORPHAN_XY_2M,,,,,,
staging.raw_idp_2024_mesures_qualite_globale,1877,2024-09-24,,S25 (Aval_Conf_Rejet_LMJ (Lamjaara),TH,513544.0,443140.0,26191,0,GEO_ORPHAN_XY_2M,,,,,,
staging.raw_idp_2024_mesures_qualite_globale,1878,2024-09-24,,S25 (Aval_Conf_Rejet_LMJ (Lamjaara),Na+,513544.0,443140.0,26191,0,GEO_ORPHAN_XY_2M,,,,,,
staging.raw_idp_2024_mesures_qualite_globale,1879,2024-09-24,,S25 (Aval_Conf_Rejet_LMJ (Lamjaara),K+,513544.0,443140.0,26191,0,GEO_ORPHAN_XY_2M,,,,,,
staging.raw_idp_2024_mesures_qualite_globale,1880,2024-09-24,,S25 (Aval_Conf_Rejet_LMJ (Lamjaara),CT,513544.0,443140.0,26191,0,GEO_ORPHAN_XY_2M,,,,,,
staging.raw_idp_2024_mesures_qualite_globale,1881,2024-09-24,,S25 (Aval_Conf_Rejet_LMJ (Lamjaara),CF,513544.0,443140.0,26191,0,GEO_ORPHAN_XY_2M,,,,,,
staging.raw_idp_2024_mesures_qualite_globale,1882,2024-09-24,,S25 (Aval_Conf_Rejet_LMJ (Lamjaara),SF,513544.0,443140.0,26191,0,GEO_ORPHAN_XY_2M,,,,,,
staging.raw_idp_2024_mesures_qualite_globale,1921,2025-10-13,,AVAL VILLAGE AIT SIBERNE,DCO,451926.0,365389.0,26191,0,GEO_ORPHAN_XY_2M,,,,,,
staging.raw_idp_2024_mesures_qualite_globale,1922,2025-10-13,,AVAL VILLAGE AIT SIBERNE,DBO5,451926.0,365389.0,26191,0,GEO_ORPHAN_XY_2M,,,,,,
staging.raw_idp_2024_mesures_qualite_globale,1923,2025-10-13,,AVAL VILLAGE AIT SIBERNE,NTK,451926.0,365389.0,26191,0,GEO_ORPHAN_XY_2M,,,,,,
staging.raw_idp_2024_mesures_qualite_globale,1924,2025-10-13,,AVAL VILLAGE AIT SIBERNE,NH4+ ,451926.0,365389.0,26191,0,GEO_ORPHAN_XY_2M,,,,,,
staging.raw_idp_2024_mesures_qualite_globale,1925,2025-10-13,,AVAL VILLAGE AIT SIBERNE,PT,451926.0,365389.0,26191,0,GEO_ORPHAN_XY_2M,,,,,,
staging.raw_idp_2024_mesures_qualite_globale,1926,2025-10-13,,AVAL VILLAGE AIT SIBERNE,PO43-,451926.0,365389.0,26191,0,GEO_ORPHAN_XY_2M,,,,,,
staging.raw_idp_2024_mesures_qualite_globale,1927,2025-10-13,,AVAL VILLAGE AIT SIBERNE,MES,451926.0,365389.0,26191,0,GEO_ORPHAN_XY_2M,,,,,,
staging.raw_idp_2024_mesures_qualite_globale,1928,2025-10-13,,AVAL VILLAGE AIT SIBERNE,Phénol,451926.0,365389.0,26191,0,GEO_ORPHAN_XY_2M,,,,,,
staging.raw_idp_2024_mesures_qualite_globale,1929,2025-10-13,,AVAL VILLAGE AIT SIBERNE,"Huiles
Graisses",451926.0,365389.0,26191,0,GEO_ORPHAN_XY_2M,,,,,,
staging.raw_idp_2024_mesures_qualite_globale,1930,2025-10-13,,AVAL VILLAGE AIT SIBERNE,NO3-,451926.0,365389.0,26191,0,GEO_ORPHAN_XY_2M,,,,,,
staging.raw_idp_2024_mesures_qualite_globale,1931,2025-10-13,,AVAL VILLAGE AIT SIBERNE,NO2-,451926.0,365389.0,26191,0,GEO_ORPHAN_XY_2M,,,,,,
staging.raw_idp_2024_mesures_qualite_globale,1932,2025-10-13,,AVAL VILLAGE AIT SIBERNE,Cl-,451926.0,365389.0,26191,0,GEO_ORPHAN_XY_2M,,,,,,
staging.raw_idp_2024_mesures_qualite_globale,1933,2025-10-13,,AVAL VILLAGE AIT SIBERNE,SO4--,451926.0,365389.0,26191,0,GEO_ORPHAN_XY_2M,,,,,,
staging.raw_idp_2024_mesures_qualite_globale,1934,2025-10-13,,AVAL VILLAGE AIT SIBERNE,Ca++,451926.0,365389.0,26191,0,GEO_ORPHAN_XY_2M,,,,,,
staging.raw_idp_2024_mesures_qualite_globale,1935,2025-10-13,,AVAL VILLAGE AIT SIBERNE,Mg++,451926.0,365389.0,26191,0,GEO_ORPHAN_XY_2M,,,,,,
staging.raw_idp_2024_mesures_qualite_globale,1936,2025-10-13,,AVAL VILLAGE AIT SIBERNE,TH,451926.0,365389.0,26191,0,GEO_ORPHAN_XY_2M,,,,,,
staging.raw_idp_2024_mesures_qualite_globale,1937,2025-10-13,,AVAL VILLAGE AIT SIBERNE,Na+,451926.0,365389.0,26191,0,GEO_ORPHAN_XY_2M,,,,,,
staging.raw_idp_2024_mesures_qualite_globale,1938,2025-10-13,,AVAL VILLAGE AIT SIBERNE,K+,451926.0,365389.0,26191,0,GEO_ORPHAN_XY_2M,,,,,,
staging.raw_idp_2024_mesures_qualite_globale,1939,2025-10-13,,AVAL VILLAGE AIT SIBERNE,Ag,451926.0,365389.0,26191,0,GEO_ORPHAN_XY_2M,,,,,,
staging.raw_idp_2024_mesures_qualite_globale,1940,2025-10-13,,AVAL VILLAGE AIT SIBERNE,Al,451926.0,365389.0,26191,0,GEO_ORPHAN_XY_2M,,,,,,
staging.raw_idp_2024_mesures_qualite_globale,1941,2025-10-13,,AVAL VILLAGE AIT SIBERNE,As,451926.0,365389.0,26191,0,GEO_ORPHAN_XY_2M,,,,,,
staging.raw_idp_2024_mesures_qualite_globale,1942,2025-10-13,,AVAL VILLAGE AIT SIBERNE,Ba,451926.0,365389.0,26191,0,GEO_ORPHAN_XY_2M,,,,,,
staging.raw_idp_2024_mesures_qualite_globale,1943,2025-10-13,,AVAL VILLAGE AIT SIBERNE,Be,451926.0,365389.0,26191,0,GEO_ORPHAN_XY_2M,,,,,,
staging.raw_idp_2024_mesures_qualite_globale,1944,2025-10-13,,AVAL VILLAGE AIT SIBERNE,Cd,451926.0,365389.0,26191,0,GEO_ORPHAN_XY_2M,,,,,,
staging.raw_idp_2024_mesures_qualite_globale,1945,2025-10-13,,AVAL VILLAGE AIT SIBERNE,Co,451926.0,365389.0,26191,0,GEO_ORPHAN_XY_2M,,,,,,
staging.raw_idp_2024_mesures_qualite_globale,1946,2025-10-13,,AVAL VILLAGE AIT SIBERNE,CrT,451926.0,365389.0,26191,0,GEO_ORPHAN_XY_2M,,,,,,
staging.raw_idp_2024_mesures_qualite_globale,1947,2025-10-13,,AVAL VILLAGE AIT SIBERNE,Cu,451926.0,365389.0,26191,0,GEO_ORPHAN_XY_2M,,,,,,
staging.raw_idp_2024_mesures_qualite_globale,1948,2025-10-13,,AVAL VILLAGE AIT SIBERNE,Fe,451926.0,365389.0,26191,0,GEO_ORPHAN_XY_2M,,,,,,
staging.raw_idp_2024_mesures_qualite_globale,1949,2025-10-13,,AVAL VILLAGE AIT SIBERNE,Hg,451926.0,365389.0,26191,0,GEO_ORPHAN_XY_2M,,,,,,
staging.raw_idp_2024_mesures_qualite_globale,1950,2025-10-13,,AVAL VILLAGE AIT SIBERNE,Mn,451926.0,365389.0,26191,0,GEO_ORPHAN_XY_2M,,,,,,
staging.raw_idp_2024_mesures_qualite_globale,1951,2025-10-13,,AVAL VILLAGE AIT SIBERNE,Mo,451926.0,365389.0,26191,0,GEO_ORPHAN_XY_2M,,,,,,
staging.raw_idp_2024_mesures_qualite_globale,1952,2025-10-13,,AVAL VILLAGE AIT SIBERNE,Ni,451926.0,365389.0,26191,0,GEO_ORPHAN_XY_2M,,,,,,
staging.raw_idp_2024_mesures_qualite_globale,1953,2025-10-13,,AVAL VILLAGE AIT SIBERNE,Pb,451926.0,365389.0,26191,0,GEO_ORPHAN_XY_2M,,,,,,
staging.raw_idp_2024_mesures_qualite_globale,1954,2025-10-13,,AVAL VILLAGE AIT SIBERNE,Sb,451926.0,365389.0,26191,0,GEO_ORPHAN_XY_2M,,,,,,
staging.raw_idp_2024_mesures_qualite_globale,1955,2025-10-13,,AVAL VILLAGE AIT SIBERNE,Se,451926.0,365389.0,26191,0,GEO_ORPHAN_XY_2M,,,,,,
staging.raw_idp_2024_mesures_qualite_globale,1956,2025-10-13,,AVAL VILLAGE AIT SIBERNE,Tl,451926.0,365389.0,26191,0,GEO_ORPHAN_XY_2M,,,,,,
staging.raw_idp_2024_mesures_qualite_globale,1957,2025-10-13,,AVAL VILLAGE AIT SIBERNE,Sn,451926.0,365389.0,26191,0,GEO_ORPHAN_XY_2M,,,,,,
staging.raw_idp_2024_mesures_qualite_globale,1958,2025-10-13,,AVAL VILLAGE AIT SIBERNE,V,451926.0,365389.0,26191,0,GEO_ORPHAN_XY_2M,,,,,,
staging.raw_idp_2024_mesures_qualite_globale,1959,2025-10-13,,AVAL VILLAGE AIT SIBERNE,Zn,451926.0,365389.0,26191,0,GEO_ORPHAN_XY_2M,,,,,,
staging.raw_idp_2024_mesures_qualite_globale,1960,2025-10-13,,AVAL VILLAGE AIT SIBERNE,Li,451926.0,365389.0,26191,0,GEO_ORPHAN_XY_2M,,,,,,
staging.raw_idp_2024_mesures_qualite_globale,1961,2025-10-13,,AVAL VILLAGE AIT SIBERNE,CT,451926.0,365389.0,26191,0,GEO_ORPHAN_XY_2M,,,,,,
staging.raw_idp_2024_mesures_qualite_globale,1962,2025-10-13,,AVAL VILLAGE AIT SIBERNE,CF,451926.0,365389.0,26191,0,GEO_ORPHAN_XY_2M,,,,,,
staging.raw_idp_2024_mesures_qualite_globale,1963,2025-10-13,,AVAL VILLAGE AIT SIBERNE,SF,451926.0,365389.0,26191,0,GEO_ORPHAN_XY_2M,,,,,,
staging.raw_idp_2024_mesures_qualite_globale,1964,2025-10-13,,MERJA FOUARATE,DCO,393481.0,408618.0,26191,0,GEO_ORPHAN_XY_2M,,,,,,
staging.raw_idp_2024_mesures_qualite_globale,1965,2025-10-13,,MERJA FOUARATE,DBO5,393481.0,408618.0,26191,0,GEO_ORPHAN_XY_2M,,,,,,
staging.raw_idp_2024_mesures_qualite_globale,1966,2025-10-13,,MERJA FOUARATE,NTK,393481.0,408618.0,26191,0,GEO_ORPHAN_XY_2M,,,,,,
staging.raw_idp_2024_mesures_qualite_globale,1967,2025-10-13,,MERJA FOUARATE,NH4+ ,393481.0,408618.0,26191,0,GEO_ORPHAN_XY_2M,,,,,,
staging.raw_idp_2024_mesures_qualite_globale,1968,2025-10-13,,MERJA FOUARATE,PT,393481.0,408618.0,26191,0,GEO_ORPHAN_XY_2M,,,,,,
staging.raw_idp_2024_mesures_qualite_globale,1969,2025-10-13,,MERJA FOUARATE,PO43-,393481.0,408618.0,26191,0,GEO_ORPHAN_XY_2M,,,,,,
staging.raw_idp_2024_mesures_qualite_globale,1970,2025-10-13,,MERJA FOUARATE,MES,393481.0,408618.0,26191,0,GEO_ORPHAN_XY_2M,,,,,,
staging.raw_idp_2024_mesures_qualite_globale,1971,2025-10-13,,MERJA FOUARATE,Phénol,393481.0,408618.0,26191,0,GEO_ORPHAN_XY_2M,,,,,,
staging.raw_idp_2024_mesures_qualite_globale,1972,2025-10-13,,MERJA FOUARATE,"Huiles
Graisses",393481.0,408618.0,26191,0,GEO_ORPHAN_XY_2M,,,,,,
staging.raw_idp_2024_mesures_qualite_globale,1973,2025-10-13,,MERJA FOUARATE,NO3-,393481.0,408618.0,26191,0,GEO_ORPHAN_XY_2M,,,,,,
staging.raw_idp_2024_mesures_qualite_globale,1974,2025-10-13,,MERJA FOUARATE,NO2-,393481.0,408618.0,26191,0,GEO_ORPHAN_XY_2M,,,,,,
staging.raw_idp_2024_mesures_qualite_globale,1975,2025-10-13,,MERJA FOUARATE,Cl-,393481.0,408618.0,26191,0,GEO_ORPHAN_XY_2M,,,,,,
staging.raw_idp_2024_mesures_qualite_globale,1976,2025-10-13,,MERJA FOUARATE,SO4--,393481.0,408618.0,26191,0,GEO_ORPHAN_XY_2M,,,,,,
staging.raw_idp_2024_mesures_qualite_globale,1977,2025-10-13,,MERJA FOUARATE,Ca++,393481.0,408618.0,26191,0,GEO_ORPHAN_XY_2M,,,,,,
staging.raw_idp_2024_mesures_qualite_globale,1978,2025-10-13,,MERJA FOUARATE,Mg++,393481.0,408618.0,26191,0,GEO_ORPHAN_XY_2M,,,,,,
staging.raw_idp_2024_mesures_qualite_globale,1979,2025-10-13,,MERJA FOUARATE,TH,393481.0,408618.0,26191,0,GEO_ORPHAN_XY_2M,,,,,,
staging.raw_idp_2024_mesures_qualite_globale,1980,2025-10-13,,MERJA FOUARATE,Na+,393481.0,408618.0,26191,0,GEO_ORPHAN_XY_2M,,,,,,
staging.raw_idp_2024_mesures_qualite_globale,1981,2025-10-13,,MERJA FOUARATE,K+,393481.0,408618.0,26191,0,GEO_ORPHAN_XY_2M,,,,,,
staging.raw_idp_2024_mesures_qualite_globale,1982,2025-10-13,,MERJA FOUARATE,Ag,393481.0,408618.0,26191,0,GEO_ORPHAN_XY_2M,,,,,,
staging.raw_idp_2024_mesures_qualite_globale,1983,2025-10-13,,MERJA FOUARATE,Al,393481.0,408618.0,26191,0,GEO_ORPHAN_XY_2M,,,,,,
staging.raw_idp_2024_mesures_qualite_globale,1984,2025-10-13,,MERJA FOUARATE,As,393481.0,408618.0,26191,0,GEO_ORPHAN_XY_2M,,,,,,
staging.raw_idp_2024_mesures_qualite_globale,1985,2025-10-13,,MERJA FOUARATE,Ba,393481.0,408618.0,26191,0,GEO_ORPHAN_XY_2M,,,,,,
staging.raw_idp_2024_mesures_qualite_globale,1986,2025-10-13,,MERJA FOUARATE,Be,393481.0,408618.0,26191,0,GEO_ORPHAN_XY_2M,,,,,,
staging.raw_idp_2024_mesures_qualite_globale,1987,2025-10-13,,MERJA FOUARATE,Cd,393481.0,408618.0,26191,0,GEO_ORPHAN_XY_2M,,,,,,
staging.raw_idp_2024_mesures_qualite_globale,1988,2025-10-13,,MERJA FOUARATE,Co,393481.0,408618.0,26191,0,GEO_ORPHAN_XY_2M,,,,,,
staging.raw_idp_2024_mesures_qualite_globale,1989,2025-10-13,,MERJA FOUARATE,CrT,393481.0,408618.0,26191,0,GEO_ORPHAN_XY_2M,,,,,,
staging.raw_idp_2024_mesures_qualite_globale,1990,2025-10-13,,MERJA FOUARATE,Cu,393481.0,408618.0,26191,0,GEO_ORPHAN_XY_2M,,,,,,
staging.raw_idp_2024_mesures_qualite_globale,1991,2025-10-13,,MERJA FOUARATE,Fe,393481.0,408618.0,26191,0,GEO_ORPHAN_XY_2M,,,,,,
staging.raw_idp_2024_mesures_qualite_globale,1992,2025-10-13,,MERJA FOUARATE,Hg,393481.0,408618.0,26191,0,GEO_ORPHAN_XY_2M,,,,,,
staging.raw_idp_2024_mesures_qualite_globale,1993,2025-10-13,,MERJA FOUARATE,Mn,393481.0,408618.0,26191,0,GEO_ORPHAN_XY_2M,,,,,,
staging.raw_idp_2024_mesures_qualite_globale,1994,2025-10-13,,MERJA FOUARATE,Mo,393481.0,408618.0,26191,0,GEO_ORPHAN_XY_2M,,,,,,
staging.raw_idp_2024_mesures_qualite_globale,1995,2025-10-13,,MERJA FOUARATE,Ni,393481.0,408618.0,26191,0,GEO_ORPHAN_XY_2M,,,,,,
staging.raw_idp_2024_mesures_qualite_globale,1996,2025-10-13,,MERJA FOUARATE,Pb,393481.0,408618.0,26191,0,GEO_ORPHAN_XY_2M,,,,,,
staging.raw_idp_2024_mesures_qualite_globale,1997,2025-10-13,,MERJA FOUARATE,Sb,393481.0,408618.0,26191,0,GEO_ORPHAN_XY_2M,,,,,,
staging.raw_idp_2024_mesures_qualite_globale,1998,2025-10-13,,MERJA FOUARATE,Se,393481.0,408618.0,26191,0,GEO_ORPHAN_XY_2M,,,,,,
staging.raw_idp_2024_mesures_qualite_globale,1999,2025-10-13,,MERJA FOUARATE,Tl,393481.0,408618.0,26191,0,GEO_ORPHAN_XY_2M,,,,,,
staging.raw_idp_2024_mesures_qualite_globale,2000,2025-10-13,,MERJA FOUARATE,Sn,393481.0,408618.0,26191,0,GEO_ORPHAN_XY_2M,,,,,,
staging.raw_idp_2024_mesures_qualite_globale,2001,2025-10-13,,MERJA FOUARATE,V,393481.0,408618.0,26191,0,GEO_ORPHAN_XY_2M,,,,,,
staging.raw_idp_2024_mesures_qualite_globale,2002,2025-10-13,,MERJA FOUARATE,Zn,393481.0,408618.0,26191,0,GEO_ORPHAN_XY_2M,,,,,,
staging.raw_idp_2024_mesures_qualite_globale,2003,2025-10-13,,MERJA FOUARATE,Li,393481.0,408618.0,26191,0,GEO_ORPHAN_XY_2M,,,,,,
staging.raw_idp_2024_mesures_qualite_globale,2004,2025-10-13,,MERJA FOUARATE,CT,393481.0,408618.0,26191,0,GEO_ORPHAN_XY_2M,,,,,,
staging.raw_idp_2024_mesures_qualite_globale,2005,2025-10-13,,MERJA FOUARATE,CF,393481.0,408618.0,26191,0,GEO_ORPHAN_XY_2M,,,,,,
staging.raw_idp_2024_mesures_qualite_globale,2006,2025-10-13,,MERJA FOUARATE,SF,393481.0,408618.0,26191,0,GEO_ORPHAN_XY_2M,,,,,,
staging.raw_idp_2024_mesures_qualite_globale,2086,2025-10-14,,PT. O. BEHT AVAL BIORISINE,DCO,451016.0,406792.0,26191,0,GEO_ORPHAN_XY_2M,,,,,,
staging.raw_idp_2024_mesures_qualite_globale,2087,2025-10-14,,PT. O. BEHT AVAL BIORISINE,DBO5,451016.0,406792.0,26191,0,GEO_ORPHAN_XY_2M,,,,,,
staging.raw_idp_2024_mesures_qualite_globale,2088,2025-10-14,,PT. O. BEHT AVAL BIORISINE,NTK,451016.0,406792.0,26191,0,GEO_ORPHAN_XY_2M,,,,,,
staging.raw_idp_2024_mesures_qualite_globale,2089,2025-10-14,,PT. O. BEHT AVAL BIORISINE,NH4+ ,451016.0,406792.0,26191,0,GEO_ORPHAN_XY_2M,,,,,,
staging.raw_idp_2024_mesures_qualite_globale,2090,2025-10-14,,PT. O. BEHT AVAL BIORISINE,PT,451016.0,406792.0,26191,0,GEO_ORPHAN_XY_2M,,,,,,
staging.raw_idp_2024_mesures_qualite_globale,2091,2025-10-14,,PT. O. BEHT AVAL BIORISINE,PO43-,451016.0,406792.0,26191,0,GEO_ORPHAN_XY_2M,,,,,,
staging.raw_idp_2024_mesures_qualite_globale,2092,2025-10-14,,PT. O. BEHT AVAL BIORISINE,MES,451016.0,406792.0,26191,0,GEO_ORPHAN_XY_2M,,,,,,
staging.raw_idp_2024_mesures_qualite_globale,2093,2025-10-14,,PT. O. BEHT AVAL BIORISINE,Phénol,451016.0,406792.0,26191,0,GEO_ORPHAN_XY_2M,,,,,,
staging.raw_idp_2024_mesures_qualite_globale,2094,2025-10-14,,PT. O. BEHT AVAL BIORISINE,"Huiles
Graisses",451016.0,406792.0,26191,0,GEO_ORPHAN_XY_2M,,,,,,
staging.raw_idp_2024_mesures_qualite_globale,2095,2025-10-14,,PT. O. BEHT AVAL BIORISINE,NO3-,451016.0,406792.0,26191,0,GEO_ORPHAN_XY_2M,,,,,,
staging.raw_idp_2024_mesures_qualite_globale,2096,2025-10-14,,PT. O. BEHT AVAL BIORISINE,NO2-,451016.0,406792.0,26191,0,GEO_ORPHAN_XY_2M,,,,,,
staging.raw_idp_2024_mesures_qualite_globale,2097,2025-10-14,,PT. O. BEHT AVAL BIORISINE,Cl-,451016.0,406792.0,26191,0,GEO_ORPHAN_XY_2M,,,,,,
staging.raw_idp_2024_mesures_qualite_globale,2098,2025-10-14,,PT. O. BEHT AVAL BIORISINE,SO4--,451016.0,406792.0,26191,0,GEO_ORPHAN_XY_2M,,,,,,
staging.raw_idp_2024_mesures_qualite_globale,2099,2025-10-14,,PT. O. BEHT AVAL BIORISINE,Ca++,451016.0,406792.0,26191,0,GEO_ORPHAN_XY_2M,,,,,,
staging.raw_idp_2024_mesures_qualite_globale,2100,2025-10-14,,PT. O. BEHT AVAL BIORISINE,Mg++,451016.0,406792.0,26191,0,GEO_ORPHAN_XY_2M,,,,,,
staging.raw_idp_2024_mesures_qualite_globale,2101,2025-10-14,,PT. O. BEHT AVAL BIORISINE,TH,451016.0,406792.0,26191,0,GEO_ORPHAN_XY_2M,,,,,,
staging.raw_idp_2024_mesures_qualite_globale,2102,2025-10-14,,PT. O. BEHT AVAL BIORISINE,Na+,451016.0,406792.0,26191,0,GEO_ORPHAN_XY_2M,,,,,,
staging.raw_idp_2024_mesures_qualite_globale,2103,2025-10-14,,PT. O. BEHT AVAL BIORISINE,K+,451016.0,406792.0,26191,0,GEO_ORPHAN_XY_2M,,,,,,
staging.raw_idp_2024_mesures_qualite_globale,2104,2025-10-14,,PT. O. BEHT AVAL BIORISINE,Ag,451016.0,406792.0,26191,0,GEO_ORPHAN_XY_2M,,,,,,
staging.raw_idp_2024_mesures_qualite_globale,2105,2025-10-14,,PT. O. BEHT AVAL BIORISINE,Al,451016.0,406792.0,26191,0,GEO_ORPHAN_XY_2M,,,,,,
staging.raw_idp_2024_mesures_qualite_globale,2106,2025-10-14,,PT. O. BEHT AVAL BIORISINE,As,451016.0,406792.0,26191,0,GEO_ORPHAN_XY_2M,,,,,,
staging.raw_idp_2024_mesures_qualite_globale,2107,2025-10-14,,PT. O. BEHT AVAL BIORISINE,Ba,451016.0,406792.0,26191,0,GEO_ORPHAN_XY_2M,,,,,,
staging.raw_idp_2024_mesures_qualite_globale,2108,2025-10-14,,PT. O. BEHT AVAL BIORISINE,Be,451016.0,406792.0,26191,0,GEO_ORPHAN_XY_2M,,,,,,
staging.raw_idp_2024_mesures_qualite_globale,2109,2025-10-14,,PT. O. BEHT AVAL BIORISINE,Cd,451016.0,406792.0,26191,0,GEO_ORPHAN_XY_2M,,,,,,
staging.raw_idp_2024_mesures_qualite_globale,2110,2025-10-14,,PT. O. BEHT AVAL BIORISINE,Co,451016.0,406792.0,26191,0,GEO_ORPHAN_XY_2M,,,,,,
staging.raw_idp_2024_mesures_qualite_globale,2111,2025-10-14,,PT. O. BEHT AVAL BIORISINE,CrT,451016.0,406792.0,26191,0,GEO_ORPHAN_XY_2M,,,,,,
staging.raw_idp_2024_mesures_qualite_globale,2112,2025-10-14,,PT. O. BEHT AVAL BIORISINE,Cu,451016.0,406792.0,26191,0,GEO_ORPHAN_XY_2M,,,,,,
staging.raw_idp_2024_mesures_qualite_globale,2113,2025-10-14,,PT. O. BEHT AVAL BIORISINE,Fe,451016.0,406792.0,26191,0,GEO_ORPHAN_XY_2M,,,,,,
staging.raw_idp_2024_mesures_qualite_globale,2114,2025-10-14,,PT. O. BEHT AVAL BIORISINE,Hg,451016.0,406792.0,26191,0,GEO_ORPHAN_XY_2M,,,,,,
staging.raw_idp_2024_mesures_qualite_globale,2115,2025-10-14,,PT. O. BEHT AVAL BIORISINE,Mn,451016.0,406792.0,26191,0,GEO_ORPHAN_XY_2M,,,,,,
staging.raw_idp_2024_mesures_qualite_globale,2116,2025-10-14,,PT. O. BEHT AVAL BIORISINE,Mo,451016.0,406792.0,26191,0,GEO_ORPHAN_XY_2M,,,,,,
staging.raw_idp_2024_mesures_qualite_globale,2117,2025-10-14,,PT. O. BEHT AVAL BIORISINE,Ni,451016.0,406792.0,26191,0,GEO_ORPHAN_XY_2M,,,,,,
staging.raw_idp_2024_mesures_qualite_globale,2118,2025-10-14,,PT. O. BEHT AVAL BIORISINE,Pb,451016.0,406792.0,26191,0,GEO_ORPHAN_XY_2M,,,,,,
staging.raw_idp_2024_mesures_qualite_globale,2119,2025-10-14,,PT. O. BEHT AVAL BIORISINE,Sb,451016.0,406792.0,26191,0,GEO_ORPHAN_XY_2M,,,,,,
staging.raw_idp_2024_mesures_qualite_globale,2120,2025-10-14,,PT. O. BEHT AVAL BIORISINE,Se,451016.0,406792.0,26191,0,GEO_ORPHAN_XY_2M,,,,,,
staging.raw_idp_2024_mesures_qualite_globale,2121,2025-10-14,,PT. O. BEHT AVAL BIORISINE,Tl,451016.0,406792.0,26191,0,GEO_ORPHAN_XY_2M,,,,,,
staging.raw_idp_2024_mesures_qualite_globale,2122,2025-10-14,,PT. O. BEHT AVAL BIORISINE,Sn,451016.0,406792.0,26191,0,GEO_ORPHAN_XY_2M,,,,,,
staging.raw_idp_2024_mesures_qualite_globale,2123,2025-10-14,,PT. O. BEHT AVAL BIORISINE,V,451016.0,406792.0,26191,0,GEO_ORPHAN_XY_2M,,,,,,
staging.raw_idp_2024_mesures_qualite_globale,2124,2025-10-14,,PT. O. BEHT AVAL BIORISINE,Zn,451016.0,406792.0,26191,0,GEO_ORPHAN_XY_2M,,,,,,
staging.raw_idp_2024_mesures_qualite_globale,2125,2025-10-14,,PT. O. BEHT AVAL BIORISINE,Li,451016.0,406792.0,26191,0,GEO_ORPHAN_XY_2M,,,,,,
staging.raw_idp_2024_mesures_qualite_globale,2126,2025-10-14,,PT. O. BEHT AVAL BIORISINE,CT,451016.0,406792.0,26191,0,GEO_ORPHAN_XY_2M,,,,,,
staging.raw_idp_2024_mesures_qualite_globale,2127,2025-10-14,,PT. O. BEHT AVAL BIORISINE,CF,451016.0,406792.0,26191,0,GEO_ORPHAN_XY_2M,,,,,,
staging.raw_idp_2024_mesures_qualite_globale,2128,2025-10-14,,PT. O. BEHT AVAL BIORISINE,SF,451016.0,406792.0,26191,0,GEO_ORPHAN_XY_2M,,,,,,
staging.raw_idp_2024_mesures_qualite_globale,2129,2025-10-14,,Aval STEP (Aval Conf. Chaaba avec Oued Tiflet),DCO,415784.0,370014.0,26191,0,GEO_ORPHAN_XY_2M,,,,,,
staging.raw_idp_2024_mesures_qualite_globale,2130,2025-10-14,,Aval STEP (Aval Conf. Chaaba avec Oued Tiflet),DBO5,415784.0,370014.0,26191,0,GEO_ORPHAN_XY_2M,,,,,,
staging.raw_idp_2024_mesures_qualite_globale,2131,2025-10-14,,Aval STEP (Aval Conf. Chaaba avec Oued Tiflet),NTK,415784.0,370014.0,26191,0,GEO_ORPHAN_XY_2M,,,,,,
staging.raw_idp_2024_mesures_qualite_globale,2132,2025-10-14,,Aval STEP (Aval Conf. Chaaba avec Oued Tiflet),NH4+ ,415784.0,370014.0,26191,0,GEO_ORPHAN_XY_2M,,,,,,
staging.raw_idp_2024_mesures_qualite_globale,2133,2025-10-14,,Aval STEP (Aval Conf. Chaaba avec Oued Tiflet),PT,415784.0,370014.0,26191,0,GEO_ORPHAN_XY_2M,,,,,,
staging.raw_idp_2024_mesures_qualite_globale,2134,2025-10-14,,Aval STEP (Aval Conf. Chaaba avec Oued Tiflet),PO43-,415784.0,370014.0,26191,0,GEO_ORPHAN_XY_2M,,,,,,
staging.raw_idp_2024_mesures_qualite_globale,2135,2025-10-14,,Aval STEP (Aval Conf. Chaaba avec Oued Tiflet),MES,415784.0,370014.0,26191,0,GEO_ORPHAN_XY_2M,,,,,,
staging.raw_idp_2024_mesures_qualite_globale,2136,2025-10-14,,Aval STEP (Aval Conf. Chaaba avec Oued Tiflet),Phénol,415784.0,370014.0,26191,0,GEO_ORPHAN_XY_2M,,,,,,
staging.raw_idp_2024_mesures_qualite_globale,2137,2025-10-14,,Aval STEP (Aval Conf. Chaaba avec Oued Tiflet),"Huiles
Graisses",415784.0,370014.0,26191,0,GEO_ORPHAN_XY_2M,,,,,,
staging.raw_idp_2024_mesures_qualite_globale,2138,2025-10-14,,Aval STEP (Aval Conf. Chaaba avec Oued Tiflet),NO3-,415784.0,370014.0,26191,0,GEO_ORPHAN_XY_2M,,,,,,
staging.raw_idp_2024_mesures_qualite_globale,2139,2025-10-14,,Aval STEP (Aval Conf. Chaaba avec Oued Tiflet),NO2-,415784.0,370014.0,26191,0,GEO_ORPHAN_XY_2M,,,,,,
staging.raw_idp_2024_mesures_qualite_globale,2140,2025-10-14,,Aval STEP (Aval Conf. Chaaba avec Oued Tiflet),Cl-,415784.0,370014.0,26191,0,GEO_ORPHAN_XY_2M,,,,,,
staging.raw_idp_2024_mesures_qualite_globale,2141,2025-10-14,,Aval STEP (Aval Conf. Chaaba avec Oued Tiflet),SO4--,415784.0,370014.0,26191,0,GEO_ORPHAN_XY_2M,,,,,,
staging.raw_idp_2024_mesures_qualite_globale,2142,2025-10-14,,Aval STEP (Aval Conf. Chaaba avec Oued Tiflet),Ca++,415784.0,370014.0,26191,0,GEO_ORPHAN_XY_2M,,,,,,
staging.raw_idp_2024_mesures_qualite_globale,2143,2025-10-14,,Aval STEP (Aval Conf. Chaaba avec Oued Tiflet),Mg++,415784.0,370014.0,26191,0,GEO_ORPHAN_XY_2M,,,,,,
staging.raw_idp_2024_mesures_qualite_globale,2144,2025-10-14,,Aval STEP (Aval Conf. Chaaba avec Oued Tiflet),TH,415784.0,370014.0,26191,0,GEO_ORPHAN_XY_2M,,,,,,
staging.raw_idp_2024_mesures_qualite_globale,2145,2025-10-14,,Aval STEP (Aval Conf. Chaaba avec Oued Tiflet),Na+,415784.0,370014.0,26191,0,GEO_ORPHAN_XY_2M,,,,,,
staging.raw_idp_2024_mesures_qualite_globale,2146,2025-10-14,,Aval STEP (Aval Conf. Chaaba avec Oued Tiflet),K+,415784.0,370014.0,26191,0,GEO_ORPHAN_XY_2M,,,,,,
staging.raw_idp_2024_mesures_qualite_globale,2147,2025-10-14,,Aval STEP (Aval Conf. Chaaba avec Oued Tiflet),Ag,415784.0,370014.0,26191,0,GEO_ORPHAN_XY_2M,,,,,,
staging.raw_idp_2024_mesures_qualite_globale,2148,2025-10-14,,Aval STEP (Aval Conf. Chaaba avec Oued Tiflet),Al,415784.0,370014.0,26191,0,GEO_ORPHAN_XY_2M,,,,,,
staging.raw_idp_2024_mesures_qualite_globale,2149,2025-10-14,,Aval STEP (Aval Conf. Chaaba avec Oued Tiflet),As,415784.0,370014.0,26191,0,GEO_ORPHAN_XY_2M,,,,,,
staging.raw_idp_2024_mesures_qualite_globale,2150,2025-10-14,,Aval STEP (Aval Conf. Chaaba avec Oued Tiflet),Ba,415784.0,370014.0,26191,0,GEO_ORPHAN_XY_2M,,,,,,
staging.raw_idp_2024_mesures_qualite_globale,2151,2025-10-14,,Aval STEP (Aval Conf. Chaaba avec Oued Tiflet),Be,415784.0,370014.0,26191,0,GEO_ORPHAN_XY_2M,,,,,,
staging.raw_idp_2024_mesures_qualite_globale,2152,2025-10-14,,Aval STEP (Aval Conf. Chaaba avec Oued Tiflet),Cd,415784.0,370014.0,26191,0,GEO_ORPHAN_XY_2M,,,,,,
staging.raw_idp_2024_mesures_qualite_globale,2153,2025-10-14,,Aval STEP (Aval Conf. Chaaba avec Oued Tiflet),Co,415784.0,370014.0,26191,0,GEO_ORPHAN_XY_2M,,,,,,
staging.raw_idp_2024_mesures_qualite_globale,2154,2025-10-14,,Aval STEP (Aval Conf. Chaaba avec Oued Tiflet),CrT,415784.0,370014.0,26191,0,GEO_ORPHAN_XY_2M,,,,,,
staging.raw_idp_2024_mesures_qualite_globale,2155,2025-10-14,,Aval STEP (Aval Conf. Chaaba avec Oued Tiflet),Cu,415784.0,370014.0,26191,0,GEO_ORPHAN_XY_2M,,,,,,
staging.raw_idp_2024_mesures_qualite_globale,2156,2025-10-14,,Aval STEP (Aval Conf. Chaaba avec Oued Tiflet),Fe,415784.0,370014.0,26191,0,GEO_ORPHAN_XY_2M,,,,,,
staging.raw_idp_2024_mesures_qualite_globale,2157,2025-10-14,,Aval STEP (Aval Conf. Chaaba avec Oued Tiflet),Hg,415784.0,370014.0,26191,0,GEO_ORPHAN_XY_2M,,,,,,
staging.raw_idp_2024_mesures_qualite_globale,2158,2025-10-14,,Aval STEP (Aval Conf. Chaaba avec Oued Tiflet),Mn,415784.0,370014.0,26191,0,GEO_ORPHAN_XY_2M,,,,,,
staging.raw_idp_2024_mesures_qualite_globale,2159,2025-10-14,,Aval STEP (Aval Conf. Chaaba avec Oued Tiflet),Mo,415784.0,370014.0,26191,0,GEO_ORPHAN_XY_2M,,,,,,
staging.raw_idp_2024_mesures_qualite_globale,2160,2025-10-14,,Aval STEP (Aval Conf. Chaaba avec Oued Tiflet),Ni,415784.0,370014.0,26191,0,GEO_ORPHAN_XY_2M,,,,,,
staging.raw_idp_2024_mesures_qualite_globale,2161,2025-10-14,,Aval STEP (Aval Conf. Chaaba avec Oued Tiflet),Pb,415784.0,370014.0,26191,0,GEO_ORPHAN_XY_2M,,,,,,
staging.raw_idp_2024_mesures_qualite_globale,2162,2025-10-14,,Aval STEP (Aval Conf. Chaaba avec Oued Tiflet),Sb,415784.0,370014.0,26191,0,GEO_ORPHAN_XY_2M,,,,,,
staging.raw_idp_2024_mesures_qualite_globale,2163,2025-10-14,,Aval STEP (Aval Conf. Chaaba avec Oued Tiflet),Se,415784.0,370014.0,26191,0,GEO_ORPHAN_XY_2M,,,,,,
staging.raw_idp_2024_mesures_qualite_globale,2164,2025-10-14,,Aval STEP (Aval Conf. Chaaba avec Oued Tiflet),Tl,415784.0,370014.0,26191,0,GEO_ORPHAN_XY_2M,,,,,,
staging.raw_idp_2024_mesures_qualite_globale,2165,2025-10-14,,Aval STEP (Aval Conf. Chaaba avec Oued Tiflet),Sn,415784.0,370014.0,26191,0,GEO_ORPHAN_XY_2M,,,,,,
staging.raw_idp_2024_mesures_qualite_globale,2166,2025-10-14,,Aval STEP (Aval Conf. Chaaba avec Oued Tiflet),V,415784.0,370014.0,26191,0,GEO_ORPHAN_XY_2M,,,,,,
staging.raw_idp_2024_mesures_qualite_globale,2167,2025-10-14,,Aval STEP (Aval Conf. Chaaba avec Oued Tiflet),Zn,415784.0,370014.0,26191,0,GEO_ORPHAN_XY_2M,,,,,,
staging.raw_idp_2024_mesures_qualite_globale,2168,2025-10-14,,Aval STEP (Aval Conf. Chaaba avec Oued Tiflet),Li,415784.0,370014.0,26191,0,GEO_ORPHAN_XY_2M,,,,,,
staging.raw_idp_2024_mesures_qualite_globale,2169,2025-10-14,,Aval STEP (Aval Conf. Chaaba avec Oued Tiflet),CT,415784.0,370014.0,26191,0,GEO_ORPHAN_XY_2M,,,,,,
staging.raw_idp_2024_mesures_qualite_globale,2170,2025-10-14,,Aval STEP (Aval Conf. Chaaba avec Oued Tiflet),CF,415784.0,370014.0,26191,0,GEO_ORPHAN_XY_2M,,,,,,
staging.raw_idp_2024_mesures_qualite_globale,2171,2025-10-14,,Aval STEP (Aval Conf. Chaaba avec Oued Tiflet),SF,415784.0,370014.0,26191,0,GEO_ORPHAN_XY_2M,,,,,,
staging.raw_idp_2024_mesures_qualite_globale,2191,2025-10-14,,Amont STEP Khémisset ,DCO,439837.0,360098.0,26191,0,GEO_ORPHAN_XY_2M,,,,,,
staging.raw_idp_2024_mesures_qualite_globale,2192,2025-10-14,,Amont STEP Khémisset ,DBO5,439837.0,360098.0,26191,0,GEO_ORPHAN_XY_2M,,,,,,
staging.raw_idp_2024_mesures_qualite_globale,2193,2025-10-14,,Amont STEP Khémisset ,NTK,439837.0,360098.0,26191,0,GEO_ORPHAN_XY_2M,,,,,,
staging.raw_idp_2024_mesures_qualite_globale,2194,2025-10-14,,Amont STEP Khémisset ,NH4+ ,439837.0,360098.0,26191,0,GEO_ORPHAN_XY_2M,,,,,,
staging.raw_idp_2024_mesures_qualite_globale,2195,2025-10-14,,Amont STEP Khémisset ,PT,439837.0,360098.0,26191,0,GEO_ORPHAN_XY_2M,,,,,,
staging.raw_idp_2024_mesures_qualite_globale,2196,2025-10-14,,Amont STEP Khémisset ,PO43-,439837.0,360098.0,26191,0,GEO_ORPHAN_XY_2M,,,,,,
staging.raw_idp_2024_mesures_qualite_globale,2197,2025-10-14,,Amont STEP Khémisset ,MES,439837.0,360098.0,26191,0,GEO_ORPHAN_XY_2M,,,,,,
staging.raw_idp_2024_mesures_qualite_globale,2198,2025-10-14,,Amont STEP Khémisset ,Phénol,439837.0,360098.0,26191,0,GEO_ORPHAN_XY_2M,,,,,,
staging.raw_idp_2024_mesures_qualite_globale,2199,2025-10-14,,Amont STEP Khémisset ,"Huiles
Graisses",439837.0,360098.0,26191,0,GEO_ORPHAN_XY_2M,,,,,,
staging.raw_idp_2024_mesures_qualite_globale,2200,2025-10-14,,Amont STEP Khémisset ,NO3-,439837.0,360098.0,26191,0,GEO_ORPHAN_XY_2M,,,,,,
staging.raw_idp_2024_mesures_qualite_globale,2201,2025-10-14,,Amont STEP Khémisset ,NO2-,439837.0,360098.0,26191,0,GEO_ORPHAN_XY_2M,,,,,,
staging.raw_idp_2024_mesures_qualite_globale,2202,2025-10-14,,Amont STEP Khémisset ,Cl-,439837.0,360098.0,26191,0,GEO_ORPHAN_XY_2M,,,,,,
staging.raw_idp_2024_mesures_qualite_globale,2203,2025-10-14,,Amont STEP Khémisset ,SO4--,439837.0,360098.0,26191,0,GEO_ORPHAN_XY_2M,,,,,,
staging.raw_idp_2024_mesures_qualite_globale,2204,2025-10-14,,Amont STEP Khémisset ,TAC_meq/l,439837.0,360098.0,26191,0,GEO_ORPHAN_XY_2M,,,,,,
staging.raw_idp_2024_mesures_qualite_globale,2205,2025-10-14,,Amont STEP Khémisset ,TAC_°F,439837.0,360098.0,26191,0,GEO_ORPHAN_XY_2M,,,,,,
staging.raw_idp_2024_mesures_qualite_globale,2206,2025-10-14,,Amont STEP Khémisset ,TA_meq/l,439837.0,360098.0,26191,0,GEO_ORPHAN_XY_2M,,,,,,
staging.raw_idp_2024_mesures_qualite_globale,2207,2025-10-14,,Amont STEP Khémisset ,TA_°F,439837.0,360098.0,26191,0,GEO_ORPHAN_XY_2M,,,,,,
staging.raw_idp_2024_mesures_qualite_globale,2208,2025-10-14,,Amont STEP Khémisset ,HCO3,439837.0,360098.0,26191,0,GEO_ORPHAN_XY_2M,,,,,,
staging.raw_idp_2024_mesures_qualite_globale,2209,2025-10-14,,Amont STEP Khémisset ,CO3,439837.0,360098.0,26191,0,GEO_ORPHAN_XY_2M,,,,,,
staging.raw_idp_2024_mesures_qualite_globale,2210,2025-10-14,,Amont STEP Khémisset ,Ca++,439837.0,360098.0,26191,0,GEO_ORPHAN_XY_2M,,,,,,
staging.raw_idp_2024_mesures_qualite_globale,2211,2025-10-14,,Amont STEP Khémisset ,Mg++,439837.0,360098.0,26191,0,GEO_ORPHAN_XY_2M,,,,,,
staging.raw_idp_2024_mesures_qualite_globale,2212,2025-10-14,,Amont STEP Khémisset ,TH,439837.0,360098.0,26191,0,GEO_ORPHAN_XY_2M,,,,,,
staging.raw_idp_2024_mesures_qualite_globale,2213,2025-10-14,,Amont STEP Khémisset ,Na+,439837.0,360098.0,26191,0,GEO_ORPHAN_XY_2M,,,,,,
staging.raw_idp_2024_mesures_qualite_globale,2214,2025-10-14,,Amont STEP Khémisset ,K+,439837.0,360098.0,26191,0,GEO_ORPHAN_XY_2M,,,,,,
staging.raw_idp_2024_mesures_qualite_globale,2215,2025-10-14,,Amont STEP Khémisset ,"somme
anions_meq/l3",439837.0,360098.0,26191,0,GEO_ORPHAN_XY_2M,,,,,,
staging.raw_idp_2024_mesures_qualite_globale,2216,2025-10-14,,Amont STEP Khémisset ,"somme
anions_mg/l4",439837.0,360098.0,26191,0,GEO_ORPHAN_XY_2M,,,,,,
staging.raw_idp_2024_mesures_qualite_globale,2217,2025-10-14,,Amont STEP Khémisset ,Bilan_Ionique,439837.0,360098.0,26191,0,GEO_ORPHAN_XY_2M,,,,,,
staging.raw_idp_2024_mesures_qualite_globale,2218,2025-10-14,,Amont STEP Khémisset ,Fe,439837.0,360098.0,26191,0,GEO_ORPHAN_XY_2M,,,,,,
staging.raw_idp_2024_mesures_qualite_globale,2219,2025-10-14,,Amont STEP Khémisset ,CT,439837.0,360098.0,26191,0,GEO_ORPHAN_XY_2M,,,,,,
staging.raw_idp_2024_mesures_qualite_globale,2220,2025-10-14,,Amont STEP Khémisset ,CF,439837.0,360098.0,26191,0,GEO_ORPHAN_XY_2M,,,,,,
staging.raw_idp_2024_mesures_qualite_globale,2221,2025-10-14,,Amont STEP Khémisset ,SF,439837.0,360098.0,26191,0,GEO_ORPHAN_XY_2M,,,,,,
staging.raw_idp_2024_mesures_qualite_globale,2222,2025-10-14,,Aval STEP Khémisset ,DCO,440195.0,360614.0,26191,0,GEO_ORPHAN_XY_2M,,,,,,
staging.raw_idp_2024_mesures_qualite_globale,2223,2025-10-14,,Aval STEP Khémisset ,DBO5,440195.0,360614.0,26191,0,GEO_ORPHAN_XY_2M,,,,,,
staging.raw_idp_2024_mesures_qualite_globale,2224,2025-10-14,,Aval STEP Khémisset ,NTK,440195.0,360614.0,26191,0,GEO_ORPHAN_XY_2M,,,,,,
staging.raw_idp_2024_mesures_qualite_globale,2225,2025-10-14,,Aval STEP Khémisset ,NH4+ ,440195.0,360614.0,26191,0,GEO_ORPHAN_XY_2M,,,,,,
staging.raw_idp_2024_mesures_qualite_globale,2226,2025-10-14,,Aval STEP Khémisset ,PT,440195.0,360614.0,26191,0,GEO_ORPHAN_XY_2M,,,,,,
staging.raw_idp_2024_mesures_qualite_globale,2227,2025-10-14,,Aval STEP Khémisset ,PO43-,440195.0,360614.0,26191,0,GEO_ORPHAN_XY_2M,,,,,,
staging.raw_idp_2024_mesures_qualite_globale,2228,2025-10-14,,Aval STEP Khémisset ,MES,440195.0,360614.0,26191,0,GEO_ORPHAN_XY_2M,,,,,,
staging.raw_idp_2024_mesures_qualite_globale,2229,2025-10-14,,Aval STEP Khémisset ,Phénol,440195.0,360614.0,26191,0,GEO_ORPHAN_XY_2M,,,,,,
staging.raw_idp_2024_mesures_qualite_globale,2230,2025-10-14,,Aval STEP Khémisset ,"Huiles
Graisses",440195.0,360614.0,26191,0,GEO_ORPHAN_XY_2M,,,,,,
staging.raw_idp_2024_mesures_qualite_globale,2231,2025-10-14,,Aval STEP Khémisset ,NO3-,440195.0,360614.0,26191,0,GEO_ORPHAN_XY_2M,,,,,,
staging.raw_idp_2024_mesures_qualite_globale,2232,2025-10-14,,Aval STEP Khémisset ,NO2-,440195.0,360614.0,26191,0,GEO_ORPHAN_XY_2M,,,,,,
staging.raw_idp_2024_mesures_qualite_globale,2233,2025-10-14,,Aval STEP Khémisset ,Cl-,440195.0,360614.0,26191,0,GEO_ORPHAN_XY_2M,,,,,,
staging.raw_idp_2024_mesures_qualite_globale,2234,2025-10-14,,Aval STEP Khémisset ,SO4--,440195.0,360614.0,26191,0,GEO_ORPHAN_XY_2M,,,,,,
staging.raw_idp_2024_mesures_qualite_globale,2235,2025-10-14,,Aval STEP Khémisset ,TAC_meq/l,440195.0,360614.0,26191,0,GEO_ORPHAN_XY_2M,,,,,,
staging.raw_idp_2024_mesures_qualite_globale,2236,2025-10-14,,Aval STEP Khémisset ,TAC_°F,440195.0,360614.0,26191,0,GEO_ORPHAN_XY_2M,,,,,,
staging.raw_idp_2024_mesures_qualite_globale,2237,2025-10-14,,Aval STEP Khémisset ,TA_meq/l,440195.0,360614.0,26191,0,GEO_ORPHAN_XY_2M,,,,,,
staging.raw_idp_2024_mesures_qualite_globale,2238,2025-10-14,,Aval STEP Khémisset ,TA_°F,440195.0,360614.0,26191,0,GEO_ORPHAN_XY_2M,,,,,,
staging.raw_idp_2024_mesures_qualite_globale,2239,2025-10-14,,Aval STEP Khémisset ,HCO3,440195.0,360614.0,26191,0,GEO_ORPHAN_XY_2M,,,,,,
staging.raw_idp_2024_mesures_qualite_globale,2240,2025-10-14,,Aval STEP Khémisset ,CO3,440195.0,360614.0,26191,0,GEO_ORPHAN_XY_2M,,,,,,
staging.raw_idp_2024_mesures_qualite_globale,2241,2025-10-14,,Aval STEP Khémisset ,Ca++,440195.0,360614.0,26191,0,GEO_ORPHAN_XY_2M,,,,,,
staging.raw_idp_2024_mesures_qualite_globale,2242,2025-10-14,,Aval STEP Khémisset ,Mg++,440195.0,360614.0,26191,0,GEO_ORPHAN_XY_2M,,,,,,
staging.raw_idp_2024_mesures_qualite_globale,2243,2025-10-14,,Aval STEP Khémisset ,TH,440195.0,360614.0,26191,0,GEO_ORPHAN_XY_2M,,,,,,
staging.raw_idp_2024_mesures_qualite_globale,2244,2025-10-14,,Aval STEP Khémisset ,Na+,440195.0,360614.0,26191,0,GEO_ORPHAN_XY_2M,,,,,,
staging.raw_idp_2024_mesures_qualite_globale,2245,2025-10-14,,Aval STEP Khémisset ,K+,440195.0,360614.0,26191,0,GEO_ORPHAN_XY_2M,,,,,,
staging.raw_idp_2024_mesures_qualite_globale,2246,2025-10-14,,Aval STEP Khémisset ,"somme
anions_meq/l3",440195.0,360614.0,26191,0,GEO_ORPHAN_XY_2M,,,,,,
staging.raw_idp_2024_mesures_qualite_globale,2247,2025-10-14,,Aval STEP Khémisset ,"somme
anions_mg/l4",440195.0,360614.0,26191,0,GEO_ORPHAN_XY_2M,,,,,,
staging.raw_idp_2024_mesures_qualite_globale,2248,2025-10-14,,Aval STEP Khémisset ,Bilan_Ionique,440195.0,360614.0,26191,0,GEO_ORPHAN_XY_2M,,,,,,
staging.raw_idp_2024_mesures_qualite_globale,2249,2025-10-14,,Aval STEP Khémisset ,Fe,440195.0,360614.0,26191,0,GEO_ORPHAN_XY_2M,,,,,,
staging.raw_idp_2024_mesures_qualite_globale,2250,2025-10-14,,Aval STEP Khémisset ,CT,440195.0,360614.0,26191,0,GEO_ORPHAN_XY_2M,,,,,,
staging.raw_idp_2024_mesures_qualite_globale,2251,2025-10-14,,Aval STEP Khémisset ,CF,440195.0,360614.0,26191,0,GEO_ORPHAN_XY_2M,,,,,,
staging.raw_idp_2024_mesures_qualite_globale,2252,2025-10-14,,Aval STEP Khémisset ,SF,440195.0,360614.0,26191,0,GEO_ORPHAN_XY_2M,,,,,,
staging.raw_idp_2024_mesures_qualite_globale,2291,2025-10-15,,AVAL AIN KARMA,DCO,478488.0,380870.0,26191,0,GEO_ORPHAN_XY_2M,,,,,,
staging.raw_idp_2024_mesures_qualite_globale,2292,2025-10-15,,AVAL AIN KARMA,DBO5,478488.0,380870.0,26191,0,GEO_ORPHAN_XY_2M,,,,,,
staging.raw_idp_2024_mesures_qualite_globale,2293,2025-10-15,,AVAL AIN KARMA,NTK,478488.0,380870.0,26191,0,GEO_ORPHAN_XY_2M,,,,,,
staging.raw_idp_2024_mesures_qualite_globale,2294,2025-10-15,,AVAL AIN KARMA,NH4+ ,478488.0,380870.0,26191,0,GEO_ORPHAN_XY_2M,,,,,,
staging.raw_idp_2024_mesures_qualite_globale,2295,2025-10-15,,AVAL AIN KARMA,PT,478488.0,380870.0,26191,0,GEO_ORPHAN_XY_2M,,,,,,
staging.raw_idp_2024_mesures_qualite_globale,2296,2025-10-15,,AVAL AIN KARMA,PO43-,478488.0,380870.0,26191,0,GEO_ORPHAN_XY_2M,,,,,,
staging.raw_idp_2024_mesures_qualite_globale,2297,2025-10-15,,AVAL AIN KARMA,MES,478488.0,380870.0,26191,0,GEO_ORPHAN_XY_2M,,,,,,
staging.raw_idp_2024_mesures_qualite_globale,2298,2025-10-15,,AVAL AIN KARMA,Phénol,478488.0,380870.0,26191,0,GEO_ORPHAN_XY_2M,,,,,,
staging.raw_idp_2024_mesures_qualite_globale,2299,2025-10-15,,AVAL AIN KARMA,"Huiles
Graisses",478488.0,380870.0,26191,0,GEO_ORPHAN_XY_2M,,,,,,
staging.raw_idp_2024_mesures_qualite_globale,2300,2025-10-15,,AVAL AIN KARMA,NO3-,478488.0,380870.0,26191,0,GEO_ORPHAN_XY_2M,,,,,,
staging.raw_idp_2024_mesures_qualite_globale,2301,2025-10-15,,AVAL AIN KARMA,NO2-,478488.0,380870.0,26191,0,GEO_ORPHAN_XY_2M,,,,,,
staging.raw_idp_2024_mesures_qualite_globale,2302,2025-10-15,,AVAL AIN KARMA,Cl-,478488.0,380870.0,26191,0,GEO_ORPHAN_XY_2M,,,,,,
staging.raw_idp_2024_mesures_qualite_globale,2303,2025-10-15,,AVAL AIN KARMA,SO4--,478488.0,380870.0,26191,0,GEO_ORPHAN_XY_2M,,,,,,
staging.raw_idp_2024_mesures_qualite_globale,2304,2025-10-15,,AVAL AIN KARMA,Ca++,478488.0,380870.0,26191,0,GEO_ORPHAN_XY_2M,,,,,,
staging.raw_idp_2024_mesures_qualite_globale,2305,2025-10-15,,AVAL AIN KARMA,Mg++,478488.0,380870.0,26191,0,GEO_ORPHAN_XY_2M,,,,,,
staging.raw_idp_2024_mesures_qualite_globale,2306,2025-10-15,,AVAL AIN KARMA,TH,478488.0,380870.0,26191,0,GEO_ORPHAN_XY_2M,,,,,,
staging.raw_idp_2024_mesures_qualite_globale,2307,2025-10-15,,AVAL AIN KARMA,Na+,478488.0,380870.0,26191,0,GEO_ORPHAN_XY_2M,,,,,,
staging.raw_idp_2024_mesures_qualite_globale,2308,2025-10-15,,AVAL AIN KARMA,K+,478488.0,380870.0,26191,0,GEO_ORPHAN_XY_2M,,,,,,
staging.raw_idp_2024_mesures_qualite_globale,2309,2025-10-15,,AVAL AIN KARMA,Ag,478488.0,380870.0,26191,0,GEO_ORPHAN_XY_2M,,,,,,
staging.raw_idp_2024_mesures_qualite_globale,2310,2025-10-15,,AVAL AIN KARMA,Al,478488.0,380870.0,26191,0,GEO_ORPHAN_XY_2M,,,,,,
staging.raw_idp_2024_mesures_qualite_globale,2311,2025-10-15,,AVAL AIN KARMA,As,478488.0,380870.0,26191,0,GEO_ORPHAN_XY_2M,,,,,,
staging.raw_idp_2024_mesures_qualite_globale,2312,2025-10-15,,AVAL AIN KARMA,Ba,478488.0,380870.0,26191,0,GEO_ORPHAN_XY_2M,,,,,,
staging.raw_idp_2024_mesures_qualite_globale,2313,2025-10-15,,AVAL AIN KARMA,Be,478488.0,380870.0,26191,0,GEO_ORPHAN_XY_2M,,,,,,
staging.raw_idp_2024_mesures_qualite_globale,2314,2025-10-15,,AVAL AIN KARMA,Cd,478488.0,380870.0,26191,0,GEO_ORPHAN_XY_2M,,,,,,
staging.raw_idp_2024_mesures_qualite_globale,2315,2025-10-15,,AVAL AIN KARMA,Co,478488.0,380870.0,26191,0,GEO_ORPHAN_XY_2M,,,,,,
staging.raw_idp_2024_mesures_qualite_globale,2316,2025-10-15,,AVAL AIN KARMA,CrT,478488.0,380870.0,26191,0,GEO_ORPHAN_XY_2M,,,,,,
staging.raw_idp_2024_mesures_qualite_globale,2317,2025-10-15,,AVAL AIN KARMA,Cu,478488.0,380870.0,26191,0,GEO_ORPHAN_XY_2M,,,,,,
staging.raw_idp_2024_mesures_qualite_globale,2318,2025-10-15,,AVAL AIN KARMA,Fe,478488.0,380870.0,26191,0,GEO_ORPHAN_XY_2M,,,,,,
staging.raw_idp_2024_mesures_qualite_globale,2319,2025-10-15,,AVAL AIN KARMA,Hg,478488.0,380870.0,26191,0,GEO_ORPHAN_XY_2M,,,,,,
staging.raw_idp_2024_mesures_qualite_globale,2320,2025-10-15,,AVAL AIN KARMA,Mn,478488.0,380870.0,26191,0,GEO_ORPHAN_XY_2M,,,,,,
staging.raw_idp_2024_mesures_qualite_globale,2321,2025-10-15,,AVAL AIN KARMA,Mo,478488.0,380870.0,26191,0,GEO_ORPHAN_XY_2M,,,,,,
staging.raw_idp_2024_mesures_qualite_globale,2322,2025-10-15,,AVAL AIN KARMA,Ni,478488.0,380870.0,26191,0,GEO_ORPHAN_XY_2M,,,,,,
staging.raw_idp_2024_mesures_qualite_globale,2323,2025-10-15,,AVAL AIN KARMA,Pb,478488.0,380870.0,26191,0,GEO_ORPHAN_XY_2M,,,,,,
staging.raw_idp_2024_mesures_qualite_globale,2324,2025-10-15,,AVAL AIN KARMA,Sb,478488.0,380870.0,26191,0,GEO_ORPHAN_XY_2M,,,,,,
staging.raw_idp_2024_mesures_qualite_globale,2325,2025-10-15,,AVAL AIN KARMA,Se,478488.0,380870.0,26191,0,GEO_ORPHAN_XY_2M,,,,,,
staging.raw_idp_2024_mesures_qualite_globale,2326,2025-10-15,,AVAL AIN KARMA,Tl,478488.0,380870.0,26191,0,GEO_ORPHAN_XY_2M,,,,,,
staging.raw_idp_2024_mesures_qualite_globale,2327,2025-10-15,,AVAL AIN KARMA,Sn,478488.0,380870.0,26191,0,GEO_ORPHAN_XY_2M,,,,,,
staging.raw_idp_2024_mesures_qualite_globale,2328,2025-10-15,,AVAL AIN KARMA,V,478488.0,380870.0,26191,0,GEO_ORPHAN_XY_2M,,,,,,
staging.raw_idp_2024_mesures_qualite_globale,2329,2025-10-15,,AVAL AIN KARMA,Zn,478488.0,380870.0,26191,0,GEO_ORPHAN_XY_2M,,,,,,
staging.raw_idp_2024_mesures_qualite_globale,2330,2025-10-15,,AVAL AIN KARMA,Li,478488.0,380870.0,26191,0,GEO_ORPHAN_XY_2M,,,,,,
staging.raw_idp_2024_mesures_qualite_globale,2331,2025-10-15,,AVAL AIN KARMA,CT,478488.0,380870.0,26191,0,GEO_ORPHAN_XY_2M,,,,,,
staging.raw_idp_2024_mesures_qualite_globale,2332,2025-10-15,,AVAL AIN KARMA,CF,478488.0,380870.0,26191,0,GEO_ORPHAN_XY_2M,,,,,,
staging.raw_idp_2024_mesures_qualite_globale,2333,2025-10-15,,AVAL AIN KARMA,SF,478488.0,380870.0,26191,0,GEO_ORPHAN_XY_2M,,,,,,
staging.raw_idp_2024_mesures_qualite_globale,2353,2025-10-15,,AMONT SOUK ELAHAD CHEBANATE,DCO,466002.0,410013.0,26191,0,GEO_ORPHAN_XY_2M,,,,,,
staging.raw_idp_2024_mesures_qualite_globale,2354,2025-10-15,,AMONT SOUK ELAHAD CHEBANATE,DBO5,466002.0,410013.0,26191,0,GEO_ORPHAN_XY_2M,,,,,,
staging.raw_idp_2024_mesures_qualite_globale,2355,2025-10-15,,AMONT SOUK ELAHAD CHEBANATE,NTK,466002.0,410013.0,26191,0,GEO_ORPHAN_XY_2M,,,,,,
staging.raw_idp_2024_mesures_qualite_globale,2356,2025-10-15,,AMONT SOUK ELAHAD CHEBANATE,NH4+ ,466002.0,410013.0,26191,0,GEO_ORPHAN_XY_2M,,,,,,
staging.raw_idp_2024_mesures_qualite_globale,2357,2025-10-15,,AMONT SOUK ELAHAD CHEBANATE,PT,466002.0,410013.0,26191,0,GEO_ORPHAN_XY_2M,,,,,,
staging.raw_idp_2024_mesures_qualite_globale,2358,2025-10-15,,AMONT SOUK ELAHAD CHEBANATE,PO43-,466002.0,410013.0,26191,0,GEO_ORPHAN_XY_2M,,,,,,
staging.raw_idp_2024_mesures_qualite_globale,2359,2025-10-15,,AMONT SOUK ELAHAD CHEBANATE,MES,466002.0,410013.0,26191,0,GEO_ORPHAN_XY_2M,,,,,,
staging.raw_idp_2024_mesures_qualite_globale,2360,2025-10-15,,AMONT SOUK ELAHAD CHEBANATE,NO3-,466002.0,410013.0,26191,0,GEO_ORPHAN_XY_2M,,,,,,
staging.raw_idp_2024_mesures_qualite_globale,2361,2025-10-15,,AMONT SOUK ELAHAD CHEBANATE,NO2-,466002.0,410013.0,26191,0,GEO_ORPHAN_XY_2M,,,,,,
staging.raw_idp_2024_mesures_qualite_globale,2362,2025-10-15,,AMONT SOUK ELAHAD CHEBANATE,Cl-,466002.0,410013.0,26191,0,GEO_ORPHAN_XY_2M,,,,,,
staging.raw_idp_2024_mesures_qualite_globale,2363,2025-10-15,,AMONT SOUK ELAHAD CHEBANATE,SO4--,466002.0,410013.0,26191,0,GEO_ORPHAN_XY_2M,,,,,,
staging.raw_idp_2024_mesures_qualite_globale,2364,2025-10-15,,AMONT SOUK ELAHAD CHEBANATE,Ca++,466002.0,410013.0,26191,0,GEO_ORPHAN_XY_2M,,,,,,
staging.raw_idp_2024_mesures_qualite_globale,2365,2025-10-15,,AMONT SOUK ELAHAD CHEBANATE,Mg++,466002.0,410013.0,26191,0,GEO_ORPHAN_XY_2M,,,,,,
staging.raw_idp_2024_mesures_qualite_globale,2366,2025-10-15,,AMONT SOUK ELAHAD CHEBANATE,TH,466002.0,410013.0,26191,0,GEO_ORPHAN_XY_2M,,,,,,
staging.raw_idp_2024_mesures_qualite_globale,2367,2025-10-15,,AMONT SOUK ELAHAD CHEBANATE,Na+,466002.0,410013.0,26191,0,GEO_ORPHAN_XY_2M,,,,,,
staging.raw_idp_2024_mesures_qualite_globale,2368,2025-10-15,,AMONT SOUK ELAHAD CHEBANATE,K+,466002.0,410013.0,26191,0,GEO_ORPHAN_XY_2M,,,,,,
staging.raw_idp_2024_mesures_qualite_globale,2369,2025-10-15,,AMONT SOUK ELAHAD CHEBANATE,CT,466002.0,410013.0,26191,0,GEO_ORPHAN_XY_2M,,,,,,
staging.raw_idp_2024_mesures_qualite_globale,2370,2025-10-15,,AMONT SOUK ELAHAD CHEBANATE,CF,466002.0,410013.0,26191,0,GEO_ORPHAN_XY_2M,,,,,,
staging.raw_idp_2024_mesures_qualite_globale,2371,2025-10-15,,AMONT SOUK ELAHAD CHEBANATE,SF,466002.0,410013.0,26191,0,GEO_ORPHAN_XY_2M,,,,,,
staging.raw_idp_2024_mesures_qualite_globale,2391,2025-10-16,,AVAL REJET MOULAY DRISS ZARHOUN,DCO,486697.0,384628.0,26191,0,GEO_ORPHAN_XY_2M,,,,,,
staging.raw_idp_2024_mesures_qualite_globale,2392,2025-10-16,,AVAL REJET MOULAY DRISS ZARHOUN,DBO5,486697.0,384628.0,26191,0,GEO_ORPHAN_XY_2M,,,,,,
staging.raw_idp_2024_mesures_qualite_globale,2393,2025-10-16,,AVAL REJET MOULAY DRISS ZARHOUN,NTK,486697.0,384628.0,26191,0,GEO_ORPHAN_XY_2M,,,,,,
staging.raw_idp_2024_mesures_qualite_globale,2394,2025-10-16,,AVAL REJET MOULAY DRISS ZARHOUN,NH4+ ,486697.0,384628.0,26191,0,GEO_ORPHAN_XY_2M,,,,,,
staging.raw_idp_2024_mesures_qualite_globale,2395,2025-10-16,,AVAL REJET MOULAY DRISS ZARHOUN,PT,486697.0,384628.0,26191,0,GEO_ORPHAN_XY_2M,,,,,,
staging.raw_idp_2024_mesures_qualite_globale,2396,2025-10-16,,AVAL REJET MOULAY DRISS ZARHOUN,PO43-,486697.0,384628.0,26191,0,GEO_ORPHAN_XY_2M,,,,,,
staging.raw_idp_2024_mesures_qualite_globale,2397,2025-10-16,,AVAL REJET MOULAY DRISS ZARHOUN,MES,486697.0,384628.0,26191,0,GEO_ORPHAN_XY_2M,,,,,,
staging.raw_idp_2024_mesures_qualite_globale,2398,2025-10-16,,AVAL REJET MOULAY DRISS ZARHOUN,Phénol,486697.0,384628.0,26191,0,GEO_ORPHAN_XY_2M,,,,,,
staging.raw_idp_2024_mesures_qualite_globale,2399,2025-10-16,,AVAL REJET MOULAY DRISS ZARHOUN,"Huiles
Graisses",486697.0,384628.0,26191,0,GEO_ORPHAN_XY_2M,,,,,,
staging.raw_idp_2024_mesures_qualite_globale,2400,2025-10-16,,AVAL REJET MOULAY DRISS ZARHOUN,NO3-,486697.0,384628.0,26191,0,GEO_ORPHAN_XY_2M,,,,,,
staging.raw_idp_2024_mesures_qualite_globale,2401,2025-10-16,,AVAL REJET MOULAY DRISS ZARHOUN,NO2-,486697.0,384628.0,26191,0,GEO_ORPHAN_XY_2M,,,,,,
staging.raw_idp_2024_mesures_qualite_globale,2402,2025-10-16,,AVAL REJET MOULAY DRISS ZARHOUN,Cl-,486697.0,384628.0,26191,0,GEO_ORPHAN_XY_2M,,,,,,
staging.raw_idp_2024_mesures_qualite_globale,2403,2025-10-16,,AVAL REJET MOULAY DRISS ZARHOUN,SO4--,486697.0,384628.0,26191,0,GEO_ORPHAN_XY_2M,,,,,,
staging.raw_idp_2024_mesures_qualite_globale,2404,2025-10-16,,AVAL REJET MOULAY DRISS ZARHOUN,Ca++,486697.0,384628.0,26191,0,GEO_ORPHAN_XY_2M,,,,,,
staging.raw_idp_2024_mesures_qualite_globale,2405,2025-10-16,,AVAL REJET MOULAY DRISS ZARHOUN,Mg++,486697.0,384628.0,26191,0,GEO_ORPHAN_XY_2M,,,,,,
staging.raw_idp_2024_mesures_qualite_globale,2406,2025-10-16,,AVAL REJET MOULAY DRISS ZARHOUN,TH,486697.0,384628.0,26191,0,GEO_ORPHAN_XY_2M,,,,,,
staging.raw_idp_2024_mesures_qualite_globale,2407,2025-10-16,,AVAL REJET MOULAY DRISS ZARHOUN,Na+,486697.0,384628.0,26191,0,GEO_ORPHAN_XY_2M,,,,,,
staging.raw_idp_2024_mesures_qualite_globale,2408,2025-10-16,,AVAL REJET MOULAY DRISS ZARHOUN,K+,486697.0,384628.0,26191,0,GEO_ORPHAN_XY_2M,,,,,,
staging.raw_idp_2024_mesures_qualite_globale,2409,2025-10-16,,AVAL REJET MOULAY DRISS ZARHOUN,Ag,486697.0,384628.0,26191,0,GEO_ORPHAN_XY_2M,,,,,,
staging.raw_idp_2024_mesures_qualite_globale,2410,2025-10-16,,AVAL REJET MOULAY DRISS ZARHOUN,Al,486697.0,384628.0,26191,0,GEO_ORPHAN_XY_2M,,,,,,
staging.raw_idp_2024_mesures_qualite_globale,2411,2025-10-16,,AVAL REJET MOULAY DRISS ZARHOUN,As,486697.0,384628.0,26191,0,GEO_ORPHAN_XY_2M,,,,,,
staging.raw_idp_2024_mesures_qualite_globale,2412,2025-10-16,,AVAL REJET MOULAY DRISS ZARHOUN,Ba,486697.0,384628.0,26191,0,GEO_ORPHAN_XY_2M,,,,,,
staging.raw_idp_2024_mesures_qualite_globale,2413,2025-10-16,,AVAL REJET MOULAY DRISS ZARHOUN,Be,486697.0,384628.0,26191,0,GEO_ORPHAN_XY_2M,,,,,,
staging.raw_idp_2024_mesures_qualite_globale,2414,2025-10-16,,AVAL REJET MOULAY DRISS ZARHOUN,Cd,486697.0,384628.0,26191,0,GEO_ORPHAN_XY_2M,,,,,,
staging.raw_idp_2024_mesures_qualite_globale,2415,2025-10-16,,AVAL REJET MOULAY DRISS ZARHOUN,Co,486697.0,384628.0,26191,0,GEO_ORPHAN_XY_2M,,,,,,
staging.raw_idp_2024_mesures_qualite_globale,2416,2025-10-16,,AVAL REJET MOULAY DRISS ZARHOUN,CrT,486697.0,384628.0,26191,0,GEO_ORPHAN_XY_2M,,,,,,
staging.raw_idp_2024_mesures_qualite_globale,2417,2025-10-16,,AVAL REJET MOULAY DRISS ZARHOUN,Cu,486697.0,384628.0,26191,0,GEO_ORPHAN_XY_2M,,,,,,
staging.raw_idp_2024_mesures_qualite_globale,2418,2025-10-16,,AVAL REJET MOULAY DRISS ZARHOUN,Fe,486697.0,384628.0,26191,0,GEO_ORPHAN_XY_2M,,,,,,
staging.raw_idp_2024_mesures_qualite_globale,2419,2025-10-16,,AVAL REJET MOULAY DRISS ZARHOUN,Hg,486697.0,384628.0,26191,0,GEO_ORPHAN_XY_2M,,,,,,
staging.raw_idp_2024_mesures_qualite_globale,2420,2025-10-16,,AVAL REJET MOULAY DRISS ZARHOUN,Mn,486697.0,384628.0,26191,0,GEO_ORPHAN_XY_2M,,,,,,
staging.raw_idp_2024_mesures_qualite_globale,2421,2025-10-16,,AVAL REJET MOULAY DRISS ZARHOUN,Mo,486697.0,384628.0,26191,0,GEO_ORPHAN_XY_2M,,,,,,
staging.raw_idp_2024_mesures_qualite_globale,2422,2025-10-16,,AVAL REJET MOULAY DRISS ZARHOUN,Ni,486697.0,384628.0,26191,0,GEO_ORPHAN_XY_2M,,,,,,
staging.raw_idp_2024_mesures_qualite_globale,2423,2025-10-16,,AVAL REJET MOULAY DRISS ZARHOUN,Pb,486697.0,384628.0,26191,0,GEO_ORPHAN_XY_2M,,,,,,
staging.raw_idp_2024_mesures_qualite_globale,2424,2025-10-16,,AVAL REJET MOULAY DRISS ZARHOUN,Sb,486697.0,384628.0,26191,0,GEO_ORPHAN_XY_2M,,,,,,
staging.raw_idp_2024_mesures_qualite_globale,2425,2025-10-16,,AVAL REJET MOULAY DRISS ZARHOUN,Se,486697.0,384628.0,26191,0,GEO_ORPHAN_XY_2M,,,,,,
staging.raw_idp_2024_mesures_qualite_globale,2426,2025-10-16,,AVAL REJET MOULAY DRISS ZARHOUN,Tl,486697.0,384628.0,26191,0,GEO_ORPHAN_XY_2M,,,,,,
staging.raw_idp_2024_mesures_qualite_globale,2427,2025-10-16,,AVAL REJET MOULAY DRISS ZARHOUN,Sn,486697.0,384628.0,26191,0,GEO_ORPHAN_XY_2M,,,,,,
staging.raw_idp_2024_mesures_qualite_globale,2428,2025-10-16,,AVAL REJET MOULAY DRISS ZARHOUN,V,486697.0,384628.0,26191,0,GEO_ORPHAN_XY_2M,,,,,,
staging.raw_idp_2024_mesures_qualite_globale,2429,2025-10-16,,AVAL REJET MOULAY DRISS ZARHOUN,Zn,486697.0,384628.0,26191,0,GEO_ORPHAN_XY_2M,,,,,,
staging.raw_idp_2024_mesures_qualite_globale,2430,2025-10-16,,AVAL REJET MOULAY DRISS ZARHOUN,Li,486697.0,384628.0,26191,0,GEO_ORPHAN_XY_2M,,,,,,
staging.raw_idp_2024_mesures_qualite_globale,2431,2025-10-16,,AVAL REJET MOULAY DRISS ZARHOUN,CT,486697.0,384628.0,26191,0,GEO_ORPHAN_XY_2M,,,,,,
staging.raw_idp_2024_mesures_qualite_globale,2432,2025-10-16,,AVAL REJET MOULAY DRISS ZARHOUN,CF,486697.0,384628.0,26191,0,GEO_ORPHAN_XY_2M,,,,,,
staging.raw_idp_2024_mesures_qualite_globale,2433,2025-10-16,,AVAL REJET MOULAY DRISS ZARHOUN,SF,486697.0,384628.0,26191,0,GEO_ORPHAN_XY_2M,,,,,,
staging.raw_idp_2024_mesures_qualite_globale,2536,2025-10-20,,AVAL REJET BOUFEKRANE,DCO,490717.0,356032.0,26191,0,GEO_ORPHAN_XY_2M,,,,,,
staging.raw_idp_2024_mesures_qualite_globale,2537,2025-10-20,,AVAL REJET BOUFEKRANE,DBO5,490717.0,356032.0,26191,0,GEO_ORPHAN_XY_2M,,,,,,
staging.raw_idp_2024_mesures_qualite_globale,2538,2025-10-20,,AVAL REJET BOUFEKRANE,NTK,490717.0,356032.0,26191,0,GEO_ORPHAN_XY_2M,,,,,,
staging.raw_idp_2024_mesures_qualite_globale,2539,2025-10-20,,AVAL REJET BOUFEKRANE,NH4+ ,490717.0,356032.0,26191,0,GEO_ORPHAN_XY_2M,,,,,,
staging.raw_idp_2024_mesures_qualite_globale,2540,2025-10-20,,AVAL REJET BOUFEKRANE,PT,490717.0,356032.0,26191,0,GEO_ORPHAN_XY_2M,,,,,,
staging.raw_idp_2024_mesures_qualite_globale,2541,2025-10-20,,AVAL REJET BOUFEKRANE,PO43-,490717.0,356032.0,26191,0,GEO_ORPHAN_XY_2M,,,,,,
staging.raw_idp_2024_mesures_qualite_globale,2542,2025-10-20,,AVAL REJET BOUFEKRANE,MES,490717.0,356032.0,26191,0,GEO_ORPHAN_XY_2M,,,,,,
staging.raw_idp_2024_mesures_qualite_globale,2543,2025-10-20,,AVAL REJET BOUFEKRANE,Phénol,490717.0,356032.0,26191,0,GEO_ORPHAN_XY_2M,,,,,,
staging.raw_idp_2024_mesures_qualite_globale,2544,2025-10-20,,AVAL REJET BOUFEKRANE,"Huiles
Graisses",490717.0,356032.0,26191,0,GEO_ORPHAN_XY_2M,,,,,,
staging.raw_idp_2024_mesures_qualite_globale,2545,2025-10-20,,AVAL REJET BOUFEKRANE,NO3-,490717.0,356032.0,26191,0,GEO_ORPHAN_XY_2M,,,,,,
staging.raw_idp_2024_mesures_qualite_globale,2546,2025-10-20,,AVAL REJET BOUFEKRANE,NO2-,490717.0,356032.0,26191,0,GEO_ORPHAN_XY_2M,,,,,,
staging.raw_idp_2024_mesures_qualite_globale,2547,2025-10-20,,AVAL REJET BOUFEKRANE,Cl-,490717.0,356032.0,26191,0,GEO_ORPHAN_XY_2M,,,,,,
staging.raw_idp_2024_mesures_qualite_globale,2548,2025-10-20,,AVAL REJET BOUFEKRANE,SO4--,490717.0,356032.0,26191,0,GEO_ORPHAN_XY_2M,,,,,,
staging.raw_idp_2024_mesures_qualite_globale,2549,2025-10-20,,AVAL REJET BOUFEKRANE,Ca++,490717.0,356032.0,26191,0,GEO_ORPHAN_XY_2M,,,,,,
staging.raw_idp_2024_mesures_qualite_globale,2550,2025-10-20,,AVAL REJET BOUFEKRANE,Mg++,490717.0,356032.0,26191,0,GEO_ORPHAN_XY_2M,,,,,,
staging.raw_idp_2024_mesures_qualite_globale,2551,2025-10-20,,AVAL REJET BOUFEKRANE,TH,490717.0,356032.0,26191,0,GEO_ORPHAN_XY_2M,,,,,,
staging.raw_idp_2024_mesures_qualite_globale,2552,2025-10-20,,AVAL REJET BOUFEKRANE,Na+,490717.0,356032.0,26191,0,GEO_ORPHAN_XY_2M,,,,,,
staging.raw_idp_2024_mesures_qualite_globale,2553,2025-10-20,,AVAL REJET BOUFEKRANE,K+,490717.0,356032.0,26191,0,GEO_ORPHAN_XY_2M,,,,,,
staging.raw_idp_2024_mesures_qualite_globale,2554,2025-10-20,,AVAL REJET BOUFEKRANE,Ag,490717.0,356032.0,26191,0,GEO_ORPHAN_XY_2M,,,,,,
staging.raw_idp_2024_mesures_qualite_globale,2555,2025-10-20,,AVAL REJET BOUFEKRANE,Al,490717.0,356032.0,26191,0,GEO_ORPHAN_XY_2M,,,,,,
staging.raw_idp_2024_mesures_qualite_globale,2556,2025-10-20,,AVAL REJET BOUFEKRANE,As,490717.0,356032.0,26191,0,GEO_ORPHAN_XY_2M,,,,,,
staging.raw_idp_2024_mesures_qualite_globale,2557,2025-10-20,,AVAL REJET BOUFEKRANE,Ba,490717.0,356032.0,26191,0,GEO_ORPHAN_XY_2M,,,,,,
staging.raw_idp_2024_mesures_qualite_globale,2558,2025-10-20,,AVAL REJET BOUFEKRANE,Be,490717.0,356032.0,26191,0,GEO_ORPHAN_XY_2M,,,,,,
staging.raw_idp_2024_mesures_qualite_globale,2559,2025-10-20,,AVAL REJET BOUFEKRANE,Cd,490717.0,356032.0,26191,0,GEO_ORPHAN_XY_2M,,,,,,
staging.raw_idp_2024_mesures_qualite_globale,2560,2025-10-20,,AVAL REJET BOUFEKRANE,Co,490717.0,356032.0,26191,0,GEO_ORPHAN_XY_2M,,,,,,
staging.raw_idp_2024_mesures_qualite_globale,2561,2025-10-20,,AVAL REJET BOUFEKRANE,CrT,490717.0,356032.0,26191,0,GEO_ORPHAN_XY_2M,,,,,,
staging.raw_idp_2024_mesures_qualite_globale,2562,2025-10-20,,AVAL REJET BOUFEKRANE,Cu,490717.0,356032.0,26191,0,GEO_ORPHAN_XY_2M,,,,,,
staging.raw_idp_2024_mesures_qualite_globale,2563,2025-10-20,,AVAL REJET BOUFEKRANE,Fe,490717.0,356032.0,26191,0,GEO_ORPHAN_XY_2M,,,,,,
staging.raw_idp_2024_mesures_qualite_globale,2564,2025-10-20,,AVAL REJET BOUFEKRANE,Hg,490717.0,356032.0,26191,0,GEO_ORPHAN_XY_2M,,,,,,
staging.raw_idp_2024_mesures_qualite_globale,2565,2025-10-20,,AVAL REJET BOUFEKRANE,Mn,490717.0,356032.0,26191,0,GEO_ORPHAN_XY_2M,,,,,,
staging.raw_idp_2024_mesures_qualite_globale,2566,2025-10-20,,AVAL REJET BOUFEKRANE,Mo,490717.0,356032.0,26191,0,GEO_ORPHAN_XY_2M,,,,,,
staging.raw_idp_2024_mesures_qualite_globale,2567,2025-10-20,,AVAL REJET BOUFEKRANE,Ni,490717.0,356032.0,26191,0,GEO_ORPHAN_XY_2M,,,,,,
staging.raw_idp_2024_mesures_qualite_globale,2568,2025-10-20,,AVAL REJET BOUFEKRANE,Pb,490717.0,356032.0,26191,0,GEO_ORPHAN_XY_2M,,,,,,
staging.raw_idp_2024_mesures_qualite_globale,2569,2025-10-20,,AVAL REJET BOUFEKRANE,Sb,490717.0,356032.0,26191,0,GEO_ORPHAN_XY_2M,,,,,,
staging.raw_idp_2024_mesures_qualite_globale,2570,2025-10-20,,AVAL REJET BOUFEKRANE,Se,490717.0,356032.0,26191,0,GEO_ORPHAN_XY_2M,,,,,,
staging.raw_idp_2024_mesures_qualite_globale,2571,2025-10-20,,AVAL REJET BOUFEKRANE,Tl,490717.0,356032.0,26191,0,GEO_ORPHAN_XY_2M,,,,,,
staging.raw_idp_2024_mesures_qualite_globale,2572,2025-10-20,,AVAL REJET BOUFEKRANE,Sn,490717.0,356032.0,26191,0,GEO_ORPHAN_XY_2M,,,,,,
staging.raw_idp_2024_mesures_qualite_globale,2573,2025-10-20,,AVAL REJET BOUFEKRANE,V,490717.0,356032.0,26191,0,GEO_ORPHAN_XY_2M,,,,,,
staging.raw_idp_2024_mesures_qualite_globale,2574,2025-10-20,,AVAL REJET BOUFEKRANE,Zn,490717.0,356032.0,26191,0,GEO_ORPHAN_XY_2M,,,,,,
staging.raw_idp_2024_mesures_qualite_globale,2575,2025-10-20,,AVAL REJET BOUFEKRANE,Li,490717.0,356032.0,26191,0,GEO_ORPHAN_XY_2M,,,,,,
staging.raw_idp_2024_mesures_qualite_globale,2576,2025-10-20,,AVAL REJET BOUFEKRANE,CT,490717.0,356032.0,26191,0,GEO_ORPHAN_XY_2M,,,,,,
staging.raw_idp_2024_mesures_qualite_globale,2577,2025-10-20,,AVAL REJET BOUFEKRANE,CF,490717.0,356032.0,26191,0,GEO_ORPHAN_XY_2M,,,,,,
staging.raw_idp_2024_mesures_qualite_globale,2578,2025-10-20,,AVAL REJET BOUFEKRANE,SF,490717.0,356032.0,26191,0,GEO_ORPHAN_XY_2M,,,,,,
staging.raw_idp_2024_mesures_qualite_globale,2579,2025-10-20,,AVAL STEP EL HAJEB,DCO,504570.0,348710.0,26191,0,GEO_ORPHAN_XY_2M,,,,,,
staging.raw_idp_2024_mesures_qualite_globale,2580,2025-10-20,,AVAL STEP EL HAJEB,DBO5,504570.0,348710.0,26191,0,GEO_ORPHAN_XY_2M,,,,,,
staging.raw_idp_2024_mesures_qualite_globale,2581,2025-10-20,,AVAL STEP EL HAJEB,NTK,504570.0,348710.0,26191,0,GEO_ORPHAN_XY_2M,,,,,,
staging.raw_idp_2024_mesures_qualite_globale,2582,2025-10-20,,AVAL STEP EL HAJEB,NH4+ ,504570.0,348710.0,26191,0,GEO_ORPHAN_XY_2M,,,,,,
staging.raw_idp_2024_mesures_qualite_globale,2583,2025-10-20,,AVAL STEP EL HAJEB,PT,504570.0,348710.0,26191,0,GEO_ORPHAN_XY_2M,,,,,,
staging.raw_idp_2024_mesures_qualite_globale,2584,2025-10-20,,AVAL STEP EL HAJEB,PO43-,504570.0,348710.0,26191,0,GEO_ORPHAN_XY_2M,,,,,,
staging.raw_idp_2024_mesures_qualite_globale,2585,2025-10-20,,AVAL STEP EL HAJEB,MES,504570.0,348710.0,26191,0,GEO_ORPHAN_XY_2M,,,,,,
staging.raw_idp_2024_mesures_qualite_globale,2586,2025-10-20,,AVAL STEP EL HAJEB,NO3-,504570.0,348710.0,26191,0,GEO_ORPHAN_XY_2M,,,,,,
staging.raw_idp_2024_mesures_qualite_globale,2587,2025-10-20,,AVAL STEP EL HAJEB,NO2-,504570.0,348710.0,26191,0,GEO_ORPHAN_XY_2M,,,,,,
staging.raw_idp_2024_mesures_qualite_globale,2588,2025-10-20,,AVAL STEP EL HAJEB,Cl-,504570.0,348710.0,26191,0,GEO_ORPHAN_XY_2M,,,,,,
staging.raw_idp_2024_mesures_qualite_globale,2589,2025-10-20,,AVAL STEP EL HAJEB,SO4--,504570.0,348710.0,26191,0,GEO_ORPHAN_XY_2M,,,,,,
staging.raw_idp_2024_mesures_qualite_globale,2590,2025-10-20,,AVAL STEP EL HAJEB,TAC_meq/l,504570.0,348710.0,26191,0,GEO_ORPHAN_XY_2M,,,,,,
staging.raw_idp_2024_mesures_qualite_globale,2591,2025-10-20,,AVAL STEP EL HAJEB,TAC_°F,504570.0,348710.0,26191,0,GEO_ORPHAN_XY_2M,,,,,,
staging.raw_idp_2024_mesures_qualite_globale,2592,2025-10-20,,AVAL STEP EL HAJEB,TA_meq/l,504570.0,348710.0,26191,0,GEO_ORPHAN_XY_2M,,,,,,
staging.raw_idp_2024_mesures_qualite_globale,2593,2025-10-20,,AVAL STEP EL HAJEB,TA_°F,504570.0,348710.0,26191,0,GEO_ORPHAN_XY_2M,,,,,,
staging.raw_idp_2024_mesures_qualite_globale,2594,2025-10-20,,AVAL STEP EL HAJEB,HCO3,504570.0,348710.0,26191,0,GEO_ORPHAN_XY_2M,,,,,,
staging.raw_idp_2024_mesures_qualite_globale,2595,2025-10-20,,AVAL STEP EL HAJEB,CO3,504570.0,348710.0,26191,0,GEO_ORPHAN_XY_2M,,,,,,
staging.raw_idp_2024_mesures_qualite_globale,2596,2025-10-20,,AVAL STEP EL HAJEB,Ca++,504570.0,348710.0,26191,0,GEO_ORPHAN_XY_2M,,,,,,
staging.raw_idp_2024_mesures_qualite_globale,2597,2025-10-20,,AVAL STEP EL HAJEB,Mg++,504570.0,348710.0,26191,0,GEO_ORPHAN_XY_2M,,,,,,
staging.raw_idp_2024_mesures_qualite_globale,2598,2025-10-20,,AVAL STEP EL HAJEB,TH,504570.0,348710.0,26191,0,GEO_ORPHAN_XY_2M,,,,,,
staging.raw_idp_2024_mesures_qualite_globale,2599,2025-10-20,,AVAL STEP EL HAJEB,Na+,504570.0,348710.0,26191,0,GEO_ORPHAN_XY_2M,,,,,,
staging.raw_idp_2024_mesures_qualite_globale,2600,2025-10-20,,AVAL STEP EL HAJEB,K+,504570.0,348710.0,26191,0,GEO_ORPHAN_XY_2M,,,,,,
staging.raw_idp_2024_mesures_qualite_globale,2601,2025-10-20,,AVAL STEP EL HAJEB,"somme
anions_meq/l3",504570.0,348710.0,26191,0,GEO_ORPHAN_XY_2M,,,,,,
staging.raw_idp_2024_mesures_qualite_globale,2602,2025-10-20,,AVAL STEP EL HAJEB,"somme
anions_mg/l4",504570.0,348710.0,26191,0,GEO_ORPHAN_XY_2M,,,,,,
staging.raw_idp_2024_mesures_qualite_globale,2603,2025-10-20,,AVAL STEP EL HAJEB,Bilan_Ionique,504570.0,348710.0,26191,0,GEO_ORPHAN_XY_2M,,,,,,
staging.raw_idp_2024_mesures_qualite_globale,2604,2025-10-20,,AVAL STEP EL HAJEB,Fe,504570.0,348710.0,26191,0,GEO_ORPHAN_XY_2M,,,,,,
staging.raw_idp_2024_mesures_qualite_globale,2605,2025-10-20,,AVAL STEP EL HAJEB,CT,504570.0,348710.0,26191,0,GEO_ORPHAN_XY_2M,,,,,,
staging.raw_idp_2024_mesures_qualite_globale,2606,2025-10-20,,AVAL STEP EL HAJEB,CF,504570.0,348710.0,26191,0,GEO_ORPHAN_XY_2M,,,,,,
staging.raw_idp_2024_mesures_qualite_globale,2607,2025-10-20,,AVAL STEP EL HAJEB,SF,504570.0,348710.0,26191,0,GEO_ORPHAN_XY_2M,,,,,,
staging.raw_idp_2024_mesures_qualite_globale,2713,2025-10-22,,PA Aval Village Tigrigra,DCO,504961.0,312168.0,26191,0,GEO_ORPHAN_XY_2M,,,,,,
staging.raw_idp_2024_mesures_qualite_globale,2714,2025-10-22,,PA Aval Village Tigrigra,DBO5,504961.0,312168.0,26191,0,GEO_ORPHAN_XY_2M,,,,,,
staging.raw_idp_2024_mesures_qualite_globale,2715,2025-10-22,,PA Aval Village Tigrigra,NTK,504961.0,312168.0,26191,0,GEO_ORPHAN_XY_2M,,,,,,
staging.raw_idp_2024_mesures_qualite_globale,2716,2025-10-22,,PA Aval Village Tigrigra,NH4+ ,504961.0,312168.0,26191,0,GEO_ORPHAN_XY_2M,,,,,,
staging.raw_idp_2024_mesures_qualite_globale,2717,2025-10-22,,PA Aval Village Tigrigra,PT,504961.0,312168.0,26191,0,GEO_ORPHAN_XY_2M,,,,,,
staging.raw_idp_2024_mesures_qualite_globale,2718,2025-10-22,,PA Aval Village Tigrigra,PO43-,504961.0,312168.0,26191,0,GEO_ORPHAN_XY_2M,,,,,,
staging.raw_idp_2024_mesures_qualite_globale,2719,2025-10-22,,PA Aval Village Tigrigra,MES,504961.0,312168.0,26191,0,GEO_ORPHAN_XY_2M,,,,,,
staging.raw_idp_2024_mesures_qualite_globale,2720,2025-10-22,,PA Aval Village Tigrigra,NO3-,504961.0,312168.0,26191,0,GEO_ORPHAN_XY_2M,,,,,,
staging.raw_idp_2024_mesures_qualite_globale,2721,2025-10-22,,PA Aval Village Tigrigra,NO2-,504961.0,312168.0,26191,0,GEO_ORPHAN_XY_2M,,,,,,
staging.raw_idp_2024_mesures_qualite_globale,2722,2025-10-22,,PA Aval Village Tigrigra,Cl-,504961.0,312168.0,26191,0,GEO_ORPHAN_XY_2M,,,,,,
staging.raw_idp_2024_mesures_qualite_globale,2723,2025-10-22,,PA Aval Village Tigrigra,SO4--,504961.0,312168.0,26191,0,GEO_ORPHAN_XY_2M,,,,,,
staging.raw_idp_2024_mesures_qualite_globale,2724,2025-10-22,,PA Aval Village Tigrigra,Ca++,504961.0,312168.0,26191,0,GEO_ORPHAN_XY_2M,,,,,,
staging.raw_idp_2024_mesures_qualite_globale,2725,2025-10-22,,PA Aval Village Tigrigra,Mg++,504961.0,312168.0,26191,0,GEO_ORPHAN_XY_2M,,,,,,
staging.raw_idp_2024_mesures_qualite_globale,2726,2025-10-22,,PA Aval Village Tigrigra,TH,504961.0,312168.0,26191,0,GEO_ORPHAN_XY_2M,,,,,,
staging.raw_idp_2024_mesures_qualite_globale,2727,2025-10-22,,PA Aval Village Tigrigra,Na+,504961.0,312168.0,26191,0,GEO_ORPHAN_XY_2M,,,,,,
staging.raw_idp_2024_mesures_qualite_globale,2728,2025-10-22,,PA Aval Village Tigrigra,K+,504961.0,312168.0,26191,0,GEO_ORPHAN_XY_2M,,,,,,
staging.raw_idp_2024_mesures_qualite_globale,2729,2025-10-22,,PA Aval Village Tigrigra,CT,504961.0,312168.0,26191,0,GEO_ORPHAN_XY_2M,,,,,,
staging.raw_idp_2024_mesures_qualite_globale,2730,2025-10-22,,PA Aval Village Tigrigra,CF,504961.0,312168.0,26191,0,GEO_ORPHAN_XY_2M,,,,,,
staging.raw_idp_2024_mesures_qualite_globale,2731,2025-10-22,,PA Aval Village Tigrigra,SF,504961.0,312168.0,26191,0,GEO_ORPHAN_XY_2M,,,,,,
staging.raw_idp_2024_mesures_qualite_globale,2823,2025-10-22,,AVAL STEP AZROU,DCO,507467.0,313351.0,26191,0,GEO_ORPHAN_XY_2M,,,,,,
staging.raw_idp_2024_mesures_qualite_globale,2824,2025-10-22,,AVAL STEP AZROU,DBO5,507467.0,313351.0,26191,0,GEO_ORPHAN_XY_2M,,,,,,
staging.raw_idp_2024_mesures_qualite_globale,2825,2025-10-22,,AVAL STEP AZROU,NTK,507467.0,313351.0,26191,0,GEO_ORPHAN_XY_2M,,,,,,
staging.raw_idp_2024_mesures_qualite_globale,2826,2025-10-22,,AVAL STEP AZROU,NH4+ ,507467.0,313351.0,26191,0,GEO_ORPHAN_XY_2M,,,,,,
staging.raw_idp_2024_mesures_qualite_globale,2827,2025-10-22,,AVAL STEP AZROU,PT,507467.0,313351.0,26191,0,GEO_ORPHAN_XY_2M,,,,,,
staging.raw_idp_2024_mesures_qualite_globale,2828,2025-10-22,,AVAL STEP AZROU,PO43-,507467.0,313351.0,26191,0,GEO_ORPHAN_XY_2M,,,,,,
staging.raw_idp_2024_mesures_qualite_globale,2829,2025-10-22,,AVAL STEP AZROU,MES,507467.0,313351.0,26191,0,GEO_ORPHAN_XY_2M,,,,,,
staging.raw_idp_2024_mesures_qualite_globale,2830,2025-10-22,,AVAL STEP AZROU,NO3-,507467.0,313351.0,26191,0,GEO_ORPHAN_XY_2M,,,,,,
staging.raw_idp_2024_mesures_qualite_globale,2831,2025-10-22,,AVAL STEP AZROU,NO2-,507467.0,313351.0,26191,0,GEO_ORPHAN_XY_2M,,,,,,
staging.raw_idp_2024_mesures_qualite_globale,2832,2025-10-22,,AVAL STEP AZROU,Cl-,507467.0,313351.0,26191,0,GEO_ORPHAN_XY_2M,,,,,,
staging.raw_idp_2024_mesures_qualite_globale,2833,2025-10-22,,AVAL STEP AZROU,SO4--,507467.0,313351.0,26191,0,GEO_ORPHAN_XY_2M,,,,,,
staging.raw_idp_2024_mesures_qualite_globale,2834,2025-10-22,,AVAL STEP AZROU,TAC_meq/l,507467.0,313351.0,26191,0,GEO_ORPHAN_XY_2M,,,,,,
staging.raw_idp_2024_mesures_qualite_globale,2835,2025-10-22,,AVAL STEP AZROU,TAC_°F,507467.0,313351.0,26191,0,GEO_ORPHAN_XY_2M,,,,,,
staging.raw_idp_2024_mesures_qualite_globale,2836,2025-10-22,,AVAL STEP AZROU,TA_meq/l,507467.0,313351.0,26191,0,GEO_ORPHAN_XY_2M,,,,,,
staging.raw_idp_2024_mesures_qualite_globale,2837,2025-10-22,,AVAL STEP AZROU,TA_°F,507467.0,313351.0,26191,0,GEO_ORPHAN_XY_2M,,,,,,
staging.raw_idp_2024_mesures_qualite_globale,2838,2025-10-22,,AVAL STEP AZROU,HCO3,507467.0,313351.0,26191,0,GEO_ORPHAN_XY_2M,,,,,,
staging.raw_idp_2024_mesures_qualite_globale,2839,2025-10-22,,AVAL STEP AZROU,CO3,507467.0,313351.0,26191,0,GEO_ORPHAN_XY_2M,,,,,,
staging.raw_idp_2024_mesures_qualite_globale,2840,2025-10-22,,AVAL STEP AZROU,Ca++,507467.0,313351.0,26191,0,GEO_ORPHAN_XY_2M,,,,,,
staging.raw_idp_2024_mesures_qualite_globale,2841,2025-10-22,,AVAL STEP AZROU,Mg++,507467.0,313351.0,26191,0,GEO_ORPHAN_XY_2M,,,,,,
staging.raw_idp_2024_mesures_qualite_globale,2842,2025-10-22,,AVAL STEP AZROU,TH,507467.0,313351.0,26191,0,GEO_ORPHAN_XY_2M,,,,,,
staging.raw_idp_2024_mesures_qualite_globale,2843,2025-10-22,,AVAL STEP AZROU,Na+,507467.0,313351.0,26191,0,GEO_ORPHAN_XY_2M,,,,,,
staging.raw_idp_2024_mesures_qualite_globale,2844,2025-10-22,,AVAL STEP AZROU,K+,507467.0,313351.0,26191,0,GEO_ORPHAN_XY_2M,,,,,,
staging.raw_idp_2024_mesures_qualite_globale,2845,2025-10-22,,AVAL STEP AZROU,"somme
anions_meq/l3",507467.0,313351.0,26191,0,GEO_ORPHAN_XY_2M,,,,,,
staging.raw_idp_2024_mesures_qualite_globale,2846,2025-10-22,,AVAL STEP AZROU,"somme
anions_mg/l4",507467.0,313351.0,26191,0,GEO_ORPHAN_XY_2M,,,,,,
staging.raw_idp_2024_mesures_qualite_globale,2847,2025-10-22,,AVAL STEP AZROU,Bilan_Ionique,507467.0,313351.0,26191,0,GEO_ORPHAN_XY_2M,,,,,,
staging.raw_idp_2024_mesures_qualite_globale,2848,2025-10-22,,AVAL STEP AZROU,Fe,507467.0,313351.0,26191,0,GEO_ORPHAN_XY_2M,,,,,,
staging.raw_idp_2024_mesures_qualite_globale,2849,2025-10-22,,AVAL STEP AZROU,CT,507467.0,313351.0,26191,0,GEO_ORPHAN_XY_2M,,,,,,
staging.raw_idp_2024_mesures_qualite_globale,2850,2025-10-22,,AVAL STEP AZROU,CF,507467.0,313351.0,26191,0,GEO_ORPHAN_XY_2M,,,,,,
staging.raw_idp_2024_mesures_qualite_globale,2851,2025-10-22,,AVAL STEP AZROU,SF,507467.0,313351.0,26191,0,GEO_ORPHAN_XY_2M,,,,,,
staging.raw_idp_2024_mesures_qualite_globale,2895,2025-10-24,,AVAL STEP IFRANE,DCO,523437.0,331724.0,26191,0,GEO_ORPHAN_XY_2M,,,,,,
staging.raw_idp_2024_mesures_qualite_globale,2896,2025-10-24,,AVAL STEP IFRANE,DBO5,523437.0,331724.0,26191,0,GEO_ORPHAN_XY_2M,,,,,,
staging.raw_idp_2024_mesures_qualite_globale,2897,2025-10-24,,AVAL STEP IFRANE,NTK,523437.0,331724.0,26191,0,GEO_ORPHAN_XY_2M,,,,,,
staging.raw_idp_2024_mesures_qualite_globale,2898,2025-10-24,,AVAL STEP IFRANE,NH4+ ,523437.0,331724.0,26191,0,GEO_ORPHAN_XY_2M,,,,,,
staging.raw_idp_2024_mesures_qualite_globale,2899,2025-10-24,,AVAL STEP IFRANE,PT,523437.0,331724.0,26191,0,GEO_ORPHAN_XY_2M,,,,,,
staging.raw_idp_2024_mesures_qualite_globale,2900,2025-10-24,,AVAL STEP IFRANE,PO43-,523437.0,331724.0,26191,0,GEO_ORPHAN_XY_2M,,,,,,
staging.raw_idp_2024_mesures_qualite_globale,2901,2025-10-24,,AVAL STEP IFRANE,MES,523437.0,331724.0,26191,0,GEO_ORPHAN_XY_2M,,,,,,
staging.raw_idp_2024_mesures_qualite_globale,2902,2025-10-24,,AVAL STEP IFRANE,NO3-,523437.0,331724.0,26191,0,GEO_ORPHAN_XY_2M,,,,,,
staging.raw_idp_2024_mesures_qualite_globale,2903,2025-10-24,,AVAL STEP IFRANE,NO2-,523437.0,331724.0,26191,0,GEO_ORPHAN_XY_2M,,,,,,
staging.raw_idp_2024_mesures_qualite_globale,2904,2025-10-24,,AVAL STEP IFRANE,Cl-,523437.0,331724.0,26191,0,GEO_ORPHAN_XY_2M,,,,,,
staging.raw_idp_2024_mesures_qualite_globale,2905,2025-10-24,,AVAL STEP IFRANE,SO4--,523437.0,331724.0,26191,0,GEO_ORPHAN_XY_2M,,,,,,
staging.raw_idp_2024_mesures_qualite_globale,2906,2025-10-24,,AVAL STEP IFRANE,TAC_meq/l,523437.0,331724.0,26191,0,GEO_ORPHAN_XY_2M,,,,,,
staging.raw_idp_2024_mesures_qualite_globale,2907,2025-10-24,,AVAL STEP IFRANE,TAC_°F,523437.0,331724.0,26191,0,GEO_ORPHAN_XY_2M,,,,,,
staging.raw_idp_2024_mesures_qualite_globale,2908,2025-10-24,,AVAL STEP IFRANE,TA_meq/l,523437.0,331724.0,26191,0,GEO_ORPHAN_XY_2M,,,,,,
staging.raw_idp_2024_mesures_qualite_globale,2909,2025-10-24,,AVAL STEP IFRANE,TA_°F,523437.0,331724.0,26191,0,GEO_ORPHAN_XY_2M,,,,,,
staging.raw_idp_2024_mesures_qualite_globale,2910,2025-10-24,,AVAL STEP IFRANE,HCO3,523437.0,331724.0,26191,0,GEO_ORPHAN_XY_2M,,,,,,
staging.raw_idp_2024_mesures_qualite_globale,2911,2025-10-24,,AVAL STEP IFRANE,CO3,523437.0,331724.0,26191,0,GEO_ORPHAN_XY_2M,,,,,,
staging.raw_idp_2024_mesures_qualite_globale,2912,2025-10-24,,AVAL STEP IFRANE,Ca++,523437.0,331724.0,26191,0,GEO_ORPHAN_XY_2M,,,,,,
staging.raw_idp_2024_mesures_qualite_globale,2913,2025-10-24,,AVAL STEP IFRANE,Mg++,523437.0,331724.0,26191,0,GEO_ORPHAN_XY_2M,,,,,,
staging.raw_idp_2024_mesures_qualite_globale,2914,2025-10-24,,AVAL STEP IFRANE,TH,523437.0,331724.0,26191,0,GEO_ORPHAN_XY_2M,,,,,,
staging.raw_idp_2024_mesures_qualite_globale,2915,2025-10-24,,AVAL STEP IFRANE,Na+,523437.0,331724.0,26191,0,GEO_ORPHAN_XY_2M,,,,,,
staging.raw_idp_2024_mesures_qualite_globale,2916,2025-10-24,,AVAL STEP IFRANE,K+,523437.0,331724.0,26191,0,GEO_ORPHAN_XY_2M,,,,,,
staging.raw_idp_2024_mesures_qualite_globale,2917,2025-10-24,,AVAL STEP IFRANE,"somme
anions_meq/l3",523437.0,331724.0,26191,0,GEO_ORPHAN_XY_2M,,,,,,
staging.raw_idp_2024_mesures_qualite_globale,2918,2025-10-24,,AVAL STEP IFRANE,"somme
anions_mg/l4",523437.0,331724.0,26191,0,GEO_ORPHAN_XY_2M,,,,,,
staging.raw_idp_2024_mesures_qualite_globale,2919,2025-10-24,,AVAL STEP IFRANE,Bilan_Ionique,523437.0,331724.0,26191,0,GEO_ORPHAN_XY_2M,,,,,,
staging.raw_idp_2024_mesures_qualite_globale,2920,2025-10-24,,AVAL STEP IFRANE,Fe,523437.0,331724.0,26191,0,GEO_ORPHAN_XY_2M,,,,,,
staging.raw_idp_2024_mesures_qualite_globale,2921,2025-10-24,,AVAL STEP IFRANE,CT,523437.0,331724.0,26191,0,GEO_ORPHAN_XY_2M,,,,,,
staging.raw_idp_2024_mesures_qualite_globale,2922,2025-10-24,,AVAL STEP IFRANE,CF,523437.0,331724.0,26191,0,GEO_ORPHAN_XY_2M,,,,,,
staging.raw_idp_2024_mesures_qualite_globale,2923,2025-10-24,,AVAL STEP IFRANE,SF,523437.0,331724.0,26191,0,GEO_ORPHAN_XY_2M,,,,,,
staging.raw_idp_2024_mesures_qualite_globale,2924,2025-10-27,,ATJ_DECH_PE1 ,IP,518542.0,364386.0,26191,0,GEO_ORPHAN_XY_2M,,,,,,
staging.raw_idp_2024_mesures_qualite_globale,2925,2025-10-27,,ATJ_DECH_PE1 ,NH4+ ,518542.0,364386.0,26191,0,GEO_ORPHAN_XY_2M,,,,,,
staging.raw_idp_2024_mesures_qualite_globale,2926,2025-10-27,,ATJ_DECH_PE1 ,"RS 
mesuré",518542.0,364386.0,26191,0,GEO_ORPHAN_XY_2M,,,,,,
staging.raw_idp_2024_mesures_qualite_globale,2927,2025-10-27,,ATJ_DECH_PE1 ,NO3-,518542.0,364386.0,26191,0,GEO_ORPHAN_XY_2M,,,,,,
staging.raw_idp_2024_mesures_qualite_globale,2928,2025-10-27,,ATJ_DECH_PE1 ,NO2-,518542.0,364386.0,26191,0,GEO_ORPHAN_XY_2M,,,,,,
staging.raw_idp_2024_mesures_qualite_globale,2929,2025-10-27,,ATJ_DECH_PE1 ,Cl-,518542.0,364386.0,26191,0,GEO_ORPHAN_XY_2M,,,,,,
staging.raw_idp_2024_mesures_qualite_globale,2930,2025-10-27,,ATJ_DECH_PE1 ,SO4--,518542.0,364386.0,26191,0,GEO_ORPHAN_XY_2M,,,,,,
staging.raw_idp_2024_mesures_qualite_globale,2931,2025-10-27,,ATJ_DECH_PE1 ,TAC_meq/l,518542.0,364386.0,26191,0,GEO_ORPHAN_XY_2M,,,,,,
staging.raw_idp_2024_mesures_qualite_globale,2932,2025-10-27,,ATJ_DECH_PE1 ,TAC_°F,518542.0,364386.0,26191,0,GEO_ORPHAN_XY_2M,,,,,,
staging.raw_idp_2024_mesures_qualite_globale,2933,2025-10-27,,ATJ_DECH_PE1 ,TA_meq/l,518542.0,364386.0,26191,0,GEO_ORPHAN_XY_2M,,,,,,
staging.raw_idp_2024_mesures_qualite_globale,2934,2025-10-27,,ATJ_DECH_PE1 ,TA_°F,518542.0,364386.0,26191,0,GEO_ORPHAN_XY_2M,,,,,,
staging.raw_idp_2024_mesures_qualite_globale,2935,2025-10-27,,ATJ_DECH_PE1 ,HCO3,518542.0,364386.0,26191,0,GEO_ORPHAN_XY_2M,,,,,,
staging.raw_idp_2024_mesures_qualite_globale,2936,2025-10-27,,ATJ_DECH_PE1 ,CO3,518542.0,364386.0,26191,0,GEO_ORPHAN_XY_2M,,,,,,
staging.raw_idp_2024_mesures_qualite_globale,2937,2025-10-27,,ATJ_DECH_PE1 ,Ca++,518542.0,364386.0,26191,0,GEO_ORPHAN_XY_2M,,,,,,
staging.raw_idp_2024_mesures_qualite_globale,2938,2025-10-27,,ATJ_DECH_PE1 ,Mg++,518542.0,364386.0,26191,0,GEO_ORPHAN_XY_2M,,,,,,
staging.raw_idp_2024_mesures_qualite_globale,2939,2025-10-27,,ATJ_DECH_PE1 ,TH,518542.0,364386.0,26191,0,GEO_ORPHAN_XY_2M,,,,,,
staging.raw_idp_2024_mesures_qualite_globale,2940,2025-10-27,,ATJ_DECH_PE1 ,Na+,518542.0,364386.0,26191,0,GEO_ORPHAN_XY_2M,,,,,,
staging.raw_idp_2024_mesures_qualite_globale,2941,2025-10-27,,ATJ_DECH_PE1 ,K+,518542.0,364386.0,26191,0,GEO_ORPHAN_XY_2M,,,,,,
staging.raw_idp_2024_mesures_qualite_globale,2942,2025-10-27,,ATJ_DECH_PE1 ,"somme
anions_meq/l3",518542.0,364386.0,26191,0,GEO_ORPHAN_XY_2M,,,,,,
staging.raw_idp_2024_mesures_qualite_globale,2943,2025-10-27,,ATJ_DECH_PE1 ,"somme
anions_mg/l4",518542.0,364386.0,26191,0,GEO_ORPHAN_XY_2M,,,,,,
staging.raw_idp_2024_mesures_qualite_globale,2944,2025-10-27,,ATJ_DECH_PE1 ,Bilan_Ionique,518542.0,364386.0,26191,0,GEO_ORPHAN_XY_2M,,,,,,
staging.raw_idp_2024_mesures_qualite_globale,2945,2025-10-27,,ATJ_DECH_PE1 ,CT,518542.0,364386.0,26191,0,GEO_ORPHAN_XY_2M,,,,,,
staging.raw_idp_2024_mesures_qualite_globale,2946,2025-10-27,,ATJ_DECH_PE1 ,CF,518542.0,364386.0,26191,0,GEO_ORPHAN_XY_2M,,,,,,
staging.raw_idp_2024_mesures_qualite_globale,2947,2025-10-27,,ATJ_DECH_PE1 ,SF,518542.0,364386.0,26191,0,GEO_ORPHAN_XY_2M,,,,,,
staging.raw_idp_2024_mesures_qualite_globale,2992,2025-10-28,,BHL_DOM_PE1 (PUITS),IP,548010.0,363937.0,26191,0,GEO_ORPHAN_XY_2M,,,,,,
staging.raw_idp_2024_mesures_qualite_globale,2993,2025-10-28,,BHL_DOM_PE1 (PUITS),NH4+ ,548010.0,363937.0,26191,0,GEO_ORPHAN_XY_2M,,,,,,
staging.raw_idp_2024_mesures_qualite_globale,2994,2025-10-28,,BHL_DOM_PE1 (PUITS),"RS 
mesuré",548010.0,363937.0,26191,0,GEO_ORPHAN_XY_2M,,,,,,
staging.raw_idp_2024_mesures_qualite_globale,2995,2025-10-28,,BHL_DOM_PE1 (PUITS),NO3-,548010.0,363937.0,26191,0,GEO_ORPHAN_XY_2M,,,,,,
staging.raw_idp_2024_mesures_qualite_globale,2996,2025-10-28,,BHL_DOM_PE1 (PUITS),NO2-,548010.0,363937.0,26191,0,GEO_ORPHAN_XY_2M,,,,,,
staging.raw_idp_2024_mesures_qualite_globale,2997,2025-10-28,,BHL_DOM_PE1 (PUITS),Cl-,548010.0,363937.0,26191,0,GEO_ORPHAN_XY_2M,,,,,,
staging.raw_idp_2024_mesures_qualite_globale,2998,2025-10-28,,BHL_DOM_PE1 (PUITS),SO4--,548010.0,363937.0,26191,0,GEO_ORPHAN_XY_2M,,,,,,
staging.raw_idp_2024_mesures_qualite_globale,2999,2025-10-28,,BHL_DOM_PE1 (PUITS),Ca++,548010.0,363937.0,26191,0,GEO_ORPHAN_XY_2M,,,,,,
staging.raw_idp_2024_mesures_qualite_globale,3000,2025-10-28,,BHL_DOM_PE1 (PUITS),Mg++,548010.0,363937.0,26191,0,GEO_ORPHAN_XY_2M,,,,,,
staging.raw_idp_2024_mesures_qualite_globale,3001,2025-10-28,,BHL_DOM_PE1 (PUITS),TH,548010.0,363937.0,26191,0,GEO_ORPHAN_XY_2M,,,,,,
staging.raw_idp_2024_mesures_qualite_globale,3002,2025-10-28,,BHL_DOM_PE1 (PUITS),Na+,548010.0,363937.0,26191,0,GEO_ORPHAN_XY_2M,,,,,,
staging.raw_idp_2024_mesures_qualite_globale,3003,2025-10-28,,BHL_DOM_PE1 (PUITS),K+,548010.0,363937.0,26191,0,GEO_ORPHAN_XY_2M,,,,,,
staging.raw_idp_2024_mesures_qualite_globale,3004,2025-10-28,,BHL_DOM_PE1 (PUITS),Fe,548010.0,363937.0,26191,0,GEO_ORPHAN_XY_2M,,,,,,
staging.raw_idp_2024_mesures_qualite_globale,3005,2025-10-28,,BHL_DOM_PE1 (PUITS),Mn,548010.0,363937.0,26191,0,GEO_ORPHAN_XY_2M,,,,,,
staging.raw_idp_2024_mesures_qualite_globale,3006,2025-10-28,,BHL_DOM_PE1 (PUITS),CT,548010.0,363937.0,26191,0,GEO_ORPHAN_XY_2M,,,,,,
staging.raw_idp_2024_mesures_qualite_globale,3007,2025-10-28,,BHL_DOM_PE1 (PUITS),CF,548010.0,363937.0,26191,0,GEO_ORPHAN_XY_2M,,,,,,
staging.raw_idp_2024_mesures_qualite_globale,3008,2025-10-28,,BHL_DOM_PE1 (PUITS),SF,548010.0,363937.0,26191,0,GEO_ORPHAN_XY_2M,,,,,,
staging.raw_idp_2024_mesures_qualite_globale,3009,2025-10-28,,TIS_DEC_PE1 (MEHDI OUAZZANI),IP,566866.0,409680.0,26191,0,GEO_ORPHAN_XY_2M,,,,,,
staging.raw_idp_2024_mesures_qualite_globale,3010,2025-10-28,,TIS_DEC_PE1 (MEHDI OUAZZANI),NH4+ ,566866.0,409680.0,26191,0,GEO_ORPHAN_XY_2M,,,,,,
staging.raw_idp_2024_mesures_qualite_globale,3011,2025-10-28,,TIS_DEC_PE1 (MEHDI OUAZZANI),"RS 
mesuré",566866.0,409680.0,26191,0,GEO_ORPHAN_XY_2M,,,,,,
staging.raw_idp_2024_mesures_qualite_globale,3012,2025-10-28,,TIS_DEC_PE1 (MEHDI OUAZZANI),NO3-,566866.0,409680.0,26191,0,GEO_ORPHAN_XY_2M,,,,,,
staging.raw_idp_2024_mesures_qualite_globale,3013,2025-10-28,,TIS_DEC_PE1 (MEHDI OUAZZANI),NO2-,566866.0,409680.0,26191,0,GEO_ORPHAN_XY_2M,,,,,,
staging.raw_idp_2024_mesures_qualite_globale,3014,2025-10-28,,TIS_DEC_PE1 (MEHDI OUAZZANI),Cl-,566866.0,409680.0,26191,0,GEO_ORPHAN_XY_2M,,,,,,
staging.raw_idp_2024_mesures_qualite_globale,3015,2025-10-28,,TIS_DEC_PE1 (MEHDI OUAZZANI),SO4--,566866.0,409680.0,26191,0,GEO_ORPHAN_XY_2M,,,,,,
staging.raw_idp_2024_mesures_qualite_globale,3016,2025-10-28,,TIS_DEC_PE1 (MEHDI OUAZZANI),Ca++,566866.0,409680.0,26191,0,GEO_ORPHAN_XY_2M,,,,,,
staging.raw_idp_2024_mesures_qualite_globale,3017,2025-10-28,,TIS_DEC_PE1 (MEHDI OUAZZANI),Mg++,566866.0,409680.0,26191,0,GEO_ORPHAN_XY_2M,,,,,,
staging.raw_idp_2024_mesures_qualite_globale,3018,2025-10-28,,TIS_DEC_PE1 (MEHDI OUAZZANI),TH,566866.0,409680.0,26191,0,GEO_ORPHAN_XY_2M,,,,,,
staging.raw_idp_2024_mesures_qualite_globale,3019,2025-10-28,,TIS_DEC_PE1 (MEHDI OUAZZANI),Na+,566866.0,409680.0,26191,0,GEO_ORPHAN_XY_2M,,,,,,
staging.raw_idp_2024_mesures_qualite_globale,3020,2025-10-28,,TIS_DEC_PE1 (MEHDI OUAZZANI),K+,566866.0,409680.0,26191,0,GEO_ORPHAN_XY_2M,,,,,,
staging.raw_idp_2024_mesures_qualite_globale,3021,2025-10-28,,TIS_DEC_PE1 (MEHDI OUAZZANI),Fe,566866.0,409680.0,26191,0,GEO_ORPHAN_XY_2M,,,,,,
staging.raw_idp_2024_mesures_qualite_globale,3022,2025-10-28,,TIS_DEC_PE1 (MEHDI OUAZZANI),Mn,566866.0,409680.0,26191,0,GEO_ORPHAN_XY_2M,,,,,,
staging.raw_idp_2024_mesures_qualite_globale,3023,2025-10-28,,TIS_DEC_PE1 (MEHDI OUAZZANI),CT,566866.0,409680.0,26191,0,GEO_ORPHAN_XY_2M,,,,,,
staging.raw_idp_2024_mesures_qualite_globale,3024,2025-10-28,,TIS_DEC_PE1 (MEHDI OUAZZANI),CF,566866.0,409680.0,26191,0,GEO_ORPHAN_XY_2M,,,,,,
staging.raw_idp_2024_mesures_qualite_globale,3025,2025-10-28,,TIS_DEC_PE1 (MEHDI OUAZZANI),SF,566866.0,409680.0,26191,0,GEO_ORPHAN_XY_2M,,,,,,
staging.raw_idp_2024_mesures_qualite_globale,3110,2025-10-30,,AMONT STEP OUED AMLIL,DBO5,600202.0,406183.0,26191,0,GEO_ORPHAN_XY_2M,,,,,,
staging.raw_idp_2024_mesures_qualite_globale,3111,2025-10-30,,AMONT STEP OUED AMLIL,NTK,600202.0,406183.0,26191,0,GEO_ORPHAN_XY_2M,,,,,,
staging.raw_idp_2024_mesures_qualite_globale,3112,2025-10-30,,AMONT STEP OUED AMLIL,NH4+ ,600202.0,406183.0,26191,0,GEO_ORPHAN_XY_2M,,,,,,
staging.raw_idp_2024_mesures_qualite_globale,3113,2025-10-30,,AMONT STEP OUED AMLIL,PT,600202.0,406183.0,26191,0,GEO_ORPHAN_XY_2M,,,,,,
staging.raw_idp_2024_mesures_qualite_globale,3114,2025-10-30,,AMONT STEP OUED AMLIL,PO43-,600202.0,406183.0,26191,0,GEO_ORPHAN_XY_2M,,,,,,
staging.raw_idp_2024_mesures_qualite_globale,3115,2025-10-30,,AMONT STEP OUED AMLIL,MES,600202.0,406183.0,26191,0,GEO_ORPHAN_XY_2M,,,,,,
staging.raw_idp_2024_mesures_qualite_globale,3116,2025-10-30,,AMONT STEP OUED AMLIL,"DCO  D 
 2h",600202.0,406183.0,26191,0,GEO_ORPHAN_XY_2M,,,,,,
staging.raw_idp_2024_mesures_qualite_globale,3117,2025-10-30,,AMONT STEP OUED AMLIL,NO3-,600202.0,406183.0,26191,0,GEO_ORPHAN_XY_2M,,,,,,
staging.raw_idp_2024_mesures_qualite_globale,3118,2025-10-30,,AMONT STEP OUED AMLIL,NO2-,600202.0,406183.0,26191,0,GEO_ORPHAN_XY_2M,,,,,,
staging.raw_idp_2024_mesures_qualite_globale,3119,2025-10-30,,AMONT STEP OUED AMLIL,Cl-,600202.0,406183.0,26191,0,GEO_ORPHAN_XY_2M,,,,,,
staging.raw_idp_2024_mesures_qualite_globale,3120,2025-10-30,,AMONT STEP OUED AMLIL,SO4--,600202.0,406183.0,26191,0,GEO_ORPHAN_XY_2M,,,,,,
staging.raw_idp_2024_mesures_qualite_globale,3121,2025-10-30,,AMONT STEP OUED AMLIL,Ca++,600202.0,406183.0,26191,0,GEO_ORPHAN_XY_2M,,,,,,
staging.raw_idp_2024_mesures_qualite_globale,3122,2025-10-30,,AMONT STEP OUED AMLIL,Mg++,600202.0,406183.0,26191,0,GEO_ORPHAN_XY_2M,,,,,,
staging.raw_idp_2024_mesures_qualite_globale,3123,2025-10-30,,AMONT STEP OUED AMLIL,TH,600202.0,406183.0,26191,0,GEO_ORPHAN_XY_2M,,,,,,
staging.raw_idp_2024_mesures_qualite_globale,3124,2025-10-30,,AMONT STEP OUED AMLIL,Na+,600202.0,406183.0,26191,0,GEO_ORPHAN_XY_2M,,,,,,
staging.raw_idp_2024_mesures_qualite_globale,3125,2025-10-30,,AMONT STEP OUED AMLIL,K+,600202.0,406183.0,26191,0,GEO_ORPHAN_XY_2M,,,,,,
staging.raw_idp_2024_mesures_qualite_globale,3126,2025-10-30,,AMONT STEP OUED AMLIL,CT,600202.0,406183.0,26191,0,GEO_ORPHAN_XY_2M,,,,,,
staging.raw_idp_2024_mesures_qualite_globale,3127,2025-10-30,,AMONT STEP OUED AMLIL,CF,600202.0,406183.0,26191,0,GEO_ORPHAN_XY_2M,,,,,,
staging.raw_idp_2024_mesures_qualite_globale,3128,2025-10-30,,AMONT STEP OUED AMLIL,SF,600202.0,406183.0,26191,0,GEO_ORPHAN_XY_2M,,,,,,
staging.raw_idp_2024_mesures_qualite_globale,3129,2025-10-30,,AVAL STEP OUED AMLIL,DCO,603267.0,399513.0,26191,0,GEO_ORPHAN_XY_2M,,,,,,
staging.raw_idp_2024_mesures_qualite_globale,3130,2025-10-30,,AVAL STEP OUED AMLIL,DBO5,603267.0,399513.0,26191,0,GEO_ORPHAN_XY_2M,,,,,,
staging.raw_idp_2024_mesures_qualite_globale,3131,2025-10-30,,AVAL STEP OUED AMLIL,NTK,603267.0,399513.0,26191,0,GEO_ORPHAN_XY_2M,,,,,,
staging.raw_idp_2024_mesures_qualite_globale,3132,2025-10-30,,AVAL STEP OUED AMLIL,NH4+ ,603267.0,399513.0,26191,0,GEO_ORPHAN_XY_2M,,,,,,
staging.raw_idp_2024_mesures_qualite_globale,3133,2025-10-30,,AVAL STEP OUED AMLIL,PT,603267.0,399513.0,26191,0,GEO_ORPHAN_XY_2M,,,,,,
staging.raw_idp_2024_mesures_qualite_globale,3134,2025-10-30,,AVAL STEP OUED AMLIL,PO43-,603267.0,399513.0,26191,0,GEO_ORPHAN_XY_2M,,,,,,
staging.raw_idp_2024_mesures_qualite_globale,3135,2025-10-30,,AVAL STEP OUED AMLIL,MES,603267.0,399513.0,26191,0,GEO_ORPHAN_XY_2M,,,,,,
staging.raw_idp_2024_mesures_qualite_globale,3136,2025-10-30,,AVAL STEP OUED AMLIL,Phénol,603267.0,399513.0,26191,0,GEO_ORPHAN_XY_2M,,,,,,
staging.raw_idp_2024_mesures_qualite_globale,3137,2025-10-30,,AVAL STEP OUED AMLIL,"Huiles
Graisses",603267.0,399513.0,26191,0,GEO_ORPHAN_XY_2M,,,,,,
staging.raw_idp_2024_mesures_qualite_globale,3138,2025-10-30,,AVAL STEP OUED AMLIL,NO3-,603267.0,399513.0,26191,0,GEO_ORPHAN_XY_2M,,,,,,
staging.raw_idp_2024_mesures_qualite_globale,3139,2025-10-30,,AVAL STEP OUED AMLIL,NO2-,603267.0,399513.0,26191,0,GEO_ORPHAN_XY_2M,,,,,,
staging.raw_idp_2024_mesures_qualite_globale,3140,2025-10-30,,AVAL STEP OUED AMLIL,Cl-,603267.0,399513.0,26191,0,GEO_ORPHAN_XY_2M,,,,,,
staging.raw_idp_2024_mesures_qualite_globale,3141,2025-10-30,,AVAL STEP OUED AMLIL,SO4--,603267.0,399513.0,26191,0,GEO_ORPHAN_XY_2M,,,,,,
staging.raw_idp_2024_mesures_qualite_globale,3142,2025-10-30,,AVAL STEP OUED AMLIL,Ca++,603267.0,399513.0,26191,0,GEO_ORPHAN_XY_2M,,,,,,
staging.raw_idp_2024_mesures_qualite_globale,3143,2025-10-30,,AVAL STEP OUED AMLIL,Mg++,603267.0,399513.0,26191,0,GEO_ORPHAN_XY_2M,,,,,,
staging.raw_idp_2024_mesures_qualite_globale,3144,2025-10-30,,AVAL STEP OUED AMLIL,TH,603267.0,399513.0,26191,0,GEO_ORPHAN_XY_2M,,,,,,
staging.raw_idp_2024_mesures_qualite_globale,3145,2025-10-30,,AVAL STEP OUED AMLIL,Na+,603267.0,399513.0,26191,0,GEO_ORPHAN_XY_2M,,,,,,
staging.raw_idp_2024_mesures_qualite_globale,3146,2025-10-30,,AVAL STEP OUED AMLIL,K+,603267.0,399513.0,26191,0,GEO_ORPHAN_XY_2M,,,,,,
staging.raw_idp_2024_mesures_qualite_globale,3147,2025-10-30,,AVAL STEP OUED AMLIL,Ag,603267.0,399513.0,26191,0,GEO_ORPHAN_XY_2M,,,,,,
staging.raw_idp_2024_mesures_qualite_globale,3148,2025-10-30,,AVAL STEP OUED AMLIL,Al,603267.0,399513.0,26191,0,GEO_ORPHAN_XY_2M,,,,,,
staging.raw_idp_2024_mesures_qualite_globale,3149,2025-10-30,,AVAL STEP OUED AMLIL,As,603267.0,399513.0,26191,0,GEO_ORPHAN_XY_2M,,,,,,
staging.raw_idp_2024_mesures_qualite_globale,3150,2025-10-30,,AVAL STEP OUED AMLIL,Ba,603267.0,399513.0,26191,0,GEO_ORPHAN_XY_2M,,,,,,
staging.raw_idp_2024_mesures_qualite_globale,3151,2025-10-30,,AVAL STEP OUED AMLIL,Be,603267.0,399513.0,26191,0,GEO_ORPHAN_XY_2M,,,,,,
staging.raw_idp_2024_mesures_qualite_globale,3152,2025-10-30,,AVAL STEP OUED AMLIL,Cd,603267.0,399513.0,26191,0,GEO_ORPHAN_XY_2M,,,,,,
staging.raw_idp_2024_mesures_qualite_globale,3153,2025-10-30,,AVAL STEP OUED AMLIL,Co,603267.0,399513.0,26191,0,GEO_ORPHAN_XY_2M,,,,,,
staging.raw_idp_2024_mesures_qualite_globale,3154,2025-10-30,,AVAL STEP OUED AMLIL,CrT,603267.0,399513.0,26191,0,GEO_ORPHAN_XY_2M,,,,,,
staging.raw_idp_2024_mesures_qualite_globale,3155,2025-10-30,,AVAL STEP OUED AMLIL,Cu,603267.0,399513.0,26191,0,GEO_ORPHAN_XY_2M,,,,,,
staging.raw_idp_2024_mesures_qualite_globale,3156,2025-10-30,,AVAL STEP OUED AMLIL,Fe,603267.0,399513.0,26191,0,GEO_ORPHAN_XY_2M,,,,,,
staging.raw_idp_2024_mesures_qualite_globale,3157,2025-10-30,,AVAL STEP OUED AMLIL,Mn,603267.0,399513.0,26191,0,GEO_ORPHAN_XY_2M,,,,,,
staging.raw_idp_2024_mesures_qualite_globale,3158,2025-10-30,,AVAL STEP OUED AMLIL,Mo,603267.0,399513.0,26191,0,GEO_ORPHAN_XY_2M,,,,,,
staging.raw_idp_2024_mesures_qualite_globale,3159,2025-10-30,,AVAL STEP OUED AMLIL,Ni,603267.0,399513.0,26191,0,GEO_ORPHAN_XY_2M,,,,,,
staging.raw_idp_2024_mesures_qualite_globale,3160,2025-10-30,,AVAL STEP OUED AMLIL,Pb,603267.0,399513.0,26191,0,GEO_ORPHAN_XY_2M,,,,,,
staging.raw_idp_2024_mesures_qualite_globale,3161,2025-10-30,,AVAL STEP OUED AMLIL,Sb,603267.0,399513.0,26191,0,GEO_ORPHAN_XY_2M,,,,,,
staging.raw_idp_2024_mesures_qualite_globale,3162,2025-10-30,,AVAL STEP OUED AMLIL,Se,603267.0,399513.0,26191,0,GEO_ORPHAN_XY_2M,,,,,,
staging.raw_idp_2024_mesures_qualite_globale,3163,2025-10-30,,AVAL STEP OUED AMLIL,Tl,603267.0,399513.0,26191,0,GEO_ORPHAN_XY_2M,,,,,,
staging.raw_idp_2024_mesures_qualite_globale,3164,2025-10-30,,AVAL STEP OUED AMLIL,Sn,603267.0,399513.0,26191,0,GEO_ORPHAN_XY_2M,,,,,,
staging.raw_idp_2024_mesures_qualite_globale,3165,2025-10-30,,AVAL STEP OUED AMLIL,V,603267.0,399513.0,26191,0,GEO_ORPHAN_XY_2M,,,,,,
staging.raw_idp_2024_mesures_qualite_globale,3166,2025-10-30,,AVAL STEP OUED AMLIL,Zn,603267.0,399513.0,26191,0,GEO_ORPHAN_XY_2M,,,,,,
staging.raw_idp_2024_mesures_qualite_globale,3167,2025-10-30,,AVAL STEP OUED AMLIL,Li,603267.0,399513.0,26191,0,GEO_ORPHAN_XY_2M,,,,,,
staging.raw_idp_2024_mesures_qualite_globale,3168,2025-10-30,,AVAL STEP OUED AMLIL,Sr,603267.0,399513.0,26191,0,GEO_ORPHAN_XY_2M,,,,,,
staging.raw_idp_2024_mesures_qualite_globale,3169,2025-10-30,,AVAL STEP OUED AMLIL,CT,603267.0,399513.0,26191,0,GEO_ORPHAN_XY_2M,,,,,,
staging.raw_idp_2024_mesures_qualite_globale,3170,2025-10-30,,AVAL STEP OUED AMLIL,CF,603267.0,399513.0,26191,0,GEO_ORPHAN_XY_2M,,,,,,
staging.raw_idp_2024_mesures_qualite_globale,3171,2025-10-30,,AVAL STEP OUED AMLIL,SF,603267.0,399513.0,26191,0,GEO_ORPHAN_XY_2M,,,,,,
staging.raw_idp_2024_mesures_qualite_globale,3232,2025-10-30,,STATION BAB MARZOUKA,DBO5,615850.0,400850.0,26191,0,GEO_ORPHAN_XY_2M,,,,,,
staging.raw_idp_2024_mesures_qualite_globale,3233,2025-10-30,,STATION BAB MARZOUKA,NTK,615850.0,400850.0,26191,0,GEO_ORPHAN_XY_2M,,,,,,
staging.raw_idp_2024_mesures_qualite_globale,3234,2025-10-30,,STATION BAB MARZOUKA,NH4+ ,615850.0,400850.0,26191,0,GEO_ORPHAN_XY_2M,,,,,,
staging.raw_idp_2024_mesures_qualite_globale,3235,2025-10-30,,STATION BAB MARZOUKA,PT,615850.0,400850.0,26191,0,GEO_ORPHAN_XY_2M,,,,,,
staging.raw_idp_2024_mesures_qualite_globale,3236,2025-10-30,,STATION BAB MARZOUKA,PO43-,615850.0,400850.0,26191,0,GEO_ORPHAN_XY_2M,,,,,,
staging.raw_idp_2024_mesures_qualite_globale,3237,2025-10-30,,STATION BAB MARZOUKA,MES,615850.0,400850.0,26191,0,GEO_ORPHAN_XY_2M,,,,,,
staging.raw_idp_2024_mesures_qualite_globale,3238,2025-10-30,,STATION BAB MARZOUKA,"DCO  D 
 2h",615850.0,400850.0,26191,0,GEO_ORPHAN_XY_2M,,,,,,
staging.raw_idp_2024_mesures_qualite_globale,3239,2025-10-30,,STATION BAB MARZOUKA,NO3-,615850.0,400850.0,26191,0,GEO_ORPHAN_XY_2M,,,,,,
staging.raw_idp_2024_mesures_qualite_globale,3240,2025-10-30,,STATION BAB MARZOUKA,NO2-,615850.0,400850.0,26191,0,GEO_ORPHAN_XY_2M,,,,,,
staging.raw_idp_2024_mesures_qualite_globale,3241,2025-10-30,,STATION BAB MARZOUKA,Cl-,615850.0,400850.0,26191,0,GEO_ORPHAN_XY_2M,,,,,,
staging.raw_idp_2024_mesures_qualite_globale,3242,2025-10-30,,STATION BAB MARZOUKA,SO4--,615850.0,400850.0,26191,0,GEO_ORPHAN_XY_2M,,,,,,
staging.raw_idp_2024_mesures_qualite_globale,3243,2025-10-30,,STATION BAB MARZOUKA,Ca++,615850.0,400850.0,26191,0,GEO_ORPHAN_XY_2M,,,,,,
staging.raw_idp_2024_mesures_qualite_globale,3244,2025-10-30,,STATION BAB MARZOUKA,Mg++,615850.0,400850.0,26191,0,GEO_ORPHAN_XY_2M,,,,,,
staging.raw_idp_2024_mesures_qualite_globale,3245,2025-10-30,,STATION BAB MARZOUKA,TH,615850.0,400850.0,26191,0,GEO_ORPHAN_XY_2M,,,,,,
staging.raw_idp_2024_mesures_qualite_globale,3246,2025-10-30,,STATION BAB MARZOUKA,Na+,615850.0,400850.0,26191,0,GEO_ORPHAN_XY_2M,,,,,,
staging.raw_idp_2024_mesures_qualite_globale,3247,2025-10-30,,STATION BAB MARZOUKA,K+,615850.0,400850.0,26191,0,GEO_ORPHAN_XY_2M,,,,,,
staging.raw_idp_2024_mesures_qualite_globale,3248,2025-10-30,,STATION BAB MARZOUKA,"somme
anions_meq/l3",615850.0,400850.0,26191,0,GEO_ORPHAN_XY_2M,,,,,,
staging.raw_idp_2024_mesures_qualite_globale,3249,2025-10-30,,STATION BAB MARZOUKA,"somme
anions_mg/l4",615850.0,400850.0,26191,0,GEO_ORPHAN_XY_2M,,,,,,
staging.raw_idp_2024_mesures_qualite_globale,3250,2025-10-30,,STATION BAB MARZOUKA,Bilan_Ionique,615850.0,400850.0,26191,0,GEO_ORPHAN_XY_2M,,,,,,
staging.raw_idp_2024_mesures_qualite_globale,3251,2025-10-30,,STATION BAB MARZOUKA,CT,615850.0,400850.0,26191,0,GEO_ORPHAN_XY_2M,,,,,,
staging.raw_idp_2024_mesures_qualite_globale,3252,2025-10-30,,STATION BAB MARZOUKA,CF,615850.0,400850.0,26191,0,GEO_ORPHAN_XY_2M,,,,,,
staging.raw_idp_2024_mesures_qualite_globale,3253,2025-10-30,,STATION BAB MARZOUKA,SF,615850.0,400850.0,26191,0,GEO_ORPHAN_XY_2M,,,,,,
staging.raw_idp_2024_mesures_qualite_globale,3254,2025-10-31,,AVAL REJET MOULAY YAACOUB,DCO,519539.0,388381.0,26191,0,GEO_ORPHAN_XY_2M,,,,,,
staging.raw_idp_2024_mesures_qualite_globale,3255,2025-10-31,,AVAL REJET MOULAY YAACOUB,DBO5,519539.0,388381.0,26191,0,GEO_ORPHAN_XY_2M,,,,,,
staging.raw_idp_2024_mesures_qualite_globale,3256,2025-10-31,,AVAL REJET MOULAY YAACOUB,NTK,519539.0,388381.0,26191,0,GEO_ORPHAN_XY_2M,,,,,,
staging.raw_idp_2024_mesures_qualite_globale,3257,2025-10-31,,AVAL REJET MOULAY YAACOUB,NH4+ ,519539.0,388381.0,26191,0,GEO_ORPHAN_XY_2M,,,,,,
staging.raw_idp_2024_mesures_qualite_globale,3258,2025-10-31,,AVAL REJET MOULAY YAACOUB,PT,519539.0,388381.0,26191,0,GEO_ORPHAN_XY_2M,,,,,,
staging.raw_idp_2024_mesures_qualite_globale,3259,2025-10-31,,AVAL REJET MOULAY YAACOUB,PO43-,519539.0,388381.0,26191,0,GEO_ORPHAN_XY_2M,,,,,,
staging.raw_idp_2024_mesures_qualite_globale,3260,2025-10-31,,AVAL REJET MOULAY YAACOUB,MES,519539.0,388381.0,26191,0,GEO_ORPHAN_XY_2M,,,,,,
staging.raw_idp_2024_mesures_qualite_globale,3261,2025-10-31,,AVAL REJET MOULAY YAACOUB,Phénol,519539.0,388381.0,26191,0,GEO_ORPHAN_XY_2M,,,,,,
staging.raw_idp_2024_mesures_qualite_globale,3262,2025-10-31,,AVAL REJET MOULAY YAACOUB,"Huiles
Graisses",519539.0,388381.0,26191,0,GEO_ORPHAN_XY_2M,,,,,,
staging.raw_idp_2024_mesures_qualite_globale,3263,2025-10-31,,AVAL REJET MOULAY YAACOUB,NO3-,519539.0,388381.0,26191,0,GEO_ORPHAN_XY_2M,,,,,,
staging.raw_idp_2024_mesures_qualite_globale,3264,2025-10-31,,AVAL REJET MOULAY YAACOUB,NO2-,519539.0,388381.0,26191,0,GEO_ORPHAN_XY_2M,,,,,,
staging.raw_idp_2024_mesures_qualite_globale,3265,2025-10-31,,AVAL REJET MOULAY YAACOUB,Cl-,519539.0,388381.0,26191,0,GEO_ORPHAN_XY_2M,,,,,,
staging.raw_idp_2024_mesures_qualite_globale,3266,2025-10-31,,AVAL REJET MOULAY YAACOUB,SO4--,519539.0,388381.0,26191,0,GEO_ORPHAN_XY_2M,,,,,,
staging.raw_idp_2024_mesures_qualite_globale,3267,2025-10-31,,AVAL REJET MOULAY YAACOUB,Ca++,519539.0,388381.0,26191,0,GEO_ORPHAN_XY_2M,,,,,,
staging.raw_idp_2024_mesures_qualite_globale,3268,2025-10-31,,AVAL REJET MOULAY YAACOUB,Mg++,519539.0,388381.0,26191,0,GEO_ORPHAN_XY_2M,,,,,,
staging.raw_idp_2024_mesures_qualite_globale,3269,2025-10-31,,AVAL REJET MOULAY YAACOUB,TH,519539.0,388381.0,26191,0,GEO_ORPHAN_XY_2M,,,,,,
staging.raw_idp_2024_mesures_qualite_globale,3270,2025-10-31,,AVAL REJET MOULAY YAACOUB,Na+,519539.0,388381.0,26191,0,GEO_ORPHAN_XY_2M,,,,,,
staging.raw_idp_2024_mesures_qualite_globale,3271,2025-10-31,,AVAL REJET MOULAY YAACOUB,K+,519539.0,388381.0,26191,0,GEO_ORPHAN_XY_2M,,,,,,
staging.raw_idp_2024_mesures_qualite_globale,3272,2025-10-31,,AVAL REJET MOULAY YAACOUB,Ag,519539.0,388381.0,26191,0,GEO_ORPHAN_XY_2M,,,,,,
staging.raw_idp_2024_mesures_qualite_globale,3273,2025-10-31,,AVAL REJET MOULAY YAACOUB,Al,519539.0,388381.0,26191,0,GEO_ORPHAN_XY_2M,,,,,,
staging.raw_idp_2024_mesures_qualite_globale,3274,2025-10-31,,AVAL REJET MOULAY YAACOUB,As,519539.0,388381.0,26191,0,GEO_ORPHAN_XY_2M,,,,,,
staging.raw_idp_2024_mesures_qualite_globale,3275,2025-10-31,,AVAL REJET MOULAY YAACOUB,Ba,519539.0,388381.0,26191,0,GEO_ORPHAN_XY_2M,,,,,,
staging.raw_idp_2024_mesures_qualite_globale,3276,2025-10-31,,AVAL REJET MOULAY YAACOUB,Be,519539.0,388381.0,26191,0,GEO_ORPHAN_XY_2M,,,,,,
staging.raw_idp_2024_mesures_qualite_globale,3277,2025-10-31,,AVAL REJET MOULAY YAACOUB,Cd,519539.0,388381.0,26191,0,GEO_ORPHAN_XY_2M,,,,,,
staging.raw_idp_2024_mesures_qualite_globale,3278,2025-10-31,,AVAL REJET MOULAY YAACOUB,Co,519539.0,388381.0,26191,0,GEO_ORPHAN_XY_2M,,,,,,
staging.raw_idp_2024_mesures_qualite_globale,3279,2025-10-31,,AVAL REJET MOULAY YAACOUB,CrT,519539.0,388381.0,26191,0,GEO_ORPHAN_XY_2M,,,,,,
staging.raw_idp_2024_mesures_qualite_globale,3280,2025-10-31,,AVAL REJET MOULAY YAACOUB,Cu,519539.0,388381.0,26191,0,GEO_ORPHAN_XY_2M,,,,,,
staging.raw_idp_2024_mesures_qualite_globale,3281,2025-10-31,,AVAL REJET MOULAY YAACOUB,Fe,519539.0,388381.0,26191,0,GEO_ORPHAN_XY_2M,,,,,,
staging.raw_idp_2024_mesures_qualite_globale,3282,2025-10-31,,AVAL REJET MOULAY YAACOUB,Mn,519539.0,388381.0,26191,0,GEO_ORPHAN_XY_2M,,,,,,
staging.raw_idp_2024_mesures_qualite_globale,3283,2025-10-31,,AVAL REJET MOULAY YAACOUB,Mo,519539.0,388381.0,26191,0,GEO_ORPHAN_XY_2M,,,,,,
staging.raw_idp_2024_mesures_qualite_globale,3284,2025-10-31,,AVAL REJET MOULAY YAACOUB,Ni,519539.0,388381.0,26191,0,GEO_ORPHAN_XY_2M,,,,,,
staging.raw_idp_2024_mesures_qualite_globale,3285,2025-10-31,,AVAL REJET MOULAY YAACOUB,Pb,519539.0,388381.0,26191,0,GEO_ORPHAN_XY_2M,,,,,,
staging.raw_idp_2024_mesures_qualite_globale,3286,2025-10-31,,AVAL REJET MOULAY YAACOUB,Sb,519539.0,388381.0,26191,0,GEO_ORPHAN_XY_2M,,,,,,
staging.raw_idp_2024_mesures_qualite_globale,3287,2025-10-31,,AVAL REJET MOULAY YAACOUB,Se,519539.0,388381.0,26191,0,GEO_ORPHAN_XY_2M,,,,,,
staging.raw_idp_2024_mesures_qualite_globale,3288,2025-10-31,,AVAL REJET MOULAY YAACOUB,Tl,519539.0,388381.0,26191,0,GEO_ORPHAN_XY_2M,,,,,,
staging.raw_idp_2024_mesures_qualite_globale,3289,2025-10-31,,AVAL REJET MOULAY YAACOUB,Sn,519539.0,388381.0,26191,0,GEO_ORPHAN_XY_2M,,,,,,
staging.raw_idp_2024_mesures_qualite_globale,3290,2025-10-31,,AVAL REJET MOULAY YAACOUB,V,519539.0,388381.0,26191,0,GEO_ORPHAN_XY_2M,,,,,,
staging.raw_idp_2024_mesures_qualite_globale,3291,2025-10-31,,AVAL REJET MOULAY YAACOUB,Zn,519539.0,388381.0,26191,0,GEO_ORPHAN_XY_2M,,,,,,
staging.raw_idp_2024_mesures_qualite_globale,3292,2025-10-31,,AVAL REJET MOULAY YAACOUB,Li,519539.0,388381.0,26191,0,GEO_ORPHAN_XY_2M,,,,,,
staging.raw_idp_2024_mesures_qualite_globale,3293,2025-10-31,,AVAL REJET MOULAY YAACOUB,Sr,519539.0,388381.0,26191,0,GEO_ORPHAN_XY_2M,,,,,,
staging.raw_idp_2024_mesures_qualite_globale,3294,2025-10-31,,AVAL REJET MOULAY YAACOUB,CT,519539.0,388381.0,26191,0,GEO_ORPHAN_XY_2M,,,,,,
staging.raw_idp_2024_mesures_qualite_globale,3295,2025-10-31,,AVAL REJET MOULAY YAACOUB,CF,519539.0,388381.0,26191,0,GEO_ORPHAN_XY_2M,,,,,,
staging.raw_idp_2024_mesures_qualite_globale,3296,2025-10-31,,AVAL REJET MOULAY YAACOUB,SF,519539.0,388381.0,26191,0,GEO_ORPHAN_XY_2M,,,,,,
staging.raw_idp_2024_mesures_qualite_globale,3297,2025-11-03,,R-KRB_PDE_P2,IP,514760.0,421189.0,26191,0,GEO_ORPHAN_XY_2M,,,,,,
staging.raw_idp_2024_mesures_qualite_globale,3298,2025-11-03,,R-KRB_PDE_P2,NH4+ ,514760.0,421189.0,26191,0,GEO_ORPHAN_XY_2M,,,,,,
staging.raw_idp_2024_mesures_qualite_globale,3299,2025-11-03,,R-KRB_PDE_P2,"RS 
mesuré",514760.0,421189.0,26191,0,GEO_ORPHAN_XY_2M,,,,,,
staging.raw_idp_2024_mesures_qualite_globale,3300,2025-11-03,,R-KRB_PDE_P2,NO3-,514760.0,421189.0,26191,0,GEO_ORPHAN_XY_2M,,,,,,
staging.raw_idp_2024_mesures_qualite_globale,3301,2025-11-03,,R-KRB_PDE_P2,NO2-,514760.0,421189.0,26191,0,GEO_ORPHAN_XY_2M,,,,,,
staging.raw_idp_2024_mesures_qualite_globale,3302,2025-11-03,,R-KRB_PDE_P2,Cl-,514760.0,421189.0,26191,0,GEO_ORPHAN_XY_2M,,,,,,
staging.raw_idp_2024_mesures_qualite_globale,3303,2025-11-03,,R-KRB_PDE_P2,SO4--,514760.0,421189.0,26191,0,GEO_ORPHAN_XY_2M,,,,,,
staging.raw_idp_2024_mesures_qualite_globale,3304,2025-11-03,,R-KRB_PDE_P2,TAC_meq/l,514760.0,421189.0,26191,0,GEO_ORPHAN_XY_2M,,,,,,
staging.raw_idp_2024_mesures_qualite_globale,3305,2025-11-03,,R-KRB_PDE_P2,TAC_°F,514760.0,421189.0,26191,0,GEO_ORPHAN_XY_2M,,,,,,
staging.raw_idp_2024_mesures_qualite_globale,3306,2025-11-03,,R-KRB_PDE_P2,TA_meq/l,514760.0,421189.0,26191,0,GEO_ORPHAN_XY_2M,,,,,,
staging.raw_idp_2024_mesures_qualite_globale,3307,2025-11-03,,R-KRB_PDE_P2,TA_°F,514760.0,421189.0,26191,0,GEO_ORPHAN_XY_2M,,,,,,
staging.raw_idp_2024_mesures_qualite_globale,3308,2025-11-03,,R-KRB_PDE_P2,HCO3,514760.0,421189.0,26191,0,GEO_ORPHAN_XY_2M,,,,,,
staging.raw_idp_2024_mesures_qualite_globale,3309,2025-11-03,,R-KRB_PDE_P2,CO3,514760.0,421189.0,26191,0,GEO_ORPHAN_XY_2M,,,,,,
staging.raw_idp_2024_mesures_qualite_globale,3310,2025-11-03,,R-KRB_PDE_P2,Ca++,514760.0,421189.0,26191,0,GEO_ORPHAN_XY_2M,,,,,,
staging.raw_idp_2024_mesures_qualite_globale,3311,2025-11-03,,R-KRB_PDE_P2,Mg++,514760.0,421189.0,26191,0,GEO_ORPHAN_XY_2M,,,,,,
staging.raw_idp_2024_mesures_qualite_globale,3312,2025-11-03,,R-KRB_PDE_P2,TH,514760.0,421189.0,26191,0,GEO_ORPHAN_XY_2M,,,,,,
staging.raw_idp_2024_mesures_qualite_globale,3313,2025-11-03,,R-KRB_PDE_P2,Na+,514760.0,421189.0,26191,0,GEO_ORPHAN_XY_2M,,,,,,
staging.raw_idp_2024_mesures_qualite_globale,3314,2025-11-03,,R-KRB_PDE_P2,K+,514760.0,421189.0,26191,0,GEO_ORPHAN_XY_2M,,,,,,
staging.raw_idp_2024_mesures_qualite_globale,3315,2025-11-03,,R-KRB_PDE_P2,"somme
anions_meq/l3",514760.0,421189.0,26191,0,GEO_ORPHAN_XY_2M,,,,,,
staging.raw_idp_2024_mesures_qualite_globale,3316,2025-11-03,,R-KRB_PDE_P2,"somme
anions_mg/l4",514760.0,421189.0,26191,0,GEO_ORPHAN_XY_2M,,,,,,
staging.raw_idp_2024_mesures_qualite_globale,3317,2025-11-03,,R-KRB_PDE_P2,Bilan_Ionique,514760.0,421189.0,26191,0,GEO_ORPHAN_XY_2M,,,,,,
staging.raw_idp_2024_mesures_qualite_globale,3318,2025-11-03,,R-KRB_PDE_P2,Fe,514760.0,421189.0,26191,0,GEO_ORPHAN_XY_2M,,,,,,
staging.raw_idp_2024_mesures_qualite_globale,3319,2025-11-03,,R-KRB_PDE_P2,Mn,514760.0,421189.0,26191,0,GEO_ORPHAN_XY_2M,,,,,,
staging.raw_idp_2024_mesures_qualite_globale,3320,2025-11-03,,R-KRB_PDE_P2,CT,514760.0,421189.0,26191,0,GEO_ORPHAN_XY_2M,,,,,,
staging.raw_idp_2024_mesures_qualite_globale,3321,2025-11-03,,R-KRB_PDE_P2,CF,514760.0,421189.0,26191,0,GEO_ORPHAN_XY_2M,,,,,,
staging.raw_idp_2024_mesures_qualite_globale,3322,2025-11-03,,R-KRB_PDE_P2,SF,514760.0,421189.0,26191,0,GEO_ORPHAN_XY_2M,,,,,,
staging.raw_idp_2024_mesures_qualite_globale,3323,2025-11-03,,AMONT SEFROU,DCO,548341.0,358673.0,26191,0,GEO_ORPHAN_XY_2M,,,,,,
staging.raw_idp_2024_mesures_qualite_globale,3324,2025-11-03,,AMONT SEFROU,DBO5,548341.0,358673.0,26191,0,GEO_ORPHAN_XY_2M,,,,,,
staging.raw_idp_2024_mesures_qualite_globale,3325,2025-11-03,,AMONT SEFROU,NTK,548341.0,358673.0,26191,0,GEO_ORPHAN_XY_2M,,,,,,
staging.raw_idp_2024_mesures_qualite_globale,3326,2025-11-03,,AMONT SEFROU,NH4+ ,548341.0,358673.0,26191,0,GEO_ORPHAN_XY_2M,,,,,,
staging.raw_idp_2024_mesures_qualite_globale,3327,2025-11-03,,AMONT SEFROU,PT,548341.0,358673.0,26191,0,GEO_ORPHAN_XY_2M,,,,,,
staging.raw_idp_2024_mesures_qualite_globale,3328,2025-11-03,,AMONT SEFROU,PO43-,548341.0,358673.0,26191,0,GEO_ORPHAN_XY_2M,,,,,,
staging.raw_idp_2024_mesures_qualite_globale,3329,2025-11-03,,AMONT SEFROU,MES,548341.0,358673.0,26191,0,GEO_ORPHAN_XY_2M,,,,,,
staging.raw_idp_2024_mesures_qualite_globale,3330,2025-11-03,,AMONT SEFROU,NO3-,548341.0,358673.0,26191,0,GEO_ORPHAN_XY_2M,,,,,,
staging.raw_idp_2024_mesures_qualite_globale,3331,2025-11-03,,AMONT SEFROU,NO2-,548341.0,358673.0,26191,0,GEO_ORPHAN_XY_2M,,,,,,
staging.raw_idp_2024_mesures_qualite_globale,3332,2025-11-03,,AMONT SEFROU,Cl-,548341.0,358673.0,26191,0,GEO_ORPHAN_XY_2M,,,,,,
staging.raw_idp_2024_mesures_qualite_globale,3333,2025-11-03,,AMONT SEFROU,SO4--,548341.0,358673.0,26191,0,GEO_ORPHAN_XY_2M,,,,,,
staging.raw_idp_2024_mesures_qualite_globale,3334,2025-11-03,,AMONT SEFROU,Ca++,548341.0,358673.0,26191,0,GEO_ORPHAN_XY_2M,,,,,,
staging.raw_idp_2024_mesures_qualite_globale,3335,2025-11-03,,AMONT SEFROU,Mg++,548341.0,358673.0,26191,0,GEO_ORPHAN_XY_2M,,,,,,
staging.raw_idp_2024_mesures_qualite_globale,3336,2025-11-03,,AMONT SEFROU,TH,548341.0,358673.0,26191,0,GEO_ORPHAN_XY_2M,,,,,,
staging.raw_idp_2024_mesures_qualite_globale,3337,2025-11-03,,AMONT SEFROU,CT,548341.0,358673.0,26191,0,GEO_ORPHAN_XY_2M,,,,,,
staging.raw_idp_2024_mesures_qualite_globale,3338,2025-11-03,,AMONT SEFROU,CF,548341.0,358673.0,26191,0,GEO_ORPHAN_XY_2M,,,,,,
staging.raw_idp_2024_mesures_qualite_globale,3339,2025-11-03,,AMONT SEFROU,SF,548341.0,358673.0,26191,0,GEO_ORPHAN_XY_2M,,,,,,
staging.raw_idp_2024_mesures_qualite_globale,3340,2025-11-04,,AVAL REJET SEFROU,DCO,553720.0,361794.0,26191,0,GEO_ORPHAN_XY_2M,,,,,,
staging.raw_idp_2024_mesures_qualite_globale,3341,2025-11-04,,AVAL REJET SEFROU,DBO5,553720.0,361794.0,26191,0,GEO_ORPHAN_XY_2M,,,,,,
staging.raw_idp_2024_mesures_qualite_globale,3342,2025-11-04,,AVAL REJET SEFROU,NTK,553720.0,361794.0,26191,0,GEO_ORPHAN_XY_2M,,,,,,
staging.raw_idp_2024_mesures_qualite_globale,3343,2025-11-04,,AVAL REJET SEFROU,NH4+ ,553720.0,361794.0,26191,0,GEO_ORPHAN_XY_2M,,,,,,
staging.raw_idp_2024_mesures_qualite_globale,3344,2025-11-04,,AVAL REJET SEFROU,PT,553720.0,361794.0,26191,0,GEO_ORPHAN_XY_2M,,,,,,
staging.raw_idp_2024_mesures_qualite_globale,3345,2025-11-04,,AVAL REJET SEFROU,PO43-,553720.0,361794.0,26191,0,GEO_ORPHAN_XY_2M,,,,,,
staging.raw_idp_2024_mesures_qualite_globale,3346,2025-11-04,,AVAL REJET SEFROU,MES,553720.0,361794.0,26191,0,GEO_ORPHAN_XY_2M,,,,,,
staging.raw_idp_2024_mesures_qualite_globale,3347,2025-11-04,,AVAL REJET SEFROU,Phénol,553720.0,361794.0,26191,0,GEO_ORPHAN_XY_2M,,,,,,
staging.raw_idp_2024_mesures_qualite_globale,3348,2025-11-04,,AVAL REJET SEFROU,"Huiles
Graisses",553720.0,361794.0,26191,0,GEO_ORPHAN_XY_2M,,,,,,
staging.raw_idp_2024_mesures_qualite_globale,3349,2025-11-04,,AVAL REJET SEFROU,NO3-,553720.0,361794.0,26191,0,GEO_ORPHAN_XY_2M,,,,,,
staging.raw_idp_2024_mesures_qualite_globale,3350,2025-11-04,,AVAL REJET SEFROU,NO2-,553720.0,361794.0,26191,0,GEO_ORPHAN_XY_2M,,,,,,
staging.raw_idp_2024_mesures_qualite_globale,3351,2025-11-04,,AVAL REJET SEFROU,Cl-,553720.0,361794.0,26191,0,GEO_ORPHAN_XY_2M,,,,,,
staging.raw_idp_2024_mesures_qualite_globale,3352,2025-11-04,,AVAL REJET SEFROU,SO4--,553720.0,361794.0,26191,0,GEO_ORPHAN_XY_2M,,,,,,
staging.raw_idp_2024_mesures_qualite_globale,3353,2025-11-04,,AVAL REJET SEFROU,Ca++,553720.0,361794.0,26191,0,GEO_ORPHAN_XY_2M,,,,,,
staging.raw_idp_2024_mesures_qualite_globale,3354,2025-11-04,,AVAL REJET SEFROU,Mg++,553720.0,361794.0,26191,0,GEO_ORPHAN_XY_2M,,,,,,
staging.raw_idp_2024_mesures_qualite_globale,3355,2025-11-04,,AVAL REJET SEFROU,TH,553720.0,361794.0,26191,0,GEO_ORPHAN_XY_2M,,,,,,
staging.raw_idp_2024_mesures_qualite_globale,3356,2025-11-04,,AVAL REJET SEFROU,Ag,553720.0,361794.0,26191,0,GEO_ORPHAN_XY_2M,,,,,,
staging.raw_idp_2024_mesures_qualite_globale,3357,2025-11-04,,AVAL REJET SEFROU,Al,553720.0,361794.0,26191,0,GEO_ORPHAN_XY_2M,,,,,,
staging.raw_idp_2024_mesures_qualite_globale,3358,2025-11-04,,AVAL REJET SEFROU,As,553720.0,361794.0,26191,0,GEO_ORPHAN_XY_2M,,,,,,
staging.raw_idp_2024_mesures_qualite_globale,3359,2025-11-04,,AVAL REJET SEFROU,Ba,553720.0,361794.0,26191,0,GEO_ORPHAN_XY_2M,,,,,,
staging.raw_idp_2024_mesures_qualite_globale,3360,2025-11-04,,AVAL REJET SEFROU,Be,553720.0,361794.0,26191,0,GEO_ORPHAN_XY_2M,,,,,,
staging.raw_idp_2024_mesures_qualite_globale,3361,2025-11-04,,AVAL REJET SEFROU,Cd,553720.0,361794.0,26191,0,GEO_ORPHAN_XY_2M,,,,,,
staging.raw_idp_2024_mesures_qualite_globale,3362,2025-11-04,,AVAL REJET SEFROU,Co,553720.0,361794.0,26191,0,GEO_ORPHAN_XY_2M,,,,,,
staging.raw_idp_2024_mesures_qualite_globale,3363,2025-11-04,,AVAL REJET SEFROU,CrT,553720.0,361794.0,26191,0,GEO_ORPHAN_XY_2M,,,,,,
staging.raw_idp_2024_mesures_qualite_globale,3364,2025-11-04,,AVAL REJET SEFROU,Cu,553720.0,361794.0,26191,0,GEO_ORPHAN_XY_2M,,,,,,
staging.raw_idp_2024_mesures_qualite_globale,3365,2025-11-04,,AVAL REJET SEFROU,Fe,553720.0,361794.0,26191,0,GEO_ORPHAN_XY_2M,,,,,,
staging.raw_idp_2024_mesures_qualite_globale,3366,2025-11-04,,AVAL REJET SEFROU,Hg,553720.0,361794.0,26191,0,GEO_ORPHAN_XY_2M,,,,,,
staging.raw_idp_2024_mesures_qualite_globale,3367,2025-11-04,,AVAL REJET SEFROU,Mn,553720.0,361794.0,26191,0,GEO_ORPHAN_XY_2M,,,,,,
staging.raw_idp_2024_mesures_qualite_globale,3368,2025-11-04,,AVAL REJET SEFROU,Mo,553720.0,361794.0,26191,0,GEO_ORPHAN_XY_2M,,,,,,
staging.raw_idp_2024_mesures_qualite_globale,3369,2025-11-04,,AVAL REJET SEFROU,Ni,553720.0,361794.0,26191,0,GEO_ORPHAN_XY_2M,,,,,,
staging.raw_idp_2024_mesures_qualite_globale,3370,2025-11-04,,AVAL REJET SEFROU,Pb,553720.0,361794.0,26191,0,GEO_ORPHAN_XY_2M,,,,,,
staging.raw_idp_2024_mesures_qualite_globale,3371,2025-11-04,,AVAL REJET SEFROU,Sb,553720.0,361794.0,26191,0,GEO_ORPHAN_XY_2M,,,,,,
staging.raw_idp_2024_mesures_qualite_globale,3372,2025-11-04,,AVAL REJET SEFROU,Se,553720.0,361794.0,26191,0,GEO_ORPHAN_XY_2M,,,,,,
staging.raw_idp_2024_mesures_qualite_globale,3373,2025-11-04,,AVAL REJET SEFROU,Sn,553720.0,361794.0,26191,0,GEO_ORPHAN_XY_2M,,,,,,
staging.raw_idp_2024_mesures_qualite_globale,3374,2025-11-04,,AVAL REJET SEFROU,V,553720.0,361794.0,26191,0,GEO_ORPHAN_XY_2M,,,,,,
staging.raw_idp_2024_mesures_qualite_globale,3375,2025-11-04,,AVAL REJET SEFROU,Zn,553720.0,361794.0,26191,0,GEO_ORPHAN_XY_2M,,,,,,
staging.raw_idp_2024_mesures_qualite_globale,3376,2025-11-04,,AVAL REJET SEFROU,CT,553720.0,361794.0,26191,0,GEO_ORPHAN_XY_2M,,,,,,
staging.raw_idp_2024_mesures_qualite_globale,3377,2025-11-04,,AVAL REJET SEFROU,CF,553720.0,361794.0,26191,0,GEO_ORPHAN_XY_2M,,,,,,
staging.raw_idp_2024_mesures_qualite_globale,3378,2025-11-04,,AVAL REJET SEFROU,SF,553720.0,361794.0,26191,0,GEO_ORPHAN_XY_2M,,,,,,
staging.raw_idp_2024_mesures_qualite_globale,3455,2025-11-05,,AVAL REJET EL MENZEL,DCO,577329.0,360959.0,26191,0,GEO_ORPHAN_XY_2M,,,,,,
staging.raw_idp_2024_mesures_qualite_globale,3456,2025-11-05,,AVAL REJET EL MENZEL,DBO5,577329.0,360959.0,26191,0,GEO_ORPHAN_XY_2M,,,,,,
staging.raw_idp_2024_mesures_qualite_globale,3457,2025-11-05,,AVAL REJET EL MENZEL,NTK,577329.0,360959.0,26191,0,GEO_ORPHAN_XY_2M,,,,,,
staging.raw_idp_2024_mesures_qualite_globale,3458,2025-11-05,,AVAL REJET EL MENZEL,NH4+ ,577329.0,360959.0,26191,0,GEO_ORPHAN_XY_2M,,,,,,
staging.raw_idp_2024_mesures_qualite_globale,3459,2025-11-05,,AVAL REJET EL MENZEL,PT,577329.0,360959.0,26191,0,GEO_ORPHAN_XY_2M,,,,,,
staging.raw_idp_2024_mesures_qualite_globale,3460,2025-11-05,,AVAL REJET EL MENZEL,PO43-,577329.0,360959.0,26191,0,GEO_ORPHAN_XY_2M,,,,,,
staging.raw_idp_2024_mesures_qualite_globale,3461,2025-11-05,,AVAL REJET EL MENZEL,MES,577329.0,360959.0,26191,0,GEO_ORPHAN_XY_2M,,,,,,
staging.raw_idp_2024_mesures_qualite_globale,3462,2025-11-05,,AVAL REJET EL MENZEL,Phénol,577329.0,360959.0,26191,0,GEO_ORPHAN_XY_2M,,,,,,
staging.raw_idp_2024_mesures_qualite_globale,3463,2025-11-05,,AVAL REJET EL MENZEL,"Huiles
Graisses",577329.0,360959.0,26191,0,GEO_ORPHAN_XY_2M,,,,,,
staging.raw_idp_2024_mesures_qualite_globale,3464,2025-11-05,,AVAL REJET EL MENZEL,NO3-,577329.0,360959.0,26191,0,GEO_ORPHAN_XY_2M,,,,,,
staging.raw_idp_2024_mesures_qualite_globale,3465,2025-11-05,,AVAL REJET EL MENZEL,NO2-,577329.0,360959.0,26191,0,GEO_ORPHAN_XY_2M,,,,,,
staging.raw_idp_2024_mesures_qualite_globale,3466,2025-11-05,,AVAL REJET EL MENZEL,Cl-,577329.0,360959.0,26191,0,GEO_ORPHAN_XY_2M,,,,,,
staging.raw_idp_2024_mesures_qualite_globale,3467,2025-11-05,,AVAL REJET EL MENZEL,SO4--,577329.0,360959.0,26191,0,GEO_ORPHAN_XY_2M,,,,,,
staging.raw_idp_2024_mesures_qualite_globale,3468,2025-11-05,,AVAL REJET EL MENZEL,Ca++,577329.0,360959.0,26191,0,GEO_ORPHAN_XY_2M,,,,,,
staging.raw_idp_2024_mesures_qualite_globale,3469,2025-11-05,,AVAL REJET EL MENZEL,Mg++,577329.0,360959.0,26191,0,GEO_ORPHAN_XY_2M,,,,,,
staging.raw_idp_2024_mesures_qualite_globale,3470,2025-11-05,,AVAL REJET EL MENZEL,TH,577329.0,360959.0,26191,0,GEO_ORPHAN_XY_2M,,,,,,
staging.raw_idp_2024_mesures_qualite_globale,3471,2025-11-05,,AVAL REJET EL MENZEL,Ag,577329.0,360959.0,26191,0,GEO_ORPHAN_XY_2M,,,,,,
staging.raw_idp_2024_mesures_qualite_globale,3472,2025-11-05,,AVAL REJET EL MENZEL,Al,577329.0,360959.0,26191,0,GEO_ORPHAN_XY_2M,,,,,,
staging.raw_idp_2024_mesures_qualite_globale,3473,2025-11-05,,AVAL REJET EL MENZEL,As,577329.0,360959.0,26191,0,GEO_ORPHAN_XY_2M,,,,,,
staging.raw_idp_2024_mesures_qualite_globale,3474,2025-11-05,,AVAL REJET EL MENZEL,Ba,577329.0,360959.0,26191,0,GEO_ORPHAN_XY_2M,,,,,,
staging.raw_idp_2024_mesures_qualite_globale,3475,2025-11-05,,AVAL REJET EL MENZEL,Be,577329.0,360959.0,26191,0,GEO_ORPHAN_XY_2M,,,,,,
staging.raw_idp_2024_mesures_qualite_globale,3476,2025-11-05,,AVAL REJET EL MENZEL,Cd,577329.0,360959.0,26191,0,GEO_ORPHAN_XY_2M,,,,,,
staging.raw_idp_2024_mesures_qualite_globale,3477,2025-11-05,,AVAL REJET EL MENZEL,Co,577329.0,360959.0,26191,0,GEO_ORPHAN_XY_2M,,,,,,
staging.raw_idp_2024_mesures_qualite_globale,3478,2025-11-05,,AVAL REJET EL MENZEL,CrT,577329.0,360959.0,26191,0,GEO_ORPHAN_XY_2M,,,,,,
staging.raw_idp_2024_mesures_qualite_globale,3479,2025-11-05,,AVAL REJET EL MENZEL,Cu,577329.0,360959.0,26191,0,GEO_ORPHAN_XY_2M,,,,,,
staging.raw_idp_2024_mesures_qualite_globale,3480,2025-11-05,,AVAL REJET EL MENZEL,Fe,577329.0,360959.0,26191,0,GEO_ORPHAN_XY_2M,,,,,,
staging.raw_idp_2024_mesures_qualite_globale,3481,2025-11-05,,AVAL REJET EL MENZEL,Hg,577329.0,360959.0,26191,0,GEO_ORPHAN_XY_2M,,,,,,
staging.raw_idp_2024_mesures_qualite_globale,3482,2025-11-05,,AVAL REJET EL MENZEL,Mn,577329.0,360959.0,26191,0,GEO_ORPHAN_XY_2M,,,,,,
staging.raw_idp_2024_mesures_qualite_globale,3483,2025-11-05,,AVAL REJET EL MENZEL,Mo,577329.0,360959.0,26191,0,GEO_ORPHAN_XY_2M,,,,,,
staging.raw_idp_2024_mesures_qualite_globale,3484,2025-11-05,,AVAL REJET EL MENZEL,Ni,577329.0,360959.0,26191,0,GEO_ORPHAN_XY_2M,,,,,,
staging.raw_idp_2024_mesures_qualite_globale,3485,2025-11-05,,AVAL REJET EL MENZEL,Pb,577329.0,360959.0,26191,0,GEO_ORPHAN_XY_2M,,,,,,
staging.raw_idp_2024_mesures_qualite_globale,3486,2025-11-05,,AVAL REJET EL MENZEL,Sb,577329.0,360959.0,26191,0,GEO_ORPHAN_XY_2M,,,,,,
staging.raw_idp_2024_mesures_qualite_globale,3487,2025-11-05,,AVAL REJET EL MENZEL,Se,577329.0,360959.0,26191,0,GEO_ORPHAN_XY_2M,,,,,,
staging.raw_idp_2024_mesures_qualite_globale,3488,2025-11-05,,AVAL REJET EL MENZEL,Sn,577329.0,360959.0,26191,0,GEO_ORPHAN_XY_2M,,,,,,
staging.raw_idp_2024_mesures_qualite_globale,3489,2025-11-05,,AVAL REJET EL MENZEL,V,577329.0,360959.0,26191,0,GEO_ORPHAN_XY_2M,,,,,,
staging.raw_idp_2024_mesures_qualite_globale,3490,2025-11-05,,AVAL REJET EL MENZEL,Zn,577329.0,360959.0,26191,0,GEO_ORPHAN_XY_2M,,,,,,
staging.raw_idp_2024_mesures_qualite_globale,3491,2025-11-05,,AVAL REJET EL MENZEL,CT,577329.0,360959.0,26191,0,GEO_ORPHAN_XY_2M,,,,,,
staging.raw_idp_2024_mesures_qualite_globale,3492,2025-11-05,,AVAL REJET EL MENZEL,CF,577329.0,360959.0,26191,0,GEO_ORPHAN_XY_2M,,,,,,
staging.raw_idp_2024_mesures_qualite_globale,3493,2025-11-05,,AVAL REJET EL MENZEL,SF,577329.0,360959.0,26191,0,GEO_ORPHAN_XY_2M,,,,,,
staging.raw_idp_2024_mesures_qualite_globale,3556,2025-11-07,,AVAL REJET AIN CHEGGAG,DCO,532794.0,366268.0,26191,0,GEO_ORPHAN_XY_2M,,,,,,
staging.raw_idp_2024_mesures_qualite_globale,3557,2025-11-07,,AVAL REJET AIN CHEGGAG,DBO5,532794.0,366268.0,26191,0,GEO_ORPHAN_XY_2M,,,,,,
staging.raw_idp_2024_mesures_qualite_globale,3558,2025-11-07,,AVAL REJET AIN CHEGGAG,NTK,532794.0,366268.0,26191,0,GEO_ORPHAN_XY_2M,,,,,,
staging.raw_idp_2024_mesures_qualite_globale,3559,2025-11-07,,AVAL REJET AIN CHEGGAG,NH4+ ,532794.0,366268.0,26191,0,GEO_ORPHAN_XY_2M,,,,,,
staging.raw_idp_2024_mesures_qualite_globale,3560,2025-11-07,,AVAL REJET AIN CHEGGAG,PT,532794.0,366268.0,26191,0,GEO_ORPHAN_XY_2M,,,,,,
staging.raw_idp_2024_mesures_qualite_globale,3561,2025-11-07,,AVAL REJET AIN CHEGGAG,PO43-,532794.0,366268.0,26191,0,GEO_ORPHAN_XY_2M,,,,,,
staging.raw_idp_2024_mesures_qualite_globale,3562,2025-11-07,,AVAL REJET AIN CHEGGAG,MES,532794.0,366268.0,26191,0,GEO_ORPHAN_XY_2M,,,,,,
staging.raw_idp_2024_mesures_qualite_globale,3563,2025-11-07,,AVAL REJET AIN CHEGGAG,Phénol,532794.0,366268.0,26191,0,GEO_ORPHAN_XY_2M,,,,,,
staging.raw_idp_2024_mesures_qualite_globale,3564,2025-11-07,,AVAL REJET AIN CHEGGAG,"Huiles
Graisses",532794.0,366268.0,26191,0,GEO_ORPHAN_XY_2M,,,,,,
staging.raw_idp_2024_mesures_qualite_globale,3565,2025-11-07,,AVAL REJET AIN CHEGGAG,NO3-,532794.0,366268.0,26191,0,GEO_ORPHAN_XY_2M,,,,,,
staging.raw_idp_2024_mesures_qualite_globale,3566,2025-11-07,,AVAL REJET AIN CHEGGAG,NO2-,532794.0,366268.0,26191,0,GEO_ORPHAN_XY_2M,,,,,,
staging.raw_idp_2024_mesures_qualite_globale,3567,2025-11-07,,AVAL REJET AIN CHEGGAG,Cl-,532794.0,366268.0,26191,0,GEO_ORPHAN_XY_2M,,,,,,
staging.raw_idp_2024_mesures_qualite_globale,3568,2025-11-07,,AVAL REJET AIN CHEGGAG,SO4--,532794.0,366268.0,26191,0,GEO_ORPHAN_XY_2M,,,,,,
staging.raw_idp_2024_mesures_qualite_globale,3569,2025-11-07,,AVAL REJET AIN CHEGGAG,Ca++,532794.0,366268.0,26191,0,GEO_ORPHAN_XY_2M,,,,,,
staging.raw_idp_2024_mesures_qualite_globale,3570,2025-11-07,,AVAL REJET AIN CHEGGAG,Mg++,532794.0,366268.0,26191,0,GEO_ORPHAN_XY_2M,,,,,,
staging.raw_idp_2024_mesures_qualite_globale,3571,2025-11-07,,AVAL REJET AIN CHEGGAG,TH,532794.0,366268.0,26191,0,GEO_ORPHAN_XY_2M,,,,,,
staging.raw_idp_2024_mesures_qualite_globale,3572,2025-11-07,,AVAL REJET AIN CHEGGAG,Ag,532794.0,366268.0,26191,0,GEO_ORPHAN_XY_2M,,,,,,
staging.raw_idp_2024_mesures_qualite_globale,3573,2025-11-07,,AVAL REJET AIN CHEGGAG,Al,532794.0,366268.0,26191,0,GEO_ORPHAN_XY_2M,,,,,,
staging.raw_idp_2024_mesures_qualite_globale,3574,2025-11-07,,AVAL REJET AIN CHEGGAG,As,532794.0,366268.0,26191,0,GEO_ORPHAN_XY_2M,,,,,,
staging.raw_idp_2024_mesures_qualite_globale,3575,2025-11-07,,AVAL REJET AIN CHEGGAG,Ba,532794.0,366268.0,26191,0,GEO_ORPHAN_XY_2M,,,,,,
staging.raw_idp_2024_mesures_qualite_globale,3576,2025-11-07,,AVAL REJET AIN CHEGGAG,Be,532794.0,366268.0,26191,0,GEO_ORPHAN_XY_2M,,,,,,
staging.raw_idp_2024_mesures_qualite_globale,3577,2025-11-07,,AVAL REJET AIN CHEGGAG,Cd,532794.0,366268.0,26191,0,GEO_ORPHAN_XY_2M,,,,,,
staging.raw_idp_2024_mesures_qualite_globale,3578,2025-11-07,,AVAL REJET AIN CHEGGAG,Co,532794.0,366268.0,26191,0,GEO_ORPHAN_XY_2M,,,,,,
staging.raw_idp_2024_mesures_qualite_globale,3579,2025-11-07,,AVAL REJET AIN CHEGGAG,CrT,532794.0,366268.0,26191,0,GEO_ORPHAN_XY_2M,,,,,,
staging.raw_idp_2024_mesures_qualite_globale,3580,2025-11-07,,AVAL REJET AIN CHEGGAG,Cu,532794.0,366268.0,26191,0,GEO_ORPHAN_XY_2M,,,,,,
staging.raw_idp_2024_mesures_qualite_globale,3581,2025-11-07,,AVAL REJET AIN CHEGGAG,Fe,532794.0,366268.0,26191,0,GEO_ORPHAN_XY_2M,,,,,,
staging.raw_idp_2024_mesures_qualite_globale,3582,2025-11-07,,AVAL REJET AIN CHEGGAG,Hg,532794.0,366268.0,26191,0,GEO_ORPHAN_XY_2M,,,,,,
staging.raw_idp_2024_mesures_qualite_globale,3583,2025-11-07,,AVAL REJET AIN CHEGGAG,Mn,532794.0,366268.0,26191,0,GEO_ORPHAN_XY_2M,,,,,,
staging.raw_idp_2024_mesures_qualite_globale,3584,2025-11-07,,AVAL REJET AIN CHEGGAG,Mo,532794.0,366268.0,26191,0,GEO_ORPHAN_XY_2M,,,,,,
staging.raw_idp_2024_mesures_qualite_globale,3585,2025-11-07,,AVAL REJET AIN CHEGGAG,Ni,532794.0,366268.0,26191,0,GEO_ORPHAN_XY_2M,,,,,,
staging.raw_idp_2024_mesures_qualite_globale,3586,2025-11-07,,AVAL REJET AIN CHEGGAG,Pb,532794.0,366268.0,26191,0,GEO_ORPHAN_XY_2M,,,,,,
staging.raw_idp_2024_mesures_qualite_globale,3587,2025-11-07,,AVAL REJET AIN CHEGGAG,Sb,532794.0,366268.0,26191,0,GEO_ORPHAN_XY_2M,,,,,,
staging.raw_idp_2024_mesures_qualite_globale,3588,2025-11-07,,AVAL REJET AIN CHEGGAG,Se,532794.0,366268.0,26191,0,GEO_ORPHAN_XY_2M,,,,,,
staging.raw_idp_2024_mesures_qualite_globale,3589,2025-11-07,,AVAL REJET AIN CHEGGAG,Sn,532794.0,366268.0,26191,0,GEO_ORPHAN_XY_2M,,,,,,
staging.raw_idp_2024_mesures_qualite_globale,3590,2025-11-07,,AVAL REJET AIN CHEGGAG,V,532794.0,366268.0,26191,0,GEO_ORPHAN_XY_2M,,,,,,
staging.raw_idp_2024_mesures_qualite_globale,3591,2025-11-07,,AVAL REJET AIN CHEGGAG,Zn,532794.0,366268.0,26191,0,GEO_ORPHAN_XY_2M,,,,,,
staging.raw_idp_2024_mesures_qualite_globale,3592,2025-11-07,,AVAL REJET AIN CHEGGAG,CT,532794.0,366268.0,26191,0,GEO_ORPHAN_XY_2M,,,,,,
staging.raw_idp_2024_mesures_qualite_globale,3593,2025-11-07,,AVAL REJET AIN CHEGGAG,CF,532794.0,366268.0,26191,0,GEO_ORPHAN_XY_2M,,,,,,
staging.raw_idp_2024_mesures_qualite_globale,3594,2025-11-07,,AVAL REJET AIN CHEGGAG,SF,532794.0,366268.0,26191,0,GEO_ORPHAN_XY_2M,,,,,,
staging.raw_idp_2024_mesures_qualite_globale,3618,2025-11-10,,AVAL OUED IFRANE,DCO,491102.0,300558.0,26191,0,GEO_ORPHAN_XY_2M,,,,,,
staging.raw_idp_2024_mesures_qualite_globale,3619,2025-11-10,,AVAL OUED IFRANE,DBO5,491102.0,300558.0,26191,0,GEO_ORPHAN_XY_2M,,,,,,
staging.raw_idp_2024_mesures_qualite_globale,3620,2025-11-10,,AVAL OUED IFRANE,NTK,491102.0,300558.0,26191,0,GEO_ORPHAN_XY_2M,,,,,,
staging.raw_idp_2024_mesures_qualite_globale,3621,2025-11-10,,AVAL OUED IFRANE,NH4+ ,491102.0,300558.0,26191,0,GEO_ORPHAN_XY_2M,,,,,,
staging.raw_idp_2024_mesures_qualite_globale,3622,2025-11-10,,AVAL OUED IFRANE,PT,491102.0,300558.0,26191,0,GEO_ORPHAN_XY_2M,,,,,,
staging.raw_idp_2024_mesures_qualite_globale,3623,2025-11-10,,AVAL OUED IFRANE,PO43-,491102.0,300558.0,26191,0,GEO_ORPHAN_XY_2M,,,,,,
staging.raw_idp_2024_mesures_qualite_globale,3624,2025-11-10,,AVAL OUED IFRANE,MES,491102.0,300558.0,26191,0,GEO_ORPHAN_XY_2M,,,,,,
staging.raw_idp_2024_mesures_qualite_globale,3625,2025-11-10,,AVAL OUED IFRANE,NO3-,491102.0,300558.0,26191,0,GEO_ORPHAN_XY_2M,,,,,,
staging.raw_idp_2024_mesures_qualite_globale,3626,2025-11-10,,AVAL OUED IFRANE,NO2-,491102.0,300558.0,26191,0,GEO_ORPHAN_XY_2M,,,,,,
staging.raw_idp_2024_mesures_qualite_globale,3627,2025-11-10,,AVAL OUED IFRANE,Cl-,491102.0,300558.0,26191,0,GEO_ORPHAN_XY_2M,,,,,,
staging.raw_idp_2024_mesures_qualite_globale,3628,2025-11-10,,AVAL OUED IFRANE,SO4--,491102.0,300558.0,26191,0,GEO_ORPHAN_XY_2M,,,,,,
staging.raw_idp_2024_mesures_qualite_globale,3629,2025-11-10,,AVAL OUED IFRANE,Ca++,491102.0,300558.0,26191,0,GEO_ORPHAN_XY_2M,,,,,,
staging.raw_idp_2024_mesures_qualite_globale,3630,2025-11-10,,AVAL OUED IFRANE,Mg++,491102.0,300558.0,26191,0,GEO_ORPHAN_XY_2M,,,,,,
staging.raw_idp_2024_mesures_qualite_globale,3631,2025-11-10,,AVAL OUED IFRANE,TH,491102.0,300558.0,26191,0,GEO_ORPHAN_XY_2M,,,,,,
staging.raw_idp_2024_mesures_qualite_globale,3632,2025-11-10,,AVAL OUED IFRANE,CT,491102.0,300558.0,26191,0,GEO_ORPHAN_XY_2M,,,,,,
staging.raw_idp_2024_mesures_qualite_globale,3633,2025-11-10,,AVAL OUED IFRANE,CF,491102.0,300558.0,26191,0,GEO_ORPHAN_XY_2M,,,,,,
staging.raw_idp_2024_mesures_qualite_globale,3634,2025-11-10,,AVAL OUED IFRANE,SF,491102.0,300558.0,26191,0,GEO_ORPHAN_XY_2M,,,,,,
staging.raw_idp_2024_mesures_qualite_globale,3635,2025-11-10,,AVAL AIN LEUH,DCO,504884.0,300497.0,26191,0,GEO_ORPHAN_XY_2M,,,,,,
staging.raw_idp_2024_mesures_qualite_globale,3636,2025-11-10,,AVAL AIN LEUH,DBO5,504884.0,300497.0,26191,0,GEO_ORPHAN_XY_2M,,,,,,
staging.raw_idp_2024_mesures_qualite_globale,3637,2025-11-10,,AVAL AIN LEUH,NTK,504884.0,300497.0,26191,0,GEO_ORPHAN_XY_2M,,,,,,
staging.raw_idp_2024_mesures_qualite_globale,3638,2025-11-10,,AVAL AIN LEUH,NH4+ ,504884.0,300497.0,26191,0,GEO_ORPHAN_XY_2M,,,,,,
staging.raw_idp_2024_mesures_qualite_globale,3639,2025-11-10,,AVAL AIN LEUH,PT,504884.0,300497.0,26191,0,GEO_ORPHAN_XY_2M,,,,,,
staging.raw_idp_2024_mesures_qualite_globale,3640,2025-11-10,,AVAL AIN LEUH,PO43-,504884.0,300497.0,26191,0,GEO_ORPHAN_XY_2M,,,,,,
staging.raw_idp_2024_mesures_qualite_globale,3641,2025-11-10,,AVAL AIN LEUH,MES,504884.0,300497.0,26191,0,GEO_ORPHAN_XY_2M,,,,,,
staging.raw_idp_2024_mesures_qualite_globale,3642,2025-11-10,,AVAL AIN LEUH,Phénol,504884.0,300497.0,26191,0,GEO_ORPHAN_XY_2M,,,,,,
staging.raw_idp_2024_mesures_qualite_globale,3643,2025-11-10,,AVAL AIN LEUH,"Huiles
Graisses",504884.0,300497.0,26191,0,GEO_ORPHAN_XY_2M,,,,,,
staging.raw_idp_2024_mesures_qualite_globale,3644,2025-11-10,,AVAL AIN LEUH,NO3-,504884.0,300497.0,26191,0,GEO_ORPHAN_XY_2M,,,,,,
staging.raw_idp_2024_mesures_qualite_globale,3645,2025-11-10,,AVAL AIN LEUH,NO2-,504884.0,300497.0,26191,0,GEO_ORPHAN_XY_2M,,,,,,
staging.raw_idp_2024_mesures_qualite_globale,3646,2025-11-10,,AVAL AIN LEUH,Cl-,504884.0,300497.0,26191,0,GEO_ORPHAN_XY_2M,,,,,,
staging.raw_idp_2024_mesures_qualite_globale,3647,2025-11-10,,AVAL AIN LEUH,SO4--,504884.0,300497.0,26191,0,GEO_ORPHAN_XY_2M,,,,,,
staging.raw_idp_2024_mesures_qualite_globale,3648,2025-11-10,,AVAL AIN LEUH,Ca++,504884.0,300497.0,26191,0,GEO_ORPHAN_XY_2M,,,,,,
staging.raw_idp_2024_mesures_qualite_globale,3649,2025-11-10,,AVAL AIN LEUH,Mg++,504884.0,300497.0,26191,0,GEO_ORPHAN_XY_2M,,,,,,
staging.raw_idp_2024_mesures_qualite_globale,3650,2025-11-10,,AVAL AIN LEUH,TH,504884.0,300497.0,26191,0,GEO_ORPHAN_XY_2M,,,,,,
staging.raw_idp_2024_mesures_qualite_globale,3651,2025-11-10,,AVAL AIN LEUH,Ag,504884.0,300497.0,26191,0,GEO_ORPHAN_XY_2M,,,,,,
staging.raw_idp_2024_mesures_qualite_globale,3652,2025-11-10,,AVAL AIN LEUH,Al,504884.0,300497.0,26191,0,GEO_ORPHAN_XY_2M,,,,,,
staging.raw_idp_2024_mesures_qualite_globale,3653,2025-11-10,,AVAL AIN LEUH,As,504884.0,300497.0,26191,0,GEO_ORPHAN_XY_2M,,,,,,
staging.raw_idp_2024_mesures_qualite_globale,3654,2025-11-10,,AVAL AIN LEUH,Ba,504884.0,300497.0,26191,0,GEO_ORPHAN_XY_2M,,,,,,
staging.raw_idp_2024_mesures_qualite_globale,3655,2025-11-10,,AVAL AIN LEUH,Be,504884.0,300497.0,26191,0,GEO_ORPHAN_XY_2M,,,,,,
staging.raw_idp_2024_mesures_qualite_globale,3656,2025-11-10,,AVAL AIN LEUH,Cd,504884.0,300497.0,26191,0,GEO_ORPHAN_XY_2M,,,,,,
staging.raw_idp_2024_mesures_qualite_globale,3657,2025-11-10,,AVAL AIN LEUH,Co,504884.0,300497.0,26191,0,GEO_ORPHAN_XY_2M,,,,,,
staging.raw_idp_2024_mesures_qualite_globale,3658,2025-11-10,,AVAL AIN LEUH,CrT,504884.0,300497.0,26191,0,GEO_ORPHAN_XY_2M,,,,,,
staging.raw_idp_2024_mesures_qualite_globale,3659,2025-11-10,,AVAL AIN LEUH,Cu,504884.0,300497.0,26191,0,GEO_ORPHAN_XY_2M,,,,,,
staging.raw_idp_2024_mesures_qualite_globale,3660,2025-11-10,,AVAL AIN LEUH,Fe,504884.0,300497.0,26191,0,GEO_ORPHAN_XY_2M,,,,,,
staging.raw_idp_2024_mesures_qualite_globale,3661,2025-11-10,,AVAL AIN LEUH,Hg,504884.0,300497.0,26191,0,GEO_ORPHAN_XY_2M,,,,,,
staging.raw_idp_2024_mesures_qualite_globale,3662,2025-11-10,,AVAL AIN LEUH,Mn,504884.0,300497.0,26191,0,GEO_ORPHAN_XY_2M,,,,,,
staging.raw_idp_2024_mesures_qualite_globale,3663,2025-11-10,,AVAL AIN LEUH,Mo,504884.0,300497.0,26191,0,GEO_ORPHAN_XY_2M,,,,,,
staging.raw_idp_2024_mesures_qualite_globale,3664,2025-11-10,,AVAL AIN LEUH,Ni,504884.0,300497.0,26191,0,GEO_ORPHAN_XY_2M,,,,,,
staging.raw_idp_2024_mesures_qualite_globale,3665,2025-11-10,,AVAL AIN LEUH,Pb,504884.0,300497.0,26191,0,GEO_ORPHAN_XY_2M,,,,,,
staging.raw_idp_2024_mesures_qualite_globale,3666,2025-11-10,,AVAL AIN LEUH,Sb,504884.0,300497.0,26191,0,GEO_ORPHAN_XY_2M,,,,,,
staging.raw_idp_2024_mesures_qualite_globale,3667,2025-11-10,,AVAL AIN LEUH,Se,504884.0,300497.0,26191,0,GEO_ORPHAN_XY_2M,,,,,,
staging.raw_idp_2024_mesures_qualite_globale,3668,2025-11-10,,AVAL AIN LEUH,Sn,504884.0,300497.0,26191,0,GEO_ORPHAN_XY_2M,,,,,,
staging.raw_idp_2024_mesures_qualite_globale,3669,2025-11-10,,AVAL AIN LEUH,V,504884.0,300497.0,26191,0,GEO_ORPHAN_XY_2M,,,,,,
staging.raw_idp_2024_mesures_qualite_globale,3670,2025-11-10,,AVAL AIN LEUH,Zn,504884.0,300497.0,26191,0,GEO_ORPHAN_XY_2M,,,,,,
staging.raw_idp_2024_mesures_qualite_globale,3671,2025-11-10,,AVAL AIN LEUH,CT,504884.0,300497.0,26191,0,GEO_ORPHAN_XY_2M,,,,,,
staging.raw_idp_2024_mesures_qualite_globale,3672,2025-11-10,,AVAL AIN LEUH,CF,504884.0,300497.0,26191,0,GEO_ORPHAN_XY_2M,,,,,,
staging.raw_idp_2024_mesures_qualite_globale,3673,2025-11-10,,AVAL AIN LEUH,SF,504884.0,300497.0,26191,0,GEO_ORPHAN_XY_2M,,,,,,
staging.raw_idp_2024_mesures_qualite_globale,3761,2025-11-12,,AVAL VILLAGE BNI AMMART,DCO,613904.0,468186.0,26191,0,GEO_ORPHAN_XY_2M,,,,,,
staging.raw_idp_2024_mesures_qualite_globale,3762,2025-11-12,,AVAL VILLAGE BNI AMMART,DBO5,613904.0,468186.0,26191,0,GEO_ORPHAN_XY_2M,,,,,,
staging.raw_idp_2024_mesures_qualite_globale,3763,2025-11-12,,AVAL VILLAGE BNI AMMART,NTK,613904.0,468186.0,26191,0,GEO_ORPHAN_XY_2M,,,,,,
staging.raw_idp_2024_mesures_qualite_globale,3764,2025-11-12,,AVAL VILLAGE BNI AMMART,NH4+ ,613904.0,468186.0,26191,0,GEO_ORPHAN_XY_2M,,,,,,
staging.raw_idp_2024_mesures_qualite_globale,3765,2025-11-12,,AVAL VILLAGE BNI AMMART,PT,613904.0,468186.0,26191,0,GEO_ORPHAN_XY_2M,,,,,,
staging.raw_idp_2024_mesures_qualite_globale,3766,2025-11-12,,AVAL VILLAGE BNI AMMART,PO43-,613904.0,468186.0,26191,0,GEO_ORPHAN_XY_2M,,,,,,
staging.raw_idp_2024_mesures_qualite_globale,3767,2025-11-12,,AVAL VILLAGE BNI AMMART,MES,613904.0,468186.0,26191,0,GEO_ORPHAN_XY_2M,,,,,,
staging.raw_idp_2024_mesures_qualite_globale,3768,2025-11-12,,AVAL VILLAGE BNI AMMART,Phénol,613904.0,468186.0,26191,0,GEO_ORPHAN_XY_2M,,,,,,
staging.raw_idp_2024_mesures_qualite_globale,3769,2025-11-12,,AVAL VILLAGE BNI AMMART,"Huiles
Graisses",613904.0,468186.0,26191,0,GEO_ORPHAN_XY_2M,,,,,,
staging.raw_idp_2024_mesures_qualite_globale,3770,2025-11-12,,AVAL VILLAGE BNI AMMART,NO3-,613904.0,468186.0,26191,0,GEO_ORPHAN_XY_2M,,,,,,
staging.raw_idp_2024_mesures_qualite_globale,3771,2025-11-12,,AVAL VILLAGE BNI AMMART,NO2-,613904.0,468186.0,26191,0,GEO_ORPHAN_XY_2M,,,,,,
staging.raw_idp_2024_mesures_qualite_globale,3772,2025-11-12,,AVAL VILLAGE BNI AMMART,Cl-,613904.0,468186.0,26191,0,GEO_ORPHAN_XY_2M,,,,,,
staging.raw_idp_2024_mesures_qualite_globale,3773,2025-11-12,,AVAL VILLAGE BNI AMMART,SO4--,613904.0,468186.0,26191,0,GEO_ORPHAN_XY_2M,,,,,,
staging.raw_idp_2024_mesures_qualite_globale,3774,2025-11-12,,AVAL VILLAGE BNI AMMART,Ca++,613904.0,468186.0,26191,0,GEO_ORPHAN_XY_2M,,,,,,
staging.raw_idp_2024_mesures_qualite_globale,3775,2025-11-12,,AVAL VILLAGE BNI AMMART,Mg++,613904.0,468186.0,26191,0,GEO_ORPHAN_XY_2M,,,,,,
staging.raw_idp_2024_mesures_qualite_globale,3776,2025-11-12,,AVAL VILLAGE BNI AMMART,TH,613904.0,468186.0,26191,0,GEO_ORPHAN_XY_2M,,,,,,
staging.raw_idp_2024_mesures_qualite_globale,3777,2025-11-12,,AVAL VILLAGE BNI AMMART,Ag,613904.0,468186.0,26191,0,GEO_ORPHAN_XY_2M,,,,,,
staging.raw_idp_2024_mesures_qualite_globale,3778,2025-11-12,,AVAL VILLAGE BNI AMMART,Al,613904.0,468186.0,26191,0,GEO_ORPHAN_XY_2M,,,,,,
staging.raw_idp_2024_mesures_qualite_globale,3779,2025-11-12,,AVAL VILLAGE BNI AMMART,As,613904.0,468186.0,26191,0,GEO_ORPHAN_XY_2M,,,,,,
staging.raw_idp_2024_mesures_qualite_globale,3780,2025-11-12,,AVAL VILLAGE BNI AMMART,Ba,613904.0,468186.0,26191,0,GEO_ORPHAN_XY_2M,,,,,,
staging.raw_idp_2024_mesures_qualite_globale,3781,2025-11-12,,AVAL VILLAGE BNI AMMART,Be,613904.0,468186.0,26191,0,GEO_ORPHAN_XY_2M,,,,,,
staging.raw_idp_2024_mesures_qualite_globale,3782,2025-11-12,,AVAL VILLAGE BNI AMMART,Cd,613904.0,468186.0,26191,0,GEO_ORPHAN_XY_2M,,,,,,
staging.raw_idp_2024_mesures_qualite_globale,3783,2025-11-12,,AVAL VILLAGE BNI AMMART,Co,613904.0,468186.0,26191,0,GEO_ORPHAN_XY_2M,,,,,,
staging.raw_idp_2024_mesures_qualite_globale,3784,2025-11-12,,AVAL VILLAGE BNI AMMART,CrT,613904.0,468186.0,26191,0,GEO_ORPHAN_XY_2M,,,,,,
staging.raw_idp_2024_mesures_qualite_globale,3785,2025-11-12,,AVAL VILLAGE BNI AMMART,Cu,613904.0,468186.0,26191,0,GEO_ORPHAN_XY_2M,,,,,,
staging.raw_idp_2024_mesures_qualite_globale,3786,2025-11-12,,AVAL VILLAGE BNI AMMART,Fe,613904.0,468186.0,26191,0,GEO_ORPHAN_XY_2M,,,,,,
staging.raw_idp_2024_mesures_qualite_globale,3787,2025-11-12,,AVAL VILLAGE BNI AMMART,Hg,613904.0,468186.0,26191,0,GEO_ORPHAN_XY_2M,,,,,,
staging.raw_idp_2024_mesures_qualite_globale,3788,2025-11-12,,AVAL VILLAGE BNI AMMART,Mn,613904.0,468186.0,26191,0,GEO_ORPHAN_XY_2M,,,,,,
staging.raw_idp_2024_mesures_qualite_globale,3789,2025-11-12,,AVAL VILLAGE BNI AMMART,Mo,613904.0,468186.0,26191,0,GEO_ORPHAN_XY_2M,,,,,,
staging.raw_idp_2024_mesures_qualite_globale,3790,2025-11-12,,AVAL VILLAGE BNI AMMART,Ni,613904.0,468186.0,26191,0,GEO_ORPHAN_XY_2M,,,,,,
staging.raw_idp_2024_mesures_qualite_globale,3791,2025-11-12,,AVAL VILLAGE BNI AMMART,Pb,613904.0,468186.0,26191,0,GEO_ORPHAN_XY_2M,,,,,,
staging.raw_idp_2024_mesures_qualite_globale,3792,2025-11-12,,AVAL VILLAGE BNI AMMART,Sb,613904.0,468186.0,26191,0,GEO_ORPHAN_XY_2M,,,,,,
staging.raw_idp_2024_mesures_qualite_globale,3793,2025-11-12,,AVAL VILLAGE BNI AMMART,Se,613904.0,468186.0,26191,0,GEO_ORPHAN_XY_2M,,,,,,
staging.raw_idp_2024_mesures_qualite_globale,3794,2025-11-12,,AVAL VILLAGE BNI AMMART,Sn,613904.0,468186.0,26191,0,GEO_ORPHAN_XY_2M,,,,,,
staging.raw_idp_2024_mesures_qualite_globale,3795,2025-11-12,,AVAL VILLAGE BNI AMMART,V,613904.0,468186.0,26191,0,GEO_ORPHAN_XY_2M,,,,,,
staging.raw_idp_2024_mesures_qualite_globale,3796,2025-11-12,,AVAL VILLAGE BNI AMMART,Zn,613904.0,468186.0,26191,0,GEO_ORPHAN_XY_2M,,,,,,
staging.raw_idp_2024_mesures_qualite_globale,3797,2025-11-12,,AVAL VILLAGE BNI AMMART,CT,613904.0,468186.0,26191,0,GEO_ORPHAN_XY_2M,,,,,,
staging.raw_idp_2024_mesures_qualite_globale,3798,2025-11-12,,AVAL VILLAGE BNI AMMART,CF,613904.0,468186.0,26191,0,GEO_ORPHAN_XY_2M,,,,,,
staging.raw_idp_2024_mesures_qualite_globale,3799,2025-11-12,,AVAL VILLAGE BNI AMMART,SF,613904.0,468186.0,26191,0,GEO_ORPHAN_XY_2M,,,,,,
staging.raw_idp_2024_mesures_qualite_globale,3941,2025-11-14,,Station Hajria,DCO,552856.0,432506.0,26191,0,GEO_ORPHAN_XY_2M,,,,,,
staging.raw_idp_2024_mesures_qualite_globale,3942,2025-11-14,,Station Hajria,DBO5,552856.0,432506.0,26191,0,GEO_ORPHAN_XY_2M,,,,,,
staging.raw_idp_2024_mesures_qualite_globale,3943,2025-11-14,,Station Hajria,NTK,552856.0,432506.0,26191,0,GEO_ORPHAN_XY_2M,,,,,,
staging.raw_idp_2024_mesures_qualite_globale,3944,2025-11-14,,Station Hajria,NH4+ ,552856.0,432506.0,26191,0,GEO_ORPHAN_XY_2M,,,,,,
staging.raw_idp_2024_mesures_qualite_globale,3945,2025-11-14,,Station Hajria,PT,552856.0,432506.0,26191,0,GEO_ORPHAN_XY_2M,,,,,,
staging.raw_idp_2024_mesures_qualite_globale,3946,2025-11-14,,Station Hajria,PO43-,552856.0,432506.0,26191,0,GEO_ORPHAN_XY_2M,,,,,,
staging.raw_idp_2024_mesures_qualite_globale,3947,2025-11-14,,Station Hajria,MES,552856.0,432506.0,26191,0,GEO_ORPHAN_XY_2M,,,,,,
staging.raw_idp_2024_mesures_qualite_globale,3948,2025-11-14,,Station Hajria,NO3-,552856.0,432506.0,26191,0,GEO_ORPHAN_XY_2M,,,,,,
staging.raw_idp_2024_mesures_qualite_globale,3949,2025-11-14,,Station Hajria,NO2-,552856.0,432506.0,26191,0,GEO_ORPHAN_XY_2M,,,,,,
staging.raw_idp_2024_mesures_qualite_globale,3950,2025-11-14,,Station Hajria,Cl-,552856.0,432506.0,26191,0,GEO_ORPHAN_XY_2M,,,,,,
staging.raw_idp_2024_mesures_qualite_globale,3951,2025-11-14,,Station Hajria,SO4--,552856.0,432506.0,26191,0,GEO_ORPHAN_XY_2M,,,,,,
staging.raw_idp_2024_mesures_qualite_globale,3952,2025-11-14,,Station Hajria,TAC_meq/l,552856.0,432506.0,26191,0,GEO_ORPHAN_XY_2M,,,,,,
staging.raw_idp_2024_mesures_qualite_globale,3953,2025-11-14,,Station Hajria,TAC_°F,552856.0,432506.0,26191,0,GEO_ORPHAN_XY_2M,,,,,,
staging.raw_idp_2024_mesures_qualite_globale,3954,2025-11-14,,Station Hajria,TA_meq/l,552856.0,432506.0,26191,0,GEO_ORPHAN_XY_2M,,,,,,
staging.raw_idp_2024_mesures_qualite_globale,3955,2025-11-14,,Station Hajria,TA_°F,552856.0,432506.0,26191,0,GEO_ORPHAN_XY_2M,,,,,,
staging.raw_idp_2024_mesures_qualite_globale,3956,2025-11-14,,Station Hajria,HCO3,552856.0,432506.0,26191,0,GEO_ORPHAN_XY_2M,,,,,,
staging.raw_idp_2024_mesures_qualite_globale,3957,2025-11-14,,Station Hajria,CO3,552856.0,432506.0,26191,0,GEO_ORPHAN_XY_2M,,,,,,
staging.raw_idp_2024_mesures_qualite_globale,3958,2025-11-14,,Station Hajria,Ca++,552856.0,432506.0,26191,0,GEO_ORPHAN_XY_2M,,,,,,
staging.raw_idp_2024_mesures_qualite_globale,3959,2025-11-14,,Station Hajria,Mg++,552856.0,432506.0,26191,0,GEO_ORPHAN_XY_2M,,,,,,
staging.raw_idp_2024_mesures_qualite_globale,3960,2025-11-14,,Station Hajria,TH,552856.0,432506.0,26191,0,GEO_ORPHAN_XY_2M,,,,,,
staging.raw_idp_2024_mesures_qualite_globale,3961,2025-11-14,,Station Hajria,Na+,552856.0,432506.0,26191,0,GEO_ORPHAN_XY_2M,,,,,,
staging.raw_idp_2024_mesures_qualite_globale,3962,2025-11-14,,Station Hajria,K+,552856.0,432506.0,26191,0,GEO_ORPHAN_XY_2M,,,,,,
staging.raw_idp_2024_mesures_qualite_globale,3963,2025-11-14,,Station Hajria,"somme
anions_meq/l3",552856.0,432506.0,26191,0,GEO_ORPHAN_XY_2M,,,,,,
staging.raw_idp_2024_mesures_qualite_globale,3964,2025-11-14,,Station Hajria,"somme
anions_mg/l4",552856.0,432506.0,26191,0,GEO_ORPHAN_XY_2M,,,,,,
staging.raw_idp_2024_mesures_qualite_globale,3965,2025-11-14,,Station Hajria,Bilan_Ionique,552856.0,432506.0,26191,0,GEO_ORPHAN_XY_2M,,,,,,
staging.raw_idp_2024_mesures_qualite_globale,3966,2025-11-14,,Station Hajria,CT,552856.0,432506.0,26191,0,GEO_ORPHAN_XY_2M,,,,,,
staging.raw_idp_2024_mesures_qualite_globale,3967,2025-11-14,,Station Hajria,CF,552856.0,432506.0,26191,0,GEO_ORPHAN_XY_2M,,,,,,
staging.raw_idp_2024_mesures_qualite_globale,3968,2025-11-14,,Station Hajria,SF,552856.0,432506.0,26191,0,GEO_ORPHAN_XY_2M,,,,,,
staging.raw_idp_2024_mesures_qualite_globale,3969,2025-11-19,,AVAL BOULEMANE,DCO,560909.0,308376.0,26191,0,GEO_ORPHAN_XY_2M,,,,,,
staging.raw_idp_2024_mesures_qualite_globale,3970,2025-11-19,,AVAL BOULEMANE,DBO5,560909.0,308376.0,26191,0,GEO_ORPHAN_XY_2M,,,,,,
staging.raw_idp_2024_mesures_qualite_globale,3971,2025-11-19,,AVAL BOULEMANE,NTK,560909.0,308376.0,26191,0,GEO_ORPHAN_XY_2M,,,,,,
staging.raw_idp_2024_mesures_qualite_globale,3972,2025-11-19,,AVAL BOULEMANE,NH4+ ,560909.0,308376.0,26191,0,GEO_ORPHAN_XY_2M,,,,,,
staging.raw_idp_2024_mesures_qualite_globale,3973,2025-11-19,,AVAL BOULEMANE,PT,560909.0,308376.0,26191,0,GEO_ORPHAN_XY_2M,,,,,,
staging.raw_idp_2024_mesures_qualite_globale,3974,2025-11-19,,AVAL BOULEMANE,PO43-,560909.0,308376.0,26191,0,GEO_ORPHAN_XY_2M,,,,,,
staging.raw_idp_2024_mesures_qualite_globale,3975,2025-11-19,,AVAL BOULEMANE,MES,560909.0,308376.0,26191,0,GEO_ORPHAN_XY_2M,,,,,,
staging.raw_idp_2024_mesures_qualite_globale,3976,2025-11-19,,AVAL BOULEMANE,Phénol,560909.0,308376.0,26191,0,GEO_ORPHAN_XY_2M,,,,,,
staging.raw_idp_2024_mesures_qualite_globale,3977,2025-11-19,,AVAL BOULEMANE,"Huiles
Graisses",560909.0,308376.0,26191,0,GEO_ORPHAN_XY_2M,,,,,,
staging.raw_idp_2024_mesures_qualite_globale,3978,2025-11-19,,AVAL BOULEMANE,NO3-,560909.0,308376.0,26191,0,GEO_ORPHAN_XY_2M,,,,,,
staging.raw_idp_2024_mesures_qualite_globale,3979,2025-11-19,,AVAL BOULEMANE,NO2-,560909.0,308376.0,26191,0,GEO_ORPHAN_XY_2M,,,,,,
staging.raw_idp_2024_mesures_qualite_globale,3980,2025-11-19,,AVAL BOULEMANE,Cl-,560909.0,308376.0,26191,0,GEO_ORPHAN_XY_2M,,,,,,
staging.raw_idp_2024_mesures_qualite_globale,3981,2025-11-19,,AVAL BOULEMANE,SO4--,560909.0,308376.0,26191,0,GEO_ORPHAN_XY_2M,,,,,,
staging.raw_idp_2024_mesures_qualite_globale,3982,2025-11-19,,AVAL BOULEMANE,Ca++,560909.0,308376.0,26191,0,GEO_ORPHAN_XY_2M,,,,,,
staging.raw_idp_2024_mesures_qualite_globale,3983,2025-11-19,,AVAL BOULEMANE,Mg++,560909.0,308376.0,26191,0,GEO_ORPHAN_XY_2M,,,,,,
staging.raw_idp_2024_mesures_qualite_globale,3984,2025-11-19,,AVAL BOULEMANE,TH,560909.0,308376.0,26191,0,GEO_ORPHAN_XY_2M,,,,,,
staging.raw_idp_2024_mesures_qualite_globale,3985,2025-11-19,,AVAL BOULEMANE,Na+,560909.0,308376.0,26191,0,GEO_ORPHAN_XY_2M,,,,,,
staging.raw_idp_2024_mesures_qualite_globale,3986,2025-11-19,,AVAL BOULEMANE,K+,560909.0,308376.0,26191,0,GEO_ORPHAN_XY_2M,,,,,,
staging.raw_idp_2024_mesures_qualite_globale,3987,2025-11-19,,AVAL BOULEMANE,Ag,560909.0,308376.0,26191,0,GEO_ORPHAN_XY_2M,,,,,,
staging.raw_idp_2024_mesures_qualite_globale,3988,2025-11-19,,AVAL BOULEMANE,Al,560909.0,308376.0,26191,0,GEO_ORPHAN_XY_2M,,,,,,
staging.raw_idp_2024_mesures_qualite_globale,3989,2025-11-19,,AVAL BOULEMANE,As,560909.0,308376.0,26191,0,GEO_ORPHAN_XY_2M,,,,,,
staging.raw_idp_2024_mesures_qualite_globale,3990,2025-11-19,,AVAL BOULEMANE,Ba,560909.0,308376.0,26191,0,GEO_ORPHAN_XY_2M,,,,,,
staging.raw_idp_2024_mesures_qualite_globale,3991,2025-11-19,,AVAL BOULEMANE,Be,560909.0,308376.0,26191,0,GEO_ORPHAN_XY_2M,,,,,,
staging.raw_idp_2024_mesures_qualite_globale,3992,2025-11-19,,AVAL BOULEMANE,Cd,560909.0,308376.0,26191,0,GEO_ORPHAN_XY_2M,,,,,,
staging.raw_idp_2024_mesures_qualite_globale,3993,2025-11-19,,AVAL BOULEMANE,Co,560909.0,308376.0,26191,0,GEO_ORPHAN_XY_2M,,,,,,
staging.raw_idp_2024_mesures_qualite_globale,3994,2025-11-19,,AVAL BOULEMANE,CrT,560909.0,308376.0,26191,0,GEO_ORPHAN_XY_2M,,,,,,
staging.raw_idp_2024_mesures_qualite_globale,3995,2025-11-19,,AVAL BOULEMANE,Cu,560909.0,308376.0,26191,0,GEO_ORPHAN_XY_2M,,,,,,
staging.raw_idp_2024_mesures_qualite_globale,3996,2025-11-19,,AVAL BOULEMANE,Fe,560909.0,308376.0,26191,0,GEO_ORPHAN_XY_2M,,,,,,
staging.raw_idp_2024_mesures_qualite_globale,3997,2025-11-19,,AVAL BOULEMANE,Hg,560909.0,308376.0,26191,0,GEO_ORPHAN_XY_2M,,,,,,
staging.raw_idp_2024_mesures_qualite_globale,3998,2025-11-19,,AVAL BOULEMANE,Mn,560909.0,308376.0,26191,0,GEO_ORPHAN_XY_2M,,,,,,
staging.raw_idp_2024_mesures_qualite_globale,3999,2025-11-19,,AVAL BOULEMANE,Mo,560909.0,308376.0,26191,0,GEO_ORPHAN_XY_2M,,,,,,
staging.raw_idp_2024_mesures_qualite_globale,4000,2025-11-19,,AVAL BOULEMANE,Ni,560909.0,308376.0,26191,0,GEO_ORPHAN_XY_2M,,,,,,
staging.raw_idp_2024_mesures_qualite_globale,4001,2025-11-19,,AVAL BOULEMANE,Pb,560909.0,308376.0,26191,0,GEO_ORPHAN_XY_2M,,,,,,
staging.raw_idp_2024_mesures_qualite_globale,4002,2025-11-19,,AVAL BOULEMANE,Sb,560909.0,308376.0,26191,0,GEO_ORPHAN_XY_2M,,,,,,
staging.raw_idp_2024_mesures_qualite_globale,4003,2025-11-19,,AVAL BOULEMANE,Se,560909.0,308376.0,26191,0,GEO_ORPHAN_XY_2M,,,,,,
staging.raw_idp_2024_mesures_qualite_globale,4004,2025-11-19,,AVAL BOULEMANE,Sn,560909.0,308376.0,26191,0,GEO_ORPHAN_XY_2M,,,,,,
staging.raw_idp_2024_mesures_qualite_globale,4005,2025-11-19,,AVAL BOULEMANE,V,560909.0,308376.0,26191,0,GEO_ORPHAN_XY_2M,,,,,,
staging.raw_idp_2024_mesures_qualite_globale,4006,2025-11-19,,AVAL BOULEMANE,Zn,560909.0,308376.0,26191,0,GEO_ORPHAN_XY_2M,,,,,,
staging.raw_idp_2024_mesures_qualite_globale,4007,2025-11-19,,AVAL BOULEMANE,Li,560909.0,308376.0,26191,0,GEO_ORPHAN_XY_2M,,,,,,
staging.raw_idp_2024_mesures_qualite_globale,4008,2025-11-19,,AVAL BOULEMANE,CT,560909.0,308376.0,26191,0,GEO_ORPHAN_XY_2M,,,,,,
staging.raw_idp_2024_mesures_qualite_globale,4009,2025-11-19,,AVAL BOULEMANE,CF,560909.0,308376.0,26191,0,GEO_ORPHAN_XY_2M,,,,,,
staging.raw_idp_2024_mesures_qualite_globale,4010,2025-11-19,,AVAL BOULEMANE,SF,560909.0,308376.0,26191,0,GEO_ORPHAN_XY_2M,,,,,,
staging.raw_idp_2024_mesures_qualite_globale,4011,2025-11-19,,IMM_DECH_PE1 (FORAGE ONEE-BO),IP,603944.0,320639.0,26191,0,GEO_ORPHAN_XY_2M,,,,,,
staging.raw_idp_2024_mesures_qualite_globale,4012,2025-11-19,,IMM_DECH_PE1 (FORAGE ONEE-BO),NH4+ ,603944.0,320639.0,26191,0,GEO_ORPHAN_XY_2M,,,,,,
staging.raw_idp_2024_mesures_qualite_globale,4013,2025-11-19,,IMM_DECH_PE1 (FORAGE ONEE-BO),"RS 
mesuré",603944.0,320639.0,26191,0,GEO_ORPHAN_XY_2M,,,,,,
staging.raw_idp_2024_mesures_qualite_globale,4014,2025-11-19,,IMM_DECH_PE1 (FORAGE ONEE-BO),NO3-,603944.0,320639.0,26191,0,GEO_ORPHAN_XY_2M,,,,,,
staging.raw_idp_2024_mesures_qualite_globale,4015,2025-11-19,,IMM_DECH_PE1 (FORAGE ONEE-BO),NO2-,603944.0,320639.0,26191,0,GEO_ORPHAN_XY_2M,,,,,,
staging.raw_idp_2024_mesures_qualite_globale,4016,2025-11-19,,IMM_DECH_PE1 (FORAGE ONEE-BO),Cl-,603944.0,320639.0,26191,0,GEO_ORPHAN_XY_2M,,,,,,
staging.raw_idp_2024_mesures_qualite_globale,4017,2025-11-19,,IMM_DECH_PE1 (FORAGE ONEE-BO),SO4--,603944.0,320639.0,26191,0,GEO_ORPHAN_XY_2M,,,,,,
staging.raw_idp_2024_mesures_qualite_globale,4018,2025-11-19,,IMM_DECH_PE1 (FORAGE ONEE-BO),TAC_meq/l,603944.0,320639.0,26191,0,GEO_ORPHAN_XY_2M,,,,,,
staging.raw_idp_2024_mesures_qualite_globale,4019,2025-11-19,,IMM_DECH_PE1 (FORAGE ONEE-BO),TAC_°F,603944.0,320639.0,26191,0,GEO_ORPHAN_XY_2M,,,,,,
staging.raw_idp_2024_mesures_qualite_globale,4020,2025-11-19,,IMM_DECH_PE1 (FORAGE ONEE-BO),TA_meq/l,603944.0,320639.0,26191,0,GEO_ORPHAN_XY_2M,,,,,,
staging.raw_idp_2024_mesures_qualite_globale,4021,2025-11-19,,IMM_DECH_PE1 (FORAGE ONEE-BO),TA_°F,603944.0,320639.0,26191,0,GEO_ORPHAN_XY_2M,,,,,,
staging.raw_idp_2024_mesures_qualite_globale,4022,2025-11-19,,IMM_DECH_PE1 (FORAGE ONEE-BO),HCO3,603944.0,320639.0,26191,0,GEO_ORPHAN_XY_2M,,,,,,
staging.raw_idp_2024_mesures_qualite_globale,4023,2025-11-19,,IMM_DECH_PE1 (FORAGE ONEE-BO),CO3,603944.0,320639.0,26191,0,GEO_ORPHAN_XY_2M,,,,,,
staging.raw_idp_2024_mesures_qualite_globale,4024,2025-11-19,,IMM_DECH_PE1 (FORAGE ONEE-BO),Ca++,603944.0,320639.0,26191,0,GEO_ORPHAN_XY_2M,,,,,,
staging.raw_idp_2024_mesures_qualite_globale,4025,2025-11-19,,IMM_DECH_PE1 (FORAGE ONEE-BO),Mg++,603944.0,320639.0,26191,0,GEO_ORPHAN_XY_2M,,,,,,
staging.raw_idp_2024_mesures_qualite_globale,4026,2025-11-19,,IMM_DECH_PE1 (FORAGE ONEE-BO),TH,603944.0,320639.0,26191,0,GEO_ORPHAN_XY_2M,,,,,,
staging.raw_idp_2024_mesures_qualite_globale,4027,2025-11-19,,IMM_DECH_PE1 (FORAGE ONEE-BO),Na+,603944.0,320639.0,26191,0,GEO_ORPHAN_XY_2M,,,,,,
staging.raw_idp_2024_mesures_qualite_globale,4028,2025-11-19,,IMM_DECH_PE1 (FORAGE ONEE-BO),K+,603944.0,320639.0,26191,0,GEO_ORPHAN_XY_2M,,,,,,
staging.raw_idp_2024_mesures_qualite_globale,4029,2025-11-19,,IMM_DECH_PE1 (FORAGE ONEE-BO),"somme
anions_meq/l3",603944.0,320639.0,26191,0,GEO_ORPHAN_XY_2M,,,,,,
staging.raw_idp_2024_mesures_qualite_globale,4030,2025-11-19,,IMM_DECH_PE1 (FORAGE ONEE-BO),"somme
anions_mg/l4",603944.0,320639.0,26191,0,GEO_ORPHAN_XY_2M,,,,,,
staging.raw_idp_2024_mesures_qualite_globale,4031,2025-11-19,,IMM_DECH_PE1 (FORAGE ONEE-BO),Bilan_Ionique,603944.0,320639.0,26191,0,GEO_ORPHAN_XY_2M,,,,,,
staging.raw_idp_2024_mesures_qualite_globale,4032,2025-11-19,,IMM_DECH_PE1 (FORAGE ONEE-BO),Fe,603944.0,320639.0,26191,0,GEO_ORPHAN_XY_2M,,,,,,
staging.raw_idp_2024_mesures_qualite_globale,4033,2025-11-19,,IMM_DECH_PE1 (FORAGE ONEE-BO),Mn,603944.0,320639.0,26191,0,GEO_ORPHAN_XY_2M,,,,,,
staging.raw_idp_2024_mesures_qualite_globale,4034,2025-11-19,,IMM_DECH_PE1 (FORAGE ONEE-BO),CT,603944.0,320639.0,26191,0,GEO_ORPHAN_XY_2M,,,,,,
staging.raw_idp_2024_mesures_qualite_globale,4035,2025-11-19,,IMM_DECH_PE1 (FORAGE ONEE-BO),CF,603944.0,320639.0,26191,0,GEO_ORPHAN_XY_2M,,,,,,
staging.raw_idp_2024_mesures_qualite_globale,4036,2025-11-19,,IMM_DECH_PE1 (FORAGE ONEE-BO),SF,603944.0,320639.0,26191,0,GEO_ORPHAN_XY_2M,,,,,,
staging.raw_idp_2024_mesures_qualite_globale,4037,2025-11-20,,Amont STEP Taounate,DCO,571757.0,435740.0,26191,0,GEO_ORPHAN_XY_2M,,,,,,
staging.raw_idp_2024_mesures_qualite_globale,4038,2025-11-20,,Amont STEP Taounate,DBO5,571757.0,435740.0,26191,0,GEO_ORPHAN_XY_2M,,,,,,
staging.raw_idp_2024_mesures_qualite_globale,4039,2025-11-20,,Amont STEP Taounate,NTK,571757.0,435740.0,26191,0,GEO_ORPHAN_XY_2M,,,,,,
staging.raw_idp_2024_mesures_qualite_globale,4040,2025-11-20,,Amont STEP Taounate,NH4+ ,571757.0,435740.0,26191,0,GEO_ORPHAN_XY_2M,,,,,,
staging.raw_idp_2024_mesures_qualite_globale,4041,2025-11-20,,Amont STEP Taounate,PT,571757.0,435740.0,26191,0,GEO_ORPHAN_XY_2M,,,,,,
staging.raw_idp_2024_mesures_qualite_globale,4042,2025-11-20,,Amont STEP Taounate,PO43-,571757.0,435740.0,26191,0,GEO_ORPHAN_XY_2M,,,,,,
staging.raw_idp_2024_mesures_qualite_globale,4043,2025-11-20,,Amont STEP Taounate,MES,571757.0,435740.0,26191,0,GEO_ORPHAN_XY_2M,,,,,,
staging.raw_idp_2024_mesures_qualite_globale,4044,2025-11-20,,Amont STEP Taounate,Phénol,571757.0,435740.0,26191,0,GEO_ORPHAN_XY_2M,,,,,,
staging.raw_idp_2024_mesures_qualite_globale,4045,2025-11-20,,Amont STEP Taounate,"Huiles
Graisses",571757.0,435740.0,26191,0,GEO_ORPHAN_XY_2M,,,,,,
staging.raw_idp_2024_mesures_qualite_globale,4046,2025-11-20,,Amont STEP Taounate,NO3-,571757.0,435740.0,26191,0,GEO_ORPHAN_XY_2M,,,,,,
staging.raw_idp_2024_mesures_qualite_globale,4047,2025-11-20,,Amont STEP Taounate,NO2-,571757.0,435740.0,26191,0,GEO_ORPHAN_XY_2M,,,,,,
staging.raw_idp_2024_mesures_qualite_globale,4048,2025-11-20,,Amont STEP Taounate,Cl-,571757.0,435740.0,26191,0,GEO_ORPHAN_XY_2M,,,,,,
staging.raw_idp_2024_mesures_qualite_globale,4049,2025-11-20,,Amont STEP Taounate,SO4--,571757.0,435740.0,26191,0,GEO_ORPHAN_XY_2M,,,,,,
staging.raw_idp_2024_mesures_qualite_globale,4050,2025-11-20,,Amont STEP Taounate,TAC_meq/l,571757.0,435740.0,26191,0,GEO_ORPHAN_XY_2M,,,,,,
staging.raw_idp_2024_mesures_qualite_globale,4051,2025-11-20,,Amont STEP Taounate,TAC_°F,571757.0,435740.0,26191,0,GEO_ORPHAN_XY_2M,,,,,,
staging.raw_idp_2024_mesures_qualite_globale,4052,2025-11-20,,Amont STEP Taounate,TA_meq/l,571757.0,435740.0,26191,0,GEO_ORPHAN_XY_2M,,,,,,
staging.raw_idp_2024_mesures_qualite_globale,4053,2025-11-20,,Amont STEP Taounate,TA_°F,571757.0,435740.0,26191,0,GEO_ORPHAN_XY_2M,,,,,,
staging.raw_idp_2024_mesures_qualite_globale,4054,2025-11-20,,Amont STEP Taounate,HCO3,571757.0,435740.0,26191,0,GEO_ORPHAN_XY_2M,,,,,,
staging.raw_idp_2024_mesures_qualite_globale,4055,2025-11-20,,Amont STEP Taounate,CO3,571757.0,435740.0,26191,0,GEO_ORPHAN_XY_2M,,,,,,
staging.raw_idp_2024_mesures_qualite_globale,4056,2025-11-20,,Amont STEP Taounate,Ca++,571757.0,435740.0,26191,0,GEO_ORPHAN_XY_2M,,,,,,
staging.raw_idp_2024_mesures_qualite_globale,4057,2025-11-20,,Amont STEP Taounate,Mg++,571757.0,435740.0,26191,0,GEO_ORPHAN_XY_2M,,,,,,
staging.raw_idp_2024_mesures_qualite_globale,4058,2025-11-20,,Amont STEP Taounate,TH,571757.0,435740.0,26191,0,GEO_ORPHAN_XY_2M,,,,,,
staging.raw_idp_2024_mesures_qualite_globale,4059,2025-11-20,,Amont STEP Taounate,Na+,571757.0,435740.0,26191,0,GEO_ORPHAN_XY_2M,,,,,,
staging.raw_idp_2024_mesures_qualite_globale,4060,2025-11-20,,Amont STEP Taounate,K+,571757.0,435740.0,26191,0,GEO_ORPHAN_XY_2M,,,,,,
staging.raw_idp_2024_mesures_qualite_globale,4061,2025-11-20,,Amont STEP Taounate,"somme
anions_meq/l3",571757.0,435740.0,26191,0,GEO_ORPHAN_XY_2M,,,,,,
staging.raw_idp_2024_mesures_qualite_globale,4062,2025-11-20,,Amont STEP Taounate,"somme
anions_mg/l4",571757.0,435740.0,26191,0,GEO_ORPHAN_XY_2M,,,,,,
staging.raw_idp_2024_mesures_qualite_globale,4063,2025-11-20,,Amont STEP Taounate,Bilan_Ionique,571757.0,435740.0,26191,0,GEO_ORPHAN_XY_2M,,,,,,
staging.raw_idp_2024_mesures_qualite_globale,4064,2025-11-20,,Amont STEP Taounate,Fe,571757.0,435740.0,26191,0,GEO_ORPHAN_XY_2M,,,,,,
staging.raw_idp_2024_mesures_qualite_globale,4065,2025-11-20,,Amont STEP Taounate,Mn,571757.0,435740.0,26191,0,GEO_ORPHAN_XY_2M,,,,,,
staging.raw_idp_2024_mesures_qualite_globale,4066,2025-11-20,,Amont STEP Taounate,CT,571757.0,435740.0,26191,0,GEO_ORPHAN_XY_2M,,,,,,
staging.raw_idp_2024_mesures_qualite_globale,4067,2025-11-20,,Amont STEP Taounate,CF,571757.0,435740.0,26191,0,GEO_ORPHAN_XY_2M,,,,,,
staging.raw_idp_2024_mesures_qualite_globale,4068,2025-11-20,,Amont STEP Taounate,SF,571757.0,435740.0,26191,0,GEO_ORPHAN_XY_2M,,,,,,
staging.raw_idp_2024_mesures_qualite_globale,4069,2025-11-20,,Aval STEP Taounate,DCO,571892.0,435379.0,26191,0,GEO_ORPHAN_XY_2M,,,,,,
staging.raw_idp_2024_mesures_qualite_globale,4070,2025-11-20,,Aval STEP Taounate,DBO5,571892.0,435379.0,26191,0,GEO_ORPHAN_XY_2M,,,,,,
staging.raw_idp_2024_mesures_qualite_globale,4071,2025-11-20,,Aval STEP Taounate,NTK,571892.0,435379.0,26191,0,GEO_ORPHAN_XY_2M,,,,,,
staging.raw_idp_2024_mesures_qualite_globale,4072,2025-11-20,,Aval STEP Taounate,NH4+ ,571892.0,435379.0,26191,0,GEO_ORPHAN_XY_2M,,,,,,
staging.raw_idp_2024_mesures_qualite_globale,4073,2025-11-20,,Aval STEP Taounate,PT,571892.0,435379.0,26191,0,GEO_ORPHAN_XY_2M,,,,,,
staging.raw_idp_2024_mesures_qualite_globale,4074,2025-11-20,,Aval STEP Taounate,PO43-,571892.0,435379.0,26191,0,GEO_ORPHAN_XY_2M,,,,,,
staging.raw_idp_2024_mesures_qualite_globale,4075,2025-11-20,,Aval STEP Taounate,MES,571892.0,435379.0,26191,0,GEO_ORPHAN_XY_2M,,,,,,
staging.raw_idp_2024_mesures_qualite_globale,4076,2025-11-20,,Aval STEP Taounate,Phénol,571892.0,435379.0,26191,0,GEO_ORPHAN_XY_2M,,,,,,
staging.raw_idp_2024_mesures_qualite_globale,4077,2025-11-20,,Aval STEP Taounate,"Huiles
Graisses",571892.0,435379.0,26191,0,GEO_ORPHAN_XY_2M,,,,,,
staging.raw_idp_2024_mesures_qualite_globale,4078,2025-11-20,,Aval STEP Taounate,NO3-,571892.0,435379.0,26191,0,GEO_ORPHAN_XY_2M,,,,,,
staging.raw_idp_2024_mesures_qualite_globale,4079,2025-11-20,,Aval STEP Taounate,NO2-,571892.0,435379.0,26191,0,GEO_ORPHAN_XY_2M,,,,,,
staging.raw_idp_2024_mesures_qualite_globale,4080,2025-11-20,,Aval STEP Taounate,Cl-,571892.0,435379.0,26191,0,GEO_ORPHAN_XY_2M,,,,,,
staging.raw_idp_2024_mesures_qualite_globale,4081,2025-11-20,,Aval STEP Taounate,SO4--,571892.0,435379.0,26191,0,GEO_ORPHAN_XY_2M,,,,,,
staging.raw_idp_2024_mesures_qualite_globale,4082,2025-11-20,,Aval STEP Taounate,TAC_meq/l,571892.0,435379.0,26191,0,GEO_ORPHAN_XY_2M,,,,,,
staging.raw_idp_2024_mesures_qualite_globale,4083,2025-11-20,,Aval STEP Taounate,TAC_°F,571892.0,435379.0,26191,0,GEO_ORPHAN_XY_2M,,,,,,
staging.raw_idp_2024_mesures_qualite_globale,4084,2025-11-20,,Aval STEP Taounate,TA_meq/l,571892.0,435379.0,26191,0,GEO_ORPHAN_XY_2M,,,,,,
staging.raw_idp_2024_mesures_qualite_globale,4085,2025-11-20,,Aval STEP Taounate,TA_°F,571892.0,435379.0,26191,0,GEO_ORPHAN_XY_2M,,,,,,
staging.raw_idp_2024_mesures_qualite_globale,4086,2025-11-20,,Aval STEP Taounate,HCO3,571892.0,435379.0,26191,0,GEO_ORPHAN_XY_2M,,,,,,
staging.raw_idp_2024_mesures_qualite_globale,4087,2025-11-20,,Aval STEP Taounate,CO3,571892.0,435379.0,26191,0,GEO_ORPHAN_XY_2M,,,,,,
staging.raw_idp_2024_mesures_qualite_globale,4088,2025-11-20,,Aval STEP Taounate,Ca++,571892.0,435379.0,26191,0,GEO_ORPHAN_XY_2M,,,,,,
staging.raw_idp_2024_mesures_qualite_globale,4089,2025-11-20,,Aval STEP Taounate,Mg++,571892.0,435379.0,26191,0,GEO_ORPHAN_XY_2M,,,,,,
staging.raw_idp_2024_mesures_qualite_globale,4090,2025-11-20,,Aval STEP Taounate,TH,571892.0,435379.0,26191,0,GEO_ORPHAN_XY_2M,,,,,,
staging.raw_idp_2024_mesures_qualite_globale,4091,2025-11-20,,Aval STEP Taounate,Na+,571892.0,435379.0,26191,0,GEO_ORPHAN_XY_2M,,,,,,
staging.raw_idp_2024_mesures_qualite_globale,4092,2025-11-20,,Aval STEP Taounate,K+,571892.0,435379.0,26191,0,GEO_ORPHAN_XY_2M,,,,,,
staging.raw_idp_2024_mesures_qualite_globale,4093,2025-11-20,,Aval STEP Taounate,"somme
anions_meq/l3",571892.0,435379.0,26191,0,GEO_ORPHAN_XY_2M,,,,,,
staging.raw_idp_2024_mesures_qualite_globale,4094,2025-11-20,,Aval STEP Taounate,"somme
anions_mg/l4",571892.0,435379.0,26191,0,GEO_ORPHAN_XY_2M,,,,,,
staging.raw_idp_2024_mesures_qualite_globale,4095,2025-11-20,,Aval STEP Taounate,Bilan_Ionique,571892.0,435379.0,26191,0,GEO_ORPHAN_XY_2M,,,,,,
staging.raw_idp_2024_mesures_qualite_globale,4096,2025-11-20,,Aval STEP Taounate,Fe,571892.0,435379.0,26191,0,GEO_ORPHAN_XY_2M,,,,,,
staging.raw_idp_2024_mesures_qualite_globale,4097,2025-11-20,,Aval STEP Taounate,Mn,571892.0,435379.0,26191,0,GEO_ORPHAN_XY_2M,,,,,,
staging.raw_idp_2024_mesures_qualite_globale,4098,2025-11-20,,Aval STEP Taounate,CT,571892.0,435379.0,26191,0,GEO_ORPHAN_XY_2M,,,,,,
staging.raw_idp_2024_mesures_qualite_globale,4099,2025-11-20,,Aval STEP Taounate,CF,571892.0,435379.0,26191,0,GEO_ORPHAN_XY_2M,,,,,,
staging.raw_idp_2024_mesures_qualite_globale,4100,2025-11-20,,Aval STEP Taounate,SF,571892.0,435379.0,26191,0,GEO_ORPHAN_XY_2M,,,,,,
staging.raw_idp_2024_mesures_qualite_globale,4231,2025-11-25,,PA AVAL STEP MHAYA,DCO,513291.0,376994.0,26191,0,GEO_ORPHAN_XY_2M,,,,,,
staging.raw_idp_2024_mesures_qualite_globale,4232,2025-11-25,,PA AVAL STEP MHAYA,DBO5,513291.0,376994.0,26191,0,GEO_ORPHAN_XY_2M,,,,,,
staging.raw_idp_2024_mesures_qualite_globale,4233,2025-11-25,,PA AVAL STEP MHAYA,NTK,513291.0,376994.0,26191,0,GEO_ORPHAN_XY_2M,,,,,,
staging.raw_idp_2024_mesures_qualite_globale,4234,2025-11-25,,PA AVAL STEP MHAYA,NH4+ ,513291.0,376994.0,26191,0,GEO_ORPHAN_XY_2M,,,,,,
staging.raw_idp_2024_mesures_qualite_globale,4235,2025-11-25,,PA AVAL STEP MHAYA,PT,513291.0,376994.0,26191,0,GEO_ORPHAN_XY_2M,,,,,,
staging.raw_idp_2024_mesures_qualite_globale,4236,2025-11-25,,PA AVAL STEP MHAYA,PO43-,513291.0,376994.0,26191,0,GEO_ORPHAN_XY_2M,,,,,,
staging.raw_idp_2024_mesures_qualite_globale,4237,2025-11-25,,PA AVAL STEP MHAYA,MES,513291.0,376994.0,26191,0,GEO_ORPHAN_XY_2M,,,,,,
staging.raw_idp_2024_mesures_qualite_globale,4238,2025-11-25,,PA AVAL STEP MHAYA,NO3-,513291.0,376994.0,26191,0,GEO_ORPHAN_XY_2M,,,,,,
staging.raw_idp_2024_mesures_qualite_globale,4239,2025-11-25,,PA AVAL STEP MHAYA,NO2-,513291.0,376994.0,26191,0,GEO_ORPHAN_XY_2M,,,,,,
staging.raw_idp_2024_mesures_qualite_globale,4240,2025-11-25,,PA AVAL STEP MHAYA,Cl-,513291.0,376994.0,26191,0,GEO_ORPHAN_XY_2M,,,,,,
staging.raw_idp_2024_mesures_qualite_globale,4241,2025-11-25,,PA AVAL STEP MHAYA,SO4--,513291.0,376994.0,26191,0,GEO_ORPHAN_XY_2M,,,,,,
staging.raw_idp_2024_mesures_qualite_globale,4242,2025-11-25,,PA AVAL STEP MHAYA,Ca++,513291.0,376994.0,26191,0,GEO_ORPHAN_XY_2M,,,,,,
staging.raw_idp_2024_mesures_qualite_globale,4243,2025-11-25,,PA AVAL STEP MHAYA,Mg++,513291.0,376994.0,26191,0,GEO_ORPHAN_XY_2M,,,,,,
staging.raw_idp_2024_mesures_qualite_globale,4244,2025-11-25,,PA AVAL STEP MHAYA,TH,513291.0,376994.0,26191,0,GEO_ORPHAN_XY_2M,,,,,,
staging.raw_idp_2024_mesures_qualite_globale,4245,2025-11-25,,PA AVAL STEP MHAYA,Na+,513291.0,376994.0,26191,0,GEO_ORPHAN_XY_2M,,,,,,
staging.raw_idp_2024_mesures_qualite_globale,4246,2025-11-25,,PA AVAL STEP MHAYA,K+,513291.0,376994.0,26191,0,GEO_ORPHAN_XY_2M,,,,,,
staging.raw_idp_2024_mesures_qualite_globale,4247,2025-11-25,,PA AVAL STEP MHAYA,CT,513291.0,376994.0,26191,0,GEO_ORPHAN_XY_2M,,,,,,
staging.raw_idp_2024_mesures_qualite_globale,4248,2025-11-25,,PA AVAL STEP MHAYA,CF,513291.0,376994.0,26191,0,GEO_ORPHAN_XY_2M,,,,,,
staging.raw_idp_2024_mesures_qualite_globale,4249,2025-11-25,,PA AVAL STEP MHAYA,SF,513291.0,376994.0,26191,0,GEO_ORPHAN_XY_2M,,,,,,
staging.raw_idp_2024_mesures_qualite_marche_cadre,1,2025-10-06,,FORAGE ABD NBI BOUTABEQ,IP,381040.0,389473.0,26191,0,GEO_ORPHAN_XY_2M,,,,,,
staging.raw_idp_2024_mesures_qualite_marche_cadre,2,2025-10-06,,FORAGE ABD NBI BOUTABEQ,NH4+ Spect,381040.0,389473.0,26191,0,GEO_ORPHAN_XY_2M,,,,,,
staging.raw_idp_2024_mesures_qualite_marche_cadre,3,2025-10-06,,FORAGE ABD NBI BOUTABEQ,NH4+ ,381040.0,389473.0,26191,0,GEO_ORPHAN_XY_2M,,,,,,
staging.raw_idp_2024_mesures_qualite_marche_cadre,4,2025-10-06,,FORAGE ABD NBI BOUTABEQ,"RS 
mesuré_à 105 °C",381040.0,389473.0,26191,0,GEO_ORPHAN_XY_2M,,,,,,
staging.raw_idp_2024_mesures_qualite_marche_cadre,5,2025-10-06,,FORAGE ABD NBI BOUTABEQ,NO2- _Spectro.,381040.0,389473.0,26191,0,GEO_ORPHAN_XY_2M,,,,,,
staging.raw_idp_2024_mesures_qualite_marche_cadre,6,2025-10-06,,FORAGE ABD NBI BOUTABEQ,NO3-_Spectro,381040.0,389473.0,26191,0,GEO_ORPHAN_XY_2M,,,,,,
staging.raw_idp_2024_mesures_qualite_marche_cadre,7,2025-10-06,,FORAGE ABD NBI BOUTABEQ,TAC/TACs_meq/l,381040.0,389473.0,26191,0,GEO_ORPHAN_XY_2M,,,,,,
staging.raw_idp_2024_mesures_qualite_marche_cadre,8,2025-10-06,,FORAGE ABD NBI BOUTABEQ,TAC/TACs_°F,381040.0,389473.0,26191,0,GEO_ORPHAN_XY_2M,,,,,,
staging.raw_idp_2024_mesures_qualite_marche_cadre,9,2025-10-06,,FORAGE ABD NBI BOUTABEQ,TA/Tas_meq/l,381040.0,389473.0,26191,0,GEO_ORPHAN_XY_2M,,,,,,
staging.raw_idp_2024_mesures_qualite_marche_cadre,10,2025-10-06,,FORAGE ABD NBI BOUTABEQ,TA/Tas_°F,381040.0,389473.0,26191,0,GEO_ORPHAN_XY_2M,,,,,,
staging.raw_idp_2024_mesures_qualite_marche_cadre,11,2025-10-06,,FORAGE ABD NBI BOUTABEQ,HCO3,381040.0,389473.0,26191,0,GEO_ORPHAN_XY_2M,,,,,,
staging.raw_idp_2024_mesures_qualite_marche_cadre,12,2025-10-06,,FORAGE ABD NBI BOUTABEQ,CO3,381040.0,389473.0,26191,0,GEO_ORPHAN_XY_2M,,,,,,
staging.raw_idp_2024_mesures_qualite_marche_cadre,13,2025-10-06,,FORAGE ABD NBI BOUTABEQ,OH-,381040.0,389473.0,26191,0,GEO_ORPHAN_XY_2M,,,,,,
staging.raw_idp_2024_mesures_qualite_marche_cadre,14,2025-10-06,,FORAGE ABD NBI BOUTABEQ,Cl-_IC,381040.0,389473.0,26191,0,GEO_ORPHAN_XY_2M,,,,,,
staging.raw_idp_2024_mesures_qualite_marche_cadre,15,2025-10-06,,FORAGE ABD NBI BOUTABEQ,SO42-_IC,381040.0,389473.0,26191,0,GEO_ORPHAN_XY_2M,,,,,,
staging.raw_idp_2024_mesures_qualite_marche_cadre,16,2025-10-06,,FORAGE ABD NBI BOUTABEQ,"somme
anions_meq/l",381040.0,389473.0,26191,0,GEO_ORPHAN_XY_2M,,,,,,
staging.raw_idp_2024_mesures_qualite_marche_cadre,17,2025-10-06,,FORAGE ABD NBI BOUTABEQ,"somme
anions_mg/l",381040.0,389473.0,26191,0,GEO_ORPHAN_XY_2M,,,,,,
staging.raw_idp_2024_mesures_qualite_marche_cadre,18,2025-10-06,,FORAGE ABD NBI BOUTABEQ,Ca++,381040.0,389473.0,26191,0,GEO_ORPHAN_XY_2M,,,,,,
staging.raw_idp_2024_mesures_qualite_marche_cadre,19,2025-10-06,,FORAGE ABD NBI BOUTABEQ,Mg++,381040.0,389473.0,26191,0,GEO_ORPHAN_XY_2M,,,,,,
staging.raw_idp_2024_mesures_qualite_marche_cadre,20,2025-10-06,,FORAGE ABD NBI BOUTABEQ,TH,381040.0,389473.0,26191,0,GEO_ORPHAN_XY_2M,,,,,,
staging.raw_idp_2024_mesures_qualite_marche_cadre,21,2025-10-06,,FORAGE ABD NBI BOUTABEQ,Na+,381040.0,389473.0,26191,0,GEO_ORPHAN_XY_2M,,,,,,
staging.raw_idp_2024_mesures_qualite_marche_cadre,22,2025-10-06,,FORAGE ABD NBI BOUTABEQ,K+,381040.0,389473.0,26191,0,GEO_ORPHAN_XY_2M,,,,,,
staging.raw_idp_2024_mesures_qualite_marche_cadre,23,2025-10-06,,FORAGE ABD NBI BOUTABEQ,"Somme
cations_meq/l",381040.0,389473.0,26191,0,GEO_ORPHAN_XY_2M,,,,,,
staging.raw_idp_2024_mesures_qualite_marche_cadre,24,2025-10-06,,FORAGE ABD NBI BOUTABEQ,"Somme
cations_mg/l",381040.0,389473.0,26191,0,GEO_ORPHAN_XY_2M,,,,,,
staging.raw_idp_2024_mesures_qualite_marche_cadre,25,2025-10-06,,FORAGE ABD NBI BOUTABEQ,Bilan_Ionique,381040.0,389473.0,26191,0,GEO_ORPHAN_XY_2M,,,,,,
staging.raw_idp_2024_mesures_qualite_marche_cadre,26,2025-10-06,,FORAGE ABD NBI BOUTABEQ,Na+3,381040.0,389473.0,26191,0,GEO_ORPHAN_XY_2M,,,,,,
staging.raw_idp_2024_mesures_qualite_marche_cadre,27,2025-10-06,,FORAGE ABD NBI BOUTABEQ,K+4,381040.0,389473.0,26191,0,GEO_ORPHAN_XY_2M,,,,,,
staging.raw_idp_2024_mesures_qualite_marche_cadre,28,2025-10-06,,FORAGE ABD NBI BOUTABEQ,Fe,381040.0,389473.0,26191,0,GEO_ORPHAN_XY_2M,,,,,,
staging.raw_idp_2024_mesures_qualite_marche_cadre,29,2025-10-06,,FORAGE ABD NBI BOUTABEQ,Mn5,381040.0,389473.0,26191,0,GEO_ORPHAN_XY_2M,,,,,,
staging.raw_idp_2024_mesures_qualite_marche_cadre,30,2025-10-06,,FORAGE ABD NBI BOUTABEQ,CT,381040.0,389473.0,26191,0,GEO_ORPHAN_XY_2M,,,,,,
staging.raw_idp_2024_mesures_qualite_marche_cadre,31,2025-10-06,,FORAGE ABD NBI BOUTABEQ,CF,381040.0,389473.0,26191,0,GEO_ORPHAN_XY_2M,,,,,,
staging.raw_idp_2024_mesures_qualite_marche_cadre,32,2025-10-06,,FORAGE ABD NBI BOUTABEQ,SF,381040.0,389473.0,26191,0,GEO_ORPHAN_XY_2M,,,,,,
staging.raw_idp_2024_mesures_qualite_marche_cadre,65,2025-10-06,,DAYAT FOUARATE,NH4+  Titri,393481.0,408618.0,26191,0,GEO_ORPHAN_XY_2M,,,,,,
staging.raw_idp_2024_mesures_qualite_marche_cadre,66,2025-10-06,,DAYAT FOUARATE,NH4+ Spect,393481.0,408618.0,26191,0,GEO_ORPHAN_XY_2M,,,,,,
staging.raw_idp_2024_mesures_qualite_marche_cadre,67,2025-10-06,,DAYAT FOUARATE,NH4+ ,393481.0,408618.0,26191,0,GEO_ORPHAN_XY_2M,,,,,,
staging.raw_idp_2024_mesures_qualite_marche_cadre,68,2025-10-06,,DAYAT FOUARATE,PT,393481.0,408618.0,26191,0,GEO_ORPHAN_XY_2M,,,,,,
staging.raw_idp_2024_mesures_qualite_marche_cadre,69,2025-10-06,,DAYAT FOUARATE,PO43-,393481.0,408618.0,26191,0,GEO_ORPHAN_XY_2M,,,,,,
staging.raw_idp_2024_mesures_qualite_marche_cadre,70,2025-10-06,,DAYAT FOUARATE,MEST Filtr,393481.0,408618.0,26191,0,GEO_ORPHAN_XY_2M,,,,,,
staging.raw_idp_2024_mesures_qualite_marche_cadre,71,2025-10-06,,DAYAT FOUARATE,NO3-_Spectro,393481.0,408618.0,26191,0,GEO_ORPHAN_XY_2M,,,,,,
staging.raw_idp_2024_mesures_qualite_marche_cadre,72,2025-10-06,,DAYAT FOUARATE,Cl-_IC,393481.0,408618.0,26191,0,GEO_ORPHAN_XY_2M,,,,,,
staging.raw_idp_2024_mesures_qualite_marche_cadre,73,2025-10-06,,DAYAT FOUARATE,SO42-_IC,393481.0,408618.0,26191,0,GEO_ORPHAN_XY_2M,,,,,,
staging.raw_idp_2024_mesures_qualite_marche_cadre,74,2025-10-06,,DAYAT FOUARATE,pH au laboratoire,393481.0,408618.0,26191,0,GEO_ORPHAN_XY_2M,,,,,,
staging.raw_idp_2024_mesures_qualite_marche_cadre,75,2025-10-06,,DAYAT FOUARATE,Fe2+,393481.0,408618.0,26191,0,GEO_ORPHAN_XY_2M,,,,,,
staging.raw_idp_2024_mesures_qualite_marche_cadre,76,2025-10-06,,DAYAT FOUARATE,Mn,393481.0,408618.0,26191,0,GEO_ORPHAN_XY_2M,,,,,,
staging.raw_idp_2024_mesures_qualite_marche_cadre,77,2025-10-06,,DAYAT FOUARATE,Mn5,393481.0,408618.0,26191,0,GEO_ORPHAN_XY_2M,,,,,,
staging.raw_idp_2024_mesures_qualite_marche_cadre,78,2025-10-06,,DAYAT FOUARATE,Chl a,393481.0,408618.0,26191,0,GEO_ORPHAN_XY_2M,,,,,,
staging.raw_idp_2024_mesures_qualite_marche_cadre,111,2025-10-06,,DAYAT SIDI BOUGHABA,NH4+ Spect,383102.0,406392.0,26191,0,GEO_ORPHAN_XY_2M,,,,,,
staging.raw_idp_2024_mesures_qualite_marche_cadre,112,2025-10-06,,DAYAT SIDI BOUGHABA,NH4+ ,383102.0,406392.0,26191,0,GEO_ORPHAN_XY_2M,,,,,,
staging.raw_idp_2024_mesures_qualite_marche_cadre,113,2025-10-06,,DAYAT SIDI BOUGHABA,PT,383102.0,406392.0,26191,0,GEO_ORPHAN_XY_2M,,,,,,
staging.raw_idp_2024_mesures_qualite_marche_cadre,114,2025-10-06,,DAYAT SIDI BOUGHABA,PO43-,383102.0,406392.0,26191,0,GEO_ORPHAN_XY_2M,,,,,,
staging.raw_idp_2024_mesures_qualite_marche_cadre,115,2025-10-06,,DAYAT SIDI BOUGHABA,MEST Filtr,383102.0,406392.0,26191,0,GEO_ORPHAN_XY_2M,,,,,,
staging.raw_idp_2024_mesures_qualite_marche_cadre,116,2025-10-06,,DAYAT SIDI BOUGHABA,NO3-_Spectro,383102.0,406392.0,26191,0,GEO_ORPHAN_XY_2M,,,,,,
staging.raw_idp_2024_mesures_qualite_marche_cadre,117,2025-10-06,,DAYAT SIDI BOUGHABA,NO3-_Réduction Cd,383102.0,406392.0,26191,0,GEO_ORPHAN_XY_2M,,,,,,
staging.raw_idp_2024_mesures_qualite_marche_cadre,118,2025-10-06,,DAYAT SIDI BOUGHABA,Cl-_IC,383102.0,406392.0,26191,0,GEO_ORPHAN_XY_2M,,,,,,
staging.raw_idp_2024_mesures_qualite_marche_cadre,119,2025-10-06,,DAYAT SIDI BOUGHABA,SO42-_IC,383102.0,406392.0,26191,0,GEO_ORPHAN_XY_2M,,,,,,
staging.raw_idp_2024_mesures_qualite_marche_cadre,120,2025-10-06,,DAYAT SIDI BOUGHABA,pH au laboratoire,383102.0,406392.0,26191,0,GEO_ORPHAN_XY_2M,,,,,,
staging.raw_idp_2024_mesures_qualite_marche_cadre,121,2025-10-06,,DAYAT SIDI BOUGHABA,Fe2+,383102.0,406392.0,26191,0,GEO_ORPHAN_XY_2M,,,,,,
staging.raw_idp_2024_mesures_qualite_marche_cadre,122,2025-10-06,,DAYAT SIDI BOUGHABA,Mn,383102.0,406392.0,26191,0,GEO_ORPHAN_XY_2M,,,,,,
staging.raw_idp_2024_mesures_qualite_marche_cadre,123,2025-10-06,,DAYAT SIDI BOUGHABA,Mn5,383102.0,406392.0,26191,0,GEO_ORPHAN_XY_2M,,,,,,
staging.raw_idp_2024_mesures_qualite_marche_cadre,124,2025-10-06,,DAYAT SIDI BOUGHABA,Chl a,383102.0,406392.0,26191,0,GEO_ORPHAN_XY_2M,,,,,,
staging.raw_idp_2024_mesures_qualite_marche_cadre,189,2025-10-07,,FORAGE ONEP BEN AOUDA,IP,449723.0,470980.0,26191,0,GEO_ORPHAN_XY_2M,,,,,,
staging.raw_idp_2024_mesures_qualite_marche_cadre,190,2025-10-07,,FORAGE ONEP BEN AOUDA,NH4+ Spect,449723.0,470980.0,26191,0,GEO_ORPHAN_XY_2M,,,,,,
staging.raw_idp_2024_mesures_qualite_marche_cadre,191,2025-10-07,,FORAGE ONEP BEN AOUDA,NH4+ ,449723.0,470980.0,26191,0,GEO_ORPHAN_XY_2M,,,,,,
staging.raw_idp_2024_mesures_qualite_marche_cadre,192,2025-10-07,,FORAGE ONEP BEN AOUDA,"RS 
mesuré_à 105 °C",449723.0,470980.0,26191,0,GEO_ORPHAN_XY_2M,,,,,,
staging.raw_idp_2024_mesures_qualite_marche_cadre,193,2025-10-07,,FORAGE ONEP BEN AOUDA,NO2- _Spectro.,449723.0,470980.0,26191,0,GEO_ORPHAN_XY_2M,,,,,,
staging.raw_idp_2024_mesures_qualite_marche_cadre,194,2025-10-07,,FORAGE ONEP BEN AOUDA,NO3-_Spectro,449723.0,470980.0,26191,0,GEO_ORPHAN_XY_2M,,,,,,
staging.raw_idp_2024_mesures_qualite_marche_cadre,195,2025-10-07,,FORAGE ONEP BEN AOUDA,TAC/TACs_meq/l,449723.0,470980.0,26191,0,GEO_ORPHAN_XY_2M,,,,,,
staging.raw_idp_2024_mesures_qualite_marche_cadre,196,2025-10-07,,FORAGE ONEP BEN AOUDA,TAC/TACs_°F,449723.0,470980.0,26191,0,GEO_ORPHAN_XY_2M,,,,,,
staging.raw_idp_2024_mesures_qualite_marche_cadre,197,2025-10-07,,FORAGE ONEP BEN AOUDA,TA/Tas_meq/l,449723.0,470980.0,26191,0,GEO_ORPHAN_XY_2M,,,,,,
staging.raw_idp_2024_mesures_qualite_marche_cadre,198,2025-10-07,,FORAGE ONEP BEN AOUDA,TA/Tas_°F,449723.0,470980.0,26191,0,GEO_ORPHAN_XY_2M,,,,,,
staging.raw_idp_2024_mesures_qualite_marche_cadre,199,2025-10-07,,FORAGE ONEP BEN AOUDA,HCO3,449723.0,470980.0,26191,0,GEO_ORPHAN_XY_2M,,,,,,
staging.raw_idp_2024_mesures_qualite_marche_cadre,200,2025-10-07,,FORAGE ONEP BEN AOUDA,CO3,449723.0,470980.0,26191,0,GEO_ORPHAN_XY_2M,,,,,,
staging.raw_idp_2024_mesures_qualite_marche_cadre,201,2025-10-07,,FORAGE ONEP BEN AOUDA,OH-,449723.0,470980.0,26191,0,GEO_ORPHAN_XY_2M,,,,,,
staging.raw_idp_2024_mesures_qualite_marche_cadre,202,2025-10-07,,FORAGE ONEP BEN AOUDA,Cl-_IC,449723.0,470980.0,26191,0,GEO_ORPHAN_XY_2M,,,,,,
staging.raw_idp_2024_mesures_qualite_marche_cadre,203,2025-10-07,,FORAGE ONEP BEN AOUDA,SO42-_IC,449723.0,470980.0,26191,0,GEO_ORPHAN_XY_2M,,,,,,
staging.raw_idp_2024_mesures_qualite_marche_cadre,204,2025-10-07,,FORAGE ONEP BEN AOUDA,"somme
anions_meq/l",449723.0,470980.0,26191,0,GEO_ORPHAN_XY_2M,,,,,,
staging.raw_idp_2024_mesures_qualite_marche_cadre,205,2025-10-07,,FORAGE ONEP BEN AOUDA,"somme
anions_mg/l",449723.0,470980.0,26191,0,GEO_ORPHAN_XY_2M,,,,,,
staging.raw_idp_2024_mesures_qualite_marche_cadre,206,2025-10-07,,FORAGE ONEP BEN AOUDA,Ca++,449723.0,470980.0,26191,0,GEO_ORPHAN_XY_2M,,,,,,
staging.raw_idp_2024_mesures_qualite_marche_cadre,207,2025-10-07,,FORAGE ONEP BEN AOUDA,Mg++,449723.0,470980.0,26191,0,GEO_ORPHAN_XY_2M,,,,,,
staging.raw_idp_2024_mesures_qualite_marche_cadre,208,2025-10-07,,FORAGE ONEP BEN AOUDA,TH,449723.0,470980.0,26191,0,GEO_ORPHAN_XY_2M,,,,,,
staging.raw_idp_2024_mesures_qualite_marche_cadre,209,2025-10-07,,FORAGE ONEP BEN AOUDA,Na+,449723.0,470980.0,26191,0,GEO_ORPHAN_XY_2M,,,,,,
staging.raw_idp_2024_mesures_qualite_marche_cadre,210,2025-10-07,,FORAGE ONEP BEN AOUDA,K+,449723.0,470980.0,26191,0,GEO_ORPHAN_XY_2M,,,,,,
staging.raw_idp_2024_mesures_qualite_marche_cadre,211,2025-10-07,,FORAGE ONEP BEN AOUDA,"Somme
cations_meq/l",449723.0,470980.0,26191,0,GEO_ORPHAN_XY_2M,,,,,,
staging.raw_idp_2024_mesures_qualite_marche_cadre,212,2025-10-07,,FORAGE ONEP BEN AOUDA,"Somme
cations_mg/l",449723.0,470980.0,26191,0,GEO_ORPHAN_XY_2M,,,,,,
staging.raw_idp_2024_mesures_qualite_marche_cadre,213,2025-10-07,,FORAGE ONEP BEN AOUDA,Bilan_Ionique,449723.0,470980.0,26191,0,GEO_ORPHAN_XY_2M,,,,,,
staging.raw_idp_2024_mesures_qualite_marche_cadre,214,2025-10-07,,FORAGE ONEP BEN AOUDA,Na+3,449723.0,470980.0,26191,0,GEO_ORPHAN_XY_2M,,,,,,
staging.raw_idp_2024_mesures_qualite_marche_cadre,215,2025-10-07,,FORAGE ONEP BEN AOUDA,K+4,449723.0,470980.0,26191,0,GEO_ORPHAN_XY_2M,,,,,,
staging.raw_idp_2024_mesures_qualite_marche_cadre,216,2025-10-07,,FORAGE ONEP BEN AOUDA,Fe,449723.0,470980.0,26191,0,GEO_ORPHAN_XY_2M,,,,,,
staging.raw_idp_2024_mesures_qualite_marche_cadre,217,2025-10-07,,FORAGE ONEP BEN AOUDA,Mn5,449723.0,470980.0,26191,0,GEO_ORPHAN_XY_2M,,,,,,
staging.raw_idp_2024_mesures_qualite_marche_cadre,218,2025-10-07,,FORAGE ONEP BEN AOUDA,CT,449723.0,470980.0,26191,0,GEO_ORPHAN_XY_2M,,,,,,
staging.raw_idp_2024_mesures_qualite_marche_cadre,219,2025-10-07,,FORAGE ONEP BEN AOUDA,CF,449723.0,470980.0,26191,0,GEO_ORPHAN_XY_2M,,,,,,
staging.raw_idp_2024_mesures_qualite_marche_cadre,220,2025-10-07,,FORAGE ONEP BEN AOUDA,SF,449723.0,470980.0,26191,0,GEO_ORPHAN_XY_2M,,,,,,
staging.raw_idp_2024_mesures_qualite_marche_cadre,221,2025-10-07,,AVAL STEP SIDI SLIMANE,DCO,448173.0,410920.0,26191,0,GEO_ORPHAN_XY_2M,,,,,,
staging.raw_idp_2024_mesures_qualite_marche_cadre,222,2025-10-07,,AVAL STEP SIDI SLIMANE,DBO5,448173.0,410920.0,26191,0,GEO_ORPHAN_XY_2M,,,,,,
staging.raw_idp_2024_mesures_qualite_marche_cadre,223,2025-10-07,,AVAL STEP SIDI SLIMANE,NTK Titri,448173.0,410920.0,26191,0,GEO_ORPHAN_XY_2M,,,,,,
staging.raw_idp_2024_mesures_qualite_marche_cadre,224,2025-10-07,,AVAL STEP SIDI SLIMANE,NTK Spectr,448173.0,410920.0,26191,0,GEO_ORPHAN_XY_2M,,,,,,
staging.raw_idp_2024_mesures_qualite_marche_cadre,225,2025-10-07,,AVAL STEP SIDI SLIMANE,NH4+ Spect,448173.0,410920.0,26191,0,GEO_ORPHAN_XY_2M,,,,,,
staging.raw_idp_2024_mesures_qualite_marche_cadre,226,2025-10-07,,AVAL STEP SIDI SLIMANE,NH4+ ,448173.0,410920.0,26191,0,GEO_ORPHAN_XY_2M,,,,,,
staging.raw_idp_2024_mesures_qualite_marche_cadre,227,2025-10-07,,AVAL STEP SIDI SLIMANE,PT,448173.0,410920.0,26191,0,GEO_ORPHAN_XY_2M,,,,,,
staging.raw_idp_2024_mesures_qualite_marche_cadre,228,2025-10-07,,AVAL STEP SIDI SLIMANE,PO43-,448173.0,410920.0,26191,0,GEO_ORPHAN_XY_2M,,,,,,
staging.raw_idp_2024_mesures_qualite_marche_cadre,229,2025-10-07,,AVAL STEP SIDI SLIMANE,MEST Filtr,448173.0,410920.0,26191,0,GEO_ORPHAN_XY_2M,,,,,,
staging.raw_idp_2024_mesures_qualite_marche_cadre,230,2025-10-07,,AVAL STEP SIDI SLIMANE,"Cond
25°C",448173.0,410920.0,26191,0,GEO_ORPHAN_XY_2M,,,,,,
staging.raw_idp_2024_mesures_qualite_marche_cadre,231,2025-10-07,,AVAL STEP SIDI SLIMANE,"Cond 25°C *0,9*0,01
",448173.0,410920.0,26191,0,GEO_ORPHAN_XY_2M,,,,,,
staging.raw_idp_2024_mesures_qualite_marche_cadre,232,2025-10-07,,AVAL STEP SIDI SLIMANE,"Cond 25°C *1,1*0,01
",448173.0,410920.0,26191,0,GEO_ORPHAN_XY_2M,,,,,,
staging.raw_idp_2024_mesures_qualite_marche_cadre,233,2025-10-07,,AVAL STEP SIDI SLIMANE,NO2- _Spectro.,448173.0,410920.0,26191,0,GEO_ORPHAN_XY_2M,,,,,,
staging.raw_idp_2024_mesures_qualite_marche_cadre,234,2025-10-07,,AVAL STEP SIDI SLIMANE,NO3-_Spectro,448173.0,410920.0,26191,0,GEO_ORPHAN_XY_2M,,,,,,
staging.raw_idp_2024_mesures_qualite_marche_cadre,235,2025-10-07,,AVAL STEP SIDI SLIMANE,TAC/TACs_meq/l,448173.0,410920.0,26191,0,GEO_ORPHAN_XY_2M,,,,,,
staging.raw_idp_2024_mesures_qualite_marche_cadre,236,2025-10-07,,AVAL STEP SIDI SLIMANE,TAC/TACs_°F,448173.0,410920.0,26191,0,GEO_ORPHAN_XY_2M,,,,,,
staging.raw_idp_2024_mesures_qualite_marche_cadre,237,2025-10-07,,AVAL STEP SIDI SLIMANE,TA/Tas_meq/l,448173.0,410920.0,26191,0,GEO_ORPHAN_XY_2M,,,,,,
staging.raw_idp_2024_mesures_qualite_marche_cadre,238,2025-10-07,,AVAL STEP SIDI SLIMANE,TA/Tas_°F,448173.0,410920.0,26191,0,GEO_ORPHAN_XY_2M,,,,,,
staging.raw_idp_2024_mesures_qualite_marche_cadre,239,2025-10-07,,AVAL STEP SIDI SLIMANE,HCO3,448173.0,410920.0,26191,0,GEO_ORPHAN_XY_2M,,,,,,
staging.raw_idp_2024_mesures_qualite_marche_cadre,240,2025-10-07,,AVAL STEP SIDI SLIMANE,CO3,448173.0,410920.0,26191,0,GEO_ORPHAN_XY_2M,,,,,,
staging.raw_idp_2024_mesures_qualite_marche_cadre,241,2025-10-07,,AVAL STEP SIDI SLIMANE,OH-,448173.0,410920.0,26191,0,GEO_ORPHAN_XY_2M,,,,,,
staging.raw_idp_2024_mesures_qualite_marche_cadre,242,2025-10-07,,AVAL STEP SIDI SLIMANE,Cl-_IC,448173.0,410920.0,26191,0,GEO_ORPHAN_XY_2M,,,,,,
staging.raw_idp_2024_mesures_qualite_marche_cadre,243,2025-10-07,,AVAL STEP SIDI SLIMANE,SO42-_IC,448173.0,410920.0,26191,0,GEO_ORPHAN_XY_2M,,,,,,
staging.raw_idp_2024_mesures_qualite_marche_cadre,244,2025-10-07,,AVAL STEP SIDI SLIMANE,"somme
anions_meq/l",448173.0,410920.0,26191,0,GEO_ORPHAN_XY_2M,,,,,,
staging.raw_idp_2024_mesures_qualite_marche_cadre,245,2025-10-07,,AVAL STEP SIDI SLIMANE,"somme
anions_mg/l",448173.0,410920.0,26191,0,GEO_ORPHAN_XY_2M,,,,,,
staging.raw_idp_2024_mesures_qualite_marche_cadre,246,2025-10-07,,AVAL STEP SIDI SLIMANE,Ca++,448173.0,410920.0,26191,0,GEO_ORPHAN_XY_2M,,,,,,
staging.raw_idp_2024_mesures_qualite_marche_cadre,247,2025-10-07,,AVAL STEP SIDI SLIMANE,Mg++,448173.0,410920.0,26191,0,GEO_ORPHAN_XY_2M,,,,,,
staging.raw_idp_2024_mesures_qualite_marche_cadre,248,2025-10-07,,AVAL STEP SIDI SLIMANE,TH,448173.0,410920.0,26191,0,GEO_ORPHAN_XY_2M,,,,,,
staging.raw_idp_2024_mesures_qualite_marche_cadre,249,2025-10-07,,AVAL STEP SIDI SLIMANE,Na+,448173.0,410920.0,26191,0,GEO_ORPHAN_XY_2M,,,,,,
staging.raw_idp_2024_mesures_qualite_marche_cadre,250,2025-10-07,,AVAL STEP SIDI SLIMANE,K+,448173.0,410920.0,26191,0,GEO_ORPHAN_XY_2M,,,,,,
staging.raw_idp_2024_mesures_qualite_marche_cadre,251,2025-10-07,,AVAL STEP SIDI SLIMANE,"Somme
cations_meq/l",448173.0,410920.0,26191,0,GEO_ORPHAN_XY_2M,,,,,,
staging.raw_idp_2024_mesures_qualite_marche_cadre,252,2025-10-07,,AVAL STEP SIDI SLIMANE,"Somme
cations_mg/l",448173.0,410920.0,26191,0,GEO_ORPHAN_XY_2M,,,,,,
staging.raw_idp_2024_mesures_qualite_marche_cadre,253,2025-10-07,,AVAL STEP SIDI SLIMANE,Bilan_Ionique,448173.0,410920.0,26191,0,GEO_ORPHAN_XY_2M,,,,,,
staging.raw_idp_2024_mesures_qualite_marche_cadre,254,2025-10-07,,AVAL STEP SIDI SLIMANE,Na+3,448173.0,410920.0,26191,0,GEO_ORPHAN_XY_2M,,,,,,
staging.raw_idp_2024_mesures_qualite_marche_cadre,255,2025-10-07,,AVAL STEP SIDI SLIMANE,K+4,448173.0,410920.0,26191,0,GEO_ORPHAN_XY_2M,,,,,,
staging.raw_idp_2024_mesures_qualite_marche_cadre,256,2025-10-07,,AVAL STEP SIDI SLIMANE,CT,448173.0,410920.0,26191,0,GEO_ORPHAN_XY_2M,,,,,,
staging.raw_idp_2024_mesures_qualite_marche_cadre,257,2025-10-07,,AVAL STEP SIDI SLIMANE,CF,448173.0,410920.0,26191,0,GEO_ORPHAN_XY_2M,,,,,,
staging.raw_idp_2024_mesures_qualite_marche_cadre,258,2025-10-07,,AVAL STEP SIDI SLIMANE,SF,448173.0,410920.0,26191,0,GEO_ORPHAN_XY_2M,,,,,,
staging.raw_idp_2024_mesures_qualite_marche_cadre,259,2025-10-07,,FORAGE ONEP KSAIBIA,IP,438642.0,410539.0,26191,0,GEO_ORPHAN_XY_2M,,,,,,
staging.raw_idp_2024_mesures_qualite_marche_cadre,260,2025-10-07,,FORAGE ONEP KSAIBIA,NH4+ Spect,438642.0,410539.0,26191,0,GEO_ORPHAN_XY_2M,,,,,,
staging.raw_idp_2024_mesures_qualite_marche_cadre,261,2025-10-07,,FORAGE ONEP KSAIBIA,NH4+ ,438642.0,410539.0,26191,0,GEO_ORPHAN_XY_2M,,,,,,
staging.raw_idp_2024_mesures_qualite_marche_cadre,262,2025-10-07,,FORAGE ONEP KSAIBIA,"RS 
mesuré_à 105 °C",438642.0,410539.0,26191,0,GEO_ORPHAN_XY_2M,,,,,,
staging.raw_idp_2024_mesures_qualite_marche_cadre,263,2025-10-07,,FORAGE ONEP KSAIBIA,NO2- _Spectro.,438642.0,410539.0,26191,0,GEO_ORPHAN_XY_2M,,,,,,
staging.raw_idp_2024_mesures_qualite_marche_cadre,264,2025-10-07,,FORAGE ONEP KSAIBIA,NO3-_Spectro,438642.0,410539.0,26191,0,GEO_ORPHAN_XY_2M,,,,,,
staging.raw_idp_2024_mesures_qualite_marche_cadre,265,2025-10-07,,FORAGE ONEP KSAIBIA,TAC/TACs_meq/l,438642.0,410539.0,26191,0,GEO_ORPHAN_XY_2M,,,,,,
staging.raw_idp_2024_mesures_qualite_marche_cadre,266,2025-10-07,,FORAGE ONEP KSAIBIA,TAC/TACs_°F,438642.0,410539.0,26191,0,GEO_ORPHAN_XY_2M,,,,,,
staging.raw_idp_2024_mesures_qualite_marche_cadre,267,2025-10-07,,FORAGE ONEP KSAIBIA,TA/Tas_meq/l,438642.0,410539.0,26191,0,GEO_ORPHAN_XY_2M,,,,,,
staging.raw_idp_2024_mesures_qualite_marche_cadre,268,2025-10-07,,FORAGE ONEP KSAIBIA,TA/Tas_°F,438642.0,410539.0,26191,0,GEO_ORPHAN_XY_2M,,,,,,
staging.raw_idp_2024_mesures_qualite_marche_cadre,269,2025-10-07,,FORAGE ONEP KSAIBIA,HCO3,438642.0,410539.0,26191,0,GEO_ORPHAN_XY_2M,,,,,,
staging.raw_idp_2024_mesures_qualite_marche_cadre,270,2025-10-07,,FORAGE ONEP KSAIBIA,CO3,438642.0,410539.0,26191,0,GEO_ORPHAN_XY_2M,,,,,,
staging.raw_idp_2024_mesures_qualite_marche_cadre,271,2025-10-07,,FORAGE ONEP KSAIBIA,OH-,438642.0,410539.0,26191,0,GEO_ORPHAN_XY_2M,,,,,,
staging.raw_idp_2024_mesures_qualite_marche_cadre,272,2025-10-07,,FORAGE ONEP KSAIBIA,Cl-_IC,438642.0,410539.0,26191,0,GEO_ORPHAN_XY_2M,,,,,,
staging.raw_idp_2024_mesures_qualite_marche_cadre,273,2025-10-07,,FORAGE ONEP KSAIBIA,SO42-_IC,438642.0,410539.0,26191,0,GEO_ORPHAN_XY_2M,,,,,,
staging.raw_idp_2024_mesures_qualite_marche_cadre,274,2025-10-07,,FORAGE ONEP KSAIBIA,"somme
anions_meq/l",438642.0,410539.0,26191,0,GEO_ORPHAN_XY_2M,,,,,,
staging.raw_idp_2024_mesures_qualite_marche_cadre,275,2025-10-07,,FORAGE ONEP KSAIBIA,"somme
anions_mg/l",438642.0,410539.0,26191,0,GEO_ORPHAN_XY_2M,,,,,,
staging.raw_idp_2024_mesures_qualite_marche_cadre,276,2025-10-07,,FORAGE ONEP KSAIBIA,Ca++,438642.0,410539.0,26191,0,GEO_ORPHAN_XY_2M,,,,,,
staging.raw_idp_2024_mesures_qualite_marche_cadre,277,2025-10-07,,FORAGE ONEP KSAIBIA,Mg++,438642.0,410539.0,26191,0,GEO_ORPHAN_XY_2M,,,,,,
staging.raw_idp_2024_mesures_qualite_marche_cadre,278,2025-10-07,,FORAGE ONEP KSAIBIA,TH,438642.0,410539.0,26191,0,GEO_ORPHAN_XY_2M,,,,,,
staging.raw_idp_2024_mesures_qualite_marche_cadre,279,2025-10-07,,FORAGE ONEP KSAIBIA,Na+,438642.0,410539.0,26191,0,GEO_ORPHAN_XY_2M,,,,,,
staging.raw_idp_2024_mesures_qualite_marche_cadre,280,2025-10-07,,FORAGE ONEP KSAIBIA,K+,438642.0,410539.0,26191,0,GEO_ORPHAN_XY_2M,,,,,,
staging.raw_idp_2024_mesures_qualite_marche_cadre,281,2025-10-07,,FORAGE ONEP KSAIBIA,"Somme
cations_meq/l",438642.0,410539.0,26191,0,GEO_ORPHAN_XY_2M,,,,,,
staging.raw_idp_2024_mesures_qualite_marche_cadre,282,2025-10-07,,FORAGE ONEP KSAIBIA,"Somme
cations_mg/l",438642.0,410539.0,26191,0,GEO_ORPHAN_XY_2M,,,,,,
staging.raw_idp_2024_mesures_qualite_marche_cadre,283,2025-10-07,,FORAGE ONEP KSAIBIA,Bilan_Ionique,438642.0,410539.0,26191,0,GEO_ORPHAN_XY_2M,,,,,,
staging.raw_idp_2024_mesures_qualite_marche_cadre,284,2025-10-07,,FORAGE ONEP KSAIBIA,Na+3,438642.0,410539.0,26191,0,GEO_ORPHAN_XY_2M,,,,,,
staging.raw_idp_2024_mesures_qualite_marche_cadre,285,2025-10-07,,FORAGE ONEP KSAIBIA,K+4,438642.0,410539.0,26191,0,GEO_ORPHAN_XY_2M,,,,,,
staging.raw_idp_2024_mesures_qualite_marche_cadre,286,2025-10-07,,FORAGE ONEP KSAIBIA,Fe,438642.0,410539.0,26191,0,GEO_ORPHAN_XY_2M,,,,,,
staging.raw_idp_2024_mesures_qualite_marche_cadre,287,2025-10-07,,FORAGE ONEP KSAIBIA,Mn5,438642.0,410539.0,26191,0,GEO_ORPHAN_XY_2M,,,,,,
staging.raw_idp_2024_mesures_qualite_marche_cadre,288,2025-10-07,,FORAGE ONEP KSAIBIA,CT,438642.0,410539.0,26191,0,GEO_ORPHAN_XY_2M,,,,,,
staging.raw_idp_2024_mesures_qualite_marche_cadre,289,2025-10-07,,FORAGE ONEP KSAIBIA,CF,438642.0,410539.0,26191,0,GEO_ORPHAN_XY_2M,,,,,,
staging.raw_idp_2024_mesures_qualite_marche_cadre,290,2025-10-07,,FORAGE ONEP KSAIBIA,SF,438642.0,410539.0,26191,0,GEO_ORPHAN_XY_2M,,,,,,
staging.raw_idp_2024_mesures_qualite_marche_cadre,291,2025-10-07,,PUITS MOHAMED HASSANI,IP,437049.0,471403.0,26191,0,GEO_ORPHAN_XY_2M,,,,,,
staging.raw_idp_2024_mesures_qualite_marche_cadre,292,2025-10-07,,PUITS MOHAMED HASSANI,NH4+ Spect,437049.0,471403.0,26191,0,GEO_ORPHAN_XY_2M,,,,,,
staging.raw_idp_2024_mesures_qualite_marche_cadre,293,2025-10-07,,PUITS MOHAMED HASSANI,NH4+ ,437049.0,471403.0,26191,0,GEO_ORPHAN_XY_2M,,,,,,
staging.raw_idp_2024_mesures_qualite_marche_cadre,294,2025-10-07,,PUITS MOHAMED HASSANI,"RS 
mesuré_à 105 °C",437049.0,471403.0,26191,0,GEO_ORPHAN_XY_2M,,,,,,
staging.raw_idp_2024_mesures_qualite_marche_cadre,295,2025-10-07,,PUITS MOHAMED HASSANI,NO2- _Spectro.,437049.0,471403.0,26191,0,GEO_ORPHAN_XY_2M,,,,,,
staging.raw_idp_2024_mesures_qualite_marche_cadre,296,2025-10-07,,PUITS MOHAMED HASSANI,NO3-_Spectro,437049.0,471403.0,26191,0,GEO_ORPHAN_XY_2M,,,,,,
staging.raw_idp_2024_mesures_qualite_marche_cadre,297,2025-10-07,,PUITS MOHAMED HASSANI,TAC/TACs_meq/l,437049.0,471403.0,26191,0,GEO_ORPHAN_XY_2M,,,,,,
staging.raw_idp_2024_mesures_qualite_marche_cadre,298,2025-10-07,,PUITS MOHAMED HASSANI,TAC/TACs_°F,437049.0,471403.0,26191,0,GEO_ORPHAN_XY_2M,,,,,,
staging.raw_idp_2024_mesures_qualite_marche_cadre,299,2025-10-07,,PUITS MOHAMED HASSANI,TA/Tas_meq/l,437049.0,471403.0,26191,0,GEO_ORPHAN_XY_2M,,,,,,
staging.raw_idp_2024_mesures_qualite_marche_cadre,300,2025-10-07,,PUITS MOHAMED HASSANI,TA/Tas_°F,437049.0,471403.0,26191,0,GEO_ORPHAN_XY_2M,,,,,,
staging.raw_idp_2024_mesures_qualite_marche_cadre,301,2025-10-07,,PUITS MOHAMED HASSANI,HCO3,437049.0,471403.0,26191,0,GEO_ORPHAN_XY_2M,,,,,,
staging.raw_idp_2024_mesures_qualite_marche_cadre,302,2025-10-07,,PUITS MOHAMED HASSANI,CO3,437049.0,471403.0,26191,0,GEO_ORPHAN_XY_2M,,,,,,
staging.raw_idp_2024_mesures_qualite_marche_cadre,303,2025-10-07,,PUITS MOHAMED HASSANI,OH-,437049.0,471403.0,26191,0,GEO_ORPHAN_XY_2M,,,,,,
staging.raw_idp_2024_mesures_qualite_marche_cadre,304,2025-10-07,,PUITS MOHAMED HASSANI,Cl-_IC,437049.0,471403.0,26191,0,GEO_ORPHAN_XY_2M,,,,,,
staging.raw_idp_2024_mesures_qualite_marche_cadre,305,2025-10-07,,PUITS MOHAMED HASSANI,SO42-_IC,437049.0,471403.0,26191,0,GEO_ORPHAN_XY_2M,,,,,,
staging.raw_idp_2024_mesures_qualite_marche_cadre,306,2025-10-07,,PUITS MOHAMED HASSANI,"somme
anions_meq/l",437049.0,471403.0,26191,0,GEO_ORPHAN_XY_2M,,,,,,
staging.raw_idp_2024_mesures_qualite_marche_cadre,307,2025-10-07,,PUITS MOHAMED HASSANI,"somme
anions_mg/l",437049.0,471403.0,26191,0,GEO_ORPHAN_XY_2M,,,,,,
staging.raw_idp_2024_mesures_qualite_marche_cadre,308,2025-10-07,,PUITS MOHAMED HASSANI,Ca++,437049.0,471403.0,26191,0,GEO_ORPHAN_XY_2M,,,,,,
staging.raw_idp_2024_mesures_qualite_marche_cadre,309,2025-10-07,,PUITS MOHAMED HASSANI,Mg++,437049.0,471403.0,26191,0,GEO_ORPHAN_XY_2M,,,,,,
staging.raw_idp_2024_mesures_qualite_marche_cadre,310,2025-10-07,,PUITS MOHAMED HASSANI,TH,437049.0,471403.0,26191,0,GEO_ORPHAN_XY_2M,,,,,,
staging.raw_idp_2024_mesures_qualite_marche_cadre,311,2025-10-07,,PUITS MOHAMED HASSANI,Na+,437049.0,471403.0,26191,0,GEO_ORPHAN_XY_2M,,,,,,
staging.raw_idp_2024_mesures_qualite_marche_cadre,312,2025-10-07,,PUITS MOHAMED HASSANI,K+,437049.0,471403.0,26191,0,GEO_ORPHAN_XY_2M,,,,,,
staging.raw_idp_2024_mesures_qualite_marche_cadre,313,2025-10-07,,PUITS MOHAMED HASSANI,"Somme
cations_meq/l",437049.0,471403.0,26191,0,GEO_ORPHAN_XY_2M,,,,,,
staging.raw_idp_2024_mesures_qualite_marche_cadre,314,2025-10-07,,PUITS MOHAMED HASSANI,"Somme
cations_mg/l",437049.0,471403.0,26191,0,GEO_ORPHAN_XY_2M,,,,,,
staging.raw_idp_2024_mesures_qualite_marche_cadre,315,2025-10-07,,PUITS MOHAMED HASSANI,Bilan_Ionique,437049.0,471403.0,26191,0,GEO_ORPHAN_XY_2M,,,,,,
staging.raw_idp_2024_mesures_qualite_marche_cadre,316,2025-10-07,,PUITS MOHAMED HASSANI,Na+3,437049.0,471403.0,26191,0,GEO_ORPHAN_XY_2M,,,,,,
staging.raw_idp_2024_mesures_qualite_marche_cadre,317,2025-10-07,,PUITS MOHAMED HASSANI,K+4,437049.0,471403.0,26191,0,GEO_ORPHAN_XY_2M,,,,,,
staging.raw_idp_2024_mesures_qualite_marche_cadre,318,2025-10-07,,PUITS MOHAMED HASSANI,Fe,437049.0,471403.0,26191,0,GEO_ORPHAN_XY_2M,,,,,,
staging.raw_idp_2024_mesures_qualite_marche_cadre,319,2025-10-07,,PUITS MOHAMED HASSANI,Mn5,437049.0,471403.0,26191,0,GEO_ORPHAN_XY_2M,,,,,,
staging.raw_idp_2024_mesures_qualite_marche_cadre,320,2025-10-07,,PUITS MOHAMED HASSANI,CT,437049.0,471403.0,26191,0,GEO_ORPHAN_XY_2M,,,,,,
staging.raw_idp_2024_mesures_qualite_marche_cadre,321,2025-10-07,,PUITS MOHAMED HASSANI,CF,437049.0,471403.0,26191,0,GEO_ORPHAN_XY_2M,,,,,,
staging.raw_idp_2024_mesures_qualite_marche_cadre,322,2025-10-07,,PUITS MOHAMED HASSANI,SF,437049.0,471403.0,26191,0,GEO_ORPHAN_XY_2M,,,,,,
staging.raw_idp_2024_mesures_qualite_marche_cadre,323,2025-10-07,,FORAGE SOCHATOUR,IP,434414.0,478461.0,26191,0,GEO_ORPHAN_XY_2M,,,,,,
staging.raw_idp_2024_mesures_qualite_marche_cadre,324,2025-10-07,,FORAGE SOCHATOUR,NH4+ Spect,434414.0,478461.0,26191,0,GEO_ORPHAN_XY_2M,,,,,,
staging.raw_idp_2024_mesures_qualite_marche_cadre,325,2025-10-07,,FORAGE SOCHATOUR,NH4+ ,434414.0,478461.0,26191,0,GEO_ORPHAN_XY_2M,,,,,,
staging.raw_idp_2024_mesures_qualite_marche_cadre,326,2025-10-07,,FORAGE SOCHATOUR,"RS 
mesuré_à 105 °C",434414.0,478461.0,26191,0,GEO_ORPHAN_XY_2M,,,,,,
staging.raw_idp_2024_mesures_qualite_marche_cadre,327,2025-10-07,,FORAGE SOCHATOUR,NO2- _Spectro.,434414.0,478461.0,26191,0,GEO_ORPHAN_XY_2M,,,,,,
staging.raw_idp_2024_mesures_qualite_marche_cadre,328,2025-10-07,,FORAGE SOCHATOUR,NO3-_Spectro,434414.0,478461.0,26191,0,GEO_ORPHAN_XY_2M,,,,,,
staging.raw_idp_2024_mesures_qualite_marche_cadre,329,2025-10-07,,FORAGE SOCHATOUR,TAC/TACs_meq/l,434414.0,478461.0,26191,0,GEO_ORPHAN_XY_2M,,,,,,
staging.raw_idp_2024_mesures_qualite_marche_cadre,330,2025-10-07,,FORAGE SOCHATOUR,TAC/TACs_°F,434414.0,478461.0,26191,0,GEO_ORPHAN_XY_2M,,,,,,
staging.raw_idp_2024_mesures_qualite_marche_cadre,331,2025-10-07,,FORAGE SOCHATOUR,TA/Tas_meq/l,434414.0,478461.0,26191,0,GEO_ORPHAN_XY_2M,,,,,,
staging.raw_idp_2024_mesures_qualite_marche_cadre,332,2025-10-07,,FORAGE SOCHATOUR,TA/Tas_°F,434414.0,478461.0,26191,0,GEO_ORPHAN_XY_2M,,,,,,
staging.raw_idp_2024_mesures_qualite_marche_cadre,333,2025-10-07,,FORAGE SOCHATOUR,HCO3,434414.0,478461.0,26191,0,GEO_ORPHAN_XY_2M,,,,,,
staging.raw_idp_2024_mesures_qualite_marche_cadre,334,2025-10-07,,FORAGE SOCHATOUR,CO3,434414.0,478461.0,26191,0,GEO_ORPHAN_XY_2M,,,,,,
staging.raw_idp_2024_mesures_qualite_marche_cadre,335,2025-10-07,,FORAGE SOCHATOUR,OH-,434414.0,478461.0,26191,0,GEO_ORPHAN_XY_2M,,,,,,
staging.raw_idp_2024_mesures_qualite_marche_cadre,336,2025-10-07,,FORAGE SOCHATOUR,Cl-_IC,434414.0,478461.0,26191,0,GEO_ORPHAN_XY_2M,,,,,,
staging.raw_idp_2024_mesures_qualite_marche_cadre,337,2025-10-07,,FORAGE SOCHATOUR,SO42-_IC,434414.0,478461.0,26191,0,GEO_ORPHAN_XY_2M,,,,,,
staging.raw_idp_2024_mesures_qualite_marche_cadre,338,2025-10-07,,FORAGE SOCHATOUR,"somme
anions_meq/l",434414.0,478461.0,26191,0,GEO_ORPHAN_XY_2M,,,,,,
staging.raw_idp_2024_mesures_qualite_marche_cadre,339,2025-10-07,,FORAGE SOCHATOUR,"somme
anions_mg/l",434414.0,478461.0,26191,0,GEO_ORPHAN_XY_2M,,,,,,
staging.raw_idp_2024_mesures_qualite_marche_cadre,340,2025-10-07,,FORAGE SOCHATOUR,Ca++,434414.0,478461.0,26191,0,GEO_ORPHAN_XY_2M,,,,,,
staging.raw_idp_2024_mesures_qualite_marche_cadre,341,2025-10-07,,FORAGE SOCHATOUR,Mg++,434414.0,478461.0,26191,0,GEO_ORPHAN_XY_2M,,,,,,
staging.raw_idp_2024_mesures_qualite_marche_cadre,342,2025-10-07,,FORAGE SOCHATOUR,TH,434414.0,478461.0,26191,0,GEO_ORPHAN_XY_2M,,,,,,
staging.raw_idp_2024_mesures_qualite_marche_cadre,343,2025-10-07,,FORAGE SOCHATOUR,Na+,434414.0,478461.0,26191,0,GEO_ORPHAN_XY_2M,,,,,,
staging.raw_idp_2024_mesures_qualite_marche_cadre,344,2025-10-07,,FORAGE SOCHATOUR,K+,434414.0,478461.0,26191,0,GEO_ORPHAN_XY_2M,,,,,,
staging.raw_idp_2024_mesures_qualite_marche_cadre,345,2025-10-07,,FORAGE SOCHATOUR,"Somme
cations_meq/l",434414.0,478461.0,26191,0,GEO_ORPHAN_XY_2M,,,,,,
staging.raw_idp_2024_mesures_qualite_marche_cadre,346,2025-10-07,,FORAGE SOCHATOUR,"Somme
cations_mg/l",434414.0,478461.0,26191,0,GEO_ORPHAN_XY_2M,,,,,,
staging.raw_idp_2024_mesures_qualite_marche_cadre,347,2025-10-07,,FORAGE SOCHATOUR,Bilan_Ionique,434414.0,478461.0,26191,0,GEO_ORPHAN_XY_2M,,,,,,
staging.raw_idp_2024_mesures_qualite_marche_cadre,348,2025-10-07,,FORAGE SOCHATOUR,Na+3,434414.0,478461.0,26191,0,GEO_ORPHAN_XY_2M,,,,,,
staging.raw_idp_2024_mesures_qualite_marche_cadre,349,2025-10-07,,FORAGE SOCHATOUR,K+4,434414.0,478461.0,26191,0,GEO_ORPHAN_XY_2M,,,,,,
staging.raw_idp_2024_mesures_qualite_marche_cadre,350,2025-10-07,,FORAGE SOCHATOUR,Fe,434414.0,478461.0,26191,0,GEO_ORPHAN_XY_2M,,,,,,
staging.raw_idp_2024_mesures_qualite_marche_cadre,351,2025-10-07,,FORAGE SOCHATOUR,Mn5,434414.0,478461.0,26191,0,GEO_ORPHAN_XY_2M,,,,,,
staging.raw_idp_2024_mesures_qualite_marche_cadre,352,2025-10-07,,FORAGE SOCHATOUR,CT,434414.0,478461.0,26191,0,GEO_ORPHAN_XY_2M,,,,,,
staging.raw_idp_2024_mesures_qualite_marche_cadre,353,2025-10-07,,FORAGE SOCHATOUR,CF,434414.0,478461.0,26191,0,GEO_ORPHAN_XY_2M,,,,,,
staging.raw_idp_2024_mesures_qualite_marche_cadre,354,2025-10-07,,FORAGE SOCHATOUR,SF,434414.0,478461.0,26191,0,GEO_ORPHAN_XY_2M,,,,,,
staging.raw_idp_2024_mesures_qualite_marche_cadre,390,2025-10-07,,PUITS MOHAMED CHEHYMA,IP,427574.0,482265.0,26191,0,GEO_ORPHAN_XY_2M,,,,,,
staging.raw_idp_2024_mesures_qualite_marche_cadre,391,2025-10-07,,PUITS MOHAMED CHEHYMA,NH4+ Spect,427574.0,482265.0,26191,0,GEO_ORPHAN_XY_2M,,,,,,
staging.raw_idp_2024_mesures_qualite_marche_cadre,392,2025-10-07,,PUITS MOHAMED CHEHYMA,NH4+ ,427574.0,482265.0,26191,0,GEO_ORPHAN_XY_2M,,,,,,
staging.raw_idp_2024_mesures_qualite_marche_cadre,393,2025-10-07,,PUITS MOHAMED CHEHYMA,"Cond
25°C",427574.0,482265.0,26191,0,GEO_ORPHAN_XY_2M,,,,,,
staging.raw_idp_2024_mesures_qualite_marche_cadre,394,2025-10-07,,PUITS MOHAMED CHEHYMA,"Cond 25°C *0,9*0,01
",427574.0,482265.0,26191,0,GEO_ORPHAN_XY_2M,,,,,,
staging.raw_idp_2024_mesures_qualite_marche_cadre,395,2025-10-07,,PUITS MOHAMED CHEHYMA,"Cond 25°C *1,1*0,01
",427574.0,482265.0,26191,0,GEO_ORPHAN_XY_2M,,,,,,
staging.raw_idp_2024_mesures_qualite_marche_cadre,396,2025-10-07,,PUITS MOHAMED CHEHYMA,"RS 
mesuré_à 105 °C",427574.0,482265.0,26191,0,GEO_ORPHAN_XY_2M,,,,,,
staging.raw_idp_2024_mesures_qualite_marche_cadre,397,2025-10-07,,PUITS MOHAMED CHEHYMA,NO2- _Spectro.,427574.0,482265.0,26191,0,GEO_ORPHAN_XY_2M,,,,,,
staging.raw_idp_2024_mesures_qualite_marche_cadre,398,2025-10-07,,PUITS MOHAMED CHEHYMA,NO3-_Spectro,427574.0,482265.0,26191,0,GEO_ORPHAN_XY_2M,,,,,,
staging.raw_idp_2024_mesures_qualite_marche_cadre,399,2025-10-07,,PUITS MOHAMED CHEHYMA,TAC/TACs_meq/l,427574.0,482265.0,26191,0,GEO_ORPHAN_XY_2M,,,,,,
staging.raw_idp_2024_mesures_qualite_marche_cadre,400,2025-10-07,,PUITS MOHAMED CHEHYMA,TAC/TACs_°F,427574.0,482265.0,26191,0,GEO_ORPHAN_XY_2M,,,,,,
staging.raw_idp_2024_mesures_qualite_marche_cadre,401,2025-10-07,,PUITS MOHAMED CHEHYMA,TA/Tas_meq/l,427574.0,482265.0,26191,0,GEO_ORPHAN_XY_2M,,,,,,
staging.raw_idp_2024_mesures_qualite_marche_cadre,402,2025-10-07,,PUITS MOHAMED CHEHYMA,TA/Tas_°F,427574.0,482265.0,26191,0,GEO_ORPHAN_XY_2M,,,,,,
staging.raw_idp_2024_mesures_qualite_marche_cadre,403,2025-10-07,,PUITS MOHAMED CHEHYMA,HCO3,427574.0,482265.0,26191,0,GEO_ORPHAN_XY_2M,,,,,,
staging.raw_idp_2024_mesures_qualite_marche_cadre,404,2025-10-07,,PUITS MOHAMED CHEHYMA,CO3,427574.0,482265.0,26191,0,GEO_ORPHAN_XY_2M,,,,,,
staging.raw_idp_2024_mesures_qualite_marche_cadre,405,2025-10-07,,PUITS MOHAMED CHEHYMA,OH-,427574.0,482265.0,26191,0,GEO_ORPHAN_XY_2M,,,,,,
staging.raw_idp_2024_mesures_qualite_marche_cadre,406,2025-10-07,,PUITS MOHAMED CHEHYMA,Cl-_IC,427574.0,482265.0,26191,0,GEO_ORPHAN_XY_2M,,,,,,
staging.raw_idp_2024_mesures_qualite_marche_cadre,407,2025-10-07,,PUITS MOHAMED CHEHYMA,SO42-_IC,427574.0,482265.0,26191,0,GEO_ORPHAN_XY_2M,,,,,,
staging.raw_idp_2024_mesures_qualite_marche_cadre,408,2025-10-07,,PUITS MOHAMED CHEHYMA,"somme
anions_meq/l",427574.0,482265.0,26191,0,GEO_ORPHAN_XY_2M,,,,,,
staging.raw_idp_2024_mesures_qualite_marche_cadre,409,2025-10-07,,PUITS MOHAMED CHEHYMA,"somme
anions_mg/l",427574.0,482265.0,26191,0,GEO_ORPHAN_XY_2M,,,,,,
staging.raw_idp_2024_mesures_qualite_marche_cadre,410,2025-10-07,,PUITS MOHAMED CHEHYMA,Ca++,427574.0,482265.0,26191,0,GEO_ORPHAN_XY_2M,,,,,,
staging.raw_idp_2024_mesures_qualite_marche_cadre,411,2025-10-07,,PUITS MOHAMED CHEHYMA,Mg++,427574.0,482265.0,26191,0,GEO_ORPHAN_XY_2M,,,,,,
staging.raw_idp_2024_mesures_qualite_marche_cadre,412,2025-10-07,,PUITS MOHAMED CHEHYMA,TH,427574.0,482265.0,26191,0,GEO_ORPHAN_XY_2M,,,,,,
staging.raw_idp_2024_mesures_qualite_marche_cadre,413,2025-10-07,,PUITS MOHAMED CHEHYMA,Na+,427574.0,482265.0,26191,0,GEO_ORPHAN_XY_2M,,,,,,
staging.raw_idp_2024_mesures_qualite_marche_cadre,414,2025-10-07,,PUITS MOHAMED CHEHYMA,K+,427574.0,482265.0,26191,0,GEO_ORPHAN_XY_2M,,,,,,
staging.raw_idp_2024_mesures_qualite_marche_cadre,415,2025-10-07,,PUITS MOHAMED CHEHYMA,"Somme
cations_meq/l",427574.0,482265.0,26191,0,GEO_ORPHAN_XY_2M,,,,,,
staging.raw_idp_2024_mesures_qualite_marche_cadre,416,2025-10-07,,PUITS MOHAMED CHEHYMA,"Somme
cations_mg/l",427574.0,482265.0,26191,0,GEO_ORPHAN_XY_2M,,,,,,
staging.raw_idp_2024_mesures_qualite_marche_cadre,417,2025-10-07,,PUITS MOHAMED CHEHYMA,Bilan_Ionique,427574.0,482265.0,26191,0,GEO_ORPHAN_XY_2M,,,,,,
staging.raw_idp_2024_mesures_qualite_marche_cadre,418,2025-10-07,,PUITS MOHAMED CHEHYMA,Na+3,427574.0,482265.0,26191,0,GEO_ORPHAN_XY_2M,,,,,,
staging.raw_idp_2024_mesures_qualite_marche_cadre,419,2025-10-07,,PUITS MOHAMED CHEHYMA,K+4,427574.0,482265.0,26191,0,GEO_ORPHAN_XY_2M,,,,,,
staging.raw_idp_2024_mesures_qualite_marche_cadre,420,2025-10-07,,PUITS MOHAMED CHEHYMA,Fe,427574.0,482265.0,26191,0,GEO_ORPHAN_XY_2M,,,,,,
staging.raw_idp_2024_mesures_qualite_marche_cadre,421,2025-10-07,,PUITS MOHAMED CHEHYMA,Mn5,427574.0,482265.0,26191,0,GEO_ORPHAN_XY_2M,,,,,,
staging.raw_idp_2024_mesures_qualite_marche_cadre,422,2025-10-07,,PUITS MOHAMED CHEHYMA,CT,427574.0,482265.0,26191,0,GEO_ORPHAN_XY_2M,,,,,,
staging.raw_idp_2024_mesures_qualite_marche_cadre,423,2025-10-07,,PUITS MOHAMED CHEHYMA,CF,427574.0,482265.0,26191,0,GEO_ORPHAN_XY_2M,,,,,,
staging.raw_idp_2024_mesures_qualite_marche_cadre,424,2025-10-07,,PUITS MOHAMED CHEHYMA,SF,427574.0,482265.0,26191,0,GEO_ORPHAN_XY_2M,,,,,,
staging.raw_idp_2024_mesures_qualite_marche_cadre,457,2025-10-08,,AMONT STEP MECHRAA BEL KSIRI,DBO5,452534.0,441554.0,26191,0,GEO_ORPHAN_XY_2M,,,,,,
staging.raw_idp_2024_mesures_qualite_marche_cadre,458,2025-10-08,,AMONT STEP MECHRAA BEL KSIRI,NTK Spectr,452534.0,441554.0,26191,0,GEO_ORPHAN_XY_2M,,,,,,
staging.raw_idp_2024_mesures_qualite_marche_cadre,459,2025-10-08,,AMONT STEP MECHRAA BEL KSIRI,NH4+ Spect,452534.0,441554.0,26191,0,GEO_ORPHAN_XY_2M,,,,,,
staging.raw_idp_2024_mesures_qualite_marche_cadre,460,2025-10-08,,AMONT STEP MECHRAA BEL KSIRI,NH4+ ,452534.0,441554.0,26191,0,GEO_ORPHAN_XY_2M,,,,,,
staging.raw_idp_2024_mesures_qualite_marche_cadre,461,2025-10-08,,AMONT STEP MECHRAA BEL KSIRI,PT,452534.0,441554.0,26191,0,GEO_ORPHAN_XY_2M,,,,,,
staging.raw_idp_2024_mesures_qualite_marche_cadre,462,2025-10-08,,AMONT STEP MECHRAA BEL KSIRI,PO43-,452534.0,441554.0,26191,0,GEO_ORPHAN_XY_2M,,,,,,
staging.raw_idp_2024_mesures_qualite_marche_cadre,463,2025-10-08,,AMONT STEP MECHRAA BEL KSIRI,MEST Filtr,452534.0,441554.0,26191,0,GEO_ORPHAN_XY_2M,,,,,,
staging.raw_idp_2024_mesures_qualite_marche_cadre,464,2025-10-08,,AMONT STEP MECHRAA BEL KSIRI,"Huiles
Graisses (H G T)",452534.0,441554.0,26191,0,GEO_ORPHAN_XY_2M,,,,,,
staging.raw_idp_2024_mesures_qualite_marche_cadre,465,2025-10-08,,AMONT STEP MECHRAA BEL KSIRI,"indice de phénol M:A
",452534.0,441554.0,26191,0,GEO_ORPHAN_XY_2M,,,,,,
staging.raw_idp_2024_mesures_qualite_marche_cadre,466,2025-10-08,,AMONT STEP MECHRAA BEL KSIRI,"DCO 
2h décant.",452534.0,441554.0,26191,0,GEO_ORPHAN_XY_2M,,,,,,
staging.raw_idp_2024_mesures_qualite_marche_cadre,467,2025-10-08,,AMONT STEP MECHRAA BEL KSIRI,"PT
 décant. 2h",452534.0,441554.0,26191,0,GEO_ORPHAN_XY_2M,,,,,,
staging.raw_idp_2024_mesures_qualite_marche_cadre,468,2025-10-08,,AMONT STEP MECHRAA BEL KSIRI,PT DECANTE,452534.0,441554.0,26191,0,GEO_ORPHAN_XY_2M,,,,,,
staging.raw_idp_2024_mesures_qualite_marche_cadre,469,2025-10-08,,AMONT STEP MECHRAA BEL KSIRI,NO2- _Spectro.,452534.0,441554.0,26191,0,GEO_ORPHAN_XY_2M,,,,,,
staging.raw_idp_2024_mesures_qualite_marche_cadre,470,2025-10-08,,AMONT STEP MECHRAA BEL KSIRI,NO3-_Spectro,452534.0,441554.0,26191,0,GEO_ORPHAN_XY_2M,,,,,,
staging.raw_idp_2024_mesures_qualite_marche_cadre,471,2025-10-08,,AMONT STEP MECHRAA BEL KSIRI,TAC/TACs_meq/l,452534.0,441554.0,26191,0,GEO_ORPHAN_XY_2M,,,,,,
staging.raw_idp_2024_mesures_qualite_marche_cadre,472,2025-10-08,,AMONT STEP MECHRAA BEL KSIRI,TAC/TACs_°F,452534.0,441554.0,26191,0,GEO_ORPHAN_XY_2M,,,,,,
staging.raw_idp_2024_mesures_qualite_marche_cadre,473,2025-10-08,,AMONT STEP MECHRAA BEL KSIRI,TA/Tas_meq/l,452534.0,441554.0,26191,0,GEO_ORPHAN_XY_2M,,,,,,
staging.raw_idp_2024_mesures_qualite_marche_cadre,474,2025-10-08,,AMONT STEP MECHRAA BEL KSIRI,TA/Tas_°F,452534.0,441554.0,26191,0,GEO_ORPHAN_XY_2M,,,,,,
staging.raw_idp_2024_mesures_qualite_marche_cadre,475,2025-10-08,,AMONT STEP MECHRAA BEL KSIRI,HCO3,452534.0,441554.0,26191,0,GEO_ORPHAN_XY_2M,,,,,,
staging.raw_idp_2024_mesures_qualite_marche_cadre,476,2025-10-08,,AMONT STEP MECHRAA BEL KSIRI,CO3,452534.0,441554.0,26191,0,GEO_ORPHAN_XY_2M,,,,,,
staging.raw_idp_2024_mesures_qualite_marche_cadre,477,2025-10-08,,AMONT STEP MECHRAA BEL KSIRI,OH-,452534.0,441554.0,26191,0,GEO_ORPHAN_XY_2M,,,,,,
staging.raw_idp_2024_mesures_qualite_marche_cadre,478,2025-10-08,,AMONT STEP MECHRAA BEL KSIRI,Cl-_IC,452534.0,441554.0,26191,0,GEO_ORPHAN_XY_2M,,,,,,
staging.raw_idp_2024_mesures_qualite_marche_cadre,479,2025-10-08,,AMONT STEP MECHRAA BEL KSIRI,SO42-_IC,452534.0,441554.0,26191,0,GEO_ORPHAN_XY_2M,,,,,,
staging.raw_idp_2024_mesures_qualite_marche_cadre,480,2025-10-08,,AMONT STEP MECHRAA BEL KSIRI,"somme
anions_meq/l",452534.0,441554.0,26191,0,GEO_ORPHAN_XY_2M,,,,,,
staging.raw_idp_2024_mesures_qualite_marche_cadre,481,2025-10-08,,AMONT STEP MECHRAA BEL KSIRI,"somme
anions_mg/l",452534.0,441554.0,26191,0,GEO_ORPHAN_XY_2M,,,,,,
staging.raw_idp_2024_mesures_qualite_marche_cadre,482,2025-10-08,,AMONT STEP MECHRAA BEL KSIRI,Ca++,452534.0,441554.0,26191,0,GEO_ORPHAN_XY_2M,,,,,,
staging.raw_idp_2024_mesures_qualite_marche_cadre,483,2025-10-08,,AMONT STEP MECHRAA BEL KSIRI,Mg++,452534.0,441554.0,26191,0,GEO_ORPHAN_XY_2M,,,,,,
staging.raw_idp_2024_mesures_qualite_marche_cadre,484,2025-10-08,,AMONT STEP MECHRAA BEL KSIRI,TH,452534.0,441554.0,26191,0,GEO_ORPHAN_XY_2M,,,,,,
staging.raw_idp_2024_mesures_qualite_marche_cadre,485,2025-10-08,,AMONT STEP MECHRAA BEL KSIRI,Na+,452534.0,441554.0,26191,0,GEO_ORPHAN_XY_2M,,,,,,
staging.raw_idp_2024_mesures_qualite_marche_cadre,486,2025-10-08,,AMONT STEP MECHRAA BEL KSIRI,K+,452534.0,441554.0,26191,0,GEO_ORPHAN_XY_2M,,,,,,
staging.raw_idp_2024_mesures_qualite_marche_cadre,487,2025-10-08,,AMONT STEP MECHRAA BEL KSIRI,"Somme
cations_meq/l",452534.0,441554.0,26191,0,GEO_ORPHAN_XY_2M,,,,,,
staging.raw_idp_2024_mesures_qualite_marche_cadre,488,2025-10-08,,AMONT STEP MECHRAA BEL KSIRI,"Somme
cations_mg/l",452534.0,441554.0,26191,0,GEO_ORPHAN_XY_2M,,,,,,
staging.raw_idp_2024_mesures_qualite_marche_cadre,489,2025-10-08,,AMONT STEP MECHRAA BEL KSIRI,Bilan_Ionique,452534.0,441554.0,26191,0,GEO_ORPHAN_XY_2M,,,,,,
staging.raw_idp_2024_mesures_qualite_marche_cadre,490,2025-10-08,,AMONT STEP MECHRAA BEL KSIRI,Na+3,452534.0,441554.0,26191,0,GEO_ORPHAN_XY_2M,,,,,,
staging.raw_idp_2024_mesures_qualite_marche_cadre,491,2025-10-08,,AMONT STEP MECHRAA BEL KSIRI,K+4,452534.0,441554.0,26191,0,GEO_ORPHAN_XY_2M,,,,,,
staging.raw_idp_2024_mesures_qualite_marche_cadre,492,2025-10-08,,AMONT STEP MECHRAA BEL KSIRI,Fe,452534.0,441554.0,26191,0,GEO_ORPHAN_XY_2M,,,,,,
staging.raw_idp_2024_mesures_qualite_marche_cadre,493,2025-10-08,,AMONT STEP MECHRAA BEL KSIRI,CT,452534.0,441554.0,26191,0,GEO_ORPHAN_XY_2M,,,,,,
staging.raw_idp_2024_mesures_qualite_marche_cadre,494,2025-10-08,,AMONT STEP MECHRAA BEL KSIRI,CF,452534.0,441554.0,26191,0,GEO_ORPHAN_XY_2M,,,,,,
staging.raw_idp_2024_mesures_qualite_marche_cadre,495,2025-10-08,,AMONT STEP MECHRAA BEL KSIRI,SF,452534.0,441554.0,26191,0,GEO_ORPHAN_XY_2M,,,,,,
staging.raw_idp_2024_mesures_qualite_marche_cadre,496,2025-10-08,,AVAL STEP MECHRAA BEL KSIRI,DBO5,452534.0,441554.0,26191,0,GEO_ORPHAN_XY_2M,,,,,,
staging.raw_idp_2024_mesures_qualite_marche_cadre,497,2025-10-08,,AVAL STEP MECHRAA BEL KSIRI,NTK Spectr,452534.0,441554.0,26191,0,GEO_ORPHAN_XY_2M,,,,,,
staging.raw_idp_2024_mesures_qualite_marche_cadre,498,2025-10-08,,AVAL STEP MECHRAA BEL KSIRI,NH4+ Spect,452534.0,441554.0,26191,0,GEO_ORPHAN_XY_2M,,,,,,
staging.raw_idp_2024_mesures_qualite_marche_cadre,499,2025-10-08,,AVAL STEP MECHRAA BEL KSIRI,NH4+ ,452534.0,441554.0,26191,0,GEO_ORPHAN_XY_2M,,,,,,
staging.raw_idp_2024_mesures_qualite_marche_cadre,500,2025-10-08,,AVAL STEP MECHRAA BEL KSIRI,PT,452534.0,441554.0,26191,0,GEO_ORPHAN_XY_2M,,,,,,
staging.raw_idp_2024_mesures_qualite_marche_cadre,501,2025-10-08,,AVAL STEP MECHRAA BEL KSIRI,PO43-,452534.0,441554.0,26191,0,GEO_ORPHAN_XY_2M,,,,,,
staging.raw_idp_2024_mesures_qualite_marche_cadre,502,2025-10-08,,AVAL STEP MECHRAA BEL KSIRI,MEST Filtr,452534.0,441554.0,26191,0,GEO_ORPHAN_XY_2M,,,,,,
staging.raw_idp_2024_mesures_qualite_marche_cadre,503,2025-10-08,,AVAL STEP MECHRAA BEL KSIRI,"Huiles
Graisses (H G T)",452534.0,441554.0,26191,0,GEO_ORPHAN_XY_2M,,,,,,
staging.raw_idp_2024_mesures_qualite_marche_cadre,504,2025-10-08,,AVAL STEP MECHRAA BEL KSIRI,"indice de phénol M:A
",452534.0,441554.0,26191,0,GEO_ORPHAN_XY_2M,,,,,,
staging.raw_idp_2024_mesures_qualite_marche_cadre,505,2025-10-08,,AVAL STEP MECHRAA BEL KSIRI,"DCO 
2h décant.",452534.0,441554.0,26191,0,GEO_ORPHAN_XY_2M,,,,,,
staging.raw_idp_2024_mesures_qualite_marche_cadre,506,2025-10-08,,AVAL STEP MECHRAA BEL KSIRI,"PT
 décant. 2h",452534.0,441554.0,26191,0,GEO_ORPHAN_XY_2M,,,,,,
staging.raw_idp_2024_mesures_qualite_marche_cadre,507,2025-10-08,,AVAL STEP MECHRAA BEL KSIRI,PT DECANTE,452534.0,441554.0,26191,0,GEO_ORPHAN_XY_2M,,,,,,
staging.raw_idp_2024_mesures_qualite_marche_cadre,508,2025-10-08,,AVAL STEP MECHRAA BEL KSIRI,NO2- _Spectro.,452534.0,441554.0,26191,0,GEO_ORPHAN_XY_2M,,,,,,
staging.raw_idp_2024_mesures_qualite_marche_cadre,509,2025-10-08,,AVAL STEP MECHRAA BEL KSIRI,NO3-_Spectro,452534.0,441554.0,26191,0,GEO_ORPHAN_XY_2M,,,,,,
staging.raw_idp_2024_mesures_qualite_marche_cadre,510,2025-10-08,,AVAL STEP MECHRAA BEL KSIRI,TAC/TACs_meq/l,452534.0,441554.0,26191,0,GEO_ORPHAN_XY_2M,,,,,,
staging.raw_idp_2024_mesures_qualite_marche_cadre,511,2025-10-08,,AVAL STEP MECHRAA BEL KSIRI,TAC/TACs_°F,452534.0,441554.0,26191,0,GEO_ORPHAN_XY_2M,,,,,,
staging.raw_idp_2024_mesures_qualite_marche_cadre,512,2025-10-08,,AVAL STEP MECHRAA BEL KSIRI,TA/Tas_meq/l,452534.0,441554.0,26191,0,GEO_ORPHAN_XY_2M,,,,,,
staging.raw_idp_2024_mesures_qualite_marche_cadre,513,2025-10-08,,AVAL STEP MECHRAA BEL KSIRI,TA/Tas_°F,452534.0,441554.0,26191,0,GEO_ORPHAN_XY_2M,,,,,,
staging.raw_idp_2024_mesures_qualite_marche_cadre,514,2025-10-08,,AVAL STEP MECHRAA BEL KSIRI,HCO3,452534.0,441554.0,26191,0,GEO_ORPHAN_XY_2M,,,,,,
staging.raw_idp_2024_mesures_qualite_marche_cadre,515,2025-10-08,,AVAL STEP MECHRAA BEL KSIRI,CO3,452534.0,441554.0,26191,0,GEO_ORPHAN_XY_2M,,,,,,
staging.raw_idp_2024_mesures_qualite_marche_cadre,516,2025-10-08,,AVAL STEP MECHRAA BEL KSIRI,OH-,452534.0,441554.0,26191,0,GEO_ORPHAN_XY_2M,,,,,,
staging.raw_idp_2024_mesures_qualite_marche_cadre,517,2025-10-08,,AVAL STEP MECHRAA BEL KSIRI,Cl-_IC,452534.0,441554.0,26191,0,GEO_ORPHAN_XY_2M,,,,,,
staging.raw_idp_2024_mesures_qualite_marche_cadre,518,2025-10-08,,AVAL STEP MECHRAA BEL KSIRI,SO42-_IC,452534.0,441554.0,26191,0,GEO_ORPHAN_XY_2M,,,,,,
staging.raw_idp_2024_mesures_qualite_marche_cadre,519,2025-10-08,,AVAL STEP MECHRAA BEL KSIRI,"somme
anions_meq/l",452534.0,441554.0,26191,0,GEO_ORPHAN_XY_2M,,,,,,
staging.raw_idp_2024_mesures_qualite_marche_cadre,520,2025-10-08,,AVAL STEP MECHRAA BEL KSIRI,"somme
anions_mg/l",452534.0,441554.0,26191,0,GEO_ORPHAN_XY_2M,,,,,,
staging.raw_idp_2024_mesures_qualite_marche_cadre,521,2025-10-08,,AVAL STEP MECHRAA BEL KSIRI,Ca++,452534.0,441554.0,26191,0,GEO_ORPHAN_XY_2M,,,,,,
staging.raw_idp_2024_mesures_qualite_marche_cadre,522,2025-10-08,,AVAL STEP MECHRAA BEL KSIRI,Mg++,452534.0,441554.0,26191,0,GEO_ORPHAN_XY_2M,,,,,,
staging.raw_idp_2024_mesures_qualite_marche_cadre,523,2025-10-08,,AVAL STEP MECHRAA BEL KSIRI,TH,452534.0,441554.0,26191,0,GEO_ORPHAN_XY_2M,,,,,,
staging.raw_idp_2024_mesures_qualite_marche_cadre,524,2025-10-08,,AVAL STEP MECHRAA BEL KSIRI,Na+,452534.0,441554.0,26191,0,GEO_ORPHAN_XY_2M,,,,,,
staging.raw_idp_2024_mesures_qualite_marche_cadre,525,2025-10-08,,AVAL STEP MECHRAA BEL KSIRI,K+,452534.0,441554.0,26191,0,GEO_ORPHAN_XY_2M,,,,,,
staging.raw_idp_2024_mesures_qualite_marche_cadre,526,2025-10-08,,AVAL STEP MECHRAA BEL KSIRI,"Somme
cations_meq/l",452534.0,441554.0,26191,0,GEO_ORPHAN_XY_2M,,,,,,
staging.raw_idp_2024_mesures_qualite_marche_cadre,527,2025-10-08,,AVAL STEP MECHRAA BEL KSIRI,"Somme
cations_mg/l",452534.0,441554.0,26191,0,GEO_ORPHAN_XY_2M,,,,,,
staging.raw_idp_2024_mesures_qualite_marche_cadre,528,2025-10-08,,AVAL STEP MECHRAA BEL KSIRI,Bilan_Ionique,452534.0,441554.0,26191,0,GEO_ORPHAN_XY_2M,,,,,,
staging.raw_idp_2024_mesures_qualite_marche_cadre,529,2025-10-08,,AVAL STEP MECHRAA BEL KSIRI,Na+3,452534.0,441554.0,26191,0,GEO_ORPHAN_XY_2M,,,,,,
staging.raw_idp_2024_mesures_qualite_marche_cadre,530,2025-10-08,,AVAL STEP MECHRAA BEL KSIRI,K+4,452534.0,441554.0,26191,0,GEO_ORPHAN_XY_2M,,,,,,
staging.raw_idp_2024_mesures_qualite_marche_cadre,531,2025-10-08,,AVAL STEP MECHRAA BEL KSIRI,Fe,452534.0,441554.0,26191,0,GEO_ORPHAN_XY_2M,,,,,,
staging.raw_idp_2024_mesures_qualite_marche_cadre,532,2025-10-08,,AVAL STEP MECHRAA BEL KSIRI,CT,452534.0,441554.0,26191,0,GEO_ORPHAN_XY_2M,,,,,,
staging.raw_idp_2024_mesures_qualite_marche_cadre,533,2025-10-08,,AVAL STEP MECHRAA BEL KSIRI,CF,452534.0,441554.0,26191,0,GEO_ORPHAN_XY_2M,,,,,,
staging.raw_idp_2024_mesures_qualite_marche_cadre,534,2025-10-08,,AVAL STEP MECHRAA BEL KSIRI,SF,452534.0,441554.0,26191,0,GEO_ORPHAN_XY_2M,,,,,,
staging.raw_idp_2024_mesures_qualite_marche_cadre,535,2025-10-08,,STATION PONT MECHRAA BEL KSIRI,DCO,448223.0,440951.0,26191,0,GEO_ORPHAN_XY_2M,,,,,,
staging.raw_idp_2024_mesures_qualite_marche_cadre,536,2025-10-08,,STATION PONT MECHRAA BEL KSIRI,DBO5,448223.0,440951.0,26191,0,GEO_ORPHAN_XY_2M,,,,,,
staging.raw_idp_2024_mesures_qualite_marche_cadre,537,2025-10-08,,STATION PONT MECHRAA BEL KSIRI,NTK Spectr,448223.0,440951.0,26191,0,GEO_ORPHAN_XY_2M,,,,,,
staging.raw_idp_2024_mesures_qualite_marche_cadre,538,2025-10-08,,STATION PONT MECHRAA BEL KSIRI,NH4+ Spect,448223.0,440951.0,26191,0,GEO_ORPHAN_XY_2M,,,,,,
staging.raw_idp_2024_mesures_qualite_marche_cadre,539,2025-10-08,,STATION PONT MECHRAA BEL KSIRI,NH4+ ,448223.0,440951.0,26191,0,GEO_ORPHAN_XY_2M,,,,,,
staging.raw_idp_2024_mesures_qualite_marche_cadre,540,2025-10-08,,STATION PONT MECHRAA BEL KSIRI,PT,448223.0,440951.0,26191,0,GEO_ORPHAN_XY_2M,,,,,,
staging.raw_idp_2024_mesures_qualite_marche_cadre,541,2025-10-08,,STATION PONT MECHRAA BEL KSIRI,PO43-,448223.0,440951.0,26191,0,GEO_ORPHAN_XY_2M,,,,,,
staging.raw_idp_2024_mesures_qualite_marche_cadre,542,2025-10-08,,STATION PONT MECHRAA BEL KSIRI,MEST Filtr,448223.0,440951.0,26191,0,GEO_ORPHAN_XY_2M,,,,,,
staging.raw_idp_2024_mesures_qualite_marche_cadre,543,2025-10-08,,STATION PONT MECHRAA BEL KSIRI,"Huiles
Graisses (H G T)",448223.0,440951.0,26191,0,GEO_ORPHAN_XY_2M,,,,,,
staging.raw_idp_2024_mesures_qualite_marche_cadre,544,2025-10-08,,STATION PONT MECHRAA BEL KSIRI,"indice de phénol M:A
",448223.0,440951.0,26191,0,GEO_ORPHAN_XY_2M,,,,,,
staging.raw_idp_2024_mesures_qualite_marche_cadre,545,2025-10-08,,STATION PONT MECHRAA BEL KSIRI,NO2- _Spectro.,448223.0,440951.0,26191,0,GEO_ORPHAN_XY_2M,,,,,,
staging.raw_idp_2024_mesures_qualite_marche_cadre,546,2025-10-08,,STATION PONT MECHRAA BEL KSIRI,NO3-_Spectro,448223.0,440951.0,26191,0,GEO_ORPHAN_XY_2M,,,,,,
staging.raw_idp_2024_mesures_qualite_marche_cadre,547,2025-10-08,,STATION PONT MECHRAA BEL KSIRI,TAC/TACs_meq/l,448223.0,440951.0,26191,0,GEO_ORPHAN_XY_2M,,,,,,
staging.raw_idp_2024_mesures_qualite_marche_cadre,548,2025-10-08,,STATION PONT MECHRAA BEL KSIRI,TAC/TACs_°F,448223.0,440951.0,26191,0,GEO_ORPHAN_XY_2M,,,,,,
staging.raw_idp_2024_mesures_qualite_marche_cadre,549,2025-10-08,,STATION PONT MECHRAA BEL KSIRI,TA/Tas_meq/l,448223.0,440951.0,26191,0,GEO_ORPHAN_XY_2M,,,,,,
staging.raw_idp_2024_mesures_qualite_marche_cadre,550,2025-10-08,,STATION PONT MECHRAA BEL KSIRI,TA/Tas_°F,448223.0,440951.0,26191,0,GEO_ORPHAN_XY_2M,,,,,,
staging.raw_idp_2024_mesures_qualite_marche_cadre,551,2025-10-08,,STATION PONT MECHRAA BEL KSIRI,HCO3,448223.0,440951.0,26191,0,GEO_ORPHAN_XY_2M,,,,,,
staging.raw_idp_2024_mesures_qualite_marche_cadre,552,2025-10-08,,STATION PONT MECHRAA BEL KSIRI,CO3,448223.0,440951.0,26191,0,GEO_ORPHAN_XY_2M,,,,,,
staging.raw_idp_2024_mesures_qualite_marche_cadre,553,2025-10-08,,STATION PONT MECHRAA BEL KSIRI,OH-,448223.0,440951.0,26191,0,GEO_ORPHAN_XY_2M,,,,,,
staging.raw_idp_2024_mesures_qualite_marche_cadre,554,2025-10-08,,STATION PONT MECHRAA BEL KSIRI,Cl-_IC,448223.0,440951.0,26191,0,GEO_ORPHAN_XY_2M,,,,,,
staging.raw_idp_2024_mesures_qualite_marche_cadre,555,2025-10-08,,STATION PONT MECHRAA BEL KSIRI,SO42-_IC,448223.0,440951.0,26191,0,GEO_ORPHAN_XY_2M,,,,,,
staging.raw_idp_2024_mesures_qualite_marche_cadre,556,2025-10-08,,STATION PONT MECHRAA BEL KSIRI,"somme
anions_meq/l",448223.0,440951.0,26191,0,GEO_ORPHAN_XY_2M,,,,,,
staging.raw_idp_2024_mesures_qualite_marche_cadre,557,2025-10-08,,STATION PONT MECHRAA BEL KSIRI,"somme
anions_mg/l",448223.0,440951.0,26191,0,GEO_ORPHAN_XY_2M,,,,,,
staging.raw_idp_2024_mesures_qualite_marche_cadre,558,2025-10-08,,STATION PONT MECHRAA BEL KSIRI,Ca++,448223.0,440951.0,26191,0,GEO_ORPHAN_XY_2M,,,,,,
staging.raw_idp_2024_mesures_qualite_marche_cadre,559,2025-10-08,,STATION PONT MECHRAA BEL KSIRI,Mg++,448223.0,440951.0,26191,0,GEO_ORPHAN_XY_2M,,,,,,
staging.raw_idp_2024_mesures_qualite_marche_cadre,560,2025-10-08,,STATION PONT MECHRAA BEL KSIRI,TH,448223.0,440951.0,26191,0,GEO_ORPHAN_XY_2M,,,,,,
staging.raw_idp_2024_mesures_qualite_marche_cadre,561,2025-10-08,,STATION PONT MECHRAA BEL KSIRI,Na+,448223.0,440951.0,26191,0,GEO_ORPHAN_XY_2M,,,,,,
staging.raw_idp_2024_mesures_qualite_marche_cadre,562,2025-10-08,,STATION PONT MECHRAA BEL KSIRI,K+,448223.0,440951.0,26191,0,GEO_ORPHAN_XY_2M,,,,,,
staging.raw_idp_2024_mesures_qualite_marche_cadre,563,2025-10-08,,STATION PONT MECHRAA BEL KSIRI,"Somme
cations_meq/l",448223.0,440951.0,26191,0,GEO_ORPHAN_XY_2M,,,,,,
staging.raw_idp_2024_mesures_qualite_marche_cadre,564,2025-10-08,,STATION PONT MECHRAA BEL KSIRI,"Somme
cations_mg/l",448223.0,440951.0,26191,0,GEO_ORPHAN_XY_2M,,,,,,
staging.raw_idp_2024_mesures_qualite_marche_cadre,565,2025-10-08,,STATION PONT MECHRAA BEL KSIRI,Bilan_Ionique,448223.0,440951.0,26191,0,GEO_ORPHAN_XY_2M,,,,,,
staging.raw_idp_2024_mesures_qualite_marche_cadre,566,2025-10-08,,STATION PONT MECHRAA BEL KSIRI,Na+3,448223.0,440951.0,26191,0,GEO_ORPHAN_XY_2M,,,,,,
staging.raw_idp_2024_mesures_qualite_marche_cadre,567,2025-10-08,,STATION PONT MECHRAA BEL KSIRI,K+4,448223.0,440951.0,26191,0,GEO_ORPHAN_XY_2M,,,,,,
staging.raw_idp_2024_mesures_qualite_marche_cadre,568,2025-10-08,,STATION PONT MECHRAA BEL KSIRI,Fe,448223.0,440951.0,26191,0,GEO_ORPHAN_XY_2M,,,,,,
staging.raw_idp_2024_mesures_qualite_marche_cadre,569,2025-10-08,,STATION PONT MECHRAA BEL KSIRI,Arsenic,448223.0,440951.0,26191,0,GEO_ORPHAN_XY_2M,,,,,,
staging.raw_idp_2024_mesures_qualite_marche_cadre,570,2025-10-08,,STATION PONT MECHRAA BEL KSIRI,Cadmium,448223.0,440951.0,26191,0,GEO_ORPHAN_XY_2M,,,,,,
staging.raw_idp_2024_mesures_qualite_marche_cadre,571,2025-10-08,,STATION PONT MECHRAA BEL KSIRI,Cobalt,448223.0,440951.0,26191,0,GEO_ORPHAN_XY_2M,,,,,,
staging.raw_idp_2024_mesures_qualite_marche_cadre,572,2025-10-08,,STATION PONT MECHRAA BEL KSIRI,Chrome,448223.0,440951.0,26191,0,GEO_ORPHAN_XY_2M,,,,,,
staging.raw_idp_2024_mesures_qualite_marche_cadre,573,2025-10-08,,STATION PONT MECHRAA BEL KSIRI,Cuivre,448223.0,440951.0,26191,0,GEO_ORPHAN_XY_2M,,,,,,
staging.raw_idp_2024_mesures_qualite_marche_cadre,574,2025-10-08,,STATION PONT MECHRAA BEL KSIRI,Fer,448223.0,440951.0,26191,0,GEO_ORPHAN_XY_2M,,,,,,
staging.raw_idp_2024_mesures_qualite_marche_cadre,575,2025-10-08,,STATION PONT MECHRAA BEL KSIRI,Nickel,448223.0,440951.0,26191,0,GEO_ORPHAN_XY_2M,,,,,,
staging.raw_idp_2024_mesures_qualite_marche_cadre,576,2025-10-08,,STATION PONT MECHRAA BEL KSIRI,Plomb,448223.0,440951.0,26191,0,GEO_ORPHAN_XY_2M,,,,,,
staging.raw_idp_2024_mesures_qualite_marche_cadre,577,2025-10-08,,STATION PONT MECHRAA BEL KSIRI,Sélénium,448223.0,440951.0,26191,0,GEO_ORPHAN_XY_2M,,,,,,
staging.raw_idp_2024_mesures_qualite_marche_cadre,578,2025-10-08,,STATION PONT MECHRAA BEL KSIRI,Zinc,448223.0,440951.0,26191,0,GEO_ORPHAN_XY_2M,,,,,,
staging.raw_idp_2024_mesures_qualite_marche_cadre,579,2025-10-08,,STATION PONT MECHRAA BEL KSIRI,Mercure,448223.0,440951.0,26191,0,GEO_ORPHAN_XY_2M,,,,,,
staging.raw_idp_2024_mesures_qualite_marche_cadre,580,2025-10-08,,STATION PONT MECHRAA BEL KSIRI,CT,448223.0,440951.0,26191,0,GEO_ORPHAN_XY_2M,,,,,,
staging.raw_idp_2024_mesures_qualite_marche_cadre,581,2025-10-08,,STATION PONT MECHRAA BEL KSIRI,CF,448223.0,440951.0,26191,0,GEO_ORPHAN_XY_2M,,,,,,
staging.raw_idp_2024_mesures_qualite_marche_cadre,582,2025-10-08,,STATION PONT MECHRAA BEL KSIRI,SF,448223.0,440951.0,26191,0,GEO_ORPHAN_XY_2M,,,,,,
staging.raw_idp_2024_mesures_qualite_marche_cadre,583,2025-10-08,,AVAL CONFLUENCE SEBOU-RDAT,DBO5,458636.0,431756.0,26191,0,GEO_ORPHAN_XY_2M,,,,,,
staging.raw_idp_2024_mesures_qualite_marche_cadre,584,2025-10-08,,AVAL CONFLUENCE SEBOU-RDAT,NTK Spectr,458636.0,431756.0,26191,0,GEO_ORPHAN_XY_2M,,,,,,
staging.raw_idp_2024_mesures_qualite_marche_cadre,585,2025-10-08,,AVAL CONFLUENCE SEBOU-RDAT,NH4+ Spect,458636.0,431756.0,26191,0,GEO_ORPHAN_XY_2M,,,,,,
staging.raw_idp_2024_mesures_qualite_marche_cadre,586,2025-10-08,,AVAL CONFLUENCE SEBOU-RDAT,NH4+ ,458636.0,431756.0,26191,0,GEO_ORPHAN_XY_2M,,,,,,
staging.raw_idp_2024_mesures_qualite_marche_cadre,587,2025-10-08,,AVAL CONFLUENCE SEBOU-RDAT,PT,458636.0,431756.0,26191,0,GEO_ORPHAN_XY_2M,,,,,,
staging.raw_idp_2024_mesures_qualite_marche_cadre,588,2025-10-08,,AVAL CONFLUENCE SEBOU-RDAT,PO43-,458636.0,431756.0,26191,0,GEO_ORPHAN_XY_2M,,,,,,
staging.raw_idp_2024_mesures_qualite_marche_cadre,589,2025-10-08,,AVAL CONFLUENCE SEBOU-RDAT,MEST Filtr,458636.0,431756.0,26191,0,GEO_ORPHAN_XY_2M,,,,,,
staging.raw_idp_2024_mesures_qualite_marche_cadre,590,2025-10-08,,AVAL CONFLUENCE SEBOU-RDAT,"DCO 
2h décant.",458636.0,431756.0,26191,0,GEO_ORPHAN_XY_2M,,,,,,
staging.raw_idp_2024_mesures_qualite_marche_cadre,591,2025-10-08,,AVAL CONFLUENCE SEBOU-RDAT,"PT
 décant. 2h",458636.0,431756.0,26191,0,GEO_ORPHAN_XY_2M,,,,,,
staging.raw_idp_2024_mesures_qualite_marche_cadre,592,2025-10-08,,AVAL CONFLUENCE SEBOU-RDAT,PT DECANTE,458636.0,431756.0,26191,0,GEO_ORPHAN_XY_2M,,,,,,
staging.raw_idp_2024_mesures_qualite_marche_cadre,593,2025-10-08,,AVAL CONFLUENCE SEBOU-RDAT,NO2- _Spectro.,458636.0,431756.0,26191,0,GEO_ORPHAN_XY_2M,,,,,,
staging.raw_idp_2024_mesures_qualite_marche_cadre,594,2025-10-08,,AVAL CONFLUENCE SEBOU-RDAT,NO3-_Spectro,458636.0,431756.0,26191,0,GEO_ORPHAN_XY_2M,,,,,,
staging.raw_idp_2024_mesures_qualite_marche_cadre,595,2025-10-08,,AVAL CONFLUENCE SEBOU-RDAT,TAC/TACs_meq/l,458636.0,431756.0,26191,0,GEO_ORPHAN_XY_2M,,,,,,
staging.raw_idp_2024_mesures_qualite_marche_cadre,596,2025-10-08,,AVAL CONFLUENCE SEBOU-RDAT,TAC/TACs_°F,458636.0,431756.0,26191,0,GEO_ORPHAN_XY_2M,,,,,,
staging.raw_idp_2024_mesures_qualite_marche_cadre,597,2025-10-08,,AVAL CONFLUENCE SEBOU-RDAT,TA/Tas_meq/l,458636.0,431756.0,26191,0,GEO_ORPHAN_XY_2M,,,,,,
staging.raw_idp_2024_mesures_qualite_marche_cadre,598,2025-10-08,,AVAL CONFLUENCE SEBOU-RDAT,TA/Tas_°F,458636.0,431756.0,26191,0,GEO_ORPHAN_XY_2M,,,,,,
staging.raw_idp_2024_mesures_qualite_marche_cadre,599,2025-10-08,,AVAL CONFLUENCE SEBOU-RDAT,HCO3,458636.0,431756.0,26191,0,GEO_ORPHAN_XY_2M,,,,,,
staging.raw_idp_2024_mesures_qualite_marche_cadre,600,2025-10-08,,AVAL CONFLUENCE SEBOU-RDAT,CO3,458636.0,431756.0,26191,0,GEO_ORPHAN_XY_2M,,,,,,
staging.raw_idp_2024_mesures_qualite_marche_cadre,601,2025-10-08,,AVAL CONFLUENCE SEBOU-RDAT,OH-,458636.0,431756.0,26191,0,GEO_ORPHAN_XY_2M,,,,,,
staging.raw_idp_2024_mesures_qualite_marche_cadre,602,2025-10-08,,AVAL CONFLUENCE SEBOU-RDAT,Cl-_IC,458636.0,431756.0,26191,0,GEO_ORPHAN_XY_2M,,,,,,
staging.raw_idp_2024_mesures_qualite_marche_cadre,603,2025-10-08,,AVAL CONFLUENCE SEBOU-RDAT,SO42-_IC,458636.0,431756.0,26191,0,GEO_ORPHAN_XY_2M,,,,,,
staging.raw_idp_2024_mesures_qualite_marche_cadre,604,2025-10-08,,AVAL CONFLUENCE SEBOU-RDAT,"somme
anions_meq/l",458636.0,431756.0,26191,0,GEO_ORPHAN_XY_2M,,,,,,
staging.raw_idp_2024_mesures_qualite_marche_cadre,605,2025-10-08,,AVAL CONFLUENCE SEBOU-RDAT,"somme
anions_mg/l",458636.0,431756.0,26191,0,GEO_ORPHAN_XY_2M,,,,,,
staging.raw_idp_2024_mesures_qualite_marche_cadre,606,2025-10-08,,AVAL CONFLUENCE SEBOU-RDAT,Ca++,458636.0,431756.0,26191,0,GEO_ORPHAN_XY_2M,,,,,,
staging.raw_idp_2024_mesures_qualite_marche_cadre,607,2025-10-08,,AVAL CONFLUENCE SEBOU-RDAT,Mg++,458636.0,431756.0,26191,0,GEO_ORPHAN_XY_2M,,,,,,
staging.raw_idp_2024_mesures_qualite_marche_cadre,608,2025-10-08,,AVAL CONFLUENCE SEBOU-RDAT,TH,458636.0,431756.0,26191,0,GEO_ORPHAN_XY_2M,,,,,,
staging.raw_idp_2024_mesures_qualite_marche_cadre,609,2025-10-08,,AVAL CONFLUENCE SEBOU-RDAT,Na+,458636.0,431756.0,26191,0,GEO_ORPHAN_XY_2M,,,,,,
staging.raw_idp_2024_mesures_qualite_marche_cadre,610,2025-10-08,,AVAL CONFLUENCE SEBOU-RDAT,K+,458636.0,431756.0,26191,0,GEO_ORPHAN_XY_2M,,,,,,
staging.raw_idp_2024_mesures_qualite_marche_cadre,611,2025-10-08,,AVAL CONFLUENCE SEBOU-RDAT,"Somme
cations_meq/l",458636.0,431756.0,26191,0,GEO_ORPHAN_XY_2M,,,,,,
staging.raw_idp_2024_mesures_qualite_marche_cadre,612,2025-10-08,,AVAL CONFLUENCE SEBOU-RDAT,"Somme
cations_mg/l",458636.0,431756.0,26191,0,GEO_ORPHAN_XY_2M,,,,,,
staging.raw_idp_2024_mesures_qualite_marche_cadre,613,2025-10-08,,AVAL CONFLUENCE SEBOU-RDAT,Bilan_Ionique,458636.0,431756.0,26191,0,GEO_ORPHAN_XY_2M,,,,,,
staging.raw_idp_2024_mesures_qualite_marche_cadre,614,2025-10-08,,AVAL CONFLUENCE SEBOU-RDAT,Na+3,458636.0,431756.0,26191,0,GEO_ORPHAN_XY_2M,,,,,,
staging.raw_idp_2024_mesures_qualite_marche_cadre,615,2025-10-08,,AVAL CONFLUENCE SEBOU-RDAT,K+4,458636.0,431756.0,26191,0,GEO_ORPHAN_XY_2M,,,,,,
staging.raw_idp_2024_mesures_qualite_marche_cadre,616,2025-10-08,,AVAL CONFLUENCE SEBOU-RDAT,CT,458636.0,431756.0,26191,0,GEO_ORPHAN_XY_2M,,,,,,
staging.raw_idp_2024_mesures_qualite_marche_cadre,617,2025-10-08,,AVAL CONFLUENCE SEBOU-RDAT,CF,458636.0,431756.0,26191,0,GEO_ORPHAN_XY_2M,,,,,,
staging.raw_idp_2024_mesures_qualite_marche_cadre,618,2025-10-08,,AVAL CONFLUENCE SEBOU-RDAT,SF,458636.0,431756.0,26191,0,GEO_ORPHAN_XY_2M,,,,,,
staging.raw_idp_2024_mesures_qualite_marche_cadre,619,2025-10-08,,PONT KHENICHET,DCO,473637.0,426830.0,26191,0,GEO_ORPHAN_XY_2M,,,,,,
staging.raw_idp_2024_mesures_qualite_marche_cadre,620,2025-10-08,,PONT KHENICHET,DBO5,473637.0,426830.0,26191,0,GEO_ORPHAN_XY_2M,,,,,,
staging.raw_idp_2024_mesures_qualite_marche_cadre,621,2025-10-08,,PONT KHENICHET,NTK Spectr,473637.0,426830.0,26191,0,GEO_ORPHAN_XY_2M,,,,,,
staging.raw_idp_2024_mesures_qualite_marche_cadre,622,2025-10-08,,PONT KHENICHET,NH4+ Spect,473637.0,426830.0,26191,0,GEO_ORPHAN_XY_2M,,,,,,
staging.raw_idp_2024_mesures_qualite_marche_cadre,623,2025-10-08,,PONT KHENICHET,NH4+ ,473637.0,426830.0,26191,0,GEO_ORPHAN_XY_2M,,,,,,
staging.raw_idp_2024_mesures_qualite_marche_cadre,624,2025-10-08,,PONT KHENICHET,PT,473637.0,426830.0,26191,0,GEO_ORPHAN_XY_2M,,,,,,
staging.raw_idp_2024_mesures_qualite_marche_cadre,625,2025-10-08,,PONT KHENICHET,PO43-,473637.0,426830.0,26191,0,GEO_ORPHAN_XY_2M,,,,,,
staging.raw_idp_2024_mesures_qualite_marche_cadre,626,2025-10-08,,PONT KHENICHET,MEST Filtr,473637.0,426830.0,26191,0,GEO_ORPHAN_XY_2M,,,,,,
staging.raw_idp_2024_mesures_qualite_marche_cadre,627,2025-10-08,,PONT KHENICHET,"Huiles
Graisses (H G T)",473637.0,426830.0,26191,0,GEO_ORPHAN_XY_2M,,,,,,
staging.raw_idp_2024_mesures_qualite_marche_cadre,628,2025-10-08,,PONT KHENICHET,"indice de phénol M:A
",473637.0,426830.0,26191,0,GEO_ORPHAN_XY_2M,,,,,,
staging.raw_idp_2024_mesures_qualite_marche_cadre,629,2025-10-08,,PONT KHENICHET,"Cond
25°C",473637.0,426830.0,26191,0,GEO_ORPHAN_XY_2M,,,,,,
staging.raw_idp_2024_mesures_qualite_marche_cadre,630,2025-10-08,,PONT KHENICHET,"Cond 25°C *0,9*0,01
",473637.0,426830.0,26191,0,GEO_ORPHAN_XY_2M,,,,,,
staging.raw_idp_2024_mesures_qualite_marche_cadre,631,2025-10-08,,PONT KHENICHET,"Cond 25°C *1,1*0,01
",473637.0,426830.0,26191,0,GEO_ORPHAN_XY_2M,,,,,,
staging.raw_idp_2024_mesures_qualite_marche_cadre,632,2025-10-08,,PONT KHENICHET,NO2- _Spectro.,473637.0,426830.0,26191,0,GEO_ORPHAN_XY_2M,,,,,,
staging.raw_idp_2024_mesures_qualite_marche_cadre,633,2025-10-08,,PONT KHENICHET,NO3-_Spectro,473637.0,426830.0,26191,0,GEO_ORPHAN_XY_2M,,,,,,
staging.raw_idp_2024_mesures_qualite_marche_cadre,634,2025-10-08,,PONT KHENICHET,TAC/TACs_meq/l,473637.0,426830.0,26191,0,GEO_ORPHAN_XY_2M,,,,,,
staging.raw_idp_2024_mesures_qualite_marche_cadre,635,2025-10-08,,PONT KHENICHET,TAC/TACs_°F,473637.0,426830.0,26191,0,GEO_ORPHAN_XY_2M,,,,,,
staging.raw_idp_2024_mesures_qualite_marche_cadre,636,2025-10-08,,PONT KHENICHET,TA/Tas_meq/l,473637.0,426830.0,26191,0,GEO_ORPHAN_XY_2M,,,,,,
staging.raw_idp_2024_mesures_qualite_marche_cadre,637,2025-10-08,,PONT KHENICHET,TA/Tas_°F,473637.0,426830.0,26191,0,GEO_ORPHAN_XY_2M,,,,,,
staging.raw_idp_2024_mesures_qualite_marche_cadre,638,2025-10-08,,PONT KHENICHET,HCO3,473637.0,426830.0,26191,0,GEO_ORPHAN_XY_2M,,,,,,
staging.raw_idp_2024_mesures_qualite_marche_cadre,639,2025-10-08,,PONT KHENICHET,CO3,473637.0,426830.0,26191,0,GEO_ORPHAN_XY_2M,,,,,,
staging.raw_idp_2024_mesures_qualite_marche_cadre,640,2025-10-08,,PONT KHENICHET,OH-,473637.0,426830.0,26191,0,GEO_ORPHAN_XY_2M,,,,,,
staging.raw_idp_2024_mesures_qualite_marche_cadre,641,2025-10-08,,PONT KHENICHET,Cl-_IC,473637.0,426830.0,26191,0,GEO_ORPHAN_XY_2M,,,,,,
staging.raw_idp_2024_mesures_qualite_marche_cadre,642,2025-10-08,,PONT KHENICHET,SO42-_IC,473637.0,426830.0,26191,0,GEO_ORPHAN_XY_2M,,,,,,
staging.raw_idp_2024_mesures_qualite_marche_cadre,643,2025-10-08,,PONT KHENICHET,"somme
anions_meq/l",473637.0,426830.0,26191,0,GEO_ORPHAN_XY_2M,,,,,,
staging.raw_idp_2024_mesures_qualite_marche_cadre,644,2025-10-08,,PONT KHENICHET,"somme
anions_mg/l",473637.0,426830.0,26191,0,GEO_ORPHAN_XY_2M,,,,,,
staging.raw_idp_2024_mesures_qualite_marche_cadre,645,2025-10-08,,PONT KHENICHET,Ca++,473637.0,426830.0,26191,0,GEO_ORPHAN_XY_2M,,,,,,
staging.raw_idp_2024_mesures_qualite_marche_cadre,646,2025-10-08,,PONT KHENICHET,Mg++,473637.0,426830.0,26191,0,GEO_ORPHAN_XY_2M,,,,,,
staging.raw_idp_2024_mesures_qualite_marche_cadre,647,2025-10-08,,PONT KHENICHET,TH,473637.0,426830.0,26191,0,GEO_ORPHAN_XY_2M,,,,,,
staging.raw_idp_2024_mesures_qualite_marche_cadre,648,2025-10-08,,PONT KHENICHET,Na+,473637.0,426830.0,26191,0,GEO_ORPHAN_XY_2M,,,,,,
staging.raw_idp_2024_mesures_qualite_marche_cadre,649,2025-10-08,,PONT KHENICHET,K+,473637.0,426830.0,26191,0,GEO_ORPHAN_XY_2M,,,,,,
staging.raw_idp_2024_mesures_qualite_marche_cadre,650,2025-10-08,,PONT KHENICHET,"Somme
cations_meq/l",473637.0,426830.0,26191,0,GEO_ORPHAN_XY_2M,,,,,,
staging.raw_idp_2024_mesures_qualite_marche_cadre,651,2025-10-08,,PONT KHENICHET,"Somme
cations_mg/l",473637.0,426830.0,26191,0,GEO_ORPHAN_XY_2M,,,,,,
staging.raw_idp_2024_mesures_qualite_marche_cadre,652,2025-10-08,,PONT KHENICHET,Bilan_Ionique,473637.0,426830.0,26191,0,GEO_ORPHAN_XY_2M,,,,,,
staging.raw_idp_2024_mesures_qualite_marche_cadre,653,2025-10-08,,PONT KHENICHET,pH au laboratoire,473637.0,426830.0,26191,0,GEO_ORPHAN_XY_2M,,,,,,
staging.raw_idp_2024_mesures_qualite_marche_cadre,654,2025-10-08,,PONT KHENICHET,Na+3,473637.0,426830.0,26191,0,GEO_ORPHAN_XY_2M,,,,,,
staging.raw_idp_2024_mesures_qualite_marche_cadre,655,2025-10-08,,PONT KHENICHET,K+4,473637.0,426830.0,26191,0,GEO_ORPHAN_XY_2M,,,,,,
staging.raw_idp_2024_mesures_qualite_marche_cadre,656,2025-10-08,,PONT KHENICHET,Fe,473637.0,426830.0,26191,0,GEO_ORPHAN_XY_2M,,,,,,
staging.raw_idp_2024_mesures_qualite_marche_cadre,657,2025-10-08,,PONT KHENICHET,Arsenic,473637.0,426830.0,26191,0,GEO_ORPHAN_XY_2M,,,,,,
staging.raw_idp_2024_mesures_qualite_marche_cadre,658,2025-10-08,,PONT KHENICHET,Cadmium,473637.0,426830.0,26191,0,GEO_ORPHAN_XY_2M,,,,,,
staging.raw_idp_2024_mesures_qualite_marche_cadre,659,2025-10-08,,PONT KHENICHET,Cobalt,473637.0,426830.0,26191,0,GEO_ORPHAN_XY_2M,,,,,,
staging.raw_idp_2024_mesures_qualite_marche_cadre,660,2025-10-08,,PONT KHENICHET,Chrome,473637.0,426830.0,26191,0,GEO_ORPHAN_XY_2M,,,,,,
staging.raw_idp_2024_mesures_qualite_marche_cadre,661,2025-10-08,,PONT KHENICHET,Cuivre,473637.0,426830.0,26191,0,GEO_ORPHAN_XY_2M,,,,,,
staging.raw_idp_2024_mesures_qualite_marche_cadre,662,2025-10-08,,PONT KHENICHET,Fer,473637.0,426830.0,26191,0,GEO_ORPHAN_XY_2M,,,,,,
staging.raw_idp_2024_mesures_qualite_marche_cadre,663,2025-10-08,,PONT KHENICHET,Nickel,473637.0,426830.0,26191,0,GEO_ORPHAN_XY_2M,,,,,,
staging.raw_idp_2024_mesures_qualite_marche_cadre,664,2025-10-08,,PONT KHENICHET,Plomb,473637.0,426830.0,26191,0,GEO_ORPHAN_XY_2M,,,,,,
staging.raw_idp_2024_mesures_qualite_marche_cadre,665,2025-10-08,,PONT KHENICHET,Sélénium,473637.0,426830.0,26191,0,GEO_ORPHAN_XY_2M,,,,,,
staging.raw_idp_2024_mesures_qualite_marche_cadre,666,2025-10-08,,PONT KHENICHET,Zinc,473637.0,426830.0,26191,0,GEO_ORPHAN_XY_2M,,,,,,
staging.raw_idp_2024_mesures_qualite_marche_cadre,667,2025-10-08,,PONT KHENICHET,Mercure,473637.0,426830.0,26191,0,GEO_ORPHAN_XY_2M,,,,,,
staging.raw_idp_2024_mesures_qualite_marche_cadre,668,2025-10-08,,PONT KHENICHET,CT,473637.0,426830.0,26191,0,GEO_ORPHAN_XY_2M,,,,,,
staging.raw_idp_2024_mesures_qualite_marche_cadre,669,2025-10-08,,PONT KHENICHET,CF,473637.0,426830.0,26191,0,GEO_ORPHAN_XY_2M,,,,,,
staging.raw_idp_2024_mesures_qualite_marche_cadre,670,2025-10-08,,PONT KHENICHET,SF,473637.0,426830.0,26191,0,GEO_ORPHAN_XY_2M,,,,,,
staging.raw_idp_2024_mesures_qualite_marche_cadre,671,2025-10-08,,AVAL STEP SIDI KACEM,DCO,467580.0,407448.0,26191,0,GEO_ORPHAN_XY_2M,,,,,,
staging.raw_idp_2024_mesures_qualite_marche_cadre,672,2025-10-08,,AVAL STEP SIDI KACEM,DBO5,467580.0,407448.0,26191,0,GEO_ORPHAN_XY_2M,,,,,,
staging.raw_idp_2024_mesures_qualite_marche_cadre,673,2025-10-08,,AVAL STEP SIDI KACEM,NTK Titri,467580.0,407448.0,26191,0,GEO_ORPHAN_XY_2M,,,,,,
staging.raw_idp_2024_mesures_qualite_marche_cadre,674,2025-10-08,,AVAL STEP SIDI KACEM,NTK Spectr,467580.0,407448.0,26191,0,GEO_ORPHAN_XY_2M,,,,,,
staging.raw_idp_2024_mesures_qualite_marche_cadre,675,2025-10-08,,AVAL STEP SIDI KACEM,NH4+ Spect,467580.0,407448.0,26191,0,GEO_ORPHAN_XY_2M,,,,,,
staging.raw_idp_2024_mesures_qualite_marche_cadre,676,2025-10-08,,AVAL STEP SIDI KACEM,NH4+ ,467580.0,407448.0,26191,0,GEO_ORPHAN_XY_2M,,,,,,
staging.raw_idp_2024_mesures_qualite_marche_cadre,677,2025-10-08,,AVAL STEP SIDI KACEM,PT,467580.0,407448.0,26191,0,GEO_ORPHAN_XY_2M,,,,,,
staging.raw_idp_2024_mesures_qualite_marche_cadre,678,2025-10-08,,AVAL STEP SIDI KACEM,PO43-,467580.0,407448.0,26191,0,GEO_ORPHAN_XY_2M,,,,,,
staging.raw_idp_2024_mesures_qualite_marche_cadre,679,2025-10-08,,AVAL STEP SIDI KACEM,MEST Filtr,467580.0,407448.0,26191,0,GEO_ORPHAN_XY_2M,,,,,,
staging.raw_idp_2024_mesures_qualite_marche_cadre,680,2025-10-08,,AVAL STEP SIDI KACEM,"Huiles
Graisses (H G T)",467580.0,407448.0,26191,0,GEO_ORPHAN_XY_2M,,,,,,
staging.raw_idp_2024_mesures_qualite_marche_cadre,681,2025-10-08,,AVAL STEP SIDI KACEM,"indice de phénol M:A
",467580.0,407448.0,26191,0,GEO_ORPHAN_XY_2M,,,,,,
staging.raw_idp_2024_mesures_qualite_marche_cadre,682,2025-10-08,,AVAL STEP SIDI KACEM,NO2- _Spectro.,467580.0,407448.0,26191,0,GEO_ORPHAN_XY_2M,,,,,,
staging.raw_idp_2024_mesures_qualite_marche_cadre,683,2025-10-08,,AVAL STEP SIDI KACEM,NO3-_Spectro,467580.0,407448.0,26191,0,GEO_ORPHAN_XY_2M,,,,,,
staging.raw_idp_2024_mesures_qualite_marche_cadre,684,2025-10-08,,AVAL STEP SIDI KACEM,TAC/TACs_meq/l,467580.0,407448.0,26191,0,GEO_ORPHAN_XY_2M,,,,,,
staging.raw_idp_2024_mesures_qualite_marche_cadre,685,2025-10-08,,AVAL STEP SIDI KACEM,TAC/TACs_°F,467580.0,407448.0,26191,0,GEO_ORPHAN_XY_2M,,,,,,
staging.raw_idp_2024_mesures_qualite_marche_cadre,686,2025-10-08,,AVAL STEP SIDI KACEM,TA/Tas_meq/l,467580.0,407448.0,26191,0,GEO_ORPHAN_XY_2M,,,,,,
staging.raw_idp_2024_mesures_qualite_marche_cadre,687,2025-10-08,,AVAL STEP SIDI KACEM,TA/Tas_°F,467580.0,407448.0,26191,0,GEO_ORPHAN_XY_2M,,,,,,
staging.raw_idp_2024_mesures_qualite_marche_cadre,688,2025-10-08,,AVAL STEP SIDI KACEM,HCO3,467580.0,407448.0,26191,0,GEO_ORPHAN_XY_2M,,,,,,
staging.raw_idp_2024_mesures_qualite_marche_cadre,689,2025-10-08,,AVAL STEP SIDI KACEM,CO3,467580.0,407448.0,26191,0,GEO_ORPHAN_XY_2M,,,,,,
staging.raw_idp_2024_mesures_qualite_marche_cadre,690,2025-10-08,,AVAL STEP SIDI KACEM,OH-,467580.0,407448.0,26191,0,GEO_ORPHAN_XY_2M,,,,,,
staging.raw_idp_2024_mesures_qualite_marche_cadre,691,2025-10-08,,AVAL STEP SIDI KACEM,Cl-_IC,467580.0,407448.0,26191,0,GEO_ORPHAN_XY_2M,,,,,,
staging.raw_idp_2024_mesures_qualite_marche_cadre,692,2025-10-08,,AVAL STEP SIDI KACEM,SO42-_IC,467580.0,407448.0,26191,0,GEO_ORPHAN_XY_2M,,,,,,
staging.raw_idp_2024_mesures_qualite_marche_cadre,693,2025-10-08,,AVAL STEP SIDI KACEM,"somme
anions_meq/l",467580.0,407448.0,26191,0,GEO_ORPHAN_XY_2M,,,,,,
staging.raw_idp_2024_mesures_qualite_marche_cadre,694,2025-10-08,,AVAL STEP SIDI KACEM,"somme
anions_mg/l",467580.0,407448.0,26191,0,GEO_ORPHAN_XY_2M,,,,,,
staging.raw_idp_2024_mesures_qualite_marche_cadre,695,2025-10-08,,AVAL STEP SIDI KACEM,Ca++,467580.0,407448.0,26191,0,GEO_ORPHAN_XY_2M,,,,,,
staging.raw_idp_2024_mesures_qualite_marche_cadre,696,2025-10-08,,AVAL STEP SIDI KACEM,Mg++,467580.0,407448.0,26191,0,GEO_ORPHAN_XY_2M,,,,,,
staging.raw_idp_2024_mesures_qualite_marche_cadre,697,2025-10-08,,AVAL STEP SIDI KACEM,TH,467580.0,407448.0,26191,0,GEO_ORPHAN_XY_2M,,,,,,
staging.raw_idp_2024_mesures_qualite_marche_cadre,698,2025-10-08,,AVAL STEP SIDI KACEM,Na+,467580.0,407448.0,26191,0,GEO_ORPHAN_XY_2M,,,,,,
staging.raw_idp_2024_mesures_qualite_marche_cadre,699,2025-10-08,,AVAL STEP SIDI KACEM,K+,467580.0,407448.0,26191,0,GEO_ORPHAN_XY_2M,,,,,,
staging.raw_idp_2024_mesures_qualite_marche_cadre,700,2025-10-08,,AVAL STEP SIDI KACEM,"Somme
cations_meq/l",467580.0,407448.0,26191,0,GEO_ORPHAN_XY_2M,,,,,,
staging.raw_idp_2024_mesures_qualite_marche_cadre,701,2025-10-08,,AVAL STEP SIDI KACEM,"Somme
cations_mg/l",467580.0,407448.0,26191,0,GEO_ORPHAN_XY_2M,,,,,,
staging.raw_idp_2024_mesures_qualite_marche_cadre,702,2025-10-08,,AVAL STEP SIDI KACEM,Bilan_Ionique,467580.0,407448.0,26191,0,GEO_ORPHAN_XY_2M,,,,,,
staging.raw_idp_2024_mesures_qualite_marche_cadre,703,2025-10-08,,AVAL STEP SIDI KACEM,pH au laboratoire,467580.0,407448.0,26191,0,GEO_ORPHAN_XY_2M,,,,,,
staging.raw_idp_2024_mesures_qualite_marche_cadre,704,2025-10-08,,AVAL STEP SIDI KACEM,Na+3,467580.0,407448.0,26191,0,GEO_ORPHAN_XY_2M,,,,,,
staging.raw_idp_2024_mesures_qualite_marche_cadre,705,2025-10-08,,AVAL STEP SIDI KACEM,K+4,467580.0,407448.0,26191,0,GEO_ORPHAN_XY_2M,,,,,,
staging.raw_idp_2024_mesures_qualite_marche_cadre,706,2025-10-08,,AVAL STEP SIDI KACEM,Fe,467580.0,407448.0,26191,0,GEO_ORPHAN_XY_2M,,,,,,
staging.raw_idp_2024_mesures_qualite_marche_cadre,707,2025-10-08,,AVAL STEP SIDI KACEM,CT,467580.0,407448.0,26191,0,GEO_ORPHAN_XY_2M,,,,,,
staging.raw_idp_2024_mesures_qualite_marche_cadre,708,2025-10-08,,AVAL STEP SIDI KACEM,CF,467580.0,407448.0,26191,0,GEO_ORPHAN_XY_2M,,,,,,
staging.raw_idp_2024_mesures_qualite_marche_cadre,709,2025-10-08,,AVAL STEP SIDI KACEM,SF,467580.0,407448.0,26191,0,GEO_ORPHAN_XY_2M,,,,,,
staging.raw_idp_2024_mesures_qualite_marche_cadre,742,2025-10-09,,PUITS STATION DAR SALEM,IP,414129.0,401202.0,26191,0,GEO_ORPHAN_XY_2M,,,,,,
staging.raw_idp_2024_mesures_qualite_marche_cadre,743,2025-10-09,,PUITS STATION DAR SALEM,NH4+ Spect,414129.0,401202.0,26191,0,GEO_ORPHAN_XY_2M,,,,,,
staging.raw_idp_2024_mesures_qualite_marche_cadre,744,2025-10-09,,PUITS STATION DAR SALEM,NH4+ ,414129.0,401202.0,26191,0,GEO_ORPHAN_XY_2M,,,,,,
staging.raw_idp_2024_mesures_qualite_marche_cadre,745,2025-10-09,,PUITS STATION DAR SALEM,"RS 
mesuré_à 105 °C",414129.0,401202.0,26191,0,GEO_ORPHAN_XY_2M,,,,,,
staging.raw_idp_2024_mesures_qualite_marche_cadre,746,2025-10-09,,PUITS STATION DAR SALEM,NO2- _Spectro.,414129.0,401202.0,26191,0,GEO_ORPHAN_XY_2M,,,,,,
staging.raw_idp_2024_mesures_qualite_marche_cadre,747,2025-10-09,,PUITS STATION DAR SALEM,NO3-_Spectro,414129.0,401202.0,26191,0,GEO_ORPHAN_XY_2M,,,,,,
staging.raw_idp_2024_mesures_qualite_marche_cadre,748,2025-10-09,,PUITS STATION DAR SALEM,TAC/TACs_meq/l,414129.0,401202.0,26191,0,GEO_ORPHAN_XY_2M,,,,,,
staging.raw_idp_2024_mesures_qualite_marche_cadre,749,2025-10-09,,PUITS STATION DAR SALEM,TAC/TACs_°F,414129.0,401202.0,26191,0,GEO_ORPHAN_XY_2M,,,,,,
staging.raw_idp_2024_mesures_qualite_marche_cadre,750,2025-10-09,,PUITS STATION DAR SALEM,TA/Tas_meq/l,414129.0,401202.0,26191,0,GEO_ORPHAN_XY_2M,,,,,,
staging.raw_idp_2024_mesures_qualite_marche_cadre,751,2025-10-09,,PUITS STATION DAR SALEM,TA/Tas_°F,414129.0,401202.0,26191,0,GEO_ORPHAN_XY_2M,,,,,,
staging.raw_idp_2024_mesures_qualite_marche_cadre,752,2025-10-09,,PUITS STATION DAR SALEM,HCO3,414129.0,401202.0,26191,0,GEO_ORPHAN_XY_2M,,,,,,
staging.raw_idp_2024_mesures_qualite_marche_cadre,753,2025-10-09,,PUITS STATION DAR SALEM,CO3,414129.0,401202.0,26191,0,GEO_ORPHAN_XY_2M,,,,,,
staging.raw_idp_2024_mesures_qualite_marche_cadre,754,2025-10-09,,PUITS STATION DAR SALEM,OH-,414129.0,401202.0,26191,0,GEO_ORPHAN_XY_2M,,,,,,
staging.raw_idp_2024_mesures_qualite_marche_cadre,755,2025-10-09,,PUITS STATION DAR SALEM,Cl-_IC,414129.0,401202.0,26191,0,GEO_ORPHAN_XY_2M,,,,,,
staging.raw_idp_2024_mesures_qualite_marche_cadre,756,2025-10-09,,PUITS STATION DAR SALEM,SO42-_IC,414129.0,401202.0,26191,0,GEO_ORPHAN_XY_2M,,,,,,
staging.raw_idp_2024_mesures_qualite_marche_cadre,757,2025-10-09,,PUITS STATION DAR SALEM,"somme
anions_meq/l",414129.0,401202.0,26191,0,GEO_ORPHAN_XY_2M,,,,,,
staging.raw_idp_2024_mesures_qualite_marche_cadre,758,2025-10-09,,PUITS STATION DAR SALEM,"somme
anions_mg/l",414129.0,401202.0,26191,0,GEO_ORPHAN_XY_2M,,,,,,
staging.raw_idp_2024_mesures_qualite_marche_cadre,759,2025-10-09,,PUITS STATION DAR SALEM,Ca++,414129.0,401202.0,26191,0,GEO_ORPHAN_XY_2M,,,,,,
staging.raw_idp_2024_mesures_qualite_marche_cadre,760,2025-10-09,,PUITS STATION DAR SALEM,Mg++,414129.0,401202.0,26191,0,GEO_ORPHAN_XY_2M,,,,,,
staging.raw_idp_2024_mesures_qualite_marche_cadre,761,2025-10-09,,PUITS STATION DAR SALEM,TH,414129.0,401202.0,26191,0,GEO_ORPHAN_XY_2M,,,,,,
staging.raw_idp_2024_mesures_qualite_marche_cadre,762,2025-10-09,,PUITS STATION DAR SALEM,Na+,414129.0,401202.0,26191,0,GEO_ORPHAN_XY_2M,,,,,,
staging.raw_idp_2024_mesures_qualite_marche_cadre,763,2025-10-09,,PUITS STATION DAR SALEM,K+,414129.0,401202.0,26191,0,GEO_ORPHAN_XY_2M,,,,,,
staging.raw_idp_2024_mesures_qualite_marche_cadre,764,2025-10-09,,PUITS STATION DAR SALEM,"Somme
cations_meq/l",414129.0,401202.0,26191,0,GEO_ORPHAN_XY_2M,,,,,,
staging.raw_idp_2024_mesures_qualite_marche_cadre,765,2025-10-09,,PUITS STATION DAR SALEM,"Somme
cations_mg/l",414129.0,401202.0,26191,0,GEO_ORPHAN_XY_2M,,,,,,
staging.raw_idp_2024_mesures_qualite_marche_cadre,766,2025-10-09,,PUITS STATION DAR SALEM,Bilan_Ionique,414129.0,401202.0,26191,0,GEO_ORPHAN_XY_2M,,,,,,
staging.raw_idp_2024_mesures_qualite_marche_cadre,767,2025-10-09,,PUITS STATION DAR SALEM,Na+3,414129.0,401202.0,26191,0,GEO_ORPHAN_XY_2M,,,,,,
staging.raw_idp_2024_mesures_qualite_marche_cadre,768,2025-10-09,,PUITS STATION DAR SALEM,K+4,414129.0,401202.0,26191,0,GEO_ORPHAN_XY_2M,,,,,,
staging.raw_idp_2024_mesures_qualite_marche_cadre,769,2025-10-09,,PUITS STATION DAR SALEM,Fe,414129.0,401202.0,26191,0,GEO_ORPHAN_XY_2M,,,,,,
staging.raw_idp_2024_mesures_qualite_marche_cadre,770,2025-10-09,,PUITS STATION DAR SALEM,Mn5,414129.0,401202.0,26191,0,GEO_ORPHAN_XY_2M,,,,,,
staging.raw_idp_2024_mesures_qualite_marche_cadre,771,2025-10-09,,PUITS STATION DAR SALEM,CT,414129.0,401202.0,26191,0,GEO_ORPHAN_XY_2M,,,,,,
staging.raw_idp_2024_mesures_qualite_marche_cadre,772,2025-10-09,,PUITS STATION DAR SALEM,CF,414129.0,401202.0,26191,0,GEO_ORPHAN_XY_2M,,,,,,
staging.raw_idp_2024_mesures_qualite_marche_cadre,773,2025-10-09,,PUITS STATION DAR SALEM,SF,414129.0,401202.0,26191,0,GEO_ORPHAN_XY_2M,,,,,,
staging.raw_idp_2024_mesures_qualite_marche_cadre,838,2025-10-10,,AVAL STEP SIDI YAHYA EL GHARB,DCO,416810.0,416679.0,26191,0,GEO_ORPHAN_XY_2M,,,,,,
staging.raw_idp_2024_mesures_qualite_marche_cadre,839,2025-10-10,,AVAL STEP SIDI YAHYA EL GHARB,DBO5,416810.0,416679.0,26191,0,GEO_ORPHAN_XY_2M,,,,,,
staging.raw_idp_2024_mesures_qualite_marche_cadre,840,2025-10-10,,AVAL STEP SIDI YAHYA EL GHARB,NTK Titri,416810.0,416679.0,26191,0,GEO_ORPHAN_XY_2M,,,,,,
staging.raw_idp_2024_mesures_qualite_marche_cadre,841,2025-10-10,,AVAL STEP SIDI YAHYA EL GHARB,NTK Spectr,416810.0,416679.0,26191,0,GEO_ORPHAN_XY_2M,,,,,,
staging.raw_idp_2024_mesures_qualite_marche_cadre,842,2025-10-10,,AVAL STEP SIDI YAHYA EL GHARB,NH4+ Spect,416810.0,416679.0,26191,0,GEO_ORPHAN_XY_2M,,,,,,
staging.raw_idp_2024_mesures_qualite_marche_cadre,843,2025-10-10,,AVAL STEP SIDI YAHYA EL GHARB,NH4+ ,416810.0,416679.0,26191,0,GEO_ORPHAN_XY_2M,,,,,,
staging.raw_idp_2024_mesures_qualite_marche_cadre,844,2025-10-10,,AVAL STEP SIDI YAHYA EL GHARB,PT,416810.0,416679.0,26191,0,GEO_ORPHAN_XY_2M,,,,,,
staging.raw_idp_2024_mesures_qualite_marche_cadre,845,2025-10-10,,AVAL STEP SIDI YAHYA EL GHARB,PO43-,416810.0,416679.0,26191,0,GEO_ORPHAN_XY_2M,,,,,,
staging.raw_idp_2024_mesures_qualite_marche_cadre,846,2025-10-10,,AVAL STEP SIDI YAHYA EL GHARB,MEST Filtr,416810.0,416679.0,26191,0,GEO_ORPHAN_XY_2M,,,,,,
staging.raw_idp_2024_mesures_qualite_marche_cadre,847,2025-10-10,,AVAL STEP SIDI YAHYA EL GHARB,"Huiles
Graisses (H G T)",416810.0,416679.0,26191,0,GEO_ORPHAN_XY_2M,,,,,,
staging.raw_idp_2024_mesures_qualite_marche_cadre,848,2025-10-10,,AVAL STEP SIDI YAHYA EL GHARB,"indice de phénol M:A
",416810.0,416679.0,26191,0,GEO_ORPHAN_XY_2M,,,,,,
staging.raw_idp_2024_mesures_qualite_marche_cadre,849,2025-10-10,,AVAL STEP SIDI YAHYA EL GHARB,NO2- _Spectro.,416810.0,416679.0,26191,0,GEO_ORPHAN_XY_2M,,,,,,
staging.raw_idp_2024_mesures_qualite_marche_cadre,850,2025-10-10,,AVAL STEP SIDI YAHYA EL GHARB,NO3-_Spectro,416810.0,416679.0,26191,0,GEO_ORPHAN_XY_2M,,,,,,
staging.raw_idp_2024_mesures_qualite_marche_cadre,851,2025-10-10,,AVAL STEP SIDI YAHYA EL GHARB,TAC/TACs_meq/l,416810.0,416679.0,26191,0,GEO_ORPHAN_XY_2M,,,,,,
staging.raw_idp_2024_mesures_qualite_marche_cadre,852,2025-10-10,,AVAL STEP SIDI YAHYA EL GHARB,TAC/TACs_°F,416810.0,416679.0,26191,0,GEO_ORPHAN_XY_2M,,,,,,
staging.raw_idp_2024_mesures_qualite_marche_cadre,853,2025-10-10,,AVAL STEP SIDI YAHYA EL GHARB,TA/Tas_meq/l,416810.0,416679.0,26191,0,GEO_ORPHAN_XY_2M,,,,,,
staging.raw_idp_2024_mesures_qualite_marche_cadre,854,2025-10-10,,AVAL STEP SIDI YAHYA EL GHARB,TA/Tas_°F,416810.0,416679.0,26191,0,GEO_ORPHAN_XY_2M,,,,,,
staging.raw_idp_2024_mesures_qualite_marche_cadre,855,2025-10-10,,AVAL STEP SIDI YAHYA EL GHARB,HCO3,416810.0,416679.0,26191,0,GEO_ORPHAN_XY_2M,,,,,,
staging.raw_idp_2024_mesures_qualite_marche_cadre,856,2025-10-10,,AVAL STEP SIDI YAHYA EL GHARB,CO3,416810.0,416679.0,26191,0,GEO_ORPHAN_XY_2M,,,,,,
staging.raw_idp_2024_mesures_qualite_marche_cadre,857,2025-10-10,,AVAL STEP SIDI YAHYA EL GHARB,OH-,416810.0,416679.0,26191,0,GEO_ORPHAN_XY_2M,,,,,,
staging.raw_idp_2024_mesures_qualite_marche_cadre,858,2025-10-10,,AVAL STEP SIDI YAHYA EL GHARB,Cl-_IC,416810.0,416679.0,26191,0,GEO_ORPHAN_XY_2M,,,,,,
staging.raw_idp_2024_mesures_qualite_marche_cadre,859,2025-10-10,,AVAL STEP SIDI YAHYA EL GHARB,SO42-_IC,416810.0,416679.0,26191,0,GEO_ORPHAN_XY_2M,,,,,,
staging.raw_idp_2024_mesures_qualite_marche_cadre,860,2025-10-10,,AVAL STEP SIDI YAHYA EL GHARB,"somme
anions_meq/l",416810.0,416679.0,26191,0,GEO_ORPHAN_XY_2M,,,,,,
staging.raw_idp_2024_mesures_qualite_marche_cadre,861,2025-10-10,,AVAL STEP SIDI YAHYA EL GHARB,"somme
anions_mg/l",416810.0,416679.0,26191,0,GEO_ORPHAN_XY_2M,,,,,,
staging.raw_idp_2024_mesures_qualite_marche_cadre,862,2025-10-10,,AVAL STEP SIDI YAHYA EL GHARB,Ca++,416810.0,416679.0,26191,0,GEO_ORPHAN_XY_2M,,,,,,
staging.raw_idp_2024_mesures_qualite_marche_cadre,863,2025-10-10,,AVAL STEP SIDI YAHYA EL GHARB,Mg++,416810.0,416679.0,26191,0,GEO_ORPHAN_XY_2M,,,,,,
staging.raw_idp_2024_mesures_qualite_marche_cadre,864,2025-10-10,,AVAL STEP SIDI YAHYA EL GHARB,TH,416810.0,416679.0,26191,0,GEO_ORPHAN_XY_2M,,,,,,
staging.raw_idp_2024_mesures_qualite_marche_cadre,865,2025-10-10,,AVAL STEP SIDI YAHYA EL GHARB,NH4+ 2,416810.0,416679.0,26191,0,GEO_ORPHAN_XY_2M,,,,,,
staging.raw_idp_2024_mesures_qualite_marche_cadre,866,2025-10-10,,AVAL STEP SIDI YAHYA EL GHARB,Na+,416810.0,416679.0,26191,0,GEO_ORPHAN_XY_2M,,,,,,
staging.raw_idp_2024_mesures_qualite_marche_cadre,867,2025-10-10,,AVAL STEP SIDI YAHYA EL GHARB,K+,416810.0,416679.0,26191,0,GEO_ORPHAN_XY_2M,,,,,,
staging.raw_idp_2024_mesures_qualite_marche_cadre,868,2025-10-10,,AVAL STEP SIDI YAHYA EL GHARB,"Somme
cations_meq/l",416810.0,416679.0,26191,0,GEO_ORPHAN_XY_2M,,,,,,
staging.raw_idp_2024_mesures_qualite_marche_cadre,869,2025-10-10,,AVAL STEP SIDI YAHYA EL GHARB,"Somme
cations_mg/l",416810.0,416679.0,26191,0,GEO_ORPHAN_XY_2M,,,,,,
staging.raw_idp_2024_mesures_qualite_marche_cadre,870,2025-10-10,,AVAL STEP SIDI YAHYA EL GHARB,Bilan_Ionique,416810.0,416679.0,26191,0,GEO_ORPHAN_XY_2M,,,,,,
staging.raw_idp_2024_mesures_qualite_marche_cadre,871,2025-10-10,,AVAL STEP SIDI YAHYA EL GHARB,Na+3,416810.0,416679.0,26191,0,GEO_ORPHAN_XY_2M,,,,,,
staging.raw_idp_2024_mesures_qualite_marche_cadre,872,2025-10-10,,AVAL STEP SIDI YAHYA EL GHARB,K+4,416810.0,416679.0,26191,0,GEO_ORPHAN_XY_2M,,,,,,
staging.raw_idp_2024_mesures_qualite_marche_cadre,873,2025-10-10,,AVAL STEP SIDI YAHYA EL GHARB,Fe,416810.0,416679.0,26191,0,GEO_ORPHAN_XY_2M,,,,,,
staging.raw_idp_2024_mesures_qualite_marche_cadre,874,2025-10-10,,AVAL STEP SIDI YAHYA EL GHARB,CT,416810.0,416679.0,26191,0,GEO_ORPHAN_XY_2M,,,,,,
staging.raw_idp_2024_mesures_qualite_marche_cadre,875,2025-10-10,,AVAL STEP SIDI YAHYA EL GHARB,CF,416810.0,416679.0,26191,0,GEO_ORPHAN_XY_2M,,,,,,
staging.raw_idp_2024_mesures_qualite_marche_cadre,876,2025-10-10,,AVAL STEP SIDI YAHYA EL GHARB,SF,416810.0,416679.0,26191,0,GEO_ORPHAN_XY_2M,,,,,,
staging.raw_idp_2024_mesures_qualite_marche_cadre,877,2025-10-10,,AMONT STEP KENITRA,DCO,392546.0,411337.0,26191,0,GEO_ORPHAN_XY_2M,,,,,,
staging.raw_idp_2024_mesures_qualite_marche_cadre,878,2025-10-10,,AMONT STEP KENITRA,DBO5,392546.0,411337.0,26191,0,GEO_ORPHAN_XY_2M,,,,,,
staging.raw_idp_2024_mesures_qualite_marche_cadre,879,2025-10-10,,AMONT STEP KENITRA,NTK Spectr,392546.0,411337.0,26191,0,GEO_ORPHAN_XY_2M,,,,,,
staging.raw_idp_2024_mesures_qualite_marche_cadre,880,2025-10-10,,AMONT STEP KENITRA,NH4+ Spect,392546.0,411337.0,26191,0,GEO_ORPHAN_XY_2M,,,,,,
staging.raw_idp_2024_mesures_qualite_marche_cadre,881,2025-10-10,,AMONT STEP KENITRA,NH4+ ,392546.0,411337.0,26191,0,GEO_ORPHAN_XY_2M,,,,,,
staging.raw_idp_2024_mesures_qualite_marche_cadre,882,2025-10-10,,AMONT STEP KENITRA,PT,392546.0,411337.0,26191,0,GEO_ORPHAN_XY_2M,,,,,,
staging.raw_idp_2024_mesures_qualite_marche_cadre,883,2025-10-10,,AMONT STEP KENITRA,PO43-,392546.0,411337.0,26191,0,GEO_ORPHAN_XY_2M,,,,,,
staging.raw_idp_2024_mesures_qualite_marche_cadre,884,2025-10-10,,AMONT STEP KENITRA,MEST Filtr,392546.0,411337.0,26191,0,GEO_ORPHAN_XY_2M,,,,,,
staging.raw_idp_2024_mesures_qualite_marche_cadre,885,2025-10-10,,AMONT STEP KENITRA,"Huiles
Graisses (H G T)",392546.0,411337.0,26191,0,GEO_ORPHAN_XY_2M,,,,,,
staging.raw_idp_2024_mesures_qualite_marche_cadre,886,2025-10-10,,AMONT STEP KENITRA,"indice de phénol M:A
",392546.0,411337.0,26191,0,GEO_ORPHAN_XY_2M,,,,,,
staging.raw_idp_2024_mesures_qualite_marche_cadre,887,2025-10-10,,AMONT STEP KENITRA,NO2- _Spectro.,392546.0,411337.0,26191,0,GEO_ORPHAN_XY_2M,,,,,,
staging.raw_idp_2024_mesures_qualite_marche_cadre,888,2025-10-10,,AMONT STEP KENITRA,NO3-_Spectro,392546.0,411337.0,26191,0,GEO_ORPHAN_XY_2M,,,,,,
staging.raw_idp_2024_mesures_qualite_marche_cadre,889,2025-10-10,,AMONT STEP KENITRA,NO3-_Réduction Cd,392546.0,411337.0,26191,0,GEO_ORPHAN_XY_2M,,,,,,
staging.raw_idp_2024_mesures_qualite_marche_cadre,890,2025-10-10,,AMONT STEP KENITRA,TAC/TACs_meq/l,392546.0,411337.0,26191,0,GEO_ORPHAN_XY_2M,,,,,,
staging.raw_idp_2024_mesures_qualite_marche_cadre,891,2025-10-10,,AMONT STEP KENITRA,TAC/TACs_°F,392546.0,411337.0,26191,0,GEO_ORPHAN_XY_2M,,,,,,
staging.raw_idp_2024_mesures_qualite_marche_cadre,892,2025-10-10,,AMONT STEP KENITRA,TA/Tas_meq/l,392546.0,411337.0,26191,0,GEO_ORPHAN_XY_2M,,,,,,
staging.raw_idp_2024_mesures_qualite_marche_cadre,893,2025-10-10,,AMONT STEP KENITRA,TA/Tas_°F,392546.0,411337.0,26191,0,GEO_ORPHAN_XY_2M,,,,,,
staging.raw_idp_2024_mesures_qualite_marche_cadre,894,2025-10-10,,AMONT STEP KENITRA,HCO3,392546.0,411337.0,26191,0,GEO_ORPHAN_XY_2M,,,,,,
staging.raw_idp_2024_mesures_qualite_marche_cadre,895,2025-10-10,,AMONT STEP KENITRA,CO3,392546.0,411337.0,26191,0,GEO_ORPHAN_XY_2M,,,,,,
staging.raw_idp_2024_mesures_qualite_marche_cadre,896,2025-10-10,,AMONT STEP KENITRA,OH-,392546.0,411337.0,26191,0,GEO_ORPHAN_XY_2M,,,,,,
staging.raw_idp_2024_mesures_qualite_marche_cadre,897,2025-10-10,,AMONT STEP KENITRA,Cl-_IC,392546.0,411337.0,26191,0,GEO_ORPHAN_XY_2M,,,,,,
staging.raw_idp_2024_mesures_qualite_marche_cadre,898,2025-10-10,,AMONT STEP KENITRA,SO42-_IC,392546.0,411337.0,26191,0,GEO_ORPHAN_XY_2M,,,,,,
staging.raw_idp_2024_mesures_qualite_marche_cadre,899,2025-10-10,,AMONT STEP KENITRA,"somme
anions_meq/l",392546.0,411337.0,26191,0,GEO_ORPHAN_XY_2M,,,,,,
staging.raw_idp_2024_mesures_qualite_marche_cadre,900,2025-10-10,,AMONT STEP KENITRA,"somme
anions_mg/l",392546.0,411337.0,26191,0,GEO_ORPHAN_XY_2M,,,,,,
staging.raw_idp_2024_mesures_qualite_marche_cadre,901,2025-10-10,,AMONT STEP KENITRA,Ca++,392546.0,411337.0,26191,0,GEO_ORPHAN_XY_2M,,,,,,
staging.raw_idp_2024_mesures_qualite_marche_cadre,902,2025-10-10,,AMONT STEP KENITRA,Mg++,392546.0,411337.0,26191,0,GEO_ORPHAN_XY_2M,,,,,,
staging.raw_idp_2024_mesures_qualite_marche_cadre,903,2025-10-10,,AMONT STEP KENITRA,TH,392546.0,411337.0,26191,0,GEO_ORPHAN_XY_2M,,,,,,
staging.raw_idp_2024_mesures_qualite_marche_cadre,904,2025-10-10,,AMONT STEP KENITRA,Na+,392546.0,411337.0,26191,0,GEO_ORPHAN_XY_2M,,,,,,
staging.raw_idp_2024_mesures_qualite_marche_cadre,905,2025-10-10,,AMONT STEP KENITRA,K+,392546.0,411337.0,26191,0,GEO_ORPHAN_XY_2M,,,,,,
staging.raw_idp_2024_mesures_qualite_marche_cadre,906,2025-10-10,,AMONT STEP KENITRA,"Somme
cations_meq/l",392546.0,411337.0,26191,0,GEO_ORPHAN_XY_2M,,,,,,
staging.raw_idp_2024_mesures_qualite_marche_cadre,907,2025-10-10,,AMONT STEP KENITRA,"Somme
cations_mg/l",392546.0,411337.0,26191,0,GEO_ORPHAN_XY_2M,,,,,,
staging.raw_idp_2024_mesures_qualite_marche_cadre,908,2025-10-10,,AMONT STEP KENITRA,Bilan_Ionique,392546.0,411337.0,26191,0,GEO_ORPHAN_XY_2M,,,,,,
staging.raw_idp_2024_mesures_qualite_marche_cadre,909,2025-10-10,,AMONT STEP KENITRA,pH au laboratoire,392546.0,411337.0,26191,0,GEO_ORPHAN_XY_2M,,,,,,
staging.raw_idp_2024_mesures_qualite_marche_cadre,910,2025-10-10,,AMONT STEP KENITRA,Na+3,392546.0,411337.0,26191,0,GEO_ORPHAN_XY_2M,,,,,,
staging.raw_idp_2024_mesures_qualite_marche_cadre,911,2025-10-10,,AMONT STEP KENITRA,K+4,392546.0,411337.0,26191,0,GEO_ORPHAN_XY_2M,,,,,,
staging.raw_idp_2024_mesures_qualite_marche_cadre,912,2025-10-10,,AMONT STEP KENITRA,Fe,392546.0,411337.0,26191,0,GEO_ORPHAN_XY_2M,,,,,,
staging.raw_idp_2024_mesures_qualite_marche_cadre,913,2025-10-10,,AMONT STEP KENITRA,CT,392546.0,411337.0,26191,0,GEO_ORPHAN_XY_2M,,,,,,
staging.raw_idp_2024_mesures_qualite_marche_cadre,914,2025-10-10,,AMONT STEP KENITRA,CF,392546.0,411337.0,26191,0,GEO_ORPHAN_XY_2M,,,,,,
staging.raw_idp_2024_mesures_qualite_marche_cadre,915,2025-10-10,,AMONT STEP KENITRA,SF,392546.0,411337.0,26191,0,GEO_ORPHAN_XY_2M,,,,,,
staging.raw_idp_2024_mesures_qualite_marche_cadre,966,2025-10-10,,PUITS FERME BENNANI,IP,396617.0,425212.0,26191,0,GEO_ORPHAN_XY_2M,,,,,,
staging.raw_idp_2024_mesures_qualite_marche_cadre,967,2025-10-10,,PUITS FERME BENNANI,NH4+ Spect,396617.0,425212.0,26191,0,GEO_ORPHAN_XY_2M,,,,,,
staging.raw_idp_2024_mesures_qualite_marche_cadre,968,2025-10-10,,PUITS FERME BENNANI,NH4+ ,396617.0,425212.0,26191,0,GEO_ORPHAN_XY_2M,,,,,,
staging.raw_idp_2024_mesures_qualite_marche_cadre,969,2025-10-10,,PUITS FERME BENNANI,"Cond
25°C",396617.0,425212.0,26191,0,GEO_ORPHAN_XY_2M,,,,,,
staging.raw_idp_2024_mesures_qualite_marche_cadre,970,2025-10-10,,PUITS FERME BENNANI,"Cond 25°C *0,9*0,01
",396617.0,425212.0,26191,0,GEO_ORPHAN_XY_2M,,,,,,
staging.raw_idp_2024_mesures_qualite_marche_cadre,971,2025-10-10,,PUITS FERME BENNANI,"Cond 25°C *1,1*0,01
",396617.0,425212.0,26191,0,GEO_ORPHAN_XY_2M,,,,,,
staging.raw_idp_2024_mesures_qualite_marche_cadre,972,2025-10-10,,PUITS FERME BENNANI,"RS 
mesuré_à 105 °C",396617.0,425212.0,26191,0,GEO_ORPHAN_XY_2M,,,,,,
staging.raw_idp_2024_mesures_qualite_marche_cadre,973,2025-10-10,,PUITS FERME BENNANI,NO2- _Spectro.,396617.0,425212.0,26191,0,GEO_ORPHAN_XY_2M,,,,,,
staging.raw_idp_2024_mesures_qualite_marche_cadre,974,2025-10-10,,PUITS FERME BENNANI,NO3-_Spectro,396617.0,425212.0,26191,0,GEO_ORPHAN_XY_2M,,,,,,
staging.raw_idp_2024_mesures_qualite_marche_cadre,975,2025-10-10,,PUITS FERME BENNANI,TAC/TACs_meq/l,396617.0,425212.0,26191,0,GEO_ORPHAN_XY_2M,,,,,,
staging.raw_idp_2024_mesures_qualite_marche_cadre,976,2025-10-10,,PUITS FERME BENNANI,TAC/TACs_°F,396617.0,425212.0,26191,0,GEO_ORPHAN_XY_2M,,,,,,
staging.raw_idp_2024_mesures_qualite_marche_cadre,977,2025-10-10,,PUITS FERME BENNANI,TA/Tas_meq/l,396617.0,425212.0,26191,0,GEO_ORPHAN_XY_2M,,,,,,
staging.raw_idp_2024_mesures_qualite_marche_cadre,978,2025-10-10,,PUITS FERME BENNANI,TA/Tas_°F,396617.0,425212.0,26191,0,GEO_ORPHAN_XY_2M,,,,,,
staging.raw_idp_2024_mesures_qualite_marche_cadre,979,2025-10-10,,PUITS FERME BENNANI,HCO3,396617.0,425212.0,26191,0,GEO_ORPHAN_XY_2M,,,,,,
staging.raw_idp_2024_mesures_qualite_marche_cadre,980,2025-10-10,,PUITS FERME BENNANI,CO3,396617.0,425212.0,26191,0,GEO_ORPHAN_XY_2M,,,,,,
staging.raw_idp_2024_mesures_qualite_marche_cadre,981,2025-10-10,,PUITS FERME BENNANI,OH-,396617.0,425212.0,26191,0,GEO_ORPHAN_XY_2M,,,,,,
staging.raw_idp_2024_mesures_qualite_marche_cadre,982,2025-10-10,,PUITS FERME BENNANI,Cl-_IC,396617.0,425212.0,26191,0,GEO_ORPHAN_XY_2M,,,,,,
staging.raw_idp_2024_mesures_qualite_marche_cadre,983,2025-10-10,,PUITS FERME BENNANI,SO42-_IC,396617.0,425212.0,26191,0,GEO_ORPHAN_XY_2M,,,,,,
staging.raw_idp_2024_mesures_qualite_marche_cadre,984,2025-10-10,,PUITS FERME BENNANI,"somme
anions_meq/l",396617.0,425212.0,26191,0,GEO_ORPHAN_XY_2M,,,,,,
staging.raw_idp_2024_mesures_qualite_marche_cadre,985,2025-10-10,,PUITS FERME BENNANI,"somme
anions_mg/l",396617.0,425212.0,26191,0,GEO_ORPHAN_XY_2M,,,,,,
staging.raw_idp_2024_mesures_qualite_marche_cadre,986,2025-10-10,,PUITS FERME BENNANI,Ca++,396617.0,425212.0,26191,0,GEO_ORPHAN_XY_2M,,,,,,
staging.raw_idp_2024_mesures_qualite_marche_cadre,987,2025-10-10,,PUITS FERME BENNANI,Mg++,396617.0,425212.0,26191,0,GEO_ORPHAN_XY_2M,,,,,,
staging.raw_idp_2024_mesures_qualite_marche_cadre,988,2025-10-10,,PUITS FERME BENNANI,TH,396617.0,425212.0,26191,0,GEO_ORPHAN_XY_2M,,,,,,
staging.raw_idp_2024_mesures_qualite_marche_cadre,989,2025-10-10,,PUITS FERME BENNANI,Na+,396617.0,425212.0,26191,0,GEO_ORPHAN_XY_2M,,,,,,
staging.raw_idp_2024_mesures_qualite_marche_cadre,990,2025-10-10,,PUITS FERME BENNANI,K+,396617.0,425212.0,26191,0,GEO_ORPHAN_XY_2M,,,,,,
staging.raw_idp_2024_mesures_qualite_marche_cadre,991,2025-10-10,,PUITS FERME BENNANI,"Somme
cations_meq/l",396617.0,425212.0,26191,0,GEO_ORPHAN_XY_2M,,,,,,
staging.raw_idp_2024_mesures_qualite_marche_cadre,992,2025-10-10,,PUITS FERME BENNANI,"Somme
cations_mg/l",396617.0,425212.0,26191,0,GEO_ORPHAN_XY_2M,,,,,,
staging.raw_idp_2024_mesures_qualite_marche_cadre,993,2025-10-10,,PUITS FERME BENNANI,Bilan_Ionique,396617.0,425212.0,26191,0,GEO_ORPHAN_XY_2M,,,,,,
staging.raw_idp_2024_mesures_qualite_marche_cadre,994,2025-10-10,,PUITS FERME BENNANI,Na+3,396617.0,425212.0,26191,0,GEO_ORPHAN_XY_2M,,,,,,
staging.raw_idp_2024_mesures_qualite_marche_cadre,995,2025-10-10,,PUITS FERME BENNANI,K+4,396617.0,425212.0,26191,0,GEO_ORPHAN_XY_2M,,,,,,
staging.raw_idp_2024_mesures_qualite_marche_cadre,996,2025-10-10,,PUITS FERME BENNANI,Fe,396617.0,425212.0,26191,0,GEO_ORPHAN_XY_2M,,,,,,
staging.raw_idp_2024_mesures_qualite_marche_cadre,997,2025-10-10,,PUITS FERME BENNANI,Mn5,396617.0,425212.0,26191,0,GEO_ORPHAN_XY_2M,,,,,,
staging.raw_idp_2024_mesures_qualite_marche_cadre,998,2025-10-10,,PUITS FERME BENNANI,CT,396617.0,425212.0,26191,0,GEO_ORPHAN_XY_2M,,,,,,
staging.raw_idp_2024_mesures_qualite_marche_cadre,999,2025-10-10,,PUITS FERME BENNANI,CF,396617.0,425212.0,26191,0,GEO_ORPHAN_XY_2M,,,,,,
staging.raw_idp_2024_mesures_qualite_marche_cadre,1000,2025-10-10,,PUITS FERME BENNANI,SF,396617.0,425212.0,26191,0,GEO_ORPHAN_XY_2M,,,,,,
staging.raw_idp_2024_mesures_qualite_marche_cadre,1112,2025-10-14,,STATION RP 26,DCO,523250.0,412150.0,26191,0,GEO_ORPHAN_XY_2M,,,,,,
staging.raw_idp_2024_mesures_qualite_marche_cadre,1113,2025-10-14,,STATION RP 26,DBO5,523250.0,412150.0,26191,0,GEO_ORPHAN_XY_2M,,,,,,
staging.raw_idp_2024_mesures_qualite_marche_cadre,1114,2025-10-14,,STATION RP 26,NTK Spectr,523250.0,412150.0,26191,0,GEO_ORPHAN_XY_2M,,,,,,
staging.raw_idp_2024_mesures_qualite_marche_cadre,1115,2025-10-14,,STATION RP 26,NH4+ Spect,523250.0,412150.0,26191,0,GEO_ORPHAN_XY_2M,,,,,,
staging.raw_idp_2024_mesures_qualite_marche_cadre,1116,2025-10-14,,STATION RP 26,NH4+ ,523250.0,412150.0,26191,0,GEO_ORPHAN_XY_2M,,,,,,
staging.raw_idp_2024_mesures_qualite_marche_cadre,1117,2025-10-14,,STATION RP 26,PT,523250.0,412150.0,26191,0,GEO_ORPHAN_XY_2M,,,,,,
staging.raw_idp_2024_mesures_qualite_marche_cadre,1118,2025-10-14,,STATION RP 26,PO43-,523250.0,412150.0,26191,0,GEO_ORPHAN_XY_2M,,,,,,
staging.raw_idp_2024_mesures_qualite_marche_cadre,1119,2025-10-14,,STATION RP 26,MEST Filtr,523250.0,412150.0,26191,0,GEO_ORPHAN_XY_2M,,,,,,
staging.raw_idp_2024_mesures_qualite_marche_cadre,1120,2025-10-14,,STATION RP 26,NO2- _Spectro.,523250.0,412150.0,26191,0,GEO_ORPHAN_XY_2M,,,,,,
staging.raw_idp_2024_mesures_qualite_marche_cadre,1121,2025-10-14,,STATION RP 26,NO3-_Spectro,523250.0,412150.0,26191,0,GEO_ORPHAN_XY_2M,,,,,,
staging.raw_idp_2024_mesures_qualite_marche_cadre,1122,2025-10-14,,STATION RP 26,TAC/TACs_meq/l,523250.0,412150.0,26191,0,GEO_ORPHAN_XY_2M,,,,,,
staging.raw_idp_2024_mesures_qualite_marche_cadre,1123,2025-10-14,,STATION RP 26,TAC/TACs_°F,523250.0,412150.0,26191,0,GEO_ORPHAN_XY_2M,,,,,,
staging.raw_idp_2024_mesures_qualite_marche_cadre,1124,2025-10-14,,STATION RP 26,TA/Tas_meq/l,523250.0,412150.0,26191,0,GEO_ORPHAN_XY_2M,,,,,,
staging.raw_idp_2024_mesures_qualite_marche_cadre,1125,2025-10-14,,STATION RP 26,TA/Tas_°F,523250.0,412150.0,26191,0,GEO_ORPHAN_XY_2M,,,,,,
staging.raw_idp_2024_mesures_qualite_marche_cadre,1126,2025-10-14,,STATION RP 26,HCO3,523250.0,412150.0,26191,0,GEO_ORPHAN_XY_2M,,,,,,
staging.raw_idp_2024_mesures_qualite_marche_cadre,1127,2025-10-14,,STATION RP 26,CO3,523250.0,412150.0,26191,0,GEO_ORPHAN_XY_2M,,,,,,
staging.raw_idp_2024_mesures_qualite_marche_cadre,1128,2025-10-14,,STATION RP 26,OH-,523250.0,412150.0,26191,0,GEO_ORPHAN_XY_2M,,,,,,
staging.raw_idp_2024_mesures_qualite_marche_cadre,1129,2025-10-14,,STATION RP 26,Cl-_IC,523250.0,412150.0,26191,0,GEO_ORPHAN_XY_2M,,,,,,
staging.raw_idp_2024_mesures_qualite_marche_cadre,1130,2025-10-14,,STATION RP 26,SO42-_IC,523250.0,412150.0,26191,0,GEO_ORPHAN_XY_2M,,,,,,
staging.raw_idp_2024_mesures_qualite_marche_cadre,1131,2025-10-14,,STATION RP 26,"somme
anions_meq/l",523250.0,412150.0,26191,0,GEO_ORPHAN_XY_2M,,,,,,
staging.raw_idp_2024_mesures_qualite_marche_cadre,1132,2025-10-14,,STATION RP 26,"somme
anions_mg/l",523250.0,412150.0,26191,0,GEO_ORPHAN_XY_2M,,,,,,
staging.raw_idp_2024_mesures_qualite_marche_cadre,1133,2025-10-14,,STATION RP 26,Ca++,523250.0,412150.0,26191,0,GEO_ORPHAN_XY_2M,,,,,,
staging.raw_idp_2024_mesures_qualite_marche_cadre,1134,2025-10-14,,STATION RP 26,Mg++,523250.0,412150.0,26191,0,GEO_ORPHAN_XY_2M,,,,,,
staging.raw_idp_2024_mesures_qualite_marche_cadre,1135,2025-10-14,,STATION RP 26,TH,523250.0,412150.0,26191,0,GEO_ORPHAN_XY_2M,,,,,,
staging.raw_idp_2024_mesures_qualite_marche_cadre,1136,2025-10-14,,STATION RP 26,Na+,523250.0,412150.0,26191,0,GEO_ORPHAN_XY_2M,,,,,,
staging.raw_idp_2024_mesures_qualite_marche_cadre,1137,2025-10-14,,STATION RP 26,K+,523250.0,412150.0,26191,0,GEO_ORPHAN_XY_2M,,,,,,
staging.raw_idp_2024_mesures_qualite_marche_cadre,1138,2025-10-14,,STATION RP 26,"Somme
cations_meq/l",523250.0,412150.0,26191,0,GEO_ORPHAN_XY_2M,,,,,,
staging.raw_idp_2024_mesures_qualite_marche_cadre,1139,2025-10-14,,STATION RP 26,"Somme
cations_mg/l",523250.0,412150.0,26191,0,GEO_ORPHAN_XY_2M,,,,,,
staging.raw_idp_2024_mesures_qualite_marche_cadre,1140,2025-10-14,,STATION RP 26,Bilan_Ionique,523250.0,412150.0,26191,0,GEO_ORPHAN_XY_2M,,,,,,
staging.raw_idp_2024_mesures_qualite_marche_cadre,1141,2025-10-14,,STATION RP 26,Na+3,523250.0,412150.0,26191,0,GEO_ORPHAN_XY_2M,,,,,,
staging.raw_idp_2024_mesures_qualite_marche_cadre,1142,2025-10-14,,STATION RP 26,K+4,523250.0,412150.0,26191,0,GEO_ORPHAN_XY_2M,,,,,,
staging.raw_idp_2024_mesures_qualite_marche_cadre,1143,2025-10-14,,STATION RP 26,CT,523250.0,412150.0,26191,0,GEO_ORPHAN_XY_2M,,,,,,
staging.raw_idp_2024_mesures_qualite_marche_cadre,1144,2025-10-14,,STATION RP 26,CF,523250.0,412150.0,26191,0,GEO_ORPHAN_XY_2M,,,,,,
staging.raw_idp_2024_mesures_qualite_marche_cadre,1145,2025-10-14,,STATION RP 26,SF,523250.0,412150.0,26191,0,GEO_ORPHAN_XY_2M,,,,,,
staging.raw_idp_2024_mesures_qualite_marche_cadre,1146,2025-10-14,,AMONT STEP KHEMISSET ,DCO,439837.0,360098.0,26191,0,GEO_ORPHAN_XY_2M,,,,,,
staging.raw_idp_2024_mesures_qualite_marche_cadre,1147,2025-10-14,,AMONT STEP KHEMISSET ,DBO5,439837.0,360098.0,26191,0,GEO_ORPHAN_XY_2M,,,,,,
staging.raw_idp_2024_mesures_qualite_marche_cadre,1148,2025-10-14,,AMONT STEP KHEMISSET ,NTK Titri,439837.0,360098.0,26191,0,GEO_ORPHAN_XY_2M,,,,,,
staging.raw_idp_2024_mesures_qualite_marche_cadre,1149,2025-10-14,,AMONT STEP KHEMISSET ,NTK Spectr,439837.0,360098.0,26191,0,GEO_ORPHAN_XY_2M,,,,,,
staging.raw_idp_2024_mesures_qualite_marche_cadre,1150,2025-10-14,,AMONT STEP KHEMISSET ,NH4+ Spect,439837.0,360098.0,26191,0,GEO_ORPHAN_XY_2M,,,,,,
staging.raw_idp_2024_mesures_qualite_marche_cadre,1151,2025-10-14,,AMONT STEP KHEMISSET ,NH4+ ,439837.0,360098.0,26191,0,GEO_ORPHAN_XY_2M,,,,,,
staging.raw_idp_2024_mesures_qualite_marche_cadre,1152,2025-10-14,,AMONT STEP KHEMISSET ,PT,439837.0,360098.0,26191,0,GEO_ORPHAN_XY_2M,,,,,,
staging.raw_idp_2024_mesures_qualite_marche_cadre,1153,2025-10-14,,AMONT STEP KHEMISSET ,PO43-,439837.0,360098.0,26191,0,GEO_ORPHAN_XY_2M,,,,,,
staging.raw_idp_2024_mesures_qualite_marche_cadre,1154,2025-10-14,,AMONT STEP KHEMISSET ,MEST Filtr,439837.0,360098.0,26191,0,GEO_ORPHAN_XY_2M,,,,,,
staging.raw_idp_2024_mesures_qualite_marche_cadre,1155,2025-10-14,,AMONT STEP KHEMISSET ,"Huiles
Graisses (H G T)",439837.0,360098.0,26191,0,GEO_ORPHAN_XY_2M,,,,,,
staging.raw_idp_2024_mesures_qualite_marche_cadre,1156,2025-10-14,,AMONT STEP KHEMISSET ,"indice de phénol M:A
",439837.0,360098.0,26191,0,GEO_ORPHAN_XY_2M,,,,,,
staging.raw_idp_2024_mesures_qualite_marche_cadre,1157,2025-10-14,,AMONT STEP KHEMISSET ,NO2- _Spectro.,439837.0,360098.0,26191,0,GEO_ORPHAN_XY_2M,,,,,,
staging.raw_idp_2024_mesures_qualite_marche_cadre,1158,2025-10-14,,AMONT STEP KHEMISSET ,NO3-_Spectro,439837.0,360098.0,26191,0,GEO_ORPHAN_XY_2M,,,,,,
staging.raw_idp_2024_mesures_qualite_marche_cadre,1159,2025-10-14,,AMONT STEP KHEMISSET ,TAC/TACs_meq/l,439837.0,360098.0,26191,0,GEO_ORPHAN_XY_2M,,,,,,
staging.raw_idp_2024_mesures_qualite_marche_cadre,1160,2025-10-14,,AMONT STEP KHEMISSET ,TAC/TACs_°F,439837.0,360098.0,26191,0,GEO_ORPHAN_XY_2M,,,,,,
staging.raw_idp_2024_mesures_qualite_marche_cadre,1161,2025-10-14,,AMONT STEP KHEMISSET ,TA/Tas_meq/l,439837.0,360098.0,26191,0,GEO_ORPHAN_XY_2M,,,,,,
staging.raw_idp_2024_mesures_qualite_marche_cadre,1162,2025-10-14,,AMONT STEP KHEMISSET ,TA/Tas_°F,439837.0,360098.0,26191,0,GEO_ORPHAN_XY_2M,,,,,,
staging.raw_idp_2024_mesures_qualite_marche_cadre,1163,2025-10-14,,AMONT STEP KHEMISSET ,HCO3,439837.0,360098.0,26191,0,GEO_ORPHAN_XY_2M,,,,,,
staging.raw_idp_2024_mesures_qualite_marche_cadre,1164,2025-10-14,,AMONT STEP KHEMISSET ,CO3,439837.0,360098.0,26191,0,GEO_ORPHAN_XY_2M,,,,,,
staging.raw_idp_2024_mesures_qualite_marche_cadre,1165,2025-10-14,,AMONT STEP KHEMISSET ,OH-,439837.0,360098.0,26191,0,GEO_ORPHAN_XY_2M,,,,,,
staging.raw_idp_2024_mesures_qualite_marche_cadre,1166,2025-10-14,,AMONT STEP KHEMISSET ,Cl-_IC,439837.0,360098.0,26191,0,GEO_ORPHAN_XY_2M,,,,,,
staging.raw_idp_2024_mesures_qualite_marche_cadre,1167,2025-10-14,,AMONT STEP KHEMISSET ,SO42-_IC,439837.0,360098.0,26191,0,GEO_ORPHAN_XY_2M,,,,,,
staging.raw_idp_2024_mesures_qualite_marche_cadre,1168,2025-10-14,,AMONT STEP KHEMISSET ,"somme
anions_meq/l",439837.0,360098.0,26191,0,GEO_ORPHAN_XY_2M,,,,,,
staging.raw_idp_2024_mesures_qualite_marche_cadre,1169,2025-10-14,,AMONT STEP KHEMISSET ,"somme
anions_mg/l",439837.0,360098.0,26191,0,GEO_ORPHAN_XY_2M,,,,,,
staging.raw_idp_2024_mesures_qualite_marche_cadre,1170,2025-10-14,,AMONT STEP KHEMISSET ,Ca++,439837.0,360098.0,26191,0,GEO_ORPHAN_XY_2M,,,,,,
staging.raw_idp_2024_mesures_qualite_marche_cadre,1171,2025-10-14,,AMONT STEP KHEMISSET ,Mg++,439837.0,360098.0,26191,0,GEO_ORPHAN_XY_2M,,,,,,
staging.raw_idp_2024_mesures_qualite_marche_cadre,1172,2025-10-14,,AMONT STEP KHEMISSET ,TH,439837.0,360098.0,26191,0,GEO_ORPHAN_XY_2M,,,,,,
staging.raw_idp_2024_mesures_qualite_marche_cadre,1173,2025-10-14,,AMONT STEP KHEMISSET ,NH4+ 2,439837.0,360098.0,26191,0,GEO_ORPHAN_XY_2M,,,,,,
staging.raw_idp_2024_mesures_qualite_marche_cadre,1174,2025-10-14,,AMONT STEP KHEMISSET ,Na+,439837.0,360098.0,26191,0,GEO_ORPHAN_XY_2M,,,,,,
staging.raw_idp_2024_mesures_qualite_marche_cadre,1175,2025-10-14,,AMONT STEP KHEMISSET ,K+,439837.0,360098.0,26191,0,GEO_ORPHAN_XY_2M,,,,,,
staging.raw_idp_2024_mesures_qualite_marche_cadre,1176,2025-10-14,,AMONT STEP KHEMISSET ,"Somme
cations_meq/l",439837.0,360098.0,26191,0,GEO_ORPHAN_XY_2M,,,,,,
staging.raw_idp_2024_mesures_qualite_marche_cadre,1177,2025-10-14,,AMONT STEP KHEMISSET ,"Somme
cations_mg/l",439837.0,360098.0,26191,0,GEO_ORPHAN_XY_2M,,,,,,
staging.raw_idp_2024_mesures_qualite_marche_cadre,1178,2025-10-14,,AMONT STEP KHEMISSET ,Bilan_Ionique,439837.0,360098.0,26191,0,GEO_ORPHAN_XY_2M,,,,,,
staging.raw_idp_2024_mesures_qualite_marche_cadre,1179,2025-10-14,,AMONT STEP KHEMISSET ,Na+3,439837.0,360098.0,26191,0,GEO_ORPHAN_XY_2M,,,,,,
staging.raw_idp_2024_mesures_qualite_marche_cadre,1180,2025-10-14,,AMONT STEP KHEMISSET ,K+4,439837.0,360098.0,26191,0,GEO_ORPHAN_XY_2M,,,,,,
staging.raw_idp_2024_mesures_qualite_marche_cadre,1181,2025-10-14,,AMONT STEP KHEMISSET ,Fe,439837.0,360098.0,26191,0,GEO_ORPHAN_XY_2M,,,,,,
staging.raw_idp_2024_mesures_qualite_marche_cadre,1182,2025-10-14,,AMONT STEP KHEMISSET ,CT,439837.0,360098.0,26191,0,GEO_ORPHAN_XY_2M,,,,,,
staging.raw_idp_2024_mesures_qualite_marche_cadre,1183,2025-10-14,,AMONT STEP KHEMISSET ,CF,439837.0,360098.0,26191,0,GEO_ORPHAN_XY_2M,,,,,,
staging.raw_idp_2024_mesures_qualite_marche_cadre,1184,2025-10-14,,AMONT STEP KHEMISSET ,SF,439837.0,360098.0,26191,0,GEO_ORPHAN_XY_2M,,,,,,
staging.raw_idp_2024_mesures_qualite_marche_cadre,1185,2025-10-14,,AVAL STEP KHEMISSET ,DCO,440195.0,360614.0,26191,0,GEO_ORPHAN_XY_2M,,,,,,
staging.raw_idp_2024_mesures_qualite_marche_cadre,1186,2025-10-14,,AVAL STEP KHEMISSET ,DBO5,440195.0,360614.0,26191,0,GEO_ORPHAN_XY_2M,,,,,,
staging.raw_idp_2024_mesures_qualite_marche_cadre,1187,2025-10-14,,AVAL STEP KHEMISSET ,NTK Titri,440195.0,360614.0,26191,0,GEO_ORPHAN_XY_2M,,,,,,
staging.raw_idp_2024_mesures_qualite_marche_cadre,1188,2025-10-14,,AVAL STEP KHEMISSET ,NTK Spectr,440195.0,360614.0,26191,0,GEO_ORPHAN_XY_2M,,,,,,
staging.raw_idp_2024_mesures_qualite_marche_cadre,1189,2025-10-14,,AVAL STEP KHEMISSET ,NH4+ Spect,440195.0,360614.0,26191,0,GEO_ORPHAN_XY_2M,,,,,,
staging.raw_idp_2024_mesures_qualite_marche_cadre,1190,2025-10-14,,AVAL STEP KHEMISSET ,NH4+ ,440195.0,360614.0,26191,0,GEO_ORPHAN_XY_2M,,,,,,
staging.raw_idp_2024_mesures_qualite_marche_cadre,1191,2025-10-14,,AVAL STEP KHEMISSET ,PT,440195.0,360614.0,26191,0,GEO_ORPHAN_XY_2M,,,,,,
staging.raw_idp_2024_mesures_qualite_marche_cadre,1192,2025-10-14,,AVAL STEP KHEMISSET ,PO43-,440195.0,360614.0,26191,0,GEO_ORPHAN_XY_2M,,,,,,
staging.raw_idp_2024_mesures_qualite_marche_cadre,1193,2025-10-14,,AVAL STEP KHEMISSET ,MEST Filtr,440195.0,360614.0,26191,0,GEO_ORPHAN_XY_2M,,,,,,
staging.raw_idp_2024_mesures_qualite_marche_cadre,1194,2025-10-14,,AVAL STEP KHEMISSET ,"Huiles
Graisses (H G T)",440195.0,360614.0,26191,0,GEO_ORPHAN_XY_2M,,,,,,
staging.raw_idp_2024_mesures_qualite_marche_cadre,1195,2025-10-14,,AVAL STEP KHEMISSET ,"indice de phénol M:A
",440195.0,360614.0,26191,0,GEO_ORPHAN_XY_2M,,,,,,
staging.raw_idp_2024_mesures_qualite_marche_cadre,1196,2025-10-14,,AVAL STEP KHEMISSET ,NO2- _Spectro.,440195.0,360614.0,26191,0,GEO_ORPHAN_XY_2M,,,,,,
staging.raw_idp_2024_mesures_qualite_marche_cadre,1197,2025-10-14,,AVAL STEP KHEMISSET ,NO3-_Spectro,440195.0,360614.0,26191,0,GEO_ORPHAN_XY_2M,,,,,,
staging.raw_idp_2024_mesures_qualite_marche_cadre,1198,2025-10-14,,AVAL STEP KHEMISSET ,TAC/TACs_meq/l,440195.0,360614.0,26191,0,GEO_ORPHAN_XY_2M,,,,,,
staging.raw_idp_2024_mesures_qualite_marche_cadre,1199,2025-10-14,,AVAL STEP KHEMISSET ,TAC/TACs_°F,440195.0,360614.0,26191,0,GEO_ORPHAN_XY_2M,,,,,,
staging.raw_idp_2024_mesures_qualite_marche_cadre,1200,2025-10-14,,AVAL STEP KHEMISSET ,TA/Tas_meq/l,440195.0,360614.0,26191,0,GEO_ORPHAN_XY_2M,,,,,,
staging.raw_idp_2024_mesures_qualite_marche_cadre,1201,2025-10-14,,AVAL STEP KHEMISSET ,TA/Tas_°F,440195.0,360614.0,26191,0,GEO_ORPHAN_XY_2M,,,,,,
staging.raw_idp_2024_mesures_qualite_marche_cadre,1202,2025-10-14,,AVAL STEP KHEMISSET ,HCO3,440195.0,360614.0,26191,0,GEO_ORPHAN_XY_2M,,,,,,
staging.raw_idp_2024_mesures_qualite_marche_cadre,1203,2025-10-14,,AVAL STEP KHEMISSET ,CO3,440195.0,360614.0,26191,0,GEO_ORPHAN_XY_2M,,,,,,
staging.raw_idp_2024_mesures_qualite_marche_cadre,1204,2025-10-14,,AVAL STEP KHEMISSET ,OH-,440195.0,360614.0,26191,0,GEO_ORPHAN_XY_2M,,,,,,
staging.raw_idp_2024_mesures_qualite_marche_cadre,1205,2025-10-14,,AVAL STEP KHEMISSET ,Cl-_IC,440195.0,360614.0,26191,0,GEO_ORPHAN_XY_2M,,,,,,
staging.raw_idp_2024_mesures_qualite_marche_cadre,1206,2025-10-14,,AVAL STEP KHEMISSET ,SO42-_IC,440195.0,360614.0,26191,0,GEO_ORPHAN_XY_2M,,,,,,
staging.raw_idp_2024_mesures_qualite_marche_cadre,1207,2025-10-14,,AVAL STEP KHEMISSET ,"somme
anions_meq/l",440195.0,360614.0,26191,0,GEO_ORPHAN_XY_2M,,,,,,
staging.raw_idp_2024_mesures_qualite_marche_cadre,1208,2025-10-14,,AVAL STEP KHEMISSET ,"somme
anions_mg/l",440195.0,360614.0,26191,0,GEO_ORPHAN_XY_2M,,,,,,
staging.raw_idp_2024_mesures_qualite_marche_cadre,1209,2025-10-14,,AVAL STEP KHEMISSET ,Ca++,440195.0,360614.0,26191,0,GEO_ORPHAN_XY_2M,,,,,,
staging.raw_idp_2024_mesures_qualite_marche_cadre,1210,2025-10-14,,AVAL STEP KHEMISSET ,Mg++,440195.0,360614.0,26191,0,GEO_ORPHAN_XY_2M,,,,,,
staging.raw_idp_2024_mesures_qualite_marche_cadre,1211,2025-10-14,,AVAL STEP KHEMISSET ,TH,440195.0,360614.0,26191,0,GEO_ORPHAN_XY_2M,,,,,,
staging.raw_idp_2024_mesures_qualite_marche_cadre,1212,2025-10-14,,AVAL STEP KHEMISSET ,NH4+ 2,440195.0,360614.0,26191,0,GEO_ORPHAN_XY_2M,,,,,,
staging.raw_idp_2024_mesures_qualite_marche_cadre,1213,2025-10-14,,AVAL STEP KHEMISSET ,Na+,440195.0,360614.0,26191,0,GEO_ORPHAN_XY_2M,,,,,,
staging.raw_idp_2024_mesures_qualite_marche_cadre,1214,2025-10-14,,AVAL STEP KHEMISSET ,K+,440195.0,360614.0,26191,0,GEO_ORPHAN_XY_2M,,,,,,
staging.raw_idp_2024_mesures_qualite_marche_cadre,1215,2025-10-14,,AVAL STEP KHEMISSET ,"Somme
cations_meq/l",440195.0,360614.0,26191,0,GEO_ORPHAN_XY_2M,,,,,,
staging.raw_idp_2024_mesures_qualite_marche_cadre,1216,2025-10-14,,AVAL STEP KHEMISSET ,"Somme
cations_mg/l",440195.0,360614.0,26191,0,GEO_ORPHAN_XY_2M,,,,,,
staging.raw_idp_2024_mesures_qualite_marche_cadre,1217,2025-10-14,,AVAL STEP KHEMISSET ,Bilan_Ionique,440195.0,360614.0,26191,0,GEO_ORPHAN_XY_2M,,,,,,
staging.raw_idp_2024_mesures_qualite_marche_cadre,1218,2025-10-14,,AVAL STEP KHEMISSET ,Na+3,440195.0,360614.0,26191,0,GEO_ORPHAN_XY_2M,,,,,,
staging.raw_idp_2024_mesures_qualite_marche_cadre,1219,2025-10-14,,AVAL STEP KHEMISSET ,K+4,440195.0,360614.0,26191,0,GEO_ORPHAN_XY_2M,,,,,,
staging.raw_idp_2024_mesures_qualite_marche_cadre,1220,2025-10-14,,AVAL STEP KHEMISSET ,Fe,440195.0,360614.0,26191,0,GEO_ORPHAN_XY_2M,,,,,,
staging.raw_idp_2024_mesures_qualite_marche_cadre,1221,2025-10-14,,AVAL STEP KHEMISSET ,CT,440195.0,360614.0,26191,0,GEO_ORPHAN_XY_2M,,,,,,
staging.raw_idp_2024_mesures_qualite_marche_cadre,1222,2025-10-14,,AVAL STEP KHEMISSET ,CF,440195.0,360614.0,26191,0,GEO_ORPHAN_XY_2M,,,,,,
staging.raw_idp_2024_mesures_qualite_marche_cadre,1223,2025-10-14,,AVAL STEP KHEMISSET ,SF,440195.0,360614.0,26191,0,GEO_ORPHAN_XY_2M,,,,,,
staging.raw_idp_2024_mesures_qualite_marche_cadre,1260,2025-10-15,,FORAGE BARRAGE DE GARDE,IP,406932.0,432666.0,26191,0,GEO_ORPHAN_XY_2M,,,,,,
staging.raw_idp_2024_mesures_qualite_marche_cadre,1261,2025-10-15,,FORAGE BARRAGE DE GARDE,NH4+ Spect,406932.0,432666.0,26191,0,GEO_ORPHAN_XY_2M,,,,,,
staging.raw_idp_2024_mesures_qualite_marche_cadre,1262,2025-10-15,,FORAGE BARRAGE DE GARDE,NH4+ ,406932.0,432666.0,26191,0,GEO_ORPHAN_XY_2M,,,,,,
staging.raw_idp_2024_mesures_qualite_marche_cadre,1263,2025-10-15,,FORAGE BARRAGE DE GARDE,"RS 
mesuré_à 105 °C",406932.0,432666.0,26191,0,GEO_ORPHAN_XY_2M,,,,,,
staging.raw_idp_2024_mesures_qualite_marche_cadre,1264,2025-10-15,,FORAGE BARRAGE DE GARDE,NO2- _Spectro.,406932.0,432666.0,26191,0,GEO_ORPHAN_XY_2M,,,,,,
staging.raw_idp_2024_mesures_qualite_marche_cadre,1265,2025-10-15,,FORAGE BARRAGE DE GARDE,NO3-_Spectro,406932.0,432666.0,26191,0,GEO_ORPHAN_XY_2M,,,,,,
staging.raw_idp_2024_mesures_qualite_marche_cadre,1266,2025-10-15,,FORAGE BARRAGE DE GARDE,TAC/TACs_meq/l,406932.0,432666.0,26191,0,GEO_ORPHAN_XY_2M,,,,,,
staging.raw_idp_2024_mesures_qualite_marche_cadre,1267,2025-10-15,,FORAGE BARRAGE DE GARDE,TAC/TACs_°F,406932.0,432666.0,26191,0,GEO_ORPHAN_XY_2M,,,,,,
staging.raw_idp_2024_mesures_qualite_marche_cadre,1268,2025-10-15,,FORAGE BARRAGE DE GARDE,TA/Tas_meq/l,406932.0,432666.0,26191,0,GEO_ORPHAN_XY_2M,,,,,,
staging.raw_idp_2024_mesures_qualite_marche_cadre,1269,2025-10-15,,FORAGE BARRAGE DE GARDE,TA/Tas_°F,406932.0,432666.0,26191,0,GEO_ORPHAN_XY_2M,,,,,,
staging.raw_idp_2024_mesures_qualite_marche_cadre,1270,2025-10-15,,FORAGE BARRAGE DE GARDE,HCO3,406932.0,432666.0,26191,0,GEO_ORPHAN_XY_2M,,,,,,
staging.raw_idp_2024_mesures_qualite_marche_cadre,1271,2025-10-15,,FORAGE BARRAGE DE GARDE,CO3,406932.0,432666.0,26191,0,GEO_ORPHAN_XY_2M,,,,,,
staging.raw_idp_2024_mesures_qualite_marche_cadre,1272,2025-10-15,,FORAGE BARRAGE DE GARDE,OH-,406932.0,432666.0,26191,0,GEO_ORPHAN_XY_2M,,,,,,
staging.raw_idp_2024_mesures_qualite_marche_cadre,1273,2025-10-15,,FORAGE BARRAGE DE GARDE,Cl-_IC,406932.0,432666.0,26191,0,GEO_ORPHAN_XY_2M,,,,,,
staging.raw_idp_2024_mesures_qualite_marche_cadre,1274,2025-10-15,,FORAGE BARRAGE DE GARDE,SO42-_IC,406932.0,432666.0,26191,0,GEO_ORPHAN_XY_2M,,,,,,
staging.raw_idp_2024_mesures_qualite_marche_cadre,1275,2025-10-15,,FORAGE BARRAGE DE GARDE,"somme
anions_meq/l",406932.0,432666.0,26191,0,GEO_ORPHAN_XY_2M,,,,,,
staging.raw_idp_2024_mesures_qualite_marche_cadre,1276,2025-10-15,,FORAGE BARRAGE DE GARDE,"somme
anions_mg/l",406932.0,432666.0,26191,0,GEO_ORPHAN_XY_2M,,,,,,
staging.raw_idp_2024_mesures_qualite_marche_cadre,1277,2025-10-15,,FORAGE BARRAGE DE GARDE,Ca++,406932.0,432666.0,26191,0,GEO_ORPHAN_XY_2M,,,,,,
staging.raw_idp_2024_mesures_qualite_marche_cadre,1278,2025-10-15,,FORAGE BARRAGE DE GARDE,Mg++,406932.0,432666.0,26191,0,GEO_ORPHAN_XY_2M,,,,,,
staging.raw_idp_2024_mesures_qualite_marche_cadre,1279,2025-10-15,,FORAGE BARRAGE DE GARDE,TH,406932.0,432666.0,26191,0,GEO_ORPHAN_XY_2M,,,,,,
staging.raw_idp_2024_mesures_qualite_marche_cadre,1280,2025-10-15,,FORAGE BARRAGE DE GARDE,Na+,406932.0,432666.0,26191,0,GEO_ORPHAN_XY_2M,,,,,,
staging.raw_idp_2024_mesures_qualite_marche_cadre,1281,2025-10-15,,FORAGE BARRAGE DE GARDE,K+,406932.0,432666.0,26191,0,GEO_ORPHAN_XY_2M,,,,,,
staging.raw_idp_2024_mesures_qualite_marche_cadre,1282,2025-10-15,,FORAGE BARRAGE DE GARDE,"Somme
cations_meq/l",406932.0,432666.0,26191,0,GEO_ORPHAN_XY_2M,,,,,,
staging.raw_idp_2024_mesures_qualite_marche_cadre,1283,2025-10-15,,FORAGE BARRAGE DE GARDE,"Somme
cations_mg/l",406932.0,432666.0,26191,0,GEO_ORPHAN_XY_2M,,,,,,
staging.raw_idp_2024_mesures_qualite_marche_cadre,1284,2025-10-15,,FORAGE BARRAGE DE GARDE,Bilan_Ionique,406932.0,432666.0,26191,0,GEO_ORPHAN_XY_2M,,,,,,
staging.raw_idp_2024_mesures_qualite_marche_cadre,1285,2025-10-15,,FORAGE BARRAGE DE GARDE,Na+3,406932.0,432666.0,26191,0,GEO_ORPHAN_XY_2M,,,,,,
staging.raw_idp_2024_mesures_qualite_marche_cadre,1286,2025-10-15,,FORAGE BARRAGE DE GARDE,K+4,406932.0,432666.0,26191,0,GEO_ORPHAN_XY_2M,,,,,,
staging.raw_idp_2024_mesures_qualite_marche_cadre,1287,2025-10-15,,FORAGE BARRAGE DE GARDE,Fe,406932.0,432666.0,26191,0,GEO_ORPHAN_XY_2M,,,,,,
staging.raw_idp_2024_mesures_qualite_marche_cadre,1288,2025-10-15,,FORAGE BARRAGE DE GARDE,Mn5,406932.0,432666.0,26191,0,GEO_ORPHAN_XY_2M,,,,,,
staging.raw_idp_2024_mesures_qualite_marche_cadre,1289,2025-10-15,,FORAGE BARRAGE DE GARDE,CT,406932.0,432666.0,26191,0,GEO_ORPHAN_XY_2M,,,,,,
staging.raw_idp_2024_mesures_qualite_marche_cadre,1290,2025-10-15,,FORAGE BARRAGE DE GARDE,CF,406932.0,432666.0,26191,0,GEO_ORPHAN_XY_2M,,,,,,
staging.raw_idp_2024_mesures_qualite_marche_cadre,1291,2025-10-15,,FORAGE BARRAGE DE GARDE,SF,406932.0,432666.0,26191,0,GEO_ORPHAN_XY_2M,,,,,,
staging.raw_idp_2024_mesures_qualite_marche_cadre,1292,2025-10-15,,AMONT BARRAGE DE GARDE,DCO,411255.0,436360.0,26191,0,GEO_ORPHAN_XY_2M,,,,,,
staging.raw_idp_2024_mesures_qualite_marche_cadre,1293,2025-10-15,,AMONT BARRAGE DE GARDE,DBO5,411255.0,436360.0,26191,0,GEO_ORPHAN_XY_2M,,,,,,
staging.raw_idp_2024_mesures_qualite_marche_cadre,1294,2025-10-15,,AMONT BARRAGE DE GARDE,NTK Spectr,411255.0,436360.0,26191,0,GEO_ORPHAN_XY_2M,,,,,,
staging.raw_idp_2024_mesures_qualite_marche_cadre,1295,2025-10-15,,AMONT BARRAGE DE GARDE,NH4+ Spect,411255.0,436360.0,26191,0,GEO_ORPHAN_XY_2M,,,,,,
staging.raw_idp_2024_mesures_qualite_marche_cadre,1296,2025-10-15,,AMONT BARRAGE DE GARDE,NH4+ ,411255.0,436360.0,26191,0,GEO_ORPHAN_XY_2M,,,,,,
staging.raw_idp_2024_mesures_qualite_marche_cadre,1297,2025-10-15,,AMONT BARRAGE DE GARDE,PT,411255.0,436360.0,26191,0,GEO_ORPHAN_XY_2M,,,,,,
staging.raw_idp_2024_mesures_qualite_marche_cadre,1298,2025-10-15,,AMONT BARRAGE DE GARDE,PO43-,411255.0,436360.0,26191,0,GEO_ORPHAN_XY_2M,,,,,,
staging.raw_idp_2024_mesures_qualite_marche_cadre,1299,2025-10-15,,AMONT BARRAGE DE GARDE,MEST Filtr,411255.0,436360.0,26191,0,GEO_ORPHAN_XY_2M,,,,,,
staging.raw_idp_2024_mesures_qualite_marche_cadre,1300,2025-10-15,,AMONT BARRAGE DE GARDE,NO2- _Spectro.,411255.0,436360.0,26191,0,GEO_ORPHAN_XY_2M,,,,,,
staging.raw_idp_2024_mesures_qualite_marche_cadre,1301,2025-10-15,,AMONT BARRAGE DE GARDE,NO3-_Spectro,411255.0,436360.0,26191,0,GEO_ORPHAN_XY_2M,,,,,,
staging.raw_idp_2024_mesures_qualite_marche_cadre,1302,2025-10-15,,AMONT BARRAGE DE GARDE,TAC/TACs_meq/l,411255.0,436360.0,26191,0,GEO_ORPHAN_XY_2M,,,,,,
staging.raw_idp_2024_mesures_qualite_marche_cadre,1303,2025-10-15,,AMONT BARRAGE DE GARDE,TAC/TACs_°F,411255.0,436360.0,26191,0,GEO_ORPHAN_XY_2M,,,,,,
staging.raw_idp_2024_mesures_qualite_marche_cadre,1304,2025-10-15,,AMONT BARRAGE DE GARDE,TA/Tas_meq/l,411255.0,436360.0,26191,0,GEO_ORPHAN_XY_2M,,,,,,
staging.raw_idp_2024_mesures_qualite_marche_cadre,1305,2025-10-15,,AMONT BARRAGE DE GARDE,TA/Tas_°F,411255.0,436360.0,26191,0,GEO_ORPHAN_XY_2M,,,,,,
staging.raw_idp_2024_mesures_qualite_marche_cadre,1306,2025-10-15,,AMONT BARRAGE DE GARDE,HCO3,411255.0,436360.0,26191,0,GEO_ORPHAN_XY_2M,,,,,,
staging.raw_idp_2024_mesures_qualite_marche_cadre,1307,2025-10-15,,AMONT BARRAGE DE GARDE,CO3,411255.0,436360.0,26191,0,GEO_ORPHAN_XY_2M,,,,,,
staging.raw_idp_2024_mesures_qualite_marche_cadre,1308,2025-10-15,,AMONT BARRAGE DE GARDE,OH-,411255.0,436360.0,26191,0,GEO_ORPHAN_XY_2M,,,,,,
staging.raw_idp_2024_mesures_qualite_marche_cadre,1309,2025-10-15,,AMONT BARRAGE DE GARDE,Cl-_IC,411255.0,436360.0,26191,0,GEO_ORPHAN_XY_2M,,,,,,
staging.raw_idp_2024_mesures_qualite_marche_cadre,1310,2025-10-15,,AMONT BARRAGE DE GARDE,SO42-_IC,411255.0,436360.0,26191,0,GEO_ORPHAN_XY_2M,,,,,,
staging.raw_idp_2024_mesures_qualite_marche_cadre,1311,2025-10-15,,AMONT BARRAGE DE GARDE,"somme
anions_meq/l",411255.0,436360.0,26191,0,GEO_ORPHAN_XY_2M,,,,,,
staging.raw_idp_2024_mesures_qualite_marche_cadre,1312,2025-10-15,,AMONT BARRAGE DE GARDE,"somme
anions_mg/l",411255.0,436360.0,26191,0,GEO_ORPHAN_XY_2M,,,,,,
staging.raw_idp_2024_mesures_qualite_marche_cadre,1313,2025-10-15,,AMONT BARRAGE DE GARDE,Ca++,411255.0,436360.0,26191,0,GEO_ORPHAN_XY_2M,,,,,,
staging.raw_idp_2024_mesures_qualite_marche_cadre,1314,2025-10-15,,AMONT BARRAGE DE GARDE,Mg++,411255.0,436360.0,26191,0,GEO_ORPHAN_XY_2M,,,,,,
staging.raw_idp_2024_mesures_qualite_marche_cadre,1315,2025-10-15,,AMONT BARRAGE DE GARDE,TH,411255.0,436360.0,26191,0,GEO_ORPHAN_XY_2M,,,,,,
staging.raw_idp_2024_mesures_qualite_marche_cadre,1316,2025-10-15,,AMONT BARRAGE DE GARDE,Na+,411255.0,436360.0,26191,0,GEO_ORPHAN_XY_2M,,,,,,
staging.raw_idp_2024_mesures_qualite_marche_cadre,1317,2025-10-15,,AMONT BARRAGE DE GARDE,K+,411255.0,436360.0,26191,0,GEO_ORPHAN_XY_2M,,,,,,
staging.raw_idp_2024_mesures_qualite_marche_cadre,1318,2025-10-15,,AMONT BARRAGE DE GARDE,"Somme
cations_meq/l",411255.0,436360.0,26191,0,GEO_ORPHAN_XY_2M,,,,,,
staging.raw_idp_2024_mesures_qualite_marche_cadre,1319,2025-10-15,,AMONT BARRAGE DE GARDE,"Somme
cations_mg/l",411255.0,436360.0,26191,0,GEO_ORPHAN_XY_2M,,,,,,
staging.raw_idp_2024_mesures_qualite_marche_cadre,1320,2025-10-15,,AMONT BARRAGE DE GARDE,Bilan_Ionique,411255.0,436360.0,26191,0,GEO_ORPHAN_XY_2M,,,,,,
staging.raw_idp_2024_mesures_qualite_marche_cadre,1321,2025-10-15,,AMONT BARRAGE DE GARDE,Na+3,411255.0,436360.0,26191,0,GEO_ORPHAN_XY_2M,,,,,,
staging.raw_idp_2024_mesures_qualite_marche_cadre,1322,2025-10-15,,AMONT BARRAGE DE GARDE,K+4,411255.0,436360.0,26191,0,GEO_ORPHAN_XY_2M,,,,,,
staging.raw_idp_2024_mesures_qualite_marche_cadre,1323,2025-10-15,,AMONT BARRAGE DE GARDE,Fe,411255.0,436360.0,26191,0,GEO_ORPHAN_XY_2M,,,,,,
staging.raw_idp_2024_mesures_qualite_marche_cadre,1324,2025-10-15,,AMONT BARRAGE DE GARDE,Arsenic,411255.0,436360.0,26191,0,GEO_ORPHAN_XY_2M,,,,,,
staging.raw_idp_2024_mesures_qualite_marche_cadre,1325,2025-10-15,,AMONT BARRAGE DE GARDE,Cadmium,411255.0,436360.0,26191,0,GEO_ORPHAN_XY_2M,,,,,,
staging.raw_idp_2024_mesures_qualite_marche_cadre,1326,2025-10-15,,AMONT BARRAGE DE GARDE,Cobalt,411255.0,436360.0,26191,0,GEO_ORPHAN_XY_2M,,,,,,
staging.raw_idp_2024_mesures_qualite_marche_cadre,1327,2025-10-15,,AMONT BARRAGE DE GARDE,Chrome,411255.0,436360.0,26191,0,GEO_ORPHAN_XY_2M,,,,,,
staging.raw_idp_2024_mesures_qualite_marche_cadre,1328,2025-10-15,,AMONT BARRAGE DE GARDE,Cuivre,411255.0,436360.0,26191,0,GEO_ORPHAN_XY_2M,,,,,,
staging.raw_idp_2024_mesures_qualite_marche_cadre,1329,2025-10-15,,AMONT BARRAGE DE GARDE,Fer,411255.0,436360.0,26191,0,GEO_ORPHAN_XY_2M,,,,,,
staging.raw_idp_2024_mesures_qualite_marche_cadre,1330,2025-10-15,,AMONT BARRAGE DE GARDE,Nickel,411255.0,436360.0,26191,0,GEO_ORPHAN_XY_2M,,,,,,
staging.raw_idp_2024_mesures_qualite_marche_cadre,1331,2025-10-15,,AMONT BARRAGE DE GARDE,Plomb,411255.0,436360.0,26191,0,GEO_ORPHAN_XY_2M,,,,,,
staging.raw_idp_2024_mesures_qualite_marche_cadre,1332,2025-10-15,,AMONT BARRAGE DE GARDE,Sélénium,411255.0,436360.0,26191,0,GEO_ORPHAN_XY_2M,,,,,,
staging.raw_idp_2024_mesures_qualite_marche_cadre,1333,2025-10-15,,AMONT BARRAGE DE GARDE,Zinc,411255.0,436360.0,26191,0,GEO_ORPHAN_XY_2M,,,,,,
staging.raw_idp_2024_mesures_qualite_marche_cadre,1334,2025-10-15,,AMONT BARRAGE DE GARDE,Mercure,411255.0,436360.0,26191,0,GEO_ORPHAN_XY_2M,,,,,,
staging.raw_idp_2024_mesures_qualite_marche_cadre,1335,2025-10-15,,AMONT BARRAGE DE GARDE,CT,411255.0,436360.0,26191,0,GEO_ORPHAN_XY_2M,,,,,,
staging.raw_idp_2024_mesures_qualite_marche_cadre,1336,2025-10-15,,AMONT BARRAGE DE GARDE,CF,411255.0,436360.0,26191,0,GEO_ORPHAN_XY_2M,,,,,,
staging.raw_idp_2024_mesures_qualite_marche_cadre,1337,2025-10-15,,AMONT BARRAGE DE GARDE,SF,411255.0,436360.0,26191,0,GEO_ORPHAN_XY_2M,,,,,,
staging.raw_idp_2024_mesures_qualite_marche_cadre,1388,2025-10-17,,AVAL STEP KARIAT BA MOHAMED,DCO,519684.0,418218.0,26191,0,GEO_ORPHAN_XY_2M,,,,,,
staging.raw_idp_2024_mesures_qualite_marche_cadre,1389,2025-10-17,,AVAL STEP KARIAT BA MOHAMED,DBO5,519684.0,418218.0,26191,0,GEO_ORPHAN_XY_2M,,,,,,
staging.raw_idp_2024_mesures_qualite_marche_cadre,1390,2025-10-17,,AVAL STEP KARIAT BA MOHAMED,NTK Titri,519684.0,418218.0,26191,0,GEO_ORPHAN_XY_2M,,,,,,
staging.raw_idp_2024_mesures_qualite_marche_cadre,1391,2025-10-17,,AVAL STEP KARIAT BA MOHAMED,NTK Spectr,519684.0,418218.0,26191,0,GEO_ORPHAN_XY_2M,,,,,,
staging.raw_idp_2024_mesures_qualite_marche_cadre,1392,2025-10-17,,AVAL STEP KARIAT BA MOHAMED,NH4+ Spect,519684.0,418218.0,26191,0,GEO_ORPHAN_XY_2M,,,,,,
staging.raw_idp_2024_mesures_qualite_marche_cadre,1393,2025-10-17,,AVAL STEP KARIAT BA MOHAMED,NH4+ ,519684.0,418218.0,26191,0,GEO_ORPHAN_XY_2M,,,,,,
staging.raw_idp_2024_mesures_qualite_marche_cadre,1394,2025-10-17,,AVAL STEP KARIAT BA MOHAMED,PT,519684.0,418218.0,26191,0,GEO_ORPHAN_XY_2M,,,,,,
staging.raw_idp_2024_mesures_qualite_marche_cadre,1395,2025-10-17,,AVAL STEP KARIAT BA MOHAMED,PO43-,519684.0,418218.0,26191,0,GEO_ORPHAN_XY_2M,,,,,,
staging.raw_idp_2024_mesures_qualite_marche_cadre,1396,2025-10-17,,AVAL STEP KARIAT BA MOHAMED,MEST Filtr,519684.0,418218.0,26191,0,GEO_ORPHAN_XY_2M,,,,,,
staging.raw_idp_2024_mesures_qualite_marche_cadre,1397,2025-10-17,,AVAL STEP KARIAT BA MOHAMED,"Huiles
Graisses (H G T)",519684.0,418218.0,26191,0,GEO_ORPHAN_XY_2M,,,,,,
staging.raw_idp_2024_mesures_qualite_marche_cadre,1398,2025-10-17,,AVAL STEP KARIAT BA MOHAMED,"indice de phénol M:A
",519684.0,418218.0,26191,0,GEO_ORPHAN_XY_2M,,,,,,
staging.raw_idp_2024_mesures_qualite_marche_cadre,1399,2025-10-17,,AVAL STEP KARIAT BA MOHAMED,NO2- _Spectro.,519684.0,418218.0,26191,0,GEO_ORPHAN_XY_2M,,,,,,
staging.raw_idp_2024_mesures_qualite_marche_cadre,1400,2025-10-17,,AVAL STEP KARIAT BA MOHAMED,NO3-_Spectro,519684.0,418218.0,26191,0,GEO_ORPHAN_XY_2M,,,,,,
staging.raw_idp_2024_mesures_qualite_marche_cadre,1401,2025-10-17,,AVAL STEP KARIAT BA MOHAMED,TAC/TACs_meq/l,519684.0,418218.0,26191,0,GEO_ORPHAN_XY_2M,,,,,,
staging.raw_idp_2024_mesures_qualite_marche_cadre,1402,2025-10-17,,AVAL STEP KARIAT BA MOHAMED,TAC/TACs_°F,519684.0,418218.0,26191,0,GEO_ORPHAN_XY_2M,,,,,,
staging.raw_idp_2024_mesures_qualite_marche_cadre,1403,2025-10-17,,AVAL STEP KARIAT BA MOHAMED,TA/Tas_meq/l,519684.0,418218.0,26191,0,GEO_ORPHAN_XY_2M,,,,,,
staging.raw_idp_2024_mesures_qualite_marche_cadre,1404,2025-10-17,,AVAL STEP KARIAT BA MOHAMED,TA/Tas_°F,519684.0,418218.0,26191,0,GEO_ORPHAN_XY_2M,,,,,,
staging.raw_idp_2024_mesures_qualite_marche_cadre,1405,2025-10-17,,AVAL STEP KARIAT BA MOHAMED,HCO3,519684.0,418218.0,26191,0,GEO_ORPHAN_XY_2M,,,,,,
staging.raw_idp_2024_mesures_qualite_marche_cadre,1406,2025-10-17,,AVAL STEP KARIAT BA MOHAMED,CO3,519684.0,418218.0,26191,0,GEO_ORPHAN_XY_2M,,,,,,
staging.raw_idp_2024_mesures_qualite_marche_cadre,1407,2025-10-17,,AVAL STEP KARIAT BA MOHAMED,OH-,519684.0,418218.0,26191,0,GEO_ORPHAN_XY_2M,,,,,,
staging.raw_idp_2024_mesures_qualite_marche_cadre,1408,2025-10-17,,AVAL STEP KARIAT BA MOHAMED,Cl-_IC,519684.0,418218.0,26191,0,GEO_ORPHAN_XY_2M,,,,,,
staging.raw_idp_2024_mesures_qualite_marche_cadre,1409,2025-10-17,,AVAL STEP KARIAT BA MOHAMED,SO42-_IC,519684.0,418218.0,26191,0,GEO_ORPHAN_XY_2M,,,,,,
staging.raw_idp_2024_mesures_qualite_marche_cadre,1410,2025-10-17,,AVAL STEP KARIAT BA MOHAMED,"somme
anions_meq/l",519684.0,418218.0,26191,0,GEO_ORPHAN_XY_2M,,,,,,
staging.raw_idp_2024_mesures_qualite_marche_cadre,1411,2025-10-17,,AVAL STEP KARIAT BA MOHAMED,"somme
anions_mg/l",519684.0,418218.0,26191,0,GEO_ORPHAN_XY_2M,,,,,,
staging.raw_idp_2024_mesures_qualite_marche_cadre,1412,2025-10-17,,AVAL STEP KARIAT BA MOHAMED,Ca++,519684.0,418218.0,26191,0,GEO_ORPHAN_XY_2M,,,,,,
staging.raw_idp_2024_mesures_qualite_marche_cadre,1413,2025-10-17,,AVAL STEP KARIAT BA MOHAMED,Mg++,519684.0,418218.0,26191,0,GEO_ORPHAN_XY_2M,,,,,,
staging.raw_idp_2024_mesures_qualite_marche_cadre,1414,2025-10-17,,AVAL STEP KARIAT BA MOHAMED,TH,519684.0,418218.0,26191,0,GEO_ORPHAN_XY_2M,,,,,,
staging.raw_idp_2024_mesures_qualite_marche_cadre,1415,2025-10-17,,AVAL STEP KARIAT BA MOHAMED,NH4+ 2,519684.0,418218.0,26191,0,GEO_ORPHAN_XY_2M,,,,,,
staging.raw_idp_2024_mesures_qualite_marche_cadre,1416,2025-10-17,,AVAL STEP KARIAT BA MOHAMED,Na+,519684.0,418218.0,26191,0,GEO_ORPHAN_XY_2M,,,,,,
staging.raw_idp_2024_mesures_qualite_marche_cadre,1417,2025-10-17,,AVAL STEP KARIAT BA MOHAMED,K+,519684.0,418218.0,26191,0,GEO_ORPHAN_XY_2M,,,,,,
staging.raw_idp_2024_mesures_qualite_marche_cadre,1418,2025-10-17,,AVAL STEP KARIAT BA MOHAMED,"Somme
cations_meq/l",519684.0,418218.0,26191,0,GEO_ORPHAN_XY_2M,,,,,,
staging.raw_idp_2024_mesures_qualite_marche_cadre,1419,2025-10-17,,AVAL STEP KARIAT BA MOHAMED,"Somme
cations_mg/l",519684.0,418218.0,26191,0,GEO_ORPHAN_XY_2M,,,,,,
staging.raw_idp_2024_mesures_qualite_marche_cadre,1420,2025-10-17,,AVAL STEP KARIAT BA MOHAMED,Bilan_Ionique,519684.0,418218.0,26191,0,GEO_ORPHAN_XY_2M,,,,,,
staging.raw_idp_2024_mesures_qualite_marche_cadre,1421,2025-10-17,,AVAL STEP KARIAT BA MOHAMED,Na+3,519684.0,418218.0,26191,0,GEO_ORPHAN_XY_2M,,,,,,
staging.raw_idp_2024_mesures_qualite_marche_cadre,1422,2025-10-17,,AVAL STEP KARIAT BA MOHAMED,K+4,519684.0,418218.0,26191,0,GEO_ORPHAN_XY_2M,,,,,,
staging.raw_idp_2024_mesures_qualite_marche_cadre,1423,2025-10-17,,AVAL STEP KARIAT BA MOHAMED,Fe,519684.0,418218.0,26191,0,GEO_ORPHAN_XY_2M,,,,,,
staging.raw_idp_2024_mesures_qualite_marche_cadre,1424,2025-10-17,,AVAL STEP KARIAT BA MOHAMED,CT,519684.0,418218.0,26191,0,GEO_ORPHAN_XY_2M,,,,,,
staging.raw_idp_2024_mesures_qualite_marche_cadre,1425,2025-10-17,,AVAL STEP KARIAT BA MOHAMED,CF,519684.0,418218.0,26191,0,GEO_ORPHAN_XY_2M,,,,,,
staging.raw_idp_2024_mesures_qualite_marche_cadre,1426,2025-10-17,,AVAL STEP KARIAT BA MOHAMED,SF,519684.0,418218.0,26191,0,GEO_ORPHAN_XY_2M,,,,,,
staging.raw_idp_2024_mesures_qualite_marche_cadre,1510,2025-10-20,,AVAL STEP EL HAJEB,DCO,504570.0,348710.0,26191,0,GEO_ORPHAN_XY_2M,,,,,,
staging.raw_idp_2024_mesures_qualite_marche_cadre,1511,2025-10-20,,AVAL STEP EL HAJEB,DBO5,504570.0,348710.0,26191,0,GEO_ORPHAN_XY_2M,,,,,,
staging.raw_idp_2024_mesures_qualite_marche_cadre,1512,2025-10-20,,AVAL STEP EL HAJEB,NTK Titri,504570.0,348710.0,26191,0,GEO_ORPHAN_XY_2M,,,,,,
staging.raw_idp_2024_mesures_qualite_marche_cadre,1513,2025-10-20,,AVAL STEP EL HAJEB,NTK Spectr,504570.0,348710.0,26191,0,GEO_ORPHAN_XY_2M,,,,,,
staging.raw_idp_2024_mesures_qualite_marche_cadre,1514,2025-10-20,,AVAL STEP EL HAJEB,NH4+ Spect,504570.0,348710.0,26191,0,GEO_ORPHAN_XY_2M,,,,,,
staging.raw_idp_2024_mesures_qualite_marche_cadre,1515,2025-10-20,,AVAL STEP EL HAJEB,NH4+ ,504570.0,348710.0,26191,0,GEO_ORPHAN_XY_2M,,,,,,
staging.raw_idp_2024_mesures_qualite_marche_cadre,1516,2025-10-20,,AVAL STEP EL HAJEB,PT,504570.0,348710.0,26191,0,GEO_ORPHAN_XY_2M,,,,,,
staging.raw_idp_2024_mesures_qualite_marche_cadre,1517,2025-10-20,,AVAL STEP EL HAJEB,PO43-,504570.0,348710.0,26191,0,GEO_ORPHAN_XY_2M,,,,,,
staging.raw_idp_2024_mesures_qualite_marche_cadre,1518,2025-10-20,,AVAL STEP EL HAJEB,MEST Filtr,504570.0,348710.0,26191,0,GEO_ORPHAN_XY_2M,,,,,,
staging.raw_idp_2024_mesures_qualite_marche_cadre,1519,2025-10-20,,AVAL STEP EL HAJEB,"Huiles
Graisses (H G T)",504570.0,348710.0,26191,0,GEO_ORPHAN_XY_2M,,,,,,
staging.raw_idp_2024_mesures_qualite_marche_cadre,1520,2025-10-20,,AVAL STEP EL HAJEB,"indice de phénol M:A
",504570.0,348710.0,26191,0,GEO_ORPHAN_XY_2M,,,,,,
staging.raw_idp_2024_mesures_qualite_marche_cadre,1521,2025-10-20,,AVAL STEP EL HAJEB,"Cond
25°C",504570.0,348710.0,26191,0,GEO_ORPHAN_XY_2M,,,,,,
staging.raw_idp_2024_mesures_qualite_marche_cadre,1522,2025-10-20,,AVAL STEP EL HAJEB,"Cond 25°C *0,9*0,01
",504570.0,348710.0,26191,0,GEO_ORPHAN_XY_2M,,,,,,
staging.raw_idp_2024_mesures_qualite_marche_cadre,1523,2025-10-20,,AVAL STEP EL HAJEB,"Cond 25°C *1,1*0,01
",504570.0,348710.0,26191,0,GEO_ORPHAN_XY_2M,,,,,,
staging.raw_idp_2024_mesures_qualite_marche_cadre,1524,2025-10-20,,AVAL STEP EL HAJEB,NO2- _Spectro.,504570.0,348710.0,26191,0,GEO_ORPHAN_XY_2M,,,,,,
staging.raw_idp_2024_mesures_qualite_marche_cadre,1525,2025-10-20,,AVAL STEP EL HAJEB,NO3-_Spectro,504570.0,348710.0,26191,0,GEO_ORPHAN_XY_2M,,,,,,
staging.raw_idp_2024_mesures_qualite_marche_cadre,1526,2025-10-20,,AVAL STEP EL HAJEB,TAC/TACs_meq/l,504570.0,348710.0,26191,0,GEO_ORPHAN_XY_2M,,,,,,
staging.raw_idp_2024_mesures_qualite_marche_cadre,1527,2025-10-20,,AVAL STEP EL HAJEB,TAC/TACs_°F,504570.0,348710.0,26191,0,GEO_ORPHAN_XY_2M,,,,,,
staging.raw_idp_2024_mesures_qualite_marche_cadre,1528,2025-10-20,,AVAL STEP EL HAJEB,TA/Tas_meq/l,504570.0,348710.0,26191,0,GEO_ORPHAN_XY_2M,,,,,,
staging.raw_idp_2024_mesures_qualite_marche_cadre,1529,2025-10-20,,AVAL STEP EL HAJEB,TA/Tas_°F,504570.0,348710.0,26191,0,GEO_ORPHAN_XY_2M,,,,,,
staging.raw_idp_2024_mesures_qualite_marche_cadre,1530,2025-10-20,,AVAL STEP EL HAJEB,HCO3,504570.0,348710.0,26191,0,GEO_ORPHAN_XY_2M,,,,,,
staging.raw_idp_2024_mesures_qualite_marche_cadre,1531,2025-10-20,,AVAL STEP EL HAJEB,CO3,504570.0,348710.0,26191,0,GEO_ORPHAN_XY_2M,,,,,,
staging.raw_idp_2024_mesures_qualite_marche_cadre,1532,2025-10-20,,AVAL STEP EL HAJEB,OH-,504570.0,348710.0,26191,0,GEO_ORPHAN_XY_2M,,,,,,
staging.raw_idp_2024_mesures_qualite_marche_cadre,1533,2025-10-20,,AVAL STEP EL HAJEB,Cl-_IC,504570.0,348710.0,26191,0,GEO_ORPHAN_XY_2M,,,,,,
staging.raw_idp_2024_mesures_qualite_marche_cadre,1534,2025-10-20,,AVAL STEP EL HAJEB,SO42-_IC,504570.0,348710.0,26191,0,GEO_ORPHAN_XY_2M,,,,,,
staging.raw_idp_2024_mesures_qualite_marche_cadre,1535,2025-10-20,,AVAL STEP EL HAJEB,"somme
anions_meq/l",504570.0,348710.0,26191,0,GEO_ORPHAN_XY_2M,,,,,,
staging.raw_idp_2024_mesures_qualite_marche_cadre,1536,2025-10-20,,AVAL STEP EL HAJEB,"somme
anions_mg/l",504570.0,348710.0,26191,0,GEO_ORPHAN_XY_2M,,,,,,
staging.raw_idp_2024_mesures_qualite_marche_cadre,1537,2025-10-20,,AVAL STEP EL HAJEB,Ca++,504570.0,348710.0,26191,0,GEO_ORPHAN_XY_2M,,,,,,
staging.raw_idp_2024_mesures_qualite_marche_cadre,1538,2025-10-20,,AVAL STEP EL HAJEB,Mg++,504570.0,348710.0,26191,0,GEO_ORPHAN_XY_2M,,,,,,
staging.raw_idp_2024_mesures_qualite_marche_cadre,1539,2025-10-20,,AVAL STEP EL HAJEB,TH,504570.0,348710.0,26191,0,GEO_ORPHAN_XY_2M,,,,,,
staging.raw_idp_2024_mesures_qualite_marche_cadre,1540,2025-10-20,,AVAL STEP EL HAJEB,NH4+ 2,504570.0,348710.0,26191,0,GEO_ORPHAN_XY_2M,,,,,,
staging.raw_idp_2024_mesures_qualite_marche_cadre,1541,2025-10-20,,AVAL STEP EL HAJEB,Na+,504570.0,348710.0,26191,0,GEO_ORPHAN_XY_2M,,,,,,
staging.raw_idp_2024_mesures_qualite_marche_cadre,1542,2025-10-20,,AVAL STEP EL HAJEB,K+,504570.0,348710.0,26191,0,GEO_ORPHAN_XY_2M,,,,,,
staging.raw_idp_2024_mesures_qualite_marche_cadre,1543,2025-10-20,,AVAL STEP EL HAJEB,"Somme
cations_meq/l",504570.0,348710.0,26191,0,GEO_ORPHAN_XY_2M,,,,,,
staging.raw_idp_2024_mesures_qualite_marche_cadre,1544,2025-10-20,,AVAL STEP EL HAJEB,"Somme
cations_mg/l",504570.0,348710.0,26191,0,GEO_ORPHAN_XY_2M,,,,,,
staging.raw_idp_2024_mesures_qualite_marche_cadre,1545,2025-10-20,,AVAL STEP EL HAJEB,Bilan_Ionique,504570.0,348710.0,26191,0,GEO_ORPHAN_XY_2M,,,,,,
staging.raw_idp_2024_mesures_qualite_marche_cadre,1546,2025-10-20,,AVAL STEP EL HAJEB,Na+3,504570.0,348710.0,26191,0,GEO_ORPHAN_XY_2M,,,,,,
staging.raw_idp_2024_mesures_qualite_marche_cadre,1547,2025-10-20,,AVAL STEP EL HAJEB,K+4,504570.0,348710.0,26191,0,GEO_ORPHAN_XY_2M,,,,,,
staging.raw_idp_2024_mesures_qualite_marche_cadre,1548,2025-10-20,,AVAL STEP EL HAJEB,Fe,504570.0,348710.0,26191,0,GEO_ORPHAN_XY_2M,,,,,,
staging.raw_idp_2024_mesures_qualite_marche_cadre,1549,2025-10-20,,AVAL STEP EL HAJEB,CT,504570.0,348710.0,26191,0,GEO_ORPHAN_XY_2M,,,,,,
staging.raw_idp_2024_mesures_qualite_marche_cadre,1550,2025-10-20,,AVAL STEP EL HAJEB,CF,504570.0,348710.0,26191,0,GEO_ORPHAN_XY_2M,,,,,,
staging.raw_idp_2024_mesures_qualite_marche_cadre,1551,2025-10-20,,AVAL STEP EL HAJEB,SF,504570.0,348710.0,26191,0,GEO_ORPHAN_XY_2M,,,,,,
staging.raw_idp_2024_mesures_qualite_marche_cadre,1787,2025-10-22,,AVAL STEP AZROU,DCO,507467.0,313351.0,26191,0,GEO_ORPHAN_XY_2M,,,,,,
staging.raw_idp_2024_mesures_qualite_marche_cadre,1788,2025-10-22,,AVAL STEP AZROU,DBO5,507467.0,313351.0,26191,0,GEO_ORPHAN_XY_2M,,,,,,
staging.raw_idp_2024_mesures_qualite_marche_cadre,1789,2025-10-22,,AVAL STEP AZROU,NTK Titri,507467.0,313351.0,26191,0,GEO_ORPHAN_XY_2M,,,,,,
staging.raw_idp_2024_mesures_qualite_marche_cadre,1790,2025-10-22,,AVAL STEP AZROU,NTK Spectr,507467.0,313351.0,26191,0,GEO_ORPHAN_XY_2M,,,,,,
staging.raw_idp_2024_mesures_qualite_marche_cadre,1791,2025-10-22,,AVAL STEP AZROU,NH4+ Spect,507467.0,313351.0,26191,0,GEO_ORPHAN_XY_2M,,,,,,
staging.raw_idp_2024_mesures_qualite_marche_cadre,1792,2025-10-22,,AVAL STEP AZROU,NH4+ ,507467.0,313351.0,26191,0,GEO_ORPHAN_XY_2M,,,,,,
staging.raw_idp_2024_mesures_qualite_marche_cadre,1793,2025-10-22,,AVAL STEP AZROU,PT,507467.0,313351.0,26191,0,GEO_ORPHAN_XY_2M,,,,,,
staging.raw_idp_2024_mesures_qualite_marche_cadre,1794,2025-10-22,,AVAL STEP AZROU,PO43-,507467.0,313351.0,26191,0,GEO_ORPHAN_XY_2M,,,,,,
staging.raw_idp_2024_mesures_qualite_marche_cadre,1795,2025-10-22,,AVAL STEP AZROU,MEST Filtr,507467.0,313351.0,26191,0,GEO_ORPHAN_XY_2M,,,,,,
staging.raw_idp_2024_mesures_qualite_marche_cadre,1796,2025-10-22,,AVAL STEP AZROU,"Huiles
Graisses (H G T)",507467.0,313351.0,26191,0,GEO_ORPHAN_XY_2M,,,,,,
staging.raw_idp_2024_mesures_qualite_marche_cadre,1797,2025-10-22,,AVAL STEP AZROU,"indice de phénol M:A
",507467.0,313351.0,26191,0,GEO_ORPHAN_XY_2M,,,,,,
staging.raw_idp_2024_mesures_qualite_marche_cadre,1798,2025-10-22,,AVAL STEP AZROU,NO2- _Spectro.,507467.0,313351.0,26191,0,GEO_ORPHAN_XY_2M,,,,,,
staging.raw_idp_2024_mesures_qualite_marche_cadre,1799,2025-10-22,,AVAL STEP AZROU,NO3-_Spectro,507467.0,313351.0,26191,0,GEO_ORPHAN_XY_2M,,,,,,
staging.raw_idp_2024_mesures_qualite_marche_cadre,1800,2025-10-22,,AVAL STEP AZROU,TAC/TACs_meq/l,507467.0,313351.0,26191,0,GEO_ORPHAN_XY_2M,,,,,,
staging.raw_idp_2024_mesures_qualite_marche_cadre,1801,2025-10-22,,AVAL STEP AZROU,TAC/TACs_°F,507467.0,313351.0,26191,0,GEO_ORPHAN_XY_2M,,,,,,
staging.raw_idp_2024_mesures_qualite_marche_cadre,1802,2025-10-22,,AVAL STEP AZROU,TA/Tas_meq/l,507467.0,313351.0,26191,0,GEO_ORPHAN_XY_2M,,,,,,
staging.raw_idp_2024_mesures_qualite_marche_cadre,1803,2025-10-22,,AVAL STEP AZROU,TA/Tas_°F,507467.0,313351.0,26191,0,GEO_ORPHAN_XY_2M,,,,,,
staging.raw_idp_2024_mesures_qualite_marche_cadre,1804,2025-10-22,,AVAL STEP AZROU,HCO3,507467.0,313351.0,26191,0,GEO_ORPHAN_XY_2M,,,,,,
staging.raw_idp_2024_mesures_qualite_marche_cadre,1805,2025-10-22,,AVAL STEP AZROU,CO3,507467.0,313351.0,26191,0,GEO_ORPHAN_XY_2M,,,,,,
staging.raw_idp_2024_mesures_qualite_marche_cadre,1806,2025-10-22,,AVAL STEP AZROU,OH-,507467.0,313351.0,26191,0,GEO_ORPHAN_XY_2M,,,,,,
staging.raw_idp_2024_mesures_qualite_marche_cadre,1807,2025-10-22,,AVAL STEP AZROU,Cl-_IC,507467.0,313351.0,26191,0,GEO_ORPHAN_XY_2M,,,,,,
staging.raw_idp_2024_mesures_qualite_marche_cadre,1808,2025-10-22,,AVAL STEP AZROU,SO42-_IC,507467.0,313351.0,26191,0,GEO_ORPHAN_XY_2M,,,,,,
staging.raw_idp_2024_mesures_qualite_marche_cadre,1809,2025-10-22,,AVAL STEP AZROU,"somme
anions_meq/l",507467.0,313351.0,26191,0,GEO_ORPHAN_XY_2M,,,,,,
staging.raw_idp_2024_mesures_qualite_marche_cadre,1810,2025-10-22,,AVAL STEP AZROU,"somme
anions_mg/l",507467.0,313351.0,26191,0,GEO_ORPHAN_XY_2M,,,,,,
staging.raw_idp_2024_mesures_qualite_marche_cadre,1811,2025-10-22,,AVAL STEP AZROU,Ca++,507467.0,313351.0,26191,0,GEO_ORPHAN_XY_2M,,,,,,
staging.raw_idp_2024_mesures_qualite_marche_cadre,1812,2025-10-22,,AVAL STEP AZROU,Mg++,507467.0,313351.0,26191,0,GEO_ORPHAN_XY_2M,,,,,,
staging.raw_idp_2024_mesures_qualite_marche_cadre,1813,2025-10-22,,AVAL STEP AZROU,TH,507467.0,313351.0,26191,0,GEO_ORPHAN_XY_2M,,,,,,
staging.raw_idp_2024_mesures_qualite_marche_cadre,1814,2025-10-22,,AVAL STEP AZROU,NH4+ 2,507467.0,313351.0,26191,0,GEO_ORPHAN_XY_2M,,,,,,
staging.raw_idp_2024_mesures_qualite_marche_cadre,1815,2025-10-22,,AVAL STEP AZROU,Na+,507467.0,313351.0,26191,0,GEO_ORPHAN_XY_2M,,,,,,
staging.raw_idp_2024_mesures_qualite_marche_cadre,1816,2025-10-22,,AVAL STEP AZROU,K+,507467.0,313351.0,26191,0,GEO_ORPHAN_XY_2M,,,,,,
staging.raw_idp_2024_mesures_qualite_marche_cadre,1817,2025-10-22,,AVAL STEP AZROU,"Somme
cations_meq/l",507467.0,313351.0,26191,0,GEO_ORPHAN_XY_2M,,,,,,
staging.raw_idp_2024_mesures_qualite_marche_cadre,1818,2025-10-22,,AVAL STEP AZROU,"Somme
cations_mg/l",507467.0,313351.0,26191,0,GEO_ORPHAN_XY_2M,,,,,,
staging.raw_idp_2024_mesures_qualite_marche_cadre,1819,2025-10-22,,AVAL STEP AZROU,Bilan_Ionique,507467.0,313351.0,26191,0,GEO_ORPHAN_XY_2M,,,,,,
staging.raw_idp_2024_mesures_qualite_marche_cadre,1820,2025-10-22,,AVAL STEP AZROU,Na+3,507467.0,313351.0,26191,0,GEO_ORPHAN_XY_2M,,,,,,
staging.raw_idp_2024_mesures_qualite_marche_cadre,1821,2025-10-22,,AVAL STEP AZROU,K+4,507467.0,313351.0,26191,0,GEO_ORPHAN_XY_2M,,,,,,
staging.raw_idp_2024_mesures_qualite_marche_cadre,1822,2025-10-22,,AVAL STEP AZROU,Fe,507467.0,313351.0,26191,0,GEO_ORPHAN_XY_2M,,,,,,
staging.raw_idp_2024_mesures_qualite_marche_cadre,1823,2025-10-22,,AVAL STEP AZROU,CT,507467.0,313351.0,26191,0,GEO_ORPHAN_XY_2M,,,,,,
staging.raw_idp_2024_mesures_qualite_marche_cadre,1824,2025-10-22,,AVAL STEP AZROU,CF,507467.0,313351.0,26191,0,GEO_ORPHAN_XY_2M,,,,,,
staging.raw_idp_2024_mesures_qualite_marche_cadre,1825,2025-10-22,,AVAL STEP AZROU,SF,507467.0,313351.0,26191,0,GEO_ORPHAN_XY_2M,,,,,,
staging.raw_idp_2024_mesures_qualite_marche_cadre,1959,2025-10-24,,AVAL STEP IFRANE,DCO,523437.0,331724.0,26191,0,GEO_ORPHAN_XY_2M,,,,,,
staging.raw_idp_2024_mesures_qualite_marche_cadre,1960,2025-10-24,,AVAL STEP IFRANE,DBO5,523437.0,331724.0,26191,0,GEO_ORPHAN_XY_2M,,,,,,
staging.raw_idp_2024_mesures_qualite_marche_cadre,1961,2025-10-24,,AVAL STEP IFRANE,NTK Titri,523437.0,331724.0,26191,0,GEO_ORPHAN_XY_2M,,,,,,
staging.raw_idp_2024_mesures_qualite_marche_cadre,1962,2025-10-24,,AVAL STEP IFRANE,NTK Spectr,523437.0,331724.0,26191,0,GEO_ORPHAN_XY_2M,,,,,,
staging.raw_idp_2024_mesures_qualite_marche_cadre,1963,2025-10-24,,AVAL STEP IFRANE,NH4+ Spect,523437.0,331724.0,26191,0,GEO_ORPHAN_XY_2M,,,,,,
staging.raw_idp_2024_mesures_qualite_marche_cadre,1964,2025-10-24,,AVAL STEP IFRANE,NH4+ ,523437.0,331724.0,26191,0,GEO_ORPHAN_XY_2M,,,,,,
staging.raw_idp_2024_mesures_qualite_marche_cadre,1965,2025-10-24,,AVAL STEP IFRANE,PT,523437.0,331724.0,26191,0,GEO_ORPHAN_XY_2M,,,,,,
staging.raw_idp_2024_mesures_qualite_marche_cadre,1966,2025-10-24,,AVAL STEP IFRANE,PO43-,523437.0,331724.0,26191,0,GEO_ORPHAN_XY_2M,,,,,,
staging.raw_idp_2024_mesures_qualite_marche_cadre,1967,2025-10-24,,AVAL STEP IFRANE,MEST Filtr,523437.0,331724.0,26191,0,GEO_ORPHAN_XY_2M,,,,,,
staging.raw_idp_2024_mesures_qualite_marche_cadre,1968,2025-10-24,,AVAL STEP IFRANE,"Huiles
Graisses (H G T)",523437.0,331724.0,26191,0,GEO_ORPHAN_XY_2M,,,,,,
staging.raw_idp_2024_mesures_qualite_marche_cadre,1969,2025-10-24,,AVAL STEP IFRANE,"indice de phénol M:A
",523437.0,331724.0,26191,0,GEO_ORPHAN_XY_2M,,,,,,
staging.raw_idp_2024_mesures_qualite_marche_cadre,1970,2025-10-24,,AVAL STEP IFRANE,NO2- _Spectro.,523437.0,331724.0,26191,0,GEO_ORPHAN_XY_2M,,,,,,
staging.raw_idp_2024_mesures_qualite_marche_cadre,1971,2025-10-24,,AVAL STEP IFRANE,NO3-_Spectro,523437.0,331724.0,26191,0,GEO_ORPHAN_XY_2M,,,,,,
staging.raw_idp_2024_mesures_qualite_marche_cadre,1972,2025-10-24,,AVAL STEP IFRANE,TAC/TACs_meq/l,523437.0,331724.0,26191,0,GEO_ORPHAN_XY_2M,,,,,,
staging.raw_idp_2024_mesures_qualite_marche_cadre,1973,2025-10-24,,AVAL STEP IFRANE,TAC/TACs_°F,523437.0,331724.0,26191,0,GEO_ORPHAN_XY_2M,,,,,,
staging.raw_idp_2024_mesures_qualite_marche_cadre,1974,2025-10-24,,AVAL STEP IFRANE,TA/Tas_meq/l,523437.0,331724.0,26191,0,GEO_ORPHAN_XY_2M,,,,,,
staging.raw_idp_2024_mesures_qualite_marche_cadre,1975,2025-10-24,,AVAL STEP IFRANE,TA/Tas_°F,523437.0,331724.0,26191,0,GEO_ORPHAN_XY_2M,,,,,,
staging.raw_idp_2024_mesures_qualite_marche_cadre,1976,2025-10-24,,AVAL STEP IFRANE,HCO3,523437.0,331724.0,26191,0,GEO_ORPHAN_XY_2M,,,,,,
staging.raw_idp_2024_mesures_qualite_marche_cadre,1977,2025-10-24,,AVAL STEP IFRANE,CO3,523437.0,331724.0,26191,0,GEO_ORPHAN_XY_2M,,,,,,
staging.raw_idp_2024_mesures_qualite_marche_cadre,1978,2025-10-24,,AVAL STEP IFRANE,OH-,523437.0,331724.0,26191,0,GEO_ORPHAN_XY_2M,,,,,,
staging.raw_idp_2024_mesures_qualite_marche_cadre,1979,2025-10-24,,AVAL STEP IFRANE,Cl-_IC,523437.0,331724.0,26191,0,GEO_ORPHAN_XY_2M,,,,,,
staging.raw_idp_2024_mesures_qualite_marche_cadre,1980,2025-10-24,,AVAL STEP IFRANE,SO42-_IC,523437.0,331724.0,26191,0,GEO_ORPHAN_XY_2M,,,,,,
staging.raw_idp_2024_mesures_qualite_marche_cadre,1981,2025-10-24,,AVAL STEP IFRANE,"somme
anions_meq/l",523437.0,331724.0,26191,0,GEO_ORPHAN_XY_2M,,,,,,
staging.raw_idp_2024_mesures_qualite_marche_cadre,1982,2025-10-24,,AVAL STEP IFRANE,"somme
anions_mg/l",523437.0,331724.0,26191,0,GEO_ORPHAN_XY_2M,,,,,,
staging.raw_idp_2024_mesures_qualite_marche_cadre,1983,2025-10-24,,AVAL STEP IFRANE,Ca++,523437.0,331724.0,26191,0,GEO_ORPHAN_XY_2M,,,,,,
staging.raw_idp_2024_mesures_qualite_marche_cadre,1984,2025-10-24,,AVAL STEP IFRANE,Mg++,523437.0,331724.0,26191,0,GEO_ORPHAN_XY_2M,,,,,,
staging.raw_idp_2024_mesures_qualite_marche_cadre,1985,2025-10-24,,AVAL STEP IFRANE,TH,523437.0,331724.0,26191,0,GEO_ORPHAN_XY_2M,,,,,,
staging.raw_idp_2024_mesures_qualite_marche_cadre,1986,2025-10-24,,AVAL STEP IFRANE,NH4+ 2,523437.0,331724.0,26191,0,GEO_ORPHAN_XY_2M,,,,,,
staging.raw_idp_2024_mesures_qualite_marche_cadre,1987,2025-10-24,,AVAL STEP IFRANE,Na+,523437.0,331724.0,26191,0,GEO_ORPHAN_XY_2M,,,,,,
staging.raw_idp_2024_mesures_qualite_marche_cadre,1988,2025-10-24,,AVAL STEP IFRANE,K+,523437.0,331724.0,26191,0,GEO_ORPHAN_XY_2M,,,,,,
staging.raw_idp_2024_mesures_qualite_marche_cadre,1989,2025-10-24,,AVAL STEP IFRANE,"Somme
cations_meq/l",523437.0,331724.0,26191,0,GEO_ORPHAN_XY_2M,,,,,,
staging.raw_idp_2024_mesures_qualite_marche_cadre,1990,2025-10-24,,AVAL STEP IFRANE,"Somme
cations_mg/l",523437.0,331724.0,26191,0,GEO_ORPHAN_XY_2M,,,,,,
staging.raw_idp_2024_mesures_qualite_marche_cadre,1991,2025-10-24,,AVAL STEP IFRANE,Bilan_Ionique,523437.0,331724.0,26191,0,GEO_ORPHAN_XY_2M,,,,,,
staging.raw_idp_2024_mesures_qualite_marche_cadre,1992,2025-10-24,,AVAL STEP IFRANE,Na+3,523437.0,331724.0,26191,0,GEO_ORPHAN_XY_2M,,,,,,
staging.raw_idp_2024_mesures_qualite_marche_cadre,1993,2025-10-24,,AVAL STEP IFRANE,K+4,523437.0,331724.0,26191,0,GEO_ORPHAN_XY_2M,,,,,,
staging.raw_idp_2024_mesures_qualite_marche_cadre,1994,2025-10-24,,AVAL STEP IFRANE,Fe,523437.0,331724.0,26191,0,GEO_ORPHAN_XY_2M,,,,,,
staging.raw_idp_2024_mesures_qualite_marche_cadre,1995,2025-10-24,,AVAL STEP IFRANE,CT,523437.0,331724.0,26191,0,GEO_ORPHAN_XY_2M,,,,,,
staging.raw_idp_2024_mesures_qualite_marche_cadre,1996,2025-10-24,,AVAL STEP IFRANE,CF,523437.0,331724.0,26191,0,GEO_ORPHAN_XY_2M,,,,,,
staging.raw_idp_2024_mesures_qualite_marche_cadre,1997,2025-10-24,,AVAL STEP IFRANE,SF,523437.0,331724.0,26191,0,GEO_ORPHAN_XY_2M,,,,,,
staging.raw_idp_2024_mesures_qualite_marche_cadre,2030,2025-10-27,,AVAL STEP FES,DCO,543750.0,387094.0,26191,0,GEO_ORPHAN_XY_2M,,,,,,
staging.raw_idp_2024_mesures_qualite_marche_cadre,2031,2025-10-27,,AVAL STEP FES,DBO5,543750.0,387094.0,26191,0,GEO_ORPHAN_XY_2M,,,,,,
staging.raw_idp_2024_mesures_qualite_marche_cadre,2032,2025-10-27,,AVAL STEP FES,NTK Titri,543750.0,387094.0,26191,0,GEO_ORPHAN_XY_2M,,,,,,
staging.raw_idp_2024_mesures_qualite_marche_cadre,2033,2025-10-27,,AVAL STEP FES,NTK Spectr,543750.0,387094.0,26191,0,GEO_ORPHAN_XY_2M,,,,,,
staging.raw_idp_2024_mesures_qualite_marche_cadre,2034,2025-10-27,,AVAL STEP FES,NH4+ Spect,543750.0,387094.0,26191,0,GEO_ORPHAN_XY_2M,,,,,,
staging.raw_idp_2024_mesures_qualite_marche_cadre,2035,2025-10-27,,AVAL STEP FES,NH4+ ,543750.0,387094.0,26191,0,GEO_ORPHAN_XY_2M,,,,,,
staging.raw_idp_2024_mesures_qualite_marche_cadre,2036,2025-10-27,,AVAL STEP FES,PT,543750.0,387094.0,26191,0,GEO_ORPHAN_XY_2M,,,,,,
staging.raw_idp_2024_mesures_qualite_marche_cadre,2037,2025-10-27,,AVAL STEP FES,PO43-,543750.0,387094.0,26191,0,GEO_ORPHAN_XY_2M,,,,,,
staging.raw_idp_2024_mesures_qualite_marche_cadre,2038,2025-10-27,,AVAL STEP FES,MEST Filtr,543750.0,387094.0,26191,0,GEO_ORPHAN_XY_2M,,,,,,
staging.raw_idp_2024_mesures_qualite_marche_cadre,2039,2025-10-27,,AVAL STEP FES,"Huiles
Graisses (H G T)",543750.0,387094.0,26191,0,GEO_ORPHAN_XY_2M,,,,,,
staging.raw_idp_2024_mesures_qualite_marche_cadre,2040,2025-10-27,,AVAL STEP FES,"indice de phénol M:A
",543750.0,387094.0,26191,0,GEO_ORPHAN_XY_2M,,,,,,
staging.raw_idp_2024_mesures_qualite_marche_cadre,2041,2025-10-27,,AVAL STEP FES,NO2- _Spectro.,543750.0,387094.0,26191,0,GEO_ORPHAN_XY_2M,,,,,,
staging.raw_idp_2024_mesures_qualite_marche_cadre,2042,2025-10-27,,AVAL STEP FES,NO3-_Spectro,543750.0,387094.0,26191,0,GEO_ORPHAN_XY_2M,,,,,,
staging.raw_idp_2024_mesures_qualite_marche_cadre,2043,2025-10-27,,AVAL STEP FES,TAC/TACs_meq/l,543750.0,387094.0,26191,0,GEO_ORPHAN_XY_2M,,,,,,
staging.raw_idp_2024_mesures_qualite_marche_cadre,2044,2025-10-27,,AVAL STEP FES,TAC/TACs_°F,543750.0,387094.0,26191,0,GEO_ORPHAN_XY_2M,,,,,,
staging.raw_idp_2024_mesures_qualite_marche_cadre,2045,2025-10-27,,AVAL STEP FES,TA/Tas_meq/l,543750.0,387094.0,26191,0,GEO_ORPHAN_XY_2M,,,,,,
staging.raw_idp_2024_mesures_qualite_marche_cadre,2046,2025-10-27,,AVAL STEP FES,TA/Tas_°F,543750.0,387094.0,26191,0,GEO_ORPHAN_XY_2M,,,,,,
staging.raw_idp_2024_mesures_qualite_marche_cadre,2047,2025-10-27,,AVAL STEP FES,HCO3,543750.0,387094.0,26191,0,GEO_ORPHAN_XY_2M,,,,,,
staging.raw_idp_2024_mesures_qualite_marche_cadre,2048,2025-10-27,,AVAL STEP FES,CO3,543750.0,387094.0,26191,0,GEO_ORPHAN_XY_2M,,,,,,
staging.raw_idp_2024_mesures_qualite_marche_cadre,2049,2025-10-27,,AVAL STEP FES,OH-,543750.0,387094.0,26191,0,GEO_ORPHAN_XY_2M,,,,,,
staging.raw_idp_2024_mesures_qualite_marche_cadre,2050,2025-10-27,,AVAL STEP FES,Cl-_IC,543750.0,387094.0,26191,0,GEO_ORPHAN_XY_2M,,,,,,
staging.raw_idp_2024_mesures_qualite_marche_cadre,2051,2025-10-27,,AVAL STEP FES,SO42-_IC,543750.0,387094.0,26191,0,GEO_ORPHAN_XY_2M,,,,,,
staging.raw_idp_2024_mesures_qualite_marche_cadre,2052,2025-10-27,,AVAL STEP FES,"somme
anions_meq/l",543750.0,387094.0,26191,0,GEO_ORPHAN_XY_2M,,,,,,
staging.raw_idp_2024_mesures_qualite_marche_cadre,2053,2025-10-27,,AVAL STEP FES,"somme
anions_mg/l",543750.0,387094.0,26191,0,GEO_ORPHAN_XY_2M,,,,,,
staging.raw_idp_2024_mesures_qualite_marche_cadre,2054,2025-10-27,,AVAL STEP FES,Ca++,543750.0,387094.0,26191,0,GEO_ORPHAN_XY_2M,,,,,,
staging.raw_idp_2024_mesures_qualite_marche_cadre,2055,2025-10-27,,AVAL STEP FES,Mg++,543750.0,387094.0,26191,0,GEO_ORPHAN_XY_2M,,,,,,
staging.raw_idp_2024_mesures_qualite_marche_cadre,2056,2025-10-27,,AVAL STEP FES,TH,543750.0,387094.0,26191,0,GEO_ORPHAN_XY_2M,,,,,,
staging.raw_idp_2024_mesures_qualite_marche_cadre,2057,2025-10-27,,AVAL STEP FES,NH4+ 2,543750.0,387094.0,26191,0,GEO_ORPHAN_XY_2M,,,,,,
staging.raw_idp_2024_mesures_qualite_marche_cadre,2058,2025-10-27,,AVAL STEP FES,Na+,543750.0,387094.0,26191,0,GEO_ORPHAN_XY_2M,,,,,,
staging.raw_idp_2024_mesures_qualite_marche_cadre,2059,2025-10-27,,AVAL STEP FES,K+,543750.0,387094.0,26191,0,GEO_ORPHAN_XY_2M,,,,,,
staging.raw_idp_2024_mesures_qualite_marche_cadre,2060,2025-10-27,,AVAL STEP FES,"Somme
cations_meq/l",543750.0,387094.0,26191,0,GEO_ORPHAN_XY_2M,,,,,,
staging.raw_idp_2024_mesures_qualite_marche_cadre,2061,2025-10-27,,AVAL STEP FES,"Somme
cations_mg/l",543750.0,387094.0,26191,0,GEO_ORPHAN_XY_2M,,,,,,
staging.raw_idp_2024_mesures_qualite_marche_cadre,2062,2025-10-27,,AVAL STEP FES,Bilan_Ionique,543750.0,387094.0,26191,0,GEO_ORPHAN_XY_2M,,,,,,
staging.raw_idp_2024_mesures_qualite_marche_cadre,2063,2025-10-27,,AVAL STEP FES,Na+3,543750.0,387094.0,26191,0,GEO_ORPHAN_XY_2M,,,,,,
staging.raw_idp_2024_mesures_qualite_marche_cadre,2064,2025-10-27,,AVAL STEP FES,K+4,543750.0,387094.0,26191,0,GEO_ORPHAN_XY_2M,,,,,,
staging.raw_idp_2024_mesures_qualite_marche_cadre,2065,2025-10-27,,AVAL STEP FES,Fe,543750.0,387094.0,26191,0,GEO_ORPHAN_XY_2M,,,,,,
staging.raw_idp_2024_mesures_qualite_marche_cadre,2066,2025-10-27,,AVAL STEP FES,CT,543750.0,387094.0,26191,0,GEO_ORPHAN_XY_2M,,,,,,
staging.raw_idp_2024_mesures_qualite_marche_cadre,2067,2025-10-27,,AVAL STEP FES,CF,543750.0,387094.0,26191,0,GEO_ORPHAN_XY_2M,,,,,,
staging.raw_idp_2024_mesures_qualite_marche_cadre,2068,2025-10-27,,AVAL STEP FES,SF,543750.0,387094.0,26191,0,GEO_ORPHAN_XY_2M,,,,,,
staging.raw_idp_2024_mesures_qualite_marche_cadre,2069,2025-10-27,,FORAGE ATTO MILOUD,IP,538336.0,366978.0,26191,0,GEO_ORPHAN_XY_2M,,,,,,
staging.raw_idp_2024_mesures_qualite_marche_cadre,2070,2025-10-27,,FORAGE ATTO MILOUD,NH4+ Spect,538336.0,366978.0,26191,0,GEO_ORPHAN_XY_2M,,,,,,
staging.raw_idp_2024_mesures_qualite_marche_cadre,2071,2025-10-27,,FORAGE ATTO MILOUD,NH4+ ,538336.0,366978.0,26191,0,GEO_ORPHAN_XY_2M,,,,,,
staging.raw_idp_2024_mesures_qualite_marche_cadre,2072,2025-10-27,,FORAGE ATTO MILOUD,"RS 
mesuré_à 105 °C",538336.0,366978.0,26191,0,GEO_ORPHAN_XY_2M,,,,,,
staging.raw_idp_2024_mesures_qualite_marche_cadre,2073,2025-10-27,,FORAGE ATTO MILOUD,NO2- _Spectro.,538336.0,366978.0,26191,0,GEO_ORPHAN_XY_2M,,,,,,
staging.raw_idp_2024_mesures_qualite_marche_cadre,2074,2025-10-27,,FORAGE ATTO MILOUD,NO3-_Spectro,538336.0,366978.0,26191,0,GEO_ORPHAN_XY_2M,,,,,,
staging.raw_idp_2024_mesures_qualite_marche_cadre,2075,2025-10-27,,FORAGE ATTO MILOUD,TAC/TACs_meq/l,538336.0,366978.0,26191,0,GEO_ORPHAN_XY_2M,,,,,,
staging.raw_idp_2024_mesures_qualite_marche_cadre,2076,2025-10-27,,FORAGE ATTO MILOUD,TAC/TACs_°F,538336.0,366978.0,26191,0,GEO_ORPHAN_XY_2M,,,,,,
staging.raw_idp_2024_mesures_qualite_marche_cadre,2077,2025-10-27,,FORAGE ATTO MILOUD,TA/Tas_meq/l,538336.0,366978.0,26191,0,GEO_ORPHAN_XY_2M,,,,,,
staging.raw_idp_2024_mesures_qualite_marche_cadre,2078,2025-10-27,,FORAGE ATTO MILOUD,TA/Tas_°F,538336.0,366978.0,26191,0,GEO_ORPHAN_XY_2M,,,,,,
staging.raw_idp_2024_mesures_qualite_marche_cadre,2079,2025-10-27,,FORAGE ATTO MILOUD,HCO3,538336.0,366978.0,26191,0,GEO_ORPHAN_XY_2M,,,,,,
staging.raw_idp_2024_mesures_qualite_marche_cadre,2080,2025-10-27,,FORAGE ATTO MILOUD,CO3,538336.0,366978.0,26191,0,GEO_ORPHAN_XY_2M,,,,,,
staging.raw_idp_2024_mesures_qualite_marche_cadre,2081,2025-10-27,,FORAGE ATTO MILOUD,OH-,538336.0,366978.0,26191,0,GEO_ORPHAN_XY_2M,,,,,,
staging.raw_idp_2024_mesures_qualite_marche_cadre,2082,2025-10-27,,FORAGE ATTO MILOUD,Cl-_IC,538336.0,366978.0,26191,0,GEO_ORPHAN_XY_2M,,,,,,
staging.raw_idp_2024_mesures_qualite_marche_cadre,2083,2025-10-27,,FORAGE ATTO MILOUD,SO42-_IC,538336.0,366978.0,26191,0,GEO_ORPHAN_XY_2M,,,,,,
staging.raw_idp_2024_mesures_qualite_marche_cadre,2084,2025-10-27,,FORAGE ATTO MILOUD,"somme
anions_meq/l",538336.0,366978.0,26191,0,GEO_ORPHAN_XY_2M,,,,,,
staging.raw_idp_2024_mesures_qualite_marche_cadre,2085,2025-10-27,,FORAGE ATTO MILOUD,"somme
anions_mg/l",538336.0,366978.0,26191,0,GEO_ORPHAN_XY_2M,,,,,,
staging.raw_idp_2024_mesures_qualite_marche_cadre,2086,2025-10-27,,FORAGE ATTO MILOUD,Ca++,538336.0,366978.0,26191,0,GEO_ORPHAN_XY_2M,,,,,,
staging.raw_idp_2024_mesures_qualite_marche_cadre,2087,2025-10-27,,FORAGE ATTO MILOUD,Mg++,538336.0,366978.0,26191,0,GEO_ORPHAN_XY_2M,,,,,,
staging.raw_idp_2024_mesures_qualite_marche_cadre,2088,2025-10-27,,FORAGE ATTO MILOUD,TH,538336.0,366978.0,26191,0,GEO_ORPHAN_XY_2M,,,,,,
staging.raw_idp_2024_mesures_qualite_marche_cadre,2089,2025-10-27,,FORAGE ATTO MILOUD,Na+,538336.0,366978.0,26191,0,GEO_ORPHAN_XY_2M,,,,,,
staging.raw_idp_2024_mesures_qualite_marche_cadre,2090,2025-10-27,,FORAGE ATTO MILOUD,K+,538336.0,366978.0,26191,0,GEO_ORPHAN_XY_2M,,,,,,
staging.raw_idp_2024_mesures_qualite_marche_cadre,2091,2025-10-27,,FORAGE ATTO MILOUD,"Somme
cations_meq/l",538336.0,366978.0,26191,0,GEO_ORPHAN_XY_2M,,,,,,
staging.raw_idp_2024_mesures_qualite_marche_cadre,2092,2025-10-27,,FORAGE ATTO MILOUD,"Somme
cations_mg/l",538336.0,366978.0,26191,0,GEO_ORPHAN_XY_2M,,,,,,
staging.raw_idp_2024_mesures_qualite_marche_cadre,2093,2025-10-27,,FORAGE ATTO MILOUD,Bilan_Ionique,538336.0,366978.0,26191,0,GEO_ORPHAN_XY_2M,,,,,,
staging.raw_idp_2024_mesures_qualite_marche_cadre,2094,2025-10-27,,FORAGE ATTO MILOUD,Na+3,538336.0,366978.0,26191,0,GEO_ORPHAN_XY_2M,,,,,,
staging.raw_idp_2024_mesures_qualite_marche_cadre,2095,2025-10-27,,FORAGE ATTO MILOUD,K+4,538336.0,366978.0,26191,0,GEO_ORPHAN_XY_2M,,,,,,
staging.raw_idp_2024_mesures_qualite_marche_cadre,2096,2025-10-27,,FORAGE ATTO MILOUD,Fe,538336.0,366978.0,26191,0,GEO_ORPHAN_XY_2M,,,,,,
staging.raw_idp_2024_mesures_qualite_marche_cadre,2097,2025-10-27,,FORAGE ATTO MILOUD,Mn5,538336.0,366978.0,26191,0,GEO_ORPHAN_XY_2M,,,,,,
staging.raw_idp_2024_mesures_qualite_marche_cadre,2098,2025-10-27,,FORAGE ATTO MILOUD,CT,538336.0,366978.0,26191,0,GEO_ORPHAN_XY_2M,,,,,,
staging.raw_idp_2024_mesures_qualite_marche_cadre,2099,2025-10-27,,FORAGE ATTO MILOUD,CF,538336.0,366978.0,26191,0,GEO_ORPHAN_XY_2M,,,,,,
staging.raw_idp_2024_mesures_qualite_marche_cadre,2100,2025-10-27,,FORAGE ATTO MILOUD,SF,538336.0,366978.0,26191,0,GEO_ORPHAN_XY_2M,,,,,,
staging.raw_idp_2024_mesures_qualite_marche_cadre,2135,2025-10-28,,PONT PORTUGAIS,DCO,544238.0,385695.0,26191,0,GEO_ORPHAN_XY_2M,,,,,,
staging.raw_idp_2024_mesures_qualite_marche_cadre,2136,2025-10-28,,PONT PORTUGAIS,DBO5,544238.0,385695.0,26191,0,GEO_ORPHAN_XY_2M,,,,,,
staging.raw_idp_2024_mesures_qualite_marche_cadre,2137,2025-10-28,,PONT PORTUGAIS,NTK Spectr,544238.0,385695.0,26191,0,GEO_ORPHAN_XY_2M,,,,,,
staging.raw_idp_2024_mesures_qualite_marche_cadre,2138,2025-10-28,,PONT PORTUGAIS,NH4+ Spect,544238.0,385695.0,26191,0,GEO_ORPHAN_XY_2M,,,,,,
staging.raw_idp_2024_mesures_qualite_marche_cadre,2139,2025-10-28,,PONT PORTUGAIS,NH4+ ,544238.0,385695.0,26191,0,GEO_ORPHAN_XY_2M,,,,,,
staging.raw_idp_2024_mesures_qualite_marche_cadre,2140,2025-10-28,,PONT PORTUGAIS,PT,544238.0,385695.0,26191,0,GEO_ORPHAN_XY_2M,,,,,,
staging.raw_idp_2024_mesures_qualite_marche_cadre,2141,2025-10-28,,PONT PORTUGAIS,PO43-,544238.0,385695.0,26191,0,GEO_ORPHAN_XY_2M,,,,,,
staging.raw_idp_2024_mesures_qualite_marche_cadre,2142,2025-10-28,,PONT PORTUGAIS,MEST Filtr,544238.0,385695.0,26191,0,GEO_ORPHAN_XY_2M,,,,,,
staging.raw_idp_2024_mesures_qualite_marche_cadre,2143,2025-10-28,,PONT PORTUGAIS,NO2- _Spectro.,544238.0,385695.0,26191,0,GEO_ORPHAN_XY_2M,,,,,,
staging.raw_idp_2024_mesures_qualite_marche_cadre,2144,2025-10-28,,PONT PORTUGAIS,NO3-_Spectro,544238.0,385695.0,26191,0,GEO_ORPHAN_XY_2M,,,,,,
staging.raw_idp_2024_mesures_qualite_marche_cadre,2145,2025-10-28,,PONT PORTUGAIS,TAC/TACs_meq/l,544238.0,385695.0,26191,0,GEO_ORPHAN_XY_2M,,,,,,
staging.raw_idp_2024_mesures_qualite_marche_cadre,2146,2025-10-28,,PONT PORTUGAIS,TAC/TACs_°F,544238.0,385695.0,26191,0,GEO_ORPHAN_XY_2M,,,,,,
staging.raw_idp_2024_mesures_qualite_marche_cadre,2147,2025-10-28,,PONT PORTUGAIS,TA/Tas_meq/l,544238.0,385695.0,26191,0,GEO_ORPHAN_XY_2M,,,,,,
staging.raw_idp_2024_mesures_qualite_marche_cadre,2148,2025-10-28,,PONT PORTUGAIS,TA/Tas_°F,544238.0,385695.0,26191,0,GEO_ORPHAN_XY_2M,,,,,,
staging.raw_idp_2024_mesures_qualite_marche_cadre,2149,2025-10-28,,PONT PORTUGAIS,HCO3,544238.0,385695.0,26191,0,GEO_ORPHAN_XY_2M,,,,,,
staging.raw_idp_2024_mesures_qualite_marche_cadre,2150,2025-10-28,,PONT PORTUGAIS,CO3,544238.0,385695.0,26191,0,GEO_ORPHAN_XY_2M,,,,,,
staging.raw_idp_2024_mesures_qualite_marche_cadre,2151,2025-10-28,,PONT PORTUGAIS,OH-,544238.0,385695.0,26191,0,GEO_ORPHAN_XY_2M,,,,,,
staging.raw_idp_2024_mesures_qualite_marche_cadre,2152,2025-10-28,,PONT PORTUGAIS,Cl-_IC,544238.0,385695.0,26191,0,GEO_ORPHAN_XY_2M,,,,,,
staging.raw_idp_2024_mesures_qualite_marche_cadre,2153,2025-10-28,,PONT PORTUGAIS,SO42-_IC,544238.0,385695.0,26191,0,GEO_ORPHAN_XY_2M,,,,,,
staging.raw_idp_2024_mesures_qualite_marche_cadre,2154,2025-10-28,,PONT PORTUGAIS,"somme
anions_meq/l",544238.0,385695.0,26191,0,GEO_ORPHAN_XY_2M,,,,,,
staging.raw_idp_2024_mesures_qualite_marche_cadre,2155,2025-10-28,,PONT PORTUGAIS,"somme
anions_mg/l",544238.0,385695.0,26191,0,GEO_ORPHAN_XY_2M,,,,,,
staging.raw_idp_2024_mesures_qualite_marche_cadre,2156,2025-10-28,,PONT PORTUGAIS,Ca++,544238.0,385695.0,26191,0,GEO_ORPHAN_XY_2M,,,,,,
staging.raw_idp_2024_mesures_qualite_marche_cadre,2157,2025-10-28,,PONT PORTUGAIS,Mg++,544238.0,385695.0,26191,0,GEO_ORPHAN_XY_2M,,,,,,
staging.raw_idp_2024_mesures_qualite_marche_cadre,2158,2025-10-28,,PONT PORTUGAIS,TH,544238.0,385695.0,26191,0,GEO_ORPHAN_XY_2M,,,,,,
staging.raw_idp_2024_mesures_qualite_marche_cadre,2159,2025-10-28,,PONT PORTUGAIS,Na+,544238.0,385695.0,26191,0,GEO_ORPHAN_XY_2M,,,,,,
staging.raw_idp_2024_mesures_qualite_marche_cadre,2160,2025-10-28,,PONT PORTUGAIS,K+,544238.0,385695.0,26191,0,GEO_ORPHAN_XY_2M,,,,,,
staging.raw_idp_2024_mesures_qualite_marche_cadre,2161,2025-10-28,,PONT PORTUGAIS,"Somme
cations_meq/l",544238.0,385695.0,26191,0,GEO_ORPHAN_XY_2M,,,,,,
staging.raw_idp_2024_mesures_qualite_marche_cadre,2162,2025-10-28,,PONT PORTUGAIS,"Somme
cations_mg/l",544238.0,385695.0,26191,0,GEO_ORPHAN_XY_2M,,,,,,
staging.raw_idp_2024_mesures_qualite_marche_cadre,2163,2025-10-28,,PONT PORTUGAIS,Bilan_Ionique,544238.0,385695.0,26191,0,GEO_ORPHAN_XY_2M,,,,,,
staging.raw_idp_2024_mesures_qualite_marche_cadre,2164,2025-10-28,,PONT PORTUGAIS,Na+3,544238.0,385695.0,26191,0,GEO_ORPHAN_XY_2M,,,,,,
staging.raw_idp_2024_mesures_qualite_marche_cadre,2165,2025-10-28,,PONT PORTUGAIS,K+4,544238.0,385695.0,26191,0,GEO_ORPHAN_XY_2M,,,,,,
staging.raw_idp_2024_mesures_qualite_marche_cadre,2166,2025-10-28,,PONT PORTUGAIS,CT,544238.0,385695.0,26191,0,GEO_ORPHAN_XY_2M,,,,,,
staging.raw_idp_2024_mesures_qualite_marche_cadre,2167,2025-10-28,,PONT PORTUGAIS,CF,544238.0,385695.0,26191,0,GEO_ORPHAN_XY_2M,,,,,,
staging.raw_idp_2024_mesures_qualite_marche_cadre,2168,2025-10-28,,PONT PORTUGAIS,SF,544238.0,385695.0,26191,0,GEO_ORPHAN_XY_2M,,,,,,
staging.raw_idp_2024_mesures_qualite_marche_cadre,2206,2025-10-29,,POINT RP1 AVAL TAZA,DCO,623250.0,404600.0,26191,0,GEO_ORPHAN_XY_2M,,,,,,
staging.raw_idp_2024_mesures_qualite_marche_cadre,2207,2025-10-29,,POINT RP1 AVAL TAZA,DBO5,623250.0,404600.0,26191,0,GEO_ORPHAN_XY_2M,,,,,,
staging.raw_idp_2024_mesures_qualite_marche_cadre,2208,2025-10-29,,POINT RP1 AVAL TAZA,NTK Titri,623250.0,404600.0,26191,0,GEO_ORPHAN_XY_2M,,,,,,
staging.raw_idp_2024_mesures_qualite_marche_cadre,2209,2025-10-29,,POINT RP1 AVAL TAZA,NTK Spectr,623250.0,404600.0,26191,0,GEO_ORPHAN_XY_2M,,,,,,
staging.raw_idp_2024_mesures_qualite_marche_cadre,2210,2025-10-29,,POINT RP1 AVAL TAZA,NH4+ Spect,623250.0,404600.0,26191,0,GEO_ORPHAN_XY_2M,,,,,,
staging.raw_idp_2024_mesures_qualite_marche_cadre,2211,2025-10-29,,POINT RP1 AVAL TAZA,NH4+ ,623250.0,404600.0,26191,0,GEO_ORPHAN_XY_2M,,,,,,
staging.raw_idp_2024_mesures_qualite_marche_cadre,2212,2025-10-29,,POINT RP1 AVAL TAZA,PT,623250.0,404600.0,26191,0,GEO_ORPHAN_XY_2M,,,,,,
staging.raw_idp_2024_mesures_qualite_marche_cadre,2213,2025-10-29,,POINT RP1 AVAL TAZA,PO43-,623250.0,404600.0,26191,0,GEO_ORPHAN_XY_2M,,,,,,
staging.raw_idp_2024_mesures_qualite_marche_cadre,2214,2025-10-29,,POINT RP1 AVAL TAZA,MEST Filtr,623250.0,404600.0,26191,0,GEO_ORPHAN_XY_2M,,,,,,
staging.raw_idp_2024_mesures_qualite_marche_cadre,2215,2025-10-29,,POINT RP1 AVAL TAZA,"Huiles
Graisses (H G T)",623250.0,404600.0,26191,0,GEO_ORPHAN_XY_2M,,,,,,
staging.raw_idp_2024_mesures_qualite_marche_cadre,2216,2025-10-29,,POINT RP1 AVAL TAZA,"indice de phénol M:A
",623250.0,404600.0,26191,0,GEO_ORPHAN_XY_2M,,,,,,
staging.raw_idp_2024_mesures_qualite_marche_cadre,2217,2025-10-29,,POINT RP1 AVAL TAZA,NO2- _Spectro.,623250.0,404600.0,26191,0,GEO_ORPHAN_XY_2M,,,,,,
staging.raw_idp_2024_mesures_qualite_marche_cadre,2218,2025-10-29,,POINT RP1 AVAL TAZA,NO3-_Spectro,623250.0,404600.0,26191,0,GEO_ORPHAN_XY_2M,,,,,,
staging.raw_idp_2024_mesures_qualite_marche_cadre,2219,2025-10-29,,POINT RP1 AVAL TAZA,TAC/TACs_meq/l,623250.0,404600.0,26191,0,GEO_ORPHAN_XY_2M,,,,,,
staging.raw_idp_2024_mesures_qualite_marche_cadre,2220,2025-10-29,,POINT RP1 AVAL TAZA,TAC/TACs_°F,623250.0,404600.0,26191,0,GEO_ORPHAN_XY_2M,,,,,,
staging.raw_idp_2024_mesures_qualite_marche_cadre,2221,2025-10-29,,POINT RP1 AVAL TAZA,TA/Tas_meq/l,623250.0,404600.0,26191,0,GEO_ORPHAN_XY_2M,,,,,,
staging.raw_idp_2024_mesures_qualite_marche_cadre,2222,2025-10-29,,POINT RP1 AVAL TAZA,TA/Tas_°F,623250.0,404600.0,26191,0,GEO_ORPHAN_XY_2M,,,,,,
staging.raw_idp_2024_mesures_qualite_marche_cadre,2223,2025-10-29,,POINT RP1 AVAL TAZA,HCO3,623250.0,404600.0,26191,0,GEO_ORPHAN_XY_2M,,,,,,
staging.raw_idp_2024_mesures_qualite_marche_cadre,2224,2025-10-29,,POINT RP1 AVAL TAZA,CO3,623250.0,404600.0,26191,0,GEO_ORPHAN_XY_2M,,,,,,
staging.raw_idp_2024_mesures_qualite_marche_cadre,2225,2025-10-29,,POINT RP1 AVAL TAZA,OH-,623250.0,404600.0,26191,0,GEO_ORPHAN_XY_2M,,,,,,
staging.raw_idp_2024_mesures_qualite_marche_cadre,2226,2025-10-29,,POINT RP1 AVAL TAZA,Cl-_IC,623250.0,404600.0,26191,0,GEO_ORPHAN_XY_2M,,,,,,
staging.raw_idp_2024_mesures_qualite_marche_cadre,2227,2025-10-29,,POINT RP1 AVAL TAZA,SO42-_IC,623250.0,404600.0,26191,0,GEO_ORPHAN_XY_2M,,,,,,
staging.raw_idp_2024_mesures_qualite_marche_cadre,2228,2025-10-29,,POINT RP1 AVAL TAZA,"somme
anions_meq/l",623250.0,404600.0,26191,0,GEO_ORPHAN_XY_2M,,,,,,
staging.raw_idp_2024_mesures_qualite_marche_cadre,2229,2025-10-29,,POINT RP1 AVAL TAZA,"somme
anions_mg/l",623250.0,404600.0,26191,0,GEO_ORPHAN_XY_2M,,,,,,
staging.raw_idp_2024_mesures_qualite_marche_cadre,2230,2025-10-29,,POINT RP1 AVAL TAZA,Ca++,623250.0,404600.0,26191,0,GEO_ORPHAN_XY_2M,,,,,,
staging.raw_idp_2024_mesures_qualite_marche_cadre,2231,2025-10-29,,POINT RP1 AVAL TAZA,Mg++,623250.0,404600.0,26191,0,GEO_ORPHAN_XY_2M,,,,,,
staging.raw_idp_2024_mesures_qualite_marche_cadre,2232,2025-10-29,,POINT RP1 AVAL TAZA,TH,623250.0,404600.0,26191,0,GEO_ORPHAN_XY_2M,,,,,,
staging.raw_idp_2024_mesures_qualite_marche_cadre,2233,2025-10-29,,POINT RP1 AVAL TAZA,NH4+ 2,623250.0,404600.0,26191,0,GEO_ORPHAN_XY_2M,,,,,,
staging.raw_idp_2024_mesures_qualite_marche_cadre,2234,2025-10-29,,POINT RP1 AVAL TAZA,Na+,623250.0,404600.0,26191,0,GEO_ORPHAN_XY_2M,,,,,,
staging.raw_idp_2024_mesures_qualite_marche_cadre,2235,2025-10-29,,POINT RP1 AVAL TAZA,K+,623250.0,404600.0,26191,0,GEO_ORPHAN_XY_2M,,,,,,
staging.raw_idp_2024_mesures_qualite_marche_cadre,2236,2025-10-29,,POINT RP1 AVAL TAZA,"Somme
cations_meq/l",623250.0,404600.0,26191,0,GEO_ORPHAN_XY_2M,,,,,,
staging.raw_idp_2024_mesures_qualite_marche_cadre,2237,2025-10-29,,POINT RP1 AVAL TAZA,"Somme
cations_mg/l",623250.0,404600.0,26191,0,GEO_ORPHAN_XY_2M,,,,,,
staging.raw_idp_2024_mesures_qualite_marche_cadre,2238,2025-10-29,,POINT RP1 AVAL TAZA,Bilan_Ionique,623250.0,404600.0,26191,0,GEO_ORPHAN_XY_2M,,,,,,
staging.raw_idp_2024_mesures_qualite_marche_cadre,2239,2025-10-29,,POINT RP1 AVAL TAZA,Na+3,623250.0,404600.0,26191,0,GEO_ORPHAN_XY_2M,,,,,,
staging.raw_idp_2024_mesures_qualite_marche_cadre,2240,2025-10-29,,POINT RP1 AVAL TAZA,K+4,623250.0,404600.0,26191,0,GEO_ORPHAN_XY_2M,,,,,,
staging.raw_idp_2024_mesures_qualite_marche_cadre,2241,2025-10-29,,POINT RP1 AVAL TAZA,Fe,623250.0,404600.0,26191,0,GEO_ORPHAN_XY_2M,,,,,,
staging.raw_idp_2024_mesures_qualite_marche_cadre,2242,2025-10-29,,POINT RP1 AVAL TAZA,Arsenic,623250.0,404600.0,26191,0,GEO_ORPHAN_XY_2M,,,,,,
staging.raw_idp_2024_mesures_qualite_marche_cadre,2243,2025-10-29,,POINT RP1 AVAL TAZA,Cadmium,623250.0,404600.0,26191,0,GEO_ORPHAN_XY_2M,,,,,,
staging.raw_idp_2024_mesures_qualite_marche_cadre,2244,2025-10-29,,POINT RP1 AVAL TAZA,Cobalt,623250.0,404600.0,26191,0,GEO_ORPHAN_XY_2M,,,,,,
staging.raw_idp_2024_mesures_qualite_marche_cadre,2245,2025-10-29,,POINT RP1 AVAL TAZA,Chrome,623250.0,404600.0,26191,0,GEO_ORPHAN_XY_2M,,,,,,
staging.raw_idp_2024_mesures_qualite_marche_cadre,2246,2025-10-29,,POINT RP1 AVAL TAZA,Cuivre,623250.0,404600.0,26191,0,GEO_ORPHAN_XY_2M,,,,,,
staging.raw_idp_2024_mesures_qualite_marche_cadre,2247,2025-10-29,,POINT RP1 AVAL TAZA,Fer,623250.0,404600.0,26191,0,GEO_ORPHAN_XY_2M,,,,,,
staging.raw_idp_2024_mesures_qualite_marche_cadre,2248,2025-10-29,,POINT RP1 AVAL TAZA,Nickel,623250.0,404600.0,26191,0,GEO_ORPHAN_XY_2M,,,,,,
staging.raw_idp_2024_mesures_qualite_marche_cadre,2249,2025-10-29,,POINT RP1 AVAL TAZA,Plomb,623250.0,404600.0,26191,0,GEO_ORPHAN_XY_2M,,,,,,
staging.raw_idp_2024_mesures_qualite_marche_cadre,2250,2025-10-29,,POINT RP1 AVAL TAZA,Sélénium,623250.0,404600.0,26191,0,GEO_ORPHAN_XY_2M,,,,,,
staging.raw_idp_2024_mesures_qualite_marche_cadre,2251,2025-10-29,,POINT RP1 AVAL TAZA,Zinc,623250.0,404600.0,26191,0,GEO_ORPHAN_XY_2M,,,,,,
staging.raw_idp_2024_mesures_qualite_marche_cadre,2252,2025-10-29,,POINT RP1 AVAL TAZA,Mercure,623250.0,404600.0,26191,0,GEO_ORPHAN_XY_2M,,,,,,
staging.raw_idp_2024_mesures_qualite_marche_cadre,2253,2025-10-29,,POINT RP1 AVAL TAZA,CT,623250.0,404600.0,26191,0,GEO_ORPHAN_XY_2M,,,,,,
staging.raw_idp_2024_mesures_qualite_marche_cadre,2254,2025-10-29,,POINT RP1 AVAL TAZA,CF,623250.0,404600.0,26191,0,GEO_ORPHAN_XY_2M,,,,,,
staging.raw_idp_2024_mesures_qualite_marche_cadre,2255,2025-10-29,,POINT RP1 AVAL TAZA,SF,623250.0,404600.0,26191,0,GEO_ORPHAN_XY_2M,,,,,,
staging.raw_idp_2024_mesures_qualite_marche_cadre,2291,2025-10-30,,STATION BAB MARZOUKA,DBO5,615850.0,400850.0,26191,0,GEO_ORPHAN_XY_2M,,,,,,
staging.raw_idp_2024_mesures_qualite_marche_cadre,2292,2025-10-30,,STATION BAB MARZOUKA,NTK Titri,615850.0,400850.0,26191,0,GEO_ORPHAN_XY_2M,,,,,,
staging.raw_idp_2024_mesures_qualite_marche_cadre,2293,2025-10-30,,STATION BAB MARZOUKA,NTK Spectr,615850.0,400850.0,26191,0,GEO_ORPHAN_XY_2M,,,,,,
staging.raw_idp_2024_mesures_qualite_marche_cadre,2294,2025-10-30,,STATION BAB MARZOUKA,NH4+ Spect,615850.0,400850.0,26191,0,GEO_ORPHAN_XY_2M,,,,,,
staging.raw_idp_2024_mesures_qualite_marche_cadre,2295,2025-10-30,,STATION BAB MARZOUKA,NH4+ ,615850.0,400850.0,26191,0,GEO_ORPHAN_XY_2M,,,,,,
staging.raw_idp_2024_mesures_qualite_marche_cadre,2296,2025-10-30,,STATION BAB MARZOUKA,PT,615850.0,400850.0,26191,0,GEO_ORPHAN_XY_2M,,,,,,
staging.raw_idp_2024_mesures_qualite_marche_cadre,2297,2025-10-30,,STATION BAB MARZOUKA,PO43-,615850.0,400850.0,26191,0,GEO_ORPHAN_XY_2M,,,,,,
staging.raw_idp_2024_mesures_qualite_marche_cadre,2298,2025-10-30,,STATION BAB MARZOUKA,MEST Filtr,615850.0,400850.0,26191,0,GEO_ORPHAN_XY_2M,,,,,,
staging.raw_idp_2024_mesures_qualite_marche_cadre,2299,2025-10-30,,STATION BAB MARZOUKA,"Huiles
Graisses (H G T)",615850.0,400850.0,26191,0,GEO_ORPHAN_XY_2M,,,,,,
staging.raw_idp_2024_mesures_qualite_marche_cadre,2300,2025-10-30,,STATION BAB MARZOUKA,"indice de phénol M:A
",615850.0,400850.0,26191,0,GEO_ORPHAN_XY_2M,,,,,,
staging.raw_idp_2024_mesures_qualite_marche_cadre,2301,2025-10-30,,STATION BAB MARZOUKA,"DCO 
2h décant.",615850.0,400850.0,26191,0,GEO_ORPHAN_XY_2M,,,,,,
staging.raw_idp_2024_mesures_qualite_marche_cadre,2302,2025-10-30,,STATION BAB MARZOUKA,"PT
 décant. 2h",615850.0,400850.0,26191,0,GEO_ORPHAN_XY_2M,,,,,,
staging.raw_idp_2024_mesures_qualite_marche_cadre,2303,2025-10-30,,STATION BAB MARZOUKA,PT DECANTE,615850.0,400850.0,26191,0,GEO_ORPHAN_XY_2M,,,,,,
staging.raw_idp_2024_mesures_qualite_marche_cadre,2304,2025-10-30,,STATION BAB MARZOUKA,NO2- _Spectro.,615850.0,400850.0,26191,0,GEO_ORPHAN_XY_2M,,,,,,
staging.raw_idp_2024_mesures_qualite_marche_cadre,2305,2025-10-30,,STATION BAB MARZOUKA,NO3-_Spectro,615850.0,400850.0,26191,0,GEO_ORPHAN_XY_2M,,,,,,
staging.raw_idp_2024_mesures_qualite_marche_cadre,2306,2025-10-30,,STATION BAB MARZOUKA,TAC/TACs_meq/l,615850.0,400850.0,26191,0,GEO_ORPHAN_XY_2M,,,,,,
staging.raw_idp_2024_mesures_qualite_marche_cadre,2307,2025-10-30,,STATION BAB MARZOUKA,TAC/TACs_°F,615850.0,400850.0,26191,0,GEO_ORPHAN_XY_2M,,,,,,
staging.raw_idp_2024_mesures_qualite_marche_cadre,2308,2025-10-30,,STATION BAB MARZOUKA,TA/Tas_meq/l,615850.0,400850.0,26191,0,GEO_ORPHAN_XY_2M,,,,,,
staging.raw_idp_2024_mesures_qualite_marche_cadre,2309,2025-10-30,,STATION BAB MARZOUKA,TA/Tas_°F,615850.0,400850.0,26191,0,GEO_ORPHAN_XY_2M,,,,,,
staging.raw_idp_2024_mesures_qualite_marche_cadre,2310,2025-10-30,,STATION BAB MARZOUKA,HCO3,615850.0,400850.0,26191,0,GEO_ORPHAN_XY_2M,,,,,,
staging.raw_idp_2024_mesures_qualite_marche_cadre,2311,2025-10-30,,STATION BAB MARZOUKA,CO3,615850.0,400850.0,26191,0,GEO_ORPHAN_XY_2M,,,,,,
staging.raw_idp_2024_mesures_qualite_marche_cadre,2312,2025-10-30,,STATION BAB MARZOUKA,OH-,615850.0,400850.0,26191,0,GEO_ORPHAN_XY_2M,,,,,,
staging.raw_idp_2024_mesures_qualite_marche_cadre,2313,2025-10-30,,STATION BAB MARZOUKA,Cl-_IC,615850.0,400850.0,26191,0,GEO_ORPHAN_XY_2M,,,,,,
staging.raw_idp_2024_mesures_qualite_marche_cadre,2314,2025-10-30,,STATION BAB MARZOUKA,SO42-_IC,615850.0,400850.0,26191,0,GEO_ORPHAN_XY_2M,,,,,,
staging.raw_idp_2024_mesures_qualite_marche_cadre,2315,2025-10-30,,STATION BAB MARZOUKA,"somme
anions_meq/l",615850.0,400850.0,26191,0,GEO_ORPHAN_XY_2M,,,,,,
staging.raw_idp_2024_mesures_qualite_marche_cadre,2316,2025-10-30,,STATION BAB MARZOUKA,"somme
anions_mg/l",615850.0,400850.0,26191,0,GEO_ORPHAN_XY_2M,,,,,,
staging.raw_idp_2024_mesures_qualite_marche_cadre,2317,2025-10-30,,STATION BAB MARZOUKA,Ca++,615850.0,400850.0,26191,0,GEO_ORPHAN_XY_2M,,,,,,
staging.raw_idp_2024_mesures_qualite_marche_cadre,2318,2025-10-30,,STATION BAB MARZOUKA,Mg++,615850.0,400850.0,26191,0,GEO_ORPHAN_XY_2M,,,,,,
staging.raw_idp_2024_mesures_qualite_marche_cadre,2319,2025-10-30,,STATION BAB MARZOUKA,TH,615850.0,400850.0,26191,0,GEO_ORPHAN_XY_2M,,,,,,
staging.raw_idp_2024_mesures_qualite_marche_cadre,2320,2025-10-30,,STATION BAB MARZOUKA,Na+,615850.0,400850.0,26191,0,GEO_ORPHAN_XY_2M,,,,,,
staging.raw_idp_2024_mesures_qualite_marche_cadre,2321,2025-10-30,,STATION BAB MARZOUKA,K+,615850.0,400850.0,26191,0,GEO_ORPHAN_XY_2M,,,,,,
staging.raw_idp_2024_mesures_qualite_marche_cadre,2322,2025-10-30,,STATION BAB MARZOUKA,"Somme
cations_meq/l",615850.0,400850.0,26191,0,GEO_ORPHAN_XY_2M,,,,,,
staging.raw_idp_2024_mesures_qualite_marche_cadre,2323,2025-10-30,,STATION BAB MARZOUKA,"Somme
cations_mg/l",615850.0,400850.0,26191,0,GEO_ORPHAN_XY_2M,,,,,,
staging.raw_idp_2024_mesures_qualite_marche_cadre,2324,2025-10-30,,STATION BAB MARZOUKA,Bilan_Ionique,615850.0,400850.0,26191,0,GEO_ORPHAN_XY_2M,,,,,,
staging.raw_idp_2024_mesures_qualite_marche_cadre,2325,2025-10-30,,STATION BAB MARZOUKA,Na+3,615850.0,400850.0,26191,0,GEO_ORPHAN_XY_2M,,,,,,
staging.raw_idp_2024_mesures_qualite_marche_cadre,2326,2025-10-30,,STATION BAB MARZOUKA,K+4,615850.0,400850.0,26191,0,GEO_ORPHAN_XY_2M,,,,,,
staging.raw_idp_2024_mesures_qualite_marche_cadre,2327,2025-10-30,,STATION BAB MARZOUKA,Fe,615850.0,400850.0,26191,0,GEO_ORPHAN_XY_2M,,,,,,
staging.raw_idp_2024_mesures_qualite_marche_cadre,2328,2025-10-30,,STATION BAB MARZOUKA,CT,615850.0,400850.0,26191,0,GEO_ORPHAN_XY_2M,,,,,,
staging.raw_idp_2024_mesures_qualite_marche_cadre,2329,2025-10-30,,STATION BAB MARZOUKA,CF,615850.0,400850.0,26191,0,GEO_ORPHAN_XY_2M,,,,,,
staging.raw_idp_2024_mesures_qualite_marche_cadre,2330,2025-10-30,,STATION BAB MARZOUKA,SF,615850.0,400850.0,26191,0,GEO_ORPHAN_XY_2M,,,,,,
staging.raw_idp_2024_mesures_qualite_marche_cadre,2331,2025-10-30,,LAGUNE MERJA ZARGA (SURFACE),NH4+ Spect,420051.0,472640.0,26191,0,GEO_ORPHAN_XY_2M,,,,,,
staging.raw_idp_2024_mesures_qualite_marche_cadre,2332,2025-10-30,,LAGUNE MERJA ZARGA (SURFACE),NH4+ ,420051.0,472640.0,26191,0,GEO_ORPHAN_XY_2M,,,,,,
staging.raw_idp_2024_mesures_qualite_marche_cadre,2333,2025-10-30,,LAGUNE MERJA ZARGA (SURFACE),PT,420051.0,472640.0,26191,0,GEO_ORPHAN_XY_2M,,,,,,
staging.raw_idp_2024_mesures_qualite_marche_cadre,2334,2025-10-30,,LAGUNE MERJA ZARGA (SURFACE),PO43-,420051.0,472640.0,26191,0,GEO_ORPHAN_XY_2M,,,,,,
staging.raw_idp_2024_mesures_qualite_marche_cadre,2335,2025-10-30,,LAGUNE MERJA ZARGA (SURFACE),MEST Filtr,420051.0,472640.0,26191,0,GEO_ORPHAN_XY_2M,,,,,,
staging.raw_idp_2024_mesures_qualite_marche_cadre,2336,2025-10-30,,LAGUNE MERJA ZARGA (SURFACE),NO3-_Spectro,420051.0,472640.0,26191,0,GEO_ORPHAN_XY_2M,,,,,,
staging.raw_idp_2024_mesures_qualite_marche_cadre,2337,2025-10-30,,LAGUNE MERJA ZARGA (SURFACE),NO3-_Réduction Cd,420051.0,472640.0,26191,0,GEO_ORPHAN_XY_2M,,,,,,
staging.raw_idp_2024_mesures_qualite_marche_cadre,2338,2025-10-30,,LAGUNE MERJA ZARGA (SURFACE),Cl-_IC,420051.0,472640.0,26191,0,GEO_ORPHAN_XY_2M,,,,,,
staging.raw_idp_2024_mesures_qualite_marche_cadre,2339,2025-10-30,,LAGUNE MERJA ZARGA (SURFACE),SO42-_IC,420051.0,472640.0,26191,0,GEO_ORPHAN_XY_2M,,,,,,
staging.raw_idp_2024_mesures_qualite_marche_cadre,2340,2025-10-30,,LAGUNE MERJA ZARGA (SURFACE),Fe2+,420051.0,472640.0,26191,0,GEO_ORPHAN_XY_2M,,,,,,
staging.raw_idp_2024_mesures_qualite_marche_cadre,2341,2025-10-30,,LAGUNE MERJA ZARGA (SURFACE),Mn5,420051.0,472640.0,26191,0,GEO_ORPHAN_XY_2M,,,,,,
staging.raw_idp_2024_mesures_qualite_marche_cadre,2342,2025-10-30,,LAGUNE MERJA ZARGA (SURFACE),Chl a,420051.0,472640.0,26191,0,GEO_ORPHAN_XY_2M,,,,,,
staging.raw_idp_2024_mesures_qualite_marche_cadre,2343,2025-10-30,,AVAL STEP TAHLA,DCO,587570.0,382928.0,26191,0,GEO_ORPHAN_XY_2M,,,,,,
staging.raw_idp_2024_mesures_qualite_marche_cadre,2344,2025-10-30,,AVAL STEP TAHLA,DBO5,587570.0,382928.0,26191,0,GEO_ORPHAN_XY_2M,,,,,,
staging.raw_idp_2024_mesures_qualite_marche_cadre,2345,2025-10-30,,AVAL STEP TAHLA,NTK Titri,587570.0,382928.0,26191,0,GEO_ORPHAN_XY_2M,,,,,,
staging.raw_idp_2024_mesures_qualite_marche_cadre,2346,2025-10-30,,AVAL STEP TAHLA,NTK Spectr,587570.0,382928.0,26191,0,GEO_ORPHAN_XY_2M,,,,,,
staging.raw_idp_2024_mesures_qualite_marche_cadre,2347,2025-10-30,,AVAL STEP TAHLA,NH4+ Spect,587570.0,382928.0,26191,0,GEO_ORPHAN_XY_2M,,,,,,
staging.raw_idp_2024_mesures_qualite_marche_cadre,2348,2025-10-30,,AVAL STEP TAHLA,NH4+ ,587570.0,382928.0,26191,0,GEO_ORPHAN_XY_2M,,,,,,
staging.raw_idp_2024_mesures_qualite_marche_cadre,2349,2025-10-30,,AVAL STEP TAHLA,PT,587570.0,382928.0,26191,0,GEO_ORPHAN_XY_2M,,,,,,
staging.raw_idp_2024_mesures_qualite_marche_cadre,2350,2025-10-30,,AVAL STEP TAHLA,PO43-,587570.0,382928.0,26191,0,GEO_ORPHAN_XY_2M,,,,,,
staging.raw_idp_2024_mesures_qualite_marche_cadre,2351,2025-10-30,,AVAL STEP TAHLA,MEST Filtr,587570.0,382928.0,26191,0,GEO_ORPHAN_XY_2M,,,,,,
staging.raw_idp_2024_mesures_qualite_marche_cadre,2352,2025-10-30,,AVAL STEP TAHLA,"Huiles
Graisses (H G T)",587570.0,382928.0,26191,0,GEO_ORPHAN_XY_2M,,,,,,
staging.raw_idp_2024_mesures_qualite_marche_cadre,2353,2025-10-30,,AVAL STEP TAHLA,"indice de phénol M:A
",587570.0,382928.0,26191,0,GEO_ORPHAN_XY_2M,,,,,,
staging.raw_idp_2024_mesures_qualite_marche_cadre,2354,2025-10-30,,AVAL STEP TAHLA,NO2- _Spectro.,587570.0,382928.0,26191,0,GEO_ORPHAN_XY_2M,,,,,,
staging.raw_idp_2024_mesures_qualite_marche_cadre,2355,2025-10-30,,AVAL STEP TAHLA,NO3-_Spectro,587570.0,382928.0,26191,0,GEO_ORPHAN_XY_2M,,,,,,
staging.raw_idp_2024_mesures_qualite_marche_cadre,2356,2025-10-30,,AVAL STEP TAHLA,TAC/TACs_meq/l,587570.0,382928.0,26191,0,GEO_ORPHAN_XY_2M,,,,,,
staging.raw_idp_2024_mesures_qualite_marche_cadre,2357,2025-10-30,,AVAL STEP TAHLA,TAC/TACs_°F,587570.0,382928.0,26191,0,GEO_ORPHAN_XY_2M,,,,,,
staging.raw_idp_2024_mesures_qualite_marche_cadre,2358,2025-10-30,,AVAL STEP TAHLA,TA/Tas_meq/l,587570.0,382928.0,26191,0,GEO_ORPHAN_XY_2M,,,,,,
staging.raw_idp_2024_mesures_qualite_marche_cadre,2359,2025-10-30,,AVAL STEP TAHLA,TA/Tas_°F,587570.0,382928.0,26191,0,GEO_ORPHAN_XY_2M,,,,,,
staging.raw_idp_2024_mesures_qualite_marche_cadre,2360,2025-10-30,,AVAL STEP TAHLA,HCO3,587570.0,382928.0,26191,0,GEO_ORPHAN_XY_2M,,,,,,
staging.raw_idp_2024_mesures_qualite_marche_cadre,2361,2025-10-30,,AVAL STEP TAHLA,CO3,587570.0,382928.0,26191,0,GEO_ORPHAN_XY_2M,,,,,,
staging.raw_idp_2024_mesures_qualite_marche_cadre,2362,2025-10-30,,AVAL STEP TAHLA,OH-,587570.0,382928.0,26191,0,GEO_ORPHAN_XY_2M,,,,,,
staging.raw_idp_2024_mesures_qualite_marche_cadre,2363,2025-10-30,,AVAL STEP TAHLA,Cl-_IC,587570.0,382928.0,26191,0,GEO_ORPHAN_XY_2M,,,,,,
staging.raw_idp_2024_mesures_qualite_marche_cadre,2364,2025-10-30,,AVAL STEP TAHLA,SO42-_IC,587570.0,382928.0,26191,0,GEO_ORPHAN_XY_2M,,,,,,
staging.raw_idp_2024_mesures_qualite_marche_cadre,2365,2025-10-30,,AVAL STEP TAHLA,"somme
anions_meq/l",587570.0,382928.0,26191,0,GEO_ORPHAN_XY_2M,,,,,,
staging.raw_idp_2024_mesures_qualite_marche_cadre,2366,2025-10-30,,AVAL STEP TAHLA,"somme
anions_mg/l",587570.0,382928.0,26191,0,GEO_ORPHAN_XY_2M,,,,,,
staging.raw_idp_2024_mesures_qualite_marche_cadre,2367,2025-10-30,,AVAL STEP TAHLA,Ca++,587570.0,382928.0,26191,0,GEO_ORPHAN_XY_2M,,,,,,
staging.raw_idp_2024_mesures_qualite_marche_cadre,2368,2025-10-30,,AVAL STEP TAHLA,Mg++,587570.0,382928.0,26191,0,GEO_ORPHAN_XY_2M,,,,,,
staging.raw_idp_2024_mesures_qualite_marche_cadre,2369,2025-10-30,,AVAL STEP TAHLA,TH,587570.0,382928.0,26191,0,GEO_ORPHAN_XY_2M,,,,,,
staging.raw_idp_2024_mesures_qualite_marche_cadre,2370,2025-10-30,,AVAL STEP TAHLA,NH4+ 2,587570.0,382928.0,26191,0,GEO_ORPHAN_XY_2M,,,,,,
staging.raw_idp_2024_mesures_qualite_marche_cadre,2371,2025-10-30,,AVAL STEP TAHLA,Na+,587570.0,382928.0,26191,0,GEO_ORPHAN_XY_2M,,,,,,
staging.raw_idp_2024_mesures_qualite_marche_cadre,2372,2025-10-30,,AVAL STEP TAHLA,K+,587570.0,382928.0,26191,0,GEO_ORPHAN_XY_2M,,,,,,
staging.raw_idp_2024_mesures_qualite_marche_cadre,2373,2025-10-30,,AVAL STEP TAHLA,"Somme
cations_meq/l",587570.0,382928.0,26191,0,GEO_ORPHAN_XY_2M,,,,,,
staging.raw_idp_2024_mesures_qualite_marche_cadre,2374,2025-10-30,,AVAL STEP TAHLA,"Somme
cations_mg/l",587570.0,382928.0,26191,0,GEO_ORPHAN_XY_2M,,,,,,
staging.raw_idp_2024_mesures_qualite_marche_cadre,2375,2025-10-30,,AVAL STEP TAHLA,Bilan_Ionique,587570.0,382928.0,26191,0,GEO_ORPHAN_XY_2M,,,,,,
staging.raw_idp_2024_mesures_qualite_marche_cadre,2376,2025-10-30,,AVAL STEP TAHLA,Na+3,587570.0,382928.0,26191,0,GEO_ORPHAN_XY_2M,,,,,,
staging.raw_idp_2024_mesures_qualite_marche_cadre,2377,2025-10-30,,AVAL STEP TAHLA,K+4,587570.0,382928.0,26191,0,GEO_ORPHAN_XY_2M,,,,,,
staging.raw_idp_2024_mesures_qualite_marche_cadre,2378,2025-10-30,,AVAL STEP TAHLA,Fe,587570.0,382928.0,26191,0,GEO_ORPHAN_XY_2M,,,,,,
staging.raw_idp_2024_mesures_qualite_marche_cadre,2379,2025-10-30,,AVAL STEP TAHLA,CT,587570.0,382928.0,26191,0,GEO_ORPHAN_XY_2M,,,,,,
staging.raw_idp_2024_mesures_qualite_marche_cadre,2380,2025-10-30,,AVAL STEP TAHLA,CF,587570.0,382928.0,26191,0,GEO_ORPHAN_XY_2M,,,,,,
staging.raw_idp_2024_mesures_qualite_marche_cadre,2381,2025-10-30,,AVAL STEP TAHLA,SF,587570.0,382928.0,26191,0,GEO_ORPHAN_XY_2M,,,,,,
staging.raw_idp_2024_mesures_qualite_marche_cadre,2416,2025-10-31,,BARRAGE BOUHOUDA (SURFACE),NH4+ Spect,575900.0,444500.0,26191,0,GEO_ORPHAN_XY_2M,,,,,,
staging.raw_idp_2024_mesures_qualite_marche_cadre,2417,2025-10-31,,BARRAGE BOUHOUDA (SURFACE),NH4+ ,575900.0,444500.0,26191,0,GEO_ORPHAN_XY_2M,,,,,,
staging.raw_idp_2024_mesures_qualite_marche_cadre,2418,2025-10-31,,BARRAGE BOUHOUDA (SURFACE),PT,575900.0,444500.0,26191,0,GEO_ORPHAN_XY_2M,,,,,,
staging.raw_idp_2024_mesures_qualite_marche_cadre,2419,2025-10-31,,BARRAGE BOUHOUDA (SURFACE),PO43-,575900.0,444500.0,26191,0,GEO_ORPHAN_XY_2M,,,,,,
staging.raw_idp_2024_mesures_qualite_marche_cadre,2420,2025-10-31,,BARRAGE BOUHOUDA (SURFACE),MEST Filtr,575900.0,444500.0,26191,0,GEO_ORPHAN_XY_2M,,,,,,
staging.raw_idp_2024_mesures_qualite_marche_cadre,2421,2025-10-31,,BARRAGE BOUHOUDA (SURFACE),NO3-_Spectro,575900.0,444500.0,26191,0,GEO_ORPHAN_XY_2M,,,,,,
staging.raw_idp_2024_mesures_qualite_marche_cadre,2422,2025-10-31,,BARRAGE BOUHOUDA (SURFACE),Cl-_IC,575900.0,444500.0,26191,0,GEO_ORPHAN_XY_2M,,,,,,
staging.raw_idp_2024_mesures_qualite_marche_cadre,2423,2025-10-31,,BARRAGE BOUHOUDA (SURFACE),SO42-_IC,575900.0,444500.0,26191,0,GEO_ORPHAN_XY_2M,,,,,,
staging.raw_idp_2024_mesures_qualite_marche_cadre,2424,2025-10-31,,BARRAGE BOUHOUDA (SURFACE),Fe2+,575900.0,444500.0,26191,0,GEO_ORPHAN_XY_2M,,,,,,
staging.raw_idp_2024_mesures_qualite_marche_cadre,2425,2025-10-31,,BARRAGE BOUHOUDA (SURFACE),Mn5,575900.0,444500.0,26191,0,GEO_ORPHAN_XY_2M,,,,,,
staging.raw_idp_2024_mesures_qualite_marche_cadre,2426,2025-10-31,,BARRAGE BOUHOUDA (SURFACE),Chl a,575900.0,444500.0,26191,0,GEO_ORPHAN_XY_2M,,,,,,
staging.raw_idp_2024_mesures_qualite_marche_cadre,2427,2025-10-31,,BARRAGE BOUHOUDA (MILIEU),NH4+ Spect,575900.0,444500.0,26191,0,GEO_ORPHAN_XY_2M,,,,,,
staging.raw_idp_2024_mesures_qualite_marche_cadre,2428,2025-10-31,,BARRAGE BOUHOUDA (MILIEU),NH4+ ,575900.0,444500.0,26191,0,GEO_ORPHAN_XY_2M,,,,,,
staging.raw_idp_2024_mesures_qualite_marche_cadre,2429,2025-10-31,,BARRAGE BOUHOUDA (MILIEU),PT,575900.0,444500.0,26191,0,GEO_ORPHAN_XY_2M,,,,,,
staging.raw_idp_2024_mesures_qualite_marche_cadre,2430,2025-10-31,,BARRAGE BOUHOUDA (MILIEU),PO43-,575900.0,444500.0,26191,0,GEO_ORPHAN_XY_2M,,,,,,
staging.raw_idp_2024_mesures_qualite_marche_cadre,2431,2025-10-31,,BARRAGE BOUHOUDA (MILIEU),MEST Filtr,575900.0,444500.0,26191,0,GEO_ORPHAN_XY_2M,,,,,,
staging.raw_idp_2024_mesures_qualite_marche_cadre,2432,2025-10-31,,BARRAGE BOUHOUDA (MILIEU),NO3-_Spectro,575900.0,444500.0,26191,0,GEO_ORPHAN_XY_2M,,,,,,
staging.raw_idp_2024_mesures_qualite_marche_cadre,2433,2025-10-31,,BARRAGE BOUHOUDA (MILIEU),Cl-_IC,575900.0,444500.0,26191,0,GEO_ORPHAN_XY_2M,,,,,,
staging.raw_idp_2024_mesures_qualite_marche_cadre,2434,2025-10-31,,BARRAGE BOUHOUDA (MILIEU),SO42-_IC,575900.0,444500.0,26191,0,GEO_ORPHAN_XY_2M,,,,,,
staging.raw_idp_2024_mesures_qualite_marche_cadre,2435,2025-10-31,,BARRAGE BOUHOUDA (MILIEU),Fe2+,575900.0,444500.0,26191,0,GEO_ORPHAN_XY_2M,,,,,,
staging.raw_idp_2024_mesures_qualite_marche_cadre,2436,2025-10-31,,BARRAGE BOUHOUDA (MILIEU),Mn5,575900.0,444500.0,26191,0,GEO_ORPHAN_XY_2M,,,,,,
staging.raw_idp_2024_mesures_qualite_marche_cadre,2437,2025-10-31,,BARRAGE BOUHOUDA (MILIEU),Chl a,575900.0,444500.0,26191,0,GEO_ORPHAN_XY_2M,,,,,,
staging.raw_idp_2024_mesures_qualite_marche_cadre,2438,2025-10-31,,BARRAGE BOUHOUDA (FOND),NH4+ Spect,575900.0,444500.0,26191,0,GEO_ORPHAN_XY_2M,,,,,,
staging.raw_idp_2024_mesures_qualite_marche_cadre,2439,2025-10-31,,BARRAGE BOUHOUDA (FOND),NH4+ ,575900.0,444500.0,26191,0,GEO_ORPHAN_XY_2M,,,,,,
staging.raw_idp_2024_mesures_qualite_marche_cadre,2440,2025-10-31,,BARRAGE BOUHOUDA (FOND),PT,575900.0,444500.0,26191,0,GEO_ORPHAN_XY_2M,,,,,,
staging.raw_idp_2024_mesures_qualite_marche_cadre,2441,2025-10-31,,BARRAGE BOUHOUDA (FOND),PO43-,575900.0,444500.0,26191,0,GEO_ORPHAN_XY_2M,,,,,,
staging.raw_idp_2024_mesures_qualite_marche_cadre,2442,2025-10-31,,BARRAGE BOUHOUDA (FOND),MEST Filtr,575900.0,444500.0,26191,0,GEO_ORPHAN_XY_2M,,,,,,
staging.raw_idp_2024_mesures_qualite_marche_cadre,2443,2025-10-31,,BARRAGE BOUHOUDA (FOND),NO3-_Spectro,575900.0,444500.0,26191,0,GEO_ORPHAN_XY_2M,,,,,,
staging.raw_idp_2024_mesures_qualite_marche_cadre,2444,2025-10-31,,BARRAGE BOUHOUDA (FOND),Cl-_IC,575900.0,444500.0,26191,0,GEO_ORPHAN_XY_2M,,,,,,
staging.raw_idp_2024_mesures_qualite_marche_cadre,2445,2025-10-31,,BARRAGE BOUHOUDA (FOND),SO42-_IC,575900.0,444500.0,26191,0,GEO_ORPHAN_XY_2M,,,,,,
staging.raw_idp_2024_mesures_qualite_marche_cadre,2446,2025-10-31,,BARRAGE BOUHOUDA (FOND),Fe2+,575900.0,444500.0,26191,0,GEO_ORPHAN_XY_2M,,,,,,
staging.raw_idp_2024_mesures_qualite_marche_cadre,2447,2025-10-31,,BARRAGE BOUHOUDA (FOND),Mn5,575900.0,444500.0,26191,0,GEO_ORPHAN_XY_2M,,,,,,
staging.raw_idp_2024_mesures_qualite_marche_cadre,2448,2025-10-31,,BARRAGE BOUHOUDA (FOND),Chl a,575900.0,444500.0,26191,0,GEO_ORPHAN_XY_2M,,,,,,
staging.raw_idp_2024_mesures_qualite_marche_cadre,2482,2025-11-04,,BARRAGE EL WAHDA (SURFACE),NH4+ Spect,518602.0,444430.0,26191,0,GEO_ORPHAN_XY_2M,,,,,,
staging.raw_idp_2024_mesures_qualite_marche_cadre,2483,2025-11-04,,BARRAGE EL WAHDA (SURFACE),NH4+ ,518602.0,444430.0,26191,0,GEO_ORPHAN_XY_2M,,,,,,
staging.raw_idp_2024_mesures_qualite_marche_cadre,2484,2025-11-04,,BARRAGE EL WAHDA (SURFACE),PT,518602.0,444430.0,26191,0,GEO_ORPHAN_XY_2M,,,,,,
staging.raw_idp_2024_mesures_qualite_marche_cadre,2485,2025-11-04,,BARRAGE EL WAHDA (SURFACE),PO43-,518602.0,444430.0,26191,0,GEO_ORPHAN_XY_2M,,,,,,
staging.raw_idp_2024_mesures_qualite_marche_cadre,2486,2025-11-04,,BARRAGE EL WAHDA (SURFACE),MEST Filtr,518602.0,444430.0,26191,0,GEO_ORPHAN_XY_2M,,,,,,
staging.raw_idp_2024_mesures_qualite_marche_cadre,2487,2025-11-04,,BARRAGE EL WAHDA (SURFACE),NO3-_Spectro,518602.0,444430.0,26191,0,GEO_ORPHAN_XY_2M,,,,,,
staging.raw_idp_2024_mesures_qualite_marche_cadre,2488,2025-11-04,,BARRAGE EL WAHDA (SURFACE),Cl-_IC,518602.0,444430.0,26191,0,GEO_ORPHAN_XY_2M,,,,,,
staging.raw_idp_2024_mesures_qualite_marche_cadre,2489,2025-11-04,,BARRAGE EL WAHDA (SURFACE),SO42-_IC,518602.0,444430.0,26191,0,GEO_ORPHAN_XY_2M,,,,,,
staging.raw_idp_2024_mesures_qualite_marche_cadre,2490,2025-11-04,,BARRAGE EL WAHDA (SURFACE),Fe2+,518602.0,444430.0,26191,0,GEO_ORPHAN_XY_2M,,,,,,
staging.raw_idp_2024_mesures_qualite_marche_cadre,2491,2025-11-04,,BARRAGE EL WAHDA (SURFACE),Mn5,518602.0,444430.0,26191,0,GEO_ORPHAN_XY_2M,,,,,,
staging.raw_idp_2024_mesures_qualite_marche_cadre,2492,2025-11-04,,BARRAGE EL WAHDA (SURFACE),Chl a,518602.0,444430.0,26191,0,GEO_ORPHAN_XY_2M,,,,,,
staging.raw_idp_2024_mesures_qualite_marche_cadre,2493,2025-11-04,,BARRAGE EL WAHDA (MILIEU),NH4+ Spect,518602.0,444430.0,26191,0,GEO_ORPHAN_XY_2M,,,,,,
staging.raw_idp_2024_mesures_qualite_marche_cadre,2494,2025-11-04,,BARRAGE EL WAHDA (MILIEU),NH4+ ,518602.0,444430.0,26191,0,GEO_ORPHAN_XY_2M,,,,,,
staging.raw_idp_2024_mesures_qualite_marche_cadre,2495,2025-11-04,,BARRAGE EL WAHDA (MILIEU),PT,518602.0,444430.0,26191,0,GEO_ORPHAN_XY_2M,,,,,,
staging.raw_idp_2024_mesures_qualite_marche_cadre,2496,2025-11-04,,BARRAGE EL WAHDA (MILIEU),PO43-,518602.0,444430.0,26191,0,GEO_ORPHAN_XY_2M,,,,,,
staging.raw_idp_2024_mesures_qualite_marche_cadre,2497,2025-11-04,,BARRAGE EL WAHDA (MILIEU),MEST Filtr,518602.0,444430.0,26191,0,GEO_ORPHAN_XY_2M,,,,,,
staging.raw_idp_2024_mesures_qualite_marche_cadre,2498,2025-11-04,,BARRAGE EL WAHDA (MILIEU),NO3-_Spectro,518602.0,444430.0,26191,0,GEO_ORPHAN_XY_2M,,,,,,
staging.raw_idp_2024_mesures_qualite_marche_cadre,2499,2025-11-04,,BARRAGE EL WAHDA (MILIEU),Cl-_IC,518602.0,444430.0,26191,0,GEO_ORPHAN_XY_2M,,,,,,
staging.raw_idp_2024_mesures_qualite_marche_cadre,2500,2025-11-04,,BARRAGE EL WAHDA (MILIEU),SO42-_IC,518602.0,444430.0,26191,0,GEO_ORPHAN_XY_2M,,,,,,
staging.raw_idp_2024_mesures_qualite_marche_cadre,2501,2025-11-04,,BARRAGE EL WAHDA (MILIEU),Fe2+,518602.0,444430.0,26191,0,GEO_ORPHAN_XY_2M,,,,,,
staging.raw_idp_2024_mesures_qualite_marche_cadre,2502,2025-11-04,,BARRAGE EL WAHDA (MILIEU),Mn5,518602.0,444430.0,26191,0,GEO_ORPHAN_XY_2M,,,,,,
staging.raw_idp_2024_mesures_qualite_marche_cadre,2503,2025-11-04,,BARRAGE EL WAHDA (MILIEU),Chl a,518602.0,444430.0,26191,0,GEO_ORPHAN_XY_2M,,,,,,
staging.raw_idp_2024_mesures_qualite_marche_cadre,2504,2025-11-04,,BARRAGE EL WAHDA (FOND),NH4+ Spect,518602.0,444430.0,26191,0,GEO_ORPHAN_XY_2M,,,,,,
staging.raw_idp_2024_mesures_qualite_marche_cadre,2505,2025-11-04,,BARRAGE EL WAHDA (FOND),NH4+ ,518602.0,444430.0,26191,0,GEO_ORPHAN_XY_2M,,,,,,
staging.raw_idp_2024_mesures_qualite_marche_cadre,2506,2025-11-04,,BARRAGE EL WAHDA (FOND),PT,518602.0,444430.0,26191,0,GEO_ORPHAN_XY_2M,,,,,,
staging.raw_idp_2024_mesures_qualite_marche_cadre,2507,2025-11-04,,BARRAGE EL WAHDA (FOND),PO43-,518602.0,444430.0,26191,0,GEO_ORPHAN_XY_2M,,,,,,
staging.raw_idp_2024_mesures_qualite_marche_cadre,2508,2025-11-04,,BARRAGE EL WAHDA (FOND),MEST Filtr,518602.0,444430.0,26191,0,GEO_ORPHAN_XY_2M,,,,,,
staging.raw_idp_2024_mesures_qualite_marche_cadre,2509,2025-11-04,,BARRAGE EL WAHDA (FOND),NO3-_Spectro,518602.0,444430.0,26191,0,GEO_ORPHAN_XY_2M,,,,,,
staging.raw_idp_2024_mesures_qualite_marche_cadre,2510,2025-11-04,,BARRAGE EL WAHDA (FOND),Cl-_IC,518602.0,444430.0,26191,0,GEO_ORPHAN_XY_2M,,,,,,
staging.raw_idp_2024_mesures_qualite_marche_cadre,2511,2025-11-04,,BARRAGE EL WAHDA (FOND),SO42-_IC,518602.0,444430.0,26191,0,GEO_ORPHAN_XY_2M,,,,,,
staging.raw_idp_2024_mesures_qualite_marche_cadre,2512,2025-11-04,,BARRAGE EL WAHDA (FOND),Fe2+,518602.0,444430.0,26191,0,GEO_ORPHAN_XY_2M,,,,,,
staging.raw_idp_2024_mesures_qualite_marche_cadre,2513,2025-11-04,,BARRAGE EL WAHDA (FOND),Mn5,518602.0,444430.0,26191,0,GEO_ORPHAN_XY_2M,,,,,,
staging.raw_idp_2024_mesures_qualite_marche_cadre,2514,2025-11-04,,BARRAGE EL WAHDA (FOND),Chl a,518602.0,444430.0,26191,0,GEO_ORPHAN_XY_2M,,,,,,
staging.raw_idp_2024_mesures_qualite_marche_cadre,2579,2025-11-05,,BARRAGE BAB LOUTA (FOND),NH4+ Spect,598322.0,380082.0,26191,0,GEO_ORPHAN_XY_2M,,,,,,
staging.raw_idp_2024_mesures_qualite_marche_cadre,2580,2025-11-05,,BARRAGE BAB LOUTA (FOND),NH4+ ,598322.0,380082.0,26191,0,GEO_ORPHAN_XY_2M,,,,,,
staging.raw_idp_2024_mesures_qualite_marche_cadre,2581,2025-11-05,,BARRAGE BAB LOUTA (FOND),PT,598322.0,380082.0,26191,0,GEO_ORPHAN_XY_2M,,,,,,
staging.raw_idp_2024_mesures_qualite_marche_cadre,2582,2025-11-05,,BARRAGE BAB LOUTA (FOND),PO43-,598322.0,380082.0,26191,0,GEO_ORPHAN_XY_2M,,,,,,
staging.raw_idp_2024_mesures_qualite_marche_cadre,2583,2025-11-05,,BARRAGE BAB LOUTA (FOND),MEST Filtr,598322.0,380082.0,26191,0,GEO_ORPHAN_XY_2M,,,,,,
staging.raw_idp_2024_mesures_qualite_marche_cadre,2584,2025-11-05,,BARRAGE BAB LOUTA (FOND),NO3-_Spectro,598322.0,380082.0,26191,0,GEO_ORPHAN_XY_2M,,,,,,
staging.raw_idp_2024_mesures_qualite_marche_cadre,2585,2025-11-05,,BARRAGE BAB LOUTA (FOND),Cl-_IC,598322.0,380082.0,26191,0,GEO_ORPHAN_XY_2M,,,,,,
staging.raw_idp_2024_mesures_qualite_marche_cadre,2586,2025-11-05,,BARRAGE BAB LOUTA (FOND),SO42-_IC,598322.0,380082.0,26191,0,GEO_ORPHAN_XY_2M,,,,,,
staging.raw_idp_2024_mesures_qualite_marche_cadre,2587,2025-11-05,,BARRAGE BAB LOUTA (FOND),Fe2+,598322.0,380082.0,26191,0,GEO_ORPHAN_XY_2M,,,,,,
staging.raw_idp_2024_mesures_qualite_marche_cadre,2588,2025-11-05,,BARRAGE BAB LOUTA (FOND),Mn5,598322.0,380082.0,26191,0,GEO_ORPHAN_XY_2M,,,,,,
staging.raw_idp_2024_mesures_qualite_marche_cadre,2589,2025-11-05,,BARRAGE BAB LOUTA (FOND),Chl a,598322.0,380082.0,26191,0,GEO_ORPHAN_XY_2M,,,,,,
staging.raw_idp_2024_mesures_qualite_marche_cadre,2590,2025-11-05,,BARRAGE BAB LOUTA (SURFACE),NH4+ Spect,598322.0,380082.0,26191,0,GEO_ORPHAN_XY_2M,,,,,,
staging.raw_idp_2024_mesures_qualite_marche_cadre,2591,2025-11-05,,BARRAGE BAB LOUTA (SURFACE),NH4+ ,598322.0,380082.0,26191,0,GEO_ORPHAN_XY_2M,,,,,,
staging.raw_idp_2024_mesures_qualite_marche_cadre,2592,2025-11-05,,BARRAGE BAB LOUTA (SURFACE),PT,598322.0,380082.0,26191,0,GEO_ORPHAN_XY_2M,,,,,,
staging.raw_idp_2024_mesures_qualite_marche_cadre,2593,2025-11-05,,BARRAGE BAB LOUTA (SURFACE),PO43-,598322.0,380082.0,26191,0,GEO_ORPHAN_XY_2M,,,,,,
staging.raw_idp_2024_mesures_qualite_marche_cadre,2594,2025-11-05,,BARRAGE BAB LOUTA (SURFACE),MEST Filtr,598322.0,380082.0,26191,0,GEO_ORPHAN_XY_2M,,,,,,
staging.raw_idp_2024_mesures_qualite_marche_cadre,2595,2025-11-05,,BARRAGE BAB LOUTA (SURFACE),NO3-_Spectro,598322.0,380082.0,26191,0,GEO_ORPHAN_XY_2M,,,,,,
staging.raw_idp_2024_mesures_qualite_marche_cadre,2596,2025-11-05,,BARRAGE BAB LOUTA (SURFACE),Cl-_IC,598322.0,380082.0,26191,0,GEO_ORPHAN_XY_2M,,,,,,
staging.raw_idp_2024_mesures_qualite_marche_cadre,2597,2025-11-05,,BARRAGE BAB LOUTA (SURFACE),SO42-_IC,598322.0,380082.0,26191,0,GEO_ORPHAN_XY_2M,,,,,,
staging.raw_idp_2024_mesures_qualite_marche_cadre,2598,2025-11-05,,BARRAGE BAB LOUTA (SURFACE),Fe2+,598322.0,380082.0,26191,0,GEO_ORPHAN_XY_2M,,,,,,
staging.raw_idp_2024_mesures_qualite_marche_cadre,2599,2025-11-05,,BARRAGE BAB LOUTA (SURFACE),Mn5,598322.0,380082.0,26191,0,GEO_ORPHAN_XY_2M,,,,,,
staging.raw_idp_2024_mesures_qualite_marche_cadre,2600,2025-11-05,,BARRAGE BAB LOUTA (SURFACE),Chl a,598322.0,380082.0,26191,0,GEO_ORPHAN_XY_2M,,,,,,
staging.raw_idp_2024_mesures_qualite_marche_cadre,2601,2025-11-05,,BARRAGE BAB LOUTA (MILIEU),NH4+ Spect,598322.0,380082.0,26191,0,GEO_ORPHAN_XY_2M,,,,,,
staging.raw_idp_2024_mesures_qualite_marche_cadre,2602,2025-11-05,,BARRAGE BAB LOUTA (MILIEU),NH4+ ,598322.0,380082.0,26191,0,GEO_ORPHAN_XY_2M,,,,,,
staging.raw_idp_2024_mesures_qualite_marche_cadre,2603,2025-11-05,,BARRAGE BAB LOUTA (MILIEU),PT,598322.0,380082.0,26191,0,GEO_ORPHAN_XY_2M,,,,,,
staging.raw_idp_2024_mesures_qualite_marche_cadre,2604,2025-11-05,,BARRAGE BAB LOUTA (MILIEU),PO43-,598322.0,380082.0,26191,0,GEO_ORPHAN_XY_2M,,,,,,
staging.raw_idp_2024_mesures_qualite_marche_cadre,2605,2025-11-05,,BARRAGE BAB LOUTA (MILIEU),MEST Filtr,598322.0,380082.0,26191,0,GEO_ORPHAN_XY_2M,,,,,,
staging.raw_idp_2024_mesures_qualite_marche_cadre,2606,2025-11-05,,BARRAGE BAB LOUTA (MILIEU),NO3-_Spectro,598322.0,380082.0,26191,0,GEO_ORPHAN_XY_2M,,,,,,
staging.raw_idp_2024_mesures_qualite_marche_cadre,2607,2025-11-05,,BARRAGE BAB LOUTA (MILIEU),Cl-_IC,598322.0,380082.0,26191,0,GEO_ORPHAN_XY_2M,,,,,,
staging.raw_idp_2024_mesures_qualite_marche_cadre,2608,2025-11-05,,BARRAGE BAB LOUTA (MILIEU),SO42-_IC,598322.0,380082.0,26191,0,GEO_ORPHAN_XY_2M,,,,,,
staging.raw_idp_2024_mesures_qualite_marche_cadre,2609,2025-11-05,,BARRAGE BAB LOUTA (MILIEU),Fe2+,598322.0,380082.0,26191,0,GEO_ORPHAN_XY_2M,,,,,,
staging.raw_idp_2024_mesures_qualite_marche_cadre,2610,2025-11-05,,BARRAGE BAB LOUTA (MILIEU),Mn5,598322.0,380082.0,26191,0,GEO_ORPHAN_XY_2M,,,,,,
staging.raw_idp_2024_mesures_qualite_marche_cadre,2611,2025-11-05,,BARRAGE BAB LOUTA (MILIEU),Chl a,598322.0,380082.0,26191,0,GEO_ORPHAN_XY_2M,,,,,,
staging.raw_idp_2024_mesures_qualite_marche_cadre,2612,2025-11-05,,BARRAGE IDRISS 1ER (SURFACE),NH4+ Spect,559800.0,396000.0,26191,0,GEO_ORPHAN_XY_2M,,,,,,
staging.raw_idp_2024_mesures_qualite_marche_cadre,2613,2025-11-05,,BARRAGE IDRISS 1ER (SURFACE),NH4+ ,559800.0,396000.0,26191,0,GEO_ORPHAN_XY_2M,,,,,,
staging.raw_idp_2024_mesures_qualite_marche_cadre,2614,2025-11-05,,BARRAGE IDRISS 1ER (SURFACE),PT,559800.0,396000.0,26191,0,GEO_ORPHAN_XY_2M,,,,,,
staging.raw_idp_2024_mesures_qualite_marche_cadre,2615,2025-11-05,,BARRAGE IDRISS 1ER (SURFACE),PO43-,559800.0,396000.0,26191,0,GEO_ORPHAN_XY_2M,,,,,,
staging.raw_idp_2024_mesures_qualite_marche_cadre,2616,2025-11-05,,BARRAGE IDRISS 1ER (SURFACE),MEST Filtr,559800.0,396000.0,26191,0,GEO_ORPHAN_XY_2M,,,,,,
staging.raw_idp_2024_mesures_qualite_marche_cadre,2617,2025-11-05,,BARRAGE IDRISS 1ER (SURFACE),NO3-_Spectro,559800.0,396000.0,26191,0,GEO_ORPHAN_XY_2M,,,,,,
staging.raw_idp_2024_mesures_qualite_marche_cadre,2618,2025-11-05,,BARRAGE IDRISS 1ER (SURFACE),Cl-_IC,559800.0,396000.0,26191,0,GEO_ORPHAN_XY_2M,,,,,,
staging.raw_idp_2024_mesures_qualite_marche_cadre,2619,2025-11-05,,BARRAGE IDRISS 1ER (SURFACE),SO42-_IC,559800.0,396000.0,26191,0,GEO_ORPHAN_XY_2M,,,,,,
staging.raw_idp_2024_mesures_qualite_marche_cadre,2620,2025-11-05,,BARRAGE IDRISS 1ER (SURFACE),Fe2+,559800.0,396000.0,26191,0,GEO_ORPHAN_XY_2M,,,,,,
staging.raw_idp_2024_mesures_qualite_marche_cadre,2621,2025-11-05,,BARRAGE IDRISS 1ER (SURFACE),Mn5,559800.0,396000.0,26191,0,GEO_ORPHAN_XY_2M,,,,,,
staging.raw_idp_2024_mesures_qualite_marche_cadre,2622,2025-11-05,,BARRAGE IDRISS 1ER (SURFACE),Chl a,559800.0,396000.0,26191,0,GEO_ORPHAN_XY_2M,,,,,,
staging.raw_idp_2024_mesures_qualite_marche_cadre,2623,2025-11-05,,BARRAGE IDRISS 1ER (MILIEU),NH4+ Spect,559800.0,396000.0,26191,0,GEO_ORPHAN_XY_2M,,,,,,
staging.raw_idp_2024_mesures_qualite_marche_cadre,2624,2025-11-05,,BARRAGE IDRISS 1ER (MILIEU),NH4+ ,559800.0,396000.0,26191,0,GEO_ORPHAN_XY_2M,,,,,,
staging.raw_idp_2024_mesures_qualite_marche_cadre,2625,2025-11-05,,BARRAGE IDRISS 1ER (MILIEU),PT,559800.0,396000.0,26191,0,GEO_ORPHAN_XY_2M,,,,,,
staging.raw_idp_2024_mesures_qualite_marche_cadre,2626,2025-11-05,,BARRAGE IDRISS 1ER (MILIEU),PO43-,559800.0,396000.0,26191,0,GEO_ORPHAN_XY_2M,,,,,,
staging.raw_idp_2024_mesures_qualite_marche_cadre,2627,2025-11-05,,BARRAGE IDRISS 1ER (MILIEU),MEST Filtr,559800.0,396000.0,26191,0,GEO_ORPHAN_XY_2M,,,,,,
staging.raw_idp_2024_mesures_qualite_marche_cadre,2628,2025-11-05,,BARRAGE IDRISS 1ER (MILIEU),NO3-_Spectro,559800.0,396000.0,26191,0,GEO_ORPHAN_XY_2M,,,,,,
staging.raw_idp_2024_mesures_qualite_marche_cadre,2629,2025-11-05,,BARRAGE IDRISS 1ER (MILIEU),Cl-_IC,559800.0,396000.0,26191,0,GEO_ORPHAN_XY_2M,,,,,,
staging.raw_idp_2024_mesures_qualite_marche_cadre,2630,2025-11-05,,BARRAGE IDRISS 1ER (MILIEU),SO42-_IC,559800.0,396000.0,26191,0,GEO_ORPHAN_XY_2M,,,,,,
staging.raw_idp_2024_mesures_qualite_marche_cadre,2631,2025-11-05,,BARRAGE IDRISS 1ER (MILIEU),Fe2+,559800.0,396000.0,26191,0,GEO_ORPHAN_XY_2M,,,,,,
staging.raw_idp_2024_mesures_qualite_marche_cadre,2632,2025-11-05,,BARRAGE IDRISS 1ER (MILIEU),Mn5,559800.0,396000.0,26191,0,GEO_ORPHAN_XY_2M,,,,,,
staging.raw_idp_2024_mesures_qualite_marche_cadre,2633,2025-11-05,,BARRAGE IDRISS 1ER (MILIEU),Chl a,559800.0,396000.0,26191,0,GEO_ORPHAN_XY_2M,,,,,,
staging.raw_idp_2024_mesures_qualite_marche_cadre,2634,2025-11-05,,BARRAGE IDRISS 1ER (FOND),NH4+ Spect,559800.0,396000.0,26191,0,GEO_ORPHAN_XY_2M,,,,,,
staging.raw_idp_2024_mesures_qualite_marche_cadre,2635,2025-11-05,,BARRAGE IDRISS 1ER (FOND),NH4+ ,559800.0,396000.0,26191,0,GEO_ORPHAN_XY_2M,,,,,,
staging.raw_idp_2024_mesures_qualite_marche_cadre,2636,2025-11-05,,BARRAGE IDRISS 1ER (FOND),PT,559800.0,396000.0,26191,0,GEO_ORPHAN_XY_2M,,,,,,
staging.raw_idp_2024_mesures_qualite_marche_cadre,2637,2025-11-05,,BARRAGE IDRISS 1ER (FOND),PO43-,559800.0,396000.0,26191,0,GEO_ORPHAN_XY_2M,,,,,,
staging.raw_idp_2024_mesures_qualite_marche_cadre,2638,2025-11-05,,BARRAGE IDRISS 1ER (FOND),MEST Filtr,559800.0,396000.0,26191,0,GEO_ORPHAN_XY_2M,,,,,,
staging.raw_idp_2024_mesures_qualite_marche_cadre,2639,2025-11-05,,BARRAGE IDRISS 1ER (FOND),NO3-_Spectro,559800.0,396000.0,26191,0,GEO_ORPHAN_XY_2M,,,,,,
staging.raw_idp_2024_mesures_qualite_marche_cadre,2640,2025-11-05,,BARRAGE IDRISS 1ER (FOND),Cl-_IC,559800.0,396000.0,26191,0,GEO_ORPHAN_XY_2M,,,,,,
staging.raw_idp_2024_mesures_qualite_marche_cadre,2641,2025-11-05,,BARRAGE IDRISS 1ER (FOND),SO42-_IC,559800.0,396000.0,26191,0,GEO_ORPHAN_XY_2M,,,,,,
staging.raw_idp_2024_mesures_qualite_marche_cadre,2642,2025-11-05,,BARRAGE IDRISS 1ER (FOND),Fe2+,559800.0,396000.0,26191,0,GEO_ORPHAN_XY_2M,,,,,,
staging.raw_idp_2024_mesures_qualite_marche_cadre,2643,2025-11-05,,BARRAGE IDRISS 1ER (FOND),Mn5,559800.0,396000.0,26191,0,GEO_ORPHAN_XY_2M,,,,,,
staging.raw_idp_2024_mesures_qualite_marche_cadre,2644,2025-11-05,,BARRAGE IDRISS 1ER (FOND),Chl a,559800.0,396000.0,26191,0,GEO_ORPHAN_XY_2M,,,,,,
staging.raw_idp_2024_mesures_qualite_marche_cadre,2645,2025-11-06,,BARRAGE SAHLA (SURFACE),NH4+ Spect,567500.0,442000.0,26191,0,GEO_ORPHAN_XY_2M,,,,,,
staging.raw_idp_2024_mesures_qualite_marche_cadre,2646,2025-11-06,,BARRAGE SAHLA (SURFACE),NH4+ ,567500.0,442000.0,26191,0,GEO_ORPHAN_XY_2M,,,,,,
staging.raw_idp_2024_mesures_qualite_marche_cadre,2647,2025-11-06,,BARRAGE SAHLA (SURFACE),PT,567500.0,442000.0,26191,0,GEO_ORPHAN_XY_2M,,,,,,
staging.raw_idp_2024_mesures_qualite_marche_cadre,2648,2025-11-06,,BARRAGE SAHLA (SURFACE),PO43-,567500.0,442000.0,26191,0,GEO_ORPHAN_XY_2M,,,,,,
staging.raw_idp_2024_mesures_qualite_marche_cadre,2649,2025-11-06,,BARRAGE SAHLA (SURFACE),MEST Filtr,567500.0,442000.0,26191,0,GEO_ORPHAN_XY_2M,,,,,,
staging.raw_idp_2024_mesures_qualite_marche_cadre,2650,2025-11-06,,BARRAGE SAHLA (SURFACE),NO3-_Spectro,567500.0,442000.0,26191,0,GEO_ORPHAN_XY_2M,,,,,,
staging.raw_idp_2024_mesures_qualite_marche_cadre,2651,2025-11-06,,BARRAGE SAHLA (SURFACE),Cl-_IC,567500.0,442000.0,26191,0,GEO_ORPHAN_XY_2M,,,,,,
staging.raw_idp_2024_mesures_qualite_marche_cadre,2652,2025-11-06,,BARRAGE SAHLA (SURFACE),SO42-_IC,567500.0,442000.0,26191,0,GEO_ORPHAN_XY_2M,,,,,,
staging.raw_idp_2024_mesures_qualite_marche_cadre,2653,2025-11-06,,BARRAGE SAHLA (SURFACE),Fe2+,567500.0,442000.0,26191,0,GEO_ORPHAN_XY_2M,,,,,,
staging.raw_idp_2024_mesures_qualite_marche_cadre,2654,2025-11-06,,BARRAGE SAHLA (SURFACE),Mn5,567500.0,442000.0,26191,0,GEO_ORPHAN_XY_2M,,,,,,
staging.raw_idp_2024_mesures_qualite_marche_cadre,2655,2025-11-06,,BARRAGE SAHLA (SURFACE),Chl a,567500.0,442000.0,26191,0,GEO_ORPHAN_XY_2M,,,,,,
staging.raw_idp_2024_mesures_qualite_marche_cadre,2656,2025-11-06,,BARRAGE SAHLA (MILIEU),NH4+ Spect,567500.0,442000.0,26191,0,GEO_ORPHAN_XY_2M,,,,,,
staging.raw_idp_2024_mesures_qualite_marche_cadre,2657,2025-11-06,,BARRAGE SAHLA (MILIEU),NH4+ ,567500.0,442000.0,26191,0,GEO_ORPHAN_XY_2M,,,,,,
staging.raw_idp_2024_mesures_qualite_marche_cadre,2658,2025-11-06,,BARRAGE SAHLA (MILIEU),PT,567500.0,442000.0,26191,0,GEO_ORPHAN_XY_2M,,,,,,
staging.raw_idp_2024_mesures_qualite_marche_cadre,2659,2025-11-06,,BARRAGE SAHLA (MILIEU),PO43-,567500.0,442000.0,26191,0,GEO_ORPHAN_XY_2M,,,,,,
staging.raw_idp_2024_mesures_qualite_marche_cadre,2660,2025-11-06,,BARRAGE SAHLA (MILIEU),MEST Filtr,567500.0,442000.0,26191,0,GEO_ORPHAN_XY_2M,,,,,,
staging.raw_idp_2024_mesures_qualite_marche_cadre,2661,2025-11-06,,BARRAGE SAHLA (MILIEU),NO3-_Spectro,567500.0,442000.0,26191,0,GEO_ORPHAN_XY_2M,,,,,,
staging.raw_idp_2024_mesures_qualite_marche_cadre,2662,2025-11-06,,BARRAGE SAHLA (MILIEU),Cl-_IC,567500.0,442000.0,26191,0,GEO_ORPHAN_XY_2M,,,,,,
staging.raw_idp_2024_mesures_qualite_marche_cadre,2663,2025-11-06,,BARRAGE SAHLA (MILIEU),SO42-_IC,567500.0,442000.0,26191,0,GEO_ORPHAN_XY_2M,,,,,,
staging.raw_idp_2024_mesures_qualite_marche_cadre,2664,2025-11-06,,BARRAGE SAHLA (MILIEU),Fe2+,567500.0,442000.0,26191,0,GEO_ORPHAN_XY_2M,,,,,,
staging.raw_idp_2024_mesures_qualite_marche_cadre,2665,2025-11-06,,BARRAGE SAHLA (MILIEU),Mn5,567500.0,442000.0,26191,0,GEO_ORPHAN_XY_2M,,,,,,
staging.raw_idp_2024_mesures_qualite_marche_cadre,2666,2025-11-06,,BARRAGE SAHLA (MILIEU),Chl a,567500.0,442000.0,26191,0,GEO_ORPHAN_XY_2M,,,,,,
staging.raw_idp_2024_mesures_qualite_marche_cadre,2667,2025-11-06,,BARRAGE SAHLA (FOND),NH4+ Spect,567500.0,442000.0,26191,0,GEO_ORPHAN_XY_2M,,,,,,
staging.raw_idp_2024_mesures_qualite_marche_cadre,2668,2025-11-06,,BARRAGE SAHLA (FOND),NH4+ ,567500.0,442000.0,26191,0,GEO_ORPHAN_XY_2M,,,,,,
staging.raw_idp_2024_mesures_qualite_marche_cadre,2669,2025-11-06,,BARRAGE SAHLA (FOND),PT,567500.0,442000.0,26191,0,GEO_ORPHAN_XY_2M,,,,,,
staging.raw_idp_2024_mesures_qualite_marche_cadre,2670,2025-11-06,,BARRAGE SAHLA (FOND),PO43-,567500.0,442000.0,26191,0,GEO_ORPHAN_XY_2M,,,,,,
staging.raw_idp_2024_mesures_qualite_marche_cadre,2671,2025-11-06,,BARRAGE SAHLA (FOND),MEST Filtr,567500.0,442000.0,26191,0,GEO_ORPHAN_XY_2M,,,,,,
staging.raw_idp_2024_mesures_qualite_marche_cadre,2672,2025-11-06,,BARRAGE SAHLA (FOND),NO3-_Spectro,567500.0,442000.0,26191,0,GEO_ORPHAN_XY_2M,,,,,,
staging.raw_idp_2024_mesures_qualite_marche_cadre,2673,2025-11-06,,BARRAGE SAHLA (FOND),Cl-_IC,567500.0,442000.0,26191,0,GEO_ORPHAN_XY_2M,,,,,,
staging.raw_idp_2024_mesures_qualite_marche_cadre,2674,2025-11-06,,BARRAGE SAHLA (FOND),SO42-_IC,567500.0,442000.0,26191,0,GEO_ORPHAN_XY_2M,,,,,,
staging.raw_idp_2024_mesures_qualite_marche_cadre,2675,2025-11-06,,BARRAGE SAHLA (FOND),Fe2+,567500.0,442000.0,26191,0,GEO_ORPHAN_XY_2M,,,,,,
staging.raw_idp_2024_mesures_qualite_marche_cadre,2676,2025-11-06,,BARRAGE SAHLA (FOND),Mn5,567500.0,442000.0,26191,0,GEO_ORPHAN_XY_2M,,,,,,
staging.raw_idp_2024_mesures_qualite_marche_cadre,2677,2025-11-06,,BARRAGE SAHLA (FOND),Chl a,567500.0,442000.0,26191,0,GEO_ORPHAN_XY_2M,,,,,,
staging.raw_idp_2024_mesures_qualite_marche_cadre,2743,2025-11-10,,BARRAGE ALLAL EL FASSI (SURFACE),NH4+ Spect,566743.0,370400.0,26191,0,GEO_ORPHAN_XY_2M,,,,,,
staging.raw_idp_2024_mesures_qualite_marche_cadre,2744,2025-11-10,,BARRAGE ALLAL EL FASSI (SURFACE),NH4+ ,566743.0,370400.0,26191,0,GEO_ORPHAN_XY_2M,,,,,,
staging.raw_idp_2024_mesures_qualite_marche_cadre,2745,2025-11-10,,BARRAGE ALLAL EL FASSI (SURFACE),PT,566743.0,370400.0,26191,0,GEO_ORPHAN_XY_2M,,,,,,
staging.raw_idp_2024_mesures_qualite_marche_cadre,2746,2025-11-10,,BARRAGE ALLAL EL FASSI (SURFACE),PO43-,566743.0,370400.0,26191,0,GEO_ORPHAN_XY_2M,,,,,,
staging.raw_idp_2024_mesures_qualite_marche_cadre,2747,2025-11-10,,BARRAGE ALLAL EL FASSI (SURFACE),MEST Filtr,566743.0,370400.0,26191,0,GEO_ORPHAN_XY_2M,,,,,,
staging.raw_idp_2024_mesures_qualite_marche_cadre,2748,2025-11-10,,BARRAGE ALLAL EL FASSI (SURFACE),NO3-_Spectro,566743.0,370400.0,26191,0,GEO_ORPHAN_XY_2M,,,,,,
staging.raw_idp_2024_mesures_qualite_marche_cadre,2749,2025-11-10,,BARRAGE ALLAL EL FASSI (SURFACE),Cl-_IC,566743.0,370400.0,26191,0,GEO_ORPHAN_XY_2M,,,,,,
staging.raw_idp_2024_mesures_qualite_marche_cadre,2750,2025-11-10,,BARRAGE ALLAL EL FASSI (SURFACE),SO42-_IC,566743.0,370400.0,26191,0,GEO_ORPHAN_XY_2M,,,,,,
staging.raw_idp_2024_mesures_qualite_marche_cadre,2751,2025-11-10,,BARRAGE ALLAL EL FASSI (SURFACE),Fe2+,566743.0,370400.0,26191,0,GEO_ORPHAN_XY_2M,,,,,,
staging.raw_idp_2024_mesures_qualite_marche_cadre,2752,2025-11-10,,BARRAGE ALLAL EL FASSI (SURFACE),Mn5,566743.0,370400.0,26191,0,GEO_ORPHAN_XY_2M,,,,,,
staging.raw_idp_2024_mesures_qualite_marche_cadre,2753,2025-11-10,,BARRAGE ALLAL EL FASSI (SURFACE),Chl a,566743.0,370400.0,26191,0,GEO_ORPHAN_XY_2M,,,,,,
staging.raw_idp_2024_mesures_qualite_marche_cadre,2754,2025-11-10,,BARRAGE ALLAL EL FASSI (MILIEU),NH4+ Spect,566743.0,370400.0,26191,0,GEO_ORPHAN_XY_2M,,,,,,
staging.raw_idp_2024_mesures_qualite_marche_cadre,2755,2025-11-10,,BARRAGE ALLAL EL FASSI (MILIEU),NH4+ ,566743.0,370400.0,26191,0,GEO_ORPHAN_XY_2M,,,,,,
staging.raw_idp_2024_mesures_qualite_marche_cadre,2756,2025-11-10,,BARRAGE ALLAL EL FASSI (MILIEU),PT,566743.0,370400.0,26191,0,GEO_ORPHAN_XY_2M,,,,,,
staging.raw_idp_2024_mesures_qualite_marche_cadre,2757,2025-11-10,,BARRAGE ALLAL EL FASSI (MILIEU),PO43-,566743.0,370400.0,26191,0,GEO_ORPHAN_XY_2M,,,,,,
staging.raw_idp_2024_mesures_qualite_marche_cadre,2758,2025-11-10,,BARRAGE ALLAL EL FASSI (MILIEU),MEST Filtr,566743.0,370400.0,26191,0,GEO_ORPHAN_XY_2M,,,,,,
staging.raw_idp_2024_mesures_qualite_marche_cadre,2759,2025-11-10,,BARRAGE ALLAL EL FASSI (MILIEU),NO3-_Spectro,566743.0,370400.0,26191,0,GEO_ORPHAN_XY_2M,,,,,,
staging.raw_idp_2024_mesures_qualite_marche_cadre,2760,2025-11-10,,BARRAGE ALLAL EL FASSI (MILIEU),Cl-_IC,566743.0,370400.0,26191,0,GEO_ORPHAN_XY_2M,,,,,,
staging.raw_idp_2024_mesures_qualite_marche_cadre,2761,2025-11-10,,BARRAGE ALLAL EL FASSI (MILIEU),SO42-_IC,566743.0,370400.0,26191,0,GEO_ORPHAN_XY_2M,,,,,,
staging.raw_idp_2024_mesures_qualite_marche_cadre,2762,2025-11-10,,BARRAGE ALLAL EL FASSI (MILIEU),Fe2+,566743.0,370400.0,26191,0,GEO_ORPHAN_XY_2M,,,,,,
staging.raw_idp_2024_mesures_qualite_marche_cadre,2763,2025-11-10,,BARRAGE ALLAL EL FASSI (MILIEU),Mn5,566743.0,370400.0,26191,0,GEO_ORPHAN_XY_2M,,,,,,
staging.raw_idp_2024_mesures_qualite_marche_cadre,2764,2025-11-10,,BARRAGE ALLAL EL FASSI (MILIEU),Chl a,566743.0,370400.0,26191,0,GEO_ORPHAN_XY_2M,,,,,,
staging.raw_idp_2024_mesures_qualite_marche_cadre,2765,2025-11-10,,BARRAGE ALLAL EL FASSI (FOND),NH4+ Spect,566743.0,370400.0,26191,0,GEO_ORPHAN_XY_2M,,,,,,
staging.raw_idp_2024_mesures_qualite_marche_cadre,2766,2025-11-10,,BARRAGE ALLAL EL FASSI (FOND),NH4+ ,566743.0,370400.0,26191,0,GEO_ORPHAN_XY_2M,,,,,,
staging.raw_idp_2024_mesures_qualite_marche_cadre,2767,2025-11-10,,BARRAGE ALLAL EL FASSI (FOND),PT,566743.0,370400.0,26191,0,GEO_ORPHAN_XY_2M,,,,,,
staging.raw_idp_2024_mesures_qualite_marche_cadre,2768,2025-11-10,,BARRAGE ALLAL EL FASSI (FOND),PO43-,566743.0,370400.0,26191,0,GEO_ORPHAN_XY_2M,,,,,,
staging.raw_idp_2024_mesures_qualite_marche_cadre,2769,2025-11-10,,BARRAGE ALLAL EL FASSI (FOND),MEST Filtr,566743.0,370400.0,26191,0,GEO_ORPHAN_XY_2M,,,,,,
staging.raw_idp_2024_mesures_qualite_marche_cadre,2770,2025-11-10,,BARRAGE ALLAL EL FASSI (FOND),NO3-_Spectro,566743.0,370400.0,26191,0,GEO_ORPHAN_XY_2M,,,,,,
staging.raw_idp_2024_mesures_qualite_marche_cadre,2771,2025-11-10,,BARRAGE ALLAL EL FASSI (FOND),Cl-_IC,566743.0,370400.0,26191,0,GEO_ORPHAN_XY_2M,,,,,,
staging.raw_idp_2024_mesures_qualite_marche_cadre,2772,2025-11-10,,BARRAGE ALLAL EL FASSI (FOND),SO42-_IC,566743.0,370400.0,26191,0,GEO_ORPHAN_XY_2M,,,,,,
staging.raw_idp_2024_mesures_qualite_marche_cadre,2773,2025-11-10,,BARRAGE ALLAL EL FASSI (FOND),Fe2+,566743.0,370400.0,26191,0,GEO_ORPHAN_XY_2M,,,,,,
staging.raw_idp_2024_mesures_qualite_marche_cadre,2774,2025-11-10,,BARRAGE ALLAL EL FASSI (FOND),Mn5,566743.0,370400.0,26191,0,GEO_ORPHAN_XY_2M,,,,,,
staging.raw_idp_2024_mesures_qualite_marche_cadre,2775,2025-11-10,,BARRAGE ALLAL EL FASSI (FOND),Chl a,566743.0,370400.0,26191,0,GEO_ORPHAN_XY_2M,,,,,,
staging.raw_idp_2024_mesures_qualite_marche_cadre,2840,2025-11-11,,BARRAGE SIDI ECHAHED (SURFACE),NH4+ Spect,507232.0,389307.0,26191,0,GEO_ORPHAN_XY_2M,,,,,,
staging.raw_idp_2024_mesures_qualite_marche_cadre,2841,2025-11-11,,BARRAGE SIDI ECHAHED (SURFACE),NH4+ ,507232.0,389307.0,26191,0,GEO_ORPHAN_XY_2M,,,,,,
staging.raw_idp_2024_mesures_qualite_marche_cadre,2842,2025-11-11,,BARRAGE SIDI ECHAHED (SURFACE),PT,507232.0,389307.0,26191,0,GEO_ORPHAN_XY_2M,,,,,,
staging.raw_idp_2024_mesures_qualite_marche_cadre,2843,2025-11-11,,BARRAGE SIDI ECHAHED (SURFACE),PO43-,507232.0,389307.0,26191,0,GEO_ORPHAN_XY_2M,,,,,,
staging.raw_idp_2024_mesures_qualite_marche_cadre,2844,2025-11-11,,BARRAGE SIDI ECHAHED (SURFACE),MEST Filtr,507232.0,389307.0,26191,0,GEO_ORPHAN_XY_2M,,,,,,
staging.raw_idp_2024_mesures_qualite_marche_cadre,2845,2025-11-11,,BARRAGE SIDI ECHAHED (SURFACE),NO3-_Spectro,507232.0,389307.0,26191,0,GEO_ORPHAN_XY_2M,,,,,,
staging.raw_idp_2024_mesures_qualite_marche_cadre,2846,2025-11-11,,BARRAGE SIDI ECHAHED (SURFACE),Cl-_IC,507232.0,389307.0,26191,0,GEO_ORPHAN_XY_2M,,,,,,
staging.raw_idp_2024_mesures_qualite_marche_cadre,2847,2025-11-11,,BARRAGE SIDI ECHAHED (SURFACE),SO42-_IC,507232.0,389307.0,26191,0,GEO_ORPHAN_XY_2M,,,,,,
staging.raw_idp_2024_mesures_qualite_marche_cadre,2848,2025-11-11,,BARRAGE SIDI ECHAHED (SURFACE),Fe2+,507232.0,389307.0,26191,0,GEO_ORPHAN_XY_2M,,,,,,
staging.raw_idp_2024_mesures_qualite_marche_cadre,2849,2025-11-11,,BARRAGE SIDI ECHAHED (SURFACE),Mn5,507232.0,389307.0,26191,0,GEO_ORPHAN_XY_2M,,,,,,
staging.raw_idp_2024_mesures_qualite_marche_cadre,2850,2025-11-11,,BARRAGE SIDI ECHAHED (SURFACE),Chl a,507232.0,389307.0,26191,0,GEO_ORPHAN_XY_2M,,,,,,
staging.raw_idp_2024_mesures_qualite_marche_cadre,2851,2025-11-11,,BARRAGE SIDI ECHAHED (MILIEU),NH4+ Spect,507232.0,389307.0,26191,0,GEO_ORPHAN_XY_2M,,,,,,
staging.raw_idp_2024_mesures_qualite_marche_cadre,2852,2025-11-11,,BARRAGE SIDI ECHAHED (MILIEU),NH4+ ,507232.0,389307.0,26191,0,GEO_ORPHAN_XY_2M,,,,,,
staging.raw_idp_2024_mesures_qualite_marche_cadre,2853,2025-11-11,,BARRAGE SIDI ECHAHED (MILIEU),PT,507232.0,389307.0,26191,0,GEO_ORPHAN_XY_2M,,,,,,
staging.raw_idp_2024_mesures_qualite_marche_cadre,2854,2025-11-11,,BARRAGE SIDI ECHAHED (MILIEU),PO43-,507232.0,389307.0,26191,0,GEO_ORPHAN_XY_2M,,,,,,
staging.raw_idp_2024_mesures_qualite_marche_cadre,2855,2025-11-11,,BARRAGE SIDI ECHAHED (MILIEU),MEST Filtr,507232.0,389307.0,26191,0,GEO_ORPHAN_XY_2M,,,,,,
staging.raw_idp_2024_mesures_qualite_marche_cadre,2856,2025-11-11,,BARRAGE SIDI ECHAHED (MILIEU),NO3-_Spectro,507232.0,389307.0,26191,0,GEO_ORPHAN_XY_2M,,,,,,
staging.raw_idp_2024_mesures_qualite_marche_cadre,2857,2025-11-11,,BARRAGE SIDI ECHAHED (MILIEU),Cl-_IC,507232.0,389307.0,26191,0,GEO_ORPHAN_XY_2M,,,,,,
staging.raw_idp_2024_mesures_qualite_marche_cadre,2858,2025-11-11,,BARRAGE SIDI ECHAHED (MILIEU),SO42-_IC,507232.0,389307.0,26191,0,GEO_ORPHAN_XY_2M,,,,,,
staging.raw_idp_2024_mesures_qualite_marche_cadre,2859,2025-11-11,,BARRAGE SIDI ECHAHED (MILIEU),Fe2+,507232.0,389307.0,26191,0,GEO_ORPHAN_XY_2M,,,,,,
staging.raw_idp_2024_mesures_qualite_marche_cadre,2860,2025-11-11,,BARRAGE SIDI ECHAHED (MILIEU),Mn5,507232.0,389307.0,26191,0,GEO_ORPHAN_XY_2M,,,,,,
staging.raw_idp_2024_mesures_qualite_marche_cadre,2861,2025-11-11,,BARRAGE SIDI ECHAHED (MILIEU),Chl a,507232.0,389307.0,26191,0,GEO_ORPHAN_XY_2M,,,,,,
staging.raw_idp_2024_mesures_qualite_marche_cadre,2862,2025-11-11,,BARRAGE SIDI ECHAHED (FOND),NH4+ Spect,507232.0,389307.0,26191,0,GEO_ORPHAN_XY_2M,,,,,,
staging.raw_idp_2024_mesures_qualite_marche_cadre,2863,2025-11-11,,BARRAGE SIDI ECHAHED (FOND),NH4+ ,507232.0,389307.0,26191,0,GEO_ORPHAN_XY_2M,,,,,,
staging.raw_idp_2024_mesures_qualite_marche_cadre,2864,2025-11-11,,BARRAGE SIDI ECHAHED (FOND),PT,507232.0,389307.0,26191,0,GEO_ORPHAN_XY_2M,,,,,,
staging.raw_idp_2024_mesures_qualite_marche_cadre,2865,2025-11-11,,BARRAGE SIDI ECHAHED (FOND),PO43-,507232.0,389307.0,26191,0,GEO_ORPHAN_XY_2M,,,,,,
staging.raw_idp_2024_mesures_qualite_marche_cadre,2866,2025-11-11,,BARRAGE SIDI ECHAHED (FOND),MEST Filtr,507232.0,389307.0,26191,0,GEO_ORPHAN_XY_2M,,,,,,
staging.raw_idp_2024_mesures_qualite_marche_cadre,2867,2025-11-11,,BARRAGE SIDI ECHAHED (FOND),NO3-_Spectro,507232.0,389307.0,26191,0,GEO_ORPHAN_XY_2M,,,,,,
staging.raw_idp_2024_mesures_qualite_marche_cadre,2868,2025-11-11,,BARRAGE SIDI ECHAHED (FOND),Cl-_IC,507232.0,389307.0,26191,0,GEO_ORPHAN_XY_2M,,,,,,
staging.raw_idp_2024_mesures_qualite_marche_cadre,2869,2025-11-11,,BARRAGE SIDI ECHAHED (FOND),SO42-_IC,507232.0,389307.0,26191,0,GEO_ORPHAN_XY_2M,,,,,,
staging.raw_idp_2024_mesures_qualite_marche_cadre,2870,2025-11-11,,BARRAGE SIDI ECHAHED (FOND),Fe2+,507232.0,389307.0,26191,0,GEO_ORPHAN_XY_2M,,,,,,
staging.raw_idp_2024_mesures_qualite_marche_cadre,2871,2025-11-11,,BARRAGE SIDI ECHAHED (FOND),Mn5,507232.0,389307.0,26191,0,GEO_ORPHAN_XY_2M,,,,,,
staging.raw_idp_2024_mesures_qualite_marche_cadre,2872,2025-11-11,,BARRAGE SIDI ECHAHED (FOND),Chl a,507232.0,389307.0,26191,0,GEO_ORPHAN_XY_2M,,,,,,
staging.raw_idp_2024_mesures_qualite_marche_cadre,2873,2025-11-12,,BARRAGE OULJET SOLTANE (SURFACE),NH4+ Spect,454917.0,339829.0,26191,0,GEO_ORPHAN_XY_2M,,,,,,
staging.raw_idp_2024_mesures_qualite_marche_cadre,2874,2025-11-12,,BARRAGE OULJET SOLTANE (SURFACE),NH4+ ,454917.0,339829.0,26191,0,GEO_ORPHAN_XY_2M,,,,,,
staging.raw_idp_2024_mesures_qualite_marche_cadre,2875,2025-11-12,,BARRAGE OULJET SOLTANE (SURFACE),PT,454917.0,339829.0,26191,0,GEO_ORPHAN_XY_2M,,,,,,
staging.raw_idp_2024_mesures_qualite_marche_cadre,2876,2025-11-12,,BARRAGE OULJET SOLTANE (SURFACE),PO43-,454917.0,339829.0,26191,0,GEO_ORPHAN_XY_2M,,,,,,
staging.raw_idp_2024_mesures_qualite_marche_cadre,2877,2025-11-12,,BARRAGE OULJET SOLTANE (SURFACE),MEST Filtr,454917.0,339829.0,26191,0,GEO_ORPHAN_XY_2M,,,,,,
staging.raw_idp_2024_mesures_qualite_marche_cadre,2878,2025-11-12,,BARRAGE OULJET SOLTANE (SURFACE),NO3-_Spectro,454917.0,339829.0,26191,0,GEO_ORPHAN_XY_2M,,,,,,
staging.raw_idp_2024_mesures_qualite_marche_cadre,2879,2025-11-12,,BARRAGE OULJET SOLTANE (SURFACE),Cl-_IC,454917.0,339829.0,26191,0,GEO_ORPHAN_XY_2M,,,,,,
staging.raw_idp_2024_mesures_qualite_marche_cadre,2880,2025-11-12,,BARRAGE OULJET SOLTANE (SURFACE),SO42-_IC,454917.0,339829.0,26191,0,GEO_ORPHAN_XY_2M,,,,,,
staging.raw_idp_2024_mesures_qualite_marche_cadre,2881,2025-11-12,,BARRAGE OULJET SOLTANE (SURFACE),Fe2+,454917.0,339829.0,26191,0,GEO_ORPHAN_XY_2M,,,,,,
staging.raw_idp_2024_mesures_qualite_marche_cadre,2882,2025-11-12,,BARRAGE OULJET SOLTANE (SURFACE),Mn5,454917.0,339829.0,26191,0,GEO_ORPHAN_XY_2M,,,,,,
staging.raw_idp_2024_mesures_qualite_marche_cadre,2883,2025-11-12,,BARRAGE OULJET SOLTANE (SURFACE),Chl a,454917.0,339829.0,26191,0,GEO_ORPHAN_XY_2M,,,,,,
staging.raw_idp_2024_mesures_qualite_marche_cadre,2884,2025-11-12,,BARRAGE OULJET SOLTANE (MILIEU),NH4+ Spect,454917.0,339829.0,26191,0,GEO_ORPHAN_XY_2M,,,,,,
staging.raw_idp_2024_mesures_qualite_marche_cadre,2885,2025-11-12,,BARRAGE OULJET SOLTANE (MILIEU),NH4+ ,454917.0,339829.0,26191,0,GEO_ORPHAN_XY_2M,,,,,,
staging.raw_idp_2024_mesures_qualite_marche_cadre,2886,2025-11-12,,BARRAGE OULJET SOLTANE (MILIEU),PT,454917.0,339829.0,26191,0,GEO_ORPHAN_XY_2M,,,,,,
staging.raw_idp_2024_mesures_qualite_marche_cadre,2887,2025-11-12,,BARRAGE OULJET SOLTANE (MILIEU),PO43-,454917.0,339829.0,26191,0,GEO_ORPHAN_XY_2M,,,,,,
staging.raw_idp_2024_mesures_qualite_marche_cadre,2888,2025-11-12,,BARRAGE OULJET SOLTANE (MILIEU),MEST Filtr,454917.0,339829.0,26191,0,GEO_ORPHAN_XY_2M,,,,,,
staging.raw_idp_2024_mesures_qualite_marche_cadre,2889,2025-11-12,,BARRAGE OULJET SOLTANE (MILIEU),NO3-_Spectro,454917.0,339829.0,26191,0,GEO_ORPHAN_XY_2M,,,,,,
staging.raw_idp_2024_mesures_qualite_marche_cadre,2890,2025-11-12,,BARRAGE OULJET SOLTANE (MILIEU),Cl-_IC,454917.0,339829.0,26191,0,GEO_ORPHAN_XY_2M,,,,,,
staging.raw_idp_2024_mesures_qualite_marche_cadre,2891,2025-11-12,,BARRAGE OULJET SOLTANE (MILIEU),SO42-_IC,454917.0,339829.0,26191,0,GEO_ORPHAN_XY_2M,,,,,,
staging.raw_idp_2024_mesures_qualite_marche_cadre,2892,2025-11-12,,BARRAGE OULJET SOLTANE (MILIEU),Fe2+,454917.0,339829.0,26191,0,GEO_ORPHAN_XY_2M,,,,,,
staging.raw_idp_2024_mesures_qualite_marche_cadre,2893,2025-11-12,,BARRAGE OULJET SOLTANE (MILIEU),Mn5,454917.0,339829.0,26191,0,GEO_ORPHAN_XY_2M,,,,,,
staging.raw_idp_2024_mesures_qualite_marche_cadre,2894,2025-11-12,,BARRAGE OULJET SOLTANE (MILIEU),Chl a,454917.0,339829.0,26191,0,GEO_ORPHAN_XY_2M,,,,,,
staging.raw_idp_2024_mesures_qualite_marche_cadre,2895,2025-11-12,,BARRAGE OULJET SOLTANE (FOND),NH4+ Spect,454917.0,339829.0,26191,0,GEO_ORPHAN_XY_2M,,,,,,
staging.raw_idp_2024_mesures_qualite_marche_cadre,2896,2025-11-12,,BARRAGE OULJET SOLTANE (FOND),NH4+ ,454917.0,339829.0,26191,0,GEO_ORPHAN_XY_2M,,,,,,
staging.raw_idp_2024_mesures_qualite_marche_cadre,2897,2025-11-12,,BARRAGE OULJET SOLTANE (FOND),PT,454917.0,339829.0,26191,0,GEO_ORPHAN_XY_2M,,,,,,
staging.raw_idp_2024_mesures_qualite_marche_cadre,2898,2025-11-12,,BARRAGE OULJET SOLTANE (FOND),PO43-,454917.0,339829.0,26191,0,GEO_ORPHAN_XY_2M,,,,,,
staging.raw_idp_2024_mesures_qualite_marche_cadre,2899,2025-11-12,,BARRAGE OULJET SOLTANE (FOND),MEST Filtr,454917.0,339829.0,26191,0,GEO_ORPHAN_XY_2M,,,,,,
staging.raw_idp_2024_mesures_qualite_marche_cadre,2900,2025-11-12,,BARRAGE OULJET SOLTANE (FOND),NO3-_Spectro,454917.0,339829.0,26191,0,GEO_ORPHAN_XY_2M,,,,,,
staging.raw_idp_2024_mesures_qualite_marche_cadre,2901,2025-11-12,,BARRAGE OULJET SOLTANE (FOND),Cl-_IC,454917.0,339829.0,26191,0,GEO_ORPHAN_XY_2M,,,,,,
staging.raw_idp_2024_mesures_qualite_marche_cadre,2902,2025-11-12,,BARRAGE OULJET SOLTANE (FOND),SO42-_IC,454917.0,339829.0,26191,0,GEO_ORPHAN_XY_2M,,,,,,
staging.raw_idp_2024_mesures_qualite_marche_cadre,2903,2025-11-12,,BARRAGE OULJET SOLTANE (FOND),Fe2+,454917.0,339829.0,26191,0,GEO_ORPHAN_XY_2M,,,,,,
staging.raw_idp_2024_mesures_qualite_marche_cadre,2904,2025-11-12,,BARRAGE OULJET SOLTANE (FOND),Mn5,454917.0,339829.0,26191,0,GEO_ORPHAN_XY_2M,,,,,,
staging.raw_idp_2024_mesures_qualite_marche_cadre,2905,2025-11-12,,BARRAGE OULJET SOLTANE (FOND),Chl a,454917.0,339829.0,26191,0,GEO_ORPHAN_XY_2M,,,,,,
staging.raw_idp_2024_mesures_qualite_marche_cadre,3004,2025-11-13,,BARRAGE EL KANSRA (SURFACE),NH4+ Spect,454000.0,382400.0,26191,0,GEO_ORPHAN_XY_2M,,,,,,
staging.raw_idp_2024_mesures_qualite_marche_cadre,3005,2025-11-13,,BARRAGE EL KANSRA (SURFACE),NH4+ ,454000.0,382400.0,26191,0,GEO_ORPHAN_XY_2M,,,,,,
staging.raw_idp_2024_mesures_qualite_marche_cadre,3006,2025-11-13,,BARRAGE EL KANSRA (SURFACE),PT,454000.0,382400.0,26191,0,GEO_ORPHAN_XY_2M,,,,,,
staging.raw_idp_2024_mesures_qualite_marche_cadre,3007,2025-11-13,,BARRAGE EL KANSRA (SURFACE),PO43-,454000.0,382400.0,26191,0,GEO_ORPHAN_XY_2M,,,,,,
staging.raw_idp_2024_mesures_qualite_marche_cadre,3008,2025-11-13,,BARRAGE EL KANSRA (SURFACE),MEST Filtr,454000.0,382400.0,26191,0,GEO_ORPHAN_XY_2M,,,,,,
staging.raw_idp_2024_mesures_qualite_marche_cadre,3009,2025-11-13,,BARRAGE EL KANSRA (SURFACE),NO3-_Spectro,454000.0,382400.0,26191,0,GEO_ORPHAN_XY_2M,,,,,,
staging.raw_idp_2024_mesures_qualite_marche_cadre,3010,2025-11-13,,BARRAGE EL KANSRA (SURFACE),Cl-_IC,454000.0,382400.0,26191,0,GEO_ORPHAN_XY_2M,,,,,,
staging.raw_idp_2024_mesures_qualite_marche_cadre,3011,2025-11-13,,BARRAGE EL KANSRA (SURFACE),SO42-_IC,454000.0,382400.0,26191,0,GEO_ORPHAN_XY_2M,,,,,,
staging.raw_idp_2024_mesures_qualite_marche_cadre,3012,2025-11-13,,BARRAGE EL KANSRA (SURFACE),Fe2+,454000.0,382400.0,26191,0,GEO_ORPHAN_XY_2M,,,,,,
staging.raw_idp_2024_mesures_qualite_marche_cadre,3013,2025-11-13,,BARRAGE EL KANSRA (SURFACE),Mn5,454000.0,382400.0,26191,0,GEO_ORPHAN_XY_2M,,,,,,
staging.raw_idp_2024_mesures_qualite_marche_cadre,3014,2025-11-13,,BARRAGE EL KANSRA (SURFACE),Chl a,454000.0,382400.0,26191,0,GEO_ORPHAN_XY_2M,,,,,,
staging.raw_idp_2024_mesures_qualite_marche_cadre,3015,2025-11-13,,BARRAGE EL KANSRA (MILIEU),NH4+ Spect,454000.0,382400.0,26191,0,GEO_ORPHAN_XY_2M,,,,,,
staging.raw_idp_2024_mesures_qualite_marche_cadre,3016,2025-11-13,,BARRAGE EL KANSRA (MILIEU),NH4+ ,454000.0,382400.0,26191,0,GEO_ORPHAN_XY_2M,,,,,,
staging.raw_idp_2024_mesures_qualite_marche_cadre,3017,2025-11-13,,BARRAGE EL KANSRA (MILIEU),PT,454000.0,382400.0,26191,0,GEO_ORPHAN_XY_2M,,,,,,
staging.raw_idp_2024_mesures_qualite_marche_cadre,3018,2025-11-13,,BARRAGE EL KANSRA (MILIEU),PO43-,454000.0,382400.0,26191,0,GEO_ORPHAN_XY_2M,,,,,,
staging.raw_idp_2024_mesures_qualite_marche_cadre,3019,2025-11-13,,BARRAGE EL KANSRA (MILIEU),MEST Filtr,454000.0,382400.0,26191,0,GEO_ORPHAN_XY_2M,,,,,,
staging.raw_idp_2024_mesures_qualite_marche_cadre,3020,2025-11-13,,BARRAGE EL KANSRA (MILIEU),NO3-_Spectro,454000.0,382400.0,26191,0,GEO_ORPHAN_XY_2M,,,,,,
staging.raw_idp_2024_mesures_qualite_marche_cadre,3021,2025-11-13,,BARRAGE EL KANSRA (MILIEU),Cl-_IC,454000.0,382400.0,26191,0,GEO_ORPHAN_XY_2M,,,,,,
staging.raw_idp_2024_mesures_qualite_marche_cadre,3022,2025-11-13,,BARRAGE EL KANSRA (MILIEU),SO42-_IC,454000.0,382400.0,26191,0,GEO_ORPHAN_XY_2M,,,,,,
staging.raw_idp_2024_mesures_qualite_marche_cadre,3023,2025-11-13,,BARRAGE EL KANSRA (MILIEU),Fe2+,454000.0,382400.0,26191,0,GEO_ORPHAN_XY_2M,,,,,,
staging.raw_idp_2024_mesures_qualite_marche_cadre,3024,2025-11-13,,BARRAGE EL KANSRA (MILIEU),Mn5,454000.0,382400.0,26191,0,GEO_ORPHAN_XY_2M,,,,,,
staging.raw_idp_2024_mesures_qualite_marche_cadre,3025,2025-11-13,,BARRAGE EL KANSRA (MILIEU),Chl a,454000.0,382400.0,26191,0,GEO_ORPHAN_XY_2M,,,,,,
staging.raw_idp_2024_mesures_qualite_marche_cadre,3026,2025-11-13,,BARRAGE EL KANSRA (FOND),NH4+ Spect,454000.0,382400.0,26191,0,GEO_ORPHAN_XY_2M,,,,,,
staging.raw_idp_2024_mesures_qualite_marche_cadre,3027,2025-11-13,,BARRAGE EL KANSRA (FOND),NH4+ ,454000.0,382400.0,26191,0,GEO_ORPHAN_XY_2M,,,,,,
staging.raw_idp_2024_mesures_qualite_marche_cadre,3028,2025-11-13,,BARRAGE EL KANSRA (FOND),PT,454000.0,382400.0,26191,0,GEO_ORPHAN_XY_2M,,,,,,
staging.raw_idp_2024_mesures_qualite_marche_cadre,3029,2025-11-13,,BARRAGE EL KANSRA (FOND),PO43-,454000.0,382400.0,26191,0,GEO_ORPHAN_XY_2M,,,,,,
staging.raw_idp_2024_mesures_qualite_marche_cadre,3030,2025-11-13,,BARRAGE EL KANSRA (FOND),MEST Filtr,454000.0,382400.0,26191,0,GEO_ORPHAN_XY_2M,,,,,,
staging.raw_idp_2024_mesures_qualite_marche_cadre,3031,2025-11-13,,BARRAGE EL KANSRA (FOND),NO3-_Spectro,454000.0,382400.0,26191,0,GEO_ORPHAN_XY_2M,,,,,,
staging.raw_idp_2024_mesures_qualite_marche_cadre,3032,2025-11-13,,BARRAGE EL KANSRA (FOND),Cl-_IC,454000.0,382400.0,26191,0,GEO_ORPHAN_XY_2M,,,,,,
staging.raw_idp_2024_mesures_qualite_marche_cadre,3033,2025-11-13,,BARRAGE EL KANSRA (FOND),SO42-_IC,454000.0,382400.0,26191,0,GEO_ORPHAN_XY_2M,,,,,,
staging.raw_idp_2024_mesures_qualite_marche_cadre,3034,2025-11-13,,BARRAGE EL KANSRA (FOND),Fe2+,454000.0,382400.0,26191,0,GEO_ORPHAN_XY_2M,,,,,,
staging.raw_idp_2024_mesures_qualite_marche_cadre,3035,2025-11-13,,BARRAGE EL KANSRA (FOND),Mn5,454000.0,382400.0,26191,0,GEO_ORPHAN_XY_2M,,,,,,
staging.raw_idp_2024_mesures_qualite_marche_cadre,3036,2025-11-13,,BARRAGE EL KANSRA (FOND),Chl a,454000.0,382400.0,26191,0,GEO_ORPHAN_XY_2M,,,,,,
staging.raw_idp_2024_mesures_qualite_marche_cadre,3037,2025-11-13,,PUITS SOUK EL HAD (GHAFSAI),IP,544508.0,449308.0,26191,0,GEO_ORPHAN_XY_2M,,,,,,
staging.raw_idp_2024_mesures_qualite_marche_cadre,3038,2025-11-13,,PUITS SOUK EL HAD (GHAFSAI),NH4+ Spect,544508.0,449308.0,26191,0,GEO_ORPHAN_XY_2M,,,,,,
staging.raw_idp_2024_mesures_qualite_marche_cadre,3039,2025-11-13,,PUITS SOUK EL HAD (GHAFSAI),NH4+ ,544508.0,449308.0,26191,0,GEO_ORPHAN_XY_2M,,,,,,
staging.raw_idp_2024_mesures_qualite_marche_cadre,3040,2025-11-13,,PUITS SOUK EL HAD (GHAFSAI),"Cond
25°C",544508.0,449308.0,26191,0,GEO_ORPHAN_XY_2M,,,,,,
staging.raw_idp_2024_mesures_qualite_marche_cadre,3041,2025-11-13,,PUITS SOUK EL HAD (GHAFSAI),"Cond 25°C *0,9*0,01
",544508.0,449308.0,26191,0,GEO_ORPHAN_XY_2M,,,,,,
staging.raw_idp_2024_mesures_qualite_marche_cadre,3042,2025-11-13,,PUITS SOUK EL HAD (GHAFSAI),"Cond 25°C *1,1*0,01
",544508.0,449308.0,26191,0,GEO_ORPHAN_XY_2M,,,,,,
staging.raw_idp_2024_mesures_qualite_marche_cadre,3043,2025-11-13,,PUITS SOUK EL HAD (GHAFSAI),"RS 
mesuré_à 105 °C",544508.0,449308.0,26191,0,GEO_ORPHAN_XY_2M,,,,,,
staging.raw_idp_2024_mesures_qualite_marche_cadre,3044,2025-11-13,,PUITS SOUK EL HAD (GHAFSAI),NO2- _Spectro.,544508.0,449308.0,26191,0,GEO_ORPHAN_XY_2M,,,,,,
staging.raw_idp_2024_mesures_qualite_marche_cadre,3045,2025-11-13,,PUITS SOUK EL HAD (GHAFSAI),NO3-_Spectro,544508.0,449308.0,26191,0,GEO_ORPHAN_XY_2M,,,,,,
staging.raw_idp_2024_mesures_qualite_marche_cadre,3046,2025-11-13,,PUITS SOUK EL HAD (GHAFSAI),TAC/TACs_meq/l,544508.0,449308.0,26191,0,GEO_ORPHAN_XY_2M,,,,,,
staging.raw_idp_2024_mesures_qualite_marche_cadre,3047,2025-11-13,,PUITS SOUK EL HAD (GHAFSAI),TAC/TACs_°F,544508.0,449308.0,26191,0,GEO_ORPHAN_XY_2M,,,,,,
staging.raw_idp_2024_mesures_qualite_marche_cadre,3048,2025-11-13,,PUITS SOUK EL HAD (GHAFSAI),TA/Tas_meq/l,544508.0,449308.0,26191,0,GEO_ORPHAN_XY_2M,,,,,,
staging.raw_idp_2024_mesures_qualite_marche_cadre,3049,2025-11-13,,PUITS SOUK EL HAD (GHAFSAI),TA/Tas_°F,544508.0,449308.0,26191,0,GEO_ORPHAN_XY_2M,,,,,,
staging.raw_idp_2024_mesures_qualite_marche_cadre,3050,2025-11-13,,PUITS SOUK EL HAD (GHAFSAI),HCO3,544508.0,449308.0,26191,0,GEO_ORPHAN_XY_2M,,,,,,
staging.raw_idp_2024_mesures_qualite_marche_cadre,3051,2025-11-13,,PUITS SOUK EL HAD (GHAFSAI),CO3,544508.0,449308.0,26191,0,GEO_ORPHAN_XY_2M,,,,,,
staging.raw_idp_2024_mesures_qualite_marche_cadre,3052,2025-11-13,,PUITS SOUK EL HAD (GHAFSAI),OH-,544508.0,449308.0,26191,0,GEO_ORPHAN_XY_2M,,,,,,
staging.raw_idp_2024_mesures_qualite_marche_cadre,3053,2025-11-13,,PUITS SOUK EL HAD (GHAFSAI),Cl-_IC,544508.0,449308.0,26191,0,GEO_ORPHAN_XY_2M,,,,,,
staging.raw_idp_2024_mesures_qualite_marche_cadre,3054,2025-11-13,,PUITS SOUK EL HAD (GHAFSAI),SO42-_IC,544508.0,449308.0,26191,0,GEO_ORPHAN_XY_2M,,,,,,
staging.raw_idp_2024_mesures_qualite_marche_cadre,3055,2025-11-13,,PUITS SOUK EL HAD (GHAFSAI),"somme
anions_meq/l",544508.0,449308.0,26191,0,GEO_ORPHAN_XY_2M,,,,,,
staging.raw_idp_2024_mesures_qualite_marche_cadre,3056,2025-11-13,,PUITS SOUK EL HAD (GHAFSAI),"somme
anions_mg/l",544508.0,449308.0,26191,0,GEO_ORPHAN_XY_2M,,,,,,
staging.raw_idp_2024_mesures_qualite_marche_cadre,3057,2025-11-13,,PUITS SOUK EL HAD (GHAFSAI),Ca++,544508.0,449308.0,26191,0,GEO_ORPHAN_XY_2M,,,,,,
staging.raw_idp_2024_mesures_qualite_marche_cadre,3058,2025-11-13,,PUITS SOUK EL HAD (GHAFSAI),Mg++,544508.0,449308.0,26191,0,GEO_ORPHAN_XY_2M,,,,,,
staging.raw_idp_2024_mesures_qualite_marche_cadre,3059,2025-11-13,,PUITS SOUK EL HAD (GHAFSAI),TH,544508.0,449308.0,26191,0,GEO_ORPHAN_XY_2M,,,,,,
staging.raw_idp_2024_mesures_qualite_marche_cadre,3060,2025-11-13,,PUITS SOUK EL HAD (GHAFSAI),Na+,544508.0,449308.0,26191,0,GEO_ORPHAN_XY_2M,,,,,,
staging.raw_idp_2024_mesures_qualite_marche_cadre,3061,2025-11-13,,PUITS SOUK EL HAD (GHAFSAI),K+,544508.0,449308.0,26191,0,GEO_ORPHAN_XY_2M,,,,,,
staging.raw_idp_2024_mesures_qualite_marche_cadre,3062,2025-11-13,,PUITS SOUK EL HAD (GHAFSAI),"Somme
cations_meq/l",544508.0,449308.0,26191,0,GEO_ORPHAN_XY_2M,,,,,,
staging.raw_idp_2024_mesures_qualite_marche_cadre,3063,2025-11-13,,PUITS SOUK EL HAD (GHAFSAI),"Somme
cations_mg/l",544508.0,449308.0,26191,0,GEO_ORPHAN_XY_2M,,,,,,
staging.raw_idp_2024_mesures_qualite_marche_cadre,3064,2025-11-13,,PUITS SOUK EL HAD (GHAFSAI),Bilan_Ionique,544508.0,449308.0,26191,0,GEO_ORPHAN_XY_2M,,,,,,
staging.raw_idp_2024_mesures_qualite_marche_cadre,3065,2025-11-13,,PUITS SOUK EL HAD (GHAFSAI),Na+3,544508.0,449308.0,26191,0,GEO_ORPHAN_XY_2M,,,,,,
staging.raw_idp_2024_mesures_qualite_marche_cadre,3066,2025-11-13,,PUITS SOUK EL HAD (GHAFSAI),K+4,544508.0,449308.0,26191,0,GEO_ORPHAN_XY_2M,,,,,,
staging.raw_idp_2024_mesures_qualite_marche_cadre,3067,2025-11-13,,PUITS SOUK EL HAD (GHAFSAI),Fe,544508.0,449308.0,26191,0,GEO_ORPHAN_XY_2M,,,,,,
staging.raw_idp_2024_mesures_qualite_marche_cadre,3068,2025-11-13,,PUITS SOUK EL HAD (GHAFSAI),Mn5,544508.0,449308.0,26191,0,GEO_ORPHAN_XY_2M,,,,,,
staging.raw_idp_2024_mesures_qualite_marche_cadre,3069,2025-11-13,,PUITS SOUK EL HAD (GHAFSAI),CT,544508.0,449308.0,26191,0,GEO_ORPHAN_XY_2M,,,,,,
staging.raw_idp_2024_mesures_qualite_marche_cadre,3070,2025-11-13,,PUITS SOUK EL HAD (GHAFSAI),CF,544508.0,449308.0,26191,0,GEO_ORPHAN_XY_2M,,,,,,
staging.raw_idp_2024_mesures_qualite_marche_cadre,3071,2025-11-13,,PUITS SOUK EL HAD (GHAFSAI),SF,544508.0,449308.0,26191,0,GEO_ORPHAN_XY_2M,,,,,,
staging.raw_idp_2024_mesures_qualite_marche_cadre,3111,2025-11-14,,STATION HAJRIA,DCO,552856.0,432506.0,26191,0,GEO_ORPHAN_XY_2M,,,,,,
staging.raw_idp_2024_mesures_qualite_marche_cadre,3112,2025-11-14,,STATION HAJRIA,DBO5,552856.0,432506.0,26191,0,GEO_ORPHAN_XY_2M,,,,,,
staging.raw_idp_2024_mesures_qualite_marche_cadre,3113,2025-11-14,,STATION HAJRIA,NTK Spectr,552856.0,432506.0,26191,0,GEO_ORPHAN_XY_2M,,,,,,
staging.raw_idp_2024_mesures_qualite_marche_cadre,3114,2025-11-14,,STATION HAJRIA,NH4+ Spect,552856.0,432506.0,26191,0,GEO_ORPHAN_XY_2M,,,,,,
staging.raw_idp_2024_mesures_qualite_marche_cadre,3115,2025-11-14,,STATION HAJRIA,NH4+ ,552856.0,432506.0,26191,0,GEO_ORPHAN_XY_2M,,,,,,
staging.raw_idp_2024_mesures_qualite_marche_cadre,3116,2025-11-14,,STATION HAJRIA,PT,552856.0,432506.0,26191,0,GEO_ORPHAN_XY_2M,,,,,,
staging.raw_idp_2024_mesures_qualite_marche_cadre,3117,2025-11-14,,STATION HAJRIA,PO43-,552856.0,432506.0,26191,0,GEO_ORPHAN_XY_2M,,,,,,
staging.raw_idp_2024_mesures_qualite_marche_cadre,3118,2025-11-14,,STATION HAJRIA,MEST Filtr,552856.0,432506.0,26191,0,GEO_ORPHAN_XY_2M,,,,,,
staging.raw_idp_2024_mesures_qualite_marche_cadre,3119,2025-11-14,,STATION HAJRIA,NO2- _Spectro.,552856.0,432506.0,26191,0,GEO_ORPHAN_XY_2M,,,,,,
staging.raw_idp_2024_mesures_qualite_marche_cadre,3120,2025-11-14,,STATION HAJRIA,NO3-_Spectro,552856.0,432506.0,26191,0,GEO_ORPHAN_XY_2M,,,,,,
staging.raw_idp_2024_mesures_qualite_marche_cadre,3121,2025-11-14,,STATION HAJRIA,TAC/TACs_meq/l,552856.0,432506.0,26191,0,GEO_ORPHAN_XY_2M,,,,,,
staging.raw_idp_2024_mesures_qualite_marche_cadre,3122,2025-11-14,,STATION HAJRIA,TAC/TACs_°F,552856.0,432506.0,26191,0,GEO_ORPHAN_XY_2M,,,,,,
staging.raw_idp_2024_mesures_qualite_marche_cadre,3123,2025-11-14,,STATION HAJRIA,TA/Tas_meq/l,552856.0,432506.0,26191,0,GEO_ORPHAN_XY_2M,,,,,,
staging.raw_idp_2024_mesures_qualite_marche_cadre,3124,2025-11-14,,STATION HAJRIA,TA/Tas_°F,552856.0,432506.0,26191,0,GEO_ORPHAN_XY_2M,,,,,,
staging.raw_idp_2024_mesures_qualite_marche_cadre,3125,2025-11-14,,STATION HAJRIA,HCO3,552856.0,432506.0,26191,0,GEO_ORPHAN_XY_2M,,,,,,
staging.raw_idp_2024_mesures_qualite_marche_cadre,3126,2025-11-14,,STATION HAJRIA,CO3,552856.0,432506.0,26191,0,GEO_ORPHAN_XY_2M,,,,,,
staging.raw_idp_2024_mesures_qualite_marche_cadre,3127,2025-11-14,,STATION HAJRIA,OH-,552856.0,432506.0,26191,0,GEO_ORPHAN_XY_2M,,,,,,
staging.raw_idp_2024_mesures_qualite_marche_cadre,3128,2025-11-14,,STATION HAJRIA,Cl-_IC,552856.0,432506.0,26191,0,GEO_ORPHAN_XY_2M,,,,,,
staging.raw_idp_2024_mesures_qualite_marche_cadre,3129,2025-11-14,,STATION HAJRIA,SO42-_IC,552856.0,432506.0,26191,0,GEO_ORPHAN_XY_2M,,,,,,
staging.raw_idp_2024_mesures_qualite_marche_cadre,3130,2025-11-14,,STATION HAJRIA,"somme
anions_meq/l",552856.0,432506.0,26191,0,GEO_ORPHAN_XY_2M,,,,,,
staging.raw_idp_2024_mesures_qualite_marche_cadre,3131,2025-11-14,,STATION HAJRIA,"somme
anions_mg/l",552856.0,432506.0,26191,0,GEO_ORPHAN_XY_2M,,,,,,
staging.raw_idp_2024_mesures_qualite_marche_cadre,3132,2025-11-14,,STATION HAJRIA,Ca++,552856.0,432506.0,26191,0,GEO_ORPHAN_XY_2M,,,,,,
staging.raw_idp_2024_mesures_qualite_marche_cadre,3133,2025-11-14,,STATION HAJRIA,Mg++,552856.0,432506.0,26191,0,GEO_ORPHAN_XY_2M,,,,,,
staging.raw_idp_2024_mesures_qualite_marche_cadre,3134,2025-11-14,,STATION HAJRIA,TH,552856.0,432506.0,26191,0,GEO_ORPHAN_XY_2M,,,,,,
staging.raw_idp_2024_mesures_qualite_marche_cadre,3135,2025-11-14,,STATION HAJRIA,Na+,552856.0,432506.0,26191,0,GEO_ORPHAN_XY_2M,,,,,,
staging.raw_idp_2024_mesures_qualite_marche_cadre,3136,2025-11-14,,STATION HAJRIA,K+,552856.0,432506.0,26191,0,GEO_ORPHAN_XY_2M,,,,,,
staging.raw_idp_2024_mesures_qualite_marche_cadre,3137,2025-11-14,,STATION HAJRIA,"Somme
cations_meq/l",552856.0,432506.0,26191,0,GEO_ORPHAN_XY_2M,,,,,,
staging.raw_idp_2024_mesures_qualite_marche_cadre,3138,2025-11-14,,STATION HAJRIA,"Somme
cations_mg/l",552856.0,432506.0,26191,0,GEO_ORPHAN_XY_2M,,,,,,
staging.raw_idp_2024_mesures_qualite_marche_cadre,3139,2025-11-14,,STATION HAJRIA,Bilan_Ionique,552856.0,432506.0,26191,0,GEO_ORPHAN_XY_2M,,,,,,
staging.raw_idp_2024_mesures_qualite_marche_cadre,3140,2025-11-14,,STATION HAJRIA,Na+3,552856.0,432506.0,26191,0,GEO_ORPHAN_XY_2M,,,,,,
staging.raw_idp_2024_mesures_qualite_marche_cadre,3141,2025-11-14,,STATION HAJRIA,K+4,552856.0,432506.0,26191,0,GEO_ORPHAN_XY_2M,,,,,,
staging.raw_idp_2024_mesures_qualite_marche_cadre,3142,2025-11-14,,STATION HAJRIA,CT,552856.0,432506.0,26191,0,GEO_ORPHAN_XY_2M,,,,,,
staging.raw_idp_2024_mesures_qualite_marche_cadre,3143,2025-11-14,,STATION HAJRIA,CF,552856.0,432506.0,26191,0,GEO_ORPHAN_XY_2M,,,,,,
staging.raw_idp_2024_mesures_qualite_marche_cadre,3144,2025-11-14,,STATION HAJRIA,SF,552856.0,432506.0,26191,0,GEO_ORPHAN_XY_2M,,,,,,
staging.raw_idp_2024_mesures_qualite_marche_cadre,3145,2025-11-19,,AVAL STEP IMOUZZER MARMOUCHA,DCO,600262.0,314456.0,26191,0,GEO_ORPHAN_XY_2M,,,,,,
staging.raw_idp_2024_mesures_qualite_marche_cadre,3146,2025-11-19,,AVAL STEP IMOUZZER MARMOUCHA,DBO5,600262.0,314456.0,26191,0,GEO_ORPHAN_XY_2M,,,,,,
staging.raw_idp_2024_mesures_qualite_marche_cadre,3147,2025-11-19,,AVAL STEP IMOUZZER MARMOUCHA,NTK Titri,600262.0,314456.0,26191,0,GEO_ORPHAN_XY_2M,,,,,,
staging.raw_idp_2024_mesures_qualite_marche_cadre,3148,2025-11-19,,AVAL STEP IMOUZZER MARMOUCHA,NTK Spectr,600262.0,314456.0,26191,0,GEO_ORPHAN_XY_2M,,,,,,
staging.raw_idp_2024_mesures_qualite_marche_cadre,3149,2025-11-19,,AVAL STEP IMOUZZER MARMOUCHA,NH4+ Spect,600262.0,314456.0,26191,0,GEO_ORPHAN_XY_2M,,,,,,
staging.raw_idp_2024_mesures_qualite_marche_cadre,3150,2025-11-19,,AVAL STEP IMOUZZER MARMOUCHA,NH4+ ,600262.0,314456.0,26191,0,GEO_ORPHAN_XY_2M,,,,,,
staging.raw_idp_2024_mesures_qualite_marche_cadre,3151,2025-11-19,,AVAL STEP IMOUZZER MARMOUCHA,PT,600262.0,314456.0,26191,0,GEO_ORPHAN_XY_2M,,,,,,
staging.raw_idp_2024_mesures_qualite_marche_cadre,3152,2025-11-19,,AVAL STEP IMOUZZER MARMOUCHA,PO43-,600262.0,314456.0,26191,0,GEO_ORPHAN_XY_2M,,,,,,
staging.raw_idp_2024_mesures_qualite_marche_cadre,3153,2025-11-19,,AVAL STEP IMOUZZER MARMOUCHA,MEST Filtr,600262.0,314456.0,26191,0,GEO_ORPHAN_XY_2M,,,,,,
staging.raw_idp_2024_mesures_qualite_marche_cadre,3154,2025-11-19,,AVAL STEP IMOUZZER MARMOUCHA,"Huiles
Graisses (H G T)",600262.0,314456.0,26191,0,GEO_ORPHAN_XY_2M,,,,,,
staging.raw_idp_2024_mesures_qualite_marche_cadre,3155,2025-11-19,,AVAL STEP IMOUZZER MARMOUCHA,"indice de phénol M:A
",600262.0,314456.0,26191,0,GEO_ORPHAN_XY_2M,,,,,,
staging.raw_idp_2024_mesures_qualite_marche_cadre,3156,2025-11-19,,AVAL STEP IMOUZZER MARMOUCHA,"Cond
25°C",600262.0,314456.0,26191,0,GEO_ORPHAN_XY_2M,,,,,,
staging.raw_idp_2024_mesures_qualite_marche_cadre,3157,2025-11-19,,AVAL STEP IMOUZZER MARMOUCHA,"Cond 25°C *0,9*0,01
",600262.0,314456.0,26191,0,GEO_ORPHAN_XY_2M,,,,,,
staging.raw_idp_2024_mesures_qualite_marche_cadre,3158,2025-11-19,,AVAL STEP IMOUZZER MARMOUCHA,"Cond 25°C *1,1*0,01
",600262.0,314456.0,26191,0,GEO_ORPHAN_XY_2M,,,,,,
staging.raw_idp_2024_mesures_qualite_marche_cadre,3159,2025-11-19,,AVAL STEP IMOUZZER MARMOUCHA,NO2- _Spectro.,600262.0,314456.0,26191,0,GEO_ORPHAN_XY_2M,,,,,,
staging.raw_idp_2024_mesures_qualite_marche_cadre,3160,2025-11-19,,AVAL STEP IMOUZZER MARMOUCHA,NO3-_Spectro,600262.0,314456.0,26191,0,GEO_ORPHAN_XY_2M,,,,,,
staging.raw_idp_2024_mesures_qualite_marche_cadre,3161,2025-11-19,,AVAL STEP IMOUZZER MARMOUCHA,TAC/TACs_meq/l,600262.0,314456.0,26191,0,GEO_ORPHAN_XY_2M,,,,,,
staging.raw_idp_2024_mesures_qualite_marche_cadre,3162,2025-11-19,,AVAL STEP IMOUZZER MARMOUCHA,TAC/TACs_°F,600262.0,314456.0,26191,0,GEO_ORPHAN_XY_2M,,,,,,
staging.raw_idp_2024_mesures_qualite_marche_cadre,3163,2025-11-19,,AVAL STEP IMOUZZER MARMOUCHA,TA/Tas_meq/l,600262.0,314456.0,26191,0,GEO_ORPHAN_XY_2M,,,,,,
staging.raw_idp_2024_mesures_qualite_marche_cadre,3164,2025-11-19,,AVAL STEP IMOUZZER MARMOUCHA,TA/Tas_°F,600262.0,314456.0,26191,0,GEO_ORPHAN_XY_2M,,,,,,
staging.raw_idp_2024_mesures_qualite_marche_cadre,3165,2025-11-19,,AVAL STEP IMOUZZER MARMOUCHA,HCO3,600262.0,314456.0,26191,0,GEO_ORPHAN_XY_2M,,,,,,
staging.raw_idp_2024_mesures_qualite_marche_cadre,3166,2025-11-19,,AVAL STEP IMOUZZER MARMOUCHA,CO3,600262.0,314456.0,26191,0,GEO_ORPHAN_XY_2M,,,,,,
staging.raw_idp_2024_mesures_qualite_marche_cadre,3167,2025-11-19,,AVAL STEP IMOUZZER MARMOUCHA,OH-,600262.0,314456.0,26191,0,GEO_ORPHAN_XY_2M,,,,,,
staging.raw_idp_2024_mesures_qualite_marche_cadre,3168,2025-11-19,,AVAL STEP IMOUZZER MARMOUCHA,Cl-_IC,600262.0,314456.0,26191,0,GEO_ORPHAN_XY_2M,,,,,,
staging.raw_idp_2024_mesures_qualite_marche_cadre,3169,2025-11-19,,AVAL STEP IMOUZZER MARMOUCHA,SO42-_IC,600262.0,314456.0,26191,0,GEO_ORPHAN_XY_2M,,,,,,
staging.raw_idp_2024_mesures_qualite_marche_cadre,3170,2025-11-19,,AVAL STEP IMOUZZER MARMOUCHA,"somme
anions_meq/l",600262.0,314456.0,26191,0,GEO_ORPHAN_XY_2M,,,,,,
staging.raw_idp_2024_mesures_qualite_marche_cadre,3171,2025-11-19,,AVAL STEP IMOUZZER MARMOUCHA,"somme
anions_mg/l",600262.0,314456.0,26191,0,GEO_ORPHAN_XY_2M,,,,,,
staging.raw_idp_2024_mesures_qualite_marche_cadre,3172,2025-11-19,,AVAL STEP IMOUZZER MARMOUCHA,Ca++,600262.0,314456.0,26191,0,GEO_ORPHAN_XY_2M,,,,,,
staging.raw_idp_2024_mesures_qualite_marche_cadre,3173,2025-11-19,,AVAL STEP IMOUZZER MARMOUCHA,Mg++,600262.0,314456.0,26191,0,GEO_ORPHAN_XY_2M,,,,,,
staging.raw_idp_2024_mesures_qualite_marche_cadre,3174,2025-11-19,,AVAL STEP IMOUZZER MARMOUCHA,TH,600262.0,314456.0,26191,0,GEO_ORPHAN_XY_2M,,,,,,
staging.raw_idp_2024_mesures_qualite_marche_cadre,3175,2025-11-19,,AVAL STEP IMOUZZER MARMOUCHA,NH4+ 2,600262.0,314456.0,26191,0,GEO_ORPHAN_XY_2M,,,,,,
staging.raw_idp_2024_mesures_qualite_marche_cadre,3176,2025-11-19,,AVAL STEP IMOUZZER MARMOUCHA,Na+,600262.0,314456.0,26191,0,GEO_ORPHAN_XY_2M,,,,,,
staging.raw_idp_2024_mesures_qualite_marche_cadre,3177,2025-11-19,,AVAL STEP IMOUZZER MARMOUCHA,K+,600262.0,314456.0,26191,0,GEO_ORPHAN_XY_2M,,,,,,
staging.raw_idp_2024_mesures_qualite_marche_cadre,3178,2025-11-19,,AVAL STEP IMOUZZER MARMOUCHA,"Somme
cations_meq/l",600262.0,314456.0,26191,0,GEO_ORPHAN_XY_2M,,,,,,
staging.raw_idp_2024_mesures_qualite_marche_cadre,3179,2025-11-19,,AVAL STEP IMOUZZER MARMOUCHA,"Somme
cations_mg/l",600262.0,314456.0,26191,0,GEO_ORPHAN_XY_2M,,,,,,
staging.raw_idp_2024_mesures_qualite_marche_cadre,3180,2025-11-19,,AVAL STEP IMOUZZER MARMOUCHA,Bilan_Ionique,600262.0,314456.0,26191,0,GEO_ORPHAN_XY_2M,,,,,,
staging.raw_idp_2024_mesures_qualite_marche_cadre,3181,2025-11-19,,AVAL STEP IMOUZZER MARMOUCHA,Na+3,600262.0,314456.0,26191,0,GEO_ORPHAN_XY_2M,,,,,,
staging.raw_idp_2024_mesures_qualite_marche_cadre,3182,2025-11-19,,AVAL STEP IMOUZZER MARMOUCHA,K+4,600262.0,314456.0,26191,0,GEO_ORPHAN_XY_2M,,,,,,
staging.raw_idp_2024_mesures_qualite_marche_cadre,3183,2025-11-19,,AVAL STEP IMOUZZER MARMOUCHA,Fe,600262.0,314456.0,26191,0,GEO_ORPHAN_XY_2M,,,,,,
staging.raw_idp_2024_mesures_qualite_marche_cadre,3184,2025-11-19,,AVAL STEP IMOUZZER MARMOUCHA,CT,600262.0,314456.0,26191,0,GEO_ORPHAN_XY_2M,,,,,,
staging.raw_idp_2024_mesures_qualite_marche_cadre,3185,2025-11-19,,AVAL STEP IMOUZZER MARMOUCHA,CF,600262.0,314456.0,26191,0,GEO_ORPHAN_XY_2M,,,,,,
staging.raw_idp_2024_mesures_qualite_marche_cadre,3186,2025-11-19,,AVAL STEP IMOUZZER MARMOUCHA,SF,600262.0,314456.0,26191,0,GEO_ORPHAN_XY_2M,,,,,,
staging.raw_idp_2024_mesures_qualite_marche_cadre,3187,2025-11-19,,PUITS AVAL BOULEMANE,IP,560761.0,308387.0,26191,0,GEO_ORPHAN_XY_2M,,,,,,
staging.raw_idp_2024_mesures_qualite_marche_cadre,3188,2025-11-19,,PUITS AVAL BOULEMANE,NH4+ Spect,560761.0,308387.0,26191,0,GEO_ORPHAN_XY_2M,,,,,,
staging.raw_idp_2024_mesures_qualite_marche_cadre,3189,2025-11-19,,PUITS AVAL BOULEMANE,NH4+ ,560761.0,308387.0,26191,0,GEO_ORPHAN_XY_2M,,,,,,
staging.raw_idp_2024_mesures_qualite_marche_cadre,3190,2025-11-19,,PUITS AVAL BOULEMANE,"RS 
mesuré_à 105 °C",560761.0,308387.0,26191,0,GEO_ORPHAN_XY_2M,,,,,,
staging.raw_idp_2024_mesures_qualite_marche_cadre,3191,2025-11-19,,PUITS AVAL BOULEMANE,NO2- _Spectro.,560761.0,308387.0,26191,0,GEO_ORPHAN_XY_2M,,,,,,
staging.raw_idp_2024_mesures_qualite_marche_cadre,3192,2025-11-19,,PUITS AVAL BOULEMANE,NO3-_Spectro,560761.0,308387.0,26191,0,GEO_ORPHAN_XY_2M,,,,,,
staging.raw_idp_2024_mesures_qualite_marche_cadre,3193,2025-11-19,,PUITS AVAL BOULEMANE,TAC/TACs_meq/l,560761.0,308387.0,26191,0,GEO_ORPHAN_XY_2M,,,,,,
staging.raw_idp_2024_mesures_qualite_marche_cadre,3194,2025-11-19,,PUITS AVAL BOULEMANE,TAC/TACs_°F,560761.0,308387.0,26191,0,GEO_ORPHAN_XY_2M,,,,,,
staging.raw_idp_2024_mesures_qualite_marche_cadre,3195,2025-11-19,,PUITS AVAL BOULEMANE,TA/Tas_meq/l,560761.0,308387.0,26191,0,GEO_ORPHAN_XY_2M,,,,,,
staging.raw_idp_2024_mesures_qualite_marche_cadre,3196,2025-11-19,,PUITS AVAL BOULEMANE,TA/Tas_°F,560761.0,308387.0,26191,0,GEO_ORPHAN_XY_2M,,,,,,
staging.raw_idp_2024_mesures_qualite_marche_cadre,3197,2025-11-19,,PUITS AVAL BOULEMANE,HCO3,560761.0,308387.0,26191,0,GEO_ORPHAN_XY_2M,,,,,,
staging.raw_idp_2024_mesures_qualite_marche_cadre,3198,2025-11-19,,PUITS AVAL BOULEMANE,CO3,560761.0,308387.0,26191,0,GEO_ORPHAN_XY_2M,,,,,,
staging.raw_idp_2024_mesures_qualite_marche_cadre,3199,2025-11-19,,PUITS AVAL BOULEMANE,OH-,560761.0,308387.0,26191,0,GEO_ORPHAN_XY_2M,,,,,,
staging.raw_idp_2024_mesures_qualite_marche_cadre,3200,2025-11-19,,PUITS AVAL BOULEMANE,Cl-_IC,560761.0,308387.0,26191,0,GEO_ORPHAN_XY_2M,,,,,,
staging.raw_idp_2024_mesures_qualite_marche_cadre,3201,2025-11-19,,PUITS AVAL BOULEMANE,SO42-_IC,560761.0,308387.0,26191,0,GEO_ORPHAN_XY_2M,,,,,,
staging.raw_idp_2024_mesures_qualite_marche_cadre,3202,2025-11-19,,PUITS AVAL BOULEMANE,"somme
anions_meq/l",560761.0,308387.0,26191,0,GEO_ORPHAN_XY_2M,,,,,,
staging.raw_idp_2024_mesures_qualite_marche_cadre,3203,2025-11-19,,PUITS AVAL BOULEMANE,"somme
anions_mg/l",560761.0,308387.0,26191,0,GEO_ORPHAN_XY_2M,,,,,,
staging.raw_idp_2024_mesures_qualite_marche_cadre,3204,2025-11-19,,PUITS AVAL BOULEMANE,Ca++,560761.0,308387.0,26191,0,GEO_ORPHAN_XY_2M,,,,,,
staging.raw_idp_2024_mesures_qualite_marche_cadre,3205,2025-11-19,,PUITS AVAL BOULEMANE,Mg++,560761.0,308387.0,26191,0,GEO_ORPHAN_XY_2M,,,,,,
staging.raw_idp_2024_mesures_qualite_marche_cadre,3206,2025-11-19,,PUITS AVAL BOULEMANE,TH,560761.0,308387.0,26191,0,GEO_ORPHAN_XY_2M,,,,,,
staging.raw_idp_2024_mesures_qualite_marche_cadre,3207,2025-11-19,,PUITS AVAL BOULEMANE,Na+,560761.0,308387.0,26191,0,GEO_ORPHAN_XY_2M,,,,,,
staging.raw_idp_2024_mesures_qualite_marche_cadre,3208,2025-11-19,,PUITS AVAL BOULEMANE,K+,560761.0,308387.0,26191,0,GEO_ORPHAN_XY_2M,,,,,,
staging.raw_idp_2024_mesures_qualite_marche_cadre,3209,2025-11-19,,PUITS AVAL BOULEMANE,"Somme
cations_meq/l",560761.0,308387.0,26191,0,GEO_ORPHAN_XY_2M,,,,,,
staging.raw_idp_2024_mesures_qualite_marche_cadre,3210,2025-11-19,,PUITS AVAL BOULEMANE,"Somme
cations_mg/l",560761.0,308387.0,26191,0,GEO_ORPHAN_XY_2M,,,,,,
staging.raw_idp_2024_mesures_qualite_marche_cadre,3211,2025-11-19,,PUITS AVAL BOULEMANE,Bilan_Ionique,560761.0,308387.0,26191,0,GEO_ORPHAN_XY_2M,,,,,,
staging.raw_idp_2024_mesures_qualite_marche_cadre,3212,2025-11-19,,PUITS AVAL BOULEMANE,Na+3,560761.0,308387.0,26191,0,GEO_ORPHAN_XY_2M,,,,,,
staging.raw_idp_2024_mesures_qualite_marche_cadre,3213,2025-11-19,,PUITS AVAL BOULEMANE,K+4,560761.0,308387.0,26191,0,GEO_ORPHAN_XY_2M,,,,,,
staging.raw_idp_2024_mesures_qualite_marche_cadre,3214,2025-11-19,,PUITS AVAL BOULEMANE,Fe,560761.0,308387.0,26191,0,GEO_ORPHAN_XY_2M,,,,,,
staging.raw_idp_2024_mesures_qualite_marche_cadre,3215,2025-11-19,,PUITS AVAL BOULEMANE,Mn5,560761.0,308387.0,26191,0,GEO_ORPHAN_XY_2M,,,,,,
staging.raw_idp_2024_mesures_qualite_marche_cadre,3216,2025-11-19,,PUITS AVAL BOULEMANE,CT,560761.0,308387.0,26191,0,GEO_ORPHAN_XY_2M,,,,,,
staging.raw_idp_2024_mesures_qualite_marche_cadre,3217,2025-11-19,,PUITS AVAL BOULEMANE,CF,560761.0,308387.0,26191,0,GEO_ORPHAN_XY_2M,,,,,,
staging.raw_idp_2024_mesures_qualite_marche_cadre,3218,2025-11-19,,PUITS AVAL BOULEMANE,SF,560761.0,308387.0,26191,0,GEO_ORPHAN_XY_2M,,,,,,
staging.raw_idp_2024_mesures_qualite_marche_cadre,3315,2025-11-20,,AMONT STEP TAOUNATE,DCO,571757.0,435740.0,26191,0,GEO_ORPHAN_XY_2M,,,,,,
staging.raw_idp_2024_mesures_qualite_marche_cadre,3316,2025-11-20,,AMONT STEP TAOUNATE,DBO5,571757.0,435740.0,26191,0,GEO_ORPHAN_XY_2M,,,,,,
staging.raw_idp_2024_mesures_qualite_marche_cadre,3317,2025-11-20,,AMONT STEP TAOUNATE,NTK Spectr,571757.0,435740.0,26191,0,GEO_ORPHAN_XY_2M,,,,,,
staging.raw_idp_2024_mesures_qualite_marche_cadre,3318,2025-11-20,,AMONT STEP TAOUNATE,NH4+ Spect,571757.0,435740.0,26191,0,GEO_ORPHAN_XY_2M,,,,,,
staging.raw_idp_2024_mesures_qualite_marche_cadre,3319,2025-11-20,,AMONT STEP TAOUNATE,NH4+ ,571757.0,435740.0,26191,0,GEO_ORPHAN_XY_2M,,,,,,
staging.raw_idp_2024_mesures_qualite_marche_cadre,3320,2025-11-20,,AMONT STEP TAOUNATE,PT,571757.0,435740.0,26191,0,GEO_ORPHAN_XY_2M,,,,,,
staging.raw_idp_2024_mesures_qualite_marche_cadre,3321,2025-11-20,,AMONT STEP TAOUNATE,PO43-,571757.0,435740.0,26191,0,GEO_ORPHAN_XY_2M,,,,,,
staging.raw_idp_2024_mesures_qualite_marche_cadre,3322,2025-11-20,,AMONT STEP TAOUNATE,MEST Filtr,571757.0,435740.0,26191,0,GEO_ORPHAN_XY_2M,,,,,,
staging.raw_idp_2024_mesures_qualite_marche_cadre,3323,2025-11-20,,AMONT STEP TAOUNATE,"Huiles
Graisses (H G T)",571757.0,435740.0,26191,0,GEO_ORPHAN_XY_2M,,,,,,
staging.raw_idp_2024_mesures_qualite_marche_cadre,3324,2025-11-20,,AMONT STEP TAOUNATE,"indice de phénol M:A
",571757.0,435740.0,26191,0,GEO_ORPHAN_XY_2M,,,,,,
staging.raw_idp_2024_mesures_qualite_marche_cadre,3325,2025-11-20,,AMONT STEP TAOUNATE,NO2- _Spectro.,571757.0,435740.0,26191,0,GEO_ORPHAN_XY_2M,,,,,,
staging.raw_idp_2024_mesures_qualite_marche_cadre,3326,2025-11-20,,AMONT STEP TAOUNATE,NO3-_Spectro,571757.0,435740.0,26191,0,GEO_ORPHAN_XY_2M,,,,,,
staging.raw_idp_2024_mesures_qualite_marche_cadre,3327,2025-11-20,,AMONT STEP TAOUNATE,TAC/TACs_meq/l,571757.0,435740.0,26191,0,GEO_ORPHAN_XY_2M,,,,,,
staging.raw_idp_2024_mesures_qualite_marche_cadre,3328,2025-11-20,,AMONT STEP TAOUNATE,TAC/TACs_°F,571757.0,435740.0,26191,0,GEO_ORPHAN_XY_2M,,,,,,
staging.raw_idp_2024_mesures_qualite_marche_cadre,3329,2025-11-20,,AMONT STEP TAOUNATE,TA/Tas_meq/l,571757.0,435740.0,26191,0,GEO_ORPHAN_XY_2M,,,,,,
staging.raw_idp_2024_mesures_qualite_marche_cadre,3330,2025-11-20,,AMONT STEP TAOUNATE,TA/Tas_°F,571757.0,435740.0,26191,0,GEO_ORPHAN_XY_2M,,,,,,
staging.raw_idp_2024_mesures_qualite_marche_cadre,3331,2025-11-20,,AMONT STEP TAOUNATE,HCO3,571757.0,435740.0,26191,0,GEO_ORPHAN_XY_2M,,,,,,
staging.raw_idp_2024_mesures_qualite_marche_cadre,3332,2025-11-20,,AMONT STEP TAOUNATE,CO3,571757.0,435740.0,26191,0,GEO_ORPHAN_XY_2M,,,,,,
staging.raw_idp_2024_mesures_qualite_marche_cadre,3333,2025-11-20,,AMONT STEP TAOUNATE,OH-,571757.0,435740.0,26191,0,GEO_ORPHAN_XY_2M,,,,,,
staging.raw_idp_2024_mesures_qualite_marche_cadre,3334,2025-11-20,,AMONT STEP TAOUNATE,Cl-_IC,571757.0,435740.0,26191,0,GEO_ORPHAN_XY_2M,,,,,,
staging.raw_idp_2024_mesures_qualite_marche_cadre,3335,2025-11-20,,AMONT STEP TAOUNATE,SO42-_IC,571757.0,435740.0,26191,0,GEO_ORPHAN_XY_2M,,,,,,
staging.raw_idp_2024_mesures_qualite_marche_cadre,3336,2025-11-20,,AMONT STEP TAOUNATE,"somme
anions_meq/l",571757.0,435740.0,26191,0,GEO_ORPHAN_XY_2M,,,,,,
staging.raw_idp_2024_mesures_qualite_marche_cadre,3337,2025-11-20,,AMONT STEP TAOUNATE,"somme
anions_mg/l",571757.0,435740.0,26191,0,GEO_ORPHAN_XY_2M,,,,,,
staging.raw_idp_2024_mesures_qualite_marche_cadre,3338,2025-11-20,,AMONT STEP TAOUNATE,Ca++,571757.0,435740.0,26191,0,GEO_ORPHAN_XY_2M,,,,,,
staging.raw_idp_2024_mesures_qualite_marche_cadre,3339,2025-11-20,,AMONT STEP TAOUNATE,Mg++,571757.0,435740.0,26191,0,GEO_ORPHAN_XY_2M,,,,,,
staging.raw_idp_2024_mesures_qualite_marche_cadre,3340,2025-11-20,,AMONT STEP TAOUNATE,TH,571757.0,435740.0,26191,0,GEO_ORPHAN_XY_2M,,,,,,
staging.raw_idp_2024_mesures_qualite_marche_cadre,3341,2025-11-20,,AMONT STEP TAOUNATE,Na+,571757.0,435740.0,26191,0,GEO_ORPHAN_XY_2M,,,,,,
staging.raw_idp_2024_mesures_qualite_marche_cadre,3342,2025-11-20,,AMONT STEP TAOUNATE,K+,571757.0,435740.0,26191,0,GEO_ORPHAN_XY_2M,,,,,,
staging.raw_idp_2024_mesures_qualite_marche_cadre,3343,2025-11-20,,AMONT STEP TAOUNATE,"Somme
cations_meq/l",571757.0,435740.0,26191,0,GEO_ORPHAN_XY_2M,,,,,,
staging.raw_idp_2024_mesures_qualite_marche_cadre,3344,2025-11-20,,AMONT STEP TAOUNATE,"Somme
cations_mg/l",571757.0,435740.0,26191,0,GEO_ORPHAN_XY_2M,,,,,,
staging.raw_idp_2024_mesures_qualite_marche_cadre,3345,2025-11-20,,AMONT STEP TAOUNATE,Bilan_Ionique,571757.0,435740.0,26191,0,GEO_ORPHAN_XY_2M,,,,,,
staging.raw_idp_2024_mesures_qualite_marche_cadre,3346,2025-11-20,,AMONT STEP TAOUNATE,Na+3,571757.0,435740.0,26191,0,GEO_ORPHAN_XY_2M,,,,,,
staging.raw_idp_2024_mesures_qualite_marche_cadre,3347,2025-11-20,,AMONT STEP TAOUNATE,K+4,571757.0,435740.0,26191,0,GEO_ORPHAN_XY_2M,,,,,,
staging.raw_idp_2024_mesures_qualite_marche_cadre,3348,2025-11-20,,AMONT STEP TAOUNATE,Fe,571757.0,435740.0,26191,0,GEO_ORPHAN_XY_2M,,,,,,
staging.raw_idp_2024_mesures_qualite_marche_cadre,3349,2025-11-20,,AMONT STEP TAOUNATE,CT,571757.0,435740.0,26191,0,GEO_ORPHAN_XY_2M,,,,,,
staging.raw_idp_2024_mesures_qualite_marche_cadre,3350,2025-11-20,,AMONT STEP TAOUNATE,CF,571757.0,435740.0,26191,0,GEO_ORPHAN_XY_2M,,,,,,
staging.raw_idp_2024_mesures_qualite_marche_cadre,3351,2025-11-20,,AMONT STEP TAOUNATE,SF,571757.0,435740.0,26191,0,GEO_ORPHAN_XY_2M,,,,,,
staging.raw_idp_2024_mesures_qualite_marche_cadre,3384,2025-11-20,,AVAL STEP TAOUNATE,DCO,571892.0,435379.0,26191,0,GEO_ORPHAN_XY_2M,,,,,,
staging.raw_idp_2024_mesures_qualite_marche_cadre,3385,2025-11-20,,AVAL STEP TAOUNATE,DBO5,571892.0,435379.0,26191,0,GEO_ORPHAN_XY_2M,,,,,,
staging.raw_idp_2024_mesures_qualite_marche_cadre,3386,2025-11-20,,AVAL STEP TAOUNATE,NTK Titri,571892.0,435379.0,26191,0,GEO_ORPHAN_XY_2M,,,,,,
staging.raw_idp_2024_mesures_qualite_marche_cadre,3387,2025-11-20,,AVAL STEP TAOUNATE,NTK Spectr,571892.0,435379.0,26191,0,GEO_ORPHAN_XY_2M,,,,,,
staging.raw_idp_2024_mesures_qualite_marche_cadre,3388,2025-11-20,,AVAL STEP TAOUNATE,NH4+ Spect,571892.0,435379.0,26191,0,GEO_ORPHAN_XY_2M,,,,,,
staging.raw_idp_2024_mesures_qualite_marche_cadre,3389,2025-11-20,,AVAL STEP TAOUNATE,NH4+ ,571892.0,435379.0,26191,0,GEO_ORPHAN_XY_2M,,,,,,
staging.raw_idp_2024_mesures_qualite_marche_cadre,3390,2025-11-20,,AVAL STEP TAOUNATE,PT,571892.0,435379.0,26191,0,GEO_ORPHAN_XY_2M,,,,,,
staging.raw_idp_2024_mesures_qualite_marche_cadre,3391,2025-11-20,,AVAL STEP TAOUNATE,PO43-,571892.0,435379.0,26191,0,GEO_ORPHAN_XY_2M,,,,,,
staging.raw_idp_2024_mesures_qualite_marche_cadre,3392,2025-11-20,,AVAL STEP TAOUNATE,MEST Filtr,571892.0,435379.0,26191,0,GEO_ORPHAN_XY_2M,,,,,,
staging.raw_idp_2024_mesures_qualite_marche_cadre,3393,2025-11-20,,AVAL STEP TAOUNATE,"Huiles
Graisses (H G T)",571892.0,435379.0,26191,0,GEO_ORPHAN_XY_2M,,,,,,
staging.raw_idp_2024_mesures_qualite_marche_cadre,3394,2025-11-20,,AVAL STEP TAOUNATE,"indice de phénol M:A
",571892.0,435379.0,26191,0,GEO_ORPHAN_XY_2M,,,,,,
staging.raw_idp_2024_mesures_qualite_marche_cadre,3395,2025-11-20,,AVAL STEP TAOUNATE,NO2- _Spectro.,571892.0,435379.0,26191,0,GEO_ORPHAN_XY_2M,,,,,,
staging.raw_idp_2024_mesures_qualite_marche_cadre,3396,2025-11-20,,AVAL STEP TAOUNATE,NO3-_Spectro,571892.0,435379.0,26191,0,GEO_ORPHAN_XY_2M,,,,,,
staging.raw_idp_2024_mesures_qualite_marche_cadre,3397,2025-11-20,,AVAL STEP TAOUNATE,TAC/TACs_meq/l,571892.0,435379.0,26191,0,GEO_ORPHAN_XY_2M,,,,,,
staging.raw_idp_2024_mesures_qualite_marche_cadre,3398,2025-11-20,,AVAL STEP TAOUNATE,TAC/TACs_°F,571892.0,435379.0,26191,0,GEO_ORPHAN_XY_2M,,,,,,
staging.raw_idp_2024_mesures_qualite_marche_cadre,3399,2025-11-20,,AVAL STEP TAOUNATE,TA/Tas_meq/l,571892.0,435379.0,26191,0,GEO_ORPHAN_XY_2M,,,,,,
staging.raw_idp_2024_mesures_qualite_marche_cadre,3400,2025-11-20,,AVAL STEP TAOUNATE,TA/Tas_°F,571892.0,435379.0,26191,0,GEO_ORPHAN_XY_2M,,,,,,
staging.raw_idp_2024_mesures_qualite_marche_cadre,3401,2025-11-20,,AVAL STEP TAOUNATE,HCO3,571892.0,435379.0,26191,0,GEO_ORPHAN_XY_2M,,,,,,
staging.raw_idp_2024_mesures_qualite_marche_cadre,3402,2025-11-20,,AVAL STEP TAOUNATE,CO3,571892.0,435379.0,26191,0,GEO_ORPHAN_XY_2M,,,,,,
staging.raw_idp_2024_mesures_qualite_marche_cadre,3403,2025-11-20,,AVAL STEP TAOUNATE,OH-,571892.0,435379.0,26191,0,GEO_ORPHAN_XY_2M,,,,,,
staging.raw_idp_2024_mesures_qualite_marche_cadre,3404,2025-11-20,,AVAL STEP TAOUNATE,Cl-_IC,571892.0,435379.0,26191,0,GEO_ORPHAN_XY_2M,,,,,,
staging.raw_idp_2024_mesures_qualite_marche_cadre,3405,2025-11-20,,AVAL STEP TAOUNATE,SO42-_IC,571892.0,435379.0,26191,0,GEO_ORPHAN_XY_2M,,,,,,
staging.raw_idp_2024_mesures_qualite_marche_cadre,3406,2025-11-20,,AVAL STEP TAOUNATE,"somme
anions_meq/l",571892.0,435379.0,26191,0,GEO_ORPHAN_XY_2M,,,,,,
staging.raw_idp_2024_mesures_qualite_marche_cadre,3407,2025-11-20,,AVAL STEP TAOUNATE,"somme
anions_mg/l",571892.0,435379.0,26191,0,GEO_ORPHAN_XY_2M,,,,,,
staging.raw_idp_2024_mesures_qualite_marche_cadre,3408,2025-11-20,,AVAL STEP TAOUNATE,Ca++,571892.0,435379.0,26191,0,GEO_ORPHAN_XY_2M,,,,,,
staging.raw_idp_2024_mesures_qualite_marche_cadre,3409,2025-11-20,,AVAL STEP TAOUNATE,Mg++,571892.0,435379.0,26191,0,GEO_ORPHAN_XY_2M,,,,,,
staging.raw_idp_2024_mesures_qualite_marche_cadre,3410,2025-11-20,,AVAL STEP TAOUNATE,TH,571892.0,435379.0,26191,0,GEO_ORPHAN_XY_2M,,,,,,
staging.raw_idp_2024_mesures_qualite_marche_cadre,3411,2025-11-20,,AVAL STEP TAOUNATE,Na+,571892.0,435379.0,26191,0,GEO_ORPHAN_XY_2M,,,,,,
staging.raw_idp_2024_mesures_qualite_marche_cadre,3412,2025-11-20,,AVAL STEP TAOUNATE,K+,571892.0,435379.0,26191,0,GEO_ORPHAN_XY_2M,,,,,,
staging.raw_idp_2024_mesures_qualite_marche_cadre,3413,2025-11-20,,AVAL STEP TAOUNATE,"Somme
cations_meq/l",571892.0,435379.0,26191,0,GEO_ORPHAN_XY_2M,,,,,,
staging.raw_idp_2024_mesures_qualite_marche_cadre,3414,2025-11-20,,AVAL STEP TAOUNATE,"Somme
cations_mg/l",571892.0,435379.0,26191,0,GEO_ORPHAN_XY_2M,,,,,,
staging.raw_idp_2024_mesures_qualite_marche_cadre,3415,2025-11-20,,AVAL STEP TAOUNATE,Bilan_Ionique,571892.0,435379.0,26191,0,GEO_ORPHAN_XY_2M,,,,,,
staging.raw_idp_2024_mesures_qualite_marche_cadre,3416,2025-11-20,,AVAL STEP TAOUNATE,pH au laboratoire,571892.0,435379.0,26191,0,GEO_ORPHAN_XY_2M,,,,,,
staging.raw_idp_2024_mesures_qualite_marche_cadre,3417,2025-11-20,,AVAL STEP TAOUNATE,Na+3,571892.0,435379.0,26191,0,GEO_ORPHAN_XY_2M,,,,,,
staging.raw_idp_2024_mesures_qualite_marche_cadre,3418,2025-11-20,,AVAL STEP TAOUNATE,K+4,571892.0,435379.0,26191,0,GEO_ORPHAN_XY_2M,,,,,,
staging.raw_idp_2024_mesures_qualite_marche_cadre,3419,2025-11-20,,AVAL STEP TAOUNATE,Fe,571892.0,435379.0,26191,0,GEO_ORPHAN_XY_2M,,,,,,
staging.raw_idp_2024_mesures_qualite_marche_cadre,3420,2025-11-20,,AVAL STEP TAOUNATE,CT,571892.0,435379.0,26191,0,GEO_ORPHAN_XY_2M,,,,,,
staging.raw_idp_2024_mesures_qualite_marche_cadre,3421,2025-11-20,,AVAL STEP TAOUNATE,CF,571892.0,435379.0,26191,0,GEO_ORPHAN_XY_2M,,,,,,
staging.raw_idp_2024_mesures_qualite_marche_cadre,3422,2025-11-20,,AVAL STEP TAOUNATE,SF,571892.0,435379.0,26191,0,GEO_ORPHAN_XY_2M,,,,,,
staging.raw_idp_2024_mesures_qualite_marche_cadre,3455,2025-11-25,,PUITS FERME BEN ALI (NOUVEAU) ,IP,515332.0,370251.0,26191,0,GEO_ORPHAN_XY_2M,,,,,,
staging.raw_idp_2024_mesures_qualite_marche_cadre,3456,2025-11-25,,PUITS FERME BEN ALI (NOUVEAU) ,NH4+ Spect,515332.0,370251.0,26191,0,GEO_ORPHAN_XY_2M,,,,,,
staging.raw_idp_2024_mesures_qualite_marche_cadre,3457,2025-11-25,,PUITS FERME BEN ALI (NOUVEAU) ,NH4+ ,515332.0,370251.0,26191,0,GEO_ORPHAN_XY_2M,,,,,,
staging.raw_idp_2024_mesures_qualite_marche_cadre,3458,2025-11-25,,PUITS FERME BEN ALI (NOUVEAU) ,"RS 
mesuré_à 105 °C",515332.0,370251.0,26191,0,GEO_ORPHAN_XY_2M,,,,,,
staging.raw_idp_2024_mesures_qualite_marche_cadre,3459,2025-11-25,,PUITS FERME BEN ALI (NOUVEAU) ,NO2- _Spectro.,515332.0,370251.0,26191,0,GEO_ORPHAN_XY_2M,,,,,,
staging.raw_idp_2024_mesures_qualite_marche_cadre,3460,2025-11-25,,PUITS FERME BEN ALI (NOUVEAU) ,NO3-_Spectro,515332.0,370251.0,26191,0,GEO_ORPHAN_XY_2M,,,,,,
staging.raw_idp_2024_mesures_qualite_marche_cadre,3461,2025-11-25,,PUITS FERME BEN ALI (NOUVEAU) ,TAC/TACs_meq/l,515332.0,370251.0,26191,0,GEO_ORPHAN_XY_2M,,,,,,
staging.raw_idp_2024_mesures_qualite_marche_cadre,3462,2025-11-25,,PUITS FERME BEN ALI (NOUVEAU) ,TAC/TACs_°F,515332.0,370251.0,26191,0,GEO_ORPHAN_XY_2M,,,,,,
staging.raw_idp_2024_mesures_qualite_marche_cadre,3463,2025-11-25,,PUITS FERME BEN ALI (NOUVEAU) ,TA/Tas_meq/l,515332.0,370251.0,26191,0,GEO_ORPHAN_XY_2M,,,,,,
staging.raw_idp_2024_mesures_qualite_marche_cadre,3464,2025-11-25,,PUITS FERME BEN ALI (NOUVEAU) ,TA/Tas_°F,515332.0,370251.0,26191,0,GEO_ORPHAN_XY_2M,,,,,,
staging.raw_idp_2024_mesures_qualite_marche_cadre,3465,2025-11-25,,PUITS FERME BEN ALI (NOUVEAU) ,HCO3,515332.0,370251.0,26191,0,GEO_ORPHAN_XY_2M,,,,,,
staging.raw_idp_2024_mesures_qualite_marche_cadre,3466,2025-11-25,,PUITS FERME BEN ALI (NOUVEAU) ,CO3,515332.0,370251.0,26191,0,GEO_ORPHAN_XY_2M,,,,,,
staging.raw_idp_2024_mesures_qualite_marche_cadre,3467,2025-11-25,,PUITS FERME BEN ALI (NOUVEAU) ,OH-,515332.0,370251.0,26191,0,GEO_ORPHAN_XY_2M,,,,,,
staging.raw_idp_2024_mesures_qualite_marche_cadre,3468,2025-11-25,,PUITS FERME BEN ALI (NOUVEAU) ,Cl-_IC,515332.0,370251.0,26191,0,GEO_ORPHAN_XY_2M,,,,,,
staging.raw_idp_2024_mesures_qualite_marche_cadre,3469,2025-11-25,,PUITS FERME BEN ALI (NOUVEAU) ,SO42-_IC,515332.0,370251.0,26191,0,GEO_ORPHAN_XY_2M,,,,,,
staging.raw_idp_2024_mesures_qualite_marche_cadre,3470,2025-11-25,,PUITS FERME BEN ALI (NOUVEAU) ,"somme
anions_meq/l",515332.0,370251.0,26191,0,GEO_ORPHAN_XY_2M,,,,,,
staging.raw_idp_2024_mesures_qualite_marche_cadre,3471,2025-11-25,,PUITS FERME BEN ALI (NOUVEAU) ,"somme
anions_mg/l",515332.0,370251.0,26191,0,GEO_ORPHAN_XY_2M,,,,,,
staging.raw_idp_2024_mesures_qualite_marche_cadre,3472,2025-11-25,,PUITS FERME BEN ALI (NOUVEAU) ,Ca++,515332.0,370251.0,26191,0,GEO_ORPHAN_XY_2M,,,,,,
staging.raw_idp_2024_mesures_qualite_marche_cadre,3473,2025-11-25,,PUITS FERME BEN ALI (NOUVEAU) ,Mg++,515332.0,370251.0,26191,0,GEO_ORPHAN_XY_2M,,,,,,
staging.raw_idp_2024_mesures_qualite_marche_cadre,3474,2025-11-25,,PUITS FERME BEN ALI (NOUVEAU) ,TH,515332.0,370251.0,26191,0,GEO_ORPHAN_XY_2M,,,,,,
staging.raw_idp_2024_mesures_qualite_marche_cadre,3475,2025-11-25,,PUITS FERME BEN ALI (NOUVEAU) ,Na+,515332.0,370251.0,26191,0,GEO_ORPHAN_XY_2M,,,,,,
staging.raw_idp_2024_mesures_qualite_marche_cadre,3476,2025-11-25,,PUITS FERME BEN ALI (NOUVEAU) ,K+,515332.0,370251.0,26191,0,GEO_ORPHAN_XY_2M,,,,,,
staging.raw_idp_2024_mesures_qualite_marche_cadre,3477,2025-11-25,,PUITS FERME BEN ALI (NOUVEAU) ,"Somme
cations_meq/l",515332.0,370251.0,26191,0,GEO_ORPHAN_XY_2M,,,,,,
staging.raw_idp_2024_mesures_qualite_marche_cadre,3478,2025-11-25,,PUITS FERME BEN ALI (NOUVEAU) ,"Somme
cations_mg/l",515332.0,370251.0,26191,0,GEO_ORPHAN_XY_2M,,,,,,
staging.raw_idp_2024_mesures_qualite_marche_cadre,3479,2025-11-25,,PUITS FERME BEN ALI (NOUVEAU) ,Bilan_Ionique,515332.0,370251.0,26191,0,GEO_ORPHAN_XY_2M,,,,,,
staging.raw_idp_2024_mesures_qualite_marche_cadre,3480,2025-11-25,,PUITS FERME BEN ALI (NOUVEAU) ,Na+3,515332.0,370251.0,26191,0,GEO_ORPHAN_XY_2M,,,,,,
staging.raw_idp_2024_mesures_qualite_marche_cadre,3481,2025-11-25,,PUITS FERME BEN ALI (NOUVEAU) ,K+4,515332.0,370251.0,26191,0,GEO_ORPHAN_XY_2M,,,,,,
staging.raw_idp_2024_mesures_qualite_marche_cadre,3482,2025-11-25,,PUITS FERME BEN ALI (NOUVEAU) ,Fe,515332.0,370251.0,26191,0,GEO_ORPHAN_XY_2M,,,,,,
staging.raw_idp_2024_mesures_qualite_marche_cadre,3483,2025-11-25,,PUITS FERME BEN ALI (NOUVEAU) ,Mn5,515332.0,370251.0,26191,0,GEO_ORPHAN_XY_2M,,,,,,
staging.raw_idp_2024_mesures_qualite_marche_cadre,3484,2025-11-25,,PUITS FERME BEN ALI (NOUVEAU) ,CT,515332.0,370251.0,26191,0,GEO_ORPHAN_XY_2M,,,,,,
staging.raw_idp_2024_mesures_qualite_marche_cadre,3485,2025-11-25,,PUITS FERME BEN ALI (NOUVEAU) ,CF,515332.0,370251.0,26191,0,GEO_ORPHAN_XY_2M,,,,,,
staging.raw_idp_2024_mesures_qualite_marche_cadre,3486,2025-11-25,,PUITS FERME BEN ALI (NOUVEAU) ,SF,515332.0,370251.0,26191,0,GEO_ORPHAN_XY_2M,,,,,,
staging.raw_idp_2024_mesures_qualite_marche_cadre,3551,2025-12-01,,PUITS GHOUAZI OUAZZAA,IP,508686.0,431138.0,26191,0,GEO_ORPHAN_XY_2M,,,,,,
staging.raw_idp_2024_mesures_qualite_marche_cadre,3552,2025-12-01,,PUITS GHOUAZI OUAZZAA,NH4+ Spect,508686.0,431138.0,26191,0,GEO_ORPHAN_XY_2M,,,,,,
staging.raw_idp_2024_mesures_qualite_marche_cadre,3553,2025-12-01,,PUITS GHOUAZI OUAZZAA,NH4+ ,508686.0,431138.0,26191,0,GEO_ORPHAN_XY_2M,,,,,,
staging.raw_idp_2024_mesures_qualite_marche_cadre,3554,2025-12-01,,PUITS GHOUAZI OUAZZAA,"RS 
mesuré_à 105 °C",508686.0,431138.0,26191,0,GEO_ORPHAN_XY_2M,,,,,,
staging.raw_idp_2024_mesures_qualite_marche_cadre,3555,2025-12-01,,PUITS GHOUAZI OUAZZAA,NO2- _Spectro.,508686.0,431138.0,26191,0,GEO_ORPHAN_XY_2M,,,,,,
staging.raw_idp_2024_mesures_qualite_marche_cadre,3556,2025-12-01,,PUITS GHOUAZI OUAZZAA,NO3-_Spectro,508686.0,431138.0,26191,0,GEO_ORPHAN_XY_2M,,,,,,
staging.raw_idp_2024_mesures_qualite_marche_cadre,3557,2025-12-01,,PUITS GHOUAZI OUAZZAA,TAC/TACs_meq/l,508686.0,431138.0,26191,0,GEO_ORPHAN_XY_2M,,,,,,
staging.raw_idp_2024_mesures_qualite_marche_cadre,3558,2025-12-01,,PUITS GHOUAZI OUAZZAA,TAC/TACs_°F,508686.0,431138.0,26191,0,GEO_ORPHAN_XY_2M,,,,,,
staging.raw_idp_2024_mesures_qualite_marche_cadre,3559,2025-12-01,,PUITS GHOUAZI OUAZZAA,TA/Tas_meq/l,508686.0,431138.0,26191,0,GEO_ORPHAN_XY_2M,,,,,,
staging.raw_idp_2024_mesures_qualite_marche_cadre,3560,2025-12-01,,PUITS GHOUAZI OUAZZAA,TA/Tas_°F,508686.0,431138.0,26191,0,GEO_ORPHAN_XY_2M,,,,,,
staging.raw_idp_2024_mesures_qualite_marche_cadre,3561,2025-12-01,,PUITS GHOUAZI OUAZZAA,HCO3,508686.0,431138.0,26191,0,GEO_ORPHAN_XY_2M,,,,,,
staging.raw_idp_2024_mesures_qualite_marche_cadre,3562,2025-12-01,,PUITS GHOUAZI OUAZZAA,CO3,508686.0,431138.0,26191,0,GEO_ORPHAN_XY_2M,,,,,,
staging.raw_idp_2024_mesures_qualite_marche_cadre,3563,2025-12-01,,PUITS GHOUAZI OUAZZAA,OH-,508686.0,431138.0,26191,0,GEO_ORPHAN_XY_2M,,,,,,
staging.raw_idp_2024_mesures_qualite_marche_cadre,3564,2025-12-01,,PUITS GHOUAZI OUAZZAA,Cl-_IC,508686.0,431138.0,26191,0,GEO_ORPHAN_XY_2M,,,,,,
staging.raw_idp_2024_mesures_qualite_marche_cadre,3565,2025-12-01,,PUITS GHOUAZI OUAZZAA,SO42-_IC,508686.0,431138.0,26191,0,GEO_ORPHAN_XY_2M,,,,,,
staging.raw_idp_2024_mesures_qualite_marche_cadre,3566,2025-12-01,,PUITS GHOUAZI OUAZZAA,"somme
anions_meq/l",508686.0,431138.0,26191,0,GEO_ORPHAN_XY_2M,,,,,,
staging.raw_idp_2024_mesures_qualite_marche_cadre,3567,2025-12-01,,PUITS GHOUAZI OUAZZAA,"somme
anions_mg/l",508686.0,431138.0,26191,0,GEO_ORPHAN_XY_2M,,,,,,
staging.raw_idp_2024_mesures_qualite_marche_cadre,3568,2025-12-01,,PUITS GHOUAZI OUAZZAA,Ca++,508686.0,431138.0,26191,0,GEO_ORPHAN_XY_2M,,,,,,
staging.raw_idp_2024_mesures_qualite_marche_cadre,3569,2025-12-01,,PUITS GHOUAZI OUAZZAA,Mg++,508686.0,431138.0,26191,0,GEO_ORPHAN_XY_2M,,,,,,
staging.raw_idp_2024_mesures_qualite_marche_cadre,3570,2025-12-01,,PUITS GHOUAZI OUAZZAA,TH,508686.0,431138.0,26191,0,GEO_ORPHAN_XY_2M,,,,,,
staging.raw_idp_2024_mesures_qualite_marche_cadre,3571,2025-12-01,,PUITS GHOUAZI OUAZZAA,Na+,508686.0,431138.0,26191,0,GEO_ORPHAN_XY_2M,,,,,,
staging.raw_idp_2024_mesures_qualite_marche_cadre,3572,2025-12-01,,PUITS GHOUAZI OUAZZAA,K+,508686.0,431138.0,26191,0,GEO_ORPHAN_XY_2M,,,,,,
staging.raw_idp_2024_mesures_qualite_marche_cadre,3573,2025-12-01,,PUITS GHOUAZI OUAZZAA,"Somme
cations_meq/l",508686.0,431138.0,26191,0,GEO_ORPHAN_XY_2M,,,,,,
staging.raw_idp_2024_mesures_qualite_marche_cadre,3574,2025-12-01,,PUITS GHOUAZI OUAZZAA,"Somme
cations_mg/l",508686.0,431138.0,26191,0,GEO_ORPHAN_XY_2M,,,,,,
staging.raw_idp_2024_mesures_qualite_marche_cadre,3575,2025-12-01,,PUITS GHOUAZI OUAZZAA,Bilan_Ionique,508686.0,431138.0,26191,0,GEO_ORPHAN_XY_2M,,,,,,
staging.raw_idp_2024_mesures_qualite_marche_cadre,3576,2025-12-01,,PUITS GHOUAZI OUAZZAA,Na+3,508686.0,431138.0,26191,0,GEO_ORPHAN_XY_2M,,,,,,
staging.raw_idp_2024_mesures_qualite_marche_cadre,3577,2025-12-01,,PUITS GHOUAZI OUAZZAA,K+4,508686.0,431138.0,26191,0,GEO_ORPHAN_XY_2M,,,,,,
staging.raw_idp_2024_mesures_qualite_marche_cadre,3578,2025-12-01,,PUITS GHOUAZI OUAZZAA,Fe,508686.0,431138.0,26191,0,GEO_ORPHAN_XY_2M,,,,,,
staging.raw_idp_2024_mesures_qualite_marche_cadre,3579,2025-12-01,,PUITS GHOUAZI OUAZZAA,Mn5,508686.0,431138.0,26191,0,GEO_ORPHAN_XY_2M,,,,,,
staging.raw_idp_2024_mesures_qualite_marche_cadre,3580,2025-12-01,,PUITS GHOUAZI OUAZZAA,CT,508686.0,431138.0,26191,0,GEO_ORPHAN_XY_2M,,,,,,
staging.raw_idp_2024_mesures_qualite_marche_cadre,3581,2025-12-01,,PUITS GHOUAZI OUAZZAA,CF,508686.0,431138.0,26191,0,GEO_ORPHAN_XY_2M,,,,,,
staging.raw_idp_2024_mesures_qualite_marche_cadre,3582,2025-12-01,,PUITS GHOUAZI OUAZZAA,SF,508686.0,431138.0,26191,0,GEO_ORPHAN_XY_2M,,,,,,
staging.raw_idp_2024_mesures_qualite_marche_cadre,3583,2025-12-01,,PUITS BADIA SAHLI,IP,499728.0,456521.0,26191,0,GEO_ORPHAN_XY_2M,,,,,,
staging.raw_idp_2024_mesures_qualite_marche_cadre,3584,2025-12-01,,PUITS BADIA SAHLI,NH4+ Spect,499728.0,456521.0,26191,0,GEO_ORPHAN_XY_2M,,,,,,
staging.raw_idp_2024_mesures_qualite_marche_cadre,3585,2025-12-01,,PUITS BADIA SAHLI,NH4+ ,499728.0,456521.0,26191,0,GEO_ORPHAN_XY_2M,,,,,,
staging.raw_idp_2024_mesures_qualite_marche_cadre,3586,2025-12-01,,PUITS BADIA SAHLI,"RS 
mesuré_à 105 °C",499728.0,456521.0,26191,0,GEO_ORPHAN_XY_2M,,,,,,
staging.raw_idp_2024_mesures_qualite_marche_cadre,3587,2025-12-01,,PUITS BADIA SAHLI,NO2- _Spectro.,499728.0,456521.0,26191,0,GEO_ORPHAN_XY_2M,,,,,,
staging.raw_idp_2024_mesures_qualite_marche_cadre,3588,2025-12-01,,PUITS BADIA SAHLI,NO3-_Spectro,499728.0,456521.0,26191,0,GEO_ORPHAN_XY_2M,,,,,,
staging.raw_idp_2024_mesures_qualite_marche_cadre,3589,2025-12-01,,PUITS BADIA SAHLI,TAC/TACs_meq/l,499728.0,456521.0,26191,0,GEO_ORPHAN_XY_2M,,,,,,
staging.raw_idp_2024_mesures_qualite_marche_cadre,3590,2025-12-01,,PUITS BADIA SAHLI,TAC/TACs_°F,499728.0,456521.0,26191,0,GEO_ORPHAN_XY_2M,,,,,,
staging.raw_idp_2024_mesures_qualite_marche_cadre,3591,2025-12-01,,PUITS BADIA SAHLI,TA/Tas_meq/l,499728.0,456521.0,26191,0,GEO_ORPHAN_XY_2M,,,,,,
staging.raw_idp_2024_mesures_qualite_marche_cadre,3592,2025-12-01,,PUITS BADIA SAHLI,TA/Tas_°F,499728.0,456521.0,26191,0,GEO_ORPHAN_XY_2M,,,,,,
staging.raw_idp_2024_mesures_qualite_marche_cadre,3593,2025-12-01,,PUITS BADIA SAHLI,HCO3,499728.0,456521.0,26191,0,GEO_ORPHAN_XY_2M,,,,,,
staging.raw_idp_2024_mesures_qualite_marche_cadre,3594,2025-12-01,,PUITS BADIA SAHLI,CO3,499728.0,456521.0,26191,0,GEO_ORPHAN_XY_2M,,,,,,
staging.raw_idp_2024_mesures_qualite_marche_cadre,3595,2025-12-01,,PUITS BADIA SAHLI,OH-,499728.0,456521.0,26191,0,GEO_ORPHAN_XY_2M,,,,,,
staging.raw_idp_2024_mesures_qualite_marche_cadre,3596,2025-12-01,,PUITS BADIA SAHLI,Cl-_IC,499728.0,456521.0,26191,0,GEO_ORPHAN_XY_2M,,,,,,
staging.raw_idp_2024_mesures_qualite_marche_cadre,3597,2025-12-01,,PUITS BADIA SAHLI,SO42-_IC,499728.0,456521.0,26191,0,GEO_ORPHAN_XY_2M,,,,,,
staging.raw_idp_2024_mesures_qualite_marche_cadre,3598,2025-12-01,,PUITS BADIA SAHLI,"somme
anions_meq/l",499728.0,456521.0,26191,0,GEO_ORPHAN_XY_2M,,,,,,
staging.raw_idp_2024_mesures_qualite_marche_cadre,3599,2025-12-01,,PUITS BADIA SAHLI,"somme
anions_mg/l",499728.0,456521.0,26191,0,GEO_ORPHAN_XY_2M,,,,,,
staging.raw_idp_2024_mesures_qualite_marche_cadre,3600,2025-12-01,,PUITS BADIA SAHLI,Ca++,499728.0,456521.0,26191,0,GEO_ORPHAN_XY_2M,,,,,,
staging.raw_idp_2024_mesures_qualite_marche_cadre,3601,2025-12-01,,PUITS BADIA SAHLI,Mg++,499728.0,456521.0,26191,0,GEO_ORPHAN_XY_2M,,,,,,
staging.raw_idp_2024_mesures_qualite_marche_cadre,3602,2025-12-01,,PUITS BADIA SAHLI,TH,499728.0,456521.0,26191,0,GEO_ORPHAN_XY_2M,,,,,,
staging.raw_idp_2024_mesures_qualite_marche_cadre,3603,2025-12-01,,PUITS BADIA SAHLI,Na+,499728.0,456521.0,26191,0,GEO_ORPHAN_XY_2M,,,,,,
staging.raw_idp_2024_mesures_qualite_marche_cadre,3604,2025-12-01,,PUITS BADIA SAHLI,K+,499728.0,456521.0,26191,0,GEO_ORPHAN_XY_2M,,,,,,
staging.raw_idp_2024_mesures_qualite_marche_cadre,3605,2025-12-01,,PUITS BADIA SAHLI,"Somme
cations_meq/l",499728.0,456521.0,26191,0,GEO_ORPHAN_XY_2M,,,,,,
staging.raw_idp_2024_mesures_qualite_marche_cadre,3606,2025-12-01,,PUITS BADIA SAHLI,"Somme
cations_mg/l",499728.0,456521.0,26191,0,GEO_ORPHAN_XY_2M,,,,,,
staging.raw_idp_2024_mesures_qualite_marche_cadre,3607,2025-12-01,,PUITS BADIA SAHLI,Bilan_Ionique,499728.0,456521.0,26191,0,GEO_ORPHAN_XY_2M,,,,,,
staging.raw_idp_2024_mesures_qualite_marche_cadre,3608,2025-12-01,,PUITS BADIA SAHLI,Na+3,499728.0,456521.0,26191,0,GEO_ORPHAN_XY_2M,,,,,,
staging.raw_idp_2024_mesures_qualite_marche_cadre,3609,2025-12-01,,PUITS BADIA SAHLI,K+4,499728.0,456521.0,26191,0,GEO_ORPHAN_XY_2M,,,,,,
staging.raw_idp_2024_mesures_qualite_marche_cadre,3610,2025-12-01,,PUITS BADIA SAHLI,Fe,499728.0,456521.0,26191,0,GEO_ORPHAN_XY_2M,,,,,,
staging.raw_idp_2024_mesures_qualite_marche_cadre,3611,2025-12-01,,PUITS BADIA SAHLI,Mn5,499728.0,456521.0,26191,0,GEO_ORPHAN_XY_2M,,,,,,
staging.raw_idp_2024_mesures_qualite_marche_cadre,3612,2025-12-01,,PUITS BADIA SAHLI,CT,499728.0,456521.0,26191,0,GEO_ORPHAN_XY_2M,,,,,,
staging.raw_idp_2024_mesures_qualite_marche_cadre,3613,2025-12-01,,PUITS BADIA SAHLI,CF,499728.0,456521.0,26191,0,GEO_ORPHAN_XY_2M,,,,,,
staging.raw_idp_2024_mesures_qualite_marche_cadre,3614,2025-12-01,,PUITS BADIA SAHLI,SF,499728.0,456521.0,26191,0,GEO_ORPHAN_XY_2M,,,,,,
staging.raw_idp_2024_src_pollution_globale,1,2024-09-12,, REJET R1 (R1: SHZ-DOM2-R1),,,,26191,0,GEO_ORPHAN_XY_2M,,,,,,
staging.raw_idp_2024_src_pollution_globale,2,2024-09-12,,REJET R2 (R2: SHZ-DOM2-R2),,,,26191,0,GEO_ORPHAN_XY_2M,,,,,,
staging.raw_idp_2024_src_pollution_globale,3,2024-09-12,,REJET R3  (R3: SHZ-DOM1-R1),,,,26191,0,GEO_ORPHAN_XY_2M,,,,,,
staging.raw_idp_2024_src_pollution_globale,4,2024-09-13,,S1 (Aval_conf_Rejet_MOG (Mograne),Oued,404650.0,423453.0,26191,0,GEO_ORPHAN_XY_2M,,,,,,
staging.raw_idp_2024_src_pollution_globale,5,2024-09-13,,S2 (Barrage de garde),Oued,407303.0,432473.0,26191,0,GEO_ORPHAN_XY_2M,,,,,,
staging.raw_idp_2024_src_pollution_globale,6,2024-09-13,,S3 (Station Pompage Ferme (Amont Bge de garde),Oued,408732.0,432361.0,26191,0,GEO_ORPHAN_XY_2M,,,,,,
staging.raw_idp_2024_src_pollution_globale,7,2024-09-13,,S4 (Amont station pompage ferme),Oued,410306.0,433218.0,26191,0,GEO_ORPHAN_XY_2M,,,,,,
staging.raw_idp_2024_src_pollution_globale,8,2024-09-13,,S5 (Aval ancien rejet sotrameg),Oued,411431.0,434938.0,26191,0,GEO_ORPHAN_XY_2M,,,,,,
staging.raw_idp_2024_src_pollution_globale,9,2024-09-13,,S6 (Amont ancien rejet sotrameg),Oued,411388.0,436987.0,26191,0,GEO_ORPHAN_XY_2M,,,,,,
staging.raw_idp_2024_src_pollution_globale,10,2024-09-13,,S7 (Aval_Conf_Rejet_SAT (Sidi Allal Tazi),Oued,413977.0,438108.0,26191,0,GEO_ORPHAN_XY_2M,,,,,,
staging.raw_idp_2024_src_pollution_globale,11,2024-09-13,,S9 (Aval douar el fokra (sidi kamel),Oued,422480.0,434880.0,26191,0,GEO_ORPHAN_XY_2M,,,,,,
staging.raw_idp_2024_src_pollution_globale,12,2024-09-13,,S8 (Aval Ferme Agricole sidi kamel),Oued,415869.0,434092.0,26191,0,GEO_ORPHAN_XY_2M,,,,,,
staging.raw_idp_2024_src_pollution_globale,13,2024-09-13,,REJET R5 (R5: LOD-DOM-R2),,,,26191,0,GEO_ORPHAN_XY_2M,,,,,,
staging.raw_idp_2024_src_pollution_globale,14,2024-09-13,, REJET R4  (R4: SHZ-DOM3-R2),,,,26191,0,GEO_ORPHAN_XY_2M,,,,,,
staging.raw_idp_2024_src_pollution_globale,15,2024-09-13,,REJET R1 EM (R1: SHZ-DOM2-R1),,,,26191,0,GEO_ORPHAN_XY_2M,,,,,,
staging.raw_idp_2024_src_pollution_globale,16,2024-09-13,,REJET R2 EM  (R2: SHZ-DOM2-R2),,,,26191,0,GEO_ORPHAN_XY_2M,,,,,,
staging.raw_idp_2024_src_pollution_globale,17,2024-09-13,,REJET R3 EM  (R3: SHZ-DOM1-R1),,,,26191,0,GEO_ORPHAN_XY_2M,,,,,,
staging.raw_idp_2024_src_pollution_globale,18,2024-09-13,,REJET R1 EP (R1: SHZ-DOM2-R1),,,,26191,0,GEO_ORPHAN_XY_2M,,,,,,
staging.raw_idp_2024_src_pollution_globale,19,2024-09-13,,REJET R2 EP  (R2: SHZ-DOM2-R2),,,,26191,0,GEO_ORPHAN_XY_2M,,,,,,
staging.raw_idp_2024_src_pollution_globale,20,2024-09-13,,REJET R3 EP  (R3: SHZ-DOM1-R1),,,,26191,0,GEO_ORPHAN_XY_2M,,,,,,
staging.raw_idp_2024_src_pollution_globale,23,2024-09-14,,S10 (Aval douar Zehair (sidi kamel),Oued,424538.0,441614.0,26191,0,GEO_ORPHAN_XY_2M,,,,,,
staging.raw_idp_2024_src_pollution_globale,24,2024-09-14,,S11 (Amont Fermes Agricole sidi kamel,Oued,436692.0,445438.0,26191,0,GEO_ORPHAN_XY_2M,,,,,,
staging.raw_idp_2024_src_pollution_globale,25,2024-09-14,,S13 (Aval_Conf_Rejet_MBK (Mechraa Bel Ksiri),Oued,448680.0,440646.0,26191,0,GEO_ORPHAN_XY_2M,,,,,,
staging.raw_idp_2024_src_pollution_globale,26,2024-09-14,,S12 (Aval_Conf_Rejet_MBK_R4 (Mechraa Bel Ksiri),Oued,446067.0,441720.0,26191,0,GEO_ORPHAN_XY_2M,,,,,,
staging.raw_idp_2024_src_pollution_globale,28,2024-09-14,, REJET R6 (R6: ORG-DOM-R3),,,,26191,0,GEO_ORPHAN_XY_2M,,,,,,
staging.raw_idp_2024_src_pollution_globale,29,2024-09-14,,REJET R5 EM (R5: LOD-DOM-R2),,,,26191,0,GEO_ORPHAN_XY_2M,,,,,,
staging.raw_idp_2024_src_pollution_globale,30,2024-09-14,,REJET R6 EM  (R6: ORG-DOM-R3),,,,26191,0,GEO_ORPHAN_XY_2M,,,,,,
staging.raw_idp_2024_src_pollution_globale,31,2024-09-14,,REJET R5 EP (R5: LOD-DOM-R2),,,,26191,0,GEO_ORPHAN_XY_2M,,,,,,
staging.raw_idp_2024_src_pollution_globale,32,2024-09-14,,REJET R6 EP  (R6: ORG-DOM-R3),,,,26191,0,GEO_ORPHAN_XY_2M,,,,,,
staging.raw_idp_2024_src_pollution_globale,33,2024-09-14,,REJET R4 EM (R4: SHZ-DOM3-R2),,,,26191,0,GEO_ORPHAN_XY_2M,,,,,,
staging.raw_idp_2024_src_pollution_globale,34,2024-09-14,,REJET R4 EP (R4: SHZ-DOM3-R2),,,,26191,0,GEO_ORPHAN_XY_2M,,,,,,
staging.raw_idp_2024_src_pollution_globale,35,2024-09-15,,REJET R7 (R7: JEM-DOM-R2),,,,26191,0,GEO_ORPHAN_XY_2M,,,,,,
staging.raw_idp_2024_src_pollution_globale,36,2024-09-15,, REJET R8  (R8: LMJ-DOM-R1),,,,26191,0,GEO_ORPHAN_XY_2M,,,,,,
staging.raw_idp_2024_src_pollution_globale,37,2024-09-15,, REJET R9 (R9: TRL-DOM-R1),,,,26191,0,GEO_ORPHAN_XY_2M,,,,,,
staging.raw_idp_2024_src_pollution_globale,38,2024-09-16,,REJET R7 EM  (R7: JEM-DOM-R2),,,,26191,0,GEO_ORPHAN_XY_2M,,,,,,
staging.raw_idp_2024_src_pollution_globale,39,2024-09-16,,REJET R8 EM (R8: LMJ-DOM-R1),,,,26191,0,GEO_ORPHAN_XY_2M,,,,,,
staging.raw_idp_2024_src_pollution_globale,40,2024-09-16,,REJET R9 EM (R9: TRL-DOM-R1),,,,26191,0,GEO_ORPHAN_XY_2M,,,,,,
staging.raw_idp_2024_src_pollution_globale,41,2024-09-16,,REJET R7 EP  (R7: JEM-DOM-R2),,,,26191,0,GEO_ORPHAN_XY_2M,,,,,,
staging.raw_idp_2024_src_pollution_globale,42,2024-09-16,,REJET R8 EP (R8: LMJ-DOM-R1),,,,26191,0,GEO_ORPHAN_XY_2M,,,,,,
staging.raw_idp_2024_src_pollution_globale,43,2024-09-16,,REJET R9 EP (R9: TRL-DOM-R1),,,,26191,0,GEO_ORPHAN_XY_2M,,,,,,
staging.raw_idp_2024_src_pollution_globale,44,2024-09-17,, REJET R10 (R10: KNH-DOM-R1),,,,26191,0,GEO_ORPHAN_XY_2M,,,,,,
staging.raw_idp_2024_src_pollution_globale,45,2024-09-17,, REJET R11 (R11: NTR-DOM-R1),,,,26191,0,GEO_ORPHAN_XY_2M,,,,,,
staging.raw_idp_2024_src_pollution_globale,46,2024-09-17,, REJET R12 (R12: MBK-DOM-R2),,,,26191,0,GEO_ORPHAN_XY_2M,,,,,,
staging.raw_idp_2024_src_pollution_globale,52,2024-09-18,,S29 (Aval_Conf_Rejet_Douar Ouled Jrir,Oued,555797.0,377237.0,26191,0,GEO_ORPHAN_XY_2M,,,,,,
staging.raw_idp_2024_src_pollution_globale,53,2024-09-18,,S30 (Aval_Conf_Rejet_SHZ (Sidi Harazem),Oued,546463.0,384297.0,26191,0,GEO_ORPHAN_XY_2M,,,,,,
staging.raw_idp_2024_src_pollution_globale,56,2024-09-18,, REJET R10 EM (R10: KNH-DOM-R1),,,,26191,0,GEO_ORPHAN_XY_2M,,,,,,
staging.raw_idp_2024_src_pollution_globale,57,2024-09-18,,REJET R11 EM (R11: NTR-DOM-R1),,,,26191,0,GEO_ORPHAN_XY_2M,,,,,,
staging.raw_idp_2024_src_pollution_globale,58,2024-09-18,, REJET R12 EM (R12: MBK-DOM-R2),,,,26191,0,GEO_ORPHAN_XY_2M,,,,,,
staging.raw_idp_2024_src_pollution_globale,59,2024-09-18,, REJET R10 EP (R10: KNH-DOM-R1),,,,26191,0,GEO_ORPHAN_XY_2M,,,,,,
staging.raw_idp_2024_src_pollution_globale,60,2024-09-18,,REJET R11 EP (R11: NTR-DOM-R1),,,,26191,0,GEO_ORPHAN_XY_2M,,,,,,
staging.raw_idp_2024_src_pollution_globale,61,2024-09-18,, REJET R12 EP (R12: MBK-DOM-R2),,,,26191,0,GEO_ORPHAN_XY_2M,,,,,,
staging.raw_idp_2024_src_pollution_globale,66,2024-09-19,,S21 (Aval_conf_Leban_ Inaoun,Oued,552458.0,401649.0,26191,0,GEO_ORPHAN_XY_2M,,,,,,
staging.raw_idp_2024_src_pollution_globale,68,2024-09-19,,S26 (Aval_Conf_Rejet_MKS (Mkansa),Oued,491774.0,413700.0,26191,0,GEO_ORPHAN_XY_2M,,,,,,
staging.raw_idp_2024_src_pollution_globale,69,2024-09-20,,S27 (Aval_Conf_Rejet_LOD (Louadaine),Oued,543094.0,401261.0,26191,0,GEO_ORPHAN_XY_2M,,,,,,
staging.raw_idp_2024_src_pollution_globale,70,2024-09-20,,S20 (Aval STEP Fes),Oued,544486.0,387178.0,26191,0,GEO_ORPHAN_XY_2M,,,,,,
staging.raw_idp_2024_src_pollution_globale,71,2024-09-20,,S23 (Aval_Conf_Rejet_JEM (Jorf el MALHA ),Oued,485741.0,430051.0,26191,0,GEO_ORPHAN_XY_2M,,,,,,
staging.raw_idp_2024_src_pollution_globale,72,2024-09-20,,RZI_DEC_PE1 (Puits Fouad ELBRINI),Puits,514759.0,421189.0,26191,0,GEO_ORPHAN_XY_2M,,,,,,
staging.raw_idp_2024_src_pollution_globale,78,2024-09-20,,S24 (Douar Chorf laghouazi),Oued,504514.0,431747.0,26191,0,GEO_ORPHAN_XY_2M,,,,,,
staging.raw_idp_2024_src_pollution_globale,79,2024-09-20,,S18 (Aval Sidi Daoud),Oued,523147.0,412143.0,26191,0,GEO_ORPHAN_XY_2M,,,,,,
staging.raw_idp_2024_src_pollution_globale,85,2024-09-21,,S14 (Aval_Conf_Rejet_HFT (Al Haouafate),Oued,453061.0,434317.0,26191,0,GEO_ORPHAN_XY_2M,,,,,,
staging.raw_idp_2024_src_pollution_globale,86,2024-09-21,,S28 (Aval_Conf_Rejet_ORG (Ouartzagh),Oued,537364.0,436554.0,26191,0,GEO_ORPHAN_XY_2M,,,,,,
staging.raw_idp_2024_src_pollution_globale,94,2024-09-22,,S15 (Aval_Conf_Sebou_ Ouagha (Dour El Kbara),Oued,465664.0,424569.0,26191,0,GEO_ORPHAN_XY_2M,,,,,,
staging.raw_idp_2024_src_pollution_globale,95,2024-09-22,,S16 (Aval_Conf_Rejet_KHN (Khnichet),Oued,473049.0,426910.0,26191,0,GEO_ORPHAN_XY_2M,,,,,,
staging.raw_idp_2024_src_pollution_globale,99,2024-09-23,,S22 (Aval_conf_Sebou_ Inaoun),Oued,545460.0,406845.0,26191,0,GEO_ORPHAN_XY_2M,,,,,,
staging.raw_idp_2024_src_pollution_globale,100,2024-09-23,,S31 (Aval_Conf_Rejet_LOJ (Loulja),Oued,537565.0,409952.0,26191,0,GEO_ORPHAN_XY_2M,,,,,,
staging.raw_idp_2024_src_pollution_globale,103,2024-09-24,,S25 (Aval_Conf_Rejet_LMJ (Lamjaara),Oued,513544.0,443140.0,26191,0,GEO_ORPHAN_XY_2M,,,,,,
staging.raw_idp_2024_src_pollution_globale,106,2025-10-13,,AVAL VILLAGE AIT SIBERNE,,451926.0,365389.0,26191,0,GEO_ORPHAN_XY_2M,,,,,,
staging.raw_idp_2024_src_pollution_globale,107,2025-10-13,,MERJA FOUARATE,,393481.0,408618.0,26191,0,GEO_ORPHAN_XY_2M,,,,,,
staging.raw_idp_2024_src_pollution_globale,112,2025-10-14,,PT. O. BEHT AVAL BIORISINE,,451016.0,406792.0,26191,0,GEO_ORPHAN_XY_2M,,,,,,
staging.raw_idp_2024_src_pollution_globale,113,2025-10-14,,Aval STEP (Aval Conf. Chaaba avec Oued Tiflet),,415784.0,370014.0,26191,0,GEO_ORPHAN_XY_2M,,,,,,
staging.raw_idp_2024_src_pollution_globale,115,2025-10-14,,Amont STEP Khémisset ,A-B-C-D,439837.0,360098.0,26191,0,GEO_ORPHAN_XY_2M,,,,,,
staging.raw_idp_2024_src_pollution_globale,116,2025-10-14,,Aval STEP Khémisset ,A-B-C-D,440195.0,360614.0,26191,0,GEO_ORPHAN_XY_2M,,,,,,
staging.raw_idp_2024_src_pollution_globale,120,2025-10-15,,AVAL AIN KARMA,,478488.0,380870.0,26191,0,GEO_ORPHAN_XY_2M,,,,,,
staging.raw_idp_2024_src_pollution_globale,122,2025-10-15,,AMONT SOUK ELAHAD CHEBANATE,,466002.0,410013.0,26191,0,GEO_ORPHAN_XY_2M,,,,,,
staging.raw_idp_2024_src_pollution_globale,124,2025-10-15,,AVAL SIDI SLIMANE,,451597.0,411757.0,26191,0,GEO_ORPHAN_XY_2M,,,,,,
staging.raw_idp_2024_src_pollution_globale,125,2025-10-15,,AVAL SOUK ELAHAD CHEBANATE,,465819.0,411026.0,26191,0,GEO_ORPHAN_XY_2M,,,,,,
staging.raw_idp_2024_src_pollution_globale,127,2025-10-16,,AVAL REJET MOULAY DRISS ZARHOUN,,486697.0,384628.0,26191,0,GEO_ORPHAN_XY_2M,,,,,,
staging.raw_idp_2024_src_pollution_globale,131,2025-10-16,,AVAL AIN DFALI,,484976.0,444828.0,26191,0,GEO_ORPHAN_XY_2M,,,,,,
staging.raw_idp_2024_src_pollution_globale,135,2025-10-20,,AVAL REJET BOUFEKRANE,,490717.0,356032.0,26191,0,GEO_ORPHAN_XY_2M,,,,,,
staging.raw_idp_2024_src_pollution_globale,136,2025-10-20,,AVAL STEP EL HAJEB,,504570.0,348710.0,26191,0,GEO_ORPHAN_XY_2M,,,,,,
staging.raw_idp_2024_src_pollution_globale,138,2025-10-20,,AMONT STEP El Hajeb,,505266.0,347101.0,26191,0,GEO_ORPHAN_XY_2M,,,,,,
staging.raw_idp_2024_src_pollution_globale,145,2025-10-22,,PA Aval Village Tigrigra,,504961.0,312168.0,26191,0,GEO_ORPHAN_XY_2M,,,,,,
staging.raw_idp_2024_src_pollution_globale,149,2025-10-22,,AVAL STEP AZROU,,507467.0,313351.0,26191,0,GEO_ORPHAN_XY_2M,,,,,,
staging.raw_idp_2024_src_pollution_globale,152,2025-10-24,,AVAL STEP IFRANE,,523437.0,331724.0,26191,0,GEO_ORPHAN_XY_2M,,,,,,
staging.raw_idp_2024_src_pollution_globale,154,2025-10-27,,ATJ_DECH_PE1 ,Forage,518542.0,364386.0,26191,0,GEO_ORPHAN_XY_2M,,,,,,
staging.raw_idp_2024_src_pollution_globale,157,2025-10-28,,BHL_DOM_PE1 (PUITS),Source,548010.0,363937.0,26191,0,GEO_ORPHAN_XY_2M,,,,,,
staging.raw_idp_2024_src_pollution_globale,158,2025-10-28,,TIS_DEC_PE1 (MEHDI OUAZZANI),Puits,566866.0,409680.0,26191,0,GEO_ORPHAN_XY_2M,,,,,,
staging.raw_idp_2024_src_pollution_globale,165,2025-10-30,,AMONT STEP OUED AMLIL,Oued,600202.0,406183.0,26191,0,GEO_ORPHAN_XY_2M,,,,,,
staging.raw_idp_2024_src_pollution_globale,166,2025-10-30,,AVAL STEP OUED AMLIL,A-B-C-D-H-E,603267.0,399513.0,26191,0,GEO_ORPHAN_XY_2M,,,,,,
staging.raw_idp_2024_src_pollution_globale,169,2025-10-30,,STATION BAB MARZOUKA,Oued,615850.0,400850.0,26191,0,GEO_ORPHAN_XY_2M,,,,,,
staging.raw_idp_2024_src_pollution_globale,171,2025-10-31,,AVAL REJET MOULAY YAACOUB,A-B-C-D-H-E,519539.0,388381.0,26191,0,GEO_ORPHAN_XY_2M,,,,,,
staging.raw_idp_2024_src_pollution_globale,172,2025-11-03,,R-KRB_PDE_P2,F-G-D,514760.0,421189.0,26191,0,GEO_ORPHAN_XY_2M,,,,,,
staging.raw_idp_2024_src_pollution_globale,173,2025-11-03,,AMONT SEFROU,A-B-C-D,548341.0,358673.0,26191,0,GEO_ORPHAN_XY_2M,,,,,,
staging.raw_idp_2024_src_pollution_globale,175,2025-11-04,,AVAL REJET SEFROU,A-B-C-D-H-E,553720.0,361794.0,26191,0,GEO_ORPHAN_XY_2M,,,,,,
staging.raw_idp_2024_src_pollution_globale,179,2025-11-05,,AVAL REJET EL MENZEL,A-B-C-D-H-E,577329.0,360959.0,26191,0,GEO_ORPHAN_XY_2M,,,,,,
staging.raw_idp_2024_src_pollution_globale,183,2025-11-07,,AVAL REJET AIN CHEGGAG,A-B-C-D-H-E,532794.0,366268.0,26191,0,GEO_ORPHAN_XY_2M,,,,,,
staging.raw_idp_2024_src_pollution_globale,185,2025-11-10,,AVAL OUED IFRANE,A-B-C-D,491102.0,300558.0,26191,0,GEO_ORPHAN_XY_2M,,,,,,
staging.raw_idp_2024_src_pollution_globale,186,2025-11-10,,AVAL AIN LEUH,A-B-C-D-H-E,504884.0,300497.0,26191,0,GEO_ORPHAN_XY_2M,,,,,,
staging.raw_idp_2024_src_pollution_globale,191,2025-11-12,,AVAL VILLAGE BNI AMMART,A-B-C-D-H-E,613904.0,468186.0,26191,0,GEO_ORPHAN_XY_2M,,,,,,
staging.raw_idp_2024_src_pollution_globale,198,2025-11-14,,Station Hajria,A-B-C-D,552856.0,432506.0,26191,0,GEO_ORPHAN_XY_2M,,,,,,
staging.raw_idp_2024_src_pollution_globale,199,2025-11-14,,Aval Village Galaz,,554587.0,436637.0,26191,0,GEO_ORPHAN_XY_2M,,,,,,
staging.raw_idp_2024_src_pollution_globale,200,2025-11-19,,AVAL BOULEMANE,,560909.0,308376.0,26191,0,GEO_ORPHAN_XY_2M,,,,,,
staging.raw_idp_2024_src_pollution_globale,201,2025-11-19,,IMM_DECH_PE1 (FORAGE ONEE-BO),F-G-D,603944.0,320639.0,26191,0,GEO_ORPHAN_XY_2M,,,,,,
staging.raw_idp_2024_src_pollution_globale,203,2025-11-20,,Amont STEP Taounate,A-B-C-D,571757.0,435740.0,26191,0,GEO_ORPHAN_XY_2M,,,,,,
staging.raw_idp_2024_src_pollution_globale,204,2025-11-20,,Aval STEP Taounate,A-B-C-D,571892.0,435379.0,26191,0,GEO_ORPHAN_XY_2M,,,,,,
staging.raw_idp_2024_src_pollution_globale,211,2025-11-25,,PA AVAL STEP MHAYA,A-B-C-D,513291.0,376994.0,26191,0,GEO_ORPHAN_XY_2M,,,,,,
staging.raw_idp_2024_src_pollution_marche_cadre,1,2025-10-06,,FORAGE ABD NBI BOUTABEQ,,381040.0,389473.0,26191,0,GEO_ORPHAN_XY_2M,,,,,,
staging.raw_idp_2024_src_pollution_marche_cadre,3,2025-10-06,,DAYAT FOUARATE,,393481.0,408618.0,26191,0,GEO_ORPHAN_XY_2M,,,,,,
staging.raw_idp_2024_src_pollution_marche_cadre,5,2025-10-06,,DAYAT SIDI BOUGHABA,,383102.0,406392.0,26191,0,GEO_ORPHAN_XY_2M,,,,,,
staging.raw_idp_2024_src_pollution_marche_cadre,8,2025-10-07,,FORAGE ONEP BEN AOUDA,,449723.0,470980.0,26191,0,GEO_ORPHAN_XY_2M,,,,,,
staging.raw_idp_2024_src_pollution_marche_cadre,9,2025-10-07,,AVAL STEP SIDI SLIMANE,,448173.0,410920.0,26191,0,GEO_ORPHAN_XY_2M,,,,,,
staging.raw_idp_2024_src_pollution_marche_cadre,11,2025-10-07,,FORAGE ONEP KSAIBIA,,438642.0,410539.0,26191,0,GEO_ORPHAN_XY_2M,,,,,,
staging.raw_idp_2024_src_pollution_marche_cadre,12,2025-10-07,,PUITS MOHAMED HASSANI,,437049.0,471403.0,26191,0,GEO_ORPHAN_XY_2M,,,,,,
staging.raw_idp_2024_src_pollution_marche_cadre,13,2025-10-07,,FORAGE SOCHATOUR,,434414.0,478461.0,26191,0,GEO_ORPHAN_XY_2M,,,,,,
staging.raw_idp_2024_src_pollution_marche_cadre,15,2025-10-07,,PUITS MOHAMED CHEHYMA,,427574.0,482265.0,26191,0,GEO_ORPHAN_XY_2M,,,,,,
staging.raw_idp_2024_src_pollution_marche_cadre,17,2025-10-08,,AMONT STEP MECHRAA BEL KSIRI,,452534.0,441554.0,26191,0,GEO_ORPHAN_XY_2M,,,,,,
staging.raw_idp_2024_src_pollution_marche_cadre,18,2025-10-08,,AVAL STEP MECHRAA BEL KSIRI,,452534.0,441554.0,26191,0,GEO_ORPHAN_XY_2M,,,,,,
staging.raw_idp_2024_src_pollution_marche_cadre,19,2025-10-08,,STATION PONT MECHRAA BEL KSIRI,,448223.0,440951.0,26191,0,GEO_ORPHAN_XY_2M,,,,,,
staging.raw_idp_2024_src_pollution_marche_cadre,20,2025-10-08,,FORAGE COLONEL ALLAM,,461128.0,411476.0,26191,0,GEO_ORPHAN_XY_2M,,,,,,
staging.raw_idp_2024_src_pollution_marche_cadre,21,2025-10-08,,PUITS ALLAL ZOUHRI,,465624.0,410619.0,26191,0,GEO_ORPHAN_XY_2M,,,,,,
staging.raw_idp_2024_src_pollution_marche_cadre,22,2025-10-08,,AVAL CONFLUENCE SEBOU-RDAT,,458636.0,431756.0,26191,0,GEO_ORPHAN_XY_2M,,,,,,
staging.raw_idp_2024_src_pollution_marche_cadre,24,2025-10-08,,PONT KHENICHET,,473637.0,426830.0,26191,0,GEO_ORPHAN_XY_2M,,,,,,
staging.raw_idp_2024_src_pollution_marche_cadre,25,2025-10-08,,FORAGE DRISS NAISSA (CDA 224 BEL KSIRI),,445122.0,440707.0,26191,0,GEO_ORPHAN_XY_2M,,,,,,
staging.raw_idp_2024_src_pollution_marche_cadre,26,2025-10-08,,FORAGE FERME HERATI,,426317.0,439663.0,26191,0,GEO_ORPHAN_XY_2M,,,,,,
staging.raw_idp_2024_src_pollution_marche_cadre,27,2025-10-08,,AVAL STEP SIDI KACEM,,467580.0,407448.0,26191,0,GEO_ORPHAN_XY_2M,,,,,,
staging.raw_idp_2024_src_pollution_marche_cadre,30,2025-10-09,,PUITS STATION DAR SALEM,,414129.0,401202.0,26191,0,GEO_ORPHAN_XY_2M,,,,,,
staging.raw_idp_2024_src_pollution_marche_cadre,31,2025-10-09,,FORAGE FERME MED SQALI,,411145.0,457853.0,26191,0,GEO_ORPHAN_XY_2M,,,,,,
staging.raw_idp_2024_src_pollution_marche_cadre,34,2025-10-10,,AVAL STEP SIDI YAHYA EL GHARB,,416810.0,416679.0,26191,0,GEO_ORPHAN_XY_2M,,,,,,
staging.raw_idp_2024_src_pollution_marche_cadre,35,2025-10-10,,AVAL DAR GUEDDARI,,434398.0,425035.0,26191,0,GEO_ORPHAN_XY_2M,,,,,,
staging.raw_idp_2024_src_pollution_marche_cadre,36,2025-10-10,,AVAL STEP DAR GUEDDARI,,437704.0,426402.0,26191,0,GEO_ORPHAN_XY_2M,,,,,,
staging.raw_idp_2024_src_pollution_marche_cadre,37,2025-10-10,,AMONT STEP KENITRA,,392546.0,411337.0,26191,0,GEO_ORPHAN_XY_2M,,,,,,
staging.raw_idp_2024_src_pollution_marche_cadre,40,2025-10-10,,PUITS FERME BENNANI,,396617.0,425212.0,26191,0,GEO_ORPHAN_XY_2M,,,,,,
staging.raw_idp_2024_src_pollution_marche_cadre,45,2025-10-14,,STATION RP 26,,523250.0,412150.0,26191,0,GEO_ORPHAN_XY_2M,,,,,,
staging.raw_idp_2024_src_pollution_marche_cadre,46,2025-10-14,,AMONT STEP KHEMISSET ,,439837.0,360098.0,26191,0,GEO_ORPHAN_XY_2M,,,,,,
staging.raw_idp_2024_src_pollution_marche_cadre,47,2025-10-14,,AVAL STEP KHEMISSET ,,440195.0,360614.0,26191,0,GEO_ORPHAN_XY_2M,,,,,,
staging.raw_idp_2024_src_pollution_marche_cadre,49,2025-10-15,,FORAGE BARRAGE DE GARDE,,406932.0,432666.0,26191,0,GEO_ORPHAN_XY_2M,,,,,,
staging.raw_idp_2024_src_pollution_marche_cadre,50,2025-10-15,,AMONT BARRAGE DE GARDE,,411255.0,436360.0,26191,0,GEO_ORPHAN_XY_2M,,,,,,
staging.raw_idp_2024_src_pollution_marche_cadre,52,2025-10-17,,AVAL STEP KARIAT BA MOHAMED,,519684.0,418218.0,26191,0,GEO_ORPHAN_XY_2M,,,,,,
staging.raw_idp_2024_src_pollution_marche_cadre,55,2025-10-20,,AVAL STEP EL HAJEB,,504570.0,348710.0,26191,0,GEO_ORPHAN_XY_2M,,,,,,
staging.raw_idp_2024_src_pollution_marche_cadre,63,2025-10-22,,AVAL STEP AZROU,,507467.0,313351.0,26191,0,GEO_ORPHAN_XY_2M,,,,,,
staging.raw_idp_2024_src_pollution_marche_cadre,68,2025-10-24,,AVAL STEP IFRANE,,523437.0,331724.0,26191,0,GEO_ORPHAN_XY_2M,,,,,,
staging.raw_idp_2024_src_pollution_marche_cadre,71,2025-10-27,,AVAL STEP FES,,543750.0,387094.0,26191,0,GEO_ORPHAN_XY_2M,,,,,,
staging.raw_idp_2024_src_pollution_marche_cadre,72,2025-10-27,,FORAGE ATTO MILOUD,,538336.0,366978.0,26191,0,GEO_ORPHAN_XY_2M,,,,,,
staging.raw_idp_2024_src_pollution_marche_cadre,74,2025-10-28,,PONT PORTUGAIS,,544238.0,385695.0,26191,0,GEO_ORPHAN_XY_2M,,,,,,
staging.raw_idp_2024_src_pollution_marche_cadre,76,2025-10-29,,POINT RP1 AVAL TAZA,,623250.0,404600.0,26191,0,GEO_ORPHAN_XY_2M,,,,,,
staging.raw_idp_2024_src_pollution_marche_cadre,80,2025-10-30,,STATION BAB MARZOUKA,,615850.0,400850.0,26191,0,GEO_ORPHAN_XY_2M,,,,,,
staging.raw_idp_2024_src_pollution_marche_cadre,81,2025-10-30,,LAGUNE MERJA ZARGA (SURFACE),,420051.0,472640.0,26191,0,GEO_ORPHAN_XY_2M,,,,,,
staging.raw_idp_2024_src_pollution_marche_cadre,84,2025-10-30,,AVAL STEP TAHLA,,587570.0,382928.0,26191,0,GEO_ORPHAN_XY_2M,,,,,,
staging.raw_idp_2024_src_pollution_marche_cadre,87,2025-10-31,,BARRAGE BOUHOUDA (SURFACE),,575900.0,444500.0,26191,0,GEO_ORPHAN_XY_2M,,,,,,
staging.raw_idp_2024_src_pollution_marche_cadre,88,2025-10-31,,BARRAGE BOUHOUDA (MILIEU),,575900.0,444500.0,26191,0,GEO_ORPHAN_XY_2M,,,,,,
staging.raw_idp_2024_src_pollution_marche_cadre,89,2025-10-31,,BARRAGE BOUHOUDA (FOND),,575900.0,444500.0,26191,0,GEO_ORPHAN_XY_2M,,,,,,
staging.raw_idp_2024_src_pollution_marche_cadre,93,2025-11-04,,BARRAGE EL WAHDA (SURFACE),,518602.0,444430.0,26191,0,GEO_ORPHAN_XY_2M,,,,,,
staging.raw_idp_2024_src_pollution_marche_cadre,94,2025-11-04,,BARRAGE EL WAHDA (MILIEU),,518602.0,444430.0,26191,0,GEO_ORPHAN_XY_2M,,,,,,
staging.raw_idp_2024_src_pollution_marche_cadre,95,2025-11-04,,BARRAGE EL WAHDA (FOND),,518602.0,444430.0,26191,0,GEO_ORPHAN_XY_2M,,,,,,
staging.raw_idp_2024_src_pollution_marche_cadre,98,2025-11-05,,BARRAGE BAB LOUTA (FOND),,598322.0,380082.0,26191,0,GEO_ORPHAN_XY_2M,,,,,,
staging.raw_idp_2024_src_pollution_marche_cadre,99,2025-11-05,,BARRAGE BAB LOUTA (SURFACE),,598322.0,380082.0,26191,0,GEO_ORPHAN_XY_2M,,,,,,
staging.raw_idp_2024_src_pollution_marche_cadre,100,2025-11-05,,BARRAGE BAB LOUTA (MILIEU),,598322.0,380082.0,26191,0,GEO_ORPHAN_XY_2M,,,,,,
staging.raw_idp_2024_src_pollution_marche_cadre,101,2025-11-05,,BARRAGE IDRISS 1ER (SURFACE),,559800.0,396000.0,26191,0,GEO_ORPHAN_XY_2M,,,,,,
staging.raw_idp_2024_src_pollution_marche_cadre,102,2025-11-05,,BARRAGE IDRISS 1ER (MILIEU),,559800.0,396000.0,26191,0,GEO_ORPHAN_XY_2M,,,,,,
staging.raw_idp_2024_src_pollution_marche_cadre,103,2025-11-05,,BARRAGE IDRISS 1ER (FOND),,559800.0,396000.0,26191,0,GEO_ORPHAN_XY_2M,,,,,,
staging.raw_idp_2024_src_pollution_marche_cadre,104,2025-11-06,,BARRAGE SAHLA (SURFACE),,567500.0,442000.0,26191,0,GEO_ORPHAN_XY_2M,,,,,,
staging.raw_idp_2024_src_pollution_marche_cadre,105,2025-11-06,,BARRAGE SAHLA (MILIEU),,567500.0,442000.0,26191,0,GEO_ORPHAN_XY_2M,,,,,,
staging.raw_idp_2024_src_pollution_marche_cadre,106,2025-11-06,,BARRAGE SAHLA (FOND),,567500.0,442000.0,26191,0,GEO_ORPHAN_XY_2M,,,,,,
staging.raw_idp_2024_src_pollution_marche_cadre,111,2025-11-10,,BARRAGE ALLAL EL FASSI (SURFACE),,566743.0,370400.0,26191,0,GEO_ORPHAN_XY_2M,,,,,,
staging.raw_idp_2024_src_pollution_marche_cadre,112,2025-11-10,,BARRAGE ALLAL EL FASSI (MILIEU),,566743.0,370400.0,26191,0,GEO_ORPHAN_XY_2M,,,,,,
staging.raw_idp_2024_src_pollution_marche_cadre,113,2025-11-10,,BARRAGE ALLAL EL FASSI (FOND),,566743.0,370400.0,26191,0,GEO_ORPHAN_XY_2M,,,,,,
staging.raw_idp_2024_src_pollution_marche_cadre,116,2025-11-11,,BARRAGE SIDI ECHAHED (SURFACE),,507232.0,389307.0,26191,0,GEO_ORPHAN_XY_2M,,,,,,
staging.raw_idp_2024_src_pollution_marche_cadre,117,2025-11-11,,BARRAGE SIDI ECHAHED (MILIEU),,507232.0,389307.0,26191,0,GEO_ORPHAN_XY_2M,,,,,,
staging.raw_idp_2024_src_pollution_marche_cadre,118,2025-11-11,,BARRAGE SIDI ECHAHED (FOND),,507232.0,389307.0,26191,0,GEO_ORPHAN_XY_2M,,,,,,
staging.raw_idp_2024_src_pollution_marche_cadre,119,2025-11-11,,STATION TABOUDA,,524250.0,461600.0,26191,0,GEO_ORPHAN_XY_2M,,,,,,
staging.raw_idp_2024_src_pollution_marche_cadre,120,2025-11-12,,BARRAGE OULJET SOLTANE (SURFACE),,454917.0,339829.0,26191,0,GEO_ORPHAN_XY_2M,,,,,,
staging.raw_idp_2024_src_pollution_marche_cadre,121,2025-11-12,,BARRAGE OULJET SOLTANE (MILIEU),,454917.0,339829.0,26191,0,GEO_ORPHAN_XY_2M,,,,,,
staging.raw_idp_2024_src_pollution_marche_cadre,122,2025-11-12,,BARRAGE OULJET SOLTANE (FOND),,454917.0,339829.0,26191,0,GEO_ORPHAN_XY_2M,,,,,,
staging.raw_idp_2024_src_pollution_marche_cadre,126,2025-11-13,,BARRAGE EL KANSRA (SURFACE),,454000.0,382400.0,26191,0,GEO_ORPHAN_XY_2M,,,,,,
staging.raw_idp_2024_src_pollution_marche_cadre,127,2025-11-13,,BARRAGE EL KANSRA (MILIEU),,454000.0,382400.0,26191,0,GEO_ORPHAN_XY_2M,,,,,,
staging.raw_idp_2024_src_pollution_marche_cadre,128,2025-11-13,,BARRAGE EL KANSRA (FOND),,454000.0,382400.0,26191,0,GEO_ORPHAN_XY_2M,,,,,,
staging.raw_idp_2024_src_pollution_marche_cadre,129,2025-11-13,,PUITS SOUK EL HAD (GHAFSAI),,544508.0,449308.0,26191,0,GEO_ORPHAN_XY_2M,,,,,,
staging.raw_idp_2024_src_pollution_marche_cadre,131,2025-11-13,,AMONT STEP GHAFSAI,,544536.0,449360.0,26191,0,GEO_ORPHAN_XY_2M,,,,,,
staging.raw_idp_2024_src_pollution_marche_cadre,132,2025-11-14,,STATION HAJRIA,,552856.0,432506.0,26191,0,GEO_ORPHAN_XY_2M,,,,,,
staging.raw_idp_2024_src_pollution_marche_cadre,133,2025-11-19,,PUITS AVAL BOULEMANE,,560761.0,308387.0,26191,0,GEO_ORPHAN_XY_2M,,,,,,
staging.raw_idp_2024_src_pollution_marche_cadre,136,2025-11-19,,AVAL STEP IMOUZZER MARMOUCHA,,600262.0,314456.0,26191,0,GEO_ORPHAN_XY_2M,,,,,,
staging.raw_idp_2024_src_pollution_marche_cadre,138,2025-11-20,,AMONT STEP TAOUNATE,,571757.0,435740.0,26191,0,GEO_ORPHAN_XY_2M,,,,,,
staging.raw_idp_2024_src_pollution_marche_cadre,141,2025-11-20,,AVAL STEP TAOUNATE,,571892.0,435379.0,26191,0,GEO_ORPHAN_XY_2M,,,,,,
staging.raw_idp_2024_src_pollution_marche_cadre,144,2025-11-25,,PUITS FERME BEN ALI (NOUVEAU) ,,515332.0,370251.0,26191,0,GEO_ORPHAN_XY_2M,,,,,,
staging.raw_idp_2024_src_pollution_marche_cadre,147,2025-12-01,,PUITS GHOUAZI OUAZZAA,,508686.0,431138.0,26191,0,GEO_ORPHAN_XY_2M,,,,,,
staging.raw_idp_2024_src_pollution_marche_cadre,148,2025-12-01,,PUITS BADIA SAHLI,,499728.0,456521.0,26191,0,GEO_ORPHAN_XY_2M,,,,,,
