id_decision,parametre_observe,nom_standard_metier,variantes_associees,unite_source,unite_metier,unite_abh,source_table,colonne_valeur,volume_total,volume_non_null,nb_null,nb_non_numerique,nb_suspect,min_observe,max_observe,plage_abh,plage_biblio,statut_mapping,statut_unite,statut_valeur,statut_migration,action_recommandee,decision_metier,commentaire_metier,reference_biblio_principale
MIG-0001,CT,CT,CT,mg/L,UFC/100 mL,,idp_2024_mesures_qualite_globale,val_qual,184,184,0,173,0,0,90,référence ABH non disponible,référence bibliographique non confirmée,MAPPED_EXACT,UNIT_CONFLICT,NOT_EVALUATED,NEEDS_UNIT_VALIDATION,unités non alignées,,,
MIG-0002,Ag,Ag,Ag,à confirmer,mg/L,,mesures_qualite_rivieres,val_qual_riv,9,9,0,0,0,0.01,19,référence ABH non disponible,référence bibliographique non confirmée,MAPPED_EXACT,UNIT_MISSING,NOT_EVALUATED,NEEDS_UNIT_VALIDATION,unité source absente,,,
MIG-0003,CF,CF,CF | CF(UFC/100mL),UFC/100mL,UFC/100 mL,,idp_2024_mesures_qualite_globale,val_qual,184,184,0,164,0,0,94,référence ABH non disponible,<= 100 geom. mean ; <= 320 STV cfu/100 mL,MAPPED_EXACT,UNIT_OK,NON_NUMERIC_REVIEW,NEEDS_VALUE_RULE,quarantaine des valeurs non interprétables avant migration,,,US EPA — E. coli Parameter Factsheet (https://www.epa.gov/system/files/documents/2021-07/parameter-factsheet_e.-coli.pdf)
MIG-0004,Al,Al,Al | Aluminium(mg/l),à confirmer,mg/L,,mesures_qualite_nappes,val_qual_nap,4,4,0,0,0,0.02,7.0000000000000007E-2,référence ABH non disponible,référence bibliographique non confirmée,MAPPED_EXACT,UNIT_MISSING,NOT_EVALUATED,NEEDS_UNIT_VALIDATION,unité source absente,,,
MIG-0005,Al,Al,Al | Aluminium(mg/l),à confirmer,mg/L,,mesures_qualite_rivieres,val_qual_riv,54,54,0,0,0,3.3999999999999998E-3,73.67,référence ABH non disponible,référence bibliographique non confirmée,MAPPED_EXACT,UNIT_MISSING,NOT_EVALUATED,NEEDS_UNIT_VALIDATION,unité source absente,,,
MIG-0006,Aluminium(mg/l),Al,Al | Aluminium(mg/l),mg/l,mg/L,,suivi_qualite_brg_garde_hebdo,val_qual_brg_garde_hebdo,182,22,160,0,0,0.01,0.24779999999999999,référence ABH non disponible,référence bibliographique non confirmée,MAPPED_BY_METIER_VARIANT,UNIT_OK,NO_REFERENCE,NEEDS_BIBLIO_VALIDATION,confirmer une plage de référence ou accepter sans seuil externe,,,
MIG-0007,Ammonium,NH4+,Ammonium | NH4 | NH4+ | NH4+  Titri | NH4+ 2 | NH4+ Spect | NH4+(mgNH4+/l),à confirmer,mg/L,,suivi_qualite_sebou_jr,val_qual_sebou_jr,4572,4572,0,0,0,0,nan,référence ABH non disponible,référence bibliographique non confirmée,MAPPED_BY_METIER_VARIANT,UNIT_MISSING,NOT_EVALUATED,NEEDS_UNIT_VALIDATION,unité source absente,,,
MIG-0008,apports_hm,Apports_hm3,apports_hm | apports_mm3,à confirmer,Mm³,,barrages_abhs,apports_hm,34,23,11,0,0,0,2776,référence ABH non disponible,référence bibliographique non confirmée,MAPPED_BY_METIER_VARIANT,UNIT_MISSING,HORS_PERIMETRE,REJECT_FROM_MIGRATION,hors périmètre migration des mesures,,,
MIG-0009,apports_mm3,Apports_hm3,apports_hm | apports_mm3,Mm3,Mm³,,mesures_niv_eau_barrages,apports_mm3,85166,85155,11,0,0,0,290.4521378,référence ABH non disponible,référence bibliographique non confirmée,MAPPED_BY_METIER_VARIANT,UNIT_OK,NO_REFERENCE,NEEDS_BIBLIO_VALIDATION,confirmer une plage de référence ou accepter sans seuil externe,,,
MIG-0010,SF,SF,SF,g/L,UFC/100 mL,,idp_2024_mesures_qualite_globale,val_qual,184,184,0,164,0,0,65,référence ABH non disponible,référence bibliographique non confirmée,MAPPED_EXACT,UNIT_CONFLICT,NOT_EVALUATED,NEEDS_UNIT_VALIDATION,unités non alignées,,,
MIG-0011,Arsenic(mg/l),As,As | Arsenic | Arsenic(mg/l),mg/l,mg/L,,suivi_qualite_brg_garde_hebdo,val_qual_brg_garde_hebdo,182,22,160,0,0,5.0000000000000001E-3,5.0000000000000001E-3,référence ABH non disponible,<= 0.01 mg/L,MAPPED_BY_METIER_VARIANT,UNIT_OK,SUSPECT_OUTLIER,OK_WITH_FLAG,migrer avec contrôle standard,,,WHO — Arsenic fact sheet (https://www.who.int/news-room/fact-sheets/detail/arsenic)
MIG-0012,NO2-,NO2-,NO2- | NO2- _Spectro.,mg/L,mg/L,,idp_2024_mesures_qualite_globale,val_qual,189,189,0,110,1,2E-3,11.128,référence ABH non disponible,<= 3 mg/L as nitrite,MAPPED_EXACT,UNIT_OK,FLAG_REQUIRED,OK_WITH_FLAG,appliquer règle de parsing + flag,,,WHO — Chemical fact sheets: Nitrate/nitrite (https://cdn.who.int/media/docs/default-source/wash-documents/water-safety-and-quality/chemical-fact-sheets-2022/nitrate-and-nitrite-fact-sheet-2022.pdf?download=true&sfvrsn=a65406e9_2)
MIG-0013,As,As,As | Arsenic | Arsenic(mg/l),à confirmer,mg/L,,mesures_qualite_nappes,val_qual_nap,3,3,0,0,1,0.01,1.4999999999999999E-2,référence ABH non disponible,<= 0.01 mg/L,MAPPED_EXACT,UNIT_MISSING,NOT_EVALUATED,NEEDS_UNIT_VALIDATION,unité source absente,,,WHO — Arsenic fact sheet (https://www.who.int/news-room/fact-sheets/detail/arsenic)
MIG-0014,As,As,As | Arsenic | Arsenic(mg/l),à confirmer,mg/L,,mesures_qualite_rivieres,val_qual_riv,240,240,0,0,1,0,25,référence ABH non disponible,<= 0.01 mg/L,MAPPED_EXACT,UNIT_MISSING,NOT_EVALUATED,NEEDS_UNIT_VALIDATION,unité source absente,,,WHO — Arsenic fact sheet (https://www.who.int/news-room/fact-sheets/detail/arsenic)
MIG-0015,Azote_Org,N_org,Azote_Org,mg/L,mg/L,,mesures_qualite_barrages,val_qual_barr,1,1,0,0,0,0.25,0.25,référence ABH non disponible,référence bibliographique non confirmée,MAPPED_BY_METIER_VARIANT,UNIT_OK,NO_REFERENCE,NEEDS_BIBLIO_VALIDATION,confirmer une plage de référence ou accepter sans seuil externe,,,
MIG-0016,Azote_Org,N_org,Azote_Org,mg/L,mg/L,,mesures_qualite_nappes,val_qual_nap,1,1,0,0,0,0.15,0.15,référence ABH non disponible,référence bibliographique non confirmée,MAPPED_BY_METIER_VARIANT,UNIT_OK,NO_REFERENCE,NEEDS_BIBLIO_VALIDATION,confirmer une plage de référence ou accepter sans seuil externe,,,
MIG-0017,Azote_Org,N_org,Azote_Org,mg/L,mg/L,,mesures_qualite_rivieres,val_qual_riv,2,2,0,0,0,0,0,référence ABH non disponible,référence bibliographique non confirmée,MAPPED_BY_METIER_VARIANT,UNIT_OK,NO_REFERENCE,NEEDS_BIBLIO_VALIDATION,confirmer une plage de référence ou accepter sans seuil externe,,,
MIG-0018,Azote_Org,N_org,Azote_Org,mg/L,mg/L,,types_mesures,,1,0,0,0,0,,,référence ABH non disponible,référence bibliographique non confirmée,MAPPED_BY_METIER_VARIANT,UNIT_OK,NO_REFERENCE,NEEDS_BIBLIO_VALIDATION,confirmer une plage de référence ou accepter sans seuil externe,,,
MIG-0019,Azote_tot_kjeld,NTK,NTK | NTK Spectr | NTK Titri | Azote_tot_kjeld | Azote_tot_kjeldhal,mg/L,mg/L,,mesures_qualite_barrages,val_qual_barr,1,1,0,0,0,0.371,0.371,référence ABH non disponible,référence bibliographique non confirmée,MAPPED_BY_METIER_VARIANT,UNIT_OK,NO_REFERENCE,NEEDS_BIBLIO_VALIDATION,confirmer une plage de référence ou accepter sans seuil externe,,,
MIG-0020,Azote_tot_kjeld,NTK,NTK | NTK Spectr | NTK Titri | Azote_tot_kjeld | Azote_tot_kjeldhal,mg/L,mg/L,,types_mesures,,1,0,0,0,0,,,référence ABH non disponible,référence bibliographique non confirmée,MAPPED_BY_METIER_VARIANT,UNIT_OK,NO_REFERENCE,NEEDS_BIBLIO_VALIDATION,confirmer une plage de référence ou accepter sans seuil externe,,,
MIG-0021,Azote_tot_kjeldhal,NTK,NTK | NTK Spectr | NTK Titri | Azote_tot_kjeld | Azote_tot_kjeldhal,mg/L,mg/L,,mesures_qualite_barrages,val_qual_barr,147,147,0,0,0,1.7999999999999999E-2,12.95,référence ABH non disponible,référence bibliographique non confirmée,MAPPED_BY_METIER_VARIANT,UNIT_OK,NO_REFERENCE,NEEDS_BIBLIO_VALIDATION,confirmer une plage de référence ou accepter sans seuil externe,,,
MIG-0022,Azote_tot_kjeldhal,NTK,NTK | NTK Spectr | NTK Titri | Azote_tot_kjeld | Azote_tot_kjeldhal,mg/L,mg/L,,mesures_qualite_nappes,val_qual_nap,206,206,0,0,0,0.01,15,référence ABH non disponible,référence bibliographique non confirmée,MAPPED_BY_METIER_VARIANT,UNIT_OK,NO_REFERENCE,NEEDS_BIBLIO_VALIDATION,confirmer une plage de référence ou accepter sans seuil externe,,,
MIG-0023,Azote_tot_kjeldhal,NTK,NTK | NTK Spectr | NTK Titri | Azote_tot_kjeld | Azote_tot_kjeldhal,mg/L,mg/L,,mesures_qualite_rivieres,val_qual_riv,1580,1580,0,0,0,0,1309,référence ABH non disponible,référence bibliographique non confirmée,MAPPED_BY_METIER_VARIANT,UNIT_OK,NO_REFERENCE,NEEDS_BIBLIO_VALIDATION,confirmer une plage de référence ou accepter sans seuil externe,,,
MIG-0024,Azote_tot_kjeldhal,NTK,NTK | NTK Spectr | NTK Titri | Azote_tot_kjeld | Azote_tot_kjeldhal,mg/L,mg/L,,types_mesures,,1,0,0,0,0,,,référence ABH non disponible,référence bibliographique non confirmée,MAPPED_BY_METIER_VARIANT,UNIT_OK,NO_REFERENCE,NEEDS_BIBLIO_VALIDATION,confirmer une plage de référence ou accepter sans seuil externe,,,
MIG-0025,Azote_Total,N_tot,Azote_Total,mg/L,mg/L,,mesures_qualite_barrages,val_qual_barr,11,11,0,0,0,0.13300000000000001,5.04,référence ABH non disponible,référence bibliographique non confirmée,MAPPED_BY_METIER_VARIANT,UNIT_OK,NO_REFERENCE,NEEDS_BIBLIO_VALIDATION,confirmer une plage de référence ou accepter sans seuil externe,,,
MIG-0026,Azote_Total,N_tot,Azote_Total,mg/L,mg/L,,mesures_qualite_rivieres,val_qual_riv,358,358,0,0,0,7.6999999999999999E-2,141,référence ABH non disponible,référence bibliographique non confirmée,MAPPED_BY_METIER_VARIANT,UNIT_OK,NO_REFERENCE,NEEDS_BIBLIO_VALIDATION,confirmer une plage de référence ou accepter sans seuil externe,,,
MIG-0027,Azote_Total,N_tot,Azote_Total,mg/L,mg/L,,types_mesures,,1,0,0,0,0,,,référence ABH non disponible,référence bibliographique non confirmée,MAPPED_BY_METIER_VARIANT,UNIT_OK,NO_REFERENCE,NEEDS_BIBLIO_VALIDATION,confirmer une plage de référence ou accepter sans seuil externe,,,
MIG-0028,Mn5,Mn,Mn | Mn5 | Manganèse(mg/l),à confirmer,mg/L,,idp_2024_mesures_qualite_marche_cadre,val_qual,88,88,0,80,1,6.7000000000000004E-2,0.44800000000000001,référence ABH non disponible,<= 0.08 ; frais typiques 0.001-0.2 mg/L,MAPPED_BY_METIER_VARIANT,UNIT_MISSING,NOT_EVALUATED,NEEDS_UNIT_VALIDATION,unité source absente,,,WHO — Manganese fact sheet 2022 (https://cdn.who.int/media/docs/default-source/wash-documents/water-safety-and-quality/chemical-fact-sheets-2022/manganese-fact-sheet-2022.pdf)
MIG-0029,Ba,Ba,Ba,à confirmer,mg/L,,mesures_qualite_rivieres,val_qual_riv,18,18,0,0,0,0,2.2000000000000002,référence ABH non disponible,référence bibliographique non confirmée,MAPPED_EXACT,UNIT_MISSING,NOT_EVALUATED,NEEDS_UNIT_VALIDATION,unité source absente,,,
MIG-0030,CT,CT,CT,mg/L,UFC/100 mL,,idp_2024_mesures_qualite_marche_cadre,val_qual,89,89,0,61,0,0,80,référence ABH non disponible,référence bibliographique non confirmée,MAPPED_EXACT,UNIT_CONFLICT,NOT_EVALUATED,NEEDS_UNIT_VALIDATION,unités non alignées,,,
MIG-0031,Beryllium(mg/l),Be,Be | Beryllium(mg/l),mg/l,mg/L,,suivi_qualite_brg_garde_hebdo,val_qual_brg_garde_hebdo,182,22,160,0,0,5.0000000000000001E-3,5.0000000000000001E-3,référence ABH non disponible,référence bibliographique non confirmée,MAPPED_BY_METIER_VARIANT,UNIT_OK,NO_REFERENCE,NEEDS_BIBLIO_VALIDATION,confirmer une plage de référence ou accepter sans seuil externe,,,
MIG-0032,Bilan_Ionique,Bilan_Ion,Bilan_Ionique,à confirmer,%,,idp_2024_mesures_qualite_globale,val_qual,28,28,0,0,0,0.52521630699999999,8.7914703319999994,référence ABH non disponible,référence bibliographique non confirmée,MAPPED_BY_METIER_VARIANT,UNIT_MISSING,NOT_EVALUATED,NEEDS_UNIT_VALIDATION,unité source absente,,,
MIG-0033,Bilan_Ionique,Bilan_Ion,Bilan_Ionique,à confirmer,%,,idp_2024_mesures_qualite_marche_cadre,val_qual,89,85,4,0,0,4.0490623000000003E-2,9.7942684270000004,référence ABH non disponible,référence bibliographique non confirmée,MAPPED_BY_METIER_VARIANT,UNIT_MISSING,NOT_EVALUATED,NEEDS_UNIT_VALIDATION,unité source absente,,,
MIG-0034,Bore(mg/l),,,mg/l,,,suivi_qualite_brg_garde_hebdo,val_qual_brg_garde_hebdo,182,22,160,0,0,5.8000000000000003E-2,0.157,référence ABH non disponible,référence bibliographique non confirmée,UNMAPPED,UNIT_UNKNOWN,NOT_EVALUATED,UNMAPPED_PARAMETER,créer ou valider le mapping métier,,,
MIG-0035,Ca,Ca,Ca | Ca++,mg/L,mg/L,,mesures_qualite_barrages,val_qual_barr,126,126,0,0,0,19,260,référence ABH non disponible,référence bibliographique non confirmée,MAPPED_EXACT,UNIT_OK,NO_REFERENCE,NEEDS_BIBLIO_VALIDATION,confirmer une plage de référence ou accepter sans seuil externe,,,
MIG-0036,Ca,Ca,Ca | Ca++,mg/L,mg/L,,mesures_qualite_nappes,val_qual_nap,2550,2550,0,0,0,1.21,1282,référence ABH non disponible,référence bibliographique non confirmée,MAPPED_EXACT,UNIT_OK,NO_REFERENCE,NEEDS_BIBLIO_VALIDATION,confirmer une plage de référence ou accepter sans seuil externe,,,
MIG-0037,Ca,Ca,Ca | Ca++,mg/L,mg/L,,mesures_qualite_rivieres,val_qual_riv,1741,1741,0,0,0,7.62,1912,référence ABH non disponible,référence bibliographique non confirmée,MAPPED_EXACT,UNIT_OK,NO_REFERENCE,NEEDS_BIBLIO_VALIDATION,confirmer une plage de référence ou accepter sans seuil externe,,,
MIG-0038,Ca,Ca,Ca | Ca++,mg/L,mg/L,,types_mesures,,1,0,0,0,0,,,référence ABH non disponible,référence bibliographique non confirmée,MAPPED_EXACT,UNIT_OK,NO_REFERENCE,NEEDS_BIBLIO_VALIDATION,confirmer une plage de référence ou accepter sans seuil externe,,,
MIG-0039,Ca++,Ca,Ca | Ca++,à confirmer,mg/L,,idp_2024_mesures_qualite_globale,val_qual,189,189,0,0,0,19.600000000000001,1222.4000000000001,référence ABH non disponible,référence bibliographique non confirmée,MAPPED_BY_METIER_VARIANT,UNIT_MISSING,NOT_EVALUATED,NEEDS_UNIT_VALIDATION,unité source absente,,,
MIG-0040,Ca++,Ca,Ca | Ca++,à confirmer,mg/L,,idp_2024_mesures_qualite_marche_cadre,val_qual,89,89,0,0,0,17.600000000000001,1222,référence ABH non disponible,référence bibliographique non confirmée,MAPPED_BY_METIER_VARIANT,UNIT_MISSING,NOT_EVALUATED,NEEDS_UNIT_VALIDATION,unité source absente,,,
MIG-0041,SF,SF,SF,g/L,UFC/100 mL,,idp_2024_mesures_qualite_marche_cadre,val_qual,89,89,0,54,0,0,65,référence ABH non disponible,référence bibliographique non confirmée,MAPPED_EXACT,UNIT_CONFLICT,NOT_EVALUATED,NEEDS_UNIT_VALIDATION,unités non alignées,,,
MIG-0042,Cadmium(mg/l),Cd,Cd | Cadmium | Cadmium(mg/l),mg/l,mg/L,,suivi_qualite_brg_garde_hebdo,val_qual_brg_garde_hebdo,182,22,160,0,0,5.0000000000000001E-4,5.0000000000000001E-4,référence ABH non disponible,<= 0.003 mg/L,MAPPED_BY_METIER_VARIANT,UNIT_OK,SUSPECT_OUTLIER,OK_WITH_FLAG,migrer avec contrôle standard,,,WHO — Chemical fact sheets: Cadmium (https://cdn.who.int/media/docs/default-source/wash-documents/water-safety-and-quality/chemical-fact-sheets-2022/cadmium-fact-sheet-2022.pdf)
MIG-0043,cap_equiv_hab,Cap_equiv,cap_equiv_hab,à confirmer,EH,,step_abhs,cap_equiv_hab,41,12,29,0,0,20.067,219000,référence ABH non disponible,référence bibliographique non confirmée,MAPPED_BY_METIER_VARIANT,UNIT_MISSING,NOT_EVALUATED,NEEDS_UNIT_VALIDATION,unité source absente,,,
MIG-0044,Carbone_org,MO,MO | Carbone_org,à confirmer,mg/L,,mesures_qualite_rivieres,val_qual_riv,2,2,0,0,0,0,0,référence ABH non disponible,référence bibliographique non confirmée,MAPPED_BY_METIER_VARIANT,UNIT_MISSING,NOT_EVALUATED,NEEDS_UNIT_VALIDATION,unité source absente,,,
MIG-0045,CF,CF,CF | CF(UFC/100mL),UFC/100mL,UFC/100 mL,,idp_2024_mesures_qualite_marche_cadre,val_qual,89,89,0,52,0,0,90,référence ABH non disponible,<= 100 geom. mean ; <= 320 STV cfu/100 mL,MAPPED_EXACT,UNIT_OK,NON_NUMERIC_REVIEW,NEEDS_VALUE_RULE,quarantaine des valeurs non interprétables avant migration,,,US EPA — E. coli Parameter Factsheet (https://www.epa.gov/system/files/documents/2021-07/parameter-factsheet_e.-coli.pdf)
MIG-0046,Cd,Cd,Cd | Cadmium | Cadmium(mg/l),à confirmer,mg/L,,mesures_qualite_nappes,val_qual_nap,5,5,0,0,1,0,1.4999999999999999E-2,référence ABH non disponible,<= 0.003 mg/L,MAPPED_EXACT,UNIT_MISSING,NOT_EVALUATED,NEEDS_UNIT_VALIDATION,unité source absente,,,WHO — Chemical fact sheets: Cadmium (https://cdn.who.int/media/docs/default-source/wash-documents/water-safety-and-quality/chemical-fact-sheets-2022/cadmium-fact-sheet-2022.pdf)
MIG-0047,Cd,Cd,Cd | Cadmium | Cadmium(mg/l),à confirmer,mg/L,,mesures_qualite_rivieres,val_qual_riv,274,274,0,0,1,0,5.04,référence ABH non disponible,<= 0.003 mg/L,MAPPED_EXACT,UNIT_MISSING,NOT_EVALUATED,NEEDS_UNIT_VALIDATION,unité source absente,,,WHO — Chemical fact sheets: Cadmium (https://cdn.who.int/media/docs/default-source/wash-documents/water-safety-and-quality/chemical-fact-sheets-2022/cadmium-fact-sheet-2022.pdf)
MIG-0048,NO2- _Spectro.,NO2-,NO2- | NO2- _Spectro.,à confirmer,mg/L,,idp_2024_mesures_qualite_marche_cadre,val_qual,89,89,0,49,1,0.01,6.81,référence ABH non disponible,<= 3 mg/L as nitrite,MAPPED_BY_METIER_VARIANT,UNIT_MISSING,NOT_EVALUATED,NEEDS_UNIT_VALIDATION,unité source absente,,,WHO — Chemical fact sheets: Nitrate/nitrite (https://cdn.who.int/media/docs/default-source/wash-documents/water-safety-and-quality/chemical-fact-sheets-2022/nitrate-and-nitrite-fact-sheet-2022.pdf?download=true&sfvrsn=a65406e9_2)
MIG-0049,Ag,Ag,Ag,à confirmer,mg/L,,idp_2024_mesures_qualite_globale,val_qual,46,46,0,46,0,,,référence ABH non disponible,référence bibliographique non confirmée,MAPPED_EXACT,UNIT_MISSING,NOT_EVALUATED,NEEDS_UNIT_VALIDATION,unité source absente,,,
MIG-0050,CF,CF,CF | CF(UFC/100mL),UFC/100mL,UFC/100 mL,,mesures_qualite_barrages,val_qual_barr,139,139,0,0,1,0,160000,référence ABH non disponible,<= 100 geom. mean ; <= 320 STV cfu/100 mL,MAPPED_EXACT,UNIT_OK,SUSPECT_OUTLIER,QUARANTINE_BEFORE_MIGRATION,mettre en quarantaine,,,US EPA — E. coli Parameter Factsheet (https://www.epa.gov/system/files/documents/2021-07/parameter-factsheet_e.-coli.pdf)
MIG-0051,CF,CF,CF | CF(UFC/100mL),UFC/100mL,UFC/100 mL,,mesures_qualite_nappes,val_qual_nap,2643,2643,0,0,1,0,6500000,référence ABH non disponible,<= 100 geom. mean ; <= 320 STV cfu/100 mL,MAPPED_EXACT,UNIT_OK,SUSPECT_OUTLIER,QUARANTINE_BEFORE_MIGRATION,mettre en quarantaine,,,US EPA — E. coli Parameter Factsheet (https://www.epa.gov/system/files/documents/2021-07/parameter-factsheet_e.-coli.pdf)
MIG-0052,CF,CF,CF | CF(UFC/100mL),UFC/100mL,UFC/100 mL,,mesures_qualite_rivieres,val_qual_riv,1953,1953,0,0,1,-0.4,120000000,référence ABH non disponible,<= 100 geom. mean ; <= 320 STV cfu/100 mL,MAPPED_EXACT,UNIT_OK,SUSPECT_OUTLIER,QUARANTINE_BEFORE_MIGRATION,mettre en quarantaine,,,US EPA — E. coli Parameter Factsheet (https://www.epa.gov/system/files/documents/2021-07/parameter-factsheet_e.-coli.pdf)
MIG-0053,CF,CF,CF | CF(UFC/100mL),UFC/100mL,UFC/100 mL,,types_mesures,,1,0,0,0,0,,,référence ABH non disponible,<= 100 geom. mean ; <= 320 STV cfu/100 mL,MAPPED_EXACT,UNIT_OK,VALID,OK_FOR_MIGRATION,migrer sans réserve particulière,,,US EPA — E. coli Parameter Factsheet (https://www.epa.gov/system/files/documents/2021-07/parameter-factsheet_e.-coli.pdf)
MIG-0054,CF(UFC/100mL),CF,CF | CF(UFC/100mL),UFC/100mL,UFC/100 mL,,suivi_qualite_brg_garde_hebdo,val_qual_brg_garde_hebdo,182,88,94,0,1,0,110000,référence ABH non disponible,<= 100 geom. mean ; <= 320 STV cfu/100 mL,MAPPED_EXACT,UNIT_OK,SUSPECT_OUTLIER,QUARANTINE_BEFORE_MIGRATION,mettre en quarantaine,,,US EPA — E. coli Parameter Factsheet (https://www.epa.gov/system/files/documents/2021-07/parameter-factsheet_e.-coli.pdf)
MIG-0055,Chl,Chla,Chl | Chl a | Chl.A(µg/l) | Chla,à confirmer,µg/L,,mesures_qualite_rivieres,val_qual_riv,2,2,0,0,0,0,0,référence ABH non disponible,référence bibliographique non confirmée,MAPPED_BY_METIER_VARIANT,UNIT_MISSING,NOT_EVALUATED,NEEDS_UNIT_VALIDATION,unité source absente,,,
MIG-0056,As,As,As | Arsenic | Arsenic(mg/l),à confirmer,mg/L,,idp_2024_mesures_qualite_globale,val_qual,46,46,0,46,1,,,référence ABH non disponible,<= 0.01 mg/L,MAPPED_EXACT,UNIT_MISSING,NOT_EVALUATED,NEEDS_UNIT_VALIDATION,unité source absente,,,WHO — Arsenic fact sheet (https://www.who.int/news-room/fact-sheets/detail/arsenic)
MIG-0057,Chl.A(µg/l),Chla,Chl | Chl a | Chl.A(µg/l) | Chla,µg/l,µg/L,,suivi_qualite_brg_garde_hebdo,val_qual_brg_garde_hebdo,182,180,2,0,0,0.1,68.400000000000006,référence ABH non disponible,référence bibliographique non confirmée,MAPPED_EXACT,UNIT_OK,NO_REFERENCE,NEEDS_BIBLIO_VALIDATION,confirmer une plage de référence ou accepter sans seuil externe,,,
MIG-0058,Chla,Chla,Chl | Chl a | Chl.A(µg/l) | Chla,µg/L,µg/L,,mesures_qualite_barrages,val_qual_barr,417,417,0,0,0,0,228.3,référence ABH non disponible,référence bibliographique non confirmée,MAPPED_EXACT,UNIT_OK,NO_REFERENCE,NEEDS_BIBLIO_VALIDATION,confirmer une plage de référence ou accepter sans seuil externe,,,
MIG-0059,Chla,Chla,Chl | Chl a | Chl.A(µg/l) | Chla,µg/L,µg/L,,mesures_qualite_nappes,val_qual_nap,7,7,0,0,0,0,75,référence ABH non disponible,référence bibliographique non confirmée,MAPPED_EXACT,UNIT_OK,NO_REFERENCE,NEEDS_BIBLIO_VALIDATION,confirmer une plage de référence ou accepter sans seuil externe,,,
MIG-0060,Chla,Chla,Chl | Chl a | Chl.A(µg/l) | Chla,µg/L,µg/L,,mesures_qualite_rivieres,val_qual_riv,180,180,0,0,0,0,67.599999999999994,référence ABH non disponible,référence bibliographique non confirmée,MAPPED_EXACT,UNIT_OK,NO_REFERENCE,NEEDS_BIBLIO_VALIDATION,confirmer une plage de référence ou accepter sans seuil externe,,,
MIG-0061,Chla,Chla,Chl | Chl a | Chl.A(µg/l) | Chla,µg/L,µg/L,,types_mesures,,1,0,0,0,0,,,référence ABH non disponible,référence bibliographique non confirmée,MAPPED_EXACT,UNIT_OK,NO_REFERENCE,NEEDS_BIBLIO_VALIDATION,confirmer une plage de référence ou accepter sans seuil externe,,,
MIG-0062,Se,Se,Se | Sélénium | Sélénium(mg/l),à confirmer,mg/L,,idp_2024_mesures_qualite_globale,val_qual,46,46,0,46,0,,,référence ABH non disponible,référence bibliographique non confirmée,MAPPED_EXACT,UNIT_MISSING,NOT_EVALUATED,NEEDS_UNIT_VALIDATION,unité source absente,,,
MIG-0063,Chrome(mg/l),Cr,Cr | CrT | Chrome | Chrome(mg/l),mg/l,mg/L,,suivi_qualite_brg_garde_hebdo,val_qual_brg_garde_hebdo,182,22,160,0,0,5.0000000000000001E-3,5.0000000000000001E-3,référence ABH non disponible,référence bibliographique non confirmée,MAPPED_BY_METIER_VARIANT,UNIT_OK,NO_REFERENCE,NEEDS_BIBLIO_VALIDATION,confirmer une plage de référence ou accepter sans seuil externe,,,
MIG-0064,Cl,Cl-,Cl | Cl- | Cl-(mg/l) | Cl-_IC,mg/L,mg/L,,mesures_qualite_barrages,val_qual_barr,153,153,0,0,1,2,2742,référence ABH non disponible,<= 250 (acceptabilité) mg/L,MAPPED_BY_METIER_VARIANT,UNIT_OK,SUSPECT_OUTLIER,QUARANTINE_BEFORE_MIGRATION,mettre en quarantaine,,,WHO — Chemical fact sheets: Chloride (https://cdn.who.int/media/docs/default-source/wash-documents/water-safety-and-quality/chemical-fact-sheets-2022/chloride-fact-sheet-2022.pdf)
MIG-0065,Cl,Cl-,Cl | Cl- | Cl-(mg/l) | Cl-_IC,mg/L,mg/L,,mesures_qualite_nappes,val_qual_nap,2624,2624,0,0,1,1,17581,référence ABH non disponible,<= 250 (acceptabilité) mg/L,MAPPED_BY_METIER_VARIANT,UNIT_OK,SUSPECT_OUTLIER,QUARANTINE_BEFORE_MIGRATION,mettre en quarantaine,,,WHO — Chemical fact sheets: Chloride (https://cdn.who.int/media/docs/default-source/wash-documents/water-safety-and-quality/chemical-fact-sheets-2022/chloride-fact-sheet-2022.pdf)
MIG-0066,Cl,Cl-,Cl | Cl- | Cl-(mg/l) | Cl-_IC,mg/L,mg/L,,mesures_qualite_rivieres,val_qual_riv,1889,1889,0,0,1,0.46300000000000002,16495,référence ABH non disponible,<= 250 (acceptabilité) mg/L,MAPPED_BY_METIER_VARIANT,UNIT_OK,SUSPECT_OUTLIER,QUARANTINE_BEFORE_MIGRATION,mettre en quarantaine,,,WHO — Chemical fact sheets: Chloride (https://cdn.who.int/media/docs/default-source/wash-documents/water-safety-and-quality/chemical-fact-sheets-2022/chloride-fact-sheet-2022.pdf)
MIG-0067,Cl,Cl-,Cl | Cl- | Cl-(mg/l) | Cl-_IC,mg/L,mg/L,,types_mesures,,1,0,0,0,0,,,référence ABH non disponible,<= 250 (acceptabilité) mg/L,MAPPED_BY_METIER_VARIANT,UNIT_OK,VALID,OK_FOR_MIGRATION,migrer sans réserve particulière,,,WHO — Chemical fact sheets: Chloride (https://cdn.who.int/media/docs/default-source/wash-documents/water-safety-and-quality/chemical-fact-sheets-2022/chloride-fact-sheet-2022.pdf)
MIG-0068,Cl-,Cl-,Cl | Cl- | Cl-(mg/l) | Cl-_IC,à confirmer,mg/L,,idp_2024_mesures_qualite_globale,val_qual,189,189,0,0,1,5.9,14508,référence ABH non disponible,<= 250 (acceptabilité) mg/L,MAPPED_EXACT,UNIT_MISSING,NOT_EVALUATED,NEEDS_UNIT_VALIDATION,unité source absente,,,WHO — Chemical fact sheets: Chloride (https://cdn.who.int/media/docs/default-source/wash-documents/water-safety-and-quality/chemical-fact-sheets-2022/chloride-fact-sheet-2022.pdf)
MIG-0069,Cl-(mg/l),Cl-,Cl | Cl- | Cl-(mg/l) | Cl-_IC,mg/l,mg/L,,suivi_qualite_brg_garde_hebdo,val_qual_brg_garde_hebdo,182,92,90,0,1,123,634,référence ABH non disponible,<= 250 (acceptabilité) mg/L,MAPPED_EXACT,UNIT_OK,SUSPECT_OUTLIER,QUARANTINE_BEFORE_MIGRATION,mettre en quarantaine,,,WHO — Chemical fact sheets: Chloride (https://cdn.who.int/media/docs/default-source/wash-documents/water-safety-and-quality/chemical-fact-sheets-2022/chloride-fact-sheet-2022.pdf)
MIG-0070,Cl-_IC,Cl-,Cl | Cl- | Cl-(mg/l) | Cl-_IC,à confirmer,mg/L,,idp_2024_mesures_qualite_marche_cadre,val_qual,127,127,0,0,1,3.77,20625,référence ABH non disponible,<= 250 (acceptabilité) mg/L,MAPPED_BY_METIER_VARIANT,UNIT_MISSING,NOT_EVALUATED,NEEDS_UNIT_VALIDATION,unité source absente,,,WHO — Chemical fact sheets: Chloride (https://cdn.who.int/media/docs/default-source/wash-documents/water-safety-and-quality/chemical-fact-sheets-2022/chloride-fact-sheet-2022.pdf)
MIG-0071,Cl2_res,Cl2_res,Cl2_res,à confirmer,mg/L,,mesures_qualite_rivieres,val_qual_riv,2,2,0,0,0,0,0,référence ABH non disponible,référence bibliographique non confirmée,MAPPED_EXACT,UNIT_MISSING,NOT_EVALUATED,NEEDS_UNIT_VALIDATION,unité source absente,,,
MIG-0072,Clostri_sul_redu,Clostri,Clostri_sul_redu,à confirmer,spores/100 mL,,mesures_qualite_rivieres,val_qual_riv,2,2,0,0,0,0,0,référence ABH non disponible,référence bibliographique non confirmée,MAPPED_BY_METIER_VARIANT,UNIT_MISSING,NOT_EVALUATED,NEEDS_UNIT_VALIDATION,unité source absente,,,
MIG-0073,CN,CN-,CN | CN(mg/l),à confirmer,mg/L,,mesures_qualite_nappes,val_qual_nap,3,3,0,0,0,3.0000000000000001E-3,7.3000000000000001E-3,référence ABH non disponible,référence bibliographique non confirmée,MAPPED_BY_METIER_VARIANT,UNIT_MISSING,NOT_EVALUATED,NEEDS_UNIT_VALIDATION,unité source absente,,,
MIG-0074,CN,CN-,CN | CN(mg/l),à confirmer,mg/L,,mesures_qualite_rivieres,val_qual_riv,124,124,0,0,0,0,25,référence ABH non disponible,référence bibliographique non confirmée,MAPPED_BY_METIER_VARIANT,UNIT_MISSING,NOT_EVALUATED,NEEDS_UNIT_VALIDATION,unité source absente,,,
MIG-0075,CN(mg/l),CN-,CN | CN(mg/l),mg/l,mg/L,,suivi_qualite_brg_garde_hebdo,val_qual_brg_garde_hebdo,179,22,157,0,0,0.02,0.02,référence ABH non disponible,référence bibliographique non confirmée,MAPPED_BY_METIER_VARIANT,UNIT_OK,NO_REFERENCE,NEEDS_BIBLIO_VALIDATION,confirmer une plage de référence ou accepter sans seuil externe,,,
MIG-0076,Be,Be,Be | Beryllium(mg/l),à confirmer,mg/L,,idp_2024_mesures_qualite_globale,val_qual,45,45,0,45,0,,,référence ABH non disponible,référence bibliographique non confirmée,MAPPED_EXACT,UNIT_MISSING,NOT_EVALUATED,NEEDS_UNIT_VALIDATION,unité source absente,,,
MIG-0077,Co,Co,Co | Cobalt | Cobalt(mg/l)),à confirmer,mg/L,,mesures_qualite_nappes,val_qual_nap,2,2,0,0,0,19,19,référence ABH non disponible,référence bibliographique non confirmée,MAPPED_EXACT,UNIT_MISSING,NOT_EVALUATED,NEEDS_UNIT_VALIDATION,unité source absente,,,
MIG-0078,Co,Co,Co | Cobalt | Cobalt(mg/l)),à confirmer,mg/L,,mesures_qualite_rivieres,val_qual_riv,110,110,0,0,0,0,19,référence ABH non disponible,référence bibliographique non confirmée,MAPPED_EXACT,UNIT_MISSING,NOT_EVALUATED,NEEDS_UNIT_VALIDATION,unité source absente,,,
MIG-0079,CO2_libre,CO2_libre,CO2_libre,à confirmer,mg/L,,mesures_qualite_rivieres,val_qual_riv,2,2,0,0,0,0,0,référence ABH non disponible,référence bibliographique non confirmée,MAPPED_EXACT,UNIT_MISSING,NOT_EVALUATED,NEEDS_UNIT_VALIDATION,unité source absente,,,
MIG-0080,CO3,CO3²-,CO3 | CO32,mg/L,mg/L,,idp_2024_mesures_qualite_globale,val_qual,32,32,0,0,0,0,0,référence ABH non disponible,référence bibliographique non confirmée,MAPPED_BY_METIER_VARIANT,UNIT_OK,NO_REFERENCE,NEEDS_BIBLIO_VALIDATION,confirmer une plage de référence ou accepter sans seuil externe,,,
MIG-0081,CO3,CO3²-,CO3 | CO32,mg/L,mg/L,,idp_2024_mesures_qualite_marche_cadre,val_qual,89,89,0,0,0,0,6.24,référence ABH non disponible,référence bibliographique non confirmée,MAPPED_BY_METIER_VARIANT,UNIT_OK,NO_REFERENCE,NEEDS_BIBLIO_VALIDATION,confirmer une plage de référence ou accepter sans seuil externe,,,
MIG-0082,CO3,CO3²-,CO3 | CO32,mg/L,mg/L,,mesures_qualite_barrages,val_qual_barr,120,120,0,0,0,0,145.69999999999999,référence ABH non disponible,référence bibliographique non confirmée,MAPPED_BY_METIER_VARIANT,UNIT_OK,NO_REFERENCE,NEEDS_BIBLIO_VALIDATION,confirmer une plage de référence ou accepter sans seuil externe,,,
MIG-0083,CO3,CO3²-,CO3 | CO32,mg/L,mg/L,,mesures_qualite_nappes,val_qual_nap,2552,2552,0,0,0,0,50000,référence ABH non disponible,référence bibliographique non confirmée,MAPPED_BY_METIER_VARIANT,UNIT_OK,NO_REFERENCE,NEEDS_BIBLIO_VALIDATION,confirmer une plage de référence ou accepter sans seuil externe,,,
MIG-0084,CO3,CO3²-,CO3 | CO32,mg/L,mg/L,,mesures_qualite_rivieres,val_qual_riv,1715,1715,0,0,0,0,488,référence ABH non disponible,référence bibliographique non confirmée,MAPPED_BY_METIER_VARIANT,UNIT_OK,NO_REFERENCE,NEEDS_BIBLIO_VALIDATION,confirmer une plage de référence ou accepter sans seuil externe,,,
MIG-0085,CO3,CO3²-,CO3 | CO32,mg/L,mg/L,,types_mesures,,1,0,0,0,0,,,référence ABH non disponible,référence bibliographique non confirmée,MAPPED_BY_METIER_VARIANT,UNIT_OK,NO_REFERENCE,NEEDS_BIBLIO_VALIDATION,confirmer une plage de référence ou accepter sans seuil externe,,,
MIG-0086,CO32,CO3²-,CO3 | CO32,à confirmer,mg/L,,mesures_qualite_nappes,val_qual_nap,1,1,0,0,0,0,0,référence ABH non disponible,référence bibliographique non confirmée,MAPPED_BY_METIER_VARIANT,UNIT_MISSING,NOT_EVALUATED,NEEDS_UNIT_VALIDATION,unité source absente,,,
MIG-0087,Co,Co,Co | Cobalt | Cobalt(mg/l)),à confirmer,mg/L,,idp_2024_mesures_qualite_globale,val_qual,46,46,0,45,0,2.4500000000000001E-2,2.4500000000000001E-2,référence ABH non disponible,référence bibliographique non confirmée,MAPPED_EXACT,UNIT_MISSING,NOT_EVALUATED,NEEDS_UNIT_VALIDATION,unité source absente,,,
MIG-0088,Cobalt(mg/l)),Co,Co | Cobalt | Cobalt(mg/l)),mg/l,mg/L,,suivi_qualite_brg_garde_hebdo,val_qual_brg_garde_hebdo,182,22,160,0,0,5.0000000000000001E-3,5.0000000000000001E-3,référence ABH non disponible,référence bibliographique non confirmée,MAPPED_BY_METIER_VARIANT,UNIT_OK,NO_REFERENCE,NEEDS_BIBLIO_VALIDATION,confirmer une plage de référence ou accepter sans seuil externe,,,
MIG-0089,Cond 25°C,Cond,Cond 25°C | cond_20_c | Conductivite | Conductivité | Conductivitéà20°C(µs/cm),°C,µS/cm,,idp_2024_mesures_qualite_marche_cadre,val_qual,13,13,0,0,0,554.65200000000004,17454.240000000002,référence ABH non disponible,référence bibliographique non confirmée,MAPPED_BY_METIER_VARIANT,UNIT_CONFLICT,NOT_EVALUATED,NEEDS_UNIT_VALIDATION,unités non alignées,,,
MIG-0090,"Cond 25°C *0,9*0,01",,,°C,,,idp_2024_mesures_qualite_marche_cadre,val_qual,13,13,0,0,0,4.9918680000000002,157.08815999999999,référence ABH non disponible,référence bibliographique non confirmée,UNMAPPED,UNIT_UNKNOWN,NOT_EVALUATED,UNMAPPED_PARAMETER,créer ou valider le mapping métier,,,
MIG-0091,"Cond 25°C *1,1*0,01",,,°C,,,idp_2024_mesures_qualite_marche_cadre,val_qual,13,13,0,0,0,6.101172,191.99664000000001,référence ABH non disponible,référence bibliographique non confirmée,UNMAPPED,UNIT_UNKNOWN,NOT_EVALUATED,UNMAPPED_PARAMETER,créer ou valider le mapping métier,,,
MIG-0092,cond_20_c,Cond,Cond 25°C | cond_20_c | Conductivite | Conductivité | Conductivitéà20°C(µs/cm),à confirmer,µS/cm,,idp_2024_src_pollution_globale,cond_20_c,243,201,42,0,0,1.25,34000,référence ABH non disponible,référence bibliographique non confirmée,MAPPED_BY_METIER_VARIANT,UNIT_MISSING,NOT_EVALUATED,NEEDS_UNIT_VALIDATION,unité source absente,,,
MIG-0093,cond_20_c,Cond,Cond 25°C | cond_20_c | Conductivite | Conductivité | Conductivitéà20°C(µs/cm),à confirmer,µS/cm,,idp_2024_src_pollution_marche_cadre,cond_20_c,148,127,21,0,0,219,48600,référence ABH non disponible,référence bibliographique non confirmée,MAPPED_BY_METIER_VARIANT,UNIT_MISSING,NOT_EVALUATED,NEEDS_UNIT_VALIDATION,unité source absente,,,
MIG-0094,Conductivite,Cond,Cond 25°C | cond_20_c | Conductivite | Conductivité | Conductivitéà20°C(µs/cm),µS/cm,µS/cm,,mesures_qualite_barrages,val_qual_barr,420,420,0,0,0,9.8000000000000007,12260,référence ABH non disponible,référence bibliographique non confirmée,MAPPED_BY_METIER_VARIANT,UNIT_OK,NO_REFERENCE,NEEDS_BIBLIO_VALIDATION,confirmer une plage de référence ou accepter sans seuil externe,,,
MIG-0095,Conductivite,Cond,Cond 25°C | cond_20_c | Conductivite | Conductivité | Conductivitéà20°C(µs/cm),µS/cm,µS/cm,,mesures_qualite_nappes,val_qual_nap,2659,2659,0,0,0,0,54900,référence ABH non disponible,référence bibliographique non confirmée,MAPPED_BY_METIER_VARIANT,UNIT_OK,NO_REFERENCE,NEEDS_BIBLIO_VALIDATION,confirmer une plage de référence ou accepter sans seuil externe,,,
MIG-0096,Conductivite,Cond,Cond 25°C | cond_20_c | Conductivite | Conductivité | Conductivitéà20°C(µs/cm),µS/cm,µS/cm,,mesures_qualite_rivieres,val_qual_riv,1992,1992,0,0,0,0,53657,référence ABH non disponible,référence bibliographique non confirmée,MAPPED_BY_METIER_VARIANT,UNIT_OK,NO_REFERENCE,NEEDS_BIBLIO_VALIDATION,confirmer une plage de référence ou accepter sans seuil externe,,,
MIG-0097,Conductivite,Cond,Cond 25°C | cond_20_c | Conductivite | Conductivité | Conductivitéà20°C(µs/cm),µS/cm,µS/cm,,types_mesures,,1,0,0,0,0,,,référence ABH non disponible,référence bibliographique non confirmée,MAPPED_BY_METIER_VARIANT,UNIT_OK,NO_REFERENCE,NEEDS_BIBLIO_VALIDATION,confirmer une plage de référence ou accepter sans seuil externe,,,
MIG-0098,Conductivité,Cond,Cond 25°C | cond_20_c | Conductivite | Conductivité | Conductivitéà20°C(µs/cm),à confirmer,µS/cm,,suivi_qualite_sebou_jr,val_qual_sebou_jr,4572,4572,0,0,0,0,nan,référence ABH non disponible,référence bibliographique non confirmée,MAPPED_BY_METIER_VARIANT,UNIT_MISSING,NOT_EVALUATED,NEEDS_UNIT_VALIDATION,unité source absente,,,
MIG-0099,Conductivitéà20°C(µs/cm),Cond,Cond 25°C | cond_20_c | Conductivite | Conductivité | Conductivitéà20°C(µs/cm),µs/cm,µS/cm,,suivi_qualite_brg_garde_hebdo,val_qual_brg_garde_hebdo,182,182,0,0,0,676,3160,référence ABH non disponible,référence bibliographique non confirmée,MAPPED_BY_METIER_VARIANT,UNIT_OK,NO_REFERENCE,NEEDS_BIBLIO_VALIDATION,confirmer une plage de référence ou accepter sans seuil externe,,,
MIG-0100,Couleur,Couleur,Couleur,UCV,,,mesures_qualite_barrages,val_qual_barr,1,1,0,0,0,7.2999999999999995E-2,7.2999999999999995E-2,référence ABH non disponible,référence bibliographique non confirmée,MAPPED_EXACT,UNIT_UNKNOWN,NOT_EVALUATED,NEEDS_UNIT_VALIDATION,référence unité métier/ABH absente,,,
MIG-0101,Couleur,Couleur,Couleur,UCV,,,mesures_qualite_nappes,val_qual_nap,1,1,0,0,0,0.1,0.1,référence ABH non disponible,référence bibliographique non confirmée,MAPPED_EXACT,UNIT_UNKNOWN,NOT_EVALUATED,NEEDS_UNIT_VALIDATION,référence unité métier/ABH absente,,,
MIG-0102,Couleur,Couleur,Couleur,UCV,,,mesures_qualite_rivieres,val_qual_riv,2,2,0,0,0,0.02,2.5000000000000001E-2,référence ABH non disponible,référence bibliographique non confirmée,MAPPED_EXACT,UNIT_UNKNOWN,NOT_EVALUATED,NEEDS_UNIT_VALIDATION,référence unité métier/ABH absente,,,
MIG-0103,Couleur,Couleur,Couleur,UCV,,,types_mesures,,1,0,0,0,0,,,référence ABH non disponible,référence bibliographique non confirmée,MAPPED_EXACT,UNIT_UNKNOWN,NOT_EVALUATED,NEEDS_UNIT_VALIDATION,référence unité métier/ABH absente,,,
MIG-0104,Cr,Cr,Cr | CrT | Chrome | Chrome(mg/l),à confirmer,mg/L,,mesures_qualite_nappes,val_qual_nap,3,3,0,0,0,1.2999999999999999E-2,8.5000000000000006E-2,référence ABH non disponible,référence bibliographique non confirmée,MAPPED_EXACT,UNIT_MISSING,NOT_EVALUATED,NEEDS_UNIT_VALIDATION,unité source absente,,,
MIG-0105,Cr,Cr,Cr | CrT | Chrome | Chrome(mg/l),à confirmer,mg/L,,mesures_qualite_rivieres,val_qual_riv,54,54,0,0,0,0,200,référence ABH non disponible,référence bibliographique non confirmée,MAPPED_EXACT,UNIT_MISSING,NOT_EVALUATED,NEEDS_UNIT_VALIDATION,unité source absente,,,
MIG-0106,Sb,Sb,Sb,à confirmer,mg/L,,idp_2024_mesures_qualite_globale,val_qual,46,46,0,45,0,1.09E-2,1.09E-2,référence ABH non disponible,référence bibliographique non confirmée,MAPPED_EXACT,UNIT_MISSING,NOT_EVALUATED,NEEDS_UNIT_VALIDATION,unité source absente,,,
MIG-0107,CrT,Cr,Cr | CrT | Chrome | Chrome(mg/l),à confirmer,mg/L,,mesures_qualite_nappes,val_qual_nap,2,2,0,0,0,0.02,0.06,référence ABH non disponible,référence bibliographique non confirmée,MAPPED_BY_METIER_VARIANT,UNIT_MISSING,NOT_EVALUATED,NEEDS_UNIT_VALIDATION,unité source absente,,,
MIG-0108,CrT,Cr,Cr | CrT | Chrome | Chrome(mg/l),à confirmer,mg/L,,mesures_qualite_rivieres,val_qual_riv,389,389,0,0,0,0,101,référence ABH non disponible,référence bibliographique non confirmée,MAPPED_BY_METIER_VARIANT,UNIT_MISSING,NOT_EVALUATED,NEEDS_UNIT_VALIDATION,unité source absente,,,
MIG-0109,Cd,Cd,Cd | Cadmium | Cadmium(mg/l),à confirmer,mg/L,,idp_2024_mesures_qualite_globale,val_qual,46,46,0,44,1,1.2999999999999999E-3,2.3999999999999998E-3,référence ABH non disponible,<= 0.003 mg/L,MAPPED_EXACT,UNIT_MISSING,NOT_EVALUATED,NEEDS_UNIT_VALIDATION,unité source absente,,,WHO — Chemical fact sheets: Cadmium (https://cdn.who.int/media/docs/default-source/wash-documents/water-safety-and-quality/chemical-fact-sheets-2022/cadmium-fact-sheet-2022.pdf)
MIG-0110,NH4+,NH4+,Ammonium | NH4 | NH4+ | NH4+  Titri | NH4+ 2 | NH4+ Spect | NH4+(mgNH4+/l),à confirmer,mg/L,,idp_2024_mesures_qualite_marche_cadre,val_qual,127,127,0,41,0,2.1857142999999999E-2,198,référence ABH non disponible,référence bibliographique non confirmée,MAPPED_EXACT,UNIT_MISSING,NOT_EVALUATED,NEEDS_UNIT_VALIDATION,unité source absente,,,
MIG-0111,CT,CT,CT,mg/L,UFC/100 mL,,mesures_qualite_barrages,val_qual_barr,135,135,0,0,0,0,1876000,référence ABH non disponible,référence bibliographique non confirmée,MAPPED_EXACT,UNIT_CONFLICT,NOT_EVALUATED,NEEDS_UNIT_VALIDATION,unités non alignées,,,
MIG-0112,CT,CT,CT,mg/L,UFC/100 mL,,mesures_qualite_nappes,val_qual_nap,2560,2560,0,0,0,0,59000000,référence ABH non disponible,référence bibliographique non confirmée,MAPPED_EXACT,UNIT_CONFLICT,NOT_EVALUATED,NEEDS_UNIT_VALIDATION,unités non alignées,,,
MIG-0113,CT,CT,CT,mg/L,UFC/100 mL,,mesures_qualite_rivieres,val_qual_riv,1756,1756,0,0,0,0,1300000000,référence ABH non disponible,référence bibliographique non confirmée,MAPPED_EXACT,UNIT_CONFLICT,NOT_EVALUATED,NEEDS_UNIT_VALIDATION,unités non alignées,,,
MIG-0114,CT,CT,CT,mg/L,UFC/100 mL,,types_mesures,,1,0,0,0,0,,,référence ABH non disponible,référence bibliographique non confirmée,MAPPED_EXACT,UNIT_CONFLICT,NOT_EVALUATED,NEEDS_UNIT_VALIDATION,unités non alignées,,,
MIG-0115,NH4+ Spect,NH4+,Ammonium | NH4 | NH4+ | NH4+  Titri | NH4+ 2 | NH4+ Spect | NH4+(mgNH4+/l),à confirmer,mg/L,,idp_2024_mesures_qualite_marche_cadre,val_qual,127,127,0,41,0,1.7000000000000001E-2,154,référence ABH non disponible,référence bibliographique non confirmée,MAPPED_BY_METIER_VARIANT,UNIT_MISSING,NOT_EVALUATED,NEEDS_UNIT_VALIDATION,unité source absente,,,
MIG-0116,Cu,Cu,Cu | Cuivre | Cuivre(mg/l),à confirmer,mg/L,,mesures_qualite_nappes,val_qual_nap,5,5,0,0,0,0.02,0.8,référence ABH non disponible,référence bibliographique non confirmée,MAPPED_EXACT,UNIT_MISSING,NOT_EVALUATED,NEEDS_UNIT_VALIDATION,unité source absente,,,
MIG-0117,Cu,Cu,Cu | Cuivre | Cuivre(mg/l),à confirmer,mg/L,,mesures_qualite_rivieres,val_qual_riv,272,272,0,0,0,0,50,référence ABH non disponible,référence bibliographique non confirmée,MAPPED_EXACT,UNIT_MISSING,NOT_EVALUATED,NEEDS_UNIT_VALIDATION,unité source absente,,,
MIG-0118,Mo,MO / Mo,,à confirmer,,,idp_2024_mesures_qualite_globale,val_qual,46,46,0,40,0,1.0200000000000001E-2,2.0500000000000001E-2,référence ABH non disponible,référence bibliographique non confirmée,AMBIGUOUS,UNIT_MISSING,NOT_EVALUATED,AMBIGUOUS_PARAMETER,arbitrage métier sur le standard cible,,,
MIG-0119,Cuivre(mg/l),Cu,Cu | Cuivre | Cuivre(mg/l),mg/l,mg/L,,suivi_qualite_brg_garde_hebdo,val_qual_brg_garde_hebdo,182,22,160,0,0,5.0000000000000001E-3,2.1700000000000001E-2,référence ABH non disponible,référence bibliographique non confirmée,MAPPED_BY_METIER_VARIANT,UNIT_OK,NO_REFERENCE,NEEDS_BIBLIO_VALIDATION,confirmer une plage de référence ou accepter sans seuil externe,,,
MIG-0120,IP,Phenol,phenol | Phenol | Phénol | Ph�nol | indice de phénol M:A | Indicedephénol(mg/l) | IP | IP(mgO2/l),à confirmer,mg/L,,idp_2024_mesures_qualite_marche_cadre,val_qual,50,50,0,37,0,0.59499999999999997,9.2200000000000006,référence ABH non disponible,référence bibliographique non confirmée,MAPPED_BY_METIER_VARIANT,UNIT_MISSING,NOT_EVALUATED,NEEDS_UNIT_VALIDATION,unité source absente,,,
MIG-0121,PO43-,PO4³-,PO3 | PO4 3- | PO43- | PO43-(mgP/l),à confirmer,mg/L,,idp_2024_mesures_qualite_marche_cadre,val_qual,77,77,0,37,0,0.02,8.9,référence ABH non disponible,référence bibliographique non confirmée,MAPPED_EXACT,UNIT_MISSING,NOT_EVALUATED,NEEDS_UNIT_VALIDATION,unité source absente,,,
MIG-0122,DBO5,DBO5,DBO5 | DBO5_dec2h,mg O2/L,mg/L,,mesures_qualite_barrages,val_qual_barr,138,138,0,0,0,0.2,23,référence ABH non disponible,référence bibliographique non confirmée,MAPPED_EXACT,UNIT_CONFLICT,NOT_EVALUATED,NEEDS_UNIT_VALIDATION,unités non alignées,,,
MIG-0123,DBO5,DBO5,DBO5 | DBO5_dec2h,mg O2/L,mg/L,,mesures_qualite_nappes,val_qual_nap,10,10,0,0,0,1,21,référence ABH non disponible,référence bibliographique non confirmée,MAPPED_EXACT,UNIT_CONFLICT,NOT_EVALUATED,NEEDS_UNIT_VALIDATION,unités non alignées,,,
MIG-0124,DBO5,DBO5,DBO5 | DBO5_dec2h,mg O2/L,mg/L,,mesures_qualite_rivieres,val_qual_riv,1961,1961,0,0,0,0.128,3040,référence ABH non disponible,référence bibliographique non confirmée,MAPPED_EXACT,UNIT_CONFLICT,NOT_EVALUATED,NEEDS_UNIT_VALIDATION,unités non alignées,,,
MIG-0125,DBO5,DBO5,DBO5 | DBO5_dec2h,mg O2/L,mg/L,,suivi_qualite_sebou_jr,val_qual_sebou_jr,4572,4572,0,0,0,0,nan,référence ABH non disponible,référence bibliographique non confirmée,MAPPED_EXACT,UNIT_CONFLICT,NOT_EVALUATED,NEEDS_UNIT_VALIDATION,unités non alignées,,,
MIG-0126,DBO5,DBO5,DBO5 | DBO5_dec2h,mg O2/L,mg/L,,types_mesures,,1,0,0,0,0,,,référence ABH non disponible,référence bibliographique non confirmée,MAPPED_EXACT,UNIT_CONFLICT,NOT_EVALUATED,NEEDS_UNIT_VALIDATION,unités non alignées,,,
MIG-0127,DBO5_dec2h,DBO5_dec2h,DBO5_dec2h,à confirmer,mg/L,,mesures_qualite_rivieres,val_qual_riv,24,24,0,0,0,0,204,référence ABH non disponible,référence bibliographique non confirmée,MAPPED_EXACT,UNIT_MISSING,NOT_EVALUATED,NEEDS_UNIT_VALIDATION,unité source absente,,,
MIG-0128,Phénol,Phenol,phenol | Phenol | Phénol | Ph�nol | indice de phénol M:A | Indicedephénol(mg/l) | IP | IP(mgO2/l),mg/L,mg/L,,idp_2024_mesures_qualite_globale,val_qual,72,72,0,33,0,0.01,2.56,référence ABH non disponible,référence bibliographique non confirmée,MAPPED_EXACT,UNIT_OK,FLAG_REQUIRED,OK_WITH_FLAG,appliquer règle de parsing + flag,,,
MIG-0129,Fe,Fe,Fe | Fe2+ | Fer | Fer(mg/l) | FeT | Ferdissous(mg/l),mg/L,mg/L,,idp_2024_mesures_qualite_marche_cadre,val_qual,78,78,0,32,1,0.02,2.99,référence ABH non disponible,"0.5-50 (fresh waters); <= 2 (acceptabilité OMS, pas valeur sanitaire formelle) mg/L",MAPPED_EXACT,UNIT_OK,FLAG_REQUIRED,OK_WITH_FLAG,appliquer règle de parsing + flag,,,WHO — Iron fact sheet 2022 (https://cdn.who.int/media/docs/default-source/wash-documents/water-safety-and-quality/chemical-fact-sheets-2022/iron-fact-sheet-2022.pdf?download=true&sfvrsn=1e9abf4d_2)
MIG-0130,DCO,DCO,DCO | DCO  2h décant. | DCO  D   2h | DCO_dec2h,mg O2/L,mg/L,,mesures_qualite_barrages,val_qual_barr,137,137,0,0,0,2.77,199,référence ABH non disponible,référence bibliographique non confirmée,MAPPED_EXACT,UNIT_CONFLICT,NOT_EVALUATED,NEEDS_UNIT_VALIDATION,unités non alignées,,,
MIG-0131,DCO,DCO,DCO | DCO  2h décant. | DCO  D   2h | DCO_dec2h,mg O2/L,mg/L,,mesures_qualite_nappes,val_qual_nap,179,179,0,0,0,0,258,référence ABH non disponible,référence bibliographique non confirmée,MAPPED_EXACT,UNIT_CONFLICT,NOT_EVALUATED,NEEDS_UNIT_VALIDATION,unités non alignées,,,
MIG-0132,DCO,DCO,DCO | DCO  2h décant. | DCO  D   2h | DCO_dec2h,mg O2/L,mg/L,,mesures_qualite_rivieres,val_qual_riv,1932,1932,0,0,0,0,1920,référence ABH non disponible,référence bibliographique non confirmée,MAPPED_EXACT,UNIT_CONFLICT,NOT_EVALUATED,NEEDS_UNIT_VALIDATION,unités non alignées,,,
MIG-0133,DCO,DCO,DCO | DCO  2h décant. | DCO  D   2h | DCO_dec2h,mg O2/L,mg/L,,suivi_qualite_sebou_jr,val_qual_sebou_jr,4572,4572,0,0,0,0,nan,référence ABH non disponible,référence bibliographique non confirmée,MAPPED_EXACT,UNIT_CONFLICT,NOT_EVALUATED,NEEDS_UNIT_VALIDATION,unités non alignées,,,
MIG-0134,DCO,DCO,DCO | DCO  2h décant. | DCO  D   2h | DCO_dec2h,mg O2/L,mg/L,,types_mesures,,1,0,0,0,0,,,référence ABH non disponible,référence bibliographique non confirmée,MAPPED_EXACT,UNIT_CONFLICT,NOT_EVALUATED,NEEDS_UNIT_VALIDATION,unités non alignées,,,
MIG-0135,DCO  2h décant.,DCO,DCO | DCO  2h décant. | DCO  D   2h | DCO_dec2h,à confirmer,mg/L,,idp_2024_mesures_qualite_marche_cadre,val_qual,4,4,0,0,0,9.6,53.8,référence ABH non disponible,référence bibliographique non confirmée,MAPPED_BY_METIER_VARIANT,UNIT_MISSING,NOT_EVALUATED,NEEDS_UNIT_VALIDATION,unité source absente,,,
MIG-0136,DCO  D   2h,DCO,DCO | DCO  2h décant. | DCO  D   2h | DCO_dec2h,à confirmer,mg/L,,idp_2024_mesures_qualite_globale,val_qual,2,2,0,0,0,53.76,74.88,référence ABH non disponible,référence bibliographique non confirmée,MAPPED_BY_METIER_VARIANT,UNIT_MISSING,NOT_EVALUATED,NEEDS_UNIT_VALIDATION,unité source absente,,,
MIG-0137,DCO_dec2h,DCO_dec2h,DCO,mg O2/L,mg/L,,mesures_qualite_barrages,val_qual_barr,1,1,0,0,0,34.270000000000003,34.270000000000003,référence ABH non disponible,référence bibliographique non confirmée,MAPPED_EXACT,UNIT_CONFLICT,NOT_EVALUATED,NEEDS_UNIT_VALIDATION,unités non alignées,,,
MIG-0138,DCO_dec2h,DCO_dec2h,DCO,mg O2/L,mg/L,,mesures_qualite_rivieres,val_qual_riv,57,57,0,0,0,0,429,référence ABH non disponible,référence bibliographique non confirmée,MAPPED_EXACT,UNIT_CONFLICT,NOT_EVALUATED,NEEDS_UNIT_VALIDATION,unités non alignées,,,
MIG-0139,DCO_dec2h,DCO_dec2h,DCO,mg O2/L,mg/L,,types_mesures,,1,0,0,0,0,,,référence ABH non disponible,référence bibliographique non confirmée,MAPPED_EXACT,UNIT_CONFLICT,NOT_EVALUATED,NEEDS_UNIT_VALIDATION,unités non alignées,,,
MIG-0140,debit,Debit_m / Debit_jr,,à confirmer,,,mesures_debit_sources,debit,2816,2816,0,0,0,0,18602,référence ABH non disponible,référence bibliographique non confirmée,AMBIGUOUS,UNIT_MISSING,NOT_EVALUATED,AMBIGUOUS_PARAMETER,arbitrage métier sur le standard cible,,,
MIG-0141,Debit,Debit_m / Debit_jr,,m³/s,,,mesures_qualite_barrages,val_qual_barr,8,8,0,0,0,4.7E-2,5050,référence ABH non disponible,référence bibliographique non confirmée,AMBIGUOUS,UNIT_UNKNOWN,NOT_EVALUATED,AMBIGUOUS_PARAMETER,arbitrage métier sur le standard cible,,,
MIG-0142,Debit,Debit_m / Debit_jr,,m³/s,,,mesures_qualite_nappes,val_qual_nap,5,5,0,0,0,10,519,référence ABH non disponible,référence bibliographique non confirmée,AMBIGUOUS,UNIT_UNKNOWN,NOT_EVALUATED,AMBIGUOUS_PARAMETER,arbitrage métier sur le standard cible,,,
MIG-0143,Debit,Debit_m / Debit_jr,,m³/s,,,mesures_qualite_rivieres,val_qual_riv,162,162,0,0,0,4.5999999999999999E-2,4400000,référence ABH non disponible,référence bibliographique non confirmée,AMBIGUOUS,UNIT_UNKNOWN,NOT_EVALUATED,AMBIGUOUS_PARAMETER,arbitrage métier sur le standard cible,,,
MIG-0144,Debit,Debit_m / Debit_jr,,m³/s,,,types_mesures,,1,0,0,0,0,,,référence ABH non disponible,référence bibliographique non confirmée,AMBIGUOUS,UNIT_UNKNOWN,NOT_EVALUATED,AMBIGUOUS_PARAMETER,arbitrage métier sur le standard cible,,,
MIG-0145,debit_jr,Debit_m / Debit_jr,,à confirmer,,,mesures_debit_jr,debit_jr,521433,521433,0,0,0,-2,4084.353071,référence ABH non disponible,référence bibliographique non confirmée,AMBIGUOUS,UNIT_MISSING,NOT_EVALUATED,AMBIGUOUS_PARAMETER,arbitrage métier sur le standard cible,,,
MIG-0146,debit_l_s,Debit_m / Debit_jr,,L/s,,,rejets_domestiques_abhs,debit_l_s,362,207,155,0,0,0,nan,référence ABH non disponible,référence bibliographique non confirmée,AMBIGUOUS,UNIT_UNKNOWN,NOT_EVALUATED,AMBIGUOUS_PARAMETER,arbitrage métier sur le standard cible,,,
MIG-0147,debit_m,Debit_m / Debit_jr,,m,,,mesures_debit_m,debit_m,19316,19316,0,0,0,0,2131.5666219999998,référence ABH non disponible,référence bibliographique non confirmée,AMBIGUOUS,UNIT_UNKNOWN,NOT_EVALUATED,AMBIGUOUS_PARAMETER,arbitrage métier sur le standard cible,,,
MIG-0148,Detergent,Detergent,Detergent | Detergent_non_ionique,mg/L,mg/L,,mesures_qualite_barrages,val_qual_barr,1,1,0,0,0,0.15,0.15,référence ABH non disponible,référence bibliographique non confirmée,MAPPED_EXACT,UNIT_OK,NO_REFERENCE,NEEDS_BIBLIO_VALIDATION,confirmer une plage de référence ou accepter sans seuil externe,,,
MIG-0149,Detergent,Detergent,Detergent | Detergent_non_ionique,mg/L,mg/L,,mesures_qualite_nappes,val_qual_nap,1,1,0,0,0,0.59,0.59,référence ABH non disponible,référence bibliographique non confirmée,MAPPED_EXACT,UNIT_OK,NO_REFERENCE,NEEDS_BIBLIO_VALIDATION,confirmer une plage de référence ou accepter sans seuil externe,,,
MIG-0150,Detergent,Detergent,Detergent | Detergent_non_ionique,mg/L,mg/L,,mesures_qualite_rivieres,val_qual_riv,189,189,0,0,0,0,18.8,référence ABH non disponible,référence bibliographique non confirmée,MAPPED_EXACT,UNIT_OK,NO_REFERENCE,NEEDS_BIBLIO_VALIDATION,confirmer une plage de référence ou accepter sans seuil externe,,,
MIG-0151,Detergent,Detergent,Detergent | Detergent_non_ionique,mg/L,mg/L,,types_mesures,,1,0,0,0,0,,,référence ABH non disponible,référence bibliographique non confirmée,MAPPED_EXACT,UNIT_OK,NO_REFERENCE,NEEDS_BIBLIO_VALIDATION,confirmer une plage de référence ou accepter sans seuil externe,,,
MIG-0152,Detergent_non_ionique,Detergent,Detergent | Detergent_non_ionique,à confirmer,mg/L,,mesures_qualite_rivieres,val_qual_riv,2,2,0,0,0,0,0,référence ABH non disponible,référence bibliographique non confirmée,MAPPED_BY_METIER_VARIANT,UNIT_MISSING,NOT_EVALUATED,NEEDS_UNIT_VALIDATION,unité source absente,,,
MIG-0153,dimension,Dimension,dimension,à confirmer,—,,rejets_domestiques_abhs,dimension,362,197,165,0,0,100,2000,référence ABH non disponible,référence bibliographique non confirmée,MAPPED_EXACT,UNIT_MISSING,NOT_EVALUATED,NEEDS_UNIT_VALIDATION,unité source absente,,,
MIG-0154,disqu_secchi,Disque_Secchi,disqu_secchi | Disque_secchi | DisquedeSecchi(m),à confirmer,m,,idp_2024_src_pollution_globale,disqu_secchi,243,9,234,0,0,0.15,0.6,référence ABH non disponible,référence bibliographique non confirmée,MAPPED_BY_METIER_VARIANT,UNIT_MISSING,NOT_EVALUATED,NEEDS_UNIT_VALIDATION,unité source absente,,,
MIG-0155,disqu_secchi,Disque_Secchi,disqu_secchi | Disque_secchi | DisquedeSecchi(m),à confirmer,m,,idp_2024_src_pollution_marche_cadre,disqu_secchi,148,13,135,0,0,0.45,8,référence ABH non disponible,référence bibliographique non confirmée,MAPPED_BY_METIER_VARIANT,UNIT_MISSING,NOT_EVALUATED,NEEDS_UNIT_VALIDATION,unité source absente,,,
MIG-0156,Disque_secchi,Disque_Secchi,disqu_secchi | Disque_secchi | DisquedeSecchi(m),m,m,,mesures_qualite_barrages,val_qual_barr,279,279,0,0,0,0.1,380,référence ABH non disponible,référence bibliographique non confirmée,MAPPED_EXACT,UNIT_OK,NO_REFERENCE,NEEDS_BIBLIO_VALIDATION,confirmer une plage de référence ou accepter sans seuil externe,,,
MIG-0157,Disque_secchi,Disque_Secchi,disqu_secchi | Disque_secchi | DisquedeSecchi(m),m,m,,mesures_qualite_nappes,val_qual_nap,1,1,0,0,0,0.17,0.17,référence ABH non disponible,référence bibliographique non confirmée,MAPPED_EXACT,UNIT_OK,NO_REFERENCE,NEEDS_BIBLIO_VALIDATION,confirmer une plage de référence ou accepter sans seuil externe,,,
MIG-0158,Disque_secchi,Disque_Secchi,disqu_secchi | Disque_secchi | DisquedeSecchi(m),m,m,,mesures_qualite_rivieres,val_qual_riv,87,87,0,0,0,0,58.5,référence ABH non disponible,référence bibliographique non confirmée,MAPPED_EXACT,UNIT_OK,NO_REFERENCE,NEEDS_BIBLIO_VALIDATION,confirmer une plage de référence ou accepter sans seuil externe,,,
MIG-0159,Disque_secchi,Disque_Secchi,disqu_secchi | Disque_secchi | DisquedeSecchi(m),m,m,,types_mesures,,1,0,0,0,0,,,référence ABH non disponible,référence bibliographique non confirmée,MAPPED_EXACT,UNIT_OK,NO_REFERENCE,NEEDS_BIBLIO_VALIDATION,confirmer une plage de référence ou accepter sans seuil externe,,,
MIG-0160,DisquedeSecchi(m),Disque_Secchi,disqu_secchi | Disque_secchi | DisquedeSecchi(m),à confirmer,m,,suivi_qualite_brg_garde_hebdo,val_qual_brg_garde_hebdo,182,91,91,0,0,0.01,1.2,référence ABH non disponible,référence bibliographique non confirmée,MAPPED_BY_METIER_VARIANT,UNIT_MISSING,NOT_EVALUATED,NEEDS_UNIT_VALIDATION,unité source absente,,,
MIG-0161,dist_pt_eau_foyer_pollut_m,Dist_foyer,dist_pt_eau_foyer_pollut_m,m,m,,points_eau_abhs,dist_pt_eau_foyer_pollut_m,46,28,18,0,0,2,1700,référence ABH non disponible,référence bibliographique non confirmée,MAPPED_BY_METIER_VARIANT,UNIT_OK,HORS_PERIMETRE,REJECT_FROM_MIGRATION,hors périmètre migration des mesures,,,
MIG-0162,eau_ss_terr_niv_statique_m_sol,Eau_ss_terr,eau_ss_terr_niv_statique_m_sol,à confirmer,m,,idp_2024_src_pollution_globale,eau_ss_terr_niv_statique_m_sol,243,11,232,0,0,2.7,12,référence ABH non disponible,référence bibliographique non confirmée,MAPPED_BY_METIER_VARIANT,UNIT_MISSING,NOT_EVALUATED,NEEDS_UNIT_VALIDATION,unité source absente,,,
MIG-0163,Eh,Eh,Eh,mV,mV,,mesures_qualite_barrages,val_qual_barr,6,6,0,0,0,129,801,référence ABH non disponible,référence bibliographique non confirmée,MAPPED_EXACT,UNIT_OK,NO_REFERENCE,NEEDS_BIBLIO_VALIDATION,confirmer une plage de référence ou accepter sans seuil externe,,,
MIG-0164,Eh,Eh,Eh,mV,mV,,mesures_qualite_nappes,val_qual_nap,3,3,0,0,0,-330,340,référence ABH non disponible,référence bibliographique non confirmée,MAPPED_EXACT,UNIT_OK,NO_REFERENCE,NEEDS_BIBLIO_VALIDATION,confirmer une plage de référence ou accepter sans seuil externe,,,
MIG-0165,Eh,Eh,Eh,mV,mV,,mesures_qualite_rivieres,val_qual_riv,86,86,0,0,0,0,396,référence ABH non disponible,référence bibliographique non confirmée,MAPPED_EXACT,UNIT_OK,NO_REFERENCE,NEEDS_BIBLIO_VALIDATION,confirmer une plage de référence ou accepter sans seuil externe,,,
MIG-0166,Eh,Eh,Eh,mV,mV,,types_mesures,,1,0,0,0,0,,,référence ABH non disponible,référence bibliographique non confirmée,MAPPED_EXACT,UNIT_OK,NO_REFERENCE,NEEDS_BIBLIO_VALIDATION,confirmer une plage de référence ou accepter sans seuil externe,,,
MIG-0167,F,F-,F | F-(mg/l),à confirmer,mg/L,,mesures_qualite_nappes,val_qual_nap,5,5,0,0,1,1.06,690,référence ABH non disponible,<= 1.5 mg/L,MAPPED_BY_METIER_VARIANT,UNIT_MISSING,NOT_EVALUATED,NEEDS_UNIT_VALIDATION,unité source absente,,,WHO — Chemical fact sheets: Fluoride (https://cdn.who.int/media/docs/default-source/wash-documents/water-safety-and-quality/chemical-fact-sheets-2022/fluoride-fact-sheet-2022.pdf?download=true&sfvrsn=4b5bc983_2)
MIG-0168,F,F-,F | F-(mg/l),à confirmer,mg/L,,mesures_qualite_rivieres,val_qual_riv,56,56,0,0,1,0,574,référence ABH non disponible,<= 1.5 mg/L,MAPPED_BY_METIER_VARIANT,UNIT_MISSING,NOT_EVALUATED,NEEDS_UNIT_VALIDATION,unité source absente,,,WHO — Chemical fact sheets: Fluoride (https://cdn.who.int/media/docs/default-source/wash-documents/water-safety-and-quality/chemical-fact-sheets-2022/fluoride-fact-sheet-2022.pdf?download=true&sfvrsn=4b5bc983_2)
MIG-0169,F-(mg/l),F-,F | F-(mg/l),mg/l,mg/L,,suivi_qualite_brg_garde_hebdo,val_qual_brg_garde_hebdo,181,22,159,0,0,0.16800000000000001,0.56399999999999995,référence ABH non disponible,<= 1.5 mg/L,MAPPED_EXACT,UNIT_OK,SUSPECT_OUTLIER,OK_WITH_FLAG,migrer avec contrôle standard,,,WHO — Chemical fact sheets: Fluoride (https://cdn.who.int/media/docs/default-source/wash-documents/water-safety-and-quality/chemical-fact-sheets-2022/fluoride-fact-sheet-2022.pdf?download=true&sfvrsn=4b5bc983_2)
MIG-0170,F_M_mes,FM,FM | F_M_mes,mg/L,,,mesures_qualite_barrages,val_qual_barr,3,3,0,0,0,5.8999999999999997E-2,55.4,référence ABH non disponible,référence bibliographique non confirmée,MAPPED_BY_METIER_VARIANT,UNIT_UNKNOWN,NOT_EVALUATED,NEEDS_UNIT_VALIDATION,référence unité métier/ABH absente,,,
MIG-0171,F_M_mes,FM,FM | F_M_mes,mg/L,,,mesures_qualite_nappes,val_qual_nap,1,1,0,0,0,0.161,0.161,référence ABH non disponible,référence bibliographique non confirmée,MAPPED_BY_METIER_VARIANT,UNIT_UNKNOWN,NOT_EVALUATED,NEEDS_UNIT_VALIDATION,référence unité métier/ABH absente,,,
MIG-0172,F_M_mes,FM,FM | F_M_mes,mg/L,,,mesures_qualite_rivieres,val_qual_riv,7,7,0,0,0,0,301,référence ABH non disponible,référence bibliographique non confirmée,MAPPED_BY_METIER_VARIANT,UNIT_UNKNOWN,NOT_EVALUATED,NEEDS_UNIT_VALIDATION,référence unité métier/ABH absente,,,
MIG-0173,F_M_mes,FM,FM | F_M_mes,mg/L,,,types_mesures,,1,0,0,0,0,,,référence ABH non disponible,référence bibliographique non confirmée,MAPPED_BY_METIER_VARIANT,UNIT_UNKNOWN,NOT_EVALUATED,NEEDS_UNIT_VALIDATION,référence unité métier/ABH absente,,,
MIG-0174,Pb,Pb,Pb | Plomb | Plomb(mg/l),à confirmer,mg/L,,idp_2024_mesures_qualite_globale,val_qual,46,46,0,30,1,1.01E-2,4.2200000000000001E-2,référence ABH non disponible,<= 0.01 mg/L,MAPPED_EXACT,UNIT_MISSING,NOT_EVALUATED,NEEDS_UNIT_VALIDATION,unité source absente,,,WHO — Chemical fact sheets: Lead (https://cdn.who.int/media/docs/default-source/wash-documents/water-safety-and-quality/chemical-fact-sheets-2022/lead-fact-sheet-2022.pdf?download=true&sfvrsn=4983142a_2)
MIG-0175,PT,PT,PT | PT  décant. 2h | PT DECANTE | PT(mgP/l) | Phosphore total | Phosphore_Total,à confirmer,mg/L,,idp_2024_mesures_qualite_marche_cadre,val_qual,77,77,0,30,0,5.7000000000000002E-2,14.1,référence ABH non disponible,référence bibliographique non confirmée,MAPPED_EXACT,UNIT_MISSING,NOT_EVALUATED,NEEDS_UNIT_VALIDATION,unité source absente,,,
MIG-0176,Fe,Fe,Fe | Fe2+ | Fer | Fer(mg/l) | FeT | Ferdissous(mg/l),mg/L,mg/L,,mesures_qualite_barrages,val_qual_barr,186,186,0,0,1,1.9E-2,5.58,référence ABH non disponible,"0.5-50 (fresh waters); <= 2 (acceptabilité OMS, pas valeur sanitaire formelle) mg/L",MAPPED_EXACT,UNIT_OK,SUSPECT_OUTLIER,QUARANTINE_BEFORE_MIGRATION,mettre en quarantaine,,,WHO — Iron fact sheet 2022 (https://cdn.who.int/media/docs/default-source/wash-documents/water-safety-and-quality/chemical-fact-sheets-2022/iron-fact-sheet-2022.pdf?download=true&sfvrsn=1e9abf4d_2)
MIG-0177,Fe,Fe,Fe | Fe2+ | Fer | Fer(mg/l) | FeT | Ferdissous(mg/l),mg/L,mg/L,,mesures_qualite_nappes,val_qual_nap,689,689,0,0,1,0.01,1908,référence ABH non disponible,"0.5-50 (fresh waters); <= 2 (acceptabilité OMS, pas valeur sanitaire formelle) mg/L",MAPPED_EXACT,UNIT_OK,SUSPECT_OUTLIER,QUARANTINE_BEFORE_MIGRATION,mettre en quarantaine,,,WHO — Iron fact sheet 2022 (https://cdn.who.int/media/docs/default-source/wash-documents/water-safety-and-quality/chemical-fact-sheets-2022/iron-fact-sheet-2022.pdf?download=true&sfvrsn=1e9abf4d_2)
MIG-0178,Fe,Fe,Fe | Fe2+ | Fer | Fer(mg/l) | FeT | Ferdissous(mg/l),mg/L,mg/L,,mesures_qualite_rivieres,val_qual_riv,300,300,0,0,1,0,3484,référence ABH non disponible,"0.5-50 (fresh waters); <= 2 (acceptabilité OMS, pas valeur sanitaire formelle) mg/L",MAPPED_EXACT,UNIT_OK,SUSPECT_OUTLIER,QUARANTINE_BEFORE_MIGRATION,mettre en quarantaine,,,WHO — Iron fact sheet 2022 (https://cdn.who.int/media/docs/default-source/wash-documents/water-safety-and-quality/chemical-fact-sheets-2022/iron-fact-sheet-2022.pdf?download=true&sfvrsn=1e9abf4d_2)
MIG-0179,Fe,Fe,Fe | Fe2+ | Fer | Fer(mg/l) | FeT | Ferdissous(mg/l),mg/L,mg/L,,types_mesures,,1,0,0,0,0,,,référence ABH non disponible,"0.5-50 (fresh waters); <= 2 (acceptabilité OMS, pas valeur sanitaire formelle) mg/L",MAPPED_EXACT,UNIT_OK,VALID,OK_FOR_MIGRATION,migrer sans réserve particulière,,,WHO — Iron fact sheet 2022 (https://cdn.who.int/media/docs/default-source/wash-documents/water-safety-and-quality/chemical-fact-sheets-2022/iron-fact-sheet-2022.pdf?download=true&sfvrsn=1e9abf4d_2)
MIG-0180,Mn,Mn,Mn | Mn5 | Manganèse(mg/l),mg/L,mg/L,,idp_2024_mesures_qualite_globale,val_qual,73,73,0,29,1,8.3000000000000001E-3,1.099,référence ABH non disponible,<= 0.08 ; frais typiques 0.001-0.2 mg/L,MAPPED_EXACT,UNIT_OK,FLAG_REQUIRED,OK_WITH_FLAG,appliquer règle de parsing + flag,,,WHO — Manganese fact sheet 2022 (https://cdn.who.int/media/docs/default-source/wash-documents/water-safety-and-quality/chemical-fact-sheets-2022/manganese-fact-sheet-2022.pdf)
MIG-0181,Fe2+,Fe,Fe | Fe2+ | Fer | Fer(mg/l) | FeT | Ferdissous(mg/l),à confirmer,mg/L,,idp_2024_mesures_qualite_marche_cadre,val_qual,38,38,0,28,1,5.3999999999999999E-2,0.255,référence ABH non disponible,"0.5-50 (fresh waters); <= 2 (acceptabilité OMS, pas valeur sanitaire formelle) mg/L",MAPPED_BY_METIER_VARIANT,UNIT_MISSING,NOT_EVALUATED,NEEDS_UNIT_VALIDATION,unité source absente,,,WHO — Iron fact sheet 2022 (https://cdn.who.int/media/docs/default-source/wash-documents/water-safety-and-quality/chemical-fact-sheets-2022/iron-fact-sheet-2022.pdf?download=true&sfvrsn=1e9abf4d_2)
MIG-0182,Fer,Fe,Fe | Fe2+ | Fer | Fer(mg/l) | FeT | Ferdissous(mg/l),à confirmer,mg/L,,idp_2024_mesures_qualite_marche_cadre,val_qual,8,8,0,0,1,2.0400000000000001E-2,0.69930000000000003,référence ABH non disponible,"0.5-50 (fresh waters); <= 2 (acceptabilité OMS, pas valeur sanitaire formelle) mg/L",MAPPED_BY_METIER_VARIANT,UNIT_MISSING,NOT_EVALUATED,NEEDS_UNIT_VALIDATION,unité source absente,,,WHO — Iron fact sheet 2022 (https://cdn.who.int/media/docs/default-source/wash-documents/water-safety-and-quality/chemical-fact-sheets-2022/iron-fact-sheet-2022.pdf?download=true&sfvrsn=1e9abf4d_2)
MIG-0183,Fer(mg/l),Fe,Fe | Fe2+ | Fer | Fer(mg/l) | FeT | Ferdissous(mg/l),mg/l,mg/L,,suivi_qualite_brg_garde_hebdo,val_qual_brg_garde_hebdo,182,22,160,0,0,0.05,0.26300000000000001,référence ABH non disponible,"0.5-50 (fresh waters); <= 2 (acceptabilité OMS, pas valeur sanitaire formelle) mg/L",MAPPED_BY_METIER_VARIANT,UNIT_OK,SUSPECT_OUTLIER,OK_WITH_FLAG,migrer avec contrôle standard,,,WHO — Iron fact sheet 2022 (https://cdn.who.int/media/docs/default-source/wash-documents/water-safety-and-quality/chemical-fact-sheets-2022/iron-fact-sheet-2022.pdf?download=true&sfvrsn=1e9abf4d_2)
MIG-0184,Ferdissous(mg/l),Fe,Fe | Fe2+ | Fer | Fer(mg/l) | FeT | Ferdissous(mg/l),mg/l,mg/L,,suivi_qualite_brg_garde_hebdo,val_qual_brg_garde_hebdo,182,180,2,0,0,5.0000000000000001E-3,0.52200000000000002,référence ABH non disponible,"0.5-50 (fresh waters); <= 2 (acceptabilité OMS, pas valeur sanitaire formelle) mg/L",MAPPED_BY_METIER_VARIANT,UNIT_OK,SUSPECT_OUTLIER,OK_WITH_FLAG,migrer avec contrôle standard,,,WHO — Iron fact sheet 2022 (https://cdn.who.int/media/docs/default-source/wash-documents/water-safety-and-quality/chemical-fact-sheets-2022/iron-fact-sheet-2022.pdf?download=true&sfvrsn=1e9abf4d_2)
MIG-0185,FeT,Fe,Fe | Fe2+ | Fer | Fer(mg/l) | FeT | Ferdissous(mg/l),mg/L,mg/L,,mesures_qualite_barrages,val_qual_barr,94,94,0,0,1,2.5000000000000001E-2,2.5,référence ABH non disponible,"0.5-50 (fresh waters); <= 2 (acceptabilité OMS, pas valeur sanitaire formelle) mg/L",MAPPED_BY_METIER_VARIANT,UNIT_OK,SUSPECT_OUTLIER,OK_WITH_FLAG,migrer avec flag,,,WHO — Iron fact sheet 2022 (https://cdn.who.int/media/docs/default-source/wash-documents/water-safety-and-quality/chemical-fact-sheets-2022/iron-fact-sheet-2022.pdf?download=true&sfvrsn=1e9abf4d_2)
MIG-0186,FeT,Fe,Fe | Fe2+ | Fer | Fer(mg/l) | FeT | Ferdissous(mg/l),mg/L,mg/L,,mesures_qualite_nappes,val_qual_nap,1560,1560,0,0,1,1.4E-2,1181,référence ABH non disponible,"0.5-50 (fresh waters); <= 2 (acceptabilité OMS, pas valeur sanitaire formelle) mg/L",MAPPED_BY_METIER_VARIANT,UNIT_OK,SUSPECT_OUTLIER,QUARANTINE_BEFORE_MIGRATION,mettre en quarantaine,,,WHO — Iron fact sheet 2022 (https://cdn.who.int/media/docs/default-source/wash-documents/water-safety-and-quality/chemical-fact-sheets-2022/iron-fact-sheet-2022.pdf?download=true&sfvrsn=1e9abf4d_2)
MIG-0187,FeT,Fe,Fe | Fe2+ | Fer | Fer(mg/l) | FeT | Ferdissous(mg/l),mg/L,mg/L,,mesures_qualite_rivieres,val_qual_riv,417,417,0,0,1,0,4452,référence ABH non disponible,"0.5-50 (fresh waters); <= 2 (acceptabilité OMS, pas valeur sanitaire formelle) mg/L",MAPPED_BY_METIER_VARIANT,UNIT_OK,SUSPECT_OUTLIER,QUARANTINE_BEFORE_MIGRATION,mettre en quarantaine,,,WHO — Iron fact sheet 2022 (https://cdn.who.int/media/docs/default-source/wash-documents/water-safety-and-quality/chemical-fact-sheets-2022/iron-fact-sheet-2022.pdf?download=true&sfvrsn=1e9abf4d_2)
MIG-0188,FeT,Fe,Fe | Fe2+ | Fer | Fer(mg/l) | FeT | Ferdissous(mg/l),mg/L,mg/L,,types_mesures,,1,0,0,0,0,,,référence ABH non disponible,"0.5-50 (fresh waters); <= 2 (acceptabilité OMS, pas valeur sanitaire formelle) mg/L",MAPPED_BY_METIER_VARIANT,UNIT_OK,VALID,OK_FOR_MIGRATION,migrer sans réserve particulière,,,WHO — Iron fact sheet 2022 (https://cdn.who.int/media/docs/default-source/wash-documents/water-safety-and-quality/chemical-fact-sheets-2022/iron-fact-sheet-2022.pdf?download=true&sfvrsn=1e9abf4d_2)
MIG-0189,FM,FM,FM | F_M_mes,à confirmer,,,mesures_qualite_barrages,val_qual_barr,1,1,0,0,0,38.4,38.4,référence ABH non disponible,référence bibliographique non confirmée,MAPPED_EXACT,UNIT_MISSING,NOT_EVALUATED,NEEDS_UNIT_VALIDATION,unité source absente,,,
MIG-0190,FM,FM,FM | F_M_mes,à confirmer,,,mesures_qualite_rivieres,val_qual_riv,3,3,0,0,0,12.4,298.60000000000002,référence ABH non disponible,référence bibliographique non confirmée,MAPPED_EXACT,UNIT_MISSING,NOT_EVALUATED,NEEDS_UNIT_VALIDATION,unité source absente,,,
MIG-0191,FM,FM,FM | F_M_mes,à confirmer,,,types_mesures,,1,0,0,0,0,,,référence ABH non disponible,référence bibliographique non confirmée,MAPPED_EXACT,UNIT_MISSING,NOT_EVALUATED,NEEDS_UNIT_VALIDATION,unité source absente,,,
MIG-0192,Germe_tt_22,Germe_22,Germe_tt_22,à confirmer,UFC/mL,,mesures_qualite_rivieres,val_qual_riv,4,4,0,0,0,0,3400,référence ABH non disponible,référence bibliographique non confirmée,MAPPED_BY_METIER_VARIANT,UNIT_MISSING,NOT_EVALUATED,NEEDS_UNIT_VALIDATION,unité source absente,,,
MIG-0193,Germe_tt_37,Germe_37,Germe_tt_37,à confirmer,UFC/mL,,mesures_qualite_rivieres,val_qual_riv,2,2,0,0,0,0,0,référence ABH non disponible,référence bibliographique non confirmée,MAPPED_BY_METIER_VARIANT,UNIT_MISSING,NOT_EVALUATED,NEEDS_UNIT_VALIDATION,unité source absente,,,
MIG-0194,H_G,HG / Hg,,à confirmer,,,mesures_qualite_nappes,val_qual_nap,1,1,0,0,0,8.0000000000000004E-4,8.0000000000000004E-4,référence ABH non disponible,référence bibliographique non confirmée,AMBIGUOUS,UNIT_MISSING,NOT_EVALUATED,AMBIGUOUS_PARAMETER,arbitrage métier sur le standard cible,,,
MIG-0195,H_G,HG / Hg,,à confirmer,,,mesures_qualite_rivieres,val_qual_riv,153,153,0,0,0,0,44.1,référence ABH non disponible,référence bibliographique non confirmée,AMBIGUOUS,UNIT_MISSING,NOT_EVALUATED,AMBIGUOUS_PARAMETER,arbitrage métier sur le standard cible,,,
MIG-0196,H_G,HG / Hg,,à confirmer,,,suivi_qualite_sebou_jr,val_qual_sebou_jr,4572,4572,0,0,0,0,nan,référence ABH non disponible,référence bibliographique non confirmée,AMBIGUOUS,UNIT_MISSING,NOT_EVALUATED,AMBIGUOUS_PARAMETER,arbitrage métier sur le standard cible,,,
MIG-0197,H2S,H2S,H2S,à confirmer,mg/L,,mesures_qualite_nappes,val_qual_nap,2,2,0,0,0,14.8,16,référence ABH non disponible,référence bibliographique non confirmée,MAPPED_EXACT,UNIT_MISSING,NOT_EVALUATED,NEEDS_UNIT_VALIDATION,unité source absente,,,
MIG-0198,H2S,H2S,H2S,à confirmer,mg/L,,mesures_qualite_rivieres,val_qual_riv,2,2,0,0,0,0,0,référence ABH non disponible,référence bibliographique non confirmée,MAPPED_EXACT,UNIT_MISSING,NOT_EVALUATED,NEEDS_UNIT_VALIDATION,unité source absente,,,
MIG-0199,hauteur,Hauteur,hauteur | hauteur_m,à confirmer,m,,barrages_abhs,hauteur,34,33,1,0,0,0,112,référence ABH non disponible,référence bibliographique non confirmée,MAPPED_EXACT,UNIT_MISSING,HORS_PERIMETRE,REJECT_FROM_MIGRATION,hors périmètre migration des mesures,,,
MIG-0200,hauteur_m,Hauteur,hauteur | hauteur_m,m,m,,bathymetries_barrages_abhs,hauteur_m,62359,62359,0,0,0,94.5,765,référence ABH non disponible,référence bibliographique non confirmée,MAPPED_BY_METIER_VARIANT,UNIT_OK,NO_REFERENCE,NEEDS_BIBLIO_VALIDATION,confirmer une plage de référence ou accepter sans seuil externe,,,
MIG-0201,HCO,HCO3-,HCO | HCO3 | HCO3- | HCT,à confirmer,mg/L,,mesures_qualite_nappes,val_qual_nap,1,1,0,0,0,259.3,259.3,référence ABH non disponible,référence bibliographique non confirmée,MAPPED_BY_METIER_VARIANT,UNIT_MISSING,NOT_EVALUATED,NEEDS_UNIT_VALIDATION,unité source absente,,,
MIG-0202,HCO,HCO3-,HCO | HCO3 | HCO3- | HCT,à confirmer,mg/L,,mesures_qualite_rivieres,val_qual_riv,2,2,0,0,0,195,366,référence ABH non disponible,référence bibliographique non confirmée,MAPPED_BY_METIER_VARIANT,UNIT_MISSING,NOT_EVALUATED,NEEDS_UNIT_VALIDATION,unité source absente,,,
MIG-0203,HCO3,HCO3-,HCO | HCO3 | HCO3- | HCT,à confirmer,mg/L,,idp_2024_mesures_qualite_globale,val_qual,32,32,0,0,0,133,839,référence ABH non disponible,référence bibliographique non confirmée,MAPPED_BY_METIER_VARIANT,UNIT_MISSING,NOT_EVALUATED,NEEDS_UNIT_VALIDATION,unité source absente,,,
MIG-0204,HCO3,HCO3-,HCO | HCO3 | HCO3- | HCT,à confirmer,mg/L,,idp_2024_mesures_qualite_marche_cadre,val_qual,89,89,0,0,0,17.100000000000001,969,référence ABH non disponible,référence bibliographique non confirmée,MAPPED_BY_METIER_VARIANT,UNIT_MISSING,NOT_EVALUATED,NEEDS_UNIT_VALIDATION,unité source absente,,,
MIG-0205,HCO3-,HCO3-,HCO | HCO3 | HCO3- | HCT,mg/L,mg/L,,mesures_qualite_barrages,val_qual_barr,128,128,0,0,0,0,878.8,référence ABH non disponible,référence bibliographique non confirmée,MAPPED_EXACT,UNIT_OK,NO_REFERENCE,NEEDS_BIBLIO_VALIDATION,confirmer une plage de référence ou accepter sans seuil externe,,,
MIG-0206,HCO3-,HCO3-,HCO | HCO3 | HCO3- | HCT,mg/L,mg/L,,mesures_qualite_nappes,val_qual_nap,2636,2636,0,0,0,0,1512.8,référence ABH non disponible,référence bibliographique non confirmée,MAPPED_EXACT,UNIT_OK,NO_REFERENCE,NEEDS_BIBLIO_VALIDATION,confirmer une plage de référence ou accepter sans seuil externe,,,
MIG-0207,HCO3-,HCO3-,HCO | HCO3 | HCO3- | HCT,mg/L,mg/L,,mesures_qualite_rivieres,val_qual_riv,1799,1799,0,0,0,0,1561,référence ABH non disponible,référence bibliographique non confirmée,MAPPED_EXACT,UNIT_OK,NO_REFERENCE,NEEDS_BIBLIO_VALIDATION,confirmer une plage de référence ou accepter sans seuil externe,,,
MIG-0208,HCO3-,HCO3-,HCO | HCO3 | HCO3- | HCT,mg/L,mg/L,,types_mesures,,1,0,0,0,0,,,référence ABH non disponible,référence bibliographique non confirmée,MAPPED_EXACT,UNIT_OK,NO_REFERENCE,NEEDS_BIBLIO_VALIDATION,confirmer une plage de référence ou accepter sans seuil externe,,,
MIG-0209,HCT,HCO3-,HCO | HCO3 | HCO3- | HCT,à confirmer,mg/L,,mesures_qualite_barrages,val_qual_barr,1,1,0,0,0,9.5500000000000007,9.5500000000000007,référence ABH non disponible,référence bibliographique non confirmée,MAPPED_BY_METIER_VARIANT,UNIT_MISSING,NOT_EVALUATED,NEEDS_UNIT_VALIDATION,unité source absente,,,
MIG-0210,HCT,HCO3-,HCO | HCO3 | HCO3- | HCT,à confirmer,mg/L,,mesures_qualite_rivieres,val_qual_riv,490,490,0,0,0,0,212.47,référence ABH non disponible,référence bibliographique non confirmée,MAPPED_BY_METIER_VARIANT,UNIT_MISSING,NOT_EVALUATED,NEEDS_UNIT_VALIDATION,unité source absente,,,
MIG-0211,HCT,HCO3-,HCO | HCO3 | HCO3- | HCT,à confirmer,mg/L,,types_mesures,,1,0,0,0,0,,,référence ABH non disponible,référence bibliographique non confirmée,MAPPED_BY_METIER_VARIANT,UNIT_MISSING,NOT_EVALUATED,NEEDS_UNIT_VALIDATION,unité source absente,,,
MIG-0212,Ni,Ni,Ni | Nickel | Nickel(mg)/l,à confirmer,mg/L,,idp_2024_mesures_qualite_globale,val_qual,46,46,0,28,0,0.01,7.3899999999999993E-2,référence ABH non disponible,référence bibliographique non confirmée,MAPPED_EXACT,UNIT_MISSING,NOT_EVALUATED,NEEDS_UNIT_VALIDATION,unité source absente,,,
MIG-0213,Hg,HG / Hg,,à confirmer,,,mesures_qualite_nappes,val_qual_nap,3,3,0,0,0,5.0000000000000001E-4,1.2999999999999999E-3,référence ABH non disponible,référence bibliographique non confirmée,AMBIGUOUS,UNIT_MISSING,NOT_EVALUATED,AMBIGUOUS_PARAMETER,arbitrage métier sur le standard cible,,,
MIG-0214,Hg,HG / Hg,,à confirmer,,,mesures_qualite_rivieres,val_qual_riv,227,227,0,0,0,0,0.69499999999999995,référence ABH non disponible,référence bibliographique non confirmée,AMBIGUOUS,UNIT_MISSING,NOT_EVALUATED,AMBIGUOUS_PARAMETER,arbitrage métier sur le standard cible,,,
MIG-0215,Hg,HG / Hg,,à confirmer,,,idp_2024_mesures_qualite_globale,val_qual,31,31,0,24,0,2.6140000000000001E-4,1.6999999999999999E-3,référence ABH non disponible,référence bibliographique non confirmée,AMBIGUOUS,UNIT_MISSING,NOT_EVALUATED,AMBIGUOUS_PARAMETER,arbitrage métier sur le standard cible,,,
MIG-0216,NO3-,NO3-,NO3- | NO3-(mg/l) | NO3-_Réduction Cd | NO3-_Spectro,mg/L,mg/L,,idp_2024_mesures_qualite_globale,val_qual,189,189,0,23,1,0.3,207,référence ABH non disponible,<= 50 mg/L as nitrate,MAPPED_EXACT,UNIT_OK,FLAG_REQUIRED,OK_WITH_FLAG,appliquer règle de parsing + flag,,,WHO — Chemical fact sheets: Nitrate/nitrite (https://cdn.who.int/media/docs/default-source/wash-documents/water-safety-and-quality/chemical-fact-sheets-2022/nitrate-and-nitrite-fact-sheet-2022.pdf?download=true&sfvrsn=a65406e9_2)
MIG-0217,IBD,IBD,IBD,Indice,— (indice /20),,mesures_qualite_barrages,val_qual_barr,13,13,0,0,0,0,16.422000000000001,référence ABH non disponible,référence bibliographique non confirmée,MAPPED_EXACT,UNIT_UNKNOWN,NOT_EVALUATED,NEEDS_UNIT_VALIDATION,référence unité métier/ABH absente,,,
MIG-0218,IBD,IBD,IBD,Indice,— (indice /20),,mesures_qualite_rivieres,val_qual_riv,128,128,0,0,0,0,16.652000000000001,référence ABH non disponible,référence bibliographique non confirmée,MAPPED_EXACT,UNIT_UNKNOWN,NOT_EVALUATED,NEEDS_UNIT_VALIDATION,référence unité métier/ABH absente,,,
MIG-0219,IBD,IBD,IBD,Indice,— (indice /20),,types_mesures,,1,0,0,0,0,,,référence ABH non disponible,référence bibliographique non confirmée,MAPPED_EXACT,UNIT_UNKNOWN,NOT_EVALUATED,NEEDS_UNIT_VALIDATION,référence unité métier/ABH absente,,,
MIG-0220,IBGN,IBGN,IBGN,Indice,— (indice /20),,mesures_qualite_barrages,val_qual_barr,3,3,0,0,0,9,15,référence ABH non disponible,référence bibliographique non confirmée,MAPPED_EXACT,UNIT_UNKNOWN,NOT_EVALUATED,NEEDS_UNIT_VALIDATION,référence unité métier/ABH absente,,,
MIG-0221,IBGN,IBGN,IBGN,Indice,— (indice /20),,mesures_qualite_rivieres,val_qual_riv,43,43,0,0,0,1,16,référence ABH non disponible,référence bibliographique non confirmée,MAPPED_EXACT,UNIT_UNKNOWN,NOT_EVALUATED,NEEDS_UNIT_VALIDATION,référence unité métier/ABH absente,,,
MIG-0222,IBGN,IBGN,IBGN,Indice,— (indice /20),,types_mesures,,1,0,0,0,0,,,référence ABH non disponible,référence bibliographique non confirmée,MAPPED_EXACT,UNIT_UNKNOWN,NOT_EVALUATED,NEEDS_UNIT_VALIDATION,référence unité métier/ABH absente,,,
MIG-0223,PO43-,PO4³-,PO3 | PO4 3- | PO43- | PO43-(mgP/l),à confirmer,mg/L,,idp_2024_mesures_qualite_globale,val_qual,163,163,0,23,0,0.02,99.123999999999995,référence ABH non disponible,référence bibliographique non confirmée,MAPPED_EXACT,UNIT_MISSING,NOT_EVALUATED,NEEDS_UNIT_VALIDATION,unité source absente,,,
MIG-0224,Indicedephénol(mg/l),Phenol,phenol | Phenol | Phénol | Ph�nol | indice de phénol M:A | Indicedephénol(mg/l) | IP | IP(mgO2/l),mg/l,mg/L,,suivi_qualite_brg_garde_hebdo,val_qual_brg_garde_hebdo,182,182,0,0,0,0.01,0.2,référence ABH non disponible,référence bibliographique non confirmée,MAPPED_BY_METIER_VARIANT,UNIT_OK,NO_REFERENCE,NEEDS_BIBLIO_VALIDATION,confirmer une plage de référence ou accepter sans seuil externe,,,
MIG-0225,Huiles Graisses,HG,H_G | Huiles Graisses | Huiles Graisses (H G T),à confirmer,mg/L,,idp_2024_mesures_qualite_globale,val_qual,72,72,0,22,0,0.44,126,référence ABH non disponible,référence bibliographique non confirmée,MAPPED_BY_METIER_VARIANT,UNIT_MISSING,NOT_EVALUATED,NEEDS_UNIT_VALIDATION,unité source absente,,,
MIG-0226,V,V,V | Vanadium(mg/l),à confirmer,mg/L,,idp_2024_mesures_qualite_globale,val_qual,42,42,0,21,0,7.6E-3,0.37190000000000001,référence ABH non disponible,référence bibliographique non confirmée,MAPPED_EXACT,UNIT_MISSING,NOT_EVALUATED,NEEDS_UNIT_VALIDATION,unité source absente,,,
MIG-0227,IP(mgO2/l),Phenol,phenol | Phenol | Phénol | Ph�nol | indice de phénol M:A | Indicedephénol(mg/l) | IP | IP(mgO2/l),mgO2/l,mg/L,,suivi_qualite_brg_garde_hebdo,val_qual_brg_garde_hebdo,182,88,94,0,0,0.80334728,3.49,référence ABH non disponible,référence bibliographique non confirmée,MAPPED_BY_METIER_VARIANT,UNIT_CONFLICT,NOT_EVALUATED,NEEDS_UNIT_VALIDATION,unités non alignées,,,
MIG-0228,K,K,K | K+ | K+4,mg/L,mg/L,,mesures_qualite_barrages,val_qual_barr,129,129,0,0,0,0.41,74.2,référence ABH non disponible,référence bibliographique non confirmée,MAPPED_EXACT,UNIT_OK,NO_REFERENCE,NEEDS_BIBLIO_VALIDATION,confirmer une plage de référence ou accepter sans seuil externe,,,
MIG-0229,K,K,K | K+ | K+4,mg/L,mg/L,,mesures_qualite_nappes,val_qual_nap,2637,2637,0,0,0,0,30810,référence ABH non disponible,référence bibliographique non confirmée,MAPPED_EXACT,UNIT_OK,NO_REFERENCE,NEEDS_BIBLIO_VALIDATION,confirmer une plage de référence ou accepter sans seuil externe,,,
MIG-0230,K,K,K | K+ | K+4,mg/L,mg/L,,mesures_qualite_rivieres,val_qual_riv,1789,1789,0,0,0,0.11,501,référence ABH non disponible,référence bibliographique non confirmée,MAPPED_EXACT,UNIT_OK,NO_REFERENCE,NEEDS_BIBLIO_VALIDATION,confirmer une plage de référence ou accepter sans seuil externe,,,
MIG-0231,K,K,K | K+ | K+4,mg/L,mg/L,,types_mesures,,1,0,0,0,0,,,référence ABH non disponible,référence bibliographique non confirmée,MAPPED_EXACT,UNIT_OK,NO_REFERENCE,NEEDS_BIBLIO_VALIDATION,confirmer une plage de référence ou accepter sans seuil externe,,,
MIG-0232,K+,K,K | K+ | K+4,à confirmer,mg/L,,idp_2024_mesures_qualite_globale,val_qual,172,172,0,0,0,0.44800000000000001,633,référence ABH non disponible,référence bibliographique non confirmée,MAPPED_BY_METIER_VARIANT,UNIT_MISSING,NOT_EVALUATED,NEEDS_UNIT_VALIDATION,unité source absente,,,
MIG-0233,K+,K,K | K+ | K+4,à confirmer,mg/L,,idp_2024_mesures_qualite_marche_cadre,val_qual,89,89,0,0,0,0.26400000000000001,376,référence ABH non disponible,référence bibliographique non confirmée,MAPPED_BY_METIER_VARIANT,UNIT_MISSING,NOT_EVALUATED,NEEDS_UNIT_VALIDATION,unité source absente,,,
MIG-0234,K+4,K,K | K+ | K+4,à confirmer,mg/L,,idp_2024_mesures_qualite_marche_cadre,val_qual,89,89,0,0,0,0.26400000000000001,376,référence ABH non disponible,référence bibliographique non confirmée,MAPPED_BY_METIER_VARIANT,UNIT_MISSING,NOT_EVALUATED,NEEDS_UNIT_VALIDATION,unité source absente,,,
MIG-0235,Largeur,Largeur,Largeur,m,m,,mesures_qualite_barrages,val_qual_barr,5,5,0,0,0,0.9,20,référence ABH non disponible,référence bibliographique non confirmée,MAPPED_EXACT,UNIT_OK,NO_REFERENCE,NEEDS_BIBLIO_VALIDATION,confirmer une plage de référence ou accepter sans seuil externe,,,
MIG-0236,Largeur,Largeur,Largeur,m,m,,mesures_qualite_rivieres,val_qual_riv,191,191,0,0,0,0,60,référence ABH non disponible,référence bibliographique non confirmée,MAPPED_EXACT,UNIT_OK,NO_REFERENCE,NEEDS_BIBLIO_VALIDATION,confirmer une plage de référence ou accepter sans seuil externe,,,
MIG-0237,Largeur,Largeur,Largeur,m,m,,types_mesures,,1,0,0,0,0,,,référence ABH non disponible,référence bibliographique non confirmée,MAPPED_EXACT,UNIT_OK,NO_REFERENCE,NEEDS_BIBLIO_VALIDATION,confirmer une plage de référence ou accepter sans seuil externe,,,
MIG-0238,NH4+,NH4+,Ammonium | NH4 | NH4+ | NH4+  Titri | NH4+ 2 | NH4+ Spect | NH4+(mgNH4+/l),à confirmer,mg/L,,idp_2024_mesures_qualite_globale,val_qual,188,188,0,20,0,2.0571428999999999E-2,3420,référence ABH non disponible,référence bibliographique non confirmée,MAPPED_EXACT,UNIT_MISSING,NOT_EVALUATED,NEEDS_UNIT_VALIDATION,unité source absente,,,
MIG-0239,Li,Li,Li | Litium(mg/l),à confirmer,mg/L,,mesures_qualite_rivieres,val_qual_riv,16,16,0,0,0,0.01,3,référence ABH non disponible,référence bibliographique non confirmée,MAPPED_EXACT,UNIT_MISSING,NOT_EVALUATED,NEEDS_UNIT_VALIDATION,unité source absente,,,
MIG-0240,Litium(mg/l),Li,Li | Litium(mg/l),mg/l,mg/L,,suivi_qualite_brg_garde_hebdo,val_qual_brg_garde_hebdo,182,22,160,0,0,6.8999999999999999E-3,6.4299999999999996E-2,référence ABH non disponible,référence bibliographique non confirmée,MAPPED_BY_METIER_VARIANT,UNIT_OK,NO_REFERENCE,NEEDS_BIBLIO_VALIDATION,confirmer une plage de référence ou accepter sans seuil externe,,,
MIG-0241,longueur_km,Longueur,longueur_km,km,km,,reseau_hydro_abhs,longueur_km,28,28,0,0,0,6.0280619358447218,471.40927379922306,référence ABH non disponible,référence bibliographique non confirmée,MAPPED_BY_METIER_VARIANT,UNIT_OK,NO_REFERENCE,NEEDS_BIBLIO_VALIDATION,confirmer une plage de référence ou accepter sans seuil externe,,,
MIG-0242,Manganèse(mg/l),Mn,Mn | Mn5 | Manganèse(mg/l),mg/l,mg/L,,suivi_qualite_brg_garde_hebdo,val_qual_brg_garde_hebdo,182,180,2,0,1,5.0000000000000001E-3,0.13700000000000001,référence ABH non disponible,<= 0.08 ; frais typiques 0.001-0.2 mg/L,MAPPED_BY_METIER_VARIANT,UNIT_OK,SUSPECT_OUTLIER,OK_WITH_FLAG,migrer avec flag,,,WHO — Manganese fact sheet 2022 (https://cdn.who.int/media/docs/default-source/wash-documents/water-safety-and-quality/chemical-fact-sheets-2022/manganese-fact-sheet-2022.pdf)
MIG-0243,MD,MD,MD,à confirmer,,,mesures_qualite_rivieres,val_qual_riv,2,2,0,0,0,0,0,référence ABH non disponible,référence bibliographique non confirmée,MAPPED_EXACT,UNIT_MISSING,NOT_EVALUATED,NEEDS_UNIT_VALIDATION,unité source absente,,,
MIG-0244,Fe,Fe,Fe | Fe2+ | Fer | Fer(mg/l) | FeT | Ferdissous(mg/l),mg/L,mg/L,,idp_2024_mesures_qualite_globale,val_qual,97,97,0,17,1,1.9900000000000001E-2,43.2,référence ABH non disponible,"0.5-50 (fresh waters); <= 2 (acceptabilité OMS, pas valeur sanitaire formelle) mg/L",MAPPED_EXACT,UNIT_OK,FLAG_REQUIRED,OK_WITH_FLAG,appliquer règle de parsing + flag,,,WHO — Iron fact sheet 2022 (https://cdn.who.int/media/docs/default-source/wash-documents/water-safety-and-quality/chemical-fact-sheets-2022/iron-fact-sheet-2022.pdf?download=true&sfvrsn=1e9abf4d_2)
MIG-0245,Mercure(mg/l),Hg,Hg | Mercure | Mercure(mg/l),mg/l,mg/L,,suivi_qualite_brg_garde_hebdo,val_qual_brg_garde_hebdo,182,22,160,0,0,2.5000000000000001E-4,0.56399999999999995,référence ABH non disponible,référence bibliographique non confirmée,MAPPED_BY_METIER_VARIANT,UNIT_OK,NO_REFERENCE,NEEDS_BIBLIO_VALIDATION,confirmer une plage de référence ou accepter sans seuil externe,,,
MIG-0246,CrT,Cr,Cr | CrT | Chrome | Chrome(mg/l),à confirmer,mg/L,,idp_2024_mesures_qualite_globale,val_qual,46,46,0,16,0,1.01E-2,0.1108,référence ABH non disponible,référence bibliographique non confirmée,MAPPED_BY_METIER_VARIANT,UNIT_MISSING,NOT_EVALUATED,NEEDS_UNIT_VALIDATION,unité source absente,,,
MIG-0247,MES,MES,MES | MEST Filtr | MEST(mg/l),mg/L,mg/L,,mesures_qualite_barrages,val_qual_barr,414,414,0,0,0,0,13480,référence ABH non disponible,référence bibliographique non confirmée,MAPPED_EXACT,UNIT_OK,NO_REFERENCE,NEEDS_BIBLIO_VALIDATION,confirmer une plage de référence ou accepter sans seuil externe,,,
MIG-0248,MES,MES,MES | MEST Filtr | MEST(mg/l),mg/L,mg/L,,mesures_qualite_nappes,val_qual_nap,25,25,0,0,0,0,4374,référence ABH non disponible,référence bibliographique non confirmée,MAPPED_EXACT,UNIT_OK,NO_REFERENCE,NEEDS_BIBLIO_VALIDATION,confirmer une plage de référence ou accepter sans seuil externe,,,
MIG-0249,MES,MES,MES | MEST Filtr | MEST(mg/l),mg/L,mg/L,,mesures_qualite_rivieres,val_qual_riv,1961,1961,0,0,0,0,89271,référence ABH non disponible,référence bibliographique non confirmée,MAPPED_EXACT,UNIT_OK,NO_REFERENCE,NEEDS_BIBLIO_VALIDATION,confirmer une plage de référence ou accepter sans seuil externe,,,
MIG-0250,MES,MES,MES | MEST Filtr | MEST(mg/l),mg/L,mg/L,,types_mesures,,1,0,0,0,0,,,référence ABH non disponible,référence bibliographique non confirmée,MAPPED_EXACT,UNIT_OK,NO_REFERENCE,NEEDS_BIBLIO_VALIDATION,confirmer une plage de référence ou accepter sans seuil externe,,,
MIG-0251,DCO,DCO,DCO | DCO  2h décant. | DCO  D   2h | DCO_dec2h,mg O2/L,mg/L,,idp_2024_mesures_qualite_globale,val_qual,172,172,0,16,0,9.6,30720,référence ABH non disponible,référence bibliographique non confirmée,MAPPED_EXACT,UNIT_CONFLICT,NOT_EVALUATED,NEEDS_UNIT_VALIDATION,unités non alignées,,,
MIG-0252,MEST(mg/l),MES,MES | MEST Filtr | MEST(mg/l),mg/l,mg/L,,suivi_qualite_brg_garde_hebdo,val_qual_brg_garde_hebdo,182,182,0,0,0,6.8,47431,référence ABH non disponible,référence bibliographique non confirmée,MAPPED_BY_METIER_VARIANT,UNIT_OK,NO_REFERENCE,NEEDS_BIBLIO_VALIDATION,confirmer une plage de référence ou accepter sans seuil externe,,,
MIG-0253,Mg,Mg,Mg | Mg++,mg/L,mg/L,,mesures_qualite_barrages,val_qual_barr,130,130,0,0,0,0.02,96,référence ABH non disponible,référence bibliographique non confirmée,MAPPED_EXACT,UNIT_OK,NO_REFERENCE,NEEDS_BIBLIO_VALIDATION,confirmer une plage de référence ou accepter sans seuil externe,,,
MIG-0254,Mg,Mg,Mg | Mg++,mg/L,mg/L,,mesures_qualite_nappes,val_qual_nap,2619,2619,0,0,0,0.49,1008,référence ABH non disponible,référence bibliographique non confirmée,MAPPED_EXACT,UNIT_OK,NO_REFERENCE,NEEDS_BIBLIO_VALIDATION,confirmer une plage de référence ou accepter sans seuil externe,,,
MIG-0255,Mg,Mg,Mg | Mg++,mg/L,mg/L,,mesures_qualite_rivieres,val_qual_riv,1783,1783,0,0,0,0.36,1043,référence ABH non disponible,référence bibliographique non confirmée,MAPPED_EXACT,UNIT_OK,NO_REFERENCE,NEEDS_BIBLIO_VALIDATION,confirmer une plage de référence ou accepter sans seuil externe,,,
MIG-0256,Mg,Mg,Mg | Mg++,mg/L,mg/L,,types_mesures,,1,0,0,0,0,,,référence ABH non disponible,référence bibliographique non confirmée,MAPPED_EXACT,UNIT_OK,NO_REFERENCE,NEEDS_BIBLIO_VALIDATION,confirmer une plage de référence ou accepter sans seuil externe,,,
MIG-0257,Mg++,Mg,Mg | Mg++,à confirmer,mg/L,,idp_2024_mesures_qualite_globale,val_qual,189,189,0,0,0,2.4,854.1,référence ABH non disponible,référence bibliographique non confirmée,MAPPED_BY_METIER_VARIANT,UNIT_MISSING,NOT_EVALUATED,NEEDS_UNIT_VALIDATION,unité source absente,,,
MIG-0258,Mg++,Mg,Mg | Mg++,à confirmer,mg/L,,idp_2024_mesures_qualite_marche_cadre,val_qual,89,89,0,0,0,4.9000000000000004,1215,référence ABH non disponible,référence bibliographique non confirmée,MAPPED_BY_METIER_VARIANT,UNIT_MISSING,NOT_EVALUATED,NEEDS_UNIT_VALIDATION,unité source absente,,,
MIG-0259,MEST Filtr,MES,MES | MEST Filtr | MEST(mg/l),à confirmer,mg/L,,idp_2024_mesures_qualite_marche_cadre,val_qual,77,77,0,16,0,3.2,1484,référence ABH non disponible,référence bibliographique non confirmée,MAPPED_BY_METIER_VARIANT,UNIT_MISSING,NOT_EVALUATED,NEEDS_UNIT_VALIDATION,unité source absente,,,
MIG-0260,Cu,Cu,Cu | Cuivre | Cuivre(mg/l),à confirmer,mg/L,,idp_2024_mesures_qualite_globale,val_qual,46,46,0,15,0,1.1299999999999999E-2,0.23369999999999999,référence ABH non disponible,référence bibliographique non confirmée,MAPPED_EXACT,UNIT_MISSING,NOT_EVALUATED,NEEDS_UNIT_VALIDATION,unité source absente,,,
MIG-0261,Mn,Mn,Mn | Mn5 | Manganèse(mg/l),mg/L,mg/L,,mesures_qualite_barrages,val_qual_barr,290,290,0,0,1,1.4E-2,8.3070000000000004,référence ABH non disponible,<= 0.08 ; frais typiques 0.001-0.2 mg/L,MAPPED_EXACT,UNIT_OK,SUSPECT_OUTLIER,QUARANTINE_BEFORE_MIGRATION,mettre en quarantaine,,,WHO — Manganese fact sheet 2022 (https://cdn.who.int/media/docs/default-source/wash-documents/water-safety-and-quality/chemical-fact-sheets-2022/manganese-fact-sheet-2022.pdf)
MIG-0262,Mn,Mn,Mn | Mn5 | Manganèse(mg/l),mg/L,mg/L,,mesures_qualite_nappes,val_qual_nap,2199,2199,0,0,1,0,95,référence ABH non disponible,<= 0.08 ; frais typiques 0.001-0.2 mg/L,MAPPED_EXACT,UNIT_OK,SUSPECT_OUTLIER,QUARANTINE_BEFORE_MIGRATION,mettre en quarantaine,,,WHO — Manganese fact sheet 2022 (https://cdn.who.int/media/docs/default-source/wash-documents/water-safety-and-quality/chemical-fact-sheets-2022/manganese-fact-sheet-2022.pdf)
MIG-0263,Mn,Mn,Mn | Mn5 | Manganèse(mg/l),mg/L,mg/L,,mesures_qualite_rivieres,val_qual_riv,136,136,0,0,1,0,450,référence ABH non disponible,<= 0.08 ; frais typiques 0.001-0.2 mg/L,MAPPED_EXACT,UNIT_OK,SUSPECT_OUTLIER,QUARANTINE_BEFORE_MIGRATION,mettre en quarantaine,,,WHO — Manganese fact sheet 2022 (https://cdn.who.int/media/docs/default-source/wash-documents/water-safety-and-quality/chemical-fact-sheets-2022/manganese-fact-sheet-2022.pdf)
MIG-0264,Mn,Mn,Mn | Mn5 | Manganèse(mg/l),mg/L,mg/L,,types_mesures,,1,0,0,0,0,,,référence ABH non disponible,<= 0.08 ; frais typiques 0.001-0.2 mg/L,MAPPED_EXACT,UNIT_OK,VALID,OK_FOR_MIGRATION,migrer sans réserve particulière,,,WHO — Manganese fact sheet 2022 (https://cdn.who.int/media/docs/default-source/wash-documents/water-safety-and-quality/chemical-fact-sheets-2022/manganese-fact-sheet-2022.pdf)
MIG-0265,IP,Phenol,phenol | Phenol | Phénol | Ph�nol | indice de phénol M:A | Indicedephénol(mg/l) | IP | IP(mgO2/l),à confirmer,mg/L,,idp_2024_mesures_qualite_globale,val_qual,25,25,0,14,0,0.52700000000000002,3.4666666670000001,référence ABH non disponible,référence bibliographique non confirmée,MAPPED_BY_METIER_VARIANT,UNIT_MISSING,NOT_EVALUATED,NEEDS_UNIT_VALIDATION,unité source absente,,,
MIG-0266,Sn,Sn,Sn,à confirmer,mg/L,,idp_2024_mesures_qualite_globale,val_qual,42,42,0,13,0,1.0200000000000001E-2,0.88480000000000003,référence ABH non disponible,référence bibliographique non confirmée,MAPPED_EXACT,UNIT_MISSING,NOT_EVALUATED,NEEDS_UNIT_VALIDATION,unité source absente,,,
MIG-0267,MO,MO / Mo,,mg/L,,,mesures_qualite_barrages,val_qual_barr,6,6,0,0,0,0,7.6,référence ABH non disponible,référence bibliographique non confirmée,AMBIGUOUS,UNIT_UNKNOWN,NOT_EVALUATED,AMBIGUOUS_PARAMETER,arbitrage métier sur le standard cible,,,
MIG-0268,MO,MO / Mo,,mg/L,,,mesures_qualite_nappes,val_qual_nap,2625,2625,0,0,0,0,1092,référence ABH non disponible,référence bibliographique non confirmée,AMBIGUOUS,UNIT_UNKNOWN,NOT_EVALUATED,AMBIGUOUS_PARAMETER,arbitrage métier sur le standard cible,,,
MIG-0269,MO,MO / Mo,,mg/L,,,mesures_qualite_rivieres,val_qual_riv,26,26,0,0,0,0,246,référence ABH non disponible,référence bibliographique non confirmée,AMBIGUOUS,UNIT_UNKNOWN,NOT_EVALUATED,AMBIGUOUS_PARAMETER,arbitrage métier sur le standard cible,,,
MIG-0270,MO,MO / Mo,,mg/L,,,types_mesures,,1,0,0,0,0,,,référence ABH non disponible,référence bibliographique non confirmée,AMBIGUOUS,UNIT_UNKNOWN,NOT_EVALUATED,AMBIGUOUS_PARAMETER,arbitrage métier sur le standard cible,,,
MIG-0271,Molybdène(mg/l),Mo,Mo | Molybdène(mg/l),mg/l,mg/L,,suivi_qualite_brg_garde_hebdo,val_qual_brg_garde_hebdo,182,22,160,0,0,0.01,0.01,référence ABH non disponible,référence bibliographique non confirmée,MAPPED_BY_METIER_VARIANT,UNIT_OK,NO_REFERENCE,NEEDS_BIBLIO_VALIDATION,confirmer une plage de référence ou accepter sans seuil externe,,,
MIG-0272,montant_md,Montant_MD,montant_md,à confirmer,Millions Dirhams,,barrages_abhs,montant_md,34,23,11,0,0,31.5,9366,référence ABH non disponible,référence bibliographique non confirmée,MAPPED_EXACT,UNIT_MISSING,HORS_PERIMETRE,REJECT_FROM_MIGRATION,hors périmètre migration des mesures,,,
MIG-0273,NA,Na,NA | Na+ | Na+3,à confirmer,mg/L,,mesures_qualite_barrages,val_qual_barr,128,128,0,0,0,0.02,460,référence ABH non disponible,référence bibliographique non confirmée,MAPPED_EXACT,UNIT_MISSING,NOT_EVALUATED,NEEDS_UNIT_VALIDATION,unité source absente,,,
MIG-0274,NA,Na,NA | Na+ | Na+3,à confirmer,mg/L,,mesures_qualite_nappes,val_qual_nap,2637,2637,0,0,0,0,9124,référence ABH non disponible,référence bibliographique non confirmée,MAPPED_EXACT,UNIT_MISSING,NOT_EVALUATED,NEEDS_UNIT_VALIDATION,unité source absente,,,
MIG-0275,NA,Na,NA | Na+ | Na+3,à confirmer,mg/L,,mesures_qualite_rivieres,val_qual_riv,1790,1790,0,0,0,0.8,9300,référence ABH non disponible,référence bibliographique non confirmée,MAPPED_EXACT,UNIT_MISSING,NOT_EVALUATED,NEEDS_UNIT_VALIDATION,unité source absente,,,
MIG-0276,NA,Na,NA | Na+ | Na+3,à confirmer,mg/L,,types_mesures,,1,0,0,0,0,,,référence ABH non disponible,référence bibliographique non confirmée,MAPPED_EXACT,UNIT_MISSING,NOT_EVALUATED,NEEDS_UNIT_VALIDATION,unité source absente,,,
MIG-0277,Na+,Na,NA | Na+ | Na+3,à confirmer,mg/L,,idp_2024_mesures_qualite_globale,val_qual,172,172,0,0,0,2.4,7573,référence ABH non disponible,référence bibliographique non confirmée,MAPPED_BY_METIER_VARIANT,UNIT_MISSING,NOT_EVALUATED,NEEDS_UNIT_VALIDATION,unité source absente,,,
MIG-0278,Na+,Na,NA | Na+ | Na+3,à confirmer,mg/L,,idp_2024_mesures_qualite_marche_cadre,val_qual,89,89,0,0,0,1.96,10145,référence ABH non disponible,référence bibliographique non confirmée,MAPPED_BY_METIER_VARIANT,UNIT_MISSING,NOT_EVALUATED,NEEDS_UNIT_VALIDATION,unité source absente,,,
MIG-0279,Na+3,Na,NA | Na+ | Na+3,à confirmer,mg/L,,idp_2024_mesures_qualite_marche_cadre,val_qual,89,89,0,0,0,1.96,10145,référence ABH non disponible,référence bibliographique non confirmée,MAPPED_BY_METIER_VARIANT,UNIT_MISSING,NOT_EVALUATED,NEEDS_UNIT_VALIDATION,unité source absente,,,
MIG-0280,NH4,NH4+,Ammonium | NH4 | NH4+ | NH4+  Titri | NH4+ 2 | NH4+ Spect | NH4+(mgNH4+/l),mg/L,mg/L,,mesures_qualite_barrages,val_qual_barr,232,232,0,0,0,2E-3,4.6989999999999998,référence ABH non disponible,référence bibliographique non confirmée,MAPPED_BY_METIER_VARIANT,UNIT_OK,NO_REFERENCE,NEEDS_BIBLIO_VALIDATION,confirmer une plage de référence ou accepter sans seuil externe,,,
MIG-0281,NH4,NH4+,Ammonium | NH4 | NH4+ | NH4+  Titri | NH4+ 2 | NH4+ Spect | NH4+(mgNH4+/l),mg/L,mg/L,,mesures_qualite_nappes,val_qual_nap,2590,2590,0,0,0,0,18.5,référence ABH non disponible,référence bibliographique non confirmée,MAPPED_BY_METIER_VARIANT,UNIT_OK,NO_REFERENCE,NEEDS_BIBLIO_VALIDATION,confirmer une plage de référence ou accepter sans seuil externe,,,
MIG-0282,NH4,NH4+,Ammonium | NH4 | NH4+ | NH4+  Titri | NH4+ 2 | NH4+ Spect | NH4+(mgNH4+/l),mg/L,mg/L,,mesures_qualite_rivieres,val_qual_riv,1953,1953,0,0,0,0,30600,référence ABH non disponible,référence bibliographique non confirmée,MAPPED_BY_METIER_VARIANT,UNIT_OK,NO_REFERENCE,NEEDS_BIBLIO_VALIDATION,confirmer une plage de référence ou accepter sans seuil externe,,,
MIG-0283,NH4,NH4+,Ammonium | NH4 | NH4+ | NH4+  Titri | NH4+ 2 | NH4+ Spect | NH4+(mgNH4+/l),mg/L,mg/L,,types_mesures,,1,0,0,0,0,,,référence ABH non disponible,référence bibliographique non confirmée,MAPPED_BY_METIER_VARIANT,UNIT_OK,NO_REFERENCE,NEEDS_BIBLIO_VALIDATION,confirmer une plage de référence ou accepter sans seuil externe,,,
MIG-0284,Zn,Zn,Zn | Zinc | Zinc(mg/l),à confirmer,mg/L,,idp_2024_mesures_qualite_globale,val_qual,42,42,0,13,0,1.1299999999999999E-2,0.59240000000000004,référence ABH non disponible,référence bibliographique non confirmée,MAPPED_EXACT,UNIT_MISSING,NOT_EVALUATED,NEEDS_UNIT_VALIDATION,unité source absente,,,
MIG-0285,PT,PT,PT | PT  décant. 2h | PT DECANTE | PT(mgP/l) | Phosphore total | Phosphore_Total,à confirmer,mg/L,,idp_2024_mesures_qualite_globale,val_qual,163,163,0,12,0,5.5E-2,506.03,référence ABH non disponible,référence bibliographique non confirmée,MAPPED_EXACT,UNIT_MISSING,NOT_EVALUATED,NEEDS_UNIT_VALIDATION,unité source absente,,,
MIG-0286,NH4+  Titri,NH4+,Ammonium | NH4 | NH4+ | NH4+  Titri | NH4+ 2 | NH4+ Spect | NH4+(mgNH4+/l),à confirmer,mg/L,,idp_2024_mesures_qualite_marche_cadre,val_qual,2,2,0,0,0,5.04,21.84,référence ABH non disponible,référence bibliographique non confirmée,MAPPED_BY_METIER_VARIANT,UNIT_MISSING,NOT_EVALUATED,NEEDS_UNIT_VALIDATION,unité source absente,,,
MIG-0287,NH4+ 2,NH4+,Ammonium | NH4 | NH4+ | NH4+  Titri | NH4+ 2 | NH4+ Spect | NH4+(mgNH4+/l),à confirmer,mg/L,,idp_2024_mesures_qualite_marche_cadre,val_qual,17,17,0,0,0,21.8,154,référence ABH non disponible,référence bibliographique non confirmée,MAPPED_BY_METIER_VARIANT,UNIT_MISSING,NOT_EVALUATED,NEEDS_UNIT_VALIDATION,unité source absente,,,
MIG-0288,Huiles Graisses (H G T),HG,H_G | Huiles Graisses | Huiles Graisses (H G T),à confirmer,mg/L,,idp_2024_mesures_qualite_marche_cadre,val_qual,27,27,0,10,0,0.41699999999999998,8.89,référence ABH non disponible,référence bibliographique non confirmée,MAPPED_BY_METIER_VARIANT,UNIT_MISSING,NOT_EVALUATED,NEEDS_UNIT_VALIDATION,unité source absente,,,
MIG-0289,NH4+(mgNH4+/l),NH4+,Ammonium | NH4 | NH4+ | NH4+  Titri | NH4+ 2 | NH4+ Spect | NH4+(mgNH4+/l),mgNH4+/l,mg/L,,suivi_qualite_brg_garde_hebdo,val_qual_brg_garde_hebdo,182,182,0,0,0,0.02,3.27,référence ABH non disponible,référence bibliographique non confirmée,MAPPED_EXACT,UNIT_CONFLICT,NOT_EVALUATED,NEEDS_UNIT_VALIDATION,unités non alignées,,,
MIG-0290,indice de phénol M:A,Phenol,phenol | Phenol | Phénol | Ph�nol | indice de phénol M:A | Indicedephénol(mg/l) | IP | IP(mgO2/l),Indice,mg/L,,idp_2024_mesures_qualite_marche_cadre,val_qual,27,27,0,10,0,0.01,0.14699999999999999,référence ABH non disponible,référence bibliographique non confirmée,MAPPED_BY_METIER_VARIANT,UNIT_CONFLICT,NOT_EVALUATED,NEEDS_UNIT_VALIDATION,unités non alignées,,,
MIG-0291,Ni,Ni,Ni | Nickel | Nickel(mg)/l,à confirmer,mg/L,,mesures_qualite_nappes,val_qual_nap,2,2,0,0,0,0.01,0.01,référence ABH non disponible,référence bibliographique non confirmée,MAPPED_EXACT,UNIT_MISSING,NOT_EVALUATED,NEEDS_UNIT_VALIDATION,unité source absente,,,
MIG-0292,Ni,Ni,Ni | Nickel | Nickel(mg)/l,à confirmer,mg/L,,mesures_qualite_rivieres,val_qual_riv,269,269,0,0,0,0,90,référence ABH non disponible,référence bibliographique non confirmée,MAPPED_EXACT,UNIT_MISSING,NOT_EVALUATED,NEEDS_UNIT_VALIDATION,unité source absente,,,
MIG-0293,Li,Li,Li | Litium(mg/l),à confirmer,mg/L,,idp_2024_mesures_qualite_globale,val_qual,34,34,0,10,0,8.2000000000000007E-3,3.3740000000000001,référence ABH non disponible,référence bibliographique non confirmée,MAPPED_EXACT,UNIT_MISSING,NOT_EVALUATED,NEEDS_UNIT_VALIDATION,unité source absente,,,
MIG-0294,Nickel(mg)/l,Ni,Ni | Nickel | Nickel(mg)/l,mg,mg/L,,suivi_qualite_brg_garde_hebdo,val_qual_brg_garde_hebdo,182,22,160,0,0,0.01,0.01,référence ABH non disponible,référence bibliographique non confirmée,MAPPED_BY_METIER_VARIANT,UNIT_CONFLICT,NOT_EVALUATED,NEEDS_UNIT_VALIDATION,unités non alignées,,,
MIG-0295,Nitrates,Nitrates,Nitrates,à confirmer,mg/L,,suivi_qualite_sebou_jr,val_qual_sebou_jr,4572,4572,0,0,0,0,nan,référence ABH non disponible,référence bibliographique non confirmée,MAPPED_EXACT,UNIT_MISSING,NOT_EVALUATED,NEEDS_UNIT_VALIDATION,unité source absente,,,
MIG-0296,niv_piezometrique_m,Niveau_piezom,niv_piezometrique_m,m,m,,points_eau_abhs,niv_piezometrique_m,46,22,24,0,0,2,110,référence ABH non disponible,référence bibliographique non confirmée,MAPPED_BY_METIER_VARIANT,UNIT_OK,HORS_PERIMETRE,REJECT_FROM_MIGRATION,hors périmètre migration des mesures,,,
MIG-0297,niveau_eau_m_ngm,Niveau_eau,niveau_eau_m_ngm,à confirmer,m NGM,,mesures_niv_eau_barrages,niveau_eau_m_ngm,85166,85166,0,0,0,0,746.18,référence ABH non disponible,référence bibliographique non confirmée,MAPPED_BY_METIER_VARIANT,UNIT_MISSING,NOT_EVALUATED,NEEDS_UNIT_VALIDATION,unité source absente,,,
MIG-0298,Arsenic,As,As | Arsenic | Arsenic(mg/l),à confirmer,mg/L,,idp_2024_mesures_qualite_marche_cadre,val_qual,8,8,0,8,1,,,référence ABH non disponible,<= 0.01 mg/L,MAPPED_BY_METIER_VARIANT,UNIT_MISSING,NOT_EVALUATED,NEEDS_UNIT_VALIDATION,unité source absente,,,WHO — Arsenic fact sheet (https://www.who.int/news-room/fact-sheets/detail/arsenic)
MIG-0299,NO2-,NO2-,NO2- | NO2- _Spectro.,mg/L,mg/L,,mesures_qualite_barrages,val_qual_barr,134,134,0,0,0,0,1.952,référence ABH non disponible,<= 3 mg/L as nitrite,MAPPED_EXACT,UNIT_OK,SUSPECT_OUTLIER,OK_WITH_FLAG,migrer avec contrôle standard,,,WHO — Chemical fact sheets: Nitrate/nitrite (https://cdn.who.int/media/docs/default-source/wash-documents/water-safety-and-quality/chemical-fact-sheets-2022/nitrate-and-nitrite-fact-sheet-2022.pdf?download=true&sfvrsn=a65406e9_2)
MIG-0300,NO2-,NO2-,NO2- | NO2- _Spectro.,mg/L,mg/L,,mesures_qualite_nappes,val_qual_nap,2609,2609,0,0,1,0,85.4,référence ABH non disponible,<= 3 mg/L as nitrite,MAPPED_EXACT,UNIT_OK,SUSPECT_OUTLIER,QUARANTINE_BEFORE_MIGRATION,mettre en quarantaine,,,WHO — Chemical fact sheets: Nitrate/nitrite (https://cdn.who.int/media/docs/default-source/wash-documents/water-safety-and-quality/chemical-fact-sheets-2022/nitrate-and-nitrite-fact-sheet-2022.pdf?download=true&sfvrsn=a65406e9_2)
MIG-0301,NO2-,NO2-,NO2- | NO2- _Spectro.,mg/L,mg/L,,mesures_qualite_rivieres,val_qual_riv,1791,1791,0,0,1,0,338.267,référence ABH non disponible,<= 3 mg/L as nitrite,MAPPED_EXACT,UNIT_OK,SUSPECT_OUTLIER,QUARANTINE_BEFORE_MIGRATION,mettre en quarantaine,,,WHO — Chemical fact sheets: Nitrate/nitrite (https://cdn.who.int/media/docs/default-source/wash-documents/water-safety-and-quality/chemical-fact-sheets-2022/nitrate-and-nitrite-fact-sheet-2022.pdf?download=true&sfvrsn=a65406e9_2)
MIG-0302,NO2-,NO2-,NO2- | NO2- _Spectro.,mg/L,mg/L,,types_mesures,,1,0,0,0,0,,,référence ABH non disponible,<= 3 mg/L as nitrite,MAPPED_EXACT,UNIT_OK,VALID,OK_FOR_MIGRATION,migrer sans réserve particulière,,,WHO — Chemical fact sheets: Nitrate/nitrite (https://cdn.who.int/media/docs/default-source/wash-documents/water-safety-and-quality/chemical-fact-sheets-2022/nitrate-and-nitrite-fact-sheet-2022.pdf?download=true&sfvrsn=a65406e9_2)
MIG-0303,Cadmium,Cd,Cd | Cadmium | Cadmium(mg/l),à confirmer,mg/L,,idp_2024_mesures_qualite_marche_cadre,val_qual,8,8,0,8,1,,,référence ABH non disponible,<= 0.003 mg/L,MAPPED_BY_METIER_VARIANT,UNIT_MISSING,NOT_EVALUATED,NEEDS_UNIT_VALIDATION,unité source absente,,,WHO — Chemical fact sheets: Cadmium (https://cdn.who.int/media/docs/default-source/wash-documents/water-safety-and-quality/chemical-fact-sheets-2022/cadmium-fact-sheet-2022.pdf)
MIG-0304,Cobalt,Co,Co | Cobalt | Cobalt(mg/l)),à confirmer,mg/L,,idp_2024_mesures_qualite_marche_cadre,val_qual,8,8,0,8,0,,,référence ABH non disponible,référence bibliographique non confirmée,MAPPED_BY_METIER_VARIANT,UNIT_MISSING,NOT_EVALUATED,NEEDS_UNIT_VALIDATION,unité source absente,,,
MIG-0305,NO3-,NO3-,NO3- | NO3-(mg/l) | NO3-_Réduction Cd | NO3-_Spectro,mg/L,mg/L,,mesures_qualite_barrages,val_qual_barr,596,596,0,0,1,0,51.66,référence ABH non disponible,<= 50 mg/L as nitrate,MAPPED_EXACT,UNIT_OK,SUSPECT_OUTLIER,OK_WITH_FLAG,migrer avec flag,,,WHO — Chemical fact sheets: Nitrate/nitrite (https://cdn.who.int/media/docs/default-source/wash-documents/water-safety-and-quality/chemical-fact-sheets-2022/nitrate-and-nitrite-fact-sheet-2022.pdf?download=true&sfvrsn=a65406e9_2)
MIG-0306,NO3-,NO3-,NO3- | NO3-(mg/l) | NO3-_Réduction Cd | NO3-_Spectro,mg/L,mg/L,,mesures_qualite_nappes,val_qual_nap,2632,2632,0,0,1,0,3618,référence ABH non disponible,<= 50 mg/L as nitrate,MAPPED_EXACT,UNIT_OK,SUSPECT_OUTLIER,QUARANTINE_BEFORE_MIGRATION,mettre en quarantaine,,,WHO — Chemical fact sheets: Nitrate/nitrite (https://cdn.who.int/media/docs/default-source/wash-documents/water-safety-and-quality/chemical-fact-sheets-2022/nitrate-and-nitrite-fact-sheet-2022.pdf?download=true&sfvrsn=a65406e9_2)
MIG-0307,NO3-,NO3-,NO3- | NO3-(mg/l) | NO3-_Réduction Cd | NO3-_Spectro,mg/L,mg/L,,mesures_qualite_rivieres,val_qual_riv,1930,1930,0,0,1,0,15300,référence ABH non disponible,<= 50 mg/L as nitrate,MAPPED_EXACT,UNIT_OK,SUSPECT_OUTLIER,QUARANTINE_BEFORE_MIGRATION,mettre en quarantaine,,,WHO — Chemical fact sheets: Nitrate/nitrite (https://cdn.who.int/media/docs/default-source/wash-documents/water-safety-and-quality/chemical-fact-sheets-2022/nitrate-and-nitrite-fact-sheet-2022.pdf?download=true&sfvrsn=a65406e9_2)
MIG-0308,NO3-,NO3-,NO3- | NO3-(mg/l) | NO3-_Réduction Cd | NO3-_Spectro,mg/L,mg/L,,types_mesures,,1,0,0,0,0,,,référence ABH non disponible,<= 50 mg/L as nitrate,MAPPED_EXACT,UNIT_OK,VALID,OK_FOR_MIGRATION,migrer sans réserve particulière,,,WHO — Chemical fact sheets: Nitrate/nitrite (https://cdn.who.int/media/docs/default-source/wash-documents/water-safety-and-quality/chemical-fact-sheets-2022/nitrate-and-nitrite-fact-sheet-2022.pdf?download=true&sfvrsn=a65406e9_2)
MIG-0309,NO3-(mg/l),NO3-,NO3- | NO3-(mg/l) | NO3-_Réduction Cd | NO3-_Spectro,mg/l,mg/L,,suivi_qualite_brg_garde_hebdo,val_qual_brg_garde_hebdo,182,180,2,0,1,0.89200000000000002,81.7,référence ABH non disponible,<= 50 mg/L as nitrate,MAPPED_EXACT,UNIT_OK,SUSPECT_OUTLIER,OK_WITH_FLAG,migrer avec flag,,,WHO — Chemical fact sheets: Nitrate/nitrite (https://cdn.who.int/media/docs/default-source/wash-documents/water-safety-and-quality/chemical-fact-sheets-2022/nitrate-and-nitrite-fact-sheet-2022.pdf?download=true&sfvrsn=a65406e9_2)
MIG-0310,NO3-_Réduction Cd,NO3-,NO3- | NO3-(mg/l) | NO3-_Réduction Cd | NO3-_Spectro,à confirmer,mg/L,,idp_2024_mesures_qualite_marche_cadre,val_qual,4,4,0,0,1,5.7000000000000002E-2,3.55,référence ABH non disponible,<= 50 mg/L as nitrate,MAPPED_BY_METIER_VARIANT,UNIT_MISSING,NOT_EVALUATED,NEEDS_UNIT_VALIDATION,unité source absente,,,WHO — Chemical fact sheets: Nitrate/nitrite (https://cdn.who.int/media/docs/default-source/wash-documents/water-safety-and-quality/chemical-fact-sheets-2022/nitrate-and-nitrite-fact-sheet-2022.pdf?download=true&sfvrsn=a65406e9_2)
MIG-0311,Mercure,Hg,Hg | Mercure | Mercure(mg/l),à confirmer,mg/L,,idp_2024_mesures_qualite_marche_cadre,val_qual,8,8,0,8,0,,,référence ABH non disponible,référence bibliographique non confirmée,MAPPED_BY_METIER_VARIANT,UNIT_MISSING,NOT_EVALUATED,NEEDS_UNIT_VALIDATION,unité source absente,,,
MIG-0312,Plomb,Pb,Pb | Plomb | Plomb(mg/l),à confirmer,mg/L,,idp_2024_mesures_qualite_marche_cadre,val_qual,8,8,0,8,1,,,référence ABH non disponible,<= 0.01 mg/L,MAPPED_BY_METIER_VARIANT,UNIT_MISSING,NOT_EVALUATED,NEEDS_UNIT_VALIDATION,unité source absente,,,WHO — Chemical fact sheets: Lead (https://cdn.who.int/media/docs/default-source/wash-documents/water-safety-and-quality/chemical-fact-sheets-2022/lead-fact-sheet-2022.pdf?download=true&sfvrsn=4983142a_2)
MIG-0313,NTK,NTK,NTK | NTK Spectr | NTK Titri | Azote_tot_kjeld | Azote_tot_kjeldhal,à confirmer,mg/L,,suivi_qualite_sebou_jr,val_qual_sebou_jr,4572,4572,0,0,0,0,nan,référence ABH non disponible,référence bibliographique non confirmée,MAPPED_EXACT,UNIT_MISSING,NOT_EVALUATED,NEEDS_UNIT_VALIDATION,unité source absente,,,
MIG-0314,NTK Spectr,NTK,NTK | NTK Spectr | NTK Titri | Azote_tot_kjeld | Azote_tot_kjeldhal,à confirmer,mg/L,,idp_2024_mesures_qualite_marche_cadre,val_qual,39,39,0,0,0,0.26600000000000001,162,référence ABH non disponible,référence bibliographique non confirmée,MAPPED_BY_METIER_VARIANT,UNIT_MISSING,NOT_EVALUATED,NEEDS_UNIT_VALIDATION,unité source absente,,,
MIG-0315,NTK Titri,NTK,NTK | NTK Spectr | NTK Titri | Azote_tot_kjeld | Azote_tot_kjeldhal,à confirmer,mg/L,,idp_2024_mesures_qualite_marche_cadre,val_qual,21,21,0,0,0,16.8,162,référence ABH non disponible,référence bibliographique non confirmée,MAPPED_BY_METIER_VARIANT,UNIT_MISSING,NOT_EVALUATED,NEEDS_UNIT_VALIDATION,unité source absente,,,
MIG-0316,Numerotation_GT,Numerotation,Numerotation_GT,à confirmer,— (code),,mesures_qualite_nappes,val_qual_nap,1,1,0,0,0,110,110,référence ABH non disponible,référence bibliographique non confirmée,MAPPED_BY_METIER_VARIANT,UNIT_MISSING,NOT_EVALUATED,NEEDS_UNIT_VALIDATION,unité source absente,,,
MIG-0317,O2_diss,O2_dissous,O2_diss | o2_dissous | O2_dissous | O2dissous(mgd'O2/l),mg O2/L,mg/L,,mesures_qualite_barrages,val_qual_barr,633,633,0,0,0,0.2,921.2,référence ABH non disponible,référence bibliographique non confirmée,MAPPED_BY_METIER_VARIANT,UNIT_CONFLICT,NOT_EVALUATED,NEEDS_UNIT_VALIDATION,unités non alignées,,,
MIG-0318,O2_diss,O2_dissous,O2_diss | o2_dissous | O2_dissous | O2dissous(mgd'O2/l),mg O2/L,mg/L,,mesures_qualite_nappes,val_qual_nap,207,207,0,0,0,0,443,référence ABH non disponible,référence bibliographique non confirmée,MAPPED_BY_METIER_VARIANT,UNIT_CONFLICT,NOT_EVALUATED,NEEDS_UNIT_VALIDATION,unités non alignées,,,
MIG-0319,O2_diss,O2_dissous,O2_diss | o2_dissous | O2_dissous | O2dissous(mgd'O2/l),mg O2/L,mg/L,,mesures_qualite_rivieres,val_qual_riv,1971,1971,0,0,0,0,35,référence ABH non disponible,référence bibliographique non confirmée,MAPPED_BY_METIER_VARIANT,UNIT_CONFLICT,NOT_EVALUATED,NEEDS_UNIT_VALIDATION,unités non alignées,,,
MIG-0320,O2_diss,O2_dissous,O2_diss | o2_dissous | O2_dissous | O2dissous(mgd'O2/l),mg O2/L,mg/L,,types_mesures,,1,0,0,0,0,,,référence ABH non disponible,référence bibliographique non confirmée,MAPPED_BY_METIER_VARIANT,UNIT_CONFLICT,NOT_EVALUATED,NEEDS_UNIT_VALIDATION,unités non alignées,,,
MIG-0321,o2_dissous,O2_dissous,O2_diss | o2_dissous | O2_dissous | O2dissous(mgd'O2/l),à confirmer,mg/L,,idp_2024_src_pollution_globale,o2_dissous,243,163,80,0,0,0,10.85,référence ABH non disponible,référence bibliographique non confirmée,MAPPED_EXACT,UNIT_MISSING,NOT_EVALUATED,NEEDS_UNIT_VALIDATION,unité source absente,,,
MIG-0322,o2_dissous,O2_dissous,O2_diss | o2_dissous | O2_dissous | O2dissous(mgd'O2/l),à confirmer,mg/L,,idp_2024_src_pollution_marche_cadre,o2_dissous,148,77,71,0,0,0.61,9.8800000000000008,référence ABH non disponible,référence bibliographique non confirmée,MAPPED_EXACT,UNIT_MISSING,NOT_EVALUATED,NEEDS_UNIT_VALIDATION,unité source absente,,,
MIG-0323,O2_dissous,O2_dissous,O2_diss | o2_dissous | O2_dissous | O2dissous(mgd'O2/l),à confirmer,mg/L,,suivi_qualite_sebou_jr,val_qual_sebou_jr,4572,4572,0,0,0,0,nan,référence ABH non disponible,référence bibliographique non confirmée,MAPPED_EXACT,UNIT_MISSING,NOT_EVALUATED,NEEDS_UNIT_VALIDATION,unité source absente,,,
MIG-0324,O2dissous(mgd'O2/l),O2_dissous,O2_diss | o2_dissous | O2_dissous | O2dissous(mgd'O2/l),mgd'O2/l,mg/L,,suivi_qualite_brg_garde_hebdo,val_qual_brg_garde_hebdo,182,182,0,0,0,4.1399999999999997,16.3,référence ABH non disponible,référence bibliographique non confirmée,MAPPED_EXACT,UNIT_CONFLICT,NOT_EVALUATED,NEEDS_UNIT_VALIDATION,unités non alignées,,,
MIG-0325,Odeur,Odeur,Odeur,à confirmer,— (qualitatif),,mesures_qualite_rivieres,val_qual_riv,1,1,0,0,0,2,2,référence ABH non disponible,référence bibliographique non confirmée,MAPPED_EXACT,UNIT_MISSING,NOT_EVALUATED,NEEDS_UNIT_VALIDATION,unité source absente,,,
MIG-0326,OH,OH-,OH | OH-,mg/L,mg/L,,mesures_qualite_barrages,val_qual_barr,1,1,0,0,0,7.65,7.65,référence ABH non disponible,référence bibliographique non confirmée,MAPPED_BY_METIER_VARIANT,UNIT_OK,NO_REFERENCE,NEEDS_BIBLIO_VALIDATION,confirmer une plage de référence ou accepter sans seuil externe,,,
MIG-0327,OH,OH-,OH | OH-,mg/L,mg/L,,types_mesures,,1,0,0,0,0,,,référence ABH non disponible,référence bibliographique non confirmée,MAPPED_BY_METIER_VARIANT,UNIT_OK,NO_REFERENCE,NEEDS_BIBLIO_VALIDATION,confirmer une plage de référence ou accepter sans seuil externe,,,
MIG-0328,OH-,OH-,OH | OH-,à confirmer,mg/L,,idp_2024_mesures_qualite_marche_cadre,val_qual,89,89,0,0,0,0,0,référence ABH non disponible,référence bibliographique non confirmée,MAPPED_EXACT,UNIT_MISSING,NOT_EVALUATED,NEEDS_UNIT_VALIDATION,unité source absente,,,
MIG-0329,p_annuelle,P_annuelle,p_annuelle,à confirmer,mm/an,,mesures_precipitations_jr_max,p_annuelle,2085,1915,170,0,0,0,2871,référence ABH non disponible,référence bibliographique non confirmée,MAPPED_EXACT,UNIT_MISSING,NOT_EVALUATED,NEEDS_UNIT_VALIDATION,unité source absente,,,
MIG-0330,p_max,P_max,p_max,à confirmer,mm,,mesures_precipitations_jr_max,p_max,2085,1915,170,0,0,0,420,référence ABH non disponible,référence bibliographique non confirmée,MAPPED_EXACT,UNIT_MISSING,NOT_EVALUATED,NEEDS_UNIT_VALIDATION,unité source absente,,,
MIG-0331,Sélénium,Se,Se | Sélénium | Sélénium(mg/l),à confirmer,mg/L,,idp_2024_mesures_qualite_marche_cadre,val_qual,8,8,0,8,0,,,référence ABH non disponible,référence bibliographique non confirmée,MAPPED_BY_METIER_VARIANT,UNIT_MISSING,NOT_EVALUATED,NEEDS_UNIT_VALIDATION,unité source absente,,,
MIG-0332,Pb,Pb,Pb | Plomb | Plomb(mg/l),à confirmer,mg/L,,mesures_qualite_nappes,val_qual_nap,6,6,0,0,1,1.0999999999999999E-2,0.1,référence ABH non disponible,<= 0.01 mg/L,MAPPED_EXACT,UNIT_MISSING,NOT_EVALUATED,NEEDS_UNIT_VALIDATION,unité source absente,,,WHO — Chemical fact sheets: Lead (https://cdn.who.int/media/docs/default-source/wash-documents/water-safety-and-quality/chemical-fact-sheets-2022/lead-fact-sheet-2022.pdf?download=true&sfvrsn=4983142a_2)
MIG-0333,Pb,Pb,Pb | Plomb | Plomb(mg/l),à confirmer,mg/L,,mesures_qualite_rivieres,val_qual_riv,436,436,0,0,1,0,125,référence ABH non disponible,<= 0.01 mg/L,MAPPED_EXACT,UNIT_MISSING,NOT_EVALUATED,NEEDS_UNIT_VALIDATION,unité source absente,,,WHO — Chemical fact sheets: Lead (https://cdn.who.int/media/docs/default-source/wash-documents/water-safety-and-quality/chemical-fact-sheets-2022/lead-fact-sheet-2022.pdf?download=true&sfvrsn=4983142a_2)
MIG-0334,perimetre,Perimetre,perimetre,à confirmer,km,,bassin_sebou,perimetre,1,1,0,0,0,1063.66456726,1063.66456726,référence ABH non disponible,référence bibliographique non confirmée,MAPPED_EXACT,UNIT_MISSING,HORS_PERIMETRE,REJECT_FROM_MIGRATION,hors périmètre migration des mesures,,,
MIG-0335,ph,pH,ph | pH | pH au laboratoire,pH,— (sans unité),,idp_2024_src_pollution_globale,ph,243,201,42,0,1,6.6,9,référence ABH non disponible,6.5-8.5 pH,MAPPED_EXACT,UNIT_UNKNOWN,NOT_EVALUATED,NEEDS_UNIT_VALIDATION,référence unité métier/ABH absente,,,US EPA — Secondary Drinking Water Standards: Guidance for Nuisance Chemicals (https://www.epa.gov/sdwa/secondary-drinking-water-standards-guidance-nuisance-chemicals)
MIG-0336,ph,pH,ph | pH | pH au laboratoire,pH,— (sans unité),,idp_2024_src_pollution_marche_cadre,ph,148,127,21,0,1,6.65,8.9,référence ABH non disponible,6.5-8.5 pH,MAPPED_EXACT,UNIT_UNKNOWN,NOT_EVALUATED,NEEDS_UNIT_VALIDATION,référence unité métier/ABH absente,,,US EPA — Secondary Drinking Water Standards: Guidance for Nuisance Chemicals (https://www.epa.gov/sdwa/secondary-drinking-water-standards-guidance-nuisance-chemicals)
MIG-0337,ph,pH,ph | pH | pH au laboratoire,pH,— (sans unité),,mesures_qualite_barrages,val_qual_barr,420,420,0,0,1,6.8,660,référence ABH non disponible,6.5-8.5 pH,MAPPED_EXACT,UNIT_UNKNOWN,NOT_EVALUATED,NEEDS_UNIT_VALIDATION,référence unité métier/ABH absente,,,US EPA — Secondary Drinking Water Standards: Guidance for Nuisance Chemicals (https://www.epa.gov/sdwa/secondary-drinking-water-standards-guidance-nuisance-chemicals)
MIG-0338,ph,pH,ph | pH | pH au laboratoire,pH,— (sans unité),,mesures_qualite_nappes,val_qual_nap,2651,2651,0,0,1,2.61,22.1,référence ABH non disponible,6.5-8.5 pH,MAPPED_EXACT,UNIT_UNKNOWN,NOT_EVALUATED,NEEDS_UNIT_VALIDATION,référence unité métier/ABH absente,,,US EPA — Secondary Drinking Water Standards: Guidance for Nuisance Chemicals (https://www.epa.gov/sdwa/secondary-drinking-water-standards-guidance-nuisance-chemicals)
MIG-0339,ph,pH,ph | pH | pH au laboratoire,pH,— (sans unité),,mesures_qualite_rivieres,val_qual_riv,1994,1994,0,0,1,5.5,49.45,référence ABH non disponible,6.5-8.5 pH,MAPPED_EXACT,UNIT_UNKNOWN,NOT_EVALUATED,NEEDS_UNIT_VALIDATION,référence unité métier/ABH absente,,,US EPA — Secondary Drinking Water Standards: Guidance for Nuisance Chemicals (https://www.epa.gov/sdwa/secondary-drinking-water-standards-guidance-nuisance-chemicals)
MIG-0340,pH,pH,ph | pH | pH au laboratoire,pH,— (sans unité),,suivi_qualite_brg_garde_hebdo,val_qual_brg_garde_hebdo,182,182,0,0,1,7.3,8.8000000000000007,référence ABH non disponible,6.5-8.5 pH,MAPPED_EXACT,UNIT_UNKNOWN,NOT_EVALUATED,NEEDS_UNIT_VALIDATION,référence unité métier/ABH absente,,,US EPA — Secondary Drinking Water Standards: Guidance for Nuisance Chemicals (https://www.epa.gov/sdwa/secondary-drinking-water-standards-guidance-nuisance-chemicals)
MIG-0341,pH,pH,ph | pH | pH au laboratoire,pH,— (sans unité),,suivi_qualite_sebou_jr,val_qual_sebou_jr,4572,4572,0,0,1,0,nan,référence ABH non disponible,6.5-8.5 pH,MAPPED_EXACT,UNIT_UNKNOWN,NOT_EVALUATED,NEEDS_UNIT_VALIDATION,référence unité métier/ABH absente,,,US EPA — Secondary Drinking Water Standards: Guidance for Nuisance Chemicals (https://www.epa.gov/sdwa/secondary-drinking-water-standards-guidance-nuisance-chemicals)
MIG-0342,ph,pH,ph | pH | pH au laboratoire,pH,— (sans unité),,types_mesures,,1,0,0,0,1,,,référence ABH non disponible,6.5-8.5 pH,MAPPED_EXACT,UNIT_UNKNOWN,NOT_EVALUATED,NEEDS_UNIT_VALIDATION,référence unité métier/ABH absente,,,US EPA — Secondary Drinking Water Standards: Guidance for Nuisance Chemicals (https://www.epa.gov/sdwa/secondary-drinking-water-standards-guidance-nuisance-chemicals)
MIG-0343,Chrome,Cr,Cr | CrT | Chrome | Chrome(mg/l),à confirmer,mg/L,,idp_2024_mesures_qualite_marche_cadre,val_qual,8,8,0,7,0,8.9999999999999993E-3,8.9999999999999993E-3,référence ABH non disponible,référence bibliographique non confirmée,MAPPED_BY_METIER_VARIANT,UNIT_MISSING,NOT_EVALUATED,NEEDS_UNIT_VALIDATION,unité source absente,,,
MIG-0344,phenol,Phenol,phenol | Phenol | Phénol | Ph�nol | indice de phénol M:A | Indicedephénol(mg/l) | IP | IP(mgO2/l),à confirmer,mg/L,,mesures_qualite_barrages,val_qual_barr,2,2,0,0,0,0.02,7.09,référence ABH non disponible,référence bibliographique non confirmée,MAPPED_EXACT,UNIT_MISSING,NOT_EVALUATED,NEEDS_UNIT_VALIDATION,unité source absente,,,
MIG-0345,Phenol,Phenol,phenol | Phenol | Phénol | Ph�nol | indice de phénol M:A | Indicedephénol(mg/l) | IP | IP(mgO2/l),à confirmer,mg/L,,suivi_qualite_sebou_jr,val_qual_sebou_jr,4572,4572,0,0,0,0,nan,référence ABH non disponible,référence bibliographique non confirmée,MAPPED_EXACT,UNIT_MISSING,NOT_EVALUATED,NEEDS_UNIT_VALIDATION,unité source absente,,,
MIG-0346,Nickel,Ni,Ni | Nickel | Nickel(mg)/l,à confirmer,mg/L,,idp_2024_mesures_qualite_marche_cadre,val_qual,8,8,0,7,0,2.1999999999999999E-2,2.1999999999999999E-2,référence ABH non disponible,référence bibliographique non confirmée,MAPPED_BY_METIER_VARIANT,UNIT_MISSING,NOT_EVALUATED,NEEDS_UNIT_VALIDATION,unité source absente,,,
MIG-0347,Phénol,Phenol,phenol | Phenol | Phénol | Ph�nol | indice de phénol M:A | Indicedephénol(mg/l) | IP | IP(mgO2/l),mg/L,mg/L,,types_mesures,,1,0,0,0,0,,,référence ABH non disponible,référence bibliographique non confirmée,MAPPED_EXACT,UNIT_OK,NO_REFERENCE,NEEDS_BIBLIO_VALIDATION,confirmer une plage de référence ou accepter sans seuil externe,,,
MIG-0348,Pheopigment,Pheopigment,Pheopigment,µg/L,µg/L,,mesures_qualite_barrages,val_qual_barr,37,37,0,0,0,1E-4,31.87,référence ABH non disponible,référence bibliographique non confirmée,MAPPED_EXACT,UNIT_OK,NO_REFERENCE,NEEDS_BIBLIO_VALIDATION,confirmer une plage de référence ou accepter sans seuil externe,,,
MIG-0349,Pheopigment,Pheopigment,Pheopigment,µg/L,µg/L,,mesures_qualite_rivieres,val_qual_riv,17,17,0,0,0,0,4.1399999999999997,référence ABH non disponible,référence bibliographique non confirmée,MAPPED_EXACT,UNIT_OK,NO_REFERENCE,NEEDS_BIBLIO_VALIDATION,confirmer une plage de référence ou accepter sans seuil externe,,,
MIG-0350,Pheopigment,Pheopigment,Pheopigment,µg/L,µg/L,,types_mesures,,1,0,0,0,0,,,référence ABH non disponible,référence bibliographique non confirmée,MAPPED_EXACT,UNIT_OK,NO_REFERENCE,NEEDS_BIBLIO_VALIDATION,confirmer une plage de référence ou accepter sans seuil externe,,,
MIG-0351,Ph�nol,Phenol,phenol | Phenol | Phénol | Ph�nol | indice de phénol M:A | Indicedephénol(mg/l) | IP | IP(mgO2/l),pH,mg/L,,mesures_qualite_nappes,val_qual_nap,5,5,0,0,0,0,0.04,référence ABH non disponible,référence bibliographique non confirmée,MAPPED_BY_METIER_VARIANT,UNIT_CONFLICT,NOT_EVALUATED,NEEDS_UNIT_VALIDATION,unités non alignées,,,
MIG-0352,Ph�nol,Phenol,phenol | Phenol | Phénol | Ph�nol | indice de phénol M:A | Indicedephénol(mg/l) | IP | IP(mgO2/l),pH,mg/L,,mesures_qualite_rivieres,val_qual_riv,682,682,0,0,0,0,50.024999999999999,référence ABH non disponible,référence bibliographique non confirmée,MAPPED_BY_METIER_VARIANT,UNIT_CONFLICT,NOT_EVALUATED,NEEDS_UNIT_VALIDATION,unités non alignées,,,
MIG-0353,Phosphore total,PT,PT | PT  décant. 2h | PT DECANTE | PT(mgP/l) | Phosphore total | Phosphore_Total,à confirmer,mg/L,,mesures_qualite_rivieres,val_qual_riv,1972,1972,0,0,0,5.0000000000000001E-3,125,référence ABH non disponible,référence bibliographique non confirmée,MAPPED_BY_METIER_VARIANT,UNIT_MISSING,NOT_EVALUATED,NEEDS_UNIT_VALIDATION,unité source absente,,,
MIG-0354,Phosphore_Total,PT,PT | PT  décant. 2h | PT DECANTE | PT(mgP/l) | Phosphore total | Phosphore_Total,mg/L,mg/L,,mesures_qualite_barrages,val_qual_barr,591,591,0,0,0,7.0000000000000001E-3,164,référence ABH non disponible,référence bibliographique non confirmée,MAPPED_BY_METIER_VARIANT,UNIT_OK,NO_REFERENCE,NEEDS_BIBLIO_VALIDATION,confirmer une plage de référence ou accepter sans seuil externe,,,
MIG-0355,Phosphore_Total,PT,PT | PT  décant. 2h | PT DECANTE | PT(mgP/l) | Phosphore total | Phosphore_Total,mg/L,mg/L,,mesures_qualite_nappes,val_qual_nap,39,39,0,0,0,0.02,3.66,référence ABH non disponible,référence bibliographique non confirmée,MAPPED_BY_METIER_VARIANT,UNIT_OK,NO_REFERENCE,NEEDS_BIBLIO_VALIDATION,confirmer une plage de référence ou accepter sans seuil externe,,,
MIG-0356,Phosphore_Total,PT,PT | PT  décant. 2h | PT DECANTE | PT(mgP/l) | Phosphore total | Phosphore_Total,mg/L,mg/L,,types_mesures,,1,0,0,0,0,,,référence ABH non disponible,référence bibliographique non confirmée,MAPPED_BY_METIER_VARIANT,UNIT_OK,NO_REFERENCE,NEEDS_BIBLIO_VALIDATION,confirmer une plage de référence ou accepter sans seuil externe,,,
MIG-0357,Chl a,Chla,Chl | Chl a | Chl.A(µg/l) | Chla,à confirmer,µg/L,,idp_2024_mesures_qualite_marche_cadre,val_qual,38,38,0,6,0,0.54,459,référence ABH non disponible,référence bibliographique non confirmée,MAPPED_EXACT,UNIT_MISSING,NOT_EVALUATED,NEEDS_UNIT_VALIDATION,unité source absente,,,
MIG-0358,Plomb(mg/l),Pb,Pb | Plomb | Plomb(mg/l),mg/l,mg/L,,suivi_qualite_brg_garde_hebdo,val_qual_brg_garde_hebdo,182,22,160,0,0,5.0000000000000001E-3,5.0000000000000001E-3,référence ABH non disponible,<= 0.01 mg/L,MAPPED_BY_METIER_VARIANT,UNIT_OK,SUSPECT_OUTLIER,OK_WITH_FLAG,migrer avec contrôle standard,,,WHO — Chemical fact sheets: Lead (https://cdn.who.int/media/docs/default-source/wash-documents/water-safety-and-quality/chemical-fact-sheets-2022/lead-fact-sheet-2022.pdf?download=true&sfvrsn=4983142a_2)
MIG-0359,PO3,PO4³-,PO3 | PO4 3- | PO43- | PO43-(mgP/l),à confirmer,mg/L,,mesures_qualite_rivieres,val_qual_riv,1,1,0,0,0,0.13,0.13,référence ABH non disponible,référence bibliographique non confirmée,MAPPED_BY_METIER_VARIANT,UNIT_MISSING,NOT_EVALUATED,NEEDS_UNIT_VALIDATION,unité source absente,,,
MIG-0360,PO4 3-,PO4³-,PO3 | PO4 3- | PO43- | PO43-(mgP/l),mg/L,mg/L,,mesures_qualite_barrages,val_qual_barr,389,389,0,0,0,0,143,référence ABH non disponible,référence bibliographique non confirmée,MAPPED_EXACT,UNIT_OK,NO_REFERENCE,NEEDS_BIBLIO_VALIDATION,confirmer une plage de référence ou accepter sans seuil externe,,,
MIG-0361,PO4 3-,PO4³-,PO3 | PO4 3- | PO43- | PO43-(mgP/l),mg/L,mg/L,,mesures_qualite_nappes,val_qual_nap,40,40,0,0,0,0,191,référence ABH non disponible,référence bibliographique non confirmée,MAPPED_EXACT,UNIT_OK,NO_REFERENCE,NEEDS_BIBLIO_VALIDATION,confirmer une plage de référence ou accepter sans seuil externe,,,
MIG-0362,PO4 3-,PO4³-,PO3 | PO4 3- | PO43- | PO43-(mgP/l),mg/L,mg/L,,mesures_qualite_rivieres,val_qual_riv,1891,1891,0,0,0,0,156.953,référence ABH non disponible,référence bibliographique non confirmée,MAPPED_EXACT,UNIT_OK,NO_REFERENCE,NEEDS_BIBLIO_VALIDATION,confirmer une plage de référence ou accepter sans seuil externe,,,
MIG-0363,PO4 3-,PO4³-,PO3 | PO4 3- | PO43- | PO43-(mgP/l),mg/L,mg/L,,types_mesures,,1,0,0,0,0,,,référence ABH non disponible,référence bibliographique non confirmée,MAPPED_EXACT,UNIT_OK,NO_REFERENCE,NEEDS_BIBLIO_VALIDATION,confirmer une plage de référence ou accepter sans seuil externe,,,
MIG-0364,NO3-_Spectro,NO3-,NO3- | NO3-(mg/l) | NO3-_Réduction Cd | NO3-_Spectro,à confirmer,mg/L,,idp_2024_mesures_qualite_marche_cadre,val_qual,127,127,0,6,1,5.7000000000000002E-2,207,référence ABH non disponible,<= 50 mg/L as nitrate,MAPPED_BY_METIER_VARIANT,UNIT_MISSING,NOT_EVALUATED,NEEDS_UNIT_VALIDATION,unité source absente,,,WHO — Chemical fact sheets: Nitrate/nitrite (https://cdn.who.int/media/docs/default-source/wash-documents/water-safety-and-quality/chemical-fact-sheets-2022/nitrate-and-nitrite-fact-sheet-2022.pdf?download=true&sfvrsn=a65406e9_2)
MIG-0365,DBO5,DBO5,DBO5 | DBO5_dec2h,mg O2/L,mg/L,,idp_2024_mesures_qualite_globale,val_qual,163,163,0,5,0,0.51249999999999996,17450.57,référence ABH non disponible,référence bibliographique non confirmée,MAPPED_EXACT,UNIT_CONFLICT,NOT_EVALUATED,NEEDS_UNIT_VALIDATION,unités non alignées,,,
MIG-0366,PO43-(mgP/l),PO4³-,PO3 | PO4 3- | PO43- | PO43-(mgP/l),mgP/l,mg/L,,suivi_qualite_brg_garde_hebdo,val_qual_brg_garde_hebdo,182,182,0,0,0,0.02,0.32,référence ABH non disponible,référence bibliographique non confirmée,MAPPED_EXACT,UNIT_CONFLICT,NOT_EVALUATED,NEEDS_UNIT_VALIDATION,unités non alignées,,,
MIG-0367,precipitation_jr,Precip_jr,precipitation_jr,à confirmer,mm/jour,,mesures_precipitations_jr,precipitation_jr,669880,507930,161950,0,0,0,420,référence ABH non disponible,référence bibliographique non confirmée,MAPPED_BY_METIER_VARIANT,UNIT_MISSING,NOT_EVALUATED,NEEDS_UNIT_VALIDATION,unité source absente,,,
MIG-0368,profond_tot_m,Profondeur,profond_tot_m | Profondeur,m,m,,points_eau_abhs,profond_tot_m,46,28,18,0,0,5,625,référence ABH non disponible,référence bibliographique non confirmée,MAPPED_BY_METIER_VARIANT,UNIT_OK,HORS_PERIMETRE,REJECT_FROM_MIGRATION,hors périmètre migration des mesures,,,
MIG-0369,Profondeur,Profondeur,profond_tot_m | Profondeur,m,m,,mesures_qualite_barrages,val_qual_barr,13,13,0,0,0,0,55,référence ABH non disponible,référence bibliographique non confirmée,MAPPED_EXACT,UNIT_OK,NO_REFERENCE,NEEDS_BIBLIO_VALIDATION,confirmer une plage de référence ou accepter sans seuil externe,,,
MIG-0370,Profondeur,Profondeur,profond_tot_m | Profondeur,m,m,,mesures_qualite_nappes,val_qual_nap,2,2,0,0,0,2,2,référence ABH non disponible,référence bibliographique non confirmée,MAPPED_EXACT,UNIT_OK,NO_REFERENCE,NEEDS_BIBLIO_VALIDATION,confirmer une plage de référence ou accepter sans seuil externe,,,
MIG-0371,Profondeur,Profondeur,profond_tot_m | Profondeur,m,m,,mesures_qualite_rivieres,val_qual_riv,108,108,0,0,0,0,80,référence ABH non disponible,référence bibliographique non confirmée,MAPPED_EXACT,UNIT_OK,NO_REFERENCE,NEEDS_BIBLIO_VALIDATION,confirmer une plage de référence ou accepter sans seuil externe,,,
MIG-0372,Profondeur,Profondeur,profond_tot_m | Profondeur,m,m,,types_mesures,,1,0,0,0,0,,,référence ABH non disponible,référence bibliographique non confirmée,MAPPED_EXACT,UNIT_OK,NO_REFERENCE,NEEDS_BIBLIO_VALIDATION,confirmer une plage de référence ou accepter sans seuil externe,,,
MIG-0373,Pseudo_aer,Pseudo_aer,Pseudo_aer,à confirmer,UFC/100 mL,,mesures_qualite_rivieres,val_qual_riv,2,2,0,0,0,0,0,référence ABH non disponible,référence bibliographique non confirmée,MAPPED_EXACT,UNIT_MISSING,NOT_EVALUATED,NEEDS_UNIT_VALIDATION,unité source absente,,,
MIG-0374,DCO,DCO,DCO | DCO  2h décant. | DCO  D   2h | DCO_dec2h,mg O2/L,mg/L,,idp_2024_mesures_qualite_marche_cadre,val_qual,35,35,0,5,0,11.5,1121,référence ABH non disponible,référence bibliographique non confirmée,MAPPED_EXACT,UNIT_CONFLICT,NOT_EVALUATED,NEEDS_UNIT_VALIDATION,unités non alignées,,,
MIG-0375,Cuivre,Cu,Cu | Cuivre | Cuivre(mg/l),à confirmer,mg/L,,idp_2024_mesures_qualite_marche_cadre,val_qual,8,8,0,4,0,5.5999999999999999E-3,1.7100000000000001E-2,référence ABH non disponible,référence bibliographique non confirmée,MAPPED_BY_METIER_VARIANT,UNIT_MISSING,NOT_EVALUATED,NEEDS_UNIT_VALIDATION,unité source absente,,,
MIG-0376,PT  décant. 2h,PT,PT | PT  décant. 2h | PT DECANTE | PT(mgP/l) | Phosphore total | Phosphore_Total,à confirmer,mg/L,,idp_2024_mesures_qualite_marche_cadre,val_qual,4,4,0,0,0,0.29199999999999998,3.84,référence ABH non disponible,référence bibliographique non confirmée,MAPPED_BY_METIER_VARIANT,UNIT_MISSING,NOT_EVALUATED,NEEDS_UNIT_VALIDATION,unité source absente,,,
MIG-0377,PT DECANTE,PT,PT | PT  décant. 2h | PT DECANTE | PT(mgP/l) | Phosphore total | Phosphore_Total,à confirmer,mg/L,,idp_2024_mesures_qualite_marche_cadre,val_qual,4,0,4,0,0,,,référence ABH non disponible,référence bibliographique non confirmée,MAPPED_BY_METIER_VARIANT,UNIT_MISSING,NOT_EVALUATED,NEEDS_UNIT_VALIDATION,unité source absente,,,
MIG-0378,PT(mgP/l),PT,PT | PT  décant. 2h | PT DECANTE | PT(mgP/l) | Phosphore total | Phosphore_Total,mgP/l,mg/L,,suivi_qualite_brg_garde_hebdo,val_qual_brg_garde_hebdo,182,178,4,0,0,0.05,0.69099999999999995,référence ABH non disponible,référence bibliographique non confirmée,MAPPED_EXACT,UNIT_CONFLICT,NOT_EVALUATED,NEEDS_UNIT_VALIDATION,unités non alignées,,,
MIG-0379,PTD,PTD,PTD,mg/L,mg/L,,mesures_qualite_barrages,val_qual_barr,15,15,0,0,0,0.08,80.7,référence ABH non disponible,référence bibliographique non confirmée,MAPPED_EXACT,UNIT_OK,NO_REFERENCE,NEEDS_BIBLIO_VALIDATION,confirmer une plage de référence ou accepter sans seuil externe,,,
MIG-0380,PTD,PTD,PTD,mg/L,mg/L,,mesures_qualite_nappes,val_qual_nap,73,73,0,0,0,6,88,référence ABH non disponible,référence bibliographique non confirmée,MAPPED_EXACT,UNIT_OK,NO_REFERENCE,NEEDS_BIBLIO_VALIDATION,confirmer une plage de référence ou accepter sans seuil externe,,,
MIG-0381,PTD,PTD,PTD,mg/L,mg/L,,mesures_qualite_rivieres,val_qual_riv,48,48,0,0,0,13,29.8,référence ABH non disponible,référence bibliographique non confirmée,MAPPED_EXACT,UNIT_OK,NO_REFERENCE,NEEDS_BIBLIO_VALIDATION,confirmer une plage de référence ou accepter sans seuil externe,,,
MIG-0382,PTD,PTD,PTD,mg/L,mg/L,,types_mesures,,1,0,0,0,0,,,référence ABH non disponible,référence bibliographique non confirmée,MAPPED_EXACT,UNIT_OK,NO_REFERENCE,NEEDS_BIBLIO_VALIDATION,confirmer une plage de référence ou accepter sans seuil externe,,,
MIG-0383,PTP,PTP,PTP,mg/L,mg/L,,mesures_qualite_barrages,val_qual_barr,15,15,0,0,0,0.03,80.7,référence ABH non disponible,référence bibliographique non confirmée,MAPPED_EXACT,UNIT_OK,NO_REFERENCE,NEEDS_BIBLIO_VALIDATION,confirmer une plage de référence ou accepter sans seuil externe,,,
MIG-0384,PTP,PTP,PTP,mg/L,mg/L,,mesures_qualite_nappes,val_qual_nap,73,73,0,0,0,6,88,référence ABH non disponible,référence bibliographique non confirmée,MAPPED_EXACT,UNIT_OK,NO_REFERENCE,NEEDS_BIBLIO_VALIDATION,confirmer une plage de référence ou accepter sans seuil externe,,,
MIG-0385,PTP,PTP,PTP,mg/L,mg/L,,mesures_qualite_rivieres,val_qual_riv,48,48,0,0,0,13,29.8,référence ABH non disponible,référence bibliographique non confirmée,MAPPED_EXACT,UNIT_OK,NO_REFERENCE,NEEDS_BIBLIO_VALIDATION,confirmer une plage de référence ou accepter sans seuil externe,,,
MIG-0386,PTP,PTP,PTP,mg/L,mg/L,,types_mesures,,1,0,0,0,0,,,référence ABH non disponible,référence bibliographique non confirmée,MAPPED_EXACT,UNIT_OK,NO_REFERENCE,NEEDS_BIBLIO_VALIDATION,confirmer une plage de référence ou accepter sans seuil externe,,,
MIG-0387,quantite_t_j,Quantite_tj,quantite_t_j,à confirmer,t/jour,,decharges_abhs,quantite_t_j,233,159,74,0,0,0.02,560,référence ABH non disponible,référence bibliographique non confirmée,MAPPED_EXACT,UNIT_MISSING,NOT_EVALUATED,NEEDS_UNIT_VALIDATION,unité source absente,,,
MIG-0388,restitutions_mm3,Restitution,restitutions_mm3,Mm3,Mm³,,mesures_niv_eau_barrages,restitutions_mm3,85166,85165,1,0,0,0,290.4521378,référence ABH non disponible,référence bibliographique non confirmée,MAPPED_BY_METIER_VARIANT,UNIT_OK,NO_REFERENCE,NEEDS_BIBLIO_VALIDATION,confirmer une plage de référence ou accepter sans seuil externe,,,
MIG-0389,RS  mesuré,RS105,RS  mesuré | RS  mesuré_à 105 °C | RS105,à confirmer,mg/L,,idp_2024_mesures_qualite_globale,val_qual,24,24,0,0,0,252,4171,référence ABH non disponible,référence bibliographique non confirmée,MAPPED_BY_METIER_VARIANT,UNIT_MISSING,NOT_EVALUATED,NEEDS_UNIT_VALIDATION,unité source absente,,,
MIG-0390,RS  mesuré_à 105 °C,RS105,RS  mesuré | RS  mesuré_à 105 °C | RS105,°C,mg/L,,idp_2024_mesures_qualite_marche_cadre,val_qual,50,50,0,0,0,168,3596,référence ABH non disponible,référence bibliographique non confirmée,MAPPED_BY_METIER_VARIANT,UNIT_CONFLICT,NOT_EVALUATED,NEEDS_UNIT_VALIDATION,unités non alignées,,,
MIG-0391,RS105,RS105,RS  mesuré | RS  mesuré_à 105 °C | RS105,à confirmer,mg/L,,mesures_qualite_barrages,val_qual_barr,1,1,0,0,0,300,300,référence ABH non disponible,référence bibliographique non confirmée,MAPPED_EXACT,UNIT_MISSING,NOT_EVALUATED,NEEDS_UNIT_VALIDATION,unité source absente,,,
MIG-0392,RS105,RS105,RS  mesuré | RS  mesuré_à 105 °C | RS105,à confirmer,mg/L,,mesures_qualite_nappes,val_qual_nap,2203,2203,0,0,0,27.5,31900,référence ABH non disponible,référence bibliographique non confirmée,MAPPED_EXACT,UNIT_MISSING,NOT_EVALUATED,NEEDS_UNIT_VALIDATION,unité source absente,,,
MIG-0393,RS105,RS105,RS  mesuré | RS  mesuré_à 105 °C | RS105,à confirmer,mg/L,,mesures_qualite_rivieres,val_qual_riv,39,39,0,0,0,0,1988,référence ABH non disponible,référence bibliographique non confirmée,MAPPED_EXACT,UNIT_MISSING,NOT_EVALUATED,NEEDS_UNIT_VALIDATION,unité source absente,,,
MIG-0394,RS105,RS105,RS  mesuré | RS  mesuré_à 105 °C | RS105,à confirmer,mg/L,,types_mesures,,1,0,0,0,0,,,référence ABH non disponible,référence bibliographique non confirmée,MAPPED_EXACT,UNIT_MISSING,NOT_EVALUATED,NEEDS_UNIT_VALIDATION,unité source absente,,,
MIG-0395,RS185,RS185,RS185,à confirmer,mg/L,,mesures_qualite_nappes,val_qual_nap,7,7,0,0,0,147,2024,référence ABH non disponible,référence bibliographique non confirmée,MAPPED_EXACT,UNIT_MISSING,NOT_EVALUATED,NEEDS_UNIT_VALIDATION,unité source absente,,,
MIG-0396,RS185,RS185,RS185,à confirmer,mg/L,,mesures_qualite_rivieres,val_qual_riv,2,2,0,0,0,0,0,référence ABH non disponible,référence bibliographique non confirmée,MAPPED_EXACT,UNIT_MISSING,NOT_EVALUATED,NEEDS_UNIT_VALIDATION,unité source absente,,,
MIG-0397,S,S²-,S | S2,mg/L,mg/L,,mesures_qualite_barrages,val_qual_barr,1,1,0,0,0,2.5999999999999999E-2,2.5999999999999999E-2,référence ABH non disponible,référence bibliographique non confirmée,MAPPED_BY_METIER_VARIANT,UNIT_OK,NO_REFERENCE,NEEDS_BIBLIO_VALIDATION,confirmer une plage de référence ou accepter sans seuil externe,,,
MIG-0398,S,S²-,S | S2,mg/L,mg/L,,mesures_qualite_nappes,val_qual_nap,4,4,0,0,0,3.8,29.6,référence ABH non disponible,référence bibliographique non confirmée,MAPPED_BY_METIER_VARIANT,UNIT_OK,NO_REFERENCE,NEEDS_BIBLIO_VALIDATION,confirmer une plage de référence ou accepter sans seuil externe,,,
MIG-0399,S,S²-,S | S2,mg/L,mg/L,,mesures_qualite_rivieres,val_qual_riv,4,4,0,0,0,0,0.96,référence ABH non disponible,référence bibliographique non confirmée,MAPPED_BY_METIER_VARIANT,UNIT_OK,NO_REFERENCE,NEEDS_BIBLIO_VALIDATION,confirmer une plage de référence ou accepter sans seuil externe,,,
MIG-0400,S,S²-,S | S2,mg/L,mg/L,,types_mesures,,1,0,0,0,0,,,référence ABH non disponible,référence bibliographique non confirmée,MAPPED_BY_METIER_VARIANT,UNIT_OK,NO_REFERENCE,NEEDS_BIBLIO_VALIDATION,confirmer une plage de référence ou accepter sans seuil externe,,,
MIG-0401,S2,S²-,S | S2,mg/L,mg/L,,mesures_qualite_barrages,val_qual_barr,2,2,0,0,0,0,2.5999999999999999E-2,référence ABH non disponible,référence bibliographique non confirmée,MAPPED_BY_METIER_VARIANT,UNIT_OK,NO_REFERENCE,NEEDS_BIBLIO_VALIDATION,confirmer une plage de référence ou accepter sans seuil externe,,,
MIG-0402,S2,S²-,S | S2,mg/L,mg/L,,mesures_qualite_nappes,val_qual_nap,16,16,0,0,0,0.2,0.42,référence ABH non disponible,référence bibliographique non confirmée,MAPPED_BY_METIER_VARIANT,UNIT_OK,NO_REFERENCE,NEEDS_BIBLIO_VALIDATION,confirmer une plage de référence ou accepter sans seuil externe,,,
MIG-0403,S2,S²-,S | S2,mg/L,mg/L,,mesures_qualite_rivieres,val_qual_riv,2,2,0,0,0,0,0.30599999999999999,référence ABH non disponible,référence bibliographique non confirmée,MAPPED_BY_METIER_VARIANT,UNIT_OK,NO_REFERENCE,NEEDS_BIBLIO_VALIDATION,confirmer une plage de référence ou accepter sans seuil externe,,,
MIG-0404,S2,S²-,S | S2,mg/L,mg/L,,types_mesures,,1,0,0,0,0,,,référence ABH non disponible,référence bibliographique non confirmée,MAPPED_BY_METIER_VARIANT,UNIT_OK,NO_REFERENCE,NEEDS_BIBLIO_VALIDATION,confirmer une plage de référence ou accepter sans seuil externe,,,
MIG-0405,sat,sat,sat,%,%,,mesures_qualite_barrages,val_qual_barr,128,128,0,0,0,3,941.2,référence ABH non disponible,référence bibliographique non confirmée,MAPPED_EXACT,UNIT_OK,NO_REFERENCE,NEEDS_BIBLIO_VALIDATION,confirmer une plage de référence ou accepter sans seuil externe,,,
MIG-0406,sat,sat,sat,%,%,,mesures_qualite_nappes,val_qual_nap,18,18,0,0,0,0,111.8,référence ABH non disponible,référence bibliographique non confirmée,MAPPED_EXACT,UNIT_OK,NO_REFERENCE,NEEDS_BIBLIO_VALIDATION,confirmer une plage de référence ou accepter sans seuil externe,,,
MIG-0407,sat,sat,sat,%,%,,mesures_qualite_rivieres,val_qual_riv,1074,1074,0,0,0,0,930,référence ABH non disponible,référence bibliographique non confirmée,MAPPED_EXACT,UNIT_OK,NO_REFERENCE,NEEDS_BIBLIO_VALIDATION,confirmer une plage de référence ou accepter sans seuil externe,,,
MIG-0408,sat,sat,sat,%,%,,types_mesures,,1,0,0,0,0,,,référence ABH non disponible,référence bibliographique non confirmée,MAPPED_EXACT,UNIT_OK,NO_REFERENCE,NEEDS_BIBLIO_VALIDATION,confirmer une plage de référence ou accepter sans seuil externe,,,
MIG-0409,Saveur,Saveur,Saveur,à confirmer,— (qualitatif),,mesures_qualite_rivieres,val_qual_riv,1,1,0,0,0,13,13,référence ABH non disponible,référence bibliographique non confirmée,MAPPED_EXACT,UNIT_MISSING,NOT_EVALUATED,NEEDS_UNIT_VALIDATION,unité source absente,,,
MIG-0410,pH au laboratoire,pH,ph | pH | pH au laboratoire,pH,— (sans unité),,idp_2024_mesures_qualite_marche_cadre,val_qual,7,4,3,4,1,,,référence ABH non disponible,6.5-8.5 pH,MAPPED_BY_METIER_VARIANT,UNIT_UNKNOWN,NOT_EVALUATED,NEEDS_UNIT_VALIDATION,référence unité métier/ABH absente,,,US EPA — Secondary Drinking Water Standards: Guidance for Nuisance Chemicals (https://www.epa.gov/sdwa/secondary-drinking-water-standards-guidance-nuisance-chemicals)
MIG-0411,Sb,Sb,Sb,à confirmer,mg/L,,mesures_qualite_rivieres,val_qual_riv,3,3,0,0,0,0,7.5999999999999998E-2,référence ABH non disponible,référence bibliographique non confirmée,MAPPED_EXACT,UNIT_MISSING,NOT_EVALUATED,NEEDS_UNIT_VALIDATION,unité source absente,,,
MIG-0412,Zinc,Zn,Zn | Zinc | Zinc(mg/l),à confirmer,mg/L,,idp_2024_mesures_qualite_marche_cadre,val_qual,8,8,0,4,0,1.54E-2,5.0099999999999999E-2,référence ABH non disponible,référence bibliographique non confirmée,MAPPED_BY_METIER_VARIANT,UNIT_MISSING,NOT_EVALUATED,NEEDS_UNIT_VALIDATION,unité source absente,,,
MIG-0413,Se,Se,Se | Sélénium | Sélénium(mg/l),à confirmer,mg/L,,mesures_qualite_nappes,val_qual_nap,5,5,0,0,0,7.0000000000000001E-3,0.05,référence ABH non disponible,référence bibliographique non confirmée,MAPPED_EXACT,UNIT_MISSING,NOT_EVALUATED,NEEDS_UNIT_VALIDATION,unité source absente,,,
MIG-0414,Se,Se,Se | Sélénium | Sélénium(mg/l),à confirmer,mg/L,,mesures_qualite_rivieres,val_qual_riv,434,434,0,0,0,0,50.03,référence ABH non disponible,référence bibliographique non confirmée,MAPPED_EXACT,UNIT_MISSING,NOT_EVALUATED,NEEDS_UNIT_VALIDATION,unité source absente,,,
MIG-0415,MES,MES,MES | MEST Filtr | MEST(mg/l),mg/L,mg/L,,idp_2024_mesures_qualite_globale,val_qual,163,163,0,3,0,7.3684210529999996,24008,référence ABH non disponible,référence bibliographique non confirmée,MAPPED_EXACT,UNIT_OK,FLAG_REQUIRED,OK_WITH_FLAG,appliquer règle de parsing + flag,,,
MIG-0416,Sélénium(mg/l),Se,Se | Sélénium | Sélénium(mg/l),mg/l,mg/L,,suivi_qualite_brg_garde_hebdo,val_qual_brg_garde_hebdo,182,22,160,0,0,5.0000000000000001E-3,5.0000000000000001E-3,référence ABH non disponible,référence bibliographique non confirmée,MAPPED_BY_METIER_VARIANT,UNIT_OK,NO_REFERENCE,NEEDS_BIBLIO_VALIDATION,confirmer une plage de référence ou accepter sans seuil externe,,,
MIG-0417,Mn,Mn,Mn | Mn5 | Manganèse(mg/l),mg/L,mg/L,,idp_2024_mesures_qualite_marche_cadre,val_qual,2,2,0,2,0,,,référence ABH non disponible,<= 0.08 ; frais typiques 0.001-0.2 mg/L,MAPPED_EXACT,UNIT_OK,FLAG_REQUIRED,OK_WITH_FLAG,appliquer règle de parsing + flag,,,WHO — Manganese fact sheet 2022 (https://cdn.who.int/media/docs/default-source/wash-documents/water-safety-and-quality/chemical-fact-sheets-2022/manganese-fact-sheet-2022.pdf)
MIG-0418,Tl,Tl,Tl,à confirmer,mg/L,,idp_2024_mesures_qualite_globale,val_qual,14,14,0,2,0,1.4E-2,0.11269999999999999,référence ABH non disponible,référence bibliographique non confirmée,MAPPED_EXACT,UNIT_MISSING,NOT_EVALUATED,NEEDS_UNIT_VALIDATION,unité source absente,,,
MIG-0419,SF,SF,SF,g/L,UFC/100 mL,,mesures_qualite_barrages,val_qual_barr,134,134,0,0,0,0,89000,référence ABH non disponible,référence bibliographique non confirmée,MAPPED_EXACT,UNIT_CONFLICT,NOT_EVALUATED,NEEDS_UNIT_VALIDATION,unités non alignées,,,
MIG-0420,SF,SF,SF,g/L,UFC/100 mL,,mesures_qualite_nappes,val_qual_nap,2640,2640,0,0,0,0,1600000,référence ABH non disponible,référence bibliographique non confirmée,MAPPED_EXACT,UNIT_CONFLICT,NOT_EVALUATED,NEEDS_UNIT_VALIDATION,unités non alignées,,,
MIG-0421,SF,SF,SF,g/L,UFC/100 mL,,mesures_qualite_rivieres,val_qual_riv,1879,1879,0,0,0,0,100000000,référence ABH non disponible,référence bibliographique non confirmée,MAPPED_EXACT,UNIT_CONFLICT,NOT_EVALUATED,NEEDS_UNIT_VALIDATION,unités non alignées,,,
MIG-0422,SF,SF,SF,g/L,UFC/100 mL,,types_mesures,,1,0,0,0,0,,,référence ABH non disponible,référence bibliographique non confirmée,MAPPED_EXACT,UNIT_CONFLICT,NOT_EVALUATED,NEEDS_UNIT_VALIDATION,unités non alignées,,,
MIG-0423,SiO2(mg/l),SiO2,SiO2(mg/l),mg/l,mg/L,,suivi_qualite_brg_garde_hebdo,val_qual_brg_garde_hebdo,182,22,160,0,0,0.70899999999999996,7.99,référence ABH non disponible,référence bibliographique non confirmée,MAPPED_EXACT,UNIT_OK,NO_REFERENCE,NEEDS_BIBLIO_VALIDATION,confirmer une plage de référence ou accepter sans seuil externe,,,
MIG-0424,SiO3,SiO3,SiO3,mg/L,mg/L,,mesures_qualite_barrages,val_qual_barr,37,37,0,0,0,0.5,30.06,référence ABH non disponible,référence bibliographique non confirmée,MAPPED_EXACT,UNIT_OK,NO_REFERENCE,NEEDS_BIBLIO_VALIDATION,confirmer une plage de référence ou accepter sans seuil externe,,,
MIG-0425,SiO3,SiO3,SiO3,mg/L,mg/L,,mesures_qualite_nappes,val_qual_nap,3,3,0,0,0,16.05,36.200000000000003,référence ABH non disponible,référence bibliographique non confirmée,MAPPED_EXACT,UNIT_OK,NO_REFERENCE,NEEDS_BIBLIO_VALIDATION,confirmer une plage de référence ou accepter sans seuil externe,,,
MIG-0426,SiO3,SiO3,SiO3,mg/L,mg/L,,mesures_qualite_rivieres,val_qual_riv,150,150,0,0,0,0,27.85,référence ABH non disponible,référence bibliographique non confirmée,MAPPED_EXACT,UNIT_OK,NO_REFERENCE,NEEDS_BIBLIO_VALIDATION,confirmer une plage de référence ou accepter sans seuil externe,,,
MIG-0427,SiO3,SiO3,SiO3,mg/L,mg/L,,types_mesures,,1,0,0,0,0,,,référence ABH non disponible,référence bibliographique non confirmée,MAPPED_EXACT,UNIT_OK,NO_REFERENCE,NEEDS_BIBLIO_VALIDATION,confirmer une plage de référence ou accepter sans seuil externe,,,
MIG-0428,Al,Al,Al | Aluminium(mg/l),à confirmer,mg/L,,idp_2024_mesures_qualite_globale,val_qual,46,46,0,1,0,5.4199999999999998E-2,35.57,référence ABH non disponible,référence bibliographique non confirmée,MAPPED_EXACT,UNIT_MISSING,NOT_EVALUATED,NEEDS_UNIT_VALIDATION,unité source absente,,,
MIG-0429,SO3,SO3²-,SO3,à confirmer,mg/L,,mesures_qualite_rivieres,val_qual_riv,3,3,0,0,0,0,0.54,référence ABH non disponible,référence bibliographique non confirmée,MAPPED_BY_METIER_VARIANT,UNIT_MISSING,NOT_EVALUATED,NEEDS_UNIT_VALIDATION,unité source absente,,,
MIG-0430,SO4,SO4²-,SO4 | SO4-- | SO4(mg/l) | SO42-_IC,mg/L,mg/L,,mesures_qualite_barrages,val_qual_barr,387,387,0,0,1,0.11700000000000001,777,référence ABH non disponible,<= 250 mg/L,MAPPED_BY_METIER_VARIANT,UNIT_OK,SUSPECT_OUTLIER,QUARANTINE_BEFORE_MIGRATION,mettre en quarantaine,,,US EPA — Secondary Drinking Water Standards: Guidance for Nuisance Chemicals (https://www.epa.gov/sdwa/secondary-drinking-water-standards-guidance-nuisance-chemicals)
MIG-0431,SO4,SO4²-,SO4 | SO4-- | SO4(mg/l) | SO42-_IC,mg/L,mg/L,,mesures_qualite_nappes,val_qual_nap,2618,2618,0,0,1,0,2039,référence ABH non disponible,<= 250 mg/L,MAPPED_BY_METIER_VARIANT,UNIT_OK,SUSPECT_OUTLIER,QUARANTINE_BEFORE_MIGRATION,mettre en quarantaine,,,US EPA — Secondary Drinking Water Standards: Guidance for Nuisance Chemicals (https://www.epa.gov/sdwa/secondary-drinking-water-standards-guidance-nuisance-chemicals)
MIG-0432,SO4,SO4²-,SO4 | SO4-- | SO4(mg/l) | SO42-_IC,mg/L,mg/L,,mesures_qualite_rivieres,val_qual_riv,1788,1788,0,0,1,0,17251,référence ABH non disponible,<= 250 mg/L,MAPPED_BY_METIER_VARIANT,UNIT_OK,SUSPECT_OUTLIER,QUARANTINE_BEFORE_MIGRATION,mettre en quarantaine,,,US EPA — Secondary Drinking Water Standards: Guidance for Nuisance Chemicals (https://www.epa.gov/sdwa/secondary-drinking-water-standards-guidance-nuisance-chemicals)
MIG-0433,SO4,SO4²-,SO4 | SO4-- | SO4(mg/l) | SO42-_IC,mg/L,mg/L,,types_mesures,,1,0,0,0,0,,,référence ABH non disponible,<= 250 mg/L,MAPPED_BY_METIER_VARIANT,UNIT_OK,VALID,OK_FOR_MIGRATION,migrer sans réserve particulière,,,US EPA — Secondary Drinking Water Standards: Guidance for Nuisance Chemicals (https://www.epa.gov/sdwa/secondary-drinking-water-standards-guidance-nuisance-chemicals)
MIG-0434,SO4--,SO4²-,SO4 | SO4-- | SO4(mg/l) | SO42-_IC,à confirmer,mg/L,,idp_2024_mesures_qualite_globale,val_qual,189,189,0,0,1,2.48,1959,référence ABH non disponible,<= 250 mg/L,MAPPED_BY_METIER_VARIANT,UNIT_MISSING,NOT_EVALUATED,NEEDS_UNIT_VALIDATION,unité source absente,,,US EPA — Secondary Drinking Water Standards: Guidance for Nuisance Chemicals (https://www.epa.gov/sdwa/secondary-drinking-water-standards-guidance-nuisance-chemicals)
MIG-0435,SO4(mg/l),SO4²-,SO4 | SO4-- | SO4(mg/l) | SO42-_IC,mg/l,mg/L,,suivi_qualite_brg_garde_hebdo,val_qual_brg_garde_hebdo,182,180,2,0,0,0.28100000000000003,248,référence ABH non disponible,<= 250 mg/L,MAPPED_BY_METIER_VARIANT,UNIT_OK,SUSPECT_OUTLIER,OK_WITH_FLAG,migrer avec contrôle standard,,,US EPA — Secondary Drinking Water Standards: Guidance for Nuisance Chemicals (https://www.epa.gov/sdwa/secondary-drinking-water-standards-guidance-nuisance-chemicals)
MIG-0436,SO42-_IC,SO4²-,SO4 | SO4-- | SO4(mg/l) | SO42-_IC,à confirmer,mg/L,,idp_2024_mesures_qualite_marche_cadre,val_qual,127,127,0,0,1,3.43,2782,référence ABH non disponible,<= 250 mg/L,MAPPED_BY_METIER_VARIANT,UNIT_MISSING,NOT_EVALUATED,NEEDS_UNIT_VALIDATION,unité source absente,,,US EPA — Secondary Drinking Water Standards: Guidance for Nuisance Chemicals (https://www.epa.gov/sdwa/secondary-drinking-water-standards-guidance-nuisance-chemicals)
MIG-0437,somme anions_meq/l,Som_anions,somme anions_meq/l | somme anions_meq/l3 | somme anions_mg/l | somme anions_mg/l4,à confirmer,meq/L ou mg/L,,idp_2024_mesures_qualite_marche_cadre,val_qual,89,89,0,0,0,2.3054828829999998,587.28159649999998,référence ABH non disponible,référence bibliographique non confirmée,MAPPED_BY_METIER_VARIANT,UNIT_MISSING,NOT_EVALUATED,NEEDS_UNIT_VALIDATION,unité source absente,,,
MIG-0438,somme anions_meq/l3,Som_anions,somme anions_meq/l | somme anions_meq/l3 | somme anions_mg/l | somme anions_mg/l4,à confirmer,meq/L ou mg/L,,idp_2024_mesures_qualite_globale,val_qual,28,28,0,0,0,3.50430391,252.75308910000001,référence ABH non disponible,référence bibliographique non confirmée,MAPPED_BY_METIER_VARIANT,UNIT_MISSING,NOT_EVALUATED,NEEDS_UNIT_VALIDATION,unité source absente,,,
MIG-0439,somme anions_mg/l,Som_anions,somme anions_meq/l | somme anions_meq/l3 | somme anions_mg/l | somme anions_mg/l4,mg/L,meq/L ou mg/L,,idp_2024_mesures_qualite_marche_cadre,val_qual,89,89,0,0,0,134.44399999999999,21594.242999999999,référence ABH non disponible,référence bibliographique non confirmée,MAPPED_BY_METIER_VARIANT,UNIT_OK,NO_REFERENCE,NEEDS_BIBLIO_VALIDATION,confirmer une plage de référence ou accepter sans seuil externe,,,
MIG-0440,somme anions_mg/l4,Som_anions,somme anions_meq/l | somme anions_meq/l3 | somme anions_mg/l | somme anions_mg/l4,mg/L,meq/L ou mg/L,,idp_2024_mesures_qualite_globale,val_qual,28,28,0,0,0,69.63,5451.94,référence ABH non disponible,référence bibliographique non confirmée,MAPPED_BY_METIER_VARIANT,UNIT_OK,NO_REFERENCE,NEEDS_BIBLIO_VALIDATION,confirmer une plage de référence ou accepter sans seuil externe,,,
MIG-0441,Somme cations_meq/l,Som_cations,Somme cations_meq/l | Somme cations_mg/l,à confirmer,meq/L ou mg/L,,idp_2024_mesures_qualite_marche_cadre,val_qual,89,89,0,0,0,2.3133092880000001,569.7290418,référence ABH non disponible,référence bibliographique non confirmée,MAPPED_BY_METIER_VARIANT,UNIT_MISSING,NOT_EVALUATED,NEEDS_UNIT_VALIDATION,unité source absente,,,
MIG-0442,Somme cations_mg/l,Som_cations,Somme cations_meq/l | Somme cations_mg/l,mg/L,meq/L ou mg/L,,idp_2024_mesures_qualite_marche_cadre,val_qual,89,89,0,0,0,41.164999999999999,12128.6,référence ABH non disponible,référence bibliographique non confirmée,MAPPED_BY_METIER_VARIANT,UNIT_OK,NO_REFERENCE,NEEDS_BIBLIO_VALIDATION,confirmer une plage de référence ou accepter sans seuil externe,,,
MIG-0443,Sr,Sr,Sr,à confirmer,mg/L,,idp_2024_mesures_qualite_globale,val_qual,5,5,0,0,0,0.1099,39.229999999999997,référence ABH non disponible,référence bibliographique non confirmée,MAPPED_EXACT,UNIT_MISSING,NOT_EVALUATED,NEEDS_UNIT_VALIDATION,unité source absente,,,
MIG-0444,sup_occupee_ha,Superficie_ha,sup_occupee_ha | sup_tot_ha | superficie_ha,ha,ha,,decharges_abhs,sup_occupee_ha,233,108,125,0,0,5.0000000000000001E-3,128,référence ABH non disponible,référence bibliographique non confirmée,MAPPED_BY_METIER_VARIANT,UNIT_OK,NO_REFERENCE,NEEDS_BIBLIO_VALIDATION,confirmer une plage de référence ou accepter sans seuil externe,,,
MIG-0445,sup_tot_ha,Superficie_ha,sup_occupee_ha | sup_tot_ha | superficie_ha,ha,ha,,decharges_abhs,sup_tot_ha,233,128,105,0,0,0.02,700,référence ABH non disponible,référence bibliographique non confirmée,MAPPED_BY_METIER_VARIANT,UNIT_OK,NO_REFERENCE,NEEDS_BIBLIO_VALIDATION,confirmer une plage de référence ou accepter sans seuil externe,,,
MIG-0446,superficie_ha,Superficie_ha,sup_occupee_ha | sup_tot_ha | superficie_ha,ha,ha,,step_abhs,superficie_ha,41,25,16,0,0,0.7,37,référence ABH non disponible,référence bibliographique non confirmée,MAPPED_EXACT,UNIT_OK,NO_REFERENCE,NEEDS_BIBLIO_VALIDATION,confirmer une plage de référence ou accepter sans seuil externe,,,
MIG-0447,superficie_km2,Superficie_km2,superficie_km2 | surface_km2,km2,km²,,bassin_sebou,superficie_km2,1,1,0,0,0,40960.943620700011,40960.943620700011,référence ABH non disponible,référence bibliographique non confirmée,MAPPED_EXACT,UNIT_OK,HORS_PERIMETRE,REJECT_FROM_MIGRATION,hors périmètre migration des mesures,,,
MIG-0448,superficie_km2,Superficie_km2,superficie_km2 | surface_km2,km2,km²,,nappes_abhs,superficie_km2,17,17,0,0,0,25.365748460879999,4075.9107159881,référence ABH non disponible,référence bibliographique non confirmée,MAPPED_EXACT,UNIT_OK,HORS_PERIMETRE,REJECT_FROM_MIGRATION,hors périmètre migration des mesures,,,
MIG-0449,surface_km2,Superficie_km2,superficie_km2 | surface_km2,km2,km²,,bathymetries_barrages_abhs,surface_km2,62359,62359,0,0,0,0,132.12,référence ABH non disponible,référence bibliographique non confirmée,MAPPED_BY_METIER_VARIANT,UNIT_OK,NO_REFERENCE,NEEDS_BIBLIO_VALIDATION,confirmer une plage de référence ou accepter sans seuil externe,,,
MIG-0450,t_air,T_air,t_air | T_Air | T_air | Temperature_Ambiante,à confirmer,°C,,idp_2024_src_pollution_globale,t_air,243,189,54,0,0,10,35,référence ABH non disponible,référence bibliographique non confirmée,MAPPED_EXACT,UNIT_MISSING,NOT_EVALUATED,NEEDS_UNIT_VALIDATION,unité source absente,,,
MIG-0451,t_air,T_air,t_air | T_Air | T_air | Temperature_Ambiante,à confirmer,°C,,idp_2024_src_pollution_marche_cadre,t_air,148,127,21,0,0,10,37,référence ABH non disponible,référence bibliographique non confirmée,MAPPED_EXACT,UNIT_MISSING,NOT_EVALUATED,NEEDS_UNIT_VALIDATION,unité source absente,,,
MIG-0452,T_Air,T_air,t_air | T_Air | T_air | Temperature_Ambiante,°C,°C,,mesures_qualite_barrages,val_qual_barr,420,420,0,0,0,7,108,référence ABH non disponible,référence bibliographique non confirmée,MAPPED_EXACT,UNIT_OK,NO_REFERENCE,NEEDS_BIBLIO_VALIDATION,confirmer une plage de référence ou accepter sans seuil externe,,,
MIG-0453,T_Air,T_air,t_air | T_Air | T_air | Temperature_Ambiante,°C,°C,,mesures_qualite_nappes,val_qual_nap,2617,2617,0,0,0,4,88,référence ABH non disponible,référence bibliographique non confirmée,MAPPED_EXACT,UNIT_OK,NO_REFERENCE,NEEDS_BIBLIO_VALIDATION,confirmer une plage de référence ou accepter sans seuil externe,,,
MIG-0454,T_Air,T_air,t_air | T_Air | T_air | Temperature_Ambiante,°C,°C,,mesures_qualite_rivieres,val_qual_riv,1995,1995,0,0,0,4,250,référence ABH non disponible,référence bibliographique non confirmée,MAPPED_EXACT,UNIT_OK,NO_REFERENCE,NEEDS_BIBLIO_VALIDATION,confirmer une plage de référence ou accepter sans seuil externe,,,
MIG-0455,T_air,T_air,t_air | T_Air | T_air | Temperature_Ambiante,à confirmer,°C,,suivi_qualite_brg_garde_hebdo,val_qual_brg_garde_hebdo,182,182,0,0,0,9,42,référence ABH non disponible,référence bibliographique non confirmée,MAPPED_EXACT,UNIT_MISSING,NOT_EVALUATED,NEEDS_UNIT_VALIDATION,unité source absente,,,
MIG-0456,T_air,T_air,t_air | T_Air | T_air | Temperature_Ambiante,à confirmer,°C,,suivi_qualite_sebou_jr,val_qual_sebou_jr,4572,4572,0,0,0,9,nan,référence ABH non disponible,référence bibliographique non confirmée,MAPPED_EXACT,UNIT_MISSING,NOT_EVALUATED,NEEDS_UNIT_VALIDATION,unité source absente,,,
MIG-0457,T_Air,T_air,t_air | T_Air | T_air | Temperature_Ambiante,°C,°C,,types_mesures,,1,0,0,0,0,,,référence ABH non disponible,référence bibliographique non confirmée,MAPPED_EXACT,UNIT_OK,NO_REFERENCE,NEEDS_BIBLIO_VALIDATION,confirmer une plage de référence ou accepter sans seuil externe,,,
MIG-0458,t_eau,T_eau,t_eau | T_eau,à confirmer,°C,,idp_2024_src_pollution_globale,t_eau,243,189,54,0,0,10.1,30.5,référence ABH non disponible,référence bibliographique non confirmée,MAPPED_EXACT,UNIT_MISSING,NOT_EVALUATED,NEEDS_UNIT_VALIDATION,unité source absente,,,
MIG-0459,t_eau,T_eau,t_eau | T_eau,à confirmer,°C,,idp_2024_src_pollution_marche_cadre,t_eau,148,127,21,0,0,11,27.4,référence ABH non disponible,référence bibliographique non confirmée,MAPPED_EXACT,UNIT_MISSING,NOT_EVALUATED,NEEDS_UNIT_VALIDATION,unité source absente,,,
MIG-0460,T_eau,T_eau,t_eau | T_eau,°C,°C,,mesures_qualite_barrages,val_qual_barr,420,420,0,0,0,6.4,81,référence ABH non disponible,référence bibliographique non confirmée,MAPPED_EXACT,UNIT_OK,NO_REFERENCE,NEEDS_BIBLIO_VALIDATION,confirmer une plage de référence ou accepter sans seuil externe,,,
MIG-0461,T_eau,T_eau,t_eau | T_eau,°C,°C,,mesures_qualite_nappes,val_qual_nap,2658,2658,0,0,0,8.6,213,référence ABH non disponible,référence bibliographique non confirmée,MAPPED_EXACT,UNIT_OK,NO_REFERENCE,NEEDS_BIBLIO_VALIDATION,confirmer une plage de référence ou accepter sans seuil externe,,,
MIG-0462,T_eau,T_eau,t_eau | T_eau,°C,°C,,mesures_qualite_rivieres,val_qual_riv,1995,1995,0,0,0,0,84.6,référence ABH non disponible,référence bibliographique non confirmée,MAPPED_EXACT,UNIT_OK,NO_REFERENCE,NEEDS_BIBLIO_VALIDATION,confirmer une plage de référence ou accepter sans seuil externe,,,
MIG-0463,T_eau,T_eau,t_eau | T_eau,°C,°C,,suivi_qualite_brg_garde_hebdo,val_qual_brg_garde_hebdo,182,182,0,0,0,12.6,31.5,référence ABH non disponible,référence bibliographique non confirmée,MAPPED_EXACT,UNIT_OK,NO_REFERENCE,NEEDS_BIBLIO_VALIDATION,confirmer une plage de référence ou accepter sans seuil externe,,,
MIG-0464,T_eau,T_eau,t_eau | T_eau,°C,°C,,suivi_qualite_sebou_jr,val_qual_sebou_jr,4572,4572,0,0,0,0,nan,référence ABH non disponible,référence bibliographique non confirmée,MAPPED_EXACT,UNIT_OK,NO_REFERENCE,NEEDS_BIBLIO_VALIDATION,confirmer une plage de référence ou accepter sans seuil externe,,,
MIG-0465,T_eau,T_eau,t_eau | T_eau,°C,°C,,types_mesures,,1,0,0,0,0,,,référence ABH non disponible,référence bibliographique non confirmée,MAPPED_EXACT,UNIT_OK,NO_REFERENCE,NEEDS_BIBLIO_VALIDATION,confirmer une plage de référence ou accepter sans seuil externe,,,
MIG-0466,TA,TA,TA | TA/Tas_°F | TA/Tas_meq/l | TA_°F | TA_meq/l,°F,meq/L,,mesures_qualite_barrages,val_qual_barr,70,70,0,0,0,0,3,référence ABH non disponible,référence bibliographique non confirmée,MAPPED_EXACT,UNIT_CONFLICT,NOT_EVALUATED,NEEDS_UNIT_VALIDATION,unités non alignées,,,
MIG-0467,TA,TA,TA | TA/Tas_°F | TA/Tas_meq/l | TA_°F | TA_meq/l,°F,meq/L,,mesures_qualite_nappes,val_qual_nap,2027,2027,0,0,0,0,20.6,référence ABH non disponible,référence bibliographique non confirmée,MAPPED_EXACT,UNIT_CONFLICT,NOT_EVALUATED,NEEDS_UNIT_VALIDATION,unités non alignées,,,
MIG-0468,TA,TA,TA | TA/Tas_°F | TA/Tas_meq/l | TA_°F | TA_meq/l,°F,meq/L,,mesures_qualite_rivieres,val_qual_riv,1100,1100,0,0,0,0,2114.982,référence ABH non disponible,référence bibliographique non confirmée,MAPPED_EXACT,UNIT_CONFLICT,NOT_EVALUATED,NEEDS_UNIT_VALIDATION,unités non alignées,,,
MIG-0469,TA,TA,TA | TA/Tas_°F | TA/Tas_meq/l | TA_°F | TA_meq/l,°F,meq/L,,types_mesures,,1,0,0,0,0,,,référence ABH non disponible,référence bibliographique non confirmée,MAPPED_EXACT,UNIT_CONFLICT,NOT_EVALUATED,NEEDS_UNIT_VALIDATION,unités non alignées,,,
MIG-0470,TA/Tas_°F,TA,TA | TA/Tas_°F | TA/Tas_meq/l | TA_°F | TA_meq/l,à confirmer,meq/L,,idp_2024_mesures_qualite_marche_cadre,val_qual,89,89,0,0,0,0,0.52,référence ABH non disponible,référence bibliographique non confirmée,MAPPED_BY_METIER_VARIANT,UNIT_MISSING,NOT_EVALUATED,NEEDS_UNIT_VALIDATION,unité source absente,,,
MIG-0471,TA/Tas_meq/l,TA,TA | TA/Tas_°F | TA/Tas_meq/l | TA_°F | TA_meq/l,à confirmer,meq/L,,idp_2024_mesures_qualite_marche_cadre,val_qual,89,89,0,0,0,0,0.104,référence ABH non disponible,référence bibliographique non confirmée,MAPPED_BY_METIER_VARIANT,UNIT_MISSING,NOT_EVALUATED,NEEDS_UNIT_VALIDATION,unité source absente,,,
MIG-0472,TA_°F,TA,TA | TA/Tas_°F | TA/Tas_meq/l | TA_°F | TA_meq/l,à confirmer,meq/L,,idp_2024_mesures_qualite_globale,val_qual,32,32,0,0,0,0,0,référence ABH non disponible,référence bibliographique non confirmée,MAPPED_BY_METIER_VARIANT,UNIT_MISSING,NOT_EVALUATED,NEEDS_UNIT_VALIDATION,unité source absente,,,
MIG-0473,TA_meq/l,TA,TA | TA/Tas_°F | TA/Tas_meq/l | TA_°F | TA_meq/l,à confirmer,meq/L,,idp_2024_mesures_qualite_globale,val_qual,32,32,0,0,0,0,0,référence ABH non disponible,référence bibliographique non confirmée,MAPPED_BY_METIER_VARIANT,UNIT_MISSING,NOT_EVALUATED,NEEDS_UNIT_VALIDATION,unité source absente,,,
MIG-0474,TAC,TAC,TAC | TAC/TACs_°F | TAC/TACs_meq/l | TAC_°F | TAC_meq/l,mg/L CaCO₃,meq/L,,mesures_qualite_barrages,val_qual_barr,71,71,0,0,0,2.8,1053,référence ABH non disponible,référence bibliographique non confirmée,MAPPED_EXACT,UNIT_CONFLICT,NOT_EVALUATED,NEEDS_UNIT_VALIDATION,unités non alignées,,,
MIG-0475,TAC,TAC,TAC | TAC/TACs_°F | TAC/TACs_meq/l | TAC_°F | TAC_meq/l,mg/L CaCO₃,meq/L,,mesures_qualite_nappes,val_qual_nap,2027,2027,0,0,0,0,1830,référence ABH non disponible,référence bibliographique non confirmée,MAPPED_EXACT,UNIT_CONFLICT,NOT_EVALUATED,NEEDS_UNIT_VALIDATION,unités non alignées,,,
MIG-0476,TAC,TAC,TAC | TAC/TACs_°F | TAC/TACs_meq/l | TAC_°F | TAC_meq/l,mg/L CaCO₃,meq/L,,mesures_qualite_rivieres,val_qual_riv,1103,1103,0,0,0,2.6,105105.5,référence ABH non disponible,référence bibliographique non confirmée,MAPPED_EXACT,UNIT_CONFLICT,NOT_EVALUATED,NEEDS_UNIT_VALIDATION,unités non alignées,,,
MIG-0477,TAC,TAC,TAC | TAC/TACs_°F | TAC/TACs_meq/l | TAC_°F | TAC_meq/l,mg/L CaCO₃,meq/L,,types_mesures,,1,0,0,0,0,,,référence ABH non disponible,référence bibliographique non confirmée,MAPPED_EXACT,UNIT_CONFLICT,NOT_EVALUATED,NEEDS_UNIT_VALIDATION,unités non alignées,,,
MIG-0478,Ba,Ba,Ba,à confirmer,mg/L,,idp_2024_mesures_qualite_globale,val_qual,46,46,0,1,0,1.6199999999999999E-2,15.91,référence ABH non disponible,référence bibliographique non confirmée,MAPPED_EXACT,UNIT_MISSING,NOT_EVALUATED,NEEDS_UNIT_VALIDATION,unité source absente,,,
MIG-0479,DBO5,DBO5,DBO5 | DBO5_dec2h,mg O2/L,mg/L,,idp_2024_mesures_qualite_marche_cadre,val_qual,39,39,0,1,0,0.76200000000000001,556,référence ABH non disponible,référence bibliographique non confirmée,MAPPED_EXACT,UNIT_CONFLICT,NOT_EVALUATED,NEEDS_UNIT_VALIDATION,unités non alignées,,,
MIG-0480,TAC_°F,TAC,TAC | TAC/TACs_°F | TAC/TACs_meq/l | TAC_°F | TAC_meq/l,à confirmer,meq/L,,idp_2024_mesures_qualite_globale,val_qual,32,32,0,0,0,10.9,68.8,référence ABH non disponible,référence bibliographique non confirmée,MAPPED_BY_METIER_VARIANT,UNIT_MISSING,NOT_EVALUATED,NEEDS_UNIT_VALIDATION,unité source absente,,,
MIG-0481,TAC_meq/l,TAC,TAC | TAC/TACs_°F | TAC/TACs_meq/l | TAC_°F | TAC_meq/l,à confirmer,meq/L,,idp_2024_mesures_qualite_globale,val_qual,32,32,0,0,0,2.1800000000000002,13.76,référence ABH non disponible,référence bibliographique non confirmée,MAPPED_BY_METIER_VARIANT,UNIT_MISSING,NOT_EVALUATED,NEEDS_UNIT_VALIDATION,unité source absente,,,
MIG-0482,Temperature_Ambiante,T_air,t_air | T_Air | T_air | Temperature_Ambiante,à confirmer,°C,,mesures_qualite_nappes,val_qual_nap,1,1,0,0,0,24,24,référence ABH non disponible,référence bibliographique non confirmée,MAPPED_BY_METIER_VARIANT,UNIT_MISSING,NOT_EVALUATED,NEEDS_UNIT_VALIDATION,unité source absente,,,
MIG-0483,TH,TH,TH,°F,meq/L,,idp_2024_mesures_qualite_globale,val_qual,189,189,0,0,0,11.512099259999999,437.48447549999997,référence ABH non disponible,référence bibliographique non confirmée,MAPPED_EXACT,UNIT_CONFLICT,NOT_EVALUATED,NEEDS_UNIT_VALIDATION,unités non alignées,,,
MIG-0484,TH,TH,TH,°F,meq/L,,idp_2024_mesures_qualite_marche_cadre,val_qual,89,89,0,0,0,6.41,600,référence ABH non disponible,référence bibliographique non confirmée,MAPPED_EXACT,UNIT_CONFLICT,NOT_EVALUATED,NEEDS_UNIT_VALIDATION,unités non alignées,,,
MIG-0485,TH,TH,TH,°F,meq/L,,mesures_qualite_barrages,val_qual_barr,50,50,0,0,0,0,1057.5155999999999,référence ABH non disponible,référence bibliographique non confirmée,MAPPED_EXACT,UNIT_CONFLICT,NOT_EVALUATED,NEEDS_UNIT_VALIDATION,unités non alignées,,,
MIG-0486,TH,TH,TH,°F,meq/L,,mesures_qualite_nappes,val_qual_nap,1608,1608,0,0,0,3.5,541.85,référence ABH non disponible,référence bibliographique non confirmée,MAPPED_EXACT,UNIT_CONFLICT,NOT_EVALUATED,NEEDS_UNIT_VALIDATION,unités non alignées,,,
MIG-0487,TH,TH,TH,°F,meq/L,,mesures_qualite_rivieres,val_qual_riv,806,806,0,0,0,0,19105.900000000001,référence ABH non disponible,référence bibliographique non confirmée,MAPPED_EXACT,UNIT_CONFLICT,NOT_EVALUATED,NEEDS_UNIT_VALIDATION,unités non alignées,,,
MIG-0488,TH,TH,TH,°F,meq/L,,types_mesures,,1,0,0,0,0,,,référence ABH non disponible,référence bibliographique non confirmée,MAPPED_EXACT,UNIT_CONFLICT,NOT_EVALUATED,NEEDS_UNIT_VALIDATION,unités non alignées,,,
MIG-0489,Fe2+,Fe,Fe | Fe2+ | Fer | Fer(mg/l) | FeT | Ferdissous(mg/l),à confirmer,mg/L,,idp_2024_mesures_qualite_globale,val_qual,6,6,0,1,1,1.7100000000000001E-2,5.6239999999999997,référence ABH non disponible,"0.5-50 (fresh waters); <= 2 (acceptabilité OMS, pas valeur sanitaire formelle) mg/L",MAPPED_BY_METIER_VARIANT,UNIT_MISSING,NOT_EVALUATED,NEEDS_UNIT_VALIDATION,unité source absente,,,WHO — Iron fact sheet 2022 (https://cdn.who.int/media/docs/default-source/wash-documents/water-safety-and-quality/chemical-fact-sheets-2022/iron-fact-sheet-2022.pdf?download=true&sfvrsn=1e9abf4d_2)
MIG-0490,transfert_mm3,Transfert,transfert_mm3,Mm3,Mm³,,mesures_niv_eau_barrages,transfert_mm3,85166,8278,76888,0,0,0,4.2160000000000002,référence ABH non disponible,référence bibliographique non confirmée,MAPPED_BY_METIER_VARIANT,UNIT_OK,NO_REFERENCE,NEEDS_BIBLIO_VALIDATION,confirmer une plage de référence ou accepter sans seuil externe,,,
MIG-0491,turbidite,Turbidite,turbidite | Turbidite | Turbidité,à confirmer,NTU,,idp_2024_src_pollution_globale,turbidite,243,163,80,0,0,2.9,1000,référence ABH non disponible,référence bibliographique non confirmée,MAPPED_EXACT,UNIT_MISSING,NOT_EVALUATED,NEEDS_UNIT_VALIDATION,unité source absente,,,
MIG-0492,turbidite,Turbidite,turbidite | Turbidite | Turbidité,à confirmer,NTU,,idp_2024_src_pollution_marche_cadre,turbidite,148,39,109,0,0,13,1000,référence ABH non disponible,référence bibliographique non confirmée,MAPPED_EXACT,UNIT_MISSING,NOT_EVALUATED,NEEDS_UNIT_VALIDATION,unité source absente,,,
MIG-0493,Turbidite,Turbidite,turbidite | Turbidite | Turbidité,NTU,NTU,,mesures_qualite_barrages,val_qual_barr,143,143,0,0,0,1.7,16800,référence ABH non disponible,référence bibliographique non confirmée,MAPPED_EXACT,UNIT_OK,NO_REFERENCE,NEEDS_BIBLIO_VALIDATION,confirmer une plage de référence ou accepter sans seuil externe,,,
MIG-0494,Turbidite,Turbidite,turbidite | Turbidite | Turbidité,NTU,NTU,,mesures_qualite_nappes,val_qual_nap,31,31,0,0,0,0,637,référence ABH non disponible,référence bibliographique non confirmée,MAPPED_EXACT,UNIT_OK,NO_REFERENCE,NEEDS_BIBLIO_VALIDATION,confirmer une plage de référence ou accepter sans seuil externe,,,
MIG-0495,Turbidite,Turbidite,turbidite | Turbidite | Turbidité,NTU,NTU,,mesures_qualite_rivieres,val_qual_riv,1822,1822,0,0,0,0.5,158564,référence ABH non disponible,référence bibliographique non confirmée,MAPPED_EXACT,UNIT_OK,NO_REFERENCE,NEEDS_BIBLIO_VALIDATION,confirmer une plage de référence ou accepter sans seuil externe,,,
MIG-0496,Turbidite,Turbidite,turbidite | Turbidite | Turbidité,NTU,NTU,,types_mesures,,1,0,0,0,0,,,référence ABH non disponible,référence bibliographique non confirmée,MAPPED_EXACT,UNIT_OK,NO_REFERENCE,NEEDS_BIBLIO_VALIDATION,confirmer une plage de référence ou accepter sans seuil externe,,,
MIG-0497,Turbidité,Turbidite,turbidite | Turbidite | Turbidité,à confirmer,NTU,,suivi_qualite_sebou_jr,val_qual_sebou_jr,4572,4572,0,0,0,0,nan,référence ABH non disponible,référence bibliographique non confirmée,MAPPED_EXACT,UNIT_MISSING,NOT_EVALUATED,NEEDS_UNIT_VALIDATION,unité source absente,,,
MIG-0498,NTK,NTK,NTK | NTK Spectr | NTK Titri | Azote_tot_kjeld | Azote_tot_kjeldhal,à confirmer,mg/L,,idp_2024_mesures_qualite_globale,val_qual,163,163,0,1,0,0.24199999999999999,3752,référence ABH non disponible,référence bibliographique non confirmée,MAPPED_EXACT,UNIT_MISSING,NOT_EVALUATED,NEEDS_UNIT_VALIDATION,unité source absente,,,
MIG-0499,val_evaporation,Evaporation,val_evaporation,à confirmer,mm,,mesures_evaporation_jr,val_evaporation,48900,38592,10308,0,0,0,20.079999999999998,référence ABH non disponible,référence bibliographique non confirmée,MAPPED_BY_METIER_VARIANT,UNIT_MISSING,NOT_EVALUATED,NEEDS_UNIT_VALIDATION,unité source absente,,,
MIG-0500,val_observees,Val_obs,val_observees,à confirmer,— (variable),,mesures_precipitations_jr_traitees,val_observees,546007,500305,45702,0,0,0,420,référence ABH non disponible,référence bibliographique non confirmée,MAPPED_BY_METIER_VARIANT,UNIT_MISSING,NOT_EVALUATED,NEEDS_UNIT_VALIDATION,unité source absente,,,
MIG-0501,val_power_nasa,Val_power,val_power_nasa,à confirmer,— (variable),,mesures_precipitations_jr_traitees,val_power_nasa,546007,546007,0,0,0,0,194.16,référence ABH non disponible,référence bibliographique non confirmée,MAPPED_BY_METIER_VARIANT,UNIT_MISSING,NOT_EVALUATED,NEEDS_UNIT_VALIDATION,unité source absente,,,
MIG-0502,val_remplies,Val_remplies,val_remplies,à confirmer,— (variable),,mesures_precipitations_jr_traitees,val_remplies,546007,546007,0,0,0,0,420,référence ABH non disponible,référence bibliographique non confirmée,MAPPED_EXACT,UNIT_MISSING,NOT_EVALUATED,NEEDS_UNIT_VALIDATION,unité source absente,,,
MIG-0503,Vanadium(mg/l),V,V | Vanadium(mg/l),mg/l,mg/L,,suivi_qualite_brg_garde_hebdo,val_qual_brg_garde_hebdo,182,22,160,0,0,5.0000000000000001E-3,0.01,référence ABH non disponible,référence bibliographique non confirmée,MAPPED_BY_METIER_VARIANT,UNIT_OK,NO_REFERENCE,NEEDS_BIBLIO_VALIDATION,confirmer une plage de référence ou accepter sans seuil externe,,,
MIG-0504,Vibrion_Cholerique,Vibrio,Vibrion_Cholerique,à confirmer,UFC/100 mL,,mesures_qualite_rivieres,val_qual_riv,1,1,0,0,0,3400,3400,référence ABH non disponible,référence bibliographique non confirmée,MAPPED_BY_METIER_VARIANT,UNIT_MISSING,NOT_EVALUATED,NEEDS_UNIT_VALIDATION,unité source absente,,,
MIG-0505,vol_eaux_us_trait_m3_an,Vol_trait,vol_eaux_us_trait_m3_an,m3/an,m³/an,,step_abhs,vol_eaux_us_trait_m3_an,41,27,14,0,0,2052,47450000,référence ABH non disponible,référence bibliographique non confirmée,MAPPED_BY_METIER_VARIANT,UNIT_OK,NO_REFERENCE,NEEDS_BIBLIO_VALIDATION,confirmer une plage de référence ou accepter sans seuil externe,,,
MIG-0506,vol_preleve_m3_an,Vol_preleve,vol_preleve_m3_an,m3/an,m³/an,,points_eau_abhs,vol_preleve_m3_an,46,17,29,0,0,0,1271110,référence ABH non disponible,référence bibliographique non confirmée,MAPPED_BY_METIER_VARIANT,UNIT_OK,HORS_PERIMETRE,REJECT_FROM_MIGRATION,hors périmètre migration des mesures,,,
MIG-0507,volume_mm3,Volume,volume_mm3 | vrn_hm3,Mm3,Mm³,,bathymetries_barrages_abhs,volume_mm3,62359,62359,0,0,0,0,4033.7809999999999,référence ABH non disponible,référence bibliographique non confirmée,MAPPED_BY_METIER_VARIANT,UNIT_OK,NO_REFERENCE,NEEDS_BIBLIO_VALIDATION,confirmer une plage de référence ou accepter sans seuil externe,,,
MIG-0508,volume_mm3,Volume,volume_mm3 | vrn_hm3,Mm3,Mm³,,mesures_niv_eau_barrages,volume_mm3,85166,10136,75030,0,0,0,257.99,référence ABH non disponible,référence bibliographique non confirmée,MAPPED_BY_METIER_VARIANT,UNIT_OK,NO_REFERENCE,NEEDS_BIBLIO_VALIDATION,confirmer une plage de référence ou accepter sans seuil externe,,,
MIG-0509,vrn_hm3,Volume,volume_mm3 | vrn_hm3,Hm3,Mm³,,barrages_abhs,vrn_hm3,34,23,11,0,0,2.8,3800,référence ABH non disponible,référence bibliographique non confirmée,MAPPED_BY_METIER_VARIANT,UNIT_CONFLICT,HORS_PERIMETRE,REJECT_FROM_MIGRATION,hors périmètre migration des mesures,,,
MIG-0510,TAC/TACs_°F,TAC,TAC | TAC/TACs_°F | TAC/TACs_meq/l | TAC_°F | TAC_meq/l,à confirmer,meq/L,,idp_2024_mesures_qualite_marche_cadre,val_qual,89,89,0,1,0,6.7,79.400000000000006,référence ABH non disponible,référence bibliographique non confirmée,MAPPED_BY_METIER_VARIANT,UNIT_MISSING,NOT_EVALUATED,NEEDS_UNIT_VALIDATION,unité source absente,,,
MIG-0511,Zinc(mg/l),Zn,Zn | Zinc | Zinc(mg/l),mg/l,mg/L,,suivi_qualite_brg_garde_hebdo,val_qual_brg_garde_hebdo,182,22,160,0,0,0.01,2.1100000000000001E-2,référence ABH non disponible,référence bibliographique non confirmée,MAPPED_BY_METIER_VARIANT,UNIT_OK,NO_REFERENCE,NEEDS_BIBLIO_VALIDATION,confirmer une plage de référence ou accepter sans seuil externe,,,
MIG-0512,TAC/TACs_meq/l,TAC,TAC | TAC/TACs_°F | TAC/TACs_meq/l | TAC_°F | TAC_meq/l,à confirmer,meq/L,,idp_2024_mesures_qualite_marche_cadre,val_qual,89,89,0,1,0,1.34,15.9,référence ABH non disponible,référence bibliographique non confirmée,MAPPED_BY_METIER_VARIANT,UNIT_MISSING,NOT_EVALUATED,NEEDS_UNIT_VALIDATION,unité source absente,,,
MIG-0513,Zn,Zn,Zn | Zinc | Zinc(mg/l),à confirmer,mg/L,,mesures_qualite_nappes,val_qual_nap,5,5,0,0,0,0.01,0.1,référence ABH non disponible,référence bibliographique non confirmée,MAPPED_EXACT,UNIT_MISSING,NOT_EVALUATED,NEEDS_UNIT_VALIDATION,unité source absente,,,
MIG-0514,Zn,Zn,Zn | Zinc | Zinc(mg/l),à confirmer,mg/L,,mesures_qualite_rivieres,val_qual_riv,233,233,0,0,0,0,60,référence ABH non disponible,référence bibliographique non confirmée,MAPPED_EXACT,UNIT_MISSING,NOT_EVALUATED,NEEDS_UNIT_VALIDATION,unité source absente,,,
