source_document,page_pdf,tableau_pdf,type_eau,milieu,parametre_pdf,parametre_code_propose,parametre_libelle_propose,famille_parametre,unite_pdf,classe_qualite,borne_min,operateur_min,borne_max,operateur_max,valeur_intervalle_originale,couleur_classe,indice_min,indice_max,confiance_extraction,commentaire_validation
Système d'evaluation de la Qualité des ressources en eau.pdf,8,Tableau n°1 - Grille générale eaux de surface,surface_generale,eaux de surface,Couleur (échelle Pt),COULEUR_ECHELLE_PT,Couleur,micropolluants,mg Pt/L,excellente,,,,,20,bleu,80,100,moyenne,
Système d'evaluation de la Qualité des ressources en eau.pdf,8,Tableau n°1 - Grille générale eaux de surface,surface_generale,eaux de surface,Couleur (échelle Pt),COULEUR_ECHELLE_PT,Couleur,micropolluants,mg Pt/L,bonne,20,>=,50,<=,20-50,vert,60,80,moyenne,
Système d'evaluation de la Qualité des ressources en eau.pdf,8,Tableau n°1 - Grille générale eaux de surface,surface_generale,eaux de surface,Couleur (échelle Pt),COULEUR_ECHELLE_PT,Couleur,micropolluants,mg Pt/L,moyenne,50,>=,100,<=,50-100,orange/jaune,40,60,moyenne,
Système d'evaluation de la Qualité des ressources en eau.pdf,8,Tableau n°1 - Grille générale eaux de surface,surface_generale,eaux de surface,Couleur (échelle Pt),COULEUR_ECHELLE_PT,Couleur,micropolluants,mg Pt/L,mauvaise,100,>=,200,<=,100-200,rouge/violet,20,40,moyenne,
Système d'evaluation de la Qualité des ressources en eau.pdf,8,Tableau n°1 - Grille générale eaux de surface,surface_generale,eaux de surface,Couleur (échelle Pt),COULEUR_ECHELLE_PT,Couleur,micropolluants,mg Pt/L,tres_mauvaise,200,>,,,>200,violet/rouge,0,20,moyenne,
Système d'evaluation de la Qualité des ressources en eau.pdf,8,Tableau n°1 - Grille générale eaux de surface,surface_generale,eaux de surface,Odeur (dilu à 25° C),ODEUR_DILU_A_25_C,Odeur,micropolluants,,excellente,,,,,3,bleu,80,100,moyenne,unité non indiquée dans le tableau
Système d'evaluation de la Qualité des ressources en eau.pdf,8,Tableau n°1 - Grille générale eaux de surface,surface_generale,eaux de surface,Odeur (dilu à 25° C),ODEUR_DILU_A_25_C,Odeur,micropolluants,,bonne,3,>=,10,<=,3-10,vert,60,80,moyenne,unité non indiquée dans le tableau
Système d'evaluation de la Qualité des ressources en eau.pdf,8,Tableau n°1 - Grille générale eaux de surface,surface_generale,eaux de surface,Odeur (dilu à 25° C),ODEUR_DILU_A_25_C,Odeur,micropolluants,,moyenne,10,>=,20,<=,10-20,orange/jaune,40,60,moyenne,unité non indiquée dans le tableau
Système d'evaluation de la Qualité des ressources en eau.pdf,8,Tableau n°1 - Grille générale eaux de surface,surface_generale,eaux de surface,Odeur (dilu à 25° C),ODEUR_DILU_A_25_C,Odeur,micropolluants,,mauvaise,20,>,,,>20,rouge/violet,20,40,moyenne,unité non indiquée dans le tableau
Système d'evaluation de la Qualité des ressources en eau.pdf,8,Tableau n°1 - Grille générale eaux de surface,surface_generale,eaux de surface,Odeur (dilu à 25° C),ODEUR_DILU_A_25_C,Odeur,micropolluants,,tres_mauvaise,,,,,,violet/rouge,0,20,moyenne,unité non indiquée dans le tableau
Système d'evaluation de la Qualité des ressources en eau.pdf,8,Tableau n°1 - Grille générale eaux de surface,surface_generale,eaux de surface,Température,T_EAU,Température,temperature,°C,excellente,,,,,20,bleu,80,100,moyenne,
Système d'evaluation de la Qualité des ressources en eau.pdf,8,Tableau n°1 - Grille générale eaux de surface,surface_generale,eaux de surface,Température,T_EAU,Température,temperature,°C,bonne,20,>=,25,<=,20-25,vert,60,80,moyenne,
Système d'evaluation de la Qualité des ressources en eau.pdf,8,Tableau n°1 - Grille générale eaux de surface,surface_generale,eaux de surface,Température,T_EAU,Température,temperature,°C,moyenne,25,>=,30,<=,25-30,orange/jaune,40,60,moyenne,
Système d'evaluation de la Qualité des ressources en eau.pdf,8,Tableau n°1 - Grille générale eaux de surface,surface_generale,eaux de surface,Température,T_EAU,Température,temperature,°C,mauvaise,30,>=,35,<=,30-35,rouge/violet,20,40,moyenne,
Système d'evaluation de la Qualité des ressources en eau.pdf,8,Tableau n°1 - Grille générale eaux de surface,surface_generale,eaux de surface,Température,T_EAU,Température,temperature,°C,tres_mauvaise,35,>,,,>35,violet/rouge,0,20,moyenne,
Système d'evaluation de la Qualité des ressources en eau.pdf,8,Tableau n°1 - Grille générale eaux de surface,surface_generale,eaux de surface,PH,PH,pH,acidification,,excellente,6.5,>=,8.5,<=,"6,5-8,5",bleu,80,100,moyenne,classes 4 et 5 identiques dans le tableau
Système d'evaluation de la Qualité des ressources en eau.pdf,8,Tableau n°1 - Grille générale eaux de surface,surface_generale,eaux de surface,PH,PH,pH,acidification,,bonne,6.5,>=,8.5,<=,"6,5-8,5",vert,60,80,moyenne,classes 4 et 5 identiques dans le tableau
Système d'evaluation de la Qualité des ressources en eau.pdf,8,Tableau n°1 - Grille générale eaux de surface,surface_generale,eaux de surface,PH,PH,pH,acidification,,moyenne,6.5,>=,9.2,<=,"6,5-9,2",orange/jaune,40,60,moyenne,classes 4 et 5 identiques dans le tableau
Système d'evaluation de la Qualité des ressources en eau.pdf,8,Tableau n°1 - Grille générale eaux de surface,surface_generale,eaux de surface,PH,PH,pH,acidification,,mauvaise,,,,,,rouge/violet,20,40,moyenne,classes 4 et 5 identiques dans le tableau
Système d'evaluation de la Qualité des ressources en eau.pdf,8,Tableau n°1 - Grille générale eaux de surface,surface_generale,eaux de surface,PH,PH,pH,acidification,,tres_mauvaise,,,,,,violet/rouge,0,20,moyenne,classes 4 et 5 identiques dans le tableau
Système d'evaluation de la Qualité des ressources en eau.pdf,8,Tableau n°1 - Grille générale eaux de surface,surface_generale,eaux de surface,Conductivité à 20° C,CONDUCTIVITE,Conductivité,mineralisation,µs/cm,excellente,,,,,750,bleu,80,100,moyenne,
Système d'evaluation de la Qualité des ressources en eau.pdf,8,Tableau n°1 - Grille générale eaux de surface,surface_generale,eaux de surface,Conductivité à 20° C,CONDUCTIVITE,Conductivité,mineralisation,µs/cm,bonne,750,>=,1300,<=,750-1300,vert,60,80,moyenne,
Système d'evaluation de la Qualité des ressources en eau.pdf,8,Tableau n°1 - Grille générale eaux de surface,surface_generale,eaux de surface,Conductivité à 20° C,CONDUCTIVITE,Conductivité,mineralisation,µs/cm,moyenne,1300,>=,2700,<=,1300-2700,orange/jaune,40,60,moyenne,
Système d'evaluation de la Qualité des ressources en eau.pdf,8,Tableau n°1 - Grille générale eaux de surface,surface_generale,eaux de surface,Conductivité à 20° C,CONDUCTIVITE,Conductivité,mineralisation,µs/cm,mauvaise,2700,>=,3000,<=,2700-3000,rouge/violet,20,40,moyenne,
Système d'evaluation de la Qualité des ressources en eau.pdf,8,Tableau n°1 - Grille générale eaux de surface,surface_generale,eaux de surface,Conductivité à 20° C,CONDUCTIVITE,Conductivité,mineralisation,µs/cm,tres_mauvaise,3000,>,,,>3000,violet/rouge,0,20,moyenne,
Système d'evaluation de la Qualité des ressources en eau.pdf,8,Tableau n°1 - Grille générale eaux de surface,surface_generale,eaux de surface,Chlorures (Cl-),CL,Chlorures,mineralisation,mg/l,excellente,,,,,200,bleu,80,100,moyenne,
Système d'evaluation de la Qualité des ressources en eau.pdf,8,Tableau n°1 - Grille générale eaux de surface,surface_generale,eaux de surface,Chlorures (Cl-),CL,Chlorures,mineralisation,mg/l,bonne,200,>=,300,<=,200-300,vert,60,80,moyenne,
Système d'evaluation de la Qualité des ressources en eau.pdf,8,Tableau n°1 - Grille générale eaux de surface,surface_generale,eaux de surface,Chlorures (Cl-),CL,Chlorures,mineralisation,mg/l,moyenne,300,>=,750,<=,300-750,orange/jaune,40,60,moyenne,
Système d'evaluation de la Qualité des ressources en eau.pdf,8,Tableau n°1 - Grille générale eaux de surface,surface_generale,eaux de surface,Chlorures (Cl-),CL,Chlorures,mineralisation,mg/l,mauvaise,750,>=,1000,<=,750-1000,rouge/violet,20,40,moyenne,
Système d'evaluation de la Qualité des ressources en eau.pdf,8,Tableau n°1 - Grille générale eaux de surface,surface_generale,eaux de surface,Chlorures (Cl-),CL,Chlorures,mineralisation,mg/l,tres_mauvaise,1000,>,,,>1000,violet/rouge,0,20,moyenne,
Système d'evaluation de la Qualité des ressources en eau.pdf,8,Tableau n°1 - Grille générale eaux de surface,surface_generale,eaux de surface,Sulfates (SO4-),SO4,Sulfates,mineralisation,mg/l,excellente,,,,,100,bleu,80,100,moyenne,
Système d'evaluation de la Qualité des ressources en eau.pdf,8,Tableau n°1 - Grille générale eaux de surface,surface_generale,eaux de surface,Sulfates (SO4-),SO4,Sulfates,mineralisation,mg/l,bonne,100,>=,200,<=,100-200,vert,60,80,moyenne,
Système d'evaluation de la Qualité des ressources en eau.pdf,8,Tableau n°1 - Grille générale eaux de surface,surface_generale,eaux de surface,Sulfates (SO4-),SO4,Sulfates,mineralisation,mg/l,moyenne,200,>=,250,<=,200-250,orange/jaune,40,60,moyenne,
Système d'evaluation de la Qualité des ressources en eau.pdf,8,Tableau n°1 - Grille générale eaux de surface,surface_generale,eaux de surface,Sulfates (SO4-),SO4,Sulfates,mineralisation,mg/l,mauvaise,250,>=,400,<=,250-400,rouge/violet,20,40,moyenne,
Système d'evaluation de la Qualité des ressources en eau.pdf,8,Tableau n°1 - Grille générale eaux de surface,surface_generale,eaux de surface,Sulfates (SO4-),SO4,Sulfates,mineralisation,mg/l,tres_mauvaise,400,>,,,>400,violet/rouge,0,20,moyenne,
Système d'evaluation de la Qualité des ressources en eau.pdf,8,Tableau n°1 - Grille générale eaux de surface,surface_generale,eaux de surface,MES,MES,MES,matieres_en_suspension,mg/l,excellente,,,,,50,bleu,80,100,moyenne,
Système d'evaluation de la Qualité des ressources en eau.pdf,8,Tableau n°1 - Grille générale eaux de surface,surface_generale,eaux de surface,MES,MES,MES,matieres_en_suspension,mg/l,bonne,50,>=,200,<=,50-200,vert,60,80,moyenne,
Système d'evaluation de la Qualité des ressources en eau.pdf,8,Tableau n°1 - Grille générale eaux de surface,surface_generale,eaux de surface,MES,MES,MES,matieres_en_suspension,mg/l,moyenne,200,>=,1000,<=,200-1000,orange/jaune,40,60,moyenne,
Système d'evaluation de la Qualité des ressources en eau.pdf,8,Tableau n°1 - Grille générale eaux de surface,surface_generale,eaux de surface,MES,MES,MES,matieres_en_suspension,mg/l,mauvaise,1000,>=,2000,<=,1000-2000,rouge/violet,20,40,moyenne,
Système d'evaluation de la Qualité des ressources en eau.pdf,8,Tableau n°1 - Grille générale eaux de surface,surface_generale,eaux de surface,MES,MES,MES,matieres_en_suspension,mg/l,tres_mauvaise,2000,>,,,>2000,violet/rouge,0,20,moyenne,
Système d'evaluation de la Qualité des ressources en eau.pdf,8,Tableau n°1 - Grille générale eaux de surface,surface_generale,eaux de surface,O2 dissous,O2_DISSOUS,O2 dissous,oxygene_matiere_organique,mg/l,excellente,7,>,,,>7,bleu,80,100,moyenne,
Système d'evaluation de la Qualité des ressources en eau.pdf,8,Tableau n°1 - Grille générale eaux de surface,surface_generale,eaux de surface,O2 dissous,O2_DISSOUS,O2 dissous,oxygene_matiere_organique,mg/l,bonne,7,>=,5,<=,7-5,vert,60,80,moyenne,
Système d'evaluation de la Qualité des ressources en eau.pdf,8,Tableau n°1 - Grille générale eaux de surface,surface_generale,eaux de surface,O2 dissous,O2_DISSOUS,O2 dissous,oxygene_matiere_organique,mg/l,moyenne,5,>=,3,<=,5-3,orange/jaune,40,60,moyenne,
Système d'evaluation de la Qualité des ressources en eau.pdf,8,Tableau n°1 - Grille générale eaux de surface,surface_generale,eaux de surface,O2 dissous,O2_DISSOUS,O2 dissous,oxygene_matiere_organique,mg/l,mauvaise,3,>=,1,<=,3-1,rouge/violet,20,40,moyenne,
Système d'evaluation de la Qualité des ressources en eau.pdf,8,Tableau n°1 - Grille générale eaux de surface,surface_generale,eaux de surface,O2 dissous,O2_DISSOUS,O2 dissous,oxygene_matiere_organique,mg/l,tres_mauvaise,,,,,1,violet/rouge,0,20,moyenne,
Système d'evaluation de la Qualité des ressources en eau.pdf,8,Tableau n°1 - Grille générale eaux de surface,surface_generale,eaux de surface,DBO 5,DBO5,DBO5,oxygene_matiere_organique,mg/l,excellente,,,,,3,bleu,80,100,moyenne,
Système d'evaluation de la Qualité des ressources en eau.pdf,8,Tableau n°1 - Grille générale eaux de surface,surface_generale,eaux de surface,DBO 5,DBO5,DBO5,oxygene_matiere_organique,mg/l,bonne,3,>=,5,<=,3-5,vert,60,80,moyenne,
Système d'evaluation de la Qualité des ressources en eau.pdf,8,Tableau n°1 - Grille générale eaux de surface,surface_generale,eaux de surface,DBO 5,DBO5,DBO5,oxygene_matiere_organique,mg/l,moyenne,5,>=,10,<=,5-10,orange/jaune,40,60,moyenne,
Système d'evaluation de la Qualité des ressources en eau.pdf,8,Tableau n°1 - Grille générale eaux de surface,surface_generale,eaux de surface,DBO 5,DBO5,DBO5,oxygene_matiere_organique,mg/l,mauvaise,10,>=,25,<=,10-25,rouge/violet,20,40,moyenne,
Système d'evaluation de la Qualité des ressources en eau.pdf,8,Tableau n°1 - Grille générale eaux de surface,surface_generale,eaux de surface,DBO 5,DBO5,DBO5,oxygene_matiere_organique,mg/l,tres_mauvaise,25,>,,,>25,violet/rouge,0,20,moyenne,
Système d'evaluation de la Qualité des ressources en eau.pdf,8,Tableau n°1 - Grille générale eaux de surface,surface_generale,eaux de surface,DCO,DCO,DCO,oxygene_matiere_organique,mg/l,excellente,,,,,30,bleu,80,100,moyenne,
Système d'evaluation de la Qualité des ressources en eau.pdf,8,Tableau n°1 - Grille générale eaux de surface,surface_generale,eaux de surface,DCO,DCO,DCO,oxygene_matiere_organique,mg/l,bonne,30,>=,35,<=,30-35,vert,60,80,moyenne,
Système d'evaluation de la Qualité des ressources en eau.pdf,8,Tableau n°1 - Grille générale eaux de surface,surface_generale,eaux de surface,DCO,DCO,DCO,oxygene_matiere_organique,mg/l,moyenne,35,>=,40,<=,35-40,orange/jaune,40,60,moyenne,
Système d'evaluation de la Qualité des ressources en eau.pdf,8,Tableau n°1 - Grille générale eaux de surface,surface_generale,eaux de surface,DCO,DCO,DCO,oxygene_matiere_organique,mg/l,mauvaise,40,>=,80,<=,40-80,rouge/violet,20,40,moyenne,
Système d'evaluation de la Qualité des ressources en eau.pdf,8,Tableau n°1 - Grille générale eaux de surface,surface_generale,eaux de surface,DCO,DCO,DCO,oxygene_matiere_organique,mg/l,tres_mauvaise,80,>,,,>80,violet/rouge,0,20,moyenne,
Système d'evaluation de la Qualité des ressources en eau.pdf,8,Tableau n°1 - Grille générale eaux de surface,surface_generale,eaux de surface,Oxydabilité KMnO4,OXYDABILITE_KMNO4,Oxydabilité KMnO4,oxygene_matiere_organique,mg/l,excellente,,,,,2,bleu,80,100,moyenne,
Système d'evaluation de la Qualité des ressources en eau.pdf,8,Tableau n°1 - Grille générale eaux de surface,surface_generale,eaux de surface,Oxydabilité KMnO4,OXYDABILITE_KMNO4,Oxydabilité KMnO4,oxygene_matiere_organique,mg/l,bonne,2,>=,5,<=,2-5,vert,60,80,moyenne,
Système d'evaluation de la Qualité des ressources en eau.pdf,8,Tableau n°1 - Grille générale eaux de surface,surface_generale,eaux de surface,Oxydabilité KMnO4,OXYDABILITE_KMNO4,Oxydabilité KMnO4,oxygene_matiere_organique,mg/l,moyenne,5,>=,10,<=,5-10,orange/jaune,40,60,moyenne,
Système d'evaluation de la Qualité des ressources en eau.pdf,8,Tableau n°1 - Grille générale eaux de surface,surface_generale,eaux de surface,Oxydabilité KMnO4,OXYDABILITE_KMNO4,Oxydabilité KMnO4,oxygene_matiere_organique,mg/l,mauvaise,10,>,,,>10,rouge/violet,20,40,moyenne,
Système d'evaluation de la Qualité des ressources en eau.pdf,8,Tableau n°1 - Grille générale eaux de surface,surface_generale,eaux de surface,Oxydabilité KMnO4,OXYDABILITE_KMNO4,Oxydabilité KMnO4,oxygene_matiere_organique,mg/l,tres_mauvaise,,,,,,violet/rouge,0,20,moyenne,
Système d'evaluation de la Qualité des ressources en eau.pdf,8,Tableau n°1 - Grille générale eaux de surface,surface_generale,eaux de surface,Nitrates (NO3-),NO3,Nitrates,azote,mg/l,excellente,,,,,10,bleu,80,100,moyenne,
Système d'evaluation de la Qualité des ressources en eau.pdf,8,Tableau n°1 - Grille générale eaux de surface,surface_generale,eaux de surface,Nitrates (NO3-),NO3,Nitrates,azote,mg/l,bonne,10,>=,25,<=,10-25,vert,60,80,moyenne,
Système d'evaluation de la Qualité des ressources en eau.pdf,8,Tableau n°1 - Grille générale eaux de surface,surface_generale,eaux de surface,Nitrates (NO3-),NO3,Nitrates,azote,mg/l,moyenne,25,>=,50,<=,25-50,orange/jaune,40,60,moyenne,
Système d'evaluation de la Qualité des ressources en eau.pdf,8,Tableau n°1 - Grille générale eaux de surface,surface_generale,eaux de surface,Nitrates (NO3-),NO3,Nitrates,azote,mg/l,mauvaise,50,>,,,>50,rouge/violet,20,40,moyenne,
Système d'evaluation de la Qualité des ressources en eau.pdf,8,Tableau n°1 - Grille générale eaux de surface,surface_generale,eaux de surface,Nitrates (NO3-),NO3,Nitrates,azote,mg/l,tres_mauvaise,,,,,,violet/rouge,0,20,moyenne,
Système d'evaluation de la Qualité des ressources en eau.pdf,8,Tableau n°1 - Grille générale eaux de surface,surface_generale,eaux de surface,NTK,NTK,NTK,azote,mgN/l,excellente,,,,,1,bleu,80,100,moyenne,
Système d'evaluation de la Qualité des ressources en eau.pdf,8,Tableau n°1 - Grille générale eaux de surface,surface_generale,eaux de surface,NTK,NTK,NTK,azote,mgN/l,bonne,1,>=,2,<=,1-2,vert,60,80,moyenne,
Système d'evaluation de la Qualité des ressources en eau.pdf,8,Tableau n°1 - Grille générale eaux de surface,surface_generale,eaux de surface,NTK,NTK,NTK,azote,mgN/l,moyenne,2,>=,3,<=,2-3,orange/jaune,40,60,moyenne,
Système d'evaluation de la Qualité des ressources en eau.pdf,8,Tableau n°1 - Grille générale eaux de surface,surface_generale,eaux de surface,NTK,NTK,NTK,azote,mgN/l,mauvaise,3,>,,,>3,rouge/violet,20,40,moyenne,
Système d'evaluation de la Qualité des ressources en eau.pdf,8,Tableau n°1 - Grille générale eaux de surface,surface_generale,eaux de surface,NTK,NTK,NTK,azote,mgN/l,tres_mauvaise,,,,,,violet/rouge,0,20,moyenne,
Système d'evaluation de la Qualité des ressources en eau.pdf,8,Tableau n°1 - Grille générale eaux de surface,surface_generale,eaux de surface,Ammonium,NH4,Ammonium,azote,mgNH4/l,excellente,,,,,"0,1",bleu,80,100,moyenne,
Système d'evaluation de la Qualité des ressources en eau.pdf,8,Tableau n°1 - Grille générale eaux de surface,surface_generale,eaux de surface,Ammonium,NH4,Ammonium,azote,mgNH4/l,bonne,0.1,>=,0.5,<=,"0,1-0,5",vert,60,80,moyenne,
Système d'evaluation de la Qualité des ressources en eau.pdf,8,Tableau n°1 - Grille générale eaux de surface,surface_generale,eaux de surface,Ammonium,NH4,Ammonium,azote,mgNH4/l,moyenne,0.5,>=,2,<=,"0,5-2",orange/jaune,40,60,moyenne,
Système d'evaluation de la Qualité des ressources en eau.pdf,8,Tableau n°1 - Grille générale eaux de surface,surface_generale,eaux de surface,Ammonium,NH4,Ammonium,azote,mgNH4/l,mauvaise,2,>=,8,<=,2-8,rouge/violet,20,40,moyenne,
Système d'evaluation de la Qualité des ressources en eau.pdf,8,Tableau n°1 - Grille générale eaux de surface,surface_generale,eaux de surface,Ammonium,NH4,Ammonium,azote,mgNH4/l,tres_mauvaise,8,>,,,>8,violet/rouge,0,20,moyenne,
Système d'evaluation de la Qualité des ressources en eau.pdf,8,Tableau n°1 - Grille générale eaux de surface,surface_generale,eaux de surface,Baryum,BARYUM,Baryum,micropolluants,mg/l,excellente,,,,,"0,1",bleu,80,100,moyenne,
Système d'evaluation de la Qualité des ressources en eau.pdf,8,Tableau n°1 - Grille générale eaux de surface,surface_generale,eaux de surface,Baryum,BARYUM,Baryum,micropolluants,mg/l,bonne,0.1,>=,0.7,<=,"0,1-0,7",vert,60,80,moyenne,
Système d'evaluation de la Qualité des ressources en eau.pdf,8,Tableau n°1 - Grille générale eaux de surface,surface_generale,eaux de surface,Baryum,BARYUM,Baryum,micropolluants,mg/l,moyenne,0.7,>=,1,<=,"0,7-1",orange/jaune,40,60,moyenne,
Système d'evaluation de la Qualité des ressources en eau.pdf,8,Tableau n°1 - Grille générale eaux de surface,surface_generale,eaux de surface,Baryum,BARYUM,Baryum,micropolluants,mg/l,mauvaise,1,>,,,>1,rouge/violet,20,40,moyenne,
Système d'evaluation de la Qualité des ressources en eau.pdf,8,Tableau n°1 - Grille générale eaux de surface,surface_generale,eaux de surface,Baryum,BARYUM,Baryum,micropolluants,mg/l,tres_mauvaise,,,,,,violet/rouge,0,20,moyenne,
Système d'evaluation de la Qualité des ressources en eau.pdf,8,Tableau n°1 - Grille générale eaux de surface,surface_generale,eaux de surface,Phosphates (PO4--),PO4,Orthophosphates,phosphore,mg/l,excellente,,,,,"0,2",bleu,80,100,moyenne,
Système d'evaluation de la Qualité des ressources en eau.pdf,8,Tableau n°1 - Grille générale eaux de surface,surface_generale,eaux de surface,Phosphates (PO4--),PO4,Orthophosphates,phosphore,mg/l,bonne,0.2,>=,0.5,<=,"0,2-0,5",vert,60,80,moyenne,
Système d'evaluation de la Qualité des ressources en eau.pdf,8,Tableau n°1 - Grille générale eaux de surface,surface_generale,eaux de surface,Phosphates (PO4--),PO4,Orthophosphates,phosphore,mg/l,moyenne,0.5,>=,1,<=,"0,5-1",orange/jaune,40,60,moyenne,
Système d'evaluation de la Qualité des ressources en eau.pdf,8,Tableau n°1 - Grille générale eaux de surface,surface_generale,eaux de surface,Phosphates (PO4--),PO4,Orthophosphates,phosphore,mg/l,mauvaise,1,>=,5,<=,1-5,rouge/violet,20,40,moyenne,
Système d'evaluation de la Qualité des ressources en eau.pdf,8,Tableau n°1 - Grille générale eaux de surface,surface_generale,eaux de surface,Phosphates (PO4--),PO4,Orthophosphates,phosphore,mg/l,tres_mauvaise,5,>,,,>5,violet/rouge,0,20,moyenne,
Système d'evaluation de la Qualité des ressources en eau.pdf,8,Tableau n°1 - Grille générale eaux de surface,surface_generale,eaux de surface,P total (Pt),P_TOTAL,P total,phosphore,mg/l,excellente,,,,,"0,1",bleu,80,100,moyenne,
Système d'evaluation de la Qualité des ressources en eau.pdf,8,Tableau n°1 - Grille générale eaux de surface,surface_generale,eaux de surface,P total (Pt),P_TOTAL,P total,phosphore,mg/l,bonne,0.1,>=,0.3,<=,"0,1-0,3",vert,60,80,moyenne,
Système d'evaluation de la Qualité des ressources en eau.pdf,8,Tableau n°1 - Grille générale eaux de surface,surface_generale,eaux de surface,P total (Pt),P_TOTAL,P total,phosphore,mg/l,moyenne,0.3,>=,0.5,<=,"0,3-0,5",orange/jaune,40,60,moyenne,
Système d'evaluation de la Qualité des ressources en eau.pdf,8,Tableau n°1 - Grille générale eaux de surface,surface_generale,eaux de surface,P total (Pt),P_TOTAL,P total,phosphore,mg/l,mauvaise,0.5,>=,3,<=,"0,5-3",rouge/violet,20,40,moyenne,
Système d'evaluation de la Qualité des ressources en eau.pdf,8,Tableau n°1 - Grille générale eaux de surface,surface_generale,eaux de surface,P total (Pt),P_TOTAL,P total,phosphore,mg/l,tres_mauvaise,3,>,,,>3,violet/rouge,0,20,moyenne,
Système d'evaluation de la Qualité des ressources en eau.pdf,8,Tableau n°1 - Grille générale eaux de surface,surface_generale,eaux de surface,Fe total (Fe),FE,Fer total,metaux_lourds,mg/l,excellente,,,,,"0,5",bleu,80,100,moyenne,
Système d'evaluation de la Qualité des ressources en eau.pdf,8,Tableau n°1 - Grille générale eaux de surface,surface_generale,eaux de surface,Fe total (Fe),FE,Fer total,metaux_lourds,mg/l,bonne,0.5,>=,1,<=,"0,5-1",vert,60,80,moyenne,
Système d'evaluation de la Qualité des ressources en eau.pdf,8,Tableau n°1 - Grille générale eaux de surface,surface_generale,eaux de surface,Fe total (Fe),FE,Fer total,metaux_lourds,mg/l,moyenne,1,>=,2,<=,1-2,orange/jaune,40,60,moyenne,
Système d'evaluation de la Qualité des ressources en eau.pdf,8,Tableau n°1 - Grille générale eaux de surface,surface_generale,eaux de surface,Fe total (Fe),FE,Fer total,metaux_lourds,mg/l,mauvaise,2,>=,5,<=,2-5,rouge/violet,20,40,moyenne,
Système d'evaluation de la Qualité des ressources en eau.pdf,8,Tableau n°1 - Grille générale eaux de surface,surface_generale,eaux de surface,Fe total (Fe),FE,Fer total,metaux_lourds,mg/l,tres_mauvaise,5,>,,,>5,violet/rouge,0,20,moyenne,
Système d'evaluation de la Qualité des ressources en eau.pdf,8,Tableau n°1 - Grille générale eaux de surface,surface_generale,eaux de surface,Cuivre (Cu),CU,Cuivre,metaux_lourds,mg/l,excellente,,,,,"0,02",bleu,80,100,moyenne,
Système d'evaluation de la Qualité des ressources en eau.pdf,8,Tableau n°1 - Grille générale eaux de surface,surface_generale,eaux de surface,Cuivre (Cu),CU,Cuivre,metaux_lourds,mg/l,bonne,0.02,>=,0.05,<=,"0,02-0,05",vert,60,80,moyenne,
Système d'evaluation de la Qualité des ressources en eau.pdf,8,Tableau n°1 - Grille générale eaux de surface,surface_generale,eaux de surface,Cuivre (Cu),CU,Cuivre,metaux_lourds,mg/l,moyenne,0.05,>=,1,<=,"0,05-1",orange/jaune,40,60,moyenne,
Système d'evaluation de la Qualité des ressources en eau.pdf,8,Tableau n°1 - Grille générale eaux de surface,surface_generale,eaux de surface,Cuivre (Cu),CU,Cuivre,metaux_lourds,mg/l,mauvaise,1,>,,,>1,rouge/violet,20,40,moyenne,
Système d'evaluation de la Qualité des ressources en eau.pdf,8,Tableau n°1 - Grille générale eaux de surface,surface_generale,eaux de surface,Cuivre (Cu),CU,Cuivre,metaux_lourds,mg/l,tres_mauvaise,,,,,,violet/rouge,0,20,moyenne,
Système d'evaluation de la Qualité des ressources en eau.pdf,8,Tableau n°1 - Grille générale eaux de surface,surface_generale,eaux de surface,Zinc (Zn),ZN,Zinc,metaux_lourds,mg/l,excellente,,,,,"0,5",bleu,80,100,moyenne,
Système d'evaluation de la Qualité des ressources en eau.pdf,8,Tableau n°1 - Grille générale eaux de surface,surface_generale,eaux de surface,Zinc (Zn),ZN,Zinc,metaux_lourds,mg/l,bonne,0.5,>=,1,<=,"0,5-1",vert,60,80,moyenne,
Système d'evaluation de la Qualité des ressources en eau.pdf,8,Tableau n°1 - Grille générale eaux de surface,surface_generale,eaux de surface,Zinc (Zn),ZN,Zinc,metaux_lourds,mg/l,moyenne,1,>=,5,<=,1-5,orange/jaune,40,60,moyenne,
Système d'evaluation de la Qualité des ressources en eau.pdf,8,Tableau n°1 - Grille générale eaux de surface,surface_generale,eaux de surface,Zinc (Zn),ZN,Zinc,metaux_lourds,mg/l,mauvaise,5,>,,,>5,rouge/violet,20,40,moyenne,
Système d'evaluation de la Qualité des ressources en eau.pdf,8,Tableau n°1 - Grille générale eaux de surface,surface_generale,eaux de surface,Zinc (Zn),ZN,Zinc,metaux_lourds,mg/l,tres_mauvaise,,,,,,violet/rouge,0,20,moyenne,
Système d'evaluation de la Qualité des ressources en eau.pdf,8,Tableau n°1 - Grille générale eaux de surface,surface_generale,eaux de surface,Manganèse (Mn),MN,Manganèse,metaux_lourds,mg/l,excellente,,,,,"0,1",bleu,80,100,moyenne,
Système d'evaluation de la Qualité des ressources en eau.pdf,8,Tableau n°1 - Grille générale eaux de surface,surface_generale,eaux de surface,Manganèse (Mn),MN,Manganèse,metaux_lourds,mg/l,bonne,0.1,>=,0.5,<=,"0,1-0,5",vert,60,80,moyenne,
Système d'evaluation de la Qualité des ressources en eau.pdf,8,Tableau n°1 - Grille générale eaux de surface,surface_generale,eaux de surface,Manganèse (Mn),MN,Manganèse,metaux_lourds,mg/l,moyenne,0.5,>=,1,<=,"0,5-1",orange/jaune,40,60,moyenne,
Système d'evaluation de la Qualité des ressources en eau.pdf,8,Tableau n°1 - Grille générale eaux de surface,surface_generale,eaux de surface,Manganèse (Mn),MN,Manganèse,metaux_lourds,mg/l,mauvaise,1,>,,,>1,rouge/violet,20,40,moyenne,
Système d'evaluation de la Qualité des ressources en eau.pdf,8,Tableau n°1 - Grille générale eaux de surface,surface_generale,eaux de surface,Manganèse (Mn),MN,Manganèse,metaux_lourds,mg/l,tres_mauvaise,,,,,,violet/rouge,0,20,moyenne,
Système d'evaluation de la Qualité des ressources en eau.pdf,8,Tableau n°1 - Grille générale eaux de surface,surface_generale,eaux de surface,Fluorure (F-),FLUORURE_F,Fluorure,micropolluants,mg/l,excellente,,,,,"0,7",bleu,80,100,moyenne,
Système d'evaluation de la Qualité des ressources en eau.pdf,8,Tableau n°1 - Grille générale eaux de surface,surface_generale,eaux de surface,Fluorure (F-),FLUORURE_F,Fluorure,micropolluants,mg/l,bonne,0.7,>=,1,<=,"0,7-1",vert,60,80,moyenne,
Système d'evaluation de la Qualité des ressources en eau.pdf,8,Tableau n°1 - Grille générale eaux de surface,surface_generale,eaux de surface,Fluorure (F-),FLUORURE_F,Fluorure,micropolluants,mg/l,moyenne,1,>=,1.7,<=,"1-1,7",orange/jaune,40,60,moyenne,
Système d'evaluation de la Qualité des ressources en eau.pdf,8,Tableau n°1 - Grille générale eaux de surface,surface_generale,eaux de surface,Fluorure (F-),FLUORURE_F,Fluorure,micropolluants,mg/l,mauvaise,1.7,>,,,">1,7",rouge/violet,20,40,moyenne,
Système d'evaluation de la Qualité des ressources en eau.pdf,8,Tableau n°1 - Grille générale eaux de surface,surface_generale,eaux de surface,Fluorure (F-),FLUORURE_F,Fluorure,micropolluants,mg/l,tres_mauvaise,,,,,,violet/rouge,0,20,moyenne,
Système d'evaluation de la Qualité des ressources en eau.pdf,8,Tableau n°1 - Grille générale eaux de surface,surface_generale,eaux de surface,Hydrocarbures,HYDROCARBURES,Hydrocarbures,micropolluants,mg/l,excellente,,,,,"0,05",bleu,80,100,moyenne,
Système d'evaluation de la Qualité des ressources en eau.pdf,8,Tableau n°1 - Grille générale eaux de surface,surface_generale,eaux de surface,Hydrocarbures,HYDROCARBURES,Hydrocarbures,micropolluants,mg/l,bonne,0.05,>=,0.2,<=,"0,05-0,2",vert,60,80,moyenne,
Système d'evaluation de la Qualité des ressources en eau.pdf,8,Tableau n°1 - Grille générale eaux de surface,surface_generale,eaux de surface,Hydrocarbures,HYDROCARBURES,Hydrocarbures,micropolluants,mg/l,moyenne,0.2,>=,1,<=,"0,2-1",orange/jaune,40,60,moyenne,
Système d'evaluation de la Qualité des ressources en eau.pdf,8,Tableau n°1 - Grille générale eaux de surface,surface_generale,eaux de surface,Hydrocarbures,HYDROCARBURES,Hydrocarbures,micropolluants,mg/l,mauvaise,1,>,,,>1,rouge/violet,20,40,moyenne,
Système d'evaluation de la Qualité des ressources en eau.pdf,8,Tableau n°1 - Grille générale eaux de surface,surface_generale,eaux de surface,Hydrocarbures,HYDROCARBURES,Hydrocarbures,micropolluants,mg/l,tres_mauvaise,,,,,,violet/rouge,0,20,moyenne,
Système d'evaluation de la Qualité des ressources en eau.pdf,8,Tableau n°1 - Grille générale eaux de surface,surface_generale,eaux de surface,Phénols,PHENOLS,Phénols,micropolluants,mg/l,excellente,,,,,"0,001",bleu,80,100,moyenne,
Système d'evaluation de la Qualité des ressources en eau.pdf,8,Tableau n°1 - Grille générale eaux de surface,surface_generale,eaux de surface,Phénols,PHENOLS,Phénols,micropolluants,mg/l,bonne,0.001,>=,0.005,<=,"0,001-0,005",vert,60,80,moyenne,
Système d'evaluation de la Qualité des ressources en eau.pdf,8,Tableau n°1 - Grille générale eaux de surface,surface_generale,eaux de surface,Phénols,PHENOLS,Phénols,micropolluants,mg/l,moyenne,0.005,>=,0.01,<=,"0,005-0,01",orange/jaune,40,60,moyenne,
Système d'evaluation de la Qualité des ressources en eau.pdf,8,Tableau n°1 - Grille générale eaux de surface,surface_generale,eaux de surface,Phénols,PHENOLS,Phénols,micropolluants,mg/l,mauvaise,0.01,>,,,">0,01",rouge/violet,20,40,moyenne,
Système d'evaluation de la Qualité des ressources en eau.pdf,8,Tableau n°1 - Grille générale eaux de surface,surface_generale,eaux de surface,Phénols,PHENOLS,Phénols,micropolluants,mg/l,tres_mauvaise,,,,,,violet/rouge,0,20,moyenne,
Système d'evaluation de la Qualité des ressources en eau.pdf,8,Tableau n°1 - Grille générale eaux de surface,surface_generale,eaux de surface,Détergents anioniques,DETERGENTS,Détergents anioniques,micropolluants,mg/l,excellente,,,,,"0,2",bleu,80,100,moyenne,
Système d'evaluation de la Qualité des ressources en eau.pdf,8,Tableau n°1 - Grille générale eaux de surface,surface_generale,eaux de surface,Détergents anioniques,DETERGENTS,Détergents anioniques,micropolluants,mg/l,bonne,,,,,"0,2",vert,60,80,moyenne,
Système d'evaluation de la Qualité des ressources en eau.pdf,8,Tableau n°1 - Grille générale eaux de surface,surface_generale,eaux de surface,Détergents anioniques,DETERGENTS,Détergents anioniques,micropolluants,mg/l,moyenne,0.2,>=,0.5,<=,"0,2-0,5",orange/jaune,40,60,moyenne,
Système d'evaluation de la Qualité des ressources en eau.pdf,8,Tableau n°1 - Grille générale eaux de surface,surface_generale,eaux de surface,Détergents anioniques,DETERGENTS,Détergents anioniques,micropolluants,mg/l,mauvaise,0.5,>=,5,<=,"0,5-5",rouge/violet,20,40,moyenne,
Système d'evaluation de la Qualité des ressources en eau.pdf,8,Tableau n°1 - Grille générale eaux de surface,surface_generale,eaux de surface,Détergents anioniques,DETERGENTS,Détergents anioniques,micropolluants,mg/l,tres_mauvaise,5,>,,,>5,violet/rouge,0,20,moyenne,
Système d'evaluation de la Qualité des ressources en eau.pdf,8,Tableau n°1 - Grille générale eaux de surface,surface_generale,eaux de surface,Arsenic (As),AS,Arsenic,metaux_lourds,µg/l,excellente,,,,,10,bleu,80,100,moyenne,
Système d'evaluation de la Qualité des ressources en eau.pdf,8,Tableau n°1 - Grille générale eaux de surface,surface_generale,eaux de surface,Arsenic (As),AS,Arsenic,metaux_lourds,µg/l,bonne,,,,,10,vert,60,80,moyenne,
Système d'evaluation de la Qualité des ressources en eau.pdf,8,Tableau n°1 - Grille générale eaux de surface,surface_generale,eaux de surface,Arsenic (As),AS,Arsenic,metaux_lourds,µg/l,moyenne,10,>=,50,<=,10-50,orange/jaune,40,60,moyenne,
Système d'evaluation de la Qualité des ressources en eau.pdf,8,Tableau n°1 - Grille générale eaux de surface,surface_generale,eaux de surface,Arsenic (As),AS,Arsenic,metaux_lourds,µg/l,mauvaise,50,>,,,>50,rouge/violet,20,40,moyenne,
Système d'evaluation de la Qualité des ressources en eau.pdf,8,Tableau n°1 - Grille générale eaux de surface,surface_generale,eaux de surface,Arsenic (As),AS,Arsenic,metaux_lourds,µg/l,tres_mauvaise,,,,,,violet/rouge,0,20,moyenne,
Système d'evaluation de la Qualité des ressources en eau.pdf,8,Tableau n°1 - Grille générale eaux de surface,surface_generale,eaux de surface,Cadmium (Cd),CD,Cadmium,metaux_lourds,µg/l,excellente,,,,,3,bleu,80,100,moyenne,
Système d'evaluation de la Qualité des ressources en eau.pdf,8,Tableau n°1 - Grille générale eaux de surface,surface_generale,eaux de surface,Cadmium (Cd),CD,Cadmium,metaux_lourds,µg/l,bonne,,,,,3,vert,60,80,moyenne,
Système d'evaluation de la Qualité des ressources en eau.pdf,8,Tableau n°1 - Grille générale eaux de surface,surface_generale,eaux de surface,Cadmium (Cd),CD,Cadmium,metaux_lourds,µg/l,moyenne,3,>=,5,<=,3-5,orange/jaune,40,60,moyenne,
Système d'evaluation de la Qualité des ressources en eau.pdf,8,Tableau n°1 - Grille générale eaux de surface,surface_generale,eaux de surface,Cadmium (Cd),CD,Cadmium,metaux_lourds,µg/l,mauvaise,5,>,,,>5,rouge/violet,20,40,moyenne,
Système d'evaluation de la Qualité des ressources en eau.pdf,8,Tableau n°1 - Grille générale eaux de surface,surface_generale,eaux de surface,Cadmium (Cd),CD,Cadmium,metaux_lourds,µg/l,tres_mauvaise,,,,,,violet/rouge,0,20,moyenne,
Système d'evaluation de la Qualité des ressources en eau.pdf,8,Tableau n°1 - Grille générale eaux de surface,surface_generale,eaux de surface,Cyanures (CN-),CN,Cyanures,micropolluants,µg/l,excellente,,,,,10,bleu,80,100,moyenne,
Système d'evaluation de la Qualité des ressources en eau.pdf,8,Tableau n°1 - Grille générale eaux de surface,surface_generale,eaux de surface,Cyanures (CN-),CN,Cyanures,micropolluants,µg/l,bonne,,,,,10,vert,60,80,moyenne,
Système d'evaluation de la Qualité des ressources en eau.pdf,8,Tableau n°1 - Grille générale eaux de surface,surface_generale,eaux de surface,Cyanures (CN-),CN,Cyanures,micropolluants,µg/l,moyenne,10,>=,50,<=,10-50,orange/jaune,40,60,moyenne,
Système d'evaluation de la Qualité des ressources en eau.pdf,8,Tableau n°1 - Grille générale eaux de surface,surface_generale,eaux de surface,Cyanures (CN-),CN,Cyanures,micropolluants,µg/l,mauvaise,50,>,,,>50,rouge/violet,20,40,moyenne,
Système d'evaluation de la Qualité des ressources en eau.pdf,8,Tableau n°1 - Grille générale eaux de surface,surface_generale,eaux de surface,Cyanures (CN-),CN,Cyanures,micropolluants,µg/l,tres_mauvaise,,,,,,violet/rouge,0,20,moyenne,
Système d'evaluation de la Qualité des ressources en eau.pdf,8,Tableau n°1 - Grille générale eaux de surface,surface_generale,eaux de surface,Chrome total (Cr),CR,Chrome total,metaux_lourds,µg/l,excellente,,,,,50,bleu,80,100,moyenne,classe 3 identique visuellement aux classes 1 et 2
Système d'evaluation de la Qualité des ressources en eau.pdf,8,Tableau n°1 - Grille générale eaux de surface,surface_generale,eaux de surface,Chrome total (Cr),CR,Chrome total,metaux_lourds,µg/l,bonne,,,,,50,vert,60,80,moyenne,classe 3 identique visuellement aux classes 1 et 2
Système d'evaluation de la Qualité des ressources en eau.pdf,8,Tableau n°1 - Grille générale eaux de surface,surface_generale,eaux de surface,Chrome total (Cr),CR,Chrome total,metaux_lourds,µg/l,moyenne,,,,,50,orange/jaune,40,60,moyenne,classe 3 identique visuellement aux classes 1 et 2
Système d'evaluation de la Qualité des ressources en eau.pdf,8,Tableau n°1 - Grille générale eaux de surface,surface_generale,eaux de surface,Chrome total (Cr),CR,Chrome total,metaux_lourds,µg/l,mauvaise,50,>,,,>50,rouge/violet,20,40,moyenne,classe 3 identique visuellement aux classes 1 et 2
Système d'evaluation de la Qualité des ressources en eau.pdf,8,Tableau n°1 - Grille générale eaux de surface,surface_generale,eaux de surface,Chrome total (Cr),CR,Chrome total,metaux_lourds,µg/l,tres_mauvaise,,,,,,violet/rouge,0,20,moyenne,classe 3 identique visuellement aux classes 1 et 2
Système d'evaluation de la Qualité des ressources en eau.pdf,8,Tableau n°1 - Grille générale eaux de surface,surface_generale,eaux de surface,Plomb (Pb),PB,Plomb,metaux_lourds,µg/l,excellente,,,,,10,bleu,80,100,moyenne,
Système d'evaluation de la Qualité des ressources en eau.pdf,8,Tableau n°1 - Grille générale eaux de surface,surface_generale,eaux de surface,Plomb (Pb),PB,Plomb,metaux_lourds,µg/l,bonne,,,,,10,vert,60,80,moyenne,
Système d'evaluation de la Qualité des ressources en eau.pdf,8,Tableau n°1 - Grille générale eaux de surface,surface_generale,eaux de surface,Plomb (Pb),PB,Plomb,metaux_lourds,µg/l,moyenne,10,>=,50,<=,10-50,orange/jaune,40,60,moyenne,
Système d'evaluation de la Qualité des ressources en eau.pdf,8,Tableau n°1 - Grille générale eaux de surface,surface_generale,eaux de surface,Plomb (Pb),PB,Plomb,metaux_lourds,µg/l,mauvaise,50,>,,,>50,rouge/violet,20,40,moyenne,
Système d'evaluation de la Qualité des ressources en eau.pdf,8,Tableau n°1 - Grille générale eaux de surface,surface_generale,eaux de surface,Plomb (Pb),PB,Plomb,metaux_lourds,µg/l,tres_mauvaise,,,,,,violet/rouge,0,20,moyenne,
Système d'evaluation de la Qualité des ressources en eau.pdf,8,Tableau n°1 - Grille générale eaux de surface,surface_generale,eaux de surface,Mercure (Hg),HG,Mercure,metaux_lourds,µg/l,excellente,,,,,1,bleu,80,100,faible,"classe 3 visuellement notée <1, à confirmer; À vérifier"
Système d'evaluation de la Qualité des ressources en eau.pdf,8,Tableau n°1 - Grille générale eaux de surface,surface_generale,eaux de surface,Mercure (Hg),HG,Mercure,metaux_lourds,µg/l,bonne,,,,,1,vert,60,80,faible,"classe 3 visuellement notée <1, à confirmer; À vérifier"
Système d'evaluation de la Qualité des ressources en eau.pdf,8,Tableau n°1 - Grille générale eaux de surface,surface_generale,eaux de surface,Mercure (Hg),HG,Mercure,metaux_lourds,µg/l,moyenne,,,,,1,orange/jaune,40,60,faible,"classe 3 visuellement notée <1, à confirmer; À vérifier"
Système d'evaluation de la Qualité des ressources en eau.pdf,8,Tableau n°1 - Grille générale eaux de surface,surface_generale,eaux de surface,Mercure (Hg),HG,Mercure,metaux_lourds,µg/l,mauvaise,1,>,,,>1,rouge/violet,20,40,faible,"classe 3 visuellement notée <1, à confirmer; À vérifier"
Système d'evaluation de la Qualité des ressources en eau.pdf,8,Tableau n°1 - Grille générale eaux de surface,surface_generale,eaux de surface,Mercure (Hg),HG,Mercure,metaux_lourds,µg/l,tres_mauvaise,,,,,,violet/rouge,0,20,faible,"classe 3 visuellement notée <1, à confirmer; À vérifier"
Système d'evaluation de la Qualité des ressources en eau.pdf,8,Tableau n°1 - Grille générale eaux de surface,surface_generale,eaux de surface,Nickel (Ni),NI,Nickel,metaux_lourds,µg/l,excellente,,,,,20,bleu,80,100,moyenne,
Système d'evaluation de la Qualité des ressources en eau.pdf,8,Tableau n°1 - Grille générale eaux de surface,surface_generale,eaux de surface,Nickel (Ni),NI,Nickel,metaux_lourds,µg/l,bonne,,,,,20,vert,60,80,moyenne,
Système d'evaluation de la Qualité des ressources en eau.pdf,8,Tableau n°1 - Grille générale eaux de surface,surface_generale,eaux de surface,Nickel (Ni),NI,Nickel,metaux_lourds,µg/l,moyenne,20,>=,50,<=,20-50,orange/jaune,40,60,moyenne,
Système d'evaluation de la Qualité des ressources en eau.pdf,8,Tableau n°1 - Grille générale eaux de surface,surface_generale,eaux de surface,Nickel (Ni),NI,Nickel,metaux_lourds,µg/l,mauvaise,50,>,,,>50,rouge/violet,20,40,moyenne,
Système d'evaluation de la Qualité des ressources en eau.pdf,8,Tableau n°1 - Grille générale eaux de surface,surface_generale,eaux de surface,Nickel (Ni),NI,Nickel,metaux_lourds,µg/l,tres_mauvaise,,,,,,violet/rouge,0,20,moyenne,
Système d'evaluation de la Qualité des ressources en eau.pdf,8,Tableau n°1 - Grille générale eaux de surface,surface_generale,eaux de surface,Selenium (Se),SELENIUM_SE,Sélénium,micropolluants,µg/l,excellente,,,,,10,bleu,80,100,moyenne,classe 3 visuellement identique aux classes 1 et 2
Système d'evaluation de la Qualité des ressources en eau.pdf,8,Tableau n°1 - Grille générale eaux de surface,surface_generale,eaux de surface,Selenium (Se),SELENIUM_SE,Sélénium,micropolluants,µg/l,bonne,,,,,10,vert,60,80,moyenne,classe 3 visuellement identique aux classes 1 et 2
Système d'evaluation de la Qualité des ressources en eau.pdf,8,Tableau n°1 - Grille générale eaux de surface,surface_generale,eaux de surface,Selenium (Se),SELENIUM_SE,Sélénium,micropolluants,µg/l,moyenne,,,,,10,orange/jaune,40,60,moyenne,classe 3 visuellement identique aux classes 1 et 2
Système d'evaluation de la Qualité des ressources en eau.pdf,8,Tableau n°1 - Grille générale eaux de surface,surface_generale,eaux de surface,Selenium (Se),SELENIUM_SE,Sélénium,micropolluants,µg/l,mauvaise,10,>,,,>10,rouge/violet,20,40,moyenne,classe 3 visuellement identique aux classes 1 et 2
Système d'evaluation de la Qualité des ressources en eau.pdf,8,Tableau n°1 - Grille générale eaux de surface,surface_generale,eaux de surface,Selenium (Se),SELENIUM_SE,Sélénium,micropolluants,µg/l,tres_mauvaise,,,,,,violet/rouge,0,20,moyenne,classe 3 visuellement identique aux classes 1 et 2
Système d'evaluation de la Qualité des ressources en eau.pdf,8,Tableau n°1 - Grille générale eaux de surface,surface_generale,eaux de surface,Pesticides par subst,PESTICIDES_PAR_SUBST,Pesticides par substance,micropolluants,µg/l,excellente,,,,,"0,1",bleu,80,100,moyenne,
Système d'evaluation de la Qualité des ressources en eau.pdf,8,Tableau n°1 - Grille générale eaux de surface,surface_generale,eaux de surface,Pesticides par subst,PESTICIDES_PAR_SUBST,Pesticides par substance,micropolluants,µg/l,bonne,,,,,"0,1",vert,60,80,moyenne,
Système d'evaluation de la Qualité des ressources en eau.pdf,8,Tableau n°1 - Grille générale eaux de surface,surface_generale,eaux de surface,Pesticides par subst,PESTICIDES_PAR_SUBST,Pesticides par substance,micropolluants,µg/l,moyenne,,,,,"0,1",orange/jaune,40,60,moyenne,
Système d'evaluation de la Qualité des ressources en eau.pdf,8,Tableau n°1 - Grille générale eaux de surface,surface_generale,eaux de surface,Pesticides par subst,PESTICIDES_PAR_SUBST,Pesticides par substance,micropolluants,µg/l,mauvaise,0.1,>,,,">0,1",rouge/violet,20,40,moyenne,
Système d'evaluation de la Qualité des ressources en eau.pdf,8,Tableau n°1 - Grille générale eaux de surface,surface_generale,eaux de surface,Pesticides par subst,PESTICIDES_PAR_SUBST,Pesticides par substance,micropolluants,µg/l,tres_mauvaise,,,,,,violet/rouge,0,20,moyenne,
Système d'evaluation de la Qualité des ressources en eau.pdf,8,Tableau n°1 - Grille générale eaux de surface,surface_generale,eaux de surface,Pesticides totaux,PESTICIDES_TOTAUX,Pesticides totaux,micropolluants,µg/l,excellente,,,,,"0,5",bleu,80,100,moyenne,
Système d'evaluation de la Qualité des ressources en eau.pdf,8,Tableau n°1 - Grille générale eaux de surface,surface_generale,eaux de surface,Pesticides totaux,PESTICIDES_TOTAUX,Pesticides totaux,micropolluants,µg/l,bonne,,,,,"0,5",vert,60,80,moyenne,
Système d'evaluation de la Qualité des ressources en eau.pdf,8,Tableau n°1 - Grille générale eaux de surface,surface_generale,eaux de surface,Pesticides totaux,PESTICIDES_TOTAUX,Pesticides totaux,micropolluants,µg/l,moyenne,,,,,"0,5",orange/jaune,40,60,moyenne,
Système d'evaluation de la Qualité des ressources en eau.pdf,8,Tableau n°1 - Grille générale eaux de surface,surface_generale,eaux de surface,Pesticides totaux,PESTICIDES_TOTAUX,Pesticides totaux,micropolluants,µg/l,mauvaise,0.5,>,,,">0,5",rouge/violet,20,40,moyenne,
Système d'evaluation de la Qualité des ressources en eau.pdf,8,Tableau n°1 - Grille générale eaux de surface,surface_generale,eaux de surface,Pesticides totaux,PESTICIDES_TOTAUX,Pesticides totaux,micropolluants,µg/l,tres_mauvaise,,,,,,violet/rouge,0,20,moyenne,
Système d'evaluation de la Qualité des ressources en eau.pdf,8,Tableau n°1 - Grille générale eaux de surface,surface_generale,eaux de surface,H.P.A. totaux,H_P_A_TOTAUX,H.P.A. totaux,micropolluants,µg/l,excellente,,,,,"0,2",bleu,80,100,moyenne,
Système d'evaluation de la Qualité des ressources en eau.pdf,8,Tableau n°1 - Grille générale eaux de surface,surface_generale,eaux de surface,H.P.A. totaux,H_P_A_TOTAUX,H.P.A. totaux,micropolluants,µg/l,bonne,,,,,"0,2",vert,60,80,moyenne,
Système d'evaluation de la Qualité des ressources en eau.pdf,8,Tableau n°1 - Grille générale eaux de surface,surface_generale,eaux de surface,H.P.A. totaux,H_P_A_TOTAUX,H.P.A. totaux,micropolluants,µg/l,moyenne,,,,,"0,2",orange/jaune,40,60,moyenne,
Système d'evaluation de la Qualité des ressources en eau.pdf,8,Tableau n°1 - Grille générale eaux de surface,surface_generale,eaux de surface,H.P.A. totaux,H_P_A_TOTAUX,H.P.A. totaux,micropolluants,µg/l,mauvaise,0.2,>,,,">0,2",rouge/violet,20,40,moyenne,
Système d'evaluation de la Qualité des ressources en eau.pdf,8,Tableau n°1 - Grille générale eaux de surface,surface_generale,eaux de surface,H.P.A. totaux,H_P_A_TOTAUX,H.P.A. totaux,micropolluants,µg/l,tres_mauvaise,,,,,,violet/rouge,0,20,moyenne,
Système d'evaluation de la Qualité des ressources en eau.pdf,8,Tableau n°1 - Grille générale eaux de surface,surface_generale,eaux de surface,Coliformes fécaux,CF,Coliformes fécaux,microbiologie,/100ml,excellente,,,,,20,bleu,80,100,moyenne,
Système d'evaluation de la Qualité des ressources en eau.pdf,8,Tableau n°1 - Grille générale eaux de surface,surface_generale,eaux de surface,Coliformes fécaux,CF,Coliformes fécaux,microbiologie,/100ml,bonne,20,>=,2000,<=,20-2000,vert,60,80,moyenne,
Système d'evaluation de la Qualité des ressources en eau.pdf,8,Tableau n°1 - Grille générale eaux de surface,surface_generale,eaux de surface,Coliformes fécaux,CF,Coliformes fécaux,microbiologie,/100ml,moyenne,2000,>=,20.000,<=,2000-20.000,orange/jaune,40,60,moyenne,
Système d'evaluation de la Qualité des ressources en eau.pdf,8,Tableau n°1 - Grille générale eaux de surface,surface_generale,eaux de surface,Coliformes fécaux,CF,Coliformes fécaux,microbiologie,/100ml,mauvaise,20.000,>,,,>20.000,rouge/violet,20,40,moyenne,
Système d'evaluation de la Qualité des ressources en eau.pdf,8,Tableau n°1 - Grille générale eaux de surface,surface_generale,eaux de surface,Coliformes fécaux,CF,Coliformes fécaux,microbiologie,/100ml,tres_mauvaise,,,,,,violet/rouge,0,20,moyenne,
Système d'evaluation de la Qualité des ressources en eau.pdf,8,Tableau n°1 - Grille générale eaux de surface,surface_generale,eaux de surface,Coliformes totaux,CT,Coliformes totaux,microbiologie,/100ml,excellente,,,,,50,bleu,80,100,moyenne,
Système d'evaluation de la Qualité des ressources en eau.pdf,8,Tableau n°1 - Grille générale eaux de surface,surface_generale,eaux de surface,Coliformes totaux,CT,Coliformes totaux,microbiologie,/100ml,bonne,50,>=,5000,<=,50-5000,vert,60,80,moyenne,
Système d'evaluation de la Qualité des ressources en eau.pdf,8,Tableau n°1 - Grille générale eaux de surface,surface_generale,eaux de surface,Coliformes totaux,CT,Coliformes totaux,microbiologie,/100ml,moyenne,5000,>=,50.000,<=,5000-50.000,orange/jaune,40,60,moyenne,
Système d'evaluation de la Qualité des ressources en eau.pdf,8,Tableau n°1 - Grille générale eaux de surface,surface_generale,eaux de surface,Coliformes totaux,CT,Coliformes totaux,microbiologie,/100ml,mauvaise,50.000,>,,,>50.000,rouge/violet,20,40,moyenne,
Système d'evaluation de la Qualité des ressources en eau.pdf,8,Tableau n°1 - Grille générale eaux de surface,surface_generale,eaux de surface,Coliformes totaux,CT,Coliformes totaux,microbiologie,/100ml,tres_mauvaise,,,,,,violet/rouge,0,20,moyenne,
Système d'evaluation de la Qualité des ressources en eau.pdf,8,Tableau n°1 - Grille générale eaux de surface,surface_generale,eaux de surface,Streptocoques fécaux,SF,Streptocoques fécaux,microbiologie,/100ml,excellente,,,,,20,bleu,80,100,moyenne,
Système d'evaluation de la Qualité des ressources en eau.pdf,8,Tableau n°1 - Grille générale eaux de surface,surface_generale,eaux de surface,Streptocoques fécaux,SF,Streptocoques fécaux,microbiologie,/100ml,bonne,20,>=,1000,<=,20-1000,vert,60,80,moyenne,
Système d'evaluation de la Qualité des ressources en eau.pdf,8,Tableau n°1 - Grille générale eaux de surface,surface_generale,eaux de surface,Streptocoques fécaux,SF,Streptocoques fécaux,microbiologie,/100ml,moyenne,1000,>=,10.000,<=,1000-10.000,orange/jaune,40,60,moyenne,
Système d'evaluation de la Qualité des ressources en eau.pdf,8,Tableau n°1 - Grille générale eaux de surface,surface_generale,eaux de surface,Streptocoques fécaux,SF,Streptocoques fécaux,microbiologie,/100ml,mauvaise,10.000,>,,,>10.000,rouge/violet,20,40,moyenne,
Système d'evaluation de la Qualité des ressources en eau.pdf,8,Tableau n°1 - Grille générale eaux de surface,surface_generale,eaux de surface,Streptocoques fécaux,SF,Streptocoques fécaux,microbiologie,/100ml,tres_mauvaise,,,,,,violet/rouge,0,20,moyenne,
Système d'evaluation de la Qualité des ressources en eau.pdf,8,Tableau n°1 - Grille générale eaux de surface,surface_generale,eaux de surface,Chlorophylle a,CHL_A,Chlorophylle a,biologique,µg/l,excellente,,,,,"2,5",bleu,80,100,moyenne,
Système d'evaluation de la Qualité des ressources en eau.pdf,8,Tableau n°1 - Grille générale eaux de surface,surface_generale,eaux de surface,Chlorophylle a,CHL_A,Chlorophylle a,biologique,µg/l,bonne,2.5,>=,10,<=,"2,5-10",vert,60,80,moyenne,
Système d'evaluation de la Qualité des ressources en eau.pdf,8,Tableau n°1 - Grille générale eaux de surface,surface_generale,eaux de surface,Chlorophylle a,CHL_A,Chlorophylle a,biologique,µg/l,moyenne,10,>=,30,<=,10-30,orange/jaune,40,60,moyenne,
Système d'evaluation de la Qualité des ressources en eau.pdf,8,Tableau n°1 - Grille générale eaux de surface,surface_generale,eaux de surface,Chlorophylle a,CHL_A,Chlorophylle a,biologique,µg/l,mauvaise,30,>=,110,<=,30-110,rouge/violet,20,40,moyenne,
Système d'evaluation de la Qualité des ressources en eau.pdf,8,Tableau n°1 - Grille générale eaux de surface,surface_generale,eaux de surface,Chlorophylle a,CHL_A,Chlorophylle a,biologique,µg/l,tres_mauvaise,110,>,,,>110,violet/rouge,0,20,moyenne,
Système d'evaluation de la Qualité des ressources en eau.pdf,12,Tableaux n°2/n°5 - Grilles simplifiées rivières,riviere,eaux de rivières,Température,T_EAU,Température,temperature,°C,excellente,0,>=,20,<=,0-20,bleu,80,100,moyenne,
Système d'evaluation de la Qualité des ressources en eau.pdf,12,Tableaux n°2/n°5 - Grilles simplifiées rivières,riviere,eaux de rivières,Température,T_EAU,Température,temperature,°C,bonne,20,>=,25,<=,20-25,vert,60,80,moyenne,
Système d'evaluation de la Qualité des ressources en eau.pdf,12,Tableaux n°2/n°5 - Grilles simplifiées rivières,riviere,eaux de rivières,Température,T_EAU,Température,temperature,°C,moyenne,25,>=,30,<=,25-30,orange/jaune,40,60,moyenne,
Système d'evaluation de la Qualité des ressources en eau.pdf,12,Tableaux n°2/n°5 - Grilles simplifiées rivières,riviere,eaux de rivières,Température,T_EAU,Température,temperature,°C,mauvaise,30,>=,35,<=,30-35,rouge/violet,20,40,moyenne,
Système d'evaluation de la Qualité des ressources en eau.pdf,12,Tableaux n°2/n°5 - Grilles simplifiées rivières,riviere,eaux de rivières,Température,T_EAU,Température,temperature,°C,tres_mauvaise,35,>=,40,<=,35-40,violet/rouge,0,20,moyenne,
Système d'evaluation de la Qualité des ressources en eau.pdf,12,Tableaux n°2/n°5 - Grilles simplifiées rivières,riviere,eaux de rivières,pH,PH,pH,acidification,,excellente,6.5,>=,8.5,<=,"6,5-8,5",bleu,80,100,moyenne,tableau simplifié avec cellules vides pour certaines classes
Système d'evaluation de la Qualité des ressources en eau.pdf,12,Tableaux n°2/n°5 - Grilles simplifiées rivières,riviere,eaux de rivières,pH,PH,pH,acidification,,bonne,,,,,,vert,60,80,moyenne,tableau simplifié avec cellules vides pour certaines classes
Système d'evaluation de la Qualité des ressources en eau.pdf,12,Tableaux n°2/n°5 - Grilles simplifiées rivières,riviere,eaux de rivières,pH,PH,pH,acidification,,moyenne,8.5,>=,9.2,<=,"8,5-9,2",orange/jaune,40,60,moyenne,tableau simplifié avec cellules vides pour certaines classes
Système d'evaluation de la Qualité des ressources en eau.pdf,12,Tableaux n°2/n°5 - Grilles simplifiées rivières,riviere,eaux de rivières,pH,PH,pH,acidification,,mauvaise,,,,,,rouge/violet,20,40,moyenne,tableau simplifié avec cellules vides pour certaines classes
Système d'evaluation de la Qualité des ressources en eau.pdf,12,Tableaux n°2/n°5 - Grilles simplifiées rivières,riviere,eaux de rivières,pH,PH,pH,acidification,,tres_mauvaise,,,,,,violet/rouge,0,20,moyenne,tableau simplifié avec cellules vides pour certaines classes
Système d'evaluation de la Qualité des ressources en eau.pdf,12,Tableaux n°2/n°5 - Grilles simplifiées rivières,riviere,eaux de rivières,O2 dissous,O2_DISSOUS,O2 dissous,oxygene_matiere_organique,mg/l,excellente,7,>=,16,<=,7-16,bleu,80,100,moyenne,
Système d'evaluation de la Qualité des ressources en eau.pdf,12,Tableaux n°2/n°5 - Grilles simplifiées rivières,riviere,eaux de rivières,O2 dissous,O2_DISSOUS,O2 dissous,oxygene_matiere_organique,mg/l,bonne,5,>=,7,<=,5-7,vert,60,80,moyenne,
Système d'evaluation de la Qualité des ressources en eau.pdf,12,Tableaux n°2/n°5 - Grilles simplifiées rivières,riviere,eaux de rivières,O2 dissous,O2_DISSOUS,O2 dissous,oxygene_matiere_organique,mg/l,moyenne,3,>=,7,<=,3-7,orange/jaune,40,60,moyenne,
Système d'evaluation de la Qualité des ressources en eau.pdf,12,Tableaux n°2/n°5 - Grilles simplifiées rivières,riviere,eaux de rivières,O2 dissous,O2_DISSOUS,O2 dissous,oxygene_matiere_organique,mg/l,mauvaise,1,>=,3,<=,1-3,rouge/violet,20,40,moyenne,
Système d'evaluation de la Qualité des ressources en eau.pdf,12,Tableaux n°2/n°5 - Grilles simplifiées rivières,riviere,eaux de rivières,O2 dissous,O2_DISSOUS,O2 dissous,oxygene_matiere_organique,mg/l,tres_mauvaise,0,>=,1,<=,0-1,violet/rouge,0,20,moyenne,
Système d'evaluation de la Qualité des ressources en eau.pdf,12,Tableaux n°2/n°5 - Grilles simplifiées rivières,riviere,eaux de rivières,DBO5,DBO5,DBO5,oxygene_matiere_organique,mgO2/l,excellente,0.2,>=,3,<=,"0,2-3",bleu,80,100,moyenne,
Système d'evaluation de la Qualité des ressources en eau.pdf,12,Tableaux n°2/n°5 - Grilles simplifiées rivières,riviere,eaux de rivières,DBO5,DBO5,DBO5,oxygene_matiere_organique,mgO2/l,bonne,3,>=,5,<=,3-5,vert,60,80,moyenne,
Système d'evaluation de la Qualité des ressources en eau.pdf,12,Tableaux n°2/n°5 - Grilles simplifiées rivières,riviere,eaux de rivières,DBO5,DBO5,DBO5,oxygene_matiere_organique,mgO2/l,moyenne,5,>=,10,<=,5-10,orange/jaune,40,60,moyenne,
Système d'evaluation de la Qualité des ressources en eau.pdf,12,Tableaux n°2/n°5 - Grilles simplifiées rivières,riviere,eaux de rivières,DBO5,DBO5,DBO5,oxygene_matiere_organique,mgO2/l,mauvaise,10,>=,25,<=,10-25,rouge/violet,20,40,moyenne,
Système d'evaluation de la Qualité des ressources en eau.pdf,12,Tableaux n°2/n°5 - Grilles simplifiées rivières,riviere,eaux de rivières,DBO5,DBO5,DBO5,oxygene_matiere_organique,mgO2/l,tres_mauvaise,25,>=,1100,<=,25-1100,violet/rouge,0,20,moyenne,
Système d'evaluation de la Qualité des ressources en eau.pdf,12,Tableaux n°2/n°5 - Grilles simplifiées rivières,riviere,eaux de rivières,DCO,DCO,DCO,oxygene_matiere_organique,mgO2/l,excellente,7.0,>=,30,<=,"7,0-30",bleu,80,100,moyenne,
Système d'evaluation de la Qualité des ressources en eau.pdf,12,Tableaux n°2/n°5 - Grilles simplifiées rivières,riviere,eaux de rivières,DCO,DCO,DCO,oxygene_matiere_organique,mgO2/l,bonne,30,>=,35,<=,30-35,vert,60,80,moyenne,
Système d'evaluation de la Qualité des ressources en eau.pdf,12,Tableaux n°2/n°5 - Grilles simplifiées rivières,riviere,eaux de rivières,DCO,DCO,DCO,oxygene_matiere_organique,mgO2/l,moyenne,35,>=,40,<=,35-40,orange/jaune,40,60,moyenne,
Système d'evaluation de la Qualité des ressources en eau.pdf,12,Tableaux n°2/n°5 - Grilles simplifiées rivières,riviere,eaux de rivières,DCO,DCO,DCO,oxygene_matiere_organique,mgO2/l,mauvaise,40,>=,80,<=,40-80,rouge/violet,20,40,moyenne,
Système d'evaluation de la Qualité des ressources en eau.pdf,12,Tableaux n°2/n°5 - Grilles simplifiées rivières,riviere,eaux de rivières,DCO,DCO,DCO,oxygene_matiere_organique,mgO2/l,tres_mauvaise,80,>=,2000,<=,80-2000,violet/rouge,0,20,moyenne,
Système d'evaluation de la Qualité des ressources en eau.pdf,12,Tableaux n°2/n°5 - Grilles simplifiées rivières,riviere,eaux de rivières,Ammonium NH4,NH4,Ammonium,azote,mgNH4+/l,excellente,0,>=,0.1,<=,"0-0,1",bleu,80,100,moyenne,
Système d'evaluation de la Qualité des ressources en eau.pdf,12,Tableaux n°2/n°5 - Grilles simplifiées rivières,riviere,eaux de rivières,Ammonium NH4,NH4,Ammonium,azote,mgNH4+/l,bonne,0.1,>=,0.5,<=,"0,1-0,5",vert,60,80,moyenne,
Système d'evaluation de la Qualité des ressources en eau.pdf,12,Tableaux n°2/n°5 - Grilles simplifiées rivières,riviere,eaux de rivières,Ammonium NH4,NH4,Ammonium,azote,mgNH4+/l,moyenne,0.5,>=,2,<=,"0,5-2",orange/jaune,40,60,moyenne,
Système d'evaluation de la Qualité des ressources en eau.pdf,12,Tableaux n°2/n°5 - Grilles simplifiées rivières,riviere,eaux de rivières,Ammonium NH4,NH4,Ammonium,azote,mgNH4+/l,mauvaise,2,>=,8,<=,2-8,rouge/violet,20,40,moyenne,
Système d'evaluation de la Qualité des ressources en eau.pdf,12,Tableaux n°2/n°5 - Grilles simplifiées rivières,riviere,eaux de rivières,Ammonium NH4,NH4,Ammonium,azote,mgNH4+/l,tres_mauvaise,8,>=,250,<=,8-250,violet/rouge,0,20,moyenne,
Système d'evaluation de la Qualité des ressources en eau.pdf,12,Tableaux n°2/n°5 - Grilles simplifiées rivières,riviere,eaux de rivières,NTK,NTK,NTK,azote,mg N/l,excellente,0,>=,1,<=,0-1,bleu,80,100,moyenne,classe très mauvaise non indiquée
Système d'evaluation de la Qualité des ressources en eau.pdf,12,Tableaux n°2/n°5 - Grilles simplifiées rivières,riviere,eaux de rivières,NTK,NTK,NTK,azote,mg N/l,bonne,1,>=,2,<=,1-2,vert,60,80,moyenne,classe très mauvaise non indiquée
Système d'evaluation de la Qualité des ressources en eau.pdf,12,Tableaux n°2/n°5 - Grilles simplifiées rivières,riviere,eaux de rivières,NTK,NTK,NTK,azote,mg N/l,moyenne,2,>=,3,<=,2-3,orange/jaune,40,60,moyenne,classe très mauvaise non indiquée
Système d'evaluation de la Qualité des ressources en eau.pdf,12,Tableaux n°2/n°5 - Grilles simplifiées rivières,riviere,eaux de rivières,NTK,NTK,NTK,azote,mg N/l,mauvaise,3,>=,380,<=,3-380,rouge/violet,20,40,moyenne,classe très mauvaise non indiquée
Système d'evaluation de la Qualité des ressources en eau.pdf,12,Tableaux n°2/n°5 - Grilles simplifiées rivières,riviere,eaux de rivières,NTK,NTK,NTK,azote,mg N/l,tres_mauvaise,,,,,,violet/rouge,0,20,moyenne,classe très mauvaise non indiquée
Système d'evaluation de la Qualité des ressources en eau.pdf,12,Tableaux n°2/n°5 - Grilles simplifiées rivières,riviere,eaux de rivières,Nitrates (NO3-),NO3,Nitrates,azote,mg/l,excellente,0,>=,10,<=,0-10,bleu,80,100,moyenne,classe très mauvaise non indiquée
Système d'evaluation de la Qualité des ressources en eau.pdf,12,Tableaux n°2/n°5 - Grilles simplifiées rivières,riviere,eaux de rivières,Nitrates (NO3-),NO3,Nitrates,azote,mg/l,bonne,10,>=,25,<=,10-25,vert,60,80,moyenne,classe très mauvaise non indiquée
Système d'evaluation de la Qualité des ressources en eau.pdf,12,Tableaux n°2/n°5 - Grilles simplifiées rivières,riviere,eaux de rivières,Nitrates (NO3-),NO3,Nitrates,azote,mg/l,moyenne,25,>=,50,<=,25-50,orange/jaune,40,60,moyenne,classe très mauvaise non indiquée
Système d'evaluation de la Qualité des ressources en eau.pdf,12,Tableaux n°2/n°5 - Grilles simplifiées rivières,riviere,eaux de rivières,Nitrates (NO3-),NO3,Nitrates,azote,mg/l,mauvaise,50,>=,300,<=,50-300,rouge/violet,20,40,moyenne,classe très mauvaise non indiquée
Système d'evaluation de la Qualité des ressources en eau.pdf,12,Tableaux n°2/n°5 - Grilles simplifiées rivières,riviere,eaux de rivières,Nitrates (NO3-),NO3,Nitrates,azote,mg/l,tres_mauvaise,,,,,,violet/rouge,0,20,moyenne,classe très mauvaise non indiquée
Système d'evaluation de la Qualité des ressources en eau.pdf,12,Tableaux n°2/n°5 - Grilles simplifiées rivières,riviere,eaux de rivières,Orthophosphates (PO4³-),PO4,Orthophosphates,phosphore,mg/l,excellente,0,>=,0.2,<=,"0-0,2",bleu,80,100,moyenne,
Système d'evaluation de la Qualité des ressources en eau.pdf,12,Tableaux n°2/n°5 - Grilles simplifiées rivières,riviere,eaux de rivières,Orthophosphates (PO4³-),PO4,Orthophosphates,phosphore,mg/l,bonne,0.2,>=,0.5,<=,"0,2-0,5",vert,60,80,moyenne,
Système d'evaluation de la Qualité des ressources en eau.pdf,12,Tableaux n°2/n°5 - Grilles simplifiées rivières,riviere,eaux de rivières,Orthophosphates (PO4³-),PO4,Orthophosphates,phosphore,mg/l,moyenne,0.5,>=,1,<=,"0,5-1",orange/jaune,40,60,moyenne,
Système d'evaluation de la Qualité des ressources en eau.pdf,12,Tableaux n°2/n°5 - Grilles simplifiées rivières,riviere,eaux de rivières,Orthophosphates (PO4³-),PO4,Orthophosphates,phosphore,mg/l,mauvaise,1,>=,5,<=,1-5,rouge/violet,20,40,moyenne,
Système d'evaluation de la Qualité des ressources en eau.pdf,12,Tableaux n°2/n°5 - Grilles simplifiées rivières,riviere,eaux de rivières,Orthophosphates (PO4³-),PO4,Orthophosphates,phosphore,mg/l,tres_mauvaise,5,>=,60,<=,5-60,violet/rouge,0,20,moyenne,
Système d'evaluation de la Qualité des ressources en eau.pdf,12,Tableaux n°2/n°5 - Grilles simplifiées rivières,riviere,eaux de rivières,P.total (PT),P_TOTAL,P total,phosphore,mg/l,excellente,0,>=,0.1,<=,"0-0,1",bleu,80,100,moyenne,
Système d'evaluation de la Qualité des ressources en eau.pdf,12,Tableaux n°2/n°5 - Grilles simplifiées rivières,riviere,eaux de rivières,P.total (PT),P_TOTAL,P total,phosphore,mg/l,bonne,0.1,>=,0.3,<=,"0,1-0,3",vert,60,80,moyenne,
Système d'evaluation de la Qualité des ressources en eau.pdf,12,Tableaux n°2/n°5 - Grilles simplifiées rivières,riviere,eaux de rivières,P.total (PT),P_TOTAL,P total,phosphore,mg/l,moyenne,0.3,>=,0.5,<=,"0,3-0,5",orange/jaune,40,60,moyenne,
Système d'evaluation de la Qualité des ressources en eau.pdf,12,Tableaux n°2/n°5 - Grilles simplifiées rivières,riviere,eaux de rivières,P.total (PT),P_TOTAL,P total,phosphore,mg/l,mauvaise,0.5,>=,3,<=,"0,5-3",rouge/violet,20,40,moyenne,
Système d'evaluation de la Qualité des ressources en eau.pdf,12,Tableaux n°2/n°5 - Grilles simplifiées rivières,riviere,eaux de rivières,P.total (PT),P_TOTAL,P total,phosphore,mg/l,tres_mauvaise,3,>=,130,<=,3-130,violet/rouge,0,20,moyenne,
Système d'evaluation de la Qualité des ressources en eau.pdf,12,Tableaux n°2/n°5 - Grilles simplifiées rivières,riviere,eaux de rivières,CE 20°c,CONDUCTIVITE,Conductivité,mineralisation,µs/cm,excellente,0.5,>=,750,<=,"0,5-750",bleu,80,100,moyenne,
Système d'evaluation de la Qualité des ressources en eau.pdf,12,Tableaux n°2/n°5 - Grilles simplifiées rivières,riviere,eaux de rivières,CE 20°c,CONDUCTIVITE,Conductivité,mineralisation,µs/cm,bonne,750,>=,1300,<=,750-1300,vert,60,80,moyenne,
Système d'evaluation de la Qualité des ressources en eau.pdf,12,Tableaux n°2/n°5 - Grilles simplifiées rivières,riviere,eaux de rivières,CE 20°c,CONDUCTIVITE,Conductivité,mineralisation,µs/cm,moyenne,1300,>=,2700,<=,1300-2700,orange/jaune,40,60,moyenne,
Système d'evaluation de la Qualité des ressources en eau.pdf,12,Tableaux n°2/n°5 - Grilles simplifiées rivières,riviere,eaux de rivières,CE 20°c,CONDUCTIVITE,Conductivité,mineralisation,µs/cm,mauvaise,2700,>=,3000,<=,2700-3000,rouge/violet,20,40,moyenne,
Système d'evaluation de la Qualité des ressources en eau.pdf,12,Tableaux n°2/n°5 - Grilles simplifiées rivières,riviere,eaux de rivières,CE 20°c,CONDUCTIVITE,Conductivité,mineralisation,µs/cm,tres_mauvaise,3000,>=,20500,<=,3000-20500,violet/rouge,0,20,moyenne,
Système d'evaluation de la Qualité des ressources en eau.pdf,12,Tableaux n°2/n°5 - Grilles simplifiées rivières,riviere,eaux de rivières,Chlorures (Cl-),CL,Chlorures,mineralisation,mg/l,excellente,1,>=,200,<=,1-200,bleu,80,100,moyenne,
Système d'evaluation de la Qualité des ressources en eau.pdf,12,Tableaux n°2/n°5 - Grilles simplifiées rivières,riviere,eaux de rivières,Chlorures (Cl-),CL,Chlorures,mineralisation,mg/l,bonne,200,>=,300,<=,200-300,vert,60,80,moyenne,
Système d'evaluation de la Qualité des ressources en eau.pdf,12,Tableaux n°2/n°5 - Grilles simplifiées rivières,riviere,eaux de rivières,Chlorures (Cl-),CL,Chlorures,mineralisation,mg/l,moyenne,300,>=,750,<=,300-750,orange/jaune,40,60,moyenne,
Système d'evaluation de la Qualité des ressources en eau.pdf,12,Tableaux n°2/n°5 - Grilles simplifiées rivières,riviere,eaux de rivières,Chlorures (Cl-),CL,Chlorures,mineralisation,mg/l,mauvaise,750,>=,1000,<=,750-1000,rouge/violet,20,40,moyenne,
Système d'evaluation de la Qualité des ressources en eau.pdf,12,Tableaux n°2/n°5 - Grilles simplifiées rivières,riviere,eaux de rivières,Chlorures (Cl-),CL,Chlorures,mineralisation,mg/l,tres_mauvaise,1000,>=,7000,<=,1000-7000,violet/rouge,0,20,moyenne,
Système d'evaluation de la Qualité des ressources en eau.pdf,12,Tableaux n°2/n°5 - Grilles simplifiées rivières,riviere,eaux de rivières,Sulfates (SO4-),SO4,Sulfates,mineralisation,mg/l,excellente,0,>=,100,<=,0-100,bleu,80,100,moyenne,
Système d'evaluation de la Qualité des ressources en eau.pdf,12,Tableaux n°2/n°5 - Grilles simplifiées rivières,riviere,eaux de rivières,Sulfates (SO4-),SO4,Sulfates,mineralisation,mg/l,bonne,100,>=,200,<=,100-200,vert,60,80,moyenne,
Système d'evaluation de la Qualité des ressources en eau.pdf,12,Tableaux n°2/n°5 - Grilles simplifiées rivières,riviere,eaux de rivières,Sulfates (SO4-),SO4,Sulfates,mineralisation,mg/l,moyenne,200,>=,250,<=,200-250,orange/jaune,40,60,moyenne,
Système d'evaluation de la Qualité des ressources en eau.pdf,12,Tableaux n°2/n°5 - Grilles simplifiées rivières,riviere,eaux de rivières,Sulfates (SO4-),SO4,Sulfates,mineralisation,mg/l,mauvaise,250,>=,400,<=,250-400,rouge/violet,20,40,moyenne,
Système d'evaluation de la Qualité des ressources en eau.pdf,12,Tableaux n°2/n°5 - Grilles simplifiées rivières,riviere,eaux de rivières,Sulfates (SO4-),SO4,Sulfates,mineralisation,mg/l,tres_mauvaise,400,>=,3000,<=,400-3000,violet/rouge,0,20,moyenne,
Système d'evaluation de la Qualité des ressources en eau.pdf,12,Tableaux n°2/n°5 - Grilles simplifiées rivières,riviere,eaux de rivières,Calcium,CALCIUM,Calcium,micropolluants,mg/l,excellente,31,>=,160,<=,31-160,bleu,80,100,moyenne,"classes bonne, moyenne et très mauvaise non indiquées"
Système d'evaluation de la Qualité des ressources en eau.pdf,12,Tableaux n°2/n°5 - Grilles simplifiées rivières,riviere,eaux de rivières,Calcium,CALCIUM,Calcium,micropolluants,mg/l,bonne,,,,,,vert,60,80,moyenne,"classes bonne, moyenne et très mauvaise non indiquées"
Système d'evaluation de la Qualité des ressources en eau.pdf,12,Tableaux n°2/n°5 - Grilles simplifiées rivières,riviere,eaux de rivières,Calcium,CALCIUM,Calcium,micropolluants,mg/l,moyenne,,,,,,orange/jaune,40,60,moyenne,"classes bonne, moyenne et très mauvaise non indiquées"
Système d'evaluation de la Qualité des ressources en eau.pdf,12,Tableaux n°2/n°5 - Grilles simplifiées rivières,riviere,eaux de rivières,Calcium,CALCIUM,Calcium,micropolluants,mg/l,mauvaise,,,,,,rouge/violet,20,40,moyenne,"classes bonne, moyenne et très mauvaise non indiquées"
Système d'evaluation de la Qualité des ressources en eau.pdf,12,Tableaux n°2/n°5 - Grilles simplifiées rivières,riviere,eaux de rivières,Calcium,CALCIUM,Calcium,micropolluants,mg/l,tres_mauvaise,,,,,,violet/rouge,0,20,moyenne,"classes bonne, moyenne et très mauvaise non indiquées"
Système d'evaluation de la Qualité des ressources en eau.pdf,12,Tableaux n°2/n°5 - Grilles simplifiées rivières,riviere,eaux de rivières,Magnésium,MAGNESIUM,Magnésium,micropolluants,mg/l,excellente,0.05,>=,50,<=,"0,05-50",bleu,80,100,moyenne,
Système d'evaluation de la Qualité des ressources en eau.pdf,12,Tableaux n°2/n°5 - Grilles simplifiées rivières,riviere,eaux de rivières,Magnésium,MAGNESIUM,Magnésium,micropolluants,mg/l,bonne,50,>=,75,<=,50-75,vert,60,80,moyenne,
Système d'evaluation de la Qualité des ressources en eau.pdf,12,Tableaux n°2/n°5 - Grilles simplifiées rivières,riviere,eaux de rivières,Magnésium,MAGNESIUM,Magnésium,micropolluants,mg/l,moyenne,75,>=,100,<=,75-100,orange/jaune,40,60,moyenne,
Système d'evaluation de la Qualité des ressources en eau.pdf,12,Tableaux n°2/n°5 - Grilles simplifiées rivières,riviere,eaux de rivières,Magnésium,MAGNESIUM,Magnésium,micropolluants,mg/l,mauvaise,100,>=,400,<=,100-400,rouge/violet,20,40,moyenne,
Système d'evaluation de la Qualité des ressources en eau.pdf,12,Tableaux n°2/n°5 - Grilles simplifiées rivières,riviere,eaux de rivières,Magnésium,MAGNESIUM,Magnésium,micropolluants,mg/l,tres_mauvaise,400,>=,1200,<=,400-1200,violet/rouge,0,20,moyenne,
Système d'evaluation de la Qualité des ressources en eau.pdf,12,Tableaux n°2/n°5 - Grilles simplifiées rivières,riviere,eaux de rivières,Sodium,SODIUM,Sodium,micropolluants,mg/l,excellente,0.5,>=,200,<=,"0,5-200",bleu,80,100,moyenne,"classes bonne, moyenne et très mauvaise non indiquées"
Système d'evaluation de la Qualité des ressources en eau.pdf,12,Tableaux n°2/n°5 - Grilles simplifiées rivières,riviere,eaux de rivières,Sodium,SODIUM,Sodium,micropolluants,mg/l,bonne,,,,,,vert,60,80,moyenne,"classes bonne, moyenne et très mauvaise non indiquées"
Système d'evaluation de la Qualité des ressources en eau.pdf,12,Tableaux n°2/n°5 - Grilles simplifiées rivières,riviere,eaux de rivières,Sodium,SODIUM,Sodium,micropolluants,mg/l,moyenne,,,,,,orange/jaune,40,60,moyenne,"classes bonne, moyenne et très mauvaise non indiquées"
Système d'evaluation de la Qualité des ressources en eau.pdf,12,Tableaux n°2/n°5 - Grilles simplifiées rivières,riviere,eaux de rivières,Sodium,SODIUM,Sodium,micropolluants,mg/l,mauvaise,200,>=,7300,<=,200-7300,rouge/violet,20,40,moyenne,"classes bonne, moyenne et très mauvaise non indiquées"
Système d'evaluation de la Qualité des ressources en eau.pdf,12,Tableaux n°2/n°5 - Grilles simplifiées rivières,riviere,eaux de rivières,Sodium,SODIUM,Sodium,micropolluants,mg/l,tres_mauvaise,,,,,,violet/rouge,0,20,moyenne,"classes bonne, moyenne et très mauvaise non indiquées"
Système d'evaluation de la Qualité des ressources en eau.pdf,12,Tableaux n°2/n°5 - Grilles simplifiées rivières,riviere,eaux de rivières,MES,MES,MES,matieres_en_suspension,mg/l,excellente,0,>=,50,<=,0-50,bleu,80,100,moyenne,
Système d'evaluation de la Qualité des ressources en eau.pdf,12,Tableaux n°2/n°5 - Grilles simplifiées rivières,riviere,eaux de rivières,MES,MES,MES,matieres_en_suspension,mg/l,bonne,50,>=,200,<=,50-200,vert,60,80,moyenne,
Système d'evaluation de la Qualité des ressources en eau.pdf,12,Tableaux n°2/n°5 - Grilles simplifiées rivières,riviere,eaux de rivières,MES,MES,MES,matieres_en_suspension,mg/l,moyenne,200,>=,1000,<=,200-1000,orange/jaune,40,60,moyenne,
Système d'evaluation de la Qualité des ressources en eau.pdf,12,Tableaux n°2/n°5 - Grilles simplifiées rivières,riviere,eaux de rivières,MES,MES,MES,matieres_en_suspension,mg/l,mauvaise,1000,>=,2000,<=,1000-2000,rouge/violet,20,40,moyenne,
Système d'evaluation de la Qualité des ressources en eau.pdf,12,Tableaux n°2/n°5 - Grilles simplifiées rivières,riviere,eaux de rivières,MES,MES,MES,matieres_en_suspension,mg/l,tres_mauvaise,2000,>=,10000,<=,2000-10000,violet/rouge,0,20,moyenne,
Système d'evaluation de la Qualité des ressources en eau.pdf,12,Tableaux n°2/n°5 - Grilles simplifiées rivières,riviere,eaux de rivières,C. fécaux,CF,Coliformes fécaux,microbiologie,/100ml,excellente,0,>=,20,<=,0-20,bleu,80,100,moyenne,classe très mauvaise non indiquée
Système d'evaluation de la Qualité des ressources en eau.pdf,12,Tableaux n°2/n°5 - Grilles simplifiées rivières,riviere,eaux de rivières,C. fécaux,CF,Coliformes fécaux,microbiologie,/100ml,bonne,20,>=,2000,<=,20-2000,vert,60,80,moyenne,classe très mauvaise non indiquée
Système d'evaluation de la Qualité des ressources en eau.pdf,12,Tableaux n°2/n°5 - Grilles simplifiées rivières,riviere,eaux de rivières,C. fécaux,CF,Coliformes fécaux,microbiologie,/100ml,moyenne,2000,>=,20000,<=,2000-20000,orange/jaune,40,60,moyenne,classe très mauvaise non indiquée
Système d'evaluation de la Qualité des ressources en eau.pdf,12,Tableaux n°2/n°5 - Grilles simplifiées rivières,riviere,eaux de rivières,C. fécaux,CF,Coliformes fécaux,microbiologie,/100ml,mauvaise,20000,>=,50000,<=,20000-50000,rouge/violet,20,40,moyenne,classe très mauvaise non indiquée
Système d'evaluation de la Qualité des ressources en eau.pdf,12,Tableaux n°2/n°5 - Grilles simplifiées rivières,riviere,eaux de rivières,C. fécaux,CF,Coliformes fécaux,microbiologie,/100ml,tres_mauvaise,,,,,,violet/rouge,0,20,moyenne,classe très mauvaise non indiquée
Système d'evaluation de la Qualité des ressources en eau.pdf,12,Tableaux n°2/n°5 - Grilles simplifiées rivières,riviere,eaux de rivières,C. totaux,CT,Coliformes totaux,microbiologie,/100ml,excellente,0,>=,50,<=,0-50,bleu,80,100,moyenne,classe très mauvaise non indiquée
Système d'evaluation de la Qualité des ressources en eau.pdf,12,Tableaux n°2/n°5 - Grilles simplifiées rivières,riviere,eaux de rivières,C. totaux,CT,Coliformes totaux,microbiologie,/100ml,bonne,50,>=,5000,<=,50-5000,vert,60,80,moyenne,classe très mauvaise non indiquée
Système d'evaluation de la Qualité des ressources en eau.pdf,12,Tableaux n°2/n°5 - Grilles simplifiées rivières,riviere,eaux de rivières,C. totaux,CT,Coliformes totaux,microbiologie,/100ml,moyenne,5000,>=,50000,<=,5000-50000,orange/jaune,40,60,moyenne,classe très mauvaise non indiquée
Système d'evaluation de la Qualité des ressources en eau.pdf,12,Tableaux n°2/n°5 - Grilles simplifiées rivières,riviere,eaux de rivières,C. totaux,CT,Coliformes totaux,microbiologie,/100ml,mauvaise,50000,>=,100000,<=,50000-100000,rouge/violet,20,40,moyenne,classe très mauvaise non indiquée
Système d'evaluation de la Qualité des ressources en eau.pdf,12,Tableaux n°2/n°5 - Grilles simplifiées rivières,riviere,eaux de rivières,C. totaux,CT,Coliformes totaux,microbiologie,/100ml,tres_mauvaise,,,,,,violet/rouge,0,20,moyenne,classe très mauvaise non indiquée
Système d'evaluation de la Qualité des ressources en eau.pdf,12,Tableaux n°2/n°5 - Grilles simplifiées rivières,riviere,eaux de rivières,S. fécaux,SF,Streptocoques fécaux,microbiologie,/100ml,excellente,0,>=,20,<=,0-20,bleu,80,100,moyenne,classe très mauvaise non indiquée
Système d'evaluation de la Qualité des ressources en eau.pdf,12,Tableaux n°2/n°5 - Grilles simplifiées rivières,riviere,eaux de rivières,S. fécaux,SF,Streptocoques fécaux,microbiologie,/100ml,bonne,20,>=,1000,<=,20-1000,vert,60,80,moyenne,classe très mauvaise non indiquée
Système d'evaluation de la Qualité des ressources en eau.pdf,12,Tableaux n°2/n°5 - Grilles simplifiées rivières,riviere,eaux de rivières,S. fécaux,SF,Streptocoques fécaux,microbiologie,/100ml,moyenne,1000,>=,10000,<=,1000-10000,orange/jaune,40,60,moyenne,classe très mauvaise non indiquée
Système d'evaluation de la Qualité des ressources en eau.pdf,12,Tableaux n°2/n°5 - Grilles simplifiées rivières,riviere,eaux de rivières,S. fécaux,SF,Streptocoques fécaux,microbiologie,/100ml,mauvaise,10000,>=,20000,<=,10000-20000,rouge/violet,20,40,moyenne,classe très mauvaise non indiquée
Système d'evaluation de la Qualité des ressources en eau.pdf,12,Tableaux n°2/n°5 - Grilles simplifiées rivières,riviere,eaux de rivières,S. fécaux,SF,Streptocoques fécaux,microbiologie,/100ml,tres_mauvaise,,,,,,violet/rouge,0,20,moyenne,classe très mauvaise non indiquée
Système d'evaluation de la Qualité des ressources en eau.pdf,13,Tableaux n°3/n°6 - Grilles simplifiées lacs,lac,eaux de lacs,Température,T_EAU,Température,temperature,°C,excellente,0,>=,20,<=,0-20,bleu,80,100,moyenne,
Système d'evaluation de la Qualité des ressources en eau.pdf,13,Tableaux n°3/n°6 - Grilles simplifiées lacs,lac,eaux de lacs,Température,T_EAU,Température,temperature,°C,bonne,20,>=,25,<=,20-25,vert,60,80,moyenne,
Système d'evaluation de la Qualité des ressources en eau.pdf,13,Tableaux n°3/n°6 - Grilles simplifiées lacs,lac,eaux de lacs,Température,T_EAU,Température,temperature,°C,moyenne,25,>=,30,<=,25-30,orange/jaune,40,60,moyenne,
Système d'evaluation de la Qualité des ressources en eau.pdf,13,Tableaux n°3/n°6 - Grilles simplifiées lacs,lac,eaux de lacs,Température,T_EAU,Température,temperature,°C,mauvaise,30,>=,35,<=,30-35,rouge/violet,20,40,moyenne,
Système d'evaluation de la Qualité des ressources en eau.pdf,13,Tableaux n°3/n°6 - Grilles simplifiées lacs,lac,eaux de lacs,Température,T_EAU,Température,temperature,°C,tres_mauvaise,35,>=,40,<=,35-40,violet/rouge,0,20,moyenne,
Système d'evaluation de la Qualité des ressources en eau.pdf,13,Tableaux n°3/n°6 - Grilles simplifiées lacs,lac,eaux de lacs,pH,PH,pH,acidification,,excellente,6.5,>=,8.5,<=,"6,5-8,5",bleu,80,100,moyenne,tableau simplifié avec cellules vides pour certaines classes
Système d'evaluation de la Qualité des ressources en eau.pdf,13,Tableaux n°3/n°6 - Grilles simplifiées lacs,lac,eaux de lacs,pH,PH,pH,acidification,,bonne,,,,,,vert,60,80,moyenne,tableau simplifié avec cellules vides pour certaines classes
Système d'evaluation de la Qualité des ressources en eau.pdf,13,Tableaux n°3/n°6 - Grilles simplifiées lacs,lac,eaux de lacs,pH,PH,pH,acidification,,moyenne,8.5,>=,9.2,<=,"8,5-9,2",orange/jaune,40,60,moyenne,tableau simplifié avec cellules vides pour certaines classes
Système d'evaluation de la Qualité des ressources en eau.pdf,13,Tableaux n°3/n°6 - Grilles simplifiées lacs,lac,eaux de lacs,pH,PH,pH,acidification,,mauvaise,,,,,,rouge/violet,20,40,moyenne,tableau simplifié avec cellules vides pour certaines classes
Système d'evaluation de la Qualité des ressources en eau.pdf,13,Tableaux n°3/n°6 - Grilles simplifiées lacs,lac,eaux de lacs,pH,PH,pH,acidification,,tres_mauvaise,,,,,,violet/rouge,0,20,moyenne,tableau simplifié avec cellules vides pour certaines classes
Système d'evaluation de la Qualité des ressources en eau.pdf,13,Tableaux n°3/n°6 - Grilles simplifiées lacs,lac,eaux de lacs,O2 dissous,O2_DISSOUS,O2 dissous,oxygene_matiere_organique,mg/l,excellente,7,>=,16,<=,7-16,bleu,80,100,moyenne,
Système d'evaluation de la Qualité des ressources en eau.pdf,13,Tableaux n°3/n°6 - Grilles simplifiées lacs,lac,eaux de lacs,O2 dissous,O2_DISSOUS,O2 dissous,oxygene_matiere_organique,mg/l,bonne,5,>=,7,<=,5-7,vert,60,80,moyenne,
Système d'evaluation de la Qualité des ressources en eau.pdf,13,Tableaux n°3/n°6 - Grilles simplifiées lacs,lac,eaux de lacs,O2 dissous,O2_DISSOUS,O2 dissous,oxygene_matiere_organique,mg/l,moyenne,3,>=,7,<=,3-7,orange/jaune,40,60,moyenne,
Système d'evaluation de la Qualité des ressources en eau.pdf,13,Tableaux n°3/n°6 - Grilles simplifiées lacs,lac,eaux de lacs,O2 dissous,O2_DISSOUS,O2 dissous,oxygene_matiere_organique,mg/l,mauvaise,1,>=,3,<=,1-3,rouge/violet,20,40,moyenne,
Système d'evaluation de la Qualité des ressources en eau.pdf,13,Tableaux n°3/n°6 - Grilles simplifiées lacs,lac,eaux de lacs,O2 dissous,O2_DISSOUS,O2 dissous,oxygene_matiere_organique,mg/l,tres_mauvaise,0,>=,1,<=,0-1,violet/rouge,0,20,moyenne,
Système d'evaluation de la Qualité des ressources en eau.pdf,13,Tableaux n°3/n°6 - Grilles simplifiées lacs,lac,eaux de lacs,Ammonium,NH4,Ammonium,azote,mg/l,excellente,0,>=,0.1,<=,"0-0,1",bleu,80,100,moyenne,
Système d'evaluation de la Qualité des ressources en eau.pdf,13,Tableaux n°3/n°6 - Grilles simplifiées lacs,lac,eaux de lacs,Ammonium,NH4,Ammonium,azote,mg/l,bonne,0.1,>=,0.5,<=,"0,1-0,5",vert,60,80,moyenne,
Système d'evaluation de la Qualité des ressources en eau.pdf,13,Tableaux n°3/n°6 - Grilles simplifiées lacs,lac,eaux de lacs,Ammonium,NH4,Ammonium,azote,mg/l,moyenne,0.5,>=,2,<=,"0,5-2",orange/jaune,40,60,moyenne,
Système d'evaluation de la Qualité des ressources en eau.pdf,13,Tableaux n°3/n°6 - Grilles simplifiées lacs,lac,eaux de lacs,Ammonium,NH4,Ammonium,azote,mg/l,mauvaise,2,>=,8,<=,2-8,rouge/violet,20,40,moyenne,
Système d'evaluation de la Qualité des ressources en eau.pdf,13,Tableaux n°3/n°6 - Grilles simplifiées lacs,lac,eaux de lacs,Ammonium,NH4,Ammonium,azote,mg/l,tres_mauvaise,8,>=,250,<=,8-250,violet/rouge,0,20,moyenne,
Système d'evaluation de la Qualité des ressources en eau.pdf,13,Tableaux n°3/n°6 - Grilles simplifiées lacs,lac,eaux de lacs,NTK,NTK,NTK,azote,mg N/l,excellente,0,>=,1,<=,0-1,bleu,80,100,moyenne,classe très mauvaise non indiquée
Système d'evaluation de la Qualité des ressources en eau.pdf,13,Tableaux n°3/n°6 - Grilles simplifiées lacs,lac,eaux de lacs,NTK,NTK,NTK,azote,mg N/l,bonne,1,>=,2,<=,1-2,vert,60,80,moyenne,classe très mauvaise non indiquée
Système d'evaluation de la Qualité des ressources en eau.pdf,13,Tableaux n°3/n°6 - Grilles simplifiées lacs,lac,eaux de lacs,NTK,NTK,NTK,azote,mg N/l,moyenne,2,>=,3,<=,2-3,orange/jaune,40,60,moyenne,classe très mauvaise non indiquée
Système d'evaluation de la Qualité des ressources en eau.pdf,13,Tableaux n°3/n°6 - Grilles simplifiées lacs,lac,eaux de lacs,NTK,NTK,NTK,azote,mg N/l,mauvaise,3,>=,380,<=,3-380,rouge/violet,20,40,moyenne,classe très mauvaise non indiquée
Système d'evaluation de la Qualité des ressources en eau.pdf,13,Tableaux n°3/n°6 - Grilles simplifiées lacs,lac,eaux de lacs,NTK,NTK,NTK,azote,mg N/l,tres_mauvaise,,,,,,violet/rouge,0,20,moyenne,classe très mauvaise non indiquée
Système d'evaluation de la Qualité des ressources en eau.pdf,13,Tableaux n°3/n°6 - Grilles simplifiées lacs,lac,eaux de lacs,Nitrates,NO3,Nitrates,azote,mg/l,excellente,0,>=,10,<=,0-10,bleu,80,100,moyenne,classe très mauvaise non indiquée
Système d'evaluation de la Qualité des ressources en eau.pdf,13,Tableaux n°3/n°6 - Grilles simplifiées lacs,lac,eaux de lacs,Nitrates,NO3,Nitrates,azote,mg/l,bonne,10,>=,25,<=,10-25,vert,60,80,moyenne,classe très mauvaise non indiquée
Système d'evaluation de la Qualité des ressources en eau.pdf,13,Tableaux n°3/n°6 - Grilles simplifiées lacs,lac,eaux de lacs,Nitrates,NO3,Nitrates,azote,mg/l,moyenne,25,>=,50,<=,25-50,orange/jaune,40,60,moyenne,classe très mauvaise non indiquée
Système d'evaluation de la Qualité des ressources en eau.pdf,13,Tableaux n°3/n°6 - Grilles simplifiées lacs,lac,eaux de lacs,Nitrates,NO3,Nitrates,azote,mg/l,mauvaise,50,>=,300,<=,50-300,rouge/violet,20,40,moyenne,classe très mauvaise non indiquée
Système d'evaluation de la Qualité des ressources en eau.pdf,13,Tableaux n°3/n°6 - Grilles simplifiées lacs,lac,eaux de lacs,Nitrates,NO3,Nitrates,azote,mg/l,tres_mauvaise,,,,,,violet/rouge,0,20,moyenne,classe très mauvaise non indiquée
Système d'evaluation de la Qualité des ressources en eau.pdf,13,Tableaux n°3/n°6 - Grilles simplifiées lacs,lac,eaux de lacs,Orthophosphates (PO4³-),PO4,Orthophosphates,phosphore,mg/l,excellente,0,>=,0.2,<=,"0-0,2",bleu,80,100,moyenne,
Système d'evaluation de la Qualité des ressources en eau.pdf,13,Tableaux n°3/n°6 - Grilles simplifiées lacs,lac,eaux de lacs,Orthophosphates (PO4³-),PO4,Orthophosphates,phosphore,mg/l,bonne,0.2,>=,0.5,<=,"0,2-0,5",vert,60,80,moyenne,
Système d'evaluation de la Qualité des ressources en eau.pdf,13,Tableaux n°3/n°6 - Grilles simplifiées lacs,lac,eaux de lacs,Orthophosphates (PO4³-),PO4,Orthophosphates,phosphore,mg/l,moyenne,0.5,>=,1,<=,"0,5-1",orange/jaune,40,60,moyenne,
Système d'evaluation de la Qualité des ressources en eau.pdf,13,Tableaux n°3/n°6 - Grilles simplifiées lacs,lac,eaux de lacs,Orthophosphates (PO4³-),PO4,Orthophosphates,phosphore,mg/l,mauvaise,1,>=,5,<=,1-5,rouge/violet,20,40,moyenne,
Système d'evaluation de la Qualité des ressources en eau.pdf,13,Tableaux n°3/n°6 - Grilles simplifiées lacs,lac,eaux de lacs,Orthophosphates (PO4³-),PO4,Orthophosphates,phosphore,mg/l,tres_mauvaise,5,>=,60,<=,5-60,violet/rouge,0,20,moyenne,
Système d'evaluation de la Qualité des ressources en eau.pdf,13,Tableaux n°3/n°6 - Grilles simplifiées lacs,lac,eaux de lacs,P.total,P_TOTAL,P total,phosphore,mg/l,excellente,0,>=,0.1,<=,"0-0,1",bleu,80,100,moyenne,
Système d'evaluation de la Qualité des ressources en eau.pdf,13,Tableaux n°3/n°6 - Grilles simplifiées lacs,lac,eaux de lacs,P.total,P_TOTAL,P total,phosphore,mg/l,bonne,0.1,>=,0.3,<=,"0,1-0,3",vert,60,80,moyenne,
Système d'evaluation de la Qualité des ressources en eau.pdf,13,Tableaux n°3/n°6 - Grilles simplifiées lacs,lac,eaux de lacs,P.total,P_TOTAL,P total,phosphore,mg/l,moyenne,0.3,>=,0.5,<=,"0,3-0,5",orange/jaune,40,60,moyenne,
Système d'evaluation de la Qualité des ressources en eau.pdf,13,Tableaux n°3/n°6 - Grilles simplifiées lacs,lac,eaux de lacs,P.total,P_TOTAL,P total,phosphore,mg/l,mauvaise,0.5,>=,3,<=,"0,5-3",rouge/violet,20,40,moyenne,
Système d'evaluation de la Qualité des ressources en eau.pdf,13,Tableaux n°3/n°6 - Grilles simplifiées lacs,lac,eaux de lacs,P.total,P_TOTAL,P total,phosphore,mg/l,tres_mauvaise,3,>=,130,<=,3-130,violet/rouge,0,20,moyenne,
Système d'evaluation de la Qualité des ressources en eau.pdf,13,Tableaux n°3/n°6 - Grilles simplifiées lacs,lac,eaux de lacs,CE 20°c,CONDUCTIVITE,Conductivité,mineralisation,µs/cm,excellente,0.5,>=,750,<=,"0,5-750",bleu,80,100,moyenne,
Système d'evaluation de la Qualité des ressources en eau.pdf,13,Tableaux n°3/n°6 - Grilles simplifiées lacs,lac,eaux de lacs,CE 20°c,CONDUCTIVITE,Conductivité,mineralisation,µs/cm,bonne,750,>=,1300,<=,750-1300,vert,60,80,moyenne,
Système d'evaluation de la Qualité des ressources en eau.pdf,13,Tableaux n°3/n°6 - Grilles simplifiées lacs,lac,eaux de lacs,CE 20°c,CONDUCTIVITE,Conductivité,mineralisation,µs/cm,moyenne,1300,>=,2700,<=,1300-2700,orange/jaune,40,60,moyenne,
Système d'evaluation de la Qualité des ressources en eau.pdf,13,Tableaux n°3/n°6 - Grilles simplifiées lacs,lac,eaux de lacs,CE 20°c,CONDUCTIVITE,Conductivité,mineralisation,µs/cm,mauvaise,2700,>=,3000,<=,2700-3000,rouge/violet,20,40,moyenne,
Système d'evaluation de la Qualité des ressources en eau.pdf,13,Tableaux n°3/n°6 - Grilles simplifiées lacs,lac,eaux de lacs,CE 20°c,CONDUCTIVITE,Conductivité,mineralisation,µs/cm,tres_mauvaise,3000,>=,20500,<=,3000-20500,violet/rouge,0,20,moyenne,
Système d'evaluation de la Qualité des ressources en eau.pdf,13,Tableaux n°3/n°6 - Grilles simplifiées lacs,lac,eaux de lacs,Sulfates,SO4,Sulfates,mineralisation,mg/l,excellente,0,>=,100,<=,0-100,bleu,80,100,moyenne,classe bonne lue visuellement comme 100--200
Système d'evaluation de la Qualité des ressources en eau.pdf,13,Tableaux n°3/n°6 - Grilles simplifiées lacs,lac,eaux de lacs,Sulfates,SO4,Sulfates,mineralisation,mg/l,bonne,,,,,100--200,vert,60,80,moyenne,classe bonne lue visuellement comme 100--200
Système d'evaluation de la Qualité des ressources en eau.pdf,13,Tableaux n°3/n°6 - Grilles simplifiées lacs,lac,eaux de lacs,Sulfates,SO4,Sulfates,mineralisation,mg/l,moyenne,200,>=,250,<=,200-250,orange/jaune,40,60,moyenne,classe bonne lue visuellement comme 100--200
Système d'evaluation de la Qualité des ressources en eau.pdf,13,Tableaux n°3/n°6 - Grilles simplifiées lacs,lac,eaux de lacs,Sulfates,SO4,Sulfates,mineralisation,mg/l,mauvaise,250,>=,400,<=,250-400,rouge/violet,20,40,moyenne,classe bonne lue visuellement comme 100--200
Système d'evaluation de la Qualité des ressources en eau.pdf,13,Tableaux n°3/n°6 - Grilles simplifiées lacs,lac,eaux de lacs,Sulfates,SO4,Sulfates,mineralisation,mg/l,tres_mauvaise,400,>=,3000,<=,400-3000,violet/rouge,0,20,moyenne,classe bonne lue visuellement comme 100--200
Système d'evaluation de la Qualité des ressources en eau.pdf,13,Tableaux n°3/n°6 - Grilles simplifiées lacs,lac,eaux de lacs,MES,MES,MES,matieres_en_suspension,mg/l,excellente,0,>=,50,<=,0-50,bleu,80,100,moyenne,
Système d'evaluation de la Qualité des ressources en eau.pdf,13,Tableaux n°3/n°6 - Grilles simplifiées lacs,lac,eaux de lacs,MES,MES,MES,matieres_en_suspension,mg/l,bonne,50,>=,200,<=,50-200,vert,60,80,moyenne,
Système d'evaluation de la Qualité des ressources en eau.pdf,13,Tableaux n°3/n°6 - Grilles simplifiées lacs,lac,eaux de lacs,MES,MES,MES,matieres_en_suspension,mg/l,moyenne,200,>=,1000,<=,200-1000,orange/jaune,40,60,moyenne,
Système d'evaluation de la Qualité des ressources en eau.pdf,13,Tableaux n°3/n°6 - Grilles simplifiées lacs,lac,eaux de lacs,MES,MES,MES,matieres_en_suspension,mg/l,mauvaise,1000,>=,2000,<=,1000-2000,rouge/violet,20,40,moyenne,
Système d'evaluation de la Qualité des ressources en eau.pdf,13,Tableaux n°3/n°6 - Grilles simplifiées lacs,lac,eaux de lacs,MES,MES,MES,matieres_en_suspension,mg/l,tres_mauvaise,2000,>=,10000,<=,2000-10000,violet/rouge,0,20,moyenne,
Système d'evaluation de la Qualité des ressources en eau.pdf,13,Tableaux n°3/n°6 - Grilles simplifiées lacs,lac,eaux de lacs,C. fécaux,CF,Coliformes fécaux,microbiologie,/100ml,excellente,0,>=,20,<=,0-20,bleu,80,100,faible,notation scientifique à confirmer; À vérifier
Système d'evaluation de la Qualité des ressources en eau.pdf,13,Tableaux n°3/n°6 - Grilles simplifiées lacs,lac,eaux de lacs,C. fécaux,CF,Coliformes fécaux,microbiologie,/100ml,bonne,20,>=,2000,<=,20-2000,vert,60,80,faible,notation scientifique à confirmer; À vérifier
Système d'evaluation de la Qualité des ressources en eau.pdf,13,Tableaux n°3/n°6 - Grilles simplifiées lacs,lac,eaux de lacs,C. fécaux,CF,Coliformes fécaux,microbiologie,/100ml,moyenne,2000,>=,20000,<=,2000-20000,orange/jaune,40,60,faible,notation scientifique à confirmer; À vérifier
Système d'evaluation de la Qualité des ressources en eau.pdf,13,Tableaux n°3/n°6 - Grilles simplifiées lacs,lac,eaux de lacs,C. fécaux,CF,Coliformes fécaux,microbiologie,/100ml,mauvaise,,,,,20000-25.10⁶,rouge/violet,20,40,faible,notation scientifique à confirmer; À vérifier
Système d'evaluation de la Qualité des ressources en eau.pdf,13,Tableaux n°3/n°6 - Grilles simplifiées lacs,lac,eaux de lacs,C. fécaux,CF,Coliformes fécaux,microbiologie,/100ml,tres_mauvaise,,,,,,violet/rouge,0,20,faible,notation scientifique à confirmer; À vérifier
Système d'evaluation de la Qualité des ressources en eau.pdf,13,Tableaux n°3/n°6 - Grilles simplifiées lacs,lac,eaux de lacs,C. totaux,CT,Coliformes totaux,microbiologie,/100ml,excellente,0,>=,50,<=,0-50,bleu,80,100,faible,notation scientifique à confirmer; À vérifier
Système d'evaluation de la Qualité des ressources en eau.pdf,13,Tableaux n°3/n°6 - Grilles simplifiées lacs,lac,eaux de lacs,C. totaux,CT,Coliformes totaux,microbiologie,/100ml,bonne,50,>=,5000,<=,50-5000,vert,60,80,faible,notation scientifique à confirmer; À vérifier
Système d'evaluation de la Qualité des ressources en eau.pdf,13,Tableaux n°3/n°6 - Grilles simplifiées lacs,lac,eaux de lacs,C. totaux,CT,Coliformes totaux,microbiologie,/100ml,moyenne,5000,>=,50000,<=,5000-50000,orange/jaune,40,60,faible,notation scientifique à confirmer; À vérifier
Système d'evaluation de la Qualité des ressources en eau.pdf,13,Tableaux n°3/n°6 - Grilles simplifiées lacs,lac,eaux de lacs,C. totaux,CT,Coliformes totaux,microbiologie,/100ml,mauvaise,,,,,50000-15.10⁷,rouge/violet,20,40,faible,notation scientifique à confirmer; À vérifier
Système d'evaluation de la Qualité des ressources en eau.pdf,13,Tableaux n°3/n°6 - Grilles simplifiées lacs,lac,eaux de lacs,C. totaux,CT,Coliformes totaux,microbiologie,/100ml,tres_mauvaise,,,,,,violet/rouge,0,20,faible,notation scientifique à confirmer; À vérifier
Système d'evaluation de la Qualité des ressources en eau.pdf,13,Tableaux n°3/n°6 - Grilles simplifiées lacs,lac,eaux de lacs,S. fécaux,SF,Streptocoques fécaux,microbiologie,/100ml,excellente,0,>=,20,<=,0-20,bleu,80,100,faible,notation scientifique à confirmer; À vérifier
Système d'evaluation de la Qualité des ressources en eau.pdf,13,Tableaux n°3/n°6 - Grilles simplifiées lacs,lac,eaux de lacs,S. fécaux,SF,Streptocoques fécaux,microbiologie,/100ml,bonne,20,>=,1000,<=,20-1000,vert,60,80,faible,notation scientifique à confirmer; À vérifier
Système d'evaluation de la Qualité des ressources en eau.pdf,13,Tableaux n°3/n°6 - Grilles simplifiées lacs,lac,eaux de lacs,S. fécaux,SF,Streptocoques fécaux,microbiologie,/100ml,moyenne,1000,>=,10000,<=,1000-10000,orange/jaune,40,60,faible,notation scientifique à confirmer; À vérifier
Système d'evaluation de la Qualité des ressources en eau.pdf,13,Tableaux n°3/n°6 - Grilles simplifiées lacs,lac,eaux de lacs,S. fécaux,SF,Streptocoques fécaux,microbiologie,/100ml,mauvaise,,,,,10000-25.10⁶,rouge/violet,20,40,faible,notation scientifique à confirmer; À vérifier
Système d'evaluation de la Qualité des ressources en eau.pdf,13,Tableaux n°3/n°6 - Grilles simplifiées lacs,lac,eaux de lacs,S. fécaux,SF,Streptocoques fécaux,microbiologie,/100ml,tres_mauvaise,,,,,,violet/rouge,0,20,faible,notation scientifique à confirmer; À vérifier
Système d'evaluation de la Qualité des ressources en eau.pdf,13,Tableaux n°3/n°6 - Grilles simplifiées lacs,lac,eaux de lacs,Chlorophylle a,CHL_A,Chlorophylle a,biologique,µg/l,excellente,0,>=,2.5,<=,"0-2,5",bleu,80,100,moyenne,
Système d'evaluation de la Qualité des ressources en eau.pdf,13,Tableaux n°3/n°6 - Grilles simplifiées lacs,lac,eaux de lacs,Chlorophylle a,CHL_A,Chlorophylle a,biologique,µg/l,bonne,2.5,>=,10,<=,"2,5-10",vert,60,80,moyenne,
Système d'evaluation de la Qualité des ressources en eau.pdf,13,Tableaux n°3/n°6 - Grilles simplifiées lacs,lac,eaux de lacs,Chlorophylle a,CHL_A,Chlorophylle a,biologique,µg/l,moyenne,10,>=,30,<=,10-30,orange/jaune,40,60,moyenne,
Système d'evaluation de la Qualité des ressources en eau.pdf,13,Tableaux n°3/n°6 - Grilles simplifiées lacs,lac,eaux de lacs,Chlorophylle a,CHL_A,Chlorophylle a,biologique,µg/l,mauvaise,30,>=,110,<=,30-110,rouge/violet,20,40,moyenne,
Système d'evaluation de la Qualité des ressources en eau.pdf,13,Tableaux n°3/n°6 - Grilles simplifiées lacs,lac,eaux de lacs,Chlorophylle a,CHL_A,Chlorophylle a,biologique,µg/l,tres_mauvaise,110,>=,350,<=,110-350,violet/rouge,0,20,moyenne,
Système d'evaluation de la Qualité des ressources en eau.pdf,14,Tableaux n°4/n°7 - Grilles eaux souterraines,souterraine,eaux souterraines,Température,T_EAU,Température,temperature,°C,excellente,0,>=,20,<=,0-20,bleu,80,100,moyenne,
Système d'evaluation de la Qualité des ressources en eau.pdf,14,Tableaux n°4/n°7 - Grilles eaux souterraines,souterraine,eaux souterraines,Température,T_EAU,Température,temperature,°C,bonne,20,>=,25,<=,20-25,vert,60,80,moyenne,
Système d'evaluation de la Qualité des ressources en eau.pdf,14,Tableaux n°4/n°7 - Grilles eaux souterraines,souterraine,eaux souterraines,Température,T_EAU,Température,temperature,°C,moyenne,25,>=,30,<=,25-30,orange/jaune,40,60,moyenne,
Système d'evaluation de la Qualité des ressources en eau.pdf,14,Tableaux n°4/n°7 - Grilles eaux souterraines,souterraine,eaux souterraines,Température,T_EAU,Température,temperature,°C,mauvaise,30,>=,35,<=,30-35,rouge/violet,20,40,moyenne,
Système d'evaluation de la Qualité des ressources en eau.pdf,14,Tableaux n°4/n°7 - Grilles eaux souterraines,souterraine,eaux souterraines,Température,T_EAU,Température,temperature,°C,tres_mauvaise,35,>=,40,<=,35-40,violet/rouge,0,20,moyenne,
Système d'evaluation de la Qualité des ressources en eau.pdf,14,Tableaux n°4/n°7 - Grilles eaux souterraines,souterraine,eaux souterraines,pH,PH,pH,acidification,,excellente,6.5,>=,8.5,<=,"6,5-8,5",bleu,80,100,moyenne,tableau simplifié avec cellules vides pour certaines classes
Système d'evaluation de la Qualité des ressources en eau.pdf,14,Tableaux n°4/n°7 - Grilles eaux souterraines,souterraine,eaux souterraines,pH,PH,pH,acidification,,bonne,,,,,,vert,60,80,moyenne,tableau simplifié avec cellules vides pour certaines classes
Système d'evaluation de la Qualité des ressources en eau.pdf,14,Tableaux n°4/n°7 - Grilles eaux souterraines,souterraine,eaux souterraines,pH,PH,pH,acidification,,moyenne,8.5,>=,9.2,<=,"8,5-9,2",orange/jaune,40,60,moyenne,tableau simplifié avec cellules vides pour certaines classes
Système d'evaluation de la Qualité des ressources en eau.pdf,14,Tableaux n°4/n°7 - Grilles eaux souterraines,souterraine,eaux souterraines,pH,PH,pH,acidification,,mauvaise,,,,,,rouge/violet,20,40,moyenne,tableau simplifié avec cellules vides pour certaines classes
Système d'evaluation de la Qualité des ressources en eau.pdf,14,Tableaux n°4/n°7 - Grilles eaux souterraines,souterraine,eaux souterraines,pH,PH,pH,acidification,,tres_mauvaise,,,,,,violet/rouge,0,20,moyenne,tableau simplifié avec cellules vides pour certaines classes
Système d'evaluation de la Qualité des ressources en eau.pdf,14,Tableaux n°4/n°7 - Grilles eaux souterraines,souterraine,eaux souterraines,Oxydabilité KMnO4,OXYDABILITE_KMNO4,Oxydabilité KMnO4,oxygene_matiere_organique,mg/l,excellente,0,>=,2,<=,0-2,bleu,80,100,moyenne,classe très mauvaise non indiquée
Système d'evaluation de la Qualité des ressources en eau.pdf,14,Tableaux n°4/n°7 - Grilles eaux souterraines,souterraine,eaux souterraines,Oxydabilité KMnO4,OXYDABILITE_KMNO4,Oxydabilité KMnO4,oxygene_matiere_organique,mg/l,bonne,2,>=,5,<=,2-5,vert,60,80,moyenne,classe très mauvaise non indiquée
Système d'evaluation de la Qualité des ressources en eau.pdf,14,Tableaux n°4/n°7 - Grilles eaux souterraines,souterraine,eaux souterraines,Oxydabilité KMnO4,OXYDABILITE_KMNO4,Oxydabilité KMnO4,oxygene_matiere_organique,mg/l,moyenne,5,>=,10,<=,5-10,orange/jaune,40,60,moyenne,classe très mauvaise non indiquée
Système d'evaluation de la Qualité des ressources en eau.pdf,14,Tableaux n°4/n°7 - Grilles eaux souterraines,souterraine,eaux souterraines,Oxydabilité KMnO4,OXYDABILITE_KMNO4,Oxydabilité KMnO4,oxygene_matiere_organique,mg/l,mauvaise,10,>=,60,<=,10-60,rouge/violet,20,40,moyenne,classe très mauvaise non indiquée
Système d'evaluation de la Qualité des ressources en eau.pdf,14,Tableaux n°4/n°7 - Grilles eaux souterraines,souterraine,eaux souterraines,Oxydabilité KMnO4,OXYDABILITE_KMNO4,Oxydabilité KMnO4,oxygene_matiere_organique,mg/l,tres_mauvaise,,,,,,violet/rouge,0,20,moyenne,classe très mauvaise non indiquée
Système d'evaluation de la Qualité des ressources en eau.pdf,14,Tableaux n°4/n°7 - Grilles eaux souterraines,souterraine,eaux souterraines,Ammonium,NH4,Ammonium,azote,mgNH4+,excellente,0,>=,0.1,<=,"0-0,1",bleu,80,100,moyenne,
Système d'evaluation de la Qualité des ressources en eau.pdf,14,Tableaux n°4/n°7 - Grilles eaux souterraines,souterraine,eaux souterraines,Ammonium,NH4,Ammonium,azote,mgNH4+,bonne,0.1,>=,0.5,<=,"0,1-0,5",vert,60,80,moyenne,
Système d'evaluation de la Qualité des ressources en eau.pdf,14,Tableaux n°4/n°7 - Grilles eaux souterraines,souterraine,eaux souterraines,Ammonium,NH4,Ammonium,azote,mgNH4+,moyenne,0.5,>=,2,<=,"0,5-2",orange/jaune,40,60,moyenne,
Système d'evaluation de la Qualité des ressources en eau.pdf,14,Tableaux n°4/n°7 - Grilles eaux souterraines,souterraine,eaux souterraines,Ammonium,NH4,Ammonium,azote,mgNH4+,mauvaise,2,>=,8,<=,2-8,rouge/violet,20,40,moyenne,
Système d'evaluation de la Qualité des ressources en eau.pdf,14,Tableaux n°4/n°7 - Grilles eaux souterraines,souterraine,eaux souterraines,Ammonium,NH4,Ammonium,azote,mgNH4+,tres_mauvaise,8,>=,250,<=,8-250,violet/rouge,0,20,moyenne,
Système d'evaluation de la Qualité des ressources en eau.pdf,14,Tableaux n°4/n°7 - Grilles eaux souterraines,souterraine,eaux souterraines,Nitrates,NO3,Nitrates,azote,mg/l,excellente,0,>=,10,<=,0-10,bleu,80,100,moyenne,classe très mauvaise non indiquée
Système d'evaluation de la Qualité des ressources en eau.pdf,14,Tableaux n°4/n°7 - Grilles eaux souterraines,souterraine,eaux souterraines,Nitrates,NO3,Nitrates,azote,mg/l,bonne,10,>=,25,<=,10-25,vert,60,80,moyenne,classe très mauvaise non indiquée
Système d'evaluation de la Qualité des ressources en eau.pdf,14,Tableaux n°4/n°7 - Grilles eaux souterraines,souterraine,eaux souterraines,Nitrates,NO3,Nitrates,azote,mg/l,moyenne,25,>=,50,<=,25-50,orange/jaune,40,60,moyenne,classe très mauvaise non indiquée
Système d'evaluation de la Qualité des ressources en eau.pdf,14,Tableaux n°4/n°7 - Grilles eaux souterraines,souterraine,eaux souterraines,Nitrates,NO3,Nitrates,azote,mg/l,mauvaise,50,>=,300,<=,50-300,rouge/violet,20,40,moyenne,classe très mauvaise non indiquée
Système d'evaluation de la Qualité des ressources en eau.pdf,14,Tableaux n°4/n°7 - Grilles eaux souterraines,souterraine,eaux souterraines,Nitrates,NO3,Nitrates,azote,mg/l,tres_mauvaise,,,,,,violet/rouge,0,20,moyenne,classe très mauvaise non indiquée
Système d'evaluation de la Qualité des ressources en eau.pdf,14,Tableaux n°4/n°7 - Grilles eaux souterraines,souterraine,eaux souterraines,CE 20°c,CONDUCTIVITE,Conductivité,mineralisation,µs/cm,excellente,0.5,>=,750,<=,"0,5-750",bleu,80,100,moyenne,
Système d'evaluation de la Qualité des ressources en eau.pdf,14,Tableaux n°4/n°7 - Grilles eaux souterraines,souterraine,eaux souterraines,CE 20°c,CONDUCTIVITE,Conductivité,mineralisation,µs/cm,bonne,750,>=,1300,<=,750-1300,vert,60,80,moyenne,
Système d'evaluation de la Qualité des ressources en eau.pdf,14,Tableaux n°4/n°7 - Grilles eaux souterraines,souterraine,eaux souterraines,CE 20°c,CONDUCTIVITE,Conductivité,mineralisation,µs/cm,moyenne,1300,>=,2700,<=,1300-2700,orange/jaune,40,60,moyenne,
Système d'evaluation de la Qualité des ressources en eau.pdf,14,Tableaux n°4/n°7 - Grilles eaux souterraines,souterraine,eaux souterraines,CE 20°c,CONDUCTIVITE,Conductivité,mineralisation,µs/cm,mauvaise,2700,>=,3000,<=,2700-3000,rouge/violet,20,40,moyenne,
Système d'evaluation de la Qualité des ressources en eau.pdf,14,Tableaux n°4/n°7 - Grilles eaux souterraines,souterraine,eaux souterraines,CE 20°c,CONDUCTIVITE,Conductivité,mineralisation,µs/cm,tres_mauvaise,3000,>=,20500,<=,3000-20500,violet/rouge,0,20,moyenne,
Système d'evaluation de la Qualité des ressources en eau.pdf,14,Tableaux n°4/n°7 - Grilles eaux souterraines,souterraine,eaux souterraines,Chlorures,CL,Chlorures,mineralisation,mg/l,excellente,1,>=,200,<=,1-200,bleu,80,100,moyenne,
Système d'evaluation de la Qualité des ressources en eau.pdf,14,Tableaux n°4/n°7 - Grilles eaux souterraines,souterraine,eaux souterraines,Chlorures,CL,Chlorures,mineralisation,mg/l,bonne,200,>=,300,<=,200-300,vert,60,80,moyenne,
Système d'evaluation de la Qualité des ressources en eau.pdf,14,Tableaux n°4/n°7 - Grilles eaux souterraines,souterraine,eaux souterraines,Chlorures,CL,Chlorures,mineralisation,mg/l,moyenne,300,>=,750,<=,300-750,orange/jaune,40,60,moyenne,
Système d'evaluation de la Qualité des ressources en eau.pdf,14,Tableaux n°4/n°7 - Grilles eaux souterraines,souterraine,eaux souterraines,Chlorures,CL,Chlorures,mineralisation,mg/l,mauvaise,750,>=,1000,<=,750-1000,rouge/violet,20,40,moyenne,
Système d'evaluation de la Qualité des ressources en eau.pdf,14,Tableaux n°4/n°7 - Grilles eaux souterraines,souterraine,eaux souterraines,Chlorures,CL,Chlorures,mineralisation,mg/l,tres_mauvaise,1000,>=,7000,<=,1000-7000,violet/rouge,0,20,moyenne,
Système d'evaluation de la Qualité des ressources en eau.pdf,14,Tableaux n°4/n°7 - Grilles eaux souterraines,souterraine,eaux souterraines,Sulfates,SO4,Sulfates,mineralisation,mg/l,excellente,0,>=,100,<=,0-100,bleu,80,100,moyenne,classe bonne lue visuellement comme 100--200
Système d'evaluation de la Qualité des ressources en eau.pdf,14,Tableaux n°4/n°7 - Grilles eaux souterraines,souterraine,eaux souterraines,Sulfates,SO4,Sulfates,mineralisation,mg/l,bonne,,,,,100--200,vert,60,80,moyenne,classe bonne lue visuellement comme 100--200
Système d'evaluation de la Qualité des ressources en eau.pdf,14,Tableaux n°4/n°7 - Grilles eaux souterraines,souterraine,eaux souterraines,Sulfates,SO4,Sulfates,mineralisation,mg/l,moyenne,200,>=,250,<=,200-250,orange/jaune,40,60,moyenne,classe bonne lue visuellement comme 100--200
Système d'evaluation de la Qualité des ressources en eau.pdf,14,Tableaux n°4/n°7 - Grilles eaux souterraines,souterraine,eaux souterraines,Sulfates,SO4,Sulfates,mineralisation,mg/l,mauvaise,250,>=,400,<=,250-400,rouge/violet,20,40,moyenne,classe bonne lue visuellement comme 100--200
Système d'evaluation de la Qualité des ressources en eau.pdf,14,Tableaux n°4/n°7 - Grilles eaux souterraines,souterraine,eaux souterraines,Sulfates,SO4,Sulfates,mineralisation,mg/l,tres_mauvaise,400,>=,3000,<=,400-3000,violet/rouge,0,20,moyenne,classe bonne lue visuellement comme 100--200
Système d'evaluation de la Qualité des ressources en eau.pdf,14,Tableaux n°4/n°7 - Grilles eaux souterraines,souterraine,eaux souterraines,Calcium,CALCIUM,Calcium,micropolluants,mg/l,excellente,31,>=,160,<=,31-160,bleu,80,100,faible,"classe mauvaise notée 1-31 ou 60-1500, à confirmer; À vérifier"
Système d'evaluation de la Qualité des ressources en eau.pdf,14,Tableaux n°4/n°7 - Grilles eaux souterraines,souterraine,eaux souterraines,Calcium,CALCIUM,Calcium,micropolluants,mg/l,bonne,,,,,,vert,60,80,faible,"classe mauvaise notée 1-31 ou 60-1500, à confirmer; À vérifier"
Système d'evaluation de la Qualité des ressources en eau.pdf,14,Tableaux n°4/n°7 - Grilles eaux souterraines,souterraine,eaux souterraines,Calcium,CALCIUM,Calcium,micropolluants,mg/l,moyenne,,,,,,orange/jaune,40,60,faible,"classe mauvaise notée 1-31 ou 60-1500, à confirmer; À vérifier"
Système d'evaluation de la Qualité des ressources en eau.pdf,14,Tableaux n°4/n°7 - Grilles eaux souterraines,souterraine,eaux souterraines,Calcium,CALCIUM,Calcium,micropolluants,mg/l,mauvaise,,,,,,rouge/violet,20,40,faible,"classe mauvaise notée 1-31 ou 60-1500, à confirmer; À vérifier"
Système d'evaluation de la Qualité des ressources en eau.pdf,14,Tableaux n°4/n°7 - Grilles eaux souterraines,souterraine,eaux souterraines,Calcium,CALCIUM,Calcium,micropolluants,mg/l,tres_mauvaise,,,,,,violet/rouge,0,20,faible,"classe mauvaise notée 1-31 ou 60-1500, à confirmer; À vérifier"
Système d'evaluation de la Qualité des ressources en eau.pdf,14,Tableaux n°4/n°7 - Grilles eaux souterraines,souterraine,eaux souterraines,Magnésium,MAGNESIUM,Magnésium,micropolluants,mg/l,excellente,0.05,>=,50,<=,"0,05-50",bleu,80,100,moyenne,
Système d'evaluation de la Qualité des ressources en eau.pdf,14,Tableaux n°4/n°7 - Grilles eaux souterraines,souterraine,eaux souterraines,Magnésium,MAGNESIUM,Magnésium,micropolluants,mg/l,bonne,50,>=,75,<=,50-75,vert,60,80,moyenne,
Système d'evaluation de la Qualité des ressources en eau.pdf,14,Tableaux n°4/n°7 - Grilles eaux souterraines,souterraine,eaux souterraines,Magnésium,MAGNESIUM,Magnésium,micropolluants,mg/l,moyenne,75,>=,100,<=,75-100,orange/jaune,40,60,moyenne,
Système d'evaluation de la Qualité des ressources en eau.pdf,14,Tableaux n°4/n°7 - Grilles eaux souterraines,souterraine,eaux souterraines,Magnésium,MAGNESIUM,Magnésium,micropolluants,mg/l,mauvaise,100,>=,400,<=,100-400,rouge/violet,20,40,moyenne,
Système d'evaluation de la Qualité des ressources en eau.pdf,14,Tableaux n°4/n°7 - Grilles eaux souterraines,souterraine,eaux souterraines,Magnésium,MAGNESIUM,Magnésium,micropolluants,mg/l,tres_mauvaise,400,>=,1200,<=,400-1200,violet/rouge,0,20,moyenne,
Système d'evaluation de la Qualité des ressources en eau.pdf,14,Tableaux n°4/n°7 - Grilles eaux souterraines,souterraine,eaux souterraines,Sodium,SODIUM,Sodium,micropolluants,mg/l,excellente,0.5,>=,200,<=,"0,5-200",bleu,80,100,moyenne,"classes bonne, moyenne et très mauvaise non indiquées"
Système d'evaluation de la Qualité des ressources en eau.pdf,14,Tableaux n°4/n°7 - Grilles eaux souterraines,souterraine,eaux souterraines,Sodium,SODIUM,Sodium,micropolluants,mg/l,bonne,,,,,,vert,60,80,moyenne,"classes bonne, moyenne et très mauvaise non indiquées"
Système d'evaluation de la Qualité des ressources en eau.pdf,14,Tableaux n°4/n°7 - Grilles eaux souterraines,souterraine,eaux souterraines,Sodium,SODIUM,Sodium,micropolluants,mg/l,moyenne,,,,,,orange/jaune,40,60,moyenne,"classes bonne, moyenne et très mauvaise non indiquées"
Système d'evaluation de la Qualité des ressources en eau.pdf,14,Tableaux n°4/n°7 - Grilles eaux souterraines,souterraine,eaux souterraines,Sodium,SODIUM,Sodium,micropolluants,mg/l,mauvaise,200,>=,7300,<=,200-7300,rouge/violet,20,40,moyenne,"classes bonne, moyenne et très mauvaise non indiquées"
Système d'evaluation de la Qualité des ressources en eau.pdf,14,Tableaux n°4/n°7 - Grilles eaux souterraines,souterraine,eaux souterraines,Sodium,SODIUM,Sodium,micropolluants,mg/l,tres_mauvaise,,,,,,violet/rouge,0,20,moyenne,"classes bonne, moyenne et très mauvaise non indiquées"
Système d'evaluation de la Qualité des ressources en eau.pdf,14,Tableaux n°4/n°7 - Grilles eaux souterraines,souterraine,eaux souterraines,Manganèse,MN,Manganèse,metaux_lourds,mg/l,excellente,0,>=,0.1,<=,"0-0,1",bleu,80,100,moyenne,classe très mauvaise non indiquée
Système d'evaluation de la Qualité des ressources en eau.pdf,14,Tableaux n°4/n°7 - Grilles eaux souterraines,souterraine,eaux souterraines,Manganèse,MN,Manganèse,metaux_lourds,mg/l,bonne,0.1,>=,0.5,<=,"0,1-0,5",vert,60,80,moyenne,classe très mauvaise non indiquée
Système d'evaluation de la Qualité des ressources en eau.pdf,14,Tableaux n°4/n°7 - Grilles eaux souterraines,souterraine,eaux souterraines,Manganèse,MN,Manganèse,metaux_lourds,mg/l,moyenne,0.5,>=,1,<=,"0,5-1",orange/jaune,40,60,moyenne,classe très mauvaise non indiquée
Système d'evaluation de la Qualité des ressources en eau.pdf,14,Tableaux n°4/n°7 - Grilles eaux souterraines,souterraine,eaux souterraines,Manganèse,MN,Manganèse,metaux_lourds,mg/l,mauvaise,1,>=,12,<=,1-12,rouge/violet,20,40,moyenne,classe très mauvaise non indiquée
Système d'evaluation de la Qualité des ressources en eau.pdf,14,Tableaux n°4/n°7 - Grilles eaux souterraines,souterraine,eaux souterraines,Manganèse,MN,Manganèse,metaux_lourds,mg/l,tres_mauvaise,,,,,,violet/rouge,0,20,moyenne,classe très mauvaise non indiquée
Système d'evaluation de la Qualité des ressources en eau.pdf,14,Tableaux n°4/n°7 - Grilles eaux souterraines,souterraine,eaux souterraines,Fer total,FE,Fer total,metaux_lourds,mg/l,excellente,0.01,>=,0.5,<=,"0,01-0,5",bleu,80,100,moyenne,
Système d'evaluation de la Qualité des ressources en eau.pdf,14,Tableaux n°4/n°7 - Grilles eaux souterraines,souterraine,eaux souterraines,Fer total,FE,Fer total,metaux_lourds,mg/l,bonne,0.5,>=,1,<=,"0,5-1",vert,60,80,moyenne,
Système d'evaluation de la Qualité des ressources en eau.pdf,14,Tableaux n°4/n°7 - Grilles eaux souterraines,souterraine,eaux souterraines,Fer total,FE,Fer total,metaux_lourds,mg/l,moyenne,1,>=,2,<=,1-2,orange/jaune,40,60,moyenne,
Système d'evaluation de la Qualité des ressources en eau.pdf,14,Tableaux n°4/n°7 - Grilles eaux souterraines,souterraine,eaux souterraines,Fer total,FE,Fer total,metaux_lourds,mg/l,mauvaise,2,>=,5,<=,2-5,rouge/violet,20,40,moyenne,
Système d'evaluation de la Qualité des ressources en eau.pdf,14,Tableaux n°4/n°7 - Grilles eaux souterraines,souterraine,eaux souterraines,Fer total,FE,Fer total,metaux_lourds,mg/l,tres_mauvaise,5,>=,15,<=,5-15,violet/rouge,0,20,moyenne,
Système d'evaluation de la Qualité des ressources en eau.pdf,14,Tableaux n°4/n°7 - Grilles eaux souterraines,souterraine,eaux souterraines,C. fécaux,CF,Coliformes fécaux,microbiologie,/100ml,excellente,0,>=,20,<=,0-20,bleu,80,100,faible,notation scientifique à confirmer; À vérifier
Système d'evaluation de la Qualité des ressources en eau.pdf,14,Tableaux n°4/n°7 - Grilles eaux souterraines,souterraine,eaux souterraines,C. fécaux,CF,Coliformes fécaux,microbiologie,/100ml,bonne,20,>=,2000,<=,20-2000,vert,60,80,faible,notation scientifique à confirmer; À vérifier
Système d'evaluation de la Qualité des ressources en eau.pdf,14,Tableaux n°4/n°7 - Grilles eaux souterraines,souterraine,eaux souterraines,C. fécaux,CF,Coliformes fécaux,microbiologie,/100ml,moyenne,2000,>=,20000,<=,2000-20000,orange/jaune,40,60,faible,notation scientifique à confirmer; À vérifier
Système d'evaluation de la Qualité des ressources en eau.pdf,14,Tableaux n°4/n°7 - Grilles eaux souterraines,souterraine,eaux souterraines,C. fécaux,CF,Coliformes fécaux,microbiologie,/100ml,mauvaise,,,,,20000-25.10⁶,rouge/violet,20,40,faible,notation scientifique à confirmer; À vérifier
Système d'evaluation de la Qualité des ressources en eau.pdf,14,Tableaux n°4/n°7 - Grilles eaux souterraines,souterraine,eaux souterraines,C. fécaux,CF,Coliformes fécaux,microbiologie,/100ml,tres_mauvaise,,,,,,violet/rouge,0,20,faible,notation scientifique à confirmer; À vérifier
Système d'evaluation de la Qualité des ressources en eau.pdf,14,Tableaux n°4/n°7 - Grilles eaux souterraines,souterraine,eaux souterraines,C. totaux,CT,Coliformes totaux,microbiologie,/100ml,excellente,0,>=,50,<=,0-50,bleu,80,100,faible,notation scientifique à confirmer; À vérifier
Système d'evaluation de la Qualité des ressources en eau.pdf,14,Tableaux n°4/n°7 - Grilles eaux souterraines,souterraine,eaux souterraines,C. totaux,CT,Coliformes totaux,microbiologie,/100ml,bonne,50,>=,5000,<=,50-5000,vert,60,80,faible,notation scientifique à confirmer; À vérifier
Système d'evaluation de la Qualité des ressources en eau.pdf,14,Tableaux n°4/n°7 - Grilles eaux souterraines,souterraine,eaux souterraines,C. totaux,CT,Coliformes totaux,microbiologie,/100ml,moyenne,5000,>=,50000,<=,5000-50000,orange/jaune,40,60,faible,notation scientifique à confirmer; À vérifier
Système d'evaluation de la Qualité des ressources en eau.pdf,14,Tableaux n°4/n°7 - Grilles eaux souterraines,souterraine,eaux souterraines,C. totaux,CT,Coliformes totaux,microbiologie,/100ml,mauvaise,,,,,50000-15.10⁷,rouge/violet,20,40,faible,notation scientifique à confirmer; À vérifier
Système d'evaluation de la Qualité des ressources en eau.pdf,14,Tableaux n°4/n°7 - Grilles eaux souterraines,souterraine,eaux souterraines,C. totaux,CT,Coliformes totaux,microbiologie,/100ml,tres_mauvaise,,,,,,violet/rouge,0,20,faible,notation scientifique à confirmer; À vérifier
Système d'evaluation de la Qualité des ressources en eau.pdf,14,Tableaux n°4/n°7 - Grilles eaux souterraines,souterraine,eaux souterraines,S. fécaux,SF,Streptocoques fécaux,microbiologie,/100ml,excellente,0,>=,20,<=,0-20,bleu,80,100,faible,notation scientifique à confirmer; À vérifier
Système d'evaluation de la Qualité des ressources en eau.pdf,14,Tableaux n°4/n°7 - Grilles eaux souterraines,souterraine,eaux souterraines,S. fécaux,SF,Streptocoques fécaux,microbiologie,/100ml,bonne,20,>=,1000,<=,20-1000,vert,60,80,faible,notation scientifique à confirmer; À vérifier
Système d'evaluation de la Qualité des ressources en eau.pdf,14,Tableaux n°4/n°7 - Grilles eaux souterraines,souterraine,eaux souterraines,S. fécaux,SF,Streptocoques fécaux,microbiologie,/100ml,moyenne,1000,>=,10000,<=,1000-10000,orange/jaune,40,60,faible,notation scientifique à confirmer; À vérifier
Système d'evaluation de la Qualité des ressources en eau.pdf,14,Tableaux n°4/n°7 - Grilles eaux souterraines,souterraine,eaux souterraines,S. fécaux,SF,Streptocoques fécaux,microbiologie,/100ml,mauvaise,,,,,10000-25.10⁶,rouge/violet,20,40,faible,notation scientifique à confirmer; À vérifier
Système d'evaluation de la Qualité des ressources en eau.pdf,14,Tableaux n°4/n°7 - Grilles eaux souterraines,souterraine,eaux souterraines,S. fécaux,SF,Streptocoques fécaux,microbiologie,/100ml,tres_mauvaise,,,,,,violet/rouge,0,20,faible,notation scientifique à confirmer; À vérifier
