source_table,code_debit,ire_station,station_id,date_jr,valeur_source_brute,valeur_brute,valeur_preparee,valeur_cible,unite_source,unite_finale,conversion_regle,flags_qa,ratio_prepare_sur_brut,classification
raw_mesures_debit_jr,704,1000/23,bc8e6d83-08d3-4bfa-8c78-daa754af79b7,1986-08-05,0.104,0.104,0.0,0.104,m3/s,m3/s,aucune,FLAG_DUPLICATE_TIMESTEP | FLAG_GAP_TIME_SERIES | FLAG_TIMESTEP_IRREGULAR | QA_REQUIRED | SCIENTIFIC_NOTATION_CONVERTED | UNIT_ASSUMED,0.0,CONFLICT_VALUE_TO_REVIEW
raw_mesures_debit_jr,711,1000/23,bc8e6d83-08d3-4bfa-8c78-daa754af79b7,1986-08-12,0.104,0.104,0.0,0.104,m3/s,m3/s,aucune,FLAG_DUPLICATE_TIMESTEP | FLAG_GAP_TIME_SERIES | FLAG_TIMESTEP_IRREGULAR | QA_REQUIRED | SCIENTIFIC_NOTATION_CONVERTED | UNIT_ASSUMED,0.0,CONFLICT_VALUE_TO_REVIEW
raw_mesures_debit_jr,712,1000/23,bc8e6d83-08d3-4bfa-8c78-daa754af79b7,1986-08-13,0.104,0.104,0.0,0.104,m3/s,m3/s,aucune,FLAG_DUPLICATE_TIMESTEP | FLAG_GAP_TIME_SERIES | FLAG_TIMESTEP_IRREGULAR | QA_REQUIRED | SCIENTIFIC_NOTATION_CONVERTED | UNIT_ASSUMED,0.0,CONFLICT_VALUE_TO_REVIEW
raw_mesures_debit_jr,745,1000/23,bc8e6d83-08d3-4bfa-8c78-daa754af79b7,1986-09-15,0.105,0.105,0.0,0.105,m3/s,m3/s,aucune,FLAG_DUPLICATE_TIMESTEP | FLAG_GAP_TIME_SERIES | FLAG_TIMESTEP_IRREGULAR | QA_REQUIRED | SCIENTIFIC_NOTATION_CONVERTED | UNIT_ASSUMED,0.0,CONFLICT_VALUE_TO_REVIEW
raw_mesures_debit_jr,746,1000/23,bc8e6d83-08d3-4bfa-8c78-daa754af79b7,1986-09-16,0.102,0.102,0.0,0.102,m3/s,m3/s,aucune,FLAG_DUPLICATE_TIMESTEP | FLAG_GAP_TIME_SERIES | FLAG_TIMESTEP_IRREGULAR | QA_REQUIRED | SCIENTIFIC_NOTATION_CONVERTED | UNIT_ASSUMED,0.0,CONFLICT_VALUE_TO_REVIEW
raw_mesures_debit_jr,1412,1000/23,bc8e6d83-08d3-4bfa-8c78-daa754af79b7,1988-07-13,0.104,0.104,0.0,0.104,m3/s,m3/s,aucune,FLAG_DUPLICATE_TIMESTEP | FLAG_GAP_TIME_SERIES | FLAG_TIMESTEP_IRREGULAR | QA_REQUIRED | SCIENTIFIC_NOTATION_CONVERTED | UNIT_ASSUMED,0.0,CONFLICT_VALUE_TO_REVIEW
raw_mesures_debit_jr,1413,1000/23,bc8e6d83-08d3-4bfa-8c78-daa754af79b7,1988-07-14,0.104,0.104,0.0,0.104,m3/s,m3/s,aucune,FLAG_DUPLICATE_TIMESTEP | FLAG_GAP_TIME_SERIES | FLAG_TIMESTEP_IRREGULAR | QA_REQUIRED | SCIENTIFIC_NOTATION_CONVERTED | UNIT_ASSUMED,0.0,CONFLICT_VALUE_TO_REVIEW
raw_mesures_debit_jr,1414,1000/23,bc8e6d83-08d3-4bfa-8c78-daa754af79b7,1988-07-15,0.104,0.104,0.0,0.104,m3/s,m3/s,aucune,FLAG_DUPLICATE_TIMESTEP | FLAG_GAP_TIME_SERIES | FLAG_TIMESTEP_IRREGULAR | QA_REQUIRED | SCIENTIFIC_NOTATION_CONVERTED | UNIT_ASSUMED,0.0,CONFLICT_VALUE_TO_REVIEW
raw_mesures_debit_jr,1415,1000/23,bc8e6d83-08d3-4bfa-8c78-daa754af79b7,1988-07-16,0.104,0.104,0.0,0.104,m3/s,m3/s,aucune,FLAG_DUPLICATE_TIMESTEP | FLAG_GAP_TIME_SERIES | FLAG_TIMESTEP_IRREGULAR | QA_REQUIRED | SCIENTIFIC_NOTATION_CONVERTED | UNIT_ASSUMED,0.0,CONFLICT_VALUE_TO_REVIEW
raw_mesures_debit_jr,1528,1000/23,bc8e6d83-08d3-4bfa-8c78-daa754af79b7,1988-11-06,0.106,0.106,0.0,0.106,m3/s,m3/s,aucune,FLAG_DUPLICATE_TIMESTEP | FLAG_GAP_TIME_SERIES | FLAG_TIMESTEP_IRREGULAR | QA_REQUIRED | SCIENTIFIC_NOTATION_CONVERTED | UNIT_ASSUMED,0.0,CONFLICT_VALUE_TO_REVIEW
raw_mesures_debit_jr,1530,1000/23,bc8e6d83-08d3-4bfa-8c78-daa754af79b7,1988-11-08,0.109,0.109,0.0,0.109,m3/s,m3/s,aucune,FLAG_DUPLICATE_TIMESTEP | FLAG_GAP_TIME_SERIES | FLAG_TIMESTEP_IRREGULAR | QA_REQUIRED | SCIENTIFIC_NOTATION_CONVERTED | UNIT_ASSUMED,0.0,CONFLICT_VALUE_TO_REVIEW
raw_mesures_debit_jr,1563,1000/23,bc8e6d83-08d3-4bfa-8c78-daa754af79b7,1988-12-11,0.106,0.106,0.0,0.106,m3/s,m3/s,aucune,FLAG_DUPLICATE_TIMESTEP | FLAG_GAP_TIME_SERIES | FLAG_TIMESTEP_IRREGULAR | QA_REQUIRED | SCIENTIFIC_NOTATION_CONVERTED | UNIT_ASSUMED,0.0,CONFLICT_VALUE_TO_REVIEW
raw_mesures_debit_jr,1564,1000/23,bc8e6d83-08d3-4bfa-8c78-daa754af79b7,1988-12-12,0.104,0.104,0.0,0.104,m3/s,m3/s,aucune,FLAG_DUPLICATE_TIMESTEP | FLAG_GAP_TIME_SERIES | FLAG_TIMESTEP_IRREGULAR | QA_REQUIRED | SCIENTIFIC_NOTATION_CONVERTED | UNIT_ASSUMED,0.0,CONFLICT_VALUE_TO_REVIEW
raw_mesures_debit_jr,1565,1000/23,bc8e6d83-08d3-4bfa-8c78-daa754af79b7,1988-12-13,0.104,0.104,0.0,0.104,m3/s,m3/s,aucune,FLAG_DUPLICATE_TIMESTEP | FLAG_GAP_TIME_SERIES | FLAG_TIMESTEP_IRREGULAR | QA_REQUIRED | SCIENTIFIC_NOTATION_CONVERTED | UNIT_ASSUMED,0.0,CONFLICT_VALUE_TO_REVIEW
raw_mesures_debit_jr,1566,1000/23,bc8e6d83-08d3-4bfa-8c78-daa754af79b7,1988-12-14,0.104,0.104,0.0,0.104,m3/s,m3/s,aucune,FLAG_DUPLICATE_TIMESTEP | FLAG_GAP_TIME_SERIES | FLAG_TIMESTEP_IRREGULAR | QA_REQUIRED | SCIENTIFIC_NOTATION_CONVERTED | UNIT_ASSUMED,0.0,CONFLICT_VALUE_TO_REVIEW
raw_mesures_debit_jr,1567,1000/23,bc8e6d83-08d3-4bfa-8c78-daa754af79b7,1988-12-15,0.104,0.104,0.0,0.104,m3/s,m3/s,aucune,FLAG_DUPLICATE_TIMESTEP | FLAG_GAP_TIME_SERIES | FLAG_TIMESTEP_IRREGULAR | QA_REQUIRED | SCIENTIFIC_NOTATION_CONVERTED | UNIT_ASSUMED,0.0,CONFLICT_VALUE_TO_REVIEW
raw_mesures_debit_jr,1568,1000/23,bc8e6d83-08d3-4bfa-8c78-daa754af79b7,1988-12-16,0.104,0.104,0.0,0.104,m3/s,m3/s,aucune,FLAG_DUPLICATE_TIMESTEP | FLAG_GAP_TIME_SERIES | FLAG_TIMESTEP_IRREGULAR | QA_REQUIRED | SCIENTIFIC_NOTATION_CONVERTED | UNIT_ASSUMED,0.0,CONFLICT_VALUE_TO_REVIEW
raw_mesures_debit_jr,1569,1000/23,bc8e6d83-08d3-4bfa-8c78-daa754af79b7,1988-12-17,0.104,0.104,0.0,0.104,m3/s,m3/s,aucune,FLAG_DUPLICATE_TIMESTEP | FLAG_GAP_TIME_SERIES | FLAG_TIMESTEP_IRREGULAR | QA_REQUIRED | SCIENTIFIC_NOTATION_CONVERTED | UNIT_ASSUMED,0.0,CONFLICT_VALUE_TO_REVIEW
raw_mesures_debit_jr,1570,1000/23,bc8e6d83-08d3-4bfa-8c78-daa754af79b7,1988-12-18,0.104,0.104,0.0,0.104,m3/s,m3/s,aucune,FLAG_DUPLICATE_TIMESTEP | FLAG_GAP_TIME_SERIES | FLAG_TIMESTEP_IRREGULAR | QA_REQUIRED | SCIENTIFIC_NOTATION_CONVERTED | UNIT_ASSUMED,0.0,CONFLICT_VALUE_TO_REVIEW
raw_mesures_debit_jr,1571,1000/23,bc8e6d83-08d3-4bfa-8c78-daa754af79b7,1988-12-19,0.104,0.104,0.0,0.104,m3/s,m3/s,aucune,FLAG_DUPLICATE_TIMESTEP | FLAG_GAP_TIME_SERIES | FLAG_TIMESTEP_IRREGULAR | QA_REQUIRED | SCIENTIFIC_NOTATION_CONVERTED | UNIT_ASSUMED,0.0,CONFLICT_VALUE_TO_REVIEW
raw_mesures_debit_jr,1572,1000/23,bc8e6d83-08d3-4bfa-8c78-daa754af79b7,1988-12-20,0.104,0.104,0.0,0.104,m3/s,m3/s,aucune,FLAG_DUPLICATE_TIMESTEP | FLAG_GAP_TIME_SERIES | FLAG_TIMESTEP_IRREGULAR | QA_REQUIRED | SCIENTIFIC_NOTATION_CONVERTED | UNIT_ASSUMED,0.0,CONFLICT_VALUE_TO_REVIEW
raw_mesures_debit_jr,1573,1000/23,bc8e6d83-08d3-4bfa-8c78-daa754af79b7,1988-12-21,0.104,0.104,0.0,0.104,m3/s,m3/s,aucune,FLAG_DUPLICATE_TIMESTEP | FLAG_GAP_TIME_SERIES | FLAG_TIMESTEP_IRREGULAR | QA_REQUIRED | SCIENTIFIC_NOTATION_CONVERTED | UNIT_ASSUMED,0.0,CONFLICT_VALUE_TO_REVIEW
raw_mesures_debit_jr,1574,1000/23,bc8e6d83-08d3-4bfa-8c78-daa754af79b7,1988-12-22,0.103,0.103,0.0,0.103,m3/s,m3/s,aucune,FLAG_DUPLICATE_TIMESTEP | FLAG_GAP_TIME_SERIES | FLAG_TIMESTEP_IRREGULAR | QA_REQUIRED | SCIENTIFIC_NOTATION_CONVERTED | UNIT_ASSUMED,0.0,CONFLICT_VALUE_TO_REVIEW
raw_mesures_debit_jr,1582,1000/23,bc8e6d83-08d3-4bfa-8c78-daa754af79b7,1988-12-30,0.103,0.103,0.0,0.103,m3/s,m3/s,aucune,FLAG_DUPLICATE_TIMESTEP | FLAG_GAP_TIME_SERIES | FLAG_TIMESTEP_IRREGULAR | QA_REQUIRED | SCIENTIFIC_NOTATION_CONVERTED | UNIT_ASSUMED,0.0,CONFLICT_VALUE_TO_REVIEW
raw_mesures_debit_jr,1583,1000/23,bc8e6d83-08d3-4bfa-8c78-daa754af79b7,1988-12-31,0.104,0.104,0.0,0.104,m3/s,m3/s,aucune,FLAG_DUPLICATE_TIMESTEP | FLAG_GAP_TIME_SERIES | FLAG_TIMESTEP_IRREGULAR | QA_REQUIRED | SCIENTIFIC_NOTATION_CONVERTED | UNIT_ASSUMED,0.0,CONFLICT_VALUE_TO_REVIEW
raw_mesures_debit_jr,1584,1000/23,bc8e6d83-08d3-4bfa-8c78-daa754af79b7,1989-01-01,0.104,0.104,0.0,0.104,m3/s,m3/s,aucune,FLAG_DUPLICATE_TIMESTEP | FLAG_GAP_TIME_SERIES | FLAG_TIMESTEP_IRREGULAR | QA_REQUIRED | SCIENTIFIC_NOTATION_CONVERTED | UNIT_ASSUMED,0.0,CONFLICT_VALUE_TO_REVIEW
raw_mesures_debit_jr,1585,1000/23,bc8e6d83-08d3-4bfa-8c78-daa754af79b7,1989-01-02,0.104,0.104,0.0,0.104,m3/s,m3/s,aucune,FLAG_DUPLICATE_TIMESTEP | FLAG_GAP_TIME_SERIES | FLAG_TIMESTEP_IRREGULAR | QA_REQUIRED | SCIENTIFIC_NOTATION_CONVERTED | UNIT_ASSUMED,0.0,CONFLICT_VALUE_TO_REVIEW
raw_mesures_debit_jr,1593,1000/23,bc8e6d83-08d3-4bfa-8c78-daa754af79b7,1989-01-10,0.104,0.104,0.0,0.104,m3/s,m3/s,aucune,FLAG_DUPLICATE_TIMESTEP | FLAG_GAP_TIME_SERIES | FLAG_TIMESTEP_IRREGULAR | QA_REQUIRED | SCIENTIFIC_NOTATION_CONVERTED | UNIT_ASSUMED,0.0,CONFLICT_VALUE_TO_REVIEW
raw_mesures_debit_jr,1594,1000/23,bc8e6d83-08d3-4bfa-8c78-daa754af79b7,1989-01-11,0.104,0.104,0.0,0.104,m3/s,m3/s,aucune,FLAG_DUPLICATE_TIMESTEP | FLAG_GAP_TIME_SERIES | FLAG_TIMESTEP_IRREGULAR | QA_REQUIRED | SCIENTIFIC_NOTATION_CONVERTED | UNIT_ASSUMED,0.0,CONFLICT_VALUE_TO_REVIEW
raw_mesures_debit_jr,1595,1000/23,bc8e6d83-08d3-4bfa-8c78-daa754af79b7,1989-01-12,0.103,0.103,0.0,0.103,m3/s,m3/s,aucune,FLAG_DUPLICATE_TIMESTEP | FLAG_GAP_TIME_SERIES | FLAG_TIMESTEP_IRREGULAR | QA_REQUIRED | SCIENTIFIC_NOTATION_CONVERTED | UNIT_ASSUMED,0.0,CONFLICT_VALUE_TO_REVIEW
raw_mesures_debit_jr,1611,1000/23,bc8e6d83-08d3-4bfa-8c78-daa754af79b7,1989-01-28,0.101,0.101,0.0,0.101,m3/s,m3/s,aucune,FLAG_DUPLICATE_TIMESTEP | FLAG_GAP_TIME_SERIES | FLAG_TIMESTEP_IRREGULAR | QA_REQUIRED | SCIENTIFIC_NOTATION_CONVERTED | UNIT_ASSUMED,0.0,CONFLICT_VALUE_TO_REVIEW
raw_mesures_debit_jr,1626,1000/23,bc8e6d83-08d3-4bfa-8c78-daa754af79b7,1989-02-12,0.106,0.106,0.0,0.106,m3/s,m3/s,aucune,FLAG_DUPLICATE_TIMESTEP | FLAG_GAP_TIME_SERIES | FLAG_TIMESTEP_IRREGULAR | QA_REQUIRED | SCIENTIFIC_NOTATION_CONVERTED | UNIT_ASSUMED,0.0,CONFLICT_VALUE_TO_REVIEW
raw_mesures_debit_jr,1635,1000/23,bc8e6d83-08d3-4bfa-8c78-daa754af79b7,1989-02-21,0.104,0.104,0.0,0.104,m3/s,m3/s,aucune,FLAG_DUPLICATE_TIMESTEP | FLAG_GAP_TIME_SERIES | FLAG_TIMESTEP_IRREGULAR | QA_REQUIRED | SCIENTIFIC_NOTATION_CONVERTED | UNIT_ASSUMED,0.0,CONFLICT_VALUE_TO_REVIEW
raw_mesures_debit_jr,1766,1000/23,bc8e6d83-08d3-4bfa-8c78-daa754af79b7,1989-07-02,0.105,0.105,0.0,0.105,m3/s,m3/s,aucune,FLAG_DUPLICATE_TIMESTEP | FLAG_GAP_TIME_SERIES | FLAG_TIMESTEP_IRREGULAR | QA_REQUIRED | SCIENTIFIC_NOTATION_CONVERTED | UNIT_ASSUMED,0.0,CONFLICT_VALUE_TO_REVIEW
raw_mesures_debit_jr,1775,1000/23,bc8e6d83-08d3-4bfa-8c78-daa754af79b7,1989-07-11,0.105,0.105,0.0,0.105,m3/s,m3/s,aucune,FLAG_DUPLICATE_TIMESTEP | FLAG_GAP_TIME_SERIES | FLAG_TIMESTEP_IRREGULAR | QA_REQUIRED | SCIENTIFIC_NOTATION_CONVERTED | UNIT_ASSUMED,0.0,CONFLICT_VALUE_TO_REVIEW
raw_mesures_debit_jr,1776,1000/23,bc8e6d83-08d3-4bfa-8c78-daa754af79b7,1989-07-12,0.109,0.109,0.0,0.109,m3/s,m3/s,aucune,FLAG_DUPLICATE_TIMESTEP | FLAG_GAP_TIME_SERIES | FLAG_TIMESTEP_IRREGULAR | QA_REQUIRED | SCIENTIFIC_NOTATION_CONVERTED | UNIT_ASSUMED,0.0,CONFLICT_VALUE_TO_REVIEW
raw_mesures_debit_jr,1777,1000/23,bc8e6d83-08d3-4bfa-8c78-daa754af79b7,1989-07-13,0.101,0.101,0.0,0.101,m3/s,m3/s,aucune,FLAG_DUPLICATE_TIMESTEP | FLAG_GAP_TIME_SERIES | FLAG_TIMESTEP_IRREGULAR | QA_REQUIRED | SCIENTIFIC_NOTATION_CONVERTED | UNIT_ASSUMED,0.0,CONFLICT_VALUE_TO_REVIEW
raw_mesures_debit_jr,1778,1000/23,bc8e6d83-08d3-4bfa-8c78-daa754af79b7,1989-07-14,0.106,0.106,0.0,0.106,m3/s,m3/s,aucune,FLAG_DUPLICATE_TIMESTEP | FLAG_GAP_TIME_SERIES | FLAG_TIMESTEP_IRREGULAR | QA_REQUIRED | SCIENTIFIC_NOTATION_CONVERTED | UNIT_ASSUMED,0.0,CONFLICT_VALUE_TO_REVIEW
raw_mesures_debit_jr,1779,1000/23,bc8e6d83-08d3-4bfa-8c78-daa754af79b7,1989-07-15,0.106,0.106,0.0,0.106,m3/s,m3/s,aucune,FLAG_DUPLICATE_TIMESTEP | FLAG_GAP_TIME_SERIES | FLAG_TIMESTEP_IRREGULAR | QA_REQUIRED | SCIENTIFIC_NOTATION_CONVERTED | UNIT_ASSUMED,0.0,CONFLICT_VALUE_TO_REVIEW
raw_mesures_debit_jr,1780,1000/23,bc8e6d83-08d3-4bfa-8c78-daa754af79b7,1989-07-16,0.101,0.101,0.0,0.101,m3/s,m3/s,aucune,FLAG_DUPLICATE_TIMESTEP | FLAG_GAP_TIME_SERIES | FLAG_TIMESTEP_IRREGULAR | QA_REQUIRED | SCIENTIFIC_NOTATION_CONVERTED | UNIT_ASSUMED,0.0,CONFLICT_VALUE_TO_REVIEW
raw_mesures_debit_jr,1795,1000/23,bc8e6d83-08d3-4bfa-8c78-daa754af79b7,1989-07-31,0.101,0.101,0.0,0.101,m3/s,m3/s,aucune,FLAG_DUPLICATE_TIMESTEP | FLAG_GAP_TIME_SERIES | FLAG_TIMESTEP_IRREGULAR | QA_REQUIRED | SCIENTIFIC_NOTATION_CONVERTED | UNIT_ASSUMED,0.0,CONFLICT_VALUE_TO_REVIEW
raw_mesures_debit_jr,1902,1000/23,bc8e6d83-08d3-4bfa-8c78-daa754af79b7,1989-11-15,0.109,0.109,0.0,0.109,m3/s,m3/s,aucune,FLAG_DUPLICATE_TIMESTEP | FLAG_GAP_TIME_SERIES | FLAG_TIMESTEP_IRREGULAR | QA_REQUIRED | SCIENTIFIC_NOTATION_CONVERTED | UNIT_ASSUMED,0.0,CONFLICT_VALUE_TO_REVIEW
raw_mesures_debit_jr,1927,1000/23,bc8e6d83-08d3-4bfa-8c78-daa754af79b7,1989-12-10,0.106,0.106,0.0,0.106,m3/s,m3/s,aucune,FLAG_DUPLICATE_TIMESTEP | FLAG_GAP_TIME_SERIES | FLAG_TIMESTEP_IRREGULAR | QA_REQUIRED | SCIENTIFIC_NOTATION_CONVERTED | UNIT_ASSUMED,0.0,CONFLICT_VALUE_TO_REVIEW
raw_mesures_debit_jr,2112,1000/23,bc8e6d83-08d3-4bfa-8c78-daa754af79b7,1990-06-13,0.101,0.101,0.0,0.101,m3/s,m3/s,aucune,FLAG_DUPLICATE_TIMESTEP | FLAG_GAP_TIME_SERIES | FLAG_TIMESTEP_IRREGULAR | QA_REQUIRED | SCIENTIFIC_NOTATION_CONVERTED | UNIT_ASSUMED,0.0,CONFLICT_VALUE_TO_REVIEW
raw_mesures_debit_jr,2217,1000/23,bc8e6d83-08d3-4bfa-8c78-daa754af79b7,1990-09-26,0.101,0.101,0.0,0.101,m3/s,m3/s,aucune,FLAG_DUPLICATE_TIMESTEP | FLAG_GAP_TIME_SERIES | FLAG_TIMESTEP_IRREGULAR | QA_REQUIRED | SCIENTIFIC_NOTATION_CONVERTED | UNIT_ASSUMED,0.0,CONFLICT_VALUE_TO_REVIEW
raw_mesures_debit_jr,2244,1000/23,bc8e6d83-08d3-4bfa-8c78-daa754af79b7,1990-10-23,0.109,0.109,0.0,0.109,m3/s,m3/s,aucune,FLAG_DUPLICATE_TIMESTEP | FLAG_GAP_TIME_SERIES | FLAG_TIMESTEP_IRREGULAR | QA_REQUIRED | SCIENTIFIC_NOTATION_CONVERTED | UNIT_ASSUMED,0.0,CONFLICT_VALUE_TO_REVIEW
raw_mesures_debit_jr,2265,1000/23,bc8e6d83-08d3-4bfa-8c78-daa754af79b7,1990-11-13,0.101,0.101,0.0,0.101,m3/s,m3/s,aucune,FLAG_DUPLICATE_TIMESTEP | FLAG_GAP_TIME_SERIES | FLAG_TIMESTEP_IRREGULAR | QA_REQUIRED | SCIENTIFIC_NOTATION_CONVERTED | UNIT_ASSUMED,0.0,CONFLICT_VALUE_TO_REVIEW
raw_mesures_debit_jr,2528,1000/23,bc8e6d83-08d3-4bfa-8c78-daa754af79b7,1991-08-03,0.109,0.109,0.0,0.109,m3/s,m3/s,aucune,FLAG_DUPLICATE_TIMESTEP | FLAG_GAP_TIME_SERIES | FLAG_TIMESTEP_IRREGULAR | QA_REQUIRED | SCIENTIFIC_NOTATION_CONVERTED | UNIT_ASSUMED,0.0,CONFLICT_VALUE_TO_REVIEW
raw_mesures_debit_jr,2531,1000/23,bc8e6d83-08d3-4bfa-8c78-daa754af79b7,1991-08-06,0.107,0.107,0.0,0.107,m3/s,m3/s,aucune,FLAG_DUPLICATE_TIMESTEP | FLAG_GAP_TIME_SERIES | FLAG_TIMESTEP_IRREGULAR | QA_REQUIRED | SCIENTIFIC_NOTATION_CONVERTED | UNIT_ASSUMED,0.0,CONFLICT_VALUE_TO_REVIEW
raw_mesures_debit_jr,2578,1000/23,bc8e6d83-08d3-4bfa-8c78-daa754af79b7,1991-09-22,0.103,0.103,0.0,0.103,m3/s,m3/s,aucune,FLAG_DUPLICATE_TIMESTEP | FLAG_GAP_TIME_SERIES | FLAG_TIMESTEP_IRREGULAR | QA_REQUIRED | SCIENTIFIC_NOTATION_CONVERTED | UNIT_ASSUMED,0.0,CONFLICT_VALUE_TO_REVIEW
raw_mesures_debit_jr,2592,1000/23,bc8e6d83-08d3-4bfa-8c78-daa754af79b7,1991-10-06,0.107,0.107,0.0,0.107,m3/s,m3/s,aucune,FLAG_DUPLICATE_TIMESTEP | FLAG_GAP_TIME_SERIES | FLAG_TIMESTEP_IRREGULAR | QA_REQUIRED | SCIENTIFIC_NOTATION_CONVERTED | UNIT_ASSUMED,0.0,CONFLICT_VALUE_TO_REVIEW
raw_mesures_debit_jr,2607,1000/23,bc8e6d83-08d3-4bfa-8c78-daa754af79b7,1991-10-21,0.101,0.101,0.0,0.101,m3/s,m3/s,aucune,FLAG_DUPLICATE_TIMESTEP | FLAG_GAP_TIME_SERIES | FLAG_TIMESTEP_IRREGULAR | QA_REQUIRED | SCIENTIFIC_NOTATION_CONVERTED | UNIT_ASSUMED,0.0,CONFLICT_VALUE_TO_REVIEW
raw_mesures_debit_jr,2608,1000/23,bc8e6d83-08d3-4bfa-8c78-daa754af79b7,1991-10-22,0.101,0.101,0.0,0.101,m3/s,m3/s,aucune,FLAG_DUPLICATE_TIMESTEP | FLAG_GAP_TIME_SERIES | FLAG_TIMESTEP_IRREGULAR | QA_REQUIRED | SCIENTIFIC_NOTATION_CONVERTED | UNIT_ASSUMED,0.0,CONFLICT_VALUE_TO_REVIEW
raw_mesures_debit_jr,2758,1000/23,bc8e6d83-08d3-4bfa-8c78-daa754af79b7,1992-03-20,0.105,0.105,0.0,0.105,m3/s,m3/s,aucune,FLAG_DUPLICATE_TIMESTEP | FLAG_GAP_TIME_SERIES | FLAG_TIMESTEP_IRREGULAR | QA_REQUIRED | SCIENTIFIC_NOTATION_CONVERTED | UNIT_ASSUMED,0.0,CONFLICT_VALUE_TO_REVIEW
raw_mesures_debit_jr,2917,1000/23,bc8e6d83-08d3-4bfa-8c78-daa754af79b7,1992-08-26,0.105,0.105,0.0,0.105,m3/s,m3/s,aucune,FLAG_DUPLICATE_TIMESTEP | FLAG_GAP_TIME_SERIES | FLAG_TIMESTEP_IRREGULAR | QA_REQUIRED | SCIENTIFIC_NOTATION_CONVERTED | UNIT_ASSUMED,0.0,CONFLICT_VALUE_TO_REVIEW
raw_mesures_debit_jr,2918,1000/23,bc8e6d83-08d3-4bfa-8c78-daa754af79b7,1992-08-27,0.102,0.102,0.0,0.102,m3/s,m3/s,aucune,FLAG_DUPLICATE_TIMESTEP | FLAG_GAP_TIME_SERIES | FLAG_TIMESTEP_IRREGULAR | QA_REQUIRED | SCIENTIFIC_NOTATION_CONVERTED | UNIT_ASSUMED,0.0,CONFLICT_VALUE_TO_REVIEW
raw_mesures_debit_jr,2920,1000/23,bc8e6d83-08d3-4bfa-8c78-daa754af79b7,1992-08-29,0.101,0.101,0.0,0.101,m3/s,m3/s,aucune,FLAG_DUPLICATE_TIMESTEP | FLAG_GAP_TIME_SERIES | FLAG_TIMESTEP_IRREGULAR | QA_REQUIRED | SCIENTIFIC_NOTATION_CONVERTED | UNIT_ASSUMED,0.0,CONFLICT_VALUE_TO_REVIEW
raw_mesures_debit_jr,2924,1000/23,bc8e6d83-08d3-4bfa-8c78-daa754af79b7,1992-09-02,0.101,0.101,0.0,0.101,m3/s,m3/s,aucune,FLAG_DUPLICATE_TIMESTEP | FLAG_GAP_TIME_SERIES | FLAG_TIMESTEP_IRREGULAR | QA_REQUIRED | SCIENTIFIC_NOTATION_CONVERTED | UNIT_ASSUMED,0.0,CONFLICT_VALUE_TO_REVIEW
raw_mesures_debit_jr,2938,1000/23,bc8e6d83-08d3-4bfa-8c78-daa754af79b7,1992-09-16,0.105,0.105,0.0,0.105,m3/s,m3/s,aucune,FLAG_DUPLICATE_TIMESTEP | FLAG_GAP_TIME_SERIES | FLAG_TIMESTEP_IRREGULAR | QA_REQUIRED | SCIENTIFIC_NOTATION_CONVERTED | UNIT_ASSUMED,0.0,CONFLICT_VALUE_TO_REVIEW
raw_mesures_debit_jr,2953,1000/23,bc8e6d83-08d3-4bfa-8c78-daa754af79b7,1992-10-01,0.102,0.102,0.0,0.102,m3/s,m3/s,aucune,FLAG_DUPLICATE_TIMESTEP | FLAG_GAP_TIME_SERIES | FLAG_TIMESTEP_IRREGULAR | QA_REQUIRED | SCIENTIFIC_NOTATION_CONVERTED | UNIT_ASSUMED,0.0,CONFLICT_VALUE_TO_REVIEW
raw_mesures_debit_jr,2954,1000/23,bc8e6d83-08d3-4bfa-8c78-daa754af79b7,1992-10-02,0.102,0.102,0.0,0.102,m3/s,m3/s,aucune,FLAG_DUPLICATE_TIMESTEP | FLAG_GAP_TIME_SERIES | FLAG_TIMESTEP_IRREGULAR | QA_REQUIRED | SCIENTIFIC_NOTATION_CONVERTED | UNIT_ASSUMED,0.0,CONFLICT_VALUE_TO_REVIEW
raw_mesures_debit_jr,2955,1000/23,bc8e6d83-08d3-4bfa-8c78-daa754af79b7,1992-10-03,0.102,0.102,0.0,0.102,m3/s,m3/s,aucune,FLAG_DUPLICATE_TIMESTEP | FLAG_GAP_TIME_SERIES | FLAG_TIMESTEP_IRREGULAR | QA_REQUIRED | SCIENTIFIC_NOTATION_CONVERTED | UNIT_ASSUMED,0.0,CONFLICT_VALUE_TO_REVIEW
raw_mesures_debit_jr,2956,1000/23,bc8e6d83-08d3-4bfa-8c78-daa754af79b7,1992-10-04,0.102,0.102,0.0,0.102,m3/s,m3/s,aucune,FLAG_DUPLICATE_TIMESTEP | FLAG_GAP_TIME_SERIES | FLAG_TIMESTEP_IRREGULAR | QA_REQUIRED | SCIENTIFIC_NOTATION_CONVERTED | UNIT_ASSUMED,0.0,CONFLICT_VALUE_TO_REVIEW
raw_mesures_debit_jr,3096,1000/23,bc8e6d83-08d3-4bfa-8c78-daa754af79b7,1993-02-21,0.104,0.104,0.0,0.104,m3/s,m3/s,aucune,FLAG_DUPLICATE_TIMESTEP | FLAG_GAP_TIME_SERIES | FLAG_TIMESTEP_IRREGULAR | QA_REQUIRED | SCIENTIFIC_NOTATION_CONVERTED | UNIT_ASSUMED,0.0,CONFLICT_VALUE_TO_REVIEW
raw_mesures_debit_jr,3097,1000/23,bc8e6d83-08d3-4bfa-8c78-daa754af79b7,1993-02-22,0.107,0.107,0.0,0.107,m3/s,m3/s,aucune,FLAG_DUPLICATE_TIMESTEP | FLAG_GAP_TIME_SERIES | FLAG_TIMESTEP_IRREGULAR | QA_REQUIRED | SCIENTIFIC_NOTATION_CONVERTED | UNIT_ASSUMED,0.0,CONFLICT_VALUE_TO_REVIEW
raw_mesures_debit_jr,3099,1000/23,bc8e6d83-08d3-4bfa-8c78-daa754af79b7,1993-02-24,0.108,0.108,0.0,0.108,m3/s,m3/s,aucune,FLAG_DUPLICATE_TIMESTEP | FLAG_GAP_TIME_SERIES | FLAG_TIMESTEP_IRREGULAR | QA_REQUIRED | SCIENTIFIC_NOTATION_CONVERTED | UNIT_ASSUMED,0.0,CONFLICT_VALUE_TO_REVIEW
raw_mesures_debit_jr,3228,1000/23,bc8e6d83-08d3-4bfa-8c78-daa754af79b7,1993-07-03,0.107,0.107,0.0,0.107,m3/s,m3/s,aucune,FLAG_DUPLICATE_TIMESTEP | FLAG_GAP_TIME_SERIES | FLAG_TIMESTEP_IRREGULAR | QA_REQUIRED | SCIENTIFIC_NOTATION_CONVERTED | UNIT_ASSUMED,0.0,CONFLICT_VALUE_TO_REVIEW
raw_mesures_debit_jr,3230,1000/23,bc8e6d83-08d3-4bfa-8c78-daa754af79b7,1993-07-05,0.107,0.107,0.0,0.107,m3/s,m3/s,aucune,FLAG_DUPLICATE_TIMESTEP | FLAG_GAP_TIME_SERIES | FLAG_TIMESTEP_IRREGULAR | QA_REQUIRED | SCIENTIFIC_NOTATION_CONVERTED | UNIT_ASSUMED,0.0,CONFLICT_VALUE_TO_REVIEW
raw_mesures_debit_jr,3582,1000/23,bc8e6d83-08d3-4bfa-8c78-daa754af79b7,1994-06-22,0.107,0.107,0.0,0.107,m3/s,m3/s,aucune,FLAG_DUPLICATE_TIMESTEP | FLAG_GAP_TIME_SERIES | FLAG_TIMESTEP_IRREGULAR | QA_REQUIRED | SCIENTIFIC_NOTATION_CONVERTED | UNIT_ASSUMED,0.0,CONFLICT_VALUE_TO_REVIEW
raw_mesures_debit_jr,3583,1000/23,bc8e6d83-08d3-4bfa-8c78-daa754af79b7,1994-06-23,0.101,0.101,0.0,0.101,m3/s,m3/s,aucune,FLAG_DUPLICATE_TIMESTEP | FLAG_GAP_TIME_SERIES | FLAG_TIMESTEP_IRREGULAR | QA_REQUIRED | SCIENTIFIC_NOTATION_CONVERTED | UNIT_ASSUMED,0.0,CONFLICT_VALUE_TO_REVIEW
raw_mesures_debit_jr,3687,1000/23,bc8e6d83-08d3-4bfa-8c78-daa754af79b7,1994-10-05,0.109,0.109,0.0,0.109,m3/s,m3/s,aucune,FLAG_DUPLICATE_TIMESTEP | FLAG_GAP_TIME_SERIES | FLAG_TIMESTEP_IRREGULAR | QA_REQUIRED | SCIENTIFIC_NOTATION_CONVERTED | UNIT_ASSUMED,0.0,CONFLICT_VALUE_TO_REVIEW
raw_mesures_debit_jr,3804,1000/23,bc8e6d83-08d3-4bfa-8c78-daa754af79b7,1995-01-30,0.107,0.107,0.0,0.107,m3/s,m3/s,aucune,FLAG_DUPLICATE_TIMESTEP | FLAG_GAP_TIME_SERIES | FLAG_TIMESTEP_IRREGULAR | QA_REQUIRED | SCIENTIFIC_NOTATION_CONVERTED | UNIT_ASSUMED,0.0,CONFLICT_VALUE_TO_REVIEW
raw_mesures_debit_jr,3805,1000/23,bc8e6d83-08d3-4bfa-8c78-daa754af79b7,1995-01-31,0.107,0.107,0.0,0.107,m3/s,m3/s,aucune,FLAG_DUPLICATE_TIMESTEP | FLAG_GAP_TIME_SERIES | FLAG_TIMESTEP_IRREGULAR | QA_REQUIRED | SCIENTIFIC_NOTATION_CONVERTED | UNIT_ASSUMED,0.0,CONFLICT_VALUE_TO_REVIEW
raw_mesures_debit_jr,3806,1000/23,bc8e6d83-08d3-4bfa-8c78-daa754af79b7,1995-02-01,0.106,0.106,0.0,0.106,m3/s,m3/s,aucune,FLAG_DUPLICATE_TIMESTEP | FLAG_GAP_TIME_SERIES | FLAG_TIMESTEP_IRREGULAR | QA_REQUIRED | SCIENTIFIC_NOTATION_CONVERTED | UNIT_ASSUMED,0.0,CONFLICT_VALUE_TO_REVIEW
raw_mesures_debit_jr,3817,1000/23,bc8e6d83-08d3-4bfa-8c78-daa754af79b7,1995-02-12,0.106,0.106,0.0,0.106,m3/s,m3/s,aucune,FLAG_DUPLICATE_TIMESTEP | FLAG_GAP_TIME_SERIES | FLAG_TIMESTEP_IRREGULAR | QA_REQUIRED | SCIENTIFIC_NOTATION_CONVERTED | UNIT_ASSUMED,0.0,CONFLICT_VALUE_TO_REVIEW
raw_mesures_debit_jr,3957,1000/23,bc8e6d83-08d3-4bfa-8c78-daa754af79b7,1995-07-02,0.103,0.103,0.0,0.103,m3/s,m3/s,aucune,FLAG_DUPLICATE_TIMESTEP | FLAG_GAP_TIME_SERIES | FLAG_TIMESTEP_IRREGULAR | QA_REQUIRED | SCIENTIFIC_NOTATION_CONVERTED | UNIT_ASSUMED,0.0,CONFLICT_VALUE_TO_REVIEW
raw_mesures_debit_jr,4094,1000/23,bc8e6d83-08d3-4bfa-8c78-daa754af79b7,1995-11-16,0.104,0.104,0.0,0.104,m3/s,m3/s,aucune,FLAG_DUPLICATE_TIMESTEP | FLAG_GAP_TIME_SERIES | FLAG_TIMESTEP_IRREGULAR | QA_REQUIRED | SCIENTIFIC_NOTATION_CONVERTED | UNIT_ASSUMED,0.0,CONFLICT_VALUE_TO_REVIEW
raw_mesures_debit_jr,4358,1000/23,bc8e6d83-08d3-4bfa-8c78-daa754af79b7,1996-08-06,0.108,0.108,0.0,0.108,m3/s,m3/s,aucune,FLAG_DUPLICATE_TIMESTEP | FLAG_GAP_TIME_SERIES | FLAG_TIMESTEP_IRREGULAR | QA_REQUIRED | SCIENTIFIC_NOTATION_CONVERTED | UNIT_ASSUMED,0.0,CONFLICT_VALUE_TO_REVIEW
raw_mesures_debit_jr,4360,1000/23,bc8e6d83-08d3-4bfa-8c78-daa754af79b7,1996-08-08,0.106,0.106,0.0,0.106,m3/s,m3/s,aucune,FLAG_DUPLICATE_TIMESTEP | FLAG_GAP_TIME_SERIES | FLAG_TIMESTEP_IRREGULAR | QA_REQUIRED | SCIENTIFIC_NOTATION_CONVERTED | UNIT_ASSUMED,0.0,CONFLICT_VALUE_TO_REVIEW
raw_mesures_debit_jr,4361,1000/23,bc8e6d83-08d3-4bfa-8c78-daa754af79b7,1996-08-09,0.106,0.106,0.0,0.106,m3/s,m3/s,aucune,FLAG_DUPLICATE_TIMESTEP | FLAG_GAP_TIME_SERIES | FLAG_TIMESTEP_IRREGULAR | QA_REQUIRED | SCIENTIFIC_NOTATION_CONVERTED | UNIT_ASSUMED,0.0,CONFLICT_VALUE_TO_REVIEW
raw_mesures_debit_jr,4362,1000/23,bc8e6d83-08d3-4bfa-8c78-daa754af79b7,1996-08-10,0.106,0.106,0.0,0.106,m3/s,m3/s,aucune,FLAG_DUPLICATE_TIMESTEP | FLAG_GAP_TIME_SERIES | FLAG_TIMESTEP_IRREGULAR | QA_REQUIRED | SCIENTIFIC_NOTATION_CONVERTED | UNIT_ASSUMED,0.0,CONFLICT_VALUE_TO_REVIEW
raw_mesures_debit_jr,4363,1000/23,bc8e6d83-08d3-4bfa-8c78-daa754af79b7,1996-08-11,0.106,0.106,0.0,0.106,m3/s,m3/s,aucune,FLAG_DUPLICATE_TIMESTEP | FLAG_GAP_TIME_SERIES | FLAG_TIMESTEP_IRREGULAR | QA_REQUIRED | SCIENTIFIC_NOTATION_CONVERTED | UNIT_ASSUMED,0.0,CONFLICT_VALUE_TO_REVIEW
raw_mesures_debit_jr,4368,1000/23,bc8e6d83-08d3-4bfa-8c78-daa754af79b7,1996-08-16,0.105,0.105,0.0,0.105,m3/s,m3/s,aucune,FLAG_DUPLICATE_TIMESTEP | FLAG_GAP_TIME_SERIES | FLAG_TIMESTEP_IRREGULAR | QA_REQUIRED | SCIENTIFIC_NOTATION_CONVERTED | UNIT_ASSUMED,0.0,CONFLICT_VALUE_TO_REVIEW
raw_mesures_debit_jr,4369,1000/23,bc8e6d83-08d3-4bfa-8c78-daa754af79b7,1996-08-17,0.109,0.109,0.0,0.109,m3/s,m3/s,aucune,FLAG_DUPLICATE_TIMESTEP | FLAG_GAP_TIME_SERIES | FLAG_TIMESTEP_IRREGULAR | QA_REQUIRED | SCIENTIFIC_NOTATION_CONVERTED | UNIT_ASSUMED,0.0,CONFLICT_VALUE_TO_REVIEW
raw_mesures_debit_jr,4372,1000/23,bc8e6d83-08d3-4bfa-8c78-daa754af79b7,1996-08-20,0.106,0.106,0.0,0.106,m3/s,m3/s,aucune,FLAG_DUPLICATE_TIMESTEP | FLAG_GAP_TIME_SERIES | FLAG_TIMESTEP_IRREGULAR | QA_REQUIRED | SCIENTIFIC_NOTATION_CONVERTED | UNIT_ASSUMED,0.0,CONFLICT_VALUE_TO_REVIEW
raw_mesures_debit_jr,4374,1000/23,bc8e6d83-08d3-4bfa-8c78-daa754af79b7,1996-08-22,0.102,0.102,0.0,0.102,m3/s,m3/s,aucune,FLAG_DUPLICATE_TIMESTEP | FLAG_GAP_TIME_SERIES | FLAG_TIMESTEP_IRREGULAR | QA_REQUIRED | SCIENTIFIC_NOTATION_CONVERTED | UNIT_ASSUMED,0.0,CONFLICT_VALUE_TO_REVIEW
raw_mesures_debit_jr,4375,1000/23,bc8e6d83-08d3-4bfa-8c78-daa754af79b7,1996-08-23,0.102,0.102,0.0,0.102,m3/s,m3/s,aucune,FLAG_DUPLICATE_TIMESTEP | FLAG_GAP_TIME_SERIES | FLAG_TIMESTEP_IRREGULAR | QA_REQUIRED | SCIENTIFIC_NOTATION_CONVERTED | UNIT_ASSUMED,0.0,CONFLICT_VALUE_TO_REVIEW
raw_mesures_debit_jr,4376,1000/23,bc8e6d83-08d3-4bfa-8c78-daa754af79b7,1996-08-24,0.101,0.101,0.0,0.101,m3/s,m3/s,aucune,FLAG_DUPLICATE_TIMESTEP | FLAG_GAP_TIME_SERIES | FLAG_TIMESTEP_IRREGULAR | QA_REQUIRED | SCIENTIFIC_NOTATION_CONVERTED | UNIT_ASSUMED,0.0,CONFLICT_VALUE_TO_REVIEW
raw_mesures_debit_jr,4571,1000/23,bc8e6d83-08d3-4bfa-8c78-daa754af79b7,1997-03-07,2.106,2.106,2000000.0,2.106,m3/s,m3/s,aucune,FLAG_DUPLICATE_TIMESTEP | FLAG_GAP_TIME_SERIES | FLAG_TIMESTEP_IRREGULAR | QA_REQUIRED | SCIENTIFIC_NOTATION_CONVERTED | UNIT_ASSUMED,949667.616334283,PARSING_SCALING_ERROR
raw_mesures_debit_jr,4572,1000/23,bc8e6d83-08d3-4bfa-8c78-daa754af79b7,1997-03-08,2.106,2.106,2000000.0,2.106,m3/s,m3/s,aucune,FLAG_DUPLICATE_TIMESTEP | FLAG_GAP_TIME_SERIES | FLAG_TIMESTEP_IRREGULAR | QA_REQUIRED | SCIENTIFIC_NOTATION_CONVERTED | UNIT_ASSUMED,949667.616334283,PARSING_SCALING_ERROR
raw_mesures_debit_jr,4573,1000/23,bc8e6d83-08d3-4bfa-8c78-daa754af79b7,1997-03-09,2.106,2.106,2000000.0,2.106,m3/s,m3/s,aucune,FLAG_DUPLICATE_TIMESTEP | FLAG_GAP_TIME_SERIES | FLAG_TIMESTEP_IRREGULAR | QA_REQUIRED | SCIENTIFIC_NOTATION_CONVERTED | UNIT_ASSUMED,949667.616334283,PARSING_SCALING_ERROR
raw_mesures_debit_jr,8337,1000/23,bc8e6d83-08d3-4bfa-8c78-daa754af79b7,2007-06-29,0.10007,0.10007,0.0,0.10007,m3/s,m3/s,aucune,FLAG_DUPLICATE_TIMESTEP | FLAG_GAP_TIME_SERIES | FLAG_TIMESTEP_IRREGULAR | QA_REQUIRED | SCIENTIFIC_NOTATION_CONVERTED | UNIT_ASSUMED,0.0,CONFLICT_VALUE_TO_REVIEW
raw_mesures_debit_jr,11037,1000/23,bc8e6d83-08d3-4bfa-8c78-daa754af79b7,2014-11-19,2.104,2.104,20000.0,2.104,m3/s,m3/s,aucune,FLAG_DUPLICATE_TIMESTEP | FLAG_GAP_TIME_SERIES | FLAG_TIMESTEP_IRREGULAR | QA_REQUIRED | SCIENTIFIC_NOTATION_CONVERTED | UNIT_ASSUMED,9505.703422053231,PARSING_SCALING_ERROR
raw_mesures_debit_jr,12157,1000/23,bc8e6d83-08d3-4bfa-8c78-daa754af79b7,2017-12-13,0.10004,0.10004,0.0,0.10004,m3/s,m3/s,aucune,FLAG_DUPLICATE_TIMESTEP | FLAG_GAP_TIME_SERIES | FLAG_TIMESTEP_IRREGULAR | QA_REQUIRED | SCIENTIFIC_NOTATION_CONVERTED | UNIT_ASSUMED,0.0,CONFLICT_VALUE_TO_REVIEW
raw_mesures_debit_jr,14625,1215/9,f88b46fe-ff1e-4b06-916d-8f3d465562ca,1978-09-15,0.101,0.101,0.0,0.101,m3/s,m3/s,aucune,FLAG_DUPLICATE_TIMESTEP | FLAG_GAP_TIME_SERIES | FLAG_TIMESTEP_IRREGULAR | QA_REQUIRED | SCIENTIFIC_NOTATION_CONVERTED | UNIT_ASSUMED,0.0,CONFLICT_VALUE_TO_REVIEW
raw_mesures_debit_jr,14636,1215/9,f88b46fe-ff1e-4b06-916d-8f3d465562ca,1978-09-26,0.101,0.101,0.0,0.101,m3/s,m3/s,aucune,FLAG_DUPLICATE_TIMESTEP | FLAG_GAP_TIME_SERIES | FLAG_TIMESTEP_IRREGULAR | QA_REQUIRED | SCIENTIFIC_NOTATION_CONVERTED | UNIT_ASSUMED,0.0,CONFLICT_VALUE_TO_REVIEW
raw_mesures_debit_jr,15313,1215/9,f88b46fe-ff1e-4b06-916d-8f3d465562ca,1980-08-03,0.105,0.105,0.0,0.105,m3/s,m3/s,aucune,FLAG_DUPLICATE_TIMESTEP | FLAG_GAP_TIME_SERIES | FLAG_TIMESTEP_IRREGULAR | QA_REQUIRED | SCIENTIFIC_NOTATION_CONVERTED | UNIT_ASSUMED,0.0,CONFLICT_VALUE_TO_REVIEW
raw_mesures_debit_jr,15314,1215/9,f88b46fe-ff1e-4b06-916d-8f3d465562ca,1980-08-04,0.105,0.105,0.0,0.105,m3/s,m3/s,aucune,FLAG_DUPLICATE_TIMESTEP | FLAG_GAP_TIME_SERIES | FLAG_TIMESTEP_IRREGULAR | QA_REQUIRED | SCIENTIFIC_NOTATION_CONVERTED | UNIT_ASSUMED,0.0,CONFLICT_VALUE_TO_REVIEW
raw_mesures_debit_jr,15315,1215/9,f88b46fe-ff1e-4b06-916d-8f3d465562ca,1980-08-05,0.105,0.105,0.0,0.105,m3/s,m3/s,aucune,FLAG_DUPLICATE_TIMESTEP | FLAG_GAP_TIME_SERIES | FLAG_TIMESTEP_IRREGULAR | QA_REQUIRED | SCIENTIFIC_NOTATION_CONVERTED | UNIT_ASSUMED,0.0,CONFLICT_VALUE_TO_REVIEW
raw_mesures_debit_jr,15316,1215/9,f88b46fe-ff1e-4b06-916d-8f3d465562ca,1980-08-06,0.105,0.105,0.0,0.105,m3/s,m3/s,aucune,FLAG_DUPLICATE_TIMESTEP | FLAG_GAP_TIME_SERIES | FLAG_TIMESTEP_IRREGULAR | QA_REQUIRED | SCIENTIFIC_NOTATION_CONVERTED | UNIT_ASSUMED,0.0,CONFLICT_VALUE_TO_REVIEW
raw_mesures_debit_jr,15317,1215/9,f88b46fe-ff1e-4b06-916d-8f3d465562ca,1980-08-07,0.105,0.105,0.0,0.105,m3/s,m3/s,aucune,FLAG_DUPLICATE_TIMESTEP | FLAG_GAP_TIME_SERIES | FLAG_TIMESTEP_IRREGULAR | QA_REQUIRED | SCIENTIFIC_NOTATION_CONVERTED | UNIT_ASSUMED,0.0,CONFLICT_VALUE_TO_REVIEW
raw_mesures_debit_jr,15333,1215/9,f88b46fe-ff1e-4b06-916d-8f3d465562ca,1980-08-23,0.105,0.105,0.0,0.105,m3/s,m3/s,aucune,FLAG_DUPLICATE_TIMESTEP | FLAG_GAP_TIME_SERIES | FLAG_TIMESTEP_IRREGULAR | QA_REQUIRED | SCIENTIFIC_NOTATION_CONVERTED | UNIT_ASSUMED,0.0,CONFLICT_VALUE_TO_REVIEW
raw_mesures_debit_jr,15334,1215/9,f88b46fe-ff1e-4b06-916d-8f3d465562ca,1980-08-24,0.105,0.105,0.0,0.105,m3/s,m3/s,aucune,FLAG_DUPLICATE_TIMESTEP | FLAG_GAP_TIME_SERIES | FLAG_TIMESTEP_IRREGULAR | QA_REQUIRED | SCIENTIFIC_NOTATION_CONVERTED | UNIT_ASSUMED,0.0,CONFLICT_VALUE_TO_REVIEW
raw_mesures_debit_jr,15335,1215/9,f88b46fe-ff1e-4b06-916d-8f3d465562ca,1980-08-25,0.105,0.105,0.0,0.105,m3/s,m3/s,aucune,FLAG_DUPLICATE_TIMESTEP | FLAG_GAP_TIME_SERIES | FLAG_TIMESTEP_IRREGULAR | QA_REQUIRED | SCIENTIFIC_NOTATION_CONVERTED | UNIT_ASSUMED,0.0,CONFLICT_VALUE_TO_REVIEW
raw_mesures_debit_jr,15336,1215/9,f88b46fe-ff1e-4b06-916d-8f3d465562ca,1980-08-26,0.105,0.105,0.0,0.105,m3/s,m3/s,aucune,FLAG_DUPLICATE_TIMESTEP | FLAG_GAP_TIME_SERIES | FLAG_TIMESTEP_IRREGULAR | QA_REQUIRED | SCIENTIFIC_NOTATION_CONVERTED | UNIT_ASSUMED,0.0,CONFLICT_VALUE_TO_REVIEW
raw_mesures_debit_jr,15337,1215/9,f88b46fe-ff1e-4b06-916d-8f3d465562ca,1980-08-27,0.106,0.106,0.0,0.106,m3/s,m3/s,aucune,FLAG_DUPLICATE_TIMESTEP | FLAG_GAP_TIME_SERIES | FLAG_TIMESTEP_IRREGULAR | QA_REQUIRED | SCIENTIFIC_NOTATION_CONVERTED | UNIT_ASSUMED,0.0,CONFLICT_VALUE_TO_REVIEW
raw_mesures_debit_jr,15359,1215/9,f88b46fe-ff1e-4b06-916d-8f3d465562ca,1980-09-18,0.105,0.105,0.0,0.105,m3/s,m3/s,aucune,FLAG_DUPLICATE_TIMESTEP | FLAG_GAP_TIME_SERIES | FLAG_TIMESTEP_IRREGULAR | QA_REQUIRED | SCIENTIFIC_NOTATION_CONVERTED | UNIT_ASSUMED,0.0,CONFLICT_VALUE_TO_REVIEW
raw_mesures_debit_jr,15360,1215/9,f88b46fe-ff1e-4b06-916d-8f3d465562ca,1980-09-19,0.105,0.105,0.0,0.105,m3/s,m3/s,aucune,FLAG_DUPLICATE_TIMESTEP | FLAG_GAP_TIME_SERIES | FLAG_TIMESTEP_IRREGULAR | QA_REQUIRED | SCIENTIFIC_NOTATION_CONVERTED | UNIT_ASSUMED,0.0,CONFLICT_VALUE_TO_REVIEW
raw_mesures_debit_jr,15361,1215/9,f88b46fe-ff1e-4b06-916d-8f3d465562ca,1980-09-20,0.105,0.105,0.0,0.105,m3/s,m3/s,aucune,FLAG_DUPLICATE_TIMESTEP | FLAG_GAP_TIME_SERIES | FLAG_TIMESTEP_IRREGULAR | QA_REQUIRED | SCIENTIFIC_NOTATION_CONVERTED | UNIT_ASSUMED,0.0,CONFLICT_VALUE_TO_REVIEW
raw_mesures_debit_jr,15362,1215/9,f88b46fe-ff1e-4b06-916d-8f3d465562ca,1980-09-21,0.105,0.105,0.0,0.105,m3/s,m3/s,aucune,FLAG_DUPLICATE_TIMESTEP | FLAG_GAP_TIME_SERIES | FLAG_TIMESTEP_IRREGULAR | QA_REQUIRED | SCIENTIFIC_NOTATION_CONVERTED | UNIT_ASSUMED,0.0,CONFLICT_VALUE_TO_REVIEW
raw_mesures_debit_jr,15363,1215/9,f88b46fe-ff1e-4b06-916d-8f3d465562ca,1980-09-22,0.105,0.105,0.0,0.105,m3/s,m3/s,aucune,FLAG_DUPLICATE_TIMESTEP | FLAG_GAP_TIME_SERIES | FLAG_TIMESTEP_IRREGULAR | QA_REQUIRED | SCIENTIFIC_NOTATION_CONVERTED | UNIT_ASSUMED,0.0,CONFLICT_VALUE_TO_REVIEW
raw_mesures_debit_jr,15364,1215/9,f88b46fe-ff1e-4b06-916d-8f3d465562ca,1980-09-23,0.105,0.105,0.0,0.105,m3/s,m3/s,aucune,FLAG_DUPLICATE_TIMESTEP | FLAG_GAP_TIME_SERIES | FLAG_TIMESTEP_IRREGULAR | QA_REQUIRED | SCIENTIFIC_NOTATION_CONVERTED | UNIT_ASSUMED,0.0,CONFLICT_VALUE_TO_REVIEW
raw_mesures_debit_jr,15365,1215/9,f88b46fe-ff1e-4b06-916d-8f3d465562ca,1980-09-24,0.105,0.105,0.0,0.105,m3/s,m3/s,aucune,FLAG_DUPLICATE_TIMESTEP | FLAG_GAP_TIME_SERIES | FLAG_TIMESTEP_IRREGULAR | QA_REQUIRED | SCIENTIFIC_NOTATION_CONVERTED | UNIT_ASSUMED,0.0,CONFLICT_VALUE_TO_REVIEW
raw_mesures_debit_jr,15366,1215/9,f88b46fe-ff1e-4b06-916d-8f3d465562ca,1980-09-25,0.105,0.105,0.0,0.105,m3/s,m3/s,aucune,FLAG_DUPLICATE_TIMESTEP | FLAG_GAP_TIME_SERIES | FLAG_TIMESTEP_IRREGULAR | QA_REQUIRED | SCIENTIFIC_NOTATION_CONVERTED | UNIT_ASSUMED,0.0,CONFLICT_VALUE_TO_REVIEW
raw_mesures_debit_jr,15367,1215/9,f88b46fe-ff1e-4b06-916d-8f3d465562ca,1980-09-26,0.105,0.105,0.0,0.105,m3/s,m3/s,aucune,FLAG_DUPLICATE_TIMESTEP | FLAG_GAP_TIME_SERIES | FLAG_TIMESTEP_IRREGULAR | QA_REQUIRED | SCIENTIFIC_NOTATION_CONVERTED | UNIT_ASSUMED,0.0,CONFLICT_VALUE_TO_REVIEW
raw_mesures_debit_jr,15368,1215/9,f88b46fe-ff1e-4b06-916d-8f3d465562ca,1980-09-27,0.106,0.106,0.0,0.106,m3/s,m3/s,aucune,FLAG_DUPLICATE_TIMESTEP | FLAG_GAP_TIME_SERIES | FLAG_TIMESTEP_IRREGULAR | QA_REQUIRED | SCIENTIFIC_NOTATION_CONVERTED | UNIT_ASSUMED,0.0,CONFLICT_VALUE_TO_REVIEW
raw_mesures_debit_jr,15672,1215/9,f88b46fe-ff1e-4b06-916d-8f3d465562ca,1981-07-28,0.105,0.105,0.0,0.105,m3/s,m3/s,aucune,FLAG_DUPLICATE_TIMESTEP | FLAG_GAP_TIME_SERIES | FLAG_TIMESTEP_IRREGULAR | QA_REQUIRED | SCIENTIFIC_NOTATION_CONVERTED | UNIT_ASSUMED,0.0,CONFLICT_VALUE_TO_REVIEW
raw_mesures_debit_jr,15803,1215/9,f88b46fe-ff1e-4b06-916d-8f3d465562ca,1981-12-06,0.103,0.103,0.0,0.103,m3/s,m3/s,aucune,FLAG_DUPLICATE_TIMESTEP | FLAG_GAP_TIME_SERIES | FLAG_TIMESTEP_IRREGULAR | QA_REQUIRED | SCIENTIFIC_NOTATION_CONVERTED | UNIT_ASSUMED,0.0,CONFLICT_VALUE_TO_REVIEW
raw_mesures_debit_jr,16121,1215/9,f88b46fe-ff1e-4b06-916d-8f3d465562ca,1982-10-20,0.103,0.103,0.0,0.103,m3/s,m3/s,aucune,FLAG_DUPLICATE_TIMESTEP | FLAG_GAP_TIME_SERIES | FLAG_TIMESTEP_IRREGULAR | QA_REQUIRED | SCIENTIFIC_NOTATION_CONVERTED | UNIT_ASSUMED,0.0,CONFLICT_VALUE_TO_REVIEW
raw_mesures_debit_jr,17837,1215/9,f88b46fe-ff1e-4b06-916d-8f3d465562ca,1987-07-02,0.105,0.105,0.0,0.105,m3/s,m3/s,aucune,FLAG_DUPLICATE_TIMESTEP | FLAG_GAP_TIME_SERIES | FLAG_TIMESTEP_IRREGULAR | QA_REQUIRED | SCIENTIFIC_NOTATION_CONVERTED | UNIT_ASSUMED,0.0,CONFLICT_VALUE_TO_REVIEW
raw_mesures_debit_jr,17838,1215/9,f88b46fe-ff1e-4b06-916d-8f3d465562ca,1987-07-03,0.105,0.105,0.0,0.105,m3/s,m3/s,aucune,FLAG_DUPLICATE_TIMESTEP | FLAG_GAP_TIME_SERIES | FLAG_TIMESTEP_IRREGULAR | QA_REQUIRED | SCIENTIFIC_NOTATION_CONVERTED | UNIT_ASSUMED,0.0,CONFLICT_VALUE_TO_REVIEW
raw_mesures_debit_jr,17839,1215/9,f88b46fe-ff1e-4b06-916d-8f3d465562ca,1987-07-04,0.105,0.105,0.0,0.105,m3/s,m3/s,aucune,FLAG_DUPLICATE_TIMESTEP | FLAG_GAP_TIME_SERIES | FLAG_TIMESTEP_IRREGULAR | QA_REQUIRED | SCIENTIFIC_NOTATION_CONVERTED | UNIT_ASSUMED,0.0,CONFLICT_VALUE_TO_REVIEW
raw_mesures_debit_jr,17840,1215/9,f88b46fe-ff1e-4b06-916d-8f3d465562ca,1987-07-05,0.105,0.105,0.0,0.105,m3/s,m3/s,aucune,FLAG_DUPLICATE_TIMESTEP | FLAG_GAP_TIME_SERIES | FLAG_TIMESTEP_IRREGULAR | QA_REQUIRED | SCIENTIFIC_NOTATION_CONVERTED | UNIT_ASSUMED,0.0,CONFLICT_VALUE_TO_REVIEW
raw_mesures_debit_jr,17841,1215/9,f88b46fe-ff1e-4b06-916d-8f3d465562ca,1987-07-06,0.105,0.105,0.0,0.105,m3/s,m3/s,aucune,FLAG_DUPLICATE_TIMESTEP | FLAG_GAP_TIME_SERIES | FLAG_TIMESTEP_IRREGULAR | QA_REQUIRED | SCIENTIFIC_NOTATION_CONVERTED | UNIT_ASSUMED,0.0,CONFLICT_VALUE_TO_REVIEW
raw_mesures_debit_jr,17842,1215/9,f88b46fe-ff1e-4b06-916d-8f3d465562ca,1987-07-07,0.105,0.105,0.0,0.105,m3/s,m3/s,aucune,FLAG_DUPLICATE_TIMESTEP | FLAG_GAP_TIME_SERIES | FLAG_TIMESTEP_IRREGULAR | QA_REQUIRED | SCIENTIFIC_NOTATION_CONVERTED | UNIT_ASSUMED,0.0,CONFLICT_VALUE_TO_REVIEW
raw_mesures_debit_jr,17843,1215/9,f88b46fe-ff1e-4b06-916d-8f3d465562ca,1987-07-08,0.105,0.105,0.0,0.105,m3/s,m3/s,aucune,FLAG_DUPLICATE_TIMESTEP | FLAG_GAP_TIME_SERIES | FLAG_TIMESTEP_IRREGULAR | QA_REQUIRED | SCIENTIFIC_NOTATION_CONVERTED | UNIT_ASSUMED,0.0,CONFLICT_VALUE_TO_REVIEW
raw_mesures_debit_jr,17844,1215/9,f88b46fe-ff1e-4b06-916d-8f3d465562ca,1987-07-09,0.105,0.105,0.0,0.105,m3/s,m3/s,aucune,FLAG_DUPLICATE_TIMESTEP | FLAG_GAP_TIME_SERIES | FLAG_TIMESTEP_IRREGULAR | QA_REQUIRED | SCIENTIFIC_NOTATION_CONVERTED | UNIT_ASSUMED,0.0,CONFLICT_VALUE_TO_REVIEW
raw_mesures_debit_jr,17845,1215/9,f88b46fe-ff1e-4b06-916d-8f3d465562ca,1987-07-10,0.105,0.105,0.0,0.105,m3/s,m3/s,aucune,FLAG_DUPLICATE_TIMESTEP | FLAG_GAP_TIME_SERIES | FLAG_TIMESTEP_IRREGULAR | QA_REQUIRED | SCIENTIFIC_NOTATION_CONVERTED | UNIT_ASSUMED,0.0,CONFLICT_VALUE_TO_REVIEW
raw_mesures_debit_jr,17846,1215/9,f88b46fe-ff1e-4b06-916d-8f3d465562ca,1987-07-11,0.105,0.105,0.0,0.105,m3/s,m3/s,aucune,FLAG_DUPLICATE_TIMESTEP | FLAG_GAP_TIME_SERIES | FLAG_TIMESTEP_IRREGULAR | QA_REQUIRED | SCIENTIFIC_NOTATION_CONVERTED | UNIT_ASSUMED,0.0,CONFLICT_VALUE_TO_REVIEW
raw_mesures_debit_jr,17847,1215/9,f88b46fe-ff1e-4b06-916d-8f3d465562ca,1987-07-12,0.105,0.105,0.0,0.105,m3/s,m3/s,aucune,FLAG_DUPLICATE_TIMESTEP | FLAG_GAP_TIME_SERIES | FLAG_TIMESTEP_IRREGULAR | QA_REQUIRED | SCIENTIFIC_NOTATION_CONVERTED | UNIT_ASSUMED,0.0,CONFLICT_VALUE_TO_REVIEW
raw_mesures_debit_jr,17848,1215/9,f88b46fe-ff1e-4b06-916d-8f3d465562ca,1987-07-13,0.105,0.105,0.0,0.105,m3/s,m3/s,aucune,FLAG_DUPLICATE_TIMESTEP | FLAG_GAP_TIME_SERIES | FLAG_TIMESTEP_IRREGULAR | QA_REQUIRED | SCIENTIFIC_NOTATION_CONVERTED | UNIT_ASSUMED,0.0,CONFLICT_VALUE_TO_REVIEW
raw_mesures_debit_jr,17849,1215/9,f88b46fe-ff1e-4b06-916d-8f3d465562ca,1987-07-14,0.105,0.105,0.0,0.105,m3/s,m3/s,aucune,FLAG_DUPLICATE_TIMESTEP | FLAG_GAP_TIME_SERIES | FLAG_TIMESTEP_IRREGULAR | QA_REQUIRED | SCIENTIFIC_NOTATION_CONVERTED | UNIT_ASSUMED,0.0,CONFLICT_VALUE_TO_REVIEW
raw_mesures_debit_jr,17850,1215/9,f88b46fe-ff1e-4b06-916d-8f3d465562ca,1987-07-15,0.105,0.105,0.0,0.105,m3/s,m3/s,aucune,FLAG_DUPLICATE_TIMESTEP | FLAG_GAP_TIME_SERIES | FLAG_TIMESTEP_IRREGULAR | QA_REQUIRED | SCIENTIFIC_NOTATION_CONVERTED | UNIT_ASSUMED,0.0,CONFLICT_VALUE_TO_REVIEW
raw_mesures_debit_jr,17851,1215/9,f88b46fe-ff1e-4b06-916d-8f3d465562ca,1987-07-16,0.105,0.105,0.0,0.105,m3/s,m3/s,aucune,FLAG_DUPLICATE_TIMESTEP | FLAG_GAP_TIME_SERIES | FLAG_TIMESTEP_IRREGULAR | QA_REQUIRED | SCIENTIFIC_NOTATION_CONVERTED | UNIT_ASSUMED,0.0,CONFLICT_VALUE_TO_REVIEW
raw_mesures_debit_jr,17852,1215/9,f88b46fe-ff1e-4b06-916d-8f3d465562ca,1987-07-17,0.105,0.105,0.0,0.105,m3/s,m3/s,aucune,FLAG_DUPLICATE_TIMESTEP | FLAG_GAP_TIME_SERIES | FLAG_TIMESTEP_IRREGULAR | QA_REQUIRED | SCIENTIFIC_NOTATION_CONVERTED | UNIT_ASSUMED,0.0,CONFLICT_VALUE_TO_REVIEW
raw_mesures_debit_jr,17853,1215/9,f88b46fe-ff1e-4b06-916d-8f3d465562ca,1987-07-18,0.105,0.105,0.0,0.105,m3/s,m3/s,aucune,FLAG_DUPLICATE_TIMESTEP | FLAG_GAP_TIME_SERIES | FLAG_TIMESTEP_IRREGULAR | QA_REQUIRED | SCIENTIFIC_NOTATION_CONVERTED | UNIT_ASSUMED,0.0,CONFLICT_VALUE_TO_REVIEW
raw_mesures_debit_jr,17854,1215/9,f88b46fe-ff1e-4b06-916d-8f3d465562ca,1987-07-19,0.105,0.105,0.0,0.105,m3/s,m3/s,aucune,FLAG_DUPLICATE_TIMESTEP | FLAG_GAP_TIME_SERIES | FLAG_TIMESTEP_IRREGULAR | QA_REQUIRED | SCIENTIFIC_NOTATION_CONVERTED | UNIT_ASSUMED,0.0,CONFLICT_VALUE_TO_REVIEW
raw_mesures_debit_jr,17855,1215/9,f88b46fe-ff1e-4b06-916d-8f3d465562ca,1987-07-20,0.105,0.105,0.0,0.105,m3/s,m3/s,aucune,FLAG_DUPLICATE_TIMESTEP | FLAG_GAP_TIME_SERIES | FLAG_TIMESTEP_IRREGULAR | QA_REQUIRED | SCIENTIFIC_NOTATION_CONVERTED | UNIT_ASSUMED,0.0,CONFLICT_VALUE_TO_REVIEW
raw_mesures_debit_jr,17856,1215/9,f88b46fe-ff1e-4b06-916d-8f3d465562ca,1987-07-21,0.105,0.105,0.0,0.105,m3/s,m3/s,aucune,FLAG_DUPLICATE_TIMESTEP | FLAG_GAP_TIME_SERIES | FLAG_TIMESTEP_IRREGULAR | QA_REQUIRED | SCIENTIFIC_NOTATION_CONVERTED | UNIT_ASSUMED,0.0,CONFLICT_VALUE_TO_REVIEW
raw_mesures_debit_jr,17857,1215/9,f88b46fe-ff1e-4b06-916d-8f3d465562ca,1987-07-22,0.105,0.105,0.0,0.105,m3/s,m3/s,aucune,FLAG_DUPLICATE_TIMESTEP | FLAG_GAP_TIME_SERIES | FLAG_TIMESTEP_IRREGULAR | QA_REQUIRED | SCIENTIFIC_NOTATION_CONVERTED | UNIT_ASSUMED,0.0,CONFLICT_VALUE_TO_REVIEW
raw_mesures_debit_jr,17858,1215/9,f88b46fe-ff1e-4b06-916d-8f3d465562ca,1987-07-23,0.105,0.105,0.0,0.105,m3/s,m3/s,aucune,FLAG_DUPLICATE_TIMESTEP | FLAG_GAP_TIME_SERIES | FLAG_TIMESTEP_IRREGULAR | QA_REQUIRED | SCIENTIFIC_NOTATION_CONVERTED | UNIT_ASSUMED,0.0,CONFLICT_VALUE_TO_REVIEW
raw_mesures_debit_jr,17859,1215/9,f88b46fe-ff1e-4b06-916d-8f3d465562ca,1987-07-24,0.105,0.105,0.0,0.105,m3/s,m3/s,aucune,FLAG_DUPLICATE_TIMESTEP | FLAG_GAP_TIME_SERIES | FLAG_TIMESTEP_IRREGULAR | QA_REQUIRED | SCIENTIFIC_NOTATION_CONVERTED | UNIT_ASSUMED,0.0,CONFLICT_VALUE_TO_REVIEW
raw_mesures_debit_jr,17860,1215/9,f88b46fe-ff1e-4b06-916d-8f3d465562ca,1987-07-25,0.105,0.105,0.0,0.105,m3/s,m3/s,aucune,FLAG_DUPLICATE_TIMESTEP | FLAG_GAP_TIME_SERIES | FLAG_TIMESTEP_IRREGULAR | QA_REQUIRED | SCIENTIFIC_NOTATION_CONVERTED | UNIT_ASSUMED,0.0,CONFLICT_VALUE_TO_REVIEW
raw_mesures_debit_jr,17861,1215/9,f88b46fe-ff1e-4b06-916d-8f3d465562ca,1987-07-26,0.105,0.105,0.0,0.105,m3/s,m3/s,aucune,FLAG_DUPLICATE_TIMESTEP | FLAG_GAP_TIME_SERIES | FLAG_TIMESTEP_IRREGULAR | QA_REQUIRED | SCIENTIFIC_NOTATION_CONVERTED | UNIT_ASSUMED,0.0,CONFLICT_VALUE_TO_REVIEW
raw_mesures_debit_jr,17862,1215/9,f88b46fe-ff1e-4b06-916d-8f3d465562ca,1987-07-27,0.105,0.105,0.0,0.105,m3/s,m3/s,aucune,FLAG_DUPLICATE_TIMESTEP | FLAG_GAP_TIME_SERIES | FLAG_TIMESTEP_IRREGULAR | QA_REQUIRED | SCIENTIFIC_NOTATION_CONVERTED | UNIT_ASSUMED,0.0,CONFLICT_VALUE_TO_REVIEW
raw_mesures_debit_jr,17863,1215/9,f88b46fe-ff1e-4b06-916d-8f3d465562ca,1987-07-28,0.105,0.105,0.0,0.105,m3/s,m3/s,aucune,FLAG_DUPLICATE_TIMESTEP | FLAG_GAP_TIME_SERIES | FLAG_TIMESTEP_IRREGULAR | QA_REQUIRED | SCIENTIFIC_NOTATION_CONVERTED | UNIT_ASSUMED,0.0,CONFLICT_VALUE_TO_REVIEW
raw_mesures_debit_jr,17864,1215/9,f88b46fe-ff1e-4b06-916d-8f3d465562ca,1987-07-29,0.105,0.105,0.0,0.105,m3/s,m3/s,aucune,FLAG_DUPLICATE_TIMESTEP | FLAG_GAP_TIME_SERIES | FLAG_TIMESTEP_IRREGULAR | QA_REQUIRED | SCIENTIFIC_NOTATION_CONVERTED | UNIT_ASSUMED,0.0,CONFLICT_VALUE_TO_REVIEW
raw_mesures_debit_jr,17865,1215/9,f88b46fe-ff1e-4b06-916d-8f3d465562ca,1987-07-30,0.105,0.105,0.0,0.105,m3/s,m3/s,aucune,FLAG_DUPLICATE_TIMESTEP | FLAG_GAP_TIME_SERIES | FLAG_TIMESTEP_IRREGULAR | QA_REQUIRED | SCIENTIFIC_NOTATION_CONVERTED | UNIT_ASSUMED,0.0,CONFLICT_VALUE_TO_REVIEW
raw_mesures_debit_jr,17866,1215/9,f88b46fe-ff1e-4b06-916d-8f3d465562ca,1987-07-31,0.105,0.105,0.0,0.105,m3/s,m3/s,aucune,FLAG_DUPLICATE_TIMESTEP | FLAG_GAP_TIME_SERIES | FLAG_TIMESTEP_IRREGULAR | QA_REQUIRED | SCIENTIFIC_NOTATION_CONVERTED | UNIT_ASSUMED,0.0,CONFLICT_VALUE_TO_REVIEW
raw_mesures_debit_jr,17867,1215/9,f88b46fe-ff1e-4b06-916d-8f3d465562ca,1987-08-01,0.105,0.105,0.0,0.105,m3/s,m3/s,aucune,FLAG_DUPLICATE_TIMESTEP | FLAG_GAP_TIME_SERIES | FLAG_TIMESTEP_IRREGULAR | QA_REQUIRED | SCIENTIFIC_NOTATION_CONVERTED | UNIT_ASSUMED,0.0,CONFLICT_VALUE_TO_REVIEW
raw_mesures_debit_jr,17868,1215/9,f88b46fe-ff1e-4b06-916d-8f3d465562ca,1987-08-02,0.105,0.105,0.0,0.105,m3/s,m3/s,aucune,FLAG_DUPLICATE_TIMESTEP | FLAG_GAP_TIME_SERIES | FLAG_TIMESTEP_IRREGULAR | QA_REQUIRED | SCIENTIFIC_NOTATION_CONVERTED | UNIT_ASSUMED,0.0,CONFLICT_VALUE_TO_REVIEW
raw_mesures_debit_jr,17869,1215/9,f88b46fe-ff1e-4b06-916d-8f3d465562ca,1987-08-03,0.105,0.105,0.0,0.105,m3/s,m3/s,aucune,FLAG_DUPLICATE_TIMESTEP | FLAG_GAP_TIME_SERIES | FLAG_TIMESTEP_IRREGULAR | QA_REQUIRED | SCIENTIFIC_NOTATION_CONVERTED | UNIT_ASSUMED,0.0,CONFLICT_VALUE_TO_REVIEW
raw_mesures_debit_jr,17870,1215/9,f88b46fe-ff1e-4b06-916d-8f3d465562ca,1987-08-04,0.105,0.105,0.0,0.105,m3/s,m3/s,aucune,FLAG_DUPLICATE_TIMESTEP | FLAG_GAP_TIME_SERIES | FLAG_TIMESTEP_IRREGULAR | QA_REQUIRED | SCIENTIFIC_NOTATION_CONVERTED | UNIT_ASSUMED,0.0,CONFLICT_VALUE_TO_REVIEW
raw_mesures_debit_jr,17871,1215/9,f88b46fe-ff1e-4b06-916d-8f3d465562ca,1987-08-05,0.105,0.105,0.0,0.105,m3/s,m3/s,aucune,FLAG_DUPLICATE_TIMESTEP | FLAG_GAP_TIME_SERIES | FLAG_TIMESTEP_IRREGULAR | QA_REQUIRED | SCIENTIFIC_NOTATION_CONVERTED | UNIT_ASSUMED,0.0,CONFLICT_VALUE_TO_REVIEW
raw_mesures_debit_jr,17872,1215/9,f88b46fe-ff1e-4b06-916d-8f3d465562ca,1987-08-06,0.105,0.105,0.0,0.105,m3/s,m3/s,aucune,FLAG_DUPLICATE_TIMESTEP | FLAG_GAP_TIME_SERIES | FLAG_TIMESTEP_IRREGULAR | QA_REQUIRED | SCIENTIFIC_NOTATION_CONVERTED | UNIT_ASSUMED,0.0,CONFLICT_VALUE_TO_REVIEW
raw_mesures_debit_jr,17873,1215/9,f88b46fe-ff1e-4b06-916d-8f3d465562ca,1987-08-07,0.105,0.105,0.0,0.105,m3/s,m3/s,aucune,FLAG_DUPLICATE_TIMESTEP | FLAG_GAP_TIME_SERIES | FLAG_TIMESTEP_IRREGULAR | QA_REQUIRED | SCIENTIFIC_NOTATION_CONVERTED | UNIT_ASSUMED,0.0,CONFLICT_VALUE_TO_REVIEW
raw_mesures_debit_jr,17874,1215/9,f88b46fe-ff1e-4b06-916d-8f3d465562ca,1987-08-08,0.105,0.105,0.0,0.105,m3/s,m3/s,aucune,FLAG_DUPLICATE_TIMESTEP | FLAG_GAP_TIME_SERIES | FLAG_TIMESTEP_IRREGULAR | QA_REQUIRED | SCIENTIFIC_NOTATION_CONVERTED | UNIT_ASSUMED,0.0,CONFLICT_VALUE_TO_REVIEW
raw_mesures_debit_jr,17875,1215/9,f88b46fe-ff1e-4b06-916d-8f3d465562ca,1987-08-09,0.105,0.105,0.0,0.105,m3/s,m3/s,aucune,FLAG_DUPLICATE_TIMESTEP | FLAG_GAP_TIME_SERIES | FLAG_TIMESTEP_IRREGULAR | QA_REQUIRED | SCIENTIFIC_NOTATION_CONVERTED | UNIT_ASSUMED,0.0,CONFLICT_VALUE_TO_REVIEW
raw_mesures_debit_jr,17876,1215/9,f88b46fe-ff1e-4b06-916d-8f3d465562ca,1987-08-10,0.105,0.105,0.0,0.105,m3/s,m3/s,aucune,FLAG_DUPLICATE_TIMESTEP | FLAG_GAP_TIME_SERIES | FLAG_TIMESTEP_IRREGULAR | QA_REQUIRED | SCIENTIFIC_NOTATION_CONVERTED | UNIT_ASSUMED,0.0,CONFLICT_VALUE_TO_REVIEW
raw_mesures_debit_jr,17877,1215/9,f88b46fe-ff1e-4b06-916d-8f3d465562ca,1987-08-11,0.105,0.105,0.0,0.105,m3/s,m3/s,aucune,FLAG_DUPLICATE_TIMESTEP | FLAG_GAP_TIME_SERIES | FLAG_TIMESTEP_IRREGULAR | QA_REQUIRED | SCIENTIFIC_NOTATION_CONVERTED | UNIT_ASSUMED,0.0,CONFLICT_VALUE_TO_REVIEW
raw_mesures_debit_jr,17878,1215/9,f88b46fe-ff1e-4b06-916d-8f3d465562ca,1987-08-12,0.108,0.108,0.0,0.108,m3/s,m3/s,aucune,FLAG_DUPLICATE_TIMESTEP | FLAG_GAP_TIME_SERIES | FLAG_TIMESTEP_IRREGULAR | QA_REQUIRED | SCIENTIFIC_NOTATION_CONVERTED | UNIT_ASSUMED,0.0,CONFLICT_VALUE_TO_REVIEW
raw_mesures_debit_jr,17884,1215/9,f88b46fe-ff1e-4b06-916d-8f3d465562ca,1987-08-18,0.105,0.105,0.0,0.105,m3/s,m3/s,aucune,FLAG_DUPLICATE_TIMESTEP | FLAG_GAP_TIME_SERIES | FLAG_TIMESTEP_IRREGULAR | QA_REQUIRED | SCIENTIFIC_NOTATION_CONVERTED | UNIT_ASSUMED,0.0,CONFLICT_VALUE_TO_REVIEW
raw_mesures_debit_jr,17885,1215/9,f88b46fe-ff1e-4b06-916d-8f3d465562ca,1987-08-19,0.105,0.105,0.0,0.105,m3/s,m3/s,aucune,FLAG_DUPLICATE_TIMESTEP | FLAG_GAP_TIME_SERIES | FLAG_TIMESTEP_IRREGULAR | QA_REQUIRED | SCIENTIFIC_NOTATION_CONVERTED | UNIT_ASSUMED,0.0,CONFLICT_VALUE_TO_REVIEW
raw_mesures_debit_jr,17886,1215/9,f88b46fe-ff1e-4b06-916d-8f3d465562ca,1987-08-20,0.105,0.105,0.0,0.105,m3/s,m3/s,aucune,FLAG_DUPLICATE_TIMESTEP | FLAG_GAP_TIME_SERIES | FLAG_TIMESTEP_IRREGULAR | QA_REQUIRED | SCIENTIFIC_NOTATION_CONVERTED | UNIT_ASSUMED,0.0,CONFLICT_VALUE_TO_REVIEW
raw_mesures_debit_jr,17887,1215/9,f88b46fe-ff1e-4b06-916d-8f3d465562ca,1987-08-21,0.105,0.105,0.0,0.105,m3/s,m3/s,aucune,FLAG_DUPLICATE_TIMESTEP | FLAG_GAP_TIME_SERIES | FLAG_TIMESTEP_IRREGULAR | QA_REQUIRED | SCIENTIFIC_NOTATION_CONVERTED | UNIT_ASSUMED,0.0,CONFLICT_VALUE_TO_REVIEW
raw_mesures_debit_jr,17888,1215/9,f88b46fe-ff1e-4b06-916d-8f3d465562ca,1987-08-22,0.105,0.105,0.0,0.105,m3/s,m3/s,aucune,FLAG_DUPLICATE_TIMESTEP | FLAG_GAP_TIME_SERIES | FLAG_TIMESTEP_IRREGULAR | QA_REQUIRED | SCIENTIFIC_NOTATION_CONVERTED | UNIT_ASSUMED,0.0,CONFLICT_VALUE_TO_REVIEW
raw_mesures_debit_jr,17889,1215/9,f88b46fe-ff1e-4b06-916d-8f3d465562ca,1987-08-23,0.105,0.105,0.0,0.105,m3/s,m3/s,aucune,FLAG_DUPLICATE_TIMESTEP | FLAG_GAP_TIME_SERIES | FLAG_TIMESTEP_IRREGULAR | QA_REQUIRED | SCIENTIFIC_NOTATION_CONVERTED | UNIT_ASSUMED,0.0,CONFLICT_VALUE_TO_REVIEW
raw_mesures_debit_jr,17890,1215/9,f88b46fe-ff1e-4b06-916d-8f3d465562ca,1987-08-24,0.105,0.105,0.0,0.105,m3/s,m3/s,aucune,FLAG_DUPLICATE_TIMESTEP | FLAG_GAP_TIME_SERIES | FLAG_TIMESTEP_IRREGULAR | QA_REQUIRED | SCIENTIFIC_NOTATION_CONVERTED | UNIT_ASSUMED,0.0,CONFLICT_VALUE_TO_REVIEW
raw_mesures_debit_jr,17891,1215/9,f88b46fe-ff1e-4b06-916d-8f3d465562ca,1987-08-25,0.105,0.105,0.0,0.105,m3/s,m3/s,aucune,FLAG_DUPLICATE_TIMESTEP | FLAG_GAP_TIME_SERIES | FLAG_TIMESTEP_IRREGULAR | QA_REQUIRED | SCIENTIFIC_NOTATION_CONVERTED | UNIT_ASSUMED,0.0,CONFLICT_VALUE_TO_REVIEW
raw_mesures_debit_jr,17892,1215/9,f88b46fe-ff1e-4b06-916d-8f3d465562ca,1987-08-26,0.105,0.105,0.0,0.105,m3/s,m3/s,aucune,FLAG_DUPLICATE_TIMESTEP | FLAG_GAP_TIME_SERIES | FLAG_TIMESTEP_IRREGULAR | QA_REQUIRED | SCIENTIFIC_NOTATION_CONVERTED | UNIT_ASSUMED,0.0,CONFLICT_VALUE_TO_REVIEW
raw_mesures_debit_jr,17893,1215/9,f88b46fe-ff1e-4b06-916d-8f3d465562ca,1987-08-27,0.108,0.108,0.0,0.108,m3/s,m3/s,aucune,FLAG_DUPLICATE_TIMESTEP | FLAG_GAP_TIME_SERIES | FLAG_TIMESTEP_IRREGULAR | QA_REQUIRED | SCIENTIFIC_NOTATION_CONVERTED | UNIT_ASSUMED,0.0,CONFLICT_VALUE_TO_REVIEW
raw_mesures_debit_jr,18286,1215/9,f88b46fe-ff1e-4b06-916d-8f3d465562ca,1988-09-23,0.108,0.108,0.0,0.108,m3/s,m3/s,aucune,FLAG_DUPLICATE_TIMESTEP | FLAG_GAP_TIME_SERIES | FLAG_TIMESTEP_IRREGULAR | QA_REQUIRED | SCIENTIFIC_NOTATION_CONVERTED | UNIT_ASSUMED,0.0,CONFLICT_VALUE_TO_REVIEW
raw_mesures_debit_jr,18287,1215/9,f88b46fe-ff1e-4b06-916d-8f3d465562ca,1988-09-24,0.106,0.106,0.0,0.106,m3/s,m3/s,aucune,FLAG_DUPLICATE_TIMESTEP | FLAG_GAP_TIME_SERIES | FLAG_TIMESTEP_IRREGULAR | QA_REQUIRED | SCIENTIFIC_NOTATION_CONVERTED | UNIT_ASSUMED,0.0,CONFLICT_VALUE_TO_REVIEW
raw_mesures_debit_jr,18288,1215/9,f88b46fe-ff1e-4b06-916d-8f3d465562ca,1988-09-25,0.106,0.106,0.0,0.106,m3/s,m3/s,aucune,FLAG_DUPLICATE_TIMESTEP | FLAG_GAP_TIME_SERIES | FLAG_TIMESTEP_IRREGULAR | QA_REQUIRED | SCIENTIFIC_NOTATION_CONVERTED | UNIT_ASSUMED,0.0,CONFLICT_VALUE_TO_REVIEW
raw_mesures_debit_jr,18289,1215/9,f88b46fe-ff1e-4b06-916d-8f3d465562ca,1988-09-26,0.106,0.106,0.0,0.106,m3/s,m3/s,aucune,FLAG_DUPLICATE_TIMESTEP | FLAG_GAP_TIME_SERIES | FLAG_TIMESTEP_IRREGULAR | QA_REQUIRED | SCIENTIFIC_NOTATION_CONVERTED | UNIT_ASSUMED,0.0,CONFLICT_VALUE_TO_REVIEW
raw_mesures_debit_jr,18290,1215/9,f88b46fe-ff1e-4b06-916d-8f3d465562ca,1988-09-27,0.106,0.106,0.0,0.106,m3/s,m3/s,aucune,FLAG_DUPLICATE_TIMESTEP | FLAG_GAP_TIME_SERIES | FLAG_TIMESTEP_IRREGULAR | QA_REQUIRED | SCIENTIFIC_NOTATION_CONVERTED | UNIT_ASSUMED,0.0,CONFLICT_VALUE_TO_REVIEW
raw_mesures_debit_jr,18291,1215/9,f88b46fe-ff1e-4b06-916d-8f3d465562ca,1988-09-28,0.106,0.106,0.0,0.106,m3/s,m3/s,aucune,FLAG_DUPLICATE_TIMESTEP | FLAG_GAP_TIME_SERIES | FLAG_TIMESTEP_IRREGULAR | QA_REQUIRED | SCIENTIFIC_NOTATION_CONVERTED | UNIT_ASSUMED,0.0,CONFLICT_VALUE_TO_REVIEW
raw_mesures_debit_jr,18292,1215/9,f88b46fe-ff1e-4b06-916d-8f3d465562ca,1988-09-29,0.106,0.106,0.0,0.106,m3/s,m3/s,aucune,FLAG_DUPLICATE_TIMESTEP | FLAG_GAP_TIME_SERIES | FLAG_TIMESTEP_IRREGULAR | QA_REQUIRED | SCIENTIFIC_NOTATION_CONVERTED | UNIT_ASSUMED,0.0,CONFLICT_VALUE_TO_REVIEW
raw_mesures_debit_jr,18293,1215/9,f88b46fe-ff1e-4b06-916d-8f3d465562ca,1988-09-30,0.106,0.106,0.0,0.106,m3/s,m3/s,aucune,FLAG_DUPLICATE_TIMESTEP | FLAG_GAP_TIME_SERIES | FLAG_TIMESTEP_IRREGULAR | QA_REQUIRED | SCIENTIFIC_NOTATION_CONVERTED | UNIT_ASSUMED,0.0,CONFLICT_VALUE_TO_REVIEW
raw_mesures_debit_jr,18294,1215/9,f88b46fe-ff1e-4b06-916d-8f3d465562ca,1988-10-01,0.107,0.107,0.0,0.107,m3/s,m3/s,aucune,FLAG_DUPLICATE_TIMESTEP | FLAG_GAP_TIME_SERIES | FLAG_TIMESTEP_IRREGULAR | QA_REQUIRED | SCIENTIFIC_NOTATION_CONVERTED | UNIT_ASSUMED,0.0,CONFLICT_VALUE_TO_REVIEW
raw_mesures_debit_jr,18593,1215/9,f88b46fe-ff1e-4b06-916d-8f3d465562ca,1989-07-27,0.106,0.106,0.0,0.106,m3/s,m3/s,aucune,FLAG_DUPLICATE_TIMESTEP | FLAG_GAP_TIME_SERIES | FLAG_TIMESTEP_IRREGULAR | QA_REQUIRED | SCIENTIFIC_NOTATION_CONVERTED | UNIT_ASSUMED,0.0,CONFLICT_VALUE_TO_REVIEW
raw_mesures_debit_jr,18594,1215/9,f88b46fe-ff1e-4b06-916d-8f3d465562ca,1989-07-28,0.106,0.106,0.0,0.106,m3/s,m3/s,aucune,FLAG_DUPLICATE_TIMESTEP | FLAG_GAP_TIME_SERIES | FLAG_TIMESTEP_IRREGULAR | QA_REQUIRED | SCIENTIFIC_NOTATION_CONVERTED | UNIT_ASSUMED,0.0,CONFLICT_VALUE_TO_REVIEW
raw_mesures_debit_jr,18595,1215/9,f88b46fe-ff1e-4b06-916d-8f3d465562ca,1989-07-29,0.106,0.106,0.0,0.106,m3/s,m3/s,aucune,FLAG_DUPLICATE_TIMESTEP | FLAG_GAP_TIME_SERIES | FLAG_TIMESTEP_IRREGULAR | QA_REQUIRED | SCIENTIFIC_NOTATION_CONVERTED | UNIT_ASSUMED,0.0,CONFLICT_VALUE_TO_REVIEW
raw_mesures_debit_jr,18596,1215/9,f88b46fe-ff1e-4b06-916d-8f3d465562ca,1989-07-30,0.106,0.106,0.0,0.106,m3/s,m3/s,aucune,FLAG_DUPLICATE_TIMESTEP | FLAG_GAP_TIME_SERIES | FLAG_TIMESTEP_IRREGULAR | QA_REQUIRED | SCIENTIFIC_NOTATION_CONVERTED | UNIT_ASSUMED,0.0,CONFLICT_VALUE_TO_REVIEW
raw_mesures_debit_jr,18597,1215/9,f88b46fe-ff1e-4b06-916d-8f3d465562ca,1989-07-31,0.106,0.106,0.0,0.106,m3/s,m3/s,aucune,FLAG_DUPLICATE_TIMESTEP | FLAG_GAP_TIME_SERIES | FLAG_TIMESTEP_IRREGULAR | QA_REQUIRED | SCIENTIFIC_NOTATION_CONVERTED | UNIT_ASSUMED,0.0,CONFLICT_VALUE_TO_REVIEW
raw_mesures_debit_jr,18620,1215/9,f88b46fe-ff1e-4b06-916d-8f3d465562ca,1989-08-23,0.106,0.106,0.0,0.106,m3/s,m3/s,aucune,FLAG_DUPLICATE_TIMESTEP | FLAG_GAP_TIME_SERIES | FLAG_TIMESTEP_IRREGULAR | QA_REQUIRED | SCIENTIFIC_NOTATION_CONVERTED | UNIT_ASSUMED,0.0,CONFLICT_VALUE_TO_REVIEW
raw_mesures_debit_jr,18621,1215/9,f88b46fe-ff1e-4b06-916d-8f3d465562ca,1989-08-24,0.106,0.106,0.0,0.106,m3/s,m3/s,aucune,FLAG_DUPLICATE_TIMESTEP | FLAG_GAP_TIME_SERIES | FLAG_TIMESTEP_IRREGULAR | QA_REQUIRED | SCIENTIFIC_NOTATION_CONVERTED | UNIT_ASSUMED,0.0,CONFLICT_VALUE_TO_REVIEW
raw_mesures_debit_jr,18622,1215/9,f88b46fe-ff1e-4b06-916d-8f3d465562ca,1989-08-25,0.106,0.106,0.0,0.106,m3/s,m3/s,aucune,FLAG_DUPLICATE_TIMESTEP | FLAG_GAP_TIME_SERIES | FLAG_TIMESTEP_IRREGULAR | QA_REQUIRED | SCIENTIFIC_NOTATION_CONVERTED | UNIT_ASSUMED,0.0,CONFLICT_VALUE_TO_REVIEW
raw_mesures_debit_jr,18623,1215/9,f88b46fe-ff1e-4b06-916d-8f3d465562ca,1989-08-26,0.106,0.106,0.0,0.106,m3/s,m3/s,aucune,FLAG_DUPLICATE_TIMESTEP | FLAG_GAP_TIME_SERIES | FLAG_TIMESTEP_IRREGULAR | QA_REQUIRED | SCIENTIFIC_NOTATION_CONVERTED | UNIT_ASSUMED,0.0,CONFLICT_VALUE_TO_REVIEW
raw_mesures_debit_jr,18624,1215/9,f88b46fe-ff1e-4b06-916d-8f3d465562ca,1989-08-27,0.106,0.106,0.0,0.106,m3/s,m3/s,aucune,FLAG_DUPLICATE_TIMESTEP | FLAG_GAP_TIME_SERIES | FLAG_TIMESTEP_IRREGULAR | QA_REQUIRED | SCIENTIFIC_NOTATION_CONVERTED | UNIT_ASSUMED,0.0,CONFLICT_VALUE_TO_REVIEW
raw_mesures_debit_jr,18625,1215/9,f88b46fe-ff1e-4b06-916d-8f3d465562ca,1989-08-28,0.106,0.106,0.0,0.106,m3/s,m3/s,aucune,FLAG_DUPLICATE_TIMESTEP | FLAG_GAP_TIME_SERIES | FLAG_TIMESTEP_IRREGULAR | QA_REQUIRED | SCIENTIFIC_NOTATION_CONVERTED | UNIT_ASSUMED,0.0,CONFLICT_VALUE_TO_REVIEW
raw_mesures_debit_jr,18626,1215/9,f88b46fe-ff1e-4b06-916d-8f3d465562ca,1989-08-29,0.106,0.106,0.0,0.106,m3/s,m3/s,aucune,FLAG_DUPLICATE_TIMESTEP | FLAG_GAP_TIME_SERIES | FLAG_TIMESTEP_IRREGULAR | QA_REQUIRED | SCIENTIFIC_NOTATION_CONVERTED | UNIT_ASSUMED,0.0,CONFLICT_VALUE_TO_REVIEW
raw_mesures_debit_jr,18627,1215/9,f88b46fe-ff1e-4b06-916d-8f3d465562ca,1989-08-30,0.106,0.106,0.0,0.106,m3/s,m3/s,aucune,FLAG_DUPLICATE_TIMESTEP | FLAG_GAP_TIME_SERIES | FLAG_TIMESTEP_IRREGULAR | QA_REQUIRED | SCIENTIFIC_NOTATION_CONVERTED | UNIT_ASSUMED,0.0,CONFLICT_VALUE_TO_REVIEW
raw_mesures_debit_jr,18628,1215/9,f88b46fe-ff1e-4b06-916d-8f3d465562ca,1989-08-31,0.106,0.106,0.0,0.106,m3/s,m3/s,aucune,FLAG_DUPLICATE_TIMESTEP | FLAG_GAP_TIME_SERIES | FLAG_TIMESTEP_IRREGULAR | QA_REQUIRED | SCIENTIFIC_NOTATION_CONVERTED | UNIT_ASSUMED,0.0,CONFLICT_VALUE_TO_REVIEW
raw_mesures_debit_jr,18629,1215/9,f88b46fe-ff1e-4b06-916d-8f3d465562ca,1989-09-01,0.106,0.106,0.0,0.106,m3/s,m3/s,aucune,FLAG_DUPLICATE_TIMESTEP | FLAG_GAP_TIME_SERIES | FLAG_TIMESTEP_IRREGULAR | QA_REQUIRED | SCIENTIFIC_NOTATION_CONVERTED | UNIT_ASSUMED,0.0,CONFLICT_VALUE_TO_REVIEW
raw_mesures_debit_jr,18630,1215/9,f88b46fe-ff1e-4b06-916d-8f3d465562ca,1989-09-02,0.106,0.106,0.0,0.106,m3/s,m3/s,aucune,FLAG_DUPLICATE_TIMESTEP | FLAG_GAP_TIME_SERIES | FLAG_TIMESTEP_IRREGULAR | QA_REQUIRED | SCIENTIFIC_NOTATION_CONVERTED | UNIT_ASSUMED,0.0,CONFLICT_VALUE_TO_REVIEW
raw_mesures_debit_jr,18631,1215/9,f88b46fe-ff1e-4b06-916d-8f3d465562ca,1989-09-03,0.106,0.106,0.0,0.106,m3/s,m3/s,aucune,FLAG_DUPLICATE_TIMESTEP | FLAG_GAP_TIME_SERIES | FLAG_TIMESTEP_IRREGULAR | QA_REQUIRED | SCIENTIFIC_NOTATION_CONVERTED | UNIT_ASSUMED,0.0,CONFLICT_VALUE_TO_REVIEW
raw_mesures_debit_jr,18632,1215/9,f88b46fe-ff1e-4b06-916d-8f3d465562ca,1989-09-04,0.106,0.106,0.0,0.106,m3/s,m3/s,aucune,FLAG_DUPLICATE_TIMESTEP | FLAG_GAP_TIME_SERIES | FLAG_TIMESTEP_IRREGULAR | QA_REQUIRED | SCIENTIFIC_NOTATION_CONVERTED | UNIT_ASSUMED,0.0,CONFLICT_VALUE_TO_REVIEW
raw_mesures_debit_jr,18633,1215/9,f88b46fe-ff1e-4b06-916d-8f3d465562ca,1989-09-05,0.106,0.106,0.0,0.106,m3/s,m3/s,aucune,FLAG_DUPLICATE_TIMESTEP | FLAG_GAP_TIME_SERIES | FLAG_TIMESTEP_IRREGULAR | QA_REQUIRED | SCIENTIFIC_NOTATION_CONVERTED | UNIT_ASSUMED,0.0,CONFLICT_VALUE_TO_REVIEW
raw_mesures_debit_jr,18634,1215/9,f88b46fe-ff1e-4b06-916d-8f3d465562ca,1989-09-06,0.106,0.106,0.0,0.106,m3/s,m3/s,aucune,FLAG_DUPLICATE_TIMESTEP | FLAG_GAP_TIME_SERIES | FLAG_TIMESTEP_IRREGULAR | QA_REQUIRED | SCIENTIFIC_NOTATION_CONVERTED | UNIT_ASSUMED,0.0,CONFLICT_VALUE_TO_REVIEW
raw_mesures_debit_jr,18635,1215/9,f88b46fe-ff1e-4b06-916d-8f3d465562ca,1989-09-07,0.106,0.106,0.0,0.106,m3/s,m3/s,aucune,FLAG_DUPLICATE_TIMESTEP | FLAG_GAP_TIME_SERIES | FLAG_TIMESTEP_IRREGULAR | QA_REQUIRED | SCIENTIFIC_NOTATION_CONVERTED | UNIT_ASSUMED,0.0,CONFLICT_VALUE_TO_REVIEW
raw_mesures_debit_jr,18636,1215/9,f88b46fe-ff1e-4b06-916d-8f3d465562ca,1989-09-08,0.108,0.108,0.0,0.108,m3/s,m3/s,aucune,FLAG_DUPLICATE_TIMESTEP | FLAG_GAP_TIME_SERIES | FLAG_TIMESTEP_IRREGULAR | QA_REQUIRED | SCIENTIFIC_NOTATION_CONVERTED | UNIT_ASSUMED,0.0,CONFLICT_VALUE_TO_REVIEW
raw_mesures_debit_jr,18649,1215/9,f88b46fe-ff1e-4b06-916d-8f3d465562ca,1989-09-21,0.106,0.106,0.0,0.106,m3/s,m3/s,aucune,FLAG_DUPLICATE_TIMESTEP | FLAG_GAP_TIME_SERIES | FLAG_TIMESTEP_IRREGULAR | QA_REQUIRED | SCIENTIFIC_NOTATION_CONVERTED | UNIT_ASSUMED,0.0,CONFLICT_VALUE_TO_REVIEW
raw_mesures_debit_jr,18650,1215/9,f88b46fe-ff1e-4b06-916d-8f3d465562ca,1989-09-22,0.106,0.106,0.0,0.106,m3/s,m3/s,aucune,FLAG_DUPLICATE_TIMESTEP | FLAG_GAP_TIME_SERIES | FLAG_TIMESTEP_IRREGULAR | QA_REQUIRED | SCIENTIFIC_NOTATION_CONVERTED | UNIT_ASSUMED,0.0,CONFLICT_VALUE_TO_REVIEW
raw_mesures_debit_jr,18651,1215/9,f88b46fe-ff1e-4b06-916d-8f3d465562ca,1989-09-23,0.106,0.106,0.0,0.106,m3/s,m3/s,aucune,FLAG_DUPLICATE_TIMESTEP | FLAG_GAP_TIME_SERIES | FLAG_TIMESTEP_IRREGULAR | QA_REQUIRED | SCIENTIFIC_NOTATION_CONVERTED | UNIT_ASSUMED,0.0,CONFLICT_VALUE_TO_REVIEW
raw_mesures_debit_jr,18652,1215/9,f88b46fe-ff1e-4b06-916d-8f3d465562ca,1989-09-24,0.106,0.106,0.0,0.106,m3/s,m3/s,aucune,FLAG_DUPLICATE_TIMESTEP | FLAG_GAP_TIME_SERIES | FLAG_TIMESTEP_IRREGULAR | QA_REQUIRED | SCIENTIFIC_NOTATION_CONVERTED | UNIT_ASSUMED,0.0,CONFLICT_VALUE_TO_REVIEW
raw_mesures_debit_jr,18653,1215/9,f88b46fe-ff1e-4b06-916d-8f3d465562ca,1989-09-25,0.106,0.106,0.0,0.106,m3/s,m3/s,aucune,FLAG_DUPLICATE_TIMESTEP | FLAG_GAP_TIME_SERIES | FLAG_TIMESTEP_IRREGULAR | QA_REQUIRED | SCIENTIFIC_NOTATION_CONVERTED | UNIT_ASSUMED,0.0,CONFLICT_VALUE_TO_REVIEW
raw_mesures_debit_jr,18654,1215/9,f88b46fe-ff1e-4b06-916d-8f3d465562ca,1989-09-26,0.106,0.106,0.0,0.106,m3/s,m3/s,aucune,FLAG_DUPLICATE_TIMESTEP | FLAG_GAP_TIME_SERIES | FLAG_TIMESTEP_IRREGULAR | QA_REQUIRED | SCIENTIFIC_NOTATION_CONVERTED | UNIT_ASSUMED,0.0,CONFLICT_VALUE_TO_REVIEW
raw_mesures_debit_jr,18655,1215/9,f88b46fe-ff1e-4b06-916d-8f3d465562ca,1989-09-27,0.106,0.106,0.0,0.106,m3/s,m3/s,aucune,FLAG_DUPLICATE_TIMESTEP | FLAG_GAP_TIME_SERIES | FLAG_TIMESTEP_IRREGULAR | QA_REQUIRED | SCIENTIFIC_NOTATION_CONVERTED | UNIT_ASSUMED,0.0,CONFLICT_VALUE_TO_REVIEW
raw_mesures_debit_jr,18656,1215/9,f88b46fe-ff1e-4b06-916d-8f3d465562ca,1989-09-28,0.106,0.106,0.0,0.106,m3/s,m3/s,aucune,FLAG_DUPLICATE_TIMESTEP | FLAG_GAP_TIME_SERIES | FLAG_TIMESTEP_IRREGULAR | QA_REQUIRED | SCIENTIFIC_NOTATION_CONVERTED | UNIT_ASSUMED,0.0,CONFLICT_VALUE_TO_REVIEW
raw_mesures_debit_jr,18657,1215/9,f88b46fe-ff1e-4b06-916d-8f3d465562ca,1989-09-29,0.106,0.106,0.0,0.106,m3/s,m3/s,aucune,FLAG_DUPLICATE_TIMESTEP | FLAG_GAP_TIME_SERIES | FLAG_TIMESTEP_IRREGULAR | QA_REQUIRED | SCIENTIFIC_NOTATION_CONVERTED | UNIT_ASSUMED,0.0,CONFLICT_VALUE_TO_REVIEW
raw_mesures_debit_jr,18658,1215/9,f88b46fe-ff1e-4b06-916d-8f3d465562ca,1989-09-30,0.106,0.106,0.0,0.106,m3/s,m3/s,aucune,FLAG_DUPLICATE_TIMESTEP | FLAG_GAP_TIME_SERIES | FLAG_TIMESTEP_IRREGULAR | QA_REQUIRED | SCIENTIFIC_NOTATION_CONVERTED | UNIT_ASSUMED,0.0,CONFLICT_VALUE_TO_REVIEW
raw_mesures_debit_jr,18659,1215/9,f88b46fe-ff1e-4b06-916d-8f3d465562ca,1989-10-01,0.106,0.106,0.0,0.106,m3/s,m3/s,aucune,FLAG_DUPLICATE_TIMESTEP | FLAG_GAP_TIME_SERIES | FLAG_TIMESTEP_IRREGULAR | QA_REQUIRED | SCIENTIFIC_NOTATION_CONVERTED | UNIT_ASSUMED,0.0,CONFLICT_VALUE_TO_REVIEW
raw_mesures_debit_jr,18660,1215/9,f88b46fe-ff1e-4b06-916d-8f3d465562ca,1989-10-02,0.106,0.106,0.0,0.106,m3/s,m3/s,aucune,FLAG_DUPLICATE_TIMESTEP | FLAG_GAP_TIME_SERIES | FLAG_TIMESTEP_IRREGULAR | QA_REQUIRED | SCIENTIFIC_NOTATION_CONVERTED | UNIT_ASSUMED,0.0,CONFLICT_VALUE_TO_REVIEW
raw_mesures_debit_jr,18690,1215/9,f88b46fe-ff1e-4b06-916d-8f3d465562ca,1989-11-01,0.106,0.106,0.0,0.106,m3/s,m3/s,aucune,FLAG_DUPLICATE_TIMESTEP | FLAG_GAP_TIME_SERIES | FLAG_TIMESTEP_IRREGULAR | QA_REQUIRED | SCIENTIFIC_NOTATION_CONVERTED | UNIT_ASSUMED,0.0,CONFLICT_VALUE_TO_REVIEW
raw_mesures_debit_jr,18691,1215/9,f88b46fe-ff1e-4b06-916d-8f3d465562ca,1989-11-02,0.106,0.106,0.0,0.106,m3/s,m3/s,aucune,FLAG_DUPLICATE_TIMESTEP | FLAG_GAP_TIME_SERIES | FLAG_TIMESTEP_IRREGULAR | QA_REQUIRED | SCIENTIFIC_NOTATION_CONVERTED | UNIT_ASSUMED,0.0,CONFLICT_VALUE_TO_REVIEW
raw_mesures_debit_jr,18692,1215/9,f88b46fe-ff1e-4b06-916d-8f3d465562ca,1989-11-03,0.106,0.106,0.0,0.106,m3/s,m3/s,aucune,FLAG_DUPLICATE_TIMESTEP | FLAG_GAP_TIME_SERIES | FLAG_TIMESTEP_IRREGULAR | QA_REQUIRED | SCIENTIFIC_NOTATION_CONVERTED | UNIT_ASSUMED,0.0,CONFLICT_VALUE_TO_REVIEW
raw_mesures_debit_jr,19313,1215/9,f88b46fe-ff1e-4b06-916d-8f3d465562ca,1991-07-17,0.101,0.101,0.0,0.101,m3/s,m3/s,aucune,FLAG_DUPLICATE_TIMESTEP | FLAG_GAP_TIME_SERIES | FLAG_TIMESTEP_IRREGULAR | QA_REQUIRED | SCIENTIFIC_NOTATION_CONVERTED | UNIT_ASSUMED,0.0,CONFLICT_VALUE_TO_REVIEW
raw_mesures_debit_jr,19314,1215/9,f88b46fe-ff1e-4b06-916d-8f3d465562ca,1991-07-18,0.101,0.101,0.0,0.101,m3/s,m3/s,aucune,FLAG_DUPLICATE_TIMESTEP | FLAG_GAP_TIME_SERIES | FLAG_TIMESTEP_IRREGULAR | QA_REQUIRED | SCIENTIFIC_NOTATION_CONVERTED | UNIT_ASSUMED,0.0,CONFLICT_VALUE_TO_REVIEW
raw_mesures_debit_jr,19315,1215/9,f88b46fe-ff1e-4b06-916d-8f3d465562ca,1991-07-19,0.101,0.101,0.0,0.101,m3/s,m3/s,aucune,FLAG_DUPLICATE_TIMESTEP | FLAG_GAP_TIME_SERIES | FLAG_TIMESTEP_IRREGULAR | QA_REQUIRED | SCIENTIFIC_NOTATION_CONVERTED | UNIT_ASSUMED,0.0,CONFLICT_VALUE_TO_REVIEW
raw_mesures_debit_jr,19316,1215/9,f88b46fe-ff1e-4b06-916d-8f3d465562ca,1991-07-20,0.101,0.101,0.0,0.101,m3/s,m3/s,aucune,FLAG_DUPLICATE_TIMESTEP | FLAG_GAP_TIME_SERIES | FLAG_TIMESTEP_IRREGULAR | QA_REQUIRED | SCIENTIFIC_NOTATION_CONVERTED | UNIT_ASSUMED,0.0,CONFLICT_VALUE_TO_REVIEW
raw_mesures_debit_jr,19317,1215/9,f88b46fe-ff1e-4b06-916d-8f3d465562ca,1991-07-21,0.101,0.101,0.0,0.101,m3/s,m3/s,aucune,FLAG_DUPLICATE_TIMESTEP | FLAG_GAP_TIME_SERIES | FLAG_TIMESTEP_IRREGULAR | QA_REQUIRED | SCIENTIFIC_NOTATION_CONVERTED | UNIT_ASSUMED,0.0,CONFLICT_VALUE_TO_REVIEW
raw_mesures_debit_jr,19318,1215/9,f88b46fe-ff1e-4b06-916d-8f3d465562ca,1991-07-22,0.101,0.101,0.0,0.101,m3/s,m3/s,aucune,FLAG_DUPLICATE_TIMESTEP | FLAG_GAP_TIME_SERIES | FLAG_TIMESTEP_IRREGULAR | QA_REQUIRED | SCIENTIFIC_NOTATION_CONVERTED | UNIT_ASSUMED,0.0,CONFLICT_VALUE_TO_REVIEW
raw_mesures_debit_jr,19319,1215/9,f88b46fe-ff1e-4b06-916d-8f3d465562ca,1991-07-23,0.101,0.101,0.0,0.101,m3/s,m3/s,aucune,FLAG_DUPLICATE_TIMESTEP | FLAG_GAP_TIME_SERIES | FLAG_TIMESTEP_IRREGULAR | QA_REQUIRED | SCIENTIFIC_NOTATION_CONVERTED | UNIT_ASSUMED,0.0,CONFLICT_VALUE_TO_REVIEW
raw_mesures_debit_jr,19320,1215/9,f88b46fe-ff1e-4b06-916d-8f3d465562ca,1991-07-24,0.101,0.101,0.0,0.101,m3/s,m3/s,aucune,FLAG_DUPLICATE_TIMESTEP | FLAG_GAP_TIME_SERIES | FLAG_TIMESTEP_IRREGULAR | QA_REQUIRED | SCIENTIFIC_NOTATION_CONVERTED | UNIT_ASSUMED,0.0,CONFLICT_VALUE_TO_REVIEW
raw_mesures_debit_jr,19685,1215/9,f88b46fe-ff1e-4b06-916d-8f3d465562ca,1992-07-23,0.106,0.106,0.0,0.106,m3/s,m3/s,aucune,FLAG_DUPLICATE_TIMESTEP | FLAG_GAP_TIME_SERIES | FLAG_TIMESTEP_IRREGULAR | QA_REQUIRED | SCIENTIFIC_NOTATION_CONVERTED | UNIT_ASSUMED,0.0,CONFLICT_VALUE_TO_REVIEW
raw_mesures_debit_jr,20369,1215/9,f88b46fe-ff1e-4b06-916d-8f3d465562ca,1994-06-07,0.104,0.104,0.0,0.104,m3/s,m3/s,aucune,FLAG_DUPLICATE_TIMESTEP | FLAG_GAP_TIME_SERIES | FLAG_TIMESTEP_IRREGULAR | QA_REQUIRED | SCIENTIFIC_NOTATION_CONVERTED | UNIT_ASSUMED,0.0,CONFLICT_VALUE_TO_REVIEW
raw_mesures_debit_jr,22746,1215/9,f88b46fe-ff1e-4b06-916d-8f3d465562ca,2000-12-09,4.1006,4.1006,4000000.0,4.1006,m3/s,m3/s,aucune,FLAG_DUPLICATE_TIMESTEP | FLAG_GAP_TIME_SERIES | FLAG_TIMESTEP_IRREGULAR | QA_REQUIRED | SCIENTIFIC_NOTATION_CONVERTED | UNIT_ASSUMED,975467.0048285617,PARSING_SCALING_ERROR
raw_mesures_debit_jr,23367,1215/9,f88b46fe-ff1e-4b06-916d-8f3d465562ca,2002-08-22,0.108,0.108,0.0,0.108,m3/s,m3/s,aucune,FLAG_DUPLICATE_TIMESTEP | FLAG_GAP_TIME_SERIES | FLAG_TIMESTEP_IRREGULAR | QA_REQUIRED | SCIENTIFIC_NOTATION_CONVERTED | UNIT_ASSUMED,0.0,CONFLICT_VALUE_TO_REVIEW
raw_mesures_debit_jr,35618,1216/9,6f1bbf08-ce82-4dfe-ae44-6e26c9ef07e4,1995-03-07,0.105,0.105,0.0,0.105,m3/s,m3/s,aucune,FLAG_DUPLICATE_TIMESTEP | FLAG_GAP_TIME_SERIES | FLAG_TIMESTEP_IRREGULAR | QA_REQUIRED | SCIENTIFIC_NOTATION_CONVERTED | UNIT_ASSUMED,0.0,CONFLICT_VALUE_TO_REVIEW
raw_mesures_debit_jr,35652,1216/9,6f1bbf08-ce82-4dfe-ae44-6e26c9ef07e4,1995-04-10,0.108,0.108,0.0,0.108,m3/s,m3/s,aucune,FLAG_DUPLICATE_TIMESTEP | FLAG_GAP_TIME_SERIES | FLAG_TIMESTEP_IRREGULAR | QA_REQUIRED | SCIENTIFIC_NOTATION_CONVERTED | UNIT_ASSUMED,0.0,CONFLICT_VALUE_TO_REVIEW
raw_mesures_debit_jr,51426,1217/9,5776b37c-48c8-41b2-8f3d-afadac7fd12e,1995-06-17,0.106,0.106,0.0,0.106,m3/s,m3/s,aucune,FLAG_DUPLICATE_TIMESTEP | FLAG_GAP_TIME_SERIES | FLAG_TIMESTEP_IRREGULAR | QA_REQUIRED | SCIENTIFIC_NOTATION_CONVERTED | UNIT_ASSUMED,0.0,CONFLICT_VALUE_TO_REVIEW
raw_mesures_debit_jr,51427,1217/9,5776b37c-48c8-41b2-8f3d-afadac7fd12e,1995-06-18,0.101,0.101,0.0,0.101,m3/s,m3/s,aucune,FLAG_DUPLICATE_TIMESTEP | FLAG_GAP_TIME_SERIES | FLAG_TIMESTEP_IRREGULAR | QA_REQUIRED | SCIENTIFIC_NOTATION_CONVERTED | UNIT_ASSUMED,0.0,CONFLICT_VALUE_TO_REVIEW
raw_mesures_debit_jr,80773,1436/8,eecf0ca7-8e8b-45b1-b00c-ae8e75fd60ce,1967-10-23,0.106,0.106,0.0,0.106,m3/s,m3/s,aucune,FLAG_DUPLICATE_TIMESTEP | FLAG_GAP_TIME_SERIES | FLAG_TIMESTEP_IRREGULAR | QA_REQUIRED | SCIENTIFIC_NOTATION_CONVERTED | UNIT_ASSUMED,0.0,CONFLICT_VALUE_TO_REVIEW
raw_mesures_debit_jr,80778,1436/8,eecf0ca7-8e8b-45b1-b00c-ae8e75fd60ce,1967-10-28,0.107,0.107,0.0,0.107,m3/s,m3/s,aucune,FLAG_DUPLICATE_TIMESTEP | FLAG_GAP_TIME_SERIES | FLAG_TIMESTEP_IRREGULAR | QA_REQUIRED | SCIENTIFIC_NOTATION_CONVERTED | UNIT_ASSUMED,0.0,CONFLICT_VALUE_TO_REVIEW
raw_mesures_debit_jr,80779,1436/8,eecf0ca7-8e8b-45b1-b00c-ae8e75fd60ce,1967-10-29,0.106,0.106,0.0,0.106,m3/s,m3/s,aucune,FLAG_DUPLICATE_TIMESTEP | FLAG_GAP_TIME_SERIES | FLAG_TIMESTEP_IRREGULAR | QA_REQUIRED | SCIENTIFIC_NOTATION_CONVERTED | UNIT_ASSUMED,0.0,CONFLICT_VALUE_TO_REVIEW
raw_mesures_debit_jr,80780,1436/8,eecf0ca7-8e8b-45b1-b00c-ae8e75fd60ce,1967-10-30,0.106,0.106,0.0,0.106,m3/s,m3/s,aucune,FLAG_DUPLICATE_TIMESTEP | FLAG_GAP_TIME_SERIES | FLAG_TIMESTEP_IRREGULAR | QA_REQUIRED | SCIENTIFIC_NOTATION_CONVERTED | UNIT_ASSUMED,0.0,CONFLICT_VALUE_TO_REVIEW
raw_mesures_debit_jr,80781,1436/8,eecf0ca7-8e8b-45b1-b00c-ae8e75fd60ce,1967-10-31,0.106,0.106,0.0,0.106,m3/s,m3/s,aucune,FLAG_DUPLICATE_TIMESTEP | FLAG_GAP_TIME_SERIES | FLAG_TIMESTEP_IRREGULAR | QA_REQUIRED | SCIENTIFIC_NOTATION_CONVERTED | UNIT_ASSUMED,0.0,CONFLICT_VALUE_TO_REVIEW
raw_mesures_debit_jr,80782,1436/8,eecf0ca7-8e8b-45b1-b00c-ae8e75fd60ce,1967-11-01,0.106,0.106,0.0,0.106,m3/s,m3/s,aucune,FLAG_DUPLICATE_TIMESTEP | FLAG_GAP_TIME_SERIES | FLAG_TIMESTEP_IRREGULAR | QA_REQUIRED | SCIENTIFIC_NOTATION_CONVERTED | UNIT_ASSUMED,0.0,CONFLICT_VALUE_TO_REVIEW
raw_mesures_debit_jr,80783,1436/8,eecf0ca7-8e8b-45b1-b00c-ae8e75fd60ce,1967-11-02,0.102,0.102,0.0,0.102,m3/s,m3/s,aucune,FLAG_DUPLICATE_TIMESTEP | FLAG_GAP_TIME_SERIES | FLAG_TIMESTEP_IRREGULAR | QA_REQUIRED | SCIENTIFIC_NOTATION_CONVERTED | UNIT_ASSUMED,0.0,CONFLICT_VALUE_TO_REVIEW
raw_mesures_debit_jr,80998,1436/8,eecf0ca7-8e8b-45b1-b00c-ae8e75fd60ce,1968-06-04,0.104,0.104,0.0,0.104,m3/s,m3/s,aucune,FLAG_DUPLICATE_TIMESTEP | FLAG_GAP_TIME_SERIES | FLAG_TIMESTEP_IRREGULAR | QA_REQUIRED | SCIENTIFIC_NOTATION_CONVERTED | UNIT_ASSUMED,0.0,CONFLICT_VALUE_TO_REVIEW
raw_mesures_debit_jr,81016,1436/8,eecf0ca7-8e8b-45b1-b00c-ae8e75fd60ce,1968-06-22,0.107,0.107,0.0,0.107,m3/s,m3/s,aucune,FLAG_DUPLICATE_TIMESTEP | FLAG_GAP_TIME_SERIES | FLAG_TIMESTEP_IRREGULAR | QA_REQUIRED | SCIENTIFIC_NOTATION_CONVERTED | UNIT_ASSUMED,0.0,CONFLICT_VALUE_TO_REVIEW
raw_mesures_debit_jr,81442,1436/8,eecf0ca7-8e8b-45b1-b00c-ae8e75fd60ce,1969-08-22,0.105,0.105,0.0,0.105,m3/s,m3/s,aucune,FLAG_DUPLICATE_TIMESTEP | FLAG_GAP_TIME_SERIES | FLAG_TIMESTEP_IRREGULAR | QA_REQUIRED | SCIENTIFIC_NOTATION_CONVERTED | UNIT_ASSUMED,0.0,CONFLICT_VALUE_TO_REVIEW
raw_mesures_debit_jr,82293,1436/8,eecf0ca7-8e8b-45b1-b00c-ae8e75fd60ce,1971-12-21,0.107,0.107,0.0,0.107,m3/s,m3/s,aucune,FLAG_DUPLICATE_TIMESTEP | FLAG_GAP_TIME_SERIES | FLAG_TIMESTEP_IRREGULAR | QA_REQUIRED | SCIENTIFIC_NOTATION_CONVERTED | UNIT_ASSUMED,0.0,CONFLICT_VALUE_TO_REVIEW
raw_mesures_debit_jr,82294,1436/8,eecf0ca7-8e8b-45b1-b00c-ae8e75fd60ce,1971-12-22,0.105,0.105,0.0,0.105,m3/s,m3/s,aucune,FLAG_DUPLICATE_TIMESTEP | FLAG_GAP_TIME_SERIES | FLAG_TIMESTEP_IRREGULAR | QA_REQUIRED | SCIENTIFIC_NOTATION_CONVERTED | UNIT_ASSUMED,0.0,CONFLICT_VALUE_TO_REVIEW
raw_mesures_debit_jr,82295,1436/8,eecf0ca7-8e8b-45b1-b00c-ae8e75fd60ce,1971-12-23,0.105,0.105,0.0,0.105,m3/s,m3/s,aucune,FLAG_DUPLICATE_TIMESTEP | FLAG_GAP_TIME_SERIES | FLAG_TIMESTEP_IRREGULAR | QA_REQUIRED | SCIENTIFIC_NOTATION_CONVERTED | UNIT_ASSUMED,0.0,CONFLICT_VALUE_TO_REVIEW
raw_mesures_debit_jr,82296,1436/8,eecf0ca7-8e8b-45b1-b00c-ae8e75fd60ce,1971-12-24,0.105,0.105,0.0,0.105,m3/s,m3/s,aucune,FLAG_DUPLICATE_TIMESTEP | FLAG_GAP_TIME_SERIES | FLAG_TIMESTEP_IRREGULAR | QA_REQUIRED | SCIENTIFIC_NOTATION_CONVERTED | UNIT_ASSUMED,0.0,CONFLICT_VALUE_TO_REVIEW
raw_mesures_debit_jr,82297,1436/8,eecf0ca7-8e8b-45b1-b00c-ae8e75fd60ce,1971-12-25,0.105,0.105,0.0,0.105,m3/s,m3/s,aucune,FLAG_DUPLICATE_TIMESTEP | FLAG_GAP_TIME_SERIES | FLAG_TIMESTEP_IRREGULAR | QA_REQUIRED | SCIENTIFIC_NOTATION_CONVERTED | UNIT_ASSUMED,0.0,CONFLICT_VALUE_TO_REVIEW
raw_mesures_debit_jr,82298,1436/8,eecf0ca7-8e8b-45b1-b00c-ae8e75fd60ce,1971-12-26,0.105,0.105,0.0,0.105,m3/s,m3/s,aucune,FLAG_DUPLICATE_TIMESTEP | FLAG_GAP_TIME_SERIES | FLAG_TIMESTEP_IRREGULAR | QA_REQUIRED | SCIENTIFIC_NOTATION_CONVERTED | UNIT_ASSUMED,0.0,CONFLICT_VALUE_TO_REVIEW
raw_mesures_debit_jr,82299,1436/8,eecf0ca7-8e8b-45b1-b00c-ae8e75fd60ce,1971-12-27,0.108,0.108,0.0,0.108,m3/s,m3/s,aucune,FLAG_DUPLICATE_TIMESTEP | FLAG_GAP_TIME_SERIES | FLAG_TIMESTEP_IRREGULAR | QA_REQUIRED | SCIENTIFIC_NOTATION_CONVERTED | UNIT_ASSUMED,0.0,CONFLICT_VALUE_TO_REVIEW
raw_mesures_debit_jr,82668,1436/8,eecf0ca7-8e8b-45b1-b00c-ae8e75fd60ce,1972-12-30,0.105,0.105,0.0,0.105,m3/s,m3/s,aucune,FLAG_DUPLICATE_TIMESTEP | FLAG_GAP_TIME_SERIES | FLAG_TIMESTEP_IRREGULAR | QA_REQUIRED | SCIENTIFIC_NOTATION_CONVERTED | UNIT_ASSUMED,0.0,CONFLICT_VALUE_TO_REVIEW
raw_mesures_debit_jr,83563,1436/8,eecf0ca7-8e8b-45b1-b00c-ae8e75fd60ce,1975-06-13,0.103,0.103,0.0,0.103,m3/s,m3/s,aucune,FLAG_DUPLICATE_TIMESTEP | FLAG_GAP_TIME_SERIES | FLAG_TIMESTEP_IRREGULAR | QA_REQUIRED | SCIENTIFIC_NOTATION_CONVERTED | UNIT_ASSUMED,0.0,CONFLICT_VALUE_TO_REVIEW
raw_mesures_debit_jr,83764,1436/8,eecf0ca7-8e8b-45b1-b00c-ae8e75fd60ce,1975-12-31,0.104,0.104,0.0,0.104,m3/s,m3/s,aucune,FLAG_DUPLICATE_TIMESTEP | FLAG_GAP_TIME_SERIES | FLAG_TIMESTEP_IRREGULAR | QA_REQUIRED | SCIENTIFIC_NOTATION_CONVERTED | UNIT_ASSUMED,0.0,CONFLICT_VALUE_TO_REVIEW
raw_mesures_debit_jr,84089,1436/8,eecf0ca7-8e8b-45b1-b00c-ae8e75fd60ce,1976-11-20,0.106,0.106,0.0,0.106,m3/s,m3/s,aucune,FLAG_DUPLICATE_TIMESTEP | FLAG_GAP_TIME_SERIES | FLAG_TIMESTEP_IRREGULAR | QA_REQUIRED | SCIENTIFIC_NOTATION_CONVERTED | UNIT_ASSUMED,0.0,CONFLICT_VALUE_TO_REVIEW
raw_mesures_debit_jr,84090,1436/8,eecf0ca7-8e8b-45b1-b00c-ae8e75fd60ce,1976-11-21,0.105,0.105,0.0,0.105,m3/s,m3/s,aucune,FLAG_DUPLICATE_TIMESTEP | FLAG_GAP_TIME_SERIES | FLAG_TIMESTEP_IRREGULAR | QA_REQUIRED | SCIENTIFIC_NOTATION_CONVERTED | UNIT_ASSUMED,0.0,CONFLICT_VALUE_TO_REVIEW
raw_mesures_debit_jr,84091,1436/8,eecf0ca7-8e8b-45b1-b00c-ae8e75fd60ce,1976-11-22,0.105,0.105,0.0,0.105,m3/s,m3/s,aucune,FLAG_DUPLICATE_TIMESTEP | FLAG_GAP_TIME_SERIES | FLAG_TIMESTEP_IRREGULAR | QA_REQUIRED | SCIENTIFIC_NOTATION_CONVERTED | UNIT_ASSUMED,0.0,CONFLICT_VALUE_TO_REVIEW
raw_mesures_debit_jr,84092,1436/8,eecf0ca7-8e8b-45b1-b00c-ae8e75fd60ce,1976-11-23,0.105,0.105,0.0,0.105,m3/s,m3/s,aucune,FLAG_DUPLICATE_TIMESTEP | FLAG_GAP_TIME_SERIES | FLAG_TIMESTEP_IRREGULAR | QA_REQUIRED | SCIENTIFIC_NOTATION_CONVERTED | UNIT_ASSUMED,0.0,CONFLICT_VALUE_TO_REVIEW
raw_mesures_debit_jr,84093,1436/8,eecf0ca7-8e8b-45b1-b00c-ae8e75fd60ce,1976-11-24,0.105,0.105,0.0,0.105,m3/s,m3/s,aucune,FLAG_DUPLICATE_TIMESTEP | FLAG_GAP_TIME_SERIES | FLAG_TIMESTEP_IRREGULAR | QA_REQUIRED | SCIENTIFIC_NOTATION_CONVERTED | UNIT_ASSUMED,0.0,CONFLICT_VALUE_TO_REVIEW
raw_mesures_debit_jr,84094,1436/8,eecf0ca7-8e8b-45b1-b00c-ae8e75fd60ce,1976-11-25,0.105,0.105,0.0,0.105,m3/s,m3/s,aucune,FLAG_DUPLICATE_TIMESTEP | FLAG_GAP_TIME_SERIES | FLAG_TIMESTEP_IRREGULAR | QA_REQUIRED | SCIENTIFIC_NOTATION_CONVERTED | UNIT_ASSUMED,0.0,CONFLICT_VALUE_TO_REVIEW
raw_mesures_debit_jr,84095,1436/8,eecf0ca7-8e8b-45b1-b00c-ae8e75fd60ce,1976-11-26,0.105,0.105,0.0,0.105,m3/s,m3/s,aucune,FLAG_DUPLICATE_TIMESTEP | FLAG_GAP_TIME_SERIES | FLAG_TIMESTEP_IRREGULAR | QA_REQUIRED | SCIENTIFIC_NOTATION_CONVERTED | UNIT_ASSUMED,0.0,CONFLICT_VALUE_TO_REVIEW
raw_mesures_debit_jr,84096,1436/8,eecf0ca7-8e8b-45b1-b00c-ae8e75fd60ce,1976-11-27,0.105,0.105,0.0,0.105,m3/s,m3/s,aucune,FLAG_DUPLICATE_TIMESTEP | FLAG_GAP_TIME_SERIES | FLAG_TIMESTEP_IRREGULAR | QA_REQUIRED | SCIENTIFIC_NOTATION_CONVERTED | UNIT_ASSUMED,0.0,CONFLICT_VALUE_TO_REVIEW
raw_mesures_debit_jr,84097,1436/8,eecf0ca7-8e8b-45b1-b00c-ae8e75fd60ce,1976-11-28,0.105,0.105,0.0,0.105,m3/s,m3/s,aucune,FLAG_DUPLICATE_TIMESTEP | FLAG_GAP_TIME_SERIES | FLAG_TIMESTEP_IRREGULAR | QA_REQUIRED | SCIENTIFIC_NOTATION_CONVERTED | UNIT_ASSUMED,0.0,CONFLICT_VALUE_TO_REVIEW
raw_mesures_debit_jr,84098,1436/8,eecf0ca7-8e8b-45b1-b00c-ae8e75fd60ce,1976-11-29,0.105,0.105,0.0,0.105,m3/s,m3/s,aucune,FLAG_DUPLICATE_TIMESTEP | FLAG_GAP_TIME_SERIES | FLAG_TIMESTEP_IRREGULAR | QA_REQUIRED | SCIENTIFIC_NOTATION_CONVERTED | UNIT_ASSUMED,0.0,CONFLICT_VALUE_TO_REVIEW
raw_mesures_debit_jr,84099,1436/8,eecf0ca7-8e8b-45b1-b00c-ae8e75fd60ce,1976-11-30,0.105,0.105,0.0,0.105,m3/s,m3/s,aucune,FLAG_DUPLICATE_TIMESTEP | FLAG_GAP_TIME_SERIES | FLAG_TIMESTEP_IRREGULAR | QA_REQUIRED | SCIENTIFIC_NOTATION_CONVERTED | UNIT_ASSUMED,0.0,CONFLICT_VALUE_TO_REVIEW
raw_mesures_debit_jr,84100,1436/8,eecf0ca7-8e8b-45b1-b00c-ae8e75fd60ce,1976-12-01,0.105,0.105,0.0,0.105,m3/s,m3/s,aucune,FLAG_DUPLICATE_TIMESTEP | FLAG_GAP_TIME_SERIES | FLAG_TIMESTEP_IRREGULAR | QA_REQUIRED | SCIENTIFIC_NOTATION_CONVERTED | UNIT_ASSUMED,0.0,CONFLICT_VALUE_TO_REVIEW
raw_mesures_debit_jr,84101,1436/8,eecf0ca7-8e8b-45b1-b00c-ae8e75fd60ce,1976-12-02,0.106,0.106,0.0,0.106,m3/s,m3/s,aucune,FLAG_DUPLICATE_TIMESTEP | FLAG_GAP_TIME_SERIES | FLAG_TIMESTEP_IRREGULAR | QA_REQUIRED | SCIENTIFIC_NOTATION_CONVERTED | UNIT_ASSUMED,0.0,CONFLICT_VALUE_TO_REVIEW
raw_mesures_debit_jr,84455,1436/8,eecf0ca7-8e8b-45b1-b00c-ae8e75fd60ce,1977-11-21,0.109,0.109,0.0,0.109,m3/s,m3/s,aucune,FLAG_DUPLICATE_TIMESTEP | FLAG_GAP_TIME_SERIES | FLAG_TIMESTEP_IRREGULAR | QA_REQUIRED | SCIENTIFIC_NOTATION_CONVERTED | UNIT_ASSUMED,0.0,CONFLICT_VALUE_TO_REVIEW
raw_mesures_debit_jr,85030,1436/8,eecf0ca7-8e8b-45b1-b00c-ae8e75fd60ce,1979-06-19,0.102,0.102,0.0,0.102,m3/s,m3/s,aucune,FLAG_DUPLICATE_TIMESTEP | FLAG_GAP_TIME_SERIES | FLAG_TIMESTEP_IRREGULAR | QA_REQUIRED | SCIENTIFIC_NOTATION_CONVERTED | UNIT_ASSUMED,0.0,CONFLICT_VALUE_TO_REVIEW
raw_mesures_debit_jr,85155,1436/8,eecf0ca7-8e8b-45b1-b00c-ae8e75fd60ce,1979-10-22,0.105,0.105,0.0,0.105,m3/s,m3/s,aucune,FLAG_DUPLICATE_TIMESTEP | FLAG_GAP_TIME_SERIES | FLAG_TIMESTEP_IRREGULAR | QA_REQUIRED | SCIENTIFIC_NOTATION_CONVERTED | UNIT_ASSUMED,0.0,CONFLICT_VALUE_TO_REVIEW
raw_mesures_debit_jr,85168,1436/8,eecf0ca7-8e8b-45b1-b00c-ae8e75fd60ce,1979-11-04,0.106,0.106,0.0,0.106,m3/s,m3/s,aucune,FLAG_DUPLICATE_TIMESTEP | FLAG_GAP_TIME_SERIES | FLAG_TIMESTEP_IRREGULAR | QA_REQUIRED | SCIENTIFIC_NOTATION_CONVERTED | UNIT_ASSUMED,0.0,CONFLICT_VALUE_TO_REVIEW
raw_mesures_debit_jr,85197,1436/8,eecf0ca7-8e8b-45b1-b00c-ae8e75fd60ce,1979-12-03,0.109,0.109,0.0,0.109,m3/s,m3/s,aucune,FLAG_DUPLICATE_TIMESTEP | FLAG_GAP_TIME_SERIES | FLAG_TIMESTEP_IRREGULAR | QA_REQUIRED | SCIENTIFIC_NOTATION_CONVERTED | UNIT_ASSUMED,0.0,CONFLICT_VALUE_TO_REVIEW
raw_mesures_debit_jr,85219,1436/8,eecf0ca7-8e8b-45b1-b00c-ae8e75fd60ce,1979-12-25,0.108,0.108,0.0,0.108,m3/s,m3/s,aucune,FLAG_DUPLICATE_TIMESTEP | FLAG_GAP_TIME_SERIES | FLAG_TIMESTEP_IRREGULAR | QA_REQUIRED | SCIENTIFIC_NOTATION_CONVERTED | UNIT_ASSUMED,0.0,CONFLICT_VALUE_TO_REVIEW
raw_mesures_debit_jr,85547,1436/8,eecf0ca7-8e8b-45b1-b00c-ae8e75fd60ce,1980-11-17,0.109,0.109,0.0,0.109,m3/s,m3/s,aucune,FLAG_DUPLICATE_TIMESTEP | FLAG_GAP_TIME_SERIES | FLAG_TIMESTEP_IRREGULAR | QA_REQUIRED | SCIENTIFIC_NOTATION_CONVERTED | UNIT_ASSUMED,0.0,CONFLICT_VALUE_TO_REVIEW
raw_mesures_debit_jr,85735,1436/8,eecf0ca7-8e8b-45b1-b00c-ae8e75fd60ce,1981-05-24,0.105,0.105,0.0,0.105,m3/s,m3/s,aucune,FLAG_DUPLICATE_TIMESTEP | FLAG_GAP_TIME_SERIES | FLAG_TIMESTEP_IRREGULAR | QA_REQUIRED | SCIENTIFIC_NOTATION_CONVERTED | UNIT_ASSUMED,0.0,CONFLICT_VALUE_TO_REVIEW
raw_mesures_debit_jr,85993,1436/8,eecf0ca7-8e8b-45b1-b00c-ae8e75fd60ce,1982-02-06,0.105,0.105,0.0,0.105,m3/s,m3/s,aucune,FLAG_DUPLICATE_TIMESTEP | FLAG_GAP_TIME_SERIES | FLAG_TIMESTEP_IRREGULAR | QA_REQUIRED | SCIENTIFIC_NOTATION_CONVERTED | UNIT_ASSUMED,0.0,CONFLICT_VALUE_TO_REVIEW
raw_mesures_debit_jr,86272,1436/8,eecf0ca7-8e8b-45b1-b00c-ae8e75fd60ce,1982-11-12,0.104,0.104,0.0,0.104,m3/s,m3/s,aucune,FLAG_DUPLICATE_TIMESTEP | FLAG_GAP_TIME_SERIES | FLAG_TIMESTEP_IRREGULAR | QA_REQUIRED | SCIENTIFIC_NOTATION_CONVERTED | UNIT_ASSUMED,0.0,CONFLICT_VALUE_TO_REVIEW
raw_mesures_debit_jr,86724,1436/8,eecf0ca7-8e8b-45b1-b00c-ae8e75fd60ce,1984-02-07,0.109,0.109,0.0,0.109,m3/s,m3/s,aucune,FLAG_DUPLICATE_TIMESTEP | FLAG_GAP_TIME_SERIES | FLAG_TIMESTEP_IRREGULAR | QA_REQUIRED | SCIENTIFIC_NOTATION_CONVERTED | UNIT_ASSUMED,0.0,CONFLICT_VALUE_TO_REVIEW
raw_mesures_debit_jr,87439,1436/8,eecf0ca7-8e8b-45b1-b00c-ae8e75fd60ce,1986-01-22,0.109,0.109,0.0,0.109,m3/s,m3/s,aucune,FLAG_DUPLICATE_TIMESTEP | FLAG_GAP_TIME_SERIES | FLAG_TIMESTEP_IRREGULAR | QA_REQUIRED | SCIENTIFIC_NOTATION_CONVERTED | UNIT_ASSUMED,0.0,CONFLICT_VALUE_TO_REVIEW
raw_mesures_debit_jr,87549,1436/8,eecf0ca7-8e8b-45b1-b00c-ae8e75fd60ce,1986-05-12,0.105,0.105,0.0,0.105,m3/s,m3/s,aucune,FLAG_DUPLICATE_TIMESTEP | FLAG_GAP_TIME_SERIES | FLAG_TIMESTEP_IRREGULAR | QA_REQUIRED | SCIENTIFIC_NOTATION_CONVERTED | UNIT_ASSUMED,0.0,CONFLICT_VALUE_TO_REVIEW
raw_mesures_debit_jr,87801,1436/8,eecf0ca7-8e8b-45b1-b00c-ae8e75fd60ce,1987-01-19,0.105,0.105,0.0,0.105,m3/s,m3/s,aucune,FLAG_DUPLICATE_TIMESTEP | FLAG_GAP_TIME_SERIES | FLAG_TIMESTEP_IRREGULAR | QA_REQUIRED | SCIENTIFIC_NOTATION_CONVERTED | UNIT_ASSUMED,0.0,CONFLICT_VALUE_TO_REVIEW
raw_mesures_debit_jr,87811,1436/8,eecf0ca7-8e8b-45b1-b00c-ae8e75fd60ce,1987-01-29,0.107,0.107,0.0,0.107,m3/s,m3/s,aucune,FLAG_DUPLICATE_TIMESTEP | FLAG_GAP_TIME_SERIES | FLAG_TIMESTEP_IRREGULAR | QA_REQUIRED | SCIENTIFIC_NOTATION_CONVERTED | UNIT_ASSUMED,0.0,CONFLICT_VALUE_TO_REVIEW
raw_mesures_debit_jr,87898,1436/8,eecf0ca7-8e8b-45b1-b00c-ae8e75fd60ce,1987-04-26,0.109,0.109,0.0,0.109,m3/s,m3/s,aucune,FLAG_DUPLICATE_TIMESTEP | FLAG_GAP_TIME_SERIES | FLAG_TIMESTEP_IRREGULAR | QA_REQUIRED | SCIENTIFIC_NOTATION_CONVERTED | UNIT_ASSUMED,0.0,CONFLICT_VALUE_TO_REVIEW
raw_mesures_debit_jr,88291,1436/8,eecf0ca7-8e8b-45b1-b00c-ae8e75fd60ce,1988-05-23,0.109,0.109,0.0,0.109,m3/s,m3/s,aucune,FLAG_DUPLICATE_TIMESTEP | FLAG_GAP_TIME_SERIES | FLAG_TIMESTEP_IRREGULAR | QA_REQUIRED | SCIENTIFIC_NOTATION_CONVERTED | UNIT_ASSUMED,0.0,CONFLICT_VALUE_TO_REVIEW
raw_mesures_debit_jr,88496,1436/8,eecf0ca7-8e8b-45b1-b00c-ae8e75fd60ce,1988-12-14,0.102,0.102,0.0,0.102,m3/s,m3/s,aucune,FLAG_DUPLICATE_TIMESTEP | FLAG_GAP_TIME_SERIES | FLAG_TIMESTEP_IRREGULAR | QA_REQUIRED | SCIENTIFIC_NOTATION_CONVERTED | UNIT_ASSUMED,0.0,CONFLICT_VALUE_TO_REVIEW
raw_mesures_debit_jr,89621,1436/8,eecf0ca7-8e8b-45b1-b00c-ae8e75fd60ce,1992-01-13,0.101,0.101,0.0,0.101,m3/s,m3/s,aucune,FLAG_DUPLICATE_TIMESTEP | FLAG_GAP_TIME_SERIES | FLAG_TIMESTEP_IRREGULAR | QA_REQUIRED | SCIENTIFIC_NOTATION_CONVERTED | UNIT_ASSUMED,0.0,CONFLICT_VALUE_TO_REVIEW
raw_mesures_debit_jr,89949,1436/8,eecf0ca7-8e8b-45b1-b00c-ae8e75fd60ce,1992-12-06,0.103,0.103,0.0,0.103,m3/s,m3/s,aucune,FLAG_DUPLICATE_TIMESTEP | FLAG_GAP_TIME_SERIES | FLAG_TIMESTEP_IRREGULAR | QA_REQUIRED | SCIENTIFIC_NOTATION_CONVERTED | UNIT_ASSUMED,0.0,CONFLICT_VALUE_TO_REVIEW
raw_mesures_debit_jr,114987,1540/15,b647955a-e26d-4564-8509-25cb40ef1404,1995-06-25,0.101,0.101,0.0,0.101,m3/s,m3/s,aucune,FLAG_DUPLICATE_TIMESTEP | FLAG_GAP_TIME_SERIES | FLAG_TIMESTEP_IRREGULAR | QA_REQUIRED | SCIENTIFIC_NOTATION_CONVERTED | UNIT_ASSUMED,0.0,CONFLICT_VALUE_TO_REVIEW
raw_mesures_debit_jr,114995,1540/15,b647955a-e26d-4564-8509-25cb40ef1404,1995-07-03,0.109,0.109,0.0,0.109,m3/s,m3/s,aucune,FLAG_DUPLICATE_TIMESTEP | FLAG_GAP_TIME_SERIES | FLAG_TIMESTEP_IRREGULAR | QA_REQUIRED | SCIENTIFIC_NOTATION_CONVERTED | UNIT_ASSUMED,0.0,CONFLICT_VALUE_TO_REVIEW
raw_mesures_debit_jr,126333,1541/15,d098a56d-7e97-453f-b1c0-32305b595087,1988-07-17,25.100011,25.100011,2500000000000.0,25.100011,m3/s,m3/s,aucune,FLAG_DUPLICATE_TIMESTEP | FLAG_GAP_TIME_SERIES | FLAG_TIMESTEP_IRREGULAR | QA_REQUIRED | SCIENTIFIC_NOTATION_CONVERTED | UNIT_ASSUMED,99601549975.41635,PARSING_SCALING_ERROR
raw_mesures_debit_jr,139586,1545/8,d65b42a0-4871-4582-9950-1465e53adaaa,1967-10-29,0.105,0.105,0.0,0.105,m3/s,m3/s,aucune,FLAG_DUPLICATE_TIMESTEP | FLAG_GAP_TIME_SERIES | FLAG_TIMESTEP_IRREGULAR | QA_REQUIRED | SCIENTIFIC_NOTATION_CONVERTED | UNIT_ASSUMED,0.0,CONFLICT_VALUE_TO_REVIEW
raw_mesures_debit_jr,139592,1545/8,d65b42a0-4871-4582-9950-1465e53adaaa,1967-11-04,0.102,0.102,0.0,0.102,m3/s,m3/s,aucune,FLAG_DUPLICATE_TIMESTEP | FLAG_GAP_TIME_SERIES | FLAG_TIMESTEP_IRREGULAR | QA_REQUIRED | SCIENTIFIC_NOTATION_CONVERTED | UNIT_ASSUMED,0.0,CONFLICT_VALUE_TO_REVIEW
raw_mesures_debit_jr,139613,1545/8,d65b42a0-4871-4582-9950-1465e53adaaa,1967-11-25,0.109,0.109,0.0,0.109,m3/s,m3/s,aucune,FLAG_DUPLICATE_TIMESTEP | FLAG_GAP_TIME_SERIES | FLAG_TIMESTEP_IRREGULAR | QA_REQUIRED | SCIENTIFIC_NOTATION_CONVERTED | UNIT_ASSUMED,0.0,CONFLICT_VALUE_TO_REVIEW
raw_mesures_debit_jr,139617,1545/8,d65b42a0-4871-4582-9950-1465e53adaaa,1967-11-29,0.106,0.106,0.0,0.106,m3/s,m3/s,aucune,FLAG_DUPLICATE_TIMESTEP | FLAG_GAP_TIME_SERIES | FLAG_TIMESTEP_IRREGULAR | QA_REQUIRED | SCIENTIFIC_NOTATION_CONVERTED | UNIT_ASSUMED,0.0,CONFLICT_VALUE_TO_REVIEW
raw_mesures_debit_jr,139624,1545/8,d65b42a0-4871-4582-9950-1465e53adaaa,1967-12-06,0.104,0.104,0.0,0.104,m3/s,m3/s,aucune,FLAG_DUPLICATE_TIMESTEP | FLAG_GAP_TIME_SERIES | FLAG_TIMESTEP_IRREGULAR | QA_REQUIRED | SCIENTIFIC_NOTATION_CONVERTED | UNIT_ASSUMED,0.0,CONFLICT_VALUE_TO_REVIEW
raw_mesures_debit_jr,139625,1545/8,d65b42a0-4871-4582-9950-1465e53adaaa,1967-12-07,0.104,0.104,0.0,0.104,m3/s,m3/s,aucune,FLAG_DUPLICATE_TIMESTEP | FLAG_GAP_TIME_SERIES | FLAG_TIMESTEP_IRREGULAR | QA_REQUIRED | SCIENTIFIC_NOTATION_CONVERTED | UNIT_ASSUMED,0.0,CONFLICT_VALUE_TO_REVIEW
raw_mesures_debit_jr,139626,1545/8,d65b42a0-4871-4582-9950-1465e53adaaa,1967-12-08,0.104,0.104,0.0,0.104,m3/s,m3/s,aucune,FLAG_DUPLICATE_TIMESTEP | FLAG_GAP_TIME_SERIES | FLAG_TIMESTEP_IRREGULAR | QA_REQUIRED | SCIENTIFIC_NOTATION_CONVERTED | UNIT_ASSUMED,0.0,CONFLICT_VALUE_TO_REVIEW
raw_mesures_debit_jr,139641,1545/8,d65b42a0-4871-4582-9950-1465e53adaaa,1967-12-23,0.107,0.107,0.0,0.107,m3/s,m3/s,aucune,FLAG_DUPLICATE_TIMESTEP | FLAG_GAP_TIME_SERIES | FLAG_TIMESTEP_IRREGULAR | QA_REQUIRED | SCIENTIFIC_NOTATION_CONVERTED | UNIT_ASSUMED,0.0,CONFLICT_VALUE_TO_REVIEW
raw_mesures_debit_jr,139655,1545/8,d65b42a0-4871-4582-9950-1465e53adaaa,1968-01-06,0.108,0.108,0.0,0.108,m3/s,m3/s,aucune,FLAG_DUPLICATE_TIMESTEP | FLAG_GAP_TIME_SERIES | FLAG_TIMESTEP_IRREGULAR | QA_REQUIRED | SCIENTIFIC_NOTATION_CONVERTED | UNIT_ASSUMED,0.0,CONFLICT_VALUE_TO_REVIEW
raw_mesures_debit_jr,139657,1545/8,d65b42a0-4871-4582-9950-1465e53adaaa,1968-01-08,0.109,0.109,0.0,0.109,m3/s,m3/s,aucune,FLAG_DUPLICATE_TIMESTEP | FLAG_GAP_TIME_SERIES | FLAG_TIMESTEP_IRREGULAR | QA_REQUIRED | SCIENTIFIC_NOTATION_CONVERTED | UNIT_ASSUMED,0.0,CONFLICT_VALUE_TO_REVIEW
raw_mesures_debit_jr,139665,1545/8,d65b42a0-4871-4582-9950-1465e53adaaa,1968-01-16,0.104,0.104,0.0,0.104,m3/s,m3/s,aucune,FLAG_DUPLICATE_TIMESTEP | FLAG_GAP_TIME_SERIES | FLAG_TIMESTEP_IRREGULAR | QA_REQUIRED | SCIENTIFIC_NOTATION_CONVERTED | UNIT_ASSUMED,0.0,CONFLICT_VALUE_TO_REVIEW
raw_mesures_debit_jr,139666,1545/8,d65b42a0-4871-4582-9950-1465e53adaaa,1968-01-17,0.105,0.105,0.0,0.105,m3/s,m3/s,aucune,FLAG_DUPLICATE_TIMESTEP | FLAG_GAP_TIME_SERIES | FLAG_TIMESTEP_IRREGULAR | QA_REQUIRED | SCIENTIFIC_NOTATION_CONVERTED | UNIT_ASSUMED,0.0,CONFLICT_VALUE_TO_REVIEW
raw_mesures_debit_jr,139667,1545/8,d65b42a0-4871-4582-9950-1465e53adaaa,1968-01-18,0.109,0.109,0.0,0.109,m3/s,m3/s,aucune,FLAG_DUPLICATE_TIMESTEP | FLAG_GAP_TIME_SERIES | FLAG_TIMESTEP_IRREGULAR | QA_REQUIRED | SCIENTIFIC_NOTATION_CONVERTED | UNIT_ASSUMED,0.0,CONFLICT_VALUE_TO_REVIEW
raw_mesures_debit_jr,139668,1545/8,d65b42a0-4871-4582-9950-1465e53adaaa,1968-01-19,0.109,0.109,0.0,0.109,m3/s,m3/s,aucune,FLAG_DUPLICATE_TIMESTEP | FLAG_GAP_TIME_SERIES | FLAG_TIMESTEP_IRREGULAR | QA_REQUIRED | SCIENTIFIC_NOTATION_CONVERTED | UNIT_ASSUMED,0.0,CONFLICT_VALUE_TO_REVIEW
raw_mesures_debit_jr,139669,1545/8,d65b42a0-4871-4582-9950-1465e53adaaa,1968-01-20,0.108,0.108,0.0,0.108,m3/s,m3/s,aucune,FLAG_DUPLICATE_TIMESTEP | FLAG_GAP_TIME_SERIES | FLAG_TIMESTEP_IRREGULAR | QA_REQUIRED | SCIENTIFIC_NOTATION_CONVERTED | UNIT_ASSUMED,0.0,CONFLICT_VALUE_TO_REVIEW
raw_mesures_debit_jr,139670,1545/8,d65b42a0-4871-4582-9950-1465e53adaaa,1968-01-21,0.105,0.105,0.0,0.105,m3/s,m3/s,aucune,FLAG_DUPLICATE_TIMESTEP | FLAG_GAP_TIME_SERIES | FLAG_TIMESTEP_IRREGULAR | QA_REQUIRED | SCIENTIFIC_NOTATION_CONVERTED | UNIT_ASSUMED,0.0,CONFLICT_VALUE_TO_REVIEW
raw_mesures_debit_jr,139674,1545/8,d65b42a0-4871-4582-9950-1465e53adaaa,1968-01-25,0.107,0.107,0.0,0.107,m3/s,m3/s,aucune,FLAG_DUPLICATE_TIMESTEP | FLAG_GAP_TIME_SERIES | FLAG_TIMESTEP_IRREGULAR | QA_REQUIRED | SCIENTIFIC_NOTATION_CONVERTED | UNIT_ASSUMED,0.0,CONFLICT_VALUE_TO_REVIEW
raw_mesures_debit_jr,139684,1545/8,d65b42a0-4871-4582-9950-1465e53adaaa,1968-02-04,0.109,0.109,0.0,0.109,m3/s,m3/s,aucune,FLAG_DUPLICATE_TIMESTEP | FLAG_GAP_TIME_SERIES | FLAG_TIMESTEP_IRREGULAR | QA_REQUIRED | SCIENTIFIC_NOTATION_CONVERTED | UNIT_ASSUMED,0.0,CONFLICT_VALUE_TO_REVIEW
raw_mesures_debit_jr,139830,1545/8,d65b42a0-4871-4582-9950-1465e53adaaa,1968-06-29,0.103,0.103,0.0,0.103,m3/s,m3/s,aucune,FLAG_DUPLICATE_TIMESTEP | FLAG_GAP_TIME_SERIES | FLAG_TIMESTEP_IRREGULAR | QA_REQUIRED | SCIENTIFIC_NOTATION_CONVERTED | UNIT_ASSUMED,0.0,CONFLICT_VALUE_TO_REVIEW
raw_mesures_debit_jr,139955,1545/8,d65b42a0-4871-4582-9950-1465e53adaaa,1968-11-01,0.108,0.108,0.0,0.108,m3/s,m3/s,aucune,FLAG_DUPLICATE_TIMESTEP | FLAG_GAP_TIME_SERIES | FLAG_TIMESTEP_IRREGULAR | QA_REQUIRED | SCIENTIFIC_NOTATION_CONVERTED | UNIT_ASSUMED,0.0,CONFLICT_VALUE_TO_REVIEW
raw_mesures_debit_jr,139966,1545/8,d65b42a0-4871-4582-9950-1465e53adaaa,1968-11-12,0.109,0.109,0.0,0.109,m3/s,m3/s,aucune,FLAG_DUPLICATE_TIMESTEP | FLAG_GAP_TIME_SERIES | FLAG_TIMESTEP_IRREGULAR | QA_REQUIRED | SCIENTIFIC_NOTATION_CONVERTED | UNIT_ASSUMED,0.0,CONFLICT_VALUE_TO_REVIEW
raw_mesures_debit_jr,139978,1545/8,d65b42a0-4871-4582-9950-1465e53adaaa,1968-11-24,0.103,0.103,0.0,0.103,m3/s,m3/s,aucune,FLAG_DUPLICATE_TIMESTEP | FLAG_GAP_TIME_SERIES | FLAG_TIMESTEP_IRREGULAR | QA_REQUIRED | SCIENTIFIC_NOTATION_CONVERTED | UNIT_ASSUMED,0.0,CONFLICT_VALUE_TO_REVIEW
raw_mesures_debit_jr,140196,1545/8,d65b42a0-4871-4582-9950-1465e53adaaa,1969-06-30,0.108,0.108,0.0,0.108,m3/s,m3/s,aucune,FLAG_DUPLICATE_TIMESTEP | FLAG_GAP_TIME_SERIES | FLAG_TIMESTEP_IRREGULAR | QA_REQUIRED | SCIENTIFIC_NOTATION_CONVERTED | UNIT_ASSUMED,0.0,CONFLICT_VALUE_TO_REVIEW
raw_mesures_debit_jr,140197,1545/8,d65b42a0-4871-4582-9950-1465e53adaaa,1969-07-01,0.106,0.106,0.0,0.106,m3/s,m3/s,aucune,FLAG_DUPLICATE_TIMESTEP | FLAG_GAP_TIME_SERIES | FLAG_TIMESTEP_IRREGULAR | QA_REQUIRED | SCIENTIFIC_NOTATION_CONVERTED | UNIT_ASSUMED,0.0,CONFLICT_VALUE_TO_REVIEW
raw_mesures_debit_jr,140202,1545/8,d65b42a0-4871-4582-9950-1465e53adaaa,1969-07-06,0.105,0.105,0.0,0.105,m3/s,m3/s,aucune,FLAG_DUPLICATE_TIMESTEP | FLAG_GAP_TIME_SERIES | FLAG_TIMESTEP_IRREGULAR | QA_REQUIRED | SCIENTIFIC_NOTATION_CONVERTED | UNIT_ASSUMED,0.0,CONFLICT_VALUE_TO_REVIEW
raw_mesures_debit_jr,140205,1545/8,d65b42a0-4871-4582-9950-1465e53adaaa,1969-07-09,0.109,0.109,0.0,0.109,m3/s,m3/s,aucune,FLAG_DUPLICATE_TIMESTEP | FLAG_GAP_TIME_SERIES | FLAG_TIMESTEP_IRREGULAR | QA_REQUIRED | SCIENTIFIC_NOTATION_CONVERTED | UNIT_ASSUMED,0.0,CONFLICT_VALUE_TO_REVIEW
raw_mesures_debit_jr,140206,1545/8,d65b42a0-4871-4582-9950-1465e53adaaa,1969-07-10,0.101,0.101,0.0,0.101,m3/s,m3/s,aucune,FLAG_DUPLICATE_TIMESTEP | FLAG_GAP_TIME_SERIES | FLAG_TIMESTEP_IRREGULAR | QA_REQUIRED | SCIENTIFIC_NOTATION_CONVERTED | UNIT_ASSUMED,0.0,CONFLICT_VALUE_TO_REVIEW
raw_mesures_debit_jr,140275,1545/8,d65b42a0-4871-4582-9950-1465e53adaaa,1969-09-17,0.101,0.101,0.0,0.101,m3/s,m3/s,aucune,FLAG_DUPLICATE_TIMESTEP | FLAG_GAP_TIME_SERIES | FLAG_TIMESTEP_IRREGULAR | QA_REQUIRED | SCIENTIFIC_NOTATION_CONVERTED | UNIT_ASSUMED,0.0,CONFLICT_VALUE_TO_REVIEW
raw_mesures_debit_jr,140523,1545/8,d65b42a0-4871-4582-9950-1465e53adaaa,1970-05-23,0.105,0.105,0.0,0.105,m3/s,m3/s,aucune,FLAG_DUPLICATE_TIMESTEP | FLAG_GAP_TIME_SERIES | FLAG_TIMESTEP_IRREGULAR | QA_REQUIRED | SCIENTIFIC_NOTATION_CONVERTED | UNIT_ASSUMED,0.0,CONFLICT_VALUE_TO_REVIEW
raw_mesures_debit_jr,140937,1545/8,d65b42a0-4871-4582-9950-1465e53adaaa,1971-07-11,0.107,0.107,0.0,0.107,m3/s,m3/s,aucune,FLAG_DUPLICATE_TIMESTEP | FLAG_GAP_TIME_SERIES | FLAG_TIMESTEP_IRREGULAR | QA_REQUIRED | SCIENTIFIC_NOTATION_CONVERTED | UNIT_ASSUMED,0.0,CONFLICT_VALUE_TO_REVIEW
raw_mesures_debit_jr,141057,1545/8,d65b42a0-4871-4582-9950-1465e53adaaa,1971-11-08,0.102,0.102,0.0,0.102,m3/s,m3/s,aucune,FLAG_DUPLICATE_TIMESTEP | FLAG_GAP_TIME_SERIES | FLAG_TIMESTEP_IRREGULAR | QA_REQUIRED | SCIENTIFIC_NOTATION_CONVERTED | UNIT_ASSUMED,0.0,CONFLICT_VALUE_TO_REVIEW
raw_mesures_debit_jr,141077,1545/8,d65b42a0-4871-4582-9950-1465e53adaaa,1971-11-28,0.103,0.103,0.0,0.103,m3/s,m3/s,aucune,FLAG_DUPLICATE_TIMESTEP | FLAG_GAP_TIME_SERIES | FLAG_TIMESTEP_IRREGULAR | QA_REQUIRED | SCIENTIFIC_NOTATION_CONVERTED | UNIT_ASSUMED,0.0,CONFLICT_VALUE_TO_REVIEW
raw_mesures_debit_jr,141078,1545/8,d65b42a0-4871-4582-9950-1465e53adaaa,1971-11-29,0.107,0.107,0.0,0.107,m3/s,m3/s,aucune,FLAG_DUPLICATE_TIMESTEP | FLAG_GAP_TIME_SERIES | FLAG_TIMESTEP_IRREGULAR | QA_REQUIRED | SCIENTIFIC_NOTATION_CONVERTED | UNIT_ASSUMED,0.0,CONFLICT_VALUE_TO_REVIEW
raw_mesures_debit_jr,141080,1545/8,d65b42a0-4871-4582-9950-1465e53adaaa,1971-12-01,0.103,0.103,0.0,0.103,m3/s,m3/s,aucune,FLAG_DUPLICATE_TIMESTEP | FLAG_GAP_TIME_SERIES | FLAG_TIMESTEP_IRREGULAR | QA_REQUIRED | SCIENTIFIC_NOTATION_CONVERTED | UNIT_ASSUMED,0.0,CONFLICT_VALUE_TO_REVIEW
raw_mesures_debit_jr,141082,1545/8,d65b42a0-4871-4582-9950-1465e53adaaa,1971-12-03,0.102,0.102,0.0,0.102,m3/s,m3/s,aucune,FLAG_DUPLICATE_TIMESTEP | FLAG_GAP_TIME_SERIES | FLAG_TIMESTEP_IRREGULAR | QA_REQUIRED | SCIENTIFIC_NOTATION_CONVERTED | UNIT_ASSUMED,0.0,CONFLICT_VALUE_TO_REVIEW
raw_mesures_debit_jr,141290,1545/8,d65b42a0-4871-4582-9950-1465e53adaaa,1972-06-28,0.106,0.106,0.0,0.106,m3/s,m3/s,aucune,FLAG_DUPLICATE_TIMESTEP | FLAG_GAP_TIME_SERIES | FLAG_TIMESTEP_IRREGULAR | QA_REQUIRED | SCIENTIFIC_NOTATION_CONVERTED | UNIT_ASSUMED,0.0,CONFLICT_VALUE_TO_REVIEW
raw_mesures_debit_jr,141401,1545/8,d65b42a0-4871-4582-9950-1465e53adaaa,1972-10-17,0.107,0.107,0.0,0.107,m3/s,m3/s,aucune,FLAG_DUPLICATE_TIMESTEP | FLAG_GAP_TIME_SERIES | FLAG_TIMESTEP_IRREGULAR | QA_REQUIRED | SCIENTIFIC_NOTATION_CONVERTED | UNIT_ASSUMED,0.0,CONFLICT_VALUE_TO_REVIEW
raw_mesures_debit_jr,141418,1545/8,d65b42a0-4871-4582-9950-1465e53adaaa,1972-11-03,0.101,0.101,0.0,0.101,m3/s,m3/s,aucune,FLAG_DUPLICATE_TIMESTEP | FLAG_GAP_TIME_SERIES | FLAG_TIMESTEP_IRREGULAR | QA_REQUIRED | SCIENTIFIC_NOTATION_CONVERTED | UNIT_ASSUMED,0.0,CONFLICT_VALUE_TO_REVIEW
raw_mesures_debit_jr,141423,1545/8,d65b42a0-4871-4582-9950-1465e53adaaa,1972-11-08,0.109,0.109,0.0,0.109,m3/s,m3/s,aucune,FLAG_DUPLICATE_TIMESTEP | FLAG_GAP_TIME_SERIES | FLAG_TIMESTEP_IRREGULAR | QA_REQUIRED | SCIENTIFIC_NOTATION_CONVERTED | UNIT_ASSUMED,0.0,CONFLICT_VALUE_TO_REVIEW
raw_mesures_debit_jr,141424,1545/8,d65b42a0-4871-4582-9950-1465e53adaaa,1972-11-09,0.104,0.104,0.0,0.104,m3/s,m3/s,aucune,FLAG_DUPLICATE_TIMESTEP | FLAG_GAP_TIME_SERIES | FLAG_TIMESTEP_IRREGULAR | QA_REQUIRED | SCIENTIFIC_NOTATION_CONVERTED | UNIT_ASSUMED,0.0,CONFLICT_VALUE_TO_REVIEW
raw_mesures_debit_jr,141456,1545/8,d65b42a0-4871-4582-9950-1465e53adaaa,1972-12-11,0.109,0.109,0.0,0.109,m3/s,m3/s,aucune,FLAG_DUPLICATE_TIMESTEP | FLAG_GAP_TIME_SERIES | FLAG_TIMESTEP_IRREGULAR | QA_REQUIRED | SCIENTIFIC_NOTATION_CONVERTED | UNIT_ASSUMED,0.0,CONFLICT_VALUE_TO_REVIEW
raw_mesures_debit_jr,141457,1545/8,d65b42a0-4871-4582-9950-1465e53adaaa,1972-12-12,0.107,0.107,0.0,0.107,m3/s,m3/s,aucune,FLAG_DUPLICATE_TIMESTEP | FLAG_GAP_TIME_SERIES | FLAG_TIMESTEP_IRREGULAR | QA_REQUIRED | SCIENTIFIC_NOTATION_CONVERTED | UNIT_ASSUMED,0.0,CONFLICT_VALUE_TO_REVIEW
raw_mesures_debit_jr,141458,1545/8,d65b42a0-4871-4582-9950-1465e53adaaa,1972-12-13,0.104,0.104,0.0,0.104,m3/s,m3/s,aucune,FLAG_DUPLICATE_TIMESTEP | FLAG_GAP_TIME_SERIES | FLAG_TIMESTEP_IRREGULAR | QA_REQUIRED | SCIENTIFIC_NOTATION_CONVERTED | UNIT_ASSUMED,0.0,CONFLICT_VALUE_TO_REVIEW
raw_mesures_debit_jr,141459,1545/8,d65b42a0-4871-4582-9950-1465e53adaaa,1972-12-14,0.102,0.102,0.0,0.102,m3/s,m3/s,aucune,FLAG_DUPLICATE_TIMESTEP | FLAG_GAP_TIME_SERIES | FLAG_TIMESTEP_IRREGULAR | QA_REQUIRED | SCIENTIFIC_NOTATION_CONVERTED | UNIT_ASSUMED,0.0,CONFLICT_VALUE_TO_REVIEW
raw_mesures_debit_jr,141469,1545/8,d65b42a0-4871-4582-9950-1465e53adaaa,1972-12-24,0.103,0.103,0.0,0.103,m3/s,m3/s,aucune,FLAG_DUPLICATE_TIMESTEP | FLAG_GAP_TIME_SERIES | FLAG_TIMESTEP_IRREGULAR | QA_REQUIRED | SCIENTIFIC_NOTATION_CONVERTED | UNIT_ASSUMED,0.0,CONFLICT_VALUE_TO_REVIEW
raw_mesures_debit_jr,141470,1545/8,d65b42a0-4871-4582-9950-1465e53adaaa,1972-12-25,0.106,0.106,0.0,0.106,m3/s,m3/s,aucune,FLAG_DUPLICATE_TIMESTEP | FLAG_GAP_TIME_SERIES | FLAG_TIMESTEP_IRREGULAR | QA_REQUIRED | SCIENTIFIC_NOTATION_CONVERTED | UNIT_ASSUMED,0.0,CONFLICT_VALUE_TO_REVIEW
raw_mesures_debit_jr,141581,1545/8,d65b42a0-4871-4582-9950-1465e53adaaa,1973-04-15,0.104,0.104,0.0,0.104,m3/s,m3/s,aucune,FLAG_DUPLICATE_TIMESTEP | FLAG_GAP_TIME_SERIES | FLAG_TIMESTEP_IRREGULAR | QA_REQUIRED | SCIENTIFIC_NOTATION_CONVERTED | UNIT_ASSUMED,0.0,CONFLICT_VALUE_TO_REVIEW
raw_mesures_debit_jr,141586,1545/8,d65b42a0-4871-4582-9950-1465e53adaaa,1973-04-20,0.104,0.104,0.0,0.104,m3/s,m3/s,aucune,FLAG_DUPLICATE_TIMESTEP | FLAG_GAP_TIME_SERIES | FLAG_TIMESTEP_IRREGULAR | QA_REQUIRED | SCIENTIFIC_NOTATION_CONVERTED | UNIT_ASSUMED,0.0,CONFLICT_VALUE_TO_REVIEW
raw_mesures_debit_jr,141587,1545/8,d65b42a0-4871-4582-9950-1465e53adaaa,1973-04-21,0.108,0.108,0.0,0.108,m3/s,m3/s,aucune,FLAG_DUPLICATE_TIMESTEP | FLAG_GAP_TIME_SERIES | FLAG_TIMESTEP_IRREGULAR | QA_REQUIRED | SCIENTIFIC_NOTATION_CONVERTED | UNIT_ASSUMED,0.0,CONFLICT_VALUE_TO_REVIEW
raw_mesures_debit_jr,141588,1545/8,d65b42a0-4871-4582-9950-1465e53adaaa,1973-04-22,0.104,0.104,0.0,0.104,m3/s,m3/s,aucune,FLAG_DUPLICATE_TIMESTEP | FLAG_GAP_TIME_SERIES | FLAG_TIMESTEP_IRREGULAR | QA_REQUIRED | SCIENTIFIC_NOTATION_CONVERTED | UNIT_ASSUMED,0.0,CONFLICT_VALUE_TO_REVIEW
raw_mesures_debit_jr,141789,1545/8,d65b42a0-4871-4582-9950-1465e53adaaa,1973-11-09,0.101,0.101,0.0,0.101,m3/s,m3/s,aucune,FLAG_DUPLICATE_TIMESTEP | FLAG_GAP_TIME_SERIES | FLAG_TIMESTEP_IRREGULAR | QA_REQUIRED | SCIENTIFIC_NOTATION_CONVERTED | UNIT_ASSUMED,0.0,CONFLICT_VALUE_TO_REVIEW
raw_mesures_debit_jr,141813,1545/8,d65b42a0-4871-4582-9950-1465e53adaaa,1973-12-03,0.103,0.103,0.0,0.103,m3/s,m3/s,aucune,FLAG_DUPLICATE_TIMESTEP | FLAG_GAP_TIME_SERIES | FLAG_TIMESTEP_IRREGULAR | QA_REQUIRED | SCIENTIFIC_NOTATION_CONVERTED | UNIT_ASSUMED,0.0,CONFLICT_VALUE_TO_REVIEW
raw_mesures_debit_jr,141821,1545/8,d65b42a0-4871-4582-9950-1465e53adaaa,1973-12-11,0.107,0.107,0.0,0.107,m3/s,m3/s,aucune,FLAG_DUPLICATE_TIMESTEP | FLAG_GAP_TIME_SERIES | FLAG_TIMESTEP_IRREGULAR | QA_REQUIRED | SCIENTIFIC_NOTATION_CONVERTED | UNIT_ASSUMED,0.0,CONFLICT_VALUE_TO_REVIEW
raw_mesures_debit_jr,141822,1545/8,d65b42a0-4871-4582-9950-1465e53adaaa,1973-12-12,0.105,0.105,0.0,0.105,m3/s,m3/s,aucune,FLAG_DUPLICATE_TIMESTEP | FLAG_GAP_TIME_SERIES | FLAG_TIMESTEP_IRREGULAR | QA_REQUIRED | SCIENTIFIC_NOTATION_CONVERTED | UNIT_ASSUMED,0.0,CONFLICT_VALUE_TO_REVIEW
raw_mesures_debit_jr,141823,1545/8,d65b42a0-4871-4582-9950-1465e53adaaa,1973-12-13,0.108,0.108,0.0,0.108,m3/s,m3/s,aucune,FLAG_DUPLICATE_TIMESTEP | FLAG_GAP_TIME_SERIES | FLAG_TIMESTEP_IRREGULAR | QA_REQUIRED | SCIENTIFIC_NOTATION_CONVERTED | UNIT_ASSUMED,0.0,CONFLICT_VALUE_TO_REVIEW
raw_mesures_debit_jr,141825,1545/8,d65b42a0-4871-4582-9950-1465e53adaaa,1973-12-15,0.109,0.109,0.0,0.109,m3/s,m3/s,aucune,FLAG_DUPLICATE_TIMESTEP | FLAG_GAP_TIME_SERIES | FLAG_TIMESTEP_IRREGULAR | QA_REQUIRED | SCIENTIFIC_NOTATION_CONVERTED | UNIT_ASSUMED,0.0,CONFLICT_VALUE_TO_REVIEW
raw_mesures_debit_jr,141826,1545/8,d65b42a0-4871-4582-9950-1465e53adaaa,1973-12-16,0.104,0.104,0.0,0.104,m3/s,m3/s,aucune,FLAG_DUPLICATE_TIMESTEP | FLAG_GAP_TIME_SERIES | FLAG_TIMESTEP_IRREGULAR | QA_REQUIRED | SCIENTIFIC_NOTATION_CONVERTED | UNIT_ASSUMED,0.0,CONFLICT_VALUE_TO_REVIEW
raw_mesures_debit_jr,141827,1545/8,d65b42a0-4871-4582-9950-1465e53adaaa,1973-12-17,0.108,0.108,0.0,0.108,m3/s,m3/s,aucune,FLAG_DUPLICATE_TIMESTEP | FLAG_GAP_TIME_SERIES | FLAG_TIMESTEP_IRREGULAR | QA_REQUIRED | SCIENTIFIC_NOTATION_CONVERTED | UNIT_ASSUMED,0.0,CONFLICT_VALUE_TO_REVIEW
raw_mesures_debit_jr,142012,1545/8,d65b42a0-4871-4582-9950-1465e53adaaa,1974-06-20,0.106,0.106,0.0,0.106,m3/s,m3/s,aucune,FLAG_DUPLICATE_TIMESTEP | FLAG_GAP_TIME_SERIES | FLAG_TIMESTEP_IRREGULAR | QA_REQUIRED | SCIENTIFIC_NOTATION_CONVERTED | UNIT_ASSUMED,0.0,CONFLICT_VALUE_TO_REVIEW
raw_mesures_debit_jr,142251,1545/8,d65b42a0-4871-4582-9950-1465e53adaaa,1975-02-14,0.109,0.109,0.0,0.109,m3/s,m3/s,aucune,FLAG_DUPLICATE_TIMESTEP | FLAG_GAP_TIME_SERIES | FLAG_TIMESTEP_IRREGULAR | QA_REQUIRED | SCIENTIFIC_NOTATION_CONVERTED | UNIT_ASSUMED,0.0,CONFLICT_VALUE_TO_REVIEW
raw_mesures_debit_jr,142254,1545/8,d65b42a0-4871-4582-9950-1465e53adaaa,1975-02-17,0.104,0.104,0.0,0.104,m3/s,m3/s,aucune,FLAG_DUPLICATE_TIMESTEP | FLAG_GAP_TIME_SERIES | FLAG_TIMESTEP_IRREGULAR | QA_REQUIRED | SCIENTIFIC_NOTATION_CONVERTED | UNIT_ASSUMED,0.0,CONFLICT_VALUE_TO_REVIEW
raw_mesures_debit_jr,142317,1545/8,d65b42a0-4871-4582-9950-1465e53adaaa,1975-04-21,0.105,0.105,0.0,0.105,m3/s,m3/s,aucune,FLAG_DUPLICATE_TIMESTEP | FLAG_GAP_TIME_SERIES | FLAG_TIMESTEP_IRREGULAR | QA_REQUIRED | SCIENTIFIC_NOTATION_CONVERTED | UNIT_ASSUMED,0.0,CONFLICT_VALUE_TO_REVIEW
raw_mesures_debit_jr,143239,1545/8,d65b42a0-4871-4582-9950-1465e53adaaa,1977-10-29,0.108,0.108,0.0,0.108,m3/s,m3/s,aucune,FLAG_DUPLICATE_TIMESTEP | FLAG_GAP_TIME_SERIES | FLAG_TIMESTEP_IRREGULAR | QA_REQUIRED | SCIENTIFIC_NOTATION_CONVERTED | UNIT_ASSUMED,0.0,CONFLICT_VALUE_TO_REVIEW
raw_mesures_debit_jr,143266,1545/8,d65b42a0-4871-4582-9950-1465e53adaaa,1977-11-25,0.105,0.105,0.0,0.105,m3/s,m3/s,aucune,FLAG_DUPLICATE_TIMESTEP | FLAG_GAP_TIME_SERIES | FLAG_TIMESTEP_IRREGULAR | QA_REQUIRED | SCIENTIFIC_NOTATION_CONVERTED | UNIT_ASSUMED,0.0,CONFLICT_VALUE_TO_REVIEW
raw_mesures_debit_jr,143269,1545/8,d65b42a0-4871-4582-9950-1465e53adaaa,1977-11-28,0.104,0.104,0.0,0.104,m3/s,m3/s,aucune,FLAG_DUPLICATE_TIMESTEP | FLAG_GAP_TIME_SERIES | FLAG_TIMESTEP_IRREGULAR | QA_REQUIRED | SCIENTIFIC_NOTATION_CONVERTED | UNIT_ASSUMED,0.0,CONFLICT_VALUE_TO_REVIEW
raw_mesures_debit_jr,143636,1545/8,d65b42a0-4871-4582-9950-1465e53adaaa,1978-11-30,0.101,0.101,0.0,0.101,m3/s,m3/s,aucune,FLAG_DUPLICATE_TIMESTEP | FLAG_GAP_TIME_SERIES | FLAG_TIMESTEP_IRREGULAR | QA_REQUIRED | SCIENTIFIC_NOTATION_CONVERTED | UNIT_ASSUMED,0.0,CONFLICT_VALUE_TO_REVIEW
raw_mesures_debit_jr,143637,1545/8,d65b42a0-4871-4582-9950-1465e53adaaa,1978-12-01,0.106,0.106,0.0,0.106,m3/s,m3/s,aucune,FLAG_DUPLICATE_TIMESTEP | FLAG_GAP_TIME_SERIES | FLAG_TIMESTEP_IRREGULAR | QA_REQUIRED | SCIENTIFIC_NOTATION_CONVERTED | UNIT_ASSUMED,0.0,CONFLICT_VALUE_TO_REVIEW
raw_mesures_debit_jr,143638,1545/8,d65b42a0-4871-4582-9950-1465e53adaaa,1978-12-02,0.108,0.108,0.0,0.108,m3/s,m3/s,aucune,FLAG_DUPLICATE_TIMESTEP | FLAG_GAP_TIME_SERIES | FLAG_TIMESTEP_IRREGULAR | QA_REQUIRED | SCIENTIFIC_NOTATION_CONVERTED | UNIT_ASSUMED,0.0,CONFLICT_VALUE_TO_REVIEW
raw_mesures_debit_jr,143645,1545/8,d65b42a0-4871-4582-9950-1465e53adaaa,1978-12-09,0.102,0.102,0.0,0.102,m3/s,m3/s,aucune,FLAG_DUPLICATE_TIMESTEP | FLAG_GAP_TIME_SERIES | FLAG_TIMESTEP_IRREGULAR | QA_REQUIRED | SCIENTIFIC_NOTATION_CONVERTED | UNIT_ASSUMED,0.0,CONFLICT_VALUE_TO_REVIEW
raw_mesures_debit_jr,143820,1545/8,d65b42a0-4871-4582-9950-1465e53adaaa,1979-06-02,0.108,0.108,0.0,0.108,m3/s,m3/s,aucune,FLAG_DUPLICATE_TIMESTEP | FLAG_GAP_TIME_SERIES | FLAG_TIMESTEP_IRREGULAR | QA_REQUIRED | SCIENTIFIC_NOTATION_CONVERTED | UNIT_ASSUMED,0.0,CONFLICT_VALUE_TO_REVIEW
raw_mesures_debit_jr,143821,1545/8,d65b42a0-4871-4582-9950-1465e53adaaa,1979-06-03,0.106,0.106,0.0,0.106,m3/s,m3/s,aucune,FLAG_DUPLICATE_TIMESTEP | FLAG_GAP_TIME_SERIES | FLAG_TIMESTEP_IRREGULAR | QA_REQUIRED | SCIENTIFIC_NOTATION_CONVERTED | UNIT_ASSUMED,0.0,CONFLICT_VALUE_TO_REVIEW
raw_mesures_debit_jr,143822,1545/8,d65b42a0-4871-4582-9950-1465e53adaaa,1979-06-04,0.106,0.106,0.0,0.106,m3/s,m3/s,aucune,FLAG_DUPLICATE_TIMESTEP | FLAG_GAP_TIME_SERIES | FLAG_TIMESTEP_IRREGULAR | QA_REQUIRED | SCIENTIFIC_NOTATION_CONVERTED | UNIT_ASSUMED,0.0,CONFLICT_VALUE_TO_REVIEW
raw_mesures_debit_jr,143823,1545/8,d65b42a0-4871-4582-9950-1465e53adaaa,1979-06-05,0.106,0.106,0.0,0.106,m3/s,m3/s,aucune,FLAG_DUPLICATE_TIMESTEP | FLAG_GAP_TIME_SERIES | FLAG_TIMESTEP_IRREGULAR | QA_REQUIRED | SCIENTIFIC_NOTATION_CONVERTED | UNIT_ASSUMED,0.0,CONFLICT_VALUE_TO_REVIEW
raw_mesures_debit_jr,143824,1545/8,d65b42a0-4871-4582-9950-1465e53adaaa,1979-06-06,0.106,0.106,0.0,0.106,m3/s,m3/s,aucune,FLAG_DUPLICATE_TIMESTEP | FLAG_GAP_TIME_SERIES | FLAG_TIMESTEP_IRREGULAR | QA_REQUIRED | SCIENTIFIC_NOTATION_CONVERTED | UNIT_ASSUMED,0.0,CONFLICT_VALUE_TO_REVIEW
raw_mesures_debit_jr,143825,1545/8,d65b42a0-4871-4582-9950-1465e53adaaa,1979-06-07,0.101,0.101,0.0,0.101,m3/s,m3/s,aucune,FLAG_DUPLICATE_TIMESTEP | FLAG_GAP_TIME_SERIES | FLAG_TIMESTEP_IRREGULAR | QA_REQUIRED | SCIENTIFIC_NOTATION_CONVERTED | UNIT_ASSUMED,0.0,CONFLICT_VALUE_TO_REVIEW
raw_mesures_debit_jr,143953,1545/8,d65b42a0-4871-4582-9950-1465e53adaaa,1979-10-13,0.107,0.107,0.0,0.107,m3/s,m3/s,aucune,FLAG_DUPLICATE_TIMESTEP | FLAG_GAP_TIME_SERIES | FLAG_TIMESTEP_IRREGULAR | QA_REQUIRED | SCIENTIFIC_NOTATION_CONVERTED | UNIT_ASSUMED,0.0,CONFLICT_VALUE_TO_REVIEW
raw_mesures_debit_jr,143961,1545/8,d65b42a0-4871-4582-9950-1465e53adaaa,1979-10-21,0.107,0.107,0.0,0.107,m3/s,m3/s,aucune,FLAG_DUPLICATE_TIMESTEP | FLAG_GAP_TIME_SERIES | FLAG_TIMESTEP_IRREGULAR | QA_REQUIRED | SCIENTIFIC_NOTATION_CONVERTED | UNIT_ASSUMED,0.0,CONFLICT_VALUE_TO_REVIEW
raw_mesures_debit_jr,143976,1545/8,d65b42a0-4871-4582-9950-1465e53adaaa,1979-11-05,0.108,0.108,0.0,0.108,m3/s,m3/s,aucune,FLAG_DUPLICATE_TIMESTEP | FLAG_GAP_TIME_SERIES | FLAG_TIMESTEP_IRREGULAR | QA_REQUIRED | SCIENTIFIC_NOTATION_CONVERTED | UNIT_ASSUMED,0.0,CONFLICT_VALUE_TO_REVIEW
raw_mesures_debit_jr,143977,1545/8,d65b42a0-4871-4582-9950-1465e53adaaa,1979-11-06,0.106,0.106,0.0,0.106,m3/s,m3/s,aucune,FLAG_DUPLICATE_TIMESTEP | FLAG_GAP_TIME_SERIES | FLAG_TIMESTEP_IRREGULAR | QA_REQUIRED | SCIENTIFIC_NOTATION_CONVERTED | UNIT_ASSUMED,0.0,CONFLICT_VALUE_TO_REVIEW
raw_mesures_debit_jr,144024,1545/8,d65b42a0-4871-4582-9950-1465e53adaaa,1979-12-23,0.104,0.104,0.0,0.104,m3/s,m3/s,aucune,FLAG_DUPLICATE_TIMESTEP | FLAG_GAP_TIME_SERIES | FLAG_TIMESTEP_IRREGULAR | QA_REQUIRED | SCIENTIFIC_NOTATION_CONVERTED | UNIT_ASSUMED,0.0,CONFLICT_VALUE_TO_REVIEW
raw_mesures_debit_jr,144057,1545/8,d65b42a0-4871-4582-9950-1465e53adaaa,1980-01-25,0.102,0.102,0.0,0.102,m3/s,m3/s,aucune,FLAG_DUPLICATE_TIMESTEP | FLAG_GAP_TIME_SERIES | FLAG_TIMESTEP_IRREGULAR | QA_REQUIRED | SCIENTIFIC_NOTATION_CONVERTED | UNIT_ASSUMED,0.0,CONFLICT_VALUE_TO_REVIEW
raw_mesures_debit_jr,144519,1545/8,d65b42a0-4871-4582-9950-1465e53adaaa,1981-05-01,0.109,0.109,0.0,0.109,m3/s,m3/s,aucune,FLAG_DUPLICATE_TIMESTEP | FLAG_GAP_TIME_SERIES | FLAG_TIMESTEP_IRREGULAR | QA_REQUIRED | SCIENTIFIC_NOTATION_CONVERTED | UNIT_ASSUMED,0.0,CONFLICT_VALUE_TO_REVIEW
raw_mesures_debit_jr,144851,1545/8,d65b42a0-4871-4582-9950-1465e53adaaa,1982-03-29,0.107,0.107,0.0,0.107,m3/s,m3/s,aucune,FLAG_DUPLICATE_TIMESTEP | FLAG_GAP_TIME_SERIES | FLAG_TIMESTEP_IRREGULAR | QA_REQUIRED | SCIENTIFIC_NOTATION_CONVERTED | UNIT_ASSUMED,0.0,CONFLICT_VALUE_TO_REVIEW
raw_mesures_debit_jr,144852,1545/8,d65b42a0-4871-4582-9950-1465e53adaaa,1982-03-30,0.108,0.108,0.0,0.108,m3/s,m3/s,aucune,FLAG_DUPLICATE_TIMESTEP | FLAG_GAP_TIME_SERIES | FLAG_TIMESTEP_IRREGULAR | QA_REQUIRED | SCIENTIFIC_NOTATION_CONVERTED | UNIT_ASSUMED,0.0,CONFLICT_VALUE_TO_REVIEW
raw_mesures_debit_jr,145099,1545/8,d65b42a0-4871-4582-9950-1465e53adaaa,1982-12-02,0.108,0.108,0.0,0.108,m3/s,m3/s,aucune,FLAG_DUPLICATE_TIMESTEP | FLAG_GAP_TIME_SERIES | FLAG_TIMESTEP_IRREGULAR | QA_REQUIRED | SCIENTIFIC_NOTATION_CONVERTED | UNIT_ASSUMED,0.0,CONFLICT_VALUE_TO_REVIEW
raw_mesures_debit_jr,145125,1545/8,d65b42a0-4871-4582-9950-1465e53adaaa,1982-12-28,0.109,0.109,0.0,0.109,m3/s,m3/s,aucune,FLAG_DUPLICATE_TIMESTEP | FLAG_GAP_TIME_SERIES | FLAG_TIMESTEP_IRREGULAR | QA_REQUIRED | SCIENTIFIC_NOTATION_CONVERTED | UNIT_ASSUMED,0.0,CONFLICT_VALUE_TO_REVIEW
raw_mesures_debit_jr,145224,1545/8,d65b42a0-4871-4582-9950-1465e53adaaa,1983-04-06,0.105,0.105,0.0,0.105,m3/s,m3/s,aucune,FLAG_DUPLICATE_TIMESTEP | FLAG_GAP_TIME_SERIES | FLAG_TIMESTEP_IRREGULAR | QA_REQUIRED | SCIENTIFIC_NOTATION_CONVERTED | UNIT_ASSUMED,0.0,CONFLICT_VALUE_TO_REVIEW
raw_mesures_debit_jr,145227,1545/8,d65b42a0-4871-4582-9950-1465e53adaaa,1983-04-09,0.109,0.109,0.0,0.109,m3/s,m3/s,aucune,FLAG_DUPLICATE_TIMESTEP | FLAG_GAP_TIME_SERIES | FLAG_TIMESTEP_IRREGULAR | QA_REQUIRED | SCIENTIFIC_NOTATION_CONVERTED | UNIT_ASSUMED,0.0,CONFLICT_VALUE_TO_REVIEW
raw_mesures_debit_jr,145524,1545/8,d65b42a0-4871-4582-9950-1465e53adaaa,1984-01-31,0.107,0.107,0.0,0.107,m3/s,m3/s,aucune,FLAG_DUPLICATE_TIMESTEP | FLAG_GAP_TIME_SERIES | FLAG_TIMESTEP_IRREGULAR | QA_REQUIRED | SCIENTIFIC_NOTATION_CONVERTED | UNIT_ASSUMED,0.0,CONFLICT_VALUE_TO_REVIEW
raw_mesures_debit_jr,145530,1545/8,d65b42a0-4871-4582-9950-1465e53adaaa,1984-02-06,0.109,0.109,0.0,0.109,m3/s,m3/s,aucune,FLAG_DUPLICATE_TIMESTEP | FLAG_GAP_TIME_SERIES | FLAG_TIMESTEP_IRREGULAR | QA_REQUIRED | SCIENTIFIC_NOTATION_CONVERTED | UNIT_ASSUMED,0.0,CONFLICT_VALUE_TO_REVIEW
raw_mesures_debit_jr,145557,1545/8,d65b42a0-4871-4582-9950-1465e53adaaa,1984-03-04,0.108,0.108,0.0,0.108,m3/s,m3/s,aucune,FLAG_DUPLICATE_TIMESTEP | FLAG_GAP_TIME_SERIES | FLAG_TIMESTEP_IRREGULAR | QA_REQUIRED | SCIENTIFIC_NOTATION_CONVERTED | UNIT_ASSUMED,0.0,CONFLICT_VALUE_TO_REVIEW
raw_mesures_debit_jr,146245,1545/8,d65b42a0-4871-4582-9950-1465e53adaaa,1986-01-21,0.106,0.106,0.0,0.106,m3/s,m3/s,aucune,FLAG_DUPLICATE_TIMESTEP | FLAG_GAP_TIME_SERIES | FLAG_TIMESTEP_IRREGULAR | QA_REQUIRED | SCIENTIFIC_NOTATION_CONVERTED | UNIT_ASSUMED,0.0,CONFLICT_VALUE_TO_REVIEW
raw_mesures_debit_jr,146312,1545/8,d65b42a0-4871-4582-9950-1465e53adaaa,1986-03-29,0.101,0.101,0.0,0.101,m3/s,m3/s,aucune,FLAG_DUPLICATE_TIMESTEP | FLAG_GAP_TIME_SERIES | FLAG_TIMESTEP_IRREGULAR | QA_REQUIRED | SCIENTIFIC_NOTATION_CONVERTED | UNIT_ASSUMED,0.0,CONFLICT_VALUE_TO_REVIEW
raw_mesures_debit_jr,146988,1545/8,d65b42a0-4871-4582-9950-1465e53adaaa,1988-02-03,0.109,0.109,0.0,0.109,m3/s,m3/s,aucune,FLAG_DUPLICATE_TIMESTEP | FLAG_GAP_TIME_SERIES | FLAG_TIMESTEP_IRREGULAR | QA_REQUIRED | SCIENTIFIC_NOTATION_CONVERTED | UNIT_ASSUMED,0.0,CONFLICT_VALUE_TO_REVIEW
raw_mesures_debit_jr,146996,1545/8,d65b42a0-4871-4582-9950-1465e53adaaa,1988-02-11,0.103,0.103,0.0,0.103,m3/s,m3/s,aucune,FLAG_DUPLICATE_TIMESTEP | FLAG_GAP_TIME_SERIES | FLAG_TIMESTEP_IRREGULAR | QA_REQUIRED | SCIENTIFIC_NOTATION_CONVERTED | UNIT_ASSUMED,0.0,CONFLICT_VALUE_TO_REVIEW
raw_mesures_debit_jr,147053,1545/8,d65b42a0-4871-4582-9950-1465e53adaaa,1988-04-08,0.103,0.103,0.0,0.103,m3/s,m3/s,aucune,FLAG_DUPLICATE_TIMESTEP | FLAG_GAP_TIME_SERIES | FLAG_TIMESTEP_IRREGULAR | QA_REQUIRED | SCIENTIFIC_NOTATION_CONVERTED | UNIT_ASSUMED,0.0,CONFLICT_VALUE_TO_REVIEW
raw_mesures_debit_jr,147328,1545/8,d65b42a0-4871-4582-9950-1465e53adaaa,1989-01-08,0.102,0.102,0.0,0.102,m3/s,m3/s,aucune,FLAG_DUPLICATE_TIMESTEP | FLAG_GAP_TIME_SERIES | FLAG_TIMESTEP_IRREGULAR | QA_REQUIRED | SCIENTIFIC_NOTATION_CONVERTED | UNIT_ASSUMED,0.0,CONFLICT_VALUE_TO_REVIEW
raw_mesures_debit_jr,147400,1545/8,d65b42a0-4871-4582-9950-1465e53adaaa,1989-03-21,0.101,0.101,0.0,0.101,m3/s,m3/s,aucune,FLAG_DUPLICATE_TIMESTEP | FLAG_GAP_TIME_SERIES | FLAG_TIMESTEP_IRREGULAR | QA_REQUIRED | SCIENTIFIC_NOTATION_CONVERTED | UNIT_ASSUMED,0.0,CONFLICT_VALUE_TO_REVIEW
raw_mesures_debit_jr,147621,1545/8,d65b42a0-4871-4582-9950-1465e53adaaa,1989-10-28,0.101,0.101,0.0,0.101,m3/s,m3/s,aucune,FLAG_DUPLICATE_TIMESTEP | FLAG_GAP_TIME_SERIES | FLAG_TIMESTEP_IRREGULAR | QA_REQUIRED | SCIENTIFIC_NOTATION_CONVERTED | UNIT_ASSUMED,0.0,CONFLICT_VALUE_TO_REVIEW
raw_mesures_debit_jr,147642,1545/8,d65b42a0-4871-4582-9950-1465e53adaaa,1989-11-18,0.105,0.105,0.0,0.105,m3/s,m3/s,aucune,FLAG_DUPLICATE_TIMESTEP | FLAG_GAP_TIME_SERIES | FLAG_TIMESTEP_IRREGULAR | QA_REQUIRED | SCIENTIFIC_NOTATION_CONVERTED | UNIT_ASSUMED,0.0,CONFLICT_VALUE_TO_REVIEW
raw_mesures_debit_jr,147643,1545/8,d65b42a0-4871-4582-9950-1465e53adaaa,1989-11-19,0.107,0.107,0.0,0.107,m3/s,m3/s,aucune,FLAG_DUPLICATE_TIMESTEP | FLAG_GAP_TIME_SERIES | FLAG_TIMESTEP_IRREGULAR | QA_REQUIRED | SCIENTIFIC_NOTATION_CONVERTED | UNIT_ASSUMED,0.0,CONFLICT_VALUE_TO_REVIEW
raw_mesures_debit_jr,147995,1545/8,d65b42a0-4871-4582-9950-1465e53adaaa,1990-11-06,0.103,0.103,0.0,0.103,m3/s,m3/s,aucune,FLAG_DUPLICATE_TIMESTEP | FLAG_GAP_TIME_SERIES | FLAG_TIMESTEP_IRREGULAR | QA_REQUIRED | SCIENTIFIC_NOTATION_CONVERTED | UNIT_ASSUMED,0.0,CONFLICT_VALUE_TO_REVIEW
raw_mesures_debit_jr,148244,1545/8,d65b42a0-4871-4582-9950-1465e53adaaa,1991-07-13,0.107,0.107,0.0,0.107,m3/s,m3/s,aucune,FLAG_DUPLICATE_TIMESTEP | FLAG_GAP_TIME_SERIES | FLAG_TIMESTEP_IRREGULAR | QA_REQUIRED | SCIENTIFIC_NOTATION_CONVERTED | UNIT_ASSUMED,0.0,CONFLICT_VALUE_TO_REVIEW
raw_mesures_debit_jr,148333,1545/8,d65b42a0-4871-4582-9950-1465e53adaaa,1991-10-10,0.106,0.106,0.0,0.106,m3/s,m3/s,aucune,FLAG_DUPLICATE_TIMESTEP | FLAG_GAP_TIME_SERIES | FLAG_TIMESTEP_IRREGULAR | QA_REQUIRED | SCIENTIFIC_NOTATION_CONVERTED | UNIT_ASSUMED,0.0,CONFLICT_VALUE_TO_REVIEW
raw_mesures_debit_jr,148371,1545/8,d65b42a0-4871-4582-9950-1465e53adaaa,1991-11-17,0.102,0.102,0.0,0.102,m3/s,m3/s,aucune,FLAG_DUPLICATE_TIMESTEP | FLAG_GAP_TIME_SERIES | FLAG_TIMESTEP_IRREGULAR | QA_REQUIRED | SCIENTIFIC_NOTATION_CONVERTED | UNIT_ASSUMED,0.0,CONFLICT_VALUE_TO_REVIEW
raw_mesures_debit_jr,148385,1545/8,d65b42a0-4871-4582-9950-1465e53adaaa,1991-12-01,0.101,0.101,0.0,0.101,m3/s,m3/s,aucune,FLAG_DUPLICATE_TIMESTEP | FLAG_GAP_TIME_SERIES | FLAG_TIMESTEP_IRREGULAR | QA_REQUIRED | SCIENTIFIC_NOTATION_CONVERTED | UNIT_ASSUMED,0.0,CONFLICT_VALUE_TO_REVIEW
raw_mesures_debit_jr,148387,1545/8,d65b42a0-4871-4582-9950-1465e53adaaa,1991-12-03,0.108,0.108,0.0,0.108,m3/s,m3/s,aucune,FLAG_DUPLICATE_TIMESTEP | FLAG_GAP_TIME_SERIES | FLAG_TIMESTEP_IRREGULAR | QA_REQUIRED | SCIENTIFIC_NOTATION_CONVERTED | UNIT_ASSUMED,0.0,CONFLICT_VALUE_TO_REVIEW
raw_mesures_debit_jr,148389,1545/8,d65b42a0-4871-4582-9950-1465e53adaaa,1991-12-05,0.104,0.104,0.0,0.104,m3/s,m3/s,aucune,FLAG_DUPLICATE_TIMESTEP | FLAG_GAP_TIME_SERIES | FLAG_TIMESTEP_IRREGULAR | QA_REQUIRED | SCIENTIFIC_NOTATION_CONVERTED | UNIT_ASSUMED,0.0,CONFLICT_VALUE_TO_REVIEW
raw_mesures_debit_jr,148404,1545/8,d65b42a0-4871-4582-9950-1465e53adaaa,1991-12-20,0.103,0.103,0.0,0.103,m3/s,m3/s,aucune,FLAG_DUPLICATE_TIMESTEP | FLAG_GAP_TIME_SERIES | FLAG_TIMESTEP_IRREGULAR | QA_REQUIRED | SCIENTIFIC_NOTATION_CONVERTED | UNIT_ASSUMED,0.0,CONFLICT_VALUE_TO_REVIEW
raw_mesures_debit_jr,148428,1545/8,d65b42a0-4871-4582-9950-1465e53adaaa,1992-01-13,0.109,0.109,0.0,0.109,m3/s,m3/s,aucune,FLAG_DUPLICATE_TIMESTEP | FLAG_GAP_TIME_SERIES | FLAG_TIMESTEP_IRREGULAR | QA_REQUIRED | SCIENTIFIC_NOTATION_CONVERTED | UNIT_ASSUMED,0.0,CONFLICT_VALUE_TO_REVIEW
raw_mesures_debit_jr,148471,1545/8,d65b42a0-4871-4582-9950-1465e53adaaa,1992-02-25,0.101,0.101,0.0,0.101,m3/s,m3/s,aucune,FLAG_DUPLICATE_TIMESTEP | FLAG_GAP_TIME_SERIES | FLAG_TIMESTEP_IRREGULAR | QA_REQUIRED | SCIENTIFIC_NOTATION_CONVERTED | UNIT_ASSUMED,0.0,CONFLICT_VALUE_TO_REVIEW
raw_mesures_debit_jr,148588,1545/8,d65b42a0-4871-4582-9950-1465e53adaaa,1992-06-21,0.101,0.101,0.0,0.101,m3/s,m3/s,aucune,FLAG_DUPLICATE_TIMESTEP | FLAG_GAP_TIME_SERIES | FLAG_TIMESTEP_IRREGULAR | QA_REQUIRED | SCIENTIFIC_NOTATION_CONVERTED | UNIT_ASSUMED,0.0,CONFLICT_VALUE_TO_REVIEW
raw_mesures_debit_jr,148698,1545/8,d65b42a0-4871-4582-9950-1465e53adaaa,1992-10-09,0.106,0.106,0.0,0.106,m3/s,m3/s,aucune,FLAG_DUPLICATE_TIMESTEP | FLAG_GAP_TIME_SERIES | FLAG_TIMESTEP_IRREGULAR | QA_REQUIRED | SCIENTIFIC_NOTATION_CONVERTED | UNIT_ASSUMED,0.0,CONFLICT_VALUE_TO_REVIEW
raw_mesures_debit_jr,148703,1545/8,d65b42a0-4871-4582-9950-1465e53adaaa,1992-10-14,0.107,0.107,0.0,0.107,m3/s,m3/s,aucune,FLAG_DUPLICATE_TIMESTEP | FLAG_GAP_TIME_SERIES | FLAG_TIMESTEP_IRREGULAR | QA_REQUIRED | SCIENTIFIC_NOTATION_CONVERTED | UNIT_ASSUMED,0.0,CONFLICT_VALUE_TO_REVIEW
raw_mesures_debit_jr,148708,1545/8,d65b42a0-4871-4582-9950-1465e53adaaa,1992-10-19,0.105,0.105,0.0,0.105,m3/s,m3/s,aucune,FLAG_DUPLICATE_TIMESTEP | FLAG_GAP_TIME_SERIES | FLAG_TIMESTEP_IRREGULAR | QA_REQUIRED | SCIENTIFIC_NOTATION_CONVERTED | UNIT_ASSUMED,0.0,CONFLICT_VALUE_TO_REVIEW
raw_mesures_debit_jr,148709,1545/8,d65b42a0-4871-4582-9950-1465e53adaaa,1992-10-20,0.101,0.101,0.0,0.101,m3/s,m3/s,aucune,FLAG_DUPLICATE_TIMESTEP | FLAG_GAP_TIME_SERIES | FLAG_TIMESTEP_IRREGULAR | QA_REQUIRED | SCIENTIFIC_NOTATION_CONVERTED | UNIT_ASSUMED,0.0,CONFLICT_VALUE_TO_REVIEW
raw_mesures_debit_jr,148720,1545/8,d65b42a0-4871-4582-9950-1465e53adaaa,1992-10-31,0.105,0.105,0.0,0.105,m3/s,m3/s,aucune,FLAG_DUPLICATE_TIMESTEP | FLAG_GAP_TIME_SERIES | FLAG_TIMESTEP_IRREGULAR | QA_REQUIRED | SCIENTIFIC_NOTATION_CONVERTED | UNIT_ASSUMED,0.0,CONFLICT_VALUE_TO_REVIEW
raw_mesures_debit_jr,148887,1545/8,d65b42a0-4871-4582-9950-1465e53adaaa,1993-04-16,0.108,0.108,0.0,0.108,m3/s,m3/s,aucune,FLAG_DUPLICATE_TIMESTEP | FLAG_GAP_TIME_SERIES | FLAG_TIMESTEP_IRREGULAR | QA_REQUIRED | SCIENTIFIC_NOTATION_CONVERTED | UNIT_ASSUMED,0.0,CONFLICT_VALUE_TO_REVIEW
raw_mesures_debit_jr,148899,1545/8,d65b42a0-4871-4582-9950-1465e53adaaa,1993-04-28,0.101,0.101,0.0,0.101,m3/s,m3/s,aucune,FLAG_DUPLICATE_TIMESTEP | FLAG_GAP_TIME_SERIES | FLAG_TIMESTEP_IRREGULAR | QA_REQUIRED | SCIENTIFIC_NOTATION_CONVERTED | UNIT_ASSUMED,0.0,CONFLICT_VALUE_TO_REVIEW
raw_mesures_debit_jr,148900,1545/8,d65b42a0-4871-4582-9950-1465e53adaaa,1993-04-29,0.105,0.105,0.0,0.105,m3/s,m3/s,aucune,FLAG_DUPLICATE_TIMESTEP | FLAG_GAP_TIME_SERIES | FLAG_TIMESTEP_IRREGULAR | QA_REQUIRED | SCIENTIFIC_NOTATION_CONVERTED | UNIT_ASSUMED,0.0,CONFLICT_VALUE_TO_REVIEW
raw_mesures_debit_jr,148904,1545/8,d65b42a0-4871-4582-9950-1465e53adaaa,1993-05-03,0.103,0.103,0.0,0.103,m3/s,m3/s,aucune,FLAG_DUPLICATE_TIMESTEP | FLAG_GAP_TIME_SERIES | FLAG_TIMESTEP_IRREGULAR | QA_REQUIRED | SCIENTIFIC_NOTATION_CONVERTED | UNIT_ASSUMED,0.0,CONFLICT_VALUE_TO_REVIEW
raw_mesures_debit_jr,148915,1545/8,d65b42a0-4871-4582-9950-1465e53adaaa,1993-05-14,0.101,0.101,0.0,0.101,m3/s,m3/s,aucune,FLAG_DUPLICATE_TIMESTEP | FLAG_GAP_TIME_SERIES | FLAG_TIMESTEP_IRREGULAR | QA_REQUIRED | SCIENTIFIC_NOTATION_CONVERTED | UNIT_ASSUMED,0.0,CONFLICT_VALUE_TO_REVIEW
raw_mesures_debit_jr,149026,1545/8,d65b42a0-4871-4582-9950-1465e53adaaa,1993-09-02,0.105,0.105,0.0,0.105,m3/s,m3/s,aucune,FLAG_DUPLICATE_TIMESTEP | FLAG_GAP_TIME_SERIES | FLAG_TIMESTEP_IRREGULAR | QA_REQUIRED | SCIENTIFIC_NOTATION_CONVERTED | UNIT_ASSUMED,0.0,CONFLICT_VALUE_TO_REVIEW
raw_mesures_debit_jr,149029,1545/8,d65b42a0-4871-4582-9950-1465e53adaaa,1993-09-05,0.107,0.107,0.0,0.107,m3/s,m3/s,aucune,FLAG_DUPLICATE_TIMESTEP | FLAG_GAP_TIME_SERIES | FLAG_TIMESTEP_IRREGULAR | QA_REQUIRED | SCIENTIFIC_NOTATION_CONVERTED | UNIT_ASSUMED,0.0,CONFLICT_VALUE_TO_REVIEW
raw_mesures_debit_jr,149045,1545/8,d65b42a0-4871-4582-9950-1465e53adaaa,1993-09-21,0.102,0.102,0.0,0.102,m3/s,m3/s,aucune,FLAG_DUPLICATE_TIMESTEP | FLAG_GAP_TIME_SERIES | FLAG_TIMESTEP_IRREGULAR | QA_REQUIRED | SCIENTIFIC_NOTATION_CONVERTED | UNIT_ASSUMED,0.0,CONFLICT_VALUE_TO_REVIEW
raw_mesures_debit_jr,149059,1545/8,d65b42a0-4871-4582-9950-1465e53adaaa,1993-10-05,0.102,0.102,0.0,0.102,m3/s,m3/s,aucune,FLAG_DUPLICATE_TIMESTEP | FLAG_GAP_TIME_SERIES | FLAG_TIMESTEP_IRREGULAR | QA_REQUIRED | SCIENTIFIC_NOTATION_CONVERTED | UNIT_ASSUMED,0.0,CONFLICT_VALUE_TO_REVIEW
raw_mesures_debit_jr,149063,1545/8,d65b42a0-4871-4582-9950-1465e53adaaa,1993-10-09,0.103,0.103,0.0,0.103,m3/s,m3/s,aucune,FLAG_DUPLICATE_TIMESTEP | FLAG_GAP_TIME_SERIES | FLAG_TIMESTEP_IRREGULAR | QA_REQUIRED | SCIENTIFIC_NOTATION_CONVERTED | UNIT_ASSUMED,0.0,CONFLICT_VALUE_TO_REVIEW
raw_mesures_debit_jr,149066,1545/8,d65b42a0-4871-4582-9950-1465e53adaaa,1993-10-12,0.106,0.106,0.0,0.106,m3/s,m3/s,aucune,FLAG_DUPLICATE_TIMESTEP | FLAG_GAP_TIME_SERIES | FLAG_TIMESTEP_IRREGULAR | QA_REQUIRED | SCIENTIFIC_NOTATION_CONVERTED | UNIT_ASSUMED,0.0,CONFLICT_VALUE_TO_REVIEW
raw_mesures_debit_jr,149070,1545/8,d65b42a0-4871-4582-9950-1465e53adaaa,1993-10-16,0.103,0.103,0.0,0.103,m3/s,m3/s,aucune,FLAG_DUPLICATE_TIMESTEP | FLAG_GAP_TIME_SERIES | FLAG_TIMESTEP_IRREGULAR | QA_REQUIRED | SCIENTIFIC_NOTATION_CONVERTED | UNIT_ASSUMED,0.0,CONFLICT_VALUE_TO_REVIEW
raw_mesures_debit_jr,149120,1545/8,d65b42a0-4871-4582-9950-1465e53adaaa,1993-12-05,0.107,0.107,0.0,0.107,m3/s,m3/s,aucune,FLAG_DUPLICATE_TIMESTEP | FLAG_GAP_TIME_SERIES | FLAG_TIMESTEP_IRREGULAR | QA_REQUIRED | SCIENTIFIC_NOTATION_CONVERTED | UNIT_ASSUMED,0.0,CONFLICT_VALUE_TO_REVIEW
raw_mesures_debit_jr,149129,1545/8,d65b42a0-4871-4582-9950-1465e53adaaa,1993-12-14,0.102,0.102,0.0,0.102,m3/s,m3/s,aucune,FLAG_DUPLICATE_TIMESTEP | FLAG_GAP_TIME_SERIES | FLAG_TIMESTEP_IRREGULAR | QA_REQUIRED | SCIENTIFIC_NOTATION_CONVERTED | UNIT_ASSUMED,0.0,CONFLICT_VALUE_TO_REVIEW
raw_mesures_debit_jr,149175,1545/8,d65b42a0-4871-4582-9950-1465e53adaaa,1994-01-29,0.107,0.107,0.0,0.107,m3/s,m3/s,aucune,FLAG_DUPLICATE_TIMESTEP | FLAG_GAP_TIME_SERIES | FLAG_TIMESTEP_IRREGULAR | QA_REQUIRED | SCIENTIFIC_NOTATION_CONVERTED | UNIT_ASSUMED,0.0,CONFLICT_VALUE_TO_REVIEW
raw_mesures_debit_jr,149251,1545/8,d65b42a0-4871-4582-9950-1465e53adaaa,1994-04-15,0.104,0.104,0.0,0.104,m3/s,m3/s,aucune,FLAG_DUPLICATE_TIMESTEP | FLAG_GAP_TIME_SERIES | FLAG_TIMESTEP_IRREGULAR | QA_REQUIRED | SCIENTIFIC_NOTATION_CONVERTED | UNIT_ASSUMED,0.0,CONFLICT_VALUE_TO_REVIEW
raw_mesures_debit_jr,149439,1545/8,d65b42a0-4871-4582-9950-1465e53adaaa,1994-10-20,0.103,0.103,0.0,0.103,m3/s,m3/s,aucune,FLAG_DUPLICATE_TIMESTEP | FLAG_GAP_TIME_SERIES | FLAG_TIMESTEP_IRREGULAR | QA_REQUIRED | SCIENTIFIC_NOTATION_CONVERTED | UNIT_ASSUMED,0.0,CONFLICT_VALUE_TO_REVIEW
raw_mesures_debit_jr,149852,1545/8,d65b42a0-4871-4582-9950-1465e53adaaa,1995-12-07,0.102,0.102,0.0,0.102,m3/s,m3/s,aucune,FLAG_DUPLICATE_TIMESTEP | FLAG_GAP_TIME_SERIES | FLAG_TIMESTEP_IRREGULAR | QA_REQUIRED | SCIENTIFIC_NOTATION_CONVERTED | UNIT_ASSUMED,0.0,CONFLICT_VALUE_TO_REVIEW
raw_mesures_debit_jr,150058,1545/8,d65b42a0-4871-4582-9950-1465e53adaaa,1996-06-30,0.103,0.103,0.0,0.103,m3/s,m3/s,aucune,FLAG_DUPLICATE_TIMESTEP | FLAG_GAP_TIME_SERIES | FLAG_TIMESTEP_IRREGULAR | QA_REQUIRED | SCIENTIFIC_NOTATION_CONVERTED | UNIT_ASSUMED,0.0,CONFLICT_VALUE_TO_REVIEW
raw_mesures_debit_jr,150063,1545/8,d65b42a0-4871-4582-9950-1465e53adaaa,1996-07-05,0.107,0.107,0.0,0.107,m3/s,m3/s,aucune,FLAG_DUPLICATE_TIMESTEP | FLAG_GAP_TIME_SERIES | FLAG_TIMESTEP_IRREGULAR | QA_REQUIRED | SCIENTIFIC_NOTATION_CONVERTED | UNIT_ASSUMED,0.0,CONFLICT_VALUE_TO_REVIEW
raw_mesures_debit_jr,150178,1545/8,d65b42a0-4871-4582-9950-1465e53adaaa,1996-10-28,0.103,0.103,0.0,0.103,m3/s,m3/s,aucune,FLAG_DUPLICATE_TIMESTEP | FLAG_GAP_TIME_SERIES | FLAG_TIMESTEP_IRREGULAR | QA_REQUIRED | SCIENTIFIC_NOTATION_CONVERTED | UNIT_ASSUMED,0.0,CONFLICT_VALUE_TO_REVIEW
raw_mesures_debit_jr,150433,1545/8,d65b42a0-4871-4582-9950-1465e53adaaa,1997-07-10,0.101,0.101,0.0,0.101,m3/s,m3/s,aucune,FLAG_DUPLICATE_TIMESTEP | FLAG_GAP_TIME_SERIES | FLAG_TIMESTEP_IRREGULAR | QA_REQUIRED | SCIENTIFIC_NOTATION_CONVERTED | UNIT_ASSUMED,0.0,CONFLICT_VALUE_TO_REVIEW
raw_mesures_debit_jr,150439,1545/8,d65b42a0-4871-4582-9950-1465e53adaaa,1997-07-16,0.101,0.101,0.0,0.101,m3/s,m3/s,aucune,FLAG_DUPLICATE_TIMESTEP | FLAG_GAP_TIME_SERIES | FLAG_TIMESTEP_IRREGULAR | QA_REQUIRED | SCIENTIFIC_NOTATION_CONVERTED | UNIT_ASSUMED,0.0,CONFLICT_VALUE_TO_REVIEW
raw_mesures_debit_jr,150440,1545/8,d65b42a0-4871-4582-9950-1465e53adaaa,1997-07-17,0.109,0.109,0.0,0.109,m3/s,m3/s,aucune,FLAG_DUPLICATE_TIMESTEP | FLAG_GAP_TIME_SERIES | FLAG_TIMESTEP_IRREGULAR | QA_REQUIRED | SCIENTIFIC_NOTATION_CONVERTED | UNIT_ASSUMED,0.0,CONFLICT_VALUE_TO_REVIEW
raw_mesures_debit_jr,155650,1545/8,d65b42a0-4871-4582-9950-1465e53adaaa,2011-10-22,0.100009,0.100009,0.0,0.100009,m3/s,m3/s,aucune,FLAG_DUPLICATE_TIMESTEP | FLAG_GAP_TIME_SERIES | FLAG_TIMESTEP_IRREGULAR | QA_REQUIRED | SCIENTIFIC_NOTATION_CONVERTED | UNIT_ASSUMED,0.0,CONFLICT_VALUE_TO_REVIEW
raw_mesures_debit_jr,185064,1815/8,343b85cf-030e-46d8-b892-c4ce6cee7bd7,1979-05-01,0.108,0.108,0.0,0.108,m3/s,m3/s,aucune,FLAG_DUPLICATE_TIMESTEP | FLAG_GAP_TIME_SERIES | FLAG_TIMESTEP_IRREGULAR | QA_REQUIRED | SCIENTIFIC_NOTATION_CONVERTED | UNIT_ASSUMED,0.0,CONFLICT_VALUE_TO_REVIEW
raw_mesures_debit_jr,185065,1815/8,343b85cf-030e-46d8-b892-c4ce6cee7bd7,1979-05-02,0.104,0.104,0.0,0.104,m3/s,m3/s,aucune,FLAG_DUPLICATE_TIMESTEP | FLAG_GAP_TIME_SERIES | FLAG_TIMESTEP_IRREGULAR | QA_REQUIRED | SCIENTIFIC_NOTATION_CONVERTED | UNIT_ASSUMED,0.0,CONFLICT_VALUE_TO_REVIEW
raw_mesures_debit_jr,185066,1815/8,343b85cf-030e-46d8-b892-c4ce6cee7bd7,1979-05-03,0.104,0.104,0.0,0.104,m3/s,m3/s,aucune,FLAG_DUPLICATE_TIMESTEP | FLAG_GAP_TIME_SERIES | FLAG_TIMESTEP_IRREGULAR | QA_REQUIRED | SCIENTIFIC_NOTATION_CONVERTED | UNIT_ASSUMED,0.0,CONFLICT_VALUE_TO_REVIEW
raw_mesures_debit_jr,185229,1815/8,343b85cf-030e-46d8-b892-c4ce6cee7bd7,1979-10-13,0.109,0.109,0.0,0.109,m3/s,m3/s,aucune,FLAG_DUPLICATE_TIMESTEP | FLAG_GAP_TIME_SERIES | FLAG_TIMESTEP_IRREGULAR | QA_REQUIRED | SCIENTIFIC_NOTATION_CONVERTED | UNIT_ASSUMED,0.0,CONFLICT_VALUE_TO_REVIEW
raw_mesures_debit_jr,185252,1815/8,343b85cf-030e-46d8-b892-c4ce6cee7bd7,1979-11-05,0.108,0.108,0.0,0.108,m3/s,m3/s,aucune,FLAG_DUPLICATE_TIMESTEP | FLAG_GAP_TIME_SERIES | FLAG_TIMESTEP_IRREGULAR | QA_REQUIRED | SCIENTIFIC_NOTATION_CONVERTED | UNIT_ASSUMED,0.0,CONFLICT_VALUE_TO_REVIEW
raw_mesures_debit_jr,185253,1815/8,343b85cf-030e-46d8-b892-c4ce6cee7bd7,1979-11-06,0.104,0.104,0.0,0.104,m3/s,m3/s,aucune,FLAG_DUPLICATE_TIMESTEP | FLAG_GAP_TIME_SERIES | FLAG_TIMESTEP_IRREGULAR | QA_REQUIRED | SCIENTIFIC_NOTATION_CONVERTED | UNIT_ASSUMED,0.0,CONFLICT_VALUE_TO_REVIEW
raw_mesures_debit_jr,185254,1815/8,343b85cf-030e-46d8-b892-c4ce6cee7bd7,1979-11-07,0.103,0.103,0.0,0.103,m3/s,m3/s,aucune,FLAG_DUPLICATE_TIMESTEP | FLAG_GAP_TIME_SERIES | FLAG_TIMESTEP_IRREGULAR | QA_REQUIRED | SCIENTIFIC_NOTATION_CONVERTED | UNIT_ASSUMED,0.0,CONFLICT_VALUE_TO_REVIEW
raw_mesures_debit_jr,185255,1815/8,343b85cf-030e-46d8-b892-c4ce6cee7bd7,1979-11-08,0.104,0.104,0.0,0.104,m3/s,m3/s,aucune,FLAG_DUPLICATE_TIMESTEP | FLAG_GAP_TIME_SERIES | FLAG_TIMESTEP_IRREGULAR | QA_REQUIRED | SCIENTIFIC_NOTATION_CONVERTED | UNIT_ASSUMED,0.0,CONFLICT_VALUE_TO_REVIEW
raw_mesures_debit_jr,185316,1815/8,343b85cf-030e-46d8-b892-c4ce6cee7bd7,1980-01-08,0.107,0.107,0.0,0.107,m3/s,m3/s,aucune,FLAG_DUPLICATE_TIMESTEP | FLAG_GAP_TIME_SERIES | FLAG_TIMESTEP_IRREGULAR | QA_REQUIRED | SCIENTIFIC_NOTATION_CONVERTED | UNIT_ASSUMED,0.0,CONFLICT_VALUE_TO_REVIEW
raw_mesures_debit_jr,185318,1815/8,343b85cf-030e-46d8-b892-c4ce6cee7bd7,1980-01-10,0.103,0.103,0.0,0.103,m3/s,m3/s,aucune,FLAG_DUPLICATE_TIMESTEP | FLAG_GAP_TIME_SERIES | FLAG_TIMESTEP_IRREGULAR | QA_REQUIRED | SCIENTIFIC_NOTATION_CONVERTED | UNIT_ASSUMED,0.0,CONFLICT_VALUE_TO_REVIEW
raw_mesures_debit_jr,185350,1815/8,343b85cf-030e-46d8-b892-c4ce6cee7bd7,1980-02-11,0.104,0.104,0.0,0.104,m3/s,m3/s,aucune,FLAG_DUPLICATE_TIMESTEP | FLAG_GAP_TIME_SERIES | FLAG_TIMESTEP_IRREGULAR | QA_REQUIRED | SCIENTIFIC_NOTATION_CONVERTED | UNIT_ASSUMED,0.0,CONFLICT_VALUE_TO_REVIEW
raw_mesures_debit_jr,185366,1815/8,343b85cf-030e-46d8-b892-c4ce6cee7bd7,1980-02-27,0.104,0.104,0.0,0.104,m3/s,m3/s,aucune,FLAG_DUPLICATE_TIMESTEP | FLAG_GAP_TIME_SERIES | FLAG_TIMESTEP_IRREGULAR | QA_REQUIRED | SCIENTIFIC_NOTATION_CONVERTED | UNIT_ASSUMED,0.0,CONFLICT_VALUE_TO_REVIEW
raw_mesures_debit_jr,185368,1815/8,343b85cf-030e-46d8-b892-c4ce6cee7bd7,1980-02-29,0.106,0.106,0.0,0.106,m3/s,m3/s,aucune,FLAG_DUPLICATE_TIMESTEP | FLAG_GAP_TIME_SERIES | FLAG_TIMESTEP_IRREGULAR | QA_REQUIRED | SCIENTIFIC_NOTATION_CONVERTED | UNIT_ASSUMED,0.0,CONFLICT_VALUE_TO_REVIEW
raw_mesures_debit_jr,185369,1815/8,343b85cf-030e-46d8-b892-c4ce6cee7bd7,1980-03-01,0.103,0.103,0.0,0.103,m3/s,m3/s,aucune,FLAG_DUPLICATE_TIMESTEP | FLAG_GAP_TIME_SERIES | FLAG_TIMESTEP_IRREGULAR | QA_REQUIRED | SCIENTIFIC_NOTATION_CONVERTED | UNIT_ASSUMED,0.0,CONFLICT_VALUE_TO_REVIEW
raw_mesures_debit_jr,185370,1815/8,343b85cf-030e-46d8-b892-c4ce6cee7bd7,1980-03-02,0.104,0.104,0.0,0.104,m3/s,m3/s,aucune,FLAG_DUPLICATE_TIMESTEP | FLAG_GAP_TIME_SERIES | FLAG_TIMESTEP_IRREGULAR | QA_REQUIRED | SCIENTIFIC_NOTATION_CONVERTED | UNIT_ASSUMED,0.0,CONFLICT_VALUE_TO_REVIEW
raw_mesures_debit_jr,185372,1815/8,343b85cf-030e-46d8-b892-c4ce6cee7bd7,1980-03-04,0.107,0.107,0.0,0.107,m3/s,m3/s,aucune,FLAG_DUPLICATE_TIMESTEP | FLAG_GAP_TIME_SERIES | FLAG_TIMESTEP_IRREGULAR | QA_REQUIRED | SCIENTIFIC_NOTATION_CONVERTED | UNIT_ASSUMED,0.0,CONFLICT_VALUE_TO_REVIEW
raw_mesures_debit_jr,185380,1815/8,343b85cf-030e-46d8-b892-c4ce6cee7bd7,1980-03-12,0.105,0.105,0.0,0.105,m3/s,m3/s,aucune,FLAG_DUPLICATE_TIMESTEP | FLAG_GAP_TIME_SERIES | FLAG_TIMESTEP_IRREGULAR | QA_REQUIRED | SCIENTIFIC_NOTATION_CONVERTED | UNIT_ASSUMED,0.0,CONFLICT_VALUE_TO_REVIEW
raw_mesures_debit_jr,185400,1815/8,343b85cf-030e-46d8-b892-c4ce6cee7bd7,1980-04-01,0.107,0.107,0.0,0.107,m3/s,m3/s,aucune,FLAG_DUPLICATE_TIMESTEP | FLAG_GAP_TIME_SERIES | FLAG_TIMESTEP_IRREGULAR | QA_REQUIRED | SCIENTIFIC_NOTATION_CONVERTED | UNIT_ASSUMED,0.0,CONFLICT_VALUE_TO_REVIEW
raw_mesures_debit_jr,185431,1815/8,343b85cf-030e-46d8-b892-c4ce6cee7bd7,1980-05-02,0.103,0.103,0.0,0.103,m3/s,m3/s,aucune,FLAG_DUPLICATE_TIMESTEP | FLAG_GAP_TIME_SERIES | FLAG_TIMESTEP_IRREGULAR | QA_REQUIRED | SCIENTIFIC_NOTATION_CONVERTED | UNIT_ASSUMED,0.0,CONFLICT_VALUE_TO_REVIEW
raw_mesures_debit_jr,185438,1815/8,343b85cf-030e-46d8-b892-c4ce6cee7bd7,1980-05-09,0.106,0.106,0.0,0.106,m3/s,m3/s,aucune,FLAG_DUPLICATE_TIMESTEP | FLAG_GAP_TIME_SERIES | FLAG_TIMESTEP_IRREGULAR | QA_REQUIRED | SCIENTIFIC_NOTATION_CONVERTED | UNIT_ASSUMED,0.0,CONFLICT_VALUE_TO_REVIEW
raw_mesures_debit_jr,185451,1815/8,343b85cf-030e-46d8-b892-c4ce6cee7bd7,1980-05-22,0.102,0.102,0.0,0.102,m3/s,m3/s,aucune,FLAG_DUPLICATE_TIMESTEP | FLAG_GAP_TIME_SERIES | FLAG_TIMESTEP_IRREGULAR | QA_REQUIRED | SCIENTIFIC_NOTATION_CONVERTED | UNIT_ASSUMED,0.0,CONFLICT_VALUE_TO_REVIEW
raw_mesures_debit_jr,185762,1815/8,343b85cf-030e-46d8-b892-c4ce6cee7bd7,1981-04-29,0.104,0.104,0.0,0.104,m3/s,m3/s,aucune,FLAG_DUPLICATE_TIMESTEP | FLAG_GAP_TIME_SERIES | FLAG_TIMESTEP_IRREGULAR | QA_REQUIRED | SCIENTIFIC_NOTATION_CONVERTED | UNIT_ASSUMED,0.0,CONFLICT_VALUE_TO_REVIEW
raw_mesures_debit_jr,186002,1815/8,343b85cf-030e-46d8-b892-c4ce6cee7bd7,1982-01-25,0.104,0.104,0.0,0.104,m3/s,m3/s,aucune,FLAG_DUPLICATE_TIMESTEP | FLAG_GAP_TIME_SERIES | FLAG_TIMESTEP_IRREGULAR | QA_REQUIRED | SCIENTIFIC_NOTATION_CONVERTED | UNIT_ASSUMED,0.0,CONFLICT_VALUE_TO_REVIEW
raw_mesures_debit_jr,186041,1815/8,343b85cf-030e-46d8-b892-c4ce6cee7bd7,1982-03-05,0.105,0.105,0.0,0.105,m3/s,m3/s,aucune,FLAG_DUPLICATE_TIMESTEP | FLAG_GAP_TIME_SERIES | FLAG_TIMESTEP_IRREGULAR | QA_REQUIRED | SCIENTIFIC_NOTATION_CONVERTED | UNIT_ASSUMED,0.0,CONFLICT_VALUE_TO_REVIEW
raw_mesures_debit_jr,186087,1815/8,343b85cf-030e-46d8-b892-c4ce6cee7bd7,1982-04-20,0.106,0.106,0.0,0.106,m3/s,m3/s,aucune,FLAG_DUPLICATE_TIMESTEP | FLAG_GAP_TIME_SERIES | FLAG_TIMESTEP_IRREGULAR | QA_REQUIRED | SCIENTIFIC_NOTATION_CONVERTED | UNIT_ASSUMED,0.0,CONFLICT_VALUE_TO_REVIEW
raw_mesures_debit_jr,186272,1815/8,343b85cf-030e-46d8-b892-c4ce6cee7bd7,1982-10-22,0.101,0.101,0.0,0.101,m3/s,m3/s,aucune,FLAG_DUPLICATE_TIMESTEP | FLAG_GAP_TIME_SERIES | FLAG_TIMESTEP_IRREGULAR | QA_REQUIRED | SCIENTIFIC_NOTATION_CONVERTED | UNIT_ASSUMED,0.0,CONFLICT_VALUE_TO_REVIEW
raw_mesures_debit_jr,186289,1815/8,343b85cf-030e-46d8-b892-c4ce6cee7bd7,1982-11-08,0.102,0.102,0.0,0.102,m3/s,m3/s,aucune,FLAG_DUPLICATE_TIMESTEP | FLAG_GAP_TIME_SERIES | FLAG_TIMESTEP_IRREGULAR | QA_REQUIRED | SCIENTIFIC_NOTATION_CONVERTED | UNIT_ASSUMED,0.0,CONFLICT_VALUE_TO_REVIEW
raw_mesures_debit_jr,186310,1815/8,343b85cf-030e-46d8-b892-c4ce6cee7bd7,1982-11-29,0.103,0.103,0.0,0.103,m3/s,m3/s,aucune,FLAG_DUPLICATE_TIMESTEP | FLAG_GAP_TIME_SERIES | FLAG_TIMESTEP_IRREGULAR | QA_REQUIRED | SCIENTIFIC_NOTATION_CONVERTED | UNIT_ASSUMED,0.0,CONFLICT_VALUE_TO_REVIEW
raw_mesures_debit_jr,186398,1815/8,343b85cf-030e-46d8-b892-c4ce6cee7bd7,1983-02-25,0.109,0.109,0.0,0.109,m3/s,m3/s,aucune,FLAG_DUPLICATE_TIMESTEP | FLAG_GAP_TIME_SERIES | FLAG_TIMESTEP_IRREGULAR | QA_REQUIRED | SCIENTIFIC_NOTATION_CONVERTED | UNIT_ASSUMED,0.0,CONFLICT_VALUE_TO_REVIEW
raw_mesures_debit_jr,187488,1815/8,343b85cf-030e-46d8-b892-c4ce6cee7bd7,1986-03-22,0.106,0.106,0.0,0.106,m3/s,m3/s,aucune,FLAG_DUPLICATE_TIMESTEP | FLAG_GAP_TIME_SERIES | FLAG_TIMESTEP_IRREGULAR | QA_REQUIRED | SCIENTIFIC_NOTATION_CONVERTED | UNIT_ASSUMED,0.0,CONFLICT_VALUE_TO_REVIEW
raw_mesures_debit_jr,187810,1815/8,343b85cf-030e-46d8-b892-c4ce6cee7bd7,1987-02-07,0.102,0.102,0.0,0.102,m3/s,m3/s,aucune,FLAG_DUPLICATE_TIMESTEP | FLAG_GAP_TIME_SERIES | FLAG_TIMESTEP_IRREGULAR | QA_REQUIRED | SCIENTIFIC_NOTATION_CONVERTED | UNIT_ASSUMED,0.0,CONFLICT_VALUE_TO_REVIEW
raw_mesures_debit_jr,188162,1815/8,343b85cf-030e-46d8-b892-c4ce6cee7bd7,1988-01-25,0.103,0.103,0.0,0.103,m3/s,m3/s,aucune,FLAG_DUPLICATE_TIMESTEP | FLAG_GAP_TIME_SERIES | FLAG_TIMESTEP_IRREGULAR | QA_REQUIRED | SCIENTIFIC_NOTATION_CONVERTED | UNIT_ASSUMED,0.0,CONFLICT_VALUE_TO_REVIEW
raw_mesures_debit_jr,188600,1815/8,343b85cf-030e-46d8-b892-c4ce6cee7bd7,1989-04-07,0.102,0.102,0.0,0.102,m3/s,m3/s,aucune,FLAG_DUPLICATE_TIMESTEP | FLAG_GAP_TIME_SERIES | FLAG_TIMESTEP_IRREGULAR | QA_REQUIRED | SCIENTIFIC_NOTATION_CONVERTED | UNIT_ASSUMED,0.0,CONFLICT_VALUE_TO_REVIEW
raw_mesures_debit_jr,188883,1815/8,343b85cf-030e-46d8-b892-c4ce6cee7bd7,1990-01-15,0.106,0.106,0.0,0.106,m3/s,m3/s,aucune,FLAG_DUPLICATE_TIMESTEP | FLAG_GAP_TIME_SERIES | FLAG_TIMESTEP_IRREGULAR | QA_REQUIRED | SCIENTIFIC_NOTATION_CONVERTED | UNIT_ASSUMED,0.0,CONFLICT_VALUE_TO_REVIEW
raw_mesures_debit_jr,188884,1815/8,343b85cf-030e-46d8-b892-c4ce6cee7bd7,1990-01-16,0.101,0.101,0.0,0.101,m3/s,m3/s,aucune,FLAG_DUPLICATE_TIMESTEP | FLAG_GAP_TIME_SERIES | FLAG_TIMESTEP_IRREGULAR | QA_REQUIRED | SCIENTIFIC_NOTATION_CONVERTED | UNIT_ASSUMED,0.0,CONFLICT_VALUE_TO_REVIEW
raw_mesures_debit_jr,188903,1815/8,343b85cf-030e-46d8-b892-c4ce6cee7bd7,1990-02-04,0.108,0.108,0.0,0.108,m3/s,m3/s,aucune,FLAG_DUPLICATE_TIMESTEP | FLAG_GAP_TIME_SERIES | FLAG_TIMESTEP_IRREGULAR | QA_REQUIRED | SCIENTIFIC_NOTATION_CONVERTED | UNIT_ASSUMED,0.0,CONFLICT_VALUE_TO_REVIEW
raw_mesures_debit_jr,189218,1815/8,343b85cf-030e-46d8-b892-c4ce6cee7bd7,1990-12-16,0.103,0.103,0.0,0.103,m3/s,m3/s,aucune,FLAG_DUPLICATE_TIMESTEP | FLAG_GAP_TIME_SERIES | FLAG_TIMESTEP_IRREGULAR | QA_REQUIRED | SCIENTIFIC_NOTATION_CONVERTED | UNIT_ASSUMED,0.0,CONFLICT_VALUE_TO_REVIEW
raw_mesures_debit_jr,189231,1815/8,343b85cf-030e-46d8-b892-c4ce6cee7bd7,1990-12-29,0.104,0.104,0.0,0.104,m3/s,m3/s,aucune,FLAG_DUPLICATE_TIMESTEP | FLAG_GAP_TIME_SERIES | FLAG_TIMESTEP_IRREGULAR | QA_REQUIRED | SCIENTIFIC_NOTATION_CONVERTED | UNIT_ASSUMED,0.0,CONFLICT_VALUE_TO_REVIEW
raw_mesures_debit_jr,189570,1815/8,343b85cf-030e-46d8-b892-c4ce6cee7bd7,1991-12-03,0.109,0.109,0.0,0.109,m3/s,m3/s,aucune,FLAG_DUPLICATE_TIMESTEP | FLAG_GAP_TIME_SERIES | FLAG_TIMESTEP_IRREGULAR | QA_REQUIRED | SCIENTIFIC_NOTATION_CONVERTED | UNIT_ASSUMED,0.0,CONFLICT_VALUE_TO_REVIEW
raw_mesures_debit_jr,189703,1815/8,343b85cf-030e-46d8-b892-c4ce6cee7bd7,1992-04-14,0.102,0.102,0.0,0.102,m3/s,m3/s,aucune,FLAG_DUPLICATE_TIMESTEP | FLAG_GAP_TIME_SERIES | FLAG_TIMESTEP_IRREGULAR | QA_REQUIRED | SCIENTIFIC_NOTATION_CONVERTED | UNIT_ASSUMED,0.0,CONFLICT_VALUE_TO_REVIEW
raw_mesures_debit_jr,190092,1815/8,343b85cf-030e-46d8-b892-c4ce6cee7bd7,1993-05-08,0.108,0.108,0.0,0.108,m3/s,m3/s,aucune,FLAG_DUPLICATE_TIMESTEP | FLAG_GAP_TIME_SERIES | FLAG_TIMESTEP_IRREGULAR | QA_REQUIRED | SCIENTIFIC_NOTATION_CONVERTED | UNIT_ASSUMED,0.0,CONFLICT_VALUE_TO_REVIEW
raw_mesures_debit_jr,190295,1815/8,343b85cf-030e-46d8-b892-c4ce6cee7bd7,1993-11-27,0.103,0.103,0.0,0.103,m3/s,m3/s,aucune,FLAG_DUPLICATE_TIMESTEP | FLAG_GAP_TIME_SERIES | FLAG_TIMESTEP_IRREGULAR | QA_REQUIRED | SCIENTIFIC_NOTATION_CONVERTED | UNIT_ASSUMED,0.0,CONFLICT_VALUE_TO_REVIEW
raw_mesures_debit_jr,190303,1815/8,343b85cf-030e-46d8-b892-c4ce6cee7bd7,1993-12-05,0.108,0.108,0.0,0.108,m3/s,m3/s,aucune,FLAG_DUPLICATE_TIMESTEP | FLAG_GAP_TIME_SERIES | FLAG_TIMESTEP_IRREGULAR | QA_REQUIRED | SCIENTIFIC_NOTATION_CONVERTED | UNIT_ASSUMED,0.0,CONFLICT_VALUE_TO_REVIEW
raw_mesures_debit_jr,190305,1815/8,343b85cf-030e-46d8-b892-c4ce6cee7bd7,1993-12-07,0.104,0.104,0.0,0.104,m3/s,m3/s,aucune,FLAG_DUPLICATE_TIMESTEP | FLAG_GAP_TIME_SERIES | FLAG_TIMESTEP_IRREGULAR | QA_REQUIRED | SCIENTIFIC_NOTATION_CONVERTED | UNIT_ASSUMED,0.0,CONFLICT_VALUE_TO_REVIEW
raw_mesures_debit_jr,190315,1815/8,343b85cf-030e-46d8-b892-c4ce6cee7bd7,1993-12-17,0.107,0.107,0.0,0.107,m3/s,m3/s,aucune,FLAG_DUPLICATE_TIMESTEP | FLAG_GAP_TIME_SERIES | FLAG_TIMESTEP_IRREGULAR | QA_REQUIRED | SCIENTIFIC_NOTATION_CONVERTED | UNIT_ASSUMED,0.0,CONFLICT_VALUE_TO_REVIEW
raw_mesures_debit_jr,190351,1815/8,343b85cf-030e-46d8-b892-c4ce6cee7bd7,1994-01-22,0.108,0.108,0.0,0.108,m3/s,m3/s,aucune,FLAG_DUPLICATE_TIMESTEP | FLAG_GAP_TIME_SERIES | FLAG_TIMESTEP_IRREGULAR | QA_REQUIRED | SCIENTIFIC_NOTATION_CONVERTED | UNIT_ASSUMED,0.0,CONFLICT_VALUE_TO_REVIEW
raw_mesures_debit_jr,191040,1815/8,343b85cf-030e-46d8-b892-c4ce6cee7bd7,1995-12-12,0.106,0.106,0.0,0.106,m3/s,m3/s,aucune,FLAG_DUPLICATE_TIMESTEP | FLAG_GAP_TIME_SERIES | FLAG_TIMESTEP_IRREGULAR | QA_REQUIRED | SCIENTIFIC_NOTATION_CONVERTED | UNIT_ASSUMED,0.0,CONFLICT_VALUE_TO_REVIEW
raw_mesures_debit_jr,191050,1815/8,343b85cf-030e-46d8-b892-c4ce6cee7bd7,1995-12-22,0.101,0.101,0.0,0.101,m3/s,m3/s,aucune,FLAG_DUPLICATE_TIMESTEP | FLAG_GAP_TIME_SERIES | FLAG_TIMESTEP_IRREGULAR | QA_REQUIRED | SCIENTIFIC_NOTATION_CONVERTED | UNIT_ASSUMED,0.0,CONFLICT_VALUE_TO_REVIEW
raw_mesures_debit_jr,191487,1815/8,343b85cf-030e-46d8-b892-c4ce6cee7bd7,1997-03-03,0.107,0.107,0.0,0.107,m3/s,m3/s,aucune,FLAG_DUPLICATE_TIMESTEP | FLAG_GAP_TIME_SERIES | FLAG_TIMESTEP_IRREGULAR | QA_REQUIRED | SCIENTIFIC_NOTATION_CONVERTED | UNIT_ASSUMED,0.0,CONFLICT_VALUE_TO_REVIEW
raw_mesures_debit_jr,191539,1815/8,343b85cf-030e-46d8-b892-c4ce6cee7bd7,1997-04-24,0.103,0.103,0.0,0.103,m3/s,m3/s,aucune,FLAG_DUPLICATE_TIMESTEP | FLAG_GAP_TIME_SERIES | FLAG_TIMESTEP_IRREGULAR | QA_REQUIRED | SCIENTIFIC_NOTATION_CONVERTED | UNIT_ASSUMED,0.0,CONFLICT_VALUE_TO_REVIEW
raw_mesures_debit_jr,192445,1815/8,343b85cf-030e-46d8-b892-c4ce6cee7bd7,1999-12-18,2.105,2.105,200000.0,2.105,m3/s,m3/s,aucune,FLAG_DUPLICATE_TIMESTEP | FLAG_GAP_TIME_SERIES | FLAG_TIMESTEP_IRREGULAR | QA_REQUIRED | SCIENTIFIC_NOTATION_CONVERTED | UNIT_ASSUMED,95011.87648456058,PARSING_SCALING_ERROR
raw_mesures_debit_jr,243880,2551/15,c65f2655-996e-4d9e-942d-a2da7b4dafe7,1961-10-12,0.106,0.106,0.0,0.106,m3/s,m3/s,aucune,FLAG_DUPLICATE_TIMESTEP | FLAG_GAP_TIME_SERIES | FLAG_TIMESTEP_IRREGULAR | QA_REQUIRED | SCIENTIFIC_NOTATION_CONVERTED | UNIT_ASSUMED,0.0,CONFLICT_VALUE_TO_REVIEW
raw_mesures_debit_jr,243881,2551/15,c65f2655-996e-4d9e-942d-a2da7b4dafe7,1961-10-13,0.105,0.105,0.0,0.105,m3/s,m3/s,aucune,FLAG_DUPLICATE_TIMESTEP | FLAG_GAP_TIME_SERIES | FLAG_TIMESTEP_IRREGULAR | QA_REQUIRED | SCIENTIFIC_NOTATION_CONVERTED | UNIT_ASSUMED,0.0,CONFLICT_VALUE_TO_REVIEW
raw_mesures_debit_jr,243882,2551/15,c65f2655-996e-4d9e-942d-a2da7b4dafe7,1961-10-14,0.105,0.105,0.0,0.105,m3/s,m3/s,aucune,FLAG_DUPLICATE_TIMESTEP | FLAG_GAP_TIME_SERIES | FLAG_TIMESTEP_IRREGULAR | QA_REQUIRED | SCIENTIFIC_NOTATION_CONVERTED | UNIT_ASSUMED,0.0,CONFLICT_VALUE_TO_REVIEW
raw_mesures_debit_jr,243883,2551/15,c65f2655-996e-4d9e-942d-a2da7b4dafe7,1961-10-15,0.105,0.105,0.0,0.105,m3/s,m3/s,aucune,FLAG_DUPLICATE_TIMESTEP | FLAG_GAP_TIME_SERIES | FLAG_TIMESTEP_IRREGULAR | QA_REQUIRED | SCIENTIFIC_NOTATION_CONVERTED | UNIT_ASSUMED,0.0,CONFLICT_VALUE_TO_REVIEW
raw_mesures_debit_jr,243884,2551/15,c65f2655-996e-4d9e-942d-a2da7b4dafe7,1961-10-16,0.105,0.105,0.0,0.105,m3/s,m3/s,aucune,FLAG_DUPLICATE_TIMESTEP | FLAG_GAP_TIME_SERIES | FLAG_TIMESTEP_IRREGULAR | QA_REQUIRED | SCIENTIFIC_NOTATION_CONVERTED | UNIT_ASSUMED,0.0,CONFLICT_VALUE_TO_REVIEW
raw_mesures_debit_jr,243885,2551/15,c65f2655-996e-4d9e-942d-a2da7b4dafe7,1961-10-17,0.105,0.105,0.0,0.105,m3/s,m3/s,aucune,FLAG_DUPLICATE_TIMESTEP | FLAG_GAP_TIME_SERIES | FLAG_TIMESTEP_IRREGULAR | QA_REQUIRED | SCIENTIFIC_NOTATION_CONVERTED | UNIT_ASSUMED,0.0,CONFLICT_VALUE_TO_REVIEW
raw_mesures_debit_jr,243886,2551/15,c65f2655-996e-4d9e-942d-a2da7b4dafe7,1961-10-18,0.105,0.105,0.0,0.105,m3/s,m3/s,aucune,FLAG_DUPLICATE_TIMESTEP | FLAG_GAP_TIME_SERIES | FLAG_TIMESTEP_IRREGULAR | QA_REQUIRED | SCIENTIFIC_NOTATION_CONVERTED | UNIT_ASSUMED,0.0,CONFLICT_VALUE_TO_REVIEW
raw_mesures_debit_jr,243887,2551/15,c65f2655-996e-4d9e-942d-a2da7b4dafe7,1961-10-19,0.105,0.105,0.0,0.105,m3/s,m3/s,aucune,FLAG_DUPLICATE_TIMESTEP | FLAG_GAP_TIME_SERIES | FLAG_TIMESTEP_IRREGULAR | QA_REQUIRED | SCIENTIFIC_NOTATION_CONVERTED | UNIT_ASSUMED,0.0,CONFLICT_VALUE_TO_REVIEW
raw_mesures_debit_jr,243888,2551/15,c65f2655-996e-4d9e-942d-a2da7b4dafe7,1961-10-20,0.105,0.105,0.0,0.105,m3/s,m3/s,aucune,FLAG_DUPLICATE_TIMESTEP | FLAG_GAP_TIME_SERIES | FLAG_TIMESTEP_IRREGULAR | QA_REQUIRED | SCIENTIFIC_NOTATION_CONVERTED | UNIT_ASSUMED,0.0,CONFLICT_VALUE_TO_REVIEW
raw_mesures_debit_jr,243889,2551/15,c65f2655-996e-4d9e-942d-a2da7b4dafe7,1961-10-21,0.105,0.105,0.0,0.105,m3/s,m3/s,aucune,FLAG_DUPLICATE_TIMESTEP | FLAG_GAP_TIME_SERIES | FLAG_TIMESTEP_IRREGULAR | QA_REQUIRED | SCIENTIFIC_NOTATION_CONVERTED | UNIT_ASSUMED,0.0,CONFLICT_VALUE_TO_REVIEW
raw_mesures_debit_jr,243890,2551/15,c65f2655-996e-4d9e-942d-a2da7b4dafe7,1961-10-22,0.105,0.105,0.0,0.105,m3/s,m3/s,aucune,FLAG_DUPLICATE_TIMESTEP | FLAG_GAP_TIME_SERIES | FLAG_TIMESTEP_IRREGULAR | QA_REQUIRED | SCIENTIFIC_NOTATION_CONVERTED | UNIT_ASSUMED,0.0,CONFLICT_VALUE_TO_REVIEW
raw_mesures_debit_jr,243891,2551/15,c65f2655-996e-4d9e-942d-a2da7b4dafe7,1961-10-23,0.105,0.105,0.0,0.105,m3/s,m3/s,aucune,FLAG_DUPLICATE_TIMESTEP | FLAG_GAP_TIME_SERIES | FLAG_TIMESTEP_IRREGULAR | QA_REQUIRED | SCIENTIFIC_NOTATION_CONVERTED | UNIT_ASSUMED,0.0,CONFLICT_VALUE_TO_REVIEW
raw_mesures_debit_jr,243892,2551/15,c65f2655-996e-4d9e-942d-a2da7b4dafe7,1961-10-24,0.105,0.105,0.0,0.105,m3/s,m3/s,aucune,FLAG_DUPLICATE_TIMESTEP | FLAG_GAP_TIME_SERIES | FLAG_TIMESTEP_IRREGULAR | QA_REQUIRED | SCIENTIFIC_NOTATION_CONVERTED | UNIT_ASSUMED,0.0,CONFLICT_VALUE_TO_REVIEW
raw_mesures_debit_jr,243893,2551/15,c65f2655-996e-4d9e-942d-a2da7b4dafe7,1961-10-25,0.105,0.105,0.0,0.105,m3/s,m3/s,aucune,FLAG_DUPLICATE_TIMESTEP | FLAG_GAP_TIME_SERIES | FLAG_TIMESTEP_IRREGULAR | QA_REQUIRED | SCIENTIFIC_NOTATION_CONVERTED | UNIT_ASSUMED,0.0,CONFLICT_VALUE_TO_REVIEW
raw_mesures_debit_jr,243894,2551/15,c65f2655-996e-4d9e-942d-a2da7b4dafe7,1961-10-26,0.105,0.105,0.0,0.105,m3/s,m3/s,aucune,FLAG_DUPLICATE_TIMESTEP | FLAG_GAP_TIME_SERIES | FLAG_TIMESTEP_IRREGULAR | QA_REQUIRED | SCIENTIFIC_NOTATION_CONVERTED | UNIT_ASSUMED,0.0,CONFLICT_VALUE_TO_REVIEW
raw_mesures_debit_jr,243895,2551/15,c65f2655-996e-4d9e-942d-a2da7b4dafe7,1961-10-27,0.107,0.107,0.0,0.107,m3/s,m3/s,aucune,FLAG_DUPLICATE_TIMESTEP | FLAG_GAP_TIME_SERIES | FLAG_TIMESTEP_IRREGULAR | QA_REQUIRED | SCIENTIFIC_NOTATION_CONVERTED | UNIT_ASSUMED,0.0,CONFLICT_VALUE_TO_REVIEW
raw_mesures_debit_jr,244922,2551/15,c65f2655-996e-4d9e-942d-a2da7b4dafe7,1964-08-19,0.104,0.104,0.0,0.104,m3/s,m3/s,aucune,FLAG_DUPLICATE_TIMESTEP | FLAG_GAP_TIME_SERIES | FLAG_TIMESTEP_IRREGULAR | QA_REQUIRED | SCIENTIFIC_NOTATION_CONVERTED | UNIT_ASSUMED,0.0,CONFLICT_VALUE_TO_REVIEW
raw_mesures_debit_jr,244929,2551/15,c65f2655-996e-4d9e-942d-a2da7b4dafe7,1964-08-26,0.105,0.105,0.0,0.105,m3/s,m3/s,aucune,FLAG_DUPLICATE_TIMESTEP | FLAG_GAP_TIME_SERIES | FLAG_TIMESTEP_IRREGULAR | QA_REQUIRED | SCIENTIFIC_NOTATION_CONVERTED | UNIT_ASSUMED,0.0,CONFLICT_VALUE_TO_REVIEW
raw_mesures_debit_jr,244955,2551/15,c65f2655-996e-4d9e-942d-a2da7b4dafe7,1964-09-21,0.108,0.108,0.0,0.108,m3/s,m3/s,aucune,FLAG_DUPLICATE_TIMESTEP | FLAG_GAP_TIME_SERIES | FLAG_TIMESTEP_IRREGULAR | QA_REQUIRED | SCIENTIFIC_NOTATION_CONVERTED | UNIT_ASSUMED,0.0,CONFLICT_VALUE_TO_REVIEW
raw_mesures_debit_jr,244979,2551/15,c65f2655-996e-4d9e-942d-a2da7b4dafe7,1964-10-15,0.104,0.104,0.0,0.104,m3/s,m3/s,aucune,FLAG_DUPLICATE_TIMESTEP | FLAG_GAP_TIME_SERIES | FLAG_TIMESTEP_IRREGULAR | QA_REQUIRED | SCIENTIFIC_NOTATION_CONVERTED | UNIT_ASSUMED,0.0,CONFLICT_VALUE_TO_REVIEW
raw_mesures_debit_jr,244980,2551/15,c65f2655-996e-4d9e-942d-a2da7b4dafe7,1964-10-16,0.109,0.109,0.0,0.109,m3/s,m3/s,aucune,FLAG_DUPLICATE_TIMESTEP | FLAG_GAP_TIME_SERIES | FLAG_TIMESTEP_IRREGULAR | QA_REQUIRED | SCIENTIFIC_NOTATION_CONVERTED | UNIT_ASSUMED,0.0,CONFLICT_VALUE_TO_REVIEW
raw_mesures_debit_jr,245253,2551/15,c65f2655-996e-4d9e-942d-a2da7b4dafe7,1965-07-16,0.103,0.103,0.0,0.103,m3/s,m3/s,aucune,FLAG_DUPLICATE_TIMESTEP | FLAG_GAP_TIME_SERIES | FLAG_TIMESTEP_IRREGULAR | QA_REQUIRED | SCIENTIFIC_NOTATION_CONVERTED | UNIT_ASSUMED,0.0,CONFLICT_VALUE_TO_REVIEW
raw_mesures_debit_jr,245304,2551/15,c65f2655-996e-4d9e-942d-a2da7b4dafe7,1965-09-05,0.105,0.105,0.0,0.105,m3/s,m3/s,aucune,FLAG_DUPLICATE_TIMESTEP | FLAG_GAP_TIME_SERIES | FLAG_TIMESTEP_IRREGULAR | QA_REQUIRED | SCIENTIFIC_NOTATION_CONVERTED | UNIT_ASSUMED,0.0,CONFLICT_VALUE_TO_REVIEW
raw_mesures_debit_jr,245592,2551/15,c65f2655-996e-4d9e-942d-a2da7b4dafe7,1966-06-20,0.108,0.108,0.0,0.108,m3/s,m3/s,aucune,FLAG_DUPLICATE_TIMESTEP | FLAG_GAP_TIME_SERIES | FLAG_TIMESTEP_IRREGULAR | QA_REQUIRED | SCIENTIFIC_NOTATION_CONVERTED | UNIT_ASSUMED,0.0,CONFLICT_VALUE_TO_REVIEW
raw_mesures_debit_jr,245593,2551/15,c65f2655-996e-4d9e-942d-a2da7b4dafe7,1966-06-21,0.104,0.104,0.0,0.104,m3/s,m3/s,aucune,FLAG_DUPLICATE_TIMESTEP | FLAG_GAP_TIME_SERIES | FLAG_TIMESTEP_IRREGULAR | QA_REQUIRED | SCIENTIFIC_NOTATION_CONVERTED | UNIT_ASSUMED,0.0,CONFLICT_VALUE_TO_REVIEW
raw_mesures_debit_jr,246103,2551/15,c65f2655-996e-4d9e-942d-a2da7b4dafe7,1967-11-13,0.103,0.103,0.0,0.103,m3/s,m3/s,aucune,FLAG_DUPLICATE_TIMESTEP | FLAG_GAP_TIME_SERIES | FLAG_TIMESTEP_IRREGULAR | QA_REQUIRED | SCIENTIFIC_NOTATION_CONVERTED | UNIT_ASSUMED,0.0,CONFLICT_VALUE_TO_REVIEW
raw_mesures_debit_jr,246354,2551/15,c65f2655-996e-4d9e-942d-a2da7b4dafe7,1968-07-21,0.101,0.101,0.0,0.101,m3/s,m3/s,aucune,FLAG_DUPLICATE_TIMESTEP | FLAG_GAP_TIME_SERIES | FLAG_TIMESTEP_IRREGULAR | QA_REQUIRED | SCIENTIFIC_NOTATION_CONVERTED | UNIT_ASSUMED,0.0,CONFLICT_VALUE_TO_REVIEW
raw_mesures_debit_jr,246356,2551/15,c65f2655-996e-4d9e-942d-a2da7b4dafe7,1968-07-23,0.101,0.101,0.0,0.101,m3/s,m3/s,aucune,FLAG_DUPLICATE_TIMESTEP | FLAG_GAP_TIME_SERIES | FLAG_TIMESTEP_IRREGULAR | QA_REQUIRED | SCIENTIFIC_NOTATION_CONVERTED | UNIT_ASSUMED,0.0,CONFLICT_VALUE_TO_REVIEW
raw_mesures_debit_jr,246358,2551/15,c65f2655-996e-4d9e-942d-a2da7b4dafe7,1968-07-25,0.103,0.103,0.0,0.103,m3/s,m3/s,aucune,FLAG_DUPLICATE_TIMESTEP | FLAG_GAP_TIME_SERIES | FLAG_TIMESTEP_IRREGULAR | QA_REQUIRED | SCIENTIFIC_NOTATION_CONVERTED | UNIT_ASSUMED,0.0,CONFLICT_VALUE_TO_REVIEW
raw_mesures_debit_jr,246360,2551/15,c65f2655-996e-4d9e-942d-a2da7b4dafe7,1968-07-27,0.102,0.102,0.0,0.102,m3/s,m3/s,aucune,FLAG_DUPLICATE_TIMESTEP | FLAG_GAP_TIME_SERIES | FLAG_TIMESTEP_IRREGULAR | QA_REQUIRED | SCIENTIFIC_NOTATION_CONVERTED | UNIT_ASSUMED,0.0,CONFLICT_VALUE_TO_REVIEW
raw_mesures_debit_jr,246362,2551/15,c65f2655-996e-4d9e-942d-a2da7b4dafe7,1968-07-29,0.101,0.101,0.0,0.101,m3/s,m3/s,aucune,FLAG_DUPLICATE_TIMESTEP | FLAG_GAP_TIME_SERIES | FLAG_TIMESTEP_IRREGULAR | QA_REQUIRED | SCIENTIFIC_NOTATION_CONVERTED | UNIT_ASSUMED,0.0,CONFLICT_VALUE_TO_REVIEW
raw_mesures_debit_jr,246420,2551/15,c65f2655-996e-4d9e-942d-a2da7b4dafe7,1968-09-25,0.104,0.104,0.0,0.104,m3/s,m3/s,aucune,FLAG_DUPLICATE_TIMESTEP | FLAG_GAP_TIME_SERIES | FLAG_TIMESTEP_IRREGULAR | QA_REQUIRED | SCIENTIFIC_NOTATION_CONVERTED | UNIT_ASSUMED,0.0,CONFLICT_VALUE_TO_REVIEW
raw_mesures_debit_jr,246442,2551/15,c65f2655-996e-4d9e-942d-a2da7b4dafe7,1968-10-17,0.102,0.102,0.0,0.102,m3/s,m3/s,aucune,FLAG_DUPLICATE_TIMESTEP | FLAG_GAP_TIME_SERIES | FLAG_TIMESTEP_IRREGULAR | QA_REQUIRED | SCIENTIFIC_NOTATION_CONVERTED | UNIT_ASSUMED,0.0,CONFLICT_VALUE_TO_REVIEW
raw_mesures_debit_jr,246443,2551/15,c65f2655-996e-4d9e-942d-a2da7b4dafe7,1968-10-18,0.103,0.103,0.0,0.103,m3/s,m3/s,aucune,FLAG_DUPLICATE_TIMESTEP | FLAG_GAP_TIME_SERIES | FLAG_TIMESTEP_IRREGULAR | QA_REQUIRED | SCIENTIFIC_NOTATION_CONVERTED | UNIT_ASSUMED,0.0,CONFLICT_VALUE_TO_REVIEW
raw_mesures_debit_jr,246444,2551/15,c65f2655-996e-4d9e-942d-a2da7b4dafe7,1968-10-19,0.105,0.105,0.0,0.105,m3/s,m3/s,aucune,FLAG_DUPLICATE_TIMESTEP | FLAG_GAP_TIME_SERIES | FLAG_TIMESTEP_IRREGULAR | QA_REQUIRED | SCIENTIFIC_NOTATION_CONVERTED | UNIT_ASSUMED,0.0,CONFLICT_VALUE_TO_REVIEW
raw_mesures_debit_jr,246445,2551/15,c65f2655-996e-4d9e-942d-a2da7b4dafe7,1968-10-20,0.107,0.107,0.0,0.107,m3/s,m3/s,aucune,FLAG_DUPLICATE_TIMESTEP | FLAG_GAP_TIME_SERIES | FLAG_TIMESTEP_IRREGULAR | QA_REQUIRED | SCIENTIFIC_NOTATION_CONVERTED | UNIT_ASSUMED,0.0,CONFLICT_VALUE_TO_REVIEW
raw_mesures_debit_jr,246446,2551/15,c65f2655-996e-4d9e-942d-a2da7b4dafe7,1968-10-21,0.109,0.109,0.0,0.109,m3/s,m3/s,aucune,FLAG_DUPLICATE_TIMESTEP | FLAG_GAP_TIME_SERIES | FLAG_TIMESTEP_IRREGULAR | QA_REQUIRED | SCIENTIFIC_NOTATION_CONVERTED | UNIT_ASSUMED,0.0,CONFLICT_VALUE_TO_REVIEW
raw_mesures_debit_jr,246699,2551/15,c65f2655-996e-4d9e-942d-a2da7b4dafe7,1969-07-01,0.101,0.101,0.0,0.101,m3/s,m3/s,aucune,FLAG_DUPLICATE_TIMESTEP | FLAG_GAP_TIME_SERIES | FLAG_TIMESTEP_IRREGULAR | QA_REQUIRED | SCIENTIFIC_NOTATION_CONVERTED | UNIT_ASSUMED,0.0,CONFLICT_VALUE_TO_REVIEW
raw_mesures_debit_jr,247107,2551/15,c65f2655-996e-4d9e-942d-a2da7b4dafe7,1970-08-13,0.104,0.104,0.0,0.104,m3/s,m3/s,aucune,FLAG_DUPLICATE_TIMESTEP | FLAG_GAP_TIME_SERIES | FLAG_TIMESTEP_IRREGULAR | QA_REQUIRED | SCIENTIFIC_NOTATION_CONVERTED | UNIT_ASSUMED,0.0,CONFLICT_VALUE_TO_REVIEW
raw_mesures_debit_jr,247863,2551/15,c65f2655-996e-4d9e-942d-a2da7b4dafe7,1972-09-07,0.108,0.108,0.0,0.108,m3/s,m3/s,aucune,FLAG_DUPLICATE_TIMESTEP | FLAG_GAP_TIME_SERIES | FLAG_TIMESTEP_IRREGULAR | QA_REQUIRED | SCIENTIFIC_NOTATION_CONVERTED | UNIT_ASSUMED,0.0,CONFLICT_VALUE_TO_REVIEW
raw_mesures_debit_jr,247864,2551/15,c65f2655-996e-4d9e-942d-a2da7b4dafe7,1972-09-08,0.106,0.106,0.0,0.106,m3/s,m3/s,aucune,FLAG_DUPLICATE_TIMESTEP | FLAG_GAP_TIME_SERIES | FLAG_TIMESTEP_IRREGULAR | QA_REQUIRED | SCIENTIFIC_NOTATION_CONVERTED | UNIT_ASSUMED,0.0,CONFLICT_VALUE_TO_REVIEW
raw_mesures_debit_jr,247865,2551/15,c65f2655-996e-4d9e-942d-a2da7b4dafe7,1972-09-09,0.103,0.103,0.0,0.103,m3/s,m3/s,aucune,FLAG_DUPLICATE_TIMESTEP | FLAG_GAP_TIME_SERIES | FLAG_TIMESTEP_IRREGULAR | QA_REQUIRED | SCIENTIFIC_NOTATION_CONVERTED | UNIT_ASSUMED,0.0,CONFLICT_VALUE_TO_REVIEW
raw_mesures_debit_jr,247884,2551/15,c65f2655-996e-4d9e-942d-a2da7b4dafe7,1972-09-28,0.101,0.101,0.0,0.101,m3/s,m3/s,aucune,FLAG_DUPLICATE_TIMESTEP | FLAG_GAP_TIME_SERIES | FLAG_TIMESTEP_IRREGULAR | QA_REQUIRED | SCIENTIFIC_NOTATION_CONVERTED | UNIT_ASSUMED,0.0,CONFLICT_VALUE_TO_REVIEW
raw_mesures_debit_jr,247885,2551/15,c65f2655-996e-4d9e-942d-a2da7b4dafe7,1972-09-29,0.102,0.102,0.0,0.102,m3/s,m3/s,aucune,FLAG_DUPLICATE_TIMESTEP | FLAG_GAP_TIME_SERIES | FLAG_TIMESTEP_IRREGULAR | QA_REQUIRED | SCIENTIFIC_NOTATION_CONVERTED | UNIT_ASSUMED,0.0,CONFLICT_VALUE_TO_REVIEW
raw_mesures_debit_jr,248167,2551/15,c65f2655-996e-4d9e-942d-a2da7b4dafe7,1973-07-08,0.107,0.107,0.0,0.107,m3/s,m3/s,aucune,FLAG_DUPLICATE_TIMESTEP | FLAG_GAP_TIME_SERIES | FLAG_TIMESTEP_IRREGULAR | QA_REQUIRED | SCIENTIFIC_NOTATION_CONVERTED | UNIT_ASSUMED,0.0,CONFLICT_VALUE_TO_REVIEW
raw_mesures_debit_jr,248168,2551/15,c65f2655-996e-4d9e-942d-a2da7b4dafe7,1973-07-09,0.103,0.103,0.0,0.103,m3/s,m3/s,aucune,FLAG_DUPLICATE_TIMESTEP | FLAG_GAP_TIME_SERIES | FLAG_TIMESTEP_IRREGULAR | QA_REQUIRED | SCIENTIFIC_NOTATION_CONVERTED | UNIT_ASSUMED,0.0,CONFLICT_VALUE_TO_REVIEW
raw_mesures_debit_jr,248272,2551/15,c65f2655-996e-4d9e-942d-a2da7b4dafe7,1973-10-21,0.106,0.106,0.0,0.106,m3/s,m3/s,aucune,FLAG_DUPLICATE_TIMESTEP | FLAG_GAP_TIME_SERIES | FLAG_TIMESTEP_IRREGULAR | QA_REQUIRED | SCIENTIFIC_NOTATION_CONVERTED | UNIT_ASSUMED,0.0,CONFLICT_VALUE_TO_REVIEW
raw_mesures_debit_jr,248304,2551/15,c65f2655-996e-4d9e-942d-a2da7b4dafe7,1973-11-22,0.105,0.105,0.0,0.105,m3/s,m3/s,aucune,FLAG_DUPLICATE_TIMESTEP | FLAG_GAP_TIME_SERIES | FLAG_TIMESTEP_IRREGULAR | QA_REQUIRED | SCIENTIFIC_NOTATION_CONVERTED | UNIT_ASSUMED,0.0,CONFLICT_VALUE_TO_REVIEW
raw_mesures_debit_jr,248305,2551/15,c65f2655-996e-4d9e-942d-a2da7b4dafe7,1973-11-23,0.108,0.108,0.0,0.108,m3/s,m3/s,aucune,FLAG_DUPLICATE_TIMESTEP | FLAG_GAP_TIME_SERIES | FLAG_TIMESTEP_IRREGULAR | QA_REQUIRED | SCIENTIFIC_NOTATION_CONVERTED | UNIT_ASSUMED,0.0,CONFLICT_VALUE_TO_REVIEW
raw_mesures_debit_jr,248587,2551/15,c65f2655-996e-4d9e-942d-a2da7b4dafe7,1974-09-01,0.102,0.102,0.0,0.102,m3/s,m3/s,aucune,FLAG_DUPLICATE_TIMESTEP | FLAG_GAP_TIME_SERIES | FLAG_TIMESTEP_IRREGULAR | QA_REQUIRED | SCIENTIFIC_NOTATION_CONVERTED | UNIT_ASSUMED,0.0,CONFLICT_VALUE_TO_REVIEW
raw_mesures_debit_jr,248588,2551/15,c65f2655-996e-4d9e-942d-a2da7b4dafe7,1974-09-02,0.102,0.102,0.0,0.102,m3/s,m3/s,aucune,FLAG_DUPLICATE_TIMESTEP | FLAG_GAP_TIME_SERIES | FLAG_TIMESTEP_IRREGULAR | QA_REQUIRED | SCIENTIFIC_NOTATION_CONVERTED | UNIT_ASSUMED,0.0,CONFLICT_VALUE_TO_REVIEW
raw_mesures_debit_jr,248589,2551/15,c65f2655-996e-4d9e-942d-a2da7b4dafe7,1974-09-03,0.102,0.102,0.0,0.102,m3/s,m3/s,aucune,FLAG_DUPLICATE_TIMESTEP | FLAG_GAP_TIME_SERIES | FLAG_TIMESTEP_IRREGULAR | QA_REQUIRED | SCIENTIFIC_NOTATION_CONVERTED | UNIT_ASSUMED,0.0,CONFLICT_VALUE_TO_REVIEW
raw_mesures_debit_jr,248590,2551/15,c65f2655-996e-4d9e-942d-a2da7b4dafe7,1974-09-04,0.102,0.102,0.0,0.102,m3/s,m3/s,aucune,FLAG_DUPLICATE_TIMESTEP | FLAG_GAP_TIME_SERIES | FLAG_TIMESTEP_IRREGULAR | QA_REQUIRED | SCIENTIFIC_NOTATION_CONVERTED | UNIT_ASSUMED,0.0,CONFLICT_VALUE_TO_REVIEW
raw_mesures_debit_jr,248591,2551/15,c65f2655-996e-4d9e-942d-a2da7b4dafe7,1974-09-05,0.102,0.102,0.0,0.102,m3/s,m3/s,aucune,FLAG_DUPLICATE_TIMESTEP | FLAG_GAP_TIME_SERIES | FLAG_TIMESTEP_IRREGULAR | QA_REQUIRED | SCIENTIFIC_NOTATION_CONVERTED | UNIT_ASSUMED,0.0,CONFLICT_VALUE_TO_REVIEW
raw_mesures_debit_jr,248592,2551/15,c65f2655-996e-4d9e-942d-a2da7b4dafe7,1974-09-06,0.102,0.102,0.0,0.102,m3/s,m3/s,aucune,FLAG_DUPLICATE_TIMESTEP | FLAG_GAP_TIME_SERIES | FLAG_TIMESTEP_IRREGULAR | QA_REQUIRED | SCIENTIFIC_NOTATION_CONVERTED | UNIT_ASSUMED,0.0,CONFLICT_VALUE_TO_REVIEW
raw_mesures_debit_jr,248593,2551/15,c65f2655-996e-4d9e-942d-a2da7b4dafe7,1974-09-07,0.102,0.102,0.0,0.102,m3/s,m3/s,aucune,FLAG_DUPLICATE_TIMESTEP | FLAG_GAP_TIME_SERIES | FLAG_TIMESTEP_IRREGULAR | QA_REQUIRED | SCIENTIFIC_NOTATION_CONVERTED | UNIT_ASSUMED,0.0,CONFLICT_VALUE_TO_REVIEW
raw_mesures_debit_jr,248594,2551/15,c65f2655-996e-4d9e-942d-a2da7b4dafe7,1974-09-08,0.102,0.102,0.0,0.102,m3/s,m3/s,aucune,FLAG_DUPLICATE_TIMESTEP | FLAG_GAP_TIME_SERIES | FLAG_TIMESTEP_IRREGULAR | QA_REQUIRED | SCIENTIFIC_NOTATION_CONVERTED | UNIT_ASSUMED,0.0,CONFLICT_VALUE_TO_REVIEW
raw_mesures_debit_jr,248595,2551/15,c65f2655-996e-4d9e-942d-a2da7b4dafe7,1974-09-09,0.102,0.102,0.0,0.102,m3/s,m3/s,aucune,FLAG_DUPLICATE_TIMESTEP | FLAG_GAP_TIME_SERIES | FLAG_TIMESTEP_IRREGULAR | QA_REQUIRED | SCIENTIFIC_NOTATION_CONVERTED | UNIT_ASSUMED,0.0,CONFLICT_VALUE_TO_REVIEW
raw_mesures_debit_jr,248596,2551/15,c65f2655-996e-4d9e-942d-a2da7b4dafe7,1974-09-10,0.102,0.102,0.0,0.102,m3/s,m3/s,aucune,FLAG_DUPLICATE_TIMESTEP | FLAG_GAP_TIME_SERIES | FLAG_TIMESTEP_IRREGULAR | QA_REQUIRED | SCIENTIFIC_NOTATION_CONVERTED | UNIT_ASSUMED,0.0,CONFLICT_VALUE_TO_REVIEW
raw_mesures_debit_jr,248597,2551/15,c65f2655-996e-4d9e-942d-a2da7b4dafe7,1974-09-11,0.102,0.102,0.0,0.102,m3/s,m3/s,aucune,FLAG_DUPLICATE_TIMESTEP | FLAG_GAP_TIME_SERIES | FLAG_TIMESTEP_IRREGULAR | QA_REQUIRED | SCIENTIFIC_NOTATION_CONVERTED | UNIT_ASSUMED,0.0,CONFLICT_VALUE_TO_REVIEW
raw_mesures_debit_jr,248598,2551/15,c65f2655-996e-4d9e-942d-a2da7b4dafe7,1974-09-12,0.102,0.102,0.0,0.102,m3/s,m3/s,aucune,FLAG_DUPLICATE_TIMESTEP | FLAG_GAP_TIME_SERIES | FLAG_TIMESTEP_IRREGULAR | QA_REQUIRED | SCIENTIFIC_NOTATION_CONVERTED | UNIT_ASSUMED,0.0,CONFLICT_VALUE_TO_REVIEW
raw_mesures_debit_jr,248599,2551/15,c65f2655-996e-4d9e-942d-a2da7b4dafe7,1974-09-13,0.101,0.101,0.0,0.101,m3/s,m3/s,aucune,FLAG_DUPLICATE_TIMESTEP | FLAG_GAP_TIME_SERIES | FLAG_TIMESTEP_IRREGULAR | QA_REQUIRED | SCIENTIFIC_NOTATION_CONVERTED | UNIT_ASSUMED,0.0,CONFLICT_VALUE_TO_REVIEW
raw_mesures_debit_jr,248908,2551/15,c65f2655-996e-4d9e-942d-a2da7b4dafe7,1975-07-19,0.104,0.104,0.0,0.104,m3/s,m3/s,aucune,FLAG_DUPLICATE_TIMESTEP | FLAG_GAP_TIME_SERIES | FLAG_TIMESTEP_IRREGULAR | QA_REQUIRED | SCIENTIFIC_NOTATION_CONVERTED | UNIT_ASSUMED,0.0,CONFLICT_VALUE_TO_REVIEW
raw_mesures_debit_jr,248993,2551/15,c65f2655-996e-4d9e-942d-a2da7b4dafe7,1975-10-12,0.101,0.101,0.0,0.101,m3/s,m3/s,aucune,FLAG_DUPLICATE_TIMESTEP | FLAG_GAP_TIME_SERIES | FLAG_TIMESTEP_IRREGULAR | QA_REQUIRED | SCIENTIFIC_NOTATION_CONVERTED | UNIT_ASSUMED,0.0,CONFLICT_VALUE_TO_REVIEW
raw_mesures_debit_jr,249296,2551/15,c65f2655-996e-4d9e-942d-a2da7b4dafe7,1976-08-10,0.108,0.108,0.0,0.108,m3/s,m3/s,aucune,FLAG_DUPLICATE_TIMESTEP | FLAG_GAP_TIME_SERIES | FLAG_TIMESTEP_IRREGULAR | QA_REQUIRED | SCIENTIFIC_NOTATION_CONVERTED | UNIT_ASSUMED,0.0,CONFLICT_VALUE_TO_REVIEW
raw_mesures_debit_jr,249297,2551/15,c65f2655-996e-4d9e-942d-a2da7b4dafe7,1976-08-11,0.104,0.104,0.0,0.104,m3/s,m3/s,aucune,FLAG_DUPLICATE_TIMESTEP | FLAG_GAP_TIME_SERIES | FLAG_TIMESTEP_IRREGULAR | QA_REQUIRED | SCIENTIFIC_NOTATION_CONVERTED | UNIT_ASSUMED,0.0,CONFLICT_VALUE_TO_REVIEW
raw_mesures_debit_jr,250050,2551/15,c65f2655-996e-4d9e-942d-a2da7b4dafe7,1978-09-03,0.104,0.104,0.0,0.104,m3/s,m3/s,aucune,FLAG_DUPLICATE_TIMESTEP | FLAG_GAP_TIME_SERIES | FLAG_TIMESTEP_IRREGULAR | QA_REQUIRED | SCIENTIFIC_NOTATION_CONVERTED | UNIT_ASSUMED,0.0,CONFLICT_VALUE_TO_REVIEW
raw_mesures_debit_jr,250093,2551/15,c65f2655-996e-4d9e-942d-a2da7b4dafe7,1978-10-16,0.105,0.105,0.0,0.105,m3/s,m3/s,aucune,FLAG_DUPLICATE_TIMESTEP | FLAG_GAP_TIME_SERIES | FLAG_TIMESTEP_IRREGULAR | QA_REQUIRED | SCIENTIFIC_NOTATION_CONVERTED | UNIT_ASSUMED,0.0,CONFLICT_VALUE_TO_REVIEW
raw_mesures_debit_jr,250384,2551/15,c65f2655-996e-4d9e-942d-a2da7b4dafe7,1979-08-03,0.107,0.107,0.0,0.107,m3/s,m3/s,aucune,FLAG_DUPLICATE_TIMESTEP | FLAG_GAP_TIME_SERIES | FLAG_TIMESTEP_IRREGULAR | QA_REQUIRED | SCIENTIFIC_NOTATION_CONVERTED | UNIT_ASSUMED,0.0,CONFLICT_VALUE_TO_REVIEW
raw_mesures_debit_jr,250385,2551/15,c65f2655-996e-4d9e-942d-a2da7b4dafe7,1979-08-04,0.103,0.103,0.0,0.103,m3/s,m3/s,aucune,FLAG_DUPLICATE_TIMESTEP | FLAG_GAP_TIME_SERIES | FLAG_TIMESTEP_IRREGULAR | QA_REQUIRED | SCIENTIFIC_NOTATION_CONVERTED | UNIT_ASSUMED,0.0,CONFLICT_VALUE_TO_REVIEW
raw_mesures_debit_jr,250740,2551/15,c65f2655-996e-4d9e-942d-a2da7b4dafe7,1980-07-24,0.108,0.108,0.0,0.108,m3/s,m3/s,aucune,FLAG_DUPLICATE_TIMESTEP | FLAG_GAP_TIME_SERIES | FLAG_TIMESTEP_IRREGULAR | QA_REQUIRED | SCIENTIFIC_NOTATION_CONVERTED | UNIT_ASSUMED,0.0,CONFLICT_VALUE_TO_REVIEW
raw_mesures_debit_jr,250741,2551/15,c65f2655-996e-4d9e-942d-a2da7b4dafe7,1980-07-25,0.104,0.104,0.0,0.104,m3/s,m3/s,aucune,FLAG_DUPLICATE_TIMESTEP | FLAG_GAP_TIME_SERIES | FLAG_TIMESTEP_IRREGULAR | QA_REQUIRED | SCIENTIFIC_NOTATION_CONVERTED | UNIT_ASSUMED,0.0,CONFLICT_VALUE_TO_REVIEW
raw_mesures_debit_jr,250742,2551/15,c65f2655-996e-4d9e-942d-a2da7b4dafe7,1980-07-26,0.101,0.101,0.0,0.101,m3/s,m3/s,aucune,FLAG_DUPLICATE_TIMESTEP | FLAG_GAP_TIME_SERIES | FLAG_TIMESTEP_IRREGULAR | QA_REQUIRED | SCIENTIFIC_NOTATION_CONVERTED | UNIT_ASSUMED,0.0,CONFLICT_VALUE_TO_REVIEW
raw_mesures_debit_jr,250757,2551/15,c65f2655-996e-4d9e-942d-a2da7b4dafe7,1980-08-10,0.101,0.101,0.0,0.101,m3/s,m3/s,aucune,FLAG_DUPLICATE_TIMESTEP | FLAG_GAP_TIME_SERIES | FLAG_TIMESTEP_IRREGULAR | QA_REQUIRED | SCIENTIFIC_NOTATION_CONVERTED | UNIT_ASSUMED,0.0,CONFLICT_VALUE_TO_REVIEW
raw_mesures_debit_jr,250758,2551/15,c65f2655-996e-4d9e-942d-a2da7b4dafe7,1980-08-11,0.105,0.105,0.0,0.105,m3/s,m3/s,aucune,FLAG_DUPLICATE_TIMESTEP | FLAG_GAP_TIME_SERIES | FLAG_TIMESTEP_IRREGULAR | QA_REQUIRED | SCIENTIFIC_NOTATION_CONVERTED | UNIT_ASSUMED,0.0,CONFLICT_VALUE_TO_REVIEW
raw_mesures_debit_jr,250759,2551/15,c65f2655-996e-4d9e-942d-a2da7b4dafe7,1980-08-12,0.109,0.109,0.0,0.109,m3/s,m3/s,aucune,FLAG_DUPLICATE_TIMESTEP | FLAG_GAP_TIME_SERIES | FLAG_TIMESTEP_IRREGULAR | QA_REQUIRED | SCIENTIFIC_NOTATION_CONVERTED | UNIT_ASSUMED,0.0,CONFLICT_VALUE_TO_REVIEW
raw_mesures_debit_jr,250767,2551/15,c65f2655-996e-4d9e-942d-a2da7b4dafe7,1980-08-20,0.101,0.101,0.0,0.101,m3/s,m3/s,aucune,FLAG_DUPLICATE_TIMESTEP | FLAG_GAP_TIME_SERIES | FLAG_TIMESTEP_IRREGULAR | QA_REQUIRED | SCIENTIFIC_NOTATION_CONVERTED | UNIT_ASSUMED,0.0,CONFLICT_VALUE_TO_REVIEW
raw_mesures_debit_jr,250950,2551/15,c65f2655-996e-4d9e-942d-a2da7b4dafe7,1981-02-19,0.102,0.102,0.0,0.102,m3/s,m3/s,aucune,FLAG_DUPLICATE_TIMESTEP | FLAG_GAP_TIME_SERIES | FLAG_TIMESTEP_IRREGULAR | QA_REQUIRED | SCIENTIFIC_NOTATION_CONVERTED | UNIT_ASSUMED,0.0,CONFLICT_VALUE_TO_REVIEW
raw_mesures_debit_jr,251096,2551/15,c65f2655-996e-4d9e-942d-a2da7b4dafe7,1981-07-15,0.106,0.106,0.0,0.106,m3/s,m3/s,aucune,FLAG_DUPLICATE_TIMESTEP | FLAG_GAP_TIME_SERIES | FLAG_TIMESTEP_IRREGULAR | QA_REQUIRED | SCIENTIFIC_NOTATION_CONVERTED | UNIT_ASSUMED,0.0,CONFLICT_VALUE_TO_REVIEW
raw_mesures_debit_jr,251210,2551/15,c65f2655-996e-4d9e-942d-a2da7b4dafe7,1981-11-06,0.106,0.106,0.0,0.106,m3/s,m3/s,aucune,FLAG_DUPLICATE_TIMESTEP | FLAG_GAP_TIME_SERIES | FLAG_TIMESTEP_IRREGULAR | QA_REQUIRED | SCIENTIFIC_NOTATION_CONVERTED | UNIT_ASSUMED,0.0,CONFLICT_VALUE_TO_REVIEW
raw_mesures_debit_jr,251241,2551/15,c65f2655-996e-4d9e-942d-a2da7b4dafe7,1981-12-07,0.105,0.105,0.0,0.105,m3/s,m3/s,aucune,FLAG_DUPLICATE_TIMESTEP | FLAG_GAP_TIME_SERIES | FLAG_TIMESTEP_IRREGULAR | QA_REQUIRED | SCIENTIFIC_NOTATION_CONVERTED | UNIT_ASSUMED,0.0,CONFLICT_VALUE_TO_REVIEW
raw_mesures_debit_jr,251242,2551/15,c65f2655-996e-4d9e-942d-a2da7b4dafe7,1981-12-08,0.102,0.102,0.0,0.102,m3/s,m3/s,aucune,FLAG_DUPLICATE_TIMESTEP | FLAG_GAP_TIME_SERIES | FLAG_TIMESTEP_IRREGULAR | QA_REQUIRED | SCIENTIFIC_NOTATION_CONVERTED | UNIT_ASSUMED,0.0,CONFLICT_VALUE_TO_REVIEW
raw_mesures_debit_jr,251446,2551/15,c65f2655-996e-4d9e-942d-a2da7b4dafe7,1982-06-30,0.102,0.102,0.0,0.102,m3/s,m3/s,aucune,FLAG_DUPLICATE_TIMESTEP | FLAG_GAP_TIME_SERIES | FLAG_TIMESTEP_IRREGULAR | QA_REQUIRED | SCIENTIFIC_NOTATION_CONVERTED | UNIT_ASSUMED,0.0,CONFLICT_VALUE_TO_REVIEW
raw_mesures_debit_jr,251450,2551/15,c65f2655-996e-4d9e-942d-a2da7b4dafe7,1982-07-04,0.105,0.105,0.0,0.105,m3/s,m3/s,aucune,FLAG_DUPLICATE_TIMESTEP | FLAG_GAP_TIME_SERIES | FLAG_TIMESTEP_IRREGULAR | QA_REQUIRED | SCIENTIFIC_NOTATION_CONVERTED | UNIT_ASSUMED,0.0,CONFLICT_VALUE_TO_REVIEW
raw_mesures_debit_jr,251473,2551/15,c65f2655-996e-4d9e-942d-a2da7b4dafe7,1982-07-27,0.105,0.105,0.0,0.105,m3/s,m3/s,aucune,FLAG_DUPLICATE_TIMESTEP | FLAG_GAP_TIME_SERIES | FLAG_TIMESTEP_IRREGULAR | QA_REQUIRED | SCIENTIFIC_NOTATION_CONVERTED | UNIT_ASSUMED,0.0,CONFLICT_VALUE_TO_REVIEW
raw_mesures_debit_jr,251488,2551/15,c65f2655-996e-4d9e-942d-a2da7b4dafe7,1982-08-11,0.107,0.107,0.0,0.107,m3/s,m3/s,aucune,FLAG_DUPLICATE_TIMESTEP | FLAG_GAP_TIME_SERIES | FLAG_TIMESTEP_IRREGULAR | QA_REQUIRED | SCIENTIFIC_NOTATION_CONVERTED | UNIT_ASSUMED,0.0,CONFLICT_VALUE_TO_REVIEW
raw_mesures_debit_jr,251532,2551/15,c65f2655-996e-4d9e-942d-a2da7b4dafe7,1982-09-24,0.105,0.105,0.0,0.105,m3/s,m3/s,aucune,FLAG_DUPLICATE_TIMESTEP | FLAG_GAP_TIME_SERIES | FLAG_TIMESTEP_IRREGULAR | QA_REQUIRED | SCIENTIFIC_NOTATION_CONVERTED | UNIT_ASSUMED,0.0,CONFLICT_VALUE_TO_REVIEW
raw_mesures_debit_jr,251557,2551/15,c65f2655-996e-4d9e-942d-a2da7b4dafe7,1982-10-19,0.105,0.105,0.0,0.105,m3/s,m3/s,aucune,FLAG_DUPLICATE_TIMESTEP | FLAG_GAP_TIME_SERIES | FLAG_TIMESTEP_IRREGULAR | QA_REQUIRED | SCIENTIFIC_NOTATION_CONVERTED | UNIT_ASSUMED,0.0,CONFLICT_VALUE_TO_REVIEW
raw_mesures_debit_jr,251778,2551/15,c65f2655-996e-4d9e-942d-a2da7b4dafe7,1983-05-28,0.106,0.106,0.0,0.106,m3/s,m3/s,aucune,FLAG_DUPLICATE_TIMESTEP | FLAG_GAP_TIME_SERIES | FLAG_TIMESTEP_IRREGULAR | QA_REQUIRED | SCIENTIFIC_NOTATION_CONVERTED | UNIT_ASSUMED,0.0,CONFLICT_VALUE_TO_REVIEW
raw_mesures_debit_jr,251947,2551/15,c65f2655-996e-4d9e-942d-a2da7b4dafe7,1983-11-13,0.106,0.106,0.0,0.106,m3/s,m3/s,aucune,FLAG_DUPLICATE_TIMESTEP | FLAG_GAP_TIME_SERIES | FLAG_TIMESTEP_IRREGULAR | QA_REQUIRED | SCIENTIFIC_NOTATION_CONVERTED | UNIT_ASSUMED,0.0,CONFLICT_VALUE_TO_REVIEW
raw_mesures_debit_jr,253260,2551/15,c65f2655-996e-4d9e-942d-a2da7b4dafe7,1987-06-18,0.108,0.108,0.0,0.108,m3/s,m3/s,aucune,FLAG_DUPLICATE_TIMESTEP | FLAG_GAP_TIME_SERIES | FLAG_TIMESTEP_IRREGULAR | QA_REQUIRED | SCIENTIFIC_NOTATION_CONVERTED | UNIT_ASSUMED,0.0,CONFLICT_VALUE_TO_REVIEW
raw_mesures_debit_jr,253374,2551/15,c65f2655-996e-4d9e-942d-a2da7b4dafe7,1987-10-10,0.108,0.108,0.0,0.108,m3/s,m3/s,aucune,FLAG_DUPLICATE_TIMESTEP | FLAG_GAP_TIME_SERIES | FLAG_TIMESTEP_IRREGULAR | QA_REQUIRED | SCIENTIFIC_NOTATION_CONVERTED | UNIT_ASSUMED,0.0,CONFLICT_VALUE_TO_REVIEW
raw_mesures_debit_jr,253622,2551/15,c65f2655-996e-4d9e-942d-a2da7b4dafe7,1988-06-14,0.108,0.108,0.0,0.108,m3/s,m3/s,aucune,FLAG_DUPLICATE_TIMESTEP | FLAG_GAP_TIME_SERIES | FLAG_TIMESTEP_IRREGULAR | QA_REQUIRED | SCIENTIFIC_NOTATION_CONVERTED | UNIT_ASSUMED,0.0,CONFLICT_VALUE_TO_REVIEW
raw_mesures_debit_jr,254070,2551/15,c65f2655-996e-4d9e-942d-a2da7b4dafe7,1989-09-05,0.102,0.102,0.0,0.102,m3/s,m3/s,aucune,FLAG_DUPLICATE_TIMESTEP | FLAG_GAP_TIME_SERIES | FLAG_TIMESTEP_IRREGULAR | QA_REQUIRED | SCIENTIFIC_NOTATION_CONVERTED | UNIT_ASSUMED,0.0,CONFLICT_VALUE_TO_REVIEW
raw_mesures_debit_jr,254471,2551/15,c65f2655-996e-4d9e-942d-a2da7b4dafe7,1990-10-11,0.107,0.107,0.0,0.107,m3/s,m3/s,aucune,FLAG_DUPLICATE_TIMESTEP | FLAG_GAP_TIME_SERIES | FLAG_TIMESTEP_IRREGULAR | QA_REQUIRED | SCIENTIFIC_NOTATION_CONVERTED | UNIT_ASSUMED,0.0,CONFLICT_VALUE_TO_REVIEW
raw_mesures_debit_jr,254744,2551/15,c65f2655-996e-4d9e-942d-a2da7b4dafe7,1991-07-11,0.105,0.105,0.0,0.105,m3/s,m3/s,aucune,FLAG_DUPLICATE_TIMESTEP | FLAG_GAP_TIME_SERIES | FLAG_TIMESTEP_IRREGULAR | QA_REQUIRED | SCIENTIFIC_NOTATION_CONVERTED | UNIT_ASSUMED,0.0,CONFLICT_VALUE_TO_REVIEW
raw_mesures_debit_jr,255222,2551/15,c65f2655-996e-4d9e-942d-a2da7b4dafe7,1992-10-31,0.107,0.107,0.0,0.107,m3/s,m3/s,aucune,FLAG_DUPLICATE_TIMESTEP | FLAG_GAP_TIME_SERIES | FLAG_TIMESTEP_IRREGULAR | QA_REQUIRED | SCIENTIFIC_NOTATION_CONVERTED | UNIT_ASSUMED,0.0,CONFLICT_VALUE_TO_REVIEW
raw_mesures_debit_jr,255388,2551/15,c65f2655-996e-4d9e-942d-a2da7b4dafe7,1993-04-15,0.105,0.105,0.0,0.105,m3/s,m3/s,aucune,FLAG_DUPLICATE_TIMESTEP | FLAG_GAP_TIME_SERIES | FLAG_TIMESTEP_IRREGULAR | QA_REQUIRED | SCIENTIFIC_NOTATION_CONVERTED | UNIT_ASSUMED,0.0,CONFLICT_VALUE_TO_REVIEW
raw_mesures_debit_jr,255946,2551/15,c65f2655-996e-4d9e-942d-a2da7b4dafe7,1994-10-25,0.109,0.109,0.0,0.109,m3/s,m3/s,aucune,FLAG_DUPLICATE_TIMESTEP | FLAG_GAP_TIME_SERIES | FLAG_TIMESTEP_IRREGULAR | QA_REQUIRED | SCIENTIFIC_NOTATION_CONVERTED | UNIT_ASSUMED,0.0,CONFLICT_VALUE_TO_REVIEW
raw_mesures_debit_jr,255985,2551/15,c65f2655-996e-4d9e-942d-a2da7b4dafe7,1994-12-03,0.109,0.109,0.0,0.109,m3/s,m3/s,aucune,FLAG_DUPLICATE_TIMESTEP | FLAG_GAP_TIME_SERIES | FLAG_TIMESTEP_IRREGULAR | QA_REQUIRED | SCIENTIFIC_NOTATION_CONVERTED | UNIT_ASSUMED,0.0,CONFLICT_VALUE_TO_REVIEW
raw_mesures_debit_jr,256108,2551/15,c65f2655-996e-4d9e-942d-a2da7b4dafe7,1995-04-05,0.109,0.109,0.0,0.109,m3/s,m3/s,aucune,FLAG_DUPLICATE_TIMESTEP | FLAG_GAP_TIME_SERIES | FLAG_TIMESTEP_IRREGULAR | QA_REQUIRED | SCIENTIFIC_NOTATION_CONVERTED | UNIT_ASSUMED,0.0,CONFLICT_VALUE_TO_REVIEW
raw_mesures_debit_jr,256582,2551/15,c65f2655-996e-4d9e-942d-a2da7b4dafe7,1996-07-22,0.104,0.104,0.0,0.104,m3/s,m3/s,aucune,FLAG_DUPLICATE_TIMESTEP | FLAG_GAP_TIME_SERIES | FLAG_TIMESTEP_IRREGULAR | QA_REQUIRED | SCIENTIFIC_NOTATION_CONVERTED | UNIT_ASSUMED,0.0,CONFLICT_VALUE_TO_REVIEW
raw_mesures_debit_jr,258970,2551/15,c65f2655-996e-4d9e-942d-a2da7b4dafe7,2003-02-04,4.1002,4.1002,400.0,4.1002,m3/s,m3/s,aucune,FLAG_DUPLICATE_TIMESTEP | FLAG_GAP_TIME_SERIES | FLAG_TIMESTEP_IRREGULAR | QA_REQUIRED | SCIENTIFIC_NOTATION_CONVERTED | UNIT_ASSUMED,97.55621676991366,CONFLICT_VALUE_TO_REVIEW
raw_mesures_debit_jr,259032,2551/15,c65f2655-996e-4d9e-942d-a2da7b4dafe7,2003-04-07,4.1002,4.1002,400.0,4.1002,m3/s,m3/s,aucune,FLAG_DUPLICATE_TIMESTEP | FLAG_GAP_TIME_SERIES | FLAG_TIMESTEP_IRREGULAR | QA_REQUIRED | SCIENTIFIC_NOTATION_CONVERTED | UNIT_ASSUMED,97.55621676991366,CONFLICT_VALUE_TO_REVIEW
raw_mesures_debit_jr,260213,2551/15,c65f2655-996e-4d9e-942d-a2da7b4dafe7,2006-07-01,0.108,0.108,0.0,0.108,m3/s,m3/s,aucune,FLAG_DUPLICATE_TIMESTEP | FLAG_GAP_TIME_SERIES | FLAG_TIMESTEP_IRREGULAR | QA_REQUIRED | SCIENTIFIC_NOTATION_CONVERTED | UNIT_ASSUMED,0.0,CONFLICT_VALUE_TO_REVIEW
raw_mesures_debit_jr,260214,2551/15,c65f2655-996e-4d9e-942d-a2da7b4dafe7,2006-07-02,0.108,0.108,0.0,0.108,m3/s,m3/s,aucune,FLAG_DUPLICATE_TIMESTEP | FLAG_GAP_TIME_SERIES | FLAG_TIMESTEP_IRREGULAR | QA_REQUIRED | SCIENTIFIC_NOTATION_CONVERTED | UNIT_ASSUMED,0.0,CONFLICT_VALUE_TO_REVIEW
raw_mesures_debit_jr,260215,2551/15,c65f2655-996e-4d9e-942d-a2da7b4dafe7,2006-07-03,0.108,0.108,0.0,0.108,m3/s,m3/s,aucune,FLAG_DUPLICATE_TIMESTEP | FLAG_GAP_TIME_SERIES | FLAG_TIMESTEP_IRREGULAR | QA_REQUIRED | SCIENTIFIC_NOTATION_CONVERTED | UNIT_ASSUMED,0.0,CONFLICT_VALUE_TO_REVIEW
raw_mesures_debit_jr,260216,2551/15,c65f2655-996e-4d9e-942d-a2da7b4dafe7,2006-07-04,0.108,0.108,0.0,0.108,m3/s,m3/s,aucune,FLAG_DUPLICATE_TIMESTEP | FLAG_GAP_TIME_SERIES | FLAG_TIMESTEP_IRREGULAR | QA_REQUIRED | SCIENTIFIC_NOTATION_CONVERTED | UNIT_ASSUMED,0.0,CONFLICT_VALUE_TO_REVIEW
raw_mesures_debit_jr,260217,2551/15,c65f2655-996e-4d9e-942d-a2da7b4dafe7,2006-07-05,0.108,0.108,0.0,0.108,m3/s,m3/s,aucune,FLAG_DUPLICATE_TIMESTEP | FLAG_GAP_TIME_SERIES | FLAG_TIMESTEP_IRREGULAR | QA_REQUIRED | SCIENTIFIC_NOTATION_CONVERTED | UNIT_ASSUMED,0.0,CONFLICT_VALUE_TO_REVIEW
raw_mesures_debit_jr,260218,2551/15,c65f2655-996e-4d9e-942d-a2da7b4dafe7,2006-07-06,0.108,0.108,0.0,0.108,m3/s,m3/s,aucune,FLAG_DUPLICATE_TIMESTEP | FLAG_GAP_TIME_SERIES | FLAG_TIMESTEP_IRREGULAR | QA_REQUIRED | SCIENTIFIC_NOTATION_CONVERTED | UNIT_ASSUMED,0.0,CONFLICT_VALUE_TO_REVIEW
raw_mesures_debit_jr,260219,2551/15,c65f2655-996e-4d9e-942d-a2da7b4dafe7,2006-07-07,0.108,0.108,0.0,0.108,m3/s,m3/s,aucune,FLAG_DUPLICATE_TIMESTEP | FLAG_GAP_TIME_SERIES | FLAG_TIMESTEP_IRREGULAR | QA_REQUIRED | SCIENTIFIC_NOTATION_CONVERTED | UNIT_ASSUMED,0.0,CONFLICT_VALUE_TO_REVIEW
raw_mesures_debit_jr,260220,2551/15,c65f2655-996e-4d9e-942d-a2da7b4dafe7,2006-07-08,0.108,0.108,0.0,0.108,m3/s,m3/s,aucune,FLAG_DUPLICATE_TIMESTEP | FLAG_GAP_TIME_SERIES | FLAG_TIMESTEP_IRREGULAR | QA_REQUIRED | SCIENTIFIC_NOTATION_CONVERTED | UNIT_ASSUMED,0.0,CONFLICT_VALUE_TO_REVIEW
raw_mesures_debit_jr,260221,2551/15,c65f2655-996e-4d9e-942d-a2da7b4dafe7,2006-07-09,0.108,0.108,0.0,0.108,m3/s,m3/s,aucune,FLAG_DUPLICATE_TIMESTEP | FLAG_GAP_TIME_SERIES | FLAG_TIMESTEP_IRREGULAR | QA_REQUIRED | SCIENTIFIC_NOTATION_CONVERTED | UNIT_ASSUMED,0.0,CONFLICT_VALUE_TO_REVIEW
raw_mesures_debit_jr,260222,2551/15,c65f2655-996e-4d9e-942d-a2da7b4dafe7,2006-07-10,0.108,0.108,0.0,0.108,m3/s,m3/s,aucune,FLAG_DUPLICATE_TIMESTEP | FLAG_GAP_TIME_SERIES | FLAG_TIMESTEP_IRREGULAR | QA_REQUIRED | SCIENTIFIC_NOTATION_CONVERTED | UNIT_ASSUMED,0.0,CONFLICT_VALUE_TO_REVIEW
raw_mesures_debit_jr,260223,2551/15,c65f2655-996e-4d9e-942d-a2da7b4dafe7,2006-07-11,0.108,0.108,0.0,0.108,m3/s,m3/s,aucune,FLAG_DUPLICATE_TIMESTEP | FLAG_GAP_TIME_SERIES | FLAG_TIMESTEP_IRREGULAR | QA_REQUIRED | SCIENTIFIC_NOTATION_CONVERTED | UNIT_ASSUMED,0.0,CONFLICT_VALUE_TO_REVIEW
raw_mesures_debit_jr,260224,2551/15,c65f2655-996e-4d9e-942d-a2da7b4dafe7,2006-07-12,0.108,0.108,0.0,0.108,m3/s,m3/s,aucune,FLAG_DUPLICATE_TIMESTEP | FLAG_GAP_TIME_SERIES | FLAG_TIMESTEP_IRREGULAR | QA_REQUIRED | SCIENTIFIC_NOTATION_CONVERTED | UNIT_ASSUMED,0.0,CONFLICT_VALUE_TO_REVIEW
raw_mesures_debit_jr,260225,2551/15,c65f2655-996e-4d9e-942d-a2da7b4dafe7,2006-07-13,0.108,0.108,0.0,0.108,m3/s,m3/s,aucune,FLAG_DUPLICATE_TIMESTEP | FLAG_GAP_TIME_SERIES | FLAG_TIMESTEP_IRREGULAR | QA_REQUIRED | SCIENTIFIC_NOTATION_CONVERTED | UNIT_ASSUMED,0.0,CONFLICT_VALUE_TO_REVIEW
raw_mesures_debit_jr,260231,2551/15,c65f2655-996e-4d9e-942d-a2da7b4dafe7,2006-07-19,0.108,0.108,0.0,0.108,m3/s,m3/s,aucune,FLAG_DUPLICATE_TIMESTEP | FLAG_GAP_TIME_SERIES | FLAG_TIMESTEP_IRREGULAR | QA_REQUIRED | SCIENTIFIC_NOTATION_CONVERTED | UNIT_ASSUMED,0.0,CONFLICT_VALUE_TO_REVIEW
raw_mesures_debit_jr,260232,2551/15,c65f2655-996e-4d9e-942d-a2da7b4dafe7,2006-07-20,0.108,0.108,0.0,0.108,m3/s,m3/s,aucune,FLAG_DUPLICATE_TIMESTEP | FLAG_GAP_TIME_SERIES | FLAG_TIMESTEP_IRREGULAR | QA_REQUIRED | SCIENTIFIC_NOTATION_CONVERTED | UNIT_ASSUMED,0.0,CONFLICT_VALUE_TO_REVIEW
raw_mesures_debit_jr,260233,2551/15,c65f2655-996e-4d9e-942d-a2da7b4dafe7,2006-07-21,0.108,0.108,0.0,0.108,m3/s,m3/s,aucune,FLAG_DUPLICATE_TIMESTEP | FLAG_GAP_TIME_SERIES | FLAG_TIMESTEP_IRREGULAR | QA_REQUIRED | SCIENTIFIC_NOTATION_CONVERTED | UNIT_ASSUMED,0.0,CONFLICT_VALUE_TO_REVIEW
raw_mesures_debit_jr,260234,2551/15,c65f2655-996e-4d9e-942d-a2da7b4dafe7,2006-07-22,0.108,0.108,0.0,0.108,m3/s,m3/s,aucune,FLAG_DUPLICATE_TIMESTEP | FLAG_GAP_TIME_SERIES | FLAG_TIMESTEP_IRREGULAR | QA_REQUIRED | SCIENTIFIC_NOTATION_CONVERTED | UNIT_ASSUMED,0.0,CONFLICT_VALUE_TO_REVIEW
raw_mesures_debit_jr,260235,2551/15,c65f2655-996e-4d9e-942d-a2da7b4dafe7,2006-07-23,0.108,0.108,0.0,0.108,m3/s,m3/s,aucune,FLAG_DUPLICATE_TIMESTEP | FLAG_GAP_TIME_SERIES | FLAG_TIMESTEP_IRREGULAR | QA_REQUIRED | SCIENTIFIC_NOTATION_CONVERTED | UNIT_ASSUMED,0.0,CONFLICT_VALUE_TO_REVIEW
raw_mesures_debit_jr,260236,2551/15,c65f2655-996e-4d9e-942d-a2da7b4dafe7,2006-07-24,0.108,0.108,0.0,0.108,m3/s,m3/s,aucune,FLAG_DUPLICATE_TIMESTEP | FLAG_GAP_TIME_SERIES | FLAG_TIMESTEP_IRREGULAR | QA_REQUIRED | SCIENTIFIC_NOTATION_CONVERTED | UNIT_ASSUMED,0.0,CONFLICT_VALUE_TO_REVIEW
raw_mesures_debit_jr,260237,2551/15,c65f2655-996e-4d9e-942d-a2da7b4dafe7,2006-07-25,0.108,0.108,0.0,0.108,m3/s,m3/s,aucune,FLAG_DUPLICATE_TIMESTEP | FLAG_GAP_TIME_SERIES | FLAG_TIMESTEP_IRREGULAR | QA_REQUIRED | SCIENTIFIC_NOTATION_CONVERTED | UNIT_ASSUMED,0.0,CONFLICT_VALUE_TO_REVIEW
raw_mesures_debit_jr,260238,2551/15,c65f2655-996e-4d9e-942d-a2da7b4dafe7,2006-07-26,0.108,0.108,0.0,0.108,m3/s,m3/s,aucune,FLAG_DUPLICATE_TIMESTEP | FLAG_GAP_TIME_SERIES | FLAG_TIMESTEP_IRREGULAR | QA_REQUIRED | SCIENTIFIC_NOTATION_CONVERTED | UNIT_ASSUMED,0.0,CONFLICT_VALUE_TO_REVIEW
raw_mesures_debit_jr,260239,2551/15,c65f2655-996e-4d9e-942d-a2da7b4dafe7,2006-07-27,0.108,0.108,0.0,0.108,m3/s,m3/s,aucune,FLAG_DUPLICATE_TIMESTEP | FLAG_GAP_TIME_SERIES | FLAG_TIMESTEP_IRREGULAR | QA_REQUIRED | SCIENTIFIC_NOTATION_CONVERTED | UNIT_ASSUMED,0.0,CONFLICT_VALUE_TO_REVIEW
raw_mesures_debit_jr,260240,2551/15,c65f2655-996e-4d9e-942d-a2da7b4dafe7,2006-07-28,0.108,0.108,0.0,0.108,m3/s,m3/s,aucune,FLAG_DUPLICATE_TIMESTEP | FLAG_GAP_TIME_SERIES | FLAG_TIMESTEP_IRREGULAR | QA_REQUIRED | SCIENTIFIC_NOTATION_CONVERTED | UNIT_ASSUMED,0.0,CONFLICT_VALUE_TO_REVIEW
raw_mesures_debit_jr,260241,2551/15,c65f2655-996e-4d9e-942d-a2da7b4dafe7,2006-07-29,0.108,0.108,0.0,0.108,m3/s,m3/s,aucune,FLAG_DUPLICATE_TIMESTEP | FLAG_GAP_TIME_SERIES | FLAG_TIMESTEP_IRREGULAR | QA_REQUIRED | SCIENTIFIC_NOTATION_CONVERTED | UNIT_ASSUMED,0.0,CONFLICT_VALUE_TO_REVIEW
raw_mesures_debit_jr,260242,2551/15,c65f2655-996e-4d9e-942d-a2da7b4dafe7,2006-07-30,0.108,0.108,0.0,0.108,m3/s,m3/s,aucune,FLAG_DUPLICATE_TIMESTEP | FLAG_GAP_TIME_SERIES | FLAG_TIMESTEP_IRREGULAR | QA_REQUIRED | SCIENTIFIC_NOTATION_CONVERTED | UNIT_ASSUMED,0.0,CONFLICT_VALUE_TO_REVIEW
raw_mesures_debit_jr,260243,2551/15,c65f2655-996e-4d9e-942d-a2da7b4dafe7,2006-07-31,0.108,0.108,0.0,0.108,m3/s,m3/s,aucune,FLAG_DUPLICATE_TIMESTEP | FLAG_GAP_TIME_SERIES | FLAG_TIMESTEP_IRREGULAR | QA_REQUIRED | SCIENTIFIC_NOTATION_CONVERTED | UNIT_ASSUMED,0.0,CONFLICT_VALUE_TO_REVIEW
raw_mesures_debit_jr,260244,2551/15,c65f2655-996e-4d9e-942d-a2da7b4dafe7,2006-08-01,0.108,0.108,0.0,0.108,m3/s,m3/s,aucune,FLAG_DUPLICATE_TIMESTEP | FLAG_GAP_TIME_SERIES | FLAG_TIMESTEP_IRREGULAR | QA_REQUIRED | SCIENTIFIC_NOTATION_CONVERTED | UNIT_ASSUMED,0.0,CONFLICT_VALUE_TO_REVIEW
raw_mesures_debit_jr,260245,2551/15,c65f2655-996e-4d9e-942d-a2da7b4dafe7,2006-08-02,0.108,0.108,0.0,0.108,m3/s,m3/s,aucune,FLAG_DUPLICATE_TIMESTEP | FLAG_GAP_TIME_SERIES | FLAG_TIMESTEP_IRREGULAR | QA_REQUIRED | SCIENTIFIC_NOTATION_CONVERTED | UNIT_ASSUMED,0.0,CONFLICT_VALUE_TO_REVIEW
raw_mesures_debit_jr,260246,2551/15,c65f2655-996e-4d9e-942d-a2da7b4dafe7,2006-08-03,0.108,0.108,0.0,0.108,m3/s,m3/s,aucune,FLAG_DUPLICATE_TIMESTEP | FLAG_GAP_TIME_SERIES | FLAG_TIMESTEP_IRREGULAR | QA_REQUIRED | SCIENTIFIC_NOTATION_CONVERTED | UNIT_ASSUMED,0.0,CONFLICT_VALUE_TO_REVIEW
raw_mesures_debit_jr,260247,2551/15,c65f2655-996e-4d9e-942d-a2da7b4dafe7,2006-08-04,0.108,0.108,0.0,0.108,m3/s,m3/s,aucune,FLAG_DUPLICATE_TIMESTEP | FLAG_GAP_TIME_SERIES | FLAG_TIMESTEP_IRREGULAR | QA_REQUIRED | SCIENTIFIC_NOTATION_CONVERTED | UNIT_ASSUMED,0.0,CONFLICT_VALUE_TO_REVIEW
raw_mesures_debit_jr,260248,2551/15,c65f2655-996e-4d9e-942d-a2da7b4dafe7,2006-08-05,0.108,0.108,0.0,0.108,m3/s,m3/s,aucune,FLAG_DUPLICATE_TIMESTEP | FLAG_GAP_TIME_SERIES | FLAG_TIMESTEP_IRREGULAR | QA_REQUIRED | SCIENTIFIC_NOTATION_CONVERTED | UNIT_ASSUMED,0.0,CONFLICT_VALUE_TO_REVIEW
raw_mesures_debit_jr,260249,2551/15,c65f2655-996e-4d9e-942d-a2da7b4dafe7,2006-08-06,0.108,0.108,0.0,0.108,m3/s,m3/s,aucune,FLAG_DUPLICATE_TIMESTEP | FLAG_GAP_TIME_SERIES | FLAG_TIMESTEP_IRREGULAR | QA_REQUIRED | SCIENTIFIC_NOTATION_CONVERTED | UNIT_ASSUMED,0.0,CONFLICT_VALUE_TO_REVIEW
raw_mesures_debit_jr,260250,2551/15,c65f2655-996e-4d9e-942d-a2da7b4dafe7,2006-08-07,0.108,0.108,0.0,0.108,m3/s,m3/s,aucune,FLAG_DUPLICATE_TIMESTEP | FLAG_GAP_TIME_SERIES | FLAG_TIMESTEP_IRREGULAR | QA_REQUIRED | SCIENTIFIC_NOTATION_CONVERTED | UNIT_ASSUMED,0.0,CONFLICT_VALUE_TO_REVIEW
raw_mesures_debit_jr,260251,2551/15,c65f2655-996e-4d9e-942d-a2da7b4dafe7,2006-08-08,0.108,0.108,0.0,0.108,m3/s,m3/s,aucune,FLAG_DUPLICATE_TIMESTEP | FLAG_GAP_TIME_SERIES | FLAG_TIMESTEP_IRREGULAR | QA_REQUIRED | SCIENTIFIC_NOTATION_CONVERTED | UNIT_ASSUMED,0.0,CONFLICT_VALUE_TO_REVIEW
raw_mesures_debit_jr,260252,2551/15,c65f2655-996e-4d9e-942d-a2da7b4dafe7,2006-08-09,0.108,0.108,0.0,0.108,m3/s,m3/s,aucune,FLAG_DUPLICATE_TIMESTEP | FLAG_GAP_TIME_SERIES | FLAG_TIMESTEP_IRREGULAR | QA_REQUIRED | SCIENTIFIC_NOTATION_CONVERTED | UNIT_ASSUMED,0.0,CONFLICT_VALUE_TO_REVIEW
raw_mesures_debit_jr,260331,2551/15,c65f2655-996e-4d9e-942d-a2da7b4dafe7,2006-10-27,0.102,0.102,0.0,0.102,m3/s,m3/s,aucune,FLAG_DUPLICATE_TIMESTEP | FLAG_GAP_TIME_SERIES | FLAG_TIMESTEP_IRREGULAR | QA_REQUIRED | SCIENTIFIC_NOTATION_CONVERTED | UNIT_ASSUMED,0.0,CONFLICT_VALUE_TO_REVIEW
raw_mesures_debit_jr,260332,2551/15,c65f2655-996e-4d9e-942d-a2da7b4dafe7,2006-10-28,0.102,0.102,0.0,0.102,m3/s,m3/s,aucune,FLAG_DUPLICATE_TIMESTEP | FLAG_GAP_TIME_SERIES | FLAG_TIMESTEP_IRREGULAR | QA_REQUIRED | SCIENTIFIC_NOTATION_CONVERTED | UNIT_ASSUMED,0.0,CONFLICT_VALUE_TO_REVIEW
raw_mesures_debit_jr,260333,2551/15,c65f2655-996e-4d9e-942d-a2da7b4dafe7,2006-10-29,0.102,0.102,0.0,0.102,m3/s,m3/s,aucune,FLAG_DUPLICATE_TIMESTEP | FLAG_GAP_TIME_SERIES | FLAG_TIMESTEP_IRREGULAR | QA_REQUIRED | SCIENTIFIC_NOTATION_CONVERTED | UNIT_ASSUMED,0.0,CONFLICT_VALUE_TO_REVIEW
raw_mesures_debit_jr,260334,2551/15,c65f2655-996e-4d9e-942d-a2da7b4dafe7,2006-10-30,0.102,0.102,0.0,0.102,m3/s,m3/s,aucune,FLAG_DUPLICATE_TIMESTEP | FLAG_GAP_TIME_SERIES | FLAG_TIMESTEP_IRREGULAR | QA_REQUIRED | SCIENTIFIC_NOTATION_CONVERTED | UNIT_ASSUMED,0.0,CONFLICT_VALUE_TO_REVIEW
raw_mesures_debit_jr,260335,2551/15,c65f2655-996e-4d9e-942d-a2da7b4dafe7,2006-10-31,0.102,0.102,0.0,0.102,m3/s,m3/s,aucune,FLAG_DUPLICATE_TIMESTEP | FLAG_GAP_TIME_SERIES | FLAG_TIMESTEP_IRREGULAR | QA_REQUIRED | SCIENTIFIC_NOTATION_CONVERTED | UNIT_ASSUMED,0.0,CONFLICT_VALUE_TO_REVIEW
raw_mesures_debit_jr,260336,2551/15,c65f2655-996e-4d9e-942d-a2da7b4dafe7,2006-11-01,0.102,0.102,0.0,0.102,m3/s,m3/s,aucune,FLAG_DUPLICATE_TIMESTEP | FLAG_GAP_TIME_SERIES | FLAG_TIMESTEP_IRREGULAR | QA_REQUIRED | SCIENTIFIC_NOTATION_CONVERTED | UNIT_ASSUMED,0.0,CONFLICT_VALUE_TO_REVIEW
raw_mesures_debit_jr,260337,2551/15,c65f2655-996e-4d9e-942d-a2da7b4dafe7,2006-11-02,0.102,0.102,0.0,0.102,m3/s,m3/s,aucune,FLAG_DUPLICATE_TIMESTEP | FLAG_GAP_TIME_SERIES | FLAG_TIMESTEP_IRREGULAR | QA_REQUIRED | SCIENTIFIC_NOTATION_CONVERTED | UNIT_ASSUMED,0.0,CONFLICT_VALUE_TO_REVIEW
raw_mesures_debit_jr,260338,2551/15,c65f2655-996e-4d9e-942d-a2da7b4dafe7,2006-11-03,0.102,0.102,0.0,0.102,m3/s,m3/s,aucune,FLAG_DUPLICATE_TIMESTEP | FLAG_GAP_TIME_SERIES | FLAG_TIMESTEP_IRREGULAR | QA_REQUIRED | SCIENTIFIC_NOTATION_CONVERTED | UNIT_ASSUMED,0.0,CONFLICT_VALUE_TO_REVIEW
raw_mesures_debit_jr,260339,2551/15,c65f2655-996e-4d9e-942d-a2da7b4dafe7,2006-11-04,0.102,0.102,0.0,0.102,m3/s,m3/s,aucune,FLAG_DUPLICATE_TIMESTEP | FLAG_GAP_TIME_SERIES | FLAG_TIMESTEP_IRREGULAR | QA_REQUIRED | SCIENTIFIC_NOTATION_CONVERTED | UNIT_ASSUMED,0.0,CONFLICT_VALUE_TO_REVIEW
raw_mesures_debit_jr,260340,2551/15,c65f2655-996e-4d9e-942d-a2da7b4dafe7,2006-11-05,0.102,0.102,0.0,0.102,m3/s,m3/s,aucune,FLAG_DUPLICATE_TIMESTEP | FLAG_GAP_TIME_SERIES | FLAG_TIMESTEP_IRREGULAR | QA_REQUIRED | SCIENTIFIC_NOTATION_CONVERTED | UNIT_ASSUMED,0.0,CONFLICT_VALUE_TO_REVIEW
raw_mesures_debit_jr,260341,2551/15,c65f2655-996e-4d9e-942d-a2da7b4dafe7,2006-11-06,0.102,0.102,0.0,0.102,m3/s,m3/s,aucune,FLAG_DUPLICATE_TIMESTEP | FLAG_GAP_TIME_SERIES | FLAG_TIMESTEP_IRREGULAR | QA_REQUIRED | SCIENTIFIC_NOTATION_CONVERTED | UNIT_ASSUMED,0.0,CONFLICT_VALUE_TO_REVIEW
raw_mesures_debit_jr,260342,2551/15,c65f2655-996e-4d9e-942d-a2da7b4dafe7,2006-11-07,0.102,0.102,0.0,0.102,m3/s,m3/s,aucune,FLAG_DUPLICATE_TIMESTEP | FLAG_GAP_TIME_SERIES | FLAG_TIMESTEP_IRREGULAR | QA_REQUIRED | SCIENTIFIC_NOTATION_CONVERTED | UNIT_ASSUMED,0.0,CONFLICT_VALUE_TO_REVIEW
raw_mesures_debit_jr,260347,2551/15,c65f2655-996e-4d9e-942d-a2da7b4dafe7,2006-11-12,0.108,0.108,0.0,0.108,m3/s,m3/s,aucune,FLAG_DUPLICATE_TIMESTEP | FLAG_GAP_TIME_SERIES | FLAG_TIMESTEP_IRREGULAR | QA_REQUIRED | SCIENTIFIC_NOTATION_CONVERTED | UNIT_ASSUMED,0.0,CONFLICT_VALUE_TO_REVIEW
raw_mesures_debit_jr,260348,2551/15,c65f2655-996e-4d9e-942d-a2da7b4dafe7,2006-11-13,0.108,0.108,0.0,0.108,m3/s,m3/s,aucune,FLAG_DUPLICATE_TIMESTEP | FLAG_GAP_TIME_SERIES | FLAG_TIMESTEP_IRREGULAR | QA_REQUIRED | SCIENTIFIC_NOTATION_CONVERTED | UNIT_ASSUMED,0.0,CONFLICT_VALUE_TO_REVIEW
raw_mesures_debit_jr,260349,2551/15,c65f2655-996e-4d9e-942d-a2da7b4dafe7,2006-11-14,0.108,0.108,0.0,0.108,m3/s,m3/s,aucune,FLAG_DUPLICATE_TIMESTEP | FLAG_GAP_TIME_SERIES | FLAG_TIMESTEP_IRREGULAR | QA_REQUIRED | SCIENTIFIC_NOTATION_CONVERTED | UNIT_ASSUMED,0.0,CONFLICT_VALUE_TO_REVIEW
raw_mesures_debit_jr,260350,2551/15,c65f2655-996e-4d9e-942d-a2da7b4dafe7,2006-11-15,0.108,0.108,0.0,0.108,m3/s,m3/s,aucune,FLAG_DUPLICATE_TIMESTEP | FLAG_GAP_TIME_SERIES | FLAG_TIMESTEP_IRREGULAR | QA_REQUIRED | SCIENTIFIC_NOTATION_CONVERTED | UNIT_ASSUMED,0.0,CONFLICT_VALUE_TO_REVIEW
raw_mesures_debit_jr,260351,2551/15,c65f2655-996e-4d9e-942d-a2da7b4dafe7,2006-11-16,0.108,0.108,0.0,0.108,m3/s,m3/s,aucune,FLAG_DUPLICATE_TIMESTEP | FLAG_GAP_TIME_SERIES | FLAG_TIMESTEP_IRREGULAR | QA_REQUIRED | SCIENTIFIC_NOTATION_CONVERTED | UNIT_ASSUMED,0.0,CONFLICT_VALUE_TO_REVIEW
raw_mesures_debit_jr,260352,2551/15,c65f2655-996e-4d9e-942d-a2da7b4dafe7,2006-11-17,0.108,0.108,0.0,0.108,m3/s,m3/s,aucune,FLAG_DUPLICATE_TIMESTEP | FLAG_GAP_TIME_SERIES | FLAG_TIMESTEP_IRREGULAR | QA_REQUIRED | SCIENTIFIC_NOTATION_CONVERTED | UNIT_ASSUMED,0.0,CONFLICT_VALUE_TO_REVIEW
raw_mesures_debit_jr,260353,2551/15,c65f2655-996e-4d9e-942d-a2da7b4dafe7,2006-11-18,0.108,0.108,0.0,0.108,m3/s,m3/s,aucune,FLAG_DUPLICATE_TIMESTEP | FLAG_GAP_TIME_SERIES | FLAG_TIMESTEP_IRREGULAR | QA_REQUIRED | SCIENTIFIC_NOTATION_CONVERTED | UNIT_ASSUMED,0.0,CONFLICT_VALUE_TO_REVIEW
raw_mesures_debit_jr,260354,2551/15,c65f2655-996e-4d9e-942d-a2da7b4dafe7,2006-11-19,0.108,0.108,0.0,0.108,m3/s,m3/s,aucune,FLAG_DUPLICATE_TIMESTEP | FLAG_GAP_TIME_SERIES | FLAG_TIMESTEP_IRREGULAR | QA_REQUIRED | SCIENTIFIC_NOTATION_CONVERTED | UNIT_ASSUMED,0.0,CONFLICT_VALUE_TO_REVIEW
raw_mesures_debit_jr,260355,2551/15,c65f2655-996e-4d9e-942d-a2da7b4dafe7,2006-11-20,0.108,0.108,0.0,0.108,m3/s,m3/s,aucune,FLAG_DUPLICATE_TIMESTEP | FLAG_GAP_TIME_SERIES | FLAG_TIMESTEP_IRREGULAR | QA_REQUIRED | SCIENTIFIC_NOTATION_CONVERTED | UNIT_ASSUMED,0.0,CONFLICT_VALUE_TO_REVIEW
raw_mesures_debit_jr,260356,2551/15,c65f2655-996e-4d9e-942d-a2da7b4dafe7,2006-11-21,0.108,0.108,0.0,0.108,m3/s,m3/s,aucune,FLAG_DUPLICATE_TIMESTEP | FLAG_GAP_TIME_SERIES | FLAG_TIMESTEP_IRREGULAR | QA_REQUIRED | SCIENTIFIC_NOTATION_CONVERTED | UNIT_ASSUMED,0.0,CONFLICT_VALUE_TO_REVIEW
raw_mesures_debit_jr,260357,2551/15,c65f2655-996e-4d9e-942d-a2da7b4dafe7,2006-11-22,0.108,0.108,0.0,0.108,m3/s,m3/s,aucune,FLAG_DUPLICATE_TIMESTEP | FLAG_GAP_TIME_SERIES | FLAG_TIMESTEP_IRREGULAR | QA_REQUIRED | SCIENTIFIC_NOTATION_CONVERTED | UNIT_ASSUMED,0.0,CONFLICT_VALUE_TO_REVIEW
raw_mesures_debit_jr,260358,2551/15,c65f2655-996e-4d9e-942d-a2da7b4dafe7,2006-11-23,0.108,0.108,0.0,0.108,m3/s,m3/s,aucune,FLAG_DUPLICATE_TIMESTEP | FLAG_GAP_TIME_SERIES | FLAG_TIMESTEP_IRREGULAR | QA_REQUIRED | SCIENTIFIC_NOTATION_CONVERTED | UNIT_ASSUMED,0.0,CONFLICT_VALUE_TO_REVIEW
raw_mesures_debit_jr,260359,2551/15,c65f2655-996e-4d9e-942d-a2da7b4dafe7,2006-11-24,0.108,0.108,0.0,0.108,m3/s,m3/s,aucune,FLAG_DUPLICATE_TIMESTEP | FLAG_GAP_TIME_SERIES | FLAG_TIMESTEP_IRREGULAR | QA_REQUIRED | SCIENTIFIC_NOTATION_CONVERTED | UNIT_ASSUMED,0.0,CONFLICT_VALUE_TO_REVIEW
raw_mesures_debit_jr,260360,2551/15,c65f2655-996e-4d9e-942d-a2da7b4dafe7,2006-11-25,0.108,0.108,0.0,0.108,m3/s,m3/s,aucune,FLAG_DUPLICATE_TIMESTEP | FLAG_GAP_TIME_SERIES | FLAG_TIMESTEP_IRREGULAR | QA_REQUIRED | SCIENTIFIC_NOTATION_CONVERTED | UNIT_ASSUMED,0.0,CONFLICT_VALUE_TO_REVIEW
raw_mesures_debit_jr,260361,2551/15,c65f2655-996e-4d9e-942d-a2da7b4dafe7,2006-11-26,0.108,0.108,0.0,0.108,m3/s,m3/s,aucune,FLAG_DUPLICATE_TIMESTEP | FLAG_GAP_TIME_SERIES | FLAG_TIMESTEP_IRREGULAR | QA_REQUIRED | SCIENTIFIC_NOTATION_CONVERTED | UNIT_ASSUMED,0.0,CONFLICT_VALUE_TO_REVIEW
raw_mesures_debit_jr,260362,2551/15,c65f2655-996e-4d9e-942d-a2da7b4dafe7,2006-11-27,0.108,0.108,0.0,0.108,m3/s,m3/s,aucune,FLAG_DUPLICATE_TIMESTEP | FLAG_GAP_TIME_SERIES | FLAG_TIMESTEP_IRREGULAR | QA_REQUIRED | SCIENTIFIC_NOTATION_CONVERTED | UNIT_ASSUMED,0.0,CONFLICT_VALUE_TO_REVIEW
raw_mesures_debit_jr,260363,2551/15,c65f2655-996e-4d9e-942d-a2da7b4dafe7,2006-11-28,0.108,0.108,0.0,0.108,m3/s,m3/s,aucune,FLAG_DUPLICATE_TIMESTEP | FLAG_GAP_TIME_SERIES | FLAG_TIMESTEP_IRREGULAR | QA_REQUIRED | SCIENTIFIC_NOTATION_CONVERTED | UNIT_ASSUMED,0.0,CONFLICT_VALUE_TO_REVIEW
raw_mesures_debit_jr,260364,2551/15,c65f2655-996e-4d9e-942d-a2da7b4dafe7,2006-11-29,0.108,0.108,0.0,0.108,m3/s,m3/s,aucune,FLAG_DUPLICATE_TIMESTEP | FLAG_GAP_TIME_SERIES | FLAG_TIMESTEP_IRREGULAR | QA_REQUIRED | SCIENTIFIC_NOTATION_CONVERTED | UNIT_ASSUMED,0.0,CONFLICT_VALUE_TO_REVIEW
raw_mesures_debit_jr,260365,2551/15,c65f2655-996e-4d9e-942d-a2da7b4dafe7,2006-11-30,0.108,0.108,0.0,0.108,m3/s,m3/s,aucune,FLAG_DUPLICATE_TIMESTEP | FLAG_GAP_TIME_SERIES | FLAG_TIMESTEP_IRREGULAR | QA_REQUIRED | SCIENTIFIC_NOTATION_CONVERTED | UNIT_ASSUMED,0.0,CONFLICT_VALUE_TO_REVIEW
raw_mesures_debit_jr,260366,2551/15,c65f2655-996e-4d9e-942d-a2da7b4dafe7,2006-12-01,0.108,0.108,0.0,0.108,m3/s,m3/s,aucune,FLAG_DUPLICATE_TIMESTEP | FLAG_GAP_TIME_SERIES | FLAG_TIMESTEP_IRREGULAR | QA_REQUIRED | SCIENTIFIC_NOTATION_CONVERTED | UNIT_ASSUMED,0.0,CONFLICT_VALUE_TO_REVIEW
raw_mesures_debit_jr,260377,2551/15,c65f2655-996e-4d9e-942d-a2da7b4dafe7,2006-12-12,0.108,0.108,0.0,0.108,m3/s,m3/s,aucune,FLAG_DUPLICATE_TIMESTEP | FLAG_GAP_TIME_SERIES | FLAG_TIMESTEP_IRREGULAR | QA_REQUIRED | SCIENTIFIC_NOTATION_CONVERTED | UNIT_ASSUMED,0.0,CONFLICT_VALUE_TO_REVIEW
raw_mesures_debit_jr,260378,2551/15,c65f2655-996e-4d9e-942d-a2da7b4dafe7,2006-12-13,0.108,0.108,0.0,0.108,m3/s,m3/s,aucune,FLAG_DUPLICATE_TIMESTEP | FLAG_GAP_TIME_SERIES | FLAG_TIMESTEP_IRREGULAR | QA_REQUIRED | SCIENTIFIC_NOTATION_CONVERTED | UNIT_ASSUMED,0.0,CONFLICT_VALUE_TO_REVIEW
raw_mesures_debit_jr,260379,2551/15,c65f2655-996e-4d9e-942d-a2da7b4dafe7,2006-12-14,0.108,0.108,0.0,0.108,m3/s,m3/s,aucune,FLAG_DUPLICATE_TIMESTEP | FLAG_GAP_TIME_SERIES | FLAG_TIMESTEP_IRREGULAR | QA_REQUIRED | SCIENTIFIC_NOTATION_CONVERTED | UNIT_ASSUMED,0.0,CONFLICT_VALUE_TO_REVIEW
raw_mesures_debit_jr,260380,2551/15,c65f2655-996e-4d9e-942d-a2da7b4dafe7,2006-12-15,0.108,0.108,0.0,0.108,m3/s,m3/s,aucune,FLAG_DUPLICATE_TIMESTEP | FLAG_GAP_TIME_SERIES | FLAG_TIMESTEP_IRREGULAR | QA_REQUIRED | SCIENTIFIC_NOTATION_CONVERTED | UNIT_ASSUMED,0.0,CONFLICT_VALUE_TO_REVIEW
raw_mesures_debit_jr,260381,2551/15,c65f2655-996e-4d9e-942d-a2da7b4dafe7,2006-12-16,0.108,0.108,0.0,0.108,m3/s,m3/s,aucune,FLAG_DUPLICATE_TIMESTEP | FLAG_GAP_TIME_SERIES | FLAG_TIMESTEP_IRREGULAR | QA_REQUIRED | SCIENTIFIC_NOTATION_CONVERTED | UNIT_ASSUMED,0.0,CONFLICT_VALUE_TO_REVIEW
raw_mesures_debit_jr,260382,2551/15,c65f2655-996e-4d9e-942d-a2da7b4dafe7,2006-12-17,0.108,0.108,0.0,0.108,m3/s,m3/s,aucune,FLAG_DUPLICATE_TIMESTEP | FLAG_GAP_TIME_SERIES | FLAG_TIMESTEP_IRREGULAR | QA_REQUIRED | SCIENTIFIC_NOTATION_CONVERTED | UNIT_ASSUMED,0.0,CONFLICT_VALUE_TO_REVIEW
raw_mesures_debit_jr,260383,2551/15,c65f2655-996e-4d9e-942d-a2da7b4dafe7,2006-12-18,0.108,0.108,0.0,0.108,m3/s,m3/s,aucune,FLAG_DUPLICATE_TIMESTEP | FLAG_GAP_TIME_SERIES | FLAG_TIMESTEP_IRREGULAR | QA_REQUIRED | SCIENTIFIC_NOTATION_CONVERTED | UNIT_ASSUMED,0.0,CONFLICT_VALUE_TO_REVIEW
raw_mesures_debit_jr,260384,2551/15,c65f2655-996e-4d9e-942d-a2da7b4dafe7,2006-12-19,0.108,0.108,0.0,0.108,m3/s,m3/s,aucune,FLAG_DUPLICATE_TIMESTEP | FLAG_GAP_TIME_SERIES | FLAG_TIMESTEP_IRREGULAR | QA_REQUIRED | SCIENTIFIC_NOTATION_CONVERTED | UNIT_ASSUMED,0.0,CONFLICT_VALUE_TO_REVIEW
raw_mesures_debit_jr,260385,2551/15,c65f2655-996e-4d9e-942d-a2da7b4dafe7,2006-12-20,0.108,0.108,0.0,0.108,m3/s,m3/s,aucune,FLAG_DUPLICATE_TIMESTEP | FLAG_GAP_TIME_SERIES | FLAG_TIMESTEP_IRREGULAR | QA_REQUIRED | SCIENTIFIC_NOTATION_CONVERTED | UNIT_ASSUMED,0.0,CONFLICT_VALUE_TO_REVIEW
raw_mesures_debit_jr,260386,2551/15,c65f2655-996e-4d9e-942d-a2da7b4dafe7,2006-12-21,0.108,0.108,0.0,0.108,m3/s,m3/s,aucune,FLAG_DUPLICATE_TIMESTEP | FLAG_GAP_TIME_SERIES | FLAG_TIMESTEP_IRREGULAR | QA_REQUIRED | SCIENTIFIC_NOTATION_CONVERTED | UNIT_ASSUMED,0.0,CONFLICT_VALUE_TO_REVIEW
raw_mesures_debit_jr,260387,2551/15,c65f2655-996e-4d9e-942d-a2da7b4dafe7,2006-12-22,0.108,0.108,0.0,0.108,m3/s,m3/s,aucune,FLAG_DUPLICATE_TIMESTEP | FLAG_GAP_TIME_SERIES | FLAG_TIMESTEP_IRREGULAR | QA_REQUIRED | SCIENTIFIC_NOTATION_CONVERTED | UNIT_ASSUMED,0.0,CONFLICT_VALUE_TO_REVIEW
raw_mesures_debit_jr,260388,2551/15,c65f2655-996e-4d9e-942d-a2da7b4dafe7,2006-12-23,0.108,0.108,0.0,0.108,m3/s,m3/s,aucune,FLAG_DUPLICATE_TIMESTEP | FLAG_GAP_TIME_SERIES | FLAG_TIMESTEP_IRREGULAR | QA_REQUIRED | SCIENTIFIC_NOTATION_CONVERTED | UNIT_ASSUMED,0.0,CONFLICT_VALUE_TO_REVIEW
raw_mesures_debit_jr,260389,2551/15,c65f2655-996e-4d9e-942d-a2da7b4dafe7,2006-12-24,0.108,0.108,0.0,0.108,m3/s,m3/s,aucune,FLAG_DUPLICATE_TIMESTEP | FLAG_GAP_TIME_SERIES | FLAG_TIMESTEP_IRREGULAR | QA_REQUIRED | SCIENTIFIC_NOTATION_CONVERTED | UNIT_ASSUMED,0.0,CONFLICT_VALUE_TO_REVIEW
raw_mesures_debit_jr,260390,2551/15,c65f2655-996e-4d9e-942d-a2da7b4dafe7,2006-12-25,0.108,0.108,0.0,0.108,m3/s,m3/s,aucune,FLAG_DUPLICATE_TIMESTEP | FLAG_GAP_TIME_SERIES | FLAG_TIMESTEP_IRREGULAR | QA_REQUIRED | SCIENTIFIC_NOTATION_CONVERTED | UNIT_ASSUMED,0.0,CONFLICT_VALUE_TO_REVIEW
raw_mesures_debit_jr,260391,2551/15,c65f2655-996e-4d9e-942d-a2da7b4dafe7,2006-12-26,0.108,0.108,0.0,0.108,m3/s,m3/s,aucune,FLAG_DUPLICATE_TIMESTEP | FLAG_GAP_TIME_SERIES | FLAG_TIMESTEP_IRREGULAR | QA_REQUIRED | SCIENTIFIC_NOTATION_CONVERTED | UNIT_ASSUMED,0.0,CONFLICT_VALUE_TO_REVIEW
raw_mesures_debit_jr,260392,2551/15,c65f2655-996e-4d9e-942d-a2da7b4dafe7,2006-12-27,0.108,0.108,0.0,0.108,m3/s,m3/s,aucune,FLAG_DUPLICATE_TIMESTEP | FLAG_GAP_TIME_SERIES | FLAG_TIMESTEP_IRREGULAR | QA_REQUIRED | SCIENTIFIC_NOTATION_CONVERTED | UNIT_ASSUMED,0.0,CONFLICT_VALUE_TO_REVIEW
raw_mesures_debit_jr,260393,2551/15,c65f2655-996e-4d9e-942d-a2da7b4dafe7,2006-12-28,0.108,0.108,0.0,0.108,m3/s,m3/s,aucune,FLAG_DUPLICATE_TIMESTEP | FLAG_GAP_TIME_SERIES | FLAG_TIMESTEP_IRREGULAR | QA_REQUIRED | SCIENTIFIC_NOTATION_CONVERTED | UNIT_ASSUMED,0.0,CONFLICT_VALUE_TO_REVIEW
raw_mesures_debit_jr,260394,2551/15,c65f2655-996e-4d9e-942d-a2da7b4dafe7,2006-12-29,0.108,0.108,0.0,0.108,m3/s,m3/s,aucune,FLAG_DUPLICATE_TIMESTEP | FLAG_GAP_TIME_SERIES | FLAG_TIMESTEP_IRREGULAR | QA_REQUIRED | SCIENTIFIC_NOTATION_CONVERTED | UNIT_ASSUMED,0.0,CONFLICT_VALUE_TO_REVIEW
raw_mesures_debit_jr,260395,2551/15,c65f2655-996e-4d9e-942d-a2da7b4dafe7,2006-12-30,0.108,0.108,0.0,0.108,m3/s,m3/s,aucune,FLAG_DUPLICATE_TIMESTEP | FLAG_GAP_TIME_SERIES | FLAG_TIMESTEP_IRREGULAR | QA_REQUIRED | SCIENTIFIC_NOTATION_CONVERTED | UNIT_ASSUMED,0.0,CONFLICT_VALUE_TO_REVIEW
raw_mesures_debit_jr,260396,2551/15,c65f2655-996e-4d9e-942d-a2da7b4dafe7,2006-12-31,0.108,0.108,0.0,0.108,m3/s,m3/s,aucune,FLAG_DUPLICATE_TIMESTEP | FLAG_GAP_TIME_SERIES | FLAG_TIMESTEP_IRREGULAR | QA_REQUIRED | SCIENTIFIC_NOTATION_CONVERTED | UNIT_ASSUMED,0.0,CONFLICT_VALUE_TO_REVIEW
raw_mesures_debit_jr,260397,2551/15,c65f2655-996e-4d9e-942d-a2da7b4dafe7,2007-01-01,0.108,0.108,0.0,0.108,m3/s,m3/s,aucune,FLAG_DUPLICATE_TIMESTEP | FLAG_GAP_TIME_SERIES | FLAG_TIMESTEP_IRREGULAR | QA_REQUIRED | SCIENTIFIC_NOTATION_CONVERTED | UNIT_ASSUMED,0.0,CONFLICT_VALUE_TO_REVIEW
raw_mesures_debit_jr,260398,2551/15,c65f2655-996e-4d9e-942d-a2da7b4dafe7,2007-01-02,0.108,0.108,0.0,0.108,m3/s,m3/s,aucune,FLAG_DUPLICATE_TIMESTEP | FLAG_GAP_TIME_SERIES | FLAG_TIMESTEP_IRREGULAR | QA_REQUIRED | SCIENTIFIC_NOTATION_CONVERTED | UNIT_ASSUMED,0.0,CONFLICT_VALUE_TO_REVIEW
raw_mesures_debit_jr,260399,2551/15,c65f2655-996e-4d9e-942d-a2da7b4dafe7,2007-01-03,0.108,0.108,0.0,0.108,m3/s,m3/s,aucune,FLAG_DUPLICATE_TIMESTEP | FLAG_GAP_TIME_SERIES | FLAG_TIMESTEP_IRREGULAR | QA_REQUIRED | SCIENTIFIC_NOTATION_CONVERTED | UNIT_ASSUMED,0.0,CONFLICT_VALUE_TO_REVIEW
raw_mesures_debit_jr,260400,2551/15,c65f2655-996e-4d9e-942d-a2da7b4dafe7,2007-01-04,0.108,0.108,0.0,0.108,m3/s,m3/s,aucune,FLAG_DUPLICATE_TIMESTEP | FLAG_GAP_TIME_SERIES | FLAG_TIMESTEP_IRREGULAR | QA_REQUIRED | SCIENTIFIC_NOTATION_CONVERTED | UNIT_ASSUMED,0.0,CONFLICT_VALUE_TO_REVIEW
raw_mesures_debit_jr,260401,2551/15,c65f2655-996e-4d9e-942d-a2da7b4dafe7,2007-01-05,0.108,0.108,0.0,0.108,m3/s,m3/s,aucune,FLAG_DUPLICATE_TIMESTEP | FLAG_GAP_TIME_SERIES | FLAG_TIMESTEP_IRREGULAR | QA_REQUIRED | SCIENTIFIC_NOTATION_CONVERTED | UNIT_ASSUMED,0.0,CONFLICT_VALUE_TO_REVIEW
raw_mesures_debit_jr,260402,2551/15,c65f2655-996e-4d9e-942d-a2da7b4dafe7,2007-01-06,0.108,0.108,0.0,0.108,m3/s,m3/s,aucune,FLAG_DUPLICATE_TIMESTEP | FLAG_GAP_TIME_SERIES | FLAG_TIMESTEP_IRREGULAR | QA_REQUIRED | SCIENTIFIC_NOTATION_CONVERTED | UNIT_ASSUMED,0.0,CONFLICT_VALUE_TO_REVIEW
raw_mesures_debit_jr,260403,2551/15,c65f2655-996e-4d9e-942d-a2da7b4dafe7,2007-01-07,0.108,0.108,0.0,0.108,m3/s,m3/s,aucune,FLAG_DUPLICATE_TIMESTEP | FLAG_GAP_TIME_SERIES | FLAG_TIMESTEP_IRREGULAR | QA_REQUIRED | SCIENTIFIC_NOTATION_CONVERTED | UNIT_ASSUMED,0.0,CONFLICT_VALUE_TO_REVIEW
raw_mesures_debit_jr,260404,2551/15,c65f2655-996e-4d9e-942d-a2da7b4dafe7,2007-01-08,0.108,0.108,0.0,0.108,m3/s,m3/s,aucune,FLAG_DUPLICATE_TIMESTEP | FLAG_GAP_TIME_SERIES | FLAG_TIMESTEP_IRREGULAR | QA_REQUIRED | SCIENTIFIC_NOTATION_CONVERTED | UNIT_ASSUMED,0.0,CONFLICT_VALUE_TO_REVIEW
raw_mesures_debit_jr,260405,2551/15,c65f2655-996e-4d9e-942d-a2da7b4dafe7,2007-01-09,0.108,0.108,0.0,0.108,m3/s,m3/s,aucune,FLAG_DUPLICATE_TIMESTEP | FLAG_GAP_TIME_SERIES | FLAG_TIMESTEP_IRREGULAR | QA_REQUIRED | SCIENTIFIC_NOTATION_CONVERTED | UNIT_ASSUMED,0.0,CONFLICT_VALUE_TO_REVIEW
raw_mesures_debit_jr,260406,2551/15,c65f2655-996e-4d9e-942d-a2da7b4dafe7,2007-01-10,0.108,0.108,0.0,0.108,m3/s,m3/s,aucune,FLAG_DUPLICATE_TIMESTEP | FLAG_GAP_TIME_SERIES | FLAG_TIMESTEP_IRREGULAR | QA_REQUIRED | SCIENTIFIC_NOTATION_CONVERTED | UNIT_ASSUMED,0.0,CONFLICT_VALUE_TO_REVIEW
raw_mesures_debit_jr,260423,2551/15,c65f2655-996e-4d9e-942d-a2da7b4dafe7,2007-01-27,0.108,0.108,0.0,0.108,m3/s,m3/s,aucune,FLAG_DUPLICATE_TIMESTEP | FLAG_GAP_TIME_SERIES | FLAG_TIMESTEP_IRREGULAR | QA_REQUIRED | SCIENTIFIC_NOTATION_CONVERTED | UNIT_ASSUMED,0.0,CONFLICT_VALUE_TO_REVIEW
raw_mesures_debit_jr,260424,2551/15,c65f2655-996e-4d9e-942d-a2da7b4dafe7,2007-01-28,0.108,0.108,0.0,0.108,m3/s,m3/s,aucune,FLAG_DUPLICATE_TIMESTEP | FLAG_GAP_TIME_SERIES | FLAG_TIMESTEP_IRREGULAR | QA_REQUIRED | SCIENTIFIC_NOTATION_CONVERTED | UNIT_ASSUMED,0.0,CONFLICT_VALUE_TO_REVIEW
raw_mesures_debit_jr,260425,2551/15,c65f2655-996e-4d9e-942d-a2da7b4dafe7,2007-01-29,0.108,0.108,0.0,0.108,m3/s,m3/s,aucune,FLAG_DUPLICATE_TIMESTEP | FLAG_GAP_TIME_SERIES | FLAG_TIMESTEP_IRREGULAR | QA_REQUIRED | SCIENTIFIC_NOTATION_CONVERTED | UNIT_ASSUMED,0.0,CONFLICT_VALUE_TO_REVIEW
raw_mesures_debit_jr,260426,2551/15,c65f2655-996e-4d9e-942d-a2da7b4dafe7,2007-01-30,0.108,0.108,0.0,0.108,m3/s,m3/s,aucune,FLAG_DUPLICATE_TIMESTEP | FLAG_GAP_TIME_SERIES | FLAG_TIMESTEP_IRREGULAR | QA_REQUIRED | SCIENTIFIC_NOTATION_CONVERTED | UNIT_ASSUMED,0.0,CONFLICT_VALUE_TO_REVIEW
raw_mesures_debit_jr,260427,2551/15,c65f2655-996e-4d9e-942d-a2da7b4dafe7,2007-01-31,0.108,0.108,0.0,0.108,m3/s,m3/s,aucune,FLAG_DUPLICATE_TIMESTEP | FLAG_GAP_TIME_SERIES | FLAG_TIMESTEP_IRREGULAR | QA_REQUIRED | SCIENTIFIC_NOTATION_CONVERTED | UNIT_ASSUMED,0.0,CONFLICT_VALUE_TO_REVIEW
raw_mesures_debit_jr,260428,2551/15,c65f2655-996e-4d9e-942d-a2da7b4dafe7,2007-02-01,0.108,0.108,0.0,0.108,m3/s,m3/s,aucune,FLAG_DUPLICATE_TIMESTEP | FLAG_GAP_TIME_SERIES | FLAG_TIMESTEP_IRREGULAR | QA_REQUIRED | SCIENTIFIC_NOTATION_CONVERTED | UNIT_ASSUMED,0.0,CONFLICT_VALUE_TO_REVIEW
raw_mesures_debit_jr,260429,2551/15,c65f2655-996e-4d9e-942d-a2da7b4dafe7,2007-02-02,0.108,0.108,0.0,0.108,m3/s,m3/s,aucune,FLAG_DUPLICATE_TIMESTEP | FLAG_GAP_TIME_SERIES | FLAG_TIMESTEP_IRREGULAR | QA_REQUIRED | SCIENTIFIC_NOTATION_CONVERTED | UNIT_ASSUMED,0.0,CONFLICT_VALUE_TO_REVIEW
raw_mesures_debit_jr,260430,2551/15,c65f2655-996e-4d9e-942d-a2da7b4dafe7,2007-02-03,0.108,0.108,0.0,0.108,m3/s,m3/s,aucune,FLAG_DUPLICATE_TIMESTEP | FLAG_GAP_TIME_SERIES | FLAG_TIMESTEP_IRREGULAR | QA_REQUIRED | SCIENTIFIC_NOTATION_CONVERTED | UNIT_ASSUMED,0.0,CONFLICT_VALUE_TO_REVIEW
raw_mesures_debit_jr,260431,2551/15,c65f2655-996e-4d9e-942d-a2da7b4dafe7,2007-02-04,0.108,0.108,0.0,0.108,m3/s,m3/s,aucune,FLAG_DUPLICATE_TIMESTEP | FLAG_GAP_TIME_SERIES | FLAG_TIMESTEP_IRREGULAR | QA_REQUIRED | SCIENTIFIC_NOTATION_CONVERTED | UNIT_ASSUMED,0.0,CONFLICT_VALUE_TO_REVIEW
raw_mesures_debit_jr,260432,2551/15,c65f2655-996e-4d9e-942d-a2da7b4dafe7,2007-02-05,0.108,0.108,0.0,0.108,m3/s,m3/s,aucune,FLAG_DUPLICATE_TIMESTEP | FLAG_GAP_TIME_SERIES | FLAG_TIMESTEP_IRREGULAR | QA_REQUIRED | SCIENTIFIC_NOTATION_CONVERTED | UNIT_ASSUMED,0.0,CONFLICT_VALUE_TO_REVIEW
raw_mesures_debit_jr,260433,2551/15,c65f2655-996e-4d9e-942d-a2da7b4dafe7,2007-02-06,0.108,0.108,0.0,0.108,m3/s,m3/s,aucune,FLAG_DUPLICATE_TIMESTEP | FLAG_GAP_TIME_SERIES | FLAG_TIMESTEP_IRREGULAR | QA_REQUIRED | SCIENTIFIC_NOTATION_CONVERTED | UNIT_ASSUMED,0.0,CONFLICT_VALUE_TO_REVIEW
raw_mesures_debit_jr,260434,2551/15,c65f2655-996e-4d9e-942d-a2da7b4dafe7,2007-02-07,0.108,0.108,0.0,0.108,m3/s,m3/s,aucune,FLAG_DUPLICATE_TIMESTEP | FLAG_GAP_TIME_SERIES | FLAG_TIMESTEP_IRREGULAR | QA_REQUIRED | SCIENTIFIC_NOTATION_CONVERTED | UNIT_ASSUMED,0.0,CONFLICT_VALUE_TO_REVIEW
raw_mesures_debit_jr,260465,2551/15,c65f2655-996e-4d9e-942d-a2da7b4dafe7,2007-03-10,0.108,0.108,0.0,0.108,m3/s,m3/s,aucune,FLAG_DUPLICATE_TIMESTEP | FLAG_GAP_TIME_SERIES | FLAG_TIMESTEP_IRREGULAR | QA_REQUIRED | SCIENTIFIC_NOTATION_CONVERTED | UNIT_ASSUMED,0.0,CONFLICT_VALUE_TO_REVIEW
raw_mesures_debit_jr,260532,2551/15,c65f2655-996e-4d9e-942d-a2da7b4dafe7,2007-05-16,0.108,0.108,0.0,0.108,m3/s,m3/s,aucune,FLAG_DUPLICATE_TIMESTEP | FLAG_GAP_TIME_SERIES | FLAG_TIMESTEP_IRREGULAR | QA_REQUIRED | SCIENTIFIC_NOTATION_CONVERTED | UNIT_ASSUMED,0.0,CONFLICT_VALUE_TO_REVIEW
raw_mesures_debit_jr,260533,2551/15,c65f2655-996e-4d9e-942d-a2da7b4dafe7,2007-05-17,0.108,0.108,0.0,0.108,m3/s,m3/s,aucune,FLAG_DUPLICATE_TIMESTEP | FLAG_GAP_TIME_SERIES | FLAG_TIMESTEP_IRREGULAR | QA_REQUIRED | SCIENTIFIC_NOTATION_CONVERTED | UNIT_ASSUMED,0.0,CONFLICT_VALUE_TO_REVIEW
raw_mesures_debit_jr,260534,2551/15,c65f2655-996e-4d9e-942d-a2da7b4dafe7,2007-05-18,0.108,0.108,0.0,0.108,m3/s,m3/s,aucune,FLAG_DUPLICATE_TIMESTEP | FLAG_GAP_TIME_SERIES | FLAG_TIMESTEP_IRREGULAR | QA_REQUIRED | SCIENTIFIC_NOTATION_CONVERTED | UNIT_ASSUMED,0.0,CONFLICT_VALUE_TO_REVIEW
raw_mesures_debit_jr,260535,2551/15,c65f2655-996e-4d9e-942d-a2da7b4dafe7,2007-05-19,0.108,0.108,0.0,0.108,m3/s,m3/s,aucune,FLAG_DUPLICATE_TIMESTEP | FLAG_GAP_TIME_SERIES | FLAG_TIMESTEP_IRREGULAR | QA_REQUIRED | SCIENTIFIC_NOTATION_CONVERTED | UNIT_ASSUMED,0.0,CONFLICT_VALUE_TO_REVIEW
raw_mesures_debit_jr,260536,2551/15,c65f2655-996e-4d9e-942d-a2da7b4dafe7,2007-05-20,0.108,0.108,0.0,0.108,m3/s,m3/s,aucune,FLAG_DUPLICATE_TIMESTEP | FLAG_GAP_TIME_SERIES | FLAG_TIMESTEP_IRREGULAR | QA_REQUIRED | SCIENTIFIC_NOTATION_CONVERTED | UNIT_ASSUMED,0.0,CONFLICT_VALUE_TO_REVIEW
raw_mesures_debit_jr,260537,2551/15,c65f2655-996e-4d9e-942d-a2da7b4dafe7,2007-05-21,0.108,0.108,0.0,0.108,m3/s,m3/s,aucune,FLAG_DUPLICATE_TIMESTEP | FLAG_GAP_TIME_SERIES | FLAG_TIMESTEP_IRREGULAR | QA_REQUIRED | SCIENTIFIC_NOTATION_CONVERTED | UNIT_ASSUMED,0.0,CONFLICT_VALUE_TO_REVIEW
raw_mesures_debit_jr,260538,2551/15,c65f2655-996e-4d9e-942d-a2da7b4dafe7,2007-05-22,0.108,0.108,0.0,0.108,m3/s,m3/s,aucune,FLAG_DUPLICATE_TIMESTEP | FLAG_GAP_TIME_SERIES | FLAG_TIMESTEP_IRREGULAR | QA_REQUIRED | SCIENTIFIC_NOTATION_CONVERTED | UNIT_ASSUMED,0.0,CONFLICT_VALUE_TO_REVIEW
raw_mesures_debit_jr,260539,2551/15,c65f2655-996e-4d9e-942d-a2da7b4dafe7,2007-05-23,0.108,0.108,0.0,0.108,m3/s,m3/s,aucune,FLAG_DUPLICATE_TIMESTEP | FLAG_GAP_TIME_SERIES | FLAG_TIMESTEP_IRREGULAR | QA_REQUIRED | SCIENTIFIC_NOTATION_CONVERTED | UNIT_ASSUMED,0.0,CONFLICT_VALUE_TO_REVIEW
raw_mesures_debit_jr,260540,2551/15,c65f2655-996e-4d9e-942d-a2da7b4dafe7,2007-05-24,0.108,0.108,0.0,0.108,m3/s,m3/s,aucune,FLAG_DUPLICATE_TIMESTEP | FLAG_GAP_TIME_SERIES | FLAG_TIMESTEP_IRREGULAR | QA_REQUIRED | SCIENTIFIC_NOTATION_CONVERTED | UNIT_ASSUMED,0.0,CONFLICT_VALUE_TO_REVIEW
raw_mesures_debit_jr,260541,2551/15,c65f2655-996e-4d9e-942d-a2da7b4dafe7,2007-05-25,0.108,0.108,0.0,0.108,m3/s,m3/s,aucune,FLAG_DUPLICATE_TIMESTEP | FLAG_GAP_TIME_SERIES | FLAG_TIMESTEP_IRREGULAR | QA_REQUIRED | SCIENTIFIC_NOTATION_CONVERTED | UNIT_ASSUMED,0.0,CONFLICT_VALUE_TO_REVIEW
raw_mesures_debit_jr,260542,2551/15,c65f2655-996e-4d9e-942d-a2da7b4dafe7,2007-05-26,0.108,0.108,0.0,0.108,m3/s,m3/s,aucune,FLAG_DUPLICATE_TIMESTEP | FLAG_GAP_TIME_SERIES | FLAG_TIMESTEP_IRREGULAR | QA_REQUIRED | SCIENTIFIC_NOTATION_CONVERTED | UNIT_ASSUMED,0.0,CONFLICT_VALUE_TO_REVIEW
raw_mesures_debit_jr,260543,2551/15,c65f2655-996e-4d9e-942d-a2da7b4dafe7,2007-05-27,0.108,0.108,0.0,0.108,m3/s,m3/s,aucune,FLAG_DUPLICATE_TIMESTEP | FLAG_GAP_TIME_SERIES | FLAG_TIMESTEP_IRREGULAR | QA_REQUIRED | SCIENTIFIC_NOTATION_CONVERTED | UNIT_ASSUMED,0.0,CONFLICT_VALUE_TO_REVIEW
raw_mesures_debit_jr,260544,2551/15,c65f2655-996e-4d9e-942d-a2da7b4dafe7,2007-05-28,0.108,0.108,0.0,0.108,m3/s,m3/s,aucune,FLAG_DUPLICATE_TIMESTEP | FLAG_GAP_TIME_SERIES | FLAG_TIMESTEP_IRREGULAR | QA_REQUIRED | SCIENTIFIC_NOTATION_CONVERTED | UNIT_ASSUMED,0.0,CONFLICT_VALUE_TO_REVIEW
raw_mesures_debit_jr,260545,2551/15,c65f2655-996e-4d9e-942d-a2da7b4dafe7,2007-05-29,0.108,0.108,0.0,0.108,m3/s,m3/s,aucune,FLAG_DUPLICATE_TIMESTEP | FLAG_GAP_TIME_SERIES | FLAG_TIMESTEP_IRREGULAR | QA_REQUIRED | SCIENTIFIC_NOTATION_CONVERTED | UNIT_ASSUMED,0.0,CONFLICT_VALUE_TO_REVIEW
raw_mesures_debit_jr,260546,2551/15,c65f2655-996e-4d9e-942d-a2da7b4dafe7,2007-05-30,0.108,0.108,0.0,0.108,m3/s,m3/s,aucune,FLAG_DUPLICATE_TIMESTEP | FLAG_GAP_TIME_SERIES | FLAG_TIMESTEP_IRREGULAR | QA_REQUIRED | SCIENTIFIC_NOTATION_CONVERTED | UNIT_ASSUMED,0.0,CONFLICT_VALUE_TO_REVIEW
raw_mesures_debit_jr,260547,2551/15,c65f2655-996e-4d9e-942d-a2da7b4dafe7,2007-05-31,0.108,0.108,0.0,0.108,m3/s,m3/s,aucune,FLAG_DUPLICATE_TIMESTEP | FLAG_GAP_TIME_SERIES | FLAG_TIMESTEP_IRREGULAR | QA_REQUIRED | SCIENTIFIC_NOTATION_CONVERTED | UNIT_ASSUMED,0.0,CONFLICT_VALUE_TO_REVIEW
raw_mesures_debit_jr,260731,2551/15,c65f2655-996e-4d9e-942d-a2da7b4dafe7,2007-12-01,0.108,0.108,0.0,0.108,m3/s,m3/s,aucune,FLAG_DUPLICATE_TIMESTEP | FLAG_GAP_TIME_SERIES | FLAG_TIMESTEP_IRREGULAR | QA_REQUIRED | SCIENTIFIC_NOTATION_CONVERTED | UNIT_ASSUMED,0.0,CONFLICT_VALUE_TO_REVIEW
raw_mesures_debit_jr,260732,2551/15,c65f2655-996e-4d9e-942d-a2da7b4dafe7,2007-12-02,0.108,0.108,0.0,0.108,m3/s,m3/s,aucune,FLAG_DUPLICATE_TIMESTEP | FLAG_GAP_TIME_SERIES | FLAG_TIMESTEP_IRREGULAR | QA_REQUIRED | SCIENTIFIC_NOTATION_CONVERTED | UNIT_ASSUMED,0.0,CONFLICT_VALUE_TO_REVIEW
raw_mesures_debit_jr,260733,2551/15,c65f2655-996e-4d9e-942d-a2da7b4dafe7,2007-12-03,0.108,0.108,0.0,0.108,m3/s,m3/s,aucune,FLAG_DUPLICATE_TIMESTEP | FLAG_GAP_TIME_SERIES | FLAG_TIMESTEP_IRREGULAR | QA_REQUIRED | SCIENTIFIC_NOTATION_CONVERTED | UNIT_ASSUMED,0.0,CONFLICT_VALUE_TO_REVIEW
raw_mesures_debit_jr,260734,2551/15,c65f2655-996e-4d9e-942d-a2da7b4dafe7,2007-12-04,0.108,0.108,0.0,0.108,m3/s,m3/s,aucune,FLAG_DUPLICATE_TIMESTEP | FLAG_GAP_TIME_SERIES | FLAG_TIMESTEP_IRREGULAR | QA_REQUIRED | SCIENTIFIC_NOTATION_CONVERTED | UNIT_ASSUMED,0.0,CONFLICT_VALUE_TO_REVIEW
raw_mesures_debit_jr,260735,2551/15,c65f2655-996e-4d9e-942d-a2da7b4dafe7,2007-12-05,0.108,0.108,0.0,0.108,m3/s,m3/s,aucune,FLAG_DUPLICATE_TIMESTEP | FLAG_GAP_TIME_SERIES | FLAG_TIMESTEP_IRREGULAR | QA_REQUIRED | SCIENTIFIC_NOTATION_CONVERTED | UNIT_ASSUMED,0.0,CONFLICT_VALUE_TO_REVIEW
raw_mesures_debit_jr,260736,2551/15,c65f2655-996e-4d9e-942d-a2da7b4dafe7,2007-12-06,0.108,0.108,0.0,0.108,m3/s,m3/s,aucune,FLAG_DUPLICATE_TIMESTEP | FLAG_GAP_TIME_SERIES | FLAG_TIMESTEP_IRREGULAR | QA_REQUIRED | SCIENTIFIC_NOTATION_CONVERTED | UNIT_ASSUMED,0.0,CONFLICT_VALUE_TO_REVIEW
raw_mesures_debit_jr,260737,2551/15,c65f2655-996e-4d9e-942d-a2da7b4dafe7,2007-12-07,0.108,0.108,0.0,0.108,m3/s,m3/s,aucune,FLAG_DUPLICATE_TIMESTEP | FLAG_GAP_TIME_SERIES | FLAG_TIMESTEP_IRREGULAR | QA_REQUIRED | SCIENTIFIC_NOTATION_CONVERTED | UNIT_ASSUMED,0.0,CONFLICT_VALUE_TO_REVIEW
raw_mesures_debit_jr,260738,2551/15,c65f2655-996e-4d9e-942d-a2da7b4dafe7,2007-12-08,0.108,0.108,0.0,0.108,m3/s,m3/s,aucune,FLAG_DUPLICATE_TIMESTEP | FLAG_GAP_TIME_SERIES | FLAG_TIMESTEP_IRREGULAR | QA_REQUIRED | SCIENTIFIC_NOTATION_CONVERTED | UNIT_ASSUMED,0.0,CONFLICT_VALUE_TO_REVIEW
raw_mesures_debit_jr,260739,2551/15,c65f2655-996e-4d9e-942d-a2da7b4dafe7,2007-12-09,0.108,0.108,0.0,0.108,m3/s,m3/s,aucune,FLAG_DUPLICATE_TIMESTEP | FLAG_GAP_TIME_SERIES | FLAG_TIMESTEP_IRREGULAR | QA_REQUIRED | SCIENTIFIC_NOTATION_CONVERTED | UNIT_ASSUMED,0.0,CONFLICT_VALUE_TO_REVIEW
raw_mesures_debit_jr,260740,2551/15,c65f2655-996e-4d9e-942d-a2da7b4dafe7,2007-12-10,0.108,0.108,0.0,0.108,m3/s,m3/s,aucune,FLAG_DUPLICATE_TIMESTEP | FLAG_GAP_TIME_SERIES | FLAG_TIMESTEP_IRREGULAR | QA_REQUIRED | SCIENTIFIC_NOTATION_CONVERTED | UNIT_ASSUMED,0.0,CONFLICT_VALUE_TO_REVIEW
raw_mesures_debit_jr,260741,2551/15,c65f2655-996e-4d9e-942d-a2da7b4dafe7,2007-12-11,0.108,0.108,0.0,0.108,m3/s,m3/s,aucune,FLAG_DUPLICATE_TIMESTEP | FLAG_GAP_TIME_SERIES | FLAG_TIMESTEP_IRREGULAR | QA_REQUIRED | SCIENTIFIC_NOTATION_CONVERTED | UNIT_ASSUMED,0.0,CONFLICT_VALUE_TO_REVIEW
raw_mesures_debit_jr,260742,2551/15,c65f2655-996e-4d9e-942d-a2da7b4dafe7,2007-12-12,0.108,0.108,0.0,0.108,m3/s,m3/s,aucune,FLAG_DUPLICATE_TIMESTEP | FLAG_GAP_TIME_SERIES | FLAG_TIMESTEP_IRREGULAR | QA_REQUIRED | SCIENTIFIC_NOTATION_CONVERTED | UNIT_ASSUMED,0.0,CONFLICT_VALUE_TO_REVIEW
raw_mesures_debit_jr,260743,2551/15,c65f2655-996e-4d9e-942d-a2da7b4dafe7,2007-12-13,0.108,0.108,0.0,0.108,m3/s,m3/s,aucune,FLAG_DUPLICATE_TIMESTEP | FLAG_GAP_TIME_SERIES | FLAG_TIMESTEP_IRREGULAR | QA_REQUIRED | SCIENTIFIC_NOTATION_CONVERTED | UNIT_ASSUMED,0.0,CONFLICT_VALUE_TO_REVIEW
raw_mesures_debit_jr,260744,2551/15,c65f2655-996e-4d9e-942d-a2da7b4dafe7,2007-12-14,0.108,0.108,0.0,0.108,m3/s,m3/s,aucune,FLAG_DUPLICATE_TIMESTEP | FLAG_GAP_TIME_SERIES | FLAG_TIMESTEP_IRREGULAR | QA_REQUIRED | SCIENTIFIC_NOTATION_CONVERTED | UNIT_ASSUMED,0.0,CONFLICT_VALUE_TO_REVIEW
raw_mesures_debit_jr,260745,2551/15,c65f2655-996e-4d9e-942d-a2da7b4dafe7,2007-12-15,0.108,0.108,0.0,0.108,m3/s,m3/s,aucune,FLAG_DUPLICATE_TIMESTEP | FLAG_GAP_TIME_SERIES | FLAG_TIMESTEP_IRREGULAR | QA_REQUIRED | SCIENTIFIC_NOTATION_CONVERTED | UNIT_ASSUMED,0.0,CONFLICT_VALUE_TO_REVIEW
raw_mesures_debit_jr,260746,2551/15,c65f2655-996e-4d9e-942d-a2da7b4dafe7,2007-12-16,0.108,0.108,0.0,0.108,m3/s,m3/s,aucune,FLAG_DUPLICATE_TIMESTEP | FLAG_GAP_TIME_SERIES | FLAG_TIMESTEP_IRREGULAR | QA_REQUIRED | SCIENTIFIC_NOTATION_CONVERTED | UNIT_ASSUMED,0.0,CONFLICT_VALUE_TO_REVIEW
raw_mesures_debit_jr,260747,2551/15,c65f2655-996e-4d9e-942d-a2da7b4dafe7,2007-12-17,0.108,0.108,0.0,0.108,m3/s,m3/s,aucune,FLAG_DUPLICATE_TIMESTEP | FLAG_GAP_TIME_SERIES | FLAG_TIMESTEP_IRREGULAR | QA_REQUIRED | SCIENTIFIC_NOTATION_CONVERTED | UNIT_ASSUMED,0.0,CONFLICT_VALUE_TO_REVIEW
raw_mesures_debit_jr,260748,2551/15,c65f2655-996e-4d9e-942d-a2da7b4dafe7,2007-12-18,0.108,0.108,0.0,0.108,m3/s,m3/s,aucune,FLAG_DUPLICATE_TIMESTEP | FLAG_GAP_TIME_SERIES | FLAG_TIMESTEP_IRREGULAR | QA_REQUIRED | SCIENTIFIC_NOTATION_CONVERTED | UNIT_ASSUMED,0.0,CONFLICT_VALUE_TO_REVIEW
raw_mesures_debit_jr,260749,2551/15,c65f2655-996e-4d9e-942d-a2da7b4dafe7,2007-12-19,0.108,0.108,0.0,0.108,m3/s,m3/s,aucune,FLAG_DUPLICATE_TIMESTEP | FLAG_GAP_TIME_SERIES | FLAG_TIMESTEP_IRREGULAR | QA_REQUIRED | SCIENTIFIC_NOTATION_CONVERTED | UNIT_ASSUMED,0.0,CONFLICT_VALUE_TO_REVIEW
raw_mesures_debit_jr,260750,2551/15,c65f2655-996e-4d9e-942d-a2da7b4dafe7,2007-12-20,0.108,0.108,0.0,0.108,m3/s,m3/s,aucune,FLAG_DUPLICATE_TIMESTEP | FLAG_GAP_TIME_SERIES | FLAG_TIMESTEP_IRREGULAR | QA_REQUIRED | SCIENTIFIC_NOTATION_CONVERTED | UNIT_ASSUMED,0.0,CONFLICT_VALUE_TO_REVIEW
raw_mesures_debit_jr,260751,2551/15,c65f2655-996e-4d9e-942d-a2da7b4dafe7,2007-12-21,0.108,0.108,0.0,0.108,m3/s,m3/s,aucune,FLAG_DUPLICATE_TIMESTEP | FLAG_GAP_TIME_SERIES | FLAG_TIMESTEP_IRREGULAR | QA_REQUIRED | SCIENTIFIC_NOTATION_CONVERTED | UNIT_ASSUMED,0.0,CONFLICT_VALUE_TO_REVIEW
raw_mesures_debit_jr,261949,2551/15,c65f2655-996e-4d9e-942d-a2da7b4dafe7,2011-04-02,4.104,4.104,40000.0,4.104,m3/s,m3/s,aucune,FLAG_DUPLICATE_TIMESTEP | FLAG_GAP_TIME_SERIES | FLAG_TIMESTEP_IRREGULAR | QA_REQUIRED | SCIENTIFIC_NOTATION_CONVERTED | UNIT_ASSUMED,9746.588693957116,PARSING_SCALING_ERROR
raw_mesures_debit_jr,262171,2551/15,c65f2655-996e-4d9e-942d-a2da7b4dafe7,2011-11-10,4.104,4.104,40000.0,4.104,m3/s,m3/s,aucune,FLAG_DUPLICATE_TIMESTEP | FLAG_GAP_TIME_SERIES | FLAG_TIMESTEP_IRREGULAR | QA_REQUIRED | SCIENTIFIC_NOTATION_CONVERTED | UNIT_ASSUMED,9746.588693957116,PARSING_SCALING_ERROR
raw_mesures_debit_jr,262172,2551/15,c65f2655-996e-4d9e-942d-a2da7b4dafe7,2011-11-11,4.104,4.104,40000.0,4.104,m3/s,m3/s,aucune,FLAG_DUPLICATE_TIMESTEP | FLAG_GAP_TIME_SERIES | FLAG_TIMESTEP_IRREGULAR | QA_REQUIRED | SCIENTIFIC_NOTATION_CONVERTED | UNIT_ASSUMED,9746.588693957116,PARSING_SCALING_ERROR
raw_mesures_debit_jr,262173,2551/15,c65f2655-996e-4d9e-942d-a2da7b4dafe7,2011-11-12,4.104,4.104,40000.0,4.104,m3/s,m3/s,aucune,FLAG_DUPLICATE_TIMESTEP | FLAG_GAP_TIME_SERIES | FLAG_TIMESTEP_IRREGULAR | QA_REQUIRED | SCIENTIFIC_NOTATION_CONVERTED | UNIT_ASSUMED,9746.588693957116,PARSING_SCALING_ERROR
raw_mesures_debit_jr,281111,260/9,517c713a-dda4-4dcb-a033-4143062487fd,1995-09-18,0.105,0.105,0.0,0.105,m3/s,m3/s,aucune,FLAG_DUPLICATE_TIMESTEP | FLAG_GAP_TIME_SERIES | FLAG_TIMESTEP_IRREGULAR | QA_REQUIRED | SCIENTIFIC_NOTATION_CONVERTED | UNIT_ASSUMED,0.0,CONFLICT_VALUE_TO_REVIEW
raw_mesures_debit_jr,291749,295/10,7042849a-fb8a-4d37-9c74-94d910553723,1999-11-02,0.108,0.108,0.0,0.108,m3/s,m3/s,aucune,FLAG_DUPLICATE_TIMESTEP | FLAG_GAP_TIME_SERIES | FLAG_TIMESTEP_IRREGULAR | QA_REQUIRED | SCIENTIFIC_NOTATION_CONVERTED | UNIT_ASSUMED,0.0,CONFLICT_VALUE_TO_REVIEW
raw_mesures_debit_jr,291750,295/10,7042849a-fb8a-4d37-9c74-94d910553723,1999-11-03,0.108,0.108,0.0,0.108,m3/s,m3/s,aucune,FLAG_DUPLICATE_TIMESTEP | FLAG_GAP_TIME_SERIES | FLAG_TIMESTEP_IRREGULAR | QA_REQUIRED | SCIENTIFIC_NOTATION_CONVERTED | UNIT_ASSUMED,0.0,CONFLICT_VALUE_TO_REVIEW
raw_mesures_debit_jr,291751,295/10,7042849a-fb8a-4d37-9c74-94d910553723,1999-11-04,0.108,0.108,0.0,0.108,m3/s,m3/s,aucune,FLAG_DUPLICATE_TIMESTEP | FLAG_GAP_TIME_SERIES | FLAG_TIMESTEP_IRREGULAR | QA_REQUIRED | SCIENTIFIC_NOTATION_CONVERTED | UNIT_ASSUMED,0.0,CONFLICT_VALUE_TO_REVIEW
raw_mesures_debit_jr,291752,295/10,7042849a-fb8a-4d37-9c74-94d910553723,1999-11-05,0.108,0.108,0.0,0.108,m3/s,m3/s,aucune,FLAG_DUPLICATE_TIMESTEP | FLAG_GAP_TIME_SERIES | FLAG_TIMESTEP_IRREGULAR | QA_REQUIRED | SCIENTIFIC_NOTATION_CONVERTED | UNIT_ASSUMED,0.0,CONFLICT_VALUE_TO_REVIEW
raw_mesures_debit_jr,291753,295/10,7042849a-fb8a-4d37-9c74-94d910553723,1999-11-06,0.108,0.108,0.0,0.108,m3/s,m3/s,aucune,FLAG_DUPLICATE_TIMESTEP | FLAG_GAP_TIME_SERIES | FLAG_TIMESTEP_IRREGULAR | QA_REQUIRED | SCIENTIFIC_NOTATION_CONVERTED | UNIT_ASSUMED,0.0,CONFLICT_VALUE_TO_REVIEW
raw_mesures_debit_jr,291754,295/10,7042849a-fb8a-4d37-9c74-94d910553723,1999-11-07,0.108,0.108,0.0,0.108,m3/s,m3/s,aucune,FLAG_DUPLICATE_TIMESTEP | FLAG_GAP_TIME_SERIES | FLAG_TIMESTEP_IRREGULAR | QA_REQUIRED | SCIENTIFIC_NOTATION_CONVERTED | UNIT_ASSUMED,0.0,CONFLICT_VALUE_TO_REVIEW
raw_mesures_debit_jr,291755,295/10,7042849a-fb8a-4d37-9c74-94d910553723,1999-11-08,0.108,0.108,0.0,0.108,m3/s,m3/s,aucune,FLAG_DUPLICATE_TIMESTEP | FLAG_GAP_TIME_SERIES | FLAG_TIMESTEP_IRREGULAR | QA_REQUIRED | SCIENTIFIC_NOTATION_CONVERTED | UNIT_ASSUMED,0.0,CONFLICT_VALUE_TO_REVIEW
raw_mesures_debit_jr,291756,295/10,7042849a-fb8a-4d37-9c74-94d910553723,1999-11-09,0.108,0.108,0.0,0.108,m3/s,m3/s,aucune,FLAG_DUPLICATE_TIMESTEP | FLAG_GAP_TIME_SERIES | FLAG_TIMESTEP_IRREGULAR | QA_REQUIRED | SCIENTIFIC_NOTATION_CONVERTED | UNIT_ASSUMED,0.0,CONFLICT_VALUE_TO_REVIEW
raw_mesures_debit_jr,291757,295/10,7042849a-fb8a-4d37-9c74-94d910553723,1999-11-10,0.108,0.108,0.0,0.108,m3/s,m3/s,aucune,FLAG_DUPLICATE_TIMESTEP | FLAG_GAP_TIME_SERIES | FLAG_TIMESTEP_IRREGULAR | QA_REQUIRED | SCIENTIFIC_NOTATION_CONVERTED | UNIT_ASSUMED,0.0,CONFLICT_VALUE_TO_REVIEW
raw_mesures_debit_jr,291758,295/10,7042849a-fb8a-4d37-9c74-94d910553723,1999-11-11,0.108,0.108,0.0,0.108,m3/s,m3/s,aucune,FLAG_DUPLICATE_TIMESTEP | FLAG_GAP_TIME_SERIES | FLAG_TIMESTEP_IRREGULAR | QA_REQUIRED | SCIENTIFIC_NOTATION_CONVERTED | UNIT_ASSUMED,0.0,CONFLICT_VALUE_TO_REVIEW
raw_mesures_debit_jr,291759,295/10,7042849a-fb8a-4d37-9c74-94d910553723,1999-11-12,0.108,0.108,0.0,0.108,m3/s,m3/s,aucune,FLAG_DUPLICATE_TIMESTEP | FLAG_GAP_TIME_SERIES | FLAG_TIMESTEP_IRREGULAR | QA_REQUIRED | SCIENTIFIC_NOTATION_CONVERTED | UNIT_ASSUMED,0.0,CONFLICT_VALUE_TO_REVIEW
raw_mesures_debit_jr,291760,295/10,7042849a-fb8a-4d37-9c74-94d910553723,1999-11-13,0.108,0.108,0.0,0.108,m3/s,m3/s,aucune,FLAG_DUPLICATE_TIMESTEP | FLAG_GAP_TIME_SERIES | FLAG_TIMESTEP_IRREGULAR | QA_REQUIRED | SCIENTIFIC_NOTATION_CONVERTED | UNIT_ASSUMED,0.0,CONFLICT_VALUE_TO_REVIEW
raw_mesures_debit_jr,291761,295/10,7042849a-fb8a-4d37-9c74-94d910553723,1999-11-14,0.108,0.108,0.0,0.108,m3/s,m3/s,aucune,FLAG_DUPLICATE_TIMESTEP | FLAG_GAP_TIME_SERIES | FLAG_TIMESTEP_IRREGULAR | QA_REQUIRED | SCIENTIFIC_NOTATION_CONVERTED | UNIT_ASSUMED,0.0,CONFLICT_VALUE_TO_REVIEW
raw_mesures_debit_jr,291762,295/10,7042849a-fb8a-4d37-9c74-94d910553723,1999-11-15,0.108,0.108,0.0,0.108,m3/s,m3/s,aucune,FLAG_DUPLICATE_TIMESTEP | FLAG_GAP_TIME_SERIES | FLAG_TIMESTEP_IRREGULAR | QA_REQUIRED | SCIENTIFIC_NOTATION_CONVERTED | UNIT_ASSUMED,0.0,CONFLICT_VALUE_TO_REVIEW
raw_mesures_debit_jr,291763,295/10,7042849a-fb8a-4d37-9c74-94d910553723,1999-11-16,0.108,0.108,0.0,0.108,m3/s,m3/s,aucune,FLAG_DUPLICATE_TIMESTEP | FLAG_GAP_TIME_SERIES | FLAG_TIMESTEP_IRREGULAR | QA_REQUIRED | SCIENTIFIC_NOTATION_CONVERTED | UNIT_ASSUMED,0.0,CONFLICT_VALUE_TO_REVIEW
raw_mesures_debit_jr,291764,295/10,7042849a-fb8a-4d37-9c74-94d910553723,1999-11-17,0.108,0.108,0.0,0.108,m3/s,m3/s,aucune,FLAG_DUPLICATE_TIMESTEP | FLAG_GAP_TIME_SERIES | FLAG_TIMESTEP_IRREGULAR | QA_REQUIRED | SCIENTIFIC_NOTATION_CONVERTED | UNIT_ASSUMED,0.0,CONFLICT_VALUE_TO_REVIEW
raw_mesures_debit_jr,291765,295/10,7042849a-fb8a-4d37-9c74-94d910553723,1999-11-18,0.108,0.108,0.0,0.108,m3/s,m3/s,aucune,FLAG_DUPLICATE_TIMESTEP | FLAG_GAP_TIME_SERIES | FLAG_TIMESTEP_IRREGULAR | QA_REQUIRED | SCIENTIFIC_NOTATION_CONVERTED | UNIT_ASSUMED,0.0,CONFLICT_VALUE_TO_REVIEW
raw_mesures_debit_jr,291766,295/10,7042849a-fb8a-4d37-9c74-94d910553723,1999-11-19,0.108,0.108,0.0,0.108,m3/s,m3/s,aucune,FLAG_DUPLICATE_TIMESTEP | FLAG_GAP_TIME_SERIES | FLAG_TIMESTEP_IRREGULAR | QA_REQUIRED | SCIENTIFIC_NOTATION_CONVERTED | UNIT_ASSUMED,0.0,CONFLICT_VALUE_TO_REVIEW
raw_mesures_debit_jr,291767,295/10,7042849a-fb8a-4d37-9c74-94d910553723,1999-11-20,0.108,0.108,0.0,0.108,m3/s,m3/s,aucune,FLAG_DUPLICATE_TIMESTEP | FLAG_GAP_TIME_SERIES | FLAG_TIMESTEP_IRREGULAR | QA_REQUIRED | SCIENTIFIC_NOTATION_CONVERTED | UNIT_ASSUMED,0.0,CONFLICT_VALUE_TO_REVIEW
raw_mesures_debit_jr,291768,295/10,7042849a-fb8a-4d37-9c74-94d910553723,1999-11-21,0.108,0.108,0.0,0.108,m3/s,m3/s,aucune,FLAG_DUPLICATE_TIMESTEP | FLAG_GAP_TIME_SERIES | FLAG_TIMESTEP_IRREGULAR | QA_REQUIRED | SCIENTIFIC_NOTATION_CONVERTED | UNIT_ASSUMED,0.0,CONFLICT_VALUE_TO_REVIEW
raw_mesures_debit_jr,291769,295/10,7042849a-fb8a-4d37-9c74-94d910553723,1999-11-22,0.108,0.108,0.0,0.108,m3/s,m3/s,aucune,FLAG_DUPLICATE_TIMESTEP | FLAG_GAP_TIME_SERIES | FLAG_TIMESTEP_IRREGULAR | QA_REQUIRED | SCIENTIFIC_NOTATION_CONVERTED | UNIT_ASSUMED,0.0,CONFLICT_VALUE_TO_REVIEW
raw_mesures_debit_jr,291770,295/10,7042849a-fb8a-4d37-9c74-94d910553723,1999-11-23,0.108,0.108,0.0,0.108,m3/s,m3/s,aucune,FLAG_DUPLICATE_TIMESTEP | FLAG_GAP_TIME_SERIES | FLAG_TIMESTEP_IRREGULAR | QA_REQUIRED | SCIENTIFIC_NOTATION_CONVERTED | UNIT_ASSUMED,0.0,CONFLICT_VALUE_TO_REVIEW
raw_mesures_debit_jr,291771,295/10,7042849a-fb8a-4d37-9c74-94d910553723,1999-11-24,0.108,0.108,0.0,0.108,m3/s,m3/s,aucune,FLAG_DUPLICATE_TIMESTEP | FLAG_GAP_TIME_SERIES | FLAG_TIMESTEP_IRREGULAR | QA_REQUIRED | SCIENTIFIC_NOTATION_CONVERTED | UNIT_ASSUMED,0.0,CONFLICT_VALUE_TO_REVIEW
raw_mesures_debit_jr,291772,295/10,7042849a-fb8a-4d37-9c74-94d910553723,1999-11-25,0.108,0.108,0.0,0.108,m3/s,m3/s,aucune,FLAG_DUPLICATE_TIMESTEP | FLAG_GAP_TIME_SERIES | FLAG_TIMESTEP_IRREGULAR | QA_REQUIRED | SCIENTIFIC_NOTATION_CONVERTED | UNIT_ASSUMED,0.0,CONFLICT_VALUE_TO_REVIEW
raw_mesures_debit_jr,291773,295/10,7042849a-fb8a-4d37-9c74-94d910553723,1999-11-26,0.108,0.108,0.0,0.108,m3/s,m3/s,aucune,FLAG_DUPLICATE_TIMESTEP | FLAG_GAP_TIME_SERIES | FLAG_TIMESTEP_IRREGULAR | QA_REQUIRED | SCIENTIFIC_NOTATION_CONVERTED | UNIT_ASSUMED,0.0,CONFLICT_VALUE_TO_REVIEW
raw_mesures_debit_jr,291774,295/10,7042849a-fb8a-4d37-9c74-94d910553723,1999-11-27,0.108,0.108,0.0,0.108,m3/s,m3/s,aucune,FLAG_DUPLICATE_TIMESTEP | FLAG_GAP_TIME_SERIES | FLAG_TIMESTEP_IRREGULAR | QA_REQUIRED | SCIENTIFIC_NOTATION_CONVERTED | UNIT_ASSUMED,0.0,CONFLICT_VALUE_TO_REVIEW
raw_mesures_debit_jr,291775,295/10,7042849a-fb8a-4d37-9c74-94d910553723,1999-11-28,0.108,0.108,0.0,0.108,m3/s,m3/s,aucune,FLAG_DUPLICATE_TIMESTEP | FLAG_GAP_TIME_SERIES | FLAG_TIMESTEP_IRREGULAR | QA_REQUIRED | SCIENTIFIC_NOTATION_CONVERTED | UNIT_ASSUMED,0.0,CONFLICT_VALUE_TO_REVIEW
raw_mesures_debit_jr,291776,295/10,7042849a-fb8a-4d37-9c74-94d910553723,1999-11-29,0.108,0.108,0.0,0.108,m3/s,m3/s,aucune,FLAG_DUPLICATE_TIMESTEP | FLAG_GAP_TIME_SERIES | FLAG_TIMESTEP_IRREGULAR | QA_REQUIRED | SCIENTIFIC_NOTATION_CONVERTED | UNIT_ASSUMED,0.0,CONFLICT_VALUE_TO_REVIEW
raw_mesures_debit_jr,291777,295/10,7042849a-fb8a-4d37-9c74-94d910553723,1999-11-30,0.108,0.108,0.0,0.108,m3/s,m3/s,aucune,FLAG_DUPLICATE_TIMESTEP | FLAG_GAP_TIME_SERIES | FLAG_TIMESTEP_IRREGULAR | QA_REQUIRED | SCIENTIFIC_NOTATION_CONVERTED | UNIT_ASSUMED,0.0,CONFLICT_VALUE_TO_REVIEW
raw_mesures_debit_jr,291778,295/10,7042849a-fb8a-4d37-9c74-94d910553723,1999-12-01,0.108,0.108,0.0,0.108,m3/s,m3/s,aucune,FLAG_DUPLICATE_TIMESTEP | FLAG_GAP_TIME_SERIES | FLAG_TIMESTEP_IRREGULAR | QA_REQUIRED | SCIENTIFIC_NOTATION_CONVERTED | UNIT_ASSUMED,0.0,CONFLICT_VALUE_TO_REVIEW
raw_mesures_debit_jr,291779,295/10,7042849a-fb8a-4d37-9c74-94d910553723,1999-12-02,0.108,0.108,0.0,0.108,m3/s,m3/s,aucune,FLAG_DUPLICATE_TIMESTEP | FLAG_GAP_TIME_SERIES | FLAG_TIMESTEP_IRREGULAR | QA_REQUIRED | SCIENTIFIC_NOTATION_CONVERTED | UNIT_ASSUMED,0.0,CONFLICT_VALUE_TO_REVIEW
raw_mesures_debit_jr,291780,295/10,7042849a-fb8a-4d37-9c74-94d910553723,1999-12-03,0.108,0.108,0.0,0.108,m3/s,m3/s,aucune,FLAG_DUPLICATE_TIMESTEP | FLAG_GAP_TIME_SERIES | FLAG_TIMESTEP_IRREGULAR | QA_REQUIRED | SCIENTIFIC_NOTATION_CONVERTED | UNIT_ASSUMED,0.0,CONFLICT_VALUE_TO_REVIEW
raw_mesures_debit_jr,291781,295/10,7042849a-fb8a-4d37-9c74-94d910553723,1999-12-04,0.108,0.108,0.0,0.108,m3/s,m3/s,aucune,FLAG_DUPLICATE_TIMESTEP | FLAG_GAP_TIME_SERIES | FLAG_TIMESTEP_IRREGULAR | QA_REQUIRED | SCIENTIFIC_NOTATION_CONVERTED | UNIT_ASSUMED,0.0,CONFLICT_VALUE_TO_REVIEW
raw_mesures_debit_jr,291782,295/10,7042849a-fb8a-4d37-9c74-94d910553723,1999-12-05,0.108,0.108,0.0,0.108,m3/s,m3/s,aucune,FLAG_DUPLICATE_TIMESTEP | FLAG_GAP_TIME_SERIES | FLAG_TIMESTEP_IRREGULAR | QA_REQUIRED | SCIENTIFIC_NOTATION_CONVERTED | UNIT_ASSUMED,0.0,CONFLICT_VALUE_TO_REVIEW
raw_mesures_debit_jr,291783,295/10,7042849a-fb8a-4d37-9c74-94d910553723,1999-12-06,0.108,0.108,0.0,0.108,m3/s,m3/s,aucune,FLAG_DUPLICATE_TIMESTEP | FLAG_GAP_TIME_SERIES | FLAG_TIMESTEP_IRREGULAR | QA_REQUIRED | SCIENTIFIC_NOTATION_CONVERTED | UNIT_ASSUMED,0.0,CONFLICT_VALUE_TO_REVIEW
raw_mesures_debit_jr,291784,295/10,7042849a-fb8a-4d37-9c74-94d910553723,1999-12-07,0.108,0.108,0.0,0.108,m3/s,m3/s,aucune,FLAG_DUPLICATE_TIMESTEP | FLAG_GAP_TIME_SERIES | FLAG_TIMESTEP_IRREGULAR | QA_REQUIRED | SCIENTIFIC_NOTATION_CONVERTED | UNIT_ASSUMED,0.0,CONFLICT_VALUE_TO_REVIEW
raw_mesures_debit_jr,291785,295/10,7042849a-fb8a-4d37-9c74-94d910553723,1999-12-08,0.108,0.108,0.0,0.108,m3/s,m3/s,aucune,FLAG_DUPLICATE_TIMESTEP | FLAG_GAP_TIME_SERIES | FLAG_TIMESTEP_IRREGULAR | QA_REQUIRED | SCIENTIFIC_NOTATION_CONVERTED | UNIT_ASSUMED,0.0,CONFLICT_VALUE_TO_REVIEW
raw_mesures_debit_jr,291786,295/10,7042849a-fb8a-4d37-9c74-94d910553723,1999-12-09,0.108,0.108,0.0,0.108,m3/s,m3/s,aucune,FLAG_DUPLICATE_TIMESTEP | FLAG_GAP_TIME_SERIES | FLAG_TIMESTEP_IRREGULAR | QA_REQUIRED | SCIENTIFIC_NOTATION_CONVERTED | UNIT_ASSUMED,0.0,CONFLICT_VALUE_TO_REVIEW
raw_mesures_debit_jr,291787,295/10,7042849a-fb8a-4d37-9c74-94d910553723,1999-12-10,0.108,0.108,0.0,0.108,m3/s,m3/s,aucune,FLAG_DUPLICATE_TIMESTEP | FLAG_GAP_TIME_SERIES | FLAG_TIMESTEP_IRREGULAR | QA_REQUIRED | SCIENTIFIC_NOTATION_CONVERTED | UNIT_ASSUMED,0.0,CONFLICT_VALUE_TO_REVIEW
raw_mesures_debit_jr,291788,295/10,7042849a-fb8a-4d37-9c74-94d910553723,1999-12-11,0.108,0.108,0.0,0.108,m3/s,m3/s,aucune,FLAG_DUPLICATE_TIMESTEP | FLAG_GAP_TIME_SERIES | FLAG_TIMESTEP_IRREGULAR | QA_REQUIRED | SCIENTIFIC_NOTATION_CONVERTED | UNIT_ASSUMED,0.0,CONFLICT_VALUE_TO_REVIEW
raw_mesures_debit_jr,291789,295/10,7042849a-fb8a-4d37-9c74-94d910553723,1999-12-12,0.108,0.108,0.0,0.108,m3/s,m3/s,aucune,FLAG_DUPLICATE_TIMESTEP | FLAG_GAP_TIME_SERIES | FLAG_TIMESTEP_IRREGULAR | QA_REQUIRED | SCIENTIFIC_NOTATION_CONVERTED | UNIT_ASSUMED,0.0,CONFLICT_VALUE_TO_REVIEW
raw_mesures_debit_jr,291790,295/10,7042849a-fb8a-4d37-9c74-94d910553723,1999-12-13,0.108,0.108,0.0,0.108,m3/s,m3/s,aucune,FLAG_DUPLICATE_TIMESTEP | FLAG_GAP_TIME_SERIES | FLAG_TIMESTEP_IRREGULAR | QA_REQUIRED | SCIENTIFIC_NOTATION_CONVERTED | UNIT_ASSUMED,0.0,CONFLICT_VALUE_TO_REVIEW
raw_mesures_debit_jr,291791,295/10,7042849a-fb8a-4d37-9c74-94d910553723,1999-12-14,0.108,0.108,0.0,0.108,m3/s,m3/s,aucune,FLAG_DUPLICATE_TIMESTEP | FLAG_GAP_TIME_SERIES | FLAG_TIMESTEP_IRREGULAR | QA_REQUIRED | SCIENTIFIC_NOTATION_CONVERTED | UNIT_ASSUMED,0.0,CONFLICT_VALUE_TO_REVIEW
raw_mesures_debit_jr,291792,295/10,7042849a-fb8a-4d37-9c74-94d910553723,1999-12-15,0.108,0.108,0.0,0.108,m3/s,m3/s,aucune,FLAG_DUPLICATE_TIMESTEP | FLAG_GAP_TIME_SERIES | FLAG_TIMESTEP_IRREGULAR | QA_REQUIRED | SCIENTIFIC_NOTATION_CONVERTED | UNIT_ASSUMED,0.0,CONFLICT_VALUE_TO_REVIEW
raw_mesures_debit_jr,291793,295/10,7042849a-fb8a-4d37-9c74-94d910553723,1999-12-16,0.108,0.108,0.0,0.108,m3/s,m3/s,aucune,FLAG_DUPLICATE_TIMESTEP | FLAG_GAP_TIME_SERIES | FLAG_TIMESTEP_IRREGULAR | QA_REQUIRED | SCIENTIFIC_NOTATION_CONVERTED | UNIT_ASSUMED,0.0,CONFLICT_VALUE_TO_REVIEW
raw_mesures_debit_jr,291794,295/10,7042849a-fb8a-4d37-9c74-94d910553723,1999-12-17,0.108,0.108,0.0,0.108,m3/s,m3/s,aucune,FLAG_DUPLICATE_TIMESTEP | FLAG_GAP_TIME_SERIES | FLAG_TIMESTEP_IRREGULAR | QA_REQUIRED | SCIENTIFIC_NOTATION_CONVERTED | UNIT_ASSUMED,0.0,CONFLICT_VALUE_TO_REVIEW
raw_mesures_debit_jr,291795,295/10,7042849a-fb8a-4d37-9c74-94d910553723,1999-12-18,0.108,0.108,0.0,0.108,m3/s,m3/s,aucune,FLAG_DUPLICATE_TIMESTEP | FLAG_GAP_TIME_SERIES | FLAG_TIMESTEP_IRREGULAR | QA_REQUIRED | SCIENTIFIC_NOTATION_CONVERTED | UNIT_ASSUMED,0.0,CONFLICT_VALUE_TO_REVIEW
raw_mesures_debit_jr,291796,295/10,7042849a-fb8a-4d37-9c74-94d910553723,1999-12-19,0.108,0.108,0.0,0.108,m3/s,m3/s,aucune,FLAG_DUPLICATE_TIMESTEP | FLAG_GAP_TIME_SERIES | FLAG_TIMESTEP_IRREGULAR | QA_REQUIRED | SCIENTIFIC_NOTATION_CONVERTED | UNIT_ASSUMED,0.0,CONFLICT_VALUE_TO_REVIEW
raw_mesures_debit_jr,291797,295/10,7042849a-fb8a-4d37-9c74-94d910553723,1999-12-20,0.108,0.108,0.0,0.108,m3/s,m3/s,aucune,FLAG_DUPLICATE_TIMESTEP | FLAG_GAP_TIME_SERIES | FLAG_TIMESTEP_IRREGULAR | QA_REQUIRED | SCIENTIFIC_NOTATION_CONVERTED | UNIT_ASSUMED,0.0,CONFLICT_VALUE_TO_REVIEW
raw_mesures_debit_jr,291798,295/10,7042849a-fb8a-4d37-9c74-94d910553723,1999-12-21,0.108,0.108,0.0,0.108,m3/s,m3/s,aucune,FLAG_DUPLICATE_TIMESTEP | FLAG_GAP_TIME_SERIES | FLAG_TIMESTEP_IRREGULAR | QA_REQUIRED | SCIENTIFIC_NOTATION_CONVERTED | UNIT_ASSUMED,0.0,CONFLICT_VALUE_TO_REVIEW
raw_mesures_debit_jr,291799,295/10,7042849a-fb8a-4d37-9c74-94d910553723,1999-12-22,0.108,0.108,0.0,0.108,m3/s,m3/s,aucune,FLAG_DUPLICATE_TIMESTEP | FLAG_GAP_TIME_SERIES | FLAG_TIMESTEP_IRREGULAR | QA_REQUIRED | SCIENTIFIC_NOTATION_CONVERTED | UNIT_ASSUMED,0.0,CONFLICT_VALUE_TO_REVIEW
raw_mesures_debit_jr,291800,295/10,7042849a-fb8a-4d37-9c74-94d910553723,1999-12-23,0.108,0.108,0.0,0.108,m3/s,m3/s,aucune,FLAG_DUPLICATE_TIMESTEP | FLAG_GAP_TIME_SERIES | FLAG_TIMESTEP_IRREGULAR | QA_REQUIRED | SCIENTIFIC_NOTATION_CONVERTED | UNIT_ASSUMED,0.0,CONFLICT_VALUE_TO_REVIEW
raw_mesures_debit_jr,291801,295/10,7042849a-fb8a-4d37-9c74-94d910553723,1999-12-24,0.108,0.108,0.0,0.108,m3/s,m3/s,aucune,FLAG_DUPLICATE_TIMESTEP | FLAG_GAP_TIME_SERIES | FLAG_TIMESTEP_IRREGULAR | QA_REQUIRED | SCIENTIFIC_NOTATION_CONVERTED | UNIT_ASSUMED,0.0,CONFLICT_VALUE_TO_REVIEW
raw_mesures_debit_jr,291802,295/10,7042849a-fb8a-4d37-9c74-94d910553723,1999-12-25,0.108,0.108,0.0,0.108,m3/s,m3/s,aucune,FLAG_DUPLICATE_TIMESTEP | FLAG_GAP_TIME_SERIES | FLAG_TIMESTEP_IRREGULAR | QA_REQUIRED | SCIENTIFIC_NOTATION_CONVERTED | UNIT_ASSUMED,0.0,CONFLICT_VALUE_TO_REVIEW
raw_mesures_debit_jr,291803,295/10,7042849a-fb8a-4d37-9c74-94d910553723,1999-12-26,0.108,0.108,0.0,0.108,m3/s,m3/s,aucune,FLAG_DUPLICATE_TIMESTEP | FLAG_GAP_TIME_SERIES | FLAG_TIMESTEP_IRREGULAR | QA_REQUIRED | SCIENTIFIC_NOTATION_CONVERTED | UNIT_ASSUMED,0.0,CONFLICT_VALUE_TO_REVIEW
raw_mesures_debit_jr,291804,295/10,7042849a-fb8a-4d37-9c74-94d910553723,1999-12-27,0.108,0.108,0.0,0.108,m3/s,m3/s,aucune,FLAG_DUPLICATE_TIMESTEP | FLAG_GAP_TIME_SERIES | FLAG_TIMESTEP_IRREGULAR | QA_REQUIRED | SCIENTIFIC_NOTATION_CONVERTED | UNIT_ASSUMED,0.0,CONFLICT_VALUE_TO_REVIEW
raw_mesures_debit_jr,291805,295/10,7042849a-fb8a-4d37-9c74-94d910553723,1999-12-28,0.108,0.108,0.0,0.108,m3/s,m3/s,aucune,FLAG_DUPLICATE_TIMESTEP | FLAG_GAP_TIME_SERIES | FLAG_TIMESTEP_IRREGULAR | QA_REQUIRED | SCIENTIFIC_NOTATION_CONVERTED | UNIT_ASSUMED,0.0,CONFLICT_VALUE_TO_REVIEW
raw_mesures_debit_jr,291806,295/10,7042849a-fb8a-4d37-9c74-94d910553723,1999-12-29,0.108,0.108,0.0,0.108,m3/s,m3/s,aucune,FLAG_DUPLICATE_TIMESTEP | FLAG_GAP_TIME_SERIES | FLAG_TIMESTEP_IRREGULAR | QA_REQUIRED | SCIENTIFIC_NOTATION_CONVERTED | UNIT_ASSUMED,0.0,CONFLICT_VALUE_TO_REVIEW
raw_mesures_debit_jr,291807,295/10,7042849a-fb8a-4d37-9c74-94d910553723,1999-12-30,0.108,0.108,0.0,0.108,m3/s,m3/s,aucune,FLAG_DUPLICATE_TIMESTEP | FLAG_GAP_TIME_SERIES | FLAG_TIMESTEP_IRREGULAR | QA_REQUIRED | SCIENTIFIC_NOTATION_CONVERTED | UNIT_ASSUMED,0.0,CONFLICT_VALUE_TO_REVIEW
raw_mesures_debit_jr,291808,295/10,7042849a-fb8a-4d37-9c74-94d910553723,1999-12-31,0.108,0.108,0.0,0.108,m3/s,m3/s,aucune,FLAG_DUPLICATE_TIMESTEP | FLAG_GAP_TIME_SERIES | FLAG_TIMESTEP_IRREGULAR | QA_REQUIRED | SCIENTIFIC_NOTATION_CONVERTED | UNIT_ASSUMED,0.0,CONFLICT_VALUE_TO_REVIEW
raw_mesures_debit_jr,291809,295/10,7042849a-fb8a-4d37-9c74-94d910553723,2000-01-01,0.108,0.108,0.0,0.108,m3/s,m3/s,aucune,FLAG_DUPLICATE_TIMESTEP | FLAG_GAP_TIME_SERIES | FLAG_TIMESTEP_IRREGULAR | QA_REQUIRED | SCIENTIFIC_NOTATION_CONVERTED | UNIT_ASSUMED,0.0,CONFLICT_VALUE_TO_REVIEW
raw_mesures_debit_jr,291810,295/10,7042849a-fb8a-4d37-9c74-94d910553723,2000-01-02,0.108,0.108,0.0,0.108,m3/s,m3/s,aucune,FLAG_DUPLICATE_TIMESTEP | FLAG_GAP_TIME_SERIES | FLAG_TIMESTEP_IRREGULAR | QA_REQUIRED | SCIENTIFIC_NOTATION_CONVERTED | UNIT_ASSUMED,0.0,CONFLICT_VALUE_TO_REVIEW
raw_mesures_debit_jr,291811,295/10,7042849a-fb8a-4d37-9c74-94d910553723,2000-01-03,0.108,0.108,0.0,0.108,m3/s,m3/s,aucune,FLAG_DUPLICATE_TIMESTEP | FLAG_GAP_TIME_SERIES | FLAG_TIMESTEP_IRREGULAR | QA_REQUIRED | SCIENTIFIC_NOTATION_CONVERTED | UNIT_ASSUMED,0.0,CONFLICT_VALUE_TO_REVIEW
raw_mesures_debit_jr,291812,295/10,7042849a-fb8a-4d37-9c74-94d910553723,2000-01-04,0.108,0.108,0.0,0.108,m3/s,m3/s,aucune,FLAG_DUPLICATE_TIMESTEP | FLAG_GAP_TIME_SERIES | FLAG_TIMESTEP_IRREGULAR | QA_REQUIRED | SCIENTIFIC_NOTATION_CONVERTED | UNIT_ASSUMED,0.0,CONFLICT_VALUE_TO_REVIEW
raw_mesures_debit_jr,291813,295/10,7042849a-fb8a-4d37-9c74-94d910553723,2000-01-05,0.108,0.108,0.0,0.108,m3/s,m3/s,aucune,FLAG_DUPLICATE_TIMESTEP | FLAG_GAP_TIME_SERIES | FLAG_TIMESTEP_IRREGULAR | QA_REQUIRED | SCIENTIFIC_NOTATION_CONVERTED | UNIT_ASSUMED,0.0,CONFLICT_VALUE_TO_REVIEW
raw_mesures_debit_jr,291814,295/10,7042849a-fb8a-4d37-9c74-94d910553723,2000-01-06,0.108,0.108,0.0,0.108,m3/s,m3/s,aucune,FLAG_DUPLICATE_TIMESTEP | FLAG_GAP_TIME_SERIES | FLAG_TIMESTEP_IRREGULAR | QA_REQUIRED | SCIENTIFIC_NOTATION_CONVERTED | UNIT_ASSUMED,0.0,CONFLICT_VALUE_TO_REVIEW
raw_mesures_debit_jr,291815,295/10,7042849a-fb8a-4d37-9c74-94d910553723,2000-01-07,0.108,0.108,0.0,0.108,m3/s,m3/s,aucune,FLAG_DUPLICATE_TIMESTEP | FLAG_GAP_TIME_SERIES | FLAG_TIMESTEP_IRREGULAR | QA_REQUIRED | SCIENTIFIC_NOTATION_CONVERTED | UNIT_ASSUMED,0.0,CONFLICT_VALUE_TO_REVIEW
raw_mesures_debit_jr,291816,295/10,7042849a-fb8a-4d37-9c74-94d910553723,2000-01-08,0.108,0.108,0.0,0.108,m3/s,m3/s,aucune,FLAG_DUPLICATE_TIMESTEP | FLAG_GAP_TIME_SERIES | FLAG_TIMESTEP_IRREGULAR | QA_REQUIRED | SCIENTIFIC_NOTATION_CONVERTED | UNIT_ASSUMED,0.0,CONFLICT_VALUE_TO_REVIEW
raw_mesures_debit_jr,291817,295/10,7042849a-fb8a-4d37-9c74-94d910553723,2000-01-09,0.108,0.108,0.0,0.108,m3/s,m3/s,aucune,FLAG_DUPLICATE_TIMESTEP | FLAG_GAP_TIME_SERIES | FLAG_TIMESTEP_IRREGULAR | QA_REQUIRED | SCIENTIFIC_NOTATION_CONVERTED | UNIT_ASSUMED,0.0,CONFLICT_VALUE_TO_REVIEW
raw_mesures_debit_jr,291818,295/10,7042849a-fb8a-4d37-9c74-94d910553723,2000-01-10,0.108,0.108,0.0,0.108,m3/s,m3/s,aucune,FLAG_DUPLICATE_TIMESTEP | FLAG_GAP_TIME_SERIES | FLAG_TIMESTEP_IRREGULAR | QA_REQUIRED | SCIENTIFIC_NOTATION_CONVERTED | UNIT_ASSUMED,0.0,CONFLICT_VALUE_TO_REVIEW
raw_mesures_debit_jr,291819,295/10,7042849a-fb8a-4d37-9c74-94d910553723,2000-01-11,0.108,0.108,0.0,0.108,m3/s,m3/s,aucune,FLAG_DUPLICATE_TIMESTEP | FLAG_GAP_TIME_SERIES | FLAG_TIMESTEP_IRREGULAR | QA_REQUIRED | SCIENTIFIC_NOTATION_CONVERTED | UNIT_ASSUMED,0.0,CONFLICT_VALUE_TO_REVIEW
raw_mesures_debit_jr,291820,295/10,7042849a-fb8a-4d37-9c74-94d910553723,2000-01-12,0.108,0.108,0.0,0.108,m3/s,m3/s,aucune,FLAG_DUPLICATE_TIMESTEP | FLAG_GAP_TIME_SERIES | FLAG_TIMESTEP_IRREGULAR | QA_REQUIRED | SCIENTIFIC_NOTATION_CONVERTED | UNIT_ASSUMED,0.0,CONFLICT_VALUE_TO_REVIEW
raw_mesures_debit_jr,291821,295/10,7042849a-fb8a-4d37-9c74-94d910553723,2000-01-13,0.108,0.108,0.0,0.108,m3/s,m3/s,aucune,FLAG_DUPLICATE_TIMESTEP | FLAG_GAP_TIME_SERIES | FLAG_TIMESTEP_IRREGULAR | QA_REQUIRED | SCIENTIFIC_NOTATION_CONVERTED | UNIT_ASSUMED,0.0,CONFLICT_VALUE_TO_REVIEW
raw_mesures_debit_jr,291822,295/10,7042849a-fb8a-4d37-9c74-94d910553723,2000-01-14,0.108,0.108,0.0,0.108,m3/s,m3/s,aucune,FLAG_DUPLICATE_TIMESTEP | FLAG_GAP_TIME_SERIES | FLAG_TIMESTEP_IRREGULAR | QA_REQUIRED | SCIENTIFIC_NOTATION_CONVERTED | UNIT_ASSUMED,0.0,CONFLICT_VALUE_TO_REVIEW
raw_mesures_debit_jr,291823,295/10,7042849a-fb8a-4d37-9c74-94d910553723,2000-01-15,0.108,0.108,0.0,0.108,m3/s,m3/s,aucune,FLAG_DUPLICATE_TIMESTEP | FLAG_GAP_TIME_SERIES | FLAG_TIMESTEP_IRREGULAR | QA_REQUIRED | SCIENTIFIC_NOTATION_CONVERTED | UNIT_ASSUMED,0.0,CONFLICT_VALUE_TO_REVIEW
raw_mesures_debit_jr,291824,295/10,7042849a-fb8a-4d37-9c74-94d910553723,2000-01-16,0.108,0.108,0.0,0.108,m3/s,m3/s,aucune,FLAG_DUPLICATE_TIMESTEP | FLAG_GAP_TIME_SERIES | FLAG_TIMESTEP_IRREGULAR | QA_REQUIRED | SCIENTIFIC_NOTATION_CONVERTED | UNIT_ASSUMED,0.0,CONFLICT_VALUE_TO_REVIEW
raw_mesures_debit_jr,291825,295/10,7042849a-fb8a-4d37-9c74-94d910553723,2000-01-17,0.108,0.108,0.0,0.108,m3/s,m3/s,aucune,FLAG_DUPLICATE_TIMESTEP | FLAG_GAP_TIME_SERIES | FLAG_TIMESTEP_IRREGULAR | QA_REQUIRED | SCIENTIFIC_NOTATION_CONVERTED | UNIT_ASSUMED,0.0,CONFLICT_VALUE_TO_REVIEW
raw_mesures_debit_jr,291826,295/10,7042849a-fb8a-4d37-9c74-94d910553723,2000-01-18,0.108,0.108,0.0,0.108,m3/s,m3/s,aucune,FLAG_DUPLICATE_TIMESTEP | FLAG_GAP_TIME_SERIES | FLAG_TIMESTEP_IRREGULAR | QA_REQUIRED | SCIENTIFIC_NOTATION_CONVERTED | UNIT_ASSUMED,0.0,CONFLICT_VALUE_TO_REVIEW
raw_mesures_debit_jr,291827,295/10,7042849a-fb8a-4d37-9c74-94d910553723,2000-01-19,0.108,0.108,0.0,0.108,m3/s,m3/s,aucune,FLAG_DUPLICATE_TIMESTEP | FLAG_GAP_TIME_SERIES | FLAG_TIMESTEP_IRREGULAR | QA_REQUIRED | SCIENTIFIC_NOTATION_CONVERTED | UNIT_ASSUMED,0.0,CONFLICT_VALUE_TO_REVIEW
raw_mesures_debit_jr,291828,295/10,7042849a-fb8a-4d37-9c74-94d910553723,2000-01-20,0.108,0.108,0.0,0.108,m3/s,m3/s,aucune,FLAG_DUPLICATE_TIMESTEP | FLAG_GAP_TIME_SERIES | FLAG_TIMESTEP_IRREGULAR | QA_REQUIRED | SCIENTIFIC_NOTATION_CONVERTED | UNIT_ASSUMED,0.0,CONFLICT_VALUE_TO_REVIEW
raw_mesures_debit_jr,291829,295/10,7042849a-fb8a-4d37-9c74-94d910553723,2000-01-21,0.108,0.108,0.0,0.108,m3/s,m3/s,aucune,FLAG_DUPLICATE_TIMESTEP | FLAG_GAP_TIME_SERIES | FLAG_TIMESTEP_IRREGULAR | QA_REQUIRED | SCIENTIFIC_NOTATION_CONVERTED | UNIT_ASSUMED,0.0,CONFLICT_VALUE_TO_REVIEW
raw_mesures_debit_jr,291830,295/10,7042849a-fb8a-4d37-9c74-94d910553723,2000-01-22,0.108,0.108,0.0,0.108,m3/s,m3/s,aucune,FLAG_DUPLICATE_TIMESTEP | FLAG_GAP_TIME_SERIES | FLAG_TIMESTEP_IRREGULAR | QA_REQUIRED | SCIENTIFIC_NOTATION_CONVERTED | UNIT_ASSUMED,0.0,CONFLICT_VALUE_TO_REVIEW
raw_mesures_debit_jr,291831,295/10,7042849a-fb8a-4d37-9c74-94d910553723,2000-01-23,0.108,0.108,0.0,0.108,m3/s,m3/s,aucune,FLAG_DUPLICATE_TIMESTEP | FLAG_GAP_TIME_SERIES | FLAG_TIMESTEP_IRREGULAR | QA_REQUIRED | SCIENTIFIC_NOTATION_CONVERTED | UNIT_ASSUMED,0.0,CONFLICT_VALUE_TO_REVIEW
raw_mesures_debit_jr,291832,295/10,7042849a-fb8a-4d37-9c74-94d910553723,2000-01-24,0.108,0.108,0.0,0.108,m3/s,m3/s,aucune,FLAG_DUPLICATE_TIMESTEP | FLAG_GAP_TIME_SERIES | FLAG_TIMESTEP_IRREGULAR | QA_REQUIRED | SCIENTIFIC_NOTATION_CONVERTED | UNIT_ASSUMED,0.0,CONFLICT_VALUE_TO_REVIEW
raw_mesures_debit_jr,291833,295/10,7042849a-fb8a-4d37-9c74-94d910553723,2000-01-25,0.108,0.108,0.0,0.108,m3/s,m3/s,aucune,FLAG_DUPLICATE_TIMESTEP | FLAG_GAP_TIME_SERIES | FLAG_TIMESTEP_IRREGULAR | QA_REQUIRED | SCIENTIFIC_NOTATION_CONVERTED | UNIT_ASSUMED,0.0,CONFLICT_VALUE_TO_REVIEW
raw_mesures_debit_jr,291834,295/10,7042849a-fb8a-4d37-9c74-94d910553723,2000-01-26,0.108,0.108,0.0,0.108,m3/s,m3/s,aucune,FLAG_DUPLICATE_TIMESTEP | FLAG_GAP_TIME_SERIES | FLAG_TIMESTEP_IRREGULAR | QA_REQUIRED | SCIENTIFIC_NOTATION_CONVERTED | UNIT_ASSUMED,0.0,CONFLICT_VALUE_TO_REVIEW
raw_mesures_debit_jr,291835,295/10,7042849a-fb8a-4d37-9c74-94d910553723,2000-01-27,0.108,0.108,0.0,0.108,m3/s,m3/s,aucune,FLAG_DUPLICATE_TIMESTEP | FLAG_GAP_TIME_SERIES | FLAG_TIMESTEP_IRREGULAR | QA_REQUIRED | SCIENTIFIC_NOTATION_CONVERTED | UNIT_ASSUMED,0.0,CONFLICT_VALUE_TO_REVIEW
raw_mesures_debit_jr,291836,295/10,7042849a-fb8a-4d37-9c74-94d910553723,2000-01-28,0.108,0.108,0.0,0.108,m3/s,m3/s,aucune,FLAG_DUPLICATE_TIMESTEP | FLAG_GAP_TIME_SERIES | FLAG_TIMESTEP_IRREGULAR | QA_REQUIRED | SCIENTIFIC_NOTATION_CONVERTED | UNIT_ASSUMED,0.0,CONFLICT_VALUE_TO_REVIEW
raw_mesures_debit_jr,291837,295/10,7042849a-fb8a-4d37-9c74-94d910553723,2000-01-29,0.108,0.108,0.0,0.108,m3/s,m3/s,aucune,FLAG_DUPLICATE_TIMESTEP | FLAG_GAP_TIME_SERIES | FLAG_TIMESTEP_IRREGULAR | QA_REQUIRED | SCIENTIFIC_NOTATION_CONVERTED | UNIT_ASSUMED,0.0,CONFLICT_VALUE_TO_REVIEW
raw_mesures_debit_jr,291838,295/10,7042849a-fb8a-4d37-9c74-94d910553723,2000-01-30,0.108,0.108,0.0,0.108,m3/s,m3/s,aucune,FLAG_DUPLICATE_TIMESTEP | FLAG_GAP_TIME_SERIES | FLAG_TIMESTEP_IRREGULAR | QA_REQUIRED | SCIENTIFIC_NOTATION_CONVERTED | UNIT_ASSUMED,0.0,CONFLICT_VALUE_TO_REVIEW
raw_mesures_debit_jr,291839,295/10,7042849a-fb8a-4d37-9c74-94d910553723,2000-01-31,0.108,0.108,0.0,0.108,m3/s,m3/s,aucune,FLAG_DUPLICATE_TIMESTEP | FLAG_GAP_TIME_SERIES | FLAG_TIMESTEP_IRREGULAR | QA_REQUIRED | SCIENTIFIC_NOTATION_CONVERTED | UNIT_ASSUMED,0.0,CONFLICT_VALUE_TO_REVIEW
raw_mesures_debit_jr,291840,295/10,7042849a-fb8a-4d37-9c74-94d910553723,2000-02-01,0.108,0.108,0.0,0.108,m3/s,m3/s,aucune,FLAG_DUPLICATE_TIMESTEP | FLAG_GAP_TIME_SERIES | FLAG_TIMESTEP_IRREGULAR | QA_REQUIRED | SCIENTIFIC_NOTATION_CONVERTED | UNIT_ASSUMED,0.0,CONFLICT_VALUE_TO_REVIEW
raw_mesures_debit_jr,291841,295/10,7042849a-fb8a-4d37-9c74-94d910553723,2000-02-02,0.108,0.108,0.0,0.108,m3/s,m3/s,aucune,FLAG_DUPLICATE_TIMESTEP | FLAG_GAP_TIME_SERIES | FLAG_TIMESTEP_IRREGULAR | QA_REQUIRED | SCIENTIFIC_NOTATION_CONVERTED | UNIT_ASSUMED,0.0,CONFLICT_VALUE_TO_REVIEW
raw_mesures_debit_jr,291842,295/10,7042849a-fb8a-4d37-9c74-94d910553723,2000-02-03,0.108,0.108,0.0,0.108,m3/s,m3/s,aucune,FLAG_DUPLICATE_TIMESTEP | FLAG_GAP_TIME_SERIES | FLAG_TIMESTEP_IRREGULAR | QA_REQUIRED | SCIENTIFIC_NOTATION_CONVERTED | UNIT_ASSUMED,0.0,CONFLICT_VALUE_TO_REVIEW
raw_mesures_debit_jr,291843,295/10,7042849a-fb8a-4d37-9c74-94d910553723,2000-02-04,0.108,0.108,0.0,0.108,m3/s,m3/s,aucune,FLAG_DUPLICATE_TIMESTEP | FLAG_GAP_TIME_SERIES | FLAG_TIMESTEP_IRREGULAR | QA_REQUIRED | SCIENTIFIC_NOTATION_CONVERTED | UNIT_ASSUMED,0.0,CONFLICT_VALUE_TO_REVIEW
raw_mesures_debit_jr,291844,295/10,7042849a-fb8a-4d37-9c74-94d910553723,2000-02-05,0.108,0.108,0.0,0.108,m3/s,m3/s,aucune,FLAG_DUPLICATE_TIMESTEP | FLAG_GAP_TIME_SERIES | FLAG_TIMESTEP_IRREGULAR | QA_REQUIRED | SCIENTIFIC_NOTATION_CONVERTED | UNIT_ASSUMED,0.0,CONFLICT_VALUE_TO_REVIEW
raw_mesures_debit_jr,291845,295/10,7042849a-fb8a-4d37-9c74-94d910553723,2000-02-06,0.108,0.108,0.0,0.108,m3/s,m3/s,aucune,FLAG_DUPLICATE_TIMESTEP | FLAG_GAP_TIME_SERIES | FLAG_TIMESTEP_IRREGULAR | QA_REQUIRED | SCIENTIFIC_NOTATION_CONVERTED | UNIT_ASSUMED,0.0,CONFLICT_VALUE_TO_REVIEW
raw_mesures_debit_jr,291846,295/10,7042849a-fb8a-4d37-9c74-94d910553723,2000-02-07,0.108,0.108,0.0,0.108,m3/s,m3/s,aucune,FLAG_DUPLICATE_TIMESTEP | FLAG_GAP_TIME_SERIES | FLAG_TIMESTEP_IRREGULAR | QA_REQUIRED | SCIENTIFIC_NOTATION_CONVERTED | UNIT_ASSUMED,0.0,CONFLICT_VALUE_TO_REVIEW
raw_mesures_debit_jr,291847,295/10,7042849a-fb8a-4d37-9c74-94d910553723,2000-02-08,0.108,0.108,0.0,0.108,m3/s,m3/s,aucune,FLAG_DUPLICATE_TIMESTEP | FLAG_GAP_TIME_SERIES | FLAG_TIMESTEP_IRREGULAR | QA_REQUIRED | SCIENTIFIC_NOTATION_CONVERTED | UNIT_ASSUMED,0.0,CONFLICT_VALUE_TO_REVIEW
raw_mesures_debit_jr,291848,295/10,7042849a-fb8a-4d37-9c74-94d910553723,2000-02-09,0.108,0.108,0.0,0.108,m3/s,m3/s,aucune,FLAG_DUPLICATE_TIMESTEP | FLAG_GAP_TIME_SERIES | FLAG_TIMESTEP_IRREGULAR | QA_REQUIRED | SCIENTIFIC_NOTATION_CONVERTED | UNIT_ASSUMED,0.0,CONFLICT_VALUE_TO_REVIEW
raw_mesures_debit_jr,291849,295/10,7042849a-fb8a-4d37-9c74-94d910553723,2000-02-10,0.108,0.108,0.0,0.108,m3/s,m3/s,aucune,FLAG_DUPLICATE_TIMESTEP | FLAG_GAP_TIME_SERIES | FLAG_TIMESTEP_IRREGULAR | QA_REQUIRED | SCIENTIFIC_NOTATION_CONVERTED | UNIT_ASSUMED,0.0,CONFLICT_VALUE_TO_REVIEW
raw_mesures_debit_jr,291850,295/10,7042849a-fb8a-4d37-9c74-94d910553723,2000-02-11,0.108,0.108,0.0,0.108,m3/s,m3/s,aucune,FLAG_DUPLICATE_TIMESTEP | FLAG_GAP_TIME_SERIES | FLAG_TIMESTEP_IRREGULAR | QA_REQUIRED | SCIENTIFIC_NOTATION_CONVERTED | UNIT_ASSUMED,0.0,CONFLICT_VALUE_TO_REVIEW
raw_mesures_debit_jr,291851,295/10,7042849a-fb8a-4d37-9c74-94d910553723,2000-02-12,0.108,0.108,0.0,0.108,m3/s,m3/s,aucune,FLAG_DUPLICATE_TIMESTEP | FLAG_GAP_TIME_SERIES | FLAG_TIMESTEP_IRREGULAR | QA_REQUIRED | SCIENTIFIC_NOTATION_CONVERTED | UNIT_ASSUMED,0.0,CONFLICT_VALUE_TO_REVIEW
raw_mesures_debit_jr,291852,295/10,7042849a-fb8a-4d37-9c74-94d910553723,2000-02-13,0.108,0.108,0.0,0.108,m3/s,m3/s,aucune,FLAG_DUPLICATE_TIMESTEP | FLAG_GAP_TIME_SERIES | FLAG_TIMESTEP_IRREGULAR | QA_REQUIRED | SCIENTIFIC_NOTATION_CONVERTED | UNIT_ASSUMED,0.0,CONFLICT_VALUE_TO_REVIEW
raw_mesures_debit_jr,291853,295/10,7042849a-fb8a-4d37-9c74-94d910553723,2000-02-14,0.108,0.108,0.0,0.108,m3/s,m3/s,aucune,FLAG_DUPLICATE_TIMESTEP | FLAG_GAP_TIME_SERIES | FLAG_TIMESTEP_IRREGULAR | QA_REQUIRED | SCIENTIFIC_NOTATION_CONVERTED | UNIT_ASSUMED,0.0,CONFLICT_VALUE_TO_REVIEW
raw_mesures_debit_jr,291854,295/10,7042849a-fb8a-4d37-9c74-94d910553723,2000-02-15,0.108,0.108,0.0,0.108,m3/s,m3/s,aucune,FLAG_DUPLICATE_TIMESTEP | FLAG_GAP_TIME_SERIES | FLAG_TIMESTEP_IRREGULAR | QA_REQUIRED | SCIENTIFIC_NOTATION_CONVERTED | UNIT_ASSUMED,0.0,CONFLICT_VALUE_TO_REVIEW
raw_mesures_debit_jr,291855,295/10,7042849a-fb8a-4d37-9c74-94d910553723,2000-02-16,0.108,0.108,0.0,0.108,m3/s,m3/s,aucune,FLAG_DUPLICATE_TIMESTEP | FLAG_GAP_TIME_SERIES | FLAG_TIMESTEP_IRREGULAR | QA_REQUIRED | SCIENTIFIC_NOTATION_CONVERTED | UNIT_ASSUMED,0.0,CONFLICT_VALUE_TO_REVIEW
raw_mesures_debit_jr,291856,295/10,7042849a-fb8a-4d37-9c74-94d910553723,2000-02-17,0.108,0.108,0.0,0.108,m3/s,m3/s,aucune,FLAG_DUPLICATE_TIMESTEP | FLAG_GAP_TIME_SERIES | FLAG_TIMESTEP_IRREGULAR | QA_REQUIRED | SCIENTIFIC_NOTATION_CONVERTED | UNIT_ASSUMED,0.0,CONFLICT_VALUE_TO_REVIEW
raw_mesures_debit_jr,291857,295/10,7042849a-fb8a-4d37-9c74-94d910553723,2000-02-18,0.108,0.108,0.0,0.108,m3/s,m3/s,aucune,FLAG_DUPLICATE_TIMESTEP | FLAG_GAP_TIME_SERIES | FLAG_TIMESTEP_IRREGULAR | QA_REQUIRED | SCIENTIFIC_NOTATION_CONVERTED | UNIT_ASSUMED,0.0,CONFLICT_VALUE_TO_REVIEW
raw_mesures_debit_jr,291858,295/10,7042849a-fb8a-4d37-9c74-94d910553723,2000-02-19,0.108,0.108,0.0,0.108,m3/s,m3/s,aucune,FLAG_DUPLICATE_TIMESTEP | FLAG_GAP_TIME_SERIES | FLAG_TIMESTEP_IRREGULAR | QA_REQUIRED | SCIENTIFIC_NOTATION_CONVERTED | UNIT_ASSUMED,0.0,CONFLICT_VALUE_TO_REVIEW
raw_mesures_debit_jr,291859,295/10,7042849a-fb8a-4d37-9c74-94d910553723,2000-02-20,0.108,0.108,0.0,0.108,m3/s,m3/s,aucune,FLAG_DUPLICATE_TIMESTEP | FLAG_GAP_TIME_SERIES | FLAG_TIMESTEP_IRREGULAR | QA_REQUIRED | SCIENTIFIC_NOTATION_CONVERTED | UNIT_ASSUMED,0.0,CONFLICT_VALUE_TO_REVIEW
raw_mesures_debit_jr,291860,295/10,7042849a-fb8a-4d37-9c74-94d910553723,2000-02-21,0.108,0.108,0.0,0.108,m3/s,m3/s,aucune,FLAG_DUPLICATE_TIMESTEP | FLAG_GAP_TIME_SERIES | FLAG_TIMESTEP_IRREGULAR | QA_REQUIRED | SCIENTIFIC_NOTATION_CONVERTED | UNIT_ASSUMED,0.0,CONFLICT_VALUE_TO_REVIEW
raw_mesures_debit_jr,291861,295/10,7042849a-fb8a-4d37-9c74-94d910553723,2000-02-22,0.108,0.108,0.0,0.108,m3/s,m3/s,aucune,FLAG_DUPLICATE_TIMESTEP | FLAG_GAP_TIME_SERIES | FLAG_TIMESTEP_IRREGULAR | QA_REQUIRED | SCIENTIFIC_NOTATION_CONVERTED | UNIT_ASSUMED,0.0,CONFLICT_VALUE_TO_REVIEW
raw_mesures_debit_jr,291862,295/10,7042849a-fb8a-4d37-9c74-94d910553723,2000-02-23,0.108,0.108,0.0,0.108,m3/s,m3/s,aucune,FLAG_DUPLICATE_TIMESTEP | FLAG_GAP_TIME_SERIES | FLAG_TIMESTEP_IRREGULAR | QA_REQUIRED | SCIENTIFIC_NOTATION_CONVERTED | UNIT_ASSUMED,0.0,CONFLICT_VALUE_TO_REVIEW
raw_mesures_debit_jr,291863,295/10,7042849a-fb8a-4d37-9c74-94d910553723,2000-02-24,0.108,0.108,0.0,0.108,m3/s,m3/s,aucune,FLAG_DUPLICATE_TIMESTEP | FLAG_GAP_TIME_SERIES | FLAG_TIMESTEP_IRREGULAR | QA_REQUIRED | SCIENTIFIC_NOTATION_CONVERTED | UNIT_ASSUMED,0.0,CONFLICT_VALUE_TO_REVIEW
raw_mesures_debit_jr,291864,295/10,7042849a-fb8a-4d37-9c74-94d910553723,2000-02-25,0.108,0.108,0.0,0.108,m3/s,m3/s,aucune,FLAG_DUPLICATE_TIMESTEP | FLAG_GAP_TIME_SERIES | FLAG_TIMESTEP_IRREGULAR | QA_REQUIRED | SCIENTIFIC_NOTATION_CONVERTED | UNIT_ASSUMED,0.0,CONFLICT_VALUE_TO_REVIEW
raw_mesures_debit_jr,291865,295/10,7042849a-fb8a-4d37-9c74-94d910553723,2000-02-26,0.108,0.108,0.0,0.108,m3/s,m3/s,aucune,FLAG_DUPLICATE_TIMESTEP | FLAG_GAP_TIME_SERIES | FLAG_TIMESTEP_IRREGULAR | QA_REQUIRED | SCIENTIFIC_NOTATION_CONVERTED | UNIT_ASSUMED,0.0,CONFLICT_VALUE_TO_REVIEW
raw_mesures_debit_jr,291866,295/10,7042849a-fb8a-4d37-9c74-94d910553723,2000-02-27,0.108,0.108,0.0,0.108,m3/s,m3/s,aucune,FLAG_DUPLICATE_TIMESTEP | FLAG_GAP_TIME_SERIES | FLAG_TIMESTEP_IRREGULAR | QA_REQUIRED | SCIENTIFIC_NOTATION_CONVERTED | UNIT_ASSUMED,0.0,CONFLICT_VALUE_TO_REVIEW
raw_mesures_debit_jr,291867,295/10,7042849a-fb8a-4d37-9c74-94d910553723,2000-02-28,0.108,0.108,0.0,0.108,m3/s,m3/s,aucune,FLAG_DUPLICATE_TIMESTEP | FLAG_GAP_TIME_SERIES | FLAG_TIMESTEP_IRREGULAR | QA_REQUIRED | SCIENTIFIC_NOTATION_CONVERTED | UNIT_ASSUMED,0.0,CONFLICT_VALUE_TO_REVIEW
raw_mesures_debit_jr,291868,295/10,7042849a-fb8a-4d37-9c74-94d910553723,2000-02-29,0.108,0.108,0.0,0.108,m3/s,m3/s,aucune,FLAG_DUPLICATE_TIMESTEP | FLAG_GAP_TIME_SERIES | FLAG_TIMESTEP_IRREGULAR | QA_REQUIRED | SCIENTIFIC_NOTATION_CONVERTED | UNIT_ASSUMED,0.0,CONFLICT_VALUE_TO_REVIEW
raw_mesures_debit_jr,291869,295/10,7042849a-fb8a-4d37-9c74-94d910553723,2000-03-01,0.108,0.108,0.0,0.108,m3/s,m3/s,aucune,FLAG_DUPLICATE_TIMESTEP | FLAG_GAP_TIME_SERIES | FLAG_TIMESTEP_IRREGULAR | QA_REQUIRED | SCIENTIFIC_NOTATION_CONVERTED | UNIT_ASSUMED,0.0,CONFLICT_VALUE_TO_REVIEW
raw_mesures_debit_jr,291870,295/10,7042849a-fb8a-4d37-9c74-94d910553723,2000-03-02,0.108,0.108,0.0,0.108,m3/s,m3/s,aucune,FLAG_DUPLICATE_TIMESTEP | FLAG_GAP_TIME_SERIES | FLAG_TIMESTEP_IRREGULAR | QA_REQUIRED | SCIENTIFIC_NOTATION_CONVERTED | UNIT_ASSUMED,0.0,CONFLICT_VALUE_TO_REVIEW
raw_mesures_debit_jr,291871,295/10,7042849a-fb8a-4d37-9c74-94d910553723,2000-03-03,0.108,0.108,0.0,0.108,m3/s,m3/s,aucune,FLAG_DUPLICATE_TIMESTEP | FLAG_GAP_TIME_SERIES | FLAG_TIMESTEP_IRREGULAR | QA_REQUIRED | SCIENTIFIC_NOTATION_CONVERTED | UNIT_ASSUMED,0.0,CONFLICT_VALUE_TO_REVIEW
raw_mesures_debit_jr,291872,295/10,7042849a-fb8a-4d37-9c74-94d910553723,2000-03-04,0.108,0.108,0.0,0.108,m3/s,m3/s,aucune,FLAG_DUPLICATE_TIMESTEP | FLAG_GAP_TIME_SERIES | FLAG_TIMESTEP_IRREGULAR | QA_REQUIRED | SCIENTIFIC_NOTATION_CONVERTED | UNIT_ASSUMED,0.0,CONFLICT_VALUE_TO_REVIEW
raw_mesures_debit_jr,291873,295/10,7042849a-fb8a-4d37-9c74-94d910553723,2000-03-05,0.108,0.108,0.0,0.108,m3/s,m3/s,aucune,FLAG_DUPLICATE_TIMESTEP | FLAG_GAP_TIME_SERIES | FLAG_TIMESTEP_IRREGULAR | QA_REQUIRED | SCIENTIFIC_NOTATION_CONVERTED | UNIT_ASSUMED,0.0,CONFLICT_VALUE_TO_REVIEW
raw_mesures_debit_jr,291874,295/10,7042849a-fb8a-4d37-9c74-94d910553723,2000-03-06,0.108,0.108,0.0,0.108,m3/s,m3/s,aucune,FLAG_DUPLICATE_TIMESTEP | FLAG_GAP_TIME_SERIES | FLAG_TIMESTEP_IRREGULAR | QA_REQUIRED | SCIENTIFIC_NOTATION_CONVERTED | UNIT_ASSUMED,0.0,CONFLICT_VALUE_TO_REVIEW
raw_mesures_debit_jr,291875,295/10,7042849a-fb8a-4d37-9c74-94d910553723,2000-03-07,0.108,0.108,0.0,0.108,m3/s,m3/s,aucune,FLAG_DUPLICATE_TIMESTEP | FLAG_GAP_TIME_SERIES | FLAG_TIMESTEP_IRREGULAR | QA_REQUIRED | SCIENTIFIC_NOTATION_CONVERTED | UNIT_ASSUMED,0.0,CONFLICT_VALUE_TO_REVIEW
raw_mesures_debit_jr,291876,295/10,7042849a-fb8a-4d37-9c74-94d910553723,2000-03-08,0.108,0.108,0.0,0.108,m3/s,m3/s,aucune,FLAG_DUPLICATE_TIMESTEP | FLAG_GAP_TIME_SERIES | FLAG_TIMESTEP_IRREGULAR | QA_REQUIRED | SCIENTIFIC_NOTATION_CONVERTED | UNIT_ASSUMED,0.0,CONFLICT_VALUE_TO_REVIEW
raw_mesures_debit_jr,291877,295/10,7042849a-fb8a-4d37-9c74-94d910553723,2000-03-09,0.108,0.108,0.0,0.108,m3/s,m3/s,aucune,FLAG_DUPLICATE_TIMESTEP | FLAG_GAP_TIME_SERIES | FLAG_TIMESTEP_IRREGULAR | QA_REQUIRED | SCIENTIFIC_NOTATION_CONVERTED | UNIT_ASSUMED,0.0,CONFLICT_VALUE_TO_REVIEW
raw_mesures_debit_jr,291878,295/10,7042849a-fb8a-4d37-9c74-94d910553723,2000-03-10,0.108,0.108,0.0,0.108,m3/s,m3/s,aucune,FLAG_DUPLICATE_TIMESTEP | FLAG_GAP_TIME_SERIES | FLAG_TIMESTEP_IRREGULAR | QA_REQUIRED | SCIENTIFIC_NOTATION_CONVERTED | UNIT_ASSUMED,0.0,CONFLICT_VALUE_TO_REVIEW
raw_mesures_debit_jr,291879,295/10,7042849a-fb8a-4d37-9c74-94d910553723,2000-03-11,0.108,0.108,0.0,0.108,m3/s,m3/s,aucune,FLAG_DUPLICATE_TIMESTEP | FLAG_GAP_TIME_SERIES | FLAG_TIMESTEP_IRREGULAR | QA_REQUIRED | SCIENTIFIC_NOTATION_CONVERTED | UNIT_ASSUMED,0.0,CONFLICT_VALUE_TO_REVIEW
raw_mesures_debit_jr,291880,295/10,7042849a-fb8a-4d37-9c74-94d910553723,2000-03-12,0.108,0.108,0.0,0.108,m3/s,m3/s,aucune,FLAG_DUPLICATE_TIMESTEP | FLAG_GAP_TIME_SERIES | FLAG_TIMESTEP_IRREGULAR | QA_REQUIRED | SCIENTIFIC_NOTATION_CONVERTED | UNIT_ASSUMED,0.0,CONFLICT_VALUE_TO_REVIEW
raw_mesures_debit_jr,291881,295/10,7042849a-fb8a-4d37-9c74-94d910553723,2000-03-13,0.108,0.108,0.0,0.108,m3/s,m3/s,aucune,FLAG_DUPLICATE_TIMESTEP | FLAG_GAP_TIME_SERIES | FLAG_TIMESTEP_IRREGULAR | QA_REQUIRED | SCIENTIFIC_NOTATION_CONVERTED | UNIT_ASSUMED,0.0,CONFLICT_VALUE_TO_REVIEW
raw_mesures_debit_jr,291882,295/10,7042849a-fb8a-4d37-9c74-94d910553723,2000-03-14,0.108,0.108,0.0,0.108,m3/s,m3/s,aucune,FLAG_DUPLICATE_TIMESTEP | FLAG_GAP_TIME_SERIES | FLAG_TIMESTEP_IRREGULAR | QA_REQUIRED | SCIENTIFIC_NOTATION_CONVERTED | UNIT_ASSUMED,0.0,CONFLICT_VALUE_TO_REVIEW
raw_mesures_debit_jr,291883,295/10,7042849a-fb8a-4d37-9c74-94d910553723,2000-03-15,0.108,0.108,0.0,0.108,m3/s,m3/s,aucune,FLAG_DUPLICATE_TIMESTEP | FLAG_GAP_TIME_SERIES | FLAG_TIMESTEP_IRREGULAR | QA_REQUIRED | SCIENTIFIC_NOTATION_CONVERTED | UNIT_ASSUMED,0.0,CONFLICT_VALUE_TO_REVIEW
raw_mesures_debit_jr,291884,295/10,7042849a-fb8a-4d37-9c74-94d910553723,2000-03-16,0.108,0.108,0.0,0.108,m3/s,m3/s,aucune,FLAG_DUPLICATE_TIMESTEP | FLAG_GAP_TIME_SERIES | FLAG_TIMESTEP_IRREGULAR | QA_REQUIRED | SCIENTIFIC_NOTATION_CONVERTED | UNIT_ASSUMED,0.0,CONFLICT_VALUE_TO_REVIEW
raw_mesures_debit_jr,291885,295/10,7042849a-fb8a-4d37-9c74-94d910553723,2000-03-17,0.108,0.108,0.0,0.108,m3/s,m3/s,aucune,FLAG_DUPLICATE_TIMESTEP | FLAG_GAP_TIME_SERIES | FLAG_TIMESTEP_IRREGULAR | QA_REQUIRED | SCIENTIFIC_NOTATION_CONVERTED | UNIT_ASSUMED,0.0,CONFLICT_VALUE_TO_REVIEW
raw_mesures_debit_jr,291886,295/10,7042849a-fb8a-4d37-9c74-94d910553723,2000-03-18,0.108,0.108,0.0,0.108,m3/s,m3/s,aucune,FLAG_DUPLICATE_TIMESTEP | FLAG_GAP_TIME_SERIES | FLAG_TIMESTEP_IRREGULAR | QA_REQUIRED | SCIENTIFIC_NOTATION_CONVERTED | UNIT_ASSUMED,0.0,CONFLICT_VALUE_TO_REVIEW
raw_mesures_debit_jr,291887,295/10,7042849a-fb8a-4d37-9c74-94d910553723,2000-03-19,0.108,0.108,0.0,0.108,m3/s,m3/s,aucune,FLAG_DUPLICATE_TIMESTEP | FLAG_GAP_TIME_SERIES | FLAG_TIMESTEP_IRREGULAR | QA_REQUIRED | SCIENTIFIC_NOTATION_CONVERTED | UNIT_ASSUMED,0.0,CONFLICT_VALUE_TO_REVIEW
raw_mesures_debit_jr,291888,295/10,7042849a-fb8a-4d37-9c74-94d910553723,2000-03-20,0.108,0.108,0.0,0.108,m3/s,m3/s,aucune,FLAG_DUPLICATE_TIMESTEP | FLAG_GAP_TIME_SERIES | FLAG_TIMESTEP_IRREGULAR | QA_REQUIRED | SCIENTIFIC_NOTATION_CONVERTED | UNIT_ASSUMED,0.0,CONFLICT_VALUE_TO_REVIEW
raw_mesures_debit_jr,291889,295/10,7042849a-fb8a-4d37-9c74-94d910553723,2000-03-21,0.108,0.108,0.0,0.108,m3/s,m3/s,aucune,FLAG_DUPLICATE_TIMESTEP | FLAG_GAP_TIME_SERIES | FLAG_TIMESTEP_IRREGULAR | QA_REQUIRED | SCIENTIFIC_NOTATION_CONVERTED | UNIT_ASSUMED,0.0,CONFLICT_VALUE_TO_REVIEW
raw_mesures_debit_jr,291890,295/10,7042849a-fb8a-4d37-9c74-94d910553723,2000-03-22,0.108,0.108,0.0,0.108,m3/s,m3/s,aucune,FLAG_DUPLICATE_TIMESTEP | FLAG_GAP_TIME_SERIES | FLAG_TIMESTEP_IRREGULAR | QA_REQUIRED | SCIENTIFIC_NOTATION_CONVERTED | UNIT_ASSUMED,0.0,CONFLICT_VALUE_TO_REVIEW
raw_mesures_debit_jr,291891,295/10,7042849a-fb8a-4d37-9c74-94d910553723,2000-03-23,0.108,0.108,0.0,0.108,m3/s,m3/s,aucune,FLAG_DUPLICATE_TIMESTEP | FLAG_GAP_TIME_SERIES | FLAG_TIMESTEP_IRREGULAR | QA_REQUIRED | SCIENTIFIC_NOTATION_CONVERTED | UNIT_ASSUMED,0.0,CONFLICT_VALUE_TO_REVIEW
raw_mesures_debit_jr,291892,295/10,7042849a-fb8a-4d37-9c74-94d910553723,2000-03-24,0.108,0.108,0.0,0.108,m3/s,m3/s,aucune,FLAG_DUPLICATE_TIMESTEP | FLAG_GAP_TIME_SERIES | FLAG_TIMESTEP_IRREGULAR | QA_REQUIRED | SCIENTIFIC_NOTATION_CONVERTED | UNIT_ASSUMED,0.0,CONFLICT_VALUE_TO_REVIEW
raw_mesures_debit_jr,291893,295/10,7042849a-fb8a-4d37-9c74-94d910553723,2000-03-25,0.108,0.108,0.0,0.108,m3/s,m3/s,aucune,FLAG_DUPLICATE_TIMESTEP | FLAG_GAP_TIME_SERIES | FLAG_TIMESTEP_IRREGULAR | QA_REQUIRED | SCIENTIFIC_NOTATION_CONVERTED | UNIT_ASSUMED,0.0,CONFLICT_VALUE_TO_REVIEW
raw_mesures_debit_jr,291894,295/10,7042849a-fb8a-4d37-9c74-94d910553723,2000-03-26,0.108,0.108,0.0,0.108,m3/s,m3/s,aucune,FLAG_DUPLICATE_TIMESTEP | FLAG_GAP_TIME_SERIES | FLAG_TIMESTEP_IRREGULAR | QA_REQUIRED | SCIENTIFIC_NOTATION_CONVERTED | UNIT_ASSUMED,0.0,CONFLICT_VALUE_TO_REVIEW
raw_mesures_debit_jr,291895,295/10,7042849a-fb8a-4d37-9c74-94d910553723,2000-03-27,0.108,0.108,0.0,0.108,m3/s,m3/s,aucune,FLAG_DUPLICATE_TIMESTEP | FLAG_GAP_TIME_SERIES | FLAG_TIMESTEP_IRREGULAR | QA_REQUIRED | SCIENTIFIC_NOTATION_CONVERTED | UNIT_ASSUMED,0.0,CONFLICT_VALUE_TO_REVIEW
raw_mesures_debit_jr,291896,295/10,7042849a-fb8a-4d37-9c74-94d910553723,2000-03-28,0.108,0.108,0.0,0.108,m3/s,m3/s,aucune,FLAG_DUPLICATE_TIMESTEP | FLAG_GAP_TIME_SERIES | FLAG_TIMESTEP_IRREGULAR | QA_REQUIRED | SCIENTIFIC_NOTATION_CONVERTED | UNIT_ASSUMED,0.0,CONFLICT_VALUE_TO_REVIEW
raw_mesures_debit_jr,291897,295/10,7042849a-fb8a-4d37-9c74-94d910553723,2000-03-29,0.108,0.108,0.0,0.108,m3/s,m3/s,aucune,FLAG_DUPLICATE_TIMESTEP | FLAG_GAP_TIME_SERIES | FLAG_TIMESTEP_IRREGULAR | QA_REQUIRED | SCIENTIFIC_NOTATION_CONVERTED | UNIT_ASSUMED,0.0,CONFLICT_VALUE_TO_REVIEW
raw_mesures_debit_jr,291898,295/10,7042849a-fb8a-4d37-9c74-94d910553723,2000-03-30,0.108,0.108,0.0,0.108,m3/s,m3/s,aucune,FLAG_DUPLICATE_TIMESTEP | FLAG_GAP_TIME_SERIES | FLAG_TIMESTEP_IRREGULAR | QA_REQUIRED | SCIENTIFIC_NOTATION_CONVERTED | UNIT_ASSUMED,0.0,CONFLICT_VALUE_TO_REVIEW
raw_mesures_debit_jr,291899,295/10,7042849a-fb8a-4d37-9c74-94d910553723,2000-03-31,0.108,0.108,0.0,0.108,m3/s,m3/s,aucune,FLAG_DUPLICATE_TIMESTEP | FLAG_GAP_TIME_SERIES | FLAG_TIMESTEP_IRREGULAR | QA_REQUIRED | SCIENTIFIC_NOTATION_CONVERTED | UNIT_ASSUMED,0.0,CONFLICT_VALUE_TO_REVIEW
raw_mesures_debit_jr,291900,295/10,7042849a-fb8a-4d37-9c74-94d910553723,2000-04-01,0.108,0.108,0.0,0.108,m3/s,m3/s,aucune,FLAG_DUPLICATE_TIMESTEP | FLAG_GAP_TIME_SERIES | FLAG_TIMESTEP_IRREGULAR | QA_REQUIRED | SCIENTIFIC_NOTATION_CONVERTED | UNIT_ASSUMED,0.0,CONFLICT_VALUE_TO_REVIEW
raw_mesures_debit_jr,291901,295/10,7042849a-fb8a-4d37-9c74-94d910553723,2000-04-02,0.108,0.108,0.0,0.108,m3/s,m3/s,aucune,FLAG_DUPLICATE_TIMESTEP | FLAG_GAP_TIME_SERIES | FLAG_TIMESTEP_IRREGULAR | QA_REQUIRED | SCIENTIFIC_NOTATION_CONVERTED | UNIT_ASSUMED,0.0,CONFLICT_VALUE_TO_REVIEW
raw_mesures_debit_jr,291902,295/10,7042849a-fb8a-4d37-9c74-94d910553723,2000-04-03,0.108,0.108,0.0,0.108,m3/s,m3/s,aucune,FLAG_DUPLICATE_TIMESTEP | FLAG_GAP_TIME_SERIES | FLAG_TIMESTEP_IRREGULAR | QA_REQUIRED | SCIENTIFIC_NOTATION_CONVERTED | UNIT_ASSUMED,0.0,CONFLICT_VALUE_TO_REVIEW
raw_mesures_debit_jr,291905,295/10,7042849a-fb8a-4d37-9c74-94d910553723,2000-04-06,0.108,0.108,0.0,0.108,m3/s,m3/s,aucune,FLAG_DUPLICATE_TIMESTEP | FLAG_GAP_TIME_SERIES | FLAG_TIMESTEP_IRREGULAR | QA_REQUIRED | SCIENTIFIC_NOTATION_CONVERTED | UNIT_ASSUMED,0.0,CONFLICT_VALUE_TO_REVIEW
raw_mesures_debit_jr,291906,295/10,7042849a-fb8a-4d37-9c74-94d910553723,2000-04-07,0.108,0.108,0.0,0.108,m3/s,m3/s,aucune,FLAG_DUPLICATE_TIMESTEP | FLAG_GAP_TIME_SERIES | FLAG_TIMESTEP_IRREGULAR | QA_REQUIRED | SCIENTIFIC_NOTATION_CONVERTED | UNIT_ASSUMED,0.0,CONFLICT_VALUE_TO_REVIEW
raw_mesures_debit_jr,291907,295/10,7042849a-fb8a-4d37-9c74-94d910553723,2000-04-08,0.108,0.108,0.0,0.108,m3/s,m3/s,aucune,FLAG_DUPLICATE_TIMESTEP | FLAG_GAP_TIME_SERIES | FLAG_TIMESTEP_IRREGULAR | QA_REQUIRED | SCIENTIFIC_NOTATION_CONVERTED | UNIT_ASSUMED,0.0,CONFLICT_VALUE_TO_REVIEW
raw_mesures_debit_jr,291908,295/10,7042849a-fb8a-4d37-9c74-94d910553723,2000-04-09,0.108,0.108,0.0,0.108,m3/s,m3/s,aucune,FLAG_DUPLICATE_TIMESTEP | FLAG_GAP_TIME_SERIES | FLAG_TIMESTEP_IRREGULAR | QA_REQUIRED | SCIENTIFIC_NOTATION_CONVERTED | UNIT_ASSUMED,0.0,CONFLICT_VALUE_TO_REVIEW
raw_mesures_debit_jr,291909,295/10,7042849a-fb8a-4d37-9c74-94d910553723,2000-04-10,0.108,0.108,0.0,0.108,m3/s,m3/s,aucune,FLAG_DUPLICATE_TIMESTEP | FLAG_GAP_TIME_SERIES | FLAG_TIMESTEP_IRREGULAR | QA_REQUIRED | SCIENTIFIC_NOTATION_CONVERTED | UNIT_ASSUMED,0.0,CONFLICT_VALUE_TO_REVIEW
raw_mesures_debit_jr,291910,295/10,7042849a-fb8a-4d37-9c74-94d910553723,2000-04-11,0.108,0.108,0.0,0.108,m3/s,m3/s,aucune,FLAG_DUPLICATE_TIMESTEP | FLAG_GAP_TIME_SERIES | FLAG_TIMESTEP_IRREGULAR | QA_REQUIRED | SCIENTIFIC_NOTATION_CONVERTED | UNIT_ASSUMED,0.0,CONFLICT_VALUE_TO_REVIEW
raw_mesures_debit_jr,291911,295/10,7042849a-fb8a-4d37-9c74-94d910553723,2000-04-12,0.108,0.108,0.0,0.108,m3/s,m3/s,aucune,FLAG_DUPLICATE_TIMESTEP | FLAG_GAP_TIME_SERIES | FLAG_TIMESTEP_IRREGULAR | QA_REQUIRED | SCIENTIFIC_NOTATION_CONVERTED | UNIT_ASSUMED,0.0,CONFLICT_VALUE_TO_REVIEW
raw_mesures_debit_jr,291912,295/10,7042849a-fb8a-4d37-9c74-94d910553723,2000-04-13,0.108,0.108,0.0,0.108,m3/s,m3/s,aucune,FLAG_DUPLICATE_TIMESTEP | FLAG_GAP_TIME_SERIES | FLAG_TIMESTEP_IRREGULAR | QA_REQUIRED | SCIENTIFIC_NOTATION_CONVERTED | UNIT_ASSUMED,0.0,CONFLICT_VALUE_TO_REVIEW
raw_mesures_debit_jr,291913,295/10,7042849a-fb8a-4d37-9c74-94d910553723,2000-04-14,0.108,0.108,0.0,0.108,m3/s,m3/s,aucune,FLAG_DUPLICATE_TIMESTEP | FLAG_GAP_TIME_SERIES | FLAG_TIMESTEP_IRREGULAR | QA_REQUIRED | SCIENTIFIC_NOTATION_CONVERTED | UNIT_ASSUMED,0.0,CONFLICT_VALUE_TO_REVIEW
raw_mesures_debit_jr,291914,295/10,7042849a-fb8a-4d37-9c74-94d910553723,2000-04-15,0.108,0.108,0.0,0.108,m3/s,m3/s,aucune,FLAG_DUPLICATE_TIMESTEP | FLAG_GAP_TIME_SERIES | FLAG_TIMESTEP_IRREGULAR | QA_REQUIRED | SCIENTIFIC_NOTATION_CONVERTED | UNIT_ASSUMED,0.0,CONFLICT_VALUE_TO_REVIEW
raw_mesures_debit_jr,291915,295/10,7042849a-fb8a-4d37-9c74-94d910553723,2000-04-16,0.108,0.108,0.0,0.108,m3/s,m3/s,aucune,FLAG_DUPLICATE_TIMESTEP | FLAG_GAP_TIME_SERIES | FLAG_TIMESTEP_IRREGULAR | QA_REQUIRED | SCIENTIFIC_NOTATION_CONVERTED | UNIT_ASSUMED,0.0,CONFLICT_VALUE_TO_REVIEW
raw_mesures_debit_jr,291916,295/10,7042849a-fb8a-4d37-9c74-94d910553723,2000-04-17,0.108,0.108,0.0,0.108,m3/s,m3/s,aucune,FLAG_DUPLICATE_TIMESTEP | FLAG_GAP_TIME_SERIES | FLAG_TIMESTEP_IRREGULAR | QA_REQUIRED | SCIENTIFIC_NOTATION_CONVERTED | UNIT_ASSUMED,0.0,CONFLICT_VALUE_TO_REVIEW
raw_mesures_debit_jr,291917,295/10,7042849a-fb8a-4d37-9c74-94d910553723,2000-04-18,0.108,0.108,0.0,0.108,m3/s,m3/s,aucune,FLAG_DUPLICATE_TIMESTEP | FLAG_GAP_TIME_SERIES | FLAG_TIMESTEP_IRREGULAR | QA_REQUIRED | SCIENTIFIC_NOTATION_CONVERTED | UNIT_ASSUMED,0.0,CONFLICT_VALUE_TO_REVIEW
raw_mesures_debit_jr,291918,295/10,7042849a-fb8a-4d37-9c74-94d910553723,2000-04-19,0.108,0.108,0.0,0.108,m3/s,m3/s,aucune,FLAG_DUPLICATE_TIMESTEP | FLAG_GAP_TIME_SERIES | FLAG_TIMESTEP_IRREGULAR | QA_REQUIRED | SCIENTIFIC_NOTATION_CONVERTED | UNIT_ASSUMED,0.0,CONFLICT_VALUE_TO_REVIEW
raw_mesures_debit_jr,291919,295/10,7042849a-fb8a-4d37-9c74-94d910553723,2000-04-20,0.108,0.108,0.0,0.108,m3/s,m3/s,aucune,FLAG_DUPLICATE_TIMESTEP | FLAG_GAP_TIME_SERIES | FLAG_TIMESTEP_IRREGULAR | QA_REQUIRED | SCIENTIFIC_NOTATION_CONVERTED | UNIT_ASSUMED,0.0,CONFLICT_VALUE_TO_REVIEW
raw_mesures_debit_jr,291920,295/10,7042849a-fb8a-4d37-9c74-94d910553723,2000-04-21,0.108,0.108,0.0,0.108,m3/s,m3/s,aucune,FLAG_DUPLICATE_TIMESTEP | FLAG_GAP_TIME_SERIES | FLAG_TIMESTEP_IRREGULAR | QA_REQUIRED | SCIENTIFIC_NOTATION_CONVERTED | UNIT_ASSUMED,0.0,CONFLICT_VALUE_TO_REVIEW
raw_mesures_debit_jr,291921,295/10,7042849a-fb8a-4d37-9c74-94d910553723,2000-04-22,0.108,0.108,0.0,0.108,m3/s,m3/s,aucune,FLAG_DUPLICATE_TIMESTEP | FLAG_GAP_TIME_SERIES | FLAG_TIMESTEP_IRREGULAR | QA_REQUIRED | SCIENTIFIC_NOTATION_CONVERTED | UNIT_ASSUMED,0.0,CONFLICT_VALUE_TO_REVIEW
raw_mesures_debit_jr,291922,295/10,7042849a-fb8a-4d37-9c74-94d910553723,2000-04-23,0.108,0.108,0.0,0.108,m3/s,m3/s,aucune,FLAG_DUPLICATE_TIMESTEP | FLAG_GAP_TIME_SERIES | FLAG_TIMESTEP_IRREGULAR | QA_REQUIRED | SCIENTIFIC_NOTATION_CONVERTED | UNIT_ASSUMED,0.0,CONFLICT_VALUE_TO_REVIEW
raw_mesures_debit_jr,291923,295/10,7042849a-fb8a-4d37-9c74-94d910553723,2000-04-24,0.108,0.108,0.0,0.108,m3/s,m3/s,aucune,FLAG_DUPLICATE_TIMESTEP | FLAG_GAP_TIME_SERIES | FLAG_TIMESTEP_IRREGULAR | QA_REQUIRED | SCIENTIFIC_NOTATION_CONVERTED | UNIT_ASSUMED,0.0,CONFLICT_VALUE_TO_REVIEW
raw_mesures_debit_jr,291924,295/10,7042849a-fb8a-4d37-9c74-94d910553723,2000-04-25,0.108,0.108,0.0,0.108,m3/s,m3/s,aucune,FLAG_DUPLICATE_TIMESTEP | FLAG_GAP_TIME_SERIES | FLAG_TIMESTEP_IRREGULAR | QA_REQUIRED | SCIENTIFIC_NOTATION_CONVERTED | UNIT_ASSUMED,0.0,CONFLICT_VALUE_TO_REVIEW
raw_mesures_debit_jr,291925,295/10,7042849a-fb8a-4d37-9c74-94d910553723,2000-04-26,0.108,0.108,0.0,0.108,m3/s,m3/s,aucune,FLAG_DUPLICATE_TIMESTEP | FLAG_GAP_TIME_SERIES | FLAG_TIMESTEP_IRREGULAR | QA_REQUIRED | SCIENTIFIC_NOTATION_CONVERTED | UNIT_ASSUMED,0.0,CONFLICT_VALUE_TO_REVIEW
raw_mesures_debit_jr,291926,295/10,7042849a-fb8a-4d37-9c74-94d910553723,2000-04-27,0.108,0.108,0.0,0.108,m3/s,m3/s,aucune,FLAG_DUPLICATE_TIMESTEP | FLAG_GAP_TIME_SERIES | FLAG_TIMESTEP_IRREGULAR | QA_REQUIRED | SCIENTIFIC_NOTATION_CONVERTED | UNIT_ASSUMED,0.0,CONFLICT_VALUE_TO_REVIEW
raw_mesures_debit_jr,291927,295/10,7042849a-fb8a-4d37-9c74-94d910553723,2000-04-28,0.108,0.108,0.0,0.108,m3/s,m3/s,aucune,FLAG_DUPLICATE_TIMESTEP | FLAG_GAP_TIME_SERIES | FLAG_TIMESTEP_IRREGULAR | QA_REQUIRED | SCIENTIFIC_NOTATION_CONVERTED | UNIT_ASSUMED,0.0,CONFLICT_VALUE_TO_REVIEW
raw_mesures_debit_jr,291928,295/10,7042849a-fb8a-4d37-9c74-94d910553723,2000-04-29,0.108,0.108,0.0,0.108,m3/s,m3/s,aucune,FLAG_DUPLICATE_TIMESTEP | FLAG_GAP_TIME_SERIES | FLAG_TIMESTEP_IRREGULAR | QA_REQUIRED | SCIENTIFIC_NOTATION_CONVERTED | UNIT_ASSUMED,0.0,CONFLICT_VALUE_TO_REVIEW
raw_mesures_debit_jr,291929,295/10,7042849a-fb8a-4d37-9c74-94d910553723,2000-04-30,0.108,0.108,0.0,0.108,m3/s,m3/s,aucune,FLAG_DUPLICATE_TIMESTEP | FLAG_GAP_TIME_SERIES | FLAG_TIMESTEP_IRREGULAR | QA_REQUIRED | SCIENTIFIC_NOTATION_CONVERTED | UNIT_ASSUMED,0.0,CONFLICT_VALUE_TO_REVIEW
raw_mesures_debit_jr,291930,295/10,7042849a-fb8a-4d37-9c74-94d910553723,2000-05-01,0.108,0.108,0.0,0.108,m3/s,m3/s,aucune,FLAG_DUPLICATE_TIMESTEP | FLAG_GAP_TIME_SERIES | FLAG_TIMESTEP_IRREGULAR | QA_REQUIRED | SCIENTIFIC_NOTATION_CONVERTED | UNIT_ASSUMED,0.0,CONFLICT_VALUE_TO_REVIEW
raw_mesures_debit_jr,291931,295/10,7042849a-fb8a-4d37-9c74-94d910553723,2000-05-02,0.108,0.108,0.0,0.108,m3/s,m3/s,aucune,FLAG_DUPLICATE_TIMESTEP | FLAG_GAP_TIME_SERIES | FLAG_TIMESTEP_IRREGULAR | QA_REQUIRED | SCIENTIFIC_NOTATION_CONVERTED | UNIT_ASSUMED,0.0,CONFLICT_VALUE_TO_REVIEW
raw_mesures_debit_jr,291932,295/10,7042849a-fb8a-4d37-9c74-94d910553723,2000-05-03,0.108,0.108,0.0,0.108,m3/s,m3/s,aucune,FLAG_DUPLICATE_TIMESTEP | FLAG_GAP_TIME_SERIES | FLAG_TIMESTEP_IRREGULAR | QA_REQUIRED | SCIENTIFIC_NOTATION_CONVERTED | UNIT_ASSUMED,0.0,CONFLICT_VALUE_TO_REVIEW
raw_mesures_debit_jr,291933,295/10,7042849a-fb8a-4d37-9c74-94d910553723,2000-05-04,0.108,0.108,0.0,0.108,m3/s,m3/s,aucune,FLAG_DUPLICATE_TIMESTEP | FLAG_GAP_TIME_SERIES | FLAG_TIMESTEP_IRREGULAR | QA_REQUIRED | SCIENTIFIC_NOTATION_CONVERTED | UNIT_ASSUMED,0.0,CONFLICT_VALUE_TO_REVIEW
raw_mesures_debit_jr,291934,295/10,7042849a-fb8a-4d37-9c74-94d910553723,2000-05-05,0.108,0.108,0.0,0.108,m3/s,m3/s,aucune,FLAG_DUPLICATE_TIMESTEP | FLAG_GAP_TIME_SERIES | FLAG_TIMESTEP_IRREGULAR | QA_REQUIRED | SCIENTIFIC_NOTATION_CONVERTED | UNIT_ASSUMED,0.0,CONFLICT_VALUE_TO_REVIEW
raw_mesures_debit_jr,291935,295/10,7042849a-fb8a-4d37-9c74-94d910553723,2000-05-06,0.108,0.108,0.0,0.108,m3/s,m3/s,aucune,FLAG_DUPLICATE_TIMESTEP | FLAG_GAP_TIME_SERIES | FLAG_TIMESTEP_IRREGULAR | QA_REQUIRED | SCIENTIFIC_NOTATION_CONVERTED | UNIT_ASSUMED,0.0,CONFLICT_VALUE_TO_REVIEW
raw_mesures_debit_jr,291936,295/10,7042849a-fb8a-4d37-9c74-94d910553723,2000-05-07,0.108,0.108,0.0,0.108,m3/s,m3/s,aucune,FLAG_DUPLICATE_TIMESTEP | FLAG_GAP_TIME_SERIES | FLAG_TIMESTEP_IRREGULAR | QA_REQUIRED | SCIENTIFIC_NOTATION_CONVERTED | UNIT_ASSUMED,0.0,CONFLICT_VALUE_TO_REVIEW
raw_mesures_debit_jr,291937,295/10,7042849a-fb8a-4d37-9c74-94d910553723,2000-05-08,0.108,0.108,0.0,0.108,m3/s,m3/s,aucune,FLAG_DUPLICATE_TIMESTEP | FLAG_GAP_TIME_SERIES | FLAG_TIMESTEP_IRREGULAR | QA_REQUIRED | SCIENTIFIC_NOTATION_CONVERTED | UNIT_ASSUMED,0.0,CONFLICT_VALUE_TO_REVIEW
raw_mesures_debit_jr,291938,295/10,7042849a-fb8a-4d37-9c74-94d910553723,2000-05-09,0.108,0.108,0.0,0.108,m3/s,m3/s,aucune,FLAG_DUPLICATE_TIMESTEP | FLAG_GAP_TIME_SERIES | FLAG_TIMESTEP_IRREGULAR | QA_REQUIRED | SCIENTIFIC_NOTATION_CONVERTED | UNIT_ASSUMED,0.0,CONFLICT_VALUE_TO_REVIEW
raw_mesures_debit_jr,291939,295/10,7042849a-fb8a-4d37-9c74-94d910553723,2000-05-10,0.108,0.108,0.0,0.108,m3/s,m3/s,aucune,FLAG_DUPLICATE_TIMESTEP | FLAG_GAP_TIME_SERIES | FLAG_TIMESTEP_IRREGULAR | QA_REQUIRED | SCIENTIFIC_NOTATION_CONVERTED | UNIT_ASSUMED,0.0,CONFLICT_VALUE_TO_REVIEW
raw_mesures_debit_jr,291940,295/10,7042849a-fb8a-4d37-9c74-94d910553723,2000-05-11,0.108,0.108,0.0,0.108,m3/s,m3/s,aucune,FLAG_DUPLICATE_TIMESTEP | FLAG_GAP_TIME_SERIES | FLAG_TIMESTEP_IRREGULAR | QA_REQUIRED | SCIENTIFIC_NOTATION_CONVERTED | UNIT_ASSUMED,0.0,CONFLICT_VALUE_TO_REVIEW
raw_mesures_debit_jr,291941,295/10,7042849a-fb8a-4d37-9c74-94d910553723,2000-05-12,0.108,0.108,0.0,0.108,m3/s,m3/s,aucune,FLAG_DUPLICATE_TIMESTEP | FLAG_GAP_TIME_SERIES | FLAG_TIMESTEP_IRREGULAR | QA_REQUIRED | SCIENTIFIC_NOTATION_CONVERTED | UNIT_ASSUMED,0.0,CONFLICT_VALUE_TO_REVIEW
raw_mesures_debit_jr,291942,295/10,7042849a-fb8a-4d37-9c74-94d910553723,2000-05-13,0.108,0.108,0.0,0.108,m3/s,m3/s,aucune,FLAG_DUPLICATE_TIMESTEP | FLAG_GAP_TIME_SERIES | FLAG_TIMESTEP_IRREGULAR | QA_REQUIRED | SCIENTIFIC_NOTATION_CONVERTED | UNIT_ASSUMED,0.0,CONFLICT_VALUE_TO_REVIEW
raw_mesures_debit_jr,291943,295/10,7042849a-fb8a-4d37-9c74-94d910553723,2000-05-14,0.108,0.108,0.0,0.108,m3/s,m3/s,aucune,FLAG_DUPLICATE_TIMESTEP | FLAG_GAP_TIME_SERIES | FLAG_TIMESTEP_IRREGULAR | QA_REQUIRED | SCIENTIFIC_NOTATION_CONVERTED | UNIT_ASSUMED,0.0,CONFLICT_VALUE_TO_REVIEW
raw_mesures_debit_jr,291944,295/10,7042849a-fb8a-4d37-9c74-94d910553723,2000-05-15,0.108,0.108,0.0,0.108,m3/s,m3/s,aucune,FLAG_DUPLICATE_TIMESTEP | FLAG_GAP_TIME_SERIES | FLAG_TIMESTEP_IRREGULAR | QA_REQUIRED | SCIENTIFIC_NOTATION_CONVERTED | UNIT_ASSUMED,0.0,CONFLICT_VALUE_TO_REVIEW
raw_mesures_debit_jr,291945,295/10,7042849a-fb8a-4d37-9c74-94d910553723,2000-05-16,0.108,0.108,0.0,0.108,m3/s,m3/s,aucune,FLAG_DUPLICATE_TIMESTEP | FLAG_GAP_TIME_SERIES | FLAG_TIMESTEP_IRREGULAR | QA_REQUIRED | SCIENTIFIC_NOTATION_CONVERTED | UNIT_ASSUMED,0.0,CONFLICT_VALUE_TO_REVIEW
raw_mesures_debit_jr,291946,295/10,7042849a-fb8a-4d37-9c74-94d910553723,2000-05-17,0.108,0.108,0.0,0.108,m3/s,m3/s,aucune,FLAG_DUPLICATE_TIMESTEP | FLAG_GAP_TIME_SERIES | FLAG_TIMESTEP_IRREGULAR | QA_REQUIRED | SCIENTIFIC_NOTATION_CONVERTED | UNIT_ASSUMED,0.0,CONFLICT_VALUE_TO_REVIEW
raw_mesures_debit_jr,291947,295/10,7042849a-fb8a-4d37-9c74-94d910553723,2000-05-18,0.108,0.108,0.0,0.108,m3/s,m3/s,aucune,FLAG_DUPLICATE_TIMESTEP | FLAG_GAP_TIME_SERIES | FLAG_TIMESTEP_IRREGULAR | QA_REQUIRED | SCIENTIFIC_NOTATION_CONVERTED | UNIT_ASSUMED,0.0,CONFLICT_VALUE_TO_REVIEW
raw_mesures_debit_jr,291948,295/10,7042849a-fb8a-4d37-9c74-94d910553723,2000-05-19,0.108,0.108,0.0,0.108,m3/s,m3/s,aucune,FLAG_DUPLICATE_TIMESTEP | FLAG_GAP_TIME_SERIES | FLAG_TIMESTEP_IRREGULAR | QA_REQUIRED | SCIENTIFIC_NOTATION_CONVERTED | UNIT_ASSUMED,0.0,CONFLICT_VALUE_TO_REVIEW
raw_mesures_debit_jr,291949,295/10,7042849a-fb8a-4d37-9c74-94d910553723,2000-05-20,0.108,0.108,0.0,0.108,m3/s,m3/s,aucune,FLAG_DUPLICATE_TIMESTEP | FLAG_GAP_TIME_SERIES | FLAG_TIMESTEP_IRREGULAR | QA_REQUIRED | SCIENTIFIC_NOTATION_CONVERTED | UNIT_ASSUMED,0.0,CONFLICT_VALUE_TO_REVIEW
raw_mesures_debit_jr,291950,295/10,7042849a-fb8a-4d37-9c74-94d910553723,2000-05-21,0.108,0.108,0.0,0.108,m3/s,m3/s,aucune,FLAG_DUPLICATE_TIMESTEP | FLAG_GAP_TIME_SERIES | FLAG_TIMESTEP_IRREGULAR | QA_REQUIRED | SCIENTIFIC_NOTATION_CONVERTED | UNIT_ASSUMED,0.0,CONFLICT_VALUE_TO_REVIEW
raw_mesures_debit_jr,291951,295/10,7042849a-fb8a-4d37-9c74-94d910553723,2000-05-22,0.108,0.108,0.0,0.108,m3/s,m3/s,aucune,FLAG_DUPLICATE_TIMESTEP | FLAG_GAP_TIME_SERIES | FLAG_TIMESTEP_IRREGULAR | QA_REQUIRED | SCIENTIFIC_NOTATION_CONVERTED | UNIT_ASSUMED,0.0,CONFLICT_VALUE_TO_REVIEW
raw_mesures_debit_jr,291955,295/10,7042849a-fb8a-4d37-9c74-94d910553723,2000-05-26,0.108,0.108,0.0,0.108,m3/s,m3/s,aucune,FLAG_DUPLICATE_TIMESTEP | FLAG_GAP_TIME_SERIES | FLAG_TIMESTEP_IRREGULAR | QA_REQUIRED | SCIENTIFIC_NOTATION_CONVERTED | UNIT_ASSUMED,0.0,CONFLICT_VALUE_TO_REVIEW
raw_mesures_debit_jr,291956,295/10,7042849a-fb8a-4d37-9c74-94d910553723,2000-05-27,0.108,0.108,0.0,0.108,m3/s,m3/s,aucune,FLAG_DUPLICATE_TIMESTEP | FLAG_GAP_TIME_SERIES | FLAG_TIMESTEP_IRREGULAR | QA_REQUIRED | SCIENTIFIC_NOTATION_CONVERTED | UNIT_ASSUMED,0.0,CONFLICT_VALUE_TO_REVIEW
raw_mesures_debit_jr,291957,295/10,7042849a-fb8a-4d37-9c74-94d910553723,2000-05-28,0.108,0.108,0.0,0.108,m3/s,m3/s,aucune,FLAG_DUPLICATE_TIMESTEP | FLAG_GAP_TIME_SERIES | FLAG_TIMESTEP_IRREGULAR | QA_REQUIRED | SCIENTIFIC_NOTATION_CONVERTED | UNIT_ASSUMED,0.0,CONFLICT_VALUE_TO_REVIEW
raw_mesures_debit_jr,291958,295/10,7042849a-fb8a-4d37-9c74-94d910553723,2000-05-29,0.108,0.108,0.0,0.108,m3/s,m3/s,aucune,FLAG_DUPLICATE_TIMESTEP | FLAG_GAP_TIME_SERIES | FLAG_TIMESTEP_IRREGULAR | QA_REQUIRED | SCIENTIFIC_NOTATION_CONVERTED | UNIT_ASSUMED,0.0,CONFLICT_VALUE_TO_REVIEW
raw_mesures_debit_jr,291959,295/10,7042849a-fb8a-4d37-9c74-94d910553723,2000-05-30,0.108,0.108,0.0,0.108,m3/s,m3/s,aucune,FLAG_DUPLICATE_TIMESTEP | FLAG_GAP_TIME_SERIES | FLAG_TIMESTEP_IRREGULAR | QA_REQUIRED | SCIENTIFIC_NOTATION_CONVERTED | UNIT_ASSUMED,0.0,CONFLICT_VALUE_TO_REVIEW
raw_mesures_debit_jr,291960,295/10,7042849a-fb8a-4d37-9c74-94d910553723,2000-05-31,0.108,0.108,0.0,0.108,m3/s,m3/s,aucune,FLAG_DUPLICATE_TIMESTEP | FLAG_GAP_TIME_SERIES | FLAG_TIMESTEP_IRREGULAR | QA_REQUIRED | SCIENTIFIC_NOTATION_CONVERTED | UNIT_ASSUMED,0.0,CONFLICT_VALUE_TO_REVIEW
raw_mesures_debit_jr,291961,295/10,7042849a-fb8a-4d37-9c74-94d910553723,2000-06-01,0.108,0.108,0.0,0.108,m3/s,m3/s,aucune,FLAG_DUPLICATE_TIMESTEP | FLAG_GAP_TIME_SERIES | FLAG_TIMESTEP_IRREGULAR | QA_REQUIRED | SCIENTIFIC_NOTATION_CONVERTED | UNIT_ASSUMED,0.0,CONFLICT_VALUE_TO_REVIEW
raw_mesures_debit_jr,291962,295/10,7042849a-fb8a-4d37-9c74-94d910553723,2000-06-02,0.108,0.108,0.0,0.108,m3/s,m3/s,aucune,FLAG_DUPLICATE_TIMESTEP | FLAG_GAP_TIME_SERIES | FLAG_TIMESTEP_IRREGULAR | QA_REQUIRED | SCIENTIFIC_NOTATION_CONVERTED | UNIT_ASSUMED,0.0,CONFLICT_VALUE_TO_REVIEW
raw_mesures_debit_jr,291963,295/10,7042849a-fb8a-4d37-9c74-94d910553723,2000-06-03,0.108,0.108,0.0,0.108,m3/s,m3/s,aucune,FLAG_DUPLICATE_TIMESTEP | FLAG_GAP_TIME_SERIES | FLAG_TIMESTEP_IRREGULAR | QA_REQUIRED | SCIENTIFIC_NOTATION_CONVERTED | UNIT_ASSUMED,0.0,CONFLICT_VALUE_TO_REVIEW
raw_mesures_debit_jr,291964,295/10,7042849a-fb8a-4d37-9c74-94d910553723,2000-06-04,0.108,0.108,0.0,0.108,m3/s,m3/s,aucune,FLAG_DUPLICATE_TIMESTEP | FLAG_GAP_TIME_SERIES | FLAG_TIMESTEP_IRREGULAR | QA_REQUIRED | SCIENTIFIC_NOTATION_CONVERTED | UNIT_ASSUMED,0.0,CONFLICT_VALUE_TO_REVIEW
raw_mesures_debit_jr,291965,295/10,7042849a-fb8a-4d37-9c74-94d910553723,2000-06-05,0.108,0.108,0.0,0.108,m3/s,m3/s,aucune,FLAG_DUPLICATE_TIMESTEP | FLAG_GAP_TIME_SERIES | FLAG_TIMESTEP_IRREGULAR | QA_REQUIRED | SCIENTIFIC_NOTATION_CONVERTED | UNIT_ASSUMED,0.0,CONFLICT_VALUE_TO_REVIEW
raw_mesures_debit_jr,291966,295/10,7042849a-fb8a-4d37-9c74-94d910553723,2000-06-06,0.108,0.108,0.0,0.108,m3/s,m3/s,aucune,FLAG_DUPLICATE_TIMESTEP | FLAG_GAP_TIME_SERIES | FLAG_TIMESTEP_IRREGULAR | QA_REQUIRED | SCIENTIFIC_NOTATION_CONVERTED | UNIT_ASSUMED,0.0,CONFLICT_VALUE_TO_REVIEW
raw_mesures_debit_jr,291967,295/10,7042849a-fb8a-4d37-9c74-94d910553723,2000-06-07,0.108,0.108,0.0,0.108,m3/s,m3/s,aucune,FLAG_DUPLICATE_TIMESTEP | FLAG_GAP_TIME_SERIES | FLAG_TIMESTEP_IRREGULAR | QA_REQUIRED | SCIENTIFIC_NOTATION_CONVERTED | UNIT_ASSUMED,0.0,CONFLICT_VALUE_TO_REVIEW
raw_mesures_debit_jr,291968,295/10,7042849a-fb8a-4d37-9c74-94d910553723,2000-06-08,0.108,0.108,0.0,0.108,m3/s,m3/s,aucune,FLAG_DUPLICATE_TIMESTEP | FLAG_GAP_TIME_SERIES | FLAG_TIMESTEP_IRREGULAR | QA_REQUIRED | SCIENTIFIC_NOTATION_CONVERTED | UNIT_ASSUMED,0.0,CONFLICT_VALUE_TO_REVIEW
raw_mesures_debit_jr,291969,295/10,7042849a-fb8a-4d37-9c74-94d910553723,2000-06-09,0.108,0.108,0.0,0.108,m3/s,m3/s,aucune,FLAG_DUPLICATE_TIMESTEP | FLAG_GAP_TIME_SERIES | FLAG_TIMESTEP_IRREGULAR | QA_REQUIRED | SCIENTIFIC_NOTATION_CONVERTED | UNIT_ASSUMED,0.0,CONFLICT_VALUE_TO_REVIEW
raw_mesures_debit_jr,291970,295/10,7042849a-fb8a-4d37-9c74-94d910553723,2000-06-10,0.108,0.108,0.0,0.108,m3/s,m3/s,aucune,FLAG_DUPLICATE_TIMESTEP | FLAG_GAP_TIME_SERIES | FLAG_TIMESTEP_IRREGULAR | QA_REQUIRED | SCIENTIFIC_NOTATION_CONVERTED | UNIT_ASSUMED,0.0,CONFLICT_VALUE_TO_REVIEW
raw_mesures_debit_jr,291971,295/10,7042849a-fb8a-4d37-9c74-94d910553723,2000-06-11,0.108,0.108,0.0,0.108,m3/s,m3/s,aucune,FLAG_DUPLICATE_TIMESTEP | FLAG_GAP_TIME_SERIES | FLAG_TIMESTEP_IRREGULAR | QA_REQUIRED | SCIENTIFIC_NOTATION_CONVERTED | UNIT_ASSUMED,0.0,CONFLICT_VALUE_TO_REVIEW
raw_mesures_debit_jr,291972,295/10,7042849a-fb8a-4d37-9c74-94d910553723,2000-06-12,0.108,0.108,0.0,0.108,m3/s,m3/s,aucune,FLAG_DUPLICATE_TIMESTEP | FLAG_GAP_TIME_SERIES | FLAG_TIMESTEP_IRREGULAR | QA_REQUIRED | SCIENTIFIC_NOTATION_CONVERTED | UNIT_ASSUMED,0.0,CONFLICT_VALUE_TO_REVIEW
raw_mesures_debit_jr,291973,295/10,7042849a-fb8a-4d37-9c74-94d910553723,2000-06-13,0.108,0.108,0.0,0.108,m3/s,m3/s,aucune,FLAG_DUPLICATE_TIMESTEP | FLAG_GAP_TIME_SERIES | FLAG_TIMESTEP_IRREGULAR | QA_REQUIRED | SCIENTIFIC_NOTATION_CONVERTED | UNIT_ASSUMED,0.0,CONFLICT_VALUE_TO_REVIEW
raw_mesures_debit_jr,291974,295/10,7042849a-fb8a-4d37-9c74-94d910553723,2000-06-14,0.108,0.108,0.0,0.108,m3/s,m3/s,aucune,FLAG_DUPLICATE_TIMESTEP | FLAG_GAP_TIME_SERIES | FLAG_TIMESTEP_IRREGULAR | QA_REQUIRED | SCIENTIFIC_NOTATION_CONVERTED | UNIT_ASSUMED,0.0,CONFLICT_VALUE_TO_REVIEW
raw_mesures_debit_jr,291975,295/10,7042849a-fb8a-4d37-9c74-94d910553723,2000-06-15,0.108,0.108,0.0,0.108,m3/s,m3/s,aucune,FLAG_DUPLICATE_TIMESTEP | FLAG_GAP_TIME_SERIES | FLAG_TIMESTEP_IRREGULAR | QA_REQUIRED | SCIENTIFIC_NOTATION_CONVERTED | UNIT_ASSUMED,0.0,CONFLICT_VALUE_TO_REVIEW
raw_mesures_debit_jr,291976,295/10,7042849a-fb8a-4d37-9c74-94d910553723,2000-06-16,0.108,0.108,0.0,0.108,m3/s,m3/s,aucune,FLAG_DUPLICATE_TIMESTEP | FLAG_GAP_TIME_SERIES | FLAG_TIMESTEP_IRREGULAR | QA_REQUIRED | SCIENTIFIC_NOTATION_CONVERTED | UNIT_ASSUMED,0.0,CONFLICT_VALUE_TO_REVIEW
raw_mesures_debit_jr,291977,295/10,7042849a-fb8a-4d37-9c74-94d910553723,2000-06-17,0.108,0.108,0.0,0.108,m3/s,m3/s,aucune,FLAG_DUPLICATE_TIMESTEP | FLAG_GAP_TIME_SERIES | FLAG_TIMESTEP_IRREGULAR | QA_REQUIRED | SCIENTIFIC_NOTATION_CONVERTED | UNIT_ASSUMED,0.0,CONFLICT_VALUE_TO_REVIEW
raw_mesures_debit_jr,291978,295/10,7042849a-fb8a-4d37-9c74-94d910553723,2000-06-18,0.108,0.108,0.0,0.108,m3/s,m3/s,aucune,FLAG_DUPLICATE_TIMESTEP | FLAG_GAP_TIME_SERIES | FLAG_TIMESTEP_IRREGULAR | QA_REQUIRED | SCIENTIFIC_NOTATION_CONVERTED | UNIT_ASSUMED,0.0,CONFLICT_VALUE_TO_REVIEW
raw_mesures_debit_jr,291979,295/10,7042849a-fb8a-4d37-9c74-94d910553723,2000-06-19,0.108,0.108,0.0,0.108,m3/s,m3/s,aucune,FLAG_DUPLICATE_TIMESTEP | FLAG_GAP_TIME_SERIES | FLAG_TIMESTEP_IRREGULAR | QA_REQUIRED | SCIENTIFIC_NOTATION_CONVERTED | UNIT_ASSUMED,0.0,CONFLICT_VALUE_TO_REVIEW
raw_mesures_debit_jr,291980,295/10,7042849a-fb8a-4d37-9c74-94d910553723,2000-06-20,0.108,0.108,0.0,0.108,m3/s,m3/s,aucune,FLAG_DUPLICATE_TIMESTEP | FLAG_GAP_TIME_SERIES | FLAG_TIMESTEP_IRREGULAR | QA_REQUIRED | SCIENTIFIC_NOTATION_CONVERTED | UNIT_ASSUMED,0.0,CONFLICT_VALUE_TO_REVIEW
raw_mesures_debit_jr,291981,295/10,7042849a-fb8a-4d37-9c74-94d910553723,2000-06-21,0.108,0.108,0.0,0.108,m3/s,m3/s,aucune,FLAG_DUPLICATE_TIMESTEP | FLAG_GAP_TIME_SERIES | FLAG_TIMESTEP_IRREGULAR | QA_REQUIRED | SCIENTIFIC_NOTATION_CONVERTED | UNIT_ASSUMED,0.0,CONFLICT_VALUE_TO_REVIEW
raw_mesures_debit_jr,291982,295/10,7042849a-fb8a-4d37-9c74-94d910553723,2000-06-22,0.108,0.108,0.0,0.108,m3/s,m3/s,aucune,FLAG_DUPLICATE_TIMESTEP | FLAG_GAP_TIME_SERIES | FLAG_TIMESTEP_IRREGULAR | QA_REQUIRED | SCIENTIFIC_NOTATION_CONVERTED | UNIT_ASSUMED,0.0,CONFLICT_VALUE_TO_REVIEW
raw_mesures_debit_jr,291983,295/10,7042849a-fb8a-4d37-9c74-94d910553723,2000-06-23,0.108,0.108,0.0,0.108,m3/s,m3/s,aucune,FLAG_DUPLICATE_TIMESTEP | FLAG_GAP_TIME_SERIES | FLAG_TIMESTEP_IRREGULAR | QA_REQUIRED | SCIENTIFIC_NOTATION_CONVERTED | UNIT_ASSUMED,0.0,CONFLICT_VALUE_TO_REVIEW
raw_mesures_debit_jr,291984,295/10,7042849a-fb8a-4d37-9c74-94d910553723,2000-06-24,0.108,0.108,0.0,0.108,m3/s,m3/s,aucune,FLAG_DUPLICATE_TIMESTEP | FLAG_GAP_TIME_SERIES | FLAG_TIMESTEP_IRREGULAR | QA_REQUIRED | SCIENTIFIC_NOTATION_CONVERTED | UNIT_ASSUMED,0.0,CONFLICT_VALUE_TO_REVIEW
raw_mesures_debit_jr,291985,295/10,7042849a-fb8a-4d37-9c74-94d910553723,2000-06-25,0.108,0.108,0.0,0.108,m3/s,m3/s,aucune,FLAG_DUPLICATE_TIMESTEP | FLAG_GAP_TIME_SERIES | FLAG_TIMESTEP_IRREGULAR | QA_REQUIRED | SCIENTIFIC_NOTATION_CONVERTED | UNIT_ASSUMED,0.0,CONFLICT_VALUE_TO_REVIEW
raw_mesures_debit_jr,291986,295/10,7042849a-fb8a-4d37-9c74-94d910553723,2000-06-26,0.108,0.108,0.0,0.108,m3/s,m3/s,aucune,FLAG_DUPLICATE_TIMESTEP | FLAG_GAP_TIME_SERIES | FLAG_TIMESTEP_IRREGULAR | QA_REQUIRED | SCIENTIFIC_NOTATION_CONVERTED | UNIT_ASSUMED,0.0,CONFLICT_VALUE_TO_REVIEW
raw_mesures_debit_jr,291987,295/10,7042849a-fb8a-4d37-9c74-94d910553723,2000-06-27,0.108,0.108,0.0,0.108,m3/s,m3/s,aucune,FLAG_DUPLICATE_TIMESTEP | FLAG_GAP_TIME_SERIES | FLAG_TIMESTEP_IRREGULAR | QA_REQUIRED | SCIENTIFIC_NOTATION_CONVERTED | UNIT_ASSUMED,0.0,CONFLICT_VALUE_TO_REVIEW
raw_mesures_debit_jr,291988,295/10,7042849a-fb8a-4d37-9c74-94d910553723,2000-06-28,0.108,0.108,0.0,0.108,m3/s,m3/s,aucune,FLAG_DUPLICATE_TIMESTEP | FLAG_GAP_TIME_SERIES | FLAG_TIMESTEP_IRREGULAR | QA_REQUIRED | SCIENTIFIC_NOTATION_CONVERTED | UNIT_ASSUMED,0.0,CONFLICT_VALUE_TO_REVIEW
raw_mesures_debit_jr,291989,295/10,7042849a-fb8a-4d37-9c74-94d910553723,2000-06-29,0.108,0.108,0.0,0.108,m3/s,m3/s,aucune,FLAG_DUPLICATE_TIMESTEP | FLAG_GAP_TIME_SERIES | FLAG_TIMESTEP_IRREGULAR | QA_REQUIRED | SCIENTIFIC_NOTATION_CONVERTED | UNIT_ASSUMED,0.0,CONFLICT_VALUE_TO_REVIEW
raw_mesures_debit_jr,291990,295/10,7042849a-fb8a-4d37-9c74-94d910553723,2000-06-30,0.108,0.108,0.0,0.108,m3/s,m3/s,aucune,FLAG_DUPLICATE_TIMESTEP | FLAG_GAP_TIME_SERIES | FLAG_TIMESTEP_IRREGULAR | QA_REQUIRED | SCIENTIFIC_NOTATION_CONVERTED | UNIT_ASSUMED,0.0,CONFLICT_VALUE_TO_REVIEW
raw_mesures_debit_jr,291991,295/10,7042849a-fb8a-4d37-9c74-94d910553723,2000-07-01,0.108,0.108,0.0,0.108,m3/s,m3/s,aucune,FLAG_DUPLICATE_TIMESTEP | FLAG_GAP_TIME_SERIES | FLAG_TIMESTEP_IRREGULAR | QA_REQUIRED | SCIENTIFIC_NOTATION_CONVERTED | UNIT_ASSUMED,0.0,CONFLICT_VALUE_TO_REVIEW
raw_mesures_debit_jr,291992,295/10,7042849a-fb8a-4d37-9c74-94d910553723,2000-07-02,0.108,0.108,0.0,0.108,m3/s,m3/s,aucune,FLAG_DUPLICATE_TIMESTEP | FLAG_GAP_TIME_SERIES | FLAG_TIMESTEP_IRREGULAR | QA_REQUIRED | SCIENTIFIC_NOTATION_CONVERTED | UNIT_ASSUMED,0.0,CONFLICT_VALUE_TO_REVIEW
raw_mesures_debit_jr,291993,295/10,7042849a-fb8a-4d37-9c74-94d910553723,2000-07-03,0.108,0.108,0.0,0.108,m3/s,m3/s,aucune,FLAG_DUPLICATE_TIMESTEP | FLAG_GAP_TIME_SERIES | FLAG_TIMESTEP_IRREGULAR | QA_REQUIRED | SCIENTIFIC_NOTATION_CONVERTED | UNIT_ASSUMED,0.0,CONFLICT_VALUE_TO_REVIEW
raw_mesures_debit_jr,291994,295/10,7042849a-fb8a-4d37-9c74-94d910553723,2000-07-04,0.108,0.108,0.0,0.108,m3/s,m3/s,aucune,FLAG_DUPLICATE_TIMESTEP | FLAG_GAP_TIME_SERIES | FLAG_TIMESTEP_IRREGULAR | QA_REQUIRED | SCIENTIFIC_NOTATION_CONVERTED | UNIT_ASSUMED,0.0,CONFLICT_VALUE_TO_REVIEW
raw_mesures_debit_jr,291995,295/10,7042849a-fb8a-4d37-9c74-94d910553723,2000-07-05,0.108,0.108,0.0,0.108,m3/s,m3/s,aucune,FLAG_DUPLICATE_TIMESTEP | FLAG_GAP_TIME_SERIES | FLAG_TIMESTEP_IRREGULAR | QA_REQUIRED | SCIENTIFIC_NOTATION_CONVERTED | UNIT_ASSUMED,0.0,CONFLICT_VALUE_TO_REVIEW
raw_mesures_debit_jr,291996,295/10,7042849a-fb8a-4d37-9c74-94d910553723,2000-07-06,0.108,0.108,0.0,0.108,m3/s,m3/s,aucune,FLAG_DUPLICATE_TIMESTEP | FLAG_GAP_TIME_SERIES | FLAG_TIMESTEP_IRREGULAR | QA_REQUIRED | SCIENTIFIC_NOTATION_CONVERTED | UNIT_ASSUMED,0.0,CONFLICT_VALUE_TO_REVIEW
raw_mesures_debit_jr,291997,295/10,7042849a-fb8a-4d37-9c74-94d910553723,2000-07-07,0.108,0.108,0.0,0.108,m3/s,m3/s,aucune,FLAG_DUPLICATE_TIMESTEP | FLAG_GAP_TIME_SERIES | FLAG_TIMESTEP_IRREGULAR | QA_REQUIRED | SCIENTIFIC_NOTATION_CONVERTED | UNIT_ASSUMED,0.0,CONFLICT_VALUE_TO_REVIEW
raw_mesures_debit_jr,291998,295/10,7042849a-fb8a-4d37-9c74-94d910553723,2000-07-08,0.108,0.108,0.0,0.108,m3/s,m3/s,aucune,FLAG_DUPLICATE_TIMESTEP | FLAG_GAP_TIME_SERIES | FLAG_TIMESTEP_IRREGULAR | QA_REQUIRED | SCIENTIFIC_NOTATION_CONVERTED | UNIT_ASSUMED,0.0,CONFLICT_VALUE_TO_REVIEW
raw_mesures_debit_jr,291999,295/10,7042849a-fb8a-4d37-9c74-94d910553723,2000-07-09,0.108,0.108,0.0,0.108,m3/s,m3/s,aucune,FLAG_DUPLICATE_TIMESTEP | FLAG_GAP_TIME_SERIES | FLAG_TIMESTEP_IRREGULAR | QA_REQUIRED | SCIENTIFIC_NOTATION_CONVERTED | UNIT_ASSUMED,0.0,CONFLICT_VALUE_TO_REVIEW
raw_mesures_debit_jr,292000,295/10,7042849a-fb8a-4d37-9c74-94d910553723,2000-07-10,0.108,0.108,0.0,0.108,m3/s,m3/s,aucune,FLAG_DUPLICATE_TIMESTEP | FLAG_GAP_TIME_SERIES | FLAG_TIMESTEP_IRREGULAR | QA_REQUIRED | SCIENTIFIC_NOTATION_CONVERTED | UNIT_ASSUMED,0.0,CONFLICT_VALUE_TO_REVIEW
raw_mesures_debit_jr,292001,295/10,7042849a-fb8a-4d37-9c74-94d910553723,2000-07-11,0.108,0.108,0.0,0.108,m3/s,m3/s,aucune,FLAG_DUPLICATE_TIMESTEP | FLAG_GAP_TIME_SERIES | FLAG_TIMESTEP_IRREGULAR | QA_REQUIRED | SCIENTIFIC_NOTATION_CONVERTED | UNIT_ASSUMED,0.0,CONFLICT_VALUE_TO_REVIEW
raw_mesures_debit_jr,292002,295/10,7042849a-fb8a-4d37-9c74-94d910553723,2000-07-12,0.108,0.108,0.0,0.108,m3/s,m3/s,aucune,FLAG_DUPLICATE_TIMESTEP | FLAG_GAP_TIME_SERIES | FLAG_TIMESTEP_IRREGULAR | QA_REQUIRED | SCIENTIFIC_NOTATION_CONVERTED | UNIT_ASSUMED,0.0,CONFLICT_VALUE_TO_REVIEW
raw_mesures_debit_jr,292003,295/10,7042849a-fb8a-4d37-9c74-94d910553723,2000-07-13,0.108,0.108,0.0,0.108,m3/s,m3/s,aucune,FLAG_DUPLICATE_TIMESTEP | FLAG_GAP_TIME_SERIES | FLAG_TIMESTEP_IRREGULAR | QA_REQUIRED | SCIENTIFIC_NOTATION_CONVERTED | UNIT_ASSUMED,0.0,CONFLICT_VALUE_TO_REVIEW
raw_mesures_debit_jr,292004,295/10,7042849a-fb8a-4d37-9c74-94d910553723,2000-07-14,0.108,0.108,0.0,0.108,m3/s,m3/s,aucune,FLAG_DUPLICATE_TIMESTEP | FLAG_GAP_TIME_SERIES | FLAG_TIMESTEP_IRREGULAR | QA_REQUIRED | SCIENTIFIC_NOTATION_CONVERTED | UNIT_ASSUMED,0.0,CONFLICT_VALUE_TO_REVIEW
raw_mesures_debit_jr,292005,295/10,7042849a-fb8a-4d37-9c74-94d910553723,2000-07-15,0.108,0.108,0.0,0.108,m3/s,m3/s,aucune,FLAG_DUPLICATE_TIMESTEP | FLAG_GAP_TIME_SERIES | FLAG_TIMESTEP_IRREGULAR | QA_REQUIRED | SCIENTIFIC_NOTATION_CONVERTED | UNIT_ASSUMED,0.0,CONFLICT_VALUE_TO_REVIEW
raw_mesures_debit_jr,292006,295/10,7042849a-fb8a-4d37-9c74-94d910553723,2000-07-16,0.108,0.108,0.0,0.108,m3/s,m3/s,aucune,FLAG_DUPLICATE_TIMESTEP | FLAG_GAP_TIME_SERIES | FLAG_TIMESTEP_IRREGULAR | QA_REQUIRED | SCIENTIFIC_NOTATION_CONVERTED | UNIT_ASSUMED,0.0,CONFLICT_VALUE_TO_REVIEW
raw_mesures_debit_jr,292007,295/10,7042849a-fb8a-4d37-9c74-94d910553723,2000-07-17,0.108,0.108,0.0,0.108,m3/s,m3/s,aucune,FLAG_DUPLICATE_TIMESTEP | FLAG_GAP_TIME_SERIES | FLAG_TIMESTEP_IRREGULAR | QA_REQUIRED | SCIENTIFIC_NOTATION_CONVERTED | UNIT_ASSUMED,0.0,CONFLICT_VALUE_TO_REVIEW
raw_mesures_debit_jr,292008,295/10,7042849a-fb8a-4d37-9c74-94d910553723,2000-07-18,0.108,0.108,0.0,0.108,m3/s,m3/s,aucune,FLAG_DUPLICATE_TIMESTEP | FLAG_GAP_TIME_SERIES | FLAG_TIMESTEP_IRREGULAR | QA_REQUIRED | SCIENTIFIC_NOTATION_CONVERTED | UNIT_ASSUMED,0.0,CONFLICT_VALUE_TO_REVIEW
raw_mesures_debit_jr,292009,295/10,7042849a-fb8a-4d37-9c74-94d910553723,2000-07-19,0.108,0.108,0.0,0.108,m3/s,m3/s,aucune,FLAG_DUPLICATE_TIMESTEP | FLAG_GAP_TIME_SERIES | FLAG_TIMESTEP_IRREGULAR | QA_REQUIRED | SCIENTIFIC_NOTATION_CONVERTED | UNIT_ASSUMED,0.0,CONFLICT_VALUE_TO_REVIEW
raw_mesures_debit_jr,292010,295/10,7042849a-fb8a-4d37-9c74-94d910553723,2000-07-20,0.108,0.108,0.0,0.108,m3/s,m3/s,aucune,FLAG_DUPLICATE_TIMESTEP | FLAG_GAP_TIME_SERIES | FLAG_TIMESTEP_IRREGULAR | QA_REQUIRED | SCIENTIFIC_NOTATION_CONVERTED | UNIT_ASSUMED,0.0,CONFLICT_VALUE_TO_REVIEW
raw_mesures_debit_jr,292011,295/10,7042849a-fb8a-4d37-9c74-94d910553723,2000-07-21,0.108,0.108,0.0,0.108,m3/s,m3/s,aucune,FLAG_DUPLICATE_TIMESTEP | FLAG_GAP_TIME_SERIES | FLAG_TIMESTEP_IRREGULAR | QA_REQUIRED | SCIENTIFIC_NOTATION_CONVERTED | UNIT_ASSUMED,0.0,CONFLICT_VALUE_TO_REVIEW
raw_mesures_debit_jr,292012,295/10,7042849a-fb8a-4d37-9c74-94d910553723,2000-07-22,0.108,0.108,0.0,0.108,m3/s,m3/s,aucune,FLAG_DUPLICATE_TIMESTEP | FLAG_GAP_TIME_SERIES | FLAG_TIMESTEP_IRREGULAR | QA_REQUIRED | SCIENTIFIC_NOTATION_CONVERTED | UNIT_ASSUMED,0.0,CONFLICT_VALUE_TO_REVIEW
raw_mesures_debit_jr,292013,295/10,7042849a-fb8a-4d37-9c74-94d910553723,2000-07-23,0.108,0.108,0.0,0.108,m3/s,m3/s,aucune,FLAG_DUPLICATE_TIMESTEP | FLAG_GAP_TIME_SERIES | FLAG_TIMESTEP_IRREGULAR | QA_REQUIRED | SCIENTIFIC_NOTATION_CONVERTED | UNIT_ASSUMED,0.0,CONFLICT_VALUE_TO_REVIEW
raw_mesures_debit_jr,292014,295/10,7042849a-fb8a-4d37-9c74-94d910553723,2000-07-24,0.108,0.108,0.0,0.108,m3/s,m3/s,aucune,FLAG_DUPLICATE_TIMESTEP | FLAG_GAP_TIME_SERIES | FLAG_TIMESTEP_IRREGULAR | QA_REQUIRED | SCIENTIFIC_NOTATION_CONVERTED | UNIT_ASSUMED,0.0,CONFLICT_VALUE_TO_REVIEW
raw_mesures_debit_jr,292015,295/10,7042849a-fb8a-4d37-9c74-94d910553723,2000-07-25,0.108,0.108,0.0,0.108,m3/s,m3/s,aucune,FLAG_DUPLICATE_TIMESTEP | FLAG_GAP_TIME_SERIES | FLAG_TIMESTEP_IRREGULAR | QA_REQUIRED | SCIENTIFIC_NOTATION_CONVERTED | UNIT_ASSUMED,0.0,CONFLICT_VALUE_TO_REVIEW
raw_mesures_debit_jr,292016,295/10,7042849a-fb8a-4d37-9c74-94d910553723,2000-07-26,0.108,0.108,0.0,0.108,m3/s,m3/s,aucune,FLAG_DUPLICATE_TIMESTEP | FLAG_GAP_TIME_SERIES | FLAG_TIMESTEP_IRREGULAR | QA_REQUIRED | SCIENTIFIC_NOTATION_CONVERTED | UNIT_ASSUMED,0.0,CONFLICT_VALUE_TO_REVIEW
raw_mesures_debit_jr,292017,295/10,7042849a-fb8a-4d37-9c74-94d910553723,2000-07-27,0.108,0.108,0.0,0.108,m3/s,m3/s,aucune,FLAG_DUPLICATE_TIMESTEP | FLAG_GAP_TIME_SERIES | FLAG_TIMESTEP_IRREGULAR | QA_REQUIRED | SCIENTIFIC_NOTATION_CONVERTED | UNIT_ASSUMED,0.0,CONFLICT_VALUE_TO_REVIEW
raw_mesures_debit_jr,292018,295/10,7042849a-fb8a-4d37-9c74-94d910553723,2000-07-28,0.108,0.108,0.0,0.108,m3/s,m3/s,aucune,FLAG_DUPLICATE_TIMESTEP | FLAG_GAP_TIME_SERIES | FLAG_TIMESTEP_IRREGULAR | QA_REQUIRED | SCIENTIFIC_NOTATION_CONVERTED | UNIT_ASSUMED,0.0,CONFLICT_VALUE_TO_REVIEW
raw_mesures_debit_jr,292019,295/10,7042849a-fb8a-4d37-9c74-94d910553723,2000-07-29,0.108,0.108,0.0,0.108,m3/s,m3/s,aucune,FLAG_DUPLICATE_TIMESTEP | FLAG_GAP_TIME_SERIES | FLAG_TIMESTEP_IRREGULAR | QA_REQUIRED | SCIENTIFIC_NOTATION_CONVERTED | UNIT_ASSUMED,0.0,CONFLICT_VALUE_TO_REVIEW
raw_mesures_debit_jr,292020,295/10,7042849a-fb8a-4d37-9c74-94d910553723,2000-07-30,0.108,0.108,0.0,0.108,m3/s,m3/s,aucune,FLAG_DUPLICATE_TIMESTEP | FLAG_GAP_TIME_SERIES | FLAG_TIMESTEP_IRREGULAR | QA_REQUIRED | SCIENTIFIC_NOTATION_CONVERTED | UNIT_ASSUMED,0.0,CONFLICT_VALUE_TO_REVIEW
raw_mesures_debit_jr,292021,295/10,7042849a-fb8a-4d37-9c74-94d910553723,2000-07-31,0.108,0.108,0.0,0.108,m3/s,m3/s,aucune,FLAG_DUPLICATE_TIMESTEP | FLAG_GAP_TIME_SERIES | FLAG_TIMESTEP_IRREGULAR | QA_REQUIRED | SCIENTIFIC_NOTATION_CONVERTED | UNIT_ASSUMED,0.0,CONFLICT_VALUE_TO_REVIEW
raw_mesures_debit_jr,292022,295/10,7042849a-fb8a-4d37-9c74-94d910553723,2000-08-01,0.108,0.108,0.0,0.108,m3/s,m3/s,aucune,FLAG_DUPLICATE_TIMESTEP | FLAG_GAP_TIME_SERIES | FLAG_TIMESTEP_IRREGULAR | QA_REQUIRED | SCIENTIFIC_NOTATION_CONVERTED | UNIT_ASSUMED,0.0,CONFLICT_VALUE_TO_REVIEW
raw_mesures_debit_jr,292023,295/10,7042849a-fb8a-4d37-9c74-94d910553723,2000-08-02,0.108,0.108,0.0,0.108,m3/s,m3/s,aucune,FLAG_DUPLICATE_TIMESTEP | FLAG_GAP_TIME_SERIES | FLAG_TIMESTEP_IRREGULAR | QA_REQUIRED | SCIENTIFIC_NOTATION_CONVERTED | UNIT_ASSUMED,0.0,CONFLICT_VALUE_TO_REVIEW
raw_mesures_debit_jr,292024,295/10,7042849a-fb8a-4d37-9c74-94d910553723,2000-08-03,0.108,0.108,0.0,0.108,m3/s,m3/s,aucune,FLAG_DUPLICATE_TIMESTEP | FLAG_GAP_TIME_SERIES | FLAG_TIMESTEP_IRREGULAR | QA_REQUIRED | SCIENTIFIC_NOTATION_CONVERTED | UNIT_ASSUMED,0.0,CONFLICT_VALUE_TO_REVIEW
raw_mesures_debit_jr,292025,295/10,7042849a-fb8a-4d37-9c74-94d910553723,2000-08-04,0.108,0.108,0.0,0.108,m3/s,m3/s,aucune,FLAG_DUPLICATE_TIMESTEP | FLAG_GAP_TIME_SERIES | FLAG_TIMESTEP_IRREGULAR | QA_REQUIRED | SCIENTIFIC_NOTATION_CONVERTED | UNIT_ASSUMED,0.0,CONFLICT_VALUE_TO_REVIEW
raw_mesures_debit_jr,292026,295/10,7042849a-fb8a-4d37-9c74-94d910553723,2000-08-05,0.108,0.108,0.0,0.108,m3/s,m3/s,aucune,FLAG_DUPLICATE_TIMESTEP | FLAG_GAP_TIME_SERIES | FLAG_TIMESTEP_IRREGULAR | QA_REQUIRED | SCIENTIFIC_NOTATION_CONVERTED | UNIT_ASSUMED,0.0,CONFLICT_VALUE_TO_REVIEW
raw_mesures_debit_jr,292027,295/10,7042849a-fb8a-4d37-9c74-94d910553723,2000-08-06,0.108,0.108,0.0,0.108,m3/s,m3/s,aucune,FLAG_DUPLICATE_TIMESTEP | FLAG_GAP_TIME_SERIES | FLAG_TIMESTEP_IRREGULAR | QA_REQUIRED | SCIENTIFIC_NOTATION_CONVERTED | UNIT_ASSUMED,0.0,CONFLICT_VALUE_TO_REVIEW
raw_mesures_debit_jr,292028,295/10,7042849a-fb8a-4d37-9c74-94d910553723,2000-08-07,0.108,0.108,0.0,0.108,m3/s,m3/s,aucune,FLAG_DUPLICATE_TIMESTEP | FLAG_GAP_TIME_SERIES | FLAG_TIMESTEP_IRREGULAR | QA_REQUIRED | SCIENTIFIC_NOTATION_CONVERTED | UNIT_ASSUMED,0.0,CONFLICT_VALUE_TO_REVIEW
raw_mesures_debit_jr,292029,295/10,7042849a-fb8a-4d37-9c74-94d910553723,2000-08-08,0.108,0.108,0.0,0.108,m3/s,m3/s,aucune,FLAG_DUPLICATE_TIMESTEP | FLAG_GAP_TIME_SERIES | FLAG_TIMESTEP_IRREGULAR | QA_REQUIRED | SCIENTIFIC_NOTATION_CONVERTED | UNIT_ASSUMED,0.0,CONFLICT_VALUE_TO_REVIEW
raw_mesures_debit_jr,292030,295/10,7042849a-fb8a-4d37-9c74-94d910553723,2000-08-09,0.108,0.108,0.0,0.108,m3/s,m3/s,aucune,FLAG_DUPLICATE_TIMESTEP | FLAG_GAP_TIME_SERIES | FLAG_TIMESTEP_IRREGULAR | QA_REQUIRED | SCIENTIFIC_NOTATION_CONVERTED | UNIT_ASSUMED,0.0,CONFLICT_VALUE_TO_REVIEW
raw_mesures_debit_jr,292031,295/10,7042849a-fb8a-4d37-9c74-94d910553723,2000-08-10,0.108,0.108,0.0,0.108,m3/s,m3/s,aucune,FLAG_DUPLICATE_TIMESTEP | FLAG_GAP_TIME_SERIES | FLAG_TIMESTEP_IRREGULAR | QA_REQUIRED | SCIENTIFIC_NOTATION_CONVERTED | UNIT_ASSUMED,0.0,CONFLICT_VALUE_TO_REVIEW
raw_mesures_debit_jr,292032,295/10,7042849a-fb8a-4d37-9c74-94d910553723,2000-08-11,0.108,0.108,0.0,0.108,m3/s,m3/s,aucune,FLAG_DUPLICATE_TIMESTEP | FLAG_GAP_TIME_SERIES | FLAG_TIMESTEP_IRREGULAR | QA_REQUIRED | SCIENTIFIC_NOTATION_CONVERTED | UNIT_ASSUMED,0.0,CONFLICT_VALUE_TO_REVIEW
raw_mesures_debit_jr,292033,295/10,7042849a-fb8a-4d37-9c74-94d910553723,2000-08-12,0.108,0.108,0.0,0.108,m3/s,m3/s,aucune,FLAG_DUPLICATE_TIMESTEP | FLAG_GAP_TIME_SERIES | FLAG_TIMESTEP_IRREGULAR | QA_REQUIRED | SCIENTIFIC_NOTATION_CONVERTED | UNIT_ASSUMED,0.0,CONFLICT_VALUE_TO_REVIEW
raw_mesures_debit_jr,292034,295/10,7042849a-fb8a-4d37-9c74-94d910553723,2000-08-13,0.108,0.108,0.0,0.108,m3/s,m3/s,aucune,FLAG_DUPLICATE_TIMESTEP | FLAG_GAP_TIME_SERIES | FLAG_TIMESTEP_IRREGULAR | QA_REQUIRED | SCIENTIFIC_NOTATION_CONVERTED | UNIT_ASSUMED,0.0,CONFLICT_VALUE_TO_REVIEW
raw_mesures_debit_jr,292035,295/10,7042849a-fb8a-4d37-9c74-94d910553723,2000-08-14,0.108,0.108,0.0,0.108,m3/s,m3/s,aucune,FLAG_DUPLICATE_TIMESTEP | FLAG_GAP_TIME_SERIES | FLAG_TIMESTEP_IRREGULAR | QA_REQUIRED | SCIENTIFIC_NOTATION_CONVERTED | UNIT_ASSUMED,0.0,CONFLICT_VALUE_TO_REVIEW
raw_mesures_debit_jr,292036,295/10,7042849a-fb8a-4d37-9c74-94d910553723,2000-08-15,0.108,0.108,0.0,0.108,m3/s,m3/s,aucune,FLAG_DUPLICATE_TIMESTEP | FLAG_GAP_TIME_SERIES | FLAG_TIMESTEP_IRREGULAR | QA_REQUIRED | SCIENTIFIC_NOTATION_CONVERTED | UNIT_ASSUMED,0.0,CONFLICT_VALUE_TO_REVIEW
raw_mesures_debit_jr,292037,295/10,7042849a-fb8a-4d37-9c74-94d910553723,2000-08-16,0.108,0.108,0.0,0.108,m3/s,m3/s,aucune,FLAG_DUPLICATE_TIMESTEP | FLAG_GAP_TIME_SERIES | FLAG_TIMESTEP_IRREGULAR | QA_REQUIRED | SCIENTIFIC_NOTATION_CONVERTED | UNIT_ASSUMED,0.0,CONFLICT_VALUE_TO_REVIEW
raw_mesures_debit_jr,292038,295/10,7042849a-fb8a-4d37-9c74-94d910553723,2000-08-17,0.108,0.108,0.0,0.108,m3/s,m3/s,aucune,FLAG_DUPLICATE_TIMESTEP | FLAG_GAP_TIME_SERIES | FLAG_TIMESTEP_IRREGULAR | QA_REQUIRED | SCIENTIFIC_NOTATION_CONVERTED | UNIT_ASSUMED,0.0,CONFLICT_VALUE_TO_REVIEW
raw_mesures_debit_jr,292039,295/10,7042849a-fb8a-4d37-9c74-94d910553723,2000-08-18,0.108,0.108,0.0,0.108,m3/s,m3/s,aucune,FLAG_DUPLICATE_TIMESTEP | FLAG_GAP_TIME_SERIES | FLAG_TIMESTEP_IRREGULAR | QA_REQUIRED | SCIENTIFIC_NOTATION_CONVERTED | UNIT_ASSUMED,0.0,CONFLICT_VALUE_TO_REVIEW
raw_mesures_debit_jr,292040,295/10,7042849a-fb8a-4d37-9c74-94d910553723,2000-08-19,0.108,0.108,0.0,0.108,m3/s,m3/s,aucune,FLAG_DUPLICATE_TIMESTEP | FLAG_GAP_TIME_SERIES | FLAG_TIMESTEP_IRREGULAR | QA_REQUIRED | SCIENTIFIC_NOTATION_CONVERTED | UNIT_ASSUMED,0.0,CONFLICT_VALUE_TO_REVIEW
raw_mesures_debit_jr,292041,295/10,7042849a-fb8a-4d37-9c74-94d910553723,2000-08-20,0.108,0.108,0.0,0.108,m3/s,m3/s,aucune,FLAG_DUPLICATE_TIMESTEP | FLAG_GAP_TIME_SERIES | FLAG_TIMESTEP_IRREGULAR | QA_REQUIRED | SCIENTIFIC_NOTATION_CONVERTED | UNIT_ASSUMED,0.0,CONFLICT_VALUE_TO_REVIEW
raw_mesures_debit_jr,292042,295/10,7042849a-fb8a-4d37-9c74-94d910553723,2000-08-21,0.108,0.108,0.0,0.108,m3/s,m3/s,aucune,FLAG_DUPLICATE_TIMESTEP | FLAG_GAP_TIME_SERIES | FLAG_TIMESTEP_IRREGULAR | QA_REQUIRED | SCIENTIFIC_NOTATION_CONVERTED | UNIT_ASSUMED,0.0,CONFLICT_VALUE_TO_REVIEW
raw_mesures_debit_jr,292043,295/10,7042849a-fb8a-4d37-9c74-94d910553723,2000-08-22,0.108,0.108,0.0,0.108,m3/s,m3/s,aucune,FLAG_DUPLICATE_TIMESTEP | FLAG_GAP_TIME_SERIES | FLAG_TIMESTEP_IRREGULAR | QA_REQUIRED | SCIENTIFIC_NOTATION_CONVERTED | UNIT_ASSUMED,0.0,CONFLICT_VALUE_TO_REVIEW
raw_mesures_debit_jr,292044,295/10,7042849a-fb8a-4d37-9c74-94d910553723,2000-08-23,0.108,0.108,0.0,0.108,m3/s,m3/s,aucune,FLAG_DUPLICATE_TIMESTEP | FLAG_GAP_TIME_SERIES | FLAG_TIMESTEP_IRREGULAR | QA_REQUIRED | SCIENTIFIC_NOTATION_CONVERTED | UNIT_ASSUMED,0.0,CONFLICT_VALUE_TO_REVIEW
raw_mesures_debit_jr,292045,295/10,7042849a-fb8a-4d37-9c74-94d910553723,2000-08-24,0.108,0.108,0.0,0.108,m3/s,m3/s,aucune,FLAG_DUPLICATE_TIMESTEP | FLAG_GAP_TIME_SERIES | FLAG_TIMESTEP_IRREGULAR | QA_REQUIRED | SCIENTIFIC_NOTATION_CONVERTED | UNIT_ASSUMED,0.0,CONFLICT_VALUE_TO_REVIEW
raw_mesures_debit_jr,292046,295/10,7042849a-fb8a-4d37-9c74-94d910553723,2000-08-25,0.108,0.108,0.0,0.108,m3/s,m3/s,aucune,FLAG_DUPLICATE_TIMESTEP | FLAG_GAP_TIME_SERIES | FLAG_TIMESTEP_IRREGULAR | QA_REQUIRED | SCIENTIFIC_NOTATION_CONVERTED | UNIT_ASSUMED,0.0,CONFLICT_VALUE_TO_REVIEW
raw_mesures_debit_jr,292047,295/10,7042849a-fb8a-4d37-9c74-94d910553723,2000-08-26,0.108,0.108,0.0,0.108,m3/s,m3/s,aucune,FLAG_DUPLICATE_TIMESTEP | FLAG_GAP_TIME_SERIES | FLAG_TIMESTEP_IRREGULAR | QA_REQUIRED | SCIENTIFIC_NOTATION_CONVERTED | UNIT_ASSUMED,0.0,CONFLICT_VALUE_TO_REVIEW
raw_mesures_debit_jr,292048,295/10,7042849a-fb8a-4d37-9c74-94d910553723,2000-08-27,0.108,0.108,0.0,0.108,m3/s,m3/s,aucune,FLAG_DUPLICATE_TIMESTEP | FLAG_GAP_TIME_SERIES | FLAG_TIMESTEP_IRREGULAR | QA_REQUIRED | SCIENTIFIC_NOTATION_CONVERTED | UNIT_ASSUMED,0.0,CONFLICT_VALUE_TO_REVIEW
raw_mesures_debit_jr,292049,295/10,7042849a-fb8a-4d37-9c74-94d910553723,2000-08-28,0.108,0.108,0.0,0.108,m3/s,m3/s,aucune,FLAG_DUPLICATE_TIMESTEP | FLAG_GAP_TIME_SERIES | FLAG_TIMESTEP_IRREGULAR | QA_REQUIRED | SCIENTIFIC_NOTATION_CONVERTED | UNIT_ASSUMED,0.0,CONFLICT_VALUE_TO_REVIEW
raw_mesures_debit_jr,292050,295/10,7042849a-fb8a-4d37-9c74-94d910553723,2000-08-29,0.108,0.108,0.0,0.108,m3/s,m3/s,aucune,FLAG_DUPLICATE_TIMESTEP | FLAG_GAP_TIME_SERIES | FLAG_TIMESTEP_IRREGULAR | QA_REQUIRED | SCIENTIFIC_NOTATION_CONVERTED | UNIT_ASSUMED,0.0,CONFLICT_VALUE_TO_REVIEW
raw_mesures_debit_jr,292051,295/10,7042849a-fb8a-4d37-9c74-94d910553723,2000-08-30,0.108,0.108,0.0,0.108,m3/s,m3/s,aucune,FLAG_DUPLICATE_TIMESTEP | FLAG_GAP_TIME_SERIES | FLAG_TIMESTEP_IRREGULAR | QA_REQUIRED | SCIENTIFIC_NOTATION_CONVERTED | UNIT_ASSUMED,0.0,CONFLICT_VALUE_TO_REVIEW
raw_mesures_debit_jr,292052,295/10,7042849a-fb8a-4d37-9c74-94d910553723,2000-08-31,0.108,0.108,0.0,0.108,m3/s,m3/s,aucune,FLAG_DUPLICATE_TIMESTEP | FLAG_GAP_TIME_SERIES | FLAG_TIMESTEP_IRREGULAR | QA_REQUIRED | SCIENTIFIC_NOTATION_CONVERTED | UNIT_ASSUMED,0.0,CONFLICT_VALUE_TO_REVIEW
raw_mesures_debit_jr,292053,295/10,7042849a-fb8a-4d37-9c74-94d910553723,2000-09-01,0.108,0.108,0.0,0.108,m3/s,m3/s,aucune,FLAG_DUPLICATE_TIMESTEP | FLAG_GAP_TIME_SERIES | FLAG_TIMESTEP_IRREGULAR | QA_REQUIRED | SCIENTIFIC_NOTATION_CONVERTED | UNIT_ASSUMED,0.0,CONFLICT_VALUE_TO_REVIEW
raw_mesures_debit_jr,292054,295/10,7042849a-fb8a-4d37-9c74-94d910553723,2000-09-02,0.108,0.108,0.0,0.108,m3/s,m3/s,aucune,FLAG_DUPLICATE_TIMESTEP | FLAG_GAP_TIME_SERIES | FLAG_TIMESTEP_IRREGULAR | QA_REQUIRED | SCIENTIFIC_NOTATION_CONVERTED | UNIT_ASSUMED,0.0,CONFLICT_VALUE_TO_REVIEW
raw_mesures_debit_jr,292055,295/10,7042849a-fb8a-4d37-9c74-94d910553723,2000-09-03,0.108,0.108,0.0,0.108,m3/s,m3/s,aucune,FLAG_DUPLICATE_TIMESTEP | FLAG_GAP_TIME_SERIES | FLAG_TIMESTEP_IRREGULAR | QA_REQUIRED | SCIENTIFIC_NOTATION_CONVERTED | UNIT_ASSUMED,0.0,CONFLICT_VALUE_TO_REVIEW
raw_mesures_debit_jr,292056,295/10,7042849a-fb8a-4d37-9c74-94d910553723,2000-09-04,0.108,0.108,0.0,0.108,m3/s,m3/s,aucune,FLAG_DUPLICATE_TIMESTEP | FLAG_GAP_TIME_SERIES | FLAG_TIMESTEP_IRREGULAR | QA_REQUIRED | SCIENTIFIC_NOTATION_CONVERTED | UNIT_ASSUMED,0.0,CONFLICT_VALUE_TO_REVIEW
raw_mesures_debit_jr,292057,295/10,7042849a-fb8a-4d37-9c74-94d910553723,2000-09-05,0.108,0.108,0.0,0.108,m3/s,m3/s,aucune,FLAG_DUPLICATE_TIMESTEP | FLAG_GAP_TIME_SERIES | FLAG_TIMESTEP_IRREGULAR | QA_REQUIRED | SCIENTIFIC_NOTATION_CONVERTED | UNIT_ASSUMED,0.0,CONFLICT_VALUE_TO_REVIEW
raw_mesures_debit_jr,292058,295/10,7042849a-fb8a-4d37-9c74-94d910553723,2000-09-06,0.108,0.108,0.0,0.108,m3/s,m3/s,aucune,FLAG_DUPLICATE_TIMESTEP | FLAG_GAP_TIME_SERIES | FLAG_TIMESTEP_IRREGULAR | QA_REQUIRED | SCIENTIFIC_NOTATION_CONVERTED | UNIT_ASSUMED,0.0,CONFLICT_VALUE_TO_REVIEW
raw_mesures_debit_jr,292059,295/10,7042849a-fb8a-4d37-9c74-94d910553723,2000-09-07,0.108,0.108,0.0,0.108,m3/s,m3/s,aucune,FLAG_DUPLICATE_TIMESTEP | FLAG_GAP_TIME_SERIES | FLAG_TIMESTEP_IRREGULAR | QA_REQUIRED | SCIENTIFIC_NOTATION_CONVERTED | UNIT_ASSUMED,0.0,CONFLICT_VALUE_TO_REVIEW
raw_mesures_debit_jr,292060,295/10,7042849a-fb8a-4d37-9c74-94d910553723,2000-09-08,0.108,0.108,0.0,0.108,m3/s,m3/s,aucune,FLAG_DUPLICATE_TIMESTEP | FLAG_GAP_TIME_SERIES | FLAG_TIMESTEP_IRREGULAR | QA_REQUIRED | SCIENTIFIC_NOTATION_CONVERTED | UNIT_ASSUMED,0.0,CONFLICT_VALUE_TO_REVIEW
raw_mesures_debit_jr,292061,295/10,7042849a-fb8a-4d37-9c74-94d910553723,2000-09-09,0.108,0.108,0.0,0.108,m3/s,m3/s,aucune,FLAG_DUPLICATE_TIMESTEP | FLAG_GAP_TIME_SERIES | FLAG_TIMESTEP_IRREGULAR | QA_REQUIRED | SCIENTIFIC_NOTATION_CONVERTED | UNIT_ASSUMED,0.0,CONFLICT_VALUE_TO_REVIEW
raw_mesures_debit_jr,292062,295/10,7042849a-fb8a-4d37-9c74-94d910553723,2000-09-10,0.108,0.108,0.0,0.108,m3/s,m3/s,aucune,FLAG_DUPLICATE_TIMESTEP | FLAG_GAP_TIME_SERIES | FLAG_TIMESTEP_IRREGULAR | QA_REQUIRED | SCIENTIFIC_NOTATION_CONVERTED | UNIT_ASSUMED,0.0,CONFLICT_VALUE_TO_REVIEW
raw_mesures_debit_jr,292063,295/10,7042849a-fb8a-4d37-9c74-94d910553723,2000-09-11,0.108,0.108,0.0,0.108,m3/s,m3/s,aucune,FLAG_DUPLICATE_TIMESTEP | FLAG_GAP_TIME_SERIES | FLAG_TIMESTEP_IRREGULAR | QA_REQUIRED | SCIENTIFIC_NOTATION_CONVERTED | UNIT_ASSUMED,0.0,CONFLICT_VALUE_TO_REVIEW
raw_mesures_debit_jr,292064,295/10,7042849a-fb8a-4d37-9c74-94d910553723,2000-09-12,0.108,0.108,0.0,0.108,m3/s,m3/s,aucune,FLAG_DUPLICATE_TIMESTEP | FLAG_GAP_TIME_SERIES | FLAG_TIMESTEP_IRREGULAR | QA_REQUIRED | SCIENTIFIC_NOTATION_CONVERTED | UNIT_ASSUMED,0.0,CONFLICT_VALUE_TO_REVIEW
raw_mesures_debit_jr,292065,295/10,7042849a-fb8a-4d37-9c74-94d910553723,2000-09-13,0.108,0.108,0.0,0.108,m3/s,m3/s,aucune,FLAG_DUPLICATE_TIMESTEP | FLAG_GAP_TIME_SERIES | FLAG_TIMESTEP_IRREGULAR | QA_REQUIRED | SCIENTIFIC_NOTATION_CONVERTED | UNIT_ASSUMED,0.0,CONFLICT_VALUE_TO_REVIEW
raw_mesures_debit_jr,292066,295/10,7042849a-fb8a-4d37-9c74-94d910553723,2000-09-14,0.108,0.108,0.0,0.108,m3/s,m3/s,aucune,FLAG_DUPLICATE_TIMESTEP | FLAG_GAP_TIME_SERIES | FLAG_TIMESTEP_IRREGULAR | QA_REQUIRED | SCIENTIFIC_NOTATION_CONVERTED | UNIT_ASSUMED,0.0,CONFLICT_VALUE_TO_REVIEW
raw_mesures_debit_jr,292067,295/10,7042849a-fb8a-4d37-9c74-94d910553723,2000-09-15,0.108,0.108,0.0,0.108,m3/s,m3/s,aucune,FLAG_DUPLICATE_TIMESTEP | FLAG_GAP_TIME_SERIES | FLAG_TIMESTEP_IRREGULAR | QA_REQUIRED | SCIENTIFIC_NOTATION_CONVERTED | UNIT_ASSUMED,0.0,CONFLICT_VALUE_TO_REVIEW
raw_mesures_debit_jr,292068,295/10,7042849a-fb8a-4d37-9c74-94d910553723,2000-09-16,0.108,0.108,0.0,0.108,m3/s,m3/s,aucune,FLAG_DUPLICATE_TIMESTEP | FLAG_GAP_TIME_SERIES | FLAG_TIMESTEP_IRREGULAR | QA_REQUIRED | SCIENTIFIC_NOTATION_CONVERTED | UNIT_ASSUMED,0.0,CONFLICT_VALUE_TO_REVIEW
raw_mesures_debit_jr,292069,295/10,7042849a-fb8a-4d37-9c74-94d910553723,2000-09-17,0.108,0.108,0.0,0.108,m3/s,m3/s,aucune,FLAG_DUPLICATE_TIMESTEP | FLAG_GAP_TIME_SERIES | FLAG_TIMESTEP_IRREGULAR | QA_REQUIRED | SCIENTIFIC_NOTATION_CONVERTED | UNIT_ASSUMED,0.0,CONFLICT_VALUE_TO_REVIEW
raw_mesures_debit_jr,292070,295/10,7042849a-fb8a-4d37-9c74-94d910553723,2000-09-18,0.108,0.108,0.0,0.108,m3/s,m3/s,aucune,FLAG_DUPLICATE_TIMESTEP | FLAG_GAP_TIME_SERIES | FLAG_TIMESTEP_IRREGULAR | QA_REQUIRED | SCIENTIFIC_NOTATION_CONVERTED | UNIT_ASSUMED,0.0,CONFLICT_VALUE_TO_REVIEW
raw_mesures_debit_jr,292071,295/10,7042849a-fb8a-4d37-9c74-94d910553723,2000-09-19,0.108,0.108,0.0,0.108,m3/s,m3/s,aucune,FLAG_DUPLICATE_TIMESTEP | FLAG_GAP_TIME_SERIES | FLAG_TIMESTEP_IRREGULAR | QA_REQUIRED | SCIENTIFIC_NOTATION_CONVERTED | UNIT_ASSUMED,0.0,CONFLICT_VALUE_TO_REVIEW
raw_mesures_debit_jr,292072,295/10,7042849a-fb8a-4d37-9c74-94d910553723,2000-09-20,0.108,0.108,0.0,0.108,m3/s,m3/s,aucune,FLAG_DUPLICATE_TIMESTEP | FLAG_GAP_TIME_SERIES | FLAG_TIMESTEP_IRREGULAR | QA_REQUIRED | SCIENTIFIC_NOTATION_CONVERTED | UNIT_ASSUMED,0.0,CONFLICT_VALUE_TO_REVIEW
raw_mesures_debit_jr,292073,295/10,7042849a-fb8a-4d37-9c74-94d910553723,2000-09-21,0.108,0.108,0.0,0.108,m3/s,m3/s,aucune,FLAG_DUPLICATE_TIMESTEP | FLAG_GAP_TIME_SERIES | FLAG_TIMESTEP_IRREGULAR | QA_REQUIRED | SCIENTIFIC_NOTATION_CONVERTED | UNIT_ASSUMED,0.0,CONFLICT_VALUE_TO_REVIEW
raw_mesures_debit_jr,292074,295/10,7042849a-fb8a-4d37-9c74-94d910553723,2000-09-22,0.108,0.108,0.0,0.108,m3/s,m3/s,aucune,FLAG_DUPLICATE_TIMESTEP | FLAG_GAP_TIME_SERIES | FLAG_TIMESTEP_IRREGULAR | QA_REQUIRED | SCIENTIFIC_NOTATION_CONVERTED | UNIT_ASSUMED,0.0,CONFLICT_VALUE_TO_REVIEW
raw_mesures_debit_jr,292075,295/10,7042849a-fb8a-4d37-9c74-94d910553723,2000-09-23,0.108,0.108,0.0,0.108,m3/s,m3/s,aucune,FLAG_DUPLICATE_TIMESTEP | FLAG_GAP_TIME_SERIES | FLAG_TIMESTEP_IRREGULAR | QA_REQUIRED | SCIENTIFIC_NOTATION_CONVERTED | UNIT_ASSUMED,0.0,CONFLICT_VALUE_TO_REVIEW
raw_mesures_debit_jr,292076,295/10,7042849a-fb8a-4d37-9c74-94d910553723,2000-09-24,0.108,0.108,0.0,0.108,m3/s,m3/s,aucune,FLAG_DUPLICATE_TIMESTEP | FLAG_GAP_TIME_SERIES | FLAG_TIMESTEP_IRREGULAR | QA_REQUIRED | SCIENTIFIC_NOTATION_CONVERTED | UNIT_ASSUMED,0.0,CONFLICT_VALUE_TO_REVIEW
raw_mesures_debit_jr,292077,295/10,7042849a-fb8a-4d37-9c74-94d910553723,2000-09-25,0.108,0.108,0.0,0.108,m3/s,m3/s,aucune,FLAG_DUPLICATE_TIMESTEP | FLAG_GAP_TIME_SERIES | FLAG_TIMESTEP_IRREGULAR | QA_REQUIRED | SCIENTIFIC_NOTATION_CONVERTED | UNIT_ASSUMED,0.0,CONFLICT_VALUE_TO_REVIEW
raw_mesures_debit_jr,292078,295/10,7042849a-fb8a-4d37-9c74-94d910553723,2000-09-26,0.108,0.108,0.0,0.108,m3/s,m3/s,aucune,FLAG_DUPLICATE_TIMESTEP | FLAG_GAP_TIME_SERIES | FLAG_TIMESTEP_IRREGULAR | QA_REQUIRED | SCIENTIFIC_NOTATION_CONVERTED | UNIT_ASSUMED,0.0,CONFLICT_VALUE_TO_REVIEW
raw_mesures_debit_jr,292081,295/10,7042849a-fb8a-4d37-9c74-94d910553723,2000-09-29,0.108,0.108,0.0,0.108,m3/s,m3/s,aucune,FLAG_DUPLICATE_TIMESTEP | FLAG_GAP_TIME_SERIES | FLAG_TIMESTEP_IRREGULAR | QA_REQUIRED | SCIENTIFIC_NOTATION_CONVERTED | UNIT_ASSUMED,0.0,CONFLICT_VALUE_TO_REVIEW
raw_mesures_debit_jr,292082,295/10,7042849a-fb8a-4d37-9c74-94d910553723,2000-09-30,0.108,0.108,0.0,0.108,m3/s,m3/s,aucune,FLAG_DUPLICATE_TIMESTEP | FLAG_GAP_TIME_SERIES | FLAG_TIMESTEP_IRREGULAR | QA_REQUIRED | SCIENTIFIC_NOTATION_CONVERTED | UNIT_ASSUMED,0.0,CONFLICT_VALUE_TO_REVIEW
raw_mesures_debit_jr,292083,295/10,7042849a-fb8a-4d37-9c74-94d910553723,2000-10-01,0.108,0.108,0.0,0.108,m3/s,m3/s,aucune,FLAG_DUPLICATE_TIMESTEP | FLAG_GAP_TIME_SERIES | FLAG_TIMESTEP_IRREGULAR | QA_REQUIRED | SCIENTIFIC_NOTATION_CONVERTED | UNIT_ASSUMED,0.0,CONFLICT_VALUE_TO_REVIEW
raw_mesures_debit_jr,292084,295/10,7042849a-fb8a-4d37-9c74-94d910553723,2000-10-02,0.108,0.108,0.0,0.108,m3/s,m3/s,aucune,FLAG_DUPLICATE_TIMESTEP | FLAG_GAP_TIME_SERIES | FLAG_TIMESTEP_IRREGULAR | QA_REQUIRED | SCIENTIFIC_NOTATION_CONVERTED | UNIT_ASSUMED,0.0,CONFLICT_VALUE_TO_REVIEW
raw_mesures_debit_jr,292085,295/10,7042849a-fb8a-4d37-9c74-94d910553723,2000-10-03,0.108,0.108,0.0,0.108,m3/s,m3/s,aucune,FLAG_DUPLICATE_TIMESTEP | FLAG_GAP_TIME_SERIES | FLAG_TIMESTEP_IRREGULAR | QA_REQUIRED | SCIENTIFIC_NOTATION_CONVERTED | UNIT_ASSUMED,0.0,CONFLICT_VALUE_TO_REVIEW
raw_mesures_debit_jr,292086,295/10,7042849a-fb8a-4d37-9c74-94d910553723,2000-10-04,0.108,0.108,0.0,0.108,m3/s,m3/s,aucune,FLAG_DUPLICATE_TIMESTEP | FLAG_GAP_TIME_SERIES | FLAG_TIMESTEP_IRREGULAR | QA_REQUIRED | SCIENTIFIC_NOTATION_CONVERTED | UNIT_ASSUMED,0.0,CONFLICT_VALUE_TO_REVIEW
raw_mesures_debit_jr,292087,295/10,7042849a-fb8a-4d37-9c74-94d910553723,2000-10-05,0.108,0.108,0.0,0.108,m3/s,m3/s,aucune,FLAG_DUPLICATE_TIMESTEP | FLAG_GAP_TIME_SERIES | FLAG_TIMESTEP_IRREGULAR | QA_REQUIRED | SCIENTIFIC_NOTATION_CONVERTED | UNIT_ASSUMED,0.0,CONFLICT_VALUE_TO_REVIEW
raw_mesures_debit_jr,292088,295/10,7042849a-fb8a-4d37-9c74-94d910553723,2000-10-06,0.108,0.108,0.0,0.108,m3/s,m3/s,aucune,FLAG_DUPLICATE_TIMESTEP | FLAG_GAP_TIME_SERIES | FLAG_TIMESTEP_IRREGULAR | QA_REQUIRED | SCIENTIFIC_NOTATION_CONVERTED | UNIT_ASSUMED,0.0,CONFLICT_VALUE_TO_REVIEW
raw_mesures_debit_jr,292089,295/10,7042849a-fb8a-4d37-9c74-94d910553723,2000-10-07,0.108,0.108,0.0,0.108,m3/s,m3/s,aucune,FLAG_DUPLICATE_TIMESTEP | FLAG_GAP_TIME_SERIES | FLAG_TIMESTEP_IRREGULAR | QA_REQUIRED | SCIENTIFIC_NOTATION_CONVERTED | UNIT_ASSUMED,0.0,CONFLICT_VALUE_TO_REVIEW
raw_mesures_debit_jr,292090,295/10,7042849a-fb8a-4d37-9c74-94d910553723,2000-10-08,0.108,0.108,0.0,0.108,m3/s,m3/s,aucune,FLAG_DUPLICATE_TIMESTEP | FLAG_GAP_TIME_SERIES | FLAG_TIMESTEP_IRREGULAR | QA_REQUIRED | SCIENTIFIC_NOTATION_CONVERTED | UNIT_ASSUMED,0.0,CONFLICT_VALUE_TO_REVIEW
raw_mesures_debit_jr,292091,295/10,7042849a-fb8a-4d37-9c74-94d910553723,2000-10-09,0.108,0.108,0.0,0.108,m3/s,m3/s,aucune,FLAG_DUPLICATE_TIMESTEP | FLAG_GAP_TIME_SERIES | FLAG_TIMESTEP_IRREGULAR | QA_REQUIRED | SCIENTIFIC_NOTATION_CONVERTED | UNIT_ASSUMED,0.0,CONFLICT_VALUE_TO_REVIEW
raw_mesures_debit_jr,292092,295/10,7042849a-fb8a-4d37-9c74-94d910553723,2000-10-10,0.108,0.108,0.0,0.108,m3/s,m3/s,aucune,FLAG_DUPLICATE_TIMESTEP | FLAG_GAP_TIME_SERIES | FLAG_TIMESTEP_IRREGULAR | QA_REQUIRED | SCIENTIFIC_NOTATION_CONVERTED | UNIT_ASSUMED,0.0,CONFLICT_VALUE_TO_REVIEW
raw_mesures_debit_jr,292093,295/10,7042849a-fb8a-4d37-9c74-94d910553723,2000-10-11,0.108,0.108,0.0,0.108,m3/s,m3/s,aucune,FLAG_DUPLICATE_TIMESTEP | FLAG_GAP_TIME_SERIES | FLAG_TIMESTEP_IRREGULAR | QA_REQUIRED | SCIENTIFIC_NOTATION_CONVERTED | UNIT_ASSUMED,0.0,CONFLICT_VALUE_TO_REVIEW
raw_mesures_debit_jr,292094,295/10,7042849a-fb8a-4d37-9c74-94d910553723,2000-10-12,0.108,0.108,0.0,0.108,m3/s,m3/s,aucune,FLAG_DUPLICATE_TIMESTEP | FLAG_GAP_TIME_SERIES | FLAG_TIMESTEP_IRREGULAR | QA_REQUIRED | SCIENTIFIC_NOTATION_CONVERTED | UNIT_ASSUMED,0.0,CONFLICT_VALUE_TO_REVIEW
raw_mesures_debit_jr,292095,295/10,7042849a-fb8a-4d37-9c74-94d910553723,2000-10-13,0.108,0.108,0.0,0.108,m3/s,m3/s,aucune,FLAG_DUPLICATE_TIMESTEP | FLAG_GAP_TIME_SERIES | FLAG_TIMESTEP_IRREGULAR | QA_REQUIRED | SCIENTIFIC_NOTATION_CONVERTED | UNIT_ASSUMED,0.0,CONFLICT_VALUE_TO_REVIEW
raw_mesures_debit_jr,292096,295/10,7042849a-fb8a-4d37-9c74-94d910553723,2000-10-14,0.108,0.108,0.0,0.108,m3/s,m3/s,aucune,FLAG_DUPLICATE_TIMESTEP | FLAG_GAP_TIME_SERIES | FLAG_TIMESTEP_IRREGULAR | QA_REQUIRED | SCIENTIFIC_NOTATION_CONVERTED | UNIT_ASSUMED,0.0,CONFLICT_VALUE_TO_REVIEW
raw_mesures_debit_jr,292097,295/10,7042849a-fb8a-4d37-9c74-94d910553723,2000-10-15,0.108,0.108,0.0,0.108,m3/s,m3/s,aucune,FLAG_DUPLICATE_TIMESTEP | FLAG_GAP_TIME_SERIES | FLAG_TIMESTEP_IRREGULAR | QA_REQUIRED | SCIENTIFIC_NOTATION_CONVERTED | UNIT_ASSUMED,0.0,CONFLICT_VALUE_TO_REVIEW
raw_mesures_debit_jr,292098,295/10,7042849a-fb8a-4d37-9c74-94d910553723,2000-10-16,0.108,0.108,0.0,0.108,m3/s,m3/s,aucune,FLAG_DUPLICATE_TIMESTEP | FLAG_GAP_TIME_SERIES | FLAG_TIMESTEP_IRREGULAR | QA_REQUIRED | SCIENTIFIC_NOTATION_CONVERTED | UNIT_ASSUMED,0.0,CONFLICT_VALUE_TO_REVIEW
raw_mesures_debit_jr,292099,295/10,7042849a-fb8a-4d37-9c74-94d910553723,2000-10-17,0.108,0.108,0.0,0.108,m3/s,m3/s,aucune,FLAG_DUPLICATE_TIMESTEP | FLAG_GAP_TIME_SERIES | FLAG_TIMESTEP_IRREGULAR | QA_REQUIRED | SCIENTIFIC_NOTATION_CONVERTED | UNIT_ASSUMED,0.0,CONFLICT_VALUE_TO_REVIEW
raw_mesures_debit_jr,292100,295/10,7042849a-fb8a-4d37-9c74-94d910553723,2000-10-18,0.108,0.108,0.0,0.108,m3/s,m3/s,aucune,FLAG_DUPLICATE_TIMESTEP | FLAG_GAP_TIME_SERIES | FLAG_TIMESTEP_IRREGULAR | QA_REQUIRED | SCIENTIFIC_NOTATION_CONVERTED | UNIT_ASSUMED,0.0,CONFLICT_VALUE_TO_REVIEW
raw_mesures_debit_jr,292101,295/10,7042849a-fb8a-4d37-9c74-94d910553723,2000-10-19,0.108,0.108,0.0,0.108,m3/s,m3/s,aucune,FLAG_DUPLICATE_TIMESTEP | FLAG_GAP_TIME_SERIES | FLAG_TIMESTEP_IRREGULAR | QA_REQUIRED | SCIENTIFIC_NOTATION_CONVERTED | UNIT_ASSUMED,0.0,CONFLICT_VALUE_TO_REVIEW
raw_mesures_debit_jr,292102,295/10,7042849a-fb8a-4d37-9c74-94d910553723,2000-10-20,0.108,0.108,0.0,0.108,m3/s,m3/s,aucune,FLAG_DUPLICATE_TIMESTEP | FLAG_GAP_TIME_SERIES | FLAG_TIMESTEP_IRREGULAR | QA_REQUIRED | SCIENTIFIC_NOTATION_CONVERTED | UNIT_ASSUMED,0.0,CONFLICT_VALUE_TO_REVIEW
raw_mesures_debit_jr,292106,295/10,7042849a-fb8a-4d37-9c74-94d910553723,2000-10-24,0.108,0.108,0.0,0.108,m3/s,m3/s,aucune,FLAG_DUPLICATE_TIMESTEP | FLAG_GAP_TIME_SERIES | FLAG_TIMESTEP_IRREGULAR | QA_REQUIRED | SCIENTIFIC_NOTATION_CONVERTED | UNIT_ASSUMED,0.0,CONFLICT_VALUE_TO_REVIEW
raw_mesures_debit_jr,292107,295/10,7042849a-fb8a-4d37-9c74-94d910553723,2000-10-25,0.108,0.108,0.0,0.108,m3/s,m3/s,aucune,FLAG_DUPLICATE_TIMESTEP | FLAG_GAP_TIME_SERIES | FLAG_TIMESTEP_IRREGULAR | QA_REQUIRED | SCIENTIFIC_NOTATION_CONVERTED | UNIT_ASSUMED,0.0,CONFLICT_VALUE_TO_REVIEW
raw_mesures_debit_jr,292108,295/10,7042849a-fb8a-4d37-9c74-94d910553723,2000-10-26,0.108,0.108,0.0,0.108,m3/s,m3/s,aucune,FLAG_DUPLICATE_TIMESTEP | FLAG_GAP_TIME_SERIES | FLAG_TIMESTEP_IRREGULAR | QA_REQUIRED | SCIENTIFIC_NOTATION_CONVERTED | UNIT_ASSUMED,0.0,CONFLICT_VALUE_TO_REVIEW
raw_mesures_debit_jr,292109,295/10,7042849a-fb8a-4d37-9c74-94d910553723,2000-10-27,0.108,0.108,0.0,0.108,m3/s,m3/s,aucune,FLAG_DUPLICATE_TIMESTEP | FLAG_GAP_TIME_SERIES | FLAG_TIMESTEP_IRREGULAR | QA_REQUIRED | SCIENTIFIC_NOTATION_CONVERTED | UNIT_ASSUMED,0.0,CONFLICT_VALUE_TO_REVIEW
raw_mesures_debit_jr,292110,295/10,7042849a-fb8a-4d37-9c74-94d910553723,2000-10-28,0.108,0.108,0.0,0.108,m3/s,m3/s,aucune,FLAG_DUPLICATE_TIMESTEP | FLAG_GAP_TIME_SERIES | FLAG_TIMESTEP_IRREGULAR | QA_REQUIRED | SCIENTIFIC_NOTATION_CONVERTED | UNIT_ASSUMED,0.0,CONFLICT_VALUE_TO_REVIEW
raw_mesures_debit_jr,292111,295/10,7042849a-fb8a-4d37-9c74-94d910553723,2000-10-29,0.108,0.108,0.0,0.108,m3/s,m3/s,aucune,FLAG_DUPLICATE_TIMESTEP | FLAG_GAP_TIME_SERIES | FLAG_TIMESTEP_IRREGULAR | QA_REQUIRED | SCIENTIFIC_NOTATION_CONVERTED | UNIT_ASSUMED,0.0,CONFLICT_VALUE_TO_REVIEW
raw_mesures_debit_jr,292112,295/10,7042849a-fb8a-4d37-9c74-94d910553723,2000-10-30,0.108,0.108,0.0,0.108,m3/s,m3/s,aucune,FLAG_DUPLICATE_TIMESTEP | FLAG_GAP_TIME_SERIES | FLAG_TIMESTEP_IRREGULAR | QA_REQUIRED | SCIENTIFIC_NOTATION_CONVERTED | UNIT_ASSUMED,0.0,CONFLICT_VALUE_TO_REVIEW
raw_mesures_debit_jr,292113,295/10,7042849a-fb8a-4d37-9c74-94d910553723,2000-10-31,0.108,0.108,0.0,0.108,m3/s,m3/s,aucune,FLAG_DUPLICATE_TIMESTEP | FLAG_GAP_TIME_SERIES | FLAG_TIMESTEP_IRREGULAR | QA_REQUIRED | SCIENTIFIC_NOTATION_CONVERTED | UNIT_ASSUMED,0.0,CONFLICT_VALUE_TO_REVIEW
raw_mesures_debit_jr,292114,295/10,7042849a-fb8a-4d37-9c74-94d910553723,2000-11-01,0.108,0.108,0.0,0.108,m3/s,m3/s,aucune,FLAG_DUPLICATE_TIMESTEP | FLAG_GAP_TIME_SERIES | FLAG_TIMESTEP_IRREGULAR | QA_REQUIRED | SCIENTIFIC_NOTATION_CONVERTED | UNIT_ASSUMED,0.0,CONFLICT_VALUE_TO_REVIEW
raw_mesures_debit_jr,292115,295/10,7042849a-fb8a-4d37-9c74-94d910553723,2000-11-02,0.108,0.108,0.0,0.108,m3/s,m3/s,aucune,FLAG_DUPLICATE_TIMESTEP | FLAG_GAP_TIME_SERIES | FLAG_TIMESTEP_IRREGULAR | QA_REQUIRED | SCIENTIFIC_NOTATION_CONVERTED | UNIT_ASSUMED,0.0,CONFLICT_VALUE_TO_REVIEW
raw_mesures_debit_jr,292116,295/10,7042849a-fb8a-4d37-9c74-94d910553723,2000-11-03,0.108,0.108,0.0,0.108,m3/s,m3/s,aucune,FLAG_DUPLICATE_TIMESTEP | FLAG_GAP_TIME_SERIES | FLAG_TIMESTEP_IRREGULAR | QA_REQUIRED | SCIENTIFIC_NOTATION_CONVERTED | UNIT_ASSUMED,0.0,CONFLICT_VALUE_TO_REVIEW
raw_mesures_debit_jr,292117,295/10,7042849a-fb8a-4d37-9c74-94d910553723,2000-11-04,0.108,0.108,0.0,0.108,m3/s,m3/s,aucune,FLAG_DUPLICATE_TIMESTEP | FLAG_GAP_TIME_SERIES | FLAG_TIMESTEP_IRREGULAR | QA_REQUIRED | SCIENTIFIC_NOTATION_CONVERTED | UNIT_ASSUMED,0.0,CONFLICT_VALUE_TO_REVIEW
raw_mesures_debit_jr,292118,295/10,7042849a-fb8a-4d37-9c74-94d910553723,2000-11-05,0.108,0.108,0.0,0.108,m3/s,m3/s,aucune,FLAG_DUPLICATE_TIMESTEP | FLAG_GAP_TIME_SERIES | FLAG_TIMESTEP_IRREGULAR | QA_REQUIRED | SCIENTIFIC_NOTATION_CONVERTED | UNIT_ASSUMED,0.0,CONFLICT_VALUE_TO_REVIEW
raw_mesures_debit_jr,292119,295/10,7042849a-fb8a-4d37-9c74-94d910553723,2000-11-06,0.108,0.108,0.0,0.108,m3/s,m3/s,aucune,FLAG_DUPLICATE_TIMESTEP | FLAG_GAP_TIME_SERIES | FLAG_TIMESTEP_IRREGULAR | QA_REQUIRED | SCIENTIFIC_NOTATION_CONVERTED | UNIT_ASSUMED,0.0,CONFLICT_VALUE_TO_REVIEW
raw_mesures_debit_jr,292120,295/10,7042849a-fb8a-4d37-9c74-94d910553723,2000-11-07,0.108,0.108,0.0,0.108,m3/s,m3/s,aucune,FLAG_DUPLICATE_TIMESTEP | FLAG_GAP_TIME_SERIES | FLAG_TIMESTEP_IRREGULAR | QA_REQUIRED | SCIENTIFIC_NOTATION_CONVERTED | UNIT_ASSUMED,0.0,CONFLICT_VALUE_TO_REVIEW
raw_mesures_debit_jr,292121,295/10,7042849a-fb8a-4d37-9c74-94d910553723,2000-11-08,0.108,0.108,0.0,0.108,m3/s,m3/s,aucune,FLAG_DUPLICATE_TIMESTEP | FLAG_GAP_TIME_SERIES | FLAG_TIMESTEP_IRREGULAR | QA_REQUIRED | SCIENTIFIC_NOTATION_CONVERTED | UNIT_ASSUMED,0.0,CONFLICT_VALUE_TO_REVIEW
raw_mesures_debit_jr,292122,295/10,7042849a-fb8a-4d37-9c74-94d910553723,2000-11-09,0.108,0.108,0.0,0.108,m3/s,m3/s,aucune,FLAG_DUPLICATE_TIMESTEP | FLAG_GAP_TIME_SERIES | FLAG_TIMESTEP_IRREGULAR | QA_REQUIRED | SCIENTIFIC_NOTATION_CONVERTED | UNIT_ASSUMED,0.0,CONFLICT_VALUE_TO_REVIEW
raw_mesures_debit_jr,292123,295/10,7042849a-fb8a-4d37-9c74-94d910553723,2000-11-10,0.108,0.108,0.0,0.108,m3/s,m3/s,aucune,FLAG_DUPLICATE_TIMESTEP | FLAG_GAP_TIME_SERIES | FLAG_TIMESTEP_IRREGULAR | QA_REQUIRED | SCIENTIFIC_NOTATION_CONVERTED | UNIT_ASSUMED,0.0,CONFLICT_VALUE_TO_REVIEW
raw_mesures_debit_jr,292124,295/10,7042849a-fb8a-4d37-9c74-94d910553723,2000-11-11,0.108,0.108,0.0,0.108,m3/s,m3/s,aucune,FLAG_DUPLICATE_TIMESTEP | FLAG_GAP_TIME_SERIES | FLAG_TIMESTEP_IRREGULAR | QA_REQUIRED | SCIENTIFIC_NOTATION_CONVERTED | UNIT_ASSUMED,0.0,CONFLICT_VALUE_TO_REVIEW
raw_mesures_debit_jr,292125,295/10,7042849a-fb8a-4d37-9c74-94d910553723,2000-11-12,0.108,0.108,0.0,0.108,m3/s,m3/s,aucune,FLAG_DUPLICATE_TIMESTEP | FLAG_GAP_TIME_SERIES | FLAG_TIMESTEP_IRREGULAR | QA_REQUIRED | SCIENTIFIC_NOTATION_CONVERTED | UNIT_ASSUMED,0.0,CONFLICT_VALUE_TO_REVIEW
raw_mesures_debit_jr,292126,295/10,7042849a-fb8a-4d37-9c74-94d910553723,2000-11-13,0.108,0.108,0.0,0.108,m3/s,m3/s,aucune,FLAG_DUPLICATE_TIMESTEP | FLAG_GAP_TIME_SERIES | FLAG_TIMESTEP_IRREGULAR | QA_REQUIRED | SCIENTIFIC_NOTATION_CONVERTED | UNIT_ASSUMED,0.0,CONFLICT_VALUE_TO_REVIEW
raw_mesures_debit_jr,292127,295/10,7042849a-fb8a-4d37-9c74-94d910553723,2000-11-14,0.108,0.108,0.0,0.108,m3/s,m3/s,aucune,FLAG_DUPLICATE_TIMESTEP | FLAG_GAP_TIME_SERIES | FLAG_TIMESTEP_IRREGULAR | QA_REQUIRED | SCIENTIFIC_NOTATION_CONVERTED | UNIT_ASSUMED,0.0,CONFLICT_VALUE_TO_REVIEW
raw_mesures_debit_jr,292128,295/10,7042849a-fb8a-4d37-9c74-94d910553723,2000-11-15,0.108,0.108,0.0,0.108,m3/s,m3/s,aucune,FLAG_DUPLICATE_TIMESTEP | FLAG_GAP_TIME_SERIES | FLAG_TIMESTEP_IRREGULAR | QA_REQUIRED | SCIENTIFIC_NOTATION_CONVERTED | UNIT_ASSUMED,0.0,CONFLICT_VALUE_TO_REVIEW
raw_mesures_debit_jr,292129,295/10,7042849a-fb8a-4d37-9c74-94d910553723,2000-11-16,0.108,0.108,0.0,0.108,m3/s,m3/s,aucune,FLAG_DUPLICATE_TIMESTEP | FLAG_GAP_TIME_SERIES | FLAG_TIMESTEP_IRREGULAR | QA_REQUIRED | SCIENTIFIC_NOTATION_CONVERTED | UNIT_ASSUMED,0.0,CONFLICT_VALUE_TO_REVIEW
raw_mesures_debit_jr,292130,295/10,7042849a-fb8a-4d37-9c74-94d910553723,2000-11-17,0.108,0.108,0.0,0.108,m3/s,m3/s,aucune,FLAG_DUPLICATE_TIMESTEP | FLAG_GAP_TIME_SERIES | FLAG_TIMESTEP_IRREGULAR | QA_REQUIRED | SCIENTIFIC_NOTATION_CONVERTED | UNIT_ASSUMED,0.0,CONFLICT_VALUE_TO_REVIEW
raw_mesures_debit_jr,292131,295/10,7042849a-fb8a-4d37-9c74-94d910553723,2000-11-18,0.108,0.108,0.0,0.108,m3/s,m3/s,aucune,FLAG_DUPLICATE_TIMESTEP | FLAG_GAP_TIME_SERIES | FLAG_TIMESTEP_IRREGULAR | QA_REQUIRED | SCIENTIFIC_NOTATION_CONVERTED | UNIT_ASSUMED,0.0,CONFLICT_VALUE_TO_REVIEW
raw_mesures_debit_jr,292132,295/10,7042849a-fb8a-4d37-9c74-94d910553723,2000-11-19,0.108,0.108,0.0,0.108,m3/s,m3/s,aucune,FLAG_DUPLICATE_TIMESTEP | FLAG_GAP_TIME_SERIES | FLAG_TIMESTEP_IRREGULAR | QA_REQUIRED | SCIENTIFIC_NOTATION_CONVERTED | UNIT_ASSUMED,0.0,CONFLICT_VALUE_TO_REVIEW
raw_mesures_debit_jr,292133,295/10,7042849a-fb8a-4d37-9c74-94d910553723,2000-11-20,0.108,0.108,0.0,0.108,m3/s,m3/s,aucune,FLAG_DUPLICATE_TIMESTEP | FLAG_GAP_TIME_SERIES | FLAG_TIMESTEP_IRREGULAR | QA_REQUIRED | SCIENTIFIC_NOTATION_CONVERTED | UNIT_ASSUMED,0.0,CONFLICT_VALUE_TO_REVIEW
raw_mesures_debit_jr,292134,295/10,7042849a-fb8a-4d37-9c74-94d910553723,2000-11-21,0.108,0.108,0.0,0.108,m3/s,m3/s,aucune,FLAG_DUPLICATE_TIMESTEP | FLAG_GAP_TIME_SERIES | FLAG_TIMESTEP_IRREGULAR | QA_REQUIRED | SCIENTIFIC_NOTATION_CONVERTED | UNIT_ASSUMED,0.0,CONFLICT_VALUE_TO_REVIEW
raw_mesures_debit_jr,292135,295/10,7042849a-fb8a-4d37-9c74-94d910553723,2000-11-22,0.108,0.108,0.0,0.108,m3/s,m3/s,aucune,FLAG_DUPLICATE_TIMESTEP | FLAG_GAP_TIME_SERIES | FLAG_TIMESTEP_IRREGULAR | QA_REQUIRED | SCIENTIFIC_NOTATION_CONVERTED | UNIT_ASSUMED,0.0,CONFLICT_VALUE_TO_REVIEW
raw_mesures_debit_jr,292136,295/10,7042849a-fb8a-4d37-9c74-94d910553723,2000-11-23,0.108,0.108,0.0,0.108,m3/s,m3/s,aucune,FLAG_DUPLICATE_TIMESTEP | FLAG_GAP_TIME_SERIES | FLAG_TIMESTEP_IRREGULAR | QA_REQUIRED | SCIENTIFIC_NOTATION_CONVERTED | UNIT_ASSUMED,0.0,CONFLICT_VALUE_TO_REVIEW
raw_mesures_debit_jr,292137,295/10,7042849a-fb8a-4d37-9c74-94d910553723,2000-11-24,0.108,0.108,0.0,0.108,m3/s,m3/s,aucune,FLAG_DUPLICATE_TIMESTEP | FLAG_GAP_TIME_SERIES | FLAG_TIMESTEP_IRREGULAR | QA_REQUIRED | SCIENTIFIC_NOTATION_CONVERTED | UNIT_ASSUMED,0.0,CONFLICT_VALUE_TO_REVIEW
raw_mesures_debit_jr,292138,295/10,7042849a-fb8a-4d37-9c74-94d910553723,2000-11-25,0.108,0.108,0.0,0.108,m3/s,m3/s,aucune,FLAG_DUPLICATE_TIMESTEP | FLAG_GAP_TIME_SERIES | FLAG_TIMESTEP_IRREGULAR | QA_REQUIRED | SCIENTIFIC_NOTATION_CONVERTED | UNIT_ASSUMED,0.0,CONFLICT_VALUE_TO_REVIEW
raw_mesures_debit_jr,292139,295/10,7042849a-fb8a-4d37-9c74-94d910553723,2000-11-26,0.108,0.108,0.0,0.108,m3/s,m3/s,aucune,FLAG_DUPLICATE_TIMESTEP | FLAG_GAP_TIME_SERIES | FLAG_TIMESTEP_IRREGULAR | QA_REQUIRED | SCIENTIFIC_NOTATION_CONVERTED | UNIT_ASSUMED,0.0,CONFLICT_VALUE_TO_REVIEW
raw_mesures_debit_jr,292140,295/10,7042849a-fb8a-4d37-9c74-94d910553723,2000-11-27,0.108,0.108,0.0,0.108,m3/s,m3/s,aucune,FLAG_DUPLICATE_TIMESTEP | FLAG_GAP_TIME_SERIES | FLAG_TIMESTEP_IRREGULAR | QA_REQUIRED | SCIENTIFIC_NOTATION_CONVERTED | UNIT_ASSUMED,0.0,CONFLICT_VALUE_TO_REVIEW
raw_mesures_debit_jr,292141,295/10,7042849a-fb8a-4d37-9c74-94d910553723,2000-11-28,0.108,0.108,0.0,0.108,m3/s,m3/s,aucune,FLAG_DUPLICATE_TIMESTEP | FLAG_GAP_TIME_SERIES | FLAG_TIMESTEP_IRREGULAR | QA_REQUIRED | SCIENTIFIC_NOTATION_CONVERTED | UNIT_ASSUMED,0.0,CONFLICT_VALUE_TO_REVIEW
raw_mesures_debit_jr,292142,295/10,7042849a-fb8a-4d37-9c74-94d910553723,2000-11-29,0.108,0.108,0.0,0.108,m3/s,m3/s,aucune,FLAG_DUPLICATE_TIMESTEP | FLAG_GAP_TIME_SERIES | FLAG_TIMESTEP_IRREGULAR | QA_REQUIRED | SCIENTIFIC_NOTATION_CONVERTED | UNIT_ASSUMED,0.0,CONFLICT_VALUE_TO_REVIEW
raw_mesures_debit_jr,292143,295/10,7042849a-fb8a-4d37-9c74-94d910553723,2000-11-30,0.108,0.108,0.0,0.108,m3/s,m3/s,aucune,FLAG_DUPLICATE_TIMESTEP | FLAG_GAP_TIME_SERIES | FLAG_TIMESTEP_IRREGULAR | QA_REQUIRED | SCIENTIFIC_NOTATION_CONVERTED | UNIT_ASSUMED,0.0,CONFLICT_VALUE_TO_REVIEW
raw_mesures_debit_jr,292144,295/10,7042849a-fb8a-4d37-9c74-94d910553723,2000-12-01,0.108,0.108,0.0,0.108,m3/s,m3/s,aucune,FLAG_DUPLICATE_TIMESTEP | FLAG_GAP_TIME_SERIES | FLAG_TIMESTEP_IRREGULAR | QA_REQUIRED | SCIENTIFIC_NOTATION_CONVERTED | UNIT_ASSUMED,0.0,CONFLICT_VALUE_TO_REVIEW
raw_mesures_debit_jr,292145,295/10,7042849a-fb8a-4d37-9c74-94d910553723,2000-12-02,0.108,0.108,0.0,0.108,m3/s,m3/s,aucune,FLAG_DUPLICATE_TIMESTEP | FLAG_GAP_TIME_SERIES | FLAG_TIMESTEP_IRREGULAR | QA_REQUIRED | SCIENTIFIC_NOTATION_CONVERTED | UNIT_ASSUMED,0.0,CONFLICT_VALUE_TO_REVIEW
raw_mesures_debit_jr,292146,295/10,7042849a-fb8a-4d37-9c74-94d910553723,2000-12-03,0.108,0.108,0.0,0.108,m3/s,m3/s,aucune,FLAG_DUPLICATE_TIMESTEP | FLAG_GAP_TIME_SERIES | FLAG_TIMESTEP_IRREGULAR | QA_REQUIRED | SCIENTIFIC_NOTATION_CONVERTED | UNIT_ASSUMED,0.0,CONFLICT_VALUE_TO_REVIEW
raw_mesures_debit_jr,292147,295/10,7042849a-fb8a-4d37-9c74-94d910553723,2000-12-04,0.108,0.108,0.0,0.108,m3/s,m3/s,aucune,FLAG_DUPLICATE_TIMESTEP | FLAG_GAP_TIME_SERIES | FLAG_TIMESTEP_IRREGULAR | QA_REQUIRED | SCIENTIFIC_NOTATION_CONVERTED | UNIT_ASSUMED,0.0,CONFLICT_VALUE_TO_REVIEW
raw_mesures_debit_jr,292148,295/10,7042849a-fb8a-4d37-9c74-94d910553723,2000-12-05,0.108,0.108,0.0,0.108,m3/s,m3/s,aucune,FLAG_DUPLICATE_TIMESTEP | FLAG_GAP_TIME_SERIES | FLAG_TIMESTEP_IRREGULAR | QA_REQUIRED | SCIENTIFIC_NOTATION_CONVERTED | UNIT_ASSUMED,0.0,CONFLICT_VALUE_TO_REVIEW
raw_mesures_debit_jr,292149,295/10,7042849a-fb8a-4d37-9c74-94d910553723,2000-12-06,0.108,0.108,0.0,0.108,m3/s,m3/s,aucune,FLAG_DUPLICATE_TIMESTEP | FLAG_GAP_TIME_SERIES | FLAG_TIMESTEP_IRREGULAR | QA_REQUIRED | SCIENTIFIC_NOTATION_CONVERTED | UNIT_ASSUMED,0.0,CONFLICT_VALUE_TO_REVIEW
raw_mesures_debit_jr,292150,295/10,7042849a-fb8a-4d37-9c74-94d910553723,2000-12-07,0.108,0.108,0.0,0.108,m3/s,m3/s,aucune,FLAG_DUPLICATE_TIMESTEP | FLAG_GAP_TIME_SERIES | FLAG_TIMESTEP_IRREGULAR | QA_REQUIRED | SCIENTIFIC_NOTATION_CONVERTED | UNIT_ASSUMED,0.0,CONFLICT_VALUE_TO_REVIEW
raw_mesures_debit_jr,292151,295/10,7042849a-fb8a-4d37-9c74-94d910553723,2000-12-08,0.108,0.108,0.0,0.108,m3/s,m3/s,aucune,FLAG_DUPLICATE_TIMESTEP | FLAG_GAP_TIME_SERIES | FLAG_TIMESTEP_IRREGULAR | QA_REQUIRED | SCIENTIFIC_NOTATION_CONVERTED | UNIT_ASSUMED,0.0,CONFLICT_VALUE_TO_REVIEW
raw_mesures_debit_jr,292152,295/10,7042849a-fb8a-4d37-9c74-94d910553723,2000-12-09,0.108,0.108,0.0,0.108,m3/s,m3/s,aucune,FLAG_DUPLICATE_TIMESTEP | FLAG_GAP_TIME_SERIES | FLAG_TIMESTEP_IRREGULAR | QA_REQUIRED | SCIENTIFIC_NOTATION_CONVERTED | UNIT_ASSUMED,0.0,CONFLICT_VALUE_TO_REVIEW
raw_mesures_debit_jr,292153,295/10,7042849a-fb8a-4d37-9c74-94d910553723,2000-12-10,0.108,0.108,0.0,0.108,m3/s,m3/s,aucune,FLAG_DUPLICATE_TIMESTEP | FLAG_GAP_TIME_SERIES | FLAG_TIMESTEP_IRREGULAR | QA_REQUIRED | SCIENTIFIC_NOTATION_CONVERTED | UNIT_ASSUMED,0.0,CONFLICT_VALUE_TO_REVIEW
raw_mesures_debit_jr,292154,295/10,7042849a-fb8a-4d37-9c74-94d910553723,2000-12-11,0.108,0.108,0.0,0.108,m3/s,m3/s,aucune,FLAG_DUPLICATE_TIMESTEP | FLAG_GAP_TIME_SERIES | FLAG_TIMESTEP_IRREGULAR | QA_REQUIRED | SCIENTIFIC_NOTATION_CONVERTED | UNIT_ASSUMED,0.0,CONFLICT_VALUE_TO_REVIEW
raw_mesures_debit_jr,292155,295/10,7042849a-fb8a-4d37-9c74-94d910553723,2000-12-12,0.108,0.108,0.0,0.108,m3/s,m3/s,aucune,FLAG_DUPLICATE_TIMESTEP | FLAG_GAP_TIME_SERIES | FLAG_TIMESTEP_IRREGULAR | QA_REQUIRED | SCIENTIFIC_NOTATION_CONVERTED | UNIT_ASSUMED,0.0,CONFLICT_VALUE_TO_REVIEW
raw_mesures_debit_jr,292156,295/10,7042849a-fb8a-4d37-9c74-94d910553723,2000-12-13,0.108,0.108,0.0,0.108,m3/s,m3/s,aucune,FLAG_DUPLICATE_TIMESTEP | FLAG_GAP_TIME_SERIES | FLAG_TIMESTEP_IRREGULAR | QA_REQUIRED | SCIENTIFIC_NOTATION_CONVERTED | UNIT_ASSUMED,0.0,CONFLICT_VALUE_TO_REVIEW
raw_mesures_debit_jr,292157,295/10,7042849a-fb8a-4d37-9c74-94d910553723,2000-12-14,0.108,0.108,0.0,0.108,m3/s,m3/s,aucune,FLAG_DUPLICATE_TIMESTEP | FLAG_GAP_TIME_SERIES | FLAG_TIMESTEP_IRREGULAR | QA_REQUIRED | SCIENTIFIC_NOTATION_CONVERTED | UNIT_ASSUMED,0.0,CONFLICT_VALUE_TO_REVIEW
raw_mesures_debit_jr,292158,295/10,7042849a-fb8a-4d37-9c74-94d910553723,2000-12-15,0.108,0.108,0.0,0.108,m3/s,m3/s,aucune,FLAG_DUPLICATE_TIMESTEP | FLAG_GAP_TIME_SERIES | FLAG_TIMESTEP_IRREGULAR | QA_REQUIRED | SCIENTIFIC_NOTATION_CONVERTED | UNIT_ASSUMED,0.0,CONFLICT_VALUE_TO_REVIEW
raw_mesures_debit_jr,292159,295/10,7042849a-fb8a-4d37-9c74-94d910553723,2000-12-16,0.108,0.108,0.0,0.108,m3/s,m3/s,aucune,FLAG_DUPLICATE_TIMESTEP | FLAG_GAP_TIME_SERIES | FLAG_TIMESTEP_IRREGULAR | QA_REQUIRED | SCIENTIFIC_NOTATION_CONVERTED | UNIT_ASSUMED,0.0,CONFLICT_VALUE_TO_REVIEW
raw_mesures_debit_jr,292160,295/10,7042849a-fb8a-4d37-9c74-94d910553723,2000-12-17,0.108,0.108,0.0,0.108,m3/s,m3/s,aucune,FLAG_DUPLICATE_TIMESTEP | FLAG_GAP_TIME_SERIES | FLAG_TIMESTEP_IRREGULAR | QA_REQUIRED | SCIENTIFIC_NOTATION_CONVERTED | UNIT_ASSUMED,0.0,CONFLICT_VALUE_TO_REVIEW
raw_mesures_debit_jr,292161,295/10,7042849a-fb8a-4d37-9c74-94d910553723,2000-12-18,0.108,0.108,0.0,0.108,m3/s,m3/s,aucune,FLAG_DUPLICATE_TIMESTEP | FLAG_GAP_TIME_SERIES | FLAG_TIMESTEP_IRREGULAR | QA_REQUIRED | SCIENTIFIC_NOTATION_CONVERTED | UNIT_ASSUMED,0.0,CONFLICT_VALUE_TO_REVIEW
raw_mesures_debit_jr,292162,295/10,7042849a-fb8a-4d37-9c74-94d910553723,2000-12-19,0.108,0.108,0.0,0.108,m3/s,m3/s,aucune,FLAG_DUPLICATE_TIMESTEP | FLAG_GAP_TIME_SERIES | FLAG_TIMESTEP_IRREGULAR | QA_REQUIRED | SCIENTIFIC_NOTATION_CONVERTED | UNIT_ASSUMED,0.0,CONFLICT_VALUE_TO_REVIEW
raw_mesures_debit_jr,292163,295/10,7042849a-fb8a-4d37-9c74-94d910553723,2000-12-20,0.108,0.108,0.0,0.108,m3/s,m3/s,aucune,FLAG_DUPLICATE_TIMESTEP | FLAG_GAP_TIME_SERIES | FLAG_TIMESTEP_IRREGULAR | QA_REQUIRED | SCIENTIFIC_NOTATION_CONVERTED | UNIT_ASSUMED,0.0,CONFLICT_VALUE_TO_REVIEW
raw_mesures_debit_jr,292164,295/10,7042849a-fb8a-4d37-9c74-94d910553723,2000-12-21,0.108,0.108,0.0,0.108,m3/s,m3/s,aucune,FLAG_DUPLICATE_TIMESTEP | FLAG_GAP_TIME_SERIES | FLAG_TIMESTEP_IRREGULAR | QA_REQUIRED | SCIENTIFIC_NOTATION_CONVERTED | UNIT_ASSUMED,0.0,CONFLICT_VALUE_TO_REVIEW
raw_mesures_debit_jr,292165,295/10,7042849a-fb8a-4d37-9c74-94d910553723,2000-12-22,0.108,0.108,0.0,0.108,m3/s,m3/s,aucune,FLAG_DUPLICATE_TIMESTEP | FLAG_GAP_TIME_SERIES | FLAG_TIMESTEP_IRREGULAR | QA_REQUIRED | SCIENTIFIC_NOTATION_CONVERTED | UNIT_ASSUMED,0.0,CONFLICT_VALUE_TO_REVIEW
raw_mesures_debit_jr,292166,295/10,7042849a-fb8a-4d37-9c74-94d910553723,2000-12-23,0.108,0.108,0.0,0.108,m3/s,m3/s,aucune,FLAG_DUPLICATE_TIMESTEP | FLAG_GAP_TIME_SERIES | FLAG_TIMESTEP_IRREGULAR | QA_REQUIRED | SCIENTIFIC_NOTATION_CONVERTED | UNIT_ASSUMED,0.0,CONFLICT_VALUE_TO_REVIEW
raw_mesures_debit_jr,292824,295/10,7042849a-fb8a-4d37-9c74-94d910553723,2002-10-12,0.108,0.108,0.0,0.108,m3/s,m3/s,aucune,FLAG_DUPLICATE_TIMESTEP | FLAG_GAP_TIME_SERIES | FLAG_TIMESTEP_IRREGULAR | QA_REQUIRED | SCIENTIFIC_NOTATION_CONVERTED | UNIT_ASSUMED,0.0,CONFLICT_VALUE_TO_REVIEW
raw_mesures_debit_jr,292825,295/10,7042849a-fb8a-4d37-9c74-94d910553723,2002-10-13,0.108,0.108,0.0,0.108,m3/s,m3/s,aucune,FLAG_DUPLICATE_TIMESTEP | FLAG_GAP_TIME_SERIES | FLAG_TIMESTEP_IRREGULAR | QA_REQUIRED | SCIENTIFIC_NOTATION_CONVERTED | UNIT_ASSUMED,0.0,CONFLICT_VALUE_TO_REVIEW
raw_mesures_debit_jr,292826,295/10,7042849a-fb8a-4d37-9c74-94d910553723,2002-10-14,0.108,0.108,0.0,0.108,m3/s,m3/s,aucune,FLAG_DUPLICATE_TIMESTEP | FLAG_GAP_TIME_SERIES | FLAG_TIMESTEP_IRREGULAR | QA_REQUIRED | SCIENTIFIC_NOTATION_CONVERTED | UNIT_ASSUMED,0.0,CONFLICT_VALUE_TO_REVIEW
raw_mesures_debit_jr,292827,295/10,7042849a-fb8a-4d37-9c74-94d910553723,2002-10-15,0.108,0.108,0.0,0.108,m3/s,m3/s,aucune,FLAG_DUPLICATE_TIMESTEP | FLAG_GAP_TIME_SERIES | FLAG_TIMESTEP_IRREGULAR | QA_REQUIRED | SCIENTIFIC_NOTATION_CONVERTED | UNIT_ASSUMED,0.0,CONFLICT_VALUE_TO_REVIEW
raw_mesures_debit_jr,292828,295/10,7042849a-fb8a-4d37-9c74-94d910553723,2002-10-16,0.108,0.108,0.0,0.108,m3/s,m3/s,aucune,FLAG_DUPLICATE_TIMESTEP | FLAG_GAP_TIME_SERIES | FLAG_TIMESTEP_IRREGULAR | QA_REQUIRED | SCIENTIFIC_NOTATION_CONVERTED | UNIT_ASSUMED,0.0,CONFLICT_VALUE_TO_REVIEW
raw_mesures_debit_jr,292829,295/10,7042849a-fb8a-4d37-9c74-94d910553723,2002-10-17,0.108,0.108,0.0,0.108,m3/s,m3/s,aucune,FLAG_DUPLICATE_TIMESTEP | FLAG_GAP_TIME_SERIES | FLAG_TIMESTEP_IRREGULAR | QA_REQUIRED | SCIENTIFIC_NOTATION_CONVERTED | UNIT_ASSUMED,0.0,CONFLICT_VALUE_TO_REVIEW
raw_mesures_debit_jr,292830,295/10,7042849a-fb8a-4d37-9c74-94d910553723,2002-10-18,0.108,0.108,0.0,0.108,m3/s,m3/s,aucune,FLAG_DUPLICATE_TIMESTEP | FLAG_GAP_TIME_SERIES | FLAG_TIMESTEP_IRREGULAR | QA_REQUIRED | SCIENTIFIC_NOTATION_CONVERTED | UNIT_ASSUMED,0.0,CONFLICT_VALUE_TO_REVIEW
raw_mesures_debit_jr,292831,295/10,7042849a-fb8a-4d37-9c74-94d910553723,2002-10-19,0.108,0.108,0.0,0.108,m3/s,m3/s,aucune,FLAG_DUPLICATE_TIMESTEP | FLAG_GAP_TIME_SERIES | FLAG_TIMESTEP_IRREGULAR | QA_REQUIRED | SCIENTIFIC_NOTATION_CONVERTED | UNIT_ASSUMED,0.0,CONFLICT_VALUE_TO_REVIEW
raw_mesures_debit_jr,292832,295/10,7042849a-fb8a-4d37-9c74-94d910553723,2002-10-20,0.108,0.108,0.0,0.108,m3/s,m3/s,aucune,FLAG_DUPLICATE_TIMESTEP | FLAG_GAP_TIME_SERIES | FLAG_TIMESTEP_IRREGULAR | QA_REQUIRED | SCIENTIFIC_NOTATION_CONVERTED | UNIT_ASSUMED,0.0,CONFLICT_VALUE_TO_REVIEW
raw_mesures_debit_jr,292833,295/10,7042849a-fb8a-4d37-9c74-94d910553723,2002-10-21,0.108,0.108,0.0,0.108,m3/s,m3/s,aucune,FLAG_DUPLICATE_TIMESTEP | FLAG_GAP_TIME_SERIES | FLAG_TIMESTEP_IRREGULAR | QA_REQUIRED | SCIENTIFIC_NOTATION_CONVERTED | UNIT_ASSUMED,0.0,CONFLICT_VALUE_TO_REVIEW
raw_mesures_debit_jr,292834,295/10,7042849a-fb8a-4d37-9c74-94d910553723,2002-10-22,0.108,0.108,0.0,0.108,m3/s,m3/s,aucune,FLAG_DUPLICATE_TIMESTEP | FLAG_GAP_TIME_SERIES | FLAG_TIMESTEP_IRREGULAR | QA_REQUIRED | SCIENTIFIC_NOTATION_CONVERTED | UNIT_ASSUMED,0.0,CONFLICT_VALUE_TO_REVIEW
raw_mesures_debit_jr,292835,295/10,7042849a-fb8a-4d37-9c74-94d910553723,2002-10-23,0.108,0.108,0.0,0.108,m3/s,m3/s,aucune,FLAG_DUPLICATE_TIMESTEP | FLAG_GAP_TIME_SERIES | FLAG_TIMESTEP_IRREGULAR | QA_REQUIRED | SCIENTIFIC_NOTATION_CONVERTED | UNIT_ASSUMED,0.0,CONFLICT_VALUE_TO_REVIEW
raw_mesures_debit_jr,292836,295/10,7042849a-fb8a-4d37-9c74-94d910553723,2002-10-24,0.108,0.108,0.0,0.108,m3/s,m3/s,aucune,FLAG_DUPLICATE_TIMESTEP | FLAG_GAP_TIME_SERIES | FLAG_TIMESTEP_IRREGULAR | QA_REQUIRED | SCIENTIFIC_NOTATION_CONVERTED | UNIT_ASSUMED,0.0,CONFLICT_VALUE_TO_REVIEW
raw_mesures_debit_jr,292837,295/10,7042849a-fb8a-4d37-9c74-94d910553723,2002-10-25,0.108,0.108,0.0,0.108,m3/s,m3/s,aucune,FLAG_DUPLICATE_TIMESTEP | FLAG_GAP_TIME_SERIES | FLAG_TIMESTEP_IRREGULAR | QA_REQUIRED | SCIENTIFIC_NOTATION_CONVERTED | UNIT_ASSUMED,0.0,CONFLICT_VALUE_TO_REVIEW
raw_mesures_debit_jr,292838,295/10,7042849a-fb8a-4d37-9c74-94d910553723,2002-10-26,0.108,0.108,0.0,0.108,m3/s,m3/s,aucune,FLAG_DUPLICATE_TIMESTEP | FLAG_GAP_TIME_SERIES | FLAG_TIMESTEP_IRREGULAR | QA_REQUIRED | SCIENTIFIC_NOTATION_CONVERTED | UNIT_ASSUMED,0.0,CONFLICT_VALUE_TO_REVIEW
raw_mesures_debit_jr,292839,295/10,7042849a-fb8a-4d37-9c74-94d910553723,2002-10-27,0.108,0.108,0.0,0.108,m3/s,m3/s,aucune,FLAG_DUPLICATE_TIMESTEP | FLAG_GAP_TIME_SERIES | FLAG_TIMESTEP_IRREGULAR | QA_REQUIRED | SCIENTIFIC_NOTATION_CONVERTED | UNIT_ASSUMED,0.0,CONFLICT_VALUE_TO_REVIEW
raw_mesures_debit_jr,292840,295/10,7042849a-fb8a-4d37-9c74-94d910553723,2002-10-28,0.108,0.108,0.0,0.108,m3/s,m3/s,aucune,FLAG_DUPLICATE_TIMESTEP | FLAG_GAP_TIME_SERIES | FLAG_TIMESTEP_IRREGULAR | QA_REQUIRED | SCIENTIFIC_NOTATION_CONVERTED | UNIT_ASSUMED,0.0,CONFLICT_VALUE_TO_REVIEW
raw_mesures_debit_jr,292841,295/10,7042849a-fb8a-4d37-9c74-94d910553723,2002-10-29,0.108,0.108,0.0,0.108,m3/s,m3/s,aucune,FLAG_DUPLICATE_TIMESTEP | FLAG_GAP_TIME_SERIES | FLAG_TIMESTEP_IRREGULAR | QA_REQUIRED | SCIENTIFIC_NOTATION_CONVERTED | UNIT_ASSUMED,0.0,CONFLICT_VALUE_TO_REVIEW
raw_mesures_debit_jr,292842,295/10,7042849a-fb8a-4d37-9c74-94d910553723,2002-10-30,0.108,0.108,0.0,0.108,m3/s,m3/s,aucune,FLAG_DUPLICATE_TIMESTEP | FLAG_GAP_TIME_SERIES | FLAG_TIMESTEP_IRREGULAR | QA_REQUIRED | SCIENTIFIC_NOTATION_CONVERTED | UNIT_ASSUMED,0.0,CONFLICT_VALUE_TO_REVIEW
raw_mesures_debit_jr,292843,295/10,7042849a-fb8a-4d37-9c74-94d910553723,2002-10-31,0.108,0.108,0.0,0.108,m3/s,m3/s,aucune,FLAG_DUPLICATE_TIMESTEP | FLAG_GAP_TIME_SERIES | FLAG_TIMESTEP_IRREGULAR | QA_REQUIRED | SCIENTIFIC_NOTATION_CONVERTED | UNIT_ASSUMED,0.0,CONFLICT_VALUE_TO_REVIEW
raw_mesures_debit_jr,292844,295/10,7042849a-fb8a-4d37-9c74-94d910553723,2002-11-01,0.108,0.108,0.0,0.108,m3/s,m3/s,aucune,FLAG_DUPLICATE_TIMESTEP | FLAG_GAP_TIME_SERIES | FLAG_TIMESTEP_IRREGULAR | QA_REQUIRED | SCIENTIFIC_NOTATION_CONVERTED | UNIT_ASSUMED,0.0,CONFLICT_VALUE_TO_REVIEW
raw_mesures_debit_jr,292845,295/10,7042849a-fb8a-4d37-9c74-94d910553723,2002-11-02,0.108,0.108,0.0,0.108,m3/s,m3/s,aucune,FLAG_DUPLICATE_TIMESTEP | FLAG_GAP_TIME_SERIES | FLAG_TIMESTEP_IRREGULAR | QA_REQUIRED | SCIENTIFIC_NOTATION_CONVERTED | UNIT_ASSUMED,0.0,CONFLICT_VALUE_TO_REVIEW
raw_mesures_debit_jr,292846,295/10,7042849a-fb8a-4d37-9c74-94d910553723,2002-11-03,0.108,0.108,0.0,0.108,m3/s,m3/s,aucune,FLAG_DUPLICATE_TIMESTEP | FLAG_GAP_TIME_SERIES | FLAG_TIMESTEP_IRREGULAR | QA_REQUIRED | SCIENTIFIC_NOTATION_CONVERTED | UNIT_ASSUMED,0.0,CONFLICT_VALUE_TO_REVIEW
raw_mesures_debit_jr,292847,295/10,7042849a-fb8a-4d37-9c74-94d910553723,2002-11-04,0.108,0.108,0.0,0.108,m3/s,m3/s,aucune,FLAG_DUPLICATE_TIMESTEP | FLAG_GAP_TIME_SERIES | FLAG_TIMESTEP_IRREGULAR | QA_REQUIRED | SCIENTIFIC_NOTATION_CONVERTED | UNIT_ASSUMED,0.0,CONFLICT_VALUE_TO_REVIEW
raw_mesures_debit_jr,292848,295/10,7042849a-fb8a-4d37-9c74-94d910553723,2002-11-05,0.108,0.108,0.0,0.108,m3/s,m3/s,aucune,FLAG_DUPLICATE_TIMESTEP | FLAG_GAP_TIME_SERIES | FLAG_TIMESTEP_IRREGULAR | QA_REQUIRED | SCIENTIFIC_NOTATION_CONVERTED | UNIT_ASSUMED,0.0,CONFLICT_VALUE_TO_REVIEW
raw_mesures_debit_jr,292849,295/10,7042849a-fb8a-4d37-9c74-94d910553723,2002-11-06,0.108,0.108,0.0,0.108,m3/s,m3/s,aucune,FLAG_DUPLICATE_TIMESTEP | FLAG_GAP_TIME_SERIES | FLAG_TIMESTEP_IRREGULAR | QA_REQUIRED | SCIENTIFIC_NOTATION_CONVERTED | UNIT_ASSUMED,0.0,CONFLICT_VALUE_TO_REVIEW
raw_mesures_debit_jr,292850,295/10,7042849a-fb8a-4d37-9c74-94d910553723,2002-11-07,0.108,0.108,0.0,0.108,m3/s,m3/s,aucune,FLAG_DUPLICATE_TIMESTEP | FLAG_GAP_TIME_SERIES | FLAG_TIMESTEP_IRREGULAR | QA_REQUIRED | SCIENTIFIC_NOTATION_CONVERTED | UNIT_ASSUMED,0.0,CONFLICT_VALUE_TO_REVIEW
raw_mesures_debit_jr,292851,295/10,7042849a-fb8a-4d37-9c74-94d910553723,2002-11-08,0.108,0.108,0.0,0.108,m3/s,m3/s,aucune,FLAG_DUPLICATE_TIMESTEP | FLAG_GAP_TIME_SERIES | FLAG_TIMESTEP_IRREGULAR | QA_REQUIRED | SCIENTIFIC_NOTATION_CONVERTED | UNIT_ASSUMED,0.0,CONFLICT_VALUE_TO_REVIEW
raw_mesures_debit_jr,292852,295/10,7042849a-fb8a-4d37-9c74-94d910553723,2002-11-09,0.108,0.108,0.0,0.108,m3/s,m3/s,aucune,FLAG_DUPLICATE_TIMESTEP | FLAG_GAP_TIME_SERIES | FLAG_TIMESTEP_IRREGULAR | QA_REQUIRED | SCIENTIFIC_NOTATION_CONVERTED | UNIT_ASSUMED,0.0,CONFLICT_VALUE_TO_REVIEW
raw_mesures_debit_jr,292853,295/10,7042849a-fb8a-4d37-9c74-94d910553723,2002-11-10,0.108,0.108,0.0,0.108,m3/s,m3/s,aucune,FLAG_DUPLICATE_TIMESTEP | FLAG_GAP_TIME_SERIES | FLAG_TIMESTEP_IRREGULAR | QA_REQUIRED | SCIENTIFIC_NOTATION_CONVERTED | UNIT_ASSUMED,0.0,CONFLICT_VALUE_TO_REVIEW
raw_mesures_debit_jr,292854,295/10,7042849a-fb8a-4d37-9c74-94d910553723,2002-11-11,0.108,0.108,0.0,0.108,m3/s,m3/s,aucune,FLAG_DUPLICATE_TIMESTEP | FLAG_GAP_TIME_SERIES | FLAG_TIMESTEP_IRREGULAR | QA_REQUIRED | SCIENTIFIC_NOTATION_CONVERTED | UNIT_ASSUMED,0.0,CONFLICT_VALUE_TO_REVIEW
raw_mesures_debit_jr,292855,295/10,7042849a-fb8a-4d37-9c74-94d910553723,2002-11-12,0.108,0.108,0.0,0.108,m3/s,m3/s,aucune,FLAG_DUPLICATE_TIMESTEP | FLAG_GAP_TIME_SERIES | FLAG_TIMESTEP_IRREGULAR | QA_REQUIRED | SCIENTIFIC_NOTATION_CONVERTED | UNIT_ASSUMED,0.0,CONFLICT_VALUE_TO_REVIEW
raw_mesures_debit_jr,292856,295/10,7042849a-fb8a-4d37-9c74-94d910553723,2002-11-13,0.108,0.108,0.0,0.108,m3/s,m3/s,aucune,FLAG_DUPLICATE_TIMESTEP | FLAG_GAP_TIME_SERIES | FLAG_TIMESTEP_IRREGULAR | QA_REQUIRED | SCIENTIFIC_NOTATION_CONVERTED | UNIT_ASSUMED,0.0,CONFLICT_VALUE_TO_REVIEW
raw_mesures_debit_jr,292937,295/10,7042849a-fb8a-4d37-9c74-94d910553723,2003-02-02,0.108,0.108,0.0,0.108,m3/s,m3/s,aucune,FLAG_DUPLICATE_TIMESTEP | FLAG_GAP_TIME_SERIES | FLAG_TIMESTEP_IRREGULAR | QA_REQUIRED | SCIENTIFIC_NOTATION_CONVERTED | UNIT_ASSUMED,0.0,CONFLICT_VALUE_TO_REVIEW
raw_mesures_debit_jr,292938,295/10,7042849a-fb8a-4d37-9c74-94d910553723,2003-02-03,0.108,0.108,0.0,0.108,m3/s,m3/s,aucune,FLAG_DUPLICATE_TIMESTEP | FLAG_GAP_TIME_SERIES | FLAG_TIMESTEP_IRREGULAR | QA_REQUIRED | SCIENTIFIC_NOTATION_CONVERTED | UNIT_ASSUMED,0.0,CONFLICT_VALUE_TO_REVIEW
raw_mesures_debit_jr,292939,295/10,7042849a-fb8a-4d37-9c74-94d910553723,2003-02-04,0.108,0.108,0.0,0.108,m3/s,m3/s,aucune,FLAG_DUPLICATE_TIMESTEP | FLAG_GAP_TIME_SERIES | FLAG_TIMESTEP_IRREGULAR | QA_REQUIRED | SCIENTIFIC_NOTATION_CONVERTED | UNIT_ASSUMED,0.0,CONFLICT_VALUE_TO_REVIEW
raw_mesures_debit_jr,292940,295/10,7042849a-fb8a-4d37-9c74-94d910553723,2003-02-05,0.108,0.108,0.0,0.108,m3/s,m3/s,aucune,FLAG_DUPLICATE_TIMESTEP | FLAG_GAP_TIME_SERIES | FLAG_TIMESTEP_IRREGULAR | QA_REQUIRED | SCIENTIFIC_NOTATION_CONVERTED | UNIT_ASSUMED,0.0,CONFLICT_VALUE_TO_REVIEW
raw_mesures_debit_jr,292941,295/10,7042849a-fb8a-4d37-9c74-94d910553723,2003-02-06,0.108,0.108,0.0,0.108,m3/s,m3/s,aucune,FLAG_DUPLICATE_TIMESTEP | FLAG_GAP_TIME_SERIES | FLAG_TIMESTEP_IRREGULAR | QA_REQUIRED | SCIENTIFIC_NOTATION_CONVERTED | UNIT_ASSUMED,0.0,CONFLICT_VALUE_TO_REVIEW
raw_mesures_debit_jr,292942,295/10,7042849a-fb8a-4d37-9c74-94d910553723,2003-02-07,0.108,0.108,0.0,0.108,m3/s,m3/s,aucune,FLAG_DUPLICATE_TIMESTEP | FLAG_GAP_TIME_SERIES | FLAG_TIMESTEP_IRREGULAR | QA_REQUIRED | SCIENTIFIC_NOTATION_CONVERTED | UNIT_ASSUMED,0.0,CONFLICT_VALUE_TO_REVIEW
raw_mesures_debit_jr,292943,295/10,7042849a-fb8a-4d37-9c74-94d910553723,2003-02-08,0.108,0.108,0.0,0.108,m3/s,m3/s,aucune,FLAG_DUPLICATE_TIMESTEP | FLAG_GAP_TIME_SERIES | FLAG_TIMESTEP_IRREGULAR | QA_REQUIRED | SCIENTIFIC_NOTATION_CONVERTED | UNIT_ASSUMED,0.0,CONFLICT_VALUE_TO_REVIEW
raw_mesures_debit_jr,292944,295/10,7042849a-fb8a-4d37-9c74-94d910553723,2003-02-09,0.108,0.108,0.0,0.108,m3/s,m3/s,aucune,FLAG_DUPLICATE_TIMESTEP | FLAG_GAP_TIME_SERIES | FLAG_TIMESTEP_IRREGULAR | QA_REQUIRED | SCIENTIFIC_NOTATION_CONVERTED | UNIT_ASSUMED,0.0,CONFLICT_VALUE_TO_REVIEW
raw_mesures_debit_jr,292945,295/10,7042849a-fb8a-4d37-9c74-94d910553723,2003-02-10,0.108,0.108,0.0,0.108,m3/s,m3/s,aucune,FLAG_DUPLICATE_TIMESTEP | FLAG_GAP_TIME_SERIES | FLAG_TIMESTEP_IRREGULAR | QA_REQUIRED | SCIENTIFIC_NOTATION_CONVERTED | UNIT_ASSUMED,0.0,CONFLICT_VALUE_TO_REVIEW
raw_mesures_debit_jr,295378,295/10,7042849a-fb8a-4d37-9c74-94d910553723,2009-10-09,0.108,0.108,0.0,0.108,m3/s,m3/s,aucune,FLAG_DUPLICATE_TIMESTEP | FLAG_GAP_TIME_SERIES | FLAG_TIMESTEP_IRREGULAR | QA_REQUIRED | SCIENTIFIC_NOTATION_CONVERTED | UNIT_ASSUMED,0.0,CONFLICT_VALUE_TO_REVIEW
raw_mesures_debit_jr,295379,295/10,7042849a-fb8a-4d37-9c74-94d910553723,2009-10-10,0.108,0.108,0.0,0.108,m3/s,m3/s,aucune,FLAG_DUPLICATE_TIMESTEP | FLAG_GAP_TIME_SERIES | FLAG_TIMESTEP_IRREGULAR | QA_REQUIRED | SCIENTIFIC_NOTATION_CONVERTED | UNIT_ASSUMED,0.0,CONFLICT_VALUE_TO_REVIEW
raw_mesures_debit_jr,295380,295/10,7042849a-fb8a-4d37-9c74-94d910553723,2009-10-11,0.108,0.108,0.0,0.108,m3/s,m3/s,aucune,FLAG_DUPLICATE_TIMESTEP | FLAG_GAP_TIME_SERIES | FLAG_TIMESTEP_IRREGULAR | QA_REQUIRED | SCIENTIFIC_NOTATION_CONVERTED | UNIT_ASSUMED,0.0,CONFLICT_VALUE_TO_REVIEW
raw_mesures_debit_jr,295381,295/10,7042849a-fb8a-4d37-9c74-94d910553723,2009-10-12,0.108,0.108,0.0,0.108,m3/s,m3/s,aucune,FLAG_DUPLICATE_TIMESTEP | FLAG_GAP_TIME_SERIES | FLAG_TIMESTEP_IRREGULAR | QA_REQUIRED | SCIENTIFIC_NOTATION_CONVERTED | UNIT_ASSUMED,0.0,CONFLICT_VALUE_TO_REVIEW
raw_mesures_debit_jr,295382,295/10,7042849a-fb8a-4d37-9c74-94d910553723,2009-10-13,0.108,0.108,0.0,0.108,m3/s,m3/s,aucune,FLAG_DUPLICATE_TIMESTEP | FLAG_GAP_TIME_SERIES | FLAG_TIMESTEP_IRREGULAR | QA_REQUIRED | SCIENTIFIC_NOTATION_CONVERTED | UNIT_ASSUMED,0.0,CONFLICT_VALUE_TO_REVIEW
raw_mesures_debit_jr,295383,295/10,7042849a-fb8a-4d37-9c74-94d910553723,2009-10-14,0.108,0.108,0.0,0.108,m3/s,m3/s,aucune,FLAG_DUPLICATE_TIMESTEP | FLAG_GAP_TIME_SERIES | FLAG_TIMESTEP_IRREGULAR | QA_REQUIRED | SCIENTIFIC_NOTATION_CONVERTED | UNIT_ASSUMED,0.0,CONFLICT_VALUE_TO_REVIEW
raw_mesures_debit_jr,295384,295/10,7042849a-fb8a-4d37-9c74-94d910553723,2009-10-15,0.108,0.108,0.0,0.108,m3/s,m3/s,aucune,FLAG_DUPLICATE_TIMESTEP | FLAG_GAP_TIME_SERIES | FLAG_TIMESTEP_IRREGULAR | QA_REQUIRED | SCIENTIFIC_NOTATION_CONVERTED | UNIT_ASSUMED,0.0,CONFLICT_VALUE_TO_REVIEW
raw_mesures_debit_jr,295385,295/10,7042849a-fb8a-4d37-9c74-94d910553723,2009-10-16,0.108,0.108,0.0,0.108,m3/s,m3/s,aucune,FLAG_DUPLICATE_TIMESTEP | FLAG_GAP_TIME_SERIES | FLAG_TIMESTEP_IRREGULAR | QA_REQUIRED | SCIENTIFIC_NOTATION_CONVERTED | UNIT_ASSUMED,0.0,CONFLICT_VALUE_TO_REVIEW
raw_mesures_debit_jr,295386,295/10,7042849a-fb8a-4d37-9c74-94d910553723,2009-10-17,0.108,0.108,0.0,0.108,m3/s,m3/s,aucune,FLAG_DUPLICATE_TIMESTEP | FLAG_GAP_TIME_SERIES | FLAG_TIMESTEP_IRREGULAR | QA_REQUIRED | SCIENTIFIC_NOTATION_CONVERTED | UNIT_ASSUMED,0.0,CONFLICT_VALUE_TO_REVIEW
raw_mesures_debit_jr,295387,295/10,7042849a-fb8a-4d37-9c74-94d910553723,2009-10-18,0.108,0.108,0.0,0.108,m3/s,m3/s,aucune,FLAG_DUPLICATE_TIMESTEP | FLAG_GAP_TIME_SERIES | FLAG_TIMESTEP_IRREGULAR | QA_REQUIRED | SCIENTIFIC_NOTATION_CONVERTED | UNIT_ASSUMED,0.0,CONFLICT_VALUE_TO_REVIEW
raw_mesures_debit_jr,295388,295/10,7042849a-fb8a-4d37-9c74-94d910553723,2009-10-19,0.108,0.108,0.0,0.108,m3/s,m3/s,aucune,FLAG_DUPLICATE_TIMESTEP | FLAG_GAP_TIME_SERIES | FLAG_TIMESTEP_IRREGULAR | QA_REQUIRED | SCIENTIFIC_NOTATION_CONVERTED | UNIT_ASSUMED,0.0,CONFLICT_VALUE_TO_REVIEW
raw_mesures_debit_jr,295389,295/10,7042849a-fb8a-4d37-9c74-94d910553723,2009-10-20,0.108,0.108,0.0,0.108,m3/s,m3/s,aucune,FLAG_DUPLICATE_TIMESTEP | FLAG_GAP_TIME_SERIES | FLAG_TIMESTEP_IRREGULAR | QA_REQUIRED | SCIENTIFIC_NOTATION_CONVERTED | UNIT_ASSUMED,0.0,CONFLICT_VALUE_TO_REVIEW
raw_mesures_debit_jr,295390,295/10,7042849a-fb8a-4d37-9c74-94d910553723,2009-10-21,0.108,0.108,0.0,0.108,m3/s,m3/s,aucune,FLAG_DUPLICATE_TIMESTEP | FLAG_GAP_TIME_SERIES | FLAG_TIMESTEP_IRREGULAR | QA_REQUIRED | SCIENTIFIC_NOTATION_CONVERTED | UNIT_ASSUMED,0.0,CONFLICT_VALUE_TO_REVIEW
raw_mesures_debit_jr,295391,295/10,7042849a-fb8a-4d37-9c74-94d910553723,2009-10-22,0.108,0.108,0.0,0.108,m3/s,m3/s,aucune,FLAG_DUPLICATE_TIMESTEP | FLAG_GAP_TIME_SERIES | FLAG_TIMESTEP_IRREGULAR | QA_REQUIRED | SCIENTIFIC_NOTATION_CONVERTED | UNIT_ASSUMED,0.0,CONFLICT_VALUE_TO_REVIEW
raw_mesures_debit_jr,295392,295/10,7042849a-fb8a-4d37-9c74-94d910553723,2009-10-23,0.108,0.108,0.0,0.108,m3/s,m3/s,aucune,FLAG_DUPLICATE_TIMESTEP | FLAG_GAP_TIME_SERIES | FLAG_TIMESTEP_IRREGULAR | QA_REQUIRED | SCIENTIFIC_NOTATION_CONVERTED | UNIT_ASSUMED,0.0,CONFLICT_VALUE_TO_REVIEW
raw_mesures_debit_jr,295393,295/10,7042849a-fb8a-4d37-9c74-94d910553723,2009-10-24,0.108,0.108,0.0,0.108,m3/s,m3/s,aucune,FLAG_DUPLICATE_TIMESTEP | FLAG_GAP_TIME_SERIES | FLAG_TIMESTEP_IRREGULAR | QA_REQUIRED | SCIENTIFIC_NOTATION_CONVERTED | UNIT_ASSUMED,0.0,CONFLICT_VALUE_TO_REVIEW
raw_mesures_debit_jr,295394,295/10,7042849a-fb8a-4d37-9c74-94d910553723,2009-10-25,0.108,0.108,0.0,0.108,m3/s,m3/s,aucune,FLAG_DUPLICATE_TIMESTEP | FLAG_GAP_TIME_SERIES | FLAG_TIMESTEP_IRREGULAR | QA_REQUIRED | SCIENTIFIC_NOTATION_CONVERTED | UNIT_ASSUMED,0.0,CONFLICT_VALUE_TO_REVIEW
raw_mesures_debit_jr,295395,295/10,7042849a-fb8a-4d37-9c74-94d910553723,2009-10-26,0.108,0.108,0.0,0.108,m3/s,m3/s,aucune,FLAG_DUPLICATE_TIMESTEP | FLAG_GAP_TIME_SERIES | FLAG_TIMESTEP_IRREGULAR | QA_REQUIRED | SCIENTIFIC_NOTATION_CONVERTED | UNIT_ASSUMED,0.0,CONFLICT_VALUE_TO_REVIEW
raw_mesures_debit_jr,295396,295/10,7042849a-fb8a-4d37-9c74-94d910553723,2009-10-27,0.108,0.108,0.0,0.108,m3/s,m3/s,aucune,FLAG_DUPLICATE_TIMESTEP | FLAG_GAP_TIME_SERIES | FLAG_TIMESTEP_IRREGULAR | QA_REQUIRED | SCIENTIFIC_NOTATION_CONVERTED | UNIT_ASSUMED,0.0,CONFLICT_VALUE_TO_REVIEW
raw_mesures_debit_jr,295397,295/10,7042849a-fb8a-4d37-9c74-94d910553723,2009-10-28,0.108,0.108,0.0,0.108,m3/s,m3/s,aucune,FLAG_DUPLICATE_TIMESTEP | FLAG_GAP_TIME_SERIES | FLAG_TIMESTEP_IRREGULAR | QA_REQUIRED | SCIENTIFIC_NOTATION_CONVERTED | UNIT_ASSUMED,0.0,CONFLICT_VALUE_TO_REVIEW
raw_mesures_debit_jr,295398,295/10,7042849a-fb8a-4d37-9c74-94d910553723,2009-10-29,0.108,0.108,0.0,0.108,m3/s,m3/s,aucune,FLAG_DUPLICATE_TIMESTEP | FLAG_GAP_TIME_SERIES | FLAG_TIMESTEP_IRREGULAR | QA_REQUIRED | SCIENTIFIC_NOTATION_CONVERTED | UNIT_ASSUMED,0.0,CONFLICT_VALUE_TO_REVIEW
raw_mesures_debit_jr,295399,295/10,7042849a-fb8a-4d37-9c74-94d910553723,2009-10-30,0.108,0.108,0.0,0.108,m3/s,m3/s,aucune,FLAG_DUPLICATE_TIMESTEP | FLAG_GAP_TIME_SERIES | FLAG_TIMESTEP_IRREGULAR | QA_REQUIRED | SCIENTIFIC_NOTATION_CONVERTED | UNIT_ASSUMED,0.0,CONFLICT_VALUE_TO_REVIEW
raw_mesures_debit_jr,295400,295/10,7042849a-fb8a-4d37-9c74-94d910553723,2009-10-31,0.108,0.108,0.0,0.108,m3/s,m3/s,aucune,FLAG_DUPLICATE_TIMESTEP | FLAG_GAP_TIME_SERIES | FLAG_TIMESTEP_IRREGULAR | QA_REQUIRED | SCIENTIFIC_NOTATION_CONVERTED | UNIT_ASSUMED,0.0,CONFLICT_VALUE_TO_REVIEW
raw_mesures_debit_jr,295401,295/10,7042849a-fb8a-4d37-9c74-94d910553723,2009-11-01,0.108,0.108,0.0,0.108,m3/s,m3/s,aucune,FLAG_DUPLICATE_TIMESTEP | FLAG_GAP_TIME_SERIES | FLAG_TIMESTEP_IRREGULAR | QA_REQUIRED | SCIENTIFIC_NOTATION_CONVERTED | UNIT_ASSUMED,0.0,CONFLICT_VALUE_TO_REVIEW
raw_mesures_debit_jr,295402,295/10,7042849a-fb8a-4d37-9c74-94d910553723,2009-11-02,0.108,0.108,0.0,0.108,m3/s,m3/s,aucune,FLAG_DUPLICATE_TIMESTEP | FLAG_GAP_TIME_SERIES | FLAG_TIMESTEP_IRREGULAR | QA_REQUIRED | SCIENTIFIC_NOTATION_CONVERTED | UNIT_ASSUMED,0.0,CONFLICT_VALUE_TO_REVIEW
raw_mesures_debit_jr,295403,295/10,7042849a-fb8a-4d37-9c74-94d910553723,2009-11-03,0.108,0.108,0.0,0.108,m3/s,m3/s,aucune,FLAG_DUPLICATE_TIMESTEP | FLAG_GAP_TIME_SERIES | FLAG_TIMESTEP_IRREGULAR | QA_REQUIRED | SCIENTIFIC_NOTATION_CONVERTED | UNIT_ASSUMED,0.0,CONFLICT_VALUE_TO_REVIEW
raw_mesures_debit_jr,295404,295/10,7042849a-fb8a-4d37-9c74-94d910553723,2009-11-04,0.108,0.108,0.0,0.108,m3/s,m3/s,aucune,FLAG_DUPLICATE_TIMESTEP | FLAG_GAP_TIME_SERIES | FLAG_TIMESTEP_IRREGULAR | QA_REQUIRED | SCIENTIFIC_NOTATION_CONVERTED | UNIT_ASSUMED,0.0,CONFLICT_VALUE_TO_REVIEW
raw_mesures_debit_jr,295405,295/10,7042849a-fb8a-4d37-9c74-94d910553723,2009-11-05,0.108,0.108,0.0,0.108,m3/s,m3/s,aucune,FLAG_DUPLICATE_TIMESTEP | FLAG_GAP_TIME_SERIES | FLAG_TIMESTEP_IRREGULAR | QA_REQUIRED | SCIENTIFIC_NOTATION_CONVERTED | UNIT_ASSUMED,0.0,CONFLICT_VALUE_TO_REVIEW
raw_mesures_debit_jr,295406,295/10,7042849a-fb8a-4d37-9c74-94d910553723,2009-11-06,0.108,0.108,0.0,0.108,m3/s,m3/s,aucune,FLAG_DUPLICATE_TIMESTEP | FLAG_GAP_TIME_SERIES | FLAG_TIMESTEP_IRREGULAR | QA_REQUIRED | SCIENTIFIC_NOTATION_CONVERTED | UNIT_ASSUMED,0.0,CONFLICT_VALUE_TO_REVIEW
raw_mesures_debit_jr,295407,295/10,7042849a-fb8a-4d37-9c74-94d910553723,2009-11-07,0.108,0.108,0.0,0.108,m3/s,m3/s,aucune,FLAG_DUPLICATE_TIMESTEP | FLAG_GAP_TIME_SERIES | FLAG_TIMESTEP_IRREGULAR | QA_REQUIRED | SCIENTIFIC_NOTATION_CONVERTED | UNIT_ASSUMED,0.0,CONFLICT_VALUE_TO_REVIEW
raw_mesures_debit_jr,295408,295/10,7042849a-fb8a-4d37-9c74-94d910553723,2009-11-08,0.108,0.108,0.0,0.108,m3/s,m3/s,aucune,FLAG_DUPLICATE_TIMESTEP | FLAG_GAP_TIME_SERIES | FLAG_TIMESTEP_IRREGULAR | QA_REQUIRED | SCIENTIFIC_NOTATION_CONVERTED | UNIT_ASSUMED,0.0,CONFLICT_VALUE_TO_REVIEW
raw_mesures_debit_jr,295409,295/10,7042849a-fb8a-4d37-9c74-94d910553723,2009-11-09,0.108,0.108,0.0,0.108,m3/s,m3/s,aucune,FLAG_DUPLICATE_TIMESTEP | FLAG_GAP_TIME_SERIES | FLAG_TIMESTEP_IRREGULAR | QA_REQUIRED | SCIENTIFIC_NOTATION_CONVERTED | UNIT_ASSUMED,0.0,CONFLICT_VALUE_TO_REVIEW
raw_mesures_debit_jr,295410,295/10,7042849a-fb8a-4d37-9c74-94d910553723,2009-11-10,0.108,0.108,0.0,0.108,m3/s,m3/s,aucune,FLAG_DUPLICATE_TIMESTEP | FLAG_GAP_TIME_SERIES | FLAG_TIMESTEP_IRREGULAR | QA_REQUIRED | SCIENTIFIC_NOTATION_CONVERTED | UNIT_ASSUMED,0.0,CONFLICT_VALUE_TO_REVIEW
raw_mesures_debit_jr,295411,295/10,7042849a-fb8a-4d37-9c74-94d910553723,2009-11-11,0.108,0.108,0.0,0.108,m3/s,m3/s,aucune,FLAG_DUPLICATE_TIMESTEP | FLAG_GAP_TIME_SERIES | FLAG_TIMESTEP_IRREGULAR | QA_REQUIRED | SCIENTIFIC_NOTATION_CONVERTED | UNIT_ASSUMED,0.0,CONFLICT_VALUE_TO_REVIEW
raw_mesures_debit_jr,295412,295/10,7042849a-fb8a-4d37-9c74-94d910553723,2009-11-12,0.108,0.108,0.0,0.108,m3/s,m3/s,aucune,FLAG_DUPLICATE_TIMESTEP | FLAG_GAP_TIME_SERIES | FLAG_TIMESTEP_IRREGULAR | QA_REQUIRED | SCIENTIFIC_NOTATION_CONVERTED | UNIT_ASSUMED,0.0,CONFLICT_VALUE_TO_REVIEW
raw_mesures_debit_jr,295413,295/10,7042849a-fb8a-4d37-9c74-94d910553723,2009-11-13,0.108,0.108,0.0,0.108,m3/s,m3/s,aucune,FLAG_DUPLICATE_TIMESTEP | FLAG_GAP_TIME_SERIES | FLAG_TIMESTEP_IRREGULAR | QA_REQUIRED | SCIENTIFIC_NOTATION_CONVERTED | UNIT_ASSUMED,0.0,CONFLICT_VALUE_TO_REVIEW
raw_mesures_debit_jr,295414,295/10,7042849a-fb8a-4d37-9c74-94d910553723,2009-11-14,0.108,0.108,0.0,0.108,m3/s,m3/s,aucune,FLAG_DUPLICATE_TIMESTEP | FLAG_GAP_TIME_SERIES | FLAG_TIMESTEP_IRREGULAR | QA_REQUIRED | SCIENTIFIC_NOTATION_CONVERTED | UNIT_ASSUMED,0.0,CONFLICT_VALUE_TO_REVIEW
raw_mesures_debit_jr,295415,295/10,7042849a-fb8a-4d37-9c74-94d910553723,2009-11-15,0.108,0.108,0.0,0.108,m3/s,m3/s,aucune,FLAG_DUPLICATE_TIMESTEP | FLAG_GAP_TIME_SERIES | FLAG_TIMESTEP_IRREGULAR | QA_REQUIRED | SCIENTIFIC_NOTATION_CONVERTED | UNIT_ASSUMED,0.0,CONFLICT_VALUE_TO_REVIEW
raw_mesures_debit_jr,295416,295/10,7042849a-fb8a-4d37-9c74-94d910553723,2009-11-16,0.108,0.108,0.0,0.108,m3/s,m3/s,aucune,FLAG_DUPLICATE_TIMESTEP | FLAG_GAP_TIME_SERIES | FLAG_TIMESTEP_IRREGULAR | QA_REQUIRED | SCIENTIFIC_NOTATION_CONVERTED | UNIT_ASSUMED,0.0,CONFLICT_VALUE_TO_REVIEW
raw_mesures_debit_jr,295417,295/10,7042849a-fb8a-4d37-9c74-94d910553723,2009-11-17,0.108,0.108,0.0,0.108,m3/s,m3/s,aucune,FLAG_DUPLICATE_TIMESTEP | FLAG_GAP_TIME_SERIES | FLAG_TIMESTEP_IRREGULAR | QA_REQUIRED | SCIENTIFIC_NOTATION_CONVERTED | UNIT_ASSUMED,0.0,CONFLICT_VALUE_TO_REVIEW
raw_mesures_debit_jr,295418,295/10,7042849a-fb8a-4d37-9c74-94d910553723,2009-11-18,0.108,0.108,0.0,0.108,m3/s,m3/s,aucune,FLAG_DUPLICATE_TIMESTEP | FLAG_GAP_TIME_SERIES | FLAG_TIMESTEP_IRREGULAR | QA_REQUIRED | SCIENTIFIC_NOTATION_CONVERTED | UNIT_ASSUMED,0.0,CONFLICT_VALUE_TO_REVIEW
raw_mesures_debit_jr,295419,295/10,7042849a-fb8a-4d37-9c74-94d910553723,2009-11-19,0.108,0.108,0.0,0.108,m3/s,m3/s,aucune,FLAG_DUPLICATE_TIMESTEP | FLAG_GAP_TIME_SERIES | FLAG_TIMESTEP_IRREGULAR | QA_REQUIRED | SCIENTIFIC_NOTATION_CONVERTED | UNIT_ASSUMED,0.0,CONFLICT_VALUE_TO_REVIEW
raw_mesures_debit_jr,295420,295/10,7042849a-fb8a-4d37-9c74-94d910553723,2009-11-20,0.108,0.108,0.0,0.108,m3/s,m3/s,aucune,FLAG_DUPLICATE_TIMESTEP | FLAG_GAP_TIME_SERIES | FLAG_TIMESTEP_IRREGULAR | QA_REQUIRED | SCIENTIFIC_NOTATION_CONVERTED | UNIT_ASSUMED,0.0,CONFLICT_VALUE_TO_REVIEW
raw_mesures_debit_jr,295421,295/10,7042849a-fb8a-4d37-9c74-94d910553723,2009-11-21,0.108,0.108,0.0,0.108,m3/s,m3/s,aucune,FLAG_DUPLICATE_TIMESTEP | FLAG_GAP_TIME_SERIES | FLAG_TIMESTEP_IRREGULAR | QA_REQUIRED | SCIENTIFIC_NOTATION_CONVERTED | UNIT_ASSUMED,0.0,CONFLICT_VALUE_TO_REVIEW
raw_mesures_debit_jr,295422,295/10,7042849a-fb8a-4d37-9c74-94d910553723,2009-11-22,0.108,0.108,0.0,0.108,m3/s,m3/s,aucune,FLAG_DUPLICATE_TIMESTEP | FLAG_GAP_TIME_SERIES | FLAG_TIMESTEP_IRREGULAR | QA_REQUIRED | SCIENTIFIC_NOTATION_CONVERTED | UNIT_ASSUMED,0.0,CONFLICT_VALUE_TO_REVIEW
raw_mesures_debit_jr,295423,295/10,7042849a-fb8a-4d37-9c74-94d910553723,2009-11-23,0.108,0.108,0.0,0.108,m3/s,m3/s,aucune,FLAG_DUPLICATE_TIMESTEP | FLAG_GAP_TIME_SERIES | FLAG_TIMESTEP_IRREGULAR | QA_REQUIRED | SCIENTIFIC_NOTATION_CONVERTED | UNIT_ASSUMED,0.0,CONFLICT_VALUE_TO_REVIEW
raw_mesures_debit_jr,295424,295/10,7042849a-fb8a-4d37-9c74-94d910553723,2009-11-24,0.108,0.108,0.0,0.108,m3/s,m3/s,aucune,FLAG_DUPLICATE_TIMESTEP | FLAG_GAP_TIME_SERIES | FLAG_TIMESTEP_IRREGULAR | QA_REQUIRED | SCIENTIFIC_NOTATION_CONVERTED | UNIT_ASSUMED,0.0,CONFLICT_VALUE_TO_REVIEW
raw_mesures_debit_jr,295425,295/10,7042849a-fb8a-4d37-9c74-94d910553723,2009-11-25,0.108,0.108,0.0,0.108,m3/s,m3/s,aucune,FLAG_DUPLICATE_TIMESTEP | FLAG_GAP_TIME_SERIES | FLAG_TIMESTEP_IRREGULAR | QA_REQUIRED | SCIENTIFIC_NOTATION_CONVERTED | UNIT_ASSUMED,0.0,CONFLICT_VALUE_TO_REVIEW
raw_mesures_debit_jr,295426,295/10,7042849a-fb8a-4d37-9c74-94d910553723,2009-11-26,0.108,0.108,0.0,0.108,m3/s,m3/s,aucune,FLAG_DUPLICATE_TIMESTEP | FLAG_GAP_TIME_SERIES | FLAG_TIMESTEP_IRREGULAR | QA_REQUIRED | SCIENTIFIC_NOTATION_CONVERTED | UNIT_ASSUMED,0.0,CONFLICT_VALUE_TO_REVIEW
raw_mesures_debit_jr,295427,295/10,7042849a-fb8a-4d37-9c74-94d910553723,2009-11-27,0.108,0.108,0.0,0.108,m3/s,m3/s,aucune,FLAG_DUPLICATE_TIMESTEP | FLAG_GAP_TIME_SERIES | FLAG_TIMESTEP_IRREGULAR | QA_REQUIRED | SCIENTIFIC_NOTATION_CONVERTED | UNIT_ASSUMED,0.0,CONFLICT_VALUE_TO_REVIEW
raw_mesures_debit_jr,295428,295/10,7042849a-fb8a-4d37-9c74-94d910553723,2009-11-28,0.108,0.108,0.0,0.108,m3/s,m3/s,aucune,FLAG_DUPLICATE_TIMESTEP | FLAG_GAP_TIME_SERIES | FLAG_TIMESTEP_IRREGULAR | QA_REQUIRED | SCIENTIFIC_NOTATION_CONVERTED | UNIT_ASSUMED,0.0,CONFLICT_VALUE_TO_REVIEW
raw_mesures_debit_jr,295432,295/10,7042849a-fb8a-4d37-9c74-94d910553723,2009-12-02,0.108,0.108,0.0,0.108,m3/s,m3/s,aucune,FLAG_DUPLICATE_TIMESTEP | FLAG_GAP_TIME_SERIES | FLAG_TIMESTEP_IRREGULAR | QA_REQUIRED | SCIENTIFIC_NOTATION_CONVERTED | UNIT_ASSUMED,0.0,CONFLICT_VALUE_TO_REVIEW
raw_mesures_debit_jr,295433,295/10,7042849a-fb8a-4d37-9c74-94d910553723,2009-12-03,0.108,0.108,0.0,0.108,m3/s,m3/s,aucune,FLAG_DUPLICATE_TIMESTEP | FLAG_GAP_TIME_SERIES | FLAG_TIMESTEP_IRREGULAR | QA_REQUIRED | SCIENTIFIC_NOTATION_CONVERTED | UNIT_ASSUMED,0.0,CONFLICT_VALUE_TO_REVIEW
raw_mesures_debit_jr,295434,295/10,7042849a-fb8a-4d37-9c74-94d910553723,2009-12-04,0.108,0.108,0.0,0.108,m3/s,m3/s,aucune,FLAG_DUPLICATE_TIMESTEP | FLAG_GAP_TIME_SERIES | FLAG_TIMESTEP_IRREGULAR | QA_REQUIRED | SCIENTIFIC_NOTATION_CONVERTED | UNIT_ASSUMED,0.0,CONFLICT_VALUE_TO_REVIEW
raw_mesures_debit_jr,295435,295/10,7042849a-fb8a-4d37-9c74-94d910553723,2009-12-05,0.108,0.108,0.0,0.108,m3/s,m3/s,aucune,FLAG_DUPLICATE_TIMESTEP | FLAG_GAP_TIME_SERIES | FLAG_TIMESTEP_IRREGULAR | QA_REQUIRED | SCIENTIFIC_NOTATION_CONVERTED | UNIT_ASSUMED,0.0,CONFLICT_VALUE_TO_REVIEW
raw_mesures_debit_jr,295436,295/10,7042849a-fb8a-4d37-9c74-94d910553723,2009-12-06,0.108,0.108,0.0,0.108,m3/s,m3/s,aucune,FLAG_DUPLICATE_TIMESTEP | FLAG_GAP_TIME_SERIES | FLAG_TIMESTEP_IRREGULAR | QA_REQUIRED | SCIENTIFIC_NOTATION_CONVERTED | UNIT_ASSUMED,0.0,CONFLICT_VALUE_TO_REVIEW
raw_mesures_debit_jr,295437,295/10,7042849a-fb8a-4d37-9c74-94d910553723,2009-12-07,0.108,0.108,0.0,0.108,m3/s,m3/s,aucune,FLAG_DUPLICATE_TIMESTEP | FLAG_GAP_TIME_SERIES | FLAG_TIMESTEP_IRREGULAR | QA_REQUIRED | SCIENTIFIC_NOTATION_CONVERTED | UNIT_ASSUMED,0.0,CONFLICT_VALUE_TO_REVIEW
raw_mesures_debit_jr,295438,295/10,7042849a-fb8a-4d37-9c74-94d910553723,2009-12-08,0.108,0.108,0.0,0.108,m3/s,m3/s,aucune,FLAG_DUPLICATE_TIMESTEP | FLAG_GAP_TIME_SERIES | FLAG_TIMESTEP_IRREGULAR | QA_REQUIRED | SCIENTIFIC_NOTATION_CONVERTED | UNIT_ASSUMED,0.0,CONFLICT_VALUE_TO_REVIEW
raw_mesures_debit_jr,295439,295/10,7042849a-fb8a-4d37-9c74-94d910553723,2009-12-09,0.108,0.108,0.0,0.108,m3/s,m3/s,aucune,FLAG_DUPLICATE_TIMESTEP | FLAG_GAP_TIME_SERIES | FLAG_TIMESTEP_IRREGULAR | QA_REQUIRED | SCIENTIFIC_NOTATION_CONVERTED | UNIT_ASSUMED,0.0,CONFLICT_VALUE_TO_REVIEW
raw_mesures_debit_jr,295440,295/10,7042849a-fb8a-4d37-9c74-94d910553723,2009-12-10,0.108,0.108,0.0,0.108,m3/s,m3/s,aucune,FLAG_DUPLICATE_TIMESTEP | FLAG_GAP_TIME_SERIES | FLAG_TIMESTEP_IRREGULAR | QA_REQUIRED | SCIENTIFIC_NOTATION_CONVERTED | UNIT_ASSUMED,0.0,CONFLICT_VALUE_TO_REVIEW
raw_mesures_debit_jr,295441,295/10,7042849a-fb8a-4d37-9c74-94d910553723,2009-12-11,0.108,0.108,0.0,0.108,m3/s,m3/s,aucune,FLAG_DUPLICATE_TIMESTEP | FLAG_GAP_TIME_SERIES | FLAG_TIMESTEP_IRREGULAR | QA_REQUIRED | SCIENTIFIC_NOTATION_CONVERTED | UNIT_ASSUMED,0.0,CONFLICT_VALUE_TO_REVIEW
raw_mesures_debit_jr,295442,295/10,7042849a-fb8a-4d37-9c74-94d910553723,2009-12-12,0.108,0.108,0.0,0.108,m3/s,m3/s,aucune,FLAG_DUPLICATE_TIMESTEP | FLAG_GAP_TIME_SERIES | FLAG_TIMESTEP_IRREGULAR | QA_REQUIRED | SCIENTIFIC_NOTATION_CONVERTED | UNIT_ASSUMED,0.0,CONFLICT_VALUE_TO_REVIEW
raw_mesures_debit_jr,295443,295/10,7042849a-fb8a-4d37-9c74-94d910553723,2009-12-13,0.108,0.108,0.0,0.108,m3/s,m3/s,aucune,FLAG_DUPLICATE_TIMESTEP | FLAG_GAP_TIME_SERIES | FLAG_TIMESTEP_IRREGULAR | QA_REQUIRED | SCIENTIFIC_NOTATION_CONVERTED | UNIT_ASSUMED,0.0,CONFLICT_VALUE_TO_REVIEW
raw_mesures_debit_jr,295444,295/10,7042849a-fb8a-4d37-9c74-94d910553723,2009-12-14,0.108,0.108,0.0,0.108,m3/s,m3/s,aucune,FLAG_DUPLICATE_TIMESTEP | FLAG_GAP_TIME_SERIES | FLAG_TIMESTEP_IRREGULAR | QA_REQUIRED | SCIENTIFIC_NOTATION_CONVERTED | UNIT_ASSUMED,0.0,CONFLICT_VALUE_TO_REVIEW
raw_mesures_debit_jr,295445,295/10,7042849a-fb8a-4d37-9c74-94d910553723,2009-12-15,0.108,0.108,0.0,0.108,m3/s,m3/s,aucune,FLAG_DUPLICATE_TIMESTEP | FLAG_GAP_TIME_SERIES | FLAG_TIMESTEP_IRREGULAR | QA_REQUIRED | SCIENTIFIC_NOTATION_CONVERTED | UNIT_ASSUMED,0.0,CONFLICT_VALUE_TO_REVIEW
raw_mesures_debit_jr,295446,295/10,7042849a-fb8a-4d37-9c74-94d910553723,2009-12-16,0.108,0.108,0.0,0.108,m3/s,m3/s,aucune,FLAG_DUPLICATE_TIMESTEP | FLAG_GAP_TIME_SERIES | FLAG_TIMESTEP_IRREGULAR | QA_REQUIRED | SCIENTIFIC_NOTATION_CONVERTED | UNIT_ASSUMED,0.0,CONFLICT_VALUE_TO_REVIEW
raw_mesures_debit_jr,296129,295/10,7042849a-fb8a-4d37-9c74-94d910553723,2011-10-30,0.108,0.108,0.0,0.108,m3/s,m3/s,aucune,FLAG_DUPLICATE_TIMESTEP | FLAG_GAP_TIME_SERIES | FLAG_TIMESTEP_IRREGULAR | QA_REQUIRED | SCIENTIFIC_NOTATION_CONVERTED | UNIT_ASSUMED,0.0,CONFLICT_VALUE_TO_REVIEW
raw_mesures_debit_jr,296130,295/10,7042849a-fb8a-4d37-9c74-94d910553723,2011-10-31,0.108,0.108,0.0,0.108,m3/s,m3/s,aucune,FLAG_DUPLICATE_TIMESTEP | FLAG_GAP_TIME_SERIES | FLAG_TIMESTEP_IRREGULAR | QA_REQUIRED | SCIENTIFIC_NOTATION_CONVERTED | UNIT_ASSUMED,0.0,CONFLICT_VALUE_TO_REVIEW
raw_mesures_debit_jr,296131,295/10,7042849a-fb8a-4d37-9c74-94d910553723,2011-11-01,0.108,0.108,0.0,0.108,m3/s,m3/s,aucune,FLAG_DUPLICATE_TIMESTEP | FLAG_GAP_TIME_SERIES | FLAG_TIMESTEP_IRREGULAR | QA_REQUIRED | SCIENTIFIC_NOTATION_CONVERTED | UNIT_ASSUMED,0.0,CONFLICT_VALUE_TO_REVIEW
raw_mesures_debit_jr,296132,295/10,7042849a-fb8a-4d37-9c74-94d910553723,2011-11-02,0.108,0.108,0.0,0.108,m3/s,m3/s,aucune,FLAG_DUPLICATE_TIMESTEP | FLAG_GAP_TIME_SERIES | FLAG_TIMESTEP_IRREGULAR | QA_REQUIRED | SCIENTIFIC_NOTATION_CONVERTED | UNIT_ASSUMED,0.0,CONFLICT_VALUE_TO_REVIEW
raw_mesures_debit_jr,296133,295/10,7042849a-fb8a-4d37-9c74-94d910553723,2011-11-03,0.108,0.108,0.0,0.108,m3/s,m3/s,aucune,FLAG_DUPLICATE_TIMESTEP | FLAG_GAP_TIME_SERIES | FLAG_TIMESTEP_IRREGULAR | QA_REQUIRED | SCIENTIFIC_NOTATION_CONVERTED | UNIT_ASSUMED,0.0,CONFLICT_VALUE_TO_REVIEW
raw_mesures_debit_jr,296137,295/10,7042849a-fb8a-4d37-9c74-94d910553723,2011-11-07,0.108,0.108,0.0,0.108,m3/s,m3/s,aucune,FLAG_DUPLICATE_TIMESTEP | FLAG_GAP_TIME_SERIES | FLAG_TIMESTEP_IRREGULAR | QA_REQUIRED | SCIENTIFIC_NOTATION_CONVERTED | UNIT_ASSUMED,0.0,CONFLICT_VALUE_TO_REVIEW
raw_mesures_debit_jr,296138,295/10,7042849a-fb8a-4d37-9c74-94d910553723,2011-11-08,0.108,0.108,0.0,0.108,m3/s,m3/s,aucune,FLAG_DUPLICATE_TIMESTEP | FLAG_GAP_TIME_SERIES | FLAG_TIMESTEP_IRREGULAR | QA_REQUIRED | SCIENTIFIC_NOTATION_CONVERTED | UNIT_ASSUMED,0.0,CONFLICT_VALUE_TO_REVIEW
raw_mesures_debit_jr,296139,295/10,7042849a-fb8a-4d37-9c74-94d910553723,2011-11-09,0.108,0.108,0.0,0.108,m3/s,m3/s,aucune,FLAG_DUPLICATE_TIMESTEP | FLAG_GAP_TIME_SERIES | FLAG_TIMESTEP_IRREGULAR | QA_REQUIRED | SCIENTIFIC_NOTATION_CONVERTED | UNIT_ASSUMED,0.0,CONFLICT_VALUE_TO_REVIEW
raw_mesures_debit_jr,296140,295/10,7042849a-fb8a-4d37-9c74-94d910553723,2011-11-10,0.108,0.108,0.0,0.108,m3/s,m3/s,aucune,FLAG_DUPLICATE_TIMESTEP | FLAG_GAP_TIME_SERIES | FLAG_TIMESTEP_IRREGULAR | QA_REQUIRED | SCIENTIFIC_NOTATION_CONVERTED | UNIT_ASSUMED,0.0,CONFLICT_VALUE_TO_REVIEW
raw_mesures_debit_jr,296141,295/10,7042849a-fb8a-4d37-9c74-94d910553723,2011-11-11,0.108,0.108,0.0,0.108,m3/s,m3/s,aucune,FLAG_DUPLICATE_TIMESTEP | FLAG_GAP_TIME_SERIES | FLAG_TIMESTEP_IRREGULAR | QA_REQUIRED | SCIENTIFIC_NOTATION_CONVERTED | UNIT_ASSUMED,0.0,CONFLICT_VALUE_TO_REVIEW
raw_mesures_debit_jr,296142,295/10,7042849a-fb8a-4d37-9c74-94d910553723,2011-11-12,0.108,0.108,0.0,0.108,m3/s,m3/s,aucune,FLAG_DUPLICATE_TIMESTEP | FLAG_GAP_TIME_SERIES | FLAG_TIMESTEP_IRREGULAR | QA_REQUIRED | SCIENTIFIC_NOTATION_CONVERTED | UNIT_ASSUMED,0.0,CONFLICT_VALUE_TO_REVIEW
raw_mesures_debit_jr,296143,295/10,7042849a-fb8a-4d37-9c74-94d910553723,2011-11-13,0.108,0.108,0.0,0.108,m3/s,m3/s,aucune,FLAG_DUPLICATE_TIMESTEP | FLAG_GAP_TIME_SERIES | FLAG_TIMESTEP_IRREGULAR | QA_REQUIRED | SCIENTIFIC_NOTATION_CONVERTED | UNIT_ASSUMED,0.0,CONFLICT_VALUE_TO_REVIEW
raw_mesures_debit_jr,296144,295/10,7042849a-fb8a-4d37-9c74-94d910553723,2011-11-14,0.108,0.108,0.0,0.108,m3/s,m3/s,aucune,FLAG_DUPLICATE_TIMESTEP | FLAG_GAP_TIME_SERIES | FLAG_TIMESTEP_IRREGULAR | QA_REQUIRED | SCIENTIFIC_NOTATION_CONVERTED | UNIT_ASSUMED,0.0,CONFLICT_VALUE_TO_REVIEW
raw_mesures_debit_jr,296145,295/10,7042849a-fb8a-4d37-9c74-94d910553723,2011-11-15,0.108,0.108,0.0,0.108,m3/s,m3/s,aucune,FLAG_DUPLICATE_TIMESTEP | FLAG_GAP_TIME_SERIES | FLAG_TIMESTEP_IRREGULAR | QA_REQUIRED | SCIENTIFIC_NOTATION_CONVERTED | UNIT_ASSUMED,0.0,CONFLICT_VALUE_TO_REVIEW
raw_mesures_debit_jr,296146,295/10,7042849a-fb8a-4d37-9c74-94d910553723,2011-11-16,0.108,0.108,0.0,0.108,m3/s,m3/s,aucune,FLAG_DUPLICATE_TIMESTEP | FLAG_GAP_TIME_SERIES | FLAG_TIMESTEP_IRREGULAR | QA_REQUIRED | SCIENTIFIC_NOTATION_CONVERTED | UNIT_ASSUMED,0.0,CONFLICT_VALUE_TO_REVIEW
raw_mesures_debit_jr,296147,295/10,7042849a-fb8a-4d37-9c74-94d910553723,2011-11-17,0.108,0.108,0.0,0.108,m3/s,m3/s,aucune,FLAG_DUPLICATE_TIMESTEP | FLAG_GAP_TIME_SERIES | FLAG_TIMESTEP_IRREGULAR | QA_REQUIRED | SCIENTIFIC_NOTATION_CONVERTED | UNIT_ASSUMED,0.0,CONFLICT_VALUE_TO_REVIEW
raw_mesures_debit_jr,296148,295/10,7042849a-fb8a-4d37-9c74-94d910553723,2011-11-18,0.108,0.108,0.0,0.108,m3/s,m3/s,aucune,FLAG_DUPLICATE_TIMESTEP | FLAG_GAP_TIME_SERIES | FLAG_TIMESTEP_IRREGULAR | QA_REQUIRED | SCIENTIFIC_NOTATION_CONVERTED | UNIT_ASSUMED,0.0,CONFLICT_VALUE_TO_REVIEW
raw_mesures_debit_jr,296149,295/10,7042849a-fb8a-4d37-9c74-94d910553723,2011-11-19,0.108,0.108,0.0,0.108,m3/s,m3/s,aucune,FLAG_DUPLICATE_TIMESTEP | FLAG_GAP_TIME_SERIES | FLAG_TIMESTEP_IRREGULAR | QA_REQUIRED | SCIENTIFIC_NOTATION_CONVERTED | UNIT_ASSUMED,0.0,CONFLICT_VALUE_TO_REVIEW
raw_mesures_debit_jr,296150,295/10,7042849a-fb8a-4d37-9c74-94d910553723,2011-11-20,0.108,0.108,0.0,0.108,m3/s,m3/s,aucune,FLAG_DUPLICATE_TIMESTEP | FLAG_GAP_TIME_SERIES | FLAG_TIMESTEP_IRREGULAR | QA_REQUIRED | SCIENTIFIC_NOTATION_CONVERTED | UNIT_ASSUMED,0.0,CONFLICT_VALUE_TO_REVIEW
raw_mesures_debit_jr,296151,295/10,7042849a-fb8a-4d37-9c74-94d910553723,2011-11-21,0.108,0.108,0.0,0.108,m3/s,m3/s,aucune,FLAG_DUPLICATE_TIMESTEP | FLAG_GAP_TIME_SERIES | FLAG_TIMESTEP_IRREGULAR | QA_REQUIRED | SCIENTIFIC_NOTATION_CONVERTED | UNIT_ASSUMED,0.0,CONFLICT_VALUE_TO_REVIEW
raw_mesures_debit_jr,296152,295/10,7042849a-fb8a-4d37-9c74-94d910553723,2011-11-22,0.108,0.108,0.0,0.108,m3/s,m3/s,aucune,FLAG_DUPLICATE_TIMESTEP | FLAG_GAP_TIME_SERIES | FLAG_TIMESTEP_IRREGULAR | QA_REQUIRED | SCIENTIFIC_NOTATION_CONVERTED | UNIT_ASSUMED,0.0,CONFLICT_VALUE_TO_REVIEW
raw_mesures_debit_jr,296153,295/10,7042849a-fb8a-4d37-9c74-94d910553723,2011-11-23,0.108,0.108,0.0,0.108,m3/s,m3/s,aucune,FLAG_DUPLICATE_TIMESTEP | FLAG_GAP_TIME_SERIES | FLAG_TIMESTEP_IRREGULAR | QA_REQUIRED | SCIENTIFIC_NOTATION_CONVERTED | UNIT_ASSUMED,0.0,CONFLICT_VALUE_TO_REVIEW
raw_mesures_debit_jr,296154,295/10,7042849a-fb8a-4d37-9c74-94d910553723,2011-11-24,0.108,0.108,0.0,0.108,m3/s,m3/s,aucune,FLAG_DUPLICATE_TIMESTEP | FLAG_GAP_TIME_SERIES | FLAG_TIMESTEP_IRREGULAR | QA_REQUIRED | SCIENTIFIC_NOTATION_CONVERTED | UNIT_ASSUMED,0.0,CONFLICT_VALUE_TO_REVIEW
raw_mesures_debit_jr,296415,295/10,7042849a-fb8a-4d37-9c74-94d910553723,2012-08-11,0.108,0.108,0.0,0.108,m3/s,m3/s,aucune,FLAG_DUPLICATE_TIMESTEP | FLAG_GAP_TIME_SERIES | FLAG_TIMESTEP_IRREGULAR | QA_REQUIRED | SCIENTIFIC_NOTATION_CONVERTED | UNIT_ASSUMED,0.0,CONFLICT_VALUE_TO_REVIEW
raw_mesures_debit_jr,296416,295/10,7042849a-fb8a-4d37-9c74-94d910553723,2012-08-12,0.108,0.108,0.0,0.108,m3/s,m3/s,aucune,FLAG_DUPLICATE_TIMESTEP | FLAG_GAP_TIME_SERIES | FLAG_TIMESTEP_IRREGULAR | QA_REQUIRED | SCIENTIFIC_NOTATION_CONVERTED | UNIT_ASSUMED,0.0,CONFLICT_VALUE_TO_REVIEW
raw_mesures_debit_jr,296417,295/10,7042849a-fb8a-4d37-9c74-94d910553723,2012-08-13,0.108,0.108,0.0,0.108,m3/s,m3/s,aucune,FLAG_DUPLICATE_TIMESTEP | FLAG_GAP_TIME_SERIES | FLAG_TIMESTEP_IRREGULAR | QA_REQUIRED | SCIENTIFIC_NOTATION_CONVERTED | UNIT_ASSUMED,0.0,CONFLICT_VALUE_TO_REVIEW
raw_mesures_debit_jr,296418,295/10,7042849a-fb8a-4d37-9c74-94d910553723,2012-08-14,0.108,0.108,0.0,0.108,m3/s,m3/s,aucune,FLAG_DUPLICATE_TIMESTEP | FLAG_GAP_TIME_SERIES | FLAG_TIMESTEP_IRREGULAR | QA_REQUIRED | SCIENTIFIC_NOTATION_CONVERTED | UNIT_ASSUMED,0.0,CONFLICT_VALUE_TO_REVIEW
raw_mesures_debit_jr,296419,295/10,7042849a-fb8a-4d37-9c74-94d910553723,2012-08-15,0.108,0.108,0.0,0.108,m3/s,m3/s,aucune,FLAG_DUPLICATE_TIMESTEP | FLAG_GAP_TIME_SERIES | FLAG_TIMESTEP_IRREGULAR | QA_REQUIRED | SCIENTIFIC_NOTATION_CONVERTED | UNIT_ASSUMED,0.0,CONFLICT_VALUE_TO_REVIEW
raw_mesures_debit_jr,296420,295/10,7042849a-fb8a-4d37-9c74-94d910553723,2012-08-16,0.108,0.108,0.0,0.108,m3/s,m3/s,aucune,FLAG_DUPLICATE_TIMESTEP | FLAG_GAP_TIME_SERIES | FLAG_TIMESTEP_IRREGULAR | QA_REQUIRED | SCIENTIFIC_NOTATION_CONVERTED | UNIT_ASSUMED,0.0,CONFLICT_VALUE_TO_REVIEW
raw_mesures_debit_jr,296421,295/10,7042849a-fb8a-4d37-9c74-94d910553723,2012-08-17,0.108,0.108,0.0,0.108,m3/s,m3/s,aucune,FLAG_DUPLICATE_TIMESTEP | FLAG_GAP_TIME_SERIES | FLAG_TIMESTEP_IRREGULAR | QA_REQUIRED | SCIENTIFIC_NOTATION_CONVERTED | UNIT_ASSUMED,0.0,CONFLICT_VALUE_TO_REVIEW
raw_mesures_debit_jr,296422,295/10,7042849a-fb8a-4d37-9c74-94d910553723,2012-08-18,0.108,0.108,0.0,0.108,m3/s,m3/s,aucune,FLAG_DUPLICATE_TIMESTEP | FLAG_GAP_TIME_SERIES | FLAG_TIMESTEP_IRREGULAR | QA_REQUIRED | SCIENTIFIC_NOTATION_CONVERTED | UNIT_ASSUMED,0.0,CONFLICT_VALUE_TO_REVIEW
raw_mesures_debit_jr,296423,295/10,7042849a-fb8a-4d37-9c74-94d910553723,2012-08-19,0.108,0.108,0.0,0.108,m3/s,m3/s,aucune,FLAG_DUPLICATE_TIMESTEP | FLAG_GAP_TIME_SERIES | FLAG_TIMESTEP_IRREGULAR | QA_REQUIRED | SCIENTIFIC_NOTATION_CONVERTED | UNIT_ASSUMED,0.0,CONFLICT_VALUE_TO_REVIEW
raw_mesures_debit_jr,296424,295/10,7042849a-fb8a-4d37-9c74-94d910553723,2012-08-20,0.108,0.108,0.0,0.108,m3/s,m3/s,aucune,FLAG_DUPLICATE_TIMESTEP | FLAG_GAP_TIME_SERIES | FLAG_TIMESTEP_IRREGULAR | QA_REQUIRED | SCIENTIFIC_NOTATION_CONVERTED | UNIT_ASSUMED,0.0,CONFLICT_VALUE_TO_REVIEW
raw_mesures_debit_jr,296467,295/10,7042849a-fb8a-4d37-9c74-94d910553723,2012-10-02,0.108,0.108,0.0,0.108,m3/s,m3/s,aucune,FLAG_DUPLICATE_TIMESTEP | FLAG_GAP_TIME_SERIES | FLAG_TIMESTEP_IRREGULAR | QA_REQUIRED | SCIENTIFIC_NOTATION_CONVERTED | UNIT_ASSUMED,0.0,CONFLICT_VALUE_TO_REVIEW
raw_mesures_debit_jr,296468,295/10,7042849a-fb8a-4d37-9c74-94d910553723,2012-10-03,0.108,0.108,0.0,0.108,m3/s,m3/s,aucune,FLAG_DUPLICATE_TIMESTEP | FLAG_GAP_TIME_SERIES | FLAG_TIMESTEP_IRREGULAR | QA_REQUIRED | SCIENTIFIC_NOTATION_CONVERTED | UNIT_ASSUMED,0.0,CONFLICT_VALUE_TO_REVIEW
raw_mesures_debit_jr,296469,295/10,7042849a-fb8a-4d37-9c74-94d910553723,2012-10-04,0.108,0.108,0.0,0.108,m3/s,m3/s,aucune,FLAG_DUPLICATE_TIMESTEP | FLAG_GAP_TIME_SERIES | FLAG_TIMESTEP_IRREGULAR | QA_REQUIRED | SCIENTIFIC_NOTATION_CONVERTED | UNIT_ASSUMED,0.0,CONFLICT_VALUE_TO_REVIEW
raw_mesures_debit_jr,296470,295/10,7042849a-fb8a-4d37-9c74-94d910553723,2012-10-05,0.108,0.108,0.0,0.108,m3/s,m3/s,aucune,FLAG_DUPLICATE_TIMESTEP | FLAG_GAP_TIME_SERIES | FLAG_TIMESTEP_IRREGULAR | QA_REQUIRED | SCIENTIFIC_NOTATION_CONVERTED | UNIT_ASSUMED,0.0,CONFLICT_VALUE_TO_REVIEW
raw_mesures_debit_jr,296471,295/10,7042849a-fb8a-4d37-9c74-94d910553723,2012-10-06,0.108,0.108,0.0,0.108,m3/s,m3/s,aucune,FLAG_DUPLICATE_TIMESTEP | FLAG_GAP_TIME_SERIES | FLAG_TIMESTEP_IRREGULAR | QA_REQUIRED | SCIENTIFIC_NOTATION_CONVERTED | UNIT_ASSUMED,0.0,CONFLICT_VALUE_TO_REVIEW
raw_mesures_debit_jr,296472,295/10,7042849a-fb8a-4d37-9c74-94d910553723,2012-10-07,0.108,0.108,0.0,0.108,m3/s,m3/s,aucune,FLAG_DUPLICATE_TIMESTEP | FLAG_GAP_TIME_SERIES | FLAG_TIMESTEP_IRREGULAR | QA_REQUIRED | SCIENTIFIC_NOTATION_CONVERTED | UNIT_ASSUMED,0.0,CONFLICT_VALUE_TO_REVIEW
raw_mesures_debit_jr,296473,295/10,7042849a-fb8a-4d37-9c74-94d910553723,2012-10-08,0.108,0.108,0.0,0.108,m3/s,m3/s,aucune,FLAG_DUPLICATE_TIMESTEP | FLAG_GAP_TIME_SERIES | FLAG_TIMESTEP_IRREGULAR | QA_REQUIRED | SCIENTIFIC_NOTATION_CONVERTED | UNIT_ASSUMED,0.0,CONFLICT_VALUE_TO_REVIEW
raw_mesures_debit_jr,296474,295/10,7042849a-fb8a-4d37-9c74-94d910553723,2012-10-09,0.108,0.108,0.0,0.108,m3/s,m3/s,aucune,FLAG_DUPLICATE_TIMESTEP | FLAG_GAP_TIME_SERIES | FLAG_TIMESTEP_IRREGULAR | QA_REQUIRED | SCIENTIFIC_NOTATION_CONVERTED | UNIT_ASSUMED,0.0,CONFLICT_VALUE_TO_REVIEW
raw_mesures_debit_jr,296475,295/10,7042849a-fb8a-4d37-9c74-94d910553723,2012-10-10,0.108,0.108,0.0,0.108,m3/s,m3/s,aucune,FLAG_DUPLICATE_TIMESTEP | FLAG_GAP_TIME_SERIES | FLAG_TIMESTEP_IRREGULAR | QA_REQUIRED | SCIENTIFIC_NOTATION_CONVERTED | UNIT_ASSUMED,0.0,CONFLICT_VALUE_TO_REVIEW
raw_mesures_debit_jr,296476,295/10,7042849a-fb8a-4d37-9c74-94d910553723,2012-10-11,0.108,0.108,0.0,0.108,m3/s,m3/s,aucune,FLAG_DUPLICATE_TIMESTEP | FLAG_GAP_TIME_SERIES | FLAG_TIMESTEP_IRREGULAR | QA_REQUIRED | SCIENTIFIC_NOTATION_CONVERTED | UNIT_ASSUMED,0.0,CONFLICT_VALUE_TO_REVIEW
raw_mesures_debit_jr,296477,295/10,7042849a-fb8a-4d37-9c74-94d910553723,2012-10-12,0.108,0.108,0.0,0.108,m3/s,m3/s,aucune,FLAG_DUPLICATE_TIMESTEP | FLAG_GAP_TIME_SERIES | FLAG_TIMESTEP_IRREGULAR | QA_REQUIRED | SCIENTIFIC_NOTATION_CONVERTED | UNIT_ASSUMED,0.0,CONFLICT_VALUE_TO_REVIEW
raw_mesures_debit_jr,296478,295/10,7042849a-fb8a-4d37-9c74-94d910553723,2012-10-13,0.108,0.108,0.0,0.108,m3/s,m3/s,aucune,FLAG_DUPLICATE_TIMESTEP | FLAG_GAP_TIME_SERIES | FLAG_TIMESTEP_IRREGULAR | QA_REQUIRED | SCIENTIFIC_NOTATION_CONVERTED | UNIT_ASSUMED,0.0,CONFLICT_VALUE_TO_REVIEW
raw_mesures_debit_jr,296479,295/10,7042849a-fb8a-4d37-9c74-94d910553723,2012-10-14,0.108,0.108,0.0,0.108,m3/s,m3/s,aucune,FLAG_DUPLICATE_TIMESTEP | FLAG_GAP_TIME_SERIES | FLAG_TIMESTEP_IRREGULAR | QA_REQUIRED | SCIENTIFIC_NOTATION_CONVERTED | UNIT_ASSUMED,0.0,CONFLICT_VALUE_TO_REVIEW
raw_mesures_debit_jr,296480,295/10,7042849a-fb8a-4d37-9c74-94d910553723,2012-10-15,0.108,0.108,0.0,0.108,m3/s,m3/s,aucune,FLAG_DUPLICATE_TIMESTEP | FLAG_GAP_TIME_SERIES | FLAG_TIMESTEP_IRREGULAR | QA_REQUIRED | SCIENTIFIC_NOTATION_CONVERTED | UNIT_ASSUMED,0.0,CONFLICT_VALUE_TO_REVIEW
raw_mesures_debit_jr,296481,295/10,7042849a-fb8a-4d37-9c74-94d910553723,2012-10-16,0.108,0.108,0.0,0.108,m3/s,m3/s,aucune,FLAG_DUPLICATE_TIMESTEP | FLAG_GAP_TIME_SERIES | FLAG_TIMESTEP_IRREGULAR | QA_REQUIRED | SCIENTIFIC_NOTATION_CONVERTED | UNIT_ASSUMED,0.0,CONFLICT_VALUE_TO_REVIEW
raw_mesures_debit_jr,296482,295/10,7042849a-fb8a-4d37-9c74-94d910553723,2012-10-17,0.108,0.108,0.0,0.108,m3/s,m3/s,aucune,FLAG_DUPLICATE_TIMESTEP | FLAG_GAP_TIME_SERIES | FLAG_TIMESTEP_IRREGULAR | QA_REQUIRED | SCIENTIFIC_NOTATION_CONVERTED | UNIT_ASSUMED,0.0,CONFLICT_VALUE_TO_REVIEW
raw_mesures_debit_jr,296483,295/10,7042849a-fb8a-4d37-9c74-94d910553723,2012-10-18,0.108,0.108,0.0,0.108,m3/s,m3/s,aucune,FLAG_DUPLICATE_TIMESTEP | FLAG_GAP_TIME_SERIES | FLAG_TIMESTEP_IRREGULAR | QA_REQUIRED | SCIENTIFIC_NOTATION_CONVERTED | UNIT_ASSUMED,0.0,CONFLICT_VALUE_TO_REVIEW
raw_mesures_debit_jr,296484,295/10,7042849a-fb8a-4d37-9c74-94d910553723,2012-10-19,0.108,0.108,0.0,0.108,m3/s,m3/s,aucune,FLAG_DUPLICATE_TIMESTEP | FLAG_GAP_TIME_SERIES | FLAG_TIMESTEP_IRREGULAR | QA_REQUIRED | SCIENTIFIC_NOTATION_CONVERTED | UNIT_ASSUMED,0.0,CONFLICT_VALUE_TO_REVIEW
raw_mesures_debit_jr,296485,295/10,7042849a-fb8a-4d37-9c74-94d910553723,2012-10-20,0.108,0.108,0.0,0.108,m3/s,m3/s,aucune,FLAG_DUPLICATE_TIMESTEP | FLAG_GAP_TIME_SERIES | FLAG_TIMESTEP_IRREGULAR | QA_REQUIRED | SCIENTIFIC_NOTATION_CONVERTED | UNIT_ASSUMED,0.0,CONFLICT_VALUE_TO_REVIEW
raw_mesures_debit_jr,296486,295/10,7042849a-fb8a-4d37-9c74-94d910553723,2012-10-21,0.108,0.108,0.0,0.108,m3/s,m3/s,aucune,FLAG_DUPLICATE_TIMESTEP | FLAG_GAP_TIME_SERIES | FLAG_TIMESTEP_IRREGULAR | QA_REQUIRED | SCIENTIFIC_NOTATION_CONVERTED | UNIT_ASSUMED,0.0,CONFLICT_VALUE_TO_REVIEW
raw_mesures_debit_jr,296487,295/10,7042849a-fb8a-4d37-9c74-94d910553723,2012-10-22,0.108,0.108,0.0,0.108,m3/s,m3/s,aucune,FLAG_DUPLICATE_TIMESTEP | FLAG_GAP_TIME_SERIES | FLAG_TIMESTEP_IRREGULAR | QA_REQUIRED | SCIENTIFIC_NOTATION_CONVERTED | UNIT_ASSUMED,0.0,CONFLICT_VALUE_TO_REVIEW
raw_mesures_debit_jr,296488,295/10,7042849a-fb8a-4d37-9c74-94d910553723,2012-10-23,0.108,0.108,0.0,0.108,m3/s,m3/s,aucune,FLAG_DUPLICATE_TIMESTEP | FLAG_GAP_TIME_SERIES | FLAG_TIMESTEP_IRREGULAR | QA_REQUIRED | SCIENTIFIC_NOTATION_CONVERTED | UNIT_ASSUMED,0.0,CONFLICT_VALUE_TO_REVIEW
raw_mesures_debit_jr,296489,295/10,7042849a-fb8a-4d37-9c74-94d910553723,2012-10-24,0.108,0.108,0.0,0.108,m3/s,m3/s,aucune,FLAG_DUPLICATE_TIMESTEP | FLAG_GAP_TIME_SERIES | FLAG_TIMESTEP_IRREGULAR | QA_REQUIRED | SCIENTIFIC_NOTATION_CONVERTED | UNIT_ASSUMED,0.0,CONFLICT_VALUE_TO_REVIEW
raw_mesures_debit_jr,296490,295/10,7042849a-fb8a-4d37-9c74-94d910553723,2012-10-25,0.108,0.108,0.0,0.108,m3/s,m3/s,aucune,FLAG_DUPLICATE_TIMESTEP | FLAG_GAP_TIME_SERIES | FLAG_TIMESTEP_IRREGULAR | QA_REQUIRED | SCIENTIFIC_NOTATION_CONVERTED | UNIT_ASSUMED,0.0,CONFLICT_VALUE_TO_REVIEW
raw_mesures_debit_jr,296491,295/10,7042849a-fb8a-4d37-9c74-94d910553723,2012-10-26,0.108,0.108,0.0,0.108,m3/s,m3/s,aucune,FLAG_DUPLICATE_TIMESTEP | FLAG_GAP_TIME_SERIES | FLAG_TIMESTEP_IRREGULAR | QA_REQUIRED | SCIENTIFIC_NOTATION_CONVERTED | UNIT_ASSUMED,0.0,CONFLICT_VALUE_TO_REVIEW
raw_mesures_debit_jr,296492,295/10,7042849a-fb8a-4d37-9c74-94d910553723,2012-10-27,0.108,0.108,0.0,0.108,m3/s,m3/s,aucune,FLAG_DUPLICATE_TIMESTEP | FLAG_GAP_TIME_SERIES | FLAG_TIMESTEP_IRREGULAR | QA_REQUIRED | SCIENTIFIC_NOTATION_CONVERTED | UNIT_ASSUMED,0.0,CONFLICT_VALUE_TO_REVIEW
raw_mesures_debit_jr,296493,295/10,7042849a-fb8a-4d37-9c74-94d910553723,2012-10-28,0.108,0.108,0.0,0.108,m3/s,m3/s,aucune,FLAG_DUPLICATE_TIMESTEP | FLAG_GAP_TIME_SERIES | FLAG_TIMESTEP_IRREGULAR | QA_REQUIRED | SCIENTIFIC_NOTATION_CONVERTED | UNIT_ASSUMED,0.0,CONFLICT_VALUE_TO_REVIEW
raw_mesures_debit_jr,296494,295/10,7042849a-fb8a-4d37-9c74-94d910553723,2012-10-29,0.108,0.108,0.0,0.108,m3/s,m3/s,aucune,FLAG_DUPLICATE_TIMESTEP | FLAG_GAP_TIME_SERIES | FLAG_TIMESTEP_IRREGULAR | QA_REQUIRED | SCIENTIFIC_NOTATION_CONVERTED | UNIT_ASSUMED,0.0,CONFLICT_VALUE_TO_REVIEW
raw_mesures_debit_jr,296495,295/10,7042849a-fb8a-4d37-9c74-94d910553723,2012-10-30,0.108,0.108,0.0,0.108,m3/s,m3/s,aucune,FLAG_DUPLICATE_TIMESTEP | FLAG_GAP_TIME_SERIES | FLAG_TIMESTEP_IRREGULAR | QA_REQUIRED | SCIENTIFIC_NOTATION_CONVERTED | UNIT_ASSUMED,0.0,CONFLICT_VALUE_TO_REVIEW
raw_mesures_debit_jr,296633,295/10,7042849a-fb8a-4d37-9c74-94d910553723,2013-03-17,1.105,1.105,100000.0,1.105,m3/s,m3/s,aucune,FLAG_DUPLICATE_TIMESTEP | FLAG_GAP_TIME_SERIES | FLAG_TIMESTEP_IRREGULAR | QA_REQUIRED | SCIENTIFIC_NOTATION_CONVERTED | UNIT_ASSUMED,90497.73755656109,PARSING_SCALING_ERROR
raw_mesures_debit_jr,296672,295/10,7042849a-fb8a-4d37-9c74-94d910553723,2013-04-25,1.105,1.105,100000.0,1.105,m3/s,m3/s,aucune,FLAG_DUPLICATE_TIMESTEP | FLAG_GAP_TIME_SERIES | FLAG_TIMESTEP_IRREGULAR | QA_REQUIRED | SCIENTIFIC_NOTATION_CONVERTED | UNIT_ASSUMED,90497.73755656109,PARSING_SCALING_ERROR
raw_mesures_debit_jr,296673,295/10,7042849a-fb8a-4d37-9c74-94d910553723,2013-04-26,1.105,1.105,100000.0,1.105,m3/s,m3/s,aucune,FLAG_DUPLICATE_TIMESTEP | FLAG_GAP_TIME_SERIES | FLAG_TIMESTEP_IRREGULAR | QA_REQUIRED | SCIENTIFIC_NOTATION_CONVERTED | UNIT_ASSUMED,90497.73755656109,PARSING_SCALING_ERROR
raw_mesures_debit_jr,296674,295/10,7042849a-fb8a-4d37-9c74-94d910553723,2013-04-27,1.105,1.105,100000.0,1.105,m3/s,m3/s,aucune,FLAG_DUPLICATE_TIMESTEP | FLAG_GAP_TIME_SERIES | FLAG_TIMESTEP_IRREGULAR | QA_REQUIRED | SCIENTIFIC_NOTATION_CONVERTED | UNIT_ASSUMED,90497.73755656109,PARSING_SCALING_ERROR
raw_mesures_debit_jr,296675,295/10,7042849a-fb8a-4d37-9c74-94d910553723,2013-04-28,1.105,1.105,100000.0,1.105,m3/s,m3/s,aucune,FLAG_DUPLICATE_TIMESTEP | FLAG_GAP_TIME_SERIES | FLAG_TIMESTEP_IRREGULAR | QA_REQUIRED | SCIENTIFIC_NOTATION_CONVERTED | UNIT_ASSUMED,90497.73755656109,PARSING_SCALING_ERROR
raw_mesures_debit_jr,305514,323/4,fc8e8e8b-494c-46b7-aa72-d634d4c19cd2,2013-07-10,0.101,0.101,0.0,0.101,m3/s,m3/s,aucune,FLAG_DUPLICATE_TIMESTEP | FLAG_GAP_TIME_SERIES | FLAG_TIMESTEP_IRREGULAR | QA_REQUIRED | SCIENTIFIC_NOTATION_CONVERTED | UNIT_ASSUMED,0.0,CONFLICT_VALUE_TO_REVIEW
raw_mesures_debit_jr,312745,3261/14,9de7c827-693d-4af0-9f1f-ec66a407ccb3,1980-08-26,0.101,0.101,0.0,0.101,m3/s,m3/s,aucune,FLAG_DUPLICATE_TIMESTEP | FLAG_GAP_TIME_SERIES | FLAG_TIMESTEP_IRREGULAR | QA_REQUIRED | SCIENTIFIC_NOTATION_CONVERTED | UNIT_ASSUMED,0.0,CONFLICT_VALUE_TO_REVIEW
raw_mesures_debit_jr,313114,3261/14,9de7c827-693d-4af0-9f1f-ec66a407ccb3,1981-08-30,0.103,0.103,0.0,0.103,m3/s,m3/s,aucune,FLAG_DUPLICATE_TIMESTEP | FLAG_GAP_TIME_SERIES | FLAG_TIMESTEP_IRREGULAR | QA_REQUIRED | SCIENTIFIC_NOTATION_CONVERTED | UNIT_ASSUMED,0.0,CONFLICT_VALUE_TO_REVIEW
raw_mesures_debit_jr,314488,3261/14,9de7c827-693d-4af0-9f1f-ec66a407ccb3,1986-06-05,0.101,0.101,0.0,0.101,m3/s,m3/s,aucune,FLAG_DUPLICATE_TIMESTEP | FLAG_GAP_TIME_SERIES | FLAG_TIMESTEP_IRREGULAR | QA_REQUIRED | SCIENTIFIC_NOTATION_CONVERTED | UNIT_ASSUMED,0.0,CONFLICT_VALUE_TO_REVIEW
raw_mesures_debit_jr,314489,3261/14,9de7c827-693d-4af0-9f1f-ec66a407ccb3,1986-06-06,0.104,0.104,0.0,0.104,m3/s,m3/s,aucune,FLAG_DUPLICATE_TIMESTEP | FLAG_GAP_TIME_SERIES | FLAG_TIMESTEP_IRREGULAR | QA_REQUIRED | SCIENTIFIC_NOTATION_CONVERTED | UNIT_ASSUMED,0.0,CONFLICT_VALUE_TO_REVIEW
raw_mesures_debit_jr,314490,3261/14,9de7c827-693d-4af0-9f1f-ec66a407ccb3,1986-06-07,0.106,0.106,0.0,0.106,m3/s,m3/s,aucune,FLAG_DUPLICATE_TIMESTEP | FLAG_GAP_TIME_SERIES | FLAG_TIMESTEP_IRREGULAR | QA_REQUIRED | SCIENTIFIC_NOTATION_CONVERTED | UNIT_ASSUMED,0.0,CONFLICT_VALUE_TO_REVIEW
raw_mesures_debit_jr,314491,3261/14,9de7c827-693d-4af0-9f1f-ec66a407ccb3,1986-06-08,0.109,0.109,0.0,0.109,m3/s,m3/s,aucune,FLAG_DUPLICATE_TIMESTEP | FLAG_GAP_TIME_SERIES | FLAG_TIMESTEP_IRREGULAR | QA_REQUIRED | SCIENTIFIC_NOTATION_CONVERTED | UNIT_ASSUMED,0.0,CONFLICT_VALUE_TO_REVIEW
raw_mesures_debit_jr,314525,3261/14,9de7c827-693d-4af0-9f1f-ec66a407ccb3,1986-07-12,0.108,0.108,0.0,0.108,m3/s,m3/s,aucune,FLAG_DUPLICATE_TIMESTEP | FLAG_GAP_TIME_SERIES | FLAG_TIMESTEP_IRREGULAR | QA_REQUIRED | SCIENTIFIC_NOTATION_CONVERTED | UNIT_ASSUMED,0.0,CONFLICT_VALUE_TO_REVIEW
raw_mesures_debit_jr,314530,3261/14,9de7c827-693d-4af0-9f1f-ec66a407ccb3,1986-07-17,0.109,0.109,0.0,0.109,m3/s,m3/s,aucune,FLAG_DUPLICATE_TIMESTEP | FLAG_GAP_TIME_SERIES | FLAG_TIMESTEP_IRREGULAR | QA_REQUIRED | SCIENTIFIC_NOTATION_CONVERTED | UNIT_ASSUMED,0.0,CONFLICT_VALUE_TO_REVIEW
raw_mesures_debit_jr,314558,3261/14,9de7c827-693d-4af0-9f1f-ec66a407ccb3,1986-08-14,0.108,0.108,0.0,0.108,m3/s,m3/s,aucune,FLAG_DUPLICATE_TIMESTEP | FLAG_GAP_TIME_SERIES | FLAG_TIMESTEP_IRREGULAR | QA_REQUIRED | SCIENTIFIC_NOTATION_CONVERTED | UNIT_ASSUMED,0.0,CONFLICT_VALUE_TO_REVIEW
raw_mesures_debit_jr,314886,3261/14,9de7c827-693d-4af0-9f1f-ec66a407ccb3,1987-07-08,0.103,0.103,0.0,0.103,m3/s,m3/s,aucune,FLAG_DUPLICATE_TIMESTEP | FLAG_GAP_TIME_SERIES | FLAG_TIMESTEP_IRREGULAR | QA_REQUIRED | SCIENTIFIC_NOTATION_CONVERTED | UNIT_ASSUMED,0.0,CONFLICT_VALUE_TO_REVIEW
raw_mesures_debit_jr,314895,3261/14,9de7c827-693d-4af0-9f1f-ec66a407ccb3,1987-07-17,0.106,0.106,0.0,0.106,m3/s,m3/s,aucune,FLAG_DUPLICATE_TIMESTEP | FLAG_GAP_TIME_SERIES | FLAG_TIMESTEP_IRREGULAR | QA_REQUIRED | SCIENTIFIC_NOTATION_CONVERTED | UNIT_ASSUMED,0.0,CONFLICT_VALUE_TO_REVIEW
raw_mesures_debit_jr,314916,3261/14,9de7c827-693d-4af0-9f1f-ec66a407ccb3,1987-08-07,0.106,0.106,0.0,0.106,m3/s,m3/s,aucune,FLAG_DUPLICATE_TIMESTEP | FLAG_GAP_TIME_SERIES | FLAG_TIMESTEP_IRREGULAR | QA_REQUIRED | SCIENTIFIC_NOTATION_CONVERTED | UNIT_ASSUMED,0.0,CONFLICT_VALUE_TO_REVIEW
raw_mesures_debit_jr,314968,3261/14,9de7c827-693d-4af0-9f1f-ec66a407ccb3,1987-09-28,0.104,0.104,0.0,0.104,m3/s,m3/s,aucune,FLAG_DUPLICATE_TIMESTEP | FLAG_GAP_TIME_SERIES | FLAG_TIMESTEP_IRREGULAR | QA_REQUIRED | SCIENTIFIC_NOTATION_CONVERTED | UNIT_ASSUMED,0.0,CONFLICT_VALUE_TO_REVIEW
raw_mesures_debit_jr,315613,3261/14,9de7c827-693d-4af0-9f1f-ec66a407ccb3,1989-07-04,0.102,0.102,0.0,0.102,m3/s,m3/s,aucune,FLAG_DUPLICATE_TIMESTEP | FLAG_GAP_TIME_SERIES | FLAG_TIMESTEP_IRREGULAR | QA_REQUIRED | SCIENTIFIC_NOTATION_CONVERTED | UNIT_ASSUMED,0.0,CONFLICT_VALUE_TO_REVIEW
raw_mesures_debit_jr,315614,3261/14,9de7c827-693d-4af0-9f1f-ec66a407ccb3,1989-07-05,0.108,0.108,0.0,0.108,m3/s,m3/s,aucune,FLAG_DUPLICATE_TIMESTEP | FLAG_GAP_TIME_SERIES | FLAG_TIMESTEP_IRREGULAR | QA_REQUIRED | SCIENTIFIC_NOTATION_CONVERTED | UNIT_ASSUMED,0.0,CONFLICT_VALUE_TO_REVIEW
raw_mesures_debit_jr,315638,3261/14,9de7c827-693d-4af0-9f1f-ec66a407ccb3,1989-07-29,0.101,0.101,0.0,0.101,m3/s,m3/s,aucune,FLAG_DUPLICATE_TIMESTEP | FLAG_GAP_TIME_SERIES | FLAG_TIMESTEP_IRREGULAR | QA_REQUIRED | SCIENTIFIC_NOTATION_CONVERTED | UNIT_ASSUMED,0.0,CONFLICT_VALUE_TO_REVIEW
raw_mesures_debit_jr,315652,3261/14,9de7c827-693d-4af0-9f1f-ec66a407ccb3,1989-08-12,0.106,0.106,0.0,0.106,m3/s,m3/s,aucune,FLAG_DUPLICATE_TIMESTEP | FLAG_GAP_TIME_SERIES | FLAG_TIMESTEP_IRREGULAR | QA_REQUIRED | SCIENTIFIC_NOTATION_CONVERTED | UNIT_ASSUMED,0.0,CONFLICT_VALUE_TO_REVIEW
raw_mesures_debit_jr,315985,3261/14,9de7c827-693d-4af0-9f1f-ec66a407ccb3,1990-07-11,0.104,0.104,0.0,0.104,m3/s,m3/s,aucune,FLAG_DUPLICATE_TIMESTEP | FLAG_GAP_TIME_SERIES | FLAG_TIMESTEP_IRREGULAR | QA_REQUIRED | SCIENTIFIC_NOTATION_CONVERTED | UNIT_ASSUMED,0.0,CONFLICT_VALUE_TO_REVIEW
raw_mesures_debit_jr,315986,3261/14,9de7c827-693d-4af0-9f1f-ec66a407ccb3,1990-07-12,0.106,0.106,0.0,0.106,m3/s,m3/s,aucune,FLAG_DUPLICATE_TIMESTEP | FLAG_GAP_TIME_SERIES | FLAG_TIMESTEP_IRREGULAR | QA_REQUIRED | SCIENTIFIC_NOTATION_CONVERTED | UNIT_ASSUMED,0.0,CONFLICT_VALUE_TO_REVIEW
raw_mesures_debit_jr,315988,3261/14,9de7c827-693d-4af0-9f1f-ec66a407ccb3,1990-07-14,0.104,0.104,0.0,0.104,m3/s,m3/s,aucune,FLAG_DUPLICATE_TIMESTEP | FLAG_GAP_TIME_SERIES | FLAG_TIMESTEP_IRREGULAR | QA_REQUIRED | SCIENTIFIC_NOTATION_CONVERTED | UNIT_ASSUMED,0.0,CONFLICT_VALUE_TO_REVIEW
raw_mesures_debit_jr,315998,3261/14,9de7c827-693d-4af0-9f1f-ec66a407ccb3,1990-07-24,0.101,0.101,0.0,0.101,m3/s,m3/s,aucune,FLAG_DUPLICATE_TIMESTEP | FLAG_GAP_TIME_SERIES | FLAG_TIMESTEP_IRREGULAR | QA_REQUIRED | SCIENTIFIC_NOTATION_CONVERTED | UNIT_ASSUMED,0.0,CONFLICT_VALUE_TO_REVIEW
raw_mesures_debit_jr,316003,3261/14,9de7c827-693d-4af0-9f1f-ec66a407ccb3,1990-07-29,0.101,0.101,0.0,0.101,m3/s,m3/s,aucune,FLAG_DUPLICATE_TIMESTEP | FLAG_GAP_TIME_SERIES | FLAG_TIMESTEP_IRREGULAR | QA_REQUIRED | SCIENTIFIC_NOTATION_CONVERTED | UNIT_ASSUMED,0.0,CONFLICT_VALUE_TO_REVIEW
raw_mesures_debit_jr,316036,3261/14,9de7c827-693d-4af0-9f1f-ec66a407ccb3,1990-08-31,0.102,0.102,0.0,0.102,m3/s,m3/s,aucune,FLAG_DUPLICATE_TIMESTEP | FLAG_GAP_TIME_SERIES | FLAG_TIMESTEP_IRREGULAR | QA_REQUIRED | SCIENTIFIC_NOTATION_CONVERTED | UNIT_ASSUMED,0.0,CONFLICT_VALUE_TO_REVIEW
raw_mesures_debit_jr,316381,3261/14,9de7c827-693d-4af0-9f1f-ec66a407ccb3,1991-08-11,0.102,0.102,0.0,0.102,m3/s,m3/s,aucune,FLAG_DUPLICATE_TIMESTEP | FLAG_GAP_TIME_SERIES | FLAG_TIMESTEP_IRREGULAR | QA_REQUIRED | SCIENTIFIC_NOTATION_CONVERTED | UNIT_ASSUMED,0.0,CONFLICT_VALUE_TO_REVIEW
raw_mesures_debit_jr,316383,3261/14,9de7c827-693d-4af0-9f1f-ec66a407ccb3,1991-08-13,0.106,0.106,0.0,0.106,m3/s,m3/s,aucune,FLAG_DUPLICATE_TIMESTEP | FLAG_GAP_TIME_SERIES | FLAG_TIMESTEP_IRREGULAR | QA_REQUIRED | SCIENTIFIC_NOTATION_CONVERTED | UNIT_ASSUMED,0.0,CONFLICT_VALUE_TO_REVIEW
raw_mesures_debit_jr,316753,3261/14,9de7c827-693d-4af0-9f1f-ec66a407ccb3,1992-08-17,0.107,0.107,0.0,0.107,m3/s,m3/s,aucune,FLAG_DUPLICATE_TIMESTEP | FLAG_GAP_TIME_SERIES | FLAG_TIMESTEP_IRREGULAR | QA_REQUIRED | SCIENTIFIC_NOTATION_CONVERTED | UNIT_ASSUMED,0.0,CONFLICT_VALUE_TO_REVIEW
raw_mesures_debit_jr,316755,3261/14,9de7c827-693d-4af0-9f1f-ec66a407ccb3,1992-08-19,0.103,0.103,0.0,0.103,m3/s,m3/s,aucune,FLAG_DUPLICATE_TIMESTEP | FLAG_GAP_TIME_SERIES | FLAG_TIMESTEP_IRREGULAR | QA_REQUIRED | SCIENTIFIC_NOTATION_CONVERTED | UNIT_ASSUMED,0.0,CONFLICT_VALUE_TO_REVIEW
raw_mesures_debit_jr,316773,3261/14,9de7c827-693d-4af0-9f1f-ec66a407ccb3,1992-09-06,0.101,0.101,0.0,0.101,m3/s,m3/s,aucune,FLAG_DUPLICATE_TIMESTEP | FLAG_GAP_TIME_SERIES | FLAG_TIMESTEP_IRREGULAR | QA_REQUIRED | SCIENTIFIC_NOTATION_CONVERTED | UNIT_ASSUMED,0.0,CONFLICT_VALUE_TO_REVIEW
raw_mesures_debit_jr,316780,3261/14,9de7c827-693d-4af0-9f1f-ec66a407ccb3,1992-09-13,0.102,0.102,0.0,0.102,m3/s,m3/s,aucune,FLAG_DUPLICATE_TIMESTEP | FLAG_GAP_TIME_SERIES | FLAG_TIMESTEP_IRREGULAR | QA_REQUIRED | SCIENTIFIC_NOTATION_CONVERTED | UNIT_ASSUMED,0.0,CONFLICT_VALUE_TO_REVIEW
raw_mesures_debit_jr,316803,3261/14,9de7c827-693d-4af0-9f1f-ec66a407ccb3,1992-10-06,0.107,0.107,0.0,0.107,m3/s,m3/s,aucune,FLAG_DUPLICATE_TIMESTEP | FLAG_GAP_TIME_SERIES | FLAG_TIMESTEP_IRREGULAR | QA_REQUIRED | SCIENTIFIC_NOTATION_CONVERTED | UNIT_ASSUMED,0.0,CONFLICT_VALUE_TO_REVIEW
raw_mesures_debit_jr,317041,3261/14,9de7c827-693d-4af0-9f1f-ec66a407ccb3,1993-06-01,0.102,0.102,0.0,0.102,m3/s,m3/s,aucune,FLAG_DUPLICATE_TIMESTEP | FLAG_GAP_TIME_SERIES | FLAG_TIMESTEP_IRREGULAR | QA_REQUIRED | SCIENTIFIC_NOTATION_CONVERTED | UNIT_ASSUMED,0.0,CONFLICT_VALUE_TO_REVIEW
raw_mesures_debit_jr,317050,3261/14,9de7c827-693d-4af0-9f1f-ec66a407ccb3,1993-06-10,0.101,0.101,0.0,0.101,m3/s,m3/s,aucune,FLAG_DUPLICATE_TIMESTEP | FLAG_GAP_TIME_SERIES | FLAG_TIMESTEP_IRREGULAR | QA_REQUIRED | SCIENTIFIC_NOTATION_CONVERTED | UNIT_ASSUMED,0.0,CONFLICT_VALUE_TO_REVIEW
raw_mesures_debit_jr,317123,3261/14,9de7c827-693d-4af0-9f1f-ec66a407ccb3,1993-08-22,0.104,0.104,0.0,0.104,m3/s,m3/s,aucune,FLAG_DUPLICATE_TIMESTEP | FLAG_GAP_TIME_SERIES | FLAG_TIMESTEP_IRREGULAR | QA_REQUIRED | SCIENTIFIC_NOTATION_CONVERTED | UNIT_ASSUMED,0.0,CONFLICT_VALUE_TO_REVIEW
raw_mesures_debit_jr,317435,3261/14,9de7c827-693d-4af0-9f1f-ec66a407ccb3,1994-06-30,0.108,0.108,0.0,0.108,m3/s,m3/s,aucune,FLAG_DUPLICATE_TIMESTEP | FLAG_GAP_TIME_SERIES | FLAG_TIMESTEP_IRREGULAR | QA_REQUIRED | SCIENTIFIC_NOTATION_CONVERTED | UNIT_ASSUMED,0.0,CONFLICT_VALUE_TO_REVIEW
raw_mesures_debit_jr,317471,3261/14,9de7c827-693d-4af0-9f1f-ec66a407ccb3,1994-08-05,0.103,0.103,0.0,0.103,m3/s,m3/s,aucune,FLAG_DUPLICATE_TIMESTEP | FLAG_GAP_TIME_SERIES | FLAG_TIMESTEP_IRREGULAR | QA_REQUIRED | SCIENTIFIC_NOTATION_CONVERTED | UNIT_ASSUMED,0.0,CONFLICT_VALUE_TO_REVIEW
raw_mesures_debit_jr,317513,3261/14,9de7c827-693d-4af0-9f1f-ec66a407ccb3,1994-09-16,0.102,0.102,0.0,0.102,m3/s,m3/s,aucune,FLAG_DUPLICATE_TIMESTEP | FLAG_GAP_TIME_SERIES | FLAG_TIMESTEP_IRREGULAR | QA_REQUIRED | SCIENTIFIC_NOTATION_CONVERTED | UNIT_ASSUMED,0.0,CONFLICT_VALUE_TO_REVIEW
raw_mesures_debit_jr,317751,3261/14,9de7c827-693d-4af0-9f1f-ec66a407ccb3,1995-05-12,0.101,0.101,0.0,0.101,m3/s,m3/s,aucune,FLAG_DUPLICATE_TIMESTEP | FLAG_GAP_TIME_SERIES | FLAG_TIMESTEP_IRREGULAR | QA_REQUIRED | SCIENTIFIC_NOTATION_CONVERTED | UNIT_ASSUMED,0.0,CONFLICT_VALUE_TO_REVIEW
raw_mesures_debit_jr,335066,454/9,b1ba728c-f39b-4922-9a0c-3581390019e8,1978-01-06,0.105,0.105,0.0,0.105,m3/s,m3/s,aucune,FLAG_DUPLICATE_TIMESTEP | FLAG_GAP_TIME_SERIES | FLAG_TIMESTEP_IRREGULAR | QA_REQUIRED | SCIENTIFIC_NOTATION_CONVERTED | UNIT_ASSUMED,0.0,CONFLICT_VALUE_TO_REVIEW
raw_mesures_debit_jr,335556,454/9,b1ba728c-f39b-4922-9a0c-3581390019e8,1979-05-11,0.105,0.105,0.0,0.105,m3/s,m3/s,aucune,FLAG_DUPLICATE_TIMESTEP | FLAG_GAP_TIME_SERIES | FLAG_TIMESTEP_IRREGULAR | QA_REQUIRED | SCIENTIFIC_NOTATION_CONVERTED | UNIT_ASSUMED,0.0,CONFLICT_VALUE_TO_REVIEW
raw_mesures_debit_jr,335717,454/9,b1ba728c-f39b-4922-9a0c-3581390019e8,1979-10-19,0.107,0.107,0.0,0.107,m3/s,m3/s,aucune,FLAG_DUPLICATE_TIMESTEP | FLAG_GAP_TIME_SERIES | FLAG_TIMESTEP_IRREGULAR | QA_REQUIRED | SCIENTIFIC_NOTATION_CONVERTED | UNIT_ASSUMED,0.0,CONFLICT_VALUE_TO_REVIEW
raw_mesures_debit_jr,335756,454/9,b1ba728c-f39b-4922-9a0c-3581390019e8,1979-11-27,0.101,0.101,0.0,0.101,m3/s,m3/s,aucune,FLAG_DUPLICATE_TIMESTEP | FLAG_GAP_TIME_SERIES | FLAG_TIMESTEP_IRREGULAR | QA_REQUIRED | SCIENTIFIC_NOTATION_CONVERTED | UNIT_ASSUMED,0.0,CONFLICT_VALUE_TO_REVIEW
raw_mesures_debit_jr,335824,454/9,b1ba728c-f39b-4922-9a0c-3581390019e8,1980-02-03,0.104,0.104,0.0,0.104,m3/s,m3/s,aucune,FLAG_DUPLICATE_TIMESTEP | FLAG_GAP_TIME_SERIES | FLAG_TIMESTEP_IRREGULAR | QA_REQUIRED | SCIENTIFIC_NOTATION_CONVERTED | UNIT_ASSUMED,0.0,CONFLICT_VALUE_TO_REVIEW
raw_mesures_debit_jr,335880,454/9,b1ba728c-f39b-4922-9a0c-3581390019e8,1980-03-30,0.104,0.104,0.0,0.104,m3/s,m3/s,aucune,FLAG_DUPLICATE_TIMESTEP | FLAG_GAP_TIME_SERIES | FLAG_TIMESTEP_IRREGULAR | QA_REQUIRED | SCIENTIFIC_NOTATION_CONVERTED | UNIT_ASSUMED,0.0,CONFLICT_VALUE_TO_REVIEW
raw_mesures_debit_jr,335881,454/9,b1ba728c-f39b-4922-9a0c-3581390019e8,1980-03-31,0.101,0.101,0.0,0.101,m3/s,m3/s,aucune,FLAG_DUPLICATE_TIMESTEP | FLAG_GAP_TIME_SERIES | FLAG_TIMESTEP_IRREGULAR | QA_REQUIRED | SCIENTIFIC_NOTATION_CONVERTED | UNIT_ASSUMED,0.0,CONFLICT_VALUE_TO_REVIEW
raw_mesures_debit_jr,336150,454/9,b1ba728c-f39b-4922-9a0c-3581390019e8,1980-12-25,0.108,0.108,0.0,0.108,m3/s,m3/s,aucune,FLAG_DUPLICATE_TIMESTEP | FLAG_GAP_TIME_SERIES | FLAG_TIMESTEP_IRREGULAR | QA_REQUIRED | SCIENTIFIC_NOTATION_CONVERTED | UNIT_ASSUMED,0.0,CONFLICT_VALUE_TO_REVIEW
raw_mesures_debit_jr,336153,454/9,b1ba728c-f39b-4922-9a0c-3581390019e8,1980-12-28,0.108,0.108,0.0,0.108,m3/s,m3/s,aucune,FLAG_DUPLICATE_TIMESTEP | FLAG_GAP_TIME_SERIES | FLAG_TIMESTEP_IRREGULAR | QA_REQUIRED | SCIENTIFIC_NOTATION_CONVERTED | UNIT_ASSUMED,0.0,CONFLICT_VALUE_TO_REVIEW
raw_mesures_debit_jr,336283,454/9,b1ba728c-f39b-4922-9a0c-3581390019e8,1981-05-07,0.103,0.103,0.0,0.103,m3/s,m3/s,aucune,FLAG_DUPLICATE_TIMESTEP | FLAG_GAP_TIME_SERIES | FLAG_TIMESTEP_IRREGULAR | QA_REQUIRED | SCIENTIFIC_NOTATION_CONVERTED | UNIT_ASSUMED,0.0,CONFLICT_VALUE_TO_REVIEW
raw_mesures_debit_jr,336670,454/9,b1ba728c-f39b-4922-9a0c-3581390019e8,1982-05-29,0.104,0.104,0.0,0.104,m3/s,m3/s,aucune,FLAG_DUPLICATE_TIMESTEP | FLAG_GAP_TIME_SERIES | FLAG_TIMESTEP_IRREGULAR | QA_REQUIRED | SCIENTIFIC_NOTATION_CONVERTED | UNIT_ASSUMED,0.0,CONFLICT_VALUE_TO_REVIEW
raw_mesures_debit_jr,336671,454/9,b1ba728c-f39b-4922-9a0c-3581390019e8,1982-05-30,0.102,0.102,0.0,0.102,m3/s,m3/s,aucune,FLAG_DUPLICATE_TIMESTEP | FLAG_GAP_TIME_SERIES | FLAG_TIMESTEP_IRREGULAR | QA_REQUIRED | SCIENTIFIC_NOTATION_CONVERTED | UNIT_ASSUMED,0.0,CONFLICT_VALUE_TO_REVIEW
raw_mesures_debit_jr,336672,454/9,b1ba728c-f39b-4922-9a0c-3581390019e8,1982-05-31,0.102,0.102,0.0,0.102,m3/s,m3/s,aucune,FLAG_DUPLICATE_TIMESTEP | FLAG_GAP_TIME_SERIES | FLAG_TIMESTEP_IRREGULAR | QA_REQUIRED | SCIENTIFIC_NOTATION_CONVERTED | UNIT_ASSUMED,0.0,CONFLICT_VALUE_TO_REVIEW
raw_mesures_debit_jr,336673,454/9,b1ba728c-f39b-4922-9a0c-3581390019e8,1982-06-01,0.102,0.102,0.0,0.102,m3/s,m3/s,aucune,FLAG_DUPLICATE_TIMESTEP | FLAG_GAP_TIME_SERIES | FLAG_TIMESTEP_IRREGULAR | QA_REQUIRED | SCIENTIFIC_NOTATION_CONVERTED | UNIT_ASSUMED,0.0,CONFLICT_VALUE_TO_REVIEW
raw_mesures_debit_jr,336674,454/9,b1ba728c-f39b-4922-9a0c-3581390019e8,1982-06-02,0.101,0.101,0.0,0.101,m3/s,m3/s,aucune,FLAG_DUPLICATE_TIMESTEP | FLAG_GAP_TIME_SERIES | FLAG_TIMESTEP_IRREGULAR | QA_REQUIRED | SCIENTIFIC_NOTATION_CONVERTED | UNIT_ASSUMED,0.0,CONFLICT_VALUE_TO_REVIEW
raw_mesures_debit_jr,336852,454/9,b1ba728c-f39b-4922-9a0c-3581390019e8,1982-11-27,0.108,0.108,0.0,0.108,m3/s,m3/s,aucune,FLAG_DUPLICATE_TIMESTEP | FLAG_GAP_TIME_SERIES | FLAG_TIMESTEP_IRREGULAR | QA_REQUIRED | SCIENTIFIC_NOTATION_CONVERTED | UNIT_ASSUMED,0.0,CONFLICT_VALUE_TO_REVIEW
raw_mesures_debit_jr,336859,454/9,b1ba728c-f39b-4922-9a0c-3581390019e8,1982-12-04,0.101,0.101,0.0,0.101,m3/s,m3/s,aucune,FLAG_DUPLICATE_TIMESTEP | FLAG_GAP_TIME_SERIES | FLAG_TIMESTEP_IRREGULAR | QA_REQUIRED | SCIENTIFIC_NOTATION_CONVERTED | UNIT_ASSUMED,0.0,CONFLICT_VALUE_TO_REVIEW
raw_mesures_debit_jr,336889,454/9,b1ba728c-f39b-4922-9a0c-3581390019e8,1983-01-03,0.104,0.104,0.0,0.104,m3/s,m3/s,aucune,FLAG_DUPLICATE_TIMESTEP | FLAG_GAP_TIME_SERIES | FLAG_TIMESTEP_IRREGULAR | QA_REQUIRED | SCIENTIFIC_NOTATION_CONVERTED | UNIT_ASSUMED,0.0,CONFLICT_VALUE_TO_REVIEW
raw_mesures_debit_jr,336890,454/9,b1ba728c-f39b-4922-9a0c-3581390019e8,1983-01-04,0.102,0.102,0.0,0.102,m3/s,m3/s,aucune,FLAG_DUPLICATE_TIMESTEP | FLAG_GAP_TIME_SERIES | FLAG_TIMESTEP_IRREGULAR | QA_REQUIRED | SCIENTIFIC_NOTATION_CONVERTED | UNIT_ASSUMED,0.0,CONFLICT_VALUE_TO_REVIEW
raw_mesures_debit_jr,336891,454/9,b1ba728c-f39b-4922-9a0c-3581390019e8,1983-01-05,0.102,0.102,0.0,0.102,m3/s,m3/s,aucune,FLAG_DUPLICATE_TIMESTEP | FLAG_GAP_TIME_SERIES | FLAG_TIMESTEP_IRREGULAR | QA_REQUIRED | SCIENTIFIC_NOTATION_CONVERTED | UNIT_ASSUMED,0.0,CONFLICT_VALUE_TO_REVIEW
raw_mesures_debit_jr,336892,454/9,b1ba728c-f39b-4922-9a0c-3581390019e8,1983-01-06,0.102,0.102,0.0,0.102,m3/s,m3/s,aucune,FLAG_DUPLICATE_TIMESTEP | FLAG_GAP_TIME_SERIES | FLAG_TIMESTEP_IRREGULAR | QA_REQUIRED | SCIENTIFIC_NOTATION_CONVERTED | UNIT_ASSUMED,0.0,CONFLICT_VALUE_TO_REVIEW
raw_mesures_debit_jr,336893,454/9,b1ba728c-f39b-4922-9a0c-3581390019e8,1983-01-07,0.101,0.101,0.0,0.101,m3/s,m3/s,aucune,FLAG_DUPLICATE_TIMESTEP | FLAG_GAP_TIME_SERIES | FLAG_TIMESTEP_IRREGULAR | QA_REQUIRED | SCIENTIFIC_NOTATION_CONVERTED | UNIT_ASSUMED,0.0,CONFLICT_VALUE_TO_REVIEW
raw_mesures_debit_jr,336962,454/9,b1ba728c-f39b-4922-9a0c-3581390019e8,1983-03-17,0.104,0.104,0.0,0.104,m3/s,m3/s,aucune,FLAG_DUPLICATE_TIMESTEP | FLAG_GAP_TIME_SERIES | FLAG_TIMESTEP_IRREGULAR | QA_REQUIRED | SCIENTIFIC_NOTATION_CONVERTED | UNIT_ASSUMED,0.0,CONFLICT_VALUE_TO_REVIEW
raw_mesures_debit_jr,336963,454/9,b1ba728c-f39b-4922-9a0c-3581390019e8,1983-03-18,0.101,0.101,0.0,0.101,m3/s,m3/s,aucune,FLAG_DUPLICATE_TIMESTEP | FLAG_GAP_TIME_SERIES | FLAG_TIMESTEP_IRREGULAR | QA_REQUIRED | SCIENTIFIC_NOTATION_CONVERTED | UNIT_ASSUMED,0.0,CONFLICT_VALUE_TO_REVIEW
raw_mesures_debit_jr,336965,454/9,b1ba728c-f39b-4922-9a0c-3581390019e8,1983-03-20,0.107,0.107,0.0,0.107,m3/s,m3/s,aucune,FLAG_DUPLICATE_TIMESTEP | FLAG_GAP_TIME_SERIES | FLAG_TIMESTEP_IRREGULAR | QA_REQUIRED | SCIENTIFIC_NOTATION_CONVERTED | UNIT_ASSUMED,0.0,CONFLICT_VALUE_TO_REVIEW
raw_mesures_debit_jr,336975,454/9,b1ba728c-f39b-4922-9a0c-3581390019e8,1983-03-30,0.106,0.106,0.0,0.106,m3/s,m3/s,aucune,FLAG_DUPLICATE_TIMESTEP | FLAG_GAP_TIME_SERIES | FLAG_TIMESTEP_IRREGULAR | QA_REQUIRED | SCIENTIFIC_NOTATION_CONVERTED | UNIT_ASSUMED,0.0,CONFLICT_VALUE_TO_REVIEW
raw_mesures_debit_jr,336976,454/9,b1ba728c-f39b-4922-9a0c-3581390019e8,1983-03-31,0.104,0.104,0.0,0.104,m3/s,m3/s,aucune,FLAG_DUPLICATE_TIMESTEP | FLAG_GAP_TIME_SERIES | FLAG_TIMESTEP_IRREGULAR | QA_REQUIRED | SCIENTIFIC_NOTATION_CONVERTED | UNIT_ASSUMED,0.0,CONFLICT_VALUE_TO_REVIEW
raw_mesures_debit_jr,336977,454/9,b1ba728c-f39b-4922-9a0c-3581390019e8,1983-04-01,0.104,0.104,0.0,0.104,m3/s,m3/s,aucune,FLAG_DUPLICATE_TIMESTEP | FLAG_GAP_TIME_SERIES | FLAG_TIMESTEP_IRREGULAR | QA_REQUIRED | SCIENTIFIC_NOTATION_CONVERTED | UNIT_ASSUMED,0.0,CONFLICT_VALUE_TO_REVIEW
raw_mesures_debit_jr,336978,454/9,b1ba728c-f39b-4922-9a0c-3581390019e8,1983-04-02,0.104,0.104,0.0,0.104,m3/s,m3/s,aucune,FLAG_DUPLICATE_TIMESTEP | FLAG_GAP_TIME_SERIES | FLAG_TIMESTEP_IRREGULAR | QA_REQUIRED | SCIENTIFIC_NOTATION_CONVERTED | UNIT_ASSUMED,0.0,CONFLICT_VALUE_TO_REVIEW
raw_mesures_debit_jr,338467,454/9,b1ba728c-f39b-4922-9a0c-3581390019e8,1987-04-30,0.109,0.109,0.0,0.109,m3/s,m3/s,aucune,FLAG_DUPLICATE_TIMESTEP | FLAG_GAP_TIME_SERIES | FLAG_TIMESTEP_IRREGULAR | QA_REQUIRED | SCIENTIFIC_NOTATION_CONVERTED | UNIT_ASSUMED,0.0,CONFLICT_VALUE_TO_REVIEW
raw_mesures_debit_jr,338468,454/9,b1ba728c-f39b-4922-9a0c-3581390019e8,1987-05-01,0.109,0.109,0.0,0.109,m3/s,m3/s,aucune,FLAG_DUPLICATE_TIMESTEP | FLAG_GAP_TIME_SERIES | FLAG_TIMESTEP_IRREGULAR | QA_REQUIRED | SCIENTIFIC_NOTATION_CONVERTED | UNIT_ASSUMED,0.0,CONFLICT_VALUE_TO_REVIEW
raw_mesures_debit_jr,338469,454/9,b1ba728c-f39b-4922-9a0c-3581390019e8,1987-05-02,0.109,0.109,0.0,0.109,m3/s,m3/s,aucune,FLAG_DUPLICATE_TIMESTEP | FLAG_GAP_TIME_SERIES | FLAG_TIMESTEP_IRREGULAR | QA_REQUIRED | SCIENTIFIC_NOTATION_CONVERTED | UNIT_ASSUMED,0.0,CONFLICT_VALUE_TO_REVIEW
raw_mesures_debit_jr,338470,454/9,b1ba728c-f39b-4922-9a0c-3581390019e8,1987-05-03,0.108,0.108,0.0,0.108,m3/s,m3/s,aucune,FLAG_DUPLICATE_TIMESTEP | FLAG_GAP_TIME_SERIES | FLAG_TIMESTEP_IRREGULAR | QA_REQUIRED | SCIENTIFIC_NOTATION_CONVERTED | UNIT_ASSUMED,0.0,CONFLICT_VALUE_TO_REVIEW
raw_mesures_debit_jr,338662,454/9,b1ba728c-f39b-4922-9a0c-3581390019e8,1987-11-11,0.104,0.104,0.0,0.104,m3/s,m3/s,aucune,FLAG_DUPLICATE_TIMESTEP | FLAG_GAP_TIME_SERIES | FLAG_TIMESTEP_IRREGULAR | QA_REQUIRED | SCIENTIFIC_NOTATION_CONVERTED | UNIT_ASSUMED,0.0,CONFLICT_VALUE_TO_REVIEW
raw_mesures_debit_jr,338682,454/9,b1ba728c-f39b-4922-9a0c-3581390019e8,1987-12-01,0.109,0.109,0.0,0.109,m3/s,m3/s,aucune,FLAG_DUPLICATE_TIMESTEP | FLAG_GAP_TIME_SERIES | FLAG_TIMESTEP_IRREGULAR | QA_REQUIRED | SCIENTIFIC_NOTATION_CONVERTED | UNIT_ASSUMED,0.0,CONFLICT_VALUE_TO_REVIEW
raw_mesures_debit_jr,339046,454/9,b1ba728c-f39b-4922-9a0c-3581390019e8,1988-11-29,0.106,0.106,0.0,0.106,m3/s,m3/s,aucune,FLAG_DUPLICATE_TIMESTEP | FLAG_GAP_TIME_SERIES | FLAG_TIMESTEP_IRREGULAR | QA_REQUIRED | SCIENTIFIC_NOTATION_CONVERTED | UNIT_ASSUMED,0.0,CONFLICT_VALUE_TO_REVIEW
raw_mesures_debit_jr,339238,454/9,b1ba728c-f39b-4922-9a0c-3581390019e8,1989-06-09,0.104,0.104,0.0,0.104,m3/s,m3/s,aucune,FLAG_DUPLICATE_TIMESTEP | FLAG_GAP_TIME_SERIES | FLAG_TIMESTEP_IRREGULAR | QA_REQUIRED | SCIENTIFIC_NOTATION_CONVERTED | UNIT_ASSUMED,0.0,CONFLICT_VALUE_TO_REVIEW
raw_mesures_debit_jr,339583,454/9,b1ba728c-f39b-4922-9a0c-3581390019e8,1990-05-20,0.104,0.104,0.0,0.104,m3/s,m3/s,aucune,FLAG_DUPLICATE_TIMESTEP | FLAG_GAP_TIME_SERIES | FLAG_TIMESTEP_IRREGULAR | QA_REQUIRED | SCIENTIFIC_NOTATION_CONVERTED | UNIT_ASSUMED,0.0,CONFLICT_VALUE_TO_REVIEW
raw_mesures_debit_jr,340264,454/9,b1ba728c-f39b-4922-9a0c-3581390019e8,1992-03-31,0.109,0.109,0.0,0.109,m3/s,m3/s,aucune,FLAG_DUPLICATE_TIMESTEP | FLAG_GAP_TIME_SERIES | FLAG_TIMESTEP_IRREGULAR | QA_REQUIRED | SCIENTIFIC_NOTATION_CONVERTED | UNIT_ASSUMED,0.0,CONFLICT_VALUE_TO_REVIEW
raw_mesures_debit_jr,340614,454/9,b1ba728c-f39b-4922-9a0c-3581390019e8,1993-03-16,0.108,0.108,0.0,0.108,m3/s,m3/s,aucune,FLAG_DUPLICATE_TIMESTEP | FLAG_GAP_TIME_SERIES | FLAG_TIMESTEP_IRREGULAR | QA_REQUIRED | SCIENTIFIC_NOTATION_CONVERTED | UNIT_ASSUMED,0.0,CONFLICT_VALUE_TO_REVIEW
raw_mesures_debit_jr,340670,454/9,b1ba728c-f39b-4922-9a0c-3581390019e8,1993-05-11,0.104,0.104,0.0,0.104,m3/s,m3/s,aucune,FLAG_DUPLICATE_TIMESTEP | FLAG_GAP_TIME_SERIES | FLAG_TIMESTEP_IRREGULAR | QA_REQUIRED | SCIENTIFIC_NOTATION_CONVERTED | UNIT_ASSUMED,0.0,CONFLICT_VALUE_TO_REVIEW
raw_mesures_debit_jr,340672,454/9,b1ba728c-f39b-4922-9a0c-3581390019e8,1993-05-13,0.101,0.101,0.0,0.101,m3/s,m3/s,aucune,FLAG_DUPLICATE_TIMESTEP | FLAG_GAP_TIME_SERIES | FLAG_TIMESTEP_IRREGULAR | QA_REQUIRED | SCIENTIFIC_NOTATION_CONVERTED | UNIT_ASSUMED,0.0,CONFLICT_VALUE_TO_REVIEW
raw_mesures_debit_jr,341624,454/9,b1ba728c-f39b-4922-9a0c-3581390019e8,1995-12-21,0.109,0.109,0.0,0.109,m3/s,m3/s,aucune,FLAG_DUPLICATE_TIMESTEP | FLAG_GAP_TIME_SERIES | FLAG_TIMESTEP_IRREGULAR | QA_REQUIRED | SCIENTIFIC_NOTATION_CONVERTED | UNIT_ASSUMED,0.0,CONFLICT_VALUE_TO_REVIEW
raw_mesures_debit_jr,347558,454/9,b1ba728c-f39b-4922-9a0c-3581390019e8,2012-03-20,0.105,0.105,0.0,0.105,m3/s,m3/s,aucune,FLAG_DUPLICATE_TIMESTEP | FLAG_GAP_TIME_SERIES | FLAG_TIMESTEP_IRREGULAR | QA_REQUIRED | SCIENTIFIC_NOTATION_CONVERTED | UNIT_ASSUMED,0.0,CONFLICT_VALUE_TO_REVIEW
raw_mesures_debit_jr,347559,454/9,b1ba728c-f39b-4922-9a0c-3581390019e8,2012-03-21,0.105,0.105,0.0,0.105,m3/s,m3/s,aucune,FLAG_DUPLICATE_TIMESTEP | FLAG_GAP_TIME_SERIES | FLAG_TIMESTEP_IRREGULAR | QA_REQUIRED | SCIENTIFIC_NOTATION_CONVERTED | UNIT_ASSUMED,0.0,CONFLICT_VALUE_TO_REVIEW
raw_mesures_debit_jr,347560,454/9,b1ba728c-f39b-4922-9a0c-3581390019e8,2012-03-22,0.105,0.105,0.0,0.105,m3/s,m3/s,aucune,FLAG_DUPLICATE_TIMESTEP | FLAG_GAP_TIME_SERIES | FLAG_TIMESTEP_IRREGULAR | QA_REQUIRED | SCIENTIFIC_NOTATION_CONVERTED | UNIT_ASSUMED,0.0,CONFLICT_VALUE_TO_REVIEW
raw_mesures_debit_jr,347561,454/9,b1ba728c-f39b-4922-9a0c-3581390019e8,2012-03-23,0.105,0.105,0.0,0.105,m3/s,m3/s,aucune,FLAG_DUPLICATE_TIMESTEP | FLAG_GAP_TIME_SERIES | FLAG_TIMESTEP_IRREGULAR | QA_REQUIRED | SCIENTIFIC_NOTATION_CONVERTED | UNIT_ASSUMED,0.0,CONFLICT_VALUE_TO_REVIEW
raw_mesures_debit_jr,347562,454/9,b1ba728c-f39b-4922-9a0c-3581390019e8,2012-03-24,0.105,0.105,0.0,0.105,m3/s,m3/s,aucune,FLAG_DUPLICATE_TIMESTEP | FLAG_GAP_TIME_SERIES | FLAG_TIMESTEP_IRREGULAR | QA_REQUIRED | SCIENTIFIC_NOTATION_CONVERTED | UNIT_ASSUMED,0.0,CONFLICT_VALUE_TO_REVIEW
raw_mesures_debit_jr,347563,454/9,b1ba728c-f39b-4922-9a0c-3581390019e8,2012-03-25,0.105,0.105,0.0,0.105,m3/s,m3/s,aucune,FLAG_DUPLICATE_TIMESTEP | FLAG_GAP_TIME_SERIES | FLAG_TIMESTEP_IRREGULAR | QA_REQUIRED | SCIENTIFIC_NOTATION_CONVERTED | UNIT_ASSUMED,0.0,CONFLICT_VALUE_TO_REVIEW
raw_mesures_debit_jr,347564,454/9,b1ba728c-f39b-4922-9a0c-3581390019e8,2012-03-26,0.105,0.105,0.0,0.105,m3/s,m3/s,aucune,FLAG_DUPLICATE_TIMESTEP | FLAG_GAP_TIME_SERIES | FLAG_TIMESTEP_IRREGULAR | QA_REQUIRED | SCIENTIFIC_NOTATION_CONVERTED | UNIT_ASSUMED,0.0,CONFLICT_VALUE_TO_REVIEW
raw_mesures_debit_jr,354634,541/23,2ad1ba50-cc7b-456a-8464-0dd4dd9058c7,1991-08-04,0.103,0.103,0.0,0.103,m3/s,m3/s,aucune,FLAG_DUPLICATE_TIMESTEP | FLAG_GAP_TIME_SERIES | FLAG_TIMESTEP_IRREGULAR | QA_REQUIRED | SCIENTIFIC_NOTATION_CONVERTED | UNIT_ASSUMED,0.0,CONFLICT_VALUE_TO_REVIEW
raw_mesures_debit_jr,354642,541/23,2ad1ba50-cc7b-456a-8464-0dd4dd9058c7,1991-08-12,0.106,0.106,0.0,0.106,m3/s,m3/s,aucune,FLAG_DUPLICATE_TIMESTEP | FLAG_GAP_TIME_SERIES | FLAG_TIMESTEP_IRREGULAR | QA_REQUIRED | SCIENTIFIC_NOTATION_CONVERTED | UNIT_ASSUMED,0.0,CONFLICT_VALUE_TO_REVIEW
raw_mesures_debit_jr,354650,541/23,2ad1ba50-cc7b-456a-8464-0dd4dd9058c7,1991-08-20,0.103,0.103,0.0,0.103,m3/s,m3/s,aucune,FLAG_DUPLICATE_TIMESTEP | FLAG_GAP_TIME_SERIES | FLAG_TIMESTEP_IRREGULAR | QA_REQUIRED | SCIENTIFIC_NOTATION_CONVERTED | UNIT_ASSUMED,0.0,CONFLICT_VALUE_TO_REVIEW
raw_mesures_debit_jr,354656,541/23,2ad1ba50-cc7b-456a-8464-0dd4dd9058c7,1991-08-26,0.102,0.102,0.0,0.102,m3/s,m3/s,aucune,FLAG_DUPLICATE_TIMESTEP | FLAG_GAP_TIME_SERIES | FLAG_TIMESTEP_IRREGULAR | QA_REQUIRED | SCIENTIFIC_NOTATION_CONVERTED | UNIT_ASSUMED,0.0,CONFLICT_VALUE_TO_REVIEW
raw_mesures_debit_jr,354659,541/23,2ad1ba50-cc7b-456a-8464-0dd4dd9058c7,1991-08-29,0.103,0.103,0.0,0.103,m3/s,m3/s,aucune,FLAG_DUPLICATE_TIMESTEP | FLAG_GAP_TIME_SERIES | FLAG_TIMESTEP_IRREGULAR | QA_REQUIRED | SCIENTIFIC_NOTATION_CONVERTED | UNIT_ASSUMED,0.0,CONFLICT_VALUE_TO_REVIEW
raw_mesures_debit_jr,354666,541/23,2ad1ba50-cc7b-456a-8464-0dd4dd9058c7,1991-09-05,0.107,0.107,0.0,0.107,m3/s,m3/s,aucune,FLAG_DUPLICATE_TIMESTEP | FLAG_GAP_TIME_SERIES | FLAG_TIMESTEP_IRREGULAR | QA_REQUIRED | SCIENTIFIC_NOTATION_CONVERTED | UNIT_ASSUMED,0.0,CONFLICT_VALUE_TO_REVIEW
raw_mesures_debit_jr,354669,541/23,2ad1ba50-cc7b-456a-8464-0dd4dd9058c7,1991-09-08,0.103,0.103,0.0,0.103,m3/s,m3/s,aucune,FLAG_DUPLICATE_TIMESTEP | FLAG_GAP_TIME_SERIES | FLAG_TIMESTEP_IRREGULAR | QA_REQUIRED | SCIENTIFIC_NOTATION_CONVERTED | UNIT_ASSUMED,0.0,CONFLICT_VALUE_TO_REVIEW
raw_mesures_debit_jr,355710,541/23,2ad1ba50-cc7b-456a-8464-0dd4dd9058c7,1994-07-15,0.107,0.107,0.0,0.107,m3/s,m3/s,aucune,FLAG_DUPLICATE_TIMESTEP | FLAG_GAP_TIME_SERIES | FLAG_TIMESTEP_IRREGULAR | QA_REQUIRED | SCIENTIFIC_NOTATION_CONVERTED | UNIT_ASSUMED,0.0,CONFLICT_VALUE_TO_REVIEW
raw_mesures_debit_jr,355714,541/23,2ad1ba50-cc7b-456a-8464-0dd4dd9058c7,1994-07-19,0.103,0.103,0.0,0.103,m3/s,m3/s,aucune,FLAG_DUPLICATE_TIMESTEP | FLAG_GAP_TIME_SERIES | FLAG_TIMESTEP_IRREGULAR | QA_REQUIRED | SCIENTIFIC_NOTATION_CONVERTED | UNIT_ASSUMED,0.0,CONFLICT_VALUE_TO_REVIEW
raw_mesures_debit_jr,355715,541/23,2ad1ba50-cc7b-456a-8464-0dd4dd9058c7,1994-07-20,0.105,0.105,0.0,0.105,m3/s,m3/s,aucune,FLAG_DUPLICATE_TIMESTEP | FLAG_GAP_TIME_SERIES | FLAG_TIMESTEP_IRREGULAR | QA_REQUIRED | SCIENTIFIC_NOTATION_CONVERTED | UNIT_ASSUMED,0.0,CONFLICT_VALUE_TO_REVIEW
raw_mesures_debit_jr,355716,541/23,2ad1ba50-cc7b-456a-8464-0dd4dd9058c7,1994-07-21,0.105,0.105,0.0,0.105,m3/s,m3/s,aucune,FLAG_DUPLICATE_TIMESTEP | FLAG_GAP_TIME_SERIES | FLAG_TIMESTEP_IRREGULAR | QA_REQUIRED | SCIENTIFIC_NOTATION_CONVERTED | UNIT_ASSUMED,0.0,CONFLICT_VALUE_TO_REVIEW
raw_mesures_debit_jr,355717,541/23,2ad1ba50-cc7b-456a-8464-0dd4dd9058c7,1994-07-22,0.104,0.104,0.0,0.104,m3/s,m3/s,aucune,FLAG_DUPLICATE_TIMESTEP | FLAG_GAP_TIME_SERIES | FLAG_TIMESTEP_IRREGULAR | QA_REQUIRED | SCIENTIFIC_NOTATION_CONVERTED | UNIT_ASSUMED,0.0,CONFLICT_VALUE_TO_REVIEW
raw_mesures_debit_jr,355722,541/23,2ad1ba50-cc7b-456a-8464-0dd4dd9058c7,1994-07-27,0.104,0.104,0.0,0.104,m3/s,m3/s,aucune,FLAG_DUPLICATE_TIMESTEP | FLAG_GAP_TIME_SERIES | FLAG_TIMESTEP_IRREGULAR | QA_REQUIRED | SCIENTIFIC_NOTATION_CONVERTED | UNIT_ASSUMED,0.0,CONFLICT_VALUE_TO_REVIEW
raw_mesures_debit_jr,355723,541/23,2ad1ba50-cc7b-456a-8464-0dd4dd9058c7,1994-07-28,0.105,0.105,0.0,0.105,m3/s,m3/s,aucune,FLAG_DUPLICATE_TIMESTEP | FLAG_GAP_TIME_SERIES | FLAG_TIMESTEP_IRREGULAR | QA_REQUIRED | SCIENTIFIC_NOTATION_CONVERTED | UNIT_ASSUMED,0.0,CONFLICT_VALUE_TO_REVIEW
raw_mesures_debit_jr,355724,541/23,2ad1ba50-cc7b-456a-8464-0dd4dd9058c7,1994-07-29,0.106,0.106,0.0,0.106,m3/s,m3/s,aucune,FLAG_DUPLICATE_TIMESTEP | FLAG_GAP_TIME_SERIES | FLAG_TIMESTEP_IRREGULAR | QA_REQUIRED | SCIENTIFIC_NOTATION_CONVERTED | UNIT_ASSUMED,0.0,CONFLICT_VALUE_TO_REVIEW
raw_mesures_debit_jr,355732,541/23,2ad1ba50-cc7b-456a-8464-0dd4dd9058c7,1994-08-06,0.105,0.105,0.0,0.105,m3/s,m3/s,aucune,FLAG_DUPLICATE_TIMESTEP | FLAG_GAP_TIME_SERIES | FLAG_TIMESTEP_IRREGULAR | QA_REQUIRED | SCIENTIFIC_NOTATION_CONVERTED | UNIT_ASSUMED,0.0,CONFLICT_VALUE_TO_REVIEW
raw_mesures_debit_jr,355733,541/23,2ad1ba50-cc7b-456a-8464-0dd4dd9058c7,1994-08-07,0.106,0.106,0.0,0.106,m3/s,m3/s,aucune,FLAG_DUPLICATE_TIMESTEP | FLAG_GAP_TIME_SERIES | FLAG_TIMESTEP_IRREGULAR | QA_REQUIRED | SCIENTIFIC_NOTATION_CONVERTED | UNIT_ASSUMED,0.0,CONFLICT_VALUE_TO_REVIEW
raw_mesures_debit_jr,355738,541/23,2ad1ba50-cc7b-456a-8464-0dd4dd9058c7,1994-08-12,0.106,0.106,0.0,0.106,m3/s,m3/s,aucune,FLAG_DUPLICATE_TIMESTEP | FLAG_GAP_TIME_SERIES | FLAG_TIMESTEP_IRREGULAR | QA_REQUIRED | SCIENTIFIC_NOTATION_CONVERTED | UNIT_ASSUMED,0.0,CONFLICT_VALUE_TO_REVIEW
raw_mesures_debit_jr,355739,541/23,2ad1ba50-cc7b-456a-8464-0dd4dd9058c7,1994-08-13,0.105,0.105,0.0,0.105,m3/s,m3/s,aucune,FLAG_DUPLICATE_TIMESTEP | FLAG_GAP_TIME_SERIES | FLAG_TIMESTEP_IRREGULAR | QA_REQUIRED | SCIENTIFIC_NOTATION_CONVERTED | UNIT_ASSUMED,0.0,CONFLICT_VALUE_TO_REVIEW
raw_mesures_debit_jr,355740,541/23,2ad1ba50-cc7b-456a-8464-0dd4dd9058c7,1994-08-14,0.104,0.104,0.0,0.104,m3/s,m3/s,aucune,FLAG_DUPLICATE_TIMESTEP | FLAG_GAP_TIME_SERIES | FLAG_TIMESTEP_IRREGULAR | QA_REQUIRED | SCIENTIFIC_NOTATION_CONVERTED | UNIT_ASSUMED,0.0,CONFLICT_VALUE_TO_REVIEW
raw_mesures_debit_jr,355743,541/23,2ad1ba50-cc7b-456a-8464-0dd4dd9058c7,1994-08-17,0.104,0.104,0.0,0.104,m3/s,m3/s,aucune,FLAG_DUPLICATE_TIMESTEP | FLAG_GAP_TIME_SERIES | FLAG_TIMESTEP_IRREGULAR | QA_REQUIRED | SCIENTIFIC_NOTATION_CONVERTED | UNIT_ASSUMED,0.0,CONFLICT_VALUE_TO_REVIEW
raw_mesures_debit_jr,355744,541/23,2ad1ba50-cc7b-456a-8464-0dd4dd9058c7,1994-08-18,0.105,0.105,0.0,0.105,m3/s,m3/s,aucune,FLAG_DUPLICATE_TIMESTEP | FLAG_GAP_TIME_SERIES | FLAG_TIMESTEP_IRREGULAR | QA_REQUIRED | SCIENTIFIC_NOTATION_CONVERTED | UNIT_ASSUMED,0.0,CONFLICT_VALUE_TO_REVIEW
raw_mesures_debit_jr,355745,541/23,2ad1ba50-cc7b-456a-8464-0dd4dd9058c7,1994-08-19,0.106,0.106,0.0,0.106,m3/s,m3/s,aucune,FLAG_DUPLICATE_TIMESTEP | FLAG_GAP_TIME_SERIES | FLAG_TIMESTEP_IRREGULAR | QA_REQUIRED | SCIENTIFIC_NOTATION_CONVERTED | UNIT_ASSUMED,0.0,CONFLICT_VALUE_TO_REVIEW
raw_mesures_debit_jr,355751,541/23,2ad1ba50-cc7b-456a-8464-0dd4dd9058c7,1994-08-25,0.103,0.103,0.0,0.103,m3/s,m3/s,aucune,FLAG_DUPLICATE_TIMESTEP | FLAG_GAP_TIME_SERIES | FLAG_TIMESTEP_IRREGULAR | QA_REQUIRED | SCIENTIFIC_NOTATION_CONVERTED | UNIT_ASSUMED,0.0,CONFLICT_VALUE_TO_REVIEW
raw_mesures_debit_jr,355752,541/23,2ad1ba50-cc7b-456a-8464-0dd4dd9058c7,1994-08-26,0.105,0.105,0.0,0.105,m3/s,m3/s,aucune,FLAG_DUPLICATE_TIMESTEP | FLAG_GAP_TIME_SERIES | FLAG_TIMESTEP_IRREGULAR | QA_REQUIRED | SCIENTIFIC_NOTATION_CONVERTED | UNIT_ASSUMED,0.0,CONFLICT_VALUE_TO_REVIEW
raw_mesures_debit_jr,355753,541/23,2ad1ba50-cc7b-456a-8464-0dd4dd9058c7,1994-08-27,0.106,0.106,0.0,0.106,m3/s,m3/s,aucune,FLAG_DUPLICATE_TIMESTEP | FLAG_GAP_TIME_SERIES | FLAG_TIMESTEP_IRREGULAR | QA_REQUIRED | SCIENTIFIC_NOTATION_CONVERTED | UNIT_ASSUMED,0.0,CONFLICT_VALUE_TO_REVIEW
raw_mesures_debit_jr,355767,541/23,2ad1ba50-cc7b-456a-8464-0dd4dd9058c7,1994-09-10,0.104,0.104,0.0,0.104,m3/s,m3/s,aucune,FLAG_DUPLICATE_TIMESTEP | FLAG_GAP_TIME_SERIES | FLAG_TIMESTEP_IRREGULAR | QA_REQUIRED | SCIENTIFIC_NOTATION_CONVERTED | UNIT_ASSUMED,0.0,CONFLICT_VALUE_TO_REVIEW
raw_mesures_debit_jr,355768,541/23,2ad1ba50-cc7b-456a-8464-0dd4dd9058c7,1994-09-11,0.105,0.105,0.0,0.105,m3/s,m3/s,aucune,FLAG_DUPLICATE_TIMESTEP | FLAG_GAP_TIME_SERIES | FLAG_TIMESTEP_IRREGULAR | QA_REQUIRED | SCIENTIFIC_NOTATION_CONVERTED | UNIT_ASSUMED,0.0,CONFLICT_VALUE_TO_REVIEW
raw_mesures_debit_jr,355769,541/23,2ad1ba50-cc7b-456a-8464-0dd4dd9058c7,1994-09-12,0.104,0.104,0.0,0.104,m3/s,m3/s,aucune,FLAG_DUPLICATE_TIMESTEP | FLAG_GAP_TIME_SERIES | FLAG_TIMESTEP_IRREGULAR | QA_REQUIRED | SCIENTIFIC_NOTATION_CONVERTED | UNIT_ASSUMED,0.0,CONFLICT_VALUE_TO_REVIEW
raw_mesures_debit_jr,355781,541/23,2ad1ba50-cc7b-456a-8464-0dd4dd9058c7,1994-09-24,0.104,0.104,0.0,0.104,m3/s,m3/s,aucune,FLAG_DUPLICATE_TIMESTEP | FLAG_GAP_TIME_SERIES | FLAG_TIMESTEP_IRREGULAR | QA_REQUIRED | SCIENTIFIC_NOTATION_CONVERTED | UNIT_ASSUMED,0.0,CONFLICT_VALUE_TO_REVIEW
raw_mesures_debit_jr,356073,541/23,2ad1ba50-cc7b-456a-8464-0dd4dd9058c7,1995-07-13,0.105,0.105,0.0,0.105,m3/s,m3/s,aucune,FLAG_DUPLICATE_TIMESTEP | FLAG_GAP_TIME_SERIES | FLAG_TIMESTEP_IRREGULAR | QA_REQUIRED | SCIENTIFIC_NOTATION_CONVERTED | UNIT_ASSUMED,0.0,CONFLICT_VALUE_TO_REVIEW
raw_mesures_debit_jr,358042,541/23,2ad1ba50-cc7b-456a-8464-0dd4dd9058c7,2000-12-02,0.1008,0.1008,0.0,0.1008,m3/s,m3/s,aucune,FLAG_DUPLICATE_TIMESTEP | FLAG_GAP_TIME_SERIES | FLAG_TIMESTEP_IRREGULAR | QA_REQUIRED | SCIENTIFIC_NOTATION_CONVERTED | UNIT_ASSUMED,0.0,CONFLICT_VALUE_TO_REVIEW
raw_mesures_debit_jr,358984,541/23,2ad1ba50-cc7b-456a-8464-0dd4dd9058c7,2003-07-02,0.1008,0.1008,0.0,0.1008,m3/s,m3/s,aucune,FLAG_DUPLICATE_TIMESTEP | FLAG_GAP_TIME_SERIES | FLAG_TIMESTEP_IRREGULAR | QA_REQUIRED | SCIENTIFIC_NOTATION_CONVERTED | UNIT_ASSUMED,0.0,CONFLICT_VALUE_TO_REVIEW
raw_mesures_debit_jr,361591,541/23,2ad1ba50-cc7b-456a-8464-0dd4dd9058c7,2010-08-21,0.1008,0.1008,0.0,0.1008,m3/s,m3/s,aucune,FLAG_DUPLICATE_TIMESTEP | FLAG_GAP_TIME_SERIES | FLAG_TIMESTEP_IRREGULAR | QA_REQUIRED | SCIENTIFIC_NOTATION_CONVERTED | UNIT_ASSUMED,0.0,CONFLICT_VALUE_TO_REVIEW
raw_mesures_debit_jr,361707,541/23,2ad1ba50-cc7b-456a-8464-0dd4dd9058c7,2010-12-15,0.1008,0.1008,0.0,0.1008,m3/s,m3/s,aucune,FLAG_DUPLICATE_TIMESTEP | FLAG_GAP_TIME_SERIES | FLAG_TIMESTEP_IRREGULAR | QA_REQUIRED | SCIENTIFIC_NOTATION_CONVERTED | UNIT_ASSUMED,0.0,CONFLICT_VALUE_TO_REVIEW
raw_mesures_debit_jr,361708,541/23,2ad1ba50-cc7b-456a-8464-0dd4dd9058c7,2010-12-16,0.1008,0.1008,0.0,0.1008,m3/s,m3/s,aucune,FLAG_DUPLICATE_TIMESTEP | FLAG_GAP_TIME_SERIES | FLAG_TIMESTEP_IRREGULAR | QA_REQUIRED | SCIENTIFIC_NOTATION_CONVERTED | UNIT_ASSUMED,0.0,CONFLICT_VALUE_TO_REVIEW
raw_mesures_debit_jr,361709,541/23,2ad1ba50-cc7b-456a-8464-0dd4dd9058c7,2010-12-17,0.1008,0.1008,0.0,0.1008,m3/s,m3/s,aucune,FLAG_DUPLICATE_TIMESTEP | FLAG_GAP_TIME_SERIES | FLAG_TIMESTEP_IRREGULAR | QA_REQUIRED | SCIENTIFIC_NOTATION_CONVERTED | UNIT_ASSUMED,0.0,CONFLICT_VALUE_TO_REVIEW
raw_mesures_debit_jr,361710,541/23,2ad1ba50-cc7b-456a-8464-0dd4dd9058c7,2010-12-18,0.1008,0.1008,0.0,0.1008,m3/s,m3/s,aucune,FLAG_DUPLICATE_TIMESTEP | FLAG_GAP_TIME_SERIES | FLAG_TIMESTEP_IRREGULAR | QA_REQUIRED | SCIENTIFIC_NOTATION_CONVERTED | UNIT_ASSUMED,0.0,CONFLICT_VALUE_TO_REVIEW
raw_mesures_debit_jr,361713,541/23,2ad1ba50-cc7b-456a-8464-0dd4dd9058c7,2010-12-21,0.1008,0.1008,0.0,0.1008,m3/s,m3/s,aucune,FLAG_DUPLICATE_TIMESTEP | FLAG_GAP_TIME_SERIES | FLAG_TIMESTEP_IRREGULAR | QA_REQUIRED | SCIENTIFIC_NOTATION_CONVERTED | UNIT_ASSUMED,0.0,CONFLICT_VALUE_TO_REVIEW
raw_mesures_debit_jr,361742,541/23,2ad1ba50-cc7b-456a-8464-0dd4dd9058c7,2011-01-19,0.1008,0.1008,0.0,0.1008,m3/s,m3/s,aucune,FLAG_DUPLICATE_TIMESTEP | FLAG_GAP_TIME_SERIES | FLAG_TIMESTEP_IRREGULAR | QA_REQUIRED | SCIENTIFIC_NOTATION_CONVERTED | UNIT_ASSUMED,0.0,CONFLICT_VALUE_TO_REVIEW
raw_mesures_debit_jr,361791,541/23,2ad1ba50-cc7b-456a-8464-0dd4dd9058c7,2011-03-09,0.1008,0.1008,0.0,0.1008,m3/s,m3/s,aucune,FLAG_DUPLICATE_TIMESTEP | FLAG_GAP_TIME_SERIES | FLAG_TIMESTEP_IRREGULAR | QA_REQUIRED | SCIENTIFIC_NOTATION_CONVERTED | UNIT_ASSUMED,0.0,CONFLICT_VALUE_TO_REVIEW
raw_mesures_debit_jr,361792,541/23,2ad1ba50-cc7b-456a-8464-0dd4dd9058c7,2011-03-10,0.1008,0.1008,0.0,0.1008,m3/s,m3/s,aucune,FLAG_DUPLICATE_TIMESTEP | FLAG_GAP_TIME_SERIES | FLAG_TIMESTEP_IRREGULAR | QA_REQUIRED | SCIENTIFIC_NOTATION_CONVERTED | UNIT_ASSUMED,0.0,CONFLICT_VALUE_TO_REVIEW
raw_mesures_debit_jr,427923,583/22,68d55282-7106-4a08-a074-0d8c92a609dd,2010-03-29,36.107,36.107,360000000.0,36.107,m3/s,m3/s,aucune,FLAG_DUPLICATE_TIMESTEP | FLAG_GAP_TIME_SERIES | FLAG_TIMESTEP_IRREGULAR | QA_REQUIRED | SCIENTIFIC_NOTATION_CONVERTED | UNIT_ASSUMED,9970365.857036032,PARSING_SCALING_ERROR
raw_mesures_debit_jr,433920,585/22,1b62f3e9-91a7-4c4a-9385-d3aa78eae978,1972-08-28,0.102,0.102,0.0,0.102,m3/s,m3/s,aucune,FLAG_DUPLICATE_TIMESTEP | FLAG_GAP_TIME_SERIES | FLAG_TIMESTEP_IRREGULAR | QA_REQUIRED | SCIENTIFIC_NOTATION_CONVERTED | UNIT_ASSUMED,0.0,CONFLICT_VALUE_TO_REVIEW
raw_mesures_debit_jr,434168,585/22,1b62f3e9-91a7-4c4a-9385-d3aa78eae978,1973-05-03,0.106,0.106,0.0,0.106,m3/s,m3/s,aucune,FLAG_DUPLICATE_TIMESTEP | FLAG_GAP_TIME_SERIES | FLAG_TIMESTEP_IRREGULAR | QA_REQUIRED | SCIENTIFIC_NOTATION_CONVERTED | UNIT_ASSUMED,0.0,CONFLICT_VALUE_TO_REVIEW
raw_mesures_debit_jr,434682,585/22,1b62f3e9-91a7-4c4a-9385-d3aa78eae978,1974-09-29,0.109,0.109,0.0,0.109,m3/s,m3/s,aucune,FLAG_DUPLICATE_TIMESTEP | FLAG_GAP_TIME_SERIES | FLAG_TIMESTEP_IRREGULAR | QA_REQUIRED | SCIENTIFIC_NOTATION_CONVERTED | UNIT_ASSUMED,0.0,CONFLICT_VALUE_TO_REVIEW
raw_mesures_debit_jr,434684,585/22,1b62f3e9-91a7-4c4a-9385-d3aa78eae978,1974-10-01,0.106,0.106,0.0,0.106,m3/s,m3/s,aucune,FLAG_DUPLICATE_TIMESTEP | FLAG_GAP_TIME_SERIES | FLAG_TIMESTEP_IRREGULAR | QA_REQUIRED | SCIENTIFIC_NOTATION_CONVERTED | UNIT_ASSUMED,0.0,CONFLICT_VALUE_TO_REVIEW
raw_mesures_debit_jr,434685,585/22,1b62f3e9-91a7-4c4a-9385-d3aa78eae978,1974-10-02,0.109,0.109,0.0,0.109,m3/s,m3/s,aucune,FLAG_DUPLICATE_TIMESTEP | FLAG_GAP_TIME_SERIES | FLAG_TIMESTEP_IRREGULAR | QA_REQUIRED | SCIENTIFIC_NOTATION_CONVERTED | UNIT_ASSUMED,0.0,CONFLICT_VALUE_TO_REVIEW
raw_mesures_debit_jr,435093,585/22,1b62f3e9-91a7-4c4a-9385-d3aa78eae978,1975-11-14,0.107,0.107,0.0,0.107,m3/s,m3/s,aucune,FLAG_DUPLICATE_TIMESTEP | FLAG_GAP_TIME_SERIES | FLAG_TIMESTEP_IRREGULAR | QA_REQUIRED | SCIENTIFIC_NOTATION_CONVERTED | UNIT_ASSUMED,0.0,CONFLICT_VALUE_TO_REVIEW
raw_mesures_debit_jr,436002,585/22,1b62f3e9-91a7-4c4a-9385-d3aa78eae978,1978-05-11,0.106,0.106,0.0,0.106,m3/s,m3/s,aucune,FLAG_DUPLICATE_TIMESTEP | FLAG_GAP_TIME_SERIES | FLAG_TIMESTEP_IRREGULAR | QA_REQUIRED | SCIENTIFIC_NOTATION_CONVERTED | UNIT_ASSUMED,0.0,CONFLICT_VALUE_TO_REVIEW
raw_mesures_debit_jr,436356,585/22,1b62f3e9-91a7-4c4a-9385-d3aa78eae978,1979-04-30,0.102,0.102,0.0,0.102,m3/s,m3/s,aucune,FLAG_DUPLICATE_TIMESTEP | FLAG_GAP_TIME_SERIES | FLAG_TIMESTEP_IRREGULAR | QA_REQUIRED | SCIENTIFIC_NOTATION_CONVERTED | UNIT_ASSUMED,0.0,CONFLICT_VALUE_TO_REVIEW
raw_mesures_debit_jr,436371,585/22,1b62f3e9-91a7-4c4a-9385-d3aa78eae978,1979-05-15,0.105,0.105,0.0,0.105,m3/s,m3/s,aucune,FLAG_DUPLICATE_TIMESTEP | FLAG_GAP_TIME_SERIES | FLAG_TIMESTEP_IRREGULAR | QA_REQUIRED | SCIENTIFIC_NOTATION_CONVERTED | UNIT_ASSUMED,0.0,CONFLICT_VALUE_TO_REVIEW
raw_mesures_debit_jr,436741,585/22,1b62f3e9-91a7-4c4a-9385-d3aa78eae978,1980-05-19,0.109,0.109,0.0,0.109,m3/s,m3/s,aucune,FLAG_DUPLICATE_TIMESTEP | FLAG_GAP_TIME_SERIES | FLAG_TIMESTEP_IRREGULAR | QA_REQUIRED | SCIENTIFIC_NOTATION_CONVERTED | UNIT_ASSUMED,0.0,CONFLICT_VALUE_TO_REVIEW
raw_mesures_debit_jr,437000,585/22,1b62f3e9-91a7-4c4a-9385-d3aa78eae978,1981-02-02,0.109,0.109,0.0,0.109,m3/s,m3/s,aucune,FLAG_DUPLICATE_TIMESTEP | FLAG_GAP_TIME_SERIES | FLAG_TIMESTEP_IRREGULAR | QA_REQUIRED | SCIENTIFIC_NOTATION_CONVERTED | UNIT_ASSUMED,0.0,CONFLICT_VALUE_TO_REVIEW
raw_mesures_debit_jr,437213,585/22,1b62f3e9-91a7-4c4a-9385-d3aa78eae978,1981-09-03,0.104,0.104,0.0,0.104,m3/s,m3/s,aucune,FLAG_DUPLICATE_TIMESTEP | FLAG_GAP_TIME_SERIES | FLAG_TIMESTEP_IRREGULAR | QA_REQUIRED | SCIENTIFIC_NOTATION_CONVERTED | UNIT_ASSUMED,0.0,CONFLICT_VALUE_TO_REVIEW
raw_mesures_debit_jr,453287,618/22,81f85bbe-9afa-4c6b-b051-ff0de9f75df6,2006-09-06,2.106,2.106,2000000.0,2.106,m3/s,m3/s,aucune,FLAG_DUPLICATE_TIMESTEP | FLAG_GAP_TIME_SERIES | FLAG_TIMESTEP_IRREGULAR | QA_REQUIRED | SCIENTIFIC_NOTATION_CONVERTED | UNIT_ASSUMED,949667.616334283,PARSING_SCALING_ERROR
raw_mesures_debit_jr,453288,618/22,81f85bbe-9afa-4c6b-b051-ff0de9f75df6,2006-09-07,2.106,2.106,2000000.0,2.106,m3/s,m3/s,aucune,FLAG_DUPLICATE_TIMESTEP | FLAG_GAP_TIME_SERIES | FLAG_TIMESTEP_IRREGULAR | QA_REQUIRED | SCIENTIFIC_NOTATION_CONVERTED | UNIT_ASSUMED,949667.616334283,PARSING_SCALING_ERROR
raw_mesures_debit_jr,453289,618/22,81f85bbe-9afa-4c6b-b051-ff0de9f75df6,2006-09-08,2.106,2.106,2000000.0,2.106,m3/s,m3/s,aucune,FLAG_DUPLICATE_TIMESTEP | FLAG_GAP_TIME_SERIES | FLAG_TIMESTEP_IRREGULAR | QA_REQUIRED | SCIENTIFIC_NOTATION_CONVERTED | UNIT_ASSUMED,949667.616334283,PARSING_SCALING_ERROR
raw_mesures_debit_jr,453290,618/22,81f85bbe-9afa-4c6b-b051-ff0de9f75df6,2006-09-09,2.106,2.106,2000000.0,2.106,m3/s,m3/s,aucune,FLAG_DUPLICATE_TIMESTEP | FLAG_GAP_TIME_SERIES | FLAG_TIMESTEP_IRREGULAR | QA_REQUIRED | SCIENTIFIC_NOTATION_CONVERTED | UNIT_ASSUMED,949667.616334283,PARSING_SCALING_ERROR
raw_mesures_debit_jr,453291,618/22,81f85bbe-9afa-4c6b-b051-ff0de9f75df6,2006-09-10,2.106,2.106,2000000.0,2.106,m3/s,m3/s,aucune,FLAG_DUPLICATE_TIMESTEP | FLAG_GAP_TIME_SERIES | FLAG_TIMESTEP_IRREGULAR | QA_REQUIRED | SCIENTIFIC_NOTATION_CONVERTED | UNIT_ASSUMED,949667.616334283,PARSING_SCALING_ERROR
raw_mesures_debit_jr,471092,633/8,fa307e65-c5bc-4772-8822-658e4e60d33a,2017-06-05,38.1004,38.1004,380000.0,38.1004,m3/s,m3/s,aucune,FLAG_DUPLICATE_TIMESTEP | FLAG_GAP_TIME_SERIES | FLAG_TIMESTEP_IRREGULAR | QA_REQUIRED | SCIENTIFIC_NOTATION_CONVERTED | UNIT_ASSUMED,9973.648570618681,PARSING_SCALING_ERROR
raw_mesures_debit_jr,477344,669/22,d40d82f6-462c-4c03-a6bd-b8555f5a33d1,1989-12-17,1.102,1.102,100.0,1.102,m3/s,m3/s,aucune,FLAG_DUPLICATE_TIMESTEP | FLAG_GAP_TIME_SERIES | FLAG_TIMESTEP_IRREGULAR | QA_REQUIRED | SCIENTIFIC_NOTATION_CONVERTED | UNIT_ASSUMED,90.74410163339383,CONFLICT_VALUE_TO_REVIEW
raw_mesures_debit_jr,477350,669/22,d40d82f6-462c-4c03-a6bd-b8555f5a33d1,1989-12-23,1.102,1.102,100.0,1.102,m3/s,m3/s,aucune,FLAG_DUPLICATE_TIMESTEP | FLAG_GAP_TIME_SERIES | FLAG_TIMESTEP_IRREGULAR | QA_REQUIRED | SCIENTIFIC_NOTATION_CONVERTED | UNIT_ASSUMED,90.74410163339383,CONFLICT_VALUE_TO_REVIEW
raw_mesures_debit_jr,477351,669/22,d40d82f6-462c-4c03-a6bd-b8555f5a33d1,1989-12-24,1.102,1.102,100.0,1.102,m3/s,m3/s,aucune,FLAG_DUPLICATE_TIMESTEP | FLAG_GAP_TIME_SERIES | FLAG_TIMESTEP_IRREGULAR | QA_REQUIRED | SCIENTIFIC_NOTATION_CONVERTED | UNIT_ASSUMED,90.74410163339383,CONFLICT_VALUE_TO_REVIEW
raw_mesures_debit_jr,477399,669/22,d40d82f6-462c-4c03-a6bd-b8555f5a33d1,1990-02-10,1.102,1.102,100.0,1.102,m3/s,m3/s,aucune,FLAG_DUPLICATE_TIMESTEP | FLAG_GAP_TIME_SERIES | FLAG_TIMESTEP_IRREGULAR | QA_REQUIRED | SCIENTIFIC_NOTATION_CONVERTED | UNIT_ASSUMED,90.74410163339383,CONFLICT_VALUE_TO_REVIEW
raw_mesures_debit_jr,477400,669/22,d40d82f6-462c-4c03-a6bd-b8555f5a33d1,1990-02-11,1.102,1.102,100.0,1.102,m3/s,m3/s,aucune,FLAG_DUPLICATE_TIMESTEP | FLAG_GAP_TIME_SERIES | FLAG_TIMESTEP_IRREGULAR | QA_REQUIRED | SCIENTIFIC_NOTATION_CONVERTED | UNIT_ASSUMED,90.74410163339383,CONFLICT_VALUE_TO_REVIEW
raw_mesures_debit_jr,477401,669/22,d40d82f6-462c-4c03-a6bd-b8555f5a33d1,1990-02-12,1.102,1.102,100.0,1.102,m3/s,m3/s,aucune,FLAG_DUPLICATE_TIMESTEP | FLAG_GAP_TIME_SERIES | FLAG_TIMESTEP_IRREGULAR | QA_REQUIRED | SCIENTIFIC_NOTATION_CONVERTED | UNIT_ASSUMED,90.74410163339383,CONFLICT_VALUE_TO_REVIEW
raw_mesures_debit_jr,477464,669/22,d40d82f6-462c-4c03-a6bd-b8555f5a33d1,1990-04-16,1.102,1.102,100.0,1.102,m3/s,m3/s,aucune,FLAG_DUPLICATE_TIMESTEP | FLAG_GAP_TIME_SERIES | FLAG_TIMESTEP_IRREGULAR | QA_REQUIRED | SCIENTIFIC_NOTATION_CONVERTED | UNIT_ASSUMED,90.74410163339383,CONFLICT_VALUE_TO_REVIEW
raw_mesures_debit_jr,477465,669/22,d40d82f6-462c-4c03-a6bd-b8555f5a33d1,1990-04-17,1.102,1.102,100.0,1.102,m3/s,m3/s,aucune,FLAG_DUPLICATE_TIMESTEP | FLAG_GAP_TIME_SERIES | FLAG_TIMESTEP_IRREGULAR | QA_REQUIRED | SCIENTIFIC_NOTATION_CONVERTED | UNIT_ASSUMED,90.74410163339383,CONFLICT_VALUE_TO_REVIEW
raw_mesures_debit_jr,490901,672/16,c9eda862-abf9-4375-b614-2e1b2eb84715,1988-01-28,0.102,0.102,0.0,0.102,m3/s,m3/s,aucune,FLAG_DUPLICATE_TIMESTEP | FLAG_GAP_TIME_SERIES | FLAG_TIMESTEP_IRREGULAR | QA_REQUIRED | SCIENTIFIC_NOTATION_CONVERTED | UNIT_ASSUMED,0.0,CONFLICT_VALUE_TO_REVIEW
raw_mesures_debit_jr,490902,672/16,c9eda862-abf9-4375-b614-2e1b2eb84715,1988-01-29,0.102,0.102,0.0,0.102,m3/s,m3/s,aucune,FLAG_DUPLICATE_TIMESTEP | FLAG_GAP_TIME_SERIES | FLAG_TIMESTEP_IRREGULAR | QA_REQUIRED | SCIENTIFIC_NOTATION_CONVERTED | UNIT_ASSUMED,0.0,CONFLICT_VALUE_TO_REVIEW
raw_mesures_debit_jr,490903,672/16,c9eda862-abf9-4375-b614-2e1b2eb84715,1988-01-30,0.102,0.102,0.0,0.102,m3/s,m3/s,aucune,FLAG_DUPLICATE_TIMESTEP | FLAG_GAP_TIME_SERIES | FLAG_TIMESTEP_IRREGULAR | QA_REQUIRED | SCIENTIFIC_NOTATION_CONVERTED | UNIT_ASSUMED,0.0,CONFLICT_VALUE_TO_REVIEW
raw_mesures_debit_jr,490904,672/16,c9eda862-abf9-4375-b614-2e1b2eb84715,1988-01-31,0.102,0.102,0.0,0.102,m3/s,m3/s,aucune,FLAG_DUPLICATE_TIMESTEP | FLAG_GAP_TIME_SERIES | FLAG_TIMESTEP_IRREGULAR | QA_REQUIRED | SCIENTIFIC_NOTATION_CONVERTED | UNIT_ASSUMED,0.0,CONFLICT_VALUE_TO_REVIEW
raw_mesures_debit_jr,490905,672/16,c9eda862-abf9-4375-b614-2e1b2eb84715,1988-02-01,0.102,0.102,0.0,0.102,m3/s,m3/s,aucune,FLAG_DUPLICATE_TIMESTEP | FLAG_GAP_TIME_SERIES | FLAG_TIMESTEP_IRREGULAR | QA_REQUIRED | SCIENTIFIC_NOTATION_CONVERTED | UNIT_ASSUMED,0.0,CONFLICT_VALUE_TO_REVIEW
raw_mesures_debit_jr,490906,672/16,c9eda862-abf9-4375-b614-2e1b2eb84715,1988-02-02,0.102,0.102,0.0,0.102,m3/s,m3/s,aucune,FLAG_DUPLICATE_TIMESTEP | FLAG_GAP_TIME_SERIES | FLAG_TIMESTEP_IRREGULAR | QA_REQUIRED | SCIENTIFIC_NOTATION_CONVERTED | UNIT_ASSUMED,0.0,CONFLICT_VALUE_TO_REVIEW
raw_mesures_debit_jr,490907,672/16,c9eda862-abf9-4375-b614-2e1b2eb84715,1988-02-03,0.102,0.102,0.0,0.102,m3/s,m3/s,aucune,FLAG_DUPLICATE_TIMESTEP | FLAG_GAP_TIME_SERIES | FLAG_TIMESTEP_IRREGULAR | QA_REQUIRED | SCIENTIFIC_NOTATION_CONVERTED | UNIT_ASSUMED,0.0,CONFLICT_VALUE_TO_REVIEW
raw_mesures_debit_jr,490908,672/16,c9eda862-abf9-4375-b614-2e1b2eb84715,1988-02-04,0.102,0.102,0.0,0.102,m3/s,m3/s,aucune,FLAG_DUPLICATE_TIMESTEP | FLAG_GAP_TIME_SERIES | FLAG_TIMESTEP_IRREGULAR | QA_REQUIRED | SCIENTIFIC_NOTATION_CONVERTED | UNIT_ASSUMED,0.0,CONFLICT_VALUE_TO_REVIEW
raw_mesures_debit_jr,490912,672/16,c9eda862-abf9-4375-b614-2e1b2eb84715,1988-02-08,0.102,0.102,0.0,0.102,m3/s,m3/s,aucune,FLAG_DUPLICATE_TIMESTEP | FLAG_GAP_TIME_SERIES | FLAG_TIMESTEP_IRREGULAR | QA_REQUIRED | SCIENTIFIC_NOTATION_CONVERTED | UNIT_ASSUMED,0.0,CONFLICT_VALUE_TO_REVIEW
raw_mesures_debit_jr,490913,672/16,c9eda862-abf9-4375-b614-2e1b2eb84715,1988-02-09,0.101,0.101,0.0,0.101,m3/s,m3/s,aucune,FLAG_DUPLICATE_TIMESTEP | FLAG_GAP_TIME_SERIES | FLAG_TIMESTEP_IRREGULAR | QA_REQUIRED | SCIENTIFIC_NOTATION_CONVERTED | UNIT_ASSUMED,0.0,CONFLICT_VALUE_TO_REVIEW
raw_mesures_debit_jr,490930,672/16,c9eda862-abf9-4375-b614-2e1b2eb84715,1988-02-26,0.101,0.101,0.0,0.101,m3/s,m3/s,aucune,FLAG_DUPLICATE_TIMESTEP | FLAG_GAP_TIME_SERIES | FLAG_TIMESTEP_IRREGULAR | QA_REQUIRED | SCIENTIFIC_NOTATION_CONVERTED | UNIT_ASSUMED,0.0,CONFLICT_VALUE_TO_REVIEW
raw_mesures_debit_jr,490933,672/16,c9eda862-abf9-4375-b614-2e1b2eb84715,1988-02-29,0.101,0.101,0.0,0.101,m3/s,m3/s,aucune,FLAG_DUPLICATE_TIMESTEP | FLAG_GAP_TIME_SERIES | FLAG_TIMESTEP_IRREGULAR | QA_REQUIRED | SCIENTIFIC_NOTATION_CONVERTED | UNIT_ASSUMED,0.0,CONFLICT_VALUE_TO_REVIEW
raw_mesures_debit_jr,490945,672/16,c9eda862-abf9-4375-b614-2e1b2eb84715,1988-03-12,0.102,0.102,0.0,0.102,m3/s,m3/s,aucune,FLAG_DUPLICATE_TIMESTEP | FLAG_GAP_TIME_SERIES | FLAG_TIMESTEP_IRREGULAR | QA_REQUIRED | SCIENTIFIC_NOTATION_CONVERTED | UNIT_ASSUMED,0.0,CONFLICT_VALUE_TO_REVIEW
raw_mesures_debit_jr,490946,672/16,c9eda862-abf9-4375-b614-2e1b2eb84715,1988-03-13,0.102,0.102,0.0,0.102,m3/s,m3/s,aucune,FLAG_DUPLICATE_TIMESTEP | FLAG_GAP_TIME_SERIES | FLAG_TIMESTEP_IRREGULAR | QA_REQUIRED | SCIENTIFIC_NOTATION_CONVERTED | UNIT_ASSUMED,0.0,CONFLICT_VALUE_TO_REVIEW
raw_mesures_debit_jr,490947,672/16,c9eda862-abf9-4375-b614-2e1b2eb84715,1988-03-14,0.102,0.102,0.0,0.102,m3/s,m3/s,aucune,FLAG_DUPLICATE_TIMESTEP | FLAG_GAP_TIME_SERIES | FLAG_TIMESTEP_IRREGULAR | QA_REQUIRED | SCIENTIFIC_NOTATION_CONVERTED | UNIT_ASSUMED,0.0,CONFLICT_VALUE_TO_REVIEW
raw_mesures_debit_jr,490948,672/16,c9eda862-abf9-4375-b614-2e1b2eb84715,1988-03-15,0.102,0.102,0.0,0.102,m3/s,m3/s,aucune,FLAG_DUPLICATE_TIMESTEP | FLAG_GAP_TIME_SERIES | FLAG_TIMESTEP_IRREGULAR | QA_REQUIRED | SCIENTIFIC_NOTATION_CONVERTED | UNIT_ASSUMED,0.0,CONFLICT_VALUE_TO_REVIEW
raw_mesures_debit_jr,490949,672/16,c9eda862-abf9-4375-b614-2e1b2eb84715,1988-03-16,0.102,0.102,0.0,0.102,m3/s,m3/s,aucune,FLAG_DUPLICATE_TIMESTEP | FLAG_GAP_TIME_SERIES | FLAG_TIMESTEP_IRREGULAR | QA_REQUIRED | SCIENTIFIC_NOTATION_CONVERTED | UNIT_ASSUMED,0.0,CONFLICT_VALUE_TO_REVIEW
raw_mesures_debit_jr,490950,672/16,c9eda862-abf9-4375-b614-2e1b2eb84715,1988-03-17,0.102,0.102,0.0,0.102,m3/s,m3/s,aucune,FLAG_DUPLICATE_TIMESTEP | FLAG_GAP_TIME_SERIES | FLAG_TIMESTEP_IRREGULAR | QA_REQUIRED | SCIENTIFIC_NOTATION_CONVERTED | UNIT_ASSUMED,0.0,CONFLICT_VALUE_TO_REVIEW
raw_mesures_debit_jr,490951,672/16,c9eda862-abf9-4375-b614-2e1b2eb84715,1988-03-18,0.102,0.102,0.0,0.102,m3/s,m3/s,aucune,FLAG_DUPLICATE_TIMESTEP | FLAG_GAP_TIME_SERIES | FLAG_TIMESTEP_IRREGULAR | QA_REQUIRED | SCIENTIFIC_NOTATION_CONVERTED | UNIT_ASSUMED,0.0,CONFLICT_VALUE_TO_REVIEW
raw_mesures_debit_jr,490952,672/16,c9eda862-abf9-4375-b614-2e1b2eb84715,1988-03-19,0.102,0.102,0.0,0.102,m3/s,m3/s,aucune,FLAG_DUPLICATE_TIMESTEP | FLAG_GAP_TIME_SERIES | FLAG_TIMESTEP_IRREGULAR | QA_REQUIRED | SCIENTIFIC_NOTATION_CONVERTED | UNIT_ASSUMED,0.0,CONFLICT_VALUE_TO_REVIEW
raw_mesures_debit_jr,490953,672/16,c9eda862-abf9-4375-b614-2e1b2eb84715,1988-03-20,0.102,0.102,0.0,0.102,m3/s,m3/s,aucune,FLAG_DUPLICATE_TIMESTEP | FLAG_GAP_TIME_SERIES | FLAG_TIMESTEP_IRREGULAR | QA_REQUIRED | SCIENTIFIC_NOTATION_CONVERTED | UNIT_ASSUMED,0.0,CONFLICT_VALUE_TO_REVIEW
raw_mesures_debit_jr,490954,672/16,c9eda862-abf9-4375-b614-2e1b2eb84715,1988-03-21,0.102,0.102,0.0,0.102,m3/s,m3/s,aucune,FLAG_DUPLICATE_TIMESTEP | FLAG_GAP_TIME_SERIES | FLAG_TIMESTEP_IRREGULAR | QA_REQUIRED | SCIENTIFIC_NOTATION_CONVERTED | UNIT_ASSUMED,0.0,CONFLICT_VALUE_TO_REVIEW
raw_mesures_debit_jr,490955,672/16,c9eda862-abf9-4375-b614-2e1b2eb84715,1988-03-22,0.102,0.102,0.0,0.102,m3/s,m3/s,aucune,FLAG_DUPLICATE_TIMESTEP | FLAG_GAP_TIME_SERIES | FLAG_TIMESTEP_IRREGULAR | QA_REQUIRED | SCIENTIFIC_NOTATION_CONVERTED | UNIT_ASSUMED,0.0,CONFLICT_VALUE_TO_REVIEW
raw_mesures_debit_jr,490956,672/16,c9eda862-abf9-4375-b614-2e1b2eb84715,1988-03-23,0.102,0.102,0.0,0.102,m3/s,m3/s,aucune,FLAG_DUPLICATE_TIMESTEP | FLAG_GAP_TIME_SERIES | FLAG_TIMESTEP_IRREGULAR | QA_REQUIRED | SCIENTIFIC_NOTATION_CONVERTED | UNIT_ASSUMED,0.0,CONFLICT_VALUE_TO_REVIEW
raw_mesures_debit_jr,490957,672/16,c9eda862-abf9-4375-b614-2e1b2eb84715,1988-03-24,0.102,0.102,0.0,0.102,m3/s,m3/s,aucune,FLAG_DUPLICATE_TIMESTEP | FLAG_GAP_TIME_SERIES | FLAG_TIMESTEP_IRREGULAR | QA_REQUIRED | SCIENTIFIC_NOTATION_CONVERTED | UNIT_ASSUMED,0.0,CONFLICT_VALUE_TO_REVIEW
raw_mesures_debit_jr,490958,672/16,c9eda862-abf9-4375-b614-2e1b2eb84715,1988-03-25,0.102,0.102,0.0,0.102,m3/s,m3/s,aucune,FLAG_DUPLICATE_TIMESTEP | FLAG_GAP_TIME_SERIES | FLAG_TIMESTEP_IRREGULAR | QA_REQUIRED | SCIENTIFIC_NOTATION_CONVERTED | UNIT_ASSUMED,0.0,CONFLICT_VALUE_TO_REVIEW
raw_mesures_debit_jr,490959,672/16,c9eda862-abf9-4375-b614-2e1b2eb84715,1988-03-26,0.102,0.102,0.0,0.102,m3/s,m3/s,aucune,FLAG_DUPLICATE_TIMESTEP | FLAG_GAP_TIME_SERIES | FLAG_TIMESTEP_IRREGULAR | QA_REQUIRED | SCIENTIFIC_NOTATION_CONVERTED | UNIT_ASSUMED,0.0,CONFLICT_VALUE_TO_REVIEW
raw_mesures_debit_jr,490967,672/16,c9eda862-abf9-4375-b614-2e1b2eb84715,1988-04-03,0.102,0.102,0.0,0.102,m3/s,m3/s,aucune,FLAG_DUPLICATE_TIMESTEP | FLAG_GAP_TIME_SERIES | FLAG_TIMESTEP_IRREGULAR | QA_REQUIRED | SCIENTIFIC_NOTATION_CONVERTED | UNIT_ASSUMED,0.0,CONFLICT_VALUE_TO_REVIEW
raw_mesures_debit_jr,490968,672/16,c9eda862-abf9-4375-b614-2e1b2eb84715,1988-04-04,0.103,0.103,0.0,0.103,m3/s,m3/s,aucune,FLAG_DUPLICATE_TIMESTEP | FLAG_GAP_TIME_SERIES | FLAG_TIMESTEP_IRREGULAR | QA_REQUIRED | SCIENTIFIC_NOTATION_CONVERTED | UNIT_ASSUMED,0.0,CONFLICT_VALUE_TO_REVIEW
raw_mesures_debit_jr,490972,672/16,c9eda862-abf9-4375-b614-2e1b2eb84715,1988-04-08,0.102,0.102,0.0,0.102,m3/s,m3/s,aucune,FLAG_DUPLICATE_TIMESTEP | FLAG_GAP_TIME_SERIES | FLAG_TIMESTEP_IRREGULAR | QA_REQUIRED | SCIENTIFIC_NOTATION_CONVERTED | UNIT_ASSUMED,0.0,CONFLICT_VALUE_TO_REVIEW
raw_mesures_debit_jr,490973,672/16,c9eda862-abf9-4375-b614-2e1b2eb84715,1988-04-09,0.102,0.102,0.0,0.102,m3/s,m3/s,aucune,FLAG_DUPLICATE_TIMESTEP | FLAG_GAP_TIME_SERIES | FLAG_TIMESTEP_IRREGULAR | QA_REQUIRED | SCIENTIFIC_NOTATION_CONVERTED | UNIT_ASSUMED,0.0,CONFLICT_VALUE_TO_REVIEW
raw_mesures_debit_jr,490974,672/16,c9eda862-abf9-4375-b614-2e1b2eb84715,1988-04-10,0.102,0.102,0.0,0.102,m3/s,m3/s,aucune,FLAG_DUPLICATE_TIMESTEP | FLAG_GAP_TIME_SERIES | FLAG_TIMESTEP_IRREGULAR | QA_REQUIRED | SCIENTIFIC_NOTATION_CONVERTED | UNIT_ASSUMED,0.0,CONFLICT_VALUE_TO_REVIEW
raw_mesures_debit_jr,490975,672/16,c9eda862-abf9-4375-b614-2e1b2eb84715,1988-04-11,0.101,0.101,0.0,0.101,m3/s,m3/s,aucune,FLAG_DUPLICATE_TIMESTEP | FLAG_GAP_TIME_SERIES | FLAG_TIMESTEP_IRREGULAR | QA_REQUIRED | SCIENTIFIC_NOTATION_CONVERTED | UNIT_ASSUMED,0.0,CONFLICT_VALUE_TO_REVIEW
raw_mesures_debit_jr,491203,672/16,c9eda862-abf9-4375-b614-2e1b2eb84715,1988-11-25,0.101,0.101,0.0,0.101,m3/s,m3/s,aucune,FLAG_DUPLICATE_TIMESTEP | FLAG_GAP_TIME_SERIES | FLAG_TIMESTEP_IRREGULAR | QA_REQUIRED | SCIENTIFIC_NOTATION_CONVERTED | UNIT_ASSUMED,0.0,CONFLICT_VALUE_TO_REVIEW
raw_mesures_debit_jr,491564,672/16,c9eda862-abf9-4375-b614-2e1b2eb84715,1989-11-21,0.106,0.106,0.0,0.106,m3/s,m3/s,aucune,FLAG_DUPLICATE_TIMESTEP | FLAG_GAP_TIME_SERIES | FLAG_TIMESTEP_IRREGULAR | QA_REQUIRED | SCIENTIFIC_NOTATION_CONVERTED | UNIT_ASSUMED,0.0,CONFLICT_VALUE_TO_REVIEW
raw_mesures_debit_jr,491574,672/16,c9eda862-abf9-4375-b614-2e1b2eb84715,1989-12-01,0.106,0.106,0.0,0.106,m3/s,m3/s,aucune,FLAG_DUPLICATE_TIMESTEP | FLAG_GAP_TIME_SERIES | FLAG_TIMESTEP_IRREGULAR | QA_REQUIRED | SCIENTIFIC_NOTATION_CONVERTED | UNIT_ASSUMED,0.0,CONFLICT_VALUE_TO_REVIEW
raw_mesures_debit_jr,491610,672/16,c9eda862-abf9-4375-b614-2e1b2eb84715,1990-01-06,0.107,0.107,0.0,0.107,m3/s,m3/s,aucune,FLAG_DUPLICATE_TIMESTEP | FLAG_GAP_TIME_SERIES | FLAG_TIMESTEP_IRREGULAR | QA_REQUIRED | SCIENTIFIC_NOTATION_CONVERTED | UNIT_ASSUMED,0.0,CONFLICT_VALUE_TO_REVIEW
raw_mesures_debit_jr,492080,672/16,c9eda862-abf9-4375-b614-2e1b2eb84715,1991-04-21,0.103,0.103,0.0,0.103,m3/s,m3/s,aucune,FLAG_DUPLICATE_TIMESTEP | FLAG_GAP_TIME_SERIES | FLAG_TIMESTEP_IRREGULAR | QA_REQUIRED | SCIENTIFIC_NOTATION_CONVERTED | UNIT_ASSUMED,0.0,CONFLICT_VALUE_TO_REVIEW
raw_mesures_debit_jr,493138,672/16,c9eda862-abf9-4375-b614-2e1b2eb84715,1994-03-14,0.105,0.105,0.0,0.105,m3/s,m3/s,aucune,FLAG_DUPLICATE_TIMESTEP | FLAG_GAP_TIME_SERIES | FLAG_TIMESTEP_IRREGULAR | QA_REQUIRED | SCIENTIFIC_NOTATION_CONVERTED | UNIT_ASSUMED,0.0,CONFLICT_VALUE_TO_REVIEW
raw_mesures_debit_jr,501976,672/16,c9eda862-abf9-4375-b614-2e1b2eb84715,2018-05-25,0.109,0.109,0.0,0.109,m3/s,m3/s,aucune,FLAG_DUPLICATE_TIMESTEP | FLAG_GAP_TIME_SERIES | FLAG_TIMESTEP_IRREGULAR | QA_REQUIRED | SCIENTIFIC_NOTATION_CONVERTED | UNIT_ASSUMED,0.0,CONFLICT_VALUE_TO_REVIEW
raw_mesures_debit_jr,501990,672/16,c9eda862-abf9-4375-b614-2e1b2eb84715,2018-06-08,0.109,0.109,0.0,0.109,m3/s,m3/s,aucune,FLAG_DUPLICATE_TIMESTEP | FLAG_GAP_TIME_SERIES | FLAG_TIMESTEP_IRREGULAR | QA_REQUIRED | SCIENTIFIC_NOTATION_CONVERTED | UNIT_ASSUMED,0.0,CONFLICT_VALUE_TO_REVIEW
raw_mesures_debit_jr,508379,702/16,1230cd2c-2ca1-483a-8466-d6585fcfbd61,2011-12-05,2.104,2.104,20000.0,2.104,m3/s,m3/s,aucune,FLAG_DUPLICATE_TIMESTEP | FLAG_GAP_TIME_SERIES | FLAG_TIMESTEP_IRREGULAR | QA_REQUIRED | SCIENTIFIC_NOTATION_CONVERTED | UNIT_ASSUMED,9505.703422053231,PARSING_SCALING_ERROR
raw_mesures_debit_jr,508424,702/16,1230cd2c-2ca1-483a-8466-d6585fcfbd61,2012-01-19,2.104,2.104,20000.0,2.104,m3/s,m3/s,aucune,FLAG_DUPLICATE_TIMESTEP | FLAG_GAP_TIME_SERIES | FLAG_TIMESTEP_IRREGULAR | QA_REQUIRED | SCIENTIFIC_NOTATION_CONVERTED | UNIT_ASSUMED,9505.703422053231,PARSING_SCALING_ERROR
raw_mesures_debit_jr,508425,702/16,1230cd2c-2ca1-483a-8466-d6585fcfbd61,2012-01-20,2.104,2.104,20000.0,2.104,m3/s,m3/s,aucune,FLAG_DUPLICATE_TIMESTEP | FLAG_GAP_TIME_SERIES | FLAG_TIMESTEP_IRREGULAR | QA_REQUIRED | SCIENTIFIC_NOTATION_CONVERTED | UNIT_ASSUMED,9505.703422053231,PARSING_SCALING_ERROR
raw_mesures_debit_jr,508426,702/16,1230cd2c-2ca1-483a-8466-d6585fcfbd61,2012-01-21,2.104,2.104,20000.0,2.104,m3/s,m3/s,aucune,FLAG_DUPLICATE_TIMESTEP | FLAG_GAP_TIME_SERIES | FLAG_TIMESTEP_IRREGULAR | QA_REQUIRED | SCIENTIFIC_NOTATION_CONVERTED | UNIT_ASSUMED,9505.703422053231,PARSING_SCALING_ERROR
raw_mesures_debit_jr,508427,702/16,1230cd2c-2ca1-483a-8466-d6585fcfbd61,2012-01-22,2.104,2.104,20000.0,2.104,m3/s,m3/s,aucune,FLAG_DUPLICATE_TIMESTEP | FLAG_GAP_TIME_SERIES | FLAG_TIMESTEP_IRREGULAR | QA_REQUIRED | SCIENTIFIC_NOTATION_CONVERTED | UNIT_ASSUMED,9505.703422053231,PARSING_SCALING_ERROR
raw_mesures_debit_jr,508428,702/16,1230cd2c-2ca1-483a-8466-d6585fcfbd61,2012-01-23,2.104,2.104,20000.0,2.104,m3/s,m3/s,aucune,FLAG_DUPLICATE_TIMESTEP | FLAG_GAP_TIME_SERIES | FLAG_TIMESTEP_IRREGULAR | QA_REQUIRED | SCIENTIFIC_NOTATION_CONVERTED | UNIT_ASSUMED,9505.703422053231,PARSING_SCALING_ERROR
raw_mesures_debit_jr,508429,702/16,1230cd2c-2ca1-483a-8466-d6585fcfbd61,2012-01-24,2.104,2.104,20000.0,2.104,m3/s,m3/s,aucune,FLAG_DUPLICATE_TIMESTEP | FLAG_GAP_TIME_SERIES | FLAG_TIMESTEP_IRREGULAR | QA_REQUIRED | SCIENTIFIC_NOTATION_CONVERTED | UNIT_ASSUMED,9505.703422053231,PARSING_SCALING_ERROR
raw_mesures_debit_jr,508430,702/16,1230cd2c-2ca1-483a-8466-d6585fcfbd61,2012-01-25,2.104,2.104,20000.0,2.104,m3/s,m3/s,aucune,FLAG_DUPLICATE_TIMESTEP | FLAG_GAP_TIME_SERIES | FLAG_TIMESTEP_IRREGULAR | QA_REQUIRED | SCIENTIFIC_NOTATION_CONVERTED | UNIT_ASSUMED,9505.703422053231,PARSING_SCALING_ERROR
raw_mesures_debit_jr,508431,702/16,1230cd2c-2ca1-483a-8466-d6585fcfbd61,2012-01-26,2.104,2.104,20000.0,2.104,m3/s,m3/s,aucune,FLAG_DUPLICATE_TIMESTEP | FLAG_GAP_TIME_SERIES | FLAG_TIMESTEP_IRREGULAR | QA_REQUIRED | SCIENTIFIC_NOTATION_CONVERTED | UNIT_ASSUMED,9505.703422053231,PARSING_SCALING_ERROR
raw_mesures_debit_jr,508432,702/16,1230cd2c-2ca1-483a-8466-d6585fcfbd61,2012-01-27,2.104,2.104,20000.0,2.104,m3/s,m3/s,aucune,FLAG_DUPLICATE_TIMESTEP | FLAG_GAP_TIME_SERIES | FLAG_TIMESTEP_IRREGULAR | QA_REQUIRED | SCIENTIFIC_NOTATION_CONVERTED | UNIT_ASSUMED,9505.703422053231,PARSING_SCALING_ERROR
raw_mesures_debit_jr,508433,702/16,1230cd2c-2ca1-483a-8466-d6585fcfbd61,2012-01-28,2.104,2.104,20000.0,2.104,m3/s,m3/s,aucune,FLAG_DUPLICATE_TIMESTEP | FLAG_GAP_TIME_SERIES | FLAG_TIMESTEP_IRREGULAR | QA_REQUIRED | SCIENTIFIC_NOTATION_CONVERTED | UNIT_ASSUMED,9505.703422053231,PARSING_SCALING_ERROR
raw_mesures_debit_jr,508434,702/16,1230cd2c-2ca1-483a-8466-d6585fcfbd61,2012-01-29,2.104,2.104,20000.0,2.104,m3/s,m3/s,aucune,FLAG_DUPLICATE_TIMESTEP | FLAG_GAP_TIME_SERIES | FLAG_TIMESTEP_IRREGULAR | QA_REQUIRED | SCIENTIFIC_NOTATION_CONVERTED | UNIT_ASSUMED,9505.703422053231,PARSING_SCALING_ERROR
raw_mesures_debit_jr,508435,702/16,1230cd2c-2ca1-483a-8466-d6585fcfbd61,2012-01-30,2.104,2.104,20000.0,2.104,m3/s,m3/s,aucune,FLAG_DUPLICATE_TIMESTEP | FLAG_GAP_TIME_SERIES | FLAG_TIMESTEP_IRREGULAR | QA_REQUIRED | SCIENTIFIC_NOTATION_CONVERTED | UNIT_ASSUMED,9505.703422053231,PARSING_SCALING_ERROR
raw_mesures_debit_jr,508436,702/16,1230cd2c-2ca1-483a-8466-d6585fcfbd61,2012-01-31,2.104,2.104,20000.0,2.104,m3/s,m3/s,aucune,FLAG_DUPLICATE_TIMESTEP | FLAG_GAP_TIME_SERIES | FLAG_TIMESTEP_IRREGULAR | QA_REQUIRED | SCIENTIFIC_NOTATION_CONVERTED | UNIT_ASSUMED,9505.703422053231,PARSING_SCALING_ERROR
raw_mesures_debit_jr,508437,702/16,1230cd2c-2ca1-483a-8466-d6585fcfbd61,2012-02-01,2.104,2.104,20000.0,2.104,m3/s,m3/s,aucune,FLAG_DUPLICATE_TIMESTEP | FLAG_GAP_TIME_SERIES | FLAG_TIMESTEP_IRREGULAR | QA_REQUIRED | SCIENTIFIC_NOTATION_CONVERTED | UNIT_ASSUMED,9505.703422053231,PARSING_SCALING_ERROR
raw_mesures_debit_jr,508438,702/16,1230cd2c-2ca1-483a-8466-d6585fcfbd61,2012-02-02,2.104,2.104,20000.0,2.104,m3/s,m3/s,aucune,FLAG_DUPLICATE_TIMESTEP | FLAG_GAP_TIME_SERIES | FLAG_TIMESTEP_IRREGULAR | QA_REQUIRED | SCIENTIFIC_NOTATION_CONVERTED | UNIT_ASSUMED,9505.703422053231,PARSING_SCALING_ERROR
raw_mesures_debit_jr,508439,702/16,1230cd2c-2ca1-483a-8466-d6585fcfbd61,2012-02-03,2.104,2.104,20000.0,2.104,m3/s,m3/s,aucune,FLAG_DUPLICATE_TIMESTEP | FLAG_GAP_TIME_SERIES | FLAG_TIMESTEP_IRREGULAR | QA_REQUIRED | SCIENTIFIC_NOTATION_CONVERTED | UNIT_ASSUMED,9505.703422053231,PARSING_SCALING_ERROR
raw_mesures_debit_jr,508440,702/16,1230cd2c-2ca1-483a-8466-d6585fcfbd61,2012-02-04,2.104,2.104,20000.0,2.104,m3/s,m3/s,aucune,FLAG_DUPLICATE_TIMESTEP | FLAG_GAP_TIME_SERIES | FLAG_TIMESTEP_IRREGULAR | QA_REQUIRED | SCIENTIFIC_NOTATION_CONVERTED | UNIT_ASSUMED,9505.703422053231,PARSING_SCALING_ERROR
raw_mesures_debit_jr,508441,702/16,1230cd2c-2ca1-483a-8466-d6585fcfbd61,2012-02-05,2.104,2.104,20000.0,2.104,m3/s,m3/s,aucune,FLAG_DUPLICATE_TIMESTEP | FLAG_GAP_TIME_SERIES | FLAG_TIMESTEP_IRREGULAR | QA_REQUIRED | SCIENTIFIC_NOTATION_CONVERTED | UNIT_ASSUMED,9505.703422053231,PARSING_SCALING_ERROR
raw_mesures_debit_jr,508442,702/16,1230cd2c-2ca1-483a-8466-d6585fcfbd61,2012-02-06,2.104,2.104,20000.0,2.104,m3/s,m3/s,aucune,FLAG_DUPLICATE_TIMESTEP | FLAG_GAP_TIME_SERIES | FLAG_TIMESTEP_IRREGULAR | QA_REQUIRED | SCIENTIFIC_NOTATION_CONVERTED | UNIT_ASSUMED,9505.703422053231,PARSING_SCALING_ERROR
raw_mesures_debit_jr,508443,702/16,1230cd2c-2ca1-483a-8466-d6585fcfbd61,2012-02-07,2.104,2.104,20000.0,2.104,m3/s,m3/s,aucune,FLAG_DUPLICATE_TIMESTEP | FLAG_GAP_TIME_SERIES | FLAG_TIMESTEP_IRREGULAR | QA_REQUIRED | SCIENTIFIC_NOTATION_CONVERTED | UNIT_ASSUMED,9505.703422053231,PARSING_SCALING_ERROR
raw_mesures_debit_jr,508451,702/16,1230cd2c-2ca1-483a-8466-d6585fcfbd61,2012-02-15,2.104,2.104,20000.0,2.104,m3/s,m3/s,aucune,FLAG_DUPLICATE_TIMESTEP | FLAG_GAP_TIME_SERIES | FLAG_TIMESTEP_IRREGULAR | QA_REQUIRED | SCIENTIFIC_NOTATION_CONVERTED | UNIT_ASSUMED,9505.703422053231,PARSING_SCALING_ERROR
raw_mesures_debit_jr,508452,702/16,1230cd2c-2ca1-483a-8466-d6585fcfbd61,2012-02-16,2.104,2.104,20000.0,2.104,m3/s,m3/s,aucune,FLAG_DUPLICATE_TIMESTEP | FLAG_GAP_TIME_SERIES | FLAG_TIMESTEP_IRREGULAR | QA_REQUIRED | SCIENTIFIC_NOTATION_CONVERTED | UNIT_ASSUMED,9505.703422053231,PARSING_SCALING_ERROR
raw_mesures_debit_jr,508453,702/16,1230cd2c-2ca1-483a-8466-d6585fcfbd61,2012-02-17,2.104,2.104,20000.0,2.104,m3/s,m3/s,aucune,FLAG_DUPLICATE_TIMESTEP | FLAG_GAP_TIME_SERIES | FLAG_TIMESTEP_IRREGULAR | QA_REQUIRED | SCIENTIFIC_NOTATION_CONVERTED | UNIT_ASSUMED,9505.703422053231,PARSING_SCALING_ERROR
raw_mesures_debit_jr,508454,702/16,1230cd2c-2ca1-483a-8466-d6585fcfbd61,2012-02-18,2.104,2.104,20000.0,2.104,m3/s,m3/s,aucune,FLAG_DUPLICATE_TIMESTEP | FLAG_GAP_TIME_SERIES | FLAG_TIMESTEP_IRREGULAR | QA_REQUIRED | SCIENTIFIC_NOTATION_CONVERTED | UNIT_ASSUMED,9505.703422053231,PARSING_SCALING_ERROR
raw_mesures_debit_jr,508455,702/16,1230cd2c-2ca1-483a-8466-d6585fcfbd61,2012-02-19,2.104,2.104,20000.0,2.104,m3/s,m3/s,aucune,FLAG_DUPLICATE_TIMESTEP | FLAG_GAP_TIME_SERIES | FLAG_TIMESTEP_IRREGULAR | QA_REQUIRED | SCIENTIFIC_NOTATION_CONVERTED | UNIT_ASSUMED,9505.703422053231,PARSING_SCALING_ERROR
raw_mesures_debit_jr,508456,702/16,1230cd2c-2ca1-483a-8466-d6585fcfbd61,2012-02-20,2.104,2.104,20000.0,2.104,m3/s,m3/s,aucune,FLAG_DUPLICATE_TIMESTEP | FLAG_GAP_TIME_SERIES | FLAG_TIMESTEP_IRREGULAR | QA_REQUIRED | SCIENTIFIC_NOTATION_CONVERTED | UNIT_ASSUMED,9505.703422053231,PARSING_SCALING_ERROR
raw_mesures_debit_jr,508457,702/16,1230cd2c-2ca1-483a-8466-d6585fcfbd61,2012-02-21,2.104,2.104,20000.0,2.104,m3/s,m3/s,aucune,FLAG_DUPLICATE_TIMESTEP | FLAG_GAP_TIME_SERIES | FLAG_TIMESTEP_IRREGULAR | QA_REQUIRED | SCIENTIFIC_NOTATION_CONVERTED | UNIT_ASSUMED,9505.703422053231,PARSING_SCALING_ERROR
raw_mesures_debit_jr,508458,702/16,1230cd2c-2ca1-483a-8466-d6585fcfbd61,2012-02-22,2.104,2.104,20000.0,2.104,m3/s,m3/s,aucune,FLAG_DUPLICATE_TIMESTEP | FLAG_GAP_TIME_SERIES | FLAG_TIMESTEP_IRREGULAR | QA_REQUIRED | SCIENTIFIC_NOTATION_CONVERTED | UNIT_ASSUMED,9505.703422053231,PARSING_SCALING_ERROR
raw_mesures_debit_jr,508459,702/16,1230cd2c-2ca1-483a-8466-d6585fcfbd61,2012-02-23,2.104,2.104,20000.0,2.104,m3/s,m3/s,aucune,FLAG_DUPLICATE_TIMESTEP | FLAG_GAP_TIME_SERIES | FLAG_TIMESTEP_IRREGULAR | QA_REQUIRED | SCIENTIFIC_NOTATION_CONVERTED | UNIT_ASSUMED,9505.703422053231,PARSING_SCALING_ERROR
raw_mesures_debit_jr,508460,702/16,1230cd2c-2ca1-483a-8466-d6585fcfbd61,2012-02-24,2.104,2.104,20000.0,2.104,m3/s,m3/s,aucune,FLAG_DUPLICATE_TIMESTEP | FLAG_GAP_TIME_SERIES | FLAG_TIMESTEP_IRREGULAR | QA_REQUIRED | SCIENTIFIC_NOTATION_CONVERTED | UNIT_ASSUMED,9505.703422053231,PARSING_SCALING_ERROR
raw_mesures_debit_jr,508718,702/16,1230cd2c-2ca1-483a-8466-d6585fcfbd61,2012-11-08,2.104,2.104,20000.0,2.104,m3/s,m3/s,aucune,FLAG_DUPLICATE_TIMESTEP | FLAG_GAP_TIME_SERIES | FLAG_TIMESTEP_IRREGULAR | QA_REQUIRED | SCIENTIFIC_NOTATION_CONVERTED | UNIT_ASSUMED,9505.703422053231,PARSING_SCALING_ERROR
raw_mesures_debit_jr,508719,702/16,1230cd2c-2ca1-483a-8466-d6585fcfbd61,2012-11-09,2.104,2.104,20000.0,2.104,m3/s,m3/s,aucune,FLAG_DUPLICATE_TIMESTEP | FLAG_GAP_TIME_SERIES | FLAG_TIMESTEP_IRREGULAR | QA_REQUIRED | SCIENTIFIC_NOTATION_CONVERTED | UNIT_ASSUMED,9505.703422053231,PARSING_SCALING_ERROR
raw_mesures_debit_jr,512898,891/16,7e275775-8cc5-4644-8381-87b3b3663f64,2003-04-19,0.100007,0.100007,0.0,0.100007,m3/s,m3/s,aucune,FLAG_DUPLICATE_TIMESTEP | FLAG_GAP_TIME_SERIES | FLAG_TIMESTEP_IRREGULAR | QA_REQUIRED | SCIENTIFIC_NOTATION_CONVERTED | UNIT_ASSUMED,0.0,CONFLICT_VALUE_TO_REVIEW
