base,schema,table,type_table,mode_detection,parametre_observe,parametre_normalise_auto,colonne_parametre,colonne_valeur,unite_detectee,volume_lignes,volume_valeurs_non_nulles,nb_valeurs_nulles,nb_valeurs_negatives,nb_valeurs_non_numeriques,min_valeur,max_valeur,premiere_date,derniere_date,exemple_valeur_1,exemple_valeur_2,exemple_valeur_3,source_origine,commentaire_auto,qualite_detection
abh_sebou_ismail,public,barrages_abhs,référentiel,colonne_large,vrn_hm3,vrn_hm3,,vrn_hm3,Hm3,34,23,11,0,0,2.8,3800.0,,,12,266,55.5,abh_sebou_ismail.public.barrages_abhs,variable métier détectée depuis une table large,moyenne
abh_sebou_ismail,public,barrages_abhs,référentiel,colonne_large,hauteur,hauteur,,hauteur,à confirmer,34,33,1,0,0,0.0,112.0,,,10,88,15,abh_sebou_ismail.public.barrages_abhs,variable métier détectée depuis une table large,moyenne
abh_sebou_ismail,public,barrages_abhs,référentiel,colonne_large,apports_hm,apports_hm,,apports_hm,à confirmer,34,23,11,0,0,0.0,2776.0,,,293,716,250,abh_sebou_ismail.public.barrages_abhs,variable métier détectée depuis une table large,moyenne
abh_sebou_ismail,public,barrages_abhs,référentiel,colonne_large,montant_md,montant_md,,montant_md,à confirmer,34,23,11,0,0,31.5,9366.0,,,950,31.5,395,abh_sebou_ismail.public.barrages_abhs,variable métier détectée depuis une table large,moyenne
abh_sebou_ismail,public,bassin_sebou,autre_métier,colonne_large,perimetre,perimetre,,perimetre,à confirmer,1,1,0,0,0,1063.66456726,1063.66456726,,,1063.66456726,,,abh_sebou_ismail.public.bassin_sebou,variable métier détectée depuis une table large,moyenne
abh_sebou_ismail,public,bassin_sebou,autre_métier,colonne_large,superficie_km2,superficie_km2,,superficie_km2,km2,1,1,0,0,0,40960.94362070001,40960.94362070001,,,40960.94362070001,,,abh_sebou_ismail.public.bassin_sebou,variable métier détectée depuis une table large,moyenne
abh_sebou_ismail,public,bathymetries_barrages_abhs,hydrologie,colonne_large,hauteur_m,hauteur_m,,hauteur_m,m,62359,62359,0,0,0,94.5,765.0,,,325.28,161.01,541.79,abh_sebou_ismail.public.bathymetries_barrages_abhs,variable métier détectée depuis une table large,forte
abh_sebou_ismail,public,bathymetries_barrages_abhs,hydrologie,colonne_large,volume_mm3,volume_mm3,,volume_mm3,Mm3,62359,62359,0,0,0,0.0,4033.781,,,10.307,15.0421,7.562,abh_sebou_ismail.public.bathymetries_barrages_abhs,variable métier détectée depuis une table large,forte
abh_sebou_ismail,public,bathymetries_barrages_abhs,hydrologie,colonne_large,surface_km2,conductivite,,surface_km2,km2,62359,62359,0,0,0,0.0,132.12,,,5.083,6.529940002,7.562,abh_sebou_ismail.public.bathymetries_barrages_abhs,variable métier détectée depuis une table large,forte
abh_sebou_ismail,public,decharges_abhs,pollution,colonne_large,sup_tot_ha,pt_famille,,sup_tot_ha,ha,233,128,105,0,0,0.02,700.0, ,2023,0.06,12,2.1085,abh_sebou_ismail.public.decharges_abhs,variable métier détectée depuis une table large,moyenne
abh_sebou_ismail,public,decharges_abhs,pollution,colonne_large,sup_occupee_ha,sup_occupee_ha,,sup_occupee_ha,ha,233,108,125,0,0,0.005,128.0, ,2023,13.5,10,0.005,abh_sebou_ismail.public.decharges_abhs,variable métier détectée depuis une table large,moyenne
abh_sebou_ismail,public,decharges_abhs,pollution,colonne_large,quantite_t_j,quantite_t_j,,quantite_t_j,à confirmer,233,159,74,0,0,0.02,560.0, ,2023,560,3.5,15.26,abh_sebou_ismail.public.decharges_abhs,variable métier détectée depuis une table large,moyenne
abh_sebou_ismail,public,idp_2024_mesures_qualite_globale,qualité,colonne_parametre,Ag,ag,parametre_qualite,val_qual,à confirmer,46,46,0,0,46,,,2024-09-13,2025-12-14,"<0,0067","<0,010",,abh_sebou_ismail.public.idp_2024_mesures_qualite_globale,paramètre détecté depuis une colonne explicite,forte
abh_sebou_ismail,public,idp_2024_mesures_qualite_globale,qualité,colonne_parametre,Al,al,parametre_qualite,val_qual,à confirmer,46,46,0,0,1,0.0542,35.57,2024-09-13,2025-12-14,"<0,010","0,0542","0,0832",abh_sebou_ismail.public.idp_2024_mesures_qualite_globale,paramètre détecté depuis une colonne explicite,forte
abh_sebou_ismail,public,idp_2024_mesures_qualite_globale,qualité,colonne_parametre,As,as,parametre_qualite,val_qual,à confirmer,46,46,0,0,46,,,2024-09-13,2025-12-14,"<0,005","<0,010",,abh_sebou_ismail.public.idp_2024_mesures_qualite_globale,paramètre détecté depuis une colonne explicite,forte
abh_sebou_ismail,public,idp_2024_mesures_qualite_globale,qualité,colonne_parametre,Ba,ba,parametre_qualite,val_qual,à confirmer,46,46,0,0,1,0.0162,15.91,2024-09-13,2025-12-14,"<0,010","0,0162","0,0167",abh_sebou_ismail.public.idp_2024_mesures_qualite_globale,paramètre détecté depuis une colonne explicite,forte
abh_sebou_ismail,public,idp_2024_mesures_qualite_globale,qualité,colonne_parametre,Be,be,parametre_qualite,val_qual,à confirmer,45,45,0,0,45,,,2024-09-13,2025-12-14,"<0,005","<0,010",,abh_sebou_ismail.public.idp_2024_mesures_qualite_globale,paramètre détecté depuis une colonne explicite,forte
abh_sebou_ismail,public,idp_2024_mesures_qualite_globale,qualité,colonne_parametre,Bilan_Ionique,bilan_ionique,parametre_qualite,val_qual,à confirmer,28,28,0,0,0,0.525216307,8.791470332,2024-09-20,2025-12-13,"0,525216307","0,616442227","0,723237856",abh_sebou_ismail.public.idp_2024_mesures_qualite_globale,paramètre détecté depuis une colonne explicite,forte
abh_sebou_ismail,public,idp_2024_mesures_qualite_globale,qualité,colonne_parametre,Ca++,ca,parametre_qualite,val_qual,à confirmer,189,189,0,0,0,19.6,1222.4,2024-09-13,2025-12-14,"138,3","86,2","280,6",abh_sebou_ismail.public.idp_2024_mesures_qualite_globale,paramètre détecté depuis une colonne explicite,forte
abh_sebou_ismail,public,idp_2024_mesures_qualite_globale,qualité,colonne_parametre,Cd,cd,parametre_qualite,val_qual,à confirmer,46,46,0,0,44,0.0013,0.0024,2024-09-13,2025-12-14,"<0,0005","<0,001","0,0013",abh_sebou_ismail.public.idp_2024_mesures_qualite_globale,paramètre détecté depuis une colonne explicite,forte
abh_sebou_ismail,public,idp_2024_mesures_qualite_globale,qualité,colonne_parametre,CF,cf,parametre_qualite,val_qual,UFC/100mL,184,184,0,0,164,0.0,94.0,2024-09-13,2025-12-14,"1,0x103","4,9 x 106","1,5x102",abh_sebou_ismail.public.idp_2024_mesures_qualite_globale,paramètre détecté depuis une colonne explicite,forte
abh_sebou_ismail,public,idp_2024_mesures_qualite_globale,qualité,colonne_parametre,Cl-,cl,parametre_qualite,val_qual,à confirmer,189,189,0,0,0,5.9,14508.0,2024-09-13,2025-12-14,497,395,173,abh_sebou_ismail.public.idp_2024_mesures_qualite_globale,paramètre détecté depuis une colonne explicite,forte
abh_sebou_ismail,public,idp_2024_mesures_qualite_globale,qualité,colonne_parametre,Co,co,parametre_qualite,val_qual,à confirmer,46,46,0,0,45,0.0245,0.0245,2024-09-13,2025-12-14,"<0,005","<0,010","0,0245",abh_sebou_ismail.public.idp_2024_mesures_qualite_globale,paramètre détecté depuis une colonne explicite,forte
abh_sebou_ismail,public,idp_2024_mesures_qualite_globale,qualité,colonne_parametre,CO3,co3,parametre_qualite,val_qual,mg/L,32,32,0,0,0,0.0,0.0,2024-09-18,2025-12-13,0,,,abh_sebou_ismail.public.idp_2024_mesures_qualite_globale,paramètre détecté depuis une colonne explicite,forte
abh_sebou_ismail,public,idp_2024_mesures_qualite_globale,qualité,colonne_parametre,CrT,crt,parametre_qualite,val_qual,à confirmer,46,46,0,0,16,0.0101,0.1108,2024-09-13,2025-12-14,"<0,005","<0,010","0,0101",abh_sebou_ismail.public.idp_2024_mesures_qualite_globale,paramètre détecté depuis une colonne explicite,forte
abh_sebou_ismail,public,idp_2024_mesures_qualite_globale,qualité,colonne_parametre,CT,ct,parametre_qualite,val_qual,mg/L,184,184,0,0,173,0.0,90.0,2024-09-13,2025-12-14,"3,4x102","6,2X102","5,0X103",abh_sebou_ismail.public.idp_2024_mesures_qualite_globale,paramètre détecté depuis une colonne explicite,forte
abh_sebou_ismail,public,idp_2024_mesures_qualite_globale,qualité,colonne_parametre,Cu,cu,parametre_qualite,val_qual,à confirmer,46,46,0,0,15,0.0113,0.2337,2024-09-13,2025-12-14,"<0,005","<0,010","0,0113",abh_sebou_ismail.public.idp_2024_mesures_qualite_globale,paramètre détecté depuis une colonne explicite,forte
abh_sebou_ismail,public,idp_2024_mesures_qualite_globale,qualité,colonne_parametre,DBO5,dbo5,parametre_qualite,val_qual,mg O2/L,163,163,0,0,5,0.5125,17450.57,2024-09-13,2025-12-14,"2,132","261,69","25,815",abh_sebou_ismail.public.idp_2024_mesures_qualite_globale,paramètre détecté depuis une colonne explicite,forte
abh_sebou_ismail,public,idp_2024_mesures_qualite_globale,qualité,colonne_parametre,DCO,dco,parametre_qualite,val_qual,mg O2/L,172,172,0,0,16,9.6,30720.0,2024-09-12,2025-12-14,1585,96,266,abh_sebou_ismail.public.idp_2024_mesures_qualite_globale,paramètre détecté depuis une colonne explicite,forte
abh_sebou_ismail,public,idp_2024_mesures_qualite_globale,qualité,colonne_parametre,"DCO  D 
 2h",dco,parametre_qualite,val_qual,à confirmer,2,2,0,0,0,53.76,74.88,2025-10-30,2025-10-30,"53,76","74,88",,abh_sebou_ismail.public.idp_2024_mesures_qualite_globale,paramètre détecté depuis une colonne explicite,forte
abh_sebou_ismail,public,idp_2024_mesures_qualite_globale,qualité,colonne_parametre,Fe,fe,parametre_qualite,val_qual,mg/L,97,97,0,0,17,0.0199,43.2,2024-09-13,2025-12-14,"5,24","3,693","0,661",abh_sebou_ismail.public.idp_2024_mesures_qualite_globale,paramètre détecté depuis une colonne explicite,forte
abh_sebou_ismail,public,idp_2024_mesures_qualite_globale,qualité,colonne_parametre,Fe2+,fe2,parametre_qualite,val_qual,à confirmer,6,6,0,0,1,0.0171,5.624,2024-09-21,2025-10-28,"<0,010","0,0171","0,054",abh_sebou_ismail.public.idp_2024_mesures_qualite_globale,paramètre détecté depuis une colonne explicite,forte
abh_sebou_ismail,public,idp_2024_mesures_qualite_globale,qualité,colonne_parametre,HCO3,hco3,parametre_qualite,val_qual,à confirmer,32,32,0,0,0,133.0,839.0,2024-09-18,2025-12-13,133,167,173,abh_sebou_ismail.public.idp_2024_mesures_qualite_globale,paramètre détecté depuis une colonne explicite,forte
abh_sebou_ismail,public,idp_2024_mesures_qualite_globale,qualité,colonne_parametre,Hg,h_g,parametre_qualite,val_qual,à confirmer,31,31,0,0,24,0.0002614,0.0017,2024-09-13,2025-12-14,"<0,00025","0,0002614","0,0003",abh_sebou_ismail.public.idp_2024_mesures_qualite_globale,paramètre détecté depuis une colonne explicite,forte
abh_sebou_ismail,public,idp_2024_mesures_qualite_globale,qualité,colonne_parametre,"Huiles
Graisses",h_g,parametre_qualite,val_qual,à confirmer,72,72,0,0,22,0.44,126.0,2024-09-13,2025-12-14,"7,58","15,4","0,562",abh_sebou_ismail.public.idp_2024_mesures_qualite_globale,paramètre détecté depuis une colonne explicite,forte
abh_sebou_ismail,public,idp_2024_mesures_qualite_globale,qualité,colonne_parametre,IP,ip,parametre_qualite,val_qual,à confirmer,25,25,0,0,14,0.527,3.466666667,2024-09-18,2025-12-13,"<0,45","0,527","0,79",abh_sebou_ismail.public.idp_2024_mesures_qualite_globale,paramètre détecté depuis une colonne explicite,forte
abh_sebou_ismail,public,idp_2024_mesures_qualite_globale,qualité,colonne_parametre,K+,k,parametre_qualite,val_qual,à confirmer,172,172,0,0,0,0.448,633.0,2024-09-13,2025-12-14,"1,86","62,8","1,76",abh_sebou_ismail.public.idp_2024_mesures_qualite_globale,paramètre détecté depuis une colonne explicite,forte
abh_sebou_ismail,public,idp_2024_mesures_qualite_globale,qualité,colonne_parametre,Li,li,parametre_qualite,val_qual,à confirmer,34,34,0,0,10,0.0082,3.374,2024-09-18,2025-12-14,"<0,020","0,0082","0,0089",abh_sebou_ismail.public.idp_2024_mesures_qualite_globale,paramètre détecté depuis une colonne explicite,forte
abh_sebou_ismail,public,idp_2024_mesures_qualite_globale,qualité,colonne_parametre,MES,mes,parametre_qualite,val_qual,mg/L,163,163,0,0,3,7.368421053,24008.0,2024-09-13,2025-12-14,"11,5",1924,672,abh_sebou_ismail.public.idp_2024_mesures_qualite_globale,paramètre détecté depuis une colonne explicite,forte
abh_sebou_ismail,public,idp_2024_mesures_qualite_globale,qualité,colonne_parametre,Mg++,mg,parametre_qualite,val_qual,à confirmer,189,189,0,0,0,2.4,854.1,2024-09-13,2025-12-14,"63,2","41,9","13,4",abh_sebou_ismail.public.idp_2024_mesures_qualite_globale,paramètre détecté depuis une colonne explicite,forte
abh_sebou_ismail,public,idp_2024_mesures_qualite_globale,qualité,colonne_parametre,Mn,mn,parametre_qualite,val_qual,mg/L,73,73,0,0,29,0.0083,1.099,2024-09-13,2025-12-14,"0,072","0,118","0,175",abh_sebou_ismail.public.idp_2024_mesures_qualite_globale,paramètre détecté depuis une colonne explicite,forte
abh_sebou_ismail,public,idp_2024_mesures_qualite_globale,qualité,colonne_parametre,Mo,mo,parametre_qualite,val_qual,à confirmer,46,46,0,0,40,0.0102,0.0205,2024-09-13,2025-12-14,"<0,010","0,0102","0,0105",abh_sebou_ismail.public.idp_2024_mesures_qualite_globale,paramètre détecté depuis une colonne explicite,forte
abh_sebou_ismail,public,idp_2024_mesures_qualite_globale,qualité,colonne_parametre,Na+,na,parametre_qualite,val_qual,à confirmer,172,172,0,0,0,2.4,7573.0,2024-09-13,2025-12-14,173,247,340,abh_sebou_ismail.public.idp_2024_mesures_qualite_globale,paramètre détecté depuis une colonne explicite,forte
abh_sebou_ismail,public,idp_2024_mesures_qualite_globale,qualité,colonne_parametre,NH4+,nh4,parametre_qualite,val_qual,à confirmer,188,188,0,0,20,0.020571429,3420.0,2024-09-13,2025-12-14,,,,abh_sebou_ismail.public.idp_2024_mesures_qualite_globale,paramètre détecté depuis une colonne explicite,forte
abh_sebou_ismail,public,idp_2024_mesures_qualite_globale,qualité,colonne_parametre,Ni,ni,parametre_qualite,val_qual,à confirmer,46,46,0,0,28,0.01,0.0739,2024-09-13,2025-12-14,"<0,010","0,01","0,0102",abh_sebou_ismail.public.idp_2024_mesures_qualite_globale,paramètre détecté depuis une colonne explicite,forte
abh_sebou_ismail,public,idp_2024_mesures_qualite_globale,qualité,colonne_parametre,NO2-,no2,parametre_qualite,val_qual,mg/L,189,189,0,0,110,0.002,11.128,2024-09-13,2025-12-14,"4,844","0,072","0,028",abh_sebou_ismail.public.idp_2024_mesures_qualite_globale,paramètre détecté depuis une colonne explicite,forte
abh_sebou_ismail,public,idp_2024_mesures_qualite_globale,qualité,colonne_parametre,NO3-,no3,parametre_qualite,val_qual,mg/L,189,189,0,0,23,0.3,207.0,2024-09-13,2025-12-14,"27,2","2,62","1,1",abh_sebou_ismail.public.idp_2024_mesures_qualite_globale,paramètre détecté depuis une colonne explicite,forte
abh_sebou_ismail,public,idp_2024_mesures_qualite_globale,qualité,colonne_parametre,NTK,ntk,parametre_qualite,val_qual,à confirmer,163,163,0,0,1,0.242,3752.0,2024-09-13,2025-12-14,"537,6","58,8","162,4",abh_sebou_ismail.public.idp_2024_mesures_qualite_globale,paramètre détecté depuis une colonne explicite,forte
abh_sebou_ismail,public,idp_2024_mesures_qualite_globale,qualité,colonne_parametre,Pb,pb,parametre_qualite,val_qual,à confirmer,46,46,0,0,30,0.0101,0.0422,2024-09-13,2025-12-14,"<0,005","<0,010","0,0101",abh_sebou_ismail.public.idp_2024_mesures_qualite_globale,paramètre détecté depuis une colonne explicite,forte
abh_sebou_ismail,public,idp_2024_mesures_qualite_globale,qualité,colonne_parametre,Phénol,ph,parametre_qualite,val_qual,mg/L,72,72,0,0,33,0.01,2.56,2024-09-13,2025-12-14,"0,122","0,017","0,085",abh_sebou_ismail.public.idp_2024_mesures_qualite_globale,paramètre détecté depuis une colonne explicite,forte
abh_sebou_ismail,public,idp_2024_mesures_qualite_globale,qualité,colonne_parametre,PO43-,po4,parametre_qualite,val_qual,à confirmer,163,163,0,0,23,0.02,99.124,2024-09-13,2025-12-14,"8,547","2,168","7,938",abh_sebou_ismail.public.idp_2024_mesures_qualite_globale,paramètre détecté depuis une colonne explicite,forte
abh_sebou_ismail,public,idp_2024_mesures_qualite_globale,qualité,colonne_parametre,PT,pt_famille,parametre_qualite,val_qual,à confirmer,163,163,0,0,12,0.055,506.03,2024-09-13,2025-12-14,"1,25","0,18","6,18",abh_sebou_ismail.public.idp_2024_mesures_qualite_globale,paramètre détecté depuis une colonne explicite,forte
abh_sebou_ismail,public,idp_2024_mesures_qualite_globale,qualité,colonne_parametre,"RS 
mesuré",rs_mesure,parametre_qualite,val_qual,à confirmer,24,24,0,0,0,252.0,4171.0,2024-09-18,2025-12-13,1004,1127,1327,abh_sebou_ismail.public.idp_2024_mesures_qualite_globale,paramètre détecté depuis une colonne explicite,forte
abh_sebou_ismail,public,idp_2024_mesures_qualite_globale,qualité,colonne_parametre,Sb,sb,parametre_qualite,val_qual,à confirmer,46,46,0,0,45,0.0109,0.0109,2024-09-13,2025-12-14,"<0,010","0,0109",,abh_sebou_ismail.public.idp_2024_mesures_qualite_globale,paramètre détecté depuis une colonne explicite,forte
abh_sebou_ismail,public,idp_2024_mesures_qualite_globale,qualité,colonne_parametre,Se,se,parametre_qualite,val_qual,à confirmer,46,46,0,0,46,,,2024-09-13,2025-12-14,"<0,005","<0,010",,abh_sebou_ismail.public.idp_2024_mesures_qualite_globale,paramètre détecté depuis une colonne explicite,forte
abh_sebou_ismail,public,idp_2024_mesures_qualite_globale,qualité,colonne_parametre,SF,sf,parametre_qualite,val_qual,g/L,184,184,0,0,164,0.0,65.0,2024-09-13,2025-12-14,"3,7x105","9,0 x 105","1,2 x 102",abh_sebou_ismail.public.idp_2024_mesures_qualite_globale,paramètre détecté depuis une colonne explicite,forte
abh_sebou_ismail,public,idp_2024_mesures_qualite_globale,qualité,colonne_parametre,Sn,sn,parametre_qualite,val_qual,à confirmer,42,42,0,0,13,0.0102,0.8848,2024-09-13,2025-12-11,"<0,010","0,0102","0,0106",abh_sebou_ismail.public.idp_2024_mesures_qualite_globale,paramètre détecté depuis une colonne explicite,forte
abh_sebou_ismail,public,idp_2024_mesures_qualite_globale,qualité,colonne_parametre,SO4--,so4,parametre_qualite,val_qual,à confirmer,189,189,0,0,0,2.48,1959.0,2024-09-13,2025-12-14,75,"27,3","98,3",abh_sebou_ismail.public.idp_2024_mesures_qualite_globale,paramètre détecté depuis une colonne explicite,forte
abh_sebou_ismail,public,idp_2024_mesures_qualite_globale,qualité,colonne_parametre,"somme
anions_meq/l3",somme_anions_meq_l3,parametre_qualite,val_qual,à confirmer,28,28,0,0,0,3.50430391,252.7530891,2024-09-20,2025-12-13,"11,79167542","12,17263829","12,2166989",abh_sebou_ismail.public.idp_2024_mesures_qualite_globale,paramètre détecté depuis une colonne explicite,forte
abh_sebou_ismail,public,idp_2024_mesures_qualite_globale,qualité,colonne_parametre,"somme
anions_mg/l4",somme_anions_mg_l4,parametre_qualite,val_qual,mg/L,28,28,0,0,0,69.63,5451.94,2024-09-20,2025-12-13,"101,95","102,09","1200,64",abh_sebou_ismail.public.idp_2024_mesures_qualite_globale,paramètre détecté depuis une colonne explicite,forte
abh_sebou_ismail,public,idp_2024_mesures_qualite_globale,qualité,colonne_parametre,Sr,sr,parametre_qualite,val_qual,à confirmer,5,5,0,0,0,0.1099,39.23,2025-10-23,2025-10-31,"0,1099","0,1479","0,3742",abh_sebou_ismail.public.idp_2024_mesures_qualite_globale,paramètre détecté depuis une colonne explicite,forte
abh_sebou_ismail,public,idp_2024_mesures_qualite_globale,qualité,colonne_parametre,TA_°F,ta_deg_f,parametre_qualite,val_qual,à confirmer,32,32,0,0,0,0.0,0.0,2024-09-18,2025-12-13,0,,,abh_sebou_ismail.public.idp_2024_mesures_qualite_globale,paramètre détecté depuis une colonne explicite,forte
abh_sebou_ismail,public,idp_2024_mesures_qualite_globale,qualité,colonne_parametre,TA_meq/l,ta_meq_l,parametre_qualite,val_qual,à confirmer,32,32,0,0,0,0.0,0.0,2024-09-18,2025-12-13,0,,,abh_sebou_ismail.public.idp_2024_mesures_qualite_globale,paramètre détecté depuis une colonne explicite,forte
abh_sebou_ismail,public,idp_2024_mesures_qualite_globale,qualité,colonne_parametre,TAC_°F,tac_deg_f,parametre_qualite,val_qual,à confirmer,32,32,0,0,0,10.9,68.8,2024-09-18,2025-12-13,"10,9","13,7","14,2",abh_sebou_ismail.public.idp_2024_mesures_qualite_globale,paramètre détecté depuis une colonne explicite,forte
abh_sebou_ismail,public,idp_2024_mesures_qualite_globale,qualité,colonne_parametre,TAC_meq/l,tac_meq_l,parametre_qualite,val_qual,à confirmer,32,32,0,0,0,2.18,13.76,2024-09-18,2025-12-13,"10,2","10,92","11,4",abh_sebou_ismail.public.idp_2024_mesures_qualite_globale,paramètre détecté depuis une colonne explicite,forte
abh_sebou_ismail,public,idp_2024_mesures_qualite_globale,qualité,colonne_parametre,TH,th,parametre_qualite,val_qual,°F,189,189,0,0,0,11.51209926,437.4844755,2024-09-13,2025-12-14,"47,49500998","25,02279392","33,9817279",abh_sebou_ismail.public.idp_2024_mesures_qualite_globale,paramètre détecté depuis une colonne explicite,forte
abh_sebou_ismail,public,idp_2024_mesures_qualite_globale,qualité,colonne_parametre,Tl,tl,parametre_qualite,val_qual,à confirmer,14,14,0,0,2,0.014,0.1127,2025-10-13,2025-10-31,"<0,010","0,014","0,0181",abh_sebou_ismail.public.idp_2024_mesures_qualite_globale,paramètre détecté depuis une colonne explicite,forte
abh_sebou_ismail,public,idp_2024_mesures_qualite_globale,qualité,colonne_parametre,V,v,parametre_qualite,val_qual,à confirmer,42,42,0,0,21,0.0076,0.3719,2024-09-13,2025-12-11,"<0,005","<0,010","0,0076",abh_sebou_ismail.public.idp_2024_mesures_qualite_globale,paramètre détecté depuis une colonne explicite,forte
abh_sebou_ismail,public,idp_2024_mesures_qualite_globale,qualité,colonne_parametre,Zn,zn,parametre_qualite,val_qual,à confirmer,42,42,0,0,13,0.0113,0.5924,2024-09-13,2025-12-11,"<0,00025","<0,010","0,0113",abh_sebou_ismail.public.idp_2024_mesures_qualite_globale,paramètre détecté depuis une colonne explicite,forte
abh_sebou_ismail,public,idp_2024_mesures_qualite_marche_cadre,qualité,colonne_parametre,Arsenic,arsenic,parametre_qualite,val_qual,à confirmer,8,8,0,0,8,,,2025-10-08,2025-10-29,"<0,005","<0,010",,abh_sebou_ismail.public.idp_2024_mesures_qualite_marche_cadre,paramètre détecté depuis une colonne explicite,forte
abh_sebou_ismail,public,idp_2024_mesures_qualite_marche_cadre,qualité,colonne_parametre,Bilan_Ionique,bilan_ionique,parametre_qualite,val_qual,à confirmer,89,85,4,0,0,0.040490623,9.794268427,2025-10-06,2025-12-01,"7,513775763","6,182296049","0,832945489",abh_sebou_ismail.public.idp_2024_mesures_qualite_marche_cadre,paramètre détecté depuis une colonne explicite,forte
abh_sebou_ismail,public,idp_2024_mesures_qualite_marche_cadre,qualité,colonne_parametre,Ca++,ca,parametre_qualite,val_qual,à confirmer,89,89,0,0,0,17.6,1222.0,2025-10-06,2025-12-01,"30,1",126,"58,5",abh_sebou_ismail.public.idp_2024_mesures_qualite_marche_cadre,paramètre détecté depuis une colonne explicite,forte
abh_sebou_ismail,public,idp_2024_mesures_qualite_marche_cadre,qualité,colonne_parametre,Cadmium,cadmium,parametre_qualite,val_qual,à confirmer,8,8,0,0,8,,,2025-10-08,2025-10-29,"<0,0005","<0,001",,abh_sebou_ismail.public.idp_2024_mesures_qualite_marche_cadre,paramètre détecté depuis une colonne explicite,forte
abh_sebou_ismail,public,idp_2024_mesures_qualite_marche_cadre,qualité,colonne_parametre,CF,cf,parametre_qualite,val_qual,UFC/100mL,89,89,0,0,52,0.0,90.0,2025-10-06,2025-12-01,"7,5.104","1,5.102","3,3.102",abh_sebou_ismail.public.idp_2024_mesures_qualite_marche_cadre,paramètre détecté depuis une colonne explicite,forte
abh_sebou_ismail,public,idp_2024_mesures_qualite_marche_cadre,qualité,colonne_parametre,Chl a,chla,parametre_qualite,val_qual,à confirmer,38,38,0,0,6,0.54,459.0,2025-10-06,2025-11-13,"<0,1","0,54","0,6",abh_sebou_ismail.public.idp_2024_mesures_qualite_marche_cadre,paramètre détecté depuis une colonne explicite,forte
abh_sebou_ismail,public,idp_2024_mesures_qualite_marche_cadre,qualité,colonne_parametre,Chrome,chrome,parametre_qualite,val_qual,à confirmer,8,8,0,0,7,0.009,0.009,2025-10-08,2025-10-29,"<0,005","<0,010","0,009",abh_sebou_ismail.public.idp_2024_mesures_qualite_marche_cadre,paramètre détecté depuis une colonne explicite,forte
abh_sebou_ismail,public,idp_2024_mesures_qualite_marche_cadre,qualité,colonne_parametre,Cl-_IC,cl_ic,parametre_qualite,val_qual,à confirmer,127,127,0,0,0,3.77,20625.0,2025-10-06,2025-12-01,"60,9","27,3",129,abh_sebou_ismail.public.idp_2024_mesures_qualite_marche_cadre,paramètre détecté depuis une colonne explicite,forte
abh_sebou_ismail,public,idp_2024_mesures_qualite_marche_cadre,qualité,colonne_parametre,CO3,co3,parametre_qualite,val_qual,mg/L,89,89,0,0,0,0.0,6.24,2025-10-06,2025-12-01,0,"6,24",,abh_sebou_ismail.public.idp_2024_mesures_qualite_marche_cadre,paramètre détecté depuis une colonne explicite,forte
abh_sebou_ismail,public,idp_2024_mesures_qualite_marche_cadre,qualité,colonne_parametre,Cobalt,cobalt,parametre_qualite,val_qual,à confirmer,8,8,0,0,8,,,2025-10-08,2025-10-29,"<0,005","<0,010",,abh_sebou_ismail.public.idp_2024_mesures_qualite_marche_cadre,paramètre détecté depuis une colonne explicite,forte
abh_sebou_ismail,public,idp_2024_mesures_qualite_marche_cadre,qualité,colonne_parametre,"Cond 25°C *0,9*0,01",cond_25_deg_c_0_9_0_01,parametre_qualite,val_qual,°C,13,13,0,0,0,4.991868,157.08816,2025-10-07,2025-11-19,,,,abh_sebou_ismail.public.idp_2024_mesures_qualite_marche_cadre,paramètre détecté depuis une colonne explicite,forte
abh_sebou_ismail,public,idp_2024_mesures_qualite_marche_cadre,qualité,colonne_parametre,"Cond 25°C *1,1*0,01",cond_25_deg_c_1_1_0_01,parametre_qualite,val_qual,°C,13,13,0,0,0,6.101172,191.99664,2025-10-07,2025-11-19,,,,abh_sebou_ismail.public.idp_2024_mesures_qualite_marche_cadre,paramètre détecté depuis une colonne explicite,forte
abh_sebou_ismail,public,idp_2024_mesures_qualite_marche_cadre,qualité,colonne_parametre,"Cond
25°C",cond_25_deg_c,parametre_qualite,val_qual,°C,13,13,0,0,0,554.652,17454.24,2025-10-07,2025-11-19,"1113,768","1314,648","1483,164",abh_sebou_ismail.public.idp_2024_mesures_qualite_marche_cadre,paramètre détecté depuis une colonne explicite,forte
abh_sebou_ismail,public,idp_2024_mesures_qualite_marche_cadre,qualité,colonne_parametre,CT,ct,parametre_qualite,val_qual,mg/L,89,89,0,0,61,0.0,80.0,2025-10-06,2025-12-01,"1,9.106","7,1.106","1,5.102",abh_sebou_ismail.public.idp_2024_mesures_qualite_marche_cadre,paramètre détecté depuis une colonne explicite,forte
abh_sebou_ismail,public,idp_2024_mesures_qualite_marche_cadre,qualité,colonne_parametre,Cuivre,cuivre,parametre_qualite,val_qual,à confirmer,8,8,0,0,4,0.0056,0.0171,2025-10-08,2025-10-29,"<0,005","0,0056","0,011",abh_sebou_ismail.public.idp_2024_mesures_qualite_marche_cadre,paramètre détecté depuis une colonne explicite,forte
abh_sebou_ismail,public,idp_2024_mesures_qualite_marche_cadre,qualité,colonne_parametre,DBO5,dbo5,parametre_qualite,val_qual,mg O2/L,39,39,0,0,1,0.762,556.0,2025-10-07,2025-11-20,"<0,2","0,762","0,839",abh_sebou_ismail.public.idp_2024_mesures_qualite_marche_cadre,paramètre détecté depuis une colonne explicite,forte
abh_sebou_ismail,public,idp_2024_mesures_qualite_marche_cadre,qualité,colonne_parametre,DCO,dco,parametre_qualite,val_qual,mg O2/L,35,35,0,0,5,11.5,1121.0,2025-10-07,2025-11-20,"<8,10","11,5",1121,abh_sebou_ismail.public.idp_2024_mesures_qualite_marche_cadre,paramètre détecté depuis une colonne explicite,forte
abh_sebou_ismail,public,idp_2024_mesures_qualite_marche_cadre,qualité,colonne_parametre,"DCO 
2h décant.",dco,parametre_qualite,val_qual,à confirmer,4,4,0,0,0,9.6,53.8,2025-10-08,2025-10-30,"15,4","19,2","53,8",abh_sebou_ismail.public.idp_2024_mesures_qualite_marche_cadre,paramètre détecté depuis une colonne explicite,forte
abh_sebou_ismail,public,idp_2024_mesures_qualite_marche_cadre,qualité,colonne_parametre,Fe,fe,parametre_qualite,val_qual,mg/L,78,78,0,0,32,0.02,2.99,2025-10-06,2025-12-01,"0,101","0,095","0,132",abh_sebou_ismail.public.idp_2024_mesures_qualite_marche_cadre,paramètre détecté depuis une colonne explicite,forte
abh_sebou_ismail,public,idp_2024_mesures_qualite_marche_cadre,qualité,colonne_parametre,Fe2+,fe2,parametre_qualite,val_qual,à confirmer,38,38,0,0,28,0.054,0.255,2025-10-06,2025-11-13,"<0,050","0,054","0,074",abh_sebou_ismail.public.idp_2024_mesures_qualite_marche_cadre,paramètre détecté depuis une colonne explicite,forte
abh_sebou_ismail,public,idp_2024_mesures_qualite_marche_cadre,qualité,colonne_parametre,Fer,fer,parametre_qualite,val_qual,à confirmer,8,8,0,0,0,0.0204,0.6993,2025-10-08,2025-10-29,"0,0204","0,0427","0,053",abh_sebou_ismail.public.idp_2024_mesures_qualite_marche_cadre,paramètre détecté depuis une colonne explicite,forte
abh_sebou_ismail,public,idp_2024_mesures_qualite_marche_cadre,qualité,colonne_parametre,HCO3,hco3,parametre_qualite,val_qual,à confirmer,89,89,0,0,0,17.1,969.0,2025-10-06,2025-12-01,198,798,167,abh_sebou_ismail.public.idp_2024_mesures_qualite_marche_cadre,paramètre détecté depuis une colonne explicite,forte
abh_sebou_ismail,public,idp_2024_mesures_qualite_marche_cadre,qualité,colonne_parametre,"Huiles
Graisses (H G T)",h_g,parametre_qualite,val_qual,à confirmer,27,27,0,0,10,0.417,8.89,2025-10-08,2025-11-20,"<0,377","0,417","0,43",abh_sebou_ismail.public.idp_2024_mesures_qualite_marche_cadre,paramètre détecté depuis une colonne explicite,forte
abh_sebou_ismail,public,idp_2024_mesures_qualite_marche_cadre,qualité,colonne_parametre,indice de phénol M:A,conductivite,parametre_qualite,val_qual,Indice,27,27,0,0,10,0.01,0.147,2025-10-08,2025-11-20,,,,abh_sebou_ismail.public.idp_2024_mesures_qualite_marche_cadre,paramètre détecté depuis une colonne explicite,forte
abh_sebou_ismail,public,idp_2024_mesures_qualite_marche_cadre,qualité,colonne_parametre,IP,ip,parametre_qualite,val_qual,à confirmer,50,50,0,0,37,0.595,9.22,2025-10-06,2025-12-01,"0,8","0,595","9,22",abh_sebou_ismail.public.idp_2024_mesures_qualite_marche_cadre,paramètre détecté depuis une colonne explicite,forte
abh_sebou_ismail,public,idp_2024_mesures_qualite_marche_cadre,qualité,colonne_parametre,K+,k,parametre_qualite,val_qual,à confirmer,89,89,0,0,0,0.264,376.0,2025-10-06,2025-12-01,"17,7","1,86","1,94",abh_sebou_ismail.public.idp_2024_mesures_qualite_marche_cadre,paramètre détecté depuis une colonne explicite,forte
abh_sebou_ismail,public,idp_2024_mesures_qualite_marche_cadre,qualité,colonne_parametre,K+4,k_4,parametre_qualite,val_qual,à confirmer,89,89,0,0,0,0.264,376.0,2025-10-06,2025-12-01,"17,7","1,86","1,94",abh_sebou_ismail.public.idp_2024_mesures_qualite_marche_cadre,paramètre détecté depuis une colonne explicite,forte
abh_sebou_ismail,public,idp_2024_mesures_qualite_marche_cadre,qualité,colonne_parametre,Mercure,mercure,parametre_qualite,val_qual,à confirmer,8,8,0,0,8,,,2025-10-08,2025-10-29,"<0,00025",,,abh_sebou_ismail.public.idp_2024_mesures_qualite_marche_cadre,paramètre détecté depuis une colonne explicite,forte
abh_sebou_ismail,public,idp_2024_mesures_qualite_marche_cadre,qualité,colonne_parametre,MEST Filtr,mest_filtr,parametre_qualite,val_qual,à confirmer,77,77,0,0,16,3.2,1484.0,2025-10-06,2025-11-20,"44,5",25,"3,9",abh_sebou_ismail.public.idp_2024_mesures_qualite_marche_cadre,paramètre détecté depuis une colonne explicite,forte
abh_sebou_ismail,public,idp_2024_mesures_qualite_marche_cadre,qualité,colonne_parametre,Mg++,mg,parametre_qualite,val_qual,à confirmer,89,89,0,0,0,4.9,1215.0,2025-10-06,2025-12-01,"47,2",207,"21,1",abh_sebou_ismail.public.idp_2024_mesures_qualite_marche_cadre,paramètre détecté depuis une colonne explicite,forte
abh_sebou_ismail,public,idp_2024_mesures_qualite_marche_cadre,qualité,colonne_parametre,Mn,mn,parametre_qualite,val_qual,mg/L,2,2,0,0,2,,,2025-10-06,2025-10-06,"<0,050",,,abh_sebou_ismail.public.idp_2024_mesures_qualite_marche_cadre,paramètre détecté depuis une colonne explicite,forte
abh_sebou_ismail,public,idp_2024_mesures_qualite_marche_cadre,qualité,colonne_parametre,Mn5,mn5,parametre_qualite,val_qual,à confirmer,88,88,0,0,80,0.067,0.448,2025-10-06,2025-12-01,"0,214","0,175","0,167",abh_sebou_ismail.public.idp_2024_mesures_qualite_marche_cadre,paramètre détecté depuis une colonne explicite,forte
abh_sebou_ismail,public,idp_2024_mesures_qualite_marche_cadre,qualité,colonne_parametre,Na+,na,parametre_qualite,val_qual,à confirmer,89,89,0,0,0,1.96,10145.0,2025-10-06,2025-12-01,"96,5","49,3",407,abh_sebou_ismail.public.idp_2024_mesures_qualite_marche_cadre,paramètre détecté depuis une colonne explicite,forte
abh_sebou_ismail,public,idp_2024_mesures_qualite_marche_cadre,qualité,colonne_parametre,Na+3,na_3,parametre_qualite,val_qual,à confirmer,89,89,0,0,0,1.96,10145.0,2025-10-06,2025-12-01,"96,5","49,3",407,abh_sebou_ismail.public.idp_2024_mesures_qualite_marche_cadre,paramètre détecté depuis une colonne explicite,forte
abh_sebou_ismail,public,idp_2024_mesures_qualite_marche_cadre,qualité,colonne_parametre,NH4+,nh4,parametre_qualite,val_qual,à confirmer,127,127,0,0,41,0.021857143,198.0,2025-10-06,2025-12-01,,,,abh_sebou_ismail.public.idp_2024_mesures_qualite_marche_cadre,paramètre détecté depuis une colonne explicite,forte
abh_sebou_ismail,public,idp_2024_mesures_qualite_marche_cadre,qualité,colonne_parametre,NH4+  Titri,nh4,parametre_qualite,val_qual,à confirmer,2,2,0,0,0,5.04,21.84,2025-10-06,2025-10-28,"21,84","5,04",,abh_sebou_ismail.public.idp_2024_mesures_qualite_marche_cadre,paramètre détecté depuis une colonne explicite,forte
abh_sebou_ismail,public,idp_2024_mesures_qualite_marche_cadre,qualité,colonne_parametre,NH4+ 2,nh4,parametre_qualite,val_qual,à confirmer,17,17,0,0,0,21.8,154.0,2025-10-10,2025-11-19,154,"21,8",28,abh_sebou_ismail.public.idp_2024_mesures_qualite_marche_cadre,paramètre détecté depuis une colonne explicite,forte
abh_sebou_ismail,public,idp_2024_mesures_qualite_marche_cadre,qualité,colonne_parametre,NH4+ Spect,nh4,parametre_qualite,val_qual,à confirmer,127,127,0,0,41,0.017,154.0,2025-10-06,2025-12-01,"58,8","0,028","0,121",abh_sebou_ismail.public.idp_2024_mesures_qualite_marche_cadre,paramètre détecté depuis une colonne explicite,forte
abh_sebou_ismail,public,idp_2024_mesures_qualite_marche_cadre,qualité,colonne_parametre,Nickel,nickel,parametre_qualite,val_qual,à confirmer,8,8,0,0,7,0.022,0.022,2025-10-08,2025-10-29,"<0,010","0,022",,abh_sebou_ismail.public.idp_2024_mesures_qualite_marche_cadre,paramètre détecté depuis une colonne explicite,forte
abh_sebou_ismail,public,idp_2024_mesures_qualite_marche_cadre,qualité,colonne_parametre,NO2- _Spectro.,ct,parametre_qualite,val_qual,à confirmer,89,89,0,0,49,0.01,6.81,2025-10-06,2025-12-01,"<0,010","5,62","0,049",abh_sebou_ismail.public.idp_2024_mesures_qualite_marche_cadre,paramètre détecté depuis une colonne explicite,forte
abh_sebou_ismail,public,idp_2024_mesures_qualite_marche_cadre,qualité,colonne_parametre,NO3-_Réduction Cd,no3,parametre_qualite,val_qual,à confirmer,4,4,0,0,0,0.057,3.55,2025-10-06,2025-10-30,"0,057","0,127","3,3",abh_sebou_ismail.public.idp_2024_mesures_qualite_marche_cadre,paramètre détecté depuis une colonne explicite,forte
abh_sebou_ismail,public,idp_2024_mesures_qualite_marche_cadre,qualité,colonne_parametre,NO3-_Spectro,no3,parametre_qualite,val_qual,à confirmer,127,127,0,0,6,0.057,207.0,2025-10-06,2025-12-01,"65,7",121,"1,13",abh_sebou_ismail.public.idp_2024_mesures_qualite_marche_cadre,paramètre détecté depuis une colonne explicite,forte
abh_sebou_ismail,public,idp_2024_mesures_qualite_marche_cadre,qualité,colonne_parametre,NTK Spectr,ct,parametre_qualite,val_qual,à confirmer,39,39,0,0,0,0.266,162.0,2025-10-07,2025-11-20,"0,266","0,289","0,378",abh_sebou_ismail.public.idp_2024_mesures_qualite_marche_cadre,paramètre détecté depuis une colonne explicite,forte
abh_sebou_ismail,public,idp_2024_mesures_qualite_marche_cadre,qualité,colonne_parametre,NTK Titri,ntk,parametre_qualite,val_qual,à confirmer,21,21,0,0,0,16.8,162.0,2025-10-07,2025-11-20,"117,6","16,8",162,abh_sebou_ismail.public.idp_2024_mesures_qualite_marche_cadre,paramètre détecté depuis une colonne explicite,forte
abh_sebou_ismail,public,idp_2024_mesures_qualite_marche_cadre,qualité,colonne_parametre,OH-,oh,parametre_qualite,val_qual,à confirmer,89,89,0,0,0,0.0,0.0,2025-10-06,2025-12-01,0,,,abh_sebou_ismail.public.idp_2024_mesures_qualite_marche_cadre,paramètre détecté depuis une colonne explicite,forte
abh_sebou_ismail,public,idp_2024_mesures_qualite_marche_cadre,qualité,colonne_parametre,pH au laboratoire,ph,parametre_qualite,val_qual,pH,7,4,3,0,4,,,2025-10-06,2025-11-20,(*) Interférence probable des ions chlorures sur l'analyse de la DCO.,"(*) NM = Disque de secchi n'est pas mesuré, l'accès est difficile.",,abh_sebou_ismail.public.idp_2024_mesures_qualite_marche_cadre,paramètre détecté depuis une colonne explicite,forte
abh_sebou_ismail,public,idp_2024_mesures_qualite_marche_cadre,qualité,colonne_parametre,Plomb,plomb,parametre_qualite,val_qual,à confirmer,8,8,0,0,8,,,2025-10-08,2025-10-29,"<0,005","<0,010",,abh_sebou_ismail.public.idp_2024_mesures_qualite_marche_cadre,paramètre détecté depuis une colonne explicite,forte
abh_sebou_ismail,public,idp_2024_mesures_qualite_marche_cadre,qualité,colonne_parametre,PO43-,po4,parametre_qualite,val_qual,à confirmer,77,77,0,0,37,0.02,8.9,2025-10-06,2025-11-20,"2,58","6,45","0,029",abh_sebou_ismail.public.idp_2024_mesures_qualite_marche_cadre,paramètre détecté depuis une colonne explicite,forte
abh_sebou_ismail,public,idp_2024_mesures_qualite_marche_cadre,qualité,colonne_parametre,PT,pt_famille,parametre_qualite,val_qual,à confirmer,77,77,0,0,30,0.057,14.1,2025-10-06,2025-11-20,"2,96","0,144","0,072",abh_sebou_ismail.public.idp_2024_mesures_qualite_marche_cadre,paramètre détecté depuis une colonne explicite,forte
abh_sebou_ismail,public,idp_2024_mesures_qualite_marche_cadre,qualité,colonne_parametre,PT DECANTE,pt_famille,parametre_qualite,val_qual,à confirmer,4,0,4,0,0,,,2025-10-08,2025-10-30,,,,abh_sebou_ismail.public.idp_2024_mesures_qualite_marche_cadre,paramètre détecté depuis une colonne explicite,forte
abh_sebou_ismail,public,idp_2024_mesures_qualite_marche_cadre,qualité,colonne_parametre,"PT
 décant. 2h",pt_famille,parametre_qualite,val_qual,à confirmer,4,4,0,0,0,0.292,3.84,2025-10-08,2025-10-30,"0,292","0,364","0,503",abh_sebou_ismail.public.idp_2024_mesures_qualite_marche_cadre,paramètre détecté depuis une colonne explicite,forte
abh_sebou_ismail,public,idp_2024_mesures_qualite_marche_cadre,qualité,colonne_parametre,"RS 
mesuré_à 105 °C",rs_mesure_a_105_deg_c,parametre_qualite,val_qual,°C,50,50,0,0,0,168.0,3596.0,2025-10-06,2025-12-01,339,2122,556,abh_sebou_ismail.public.idp_2024_mesures_qualite_marche_cadre,paramètre détecté depuis une colonne explicite,forte
abh_sebou_ismail,public,idp_2024_mesures_qualite_marche_cadre,qualité,colonne_parametre,Sélénium,selenium,parametre_qualite,val_qual,à confirmer,8,8,0,0,8,,,2025-10-08,2025-10-29,"<0,005","<0,010",,abh_sebou_ismail.public.idp_2024_mesures_qualite_marche_cadre,paramètre détecté depuis une colonne explicite,forte
abh_sebou_ismail,public,idp_2024_mesures_qualite_marche_cadre,qualité,colonne_parametre,SF,sf,parametre_qualite,val_qual,g/L,89,89,0,0,54,0.0,65.0,2025-10-06,2025-12-01,"1,5.102","1,2.102","1,8.102",abh_sebou_ismail.public.idp_2024_mesures_qualite_marche_cadre,paramètre détecté depuis une colonne explicite,forte
abh_sebou_ismail,public,idp_2024_mesures_qualite_marche_cadre,qualité,colonne_parametre,SO42-_IC,so42_ic,parametre_qualite,val_qual,à confirmer,127,127,0,0,0,3.43,2782.0,2025-10-06,2025-12-01,"3,61","78,6","9,98",abh_sebou_ismail.public.idp_2024_mesures_qualite_marche_cadre,paramètre détecté depuis une colonne explicite,forte
abh_sebou_ismail,public,idp_2024_mesures_qualite_marche_cadre,qualité,colonne_parametre,"somme
anions_meq/l",somme_anions_meq_l,parametre_qualite,val_qual,à confirmer,89,89,0,0,0,2.305482883,587.2815965,2025-10-06,2025-12-01,"42,49323835","11,54636528","15,64287879",abh_sebou_ismail.public.idp_2024_mesures_qualite_marche_cadre,paramètre détecté depuis une colonne explicite,forte
abh_sebou_ismail,public,idp_2024_mesures_qualite_marche_cadre,qualité,colonne_parametre,"somme
anions_mg/l",somme_anions_mg_l,parametre_qualite,val_qual,mg/L,89,89,0,0,0,134.444,21594.243,2025-10-06,2025-12-01,"242,982","389,76","262,9739",abh_sebou_ismail.public.idp_2024_mesures_qualite_marche_cadre,paramètre détecté depuis une colonne explicite,forte
abh_sebou_ismail,public,idp_2024_mesures_qualite_marche_cadre,qualité,colonne_parametre,"Somme
cations_meq/l",somme_cations_meq_l,parametre_qualite,val_qual,à confirmer,89,89,0,0,0,2.313309288,569.7290418,2025-10-06,2025-12-01,"11,27128406","11,16454087","31,58650525",abh_sebou_ismail.public.idp_2024_mesures_qualite_marche_cadre,paramètre détecté depuis une colonne explicite,forte
abh_sebou_ismail,public,idp_2024_mesures_qualite_marche_cadre,qualité,colonne_parametre,"Somme
cations_mg/l",somme_cations_mg_l,parametre_qualite,val_qual,mg/L,89,89,0,0,0,41.165,12128.6,2025-10-06,2025-12-01,"202,97","300,82","174,31",abh_sebou_ismail.public.idp_2024_mesures_qualite_marche_cadre,paramètre détecté depuis une colonne explicite,forte
abh_sebou_ismail,public,idp_2024_mesures_qualite_marche_cadre,qualité,colonne_parametre,TA/Tas_°F,ta_tas_deg_f,parametre_qualite,val_qual,à confirmer,89,89,0,0,0,0.0,0.52,2025-10-06,2025-12-01,0,"0,52",,abh_sebou_ismail.public.idp_2024_mesures_qualite_marche_cadre,paramètre détecté depuis une colonne explicite,forte
abh_sebou_ismail,public,idp_2024_mesures_qualite_marche_cadre,qualité,colonne_parametre,TA/Tas_meq/l,ta_tas_meq_l,parametre_qualite,val_qual,à confirmer,89,89,0,0,0,0.0,0.104,2025-10-06,2025-12-01,0,"0,104",,abh_sebou_ismail.public.idp_2024_mesures_qualite_marche_cadre,paramètre détecté depuis une colonne explicite,forte
abh_sebou_ismail,public,idp_2024_mesures_qualite_marche_cadre,qualité,colonne_parametre,TAC/TACs_°F,ct,parametre_qualite,val_qual,à confirmer,89,89,0,0,1,6.7,79.4,2025-10-06,2025-12-01,"<2,0","27,4","16,9",abh_sebou_ismail.public.idp_2024_mesures_qualite_marche_cadre,paramètre détecté depuis une colonne explicite,forte
abh_sebou_ismail,public,idp_2024_mesures_qualite_marche_cadre,qualité,colonne_parametre,TAC/TACs_meq/l,ct,parametre_qualite,val_qual,à confirmer,89,89,0,0,1,1.34,15.9,2025-10-06,2025-12-01,"10,2","14,6","2,94",abh_sebou_ismail.public.idp_2024_mesures_qualite_marche_cadre,paramètre détecté depuis une colonne explicite,forte
abh_sebou_ismail,public,idp_2024_mesures_qualite_marche_cadre,qualité,colonne_parametre,TH,th,parametre_qualite,val_qual,°F,89,89,0,0,0,6.41,600.0,2025-10-06,2025-12-01,"22,5",28,39,abh_sebou_ismail.public.idp_2024_mesures_qualite_marche_cadre,paramètre détecté depuis une colonne explicite,forte
abh_sebou_ismail,public,idp_2024_mesures_qualite_marche_cadre,qualité,colonne_parametre,Zinc,zinc,parametre_qualite,val_qual,à confirmer,8,8,0,0,4,0.0154,0.0501,2025-10-08,2025-10-29,"<0,010","0,0154","0,019",abh_sebou_ismail.public.idp_2024_mesures_qualite_marche_cadre,paramètre détecté depuis une colonne explicite,forte
abh_sebou_ismail,public,idp_2024_src_pollution_globale,pollution,colonne_large,t_air,t_air,,t_air,à confirmer,243,189,54,0,0,10.0,35.0,2024-09-12,2025-12-15,12,10,21,abh_sebou_ismail.public.idp_2024_src_pollution_globale,variable métier détectée depuis une table large,moyenne
abh_sebou_ismail,public,idp_2024_src_pollution_globale,pollution,colonne_large,t_eau,t_eau,,t_eau,à confirmer,243,189,54,0,0,10.1,30.5,2024-09-12,2025-12-15,23.6,24.5,19.2,abh_sebou_ismail.public.idp_2024_src_pollution_globale,variable métier détectée depuis une table large,moyenne
abh_sebou_ismail,public,idp_2024_src_pollution_globale,pollution,colonne_large,ph,ph,,ph,pH,243,201,42,0,0,6.6,9.0,2024-09-12,2025-12-15,7.7,7.35,8.7,abh_sebou_ismail.public.idp_2024_src_pollution_globale,variable métier détectée depuis une table large,moyenne
abh_sebou_ismail,public,idp_2024_src_pollution_globale,pollution,colonne_large,cond_20_c,conductivite,,cond_20_c,à confirmer,243,201,42,0,0,1.25,34000.0,2024-09-12,2025-12-15,34000,1919,1626,abh_sebou_ismail.public.idp_2024_src_pollution_globale,variable métier détectée depuis une table large,moyenne
abh_sebou_ismail,public,idp_2024_src_pollution_globale,pollution,colonne_large,turbidite,turbidite,,turbidite,à confirmer,243,163,80,0,0,2.9,1000.0,2024-09-12,2025-12-15,176,129,13,abh_sebou_ismail.public.idp_2024_src_pollution_globale,variable métier détectée depuis une table large,moyenne
abh_sebou_ismail,public,idp_2024_src_pollution_globale,pollution,colonne_large,disqu_secchi,disqu_secchi,,disqu_secchi,à confirmer,243,9,234,0,0,0.15,0.6,2024-09-12,2025-12-15,0.2,0.35,0.4,abh_sebou_ismail.public.idp_2024_src_pollution_globale,variable métier détectée depuis une table large,moyenne
abh_sebou_ismail,public,idp_2024_src_pollution_globale,pollution,colonne_large,o2_dissous,o2_dissous,,o2_dissous,à confirmer,243,163,80,0,0,0.0,10.85,2024-09-12,2025-12-15,10.04,0.92,0.43,abh_sebou_ismail.public.idp_2024_src_pollution_globale,variable métier détectée depuis une table large,moyenne
abh_sebou_ismail,public,idp_2024_src_pollution_globale,pollution,colonne_large,eau_ss_terr_niv_statique_m_sol,eau_ss_terr_niv_statique_m_sol,,eau_ss_terr_niv_statique_m_sol,à confirmer,243,11,232,0,0,2.7,12.0,2024-09-12,2025-12-15,3.6,3.5,11.8,abh_sebou_ismail.public.idp_2024_src_pollution_globale,variable métier détectée depuis une table large,moyenne
abh_sebou_ismail,public,idp_2024_src_pollution_marche_cadre,pollution,colonne_large,t_air,t_air,,t_air,à confirmer,148,127,21,0,0,10.0,37.0,2025-10-06,2025-12-01,10,21,24,abh_sebou_ismail.public.idp_2024_src_pollution_marche_cadre,variable métier détectée depuis une table large,moyenne
abh_sebou_ismail,public,idp_2024_src_pollution_marche_cadre,pollution,colonne_large,t_eau,t_eau,,t_eau,à confirmer,148,127,21,0,0,11.0,27.4,2025-10-06,2025-12-01,19.5,14.4,23.5,abh_sebou_ismail.public.idp_2024_src_pollution_marche_cadre,variable métier détectée depuis une table large,moyenne
abh_sebou_ismail,public,idp_2024_src_pollution_marche_cadre,pollution,colonne_large,ph,ph,,ph,pH,148,127,21,0,0,6.65,8.9,2025-10-06,2025-12-01,8,7.75,7.2,abh_sebou_ismail.public.idp_2024_src_pollution_marche_cadre,variable métier détectée depuis une table large,moyenne
abh_sebou_ismail,public,idp_2024_src_pollution_marche_cadre,pollution,colonne_large,cond_20_c,conductivite,,cond_20_c,à confirmer,148,127,21,0,0,219.0,48600.0,2025-10-06,2025-12-01,1070,1145,462,abh_sebou_ismail.public.idp_2024_src_pollution_marche_cadre,variable métier détectée depuis une table large,moyenne
abh_sebou_ismail,public,idp_2024_src_pollution_marche_cadre,pollution,colonne_large,turbidite,turbidite,,turbidite,à confirmer,148,39,109,0,0,13.0,1000.0,2025-10-06,2025-12-01,155,459,347,abh_sebou_ismail.public.idp_2024_src_pollution_marche_cadre,variable métier détectée depuis une table large,moyenne
abh_sebou_ismail,public,idp_2024_src_pollution_marche_cadre,pollution,colonne_large,disqu_secchi,disqu_secchi,,disqu_secchi,à confirmer,148,13,135,0,0,0.45,8.0,2025-10-06,2025-12-01,0.8,2.1,6.1,abh_sebou_ismail.public.idp_2024_src_pollution_marche_cadre,variable métier détectée depuis une table large,moyenne
abh_sebou_ismail,public,idp_2024_src_pollution_marche_cadre,pollution,colonne_large,o2_dissous,o2_dissous,,o2_dissous,à confirmer,148,77,71,0,0,0.61,9.88,2025-10-06,2025-12-01,5.81,8.22,8.98,abh_sebou_ismail.public.idp_2024_src_pollution_marche_cadre,variable métier détectée depuis une table large,moyenne
abh_sebou_ismail,public,mesures_debit_jr,hydrologie,colonne_large,debit_jr,debit,,debit_jr,à confirmer,521433,521433,0,1931,0,-2.0,4084.353071,1956-09-01,2025-08-31,-1,-2,0,abh_sebou_ismail.public.mesures_debit_jr,variable métier détectée depuis une table large,forte
abh_sebou_ismail,public,mesures_debit_m,hydrologie,colonne_large,debit_m,debit,,debit_m,m,19316,19316,0,0,0,0.0,2131.566622,,,1.267579233,9.937586207,15.10652081,abh_sebou_ismail.public.mesures_debit_m,variable métier détectée depuis une table large,forte
abh_sebou_ismail,public,mesures_debit_sources,hydrologie,colonne_large,debit,debit,,debit,à confirmer,2816,2816,0,0,0,0.0,18602.0,2000-01-05 11:18:00,2025-07-30 13:15:00,537,551,247,abh_sebou_ismail.public.mesures_debit_sources,variable métier détectée depuis une table large,forte
abh_sebou_ismail,public,mesures_evaporation_jr,météo,colonne_large,val_evaporation,evaporation,,val_evaporation,à confirmer,48900,38592,10308,0,0,0.0,20.08,2013-07-06,2024-08-31,13.48,6.77,4.28,abh_sebou_ismail.public.mesures_evaporation_jr,variable métier détectée depuis une table large,forte
abh_sebou_ismail,public,mesures_niv_eau_barrages,hydrologie,colonne_large,niveau_eau_m_ngm,niveau_eau_m_ngm,,niveau_eau_m_ngm,à confirmer,85166,85166,0,0,0,0.0,746.18,1996-12-01,2025-09-01,556.65,161.01,541.79,abh_sebou_ismail.public.mesures_niv_eau_barrages,variable métier détectée depuis une table large,forte
abh_sebou_ismail,public,mesures_niv_eau_barrages,hydrologie,colonne_large,volume_mm3,volume_mm3,,volume_mm3,Mm3,85166,10136,75030,0,0,0.0,257.99,1996-12-01,2025-09-01,16.22,13.14,4.32,abh_sebou_ismail.public.mesures_niv_eau_barrages,variable métier détectée depuis une table large,forte
abh_sebou_ismail,public,mesures_niv_eau_barrages,hydrologie,colonne_large,restitutions_mm3,restitutions_mm3,,restitutions_mm3,Mm3,85166,85165,1,0,0,0.0,290.4521378,1996-12-01,2025-09-01,8.244727058,4.503722531,1.104370292,abh_sebou_ismail.public.mesures_niv_eau_barrages,variable métier détectée depuis une table large,forte
abh_sebou_ismail,public,mesures_niv_eau_barrages,hydrologie,colonne_large,transfert_mm3,transfert_mm3,,transfert_mm3,Mm3,85166,8278,76888,0,0,0.0,4.216,1996-12-01,2025-09-01,1.965,0.647,2.146,abh_sebou_ismail.public.mesures_niv_eau_barrages,variable métier détectée depuis une table large,forte
abh_sebou_ismail,public,mesures_niv_eau_barrages,hydrologie,colonne_large,apports_mm3,apports_mm3,,apports_mm3,Mm3,85166,85155,11,0,0,0.0,290.4521378,1996-12-01,2025-09-01,0.0187744,0.088093511,0.534500801,abh_sebou_ismail.public.mesures_niv_eau_barrages,variable métier détectée depuis une table large,forte
abh_sebou_ismail,public,mesures_precipitations_jr,météo,colonne_large,precipitation_jr,precipitation,,precipitation_jr,à confirmer,669880,507930,161950,0,0,0.0,420.0,1985-09-01,2025-08-31,0,0.05,0.1,abh_sebou_ismail.public.mesures_precipitations_jr,variable métier détectée depuis une table large,forte
abh_sebou_ismail,public,mesures_precipitations_jr_max,météo,colonne_large,p_max,p_max,,p_max,à confirmer,2085,1915,170,0,0,0.0,420.0,1914-04-17,2025-02-09,65.6,52.6,61.3,abh_sebou_ismail.public.mesures_precipitations_jr_max,variable métier détectée depuis une table large,forte
abh_sebou_ismail,public,mesures_precipitations_jr_max,météo,colonne_large,p_annuelle,p_annuelle,,p_annuelle,à confirmer,2085,1915,170,0,0,0.0,2871.0,1914-04-17,2025-02-09,367.4,405.8,504.8,abh_sebou_ismail.public.mesures_precipitations_jr_max,variable métier détectée depuis une table large,forte
abh_sebou_ismail,public,mesures_precipitations_jr_traitees,météo,colonne_large,val_observees,val_observees,,val_observees,à confirmer,546007,500305,45702,0,0,0.0,420.0,1985-09-01,2024-08-31,0,0.05,0.1,abh_sebou_ismail.public.mesures_precipitations_jr_traitees,variable métier détectée depuis une table large,forte
abh_sebou_ismail,public,mesures_precipitations_jr_traitees,météo,colonne_large,val_power_nasa,val_power_nasa,,val_power_nasa,à confirmer,546007,546007,0,0,0,0.0,194.16,1985-09-01,2024-08-31,0,0.01,0.02,abh_sebou_ismail.public.mesures_precipitations_jr_traitees,variable métier détectée depuis une table large,forte
abh_sebou_ismail,public,mesures_precipitations_jr_traitees,météo,colonne_large,val_remplies,val_remplies,,val_remplies,à confirmer,546007,546007,0,0,0,0.0,420.0,1985-09-01,2024-08-31,0,0.003225806,0.012739591,abh_sebou_ismail.public.mesures_precipitations_jr_traitees,variable métier détectée depuis une table large,forte
abh_sebou_ismail,public,mesures_qualite_barrages,qualité,colonne_parametre,Azote_Org,azote_org,parametre_qualite,val_qual_barr,mg/L,1,1,0,0,0,0.25,0.25,2003-11-13,2003-11-13,0.25,,,abh_sebou_ismail.public.mesures_qualite_barrages,paramètre détecté depuis une colonne explicite,forte
abh_sebou_ismail,public,mesures_qualite_barrages,qualité,colonne_parametre,Azote_tot_kjeld,ntk,parametre_qualite,val_qual_barr,mg/L,1,1,0,0,0,0.371,0.371,1996-10-24,1996-10-24,0.371,,,abh_sebou_ismail.public.mesures_qualite_barrages,paramètre détecté depuis une colonne explicite,forte
abh_sebou_ismail,public,mesures_qualite_barrages,qualité,colonne_parametre,Azote_tot_kjeldhal,ntk,parametre_qualite,val_qual_barr,mg/L,147,147,0,0,0,0.018,12.95,1988-10-14,2011-10-03,0.06,0.338,1.506,abh_sebou_ismail.public.mesures_qualite_barrages,paramètre détecté depuis une colonne explicite,forte
abh_sebou_ismail,public,mesures_qualite_barrages,qualité,colonne_parametre,Azote_Total,azote_total,parametre_qualite,val_qual_barr,mg/L,11,11,0,0,0,0.133,5.04,2013-09-16,2020-07-08,0.133,0.175,0.302,abh_sebou_ismail.public.mesures_qualite_barrages,paramètre détecté depuis une colonne explicite,forte
abh_sebou_ismail,public,mesures_qualite_barrages,qualité,colonne_parametre,Ca,ca,parametre_qualite,val_qual_barr,mg/L,126,126,0,0,0,19.0,260.0,1992-06-05,2020-07-08,49.7,63.8,95.4,abh_sebou_ismail.public.mesures_qualite_barrages,paramètre détecté depuis une colonne explicite,forte
abh_sebou_ismail,public,mesures_qualite_barrages,qualité,colonne_parametre,CF,cf,parametre_qualite,val_qual_barr,UFC/100mL,139,139,0,0,0,0.0,160000.0,1988-10-14,2024-11-20,340,95,32,abh_sebou_ismail.public.mesures_qualite_barrages,paramètre détecté depuis une colonne explicite,forte
abh_sebou_ismail,public,mesures_qualite_barrages,qualité,colonne_parametre,Chla,chla,parametre_qualite,val_qual_barr,µg/L,417,417,0,0,0,0.0,228.3,1990-08-17,2024-11-25,1.6,27.8,4.32,abh_sebou_ismail.public.mesures_qualite_barrages,paramètre détecté depuis une colonne explicite,forte
abh_sebou_ismail,public,mesures_qualite_barrages,qualité,colonne_parametre,Cl,cl,parametre_qualite,val_qual_barr,mg/L,153,153,0,0,0,2.0,2742.0,1990-01-30,2024-11-19,512.17,30.6,75,abh_sebou_ismail.public.mesures_qualite_barrages,paramètre détecté depuis une colonne explicite,forte
abh_sebou_ismail,public,mesures_qualite_barrages,qualité,colonne_parametre,CO3,co3,parametre_qualite,val_qual_barr,mg/L,120,120,0,0,0,0.0,145.7,1992-06-05,2020-07-08,14.4,18,1.2,abh_sebou_ismail.public.mesures_qualite_barrages,paramètre détecté depuis une colonne explicite,forte
abh_sebou_ismail,public,mesures_qualite_barrages,qualité,colonne_parametre,Conductivite,conductivite,parametre_qualite,val_qual_barr,µS/cm,420,420,0,0,0,9.8,12260.0,1988-10-14,2024-11-29,1868,262,711,abh_sebou_ismail.public.mesures_qualite_barrages,paramètre détecté depuis une colonne explicite,forte
abh_sebou_ismail,public,mesures_qualite_barrages,qualité,colonne_parametre,Couleur,couleur,parametre_qualite,val_qual_barr,UCV,1,1,0,0,0,0.073,0.073,2004-10-07,2004-10-07,0.073,,,abh_sebou_ismail.public.mesures_qualite_barrages,paramètre détecté depuis une colonne explicite,forte
abh_sebou_ismail,public,mesures_qualite_barrages,qualité,colonne_parametre,CT,ct,parametre_qualite,val_qual_barr,mg/L,135,135,0,0,0,0.0,1876000.0,1988-10-14,2024-11-20,2349,1300,2300,abh_sebou_ismail.public.mesures_qualite_barrages,paramètre détecté depuis une colonne explicite,forte
abh_sebou_ismail,public,mesures_qualite_barrages,qualité,colonne_parametre,DBO5,dbo5,parametre_qualite,val_qual_barr,mg O2/L,138,138,0,0,0,0.2,23.0,1988-10-14,2020-07-08,1.6,0.6,0.3,abh_sebou_ismail.public.mesures_qualite_barrages,paramètre détecté depuis une colonne explicite,forte
abh_sebou_ismail,public,mesures_qualite_barrages,qualité,colonne_parametre,DCO,dco,parametre_qualite,val_qual_barr,mg O2/L,137,137,0,0,0,2.77,199.0,1988-10-14,2020-07-08,13.4,94.1,27.8,abh_sebou_ismail.public.mesures_qualite_barrages,paramètre détecté depuis une colonne explicite,forte
abh_sebou_ismail,public,mesures_qualite_barrages,qualité,colonne_parametre,DCO_dec2h,dco,parametre_qualite,val_qual_barr,mg O2/L,1,1,0,0,0,34.27,34.27,2002-11-25,2002-11-25,34.27,,,abh_sebou_ismail.public.mesures_qualite_barrages,paramètre détecté depuis une colonne explicite,forte
abh_sebou_ismail,public,mesures_qualite_barrages,qualité,colonne_parametre,Debit,debit,parametre_qualite,val_qual_barr,m³/s,8,8,0,0,0,0.047,5050.0,1988-10-14,1992-06-05,0.047,0.332,154,abh_sebou_ismail.public.mesures_qualite_barrages,paramètre détecté depuis une colonne explicite,forte
abh_sebou_ismail,public,mesures_qualite_barrages,qualité,colonne_parametre,Detergent,detergent,parametre_qualite,val_qual_barr,mg/L,1,1,0,0,0,0.15,0.15,1990-08-17,1990-08-17,0.15,,,abh_sebou_ismail.public.mesures_qualite_barrages,paramètre détecté depuis une colonne explicite,forte
abh_sebou_ismail,public,mesures_qualite_barrages,qualité,colonne_parametre,Disque_secchi,disque_secchi,parametre_qualite,val_qual_barr,m,279,279,0,0,0,0.1,380.0,1990-08-17,2024-11-29,4.47,1.6,0.6,abh_sebou_ismail.public.mesures_qualite_barrages,paramètre détecté depuis une colonne explicite,forte
abh_sebou_ismail,public,mesures_qualite_barrages,qualité,colonne_parametre,Eh,eh,parametre_qualite,val_qual_barr,mV,6,6,0,0,0,129.0,801.0,1990-08-17,1991-11-25,129,359,360,abh_sebou_ismail.public.mesures_qualite_barrages,paramètre détecté depuis une colonne explicite,forte
abh_sebou_ismail,public,mesures_qualite_barrages,qualité,colonne_parametre,F_M_mes,f_m_mes,parametre_qualite,val_qual_barr,mg/L,3,3,0,0,0,0.059,55.4,1996-05-29,2006-04-20,0.059,38.4,55.4,abh_sebou_ismail.public.mesures_qualite_barrages,paramètre détecté depuis une colonne explicite,forte
abh_sebou_ismail,public,mesures_qualite_barrages,qualité,colonne_parametre,Fe,fe,parametre_qualite,val_qual_barr,mg/L,186,186,0,0,0,0.019,5.58,1991-11-22,2024-11-27,0.06,2.805,0.43,abh_sebou_ismail.public.mesures_qualite_barrages,paramètre détecté depuis une colonne explicite,forte
abh_sebou_ismail,public,mesures_qualite_barrages,qualité,colonne_parametre,FeT,fet,parametre_qualite,val_qual_barr,mg/L,94,94,0,0,0,0.025,2.5,2002-02-18,2020-07-14,0.227,0.267,0.39,abh_sebou_ismail.public.mesures_qualite_barrages,paramètre détecté depuis une colonne explicite,forte
abh_sebou_ismail,public,mesures_qualite_barrages,qualité,colonne_parametre,FM,fm,parametre_qualite,val_qual_barr,à confirmer,1,1,0,0,0,38.4,38.4,1996-05-29,1996-05-29,38.4,,,abh_sebou_ismail.public.mesures_qualite_barrages,paramètre détecté depuis une colonne explicite,forte
abh_sebou_ismail,public,mesures_qualite_barrages,qualité,colonne_parametre,HCO3-,hco3,parametre_qualite,val_qual_barr,mg/L,128,128,0,0,0,0.0,878.8,1992-06-05,2020-07-08,247,250,113,abh_sebou_ismail.public.mesures_qualite_barrages,paramètre détecté depuis une colonne explicite,forte
abh_sebou_ismail,public,mesures_qualite_barrages,qualité,colonne_parametre,HCT,ct,parametre_qualite,val_qual_barr,à confirmer,1,1,0,0,0,9.55,9.55,2007-01-12,2007-01-12,9.55,,,abh_sebou_ismail.public.mesures_qualite_barrages,paramètre détecté depuis une colonne explicite,forte
abh_sebou_ismail,public,mesures_qualite_barrages,qualité,colonne_parametre,IBD,ibd,parametre_qualite,val_qual_barr,Indice,13,13,0,0,0,0.0,16.422,2003-06-03,2009-09-10,0,11.054,13.411,abh_sebou_ismail.public.mesures_qualite_barrages,paramètre détecté depuis une colonne explicite,forte
abh_sebou_ismail,public,mesures_qualite_barrages,qualité,colonne_parametre,IBGN,ibgn,parametre_qualite,val_qual_barr,Indice,3,3,0,0,0,9.0,15.0,2009-03-16,2009-09-10,13,15,9,abh_sebou_ismail.public.mesures_qualite_barrages,paramètre détecté depuis une colonne explicite,forte
abh_sebou_ismail,public,mesures_qualite_barrages,qualité,colonne_parametre,K,k,parametre_qualite,val_qual_barr,mg/L,129,129,0,0,0,0.41,74.2,1992-06-05,2020-07-08,3.82,2.53,3.54,abh_sebou_ismail.public.mesures_qualite_barrages,paramètre détecté depuis une colonne explicite,forte
abh_sebou_ismail,public,mesures_qualite_barrages,qualité,colonne_parametre,Largeur,largeur,parametre_qualite,val_qual_barr,m,5,5,0,0,0,0.9,20.0,2003-06-06,2004-10-08,0.9,10,2.5,abh_sebou_ismail.public.mesures_qualite_barrages,paramètre détecté depuis une colonne explicite,forte
abh_sebou_ismail,public,mesures_qualite_barrages,qualité,colonne_parametre,MES,mes,parametre_qualite,val_qual_barr,mg/L,414,414,0,0,0,0.0,13480.0,1988-10-14,2024-11-29,16.4,9.5,20.1,abh_sebou_ismail.public.mesures_qualite_barrages,paramètre détecté depuis une colonne explicite,forte
abh_sebou_ismail,public,mesures_qualite_barrages,qualité,colonne_parametre,Mg,mg,parametre_qualite,val_qual_barr,mg/L,130,130,0,0,0,0.02,96.0,1992-06-05,2020-07-08,96,52.5,29.7,abh_sebou_ismail.public.mesures_qualite_barrages,paramètre détecté depuis une colonne explicite,forte
abh_sebou_ismail,public,mesures_qualite_barrages,qualité,colonne_parametre,Mn,mn,parametre_qualite,val_qual_barr,mg/L,290,290,0,0,0,0.014,8.307,1991-11-22,2024-11-27,0.138,0.733,0.3,abh_sebou_ismail.public.mesures_qualite_barrages,paramètre détecté depuis une colonne explicite,forte
abh_sebou_ismail,public,mesures_qualite_barrages,qualité,colonne_parametre,MO,mo,parametre_qualite,val_qual_barr,mg/L,6,6,0,0,0,0.0,7.6,1994-11-03,2005-06-27,0,7.6,,abh_sebou_ismail.public.mesures_qualite_barrages,paramètre détecté depuis une colonne explicite,forte
abh_sebou_ismail,public,mesures_qualite_barrages,qualité,colonne_parametre,NA,na,parametre_qualite,val_qual_barr,à confirmer,128,128,0,0,0,0.02,460.0,1992-06-05,2020-07-08,75,149.4,121,abh_sebou_ismail.public.mesures_qualite_barrages,paramètre détecté depuis une colonne explicite,forte
abh_sebou_ismail,public,mesures_qualite_barrages,qualité,colonne_parametre,NH4,nh4,parametre_qualite,val_qual_barr,mg/L,232,232,0,0,0,0.002,4.699,1990-01-30,2024-11-29,0.214,0.035,0.603,abh_sebou_ismail.public.mesures_qualite_barrages,paramètre détecté depuis une colonne explicite,forte
abh_sebou_ismail,public,mesures_qualite_barrages,qualité,colonne_parametre,NO2-,no2,parametre_qualite,val_qual_barr,mg/L,134,134,0,0,0,0.0,1.952,1991-11-22,2020-07-08,0.06,0.011,0.071,abh_sebou_ismail.public.mesures_qualite_barrages,paramètre détecté depuis une colonne explicite,forte
abh_sebou_ismail,public,mesures_qualite_barrages,qualité,colonne_parametre,NO3-,no3,parametre_qualite,val_qual_barr,mg/L,596,596,0,0,0,0.0,51.66,1990-01-30,2024-11-20,0.647,2.35,1.81,abh_sebou_ismail.public.mesures_qualite_barrages,paramètre détecté depuis une colonne explicite,forte
abh_sebou_ismail,public,mesures_qualite_barrages,qualité,colonne_parametre,O2_diss,o2_dissous,parametre_qualite,val_qual_barr,mg O2/L,633,633,0,0,0,0.2,921.2,1988-10-14,2024-11-29,10.2,7.54,9.98,abh_sebou_ismail.public.mesures_qualite_barrages,paramètre détecté depuis une colonne explicite,forte
abh_sebou_ismail,public,mesures_qualite_barrages,qualité,colonne_parametre,OH,oh,parametre_qualite,val_qual_barr,mg/L,1,1,0,0,0,7.65,7.65,1992-06-05,1992-06-05,7.65,,,abh_sebou_ismail.public.mesures_qualite_barrages,paramètre détecté depuis une colonne explicite,forte
abh_sebou_ismail,public,mesures_qualite_barrages,qualité,colonne_parametre,ph,ph,parametre_qualite,val_qual_barr,pH,420,420,0,0,0,6.8,660.0,1988-10-14,2024-11-29,8.22,7.84,7.3,abh_sebou_ismail.public.mesures_qualite_barrages,paramètre détecté depuis une colonne explicite,forte
abh_sebou_ismail,public,mesures_qualite_barrages,qualité,colonne_parametre,phenol,ph,parametre_qualite,val_qual_barr,à confirmer,2,2,0,0,0,0.02,7.09,2007-01-12,2024-11-13,0.02,7.09,,abh_sebou_ismail.public.mesures_qualite_barrages,paramètre détecté depuis une colonne explicite,forte
abh_sebou_ismail,public,mesures_qualite_barrages,qualité,colonne_parametre,Pheopigment,ph,parametre_qualite,val_qual_barr,µg/L,37,37,0,0,0,0.0001,31.87,1995-06-02,2009-11-10,0.0001,0.0002,0.0009,abh_sebou_ismail.public.mesures_qualite_barrages,paramètre détecté depuis une colonne explicite,forte
abh_sebou_ismail,public,mesures_qualite_barrages,qualité,colonne_parametre,Phosphore_Total,pt_famille,parametre_qualite,val_qual_barr,mg/L,591,591,0,0,0,0.007,164.0,1988-10-14,2024-11-22,0.138,0.139,2.06,abh_sebou_ismail.public.mesures_qualite_barrages,paramètre détecté depuis une colonne explicite,forte
abh_sebou_ismail,public,mesures_qualite_barrages,qualité,colonne_parametre,PO4 3-,po4,parametre_qualite,val_qual_barr,mg/L,389,389,0,0,0,0.0,143.0,1990-08-17,2024-11-29,0.071,0.011,0.098,abh_sebou_ismail.public.mesures_qualite_barrages,paramètre détecté depuis une colonne explicite,forte
abh_sebou_ismail,public,mesures_qualite_barrages,qualité,colonne_parametre,Profondeur,profondeur,parametre_qualite,val_qual_barr,m,13,13,0,0,0,0.0,55.0,1991-11-22,2004-01-21,0,0.2,0.35,abh_sebou_ismail.public.mesures_qualite_barrages,paramètre détecté depuis une colonne explicite,forte
abh_sebou_ismail,public,mesures_qualite_barrages,qualité,colonne_parametre,PTD,pt_famille,parametre_qualite,val_qual_barr,mg/L,15,15,0,0,0,0.08,80.7,1995-06-02,2009-11-10,0.08,22.8,26.3,abh_sebou_ismail.public.mesures_qualite_barrages,paramètre détecté depuis une colonne explicite,forte
abh_sebou_ismail,public,mesures_qualite_barrages,qualité,colonne_parametre,PTP,pt_famille,parametre_qualite,val_qual_barr,mg/L,15,15,0,0,0,0.03,80.7,1995-06-02,2009-11-10,0.03,22.8,26.3,abh_sebou_ismail.public.mesures_qualite_barrages,paramètre détecté depuis une colonne explicite,forte
abh_sebou_ismail,public,mesures_qualite_barrages,qualité,colonne_parametre,RS105,rs105,parametre_qualite,val_qual_barr,à confirmer,1,1,0,0,0,300.0,300.0,1990-01-30,1990-01-30,300,,,abh_sebou_ismail.public.mesures_qualite_barrages,paramètre détecté depuis une colonne explicite,forte
abh_sebou_ismail,public,mesures_qualite_barrages,qualité,colonne_parametre,S,s,parametre_qualite,val_qual_barr,mg/L,1,1,0,0,0,0.026,0.026,2003-06-10,2003-06-10,0.026,,,abh_sebou_ismail.public.mesures_qualite_barrages,paramètre détecté depuis une colonne explicite,forte
abh_sebou_ismail,public,mesures_qualite_barrages,qualité,colonne_parametre,S2,s2,parametre_qualite,val_qual_barr,mg/L,2,2,0,0,0,0.0,0.026,2003-06-10,2005-07-28,0,0.026,,abh_sebou_ismail.public.mesures_qualite_barrages,paramètre détecté depuis une colonne explicite,forte
abh_sebou_ismail,public,mesures_qualite_barrages,qualité,colonne_parametre,sat,sat,parametre_qualite,val_qual_barr,%,128,128,0,0,0,3.0,941.2,1988-10-14,2006-04-26,98.8,83.6,94.1,abh_sebou_ismail.public.mesures_qualite_barrages,paramètre détecté depuis une colonne explicite,forte
abh_sebou_ismail,public,mesures_qualite_barrages,qualité,colonne_parametre,SF,sf,parametre_qualite,val_qual_barr,g/L,134,134,0,0,0,0.0,89000.0,1988-10-14,2024-11-20,96,250,1300,abh_sebou_ismail.public.mesures_qualite_barrages,paramètre détecté depuis une colonne explicite,forte
abh_sebou_ismail,public,mesures_qualite_barrages,qualité,colonne_parametre,SiO3,sio3,parametre_qualite,val_qual_barr,mg/L,37,37,0,0,0,0.5,30.06,1991-11-22,2003-11-17,0.5,0.839,0.89,abh_sebou_ismail.public.mesures_qualite_barrages,paramètre détecté depuis une colonne explicite,forte
abh_sebou_ismail,public,mesures_qualite_barrages,qualité,colonne_parametre,SO4,so4,parametre_qualite,val_qual_barr,mg/L,387,387,0,0,0,0.117,777.0,1992-06-05,2024-11-19,123,144.08,19.5,abh_sebou_ismail.public.mesures_qualite_barrages,paramètre détecté depuis une colonne explicite,forte
abh_sebou_ismail,public,mesures_qualite_barrages,qualité,colonne_parametre,T_Air,t_air,parametre_qualite,val_qual_barr,°C,420,420,0,0,0,7.0,108.0,1988-10-14,2024-11-29,30.6,19.5,75,abh_sebou_ismail.public.mesures_qualite_barrages,paramètre détecté depuis une colonne explicite,forte
abh_sebou_ismail,public,mesures_qualite_barrages,qualité,colonne_parametre,T_eau,t_eau,parametre_qualite,val_qual_barr,°C,420,420,0,0,0,6.4,81.0,1988-10-14,2024-11-29,16,67.5,45.5,abh_sebou_ismail.public.mesures_qualite_barrages,paramètre détecté depuis une colonne explicite,forte
abh_sebou_ismail,public,mesures_qualite_barrages,qualité,colonne_parametre,TA,ta,parametre_qualite,val_qual_barr,°F,70,70,0,0,0,0.0,3.0,1994-05-30,2020-07-08,0.3,2.5,0,abh_sebou_ismail.public.mesures_qualite_barrages,paramètre détecté depuis une colonne explicite,forte
abh_sebou_ismail,public,mesures_qualite_barrages,qualité,colonne_parametre,TAC,tac,parametre_qualite,val_qual_barr,mg/L CaCO₃,71,71,0,0,0,2.8,1053.0,1994-05-30,2020-07-08,19.5,13.4,23.5,abh_sebou_ismail.public.mesures_qualite_barrages,paramètre détecté depuis une colonne explicite,forte
abh_sebou_ismail,public,mesures_qualite_barrages,qualité,colonne_parametre,TH,th,parametre_qualite,val_qual_barr,°F,50,50,0,0,0,0.0,1057.5156,1993-04-15,2020-07-08,0,100.84,1056.9989,abh_sebou_ismail.public.mesures_qualite_barrages,paramètre détecté depuis une colonne explicite,forte
abh_sebou_ismail,public,mesures_qualite_barrages,qualité,colonne_parametre,Turbidite,turbidite,parametre_qualite,val_qual_barr,NTU,143,143,0,0,0,1.7,16800.0,1990-08-17,2024-06-12,8,19.5,1280,abh_sebou_ismail.public.mesures_qualite_barrages,paramètre détecté depuis une colonne explicite,forte
abh_sebou_ismail,public,mesures_qualite_nappes,qualité,colonne_parametre,Al,al,parametre_qualite,val_qual_nap,à confirmer,4,4,0,0,0,0.02,0.07,1991-03-27,2015-08-17,0.02,0.0364,0.051,abh_sebou_ismail.public.mesures_qualite_nappes,paramètre détecté depuis une colonne explicite,forte
abh_sebou_ismail,public,mesures_qualite_nappes,qualité,colonne_parametre,As,as,parametre_qualite,val_qual_nap,à confirmer,3,3,0,0,0,0.01,0.015,1991-03-27,1993-08-10,0.01,0.015,,abh_sebou_ismail.public.mesures_qualite_nappes,paramètre détecté depuis une colonne explicite,forte
abh_sebou_ismail,public,mesures_qualite_nappes,qualité,colonne_parametre,Azote_Org,azote_org,parametre_qualite,val_qual_nap,mg/L,1,1,0,0,0,0.15,0.15,1994-07-12,1994-07-12,0.15,,,abh_sebou_ismail.public.mesures_qualite_nappes,paramètre détecté depuis une colonne explicite,forte
abh_sebou_ismail,public,mesures_qualite_nappes,qualité,colonne_parametre,Azote_tot_kjeldhal,ntk,parametre_qualite,val_qual_nap,mg/L,206,206,0,0,0,0.01,15.0,1988-10-19,1994-11-16,0.01,0.018,0.02,abh_sebou_ismail.public.mesures_qualite_nappes,paramètre détecté depuis une colonne explicite,forte
abh_sebou_ismail,public,mesures_qualite_nappes,qualité,colonne_parametre,Ca,ca,parametre_qualite,val_qual_nap,mg/L,2550,2550,0,0,0,1.21,1282.0,1988-10-03,2024-11-20,59.1,124.3,144.3,abh_sebou_ismail.public.mesures_qualite_nappes,paramètre détecté depuis une colonne explicite,forte
abh_sebou_ismail,public,mesures_qualite_nappes,qualité,colonne_parametre,Cd,cd,parametre_qualite,val_qual_nap,à confirmer,5,5,0,0,0,0.0,0.015,1991-03-22,1993-08-10,0,0.001,0.0015,abh_sebou_ismail.public.mesures_qualite_nappes,paramètre détecté depuis une colonne explicite,forte
abh_sebou_ismail,public,mesures_qualite_nappes,qualité,colonne_parametre,CF,cf,parametre_qualite,val_qual_nap,UFC/100mL,2643,2643,0,0,0,0.0,6500000.0,1988-10-03,2024-11-29,24000,2200,165,abh_sebou_ismail.public.mesures_qualite_nappes,paramètre détecté depuis une colonne explicite,forte
abh_sebou_ismail,public,mesures_qualite_nappes,qualité,colonne_parametre,Chla,chla,parametre_qualite,val_qual_nap,µg/L,7,7,0,0,0,0.0,75.0,1990-09-20,2013-10-11,0,0.07,1.91,abh_sebou_ismail.public.mesures_qualite_nappes,paramètre détecté depuis une colonne explicite,forte
abh_sebou_ismail,public,mesures_qualite_nappes,qualité,colonne_parametre,Cl,cl,parametre_qualite,val_qual_nap,mg/L,2624,2624,0,0,0,1.0,17581.0,1988-10-03,2024-11-19,89.5,247,40.4,abh_sebou_ismail.public.mesures_qualite_nappes,paramètre détecté depuis une colonne explicite,forte
abh_sebou_ismail,public,mesures_qualite_nappes,qualité,colonne_parametre,CN,cn,parametre_qualite,val_qual_nap,à confirmer,3,3,0,0,0,0.003,0.0073,1991-03-22,1993-08-10,0.003,0.0057,0.0073,abh_sebou_ismail.public.mesures_qualite_nappes,paramètre détecté depuis une colonne explicite,forte
abh_sebou_ismail,public,mesures_qualite_nappes,qualité,colonne_parametre,Co,co,parametre_qualite,val_qual_nap,à confirmer,2,2,0,0,0,19.0,19.0,1994-07-13,1994-08-03,19,,,abh_sebou_ismail.public.mesures_qualite_nappes,paramètre détecté depuis une colonne explicite,forte
abh_sebou_ismail,public,mesures_qualite_nappes,qualité,colonne_parametre,CO3,co3,parametre_qualite,val_qual_nap,mg/L,2552,2552,0,0,0,0.0,50000.0,1991-03-27,2024-11-26,6,26.4,9.6,abh_sebou_ismail.public.mesures_qualite_nappes,paramètre détecté depuis une colonne explicite,forte
abh_sebou_ismail,public,mesures_qualite_nappes,qualité,colonne_parametre,CO32,co32,parametre_qualite,val_qual_nap,à confirmer,1,1,0,0,0,0.0,0.0,1999-05-20,1999-05-20,0,,,abh_sebou_ismail.public.mesures_qualite_nappes,paramètre détecté depuis une colonne explicite,forte
abh_sebou_ismail,public,mesures_qualite_nappes,qualité,colonne_parametre,Conductivite,conductivite,parametre_qualite,val_qual_nap,µS/cm,2659,2659,0,0,0,0.0,54900.0,1988-10-03,2024-11-29,877,34000,2880,abh_sebou_ismail.public.mesures_qualite_nappes,paramètre détecté depuis une colonne explicite,forte
abh_sebou_ismail,public,mesures_qualite_nappes,qualité,colonne_parametre,Couleur,couleur,parametre_qualite,val_qual_nap,UCV,1,1,0,0,0,0.1,0.1,1992-09-17,1992-09-17,0.1,,,abh_sebou_ismail.public.mesures_qualite_nappes,paramètre détecté depuis une colonne explicite,forte
abh_sebou_ismail,public,mesures_qualite_nappes,qualité,colonne_parametre,Cr,cr,parametre_qualite,val_qual_nap,à confirmer,3,3,0,0,0,0.013,0.085,1991-03-22,1993-08-10,0.013,0.02,0.085,abh_sebou_ismail.public.mesures_qualite_nappes,paramètre détecté depuis une colonne explicite,forte
abh_sebou_ismail,public,mesures_qualite_nappes,qualité,colonne_parametre,CrT,crt,parametre_qualite,val_qual_nap,à confirmer,2,2,0,0,0,0.02,0.06,1991-03-27,1991-03-28,0.02,0.06,,abh_sebou_ismail.public.mesures_qualite_nappes,paramètre détecté depuis une colonne explicite,forte
abh_sebou_ismail,public,mesures_qualite_nappes,qualité,colonne_parametre,CT,ct,parametre_qualite,val_qual_nap,mg/L,2560,2560,0,0,0,0.0,59000000.0,1988-10-03,2024-11-29,34000,643,9800,abh_sebou_ismail.public.mesures_qualite_nappes,paramètre détecté depuis une colonne explicite,forte
abh_sebou_ismail,public,mesures_qualite_nappes,qualité,colonne_parametre,Cu,cu,parametre_qualite,val_qual_nap,à confirmer,5,5,0,0,0,0.02,0.8,1991-03-22,1993-08-10,0.02,0.23,0.8,abh_sebou_ismail.public.mesures_qualite_nappes,paramètre détecté depuis une colonne explicite,forte
abh_sebou_ismail,public,mesures_qualite_nappes,qualité,colonne_parametre,DBO5,dbo5,parametre_qualite,val_qual_nap,mg O2/L,10,10,0,0,0,1.0,21.0,1988-10-19,1994-08-19,1,1.3,11,abh_sebou_ismail.public.mesures_qualite_nappes,paramètre détecté depuis une colonne explicite,forte
abh_sebou_ismail,public,mesures_qualite_nappes,qualité,colonne_parametre,DCO,dco,parametre_qualite,val_qual_nap,mg O2/L,179,179,0,0,0,0.0,258.0,1988-10-19,2013-11-13,0,0.247,0.262,abh_sebou_ismail.public.mesures_qualite_nappes,paramètre détecté depuis une colonne explicite,forte
abh_sebou_ismail,public,mesures_qualite_nappes,qualité,colonne_parametre,Debit,debit,parametre_qualite,val_qual_nap,m³/s,5,5,0,0,0,10.0,519.0,1988-10-19,1991-10-03,10,260,31.6,abh_sebou_ismail.public.mesures_qualite_nappes,paramètre détecté depuis une colonne explicite,forte
abh_sebou_ismail,public,mesures_qualite_nappes,qualité,colonne_parametre,Detergent,detergent,parametre_qualite,val_qual_nap,mg/L,1,1,0,0,0,0.59,0.59,1993-08-10,1993-08-10,0.59,,,abh_sebou_ismail.public.mesures_qualite_nappes,paramètre détecté depuis une colonne explicite,forte
abh_sebou_ismail,public,mesures_qualite_nappes,qualité,colonne_parametre,Disque_secchi,disque_secchi,parametre_qualite,val_qual_nap,m,1,1,0,0,0,0.17,0.17,1991-10-03,1991-10-03,0.17,,,abh_sebou_ismail.public.mesures_qualite_nappes,paramètre détecté depuis une colonne explicite,forte
abh_sebou_ismail,public,mesures_qualite_nappes,qualité,colonne_parametre,Eh,eh,parametre_qualite,val_qual_nap,mV,3,3,0,1,0,-330.0,340.0,1990-09-20,1991-10-03,-330,141,340,abh_sebou_ismail.public.mesures_qualite_nappes,paramètre détecté depuis une colonne explicite,forte
abh_sebou_ismail,public,mesures_qualite_nappes,qualité,colonne_parametre,F,f,parametre_qualite,val_qual_nap,à confirmer,5,5,0,0,0,1.06,690.0,1993-08-10,2004-09-19,1.06,1.2,644,abh_sebou_ismail.public.mesures_qualite_nappes,paramètre détecté depuis une colonne explicite,forte
abh_sebou_ismail,public,mesures_qualite_nappes,qualité,colonne_parametre,F_M_mes,f_m_mes,parametre_qualite,val_qual_nap,mg/L,1,1,0,0,0,0.161,0.161,2006-12-13,2006-12-13,0.161,,,abh_sebou_ismail.public.mesures_qualite_nappes,paramètre détecté depuis une colonne explicite,forte
abh_sebou_ismail,public,mesures_qualite_nappes,qualité,colonne_parametre,Fe,fe,parametre_qualite,val_qual_nap,mg/L,689,689,0,0,0,0.01,1908.0,1991-03-22,2015-10-02,13,9.3,0.3,abh_sebou_ismail.public.mesures_qualite_nappes,paramètre détecté depuis une colonne explicite,forte
abh_sebou_ismail,public,mesures_qualite_nappes,qualité,colonne_parametre,FeT,fet,parametre_qualite,val_qual_nap,mg/L,1560,1560,0,0,0,0.014,1181.0,1999-06-23,2024-11-27,0.3,0.28,0.142,abh_sebou_ismail.public.mesures_qualite_nappes,paramètre détecté depuis une colonne explicite,forte
abh_sebou_ismail,public,mesures_qualite_nappes,qualité,colonne_parametre,H_G,h_g,parametre_qualite,val_qual_nap,à confirmer,1,1,0,0,0,0.0008,0.0008,1991-03-27,1991-03-27,0.0008,,,abh_sebou_ismail.public.mesures_qualite_nappes,paramètre détecté depuis une colonne explicite,forte
abh_sebou_ismail,public,mesures_qualite_nappes,qualité,colonne_parametre,H2S,h2s,parametre_qualite,val_qual_nap,à confirmer,2,2,0,0,0,14.8,16.0,1991-03-27,1991-03-28,14.8,16,,abh_sebou_ismail.public.mesures_qualite_nappes,paramètre détecté depuis une colonne explicite,forte
abh_sebou_ismail,public,mesures_qualite_nappes,qualité,colonne_parametre,HCO,hco,parametre_qualite,val_qual_nap,à confirmer,1,1,0,0,0,259.3,259.3,1996-05-09,1996-05-09,259.3,,,abh_sebou_ismail.public.mesures_qualite_nappes,paramètre détecté depuis une colonne explicite,forte
abh_sebou_ismail,public,mesures_qualite_nappes,qualité,colonne_parametre,HCO3-,hco3,parametre_qualite,val_qual_nap,mg/L,2636,2636,0,0,0,0.0,1512.8,1988-10-03,2024-11-26,247,10.9,21.96,abh_sebou_ismail.public.mesures_qualite_nappes,paramètre détecté depuis une colonne explicite,forte
abh_sebou_ismail,public,mesures_qualite_nappes,qualité,colonne_parametre,Hg,h_g,parametre_qualite,val_qual_nap,à confirmer,3,3,0,0,0,0.0005,0.0013,1991-03-27,1993-08-10,0.0005,0.0008,0.0013,abh_sebou_ismail.public.mesures_qualite_nappes,paramètre détecté depuis une colonne explicite,forte
abh_sebou_ismail,public,mesures_qualite_nappes,qualité,colonne_parametre,K,k,parametre_qualite,val_qual_nap,mg/L,2637,2637,0,0,0,0.0,30810.0,1988-10-03,2024-11-26,59.1,0.647,4.32,abh_sebou_ismail.public.mesures_qualite_nappes,paramètre détecté depuis une colonne explicite,forte
abh_sebou_ismail,public,mesures_qualite_nappes,qualité,colonne_parametre,MES,mes,parametre_qualite,val_qual_nap,mg/L,25,25,0,0,0,0.0,4374.0,1988-10-19,2013-10-11,0,0.38,0.4,abh_sebou_ismail.public.mesures_qualite_nappes,paramètre détecté depuis une colonne explicite,forte
abh_sebou_ismail,public,mesures_qualite_nappes,qualité,colonne_parametre,Mg,mg,parametre_qualite,val_qual_nap,mg/L,2619,2619,0,0,0,0.49,1008.0,1988-10-03,2024-11-20,40.4,62.6,69.1,abh_sebou_ismail.public.mesures_qualite_nappes,paramètre détecté depuis une colonne explicite,forte
abh_sebou_ismail,public,mesures_qualite_nappes,qualité,colonne_parametre,Mn,mn,parametre_qualite,val_qual_nap,mg/L,2199,2199,0,0,0,0.0,95.0,1991-03-22,2024-11-27,0.647,0.29,0.4905,abh_sebou_ismail.public.mesures_qualite_nappes,paramètre détecté depuis une colonne explicite,forte
abh_sebou_ismail,public,mesures_qualite_nappes,qualité,colonne_parametre,MO,mo,parametre_qualite,val_qual_nap,mg/L,2625,2625,0,0,0,0.0,1092.0,1990-09-21,2024-11-28,1.81377,0.83,4.08,abh_sebou_ismail.public.mesures_qualite_nappes,paramètre détecté depuis une colonne explicite,forte
abh_sebou_ismail,public,mesures_qualite_nappes,qualité,colonne_parametre,NA,na,parametre_qualite,val_qual_nap,à confirmer,2637,2637,0,0,0,0.0,9124.0,1988-10-03,2024-11-26,59.1,141.4,247,abh_sebou_ismail.public.mesures_qualite_nappes,paramètre détecté depuis une colonne explicite,forte
abh_sebou_ismail,public,mesures_qualite_nappes,qualité,colonne_parametre,NH4,nh4,parametre_qualite,val_qual_nap,mg/L,2590,2590,0,0,0,0.0,18.5,1990-09-20,2024-11-29,0.18257,4.32,0.29,abh_sebou_ismail.public.mesures_qualite_nappes,paramètre détecté depuis une colonne explicite,forte
abh_sebou_ismail,public,mesures_qualite_nappes,qualité,colonne_parametre,Ni,ni,parametre_qualite,val_qual_nap,à confirmer,2,2,0,0,0,0.01,0.01,1991-03-22,1991-03-26,0.01,,,abh_sebou_ismail.public.mesures_qualite_nappes,paramètre détecté depuis une colonne explicite,forte
abh_sebou_ismail,public,mesures_qualite_nappes,qualité,colonne_parametre,NO2-,no2,parametre_qualite,val_qual_nap,mg/L,2609,2609,0,0,0,0.0,85.4,1991-01-24,2024-11-29,0.799,4.594,0.375,abh_sebou_ismail.public.mesures_qualite_nappes,paramètre détecté depuis une colonne explicite,forte
abh_sebou_ismail,public,mesures_qualite_nappes,qualité,colonne_parametre,NO3-,no3,parametre_qualite,val_qual_nap,mg/L,2632,2632,0,0,0,0.0,3618.0,1988-10-03,2024-11-19,30.6,89.5,66.936,abh_sebou_ismail.public.mesures_qualite_nappes,paramètre détecté depuis une colonne explicite,forte
abh_sebou_ismail,public,mesures_qualite_nappes,qualité,colonne_parametre,Numerotation_GT,numerotation_gt,parametre_qualite,val_qual_nap,à confirmer,1,1,0,0,0,110.0,110.0,1991-03-27,1991-03-27,110,,,abh_sebou_ismail.public.mesures_qualite_nappes,paramètre détecté depuis une colonne explicite,forte
abh_sebou_ismail,public,mesures_qualite_nappes,qualité,colonne_parametre,O2_diss,o2_dissous,parametre_qualite,val_qual_nap,mg O2/L,207,207,0,0,0,0.0,443.0,1988-10-03,2013-11-13,0,0.031,0.188,abh_sebou_ismail.public.mesures_qualite_nappes,paramètre détecté depuis une colonne explicite,forte
abh_sebou_ismail,public,mesures_qualite_nappes,qualité,colonne_parametre,Pb,pb,parametre_qualite,val_qual_nap,à confirmer,6,6,0,0,0,0.011,0.1,1991-03-22,2006-12-18,0.011,0.03,0.035,abh_sebou_ismail.public.mesures_qualite_nappes,paramètre détecté depuis une colonne explicite,forte
abh_sebou_ismail,public,mesures_qualite_nappes,qualité,colonne_parametre,ph,ph,parametre_qualite,val_qual_nap,pH,2651,2651,0,0,0,2.61,22.1,1988-10-03,2024-11-29,8.22,7.81,8.06,abh_sebou_ismail.public.mesures_qualite_nappes,paramètre détecté depuis une colonne explicite,forte
abh_sebou_ismail,public,mesures_qualite_nappes,qualité,colonne_parametre,Ph�nol,ph,parametre_qualite,val_qual_nap,pH,5,5,0,0,0,0.0,0.04,1990-09-21,1993-08-10,0,0.011,0.018,abh_sebou_ismail.public.mesures_qualite_nappes,paramètre détecté depuis une colonne explicite,forte
abh_sebou_ismail,public,mesures_qualite_nappes,qualité,colonne_parametre,Phosphore_Total,pt_famille,parametre_qualite,val_qual_nap,mg/L,39,39,0,0,0,0.02,3.66,1988-10-19,2013-10-11,0.02,0.03,0.039,abh_sebou_ismail.public.mesures_qualite_nappes,paramètre détecté depuis une colonne explicite,forte
abh_sebou_ismail,public,mesures_qualite_nappes,qualité,colonne_parametre,PO4 3-,po4,parametre_qualite,val_qual_nap,mg/L,40,40,0,0,0,0.0,191.0,1990-09-20,2013-10-11,0,0.003,0.009,abh_sebou_ismail.public.mesures_qualite_nappes,paramètre détecté depuis une colonne explicite,forte
abh_sebou_ismail,public,mesures_qualite_nappes,qualité,colonne_parametre,Profondeur,profondeur,parametre_qualite,val_qual_nap,m,2,2,0,0,0,2.0,2.0,2000-08-07,2000-08-16,2,,,abh_sebou_ismail.public.mesures_qualite_nappes,paramètre détecté depuis une colonne explicite,forte
abh_sebou_ismail,public,mesures_qualite_nappes,qualité,colonne_parametre,PTD,pt_famille,parametre_qualite,val_qual_nap,mg/L,73,73,0,0,0,6.0,88.0,2008-12-18,2009-01-30,10,10.2,10.7,abh_sebou_ismail.public.mesures_qualite_nappes,paramètre détecté depuis une colonne explicite,forte
abh_sebou_ismail,public,mesures_qualite_nappes,qualité,colonne_parametre,PTP,pt_famille,parametre_qualite,val_qual_nap,mg/L,73,73,0,0,0,6.0,88.0,2008-12-18,2009-01-30,10,10.2,10.7,abh_sebou_ismail.public.mesures_qualite_nappes,paramètre détecté depuis une colonne explicite,forte
abh_sebou_ismail,public,mesures_qualite_nappes,qualité,colonne_parametre,RS105,rs105,parametre_qualite,val_qual_nap,à confirmer,2203,2203,0,0,0,27.5,31900.0,1991-03-22,2024-11-20,247,643,1320,abh_sebou_ismail.public.mesures_qualite_nappes,paramètre détecté depuis une colonne explicite,forte
abh_sebou_ismail,public,mesures_qualite_nappes,qualité,colonne_parametre,RS185,rs185,parametre_qualite,val_qual_nap,à confirmer,7,7,0,0,0,147.0,2024.0,1996-10-25,2007-02-22,1263,1398,147,abh_sebou_ismail.public.mesures_qualite_nappes,paramètre détecté depuis une colonne explicite,forte
abh_sebou_ismail,public,mesures_qualite_nappes,qualité,colonne_parametre,S,s,parametre_qualite,val_qual_nap,mg/L,4,4,0,0,0,3.8,29.6,1990-09-21,2007-01-23,20.8,29.6,3.8,abh_sebou_ismail.public.mesures_qualite_nappes,paramètre détecté depuis une colonne explicite,forte
abh_sebou_ismail,public,mesures_qualite_nappes,qualité,colonne_parametre,S2,s2,parametre_qualite,val_qual_nap,mg/L,16,16,0,0,0,0.2,0.42,2013-08-28,2013-11-07,0.2,0.29,0.38,abh_sebou_ismail.public.mesures_qualite_nappes,paramètre détecté depuis une colonne explicite,forte
abh_sebou_ismail,public,mesures_qualite_nappes,qualité,colonne_parametre,sat,sat,parametre_qualite,val_qual_nap,%,18,18,0,0,0,0.0,111.8,1988-10-03,2006-04-27,0,108,111.8,abh_sebou_ismail.public.mesures_qualite_nappes,paramètre détecté depuis une colonne explicite,forte
abh_sebou_ismail,public,mesures_qualite_nappes,qualité,colonne_parametre,Se,se,parametre_qualite,val_qual_nap,à confirmer,5,5,0,0,0,0.007,0.05,1991-03-22,1993-08-10,0.007,0.01,0.015,abh_sebou_ismail.public.mesures_qualite_nappes,paramètre détecté depuis une colonne explicite,forte
abh_sebou_ismail,public,mesures_qualite_nappes,qualité,colonne_parametre,SF,sf,parametre_qualite,val_qual_nap,g/L,2640,2640,0,0,0,0.0,1600000.0,1988-10-03,2024-11-29,34000,880,2200,abh_sebou_ismail.public.mesures_qualite_nappes,paramètre détecté depuis une colonne explicite,forte
abh_sebou_ismail,public,mesures_qualite_nappes,qualité,colonne_parametre,SiO3,sio3,parametre_qualite,val_qual_nap,mg/L,3,3,0,0,0,16.05,36.2,1991-03-27,1993-08-10,16.05,29.2,36.2,abh_sebou_ismail.public.mesures_qualite_nappes,paramètre détecté depuis une colonne explicite,forte
abh_sebou_ismail,public,mesures_qualite_nappes,qualité,colonne_parametre,SO4,so4,parametre_qualite,val_qual_nap,mg/L,2618,2618,0,0,0,0.0,2039.0,1988-10-03,2024-11-19,8.92,30.6,89.5,abh_sebou_ismail.public.mesures_qualite_nappes,paramètre détecté depuis une colonne explicite,forte
abh_sebou_ismail,public,mesures_qualite_nappes,qualité,colonne_parametre,T_Air,t_air,parametre_qualite,val_qual_nap,°C,2617,2617,0,0,0,4.0,88.0,1988-10-03,2024-11-29,8.22,21.7,20.9,abh_sebou_ismail.public.mesures_qualite_nappes,paramètre détecté depuis une colonne explicite,forte
abh_sebou_ismail,public,mesures_qualite_nappes,qualité,colonne_parametre,T_eau,t_eau,parametre_qualite,val_qual_nap,°C,2658,2658,0,0,0,8.6,213.0,1988-10-03,2024-11-29,10.9,21.7,34.3,abh_sebou_ismail.public.mesures_qualite_nappes,paramètre détecté depuis une colonne explicite,forte
abh_sebou_ismail,public,mesures_qualite_nappes,qualité,colonne_parametre,TA,ta,parametre_qualite,val_qual_nap,°F,2027,2027,0,0,0,0.0,20.6,1990-09-21,2024-11-26,1.8,0.75,0,abh_sebou_ismail.public.mesures_qualite_nappes,paramètre détecté depuis une colonne explicite,forte
abh_sebou_ismail,public,mesures_qualite_nappes,qualité,colonne_parametre,TAC,tac,parametre_qualite,val_qual_nap,mg/L CaCO₃,2027,2027,0,0,0,0.0,1830.0,1990-09-21,2024-11-26,24.59,40.25,40.4,abh_sebou_ismail.public.mesures_qualite_nappes,paramètre détecté depuis une colonne explicite,forte
abh_sebou_ismail,public,mesures_qualite_nappes,qualité,colonne_parametre,Temperature_Ambiante,temperature,parametre_qualite,val_qual_nap,à confirmer,1,1,0,0,0,24.0,24.0,1991-03-27,1991-03-27,24,,,abh_sebou_ismail.public.mesures_qualite_nappes,paramètre détecté depuis une colonne explicite,forte
abh_sebou_ismail,public,mesures_qualite_nappes,qualité,colonne_parametre,TH,th,parametre_qualite,val_qual_nap,°F,1608,1608,0,0,0,3.5,541.85,1991-03-27,2024-11-20,47.77,32.52,8.44,abh_sebou_ismail.public.mesures_qualite_nappes,paramètre détecté depuis une colonne explicite,forte
abh_sebou_ismail,public,mesures_qualite_nappes,qualité,colonne_parametre,Turbidite,turbidite,parametre_qualite,val_qual_nap,NTU,31,31,0,0,0,0.0,637.0,1990-09-20,2012-09-26,0,2.4,26,abh_sebou_ismail.public.mesures_qualite_nappes,paramètre détecté depuis une colonne explicite,forte
abh_sebou_ismail,public,mesures_qualite_nappes,qualité,colonne_parametre,Zn,zn,parametre_qualite,val_qual_nap,à confirmer,5,5,0,0,0,0.01,0.1,1991-03-22,1993-08-10,0.01,0.02,0.04,abh_sebou_ismail.public.mesures_qualite_nappes,paramètre détecté depuis une colonne explicite,forte
abh_sebou_ismail,public,mesures_qualite_rivieres,qualité,colonne_parametre,Ag,ag,parametre_qualite,val_qual_riv,à confirmer,9,9,0,0,0,0.01,19.0,1994-07-06,2019-09-30,0.01,0.03,19,abh_sebou_ismail.public.mesures_qualite_rivieres,paramètre détecté depuis une colonne explicite,forte
abh_sebou_ismail,public,mesures_qualite_rivieres,qualité,colonne_parametre,Al,al,parametre_qualite,val_qual_riv,à confirmer,54,54,0,0,0,0.0034,73.67,1991-08-19,2003-11-20,0.0034,0.012,0.0207,abh_sebou_ismail.public.mesures_qualite_rivieres,paramètre détecté depuis une colonne explicite,forte
abh_sebou_ismail,public,mesures_qualite_rivieres,qualité,colonne_parametre,As,as,parametre_qualite,val_qual_riv,à confirmer,240,240,0,0,0,0.0,25.0,1993-03-09,2024-11-15,0,0.002,0.0021,abh_sebou_ismail.public.mesures_qualite_rivieres,paramètre détecté depuis une colonne explicite,forte
abh_sebou_ismail,public,mesures_qualite_rivieres,qualité,colonne_parametre,Azote_Org,azote_org,parametre_qualite,val_qual_riv,mg/L,2,2,0,0,0,0.0,0.0,1994-07-06,1994-07-11,0,,,abh_sebou_ismail.public.mesures_qualite_rivieres,paramètre détecté depuis une colonne explicite,forte
abh_sebou_ismail,public,mesures_qualite_rivieres,qualité,colonne_parametre,Azote_tot_kjeldhal,ntk,parametre_qualite,val_qual_riv,mg/L,1580,1580,0,0,0,0.0,1309.0,1988-09-22,2011-10-29,0.346,0.338,4.32,abh_sebou_ismail.public.mesures_qualite_rivieres,paramètre détecté depuis une colonne explicite,forte
abh_sebou_ismail,public,mesures_qualite_rivieres,qualité,colonne_parametre,Azote_Total,azote_total,parametre_qualite,val_qual_riv,mg/L,358,358,0,0,0,0.077,141.0,2002-07-28,2024-11-25,44.8,0.251,54.66,abh_sebou_ismail.public.mesures_qualite_rivieres,paramètre détecté depuis une colonne explicite,forte
abh_sebou_ismail,public,mesures_qualite_rivieres,qualité,colonne_parametre,Ba,ba,parametre_qualite,val_qual_riv,à confirmer,18,18,0,0,0,0.0,2.2,1996-02-13,2019-04-15,0,0.0013,0.0085,abh_sebou_ismail.public.mesures_qualite_rivieres,paramètre détecté depuis une colonne explicite,forte
abh_sebou_ismail,public,mesures_qualite_rivieres,qualité,colonne_parametre,Ca,ca,parametre_qualite,val_qual_riv,mg/L,1741,1741,0,0,0,7.62,1912.0,1989-03-23,2024-11-20,59.1,75.2,124.3,abh_sebou_ismail.public.mesures_qualite_rivieres,paramètre détecté depuis une colonne explicite,forte
abh_sebou_ismail,public,mesures_qualite_rivieres,qualité,colonne_parametre,Carbone_org,carbone_org,parametre_qualite,val_qual_riv,à confirmer,2,2,0,0,0,0.0,0.0,1994-07-06,1994-07-11,0,,,abh_sebou_ismail.public.mesures_qualite_rivieres,paramètre détecté depuis une colonne explicite,forte
abh_sebou_ismail,public,mesures_qualite_rivieres,qualité,colonne_parametre,Cd,cd,parametre_qualite,val_qual_riv,à confirmer,274,274,0,0,0,0.0,5.04,1990-02-07,2024-11-15,0,0.0001,0.0002,abh_sebou_ismail.public.mesures_qualite_rivieres,paramètre détecté depuis une colonne explicite,forte
abh_sebou_ismail,public,mesures_qualite_rivieres,qualité,colonne_parametre,CF,cf,parametre_qualite,val_qual_riv,UFC/100mL,1953,1953,0,1,0,-0.4,120000000.0,1988-09-20,2024-11-28,32000000,34000,1270,abh_sebou_ismail.public.mesures_qualite_rivieres,paramètre détecté depuis une colonne explicite,forte
abh_sebou_ismail,public,mesures_qualite_rivieres,qualité,colonne_parametre,Chl,chl,parametre_qualite,val_qual_riv,à confirmer,2,2,0,0,0,0.0,0.0,1994-10-06,1994-10-17,0,,,abh_sebou_ismail.public.mesures_qualite_rivieres,paramètre détecté depuis une colonne explicite,forte
abh_sebou_ismail,public,mesures_qualite_rivieres,qualité,colonne_parametre,Chla,chla,parametre_qualite,val_qual_riv,µg/L,180,180,0,0,0,0.0,67.6,1988-10-06,2024-11-20,0,0.0005,0.0008,abh_sebou_ismail.public.mesures_qualite_rivieres,paramètre détecté depuis une colonne explicite,forte
abh_sebou_ismail,public,mesures_qualite_rivieres,qualité,colonne_parametre,Cl,cl,parametre_qualite,val_qual_riv,mg/L,1889,1889,0,0,0,0.463,16495.0,1988-10-05,2024-11-15,537,269.76,10.64,abh_sebou_ismail.public.mesures_qualite_rivieres,paramètre détecté depuis une colonne explicite,forte
abh_sebou_ismail,public,mesures_qualite_rivieres,qualité,colonne_parametre,Cl2_res,cl2_res,parametre_qualite,val_qual_riv,à confirmer,2,2,0,0,0,0.0,0.0,1994-07-06,1994-07-11,0,,,abh_sebou_ismail.public.mesures_qualite_rivieres,paramètre détecté depuis une colonne explicite,forte
abh_sebou_ismail,public,mesures_qualite_rivieres,qualité,colonne_parametre,Clostri_sul_redu,clostri_sul_redu,parametre_qualite,val_qual_riv,à confirmer,2,2,0,0,0,0.0,0.0,1994-07-06,1994-07-11,0,,,abh_sebou_ismail.public.mesures_qualite_rivieres,paramètre détecté depuis une colonne explicite,forte
abh_sebou_ismail,public,mesures_qualite_rivieres,qualité,colonne_parametre,CN,cn,parametre_qualite,val_qual_riv,à confirmer,124,124,0,0,0,0.0,25.0,1990-02-05,1997-06-28,0,0.0001,0.0003,abh_sebou_ismail.public.mesures_qualite_rivieres,paramètre détecté depuis une colonne explicite,forte
abh_sebou_ismail,public,mesures_qualite_rivieres,qualité,colonne_parametre,Co,co,parametre_qualite,val_qual_riv,à confirmer,110,110,0,0,0,0.0,19.0,1994-07-06,2024-11-15,0,0.0014,0.0025,abh_sebou_ismail.public.mesures_qualite_rivieres,paramètre détecté depuis une colonne explicite,forte
abh_sebou_ismail,public,mesures_qualite_rivieres,qualité,colonne_parametre,CO2_libre,co2_libre,parametre_qualite,val_qual_riv,à confirmer,2,2,0,0,0,0.0,0.0,1994-07-06,1994-07-11,0,,,abh_sebou_ismail.public.mesures_qualite_rivieres,paramètre détecté depuis une colonne explicite,forte
abh_sebou_ismail,public,mesures_qualite_rivieres,qualité,colonne_parametre,CO3,co3,parametre_qualite,val_qual_riv,mg/L,1715,1715,0,0,0,0.0,488.0,1991-12-26,2024-11-26,293,6,0,abh_sebou_ismail.public.mesures_qualite_rivieres,paramètre détecté depuis une colonne explicite,forte
abh_sebou_ismail,public,mesures_qualite_rivieres,qualité,colonne_parametre,Conductivite,conductivite,parametre_qualite,val_qual_riv,µS/cm,1992,1992,0,0,0,0.0,53657.0,1988-09-20,2024-11-28,1318,1046,2585,abh_sebou_ismail.public.mesures_qualite_rivieres,paramètre détecté depuis une colonne explicite,forte
abh_sebou_ismail,public,mesures_qualite_rivieres,qualité,colonne_parametre,Couleur,couleur,parametre_qualite,val_qual_riv,UCV,2,2,0,0,0,0.02,0.025,1992-05-25,1992-06-03,0.02,0.025,,abh_sebou_ismail.public.mesures_qualite_rivieres,paramètre détecté depuis une colonne explicite,forte
abh_sebou_ismail,public,mesures_qualite_rivieres,qualité,colonne_parametre,Cr,cr,parametre_qualite,val_qual_riv,à confirmer,54,54,0,0,0,0.0,200.0,1988-10-05,1997-01-21,0,0.001,0.002,abh_sebou_ismail.public.mesures_qualite_rivieres,paramètre détecté depuis une colonne explicite,forte
abh_sebou_ismail,public,mesures_qualite_rivieres,qualité,colonne_parametre,CrT,crt,parametre_qualite,val_qual_riv,à confirmer,389,389,0,0,0,0.0,101.0,1990-01-31,2024-11-15,0.011,0.43,0.3,abh_sebou_ismail.public.mesures_qualite_rivieres,paramètre détecté depuis une colonne explicite,forte
abh_sebou_ismail,public,mesures_qualite_rivieres,qualité,colonne_parametre,CT,ct,parametre_qualite,val_qual_riv,mg/L,1756,1756,0,0,0,0.0,1300000000.0,1988-09-20,2024-11-28,32000000,34000,3104,abh_sebou_ismail.public.mesures_qualite_rivieres,paramètre détecté depuis une colonne explicite,forte
abh_sebou_ismail,public,mesures_qualite_rivieres,qualité,colonne_parametre,Cu,cu,parametre_qualite,val_qual_riv,à confirmer,272,272,0,0,0,0.0,50.0,1990-01-31,2024-11-15,0,0.001,0.0016,abh_sebou_ismail.public.mesures_qualite_rivieres,paramètre détecté depuis une colonne explicite,forte
abh_sebou_ismail,public,mesures_qualite_rivieres,qualité,colonne_parametre,DBO5,dbo5,parametre_qualite,val_qual_riv,mg O2/L,1961,1961,0,0,0,0.128,3040.0,1988-09-20,2024-11-27,121,56.8,7.3,abh_sebou_ismail.public.mesures_qualite_rivieres,paramètre détecté depuis une colonne explicite,forte
abh_sebou_ismail,public,mesures_qualite_rivieres,qualité,colonne_parametre,DBO5_dec2h,dbo5,parametre_qualite,val_qual_riv,à confirmer,24,24,0,0,0,0.0,204.0,1990-01-31,2009-10-22,0,0.95,1,abh_sebou_ismail.public.mesures_qualite_rivieres,paramètre détecté depuis une colonne explicite,forte
abh_sebou_ismail,public,mesures_qualite_rivieres,qualité,colonne_parametre,DCO,dco,parametre_qualite,val_qual_riv,mg O2/L,1932,1932,0,0,0,0.0,1920.0,1988-09-20,2024-11-27,121,69.1,92.2,abh_sebou_ismail.public.mesures_qualite_rivieres,paramètre détecté depuis une colonne explicite,forte
abh_sebou_ismail,public,mesures_qualite_rivieres,qualité,colonne_parametre,DCO_dec2h,dco,parametre_qualite,val_qual_riv,mg O2/L,57,57,0,0,0,0.0,429.0,1990-01-31,2019-04-07,0,10,102,abh_sebou_ismail.public.mesures_qualite_rivieres,paramètre détecté depuis une colonne explicite,forte
abh_sebou_ismail,public,mesures_qualite_rivieres,qualité,colonne_parametre,Debit,debit,parametre_qualite,val_qual_riv,m³/s,162,162,0,0,0,0.046,4400000.0,1988-09-22,2002-02-01,0.046,0.053,0.055,abh_sebou_ismail.public.mesures_qualite_rivieres,paramètre détecté depuis une colonne explicite,forte
abh_sebou_ismail,public,mesures_qualite_rivieres,qualité,colonne_parametre,Detergent,detergent,parametre_qualite,val_qual_riv,mg/L,189,189,0,0,0,0.0,18.8,1990-01-31,1998-06-26,0,0.007,0.01,abh_sebou_ismail.public.mesures_qualite_rivieres,paramètre détecté depuis une colonne explicite,forte
abh_sebou_ismail,public,mesures_qualite_rivieres,qualité,colonne_parametre,Detergent_non_ionique,detergent_non_ionique,parametre_qualite,val_qual_riv,à confirmer,2,2,0,0,0,0.0,0.0,1994-07-06,1994-07-11,0,,,abh_sebou_ismail.public.mesures_qualite_rivieres,paramètre détecté depuis une colonne explicite,forte
abh_sebou_ismail,public,mesures_qualite_rivieres,qualité,colonne_parametre,Disque_secchi,disque_secchi,parametre_qualite,val_qual_riv,m,87,87,0,0,0,0.0,58.5,1989-03-23,2024-11-28,0,0.01,0.03,abh_sebou_ismail.public.mesures_qualite_rivieres,paramètre détecté depuis une colonne explicite,forte
abh_sebou_ismail,public,mesures_qualite_rivieres,qualité,colonne_parametre,Eh,eh,parametre_qualite,val_qual_riv,mV,86,86,0,0,0,0.0,396.0,1990-02-05,2009-10-22,0,101.5,104,abh_sebou_ismail.public.mesures_qualite_rivieres,paramètre détecté depuis une colonne explicite,forte
abh_sebou_ismail,public,mesures_qualite_rivieres,qualité,colonne_parametre,F,f,parametre_qualite,val_qual_riv,à confirmer,56,56,0,0,0,0.0,574.0,1993-03-09,1996-03-15,0,0.02,0.05,abh_sebou_ismail.public.mesures_qualite_rivieres,paramètre détecté depuis une colonne explicite,forte
abh_sebou_ismail,public,mesures_qualite_rivieres,qualité,colonne_parametre,F_M_mes,f_m_mes,parametre_qualite,val_qual_riv,mg/L,7,7,0,0,0,0.0,301.0,1994-07-06,2002-07-02,0,0.759,12.4,abh_sebou_ismail.public.mesures_qualite_rivieres,paramètre détecté depuis une colonne explicite,forte
abh_sebou_ismail,public,mesures_qualite_rivieres,qualité,colonne_parametre,Fe,fe,parametre_qualite,val_qual_riv,mg/L,300,300,0,0,0,0.0,3484.0,1988-10-05,2016-08-19,0,0.001,0.02,abh_sebou_ismail.public.mesures_qualite_rivieres,paramètre détecté depuis une colonne explicite,forte
abh_sebou_ismail,public,mesures_qualite_rivieres,qualité,colonne_parametre,FeT,fet,parametre_qualite,val_qual_riv,mg/L,417,417,0,0,0,0.0,4452.0,1994-07-06,2024-11-22,2.53,15.89,0.62,abh_sebou_ismail.public.mesures_qualite_rivieres,paramètre détecté depuis une colonne explicite,forte
abh_sebou_ismail,public,mesures_qualite_rivieres,qualité,colonne_parametre,FM,fm,parametre_qualite,val_qual_riv,à confirmer,3,3,0,0,0,12.4,298.6,1994-09-21,1996-12-27,12.4,298.6,37,abh_sebou_ismail.public.mesures_qualite_rivieres,paramètre détecté depuis une colonne explicite,forte
abh_sebou_ismail,public,mesures_qualite_rivieres,qualité,colonne_parametre,Germe_tt_22,germe_tt_22,parametre_qualite,val_qual_riv,à confirmer,4,4,0,0,0,0.0,3400.0,1994-07-06,2009-10-22,0,3,3400,abh_sebou_ismail.public.mesures_qualite_rivieres,paramètre détecté depuis une colonne explicite,forte
abh_sebou_ismail,public,mesures_qualite_rivieres,qualité,colonne_parametre,Germe_tt_37,germe_tt_37,parametre_qualite,val_qual_riv,à confirmer,2,2,0,0,0,0.0,0.0,1994-07-06,1994-07-11,0,,,abh_sebou_ismail.public.mesures_qualite_rivieres,paramètre détecté depuis une colonne explicite,forte
abh_sebou_ismail,public,mesures_qualite_rivieres,qualité,colonne_parametre,H_G,h_g,parametre_qualite,val_qual_riv,à confirmer,153,153,0,0,0,0.0,44.1,1991-09-13,2024-11-25,0,0.0001,0.0002,abh_sebou_ismail.public.mesures_qualite_rivieres,paramètre détecté depuis une colonne explicite,forte
abh_sebou_ismail,public,mesures_qualite_rivieres,qualité,colonne_parametre,H2S,h2s,parametre_qualite,val_qual_riv,à confirmer,2,2,0,0,0,0.0,0.0,1994-07-06,1994-07-11,0,,,abh_sebou_ismail.public.mesures_qualite_rivieres,paramètre détecté depuis une colonne explicite,forte
abh_sebou_ismail,public,mesures_qualite_rivieres,qualité,colonne_parametre,HCO,hco,parametre_qualite,val_qual_riv,à confirmer,2,2,0,0,0,195.0,366.0,1996-01-16,1996-06-13,195,366,,abh_sebou_ismail.public.mesures_qualite_rivieres,paramètre détecté depuis une colonne explicite,forte
abh_sebou_ismail,public,mesures_qualite_rivieres,qualité,colonne_parametre,HCO3-,hco3,parametre_qualite,val_qual_riv,mg/L,1799,1799,0,0,0,0.0,1561.0,1988-10-05,2024-11-26,575.8,537,399.6,abh_sebou_ismail.public.mesures_qualite_rivieres,paramètre détecté depuis une colonne explicite,forte
abh_sebou_ismail,public,mesures_qualite_rivieres,qualité,colonne_parametre,HCT,ct,parametre_qualite,val_qual_riv,à confirmer,490,490,0,0,0,0.0,212.47,1994-05-17,2018-09-26,0.43,1.6,0.22,abh_sebou_ismail.public.mesures_qualite_rivieres,paramètre détecté depuis une colonne explicite,forte
abh_sebou_ismail,public,mesures_qualite_rivieres,qualité,colonne_parametre,Hg,h_g,parametre_qualite,val_qual_riv,à confirmer,227,227,0,0,0,0.0,0.695,1990-01-31,2024-06-07,0,0.0001,0.00013,abh_sebou_ismail.public.mesures_qualite_rivieres,paramètre détecté depuis une colonne explicite,forte
abh_sebou_ismail,public,mesures_qualite_rivieres,qualité,colonne_parametre,IBD,ibd,parametre_qualite,val_qual_riv,Indice,128,128,0,0,0,0.0,16.652,2003-05-27,2009-10-28,0,10.031,10.052,abh_sebou_ismail.public.mesures_qualite_rivieres,paramètre détecté depuis une colonne explicite,forte
abh_sebou_ismail,public,mesures_qualite_rivieres,qualité,colonne_parametre,IBGN,ibgn,parametre_qualite,val_qual_riv,Indice,43,43,0,0,0,1.0,16.0,2009-03-12,2009-10-28,1,10,11,abh_sebou_ismail.public.mesures_qualite_rivieres,paramètre détecté depuis une colonne explicite,forte
abh_sebou_ismail,public,mesures_qualite_rivieres,qualité,colonne_parametre,K,k,parametre_qualite,val_qual_riv,mg/L,1789,1789,0,0,0,0.11,501.0,1988-09-20,2024-11-26,16.22,12.42,9.98,abh_sebou_ismail.public.mesures_qualite_rivieres,paramètre détecté depuis une colonne explicite,forte
abh_sebou_ismail,public,mesures_qualite_rivieres,qualité,colonne_parametre,Largeur,largeur,parametre_qualite,val_qual_riv,m,191,191,0,0,0,0.0,60.0,1994-07-06,2005-10-13,0,0.2,0.3,abh_sebou_ismail.public.mesures_qualite_rivieres,paramètre détecté depuis une colonne explicite,forte
abh_sebou_ismail,public,mesures_qualite_rivieres,qualité,colonne_parametre,Li,li,parametre_qualite,val_qual_riv,à confirmer,16,16,0,0,0,0.01,3.0,1994-07-06,2003-11-20,0.01,0.012,0.014,abh_sebou_ismail.public.mesures_qualite_rivieres,paramètre détecté depuis une colonne explicite,forte
abh_sebou_ismail,public,mesures_qualite_rivieres,qualité,colonne_parametre,MD,md,parametre_qualite,val_qual_riv,à confirmer,2,2,0,0,0,0.0,0.0,1994-07-06,1994-07-11,0,,,abh_sebou_ismail.public.mesures_qualite_rivieres,paramètre détecté depuis une colonne explicite,forte
abh_sebou_ismail,public,mesures_qualite_rivieres,qualité,colonne_parametre,MES,mes,parametre_qualite,val_qual_riv,mg/L,1961,1961,0,0,0,0.0,89271.0,1988-09-22,2024-11-28,89.5,75.2,551,abh_sebou_ismail.public.mesures_qualite_rivieres,paramètre détecté depuis une colonne explicite,forte
abh_sebou_ismail,public,mesures_qualite_rivieres,qualité,colonne_parametre,Mg,mg,parametre_qualite,val_qual_riv,mg/L,1783,1783,0,0,0,0.36,1043.0,1988-10-05,2024-11-20,59.1,62.6,69.1,abh_sebou_ismail.public.mesures_qualite_rivieres,paramètre détecté depuis une colonne explicite,forte
abh_sebou_ismail,public,mesures_qualite_rivieres,qualité,colonne_parametre,Mn,mn,parametre_qualite,val_qual_riv,mg/L,136,136,0,0,0,0.0,450.0,1988-10-05,2020-07-06,0,0.004,0.01,abh_sebou_ismail.public.mesures_qualite_rivieres,paramètre détecté depuis une colonne explicite,forte
abh_sebou_ismail,public,mesures_qualite_rivieres,qualité,colonne_parametre,MO,mo,parametre_qualite,val_qual_riv,mg/L,26,26,0,0,0,0.0,246.0,1990-08-15,2009-10-22,0,2.6,246,abh_sebou_ismail.public.mesures_qualite_rivieres,paramètre détecté depuis une colonne explicite,forte
abh_sebou_ismail,public,mesures_qualite_rivieres,qualité,colonne_parametre,NA,na,parametre_qualite,val_qual_riv,à confirmer,1790,1790,0,0,0,0.8,9300.0,1988-09-20,2024-11-26,98.8,144.3,141.4,abh_sebou_ismail.public.mesures_qualite_rivieres,paramètre détecté depuis une colonne explicite,forte
abh_sebou_ismail,public,mesures_qualite_rivieres,qualité,colonne_parametre,NH4,nh4,parametre_qualite,val_qual_riv,mg/L,1953,1953,0,0,0,0.0,30600.0,1988-10-05,2024-11-28,40.4,4.32,92.2,abh_sebou_ismail.public.mesures_qualite_rivieres,paramètre détecté depuis une colonne explicite,forte
abh_sebou_ismail,public,mesures_qualite_rivieres,qualité,colonne_parametre,Ni,ni,parametre_qualite,val_qual_riv,à confirmer,269,269,0,0,0,0.0,90.0,1990-08-01,2024-11-15,0,0.001,0.0011,abh_sebou_ismail.public.mesures_qualite_rivieres,paramètre détecté depuis une colonne explicite,forte
abh_sebou_ismail,public,mesures_qualite_rivieres,qualité,colonne_parametre,NO2-,no2,parametre_qualite,val_qual_riv,mg/L,1791,1791,0,0,0,0.0,338.267,1988-10-05,2024-11-28,0.346,0.511,0.3,abh_sebou_ismail.public.mesures_qualite_rivieres,paramètre détecté depuis une colonne explicite,forte
abh_sebou_ismail,public,mesures_qualite_rivieres,qualité,colonne_parametre,NO3-,no3,parametre_qualite,val_qual_riv,mg/L,1930,1930,0,0,0,0.0,15300.0,1988-10-05,2024-11-19,13.14,0.511,0.799,abh_sebou_ismail.public.mesures_qualite_rivieres,paramètre détecté depuis une colonne explicite,forte
abh_sebou_ismail,public,mesures_qualite_rivieres,qualité,colonne_parametre,O2_diss,o2_dissous,parametre_qualite,val_qual_riv,mg O2/L,1971,1971,0,0,0,0.0,35.0,1988-09-20,2024-11-28,8.22,4.32,7.3,abh_sebou_ismail.public.mesures_qualite_rivieres,paramètre détecté depuis une colonne explicite,forte
abh_sebou_ismail,public,mesures_qualite_rivieres,qualité,colonne_parametre,Odeur,odeur,parametre_qualite,val_qual_riv,à confirmer,1,1,0,0,0,2.0,2.0,1994-05-17,1994-05-17,2,,,abh_sebou_ismail.public.mesures_qualite_rivieres,paramètre détecté depuis une colonne explicite,forte
abh_sebou_ismail,public,mesures_qualite_rivieres,qualité,colonne_parametre,Pb,pb,parametre_qualite,val_qual_riv,à confirmer,436,436,0,0,0,0.0,125.0,1990-01-31,2024-11-15,0.071,0.0233,0.0025,abh_sebou_ismail.public.mesures_qualite_rivieres,paramètre détecté depuis une colonne explicite,forte
abh_sebou_ismail,public,mesures_qualite_rivieres,qualité,colonne_parametre,ph,ph,parametre_qualite,val_qual_riv,pH,1994,1994,0,0,0,5.5,49.45,1988-09-20,2024-11-28,8.22,7.3,7.15,abh_sebou_ismail.public.mesures_qualite_rivieres,paramètre détecté depuis une colonne explicite,forte
abh_sebou_ismail,public,mesures_qualite_rivieres,qualité,colonne_parametre,Pheopigment,ph,parametre_qualite,val_qual_riv,µg/L,17,17,0,0,0,0.0,4.14,1995-02-09,1997-06-17,0,0.0001,0.0006,abh_sebou_ismail.public.mesures_qualite_rivieres,paramètre détecté depuis une colonne explicite,forte
abh_sebou_ismail,public,mesures_qualite_rivieres,qualité,colonne_parametre,Ph�nol,ph,parametre_qualite,val_qual_riv,pH,682,682,0,0,0,0.0,50.025,1990-01-31,2024-11-25,0.084,0.01,0.34,abh_sebou_ismail.public.mesures_qualite_rivieres,paramètre détecté depuis une colonne explicite,forte
abh_sebou_ismail,public,mesures_qualite_rivieres,qualité,colonne_parametre,Phosphore total,pt_famille,parametre_qualite,val_qual_riv,à confirmer,1972,1972,0,0,0,0.005,125.0,1988-09-22,2024-11-22,0.338,0.647,9.98,abh_sebou_ismail.public.mesures_qualite_rivieres,paramètre détecté depuis une colonne explicite,forte
abh_sebou_ismail,public,mesures_qualite_rivieres,qualité,colonne_parametre,PO3,po3,parametre_qualite,val_qual_riv,à confirmer,1,1,0,0,0,0.13,0.13,1993-03-11,1993-03-11,0.13,,,abh_sebou_ismail.public.mesures_qualite_rivieres,paramètre détecté depuis une colonne explicite,forte
abh_sebou_ismail,public,mesures_qualite_rivieres,qualité,colonne_parametre,PO4 3-,po4,parametre_qualite,val_qual_riv,mg/L,1891,1891,0,0,0,0.0,156.953,1988-10-05,2024-11-28,0.647,2.35,4.32,abh_sebou_ismail.public.mesures_qualite_rivieres,paramètre détecté depuis une colonne explicite,forte
abh_sebou_ismail,public,mesures_qualite_rivieres,qualité,colonne_parametre,Profondeur,profondeur,parametre_qualite,val_qual_riv,m,108,108,0,0,0,0.0,80.0,1994-07-06,2005-10-13,0,0.1,0.15,abh_sebou_ismail.public.mesures_qualite_rivieres,paramètre détecté depuis une colonne explicite,forte
abh_sebou_ismail,public,mesures_qualite_rivieres,qualité,colonne_parametre,Pseudo_aer,pseudo_aer,parametre_qualite,val_qual_riv,à confirmer,2,2,0,0,0,0.0,0.0,1994-07-06,1994-07-11,0,,,abh_sebou_ismail.public.mesures_qualite_rivieres,paramètre détecté depuis une colonne explicite,forte
abh_sebou_ismail,public,mesures_qualite_rivieres,qualité,colonne_parametre,PTD,pt_famille,parametre_qualite,val_qual_riv,mg/L,48,48,0,0,0,13.0,29.8,2009-03-12,2009-10-28,13,13.7,16.1,abh_sebou_ismail.public.mesures_qualite_rivieres,paramètre détecté depuis une colonne explicite,forte
abh_sebou_ismail,public,mesures_qualite_rivieres,qualité,colonne_parametre,PTP,pt_famille,parametre_qualite,val_qual_riv,mg/L,48,48,0,0,0,13.0,29.8,2009-03-12,2009-10-28,13,13.7,16.1,abh_sebou_ismail.public.mesures_qualite_rivieres,paramètre détecté depuis une colonne explicite,forte
abh_sebou_ismail,public,mesures_qualite_rivieres,qualité,colonne_parametre,RS105,rs105,parametre_qualite,val_qual_riv,à confirmer,39,39,0,0,0,0.0,1988.0,1990-01-24,2009-10-22,0,1074,1110,abh_sebou_ismail.public.mesures_qualite_rivieres,paramètre détecté depuis une colonne explicite,forte
abh_sebou_ismail,public,mesures_qualite_rivieres,qualité,colonne_parametre,RS185,rs185,parametre_qualite,val_qual_riv,à confirmer,2,2,0,0,0,0.0,0.0,1994-07-06,1994-07-11,0,,,abh_sebou_ismail.public.mesures_qualite_rivieres,paramètre détecté depuis une colonne explicite,forte
abh_sebou_ismail,public,mesures_qualite_rivieres,qualité,colonne_parametre,S,s,parametre_qualite,val_qual_riv,mg/L,4,4,0,0,0,0.0,0.96,1990-02-14,1999-06-02,0,0.02,0.032,abh_sebou_ismail.public.mesures_qualite_rivieres,paramètre détecté depuis une colonne explicite,forte
abh_sebou_ismail,public,mesures_qualite_rivieres,qualité,colonne_parametre,S2,s2,parametre_qualite,val_qual_riv,mg/L,2,2,0,0,0,0.0,0.306,2005-07-28,2009-10-22,0,0.306,,abh_sebou_ismail.public.mesures_qualite_rivieres,paramètre détecté depuis une colonne explicite,forte
abh_sebou_ismail,public,mesures_qualite_rivieres,qualité,colonne_parametre,sat,sat,parametre_qualite,val_qual_riv,%,1074,1074,0,0,0,0.0,930.0,1988-09-20,2017-09-27,89.5,62.6,121,abh_sebou_ismail.public.mesures_qualite_rivieres,paramètre détecté depuis une colonne explicite,forte
abh_sebou_ismail,public,mesures_qualite_rivieres,qualité,colonne_parametre,Saveur,saveur,parametre_qualite,val_qual_riv,à confirmer,1,1,0,0,0,13.0,13.0,1994-05-17,1994-05-17,13,,,abh_sebou_ismail.public.mesures_qualite_rivieres,paramètre détecté depuis une colonne explicite,forte
abh_sebou_ismail,public,mesures_qualite_rivieres,qualité,colonne_parametre,Sb,sb,parametre_qualite,val_qual_riv,à confirmer,3,3,0,0,0,0.0,0.076,1994-07-06,2003-10-02,0,0.076,,abh_sebou_ismail.public.mesures_qualite_rivieres,paramètre détecté depuis une colonne explicite,forte
abh_sebou_ismail,public,mesures_qualite_rivieres,qualité,colonne_parametre,Se,se,parametre_qualite,val_qual_riv,à confirmer,434,434,0,0,0,0.0,50.03,1990-01-31,2024-11-15,0.011,30.5,0.0028,abh_sebou_ismail.public.mesures_qualite_rivieres,paramètre détecté depuis une colonne explicite,forte
abh_sebou_ismail,public,mesures_qualite_rivieres,qualité,colonne_parametre,SF,sf,parametre_qualite,val_qual_riv,g/L,1879,1879,0,0,0,0.0,100000000.0,1988-09-20,2024-11-28,1270,3400000,2,abh_sebou_ismail.public.mesures_qualite_rivieres,paramètre détecté depuis une colonne explicite,forte
abh_sebou_ismail,public,mesures_qualite_rivieres,qualité,colonne_parametre,SiO3,sio3,parametre_qualite,val_qual_riv,mg/L,150,150,0,0,0,0.0,27.85,1993-03-09,2003-11-20,0,0.57,0.62,abh_sebou_ismail.public.mesures_qualite_rivieres,paramètre détecté depuis une colonne explicite,forte
abh_sebou_ismail,public,mesures_qualite_rivieres,qualité,colonne_parametre,SO3,so3,parametre_qualite,val_qual_riv,à confirmer,3,3,0,0,0,0.0,0.54,1990-02-14,1994-07-11,0,0.54,,abh_sebou_ismail.public.mesures_qualite_rivieres,paramètre détecté depuis une colonne explicite,forte
abh_sebou_ismail,public,mesures_qualite_rivieres,qualité,colonne_parametre,SO4,so4,parametre_qualite,val_qual_riv,mg/L,1788,1788,0,0,0,0.0,17251.0,1988-10-05,2024-11-15,12.4,71,48.3,abh_sebou_ismail.public.mesures_qualite_rivieres,paramètre détecté depuis une colonne explicite,forte
abh_sebou_ismail,public,mesures_qualite_rivieres,qualité,colonne_parametre,T_Air,t_air,parametre_qualite,val_qual_riv,°C,1995,1995,0,0,0,4.0,250.0,1988-09-20,2024-11-28,37,33.9,21.7,abh_sebou_ismail.public.mesures_qualite_rivieres,paramètre détecté depuis une colonne explicite,forte
abh_sebou_ismail,public,mesures_qualite_rivieres,qualité,colonne_parametre,T_eau,t_eau,parametre_qualite,val_qual_riv,°C,1995,1995,0,0,0,0.0,84.6,1988-09-20,2024-11-28,33.9,21.7,20.9,abh_sebou_ismail.public.mesures_qualite_rivieres,paramètre détecté depuis une colonne explicite,forte
abh_sebou_ismail,public,mesures_qualite_rivieres,qualité,colonne_parametre,TA,ta,parametre_qualite,val_qual_riv,°F,1100,1100,0,0,0,0.0,2114.982,1994-05-24,2024-11-26,0.3,2,1.4,abh_sebou_ismail.public.mesures_qualite_rivieres,paramètre détecté depuis une colonne explicite,forte
abh_sebou_ismail,public,mesures_qualite_rivieres,qualité,colonne_parametre,TAC,tac,parametre_qualite,val_qual_riv,mg/L CaCO₃,1103,1103,0,0,0,2.6,105105.5,1994-05-24,2024-11-26,40.4,56.8,7.3,abh_sebou_ismail.public.mesures_qualite_rivieres,paramètre détecté depuis une colonne explicite,forte
abh_sebou_ismail,public,mesures_qualite_rivieres,qualité,colonne_parametre,TH,th,parametre_qualite,val_qual_riv,°F,806,806,0,0,0,0.0,19105.9,1992-03-16,2024-11-20,48.3,29.00107,47.8,abh_sebou_ismail.public.mesures_qualite_rivieres,paramètre détecté depuis une colonne explicite,forte
abh_sebou_ismail,public,mesures_qualite_rivieres,qualité,colonne_parametre,Turbidite,turbidite,parametre_qualite,val_qual_riv,NTU,1822,1822,0,0,0,0.5,158564.0,1988-10-06,2024-11-28,40.4,247,1270,abh_sebou_ismail.public.mesures_qualite_rivieres,paramètre détecté depuis une colonne explicite,forte
abh_sebou_ismail,public,mesures_qualite_rivieres,qualité,colonne_parametre,Vibrion_Cholerique,vibrion_cholerique,parametre_qualite,val_qual_riv,à confirmer,1,1,0,0,0,3400.0,3400.0,2009-10-22,2009-10-22,3400,,,abh_sebou_ismail.public.mesures_qualite_rivieres,paramètre détecté depuis une colonne explicite,forte
abh_sebou_ismail,public,mesures_qualite_rivieres,qualité,colonne_parametre,Zn,zn,parametre_qualite,val_qual_riv,à confirmer,233,233,0,0,0,0.0,60.0,1990-01-31,2024-11-15,0,0.003,0.005,abh_sebou_ismail.public.mesures_qualite_rivieres,paramètre détecté depuis une colonne explicite,forte
abh_sebou_ismail,public,nappes_abhs,référentiel,colonne_large,superficie_km2,superficie_km2,,superficie_km2,km2,17,17,0,0,0,25.36574846088,4075.9107159881,,,57.69991260038,3236.13000929105,31.04676319505,abh_sebou_ismail.public.nappes_abhs,variable métier détectée depuis une table large,moyenne
abh_sebou_ismail,public,points_eau_abhs,référentiel,colonne_large,dist_pt_eau_foyer_pollut_m,pt_famille,,dist_pt_eau_foyer_pollut_m,m,46,28,18,0,0,2.0,1700.0,1940-01-01,2024-01-01,340,1700,800,abh_sebou_ismail.public.points_eau_abhs,variable métier détectée depuis une table large,moyenne
abh_sebou_ismail,public,points_eau_abhs,référentiel,colonne_large,profond_tot_m,profond_tot_m,,profond_tot_m,m,46,28,18,0,0,5.0,625.0,1940-01-01,2024-01-01,470,10,15,abh_sebou_ismail.public.points_eau_abhs,variable métier détectée depuis une table large,moyenne
abh_sebou_ismail,public,points_eau_abhs,référentiel,colonne_large,vol_preleve_m3_an,vol_preleve_m3_an,,vol_preleve_m3_an,m3/an,46,17,29,0,0,0.0,1271110.0,1940-01-01,2024-01-01,28041,500714,41012,abh_sebou_ismail.public.points_eau_abhs,variable métier détectée depuis une table large,moyenne
abh_sebou_ismail,public,points_eau_abhs,référentiel,colonne_large,niv_piezometrique_m,niv_piezometrique_m,,niv_piezometrique_m,m,46,22,24,0,0,2.0,110.0,1940-01-01,2024-01-01,80,11.8,8,abh_sebou_ismail.public.points_eau_abhs,variable métier détectée depuis une table large,moyenne
abh_sebou_ismail,public,rejets_domestiques_abhs,pollution,colonne_large,dimension,dimension,,dimension,à confirmer,362,197,165,0,0,100.0,2000.0,,,400,2000,500,abh_sebou_ismail.public.rejets_domestiques_abhs,variable métier détectée depuis une table large,moyenne
abh_sebou_ismail,public,rejets_domestiques_abhs,pollution,colonne_large,debit_l_s,debit,,debit_l_s,L/s,362,207,155,0,0,0.0,nan,,,12,10,7,abh_sebou_ismail.public.rejets_domestiques_abhs,variable métier détectée depuis une table large,moyenne
abh_sebou_ismail,public,reseau_hydro_abhs,hydrologie,colonne_large,longueur_km,longueur_km,,longueur_km,km,28,28,0,0,0,6.028061935844722,471.40927379922306,,,41.19843662694767,50.237760900027446,103.6095934061964,abh_sebou_ismail.public.reseau_hydro_abhs,variable métier détectée depuis une table large,forte
abh_sebou_ismail,public,step_abhs,pollution,colonne_large,superficie_ha,superficie_ha,,superficie_ha,ha,41,25,16,0,0,0.7,37.0,,,0.945,10,7,abh_sebou_ismail.public.step_abhs,variable métier détectée depuis une table large,moyenne
abh_sebou_ismail,public,step_abhs,pollution,colonne_large,vol_eaux_us_trait_m3_an,vol_eaux_us_trait_m3_an,,vol_eaux_us_trait_m3_an,m3/an,41,27,14,0,0,2052.0,47450000.0,,,315000,1825000,816788,abh_sebou_ismail.public.step_abhs,variable métier détectée depuis une table large,moyenne
abh_sebou_ismail,public,step_abhs,pollution,colonne_large,cap_equiv_hab,cap_equiv_hab,,cap_equiv_hab,à confirmer,41,12,29,0,0,20.067,219000.0,,,4720,219000,37907,abh_sebou_ismail.public.step_abhs,variable métier détectée depuis une table large,moyenne
abh_sebou_ismail,public,suivi_qualite_brg_garde_hebdo,qualité,colonne_parametre,Aluminium(mg/l),aluminium,parametre_qualite,val_qual_brg_garde_hebdo,mg/l,182,22,160,0,0,0.01,0.2478,2023-01-03,2025-09-22,0.0406,0.0408,0.2087,abh_sebou_ismail.public.suivi_qualite_brg_garde_hebdo,paramètre détecté depuis une colonne explicite,forte
abh_sebou_ismail,public,suivi_qualite_brg_garde_hebdo,qualité,colonne_parametre,Arsenic(mg/l),arsenic,parametre_qualite,val_qual_brg_garde_hebdo,mg/l,182,22,160,0,0,0.005,0.005,2023-01-03,2025-09-22,0.005,,,abh_sebou_ismail.public.suivi_qualite_brg_garde_hebdo,paramètre détecté depuis une colonne explicite,forte
abh_sebou_ismail,public,suivi_qualite_brg_garde_hebdo,qualité,colonne_parametre,Beryllium(mg/l),beryllium,parametre_qualite,val_qual_brg_garde_hebdo,mg/l,182,22,160,0,0,0.005,0.005,2023-01-03,2025-09-22,0.005,,,abh_sebou_ismail.public.suivi_qualite_brg_garde_hebdo,paramètre détecté depuis une colonne explicite,forte
abh_sebou_ismail,public,suivi_qualite_brg_garde_hebdo,qualité,colonne_parametre,Bore(mg/l),bore,parametre_qualite,val_qual_brg_garde_hebdo,mg/l,182,22,160,0,0,0.058,0.157,2023-01-03,2025-09-22,0.06,0.066,0.079,abh_sebou_ismail.public.suivi_qualite_brg_garde_hebdo,paramètre détecté depuis une colonne explicite,forte
abh_sebou_ismail,public,suivi_qualite_brg_garde_hebdo,qualité,colonne_parametre,Cadmium(mg/l),cadmium,parametre_qualite,val_qual_brg_garde_hebdo,mg/l,182,22,160,0,0,0.0005,0.0005,2023-01-03,2025-09-22,0.0005,,,abh_sebou_ismail.public.suivi_qualite_brg_garde_hebdo,paramètre détecté depuis une colonne explicite,forte
abh_sebou_ismail,public,suivi_qualite_brg_garde_hebdo,qualité,colonne_parametre,CF(UFC/100mL),cf,parametre_qualite,val_qual_brg_garde_hebdo,UFC/100mL,182,88,94,0,0,0.0,110000.0,2023-01-03,2025-09-22,8,75,96,abh_sebou_ismail.public.suivi_qualite_brg_garde_hebdo,paramètre détecté depuis une colonne explicite,forte
abh_sebou_ismail,public,suivi_qualite_brg_garde_hebdo,qualité,colonne_parametre,Chl.A(µg/l),chla,parametre_qualite,val_qual_brg_garde_hebdo,µg/l,182,180,2,0,0,0.1,68.4,2023-01-03,2025-09-22,29.7,14.4,6.48,abh_sebou_ismail.public.suivi_qualite_brg_garde_hebdo,paramètre détecté depuis une colonne explicite,forte
abh_sebou_ismail,public,suivi_qualite_brg_garde_hebdo,qualité,colonne_parametre,Chrome(mg/l),chrome,parametre_qualite,val_qual_brg_garde_hebdo,mg/l,182,22,160,0,0,0.005,0.005,2023-01-03,2025-09-22,0.005,,,abh_sebou_ismail.public.suivi_qualite_brg_garde_hebdo,paramètre détecté depuis une colonne explicite,forte
abh_sebou_ismail,public,suivi_qualite_brg_garde_hebdo,qualité,colonne_parametre,Cl-(mg/l),cl,parametre_qualite,val_qual_brg_garde_hebdo,mg/l,182,92,90,0,0,123.0,634.0,2023-01-03,2025-09-22,133,123,224,abh_sebou_ismail.public.suivi_qualite_brg_garde_hebdo,paramètre détecté depuis une colonne explicite,forte
abh_sebou_ismail,public,suivi_qualite_brg_garde_hebdo,qualité,colonne_parametre,CN(mg/l),cn,parametre_qualite,val_qual_brg_garde_hebdo,mg/l,179,22,157,0,0,0.02,0.02,2023-01-03,2025-09-22,0.02,,,abh_sebou_ismail.public.suivi_qualite_brg_garde_hebdo,paramètre détecté depuis une colonne explicite,forte
abh_sebou_ismail,public,suivi_qualite_brg_garde_hebdo,qualité,colonne_parametre,Cobalt(mg/l)),cobalt,parametre_qualite,val_qual_brg_garde_hebdo,mg/l,182,22,160,0,0,0.005,0.005,2023-01-03,2025-09-22,0.005,,,abh_sebou_ismail.public.suivi_qualite_brg_garde_hebdo,paramètre détecté depuis une colonne explicite,forte
abh_sebou_ismail,public,suivi_qualite_brg_garde_hebdo,qualité,colonne_parametre,Conductivitéà20°C(µs/cm),conductivite,parametre_qualite,val_qual_brg_garde_hebdo,µs/cm,182,182,0,0,0,676.0,3160.0,2023-01-03,2025-09-22,877,1675,780,abh_sebou_ismail.public.suivi_qualite_brg_garde_hebdo,paramètre détecté depuis une colonne explicite,forte
abh_sebou_ismail,public,suivi_qualite_brg_garde_hebdo,qualité,colonne_parametre,Cuivre(mg/l),cuivre,parametre_qualite,val_qual_brg_garde_hebdo,mg/l,182,22,160,0,0,0.005,0.0217,2023-01-03,2025-09-22,0.0052,0.0122,0.0105,abh_sebou_ismail.public.suivi_qualite_brg_garde_hebdo,paramètre détecté depuis une colonne explicite,forte
abh_sebou_ismail,public,suivi_qualite_brg_garde_hebdo,qualité,colonne_parametre,DisquedeSecchi(m),disquedesecchi,parametre_qualite,val_qual_brg_garde_hebdo,à confirmer,182,91,91,0,0,0.01,1.2,2023-01-03,2025-09-22,0.6,0.3,0.45,abh_sebou_ismail.public.suivi_qualite_brg_garde_hebdo,paramètre détecté depuis une colonne explicite,forte
abh_sebou_ismail,public,suivi_qualite_brg_garde_hebdo,qualité,colonne_parametre,F-(mg/l),f,parametre_qualite,val_qual_brg_garde_hebdo,mg/l,181,22,159,0,0,0.168,0.564,2023-01-03,2025-09-22,0.347,0.305,0.178,abh_sebou_ismail.public.suivi_qualite_brg_garde_hebdo,paramètre détecté depuis une colonne explicite,forte
abh_sebou_ismail,public,suivi_qualite_brg_garde_hebdo,qualité,colonne_parametre,Fer(mg/l),fer,parametre_qualite,val_qual_brg_garde_hebdo,mg/l,182,22,160,0,0,0.05,0.263,2023-01-03,2025-09-22,0.166,0.197,0.124,abh_sebou_ismail.public.suivi_qualite_brg_garde_hebdo,paramètre détecté depuis une colonne explicite,forte
abh_sebou_ismail,public,suivi_qualite_brg_garde_hebdo,qualité,colonne_parametre,Ferdissous(mg/l),ferdissous,parametre_qualite,val_qual_brg_garde_hebdo,mg/l,182,180,2,0,0,0.005,0.522,2023-01-03,2025-09-22,0.214,0.347,0.302,abh_sebou_ismail.public.suivi_qualite_brg_garde_hebdo,paramètre détecté depuis une colonne explicite,forte
abh_sebou_ismail,public,suivi_qualite_brg_garde_hebdo,qualité,colonne_parametre,Indicedephénol(mg/l),conductivite,parametre_qualite,val_qual_brg_garde_hebdo,mg/l,182,182,0,0,0,0.01,0.2,2023-01-03,2025-09-22,0.011,0.012,0.01,abh_sebou_ismail.public.suivi_qualite_brg_garde_hebdo,paramètre détecté depuis une colonne explicite,forte
abh_sebou_ismail,public,suivi_qualite_brg_garde_hebdo,qualité,colonne_parametre,IP(mgO2/l),ip,parametre_qualite,val_qual_brg_garde_hebdo,mgO2/l,182,88,94,0,0,0.80334728,3.49,2023-01-03,2025-09-22,2.22,1.448559671,1.666666667,abh_sebou_ismail.public.suivi_qualite_brg_garde_hebdo,paramètre détecté depuis une colonne explicite,forte
abh_sebou_ismail,public,suivi_qualite_brg_garde_hebdo,qualité,colonne_parametre,Litium(mg/l),litium,parametre_qualite,val_qual_brg_garde_hebdo,mg/l,182,22,160,0,0,0.0069,0.0643,2023-01-03,2025-09-22,0.032,0.0348,0.0286,abh_sebou_ismail.public.suivi_qualite_brg_garde_hebdo,paramètre détecté depuis une colonne explicite,forte
abh_sebou_ismail,public,suivi_qualite_brg_garde_hebdo,qualité,colonne_parametre,Manganèse(mg/l),manganese,parametre_qualite,val_qual_brg_garde_hebdo,mg/l,182,180,2,0,0,0.005,0.137,2023-01-03,2025-09-22,0.064,0.005,0.137,abh_sebou_ismail.public.suivi_qualite_brg_garde_hebdo,paramètre détecté depuis une colonne explicite,forte
abh_sebou_ismail,public,suivi_qualite_brg_garde_hebdo,qualité,colonne_parametre,Mercure(mg/l),mercure,parametre_qualite,val_qual_brg_garde_hebdo,mg/l,182,22,160,0,0,0.00025,0.564,2023-01-03,2025-09-22,0.00025,0.564,,abh_sebou_ismail.public.suivi_qualite_brg_garde_hebdo,paramètre détecté depuis une colonne explicite,forte
abh_sebou_ismail,public,suivi_qualite_brg_garde_hebdo,qualité,colonne_parametre,MEST(mg/l),mest,parametre_qualite,val_qual_brg_garde_hebdo,mg/l,182,182,0,0,0,6.8,47431.0,2023-01-03,2025-09-22,8.9,24.4,8.44,abh_sebou_ismail.public.suivi_qualite_brg_garde_hebdo,paramètre détecté depuis une colonne explicite,forte
abh_sebou_ismail,public,suivi_qualite_brg_garde_hebdo,qualité,colonne_parametre,Molybdène(mg/l),molybdene,parametre_qualite,val_qual_brg_garde_hebdo,mg/l,182,22,160,0,0,0.01,0.01,2023-01-03,2025-09-22,0.01,,,abh_sebou_ismail.public.suivi_qualite_brg_garde_hebdo,paramètre détecté depuis une colonne explicite,forte
abh_sebou_ismail,public,suivi_qualite_brg_garde_hebdo,qualité,colonne_parametre,NH4+(mgNH4+/l),nh4,parametre_qualite,val_qual_brg_garde_hebdo,mgNH4+/l,182,182,0,0,0,0.02,3.27,2023-01-03,2025-09-22,0.041,0.53,0.166,abh_sebou_ismail.public.suivi_qualite_brg_garde_hebdo,paramètre détecté depuis une colonne explicite,forte
abh_sebou_ismail,public,suivi_qualite_brg_garde_hebdo,qualité,colonne_parametre,Nickel(mg)/l,nickel_l,parametre_qualite,val_qual_brg_garde_hebdo,mg,182,22,160,0,0,0.01,0.01,2023-01-03,2025-09-22,0.01,,,abh_sebou_ismail.public.suivi_qualite_brg_garde_hebdo,paramètre détecté depuis une colonne explicite,forte
abh_sebou_ismail,public,suivi_qualite_brg_garde_hebdo,qualité,colonne_parametre,NO3-(mg/l),no3,parametre_qualite,val_qual_brg_garde_hebdo,mg/l,182,180,2,0,0,0.892,81.7,2023-01-03,2025-09-22,3.42,3.18,1.47,abh_sebou_ismail.public.suivi_qualite_brg_garde_hebdo,paramètre détecté depuis une colonne explicite,forte
abh_sebou_ismail,public,suivi_qualite_brg_garde_hebdo,qualité,colonne_parametre,O2dissous(mgd'O2/l),o2_dissous,parametre_qualite,val_qual_brg_garde_hebdo,mgd'O2/l,182,182,0,0,0,4.14,16.3,2023-01-03,2025-09-22,7.56,8.9,7.35,abh_sebou_ismail.public.suivi_qualite_brg_garde_hebdo,paramètre détecté depuis une colonne explicite,forte
abh_sebou_ismail,public,suivi_qualite_brg_garde_hebdo,qualité,colonne_parametre,pH,ph,parametre_qualite,val_qual_brg_garde_hebdo,pH,182,182,0,0,0,7.3,8.8,2023-01-03,2025-09-22,8.32,8.4,8.22,abh_sebou_ismail.public.suivi_qualite_brg_garde_hebdo,paramètre détecté depuis une colonne explicite,forte
abh_sebou_ismail,public,suivi_qualite_brg_garde_hebdo,qualité,colonne_parametre,Plomb(mg/l),plomb,parametre_qualite,val_qual_brg_garde_hebdo,mg/l,182,22,160,0,0,0.005,0.005,2023-01-03,2025-09-22,0.005,,,abh_sebou_ismail.public.suivi_qualite_brg_garde_hebdo,paramètre détecté depuis une colonne explicite,forte
abh_sebou_ismail,public,suivi_qualite_brg_garde_hebdo,qualité,colonne_parametre,PO43-(mgP/l),po4,parametre_qualite,val_qual_brg_garde_hebdo,mgP/l,182,182,0,0,0,0.02,0.32,2023-01-03,2025-09-22,0.022,0.032,0.028,abh_sebou_ismail.public.suivi_qualite_brg_garde_hebdo,paramètre détecté depuis une colonne explicite,forte
abh_sebou_ismail,public,suivi_qualite_brg_garde_hebdo,qualité,colonne_parametre,PT(mgP/l),pt_famille,parametre_qualite,val_qual_brg_garde_hebdo,mgP/l,182,178,4,0,0,0.05,0.691,2023-01-03,2025-09-22,0.166,0.06,0.071,abh_sebou_ismail.public.suivi_qualite_brg_garde_hebdo,paramètre détecté depuis une colonne explicite,forte
abh_sebou_ismail,public,suivi_qualite_brg_garde_hebdo,qualité,colonne_parametre,Sélénium(mg/l),selenium,parametre_qualite,val_qual_brg_garde_hebdo,mg/l,182,22,160,0,0,0.005,0.005,2023-01-03,2025-09-22,0.005,,,abh_sebou_ismail.public.suivi_qualite_brg_garde_hebdo,paramètre détecté depuis une colonne explicite,forte
abh_sebou_ismail,public,suivi_qualite_brg_garde_hebdo,qualité,colonne_parametre,SiO2(mg/l),sio2,parametre_qualite,val_qual_brg_garde_hebdo,mg/l,182,22,160,0,0,0.709,7.99,2023-01-03,2025-09-22,4.24,4.48,1.76,abh_sebou_ismail.public.suivi_qualite_brg_garde_hebdo,paramètre détecté depuis une colonne explicite,forte
abh_sebou_ismail,public,suivi_qualite_brg_garde_hebdo,qualité,colonne_parametre,SO4(mg/l),so4,parametre_qualite,val_qual_brg_garde_hebdo,mg/l,182,180,2,0,0,0.281,248.0,2023-01-03,2025-09-22,79.2,173,96.4,abh_sebou_ismail.public.suivi_qualite_brg_garde_hebdo,paramètre détecté depuis une colonne explicite,forte
abh_sebou_ismail,public,suivi_qualite_brg_garde_hebdo,qualité,colonne_parametre,T_air,t_air,parametre_qualite,val_qual_brg_garde_hebdo,à confirmer,182,182,0,0,0,9.0,42.0,2023-01-03,2025-09-22,13,28,19,abh_sebou_ismail.public.suivi_qualite_brg_garde_hebdo,paramètre détecté depuis une colonne explicite,forte
abh_sebou_ismail,public,suivi_qualite_brg_garde_hebdo,qualité,colonne_parametre,T_eau,t_eau,parametre_qualite,val_qual_brg_garde_hebdo,°C,182,182,0,0,0,12.6,31.5,2023-01-03,2025-09-22,21.4,23.6,24.5,abh_sebou_ismail.public.suivi_qualite_brg_garde_hebdo,paramètre détecté depuis une colonne explicite,forte
abh_sebou_ismail,public,suivi_qualite_brg_garde_hebdo,qualité,colonne_parametre,Vanadium(mg/l),vanadium,parametre_qualite,val_qual_brg_garde_hebdo,mg/l,182,22,160,0,0,0.005,0.01,2023-01-03,2025-09-22,0.01,0.005,,abh_sebou_ismail.public.suivi_qualite_brg_garde_hebdo,paramètre détecté depuis une colonne explicite,forte
abh_sebou_ismail,public,suivi_qualite_brg_garde_hebdo,qualité,colonne_parametre,Zinc(mg/l),zinc,parametre_qualite,val_qual_brg_garde_hebdo,mg/l,182,22,160,0,0,0.01,0.0211,2023-01-03,2025-09-22,0.0167,0.01,0.0211,abh_sebou_ismail.public.suivi_qualite_brg_garde_hebdo,paramètre détecté depuis une colonne explicite,forte
abh_sebou_ismail,public,suivi_qualite_sebou_jr,qualité,colonne_parametre,Ammonium,nh4,parametre_qualite,val_qual_sebou_jr,à confirmer,4572,4572,0,0,0,0.0,nan,2023-12-07,2026-01-06,40.4,4.32,36.432,abh_sebou_ismail.public.suivi_qualite_sebou_jr,paramètre détecté depuis une colonne explicite,forte
abh_sebou_ismail,public,suivi_qualite_sebou_jr,qualité,colonne_parametre,Conductivité,conductivite,parametre_qualite,val_qual_sebou_jr,à confirmer,4572,4572,0,0,0,0.0,nan,2023-12-07,2026-01-06,1593,877,2880,abh_sebou_ismail.public.suivi_qualite_sebou_jr,paramètre détecté depuis une colonne explicite,forte
abh_sebou_ismail,public,suivi_qualite_sebou_jr,qualité,colonne_parametre,DBO5,dbo5,parametre_qualite,val_qual_sebou_jr,mg O2/L,4572,4572,0,0,0,0.0,nan,2023-12-07,2026-01-06,4.32,6.279999999999999,6.07,abh_sebou_ismail.public.suivi_qualite_sebou_jr,paramètre détecté depuis une colonne explicite,forte
abh_sebou_ismail,public,suivi_qualite_sebou_jr,qualité,colonne_parametre,DCO,dco,parametre_qualite,val_qual_sebou_jr,mg O2/L,4572,4572,0,0,0,0.0,nan,2023-12-07,2026-01-06,121,76.4,69.1,abh_sebou_ismail.public.suivi_qualite_sebou_jr,paramètre détecté depuis une colonne explicite,forte
abh_sebou_ismail,public,suivi_qualite_sebou_jr,qualité,colonne_parametre,H_G,h_g,parametre_qualite,val_qual_sebou_jr,à confirmer,4572,4572,0,0,0,0.0,nan,2023-12-07,2026-01-06,0.5882352941162762,0.7647058823532488,0.549,abh_sebou_ismail.public.suivi_qualite_sebou_jr,paramètre détecté depuis une colonne explicite,forte
abh_sebou_ismail,public,suivi_qualite_sebou_jr,qualité,colonne_parametre,Nitrates,no3,parametre_qualite,val_qual_sebou_jr,à confirmer,4572,4572,0,0,0,0.0,nan,2023-12-07,2026-01-06,59.1,8.22,4.32,abh_sebou_ismail.public.suivi_qualite_sebou_jr,paramètre détecté depuis une colonne explicite,forte
abh_sebou_ismail,public,suivi_qualite_sebou_jr,qualité,colonne_parametre,NTK,ntk,parametre_qualite,val_qual_sebou_jr,à confirmer,4572,4572,0,0,0,0.0,nan,2023-12-07,2026-01-06,0.647,40.4,0.799,abh_sebou_ismail.public.suivi_qualite_sebou_jr,paramètre détecté depuis une colonne explicite,forte
abh_sebou_ismail,public,suivi_qualite_sebou_jr,qualité,colonne_parametre,O2_dissous,o2_dissous,parametre_qualite,val_qual_sebou_jr,à confirmer,4572,4572,0,0,0,0.0,nan,2023-12-07,2026-01-06,8.22,4.32,10.55,abh_sebou_ismail.public.suivi_qualite_sebou_jr,paramètre détecté depuis une colonne explicite,forte
abh_sebou_ismail,public,suivi_qualite_sebou_jr,qualité,colonne_parametre,pH,ph,parametre_qualite,val_qual_sebou_jr,pH,4572,4572,0,0,0,0.0,nan,2023-12-07,2026-01-06,7.81,8.95,7.56,abh_sebou_ismail.public.suivi_qualite_sebou_jr,paramètre détecté depuis une colonne explicite,forte
abh_sebou_ismail,public,suivi_qualite_sebou_jr,qualité,colonne_parametre,Phenol,ph,parametre_qualite,val_qual_sebou_jr,à confirmer,4572,4572,0,0,0,0.0,nan,2023-12-07,2026-01-06,0.011,0.024,0.015,abh_sebou_ismail.public.suivi_qualite_sebou_jr,paramètre détecté depuis une colonne explicite,forte
abh_sebou_ismail,public,suivi_qualite_sebou_jr,qualité,colonne_parametre,T_air,t_air,parametre_qualite,val_qual_sebou_jr,à confirmer,4572,4572,0,0,0,9.0,nan,2023-12-07,2026-01-06,28,26,15.8,abh_sebou_ismail.public.suivi_qualite_sebou_jr,paramètre détecté depuis une colonne explicite,forte
abh_sebou_ismail,public,suivi_qualite_sebou_jr,qualité,colonne_parametre,T_eau,t_eau,parametre_qualite,val_qual_sebou_jr,°C,4572,4572,0,0,0,0.0,nan,2023-12-07,2026-01-06,10.9,21.7,20.9,abh_sebou_ismail.public.suivi_qualite_sebou_jr,paramètre détecté depuis une colonne explicite,forte
abh_sebou_ismail,public,suivi_qualite_sebou_jr,qualité,colonne_parametre,Turbidité,turbidite,parametre_qualite,val_qual_sebou_jr,à confirmer,4572,4572,0,0,0,0.0,nan,2023-12-07,2026-01-06,247,121,69.1,abh_sebou_ismail.public.suivi_qualite_sebou_jr,paramètre détecté depuis une colonne explicite,forte
abh_sebou_ismail,public,types_mesures,qualité,colonne_parametre,Azote_Org,azote_org,parametre_qualite,,mg/L,1,0,0,0,0,,,,,,,,abh_sebou_ismail.public.types_mesures,dictionnaire local des types de mesure,moyenne
abh_sebou_ismail,public,types_mesures,qualité,colonne_parametre,Azote_tot_kjeld,ntk,parametre_qualite,,mg/L,1,0,0,0,0,,,,,,,,abh_sebou_ismail.public.types_mesures,dictionnaire local des types de mesure,moyenne
abh_sebou_ismail,public,types_mesures,qualité,colonne_parametre,Azote_tot_kjeldhal,ntk,parametre_qualite,,mg/L,1,0,0,0,0,,,,,,,,abh_sebou_ismail.public.types_mesures,dictionnaire local des types de mesure,moyenne
abh_sebou_ismail,public,types_mesures,qualité,colonne_parametre,Azote_Total,azote_total,parametre_qualite,,mg/L,1,0,0,0,0,,,,,,,,abh_sebou_ismail.public.types_mesures,dictionnaire local des types de mesure,moyenne
abh_sebou_ismail,public,types_mesures,qualité,colonne_parametre,Ca,ca,parametre_qualite,,mg/L,1,0,0,0,0,,,,,,,,abh_sebou_ismail.public.types_mesures,dictionnaire local des types de mesure,moyenne
abh_sebou_ismail,public,types_mesures,qualité,colonne_parametre,CF,cf,parametre_qualite,,UFC/100mL,1,0,0,0,0,,,,,,,,abh_sebou_ismail.public.types_mesures,dictionnaire local des types de mesure,moyenne
abh_sebou_ismail,public,types_mesures,qualité,colonne_parametre,Chla,chla,parametre_qualite,,µg/L,1,0,0,0,0,,,,,,,,abh_sebou_ismail.public.types_mesures,dictionnaire local des types de mesure,moyenne
abh_sebou_ismail,public,types_mesures,qualité,colonne_parametre,Cl,cl,parametre_qualite,,mg/L,1,0,0,0,0,,,,,,,,abh_sebou_ismail.public.types_mesures,dictionnaire local des types de mesure,moyenne
abh_sebou_ismail,public,types_mesures,qualité,colonne_parametre,CO3,co3,parametre_qualite,,mg/L,1,0,0,0,0,,,,,,,,abh_sebou_ismail.public.types_mesures,dictionnaire local des types de mesure,moyenne
abh_sebou_ismail,public,types_mesures,qualité,colonne_parametre,Conductivite,conductivite,parametre_qualite,,µS/cm,1,0,0,0,0,,,,,,,,abh_sebou_ismail.public.types_mesures,dictionnaire local des types de mesure,moyenne
abh_sebou_ismail,public,types_mesures,qualité,colonne_parametre,Couleur,couleur,parametre_qualite,,UCV,1,0,0,0,0,,,,,,,,abh_sebou_ismail.public.types_mesures,dictionnaire local des types de mesure,moyenne
abh_sebou_ismail,public,types_mesures,qualité,colonne_parametre,CT,ct,parametre_qualite,,mg/L,1,0,0,0,0,,,,,,,,abh_sebou_ismail.public.types_mesures,dictionnaire local des types de mesure,moyenne
abh_sebou_ismail,public,types_mesures,qualité,colonne_parametre,DBO5,dbo5,parametre_qualite,,mg O2/L,1,0,0,0,0,,,,,,,,abh_sebou_ismail.public.types_mesures,dictionnaire local des types de mesure,moyenne
abh_sebou_ismail,public,types_mesures,qualité,colonne_parametre,DCO,dco,parametre_qualite,,mg O2/L,1,0,0,0,0,,,,,,,,abh_sebou_ismail.public.types_mesures,dictionnaire local des types de mesure,moyenne
abh_sebou_ismail,public,types_mesures,qualité,colonne_parametre,DCO_dec2h,dco,parametre_qualite,,mg O2/L,1,0,0,0,0,,,,,,,,abh_sebou_ismail.public.types_mesures,dictionnaire local des types de mesure,moyenne
abh_sebou_ismail,public,types_mesures,qualité,colonne_parametre,Debit,debit,parametre_qualite,,m³/s,1,0,0,0,0,,,,,,,,abh_sebou_ismail.public.types_mesures,dictionnaire local des types de mesure,moyenne
abh_sebou_ismail,public,types_mesures,qualité,colonne_parametre,Detergent,detergent,parametre_qualite,,mg/L,1,0,0,0,0,,,,,,,,abh_sebou_ismail.public.types_mesures,dictionnaire local des types de mesure,moyenne
abh_sebou_ismail,public,types_mesures,qualité,colonne_parametre,Disque_secchi,disque_secchi,parametre_qualite,,m,1,0,0,0,0,,,,,,,,abh_sebou_ismail.public.types_mesures,dictionnaire local des types de mesure,moyenne
abh_sebou_ismail,public,types_mesures,qualité,colonne_parametre,Eh,eh,parametre_qualite,,mV,1,0,0,0,0,,,,,,,,abh_sebou_ismail.public.types_mesures,dictionnaire local des types de mesure,moyenne
abh_sebou_ismail,public,types_mesures,qualité,colonne_parametre,F_M_mes,f_m_mes,parametre_qualite,,mg/L,1,0,0,0,0,,,,,,,,abh_sebou_ismail.public.types_mesures,dictionnaire local des types de mesure,moyenne
abh_sebou_ismail,public,types_mesures,qualité,colonne_parametre,Fe,fe,parametre_qualite,,mg/L,1,0,0,0,0,,,,,,,,abh_sebou_ismail.public.types_mesures,dictionnaire local des types de mesure,moyenne
abh_sebou_ismail,public,types_mesures,qualité,colonne_parametre,FeT,fet,parametre_qualite,,mg/L,1,0,0,0,0,,,,,,,,abh_sebou_ismail.public.types_mesures,dictionnaire local des types de mesure,moyenne
abh_sebou_ismail,public,types_mesures,qualité,colonne_parametre,FM,fm,parametre_qualite,,à confirmer,1,0,0,0,0,,,,,,,,abh_sebou_ismail.public.types_mesures,dictionnaire local des types de mesure,moyenne
abh_sebou_ismail,public,types_mesures,qualité,colonne_parametre,HCO3-,hco3,parametre_qualite,,mg/L,1,0,0,0,0,,,,,,,,abh_sebou_ismail.public.types_mesures,dictionnaire local des types de mesure,moyenne
abh_sebou_ismail,public,types_mesures,qualité,colonne_parametre,HCT,ct,parametre_qualite,,à confirmer,1,0,0,0,0,,,,,,,,abh_sebou_ismail.public.types_mesures,dictionnaire local des types de mesure,moyenne
abh_sebou_ismail,public,types_mesures,qualité,colonne_parametre,IBD,ibd,parametre_qualite,,Indice,1,0,0,0,0,,,,,,,,abh_sebou_ismail.public.types_mesures,dictionnaire local des types de mesure,moyenne
abh_sebou_ismail,public,types_mesures,qualité,colonne_parametre,IBGN,ibgn,parametre_qualite,,Indice,1,0,0,0,0,,,,,,,,abh_sebou_ismail.public.types_mesures,dictionnaire local des types de mesure,moyenne
abh_sebou_ismail,public,types_mesures,qualité,colonne_parametre,K,k,parametre_qualite,,mg/L,1,0,0,0,0,,,,,,,,abh_sebou_ismail.public.types_mesures,dictionnaire local des types de mesure,moyenne
abh_sebou_ismail,public,types_mesures,qualité,colonne_parametre,Largeur,largeur,parametre_qualite,,m,1,0,0,0,0,,,,,,,,abh_sebou_ismail.public.types_mesures,dictionnaire local des types de mesure,moyenne
abh_sebou_ismail,public,types_mesures,qualité,colonne_parametre,MES,mes,parametre_qualite,,mg/L,1,0,0,0,0,,,,,,,,abh_sebou_ismail.public.types_mesures,dictionnaire local des types de mesure,moyenne
abh_sebou_ismail,public,types_mesures,qualité,colonne_parametre,Mg,mg,parametre_qualite,,mg/L,1,0,0,0,0,,,,,,,,abh_sebou_ismail.public.types_mesures,dictionnaire local des types de mesure,moyenne
abh_sebou_ismail,public,types_mesures,qualité,colonne_parametre,Mn,mn,parametre_qualite,,mg/L,1,0,0,0,0,,,,,,,,abh_sebou_ismail.public.types_mesures,dictionnaire local des types de mesure,moyenne
abh_sebou_ismail,public,types_mesures,qualité,colonne_parametre,MO,mo,parametre_qualite,,mg/L,1,0,0,0,0,,,,,,,,abh_sebou_ismail.public.types_mesures,dictionnaire local des types de mesure,moyenne
abh_sebou_ismail,public,types_mesures,qualité,colonne_parametre,NA,na,parametre_qualite,,à confirmer,1,0,0,0,0,,,,,,,,abh_sebou_ismail.public.types_mesures,dictionnaire local des types de mesure,moyenne
abh_sebou_ismail,public,types_mesures,qualité,colonne_parametre,NH4,nh4,parametre_qualite,,mg/L,1,0,0,0,0,,,,,,,,abh_sebou_ismail.public.types_mesures,dictionnaire local des types de mesure,moyenne
abh_sebou_ismail,public,types_mesures,qualité,colonne_parametre,NO2-,no2,parametre_qualite,,mg/L,1,0,0,0,0,,,,,,,,abh_sebou_ismail.public.types_mesures,dictionnaire local des types de mesure,moyenne
abh_sebou_ismail,public,types_mesures,qualité,colonne_parametre,NO3-,no3,parametre_qualite,,mg/L,1,0,0,0,0,,,,,,,,abh_sebou_ismail.public.types_mesures,dictionnaire local des types de mesure,moyenne
abh_sebou_ismail,public,types_mesures,qualité,colonne_parametre,O2_diss,o2_dissous,parametre_qualite,,mg O2/L,1,0,0,0,0,,,,,,,,abh_sebou_ismail.public.types_mesures,dictionnaire local des types de mesure,moyenne
abh_sebou_ismail,public,types_mesures,qualité,colonne_parametre,OH,oh,parametre_qualite,,mg/L,1,0,0,0,0,,,,,,,,abh_sebou_ismail.public.types_mesures,dictionnaire local des types de mesure,moyenne
abh_sebou_ismail,public,types_mesures,qualité,colonne_parametre,ph,ph,parametre_qualite,,pH,1,0,0,0,0,,,,,,,,abh_sebou_ismail.public.types_mesures,dictionnaire local des types de mesure,moyenne
abh_sebou_ismail,public,types_mesures,qualité,colonne_parametre,Phénol,ph,parametre_qualite,,mg/L,1,0,0,0,0,,,,,,,,abh_sebou_ismail.public.types_mesures,dictionnaire local des types de mesure,moyenne
abh_sebou_ismail,public,types_mesures,qualité,colonne_parametre,Pheopigment,ph,parametre_qualite,,µg/L,1,0,0,0,0,,,,,,,,abh_sebou_ismail.public.types_mesures,dictionnaire local des types de mesure,moyenne
abh_sebou_ismail,public,types_mesures,qualité,colonne_parametre,Phosphore_Total,pt_famille,parametre_qualite,,mg/L,1,0,0,0,0,,,,,,,,abh_sebou_ismail.public.types_mesures,dictionnaire local des types de mesure,moyenne
abh_sebou_ismail,public,types_mesures,qualité,colonne_parametre,PO4 3-,po4,parametre_qualite,,mg/L,1,0,0,0,0,,,,,,,,abh_sebou_ismail.public.types_mesures,dictionnaire local des types de mesure,moyenne
abh_sebou_ismail,public,types_mesures,qualité,colonne_parametre,Profondeur,profondeur,parametre_qualite,,m,1,0,0,0,0,,,,,,,,abh_sebou_ismail.public.types_mesures,dictionnaire local des types de mesure,moyenne
abh_sebou_ismail,public,types_mesures,qualité,colonne_parametre,PTD,pt_famille,parametre_qualite,,mg/L,1,0,0,0,0,,,,,,,,abh_sebou_ismail.public.types_mesures,dictionnaire local des types de mesure,moyenne
abh_sebou_ismail,public,types_mesures,qualité,colonne_parametre,PTP,pt_famille,parametre_qualite,,mg/L,1,0,0,0,0,,,,,,,,abh_sebou_ismail.public.types_mesures,dictionnaire local des types de mesure,moyenne
abh_sebou_ismail,public,types_mesures,qualité,colonne_parametre,RS105,rs105,parametre_qualite,,à confirmer,1,0,0,0,0,,,,,,,,abh_sebou_ismail.public.types_mesures,dictionnaire local des types de mesure,moyenne
abh_sebou_ismail,public,types_mesures,qualité,colonne_parametre,S,s,parametre_qualite,,mg/L,1,0,0,0,0,,,,,,,,abh_sebou_ismail.public.types_mesures,dictionnaire local des types de mesure,moyenne
abh_sebou_ismail,public,types_mesures,qualité,colonne_parametre,S2,s2,parametre_qualite,,mg/L,1,0,0,0,0,,,,,,,,abh_sebou_ismail.public.types_mesures,dictionnaire local des types de mesure,moyenne
abh_sebou_ismail,public,types_mesures,qualité,colonne_parametre,sat,sat,parametre_qualite,,%,1,0,0,0,0,,,,,,,,abh_sebou_ismail.public.types_mesures,dictionnaire local des types de mesure,moyenne
abh_sebou_ismail,public,types_mesures,qualité,colonne_parametre,SF,sf,parametre_qualite,,g/L,1,0,0,0,0,,,,,,,,abh_sebou_ismail.public.types_mesures,dictionnaire local des types de mesure,moyenne
abh_sebou_ismail,public,types_mesures,qualité,colonne_parametre,SiO3,sio3,parametre_qualite,,mg/L,1,0,0,0,0,,,,,,,,abh_sebou_ismail.public.types_mesures,dictionnaire local des types de mesure,moyenne
abh_sebou_ismail,public,types_mesures,qualité,colonne_parametre,SO4,so4,parametre_qualite,,mg/L,1,0,0,0,0,,,,,,,,abh_sebou_ismail.public.types_mesures,dictionnaire local des types de mesure,moyenne
abh_sebou_ismail,public,types_mesures,qualité,colonne_parametre,T_Air,t_air,parametre_qualite,,°C,1,0,0,0,0,,,,,,,,abh_sebou_ismail.public.types_mesures,dictionnaire local des types de mesure,moyenne
abh_sebou_ismail,public,types_mesures,qualité,colonne_parametre,T_eau,t_eau,parametre_qualite,,°C,1,0,0,0,0,,,,,,,,abh_sebou_ismail.public.types_mesures,dictionnaire local des types de mesure,moyenne
abh_sebou_ismail,public,types_mesures,qualité,colonne_parametre,TA,ta,parametre_qualite,,°F,1,0,0,0,0,,,,,,,,abh_sebou_ismail.public.types_mesures,dictionnaire local des types de mesure,moyenne
abh_sebou_ismail,public,types_mesures,qualité,colonne_parametre,TAC,tac,parametre_qualite,,mg/L CaCO₃,1,0,0,0,0,,,,,,,,abh_sebou_ismail.public.types_mesures,dictionnaire local des types de mesure,moyenne
abh_sebou_ismail,public,types_mesures,qualité,colonne_parametre,TH,th,parametre_qualite,,°F,1,0,0,0,0,,,,,,,,abh_sebou_ismail.public.types_mesures,dictionnaire local des types de mesure,moyenne
abh_sebou_ismail,public,types_mesures,qualité,colonne_parametre,Turbidite,turbidite,parametre_qualite,,NTU,1,0,0,0,0,,,,,,,,abh_sebou_ismail.public.types_mesures,dictionnaire local des types de mesure,moyenne
